title,stage,block,timecode,duration_seconds,text,prev_text,next_text,style_profile,frame_file,frame_difference_seconds,basis,evidence_confidence,source_meaning_confidence,scene_fit_confidence,speaker_confidence,korean_naturalness,hallucination_risk,model_change_probability,rule_risk,provenance_risk,timing_risk,continuity_risk,error_memory_similarity,nearest_prior_bad_text,nearest_prior_correction,nearest_prior_basis,final_risk,tier,recommended_action,flags,relative_risk_percentile,priority_score,review_band,priority_action
ABF-305,사진 대조 1차 교정본,1,"00:00:17,350 --> 00:00:24,150",6.8,"어서 오세요.
저희 회원제 데이트 클럽에 가입해 주셔서 감사합니다.",,"연예인, 그라비아 모델, 인플루언서 등
엄선한 일류 여성만 소개해 드립니다.",중립·혼합형,sub_0001_17.4s.jpg,0.05,,,25.0,90.0,50.0,78.0,75.0,0.76513,0.0,66.0,0.0,0.0,0.4407,시청해 주셔서 감사합니다.,[불명],,47.2,T3,화자·문맥·자연스러움 집중 검토,,93.48630643967432,66.64,P2,앞뒤 5블록·사진·오류 기억을 함께 검토
ABF-305,사진 대조 1차 교정본,2,"00:00:26,630 --> 00:00:32,530",5.9,"연예인, 그라비아 모델, 인플루언서 등
엄선한 일류 여성만 소개해 드립니다.","어서 오세요.
저희 회원제 데이트 클럽에 가입해 주셔서 감사합니다.","바로 여쭤볼게요.
어떤 스타일의 여성을 선호하시나요?",중립·혼합형,sub_0002_26.6s.jpg,0.03,,,25.0,90.0,50.0,78.0,75.0,0.63741,0.0,66.0,0.0,0.0,0.1837,잘 부탁드립니다.,좋은 아침입니다.,,41.83,T3,화자·문맥·자연스러움 집중 검토,,79.08956328645448,57.48,P3,말투·질문응답·가독성 위주 검토
ABF-305,사진 대조 1차 교정본,3,"00:00:34,370 --> 00:00:37,750",3.38,"바로 여쭤볼게요.
어떤 스타일의 여성을 선호하시나요?","연예인, 그라비아 모델, 인플루언서 등
엄선한 일류 여성만 소개해 드립니다.","희망은... 살집이 좀 있고, 너무 마르지만
않으면 좋겠네요.",존댓말형,sub_0003_34.4s.jpg,0.03,,,25.0,90.0,50.0,78.0,75.0,0.54122,0.0,66.0,0.0,18.0,0.1498,바로 즐길게요.,벌써 기대돼요.,사진 장면 확인 및 한국어 번역투·ASR 오역 교정,39.23,T3,화자·문맥·자연스러움 집중 검토,formality_shift,67.91265729089562,51.28,P3,말투·질문응답·가독성 위주 검토
ABF-305,사진 대조 1차 교정본,4,"00:00:39,610 --> 00:00:48,050",8.44,"희망은... 살집이 좀 있고, 너무 마르지만
않으면 좋겠네요.","바로 여쭤볼게요.
어떤 스타일의 여성을 선호하시나요?",알겠습니다. 오늘은 두 분을 추천해 드릴게요.,반말형,sub_0004_39.6s.jpg,0.01,,,25.0,90.0,50.0,78.0,75.0,0.60021,0.0,66.0,0.0,18.0,0.1851,가방에 코스프레 의상도 넣어 두면 좋겠네요.,칫솔도 챙겨 왔어요.,타임스탬프 사진과 앞뒤 장면으로 대사 기능 복원,41.71,T3,화자·문맥·자연스러움 집중 검토,formality_shift,78.60843819393043,57.21,P3,말투·질문응답·가독성 위주 검토
ABF-305,사진 대조 1차 교정본,5,"00:00:48,250 --> 00:01:10,040",21.79,알겠습니다. 오늘은 두 분을 추천해 드릴게요.,"희망은... 살집이 좀 있고, 너무 마르지만
않으면 좋겠네요.",그밖에 원하시는 조건이 더 있으신가요?,중립·혼합형,sub_0005_48.2s.jpg,0.05,,,25.0,90.0,50.0,78.0,75.0,0.77725,0.0,66.0,0.0,0.0,0.2941,정말 바로 시작이네요. 알겠습니다.,정말 바로 시작하네요. 알겠습니다.,한국어 어순 교정,47.7,T3,화자·문맥·자연스러움 집중 검토,,94.67061435973353,67.43,P2,앞뒤 5블록·사진·오류 기억을 함께 검토
ABF-305,사진 대조 1차 교정본,6,"00:01:10,500 --> 00:01:17,640",7.14,그밖에 원하시는 조건이 더 있으신가요?,알겠습니다. 오늘은 두 분을 추천해 드릴게요.,"말할 때 귀여운 느낌이거나
웃는 얼굴이 조금 어려 보이면 좋겠어요.",반응형,sub_0006_70.5s.jpg,0.0,,,25.0,90.0,50.0,78.0,75.0,0.70015,0.0,66.0,0.0,0.0,0.3236,나도 조건이 있어.,대신 조건이 하나 있어.,사진 장면 확인 및 한국어 번역투 교정,44.47,T3,화자·문맥·자연스러움 집중 검토,,87.12065136935603,62.38,P2,앞뒤 5블록·사진·오류 기억을 함께 검토
ABF-305,사진 대조 1차 교정본,7,"00:01:18,780 --> 00:01:29,280",10.5,"말할 때 귀여운 느낌이거나
웃는 얼굴이 조금 어려 보이면 좋겠어요.",그밖에 원하시는 조건이 더 있으신가요?,알겠습니다. 특히 추천드리는 분은 이분입니다.,중립·혼합형,sub_0007_78.8s.jpg,0.02,,,25.0,90.0,50.0,78.0,75.0,0.57267,0.0,66.0,0.0,0.0,0.1455,조금 쉬어요.,잠깐만요.,,39.11,T3,화자·문맥·자연스러움 집중 검토,,67.46854182087343,51.02,P3,말투·질문응답·가독성 위주 검토
ABF-305,사진 대조 1차 교정본,8,"00:01:29,340 --> 00:01:32,300",2.96,알겠습니다. 특히 추천드리는 분은 이분입니다.,"말할 때 귀여운 느낌이거나
웃는 얼굴이 조금 어려 보이면 좋겠어요.","아, 이분이군요.",존댓말형,sub_0008_89.3s.jpg,0.04,,,25.0,90.0,50.0,78.0,75.0,0.68639,0.0,66.0,0.0,0.0,0.2843,정말 바로 시작이네요. 알겠습니다.,정말 바로 시작하네요. 알겠습니다.,한국어 어순 교정,43.89,T3,화자·문맥·자연스러움 집중 검토,,84.8260547742413,61.08,P2,앞뒤 5블록·사진·오류 기억을 함께 검토
ABF-305,사진 대조 1차 교정본,9,"00:01:32,300 --> 00:01:41,420",9.12,"아, 이분이군요.",알겠습니다. 특히 추천드리는 분은 이분입니다.,"네, 이분으로 하겠습니다.",반응형,sub_0009_92.3s.jpg,0.0,,,25.0,90.0,50.0,78.0,75.0,0.35198,0.0,66.0,0.0,0.0,0.2589,"아, 아, 아, 아, 아, 아, 아,","아, 아, 아, 아, 아, 아, 아",,29.84,T4,구조검사 통과 시 유지,,28.71946706143597,29.37,P4,회귀검사 통과 시 유지
ABF-305,사진 대조 1차 교정본,10,"00:01:41,720 --> 00:01:43,300",1.58,"네, 이분으로 하겠습니다.","아, 이분이군요.","네, 알겠습니다.",반응형,sub_0010_101.7s.jpg,0.02,,,25.0,90.0,50.0,78.0,75.0,0.4547,0.0,66.0,0.0,0.0,0.5246,열심히 하겠습니다.,힘내 볼게요.,,34.16,T4,구조검사 통과 시 유지,,46.039970392301996,39.15,P4,회귀검사 통과 시 유지
ABF-305,사진 대조 1차 교정본,11,"00:01:43,500 --> 00:01:44,660",1.16,"네, 알겠습니다.","네, 이분으로 하겠습니다.",그럼 장소와 시간은 다시 연락드리겠습니다.,중립·혼합형,sub_0011_103.5s.jpg,0.0,,,25.0,90.0,50.0,78.0,75.0,0.37872,0.0,66.0,0.0,0.0,0.5276,정말 바로 시작이네요. 알겠습니다.,정말 바로 시작하네요. 알겠습니다.,한국어 어순 교정,30.97,T4,구조검사 통과 시 유지,,33.345669874167285,31.97,P4,회귀검사 통과 시 유지
ABF-305,사진 대조 1차 교정본,12,"00:01:46,220 --> 00:01:49,020",2.8,그럼 장소와 시간은 다시 연락드리겠습니다.,"네, 알겠습니다.",네.,존댓말형,sub_0012_106.2s.jpg,0.02,,,25.0,90.0,50.0,78.0,75.0,0.67212,0.0,66.0,0.0,18.0,0.249,그럼 들어가 보겠습니다.,그럼 이만 가 보겠습니다.,퇴장 장면에 맞는 표현 교정,44.73,T3,화자·문맥·자연스러움 집중 검토,formality_shift,87.8978534418949,62.86,P2,앞뒤 5블록·사진·오류 기억을 함께 검토
ABF-305,사진 대조 1차 교정본,13,"00:01:53,260 --> 00:01:54,100",0.84,네.,그럼 장소와 시간은 다시 연락드리겠습니다.,처음 뵙겠습니다.,반말형,sub_0013_113.3s.jpg,0.04,,,25.0,90.0,50.0,78.0,75.0,0.16381,10.16,66.0,0.0,35.0,0.7347,"네, 네.",네.,불필요한 반복 제거,26.57,T4,구조검사 통과 시 유지,formality_jump,18.65284974093264,23.24,P4,회귀검사 통과 시 유지
ABF-305,사진 대조 1차 교정본,14,"00:02:11,000 --> 00:02:12,520",1.52,처음 뵙겠습니다.,네.,앨리스라고 해요.,존댓말형,sub_0014_131.0s.jpg,0.0,,,25.0,90.0,50.0,78.0,75.0,0.36857,0.0,66.0,0.0,35.0,0.3375,가 보겠습니다.,그럼 가 볼게요.,대화체 자연화,33.34,T4,구조검사 통과 시 유지,formality_jump,43.153219837157664,37.46,P4,회귀검사 통과 시 유지
ABF-305,사진 대조 1차 교정본,15,"00:02:15,180 --> 00:02:16,240",1.06,앨리스라고 해요.,처음 뵙겠습니다.,정말 귀엽다.,반말형,sub_0015_135.2s.jpg,0.02,,,25.0,90.0,50.0,78.0,75.0,0.40694,0.0,66.0,0.0,18.0,0.2042,그런 장면도 꼭 봐 주셨으면 해요.,그 장면도 꼭 봐 주셨으면 해요.,사진 장면 확인 및 한국어 번역투·ASR 오역 교정,33.59,T4,구조검사 통과 시 유지,formality_shift,43.78238341968912,37.87,P4,회귀검사 통과 시 유지
ABF-305,사진 대조 1차 교정본,16,"00:02:16,940 --> 00:02:17,920",0.98,정말 귀엽다.,앨리스라고 해요.,사진으로 먼저 봤는데...,중립·혼합형,sub_0016_136.9s.jpg,0.04,,,25.0,90.0,50.0,78.0,75.0,0.42969,0.0,66.0,0.0,0.0,0.2889,정말 좋아.,거기 좋아.,타임스탬프 사진과 장면 흐름으로 명백한 오인식 교정,33.11,T4,구조검사 통과 시 유지,,42.079940784604,36.88,P4,회귀검사 통과 시 유지
ABF-305,사진 대조 1차 교정본,17,"00:02:18,320 --> 00:02:22,320",4.0,사진으로 먼저 봤는데...,정말 귀엽다.,"실제로 보니 대단하네요.
좀 부끄럽기도 하고.",반응형,sub_0017_138.3s.jpg,0.02,,,25.0,90.0,50.0,78.0,75.0,0.65083,0.0,66.0,0.0,0.0,0.2289,나는 집에 가려고 했는데...,나는 집에 가려고 했는데…,,42.4,T3,화자·문맥·자연스러움 집중 검토,,80.45891931902295,58.38,P2,앞뒤 5블록·사진·오류 기억을 함께 검토
ABF-305,사진 대조 1차 교정본,18,"00:02:26,220 --> 00:02:27,900",1.68,"실제로 보니 대단하네요.
좀 부끄럽기도 하고.",사진으로 먼저 봤는데...,진짜 9등신 아니에요?,반말형,sub_0018_146.2s.jpg,0.02,,,25.0,90.0,50.0,78.0,75.0,0.48573,0.0,66.0,0.0,0.0,0.521,대단하네요.,바다다!,일본어 원문 대조 + 자연스러운 한국어 대사 교정,35.46,T3,화자·문맥·자연스러움 집중 검토,,52.25758697261288,42.51,P3,말투·질문응답·가독성 위주 검토
ABF-305,사진 대조 1차 교정본,19,"00:02:28,080 --> 00:02:29,700",1.62,진짜 9등신 아니에요?,"실제로 보니 대단하네요.
좀 부끄럽기도 하고.",갈 곳?,반응형,sub_0019_148.1s.jpg,0.02,,,25.0,90.0,50.0,78.0,75.0,0.66573,0.0,66.0,0.0,0.0,0.2566,"손이 아니라, 손은 아니에요.",손 말고 혀로 해 주세요.,사진 장면 확인 및 한국어 번역투·ASR 오역 교정,43.02,T3,화자·문맥·자연스러움 집중 검토,,82.16136195410807,59.46,P2,앞뒤 5블록·사진·오류 기억을 함께 검토
ABF-305,사진 대조 1차 교정본,20,"00:02:34,900 --> 00:02:35,480",0.58,갈 곳?,진짜 9등신 아니에요?,응.,중립·혼합형,sub_0020_154.9s.jpg,0.0,,,25.0,90.0,50.0,78.0,75.0,0.29371,0.0,66.0,0.0,0.0,0.2267,갈 것 같아.,진짜 갈 것 같아.,일본어 원문 대조 + 자연스러운 한국어 대사 교정,27.4,T4,구조검사 통과 시 유지,,20.947446336047374,24.69,P4,회귀검사 통과 시 유지
ABF-305,사진 대조 1차 교정본,21,"00:02:35,920 --> 00:02:36,060",0.14,응.,갈 곳?,"가자고 말은 했는데
이렇게 같이 걷고 있으니 실감이 안 나네.",반응형,sub_0021_155.9s.jpg,0.02,,,25.0,90.0,50.0,78.0,75.0,0.03492,0.0,66.0,0.0,0.0,0.4149,"하-, 응.",하아… 응.,,16.53,T4,구조검사 통과 시 유지,,0.7401924500370096,9.9,P4,회귀검사 통과 시 유지
ABF-305,사진 대조 1차 교정본,22,"00:02:36,920 --> 00:02:41,680",4.76,"가자고 말은 했는데
이렇게 같이 걷고 있으니 실감이 안 나네.",응.,"와, 진짜 가깝다.",반말형,sub_0022_156.9s.jpg,0.02,,,25.0,90.0,50.0,78.0,75.0,0.55485,0.0,66.0,0.0,0.0,0.1679,같이 좀 가요.,그럼 같이 가요.,일본어 원문 대조 + 자연스러운 한국어 대사 교정,38.36,T3,화자·문맥·자연스러움 집중 검토,,63.91561806069578,49.09,P3,말투·질문응답·가독성 위주 검토
ABF-305,사진 대조 1차 교정본,23,"00:02:41,680 --> 00:02:43,760",2.08,"와, 진짜 가깝다.","가자고 말은 했는데
이렇게 같이 걷고 있으니 실감이 안 나네.",에헤헤.,중립·혼합형,sub_0023_161.7s.jpg,0.02,,,25.0,90.0,50.0,78.0,75.0,0.47854,0.0,66.0,0.0,0.0,0.2297,"와, 짱이다.","와, 아담하다.",일본어 원문 + 타임스탬프 사진 + 장면 연속성,35.16,T3,화자·문맥·자연스러움 집중 검토,,50.51813471502591,41.61,P3,말투·질문응답·가독성 위주 검토
ABF-305,사진 대조 1차 교정본,24,"00:02:43,760 --> 00:02:44,080",0.32,에헤헤.,"와, 진짜 가깝다.",길거리 음식 먹기.,중립·혼합형,sub_0024_163.8s.jpg,0.04,,,25.0,90.0,50.0,78.0,75.0,0.30253,0.0,66.0,0.0,0.0,0.2149,헤헤...,헤헤…,,27.77,T4,구조검사 통과 시 유지,,22.427831236121392,25.53,P4,회귀검사 통과 시 유지
ABF-305,사진 대조 1차 교정본,25,"00:02:47,180 --> 00:02:48,120",0.94,길거리 음식 먹기.,에헤헤.,그걸 메인으로 가자.,중립·혼합형,sub_0025_167.2s.jpg,0.02,,,25.0,90.0,50.0,78.0,75.0,0.57349,0.0,66.0,0.0,0.0,0.21,음식 말하는 거 아니야~.,음식 말하는 거 아니야…,,39.15,T3,화자·문맥·자연스러움 집중 검토,,67.65358993338268,51.12,P3,말투·질문응답·가독성 위주 검토
ABF-305,사진 대조 1차 교정본,26,"00:02:49,760 --> 00:02:50,880",1.12,그걸 메인으로 가자.,길거리 음식 먹기.,기대해 줬구나.,반응형,sub_0026_169.8s.jpg,0.04,,,25.0,90.0,50.0,78.0,75.0,0.58139,0.0,66.0,0.0,0.0,0.2538,그걸 먹고…,뭐 좀 먹고…,일본어 원문 대조 + 자연스러운 한국어 대사 교정,39.48,T3,화자·문맥·자연스러움 집중 검토,,69.35603256846781,52.03,P3,말투·질문응답·가독성 위주 검토
ABF-305,사진 대조 1차 교정본,27,"00:02:51,260 --> 00:02:52,060",0.8,기대해 줬구나.,그걸 메인으로 가자.,역시 음식은 사람을 행복하게 하잖아.,반말형,sub_0027_171.3s.jpg,0.04,,,25.0,90.0,50.0,78.0,75.0,0.49692,0.0,66.0,0.0,0.0,0.1809,그렇구나.,손 정말 잘 쓰네.,일본어 원문 + 타임스탬프 사진 + 장면 연속성,35.93,T3,화자·문맥·자연스러움 집중 검토,,54.66321243523316,43.8,P3,말투·질문응답·가독성 위주 검토
ABF-305,사진 대조 1차 교정본,28,"00:02:52,060 --> 00:02:54,900",2.84,역시 음식은 사람을 행복하게 하잖아.,기대해 줬구나.,먹는 것도 정말 중요하잖아.,반응형,sub_0028_172.1s.jpg,0.04,,,25.0,90.0,50.0,78.0,75.0,0.81542,0.0,66.0,0.0,0.0,0.3009,그런 음식은 없어요.,싫어하는 음식은 딱히 없어요.,사진 장면 확인 및 한국어 번역투·ASR 오역 교정,49.31,T3,화자·문맥·자연스러움 집중 검토,,96.59511472982976,69.17,P2,앞뒤 5블록·사진·오류 기억을 함께 검토
ABF-305,사진 대조 1차 교정본,29,"00:02:55,480 --> 00:02:56,680",1.2,먹는 것도 정말 중요하잖아.,역시 음식은 사람을 행복하게 하잖아.,식생활 교육이라는 말도 있잖아.,반응형,sub_0029_175.5s.jpg,0.02,앞뒤 식생활 대화와 사진 문맥으로 복원,중간,38.0,90.0,50.0,78.0,62.0,0.74134,0.0,48.0,0.0,0.0,0.2402,정말 좋아.,거기 좋아.,타임스탬프 사진과 장면 흐름으로 명백한 오인식 교정,42.54,T3,화자·문맥·자연스러움 집중 검토,,80.82901554404145,58.62,P2,앞뒤 5블록·사진·오류 기억을 함께 검토
ABF-305,사진 대조 1차 교정본,30,"00:02:56,960 --> 00:02:58,560",1.6,식생활 교육이라는 말도 있잖아.,먹는 것도 정말 중요하잖아.,"아, 그래? 식생활 교육?",반응형,sub_0030_177.0s.jpg,0.04,,,25.0,90.0,50.0,78.0,75.0,0.72274,0.0,66.0,0.0,0.0,0.3579,서 있잖아.,완전히 서 있잖아.,일본어 원문 대조 + 자연스러운 한국어 대사 교정,45.42,T3,화자·문맥·자연스러움 집중 검토,,89.56328645447816,63.96,P2,앞뒤 5블록·사진·오류 기억을 함께 검토
ABF-305,사진 대조 1차 교정본,31,"00:02:58,560 --> 00:02:59,280",0.72,"아, 그래? 식생활 교육?",식생활 교육이라는 말도 있잖아.,"응, 맞아 맞아. 중요하지.",반응형,sub_0031_178.6s.jpg,0.04,,,25.0,90.0,50.0,78.0,75.0,0.59601,0.0,66.0,0.0,0.0,0.2939,"음-, 왜 그래?",음… 왜 그래?,,40.09,T3,화자·문맥·자연스러움 집중 검토,,72.02072538860104,53.5,P3,말투·질문응답·가독성 위주 검토
ABF-305,사진 대조 1차 교정본,32,"00:02:59,760 --> 00:03:01,060",1.3,"응, 맞아 맞아. 중요하지.","아, 그래? 식생활 교육?",근데 진짜 착한 애 같아.,반응형,sub_0032_179.8s.jpg,0.04,,,25.0,90.0,50.0,78.0,75.0,0.44289,0.0,66.0,0.0,0.0,0.147,"응, 더...","응, 더…",,33.66,T4,구조검사 통과 시 유지,,44.152479644707626,38.07,P4,회귀검사 통과 시 유지
ABF-305,사진 대조 1차 교정본,33,"00:03:01,180 --> 00:03:02,600",1.42,근데 진짜 착한 애 같아.,"응, 맞아 맞아. 중요하지.",착한 애예요~,반응형,sub_0033_181.2s.jpg,0.02,,,25.0,90.0,50.0,78.0,75.0,0.56379,0.0,66.0,0.0,0.0,0.338,갈 것 같아.,진짜 갈 것 같아.,일본어 원문 대조 + 자연스러운 한국어 대사 교정,38.74,T3,화자·문맥·자연스러움 집중 검토,,65.72908956328646,50.08,P3,말투·질문응답·가독성 위주 검토
ABF-305,사진 대조 1차 교정본,34,"00:03:03,800 --> 00:03:04,960",1.16,착한 애예요~,근데 진짜 착한 애 같아.,착한 애예요~,존댓말형,sub_0034_183.8s.jpg,0.0,,,25.0,90.0,50.0,78.0,75.0,0.33171,0.0,66.0,0.0,0.0,0.1512,'먹고 싶어'라고 하면 착한 시짱은 어떻게 해줄 거야?,'먹고 싶어'라고 하면 착한 시짱은 어떻게 해 줄 거야?,,28.99,T4,구조검사 통과 시 유지,,25.61065877128053,27.57,P4,회귀검사 통과 시 유지
ABF-305,사진 대조 1차 교정본,35,"00:03:07,260 --> 00:03:08,720",1.46,착한 애예요~,착한 애예요~,배고프다~~,존댓말형,sub_0035_187.3s.jpg,0.04,,,25.0,90.0,50.0,78.0,75.0,0.49228,0.0,66.0,0.0,0.0,0.1512,'먹고 싶어'라고 하면 착한 시짱은 어떻게 해줄 거야?,'먹고 싶어'라고 하면 착한 시짱은 어떻게 해 줄 거야?,,35.74,T3,화자·문맥·자연스러움 집중 검토,,53.70096225018505,43.28,P3,말투·질문응답·가독성 위주 검토
ABF-305,사진 대조 1차 교정본,36,"00:03:08,720 --> 00:03:10,420",1.7,배고프다~~,착한 애예요~,말차 몽블랑이래.,중립·혼합형,sub_0036_188.7s.jpg,0.02,,,25.0,90.0,50.0,78.0,75.0,0.39742,0.0,66.0,0.0,0.0,0.0441,아~ 기분 좋아~,아… 기분 좋아…,,31.75,T4,구조검사 통과 시 유지,,36.52849740932643,33.76,P4,회귀검사 통과 시 유지
ABF-305,사진 대조 1차 교정본,37,"00:03:10,900 --> 00:03:13,200",2.3,말차 몽블랑이래.,배고프다~~,"아~ 그래도 이것 봐, 이것 봐.",중립·혼합형,sub_0037_190.9s.jpg,0.0,,,25.0,90.0,50.0,78.0,75.0,0.6165,0.0,66.0,0.0,0.0,0.0898,"아, 그래.",간다.,화면 영문 자막 대조,40.95,T3,화자·문맥·자연스러움 집중 검토,,75.57364914877869,55.49,P3,말투·질문응답·가독성 위주 검토
ABF-305,사진 대조 1차 교정본,38,"00:03:13,880 --> 00:03:15,860",1.98,"아~ 그래도 이것 봐, 이것 봐.",말차 몽블랑이래.,완전 대박이네.,중립·혼합형,sub_0038_193.9s.jpg,0.02,,,25.0,90.0,50.0,78.0,75.0,0.77405,0.0,66.0,0.0,0.0,0.2455,그래도 계속 하고 싶어.,그래도 계속하고 싶어.,손상된 일본어 ASR + 타임스탬프 사진 + 앞뒤 문맥 추론,47.57,T3,화자·문맥·자연스러움 집중 검토,,94.44855662472243,67.26,P2,앞뒤 5블록·사진·오류 기억을 함께 검토
ABF-305,사진 대조 1차 교정본,39,"00:03:17,460 --> 00:03:18,540",1.08,완전 대박이네.,"아~ 그래도 이것 봐, 이것 봐.",왠지 짭짤한 것도.,반말형,sub_0039_197.5s.jpg,0.04,,,25.0,90.0,50.0,78.0,75.0,0.61418,0.0,66.0,0.0,0.0,0.2728,완전 초보.,입 벌려.,손상된 일본어 ASR + 타임스탬프 사진 + 앞뒤 문맥 추론,40.86,T3,화자·문맥·자연스러움 집중 검토,,75.09252405625463,55.24,P3,말투·질문응답·가독성 위주 검토
ABF-305,사진 대조 1차 교정본,40,"00:03:19,140 --> 00:03:20,720",1.58,왠지 짭짤한 것도.,완전 대박이네.,이거?,반말형,sub_0040_199.1s.jpg,0.04,,,25.0,90.0,50.0,78.0,75.0,0.61414,0.0,66.0,0.0,0.0,0.4798,어느 것도.,어때?,타임스탬프 사진과 앞뒤 장면으로 대사 기능 복원,40.85,T3,화자·문맥·자연스러움 집중 검토,,74.98149518874907,55.19,P3,말투·질문응답·가독성 위주 검토
ABF-305,사진 대조 1차 교정본,41,"00:03:21,000 --> 00:03:21,360",0.36,이거?,왠지 짭짤한 것도.,맛있겠네.,중립·혼합형,sub_0041_201.0s.jpg,0.0,,,25.0,90.0,50.0,78.0,75.0,0.27802,0.0,66.0,0.0,0.0,0.1964,어떻게 먹는 거?,어떤 식으로?,일본어 원문 대조 + 자연스러운 한국어 대사 교정,26.74,T4,구조검사 통과 시 유지,,18.874907475943743,23.44,P4,회귀검사 통과 시 유지
ABF-305,사진 대조 1차 교정본,42,"00:03:22,300 --> 00:03:23,400",1.1,맛있겠네.,이거?,"이거, 이거.",반말형,sub_0042_202.3s.jpg,0.0,,,25.0,90.0,50.0,78.0,75.0,0.24469,0.0,66.0,0.0,0.0,0.1882,자 버리겠네.,또 가 버리겠네.,사진 장면 확인 및 한국어 번역투·ASR 오역 교정,25.34,T4,구조검사 통과 시 유지,,14.951887490747595,20.98,P4,회귀검사 통과 시 유지
ABF-305,사진 대조 1차 교정본,43,"00:03:24,500 --> 00:03:24,680",0.18,"이거, 이거.",맛있겠네.,고기말이 주먹밥도?,중립·혼합형,sub_0043_204.5s.jpg,0.0,,,25.0,90.0,50.0,78.0,75.0,0.35733,0.0,66.0,70.0,0.0,0.6216,"이거, 이거, 이거, 그거, 이거, 그 정도, 그 정도...","이거, 이거, 이거, 그거, 이거, 그 정도, 그 정도…",,37.07,T3,화자·문맥·자연스러움 집중 검토,high_cps,59.067357512953365,46.31,P3,말투·질문응답·가독성 위주 검토
ABF-305,사진 대조 1차 교정본,44,"00:03:24,700 --> 00:03:25,920",1.22,고기말이 주먹밥도?,"이거, 이거.","우와, 대박.",중립·혼합형,sub_0044_204.7s.jpg,0.0,,,25.0,90.0,50.0,78.0,75.0,0.33073,0.0,66.0,0.0,0.0,0.0611,이걸 사고는 할 말이 없어.,이걸로는 할 말이 없네.,사진 장면 확인 및 한국어 번역투·ASR 오역 교정,28.95,T4,구조검사 통과 시 유지,,25.499629903774984,27.5,P4,회귀검사 통과 시 유지
ABF-305,사진 대조 1차 교정본,45,"00:03:26,680 --> 00:03:27,620",0.94,"우와, 대박.",고기말이 주먹밥도?,왠지 말이지~,중립·혼합형,sub_0045_206.7s.jpg,0.02,,,25.0,90.0,50.0,78.0,75.0,0.32903,0.0,66.0,0.0,0.0,0.4459,에~ 대박.,에… 대박.,,28.88,T4,구조검사 통과 시 유지,,25.055514433752773,27.27,P4,회귀검사 통과 시 유지
ABF-305,사진 대조 1차 교정본,46,"00:03:27,660 --> 00:03:28,140",0.48,왠지 말이지~,"우와, 대박.",전부 먹고 싶어.,반말형,sub_0046_207.7s.jpg,0.04,,,25.0,90.0,50.0,78.0,75.0,0.30038,0.0,66.0,0.0,0.0,0.2437,왠지 알겠어.,어떻게 알았어?,손상된 일본어 ASR + 타임스탬프 사진 + 앞뒤 문맥 추론,27.68,T4,구조검사 통과 시 유지,,21.909696521095483,25.26,P4,회귀검사 통과 시 유지
ABF-305,사진 대조 1차 교정본,47,"00:03:29,160 --> 00:03:29,980",0.82,전부 먹고 싶어.,왠지 말이지~,이거.,반응형,sub_0047_209.2s.jpg,0.04,,,25.0,90.0,50.0,78.0,75.0,0.57169,0.0,66.0,0.0,0.0,0.442,넣고 싶어.,빨리 넣고 싶어.,일본어 원문 대조 + 자연스러운 한국어 대사 교정,39.07,T3,화자·문맥·자연스러움 집중 검토,,67.28349370836418,50.92,P3,말투·질문응답·가독성 위주 검토
ABF-305,사진 대조 1차 교정본,48,"00:03:31,300 --> 00:03:31,720",0.42,이거.,전부 먹고 싶어.,아사쿠사 멘치 크로켓.,중립·혼합형,sub_0048_211.3s.jpg,0.0,,,25.0,90.0,50.0,78.0,75.0,0.27872,19.15,66.0,0.0,0.0,0.8096,"네, 이거.","네, 해 볼게요.",사진 장면 확인 및 한국어 번역투·ASR 오역 교정,30.21,T4,구조검사 통과 시 유지,,30.421909696521094,30.3,P4,회귀검사 통과 시 유지
ABF-305,사진 대조 1차 교정본,49,"00:03:32,700 --> 00:03:34,020",1.32,아사쿠사 멘치 크로켓.,이거.,어라~,반응형,sub_0049_212.7s.jpg,0.0,,,25.0,90.0,50.0,78.0,75.0,0.59775,0.0,66.0,0.0,0.0,0.0484,패치 있어.,괜찮아.,일본어 원문 대조 + 자연스러운 한국어 대사 교정,40.17,T3,화자·문맥·자연스러움 집중 검토,,72.16876387860843,53.61,P3,말투·질문응답·가독성 위주 검토
ABF-305,사진 대조 1차 교정본,50,"00:03:34,320 --> 00:03:34,520",0.2,어라~,아사쿠사 멘치 크로켓.,역시 이게 좋아.,반응형,sub_0050_214.3s.jpg,0.02,,,25.0,90.0,50.0,78.0,75.0,0.21059,0.0,66.0,0.0,0.0,0.1265,어라... 아...,어라… 아…,,23.9,T4,구조검사 통과 시 유지,,11.398963730569948,18.65,P4,회귀검사 통과 시 유지
ABF-305,사진 대조 1차 교정본,51,"00:03:35,420 --> 00:03:36,220",0.8,역시 이게 좋아.,어라~,그럼 두 개 갈까?,반응형,sub_0051_215.4s.jpg,0.02,,,25.0,90.0,50.0,78.0,75.0,0.4181,18.36,66.0,0.0,0.0,0.803,이게 좋아.,이렇게 하는 게 좋아.,손상된 일본어 ASR + 타임스탬프 사진 + 앞뒤 문맥 추론,35.93,T3,화자·문맥·자연스러움 집중 검토,,54.66321243523316,43.8,P3,말투·질문응답·가독성 위주 검토
ABF-305,사진 대조 1차 교정본,52,"00:03:36,840 --> 00:03:37,680",0.84,그럼 두 개 갈까?,역시 이게 좋아.,그럼 이건 지파이로 할까?,중립·혼합형,sub_0052_216.8s.jpg,0.04,,,25.0,90.0,50.0,78.0,75.0,0.55218,0.0,66.0,0.0,0.0,0.2253,- 땀도 흘렸으니 슬슬 샤워하러 갈까? - 좋은 냄새 나는데? - 정수리 냄새 맡지 마. - 그럼 샤워하러 가자.,- 땀도 흘렸으니 슬슬 샤워하러 갈까? - 응. 정수리 냄새는 맡지 마.,4줄 대화를 2줄로 재배치,38.25,T3,화자·문맥·자연스러움 집중 검토,,63.39748334566987,48.81,P3,말투·질문응답·가독성 위주 검토
ABF-305,사진 대조 1차 교정본,53,"00:03:40,140 --> 00:03:41,380",1.24,그럼 이건 지파이로 할까?,그럼 두 개 갈까?,지파이?,반말형,sub_0053_220.1s.jpg,0.04,,,25.0,90.0,50.0,78.0,75.0,0.69898,0.0,66.0,0.0,0.0,0.4502,뭐 할까?,내가 먼저?,일본어 원문 + 타임스탬프 사진 + 장면 연속성,44.42,T3,화자·문맥·자연스러움 집중 검토,,86.82457438934122,62.23,P2,앞뒤 5블록·사진·오류 기억을 함께 검토
ABF-305,사진 대조 1차 교정본,54,"00:03:41,440 --> 00:03:41,780",0.34,지파이?,그럼 이건 지파이로 할까?,지파이로 하자.,반말형,sub_0054_221.4s.jpg,0.04,,,25.0,90.0,50.0,78.0,75.0,0.43406,0.0,66.0,0.0,0.0,0.1625,엉덩이?,"응, 엉덩이.",일본어 원문 대조 + 자연스러운 한국어 대사 교정,33.29,T4,구조검사 통과 시 유지,,42.93116210214656,37.34,P4,회귀검사 통과 시 유지
ABF-305,사진 대조 1차 교정본,55,"00:03:41,780 --> 00:03:42,340",0.56,지파이로 하자.,지파이?,응.,반말형,sub_0055_221.8s.jpg,0.02,,,25.0,90.0,50.0,78.0,75.0,0.51744,0.0,66.0,0.0,0.0,0.3101,한 번에 하자. 뭔가…,이제 자자. 불도 조금 어둡게 해 줘.,사진 장면 확인 및 한국어 번역투·ASR 오역 교정,36.79,T3,화자·문맥·자연스러움 집중 검토,,57.920059215396,45.66,P3,말투·질문응답·가독성 위주 검토
ABF-305,사진 대조 1차 교정본,56,"00:03:42,480 --> 00:03:42,520",0.04,응.,지파이로 하자.,나왔다!,반응형,sub_0056_222.5s.jpg,0.02,,,25.0,90.0,50.0,78.0,75.0,0.06658,0.0,66.0,70.0,0.0,0.4149,"하-, 응.",하아… 응.,,24.86,T4,구조검사 통과 시 유지,high_cps,13.76757957068838,20.2,P4,회귀검사 통과 시 유지
ABF-305,사진 대조 1차 교정본,57,"00:03:46,510 --> 00:03:47,030",0.52,나왔다!,응.,배가...,중립·혼합형,sub_0057_226.5s.jpg,0.01,,,25.0,90.0,50.0,78.0,75.0,0.15782,0.0,66.0,0.0,0.0,0.2024,억눌렀던 목소리가 새어 나왔다.,억눌렀던 신음이 새어 나왔다.,,21.69,T4,구조검사 통과 시 유지,,6.661732050333087,15.38,P4,회귀검사 통과 시 유지
ABF-305,사진 대조 1차 교정본,58,"00:03:48,630 --> 00:03:49,410",0.78,배가...,나왔다!,도착...,중립·혼합형,sub_0058_228.6s.jpg,0.03,,,25.0,90.0,50.0,78.0,75.0,0.28743,0.0,66.0,0.0,0.0,0.3291,뭔가...,뭔가…,,27.13,T4,구조검사 통과 시 유지,,20.207253886010363,24.22,P4,회귀검사 통과 시 유지
ABF-305,사진 대조 1차 교정본,59,"00:03:49,750 --> 00:03:51,190",1.44,도착...,배가...,우와... 꽤나 푸짐한 크기였습니다...,중립·혼합형,sub_0059_229.8s.jpg,0.05,,,25.0,90.0,50.0,78.0,75.0,0.20234,0.0,66.0,0.0,0.0,0.1076,아...,아…,,23.56,T4,구조검사 통과 시 유지,,10.73279052553664,18.17,P4,회귀검사 통과 시 유지
ABF-305,사진 대조 1차 교정본,60,"00:03:51,190 --> 00:03:52,930",1.74,우와... 꽤나 푸짐한 크기였습니다...,도착...,몬자...?,존댓말형,sub_0060_231.2s.jpg,0.01,,,25.0,90.0,50.0,78.0,75.0,0.57487,0.0,66.0,0.0,0.0,0.478,우와...,우와…,,39.2,T3,화자·문맥·자연스러움 집중 검토,,67.72760917838639,51.18,P3,말투·질문응답·가독성 위주 검토
ABF-305,사진 대조 1차 교정본,61,"00:03:52,930 --> 00:03:55,770",2.84,몬자...?,우와... 꽤나 푸짐한 크기였습니다...,크로켓.,중립·혼합형,sub_0061_232.9s.jpg,0.03,,,25.0,90.0,50.0,78.0,75.0,0.20816,0.0,66.0,0.0,0.0,0.3615,뭐야...?,뭐야…?,,23.8,T4,구조검사 통과 시 유지,,11.102886750555143,18.47,P4,회귀검사 통과 시 유지
ABF-305,사진 대조 1차 교정본,62,"00:03:55,770 --> 00:03:56,330",0.56,크로켓.,몬자...?,몬자 크로켓이네.,중립·혼합형,sub_0062_235.8s.jpg,0.03,,,25.0,90.0,50.0,78.0,75.0,0.31548,0.0,66.0,0.0,0.0,0.0687,크지.,야하지.,화면 영문 자막 대조,28.31,T4,구조검사 통과 시 유지,,23.612139156180607,26.34,P4,회귀검사 통과 시 유지
ABF-305,사진 대조 1차 교정본,63,"00:03:57,250 --> 00:03:58,570",1.32,몬자 크로켓이네.,크로켓.,"그리고 안에 들어가면 모찌 치즈, 명란...",반말형,sub_0063_237.2s.jpg,0.05,,,25.0,90.0,50.0,78.0,75.0,0.50015,0.0,66.0,0.0,0.0,0.1449,끝이네.,다 했어?,일본어 원문 대조 + 자연스러운 한국어 대사 교정,36.07,T3,화자·문맥·자연스러움 집중 검토,,55.10732790525537,44.07,P3,말투·질문응답·가독성 위주 검토
ABF-305,사진 대조 1차 교정본,64,"00:03:58,910 --> 00:04:02,350",3.44,"그리고 안에 들어가면 모찌 치즈, 명란...",몬자 크로켓이네.,"응, 모찌 치즈 명란, 몬자 크로켓.",중립·혼합형,sub_0064_238.9s.jpg,0.01,,,25.0,90.0,50.0,78.0,75.0,0.73084,0.0,66.0,0.0,0.0,0.2131,그리고 유두.,그리고 젖꼭지도.,,45.76,T3,화자·문맥·자연스러움 집중 검토,,90.22945965951146,64.44,P2,앞뒤 5블록·사진·오류 기억을 함께 검토
ABF-305,사진 대조 1차 교정본,65,"00:04:02,350 --> 00:04:05,270",2.92,"응, 모찌 치즈 명란, 몬자 크로켓.","그리고 안에 들어가면 모찌 치즈, 명란...",그렇네.,중립·혼합형,sub_0065_242.3s.jpg,0.05,,,25.0,90.0,50.0,78.0,75.0,0.72396,0.0,66.0,0.0,0.0,0.1272,"응, 더...","응, 더…",,45.47,T3,화자·문맥·자연스러움 집중 검토,,89.74833456698742,64.07,P2,앞뒤 5블록·사진·오류 기억을 함께 검토
ABF-305,사진 대조 1차 교정본,66,"00:04:05,430 --> 00:04:05,890",0.46,그렇네.,"응, 모찌 치즈 명란, 몬자 크로켓.",위에 얹어지는 타입이에요. 안에 말이죠.,반말형,sub_0066_245.4s.jpg,0.03,,,25.0,90.0,50.0,78.0,75.0,0.26215,0.0,66.0,0.0,0.0,0.1199,그렇구나.,손 정말 잘 쓰네.,일본어 원문 + 타임스탬프 사진 + 장면 연속성,26.07,T4,구조검사 통과 시 유지,,17.061435973353074,22.29,P4,회귀검사 통과 시 유지
ABF-305,사진 대조 1차 교정본,67,"00:04:06,530 --> 00:04:11,910",5.38,위에 얹어지는 타입이에요. 안에 말이죠.,그렇네.,뜨거워!,반응형,sub_0067_246.5s.jpg,0.03,,,25.0,90.0,50.0,78.0,75.0,0.77749,0.0,66.0,0.0,0.0,0.2133,매번 지금까지는 항상 계셨는데 말이죠.,지금까지는 만날 때마다 바로 해 버렸으니까요.,일본어 원문 대조 + 자연스러운 한국어 대사 교정,47.71,T3,화자·문맥·자연스러움 집중 검토,,94.74463360473723,67.46,P2,앞뒤 5블록·사진·오류 기억을 함께 검토
ABF-305,사진 대조 1차 교정본,68,"00:04:12,070 --> 00:04:15,790",3.72,뜨거워!,위에 얹어지는 타입이에요. 안에 말이죠.,맛있다!,중립·혼합형,sub_0068_252.1s.jpg,0.03,,,25.0,90.0,50.0,78.0,75.0,0.19274,0.0,66.0,0.0,0.0,0.3177,"아니, 뜨거워.",몸이 뜨거워.,손상된 일본어 ASR + 타임스탬프 사진 + 앞뒤 문맥 추론,23.16,T4,구조검사 통과 시 유지,,9.770540340488527,17.54,P4,회귀검사 통과 시 유지
ABF-305,사진 대조 1차 교정본,69,"00:04:20,750 --> 00:04:22,290",1.54,맛있다!,뜨거워!,쥬시해!,중립·혼합형,sub_0069_260.8s.jpg,0.05,,,25.0,90.0,50.0,78.0,75.0,0.18673,0.0,66.0,0.0,0.0,0.3683,맛있다.,바람 좋다.,일본어 원문 대조 + 자연스러운 한국어 대사 교정,22.9,T4,구조검사 통과 시 유지,,9.21539600296077,17.15,P4,회귀검사 통과 시 유지
ABF-305,사진 대조 1차 교정본,70,"00:04:24,910 --> 00:04:26,890",1.98,쥬시해!,맛있다!,이거 멘치카츠 아니에요?,반말형,sub_0070_264.9s.jpg,0.01,,,25.0,90.0,50.0,78.0,75.0,0.14018,0.0,66.0,0.0,0.0,0.1081,"하지메 군, 잘 부탁해!","하지메 군, 앞으로 잘 부탁해!",사진 장면 확인 및 한국어 번역투·ASR 오역 교정,20.95,T4,구조검사 통과 시 유지,,5.921539600296077,14.64,P4,회귀검사 통과 시 유지
ABF-305,사진 대조 1차 교정본,71,"00:04:28,390 --> 00:04:30,270",1.88,이거 멘치카츠 아니에요?,쥬시해!,멘치카츠다. 하지만 전혀 멘치 느낌이 없어.,반응형,sub_0071_268.4s.jpg,0.01,,,25.0,90.0,50.0,78.0,75.0,0.43787,0.0,66.0,0.0,0.0,0.2426,"손이 아니라, 손은 아니에요.",손 말고 혀로 해 주세요.,사진 장면 확인 및 한국어 번역투·ASR 오역 교정,33.45,T4,구조검사 통과 시 유지,,43.44929681717247,37.65,P4,회귀검사 통과 시 유지
ABF-305,사진 대조 1차 교정본,72,"00:04:30,990 --> 00:04:34,070",3.08,멘치카츠다. 하지만 전혀 멘치 느낌이 없어.,이거 멘치카츠 아니에요?,오히려 멘치라서 다행이다.,반말형,sub_0072_271.0s.jpg,0.01,,,25.0,90.0,50.0,78.0,79.0,0.7505,0.0,66.0,0.0,0.0,0.2421,끝이 없어.,끝도 없네.,사진 장면 확인 및 한국어 번역투·ASR 오역 교정,46.82,T3,화자·문맥·자연스러움 집중 검토,,92.8941524796447,66.17,P2,앞뒤 5블록·사진·오류 기억을 함께 검토
ABF-305,사진 대조 1차 교정본,73,"00:04:35,890 --> 00:04:36,990",1.1,오히려 멘치라서 다행이다.,멘치카츠다. 하지만 전혀 멘치 느낌이 없어.,역으로 말이지.,중립·혼합형,sub_0073_275.9s.jpg,0.01,,,25.0,90.0,50.0,78.0,75.0,0.38025,0.0,66.0,0.0,0.0,0.3597,다행이다!,환영해!,사진 장면 확인 및 한국어 번역투·ASR 오역 교정,31.03,T4,구조검사 통과 시 유지,,33.82679496669134,32.2,P4,회귀검사 통과 시 유지
ABF-305,사진 대조 1차 교정본,74,"00:04:37,290 --> 00:04:38,030",0.74,역으로 말이지.,오히려 멘치라서 다행이다.,역으로 말이지.,반응형,sub_0074_277.3s.jpg,0.01,,,25.0,90.0,50.0,78.0,75.0,0.23824,0.0,66.0,0.0,0.0,0.2548,"싫지 않은 거잖아, 흠뻑 젖어있는 게 보이는데 말이지.","싫지 않은 거잖아, 흠뻑 젖어 있는 게 보이는데 말이지.",,25.07,T4,구조검사 통과 시 유지,,14.285714285714285,20.54,P4,회귀검사 통과 시 유지
ABF-305,사진 대조 1차 교정본,75,"00:04:39,190 --> 00:04:39,770",0.58,역으로 말이지.,역으로 말이지.,"오, 뜨겁다고.",반응형,sub_0075_279.2s.jpg,0.01,,,25.0,90.0,50.0,78.0,75.0,0.47208,0.0,66.0,0.0,0.0,0.2548,"싫지 않은 거잖아, 흠뻑 젖어있는 게 보이는데 말이지.","싫지 않은 거잖아, 흠뻑 젖어 있는 게 보이는데 말이지.",,34.89,T4,구조검사 통과 시 유지,,49.370836417468546,40.97,P3,말투·질문응답·가독성 위주 검토
ABF-305,사진 대조 1차 교정본,76,"00:04:41,430 --> 00:04:43,470",2.04,"오, 뜨겁다고.",역으로 말이지.,"아니, 그렇게 안 뜨거워.",중립·혼합형,sub_0076_281.4s.jpg,0.03,,,25.0,90.0,50.0,78.0,75.0,0.46911,0.0,66.0,0.0,0.0,0.3291,"오, 오, 오...","오, 오, 오…",,34.76,T4,구조검사 통과 시 유지,,48.66765358993339,40.6,P3,말투·질문응답·가독성 위주 검토
ABF-305,사진 대조 1차 교정본,77,"00:04:47,230 --> 00:04:48,310",1.08,"아니, 그렇게 안 뜨거워.","오, 뜨겁다고.",조금 웃어봐. 웃어봐.,반응형,sub_0077_287.2s.jpg,0.03,,,25.0,90.0,50.0,78.0,75.0,0.7434,23.23,66.0,0.0,0.0,0.8436,"아니, 뜨거워.",몸이 뜨거워.,손상된 일본어 ASR + 타임스탬프 사진 + 앞뒤 문맥 추론,50.46,T3,화자·문맥·자연스러움 집중 검토,,97.74241302738712,70.32,P2,앞뒤 5블록·사진·오류 기억을 함께 검토
ABF-305,사진 대조 1차 교정본,78,"00:04:52,450 --> 00:04:55,410",2.96,조금 웃어봐. 웃어봐.,"아니, 그렇게 안 뜨거워.",정말이야!,반응형,sub_0078_292.4s.jpg,0.05,,,25.0,90.0,50.0,78.0,75.0,0.53961,0.0,66.0,0.0,0.0,0.2145,몸을 떨고 있어봐.,계속 떨고 있네.,,37.72,T3,화자·문맥·자연스러움 집중 검토,,61.732050333086605,47.81,P3,말투·질문응답·가독성 위주 검토
ABF-305,사진 대조 1차 교정본,79,"00:04:59,350 --> 00:05:00,070",0.72,정말이야!,조금 웃어봐. 웃어봐.,"아니, 웃고 있으면 다 드러나잖아.",반말형,sub_0079_299.4s.jpg,0.05,,,25.0,90.0,50.0,78.0,75.0,0.25685,0.0,66.0,0.0,0.0,0.1321,몇 개나 먹는 거야!,몇 개째야!,일본어 원문 대조 + 자연스러운 한국어 대사 교정,25.85,T4,구조검사 통과 시 유지,,16.395262768319764,21.88,P4,회귀검사 통과 시 유지
ABF-305,사진 대조 1차 교정본,80,"00:05:01,550 --> 00:05:03,550",2.0,"아니, 웃고 있으면 다 드러나잖아.",정말이야!,별로 없는데.,반응형,sub_0080_301.6s.jpg,0.05,,,25.0,90.0,50.0,78.0,75.0,0.78505,0.0,66.0,0.0,0.0,0.2023,"아니, 뜨거워.",몸이 뜨거워.,손상된 일본어 ASR + 타임스탬프 사진 + 앞뒤 문맥 추론,48.03,T3,화자·문맥·자연스러움 집중 검토,,94.89267209474464,67.71,P2,앞뒤 5블록·사진·오류 기억을 함께 검토
ABF-305,사진 대조 1차 교정본,81,"00:05:05,710 --> 00:05:06,450",0.74,별로 없는데.,"아니, 웃고 있으면 다 드러나잖아.",헤어지는 것도 깔끔하게.,중립·혼합형,sub_0081_305.7s.jpg,0.01,,,25.0,90.0,50.0,78.0,75.0,0.56106,0.0,66.0,0.0,0.0,0.2201,왠지 별로 사귄 적이 없어서…,많이 사귀어 본 편이 아니라서…,일본어 원문 대조 + 자연스러운 한국어 대사 교정,38.62,T3,화자·문맥·자연스러움 집중 검토,,65.09992598075499,49.74,P3,말투·질문응답·가독성 위주 검토
ABF-305,사진 대조 1차 교정본,82,"00:05:06,590 --> 00:05:07,330",0.74,헤어지는 것도 깔끔하게.,별로 없는데.,맛있어?,반응형,sub_0082_306.6s.jpg,0.01,,,25.0,90.0,50.0,78.0,75.0,0.58571,0.0,66.0,0.0,0.0,0.1245,빠는 것도 잘하는 편이지?,빠는 것도 잘하지?,일본어 원문 대조 + 자연스러운 한국어 대사 교정,39.66,T3,화자·문맥·자연스러움 집중 검토,,70.39230199851961,52.57,P3,말투·질문응답·가독성 위주 검토
ABF-305,사진 대조 1차 교정본,83,"00:05:13,330 --> 00:05:14,090",0.76,맛있어?,헤어지는 것도 깔끔하게.,맛있어.,반응형,sub_0083_313.3s.jpg,0.03,,,25.0,90.0,50.0,78.0,75.0,0.20814,0.0,66.0,0.0,0.0,0.3079,자고 있어?,땀나?,사진 장면 확인 및 한국어 번역투·ASR 오역 교정,23.8,T4,구조검사 통과 시 유지,,11.102886750555143,18.47,P4,회귀검사 통과 시 유지
ABF-305,사진 대조 1차 교정본,84,"00:05:14,550 --> 00:05:15,090",0.54,맛있어.,맛있어?,이제 내 거야.,반응형,sub_0084_314.6s.jpg,0.05,,,25.0,90.0,50.0,78.0,75.0,0.09545,0.0,66.0,0.0,0.0,0.6216,"음-, 맛있어.",음… 맛있어.,,19.07,T4,구조검사 통과 시 유지,,4.071058475203553,12.77,P4,회귀검사 통과 시 유지
ABF-305,사진 대조 1차 교정본,85,"00:05:16,050 --> 00:05:17,050",1.0,이제 내 거야.,맛있어.,왜? 좀 더 먹고 싶어.,반말형,sub_0085_316.1s.jpg,0.05,,,25.0,90.0,50.0,78.0,75.0,0.34246,0.0,66.0,0.0,0.0,0.4794,싫은 거야.,싫어?,일본어 원문 대조 + 자연스러운 한국어 대사 교정,29.44,T4,구조검사 통과 시 유지,,27.313101406365654,28.55,P4,회귀검사 통과 시 유지
ABF-305,사진 대조 1차 교정본,86,"00:05:18,130 --> 00:05:20,070",1.94,왜? 좀 더 먹고 싶어.,이제 내 거야.,대단하네. 혼자서 다 먹을,반응형,sub_0086_318.1s.jpg,0.03,,,25.0,90.0,50.0,78.0,75.0,0.54695,0.0,66.0,0.0,0.0,0.4184,넣고 싶어.,빨리 넣고 싶어.,일본어 원문 대조 + 자연스러운 한국어 대사 교정,38.03,T3,화자·문맥·자연스러움 집중 검토,,62.768319763138415,48.42,P3,말투·질문응답·가독성 위주 검토
ABF-305,사진 대조 1차 교정본,87,"00:05:24,350 --> 00:05:26,290",1.94,대단하네. 혼자서 다 먹을,왜? 좀 더 먹고 싶어.,생각이야?,반말형,sub_0087_324.4s.jpg,0.05,,,25.0,90.0,50.0,78.0,75.0,0.69594,0.0,66.0,0.0,0.0,0.6447,대단하네.,땀이 엄청나네.,손상된 일본어 ASR + 타임스탬프 사진 + 앞뒤 문맥 추론,44.29,T3,화자·문맥·자연스러움 집중 검토,,86.23242042931162,61.91,P2,앞뒤 5블록·사진·오류 기억을 함께 검토
ABF-305,사진 대조 1차 교정본,88,"00:05:26,870 --> 00:05:27,670",0.8,생각이야?,대단하네. 혼자서 다 먹을,좀 빨리.,반말형,sub_0088_326.9s.jpg,0.03,,,25.0,90.0,50.0,78.0,75.0,0.46841,0.0,66.0,0.0,0.0,0.2047,어느 쪽이야?,어디가 좋아?,손상된 일본어 ASR + 타임스탬프 사진 + 앞뒤 문맥 추론,34.73,T4,구조검사 통과 시 유지,,48.48260547742413,40.51,P3,말투·질문응답·가독성 위주 검토
ABF-305,사진 대조 1차 교정본,89,"00:05:28,530 --> 00:05:29,590",1.06,좀 빨리.,생각이야?,"먹고 싶어. 다른 한 사람도 먹고 있었는데
그렇게...",중립·혼합형,sub_0089_328.5s.jpg,0.03,,,25.0,90.0,50.0,78.0,75.0,0.46474,0.0,66.0,0.0,0.0,0.2164,빨리 핥아 봐.,빨리 핥아 줘.,화자 말투 자연화,34.58,T4,구조검사 통과 시 유지,,47.890451517394524,40.17,P3,말투·질문응답·가독성 위주 검토
ABF-305,사진 대조 1차 교정본,90,"00:05:30,770 --> 00:05:32,750",1.98,"먹고 싶어. 다른 한 사람도 먹고 있었는데
그렇게...",좀 빨리.,"네, 다른 한 사람도 먹게 해 주세요.",중립·혼합형,sub_0090_330.8s.jpg,0.03,,,25.0,90.0,50.0,78.0,75.0,0.62638,0.0,66.0,0.0,0.0,0.3857,이것도 그렇게...,이것도 그렇게…,,41.37,T3,화자·문맥·자연스러움 집중 검토,,77.16506291635825,56.4,P3,말투·질문응답·가독성 위주 검토
ABF-305,사진 대조 1차 교정본,91,"00:05:33,310 --> 00:05:34,950",1.64,"네, 다른 한 사람도 먹게 해 주세요.","먹고 싶어. 다른 한 사람도 먹고 있었는데
그렇게...",부탁합시다.,중립·혼합형,sub_0091_333.3s.jpg,0.01,,,25.0,90.0,50.0,78.0,75.0,0.74969,0.0,66.0,0.0,0.0,0.4074,"네, 조금 쉬어 주세요.","네, 잠깐만요.",,46.55,T3,화자·문맥·자연스러움 집중 검토,,92.19096965210954,65.72,P2,앞뒤 5블록·사진·오류 기억을 함께 검토
ABF-305,사진 대조 1차 교정본,92,"00:05:34,950 --> 00:05:35,310",0.36,부탁합시다.,"네, 다른 한 사람도 먹게 해 주세요.",맛있어!,중립·혼합형,sub_0092_334.9s.jpg,0.05,,,25.0,90.0,50.0,78.0,75.0,0.35586,0.0,66.0,25.0,0.0,0.1561,또 만납시다.,또 보자.,,32.51,T4,구조검사 통과 시 유지,borderline_cps,39.67431532198372,35.52,P4,회귀검사 통과 시 유지
ABF-305,사진 대조 1차 교정본,93,"00:05:36,550 --> 00:05:37,110",0.56,맛있어!,부탁합시다.,맛있어!,반응형,sub_0093_336.6s.jpg,0.05,,,25.0,90.0,50.0,78.0,75.0,0.11212,42.0,66.0,0.0,0.0,1.0,맛있어!,맛있다!,사진 장면 확인 및 한국어 번역투·ASR 오역 교정,27.33,T4,구조검사 통과 시 유지,,20.72538860103627,24.56,P4,회귀검사 통과 시 유지
ABF-305,사진 대조 1차 교정본,94,"00:05:38,310 --> 00:05:38,850",0.54,맛있어!,맛있어!,맛있어!,반응형,sub_0094_338.3s.jpg,0.01,,,25.0,90.0,50.0,78.0,75.0,0.1058,42.0,66.0,0.0,30.0,1.0,맛있어!,맛있다!,사진 장면 확인 및 한국어 번역투·ASR 오역 교정,29.46,T4,구조검사 통과 시 유지,triple_identical_run,27.461139896373055,28.62,P4,회귀검사 통과 시 유지
ABF-305,사진 대조 1차 교정본,95,"00:05:39,070 --> 00:05:39,450",0.38,맛있어!,맛있어!,맛있어!,반응형,sub_0095_339.1s.jpg,0.03,,,25.0,90.0,50.0,78.0,75.0,0.10801,42.0,66.0,0.0,30.0,1.0,맛있어!,맛있다!,사진 장면 확인 및 한국어 번역투·ASR 오역 교정,29.56,T4,구조검사 통과 시 유지,triple_identical_run,27.609178386380457,28.74,P4,회귀검사 통과 시 유지
ABF-305,사진 대조 1차 교정본,96,"00:05:43,010 --> 00:05:43,850",0.84,맛있어!,맛있어!,음~!,반응형,sub_0096_343.0s.jpg,0.01,,,25.0,90.0,50.0,78.0,75.0,0.13672,42.0,66.0,0.0,0.0,1.0,맛있어!,맛있다!,사진 장면 확인 및 한국어 번역투·ASR 오역 교정,28.36,T4,구조검사 통과 시 유지,,23.76017764618801,26.43,P4,회귀검사 통과 시 유지
ABF-305,사진 대조 1차 교정본,97,"00:06:01,720 --> 00:06:01,780",0.06,음~!,맛있어!,잠깐만.,중립·혼합형,sub_0097_361.7s.jpg,0.02,,,25.0,90.0,50.0,78.0,75.0,0.23564,0.0,66.0,70.0,0.0,0.1957,우와~!,우와…!,,31.96,T4,구조검사 통과 시 유지,high_cps,37.083641746854184,34.11,P4,회귀검사 통과 시 유지
ABF-305,사진 대조 1차 교정본,98,"00:06:02,400 --> 00:06:03,360",0.96,잠깐만.,음~!,너무 컸어.,반응형,sub_0098_362.4s.jpg,0.0,,,25.0,90.0,50.0,78.0,75.0,0.38486,11.04,66.0,0.0,0.0,0.742,하아… 잠깐만.,목욕물 받아 놓은 거지?,일본어 원문 + 타임스탬프 사진 + 장면 연속성,33.21,T4,구조검사 통과 시 유지,,42.635085122131755,37.17,P4,회귀검사 통과 시 유지
ABF-305,사진 대조 1차 교정본,99,"00:06:03,700 --> 00:06:04,540",0.84,너무 컸어.,잠깐만.,"두 개 마셨습니다, 비싸게.",반응형,sub_0099_363.7s.jpg,0.0,,,25.0,90.0,50.0,78.0,75.0,0.48009,0.0,66.0,0.0,0.0,0.2316,너무 많이 지워 버렸어.,엄청 젖어 버렸어.,사진 장면 확인 및 한국어 번역투·ASR 오역 교정,35.22,T3,화자·문맥·자연스러움 집중 검토,,50.81421169504071,41.77,P3,말투·질문응답·가독성 위주 검토
ABF-305,사진 대조 1차 교정본,100,"00:06:07,540 --> 00:06:09,560",2.02,"두 개 마셨습니다, 비싸게.",너무 컸어.,너무 컸어.,존댓말형,sub_0100_367.5s.jpg,0.04,,,25.0,90.0,50.0,78.0,75.0,0.63013,0.0,66.0,0.0,0.0,0.1354,수고하셨습니다.,[불명],,41.53,T3,화자·문맥·자연스러움 집중 검토,,78.09030347890452,56.89,P3,말투·질문응답·가독성 위주 검토
ABF-305,사진 대조 1차 교정본,101,"00:06:09,880 --> 00:06:10,720",0.84,너무 컸어.,"두 개 마셨습니다, 비싸게.","자, 먹읍시다.",반응형,sub_0101_369.9s.jpg,0.02,,,25.0,90.0,50.0,78.0,75.0,0.40742,0.0,66.0,0.0,0.0,0.2316,너무 많이 지워 버렸어.,엄청 젖어 버렸어.,사진 장면 확인 및 한국어 번역투·ASR 오역 교정,32.17,T4,구조검사 통과 시 유지,,38.082901554404145,34.65,P4,회귀검사 통과 시 유지
ABF-305,사진 대조 1차 교정본,102,"00:06:14,930 --> 00:06:19,410",4.48,"자, 먹읍시다.",너무 컸어.,잘 먹겠습니다.,중립·혼합형,sub_0102_374.9s.jpg,0.03,,,25.0,90.0,50.0,78.0,75.0,0.39402,0.0,66.0,0.0,0.0,0.1884,"자, 아~.","자, 아…",,31.61,T4,구조검사 통과 시 유지,,36.01036269430052,33.46,P4,회귀검사 통과 시 유지
ABF-305,사진 대조 1차 교정본,103,"00:06:20,670 --> 00:06:22,090",1.42,잘 먹겠습니다.,"자, 먹읍시다.",신난다.,존댓말형,sub_0103_380.7s.jpg,0.03,,,25.0,90.0,50.0,78.0,75.0,0.37895,0.0,66.0,0.0,0.0,0.3832,가 보겠습니다.,그럼 가 볼게요.,대화체 자연화,30.98,T4,구조검사 통과 시 유지,,33.45669874167284,32.02,P4,회귀검사 통과 시 유지
ABF-305,사진 대조 1차 교정본,104,"00:06:22,470 --> 00:06:23,390",0.92,신난다.,잘 먹겠습니다.,결국 둘 다 주문했네.,중립·혼합형,sub_0104_382.5s.jpg,0.03,,,25.0,90.0,50.0,78.0,75.0,0.26262,0.0,66.0,0.0,0.0,0.0595,신나 버렸어.,재미있어졌어.,일본어 원문 대조 + 자연스러운 한국어 대사 교정,26.09,T4,구조검사 통과 시 유지,,17.320503330866025,22.41,P4,회귀검사 통과 시 유지
ABF-305,사진 대조 1차 교정본,105,"00:06:25,390 --> 00:06:27,170",1.78,결국 둘 다 주문했네.,신난다.,그러게 말야~,반말형,sub_0105_385.4s.jpg,0.01,,,25.0,90.0,50.0,78.0,75.0,0.67757,0.0,66.0,0.0,0.0,0.1918,둘 다 감도가 좋네.,둘 다 잘 느끼네.,일본어 원문 대조 + 자연스러운 한국어 대사 교정,43.52,T3,화자·문맥·자연스러움 집중 검토,,83.8638045891932,60.46,P2,앞뒤 5블록·사진·오류 기억을 함께 검토
ABF-305,사진 대조 1차 교정본,106,"00:06:27,370 --> 00:06:28,810",1.44,그러게 말야~,결국 둘 다 주문했네.,화이팅하세요.,반말형,sub_0106_387.4s.jpg,0.03,,,25.0,90.0,50.0,78.0,75.0,0.52026,0.0,66.0,0.0,0.0,0.3112,그러게.,목욕하면서 이러는 거…,일본어 원문 + 타임스탬프 사진 + 장면 연속성,36.91,T3,화자·문맥·자연스러움 집중 검토,,58.32716506291635,45.91,P3,말투·질문응답·가독성 위주 검토
ABF-305,사진 대조 1차 교정본,107,"00:06:29,310 --> 00:06:30,310",1.0,화이팅하세요.,그러게 말야~,꽤 딱딱하네.,존댓말형,sub_0107_389.3s.jpg,0.01,,,25.0,90.0,50.0,78.0,75.0,0.3786,0.0,66.0,0.0,35.0,0.1582,"너희들, 그만하세요. 너희들.",둘이서 계속해.,사진 장면 확인 및 한국어 번역투·ASR 오역 교정,33.76,T4,구조검사 통과 시 유지,formality_jump,44.559585492227974,38.3,P4,회귀검사 통과 시 유지
ABF-305,사진 대조 1차 교정본,108,"00:06:43,480 --> 00:06:44,600",1.12,꽤 딱딱하네.,화이팅하세요.,약간 딱딱한 느낌이었어.,반말형,sub_0108_403.5s.jpg,0.02,,,25.0,90.0,50.0,78.0,75.0,0.4292,0.0,66.0,0.0,18.0,0.2565,유두가 딱딱하잖아.,젖꼭지도 딱딱해졌잖아.,,34.53,T4,구조검사 통과 시 유지,formality_shift,47.66839378238342,40.05,P3,말투·질문응답·가독성 위주 검토
ABF-305,사진 대조 1차 교정본,109,"00:06:47,310 --> 00:06:48,470",1.16,약간 딱딱한 느낌이었어.,꽤 딱딱하네.,지금은 놔두자.,반응형,sub_0109_407.3s.jpg,0.01,,,25.0,90.0,50.0,78.0,75.0,0.55624,0.0,66.0,0.0,0.0,0.1493,오늘은 이런 느낌이야.,오늘은 네가 하고 싶은 대로 해.,손상된 일본어 ASR + 타임스탬프 사진 + 앞뒤 문맥 추론,38.42,T3,화자·문맥·자연스러움 집중 검토,,64.32272390821613,49.3,P3,말투·질문응답·가독성 위주 검토
ABF-305,사진 대조 1차 교정본,110,"00:06:48,830 --> 00:06:49,530",0.7,지금은 놔두자.,약간 딱딱한 느낌이었어.,맛있다.,반말형,sub_0110_408.8s.jpg,0.03,,,25.0,90.0,50.0,78.0,75.0,0.4284,0.0,66.0,0.0,0.0,0.3031,조심해. 지금은 안 되니까.,조심해. 아직 내려가면 안 돼.,일본어 원문 대조 + 자연스러운 한국어 대사 교정,33.05,T4,구조검사 통과 시 유지,,41.783863804589195,36.72,P4,회귀검사 통과 시 유지
ABF-305,사진 대조 1차 교정본,111,"00:06:52,430 --> 00:06:52,890",0.46,맛있다.,지금은 놔두자.,맛있어.,중립·혼합형,sub_0111_412.4s.jpg,0.03,,,25.0,90.0,50.0,78.0,75.0,0.28379,42.0,66.0,0.0,0.0,1.0,맛있다.,바람 좋다.,일본어 원문 대조 + 자연스러운 한국어 대사 교정,34.54,T4,구조검사 통과 시 유지,,47.74241302738712,40.09,P3,말투·질문응답·가독성 위주 검토
ABF-305,사진 대조 1차 교정본,112,"00:07:02,180 --> 00:07:03,120",0.94,맛있어.,맛있다.,이거 먹고 싶어.,반응형,sub_0112_422.2s.jpg,0.02,,,25.0,90.0,50.0,78.0,75.0,0.16501,0.0,66.0,0.0,0.0,0.6216,"음-, 맛있어.",음… 맛있어.,,21.99,T4,구조검사 통과 시 유지,,7.142857142857142,15.75,P4,회귀검사 통과 시 유지
ABF-305,사진 대조 1차 교정본,113,"00:07:08,620 --> 00:07:09,860",1.24,이거 먹고 싶어.,맛있어.,"아, 맛있다.",반응형,sub_0113_428.6s.jpg,0.02,,,25.0,90.0,50.0,78.0,75.0,0.44177,0.0,66.0,0.0,0.0,0.4778,넣고 싶어.,빨리 넣고 싶어.,일본어 원문 대조 + 자연스러운 한국어 대사 교정,33.61,T4,구조검사 통과 시 유지,,43.96743153219837,37.96,P4,회귀검사 통과 시 유지
ABF-305,사진 대조 1차 교정본,114,"00:07:12,520 --> 00:07:18,680",6.16,"아, 맛있다.",이거 먹고 싶어.,완전 고구마네.,반응형,sub_0114_432.5s.jpg,0.02,,,25.0,90.0,50.0,78.0,75.0,0.41358,32.26,66.0,0.0,0.0,0.9188,맛있다.,바람 좋다.,일본어 원문 대조 + 자연스러운 한국어 대사 교정,38.24,T3,화자·문맥·자연스러움 집중 검토,,63.28645447816432,48.76,P3,말투·질문응답·가독성 위주 검토
ABF-305,사진 대조 1차 교정본,115,"00:07:21,380 --> 00:07:22,260",0.88,완전 고구마네.,"아, 맛있다.","진짜 고구마네, 완전.",반말형,sub_0115_441.4s.jpg,0.02,,,25.0,90.0,50.0,78.0,75.0,0.42663,0.0,66.0,0.0,0.0,0.2481,완전 초보.,입 벌려.,손상된 일본어 ASR + 타임스탬프 사진 + 앞뒤 문맥 추론,32.98,T4,구조검사 통과 시 유지,,41.45077720207254,36.54,P4,회귀검사 통과 시 유지
ABF-305,사진 대조 1차 교정본,116,"00:07:22,900 --> 00:07:23,880",0.98,"진짜 고구마네, 완전.",완전 고구마네.,"응, 맛있어.",반말형,sub_0116_442.9s.jpg,0.0,,,25.0,90.0,50.0,78.0,75.0,0.5622,0.0,66.0,0.0,0.0,0.1627,진짜 엄청 좋아...,진짜 엄청 좋아…,,38.67,T3,화자·문맥·자연스러움 집중 검토,,65.4700222057735,49.93,P3,말투·질문응답·가독성 위주 검토
ABF-305,사진 대조 1차 교정본,117,"00:07:23,880 --> 00:07:25,040",1.16,"응, 맛있어.","진짜 고구마네, 완전.",진짜 맛있다.,반응형,sub_0117_443.9s.jpg,0.02,,,25.0,90.0,50.0,78.0,75.0,0.47013,0.0,66.0,0.0,0.0,0.5227,"음-, 맛있어.",음… 맛있어.,,34.81,T4,구조검사 통과 시 유지,,49.00074019245004,40.77,P3,말투·질문응답·가독성 위주 검토
ABF-305,사진 대조 1차 교정본,118,"00:07:46,430 --> 00:07:47,770",1.34,진짜 맛있다.,"응, 맛있어.",커피다.,중립·혼합형,sub_0118_466.4s.jpg,0.03,,,25.0,90.0,50.0,78.0,75.0,0.43793,24.53,66.0,0.0,0.0,0.8544,맛있다.,바람 좋다.,일본어 원문 대조 + 자연스러운 한국어 대사 교정,37.87,T3,화자·문맥·자연스러움 집중 검토,,62.10214655810511,48.05,P3,말투·질문응답·가독성 위주 검토
ABF-305,사진 대조 1차 교정본,119,"00:07:48,050 --> 00:07:48,890",0.84,커피다.,진짜 맛있다.,맛있다.,중립·혼합형,sub_0119_468.1s.jpg,0.05,,,25.0,90.0,50.0,78.0,75.0,0.34596,0.0,66.0,0.0,0.0,0.0556,커요...,야해요…,화면 영문 자막·연속 장면 대조,29.59,T4,구조검사 통과 시 유지,,27.757216876387865,28.82,P4,회귀검사 통과 시 유지
ABF-305,사진 대조 1차 교정본,120,"00:07:49,230 --> 00:07:49,810",0.58,맛있다.,커피다.,"앗, 맛있어.",중립·혼합형,sub_0120_469.2s.jpg,0.03,,,25.0,90.0,50.0,78.0,75.0,0.28116,42.0,66.0,0.0,0.0,1.0,맛있다.,바람 좋다.,일본어 원문 대조 + 자연스러운 한국어 대사 교정,34.43,T4,구조검사 통과 시 유지,,46.89119170984456,39.66,P4,회귀검사 통과 시 유지
ABF-305,사진 대조 1차 교정본,121,"00:07:50,970 --> 00:07:52,170",1.2,"앗, 맛있어.",맛있다.,맛있습니다.,반응형,sub_0121_471.0s.jpg,0.03,,,25.0,90.0,50.0,78.0,75.0,0.38271,0.0,66.0,0.0,0.0,0.4651,"음-, 맛있어.",음… 맛있어.,,31.13,T4,구조검사 통과 시 유지,,34.159881569208,32.4,P4,회귀검사 통과 시 유지
ABF-305,사진 대조 1차 교정본,122,"00:07:59,820 --> 00:08:00,720",0.9,맛있습니다.,"앗, 맛있어.",맛있어. 맛있어.,존댓말형,sub_0122_479.8s.jpg,0.02,,,25.0,90.0,50.0,78.0,75.0,0.23859,42.0,66.0,0.0,0.0,1.0,맛있습니다.,맛있어.,,32.64,T4,구조검사 통과 시 유지,,40.34048852701703,35.87,P4,회귀검사 통과 시 유지
ABF-305,사진 대조 1차 교정본,123,"00:08:00,720 --> 00:08:02,000",1.28,맛있어. 맛있어.,맛있습니다.,맛있어. 엄청 매워.,반응형,sub_0123_480.7s.jpg,0.02,,,25.0,90.0,50.0,78.0,75.0,0.30678,0.0,66.0,0.0,0.0,0.6216,"음-, 맛있어.",음… 맛있어.,,27.94,T4,구조검사 통과 시 유지,,22.649888971132494,25.72,P4,회귀검사 통과 시 유지
ABF-305,사진 대조 1차 교정본,124,"00:08:11,100 --> 00:08:12,940",1.84,맛있어. 엄청 매워.,맛있어. 맛있어.,가까운데 말이죠.,반응형,sub_0124_491.1s.jpg,0.0,,,25.0,90.0,50.0,78.0,75.0,0.59223,0.0,66.0,0.0,0.0,0.3445,"음-, 맛있어.",음… 맛있어.,,39.93,T3,화자·문맥·자연스러움 집중 검토,,71.24352331606218,53.08,P3,말투·질문응답·가독성 위주 검토
ABF-305,사진 대조 1차 교정본,125,"00:08:13,280 --> 00:08:14,440",1.16,가까운데 말이죠.,맛있어. 엄청 매워.,가깝긴 한데.,중립·혼합형,sub_0125_493.3s.jpg,0.02,,,25.0,90.0,50.0,78.0,75.0,0.47284,0.0,66.0,0.0,0.0,0.3067,"호텔, 아, 참고로 말이죠. 네, 가 볼게요.","그럼 이제 호텔로 갈까요? 네, 가요.",사진 장면 확인 및 한국어 번역투·ASR 오역 교정,34.92,T4,구조검사 통과 시 유지,,49.592894152479644,41.08,P3,말투·질문응답·가독성 위주 검토
ABF-305,사진 대조 1차 교정본,126,"00:08:16,220 --> 00:08:17,380",1.16,가깝긴 한데.,가까운데 말이죠.,고구마 먹을래?,중립·혼합형,sub_0126_496.2s.jpg,0.02,,,25.0,90.0,50.0,78.0,75.0,0.4382,0.0,66.0,0.0,0.0,0.1623,좀 위험한데. 나 발기했어.,좀 위험한데. 나 완전히 섰어.,,33.46,T4,구조검사 통과 시 유지,,43.523316062176164,37.69,P4,회귀검사 통과 시 유지
ABF-305,사진 대조 1차 교정본,127,"00:08:20,800 --> 00:08:21,820",1.02,고구마 먹을래?,가깝긴 한데.,먹을래?,중립·혼합형,sub_0127_500.8s.jpg,0.0,,,25.0,90.0,50.0,78.0,75.0,0.40539,0.0,66.0,0.0,0.0,0.1448,더 보지 소리 들려주지 않을래?,더 좋은 소리 들려주지 않을래?,타임스탬프 사진과 장면 흐름으로 명백한 오인식 교정,32.09,T4,구조검사 통과 시 유지,,37.74981495188749,34.47,P4,회귀검사 통과 시 유지
ABF-305,사진 대조 1차 교정본,128,"00:08:22,120 --> 00:08:22,540",0.42,먹을래?,고구마 먹을래?,그쪽이 아니야.,중립·혼합형,sub_0128_502.1s.jpg,0.02,,,25.0,90.0,50.0,78.0,75.0,0.33309,0.0,66.0,0.0,0.0,0.1998,더 보지 소리 들려주지 않을래?,더 좋은 소리 들려주지 않을래?,타임스탬프 사진과 장면 흐름으로 명백한 오인식 교정,29.05,T4,구조검사 통과 시 유지,,25.75869726128793,27.67,P4,회귀검사 통과 시 유지
ABF-305,사진 대조 1차 교정본,129,"00:08:23,380 --> 00:08:25,020",1.64,그쪽이 아니야.,먹을래?,"아, 그쪽이네.",반응형,sub_0129_503.4s.jpg,0.02,,,25.0,90.0,50.0,78.0,75.0,0.43696,0.0,66.0,0.0,0.0,0.297,- 이제 무리야... - 무리 아니야. 조금만 더.,- 이제 무리야… - 무리 아니야. 조금만 더.,,33.41,T4,구조검사 통과 시 유지,,43.37527757216876,37.6,P4,회귀검사 통과 시 유지
ABF-305,사진 대조 1차 교정본,130,"00:08:25,020 --> 00:08:25,720",0.7,"아, 그쪽이네.",그쪽이 아니야.,이거 속까지 스며드네.,반응형,sub_0130_505.0s.jpg,0.02,,,25.0,90.0,50.0,78.0,75.0,0.49891,0.0,66.0,0.0,0.0,0.3099,"아, 아, 아, 아, 아, 아, 아,","아, 아, 아, 아, 아, 아, 아",,36.01,T3,화자·문맥·자연스러움 집중 검토,,54.84826054774241,43.92,P3,말투·질문응답·가독성 위주 검토
ABF-305,사진 대조 1차 교정본,131,"00:08:38,390 --> 00:08:40,290",1.9,이거 속까지 스며드네.,"아, 그쪽이네.",봤어?,반말형,sub_0131_518.4s.jpg,0.01,,,25.0,90.0,50.0,78.0,75.0,0.53237,0.0,66.0,0.0,0.0,0.1587,이거 예쁘네.,손으로 가리지 마.,일본어 원문 + 타임스탬프 사진 + 장면 연속성,37.42,T3,화자·문맥·자연스러움 집중 검토,,60.69578090303479,47.2,P3,말투·질문응답·가독성 위주 검토
ABF-305,사진 대조 1차 교정본,132,"00:08:40,650 --> 00:08:41,170",0.52,봤어?,이거 속까지 스며드네.,어?,반응형,sub_0132_520.6s.jpg,0.05,,,25.0,90.0,50.0,78.0,75.0,0.2309,0.0,66.0,0.0,0.0,0.3866,봤어? 상자가 꽤 비었더라. 끼울게.,상자가 꽤 비었더라. 내가 끼울게.,대화 호흡 정리,24.76,T4,구조검사 통과 시 유지,,13.545521835677278,20.05,P4,회귀검사 통과 시 유지
ABF-305,사진 대조 1차 교정본,133,"00:08:41,850 --> 00:08:42,210",0.36,어?,봤어?,"아니, 섹시했으니까.",반응형,sub_0133_521.9s.jpg,0.05,,,25.0,90.0,50.0,78.0,75.0,0.15511,0.0,66.0,0.0,0.0,0.3197,어? 벗기고 싶다고? 응.,해 줬으면 좋겠어? 응.,손상된 일본어 ASR + 타임스탬프 사진 + 앞뒤 문맥 추론,21.57,T4,구조검사 통과 시 유지,,6.5136935603256845,15.25,P4,회귀검사 통과 시 유지
ABF-305,사진 대조 1차 교정본,134,"00:08:44,690 --> 00:08:48,410",3.72,"아니, 섹시했으니까.",어?,"아니, 아니야. 있잖아, 일부러, 일부러
이렇게 해준 걸까 생각했을 때...",반응형,sub_0134_524.7s.jpg,0.01,,,25.0,90.0,50.0,78.0,75.0,0.48383,0.0,66.0,0.0,0.0,0.2341,"아니, 뜨거워.",몸이 뜨거워.,손상된 일본어 ASR + 타임스탬프 사진 + 앞뒤 문맥 추론,35.38,T3,화자·문맥·자연스러움 집중 검토,,51.66543301258327,42.22,P3,말투·질문응답·가독성 위주 검토
ABF-305,사진 대조 1차 교정본,135,"00:08:48,430 --> 00:08:54,930",6.5,"아니, 아니야. 있잖아, 일부러, 일부러
이렇게 해준 걸까 생각했을 때...","아니, 섹시했으니까.","네, 잘 먹었습니다~",반말형,sub_0135_528.4s.jpg,0.03,,,25.0,90.0,50.0,78.0,75.0,0.58014,0.0,66.0,0.0,0.0,0.2301,다시 할 수 있을 때...,다시 할 수 있을 때…,,39.43,T3,화자·문맥·자연스러움 집중 검토,,69.1339748334567,51.91,P3,말투·질문응답·가독성 위주 검토
ABF-305,사진 대조 1차 교정본,136,"00:08:56,690 --> 00:08:58,710",2.02,"네, 잘 먹었습니다~","아니, 아니야. 있잖아, 일부러, 일부러
이렇게 해준 걸까 생각했을 때...",아직 배고프지?,중립·혼합형,sub_0136_536.7s.jpg,0.01,,,25.0,90.0,50.0,78.0,75.0,0.54952,0.0,66.0,0.0,0.0,0.473,당신을 먹었습니다.,맛있게 먹었어요.,,38.14,T3,화자·문맥·자연스러움 집중 검토,,63.212435233160626,48.67,P3,말투·질문응답·가독성 위주 검토
ABF-305,사진 대조 1차 교정본,137,"00:09:07,520 --> 00:09:09,300",1.78,아직 배고프지?,"네, 잘 먹었습니다~","응, 고파.",반응형,sub_0137_547.5s.jpg,0.02,,,25.0,90.0,50.0,78.0,75.0,0.38354,0.0,66.0,0.0,0.0,0.2862,아직 잘 거지?,아직 갈 수 있지?,사진 장면 확인 및 한국어 번역투·ASR 오역 교정,31.17,T4,구조검사 통과 시 유지,,34.34492968171725,32.5,P4,회귀검사 통과 시 유지
ABF-305,사진 대조 1차 교정본,138,"00:09:09,360 --> 00:09:10,160",0.8,"응, 고파.",아직 배고프지?,난 꽤 배고파.,반응형,sub_0138_549.4s.jpg,0.04,,,25.0,90.0,50.0,78.0,75.0,0.42048,0.0,66.0,0.0,0.0,0.242,"응, 더...","응, 더…",,32.72,T4,구조검사 통과 시 유지,,40.71058475203553,36.08,P4,회귀검사 통과 시 유지
ABF-305,사진 대조 1차 교정본,139,"00:09:13,720 --> 00:09:15,440",1.72,난 꽤 배고파.,"응, 고파.",에이!,중립·혼합형,sub_0139_553.7s.jpg,0.02,,,25.0,90.0,50.0,78.0,75.0,0.47845,0.0,66.0,0.0,0.0,0.1514,배가 아파.,안쪽이 아파.,,35.15,T3,화자·문맥·자연스러움 집중 검토,,50.40710584752035,41.56,P3,말투·질문응답·가독성 위주 검토
ABF-305,사진 대조 1차 교정본,140,"00:09:15,780 --> 00:09:15,940",0.16,에이!,난 꽤 배고파.,"그렇게 말하니까, 아직 더 먹을 수 있지?
라는 뉘앙스인 줄 알았잖아.",중립·혼합형,sub_0140_555.8s.jpg,0.02,,,25.0,90.0,50.0,78.0,75.0,0.17005,0.0,66.0,25.0,0.0,0.223,네! 어이!,"네, 잘 부탁드립니다!",사진 장면 확인 및 한국어 번역투·ASR 오역 교정,24.7,T4,구조검사 통과 시 유지,borderline_cps,13.397483345669874,19.95,P4,회귀검사 통과 시 유지
ABF-305,사진 대조 1차 교정본,141,"00:09:16,880 --> 00:09:20,720",3.84,"그렇게 말하니까, 아직 더 먹을 수 있지?
라는 뉘앙스인 줄 알았잖아.",에이!,"꽤 배부르지만, 먹을래.",반말형,sub_0141_556.9s.jpg,0.02,,,25.0,90.0,50.0,78.0,75.0,0.68912,0.0,66.0,0.0,0.0,0.1508,아직 잘 거지?,아직 갈 수 있지?,사진 장면 확인 및 한국어 번역투·ASR 오역 교정,44.0,T3,화자·문맥·자연스러움 집중 검토,,85.38119911176906,61.38,P2,앞뒤 5블록·사진·오류 기억을 함께 검토
ABF-305,사진 대조 1차 교정본,142,"00:09:21,000 --> 00:09:24,300",3.3,"꽤 배부르지만, 먹을래.","그렇게 말하니까, 아직 더 먹을 수 있지?
라는 뉘앙스인 줄 알았잖아.",전 지금부터가 길어요.,반말형,sub_0142_561.0s.jpg,0.0,,,25.0,90.0,50.0,78.0,75.0,0.57563,0.0,66.0,0.0,0.0,0.1198,"따를 생각은 없지만,",따를 생각은 없지만,,39.24,T3,화자·문맥·자연스러움 집중 검토,,68.06069578090303,51.34,P3,말투·질문응답·가독성 위주 검토
ABF-305,사진 대조 1차 교정본,143,"00:09:25,080 --> 00:09:27,180",2.1,전 지금부터가 길어요.,"꽤 배부르지만, 먹을래.","이건 왠지, 술 마시는 사람들의 마시는
방식이에요.",반응형,sub_0143_565.1s.jpg,0.02,,,25.0,90.0,50.0,78.0,75.0,0.51067,0.0,66.0,0.0,0.0,0.0988,조금 쉬어요.,잠깐만요.,,36.51,T3,화자·문맥·자연스러움 집중 검토,,56.62472242783123,44.96,P3,말투·질문응답·가독성 위주 검토
ABF-305,사진 대조 1차 교정본,144,"00:09:29,500 --> 00:09:32,720",3.22,"이건 왠지, 술 마시는 사람들의 마시는
방식이에요.",전 지금부터가 길어요.,"맞아, 이제부터가 기니까.",중립·혼합형,sub_0144_569.5s.jpg,0.0,,,25.0,90.0,50.0,78.0,75.0,0.52539,0.0,66.0,0.0,0.0,0.5975,술꾼들이 마시는 방식이에요.,술 좋아하는 사람들은 이렇게 천천히 먹어요.,,37.13,T3,화자·문맥·자연스러움 집중 검토,,59.32642487046632,46.45,P3,말투·질문응답·가독성 위주 검토
ABF-305,사진 대조 1차 교정본,145,"00:09:33,120 --> 00:09:35,380",2.26,"맞아, 이제부터가 기니까.","이건 왠지, 술 마시는 사람들의 마시는
방식이에요.",봐줘.,반응형,sub_0145_573.1s.jpg,0.02,,,25.0,90.0,50.0,78.0,75.0,0.54915,0.0,66.0,0.0,0.0,0.125,"이제부터 시작이지. 앞으로가 중요해요. 앗, 벌써 해산? 아니야. 잘못 말했다. 잘못 말했어?","이제부터가 중요해. 어, 벌써 해산? 아니야, 말 잘못했어.",3줄 이상 자막을 자연스럽게 정리,38.12,T3,화자·문맥·자연스러움 집중 검토,,63.13841598815693,48.63,P3,말투·질문응답·가독성 위주 검토
ABF-305,사진 대조 1차 교정본,146,"00:09:37,780 --> 00:09:38,340",0.56,봐줘.,"맞아, 이제부터가 기니까.","아니, 보고 있어. 완전 보고 있어.",중립·혼합형,sub_0146_577.8s.jpg,0.02,,,25.0,90.0,50.0,78.0,75.0,0.2735,0.0,66.0,0.0,0.0,0.1275,해줘.,해 줘.,,26.55,T4,구조검사 통과 시 유지,,18.541820873427092,23.19,P4,회귀검사 통과 시 유지
ABF-305,사진 대조 1차 교정본,147,"00:09:39,180 --> 00:09:41,140",1.96,"아니, 보고 있어. 완전 보고 있어.",봐줘.,"저기 있잖아, 좀 눅눅하기도 하고.",중립·혼합형,sub_0147_579.2s.jpg,0.02,,,25.0,90.0,50.0,78.0,75.0,0.74226,0.0,66.0,0.0,0.0,0.4818,잘 보고 있어...,잘 보고 있어…,,46.23,T3,화자·문맥·자연스러움 집중 검토,,91.26572908956328,65.15,P2,앞뒤 5블록·사진·오류 기억을 함께 검토
ABF-305,사진 대조 1차 교정본,148,"00:09:41,340 --> 00:09:45,480",4.14,"저기 있잖아, 좀 눅눅하기도 하고.","아니, 보고 있어. 완전 보고 있어.","실내로 이동하자. 실내에서 놀 수 있는
곳으로.",반응형,sub_0148_581.3s.jpg,0.04,,,25.0,90.0,50.0,78.0,75.0,0.71851,0.0,66.0,0.0,0.0,0.2792,"있잖아, 잠깐만...","있잖아, 잠깐만…",,45.24,T3,화자·문맥·자연스러움 집중 검토,,89.11917098445595,63.67,P2,앞뒤 5블록·사진·오류 기억을 함께 검토
ABF-305,사진 대조 1차 교정본,149,"00:09:48,340 --> 00:09:51,200",2.86,"실내로 이동하자. 실내에서 놀 수 있는
곳으로.","저기 있잖아, 좀 눅눅하기도 하고.","아, 그래. 더우니까 말이지.",중립·혼합형,sub_0149_588.3s.jpg,0.04,,,25.0,90.0,50.0,78.0,75.0,0.57085,0.0,66.0,0.0,0.0,0.1154,여러 번 할 수 있는 사람.,그런 사람이 좋아.,,39.04,T3,화자·문맥·자연스러움 집중 검토,,67.13545521835678,50.84,P3,말투·질문응답·가독성 위주 검토
ABF-305,사진 대조 1차 교정본,150,"00:09:51,200 --> 00:09:53,440",2.24,"아, 그래. 더우니까 말이지.","실내로 이동하자. 실내에서 놀 수 있는
곳으로.",맞아 맞아.,반응형,sub_0150_591.2s.jpg,0.0,,,25.0,90.0,50.0,78.0,75.0,0.55594,0.0,66.0,0.0,0.0,0.5038,"아, 그래.",간다.,화면 영문 자막 대조,38.41,T3,화자·문맥·자연스러움 집중 검토,,64.24870466321244,49.26,P3,말투·질문응답·가독성 위주 검토
ABF-305,사진 대조 1차 교정본,151,"00:09:53,460 --> 00:09:53,620",0.16,맞아 맞아.,"아, 그래. 더우니까 말이지.",맞아 맞아.,반응형,sub_0151_593.5s.jpg,0.04,,,25.0,90.0,50.0,78.0,75.0,0.23913,0.0,66.0,70.0,0.0,0.1772,몸을 생각하면 제대로 하는 게 맞아요.,몸에 무리가 가지 않게 제대로 해야 해요.,,32.1,T4,구조검사 통과 시 유지,high_cps,37.82383419689119,34.5,P4,회귀검사 통과 시 유지
ABF-305,사진 대조 1차 교정본,152,"00:09:56,540 --> 00:09:56,580",0.04,맞아 맞아.,맞아 맞아.,엄청 예쁘다.,반응형,sub_0152_596.5s.jpg,0.04,,,25.0,90.0,50.0,78.0,75.0,0.58785,0.0,66.0,70.0,0.0,0.1772,몸을 생각하면 제대로 하는 게 맞아요.,몸에 무리가 가지 않게 제대로 해야 해요.,,46.75,T3,화자·문맥·자연스러움 집중 검토,high_cps,92.74611398963731,66.07,P2,앞뒤 5블록·사진·오류 기억을 함께 검토
ABF-305,사진 대조 1차 교정본,153,"00:09:57,520 --> 00:09:58,340",0.82,엄청 예쁘다.,맞아 맞아.,대단해.,중립·혼합형,sub_0153_597.5s.jpg,0.02,,,25.0,90.0,50.0,78.0,75.0,0.64882,13.07,66.0,0.0,0.0,0.7589,"오, 예쁘다.","와, 예쁘다.",일본어 원문 + 타임스탬프 사진 + 장면 연속성,44.66,T3,화자·문맥·자연스러움 집중 검토,,87.71280532938565,62.74,P2,앞뒤 5블록·사진·오류 기억을 함께 검토
ABF-305,사진 대조 1차 교정본,154,"00:09:58,940 --> 00:09:59,260",0.32,대단해.,엄청 예쁘다.,수족관 오랜만이야.,반말형,sub_0154_598.9s.jpg,0.04,,,25.0,90.0,50.0,78.0,75.0,0.34291,42.0,66.0,0.0,0.0,1.0,대단해.,기분 좋네.,일본어 원문 + 타임스탬프 사진 + 장면 연속성,37.02,T3,화자·문맥·자연스러움 집중 검토,,58.77128053293856,46.16,P3,말투·질문응답·가독성 위주 검토
ABF-305,사진 대조 1차 교정본,155,"00:10:00,320 --> 00:10:01,600",1.28,수족관 오랜만이야.,대단해.,오랜만?,반말형,sub_0155_600.3s.jpg,0.02,,,25.0,90.0,50.0,78.0,75.0,0.52853,0.0,66.0,0.0,0.0,0.3587,오랜만이네...,오랜만이네…,,37.26,T3,화자·문맥·자연스러움 집중 검토,,60.10362694300518,46.85,P3,말투·질문응답·가독성 위주 검토
ABF-305,사진 대조 1차 교정본,156,"00:10:01,900 --> 00:10:02,260",0.36,오랜만?,수족관 오랜만이야.,오랜만? 얼마만인데?,중립·혼합형,sub_0156_601.9s.jpg,0.0,,,25.0,90.0,50.0,78.0,75.0,0.23083,0.0,66.0,0.0,0.0,0.2815,오랜만이네...,오랜만이네…,,24.75,T4,구조검사 통과 시 유지,,13.471502590673575,20.01,P4,회귀검사 통과 시 유지
ABF-305,사진 대조 1차 교정본,157,"00:10:02,340 --> 00:10:03,180",0.84,오랜만? 얼마만인데?,오랜만?,"그게, 촬영 전에 여기 혼자 왔었어.",중립·혼합형,sub_0157_602.3s.jpg,0.04,,,25.0,90.0,50.0,78.0,75.0,0.53098,0.0,66.0,0.0,25.0,0.1671,오랜만이네...,오랜만이네…,,39.36,T3,화자·문맥·자연스러움 집중 검토,question_answer_checksum,68.57883049592894,51.63,P3,말투·질문응답·가독성 위주 검토
ABF-305,사진 대조 1차 교정본,158,"00:10:04,880 --> 00:10:09,460",4.58,"그게, 촬영 전에 여기 혼자 왔었어.",오랜만? 얼마만인데?,"에이, 이상하잖아. 혼자 올 만한 곳이
아니라고.",중립·혼합형,sub_0158_604.9s.jpg,0.02,,,25.0,90.0,50.0,78.0,75.0,0.77069,0.0,66.0,0.0,0.0,0.1384,여기 가까이 와 봐.,조금 더 가까이 와 봐.,손상된 일본어 ASR + 타임스탬프 사진 + 앞뒤 문맥 추론,47.43,T3,화자·문맥·자연스러움 집중 검토,,93.85640266469282,66.93,P2,앞뒤 5블록·사진·오류 기억을 함께 검토
ABF-305,사진 대조 1차 교정본,159,"00:10:09,760 --> 00:10:12,300",2.54,"에이, 이상하잖아. 혼자 올 만한 곳이
아니라고.","그게, 촬영 전에 여기 혼자 왔었어.",혼자 왔었어.,중립·혼합형,sub_0159_609.8s.jpg,0.04,,,25.0,90.0,50.0,78.0,75.0,0.6987,0.0,66.0,0.0,0.0,0.1578,당연하잖아.,당연히 가져왔지.,타임스탬프 사진과 앞뒤 장면으로 대사 기능 복원,44.41,T3,화자·문맥·자연스러움 집중 검토,,86.71354552183568,62.18,P2,앞뒤 5블록·사진·오류 기억을 함께 검토
ABF-305,사진 대조 1차 교정본,160,"00:10:12,420 --> 00:10:13,200",0.78,혼자 왔었어.,"에이, 이상하잖아. 혼자 올 만한 곳이
아니라고.","싫어, 안 왔어.",반응형,sub_0160_612.4s.jpg,0.02,,,25.0,90.0,50.0,78.0,75.0,0.42525,0.0,66.0,0.0,0.0,0.1734,지금은 혼자 가버리겠네. 그건 안 되지.,지금은 혼자 가 버리겠네. 그건 안 되지.,,32.92,T4,구조검사 통과 시 유지,,41.26572908956329,36.43,P4,회귀검사 통과 시 유지
ABF-305,사진 대조 1차 교정본,161,"00:10:13,700 --> 00:10:14,540",0.84,"싫어, 안 왔어.",혼자 왔었어.,안 왔어.,반응형,sub_0161_613.7s.jpg,0.0,,,25.0,90.0,50.0,78.0,75.0,0.38668,0.0,66.0,0.0,0.0,0.4088,"싫어, 아… 아… 아…",싫어… 아… 아…,일본어 원문 대조 + 자연스러운 한국어 대사 교정,31.3,T4,구조검사 통과 시 유지,,34.82605477424131,32.78,P4,회귀검사 통과 시 유지
ABF-305,사진 대조 1차 교정본,162,"00:10:14,840 --> 00:10:15,380",0.54,안 왔어.,"싫어, 안 왔어.",다른 숫자인가.,반응형,sub_0162_614.8s.jpg,0.04,,,25.0,90.0,50.0,78.0,75.0,0.36012,0.0,66.0,0.0,0.0,0.2532,깊이 들어왔어.,엄청 깊이 들어갔어.,손상된 일본어 ASR + 타임스탬프 사진 + 앞뒤 문맥 추론,30.18,T4,구조검사 통과 시 유지,,30.199851961509992,30.19,P4,회귀검사 통과 시 유지
ABF-305,사진 대조 1차 교정본,163,"00:10:16,660 --> 00:10:17,680",1.02,다른 숫자인가.,안 왔어.,귀여워.,중립·혼합형,sub_0163_616.7s.jpg,0.04,,,25.0,90.0,50.0,78.0,75.0,0.48852,0.0,66.0,0.0,0.0,0.1489,"아아, 또 다른 미분으로 먹자.",[불명],,35.58,T3,화자·문맥·자연스러움 집중 검토,,52.99777942264989,42.9,P3,말투·질문응답·가독성 위주 검토
ABF-305,사진 대조 1차 교정본,164,"00:10:20,000 --> 00:10:20,740",0.74,귀여워.,다른 숫자인가.,귀여워.,중립·혼합형,sub_0164_620.0s.jpg,0.0,,,25.0,90.0,50.0,78.0,75.0,0.28064,27.53,66.0,0.0,0.0,0.8794,엄청 귀여워.,매일 목욕해.,일본어 원문 + 타임스탬프 사진 + 장면 연속성,31.8,T4,구조검사 통과 시 유지,,36.71354552183568,33.86,P4,회귀검사 통과 시 유지
ABF-305,사진 대조 1차 교정본,165,"00:10:21,120 --> 00:10:21,260",0.14,귀여워.,귀여워.,"어라, 귀엽네.",중립·혼합형,sub_0165_621.1s.jpg,0.02,,,25.0,90.0,50.0,78.0,75.0,0.37351,27.53,66.0,70.0,0.0,0.8794,엄청 귀여워.,매일 목욕해.,일본어 원문 + 타임스탬프 사진 + 장면 연속성,42.7,T3,화자·문맥·자연스러움 집중 검토,high_cps,81.34715025906736,58.93,P2,앞뒤 5블록·사진·오류 기억을 함께 검토
ABF-305,사진 대조 1차 교정본,166,"00:10:21,260 --> 00:10:22,000",0.74,"어라, 귀엽네.",귀여워.,진짜 귀엽다.,반응형,sub_0166_621.3s.jpg,0.04,,,25.0,90.0,50.0,78.0,75.0,0.54044,16.66,66.0,0.0,0.0,0.7888,귀엽네.,그냥 벗었을 뿐이야.,일본어 원문 + 타임스탬프 사진 + 장면 연속성,40.76,T3,화자·문맥·자연스러움 집중 검토,,74.53737971872687,54.95,P3,말투·질문응답·가독성 위주 검토
ABF-305,사진 대조 1차 교정본,167,"00:10:22,480 --> 00:10:23,560",1.08,진짜 귀엽다.,"어라, 귀엽네.","아, 틀렸다.",중립·혼합형,sub_0167_622.5s.jpg,0.02,,,25.0,90.0,50.0,78.0,75.0,0.59161,0.0,66.0,0.0,0.0,0.2335,진짜 엄청 좋아...,진짜 엄청 좋아…,,39.91,T3,화자·문맥·자연스러움 집중 검토,,71.13249444855663,53.02,P3,말투·질문응답·가독성 위주 검토
ABF-305,사진 대조 1차 교정본,168,"00:10:23,700 --> 00:10:24,500",0.8,"아, 틀렸다.",진짜 귀엽다.,물고기.,반응형,sub_0168_623.7s.jpg,0.0,,,25.0,90.0,50.0,78.0,75.0,0.60517,28.73,66.0,0.0,0.0,0.8894,좀 틀렸다.,조금 사레들렸어.,손상된 일본어 ASR + 타임스탬프 사진 + 앞뒤 문맥 추론,45.65,T3,화자·문맥·자연스러움 집중 검토,,90.00740192450037,64.28,P2,앞뒤 5블록·사진·오류 기억을 함께 검토
ABF-305,사진 대조 1차 교정본,169,"00:10:26,020 --> 00:10:26,700",0.68,물고기.,"아, 틀렸다.",이거 찍히고 있는 건가?,중립·혼합형,sub_0169_626.0s.jpg,0.02,,,25.0,90.0,50.0,78.0,75.0,0.34507,0.0,66.0,0.0,0.0,0.1097,"페니스를 물고 있지 않았더라면,",페니스를 물고 있지 않았더라면,,29.55,T4,구조검사 통과 시 유지,,27.53515914137676,28.7,P4,회귀검사 통과 시 유지
ABF-305,사진 대조 1차 교정본,170,"00:10:27,460 --> 00:10:28,620",1.16,이거 찍히고 있는 건가?,물고기.,찍히고 있어.,중립·혼합형,sub_0170_627.5s.jpg,0.04,,,25.0,90.0,50.0,78.0,75.0,0.56106,0.0,66.0,0.0,0.0,0.3913,강가도 다 찍히고 있어.,창밖도 다 찍히고 있어.,,38.62,T3,화자·문맥·자연스러움 집중 검토,,65.09992598075499,49.74,P3,말투·질문응답·가독성 위주 검토
ABF-305,사진 대조 1차 교정본,171,"00:10:28,760 --> 00:10:29,340",0.58,찍히고 있어.,이거 찍히고 있는 건가?,심해어?,반응형,sub_0171_628.8s.jpg,0.04,,,25.0,90.0,50.0,78.0,75.0,0.40467,6.94,66.0,0.0,0.0,0.7078,강가도 다 찍히고 있어.,창밖도 다 찍히고 있어.,,33.3,T4,구조검사 통과 시 유지,,43.005181347150256,37.38,P4,회귀검사 통과 시 유지
ABF-305,사진 대조 1차 교정본,172,"00:10:31,700 --> 00:10:32,420",0.72,심해어?,찍히고 있어.,이거 심해어인가?,반응형,sub_0172_631.7s.jpg,0.0,,,25.0,90.0,50.0,78.0,75.0,0.29419,0.0,66.0,0.0,0.0,0.0927,없어?,진짜로?,일본어 원문 대조 + 자연스러운 한국어 대사 교정,27.42,T4,구조검사 통과 시 유지,,21.058475203552923,24.75,P4,회귀검사 통과 시 유지
ABF-305,사진 대조 1차 교정본,173,"00:10:33,580 --> 00:10:34,540",0.96,이거 심해어인가?,심해어?,아마도.,반응형,sub_0173_633.6s.jpg,0.02,,,25.0,90.0,50.0,78.0,75.0,0.50687,0.0,66.0,0.0,0.0,0.1458,이거 가지고 있어?,이런 거 써 봤어?,,36.35,T3,화자·문맥·자연스러움 집중 검토,,56.106587712805336,44.65,P3,말투·질문응답·가독성 위주 검토
ABF-305,사진 대조 1차 교정본,174,"00:10:35,780 --> 00:10:36,100",0.32,아마도.,이거 심해어인가?,역시 혼자 올 만하네.,반응형,sub_0174_635.8s.jpg,0.02,,,25.0,90.0,50.0,78.0,75.0,0.32093,0.0,66.0,0.0,0.0,0.1258,너도.,너도 보여.,일본어 원문 대조 + 자연스러운 한국어 대사 교정,28.54,T4,구조검사 통과 시 유지,,24.093264248704664,26.67,P4,회귀검사 통과 시 유지
ABF-305,사진 대조 1차 교정본,175,"00:10:36,320 --> 00:10:37,240",0.92,역시 혼자 올 만하네.,아마도.,"아니 아니, 잘 알지는 못하지만.",반말형,sub_0175_636.3s.jpg,0.02,,,25.0,90.0,50.0,78.0,75.0,0.57055,0.0,66.0,0.0,0.0,0.2028,역시 움직여 줄게.,이제 움직여 줄게.,사진 장면 확인 및 한국어 번역투·ASR 오역 교정,39.02,T3,화자·문맥·자연스러움 집중 검토,,66.95040710584752,50.75,P3,말투·질문응답·가독성 위주 검토
ABF-305,사진 대조 1차 교정본,176,"00:10:37,640 --> 00:10:39,040",1.4,"아니 아니, 잘 알지는 못하지만.",역시 혼자 올 만하네.,본가에 있었거든요.,반응형,sub_0176_637.6s.jpg,0.04,,,25.0,90.0,50.0,78.0,75.0,0.62416,0.0,66.0,0.0,0.0,0.2467,"아니, 이제 안 기다려도 되긴 하지만...","아니, 이제 안 기다려도 되긴 하지만…",,41.27,T3,화자·문맥·자연스러움 집중 검토,,76.79496669133975,56.19,P3,말투·질문응답·가독성 위주 검토
ABF-305,사진 대조 1차 교정본,177,"00:10:39,820 --> 00:10:41,040",1.22,본가에 있었거든요.,"아니 아니, 잘 알지는 못하지만.",어라?,중립·혼합형,sub_0177_639.8s.jpg,0.02,,,25.0,90.0,50.0,78.0,75.0,0.47561,0.0,66.0,0.0,0.0,0.0963,좀 만지고 싶었거든.,아까부터 만져 보고 싶었거든.,일본어 원문 대조 + 자연스러운 한국어 대사 교정,35.04,T3,화자·문맥·자연스러움 집중 검토,,50.03700962250185,41.34,P3,말투·질문응답·가독성 위주 검토
ABF-305,사진 대조 1차 교정본,178,"00:10:41,380 --> 00:10:41,640",0.26,어라?,본가에 있었거든요.,본가가 아마존이야?,반응형,sub_0178_641.4s.jpg,0.02,,,25.0,90.0,50.0,78.0,75.0,0.3105,0.0,66.0,0.0,0.0,0.139,어라... 아...,어라… 아…,,28.1,T4,구조검사 통과 시 유지,,23.316062176165804,26.09,P4,회귀검사 통과 시 유지
ABF-305,사진 대조 1차 교정본,179,"00:10:42,300 --> 00:10:43,040",0.74,본가가 아마존이야?,어라?,처음이야.,반응형,sub_0179_642.3s.jpg,0.0,,,25.0,90.0,50.0,78.0,75.0,0.58941,0.0,66.0,0.0,0.0,0.1435,어느 쪽이야?,어디가 좋아?,손상된 일본어 ASR + 타임스탬프 사진 + 앞뒤 문맥 추론,39.82,T3,화자·문맥·자연스러움 집중 검토,,70.87342709104367,52.86,P3,말투·질문응답·가독성 위주 검토
ABF-305,사진 대조 1차 교정본,180,"00:10:43,040 --> 00:10:43,400",0.36,처음이야.,본가가 아마존이야?,처음...,반말형,sub_0180_643.0s.jpg,0.04,,,25.0,90.0,50.0,78.0,75.0,0.39589,0.0,66.0,0.0,0.0,0.4547,해보는 거 처음이야?,해 보는 거 처음이야?,,31.69,T4,구조검사 통과 시 유지,,36.34344929681717,33.64,P4,회귀검사 통과 시 유지
ABF-305,사진 대조 1차 교정본,181,"00:10:43,400 --> 00:10:44,040",0.64,처음...,처음이야.,왠지 아버지가 물고기를 좋아하셔서.,중립·혼합형,sub_0181_643.4s.jpg,0.0,,,25.0,90.0,50.0,78.0,75.0,0.30128,0.0,66.0,0.0,0.0,0.4088,음...,음…,,27.71,T4,구조검사 통과 시 유지,,22.131754256106586,25.37,P4,회귀검사 통과 시 유지
ABF-305,사진 대조 1차 교정본,182,"00:10:45,000 --> 00:10:47,620",2.62,왠지 아버지가 물고기를 좋아하셔서.,처음...,그리고 수초 같은 거랑.,반응형,sub_0182_645.0s.jpg,0.0,,,25.0,90.0,50.0,78.0,75.0,0.68061,0.0,66.0,0.0,0.0,0.1721,아버지는 어때?,후지 씨는 어때?,사진 장면 확인 및 한국어 번역투·ASR 오역 교정,43.65,T3,화자·문맥·자연스러움 집중 검토,,84.30792005921539,60.73,P2,앞뒤 5블록·사진·오류 기억을 함께 검토
ABF-305,사진 대조 1차 교정본,183,"00:10:48,000 --> 00:10:49,580",1.58,그리고 수초 같은 거랑.,왠지 아버지가 물고기를 좋아하셔서.,이 녀석을 키우고 계셨어.,중립·혼합형,sub_0183_648.0s.jpg,0.0,,,25.0,90.0,50.0,78.0,75.0,0.60557,0.0,66.0,0.0,0.0,0.3098,그리고 유두.,그리고 젖꼭지도.,,40.49,T3,화자·문맥·자연스러움 집중 검토,,73.72316802368616,54.45,P3,말투·질문응답·가독성 위주 검토
ABF-305,사진 대조 1차 교정본,184,"00:10:49,780 --> 00:10:50,720",0.94,이 녀석을 키우고 계셨어.,그리고 수초 같은 거랑.,"아, 그렇구나.",반응형,sub_0184_649.8s.jpg,0.02,,,25.0,90.0,50.0,78.0,75.0,0.61465,0.0,66.0,0.0,0.0,0.0977,"저 녀석, 그대로 가버려.",그대로 가 버려.,,40.88,T3,화자·문맥·자연스러움 집중 검토,,75.24056254626203,55.31,P3,말투·질문응답·가독성 위주 검토
ABF-305,사진 대조 1차 교정본,185,"00:10:50,980 --> 00:10:52,000",1.02,"아, 그렇구나.",이 녀석을 키우고 계셨어.,이 새우 같은 것도 있었어.,반응형,sub_0185_651.0s.jpg,0.02,,,25.0,90.0,50.0,78.0,75.0,0.42962,35.1,66.0,0.0,0.0,0.9425,그렇구나.,손 정말 잘 쓰네.,일본어 원문 + 타임스탬프 사진 + 장면 연속성,39.42,T3,화자·문맥·자연스러움 집중 검토,,68.9859363434493,51.84,P3,말투·질문응답·가독성 위주 검토
ABF-305,사진 대조 1차 교정본,186,"00:10:52,620 --> 00:10:53,700",1.08,이 새우 같은 것도 있었어.,"아, 그렇구나.",어? 새우?,반응형,sub_0186_652.6s.jpg,0.02,,,25.0,90.0,50.0,78.0,75.0,0.55479,0.0,66.0,0.0,0.0,0.4482,누워 있었어.,더 뿜어봐.,,38.36,T3,화자·문맥·자연스러움 집중 검토,,63.91561806069578,49.09,P3,말투·질문응답·가독성 위주 검토
ABF-305,사진 대조 1차 교정본,187,"00:10:54,300 --> 00:10:54,980",0.68,어? 새우?,이 새우 같은 것도 있었어.,새우 쪽이네.,반응형,sub_0187_654.3s.jpg,0.0,,,25.0,90.0,50.0,78.0,75.0,0.35442,0.0,66.0,0.0,0.0,0.148,어? 벗기고 싶다고? 응.,해 줬으면 좋겠어? 응.,손상된 일본어 ASR + 타임스탬프 사진 + 앞뒤 문맥 추론,29.95,T4,구조검사 통과 시 유지,,29.163582531458175,29.62,P4,회귀검사 통과 시 유지
ABF-305,사진 대조 1차 교정본,188,"00:10:55,060 --> 00:10:56,480",1.42,새우 쪽이네.,어? 새우?,"아, 이 아이들 말이지.",반말형,sub_0188_655.1s.jpg,0.04,,,25.0,90.0,50.0,78.0,75.0,0.29281,0.0,66.0,0.0,0.0,0.1841,끝이네.,다 했어?,일본어 원문 대조 + 자연스러운 한국어 대사 교정,27.36,T4,구조검사 통과 시 유지,,20.83641746854182,24.62,P4,회귀검사 통과 시 유지
ABF-305,사진 대조 1차 교정본,189,"00:10:56,860 --> 00:10:57,720",0.86,"아, 이 아이들 말이지.",새우 쪽이네.,한 마리밖에 안 보이지만.,반응형,sub_0189_656.9s.jpg,0.04,,,25.0,90.0,50.0,78.0,75.0,0.48006,0.0,66.0,0.0,0.0,0.2906,"아, 아, 아, 아, 아, 아, 아,","아, 아, 아, 아, 아, 아, 아",,35.22,T3,화자·문맥·자연스러움 집중 검토,,50.81421169504071,41.77,P3,말투·질문응답·가독성 위주 검토
ABF-305,사진 대조 1차 교정본,190,"00:10:59,320 --> 00:11:00,420",1.1,한 마리밖에 안 보이지만.,"아, 이 아이들 말이지.",조그맣네.,반말형,sub_0190_659.3s.jpg,0.02,,,25.0,90.0,50.0,78.0,75.0,0.46172,0.0,66.0,0.0,0.0,0.1124,"그럼 한 번만 더, 정말 한 번만.",그럼 정말 한 번만 더.,사진 장면 확인 및 한국어 번역투·ASR 오역 교정,34.45,T4,구조검사 통과 시 유지,,47.224278312361214,39.82,P4,회귀검사 통과 시 유지
ABF-305,사진 대조 1차 교정본,191,"00:11:02,160 --> 00:11:02,860",0.7,조그맣네.,한 마리밖에 안 보이지만.,귀여워.,반말형,sub_0191_662.2s.jpg,0.04,,,25.0,90.0,50.0,78.0,75.0,0.28753,0.0,66.0,0.0,0.0,0.0597,조금 보이네.,조금은 보이는 것 같아.,일본어 원문 대조 + 자연스러운 한국어 대사 교정,27.14,T4,구조검사 통과 시 유지,,20.281273131014064,24.26,P4,회귀검사 통과 시 유지
ABF-305,사진 대조 1차 교정본,192,"00:11:03,720 --> 00:11:04,440",0.72,귀여워.,조그맣네.,귀여워.,중립·혼합형,sub_0192_663.7s.jpg,0.02,,,25.0,90.0,50.0,78.0,75.0,0.27706,27.53,66.0,0.0,0.0,0.8794,엄청 귀여워.,매일 목욕해.,일본어 원문 + 타임스탬프 사진 + 장면 연속성,31.65,T4,구조검사 통과 시 유지,,36.26943005181347,33.59,P4,회귀검사 통과 시 유지
ABF-305,사진 대조 1차 교정본,193,"00:11:05,460 --> 00:11:06,120",0.66,귀여워.,귀여워.,친아나고잖아.,중립·혼합형,sub_0193_665.5s.jpg,0.04,,,25.0,90.0,50.0,78.0,75.0,0.36483,27.53,66.0,0.0,0.0,0.8794,엄청 귀여워.,매일 목욕해.,일본어 원문 + 타임스탬프 사진 + 장면 연속성,35.34,T3,화자·문맥·자연스러움 집중 검토,,51.36935603256847,42.07,P3,말투·질문응답·가독성 위주 검토
ABF-305,사진 대조 1차 교정본,194,"00:11:06,360 --> 00:11:06,960",0.6,친아나고잖아.,귀여워.,대단해.,반응형,sub_0194_666.4s.jpg,0.04,,,25.0,90.0,50.0,78.0,75.0,0.52379,0.0,66.0,0.0,0.0,0.1212,서 있잖아.,완전히 서 있잖아.,일본어 원문 대조 + 자연스러운 한국어 대사 교정,37.06,T3,화자·문맥·자연스러움 집중 검토,,58.91931902294597,46.24,P3,말투·질문응답·가독성 위주 검토
ABF-305,사진 대조 1차 교정본,195,"00:11:08,540 --> 00:11:08,900",0.36,대단해.,친아나고잖아.,"아, 나왔다!",반말형,sub_0195_668.5s.jpg,0.04,,,25.0,90.0,50.0,78.0,75.0,0.28204,42.0,66.0,0.0,0.0,1.0,대단해.,기분 좋네.,일본어 원문 + 타임스탬프 사진 + 장면 연속성,34.47,T4,구조검사 통과 시 유지,,47.33530717986677,39.87,P4,회귀검사 통과 시 유지
ABF-305,사진 대조 1차 교정본,196,"00:11:10,280 --> 00:11:11,100",0.82,"아, 나왔다!",대단해.,어디?,반응형,sub_0196_670.3s.jpg,0.02,,,25.0,90.0,50.0,78.0,75.0,0.32819,0.0,66.0,0.0,0.0,0.3319,"아, 아, 아, 아, 아, 아, 아,","아, 아, 아, 아, 아, 아, 아",,28.84,T4,구조검사 통과 시 유지,,24.944485566247224,27.2,P4,회귀검사 통과 시 유지
ABF-305,사진 대조 1차 교정본,197,"00:11:11,580 --> 00:11:12,000",0.42,어디?,"아, 나왔다!","앨리스가 와서 쳐다보고 있어. 앨리스 쪽을
분명히 보고 있어.",반응형,sub_0197_671.6s.jpg,0.02,,,25.0,90.0,50.0,78.0,75.0,0.24824,0.0,66.0,0.0,0.0,0.1744,어디로 가?,여기?,일본어 원문 대조 + 자연스러운 한국어 대사 교정,25.49,T4,구조검사 통과 시 유지,,15.3219837157661,21.22,P4,회귀검사 통과 시 유지
ABF-305,사진 대조 1차 교정본,198,"00:11:15,660 --> 00:11:19,100",3.44,"앨리스가 와서 쳐다보고 있어. 앨리스 쪽을
분명히 보고 있어.",어디?,안 보고 있는데. 눈 안 마주치는데.,중립·혼합형,sub_0198_675.7s.jpg,0.04,,,25.0,90.0,50.0,78.0,75.0,0.67472,0.0,66.0,0.0,0.0,0.2545,잘 보고 있어...,잘 보고 있어…,,43.4,T3,화자·문맥·자연스러움 집중 검토,,83.4937083641747,60.24,P2,앞뒤 5블록·사진·오류 기억을 함께 검토
ABF-305,사진 대조 1차 교정본,199,"00:11:19,460 --> 00:11:21,940",2.48,안 보고 있는데. 눈 안 마주치는데.,"앨리스가 와서 쳐다보고 있어. 앨리스 쪽을
분명히 보고 있어.",이쪽 좀 봐봐.,중립·혼합형,sub_0199_679.5s.jpg,0.04,,,25.0,90.0,50.0,78.0,75.0,0.76031,0.0,66.0,0.0,0.0,0.2045,술은 혼자서는 안 마시는데. 혼자서는 안 마시는데.,그래도 혼자서는 자주 안 마셔요.,사진 장면 확인 및 한국어 번역투·ASR 오역 교정,46.99,T3,화자·문맥·자연스러움 집중 검토,,93.11621021465581,66.36,P2,앞뒤 5블록·사진·오류 기억을 함께 검토
ABF-305,사진 대조 1차 교정본,200,"00:11:23,580 --> 00:11:24,240",0.66,이쪽 좀 봐봐.,안 보고 있는데. 눈 안 마주치는데.,근데 왠지 좀 보고 있는 느낌이 들어.,중립·혼합형,sub_0200_683.6s.jpg,0.02,,,25.0,90.0,50.0,78.0,75.0,0.53089,0.0,66.0,0.0,0.0,0.4489,"잠깐, 보여 줘 봐. 잠깐, 이쪽 봐봐. 부끄러워?",잠깐 보여 줘. 이쪽 봐봐. 부끄러워?,일본어 원문 대조 + 자연스러운 한국어 대사 교정,37.36,T3,화자·문맥·자연스러움 집중 검토,,60.399703923019985,47.04,P3,말투·질문응답·가독성 위주 검토
ABF-305,사진 대조 1차 교정본,201,"00:11:25,740 --> 00:11:28,100",2.36,근데 왠지 좀 보고 있는 느낌이 들어.,이쪽 좀 봐봐.,친아나고가.,반말형,sub_0201_685.7s.jpg,0.04,,,25.0,90.0,50.0,78.0,75.0,0.77128,0.0,66.0,0.0,0.0,0.2188,왠지 좀 아쉽네.,벌써 끝나서 조금 아쉽네.,손상된 일본어 ASR + 타임스탬프 사진 + 앞뒤 문맥 추론,47.45,T3,화자·문맥·자연스러움 집중 검토,,93.93042190969652,66.97,P2,앞뒤 5블록·사진·오류 기억을 함께 검토
ABF-305,사진 대조 1차 교정본,202,"00:11:30,260 --> 00:11:31,040",0.78,친아나고가.,근데 왠지 좀 보고 있는 느낌이 들어.,"어라, 내 둥지는 저쪽이었나 생각하는 것
같아.",반응형,sub_0202_690.3s.jpg,0.04,,,25.0,90.0,50.0,78.0,75.0,0.29284,0.0,66.0,0.0,0.0,0.0738,"네, 메가.","네, 괜찮아요.",타임스탬프 사진과 앞뒤 장면으로 대사 기능 복원,27.36,T4,구조검사 통과 시 유지,,20.83641746854182,24.62,P4,회귀검사 통과 시 유지
ABF-305,사진 대조 1차 교정본,203,"00:11:33,160 --> 00:11:35,300",2.14,"어라, 내 둥지는 저쪽이었나 생각하는 것
같아.",친아나고가.,이쪽인가? 하면서.,반말형,sub_0203_693.2s.jpg,0.04,,,25.0,90.0,50.0,78.0,75.0,0.62033,0.0,66.0,0.0,0.0,0.2703,갈 것 같아.,진짜 갈 것 같아.,일본어 원문 대조 + 자연스러운 한국어 대사 교정,41.11,T3,화자·문맥·자연스러움 집중 검토,,76.23982235381199,55.86,P3,말투·질문응답·가독성 위주 검토
ABF-305,사진 대조 1차 교정본,204,"00:11:36,600 --> 00:11:37,660",1.06,이쪽인가? 하면서.,"어라, 내 둥지는 저쪽이었나 생각하는 것
같아.",이쪽이었나?,중립·혼합형,sub_0204_696.6s.jpg,0.0,,,25.0,90.0,50.0,78.0,75.0,0.4399,0.0,66.0,0.0,0.0,0.1771,"싫다고 거절하면 전부 혼자 먹으면 되지, 그렇게 생각하면서.","거절당하면 혼자 다 먹으면 된다고 생각하면서,",,33.54,T4,구조검사 통과 시 유지,,43.59733530717987,37.76,P4,회귀검사 통과 시 유지
ABF-305,사진 대조 1차 교정본,205,"00:11:38,600 --> 00:11:39,540",0.94,이쪽이었나?,이쪽인가? 하면서.,그저 친아나고일 뿐인데.,중립·혼합형,sub_0205_698.6s.jpg,0.0,,,25.0,90.0,50.0,78.0,75.0,0.26185,0.0,66.0,0.0,0.0,0.2403,이쪽이 더 커.,이쪽이 더 굵어.,일본어 원문 대조 + 자연스러운 한국어 대사 교정,26.06,T4,구조검사 통과 시 유지,,16.95040710584752,22.23,P4,회귀검사 통과 시 유지
ABF-305,사진 대조 1차 교정본,206,"00:11:39,540 --> 00:11:40,480",0.94,그저 친아나고일 뿐인데.,이쪽이었나?,확실히.,반응형,sub_0206_699.5s.jpg,0.04,,,25.0,90.0,50.0,78.0,75.0,0.57095,0.0,66.0,0.0,0.0,0.0566,"그럭저럭, 가끔. 정말 의외인데. 혼자서? 혼자서. 게다가 혼자서. 집에서 말이야. 맛은 잘 모르지만. 좋잖아.",가끔 마셔요. 의외죠? 집에서 혼자 마실 때도 있어요.,사진 장면 확인 및 한국어 번역투·ASR 오역 교정,39.04,T3,화자·문맥·자연스러움 집중 검토,,67.13545521835678,50.84,P3,말투·질문응답·가독성 위주 검토
ABF-305,사진 대조 1차 교정본,207,"00:11:40,500 --> 00:11:41,040",0.54,확실히.,그저 친아나고일 뿐인데.,이거 다 밴드가 다른 거 알고 있어?,중립·혼합형,sub_0207_700.5s.jpg,0.0,,,25.0,90.0,50.0,78.0,75.0,0.37018,0.0,66.0,0.0,0.0,0.3261,확실히 졸업했어.,확실히 첫 경험을 한 거야.,반복되는 '졸업' 표현 자연화,30.61,T4,구조검사 통과 시 유지,,31.976313841598813,31.18,P4,회귀검사 통과 시 유지
ABF-305,사진 대조 1차 교정본,208,"00:11:48,240 --> 00:11:51,280",3.04,이거 다 밴드가 다른 거 알고 있어?,확실히.,진짜네.,중립·혼합형,sub_0208_708.2s.jpg,0.04,,,25.0,90.0,50.0,78.0,75.0,0.74819,0.0,66.0,0.0,0.0,0.3625,이거 가지고 있어?,이런 거 써 봤어?,,46.48,T3,화자·문맥·자연스러움 집중 검토,,91.9319022945966,65.57,P2,앞뒤 5블록·사진·오류 기억을 함께 검토
ABF-305,사진 대조 1차 교정본,209,"00:11:51,900 --> 00:11:52,560",0.66,진짜네.,이거 다 밴드가 다른 거 알고 있어?,"밴드로, 이 아이는 녹색 같은 걸로 정해져
있어.",반말형,sub_0209_711.9s.jpg,0.0,,,25.0,90.0,50.0,78.0,75.0,0.26223,0.0,66.0,0.0,0.0,0.3872,진짜네?,진짜?,일본어 원문 대조 + 자연스러운 한국어 대사 교정,26.07,T4,구조검사 통과 시 유지,,17.061435973353074,22.29,P4,회귀검사 통과 시 유지
ABF-305,사진 대조 1차 교정본,210,"00:11:53,000 --> 00:11:58,640",5.64,"밴드로, 이 아이는 녹색 같은 걸로 정해져
있어.",진짜네.,그렇구나.,반말형,sub_0210_713.0s.jpg,0.0,,,25.0,90.0,50.0,78.0,75.0,0.63169,0.0,66.0,0.0,0.0,0.1453,뒤에 있어.,뒤쪽도 보여 줘.,일본어 원문 대조 + 자연스러운 한국어 대사 교정,41.59,T3,화자·문맥·자연스러움 집중 검토,,78.46039970392302,57.08,P3,말투·질문응답·가독성 위주 검토
ABF-305,사진 대조 1차 교정본,211,"00:11:59,300 --> 00:12:00,020",0.72,그렇구나.,"밴드로, 이 아이는 녹색 같은 걸로 정해져
있어.","기념품 샵에 가면 그 색깔의 러버 밴드가
있어.",중립·혼합형,sub_0211_719.3s.jpg,0.0,,,25.0,90.0,50.0,78.0,75.0,0.33618,42.0,66.0,0.0,0.0,1.0,그렇구나.,손 정말 잘 쓰네.,일본어 원문 + 타임스탬프 사진 + 장면 연속성,36.74,T3,화자·문맥·자연스러움 집중 검토,,57.58697261287935,45.5,P3,말투·질문응답·가독성 위주 검토
ABF-305,사진 대조 1차 교정본,212,"00:12:00,200 --> 00:12:04,440",4.24,"기념품 샵에 가면 그 색깔의 러버 밴드가
있어.",그렇구나.,그래서 최애 색 밴드를 달아 두는 거야.,중립·혼합형,sub_0212_720.2s.jpg,0.0,,,25.0,90.0,50.0,78.0,75.0,0.71855,0.0,66.0,0.0,0.0,0.1595,뒤에 있어.,뒤쪽도 보여 줘.,일본어 원문 대조 + 자연스러운 한국어 대사 교정,45.24,T3,화자·문맥·자연스러움 집중 검토,,89.11917098445595,63.67,P2,앞뒤 5블록·사진·오류 기억을 함께 검토
ABF-305,사진 대조 1차 교정본,213,"00:12:06,060 --> 00:12:08,600",2.54,그래서 최애 색 밴드를 달아 두는 거야.,"기념품 샵에 가면 그 색깔의 러버 밴드가
있어.",그런 방식이거든.,반말형,sub_0213_726.1s.jpg,0.04,,,25.0,90.0,50.0,78.0,75.0,0.78292,0.0,66.0,0.0,0.0,0.2225,싫은 거야.,싫어?,일본어 원문 대조 + 자연스러운 한국어 대사 교정,47.94,T3,화자·문맥·자연스러움 집중 검토,,94.81865284974094,67.63,P2,앞뒤 5블록·사진·오류 기억을 함께 검토
ABF-305,사진 대조 1차 교정본,214,"00:12:11,540 --> 00:12:12,680",1.14,그런 방식이거든.,그래서 최애 색 밴드를 달아 두는 거야.,최애는 어떤 거야?,중립·혼합형,sub_0214_731.5s.jpg,0.04,,,25.0,90.0,50.0,78.0,75.0,0.48675,42.0,66.0,0.0,0.0,1.0,그런 방식이거든.,그렇게 구분하는 거야.,,43.06,T3,화자·문맥·자연스러움 집중 검토,,82.23538119911177,59.51,P2,앞뒤 5블록·사진·오류 기억을 함께 검토
ABF-305,사진 대조 1차 교정본,215,"00:12:13,240 --> 00:12:14,300",1.06,최애는 어떤 거야?,그런 방식이거든.,"최애 말이지, 저번에 왔을 때 정했었는데.",반응형,sub_0215_733.2s.jpg,0.04,,,25.0,90.0,50.0,78.0,75.0,0.47444,0.0,66.0,0.0,0.0,0.2791,끼우는 거야?,끼는 거지?,일본어 원문 대조 + 자연스러운 한국어 대사 교정,34.99,T4,구조검사 통과 시 유지,,49.88897113249445,41.25,P3,말투·질문응답·가독성 위주 검토
ABF-305,사진 대조 1차 교정본,216,"00:12:15,000 --> 00:12:17,300",2.3,"최애 말이지, 저번에 왔을 때 정했었는데.",최애는 어떤 거야?,까먹어 버렸어.,반말형,sub_0216_735.0s.jpg,0.0,,,25.0,90.0,50.0,78.0,75.0,0.77303,0.0,66.0,0.0,0.0,0.2612,"존댓말 쓰면 말이지,",존댓말 쓰면 말이지,,47.53,T3,화자·문맥·자연스러움 집중 검토,,94.33752775721688,67.19,P2,앞뒤 5블록·사진·오류 기억을 함께 검토
ABF-305,사진 대조 1차 교정본,217,"00:12:17,860 --> 00:12:18,820",0.96,까먹어 버렸어.,"최애 말이지, 저번에 왔을 때 정했었는데.",까먹었구나.,반응형,sub_0217_737.9s.jpg,0.04,,,25.0,90.0,50.0,78.0,75.0,0.5353,0.0,66.0,0.0,0.0,0.5766,"아, 가 버렸어.",끈이 아직 남아 있어요.,일본어 원문 + 타임스탬프 사진 + 장면 연속성,37.54,T3,화자·문맥·자연스러움 집중 검토,,61.065877128053295,47.42,P3,말투·질문응답·가독성 위주 검토
ABF-305,사진 대조 1차 교정본,218,"00:12:18,940 --> 00:12:19,360",0.42,까먹었구나.,까먹어 버렸어.,까먹어 버렸네.,중립·혼합형,sub_0218_738.9s.jpg,0.04,,,25.0,90.0,50.0,78.0,75.0,0.49601,0.0,66.0,0.0,0.0,0.3193,생각하고 있었구나.,역시 생각하고 있었구나.,일본어 원문 대조 + 자연스러운 한국어 대사 교정,35.89,T3,화자·문맥·자연스러움 집중 검토,,54.36713545521835,43.65,P3,말투·질문응답·가독성 위주 검토
ABF-305,사진 대조 1차 교정본,219,"00:12:20,800 --> 00:12:22,600",1.8,까먹어 버렸네.,까먹었구나.,인생샷.,반응형,sub_0219_740.8s.jpg,0.0,,,25.0,90.0,50.0,78.0,75.0,0.58689,0.0,66.0,0.0,0.0,0.4313,또 무직이 돼 버렸네.,또 갈 것 같아…,타임스탬프 사진으로 장면 불일치 확인 후 재복원,39.71,T3,화자·문맥·자연스러움 집중 검토,,70.61435973353072,52.69,P3,말투·질문응답·가독성 위주 검토
ABF-305,사진 대조 1차 교정본,220,"00:12:28,200 --> 00:12:28,580",0.38,인생샷.,까먹어 버렸네.,인생샷.,중립·혼합형,sub_0220_748.2s.jpg,0.0,,,25.0,90.0,50.0,78.0,75.0,0.35663,0.0,66.0,0.0,0.0,0.0502,"오-, 인증됐어.",[불명],,30.04,T4,구조검사 통과 시 유지,,29.57068837897853,29.84,P4,회귀검사 통과 시 유지
ABF-305,사진 대조 1차 교정본,221,"00:12:28,820 --> 00:12:29,760",0.94,인생샷.,인생샷.,눈이 엄청 튀어나왔어.,중립·혼합형,sub_0221_748.8s.jpg,0.02,,,25.0,90.0,50.0,78.0,75.0,0.38074,0.0,66.0,0.0,0.0,0.0502,"오-, 인증됐어.",[불명],,31.05,T4,구조검사 통과 시 유지,,33.97483345669875,32.28,P4,회귀검사 통과 시 유지
ABF-305,사진 대조 1차 교정본,222,"00:12:34,250 --> 00:12:35,630",1.38,눈이 엄청 튀어나왔어.,인생샷.,"어, 어떤 거?",반응형,sub_0222_754.2s.jpg,0.05,,,25.0,90.0,50.0,78.0,75.0,0.56731,0.0,66.0,0.0,0.0,0.1479,진짜 엄청 좋아...,진짜 엄청 좋아…,,38.89,T3,화자·문맥·자연스러움 집중 검토,,66.17320503330866,50.35,P3,말투·질문응답·가독성 위주 검토
ABF-305,사진 대조 1차 교정본,223,"00:12:36,070 --> 00:12:36,550",0.48,"어, 어떤 거?",눈이 엄청 튀어나왔어.,눈 튀어나온 거.,반응형,sub_0223_756.1s.jpg,0.03,,,25.0,90.0,50.0,78.0,75.0,0.50389,0.0,66.0,0.0,0.0,0.3804,어떻게 먹는 거?,어떤 식으로?,일본어 원문 대조 + 자연스러운 한국어 대사 교정,36.22,T3,화자·문맥·자연스러움 집중 검토,,55.81051073279053,44.45,P3,말투·질문응답·가독성 위주 검토
ABF-305,사진 대조 1차 교정본,224,"00:12:36,890 --> 00:12:37,630",0.74,눈 튀어나온 거.,"어, 어떤 거?","아, 툭눈붕어.",반응형,sub_0224_756.9s.jpg,0.01,,,25.0,90.0,50.0,78.0,75.0,0.44873,0.0,66.0,0.0,0.0,0.1313,부끄러워하며 보여주는 거.,부끄러워하면서도 보여 주네.,일본어 원문 대조 + 자연스러운 한국어 대사 교정,33.91,T4,구조검사 통과 시 유지,,45.003700962250186,38.57,P4,회귀검사 통과 시 유지
ABF-305,사진 대조 1차 교정본,225,"00:12:37,710 --> 00:12:38,370",0.66,"아, 툭눈붕어.",눈 튀어나온 거.,눈이 엄청 튀어나왔네.,반응형,sub_0225_757.7s.jpg,0.01,,,25.0,90.0,50.0,78.0,75.0,0.51359,0.0,66.0,0.0,0.0,0.2739,"아, 아, 아, 아, 아, 아, 아,","아, 아, 아, 아, 아, 아, 아",,36.63,T3,화자·문맥·자연스러움 집중 검토,,57.21687638786085,45.28,P3,말투·질문응답·가독성 위주 검토
ABF-305,사진 대조 1차 교정본,226,"00:12:39,450 --> 00:12:40,510",1.06,눈이 엄청 튀어나왔네.,"아, 툭눈붕어.",아~ 굉장해.,반응형,sub_0226_759.5s.jpg,0.05,,,25.0,90.0,50.0,78.0,75.0,0.58214,0.0,66.0,0.0,0.0,0.1486,오늘 진짜 엄청 했네.,오늘 진짜 실컷 했네.,일본어 원문 대조 + 자연스러운 한국어 대사 교정,39.51,T3,화자·문맥·자연스러움 집중 검토,,69.5040710584752,52.11,P3,말투·질문응답·가독성 위주 검토
ABF-305,사진 대조 1차 교정본,227,"00:12:45,410 --> 00:12:46,410",1.0,아~ 굉장해.,눈이 엄청 튀어나왔네.,"와, 대단해.",반응형,sub_0227_765.4s.jpg,0.01,,,25.0,90.0,50.0,78.0,75.0,0.57025,27.35,66.0,0.0,0.0,0.8779,굉장해. 굉장해.,엄청나. 진짜 엄청나.,,43.93,T3,화자·문맥·자연스러움 집중 검토,,85.08512213175425,61.22,P2,앞뒤 5블록·사진·오류 기억을 함께 검토
ABF-305,사진 대조 1차 교정본,228,"00:13:00,170 --> 00:13:00,890",0.72,"와, 대단해.",아~ 굉장해.,가슴이네.,반말형,sub_0228_780.2s.jpg,0.03,,,25.0,90.0,50.0,78.0,75.0,0.50758,18.04,66.0,0.0,0.0,0.8003,대단해.,기분 좋네.,일본어 원문 + 타임스탬프 사진 + 장면 연속성,39.62,T3,화자·문맥·자연스러움 집중 검토,,70.13323464100665,52.44,P3,말투·질문응답·가독성 위주 검토
ABF-305,사진 대조 1차 교정본,229,"00:13:00,890 --> 00:13:01,570",0.68,가슴이네.,"와, 대단해.","응, 대단해. 금붕어인 줄 알았어.",반말형,sub_0229_780.9s.jpg,0.01,,,25.0,90.0,50.0,78.0,79.0,0.58939,0.0,66.0,0.0,0.0,0.6324,정말 예쁜 가슴이네...,정말 예쁜 가슴이네…,,40.05,T3,화자·문맥·자연스러움 집중 검토,,71.72464840858623,53.35,P3,말투·질문응답·가독성 위주 검토
ABF-305,사진 대조 1차 교정본,230,"00:13:01,730 --> 00:13:02,970",1.24,"응, 대단해. 금붕어인 줄 알았어.",가슴이네.,건배할까?,반응형,sub_0230_781.7s.jpg,0.03,,,25.0,90.0,50.0,78.0,75.0,0.79723,0.0,66.0,0.0,0.0,0.4196,대단해.,기분 좋네.,일본어 원문 + 타임스탬프 사진 + 장면 연속성,48.54,T3,화자·문맥·자연스러움 집중 검토,,95.63286454478165,68.32,P2,앞뒤 5블록·사진·오류 기억을 함께 검토
ABF-305,사진 대조 1차 교정본,231,"00:13:03,790 --> 00:13:09,560",5.77,건배할까?,"응, 대단해. 금붕어인 줄 알았어.",그렇네.,중립·혼합형,sub_0231_783.8s.jpg,0.01,,,25.0,90.0,50.0,78.0,75.0,0.41562,0.0,66.0,0.0,0.0,0.3079,뭐 할까?,내가 먼저?,일본어 원문 + 타임스탬프 사진 + 장면 연속성,32.52,T4,구조검사 통과 시 유지,,39.82235381199112,35.59,P4,회귀검사 통과 시 유지
ABF-305,사진 대조 1차 교정본,232,"00:13:09,840 --> 00:13:10,280",0.44,그렇네.,건배할까?,진짜 크다.,반말형,sub_0232_789.8s.jpg,0.04,,,25.0,90.0,50.0,78.0,75.0,0.2593,0.0,66.0,0.0,0.0,0.1199,그렇구나.,손 정말 잘 쓰네.,일본어 원문 + 타임스탬프 사진 + 장면 연속성,25.95,T4,구조검사 통과 시 유지,,16.580310880829018,22.01,P4,회귀검사 통과 시 유지
ABF-305,사진 대조 1차 교정본,233,"00:13:10,820 --> 00:13:11,260",0.44,진짜 크다.,그렇네.,아하하하.,중립·혼합형,sub_0233_790.8s.jpg,0.02,,,25.0,90.0,50.0,78.0,75.0,0.36841,0.0,66.0,0.0,0.0,0.261,진짜 엄청 좋아...,진짜 엄청 좋아…,,30.53,T4,구조검사 통과 시 유지,,31.45817912657291,30.92,P4,회귀검사 통과 시 유지
ABF-305,사진 대조 1차 교정본,234,"00:13:11,580 --> 00:13:12,240",0.66,아하하하.,진짜 크다.,건배.,반응형,sub_0234_791.6s.jpg,0.02,,,25.0,90.0,50.0,78.0,75.0,0.24232,0.0,66.0,0.0,0.0,0.0369,좋아하는...,좋아하는…,,25.24,T4,구조검사 통과 시 유지,,14.803849000740193,20.86,P4,회귀검사 통과 시 유지
ABF-305,사진 대조 1차 교정본,235,"00:13:12,240 --> 00:13:12,540",0.3,건배.,아하하하.,수족관 좋았지.,중립·혼합형,sub_0235_792.2s.jpg,0.04,,,25.0,90.0,50.0,78.0,75.0,0.23122,0.0,66.0,0.0,0.0,0.0424,여기서 하는 건 역시 좋아.,역시 가까이서 보니까 좋네요.,사진 장면 확인 및 한국어 번역투·ASR 오역 교정,24.77,T4,구조검사 통과 시 유지,,13.656550703182827,20.1,P4,회귀검사 통과 시 유지
ABF-305,사진 대조 1차 교정본,236,"00:13:23,220 --> 00:13:24,480",1.26,수족관 좋았지.,건배.,"벌써 마시고 있네, 타이밍 다 무시하고 해.",반말형,sub_0236_803.2s.jpg,0.02,,,25.0,90.0,50.0,78.0,75.0,0.52691,0.0,66.0,0.0,0.0,0.1267,좋았다.,좋지?,,37.19,T3,화자·문맥·자연스러움 집중 검토,,59.733530717986675,46.66,P3,말투·질문응답·가독성 위주 검토
ABF-305,사진 대조 1차 교정본,237,"00:13:44,660 --> 00:13:46,260",1.6,"벌써 마시고 있네, 타이밍 다 무시하고 해.",수족관 좋았지.,"근데 사실 오늘, 앨리스한테 줄 선물이
있어.",반말형,sub_0237_824.7s.jpg,0.04,,,25.0,90.0,50.0,78.0,75.0,0.79264,0.0,66.0,0.0,0.0,0.2414,토헤산을 마시고 있어.,이거 마셔 보고 싶었어요.,사진 장면 확인 및 한국어 번역투·ASR 오역 교정,48.35,T3,화자·문맥·자연스러움 집중 검토,,95.48482605477425,68.15,P2,앞뒤 5블록·사진·오류 기억을 함께 검토
ABF-305,사진 대조 1차 교정본,238,"00:14:05,200 --> 00:14:09,080",3.88,"근데 사실 오늘, 앨리스한테 줄 선물이
있어.","벌써 마시고 있네, 타이밍 다 무시하고 해.","아~ 근데 지금 갖고 있는 건 아니고,
조금만 이따가 도착할 거야.",중립·혼합형,sub_0238_845.2s.jpg,0.0,,,25.0,90.0,50.0,78.0,75.0,0.57542,0.0,66.0,0.0,0.0,0.1476,뒤에 있어.,뒤쪽도 보여 줘.,일본어 원문 대조 + 자연스러운 한국어 대사 교정,39.23,T3,화자·문맥·자연스러움 집중 검토,,67.91265729089562,51.28,P3,말투·질문응답·가독성 위주 검토
ABF-305,사진 대조 1차 교정본,239,"00:14:12,180 --> 00:14:17,320",5.14,"아~ 근데 지금 갖고 있는 건 아니고,
조금만 이따가 도착할 거야.","근데 사실 오늘, 앨리스한테 줄 선물이
있어.",도착해?,반말형,sub_0239_852.2s.jpg,0.02,,,25.0,90.0,50.0,78.0,75.0,0.53015,0.0,66.0,0.0,0.0,0.207,조금만 더...,조금만 더…,,37.33,T3,화자·문맥·자연스러움 집중 검토,,60.32568467801629,46.99,P3,말투·질문응답·가독성 위주 검토
ABF-305,사진 대조 1차 교정본,240,"00:14:17,860 --> 00:14:18,660",0.8,도착해?,"아~ 근데 지금 갖고 있는 건 아니고,
조금만 이따가 도착할 거야.",응.,반말형,sub_0240_857.9s.jpg,0.04,,,25.0,90.0,50.0,78.0,75.0,0.18782,0.0,66.0,0.0,0.0,0.1931,"이제 곧 약속 장소에 도착해서, 그쪽으로 가 보려고 합니다.",이제 곧 약속 장소에 도착해서 그쪽으로 가 보려고 합니다.,,22.95,T4,구조검사 통과 시 유지,,9.363434492968171,17.24,P4,회귀검사 통과 시 유지
ABF-305,사진 대조 1차 교정본,241,"00:14:18,800 --> 00:14:19,000",0.2,응.,도착해?,뭐야? 뭐가 오는 건데?,반응형,sub_0241_858.8s.jpg,0.0,,,25.0,90.0,50.0,78.0,75.0,0.03352,0.0,66.0,0.0,0.0,0.4149,"하-, 응.",하아… 응.,,16.47,T4,구조검사 통과 시 유지,,0.5551443375277573,9.79,P4,회귀검사 통과 시 유지
ABF-305,사진 대조 1차 교정본,242,"00:14:20,160 --> 00:14:21,360",1.2,뭐야? 뭐가 오는 건데?,응.,에이~ 괜히 부끄럽네.,반말형,sub_0242_860.2s.jpg,0.04,,,25.0,90.0,50.0,78.0,75.0,0.59339,0.0,66.0,0.0,0.0,0.3644,"아, 아... 뭐야?","아, 아… 뭐야?",,39.98,T3,화자·문맥·자연스러움 집중 검토,,71.46558105107329,53.2,P3,말투·질문응답·가독성 위주 검토
ABF-305,사진 대조 1차 교정본,243,"00:14:22,880 --> 00:14:23,900",1.02,에이~ 괜히 부끄럽네.,뭐야? 뭐가 오는 건데?,기대해도 좋은 거야?,반말형,sub_0243_862.9s.jpg,0.02,,,25.0,90.0,50.0,78.0,75.0,0.62856,0.0,66.0,0.0,0.0,0.1415,바다 더럽네.,진짜 예쁘네.,일본어 원문 대조 + 자연스러운 한국어 대사 교정,41.46,T3,화자·문맥·자연스러움 집중 검토,,77.720207253886,56.69,P3,말투·질문응답·가독성 위주 검토
ABF-305,사진 대조 1차 교정본,244,"00:14:27,300 --> 00:14:28,680",1.38,기대해도 좋은 거야?,에이~ 괜히 부끄럽네.,"음, 뭐, 그렇지.",반말형,sub_0244_867.3s.jpg,0.0,,,25.0,90.0,50.0,78.0,75.0,0.65371,0.0,66.0,0.0,0.0,0.405,이 자세가 좋은 거야?,내가 신진대사가 좋은 건가?,일본어 원문 대조 + 자연스러운 한국어 대사 교정,42.52,T3,화자·문맥·자연스러움 집중 검토,,80.68097705403406,58.55,P2,앞뒤 5블록·사진·오류 기억을 함께 검토
ABF-305,사진 대조 1차 교정본,245,"00:14:30,280 --> 00:14:33,020",2.74,"음, 뭐, 그렇지.",기대해도 좋은 거야?,기대하고 있어 줘.,반말형,sub_0245_870.3s.jpg,0.02,,,25.0,90.0,50.0,78.0,75.0,0.61419,0.0,66.0,0.0,0.0,0.38,"더 야하게 해 봐. 음, 음, 음... 그렇지!","더 야하게 해 봐. 음, 음, 음… 그렇지!",,40.86,T3,화자·문맥·자연스러움 집중 검토,,75.09252405625463,55.24,P3,말투·질문응답·가독성 위주 검토
ABF-305,사진 대조 1차 교정본,246,"00:14:35,520 --> 00:14:37,960",2.44,기대하고 있어 줘.,"음, 뭐, 그렇지.","자, 눈 보면서 빼빼로 게임 하자.",반응형,sub_0246_875.5s.jpg,0.02,,,25.0,90.0,50.0,78.0,75.0,0.66792,0.0,66.0,0.0,0.0,0.2371,이어 줘.,이제 둘 다 벗었네.,일본어 원문 + 타임스탬프 사진 + 장면 연속성,43.11,T3,화자·문맥·자연스러움 집중 검토,,82.30940044411547,59.57,P2,앞뒤 5블록·사진·오류 기억을 함께 검토
ABF-305,사진 대조 1차 교정본,247,"00:14:50,860 --> 00:14:53,640",2.78,"자, 눈 보면서 빼빼로 게임 하자.",기대하고 있어 줘.,"안 되겠다, 웃겨서.",중립·혼합형,sub_0247_890.9s.jpg,0.04,,,25.0,90.0,50.0,78.0,83.0,0.95366,0.0,66.0,0.0,0.0,0.2877,이쪽 보면서 할 수 있어.,이쪽 보면서 해 줘.,일본어 원문 대조 + 자연스러운 한국어 대사 교정,55.59,T3,화자·문맥·자연스러움 집중 검토,,99.7779422649889,74.15,P1,장면 패킷을 열고 후보 3개를 생성해 반증 검토
ABF-305,사진 대조 1차 교정본,248,"00:14:59,440 --> 00:15:00,420",0.98,"안 되겠다, 웃겨서.","자, 눈 보면서 빼빼로 게임 하자.",아하하하.,중립·혼합형,sub_0248_899.4s.jpg,0.04,,,25.0,90.0,50.0,78.0,75.0,0.59217,0.0,66.0,0.0,0.0,0.1473,"아, 진짜 웃겨.",어? 무슨 말이야?,일본어 원문 + 타임스탬프 사진 + 장면 연속성,39.93,T3,화자·문맥·자연스러움 집중 검토,,71.24352331606218,53.08,P3,말투·질문응답·가독성 위주 검토
ABF-305,사진 대조 1차 교정본,249,"00:15:00,420 --> 00:15:02,760",2.34,아하하하.,"안 되겠다, 웃겨서.",눈빛을 의식하네.,반응형,sub_0249_900.4s.jpg,0.02,,,25.0,90.0,50.0,78.0,75.0,0.24563,0.0,66.0,0.0,0.0,0.0369,좋아하는...,좋아하는…,,25.38,T4,구조검사 통과 시 유지,,15.025906735751295,21.03,P4,회귀검사 통과 시 유지
ABF-305,사진 대조 1차 교정본,250,"00:15:10,380 --> 00:15:11,420",1.04,눈빛을 의식하네.,아하하하.,꽤 그렇네.,반말형,sub_0250_910.4s.jpg,0.02,,,25.0,90.0,50.0,78.0,75.0,0.41151,0.0,66.0,0.0,0.0,0.1337,대단하네.,땀이 엄청나네.,손상된 일본어 ASR + 타임스탬프 사진 + 앞뒤 문맥 추론,32.34,T4,구조검사 통과 시 유지,,38.52701702442635,34.94,P4,회귀검사 통과 시 유지
ABF-305,사진 대조 1차 교정본,251,"00:15:11,660 --> 00:15:12,300",0.64,꽤 그렇네.,눈빛을 의식하네.,근데 꽤 부드럽네.,반말형,sub_0251_911.7s.jpg,0.04,,,25.0,90.0,50.0,78.0,75.0,0.40824,0.0,66.0,0.0,0.0,0.1318,이제 꽤 했으니 잠깐 쉬어요.,이제 꽤 했으니 잠깐 쉬자.,사진 장면 확인 및 한국어 번역투·ASR 오역 교정,32.21,T4,구조검사 통과 시 유지,,38.267949666913395,34.75,P4,회귀검사 통과 시 유지
ABF-305,사진 대조 1차 교정본,252,"00:15:12,500 --> 00:15:13,860",1.36,근데 꽤 부드럽네.,꽤 그렇네.,응.,반말형,sub_0252_912.5s.jpg,0.0,,,25.0,90.0,50.0,78.0,75.0,0.51117,0.0,66.0,0.0,0.0,0.2361,부드럽게...,부드럽게…,,36.53,T3,화자·문맥·자연스러움 집중 검토,,56.73575129533679,45.02,P3,말투·질문응답·가독성 위주 검토
ABF-305,사진 대조 1차 교정본,253,"00:15:14,240 --> 00:15:14,260",0.02,응.,근데 꽤 부드럽네.,이렇게 정면을 마주 보고 하는 게 아니잖아.,반응형,sub_0253_914.2s.jpg,0.04,,,25.0,90.0,50.0,78.0,75.0,0.09581,0.0,66.0,70.0,0.0,0.4149,"하-, 응.",하아… 응.,,26.08,T4,구조검사 통과 시 유지,high_cps,17.172464840858623,22.34,P4,회귀검사 통과 시 유지
ABF-305,사진 대조 1차 교정본,254,"00:15:14,840 --> 00:15:16,520",1.68,이렇게 정면을 마주 보고 하는 게 아니잖아.,응.,옆으로.,중립·혼합형,sub_0254_914.8s.jpg,0.04,,,25.0,90.0,50.0,78.0,75.0,0.83716,0.0,66.0,0.0,0.0,0.28,"저기, 우리가 손톱이라고 말한 건 아니잖아.",아까 손톱으로 긁은 건 아니잖아.,타임스탬프 사진과 앞뒤 장면으로 대사 기능 복원,50.22,T3,화자·문맥·자연스러움 집중 검토,,97.55736491487787,70.1,P2,앞뒤 5블록·사진·오류 기억을 함께 검토
ABF-305,사진 대조 1차 교정본,255,"00:15:18,500 --> 00:15:18,900",0.4,옆으로.,이렇게 정면을 마주 보고 하는 게 아니잖아.,이거 먹으면 이제 선물 받을 시간이야.,반응형,sub_0255_918.5s.jpg,0.0,,,25.0,90.0,50.0,78.0,75.0,0.35998,0.0,66.0,0.0,0.0,0.2984,옆으로 돌아누워 주세요.,옆으로 돌아누워 줘.,일본어 원문 대조 + 자연스러운 한국어 대사 교정,30.18,T4,구조검사 통과 시 유지,,30.199851961509992,30.19,P4,회귀검사 통과 시 유지
ABF-305,사진 대조 1차 교정본,256,"00:15:22,320 --> 00:15:27,300",4.98,이거 먹으면 이제 선물 받을 시간이야.,옆으로.,응?,반말형,sub_0256_922.3s.jpg,0.02,,,25.0,90.0,50.0,78.0,75.0,0.70767,0.0,66.0,0.0,0.0,0.1557,"싫다고 거절하면 전부 혼자 먹으면 되지, 그렇게 생각하면서.","거절당하면 혼자 다 먹으면 된다고 생각하면서,",,44.78,T3,화자·문맥·자연스러움 집중 검토,,88.00888230940045,62.94,P2,앞뒤 5블록·사진·오류 기억을 함께 검토
ABF-305,사진 대조 1차 교정본,257,"00:15:28,620 --> 00:15:28,920",0.3,응?,이거 먹으면 이제 선물 받을 시간이야.,먹고 나면 딱 선물 올 시간이야.,반응형,sub_0257_928.6s.jpg,0.02,,,25.0,90.0,50.0,78.0,75.0,0.22373,0.0,66.0,0.0,0.0,0.4138,응? 잠깐 기다려…,응? 잠깐만…,일본어 원문 대조 + 자연스러운 한국어 대사 교정,24.46,T4,구조검사 통과 시 유지,,12.916358253145818,19.61,P4,회귀검사 통과 시 유지
ABF-305,사진 대조 1차 교정본,258,"00:15:29,960 --> 00:15:31,960",2.0,먹고 나면 딱 선물 올 시간이야.,응?,"아, 이거 아니야?",반말형,sub_0258_930.0s.jpg,0.04,,,25.0,90.0,50.0,78.0,75.0,0.70833,0.0,66.0,0.0,0.0,0.1213,마지막으로 진심을 나눌 시간이 필요합니다.,마지막으로 마음을 나눌 시간이 필요해요.,,44.81,T3,화자·문맥·자연스러움 집중 검토,,88.119911176906,63.0,P2,앞뒤 5블록·사진·오류 기억을 함께 검토
ABF-305,사진 대조 1차 교정본,259,"00:15:34,380 --> 00:15:35,280",0.9,"아, 이거 아니야?",먹고 나면 딱 선물 올 시간이야.,이거 아니야?,반응형,sub_0259_934.4s.jpg,0.02,,,25.0,90.0,50.0,78.0,75.0,0.55806,0.0,66.0,0.0,0.0,0.613,온천 아니야?,뭔가…,일본어 원문 + 타임스탬프 사진 + 장면 연속성,38.5,T3,화자·문맥·자연스러움 집중 검토,,64.76683937823834,49.53,P3,말투·질문응답·가독성 위주 검토
ABF-305,사진 대조 1차 교정본,260,"00:15:36,160 --> 00:15:36,940",0.78,이거 아니야?,"아, 이거 아니야?","응, 아니야 아니야.",반응형,sub_0260_936.2s.jpg,0.04,,,25.0,90.0,50.0,78.0,75.0,0.43055,0.0,66.0,0.0,0.0,0.6489,온천 아니야?,뭔가…,일본어 원문 + 타임스탬프 사진 + 장면 연속성,33.14,T4,구조검사 통과 시 유지,,42.2279792746114,36.96,P4,회귀검사 통과 시 유지
ABF-305,사진 대조 1차 교정본,261,"00:15:37,060 --> 00:15:37,660",0.6,"응, 아니야 아니야.",이거 아니야?,응.,반응형,sub_0261_937.1s.jpg,0.04,,,25.0,90.0,50.0,78.0,75.0,0.44878,0.0,66.0,0.0,0.0,0.3295,- 이제 무리야... - 무리 아니야. 조금만 더.,- 이제 무리야… - 무리 아니야. 조금만 더.,,33.91,T4,구조검사 통과 시 유지,,45.003700962250186,38.57,P4,회귀검사 통과 시 유지
ABF-305,사진 대조 1차 교정본,262,"00:15:37,660 --> 00:15:37,820",0.16,응.,"응, 아니야 아니야.","아, 머리 아파.",반응형,sub_0262_937.7s.jpg,0.04,,,25.0,90.0,50.0,78.0,75.0,0.02859,0.0,66.0,0.0,0.0,0.4149,"하-, 응.",하아… 응.,,16.26,T4,구조검사 통과 시 유지,,0.22205773501110287,9.52,P4,회귀검사 통과 시 유지
ABF-305,사진 대조 1차 교정본,263,"00:15:41,680 --> 00:15:42,700",1.02,"아, 머리 아파.",응.,왜 이 길을 걷고 있는지.,반응형,sub_0263_941.7s.jpg,0.02,,,25.0,90.0,50.0,78.0,75.0,0.33714,0.0,66.0,0.0,0.0,0.5363,배가 아파.,안쪽이 아파.,,29.22,T4,구조검사 통과 시 유지,,26.27683197631384,27.98,P4,회귀검사 통과 시 유지
ABF-305,사진 대조 1차 교정본,264,"00:15:48,230 --> 00:15:50,830",2.6,왜 이 길을 걷고 있는지.,"아, 머리 아파.",모르겠어.,반말형,sub_0264_948.2s.jpg,0.03,,,25.0,90.0,50.0,78.0,75.0,0.60276,0.0,66.0,0.0,0.0,0.4187,어떤 식으로 가고 있는지.,어떻게 가고 있는지.,,40.38,T3,화자·문맥·자연스러움 집중 검토,,73.05699481865285,54.1,P3,말투·질문응답·가독성 위주 검토
ABF-305,사진 대조 1차 교정본,265,"00:15:51,390 --> 00:15:52,130",0.74,모르겠어.,왜 이 길을 걷고 있는지.,모르겠어.,반응형,sub_0265_951.4s.jpg,0.01,,,25.0,90.0,50.0,78.0,75.0,0.37593,0.0,66.0,0.0,0.0,0.479,오늘 왜 이러는지 나도 모르겠어...,오늘 왜 이러는지 나도 모르겠어…,,30.85,T4,구조검사 통과 시 유지,,33.012583271650634,31.76,P4,회귀검사 통과 시 유지
ABF-305,사진 대조 1차 교정본,266,"00:15:52,450 --> 00:15:53,150",0.7,모르겠어.,모르겠어.,이런 곳을 걷게 하는 건가요?,반응형,sub_0266_952.5s.jpg,0.05,,,25.0,90.0,50.0,78.0,75.0,0.40305,0.0,66.0,0.0,0.0,0.479,오늘 왜 이러는지 나도 모르겠어...,오늘 왜 이러는지 나도 모르겠어…,,31.99,T4,구조검사 통과 시 유지,,37.231680236861585,34.19,P4,회귀검사 통과 시 유지
ABF-305,사진 대조 1차 교정본,267,"00:15:53,150 --> 00:15:55,350",2.2,이런 곳을 걷게 하는 건가요?,모르겠어.,위험하지.,중립·혼합형,sub_0267_953.1s.jpg,0.05,,,25.0,90.0,50.0,78.0,75.0,0.71109,0.0,66.0,0.0,0.0,0.4227,이제 살려 주실 건가요?,이제 좀 살려 주실 건가요?,사진 장면 확인 및 한국어 번역투·ASR 오역 교정,44.93,T3,화자·문맥·자연스러움 집중 검토,,88.45299777942265,63.21,P2,앞뒤 5블록·사진·오류 기억을 함께 검토
ABF-305,사진 대조 1차 교정본,268,"00:15:55,530 --> 00:15:56,410",0.88,위험하지.,이런 곳을 걷게 하는 건가요?,위험해.,반말형,sub_0268_955.5s.jpg,0.03,,,25.0,90.0,50.0,78.0,75.0,0.28459,0.0,66.0,0.0,0.0,0.1955,당연하지.,그럼 같이 닦자.,타임스탬프 사진과 앞뒤 장면으로 대사 기능 복원,27.01,T4,구조검사 통과 시 유지,,19.91117690599556,24.03,P4,회귀검사 통과 시 유지
ABF-305,사진 대조 1차 교정본,269,"00:15:56,650 --> 00:15:57,310",0.66,위험해.,위험하지.,미안해.,반말형,sub_0269_956.6s.jpg,0.05,,,25.0,90.0,50.0,78.0,75.0,0.37384,42.0,66.0,0.0,0.0,1.0,위험해.,큰일 나.,,38.32,T3,화자·문맥·자연스러움 집중 검토,,63.80458919319023,49.02,P3,말투·질문응답·가독성 위주 검토
ABF-305,사진 대조 1차 교정본,270,"00:15:57,730 --> 00:15:58,170",0.44,미안해.,위험해.,"이미 네 눈에 보이겠지만, 저 리무진.",반말형,sub_0270_957.7s.jpg,0.03,,,25.0,90.0,50.0,78.0,75.0,0.31106,18.85,66.0,0.0,0.0,0.8071,아... 미안해.,아… 미안해.,,31.52,T4,구조검사 통과 시 유지,,35.41820873427091,33.16,P4,회귀검사 통과 시 유지
ABF-305,사진 대조 1차 교정본,271,"00:15:58,770 --> 00:16:02,450",3.68,"이미 네 눈에 보이겠지만, 저 리무진.",미안해.,너를 위해 준비했어.,반말형,sub_0271_958.8s.jpg,0.03,,,25.0,90.0,50.0,78.0,75.0,0.77157,0.0,66.0,0.0,0.0,0.1294,이미 넘어가 버린 것 같네...,이미 넘어가 버린 것 같네…,,47.47,T3,화자·문맥·자연스러움 집중 검토,,94.07846039970393,67.05,P2,앞뒤 5블록·사진·오류 기억을 함께 검토
ABF-305,사진 대조 1차 교정본,272,"00:16:02,870 --> 00:16:04,190",1.32,너를 위해 준비했어.,"이미 네 눈에 보이겠지만, 저 리무진.",리무진?,반응형,sub_0272_962.9s.jpg,0.03,,,25.0,90.0,50.0,78.0,75.0,0.56126,0.0,66.0,0.0,0.0,0.1475,당신을 위해 도망치겠습니다.,[불명],,38.63,T3,화자·문맥·자연스러움 집중 검토,,65.21095484826056,49.79,P3,말투·질문응답·가독성 위주 검토
ABF-305,사진 대조 1차 교정본,273,"00:16:05,330 --> 00:16:05,950",0.62,리무진?,너를 위해 준비했어.,이것 봐.,중립·혼합형,sub_0273_965.3s.jpg,0.03,,,25.0,90.0,50.0,78.0,75.0,0.37085,0.0,66.0,0.0,0.0,0.0488,말할 리가 없잖아.,들킬 리가 없잖아.,앞뒤 대사 문맥 교정,30.64,T4,구조검사 통과 시 유지,,32.198371576609915,31.29,P4,회귀검사 통과 시 유지
ABF-305,사진 대조 1차 교정본,274,"00:16:06,690 --> 00:16:07,010",0.32,이것 봐.,리무진?,대단해.,중립·혼합형,sub_0274_966.7s.jpg,0.01,,,25.0,90.0,50.0,78.0,75.0,0.57699,0.0,66.0,0.0,0.0,0.2871,엉덩이 좀 봐.,이 유카타 진짜 귀엽네.,일본어 원문 + 타임스탬프 사진 + 장면 연속성,39.29,T3,화자·문맥·자연스러움 집중 검토,,68.2457438934123,51.45,P3,말투·질문응답·가독성 위주 검토
ABF-305,사진 대조 1차 교정본,275,"00:16:07,530 --> 00:16:07,930",0.4,대단해.,이것 봐.,앨리스를 위해 준비했어.,반말형,sub_0275_967.5s.jpg,0.03,,,25.0,90.0,50.0,78.0,75.0,0.37877,42.0,66.0,0.0,0.0,1.0,대단해.,기분 좋네.,일본어 원문 + 타임스탬프 사진 + 장면 연속성,38.53,T3,화자·문맥·자연스러움 집중 검토,,64.91487786824575,49.61,P3,말투·질문응답·가독성 위주 검토
ABF-305,사진 대조 1차 교정본,276,"00:16:08,370 --> 00:16:09,670",1.3,앨리스를 위해 준비했어.,대단해.,엄청 기네.,반응형,sub_0276_968.4s.jpg,0.03,,,25.0,90.0,50.0,78.0,75.0,0.77195,0.0,66.0,0.0,0.0,0.1611,앨리스잖아.,앨리스도 그렇잖아.,,47.48,T3,화자·문맥·자연스러움 집중 검토,,94.15247964470763,67.08,P2,앞뒤 5블록·사진·오류 기억을 함께 검토
ABF-305,사진 대조 1차 교정본,277,"00:16:10,170 --> 00:16:10,950",0.78,엄청 기네.,앨리스를 위해 준비했어.,"자, 그럼...",반말형,sub_0277_970.2s.jpg,0.03,,,25.0,90.0,50.0,78.0,75.0,0.54333,0.0,66.0,0.0,0.0,0.2413,오늘 진짜 엄청 했네.,오늘 진짜 실컷 했네.,일본어 원문 대조 + 자연스러운 한국어 대사 교정,37.88,T3,화자·문맥·자연스러움 집중 검토,,62.17616580310881,48.08,P3,말투·질문응답·가독성 위주 검토
ABF-305,사진 대조 1차 교정본,278,"00:16:11,150 --> 00:16:11,610",0.46,"자, 그럼...",엄청 기네.,처음 타보는데.,중립·혼합형,sub_0278_971.1s.jpg,0.05,,,25.0,90.0,50.0,78.0,75.0,0.53306,30.58,66.0,0.0,0.0,0.9048,그럼...,그럼…,,42.95,T3,화자·문맥·자연스러움 집중 검토,,81.93930421909697,59.33,P2,앞뒤 5블록·사진·오류 기억을 함께 검토
ABF-305,사진 대조 1차 교정본,279,"00:16:12,090 --> 00:16:13,290",1.2,처음 타보는데.,"자, 그럼...",그럼 내가 에스코트할게.,중립·혼합형,sub_0279_972.1s.jpg,0.01,,,25.0,90.0,50.0,78.0,75.0,0.5241,0.0,66.0,0.0,0.0,0.1761,이런 경험 처음 당해봐?,이런 경험 처음 당해 봐?,,37.07,T3,화자·문맥·자연스러움 집중 검토,,59.067357512953365,46.31,P3,말투·질문응답·가독성 위주 검토
ABF-305,사진 대조 1차 교정본,280,"00:16:13,290 --> 00:16:15,210",1.92,그럼 내가 에스코트할게.,처음 타보는데.,대박! 대박. 대박. 대박.,중립·혼합형,sub_0280_973.3s.jpg,0.01,,,25.0,90.0,50.0,78.0,75.0,0.48196,0.0,66.0,0.0,0.0,0.2124,그럼 네가 갈 수 있게 내가 노력해볼게.,그럼 네가 갈 수 있게 내가 노력해 볼게.,,35.3,T3,화자·문맥·자연스러움 집중 검토,,51.22131754256106,41.99,P3,말투·질문응답·가독성 위주 검토
ABF-305,사진 대조 1차 교정본,281,"00:16:15,210 --> 00:16:21,250",6.04,대박! 대박. 대박. 대박.,그럼 내가 에스코트할게.,저 장미.,중립·혼합형,sub_0281_975.2s.jpg,0.01,,,25.0,90.0,50.0,78.0,75.0,0.20705,0.0,66.0,0.0,0.0,0.62,에~ 대박.,에… 대박.,,23.76,T4,구조검사 통과 시 유지,,10.954848260547742,18.38,P4,회귀검사 통과 시 유지
ABF-305,사진 대조 1차 교정본,282,"00:16:22,370 --> 00:16:23,810",1.44,저 장미.,대박! 대박. 대박. 대박.,이것도?,중립·혼합형,sub_0282_982.4s.jpg,0.03,,,25.0,90.0,50.0,78.0,75.0,0.27852,0.0,66.0,0.0,0.0,0.1091,"저 녀석, 그대로 가버려.",그대로 가 버려.,,26.76,T4,구조검사 통과 시 유지,,19.022945965951145,23.51,P4,회귀검사 통과 시 유지
ABF-305,사진 대조 1차 교정본,283,"00:16:24,430 --> 00:16:25,390",0.96,이것도?,저 장미.,그게 오늘 앨리스를 위해 준비한 거야.,중립·혼합형,sub_0283_984.4s.jpg,0.03,,,25.0,90.0,50.0,78.0,75.0,0.27998,0.0,66.0,0.0,0.0,0.3165,이것도...,이것도…,,26.82,T4,구조검사 통과 시 유지,,19.24500370096225,23.64,P4,회귀검사 통과 시 유지
ABF-305,사진 대조 1차 교정본,284,"00:16:26,130 --> 00:16:28,830",2.7,그게 오늘 앨리스를 위해 준비한 거야.,이것도?,앨리스를 위해 준비한 거야.,반말형,sub_0284_986.1s.jpg,0.03,,,25.0,90.0,50.0,78.0,75.0,0.68004,0.0,66.0,0.0,0.0,0.2395,싫은 거야.,싫어?,일본어 원문 대조 + 자연스러운 한국어 대사 교정,43.62,T3,화자·문맥·자연스러움 집중 검토,,84.2339008142117,60.68,P2,앞뒤 5블록·사진·오류 기억을 함께 검토
ABF-305,사진 대조 1차 교정본,285,"00:16:30,050 --> 00:16:31,390",1.34,앨리스를 위해 준비한 거야.,그게 오늘 앨리스를 위해 준비한 거야.,기뻐.,반말형,sub_0285_990.0s.jpg,0.05,,,25.0,90.0,50.0,78.0,75.0,0.7922,0.0,66.0,0.0,0.0,0.2652,싫은 거야.,싫어?,일본어 원문 대조 + 자연스러운 한국어 대사 교정,48.33,T3,화자·문맥·자연스러움 집중 검토,,95.41080680977055,68.1,P2,앞뒤 5블록·사진·오류 기억을 함께 검토
ABF-305,사진 대조 1차 교정본,286,"00:16:32,390 --> 00:16:33,110",0.72,기뻐.,앨리스를 위해 준비한 거야.,기뻐.,중립·혼합형,sub_0286_992.4s.jpg,0.01,,,25.0,90.0,50.0,78.0,75.0,0.58773,42.0,66.0,0.0,0.0,1.0,기뻐.,기쁘다.,일본어 원문 대조 + 자연스러운 한국어 대사 교정,47.3,T3,화자·문맥·자연스러움 집중 검토,,93.56032568467802,66.73,P2,앞뒤 5블록·사진·오류 기억을 함께 검토
ABF-305,사진 대조 1차 교정본,287,"00:16:35,200 --> 00:16:38,480",3.28,기뻐.,기뻐.,"처음 받아봐. 기뻐! 고마워! 정말 정말
기뻐!",중립·혼합형,sub_0287_995.2s.jpg,0.0,,,25.0,90.0,50.0,78.0,75.0,0.70531,42.0,66.0,0.0,0.0,1.0,기뻐.,기쁘다.,일본어 원문 대조 + 자연스러운 한국어 대사 교정,52.24,T3,화자·문맥·자연스러움 집중 검토,,99.0377498149519,71.9,P2,앞뒤 5블록·사진·오류 기억을 함께 검토
ABF-305,사진 대조 1차 교정본,288,"00:16:38,480 --> 00:16:45,640",7.16,"처음 받아봐. 기뻐! 고마워! 정말 정말
기뻐!",기뻐.,"이걸 계속 들고 있으면 좀 그러니까, 저쪽에
놔둘까. 대단하다 리무진. 이런 느낌이구나.",중립·혼합형,sub_0288_998.5s.jpg,0.02,,,25.0,90.0,50.0,78.0,75.0,0.36309,0.0,66.0,0.0,0.0,0.23,정말 좋아.,거기 좋아.,타임스탬프 사진과 장면 흐름으로 명백한 오인식 교정,30.31,T4,구조검사 통과 시 유지,,30.495928941524795,30.39,P4,회귀검사 통과 시 유지
ABF-305,사진 대조 1차 교정본,289,"00:16:47,520 --> 00:16:54,920",7.4,"이걸 계속 들고 있으면 좀 그러니까, 저쪽에
놔둘까. 대단하다 리무진. 이런 느낌이구나.","처음 받아봐. 기뻐! 고마워! 정말 정말
기뻐!","자, 이건 웰컴 샴페인이라는 거야. 건배!",중립·혼합형,sub_0289_1007.5s.jpg,0.02,,,25.0,90.0,50.0,78.0,75.0,0.81183,0.0,66.0,0.0,0.0,0.1987,어... 그러니까.,어… 그러니까.,,49.16,T3,화자·문맥·자연스러움 집중 검토,,96.44707623982235,69.02,P2,앞뒤 5블록·사진·오류 기억을 함께 검토
ABF-305,사진 대조 1차 교정본,290,"00:16:57,160 --> 00:17:01,240",4.08,"자, 이건 웰컴 샴페인이라는 거야. 건배!","이걸 계속 들고 있으면 좀 그러니까, 저쪽에
놔둘까. 대단하다 리무진. 이런 느낌이구나.",건배하자!,반말형,sub_0290_1017.2s.jpg,0.04,,,25.0,90.0,50.0,78.0,75.0,0.60882,0.0,66.0,0.0,0.0,0.2834,샴페인이 뭐라고?,샴페인 이름이 뭐였지?,사진 장면 확인 및 한국어 번역투·ASR 오역 교정,40.63,T3,화자·문맥·자연스러움 집중 검토,,74.20429311621022,54.73,P3,말투·질문응답·가독성 위주 검토
ABF-305,사진 대조 1차 교정본,291,"00:17:02,960 --> 00:17:04,080",1.12,건배하자!,"자, 이건 웰컴 샴페인이라는 거야. 건배!","오늘 고마워. 고마웠어. 건배! 아직 웰컴
샴페인 안 끝났어.",중립·혼합형,sub_0291_1023.0s.jpg,0.04,,,25.0,90.0,50.0,78.0,75.0,0.21885,0.0,66.0,0.0,0.0,0.1915,가자!,잘 부탁해!,사진 장면 확인 및 한국어 번역투·ASR 오역 교정,24.25,T4,구조검사 통과 시 유지,,12.435233160621761,19.29,P4,회귀검사 통과 시 유지
ABF-305,사진 대조 1차 교정본,292,"00:17:07,860 --> 00:17:13,020",5.16,"오늘 고마워. 고마웠어. 건배! 아직 웰컴
샴페인 안 끝났어.",건배하자!,"이제부터가 중요해. 어, 벌써 해산?
아니야, 말 잘못했어.",중립·혼합형,sub_0292_1027.9s.jpg,0.04,,,25.0,90.0,50.0,78.0,75.0,0.57714,0.0,66.0,0.0,0.0,0.3973,고마워.,손으로 잡아 줘.,일본어 원문 + 타임스탬프 사진 + 장면 연속성,39.3,T3,화자·문맥·자연스러움 집중 검토,,68.319763138416,51.49,P3,말투·질문응답·가독성 위주 검토
ABF-305,사진 대조 1차 교정본,293,"00:17:13,800 --> 00:17:19,060",5.26,"이제부터가 중요해. 어, 벌써 해산?
아니야, 말 잘못했어.","오늘 고마워. 고마웠어. 건배! 아직 웰컴
샴페인 안 끝났어.","일단 현 단계까지는 감사했습니다. 그런
뜻이지. 한 단락 매듭짓기. 매듭짓기.",반말형,sub_0293_1033.8s.jpg,0.0,3줄 이상 자막을 자연스럽게 정리,높음,25.0,90.0,50.0,78.0,75.0,0.60337,0.0,22.0,0.0,0.0,0.383,"이제부터 시작이지. 앞으로가 중요해요. 앗, 벌써 해산? 아니야. 잘못 말했다. 잘못 말했어?","이제부터가 중요해. 어, 벌써 해산? 아니야, 말 잘못했어.",3줄 이상 자막을 자연스럽게 정리,24.02,T4,구조검사 통과 시 유지,,11.621021465581052,18.81,P4,회귀검사 통과 시 유지
ABF-305,사진 대조 1차 교정본,294,"00:17:19,340 --> 00:17:24,400",5.06,"일단 현 단계까지는 감사했습니다. 그런
뜻이지. 한 단락 매듭짓기. 매듭짓기.","이제부터가 중요해. 어, 벌써 해산?
아니야, 말 잘못했어.",맛있다!,중립·혼합형,sub_0294_1039.3s.jpg,0.04,,,25.0,90.0,50.0,78.0,75.0,0.57865,0.0,66.0,0.0,0.0,0.1671,일단 한번 빼겠습니다.,일단 빼 볼게요.,,39.36,T3,화자·문맥·자연스러움 집중 검토,,68.57883049592894,51.63,P3,말투·질문응답·가독성 위주 검토
ABF-305,사진 대조 1차 교정본,295,"00:17:27,660 --> 00:17:28,400",0.74,맛있다!,"일단 현 단계까지는 감사했습니다. 그런
뜻이지. 한 단락 매듭짓기. 매듭짓기.",최고!,중립·혼합형,sub_0295_1047.7s.jpg,0.04,,,25.0,90.0,50.0,78.0,75.0,0.13908,0.0,66.0,0.0,0.0,0.3683,맛있다.,바람 좋다.,일본어 원문 대조 + 자연스러운 한국어 대사 교정,20.9,T4,구조검사 통과 시 유지,,5.773501110288675,14.55,P4,회귀검사 통과 시 유지
ABF-305,사진 대조 1차 교정본,296,"00:17:30,420 --> 00:17:31,060",0.64,최고!,맛있다!,대단해. 첫 리무진.,중립·혼합형,sub_0296_1050.4s.jpg,0.02,,,25.0,90.0,50.0,78.0,75.0,0.23733,0.0,66.0,0.0,0.0,0.1793,그거 최고야...,그거 최고야…,,25.03,T4,구조검사 통과 시 유지,,14.174685418208735,20.47,P4,회귀검사 통과 시 유지
ABF-305,사진 대조 1차 교정본,297,"00:17:35,440 --> 00:17:37,160",1.72,대단해. 첫 리무진.,최고!,첫 리무진. 첫 장미 꽃다발.,반말형,sub_0297_1055.4s.jpg,0.04,,,25.0,90.0,50.0,78.0,75.0,0.61354,0.0,66.0,0.0,0.0,0.5548,대단해.,기분 좋네.,일본어 원문 + 타임스탬프 사진 + 장면 연속성,40.83,T3,화자·문맥·자연스러움 집중 검토,,74.83345669874167,55.11,P3,말투·질문응답·가독성 위주 검토
ABF-305,사진 대조 1차 교정본,298,"00:17:37,780 --> 00:17:39,820",2.04,첫 리무진. 첫 장미 꽃다발.,대단해. 첫 리무진.,어? 처음?,중립·혼합형,sub_0298_1057.8s.jpg,0.02,,,25.0,90.0,50.0,78.0,75.0,0.62801,0.0,66.0,0.0,0.0,0.1646,첫 번째예요.,이번이 첫 번째예요.,사진 장면 확인 및 한국어 번역투·ASR 오역 교정,41.44,T3,화자·문맥·자연스러움 집중 검토,,77.46113989637306,56.57,P3,말투·질문응답·가독성 위주 검토
ABF-305,사진 대조 1차 교정본,299,"00:17:40,060 --> 00:17:40,640",0.58,어? 처음?,첫 리무진. 첫 장미 꽃다발.,"어라, 처음이라고?",반응형,sub_0299_1060.1s.jpg,0.04,,,25.0,90.0,50.0,78.0,75.0,0.3742,0.0,66.0,0.0,0.0,0.1575,어? 벗기고 싶다고? 응.,해 줬으면 좋겠어? 응.,손상된 일본어 ASR + 타임스탬프 사진 + 앞뒤 문맥 추론,30.78,T4,구조검사 통과 시 유지,,32.86454478164323,31.66,P4,회귀검사 통과 시 유지
ABF-305,사진 대조 1차 교정본,300,"00:17:41,220 --> 00:17:43,140",1.92,"어라, 처음이라고?",어? 처음?,처음?,반응형,sub_0300_1061.2s.jpg,0.02,,,25.0,90.0,50.0,78.0,75.0,0.44757,0.0,66.0,0.0,0.0,0.2714,"어라, 아들...","어라, 아들…",,33.86,T4,구조검사 통과 시 유지,,44.78164322723908,38.45,P4,회귀검사 통과 시 유지
ABF-305,사진 대조 1차 교정본,301,"00:17:43,480 --> 00:17:43,920",0.44,처음?,"어라, 처음이라고?",처음입니다.,중립·혼합형,sub_0301_1063.5s.jpg,0.02,,,25.0,90.0,50.0,78.0,75.0,0.24837,0.0,66.0,0.0,0.0,0.1432,해보는 거 처음이야?,해 보는 거 처음이야?,,25.49,T4,구조검사 통과 시 유지,,15.3219837157661,21.22,P4,회귀검사 통과 시 유지
ABF-305,사진 대조 1차 교정본,302,"00:17:44,200 --> 00:17:44,280",0.08,처음입니다.,처음?,의외네.,중립·혼합형,sub_0302_1064.2s.jpg,0.0,,,25.0,90.0,50.0,78.0,75.0,0.3523,0.0,66.0,70.0,0.0,0.2803,두 번째입니다.,벌써 두 번째예요.,사진 장면 확인 및 한국어 번역투 교정,36.86,T3,화자·문맥·자연스러움 집중 검토,high_cps,58.179126572908956,45.81,P3,말투·질문응답·가독성 위주 검토
ABF-305,사진 대조 1차 교정본,303,"00:17:44,880 --> 00:17:47,020",2.14,의외네.,처음입니다.,그렇게 자주 안 받아.,반말형,sub_0303_1064.9s.jpg,0.02,,,25.0,90.0,50.0,78.0,75.0,0.23732,0.0,66.0,0.0,0.0,0.1039,의외로 적극적인 면이 있어서 좀... 어머.,의외로 적극적인 면이 있어서 좀… 어머.,,25.03,T4,구조검사 통과 시 유지,,14.174685418208735,20.47,P4,회귀검사 통과 시 유지
ABF-305,사진 대조 1차 교정본,304,"00:17:48,340 --> 00:17:49,500",1.16,그렇게 자주 안 받아.,의외네.,자주 안 받아요.,반응형,sub_0304_1068.3s.jpg,0.04,,,25.0,90.0,50.0,78.0,75.0,0.54127,0.0,66.0,0.0,0.0,0.2496,그렇게 하면 안쪽이 꽉 차는 것 같아.,그렇게 하니까 안이 꽉 차네.,손상된 일본어 ASR + 타임스탬프 사진 + 앞뒤 문맥 추론,37.79,T3,화자·문맥·자연스러움 집중 검토,,61.880088823094006,47.91,P3,말투·질문응답·가독성 위주 검토
ABF-305,사진 대조 1차 교정본,305,"00:17:50,220 --> 00:17:51,520",1.3,자주 안 받아요.,그렇게 자주 안 받아.,어? 그래도 이런 일을 하면 왠지...,반응형,sub_0305_1070.2s.jpg,0.02,,,25.0,90.0,50.0,78.0,75.0,0.466,0.0,66.0,0.0,0.0,0.2193,후와 씨는 요리를 자주 해요?,후우아 씨는 요리를 자주 해요?,출연자 이름 오인식 교정,34.63,T4,구조검사 통과 시 유지,,48.18652849740933,40.32,P3,말투·질문응답·가독성 위주 검토
ABF-305,사진 대조 1차 교정본,306,"00:17:51,520 --> 00:17:54,180",2.66,어? 그래도 이런 일을 하면 왠지...,자주 안 받아요.,응?,반말형,sub_0306_1071.5s.jpg,0.02,,,25.0,90.0,50.0,78.0,75.0,0.6107,0.0,66.0,0.0,0.0,0.2557,그래도 지금 일을 오래 계속할 수 있도록요.,지금 일을 오래 계속하는 게 목표예요.,사진 장면 확인 및 한국어 번역투·ASR 오역 교정,40.71,T3,화자·문맥·자연스러움 집중 검토,,74.38934122871946,54.86,P3,말투·질문응답·가독성 위주 검토
ABF-305,사진 대조 1차 교정본,307,"00:17:54,720 --> 00:17:55,000",0.28,응?,어? 그래도 이런 일을 하면 왠지...,받지 않아?,반응형,sub_0307_1074.7s.jpg,0.02,,,25.0,90.0,50.0,78.0,75.0,0.1816,0.0,66.0,0.0,0.0,0.4138,응? 잠깐 기다려…,응? 잠깐만…,일본어 원문 대조 + 자연스러운 한국어 대사 교정,22.69,T4,구조검사 통과 시 유지,,8.956328645447817,16.92,P4,회귀검사 통과 시 유지
ABF-305,사진 대조 1차 교정본,308,"00:17:55,820 --> 00:17:56,540",0.72,받지 않아?,응?,안 받아. 받아본 적 없어.,반응형,sub_0308_1075.8s.jpg,0.02,,,25.0,90.0,50.0,78.0,75.0,0.33685,0.0,66.0,0.0,0.0,0.4305,너무 졸리지 않아?,눈썹도 예쁘네. 너무 진하지도 않고.,손상된 일본어 ASR + 타임스탬프 사진 + 앞뒤 문맥 추론,29.21,T4,구조검사 통과 시 유지,,26.202812731310143,27.95,P4,회귀검사 통과 시 유지
ABF-305,사진 대조 1차 교정본,309,"00:17:56,580 --> 00:17:57,980",1.4,안 받아. 받아본 적 없어.,받지 않아?,그래.,반응형,sub_0309_1076.6s.jpg,0.02,,,25.0,90.0,50.0,78.0,75.0,0.64715,0.0,66.0,0.0,0.0,0.3275,끝이 없어.,끝도 없네.,사진 장면 확인 및 한국어 번역투·ASR 오역 교정,42.24,T3,화자·문맥·자연스러움 집중 검토,,79.94078460399705,58.07,P2,앞뒤 5블록·사진·오류 기억을 함께 검토
ABF-305,사진 대조 1차 교정본,310,"00:17:58,340 --> 00:17:58,700",0.36,그래.,안 받아. 받아본 적 없어.,기뻐요.,중립·혼합형,sub_0310_1078.3s.jpg,0.04,,,25.0,90.0,50.0,78.0,75.0,0.29254,29.0,66.0,0.0,0.0,0.8916,"아, 그래.",간다.,화면 영문 자막 대조,32.57,T4,구조검사 통과 시 유지,,40.081421169504075,35.72,P4,회귀검사 통과 시 유지
ABF-305,사진 대조 1차 교정본,311,"00:18:00,360 --> 00:18:01,000",0.64,기뻐요.,그래.,"하지만 진지하게 말하자면, 일본의 문화가
아니니까 말이죠.",중립·혼합형,sub_0311_1080.4s.jpg,0.04,,,25.0,90.0,50.0,78.0,75.0,0.32352,0.0,66.0,0.0,0.0,0.191,기뻐.,기쁘다.,일본어 원문 대조 + 자연스러운 한국어 대사 교정,28.65,T4,구조검사 통과 시 유지,,24.42635085122132,26.88,P4,회귀검사 통과 시 유지
ABF-305,사진 대조 1차 교정본,312,"00:18:01,840 --> 00:18:03,880",2.04,"하지만 진지하게 말하자면, 일본의 문화가
아니니까 말이죠.",기뻐요.,솔직히 말해서.,반말형,sub_0312_1081.8s.jpg,0.04,,,25.0,90.0,50.0,78.0,75.0,0.67977,0.0,66.0,0.0,0.0,0.2032,"그런 게 아니라, 말하자면…","그게 아니라, 말하자면…",사진 장면 확인 및 한국어 번역투·ASR 오역 교정,43.61,T3,화자·문맥·자연스러움 집중 검토,,84.12287194670614,60.63,P2,앞뒤 5블록·사진·오류 기억을 함께 검토
ABF-305,사진 대조 1차 교정본,313,"00:18:04,580 --> 00:18:05,880",1.3,솔직히 말해서.,"하지만 진지하게 말하자면, 일본의 문화가
아니니까 말이죠.",으음.,반말형,sub_0313_1084.6s.jpg,0.02,,,25.0,90.0,50.0,78.0,75.0,0.43477,0.0,66.0,0.0,0.0,0.2973,솔직히 간절할 정도로 돈이 필요했다.,솔직히 나는 돈이 절실했다.,내레이션 자연화,33.32,T4,구조검사 통과 시 유지,,43.07920059215396,37.42,P4,회귀검사 통과 시 유지
ABF-305,사진 대조 1차 교정본,314,"00:18:07,320 --> 00:18:07,920",0.6,으음.,솔직히 말해서.,기쁩니다.,반응형,sub_0314_1087.3s.jpg,0.02,,,25.0,90.0,50.0,78.0,75.0,0.20503,0.0,66.0,0.0,0.0,0.4967,으음...,으음…,,23.67,T4,구조검사 통과 시 유지,,10.880829015544041,18.3,P4,회귀검사 통과 시 유지
ABF-305,사진 대조 1차 교정본,315,"00:18:10,080 --> 00:18:11,000",0.92,기쁩니다.,으음.,알았어.,중립·혼합형,sub_0315_1090.1s.jpg,0.02,,,25.0,90.0,50.0,78.0,75.0,0.31057,0.0,66.0,0.0,0.0,0.1169,좋습니다.,좋아요.,,28.1,T4,구조검사 통과 시 유지,,23.316062176165804,26.09,P4,회귀검사 통과 시 유지
ABF-305,사진 대조 1차 교정본,316,"00:18:11,400 --> 00:18:12,080",0.68,알았어.,기쁩니다.,영차.,반응형,sub_0316_1091.4s.jpg,0.0,,,25.0,90.0,50.0,78.0,75.0,0.37884,0.0,66.0,0.0,0.0,0.6076,이제 알았어...,[불명],,30.97,T4,구조검사 통과 시 유지,,33.345669874167285,31.97,P4,회귀검사 통과 시 유지
ABF-305,사진 대조 1차 교정본,317,"00:18:16,890 --> 00:18:17,710",0.82,영차.,알았어.,대단해.,중립·혼합형,sub_0317_1096.9s.jpg,0.01,,,25.0,90.0,50.0,78.0,75.0,0.44445,42.0,66.0,0.0,0.0,1.0,영차.,자.,타임스탬프 사진과 앞뒤 장면으로 대사 기능 복원,41.29,T3,화자·문맥·자연스러움 집중 검토,,76.90599555884529,56.25,P3,말투·질문응답·가독성 위주 검토
ABF-305,사진 대조 1차 교정본,318,"00:18:21,130 --> 00:18:21,490",0.36,대단해.,영차.,"리무진은 잘 노는 사람들만
타는 줄 알았는데.",반말형,sub_0318_1101.1s.jpg,0.03,,,25.0,90.0,50.0,78.0,75.0,0.30563,42.0,66.0,0.0,0.0,1.0,대단해.,기분 좋네.,일본어 원문 + 타임스탬프 사진 + 장면 연속성,35.46,T3,화자·문맥·자연스러움 집중 검토,,52.25758697261288,42.51,P3,말투·질문응답·가독성 위주 검토
ABF-305,사진 대조 1차 교정본,319,"00:18:21,630 --> 00:18:25,810",4.18,"리무진은 잘 노는 사람들만
타는 줄 알았는데.",대단해.,기뻐.,중립·혼합형,sub_0319_1101.6s.jpg,0.03,,,25.0,90.0,50.0,78.0,75.0,0.80549,0.0,66.0,0.0,0.0,0.2308,괜찮을 줄 알았는데 차갑네...,괜찮을 줄 알았는데 차갑네…,,48.89,T3,화자·문맥·자연스러움 집중 검토,,96.00296076980015,68.68,P2,앞뒤 5블록·사진·오류 기억을 함께 검토
ABF-305,사진 대조 1차 교정본,320,"00:18:25,810 --> 00:18:26,870",1.06,기뻐.,"리무진은 잘 노는 사람들만
타는 줄 알았는데.",막상 타 보니 의외로 평범하네.,중립·혼합형,sub_0320_1105.8s.jpg,0.01,,,25.0,90.0,50.0,78.0,75.0,0.4183,42.0,66.0,0.0,0.0,1.0,기뻐.,기쁘다.,일본어 원문 대조 + 자연스러운 한국어 대사 교정,40.19,T3,화자·문맥·자연스러움 집중 검토,,72.24278312361214,53.65,P3,말투·질문응답·가독성 위주 검토
ABF-305,사진 대조 1차 교정본,321,"00:18:27,250 --> 00:18:30,230",2.98,막상 타 보니 의외로 평범하네.,기뻐.,그래도 밖을 보면서 말이지.,반말형,sub_0321_1107.2s.jpg,0.05,,,25.0,90.0,50.0,78.0,75.0,0.8274,0.0,66.0,0.0,0.0,0.2065,의외로 적극적인 면이 있어서 좀... 어머.,의외로 적극적인 면이 있어서 좀… 어머.,,49.81,T3,화자·문맥·자연스러움 집중 검토,,97.07623982235381,69.66,P2,앞뒤 5블록·사진·오류 기억을 함께 검토
ABF-305,사진 대조 1차 교정본,322,"00:18:30,730 --> 00:18:32,490",1.76,그래도 밖을 보면서 말이지.,막상 타 보니 의외로 평범하네.,으음.,반말형,sub_0322_1110.7s.jpg,0.03,,,25.0,90.0,50.0,78.0,75.0,0.60431,0.0,66.0,0.0,0.0,0.3315,이쪽 보면서 할 수 있어.,이쪽 보면서 해 줘.,일본어 원문 대조 + 자연스러운 한국어 대사 교정,40.44,T3,화자·문맥·자연스러움 집중 검토,,73.46410066617321,54.31,P3,말투·질문응답·가독성 위주 검토
ABF-305,사진 대조 1차 교정본,323,"00:18:33,330 --> 00:18:34,250",0.92,으음.,그래도 밖을 보면서 말이지.,넓은 방 같은 느낌.,반응형,sub_0323_1113.3s.jpg,0.03,,,25.0,90.0,50.0,78.0,75.0,0.21556,0.0,66.0,0.0,0.0,0.4967,으음...,으음…,,24.11,T4,구조검사 통과 시 유지,,12.065136935603258,19.05,P4,회귀검사 통과 시 유지
ABF-305,사진 대조 1차 교정본,324,"00:18:35,290 --> 00:18:37,150",1.86,넓은 방 같은 느낌.,으음.,움직이는 방이긴 하지만.,중립·혼합형,sub_0324_1115.3s.jpg,0.01,,,25.0,90.0,50.0,78.0,75.0,0.48024,0.0,66.0,0.0,0.0,0.3891,"좋은 느낌? 응, 좋은 느낌.","괜찮아? 응, 좋아.",일본어 원문 대조 + 자연스러운 한국어 대사 교정,35.23,T3,화자·문맥·자연스러움 집중 검토,,50.99925980754997,41.85,P3,말투·질문응답·가독성 위주 검토
ABF-305,사진 대조 1차 교정본,325,"00:18:38,110 --> 00:18:39,610",1.5,움직이는 방이긴 하지만.,넓은 방 같은 느낌.,응.,반말형,sub_0325_1118.1s.jpg,0.01,,,25.0,90.0,50.0,78.0,79.0,0.67004,0.0,66.0,0.0,0.0,0.3318,하지만...,하지만…,,43.44,T3,화자·문맥·자연스러움 집중 검토,,83.67875647668393,60.34,P2,앞뒤 5블록·사진·오류 기억을 함께 검토
ABF-305,사진 대조 1차 교정본,326,"00:18:40,890 --> 00:18:41,350",0.46,응.,움직이는 방이긴 하지만.,확실히.,반응형,sub_0326_1120.9s.jpg,0.01,,,25.0,90.0,50.0,78.0,75.0,0.04414,0.0,66.0,0.0,0.0,0.4149,"하-, 응.",하아… 응.,,16.91,T4,구조검사 통과 시 유지,,1.3323464100666174,10.37,P4,회귀검사 통과 시 유지
ABF-305,사진 대조 1차 교정본,327,"00:18:41,370 --> 00:18:42,010",0.64,확실히.,응.,좋네.,중립·혼합형,sub_0327_1121.4s.jpg,0.03,,,25.0,90.0,50.0,78.0,75.0,0.39076,0.0,66.0,0.0,0.0,0.3261,확실히 졸업했어.,확실히 첫 경험을 한 거야.,반복되는 '졸업' 표현 자연화,31.47,T4,구조검사 통과 시 유지,,35.233160621761655,33.05,P4,회귀검사 통과 시 유지
ABF-305,사진 대조 1차 교정본,328,"00:18:42,290 --> 00:18:42,690",0.4,좋네.,확실히.,"에이, 설마.",반말형,sub_0328_1122.3s.jpg,0.01,,,25.0,90.0,50.0,78.0,75.0,0.38207,42.0,66.0,0.0,0.0,1.0,좋네.,좋아.,일본어 원문 대조 + 자연스러운 한국어 대사 교정,38.67,T3,화자·문맥·자연스러움 집중 검토,,65.4700222057735,49.93,P3,말투·질문응답·가독성 위주 검토
ABF-305,사진 대조 1차 교정본,329,"00:18:43,990 --> 00:18:45,350",1.36,"에이, 설마.",좋네.,어깨에 기대게 해주는 거야?,중립·혼합형,sub_0329_1124.0s.jpg,0.01,,,25.0,90.0,50.0,78.0,75.0,0.55525,0.0,66.0,0.0,0.0,0.2543,"민낯은 귀여운 계열이네. 에이, 안 귀여워?","민낯은 귀여운 느낌이네. 에이, 안 귀여워?",일본어 원문 대조 + 자연스러운 한국어 대사 교정,38.38,T3,화자·문맥·자연스러움 집중 검토,,64.10066617320503,49.18,P3,말투·질문응답·가독성 위주 검토
ABF-305,사진 대조 1차 교정본,330,"00:18:47,110 --> 00:18:49,170",2.06,어깨에 기대게 해주는 거야?,"에이, 설마.",응?,반응형,sub_0330_1127.1s.jpg,0.01,,,25.0,90.0,50.0,78.0,75.0,0.65009,0.0,66.0,0.0,0.0,0.2136,뭘 찍게 한 거야?,뭘 찍은 거야?,손상된 일본어 ASR + 타임스탬프 사진 + 앞뒤 문맥 추론,42.36,T3,화자·문맥·자연스러움 집중 검토,,80.38490007401926,58.33,P2,앞뒤 5블록·사진·오류 기억을 함께 검토
ABF-305,사진 대조 1차 교정본,331,"00:18:55,320 --> 00:18:55,780",0.46,응?,어깨에 기대게 해주는 거야?,응?,반응형,sub_0331_1135.3s.jpg,0.02,,,25.0,90.0,50.0,78.0,75.0,0.15248,0.0,66.0,0.0,0.0,0.4138,응? 잠깐 기다려…,응? 잠깐만…,일본어 원문 대조 + 자연스러운 한국어 대사 교정,21.46,T4,구조검사 통과 시 유지,,6.365655070318282,15.12,P4,회귀검사 통과 시 유지
ABF-305,사진 대조 1차 교정본,332,"00:18:56,940 --> 00:18:57,400",0.46,응?,응?,쪽 하고.,반응형,sub_0332_1136.9s.jpg,0.04,,,25.0,90.0,50.0,78.0,75.0,0.2159,0.0,66.0,0.0,0.0,0.4138,응? 잠깐 기다려…,응? 잠깐만…,일본어 원문 대조 + 자연스러운 한국어 대사 교정,24.13,T4,구조검사 통과 시 유지,,12.25018504811251,19.14,P4,회귀검사 통과 시 유지
ABF-305,사진 대조 1차 교정본,333,"00:18:57,520 --> 00:18:59,580",2.06,쪽 하고.,응?,입술 엄청 부드러운데!,중립·혼합형,sub_0333_1137.5s.jpg,0.02,,,25.0,90.0,50.0,78.0,75.0,0.47,0.0,66.0,0.0,0.0,0.5323,금방 하아 하고.,금방 숨이 가빠지네.,,34.8,T4,구조검사 통과 시 유지,,48.85270170244264,40.7,P3,말투·질문응답·가독성 위주 검토
ABF-305,사진 대조 1차 교정본,334,"00:19:11,390 --> 00:19:15,730",4.34,입술 엄청 부드러운데!,쪽 하고.,부드러워.,중립·혼합형,sub_0334_1151.4s.jpg,0.01,,,25.0,90.0,50.0,78.0,75.0,0.50615,0.0,66.0,0.0,0.0,0.2885,엄청 부드러워...,엄청 부드러워…,,36.32,T3,화자·문맥·자연스러움 집중 검토,,55.95854922279793,44.57,P3,말투·질문응답·가독성 위주 검토
ABF-305,사진 대조 1차 교정본,335,"00:19:16,130 --> 00:19:16,930",0.8,부드러워.,입술 엄청 부드러운데!,응.,중립·혼합형,sub_0335_1156.1s.jpg,0.03,,,25.0,90.0,50.0,78.0,75.0,0.35649,3.97,66.0,0.0,0.0,0.6831,엄청 부드러워...,엄청 부드러워…,,30.75,T4,구조검사 통과 시 유지,,32.716506291635824,31.58,P4,회귀검사 통과 시 유지
ABF-305,사진 대조 1차 교정본,336,"00:19:17,050 --> 00:19:17,250",0.2,응.,부드러워.,이거 빠져들겠네.,반응형,sub_0336_1157.0s.jpg,0.05,,,25.0,90.0,50.0,78.0,75.0,0.07077,0.0,66.0,0.0,0.0,0.4149,"하-, 응.",하아… 응.,,18.03,T4,구조검사 통과 시 유지,,3.2568467801628422,11.83,P4,회귀검사 통과 시 유지
ABF-305,사진 대조 1차 교정본,337,"00:19:19,290 --> 00:19:20,110",0.82,이거 빠져들겠네.,응.,응.,반말형,sub_0337_1159.3s.jpg,0.01,,,25.0,90.0,50.0,78.0,75.0,0.4931,0.0,66.0,0.0,0.0,0.1778,이거 예쁘네.,손으로 가리지 마.,일본어 원문 + 타임스탬프 사진 + 장면 연속성,35.77,T3,화자·문맥·자연스러움 집중 검토,,53.811991117690596,43.35,P3,말투·질문응답·가독성 위주 검토
ABF-305,사진 대조 1차 교정본,338,"00:19:20,470 --> 00:19:20,570",0.1,응.,이거 빠져들겠네.,앨리스에게 푹 빠진다.,반응형,sub_0338_1160.5s.jpg,0.03,,,25.0,90.0,50.0,78.0,75.0,0.06826,0.0,66.0,30.0,0.0,0.4149,"하-, 응.",하아… 응.,,20.93,T4,구조검사 통과 시 유지,high_cps,5.847520355292376,14.6,P4,회귀검사 통과 시 유지
ABF-305,사진 대조 1차 교정본,339,"00:19:38,100 --> 00:19:39,080",0.98,앨리스에게 푹 빠진다.,응.,응.,중립·혼합형,sub_0339_1178.1s.jpg,0.0,,,25.0,90.0,50.0,78.0,75.0,0.57902,0.0,66.0,0.0,0.0,0.2849,앨리스에 자고 싶어...,앨리스 안에 넣고 싶어…,,39.38,T3,화자·문맥·자연스러움 집중 검토,,68.6898593634345,51.69,P3,말투·질문응답·가독성 위주 검토
ABF-305,사진 대조 1차 교정본,340,"00:19:39,440 --> 00:19:39,660",0.22,응.,앨리스에게 푹 빠진다.,푹 빠져?,반응형,sub_0340_1179.4s.jpg,0.04,,,25.0,90.0,50.0,78.0,75.0,0.05559,0.0,66.0,0.0,0.0,0.4149,"하-, 응.",하아… 응.,,17.39,T4,구조검사 통과 시 유지,,2.146558105107328,10.99,P4,회귀검사 통과 시 유지
ABF-305,사진 대조 1차 교정본,341,"00:19:40,080 --> 00:19:40,480",0.4,푹 빠져?,응.,응?,중립·혼합형,sub_0341_1180.1s.jpg,0.02,,,25.0,90.0,50.0,78.0,75.0,0.36684,0.0,66.0,0.0,0.0,0.1359,다리를 꼬아 푹 삶아준다.,[불명],,30.47,T4,구조검사 통과 시 유지,,31.014063656550704,30.7,P4,회귀검사 통과 시 유지
ABF-305,사진 대조 1차 교정본,342,"00:19:40,620 --> 00:19:40,960",0.34,응?,푹 빠져?,응.,반응형,sub_0342_1180.6s.jpg,0.02,,,25.0,90.0,50.0,78.0,75.0,0.14412,0.0,66.0,0.0,0.0,0.4138,응? 잠깐 기다려…,응? 잠깐만…,일본어 원문 대조 + 자연스러운 한국어 대사 교정,21.11,T4,구조검사 통과 시 유지,,5.995558845299779,14.76,P4,회귀검사 통과 시 유지
ABF-305,사진 대조 1차 교정본,343,"00:19:41,340 --> 00:19:41,440",0.1,응.,응?,벌써 무릎 위까지 빠진 것 같아.,반응형,sub_0343_1181.3s.jpg,0.04,,,25.0,90.0,50.0,78.0,75.0,0.04175,0.0,66.0,25.0,0.0,0.4149,"하-, 응.",하아… 응.,,19.31,T4,구조검사 통과 시 유지,borderline_cps,4.3671354552183566,13.03,P4,회귀검사 통과 시 유지
ABF-305,사진 대조 1차 교정본,344,"00:19:42,760 --> 00:19:45,620",2.86,벌써 무릎 위까지 빠진 것 같아.,응.,무릎까지 빠졌군요.,반말형,sub_0344_1182.8s.jpg,0.04,,,25.0,90.0,50.0,78.0,75.0,0.70145,0.0,66.0,0.0,0.0,0.3551,갈 것 같아.,진짜 갈 것 같아.,일본어 원문 대조 + 자연스러운 한국어 대사 교정,44.52,T3,화자·문맥·자연스러움 집중 검토,,87.26868985936343,62.47,P2,앞뒤 5블록·사진·오류 기억을 함께 검토
ABF-305,사진 대조 1차 교정본,345,"00:19:46,980 --> 00:19:47,560",0.58,무릎까지 빠졌군요.,벌써 무릎 위까지 빠진 것 같아.,머리끝까지 빠져버렸네.,반말형,sub_0345_1187.0s.jpg,0.02,,,25.0,90.0,50.0,78.0,75.0,0.58474,0.0,66.0,0.0,0.0,0.1528,그렇군요.,네…,타임스탬프 사진과 장면 흐름으로 명백한 오인식 교정,39.62,T3,화자·문맥·자연스러움 집중 검토,,70.13323464100665,52.44,P3,말투·질문응답·가독성 위주 검토
ABF-305,사진 대조 1차 교정본,346,"00:19:48,460 --> 00:19:49,720",1.26,머리끝까지 빠져버렸네.,무릎까지 빠졌군요.,응.,반말형,sub_0346_1188.5s.jpg,0.04,,,25.0,90.0,50.0,78.0,75.0,0.63092,0.0,66.0,0.0,0.0,0.2469,와버렸네.,결국 와 버렸네.,일본어 원문 대조 + 자연스러운 한국어 대사 교정,41.56,T3,화자·문맥·자연스러움 집중 검토,,78.31236121391562,57.0,P3,말투·질문응답·가독성 위주 검토
ABF-305,사진 대조 1차 교정본,347,"00:19:49,880 --> 00:19:49,900",0.02,응.,머리끝까지 빠져버렸네.,완전히 푹 빠져버렸네요.,반응형,sub_0347_1189.9s.jpg,0.02,,,25.0,90.0,50.0,78.0,75.0,0.10682,0.0,66.0,70.0,0.0,0.4149,"하-, 응.",하아… 응.,,26.55,T4,구조검사 통과 시 유지,high_cps,18.541820873427092,23.19,P4,회귀검사 통과 시 유지
ABF-305,사진 대조 1차 교정본,348,"00:19:50,700 --> 00:19:52,720",2.02,완전히 푹 빠져버렸네요.,응.,"움직일 수 없는 거 아니야? 맞아, 바로
그거야. 못 움직이겠잖아.",반말형,sub_0348_1190.7s.jpg,0.0,,,25.0,90.0,50.0,78.0,75.0,0.52322,0.0,66.0,0.0,0.0,0.2627,완전히 해방되어 버려.,그대로 가 버려.,,37.04,T3,화자·문맥·자연스러움 집중 검토,,58.84529977794226,46.2,P3,말투·질문응답·가독성 위주 검토
ABF-305,사진 대조 1차 교정본,349,"00:19:53,720 --> 00:20:00,720",7.0,"움직일 수 없는 거 아니야? 맞아, 바로
그거야. 못 움직이겠잖아.",완전히 푹 빠져버렸네요.,앨리스가 아니면 안 되게 되어버릴지도 몰라.,반말형,sub_0349_1193.7s.jpg,0.02,,,25.0,90.0,50.0,78.0,83.0,0.90716,0.0,66.0,0.0,0.0,0.2514,온천 아니야?,뭔가…,일본어 원문 + 타임스탬프 사진 + 장면 연속성,53.64,T3,화자·문맥·자연스러움 집중 검토,,99.55588452997779,72.92,P1,장면 패킷을 열고 후보 3개를 생성해 반증 검토
ABF-305,사진 대조 1차 교정본,350,"00:20:04,760 --> 00:20:06,940",2.18,앨리스가 아니면 안 되게 되어버릴지도 몰라.,"움직일 수 없는 거 아니야? 맞아, 바로
그거야. 못 움직이겠잖아.",응. 안 되게 되어버리잖아.,반말형,sub_0350_1204.8s.jpg,0.04,,,25.0,90.0,50.0,78.0,75.0,0.76081,0.0,66.0,0.0,0.0,0.2795,여기서 잘지도 몰라.,"응, 들어왔어.",일본어 원문 + 타임스탬프 사진 + 장면 연속성,47.01,T3,화자·문맥·자연스러움 집중 검토,,93.19022945965952,66.41,P2,앞뒤 5블록·사진·오류 기억을 함께 검토
ABF-305,사진 대조 1차 교정본,351,"00:20:08,080 --> 00:20:11,260",3.18,응. 안 되게 되어버리잖아.,앨리스가 아니면 안 되게 되어버릴지도 몰라.,큰일이네.,반응형,sub_0351_1208.1s.jpg,0.02,,,25.0,90.0,50.0,78.0,75.0,0.72415,0.0,66.0,0.0,0.0,0.1897,안 되잖아.,안 되지.,일본어 원문 대조 + 자연스러운 한국어 대사 교정,45.47,T3,화자·문맥·자연스러움 집중 검토,,89.74833456698742,64.07,P2,앞뒤 5블록·사진·오류 기억을 함께 검토
ABF-305,사진 대조 1차 교정본,352,"00:20:12,640 --> 00:20:13,320",0.68,큰일이네.,응. 안 되게 되어버리잖아.,왠지 나른해졌네.,반말형,sub_0352_1212.6s.jpg,0.04,,,25.0,90.0,50.0,78.0,75.0,0.41532,0.0,66.0,0.0,0.0,0.5693,큰일이네요.,이러다 갈 것 같아요.,사진 장면 확인 및 한국어 번역투·ASR 오역 교정,32.5,T4,구조검사 통과 시 유지,,39.600296076980015,35.48,P4,회귀검사 통과 시 유지
ABF-305,사진 대조 1차 교정본,353,"00:20:16,800 --> 00:20:18,040",1.24,왠지 나른해졌네.,큰일이네.,응.,반말형,sub_0353_1216.8s.jpg,0.0,,,25.0,90.0,50.0,78.0,75.0,0.60311,0.0,66.0,0.0,0.0,0.1976,왠지 좀 아쉽네.,벌써 끝나서 조금 아쉽네.,손상된 일본어 ASR + 타임스탬프 사진 + 앞뒤 문맥 추론,40.39,T3,화자·문맥·자연스러움 집중 검토,,73.1680236861584,54.16,P3,말투·질문응답·가독성 위주 검토
ABF-305,사진 대조 1차 교정본,354,"00:20:18,040 --> 00:20:18,120",0.08,응.,왠지 나른해졌네.,"저기, 오늘 데이트 정말 즐거웠고, 이런
멋진 선물까지 준 나에게... 괜찮을까?",반응형,sub_0354_1218.0s.jpg,0.04,,,25.0,90.0,50.0,78.0,75.0,0.06655,0.0,66.0,55.0,0.0,0.4149,"하-, 응.",하아… 응.,,23.36,T4,구조검사 통과 시 유지,high_cps,10.288675055514434,17.87,P4,회귀검사 통과 시 유지
ABF-305,사진 대조 1차 교정본,355,"00:20:19,560 --> 00:20:32,660",13.1,"저기, 오늘 데이트 정말 즐거웠고, 이런
멋진 선물까지 준 나에게... 괜찮을까?",응.,뭐가?,반말형,sub_0355_1219.6s.jpg,0.04,,,25.0,90.0,50.0,78.0,75.0,0.63035,0.0,66.0,0.0,0.0,0.1326,"저, 저기, 잠깐만 쉬게 해 주세요.","저기, 잠깐만… 그만해.",장면과 충돌한 긴 반복 자막 교정,41.53,T3,화자·문맥·자연스러움 집중 검토,,78.09030347890452,56.89,P3,말투·질문응답·가독성 위주 검토
ABF-305,사진 대조 1차 교정본,356,"00:20:33,060 --> 00:20:33,360",0.3,뭐가?,"저기, 오늘 데이트 정말 즐거웠고, 이런
멋진 선물까지 준 나에게... 괜찮을까?",보답을 해도 될까요?,중립·혼합형,sub_0356_1233.1s.jpg,0.04,,,25.0,90.0,50.0,78.0,75.0,0.28616,0.0,66.0,0.0,0.0,0.163,어디로 가?,여기?,일본어 원문 대조 + 자연스러운 한국어 대사 교정,27.08,T4,구조검사 통과 시 유지,,20.059215396002962,24.13,P4,회귀검사 통과 시 유지
ABF-305,사진 대조 1차 교정본,357,"00:20:34,200 --> 00:20:35,480",1.28,보답을 해도 될까요?,뭐가?,보답?,중립·혼합형,sub_0357_1234.2s.jpg,0.0,,,25.0,90.0,50.0,78.0,75.0,0.56879,0.0,66.0,0.0,0.0,0.1777,이대로 해도 괜찮아.,"응, 그대로.",일본어 원문 대조 + 자연스러운 한국어 대사 교정,38.95,T3,화자·문맥·자연스러움 집중 검토,,66.58031088082902,50.55,P3,말투·질문응답·가독성 위주 검토
ABF-305,사진 대조 1차 교정본,358,"00:20:35,880 --> 00:20:36,200",0.32,보답?,보답을 해도 될까요?,"아냐, 괜찮아, 그런 건.",중립·혼합형,sub_0358_1235.9s.jpg,0.02,,,25.0,90.0,50.0,78.0,75.0,0.25723,0.0,66.0,0.0,0.0,0.0352,잘 안 보여.,"응, 그렇네.",일본어 원문 + 타임스탬프 사진 + 장면 연속성,25.86,T4,구조검사 통과 시 유지,,16.506291635825317,21.93,P4,회귀검사 통과 시 유지
ABF-305,사진 대조 1차 교정본,359,"00:20:36,680 --> 00:20:37,880",1.2,"아냐, 괜찮아, 그런 건.",보답?,왜?,반응형,sub_0359_1236.7s.jpg,0.02,,,25.0,90.0,50.0,78.0,75.0,0.57044,0.0,66.0,0.0,0.0,0.3768,"노는 거 아냐, 아냐.",갖고 노는 거 아니야.,일본어 원문 대조 + 자연스러운 한국어 대사 교정,39.02,T3,화자·문맥·자연스러움 집중 검토,,66.95040710584752,50.75,P3,말투·질문응답·가독성 위주 검토
ABF-305,사진 대조 1차 교정본,360,"00:20:38,200 --> 00:20:38,900",0.7,왜?,"아냐, 괜찮아, 그런 건.","보답이라니, 괜찮대도.",중립·혼합형,sub_0360_1238.2s.jpg,0.0,,,25.0,90.0,50.0,78.0,75.0,0.22145,0.0,66.0,0.0,0.0,0.2925,괜찮으려나? 왜? 잘 닦이고 있나?,괜찮으려나? 왜? 잘 닦이고 있어?,일본어 원문 대조 + 자연스러운 한국어 대사 교정,24.36,T4,구조검사 통과 시 유지,,12.583271650629163,19.41,P4,회귀검사 통과 시 유지
ABF-305,사진 대조 1차 교정본,361,"00:20:41,060 --> 00:20:42,680",1.62,"보답이라니, 괜찮대도.",왜?,왜?,중립·혼합형,sub_0361_1241.1s.jpg,0.04,,,25.0,90.0,50.0,78.0,75.0,0.53467,0.0,66.0,0.0,0.0,0.0893,"아니, 역시 그건 무리에요. 괜찮아, 괜찮아.","아니, 역시 그건 무리예요. 괜찮아 괜찮아.",,37.52,T3,화자·문맥·자연스러움 집중 검토,,60.99185788304959,47.38,P3,말투·질문응답·가독성 위주 검토
ABF-305,사진 대조 1차 교정본,362,"00:20:42,800 --> 00:20:43,380",0.58,왜?,"보답이라니, 괜찮대도.","어, 왜?",중립·혼합형,sub_0362_1242.8s.jpg,0.0,,,25.0,90.0,50.0,78.0,75.0,0.19981,0.0,66.0,0.0,0.0,0.2925,괜찮으려나? 왜? 잘 닦이고 있나?,괜찮으려나? 왜? 잘 닦이고 있어?,일본어 원문 대조 + 자연스러운 한국어 대사 교정,23.45,T4,구조검사 통과 시 유지,,10.658771280532939,18.08,P4,회귀검사 통과 시 유지
ABF-305,사진 대조 1차 교정본,363,"00:20:43,560 --> 00:20:44,100",0.54,"어, 왜?",왜?,"어, 왜?",반응형,sub_0363_1243.6s.jpg,0.04,,,25.0,90.0,50.0,78.0,75.0,0.30196,0.0,66.0,0.0,0.0,0.3689,"어, 뭐 좀 해 줘.",양치 좀 해 줘.,손상된 일본어 ASR + 타임스탬프 사진 + 앞뒤 문맥 추론,27.74,T4,구조검사 통과 시 유지,,22.24278312361214,25.43,P4,회귀검사 통과 시 유지
ABF-305,사진 대조 1차 교정본,364,"00:20:44,840 --> 00:20:47,880",3.04,"어, 왜?","어, 왜?",어때? 나한테 해 줄 거야?,반응형,sub_0364_1244.8s.jpg,0.04,,,25.0,90.0,50.0,78.0,75.0,0.36025,0.0,66.0,0.0,0.0,0.3689,"어, 뭐 좀 해 줘.",양치 좀 해 줘.,손상된 일본어 ASR + 타임스탬프 사진 + 앞뒤 문맥 추론,30.19,T4,구조검사 통과 시 유지,,30.347890451517394,30.26,P4,회귀검사 통과 시 유지
ABF-305,사진 대조 1차 교정본,365,"00:20:47,880 --> 00:20:50,820",2.94,어때? 나한테 해 줄 거야?,"어, 왜?",응.,반응형,sub_0365_1247.9s.jpg,0.02,,,25.0,90.0,50.0,78.0,75.0,0.56816,0.0,66.0,0.0,0.0,0.3845,어때? 맛은?,어때? 맛 평가해 줘.,일본어 원문 대조 + 자연스러운 한국어 대사 교정,38.92,T3,화자·문맥·자연스러움 집중 검토,,66.35825314581791,50.44,P3,말투·질문응답·가독성 위주 검토
ABF-305,사진 대조 1차 교정본,366,"00:20:52,560 --> 00:20:53,080",0.52,응.,어때? 나한테 해 줄 거야?,뭐 해 줄 건데?,반응형,sub_0366_1252.6s.jpg,0.04,,,25.0,90.0,50.0,78.0,75.0,0.05568,0.0,66.0,0.0,0.0,0.4149,"하-, 응.",하아… 응.,,17.4,T4,구조검사 통과 시 유지,,2.220577350111029,11.02,P4,회귀검사 통과 시 유지
ABF-305,사진 대조 1차 교정본,367,"00:20:53,540 --> 00:20:59,030",5.49,뭐 해 줄 건데?,응.,뭐? 뭐?,반말형,sub_0367_1253.5s.jpg,0.04,,,25.0,90.0,50.0,78.0,75.0,0.56594,0.0,66.0,0.0,0.0,0.2675,"어, 뭐 좀 해 줘.",양치 좀 해 줘.,손상된 일본어 ASR + 타임스탬프 사진 + 앞뒤 문맥 추론,38.83,T3,화자·문맥·자연스러움 집중 검토,,65.9141376757957,50.21,P3,말투·질문응답·가독성 위주 검토
ABF-305,사진 대조 1차 교정본,368,"00:20:59,470 --> 00:21:00,170",0.7,뭐? 뭐?,뭐 해 줄 건데?,어라?,중립·혼합형,sub_0368_1259.5s.jpg,0.03,,,25.0,90.0,50.0,78.0,75.0,0.38723,0.0,66.0,0.0,0.0,0.3342,뭐? 아침에 졸려? 하고 바로…,뭐? 아침부터 졸리다고 해 놓고…,사진 장면 확인 및 한국어 번역투·ASR 오역 교정,31.32,T4,구조검사 통과 시 유지,,34.97409326424871,32.85,P4,회귀검사 통과 시 유지
ABF-305,사진 대조 1차 교정본,369,"00:21:01,430 --> 00:21:01,650",0.22,어라?,뭐? 뭐?,우후후.,반응형,sub_0369_1261.4s.jpg,0.03,,,25.0,90.0,50.0,78.0,75.0,0.35292,0.0,66.0,0.0,0.0,0.139,어라... 아...,어라… 아…,,29.88,T4,구조검사 통과 시 유지,,28.904515173945228,29.47,P4,회귀검사 통과 시 유지
ABF-305,사진 대조 1차 교정본,370,"00:21:02,290 --> 00:21:02,610",0.32,우후후.,어라?,우후후.,중립·혼합형,sub_0370_1262.3s.jpg,0.01,,,25.0,90.0,50.0,78.0,75.0,0.33972,0.0,66.0,0.0,0.0,0.0909,"후후후, 어서 와.","후후후, 차가워!",손상된 일본어 ASR + 타임스탬프 사진 + 앞뒤 문맥 추론,29.33,T4,구조검사 통과 시 유지,,26.683937823834196,28.22,P4,회귀검사 통과 시 유지
ABF-305,사진 대조 1차 교정본,371,"00:21:03,810 --> 00:21:04,090",0.28,우후후.,우후후.,차 안에서 하는 느낌.,중립·혼합형,sub_0371_1263.8s.jpg,0.01,,,25.0,90.0,50.0,78.0,75.0,0.41116,0.0,66.0,0.0,0.0,0.0909,"후후후, 어서 와.","후후후, 차가워!",손상된 일본어 ASR + 타임스탬프 사진 + 앞뒤 문맥 추론,32.33,T4,구조검사 통과 시 유지,,38.4159881569208,34.89,P4,회귀검사 통과 시 유지
ABF-305,사진 대조 1차 교정본,372,"00:21:07,210 --> 00:21:33,330",26.12,차 안에서 하는 느낌.,우후후.,응.,중립·혼합형,sub_0372_1267.2s.jpg,0.01,,,25.0,90.0,50.0,78.0,75.0,0.71493,0.0,66.0,0.0,0.0,0.3452,"좋은 느낌? 응, 좋은 느낌.","괜찮아? 응, 좋아.",일본어 원문 대조 + 자연스러운 한국어 대사 교정,45.09,T3,화자·문맥·자연스러움 집중 검토,,88.67505551443375,63.4,P2,앞뒤 5블록·사진·오류 기억을 함께 검토
ABF-305,사진 대조 1차 교정본,373,"00:21:34,230 --> 00:21:34,610",0.38,응.,차 안에서 하는 느낌.,응.,반응형,sub_0373_1294.2s.jpg,0.03,,,25.0,90.0,50.0,78.0,75.0,0.03944,0.0,66.0,0.0,0.0,0.4149,"하-, 응.",하아… 응.,,16.72,T4,구조검사 통과 시 유지,,1.0362694300518136,10.13,P4,회귀검사 통과 시 유지
ABF-305,사진 대조 1차 교정본,374,"00:21:36,490 --> 00:21:36,570",0.08,응.,응.,응.,반응형,sub_0374_1296.5s.jpg,0.01,,,25.0,90.0,50.0,78.0,75.0,0.03367,0.0,66.0,55.0,30.0,0.4149,"하-, 응.",하아… 응.,,24.37,T4,구조검사 통과 시 유지,high_cps;triple_identical_run,12.657290895632864,19.45,P4,회귀검사 통과 시 유지
ABF-305,사진 대조 1차 교정본,375,"00:21:38,130 --> 00:21:38,650",0.52,응.,응.,보답.,반응형,sub_0375_1298.1s.jpg,0.03,,,25.0,90.0,50.0,78.0,75.0,0.04538,0.0,66.0,0.0,0.0,0.4149,"하-, 응.",하아… 응.,,16.97,T4,구조검사 통과 시 유지,,1.4803849000740192,10.46,P4,회귀검사 통과 시 유지
ABF-305,사진 대조 1차 교정본,376,"00:22:08,960 --> 00:22:11,160",2.2,보답.,응.,보답.,중립·혼합형,sub_0376_1329.0s.jpg,0.04,,,25.0,90.0,50.0,78.0,75.0,0.19346,0.0,66.0,0.0,0.0,0.0443,잘 안 보여.,"응, 그렇네.",일본어 원문 + 타임스탬프 사진 + 장면 연속성,23.19,T4,구조검사 통과 시 유지,,9.844559585492227,17.58,P4,회귀검사 통과 시 유지
ABF-305,사진 대조 1차 교정본,377,"00:22:11,820 --> 00:22:12,300",0.48,보답.,보답.,보답.,중립·혼합형,sub_0377_1331.8s.jpg,0.02,,,25.0,90.0,50.0,78.0,75.0,0.21847,0.0,66.0,0.0,30.0,0.0443,잘 안 보여.,"응, 그렇네.",일본어 원문 + 타임스탬프 사진 + 장면 연속성,26.64,T4,구조검사 통과 시 유지,triple_identical_run,18.726868985936342,23.32,P4,회귀검사 통과 시 유지
ABF-305,사진 대조 1차 교정본,378,"00:22:12,600 --> 00:22:13,560",0.96,보답.,보답.,보답.,중립·혼합형,sub_0378_1332.6s.jpg,0.0,,,25.0,90.0,50.0,78.0,75.0,0.21599,0.0,66.0,0.0,30.0,0.0443,잘 안 보여.,"응, 그렇네.",일본어 원문 + 타임스탬프 사진 + 장면 연속성,26.53,T4,구조검사 통과 시 유지,triple_identical_run,18.282753515914138,23.07,P4,회귀검사 통과 시 유지
ABF-305,사진 대조 1차 교정본,379,"00:22:13,560 --> 00:22:13,660",0.1,보답.,보답.,거기 자세는...,중립·혼합형,sub_0379_1333.6s.jpg,0.04,,,25.0,90.0,50.0,78.0,75.0,0.31911,0.0,66.0,70.0,0.0,0.0443,잘 안 보여.,"응, 그렇네.",일본어 원문 + 타임스탬프 사진 + 장면 연속성,35.46,T3,화자·문맥·자연스러움 집중 검토,high_cps,52.25758697261288,42.51,P3,말투·질문응답·가독성 위주 검토
ABF-305,사진 대조 1차 교정본,380,"00:22:14,660 --> 00:22:18,260",3.6,거기 자세는...,보답.,응?,중립·혼합형,sub_0380_1334.7s.jpg,0.04,,,25.0,90.0,50.0,78.0,75.0,0.44139,0.0,66.0,0.0,0.0,0.2533,좋아하는...,좋아하는…,,33.6,T4,구조검사 통과 시 유지,,43.89341228719467,37.92,P4,회귀검사 통과 시 유지
ABF-305,사진 대조 1차 교정본,381,"00:22:18,260 --> 00:22:18,380",0.12,응?,거기 자세는...,뭐야?,반응형,sub_0381_1338.3s.jpg,0.04,,,25.0,90.0,50.0,78.0,75.0,0.1641,0.0,66.0,25.0,0.0,0.4138,응? 잠깐 기다려…,응? 잠깐만…,일본어 원문 대조 + 자연스러운 한국어 대사 교정,24.45,T4,구조검사 통과 시 유지,borderline_cps,12.805329385640265,19.56,P4,회귀검사 통과 시 유지
ABF-305,사진 대조 1차 교정본,382,"00:22:19,600 --> 00:22:20,720",1.12,뭐야?,응?,뭐?,반말형,sub_0382_1339.6s.jpg,0.0,,,25.0,90.0,50.0,78.0,75.0,0.1502,5.3,66.0,0.0,0.0,0.6942,"아, 아... 뭐야?","아, 아… 뭐야?",,22.32,T4,구조검사 통과 시 유지,,7.549962990377498,16.12,P4,회귀검사 통과 시 유지
ABF-305,사진 대조 1차 교정본,383,"00:22:21,620 --> 00:22:22,260",0.64,뭐?,뭐야?,뭐?,중립·혼합형,sub_0383_1341.6s.jpg,0.02,,,25.0,90.0,50.0,78.0,75.0,0.1189,0.0,66.0,0.0,0.0,0.3342,뭐? 아침에 졸려? 하고 바로…,뭐? 아침부터 졸리다고 해 놓고…,사진 장면 확인 및 한국어 번역투·ASR 오역 교정,20.05,T4,구조검사 통과 시 유지,,4.737231680236861,13.62,P4,회귀검사 통과 시 유지
ABF-305,사진 대조 1차 교정본,384,"00:22:22,260 --> 00:22:23,200",0.94,뭐?,뭐?,뭐?,중립·혼합형,sub_0384_1342.3s.jpg,0.04,,,25.0,90.0,50.0,78.0,75.0,0.16566,0.0,66.0,0.0,30.0,0.3342,뭐? 아침에 졸려? 하고 바로…,뭐? 아침부터 졸리다고 해 놓고…,사진 장면 확인 및 한국어 번역투·ASR 오역 교정,24.42,T4,구조검사 통과 시 유지,triple_identical_run,12.731310140636564,19.51,P4,회귀검사 통과 시 유지
ABF-305,사진 대조 1차 교정본,385,"00:22:24,540 --> 00:22:26,380",1.84,뭐?,뭐?,보답.,중립·혼합형,sub_0385_1344.5s.jpg,0.04,,,25.0,90.0,50.0,78.0,75.0,0.23924,0.0,66.0,0.0,0.0,0.3342,뭐? 아침에 졸려? 하고 바로…,뭐? 아침부터 졸리다고 해 놓고…,사진 장면 확인 및 한국어 번역투·ASR 오역 교정,25.11,T4,구조검사 통과 시 유지,,14.433752775721686,20.63,P4,회귀검사 통과 시 유지
ABF-305,사진 대조 1차 교정본,386,"00:23:04,360 --> 00:23:05,060",0.7,보답.,뭐?,보답.,중립·혼합형,sub_0386_1384.4s.jpg,0.04,,,25.0,90.0,50.0,78.0,75.0,0.22572,0.0,66.0,0.0,0.0,0.0443,잘 안 보여.,"응, 그렇네.",일본어 원문 + 타임스탬프 사진 + 장면 연속성,24.54,T4,구조검사 통과 시 유지,,13.027387120651369,19.7,P4,회귀검사 통과 시 유지
ABF-305,사진 대조 1차 교정본,387,"00:23:05,980 --> 00:23:06,660",0.68,보답.,보답.,이건 월급.,중립·혼합형,sub_0387_1386.0s.jpg,0.02,,,25.0,90.0,50.0,78.0,75.0,0.33013,0.0,66.0,0.0,0.0,0.0443,잘 안 보여.,"응, 그렇네.",일본어 원문 + 타임스탬프 사진 + 장면 연속성,28.93,T4,구조검사 통과 시 유지,,25.38860103626943,27.44,P4,회귀검사 통과 시 유지
ABF-305,사진 대조 1차 교정본,388,"00:23:07,540 --> 00:23:07,740",0.2,이건 월급.,보답.,"대학 4일 동안의 역, 보답.",중립·혼합형,sub_0388_1387.5s.jpg,0.04,,,25.0,90.0,50.0,78.0,75.0,0.52402,0.0,66.0,55.0,0.0,0.2712,이건 좀 대단하네.,"와, 이건 대단하네.",손상된 일본어 ASR + 타임스탬프 사진 + 앞뒤 문맥 추론,42.57,T3,화자·문맥·자연스러움 집중 검토,high_cps,80.90303478904515,58.67,P2,앞뒤 5블록·사진·오류 기억을 함께 검토
ABF-305,사진 대조 1차 교정본,389,"00:23:07,740 --> 00:23:09,740",2.0,"대학 4일 동안의 역, 보답.",이건 월급.,여기서.,중립·혼합형,sub_0389_1387.7s.jpg,0.04,,,25.0,90.0,50.0,78.0,75.0,0.84551,0.0,66.0,0.0,0.0,0.0449,"한 달 동안 같이 지낼 기회가 있으니, 저는 좀 더 친해져서 여러 가지를 함께하고 싶어요. 저와 친하게 지내 줄래요?",한 달 동안 좀 더 친해져서 여러 가지를 함께하고 싶어요. 저와 친하게 지내 줄래요?,화자·문장 구조 정리,50.57,T3,화자·문맥·자연스러움 집중 검토,,97.85344189489267,70.43,P2,앞뒤 5블록·사진·오류 기억을 함께 검토
ABF-305,사진 대조 1차 교정본,390,"00:23:09,760 --> 00:23:14,980",5.22,여기서.,"대학 4일 동안의 역, 보답.",보답.,중립·혼합형,sub_0390_1389.8s.jpg,0.04,,,25.0,90.0,50.0,78.0,75.0,0.39414,0.0,66.0,0.0,0.0,0.2977,여기서 자고 있어?,땀나고 있어?,사진 장면 확인 및 한국어 번역투·ASR 오역 교정,31.61,T4,구조검사 통과 시 유지,,36.01036269430052,33.46,P4,회귀검사 통과 시 유지
ABF-305,사진 대조 1차 교정본,391,"00:23:14,980 --> 00:23:19,650",4.67,보답.,여기서.,그 옷의 무늬.,중립·혼합형,sub_0391_1395.0s.jpg,0.02,,,25.0,90.0,50.0,78.0,75.0,0.3729,0.0,66.0,0.0,0.0,0.0443,잘 안 보여.,"응, 그렇네.",일본어 원문 + 타임스탬프 사진 + 장면 연속성,30.72,T4,구조검사 통과 시 유지,,32.531458179126574,31.48,P4,회귀검사 통과 시 유지
ABF-305,사진 대조 1차 교정본,392,"00:23:20,290 --> 00:23:31,840",11.55,그 옷의 무늬.,보답.,"아, 여기도 보답.",중립·혼합형,sub_0392_1400.3s.jpg,0.01,,,25.0,90.0,50.0,78.0,75.0,0.54291,0.0,66.0,0.0,0.0,0.0832,그 밑부분?,그 밑줄기?,일본어 원문 대조 + 자연스러운 한국어 대사 교정,37.86,T3,화자·문맥·자연스러움 집중 검토,,62.02812731310141,48.01,P3,말투·질문응답·가독성 위주 검토
ABF-305,사진 대조 1차 교정본,393,"00:23:31,840 --> 00:23:33,380",1.54,"아, 여기도 보답.",그 옷의 무늬.,보답.,반응형,sub_0393_1411.8s.jpg,0.04,,,25.0,90.0,50.0,78.0,75.0,0.55276,0.0,66.0,0.0,0.0,0.5355,여기도 해줘.,여기도 해 줘.,,38.28,T3,화자·문맥·자연스러움 집중 검토,,63.69356032568467,48.95,P3,말투·질문응답·가독성 위주 검토
ABF-305,사진 대조 1차 교정본,394,"00:23:50,210 --> 00:23:50,890",0.68,보답.,"아, 여기도 보답.",어?,중립·혼합형,sub_0394_1430.2s.jpg,0.01,,,25.0,90.0,50.0,78.0,75.0,0.19955,0.0,66.0,0.0,0.0,0.0443,잘 안 보여.,"응, 그렇네.",일본어 원문 + 타임스탬프 사진 + 장면 연속성,23.44,T4,구조검사 통과 시 유지,,10.584752035529238,18.04,P4,회귀검사 통과 시 유지
ABF-305,사진 대조 1차 교정본,395,"00:24:20,120 --> 00:24:20,480",0.36,어?,보답.,에잇!,반응형,sub_0395_1460.1s.jpg,0.02,,,25.0,90.0,50.0,78.0,75.0,0.15867,0.0,66.0,0.0,0.0,0.3197,어? 벗기고 싶다고? 응.,해 줬으면 좋겠어? 응.,손상된 일본어 ASR + 타임스탬프 사진 + 앞뒤 문맥 추론,21.72,T4,구조검사 통과 시 유지,,6.7357512953367875,15.43,P4,회귀검사 통과 시 유지
ABF-305,사진 대조 1차 교정본,396,"00:24:20,520 --> 00:24:20,740",0.22,에잇!,어?,에잇!,중립·혼합형,sub_0396_1460.5s.jpg,0.02,,,25.0,90.0,50.0,78.0,75.0,0.07891,0.0,66.0,0.0,0.0,0.1098,에에!,좋아!,사진 장면 확인 및 한국어 번역투·ASR 오역 교정,18.37,T4,구조검사 통과 시 유지,,3.4789045151739453,12.12,P4,회귀검사 통과 시 유지
ABF-305,사진 대조 1차 교정본,397,"00:24:20,760 --> 00:24:21,820",1.06,에잇!,에잇!,에잇!,중립·혼합형,sub_0397_1460.8s.jpg,0.04,,,25.0,90.0,50.0,78.0,75.0,0.11852,0.0,66.0,0.0,30.0,0.1098,에에!,좋아!,사진 장면 확인 및 한국어 번역투·ASR 오역 교정,22.44,T4,구조검사 통과 시 유지,triple_identical_run,8.142116950407106,16.43,P4,회귀검사 통과 시 유지
ABF-305,사진 대조 1차 교정본,398,"00:24:21,940 --> 00:24:22,520",0.58,에잇!,에잇!,에잇!,중립·혼합형,sub_0398_1461.9s.jpg,0.04,,,25.0,90.0,50.0,78.0,75.0,0.11932,0.0,66.0,0.0,30.0,0.1098,에에!,좋아!,사진 장면 확인 및 한국어 번역투·ASR 오역 교정,22.47,T4,구조검사 통과 시 유지,triple_identical_run,8.36417468541821,16.55,P4,회귀검사 통과 시 유지
ABF-305,사진 대조 1차 교정본,399,"00:24:22,560 --> 00:24:27,080",4.52,에잇!,에잇!,힘들지?,중립·혼합형,sub_0399_1462.6s.jpg,0.04,,,25.0,90.0,50.0,78.0,75.0,0.16357,0.0,66.0,0.0,0.0,0.1098,에에!,좋아!,사진 장면 확인 및 한국어 번역투·ASR 오역 교정,21.93,T4,구조검사 통과 시 유지,,7.031828275351591,15.67,P4,회귀검사 통과 시 유지
ABF-305,사진 대조 1차 교정본,400,"00:24:27,300 --> 00:24:28,200",0.9,힘들지?,에잇!,"어, 옷 벗기는 거 진짜 잘하네!",반말형,sub_0400_1467.3s.jpg,0.0,,,25.0,90.0,50.0,78.0,75.0,0.34724,0.0,66.0,0.0,0.0,0.1576,걷기 힘들어.,응.,일본어 원문 + 타임스탬프 사진 + 장면 연속성,29.64,T4,구조검사 통과 시 유지,,28.127313101406365,29.0,P4,회귀검사 통과 시 유지
ABF-305,사진 대조 1차 교정본,401,"00:24:30,800 --> 00:24:31,900",1.1,"어, 옷 벗기는 거 진짜 잘하네!",힘들지?,어?,반말형,sub_0401_1470.8s.jpg,0.0,,,25.0,90.0,50.0,78.0,75.0,0.53339,0.0,66.0,0.0,0.0,0.2244,잘하네...,잘하네…,,37.46,T3,화자·문맥·자연스러움 집중 검토,,60.84381939304219,47.28,P3,말투·질문응답·가독성 위주 검토
ABF-305,사진 대조 1차 교정본,402,"00:24:32,580 --> 00:24:32,680",0.1,어?,"어, 옷 벗기는 거 진짜 잘하네!",벗기는 거 정말 잘해!,반응형,sub_0402_1472.6s.jpg,0.02,,,25.0,90.0,50.0,78.0,75.0,0.26635,0.0,66.0,25.0,0.0,0.3197,어? 벗기고 싶다고? 응.,해 줬으면 좋겠어? 응.,손상된 일본어 ASR + 타임스탬프 사진 + 앞뒤 문맥 추론,28.75,T4,구조검사 통과 시 유지,borderline_cps,24.57438934122872,27.0,P4,회귀검사 통과 시 유지
ABF-305,사진 대조 1차 교정본,403,"00:24:32,800 --> 00:24:33,740",0.94,벗기는 거 정말 잘해!,어?,팬티 귀여워!,반말형,sub_0403_1472.8s.jpg,0.0,,,25.0,90.0,50.0,78.0,75.0,0.49494,0.0,66.0,0.0,0.0,0.2263,정말 좋아.,거기 좋아.,타임스탬프 사진과 장면 흐름으로 명백한 오인식 교정,35.85,T3,화자·문맥·자연스러움 집중 검토,,54.108068097705406,43.52,P3,말투·질문응답·가독성 위주 검토
ABF-305,사진 대조 1차 교정본,404,"00:24:41,460 --> 00:24:42,640",1.18,팬티 귀여워!,벗기는 거 정말 잘해!,역시 조금 신경 써서...,중립·혼합형,sub_0404_1481.5s.jpg,0.04,,,25.0,90.0,50.0,78.0,75.0,0.43118,0.0,66.0,0.0,0.0,0.2736,엄청 귀여워.,매일 목욕해.,일본어 원문 + 타임스탬프 사진 + 장면 연속성,33.17,T4,구조검사 통과 시 유지,,42.33900814211695,37.02,P4,회귀검사 통과 시 유지
ABF-305,사진 대조 1차 교정본,405,"00:24:43,540 --> 00:24:45,600",2.06,역시 조금 신경 써서...,팬티 귀여워!,이거 신경 쓴 팬티구나.,중립·혼합형,sub_0405_1483.5s.jpg,0.04,,,25.0,90.0,50.0,78.0,75.0,0.71573,0.0,66.0,0.0,0.0,0.1885,역시 움직여 줄게.,이제 움직여 줄게.,사진 장면 확인 및 한국어 번역투·ASR 오역 교정,45.12,T3,화자·문맥·자연스러움 집중 검토,,88.74907475943745,63.44,P2,앞뒤 5블록·사진·오류 기억을 함께 검토
ABF-305,사진 대조 1차 교정본,406,"00:24:45,600 --> 00:24:48,320",2.72,이거 신경 쓴 팬티구나.,역시 조금 신경 써서...,그래서 칭찬해 줬어.,중립·혼합형,sub_0406_1485.6s.jpg,0.0,,,25.0,90.0,50.0,78.0,75.0,0.72181,0.0,66.0,0.0,0.0,0.1574,그렇구나.,손 정말 잘 쓰네.,일본어 원문 + 타임스탬프 사진 + 장면 연속성,45.38,T3,화자·문맥·자연스러움 집중 검토,,89.48926720947446,63.91,P2,앞뒤 5블록·사진·오류 기억을 함께 검토
ABF-305,사진 대조 1차 교정본,407,"00:24:48,480 --> 00:24:49,780",1.3,그래서 칭찬해 줬어.,이거 신경 쓴 팬티구나.,귀여워. 귀엽네.,반응형,sub_0407_1488.5s.jpg,0.02,,,25.0,90.0,50.0,78.0,75.0,0.70101,0.0,66.0,0.0,0.0,0.1725,맞아요. 그래서 강사분이 너무 당황해서 불시착하고…,맞아요. 강사분도 당황할 만큼 아찔한 순간이 있었어요.,손상된 일본어 ASR + 타임스탬프 사진 + 앞뒤 문맥 추론,44.5,T3,화자·문맥·자연스러움 집중 검토,,87.19467061435974,62.43,P2,앞뒤 5블록·사진·오류 기억을 함께 검토
ABF-305,사진 대조 1차 교정본,408,"00:24:49,780 --> 00:24:52,200",2.42,귀여워. 귀엽네.,그래서 칭찬해 줬어.,"어라, 들통났네.",반말형,sub_0408_1489.8s.jpg,0.02,,,25.0,90.0,50.0,78.0,75.0,0.59675,11.7,66.0,0.0,0.0,0.7475,귀엽네.,그냥 벗었을 뿐이야.,일본어 원문 + 타임스탬프 사진 + 장면 연속성,42.23,T3,화자·문맥·자연스러움 집중 검토,,79.86676535899335,58.04,P2,앞뒤 5블록·사진·오류 기억을 함께 검토
ABF-305,사진 대조 1차 교정본,409,"00:24:55,400 --> 00:24:57,500",2.1,"어라, 들통났네.",귀여워. 귀엽네.,"어, 왜? 왜? 왜?",반응형,sub_0409_1495.4s.jpg,0.0,,,25.0,90.0,50.0,78.0,75.0,0.5172,0.0,66.0,0.0,0.0,0.305,"어라, 안 들어갔어.","어라, 아직 안 들어갔어.",일본어 원문 대조 + 자연스러운 한국어 대사 교정,36.78,T3,화자·문맥·자연스러움 집중 검토,,57.735011102886745,45.58,P3,말투·질문응답·가독성 위주 검토
ABF-305,사진 대조 1차 교정본,410,"00:25:04,270 --> 00:25:07,790",3.52,"어, 왜? 왜? 왜?","어라, 들통났네.",보답하는 거야. 보답해 줄게.,반응형,sub_0410_1504.3s.jpg,0.03,,,25.0,90.0,50.0,78.0,75.0,0.41239,0.0,66.0,0.0,0.0,0.2688,괜찮으려나? 왜? 잘 닦이고 있나?,괜찮으려나? 왜? 잘 닦이고 있어?,일본어 원문 대조 + 자연스러운 한국어 대사 교정,32.38,T4,구조검사 통과 시 유지,,38.74907475943745,35.06,P4,회귀검사 통과 시 유지
ABF-305,사진 대조 1차 교정본,411,"00:25:08,630 --> 00:25:11,210",2.58,보답하는 거야. 보답해 줄게.,"어, 왜? 왜? 왜?",보답?,반말형,sub_0411_1508.6s.jpg,0.03,,,25.0,90.0,50.0,78.0,75.0,0.61257,0.0,66.0,0.0,0.0,0.2714,내가 잡아 줄게.,목욕하면서…,일본어 원문 + 타임스탬프 사진 + 장면 연속성,40.79,T3,화자·문맥·자연스러움 집중 검토,,74.68541820873426,55.03,P3,말투·질문응답·가독성 위주 검토
ABF-305,사진 대조 1차 교정본,412,"00:25:11,410 --> 00:25:11,630",0.22,보답?,보답하는 거야. 보답해 줄게.,괜찮아. 괜찮아.,중립·혼합형,sub_0412_1511.4s.jpg,0.01,,,25.0,90.0,50.0,78.0,75.0,0.3398,0.0,66.0,0.0,0.0,0.0352,잘 안 보여.,"응, 그렇네.",일본어 원문 + 타임스탬프 사진 + 장면 연속성,29.33,T4,구조검사 통과 시 유지,,26.683937823834196,28.22,P4,회귀검사 통과 시 유지
ABF-305,사진 대조 1차 교정본,413,"00:25:12,070 --> 00:25:13,550",1.48,괜찮아. 괜찮아.,보답?,싫어. 미안해.,반응형,sub_0413_1512.1s.jpg,0.03,,,25.0,90.0,50.0,78.0,75.0,0.42612,42.0,66.0,0.0,0.0,1.0,괜찮아.,최고예요.,화면 영문 자막 대조,40.52,T3,화자·문맥·자연스러움 집중 검토,,73.79718726868985,54.5,P3,말투·질문응답·가독성 위주 검토
ABF-305,사진 대조 1차 교정본,414,"00:25:15,530 --> 00:25:17,330",1.8,싫어. 미안해.,괜찮아. 괜찮아.,소리 내렴.,반응형,sub_0414_1515.5s.jpg,0.03,,,25.0,90.0,50.0,78.0,75.0,0.53143,0.0,66.0,0.0,0.0,0.6162,아... 미안해.,아… 미안해.,,37.38,T3,화자·문맥·자연스러움 집중 검토,,60.51073279052554,47.09,P3,말투·질문응답·가독성 위주 검토
ABF-305,사진 대조 1차 교정본,415,"00:25:18,450 --> 00:25:18,970",0.52,소리 내렴.,싫어. 미안해.,보답해 주는 거 기쁘네.,중립·혼합형,sub_0415_1518.5s.jpg,0.05,,,25.0,90.0,50.0,78.0,75.0,0.52471,0.0,66.0,0.0,0.0,0.2666,소리 내면 멈춰 버렸어.,소리 내니까 멈췄네.,사진 장면 확인 및 한국어 번역투·ASR 오역 교정,37.1,T3,화자·문맥·자연스러움 집중 검토,,59.21539600296077,46.39,P3,말투·질문응답·가독성 위주 검토
ABF-305,사진 대조 1차 교정본,416,"00:25:23,220 --> 00:25:27,080",3.86,보답해 주는 거 기쁘네.,소리 내렴.,"어, 계속 보고 있어도 돼?",반말형,sub_0416_1523.2s.jpg,0.02,,,25.0,90.0,50.0,78.0,75.0,0.65542,0.0,66.0,0.0,0.0,0.6338,기쁘네.,좋아.,일본어 원문 대조 + 자연스러운 한국어 대사 교정,42.59,T3,화자·문맥·자연스러움 집중 검토,,81.0880829015544,58.76,P2,앞뒤 5블록·사진·오류 기억을 함께 검토
ABF-305,사진 대조 1차 교정본,417,"00:25:30,720 --> 00:25:32,180",1.46,"어, 계속 보고 있어도 돼?",보답해 주는 거 기쁘네.,어?,반응형,sub_0417_1530.7s.jpg,0.02,,,25.0,90.0,50.0,78.0,75.0,0.64792,0.0,66.0,0.0,0.0,0.2574,잘 보고 있어...,잘 보고 있어…,,42.27,T3,화자·문맥·자연스러움 집중 검토,,80.08882309400445,58.15,P2,앞뒤 5블록·사진·오류 기억을 함께 검토
ABF-305,사진 대조 1차 교정본,418,"00:25:32,660 --> 00:25:33,000",0.34,어?,"어, 계속 보고 있어도 돼?",계속 봐도 돼?,반응형,sub_0418_1532.7s.jpg,0.04,,,25.0,90.0,50.0,78.0,75.0,0.17566,0.0,66.0,0.0,0.0,0.3197,어? 벗기고 싶다고? 응.,해 줬으면 좋겠어? 응.,손상된 일본어 ASR + 타임스탬프 사진 + 앞뒤 문맥 추론,22.44,T4,구조검사 통과 시 유지,,8.142116950407106,16.43,P4,회귀검사 통과 시 유지
ABF-305,사진 대조 1차 교정본,419,"00:25:33,320 --> 00:25:35,140",1.82,계속 봐도 돼?,어?,"음, 부끄러워.",중립·혼합형,sub_0419_1533.3s.jpg,0.02,,,25.0,90.0,50.0,78.0,75.0,0.4959,0.0,66.0,0.0,0.0,0.2917,더 해줘도 돼?,더 해 줘도 돼?,,35.89,T3,화자·문맥·자연스러움 집중 검토,,54.36713545521835,43.65,P3,말투·질문응답·가독성 위주 검토
ABF-305,사진 대조 1차 교정본,420,"00:25:36,200 --> 00:25:37,780",1.58,"음, 부끄러워.",계속 봐도 돼?,부끄러워?,중립·혼합형,sub_0420_1536.2s.jpg,0.0,,,25.0,90.0,50.0,78.0,75.0,0.46017,10.83,66.0,0.0,0.0,0.7402,"하아, 부끄러워.",부끄러워? 팬티도 벗어야지.,일본어 원문 + 타임스탬프 사진 + 장면 연속성,36.34,T3,화자·문맥·자연스러움 집중 검토,,56.032568467801624,44.61,P3,말투·질문응답·가독성 위주 검토
ABF-305,사진 대조 1차 교정본,421,"00:25:38,200 --> 00:25:38,800",0.6,부끄러워?,"음, 부끄러워.",괜찮아.,중립·혼합형,sub_0421_1538.2s.jpg,0.0,,,25.0,90.0,50.0,78.0,75.0,0.35605,0.0,66.0,0.0,0.0,0.523,"잠깐, 보여 줘 봐. 잠깐, 이쪽 봐봐. 부끄러워?",잠깐 보여 줘. 이쪽 봐봐. 부끄러워?,일본어 원문 대조 + 자연스러운 한국어 대사 교정,30.01,T4,구조검사 통과 시 유지,,29.459659511472985,29.78,P4,회귀검사 통과 시 유지
ABF-305,사진 대조 1차 교정본,422,"00:25:38,920 --> 00:25:39,520",0.6,괜찮아.,부끄러워?,보고 있었어?,반응형,sub_0422_1538.9s.jpg,0.02,,,25.0,90.0,50.0,78.0,75.0,0.27243,42.0,66.0,0.0,0.0,1.0,괜찮아.,최고예요.,화면 영문 자막 대조,34.06,T4,구조검사 통과 시 유지,,45.706883789785344,38.95,P4,회귀검사 통과 시 유지
ABF-305,사진 대조 1차 교정본,423,"00:25:40,260 --> 00:25:40,840",0.58,보고 있었어?,괜찮아.,보고 있어줘.,반응형,sub_0423_1540.3s.jpg,0.04,,,25.0,90.0,50.0,78.0,75.0,0.45148,0.0,66.0,0.0,0.0,0.5472,빨 생각하고 있었어?,아까부터 빨 생각만 했지?,일본어 원문 대조 + 자연스러운 한국어 대사 교정,34.02,T4,구조검사 통과 시 유지,,45.52183567727609,38.85,P4,회귀검사 통과 시 유지
ABF-305,사진 대조 1차 교정본,424,"00:25:42,500 --> 00:25:43,240",0.74,보고 있어줘.,보고 있었어?,보답했어.,반응형,sub_0424_1542.5s.jpg,0.0,,,25.0,90.0,50.0,78.0,75.0,0.45004,28.55,66.0,0.0,0.0,0.8879,잠깐 보고 있어줘.,그대로 보고 있어 줘.,일본어 원문 대조 + 자연스러운 한국어 대사 교정,39.1,T3,화자·문맥·자연스러움 집중 검토,,67.35751295336787,50.97,P3,말투·질문응답·가독성 위주 검토
ABF-305,사진 대조 1차 교정본,425,"00:25:43,240 --> 00:25:43,320",0.08,보답했어.,보고 있어줘.,보답했어.,반응형,sub_0425_1543.2s.jpg,0.04,,,25.0,90.0,50.0,78.0,75.0,0.34169,0.0,66.0,70.0,0.0,0.1528,계속 생각했어.,부끄러워? 뭔가 야하네.,일본어 원문 + 타임스탬프 사진 + 장면 연속성,36.41,T3,화자·문맥·자연스러움 집중 검토,high_cps,56.25462620281273,44.74,P3,말투·질문응답·가독성 위주 검토
ABF-305,사진 대조 1차 교정본,426,"00:26:05,280 --> 00:26:06,100",0.82,보답했어.,보답했어.,대박. 어느새 서 버렸네.,반응형,sub_0426_1565.3s.jpg,0.02,,,25.0,90.0,50.0,78.0,75.0,0.33579,0.0,66.0,0.0,0.0,0.1528,계속 생각했어.,부끄러워? 뭔가 야하네.,일본어 원문 + 타임스탬프 사진 + 장면 연속성,29.16,T4,구조검사 통과 시 유지,,26.017764618800886,27.84,P4,회귀검사 통과 시 유지
ABF-305,사진 대조 1차 교정본,427,"00:26:15,750 --> 00:26:17,550",1.8,대박. 어느새 서 버렸네.,보답했어.,어느새 엄청 딱딱해졌어.,반응형,sub_0427_1575.8s.jpg,0.05,,,25.0,90.0,50.0,78.0,75.0,0.68734,0.0,66.0,0.0,0.0,0.3761,또 무직이 돼 버렸네.,또 갈 것 같아…,타임스탬프 사진으로 장면 불일치 확인 후 재복원,43.93,T3,화자·문맥·자연스러움 집중 검토,,85.08512213175425,61.22,P2,앞뒤 5블록·사진·오류 기억을 함께 검토
ABF-305,사진 대조 1차 교정본,428,"00:26:19,230 --> 00:26:20,570",1.34,어느새 엄청 딱딱해졌어.,대박. 어느새 서 버렸네.,보답했어.,반응형,sub_0428_1579.2s.jpg,0.03,,,25.0,90.0,50.0,78.0,75.0,0.6577,0.0,66.0,0.0,0.0,0.3245,엄청 딱딱해...,엄청 딱딱해…,,42.68,T3,화자·문맥·자연스러움 집중 검토,,81.19911176905995,58.86,P2,앞뒤 5블록·사진·오류 기억을 함께 검토
ABF-305,사진 대조 1차 교정본,429,"00:26:21,430 --> 00:26:22,090",0.66,보답했어.,어느새 엄청 딱딱해졌어.,정말 기대돼요.,반응형,sub_0429_1581.4s.jpg,0.03,,,25.0,90.0,50.0,78.0,75.0,0.43202,0.0,66.0,0.0,0.0,0.1528,계속 생각했어.,부끄러워? 뭔가 야하네.,일본어 원문 + 타임스탬프 사진 + 장면 연속성,33.2,T4,구조검사 통과 시 유지,,42.56106587712805,37.13,P4,회귀검사 통과 시 유지
ABF-305,사진 대조 1차 교정본,430,"00:26:24,800 --> 00:27:52,360",87.56,정말 기대돼요.,보답했어.,점점 뜨거워지네요.,중립·혼합형,sub_0430_1584.8s.jpg,0.0,,,25.0,90.0,50.0,78.0,75.0,0.63976,0.0,66.0,0.0,0.0,0.25,정말 좋아.,거기 좋아.,타임스탬프 사진과 장면 흐름으로 명백한 오인식 교정,41.93,T3,화자·문맥·자연스러움 집중 검토,,79.20059215396003,57.58,P3,말투·질문응답·가독성 위주 검토
ABF-305,사진 대조 1차 교정본,431,"00:27:54,920 --> 00:27:56,020",1.1,점점 뜨거워지네요.,정말 기대돼요.,좋아.,반말형,sub_0431_1674.9s.jpg,0.02,,,25.0,90.0,50.0,78.0,75.0,0.46134,0.0,66.0,0.0,0.0,0.2731,점점 더...,점점 더…,,34.44,T4,구조검사 통과 시 유지,,47.07623982235381,39.75,P4,회귀검사 통과 시 유지
ABF-305,사진 대조 1차 교정본,432,"00:28:28,020 --> 00:28:29,060",1.04,좋아.,점점 뜨거워지네요.,진짜 기분 좋아.,반응형,sub_0432_1708.0s.jpg,0.02,,,25.0,90.0,50.0,78.0,75.0,0.22672,19.66,66.0,0.0,0.0,0.8138,"아, 좋아.","아, 들어온다.",,28.12,T4,구조검사 통과 시 유지,,23.464100666173206,26.16,P4,회귀검사 통과 시 유지
ABF-305,사진 대조 1차 교정본,433,"00:29:09,160 --> 00:29:10,420",1.26,진짜 기분 좋아.,좋아.,진짜 기분 좋아.,반응형,sub_0433_1749.2s.jpg,0.04,,,25.0,90.0,50.0,78.0,75.0,0.42508,16.62,66.0,0.0,0.0,0.7885,기분 좋아.,"아, 좋아.",화면 영문 자막 대조,35.9,T3,화자·문맥·자연스러움 집중 검토,,54.55218356772761,43.73,P3,말투·질문응답·가독성 위주 검토
ABF-305,사진 대조 1차 교정본,434,"00:29:10,600 --> 00:29:10,860",0.26,진짜 기분 좋아.,진짜 기분 좋아.,크네.,반응형,sub_0434_1750.6s.jpg,0.0,,,25.0,90.0,50.0,78.0,75.0,0.52803,16.62,66.0,64.62,0.0,0.7885,기분 좋아.,"아, 좋아.",화면 영문 자막 대조,46.69,T3,화자·문맥·자연스러움 집중 검토,high_cps,92.5240562546262,65.94,P2,앞뒤 5블록·사진·오류 기억을 함께 검토
ABF-305,사진 대조 1차 교정본,435,"00:29:33,860 --> 00:29:34,740",0.88,크네.,진짜 기분 좋아.,"어, 커?",반말형,sub_0435_1773.9s.jpg,0.04,,,25.0,90.0,50.0,78.0,75.0,0.25989,0.0,66.0,0.0,0.0,0.2164,"크네, 완전히.",완전히 커졌네.,일본어 원문 대조 + 자연스러운 한국어 대사 교정,25.98,T4,구조검사 통과 시 유지,,16.72834937083642,22.09,P4,회귀검사 통과 시 유지
ABF-305,사진 대조 1차 교정본,436,"00:29:35,620 --> 00:29:37,500",1.88,"어, 커?",크네.,"응, 크네.",반응형,sub_0436_1775.6s.jpg,0.02,,,25.0,90.0,50.0,78.0,75.0,0.38518,0.0,66.0,0.0,0.0,0.3197,"어, 뭐 좀 해 줘.",양치 좀 해 줘.,손상된 일본어 ASR + 타임스탬프 사진 + 앞뒤 문맥 추론,31.24,T4,구조검사 통과 시 유지,,34.56698741672835,32.64,P4,회귀검사 통과 시 유지
ABF-305,사진 대조 1차 교정본,437,"00:29:37,660 --> 00:29:39,020",1.36,"응, 크네.","어, 커?",싫지 않아?,반응형,sub_0437_1777.7s.jpg,0.04,,,25.0,90.0,50.0,78.0,75.0,0.3947,0.0,66.0,0.0,0.0,0.2578,"응, 더...","응, 더…",,31.64,T4,구조검사 통과 시 유지,,36.15840118430792,33.54,P4,회귀검사 통과 시 유지
ABF-305,사진 대조 1차 교정본,438,"00:29:41,460 --> 00:29:42,240",0.78,싫지 않아?,"응, 크네.",정말 좋아해.,반응형,sub_0438_1781.5s.jpg,0.04,,,25.0,90.0,50.0,78.0,75.0,0.3805,0.0,66.0,0.0,0.0,0.4497,너무 졸리지 않아?,눈썹도 예쁘네. 너무 진하지도 않고.,손상된 일본어 ASR + 타임스탬프 사진 + 앞뒤 문맥 추론,31.04,T4,구조검사 통과 시 유지,,33.90081421169504,32.24,P4,회귀검사 통과 시 유지
ABF-305,사진 대조 1차 교정본,439,"00:29:42,760 --> 00:29:43,780",1.02,정말 좋아해.,싫지 않아?,정말 좋아하는구나?,반응형,sub_0439_1782.8s.jpg,0.04,,,25.0,90.0,50.0,78.0,75.0,0.39341,4.83,66.0,0.0,0.0,0.6902,고환 좋아해.,불알 좋아해.,,32.45,T4,구조검사 통과 시 유지,,39.15618060695781,35.27,P4,회귀검사 통과 시 유지
ABF-305,사진 대조 1차 교정본,440,"00:29:43,940 --> 00:29:44,680",0.74,정말 좋아하는구나?,정말 좋아해.,응.,반응형,sub_0440_1783.9s.jpg,0.04,,,25.0,90.0,50.0,78.0,75.0,0.43163,0.0,66.0,0.0,0.0,0.5005,하늘색 좋아하는구나.,이야…,일본어 원문 + 타임스탬프 사진 + 장면 연속성,33.19,T4,구조검사 통과 시 유지,,42.487046632124354,37.09,P4,회귀검사 통과 시 유지
ABF-305,사진 대조 1차 교정본,441,"00:29:45,340 --> 00:29:45,420",0.08,응.,정말 좋아하는구나?,말랑말랑하네.,반응형,sub_0441_1785.3s.jpg,0.04,,,25.0,90.0,50.0,78.0,75.0,0.05009,0.0,66.0,55.0,0.0,0.4149,"하-, 응.",하아… 응.,,22.66,T4,구조검사 통과 시 유지,high_cps,8.882309400444116,16.87,P4,회귀검사 통과 시 유지
ABF-305,사진 대조 1차 교정본,442,"00:30:00,760 --> 00:30:01,740",0.98,말랑말랑하네.,응.,말랑말랑?,반말형,sub_0442_1800.8s.jpg,0.04,,,25.0,90.0,50.0,78.0,75.0,0.30548,0.0,66.0,0.0,0.0,0.1346,대단하네.,땀이 엄청나네.,손상된 일본어 ASR + 타임스탬프 사진 + 앞뒤 문맥 추론,27.89,T4,구조검사 통과 시 유지,,22.575869726128794,25.66,P4,회귀검사 통과 시 유지
ABF-305,사진 대조 1차 교정본,443,"00:30:01,980 --> 00:30:02,860",0.88,말랑말랑?,말랑말랑하네.,응.,중립·혼합형,sub_0443_1802.0s.jpg,0.02,,,25.0,90.0,50.0,78.0,75.0,0.26868,0.0,66.0,0.0,0.0,0.0288,말해도 돼요?,이제 해도 돼요?,타임스탬프 사진과 앞뒤 장면으로 대사 기능 복원,26.34,T4,구조검사 통과 시 유지,,17.912657290895634,22.8,P4,회귀검사 통과 시 유지
ABF-305,사진 대조 1차 교정본,444,"00:30:03,100 --> 00:30:03,260",0.16,응.,말랑말랑?,"맛있어, 이거.",반응형,sub_0444_1803.1s.jpg,0.0,,,25.0,90.0,50.0,78.0,75.0,0.03897,0.0,66.0,0.0,0.0,0.4149,"하-, 응.",하아… 응.,,16.7,T4,구조검사 통과 시 유지,,0.8882309400444115,10.06,P4,회귀검사 통과 시 유지
ABF-305,사진 대조 1차 교정본,445,"00:30:06,940 --> 00:30:07,880",0.94,"맛있어, 이거.",응.,기분 좋은 거야.,반응형,sub_0445_1806.9s.jpg,0.04,,,25.0,90.0,50.0,78.0,75.0,0.36796,0.0,66.0,0.0,0.0,0.5039,"네, 이거.","네, 해 볼게요.",사진 장면 확인 및 한국어 번역투·ASR 오역 교정,30.51,T4,구조검사 통과 시 유지,,31.31014063656551,30.85,P4,회귀검사 통과 시 유지
ABF-305,사진 대조 1차 교정본,446,"00:30:08,740 --> 00:30:09,660",0.92,기분 좋은 거야.,"맛있어, 이거.",맛있어.,반말형,sub_0446_1808.7s.jpg,0.04,,,25.0,90.0,50.0,78.0,75.0,0.43309,0.0,66.0,0.0,0.0,0.4999,싫은 거야.,싫어?,일본어 원문 대조 + 자연스러운 한국어 대사 교정,33.25,T4,구조검사 통과 시 유지,,42.70910436713545,37.22,P4,회귀검사 통과 시 유지
ABF-305,사진 대조 1차 교정본,447,"00:30:25,580 --> 00:30:26,380",0.8,맛있어.,기분 좋은 거야.,만지면서 야한 기분 안 들어?,반응형,sub_0447_1825.6s.jpg,0.02,,,25.0,90.0,50.0,78.0,75.0,0.13206,0.0,66.0,0.0,0.0,0.6216,"음-, 맛있어.",음… 맛있어.,,20.61,T4,구조검사 통과 시 유지,,5.551443375277572,14.29,P4,회귀검사 통과 시 유지
ABF-305,사진 대조 1차 교정본,448,"00:30:28,920 --> 00:30:31,720",2.8,만지면서 야한 기분 안 들어?,맛있어.,엄청 들어.,반응형,sub_0448_1828.9s.jpg,0.02,,,25.0,90.0,50.0,78.0,75.0,0.64848,0.0,66.0,0.0,0.0,0.3074,만지면 기분 좋을 것 같아.,만지기만 해도 기분 좋을 것 같아.,일본어 원문 대조 + 자연스러운 한국어 대사 교정,42.3,T3,화자·문맥·자연스러움 집중 검토,,80.23686158401185,58.23,P2,앞뒤 5블록·사진·오류 기억을 함께 검토
ABF-305,사진 대조 1차 교정본,449,"00:30:34,380 --> 00:30:35,220",0.84,엄청 들어.,만지면서 야한 기분 안 들어?,들어.,반응형,sub_0449_1834.4s.jpg,0.02,,,25.0,90.0,50.0,78.0,75.0,0.46499,0.0,66.0,0.0,0.0,0.2749,진짜 엄청 좋아...,진짜 엄청 좋아…,,34.59,T4,구조검사 통과 시 유지,,48.00148038490008,40.22,P3,말투·질문응답·가독성 위주 검토
ABF-305,사진 대조 1차 교정본,450,"00:30:37,360 --> 00:30:37,760",0.4,들어.,엄청 들어.,드는구나.,반응형,sub_0450_1837.4s.jpg,0.04,,,25.0,90.0,50.0,78.0,75.0,0.45079,0.0,66.0,0.0,0.0,0.2751,걷기 힘들어.,응.,일본어 원문 + 타임스탬프 사진 + 장면 연속성,33.99,T4,구조검사 통과 시 유지,,45.373797187268686,38.77,P4,회귀검사 통과 시 유지
ABF-305,사진 대조 1차 교정본,451,"00:30:37,760 --> 00:30:38,240",0.48,드는구나.,들어.,응.,중립·혼합형,sub_0451_1837.8s.jpg,0.04,,,25.0,90.0,50.0,78.0,75.0,0.4069,0.0,66.0,0.0,0.0,0.3046,하늘색 좋아하는구나.,이야…,일본어 원문 + 타임스탬프 사진 + 장면 연속성,32.15,T4,구조검사 통과 시 유지,,37.97187268689859,34.6,P4,회귀검사 통과 시 유지
ABF-305,사진 대조 1차 교정본,452,"00:30:38,420 --> 00:30:38,600",0.18,응.,드는구나.,넣으면 어떻게 될까 하고.,반응형,sub_0452_1838.4s.jpg,0.02,,,25.0,90.0,50.0,78.0,75.0,0.09241,0.0,66.0,0.0,0.0,0.4149,"하-, 응.",하아… 응.,,18.94,T4,구조검사 통과 시 유지,,3.923019985196151,12.63,P4,회귀검사 통과 시 유지
ABF-305,사진 대조 1차 교정본,453,"00:30:40,280 --> 00:30:41,560",1.28,넣으면 어떻게 될까 하고.,응.,응.,반응형,sub_0453_1840.3s.jpg,0.02,,,25.0,90.0,50.0,78.0,79.0,0.84251,0.0,66.0,0.0,0.0,0.2975,금방 하아 하고.,금방 숨이 가빠지네.,,50.69,T3,화자·문맥·자연스러움 집중 검토,,97.92746113989638,70.53,P2,앞뒤 5블록·사진·오류 기억을 함께 검토
ABF-305,사진 대조 1차 교정본,454,"00:30:42,240 --> 00:30:42,440",0.2,응.,넣으면 어떻게 될까 하고.,어떻게 상상하고 있어?,반응형,sub_0454_1842.2s.jpg,0.04,,,25.0,90.0,50.0,78.0,75.0,0.07943,0.0,66.0,0.0,0.0,0.4149,"하-, 응.",하아… 응.,,18.4,T4,구조검사 통과 시 유지,,3.552923760177646,12.16,P4,회귀검사 통과 시 유지
ABF-305,사진 대조 1차 교정본,455,"00:30:43,920 --> 00:30:45,000",1.08,어떻게 상상하고 있어?,응.,응?,반응형,sub_0455_1843.9s.jpg,0.02,,,25.0,90.0,50.0,78.0,75.0,0.58127,0.0,66.0,0.0,0.0,0.3352,자고 있어?,땀나?,사진 장면 확인 및 한국어 번역투·ASR 오역 교정,39.47,T3,화자·문맥·자연스러움 집중 검토,,69.2820133234641,51.99,P3,말투·질문응답·가독성 위주 검토
ABF-305,사진 대조 1차 교정본,456,"00:30:45,980 --> 00:30:46,260",0.28,응?,어떻게 상상하고 있어?,갈 때까지 계속할 것 같아.,반응형,sub_0456_1846.0s.jpg,0.02,,,25.0,90.0,50.0,78.0,75.0,0.22837,0.0,66.0,0.0,0.0,0.4138,응? 잠깐 기다려…,응? 잠깐만…,일본어 원문 대조 + 자연스러운 한국어 대사 교정,24.65,T4,구조검사 통과 시 유지,,13.175425610658772,19.83,P4,회귀검사 통과 시 유지
ABF-305,사진 대조 1차 교정본,457,"00:30:49,060 --> 00:30:50,860",1.8,갈 때까지 계속할 것 같아.,응?,"저기, 이거 저에 대한 포상이죠?",반응형,sub_0457_1849.1s.jpg,0.04,,,25.0,90.0,50.0,78.0,75.0,0.63523,0.0,66.0,0.0,0.0,0.5243,갈 것 같아.,진짜 갈 것 같아.,일본어 원문 대조 + 자연스러운 한국어 대사 교정,41.74,T3,화자·문맥·자연스러움 집중 검토,,78.75647668393782,57.29,P3,말투·질문응답·가독성 위주 검토
ABF-305,사진 대조 1차 교정본,458,"00:30:53,120 --> 00:30:55,420",2.3,"저기, 이거 저에 대한 포상이죠?",갈 때까지 계속할 것 같아.,"저기, 저기.",중립·혼합형,sub_0458_1853.1s.jpg,0.02,,,25.0,90.0,50.0,78.0,75.0,0.73194,0.0,66.0,0.0,0.0,0.2222,"저, 저기, 잠깐만 쉬게 해 주세요.","저기, 잠깐만… 그만해.",장면과 충돌한 긴 반복 자막 교정,45.8,T3,화자·문맥·자연스러움 집중 검토,,90.52553663952627,64.58,P2,앞뒤 5블록·사진·오류 기억을 함께 검토
ABF-305,사진 대조 1차 교정본,459,"00:30:55,960 --> 00:30:57,040",1.08,"저기, 저기.","저기, 이거 저에 대한 포상이죠?",앨리스에 대한 포상이 된 거 아니에요?,중립·혼합형,sub_0459_1856.0s.jpg,0.04,,,25.0,90.0,50.0,78.0,75.0,0.35943,0.0,66.0,0.0,0.0,0.4313,저기...,저기…,,30.16,T4,구조검사 통과 시 유지,,29.977794226498887,30.08,P4,회귀검사 통과 시 유지
ABF-305,사진 대조 1차 교정본,460,"00:30:57,620 --> 00:30:59,900",2.28,앨리스에 대한 포상이 된 거 아니에요?,"저기, 저기.",으음.,중립·혼합형,sub_0460_1857.6s.jpg,0.02,,,25.0,90.0,50.0,78.0,75.0,0.71381,0.0,66.0,0.0,0.0,0.352,앨리스에 자고 싶어...,앨리스 안에 넣고 싶어…,,45.04,T3,화자·문맥·자연스러움 집중 검토,,88.60103626943005,63.34,P2,앞뒤 5블록·사진·오류 기억을 함께 검토
ABF-305,사진 대조 1차 교정본,461,"00:31:00,340 --> 00:31:00,680",0.34,으음.,앨리스에 대한 포상이 된 거 아니에요?,뭐 어때요.,반응형,sub_0461_1860.3s.jpg,0.04,,,25.0,90.0,50.0,78.0,75.0,0.17965,0.0,66.0,0.0,0.0,0.4967,으음...,으음…,,22.61,T4,구조검사 통과 시 유지,,8.808290155440414,16.81,P4,회귀검사 통과 시 유지
ABF-305,사진 대조 1차 교정본,462,"00:31:02,380 --> 00:31:03,060",0.68,뭐 어때요.,으음.,그건 그렇다 치고.,반응형,sub_0462_1862.4s.jpg,0.02,,,25.0,90.0,50.0,78.0,75.0,0.44966,0.0,66.0,0.0,0.0,0.3163,"잠깐, 어때요?","잠깐, 괜찮아요?",사진 장면 확인 및 한국어 번역투·ASR 오역 교정,33.95,T4,구조검사 통과 시 유지,,45.225758697261284,38.69,P4,회귀검사 통과 시 유지
ABF-305,사진 대조 1차 교정본,463,"00:31:03,060 --> 00:31:04,660",1.6,그건 그렇다 치고.,뭐 어때요.,좋잖아.,중립·혼합형,sub_0463_1863.1s.jpg,0.04,,,25.0,90.0,50.0,78.0,75.0,0.63235,7.3,66.0,0.0,0.0,0.7108,"그건 그렇다 치고,",그건 그렇다 치고,,42.93,T3,화자·문맥·자연스러움 집중 검토,,81.79126572908957,59.25,P2,앞뒤 5블록·사진·오류 기억을 함께 검토
ABF-305,사진 대조 1차 교정본,464,"00:31:04,860 --> 00:31:05,680",0.82,좋잖아.,그건 그렇다 치고.,서로 좋으면 됐지.,반응형,sub_0464_1864.9s.jpg,0.04,,,25.0,90.0,50.0,78.0,75.0,0.38674,0.0,66.0,0.0,0.0,0.5657,너도 기분 좋잖아...,너도 기분 좋잖아…,,31.3,T4,구조검사 통과 시 유지,,34.82605477424131,32.78,P4,회귀검사 통과 시 유지
ABF-305,사진 대조 1차 교정본,465,"00:31:06,440 --> 00:31:07,040",0.6,서로 좋으면 됐지.,좋잖아.,윈윈이야.,반응형,sub_0465_1866.4s.jpg,0.04,,,25.0,90.0,50.0,78.0,75.0,0.61373,0.0,66.0,0.0,0.0,0.1799,서로 다른 방식으로 해 보려고.,오늘은 서로 원하는 대로 해 보려고.,,40.84,T3,화자·문맥·자연스러움 집중 검토,,74.90747594374537,55.15,P3,말투·질문응답·가독성 위주 검토
ABF-305,사진 대조 1차 교정본,466,"00:31:07,160 --> 00:31:08,000",0.84,윈윈이야.,서로 좋으면 됐지.,그치.,반말형,sub_0466_1867.2s.jpg,0.04,,,25.0,90.0,50.0,78.0,75.0,0.34755,0.0,66.0,0.0,0.0,0.1641,유두 말이야.,젖꼭지 말이야.,,29.66,T4,구조검사 통과 시 유지,,28.238341968911918,29.06,P4,회귀검사 통과 시 유지
ABF-305,사진 대조 1차 교정본,467,"00:31:08,200 --> 00:31:08,820",0.62,그치.,윈윈이야.,응.,중립·혼합형,sub_0467_1868.2s.jpg,0.0,,,25.0,90.0,50.0,78.0,75.0,0.2825,0.0,66.0,0.0,0.0,0.133,우리도 그러고 싶죠. 그치?,저희도 그러고 싶어요. 그렇지?,한국어 자연화,26.93,T4,구조검사 통과 시 유지,,19.726128793486307,23.9,P4,회귀검사 통과 시 유지
ABF-305,사진 대조 1차 교정본,468,"00:31:09,140 --> 00:31:09,260",0.12,응.,그치.,맛있지?,반응형,sub_0468_1869.1s.jpg,0.04,,,25.0,90.0,50.0,78.0,75.0,0.04007,0.0,66.0,25.0,0.0,0.4149,"하-, 응.",하아… 응.,,19.24,T4,구조검사 통과 시 유지,borderline_cps,4.219096965210955,12.93,P4,회귀검사 통과 시 유지
ABF-305,사진 대조 1차 교정본,469,"00:31:11,060 --> 00:31:11,900",0.84,맛있지?,응.,기분 좋네.,반말형,sub_0469_1871.1s.jpg,0.04,,,25.0,90.0,50.0,78.0,75.0,0.26633,0.0,66.0,0.0,0.0,0.1762,"진짜 맛있지. 맛도 있고 귀엽기도 하고. 요리해 먹어도 맛있고,",진짜 맛있지. 맛도 있고 귀엽기도 하고. 요리해 먹어도 맛있고,,26.25,T4,구조검사 통과 시 유지,,17.616580310880828,22.62,P4,회귀검사 통과 시 유지
ABF-305,사진 대조 1차 교정본,470,"00:31:12,340 --> 00:31:13,060",0.72,기분 좋네.,맛있지?,앨리스 입안 기분 좋아?,반말형,sub_0470_1872.3s.jpg,0.04,,,25.0,90.0,50.0,78.0,75.0,0.38991,22.19,66.0,0.0,0.0,0.835,좋네.,좋아.,일본어 원문 대조 + 자연스러운 한국어 대사 교정,35.43,T3,화자·문맥·자연스러움 집중 검토,,51.99851961509992,42.39,P3,말투·질문응답·가독성 위주 검토
ABF-305,사진 대조 1차 교정본,471,"00:31:13,060 --> 00:31:14,360",1.3,앨리스 입안 기분 좋아?,기분 좋네.,정말 좋아.,반응형,sub_0471_1873.1s.jpg,0.04,,,25.0,90.0,50.0,78.0,75.0,0.58027,0.0,66.0,0.0,0.0,0.3477,"아, 거기... 기분 좋아?","아, 거기… 기분 좋아?",,39.43,T3,화자·문맥·자연스러움 집중 검토,,69.1339748334567,51.91,P3,말투·질문응답·가독성 위주 검토
ABF-305,사진 대조 1차 교정본,472,"00:31:14,540 --> 00:31:15,080",0.54,정말 좋아.,앨리스 입안 기분 좋아?,정말 좋아.,반응형,sub_0472_1874.5s.jpg,0.04,,,25.0,90.0,50.0,78.0,75.0,0.30587,42.0,66.0,0.0,0.0,1.0,정말 좋아.,거기 좋아.,타임스탬프 사진과 장면 흐름으로 명백한 오인식 교정,35.47,T3,화자·문맥·자연스러움 집중 검토,,52.442635085122134,42.6,P3,말투·질문응답·가독성 위주 검토
ABF-305,사진 대조 1차 교정본,473,"00:31:16,900 --> 00:31:17,620",0.72,정말 좋아.,정말 좋아.,정말 좋아.,반응형,sub_0473_1876.9s.jpg,0.0,,,25.0,90.0,50.0,78.0,75.0,0.33061,42.0,66.0,0.0,30.0,1.0,정말 좋아.,거기 좋아.,타임스탬프 사진과 장면 흐름으로 명백한 오인식 교정,38.91,T3,화자·문맥·자연스러움 집중 검토,triple_identical_run,66.24722427831237,50.39,P3,말투·질문응답·가독성 위주 검토
ABF-305,사진 대조 1차 교정본,474,"00:31:17,740 --> 00:31:18,280",0.54,정말 좋아.,정말 좋아.,정말 좋아.,반응형,sub_0474_1877.7s.jpg,0.04,,,25.0,90.0,50.0,78.0,75.0,0.3499,42.0,66.0,0.0,30.0,1.0,정말 좋아.,거기 좋아.,타임스탬프 사진과 장면 흐름으로 명백한 오인식 교정,39.72,T3,화자·문맥·자연스러움 집중 검토,triple_identical_run,70.68837897853442,52.73,P3,말투·질문응답·가독성 위주 검토
ABF-305,사진 대조 1차 교정본,475,"00:31:38,190 --> 00:31:38,750",0.56,정말 좋아.,정말 좋아.,입안 기분 좋은가 봐.,반응형,sub_0475_1898.2s.jpg,0.01,,,25.0,90.0,50.0,78.0,75.0,0.49783,42.0,66.0,0.0,0.0,1.0,정말 좋아.,거기 좋아.,타임스탬프 사진과 장면 흐름으로 명백한 오인식 교정,43.53,T3,화자·문맥·자연스러움 집중 검토,,83.93782383419689,60.5,P2,앞뒤 5블록·사진·오류 기억을 함께 검토
ABF-305,사진 대조 1차 교정본,476,"00:31:55,120 --> 00:31:56,200",1.08,입안 기분 좋은가 봐.,정말 좋아.,진짜 딱딱해.,중립·혼합형,sub_0476_1915.1s.jpg,0.02,,,25.0,90.0,50.0,78.0,75.0,0.70327,0.0,66.0,0.0,0.0,0.5729,이 자세가 좋은가 봐.,신진대사가 좋은가 봐.,일본어 원문 대조 + 자연스러운 한국어 대사 교정,44.6,T3,화자·문맥·자연스러움 집중 검토,,87.63878608438193,62.68,P2,앞뒤 5블록·사진·오류 기억을 함께 검토
ABF-305,사진 대조 1차 교정본,477,"00:31:56,200 --> 00:31:57,040",0.84,진짜 딱딱해.,입안 기분 좋은가 봐.,정말 기분 좋아 보여.,반말형,sub_0477_1916.2s.jpg,0.0,,,25.0,90.0,50.0,78.0,75.0,0.57291,0.0,66.0,0.0,0.0,0.5576,딱딱해...,딱딱해…,,39.12,T3,화자·문맥·자연스러움 집중 검토,,67.57957068837898,51.07,P3,말투·질문응답·가독성 위주 검토
ABF-305,사진 대조 1차 교정본,478,"00:31:58,980 --> 00:32:00,580",1.6,정말 기분 좋아 보여.,진짜 딱딱해.,"좋아, 더 강하게 해 줄게.",반응형,sub_0478_1919.0s.jpg,0.02,,,25.0,90.0,50.0,78.0,75.0,0.67977,0.0,66.0,0.0,0.0,0.5886,잘 안 보여.,"응, 그렇네.",일본어 원문 + 타임스탬프 사진 + 장면 연속성,43.61,T3,화자·문맥·자연스러움 집중 검토,,84.12287194670614,60.63,P2,앞뒤 5블록·사진·오류 기억을 함께 검토
ABF-305,사진 대조 1차 교정본,479,"00:32:02,860 --> 00:32:03,860",1.0,"좋아, 더 강하게 해 줄게.",정말 기분 좋아 보여.,으음.,반응형,sub_0479_1922.9s.jpg,0.04,,,25.0,90.0,50.0,78.0,75.0,0.66954,0.0,66.0,0.0,0.0,0.3528,"누나, 기분 좋게 해 줄게.",나도 기분 좋게 해 줄게.,사진 장면 확인 및 한국어 번역투·ASR 오역 교정,43.18,T3,화자·문맥·자연스러움 집중 검토,,82.67949666913398,59.77,P2,앞뒤 5블록·사진·오류 기억을 함께 검토
ABF-305,사진 대조 1차 교정본,480,"00:32:08,160 --> 00:32:08,880",0.72,으음.,"좋아, 더 강하게 해 줄게.",젖꼭지도 만질까?,반응형,sub_0480_1928.2s.jpg,0.04,,,25.0,90.0,50.0,78.0,75.0,0.24758,0.0,66.0,0.0,0.0,0.4967,으음...,으음…,,25.46,T4,구조검사 통과 시 유지,,15.173945225758697,21.14,P4,회귀검사 통과 시 유지
ABF-305,사진 대조 1차 교정본,481,"00:32:23,680 --> 00:32:25,640",1.96,젖꼭지도 만질까?,으음.,응.,반말형,sub_0481_1943.7s.jpg,0.02,,,25.0,90.0,50.0,78.0,79.0,0.60963,0.0,66.0,0.0,0.0,0.0825,뭐 할까?,내가 먼저?,일본어 원문 + 타임스탬프 사진 + 장면 연속성,40.9,T3,화자·문맥·자연스러움 집중 검토,,75.35159141376758,55.37,P3,말투·질문응답·가독성 위주 검토
ABF-305,사진 대조 1차 교정본,482,"00:32:28,300 --> 00:32:28,860",0.56,응.,젖꼭지도 만질까?,사치 부리고 있어?,반응형,sub_0482_1948.3s.jpg,0.0,,,25.0,90.0,50.0,78.0,75.0,0.04839,0.0,66.0,0.0,0.0,0.4149,"하-, 응.",하아… 응.,,17.09,T4,구조검사 통과 시 유지,,1.6654330125832717,10.61,P4,회귀검사 통과 시 유지
ABF-305,사진 대조 1차 교정본,483,"00:32:34,180 --> 00:32:35,580",1.4,사치 부리고 있어?,응.,응.,반응형,sub_0483_1954.2s.jpg,0.02,,,25.0,90.0,50.0,78.0,75.0,0.49008,0.0,66.0,0.0,0.0,0.3591,자고 있어?,땀나?,사진 장면 확인 및 한국어 번역투·ASR 오역 교정,35.64,T3,화자·문맥·자연스러움 집중 검토,,53.21983715766099,43.02,P3,말투·질문응답·가독성 위주 검토
ABF-305,사진 대조 1차 교정본,484,"00:32:36,220 --> 00:32:36,780",0.56,응.,사치 부리고 있어?,정답이야...,반응형,sub_0484_1956.2s.jpg,0.02,,,25.0,90.0,50.0,78.0,75.0,0.04838,0.0,66.0,0.0,0.0,0.4149,"하-, 응.",하아… 응.,,17.09,T4,구조검사 통과 시 유지,,1.6654330125832717,10.61,P4,회귀검사 통과 시 유지
ABF-305,사진 대조 1차 교정본,485,"00:32:37,600 --> 00:32:39,520",1.92,정답이야...,응.,기분...,반말형,sub_0485_1957.6s.jpg,0.0,,,25.0,90.0,50.0,78.0,75.0,0.33833,0.0,66.0,0.0,0.0,0.3754,너 말이야...,너 말이야…,,29.27,T4,구조검사 통과 시 유지,,26.42487046632124,28.08,P4,회귀검사 통과 시 유지
ABF-305,사진 대조 1차 교정본,486,"00:33:02,410 --> 00:33:03,170",0.76,기분...,정답이야...,기분 좋아...,중립·혼합형,sub_0486_1982.4s.jpg,0.01,,,25.0,90.0,50.0,78.0,75.0,0.25688,0.0,66.0,0.0,0.0,0.315,우리 10분...,우리 10분…,,25.85,T4,구조검사 통과 시 유지,,16.395262768319764,21.88,P4,회귀검사 통과 시 유지
ABF-305,사진 대조 1차 교정본,487,"00:33:03,170 --> 00:33:03,490",0.32,기분 좋아...,기분...,"손놀림이, 이건...",반응형,sub_0487_1983.2s.jpg,0.03,,,25.0,90.0,50.0,78.0,75.0,0.41396,42.0,66.0,39.38,0.0,1.0,기분 좋아...,기분 좋아…,,43.94,T3,화자·문맥·자연스러움 집중 검토,high_cps,85.19615099925981,61.27,P2,앞뒤 5블록·사진·오류 기억을 함께 검토
ABF-305,사진 대조 1차 교정본,488,"00:33:16,690 --> 00:33:19,370",2.68,"손놀림이, 이건...",기분 좋아...,기분 좋아? 이거.,중립·혼합형,sub_0488_1996.7s.jpg,0.01,,,25.0,90.0,50.0,78.0,75.0,0.46115,0.0,66.0,0.0,0.0,0.1195,이건 역시...,이건 역시…,,34.43,T4,구조검사 통과 시 유지,,46.89119170984456,39.66,P4,회귀검사 통과 시 유지
ABF-305,사진 대조 1차 교정본,489,"00:33:19,550 --> 00:33:20,430",0.88,기분 좋아? 이거.,"손놀림이, 이건...",대단하네~,반응형,sub_0489_1999.5s.jpg,0.05,,,25.0,90.0,50.0,78.0,75.0,0.57918,0.0,66.0,0.0,0.0,0.5521,"네, 이거.","네, 해 볼게요.",사진 장면 확인 및 한국어 번역투·ASR 오역 교정,39.39,T3,화자·문맥·자연스러움 집중 검토,,68.76387860843819,51.73,P3,말투·질문응답·가독성 위주 검토
ABF-305,사진 대조 1차 교정본,490,"00:33:23,830 --> 00:33:24,670",0.84,대단하네~,기분 좋아? 이거.,"그게 뭐야? 귀여워. 귀엽지? 응, 귀여워.",반말형,sub_0490_2003.8s.jpg,0.03,,,25.0,90.0,50.0,78.0,75.0,0.3076,0.0,66.0,0.0,0.0,0.4928,대단하네.,땀이 엄청나네.,손상된 일본어 ASR + 타임스탬프 사진 + 앞뒤 문맥 추론,27.98,T4,구조검사 통과 시 유지,,22.797927461139896,25.8,P4,회귀검사 통과 시 유지
ABF-305,사진 대조 1차 교정본,491,"00:33:30,170 --> 00:33:34,570",4.4,"그게 뭐야? 귀여워. 귀엽지? 응, 귀여워.",대단하네~,빵빵해.,반말형,sub_0491_2010.2s.jpg,0.03,,,25.0,90.0,50.0,78.0,75.0,0.76437,0.0,66.0,0.0,0.0,0.6389,엄청 귀여워.,매일 목욕해.,일본어 원문 + 타임스탬프 사진 + 장면 연속성,47.16,T3,화자·문맥·자연스러움 집중 검토,,93.41228719467061,66.59,P2,앞뒤 5블록·사진·오류 기억을 함께 검토
ABF-305,사진 대조 1차 교정본,492,"00:33:46,860 --> 00:33:48,040",1.18,빵빵해.,"그게 뭐야? 귀여워. 귀엽지? 응, 귀여워.",언제든지 싸도 돼라고 말했지.,반말형,sub_0492_2026.9s.jpg,0.04,,,25.0,90.0,50.0,78.0,75.0,0.29991,0.0,66.0,0.0,0.0,0.545,불알도 빵빵해...,불알도 빵빵해…,,27.66,T4,구조검사 통과 시 유지,,21.761658031088082,25.18,P4,회귀검사 통과 시 유지
ABF-305,사진 대조 1차 교정본,493,"00:34:14,570 --> 00:34:16,590",2.02,언제든지 싸도 돼라고 말했지.,빵빵해.,더 빨리 움직여줘.,반말형,sub_0493_2054.6s.jpg,0.03,,,25.0,90.0,50.0,78.0,75.0,0.6895,0.0,66.0,0.0,0.0,0.2161,손에 싸도 돼?,엉덩이에 싸도 돼?,,44.02,T3,화자·문맥·자연스러움 집중 검토,,85.49222797927462,61.44,P2,앞뒤 5블록·사진·오류 기억을 함께 검토
ABF-305,사진 대조 1차 교정본,494,"00:34:22,150 --> 00:34:23,610",1.46,더 빨리 움직여줘.,언제든지 싸도 돼라고 말했지.,그리고 이쪽을 보면서 해줬으면 좋겠어.,중립·혼합형,sub_0494_2062.2s.jpg,0.05,,,25.0,90.0,50.0,78.0,79.0,0.74332,0.0,66.0,0.0,0.0,0.3208,빨리 핥아 봐.,빨리 핥아 줘.,화자 말투 자연화,46.52,T3,화자·문맥·자연스러움 집중 검토,,92.04293116210215,65.64,P2,앞뒤 5블록·사진·오류 기억을 함께 검토
ABF-305,사진 대조 1차 교정본,495,"00:34:23,870 --> 00:34:26,390",2.52,그리고 이쪽을 보면서 해줬으면 좋겠어.,더 빨리 움직여줘.,소리가 좋아요.,반응형,sub_0495_2063.9s.jpg,0.03,,,25.0,90.0,50.0,78.0,75.0,0.82558,0.0,66.0,0.0,0.0,0.3341,이쪽 보면서 할 수 있어.,이쪽 보면서 해 줘.,일본어 원문 대조 + 자연스러운 한국어 대사 교정,49.73,T3,화자·문맥·자연스러움 집중 검토,,96.89119170984456,69.54,P2,앞뒤 5블록·사진·오류 기억을 함께 검토
ABF-305,사진 대조 1차 교정본,496,"00:34:56,150 --> 00:35:08,700",12.55,소리가 좋아요.,그리고 이쪽을 보면서 해줬으면 좋겠어.,나왔다.,반응형,sub_0496_2096.2s.jpg,0.05,,,25.0,90.0,50.0,78.0,75.0,0.64556,0.0,66.0,0.0,0.0,0.6417,기분 좋아요.,"아, 좋아요.",화면 영문 자막 대조,42.17,T3,화자·문맥·자연스러움 집중 검토,,79.79274611398964,57.97,P3,말투·질문응답·가독성 위주 검토
ABF-305,사진 대조 1차 교정본,497,"00:35:28,380 --> 00:35:29,380",1.0,나왔다.,소리가 좋아요.,대박.,중립·혼합형,sub_0497_2128.4s.jpg,0.02,,,25.0,90.0,50.0,78.0,75.0,0.30684,0.0,66.0,0.0,0.0,0.4848,억눌렀던 목소리가 새어 나왔다.,억눌렀던 신음이 새어 나왔다.,,27.95,T4,구조검사 통과 시 유지,,22.723908216136195,25.76,P4,회귀검사 통과 시 유지
ABF-305,사진 대조 1차 교정본,498,"00:35:30,080 --> 00:35:30,740",0.66,대박.,나왔다.,진짜 맛있다.,중립·혼합형,sub_0498_2130.1s.jpg,0.02,,,25.0,90.0,50.0,78.0,75.0,0.22824,5.41,66.0,0.0,0.0,0.6951,에~ 대박.,에… 대박.,,25.62,T4,구조검사 통과 시 유지,,15.692079940784604,21.45,P4,회귀검사 통과 시 유지
ABF-305,사진 대조 1차 교정본,499,"00:35:32,240 --> 00:35:33,660",1.42,진짜 맛있다.,대박.,진짜 맛있다.,중립·혼합형,sub_0499_2132.2s.jpg,0.04,,,25.0,90.0,50.0,78.0,75.0,0.35632,24.53,66.0,0.0,0.0,0.8544,맛있다.,바람 좋다.,일본어 원문 대조 + 자연스러운 한국어 대사 교정,34.44,T4,구조검사 통과 시 유지,,47.07623982235381,39.75,P4,회귀검사 통과 시 유지
ABF-305,사진 대조 1차 교정본,500,"00:35:34,020 --> 00:35:35,180",1.16,진짜 맛있다.,진짜 맛있다.,"티슈, 티슈 좀.",중립·혼합형,sub_0500_2134.0s.jpg,0.02,,,25.0,90.0,50.0,78.0,75.0,0.51175,24.53,66.0,0.0,0.0,0.8544,맛있다.,바람 좋다.,일본어 원문 대조 + 자연스러운 한국어 대사 교정,40.97,T3,화자·문맥·자연스러움 집중 검토,,75.79570688378978,55.6,P3,말투·질문응답·가독성 위주 검토
ABF-305,사진 대조 1차 교정본,501,"00:35:37,500 --> 00:35:39,020",1.52,"티슈, 티슈 좀.",진짜 맛있다.,대단해.,중립·혼합형,sub_0501_2137.5s.jpg,0.0,,,25.0,90.0,50.0,78.0,75.0,0.60164,0.0,66.0,0.0,0.0,0.0694,의외로 적극적인 면이 있어서 좀... 어머.,의외로 적극적인 면이 있어서 좀… 어머.,,40.33,T3,화자·문맥·자연스러움 집중 검토,,72.8719467061436,54.0,P3,말투·질문응답·가독성 위주 검토
ABF-305,사진 대조 1차 교정본,502,"00:35:43,480 --> 00:35:44,680",1.2,대단해.,"티슈, 티슈 좀.","있잖아, 너무 맛있어서.",반말형,sub_0502_2143.5s.jpg,0.02,,,25.0,90.0,50.0,78.0,75.0,0.26717,42.0,66.0,0.0,0.0,1.0,대단해.,기분 좋네.,일본어 원문 + 타임스탬프 사진 + 장면 연속성,33.84,T4,구조검사 통과 시 유지,,44.70762398223538,38.4,P4,회귀검사 통과 시 유지
ABF-305,사진 대조 1차 교정본,503,"00:35:49,320 --> 00:35:51,680",2.36,"있잖아, 너무 맛있어서.",대단해.,이걸로 됐어.,반응형,sub_0503_2149.3s.jpg,0.02,,,25.0,90.0,50.0,78.0,75.0,0.68293,0.0,66.0,0.0,0.0,0.3588,"있잖아, 잠깐만...","있잖아, 잠깐만…",,43.74,T3,화자·문맥·자연스러움 집중 검토,,84.5299777942265,60.87,P2,앞뒤 5블록·사진·오류 기억을 함께 검토
ABF-305,사진 대조 1차 교정본,504,"00:35:51,680 --> 00:35:52,460",0.78,이걸로 됐어.,"있잖아, 너무 맛있어서.",네.,반응형,sub_0504_2151.7s.jpg,0.02,,,25.0,90.0,50.0,78.0,75.0,0.45345,0.0,66.0,0.0,0.0,0.3298,온몸이 엉망이 됐어.,몸에 다 묻었네.,일본어 원문 대조 + 자연스러운 한국어 대사 교정,34.1,T4,구조검사 통과 시 유지,,45.891931902294594,39.05,P4,회귀검사 통과 시 유지
ABF-305,사진 대조 1차 교정본,505,"00:35:52,840 --> 00:35:53,360",0.52,네.,이걸로 됐어.,천만에요.,반말형,sub_0505_2152.8s.jpg,0.04,,,25.0,90.0,50.0,78.0,75.0,0.25742,10.16,66.0,0.0,0.0,0.7347,"네, 네.",네.,불필요한 반복 제거,27.7,T4,구조검사 통과 시 유지,,22.057735011102885,25.33,P4,회귀검사 통과 시 유지
ABF-305,사진 대조 1차 교정본,506,"00:35:58,600 --> 00:35:59,880",1.28,천만에요.,네.,천만에요.,중립·혼합형,sub_0506_2158.6s.jpg,0.0,,,25.0,90.0,50.0,78.0,75.0,0.2108,0.0,66.0,0.0,0.0,0.1276,무리에요. 조금만.,무리예요. 조금만.,,23.91,T4,구조검사 통과 시 유지,,11.509992598075499,18.7,P4,회귀검사 통과 시 유지
ABF-305,사진 대조 1차 교정본,507,"00:36:00,340 --> 00:36:01,420",1.08,천만에요.,천만에요.,고마워.,중립·혼합형,sub_0507_2160.3s.jpg,0.04,,,25.0,90.0,50.0,78.0,75.0,0.37292,0.0,66.0,0.0,0.0,0.1276,무리에요. 조금만.,무리예요. 조금만.,,30.72,T4,구조검사 통과 시 유지,,32.531458179126574,31.48,P4,회귀검사 통과 시 유지
ABF-305,사진 대조 1차 교정본,508,"00:36:02,180 --> 00:36:02,780",0.6,고마워.,천만에요.,고마움이 넘치는 관계는 참 좋네.,중립·혼합형,sub_0508_2162.2s.jpg,0.02,,,25.0,90.0,50.0,78.0,75.0,0.3782,42.0,66.0,0.0,0.0,1.0,고마워.,손으로 잡아 줘.,일본어 원문 + 타임스탬프 사진 + 장면 연속성,38.5,T3,화자·문맥·자연스러움 집중 검토,,64.76683937823834,49.53,P3,말투·질문응답·가독성 위주 검토
ABF-305,사진 대조 1차 교정본,509,"00:36:05,380 --> 00:36:08,060",2.68,고마움이 넘치는 관계는 참 좋네.,고마워.,기분 좋았어?,반말형,sub_0509_2165.4s.jpg,0.02,,,25.0,90.0,50.0,78.0,75.0,0.81458,0.0,66.0,0.0,0.0,0.3302,좋네.,좋아.,일본어 원문 대조 + 자연스러운 한국어 대사 교정,49.27,T3,화자·문맥·자연스러움 집중 검토,,96.52109548482606,69.12,P2,앞뒤 5블록·사진·오류 기억을 함께 검토
ABF-305,사진 대조 1차 교정본,510,"00:36:18,010 --> 00:36:19,090",1.08,기분 좋았어?,고마움이 넘치는 관계는 참 좋네.,대박이야.,반응형,sub_0510_2178.0s.jpg,0.01,,,25.0,90.0,50.0,78.0,75.0,0.5417,0.0,66.0,0.0,0.0,0.2793,기분 좋아.,"아, 좋아.",화면 영문 자막 대조,37.81,T3,화자·문맥·자연스러움 집중 검토,,61.9541080680977,47.95,P3,말투·질문응답·가독성 위주 검토
ABF-305,사진 대조 1차 교정본,511,"00:36:19,670 --> 00:36:20,370",0.7,대박이야.,기분 좋았어?,평소에는 입으로 못 가거든.,반말형,sub_0511_2179.7s.jpg,0.03,,,25.0,90.0,50.0,78.0,75.0,0.28063,0.0,66.0,0.0,0.0,0.5257,이거 너무 기분 좋아. 여기 들어가서 진짜 대박이야.,안쪽까지 들어오니까 정말 좋아.,성인 장면의 부자연스러운 문장 교정,26.85,T4,구조검사 통과 시 유지,,19.393042190969652,23.72,P4,회귀검사 통과 시 유지
ABF-305,사진 대조 1차 교정본,512,"00:36:23,330 --> 00:36:25,110",1.78,평소에는 입으로 못 가거든.,대박이야.,진짜 몇 십 년 만인 것 같아.,반응형,sub_0512_2183.3s.jpg,0.03,,,25.0,90.0,50.0,78.0,75.0,0.62086,0.0,66.0,0.0,0.0,0.3006,"자, 입으로 해줘.","자, 입으로 해 줘.",,41.14,T3,화자·문맥·자연스러움 집중 검토,,76.38786084381938,55.94,P3,말투·질문응답·가독성 위주 검토
ABF-305,사진 대조 1차 교정본,513,"00:36:26,550 --> 00:36:28,690",2.14,진짜 몇 십 년 만인 것 같아.,평소에는 입으로 못 가거든.,기뻐.,중립·혼합형,sub_0513_2186.6s.jpg,0.05,,,25.0,90.0,50.0,78.0,75.0,0.83417,0.0,66.0,0.0,0.0,0.4091,갈 것 같아.,진짜 갈 것 같아.,일본어 원문 대조 + 자연스러운 한국어 대사 교정,50.09,T3,화자·문맥·자연스러움 집중 검토,,97.48334566987417,70.0,P2,앞뒤 5블록·사진·오류 기억을 함께 검토
ABF-305,사진 대조 1차 교정본,514,"00:36:30,730 --> 00:36:31,490",0.76,기뻐.,진짜 몇 십 년 만인 것 같아.,온 정성을 다했습니다.,중립·혼합형,sub_0514_2190.7s.jpg,0.03,,,25.0,90.0,50.0,78.0,75.0,0.4111,42.0,66.0,0.0,0.0,1.0,기뻐.,기쁘다.,일본어 원문 대조 + 자연스러운 한국어 대사 교정,39.89,T3,화자·문맥·자연스러움 집중 검토,,71.05847520355293,52.98,P3,말투·질문응답·가독성 위주 검토
ABF-305,사진 대조 1차 교정본,515,"00:36:33,810 --> 00:36:35,390",1.58,온 정성을 다했습니다.,기뻐.,기뻐.,존댓말형,sub_0515_2193.8s.jpg,0.01,,,25.0,90.0,50.0,78.0,75.0,0.8496,0.0,66.0,0.0,0.0,0.1733,좋습니다.,좋아요.,,50.74,T3,화자·문맥·자연스러움 집중 검토,,98.07549962990377,70.62,P2,앞뒤 5블록·사진·오류 기억을 함께 검토
ABF-305,사진 대조 1차 교정본,516,"00:36:35,710 --> 00:36:36,370",0.66,기뻐.,온 정성을 다했습니다.,감사의 마음.,중립·혼합형,sub_0516_2195.7s.jpg,0.01,,,25.0,90.0,50.0,78.0,75.0,0.42671,42.0,66.0,0.0,0.0,1.0,기뻐.,기쁘다.,일본어 원문 대조 + 자연스러운 한국어 대사 교정,40.54,T3,화자·문맥·자연스러움 집중 검토,,73.90821613619542,54.55,P3,말투·질문응답·가독성 위주 검토
ABF-305,사진 대조 1차 교정본,517,"00:36:37,970 --> 00:36:39,090",1.12,감사의 마음.,기뻐.,왠지 금방 부활할 것 같네.,중립·혼합형,sub_0517_2198.0s.jpg,0.03,,,25.0,90.0,50.0,78.0,75.0,0.74304,0.0,66.0,0.0,0.0,0.1371,감사합니다.,고마워요.,타임스탬프 사진과 앞뒤 장면으로 대사 기능 복원,46.27,T3,화자·문맥·자연스러움 집중 검토,,91.33974833456698,65.2,P2,앞뒤 5블록·사진·오류 기억을 함께 검토
ABF-305,사진 대조 1차 교정본,518,"00:36:47,620 --> 00:36:49,280",1.66,왠지 금방 부활할 것 같네.,감사의 마음.,응.,반말형,sub_0518_2207.6s.jpg,0.02,,,25.0,90.0,50.0,78.0,75.0,0.67255,0.0,66.0,0.0,0.0,0.2425,금방 하아 하고.,금방 숨이 가빠지네.,,43.31,T3,화자·문맥·자연스러움 집중 검토,,82.97557364914879,59.97,P2,앞뒤 5블록·사진·오류 기억을 함께 검토
ABF-305,사진 대조 1차 교정본,519,"00:36:49,600 --> 00:36:49,800",0.2,응.,왠지 금방 부활할 것 같네.,마음껏 쌀 수 있어.,반응형,sub_0519_2209.6s.jpg,0.0,,,25.0,90.0,50.0,78.0,75.0,0.06007,0.0,66.0,0.0,0.0,0.4149,"하-, 응.",하아… 응.,,17.58,T4,구조검사 통과 시 유지,,2.5906735751295336,11.28,P4,회귀검사 통과 시 유지
ABF-305,사진 대조 1차 교정본,520,"00:36:54,930 --> 00:36:57,470",2.54,마음껏 쌀 수 있어.,응.,"아니, 웃는 게 아니야.",반응형,sub_0520_2214.9s.jpg,0.03,,,25.0,90.0,50.0,78.0,75.0,0.59284,0.0,66.0,0.0,0.0,0.296,"응, 입을 수 있어.","응, 정말 잘 어울려.",타임스탬프 사진과 앞뒤 장면으로 대사 기능 복원,39.96,T3,화자·문맥·자연스러움 집중 검토,,71.35455218356773,53.15,P3,말투·질문응답·가독성 위주 검토
ABF-305,사진 대조 1차 교정본,521,"00:36:59,410 --> 00:37:01,430",2.02,"아니, 웃는 게 아니야.",마음껏 쌀 수 있어.,"밥 좀 먹으러 가고 싶은데, 일단 말야, 나
호텔 예약해 뒀거든.",반응형,sub_0521_2219.4s.jpg,0.01,,,25.0,90.0,50.0,78.0,75.0,0.63729,0.0,66.0,0.0,0.0,0.3168,"아니, 뜨거워.",몸이 뜨거워.,손상된 일본어 ASR + 타임스탬프 사진 + 앞뒤 문맥 추론,41.83,T3,화자·문맥·자연스러움 집중 검토,,79.08956328645448,57.48,P3,말투·질문응답·가독성 위주 검토
ABF-305,사진 대조 1차 교정본,522,"00:37:07,440 --> 00:37:12,380",4.94,"밥 좀 먹으러 가고 싶은데, 일단 말야, 나
호텔 예약해 뒀거든.","아니, 웃는 게 아니야.",응.,반말형,sub_0522_2227.4s.jpg,0.04,,,25.0,90.0,50.0,78.0,75.0,0.70929,0.0,66.0,0.0,0.0,0.2162,일단 해 줘.,일단 넣어 줘.,일본어 원문 대조 + 자연스러운 한국어 대사 교정,44.85,T3,화자·문맥·자연스러움 집중 검토,,88.23094004441154,63.07,P2,앞뒤 5블록·사진·오류 기억을 함께 검토
ABF-305,사진 대조 1차 교정본,523,"00:37:14,020 --> 00:37:14,380",0.36,응.,"밥 좀 먹으러 가고 싶은데, 일단 말야, 나
호텔 예약해 뒀거든.",호텔 예약했으니까 저쪽으로 안 갈래?,반응형,sub_0523_2234.0s.jpg,0.02,,,25.0,90.0,50.0,78.0,75.0,0.04028,0.0,66.0,0.0,0.0,0.4149,"하-, 응.",하아… 응.,,16.75,T4,구조검사 통과 시 유지,,1.1102886750555145,10.18,P4,회귀검사 통과 시 유지
ABF-305,사진 대조 1차 교정본,524,"00:37:14,540 --> 00:37:15,940",1.4,호텔 예약했으니까 저쪽으로 안 갈래?,응.,갈래.,반응형,sub_0524_2234.5s.jpg,0.04,,,25.0,90.0,50.0,78.0,75.0,0.64949,0.0,66.0,0.0,0.0,0.2973,낮에 갈래?,여기서 벗을 생각은 아니지?,일본어 원문 대조 + 자연스러운 한국어 대사 교정,42.34,T3,화자·문맥·자연스러움 집중 검토,,80.31088082901555,58.29,P2,앞뒤 5블록·사진·오류 기억을 함께 검토
ABF-305,사진 대조 1차 교정본,525,"00:37:16,160 --> 00:37:16,700",0.54,갈래.,호텔 예약했으니까 저쪽으로 안 갈래?,갈 거야?,중립·혼합형,sub_0525_2236.2s.jpg,0.04,,,25.0,90.0,50.0,78.0,75.0,0.21389,0.0,66.0,0.0,0.0,0.2132,낮에 갈래?,여기서 벗을 생각은 아니지?,일본어 원문 대조 + 자연스러운 한국어 대사 교정,24.04,T4,구조검사 통과 시 유지,,11.695040710584752,18.86,P4,회귀검사 통과 시 유지
ABF-305,사진 대조 1차 교정본,526,"00:37:17,280 --> 00:37:17,700",0.42,갈 거야?,갈래.,응.,반말형,sub_0526_2237.3s.jpg,0.02,,,25.0,90.0,50.0,78.0,75.0,0.33351,0.0,66.0,0.0,0.0,0.4759,끼우는 거야?,끼는 거지?,일본어 원문 대조 + 자연스러운 한국어 대사 교정,29.07,T4,구조검사 통과 시 유지,,25.832716506291636,27.71,P4,회귀검사 통과 시 유지
ABF-305,사진 대조 1차 교정본,527,"00:37:17,940 --> 00:37:18,180",0.24,응.,갈 거야?,응.,반응형,sub_0527_2237.9s.jpg,0.04,,,25.0,90.0,50.0,78.0,75.0,0.02429,0.0,66.0,0.0,0.0,0.4149,"하-, 응.",하아… 응.,,16.08,T4,구조검사 통과 시 유지,,0.07401924500370095,9.36,P4,회귀검사 통과 시 유지
ABF-305,사진 대조 1차 교정본,528,"00:37:18,180 --> 00:37:18,200",0.02,응.,응.,앗싸.,반응형,sub_0528_2238.2s.jpg,0.02,,,25.0,90.0,50.0,78.0,75.0,0.06195,0.0,66.0,70.0,0.0,0.4149,"하-, 응.",하아… 응.,,24.66,T4,구조검사 통과 시 유지,high_cps,13.286454478164323,19.88,P4,회귀검사 통과 시 유지
ABF-305,사진 대조 1차 교정본,529,"00:37:18,640 --> 00:37:19,760",1.12,앗싸.,응.,아직 같이 있을 수 있다는 뜻이야?,반응형,sub_0529_2238.6s.jpg,0.04,,,25.0,90.0,50.0,78.0,75.0,0.27908,0.0,66.0,0.0,0.0,0.0787,앗...,앗…,,26.78,T4,구조검사 통과 시 유지,,19.096965210954846,23.55,P4,회귀검사 통과 시 유지
ABF-305,사진 대조 1차 교정본,530,"00:37:22,080 --> 00:37:24,160",2.08,아직 같이 있을 수 있다는 뜻이야?,앗싸.,그런 뜻?,반말형,sub_0530_2242.1s.jpg,0.02,,,25.0,90.0,50.0,78.0,75.0,0.71045,0.0,66.0,0.0,0.0,0.2752,'괜찮다'니 무슨 뜻이야? 정말...,'괜찮다'니 무슨 뜻이야? 정말…,,44.9,T3,화자·문맥·자연스러움 집중 검토,,88.37897853441895,63.16,P2,앞뒤 5블록·사진·오류 기억을 함께 검토
ABF-305,사진 대조 1차 교정본,531,"00:37:25,840 --> 00:37:26,640",0.8,그런 뜻?,아직 같이 있을 수 있다는 뜻이야?,그런 뜻?,중립·혼합형,sub_0531_2245.8s.jpg,0.04,,,25.0,90.0,50.0,78.0,75.0,0.36853,0.0,66.0,0.0,0.0,0.251,"아니, 그런 뜻이 아니라...","아니, 그런 뜻이 아니라…",,30.54,T4,구조검사 통과 시 유지,,31.569207994078464,30.97,P4,회귀검사 통과 시 유지
ABF-305,사진 대조 1차 교정본,532,"00:37:27,020 --> 00:37:27,360",0.34,그런 뜻?,그런 뜻?,그런 뜻?,중립·혼합형,sub_0532_2247.0s.jpg,0.02,,,25.0,90.0,50.0,78.0,75.0,0.36072,0.0,66.0,0.0,30.0,0.251,"아니, 그런 뜻이 아니라...","아니, 그런 뜻이 아니라…",,32.61,T4,구조검사 통과 시 유지,triple_identical_run,40.22945965951148,35.81,P4,회귀검사 통과 시 유지
ABF-305,사진 대조 1차 교정본,533,"00:37:27,740 --> 00:37:27,880",0.14,그런 뜻?,그런 뜻?,무리하지 마.,중립·혼합형,sub_0533_2247.7s.jpg,0.04,,,25.0,90.0,50.0,78.0,75.0,0.56257,0.0,66.0,70.0,0.0,0.251,"아니, 그런 뜻이 아니라...","아니, 그런 뜻이 아니라…",,45.69,T3,화자·문맥·자연스러움 집중 검토,high_cps,90.08142116950407,64.33,P2,앞뒤 5블록·사진·오류 기억을 함께 검토
ABF-305,사진 대조 1차 교정본,534,"00:37:27,880 --> 00:37:28,680",0.8,무리하지 마.,그런 뜻?,기대하며 지켜봤어.,반말형,sub_0534_2247.9s.jpg,0.02,,,25.0,90.0,50.0,78.0,75.0,0.63722,0.0,66.0,0.0,0.0,0.4524,하지 마.,잠깐만.,손상된 일본어 ASR + 타임스탬프 사진 + 앞뒤 문맥 추론,41.82,T3,화자·문맥·자연스러움 집중 검토,,78.97853441894893,57.43,P3,말투·질문응답·가독성 위주 검토
ABF-305,사진 대조 1차 교정본,535,"00:37:43,400 --> 00:37:44,760",1.36,기대하며 지켜봤어.,무리하지 마.,"그럼, 고마워.",반응형,sub_0535_2263.4s.jpg,0.0,,,25.0,90.0,50.0,78.0,75.0,0.73122,0.0,66.0,0.0,0.0,0.0846,부끄러워하며 보여주는 거.,부끄러워하면서도 보여 주네.,일본어 원문 대조 + 자연스러운 한국어 대사 교정,45.77,T3,화자·문맥·자연스러움 집중 검토,,90.30347890451517,64.47,P2,앞뒤 5블록·사진·오류 기억을 함께 검토
ABF-305,사진 대조 1차 교정본,536,"00:37:45,680 --> 00:37:46,560",0.88,"그럼, 고마워.",기대하며 지켜봤어.,감사했습니다.,중립·혼합형,sub_0536_2265.7s.jpg,0.02,,,25.0,90.0,50.0,78.0,75.0,0.52558,13.93,66.0,0.0,0.0,0.7661,고마워.,손으로 잡아 줘.,일본어 원문 + 타임스탬프 사진 + 장면 연속성,39.64,T3,화자·문맥·자연스러움 집중 검토,,70.31828275351592,52.52,P3,말투·질문응답·가독성 위주 검토
ABF-305,사진 대조 1차 교정본,537,"00:37:47,560 --> 00:37:48,080",0.52,감사했습니다.,"그럼, 고마워.",당장 열어볼까?,존댓말형,sub_0537_2267.6s.jpg,0.04,,,25.0,90.0,50.0,78.0,75.0,0.50345,0.0,66.0,0.0,0.0,0.2317,감사합니다.,고마워요.,타임스탬프 사진과 앞뒤 장면으로 대사 기능 복원,36.2,T3,화자·문맥·자연스러움 집중 검토,,55.662472242783124,44.37,P3,말투·질문응답·가독성 위주 검토
ABF-305,사진 대조 1차 교정본,538,"00:37:51,140 --> 00:37:52,940",1.8,당장 열어볼까?,감사했습니다.,응.,반응형,sub_0538_2271.1s.jpg,0.04,,,25.0,90.0,50.0,78.0,75.0,0.55505,0.0,66.0,0.0,0.0,0.4823,열어볼까.,열어 볼게.,일본어 원문 + 타임스탬프 사진 + 장면 연속성,38.37,T3,화자·문맥·자연스러움 집중 검토,,64.02664692820133,49.15,P3,말투·질문응답·가독성 위주 검토
ABF-305,사진 대조 1차 교정본,539,"00:37:53,280 --> 00:37:53,420",0.14,응.,당장 열어볼까?,열래.,반응형,sub_0539_2273.3s.jpg,0.02,,,25.0,90.0,50.0,78.0,75.0,0.12417,0.0,66.0,0.0,0.0,0.4149,"하-, 응.",하아… 응.,,20.28,T4,구조검사 통과 시 유지,,4.959289415247965,13.85,P4,회귀검사 통과 시 유지
ABF-305,사진 대조 1차 교정본,540,"00:37:55,860 --> 00:37:56,260",0.4,열래.,응.,열래.,중립·혼합형,sub_0540_2275.9s.jpg,0.04,,,25.0,90.0,50.0,78.0,75.0,0.2959,0.0,66.0,0.0,0.0,0.1689,"아, 그래.",간다.,화면 영문 자막 대조,27.49,T4,구조검사 통과 시 유지,,21.317542561065878,24.9,P4,회귀검사 통과 시 유지
ABF-305,사진 대조 1차 교정본,541,"00:37:56,260 --> 00:37:56,300",0.04,열래.,열래.,"아, 열어볼게.",중립·혼합형,sub_0541_2276.3s.jpg,0.04,,,25.0,90.0,50.0,78.0,75.0,0.53519,0.0,66.0,70.0,0.0,0.1689,"아, 그래.",간다.,화면 영문 자막 대조,44.54,T3,화자·문맥·자연스러움 집중 검토,high_cps,87.41672834937083,62.55,P2,앞뒤 5블록·사진·오류 기억을 함께 검토
ABF-305,사진 대조 1차 교정본,542,"00:37:57,020 --> 00:37:57,940",0.92,"아, 열어볼게.",열래.,"아니, 틀렸어 시짱.",반응형,sub_0542_2277.0s.jpg,0.02,,,25.0,90.0,50.0,78.0,75.0,0.71716,0.0,66.0,0.0,0.0,0.312,열어볼까.,열어 볼게.,일본어 원문 + 타임스탬프 사진 + 장면 연속성,45.18,T3,화자·문맥·자연스러움 집중 검토,,88.89711324944486,63.54,P2,앞뒤 5블록·사진·오류 기억을 함께 검토
ABF-305,사진 대조 1차 교정본,543,"00:37:58,040 --> 00:37:58,720",0.68,"아니, 틀렸어 시짱.","아, 열어볼게.",열어줘.,반응형,sub_0543_2278.0s.jpg,0.04,,,25.0,90.0,50.0,78.0,75.0,0.78778,0.0,66.0,0.0,0.0,0.2984,틀렸어!,조금만 더.,일본어 원문 + 타임스탬프 사진 + 장면 연속성,48.15,T3,화자·문맥·자연스러움 집중 검토,,95.11472982975575,67.88,P2,앞뒤 5블록·사진·오류 기억을 함께 검토
ABF-305,사진 대조 1차 교정본,544,"00:37:59,120 --> 00:37:59,460",0.34,열어줘.,"아니, 틀렸어 시짱.",열어보자.,반응형,sub_0544_2279.1s.jpg,0.02,,,25.0,90.0,50.0,78.0,75.0,0.54388,0.0,66.0,0.0,0.0,0.2561,잠깐 보고 있어줘.,그대로 보고 있어 줘.,일본어 원문 대조 + 자연스러운 한국어 대사 교정,37.9,T3,화자·문맥·자연스러움 집중 검토,,62.287194670614355,48.14,P3,말투·질문응답·가독성 위주 검토
ABF-305,사진 대조 1차 교정본,545,"00:38:00,740 --> 00:38:01,720",0.98,열어보자.,열어줘.,영차.,반응형,sub_0545_2280.7s.jpg,0.04,,,25.0,90.0,50.0,78.0,75.0,0.4912,0.0,66.0,0.0,0.0,0.2699,한번 보자.,밖을 봐 보자.,일본어 원문 + 타임스탬프 사진 + 장면 연속성,35.69,T3,화자·문맥·자연스러움 집중 검토,,53.51591413767579,43.18,P3,말투·질문응답·가독성 위주 검토
ABF-305,사진 대조 1차 교정본,546,"00:38:02,900 --> 00:38:03,280",0.38,영차.,열어보자.,"어라, 술은 그래도 어느 정도 마셔?",중립·혼합형,sub_0546_2282.9s.jpg,0.0,,,25.0,90.0,50.0,78.0,75.0,0.38878,42.0,66.0,0.0,0.0,1.0,영차.,자.,타임스탬프 사진과 앞뒤 장면으로 대사 기능 복원,38.95,T3,화자·문맥·자연스러움 집중 검토,,66.58031088082902,50.55,P3,말투·질문응답·가독성 위주 검토
ABF-305,사진 대조 1차 교정본,547,"00:38:05,380 --> 00:38:08,500",3.12,"어라, 술은 그래도 어느 정도 마셔?",영차.,적당히 즐기는 정도로만.,중립·혼합형,sub_0547_2285.4s.jpg,0.02,,,25.0,90.0,50.0,78.0,75.0,0.82677,0.0,66.0,0.0,0.0,0.2769,평소에 어느 정도 하는 거야?,평소엔 얼마나 자주 해?,일본어 원문 대조 + 자연스러운 한국어 대사 교정,49.78,T3,화자·문맥·자연스러움 집중 검토,,96.96521095484826,69.6,P2,앞뒤 5블록·사진·오류 기억을 함께 검토
ABF-305,사진 대조 1차 교정본,548,"00:38:08,780 --> 00:38:09,780",1.0,적당히 즐기는 정도로만.,"어라, 술은 그래도 어느 정도 마셔?",응.,중립·혼합형,sub_0548_2288.8s.jpg,0.02,,,25.0,90.0,50.0,78.0,75.0,0.70158,0.0,66.0,0.0,0.0,0.2185,여기 오면 항상 즐기는 거니까요.,여기 오면 늘 낚시를 즐기거든요.,대화체 자연화,44.53,T3,화자·문맥·자연스러움 집중 검토,,87.34270910436713,62.51,P2,앞뒤 5블록·사진·오류 기억을 함께 검토
ABF-305,사진 대조 1차 교정본,549,"00:38:10,500 --> 00:38:10,780",0.28,응.,적당히 즐기는 정도로만.,응.,반응형,sub_0549_2290.5s.jpg,0.0,,,25.0,90.0,50.0,78.0,75.0,0.04073,0.0,66.0,0.0,0.0,0.4149,"하-, 응.",하아… 응.,,16.77,T4,구조검사 통과 시 유지,,1.1843079200592153,10.22,P4,회귀검사 통과 시 유지
ABF-305,사진 대조 1차 교정본,550,"00:38:10,780 --> 00:38:10,840",0.06,응.,응.,그치.,반응형,sub_0550_2290.8s.jpg,0.02,,,25.0,90.0,50.0,78.0,75.0,0.0476,0.0,66.0,70.0,0.0,0.4149,"하-, 응.",하아… 응.,,24.06,T4,구조검사 통과 시 유지,high_cps,11.843079200592154,18.93,P4,회귀검사 통과 시 유지
ABF-305,사진 대조 1차 교정본,551,"00:38:11,000 --> 00:38:11,220",0.22,그치.,응.,즐기는 정도예요.,중립·혼합형,sub_0551_2291.0s.jpg,0.0,,,25.0,90.0,50.0,78.0,75.0,0.34872,0.0,66.0,0.0,0.0,0.133,우리도 그러고 싶죠. 그치?,저희도 그러고 싶어요. 그렇지?,한국어 자연화,29.71,T4,구조검사 통과 시 유지,,28.34937083641747,29.14,P4,회귀검사 통과 시 유지
ABF-305,사진 대조 1차 교정본,552,"00:38:12,060 --> 00:38:13,940",1.88,즐기는 정도예요.,그치.,네.,존댓말형,sub_0552_2292.1s.jpg,0.04,,,25.0,90.0,50.0,78.0,75.0,0.55022,0.0,66.0,0.0,18.0,0.3269,몇 킬로 정도예요? 시속.,시속 몇 킬로쯤이에요?,일본어 원문 대조 + 자연스러운 한국어 대사 교정,39.61,T3,화자·문맥·자연스러움 집중 검토,formality_shift,70.02220577350111,52.38,P3,말투·질문응답·가독성 위주 검토
ABF-305,사진 대조 1차 교정본,553,"00:38:14,100 --> 00:38:14,400",0.3,네.,즐기는 정도예요.,술 엄청 세 보여.,반말형,sub_0553_2294.1s.jpg,0.0,,,25.0,90.0,50.0,78.0,75.0,0.25115,10.16,66.0,0.0,18.0,0.7347,"네, 네.",네.,불필요한 반복 제거,28.88,T4,구조검사 통과 시 유지,formality_shift,25.055514433752773,27.27,P4,회귀검사 통과 시 유지
ABF-305,사진 대조 1차 교정본,554,"00:38:17,460 --> 00:38:18,120",0.66,술 엄청 세 보여.,네.,얼마든지 마셔도...,중립·혼합형,sub_0554_2297.5s.jpg,0.04,,,25.0,90.0,50.0,78.0,75.0,0.56689,0.0,66.0,0.0,0.0,0.5921,잘 안 보여.,"응, 그렇네.",일본어 원문 + 타임스탬프 사진 + 장면 연속성,38.87,T3,화자·문맥·자연스러움 집중 검토,,66.09918578830496,50.31,P3,말투·질문응답·가독성 위주 검토
ABF-305,사진 대조 1차 교정본,555,"00:38:20,800 --> 00:38:21,880",1.08,얼마든지 마셔도...,술 엄청 세 보여.,에헤헤헤헤.,반말형,sub_0555_2300.8s.jpg,0.0,,,25.0,90.0,50.0,78.0,75.0,0.55815,0.0,66.0,0.0,0.0,0.2076,열심히 했어... 마셔도 돼?,열심히 했어… 마셔도 돼?,,38.5,T3,화자·문맥·자연스러움 집중 검토,,64.76683937823834,49.53,P3,말투·질문응답·가독성 위주 검토
ABF-305,사진 대조 1차 교정본,556,"00:38:21,980 --> 00:38:24,900",2.92,에헤헤헤헤.,얼마든지 마셔도...,아!,중립·혼합형,sub_0556_2302.0s.jpg,0.02,,,25.0,90.0,50.0,78.0,75.0,0.37344,0.0,66.0,0.0,0.0,0.2138,헤헤...,헤헤…,,30.74,T4,구조검사 통과 시 유지,,32.64248704663213,31.54,P4,회귀검사 통과 시 유지
ABF-305,사진 대조 1차 교정본,557,"00:38:25,100 --> 00:38:25,260",0.16,아!,에헤헤헤헤.,앗.,반응형,sub_0557_2305.1s.jpg,0.0,,,25.0,90.0,50.0,78.0,75.0,0.16262,0.0,66.0,0.0,0.0,0.0795,네! 어이!,"네, 잘 부탁드립니다!",사진 장면 확인 및 한국어 번역투·ASR 오역 교정,21.89,T4,구조검사 통과 시 유지,,6.9578090303478906,15.62,P4,회귀검사 통과 시 유지
ABF-305,사진 대조 1차 교정본,558,"00:38:25,540 --> 00:38:25,800",0.26,앗.,아!,올 줄 알았어.,반응형,sub_0558_2305.5s.jpg,0.04,,,25.0,90.0,50.0,78.0,75.0,0.30049,0.0,66.0,0.0,0.0,0.4045,앗...,앗…,,27.68,T4,구조검사 통과 시 유지,,21.909696521095483,25.26,P4,회귀검사 통과 시 유지
ABF-305,사진 대조 1차 교정본,559,"00:38:27,240 --> 00:38:27,980",0.74,올 줄 알았어.,앗.,"조금 말이지, 덜 식어 있어서 그렇네.",반응형,sub_0559_2307.2s.jpg,0.04,,,25.0,90.0,50.0,78.0,75.0,0.64346,0.0,66.0,0.0,0.0,0.5064,이제 알았어...,[불명],,42.09,T3,화자·문맥·자연스러움 집중 검토,,79.64470762398224,57.86,P3,말투·질문응답·가독성 위주 검토
ABF-305,사진 대조 1차 교정본,560,"00:38:28,960 --> 00:38:30,780",1.82,"조금 말이지, 덜 식어 있어서 그렇네.",올 줄 알았어.,으음.,반말형,sub_0560_2309.0s.jpg,0.04,,,25.0,90.0,50.0,78.0,75.0,0.78988,0.0,66.0,0.0,0.0,0.3221,"존댓말 쓰면 말이지,",존댓말 쓰면 말이지,,48.24,T3,화자·문맥·자연스러움 집중 검토,,95.26276831976314,67.99,P2,앞뒤 5블록·사진·오류 기억을 함께 검토
ABF-305,사진 대조 1차 교정본,561,"00:38:31,780 --> 00:38:32,500",0.72,으음.,"조금 말이지, 덜 식어 있어서 그렇네.",그래.,반응형,sub_0561_2311.8s.jpg,0.02,,,25.0,90.0,50.0,78.0,75.0,0.26501,0.0,66.0,0.0,0.0,0.4967,으음...,으음…,,26.19,T4,구조검사 통과 시 유지,,17.542561065877127,22.56,P4,회귀검사 통과 시 유지
ABF-305,사진 대조 1차 교정본,562,"00:38:32,800 --> 00:38:32,900",0.1,그래.,으음.,고마워.,중립·혼합형,sub_0562_2312.8s.jpg,0.0,,,25.0,90.0,50.0,78.0,75.0,0.37844,29.0,66.0,70.0,0.0,0.8916,"아, 그래.",간다.,화면 영문 자막 대조,43.17,T3,화자·문맥·자연스러움 집중 검토,high_cps,82.60547742413027,59.73,P2,앞뒤 5블록·사진·오류 기억을 함께 검토
ABF-305,사진 대조 1차 교정본,563,"00:38:34,380 --> 00:38:34,760",0.38,고마워.,그래.,"그럼, 따를게.",중립·혼합형,sub_0563_2314.4s.jpg,0.02,,,25.0,90.0,50.0,78.0,75.0,0.44861,42.0,66.0,0.0,0.0,1.0,고마워.,손으로 잡아 줘.,일본어 원문 + 타임스탬프 사진 + 장면 연속성,41.46,T3,화자·문맥·자연스러움 집중 검토,,77.720207253886,56.69,P3,말투·질문응답·가독성 위주 검토
ABF-305,사진 대조 1차 교정본,564,"00:38:35,780 --> 00:38:36,540",0.76,"그럼, 따를게.",고마워.,감사합니다.,중립·혼합형,sub_0564_2315.8s.jpg,0.02,,,25.0,90.0,50.0,78.0,75.0,0.59339,0.0,66.0,0.0,0.0,0.3033,"그럼, 오늘도 봐 주세요.",그럼 오늘도 잘 봐 줘.,,39.98,T3,화자·문맥·자연스러움 집중 검토,,71.46558105107329,53.2,P3,말투·질문응답·가독성 위주 검토
ABF-305,사진 대조 1차 교정본,565,"00:38:37,580 --> 00:38:37,960",0.38,감사합니다.,"그럼, 따를게.",우와아.,존댓말형,sub_0565_2317.6s.jpg,0.02,,,25.0,90.0,50.0,78.0,75.0,0.29381,42.0,66.0,0.0,0.0,1.0,감사합니다.,고마워요.,타임스탬프 사진과 앞뒤 장면으로 대사 기능 복원,34.96,T4,구조검사 통과 시 유지,,49.7039230199852,41.15,P3,말투·질문응답·가독성 위주 검토
ABF-305,사진 대조 1차 교정본,566,"00:38:39,920 --> 00:38:40,480",0.56,우와아.,감사합니다.,영차.,반응형,sub_0566_2319.9s.jpg,0.02,,,25.0,90.0,50.0,78.0,75.0,0.24263,1.8,66.0,0.0,0.0,0.665,우와아...,우와아…,,25.58,T4,구조검사 통과 시 유지,,15.544041450777202,21.36,P4,회귀검사 통과 시 유지
ABF-305,사진 대조 1차 교정본,567,"00:38:40,580 --> 00:38:40,940",0.36,영차.,우와아.,적당히 즐기는 정도로.,중립·혼합형,sub_0567_2320.6s.jpg,0.02,,,25.0,90.0,50.0,78.0,75.0,0.24386,42.0,66.0,0.0,0.0,1.0,영차.,자.,타임스탬프 사진과 앞뒤 장면으로 대사 기능 복원,32.86,T4,구조검사 통과 시 유지,,40.932642487046635,36.25,P4,회귀검사 통과 시 유지
ABF-305,사진 대조 1차 교정본,568,"00:38:47,980 --> 00:38:49,000",1.02,적당히 즐기는 정도로.,영차.,적당히 즐기는 정도로.,중립·혼합형,sub_0568_2328.0s.jpg,0.02,,,25.0,90.0,50.0,78.0,75.0,0.6209,0.0,66.0,0.0,0.0,0.2373,여기 오면 항상 즐기는 거니까요.,여기 오면 늘 낚시를 즐기거든요.,대화체 자연화,41.14,T3,화자·문맥·자연스러움 집중 검토,,76.38786084381938,55.94,P3,말투·질문응답·가독성 위주 검토
ABF-305,사진 대조 1차 교정본,569,"00:38:49,040 --> 00:38:49,900",0.86,적당히 즐기는 정도로.,적당히 즐기는 정도로.,"응, 그렇네.",중립·혼합형,sub_0569_2329.0s.jpg,0.04,,,25.0,90.0,50.0,78.0,75.0,0.60744,0.0,66.0,0.0,0.0,0.2373,여기 오면 항상 즐기는 거니까요.,여기 오면 늘 낚시를 즐기거든요.,대화체 자연화,40.57,T3,화자·문맥·자연스러움 집중 검토,,74.05625462620281,54.63,P3,말투·질문응답·가독성 위주 검토
ABF-305,사진 대조 1차 교정본,570,"00:38:49,900 --> 00:38:50,460",0.56,"응, 그렇네.",적당히 즐기는 정도로.,영차.,반응형,sub_0570_2329.9s.jpg,0.0,,,25.0,90.0,50.0,78.0,75.0,0.45985,0.0,66.0,0.0,0.0,0.2518,"응, 더...","응, 더…",,34.37,T4,구조검사 통과 시 유지,,46.74315321983716,39.57,P4,회귀검사 통과 시 유지
ABF-305,사진 대조 1차 교정본,571,"00:38:51,560 --> 00:38:51,880",0.32,영차.,"응, 그렇네.","아, 아니, 술을 한 잔 받아볼까나.",중립·혼합형,sub_0571_2331.6s.jpg,0.04,,,25.0,90.0,50.0,78.0,75.0,0.16175,42.0,66.0,0.0,0.0,1.0,영차.,자.,타임스탬프 사진과 앞뒤 장면으로 대사 기능 복원,29.41,T4,구조검사 통과 시 유지,,27.165062916358252,28.47,P4,회귀검사 통과 시 유지
ABF-305,사진 대조 1차 교정본,572,"00:38:52,820 --> 00:38:54,740",1.92,"아, 아니, 술을 한 잔 받아볼까나.",영차.,따라 드리겠습니다.,중립·혼합형,sub_0572_2332.8s.jpg,0.02,,,25.0,90.0,50.0,78.0,75.0,0.62398,0.0,66.0,0.0,0.0,0.2244,"아, 아, 아, 아, 아, 아, 아,","아, 아, 아, 아, 아, 아, 아",,41.27,T3,화자·문맥·자연스러움 집중 검토,,76.79496669133975,56.19,P3,말투·질문응답·가독성 위주 검토
ABF-305,사진 대조 1차 교정본,573,"00:38:56,160 --> 00:38:57,320",1.16,따라 드리겠습니다.,"아, 아니, 술을 한 잔 받아볼까나.",눈물이 다 나네.,존댓말형,sub_0573_2336.2s.jpg,0.04,,,25.0,90.0,50.0,78.0,75.0,0.38151,0.0,66.0,0.0,18.0,0.2971,가 보겠습니다.,그럼 가 볼게요.,대화체 자연화,32.52,T4,구조검사 통과 시 유지,formality_shift,39.82235381199112,35.59,P4,회귀검사 통과 시 유지
ABF-305,사진 대조 1차 교정본,574,"00:39:02,950 --> 00:39:03,970",1.02,눈물이 다 나네.,따라 드리겠습니다.,왠지 따르고 있는 그 모습을...,반말형,sub_0574_2342.9s.jpg,0.05,,,25.0,90.0,50.0,78.0,75.0,0.51739,0.0,66.0,0.0,0.0,0.4718,눈물이 고였어.,눈물까지 고였어.,일본어 원문 대조 + 자연스러운 한국어 대사 교정,36.79,T3,화자·문맥·자연스러움 집중 검토,,57.920059215396,45.66,P3,말투·질문응답·가독성 위주 검토
ABF-305,사진 대조 1차 교정본,575,"00:39:04,150 --> 00:39:06,130",1.98,왠지 따르고 있는 그 모습을...,눈물이 다 나네.,눈에 새겨두고 싶잖아.,반말형,sub_0575_2344.2s.jpg,0.05,,,25.0,90.0,50.0,78.0,75.0,0.73822,0.0,66.0,0.0,0.0,0.1637,왠지 알겠어.,어떻게 알았어?,손상된 일본어 ASR + 타임스탬프 사진 + 앞뒤 문맥 추론,46.07,T3,화자·문맥·자연스러움 집중 검토,,90.96965210954848,64.93,P2,앞뒤 5블록·사진·오류 기억을 함께 검토
ABF-305,사진 대조 1차 교정본,576,"00:39:06,430 --> 00:39:07,530",1.1,눈에 새겨두고 싶잖아.,왠지 따르고 있는 그 모습을...,그렇게 해도 될까요?,반응형,sub_0576_2346.4s.jpg,0.03,,,25.0,90.0,50.0,78.0,75.0,0.68528,0.0,66.0,0.0,0.0,0.1058,서 있잖아.,완전히 서 있잖아.,일본어 원문 대조 + 자연스러운 한국어 대사 교정,43.84,T3,화자·문맥·자연스러움 집중 검토,,84.64100666173205,60.98,P2,앞뒤 5블록·사진·오류 기억을 함께 검토
ABF-305,사진 대조 1차 교정본,577,"00:39:07,550 --> 00:39:08,930",1.38,그렇게 해도 될까요?,눈에 새겨두고 싶잖아.,집중하고 있으니까.,중립·혼합형,sub_0577_2347.6s.jpg,0.05,,,25.0,90.0,50.0,78.0,75.0,0.60495,0.0,66.0,0.0,0.0,0.1976,그렇게 하면 안쪽이 꽉 차는 것 같아.,그렇게 하니까 안이 꽉 차네.,손상된 일본어 ASR + 타임스탬프 사진 + 앞뒤 문맥 추론,40.47,T3,화자·문맥·자연스러움 집중 검토,,73.64914877868246,54.41,P3,말투·질문응답·가독성 위주 검토
ABF-305,사진 대조 1차 교정본,578,"00:39:09,190 --> 00:39:10,010",0.82,집중하고 있으니까.,그렇게 해도 될까요?,응.,반응형,sub_0578_2349.2s.jpg,0.01,,,25.0,90.0,50.0,78.0,75.0,0.51606,0.0,66.0,0.0,0.0,0.2068,세게 깨물었으니까.,어느 쪽부터 베어 먹었을까?,,36.73,T3,화자·문맥·자연스러움 집중 검토,,57.47594374537379,45.44,P3,말투·질문응답·가독성 위주 검토
ABF-305,사진 대조 1차 교정본,579,"00:39:10,290 --> 00:39:10,390",0.1,응.,집중하고 있으니까.,집중하고 있어.,반응형,sub_0579_2350.3s.jpg,0.01,,,25.0,90.0,50.0,78.0,75.0,0.05397,0.0,66.0,30.0,0.0,0.4149,"하-, 응.",하아… 응.,,20.33,T4,구조검사 통과 시 유지,high_cps,5.070318282753516,13.92,P4,회귀검사 통과 시 유지
ABF-305,사진 대조 1차 교정본,580,"00:39:10,810 --> 00:39:11,310",0.5,집중하고 있어.,응.,응.,반응형,sub_0580_2350.8s.jpg,0.01,,,25.0,90.0,50.0,78.0,75.0,0.45216,0.0,66.0,0.0,0.0,0.2668,뒤에 있어.,뒤쪽도 보여 줘.,일본어 원문 대조 + 자연스러운 한국어 대사 교정,34.05,T4,구조검사 통과 시 유지,,45.59585492227979,38.9,P4,회귀검사 통과 시 유지
ABF-305,사진 대조 1차 교정본,581,"00:39:11,350 --> 00:39:11,530",0.18,응.,집중하고 있어.,후후후후...,반응형,sub_0581_2351.3s.jpg,0.05,,,25.0,90.0,50.0,78.0,75.0,0.06638,0.0,66.0,0.0,0.0,0.4149,"하-, 응.",하아… 응.,,17.85,T4,구조검사 통과 시 유지,,3.0347890451517396,11.63,P4,회귀검사 통과 시 유지
ABF-305,사진 대조 1차 교정본,582,"00:39:11,530 --> 00:39:42,580",31.05,후후후후...,응.,생선이랑 고기 중에 어떤 게 좋아요?,중립·혼합형,sub_0582_2351.5s.jpg,0.03,,,25.0,90.0,50.0,78.0,75.0,0.35742,0.0,66.0,0.0,0.0,0.3267,"후후후, 어서 와.","후후후, 차가워!",손상된 일본어 ASR + 타임스탬프 사진 + 앞뒤 문맥 추론,30.07,T4,구조검사 통과 시 유지,,29.681717246484084,29.91,P4,회귀검사 통과 시 유지
ABF-305,사진 대조 1차 교정본,583,"00:39:50,160 --> 00:39:52,700",2.54,생선이랑 고기 중에 어떤 게 좋아요?,후후후후...,"어, 생선!",반말형,sub_0583_2390.2s.jpg,0.04,,,25.0,90.0,50.0,78.0,75.0,0.71622,0.0,66.0,0.0,0.0,0.2534,"대박이에요, 기분 좋아요?",대단하네요. 기분 좋아요?,사진 장면 확인 및 한국어 번역투·ASR 오역 교정,45.14,T3,화자·문맥·자연스러움 집중 검토,,88.82309400444115,63.49,P2,앞뒤 5블록·사진·오류 기억을 함께 검토
ABF-305,사진 대조 1차 교정본,584,"00:39:52,700 --> 00:39:52,980",0.28,"어, 생선!",생선이랑 고기 중에 어떤 게 좋아요?,"어라, 어느 쪽이 좋은데요?",반응형,sub_0584_2392.7s.jpg,0.0,,,25.0,90.0,50.0,78.0,75.0,0.27059,0.0,66.0,25.0,0.0,0.2568,"어, 뭐 좀 해 줘.",양치 좀 해 줘.,손상된 일본어 ASR + 타임스탬프 사진 + 앞뒤 문맥 추론,28.92,T4,구조검사 통과 시 유지,borderline_cps,25.314581791265727,27.41,P4,회귀검사 통과 시 유지
ABF-305,사진 대조 1차 교정본,585,"00:39:53,580 --> 00:39:57,320",3.74,"어라, 어느 쪽이 좋은데요?","어, 생선!","어라, 어느 쪽이 좋은데요?",반응형,sub_0585_2393.6s.jpg,0.02,,,25.0,90.0,50.0,78.0,75.0,0.61875,0.0,66.0,0.0,0.0,0.3492,안은 어느 쪽이 좋아?,안에서는 어디가 좋아?,일본어 원문 대조 + 자연스러운 한국어 대사 교정,41.05,T3,화자·문맥·자연스러움 집중 검토,,76.01776461880088,55.74,P3,말투·질문응답·가독성 위주 검토
ABF-305,사진 대조 1차 교정본,586,"00:39:57,800 --> 00:39:59,700",1.9,"어라, 어느 쪽이 좋은데요?","어라, 어느 쪽이 좋은데요?",일부러 티격태격하는 방향으로 가네.,반응형,sub_0586_2397.8s.jpg,0.0,,,25.0,90.0,50.0,78.0,75.0,0.65296,0.0,66.0,0.0,0.0,0.3492,안은 어느 쪽이 좋아?,안에서는 어디가 좋아?,일본어 원문 대조 + 자연스러운 한국어 대사 교정,42.48,T3,화자·문맥·자연스러움 집중 검토,,80.53293856402665,58.46,P2,앞뒤 5블록·사진·오류 기억을 함께 검토
ABF-305,사진 대조 1차 교정본,587,"00:39:59,720 --> 00:40:02,840",3.12,일부러 티격태격하는 방향으로 가네.,"어라, 어느 쪽이 좋은데요?",잘 먹겠습니다.,반응형,sub_0587_2399.7s.jpg,0.02,,,25.0,90.0,50.0,78.0,75.0,0.60876,0.0,66.0,0.0,18.0,0.0948,잘 부탁해. 많이 들어가네.,잘 부탁해. 깊이 들어가네.,사진 장면 확인 및 한국어 번역투 교정,42.07,T3,화자·문맥·자연스러움 집중 검토,formality_shift,79.57068837897853,57.82,P3,말투·질문응답·가독성 위주 검토
ABF-305,사진 대조 1차 교정본,588,"00:40:04,120 --> 00:40:06,060",1.94,잘 먹겠습니다.,일부러 티격태격하는 방향으로 가네.,새우부터 시작하겠습니다.,존댓말형,sub_0588_2404.1s.jpg,0.02,,,25.0,90.0,50.0,78.0,75.0,0.33246,0.0,66.0,0.0,0.0,0.3832,가 보겠습니다.,그럼 가 볼게요.,대화체 자연화,29.02,T4,구조검사 통과 시 유지,,25.684678016284234,27.62,P4,회귀검사 통과 시 유지
ABF-305,사진 대조 1차 교정본,589,"00:40:07,740 --> 00:40:10,760",3.02,새우부터 시작하겠습니다.,잘 먹겠습니다.,오늘 데이트는 어땠나요?,존댓말형,sub_0589_2407.7s.jpg,0.04,,,25.0,90.0,50.0,78.0,75.0,0.41318,0.0,66.0,0.0,0.0,0.3409,열심히 하겠습니다.,힘내 볼게요.,,32.41,T4,구조검사 통과 시 유지,,39.00814211695041,35.18,P4,회귀검사 통과 시 유지
ABF-305,사진 대조 1차 교정본,590,"00:40:14,190 --> 00:40:17,410",3.22,오늘 데이트는 어땠나요?,새우부터 시작하겠습니다.,역으로 질문받는 방향이 되었네.,반응형,sub_0590_2414.2s.jpg,0.01,,,25.0,90.0,50.0,78.0,75.0,0.43657,0.0,66.0,0.0,0.0,0.1854,괜찮으시다면 오늘 데이트하는 느낌으로 해 볼게요.,괜찮으시다면 오늘은 데이트하는 느낌으로 진행할게요.,데이트 장면 문장 자연화,33.4,T4,구조검사 통과 시 유지,,43.26424870466321,37.54,P4,회귀검사 통과 시 유지
ABF-305,사진 대조 1차 교정본,591,"00:40:18,270 --> 00:40:20,430",2.16,역으로 질문받는 방향이 되었네.,오늘 데이트는 어땠나요?,"하지만 역시, 꿈같은 시간이라는 건 이런 걸
말하는구나 생각했어.",반응형,sub_0591_2418.3s.jpg,0.03,,,25.0,90.0,50.0,78.0,75.0,0.62502,0.0,66.0,0.0,0.0,0.2562,이렇게나 되었네...,이렇게나 되었네…,,41.31,T3,화자·문맥·자연스러움 집중 검토,,76.980014803849,56.29,P3,말투·질문응답·가독성 위주 검토
ABF-305,사진 대조 1차 교정본,592,"00:40:24,390 --> 00:40:29,990",5.6,"하지만 역시, 꿈같은 시간이라는 건 이런 걸
말하는구나 생각했어.",역으로 질문받는 방향이 되었네.,정말로?,반말형,sub_0592_2424.4s.jpg,0.01,,,25.0,90.0,50.0,78.0,75.0,0.73167,0.0,66.0,0.0,0.0,0.3538,계속 생각했어.,부끄러워? 뭔가 야하네.,일본어 원문 + 타임스탬프 사진 + 장면 연속성,45.79,T3,화자·문맥·자연스러움 집중 검토,,90.41450777202073,64.53,P2,앞뒤 5블록·사진·오류 기억을 함께 검토
ABF-305,사진 대조 1차 교정본,593,"00:40:30,990 --> 00:40:31,550",0.56,정말로?,"하지만 역시, 꿈같은 시간이라는 건 이런 걸
말하는구나 생각했어.","응, 정말로.",중립·혼합형,sub_0593_2431.0s.jpg,0.01,,,25.0,90.0,50.0,78.0,75.0,0.29938,0.0,66.0,0.0,0.0,0.3405,정말로.,진짜로.,일본어 원문 대조 + 자연스러운 한국어 대사 교정,27.63,T4,구조검사 통과 시 유지,,21.68763878608438,25.13,P4,회귀검사 통과 시 유지
ABF-305,사진 대조 1차 교정본,594,"00:40:31,790 --> 00:40:33,030",1.24,"응, 정말로.",정말로?,"뭐랄까, 꾸밈없이 있어 주니까,",반응형,sub_0594_2431.8s.jpg,0.01,,,25.0,90.0,50.0,78.0,75.0,0.49805,30.01,66.0,0.0,0.0,0.9001,정말로.,진짜로.,일본어 원문 대조 + 자연스러운 한국어 대사 교정,41.38,T3,화자·문맥·자연스러움 집중 검토,,77.2760917838638,56.46,P3,말투·질문응답·가독성 위주 검토
ABF-305,사진 대조 1차 교정본,595,"00:40:34,810 --> 00:40:37,210",2.4,"뭐랄까, 꾸밈없이 있어 주니까,","응, 정말로.",이쪽도 꾸밈없이 편하게 있을 수 있어.,반응형,sub_0595_2434.8s.jpg,0.01,,,25.0,90.0,50.0,78.0,75.0,0.69806,0.0,66.0,0.0,0.0,0.1245,"이런 건 좀처럼 가르쳐주지 않으니까, 모처럼이니까, 자, 자지 빠는 법도 봐봐.","이런 건 좀처럼 가르쳐 주지 않으니까 모처럼이니까, 자, 자지 빠는 법도 봐봐.",,44.38,T3,화자·문맥·자연스러움 집중 검토,,86.45447816432272,62.05,P2,앞뒤 5블록·사진·오류 기억을 함께 검토
ABF-305,사진 대조 1차 교정본,596,"00:40:37,210 --> 00:40:38,970",1.76,이쪽도 꾸밈없이 편하게 있을 수 있어.,"뭐랄까, 꾸밈없이 있어 주니까,",우후후후.,중립·혼합형,sub_0596_2437.2s.jpg,0.01,,,25.0,90.0,50.0,78.0,75.0,0.79117,0.0,66.0,0.0,0.0,0.3122,좀 더 편하게 말해 줘.,편하게 말해 줘.,,48.29,T3,화자·문맥·자연스러움 집중 검토,,95.33678756476684,68.05,P2,앞뒤 5블록·사진·오류 기억을 함께 검토
ABF-305,사진 대조 1차 교정본,597,"00:40:39,470 --> 00:40:41,210",1.74,우후후후.,이쪽도 꾸밈없이 편하게 있을 수 있어.,이 감상평은 어떠신가요?,중립·혼합형,sub_0597_2439.5s.jpg,0.03,,,25.0,90.0,50.0,78.0,75.0,0.35473,0.0,66.0,0.0,0.0,0.1791,"후후후, 어서 와.","후후후, 차가워!",손상된 일본어 ASR + 타임스탬프 사진 + 앞뒤 문맥 추론,29.96,T4,구조검사 통과 시 유지,,29.274611398963728,29.67,P4,회귀검사 통과 시 유지
ABF-305,사진 대조 1차 교정본,598,"00:40:43,460 --> 00:40:45,000",1.54,이 감상평은 어떠신가요?,우후후후.,맛있어.,반응형,sub_0598_2443.5s.jpg,0.04,,,25.0,90.0,50.0,78.0,75.0,0.60876,0.0,66.0,0.0,0.0,0.1156,이제 살려 주실 건가요?,이제 좀 살려 주실 건가요?,사진 장면 확인 및 한국어 번역투·ASR 오역 교정,40.63,T3,화자·문맥·자연스러움 집중 검토,,74.20429311621022,54.73,P3,말투·질문응답·가독성 위주 검토
ABF-305,사진 대조 1차 교정본,599,"00:40:48,400 --> 00:40:49,160",0.76,맛있어.,이 감상평은 어떠신가요?,어땠어?,반응형,sub_0599_2448.4s.jpg,0.0,,,25.0,90.0,50.0,78.0,75.0,0.13475,0.0,66.0,0.0,0.0,0.6216,"음-, 맛있어.",음… 맛있어.,,20.72,T4,구조검사 통과 시 유지,,5.625462620281273,14.38,P4,회귀검사 통과 시 유지
ABF-305,사진 대조 1차 교정본,600,"00:40:49,620 --> 00:40:50,180",0.56,어땠어?,맛있어.,"응, 즐거웠어.",반응형,sub_0600_2449.6s.jpg,0.02,,,25.0,90.0,50.0,78.0,75.0,0.21933,0.0,66.0,0.0,0.0,0.0932,없어?,진짜로?,일본어 원문 대조 + 자연스러운 한국어 대사 교정,24.27,T4,구조검사 통과 시 유지,,12.509252405625462,19.33,P4,회귀검사 통과 시 유지
ABF-305,사진 대조 1차 교정본,601,"00:40:50,340 --> 00:40:51,200",0.86,"응, 즐거웠어.",어땠어?,왠지 오랜만에 데이트라.,반응형,sub_0601_2450.3s.jpg,0.04,,,25.0,90.0,50.0,78.0,75.0,0.43346,0.0,66.0,0.0,0.0,0.2017,"응, 입을 수 있어.","응, 정말 잘 어울려.",타임스탬프 사진과 앞뒤 장면으로 대사 기능 복원,33.27,T4,구조검사 통과 시 유지,,42.857142857142854,37.3,P4,회귀검사 통과 시 유지
ABF-305,사진 대조 1차 교정본,602,"00:40:51,860 --> 00:40:55,620",3.76,왠지 오랜만에 데이트라.,"응, 즐거웠어.",데이트?,반말형,sub_0602_2451.9s.jpg,0.04,,,25.0,90.0,50.0,78.0,75.0,0.52663,0.0,66.0,0.0,0.0,0.1721,오랜만이네...,오랜만이네…,,37.18,T3,화자·문맥·자연스러움 집중 검토,,59.62250185048112,46.61,P3,말투·질문응답·가독성 위주 검토
ABF-305,사진 대조 1차 교정본,603,"00:40:56,440 --> 00:40:57,060",0.62,데이트?,왠지 오랜만에 데이트라.,오랜만의 데이트였어서.,중립·혼합형,sub_0603_2456.4s.jpg,0.04,,,25.0,90.0,50.0,78.0,75.0,0.26953,0.0,66.0,0.0,0.0,0.2272,"밥 먹고, 데이트하고,","밥 먹고, 데이트하고",,26.38,T4,구조검사 통과 시 유지,,17.986676535899335,22.85,P4,회귀검사 통과 시 유지
ABF-305,사진 대조 1차 교정본,604,"00:40:57,280 --> 00:40:58,940",1.66,오랜만의 데이트였어서.,데이트?,정말로?,반응형,sub_0604_2457.3s.jpg,0.02,,,25.0,90.0,50.0,78.0,75.0,0.49999,0.0,66.0,0.0,0.0,0.162,오랜만이네...,오랜만이네…,,36.06,T3,화자·문맥·자연스러움 집중 검토,,54.99629903774982,44.01,P3,말투·질문응답·가독성 위주 검토
ABF-305,사진 대조 1차 교정본,605,"00:41:01,160 --> 00:41:01,600",0.44,정말로?,오랜만의 데이트였어서.,응.,중립·혼합형,sub_0605_2461.2s.jpg,0.04,,,25.0,90.0,50.0,78.0,75.0,0.25403,0.0,66.0,0.0,0.0,0.3405,정말로.,진짜로.,일본어 원문 대조 + 자연스러운 한국어 대사 교정,25.73,T4,구조검사 통과 시 유지,,15.951147298297558,21.62,P4,회귀검사 통과 시 유지
ABF-305,사진 대조 1차 교정본,606,"00:41:01,800 --> 00:41:02,040",0.24,응.,정말로?,정말이야.,반응형,sub_0606_2461.8s.jpg,0.0,,,25.0,90.0,50.0,78.0,75.0,0.06164,0.0,66.0,0.0,0.0,0.4149,"하-, 응.",하아… 응.,,17.65,T4,구조검사 통과 시 유지,,2.8127313101406366,11.42,P4,회귀검사 통과 시 유지
ABF-305,사진 대조 1차 교정본,607,"00:41:06,710 --> 00:41:07,430",0.72,정말이야.,응.,즐거웠어?,반말형,sub_0607_2466.7s.jpg,0.01,,,25.0,90.0,50.0,78.0,75.0,0.31,0.0,66.0,0.0,0.0,0.4398,유두 말이야.,젖꼭지 말이야.,,28.08,T4,구조검사 통과 시 유지,,23.0940044411547,25.99,P4,회귀검사 통과 시 유지
ABF-305,사진 대조 1차 교정본,608,"00:41:08,710 --> 00:41:09,250",0.54,즐거웠어?,정말이야.,"응, 엄청 즐거웠어.",반응형,sub_0608_2468.7s.jpg,0.01,,,25.0,90.0,50.0,78.0,75.0,0.3209,0.0,66.0,0.0,0.0,0.2259,아쉬웠어?,거의 갔어?,일본어 원문 대조 + 자연스러운 한국어 대사 교정,28.54,T4,구조검사 통과 시 유지,,24.093264248704664,26.67,P4,회귀검사 통과 시 유지
ABF-305,사진 대조 1차 교정본,609,"00:41:09,410 --> 00:41:10,790",1.38,"응, 엄청 즐거웠어.",즐거웠어?,"길거리 음식도 먹을 수 있었고,",반응형,sub_0609_2469.4s.jpg,0.01,,,25.0,90.0,50.0,78.0,75.0,0.55237,0.0,66.0,0.0,0.0,0.1878,"응, 입을 수 있어.","응, 정말 잘 어울려.",타임스탬프 사진과 앞뒤 장면으로 대사 기능 복원,38.26,T3,화자·문맥·자연스러움 집중 검토,,63.50851221317543,48.86,P3,말투·질문응답·가독성 위주 검토
ABF-305,사진 대조 1차 교정본,610,"00:41:12,050 --> 00:41:13,810",1.76,"길거리 음식도 먹을 수 있었고,","응, 엄청 즐거웠어.",그렇네.,중립·혼합형,sub_0610_2472.1s.jpg,0.05,,,25.0,90.0,50.0,78.0,75.0,0.67345,0.0,66.0,0.0,0.0,0.0954,"응, 입을 수 있어.","응, 정말 잘 어울려.",타임스탬프 사진과 앞뒤 장면으로 대사 기능 복원,43.34,T3,화자·문맥·자연스러움 집중 검토,,83.16062176165802,60.06,P2,앞뒤 5블록·사진·오류 기억을 함께 검토
ABF-305,사진 대조 1차 교정본,611,"00:41:14,150 --> 00:41:14,830",0.68,그렇네.,"길거리 음식도 먹을 수 있었고,","그리고,",반말형,sub_0611_2474.2s.jpg,0.05,,,25.0,90.0,50.0,78.0,75.0,0.25395,0.0,66.0,0.0,0.0,0.1199,그렇구나.,손 정말 잘 쓰네.,일본어 원문 + 타임스탬프 사진 + 장면 연속성,25.73,T4,구조검사 통과 시 유지,,15.951147298297558,21.62,P4,회귀검사 통과 시 유지
ABF-305,사진 대조 1차 교정본,612,"00:41:14,830 --> 00:41:15,550",0.72,"그리고,",그렇네.,"수족관도 갈 수 있었고,",중립·혼합형,sub_0612_2474.8s.jpg,0.03,,,25.0,90.0,50.0,78.0,75.0,0.28706,42.0,66.0,0.0,0.0,1.0,"그리고,",그리고,,34.68,T4,구조검사 통과 시 유지,,48.40858623242043,40.45,P3,말투·질문응답·가독성 위주 검토
ABF-305,사진 대조 1차 교정본,613,"00:41:16,590 --> 00:41:18,210",1.62,"수족관도 갈 수 있었고,","그리고,",응.,중립·혼합형,sub_0613_2476.6s.jpg,0.01,,,25.0,90.0,50.0,78.0,75.0,0.57667,0.0,66.0,0.0,0.0,0.1273,"잠깐, 이쪽으로 더 갈 수 있나?",그냥 여기서 살까?,,39.28,T3,화자·문맥·자연스러움 집중 검토,,68.17172464840858,51.41,P3,말투·질문응답·가독성 위주 검토
ABF-305,사진 대조 1차 교정본,614,"00:41:18,570 --> 00:41:18,590",0.02,응.,"수족관도 갈 수 있었고,","비어 가든도 갈 수 있었으니까,",반응형,sub_0614_2478.6s.jpg,0.03,,,25.0,90.0,50.0,78.0,75.0,0.0645,0.0,66.0,70.0,0.0,0.4149,"하-, 응.",하아… 응.,,24.77,T4,구조검사 통과 시 유지,high_cps,13.656550703182827,20.1,P4,회귀검사 통과 시 유지
ABF-305,사진 대조 1차 교정본,615,"00:41:20,110 --> 00:41:21,410",1.3,"비어 가든도 갈 수 있었으니까,",응.,엄청 알찬...,반응형,sub_0615_2480.1s.jpg,0.01,,,25.0,90.0,50.0,78.0,75.0,0.69954,0.0,66.0,0.0,0.0,0.1652,"이런 건 좀처럼 가르쳐주지 않으니까, 모처럼이니까, 자, 자지 빠는 법도 봐봐.","이런 건 좀처럼 가르쳐 주지 않으니까 모처럼이니까, 자, 자지 빠는 법도 봐봐.",,44.44,T3,화자·문맥·자연스러움 집중 검토,,87.04663212435233,62.33,P2,앞뒤 5블록·사진·오류 기억을 함께 검토
ABF-305,사진 대조 1차 교정본,616,"00:41:22,430 --> 00:41:23,410",0.98,엄청 알찬...,"비어 가든도 갈 수 있었으니까,",그렇네.,중립·혼합형,sub_0616_2482.4s.jpg,0.03,,,25.0,90.0,50.0,78.0,75.0,0.47004,0.0,66.0,0.0,0.0,0.2496,진짜 엄청 좋아...,진짜 엄청 좋아…,,34.8,T4,구조검사 통과 시 유지,,48.85270170244264,40.7,P3,말투·질문응답·가독성 위주 검토
ABF-305,사진 대조 1차 교정본,617,"00:41:23,670 --> 00:41:24,310",0.64,그렇네.,엄청 알찬...,하루였지.,반말형,sub_0617_2483.7s.jpg,0.03,,,25.0,90.0,50.0,78.0,75.0,0.37238,0.0,66.0,0.0,0.0,0.1199,그렇구나.,손 정말 잘 쓰네.,일본어 원문 + 타임스탬프 사진 + 장면 연속성,30.7,T4,구조검사 통과 시 유지,,32.42042931162102,31.42,P4,회귀검사 통과 시 유지
ABF-305,사진 대조 1차 교정본,618,"00:41:24,490 --> 00:41:25,710",1.22,하루였지.,그렇네.,"너무 알차서,",반말형,sub_0618_2484.5s.jpg,0.01,,,25.0,90.0,50.0,78.0,75.0,0.31759,0.0,66.0,0.0,0.0,0.07,잘 거지.,갈 수 있어.,사진 장면 확인 및 한국어 번역투·ASR 오역 교정,28.4,T4,구조검사 통과 시 유지,,23.908216136195414,26.51,P4,회귀검사 통과 시 유지
ABF-305,사진 대조 1차 교정본,619,"00:41:25,870 --> 00:41:27,150",1.28,"너무 알차서,",하루였지.,얼른 먹자.,중립·혼합형,sub_0619_2485.9s.jpg,0.03,,,25.0,90.0,50.0,78.0,75.0,0.47782,0.0,66.0,0.0,0.0,0.1895,"하아, 너무 기분 좋아...","하아, 너무 기분 좋아…",,35.13,T3,화자·문맥·자연스러움 집중 검토,,50.33308660251665,41.52,P3,말투·질문응답·가독성 위주 검토
ABF-305,사진 대조 1차 교정본,620,"00:41:27,170 --> 00:41:27,770",0.6,얼른 먹자.,"너무 알차서,",우후후후.,중립·혼합형,sub_0620_2487.2s.jpg,0.03,,,25.0,90.0,50.0,78.0,75.0,0.52885,0.0,66.0,0.0,0.0,0.4069,"아아, 또 다른 미분으로 먹자.",[불명],,37.27,T3,화자·문맥·자연스러움 집중 검토,,60.17764618800888,46.89,P3,말투·질문응답·가독성 위주 검토
ABF-305,사진 대조 1차 교정본,621,"00:41:28,590 --> 00:41:28,730",0.14,우후후후.,얼른 먹자.,엄청 옛날 일처럼 느껴져.,중립·혼합형,sub_0621_2488.6s.jpg,0.01,,,25.0,90.0,50.0,78.0,75.0,0.3952,0.0,66.0,70.0,0.0,0.1791,"후후후, 어서 와.","후후후, 차가워!",손상된 일본어 ASR + 타임스탬프 사진 + 앞뒤 문맥 추론,38.66,T3,화자·문맥·자연스러움 집중 검토,high_cps,65.35899333826795,49.87,P3,말투·질문응답·가독성 위주 검토
ABF-305,사진 대조 1차 교정본,622,"00:41:30,170 --> 00:41:33,730",3.56,엄청 옛날 일처럼 느껴져.,우후후후.,응.,중립·혼합형,sub_0622_2490.2s.jpg,0.03,,,25.0,90.0,50.0,78.0,75.0,0.65809,0.0,66.0,0.0,0.0,0.1968,정말 느껴져요.,확실히 느껴져요.,,42.7,T3,화자·문맥·자연스러움 집중 검토,,81.34715025906736,58.93,P2,앞뒤 5블록·사진·오류 기억을 함께 검토
ABF-305,사진 대조 1차 교정본,623,"00:41:33,730 --> 00:41:34,130",0.4,응.,엄청 옛날 일처럼 느껴져.,응.,반응형,sub_0623_2493.7s.jpg,0.03,,,25.0,90.0,50.0,78.0,75.0,0.03219,0.0,66.0,0.0,0.0,0.4149,"하-, 응.",하아… 응.,,16.41,T4,구조검사 통과 시 유지,,0.44411547002220575,9.7,P4,회귀검사 통과 시 유지
ABF-305,사진 대조 1차 교정본,624,"00:41:34,930 --> 00:41:35,410",0.48,응.,응.,응.,반응형,sub_0624_2494.9s.jpg,0.03,,,25.0,90.0,50.0,78.0,75.0,0.03018,0.0,66.0,0.0,30.0,0.4149,"하-, 응.",하아… 응.,,18.73,T4,구조검사 통과 시 유지,triple_identical_run,3.774981495188749,12.45,P4,회귀검사 통과 시 유지
ABF-305,사진 대조 1차 교정본,625,"00:41:35,510 --> 00:41:35,570",0.06,응.,응.,그거 맛있어.,반응형,sub_0625_2495.5s.jpg,0.01,,,25.0,90.0,50.0,78.0,75.0,0.04359,0.0,66.0,70.0,0.0,0.4149,"하-, 응.",하아… 응.,,23.89,T4,구조검사 통과 시 유지,high_cps,11.324944485566247,18.61,P4,회귀검사 통과 시 유지
ABF-305,사진 대조 1차 교정본,626,"00:41:37,210 --> 00:41:42,200",4.99,그거 맛있어.,응.,그게 뭔데?,반응형,sub_0626_2497.2s.jpg,0.01,,,25.0,90.0,50.0,78.0,75.0,0.46056,9.28,66.0,0.0,0.0,0.7273,그거 맛있어...,그거 맛있어…,,36.07,T3,화자·문맥·자연스러움 집중 검토,,55.10732790525537,44.07,P3,말투·질문응답·가독성 위주 검토
ABF-305,사진 대조 1차 교정본,627,"00:41:42,480 --> 00:41:42,840",0.36,그게 뭔데?,그거 맛있어.,만져봐.,중립·혼합형,sub_0627_2502.5s.jpg,0.02,,,25.0,90.0,50.0,78.0,75.0,0.50348,0.0,66.0,0.0,0.0,0.2168,그게 뭔지 찾아보세요.,어디가 좋은지 찾아봐요.,,36.21,T3,화자·문맥·자연스러움 집중 검토,,55.73649148778682,44.41,P3,말투·질문응답·가독성 위주 검토
ABF-305,사진 대조 1차 교정본,628,"00:41:43,440 --> 00:41:44,480",1.04,만져봐.,그게 뭔데?,가리비.,중립·혼합형,sub_0628_2503.4s.jpg,0.04,,,25.0,90.0,50.0,78.0,75.0,0.40754,0.0,66.0,0.0,0.0,0.2605,만져봐서 확인해볼래.,만져봐서 확인해 볼래.,,32.18,T4,구조검사 통과 시 유지,,38.19393042190969,34.71,P4,회귀검사 통과 시 유지
ABF-305,사진 대조 1차 교정본,629,"00:41:48,760 --> 00:41:49,540",0.78,가리비.,만져봐.,맛있어.,중립·혼합형,sub_0629_2508.8s.jpg,0.04,,,25.0,90.0,50.0,78.0,75.0,0.32381,0.0,66.0,0.0,0.0,0.0385,가요.,갈 것 같아요.,성인 장면 관용 표현 교정,28.66,T4,구조검사 통과 시 유지,,24.50037009622502,26.91,P4,회귀검사 통과 시 유지
ABF-305,사진 대조 1차 교정본,630,"00:41:51,400 --> 00:41:51,920",0.52,맛있어.,가리비.,"오늘 가리비는 없었지, 스미 님.",반응형,sub_0630_2511.4s.jpg,0.0,,,25.0,90.0,50.0,78.0,75.0,0.15564,0.0,66.0,0.0,0.0,0.6216,"음-, 맛있어.",음… 맛있어.,,21.6,T4,구조검사 통과 시 유지,,6.587712805329386,15.29,P4,회귀검사 통과 시 유지
ABF-305,사진 대조 1차 교정본,631,"00:41:54,380 --> 00:41:56,500",2.12,"오늘 가리비는 없었지, 스미 님.",맛있어.,응.,반말형,sub_0631_2514.4s.jpg,0.02,,,25.0,90.0,50.0,78.0,75.0,0.63015,0.0,66.0,0.0,0.0,0.1332,오늘 진짜 엄청 했네.,오늘 진짜 실컷 했네.,일본어 원문 대조 + 자연스러운 한국어 대사 교정,41.53,T3,화자·문맥·자연스러움 집중 검토,,78.09030347890452,56.89,P3,말투·질문응답·가독성 위주 검토
ABF-305,사진 대조 1차 교정본,632,"00:41:56,500 --> 00:41:56,700",0.2,응.,"오늘 가리비는 없었지, 스미 님.",정답.,반응형,sub_0632_2516.5s.jpg,0.0,,,25.0,90.0,50.0,78.0,75.0,0.04951,0.0,66.0,0.0,0.0,0.4149,"하-, 응.",하아… 응.,,17.14,T4,구조검사 통과 시 유지,,1.776461880088823,10.69,P4,회귀검사 통과 시 유지
ABF-305,사진 대조 1차 교정본,633,"00:41:58,660 --> 00:41:59,120",0.46,정답.,응.,가리비가 있었나?,중립·혼합형,sub_0633_2518.7s.jpg,0.04,,,25.0,90.0,50.0,78.0,75.0,0.21068,0.0,66.0,0.0,0.0,0.0501,정말 좋아.,거기 좋아.,타임스탬프 사진과 장면 흐름으로 명백한 오인식 교정,23.91,T4,구조검사 통과 시 유지,,11.509992598075499,18.7,P4,회귀검사 통과 시 유지
ABF-305,사진 대조 1차 교정본,634,"00:41:59,360 --> 00:41:59,780",0.42,가리비가 있었나?,정답.,어?,중립·혼합형,sub_0634_2519.4s.jpg,0.04,,,25.0,90.0,50.0,78.0,75.0,0.35982,0.0,66.0,25.0,0.0,0.4748,빼낸 적이 있었나?,아까 뺐던가?,손상된 일본어 ASR + 타임스탬프 사진 + 앞뒤 문맥 추론,32.67,T4,구조검사 통과 시 유지,borderline_cps,40.41450777202073,35.92,P4,회귀검사 통과 시 유지
ABF-305,사진 대조 1차 교정본,635,"00:42:00,400 --> 00:42:00,680",0.28,어?,가리비가 있었나?,가리비...,반응형,sub_0635_2520.4s.jpg,0.0,,,25.0,90.0,50.0,78.0,75.0,0.13001,0.0,66.0,0.0,0.0,0.3197,어? 벗기고 싶다고? 응.,해 줬으면 좋겠어? 응.,손상된 일본어 ASR + 타임스탬프 사진 + 앞뒤 문맥 추론,20.52,T4,구조검사 통과 시 유지,,5.40340488527017,14.17,P4,회귀검사 통과 시 유지
ABF-305,사진 대조 1차 교정본,636,"00:42:02,120 --> 00:42:03,180",1.06,가리비...,어?,가리비 없었지.,중립·혼합형,sub_0636_2522.1s.jpg,0.02,,,25.0,90.0,50.0,78.0,75.0,0.16056,0.0,66.0,0.0,0.0,0.0979,아...,아…,,21.8,T4,구조검사 통과 시 유지,,6.809770540340489,15.5,P4,회귀검사 통과 시 유지
ABF-305,사진 대조 1차 교정본,637,"00:42:03,660 --> 00:42:04,680",1.02,가리비 없었지.,가리비...,없었어?,반말형,sub_0637_2523.7s.jpg,0.04,,,25.0,90.0,50.0,78.0,75.0,0.35999,0.0,66.0,0.0,0.0,0.0941,"아아, 그건 없었습니다.","아, 그건 아니야.",,30.18,T4,구조검사 통과 시 유지,,30.199851961509992,30.19,P4,회귀검사 통과 시 유지
ABF-305,사진 대조 1차 교정본,638,"00:42:04,800 --> 00:42:05,160",0.36,없었어?,가리비 없었지.,응.,반응형,sub_0638_2524.8s.jpg,0.0,,,25.0,90.0,50.0,78.0,75.0,0.20369,0.0,66.0,0.0,0.0,0.1916,빨 생각하고 있었어?,아까부터 빨 생각만 했지?,일본어 원문 대조 + 자연스러운 한국어 대사 교정,23.62,T4,구조검사 통과 시 유지,,10.80680977054034,18.24,P4,회귀검사 통과 시 유지
ABF-305,사진 대조 1차 교정본,639,"00:42:05,260 --> 00:42:05,500",0.24,응.,없었어?,맛있네. 잘 먹었다.,반응형,sub_0639_2525.3s.jpg,0.04,,,25.0,90.0,50.0,78.0,75.0,0.04467,0.0,66.0,0.0,0.0,0.4149,"하-, 응.",하아… 응.,,16.94,T4,구조검사 통과 시 유지,,1.4063656550703183,10.42,P4,회귀검사 통과 시 유지
ABF-305,사진 대조 1차 교정본,640,"00:42:05,840 --> 00:42:36,620",30.78,맛있네. 잘 먹었다.,응.,"- 땀도 흘렸으니 슬슬 샤워하러 갈까?
- 응. 정수리 냄새는 맡지 마.",반말형,sub_0640_2525.8s.jpg,0.04,식사 장면의 미복원 블록을 보수적으로 복원,중간,38.0,90.0,50.0,78.0,62.0,0.60299,0.0,48.0,0.0,0.0,0.286,카레를 다 같이 먹으니까 맛있네. 그러게요.,- 셋이 같이 카레 먹으니까 맛있네. - 그러게요.,식사 장면 화자 분리,36.73,T3,화자·문맥·자연스러움 집중 검토,,57.47594374537379,45.44,P3,말투·질문응답·가독성 위주 검토
ABF-305,사진 대조 1차 교정본,641,"00:42:38,480 --> 00:43:10,190",31.71,"- 땀도 흘렸으니 슬슬 샤워하러 갈까?
- 응. 정수리 냄새는 맡지 마.",맛있네. 잘 먹었다.,응. 조금 올려봐. 응. 조금 올려봐.,반말형,sub_0641_2558.5s.jpg,0.02,4줄 대화를 2줄로 재배치,높음,25.0,90.0,72.0,78.0,79.0,0.7442,17.83,22.0,0.0,0.0,0.7986,- 땀도 흘렸으니 슬슬 샤워하러 갈까? - 좋은 냄새 나는데? - 정수리 냄새 맡지 마. - 그럼 샤워하러 가자.,- 땀도 흘렸으니 슬슬 샤워하러 갈까? - 응. 정수리 냄새는 맡지 마.,4줄 대화를 2줄로 재배치,30.76,T4,구조검사 통과 시 유지,,32.79052553663953,31.61,P4,회귀검사 통과 시 유지
ABF-305,사진 대조 1차 교정본,642,"00:43:10,190 --> 00:43:12,530",2.34,응. 조금 올려봐. 응. 조금 올려봐.,"- 땀도 흘렸으니 슬슬 샤워하러 갈까?
- 응. 정수리 냄새는 맡지 마.",훗.,중립·혼합형,sub_0642_2590.2s.jpg,0.01,,,25.0,90.0,50.0,78.0,75.0,0.75531,0.0,66.0,0.0,0.0,0.1842,조금 쉬세요.,잠깐만.,,46.78,T3,화자·문맥·자연스러움 집중 검토,,92.820133234641,66.12,P2,앞뒤 5블록·사진·오류 기억을 함께 검토
ABF-305,사진 대조 1차 교정본,643,"00:43:13,270 --> 00:43:14,190",0.92,훗.,응. 조금 올려봐. 응. 조금 올려봐.,어? 응? 어?,중립·혼합형,sub_0643_2593.3s.jpg,0.03,,,25.0,90.0,50.0,78.0,75.0,0.30441,0.0,66.0,0.0,0.0,0.0056,응... 기분 좋아.,응… 기분 좋아.,,27.85,T4,구조검사 통과 시 유지,,22.501850481125093,25.6,P4,회귀검사 통과 시 유지
ABF-305,사진 대조 1차 교정본,644,"00:44:42,870 --> 00:44:45,430",2.56,어? 응? 어?,훗.,뭐예요? 아뇨.,반응형,sub_0644_2682.9s.jpg,0.03,,,25.0,90.0,50.0,78.0,75.0,0.33937,0.0,66.0,0.0,0.0,0.2865,어? 벗기고 싶다고? 응.,해 줬으면 좋겠어? 응.,손상된 일본어 ASR + 타임스탬프 사진 + 앞뒤 문맥 추론,29.31,T4,구조검사 통과 시 유지,,26.572908956328646,28.16,P4,회귀검사 통과 시 유지
ABF-305,사진 대조 1차 교정본,645,"00:44:46,110 --> 00:44:48,030",1.92,뭐예요? 아뇨.,어? 응? 어?,뭐야?,반응형,sub_0645_2686.1s.jpg,0.01,,,25.0,90.0,50.0,78.0,75.0,0.24406,0.0,66.0,0.0,18.0,0.138,몇 킬로 정도예요? 시속.,시속 몇 킬로쯤이에요?,일본어 원문 대조 + 자연스러운 한국어 대사 교정,26.75,T4,구조검사 통과 시 유지,formality_shift,18.948926720947444,23.47,P4,회귀검사 통과 시 유지
ABF-305,사진 대조 1차 교정본,646,"00:44:51,230 --> 00:44:51,810",0.58,뭐야?,뭐예요? 아뇨.,어?,반말형,sub_0646_2691.2s.jpg,0.03,,,25.0,90.0,50.0,78.0,75.0,0.13402,5.3,66.0,0.0,18.0,0.6942,"아, 아... 뭐야?","아, 아… 뭐야?",,23.08,T4,구조검사 통과 시 유지,formality_shift,9.622501850481125,17.43,P4,회귀검사 통과 시 유지
ABF-305,사진 대조 1차 교정본,647,"00:44:52,210 --> 00:44:52,550",0.34,어?,뭐야?,같이...,반응형,sub_0647_2692.2s.jpg,0.01,,,25.0,90.0,50.0,78.0,75.0,0.11776,0.0,66.0,0.0,0.0,0.3197,어? 벗기고 싶다고? 응.,해 줬으면 좋겠어? 응.,손상된 일본어 ASR + 타임스탬프 사진 + 앞뒤 문맥 추론,20.01,T4,구조검사 통과 시 유지,,4.66321243523316,13.56,P4,회귀검사 통과 시 유지
ABF-305,사진 대조 1차 교정본,648,"00:44:54,070 --> 00:44:55,210",1.14,같이...,어?,들어갈까 해서...,중립·혼합형,sub_0648_2694.1s.jpg,0.03,,,25.0,90.0,50.0,78.0,75.0,0.26253,0.0,66.0,0.0,0.0,0.2461,"어이, 어이...","어이, 어이…",,26.09,T4,구조검사 통과 시 유지,,17.320503330866025,22.41,P4,회귀검사 통과 시 유지
ABF-305,사진 대조 1차 교정본,649,"00:44:57,210 --> 00:44:59,350",2.14,들어갈까 해서...,같이...,들어가고 싶어?,반응형,sub_0649_2697.2s.jpg,0.01,,,25.0,90.0,50.0,78.0,75.0,0.39291,0.0,66.0,0.0,0.0,0.4835,예쁘게 해서...,예쁘게 해서…,,31.56,T4,구조검사 통과 시 유지,,35.714285714285715,33.3,P4,회귀검사 통과 시 유지
ABF-305,사진 대조 1차 교정본,650,"00:44:59,350 --> 00:45:00,150",0.8,들어가고 싶어?,들어갈까 해서...,네.,반응형,sub_0650_2699.3s.jpg,0.05,,,25.0,90.0,50.0,78.0,75.0,0.38875,0.0,66.0,0.0,0.0,0.5721,들어가고 싶네요.,다리가 진짜 예쁘네요.,일본어 원문 대조 + 자연스러운 한국어 대사 교정,31.39,T4,구조검사 통과 시 유지,,35.15914137675796,32.97,P4,회귀검사 통과 시 유지
ABF-305,사진 대조 1차 교정본,651,"00:45:00,870 --> 00:45:01,070",0.2,네.,들어가고 싶어?,"들어가자, 같이...",반말형,sub_0651_2700.9s.jpg,0.03,,,25.0,90.0,50.0,78.0,75.0,0.14426,10.16,66.0,0.0,0.0,0.7347,"네, 네.",네.,불필요한 반복 제거,22.95,T4,구조검사 통과 시 유지,,9.363434492968171,17.24,P4,회귀검사 통과 시 유지
ABF-305,사진 대조 1차 교정본,652,"00:45:05,850 --> 00:45:07,250",1.4,"들어가자, 같이...",네.,어때요?,반응형,sub_0652_2705.8s.jpg,0.05,,,25.0,90.0,50.0,78.0,75.0,0.3667,0.0,66.0,0.0,0.0,0.167,"어이, 어이...","어이, 어이…",,30.46,T4,구조검사 통과 시 유지,,30.866025166543302,30.63,P4,회귀검사 통과 시 유지
ABF-305,사진 대조 1차 교정본,653,"00:45:12,930 --> 00:45:14,090",1.16,어때요?,"들어가자, 같이...",저는 어느 쪽인가요?,반응형,sub_0653_2712.9s.jpg,0.03,,,25.0,90.0,50.0,78.0,75.0,0.23577,17.43,66.0,0.0,0.0,0.7953,"잠깐, 어때요?","잠깐, 괜찮아요?",사진 장면 확인 및 한국어 번역투·ASR 오역 교정,28.1,T4,구조검사 통과 시 유지,,23.316062176165804,26.09,P4,회귀검사 통과 시 유지
ABF-305,사진 대조 1차 교정본,654,"00:45:28,840 --> 00:45:30,080",1.24,저는 어느 쪽인가요?,어때요?,그쪽?,반응형,sub_0654_2728.8s.jpg,0.04,,,25.0,90.0,50.0,78.0,75.0,0.53794,0.0,66.0,0.0,0.0,0.2237,어느 쪽이야?,어디가 좋아?,손상된 일본어 ASR + 타임스탬프 사진 + 앞뒤 문맥 추론,37.65,T3,화자·문맥·자연스러움 집중 검토,,61.435973353071795,47.64,P3,말투·질문응답·가독성 위주 검토
ABF-305,사진 대조 1차 교정본,655,"00:45:30,460 --> 00:45:30,960",0.5,그쪽?,저는 어느 쪽인가요?,"그쪽, 그쪽, 그쪽.",중립·혼합형,sub_0655_2730.5s.jpg,0.04,,,25.0,90.0,50.0,78.0,75.0,0.21467,0.0,66.0,0.0,0.0,0.0769,"이제 곧 약속 장소에 도착해서, 그쪽으로 가 보려고 합니다.",이제 곧 약속 장소에 도착해서 그쪽으로 가 보려고 합니다.,,24.08,T4,구조검사 통과 시 유지,,11.991117690599557,19.0,P4,회귀검사 통과 시 유지
ABF-305,사진 대조 1차 교정본,656,"00:45:30,960 --> 00:45:35,500",4.54,"그쪽, 그쪽, 그쪽.",그쪽?,좋네.,중립·혼합형,sub_0656_2731.0s.jpg,0.04,,,25.0,90.0,50.0,78.0,75.0,0.47949,0.0,66.0,0.0,0.0,0.0972,이제 저쪽.,이제 저쪽으로.,사진 장면 확인 및 한국어 번역투·ASR 오역 교정,35.2,T3,화자·문맥·자연스러움 집중 검토,,50.70318282753515,41.71,P3,말투·질문응답·가독성 위주 검토
ABF-305,사진 대조 1차 교정본,657,"00:45:35,500 --> 00:45:39,690",4.19,좋네.,"그쪽, 그쪽, 그쪽.",좋네.,반말형,sub_0657_2735.5s.jpg,0.0,,,25.0,90.0,50.0,78.0,75.0,0.28661,42.0,66.0,0.0,0.0,1.0,좋네.,좋아.,일본어 원문 대조 + 자연스러운 한국어 대사 교정,34.66,T4,구조검사 통과 시 유지,,48.29755736491488,40.39,P3,말투·질문응답·가독성 위주 검토
ABF-305,사진 대조 1차 교정본,658,"00:45:40,630 --> 00:45:41,490",0.86,좋네.,좋네.,이거 조금 더 좁네.,반말형,sub_0658_2740.6s.jpg,0.03,,,25.0,90.0,50.0,78.0,75.0,0.43871,42.0,66.0,0.0,0.0,1.0,좋네.,좋아.,일본어 원문 대조 + 자연스러운 한국어 대사 교정,41.05,T3,화자·문맥·자연스러움 집중 검토,,76.01776461880088,55.74,P3,말투·질문응답·가독성 위주 검토
ABF-305,사진 대조 1차 교정본,659,"00:45:48,720 --> 00:45:50,620",1.9,이거 조금 더 좁네.,좋네.,좁네.,반말형,sub_0659_2748.7s.jpg,0.02,,,25.0,90.0,50.0,78.0,75.0,0.73229,9.99,66.0,0.0,0.0,0.7333,좁네.,목욕하자. 천천히 들어가. 물도 꽤 따뜻해.,일본어 원문 + 타임스탬프 사진 + 장면 연속성,47.61,T3,화자·문맥·자연스러움 집중 검토,,94.52257586972614,67.31,P2,앞뒤 5블록·사진·오류 기억을 함께 검토
ABF-305,사진 대조 1차 교정본,660,"00:45:50,620 --> 00:45:51,820",1.2,좁네.,이거 조금 더 좁네.,"있잖아, 다리 뻗을 테니까.",반말형,sub_0660_2750.6s.jpg,0.02,,,25.0,90.0,50.0,78.0,75.0,0.32923,42.0,66.0,0.0,0.0,1.0,좁네.,목욕하자. 천천히 들어가. 물도 꽤 따뜻해.,일본어 원문 + 타임스탬프 사진 + 장면 연속성,36.45,T3,화자·문맥·자연스러움 집중 검토,,56.36565507031829,44.81,P3,말투·질문응답·가독성 위주 검토
ABF-305,사진 대조 1차 교정본,661,"00:45:51,820 --> 00:45:54,580",2.76,"있잖아, 다리 뻗을 테니까.",좁네.,다리 뻗어봐.,반응형,sub_0661_2751.8s.jpg,0.02,,,25.0,90.0,50.0,78.0,75.0,0.64497,0.0,66.0,0.0,0.0,0.4204,"자, 더 해줄 테니까.","자, 더 해 줄 테니까.",,42.15,T3,화자·문맥·자연스러움 집중 검토,,79.71872686898594,57.93,P3,말투·질문응답·가독성 위주 검토
ABF-305,사진 대조 1차 교정본,662,"00:45:54,580 --> 00:45:55,960",1.38,다리 뻗어봐.,"있잖아, 다리 뻗을 테니까.","아, 좋네.",반응형,sub_0662_2754.6s.jpg,0.02,,,25.0,90.0,50.0,78.0,75.0,0.40741,0.0,66.0,0.0,0.0,0.4193,다리 뻗어 줘...,다리 뻗어 줘…,,32.17,T4,구조검사 통과 시 유지,,38.082901554404145,34.65,P4,회귀검사 통과 시 유지
ABF-305,사진 대조 1차 교정본,663,"00:45:57,100 --> 00:45:58,220",1.12,"아, 좋네.",다리 뻗어봐.,조심해.,반응형,sub_0663_2757.1s.jpg,0.0,,,25.0,90.0,50.0,78.0,75.0,0.42403,26.21,66.0,0.0,0.0,0.8684,좋네.,좋아.,일본어 원문 대조 + 자연스러운 한국어 대사 교정,37.59,T3,화자·문맥·자연스러움 집중 검토,,61.13989637305699,47.48,P3,말투·질문응답·가독성 위주 검토
ABF-305,사진 대조 1차 교정본,664,"00:45:58,220 --> 00:46:00,020",1.8,조심해.,"아, 좋네.",이거 완전 안 쓰면 괜찮아.,반말형,sub_0664_2758.2s.jpg,0.02,,,25.0,90.0,50.0,78.0,75.0,0.34139,0.0,66.0,0.0,0.0,0.5973,조심해. 지금은 안 되니까.,조심해. 아직 내려가면 안 돼.,일본어 원문 대조 + 자연스러운 한국어 대사 교정,29.4,T4,구조검사 통과 시 유지,,27.054034048852703,28.41,P4,회귀검사 통과 시 유지
ABF-305,사진 대조 1차 교정본,665,"00:46:13,870 --> 00:46:16,570",2.7,이거 완전 안 쓰면 괜찮아.,조심해.,왜 세워버린 거야?,반응형,sub_0665_2773.9s.jpg,0.03,,,25.0,90.0,50.0,78.0,75.0,0.69451,0.0,66.0,0.0,0.0,0.5783,괜찮아.,최고예요.,화면 영문 자막 대조,44.23,T3,화자·문맥·자연스러움 집중 검토,,86.08438193930422,61.81,P2,앞뒤 5블록·사진·오류 기억을 함께 검토
ABF-305,사진 대조 1차 교정본,666,"00:46:16,570 --> 00:46:18,410",1.84,왜 세워버린 거야?,이거 완전 안 쓰면 괜찮아.,"자, 보지 마.",반말형,sub_0666_2776.6s.jpg,0.03,,,25.0,90.0,50.0,78.0,75.0,0.62364,0.0,66.0,0.0,0.0,0.246,끼우는 거야?,끼는 거지?,일본어 원문 대조 + 자연스러운 한국어 대사 교정,41.25,T3,화자·문맥·자연스러움 집중 검토,,76.68393782383419,56.13,P3,말투·질문응답·가독성 위주 검토
ABF-305,사진 대조 1차 교정본,667,"00:46:18,410 --> 00:46:19,090",0.68,"자, 보지 마.",왜 세워버린 거야?,좋아할 텐데.,반말형,sub_0667_2778.4s.jpg,0.01,,,25.0,90.0,50.0,78.0,75.0,0.52799,0.0,66.0,0.0,0.0,0.4447,하지 마.,잠깐만.,손상된 일본어 ASR + 타임스탬프 사진 + 앞뒤 문맥 추론,37.24,T3,화자·문맥·자연스러움 집중 검토,,59.918578830495925,46.77,P3,말투·질문응답·가독성 위주 검토
ABF-305,사진 대조 1차 교정본,668,"00:46:23,080 --> 00:46:24,120",1.04,좋아할 텐데.,"자, 보지 마.",앞으로의 요리는 안 나왔네.,반응형,sub_0668_2783.1s.jpg,0.02,,,25.0,90.0,50.0,78.0,75.0,0.56169,0.0,66.0,0.0,0.0,0.2772,그 입으로 그렇게 말하지 않았으면 졸렸을 텐데.,그 입으로 그런 말만 안 했어도 정말 졸린 줄 알았을 텐데.,사진 장면 확인 및 한국어 번역투·ASR 오역 교정,38.65,T3,화자·문맥·자연스러움 집중 검토,,65.28497409326425,49.84,P3,말투·질문응답·가독성 위주 검토
ABF-305,사진 대조 1차 교정본,669,"00:47:50,880 --> 00:47:54,080",3.2,앞으로의 요리는 안 나왔네.,좋아할 텐데.,응.,반응형,sub_0669_2870.9s.jpg,0.02,,,25.0,90.0,50.0,78.0,75.0,0.61551,0.0,66.0,0.0,0.0,0.1828,역시 앞으로 뻗게 해줘.,역시 앞으로 뻗게 해 줘.,,40.91,T3,화자·문맥·자연스러움 집중 검토,,75.42561065877128,55.41,P3,말투·질문응답·가독성 위주 검토
ABF-305,사진 대조 1차 교정본,670,"00:47:54,080 --> 00:47:54,900",0.82,응.,앞으로의 요리는 안 나왔네.,매끈매끈한...,반응형,sub_0670_2874.1s.jpg,0.02,,,25.0,90.0,50.0,78.0,75.0,0.03179,0.0,66.0,0.0,0.0,0.4149,"하-, 응.",하아… 응.,,16.4,T4,구조검사 통과 시 유지,,0.3700962250185048,9.67,P4,회귀검사 통과 시 유지
ABF-305,사진 대조 1차 교정본,671,"00:47:57,340 --> 00:47:58,340",1.0,매끈매끈한...,응.,만들 거야...,중립·혼합형,sub_0671_2877.3s.jpg,0.04,,,25.0,90.0,50.0,78.0,75.0,0.24988,0.0,66.0,0.0,0.0,0.4317,매끈매끈하네...,매끈매끈하네…,,25.56,T4,구조검사 통과 시 유지,,15.470022205773502,21.32,P4,회귀검사 통과 시 유지
ABF-305,사진 대조 1차 교정본,672,"00:48:17,750 --> 00:48:23,770",6.02,만들 거야...,매끈매끈한...,어?,반말형,sub_0672_2897.8s.jpg,0.05,,,25.0,90.0,50.0,78.0,75.0,0.32297,0.0,66.0,0.0,0.0,0.5497,뭐라는 거야... 뭐라고 그러는 거야...,뭐라는 거야… 뭐라고 그러는 거야…,,28.62,T4,구조검사 통과 시 유지,,24.352331606217618,26.83,P4,회귀검사 통과 시 유지
ABF-305,사진 대조 1차 교정본,673,"00:48:49,440 --> 00:48:50,040",0.6,어?,만들 거야...,"앗, 떨어졌다.",반응형,sub_0673_2929.4s.jpg,0.04,,,25.0,90.0,50.0,78.0,75.0,0.17508,0.0,66.0,0.0,0.0,0.3197,어? 벗기고 싶다고? 응.,해 줬으면 좋겠어? 응.,손상된 일본어 ASR + 타임스탬프 사진 + 앞뒤 문맥 추론,22.41,T4,구조검사 통과 시 유지,,7.8090303478904515,16.28,P4,회귀검사 통과 시 유지
ABF-305,사진 대조 1차 교정본,674,"00:48:50,580 --> 00:48:51,840",1.26,"앗, 떨어졌다.",어?,아~ 대박.,반응형,sub_0674_2930.6s.jpg,0.02,,,25.0,90.0,50.0,78.0,75.0,0.32732,0.0,66.0,0.0,0.0,0.5051,떨어졌다!,빠졌다!,사진 장면 확인 및 한국어 번역투·ASR 오역 교정,28.81,T4,구조검사 통과 시 유지,,24.796447076239822,27.12,P4,회귀검사 통과 시 유지
ABF-305,사진 대조 1차 교정본,675,"00:49:01,420 --> 00:49:02,360",0.94,아~ 대박.,"앗, 떨어졌다.",움직이고 있어.,반응형,sub_0675_2941.4s.jpg,0.02,,,25.0,90.0,50.0,78.0,75.0,0.3365,17.56,66.0,0.0,0.0,0.7964,아~ 대박. 기분 좋아.,아… 대박. 기분 좋아.,,32.35,T4,구조검사 통과 시 유지,,38.6380458919319,34.99,P4,회귀검사 통과 시 유지
ABF-305,사진 대조 1차 교정본,676,"00:49:05,460 --> 00:49:06,620",1.16,움직이고 있어.,아~ 대박.,그렇잖아.,반응형,sub_0676_2945.5s.jpg,0.04,,,25.0,90.0,50.0,78.0,79.0,0.5499,0.0,66.0,0.0,0.0,0.5011,"성기를 움직이고 있는 남자가,",성기를 움직이고 있는 남자가,,38.4,T3,화자·문맥·자연스러움 집중 검토,,64.17468541820874,49.23,P3,말투·질문응답·가독성 위주 검토
ABF-305,사진 대조 1차 교정본,677,"00:49:07,420 --> 00:49:08,340",0.92,그렇잖아.,움직이고 있어.,"네, 그게 떨어졌어요.",반응형,sub_0677_2947.4s.jpg,0.02,,,25.0,90.0,50.0,78.0,75.0,0.28667,0.0,66.0,0.0,0.0,0.1587,서 있잖아.,완전히 서 있잖아.,일본어 원문 대조 + 자연스러운 한국어 대사 교정,27.1,T4,구조검사 통과 시 유지,,20.133234641006663,24.17,P4,회귀검사 통과 시 유지
ABF-305,사진 대조 1차 교정본,678,"00:49:09,860 --> 00:49:11,520",1.66,"네, 그게 떨어졌어요.",그렇잖아.,"잠깐, 잠깐만.",반응형,sub_0678_2949.9s.jpg,0.04,,,25.0,90.0,50.0,78.0,75.0,0.62804,0.0,66.0,0.0,0.0,0.2693,"네, 네.",네.,불필요한 반복 제거,41.44,T3,화자·문맥·자연스러움 집중 검토,,77.46113989637306,56.57,P3,말투·질문응답·가독성 위주 검토
ABF-305,사진 대조 1차 교정본,679,"00:49:19,120 --> 00:49:20,560",1.44,"잠깐, 잠깐만.","네, 그게 떨어졌어요.","아, 진짜 기분 좋아.",반응형,sub_0679_2959.1s.jpg,0.02,,,25.0,90.0,50.0,78.0,75.0,0.45749,0.0,66.0,0.0,0.0,0.5829,하아… 잠깐만.,목욕물 받아 놓은 거지?,일본어 원문 + 타임스탬프 사진 + 장면 연속성,34.27,T4,구조검사 통과 시 유지,,46.3360473723168,39.34,P4,회귀검사 통과 시 유지
ABF-305,사진 대조 1차 교정본,680,"00:49:53,430 --> 00:49:55,190",1.76,"아, 진짜 기분 좋아.","잠깐, 잠깐만.",어느새. 어느새.,반응형,sub_0680_2993.4s.jpg,0.03,,,25.0,90.0,50.0,78.0,75.0,0.66154,8.78,66.0,0.0,0.0,0.7232,기분 좋아.,"아, 좋아.",화면 영문 자막 대조,44.43,T3,화자·문맥·자연스러움 집중 검토,,86.93560325684679,62.28,P2,앞뒤 5블록·사진·오류 기억을 함께 검토
ABF-305,사진 대조 1차 교정본,681,"00:50:30,760 --> 00:50:33,040",2.28,어느새. 어느새.,"아, 진짜 기분 좋아.",여기도 만져 줘.,반응형,sub_0681_3030.8s.jpg,0.04,,,25.0,90.0,50.0,78.0,75.0,0.47862,0.0,66.0,0.0,0.0,0.1457,그러다 스즈모리 집에서 작업하다가 어느새 잠든 건가.,그러다 스즈모리 집에서 작업하다 나도 모르게 잠들었나 보다.,내레이션 자연화,35.16,T3,화자·문맥·자연스러움 집중 검토,,50.51813471502591,41.61,P3,말투·질문응답·가독성 위주 검토
ABF-305,사진 대조 1차 교정본,682,"00:50:42,110 --> 00:50:43,310",1.2,여기도 만져 줘.,어느새. 어느새.,네 앞에 장난감 하나.,중립·혼합형,sub_0682_3042.1s.jpg,0.01,목욕 장면과 신체 접촉을 근거로 복원,중간,38.0,90.0,50.0,78.0,62.0,0.75523,0.0,48.0,0.0,0.0,0.6062,여기도 해줘.,여기도 해 줘.,,43.12,T3,화자·문맥·자연스러움 집중 검토,,82.38341968911918,59.61,P2,앞뒤 5블록·사진·오류 기억을 함께 검토
ABF-305,사진 대조 1차 교정본,683,"00:50:55,800 --> 00:50:57,200",1.4,네 앞에 장난감 하나.,여기도 만져 줘.,"겨우, 하나 끼웠어.",반말형,sub_0683_3055.8s.jpg,0.0,,,25.0,90.0,50.0,78.0,75.0,0.78725,0.0,66.0,0.0,0.0,0.1406,이쪽 봐. 얼굴 좀 보여 줘. 장난감만으로도 가버리겠네.,이쪽 봐. 얼굴 좀 보여 줘. 장난감만으로도 가 버리겠네.,,48.12,T3,화자·문맥·자연스러움 집중 검토,,95.04071058475203,67.83,P2,앞뒤 5블록·사진·오류 기억을 함께 검토
ABF-305,사진 대조 1차 교정본,684,"00:51:01,110 --> 00:51:02,490",1.38,"겨우, 하나 끼웠어.",네 앞에 장난감 하나.,끼워졌어?,반응형,sub_0684_3061.1s.jpg,0.01,,,25.0,90.0,50.0,78.0,75.0,0.69279,0.0,66.0,0.0,0.0,0.1043,"있잖아, 역시 하나 가르쳐 주면, 네 이야기를 하고 싶어지는 법이야.",이렇게 하니까 네 목소리가 더 듣고 싶어져.,의미가 깨진 문장을 앞뒤 대화로 정리,44.16,T3,화자·문맥·자연스러움 집중 검토,,85.93634344929681,61.71,P2,앞뒤 5블록·사진·오류 기억을 함께 검토
ABF-305,사진 대조 1차 교정본,685,"00:51:03,350 --> 00:51:04,210",0.86,끼워졌어?,"겨우, 하나 끼웠어.",끼워졌어? 이거.,반응형,sub_0685_3063.3s.jpg,0.05,,,25.0,90.0,50.0,78.0,75.0,0.35295,0.0,66.0,0.0,0.0,0.2356,끼워?,낄까?,일본어 원문 대조 + 자연스러운 한국어 대사 교정,29.88,T4,구조검사 통과 시 유지,,28.904515173945228,29.47,P4,회귀검사 통과 시 유지
ABF-305,사진 대조 1차 교정본,686,"00:51:04,310 --> 00:51:05,770",1.46,끼워졌어? 이거.,끼워졌어?,그렇게 안 봤으면 좋겠어.,반응형,sub_0686_3064.3s.jpg,0.01,,,25.0,90.0,50.0,78.0,75.0,0.5666,0.0,66.0,0.0,0.0,0.4059,"네, 이거.","네, 해 볼게요.",사진 장면 확인 및 한국어 번역투·ASR 오역 교정,38.86,T3,화자·문맥·자연스러움 집중 검토,,66.02516654330127,50.27,P3,말투·질문응답·가독성 위주 검토
ABF-305,사진 대조 1차 교정본,687,"00:51:23,580 --> 00:51:24,780",1.2,그렇게 안 봤으면 좋겠어.,끼워졌어? 이거.,"아니, 귀여우니까, 그리고.",반응형,sub_0687_3083.6s.jpg,0.02,,,25.0,90.0,50.0,78.0,75.0,0.69195,0.0,66.0,0.0,0.0,0.3011,핥아줬으면 좋겠어...,핥아줬으면 좋겠어…,,44.12,T3,화자·문맥·자연스러움 집중 검토,,85.78830495928942,61.62,P2,앞뒤 5블록·사진·오류 기억을 함께 검토
ABF-305,사진 대조 1차 교정본,688,"00:51:24,900 --> 00:51:26,140",1.24,"아니, 귀여우니까, 그리고.",그렇게 안 봤으면 좋겠어.,계속해 줘.,반응형,sub_0688_3084.9s.jpg,0.0,,,25.0,90.0,50.0,78.0,75.0,0.72559,0.0,66.0,0.0,0.0,0.3188,그리고...,그리고…,,45.53,T3,화자·문맥·자연스러움 집중 검토,,89.85936343449296,64.15,P2,앞뒤 5블록·사진·오류 기억을 함께 검토
ABF-305,사진 대조 1차 교정본,689,"00:51:35,510 --> 00:51:36,970",1.46,계속해 줘.,"아니, 귀여우니까, 그리고.",부끄러운데요.,반말형,sub_0689_3095.5s.jpg,0.01,,,25.0,90.0,50.0,78.0,75.0,0.51124,0.0,66.0,0.0,0.0,0.5322,"오, 오... 계속해 봐.","오, 오… 계속해 봐.",,36.53,T3,화자·문맥·자연스러움 집중 검토,,56.73575129533679,45.02,P3,말투·질문응답·가독성 위주 검토
ABF-305,사진 대조 1차 교정본,690,"00:51:38,910 --> 00:51:40,110",1.2,부끄러운데요.,계속해 줘.,귀여운 애가 앞에 있으면 당연히 보지.,중립·혼합형,sub_0690_3098.9s.jpg,0.01,,,25.0,90.0,50.0,78.0,75.0,0.50259,0.0,66.0,0.0,0.0,0.3924,부끄러운가 봐.,아직도 부끄러운가 봐.,일본어 원문 대조 + 자연스러운 한국어 대사 교정,36.17,T3,화자·문맥·자연스러움 집중 검토,,55.58845299777943,44.33,P3,말투·질문응답·가독성 위주 검토
ABF-305,사진 대조 1차 교정본,691,"00:51:43,150 --> 00:51:47,090",3.94,귀여운 애가 앞에 있으면 당연히 보지.,부끄러운데요.,"이상해, 그렇게까지.",반말형,sub_0691_3103.2s.jpg,0.05,,,25.0,90.0,50.0,78.0,75.0,0.79877,0.0,66.0,0.0,0.0,0.2202,앨리스의 좋은 보지.,앨리스 보지에…,,48.61,T3,화자·문맥·자연스러움 집중 검토,,95.70688378978535,68.39,P2,앞뒤 5블록·사진·오류 기억을 함께 검토
ABF-305,사진 대조 1차 교정본,692,"00:51:49,230 --> 00:51:51,210",1.98,"이상해, 그렇게까지.",귀여운 애가 앞에 있으면 당연히 보지.,부끄러워 죽겠어.,반말형,sub_0692_3109.2s.jpg,0.03,,,25.0,90.0,50.0,78.0,75.0,0.6211,0.0,66.0,0.0,0.0,0.3387,"아, 그렇게까지 심하진 않고.",그렇게 세게 하진 않았어.,타임스탬프 사진과 앞뒤 장면으로 대사 기능 복원,41.15,T3,화자·문맥·자연스러움 집중 검토,,76.53589933382679,56.01,P3,말투·질문응답·가독성 위주 검토
ABF-305,사진 대조 1차 교정본,693,"00:51:51,210 --> 00:51:52,510",1.3,부끄러워 죽겠어.,"이상해, 그렇게까지.",뜨거워.,반응형,sub_0693_3111.2s.jpg,0.01,,,25.0,90.0,50.0,78.0,75.0,0.49911,0.0,66.0,0.0,0.0,0.351,부끄러워...,부끄러워…,,36.02,T3,화자·문맥·자연스러움 집중 검토,,54.92227979274611,43.96,P3,말투·질문응답·가독성 위주 검토
ABF-305,사진 대조 1차 교정본,694,"00:51:55,070 --> 00:51:55,710",0.64,뜨거워.,부끄러워 죽겠어.,뜨거워.,중립·혼합형,sub_0694_3115.1s.jpg,0.03,,,25.0,90.0,50.0,78.0,75.0,0.25206,20.49,66.0,0.0,0.0,0.8208,"아니, 뜨거워.",몸이 뜨거워.,손상된 일본어 ASR + 타임스탬프 사진 + 앞뒤 문맥 추론,29.34,T4,구조검사 통과 시 유지,,26.8319763138416,28.29,P4,회귀검사 통과 시 유지
ABF-305,사진 대조 1차 교정본,695,"00:51:56,070 --> 00:51:56,890",0.82,뜨거워.,뜨거워.,뜨거워.,중립·혼합형,sub_0695_3116.1s.jpg,0.03,,,25.0,90.0,50.0,78.0,75.0,0.22692,20.49,66.0,0.0,30.0,0.8208,"아니, 뜨거워.",몸이 뜨거워.,손상된 일본어 ASR + 타임스탬프 사진 + 앞뒤 문맥 추론,30.68,T4,구조검사 통과 시 유지,triple_identical_run,32.27239082161362,31.35,P4,회귀검사 통과 시 유지
ABF-305,사진 대조 1차 교정본,696,"00:51:57,350 --> 00:51:58,110",0.76,뜨거워.,뜨거워.,어느쪽이 좋아요?,중립·혼합형,sub_0696_3117.3s.jpg,0.05,,,25.0,90.0,50.0,78.0,75.0,0.25444,20.49,66.0,0.0,0.0,0.8208,"아니, 뜨거워.",몸이 뜨거워.,손상된 일본어 ASR + 타임스탬프 사진 + 앞뒤 문맥 추론,29.43,T4,구조검사 통과 시 유지,,27.239082161361956,28.51,P4,회귀검사 통과 시 유지
ABF-305,사진 대조 1차 교정본,697,"00:52:01,430 --> 00:52:02,870",1.44,어느쪽이 좋아요?,뜨거워.,이쪽이랑 이쪽.,반응형,sub_0697_3121.4s.jpg,0.03,,,25.0,90.0,50.0,78.0,75.0,0.37947,0.0,66.0,0.0,0.0,0.348,"대박이에요, 기분 좋아요?",대단하네요. 기분 좋아요?,사진 장면 확인 및 한국어 번역투·ASR 오역 교정,31.0,T4,구조검사 통과 시 유지,,33.64174685418209,32.11,P4,회귀검사 통과 시 유지
ABF-305,사진 대조 1차 교정본,698,"00:52:04,570 --> 00:52:06,570",2.0,이쪽이랑 이쪽.,어느쪽이 좋아요?,어느 쪽이 좋은가요?,중립·혼합형,sub_0698_3124.6s.jpg,0.03,,,25.0,90.0,50.0,78.0,75.0,0.47213,0.0,66.0,0.0,0.0,0.328,이쪽...,이쪽…,,34.89,T4,구조검사 통과 시 유지,,49.370836417468546,40.97,P3,말투·질문응답·가독성 위주 검토
ABF-305,사진 대조 1차 교정본,699,"00:52:07,170 --> 00:52:08,630",1.46,어느 쪽이 좋은가요?,이쪽이랑 이쪽.,근데 그쪽도 좋단 말이지. 둘 다 좋아.,반응형,sub_0699_3127.2s.jpg,0.03,,,25.0,90.0,50.0,78.0,75.0,0.46209,0.0,66.0,0.0,0.0,0.3861,안은 어느 쪽이 좋아?,안에서는 어디가 좋아?,일본어 원문 대조 + 자연스러운 한국어 대사 교정,34.47,T4,구조검사 통과 시 유지,,47.33530717986677,39.87,P4,회귀검사 통과 시 유지
ABF-305,사진 대조 1차 교정본,700,"00:52:08,630 --> 00:52:18,110",9.48,근데 그쪽도 좋단 말이지. 둘 다 좋아.,어느 쪽이 좋은가요?,둘 다 좋아.,반말형,sub_0700_3128.6s.jpg,0.03,,,25.0,90.0,50.0,78.0,75.0,0.69298,0.0,66.0,0.0,0.0,0.2546,"아, 좋아.","아, 들어온다.",,44.17,T3,화자·문맥·자연스러움 집중 검토,,86.01036269430051,61.74,P2,앞뒤 5블록·사진·오류 기억을 함께 검토
ABF-305,사진 대조 1차 교정본,701,"00:52:18,110 --> 00:52:21,110",3.0,둘 다 좋아.,근데 그쪽도 좋단 말이지. 둘 다 좋아.,하지만 그렇게 되네.,반응형,sub_0701_3138.1s.jpg,0.01,,,25.0,90.0,50.0,78.0,75.0,0.39179,0.0,66.0,0.0,0.0,0.5422,"아, 좋아.","아, 들어온다.",,31.52,T4,구조검사 통과 시 유지,,35.41820873427091,33.16,P4,회귀검사 통과 시 유지
ABF-305,사진 대조 1차 교정본,702,"00:52:21,210 --> 00:52:22,250",1.04,하지만 그렇게 되네.,둘 다 좋아.,이렇게 되네.,반말형,sub_0702_3141.2s.jpg,0.01,,,25.0,90.0,50.0,78.0,75.0,0.5752,0.0,66.0,0.0,0.0,0.2479,"하지만 앨리스, 이걸 사랑해 줘.","앨리스, 더 느껴 줘.",부자연스러운 명령문을 장면에 맞게 교정,39.22,T3,화자·문맥·자연스러움 집중 검토,,67.80162842339008,51.22,P3,말투·질문응답·가독성 위주 검토
ABF-305,사진 대조 1차 교정본,703,"00:52:24,390 --> 00:52:25,230",0.84,이렇게 되네.,하지만 그렇게 되네.,이렇게 되네.,반말형,sub_0703_3144.4s.jpg,0.01,,,25.0,90.0,50.0,78.0,75.0,0.44882,0.0,66.0,0.0,0.0,0.3433,이렇게 해버려.,이렇게 해 버려.,,33.91,T4,구조검사 통과 시 유지,,45.003700962250186,38.57,P4,회귀검사 통과 시 유지
ABF-305,사진 대조 1차 교정본,704,"00:52:25,650 --> 00:52:26,490",0.84,이렇게 되네.,이렇게 되네.,영차.,반말형,sub_0704_3145.7s.jpg,0.05,,,25.0,90.0,50.0,78.0,75.0,0.56351,0.0,66.0,0.0,0.0,0.3433,이렇게 해버려.,이렇게 해 버려.,,38.73,T3,화자·문맥·자연스러움 집중 검토,,65.65507031828275,50.04,P3,말투·질문응답·가독성 위주 검토
ABF-305,사진 대조 1차 교정본,705,"00:52:41,240 --> 00:52:41,860",0.62,영차.,이렇게 되네.,괜찮아?,중립·혼합형,sub_0705_3161.2s.jpg,0.04,,,25.0,90.0,50.0,78.0,75.0,0.28675,42.0,66.0,0.0,0.0,1.0,영차.,자.,타임스탬프 사진과 앞뒤 장면으로 대사 기능 복원,34.66,T4,구조검사 통과 시 유지,,48.29755736491488,40.39,P3,말투·질문응답·가독성 위주 검토
ABF-305,사진 대조 1차 교정본,706,"00:52:59,960 --> 00:53:00,360",0.4,괜찮아?,영차.,괜찮아?,반응형,sub_0706_3180.0s.jpg,0.04,,,25.0,90.0,50.0,78.0,75.0,0.21589,0.0,66.0,0.0,0.0,0.5401,더 해줘도 돼? 더 해줘. 괜찮아?,더 해 줘도 돼? 더 해 줘. 괜찮아?,,24.13,T4,구조검사 통과 시 유지,,12.25018504811251,19.14,P4,회귀검사 통과 시 유지
ABF-305,사진 대조 1차 교정본,707,"00:53:00,360 --> 00:53:00,480",0.12,괜찮아?,괜찮아?,핥아도 돼요?,반응형,sub_0707_3180.4s.jpg,0.04,,,25.0,90.0,50.0,78.0,75.0,0.25472,0.0,66.0,70.0,0.0,0.5401,더 해줘도 돼? 더 해줘. 괜찮아?,더 해 줘도 돼? 더 해 줘. 괜찮아?,,32.76,T4,구조검사 통과 시 유지,high_cps,40.784603997039234,36.13,P4,회귀검사 통과 시 유지
ABF-305,사진 대조 1차 교정본,708,"00:53:05,990 --> 00:53:06,930",0.94,핥아도 돼요?,괜찮아?,허가제였구나.,반응형,sub_0708_3186.0s.jpg,0.01,,,25.0,90.0,50.0,78.0,79.0,0.6416,0.0,66.0,0.0,0.0,0.4784,말해도 돼요?,이제 해도 돼요?,타임스탬프 사진과 앞뒤 장면으로 대사 기능 복원,42.25,T3,화자·문맥·자연스러움 집중 검토,,80.01480384900074,58.11,P2,앞뒤 5블록·사진·오류 기억을 함께 검토
ABF-305,사진 대조 1차 교정본,709,"00:53:09,010 --> 00:53:10,150",1.14,허가제였구나.,핥아도 돼요?,핥을 수 있어?,중립·혼합형,sub_0709_3189.0s.jpg,0.01,,,25.0,90.0,50.0,78.0,75.0,0.36806,0.0,66.0,0.0,0.0,0.1622,그렇구나.,손 정말 잘 쓰네.,일본어 원문 + 타임스탬프 사진 + 장면 연속성,30.52,T4,구조검사 통과 시 유지,,31.384159881569207,30.88,P4,회귀검사 통과 시 유지
ABF-305,사진 대조 1차 교정본,710,"00:53:11,270 --> 00:53:11,990",0.72,핥을 수 있어?,허가제였구나.,핥을래?,반응형,sub_0710_3191.3s.jpg,0.03,,,25.0,90.0,50.0,78.0,79.0,0.72899,0.0,66.0,0.0,0.0,0.4612,자고 있어?,땀나?,사진 장면 확인 및 한국어 번역투·ASR 오역 교정,45.92,T3,화자·문맥·자연스러움 집중 검토,,90.74759437453737,64.75,P2,앞뒤 5블록·사진·오류 기억을 함께 검토
ABF-305,사진 대조 1차 교정본,711,"00:53:12,730 --> 00:53:13,410",0.68,핥을래?,핥을 수 있어?,"오늘 길거리에서 몇 번이나 핥고 싶어지는
상황이 있었어.",중립·혼합형,sub_0711_3192.7s.jpg,0.03,,,25.0,90.0,50.0,78.0,79.0,0.47736,0.0,66.0,0.0,0.0,0.1916,더 보지 소리 들려주지 않을래?,더 좋은 소리 들려주지 않을래?,타임스탬프 사진과 장면 흐름으로 명백한 오인식 교정,35.35,T3,화자·문맥·자연스러움 집중 검토,,51.443375277572166,42.11,P3,말투·질문응답·가독성 위주 검토
ABF-305,사진 대조 1차 교정본,712,"00:53:16,850 --> 00:53:20,850",4.0,"오늘 길거리에서 몇 번이나 핥고 싶어지는
상황이 있었어.",핥을래?,왜냐면 왠지 엄청 많았는걸.,반말형,sub_0712_3196.8s.jpg,0.05,,,25.0,90.0,50.0,78.0,79.0,0.86951,0.0,66.0,0.0,0.0,0.2544,누워 있었어.,더 뿜어봐.,,51.82,T3,화자·문맥·자연스러움 집중 검토,,98.81569207994079,71.56,P2,앞뒤 5블록·사진·오류 기억을 함께 검토
ABF-305,사진 대조 1차 교정본,713,"00:53:21,230 --> 00:53:23,110",1.88,왜냐면 왠지 엄청 많았는걸.,"오늘 길거리에서 몇 번이나 핥고 싶어지는
상황이 있었어.",진짜?,반말형,sub_0713_3201.2s.jpg,0.03,,,25.0,90.0,50.0,78.0,75.0,0.69823,0.0,66.0,0.0,0.0,0.1623,왠지 알겠어.,어떻게 알았어?,손상된 일본어 ASR + 타임스탬프 사진 + 앞뒤 문맥 추론,44.39,T3,화자·문맥·자연스러움 집중 검토,,86.56550703182828,62.1,P2,앞뒤 5블록·사진·오류 기억을 함께 검토
ABF-305,사진 대조 1차 교정본,714,"00:53:23,430 --> 00:53:23,650",0.22,진짜?,왜냐면 왠지 엄청 많았는걸.,자지 같은 녀석들.,중립·혼합형,sub_0714_3203.4s.jpg,0.03,,,25.0,90.0,50.0,78.0,75.0,0.33081,0.0,66.0,0.0,0.0,0.1465,진짜...,진짜…,,28.95,T4,구조검사 통과 시 유지,,25.499629903774984,27.5,P4,회귀검사 통과 시 유지
ABF-305,사진 대조 1차 교정본,715,"00:53:24,050 --> 00:53:25,290",1.24,자지 같은 녀석들.,진짜?,자지 같은 게 오늘 많이 보여서.,반말형,sub_0715_3204.1s.jpg,0.05,,,25.0,90.0,50.0,78.0,75.0,0.50996,0.0,66.0,0.0,0.0,0.1986,자지 안 넣을 거야.,아직은 안 넣을 거야.,손상된 일본어 ASR + 타임스탬프 사진 + 앞뒤 문맥 추론,36.48,T3,화자·문맥·자연스러움 집중 검토,,56.513693560325684,44.89,P3,말투·질문응답·가독성 위주 검토
ABF-305,사진 대조 1차 교정본,716,"00:53:28,070 --> 00:53:30,410",2.34,자지 같은 게 오늘 많이 보여서.,자지 같은 녀석들.,응.,반말형,sub_0716_3208.1s.jpg,0.03,,,25.0,90.0,50.0,78.0,75.0,0.71826,0.0,66.0,0.0,0.0,0.1757,자지 안 넣을 거야.,아직은 안 넣을 거야.,손상된 일본어 ASR + 타임스탬프 사진 + 앞뒤 문맥 추론,45.23,T3,화자·문맥·자연스러움 집중 검토,,88.97113249444855,63.6,P2,앞뒤 5블록·사진·오류 기억을 함께 검토
ABF-305,사진 대조 1차 교정본,717,"00:53:30,410 --> 00:53:30,750",0.34,응.,자지 같은 게 오늘 많이 보여서.,조건반사인가.,반응형,sub_0717_3210.4s.jpg,0.01,,,25.0,90.0,50.0,78.0,75.0,0.05229,0.0,66.0,0.0,0.0,0.4149,"하-, 응.",하아… 응.,,17.26,T4,구조검사 통과 시 유지,,1.924500370096225,10.82,P4,회귀검사 통과 시 유지
ABF-305,사진 대조 1차 교정본,718,"00:53:31,370 --> 00:53:32,510",1.14,조건반사인가.,응.,많이?,중립·혼합형,sub_0718_3211.4s.jpg,0.03,,,25.0,90.0,50.0,78.0,75.0,0.37219,0.0,66.0,0.0,0.0,0.117,나도 조건이 있어.,대신 조건이 하나 있어.,사진 장면 확인 및 한국어 번역투 교정,30.69,T4,구조검사 통과 시 유지,,32.346410066617324,31.39,P4,회귀검사 통과 시 유지
ABF-305,사진 대조 1차 교정본,719,"00:53:32,990 --> 00:53:33,610",0.62,많이?,조건반사인가.,"응, 많이.",중립·혼합형,sub_0719_3213.0s.jpg,0.01,,,25.0,90.0,50.0,78.0,75.0,0.2607,0.0,66.0,0.0,0.0,0.204,엉덩이?,"응, 엉덩이.",일본어 원문 대조 + 자연스러운 한국어 대사 교정,26.01,T4,구조검사 통과 시 유지,,16.80236861584012,22.14,P4,회귀검사 통과 시 유지
ABF-305,사진 대조 1차 교정본,720,"00:53:33,870 --> 00:53:34,870",1.0,"응, 많이.",많이?,자지가 잔뜩 보이니까 나도 모르게.,반응형,sub_0720_3213.9s.jpg,0.03,,,25.0,90.0,50.0,78.0,75.0,0.46907,0.0,66.0,0.0,0.0,0.2573,"응, 더...","응, 더…",,34.76,T4,구조검사 통과 시 유지,,48.66765358993339,40.6,P3,말투·질문응답·가독성 위주 검토
ABF-305,사진 대조 1차 교정본,721,"00:53:35,210 --> 00:53:38,170",2.96,자지가 잔뜩 보이니까 나도 모르게.,"응, 많이.",나도 모르게 말이지.,반말형,sub_0721_3215.2s.jpg,0.01,,,25.0,90.0,50.0,78.0,75.0,0.67116,0.0,66.0,0.0,0.0,0.2842,자지가 정말...,자지가 정말…,,43.25,T3,화자·문맥·자연스러움 집중 검토,,82.90155440414507,59.9,P2,앞뒤 5블록·사진·오류 기억을 함께 검토
ABF-305,사진 대조 1차 교정본,722,"00:53:38,630 --> 00:53:39,270",0.64,나도 모르게 말이지.,자지가 잔뜩 보이니까 나도 모르게.,응.,반말형,sub_0722_3218.6s.jpg,0.03,,,25.0,90.0,50.0,78.0,75.0,0.54579,0.0,66.0,0.0,0.0,0.3097,의식이 몽롱해지면서 나도 모르게 허리를 들썩이고 있었다.,의식이 흐려지자 나도 모르게 허리를 들썩였다.,,37.98,T3,화자·문맥·자연스러움 집중 검토,,62.62028127313102,48.33,P3,말투·질문응답·가독성 위주 검토
ABF-305,사진 대조 1차 교정본,723,"00:53:39,910 --> 00:53:40,070",0.16,응.,나도 모르게 말이지.,눈앞에 있으니까 핥아 주고 싶었어.,반응형,sub_0723_3219.9s.jpg,0.01,,,25.0,90.0,50.0,78.0,75.0,0.05335,0.0,66.0,0.0,0.0,0.4149,"하-, 응.",하아… 응.,,17.3,T4,구조검사 통과 시 유지,,2.072538860103627,10.9,P4,회귀검사 통과 시 유지
ABF-305,사진 대조 1차 교정본,724,"00:53:40,970 --> 00:53:43,190",2.22,눈앞에 있으니까 핥아 주고 싶었어.,응.,응.,반응형,sub_0724_3221.0s.jpg,0.03,,,25.0,90.0,50.0,78.0,79.0,0.85516,0.0,66.0,0.0,0.0,0.4149,정말 하고 싶었어.,봐도 돼?,일본어 원문 + 타임스탬프 사진 + 장면 연속성,51.22,T3,화자·문맥·자연스러움 집중 검토,,98.51961509992599,71.09,P2,앞뒤 5블록·사진·오류 기억을 함께 검토
ABF-305,사진 대조 1차 교정본,725,"00:53:44,190 --> 00:53:44,690",0.5,응.,눈앞에 있으니까 핥아 주고 싶었어.,눈앞에 오니까.,반응형,sub_0725_3224.2s.jpg,0.01,,,25.0,90.0,50.0,78.0,75.0,0.06345,0.0,66.0,0.0,0.0,0.4149,"하-, 응.",하아… 응.,,17.72,T4,구조검사 통과 시 유지,,2.8867505551443373,11.49,P4,회귀검사 통과 시 유지
ABF-305,사진 대조 1차 교정본,726,"00:53:44,690 --> 00:53:45,910",1.22,눈앞에 오니까.,응.,응.,중립·혼합형,sub_0726_3224.7s.jpg,0.01,,,25.0,90.0,50.0,78.0,75.0,0.48677,0.0,66.0,0.0,0.0,0.2288,여기 오니까 시원하네.,입 막지 마.,일본어 원문 + 타임스탬프 사진 + 장면 연속성,35.5,T3,화자·문맥·자연스러움 집중 검토,,52.627683197631384,42.69,P3,말투·질문응답·가독성 위주 검토
ABF-305,사진 대조 1차 교정본,727,"00:53:46,170 --> 00:53:46,690",0.52,응.,눈앞에 오니까.,기쁘네.,반응형,sub_0727_3226.2s.jpg,0.03,,,25.0,90.0,50.0,78.0,75.0,0.07669,0.0,66.0,0.0,0.0,0.4149,"하-, 응.",하아… 응.,,18.28,T4,구조검사 통과 시 유지,,3.4048852701702446,12.03,P4,회귀검사 통과 시 유지
ABF-305,사진 대조 1차 교정본,728,"00:53:47,790 --> 00:53:48,690",0.9,기쁘네.,응.,기쁘네.,반말형,sub_0728_3227.8s.jpg,0.01,,,25.0,90.0,50.0,78.0,75.0,0.33296,42.0,66.0,0.0,0.0,1.0,기쁘네.,좋아.,일본어 원문 대조 + 자연스러운 한국어 대사 교정,36.6,T3,화자·문맥·자연스러움 집중 검토,,57.06883789785344,45.2,P3,말투·질문응답·가독성 위주 검토
ABF-305,사진 대조 1차 교정본,729,"00:53:51,470 --> 00:53:52,130",0.66,기쁘네.,기쁘네.,조금 핥을게.,반말형,sub_0729_3231.5s.jpg,0.03,,,25.0,90.0,50.0,78.0,75.0,0.46239,42.0,66.0,0.0,0.0,1.0,기쁘네.,좋아.,일본어 원문 대조 + 자연스러운 한국어 대사 교정,42.04,T3,화자·문맥·자연스러움 집중 검토,,79.49666913397483,57.77,P3,말투·질문응답·가독성 위주 검토
ABF-305,사진 대조 1차 교정본,730,"00:53:52,130 --> 00:53:52,930",0.8,조금 핥을게.,기쁘네.,이쪽도 갈 때까지?,중립·혼합형,sub_0730_3232.1s.jpg,0.03,,,25.0,90.0,50.0,78.0,79.0,0.71297,0.0,66.0,0.0,0.0,0.2367,엉덩이를 먹을게.,엉덩이도 핥아 줄게.,,45.24,T3,화자·문맥·자연스러움 집중 검토,,89.11917098445595,63.67,P2,앞뒤 5블록·사진·오류 기억을 함께 검토
ABF-305,사진 대조 1차 교정본,731,"00:53:54,150 --> 00:53:55,930",1.78,이쪽도 갈 때까지?,조금 핥을게.,응.,반말형,sub_0731_3234.2s.jpg,0.05,,,25.0,90.0,50.0,78.0,75.0,0.51281,0.0,66.0,0.0,0.0,0.3079,이쪽도 보여주세요.,이쪽도 보여 줘.,화자 말투 통일,36.6,T3,화자·문맥·자연스러움 집중 검토,,57.06883789785344,45.2,P3,말투·질문응답·가독성 위주 검토
ABF-305,사진 대조 1차 교정본,732,"00:53:56,790 --> 00:53:57,310",0.52,응.,이쪽도 갈 때까지?,김까지 들어있는 것 같아.,반응형,sub_0732_3236.8s.jpg,0.01,,,25.0,90.0,50.0,78.0,75.0,0.03668,0.0,66.0,0.0,0.0,0.4149,"하-, 응.",하아… 응.,,16.6,T4,구조검사 통과 시 유지,,0.8142116950407106,9.97,P4,회귀검사 통과 시 유지
ABF-305,사진 대조 1차 교정본,733,"00:54:17,580 --> 00:54:18,920",1.34,김까지 들어있는 것 같아.,응.,고마워.,반응형,sub_0733_3257.6s.jpg,0.02,,,25.0,90.0,50.0,78.0,75.0,0.66843,0.0,66.0,0.0,0.0,0.3812,갈 것 같아.,진짜 갈 것 같아.,일본어 원문 대조 + 자연스러운 한국어 대사 교정,43.13,T3,화자·문맥·자연스러움 집중 검토,,82.45743893412288,59.65,P2,앞뒤 5블록·사진·오류 기억을 함께 검토
ABF-305,사진 대조 1차 교정본,734,"00:54:20,620 --> 00:54:21,140",0.52,고마워.,김까지 들어있는 것 같아.,고마워.,중립·혼합형,sub_0734_3260.6s.jpg,0.02,,,25.0,90.0,50.0,78.0,75.0,0.2988,42.0,66.0,0.0,0.0,1.0,고마워.,손으로 잡아 줘.,일본어 원문 + 타임스탬프 사진 + 장면 연속성,35.17,T3,화자·문맥·자연스러움 집중 검토,,50.629163582531454,41.66,P3,말투·질문응답·가독성 위주 검토
ABF-305,사진 대조 1차 교정본,735,"00:54:23,540 --> 00:54:24,060",0.52,고마워.,고마워.,고마워.,중립·혼합형,sub_0735_3263.5s.jpg,0.04,,,25.0,90.0,50.0,78.0,75.0,0.37013,42.0,66.0,0.0,30.0,1.0,고마워.,손으로 잡아 줘.,일본어 원문 + 타임스탬프 사진 + 장면 연속성,40.57,T3,화자·문맥·자연스러움 집중 검토,triple_identical_run,74.05625462620281,54.63,P3,말투·질문응답·가독성 위주 검토
ABF-305,사진 대조 1차 교정본,736,"00:54:30,860 --> 00:54:31,380",0.52,고마워.,고마워.,꽤 좋네.,중립·혼합형,sub_0736_3270.9s.jpg,0.04,,,25.0,90.0,50.0,78.0,75.0,0.43161,42.0,66.0,0.0,0.0,1.0,고마워.,손으로 잡아 줘.,일본어 원문 + 타임스탬프 사진 + 장면 연속성,40.75,T3,화자·문맥·자연스러움 집중 검토,,74.46336047372317,54.91,P3,말투·질문응답·가독성 위주 검토
ABF-305,사진 대조 1차 교정본,737,"00:54:31,380 --> 00:54:32,340",0.96,꽤 좋네.,고마워.,응.,반말형,sub_0737_3271.4s.jpg,0.02,,,25.0,90.0,50.0,78.0,75.0,0.51208,21.22,66.0,0.0,0.0,0.8268,좋네.,좋아.,일본어 원문 대조 + 자연스러운 한국어 대사 교정,40.39,T3,화자·문맥·자연스러움 집중 검토,,73.1680236861584,54.16,P3,말투·질문응답·가독성 위주 검토
ABF-305,사진 대조 1차 교정본,738,"00:54:32,560 --> 00:54:32,680",0.12,응.,꽤 좋네.,눈앞에 있는 걸 상상하고 있어.,반응형,sub_0738_3272.6s.jpg,0.04,,,25.0,90.0,50.0,78.0,75.0,0.06709,0.0,66.0,25.0,0.0,0.4149,"하-, 응.",하아… 응.,,20.38,T4,구조검사 통과 시 유지,borderline_cps,5.255366395262769,14.03,P4,회귀검사 통과 시 유지
ABF-305,사진 대조 1차 교정본,739,"00:54:33,500 --> 00:54:35,200",1.7,눈앞에 있는 걸 상상하고 있어.,응.,이거?,반응형,sub_0739_3273.5s.jpg,0.0,,,25.0,90.0,50.0,78.0,75.0,0.68697,0.0,66.0,0.0,0.0,0.2273,뒤에 있어.,뒤쪽도 보여 줘.,일본어 원문 대조 + 자연스러운 한국어 대사 교정,43.91,T3,화자·문맥·자연스러움 집중 검토,,84.93708364174685,61.14,P2,앞뒤 5블록·사진·오류 기억을 함께 검토
ABF-305,사진 대조 1차 교정본,740,"00:54:35,200 --> 00:54:35,520",0.32,이거?,눈앞에 있는 걸 상상하고 있어.,입안 기분 좋아?,중립·혼합형,sub_0740_3275.2s.jpg,0.0,,,25.0,90.0,50.0,78.0,75.0,0.25619,0.0,66.0,0.0,0.0,0.1964,어떻게 먹는 거?,어떤 식으로?,일본어 원문 대조 + 자연스러운 한국어 대사 교정,25.82,T4,구조검사 통과 시 유지,,16.21021465581051,21.78,P4,회귀검사 통과 시 유지
ABF-305,사진 대조 1차 교정본,741,"00:54:37,700 --> 00:54:39,120",1.42,입안 기분 좋아?,이거?,"응, 진짜 기분 좋아.",반응형,sub_0741_3277.7s.jpg,0.0,,,25.0,90.0,50.0,78.0,75.0,0.34622,0.0,66.0,0.0,0.0,0.4516,"아, 거기... 기분 좋아?","아, 거기… 기분 좋아?",,29.6,T4,구조검사 통과 시 유지,,27.942264988897115,28.9,P4,회귀검사 통과 시 유지
ABF-305,사진 대조 1차 교정본,742,"00:54:39,440 --> 00:54:40,700",1.26,"응, 진짜 기분 좋아.",입안 기분 좋아?,기분 좋아.,반응형,sub_0742_3279.4s.jpg,0.04,,,25.0,90.0,50.0,78.0,75.0,0.46364,4.68,66.0,0.0,0.0,0.689,기분 좋아.,"아, 좋아.",화면 영문 자막 대조,35.38,T3,화자·문맥·자연스러움 집중 검토,,51.66543301258327,42.22,P3,말투·질문응답·가독성 위주 검토
ABF-305,사진 대조 1차 교정본,743,"00:55:13,020 --> 00:55:14,140",1.12,기분 좋아.,"응, 진짜 기분 좋아.","좋아, 다들.",반응형,sub_0743_3313.0s.jpg,0.02,,,25.0,90.0,50.0,78.0,75.0,0.25339,42.0,66.0,0.0,0.0,1.0,기분 좋아.,"아, 좋아.",화면 영문 자막 대조,33.26,T4,구조검사 통과 시 유지,,42.78312361213916,37.26,P4,회귀검사 통과 시 유지
ABF-305,사진 대조 1차 교정본,744,"00:55:14,620 --> 00:55:15,320",0.7,"좋아, 다들.",기분 좋아.,기분 좋아.,반응형,sub_0744_3314.6s.jpg,0.02,,,25.0,90.0,50.0,78.0,75.0,0.29483,0.0,66.0,0.0,0.0,0.3184,"좋아, 조금만 더...","좋아, 조금만 더…",,27.44,T4,구조검사 통과 시 유지,,21.206513693560325,24.82,P4,회귀검사 통과 시 유지
ABF-305,사진 대조 1차 교정본,745,"00:55:48,040 --> 00:55:55,760",7.72,기분 좋아.,"좋아, 다들.",오오~!,반응형,sub_0745_3348.0s.jpg,0.04,,,25.0,90.0,50.0,78.0,75.0,0.29633,42.0,66.0,0.0,0.0,1.0,기분 좋아.,"아, 좋아.",화면 영문 자막 대조,35.07,T3,화자·문맥·자연스러움 집중 검토,,50.111028867505546,41.39,P3,말투·질문응답·가독성 위주 검토
ABF-305,사진 대조 1차 교정본,746,"00:55:57,220 --> 00:56:00,340",3.12,오오~!,기분 좋아.,대단한 버릇.,중립·혼합형,sub_0746_3357.2s.jpg,0.02,,,25.0,90.0,50.0,78.0,75.0,0.14666,0.0,66.0,0.0,0.0,0.2207,오오!,오오…!,일본어 원문 대조 + 자연스러운 한국어 대사 교정,21.22,T4,구조검사 통과 시 유지,,6.14359733530718,14.89,P4,회귀검사 통과 시 유지
ABF-305,사진 대조 1차 교정본,747,"00:56:13,840 --> 00:56:16,320",2.48,대단한 버릇.,오오~!,대단해.,중립·혼합형,sub_0747_3373.8s.jpg,0.04,,,25.0,90.0,50.0,78.0,75.0,0.63469,0.0,66.0,0.0,0.0,0.1156,대단해.,기분 좋네.,일본어 원문 + 타임스탬프 사진 + 장면 연속성,41.72,T3,화자·문맥·자연스러움 집중 검토,,78.68245743893412,57.24,P3,말투·질문응답·가독성 위주 검토
ABF-305,사진 대조 1차 교정본,748,"00:56:16,780 --> 00:56:17,060",0.28,대단해.,대단한 버릇.,조금 딱딱해.,반말형,sub_0748_3376.8s.jpg,0.02,,,25.0,90.0,50.0,78.0,75.0,0.39273,42.0,66.0,0.0,0.0,1.0,대단해.,기분 좋네.,일본어 원문 + 타임스탬프 사진 + 장면 연속성,39.11,T3,화자·문맥·자연스러움 집중 검토,,67.46854182087343,51.02,P3,말투·질문응답·가독성 위주 검토
ABF-305,사진 대조 1차 교정본,749,"00:56:17,060 --> 00:56:17,660",0.6,조금 딱딱해.,대단해.,"안 돼, 넣어버릴 거야.",반말형,sub_0749_3377.1s.jpg,0.04,,,25.0,90.0,50.0,78.0,75.0,0.49588,0.0,66.0,0.0,0.0,0.5689,딱딱해...,딱딱해…,,35.89,T3,화자·문맥·자연스러움 집중 검토,,54.36713545521835,43.65,P3,말투·질문응답·가독성 위주 검토
ABF-305,사진 대조 1차 교정본,750,"00:56:21,720 --> 00:56:24,160",2.44,"안 돼, 넣어버릴 거야.",조금 딱딱해.,"넣을 타이밍이라고 생각하겠지만, 안 돼.",반응형,sub_0750_3381.7s.jpg,0.02,,,25.0,90.0,50.0,78.0,79.0,0.73762,0.0,66.0,0.0,0.0,0.3448,자지 안 넣을 거야.,아직은 안 넣을 거야.,손상된 일본어 ASR + 타임스탬프 사진 + 앞뒤 문맥 추론,46.28,T3,화자·문맥·자연스러움 집중 검토,,91.41376757957069,65.24,P2,앞뒤 5블록·사진·오류 기억을 함께 검토
ABF-305,사진 대조 1차 교정본,751,"00:56:26,220 --> 00:56:28,700",2.48,"넣을 타이밍이라고 생각하겠지만, 안 돼.","안 돼, 넣어버릴 거야.",억지잖아?,반말형,sub_0751_3386.2s.jpg,0.02,,,25.0,90.0,50.0,78.0,79.0,0.83513,0.0,66.0,0.0,0.0,0.268,안 돼.,"네, 놀랐어요.",타임스탬프 사진과 앞뒤 장면으로 대사 기능 복원,50.38,T3,화자·문맥·자연스러움 집중 검토,,97.63138415988158,70.23,P2,앞뒤 5블록·사진·오류 기억을 함께 검토
ABF-305,사진 대조 1차 교정본,752,"00:56:36,180 --> 00:56:37,060",0.88,억지잖아?,"넣을 타이밍이라고 생각하겠지만, 안 돼.",이제 앨리스가 해주는 건 전부 기분 좋아.,반응형,sub_0752_3396.2s.jpg,0.02,,,25.0,90.0,50.0,78.0,75.0,0.28986,0.0,66.0,0.0,0.0,0.1722,말해버렸잖아?,말해 버렸잖아?,,27.23,T4,구조검사 통과 시 유지,,20.429311621021466,24.37,P4,회귀검사 통과 시 유지
ABF-305,사진 대조 1차 교정본,753,"00:56:50,860 --> 00:56:56,200",5.34,이제 앨리스가 해주는 건 전부 기분 좋아.,억지잖아?,"응, 이것도 좋아.",반말형,sub_0753_3410.9s.jpg,0.04,,,25.0,90.0,50.0,78.0,75.0,0.68252,0.0,66.0,0.0,0.0,0.3926,기분 좋아.,"아, 좋아.",화면 영문 자막 대조,43.73,T3,화자·문맥·자연스러움 집중 검토,,84.4559585492228,60.83,P2,앞뒤 5블록·사진·오류 기억을 함께 검토
ABF-305,사진 대조 1차 교정본,754,"00:56:57,640 --> 00:56:58,540",0.9,"응, 이것도 좋아.",이제 앨리스가 해주는 건 전부 기분 좋아.,벨런스 콜.,반응형,sub_0754_3417.6s.jpg,0.04,,,25.0,90.0,50.0,78.0,75.0,0.40409,0.0,66.0,0.0,0.0,0.4731,이것도 그렇게...,이것도 그렇게…,,32.03,T4,구조검사 통과 시 유지,,37.416728349370835,34.29,P4,회귀검사 통과 시 유지
ABF-305,사진 대조 1차 교정본,755,"00:57:00,580 --> 00:57:02,260",1.68,벨런스 콜.,"응, 이것도 좋아.",어떻게 하면 좋아?,중립·혼합형,sub_0755_3420.6s.jpg,0.02,,,25.0,90.0,50.0,78.0,75.0,0.38743,0.0,66.0,0.0,0.0,0.0407,"앨리스 양, 여기 봐봐...","앨리스 양, 여기 봐봐…",,31.33,T4,구조검사 통과 시 유지,,35.085122131754254,32.91,P4,회귀검사 통과 시 유지
ABF-305,사진 대조 1차 교정본,756,"00:57:28,280 --> 00:57:29,120",0.84,어떻게 하면 좋아?,벨런스 콜.,어때?,반응형,sub_0756_3448.3s.jpg,0.02,,,25.0,90.0,50.0,78.0,75.0,0.5741,4.85,66.0,0.0,0.0,0.6904,어떻게 먹는 게 좋아?,어떻게 해 주는 게 좋아?,일본어 원문 대조 + 자연스러운 한국어 대사 교정,40.04,T3,화자·문맥·자연스러움 집중 검토,,71.65062916358254,53.32,P3,말투·질문응답·가독성 위주 검토
ABF-305,사진 대조 1차 교정본,757,"00:57:29,540 --> 00:57:30,020",0.48,어때?,어떻게 하면 좋아?,"아~ 대박이야, 그거.",반응형,sub_0757_3449.5s.jpg,0.04,,,25.0,90.0,50.0,78.0,75.0,0.28218,1.97,66.0,0.0,0.0,0.6664,어때? 맛은?,어때? 맛 평가해 줘.,일본어 원문 대조 + 자연스러운 한국어 대사 교정,27.27,T4,구조검사 통과 시 유지,,20.651369356032568,24.49,P4,회귀검사 통과 시 유지
ABF-305,사진 대조 1차 교정본,758,"00:58:10,800 --> 00:58:13,720",2.92,"아~ 대박이야, 그거.",어때?,"아~ 대박이야, 그거.",반응형,sub_0758_3490.8s.jpg,0.0,,,25.0,90.0,50.0,78.0,75.0,0.48412,0.0,66.0,0.0,0.0,0.2546,아~ 대박. 기분 좋아.,아… 대박. 기분 좋아.,,35.39,T3,화자·문맥·자연스러움 집중 검토,,51.813471502590666,42.29,P3,말투·질문응답·가독성 위주 검토
ABF-305,사진 대조 1차 교정본,759,"00:58:15,480 --> 00:58:17,680",2.2,"아~ 대박이야, 그거.","아~ 대박이야, 그거.",아~,반응형,sub_0759_3495.5s.jpg,0.02,,,25.0,90.0,50.0,78.0,75.0,0.50044,0.0,66.0,0.0,0.0,0.2546,아~ 대박. 기분 좋아.,아… 대박. 기분 좋아.,,36.08,T3,화자·문맥·자연스러움 집중 검토,,55.255366395262776,44.13,P3,말투·질문응답·가독성 위주 검토
ABF-305,사진 대조 1차 교정본,760,"00:58:17,680 --> 00:58:21,780",4.1,아~,"아~ 대박이야, 그거.","있잖아, 엉덩이 좋아하거든요.",반응형,sub_0760_3497.7s.jpg,0.02,,,25.0,90.0,50.0,78.0,75.0,0.23945,0.06,66.0,0.0,0.0,0.6505,아~ 기분 좋아~,아… 기분 좋아…,,25.13,T4,구조검사 통과 시 유지,,14.507772020725387,20.67,P4,회귀검사 통과 시 유지
ABF-305,사진 대조 1차 교정본,761,"00:58:23,520 --> 00:58:27,160",3.64,"있잖아, 엉덩이 좋아하거든요.",아~,"빨리, 빨리, 빨리?",반응형,sub_0761_3503.5s.jpg,0.02,,,25.0,90.0,50.0,78.0,79.0,0.79581,0.0,66.0,0.0,0.0,0.3828,엉덩이가 보고 싶어. 엉덩이를 좋아하거든. 그래? 좋아.,엉덩이가 보고 싶어. 내가 엉덩이를 좋아하거든. 그래? 좋아.,화자 분리 및 줄바꿈,48.72,T3,화자·문맥·자연스러움 집중 검토,,95.92894152479646,68.55,P2,앞뒤 5블록·사진·오류 기억을 함께 검토
ABF-305,사진 대조 1차 교정본,762,"00:58:28,140 --> 00:58:29,240",1.1,"빨리, 빨리, 빨리?","있잖아, 엉덩이 좋아하거든요.",빨리 끝내고 싶네~,중립·혼합형,sub_0762_3508.1s.jpg,0.04,,,25.0,90.0,50.0,78.0,75.0,0.42262,0.0,66.0,0.0,0.0,0.2362,빨리 핥아 봐.,빨리 핥아 줘.,화자 말투 자연화,32.81,T4,구조검사 통과 시 유지,,40.85862324204293,36.19,P4,회귀검사 통과 시 유지
ABF-305,사진 대조 1차 교정본,763,"00:58:29,920 --> 00:58:32,060",2.14,빨리 끝내고 싶네~,"빨리, 빨리, 빨리?",대단해.,반말형,sub_0763_3509.9s.jpg,0.02,,,25.0,90.0,50.0,78.0,75.0,0.6922,0.0,66.0,0.0,0.0,0.2807,빨리 핥아 봐.,빨리 핥아 줘.,화자 말투 자연화,44.13,T3,화자·문맥·자연스러움 집중 검토,,85.86232420429312,61.66,P2,앞뒤 5블록·사진·오류 기억을 함께 검토
ABF-305,사진 대조 1차 교정본,764,"00:58:32,060 --> 00:58:32,520",0.46,대단해.,빨리 끝내고 싶네~,어떨까?,반말형,sub_0764_3512.1s.jpg,0.04,,,25.0,90.0,50.0,78.0,75.0,0.37633,42.0,66.0,0.0,0.0,1.0,대단해.,기분 좋네.,일본어 원문 + 타임스탬프 사진 + 장면 연속성,38.43,T3,화자·문맥·자연스러움 집중 검토,,64.39674315321983,49.34,P3,말투·질문응답·가독성 위주 검토
ABF-305,사진 대조 1차 교정본,765,"00:58:34,020 --> 00:58:34,920",0.9,어떨까?,대단해.,"괜찮아, 곧 들어가버려.",반응형,sub_0765_3514.0s.jpg,0.02,,,25.0,90.0,50.0,78.0,75.0,0.35271,0.0,66.0,0.0,0.0,0.1215,뭐 할까?,내가 먼저?,일본어 원문 + 타임스탬프 사진 + 장면 연속성,29.87,T4,구조검사 통과 시 유지,,28.793486306439675,29.42,P4,회귀검사 통과 시 유지
ABF-305,사진 대조 1차 교정본,766,"00:58:38,020 --> 00:58:40,460",2.44,"괜찮아, 곧 들어가버려.",어떨까?,들어가 버린다고?,반응형,sub_0766_3518.0s.jpg,0.02,,,25.0,90.0,50.0,78.0,75.0,0.58394,0.0,66.0,0.0,0.0,0.4046,가버려.,가 버려.,,39.59,T3,화자·문맥·자연스러움 집중 검토,,69.8741672834937,52.31,P3,말투·질문응답·가독성 위주 검토
ABF-305,사진 대조 1차 교정본,767,"00:58:40,620 --> 00:58:41,780",1.16,들어가 버린다고?,"괜찮아, 곧 들어가버려.","아니, 안 들어가, 절대 안 들어가.",반응형,sub_0767_3520.6s.jpg,0.02,,,25.0,90.0,50.0,78.0,75.0,0.45229,0.0,66.0,0.0,0.0,0.3211,"하아, 들어가 버려.",하아… 들어가.,일본어 원문 대조 + 자연스러운 한국어 대사 교정,34.06,T4,구조검사 통과 시 유지,,45.706883789785344,38.95,P4,회귀검사 통과 시 유지
ABF-305,사진 대조 1차 교정본,768,"00:58:42,100 --> 00:58:43,760",1.66,"아니, 안 들어가, 절대 안 들어가.",들어가 버린다고?,기분 좋으신가요?,중립·혼합형,sub_0768_3522.1s.jpg,0.0,,,25.0,90.0,50.0,78.0,75.0,0.6748,0.0,66.0,0.0,0.0,0.2342,절대 귀엽잖아.,분명 귀여울 텐데.,,43.4,T3,화자·문맥·자연스러움 집중 검토,,83.4937083641747,60.24,P2,앞뒤 5블록·사진·오류 기억을 함께 검토
ABF-305,사진 대조 1차 교정본,769,"00:58:46,240 --> 00:58:54,780",8.54,기분 좋으신가요?,"아니, 안 들어가, 절대 안 들어가.",엉덩이를 조금 더 올려 주세요.,반응형,sub_0769_3526.2s.jpg,0.04,,,25.0,90.0,50.0,78.0,75.0,0.50244,0.0,66.0,0.0,0.0,0.212,기분 좋아.,"아, 좋아.",화면 영문 자막 대조,36.16,T3,화자·문맥·자연스러움 집중 검토,,55.51443375277573,44.29,P3,말투·질문응답·가독성 위주 검토
ABF-305,사진 대조 1차 교정본,770,"00:59:03,540 --> 00:59:05,340",1.8,엉덩이를 조금 더 올려 주세요.,기분 좋으신가요?,네.,존댓말형,sub_0770_3543.5s.jpg,0.04,,,25.0,90.0,50.0,78.0,79.0,0.83632,0.0,66.0,0.0,18.0,0.4772,조금 쉬어 주세요.,잠깐만요.,,51.87,T3,화자·문맥·자연스러움 집중 검토,formality_shift,98.88971132494449,71.62,P2,앞뒤 5블록·사진·오류 기억을 함께 검토
ABF-305,사진 대조 1차 교정본,771,"00:59:06,080 --> 00:59:06,560",0.48,네.,엉덩이를 조금 더 올려 주세요.,이렇게.,반말형,sub_0771_3546.1s.jpg,0.02,,,25.0,90.0,50.0,78.0,75.0,0.31499,10.16,66.0,0.0,18.0,0.7347,"네, 네.",네.,불필요한 반복 제거,31.56,T4,구조검사 통과 시 유지,formality_shift,35.714285714285715,33.3,P4,회귀검사 통과 시 유지
ABF-305,사진 대조 1차 교정본,772,"00:59:10,000 --> 00:59:10,480",0.48,이렇게.,네.,마지막으로 엉덩이를 올려 주세요.,중립·혼합형,sub_0772_3550.0s.jpg,0.0,,,25.0,90.0,50.0,78.0,75.0,0.44118,0.0,66.0,0.0,0.0,0.5889,이렇게...,이렇게…,,33.59,T4,구조검사 통과 시 유지,,43.78238341968912,37.87,P4,회귀검사 통과 시 유지
ABF-305,사진 대조 1차 교정본,773,"00:59:11,740 --> 00:59:13,120",1.38,마지막으로 엉덩이를 올려 주세요.,이렇게.,조금 기다려줘.,반응형,sub_0773_3551.7s.jpg,0.04,,,25.0,90.0,50.0,78.0,79.0,0.90994,0.0,66.0,0.0,0.0,0.4287,마지막으로 앞니도 닦아 줘.,마지막으로 앞니도 닦자.,일본어 원문 대조 + 자연스러운 한국어 대사 교정,53.52,T3,화자·문맥·자연스러움 집중 검토,,99.48186528497409,72.82,P1,장면 패킷을 열고 후보 3개를 생성해 반증 검토
ABF-305,사진 대조 1차 교정본,774,"00:59:14,100 --> 00:59:15,460",1.36,조금 기다려줘.,마지막으로 엉덩이를 올려 주세요.,"여기서부터, 여기서부터.",중립·혼합형,sub_0774_3554.1s.jpg,0.0,,,25.0,90.0,50.0,78.0,75.0,0.67564,0.0,66.0,0.0,0.0,0.2627,조금만 기다려요.,잠깐만.,일본어 원문 대조 + 자연스러운 한국어 대사 교정,43.44,T3,화자·문맥·자연스러움 집중 검토,,83.67875647668393,60.34,P2,앞뒤 5블록·사진·오류 기억을 함께 검토
ABF-305,사진 대조 1차 교정본,775,"00:59:18,920 --> 00:59:19,820",0.9,"여기서부터, 여기서부터.",조금 기다려줘.,엉덩이를 너무 올렸어.,중립·혼합형,sub_0775_3558.9s.jpg,0.02,,,25.0,90.0,50.0,78.0,75.0,0.63621,0.0,66.0,0.0,0.0,0.2541,거기서부터 빠는 거야?,거기부터 핥는 거야?,일본어 원문 대조 + 자연스러운 한국어 대사 교정,41.78,T3,화자·문맥·자연스러움 집중 검토,,78.86750555144337,57.36,P3,말투·질문응답·가독성 위주 검토
ABF-305,사진 대조 1차 교정본,776,"00:59:20,980 --> 00:59:22,060",1.08,엉덩이를 너무 올렸어.,"여기서부터, 여기서부터.",힘든데 말이죠.,반응형,sub_0776_3561.0s.jpg,0.02,,,25.0,90.0,50.0,78.0,79.0,0.84763,0.0,66.0,0.0,0.0,0.4038,네 엉덩이를 핥게 해줘.,네 엉덩이를 핥게 해 줘.,,50.9,T3,화자·문맥·자연스러움 집중 검토,,98.14951887490747,70.74,P2,앞뒤 5블록·사진·오류 기억을 함께 검토
ABF-305,사진 대조 1차 교정본,777,"00:59:24,060 --> 00:59:25,340",1.28,힘든데 말이죠.,엉덩이를 너무 올렸어.,힘들어.,중립·혼합형,sub_0777_3564.1s.jpg,0.04,,,25.0,90.0,50.0,78.0,75.0,0.60244,0.0,66.0,0.0,0.0,0.3208,"호텔, 아, 참고로 말이죠. 네, 가 볼게요.","그럼 이제 호텔로 갈까요? 네, 가요.",사진 장면 확인 및 한국어 번역투·ASR 오역 교정,40.36,T3,화자·문맥·자연스러움 집중 검토,,72.98297557364914,54.06,P3,말투·질문응답·가독성 위주 검토
ABF-305,사진 대조 1차 교정본,778,"00:59:26,260 --> 00:59:27,220",0.96,힘들어.,힘든데 말이죠.,힘듭니다.,반응형,sub_0778_3566.3s.jpg,0.04,,,25.0,90.0,50.0,78.0,75.0,0.35154,15.98,66.0,0.0,0.0,0.7832,걷기 힘들어.,응.,일본어 원문 + 타임스탬프 사진 + 장면 연속성,32.7,T4,구조검사 통과 시 유지,,40.59955588452998,36.02,P4,회귀검사 통과 시 유지
ABF-305,사진 대조 1차 교정본,779,"00:59:27,560 --> 00:59:29,320",1.76,힘듭니다.,힘들어.,그렇구나.,중립·혼합형,sub_0779_3567.6s.jpg,0.04,,,25.0,90.0,50.0,78.0,75.0,0.39248,0.0,66.0,0.0,0.0,0.1157,좋습니다.,좋아요.,,31.54,T4,구조검사 통과 시 유지,,35.60325684678016,33.25,P4,회귀검사 통과 시 유지
ABF-305,사진 대조 1차 교정본,780,"00:59:29,320 --> 00:59:30,300",0.98,그렇구나.,힘듭니다.,"아, 진짜 예쁜 엉덩이.",중립·혼합형,sub_0780_3569.3s.jpg,0.02,,,25.0,90.0,50.0,78.0,75.0,0.34821,42.0,66.0,0.0,0.0,1.0,그렇구나.,손 정말 잘 쓰네.,일본어 원문 + 타임스탬프 사진 + 장면 연속성,37.24,T3,화자·문맥·자연스러움 집중 검토,,59.918578830495925,46.77,P3,말투·질문응답·가독성 위주 검토
ABF-305,사진 대조 1차 교정본,781,"00:59:33,980 --> 00:59:35,740",1.76,"아, 진짜 예쁜 엉덩이.",그렇구나.,들어가 버릴 것 같아.,반응형,sub_0781_3574.0s.jpg,0.02,,,25.0,90.0,50.0,78.0,79.0,0.80064,0.0,66.0,0.0,0.0,0.2672,"아, 아, 아, 아, 아, 아, 아,","아, 아, 아, 아, 아, 아, 아",,48.93,T3,화자·문맥·자연스러움 집중 검토,,96.15099925980755,68.76,P2,앞뒤 5블록·사진·오류 기억을 함께 검토
ABF-305,사진 대조 1차 교정본,782,"00:59:37,120 --> 00:59:39,180",2.06,들어가 버릴 것 같아.,"아, 진짜 예쁜 엉덩이.",들어갈 것 같아.,반응형,sub_0782_3577.1s.jpg,0.02,,,25.0,90.0,50.0,78.0,75.0,0.57035,0.0,66.0,0.0,0.0,0.5656,"싸버릴 것 같아, 싸 버릴 것 같아.","싸 버릴 것 같아, 싸 버릴 것 같아.",,39.01,T3,화자·문맥·자연스러움 집중 검토,,66.83937823834198,50.7,P3,말투·질문응답·가독성 위주 검토
ABF-305,사진 대조 1차 교정본,783,"00:59:39,480 --> 00:59:40,360",0.88,들어갈 것 같아.,들어가 버릴 것 같아.,대박.,반응형,sub_0783_3579.5s.jpg,0.02,,,25.0,90.0,50.0,78.0,75.0,0.44237,0.0,66.0,0.0,0.0,0.5949,갈 것 같아.,진짜 갈 것 같아.,일본어 원문 대조 + 자연스러운 한국어 대사 교정,33.64,T4,구조검사 통과 시 유지,,44.04145077720207,38.01,P4,회귀검사 통과 시 유지
ABF-305,사진 대조 1차 교정본,784,"00:59:45,560 --> 00:59:46,300",0.74,대박.,들어갈 것 같아.,미끈미끈하게 하면 더.,중립·혼합형,sub_0784_3585.6s.jpg,0.04,,,25.0,90.0,50.0,78.0,75.0,0.22106,5.41,66.0,0.0,0.0,0.6951,에~ 대박.,에… 대박.,,25.32,T4,구조검사 통과 시 유지,,14.877868245743894,20.93,P4,회귀검사 통과 시 유지
ABF-305,사진 대조 1차 교정본,785,"00:59:50,390 --> 00:59:52,150",1.76,미끈미끈하게 하면 더.,대박.,"더, 앨리스가 느낄 수 있다는 뜻이지.",중립·혼합형,sub_0785_3590.4s.jpg,0.01,,,25.0,90.0,50.0,78.0,75.0,0.51438,0.0,66.0,0.0,0.0,0.1607,천천히 하면 돼.,천천히 하면 괜찮아.,일본어 원문 대조 + 자연스러운 한국어 대사 교정,36.66,T3,화자·문맥·자연스러움 집중 검토,,57.364914877868245,45.36,P3,말투·질문응답·가독성 위주 검토
ABF-305,사진 대조 1차 교정본,786,"00:59:52,610 --> 00:59:56,950",4.34,"더, 앨리스가 느낄 수 있다는 뜻이지.",미끈미끈하게 하면 더.,"벌써, 들어가버려.",반말형,sub_0786_3592.6s.jpg,0.01,,,25.0,90.0,50.0,78.0,75.0,0.76858,0.0,66.0,0.0,0.0,0.2308,"더, 더, 더...","더, 더, 더…",,47.34,T3,화자·문맥·자연스러움 집중 검토,,93.63434492968172,66.78,P2,앞뒤 5블록·사진·오류 기억을 함께 검토
ABF-305,사진 대조 1차 교정본,787,"00:59:59,010 --> 01:00:00,930",1.92,"벌써, 들어가버려.","더, 앨리스가 느낄 수 있다는 뜻이지.",안 들어가지만요.,반응형,sub_0787_3599.0s.jpg,0.01,,,25.0,90.0,50.0,78.0,75.0,0.51003,0.0,66.0,0.0,0.0,0.4292,가버려.,가 버려.,,36.48,T3,화자·문맥·자연스러움 집중 검토,,56.513693560325684,44.89,P3,말투·질문응답·가독성 위주 검토
ABF-305,사진 대조 1차 교정본,788,"01:00:00,930 --> 01:00:02,190",1.26,안 들어가지만요.,"벌써, 들어가버려.",안 들어가.,반응형,sub_0788_3600.9s.jpg,0.03,,,25.0,90.0,50.0,78.0,75.0,0.48492,0.0,66.0,0.0,0.0,0.3483,들어가지 않네.,잘 안 들어가네.,,35.43,T3,화자·문맥·자연스러움 집중 검토,,51.99851961509992,42.39,P3,말투·질문응답·가독성 위주 검토
ABF-305,사진 대조 1차 교정본,789,"01:00:04,690 --> 01:00:05,850",1.16,안 들어가.,안 들어가지만요.,안 들어가.,반응형,sub_0789_3604.7s.jpg,0.01,,,25.0,90.0,50.0,78.0,75.0,0.37566,0.0,66.0,0.0,0.0,0.2347,"하아, 들어가 버려.",하아… 들어가.,일본어 원문 대조 + 자연스러운 한국어 대사 교정,30.84,T4,구조검사 통과 시 유지,,32.93856402664693,31.72,P4,회귀검사 통과 시 유지
ABF-305,사진 대조 1차 교정본,790,"01:00:06,750 --> 01:00:07,390",0.64,안 들어가.,안 들어가.,안 들어가.,반응형,sub_0790_3606.8s.jpg,0.05,,,25.0,90.0,50.0,78.0,75.0,0.38734,0.0,66.0,0.0,30.0,0.2347,"하아, 들어가 버려.",하아… 들어가.,일본어 원문 대조 + 자연스러운 한국어 대사 교정,33.73,T4,구조검사 통과 시 유지,triple_identical_run,44.44855662472243,38.23,P4,회귀검사 통과 시 유지
ABF-305,사진 대조 1차 교정본,791,"01:00:07,390 --> 01:00:07,730",0.34,안 들어가.,안 들어가.,"역시, 안에 들어가도 좋겠네.",반응형,sub_0791_3607.4s.jpg,0.01,,,25.0,90.0,50.0,78.0,75.0,0.46401,0.0,66.0,0.0,0.0,0.2347,"하아, 들어가 버려.",하아… 들어가.,일본어 원문 대조 + 자연스러운 한국어 대사 교정,34.55,T4,구조검사 통과 시 유지,,47.81643227239083,40.12,P3,말투·질문응답·가독성 위주 검토
ABF-305,사진 대조 1차 교정본,792,"01:00:08,390 --> 01:00:12,210",3.82,"역시, 안에 들어가도 좋겠네.",안 들어가.,으음.,반응형,sub_0792_3608.4s.jpg,0.01,,,25.0,90.0,50.0,78.0,75.0,0.62902,0.0,66.0,0.0,0.0,0.2333,아파지면 자지 넣어주셨으면 좋겠네.,이제 자지 넣어 줬으면 좋겠어요.,,41.48,T3,화자·문맥·자연스러움 집중 검토,,77.90525536639527,56.78,P3,말투·질문응답·가독성 위주 검토
ABF-305,사진 대조 1차 교정본,793,"01:00:12,570 --> 01:00:13,090",0.52,으음.,"역시, 안에 들어가도 좋겠네.",하늘.,반응형,sub_0793_3612.6s.jpg,0.03,,,25.0,90.0,50.0,78.0,75.0,0.23516,0.0,66.0,0.0,0.0,0.4967,으음...,으음…,,24.94,T4,구조검사 통과 시 유지,,13.915618060695781,20.31,P4,회귀검사 통과 시 유지
ABF-305,사진 대조 1차 교정본,794,"01:00:19,200 --> 01:00:19,700",0.5,하늘.,으음.,어라?,중립·혼합형,sub_0794_3619.2s.jpg,0.0,,,25.0,90.0,50.0,78.0,75.0,0.28056,0.0,66.0,0.0,0.0,0.148,하늘색 좋아하는구나.,이야…,일본어 원문 + 타임스탬프 사진 + 장면 연속성,26.84,T4,구조검사 통과 시 유지,,19.31902294596595,23.68,P4,회귀검사 통과 시 유지
ABF-305,사진 대조 1차 교정본,795,"01:00:21,060 --> 01:00:21,400",0.34,어라?,하늘.,맛있어.,반응형,sub_0795_3621.1s.jpg,0.04,,,25.0,90.0,50.0,78.0,75.0,0.27329,0.0,66.0,0.0,0.0,0.139,어라... 아...,어라… 아…,,26.54,T4,구조검사 통과 시 유지,,18.393782383419687,23.12,P4,회귀검사 통과 시 유지
ABF-305,사진 대조 1차 교정본,796,"01:00:21,400 --> 01:00:21,780",0.38,맛있어.,어라?,맛있어.,반응형,sub_0796_3621.4s.jpg,0.0,,,25.0,90.0,50.0,78.0,75.0,0.12556,0.0,66.0,0.0,0.0,0.6216,"음-, 맛있어.",음… 맛있어.,,20.33,T4,구조검사 통과 시 유지,,5.070318282753516,13.92,P4,회귀검사 통과 시 유지
ABF-305,사진 대조 1차 교정본,797,"01:00:27,020 --> 01:00:28,460",1.44,맛있어.,맛있어.,맛있어.,반응형,sub_0797_3627.0s.jpg,0.02,,,25.0,90.0,50.0,78.0,75.0,0.12144,0.0,66.0,0.0,30.0,0.6216,"음-, 맛있어.",음… 맛있어.,,22.56,T4,구조검사 통과 시 유지,triple_identical_run,8.623242042931162,16.71,P4,회귀검사 통과 시 유지
ABF-305,사진 대조 1차 교정본,798,"01:00:31,480 --> 01:00:32,920",1.44,맛있어.,맛있어.,맛있어.,반응형,sub_0798_3631.5s.jpg,0.02,,,25.0,90.0,50.0,78.0,75.0,0.1194,0.0,66.0,0.0,30.0,0.6216,"음-, 맛있어.",음… 맛있어.,,22.47,T4,구조검사 통과 시 유지,triple_identical_run,8.36417468541821,16.55,P4,회귀검사 통과 시 유지
ABF-305,사진 대조 1차 교정본,799,"01:00:34,280 --> 01:00:35,300",1.02,맛있어.,맛있어.,맛있어.,반응형,sub_0799_3634.3s.jpg,0.02,,,25.0,90.0,50.0,78.0,75.0,0.12002,0.0,66.0,0.0,30.0,0.6216,"음-, 맛있어.",음… 맛있어.,,22.5,T4,구조검사 통과 시 유지,triple_identical_run,8.512213175425611,16.63,P4,회귀검사 통과 시 유지
ABF-305,사진 대조 1차 교정본,800,"01:00:39,680 --> 01:00:40,400",0.72,맛있어.,맛있어.,맛있어.,반응형,sub_0800_3639.7s.jpg,0.02,,,25.0,90.0,50.0,78.0,75.0,0.12152,0.0,66.0,0.0,30.0,0.6216,"음-, 맛있어.",음… 맛있어.,,22.56,T4,구조검사 통과 시 유지,triple_identical_run,8.623242042931162,16.71,P4,회귀검사 통과 시 유지
ABF-305,사진 대조 1차 교정본,801,"01:00:42,960 --> 01:00:44,400",1.44,맛있어.,맛있어.,맛있어.,반응형,sub_0801_3643.0s.jpg,0.04,,,25.0,90.0,50.0,78.0,75.0,0.11869,0.0,66.0,0.0,30.0,0.6216,"음-, 맛있어.",음… 맛있어.,,22.44,T4,구조검사 통과 시 유지,triple_identical_run,8.142116950407106,16.43,P4,회귀검사 통과 시 유지
ABF-305,사진 대조 1차 교정본,802,"01:00:44,780 --> 01:00:45,800",1.02,맛있어.,맛있어.,맛있어.,반응형,sub_0802_3644.8s.jpg,0.02,,,25.0,90.0,50.0,78.0,75.0,0.1178,0.0,66.0,0.0,30.0,0.6216,"음-, 맛있어.",음… 맛있어.,,22.41,T4,구조검사 통과 시 유지,triple_identical_run,7.8090303478904515,16.28,P4,회귀검사 통과 시 유지
ABF-305,사진 대조 1차 교정본,803,"01:00:46,520 --> 01:00:47,240",0.72,맛있어.,맛있어.,맛있어.,반응형,sub_0803_3646.5s.jpg,0.02,,,25.0,90.0,50.0,78.0,75.0,0.11827,0.0,66.0,0.0,30.0,0.6216,"음-, 맛있어.",음… 맛있어.,,22.43,T4,구조검사 통과 시 유지,triple_identical_run,7.957068837897853,16.35,P4,회귀검사 통과 시 유지
ABF-305,사진 대조 1차 교정본,804,"01:00:47,280 --> 01:00:47,780",0.5,맛있어.,맛있어.,맛있어.,반응형,sub_0804_3647.3s.jpg,0.02,,,25.0,90.0,50.0,78.0,75.0,0.11917,0.0,66.0,0.0,30.0,0.6216,"음-, 맛있어.",음… 맛있어.,,22.47,T4,구조검사 통과 시 유지,triple_identical_run,8.36417468541821,16.55,P4,회귀검사 통과 시 유지
ABF-305,사진 대조 1차 교정본,805,"01:00:48,300 --> 01:00:48,380",0.08,맛있어.,맛있어.,맛있어.,반응형,sub_0805_3648.3s.jpg,0.0,,,25.0,90.0,50.0,78.0,75.0,0.1429,0.0,66.0,70.0,30.0,0.6216,"음-, 맛있어.",음… 맛있어.,,30.46,T4,구조검사 통과 시 유지,high_cps;triple_identical_run,30.866025166543302,30.63,P4,회귀검사 통과 시 유지
ABF-305,사진 대조 1차 교정본,806,"01:00:48,840 --> 01:00:48,900",0.06,맛있어.,맛있어.,맛있어.,반응형,sub_0806_3648.8s.jpg,0.04,,,25.0,90.0,50.0,78.0,75.0,0.1531,0.0,66.0,70.0,30.0,0.6216,"음-, 맛있어.",음… 맛있어.,,30.89,T4,구조검사 통과 시 유지,high_cps;triple_identical_run,33.08660251665433,31.81,P4,회귀검사 통과 시 유지
ABF-305,사진 대조 1차 교정본,807,"01:00:48,900 --> 01:00:49,320",0.42,맛있어.,맛있어.,진짜 무리야...,반응형,sub_0807_3648.9s.jpg,0.0,,,25.0,90.0,50.0,78.0,75.0,0.16787,0.0,66.0,0.0,0.0,0.6216,"음-, 맛있어.",음… 맛있어.,,22.11,T4,구조검사 통과 시 유지,,7.327905255366396,15.9,P4,회귀검사 통과 시 유지
ABF-305,사진 대조 1차 교정본,808,"01:00:50,480 --> 01:00:52,060",1.58,진짜 무리야...,맛있어.,안 흔들면 갈 것 같아.,반말형,sub_0808_3650.5s.jpg,0.02,,,25.0,90.0,50.0,78.0,75.0,0.3492,0.0,66.0,0.0,0.0,0.5605,- 이제 무리야... - 무리 아니야. 조금만 더.,- 이제 무리야… - 무리 아니야. 조금만 더.,,29.73,T4,구조검사 통과 시 유지,,28.423390081421168,29.18,P4,회귀검사 통과 시 유지
ABF-305,사진 대조 1차 교정본,809,"01:00:54,820 --> 01:00:57,320",2.5,안 흔들면 갈 것 같아.,진짜 무리야...,아~ 좋아. 스스로 움직일게.,반응형,sub_0809_3654.8s.jpg,0.02,,,25.0,90.0,50.0,78.0,75.0,0.47766,0.0,66.0,0.0,0.0,0.6085,갈 것 같아.,진짜 갈 것 같아.,일본어 원문 대조 + 자연스러운 한국어 대사 교정,35.12,T3,화자·문맥·자연스러움 집중 검토,,50.259067357512954,41.48,P3,말투·질문응답·가독성 위주 검토
ABF-305,사진 대조 1차 교정본,810,"01:01:01,580 --> 01:01:04,920",3.34,아~ 좋아. 스스로 움직일게.,안 흔들면 갈 것 같아.,"아, 손을 대고 있어줘, 대고 있어줘.",반응형,sub_0810_3661.6s.jpg,0.02,,,25.0,90.0,50.0,78.0,79.0,0.67517,0.0,66.0,0.0,0.0,0.3597,스스로 쥐고 있어?,네가 직접 잡고 있어?,일본어 원문 대조 + 자연스러운 한국어 대사 교정,43.66,T3,화자·문맥·자연스러움 집중 검토,,84.3819393042191,60.76,P2,앞뒤 5블록·사진·오류 기억을 함께 검토
ABF-305,사진 대조 1차 교정본,811,"01:01:05,360 --> 01:01:07,220",1.86,"아, 손을 대고 있어줘, 대고 있어줘.",아~ 좋아. 스스로 움직일게.,오른손은 거들 뿐.,중립·혼합형,sub_0811_3665.4s.jpg,0.04,,,25.0,90.0,50.0,78.0,75.0,0.64128,0.0,66.0,0.0,0.0,0.4652,잠깐 보고 있어줘.,그대로 보고 있어 줘.,일본어 원문 대조 + 자연스러운 한국어 대사 교정,41.99,T3,화자·문맥·자연스러움 집중 검토,,79.42264988897114,57.71,P3,말투·질문응답·가독성 위주 검토
ABF-305,사진 대조 1차 교정본,812,"01:01:07,780 --> 01:01:09,040",1.26,오른손은 거들 뿐.,"아, 손을 대고 있어줘, 대고 있어줘.",왠지 야비한가?,중립·혼합형,sub_0812_3667.8s.jpg,0.02,,,25.0,90.0,50.0,78.0,75.0,0.57815,0.0,66.0,0.0,0.0,0.0827,"손이 아니라, 손은 아니에요.",손 말고 혀로 해 주세요.,사진 장면 확인 및 한국어 번역투·ASR 오역 교정,39.34,T3,화자·문맥·자연스러움 집중 검토,,68.46780162842339,51.57,P3,말투·질문응답·가독성 위주 검토
ABF-305,사진 대조 1차 교정본,813,"01:01:13,560 --> 01:01:14,580",1.02,왠지 야비한가?,오른손은 거들 뿐.,응.,반말형,sub_0813_3673.6s.jpg,0.04,,,25.0,90.0,50.0,78.0,75.0,0.53874,0.0,66.0,0.0,0.0,0.2033,왠지 알겠어.,어떻게 알았어?,손상된 일본어 ASR + 타임스탬프 사진 + 앞뒤 문맥 추론,37.69,T3,화자·문맥·자연스러움 집중 검토,,61.62102146558105,47.74,P3,말투·질문응답·가독성 위주 검토
ABF-305,사진 대조 1차 교정본,814,"01:01:14,960 --> 01:01:15,240",0.28,응.,왠지 야비한가?,응.,반응형,sub_0814_3675.0s.jpg,0.04,,,25.0,90.0,50.0,78.0,75.0,0.0467,0.0,66.0,0.0,0.0,0.4149,"하-, 응.",하아… 응.,,17.02,T4,구조검사 통과 시 유지,,1.5544041450777202,10.52,P4,회귀검사 통과 시 유지
ABF-305,사진 대조 1차 교정본,815,"01:01:15,240 --> 01:01:15,420",0.18,응.,응.,진짜 좋네요.,반응형,sub_0815_3675.2s.jpg,0.04,,,25.0,90.0,50.0,78.0,75.0,0.03356,0.0,66.0,0.0,0.0,0.4149,"하-, 응.",하아… 응.,,16.47,T4,구조검사 통과 시 유지,,0.5551443375277573,9.79,P4,회귀검사 통과 시 유지
ABF-305,사진 대조 1차 교정본,816,"01:01:17,020 --> 01:01:17,900",0.88,진짜 좋네요.,응.,이것만으론 안 가.,반말형,sub_0816_3677.0s.jpg,0.02,,,25.0,90.0,50.0,78.0,75.0,0.32079,0.0,66.0,0.0,0.0,0.517,손을 벗을 때는 좋네요.,[불명],,28.53,T4,구조검사 통과 시 유지,,23.982235381199114,26.62,P4,회귀검사 통과 시 유지
ABF-305,사진 대조 1차 교정본,817,"01:01:20,820 --> 01:01:22,540",1.72,이것만으론 안 가.,진짜 좋네요.,어?,반응형,sub_0817_3680.8s.jpg,0.02,,,25.0,90.0,50.0,78.0,75.0,0.3832,0.0,66.0,0.0,0.0,0.1052,안 돼.,"네, 놀랐어요.",타임스탬프 사진과 앞뒤 장면으로 대사 기능 복원,31.15,T4,구조검사 통과 시 유지,,34.27091043671355,32.46,P4,회귀검사 통과 시 유지
ABF-305,사진 대조 1차 교정본,818,"01:01:23,180 --> 01:01:23,620",0.44,어?,이것만으론 안 가.,안 갈 것 같지 않아요?,반응형,sub_0818_3683.2s.jpg,0.02,,,25.0,90.0,50.0,78.0,75.0,0.09975,0.0,66.0,0.0,0.0,0.3197,어? 벗기고 싶다고? 응.,해 줬으면 좋겠어? 응.,손상된 일본어 ASR + 타임스탬프 사진 + 앞뒤 문맥 추론,19.25,T4,구조검사 통과 시 유지,,4.293116210214656,12.97,P4,회귀검사 통과 시 유지
ABF-305,사진 대조 1차 교정본,819,"01:01:24,220 --> 01:01:25,240",1.02,안 갈 것 같지 않아요?,어?,응.,반응형,sub_0819_3684.2s.jpg,0.02,,,25.0,90.0,50.0,78.0,75.0,0.3514,0.0,66.0,0.0,0.0,0.2931,펭귄 정말 좋아해요. 귀엽지 않아요? 걷는 모습이 귀여워요.,펭귄이 정말 귀엽지 않아요? 걷는 모습이 특히 귀여워요.,사진 장면 확인 및 한국어 번역투·ASR 오역 교정,29.82,T4,구조검사 통과 시 유지,,28.497409326424872,29.26,P4,회귀검사 통과 시 유지
ABF-305,사진 대조 1차 교정본,820,"01:01:25,820 --> 01:01:25,960",0.14,응.,안 갈 것 같지 않아요?,치사해.,반응형,sub_0820_3685.8s.jpg,0.02,,,25.0,90.0,50.0,78.0,75.0,0.0268,0.0,66.0,0.0,0.0,0.4149,"하-, 응.",하아… 응.,,16.19,T4,구조검사 통과 시 유지,,0.1480384900074019,9.45,P4,회귀검사 통과 시 유지
ABF-305,사진 대조 1차 교정본,821,"01:01:31,380 --> 01:01:32,060",0.68,치사해.,응.,딱딱해져서 치사해?,반말형,sub_0821_3691.4s.jpg,0.02,,,25.0,90.0,50.0,78.0,75.0,0.29022,0.0,66.0,0.0,0.0,0.0914,대단해.,기분 좋네.,일본어 원문 + 타임스탬프 사진 + 장면 연속성,27.25,T4,구조검사 통과 시 유지,,20.577350111028867,24.45,P4,회귀검사 통과 시 유지
ABF-305,사진 대조 1차 교정본,822,"01:01:32,640 --> 01:01:33,720",1.08,딱딱해져서 치사해?,치사해.,치사해.,반말형,sub_0822_3692.6s.jpg,0.04,,,25.0,90.0,50.0,78.0,75.0,0.54421,0.0,66.0,0.0,0.0,0.2124,딱딱해...,딱딱해…,,37.92,T3,화자·문맥·자연스러움 집중 검토,,62.47224278312361,48.23,P3,말투·질문응답·가독성 위주 검토
ABF-305,사진 대조 1차 교정본,823,"01:01:33,820 --> 01:01:34,560",0.74,치사해.,딱딱해져서 치사해?,"앨리스, 손 좀 놔봐.",반말형,sub_0823_3693.8s.jpg,0.02,,,25.0,90.0,50.0,78.0,75.0,0.34614,0.0,66.0,0.0,0.0,0.0914,대단해.,기분 좋네.,일본어 원문 + 타임스탬프 사진 + 장면 연속성,29.6,T4,구조검사 통과 시 유지,,27.942264988897115,28.9,P4,회귀검사 통과 시 유지
ABF-305,사진 대조 1차 교정본,824,"01:01:43,070 --> 01:01:45,350",2.28,"앨리스, 손 좀 놔봐.",치사해.,"조금, 같이 봐주실래요.",중립·혼합형,sub_0824_3703.1s.jpg,0.03,,,25.0,90.0,50.0,78.0,75.0,0.62803,0.0,66.0,0.0,0.0,0.3769,"하지만 앨리스, 이걸 사랑해 줘.","앨리스, 더 느껴 줘.",부자연스러운 명령문을 장면에 맞게 교정,41.44,T3,화자·문맥·자연스러움 집중 검토,,77.46113989637306,56.57,P3,말투·질문응답·가독성 위주 검토
ABF-305,사진 대조 1차 교정본,825,"01:01:45,350 --> 01:01:48,370",3.02,"조금, 같이 봐주실래요.","앨리스, 손 좀 놔봐.",엄청 딱딱해졌네요.,중립·혼합형,sub_0825_3705.3s.jpg,0.05,,,25.0,90.0,50.0,78.0,75.0,0.6361,0.0,66.0,0.0,0.0,0.2295,같이 좀 가요.,그럼 같이 가요.,일본어 원문 대조 + 자연스러운 한국어 대사 교정,41.78,T3,화자·문맥·자연스러움 집중 검토,,78.86750555144337,57.36,P3,말투·질문응답·가독성 위주 검토
ABF-305,사진 대조 1차 교정본,826,"01:02:06,490 --> 01:02:08,870",2.38,엄청 딱딱해졌네요.,"조금, 같이 봐주실래요.",어디에도 없어?,반말형,sub_0826_3726.5s.jpg,0.01,,,25.0,90.0,50.0,78.0,75.0,0.61205,0.0,66.0,0.0,0.0,0.3493,엄청 딱딱해...,엄청 딱딱해…,,40.77,T3,화자·문맥·자연스러움 집중 검토,,74.61139896373057,54.98,P3,말투·질문응답·가독성 위주 검토
ABF-305,사진 대조 1차 교정본,827,"01:02:10,210 --> 01:02:11,070",0.86,어디에도 없어?,엄청 딱딱해졌네요.,"근데 기쁘네, 넣고 싶다는 말을 들으니까.",반응형,sub_0827_3730.2s.jpg,0.01,,,25.0,90.0,50.0,78.0,75.0,0.52759,0.0,66.0,0.0,0.0,0.5735,없어?,진짜로?,일본어 원문 대조 + 자연스러운 한국어 대사 교정,37.22,T3,화자·문맥·자연스러움 집중 검토,,59.80754996299038,46.71,P3,말투·질문응답·가독성 위주 검토
ABF-305,사진 대조 1차 교정본,828,"01:02:24,190 --> 01:02:26,530",2.34,"근데 기쁘네, 넣고 싶다는 말을 들으니까.",어디에도 없어?,조금 도움이...,반말형,sub_0828_3744.2s.jpg,0.01,,,25.0,90.0,50.0,78.0,79.0,0.90376,0.0,66.0,0.0,0.0,0.2299,넣고 싶어.,빨리 넣고 싶어.,일본어 원문 대조 + 자연스러운 한국어 대사 교정,53.26,T3,화자·문맥·자연스러움 집중 검토,,99.4078460399704,72.64,P1,장면 패킷을 열고 후보 3개를 생성해 반증 검토
ABF-305,사진 대조 1차 교정본,829,"01:02:32,330 --> 01:02:33,070",0.74,조금 도움이...,"근데 기쁘네, 넣고 싶다는 말을 들으니까.",조금...,중립·혼합형,sub_0829_3752.3s.jpg,0.03,,,25.0,90.0,50.0,78.0,75.0,0.42929,0.0,66.0,0.0,0.0,0.1834,"어이, 어이...","어이, 어이…",,33.09,T4,구조검사 통과 시 유지,,41.968911917098445,36.82,P4,회귀검사 통과 시 유지
ABF-305,사진 대조 1차 교정본,830,"01:02:33,070 --> 01:02:33,450",0.38,조금...,조금 도움이...,조금...,중립·혼합형,sub_0830_3753.1s.jpg,0.03,,,25.0,90.0,50.0,78.0,75.0,0.28051,25.8,66.0,0.0,0.0,0.865,그럼 조금...,그럼 조금…,,31.49,T4,구조검사 통과 시 유지,,35.30717986676536,33.09,P4,회귀검사 통과 시 유지
ABF-305,사진 대조 1차 교정본,831,"01:02:33,450 --> 01:02:33,590",0.14,조금...,조금...,조금...,중립·혼합형,sub_0831_3753.4s.jpg,0.05,,,25.0,90.0,50.0,78.0,75.0,0.32098,25.8,66.0,70.0,30.0,0.865,그럼 조금...,그럼 조금…,,42.59,T3,화자·문맥·자연스러움 집중 검토,high_cps;triple_identical_run,81.0880829015544,58.76,P2,앞뒤 5블록·사진·오류 기억을 함께 검토
ABF-305,사진 대조 1차 교정본,832,"01:02:34,110 --> 01:02:35,550",1.44,조금...,조금...,거기 들어있었다고 들으니까.,중립·혼합형,sub_0832_3754.1s.jpg,0.01,,,25.0,90.0,50.0,78.0,75.0,0.28839,25.8,66.0,0.0,0.0,0.865,그럼 조금...,그럼 조금…,,31.82,T4,구조검사 통과 시 유지,,36.787564766839374,33.91,P4,회귀검사 통과 시 유지
ABF-305,사진 대조 1차 교정본,833,"01:02:35,710 --> 01:02:37,190",1.48,거기 들어있었다고 들으니까.,조금...,응!,반응형,sub_0833_3755.7s.jpg,0.01,,,25.0,90.0,50.0,78.0,75.0,0.63042,0.0,66.0,0.0,0.0,0.1706,세게 깨물었으니까.,어느 쪽부터 베어 먹었을까?,,41.54,T3,화자·문맥·자연스러움 집중 검토,,78.23834196891191,56.95,P3,말투·질문응답·가독성 위주 검토
ABF-305,사진 대조 1차 교정본,834,"01:02:38,130 --> 01:02:38,490",0.36,응!,거기 들어있었다고 들으니까.,하고 있었지.,반응형,sub_0834_3758.1s.jpg,0.03,,,25.0,90.0,50.0,78.0,75.0,0.1263,0.0,66.0,0.0,0.0,0.0722,네! 어이!,"네, 잘 부탁드립니다!",사진 장면 확인 및 한국어 번역투·ASR 오역 교정,20.36,T4,구조검사 통과 시 유지,,5.181347150259067,13.98,P4,회귀검사 통과 시 유지
ABF-305,사진 대조 1차 교정본,835,"01:02:38,530 --> 01:02:39,530",1.0,하고 있었지.,응!,"앗, 최고.",반말형,sub_0835_3758.5s.jpg,0.03,,,25.0,90.0,50.0,78.0,75.0,0.42786,0.0,66.0,0.0,0.0,0.187,정말 하고 싶었어.,봐도 돼?,일본어 원문 + 타임스탬프 사진 + 장면 연속성,33.03,T4,구조검사 통과 시 유지,,41.67283493708364,36.66,P4,회귀검사 통과 시 유지
ABF-305,사진 대조 1차 교정본,836,"01:02:49,200 --> 01:02:50,520",1.32,"앗, 최고.",하고 있었지.,하아...,반응형,sub_0836_3769.2s.jpg,0.0,,,25.0,90.0,50.0,78.0,75.0,0.52159,0.0,66.0,0.0,0.0,0.2227,"앗, 안 돼. 그렇게 하면 나와버려.","앗, 안 돼. 그렇게 하면 나와 버려.",,36.97,T3,화자·문맥·자연스러움 집중 검토,,58.62324204293117,46.06,P3,말투·질문응답·가독성 위주 검토
ABF-305,사진 대조 1차 교정본,837,"01:03:10,070 --> 01:03:11,630",1.56,하아...,"앗, 최고.",그것만으로 가 버릴 것 같아.,반응형,sub_0837_3790.1s.jpg,0.03,,,25.0,90.0,50.0,78.0,75.0,0.34655,42.0,66.0,0.0,0.0,1.0,하아...,하아…,,37.18,T3,화자·문맥·자연스러움 집중 검토,,59.62250185048112,46.61,P3,말투·질문응답·가독성 위주 검토
ABF-305,사진 대조 1차 교정본,838,"01:03:18,230 --> 01:03:21,610",3.38,그것만으로 가 버릴 것 같아.,하아...,뭐야? 뭐야?,반응형,sub_0838_3798.2s.jpg,0.03,,,25.0,90.0,50.0,78.0,75.0,0.61662,0.0,66.0,0.0,0.0,0.4319,"싸버릴 것 같아, 싸 버릴 것 같아.","싸 버릴 것 같아, 싸 버릴 것 같아.",,40.96,T3,화자·문맥·자연스러움 집중 검토,,75.68467801628424,55.54,P3,말투·질문응답·가독성 위주 검토
ABF-305,사진 대조 1차 교정본,839,"01:03:26,090 --> 01:03:27,850",1.76,뭐야? 뭐야?,그것만으로 가 버릴 것 같아.,뭐?,반말형,sub_0839_3806.1s.jpg,0.01,,,25.0,90.0,50.0,78.0,75.0,0.22406,5.3,66.0,0.0,0.0,0.6942,"아, 아... 뭐야?","아, 아… 뭐야?",,25.42,T4,구조검사 통과 시 유지,,15.099925980754996,21.09,P4,회귀검사 통과 시 유지
ABF-305,사진 대조 1차 교정본,840,"01:03:28,250 --> 01:03:28,550",0.3,뭐?,뭐야? 뭐야?,뭐?,중립·혼합형,sub_0840_3808.2s.jpg,0.05,,,25.0,90.0,50.0,78.0,75.0,0.11915,0.0,66.0,0.0,0.0,0.3342,뭐? 아침에 졸려? 하고 바로…,뭐? 아침부터 졸리다고 해 놓고…,사진 장면 확인 및 한국어 번역투·ASR 오역 교정,20.06,T4,구조검사 통과 시 유지,,4.848260547742413,13.67,P4,회귀검사 통과 시 유지
ABF-305,사진 대조 1차 교정본,841,"01:03:28,550 --> 01:03:28,790",0.24,뭐?,뭐?,"아, 안 느껴져.",중립·혼합형,sub_0841_3808.6s.jpg,0.05,,,25.0,90.0,50.0,78.0,75.0,0.11346,0.0,66.0,0.0,0.0,0.3342,뭐? 아침에 졸려? 하고 바로…,뭐? 아침부터 졸리다고 해 놓고…,사진 장면 확인 및 한국어 번역투·ASR 오역 교정,19.83,T4,구조검사 통과 시 유지,,4.441154700222058,13.37,P4,회귀검사 통과 시 유지
ABF-305,사진 대조 1차 교정본,842,"01:03:28,950 --> 01:03:29,130",0.18,"아, 안 느껴져.",뭐?,와?,반응형,sub_0842_3808.9s.jpg,0.05,,,25.0,90.0,50.0,78.0,75.0,0.32799,0.0,66.0,70.0,0.0,0.3593,"아, 느껴져요...","아, 느껴져요…",,35.84,T3,화자·문맥·자연스러움 집중 검토,high_cps,54.0340488527017,43.48,P3,말투·질문응답·가독성 위주 검토
ABF-305,사진 대조 1차 교정본,843,"01:03:29,610 --> 01:03:29,910",0.3,와?,"아, 안 느껴져.","조금, 좋아하는.",중립·혼합형,sub_0843_3809.6s.jpg,0.01,,,25.0,90.0,50.0,78.0,75.0,0.14989,0.0,66.0,0.0,0.0,0.0646,와버렸네.,결국 와 버렸네.,일본어 원문 대조 + 자연스러운 한국어 대사 교정,21.36,T4,구조검사 통과 시 유지,,6.291635825314581,15.03,P4,회귀검사 통과 시 유지
ABF-305,사진 대조 1차 교정본,844,"01:03:32,130 --> 01:03:33,430",1.3,"조금, 좋아하는.",와?,흑흑.,반응형,sub_0844_3812.1s.jpg,0.03,,,25.0,90.0,50.0,78.0,75.0,0.43041,0.0,66.0,0.0,0.0,0.5226,좋아하는...,좋아하는…,,33.14,T4,구조검사 통과 시 유지,,42.2279792746114,36.96,P4,회귀검사 통과 시 유지
ABF-305,사진 대조 1차 교정본,845,"01:03:34,450 --> 01:03:36,030",1.58,흑흑.,"조금, 좋아하는.",흑흑.,중립·혼합형,sub_0845_3814.4s.jpg,0.05,,,25.0,90.0,50.0,78.0,75.0,0.21564,0.0,66.0,0.0,0.0,0.0046,응... 기분 좋아.,응… 기분 좋아.,,24.12,T4,구조검사 통과 시 유지,,12.139156180606959,19.09,P4,회귀검사 통과 시 유지
ABF-305,사진 대조 1차 교정본,846,"01:03:37,410 --> 01:03:38,610",1.2,흑흑.,흑흑.,흑흑.,중립·혼합형,sub_0846_3817.4s.jpg,0.01,,,25.0,90.0,50.0,78.0,75.0,0.28075,0.0,66.0,0.0,30.0,0.0046,응... 기분 좋아.,응… 기분 좋아.,,29.25,T4,구조검사 통과 시 유지,triple_identical_run,26.350851221317544,28.03,P4,회귀검사 통과 시 유지
ABF-305,사진 대조 1차 교정본,847,"01:03:38,970 --> 01:03:39,530",0.56,흑흑.,흑흑.,잠깐만요.,중립·혼합형,sub_0847_3819.0s.jpg,0.03,,,25.0,90.0,50.0,78.0,75.0,0.59968,0.0,66.0,0.0,0.0,0.0046,응... 기분 좋아.,응… 기분 좋아.,,40.25,T3,화자·문맥·자연스러움 집중 검토,,72.46484085862325,53.78,P3,말투·질문응답·가독성 위주 검토
ABF-305,사진 대조 1차 교정본,848,"01:03:50,910 --> 01:03:53,790",2.88,잠깐만요.,흑흑.,조금...,반응형,sub_0848_3830.9s.jpg,0.01,,,25.0,90.0,50.0,78.0,75.0,0.63119,42.0,66.0,0.0,0.0,1.0,잠깐만요.,조금만 기다려.,일본어 원문 대조 + 자연스러운 한국어 대사 교정,49.13,T3,화자·문맥·자연스러움 집중 검토,,96.29903774981496,68.94,P2,앞뒤 5블록·사진·오류 기억을 함께 검토
ABF-305,사진 대조 1차 교정본,849,"01:03:54,790 --> 01:03:56,010",1.22,조금...,잠깐만요.,조금...,중립·혼합형,sub_0849_3834.8s.jpg,0.01,,,25.0,90.0,50.0,78.0,75.0,0.45533,25.8,66.0,0.0,0.0,0.865,그럼 조금...,그럼 조금…,,38.83,T3,화자·문맥·자연스러움 집중 검토,,65.9141376757957,50.21,P3,말투·질문응답·가독성 위주 검토
ABF-305,사진 대조 1차 교정본,850,"01:03:56,350 --> 01:03:56,710",0.36,조금...,조금...,뭘 본 거야?,중립·혼합형,sub_0850_3836.3s.jpg,0.05,,,25.0,90.0,50.0,78.0,75.0,0.3089,25.8,66.0,0.0,0.0,0.865,그럼 조금...,그럼 조금…,,32.68,T4,구조검사 통과 시 유지,,40.48852701702443,35.96,P4,회귀검사 통과 시 유지
ABF-305,사진 대조 1차 교정본,851,"01:03:56,710 --> 01:03:57,130",0.42,뭘 본 거야?,조금...,정말 큰 정보를 봤어요.,반말형,sub_0851_3836.7s.jpg,0.01,,,25.0,90.0,50.0,78.0,75.0,0.45566,0.0,66.0,0.0,0.0,0.6122,뭘 찍게 한 거야?,뭘 찍은 거야?,손상된 일본어 ASR + 타임스탬프 사진 + 앞뒤 문맥 추론,34.2,T4,구조검사 통과 시 유지,,46.1880088823094,39.23,P4,회귀검사 통과 시 유지
ABF-305,사진 대조 1차 교정본,852,"01:03:58,110 --> 01:03:59,530",1.42,정말 큰 정보를 봤어요.,뭘 본 거야?,내가 갈 것 같은 걸.,반응형,sub_0852_3838.1s.jpg,0.01,,,25.0,90.0,50.0,78.0,75.0,0.50149,0.0,66.0,0.0,0.0,0.3052,여러 정보를 찾아봤습니다.,인터넷에서도 이것저것 찾아봤어요.,앞뒤 대화 연결 자연화,36.12,T3,화자·문맥·자연스러움 집중 검토,,55.44041450777202,44.23,P3,말투·질문응답·가독성 위주 검토
ABF-305,사진 대조 1차 교정본,853,"01:04:00,190 --> 01:04:02,670",2.48,내가 갈 것 같은 걸.,정말 큰 정보를 봤어요.,알고 있어서.,중립·혼합형,sub_0853_3840.2s.jpg,0.01,,,25.0,90.0,50.0,78.0,75.0,0.50553,0.0,66.0,0.0,0.0,0.3221,갈 것 같아.,진짜 갈 것 같아.,일본어 원문 대조 + 자연스러운 한국어 대사 교정,36.29,T3,화자·문맥·자연스러움 집중 검토,,55.88452997779423,44.52,P3,말투·질문응답·가독성 위주 검토
ABF-305,사진 대조 1차 교정본,854,"01:04:03,230 --> 01:04:03,970",0.74,알고 있어서.,내가 갈 것 같은 걸.,"오, 이렇게나 큰데.",반응형,sub_0854_3843.2s.jpg,0.03,,,25.0,90.0,50.0,78.0,75.0,0.48195,0.0,66.0,0.0,0.0,0.3629,평소엔 자고 있어서...,평소엔 자고 있어서…,,35.3,T3,화자·문맥·자연스러움 집중 검토,,51.22131754256106,41.99,P3,말투·질문응답·가독성 위주 검토
ABF-305,사진 대조 1차 교정본,855,"01:04:05,390 --> 01:04:06,550",1.16,"오, 이렇게나 큰데.",알고 있어서.,폭신폭신 폭신폭신.,중립·혼합형,sub_0855_3845.4s.jpg,0.01,,,25.0,90.0,50.0,78.0,75.0,0.69005,0.0,66.0,0.0,0.0,0.4319,이렇게나 되었네…,이렇게 됐네…,,44.04,T3,화자·문맥·자연스러움 집중 검토,,85.56624722427831,61.48,P2,앞뒤 5블록·사진·오류 기억을 함께 검토
ABF-305,사진 대조 1차 교정본,856,"01:04:06,950 --> 01:04:08,210",1.26,폭신폭신 폭신폭신.,"오, 이렇게나 큰데.","음, 치사해 치사해.",중립·혼합형,sub_0856_3846.9s.jpg,0.05,,,25.0,90.0,50.0,78.0,75.0,0.54062,0.0,66.0,0.0,0.0,0.0107,"봐 주신 팬 여러분, 감사합니다. 처음 보는 기획이라 불안해 보였을 텐데, 저도 제 나름대로 열심히 했고 섹스의 즐거움도 보여 드리고 싶었어요.","봐 주신 팬 여러분, 감사합니다. 저도 제 나름대로 열심히 했어요.",지나치게 긴 문장 분리,37.77,T3,화자·문맥·자연스러움 집중 검토,,61.80606957809031,47.87,P3,말투·질문응답·가독성 위주 검토
ABF-305,사진 대조 1차 교정본,857,"01:04:12,350 --> 01:04:15,170",2.82,"음, 치사해 치사해.",폭신폭신 폭신폭신.,"위험하다고, 위험하다고, 위험하다고.",반말형,sub_0857_3852.3s.jpg,0.05,,,25.0,90.0,50.0,78.0,75.0,0.546,0.0,66.0,0.0,0.0,0.2033,"더 야하게 해 봐. 음, 음, 음... 그렇지!","더 야하게 해 봐. 음, 음, 음… 그렇지!",,37.99,T3,화자·문맥·자연스러움 집중 검토,,62.69430051813472,48.37,P3,말투·질문응답·가독성 위주 검토
ABF-305,사진 대조 1차 교정본,858,"01:04:24,370 --> 01:04:28,480",4.11,"위험하다고, 위험하다고, 위험하다고.","음, 치사해 치사해.","어떻게 하는 거지, 어떻게?",중립·혼합형,sub_0858_3864.4s.jpg,0.03,,,25.0,90.0,50.0,78.0,75.0,0.66255,0.0,66.0,0.0,0.0,0.1513,위험해.,큰일 나.,,42.89,T3,화자·문맥·자연스러움 집중 검토,,81.71724648408586,59.2,P2,앞뒤 5블록·사진·오류 기억을 함께 검토
ABF-305,사진 대조 1차 교정본,859,"01:04:29,340 --> 01:04:31,280",1.94,"어떻게 하는 거지, 어떻게?","위험하다고, 위험하다고, 위험하다고.",아파.,반응형,sub_0859_3869.3s.jpg,0.04,,,25.0,90.0,50.0,78.0,75.0,0.60036,0.0,66.0,0.0,0.0,0.3995,어떻게 먹는 거?,어떤 식으로?,일본어 원문 대조 + 자연스러운 한국어 대사 교정,40.28,T3,화자·문맥·자연스러움 집중 검토,,72.6498889711325,53.88,P3,말투·질문응답·가독성 위주 검토
ABF-305,사진 대조 1차 교정본,860,"01:04:32,460 --> 01:04:33,360",0.9,아파.,"어떻게 하는 거지, 어떻게?",반대로 안 가.,반응형,sub_0860_3872.5s.jpg,0.04,,,25.0,90.0,50.0,78.0,75.0,0.24326,13.69,66.0,0.0,0.0,0.7641,배가 아파.,안쪽이 아파.,,27.74,T4,구조검사 통과 시 유지,,22.24278312361214,25.43,P4,회귀검사 통과 시 유지
ABF-305,사진 대조 1차 교정본,861,"01:04:35,740 --> 01:04:36,620",0.88,반대로 안 가.,아파.,잠깐만요.,중립·혼합형,sub_0861_3875.7s.jpg,0.04,,,25.0,90.0,50.0,78.0,75.0,0.58027,0.0,66.0,0.0,0.0,0.1911,"신경 안 쓰여? 별로. 별로 안 쓰여. 뭐랄까? 눈 쪽이... 엄청 예뻐, 여기. 우와~ 발견해 버렸다. 와, 좋네요 이거. 대박. 어, 엄청 예쁘다. 반대로 좀 무섭네. 바닥. 와, 대박. 여기 봐봐. 좋네요.","신경 안 쓰여? 별로. 별로 안 쓰여. 뭐랄까? 눈 쪽이… 엄청 예뻐, 여기. 우와… 발견해 버렸다. 와, 좋네요 이거. 대박. 어, 엄청 예쁘다. 반대로 좀 무섭네. 바닥. 와, 대박. 여기 봐봐. 좋네요.",,39.43,T3,화자·문맥·자연스러움 집중 검토,,69.1339748334567,51.91,P3,말투·질문응답·가독성 위주 검토
ABF-305,사진 대조 1차 교정본,862,"01:04:44,160 --> 01:04:47,280",3.12,잠깐만요.,반대로 안 가.,금방.,반응형,sub_0862_3884.2s.jpg,0.04,,,25.0,90.0,50.0,78.0,75.0,0.45312,42.0,66.0,0.0,0.0,1.0,잠깐만요.,조금만 기다려.,일본어 원문 대조 + 자연스러운 한국어 대사 교정,41.65,T3,화자·문맥·자연스러움 집중 검토,,78.53441894892671,57.14,P3,말투·질문응답·가독성 위주 검토
ABF-305,사진 대조 1차 교정본,863,"01:04:47,280 --> 01:04:48,080",0.8,금방.,잠깐만요.,금방.,중립·혼합형,sub_0863_3887.3s.jpg,0.02,,,25.0,90.0,50.0,78.0,75.0,0.3792,0.0,66.0,0.0,0.0,0.2057,금방 하아 하고.,금방 숨이 가빠지네.,,30.99,T4,구조검사 통과 시 유지,,33.530717986676535,32.06,P4,회귀검사 통과 시 유지
ABF-305,사진 대조 1차 교정본,864,"01:04:48,760 --> 01:04:49,260",0.5,금방.,금방.,금방.,중립·혼합형,sub_0864_3888.8s.jpg,0.04,,,25.0,90.0,50.0,78.0,75.0,0.22546,0.0,66.0,0.0,30.0,0.2057,금방 하아 하고.,금방 숨이 가빠지네.,,26.93,T4,구조검사 통과 시 유지,triple_identical_run,19.726128793486307,23.9,P4,회귀검사 통과 시 유지
ABF-305,사진 대조 1차 교정본,865,"01:04:49,260 --> 01:04:49,460",0.2,금방.,금방.,금방.,중립·혼합형,sub_0865_3889.3s.jpg,0.04,,,25.0,90.0,50.0,78.0,75.0,0.23281,0.0,66.0,0.0,30.0,0.2057,금방 하아 하고.,금방 숨이 가빠지네.,,27.24,T4,구조검사 통과 시 유지,triple_identical_run,20.503330866025166,24.41,P4,회귀검사 통과 시 유지
ABF-305,사진 대조 1차 교정본,866,"01:04:50,140 --> 01:04:51,000",0.86,금방.,금방.,금방.,중립·혼합형,sub_0866_3890.1s.jpg,0.04,,,25.0,90.0,50.0,78.0,75.0,0.22467,0.0,66.0,0.0,30.0,0.2057,금방 하아 하고.,금방 숨이 가빠지네.,,26.9,T4,구조검사 통과 시 유지,triple_identical_run,19.615099925980754,23.84,P4,회귀검사 통과 시 유지
ABF-305,사진 대조 1차 교정본,867,"01:04:52,120 --> 01:04:53,500",1.38,금방.,금방.,금방.,중립·혼합형,sub_0867_3892.1s.jpg,0.02,,,25.0,90.0,50.0,78.0,75.0,0.22392,0.0,66.0,0.0,30.0,0.2057,금방 하아 하고.,금방 숨이 가빠지네.,,26.86,T4,구조검사 통과 시 유지,triple_identical_run,19.467061435973353,23.75,P4,회귀검사 통과 시 유지
ABF-305,사진 대조 1차 교정본,868,"01:04:53,500 --> 01:04:58,540",5.04,금방.,금방.,싸버리면 기분 좋겠네요.,중립·혼합형,sub_0868_3893.5s.jpg,0.0,,,25.0,90.0,50.0,78.0,75.0,0.20803,0.0,66.0,0.0,0.0,0.2057,금방 하아 하고.,금방 숨이 가빠지네.,,23.8,T4,구조검사 통과 시 유지,,11.102886750555143,18.47,P4,회귀검사 통과 시 유지
ABF-305,사진 대조 1차 교정본,869,"01:05:05,140 --> 01:05:06,960",1.82,싸버리면 기분 좋겠네요.,금방.,하는 편이 좋아.,반말형,sub_0869_3905.1s.jpg,0.04,,,25.0,90.0,50.0,78.0,75.0,0.49082,0.0,66.0,0.0,0.0,0.4643,싸버리면 끝나잖아.,싸 버리면 끝나잖아.,,35.67,T3,화자·문맥·자연스러움 집중 검토,,53.40488527017024,43.12,P3,말투·질문응답·가독성 위주 검토
ABF-305,사진 대조 1차 교정본,870,"01:05:10,820 --> 01:05:11,800",0.98,하는 편이 좋아.,싸버리면 기분 좋겠네요.,치사해라.,반응형,sub_0870_3910.8s.jpg,0.02,,,25.0,90.0,50.0,78.0,75.0,0.45336,0.0,66.0,0.0,0.0,0.4346,"아, 좋아.","아, 들어온다.",,34.1,T4,구조검사 통과 시 유지,,45.891931902294594,39.05,P4,회귀검사 통과 시 유지
ABF-305,사진 대조 1차 교정본,871,"01:05:13,480 --> 01:05:14,300",0.82,치사해라.,하는 편이 좋아.,어?,반말형,sub_0871_3913.5s.jpg,0.02,,,25.0,90.0,50.0,78.0,75.0,0.25347,0.0,66.0,0.0,0.0,0.0942,씻어라.,안 씻었어요.,화면 영문 자막 대조,25.71,T4,구조검사 통과 시 유지,,15.803108808290157,21.55,P4,회귀검사 통과 시 유지
ABF-305,사진 대조 1차 교정본,872,"01:05:15,840 --> 01:05:16,240",0.4,어?,치사해라.,기분은 어떨까.,반응형,sub_0872_3915.8s.jpg,0.04,,,25.0,90.0,50.0,78.0,75.0,0.25987,0.0,66.0,0.0,0.0,0.3197,어? 벗기고 싶다고? 응.,해 줬으면 좋겠어? 응.,손상된 일본어 ASR + 타임스탬프 사진 + 앞뒤 문맥 추론,25.97,T4,구조검사 통과 시 유지,,16.65433012583272,22.06,P4,회귀검사 통과 시 유지
ABF-305,사진 대조 1차 교정본,873,"01:05:16,240 --> 01:05:16,980",0.74,기분은 어떨까.,어?,대단해.,반응형,sub_0873_3916.2s.jpg,0.04,,,25.0,90.0,50.0,78.0,75.0,0.60969,0.0,66.0,0.0,0.0,0.3727,그래도 기분은 좋아요.,그래도 기분 좋았어요.,손상된 일본어 ASR + 타임스탬프 사진 + 앞뒤 문맥 추론,40.67,T3,화자·문맥·자연스러움 집중 검토,,74.31532198371576,54.8,P3,말투·질문응답·가독성 위주 검토
ABF-305,사진 대조 1차 교정본,874,"01:05:22,540 --> 01:05:23,140",0.6,대단해.,기분은 어떨까.,"조금, 제대로 우리가 하고 있잖아.",반말형,sub_0874_3922.5s.jpg,0.04,,,25.0,90.0,50.0,78.0,75.0,0.30682,42.0,66.0,0.0,0.0,1.0,대단해.,기분 좋네.,일본어 원문 + 타임스탬프 사진 + 장면 연속성,35.51,T3,화자·문맥·자연스러움 집중 검토,,52.70170244263509,42.73,P3,말투·질문응답·가독성 위주 검토
ABF-305,사진 대조 1차 교정본,875,"01:05:27,360 --> 01:05:30,680",3.32,"조금, 제대로 우리가 하고 있잖아.",대단해.,긴장하지 마.,반응형,sub_0875_3927.4s.jpg,0.04,,,25.0,90.0,50.0,78.0,75.0,0.81115,0.0,66.0,0.0,0.0,0.4168,서 있잖아.,완전히 서 있잖아.,일본어 원문 대조 + 자연스러운 한국어 대사 교정,49.13,T3,화자·문맥·자연스러움 집중 검토,,96.29903774981496,68.94,P2,앞뒤 5블록·사진·오류 기억을 함께 검토
ABF-305,사진 대조 1차 교정본,876,"01:05:31,260 --> 01:05:32,580",1.32,긴장하지 마.,"조금, 제대로 우리가 하고 있잖아.",있잖아.,반말형,sub_0876_3931.3s.jpg,0.04,,,25.0,90.0,50.0,78.0,75.0,0.52825,0.0,66.0,0.0,0.0,0.4602,하지 마.,잠깐만.,손상된 일본어 ASR + 타임스탬프 사진 + 앞뒤 문맥 추론,37.25,T3,화자·문맥·자연스러움 집중 검토,,60.029607698001485,46.82,P3,말투·질문응답·가독성 위주 검토
ABF-305,사진 대조 1차 교정본,877,"01:05:33,220 --> 01:05:33,600",0.38,있잖아.,긴장하지 마.,다운됐지.,반응형,sub_0877_3933.2s.jpg,0.02,,,25.0,90.0,50.0,78.0,75.0,0.46619,27.72,66.0,0.0,0.0,0.881,서 있잖아.,완전히 서 있잖아.,일본어 원문 대조 + 자연스러운 한국어 대사 교정,39.63,T3,화자·문맥·자연스러움 집중 검토,,70.24426350851222,52.49,P3,말투·질문응답·가독성 위주 검토
ABF-305,사진 대조 1차 교정본,878,"01:05:40,560 --> 01:05:41,720",1.16,다운됐지.,있잖아.,저기.,반말형,sub_0878_3940.6s.jpg,0.04,,,25.0,90.0,50.0,78.0,75.0,0.35962,0.0,66.0,0.0,0.0,0.0707,잘 거지.,갈 수 있어.,사진 장면 확인 및 한국어 번역투·ASR 오역 교정,30.16,T4,구조검사 통과 시 유지,,29.977794226498887,30.08,P4,회귀검사 통과 시 유지
ABF-305,사진 대조 1차 교정본,879,"01:05:45,440 --> 01:05:46,640",1.2,저기.,다운됐지.,"2분 동안, 좋네.",중립·혼합형,sub_0879_3945.4s.jpg,0.04,,,25.0,90.0,50.0,78.0,75.0,0.30923,0.0,66.0,0.0,0.0,0.4881,저기...,저기…,,28.05,T4,구조검사 통과 시 유지,,22.945965951147297,25.91,P4,회귀검사 통과 시 유지
ABF-305,사진 대조 1차 교정본,880,"01:05:46,640 --> 01:05:52,420",5.78,"2분 동안, 좋네.",저기.,여성분 몸은 부드럽네.,반말형,sub_0880_3946.6s.jpg,0.04,,,25.0,90.0,50.0,78.0,75.0,0.74638,0.0,66.0,0.0,0.0,0.4752,좋네.,좋아.,일본어 원문 대조 + 자연스러운 한국어 대사 교정,46.41,T3,화자·문맥·자연스러움 집중 검토,,91.78386380458919,65.47,P2,앞뒤 5블록·사진·오류 기억을 함께 검토
ABF-305,사진 대조 1차 교정본,881,"01:05:53,320 --> 01:05:54,760",1.44,여성분 몸은 부드럽네.,"2분 동안, 좋네.",긴장하지 않았어?,반말형,sub_0881_3953.3s.jpg,0.02,,,25.0,90.0,50.0,78.0,75.0,0.79946,0.0,66.0,0.0,0.0,0.2142,네 몸은 네가 잘 알지.,네 몸은 네가 제일 잘 알지.,일본어 원문 대조 + 자연스러운 한국어 대사 교정,48.64,T3,화자·문맥·자연스러움 집중 검토,,95.78090303478905,68.44,P2,앞뒤 5블록·사진·오류 기억을 함께 검토
ABF-305,사진 대조 1차 교정본,882,"01:06:16,970 --> 01:06:19,130",2.16,긴장하지 않았어?,여성분 몸은 부드럽네.,조금 찍어올게.,반응형,sub_0882_3977.0s.jpg,0.03,,,25.0,90.0,50.0,78.0,75.0,0.73307,0.0,66.0,0.0,0.0,0.5188,이상하지 않았어?,오래 만난 사람은?,손상된 일본어 ASR + 타임스탬프 사진 + 앞뒤 문맥 추론,45.85,T3,화자·문맥·자연스러움 집중 검토,,90.59955588452998,64.64,P2,앞뒤 5블록·사진·오류 기억을 함께 검토
ABF-305,사진 대조 1차 교정본,883,"01:06:20,170 --> 01:06:21,410",1.24,조금 찍어올게.,긴장하지 않았어?,좋네.,반응형,sub_0883_3980.2s.jpg,0.03,,,25.0,90.0,50.0,78.0,75.0,0.719,0.0,66.0,0.0,0.0,0.1664,조금 쉬세요.,잠깐만.,,45.26,T3,화자·문맥·자연스러움 집중 검토,,89.34122871946705,63.77,P2,앞뒤 5블록·사진·오류 기억을 함께 검토
ABF-305,사진 대조 1차 교정본,884,"01:06:21,630 --> 01:06:22,570",0.94,좋네.,조금 찍어올게.,조금...,반말형,sub_0884_3981.6s.jpg,0.03,,,25.0,90.0,50.0,78.0,75.0,0.37257,42.0,66.0,0.0,0.0,1.0,좋네.,좋아.,일본어 원문 대조 + 자연스러운 한국어 대사 교정,38.27,T3,화자·문맥·자연스러움 집중 검토,,63.582531458179126,48.9,P3,말투·질문응답·가독성 위주 검토
ABF-305,사진 대조 1차 교정본,885,"01:06:22,570 --> 01:06:22,930",0.36,조금...,좋네.,너무 밀착했어...,중립·혼합형,sub_0885_3982.6s.jpg,0.03,,,25.0,90.0,50.0,78.0,75.0,0.34842,25.8,66.0,0.0,0.0,0.865,그럼 조금...,그럼 조금…,,34.34,T4,구조검사 통과 시 유지,,46.558105107327904,39.47,P4,회귀검사 통과 시 유지
ABF-305,사진 대조 1차 교정본,886,"01:06:27,530 --> 01:06:29,130",1.6,너무 밀착했어...,조금...,너무 밀착했는데요...,반응형,sub_0886_3987.5s.jpg,0.03,,,25.0,90.0,50.0,78.0,75.0,0.48997,0.0,66.0,0.0,0.0,0.2846,너무 울렸어...,[불명],,35.64,T3,화자·문맥·자연스러움 집중 검토,,53.21983715766099,43.02,P3,말투·질문응답·가독성 위주 검토
ABF-305,사진 대조 1차 교정본,887,"01:06:31,410 --> 01:06:33,690",2.28,너무 밀착했는데요...,너무 밀착했어...,해버렸다...,중립·혼합형,sub_0887_3991.4s.jpg,0.01,,,25.0,90.0,50.0,78.0,75.0,0.56867,0.0,66.0,0.0,0.0,0.173,"하아, 너무 기분 좋아...","하아, 너무 기분 좋아…",,38.94,T3,화자·문맥·자연스러움 집중 검토,,66.46928201332346,50.5,P3,말투·질문응답·가독성 위주 검토
ABF-305,사진 대조 1차 교정본,888,"01:06:35,330 --> 01:06:37,570",2.24,해버렸다...,너무 밀착했는데요...,"미안, 조금...",반말형,sub_0888_3995.3s.jpg,0.03,,,25.0,90.0,50.0,78.0,75.0,0.35675,0.0,66.0,0.0,0.0,0.3035,"아, 해 버렸다.","아, 찍혔다.",일본어 원문 대조 + 자연스러운 한국어 대사 교정,30.04,T4,구조검사 통과 시 유지,,29.57068837897853,29.84,P4,회귀검사 통과 시 유지
ABF-305,사진 대조 1차 교정본,889,"01:06:40,030 --> 01:06:41,570",1.54,"미안, 조금...",해버렸다...,"전혀, 혼자서...",중립·혼합형,sub_0889_4000.0s.jpg,0.03,,,25.0,90.0,50.0,78.0,75.0,0.47011,0.0,66.0,0.0,0.0,0.6278,그럼 조금...,그럼 조금…,,34.8,T4,구조검사 통과 시 유지,,48.85270170244264,40.7,P3,말투·질문응답·가독성 위주 검토
ABF-305,사진 대조 1차 교정본,890,"01:06:42,690 --> 01:06:46,670",3.98,"전혀, 혼자서...","미안, 조금...",오~!,중립·혼합형,sub_0890_4002.7s.jpg,0.01,,,25.0,90.0,50.0,78.0,79.0,0.64789,0.0,66.0,0.0,0.0,0.2687,"그럭저럭, 가끔. 정말 의외인데. 혼자서? 혼자서. 게다가 혼자서. 집에서 말이야. 맛은 잘 모르지만. 좋잖아.",가끔 마셔요. 의외죠? 집에서 혼자 마실 때도 있어요.,사진 장면 확인 및 한국어 번역투·ASR 오역 교정,42.51,T3,화자·문맥·자연스러움 집중 검토,,80.60695780903035,58.51,P2,앞뒤 5블록·사진·오류 기억을 함께 검토
ABF-305,사진 대조 1차 교정본,891,"01:06:52,850 --> 01:06:53,370",0.52,오~!,"전혀, 혼자서...",재밌었어?,중립·혼합형,sub_0891_4012.8s.jpg,0.05,,,25.0,90.0,50.0,78.0,75.0,0.13844,0.0,66.0,0.0,0.0,0.2061,우와~!,우와…!,,20.87,T4,구조검사 통과 시 유지,,5.699481865284974,14.5,P4,회귀검사 통과 시 유지
ABF-305,사진 대조 1차 교정본,892,"01:07:21,730 --> 01:07:22,630",0.9,재밌었어?,오~!,"응, 고마워...",반응형,sub_0892_4041.7s.jpg,0.03,,,25.0,90.0,50.0,78.0,75.0,0.36661,0.0,66.0,0.0,0.0,0.1551,빨 생각하고 있었어?,아까부터 빨 생각만 했지?,일본어 원문 대조 + 자연스러운 한국어 대사 교정,30.46,T4,구조검사 통과 시 유지,,30.866025166543302,30.63,P4,회귀검사 통과 시 유지
ABF-305,사진 대조 1차 교정본,893,"01:07:24,070 --> 01:07:25,070",1.0,"응, 고마워...",재밌었어?,"미안해, 조금 독선적인 짓을 해버려서...",반응형,sub_0893_4044.1s.jpg,0.03,,,25.0,90.0,50.0,78.0,75.0,0.50811,0.0,66.0,0.0,0.0,0.5599,고마워.,손으로 잡아 줘.,일본어 원문 + 타임스탬프 사진 + 장면 연속성,36.4,T3,화자·문맥·자연스러움 집중 검토,,56.18060695780903,44.71,P3,말투·질문응답·가독성 위주 검토
ABF-305,사진 대조 1차 교정본,894,"01:07:28,030 --> 01:07:31,490",3.46,"미안해, 조금 독선적인 짓을 해버려서...","응, 고마워...","그럼, 기운 내서 해보자...",반말형,sub_0894_4048.0s.jpg,0.03,,,25.0,90.0,50.0,78.0,75.0,0.80604,0.0,66.0,0.0,0.0,0.3207,"하지 마. 미안, 미안해, 미안해.","잠깐만. 미안, 미안해.",일본어 원문 대조 + 자연스러운 한국어 대사 교정,48.91,T3,화자·문맥·자연스러움 집중 검토,,96.07698001480385,68.72,P2,앞뒤 5블록·사진·오류 기억을 함께 검토
ABF-305,사진 대조 1차 교정본,895,"01:07:32,570 --> 01:07:34,350",1.78,"그럼, 기운 내서 해보자...","미안해, 조금 독선적인 짓을 해버려서...",맛있습니다.,반말형,sub_0895_4052.6s.jpg,0.03,,,25.0,90.0,50.0,78.0,75.0,0.61784,0.0,66.0,0.0,0.0,0.2598,자...,자…,,41.01,T3,화자·문맥·자연스러움 집중 검토,,75.86972612879349,55.65,P3,말투·질문응답·가독성 위주 검토
ABF-305,사진 대조 1차 교정본,896,"01:07:36,610 --> 01:07:37,570",0.96,맛있습니다.,"그럼, 기운 내서 해보자...",이쪽도 열심히 할 테니까...,존댓말형,sub_0896_4056.6s.jpg,0.01,,,25.0,90.0,50.0,78.0,75.0,0.31119,42.0,66.0,0.0,18.0,1.0,맛있습니다.,맛있어.,,37.13,T3,화자·문맥·자연스러움 집중 검토,formality_shift,59.32642487046632,46.45,P3,말투·질문응답·가독성 위주 검토
ABF-305,사진 대조 1차 교정본,897,"01:07:37,770 --> 01:07:38,950",1.18,이쪽도 열심히 할 테니까...,맛있습니다.,"조금, 평범하게 샤워나 하자...",중립·혼합형,sub_0897_4057.8s.jpg,0.03,,,25.0,90.0,50.0,78.0,75.0,0.65406,0.0,66.0,0.0,0.0,0.4159,"봐봐, 또 가르쳐 줄 테니까...","봐봐, 또 가르쳐 줄 테니까…",,42.53,T3,화자·문맥·자연스러움 집중 검토,,80.75499629903776,58.58,P2,앞뒤 5블록·사진·오류 기억을 함께 검토
ABF-305,사진 대조 1차 교정본,898,"01:07:40,770 --> 01:07:42,950",2.18,"조금, 평범하게 샤워나 하자...",이쪽도 열심히 할 테니까...,"응, 볼래?",중립·혼합형,sub_0898_4060.8s.jpg,0.03,,,25.0,90.0,50.0,78.0,79.0,0.85069,0.0,66.0,0.0,0.0,0.2299,자...,자…,,51.03,T3,화자·문맥·자연스러움 집중 검토,,98.29755736491488,70.88,P2,앞뒤 5블록·사진·오류 기억을 함께 검토
ABF-305,사진 대조 1차 교정본,899,"01:07:42,950 --> 01:07:44,810",1.86,"응, 볼래?","조금, 평범하게 샤워나 하자...",응...,반응형,sub_0899_4062.9s.jpg,0.05,,,25.0,90.0,50.0,78.0,75.0,0.46548,0.0,66.0,0.0,0.0,0.2494,저쪽에서도 해볼래?,저쪽에서도 해 볼래?,,34.61,T4,구조검사 통과 시 유지,,48.11250925240563,40.28,P3,말투·질문응답·가독성 위주 검토
ABF-305,사진 대조 1차 교정본,900,"01:07:45,170 --> 01:07:45,610",0.44,응...,"응, 볼래?",맛있어?,반응형,sub_0900_4065.2s.jpg,0.03,,,25.0,90.0,50.0,78.0,75.0,0.21385,42.0,66.0,0.0,0.0,1.0,응...,응…,,31.6,T4,구조검사 통과 시 유지,,35.899333826794965,33.41,P4,회귀검사 통과 시 유지
ABF-305,사진 대조 1차 교정본,901,"01:08:02,510 --> 01:08:03,010",0.5,맛있어?,응...,응?,반응형,sub_0901_4082.5s.jpg,0.01,,,25.0,90.0,50.0,78.0,75.0,0.19742,0.0,66.0,0.0,0.0,0.3079,자고 있어?,땀나?,사진 장면 확인 및 한국어 번역투·ASR 오역 교정,23.35,T4,구조검사 통과 시 유지,,10.214655810510733,17.83,P4,회귀검사 통과 시 유지
ABF-305,사진 대조 1차 교정본,902,"01:08:03,490 --> 01:08:03,930",0.44,응?,맛있어?,맛있어?,반응형,sub_0902_4083.5s.jpg,0.01,,,25.0,90.0,50.0,78.0,75.0,0.16626,0.0,66.0,0.0,0.0,0.4138,응? 잠깐 기다려…,응? 잠깐만…,일본어 원문 대조 + 자연스러운 한국어 대사 교정,22.04,T4,구조검사 통과 시 유지,,7.253886010362693,15.83,P4,회귀검사 통과 시 유지
ABF-305,사진 대조 1차 교정본,903,"01:08:35,410 --> 01:08:36,310",0.9,맛있어?,응?,맛있어.,반응형,sub_0903_4115.4s.jpg,0.01,,,25.0,90.0,50.0,78.0,75.0,0.18944,0.0,66.0,0.0,0.0,0.3079,자고 있어?,땀나?,사진 장면 확인 및 한국어 번역투·ASR 오역 교정,23.02,T4,구조검사 통과 시 유지,,9.548482605477423,17.36,P4,회귀검사 통과 시 유지
ABF-305,사진 대조 1차 교정본,904,"01:08:52,350 --> 01:08:52,890",0.54,맛있어.,맛있어?,맛있어.,반응형,sub_0904_4132.4s.jpg,0.05,,,25.0,90.0,50.0,78.0,75.0,0.11769,0.0,66.0,0.0,0.0,0.6216,"음-, 맛있어.",음… 맛있어.,,20.0,T4,구조검사 통과 시 유지,,4.58919319022946,13.53,P4,회귀검사 통과 시 유지
ABF-305,사진 대조 1차 교정본,905,"01:08:52,890 --> 01:08:53,110",0.22,맛있어.,맛있어.,맛있어.,반응형,sub_0905_4132.9s.jpg,0.01,,,25.0,90.0,50.0,78.0,75.0,0.12408,0.0,66.0,25.0,30.0,0.6216,"음-, 맛있어.",음… 맛있어.,,25.17,T4,구조검사 통과 시 유지,borderline_cps;triple_identical_run,14.581791265729088,20.72,P4,회귀검사 통과 시 유지
ABF-305,사진 대조 1차 교정본,906,"01:08:53,110 --> 01:08:53,130",0.02,맛있어.,맛있어.,맛있어.,반응형,sub_0906_4133.1s.jpg,0.01,,,25.0,90.0,50.0,78.0,75.0,0.26628,0.0,66.0,70.0,30.0,0.6216,"음-, 맛있어.",음… 맛있어.,,35.64,T3,화자·문맥·자연스러움 집중 검토,high_cps;triple_identical_run,53.21983715766099,43.02,P3,말투·질문응답·가독성 위주 검토
ABF-305,사진 대조 1차 교정본,907,"01:09:00,600 --> 01:09:01,480",0.88,맛있어.,맛있어.,맛있어.,반응형,sub_0907_4140.6s.jpg,0.0,,,25.0,90.0,50.0,78.0,75.0,0.12176,0.0,66.0,0.0,30.0,0.6216,"음-, 맛있어.",음… 맛있어.,,22.57,T4,구조검사 통과 시 유지,triple_identical_run,8.734270910436713,16.76,P4,회귀검사 통과 시 유지
ABF-305,사진 대조 1차 교정본,908,"01:09:01,480 --> 01:09:26,300",24.82,맛있어.,맛있어.,맛있어.,반응형,sub_0908_4141.5s.jpg,0.02,,,25.0,90.0,50.0,78.0,75.0,0.13893,0.0,66.0,0.0,30.0,0.6216,"음-, 맛있어.",음… 맛있어.,,23.29,T4,구조검사 통과 시 유지,triple_identical_run,10.140636565507032,17.77,P4,회귀검사 통과 시 유지
ABF-305,사진 대조 1차 교정본,909,"01:09:26,340 --> 01:09:27,440",1.1,맛있어.,맛있어.,맛있어.,반응형,sub_0909_4166.3s.jpg,0.04,,,25.0,90.0,50.0,78.0,75.0,0.11722,0.0,66.0,0.0,30.0,0.6216,"음-, 맛있어.",음… 맛있어.,,22.38,T4,구조검사 통과 시 유지,triple_identical_run,7.623982235381199,16.18,P4,회귀검사 통과 시 유지
ABF-305,사진 대조 1차 교정본,910,"01:09:27,440 --> 01:09:32,620",5.18,맛있어.,맛있어.,"어라, 서 있어?",반응형,sub_0910_4167.4s.jpg,0.04,,,25.0,90.0,50.0,78.0,75.0,0.14773,0.0,66.0,0.0,0.0,0.6216,"음-, 맛있어.",음… 맛있어.,,21.26,T4,구조검사 통과 시 유지,,6.217616580310881,14.94,P4,회귀검사 통과 시 유지
ABF-305,사진 대조 1차 교정본,911,"01:09:32,620 --> 01:09:33,700",1.08,"어라, 서 있어?",맛있어.,세웠어?,반응형,sub_0911_4172.6s.jpg,0.02,,,25.0,90.0,50.0,78.0,75.0,0.47225,0.0,66.0,0.0,0.0,0.4291,자고 있어?,땀나?,사진 장면 확인 및 한국어 번역투·ASR 오역 교정,34.89,T4,구조검사 통과 시 유지,,49.370836417468546,40.97,P3,말투·질문응답·가독성 위주 검토
ABF-305,사진 대조 1차 교정본,912,"01:09:33,700 --> 01:09:35,080",1.38,세웠어?,"어라, 서 있어?",맛있어.,반응형,sub_0912_4173.7s.jpg,0.0,,,25.0,90.0,50.0,78.0,75.0,0.25357,0.0,66.0,0.0,0.0,0.2525,아쉬웠어?,거의 갔어?,일본어 원문 대조 + 자연스러운 한국어 대사 교정,25.71,T4,구조검사 통과 시 유지,,15.803108808290157,21.55,P4,회귀검사 통과 시 유지
ABF-305,사진 대조 1차 교정본,913,"01:09:35,080 --> 01:09:38,860",3.78,맛있어.,세웠어?,"응, 가고 싶다고 생각해.",반응형,sub_0913_4175.1s.jpg,0.02,,,25.0,90.0,50.0,78.0,75.0,0.16497,0.0,66.0,0.0,0.0,0.6216,"음-, 맛있어.",음… 맛있어.,,21.99,T4,구조검사 통과 시 유지,,7.142857142857142,15.75,P4,회귀검사 통과 시 유지
ABF-305,사진 대조 1차 교정본,914,"01:09:39,940 --> 01:09:40,980",1.04,"응, 가고 싶다고 생각해.",맛있어.,맛있어.,반응형,sub_0914_4179.9s.jpg,0.04,,,25.0,90.0,50.0,78.0,75.0,0.60173,0.0,66.0,0.0,0.0,0.5703,좋다고 생각해.,좋은 것 같아.,일본어 원문 대조 + 자연스러운 한국어 대사 교정,40.33,T3,화자·문맥·자연스러움 집중 검토,,72.8719467061436,54.0,P3,말투·질문응답·가독성 위주 검토
ABF-305,사진 대조 1차 교정본,915,"01:09:43,680 --> 01:09:46,940",3.26,맛있어.,"응, 가고 싶다고 생각해.",맛있어.,반응형,sub_0915_4183.7s.jpg,0.02,,,25.0,90.0,50.0,78.0,75.0,0.12738,0.0,66.0,0.0,0.0,0.6216,"음-, 맛있어.",음… 맛있어.,,20.41,T4,구조검사 통과 시 유지,,5.329385640266469,14.08,P4,회귀검사 통과 시 유지
ABF-305,사진 대조 1차 교정본,916,"01:09:46,940 --> 01:09:52,300",5.36,맛있어.,맛있어.,오!,반응형,sub_0916_4186.9s.jpg,0.04,,,25.0,90.0,50.0,78.0,75.0,0.19147,0.0,66.0,0.0,0.0,0.6216,"음-, 맛있어.",음… 맛있어.,,23.1,T4,구조검사 통과 시 유지,,9.696521095484826,17.47,P4,회귀검사 통과 시 유지
ABF-305,사진 대조 1차 교정본,917,"01:09:52,860 --> 01:09:53,180",0.32,오!,맛있어.,"방금 전엔 만지기만 했으니까 말야, 핥지
않았으니까.",중립·혼합형,sub_0917_4192.9s.jpg,0.04,,,25.0,90.0,50.0,78.0,75.0,0.19389,0.0,66.0,0.0,0.0,0.4094,오오!,오오…!,일본어 원문 대조 + 자연스러운 한국어 대사 교정,23.2,T4,구조검사 통과 시 유지,,9.91857883049593,17.62,P4,회귀검사 통과 시 유지
ABF-305,사진 대조 1차 교정본,918,"01:10:50,420 --> 01:10:55,160",4.74,"방금 전엔 만지기만 했으니까 말야, 핥지
않았으니까.",오!,배가 아파.,반말형,sub_0918_4250.4s.jpg,0.02,,,25.0,90.0,50.0,78.0,79.0,0.85333,0.0,66.0,0.0,0.0,0.2348,너도 네 멋대로 했으니까 나도 기분 좋게 해줘.,너도 네 멋대로 했으니까 나도 기분 좋게 해 줘.,,51.14,T3,화자·문맥·자연스러움 집중 검토,,98.44559585492227,71.01,P2,앞뒤 5블록·사진·오류 기억을 함께 검토
ABF-305,사진 대조 1차 교정본,919,"01:11:20,910 --> 01:11:22,670",1.76,배가 아파.,"방금 전엔 만지기만 했으니까 말야, 핥지
않았으니까.",기분 좋아?,반응형,sub_0919_4280.9s.jpg,0.01,,,25.0,90.0,50.0,78.0,75.0,0.41886,42.0,66.0,0.0,0.0,1.0,배가 아파.,안쪽이 아파.,,40.21,T3,화자·문맥·자연스러움 집중 검토,,72.31680236861584,53.69,P3,말투·질문응답·가독성 위주 검토
ABF-305,사진 대조 1차 교정본,920,"01:11:31,260 --> 01:11:32,960",1.7,기분 좋아?,배가 아파.,앉아봐.,반응형,sub_0920_4291.3s.jpg,0.04,,,25.0,90.0,50.0,78.0,75.0,0.38011,0.0,66.0,0.0,0.0,0.6017,"아, 거기... 기분 좋아?","아, 거기… 기분 좋아?",,31.02,T4,구조검사 통과 시 유지,,33.75277572168764,32.17,P4,회귀검사 통과 시 유지
ABF-305,사진 대조 1차 교정본,921,"01:12:17,440 --> 01:12:18,280",0.84,앉아봐.,기분 좋아?,"벌려서, 여기 얹어줘.",반응형,sub_0921_4337.4s.jpg,0.04,,,25.0,90.0,50.0,78.0,75.0,0.44286,0.0,66.0,0.0,0.0,0.1373,평소처럼 앉아서 움직여 줘.,평소처럼 앉아서 움직여 봐.,일본어 원문 대조 + 자연스러운 한국어 대사 교정,33.66,T4,구조검사 통과 시 유지,,44.152479644707626,38.07,P4,회귀검사 통과 시 유지
ABF-305,사진 대조 1차 교정본,922,"01:12:32,430 --> 01:12:34,390",1.96,"벌려서, 여기 얹어줘.",앉아봐.,엄청 뜨거워지고 있어.,반응형,sub_0922_4352.4s.jpg,0.03,,,25.0,90.0,50.0,78.0,75.0,0.72671,0.0,66.0,0.0,0.0,0.1612,잠깐 보고 있어줘.,그대로 보고 있어 줘.,일본어 원문 대조 + 자연스러운 한국어 대사 교정,45.58,T3,화자·문맥·자연스러움 집중 검토,,89.93338267949666,64.21,P2,앞뒤 5블록·사진·오류 기억을 함께 검토
ABF-305,사진 대조 1차 교정본,923,"01:12:52,930 --> 01:12:54,590",1.66,엄청 뜨거워지고 있어.,"벌려서, 여기 얹어줘.",자기야.,반응형,sub_0923_4372.9s.jpg,0.03,,,25.0,90.0,50.0,78.0,75.0,0.66995,0.0,66.0,0.0,0.0,0.2426,"아니, 뜨거워.",몸이 뜨거워.,손상된 일본어 ASR + 타임스탬프 사진 + 앞뒤 문맥 추론,43.2,T3,화자·문맥·자연스러움 집중 검토,,82.79052553663952,59.83,P2,앞뒤 5블록·사진·오류 기억을 함께 검토
ABF-305,사진 대조 1차 교정본,924,"01:12:57,150 --> 01:12:58,190",1.04,자기야.,엄청 뜨거워지고 있어.,"아, 거기.",반말형,sub_0924_4377.1s.jpg,0.05,,,25.0,90.0,50.0,78.0,75.0,0.26086,0.0,66.0,0.0,0.0,0.0885,자지 안 넣을 거야.,아직은 안 넣을 거야.,손상된 일본어 ASR + 타임스탬프 사진 + 앞뒤 문맥 추론,26.02,T4,구조검사 통과 시 유지,,16.87638786084382,22.18,P4,회귀검사 통과 시 유지
ABF-305,사진 대조 1차 교정본,925,"01:13:02,770 --> 01:13:03,950",1.18,"아, 거기.",자기야.,기다려 주세요.,반응형,sub_0925_4382.8s.jpg,0.03,,,25.0,90.0,50.0,78.0,75.0,0.36927,0.0,66.0,0.0,0.0,0.5515,"아, 거기...","아, 거기…",,30.57,T4,구조검사 통과 시 유지,,31.754256106587714,31.07,P4,회귀검사 통과 시 유지
ABF-305,사진 대조 1차 교정본,926,"01:13:20,200 --> 01:13:22,700",2.5,기다려 주세요.,"아, 거기.",사진을...,존댓말형,sub_0926_4400.2s.jpg,0.0,,,25.0,90.0,50.0,78.0,75.0,0.45045,16.68,66.0,0.0,0.0,0.789,기다려 주세요...,기다려 주세요…,,36.98,T3,화자·문맥·자연스러움 집중 검토,,58.697261287934865,46.1,P3,말투·질문응답·가독성 위주 검토
ABF-305,사진 대조 1차 교정본,927,"01:13:54,500 --> 01:13:57,670",3.17,사진을...,기다려 주세요.,아...,중립·혼합형,sub_0927_4434.5s.jpg,0.0,,,25.0,90.0,50.0,78.0,75.0,0.29835,0.0,66.0,0.0,0.0,0.1743,사진 촬영...,사진 촬영…,,27.59,T4,구조검사 통과 시 유지,,21.61361954108068,25.08,P4,회귀검사 통과 시 유지
ABF-305,사진 대조 1차 교정본,928,"01:13:57,670 --> 01:14:07,660",9.99,아...,사진을...,기다려...,반응형,sub_0928_4437.7s.jpg,0.03,,,25.0,90.0,50.0,78.0,75.0,0.22519,42.0,66.0,0.0,0.0,1.0,아...,아…,,32.08,T4,구조검사 통과 시 유지,,37.638786084381934,34.41,P4,회귀검사 통과 시 유지
ABF-305,사진 대조 1차 교정본,929,"01:14:07,920 --> 01:14:09,140",1.22,기다려...,아...,하나 더...,중립·혼합형,sub_0929_4447.9s.jpg,0.02,,,25.0,90.0,50.0,78.0,75.0,0.28868,42.0,66.0,0.0,0.0,1.0,기다려...,기다려…,,34.74,T4,구조검사 통과 시 유지,,48.556624722427834,40.54,P3,말투·질문응답·가독성 위주 검토
ABF-305,사진 대조 1차 교정본,930,"01:14:18,630 --> 01:14:21,430",2.8,하나 더...,기다려...,맛있겠다.,중립·혼합형,sub_0930_4458.6s.jpg,0.03,,,25.0,90.0,50.0,78.0,75.0,0.38142,2.49,66.0,0.0,0.0,0.6707,"응, 더...","응, 더…",,31.53,T4,구조검사 통과 시 유지,,35.529237601776465,33.21,P4,회귀검사 통과 시 유지
ABF-305,사진 대조 1차 교정본,931,"01:14:53,380 --> 01:14:55,220",1.84,맛있겠다.,하나 더...,"대박이야, 이거.",중립·혼합형,sub_0931_4493.4s.jpg,0.02,,,25.0,90.0,50.0,78.0,75.0,0.3005,0.0,66.0,0.0,0.0,0.1515,맛있다.,바람 좋다.,일본어 원문 대조 + 자연스러운 한국어 대사 교정,27.68,T4,구조검사 통과 시 유지,,21.909696521095483,25.26,P4,회귀검사 통과 시 유지
ABF-305,사진 대조 1차 교정본,932,"01:14:56,720 --> 01:14:57,860",1.14,"대박이야, 이거.",맛있겠다.,기분 좋아.,반말형,sub_0932_4496.7s.jpg,0.02,,,25.0,90.0,50.0,78.0,75.0,0.37865,0.0,66.0,0.0,0.0,0.4517,"네, 이거.","네, 해 볼게요.",사진 장면 확인 및 한국어 번역투·ASR 오역 교정,30.96,T4,구조검사 통과 시 유지,,33.23464100666173,31.92,P4,회귀검사 통과 시 유지
ABF-305,사진 대조 1차 교정본,933,"01:15:24,990 --> 01:15:26,090",1.1,기분 좋아.,"대박이야, 이거.",아파.,반응형,sub_0933_4525.0s.jpg,0.01,,,25.0,90.0,50.0,78.0,75.0,0.31548,42.0,66.0,0.0,0.0,1.0,기분 좋아.,"아, 좋아.",화면 영문 자막 대조,35.87,T3,화자·문맥·자연스러움 집중 검토,,54.18208734270911,43.56,P3,말투·질문응답·가독성 위주 검토
ABF-305,사진 대조 1차 교정본,934,"01:15:37,990 --> 01:15:38,870",0.88,아파.,기분 좋아.,그런 소리를 내는구나.,반응형,sub_0934_4538.0s.jpg,0.01,,,25.0,90.0,50.0,78.0,75.0,0.26369,13.69,66.0,0.0,0.0,0.7641,배가 아파.,안쪽이 아파.,,28.6,T4,구조검사 통과 시 유지,,24.278312361213917,26.78,P4,회귀검사 통과 시 유지
ABF-305,사진 대조 1차 교정본,935,"01:15:50,130 --> 01:15:51,730",1.6,그런 소리를 내는구나.,아파.,이쪽으로 가. 거기에 손을 짚고.,중립·혼합형,sub_0935_4550.1s.jpg,0.03,,,25.0,90.0,50.0,78.0,75.0,0.52052,0.0,66.0,0.0,0.0,0.2779,"야한 교성 소리를 그렇게 크게 내면,",야한 교성 소리를 그렇게 크게 내면,,36.92,T3,화자·문맥·자연스러움 집중 검토,,58.40118430792006,45.94,P3,말투·질문응답·가독성 위주 검토
ABF-305,사진 대조 1차 교정본,936,"01:15:57,490 --> 01:16:04,040",6.55,이쪽으로 가. 거기에 손을 짚고.,그런 소리를 내는구나.,손 짚고 내밀어봐. 완전 에로틱해.,반응형,sub_0936_4557.5s.jpg,0.01,,,25.0,90.0,50.0,78.0,75.0,0.68544,0.0,66.0,0.0,0.0,0.3242,이쪽으로 넣어 주세요...,이쪽으로 넣어 주세요…,,43.85,T3,화자·문맥·자연스러움 집중 검토,,84.7520355292376,61.03,P2,앞뒤 5블록·사진·오류 기억을 함께 검토
ABF-305,사진 대조 1차 교정본,937,"01:16:07,400 --> 01:16:21,000",13.6,손 짚고 내밀어봐. 완전 에로틱해.,이쪽으로 가. 거기에 손을 짚고.,응? 왜 다리를 오므리는 거야?,반응형,sub_0937_4567.4s.jpg,0.0,,,25.0,90.0,50.0,78.0,75.0,0.6209,0.0,66.0,0.0,0.0,0.3514,"자, 혀를 조금 내밀어봐...","자, 혀를 조금 내밀어봐…",,41.14,T3,화자·문맥·자연스러움 집중 검토,,76.38786084381938,55.94,P3,말투·질문응답·가독성 위주 검토
ABF-305,사진 대조 1차 교정본,938,"01:16:22,360 --> 01:16:24,840",2.48,응? 왜 다리를 오므리는 거야?,손 짚고 내밀어봐. 완전 에로틱해.,왜 다리를 오므렸어? 야하게 다리를 벌려줘.,반응형,sub_0938_4582.4s.jpg,0.04,,,25.0,90.0,50.0,78.0,75.0,0.7065,0.0,66.0,0.0,0.0,0.2983,다리를 벌려...,다리를 벌려…,,44.73,T3,화자·문맥·자연스러움 집중 검토,,87.8978534418949,62.86,P2,앞뒤 5블록·사진·오류 기억을 함께 검토
ABF-305,사진 대조 1차 교정본,939,"01:16:25,740 --> 01:16:29,320",3.58,왜 다리를 오므렸어? 야하게 다리를 벌려줘.,응? 왜 다리를 오므리는 거야?,수고했어.,반말형,sub_0939_4585.7s.jpg,0.04,,,25.0,90.0,50.0,78.0,75.0,0.80048,0.0,66.0,0.0,0.0,0.4324,다리를 벌려...,다리를 벌려…,,48.68,T3,화자·문맥·자연스러움 집중 검토,,95.85492227979275,68.49,P2,앞뒤 5블록·사진·오류 기억을 함께 검토
ABF-305,사진 대조 1차 교정본,940,"01:16:31,140 --> 01:16:32,240",1.1,수고했어.,왜 다리를 오므렸어? 야하게 다리를 벌려줘.,"아, 그래 그래 맞아.",반응형,sub_0940_4591.1s.jpg,0.04,,,25.0,90.0,50.0,78.0,75.0,0.36935,0.0,66.0,0.0,0.0,0.1527,계속 생각했어.,부끄러워? 뭔가 야하네.,일본어 원문 + 타임스탬프 사진 + 장면 연속성,30.57,T4,구조검사 통과 시 유지,,31.754256106587714,31.07,P4,회귀검사 통과 시 유지
ABF-305,사진 대조 1차 교정본,941,"01:16:32,460 --> 01:16:33,480",1.02,"아, 그래 그래 맞아.",수고했어.,수고했어.,반응형,sub_0941_4592.5s.jpg,0.04,,,25.0,90.0,50.0,78.0,75.0,0.53306,0.0,66.0,0.0,0.0,0.2842,"아, 그래.",간다.,화면 영문 자막 대조,37.45,T3,화자·문맥·자연스러움 집중 검토,,60.76980014803849,47.24,P3,말투·질문응답·가독성 위주 검토
ABF-305,사진 대조 1차 교정본,942,"01:16:34,580 --> 01:17:03,020",28.44,수고했어.,"아, 그래 그래 맞아.",수고했어.,반응형,sub_0942_4594.6s.jpg,0.02,,,25.0,90.0,50.0,78.0,75.0,0.28592,0.0,66.0,0.0,0.0,0.1527,계속 생각했어.,부끄러워? 뭔가 야하네.,일본어 원문 + 타임스탬프 사진 + 장면 연속성,27.07,T4,구조검사 통과 시 유지,,19.98519615099926,24.09,P4,회귀검사 통과 시 유지
ABF-305,사진 대조 1차 교정본,943,"01:17:19,020 --> 01:17:20,340",1.32,수고했어.,수고했어.,수고했어.,반응형,sub_0943_4639.0s.jpg,0.02,,,25.0,90.0,50.0,78.0,75.0,0.29765,0.0,66.0,0.0,30.0,0.1527,계속 생각했어.,부끄러워? 뭔가 야하네.,일본어 원문 + 타임스탬프 사진 + 장면 연속성,29.96,T4,구조검사 통과 시 유지,triple_identical_run,29.274611398963728,29.67,P4,회귀검사 통과 시 유지
ABF-305,사진 대조 1차 교정본,944,"01:17:20,340 --> 01:17:21,140",0.8,수고했어.,수고했어.,안 돼.,반응형,sub_0944_4640.3s.jpg,0.04,,,25.0,90.0,50.0,78.0,75.0,0.2894,0.0,66.0,0.0,0.0,0.1527,계속 생각했어.,부끄러워? 뭔가 야하네.,일본어 원문 + 타임스탬프 사진 + 장면 연속성,27.21,T4,구조검사 통과 시 유지,,20.355292376017765,24.33,P4,회귀검사 통과 시 유지
ABF-305,사진 대조 1차 교정본,945,"01:17:23,580 --> 01:17:24,040",0.46,안 돼.,수고했어.,얼굴 제대로 안 보여줬네.,중립·혼합형,sub_0945_4643.6s.jpg,0.02,,,25.0,90.0,50.0,78.0,75.0,0.24414,42.0,66.0,0.0,0.0,1.0,안 돼.,"네, 놀랐어요.",타임스탬프 사진과 앞뒤 장면으로 대사 기능 복원,32.87,T4,구조검사 통과 시 유지,,41.00666173205033,36.29,P4,회귀검사 통과 시 유지
ABF-305,사진 대조 1차 교정본,946,"01:17:49,060 --> 01:17:51,060",2.0,얼굴 제대로 안 보여줬네.,안 돼.,그렇게 금방 가버려?,반말형,sub_0946_4669.1s.jpg,0.04,,,25.0,90.0,50.0,78.0,75.0,0.4819,0.0,66.0,0.0,0.0,0.3374,제대로 돼 있네.,제대로 가려지네.,일본어 원문 대조 + 자연스러운 한국어 대사 교정,35.3,T3,화자·문맥·자연스러움 집중 검토,,51.22131754256106,41.99,P3,말투·질문응답·가독성 위주 검토
ABF-305,사진 대조 1차 교정본,947,"01:18:01,610 --> 01:18:02,710",1.1,그렇게 금방 가버려?,얼굴 제대로 안 보여줬네.,윽.,중립·혼합형,sub_0947_4681.6s.jpg,0.01,,,25.0,90.0,50.0,78.0,75.0,0.41267,0.0,66.0,0.0,0.0,0.2877,가버려.,가 버려.,,32.39,T4,구조검사 통과 시 유지,,38.860103626943,35.11,P4,회귀검사 통과 시 유지
ABF-305,사진 대조 1차 교정본,948,"01:18:04,030 --> 01:18:04,530",0.5,윽.,그렇게 금방 가버려?,봐봐.,중립·혼합형,sub_0948_4684.0s.jpg,0.03,,,25.0,90.0,50.0,78.0,75.0,0.35894,0.0,66.0,0.0,0.0,0.2933,오오... 윽...,오오… 윽…,,30.14,T4,구조검사 통과 시 유지,,29.829755736491485,30.01,P4,회귀검사 통과 시 유지
ABF-305,사진 대조 1차 교정본,949,"01:18:23,940 --> 01:18:25,340",1.4,봐봐.,윽.,대단해.,중립·혼합형,sub_0949_4703.9s.jpg,0.04,,,25.0,90.0,50.0,78.0,75.0,0.55661,0.0,66.0,0.0,0.0,0.5585,"봐봐, 봐봐, 봐봐, 봐봐.","봐봐, 봐봐.",일본어 원문 + 타임스탬프 사진 + 장면 연속성,38.44,T3,화자·문맥·자연스러움 집중 검토,,64.47076239822354,49.37,P3,말투·질문응답·가독성 위주 검토
ABF-305,사진 대조 1차 교정본,950,"01:18:32,260 --> 01:18:32,960",0.7,대단해.,봐봐.,안대.,반말형,sub_0950_4712.3s.jpg,0.04,,,25.0,90.0,50.0,78.0,75.0,0.43343,42.0,66.0,0.0,0.0,1.0,대단해.,기분 좋네.,일본어 원문 + 타임스탬프 사진 + 장면 연속성,40.82,T3,화자·문맥·자연스러움 집중 검토,,74.75943745373797,55.07,P3,말투·질문응답·가독성 위주 검토
ABF-305,사진 대조 1차 교정본,951,"01:18:43,040 --> 01:18:44,380",1.34,안대.,대단해.,잠깐만요.,중립·혼합형,sub_0951_4723.0s.jpg,0.04,,,25.0,90.0,50.0,78.0,75.0,0.69822,0.0,66.0,0.0,0.0,0.1367,안대 쓰고 있는 모습 보니까 진짜 좋네.,안대 쓴 모습 보니까 더 야하네.,일본어 원문 대조 + 자연스러운 한국어 대사 교정,44.39,T3,화자·문맥·자연스러움 집중 검토,,86.56550703182828,62.1,P2,앞뒤 5블록·사진·오류 기억을 함께 검토
ABF-305,사진 대조 1차 교정본,952,"01:20:19,320 --> 01:20:20,220",0.9,잠깐만요.,안대.,아~,반응형,sub_0952_4819.3s.jpg,0.02,,,25.0,90.0,50.0,78.0,75.0,0.67696,42.0,66.0,0.0,0.0,1.0,잠깐만요.,조금만 기다려.,일본어 원문 대조 + 자연스러운 한국어 대사 교정,51.05,T3,화자·문맥·자연스러움 집중 검토,,98.37157660991858,70.93,P2,앞뒤 5블록·사진·오류 기억을 함께 검토
ABF-305,사진 대조 1차 교정본,953,"01:20:20,280 --> 01:20:37,200",16.92,아~,잠깐만요.,거기 잡는 거 멋있어.,반응형,sub_0953_4820.3s.jpg,0.02,,,25.0,90.0,50.0,78.0,75.0,0.47406,0.06,66.0,0.0,0.0,0.6505,아~ 기분 좋아~,아… 기분 좋아…,,34.98,T4,구조검사 통과 시 유지,,49.81495188749075,41.21,P3,말투·질문응답·가독성 위주 검토
ABF-305,사진 대조 1차 교정본,954,"01:20:37,200 --> 01:20:39,480",2.28,거기 잡는 거 멋있어.,아~,금방 가버리면 안 돼?,반응형,sub_0954_4837.2s.jpg,0.0,,,25.0,90.0,50.0,78.0,75.0,0.48939,0.0,66.0,0.0,0.0,0.2129,아… 기분 좋아. 아… 거기 거기.,"아… 좋아. 거기, 거기.",일본어 원문 대조 + 자연스러운 한국어 대사 교정,35.61,T3,화자·문맥·자연스러움 집중 검토,,53.07179866765359,42.94,P3,말투·질문응답·가독성 위주 검토
ABF-305,사진 대조 1차 교정본,955,"01:20:57,130 --> 01:20:58,890",1.76,금방 가버리면 안 돼?,거기 잡는 거 멋있어.,"그게 몸에 윤활제 역할을 해주는 것
같습니다.",중립·혼합형,sub_0955_4857.1s.jpg,0.03,,,25.0,90.0,50.0,78.0,75.0,0.45662,0.0,66.0,0.0,0.0,0.2747,금방 하아 하고.,금방 숨이 가빠지네.,,34.24,T4,구조검사 통과 시 유지,,46.2620281273131,39.29,P4,회귀검사 통과 시 유지
ABF-305,사진 대조 1차 교정본,956,"01:21:00,550 --> 01:21:06,110",5.56,"그게 몸에 윤활제 역할을 해주는 것
같습니다.",금방 가버리면 안 돼?,이야기하면서 즐겨주세요.,중립·혼합형,sub_0956_4860.6s.jpg,0.05,,,25.0,90.0,50.0,78.0,75.0,0.51207,0.0,66.0,0.0,0.0,0.1963,성관계 외에도 함께 술을 마시며 친해진 일이 계기였던 것 같습니다.,섹스뿐 아니라 같이 술도 마시면서 가까워진 게 계기였던 것 같아요.,,36.57,T3,화자·문맥·자연스러움 집중 검토,,56.92079940784603,45.12,P3,말투·질문응답·가독성 위주 검토
ABF-305,사진 대조 1차 교정본,957,"01:21:10,370 --> 01:21:13,830",3.46,이야기하면서 즐겨주세요.,"그게 몸에 윤활제 역할을 해주는 것
같습니다.","아아, 허벅지가 느껴지는 걸까?",중립·혼합형,sub_0957_4870.4s.jpg,0.03,,,25.0,90.0,50.0,78.0,75.0,0.41572,0.0,66.0,0.0,0.0,0.1844,쉬어 주세요.,잠깐 쉬게 해 주세요.,사진 장면 확인 및 한국어 번역투·ASR 오역 교정,32.52,T4,구조검사 통과 시 유지,,39.82235381199112,35.59,P4,회귀검사 통과 시 유지
ABF-305,사진 대조 1차 교정본,958,"01:21:17,280 --> 01:21:25,160",7.88,"아아, 허벅지가 느껴지는 걸까?",이야기하면서 즐겨주세요.,숨을 쉬지 않으면 움직일 수 없게 돼.,반응형,sub_0958_4877.3s.jpg,0.02,,,25.0,90.0,50.0,78.0,75.0,0.56333,0.0,66.0,0.0,0.0,0.2678,"아아, 같아.",갈 것 같아.,,38.72,T3,화자·문맥·자연스러움 집중 검토,,65.58105107327906,50.0,P3,말투·질문응답·가독성 위주 검토
ABF-305,사진 대조 1차 교정본,959,"01:21:35,540 --> 01:21:37,120",1.58,숨을 쉬지 않으면 움직일 수 없게 돼.,"아아, 허벅지가 느껴지는 걸까?","음, 응!",반말형,sub_0959_4895.5s.jpg,0.04,,,25.0,90.0,50.0,78.0,79.0,0.7696,0.0,66.0,0.0,0.0,0.247,안 돼.,"네, 놀랐어요.",타임스탬프 사진과 앞뒤 장면으로 대사 기능 복원,47.62,T3,화자·문맥·자연스러움 집중 검토,,94.59659511472984,67.35,P2,앞뒤 5블록·사진·오류 기억을 함께 검토
ABF-305,사진 대조 1차 교정본,960,"01:21:37,120 --> 01:21:39,360",2.24,"음, 응!",숨을 쉬지 않으면 움직일 수 없게 돼.,기분 좋아.,반응형,sub_0960_4897.1s.jpg,0.02,,,25.0,90.0,50.0,78.0,75.0,0.17454,0.0,66.0,0.0,0.0,0.3641,"더 야하게 해 봐. 음, 음, 음... 그렇지!","더 야하게 해 봐. 음, 음, 음… 그렇지!",,22.39,T4,구조검사 통과 시 유지,,7.6980014803849,16.22,P4,회귀검사 통과 시 유지
ABF-305,사진 대조 1차 교정본,961,"01:21:49,800 --> 01:21:50,960",1.16,기분 좋아.,"음, 응!",어떤 느낌일 때 갈 것 같아?,반응형,sub_0961_4909.8s.jpg,0.0,,,25.0,90.0,50.0,78.0,75.0,0.22029,42.0,66.0,0.0,0.0,1.0,기분 좋아.,"아, 좋아.",화면 영문 자막 대조,31.87,T4,구조검사 통과 시 유지,,36.97261287934863,34.01,P4,회귀검사 통과 시 유지
ABF-305,사진 대조 1차 교정본,962,"01:22:05,410 --> 01:22:07,050",1.64,어떤 느낌일 때 갈 것 같아?,기분 좋아.,"정말, 기분 좋아.",중립·혼합형,sub_0962_4925.4s.jpg,0.01,,,25.0,90.0,50.0,78.0,75.0,0.45787,0.0,66.0,0.0,0.0,0.3925,싸버릴 것 같아?,싸 버릴 것 같아?,,34.29,T4,구조검사 통과 시 유지,,46.44707623982235,39.4,P4,회귀검사 통과 시 유지
ABF-305,사진 대조 1차 교정본,963,"01:22:13,660 --> 01:22:18,060",4.4,"정말, 기분 좋아.",어떤 느낌일 때 갈 것 같아?,먹혔다.,반응형,sub_0963_4933.7s.jpg,0.04,,,25.0,90.0,50.0,78.0,75.0,0.31643,0.0,66.0,0.0,0.0,0.6231,기분 좋아.,"아, 좋아.",화면 영문 자막 대조,28.35,T4,구조검사 통과 시 유지,,23.686158401184308,26.39,P4,회귀검사 통과 시 유지
ABF-305,사진 대조 1차 교정본,964,"01:22:19,580 --> 01:22:21,160",1.58,먹혔다.,"정말, 기분 좋아.",미안해.,중립·혼합형,sub_0964_4939.6s.jpg,0.02,,,25.0,90.0,50.0,78.0,75.0,0.271,0.0,66.0,0.0,0.0,0.0601,먹어봤습니다.,먹어 볼게요.,,26.44,T4,구조검사 통과 시 유지,,18.134715025906736,22.95,P4,회귀검사 통과 시 유지
ABF-305,사진 대조 1차 교정본,965,"01:22:29,470 --> 01:22:30,450",0.98,미안해.,먹혔다.,엄청.,반말형,sub_0965_4949.5s.jpg,0.03,,,25.0,90.0,50.0,78.0,75.0,0.345,18.85,66.0,0.0,0.0,0.8071,아... 미안해.,아… 미안해.,,32.94,T4,구조검사 통과 시 유지,,41.37675795706884,36.48,P4,회귀검사 통과 시 유지
ABF-305,사진 대조 1차 교정본,966,"01:22:35,170 --> 01:22:36,110",0.94,엄청.,미안해.,미안해.,중립·혼합형,sub_0966_4955.2s.jpg,0.03,,,25.0,90.0,50.0,78.0,75.0,0.36707,0.0,66.0,0.0,0.0,0.4486,엄청...,엄청…,,30.48,T4,구조검사 통과 시 유지,,31.125092524056253,30.75,P4,회귀검사 통과 시 유지
ABF-305,사진 대조 1차 교정본,967,"01:22:59,490 --> 01:23:00,580",1.09,미안해.,엄청.,무리야.,반말형,sub_0967_4979.5s.jpg,0.01,,,25.0,90.0,50.0,78.0,75.0,0.37034,18.85,66.0,0.0,0.0,0.8071,아... 미안해.,아… 미안해.,,34.01,T4,구조검사 통과 시 유지,,45.44781643227239,38.81,P4,회귀검사 통과 시 유지
ABF-305,사진 대조 1차 교정본,968,"01:23:01,460 --> 01:23:02,200",0.74,무리야.,미안해.,무리?,반말형,sub_0968_4981.5s.jpg,0.04,,,25.0,90.0,50.0,78.0,75.0,0.32951,0.0,66.0,0.0,0.0,0.4507,- 이제 무리야... - 무리 아니야. 조금만 더.,- 이제 무리야… - 무리 아니야. 조금만 더.,,28.9,T4,구조검사 통과 시 유지,,25.166543301258326,27.33,P4,회귀검사 통과 시 유지
ABF-305,사진 대조 1차 교정본,969,"01:23:02,560 --> 01:23:02,980",0.42,무리?,무리야.,응...,중립·혼합형,sub_0969_4982.6s.jpg,0.04,,,25.0,90.0,50.0,78.0,75.0,0.2671,0.0,66.0,0.0,0.0,0.1641,- 이제 무리야... - 무리 아니야. 조금만 더.,- 이제 무리야… - 무리 아니야. 조금만 더.,,26.28,T4,구조검사 통과 시 유지,,17.69059955588453,22.67,P4,회귀검사 통과 시 유지
ABF-305,사진 대조 1차 교정본,970,"01:23:02,980 --> 01:23:03,980",1.0,응...,무리?,하나 더 싸기 쉬워!,반응형,sub_0970_4983.0s.jpg,0.02,,,25.0,90.0,50.0,78.0,75.0,0.33865,42.0,66.0,0.0,0.0,1.0,응...,응…,,36.84,T3,화자·문맥·자연스러움 집중 검토,,58.10510732790526,45.77,P3,말투·질문응답·가독성 위주 검토
ABF-305,사진 대조 1차 교정본,971,"01:23:07,600 --> 01:23:08,980",1.38,하나 더 싸기 쉬워!,응...,"넣으면, 진짜 대박!",중립·혼합형,sub_0971_4987.6s.jpg,0.0,,,25.0,90.0,50.0,78.0,75.0,0.45977,0.0,66.0,0.0,0.0,0.1346,"하아, 으음. 이러기 쉬워.",이러면 더 잘 느끼지?,,34.37,T4,구조검사 통과 시 유지,,46.74315321983716,39.57,P4,회귀검사 통과 시 유지
ABF-305,사진 대조 1차 교정본,972,"01:23:12,040 --> 01:23:13,520",1.48,"넣으면, 진짜 대박!",하나 더 싸기 쉬워!,"우와, 맛있다!",반응형,sub_0972_4992.0s.jpg,0.04,,,25.0,90.0,50.0,78.0,79.0,0.53304,0.0,66.0,0.0,0.0,0.179,진짜 엄청 좋아...,진짜 엄청 좋아…,,37.69,T3,화자·문맥·자연스러움 집중 검토,,61.62102146558105,47.74,P3,말투·질문응답·가독성 위주 검토
ABF-305,사진 대조 1차 교정본,973,"01:23:13,840 --> 01:24:14,760",60.92,"우와, 맛있다!","넣으면, 진짜 대박!","대박이네, 이거 완전 대박!",중립·혼합형,sub_0973_4993.8s.jpg,0.04,,,25.0,90.0,50.0,78.0,75.0,0.36511,0.0,66.0,0.0,0.0,0.2787,맛있다.,바람 좋다.,일본어 원문 대조 + 자연스러운 한국어 대사 교정,30.39,T4,구조검사 통과 시 유지,,30.68097705403405,30.51,P4,회귀검사 통과 시 유지
ABF-305,사진 대조 1차 교정본,974,"01:24:25,020 --> 01:24:28,080",3.06,"대박이네, 이거 완전 대박!","우와, 맛있다!","대단해, 이거.",반말형,sub_0974_5065.0s.jpg,0.02,,,25.0,90.0,50.0,78.0,75.0,0.43131,0.0,66.0,0.0,0.0,0.2043,이거 너무 기분 좋아. 여기 들어가서 진짜 대박이야.,안쪽까지 들어오니까 정말 좋아.,성인 장면의 부자연스러운 문장 교정,33.18,T4,구조검사 통과 시 유지,,42.41302738712065,37.06,P4,회귀검사 통과 시 유지
ABF-305,사진 대조 1차 교정본,975,"01:24:28,480 --> 01:24:31,160",2.68,"대단해, 이거.","대박이네, 이거 완전 대박!",잠깐만.,반말형,sub_0975_5068.5s.jpg,0.02,,,25.0,90.0,50.0,78.0,75.0,0.58281,0.0,66.0,0.0,0.0,0.5037,"네, 이거.","네, 해 볼게요.",사진 장면 확인 및 한국어 번역투·ASR 오역 교정,39.54,T3,화자·문맥·자연스러움 집중 검토,,69.5780903034789,52.16,P3,말투·질문응답·가독성 위주 검토
ABF-305,사진 대조 1차 교정본,976,"01:24:38,880 --> 01:24:39,220",0.34,잠깐만.,"대단해, 이거.","초근접 샷 들어갈게.
벌써 카메라가 바짝 붙었네.",반응형,sub_0976_5078.9s.jpg,0.02,,,25.0,90.0,50.0,78.0,75.0,0.43644,11.04,66.0,0.0,0.0,0.742,하아… 잠깐만.,목욕물 받아 놓은 거지?,일본어 원문 + 타임스탬프 사진 + 장면 연속성,35.38,T3,화자·문맥·자연스러움 집중 검토,,51.66543301258327,42.22,P3,말투·질문응답·가독성 위주 검토
ABF-305,사진 대조 1차 교정본,977,"01:24:39,920 --> 01:24:46,180",6.26,"초근접 샷 들어갈게.
벌써 카메라가 바짝 붙었네.",잠깐만.,"대단해, 이거.",반말형,sub_0977_5079.9s.jpg,0.02,,,25.0,90.0,50.0,78.0,75.0,0.69137,0.0,66.0,0.0,0.0,0.1691,세 번째 자세로 넘어갈게.,이번엔 입으로 해 줘.,타임스탬프 사진과 장면 흐름으로 명백한 오인식 교정,44.1,T3,화자·문맥·자연스러움 집중 검토,,85.67727609178387,61.56,P2,앞뒤 5블록·사진·오류 기억을 함께 검토
ABF-305,사진 대조 1차 교정본,978,"01:24:46,560 --> 01:24:47,420",0.86,"대단해, 이거.","초근접 샷 들어갈게.
벌써 카메라가 바짝 붙었네.","가고 있어, 가고 있어.",반말형,sub_0978_5086.6s.jpg,0.04,,,25.0,90.0,50.0,78.0,75.0,0.52639,0.0,66.0,0.0,0.0,0.5037,"네, 이거.","네, 해 볼게요.",사진 장면 확인 및 한국어 번역투·ASR 오역 교정,37.17,T3,화자·문맥·자연스러움 집중 검토,,59.511472982975576,46.55,P3,말투·질문응답·가독성 위주 검토
ABF-305,사진 대조 1차 교정본,979,"01:26:16,610 --> 01:26:17,890",1.28,"가고 있어, 가고 있어.","대단해, 이거.",싫은 거야?,반응형,sub_0979_5176.6s.jpg,0.01,,,25.0,90.0,50.0,78.0,75.0,0.5967,0.0,66.0,0.0,0.0,0.2838,뒤에 있어.,뒤쪽도 보여 줘.,일본어 원문 대조 + 자연스러운 한국어 대사 교정,40.12,T3,화자·문맥·자연스러움 집중 검토,,72.09474463360473,53.55,P3,말투·질문응답·가독성 위주 검토
ABF-305,사진 대조 1차 교정본,980,"01:26:19,450 --> 01:26:20,030",0.58,싫은 거야?,"가고 있어, 가고 있어.",언제나 받아주세요.,반말형,sub_0980_5179.4s.jpg,0.05,,,25.0,90.0,50.0,78.0,75.0,0.31099,0.23,66.0,0.0,18.0,0.6519,싫은 거야.,싫어?,일본어 원문 대조 + 자연스러운 한국어 대사 교정,29.6,T4,구조검사 통과 시 유지,formality_shift,27.942264988897115,28.9,P4,회귀검사 통과 시 유지
ABF-305,사진 대조 1차 교정본,981,"01:26:22,150 --> 01:26:24,110",1.96,언제나 받아주세요.,싫은 거야?,"잔뜩 싸도 좋아, 대박 싸도 좋아.",반응형,sub_0981_5182.1s.jpg,0.05,,,25.0,90.0,50.0,78.0,75.0,0.38323,0.0,66.0,0.0,35.0,0.2952,"조금만 더, 빨아주세요.",조금만 더 빨아 줘.,일본어 원문 대조 + 자연스러운 한국어 대사 교정,33.96,T4,구조검사 통과 시 유지,formality_jump,45.29977794226499,38.72,P4,회귀검사 통과 시 유지
ABF-305,사진 대조 1차 교정본,982,"01:26:24,530 --> 01:26:25,730",1.2,"잔뜩 싸도 좋아, 대박 싸도 좋아.",언제나 받아주세요.,"진짜, 거의 배 아래까지 온다.",반말형,sub_0982_5184.5s.jpg,0.03,,,25.0,90.0,50.0,78.0,75.0,0.56808,0.0,66.0,0.0,0.0,0.3777,손에 싸도 돼?,엉덩이에 싸도 돼?,,38.92,T3,화자·문맥·자연스러움 집중 검토,,66.35825314581791,50.44,P3,말투·질문응답·가독성 위주 검토
ABF-305,사진 대조 1차 교정본,983,"01:26:26,770 --> 01:26:45,690",18.92,"진짜, 거의 배 아래까지 온다.","잔뜩 싸도 좋아, 대박 싸도 좋아.",먼저 페이지를 보여드립니다.,반응형,sub_0983_5186.8s.jpg,0.03,,,25.0,90.0,50.0,78.0,75.0,0.53678,0.0,66.0,0.0,0.0,0.0743,"아, 진짜 웃겨.",어? 무슨 말이야?,일본어 원문 + 타임스탬프 사진 + 장면 연속성,37.6,T3,화자·문맥·자연스러움 집중 검토,,61.213915618060696,47.52,P3,말투·질문응답·가독성 위주 검토
ABF-305,사진 대조 1차 교정본,984,"01:26:53,080 --> 01:26:58,680",5.6,먼저 페이지를 보여드립니다.,"진짜, 거의 배 아래까지 온다.","자, 손을 짚고 엉덩이를 넓혀서.",중립·혼합형,sub_0984_5213.1s.jpg,0.02,,,25.0,90.0,50.0,78.0,75.0,0.60051,0.0,66.0,0.0,0.0,0.3077,잘 부탁드립니다.,좋은 아침입니다.,,40.28,T3,화자·문맥·자연스러움 집중 검토,,72.6498889711325,53.88,P3,말투·질문응답·가독성 위주 검토
ABF-305,사진 대조 1차 교정본,985,"01:27:05,400 --> 01:27:09,540",4.14,"자, 손을 짚고 엉덩이를 넓혀서.",먼저 페이지를 보여드립니다.,"자, 많이 해 줄게.",중립·혼합형,sub_0985_5225.4s.jpg,0.0,,,25.0,90.0,50.0,78.0,83.0,0.92696,0.0,66.0,0.0,0.0,0.3275,네 엉덩이를 핥게 해줘.,네 엉덩이를 핥게 해 줘.,,54.47,T3,화자·문맥·자연스러움 집중 검토,,99.6299037749815,73.44,P1,장면 패킷을 열고 후보 3개를 생성해 반증 검토
ABF-305,사진 대조 1차 교정본,986,"01:27:17,370 --> 01:27:24,730",7.36,"자, 많이 해 줄게.","자, 손을 짚고 엉덩이를 넓혀서.",아하하하.,반말형,sub_0986_5237.4s.jpg,0.03,,,25.0,90.0,50.0,78.0,75.0,0.60331,0.0,66.0,0.0,0.0,0.4291,"누나, 기분 좋게 해 줄게.",나도 기분 좋게 해 줄게.,사진 장면 확인 및 한국어 번역투·ASR 오역 교정,40.4,T3,화자·문맥·자연스러움 집중 검토,,73.31606217616581,54.22,P3,말투·질문응답·가독성 위주 검토
ABF-305,사진 대조 1차 교정본,987,"01:27:27,340 --> 01:27:28,800",1.46,아하하하.,"자, 많이 해 줄게.",아~ 무너지네.,반응형,sub_0987_5247.3s.jpg,0.04,,,25.0,90.0,50.0,78.0,75.0,0.34013,0.0,66.0,0.0,0.0,0.0369,좋아하는...,좋아하는…,,29.35,T4,구조검사 통과 시 유지,,26.94300518134715,28.34,P4,회귀검사 통과 시 유지
ABF-305,사진 대조 1차 교정본,988,"01:27:29,980 --> 01:27:31,140",1.16,아~ 무너지네.,아하하하.,아~ 무너지네.,반응형,sub_0988_5250.0s.jpg,0.02,,,25.0,90.0,50.0,78.0,75.0,0.37949,0.0,66.0,0.0,0.0,0.2675,아~ 기분 좋아~,아… 기분 좋아…,,31.0,T4,구조검사 통과 시 유지,,33.64174685418209,32.11,P4,회귀검사 통과 시 유지
ABF-305,사진 대조 1차 교정본,989,"01:28:28,380 --> 01:28:30,340",1.96,아~ 무너지네.,아~ 무너지네.,"아, 싸기 쉬워.",반응형,sub_0989_5308.4s.jpg,0.02,,,25.0,90.0,50.0,78.0,75.0,0.47077,0.0,66.0,0.0,0.0,0.2675,아~ 기분 좋아~,아… 기분 좋아…,,34.83,T4,구조검사 통과 시 유지,,49.074759437453736,40.81,P3,말투·질문응답·가독성 위주 검토
ABF-305,사진 대조 1차 교정본,990,"01:28:34,820 --> 01:28:36,340",1.52,"아, 싸기 쉬워.",아~ 무너지네.,싸주세요.,반응형,sub_0990_5314.8s.jpg,0.02,,,25.0,90.0,50.0,78.0,75.0,0.53191,0.0,66.0,0.0,0.0,0.4343,"하아, 으음. 이러기 쉬워.",이러면 더 잘 느끼지?,,37.4,T3,화자·문맥·자연스러움 집중 검토,,60.62176165803109,47.15,P3,말투·질문응답·가독성 위주 검토
ABF-305,사진 대조 1차 교정본,991,"01:28:36,340 --> 01:28:37,840",1.5,싸주세요.,"아, 싸기 쉬워.",벌써 가버렸어.,존댓말형,sub_0991_5316.3s.jpg,0.04,,,25.0,90.0,50.0,78.0,75.0,0.31241,0.0,66.0,0.0,0.0,0.3205,쉬어 주세요.,잠깐 쉬게 해 주세요.,사진 장면 확인 및 한국어 번역투·ASR 오역 교정,28.18,T4,구조검사 통과 시 유지,,23.538119911176906,26.23,P4,회귀검사 통과 시 유지
ABF-305,사진 대조 1차 교정본,992,"01:28:37,840 --> 01:28:38,780",0.94,벌써 가버렸어.,싸주세요.,또 갈 것 같아…,반응형,sub_0992_5317.8s.jpg,0.04,,,25.0,90.0,50.0,78.0,75.0,0.40283,0.0,66.0,0.0,0.0,0.4037,"아, 가 버렸어.",끈이 아직 남아 있어요.,일본어 원문 + 타임스탬프 사진 + 장면 연속성,31.98,T4,구조검사 통과 시 유지,,37.15766099185788,34.15,P4,회귀검사 통과 시 유지
ABF-305,사진 대조 1차 교정본,993,"01:28:51,680 --> 01:28:53,320",1.64,또 갈 것 같아…,벌써 가버렸어.,무서워.,반응형,sub_0993_5331.7s.jpg,0.02,앞뒤 절정 대사와 장면 흐름으로 복원,중간,38.0,90.0,50.0,78.0,62.0,0.44664,0.0,48.0,0.0,0.0,0.4538,갈 것 같아.,진짜 갈 것 같아.,일본어 원문 대조 + 자연스러운 한국어 대사 교정,30.16,T4,구조검사 통과 시 유지,,29.977794226498887,30.08,P4,회귀검사 통과 시 유지
ABF-305,사진 대조 1차 교정본,994,"01:28:54,740 --> 01:28:55,780",1.04,무서워.,또 갈 것 같아…,아파.,중립·혼합형,sub_0994_5334.7s.jpg,0.04,,,25.0,90.0,50.0,78.0,75.0,0.23096,31.21,66.0,0.0,0.0,0.9101,좀 더 무서워.,좀 무서워.,,30.38,T4,구조검사 통과 시 유지,,30.569948186528496,30.46,P4,회귀검사 통과 시 유지
ABF-305,사진 대조 1차 교정본,995,"01:30:01,460 --> 01:30:02,580",1.12,아파.,무서워.,어?,반응형,sub_0995_5401.5s.jpg,0.04,,,25.0,90.0,50.0,78.0,75.0,0.24935,13.69,66.0,0.0,0.0,0.7641,배가 아파.,안쪽이 아파.,,28.0,T4,구조검사 통과 시 유지,,22.871946706143596,25.85,P4,회귀검사 통과 시 유지
ABF-305,사진 대조 1차 교정본,996,"01:30:03,440 --> 01:30:03,500",0.06,어?,아파.,어?,반응형,sub_0996_5403.4s.jpg,0.04,,,25.0,90.0,50.0,78.0,75.0,0.10157,0.0,66.0,70.0,0.0,0.3197,어? 벗기고 싶다고? 응.,해 줬으면 좋겠어? 응.,손상된 일본어 ASR + 타임스탬프 사진 + 앞뒤 문맥 추론,26.33,T4,구조검사 통과 시 유지,high_cps,17.838638045891933,22.76,P4,회귀검사 통과 시 유지
ABF-305,사진 대조 1차 교정본,997,"01:30:29,950 --> 01:30:30,050",0.1,어?,어?,뭐야?,반응형,sub_0997_5429.9s.jpg,0.05,,,25.0,90.0,50.0,78.0,75.0,0.1236,0.0,66.0,25.0,0.0,0.3197,어? 벗기고 싶다고? 응.,해 줬으면 좋겠어? 응.,손상된 일본어 ASR + 타임스탬프 사진 + 앞뒤 문맥 추론,22.75,T4,구조검사 통과 시 유지,borderline_cps,9.104367135455218,17.02,P4,회귀검사 통과 시 유지
ABF-305,사진 대조 1차 교정본,998,"01:30:31,530 --> 01:30:32,250",0.72,뭐야?,어?,"다음은, 조금 핥을까.",반말형,sub_0998_5431.5s.jpg,0.03,,,25.0,90.0,50.0,78.0,75.0,0.19178,5.3,66.0,0.0,0.0,0.6942,"아, 아... 뭐야?","아, 아… 뭐야?",,24.07,T4,구조검사 통과 시 유지,,11.917098445595855,18.97,P4,회귀검사 통과 시 유지
ABF-305,사진 대조 1차 교정본,999,"01:30:35,650 --> 01:30:37,270",1.62,"다음은, 조금 핥을까.",뭐야?,핥기?,중립·혼합형,sub_0999_5435.6s.jpg,0.05,,,25.0,90.0,50.0,78.0,79.0,0.73405,0.0,66.0,0.0,0.0,0.1683,다음은 앞쪽이에요.,다음은 이쪽이에요.,타임스탬프 사진과 앞뒤 장면으로 대사 기능 복원,46.13,T3,화자·문맥·자연스러움 집중 검토,,91.04367135455217,64.99,P2,앞뒤 5블록·사진·오류 기억을 함께 검토
ABF-305,사진 대조 1차 교정본,1000,"01:30:37,490 --> 01:30:37,810",0.32,핥기?,"다음은, 조금 핥을까.",왜?,중립·혼합형,sub_1000_5437.5s.jpg,0.01,,,25.0,90.0,50.0,78.0,79.0,0.51257,0.0,66.0,0.0,0.0,0.0532,핥게 해줘.,핥게 해 줘.,,36.83,T3,화자·문맥·자연스러움 집중 검토,,58.03108808290155,45.73,P3,말투·질문응답·가독성 위주 검토
ABF-305,사진 대조 1차 교정본,1001,"01:30:38,070 --> 01:30:38,930",0.86,왜?,핥기?,"부풀어 오르는, 부풀어 오르는 냄새예요.
그것만으론 부족해요.",중립·혼합형,sub_1001_5438.1s.jpg,0.03,,,25.0,90.0,50.0,78.0,75.0,0.27343,0.0,66.0,0.0,0.0,0.2925,괜찮으려나? 왜? 잘 닦이고 있나?,괜찮으려나? 왜? 잘 닦이고 있어?,일본어 원문 대조 + 자연스러운 한국어 대사 교정,26.54,T4,구조검사 통과 시 유지,,18.393782383419687,23.12,P4,회귀검사 통과 시 유지
ABF-305,사진 대조 1차 교정본,1002,"01:30:52,620 --> 01:30:57,740",5.12,"부풀어 오르는, 부풀어 오르는 냄새예요.
그것만으론 부족해요.",왜?,이런 건 두 배의 힘이에요.,중립·혼합형,sub_1002_5452.6s.jpg,0.02,,,25.0,90.0,50.0,78.0,75.0,0.58674,0.0,66.0,0.0,0.0,0.0803,배예요.,배 쪽이요.,일본어 원문 대조 + 자연스러운 한국어 대사 교정,39.7,T3,화자·문맥·자연스러움 집중 검토,,70.54034048852702,52.65,P3,말투·질문응답·가독성 위주 검토
ABF-305,사진 대조 1차 교정본,1003,"01:30:57,740 --> 01:31:05,160",7.42,이런 건 두 배의 힘이에요.,"부풀어 오르는, 부풀어 오르는 냄새예요.
그것만으론 부족해요.",네가 감당하지 못해.,존댓말형,sub_1003_5457.7s.jpg,0.04,,,25.0,90.0,50.0,78.0,75.0,0.6571,0.0,66.0,0.0,18.0,0.2195,숨을 참으면 배에 힘이 들어간다는 뜻이에요.,숨을 참으면 배에 힘이 들어가요.,,44.1,T3,화자·문맥·자연스러움 집중 검토,formality_shift,85.67727609178387,61.56,P2,앞뒤 5블록·사진·오류 기억을 함께 검토
ABF-305,사진 대조 1차 교정본,1004,"01:31:07,160 --> 01:31:08,040",0.88,네가 감당하지 못해.,이런 건 두 배의 힘이에요.,거기에도 우리는 굴하지 않았습니다.,반말형,sub_1004_5467.2s.jpg,0.04,,,25.0,90.0,50.0,78.0,75.0,0.47858,0.0,66.0,0.0,18.0,0.1917,네가 갈 때쯤.,네가 갈 것 같을 때…,,36.6,T3,화자·문맥·자연스러움 집중 검토,formality_shift,57.06883789785344,45.2,P3,말투·질문응답·가독성 위주 검토
ABF-305,사진 대조 1차 교정본,1005,"01:31:09,780 --> 01:31:10,600",0.82,거기에도 우리는 굴하지 않았습니다.,네가 감당하지 못해.,네 비디오를 먹겠습니다.,중립·혼합형,sub_1005_5469.8s.jpg,0.02,,,25.0,90.0,50.0,78.0,75.0,0.69907,0.0,66.0,25.0,0.0,0.2008,우리는 누구일까요?,[불명],,46.92,T3,화자·문맥·자연스러움 집중 검토,borderline_cps,93.04219096965211,66.29,P2,앞뒤 5블록·사진·오류 기억을 함께 검토
ABF-305,사진 대조 1차 교정본,1006,"01:31:11,280 --> 01:31:11,960",0.68,네 비디오를 먹겠습니다.,거기에도 우리는 굴하지 않았습니다.,"왜 저는 커뮤니케이션을 끊고,",중립·혼합형,sub_1006_5471.3s.jpg,0.02,,,25.0,90.0,50.0,78.0,75.0,0.52224,0.0,66.0,25.0,0.0,0.2627,가 보겠습니다.,그럼 가 볼게요.,대화체 자연화,39.49,T3,화자·문맥·자연스러움 집중 검토,borderline_cps,69.43005181347151,52.06,P3,말투·질문응답·가독성 위주 검토
ABF-305,사진 대조 1차 교정본,1007,"01:31:11,960 --> 01:31:15,740",3.78,"왜 저는 커뮤니케이션을 끊고,",네 비디오를 먹겠습니다.,이끌어내기 쉬운가요.,중립·혼합형,sub_1007_5472.0s.jpg,0.04,,,25.0,90.0,50.0,78.0,75.0,0.60667,0.0,66.0,0.0,0.0,0.1511,"아니, 그래도 저는 여길 보고,","아니, 그래도 저는 여길 보고",,40.54,T3,화자·문맥·자연스러움 집중 검토,,73.90821613619542,54.55,P3,말투·질문응답·가독성 위주 검토
ABF-305,사진 대조 1차 교정본,1008,"01:31:15,740 --> 01:31:15,760",0.02,이끌어내기 쉬운가요.,"왜 저는 커뮤니케이션을 끊고,",응.,반응형,sub_1008_5475.7s.jpg,0.04,,,25.0,90.0,50.0,78.0,75.0,0.93042,0.0,66.0,70.0,0.0,0.1931,가요.,갈 것 같아요.,성인 장면 관용 표현 교정,61.14,T2,후보 3개 생성 후 증거 기반 판정,high_cps,100.0,77.46,P1,장면 패킷을 열고 후보 3개를 생성해 반증 검토
ABF-305,사진 대조 1차 교정본,1009,"01:31:15,760 --> 01:31:16,020",0.26,응.,이끌어내기 쉬운가요.,으음.,반응형,sub_1009_5475.8s.jpg,0.04,,,25.0,90.0,50.0,78.0,75.0,0.05072,0.0,66.0,0.0,0.0,0.4149,"하-, 응.",하아… 응.,,17.19,T4,구조검사 통과 시 유지,,1.8504811250925242,10.75,P4,회귀검사 통과 시 유지
ABF-305,사진 대조 1차 교정본,1010,"01:31:24,330 --> 01:31:27,130",2.8,으음.,응.,아니야.,반응형,sub_1010_5484.3s.jpg,0.03,,,25.0,90.0,50.0,78.0,75.0,0.19487,0.0,66.0,0.0,0.0,0.4967,으음...,으음…,,23.24,T4,구조검사 통과 시 유지,,9.99259807549963,17.68,P4,회귀검사 통과 시 유지
ABF-305,사진 대조 1차 교정본,1011,"01:31:30,290 --> 01:31:31,690",1.4,아니야.,으음.,오오!,반응형,sub_1011_5490.3s.jpg,0.01,,,25.0,90.0,50.0,78.0,75.0,0.27251,0.0,66.0,0.0,0.0,0.4212,- 이제 무리야... - 무리 아니야. 조금만 더.,- 이제 무리야… - 무리 아니야. 조금만 더.,,26.51,T4,구조검사 통과 시 유지,,18.208734270910437,23.02,P4,회귀검사 통과 시 유지
ABF-305,사진 대조 1차 교정본,1012,"01:31:40,730 --> 01:31:42,130",1.4,오오!,아니야.,"어이, 어이!",중립·혼합형,sub_1012_5500.7s.jpg,0.03,,,25.0,90.0,50.0,78.0,75.0,0.16759,42.0,66.0,0.0,0.0,1.0,오오!,오오…!,일본어 원문 대조 + 자연스러운 한국어 대사 교정,29.66,T4,구조검사 통과 시 유지,,28.238341968911918,29.06,P4,회귀검사 통과 시 유지
ABF-305,사진 대조 1차 교정본,1013,"01:31:42,370 --> 01:31:42,390",0.02,"어이, 어이!",오오!,"아, 먹고 싶어!",반응형,sub_1013_5502.4s.jpg,0.03,,,25.0,90.0,50.0,78.0,75.0,0.47331,0.0,66.0,70.0,0.0,0.6461,네! 어이!,"네, 잘 부탁드립니다!",사진 장면 확인 및 한국어 번역투·ASR 오역 교정,41.94,T3,화자·문맥·자연스러움 집중 검토,high_cps,79.27461139896373,57.62,P3,말투·질문응답·가독성 위주 검토
ABF-305,사진 대조 1차 교정본,1014,"01:31:44,150 --> 01:31:57,380",13.23,"아, 먹고 싶어!","어이, 어이!",기분 좋아? 기분 좋아? 기분 좋아?,반응형,sub_1014_5504.1s.jpg,0.05,,,25.0,90.0,50.0,78.0,75.0,0.31021,0.0,66.0,0.0,0.0,0.3354,"아, 아, 아, 아, 아, 아, 아,","아, 아, 아, 아, 아, 아, 아",,28.09,T4,구조검사 통과 시 유지,,23.1680236861584,26.02,P4,회귀검사 통과 시 유지
ABF-305,사진 대조 1차 교정본,1015,"01:32:21,050 --> 01:32:42,340",21.29,기분 좋아? 기분 좋아? 기분 좋아?,"아, 먹고 싶어!",기분 좋아?,반말형,sub_1015_5541.1s.jpg,0.05,,,25.0,90.0,50.0,78.0,75.0,0.57095,0.0,66.0,0.0,0.0,0.6017,"아, 거기... 기분 좋아?","아, 거기… 기분 좋아?",,39.04,T3,화자·문맥·자연스러움 집중 검토,,67.13545521835678,50.84,P3,말투·질문응답·가독성 위주 검토
ABF-305,사진 대조 1차 교정본,1016,"01:32:43,740 --> 01:32:45,140",1.4,기분 좋아?,기분 좋아? 기분 좋아? 기분 좋아?,"움직여봐, 위아래로 가자.",반응형,sub_1016_5563.7s.jpg,0.04,,,25.0,90.0,50.0,78.0,75.0,0.35377,0.0,66.0,0.0,0.0,0.6017,"아, 거기... 기분 좋아?","아, 거기… 기분 좋아?",,29.92,T4,구조검사 통과 시 유지,,29.015544041450774,29.54,P4,회귀검사 통과 시 유지
ABF-305,사진 대조 1차 교정본,1017,"01:33:03,420 --> 01:33:07,080",3.66,"움직여봐, 위아래로 가자.",기분 좋아?,기분 좋아?,반응형,sub_1017_5583.4s.jpg,0.02,,,25.0,90.0,50.0,78.0,79.0,0.74615,0.0,66.0,0.0,0.0,0.3934,위아래로 움직이는 느낌...,위아래로 움직이는 느낌…,,46.64,T3,화자·문맥·자연스러움 집중 검토,,92.3760177646188,65.85,P2,앞뒤 5블록·사진·오류 기억을 함께 검토
ABF-305,사진 대조 1차 교정본,1018,"01:33:26,640 --> 01:33:27,980",1.34,기분 좋아?,"움직여봐, 위아래로 가자.",기뻐.,반응형,sub_1018_5606.6s.jpg,0.04,,,25.0,90.0,50.0,78.0,75.0,0.58605,0.0,66.0,0.0,0.0,0.6017,"아, 거기... 기분 좋아?","아, 거기… 기분 좋아?",,39.67,T3,화자·문맥·자연스러움 집중 검토,,70.46632124352331,52.6,P3,말투·질문응답·가독성 위주 검토
ABF-305,사진 대조 1차 교정본,1019,"01:33:38,600 --> 01:33:40,000",1.4,기뻐.,기분 좋아?,기뻐.,중립·혼합형,sub_1019_5618.6s.jpg,0.0,,,25.0,90.0,50.0,78.0,75.0,0.6525,42.0,66.0,0.0,0.0,1.0,기뻐.,기쁘다.,일본어 원문 대조 + 자연스러운 한국어 대사 교정,50.03,T3,화자·문맥·자연스러움 집중 검토,,97.40932642487047,69.93,P2,앞뒤 5블록·사진·오류 기억을 함께 검토
ABF-305,사진 대조 1차 교정본,1020,"01:33:53,560 --> 01:33:56,360",2.8,기뻐.,기뻐.,엉덩이 안 빼?,중립·혼합형,sub_1020_5633.6s.jpg,0.04,,,25.0,90.0,50.0,78.0,75.0,0.79127,42.0,66.0,0.0,0.0,1.0,기뻐.,기쁘다.,일본어 원문 대조 + 자연스러운 한국어 대사 교정,55.85,T3,화자·문맥·자연스러움 집중 검토,,99.85196150999259,74.33,P1,장면 패킷을 열고 후보 3개를 생성해 반증 검토
ABF-305,사진 대조 1차 교정본,1021,"01:34:25,640 --> 01:34:27,540",1.9,엉덩이 안 빼?,기뻐.,엉덩이 안 빼?,중립·혼합형,sub_1021_5665.6s.jpg,0.04,,,25.0,90.0,50.0,78.0,83.0,0.9451,0.0,66.0,0.0,0.0,0.5532,엉덩이 좀 봐.,이 유카타 진짜 귀엽네.,일본어 원문 + 타임스탬프 사진 + 장면 연속성,55.23,T3,화자·문맥·자연스러움 집중 검토,,99.7039230199852,73.91,P1,장면 패킷을 열고 후보 3개를 생성해 반증 검토
ABF-305,사진 대조 1차 교정본,1022,"01:34:34,480 --> 01:34:35,940",1.46,엉덩이 안 빼?,엉덩이 안 빼?,"역시, 좋네?",중립·혼합형,sub_1022_5674.5s.jpg,0.02,,,25.0,90.0,50.0,78.0,83.0,0.88667,0.0,66.0,0.0,0.0,0.5532,엉덩이 좀 봐.,이 유카타 진짜 귀엽네.,일본어 원문 + 타임스탬프 사진 + 장면 연속성,52.78,T3,화자·문맥·자연스러움 집중 검토,,99.18578830495929,72.27,P1,장면 패킷을 열고 후보 3개를 생성해 반증 검토
ABF-305,사진 대조 1차 교정본,1023,"01:34:37,380 --> 01:34:38,740",1.36,"역시, 좋네?",엉덩이 안 빼?,어떻게 된 거야?,반말형,sub_1023_5677.4s.jpg,0.02,,,25.0,90.0,50.0,78.0,75.0,0.56936,0.0,66.0,0.0,0.0,0.1646,좋네.,좋아.,일본어 원문 대조 + 자연스러운 한국어 대사 교정,38.97,T3,화자·문맥·자연스러움 집중 검토,,66.69133974833457,50.61,P3,말투·질문응답·가독성 위주 검토
ABF-305,사진 대조 1차 교정본,1024,"01:34:41,020 --> 01:34:41,960",0.94,어떻게 된 거야?,"역시, 좋네?","에헤헤헤, 힘이 안 들어가.",반응형,sub_1024_5681.0s.jpg,0.02,,,25.0,90.0,50.0,78.0,75.0,0.57747,0.0,66.0,0.0,0.0,0.4454,어떻게 먹는 거?,어떤 식으로?,일본어 원문 대조 + 자연스러운 한국어 대사 교정,39.31,T3,화자·문맥·자연스러움 집중 검토,,68.39378238341969,51.53,P3,말투·질문응답·가독성 위주 검토
ABF-305,사진 대조 1차 교정본,1025,"01:34:42,600 --> 01:34:45,260",2.66,"에헤헤헤, 힘이 안 들어가.",어떻게 된 거야?,엉덩이?,반응형,sub_1025_5682.6s.jpg,0.0,,,25.0,90.0,50.0,78.0,75.0,0.77154,0.0,66.0,0.0,0.0,0.1393,숨을 참으면 배에 힘이 들어간다는 뜻이에요.,숨을 참으면 배에 힘이 들어가요.,,47.46,T3,화자·문맥·자연스러움 집중 검토,,94.00444115470023,67.01,P2,앞뒤 5블록·사진·오류 기억을 함께 검토
ABF-305,사진 대조 1차 교정본,1026,"01:34:48,140 --> 01:34:49,220",1.08,엉덩이?,"에헤헤헤, 힘이 안 들어가.",엉덩이?,중립·혼합형,sub_1026_5688.1s.jpg,0.04,,,25.0,90.0,50.0,78.0,79.0,0.57204,42.0,66.0,0.0,0.0,1.0,엉덩이?,"응, 엉덩이.",일본어 원문 대조 + 자연스러운 한국어 대사 교정,46.89,T3,화자·문맥·자연스러움 집중 검토,,92.96817172464841,66.24,P2,앞뒤 5블록·사진·오류 기억을 함께 검토
ABF-305,사진 대조 1차 교정본,1027,"01:34:49,920 --> 01:34:50,500",0.58,엉덩이?,엉덩이?,"지금, 긴장하고 있어.",중립·혼합형,sub_1027_5689.9s.jpg,0.02,,,25.0,90.0,50.0,78.0,79.0,0.67799,42.0,66.0,0.0,0.0,1.0,엉덩이?,"응, 엉덩이.",일본어 원문 대조 + 자연스러운 한국어 대사 교정,51.34,T3,화자·문맥·자연스러움 집중 검토,,98.66765358993338,71.22,P2,앞뒤 5블록·사진·오류 기억을 함께 검토
ABF-305,사진 대조 1차 교정본,1028,"01:35:15,030 --> 01:35:16,790",1.76,"지금, 긴장하고 있어.",엉덩이?,"응, 알아.",반응형,sub_1028_5715.0s.jpg,0.03,,,25.0,90.0,50.0,78.0,75.0,0.66911,0.0,66.0,0.0,0.0,0.4013,"지금, 시속.",지금 속도요?,일본어 원문 대조 + 자연스러운 한국어 대사 교정,43.16,T3,화자·문맥·자연스러움 집중 검토,,82.53145817912657,59.7,P2,앞뒤 5블록·사진·오류 기억을 함께 검토
ABF-305,사진 대조 1차 교정본,1029,"01:35:16,910 --> 01:35:19,810",2.9,"응, 알아.","지금, 긴장하고 있어.","자, 움직여줘.",반응형,sub_1029_5716.9s.jpg,0.01,,,25.0,90.0,50.0,78.0,75.0,0.46496,0.0,66.0,0.0,0.0,0.6385,대충 알아.,대충 알겠어.,사진 장면 확인 및 한국어 번역투·ASR 오역 교정,34.59,T4,구조검사 통과 시 유지,,48.00148038490008,40.22,P3,말투·질문응답·가독성 위주 검토
ABF-305,사진 대조 1차 교정본,1030,"01:36:14,330 --> 01:36:15,910",1.58,"자, 움직여줘.","응, 알아.",움직여줬으면 좋겠어?,중립·혼합형,sub_1030_5774.3s.jpg,0.03,,,25.0,90.0,50.0,78.0,79.0,0.69936,0.0,66.0,0.0,0.0,0.309,"자, 우선 움직여 볼게요.","자, 우선 먹어 볼게요.",타임스탬프 사진과 앞뒤 장면으로 대사 기능 복원,44.67,T3,화자·문맥·자연스러움 집중 검토,,87.78682457438934,62.78,P2,앞뒤 5블록·사진·오류 기억을 함께 검토
ABF-305,사진 대조 1차 교정본,1031,"01:36:40,160 --> 01:36:41,440",1.28,움직여줬으면 좋겠어?,"자, 움직여줘.",응.,반응형,sub_1031_5800.2s.jpg,0.04,,,25.0,90.0,50.0,78.0,79.0,0.71803,0.0,66.0,0.0,0.0,0.2587,핥아줬으면 좋겠어...,핥아줬으면 좋겠어…,,45.46,T3,화자·문맥·자연스러움 집중 검토,,89.63730569948186,64.01,P2,앞뒤 5블록·사진·오류 기억을 함께 검토
ABF-305,사진 대조 1차 교정본,1032,"01:36:41,720 --> 01:36:41,940",0.22,응.,움직여줬으면 좋겠어?,"아직 나, 안 갔어?",반응형,sub_1032_5801.7s.jpg,0.02,,,25.0,90.0,50.0,78.0,75.0,0.07166,0.0,66.0,0.0,0.0,0.4149,"하-, 응.",하아… 응.,,18.07,T4,구조검사 통과 시 유지,,3.3308660251665434,11.88,P4,회귀검사 통과 시 유지
ABF-305,사진 대조 1차 교정본,1033,"01:37:34,610 --> 01:37:35,930",1.32,"아직 나, 안 갔어?",응.,우와아~~,반응형,sub_1033_5854.6s.jpg,0.01,,,25.0,90.0,50.0,78.0,75.0,0.6408,0.0,66.0,0.0,0.0,0.2413,아직 잘 거지?,아직 갈 수 있지?,사진 장면 확인 및 한국어 번역투·ASR 오역 교정,41.97,T3,화자·문맥·자연스러움 집중 검토,,79.34863064396744,57.67,P3,말투·질문응답·가독성 위주 검토
ABF-305,사진 대조 1차 교정본,1034,"01:37:49,740 --> 01:37:50,420",0.68,우와아~~,"아직 나, 안 갔어?",우오오~~,반응형,sub_1034_5869.7s.jpg,0.04,,,25.0,90.0,50.0,78.0,75.0,0.34148,0.0,66.0,0.0,0.0,0.3008,우와아...,우와아…,,29.4,T4,구조검사 통과 시 유지,,27.054034048852703,28.41,P4,회귀검사 통과 시 유지
ABF-305,사진 대조 1차 교정본,1035,"01:37:52,540 --> 01:38:26,740",34.2,우오오~~,우와아~~,"아, 갈 것 같아.",중립·혼합형,sub_1035_5872.5s.jpg,0.04,,,25.0,90.0,50.0,78.0,75.0,0.21412,0.0,66.0,0.0,0.0,0.0767,오오오...,오오오…,,24.05,T4,구조검사 통과 시 유지,,11.769059955588453,18.89,P4,회귀검사 통과 시 유지
ABF-305,사진 대조 1차 교정본,1036,"01:38:26,740 --> 01:38:26,980",0.24,"아, 갈 것 같아.",우오오~~,대단해.,반응형,sub_1036_5906.7s.jpg,0.04,,,25.0,90.0,50.0,78.0,75.0,0.55213,30.29,66.0,70.0,0.0,0.9024,갈 것 같아.,진짜 갈 것 같아.,일본어 원문 대조 + 자연스러운 한국어 대사 교정,50.7,T3,화자·문맥·자연스러움 집중 검토,high_cps,98.00148038490008,70.57,P2,앞뒤 5블록·사진·오류 기억을 함께 검토
ABF-305,사진 대조 1차 교정본,1037,"01:38:49,780 --> 01:38:50,220",0.44,대단해.,"아, 갈 것 같아.",이쪽에 올라타 있었어.,반말형,sub_1037_5929.8s.jpg,0.02,,,25.0,90.0,50.0,78.0,75.0,0.24976,42.0,66.0,0.0,0.0,1.0,대단해.,기분 좋네.,일본어 원문 + 타임스탬프 사진 + 장면 연속성,33.11,T4,구조검사 통과 시 유지,,42.079940784604,36.88,P4,회귀검사 통과 시 유지
ABF-305,사진 대조 1차 교정본,1038,"01:38:51,340 --> 01:38:52,620",1.28,이쪽에 올라타 있었어.,대단해.,엄청 깊은 데까지 닿아.,반응형,sub_1038_5931.3s.jpg,0.04,,,25.0,90.0,50.0,78.0,75.0,0.73172,0.0,66.0,0.0,0.0,0.4069,누워 있었어.,더 뿜어봐.,,45.79,T3,화자·문맥·자연스러움 집중 검토,,90.41450777202073,64.53,P2,앞뒤 5블록·사진·오류 기억을 함께 검토
ABF-305,사진 대조 1차 교정본,1039,"01:38:59,740 --> 01:39:00,920",1.18,엄청 깊은 데까지 닿아.,이쪽에 올라타 있었어.,허리가 들렸어.,반응형,sub_1039_5939.7s.jpg,0.04,,,25.0,90.0,50.0,78.0,75.0,0.74509,0.0,66.0,0.0,0.0,0.197,엄청 깊이 닿았어.,엄청 많이 묻혔네.,,46.35,T3,화자·문맥·자연스러움 집중 검토,,91.63582531458178,65.37,P2,앞뒤 5블록·사진·오류 기억을 함께 검토
ABF-305,사진 대조 1차 교정본,1040,"01:39:03,900 --> 01:39:04,880",0.98,허리가 들렸어.,엄청 깊은 데까지 닿아.,대단해.,반응형,sub_1040_5943.9s.jpg,0.0,,,25.0,90.0,50.0,78.0,75.0,0.69679,0.0,66.0,0.0,0.0,0.1858,"아, 가 버렸어.",끈이 아직 남아 있어요.,일본어 원문 + 타임스탬프 사진 + 장면 연속성,44.33,T3,화자·문맥·자연스러움 집중 검토,,86.38045891931903,61.99,P2,앞뒤 5블록·사진·오류 기억을 함께 검토
ABF-305,사진 대조 1차 교정본,1041,"01:39:06,560 --> 01:39:07,000",0.44,대단해.,허리가 들렸어.,벌써 끝이야?,반말형,sub_1041_5946.6s.jpg,0.04,,,25.0,90.0,50.0,78.0,75.0,0.42056,42.0,66.0,0.0,0.0,1.0,대단해.,기분 좋네.,일본어 원문 + 타임스탬프 사진 + 장면 연속성,40.28,T3,화자·문맥·자연스러움 집중 검토,,72.6498889711325,53.88,P3,말투·질문응답·가독성 위주 검토
ABF-305,사진 대조 1차 교정본,1042,"01:39:14,880 --> 01:39:15,580",0.7,벌써 끝이야?,대단해.,"벌써, 이렇다니까.",반말형,sub_1042_5954.9s.jpg,0.02,,,25.0,90.0,50.0,78.0,75.0,0.54833,0.0,66.0,0.0,0.0,0.2505,벌써 끝부분이…,벌써 끝이…,손상된 일본어 ASR + 타임스탬프 사진 + 앞뒤 문맥 추론,38.09,T3,화자·문맥·자연스러움 집중 검토,,62.99037749814952,48.55,P3,말투·질문응답·가독성 위주 검토
ABF-305,사진 대조 1차 교정본,1043,"01:39:19,980 --> 01:39:21,040",1.06,"벌써, 이렇다니까.",벌써 끝이야?,"어, 왜?",중립·혼합형,sub_1043_5960.0s.jpg,0.02,,,25.0,90.0,50.0,78.0,75.0,0.53413,0.0,66.0,0.0,0.0,0.1283,"자, 더 해줄 테니까.","자, 더 해 줄 테니까.",,37.49,T3,화자·문맥·자연스러움 집중 검토,,60.91783863804589,47.33,P3,말투·질문응답·가독성 위주 검토
ABF-305,사진 대조 1차 교정본,1044,"01:39:34,060 --> 01:39:35,120",1.06,"어, 왜?","벌써, 이렇다니까.",어떻게 된 거야?,반응형,sub_1044_5974.1s.jpg,0.04,,,25.0,90.0,50.0,78.0,75.0,0.41152,0.0,66.0,0.0,0.0,0.3689,"어, 뭐 좀 해 줘.",양치 좀 해 줘.,손상된 일본어 ASR + 타임스탬프 사진 + 앞뒤 문맥 추론,32.34,T4,구조검사 통과 시 유지,,38.52701702442635,34.94,P4,회귀검사 통과 시 유지
ABF-305,사진 대조 1차 교정본,1045,"01:39:36,720 --> 01:39:37,940",1.22,어떻게 된 거야?,"어, 왜?",싫어?,반응형,sub_1045_5976.7s.jpg,0.02,,,25.0,90.0,50.0,78.0,75.0,0.49158,0.0,66.0,0.0,0.0,0.4454,어떻게 먹는 거?,어떤 식으로?,일본어 원문 대조 + 자연스러운 한국어 대사 교정,35.71,T3,화자·문맥·자연스러움 집중 검토,,53.5899333826795,43.22,P3,말투·질문응답·가독성 위주 검토
ABF-305,사진 대조 1차 교정본,1046,"01:39:38,300 --> 01:39:38,680",0.38,싫어?,어떻게 된 거야?,싫지 않아.,반응형,sub_1046_5978.3s.jpg,0.0,,,25.0,90.0,50.0,78.0,75.0,0.33677,0.0,66.0,0.0,0.0,0.4819,다리 예쁘단 말 듣는 거 싫어?,다리 예쁘다는 말 싫어?,일본어 원문 대조 + 자연스러운 한국어 대사 교정,29.2,T4,구조검사 통과 시 유지,,26.12879348630644,27.91,P4,회귀검사 통과 시 유지
ABF-305,사진 대조 1차 교정본,1047,"01:39:40,900 --> 01:39:42,020",1.12,싫지 않아.,싫어?,싫지 않아.,반응형,sub_1047_5980.9s.jpg,0.0,,,25.0,90.0,50.0,78.0,75.0,0.42722,0.0,66.0,0.0,0.0,0.439,깨끗하지 않아.,아직 깨끗하지 않지.,손상된 일본어 ASR + 타임스탬프 사진 + 앞뒤 문맥 추론,33.0,T4,구조검사 통과 시 유지,,41.52479644707624,36.58,P4,회귀검사 통과 시 유지
ABF-305,사진 대조 1차 교정본,1048,"01:39:48,400 --> 01:39:49,800",1.4,싫지 않아.,싫지 않아.,"자, 일어나봐. 정신 차려.",반응형,sub_1048_5988.4s.jpg,0.0,,,25.0,90.0,50.0,78.0,75.0,0.58337,0.0,66.0,0.0,0.0,0.439,깨끗하지 않아.,아직 깨끗하지 않지.,손상된 일본어 ASR + 타임스탬프 사진 + 앞뒤 문맥 추론,39.56,T3,화자·문맥·자연스러움 집중 검토,,69.68911917098445,52.21,P3,말투·질문응답·가독성 위주 검토
ABF-305,사진 대조 1차 교정본,1049,"01:40:50,340 --> 01:40:52,840",2.5,"자, 일어나봐. 정신 차려.",싫지 않아.,왜 그래?,반응형,sub_1049_6050.3s.jpg,0.04,,,25.0,90.0,50.0,78.0,75.0,0.78839,0.0,66.0,0.0,0.0,0.1423,"자, 아~.","자, 아…",,48.17,T3,화자·문맥·자연스러움 집중 검토,,95.18874907475944,67.92,P2,앞뒤 5블록·사진·오류 기억을 함께 검토
ABF-305,사진 대조 1차 교정본,1050,"01:41:13,270 --> 01:41:14,110",0.84,왜 그래?,"자, 일어나봐. 정신 차려.",왜 그래?,중립·혼합형,sub_1050_6073.3s.jpg,0.03,,,25.0,90.0,50.0,78.0,75.0,0.41229,6.55,66.0,0.0,0.0,0.7045,"음-, 왜 그래?",음… 왜 그래?,,33.55,T4,구조검사 통과 시 유지,,43.671354552183566,37.8,P4,회귀검사 통과 시 유지
ABF-305,사진 대조 1차 교정본,1051,"01:41:15,990 --> 01:41:16,750",0.76,왜 그래?,왜 그래?,"입으로 싸줘, 입으로.",중립·혼합형,sub_1051_6076.0s.jpg,0.01,,,25.0,90.0,50.0,78.0,75.0,0.40108,6.55,66.0,0.0,0.0,0.7045,"음-, 왜 그래?",음… 왜 그래?,,33.08,T4,구조검사 통과 시 유지,,41.89489267209475,36.78,P4,회귀검사 통과 시 유지
ABF-305,사진 대조 1차 교정본,1052,"01:41:44,080 --> 01:41:45,800",1.72,"입으로 싸줘, 입으로.",왜 그래?,"아, 갈 것 같아.",반응형,sub_1052_6104.1s.jpg,0.02,,,25.0,90.0,50.0,78.0,75.0,0.37052,0.0,66.0,0.0,0.0,0.4604,"자, 입으로 해줘.","자, 입으로 해 줘.",,30.62,T4,구조검사 통과 시 유지,,32.050333086602514,31.22,P4,회귀검사 통과 시 유지
ABF-305,사진 대조 1차 교정본,1053,"01:41:46,160 --> 01:41:46,820",0.66,"아, 갈 것 같아.","입으로 싸줘, 입으로.",응.,반응형,sub_1053_6106.2s.jpg,0.04,,,25.0,90.0,50.0,78.0,75.0,0.37075,30.29,66.0,0.0,0.0,0.9024,갈 것 같아.,진짜 갈 것 같아.,일본어 원문 대조 + 자연스러운 한국어 대사 교정,36.08,T3,화자·문맥·자연스러움 집중 검토,,55.255366395262776,44.13,P3,말투·질문응답·가독성 위주 검토
ABF-305,사진 대조 1차 교정본,1054,"01:42:09,460 --> 01:42:09,560",0.1,응.,"아, 갈 것 같아.",당해버렸다.,반응형,sub_1054_6129.5s.jpg,0.04,,,25.0,90.0,50.0,78.0,75.0,0.03967,0.0,66.0,25.0,0.0,0.4149,"하-, 응.",하아… 응.,,19.23,T4,구조검사 통과 시 유지,borderline_cps,4.145077720207254,12.89,P4,회귀검사 통과 시 유지
ABF-305,사진 대조 1차 교정본,1055,"01:42:32,510 --> 01:42:33,450",0.94,당해버렸다.,응.,당해버렸네.,반말형,sub_1055_6152.5s.jpg,0.01,,,25.0,90.0,50.0,78.0,75.0,0.41475,0.0,66.0,0.0,0.0,0.4232,"아, 해 버렸다.","아, 찍혔다.",일본어 원문 대조 + 자연스러운 한국어 대사 교정,32.48,T4,구조검사 통과 시 유지,,39.48926720947446,35.42,P4,회귀검사 통과 시 유지
ABF-305,사진 대조 1차 교정본,1056,"01:42:33,830 --> 01:42:34,570",0.74,당해버렸네.,당해버렸다.,아~ 미안해.,반말형,sub_1056_6153.8s.jpg,0.03,,,25.0,90.0,50.0,78.0,75.0,0.41989,0.0,66.0,0.0,0.0,0.3509,와버렸네.,결국 와 버렸네.,일본어 원문 대조 + 자연스러운 한국어 대사 교정,32.7,T4,구조검사 통과 시 유지,,40.59955588452998,36.02,P4,회귀검사 통과 시 유지
ABF-305,사진 대조 1차 교정본,1057,"01:42:40,460 --> 01:42:41,260",0.8,아~ 미안해.,당해버렸네.,"오늘도 엄청 움직였고, 빠졌네요.",반응형,sub_1057_6160.5s.jpg,0.04,,,25.0,90.0,50.0,78.0,75.0,0.50738,7.3,66.0,0.0,0.0,0.7108,아... 미안해.,아… 미안해.,,37.68,T3,화자·문맥·자연스러움 집중 검토,,61.5099925980755,47.69,P3,말투·질문응답·가독성 위주 검토
ABF-305,사진 대조 1차 교정본,1058,"01:42:45,580 --> 01:42:50,820",5.24,"오늘도 엄청 움직였고, 빠졌네요.",아~ 미안해.,영차.,반말형,sub_1058_6165.6s.jpg,0.02,,,25.0,90.0,50.0,78.0,79.0,0.83725,0.0,66.0,0.0,0.0,0.2629,"그럼, 오늘도 봐 주세요.",그럼 오늘도 잘 봐 줘.,,50.46,T3,화자·문맥·자연스러움 집중 검토,,97.74241302738712,70.32,P2,앞뒤 5블록·사진·오류 기억을 함께 검토
ABF-305,사진 대조 1차 교정본,1059,"01:42:50,820 --> 01:42:54,680",3.86,영차.,"오늘도 엄청 움직였고, 빠졌네요.",영차.,중립·혼합형,sub_1059_6170.8s.jpg,0.02,,,25.0,90.0,50.0,78.0,75.0,0.20444,42.0,66.0,0.0,0.0,1.0,영차.,자.,타임스탬프 사진과 앞뒤 장면으로 대사 기능 복원,31.21,T4,구조검사 통과 시 유지,,34.49296817172465,32.59,P4,회귀검사 통과 시 유지
ABF-305,사진 대조 1차 교정본,1060,"01:42:56,360 --> 01:42:57,080",0.72,영차.,영차.,영차.,중립·혼합형,sub_1060_6176.4s.jpg,0.04,,,25.0,90.0,50.0,78.0,75.0,0.23956,42.0,66.0,0.0,30.0,1.0,영차.,자.,타임스탬프 사진과 앞뒤 장면으로 대사 기능 복원,35.08,T3,화자·문맥·자연스러움 집중 검토,triple_identical_run,50.18504811250926,41.42,P3,말투·질문응답·가독성 위주 검토
ABF-305,사진 대조 1차 교정본,1061,"01:42:58,320 --> 01:42:58,640",0.32,영차.,영차.,영차.,중립·혼합형,sub_1061_6178.3s.jpg,0.02,,,25.0,90.0,50.0,78.0,75.0,0.24313,42.0,66.0,0.0,30.0,1.0,영차.,자.,타임스탬프 사진과 앞뒤 장면으로 대사 기능 복원,35.23,T3,화자·문맥·자연스러움 집중 검토,triple_identical_run,50.99925980754997,41.85,P3,말투·질문응답·가독성 위주 검토
ABF-305,사진 대조 1차 교정본,1062,"01:42:59,740 --> 01:42:59,840",0.1,영차.,영차.,"아, 정액.",중립·혼합형,sub_1062_6179.7s.jpg,0.04,,,25.0,90.0,50.0,78.0,75.0,0.23764,42.0,66.0,70.0,0.0,1.0,영차.,자.,타임스탬프 사진과 앞뒤 장면으로 대사 기능 복원,39.6,T3,화자·문맥·자연스러움 집중 검토,high_cps,69.94818652849742,52.35,P3,말투·질문응답·가독성 위주 검토
ABF-305,사진 대조 1차 교정본,1063,"01:43:00,040 --> 01:43:00,700",0.66,"아, 정액.",영차.,"아, 정액.",반응형,sub_1063_6180.0s.jpg,0.04,,,25.0,90.0,50.0,78.0,75.0,0.27756,0.0,66.0,0.0,0.0,0.3807,"아, 아, 아, 아, 아, 아, 아,","아, 아, 아, 아, 아, 아, 아",,26.72,T4,구조검사 통과 시 유지,,18.800888230940043,23.39,P4,회귀검사 통과 시 유지
ABF-305,사진 대조 1차 교정본,1064,"01:43:12,460 --> 01:43:17,180",4.72,"아, 정액.","아, 정액.",뜨거워.,반응형,sub_1064_6192.5s.jpg,0.04,,,25.0,90.0,50.0,78.0,75.0,0.33574,0.0,66.0,0.0,0.0,0.3807,"아, 아, 아, 아, 아, 아, 아,","아, 아, 아, 아, 아, 아, 아",,29.16,T4,구조검사 통과 시 유지,,26.017764618800886,27.84,P4,회귀검사 통과 시 유지
ABF-305,사진 대조 1차 교정본,1065,"01:43:17,300 --> 01:43:18,080",0.78,뜨거워.,"아, 정액.",하하하.,중립·혼합형,sub_1065_6197.3s.jpg,0.0,,,25.0,90.0,50.0,78.0,75.0,0.3268,20.49,66.0,0.0,0.0,0.8208,"아니, 뜨거워.",몸이 뜨거워.,손상된 일본어 ASR + 타임스탬프 사진 + 앞뒤 문맥 추론,32.47,T4,구조검사 통과 시 유지,,39.34122871946706,35.36,P4,회귀검사 통과 시 유지
ABF-305,사진 대조 1차 교정본,1066,"01:46:47,790 --> 01:46:48,510",0.72,하하하.,뜨거워.,"응, 조금... 조금 힘들어라고 말했어.",중립·혼합형,sub_1066_6407.8s.jpg,0.01,,,25.0,90.0,50.0,78.0,75.0,0.44824,0.0,66.0,0.0,0.0,0.0359,금방 하아 하고.,금방 숨이 가빠지네.,,33.89,T4,구조검사 통과 시 유지,,44.855662472242784,38.5,P4,회귀검사 통과 시 유지
ABF-305,사진 대조 1차 교정본,1067,"01:46:48,510 --> 01:46:57,530",9.02,"응, 조금... 조금 힘들어라고 말했어.",하하하.,미스터.,반응형,sub_1067_6408.5s.jpg,0.01,,,25.0,90.0,50.0,78.0,75.0,0.69632,0.0,66.0,0.0,0.0,0.4403,그럼 조금...,그럼 조금…,,44.31,T3,화자·문맥·자연스러움 집중 검토,,86.30643967431533,61.95,P2,앞뒤 5블록·사진·오류 기억을 함께 검토
ABF-305,사진 대조 1차 교정본,1068,"01:46:57,830 --> 01:46:58,250",0.42,미스터.,"응, 조금... 조금 힘들어라고 말했어.",좋은 아침~,중립·혼합형,sub_1068_6417.8s.jpg,0.03,,,25.0,90.0,50.0,78.0,75.0,0.33995,0.0,66.0,0.0,0.0,0.0576,"하지 마. 미안, 미안해, 미안해.","잠깐만. 미안, 미안해.",일본어 원문 대조 + 자연스러운 한국어 대사 교정,29.34,T4,구조검사 통과 시 유지,,26.8319763138416,28.29,P4,회귀검사 통과 시 유지
ABF-305,사진 대조 1차 교정본,1069,"01:46:58,810 --> 01:47:00,510",1.7,좋은 아침~,미스터.,역시나 그렇네.,반응형,sub_1069_6418.8s.jpg,0.01,,,25.0,90.0,50.0,78.0,75.0,0.48824,0.0,66.0,0.0,0.0,0.3123,좋은 아침입니다.,♪,,35.57,T3,화자·문맥·자연스러움 집중 검토,,52.92376017764619,42.86,P3,말투·질문응답·가독성 위주 검토
ABF-305,사진 대조 1차 교정본,1070,"01:47:06,970 --> 01:47:08,210",1.24,역시나 그렇네.,좋은 아침~,"어, 일어난 지 꽤 됐어?",반말형,sub_1070_6427.0s.jpg,0.03,,,25.0,90.0,50.0,78.0,75.0,0.54388,0.0,66.0,0.0,0.0,0.1263,하아 역시.,하아… 역시.,일본어 원문 대조 + 자연스러운 한국어 대사 교정,37.9,T3,화자·문맥·자연스러움 집중 검토,,62.287194670614355,48.14,P3,말투·질문응답·가독성 위주 검토
ABF-305,사진 대조 1차 교정본,1071,"01:47:10,250 --> 01:47:29,100",18.85,"어, 일어난 지 꽤 됐어?",역시나 그렇네.,응.,반응형,sub_1071_6430.2s.jpg,0.05,,,25.0,90.0,50.0,78.0,75.0,0.69936,0.0,66.0,0.0,0.0,0.361,아프게 됐어?,아팠어?,일본어 원문 대조 + 자연스러운 한국어 대사 교정,44.43,T3,화자·문맥·자연스러움 집중 검토,,86.93560325684679,62.28,P2,앞뒤 5블록·사진·오류 기억을 함께 검토
ABF-305,사진 대조 1차 교정본,1072,"01:47:31,280 --> 01:47:31,640",0.36,응.,"어, 일어난 지 꽤 됐어?",조금 전에.,반응형,sub_1072_6451.3s.jpg,0.02,,,25.0,90.0,50.0,78.0,75.0,0.06074,0.0,66.0,0.0,0.0,0.4149,"하-, 응.",하아… 응.,,17.61,T4,구조검사 통과 시 유지,,2.701702442635085,11.35,P4,회귀검사 통과 시 유지
ABF-305,사진 대조 1차 교정본,1073,"01:47:33,160 --> 01:47:33,860",0.7,조금 전에.,응.,"아, 조금 전에 일어났구나.",중립·혼합형,sub_1073_6453.2s.jpg,0.04,,,25.0,90.0,50.0,78.0,75.0,0.40609,0.0,66.0,0.0,0.0,0.2217,조금 쉬세요.,잠깐만.,,32.12,T4,구조검사 통과 시 유지,,37.89785344189489,34.55,P4,회귀검사 통과 시 유지
ABF-305,사진 대조 1차 교정본,1074,"01:47:34,020 --> 01:47:34,980",0.96,"아, 조금 전에 일어났구나.",조금 전에.,잠이 덜 깬 얼굴이 너무 예쁜 거 아니야?,반응형,sub_1074_6454.0s.jpg,0.02,,,25.0,90.0,50.0,78.0,75.0,0.68842,0.0,66.0,0.0,0.0,0.2252,"아, 아, 아, 아, 아, 아, 아,","아, 아, 아, 아, 아, 아, 아",,43.97,T3,화자·문맥·자연스러움 집중 검토,,85.27017024426351,61.32,P2,앞뒤 5블록·사진·오류 기억을 함께 검토
ABF-305,사진 대조 1차 교정본,1075,"01:47:37,260 --> 01:47:38,900",1.64,잠이 덜 깬 얼굴이 너무 예쁜 거 아니야?,"아, 조금 전에 일어났구나.","아~ 기분 좋아. 기분 좋아? 기분 좋을
뿐이야.",반말형,sub_1075_6457.3s.jpg,0.04,,,25.0,90.0,50.0,78.0,75.0,0.76349,0.0,66.0,0.0,0.0,0.3382,온천 아니야?,뭔가…,일본어 원문 + 타임스탬프 사진 + 장면 연속성,47.13,T3,화자·문맥·자연스러움 집중 검토,,93.33826794966691,66.54,P2,앞뒤 5블록·사진·오류 기억을 함께 검토
ABF-305,사진 대조 1차 교정본,1076,"01:47:48,490 --> 01:48:27,350",38.86,"아~ 기분 좋아. 기분 좋아? 기분 좋을
뿐이야.",잠이 덜 깬 얼굴이 너무 예쁜 거 아니야?,"아침부터 그렇게 깊숙이 물면 괜찮겠어?
저기, 저기.",반말형,sub_1076_6468.5s.jpg,0.01,,,25.0,90.0,50.0,78.0,75.0,0.70845,0.0,66.0,0.0,0.0,0.5877,기분 좋아.,"아, 좋아.",화면 영문 자막 대조,44.81,T3,화자·문맥·자연스러움 집중 검토,,88.119911176906,63.0,P2,앞뒤 5블록·사진·오류 기억을 함께 검토
ABF-305,사진 대조 1차 교정본,1077,"01:48:58,520 --> 01:49:04,420",5.9,"아침부터 그렇게 깊숙이 물면 괜찮겠어?
저기, 저기.","아~ 기분 좋아. 기분 좋아? 기분 좋을
뿐이야.","뭐야, 나한테도 해달라는 듯한 눈빛을 하고
있네, 지금 말야.",중립·혼합형,sub_1077_6538.5s.jpg,0.02,,,25.0,90.0,50.0,78.0,75.0,0.60438,0.0,66.0,0.0,0.0,0.2106,저기...,저기…,,40.44,T3,화자·문맥·자연스러움 집중 검토,,73.46410066617321,54.31,P3,말투·질문응답·가독성 위주 검토
ABF-305,사진 대조 1차 교정본,1078,"01:49:10,840 --> 01:49:14,080",3.24,"뭐야, 나한테도 해달라는 듯한 눈빛을 하고
있네, 지금 말야.","아침부터 그렇게 깊숙이 물면 괜찮겠어?
저기, 저기.",착각이었으면 좋겠는데 말이죠. 응.,반말형,sub_1078_6550.8s.jpg,0.04,,,25.0,90.0,50.0,78.0,75.0,0.68912,0.0,66.0,0.0,0.0,0.1819,"대체 뭐야, 정말...","대체 뭐야, 정말…",,44.0,T3,화자·문맥·자연스러움 집중 검토,,85.38119911176906,61.38,P2,앞뒤 5블록·사진·오류 기억을 함께 검토
ABF-305,사진 대조 1차 교정본,1079,"01:49:16,200 --> 01:49:18,040",1.84,착각이었으면 좋겠는데 말이죠. 응.,"뭐야, 나한테도 해달라는 듯한 눈빛을 하고
있네, 지금 말야.",말하자면.,반응형,sub_1079_6556.2s.jpg,0.0,,,25.0,90.0,50.0,78.0,75.0,0.71332,0.0,66.0,0.0,0.0,0.2323,매번 지금까지는 항상 계셨는데 말이죠.,지금까지는 만날 때마다 바로 해 버렸으니까요.,일본어 원문 대조 + 자연스러운 한국어 대사 교정,45.02,T3,화자·문맥·자연스러움 집중 검토,,88.52701702442634,63.29,P2,앞뒤 5블록·사진·오류 기억을 함께 검토
ABF-305,사진 대조 1차 교정본,1080,"01:49:20,420 --> 01:49:21,160",0.74,말하자면.,착각이었으면 좋겠는데 말이죠. 응.,해줬으면 좋겠어.,중립·혼합형,sub_1080_6560.4s.jpg,0.02,,,25.0,90.0,50.0,78.0,75.0,0.3973,0.0,66.0,0.0,0.0,0.3731,"그런 게 아니라, 말하자면…","그게 아니라, 말하자면…",사진 장면 확인 및 한국어 번역투·ASR 오역 교정,31.75,T4,구조검사 통과 시 유지,,36.52849740932643,33.76,P4,회귀검사 통과 시 유지
ABF-305,사진 대조 1차 교정본,1081,"01:49:22,940 --> 01:49:23,720",0.78,해줬으면 좋겠어.,말하자면.,해줬으면 좋겠어? 응.,반응형,sub_1081_6562.9s.jpg,0.04,,,25.0,90.0,50.0,78.0,75.0,0.52119,0.0,66.0,0.0,0.0,0.4308,핥아줬으면 좋겠어...,핥아줬으면 좋겠어…,,36.95,T3,화자·문맥·자연스러움 집중 검토,,58.549222797927456,46.02,P3,말투·질문응답·가독성 위주 검토
ABF-305,사진 대조 1차 교정본,1082,"01:49:26,560 --> 01:49:27,700",1.14,해줬으면 좋겠어? 응.,해줬으면 좋겠어.,"그럼, 내가 자고 있을 때 뭐 하고 있었어?",반응형,sub_1082_6566.6s.jpg,0.04,,,25.0,90.0,50.0,78.0,75.0,0.58943,0.0,66.0,0.0,0.0,0.2941,핥아줬으면 좋겠어...,핥아줬으면 좋겠어…,,39.82,T3,화자·문맥·자연스러움 집중 검토,,70.87342709104367,52.86,P3,말투·질문응답·가독성 위주 검토
ABF-305,사진 대조 1차 교정본,1083,"01:49:28,860 --> 01:49:31,260",2.4,"그럼, 내가 자고 있을 때 뭐 하고 있었어?",해줬으면 좋겠어? 응.,자고 있을 때 뭐 하고 있었어? 나한테.,중립·혼합형,sub_1083_6568.9s.jpg,0.04,,,25.0,90.0,50.0,78.0,75.0,0.7443,0.0,66.0,0.0,0.0,0.3726,빨 생각하고 있었어?,아까부터 빨 생각만 했지?,일본어 원문 대조 + 자연스러운 한국어 대사 교정,46.32,T3,화자·문맥·자연스러움 집중 검토,,91.56180606957808,65.32,P2,앞뒤 5블록·사진·오류 기억을 함께 검토
ABF-305,사진 대조 1차 교정본,1084,"01:49:32,460 --> 01:49:35,600",3.14,자고 있을 때 뭐 하고 있었어? 나한테.,"그럼, 내가 자고 있을 때 뭐 하고 있었어?",조금 장난쳤어. 장난이라니 어떤 장난?,중립·혼합형,sub_1084_6572.5s.jpg,0.04,,,25.0,90.0,50.0,78.0,75.0,0.76214,0.0,66.0,0.0,0.0,0.3541,빨 생각하고 있었어?,아까부터 빨 생각만 했지?,일본어 원문 대조 + 자연스러운 한국어 대사 교정,47.07,T3,화자·문맥·자연스러움 집중 검토,,93.26424870466322,66.47,P2,앞뒤 5블록·사진·오류 기억을 함께 검토
ABF-305,사진 대조 1차 교정본,1085,"01:49:36,180 --> 01:49:38,060",1.88,조금 장난쳤어. 장난이라니 어떤 장난?,자고 있을 때 뭐 하고 있었어? 나한테.,장난.,반응형,sub_1085_6576.2s.jpg,0.02,,,25.0,90.0,50.0,78.0,75.0,0.74987,0.0,66.0,0.0,0.0,0.131,장난 아니네~.,장난 아니네…,,46.55,T3,화자·문맥·자연스러움 집중 검토,,92.19096965210954,65.72,P2,앞뒤 5블록·사진·오류 기억을 함께 검토
ABF-305,사진 대조 1차 교정본,1086,"01:49:40,440 --> 01:49:41,100",0.66,장난.,조금 장난쳤어. 장난이라니 어떤 장난?,양쪽 다 움직여보고 싶어서. 아~ 그렇구나.,중립·혼합형,sub_1086_6580.4s.jpg,0.04,,,25.0,90.0,50.0,78.0,75.0,0.31709,0.0,66.0,0.0,0.0,0.152,장난 아니네~.,장난 아니네…,,28.38,T4,구조검사 통과 시 유지,,23.83419689119171,26.47,P4,회귀검사 통과 시 유지
ABF-305,사진 대조 1차 교정본,1087,"01:49:46,400 --> 01:49:49,020",2.62,양쪽 다 움직여보고 싶어서. 아~ 그렇구나.,장난.,이쪽도 이쪽도 말이지. 응.,중립·혼합형,sub_1087_6586.4s.jpg,0.0,,,25.0,90.0,50.0,78.0,79.0,0.85656,0.0,66.0,0.0,0.0,0.4897,그렇구나.,손 정말 잘 쓰네.,일본어 원문 + 타임스탬프 사진 + 장면 연속성,51.28,T3,화자·문맥·자연스러움 집중 검토,,98.59363434492968,71.15,P2,앞뒤 5블록·사진·오류 기억을 함께 검토
ABF-305,사진 대조 1차 교정본,1088,"01:49:50,360 --> 01:49:52,360",2.0,이쪽도 이쪽도 말이지. 응.,양쪽 다 움직여보고 싶어서. 아~ 그렇구나.,깨버렸네. 깼어?,반응형,sub_1088_6590.4s.jpg,0.04,,,25.0,90.0,50.0,78.0,75.0,0.51153,0.0,66.0,0.0,0.0,0.4495,이쪽도 보여주세요.,이쪽도 보여 줘.,화자 말투 통일,36.54,T3,화자·문맥·자연스러움 집중 검토,,56.846780162842336,45.07,P3,말투·질문응답·가독성 위주 검토
ABF-305,사진 대조 1차 교정본,1089,"01:49:53,240 --> 01:49:55,020",1.78,깨버렸네. 깼어?,이쪽도 이쪽도 말이지. 응.,"아, 개운하게 잘 깼다.",반응형,sub_1089_6593.2s.jpg,0.04,,,25.0,90.0,50.0,78.0,75.0,0.36734,0.0,66.0,0.0,0.0,0.3049,와버렸네.,결국 와 버렸네.,일본어 원문 대조 + 자연스러운 한국어 대사 교정,30.49,T4,구조검사 통과 시 유지,,31.236121391561806,30.8,P4,회귀검사 통과 시 유지
ABF-305,사진 대조 1차 교정본,1090,"01:49:55,020 --> 01:49:56,740",1.72,"아, 개운하게 잘 깼다.",깨버렸네. 깼어?,"아, 좋아.",반응형,sub_1090_6595.0s.jpg,0.02,,,25.0,90.0,50.0,78.0,75.0,0.46227,0.0,66.0,0.0,0.0,0.2409,"아, 아, 아, 아, 아, 아, 아,","아, 아, 아, 아, 아, 아, 아",,34.48,T4,구조검사 통과 시 유지,,47.48334566987417,39.94,P4,회귀검사 통과 시 유지
ABF-305,사진 대조 1차 교정본,1091,"01:50:10,190 --> 01:50:11,730",1.54,"아, 좋아.","아, 개운하게 잘 깼다.",좋아.,반응형,sub_1091_6610.2s.jpg,0.01,,,25.0,90.0,50.0,78.0,75.0,0.23287,42.0,66.0,0.0,0.0,1.0,"아, 좋아.","아, 들어온다.",,32.4,T4,구조검사 통과 시 유지,,38.934122871946705,35.14,P4,회귀검사 통과 시 유지
ABF-305,사진 대조 1차 교정본,1092,"01:50:20,870 --> 01:50:20,950",0.08,좋아.,"아, 좋아.",얏.,반응형,sub_1092_6620.9s.jpg,0.03,,,25.0,90.0,50.0,78.0,75.0,0.15305,19.66,66.0,70.0,0.0,0.8138,"아, 좋아.","아, 들어온다.",,32.03,T4,구조검사 통과 시 유지,high_cps,37.416728349370835,34.29,P4,회귀검사 통과 시 유지
ABF-305,사진 대조 1차 교정본,1093,"01:50:21,110 --> 01:50:21,750",0.64,얏.,좋아.,으음.,중립·혼합형,sub_1093_6621.1s.jpg,0.01,,,25.0,90.0,50.0,78.0,75.0,0.18255,0.0,66.0,0.0,0.0,0.0056,응... 기분 좋아.,응… 기분 좋아.,,22.73,T4,구조검사 통과 시 유지,,9.030347890451518,16.98,P4,회귀검사 통과 시 유지
ABF-305,사진 대조 1차 교정본,1094,"01:50:23,710 --> 01:50:24,430",0.72,으음.,얏.,으음.,반응형,sub_1094_6623.7s.jpg,0.01,,,25.0,90.0,50.0,78.0,75.0,0.17116,0.0,66.0,0.0,0.0,0.4967,으음...,으음…,,22.25,T4,구조검사 통과 시 유지,,7.475943745373797,16.04,P4,회귀검사 통과 시 유지
ABF-305,사진 대조 1차 교정본,1095,"01:50:30,120 --> 01:50:30,400",0.28,으음.,으음.,고추랑 부랄이네.,반응형,sub_1095_6630.1s.jpg,0.02,,,25.0,90.0,50.0,78.0,75.0,0.2285,0.0,66.0,0.0,0.0,0.4967,으음...,으음…,,24.66,T4,구조검사 통과 시 유지,,13.286454478164323,19.88,P4,회귀검사 통과 시 유지
ABF-305,사진 대조 1차 교정본,1096,"01:50:30,640 --> 01:50:31,680",1.04,고추랑 부랄이네.,으음.,응.,반말형,sub_1096_6630.6s.jpg,0.04,,,25.0,90.0,50.0,78.0,75.0,0.42535,0.0,66.0,0.0,0.0,0.1414,끝이네.,다 했어?,일본어 원문 대조 + 자연스러운 한국어 대사 교정,32.92,T4,구조검사 통과 시 유지,,41.26572908956329,36.43,P4,회귀검사 통과 시 유지
ABF-305,사진 대조 1차 교정본,1097,"01:50:31,980 --> 01:50:32,080",0.1,응.,고추랑 부랄이네.,하고 있어. 앨리스도 멋지지만.,반응형,sub_1097_6632.0s.jpg,0.02,,,25.0,90.0,50.0,78.0,75.0,0.05949,0.0,66.0,25.0,0.0,0.4149,"하-, 응.",하아… 응.,,20.06,T4,구조검사 통과 시 유지,borderline_cps,4.848260547742413,13.67,P4,회귀검사 통과 시 유지
ABF-305,사진 대조 1차 교정본,1098,"01:50:34,920 --> 01:50:37,360",2.44,하고 있어. 앨리스도 멋지지만.,응.,그렇게 빈틈을 안 주네.,반응형,sub_1098_6634.9s.jpg,0.02,,,25.0,90.0,50.0,78.0,75.0,0.67638,0.0,66.0,0.0,0.0,0.1967,엉덩이를 치면서 하고 있어.,엉덩이를 밀면서 하고 있어.,손상된 일본어 ASR + 타임스탬프 사진 + 앞뒤 문맥 추론,43.47,T3,화자·문맥·자연스러움 집중 검토,,83.7897853441895,60.4,P2,앞뒤 5블록·사진·오류 기억을 함께 검토
ABF-305,사진 대조 1차 교정본,1099,"01:50:53,850 --> 01:50:59,610",5.76,그렇게 빈틈을 안 주네.,하고 있어. 앨리스도 멋지지만.,두 번째 마디로 끼우고 있어.,반말형,sub_1099_6653.9s.jpg,0.05,,,25.0,90.0,50.0,78.0,75.0,0.75355,0.0,66.0,0.0,0.0,0.2087,"앗, 안 돼. 그렇게 하면 나와버려.","앗, 안 돼. 그렇게 하면 나와 버려.",,46.71,T3,화자·문맥·자연스러움 집중 검토,,92.5980754996299,65.98,P2,앞뒤 5블록·사진·오류 기억을 함께 검토
ABF-305,사진 대조 1차 교정본,1100,"01:51:54,450 --> 01:51:58,340",3.89,두 번째 마디로 끼우고 있어.,그렇게 빈틈을 안 주네.,잘하네.,반응형,sub_1100_6714.4s.jpg,0.05,,,25.0,90.0,50.0,78.0,75.0,0.7965,0.0,66.0,0.0,0.0,0.3686,끼우고 싶은데.,끼고 싶은데.,일본어 원문 대조 + 자연스러운 한국어 대사 교정,48.51,T3,화자·문맥·자연스러움 집중 검토,,95.55884529977794,68.27,P2,앞뒤 5블록·사진·오류 기억을 함께 검토
ABF-305,사진 대조 1차 교정본,1101,"01:52:00,960 --> 01:52:01,960",1.0,잘하네.,두 번째 마디로 끼우고 있어.,기분 좋아.,반말형,sub_1101_6721.0s.jpg,0.04,,,25.0,90.0,50.0,78.0,75.0,0.35636,3.02,66.0,0.0,0.0,0.6751,잘하네...,잘하네…,,30.57,T4,구조검사 통과 시 유지,,31.754256106587714,31.07,P4,회귀검사 통과 시 유지
ABF-305,사진 대조 1차 교정본,1102,"01:52:09,060 --> 01:52:10,420",1.36,기분 좋아.,잘하네.,흠뻑 젖었어.,반응형,sub_1102_6729.1s.jpg,0.04,,,25.0,90.0,50.0,78.0,75.0,0.48027,42.0,66.0,0.0,0.0,1.0,기분 좋아.,"아, 좋아.",화면 영문 자막 대조,42.79,T3,화자·문맥·자연스러움 집중 검토,,81.49518874907476,59.05,P2,앞뒤 5블록·사진·오류 기억을 함께 검토
ABF-305,사진 대조 1차 교정본,1103,"01:53:05,320 --> 01:53:06,800",1.48,흠뻑 젖었어.,기분 좋아.,이런 과일이 있을 것 같네.,반응형,sub_1103_6785.3s.jpg,0.02,,,25.0,90.0,50.0,78.0,79.0,0.6165,0.0,66.0,0.0,0.0,0.4653,허벅지까지 젖었어.,허벅지까지 흠뻑 젖었어.,일본어 원문 대조 + 자연스러운 한국어 대사 교정,41.19,T3,화자·문맥·자연스러움 집중 검토,,76.60991857883049,56.07,P3,말투·질문응답·가독성 위주 검토
ABF-305,사진 대조 1차 교정본,1104,"01:53:22,540 --> 01:53:24,840",2.3,이런 과일이 있을 것 같네.,흠뻑 젖었어.,없으려나.,반말형,sub_1104_6802.5s.jpg,0.04,,,25.0,90.0,50.0,78.0,75.0,0.61906,0.0,66.0,0.0,0.0,0.2322,채소와 과일이요.,좋아하는 음식은 채소와 과일이에요.,사진 장면 확인 및 한국어 번역투·ASR 오역 교정,41.06,T3,화자·문맥·자연스러움 집중 검토,,76.16580310880829,55.8,P3,말투·질문응답·가독성 위주 검토
ABF-305,사진 대조 1차 교정본,1105,"01:53:28,480 --> 01:53:29,300",0.82,없으려나.,이런 과일이 있을 것 같네.,차분해졌어.,반응형,sub_1105_6808.5s.jpg,0.02,,,25.0,90.0,50.0,78.0,75.0,0.28119,0.0,66.0,0.0,0.0,0.1823,클리 쪽이 더 잘 느끼려나.,클리 쪽이 더 잘 느끼는 것 같아.,일본어 원문 대조 + 자연스러운 한국어 대사 교정,26.87,T4,구조검사 통과 시 유지,,19.541080680977053,23.79,P4,회귀검사 통과 시 유지
ABF-305,사진 대조 1차 교정본,1106,"01:54:40,040 --> 01:54:43,680",3.64,차분해졌어.,없으려나.,차분.,반응형,sub_1106_6880.0s.jpg,0.04,,,25.0,90.0,50.0,78.0,75.0,0.4161,0.0,66.0,0.0,0.0,0.2782,제법 익숙해졌어.,이제 꽤 익숙해졌지.,,32.54,T4,구조검사 통과 시 유지,,39.97039230199852,35.66,P4,회귀검사 통과 시 유지
ABF-305,사진 대조 1차 교정본,1107,"01:54:45,240 --> 01:55:02,900",17.66,차분.,차분해졌어.,시작해라.,중립·혼합형,sub_1107_6885.2s.jpg,0.04,,,25.0,90.0,50.0,78.0,75.0,0.36721,0.0,66.0,0.0,0.0,0.0679,숨이 차.,숨이 막힐 것 같아.,일본어 원문 대조 + 자연스러운 한국어 대사 교정,30.48,T4,구조검사 통과 시 유지,,31.125092524056253,30.75,P4,회귀검사 통과 시 유지
ABF-305,사진 대조 1차 교정본,1108,"01:55:27,050 --> 01:55:29,630",2.58,시작해라.,차분.,기분 좋아?,반말형,sub_1108_6927.1s.jpg,0.05,,,25.0,90.0,50.0,78.0,75.0,0.39778,0.0,66.0,0.0,0.0,0.1967,이제 본격적으로 시작해 볼까...,이제 본격적으로 시작해 볼까…,,31.77,T4,구조검사 통과 시 유지,,36.63952627683197,33.82,P4,회귀검사 통과 시 유지
ABF-305,사진 대조 1차 교정본,1109,"01:56:17,450 --> 01:56:18,710",1.26,기분 좋아?,시작해라.,잠깐만.,반응형,sub_1109_6977.4s.jpg,0.05,,,25.0,90.0,50.0,78.0,75.0,0.55787,0.0,66.0,0.0,0.0,0.6017,"아, 거기... 기분 좋아?","아, 거기… 기분 좋아?",,38.49,T3,화자·문맥·자연스러움 집중 검토,,64.61880088823094,49.46,P3,말투·질문응답·가독성 위주 검토
ABF-305,사진 대조 1차 교정본,1110,"01:56:18,710 --> 01:56:19,970",1.26,잠깐만.,기분 좋아?,거기 꽉 조이고 있어.,반응형,sub_1110_6978.7s.jpg,0.01,,,25.0,90.0,50.0,78.0,75.0,0.29887,11.04,66.0,0.0,0.0,0.742,하아… 잠깐만.,목욕물 받아 놓은 거지?,일본어 원문 + 타임스탬프 사진 + 장면 연속성,29.6,T4,구조검사 통과 시 유지,,27.942264988897115,28.9,P4,회귀검사 통과 시 유지
ABF-305,사진 대조 1차 교정본,1111,"01:56:22,670 --> 01:56:24,450",1.78,거기 꽉 조이고 있어.,잠깐만.,배에 힘이 들어가.,반응형,sub_1111_6982.7s.jpg,0.03,성행위 장면과 부자연스러운 직역 교정,중간,38.0,90.0,50.0,78.0,62.0,0.6666,0.0,48.0,0.0,0.0,0.5674,안쪽이 계속 조이고 있어.,안쪽이 계속 조여.,손상된 일본어 ASR + 타임스탬프 사진 + 앞뒤 문맥 추론,39.4,T3,화자·문맥·자연스러움 집중 검토,,68.8378978534419,51.76,P3,말투·질문응답·가독성 위주 검토
ABF-305,사진 대조 1차 교정본,1112,"01:56:28,050 --> 01:56:29,810",1.76,배에 힘이 들어가.,거기 꽉 조이고 있어.,어떻게 움직이면 돼?,반응형,sub_1112_6988.1s.jpg,0.05,사진 속 반응과 문장 기능을 근거로 교정,중간,38.0,90.0,50.0,78.0,62.0,0.54675,0.0,48.0,0.0,0.0,0.338,숨을 참으면 배에 힘이 들어간다는 뜻이에요.,숨을 참으면 배에 힘이 들어가요.,,34.36,T4,구조검사 통과 시 유지,,46.63212435233161,39.51,P4,회귀검사 통과 시 유지
ABF-305,사진 대조 1차 교정본,1113,"01:56:44,820 --> 01:56:46,140",1.32,어떻게 움직이면 돼?,배에 힘이 들어가.,더 움직여 줘.,반응형,sub_1113_7004.8s.jpg,0.02,의미가 깨진 질문을 장면에 맞게 교정,중간,38.0,90.0,50.0,78.0,66.0,0.81774,0.0,48.0,0.0,0.0,0.3327,어떻게 먹는 거?,어떤 식으로?,일본어 원문 대조 + 자연스러운 한국어 대사 교정,45.99,T3,화자·문맥·자연스러움 집중 검토,,90.85862324204294,64.83,P2,앞뒤 5블록·사진·오류 기억을 함께 검토
ABF-305,사진 대조 1차 교정본,1114,"01:58:03,860 --> 01:58:05,360",1.5,더 움직여 줘.,어떻게 움직이면 돼?,"슬슬 갈 것 같아.
이 느낌은 잊지 못할 것 같아.",중립·혼합형,sub_1114_7083.9s.jpg,0.04,미복원 블록을 장면 흐름으로 복원,중간,38.0,90.0,50.0,78.0,66.0,0.76657,0.0,48.0,0.0,0.0,0.5184,역시 움직여 줄게.,이제 움직여 줄게.,사진 장면 확인 및 한국어 번역투·ASR 오역 교정,43.84,T3,화자·문맥·자연스러움 집중 검토,,84.64100666173205,60.98,P2,앞뒤 5블록·사진·오류 기억을 함께 검토
ABF-305,사진 대조 1차 교정본,1115,"01:59:15,080 --> 01:59:58,680",43.6,"슬슬 갈 것 같아.
이 느낌은 잊지 못할 것 같아.",더 움직여 줘.,"이렇게 하니까 네 목소리가
더 듣고 싶어져.",반말형,sub_1115_7155.1s.jpg,0.02,의미가 깨진 긴 문장을 장면에 맞게 교정,중간,38.0,90.0,50.0,78.0,62.0,0.67043,0.0,48.0,0.0,0.0,0.5959,갈 것 같아.,진짜 갈 것 같아.,일본어 원문 대조 + 자연스러운 한국어 대사 교정,39.56,T3,화자·문맥·자연스러움 집중 검토,,69.68911917098445,52.21,P3,말투·질문응답·가독성 위주 검토
ABF-305,사진 대조 1차 교정본,1116,"02:00:00,140 --> 02:00:08,440",8.3,"이렇게 하니까 네 목소리가
더 듣고 싶어져.","슬슬 갈 것 같아.
이 느낌은 잊지 못할 것 같아.","앨리스, 더 느껴 줘.",반말형,sub_1116_7200.1s.jpg,0.04,의미가 깨진 문장을 앞뒤 대화로 정리,중간,25.0,90.0,50.0,78.0,75.0,0.45583,0.0,48.0,0.0,0.0,0.3749,이렇게 하니까 역시...,이렇게 하니까 역시…,,31.32,T4,구조검사 통과 시 유지,,34.97409326424871,32.85,P4,회귀검사 통과 시 유지
ABF-305,사진 대조 1차 교정본,1117,"02:00:08,440 --> 02:00:11,020",2.58,"앨리스, 더 느껴 줘.","이렇게 하니까 네 목소리가
더 듣고 싶어져.",정말로 멋져요.,중립·혼합형,sub_1117_7208.4s.jpg,0.04,부자연스러운 명령문을 장면에 맞게 교정,중간,38.0,90.0,50.0,78.0,62.0,0.6069,0.0,48.0,0.0,0.0,0.5114,"하지만 앨리스, 이걸 사랑해 줘.","앨리스, 더 느껴 줘.",부자연스러운 명령문을 장면에 맞게 교정,36.89,T3,화자·문맥·자연스러움 집중 검토,,58.25314581791265,45.86,P3,말투·질문응답·가독성 위주 검토
ABF-305,사진 대조 1차 교정본,1118,"02:00:11,340 --> 02:00:12,700",1.36,정말로 멋져요.,"앨리스, 더 느껴 줘.",기분 좋아…,중립·혼합형,sub_1118_7211.3s.jpg,0.04,,,25.0,90.0,50.0,78.0,75.0,0.4554,0.0,66.0,0.0,0.0,0.2622,정말로.,진짜로.,일본어 원문 대조 + 자연스러운 한국어 대사 교정,34.19,T4,구조검사 통과 시 유지,,46.1139896373057,39.2,P4,회귀검사 통과 시 유지
ABF-305,사진 대조 1차 교정본,1119,"02:00:13,580 --> 02:00:14,760",1.18,기분 좋아…,정말로 멋져요.,"으음, 대박이야.",반응형,sub_1119_7213.6s.jpg,0.02,미복원 블록을 반응 대사로 복원,중간,25.0,90.0,50.0,78.0,75.0,0.37671,17.27,48.0,0.0,0.0,0.7939,아- 기분 좋아…,아… 기분 좋아…,,31.11,T4,구조검사 통과 시 유지,,34.048852701702444,32.34,P4,회귀검사 통과 시 유지
ABF-305,사진 대조 1차 교정본,1120,"02:00:14,760 --> 02:00:16,760",2.0,"으음, 대박이야.",기분 좋아…,"아, 그건 대박이야.",반응형,sub_1120_7214.8s.jpg,0.04,,,25.0,90.0,50.0,78.0,75.0,0.41244,0.0,66.0,0.0,0.0,0.465,"으음, 으음...","으음, 으음…",,32.38,T4,구조검사 통과 시 유지,,38.74907475943745,35.06,P4,회귀검사 통과 시 유지
ABF-305,사진 대조 1차 교정본,1121,"02:00:18,320 --> 02:00:19,760",1.44,"아, 그건 대박이야.","으음, 대박이야.",안쪽 깊숙이 와.,반응형,sub_1121_7218.3s.jpg,0.02,,,25.0,90.0,50.0,78.0,75.0,0.48479,0.0,66.0,0.0,0.0,0.4316,이거 너무 기분 좋아. 여기 들어가서 진짜 대박이야.,안쪽까지 들어오니까 정말 좋아.,성인 장면의 부자연스러운 문장 교정,35.42,T3,화자·문맥·자연스러움 집중 검토,,51.88749074759438,42.34,P3,말투·질문응답·가독성 위주 검토
ABF-305,사진 대조 1차 교정본,1122,"02:00:21,500 --> 02:00:22,520",1.02,안쪽 깊숙이 와.,"아, 그건 대박이야.",물론이지.,중립·혼합형,sub_1122_7221.5s.jpg,0.0,부자연스러운 신체 표현을 자연화,중간,25.0,90.0,50.0,84.0,79.0,0.54896,0.0,48.0,0.0,0.0,0.4763,그건 다리 안쪽 깊숙이.,안쪽 깊숙이 와.,부자연스러운 신체 표현을 자연화,35.48,T3,화자·문맥·자연스러움 집중 검토,,52.55366395262768,42.65,P3,말투·질문응답·가독성 위주 검토
ABF-305,사진 대조 1차 교정본,1123,"02:00:30,340 --> 02:00:33,020",2.68,물론이지.,안쪽 깊숙이 와.,기분 좋아.,반말형,sub_1123_7230.3s.jpg,0.04,,,25.0,90.0,50.0,78.0,75.0,0.16974,0.0,66.0,0.0,0.0,0.1059,전부 다 그러면 큰일이지. 그렇지 않아.,다 그러면 큰일 나죠. 저는 안 가요.,사진 장면 확인 및 한국어 번역투·ASR 오역 교정,22.19,T4,구조검사 통과 시 유지,,7.401924500370097,15.98,P4,회귀검사 통과 시 유지
ABF-305,사진 대조 1차 교정본,1124,"02:00:43,250 --> 02:00:43,910",0.66,기분 좋아.,물론이지.,대박이야.,반응형,sub_1124_7243.2s.jpg,0.05,,,25.0,90.0,50.0,78.0,75.0,0.26452,42.0,66.0,0.0,0.0,1.0,기분 좋아.,"아, 좋아.",화면 영문 자막 대조,33.73,T4,구조검사 통과 시 유지,,44.44855662472243,38.23,P4,회귀검사 통과 시 유지
ABF-305,사진 대조 1차 교정본,1125,"02:00:44,890 --> 02:00:45,850",0.96,대박이야.,기분 좋아.,"으음, 대박.",반말형,sub_1125_7244.9s.jpg,0.01,,,25.0,90.0,50.0,78.0,75.0,0.18886,0.0,66.0,0.0,0.0,0.5257,이거 너무 기분 좋아. 여기 들어가서 진짜 대박이야.,안쪽까지 들어오니까 정말 좋아.,성인 장면의 부자연스러운 문장 교정,22.99,T4,구조검사 통과 시 유지,,9.474463360473722,17.31,P4,회귀검사 통과 시 유지
ABF-305,사진 대조 1차 교정본,1126,"02:00:47,910 --> 02:00:55,150",7.24,"으음, 대박.",대박이야.,뒤로 뒤로.,반응형,sub_1126_7247.9s.jpg,0.01,,,25.0,90.0,50.0,78.0,75.0,0.4051,0.0,66.0,0.0,0.0,0.5561,"으음, 으음...","으음, 으음…",,32.07,T4,구조검사 통과 시 유지,,37.52775721687639,34.36,P4,회귀검사 통과 시 유지
ABF-305,사진 대조 1차 교정본,1127,"02:01:01,250 --> 02:01:02,590",1.34,뒤로 뒤로.,"으음, 대박.",아!,중립·혼합형,sub_1127_7261.2s.jpg,0.05,,,25.0,90.0,50.0,78.0,75.0,0.22379,0.0,66.0,0.0,0.0,0.352,좀 더 뒤로 향하게 해봐.,좀 더 뒤로 향하게 해 봐.,,24.46,T4,구조검사 통과 시 유지,,12.916358253145818,19.61,P4,회귀검사 통과 시 유지
ABF-305,사진 대조 1차 교정본,1128,"02:01:07,190 --> 02:01:07,750",0.56,아!,뒤로 뒤로.,아!,반응형,sub_1128_7267.2s.jpg,0.01,,,25.0,90.0,50.0,78.0,75.0,0.08425,0.0,66.0,0.0,0.0,0.0795,네! 어이!,"네, 잘 부탁드립니다!",사진 장면 확인 및 한국어 번역투·ASR 오역 교정,18.6,T4,구조검사 통과 시 유지,,3.7009622501850483,12.34,P4,회귀검사 통과 시 유지
ABF-305,사진 대조 1차 교정본,1129,"02:01:23,260 --> 02:01:23,820",0.56,아!,아!,기다려.,반응형,sub_1129_7283.3s.jpg,0.04,,,25.0,90.0,50.0,78.0,75.0,0.09041,0.0,66.0,0.0,0.0,0.0795,네! 어이!,"네, 잘 부탁드립니다!",사진 장면 확인 및 한국어 번역투·ASR 오역 교정,18.86,T4,구조검사 통과 시 유지,,3.84900074019245,12.56,P4,회귀검사 통과 시 유지
ABF-305,사진 대조 1차 교정본,1130,"02:01:24,180 --> 02:01:24,720",0.54,기다려.,아!,보너스야.,중립·혼합형,sub_1130_7284.2s.jpg,0.02,,,25.0,90.0,50.0,78.0,75.0,0.19781,0.0,66.0,0.0,0.0,0.6027,기다려...,기다려…,,23.37,T4,구조검사 통과 시 유지,,10.399703923019986,17.92,P4,회귀검사 통과 시 유지
ABF-305,사진 대조 1차 교정본,1131,"02:01:26,360 --> 02:01:27,900",1.54,보너스야.,기다려.,마스크는 우리는 장소가 흔들리고 있습니다.,반말형,sub_1131_7286.4s.jpg,0.04,,,25.0,90.0,50.0,78.0,75.0,0.20252,0.0,66.0,0.0,18.0,0.208,보너스 장면은 아직 남아 있어요…,아직 끝난 거 아니야.,타임스탬프 사진과 장면 흐름으로 명백한 오인식 교정,25.01,T4,구조검사 통과 시 유지,formality_shift,14.063656550703183,20.41,P4,회귀검사 통과 시 유지
ABF-305,사진 대조 1차 교정본,1132,"02:01:40,530 --> 02:03:06,190",85.66,마스크는 우리는 장소가 흔들리고 있습니다.,보너스야.,나는 나에게 설명하는 날에 시들지 않아...,존댓말형,sub_1132_7300.5s.jpg,0.03,,,25.0,90.0,50.0,78.0,75.0,0.84189,0.0,66.0,0.0,35.0,0.2674,내 배를 쥐고 있습니다.,배에 힘이 들어가.,사진 속 반응과 문장 기능을 근거로 교정,53.22,T3,화자·문맥·자연스러움 집중 검토,formality_jump,99.3338267949667,72.59,P1,장면 패킷을 열고 후보 3개를 생성해 반증 검토
ABF-305,사진 대조 1차 교정본,1133,"02:03:08,170 --> 02:03:09,410",1.24,나는 나에게 설명하는 날에 시들지 않아...,마스크는 우리는 장소가 흔들리고 있습니다.,과거에 5는 나의 앞부분처럼 나빴습니다.,반말형,sub_1133_7388.2s.jpg,0.03,,,25.0,90.0,50.0,78.0,75.0,0.70544,0.0,66.0,0.0,35.0,0.3538,좋지 않아...,좋지 않아…,,47.49,T3,화자·문맥·자연스러움 집중 검토,formality_jump,94.22649888971134,67.12,P2,앞뒤 5블록·사진·오류 기억을 함께 검토
ABF-305,사진 대조 1차 교정본,1134,"02:03:28,640 --> 02:03:30,480",1.84,과거에 5는 나의 앞부분처럼 나빴습니다.,나는 나에게 설명하는 날에 시들지 않아...,다음은 오늘의 앞부분을 가르쳐 주었습니다.,존댓말형,sub_1134_7408.6s.jpg,0.04,,,25.0,90.0,50.0,78.0,75.0,0.83091,0.0,66.0,0.0,0.0,0.1209,좋습니다.,좋아요.,,49.96,T3,화자·문맥·자연스러움 집중 검토,,97.33530717986677,69.86,P2,앞뒤 5블록·사진·오류 기억을 함께 검토
ABF-305,사진 대조 1차 교정본,1135,"02:03:36,460 --> 02:03:37,380",0.92,다음은 오늘의 앞부분을 가르쳐 주었습니다.,과거에 5는 나의 앞부분처럼 나빴습니다.,가면 안 돼.,존댓말형,sub_1135_7416.5s.jpg,0.04,,,25.0,90.0,50.0,78.0,75.0,0.74875,0.0,66.0,33.26,0.0,0.2313,다음은 앞쪽이에요.,다음은 이쪽이에요.,타임스탬프 사진과 앞뒤 장면으로 대사 기능 복원,49.83,T3,화자·문맥·자연스러움 집중 검토,high_cps,97.18726868985937,69.72,P2,앞뒤 5블록·사진·오류 기억을 함께 검토
ABF-305,사진 대조 1차 교정본,1136,"02:04:03,740 --> 02:04:04,580",0.84,가면 안 돼.,다음은 오늘의 앞부분을 가르쳐 주었습니다.,영차.,중립·혼합형,sub_1136_7443.7s.jpg,0.04,,,25.0,90.0,50.0,78.0,75.0,0.46152,5.16,66.0,0.0,0.0,0.693,안 돼.,"네, 놀랐어요.",타임스탬프 사진과 앞뒤 장면으로 대사 기능 복원,35.37,T3,화자·문맥·자연스러움 집중 검토,,51.51739452257586,42.15,P3,말투·질문응답·가독성 위주 검토
ABF-305,사진 대조 1차 교정본,1137,"02:04:04,580 --> 02:04:04,820",0.24,영차.,가면 안 돼.,"영차, 영차.",중립·혼합형,sub_1137_7444.6s.jpg,0.02,,,25.0,90.0,50.0,78.0,75.0,0.18947,42.0,66.0,0.0,0.0,1.0,영차.,자.,타임스탬프 사진과 앞뒤 장면으로 대사 기능 복원,30.58,T4,구조검사 통과 시 유지,,31.902294596595116,31.14,P4,회귀검사 통과 시 유지
ABF-305,사진 대조 1차 교정본,1138,"02:04:09,080 --> 02:04:11,540",2.46,"영차, 영차.",영차.,영차.,중립·혼합형,sub_1138_7449.1s.jpg,0.02,,,25.0,90.0,50.0,78.0,75.0,0.34728,11.07,66.0,0.0,0.0,0.7423,영차.,자.,타임스탬프 사진과 앞뒤 장면으로 대사 기능 복원,31.64,T4,구조검사 통과 시 유지,,36.15840118430792,33.54,P4,회귀검사 통과 시 유지
ABF-305,사진 대조 1차 교정본,1139,"02:04:13,200 --> 02:04:14,260",1.06,영차.,"영차, 영차.",조금 쉬자.,중립·혼합형,sub_1139_7453.2s.jpg,0.0,,,25.0,90.0,50.0,78.0,75.0,0.36864,42.0,66.0,0.0,0.0,1.0,영차.,자.,타임스탬프 사진과 앞뒤 장면으로 대사 기능 복원,38.1,T3,화자·문맥·자연스러움 집중 검토,,63.06439674315322,48.59,P3,말투·질문응답·가독성 위주 검토
ABF-305,사진 대조 1차 교정본,1140,"02:04:18,140 --> 02:04:19,280",1.14,조금 쉬자.,영차.,이제 곧 돌아갈 거야.,중립·혼합형,sub_1140_7458.1s.jpg,0.04,,,25.0,90.0,50.0,78.0,75.0,0.46157,25.19,66.0,0.0,0.0,0.86,쉬자.,너무 깊이 들어가.,일본어 원문 + 타임스탬프 사진 + 장면 연속성,38.98,T3,화자·문맥·자연스러움 집중 검토,,66.76535899333827,50.65,P3,말투·질문응답·가독성 위주 검토
ABF-305,사진 대조 1차 교정본,1141,"02:04:28,900 --> 02:04:30,660",1.76,이제 곧 돌아갈 거야.,조금 쉬자.,"아~ 굉장해. 정말, 다 쥐어짜이겠어.",반응형,sub_1141_7468.9s.jpg,0.0,,,25.0,90.0,50.0,78.0,75.0,0.69542,0.0,66.0,0.0,0.0,0.3199,싫은 거야.,싫어?,일본어 원문 대조 + 자연스러운 한국어 대사 교정,44.27,T3,화자·문맥·자연스러움 집중 검토,,86.15840118430792,61.86,P2,앞뒤 5블록·사진·오류 기억을 함께 검토
ABF-305,사진 대조 1차 교정본,1142,"02:05:33,150 --> 02:05:54,620",21.47,"아~ 굉장해. 정말, 다 쥐어짜이겠어.",이제 곧 돌아갈 거야.,팔꿈치 짚고 이쪽으로 와 봐.,반응형,sub_1142_7533.1s.jpg,0.05,,,25.0,90.0,50.0,78.0,75.0,0.7468,0.0,66.0,0.0,0.0,0.4621,굉장해. 굉장해.,엄청나. 진짜 엄청나.,,46.43,T3,화자·문맥·자연스러움 집중 검토,,91.85788304959289,65.51,P2,앞뒤 5블록·사진·오류 기억을 함께 검토
ABF-305,사진 대조 1차 교정본,1143,"02:06:06,530 --> 02:06:08,730",2.2,팔꿈치 짚고 이쪽으로 와 봐.,"아~ 굉장해. 정말, 다 쥐어짜이겠어.",밀어내는 거야?,반응형,sub_1143_7566.5s.jpg,0.03,,,25.0,90.0,50.0,78.0,75.0,0.6786,0.0,66.0,0.0,0.0,0.3386,이쪽으로 넣어 주세요...,이쪽으로 넣어 주세요…,,43.56,T3,화자·문맥·자연스러움 집중 검토,,84.01184307920059,60.55,P2,앞뒤 5블록·사진·오류 기억을 함께 검토
ABF-305,사진 대조 1차 교정본,1144,"02:06:29,880 --> 02:06:31,400",1.52,밀어내는 거야?,팔꿈치 짚고 이쪽으로 와 봐.,"아, 그건 대박이야.",반응형,sub_1144_7589.9s.jpg,0.02,,,25.0,90.0,50.0,78.0,75.0,0.3964,0.0,66.0,0.0,0.0,0.2836,끼우는 거야?,끼는 거지?,일본어 원문 대조 + 자연스러운 한국어 대사 교정,31.71,T4,구조검사 통과 시 유지,,36.417468541820874,33.69,P4,회귀검사 통과 시 유지
ABF-305,사진 대조 1차 교정본,1145,"02:06:34,480 --> 02:06:35,740",1.26,"아, 그건 대박이야.",밀어내는 거야?,대박.,반응형,sub_1145_7594.5s.jpg,0.02,,,25.0,90.0,50.0,78.0,75.0,0.47384,0.0,66.0,0.0,0.0,0.4316,이거 너무 기분 좋아. 여기 들어가서 진짜 대박이야.,안쪽까지 들어오니까 정말 좋아.,성인 장면의 부자연스러운 문장 교정,34.96,T4,구조검사 통과 시 유지,,49.7039230199852,41.15,P3,말투·질문응답·가독성 위주 검토
ABF-305,사진 대조 1차 교정본,1146,"02:06:58,000 --> 02:06:59,080",1.08,대박.,"아, 그건 대박이야.",기분 좋아서 허리가 저절로 움직여. 안 돼?,중립·혼합형,sub_1146_7618.0s.jpg,0.0,,,25.0,90.0,50.0,78.0,75.0,0.17506,5.41,66.0,0.0,0.0,0.6951,에~ 대박.,에… 대박.,,23.39,T4,구조검사 통과 시 유지,,10.510732790525537,17.98,P4,회귀검사 통과 시 유지
ABF-305,사진 대조 1차 교정본,1147,"02:07:00,400 --> 02:07:07,080",6.68,기분 좋아서 허리가 저절로 움직여. 안 돼?,대박.,"미안, 기분 좋아서 저절로 움직여.",반말형,sub_1147_7620.4s.jpg,0.0,,,25.0,90.0,50.0,78.0,79.0,0.82167,0.0,66.0,0.0,0.0,0.615,몸이 저절로 움직여.,몸이 저절로 움직이네.,손상된 일본어 ASR + 타임스탬프 사진 + 앞뒤 문맥 추론,49.81,T3,화자·문맥·자연스러움 집중 검토,,97.07623982235381,69.66,P2,앞뒤 5블록·사진·오류 기억을 함께 검토
ABF-305,사진 대조 1차 교정본,1148,"02:07:57,720 --> 02:08:00,580",2.86,"미안, 기분 좋아서 저절로 움직여.",기분 좋아서 허리가 저절로 움직여. 안 돼?,안 움직이려고 참고 있지?,반응형,sub_1148_7677.7s.jpg,0.02,,,25.0,90.0,50.0,78.0,79.0,0.81269,0.4,66.0,0.0,0.0,0.6533,몸이 저절로 움직여.,몸이 저절로 움직이네.,손상된 일본어 ASR + 타임스탬프 사진 + 앞뒤 문맥 추론,49.51,T3,화자·문맥·자연스러움 집중 검토,,96.74315321983715,69.35,P2,앞뒤 5블록·사진·오류 기억을 함께 검토
ABF-305,사진 대조 1차 교정본,1149,"02:08:09,820 --> 02:08:11,480",1.66,안 움직이려고 참고 있지?,"미안, 기분 좋아서 저절로 움직여.",다 알고 있어. 알고 있다고.,반말형,sub_1149_7689.8s.jpg,0.02,,,25.0,90.0,50.0,78.0,79.0,0.69652,0.0,66.0,0.0,0.0,0.1595,이것저것 참고 있는 거 아니냐?,사고 싶은 것도 참고 사는 거 아니냐?,돈·가방 장면 문맥 반영,44.55,T3,화자·문맥·자연스러움 집중 검토,,87.5277572168764,62.6,P2,앞뒤 5블록·사진·오류 기억을 함께 검토
ABF-305,사진 대조 1차 교정본,1150,"02:08:13,960 --> 02:08:16,460",2.5,다 알고 있어. 알고 있다고.,안 움직이려고 참고 있지?,어? 아직 안 돼?,반응형,sub_1150_7694.0s.jpg,0.04,,,25.0,90.0,50.0,78.0,75.0,0.55211,0.0,66.0,0.0,0.0,0.2601,다 보이고 있어.,전부 다 보이네.,,38.25,T3,화자·문맥·자연스러움 집중 검토,,63.39748334566987,48.81,P3,말투·질문응답·가독성 위주 검토
ABF-305,사진 대조 1차 교정본,1151,"02:09:10,030 --> 02:09:11,430",1.4,어? 아직 안 돼?,다 알고 있어. 알고 있다고.,"있잖아, 엄청 딱딱해졌어.",반응형,sub_1151_7750.0s.jpg,0.03,,,25.0,90.0,50.0,78.0,75.0,0.59533,0.0,66.0,0.0,0.0,0.3883,유두는 안 돼?,젖꼭지는 안 돼?,,40.06,T3,화자·문맥·자연스러움 집중 검토,,71.79866765358993,53.39,P3,말투·질문응답·가독성 위주 검토
ABF-305,사진 대조 1차 교정본,1152,"02:09:17,620 --> 02:09:19,460",1.84,"있잖아, 엄청 딱딱해졌어.",어? 아직 안 돼?,"저기, 촬영당한 것 같은 표정 짓지 마.",반응형,sub_1152_7757.6s.jpg,0.02,,,25.0,90.0,50.0,78.0,75.0,0.66453,0.0,66.0,0.0,0.0,0.3313,"있잖아, 잠깐만...","있잖아, 잠깐만…",,42.97,T3,화자·문맥·자연스러움 집중 검토,,82.01332346410067,59.37,P2,앞뒤 5블록·사진·오류 기억을 함께 검토
ABF-305,사진 대조 1차 교정본,1153,"02:09:48,060 --> 02:09:53,080",5.02,"저기, 촬영당한 것 같은 표정 짓지 마.","있잖아, 엄청 딱딱해졌어.",괜찮아.,반말형,sub_1153_7788.1s.jpg,0.04,,,25.0,90.0,50.0,78.0,75.0,0.88551,0.0,66.0,0.0,0.0,0.2165,하지 마.,잠깐만.,손상된 일본어 ASR + 타임스탬프 사진 + 앞뒤 문맥 추론,52.25,T3,화자·문맥·자연스러움 집중 검토,,99.11176905995559,71.93,P2,앞뒤 5블록·사진·오류 기억을 함께 검토
ABF-305,사진 대조 1차 교정본,1154,"02:10:19,170 --> 02:10:21,930",2.76,괜찮아.,"저기, 촬영당한 것 같은 표정 짓지 마.",기분.,반응형,sub_1154_7819.2s.jpg,0.03,,,25.0,90.0,50.0,78.0,75.0,0.45142,42.0,66.0,0.0,0.0,1.0,괜찮아.,최고예요.,화면 영문 자막 대조,41.58,T3,화자·문맥·자연스러움 집중 검토,,78.38638045891932,57.04,P3,말투·질문응답·가독성 위주 검토
ABF-305,사진 대조 1차 교정본,1155,"02:10:22,170 --> 02:10:22,970",0.8,기분.,괜찮아.,기분 좋아,중립·혼합형,sub_1155_7822.2s.jpg,0.03,,,25.0,90.0,50.0,78.0,75.0,0.2965,0.0,66.0,0.0,0.0,0.1593,기분 좋아.,"아, 좋아.",화면 영문 자막 대조,27.51,T4,구조검사 통과 시 유지,,21.39156180606958,24.94,P4,회귀검사 통과 시 유지
ABF-305,사진 대조 1차 교정본,1156,"02:10:23,250 --> 02:10:24,090",0.84,기분 좋아,기분.,봐 줘.,반응형,sub_1156_7823.2s.jpg,0.05,,,25.0,90.0,50.0,78.0,75.0,0.53133,0.0,66.0,0.0,0.0,0.542,기분 좋아.,"아, 좋아.",화면 영문 자막 대조,37.38,T3,화자·문맥·자연스러움 집중 검토,,60.51073279052554,47.09,P3,말투·질문응답·가독성 위주 검토
ABF-305,사진 대조 1차 교정본,1157,"02:11:25,470 --> 02:11:28,270",2.8,봐 줘.,기분 좋아,엄청 많이 나왔네.,중립·혼합형,sub_1157_7885.5s.jpg,0.03,,,25.0,90.0,50.0,78.0,75.0,0.67329,0.0,66.0,0.0,0.0,0.4595,좀 더 해 줘.,보여?,일본어 원문 + 타임스탬프 사진 + 장면 연속성,43.34,T3,화자·문맥·자연스러움 집중 검토,,83.16062176165802,60.06,P2,앞뒤 5블록·사진·오류 기억을 함께 검토
ABF-305,사진 대조 1차 교정본,1158,"02:12:18,970 --> 02:12:21,090",2.12,엄청 많이 나왔네.,봐 줘.,아침이라 그런 거야.,반말형,sub_1158_7939.0s.jpg,0.03,,,25.0,90.0,50.0,78.0,75.0,0.6747,0.0,66.0,0.0,0.0,0.1924,오늘 진짜 엄청 했네.,오늘 진짜 실컷 했네.,일본어 원문 대조 + 자연스러운 한국어 대사 교정,43.4,T3,화자·문맥·자연스러움 집중 검토,,83.4937083641747,60.24,P2,앞뒤 5블록·사진·오류 기억을 함께 검토
ABF-305,사진 대조 1차 교정본,1159,"02:12:23,910 --> 02:12:27,250",3.34,아침이라 그런 거야.,엄청 많이 나왔네.,정말 좋았어.,반응형,sub_1159_7943.9s.jpg,0.01,,,25.0,90.0,50.0,78.0,75.0,0.66092,0.0,66.0,0.0,0.0,0.3159,싫은 거야.,싫어?,일본어 원문 대조 + 자연스러운 한국어 대사 교정,42.82,T3,화자·문맥·자연스러움 집중 검토,,81.64322723908217,59.13,P2,앞뒤 5블록·사진·오류 기억을 함께 검토
ABF-305,사진 대조 1차 교정본,1160,"02:12:27,670 --> 02:12:35,730",8.06,정말 좋았어.,아침이라 그런 거야.,정말 좋았지.,반응형,sub_1160_7947.7s.jpg,0.03,,,25.0,90.0,50.0,78.0,75.0,0.47536,0.0,66.0,0.0,0.0,0.3914,대박이다. 장난 아니었어. 엄청나게 좋았어.,대박이었어. 진짜 너무 좋았어.,일본어 원문 대조 + 자연스러운 한국어 대사 교정,35.02,T3,화자·문맥·자연스러움 집중 검토,,49.96299037749815,41.3,P3,말투·질문응답·가독성 위주 검토
ABF-305,사진 대조 1차 교정본,1161,"02:12:36,230 --> 02:12:37,530",1.3,정말 좋았지.,정말 좋았어.,"아, 얼굴에 흐르겠어. 이제 뭘 좀 먹고
기운 보충할까?",반말형,sub_1161_7956.2s.jpg,0.03,,,25.0,90.0,50.0,78.0,75.0,0.52398,0.0,66.0,0.0,0.0,0.3141,정말 좋아.,거기 좋아.,타임스탬프 사진과 장면 흐름으로 명백한 오인식 교정,37.07,T3,화자·문맥·자연스러움 집중 검토,,59.067357512953365,46.31,P3,말투·질문응답·가독성 위주 검토
ABF-305,사진 대조 1차 교정본,1162,"02:12:43,030 --> 02:13:04,780",21.75,"아, 얼굴에 흐르겠어. 이제 뭘 좀 먹고
기운 보충할까?",정말 좋았지.,거짓말.,중립·혼합형,sub_1162_7963.0s.jpg,0.03,,,25.0,90.0,50.0,78.0,75.0,0.70995,0.0,66.0,0.0,0.0,0.1767,얼굴에 묻었는데 바로 닦지를 못했어.,얼굴에 묻었는데 바로 닦아 주지 못했어.,한국어 목적어·서술어 자연화,44.88,T3,화자·문맥·자연스러움 집중 검토,,88.30495928941525,63.12,P2,앞뒤 5블록·사진·오류 기억을 함께 검토
ABF-305,사진 대조 1차 교정본,1163,"02:13:06,880 --> 02:13:07,540",0.66,거짓말.,"아, 얼굴에 흐르겠어. 이제 뭘 좀 먹고
기운 보충할까?",또 만나자. 그래도 돼?,중립·혼합형,sub_1163_7986.9s.jpg,0.02,,,25.0,90.0,50.0,78.0,75.0,0.31591,42.0,66.0,0.0,0.0,1.0,거짓말. 거짓말. 거짓말. 거짓말.,말도 안 돼…,손상된 일본어 ASR + 타임스탬프 사진 + 앞뒤 문맥 추론,35.89,T3,화자·문맥·자연스러움 집중 검토,,54.36713545521835,43.65,P3,말투·질문응답·가독성 위주 검토
ABF-305,사진 대조 1차 교정본,1164,"02:13:30,720 --> 02:13:33,640",2.92,또 만나자. 그래도 돼?,거짓말.,당연하지. 만나고 싶어.,중립·혼합형,sub_1164_8010.7s.jpg,0.02,,,25.0,90.0,50.0,78.0,75.0,0.55724,0.0,66.0,0.0,0.0,0.2696,그래도 계속 하고 싶어.,그래도 계속하고 싶어.,손상된 일본어 ASR + 타임스탬프 사진 + 앞뒤 문맥 추론,38.46,T3,화자·문맥·자연스러움 집중 검토,,64.54478164322724,49.42,P3,말투·질문응답·가독성 위주 검토
ABF-305,사진 대조 1차 교정본,1165,"02:13:34,120 --> 02:13:35,980",1.86,당연하지. 만나고 싶어.,또 만나자. 그래도 돼?,헤어질 때가 되니까 좀 어색하네.,반응형,sub_1165_8014.1s.jpg,0.02,,,25.0,90.0,50.0,78.0,75.0,0.54229,7.78,66.0,0.0,0.0,0.7148,당연하지.,그럼 같이 닦자.,타임스탬프 사진과 앞뒤 장면으로 대사 기능 복원,39.24,T3,화자·문맥·자연스러움 집중 검토,,68.06069578090303,51.34,P3,말투·질문응답·가독성 위주 검토
ABF-305,사진 대조 1차 교정본,1166,"02:13:45,870 --> 02:13:47,930",2.06,헤어질 때가 되니까 좀 어색하네.,당연하지. 만나고 싶어.,어떻게 해야 할지 모르겠어.,반응형,sub_1166_8025.9s.jpg,0.03,,,25.0,90.0,50.0,78.0,75.0,0.81125,0.0,66.0,0.0,0.0,0.1481,조심해. 지금은 안 되니까.,조심해. 아직 내려가면 안 돼.,일본어 원문 대조 + 자연스러운 한국어 대사 교정,49.13,T3,화자·문맥·자연스러움 집중 검토,,96.29903774981496,68.94,P2,앞뒤 5블록·사진·오류 기억을 함께 검토
ABF-305,사진 대조 1차 교정본,1167,"02:13:49,750 --> 02:13:52,590",2.84,어떻게 해야 할지 모르겠어.,헤어질 때가 되니까 좀 어색하네.,고마워. 조심해서 가.,반응형,sub_1167_8029.8s.jpg,0.05,,,25.0,90.0,50.0,78.0,75.0,0.81985,0.0,66.0,0.0,0.0,0.3769,이따가 어떻게 해야 할지 가르쳐 줬잖아. 전부 깨끗하게 해.,아까 어떻게 하라고 했지? 전부 깨끗이 해.,사진 장면 확인 및 한국어 번역투·ASR 오역 교정,49.49,T3,화자·문맥·자연스러움 집중 검토,,96.66913397483346,69.31,P2,앞뒤 5블록·사진·오류 기억을 함께 검토
ABF-305,사진 대조 1차 교정본,1168,"02:13:54,230 --> 02:13:55,770",1.54,고마워. 조심해서 가.,어떻게 해야 할지 모르겠어.,감사합니다.,반말형,sub_1168_8034.2s.jpg,0.03,,,25.0,90.0,50.0,78.0,75.0,0.74905,0.0,66.0,0.0,0.0,0.5904,고마워.,손으로 잡아 줘.,일본어 원문 + 타임스탬프 사진 + 장면 연속성,46.52,T3,화자·문맥·자연스러움 집중 검토,,92.04293116210215,65.64,P2,앞뒤 5블록·사진·오류 기억을 함께 검토
ABF-305,사진 대조 1차 교정본,1169,"02:13:55,770 --> 02:13:56,270",0.5,감사합니다.,고마워. 조심해서 가.,고마워. 또 봐.,존댓말형,sub_1169_8035.8s.jpg,0.03,,,25.0,90.0,50.0,78.0,75.0,0.40051,42.0,66.0,0.0,18.0,1.0,감사합니다.,고마워요.,타임스탬프 사진과 앞뒤 장면으로 대사 기능 복원,40.88,T3,화자·문맥·자연스러움 집중 검토,formality_shift,75.24056254626203,55.31,P3,말투·질문응답·가독성 위주 검토
ABF-305,사진 대조 1차 교정본,1170,"02:13:56,890 --> 02:13:58,610",1.72,고마워. 또 봐.,감사합니다.,네.,중립·혼합형,sub_1170_8036.9s.jpg,0.01,,,25.0,90.0,50.0,78.0,75.0,0.61147,20.38,66.0,0.0,0.0,0.8199,고마워.,손으로 잡아 줘.,일본어 원문 + 타임스탬프 사진 + 장면 연속성,44.41,T3,화자·문맥·자연스러움 집중 검토,,86.71354552183568,62.18,P2,앞뒤 5블록·사진·오류 기억을 함께 검토
ABF-305,사진 대조 1차 교정본,1171,"02:14:29,790 --> 02:14:30,790",1.0,네.,고마워. 또 봐.,기다리셨죠.,반말형,sub_1171_8069.8s.jpg,0.01,,,25.0,90.0,50.0,78.0,75.0,0.32149,10.16,66.0,0.0,0.0,0.7347,"네, 네.",네.,불필요한 반복 제거,30.39,T4,구조검사 통과 시 유지,,30.68097705403405,30.51,P4,회귀검사 통과 시 유지
ABF-305,사진 대조 1차 교정본,1172,"02:14:38,220 --> 02:14:39,900",1.68,기다리셨죠.,네.,옷 멋지게 입었네.,중립·혼합형,sub_1172_8078.2s.jpg,0.02,,,25.0,90.0,50.0,78.0,75.0,0.29749,0.0,66.0,0.0,0.0,0.1818,기다리고 있겠습니다.,잠깐만 기다려.,장면에 맞지 않는 격식체를 교정,27.55,T4,구조검사 통과 시 유지,,21.53960029607698,25.03,P4,회귀검사 통과 시 유지
ABF-305,사진 대조 1차 교정본,1173,"02:14:43,820 --> 02:14:45,240",1.42,옷 멋지게 입었네.,기다리셨죠.,정말?,반말형,sub_1173_8083.8s.jpg,0.02,,,25.0,90.0,50.0,78.0,75.0,0.49065,0.0,66.0,0.0,0.0,0.1577,안 입었어.,안 보이네.,사진 장면 확인 및 한국어 번역투·ASR 오역 교정,35.67,T3,화자·문맥·자연스러움 집중 검토,,53.40488527017024,43.12,P3,말투·질문응답·가독성 위주 검토
ABF-305,사진 대조 1차 교정본,1174,"02:14:45,420 --> 02:14:45,640",0.22,정말?,옷 멋지게 입었네.,멋지네요.,중립·혼합형,sub_1174_8085.4s.jpg,0.02,,,25.0,90.0,50.0,78.0,75.0,0.14972,42.0,66.0,0.0,0.0,1.0,정말?,응.,일본어 원문 + 타임스탬프 사진 + 장면 연속성,28.91,T4,구조검사 통과 시 유지,,25.24056254626203,27.37,P4,회귀검사 통과 시 유지
ABF-305,사진 대조 1차 교정본,1175,"02:14:46,700 --> 02:14:47,680",0.98,멋지네요.,정말?,오늘도 고마워요.,반말형,sub_1175_8086.7s.jpg,0.0,,,25.0,90.0,50.0,78.0,75.0,0.24823,0.0,66.0,0.0,0.0,0.2582,따뜻해… 엄청 느껴지네요.,따뜻해… 안쪽까지 느껴져요.,,25.49,T4,구조검사 통과 시 유지,,15.3219837157661,21.22,P4,회귀검사 통과 시 유지
ABF-305,사진 대조 1차 교정본,1176,"02:14:48,880 --> 02:14:50,240",1.36,오늘도 고마워요.,멋지네요.,"아니야, 뭘.",중립·혼합형,sub_1176_8088.9s.jpg,0.02,,,25.0,90.0,50.0,78.0,75.0,0.45785,0.0,66.0,0.0,0.0,0.3593,"그럼, 오늘도 봐 주세요.",그럼 오늘도 잘 봐 줘.,,34.29,T4,구조검사 통과 시 유지,,46.44707623982235,39.4,P4,회귀검사 통과 시 유지
ABF-305,사진 대조 1차 교정본,1177,"02:14:51,000 --> 02:14:51,720",0.72,"아니야, 뭘.",오늘도 고마워요.,기뻐.,반응형,sub_1177_8091.0s.jpg,0.0,,,25.0,90.0,50.0,78.0,75.0,0.73038,0.0,66.0,0.0,0.0,0.1987,온천 아니야?,뭔가…,일본어 원문 + 타임스탬프 사진 + 장면 연속성,45.74,T3,화자·문맥·자연스러움 집중 검토,,90.15544041450777,64.39,P2,앞뒤 5블록·사진·오류 기억을 함께 검토
ABF-305,사진 대조 1차 교정본,1178,"02:14:53,240 --> 02:14:54,020",0.78,기뻐.,"아니야, 뭘.",정말?,중립·혼합형,sub_1178_8093.2s.jpg,0.04,,,25.0,90.0,50.0,78.0,75.0,0.52224,42.0,66.0,0.0,0.0,1.0,기뻐.,기쁘다.,일본어 원문 대조 + 자연스러운 한국어 대사 교정,44.55,T3,화자·문맥·자연스러움 집중 검토,,87.5277572168764,62.6,P2,앞뒤 5블록·사진·오류 기억을 함께 검토
ABF-305,사진 대조 1차 교정본,1179,"02:14:54,500 --> 02:14:54,760",0.26,정말?,기뻐.,응.,중립·혼합형,sub_1179_8094.5s.jpg,0.0,,,25.0,90.0,50.0,78.0,75.0,0.56,42.0,66.0,0.0,0.0,1.0,정말?,응.,일본어 원문 + 타임스탬프 사진 + 장면 연속성,46.14,T3,화자·문맥·자연스러움 집중 검토,,91.11769059955589,65.03,P2,앞뒤 5블록·사진·오류 기억을 함께 검토
ABF-305,사진 대조 1차 교정본,1180,"02:14:55,000 --> 02:14:55,220",0.22,응.,정말?,그래도 꽤 눈에 띄지?,반응형,sub_1180_8095.0s.jpg,0.0,,,25.0,90.0,50.0,78.0,75.0,0.05976,0.0,66.0,0.0,0.0,0.4149,"하-, 응.",하아… 응.,,17.57,T4,구조검사 통과 시 유지,,2.516654330125833,11.25,P4,회귀검사 통과 시 유지
ABF-305,사진 대조 1차 교정본,1181,"02:14:56,240 --> 02:14:58,140",1.9,그래도 꽤 눈에 띄지?,응.,응.,반말형,sub_1181_8096.2s.jpg,0.04,,,25.0,90.0,50.0,78.0,75.0,0.61675,0.0,66.0,0.0,0.0,0.2761,그래도 계속 하고 싶어.,그래도 계속하고 싶어.,손상된 일본어 ASR + 타임스탬프 사진 + 앞뒤 문맥 추론,40.96,T3,화자·문맥·자연스러움 집중 검토,,75.68467801628424,55.54,P3,말투·질문응답·가독성 위주 검토
ABF-305,사진 대조 1차 교정본,1182,"02:14:58,340 --> 02:14:58,360",0.02,응.,그래도 꽤 눈에 띄지?,왜 이렇게 반짝여?,반응형,sub_1182_8098.3s.jpg,0.04,,,25.0,90.0,50.0,78.0,75.0,0.09602,0.0,66.0,70.0,0.0,0.4149,"하-, 응.",하아… 응.,,26.09,T4,구조검사 통과 시 유지,high_cps,17.320503330866025,22.41,P4,회귀검사 통과 시 유지
ABF-305,사진 대조 1차 교정본,1183,"02:15:00,320 --> 02:15:03,540",3.22,왜 이렇게 반짝여?,응.,모르겠어.,중립·혼합형,sub_1183_8100.3s.jpg,0.02,,,25.0,90.0,50.0,78.0,75.0,0.65518,0.0,66.0,0.0,0.0,0.251,이렇게 해버려.,이렇게 해 버려.,,42.58,T3,화자·문맥·자연스러움 집중 검토,,80.97705403404886,58.71,P2,앞뒤 5블록·사진·오류 기억을 함께 검토
ABF-305,사진 대조 1차 교정본,1184,"02:15:04,480 --> 02:15:05,220",0.74,모르겠어.,왜 이렇게 반짝여?,멋있어?,반응형,sub_1184_8104.5s.jpg,0.02,,,25.0,90.0,50.0,78.0,75.0,0.41776,0.0,66.0,0.0,0.0,0.479,오늘 왜 이러는지 나도 모르겠어...,오늘 왜 이러는지 나도 모르겠어…,,32.61,T4,구조검사 통과 시 유지,,40.22945965951148,35.81,P4,회귀검사 통과 시 유지
ABF-305,사진 대조 1차 교정본,1185,"02:15:05,340 --> 02:15:05,720",0.38,멋있어?,모르겠어.,멋있는 것 같아.,반응형,sub_1185_8105.3s.jpg,0.04,,,25.0,90.0,50.0,78.0,75.0,0.38553,0.0,66.0,0.0,0.0,0.2546,자고 있어?,땀나?,사진 장면 확인 및 한국어 번역투·ASR 오역 교정,31.25,T4,구조검사 통과 시 유지,,34.64100666173205,32.67,P4,회귀검사 통과 시 유지
ABF-305,사진 대조 1차 교정본,1186,"02:15:06,240 --> 02:15:08,040",1.8,멋있는 것 같아.,멋있어?,직접 고른 거지?,반응형,sub_1186_8106.2s.jpg,0.04,,,25.0,90.0,50.0,78.0,75.0,0.41692,0.0,66.0,0.0,0.0,0.5241,갈 것 같아.,진짜 갈 것 같아.,일본어 원문 대조 + 자연스러운 한국어 대사 교정,32.57,T4,구조검사 통과 시 유지,,40.081421169504075,35.72,P4,회귀검사 통과 시 유지
ABF-305,사진 대조 1차 교정본,1187,"02:15:08,040 --> 02:15:09,540",1.5,직접 고른 거지?,멋있는 것 같아.,응.,반말형,sub_1187_8108.0s.jpg,0.04,,,25.0,90.0,50.0,78.0,75.0,0.38269,0.0,66.0,0.0,0.0,0.5275,잘 거지?,갈 수 있지?,사진 장면 확인 및 한국어 번역투·ASR 오역 교정,31.13,T4,구조검사 통과 시 유지,,34.159881569208,32.4,P4,회귀검사 통과 시 유지
ABF-305,사진 대조 1차 교정본,1188,"02:15:09,760 --> 02:15:10,540",0.78,응.,직접 고른 거지?,흔들린 거야?,반응형,sub_1188_8109.8s.jpg,0.04,,,25.0,90.0,50.0,78.0,75.0,0.03406,0.0,66.0,0.0,0.0,0.4149,"하-, 응.",하아… 응.,,16.49,T4,구조검사 통과 시 유지,,0.6661732050333087,9.84,P4,회귀검사 통과 시 유지
ABF-305,사진 대조 1차 교정본,1189,"02:15:10,540 --> 02:15:11,000",0.46,흔들린 거야?,응.,매장 직원이 입고 있었어.,반말형,sub_1189_8110.5s.jpg,0.04,,,25.0,90.0,50.0,78.0,75.0,0.35438,0.0,66.0,0.0,0.0,0.2956,끼우는 거야?,끼는 거지?,일본어 원문 대조 + 자연스러운 한국어 대사 교정,29.94,T4,구조검사 통과 시 유지,,29.089563286454478,29.58,P4,회귀검사 통과 시 유지
ABF-305,사진 대조 1차 교정본,1190,"02:15:11,320 --> 02:15:14,000",2.68,매장 직원이 입고 있었어.,흔들린 거야?,입고 있었다고?,반응형,sub_1190_8111.3s.jpg,0.02,,,25.0,90.0,50.0,78.0,75.0,0.5955,0.0,66.0,0.0,0.0,0.385,누워 있었어.,더 뿜어봐.,,40.07,T3,화자·문맥·자연스러움 집중 검토,,71.90969652109548,53.44,P3,말투·질문응답·가독성 위주 검토
ABF-305,사진 대조 1차 교정본,1191,"02:15:14,320 --> 02:15:15,040",0.72,입고 있었다고?,매장 직원이 입고 있었어.,그게 좋다고 한 거야?,중립·혼합형,sub_1191_8114.3s.jpg,0.02,,,25.0,90.0,50.0,78.0,75.0,0.48558,0.0,66.0,0.0,0.0,0.2026,어? 벗기고 싶다고? 응.,해 줬으면 좋겠어? 응.,손상된 일본어 ASR + 타임스탬프 사진 + 앞뒤 문맥 추론,35.45,T3,화자·문맥·자연스러움 집중 검토,,52.109548482605476,42.45,P3,말투·질문응답·가독성 위주 검토
ABF-305,사진 대조 1차 교정본,1192,"02:15:15,240 --> 02:15:16,160",0.92,그게 좋다고 한 거야?,입고 있었다고?,대단하네.,반말형,sub_1192_8115.2s.jpg,0.04,,,25.0,90.0,50.0,78.0,75.0,0.648,0.0,66.0,0.0,0.0,0.4536,좋다고 생각해.,좋은 것 같아.,일본어 원문 대조 + 자연스러운 한국어 대사 교정,42.28,T3,화자·문맥·자연스러움 집중 검토,,80.16284233900815,58.19,P2,앞뒤 5블록·사진·오류 기억을 함께 검토
ABF-305,사진 대조 1차 교정본,1193,"02:15:16,980 --> 02:15:17,380",0.4,대단하네.,그게 좋다고 한 거야?,응.,반말형,sub_1193_8117.0s.jpg,0.02,,,25.0,90.0,50.0,78.0,75.0,0.36417,42.0,66.0,0.0,0.0,1.0,대단하네.,땀이 엄청나네.,손상된 일본어 ASR + 타임스탬프 사진 + 앞뒤 문맥 추론,37.91,T3,화자·문맥·자연스러움 집중 검토,,62.398223538119915,48.2,P3,말투·질문응답·가독성 위주 검토
ABF-305,사진 대조 1차 교정본,1194,"02:15:20,440 --> 02:15:20,620",0.18,응.,대단하네.,어떻게 된 거야?,반응형,sub_1194_8120.4s.jpg,0.04,,,25.0,90.0,50.0,78.0,75.0,0.06713,0.0,66.0,0.0,0.0,0.4149,"하-, 응.",하아… 응.,,17.88,T4,구조검사 통과 시 유지,,3.1088082901554404,11.68,P4,회귀검사 통과 시 유지
ABF-305,사진 대조 1차 교정본,1195,"02:15:21,080 --> 02:15:21,820",0.74,어떻게 된 거야?,응.,응.,반응형,sub_1195_8121.1s.jpg,0.02,,,25.0,90.0,50.0,78.0,75.0,0.49794,0.0,66.0,0.0,0.0,0.4454,어떻게 먹는 거?,어떤 식으로?,일본어 원문 대조 + 자연스러운 한국어 대사 교정,35.97,T3,화자·문맥·자연스러움 집중 검토,,54.774241302738716,43.87,P3,말투·질문응답·가독성 위주 검토
ABF-305,사진 대조 1차 교정본,1196,"02:15:22,400 --> 02:15:22,580",0.18,응.,어떻게 된 거야?,"와, 이거 대단한데.",반응형,sub_1196_8122.4s.jpg,0.0,,,25.0,90.0,50.0,78.0,75.0,0.04335,0.0,66.0,0.0,0.0,0.4149,"하-, 응.",하아… 응.,,16.88,T4,구조검사 통과 시 유지,,1.2583271650629164,10.32,P4,회귀검사 통과 시 유지
ABF-305,사진 대조 1차 교정본,1197,"02:15:23,400 --> 02:15:24,420",1.02,"와, 이거 대단한데.",응.,오늘은 이걸로 갈아입어 줬으면 해.,중립·혼합형,sub_1197_8123.4s.jpg,0.0,,,25.0,90.0,50.0,78.0,75.0,0.59935,0.0,66.0,0.0,0.0,0.1876,"와, 짱이다.","와, 아담하다.",일본어 원문 + 타임스탬프 사진 + 장면 연속성,40.23,T3,화자·문맥·자연스러움 집중 검토,,72.39082161361954,53.74,P3,말투·질문응답·가독성 위주 검토
ABF-305,사진 대조 1차 교정본,1198,"02:15:29,630 --> 02:15:34,930",5.3,오늘은 이걸로 갈아입어 줬으면 해.,"와, 이거 대단한데.",또?,반응형,sub_1198_8129.6s.jpg,0.03,,,25.0,90.0,50.0,78.0,75.0,0.74094,0.0,66.0,0.0,0.0,0.2685,기억해 줬으면 해?,"여기, 기억해 줬으면 해요.",사진 장면 확인 및 한국어 번역투·ASR 오역 교정,46.18,T3,화자·문맥·자연스러움 집중 검토,,91.19170984455958,65.08,P2,앞뒤 5블록·사진·오류 기억을 함께 검토
ABF-305,사진 대조 1차 교정본,1199,"02:15:35,330 --> 02:15:35,610",0.28,또?,오늘은 이걸로 갈아입어 줬으면 해.,왜? 괜찮잖아. 왜 싫어?,중립·혼합형,sub_1199_8135.3s.jpg,0.03,,,25.0,90.0,50.0,78.0,75.0,0.3388,0.0,66.0,0.0,0.0,0.076,또 만나요.,[불명],,29.29,T4,구조검사 통과 시 유지,,26.498889711324946,28.12,P4,회귀검사 통과 시 유지
ABF-305,사진 대조 1차 교정본,1200,"02:15:36,550 --> 02:15:38,250",1.7,왜? 괜찮잖아. 왜 싫어?,또?,정말 좋아하네.,반응형,sub_1200_8136.6s.jpg,0.05,,,25.0,90.0,50.0,78.0,75.0,0.53712,0.0,66.0,0.0,0.0,0.323,하지만 내가 사랑하는 건 너뿐이니까 괜찮잖아.,너만 사랑한다니까.,,37.62,T3,화자·문맥·자연스러움 집중 검토,,61.32494448556625,47.58,P3,말투·질문응답·가독성 위주 검토
ABF-305,사진 대조 1차 교정본,1201,"02:15:39,610 --> 02:15:40,770",1.16,정말 좋아하네.,왜? 괜찮잖아. 왜 싫어?,좋아하지.,반응형,sub_1201_8139.6s.jpg,0.01,,,25.0,90.0,50.0,78.0,75.0,0.41462,0.0,66.0,0.0,0.0,0.3712,정말 좋아.,거기 좋아.,타임스탬프 사진과 장면 흐름으로 명백한 오인식 교정,32.47,T4,구조검사 통과 시 유지,,39.34122871946706,35.36,P4,회귀검사 통과 시 유지
ABF-305,사진 대조 1차 교정본,1202,"02:15:41,790 --> 02:15:42,370",0.58,좋아하지.,정말 좋아하네.,이거 괜찮잖아.,반응형,sub_1202_8141.8s.jpg,0.01,,,25.0,90.0,50.0,78.0,75.0,0.30947,0.0,66.0,0.0,0.0,0.4301,이런 거 좋아하지?,묶여 있는 거 좋아하지?,,28.06,T4,구조검사 통과 시 유지,,23.019985196150998,25.94,P4,회귀검사 통과 시 유지
ABF-305,사진 대조 1차 교정본,1203,"02:15:43,270 --> 02:15:44,730",1.46,이거 괜찮잖아.,좋아하지.,"응, 엄청.",반응형,sub_1203_8143.3s.jpg,0.03,,,25.0,90.0,50.0,78.0,75.0,0.44311,0.0,66.0,0.0,0.0,0.4232,하지만 내가 사랑하는 건 너뿐이니까 괜찮잖아.,너만 사랑한다니까.,,33.67,T4,구조검사 통과 시 유지,,44.26350851221317,38.12,P4,회귀검사 통과 시 유지
ABF-305,사진 대조 1차 교정본,1204,"02:15:44,910 --> 02:15:45,410",0.5,"응, 엄청.",이거 괜찮잖아.,이걸로 갈아입어 줄래?,반응형,sub_1204_8144.9s.jpg,0.01,,,25.0,90.0,50.0,78.0,75.0,0.51724,0.0,66.0,0.0,0.0,0.3891,엄청...,엄청…,,36.78,T3,화자·문맥·자연스러움 집중 검토,,57.735011102886745,45.58,P3,말투·질문응답·가독성 위주 검토
ABF-305,사진 대조 1차 교정본,1205,"02:15:46,810 --> 02:15:48,290",1.48,이걸로 갈아입어 줄래?,"응, 엄청.",물론이지.,반응형,sub_1205_8146.8s.jpg,0.01,,,25.0,90.0,50.0,78.0,75.0,0.48025,0.0,66.0,0.0,0.0,0.1515,평상복으로 갈아입고 올게.,다른 옷으로 갈아입고 올게.,사진 장면 확인 및 한국어 번역투·ASR 오역 교정,35.23,T3,화자·문맥·자연스러움 집중 검토,,50.99925980754997,41.85,P3,말투·질문응답·가독성 위주 검토
ABF-305,사진 대조 1차 교정본,1206,"02:15:48,550 --> 02:15:49,070",0.52,물론이지.,이걸로 갈아입어 줄래?,정말?,반말형,sub_1206_8148.6s.jpg,0.05,,,25.0,90.0,50.0,78.0,75.0,0.22617,0.0,66.0,0.0,0.0,0.1059,전부 다 그러면 큰일이지. 그렇지 않아.,다 그러면 큰일 나죠. 저는 안 가요.,사진 장면 확인 및 한국어 번역투·ASR 오역 교정,24.56,T4,구조검사 통과 시 유지,,13.101406365655071,19.75,P4,회귀검사 통과 시 유지
ABF-305,사진 대조 1차 교정본,1207,"02:15:49,290 --> 02:15:49,510",0.22,정말?,물론이지.,응.,중립·혼합형,sub_1207_8149.3s.jpg,0.01,,,25.0,90.0,50.0,78.0,75.0,0.14781,42.0,66.0,0.0,0.0,1.0,정말?,응.,일본어 원문 + 타임스탬프 사진 + 장면 연속성,28.83,T4,구조검사 통과 시 유지,,24.870466321243523,27.17,P4,회귀검사 통과 시 유지
ABF-305,사진 대조 1차 교정본,1208,"02:15:49,510 --> 02:15:49,710",0.2,응.,정말?,그럼 부탁할게.,반응형,sub_1208_8149.5s.jpg,0.01,,,25.0,90.0,50.0,78.0,75.0,0.0581,0.0,66.0,0.0,0.0,0.4149,"하-, 응.",하아… 응.,,17.5,T4,구조검사 통과 시 유지,,2.3686158401184305,11.14,P4,회귀검사 통과 시 유지
ABF-305,사진 대조 1차 교정본,1209,"02:15:50,730 --> 02:15:51,550",0.82,그럼 부탁할게.,응.,그럼 바로 갈아입고 올게.,중립·혼합형,sub_1209_8150.7s.jpg,0.03,,,25.0,90.0,50.0,78.0,75.0,0.50931,0.0,66.0,0.0,0.0,0.2463,이제 안 할게.,이제 안 애태울게.,,36.45,T3,화자·문맥·자연스러움 집중 검토,,56.36565507031829,44.81,P3,말투·질문응답·가독성 위주 검토
ABF-305,사진 대조 1차 교정본,1210,"02:15:51,690 --> 02:15:53,750",2.06,그럼 바로 갈아입고 올게.,그럼 부탁할게.,응.,반응형,sub_1210_8151.7s.jpg,0.01,,,25.0,90.0,50.0,78.0,75.0,0.67354,0.0,66.0,0.0,0.0,0.618,평상복으로 갈아입고 올게.,다른 옷으로 갈아입고 올게.,사진 장면 확인 및 한국어 번역투·ASR 오역 교정,43.35,T3,화자·문맥·자연스러움 집중 검토,,83.27165062916359,60.12,P2,앞뒤 5블록·사진·오류 기억을 함께 검토
ABF-305,사진 대조 1차 교정본,1211,"02:15:53,930 --> 02:15:54,050",0.12,응.,그럼 바로 갈아입고 올게.,이거 대단하네.,반응형,sub_1211_8153.9s.jpg,0.03,,,25.0,90.0,50.0,78.0,75.0,0.08645,0.0,66.0,25.0,0.0,0.4149,"하-, 응.",하아… 응.,,21.19,T4,구조검사 통과 시 유지,borderline_cps,6.069578090303479,14.84,P4,회귀검사 통과 시 유지
ABF-305,사진 대조 1차 교정본,1212,"02:17:07,020 --> 02:17:08,120",1.1,이거 대단하네.,응.,응?,반말형,sub_1212_8227.0s.jpg,0.02,,,25.0,90.0,50.0,78.0,75.0,0.56287,28.95,66.0,0.0,0.0,0.8912,대단하네.,땀이 엄청나네.,손상된 일본어 ASR + 타임스탬프 사진 + 앞뒤 문맥 추론,43.91,T3,화자·문맥·자연스러움 집중 검토,,84.93708364174685,61.14,P2,앞뒤 5블록·사진·오류 기억을 함께 검토
ABF-305,사진 대조 1차 교정본,1213,"02:17:09,620 --> 02:17:10,020",0.4,응?,이거 대단하네.,정말 대단해.,반응형,sub_1213_8229.6s.jpg,0.02,,,25.0,90.0,50.0,78.0,75.0,0.32204,0.0,66.0,0.0,0.0,0.4138,응? 잠깐 기다려…,응? 잠깐만…,일본어 원문 대조 + 자연스러운 한국어 대사 교정,28.59,T4,구조검사 통과 시 유지,,24.204293116210216,26.75,P4,회귀검사 통과 시 유지
ABF-305,사진 대조 1차 교정본,1214,"02:17:10,980 --> 02:17:11,760",0.78,정말 대단해.,응?,대단해?,반말형,sub_1214_8231.0s.jpg,0.02,,,25.0,90.0,50.0,78.0,75.0,0.52748,23.71,66.0,0.0,0.0,0.8476,대단해.,기분 좋네.,일본어 원문 + 타임스탬프 사진 + 장면 연속성,41.48,T3,화자·문맥·자연스러움 집중 검토,,77.90525536639527,56.78,P3,말투·질문응답·가독성 위주 검토
ABF-305,사진 대조 1차 교정본,1215,"02:17:12,980 --> 02:17:13,380",0.4,대단해?,정말 대단해.,작아.,반말형,sub_1215_8233.0s.jpg,0.02,,,25.0,90.0,50.0,78.0,75.0,0.44384,0.0,66.0,0.0,0.0,0.3385,대단해.,기분 좋네.,일본어 원문 + 타임스탬프 사진 + 장면 연속성,33.7,T4,구조검사 통과 시 유지,,44.337527757216876,38.17,P4,회귀검사 통과 시 유지
ABF-305,사진 대조 1차 교정본,1216,"02:17:13,640 --> 02:17:14,360",0.72,작아.,대단해?,조금 작지?,반응형,sub_1216_8233.6s.jpg,0.04,,,25.0,90.0,50.0,78.0,75.0,0.33409,0.0,66.0,0.0,0.0,0.0814,"아, 좋아.","아, 들어온다.",,29.09,T4,구조검사 통과 시 유지,,25.906735751295333,27.75,P4,회귀검사 통과 시 유지
ABF-305,사진 대조 1차 교정본,1217,"02:17:15,900 --> 02:17:16,700",0.8,조금 작지?,작아.,응.,반말형,sub_1217_8235.9s.jpg,0.0,,,25.0,90.0,50.0,78.0,75.0,0.41478,0.0,66.0,0.0,0.0,0.2267,가 봐. 아직 조금 남았지?,움직여 봐. 아직 할 수 있지?,타임스탬프 사진과 장면 흐름으로 명백한 오인식 교정,32.48,T4,구조검사 통과 시 유지,,39.48926720947446,35.42,P4,회귀검사 통과 시 유지
ABF-305,사진 대조 1차 교정본,1218,"02:17:17,040 --> 02:17:17,240",0.2,응.,조금 작지?,섹시하지?,반응형,sub_1218_8237.0s.jpg,0.04,,,25.0,90.0,50.0,78.0,75.0,0.06061,0.0,66.0,0.0,0.0,0.4149,"하-, 응.",하아… 응.,,17.61,T4,구조검사 통과 시 유지,,2.701702442635085,11.35,P4,회귀검사 통과 시 유지
ABF-305,사진 대조 1차 교정본,1219,"02:17:17,740 --> 02:17:19,080",1.34,섹시하지?,응.,마음에 들어?,반말형,sub_1219_8237.7s.jpg,0.04,,,25.0,90.0,50.0,78.0,75.0,0.34273,0.0,66.0,0.0,0.0,0.2033,이런 거 좋아하지?,묶여 있는 거 좋아하지?,,29.45,T4,구조검사 통과 시 유지,,27.387120651369358,28.58,P4,회귀검사 통과 시 유지
ABF-305,사진 대조 1차 교정본,1220,"02:17:20,320 --> 02:17:20,760",0.44,마음에 들어?,섹시하지?,응.,반응형,sub_1220_8240.3s.jpg,0.02,,,25.0,90.0,50.0,78.0,75.0,0.51714,0.0,66.0,0.0,0.0,0.3971,마음에 든 모양이군.,마음에 드신 모양이군.,사진 장면 확인 및 한국어 번역투 교정,36.78,T3,화자·문맥·자연스러움 집중 검토,,57.735011102886745,45.58,P3,말투·질문응답·가독성 위주 검토
ABF-305,사진 대조 1차 교정본,1221,"02:17:21,480 --> 02:17:21,740",0.26,응.,마음에 들어?,아직 멀었어.,반응형,sub_1221_8241.5s.jpg,0.02,,,25.0,90.0,50.0,78.0,75.0,0.06861,0.0,66.0,0.0,0.0,0.4149,"하-, 응.",하아… 응.,,17.94,T4,구조검사 통과 시 유지,,3.182827535159141,11.74,P4,회귀검사 통과 시 유지
ABF-305,사진 대조 1차 교정본,1222,"02:17:24,540 --> 02:17:25,720",1.18,아직 멀었어.,응.,정말?,반응형,sub_1222_8244.5s.jpg,0.04,,,25.0,90.0,50.0,78.0,75.0,0.46334,0.0,66.0,0.0,0.0,0.2591,아직 더...,아직 더…,,34.52,T4,구조검사 통과 시 유지,,47.59437453737972,40.01,P3,말투·질문응답·가독성 위주 검토
ABF-305,사진 대조 1차 교정본,1223,"02:17:25,920 --> 02:17:26,200",0.28,정말?,아직 멀었어.,오늘 밤에 나이트 풀도 하나 봐.,중립·혼합형,sub_1223_8245.9s.jpg,0.02,,,25.0,90.0,50.0,78.0,75.0,0.32113,42.0,66.0,0.0,0.0,1.0,정말?,응.,일본어 원문 + 타임스탬프 사진 + 장면 연속성,36.11,T3,화자·문맥·자연스러움 집중 검토,,55.36639526276832,44.2,P3,말투·질문응답·가독성 위주 검토
ABF-305,사진 대조 1차 교정본,1224,"02:17:27,000 --> 02:17:29,480",2.48,오늘 밤에 나이트 풀도 하나 봐.,정말?,응?,중립·혼합형,sub_1224_8247.0s.jpg,0.0,,,25.0,90.0,50.0,78.0,75.0,0.71889,0.0,66.0,0.0,0.0,0.1545,오늘 진짜 엄청 했네.,오늘 진짜 실컷 했네.,일본어 원문 대조 + 자연스러운 한국어 대사 교정,45.25,T3,화자·문맥·자연스러움 집중 검토,,89.26720947446336,63.74,P2,앞뒤 5블록·사진·오류 기억을 함께 검토
ABF-305,사진 대조 1차 교정본,1225,"02:17:29,660 --> 02:17:29,680",0.02,응?,오늘 밤에 나이트 풀도 하나 봐.,이제부터.,반응형,sub_1225_8249.7s.jpg,0.04,,,25.0,90.0,50.0,78.0,75.0,0.32571,0.0,66.0,70.0,0.0,0.4138,응? 잠깐 기다려…,응? 잠깐만…,일본어 원문 대조 + 자연스러운 한국어 대사 교정,35.74,T3,화자·문맥·자연스러움 집중 검토,high_cps,53.70096225018505,43.28,P3,말투·질문응답·가독성 위주 검토
ABF-305,사진 대조 1차 교정본,1226,"02:17:30,580 --> 02:17:31,240",0.66,이제부터.,응?,수영장도 있어?,중립·혼합형,sub_1226_8250.6s.jpg,0.02,,,25.0,90.0,50.0,78.0,75.0,0.23502,0.0,66.0,0.0,0.0,0.1781,"이제부터 시작이지. 앞으로가 중요해요. 앗, 벌써 해산? 아니야. 잘못 말했다. 잘못 말했어?","이제부터가 중요해. 어, 벌써 해산? 아니야, 말 잘못했어.",3줄 이상 자막을 자연스럽게 정리,24.93,T4,구조검사 통과 시 유지,,13.84159881569208,20.27,P4,회귀검사 통과 시 유지
ABF-305,사진 대조 1차 교정본,1227,"02:17:31,240 --> 02:17:32,160",0.92,수영장도 있어?,이제부터.,"응, 나이트 풀.",반응형,sub_1227_8251.2s.jpg,0.04,,,25.0,90.0,50.0,78.0,75.0,0.37064,0.0,66.0,0.0,0.0,0.3424,자고 있어?,땀나?,사진 장면 확인 및 한국어 번역투·ASR 오역 교정,30.63,T4,구조검사 통과 시 유지,,32.12435233160622,31.26,P4,회귀검사 통과 시 유지
ABF-305,사진 대조 1차 교정본,1228,"02:17:32,320 --> 02:17:33,360",1.04,"응, 나이트 풀.",수영장도 있어?,와.,반응형,sub_1228_8252.3s.jpg,0.02,,,25.0,90.0,50.0,78.0,75.0,0.39346,0.0,66.0,0.0,0.0,0.1981,"응, 더...","응, 더…",,31.59,T4,구조검사 통과 시 유지,,35.82531458179127,33.37,P4,회귀검사 통과 시 유지
ABF-305,사진 대조 1차 교정본,1229,"02:17:33,620 --> 02:17:33,940",0.32,와.,"응, 나이트 풀.",가고 싶어.,중립·혼합형,sub_1229_8253.6s.jpg,0.02,,,25.0,90.0,50.0,78.0,75.0,0.11399,0.0,66.0,0.0,0.0,0.4105,"후후후, 어서 와.","후후후, 차가워!",손상된 일본어 ASR + 타임스탬프 사진 + 앞뒤 문맥 추론,19.85,T4,구조검사 통과 시 유지,,4.515173945225759,13.41,P4,회귀검사 통과 시 유지
ABF-305,사진 대조 1차 교정본,1230,"02:17:35,420 --> 02:17:36,040",0.62,가고 싶어.,와.,정말?,반응형,sub_1230_8255.4s.jpg,0.02,,,25.0,90.0,50.0,78.0,75.0,0.21679,0.0,66.0,0.0,0.0,0.5563,넣고 싶어.,빨리 넣고 싶어.,일본어 원문 대조 + 자연스러운 한국어 대사 교정,24.17,T4,구조검사 통과 시 유지,,12.36121391561806,19.21,P4,회귀검사 통과 시 유지
ABF-305,사진 대조 1차 교정본,1231,"02:17:36,360 --> 02:17:36,660",0.3,정말?,가고 싶어.,응.,중립·혼합형,sub_1231_8256.4s.jpg,0.04,,,25.0,90.0,50.0,78.0,75.0,0.11467,42.0,66.0,0.0,0.0,1.0,정말?,응.,일본어 원문 + 타임스탬프 사진 + 장면 연속성,27.44,T4,구조검사 통과 시 유지,,21.206513693560325,24.82,P4,회귀검사 통과 시 유지
ABF-305,사진 대조 1차 교정본,1232,"02:17:37,020 --> 02:17:37,160",0.14,응.,정말?,캔캔에서 하는 거래.,반응형,sub_1232_8257.0s.jpg,0.02,,,25.0,90.0,50.0,78.0,75.0,0.05642,0.0,66.0,0.0,0.0,0.4149,"하-, 응.",하아… 응.,,17.43,T4,구조검사 통과 시 유지,,2.29459659511473,11.07,P4,회귀검사 통과 시 유지
ABF-305,사진 대조 1차 교정본,1233,"02:17:38,220 --> 02:17:39,240",1.02,캔캔에서 하는 거래.,응.,뭐라고?,중립·혼합형,sub_1233_8258.2s.jpg,0.02,,,25.0,90.0,50.0,78.0,75.0,0.62581,0.0,66.0,0.0,0.0,0.1538,뭐라고 하는 거야?,뭐라고 말해야 해?,일본어 원문 대조 + 자연스러운 한국어 대사 교정,41.34,T3,화자·문맥·자연스러움 집중 검토,,77.0540340488527,56.34,P3,말투·질문응답·가독성 위주 검토
ABF-305,사진 대조 1차 교정본,1234,"02:17:40,100 --> 02:17:40,680",0.58,뭐라고?,캔캔에서 하는 거래.,캔캔.,중립·혼합형,sub_1234_8260.1s.jpg,0.0,,,25.0,90.0,50.0,78.0,75.0,0.38414,3.59,66.0,0.0,0.0,0.6799,샴페인이 뭐라고?,샴페인 이름이 뭐였지?,사진 장면 확인 및 한국어 번역투·ASR 오역 교정,31.84,T4,구조검사 통과 시 유지,,36.86158401184308,33.95,P4,회귀검사 통과 시 유지
ABF-305,사진 대조 1차 교정본,1235,"02:17:40,920 --> 02:17:41,520",0.6,캔캔.,뭐라고?,캔캔?,중립·혼합형,sub_1235_8260.9s.jpg,0.02,,,25.0,90.0,50.0,78.0,75.0,0.27016,0.0,66.0,0.0,0.0,0.0044,응... 기분 좋아.,응… 기분 좋아.,,26.41,T4,구조검사 통과 시 유지,,18.060695780903036,22.9,P4,회귀검사 통과 시 유지
ABF-305,사진 대조 1차 교정본,1236,"02:17:41,720 --> 02:17:42,320",0.6,캔캔?,캔캔.,캔캔 알아?,중립·혼합형,sub_1236_8261.7s.jpg,0.02,,,25.0,90.0,50.0,78.0,75.0,0.23625,0.0,66.0,0.0,0.0,0.0174,어때? 맛은?,어때? 맛 평가해 줘.,일본어 원문 대조 + 자연스러운 한국어 대사 교정,24.98,T4,구조검사 통과 시 유지,,13.989637305699482,20.36,P4,회귀검사 통과 시 유지
ABF-305,사진 대조 1차 교정본,1237,"02:17:42,480 --> 02:17:43,420",0.94,캔캔 알아?,캔캔?,캔캔이... 나?,반응형,sub_1237_8262.5s.jpg,0.02,,,25.0,90.0,50.0,78.0,75.0,0.38397,0.0,66.0,0.0,0.0,0.1746,대충 알아.,대충 알겠어.,사진 장면 확인 및 한국어 번역투·ASR 오역 교정,31.19,T4,구조검사 통과 시 유지,,34.41894892672095,32.55,P4,회귀검사 통과 시 유지
ABF-305,사진 대조 1차 교정본,1238,"02:17:43,820 --> 02:17:46,460",2.64,캔캔이... 나?,캔캔 알아?,"응, 거기서 주관하는 거.",중립·혼합형,sub_1238_8263.8s.jpg,0.02,,,25.0,90.0,50.0,78.0,75.0,0.42427,0.0,66.0,0.0,0.0,0.1763,"어이, 어이...","어이, 어이…",,32.88,T4,구조검사 통과 시 유지,,41.08068097705404,36.32,P4,회귀검사 통과 시 유지
ABF-305,사진 대조 1차 교정본,1239,"02:17:46,780 --> 02:17:48,660",1.88,"응, 거기서 주관하는 거.",캔캔이... 나?,"아, 그렇구나.",반응형,sub_1239_8266.8s.jpg,0.02,,,25.0,90.0,50.0,78.0,75.0,0.60053,0.0,66.0,0.0,0.0,0.1901,거기서부터 빠는 거야?,거기부터 핥는 거야?,일본어 원문 대조 + 자연스러운 한국어 대사 교정,40.28,T3,화자·문맥·자연스러움 집중 검토,,72.6498889711325,53.88,P3,말투·질문응답·가독성 위주 검토
ABF-305,사진 대조 1차 교정본,1240,"02:17:48,880 --> 02:17:49,780",0.9,"아, 그렇구나.","응, 거기서 주관하는 거.",맞아.,반응형,sub_1240_8268.9s.jpg,0.02,,,25.0,90.0,50.0,78.0,75.0,0.45289,35.1,66.0,0.0,0.0,0.9425,그렇구나.,손 정말 잘 쓰네.,일본어 원문 + 타임스탬프 사진 + 장면 연속성,40.4,T3,화자·문맥·자연스러움 집중 검토,,73.31606217616581,54.22,P3,말투·질문응답·가독성 위주 검토
ABF-305,사진 대조 1차 교정본,1241,"02:17:50,060 --> 02:17:50,360",0.3,맞아.,"아, 그렇구나.",가고 싶어.,반응형,sub_1241_8270.1s.jpg,0.04,,,25.0,90.0,50.0,78.0,75.0,0.16134,0.0,66.0,0.0,0.0,0.1507,몸을 생각하면 제대로 하는 게 맞아요.,몸에 무리가 가지 않게 제대로 해야 해요.,,21.84,T4,구조검사 통과 시 유지,,6.88378978534419,15.56,P4,회귀검사 통과 시 유지
ABF-305,사진 대조 1차 교정본,1242,"02:17:51,060 --> 02:17:52,040",0.98,가고 싶어.,맞아.,응.,반응형,sub_1242_8271.1s.jpg,0.04,,,25.0,90.0,50.0,78.0,75.0,0.23909,0.0,66.0,0.0,0.0,0.5563,넣고 싶어.,빨리 넣고 싶어.,일본어 원문 대조 + 자연스러운 한국어 대사 교정,25.1,T4,구조검사 통과 시 유지,,14.359733530717985,20.59,P4,회귀검사 통과 시 유지
ABF-305,사진 대조 1차 교정본,1243,"02:17:52,380 --> 02:17:52,480",0.1,응.,가고 싶어.,가고 싶어? 갈까?,반응형,sub_1243_8272.4s.jpg,0.02,,,25.0,90.0,50.0,78.0,75.0,0.02188,0.0,66.0,25.0,0.0,0.4149,"하-, 응.",하아… 응.,,18.48,T4,구조검사 통과 시 유지,borderline_cps,3.6269430051813467,12.24,P4,회귀검사 통과 시 유지
ABF-305,사진 대조 1차 교정본,1244,"02:17:52,640 --> 02:17:54,020",1.38,가고 싶어? 갈까?,응.,날씨가 좋으면.,반응형,sub_1244_8272.6s.jpg,0.04,,,25.0,90.0,50.0,78.0,75.0,0.40016,0.0,66.0,0.0,0.0,0.447,잘 빨고 싶어?,계속 빨고 싶어?,일본어 원문 대조 + 자연스러운 한국어 대사 교정,31.87,T4,구조검사 통과 시 유지,,36.97261287934863,34.01,P4,회귀검사 통과 시 유지
ABF-305,사진 대조 1차 교정본,1245,"02:17:57,130 --> 02:17:58,490",1.36,날씨가 좋으면.,가고 싶어? 갈까?,나이트 풀 가 본 적 없어?,반응형,sub_1245_8277.1s.jpg,0.03,,,25.0,90.0,50.0,78.0,75.0,0.44597,0.0,66.0,0.0,0.0,0.0871,후와 씨가 이끄는 거예요.,이번에는 후우아 씨가 이끌어 주는 거예요.,이름 및 문장 자연화,33.79,T4,구조검사 통과 시 유지,,44.63360473723168,38.34,P4,회귀검사 통과 시 유지
ABF-305,사진 대조 1차 교정본,1246,"02:18:00,550 --> 02:18:02,090",1.54,나이트 풀 가 본 적 없어?,날씨가 좋으면.,전에 한 번 본 적은 있어.,중립·혼합형,sub_1246_8280.5s.jpg,0.05,,,25.0,90.0,50.0,78.0,75.0,0.66388,0.0,66.0,0.0,0.0,0.5038,없어?,진짜로?,일본어 원문 대조 + 자연스러운 한국어 대사 교정,42.94,T3,화자·문맥·자연스러움 집중 검토,,81.86528497409327,59.29,P2,앞뒤 5블록·사진·오류 기억을 함께 검토
ABF-305,사진 대조 1차 교정본,1247,"02:18:03,050 --> 02:18:04,250",1.2,전에 한 번 본 적은 있어.,나이트 풀 가 본 적 없어?,어디에서?,중립·혼합형,sub_1247_8283.0s.jpg,0.05,,,25.0,90.0,50.0,78.0,75.0,0.66998,0.0,66.0,0.0,0.0,0.2844,해 본 적 있어?,해 봤어?,일본어 원문 대조 + 자연스러운 한국어 대사 교정,43.2,T3,화자·문맥·자연스러움 집중 검토,,82.79052553663952,59.83,P2,앞뒤 5블록·사진·오류 기억을 함께 검토
ABF-305,사진 대조 1차 교정본,1248,"02:18:04,950 --> 02:18:05,570",0.62,어디에서?,전에 한 번 본 적은 있어.,어디였지?,반응형,sub_1248_8285.0s.jpg,0.05,,,25.0,90.0,50.0,78.0,75.0,0.29713,0.0,66.0,0.0,0.0,0.1327,어째서?,왜?,,27.54,T4,구조검사 통과 시 유지,,21.46558105107328,24.99,P4,회귀검사 통과 시 유지
ABF-305,사진 대조 1차 교정본,1249,"02:18:06,530 --> 02:18:07,610",1.08,어디였지?,어디에서?,일본?,반응형,sub_1249_8286.5s.jpg,0.03,,,25.0,90.0,50.0,78.0,75.0,0.35158,0.0,66.0,0.0,0.0,0.2222,무슨 얘기였지?,어때?,일본어 원문 + 타임스탬프 사진 + 장면 연속성,29.83,T4,구조검사 통과 시 유지,,28.608438193930425,29.32,P4,회귀검사 통과 시 유지
ABF-305,사진 대조 1차 교정본,1250,"02:18:07,670 --> 02:18:07,910",0.24,일본?,어디였지?,"일본, 일본!",중립·혼합형,sub_1250_8287.7s.jpg,0.03,,,25.0,90.0,50.0,78.0,75.0,0.25532,0.0,66.0,0.0,0.0,0.1125,일본 사람이 아닌 것 같다는 말을 자주 들어요.,일본인 같지 않은 몸매라는 말을 자주 들어요.,타임스탬프 사진과 앞뒤 장면으로 대사 기능 복원,25.78,T4,구조검사 통과 시 유지,,16.06217616580311,21.7,P4,회귀검사 통과 시 유지
ABF-305,사진 대조 1차 교정본,1251,"02:18:09,450 --> 02:18:10,170",0.72,"일본, 일본!",일본?,여기도 유명하대.,중립·혼합형,sub_1251_8289.5s.jpg,0.05,,,25.0,90.0,50.0,78.0,75.0,0.25678,0.0,66.0,0.0,0.0,0.1274,일본 사람이 아닌 것 같다는 말을 자주 들어요.,일본인 같지 않은 몸매라는 말을 자주 들어요.,타임스탬프 사진과 앞뒤 장면으로 대사 기능 복원,25.84,T4,구조검사 통과 시 유지,,16.28423390081421,21.83,P4,회귀검사 통과 시 유지
ABF-305,사진 대조 1차 교정본,1252,"02:18:15,210 --> 02:18:17,350",2.14,여기도 유명하대.,"일본, 일본!",갈아입었어.,중립·혼합형,sub_1252_8295.2s.jpg,0.01,,,25.0,90.0,50.0,78.0,75.0,0.60473,0.0,66.0,0.0,0.0,0.3982,여기도 해줘.,여기도 해 줘.,,40.46,T3,화자·문맥·자연스러움 집중 검토,,73.57512953367875,54.37,P3,말투·질문응답·가독성 위주 검토
ABF-305,사진 대조 1차 교정본,1253,"02:18:22,820 --> 02:18:24,300",1.48,갈아입었어.,여기도 유명하대.,정말?,반응형,sub_1253_8302.8s.jpg,0.02,,,25.0,90.0,50.0,78.0,75.0,0.41415,0.0,66.0,0.0,0.0,0.445,안 입었어.,안 보이네.,사진 장면 확인 및 한국어 번역투·ASR 오역 교정,32.45,T4,구조검사 통과 시 유지,,39.15618060695781,35.27,P4,회귀검사 통과 시 유지
ABF-305,사진 대조 1차 교정본,1254,"02:18:24,760 --> 02:18:25,040",0.28,정말?,갈아입었어.,보여 줘.,중립·혼합형,sub_1254_8304.8s.jpg,0.04,,,25.0,90.0,50.0,78.0,75.0,0.26914,42.0,66.0,0.0,0.0,1.0,정말?,응.,일본어 원문 + 타임스탬프 사진 + 장면 연속성,33.92,T4,구조검사 통과 시 유지,,45.15173945225759,38.64,P4,회귀검사 통과 시 유지
ABF-305,사진 대조 1차 교정본,1255,"02:18:27,180 --> 02:18:28,000",0.82,보여 줘.,정말?,부끄러워.,중립·혼합형,sub_1255_8307.2s.jpg,0.02,,,25.0,90.0,50.0,78.0,75.0,0.45904,0.77,66.0,0.0,0.0,0.6564,입 안을 보여 줘.,입 안 보여 줘.,일본어 원문 대조 + 자연스러운 한국어 대사 교정,34.48,T4,구조검사 통과 시 유지,,47.48334566987417,39.94,P4,회귀검사 통과 시 유지
ABF-305,사진 대조 1차 교정본,1256,"02:18:28,300 --> 02:18:28,880",0.58,부끄러워.,보여 줘.,왜? 보여 줘.,중립·혼합형,sub_1256_8308.3s.jpg,0.0,,,25.0,90.0,50.0,78.0,75.0,0.35538,22.84,66.0,0.0,0.0,0.8403,"하아, 부끄러워.",부끄러워? 팬티도 벗어야지.,일본어 원문 + 타임스탬프 사진 + 장면 연속성,34.1,T4,구조검사 통과 시 유지,,45.891931902294594,39.05,P4,회귀검사 통과 시 유지
ABF-305,사진 대조 1차 교정본,1257,"02:18:29,260 --> 02:18:29,980",0.72,왜? 보여 줘.,부끄러워.,"와, 대단해!",중립·혼합형,sub_1257_8309.3s.jpg,0.04,,,25.0,90.0,50.0,78.0,75.0,0.49351,0.0,66.0,0.0,0.0,0.5194,입 안을 보여 줘.,입 안 보여 줘.,일본어 원문 대조 + 자연스러운 한국어 대사 교정,35.79,T3,화자·문맥·자연스러움 집중 검토,,53.8860103626943,43.39,P3,말투·질문응답·가독성 위주 검토
ABF-305,사진 대조 1차 교정본,1258,"02:18:31,560 --> 02:18:32,560",1.0,"와, 대단해!",왜? 보여 줘.,대단하지?,반말형,sub_1258_8311.6s.jpg,0.04,,,25.0,90.0,50.0,78.0,75.0,0.2682,0.0,66.0,0.0,0.0,0.2864,대단해.,기분 좋네.,일본어 원문 + 타임스탬프 사진 + 장면 연속성,26.32,T4,구조검사 통과 시 유지,,17.764618800888233,22.73,P4,회귀검사 통과 시 유지
ABF-305,사진 대조 1차 교정본,1259,"02:18:34,900 --> 02:18:35,780",0.88,대단하지?,"와, 대단해!",잘 어울려!,반말형,sub_1259_8314.9s.jpg,0.0,,,25.0,90.0,50.0,78.0,75.0,0.32629,0.0,66.0,0.0,0.0,0.2765,대단하네.,땀이 엄청나네.,손상된 일본어 ASR + 타임스탬프 사진 + 앞뒤 문맥 추론,28.76,T4,구조검사 통과 시 유지,,24.64840858623242,27.03,P4,회귀검사 통과 시 유지
ABF-305,사진 대조 1차 교정본,1260,"02:18:37,140 --> 02:18:38,020",0.88,잘 어울려!,대단하지?,정말?,반응형,sub_1260_8317.1s.jpg,0.04,,,25.0,90.0,50.0,78.0,75.0,0.30205,0.0,66.0,0.0,0.0,0.4087,정말 잘 어울려.,평소에도 목욕 자주 해?,일본어 원문 + 타임스탬프 사진 + 장면 연속성,27.75,T4,구조검사 통과 시 유지,,22.35381199111769,25.48,P4,회귀검사 통과 시 유지
ABF-305,사진 대조 1차 교정본,1261,"02:18:38,480 --> 02:18:38,860",0.38,정말?,잘 어울려!,정말.,중립·혼합형,sub_1261_8318.5s.jpg,0.02,,,25.0,90.0,50.0,78.0,75.0,0.24738,42.0,66.0,0.0,0.0,1.0,정말?,응.,일본어 원문 + 타임스탬프 사진 + 장면 연속성,33.01,T4,구조검사 통과 시 유지,,41.598815692079945,36.62,P4,회귀검사 통과 시 유지
ABF-305,사진 대조 1차 교정본,1262,"02:18:39,360 --> 02:18:39,960",0.6,정말.,정말?,대단해.,중립·혼합형,sub_1262_8319.4s.jpg,0.04,,,25.0,90.0,50.0,78.0,75.0,0.41447,42.0,66.0,0.0,0.0,1.0,정말.,정말…,일본어 원문 대조 + 자연스러운 한국어 대사 교정,40.03,T3,화자·문맥·자연스러움 집중 검토,,71.57660991857882,53.28,P3,말투·질문응답·가독성 위주 검토
ABF-305,사진 대조 1차 교정본,1263,"02:18:42,280 --> 02:18:42,820",0.54,대단해.,정말.,예쁘다.,반말형,sub_1263_8322.3s.jpg,0.02,,,25.0,90.0,50.0,78.0,75.0,0.40927,42.0,66.0,0.0,0.0,1.0,대단해.,기분 좋네.,일본어 원문 + 타임스탬프 사진 + 장면 연속성,39.81,T3,화자·문맥·자연스러움 집중 검토,,70.76239822353811,52.81,P3,말투·질문응답·가독성 위주 검토
ABF-305,사진 대조 1차 교정본,1264,"02:18:43,500 --> 02:18:44,320",0.82,예쁘다.,대단해.,항상 진주 장식으로 되어 있네.,중립·혼합형,sub_1264_8323.5s.jpg,0.0,,,25.0,90.0,50.0,78.0,75.0,0.47821,24.61,66.0,0.0,0.0,0.8551,"오, 예쁘다.","와, 예쁘다.",일본어 원문 + 타임스탬프 사진 + 장면 연속성,39.57,T3,화자·문맥·자연스러움 집중 검토,,69.80014803849001,52.27,P3,말투·질문응답·가독성 위주 검토
ABF-305,사진 대조 1차 교정본,1265,"02:18:52,880 --> 02:18:56,240",3.36,항상 진주 장식으로 되어 있네.,예쁘다.,"응, 특별한 스타일로.",반응형,sub_1265_8332.9s.jpg,0.02,,,25.0,90.0,50.0,78.0,75.0,0.73632,0.0,66.0,0.0,0.0,0.3426,벗을 수 있게 되어 있네. 응.,벗을 수 있게 돼 있네. 응.,,45.99,T3,화자·문맥·자연스러움 집중 검토,,90.85862324204294,64.83,P2,앞뒤 5블록·사진·오류 기억을 함께 검토
ABF-305,사진 대조 1차 교정본,1266,"02:18:56,260 --> 02:18:57,620",1.36,"응, 특별한 스타일로.",항상 진주 장식으로 되어 있네.,"아, 특별한 스타일로.",반응형,sub_1266_8336.3s.jpg,0.04,,,25.0,90.0,50.0,78.0,75.0,0.51412,0.0,66.0,0.0,0.0,0.1509,"응, 더...","응, 더…",,36.65,T3,화자·문맥·자연스러움 집중 검토,,57.29089563286455,45.32,P3,말투·질문응답·가독성 위주 검토
ABF-305,사진 대조 1차 교정본,1267,"02:18:57,620 --> 02:18:59,220",1.6,"아, 특별한 스타일로.","응, 특별한 스타일로.",귀엽네.,반응형,sub_1267_8337.6s.jpg,0.02,,,25.0,90.0,50.0,78.0,75.0,0.55289,0.0,66.0,0.0,0.0,0.2294,"아, 아, 아, 아, 아, 아, 아,","아, 아, 아, 아, 아, 아, 아",,38.28,T3,화자·문맥·자연스러움 집중 검토,,63.69356032568467,48.95,P3,말투·질문응답·가독성 위주 검토
ABF-305,사진 대조 1차 교정본,1268,"02:19:01,460 --> 02:19:01,980",0.52,귀엽네.,"아, 특별한 스타일로.",뒤는?,반말형,sub_1268_8341.5s.jpg,0.04,,,25.0,90.0,50.0,78.0,75.0,0.30708,42.0,66.0,0.0,0.0,1.0,귀엽네.,그냥 벗었을 뿐이야.,일본어 원문 + 타임스탬프 사진 + 장면 연속성,35.52,T3,화자·문맥·자연스러움 집중 검토,,52.775721687638786,42.77,P3,말투·질문응답·가독성 위주 검토
ABF-305,사진 대조 1차 교정본,1269,"02:19:04,900 --> 02:19:05,460",0.56,뒤는?,귀엽네.,뒤?,중립·혼합형,sub_1269_8344.9s.jpg,0.0,,,25.0,90.0,50.0,78.0,75.0,0.40388,0.0,66.0,0.0,0.0,0.0738,뒤에 있어.,뒤쪽도 보여 줘.,일본어 원문 대조 + 자연스러운 한국어 대사 교정,32.02,T4,구조검사 통과 시 유지,,37.30569948186528,34.24,P4,회귀검사 통과 시 유지
ABF-305,사진 대조 1차 교정본,1270,"02:19:05,780 --> 02:19:06,160",0.38,뒤?,뒤는?,응.,중립·혼합형,sub_1270_8345.8s.jpg,0.02,,,25.0,90.0,50.0,78.0,75.0,0.25583,0.0,66.0,0.0,0.0,0.1005,뒤에 있어.,뒤쪽도 보여 줘.,일본어 원문 대조 + 자연스러운 한국어 대사 교정,25.81,T4,구조검사 통과 시 유지,,16.13619541080681,21.75,P4,회귀검사 통과 시 유지
ABF-305,사진 대조 1차 교정본,1271,"02:19:06,540 --> 02:19:06,600",0.06,응.,뒤?,"이리 와, 이리 와.",반응형,sub_1271_8346.5s.jpg,0.04,,,25.0,90.0,50.0,78.0,75.0,0.02858,0.0,66.0,70.0,0.0,0.4149,"하-, 응.",하아… 응.,,23.26,T4,구조검사 통과 시 유지,high_cps,10.066617320503331,17.72,P4,회귀검사 통과 시 유지
ABF-305,사진 대조 1차 교정본,1272,"02:19:24,640 --> 02:19:29,690",5.05,"이리 와, 이리 와.",응.,이런 구조구나.,중립·혼합형,sub_1272_8364.6s.jpg,0.04,,,25.0,90.0,50.0,78.0,75.0,0.35765,0.0,66.0,0.0,0.0,0.3944,"음, 오케이. 됐어, 소요. 잠깐 이리 와.","됐어. 후아, 잠깐 이리 와.",사진 장면 확인 및 한국어 번역투·ASR 오역 교정,30.08,T4,구조검사 통과 시 유지,,29.755736491487788,29.94,P4,회귀검사 통과 시 유지
ABF-305,사진 대조 1차 교정본,1273,"02:19:29,810 --> 02:19:30,310",0.5,이런 구조구나.,"이리 와, 이리 와.","아니, 괜찮아.",중립·혼합형,sub_1273_8369.8s.jpg,0.01,,,25.0,90.0,50.0,78.0,75.0,0.36846,0.0,66.0,0.0,0.0,0.1862,그렇구나.,손 정말 잘 쓰네.,일본어 원문 + 타임스탬프 사진 + 장면 연속성,30.54,T4,구조검사 통과 시 유지,,31.569207994078464,30.97,P4,회귀검사 통과 시 유지
ABF-305,사진 대조 1차 교정본,1274,"02:19:46,170 --> 02:19:47,070",0.9,"아니, 괜찮아.",이런 구조구나.,"아니, 한번 맞춰 봐.",반응형,sub_1274_8386.2s.jpg,0.03,,,25.0,90.0,50.0,78.0,75.0,0.55391,14.47,66.0,0.0,0.0,0.7706,괜찮아.,최고예요.,화면 영문 자막 대조,40.93,T3,화자·문맥·자연스러움 집중 검토,,75.49962990377497,55.45,P3,말투·질문응답·가독성 위주 검토
ABF-305,사진 대조 1차 교정본,1275,"02:19:47,750 --> 02:19:49,990",2.24,"아니, 한번 맞춰 봐.","아니, 괜찮아.","그래, 해 봐.",반응형,sub_1275_8387.8s.jpg,0.05,,,25.0,90.0,50.0,78.0,75.0,0.66503,0.0,66.0,0.0,0.0,0.4745,한번 만져 봐.,안 돼.,일본어 원문 + 타임스탬프 사진 + 장면 연속성,42.99,T3,화자·문맥·자연스러움 집중 검토,,82.08734270910438,59.41,P2,앞뒤 5블록·사진·오류 기억을 함께 검토
ABF-305,사진 대조 1차 교정본,1276,"02:19:50,370 --> 02:19:53,670",3.3,"그래, 해 봐.","아니, 한번 맞춰 봐.","응, 제대로.",반말형,sub_1276_8390.4s.jpg,0.03,,,25.0,90.0,50.0,78.0,75.0,0.48602,0.0,66.0,0.0,0.0,0.406,"너도 기분 좋지? 안 그래, 사야.","너도 좋지? 그렇지, 사야?",대화체 자연화,35.47,T3,화자·문맥·자연스러움 집중 검토,,52.442635085122134,42.6,P3,말투·질문응답·가독성 위주 검토
ABF-305,사진 대조 1차 교정본,1277,"02:19:53,670 --> 02:19:53,770",0.1,"응, 제대로.","그래, 해 봐.","이거, 이렇게 하는 게 좋아.",반응형,sub_1277_8393.7s.jpg,0.03,,,25.0,90.0,50.0,78.0,75.0,0.45215,0.0,66.0,70.0,0.0,0.2856,제대로 돼 있네.,제대로 가려지네.,일본어 원문 대조 + 자연스러운 한국어 대사 교정,41.05,T3,화자·문맥·자연스러움 집중 검토,high_cps,76.01776461880088,55.74,P3,말투·질문응답·가독성 위주 검토
ABF-305,사진 대조 1차 교정본,1278,"02:19:53,950 --> 02:20:21,550",27.6,"이거, 이렇게 하는 게 좋아.","응, 제대로.","응... 와, 엄청 갔어...",반응형,sub_1278_8394.0s.jpg,0.05,,,25.0,90.0,50.0,78.0,75.0,0.62639,0.0,66.0,0.0,0.0,0.4845,"이거, 이거, 이거, 그거, 이거, 그 정도, 그 정도...","이거, 이거, 이거, 그거, 이거, 그 정도, 그 정도…",,41.37,T3,화자·문맥·자연스러움 집중 검토,,77.16506291635825,56.4,P3,말투·질문응답·가독성 위주 검토
ABF-305,사진 대조 1차 교정본,1279,"02:20:21,550 --> 02:22:01,520",99.97,"응... 와, 엄청 갔어...","이거, 이렇게 하는 게 좋아.","재밌는 거 봐도 돼? 와, 대단하네...",반응형,sub_1279_8421.5s.jpg,0.05,,,25.0,90.0,50.0,78.0,75.0,0.7523,0.0,66.0,0.0,0.0,0.5372,응...,응…,,46.66,T3,화자·문맥·자연스러움 집중 검토,,92.4500370096225,65.89,P2,앞뒤 5블록·사진·오류 기억을 함께 검토
ABF-305,사진 대조 1차 교정본,1280,"02:22:23,230 --> 02:22:30,390",7.16,"재밌는 거 봐도 돼? 와, 대단하네...","응... 와, 엄청 갔어...",벌써 젖은 거 아니야? 이거...,반말형,sub_1280_8543.2s.jpg,0.03,,,25.0,90.0,50.0,78.0,75.0,0.72047,0.0,66.0,0.0,0.0,0.6081,대단하네...,대단하네…,,45.32,T3,화자·문맥·자연스러움 집중 검토,,89.41524796447077,63.84,P2,앞뒤 5블록·사진·오류 기억을 함께 검토
ABF-305,사진 대조 1차 교정본,1281,"02:22:39,560 --> 02:22:43,920",4.36,벌써 젖은 거 아니야? 이거...,"재밌는 거 봐도 돼? 와, 대단하네...",그럼 좀 더 해 볼게.,반응형,sub_1281_8559.6s.jpg,0.04,,,25.0,90.0,50.0,78.0,79.0,0.85036,0.0,66.0,0.0,0.0,0.5868,이거...,이거…,,51.01,T3,화자·문맥·자연스러움 집중 검토,,98.22353811991118,70.84,P2,앞뒤 5블록·사진·오류 기억을 함께 검토
ABF-305,사진 대조 1차 교정본,1282,"02:22:44,900 --> 02:23:09,740",24.84,그럼 좀 더 해 볼게.,벌써 젖은 거 아니야? 이거...,이제 이것으로도 할 수 있어.,반말형,sub_1282_8564.9s.jpg,0.0,,,25.0,90.0,50.0,78.0,75.0,0.7732,0.0,66.0,0.0,0.0,0.3852,좀 더 해 줘.,보여?,일본어 원문 + 타임스탬프 사진 + 장면 연속성,47.53,T3,화자·문맥·자연스러움 집중 검토,,94.33752775721688,67.19,P2,앞뒤 5블록·사진·오류 기억을 함께 검토
ABF-305,사진 대조 1차 교정본,1283,"02:24:16,160 --> 02:24:26,260",10.1,이제 이것으로도 할 수 있어.,그럼 좀 더 해 볼게.,걸어서 가.,반응형,sub_1283_8656.2s.jpg,0.04,,,25.0,90.0,50.0,78.0,75.0,0.82948,0.0,66.0,0.0,0.0,0.3078,이쪽 보면서 할 수 있어.,이쪽 보면서 해 줘.,일본어 원문 대조 + 자연스러운 한국어 대사 교정,49.9,T3,화자·문맥·자연스러움 집중 검토,,97.26128793486306,69.79,P2,앞뒤 5블록·사진·오류 기억을 함께 검토
ABF-305,사진 대조 1차 교정본,1284,"02:24:47,320 --> 02:24:48,760",1.44,걸어서 가.,이제 이것으로도 할 수 있어.,손 좀 줘. 이쪽으로 와.,반응형,sub_1284_8687.3s.jpg,0.02,,,25.0,90.0,50.0,78.0,75.0,0.34576,0.0,66.0,0.0,0.0,0.1388,어서 오세요.,거기 좋아요…,타임스탬프 사진과 장면 흐름으로 명백한 오인식 교정,29.58,T4,구조검사 통과 시 유지,,27.68319763138416,28.78,P4,회귀검사 통과 시 유지
ABF-305,사진 대조 1차 교정본,1285,"02:24:53,190 --> 02:24:54,430",1.24,손 좀 줘. 이쪽으로 와.,걸어서 가.,기분 좋아?,반응형,sub_1285_8693.2s.jpg,0.01,,,25.0,90.0,50.0,78.0,75.0,0.52087,0.0,66.0,0.0,0.0,0.4282,이쪽으로 넣어 주세요...,이쪽으로 넣어 주세요…,,36.94,T3,화자·문맥·자연스러움 집중 검토,,58.47520355292376,45.98,P3,말투·질문응답·가독성 위주 검토
ABF-305,사진 대조 1차 교정본,1286,"02:25:02,510 --> 02:25:03,490",0.98,기분 좋아?,손 좀 줘. 이쪽으로 와.,응.,반응형,sub_1286_8702.5s.jpg,0.01,,,25.0,90.0,50.0,78.0,75.0,0.25131,0.0,66.0,0.0,0.0,0.6017,"아, 거기... 기분 좋아?","아, 거기… 기분 좋아?",,25.61,T4,구조검사 통과 시 유지,,15.618060695780903,21.41,P4,회귀검사 통과 시 유지
ABF-305,사진 대조 1차 교정본,1287,"02:25:03,490 --> 02:25:03,650",0.16,응.,기분 좋아?,응.,반응형,sub_1287_8703.5s.jpg,0.01,,,25.0,90.0,50.0,78.0,75.0,0.03099,0.0,66.0,0.0,0.0,0.4149,"하-, 응.",하아… 응.,,16.36,T4,구조검사 통과 시 유지,,0.2960769800148038,9.61,P4,회귀검사 통과 시 유지
ABF-305,사진 대조 1차 교정본,1288,"02:25:08,950 --> 02:25:09,370",0.42,응.,응.,다리 걸어 봐.,반응형,sub_1288_8709.0s.jpg,0.05,,,25.0,90.0,50.0,78.0,75.0,0.05909,0.0,66.0,0.0,0.0,0.4149,"하-, 응.",하아… 응.,,17.54,T4,구조검사 통과 시 유지,,2.4426350851221317,11.2,P4,회귀검사 통과 시 유지
ABF-305,사진 대조 1차 교정본,1289,"02:25:47,790 --> 02:25:49,590",1.8,다리 걸어 봐.,응.,이쪽도 많이.,반응형,sub_1289_8747.8s.jpg,0.01,,,25.0,90.0,50.0,78.0,75.0,0.56561,0.0,66.0,0.0,0.0,0.306,다리 뻗어 줘...,다리 뻗어 줘…,,38.82,T3,화자·문맥·자연스러움 집중 검토,,65.80310880829016,50.15,P3,말투·질문응답·가독성 위주 검토
ABF-305,사진 대조 1차 교정본,1290,"02:25:50,190 --> 02:25:51,250",1.06,이쪽도 많이.,다리 걸어 봐.,많이 보여 줘.,중립·혼합형,sub_1290_8750.2s.jpg,0.01,,,25.0,90.0,50.0,78.0,75.0,0.49422,0.0,66.0,0.0,0.0,0.3743,이쪽도 보여주세요.,이쪽도 보여 줘.,화자 말투 통일,35.82,T3,화자·문맥·자연스러움 집중 검토,,53.960029607698004,43.44,P3,말투·질문응답·가독성 위주 검토
ABF-305,사진 대조 1차 교정본,1291,"02:25:52,030 --> 02:25:53,190",1.16,많이 보여 줘.,이쪽도 많이.,응.,중립·혼합형,sub_1291_8752.0s.jpg,0.03,,,25.0,90.0,50.0,78.0,75.0,0.54441,0.0,66.0,0.0,0.0,0.521,입 안을 보여 줘.,입 안 보여 줘.,일본어 원문 대조 + 자연스러운 한국어 대사 교정,37.93,T3,화자·문맥·자연스러움 집중 검토,,62.54626202812731,48.27,P3,말투·질문응답·가독성 위주 검토
ABF-305,사진 대조 1차 교정본,1292,"02:25:55,050 --> 02:25:55,250",0.2,응.,많이 보여 줘.,괜찮아?,반응형,sub_1292_8755.0s.jpg,0.05,,,25.0,90.0,50.0,78.0,75.0,0.05269,0.0,66.0,0.0,0.0,0.4149,"하-, 응.",하아… 응.,,17.27,T4,구조검사 통과 시 유지,,1.9985196150999258,10.86,P4,회귀검사 통과 시 유지
ABF-305,사진 대조 1차 교정본,1293,"02:25:56,850 --> 02:25:57,090",0.24,괜찮아?,응.,응.,반응형,sub_1293_8756.9s.jpg,0.05,,,25.0,90.0,50.0,78.0,75.0,0.20517,0.0,66.0,25.0,0.0,0.5401,더 해줘도 돼? 더 해줘. 괜찮아?,더 해 줘도 돼? 더 해 줘. 괜찮아?,,26.18,T4,구조검사 통과 시 유지,borderline_cps,17.468541820873426,22.52,P4,회귀검사 통과 시 유지
ABF-305,사진 대조 1차 교정본,1294,"02:25:57,910 --> 02:25:58,210",0.3,응.,괜찮아?,안쪽도 앉아서 해도 돼?,반응형,sub_1294_8757.9s.jpg,0.01,,,25.0,90.0,50.0,78.0,75.0,0.03928,0.0,66.0,0.0,0.0,0.4149,"하-, 응.",하아… 응.,,16.71,T4,구조검사 통과 시 유지,,0.9622501850481125,10.1,P4,회귀검사 통과 시 유지
ABF-305,사진 대조 1차 교정본,1295,"02:26:00,270 --> 02:26:01,110",0.84,안쪽도 앉아서 해도 돼?,응.,기다리고 있었어.,반응형,sub_1295_8760.3s.jpg,0.03,,,25.0,90.0,50.0,78.0,79.0,0.72825,0.0,66.0,0.0,0.0,0.3279,평소처럼 앉아서 움직여 줘.,평소처럼 앉아서 움직여 봐.,일본어 원문 대조 + 자연스러운 한국어 대사 교정,45.89,T3,화자·문맥·자연스러움 집중 검토,,90.67357512953367,64.7,P2,앞뒤 5블록·사진·오류 기억을 함께 검토
ABF-305,사진 대조 1차 교정본,1296,"02:26:01,970 --> 02:26:02,690",0.72,기다리고 있었어.,안쪽도 앉아서 해도 돼?,여기?,반응형,sub_1296_8762.0s.jpg,0.03,,,25.0,90.0,50.0,78.0,75.0,0.52572,0.0,66.0,0.0,0.0,0.5139,기다리고 있겠습니다.,잠깐만 기다려.,장면에 맞지 않는 격식체를 교정,37.14,T3,화자·문맥·자연스러움 집중 검토,,59.437453737971865,46.5,P3,말투·질문응답·가독성 위주 검토
ABF-305,사진 대조 1차 교정본,1297,"02:26:14,200 --> 02:26:14,620",0.42,여기?,기다리고 있었어.,응.,중립·혼합형,sub_1297_8774.2s.jpg,0.0,,,25.0,90.0,50.0,78.0,75.0,0.32646,0.0,66.0,0.0,0.0,0.1481,여기...,여기…,,28.77,T4,구조검사 통과 시 유지,,24.72242783123612,27.07,P4,회귀검사 통과 시 유지
ABF-305,사진 대조 1차 교정본,1298,"02:26:14,620 --> 02:26:15,560",0.94,응.,여기?,"와, 대단해.",반응형,sub_1298_8774.6s.jpg,0.02,,,25.0,90.0,50.0,78.0,75.0,0.0663,0.0,66.0,0.0,0.0,0.4149,"하-, 응.",하아… 응.,,17.84,T4,구조검사 통과 시 유지,,2.9607698001480385,11.59,P4,회귀검사 통과 시 유지
ABF-305,사진 대조 1차 교정본,1299,"02:26:29,230 --> 02:26:49,330",20.1,"와, 대단해.",응.,정말 많이 했네.,반말형,sub_1299_8789.2s.jpg,0.03,,,25.0,90.0,50.0,78.0,75.0,0.58087,18.04,66.0,0.0,0.0,0.8003,대단해.,기분 좋네.,일본어 원문 + 타임스탬프 사진 + 장면 연속성,42.7,T3,화자·문맥·자연스러움 집중 검토,,81.34715025906736,58.93,P2,앞뒤 5블록·사진·오류 기억을 함께 검토
ABF-305,사진 대조 1차 교정본,1300,"02:26:51,430 --> 02:26:53,250",1.82,정말 많이 했네.,"와, 대단해.",이렇게...,반말형,sub_1300_8811.4s.jpg,0.03,,,25.0,90.0,50.0,78.0,75.0,0.66042,0.0,66.0,0.0,0.0,0.4891,오늘 진짜 엄청 했네.,오늘 진짜 실컷 했네.,일본어 원문 대조 + 자연스러운 한국어 대사 교정,42.8,T3,화자·문맥·자연스러움 집중 검토,,81.56920799407847,59.08,P2,앞뒤 5블록·사진·오류 기억을 함께 검토
ABF-305,사진 대조 1차 교정본,1301,"02:26:59,690 --> 02:27:00,970",1.28,이렇게...,정말 많이 했네.,여기.,중립·혼합형,sub_1301_8819.7s.jpg,0.01,,,25.0,90.0,50.0,78.0,75.0,0.49318,42.0,66.0,0.0,0.0,1.0,이렇게...,이렇게…,,43.33,T3,화자·문맥·자연스러움 집중 검토,,83.04959289415248,60.01,P2,앞뒤 5블록·사진·오류 기억을 함께 검토
ABF-305,사진 대조 1차 교정본,1302,"02:27:03,330 --> 02:27:03,890",0.56,여기.,이렇게...,조금만 더 해 줘.,중립·혼합형,sub_1302_8823.3s.jpg,0.03,,,25.0,90.0,50.0,78.0,75.0,0.53722,0.0,66.0,0.0,0.0,0.464,여기...,여기…,,37.62,T3,화자·문맥·자연스러움 집중 검토,,61.32494448556625,47.58,P3,말투·질문응답·가독성 위주 검토
ABF-305,사진 대조 1차 교정본,1303,"02:27:04,490 --> 02:27:06,710",2.22,조금만 더 해 줘.,여기.,그리고...,반말형,sub_1303_8824.5s.jpg,0.01,,,25.0,90.0,50.0,78.0,75.0,0.76843,4.11,66.0,0.0,0.0,0.6842,조금만 더 해 주세요.,조금만 더 해 줘.,일본어 원문 대조 + 자연스러운 한국어 대사 교정,48.07,T3,화자·문맥·자연스러움 집중 검토,,94.96669133974834,67.77,P2,앞뒤 5블록·사진·오류 기억을 함께 검토
ABF-305,사진 대조 1차 교정본,1304,"02:27:06,710 --> 02:27:08,670",1.96,그리고...,조금만 더 해 줘.,"아, 그래.",중립·혼합형,sub_1304_8826.7s.jpg,0.01,,,25.0,90.0,50.0,78.0,75.0,0.41548,42.0,66.0,0.0,0.0,1.0,그리고...,그리고…,,40.07,T3,화자·문맥·자연스러움 집중 검토,,71.90969652109548,53.44,P3,말투·질문응답·가독성 위주 검토
ABF-305,사진 대조 1차 교정본,1305,"02:27:08,670 --> 02:27:09,730",1.06,"아, 그래.",그리고...,"아, 기분 좋아.",반응형,sub_1305_8828.7s.jpg,0.03,,,25.0,90.0,50.0,78.0,75.0,0.34992,42.0,66.0,0.0,0.0,1.0,"아, 그래.",간다.,화면 영문 자막 대조,37.32,T3,화자·문맥·자연스러움 집중 검토,,60.25166543301258,46.95,P3,말투·질문응답·가독성 위주 검토
ABF-305,사진 대조 1차 교정본,1306,"02:28:34,300 --> 02:29:11,970",37.67,"아, 기분 좋아.","아, 그래.","아, 아...",반응형,sub_1306_8914.3s.jpg,0.0,,,25.0,90.0,50.0,78.0,75.0,0.46363,27.1,66.0,0.0,0.0,0.8758,기분 좋아.,"아, 좋아.",화면 영문 자막 대조,39.41,T3,화자·문맥·자연스러움 집중 검토,,68.9119170984456,51.8,P3,말투·질문응답·가독성 위주 검토
ABF-305,사진 대조 1차 교정본,1307,"02:29:12,890 --> 02:29:14,490",1.6,"아, 아...","아, 기분 좋아.",숨을 내쉬어 봐.,반응형,sub_1307_8952.9s.jpg,0.01,,,25.0,90.0,50.0,78.0,75.0,0.19716,42.0,66.0,0.0,0.0,1.0,"아, 아...","아, 아…",,30.9,T4,구조검사 통과 시 유지,,33.160621761658035,31.85,P4,회귀검사 통과 시 유지
ABF-305,사진 대조 1차 교정본,1308,"02:29:30,830 --> 02:29:47,780",16.95,숨을 내쉬어 봐.,"아, 아...","잠깐만, 따라 해 봐.",반응형,sub_1308_8970.8s.jpg,0.03,,,25.0,90.0,50.0,78.0,75.0,0.7703,0.0,66.0,0.0,0.0,0.3914,숨을 내쉬고...,숨을 내쉬고…,,47.41,T3,화자·문맥·자연스러움 집중 검토,,93.78238341968913,66.89,P2,앞뒤 5블록·사진·오류 기억을 함께 검토
ABF-305,사진 대조 1차 교정본,1309,"02:30:52,640 --> 02:30:56,000",3.36,"잠깐만, 따라 해 봐.",숨을 내쉬어 봐.,하아...,반응형,sub_1309_9052.6s.jpg,0.04,,,25.0,90.0,50.0,78.0,75.0,0.86137,4.7,66.0,0.0,0.0,0.6891,"잠깐만,",잠깐만,,52.08,T3,화자·문맥·자연스러움 집중 검토,,98.96373056994818,71.77,P2,앞뒤 5블록·사진·오류 기억을 함께 검토
ABF-305,사진 대조 1차 교정본,1310,"02:30:59,160 --> 02:31:19,420",20.26,하아...,"잠깐만, 따라 해 봐.",하아...,반응형,sub_1310_9059.2s.jpg,0.04,,,25.0,90.0,50.0,78.0,75.0,0.57395,42.0,66.0,0.0,0.0,1.0,하아...,하아…,,46.73,T3,화자·문맥·자연스러움 집중 검토,,92.6720947446336,66.03,P2,앞뒤 5블록·사진·오류 기억을 함께 검토
ABF-305,사진 대조 1차 교정본,1311,"02:32:10,380 --> 02:32:10,500",0.12,하아...,하아...,"위험해, 위험해...",반응형,sub_1311_9130.4s.jpg,0.02,,,25.0,90.0,50.0,78.0,75.0,0.55847,42.0,66.0,70.0,0.0,1.0,하아...,하아…,,53.08,T3,화자·문맥·자연스러움 집중 검토,high_cps,99.25980754996299,72.48,P1,장면 패킷을 열고 후보 3개를 생성해 반증 검토
ABF-305,사진 대조 1차 교정본,1312,"02:32:55,100 --> 02:32:59,390",4.29,"위험해, 위험해...",하아...,이리 와.,반말형,sub_1312_9175.1s.jpg,0.0,,,25.0,90.0,50.0,78.0,75.0,0.40964,18.33,66.0,0.0,0.0,0.8027,"아, 위험해...","아, 위험해…",,35.56,T3,화자·문맥·자연스러움 집중 검토,,52.84974093264248,42.82,P3,말투·질문응답·가독성 위주 검토
ABF-305,사진 대조 1차 교정본,1313,"02:32:59,390 --> 02:33:18,800",19.41,이리 와.,"위험해, 위험해...",뭔가 나올 것 같아.,중립·혼합형,sub_1313_9179.4s.jpg,0.01,,,25.0,90.0,50.0,78.0,75.0,0.42832,0.0,66.0,0.0,0.0,0.4301,"음, 오케이. 됐어, 소요. 잠깐 이리 와.","됐어. 후아, 잠깐 이리 와.",사진 장면 확인 및 한국어 번역투·ASR 오역 교정,33.05,T4,구조검사 통과 시 유지,,41.783863804589195,36.72,P4,회귀검사 통과 시 유지
ABF-305,사진 대조 1차 교정본,1314,"02:33:20,320 --> 02:33:21,460",1.14,뭔가 나올 것 같아.,이리 와.,나올 것 같아.,반응형,sub_1314_9200.3s.jpg,0.02,,,25.0,90.0,50.0,78.0,75.0,0.47137,0.0,66.0,0.0,0.0,0.5116,갈 것 같아.,진짜 갈 것 같아.,일본어 원문 대조 + 자연스러운 한국어 대사 교정,34.86,T4,구조검사 통과 시 유지,,49.14877868245744,40.86,P3,말투·질문응답·가독성 위주 검토
ABF-305,사진 대조 1차 교정본,1315,"02:33:22,820 --> 02:33:23,580",0.76,나올 것 같아.,뭔가 나올 것 같아.,거기에 대고.,반응형,sub_1315_9202.8s.jpg,0.02,,,25.0,90.0,50.0,78.0,75.0,0.54815,0.0,66.0,0.0,0.0,0.5999,갈 것 같아.,진짜 갈 것 같아.,일본어 원문 대조 + 자연스러운 한국어 대사 교정,38.08,T3,화자·문맥·자연스러움 집중 검토,,62.91635825314582,48.51,P3,말투·질문응답·가독성 위주 검토
ABF-305,사진 대조 1차 교정본,1316,"02:33:23,580 --> 02:33:24,180",0.6,거기에 대고.,나올 것 같아.,이거 좋아?,중립·혼합형,sub_1316_9203.6s.jpg,0.02,,,25.0,90.0,50.0,78.0,75.0,0.46132,0.0,66.0,0.0,0.0,0.3175,거기에 그대로 자세 유지해줘.,거기에 그대로 자세 유지해 줘.,,34.44,T4,구조검사 통과 시 유지,,47.07623982235381,39.75,P4,회귀검사 통과 시 유지
ABF-305,사진 대조 1차 교정본,1317,"02:33:27,400 --> 02:33:28,580",1.18,이거 좋아?,거기에 대고.,좋아?,반응형,sub_1317_9207.4s.jpg,0.0,,,25.0,90.0,50.0,78.0,75.0,0.42479,0.0,66.0,0.0,0.0,0.4833,안쪽이 좋아?,안쪽도 좋아?,일본어 원문 대조 + 자연스러운 한국어 대사 교정,32.9,T4,구조검사 통과 시 유지,,41.154700222057734,36.37,P4,회귀검사 통과 시 유지
ABF-305,사진 대조 1차 교정본,1318,"02:33:29,840 --> 02:33:30,600",0.76,좋아?,이거 좋아?,뭐?,반응형,sub_1318_9209.8s.jpg,0.04,,,25.0,90.0,50.0,78.0,75.0,0.28388,0.0,66.0,0.0,0.0,0.6149,안쪽이 좋아?,안쪽도 좋아?,일본어 원문 대조 + 자연스러운 한국어 대사 교정,26.98,T4,구조검사 통과 시 유지,,19.83715766099186,23.98,P4,회귀검사 통과 시 유지
ABF-305,사진 대조 1차 교정본,1319,"02:33:32,500 --> 02:33:32,900",0.4,뭐?,좋아?,뭐?,중립·혼합형,sub_1319_9212.5s.jpg,0.0,,,25.0,90.0,50.0,78.0,75.0,0.17542,0.0,66.0,0.0,0.0,0.3342,뭐? 아침에 졸려? 하고 바로…,뭐? 아침부터 졸리다고 해 놓고…,사진 장면 확인 및 한국어 번역투·ASR 오역 교정,22.43,T4,구조검사 통과 시 유지,,7.957068837897853,16.35,P4,회귀검사 통과 시 유지
ABF-305,사진 대조 1차 교정본,1320,"02:33:43,070 --> 02:33:43,830",0.76,뭐?,뭐?,왜?,중립·혼합형,sub_1320_9223.1s.jpg,0.03,,,25.0,90.0,50.0,78.0,75.0,0.20971,0.0,66.0,0.0,0.0,0.3342,뭐? 아침에 졸려? 하고 바로…,뭐? 아침부터 졸리다고 해 놓고…,사진 장면 확인 및 한국어 번역투·ASR 오역 교정,23.87,T4,구조검사 통과 시 유지,,11.250925240562546,18.57,P4,회귀검사 통과 시 유지
ABF-305,사진 대조 1차 교정본,1321,"02:33:43,830 --> 02:34:12,670",28.84,왜?,뭐?,좀 더 해 줘.,중립·혼합형,sub_1321_9223.8s.jpg,0.03,,,25.0,90.0,50.0,78.0,75.0,0.98991,0.0,66.0,25.0,0.0,0.2925,괜찮으려나? 왜? 잘 닦이고 있나?,괜찮으려나? 왜? 잘 닦이고 있어?,일본어 원문 대조 + 자연스러운 한국어 대사 교정,59.14,T3,화자·문맥·자연스러움 집중 검토,long_duration_short_text,99.9259807549963,76.27,P1,장면 패킷을 열고 후보 3개를 생성해 반증 검토
ABF-305,사진 대조 1차 교정본,1322,"02:34:12,670 --> 02:34:13,330",0.66,좀 더 해 줘.,왜?,거기.,반말형,sub_1322_9252.7s.jpg,0.03,,,25.0,90.0,50.0,78.0,75.0,0.6448,42.0,66.0,0.0,0.0,1.0,좀 더 해 줘.,보여?,일본어 원문 + 타임스탬프 사진 + 장면 연속성,49.7,T3,화자·문맥·자연스러움 집중 검토,,96.81717246484087,69.49,P2,앞뒤 5블록·사진·오류 기억을 함께 검토
ABF-305,사진 대조 1차 교정본,1323,"02:34:19,800 --> 02:34:21,200",1.4,거기.,좀 더 해 줘.,왜?,중립·혼합형,sub_1323_9259.8s.jpg,0.0,,,25.0,90.0,50.0,78.0,75.0,0.41048,0.0,66.0,0.0,0.0,0.5827,아… 기분 좋아. 아… 거기 거기.,"아… 좋아. 거기, 거기.",일본어 원문 대조 + 자연스러운 한국어 대사 교정,32.3,T4,구조검사 통과 시 유지,,38.34196891191709,34.84,P4,회귀검사 통과 시 유지
ABF-305,사진 대조 1차 교정본,1324,"02:34:21,600 --> 02:34:23,220",1.62,왜?,거기.,어디에?,중립·혼합형,sub_1324_9261.6s.jpg,0.0,,,25.0,90.0,50.0,78.0,75.0,0.27957,0.0,66.0,0.0,0.0,0.2925,괜찮으려나? 왜? 잘 닦이고 있나?,괜찮으려나? 왜? 잘 닦이고 있어?,일본어 원문 대조 + 자연스러운 한국어 대사 교정,26.8,T4,구조검사 통과 시 유지,,19.170984455958546,23.6,P4,회귀검사 통과 시 유지
ABF-305,사진 대조 1차 교정본,1325,"02:34:41,620 --> 02:34:44,860",3.24,어디에?,왜?,기분 좋아!,반응형,sub_1325_9281.6s.jpg,0.02,,,25.0,90.0,50.0,78.0,75.0,0.24149,0.0,66.0,0.0,0.0,0.145,어디로 가?,여기?,일본어 원문 대조 + 자연스러운 한국어 대사 교정,25.2,T4,구조검사 통과 시 유지,,14.655810510732792,20.77,P4,회귀검사 통과 시 유지
ABF-305,사진 대조 1차 교정본,1326,"02:34:44,860 --> 02:34:46,120",1.26,기분 좋아!,어디에?,"안 돼, 안 돼... 갈 것 같아.",반응형,sub_1326_9284.9s.jpg,0.04,,,25.0,90.0,50.0,78.0,75.0,0.13172,0.0,66.0,0.0,0.0,0.4201,기분 좋아.,"아, 좋아.",화면 영문 자막 대조,20.59,T4,구조검사 통과 시 유지,,5.477424130273871,14.24,P4,회귀검사 통과 시 유지
ABF-305,사진 대조 1차 교정본,1327,"02:34:47,300 --> 02:34:53,860",6.56,"안 돼, 안 돼... 갈 것 같아.",기분 좋아!,느껴져.,중립·혼합형,sub_1327_9287.3s.jpg,0.0,,,25.0,90.0,50.0,78.0,75.0,0.45123,4.98,66.0,0.0,0.0,0.6915,"아, 좋아... 안 돼, 안 돼...","아, 좋아… 안 돼, 안 돼…",,34.91,T4,구조검사 통과 시 유지,,49.51887490747595,41.05,P3,말투·질문응답·가독성 위주 검토
ABF-305,사진 대조 1차 교정본,1328,"02:34:55,560 --> 02:35:00,120",4.56,느껴져.,"안 돼, 안 돼... 갈 것 같아.",기분 좋아. 정말 좋아!,중립·혼합형,sub_1328_9295.6s.jpg,0.04,,,25.0,90.0,50.0,78.0,75.0,0.15429,0.0,66.0,0.0,0.0,0.3254,정말 느껴져요.,확실히 느껴져요.,,21.54,T4,구조검사 통과 시 유지,,6.439674315321983,15.2,P4,회귀검사 통과 시 유지
ABF-305,사진 대조 1차 교정본,1329,"02:35:03,270 --> 02:35:04,930",1.66,기분 좋아. 정말 좋아!,느껴져.,기분 좋아!,반응형,sub_1329_9303.3s.jpg,0.03,,,25.0,90.0,50.0,78.0,75.0,0.22258,4.57,66.0,0.0,0.0,0.6881,"아, 정말 기분 좋아.",아… 조금 좋아.,,25.23,T4,구조검사 통과 시 유지,,14.729829755736493,20.82,P4,회귀검사 통과 시 유지
ABF-305,사진 대조 1차 교정본,1330,"02:35:17,820 --> 02:35:19,240",1.42,기분 좋아!,기분 좋아. 정말 좋아!,응... 그만해.,반응형,sub_1330_9317.8s.jpg,0.02,,,25.0,90.0,50.0,78.0,75.0,0.1978,0.0,66.0,0.0,0.0,0.4201,기분 좋아.,"아, 좋아.",화면 영문 자막 대조,23.37,T4,구조검사 통과 시 유지,,10.399703923019986,17.92,P4,회귀검사 통과 시 유지
ABF-305,사진 대조 1차 교정본,1331,"02:35:19,240 --> 02:35:22,820",3.58,응... 그만해.,기분 좋아!,뭐?,반응형,sub_1331_9319.2s.jpg,0.04,,,25.0,90.0,50.0,78.0,75.0,0.35114,0.15,66.0,0.0,0.0,0.6513,"안 돼, 그만해.","배 아파, 그만해.",,29.83,T4,구조검사 통과 시 유지,,28.608438193930425,29.32,P4,회귀검사 통과 시 유지
ABF-305,사진 대조 1차 교정본,1332,"02:35:26,800 --> 02:35:27,520",0.72,뭐?,응... 그만해.,거기 정말 기분 좋아... 대박.,중립·혼합형,sub_1332_9326.8s.jpg,0.0,,,25.0,90.0,50.0,78.0,75.0,0.18664,0.0,66.0,0.0,0.0,0.3342,뭐? 아침에 졸려? 하고 바로…,뭐? 아침부터 졸리다고 해 놓고…,사진 장면 확인 및 한국어 번역투·ASR 오역 교정,22.9,T4,구조검사 통과 시 유지,,9.21539600296077,17.15,P4,회귀검사 통과 시 유지
ABF-305,사진 대조 1차 교정본,1333,"02:36:28,640 --> 02:36:35,100",6.46,거기 정말 기분 좋아... 대박.,뭐?,계속해 줘.,반응형,sub_1333_9388.6s.jpg,0.04,,,25.0,90.0,50.0,78.0,75.0,0.74513,0.0,66.0,0.0,0.0,0.6441,기분 좋아...,기분 좋아…,,46.36,T3,화자·문맥·자연스러움 집중 검토,,91.70984455958549,65.41,P2,앞뒤 5블록·사진·오류 기억을 함께 검토
ABF-305,사진 대조 1차 교정본,1334,"02:36:58,600 --> 02:37:02,880",4.28,계속해 줘.,거기 정말 기분 좋아... 대박.,"천천히, 천천히.",반말형,sub_1334_9418.6s.jpg,0.0,,,25.0,90.0,50.0,78.0,75.0,0.58983,0.0,66.0,0.0,0.0,0.5322,"오, 오... 계속해 봐.","오, 오… 계속해 봐.",,39.83,T3,화자·문맥·자연스러움 집중 검토,,70.98445595854922,52.91,P3,말투·질문응답·가독성 위주 검토
ABF-305,사진 대조 1차 교정본,1335,"02:37:02,960 --> 02:37:04,080",1.12,"천천히, 천천히.",계속해 줘.,아... 그래도 기분 좋아.,중립·혼합형,sub_1335_9423.0s.jpg,0.04,,,25.0,90.0,50.0,78.0,75.0,0.58264,10.61,66.0,0.0,0.0,0.7384,좀 더 천천히.,기억해 둘게.,일본어 원문 + 타임스탬프 사진 + 장면 연속성,41.44,T3,화자·문맥·자연스러움 집중 검토,,77.46113989637306,56.57,P3,말투·질문응답·가독성 위주 검토
ABF-305,사진 대조 1차 교정본,1336,"02:37:04,080 --> 02:37:18,170",14.09,아... 그래도 기분 좋아.,"천천히, 천천히.",계속 움직여 줘.,반응형,sub_1336_9424.1s.jpg,0.02,,,25.0,90.0,50.0,78.0,75.0,0.74406,0.0,66.0,0.0,0.0,0.5915,기분 좋아.,"아, 좋아.",화면 영문 자막 대조,46.31,T3,화자·문맥·자연스러움 집중 검토,,91.48778682457439,65.28,P2,앞뒤 5블록·사진·오류 기억을 함께 검토
ABF-305,사진 대조 1차 교정본,1337,"02:37:19,370 --> 02:37:21,750",2.38,계속 움직여 줘.,아... 그래도 기분 좋아.,아!,중립·혼합형,sub_1337_9439.4s.jpg,0.03,,,25.0,90.0,50.0,78.0,79.0,0.66875,0.0,66.0,0.0,0.0,0.4673,역시 움직여 줄게.,이제 움직여 줄게.,사진 장면 확인 및 한국어 번역투·ASR 오역 교정,43.39,T3,화자·문맥·자연스러움 집중 검토,,83.34566987416729,60.17,P2,앞뒤 5블록·사진·오류 기억을 함께 검토
ABF-305,사진 대조 1차 교정본,1338,"02:37:24,190 --> 02:37:24,370",0.18,아!,계속 움직여 줘.,아...,반응형,sub_1338_9444.2s.jpg,0.01,,,25.0,90.0,50.0,78.0,75.0,0.09433,0.0,66.0,0.0,0.0,0.0795,네! 어이!,"네, 잘 부탁드립니다!",사진 장면 확인 및 한국어 번역투·ASR 오역 교정,19.02,T4,구조검사 통과 시 유지,,3.9970392301998516,12.71,P4,회귀검사 통과 시 유지
ABF-305,사진 대조 1차 교정본,1339,"02:37:24,370 --> 02:37:24,650",0.28,아...,아!,침대?,반응형,sub_1339_9444.4s.jpg,0.03,,,25.0,90.0,50.0,78.0,75.0,0.20594,42.0,66.0,0.0,0.0,1.0,아...,아…,,31.27,T4,구조검사 통과 시 유지,,34.715025906735754,32.72,P4,회귀검사 통과 시 유지
ABF-305,사진 대조 1차 교정본,1340,"02:38:22,450 --> 02:38:23,130",0.68,침대?,아...,좀 쉬게 됐네.,중립·혼합형,sub_1340_9502.5s.jpg,0.05,,,25.0,90.0,50.0,78.0,75.0,0.47172,0.0,66.0,0.0,0.0,0.1815,침대가 이제 여기 없잖아.,침대가 여기까지 밀렸잖아.,,34.87,T4,구조검사 통과 시 유지,,49.22279792746114,40.9,P3,말투·질문응답·가독성 위주 검토
ABF-305,사진 대조 1차 교정본,1341,"02:38:34,310 --> 02:38:43,380",9.07,좀 쉬게 됐네.,침대?,받아들이고 있어.,반말형,sub_1341_9514.3s.jpg,0.01,,,25.0,90.0,50.0,78.0,75.0,0.68903,42.0,66.0,0.0,0.0,1.0,좀 쉬게 됐네.,이제 좀 쉬자.,,51.56,T3,화자·문맥·자연스러움 집중 검토,,98.74167283493709,71.38,P2,앞뒤 5블록·사진·오류 기억을 함께 검토
ABF-305,사진 대조 1차 교정본,1342,"02:39:48,430 --> 02:40:36,180",47.75,받아들이고 있어.,좀 쉬게 됐네.,"아, 조심해 줘.",반응형,sub_1342_9588.4s.jpg,0.03,,,25.0,90.0,50.0,78.0,75.0,0.7688,0.0,66.0,0.0,0.0,0.2942,다 보이고 있어.,전부 다 보이네.,,47.35,T3,화자·문맥·자연스러움 집중 검토,,93.70836417468541,66.82,P2,앞뒤 5블록·사진·오류 기억을 함께 검토
ABF-305,사진 대조 1차 교정본,1343,"02:41:55,510 --> 02:42:32,920",37.41,"아, 조심해 줘.",받아들이고 있어.,"아, 그게 좋아.",반응형,sub_1343_9715.5s.jpg,0.01,,,25.0,90.0,50.0,78.0,75.0,0.62847,0.0,66.0,0.0,0.0,0.3447,"아, 아, 아, 아, 아, 아, 아,","아, 아, 아, 아, 아, 아, 아",,41.46,T3,화자·문맥·자연스러움 집중 검토,,77.720207253886,56.69,P3,말투·질문응답·가독성 위주 검토
ABF-305,사진 대조 1차 교정본,1344,"02:43:30,180 --> 02:43:40,460",10.28,"아, 그게 좋아.","아, 조심해 줘.",한 걸음만.,반응형,sub_1344_9810.2s.jpg,0.02,,,25.0,90.0,50.0,78.0,75.0,0.49185,13.02,66.0,0.0,0.0,0.7585,"아, 좋아.","아, 들어온다.",,38.06,T3,화자·문맥·자연스러움 집중 검토,,62.84233900814211,48.47,P3,말투·질문응답·가독성 위주 검토
ABF-305,사진 대조 1차 교정본,1345,"02:44:02,610 --> 02:44:06,950",4.34,한 걸음만.,"아, 그게 좋아.",대단해.,중립·혼합형,sub_1345_9842.6s.jpg,0.01,,,25.0,90.0,50.0,78.0,75.0,0.40535,0.0,66.0,0.0,0.0,0.2701,한 걸음씩.,응.,일본어 원문 + 타임스탬프 사진 + 장면 연속성,32.08,T4,구조검사 통과 시 유지,,37.638786084381934,34.41,P4,회귀검사 통과 시 유지
ABF-305,사진 대조 1차 교정본,1346,"02:44:08,530 --> 02:44:09,230",0.7,대단해.,한 걸음만.,첫 번째는 휴대폰.,반말형,sub_1346_9848.5s.jpg,0.03,,,25.0,90.0,50.0,78.0,75.0,0.23409,42.0,66.0,0.0,0.0,1.0,대단해.,기분 좋네.,일본어 원문 + 타임스탬프 사진 + 장면 연속성,32.45,T4,구조검사 통과 시 유지,,39.15618060695781,35.27,P4,회귀검사 통과 시 유지
ABF-305,사진 대조 1차 교정본,1347,"02:44:16,560 --> 02:44:17,860",1.3,첫 번째는 휴대폰.,대단해.,괜찮아?,중립·혼합형,sub_1347_9856.6s.jpg,0.04,,,25.0,90.0,50.0,78.0,75.0,0.56043,0.0,66.0,0.0,0.0,0.1979,첫 번째예요.,이번이 첫 번째예요.,사진 장면 확인 및 한국어 번역투·ASR 오역 교정,38.6,T3,화자·문맥·자연스러움 집중 검토,,64.98889711324945,49.68,P3,말투·질문응답·가독성 위주 검토
ABF-305,사진 대조 1차 교정본,1348,"02:44:25,300 --> 02:44:26,000",0.7,괜찮아?,첫 번째는 휴대폰.,잠깐 샤워하러 갈래?,반응형,sub_1348_9865.3s.jpg,0.0,,,25.0,90.0,50.0,78.0,75.0,0.29433,0.0,66.0,0.0,0.0,0.5401,더 해줘도 돼? 더 해줘. 괜찮아?,더 해 줘도 돼? 더 해 줘. 괜찮아?,,27.42,T4,구조검사 통과 시 유지,,21.058475203552923,24.75,P4,회귀검사 통과 시 유지
ABF-305,사진 대조 1차 교정본,1349,"02:44:44,420 --> 02:44:45,600",1.18,잠깐 샤워하러 갈래?,괜찮아?,"응, 갈래.",반응형,sub_1349_9884.4s.jpg,0.02,,,25.0,90.0,50.0,78.0,79.0,0.74447,0.0,66.0,0.0,0.0,0.4117,낮에 갈래?,여기서 벗을 생각은 아니지?,일본어 원문 대조 + 자연스러운 한국어 대사 교정,46.57,T3,화자·문맥·자연스러움 집중 검토,,92.3019985196151,65.78,P2,앞뒤 5블록·사진·오류 기억을 함께 검토
ABF-305,사진 대조 1차 교정본,1350,"02:44:46,640 --> 02:44:47,440",0.8,"응, 갈래.",잠깐 샤워하러 갈래?,그럼 가자.,반응형,sub_1350_9886.6s.jpg,0.04,,,25.0,90.0,50.0,78.0,75.0,0.4367,0.0,66.0,0.0,0.0,0.2612,"응, 갈게...","응, 갈게…",,33.4,T4,구조검사 통과 시 유지,,43.26424870466321,37.54,P4,회귀검사 통과 시 유지
ABF-305,사진 대조 1차 교정본,1351,"02:44:47,580 --> 02:44:48,380",0.8,그럼 가자.,"응, 갈래.",,중립·혼합형,sub_1351_9887.6s.jpg,0.02,,,25.0,90.0,50.0,78.0,75.0,0.35528,0.0,66.0,0.0,0.0,0.2792,그럼 조금...,그럼 조금…,,29.98,T4,구조검사 통과 시 유지,,29.38564026646928,29.73,P4,회귀검사 통과 시 유지
