title,stage,block,timecode,duration_seconds,text,prev_text,next_text,style_profile,frame_file,frame_difference_seconds,basis,evidence_confidence,source_meaning_confidence,scene_fit_confidence,speaker_confidence,korean_naturalness,hallucination_risk,model_change_probability,rule_risk,provenance_risk,timing_risk,continuity_risk,error_memory_similarity,nearest_prior_bad_text,nearest_prior_correction,nearest_prior_basis,final_risk,tier,recommended_action,flags,relative_risk_percentile,priority_score,review_band,priority_action
ADN-746,사진 대조 1차 교정본,197,"00:41:40,780 --> 00:42:56,070",75.29,아…,이러다 나 망가져 버리겠어…,"마음을 전해야 한다고 생각하면서도…
참 어려운 말을 하신단 말이지.",반응형,,0.02,,,25.0,90.0,50.0,78.0,75.0,0.9851,9.97,66.0,25.0,0.0,0.7331,"싫어, 아… 아… 아…",싫어… 아… 아…,일본어 원문 대조 + 자연스러운 한국어 대사 교정,60.73,T2,후보 3개 생성 후 증거 기반 판정,long_duration_short_text,100.0,77.22,P1,장면 패킷을 열고 후보 3개를 생성해 반증 검토
ADN-746,사진 대조 1차 교정본,196,"00:36:45,650 --> 00:41:40,780",295.13,이러다 나 망가져 버리겠어…,아… 너무 좋아…,아…,반응형,,0.05,,,25.0,90.0,50.0,78.0,75.0,0.97012,0.0,66.0,0.0,0.0,0.2296,누가 보면 흐트러져 버리겠어.,계속 보고 있으면 빠져들 것 같아.,사진 장면 확인 및 한국어 번역투·ASR 오역 교정,55.8,T3,화자·문맥·자연스러움 집중 검토,,99.71910112359551,74.25,P1,장면 패킷을 열고 후보 3개를 생성해 반증 검토
ADN-746,사진 대조 1차 교정본,258,"01:11:28,960 --> 01:11:32,560",3.6,그럼에도 나는 그녀의 치명적인 매력에 완전히 사로잡혀 있었다.,"하지만 우리는 연인 관계가 아니었고,
그저 휘둘리고 있다는 말이 딱 어울렸다.",그래서 말인데… 미안해. 헤어지자.,중립·혼합형,,0.04,,,25.0,90.0,50.0,78.0,79.0,0.94976,0.0,66.0,0.0,0.0,0.1781,조미료가 돼 있었다.,마치 자극을 더하는 양념 같았다.,,55.19,T3,화자·문맥·자연스러움 집중 검토,,99.43820224719101,73.77,P1,장면 패킷을 열고 후보 3개를 생성해 반증 검토
ADN-746,사진 대조 1차 교정본,339,"01:44:50,040 --> 01:46:00,020",69.98,계속 키스해 줘…,키스하자.,하아… 하아…,반말형,,0.04,,,25.0,90.0,50.0,78.0,79.0,0.90561,0.0,66.0,0.0,0.0,0.2566,두 번째로 가게 해 줘…,한 번 더 가게 해 줘…,타임스탬프 사진과 장면 흐름으로 명백한 오인식 교정,53.34,T3,화자·문맥·자연스러움 집중 검토,,99.15730337078652,72.58,P1,장면 패킷을 열고 후보 3개를 생성해 반증 검토
ADN-746,사진 대조 1차 교정본,255,"01:11:09,980 --> 01:11:13,240",3.26,그 뒤로도 우리 둘의 이상한 관계는 계속됐다.,아… 기분 좋아…,"사랑이 부족하다는 말을 들을 때마다
그녀를 갈구하며 격렬히 허리를 흔들었다.",중립·혼합형,,0.02,,,25.0,90.0,50.0,78.0,75.0,0.90621,0.0,66.0,0.0,0.0,0.307,그 후로 우리 두 사람의 기묘한 관계는 계속되었다.,그 뒤로도 우리 둘의 이상한 관계는 계속됐다.,,53.12,T3,화자·문맥·자연스러움 집중 검토,,98.87640449438202,72.34,P1,장면 패킷을 열고 후보 3개를 생성해 반증 검토
ADN-746,사진 대조 1차 교정본,284,"01:14:20,800 --> 01:14:27,260",6.46,"일할 때도, 쉴 때도 온통 시로미네 씨 생각만 날 정도로요.",지금은 얼마나 좋은데?,내 몸이랑 거기가 목적인 거 아냐?,반말형,,0.0,,,25.0,90.0,50.0,78.0,75.0,0.88576,0.0,66.0,0.0,0.0,0.1447,"아니, 시로미네 씨를 좋아했지만 일적인 관계끼리는 연애 안 하신다고 해서…","시로미네 씨를 좋아했지만, 일로 엮인 사람과는 연애 안 한다고 하셔서…",번역투 제거,52.26,T3,화자·문맥·자연스러움 집중 검토,,98.59550561797754,71.72,P2,앞뒤 5블록·사진·오류 기억을 함께 검토
ADN-746,사진 대조 1차 교정본,186,"00:26:43,010 --> 00:27:02,220",19.21,기분 좋아. 기분 좋아.,만져도 돼요?,"있지, 날 향한 네 사랑, 이 정도뿐이야?",반응형,,0.01,,,25.0,90.0,50.0,78.0,75.0,0.68478,42.0,66.0,0.0,0.0,1.0,기분 좋아.,"아, 좋아.",화면 영문 자막 대조,51.38,T3,화자·문맥·자연스러움 집중 검토,,98.31460674157303,71.09,P2,앞뒤 5블록·사진·오류 기억을 함께 검토
ADN-746,사진 대조 1차 교정본,352,"01:50:10,360 --> 01:50:13,460",3.1,"너, 다른 남자랑 놀아나고 있는 건 아니겠지?",고마워. 가게 운영 자금으로 요긴하게 쓸게.,그럴 리가 없잖아. 나한테 이렇게까지 해 주는데.,반말형,,0.04,,,25.0,90.0,50.0,78.0,75.0,0.86283,0.0,66.0,0.0,0.0,0.1269,"저기, 다른 여자랑도 해 본 적 있어?",다른 여자들이랑도 많이 해 봤어?,손상된 일본어 ASR + 타임스탬프 사진 + 앞뒤 문맥 추론,51.3,T3,화자·문맥·자연스러움 집중 검토,,98.03370786516854,70.93,P2,앞뒤 5블록·사진·오류 기억을 함께 검토
ADN-746,사진 대조 1차 교정본,345,"01:47:48,260 --> 01:47:51,280",3.02,대박… 완전히 가 버렸네. 몇 번이고 더 가게 해 줄게.,대단하다.,기분 좋아.,반말형,,0.04,,,25.0,90.0,50.0,78.0,75.0,0.86223,0.0,66.0,0.0,0.0,0.3401,"몇 번이고, 몇 번이고 가라.",이번엔 내가 핥아 줄게.,화면 영문 자막 대조,51.27,T3,화자·문맥·자연스러움 집중 검토,,97.75280898876404,70.79,P2,앞뒤 5블록·사진·오류 기억을 함께 검토
ADN-746,사진 대조 1차 교정본,121,"00:12:42,830 --> 00:12:47,090",4.26,"너 말이야, 나 좋아한다고 하지 않았어?",일주일 전?,네.,반말형,,0.03,,,25.0,90.0,50.0,78.0,75.0,0.84403,0.0,66.0,0.0,0.0,0.3946,이상하지 않았어?,오래 만난 사람은?,손상된 일본어 ASR + 타임스탬프 사진 + 앞뒤 문맥 추론,50.51,T3,화자·문맥·자연스러움 집중 검토,,97.3314606741573,70.18,P2,앞뒤 5블록·사진·오류 기억을 함께 검토
ADN-746,사진 대조 1차 교정본,314,"01:35:05,420 --> 01:35:10,940",5.52,조금만 숨 좀 돌릴게…,잠깐 쉬자.,"하아, 하아…",중립·혼합형,,0.02,,,25.0,90.0,50.0,78.0,75.0,0.84414,0.0,66.0,0.0,0.0,0.3351,조금만 더...,조금만 더…,,50.51,T3,화자·문맥·자연스러움 집중 검토,,97.3314606741573,70.18,P2,앞뒤 5블록·사진·오류 기억을 함께 검토
ADN-746,사진 대조 1차 교정본,353,"01:50:15,100 --> 01:50:18,200",3.1,그럴 리가 없잖아. 나한테 이렇게까지 해 주는데.,"너, 다른 남자랑 놀아나고 있는 건 아니겠지?",그렇겠지. 딴놈 생기면 가만 안 둔다.,반말형,,0.0,,,25.0,90.0,50.0,78.0,75.0,0.8437,0.0,66.0,0.0,0.0,0.409,말할 리가 없잖아.,들킬 리가 없잖아.,앞뒤 대사 문맥 교정,50.5,T3,화자·문맥·자연스러움 집중 검토,,96.91011235955057,69.99,P2,앞뒤 5블록·사진·오류 기억을 함께 검토
ADN-746,사진 대조 1차 교정본,313,"01:34:52,620 --> 01:34:55,500",2.88,잠깐 쉬자.,맛있어.,조금만 숨 좀 돌릴게…,반응형,,0.02,,,25.0,90.0,50.0,78.0,75.0,0.74154,21.9,66.0,0.0,0.0,0.8325,쉬자.,너무 깊이 들어가.,일본어 원문 + 타임스탬프 사진 + 장면 연속성,50.15,T3,화자·문맥·자연스러움 집중 검토,,96.62921348314607,69.67,P2,앞뒤 5블록·사진·오류 기억을 함께 검토
ADN-746,사진 대조 1차 교정본,351,"01:50:06,380 --> 01:50:08,800",2.42,고마워. 가게 운영 자금으로 요긴하게 쓸게.,네.,"너, 다른 남자랑 놀아나고 있는 건 아니겠지?",중립·혼합형,,0.02,,,25.0,90.0,50.0,78.0,75.0,0.82603,0.0,66.0,0.0,0.0,0.4358,고마워.,손으로 잡아 줘.,일본어 원문 + 타임스탬프 사진 + 장면 연속성,49.75,T3,화자·문맥·자연스러움 집중 검토,,96.34831460674157,69.32,P2,앞뒤 5블록·사진·오류 기억을 함께 검토
ADN-746,사진 대조 1차 교정본,62,"00:06:00,150 --> 00:06:04,370",4.22,여기 제가 좋아하는 레스토랑인데 마음에 드시나요?,무슨 생각을 하는지 잘 모르겠기도 하고.,맛있네요.,중립·혼합형,,0.05,,,25.0,90.0,50.0,78.0,75.0,0.82001,0.0,66.0,0.0,0.0,0.1949,다리 좋아하는 남자.,다리 좋아하는 남자 많잖아.,일본어 원문 대조 + 자연스러운 한국어 대사 교정,49.5,T3,화자·문맥·자연스러움 집중 검토,,96.06741573033707,69.06,P2,앞뒤 5블록·사진·오류 기억을 함께 검토
ADN-746,사진 대조 1차 교정본,60,"00:05:46,340 --> 00:05:49,100",2.76,시로미네 씨는 은근히 압박감이 있어.,없어요.,무슨 생각을 하는지 잘 모르겠기도 하고.,반응형,,0.04,,,25.0,90.0,50.0,78.0,75.0,0.81801,0.0,66.0,0.0,0.0,0.1839,뒤에 있어.,뒤쪽도 보여 줘.,일본어 원문 대조 + 자연스러운 한국어 대사 교정,49.42,T3,화자·문맥·자연스러움 집중 검토,,95.78651685393258,68.89,P2,앞뒤 5블록·사진·오류 기억을 함께 검토
ADN-746,사진 대조 1차 교정본,225,"00:48:57,040 --> 00:48:57,580",0.54,기분 좋아.,날 더 원해 줘.,잠깐만 쉬게 해 주세요…,반응형,,0.04,,,25.0,90.0,50.0,78.0,75.0,0.63345,42.0,66.0,0.0,0.0,1.0,기분 좋아.,"아, 좋아.",화면 영문 자막 대조,49.22,T3,화자·문맥·자연스러움 집중 검토,,95.50561797752809,68.66,P2,앞뒤 5블록·사진·오류 기억을 함께 검토
ADN-746,사진 대조 1차 교정본,232,"00:53:38,460 --> 00:53:43,400",4.94,나 좋아하는 거 맞지? 더 뜨겁게 세워봐.,제발 잠깐만 쉬게 해 주세요!,"그래, 그렇게.",반말형,,0.04,,,25.0,90.0,50.0,78.0,75.0,0.81174,0.0,66.0,0.0,0.0,0.2555,"뜨겁게 쑤셔지면,",뜨겁게 쑤셔지면,,49.15,T3,화자·문맥·자연스러움 집중 검토,,95.2247191011236,68.5,P2,앞뒤 5블록·사진·오류 기억을 함께 검토
ADN-746,사진 대조 1차 교정본,189,"00:30:48,510 --> 00:30:49,930",1.42,고작 이 정도는 아니잖아.,증명해 봐.,"아, 아… 아…",반응형,,0.01,,,25.0,90.0,50.0,78.0,75.0,0.80952,0.0,66.0,0.0,0.0,0.3264,"저기, 우리가 손톱이라고 말한 건 아니잖아.",아까 손톱으로 긁은 건 아니잖아.,타임스탬프 사진과 앞뒤 장면으로 대사 기능 복원,49.06,T3,화자·문맥·자연스러움 집중 검토,,94.9438202247191,68.33,P2,앞뒤 5블록·사진·오류 기억을 함께 검토
ADN-746,사진 대조 1차 교정본,61,"00:05:49,820 --> 00:05:52,060",2.24,무슨 생각을 하는지 잘 모르겠기도 하고.,시로미네 씨는 은근히 압박감이 있어.,여기 제가 좋아하는 레스토랑인데 마음에 드시나요?,반말형,,0.02,,,25.0,90.0,50.0,78.0,75.0,0.80589,0.0,66.0,0.0,0.0,0.2643,이걸 입기도 하고.,이것도 먹어 봐.,타임스탬프 사진과 앞뒤 장면으로 대사 기능 복원,48.91,T3,화자·문맥·자연스러움 집중 검토,,94.66292134831461,68.13,P2,앞뒤 5블록·사진·오류 기억을 함께 검토
ADN-746,사진 대조 1차 교정본,187,"00:27:58,880 --> 00:28:04,420",5.54,"있지, 날 향한 네 사랑, 이 정도뿐이야?",기분 좋아. 기분 좋아.,증명해 봐.,반말형,,0.02,,,25.0,90.0,50.0,78.0,75.0,0.80369,0.0,66.0,0.0,0.0,0.1259,어느 쪽이야?,어디가 좋아?,손상된 일본어 ASR + 타임스탬프 사진 + 앞뒤 문맥 추론,48.81,T3,화자·문맥·자연스러움 집중 검토,,94.3820224719101,67.95,P2,앞뒤 5블록·사진·오류 기억을 함께 검토
ADN-746,사진 대조 1차 교정본,117,"00:12:20,690 --> 00:12:23,630",2.94,오늘 같이 온 여자친구는 언제 사귄 거야?,무슨 도와드릴 일이라도 있나요?,여자친구… 여자친구 말씀이세요?,반말형,,0.01,,,25.0,90.0,50.0,78.0,75.0,0.73585,0.0,66.0,0.0,35.0,0.2503,남자친구는 없지만...,남자친구는 없지만…,,48.77,T3,화자·문맥·자연스러움 집중 검토,formality_jump,94.10112359550563,67.81,P2,앞뒤 5블록·사진·오류 기억을 함께 검토
ADN-746,사진 대조 1차 교정본,340,"01:46:00,020 --> 01:46:39,530",39.51,하아… 하아…,계속 키스해 줘…,기뻐요.,반응형,,0.02,,,25.0,90.0,50.0,78.0,75.0,0.61865,42.0,66.0,0.0,0.0,1.0,하아…,보여 줘.,일본어 원문 + 타임스탬프 사진 + 장면 연속성,48.6,T3,화자·문맥·자연스러움 집중 검토,,93.82022471910112,67.59,P2,앞뒤 5블록·사진·오류 기억을 함께 검토
ADN-746,사진 대조 1차 교정본,146,"00:17:31,110 --> 00:17:34,970",3.86,하지만 가게에서 이러는 건 역시 곤란해요.,미안해요…,문 닫았으니까 괜찮아.,반말형,,0.01,,,25.0,90.0,50.0,78.0,75.0,0.79635,0.0,66.0,0.0,0.0,0.3197,카메라에 안 찍히면 곤란해요.,카메라에 안 보이잖아.,손상된 일본어 ASR + 타임스탬프 사진 + 앞뒤 문맥 추론,48.51,T3,화자·문맥·자연스러움 집중 검토,,93.53932584269663,67.42,P2,앞뒤 5블록·사진·오류 기억을 함께 검토
ADN-746,사진 대조 1차 교정본,226,"00:51:28,880 --> 00:51:30,400",1.52,잠깐만 쉬게 해 주세요…,기분 좋아.,기분 좋아.,반응형,,0.02,,,25.0,90.0,50.0,78.0,75.0,0.75521,9.37,66.0,0.0,0.0,0.728,잠깐만 쉬게 해 주세요.,"잠깐만, 그만해.",장면과 충돌한 표현 교정,48.46,T3,화자·문맥·자연스러움 집중 검토,,93.25842696629213,67.28,P2,앞뒤 5블록·사진·오류 기억을 함께 검토
ADN-746,사진 대조 1차 교정본,220,"00:46:59,680 --> 00:46:59,740",0.06,"자, 해봐.",조금… 조금 겁나요.,아… 젖어가…,반말형,,0.02,,,25.0,90.0,50.0,78.0,75.0,0.58605,0.0,66.0,70.0,18.0,0.4787,그런 거 집에서 해봐.,그런 거 집에서 해 봐.,,48.11,T3,화자·문맥·자연스러움 집중 검토,formality_shift;high_cps,92.97752808988764,66.95,P2,앞뒤 5블록·사진·오류 기억을 함께 검토
ADN-746,사진 대조 1차 교정본,94,"00:09:51,150 --> 00:09:53,150",2.0,오늘 같이 오고 싶다고 하길래 데리고 왔어요.,얼마 전에 사귀기 시작했어요.,"뭔가 멋지다고 해야 하나,
고급스러운 분위기네요.",중립·혼합형,,0.05,,,25.0,90.0,50.0,78.0,75.0,0.78563,0.0,66.0,0.0,0.0,0.2747,그러니까 아직 안 왔어요.,아직 안 왔네요.,사진 장면 확인 및 한국어 번역투·ASR 오역 교정,48.06,T3,화자·문맥·자연스러움 집중 검토,,92.69662921348315,66.81,P2,앞뒤 5블록·사진·오류 기억을 함께 검토
ADN-746,사진 대조 1차 교정본,139,"00:14:15,230 --> 00:14:17,670",2.44,"잠깐만요, 가게 안에서는 곤란해요.",저기요…,나 좋아한다며?,반응형,,0.03,,,25.0,90.0,50.0,78.0,75.0,0.78058,0.0,66.0,0.0,0.0,0.335,카메라에 안 찍히면 곤란해요.,카메라에 안 보이잖아.,손상된 일본어 ASR + 타임스탬프 사진 + 앞뒤 문맥 추론,47.84,T3,화자·문맥·자연스러움 집중 검토,,92.41573033707866,66.56,P2,앞뒤 5블록·사진·오류 기억을 함께 검토
ADN-746,사진 대조 1차 교정본,277,"01:13:38,730 --> 01:13:40,910",2.18,시로미네 씨를 좋아하니까 헤어진 거예요.,이렇게 말하면 뻔뻔해 보일지 모르지만…,그러니까 이번에야말로 저랑 사귀어 주세요.,반응형,,0.03,,,25.0,90.0,50.0,78.0,75.0,0.77867,0.0,66.0,0.0,0.0,0.3101,유두를 좋아하니까.,젖꼭지를 좋아하니까.,,47.76,T3,화자·문맥·자연스러움 집중 검토,,92.13483146067416,66.4,P2,앞뒤 5블록·사진·오류 기억을 함께 검토
ADN-746,사진 대조 1차 교정본,271,"01:13:09,350 --> 01:13:11,610",2.26,낮부터 술 마시는 건 참 기분 좋네.,여기요.,네.,반말형,,0.05,,,25.0,90.0,50.0,78.0,75.0,0.77802,0.0,66.0,0.0,0.0,0.4006,좋네.,좋아.,일본어 원문 대조 + 자연스러운 한국어 대사 교정,47.74,T3,화자·문맥·자연스러움 집중 검토,,91.85393258426966,66.27,P2,앞뒤 5블록·사진·오류 기억을 함께 검토
ADN-746,사진 대조 1차 교정본,136,"00:13:45,040 --> 00:13:48,400",3.36,"진짜 좋아한다면 빼앗고 말겠다는
생각으로 밀어붙였어야지.","그렇게 쉽게 포기했다는 건
별로 좋아하지도 않았다는 뜻이네.",왜 그렇게 쉽게 포기해?,반말형,,0.04,,,25.0,90.0,50.0,78.0,79.0,0.76789,0.0,66.0,0.0,0.0,0.1312,바로 밀어붙이네.,바로 갖다 대네.,,47.55,T3,화자·문맥·자연스러움 집중 검토,,91.57303370786516,66.04,P2,앞뒤 5블록·사진·오류 기억을 함께 검토
ADN-746,사진 대조 1차 교정본,79,"00:08:08,820 --> 00:08:11,740",2.92,갈게요. 일정 비워 둘게요.,다다음 주에 열어.,그럼 오늘은 잘 먹었어요.,중립·혼합형,,0.02,,,25.0,90.0,50.0,78.0,75.0,0.771,0.0,66.0,0.0,0.0,0.3636,잠깐 쉬었다 갈게요.,조금만 쉬자.,일본어 원문 대조 + 자연스러운 한국어 대사 교정,47.44,T3,화자·문맥·자연스러움 집중 검토,,91.29213483146067,65.86,P2,앞뒤 5블록·사진·오류 기억을 함께 검토
ADN-746,사진 대조 1차 교정본,143,"00:15:20,200 --> 00:16:13,800",53.6,"- 이래도 돼요?
- 나 좋아하잖아. 더 온몸으로 전해 봐, 네 마음을.",네가 날 얼마나 좋아하는지 보여 줘 봐.,고작 한 번 차였다고 포기하지 마.,반말형,,0.0,,,25.0,90.0,72.0,78.0,75.0,0.76797,0.0,66.0,0.0,0.0,0.3504,너 이런 거 좋아하잖아.,이렇게 묶이는 거 좋아하잖아.,,47.31,T3,화자·문맥·자연스러움 집중 검토,,91.01123595505618,65.66,P2,앞뒤 5블록·사진·오류 기억을 함께 검토
ADN-746,사진 대조 1차 교정본,69,"00:06:38,540 --> 00:06:47,680",9.14,"취해서 하는 소리가 아니라, 혹시 괜찮으시다면
제 여자친구가 되어 주실래요?",네.,고마워요.,반말형,,0.04,,,25.0,90.0,50.0,78.0,75.0,0.76545,0.0,66.0,0.0,0.0,0.3075,용기 내어 주실래요?,조금만 더 해 줄래요?,,47.21,T3,화자·문맥·자연스러움 집중 검토,,90.73033707865169,65.49,P2,앞뒤 5블록·사진·오류 기억을 함께 검토
ADN-746,사진 대조 1차 교정본,354,"01:50:19,740 --> 01:50:24,000",4.26,그렇겠지. 딴놈 생기면 가만 안 둔다.,그럴 리가 없잖아. 나한테 이렇게까지 해 주는데.,가게 운영 자금도 안 대줄 줄 알아.,반말형,,0.04,,,25.0,90.0,50.0,78.0,75.0,0.76368,0.0,66.0,0.0,0.0,0.1063,부끄러웠겠지.,많이 부끄러웠지?,일본어 원문 대조 + 자연스러운 한국어 대사 교정,47.13,T3,화자·문맥·자연스러움 집중 검토,,90.4494382022472,65.32,P2,앞뒤 5블록·사진·오류 기억을 함께 검토
ADN-746,사진 대조 1차 교정본,174,"00:22:45,170 --> 00:22:46,890",1.72,더 혀를 내밀어봐…,혀 내밀어봐…,더…,반응형,,0.03,,,25.0,90.0,50.0,78.0,79.0,0.75446,0.0,66.0,0.0,0.0,0.5245,"자, 혀를 조금 내밀어봐...","자, 혀를 조금 내밀어봐…",,46.99,T3,화자·문맥·자연스러움 집중 검토,,90.1685393258427,65.12,P2,앞뒤 5블록·사진·오류 기억을 함께 검토
ADN-746,사진 대조 1차 교정본,285,"01:14:31,200 --> 01:14:34,700",3.5,내 몸이랑 거기가 목적인 거 아냐?,"일할 때도, 쉴 때도 온통 시로미네 씨 생각만 날 정도로요.",나도 그냥 쓰고 버려지려나?,중립·혼합형,,0.0,,,25.0,90.0,50.0,78.0,75.0,0.76004,0.0,66.0,0.0,0.0,0.3749,서 있는 거 아냐?,완전히 선 거 아니야?,일본어 원문 대조 + 자연스러운 한국어 대사 교정,46.98,T3,화자·문맥·자연스러움 집중 검토,,89.8876404494382,65.0,P2,앞뒤 5블록·사진·오류 기억을 함께 검토
ADN-746,사진 대조 1차 교정본,184,"00:24:23,650 --> 00:24:28,290",4.64,날 좋아하잖아. 더 세게 박아줘.,나한테 더 많이 좋아한다고 해 줘…,만져도 돼요?,반응형,,0.05,,,25.0,90.0,50.0,78.0,75.0,0.7582,0.0,66.0,0.0,0.0,0.5084,너 이런 거 좋아하잖아.,이렇게 묶이는 거 좋아하잖아.,,46.9,T3,화자·문맥·자연스러움 집중 검토,,89.60674157303372,64.84,P2,앞뒤 5블록·사진·오류 기억을 함께 검토
ADN-746,사진 대조 1차 교정본,262,"01:11:51,020 --> 01:11:54,080",3.06,"나 있지, 내 자신을 속이고 있었어.",사귄 지 얼마 되지도 않았잖아.,"아무리 생각해도 난 너보다
더 좋아하는 사람이 있어.",반말형,,0.02,,,25.0,90.0,50.0,78.0,75.0,0.75508,0.0,66.0,0.0,0.0,0.3817,누워 있었어.,더 뿜어봐.,,46.77,T3,화자·문맥·자연스러움 집중 검토,,89.32584269662921,64.64,P2,앞뒤 5블록·사진·오류 기억을 함께 검토
ADN-746,사진 대조 1차 교정본,291,"01:14:49,580 --> 01:14:50,020",0.44,하지만 더는 못 참겠어요.,없어요.,이제 한계예요.,반응형,,0.02,,,25.0,90.0,50.0,78.0,75.0,0.58893,0.0,66.0,55.0,18.0,0.1908,"하지만 앨리스, 이걸 사랑해 줘.","앨리스, 더 느껴 줘.",부자연스러운 명령문을 장면에 맞게 교정,46.74,T3,화자·문맥·자연스러움 집중 검토,formality_shift;high_cps,89.04494382022472,64.51,P2,앞뒤 5블록·사진·오류 기억을 함께 검토
ADN-746,사진 대조 1차 교정본,148,"00:17:44,450 --> 00:17:46,510",2.06,이래도 돼요? 정말 괜찮은 거예요?,문 닫았으니까 괜찮아.,또 포기하려는 거야?,존댓말형,,0.05,,,25.0,90.0,50.0,78.0,75.0,0.68747,0.0,66.0,0.0,35.0,0.3186,말해도 돼요?,이제 해도 돼요?,타임스탬프 사진과 앞뒤 장면으로 대사 기능 복원,46.73,T3,화자·문맥·자연스러움 집중 검토,formality_jump,88.76404494382022,64.38,P2,앞뒤 5블록·사진·오류 기억을 함께 검토
ADN-746,사진 대조 1차 교정본,142,"00:15:07,390 --> 00:15:19,920",12.53,네가 날 얼마나 좋아하는지 보여 줘 봐.,네가 날 얼마나 좋아하는지 보여 줘 봐.,"- 이래도 돼요?
- 나 좋아하잖아. 더 온몸으로 전해 봐, 네 마음을.",반말형,,0.01,,,25.0,90.0,50.0,78.0,75.0,0.75118,0.0,66.0,0.0,0.0,0.2285,"아니, 재미있을까 해서 말이야. 네가 얼마나 참을 수 있는지도 알고 싶었고.",조금만 천천히…,타임스탬프 사진으로 장면 불일치 확인 후 재복원,46.61,T3,화자·문맥·자연스러움 집중 검토,,88.48314606741573,64.2,P2,앞뒤 5블록·사진·오류 기억을 함께 검토
ADN-746,사진 대조 1차 교정본,256,"01:11:14,260 --> 01:11:19,560",5.3,"사랑이 부족하다는 말을 들을 때마다
그녀를 갈구하며 격렬히 허리를 흔들었다.",그 뒤로도 우리 둘의 이상한 관계는 계속됐다.,"하지만 우리는 연인 관계가 아니었고,
그저 휘둘리고 있다는 말이 딱 어울렸다.",중립·혼합형,,0.04,,,25.0,90.0,50.0,78.0,75.0,0.75008,0.0,66.0,0.0,0.0,0.2267,허리를 더 흔들어...,허리를 더 흔들어…,,46.56,T3,화자·문맥·자연스러움 집중 검토,,88.20224719101124,64.05,P2,앞뒤 5블록·사진·오류 기억을 함께 검토
ADN-746,사진 대조 1차 교정본,243,"01:00:21,600 --> 01:00:24,400",2.8,아직 부족해… 누워봐.,"읍, 읍…",또 뜨겁네.,반응형,,0.0,,,25.0,90.0,50.0,78.0,75.0,0.74945,0.0,66.0,0.0,0.0,0.1872,아직 더...,아직 더…,,46.54,T3,화자·문맥·자연스러움 집중 검토,,87.92134831460675,63.92,P2,앞뒤 5블록·사진·오류 기억을 함께 검토
ADN-746,사진 대조 1차 교정본,183,"00:23:36,630 --> 00:23:41,150",4.52,나한테 더 많이 좋아한다고 해 줘…,있잖아…,날 좋아하잖아. 더 세게 박아줘.,반말형,,0.03,,,25.0,90.0,50.0,78.0,75.0,0.74889,0.0,66.0,0.0,0.0,0.289,나한테 잔뜩 보여줘 봐.,나한테 잔뜩 보여 줘 봐.,,46.51,T3,화자·문맥·자연스러움 집중 검토,,87.64044943820225,63.78,P2,앞뒤 5블록·사진·오류 기억을 함께 검토
ADN-746,사진 대조 1차 교정본,278,"01:13:44,620 --> 01:13:49,680",5.06,그러니까 이번에야말로 저랑 사귀어 주세요.,시로미네 씨를 좋아하니까 헤어진 거예요.,응.,반응형,,0.02,,,25.0,90.0,50.0,78.0,75.0,0.74489,0.0,66.0,0.0,0.0,0.2988,그러니까 아직 안 왔어요.,아직 안 왔네요.,사진 장면 확인 및 한국어 번역투·ASR 오역 교정,46.35,T3,화자·문맥·자연스러움 집중 검토,,87.35955056179775,63.57,P2,앞뒤 5블록·사진·오류 기억을 함께 검토
ADN-746,사진 대조 1차 교정본,276,"01:13:33,990 --> 01:13:36,450",2.46,이렇게 말하면 뻔뻔해 보일지 모르지만…,여자친구랑요.,시로미네 씨를 좋아하니까 헤어진 거예요.,반말형,,0.01,,,25.0,90.0,50.0,78.0,75.0,0.7445,0.0,66.0,0.0,0.0,0.1923,하지만…,그래도…,,46.33,T3,화자·문맥·자연스러움 집중 검토,,87.07865168539325,63.44,P2,앞뒤 5블록·사진·오류 기억을 함께 검토
ADN-746,사진 대조 1차 교정본,206,"00:43:51,150 --> 00:43:54,070",2.92,여자친구 생겼다며? 앞뒤가 안 맞지 않아?,좋아해요.,네…,반말형,,0.05,,,25.0,90.0,50.0,78.0,75.0,0.74077,0.0,66.0,0.0,0.0,0.2189,너무 졸리지 않아?,눈썹도 예쁘네. 너무 진하지도 않고.,손상된 일본어 ASR + 타임스탬프 사진 + 앞뒤 문맥 추론,46.17,T3,화자·문맥·자연스러움 집중 검토,,86.79775280898876,63.23,P2,앞뒤 5블록·사진·오류 기억을 함께 검토
ADN-746,사진 대조 1차 교정본,213,"00:44:28,920 --> 00:44:30,620",1.7,그러니까 몸으로 증명해 보라고.,"좋아한다고 말해도 안 믿어 주시니
어떻게 해야 할지 모르겠어요.",나 좋아한다는 걸.,반응형,,0.02,,,25.0,90.0,50.0,78.0,75.0,0.73845,0.0,66.0,0.0,0.0,0.3256,그러니까 아직 안 왔어요.,아직 안 왔네요.,사진 장면 확인 및 한국어 번역투·ASR 오역 교정,46.07,T3,화자·문맥·자연스러움 집중 검토,,86.51685393258427,63.06,P2,앞뒤 5블록·사진·오류 기억을 함께 검토
ADN-746,사진 대조 1차 교정본,134,"00:13:30,900 --> 00:13:35,500",4.6,뭐… 결과적으로는 그렇게 된 셈이죠.,그래서 다른 여자랑 사귄다는 거야?,"그렇게 쉽게 포기했다는 건
별로 좋아하지도 않았다는 뜻이네.",반응형,,0.0,,,25.0,90.0,50.0,78.0,75.0,0.73682,0.0,66.0,0.0,0.0,0.336,"그 움직임이 결과적으로,",그 움직임이 결과적으로,,46.01,T3,화자·문맥·자연스러움 집중 검토,,86.23595505617978,62.9,P2,앞뒤 5블록·사진·오류 기억을 함께 검토
ADN-746,사진 대조 1차 교정본,257,"01:11:20,420 --> 01:11:27,260",6.84,"하지만 우리는 연인 관계가 아니었고,
그저 휘둘리고 있다는 말이 딱 어울렸다.","사랑이 부족하다는 말을 들을 때마다
그녀를 갈구하며 격렬히 허리를 흔들었다.",그럼에도 나는 그녀의 치명적인 매력에 완전히 사로잡혀 있었다.,반말형,,0.02,,,25.0,90.0,50.0,78.0,75.0,0.73403,0.0,66.0,0.0,0.0,0.1467,우리는 누구일까요?,[불명],,45.89,T3,화자·문맥·자연스러움 집중 검토,,85.95505617977528,62.72,P2,앞뒤 5블록·사진·오류 기억을 함께 검토
ADN-746,사진 대조 1차 교정본,210,"00:44:09,150 --> 00:44:13,970",4.82,"네가 나에 대해 얼마나 강한 마음을
가졌는지가 중요하지 않을까?",난 그런 계산적인 건 딱 질색인데.,잘 모르겠어요.,반말형,,0.05,,,25.0,90.0,50.0,78.0,75.0,0.6854,0.0,66.0,0.0,25.0,0.1641,"아니, 재미있을까 해서 말이야. 네가 얼마나 참을 수 있는지도 알고 싶었고.",조금만 천천히…,타임스탬프 사진으로 장면 불일치 확인 후 재복원,45.85,T3,화자·문맥·자연스러움 집중 검토,question_answer_checksum,85.67415730337079,62.58,P2,앞뒤 5블록·사진·오류 기억을 함께 검토
ADN-746,사진 대조 1차 교정본,309,"01:32:16,310 --> 01:32:18,010",1.7,너의 사랑을 전해 줘.,하아…,이제부터 정말로 제대로 전할 테니까.,반말형,,0.01,,,25.0,90.0,50.0,78.0,75.0,0.72752,0.0,66.0,0.0,0.0,0.2439,좀 더 해 줘.,보여?,일본어 원문 + 타임스탬프 사진 + 장면 연속성,45.62,T3,화자·문맥·자연스러움 집중 검토,,85.39325842696628,62.32,P2,앞뒤 5블록·사진·오류 기억을 함께 검토
ADN-746,사진 대조 1차 교정본,240,"00:55:56,430 --> 00:55:57,890",1.46,여기서 그냥 싸도 돼요?,고마워…,괜찮으니까 얼른…,중립·혼합형,,0.03,,,25.0,90.0,50.0,78.0,75.0,0.72395,0.0,66.0,0.0,0.0,0.3578,여기서 자고 있어?,땀나고 있어?,사진 장면 확인 및 한국어 번역투·ASR 오역 교정,45.47,T3,화자·문맥·자연스러움 집중 검토,,85.1123595505618,62.12,P2,앞뒤 5블록·사진·오류 기억을 함께 검토
ADN-746,사진 대조 1차 교정본,209,"00:44:06,070 --> 00:44:07,910",1.84,난 그런 계산적인 건 딱 질색인데.,"저… 여자친구랑 헤어지면
저랑 사귀어 주실래요?","네가 나에 대해 얼마나 강한 마음을
가졌는지가 중요하지 않을까?",중립·혼합형,,0.03,,,25.0,90.0,50.0,78.0,75.0,0.72133,0.0,66.0,0.0,0.0,0.1145,그런 거 집에서 해봐.,그런 거 집에서 해 봐.,,45.36,T3,화자·문맥·자연스러움 집중 검토,,84.8314606741573,61.94,P2,앞뒤 5블록·사진·오류 기억을 함께 검토
ADN-746,사진 대조 1차 교정본,141,"00:14:54,170 --> 00:14:56,010",1.84,네가 날 얼마나 좋아하는지 보여 줘 봐.,나 좋아한다며?,네가 날 얼마나 좋아하는지 보여 줘 봐.,반말형,,0.03,,,25.0,90.0,50.0,78.0,75.0,0.72111,0.0,66.0,0.0,0.0,0.2285,"아니, 재미있을까 해서 말이야. 네가 얼마나 참을 수 있는지도 알고 싶었고.",조금만 천천히…,타임스탬프 사진으로 장면 불일치 확인 후 재복원,45.35,T3,화자·문맥·자연스러움 집중 검토,,84.5505617977528,61.81,P2,앞뒤 5블록·사진·오류 기억을 함께 검토
ADN-746,사진 대조 1차 교정본,310,"01:32:21,690 --> 01:32:24,450",2.76,이제부터 정말로 제대로 전할 테니까.,너의 사랑을 전해 줘.,더 많이 사랑한다고 해 줘.,중립·혼합형,,0.01,,,25.0,90.0,50.0,78.0,75.0,0.7205,0.0,66.0,0.0,0.0,0.3362,"자, 더 해줄 테니까.","자, 더 해 줄 테니까.",,45.32,T3,화자·문맥·자연스러움 집중 검토,,84.26966292134831,61.68,P2,앞뒤 5블록·사진·오류 기억을 함께 검토
ADN-746,사진 대조 1차 교정본,53,"00:05:12,720 --> 00:05:15,040",2.32,그래서 저한테 데이트 신청하신 거예요?,게다가 또 엄청 아름다우시잖아요.,네.,존댓말형,,0.02,,,25.0,90.0,50.0,78.0,75.0,0.68576,0.0,66.0,0.0,18.0,0.2328,그럼 왜 그런 영상을 보낸 거예요?,너무 세…,타임스탬프 사진으로 장면 불일치 확인 후 재복원,45.3,T3,화자·문맥·자연스러움 집중 검토,formality_shift,83.98876404494382,61.55,P2,앞뒤 5블록·사진·오류 기억을 함께 검토
ADN-746,사진 대조 1차 교정본,72,"00:07:05,980 --> 00:07:12,600",6.62,"전 예전부터 시로미네 씨가 계속 신경 쓰였고,
매장에 오시는 날만 엄청 손꼽아 기다렸어요.","하지만 난 일로 엮인 사람이랑은
연애하지 않기로 정해 뒀거든요.",그러니까… 좋아해요.,반말형,,0.02,,,25.0,90.0,50.0,78.0,75.0,0.7171,0.0,66.0,0.0,0.0,0.1148,"아니, 시로미네 씨를 좋아했지만 일적인 관계끼리는 연애 안 하신다고 해서…","시로미네 씨를 좋아했지만, 일로 엮인 사람과는 연애 안 한다고 하셔서…",번역투 제거,45.18,T3,화자·문맥·자연스러움 집중 검토,,83.70786516853933,61.36,P2,앞뒤 5블록·사진·오류 기억을 함께 검토
ADN-746,사진 대조 1차 교정본,133,"00:13:26,700 --> 00:13:28,700",2.0,그래서 다른 여자랑 사귄다는 거야?,"시로미네 씨를 좋아했지만,
일로 엮인 사람과는 연애 안 한다고 하셔서…",뭐… 결과적으로는 그렇게 된 셈이죠.,반말형,,0.0,,,25.0,90.0,50.0,78.0,75.0,0.71695,0.0,66.0,0.0,0.0,0.2443,"저기, 다른 여자랑도 해 본 적 있어?",다른 여자들이랑도 많이 해 봤어?,손상된 일본어 ASR + 타임스탬프 사진 + 앞뒤 문맥 추론,45.17,T3,화자·문맥·자연스러움 집중 검토,,83.42696629213484,61.24,P2,앞뒤 5블록·사진·오류 기억을 함께 검토
ADN-746,사진 대조 1차 교정본,52,"00:05:06,400 --> 00:05:11,060",4.66,게다가 또 엄청 아름다우시잖아요.,"그게… 매장에 오실 때마다
항상 멋지시다고 생각했거든요.",그래서 저한테 데이트 신청하신 거예요?,반응형,,0.0,,,25.0,90.0,50.0,78.0,75.0,0.71313,0.0,66.0,0.0,0.0,0.1363,이렇게 아름다운 분이...,이렇게 아름다운 분이…,,45.01,T3,화자·문맥·자연스러움 집중 검토,,83.14606741573034,61.03,P2,앞뒤 5블록·사진·오류 기억을 함께 검토
ADN-746,사진 대조 1차 교정본,199,"00:43:04,370 --> 00:43:07,750",3.38,진심 어린 사랑을 전한다는 건 대체 뭘까?,"마음을 전해야 한다고 생각하면서도…
참 어려운 말을 하신단 말이지.",좋아해요.,중립·혼합형,,0.03,,,25.0,90.0,50.0,78.0,75.0,0.70796,0.0,66.0,0.0,0.0,0.204,대체 진짜...,대체 진짜…,,44.79,T3,화자·문맥·자연스러움 집중 검토,,82.86516853932584,60.78,P2,앞뒤 5블록·사진·오류 기억을 함께 검토
ADN-746,사진 대조 1차 교정본,82,"00:08:37,310 --> 00:08:39,310",2.0,"완벽하게 차여 버렸네, 나.",네.,"어쩔 수 없지, 뭐.",반말형,,0.01,,,25.0,90.0,50.0,78.0,75.0,0.70657,0.0,66.0,0.0,0.0,0.1528,또 무직이 돼 버렸네.,또 갈 것 같아…,타임스탬프 사진으로 장면 불일치 확인 후 재복원,44.74,T3,화자·문맥·자연스러움 집중 검토,,82.58426966292134,60.63,P2,앞뒤 5블록·사진·오류 기억을 함께 검토
ADN-746,사진 대조 1차 교정본,245,"01:00:48,500 --> 01:00:50,340",1.84,나를 더 뜨겁게 만들어줘.,또 뜨겁네.,기분 좋게 해 줄 테니까…,반응형,,0.0,,,25.0,90.0,50.0,78.0,75.0,0.70451,0.0,66.0,0.0,0.0,0.294,"뜨겁게 쑤셔지면,",뜨겁게 쑤셔지면,,44.65,T3,화자·문맥·자연스러움 집중 검토,,82.30337078651685,60.46,P2,앞뒤 5블록·사진·오류 기억을 함께 검토
ADN-746,사진 대조 1차 교정본,312,"01:32:51,990 --> 01:33:16,650",24.66,맛있어.,더 많이 사랑한다고 해 줘.,잠깐 쉬자.,반응형,,0.01,,,25.0,90.0,50.0,78.0,75.0,0.67197,7.25,66.0,0.0,0.0,0.7104,"음-, 맛있어.",음… 맛있어.,,44.59,T3,화자·문맥·자연스러움 집중 검토,,82.02247191011236,60.31,P2,앞뒤 5블록·사진·오류 기억을 함께 검토
ADN-746,사진 대조 1차 교정본,246,"01:01:21,620 --> 01:01:22,420",0.8,기분 좋게 해 줄 테니까…,나를 더 뜨겁게 만들어줘.,더 혀를 내밀어봐…,반말형,,0.02,,,25.0,90.0,50.0,78.0,75.0,0.70094,0.0,66.0,0.0,0.0,0.4668,내가 매일 닦아줄 테니까…,그럼 내가 매일 닦아 줄게.,일본어 원문 대조 + 자연스러운 한국어 대사 교정,44.5,T3,화자·문맥·자연스러움 집중 검토,,81.74157303370787,60.14,P2,앞뒤 5블록·사진·오류 기억을 함께 검토
ADN-746,사진 대조 1차 교정본,29,"00:02:15,480 --> 00:02:16,140",0.66,"아, 진짜 내 스타일이야.",부탁합니다.,진짜 완전 내 스타일인데…,반응형,,0.02,,,25.0,90.0,50.0,78.0,75.0,0.60594,0.0,66.0,25.0,18.0,0.2526,"아, 큰일이야...","아, 큰일이야…",,44.45,T3,화자·문맥·자연스러움 집중 검토,borderline_cps;formality_shift,81.46067415730337,59.99,P2,앞뒤 5블록·사진·오류 기억을 함께 검토
ADN-746,사진 대조 1차 교정본,306,"01:29:19,880 --> 01:29:29,060",9.18,아… 계속…,아… 하아…,너무 좋아…,반응형,,0.02,,,25.0,90.0,50.0,78.0,75.0,0.57064,29.68,66.0,0.0,0.0,0.8974,계속…,이거 어떻게 푸는 거였지?,일본어 원문 + 타임스탬프 사진 + 장면 연속성,44.37,T3,화자·문맥·자연스러움 집중 검토,,81.17977528089888,59.83,P2,앞뒤 5블록·사진·오류 기억을 함께 검토
ADN-746,사진 대조 1차 교정본,165,"00:21:59,480 --> 00:22:00,960",1.48,그럼 깨끗이 청소해 줘.,가게를 더럽히게 될지도 몰라요.,응…,반말형,,0.02,,,25.0,90.0,50.0,78.0,75.0,0.69307,0.0,66.0,0.0,0.0,0.2178,좀 더 해 줘.,보여?,일본어 원문 + 타임스탬프 사진 + 장면 연속성,44.17,T3,화자·문맥·자연스러움 집중 검토,,80.75842696629213,59.54,P2,앞뒤 5블록·사진·오류 기억을 함께 검토
ADN-746,사진 대조 1차 교정본,212,"00:44:22,120 --> 00:44:27,820",5.7,"좋아한다고 말해도 안 믿어 주시니
어떻게 해야 할지 모르겠어요.",잘 모르겠어요.,그러니까 몸으로 증명해 보라고.,반말형,,0.02,,,25.0,90.0,50.0,78.0,75.0,0.69308,0.0,66.0,0.0,0.0,0.2455,말해도 돼요?,이제 해도 돼요?,타임스탬프 사진과 앞뒤 장면으로 대사 기능 복원,44.17,T3,화자·문맥·자연스러움 집중 검토,,80.75842696629213,59.54,P2,앞뒤 5블록·사진·오류 기억을 함께 검토
ADN-746,사진 대조 1차 교정본,190,"00:31:37,500 --> 00:32:37,340",59.84,"아, 아… 아…",고작 이 정도는 아니잖아.,누가 올지도 몰라.,반응형,,0.0,,,25.0,90.0,50.0,78.0,75.0,0.59119,23.65,66.0,0.0,0.0,0.8471,"아, 아, 아, 아…","아, 아, 아…",일본어 원문 대조 + 자연스러운 한국어 대사 교정,44.15,T3,화자·문맥·자연스러움 집중 검토,,80.33707865168539,59.35,P2,앞뒤 5블록·사진·오류 기억을 함께 검토
ADN-746,사진 대조 1차 교정본,261,"01:11:47,240 --> 01:11:48,800",1.56,사귄 지 얼마 되지도 않았잖아.,어? 왜?,"나 있지, 내 자신을 속이고 있었어.",반응형,,0.04,,,25.0,90.0,50.0,78.0,75.0,0.68897,0.0,66.0,0.0,0.0,0.2433,"- 아까 제대로 해 주지도 않았잖아. 괜찮잖아, 조금만. 이미 이렇게 됐고. - 정말 안 돼. 뭐가 괜찮아? 네가 멋대로 그런 거잖아.",- 아까 제대로 해 주지도 않았잖아. 조금만 하자. - 안 돼. 네가 멋대로 시작한 거잖아.,지나치게 긴 두 화자 대사 압축,44.0,T3,화자·문맥·자연스러움 집중 검토,,80.0561797752809,59.14,P2,앞뒤 5블록·사진·오류 기억을 함께 검토
ADN-746,사진 대조 1차 교정본,100,"00:10:59,310 --> 00:10:59,350",0.04,감사합니다.,감사합니다.,참 멋진 가게네요.,존댓말형,,0.01,,,25.0,90.0,50.0,78.0,75.0,0.34197,42.0,66.0,70.0,0.0,1.0,감사합니다.,고마워요.,타임스탬프 사진과 앞뒤 장면으로 대사 기능 복원,43.98,T3,화자·문맥·자연스러움 집중 검토,high_cps,79.7752808988764,59.01,P2,앞뒤 5블록·사진·오류 기억을 함께 검토
ADN-746,사진 대조 1차 교정본,216,"00:46:09,040 --> 00:46:10,660",1.62,나 좋아하는 거 맞지?,날 훨씬 더 갈구해 봐.,더 격렬하게 안아줘.,반응형,,0.04,,,25.0,90.0,50.0,78.0,75.0,0.68405,0.0,66.0,0.0,0.0,0.3789,다리 좋아하는 남자.,다리 좋아하는 남자 많잖아.,일본어 원문 대조 + 자연스러운 한국어 대사 교정,43.79,T3,화자·문맥·자연스러움 집중 검토,,79.35393258426966,58.73,P2,앞뒤 5블록·사진·오류 기억을 함께 검토
ADN-746,사진 대조 1차 교정본,296,"01:16:27,420 --> 01:16:29,220",1.8,진짜 나 좋아하는 거야?,그렇게 할래.,기분 좋아…,반응형,,0.02,,,25.0,90.0,50.0,78.0,75.0,0.68404,0.0,66.0,0.0,0.0,0.3927,다리 좋아하는 남자.,다리 좋아하는 남자 많잖아.,일본어 원문 대조 + 자연스러운 한국어 대사 교정,43.79,T3,화자·문맥·자연스러움 집중 검토,,79.35393258426966,58.73,P2,앞뒤 5블록·사진·오류 기억을 함께 검토
ADN-746,사진 대조 1차 교정본,77,"00:07:59,280 --> 00:08:04,080",4.8,"자그맣게 하나 열어. 가오픈하는 거라
지인들만 초대하는 거야.",에? 매장 새로 오픈하세요?,다다음 주에 열어.,반말형,,0.02,,,25.0,90.0,50.0,78.0,75.0,0.64928,0.0,66.0,0.0,18.0,0.1785,싫은 거야.,싫어?,일본어 원문 대조 + 자연스러운 한국어 대사 교정,43.77,T3,화자·문맥·자연스러움 집중 검토,formality_shift,78.93258426966293,58.54,P2,앞뒤 5블록·사진·오류 기억을 함께 검토
ADN-746,사진 대조 1차 교정본,48,"00:04:44,620 --> 00:04:48,540",3.92,시로미네 씨는 항상 참 멋지세요.,말도 안 돼…,입으시는 옷도 정말 세련됐고.,중립·혼합형,,0.02,,,25.0,90.0,50.0,78.0,75.0,0.68288,0.0,66.0,0.0,0.0,0.189,"아니, 시로미네 씨를 좋아했지만 일적인 관계끼리는 연애 안 하신다고 해서…","시로미네 씨를 좋아했지만, 일로 엮인 사람과는 연애 안 한다고 하셔서…",번역투 제거,43.74,T3,화자·문맥·자연스러움 집중 검토,,78.65168539325843,58.4,P2,앞뒤 5블록·사진·오류 기억을 함께 검토
ADN-746,사진 대조 1차 교정본,109,"00:11:17,790 --> 00:11:21,190",3.4,그럼 이따가 다시 이 가게로 와 줘.,전 괜찮습니다.,알겠습니다.,중립·혼합형,,0.01,,,25.0,90.0,50.0,78.0,75.0,0.67766,0.0,66.0,0.0,0.0,0.1955,이따가 어떻게 해야 할지 가르쳐 줬잖아. 전부 깨끗하게 해.,아까 어떻게 하라고 했지? 전부 깨끗이 해.,사진 장면 확인 및 한국어 번역투·ASR 오역 교정,43.52,T3,화자·문맥·자연스러움 집중 검토,,78.37078651685393,58.16,P2,앞뒤 5블록·사진·오류 기억을 함께 검토
ADN-746,사진 대조 1차 교정본,273,"01:13:16,690 --> 01:13:19,610",2.92,무슨 일 있어? 기운이 하나도 없네.,네.,헤어졌어요.,반말형,,0.01,,,25.0,90.0,50.0,78.0,75.0,0.67731,0.0,66.0,0.0,0.0,0.2714,자고 있어?,땀나?,사진 장면 확인 및 한국어 번역투·ASR 오역 교정,43.51,T3,화자·문맥·자연스러움 집중 검토,,78.08988764044943,58.03,P2,앞뒤 5블록·사진·오류 기억을 함께 검토
ADN-746,사진 대조 1차 교정본,173,"00:22:31,580 --> 00:22:32,300",0.72,혀 내밀어봐…,부탁해요.,더 혀를 내밀어봐…,반응형,,0.02,,,25.0,90.0,50.0,78.0,79.0,0.6699,0.0,66.0,0.0,0.0,0.3979,"자, 혀를 조금 내밀어봐...","자, 혀를 조금 내밀어봐…",,43.44,T3,화자·문맥·자연스러움 집중 검토,,77.80898876404494,57.87,P3,말투·질문응답·가독성 위주 검토
ADN-746,사진 대조 1차 교정본,259,"01:11:37,860 --> 01:11:41,800",3.94,그래서 말인데… 미안해. 헤어지자.,그럼에도 나는 그녀의 치명적인 매력에 완전히 사로잡혀 있었다.,어? 왜?,반응형,,0.04,,,25.0,90.0,50.0,78.0,75.0,0.67489,0.0,66.0,0.0,0.0,0.3707,아... 미안해.,아… 미안해.,,43.41,T3,화자·문맥·자연스러움 집중 검토,,77.52808988764045,57.74,P3,말투·질문응답·가독성 위주 검토
ADN-746,사진 대조 1차 교정본,286,"01:14:35,880 --> 01:14:37,820",1.94,나도 그냥 쓰고 버려지려나?,내 몸이랑 거기가 목적인 거 아냐?,방금 헤어진 여자친구처럼.,반말형,,0.02,,,25.0,90.0,50.0,78.0,75.0,0.67382,0.0,66.0,0.0,0.0,0.1624,괜찮으려나? 왜? 잘 닦이고 있나?,괜찮으려나? 왜? 잘 닦이고 있어?,일본어 원문 대조 + 자연스러운 한국어 대사 교정,43.36,T3,화자·문맥·자연스러움 집중 검토,,77.24719101123596,57.59,P3,말투·질문응답·가독성 위주 검토
ADN-746,사진 대조 1차 교정본,215,"00:44:34,280 --> 00:44:36,080",1.8,날 훨씬 더 갈구해 봐.,나 좋아한다는 걸.,나 좋아하는 거 맞지?,반말형,,0.02,,,25.0,90.0,50.0,78.0,75.0,0.6723,0.0,66.0,0.0,0.0,0.2019,좀 더 보여줘 봐.,좀 더 보여 줘 봐.,,43.3,T3,화자·문맥·자연스러움 집중 검토,,76.96629213483146,57.44,P3,말투·질문응답·가독성 위주 검토
ADN-746,사진 대조 1차 교정본,33,"00:02:56,580 --> 00:02:58,500",1.92,고백 같은 건 역시 무리겠지.,유혹하는 건가?,"네, 감사합니다. 여기 사인만 부탁드릴게요.
성함만 적어 주시면 됩니다. 다음에 또 뵐게요.",반말형,,0.02,,,25.0,90.0,50.0,78.0,75.0,0.67091,0.0,66.0,0.0,0.0,0.2378,여기서 하는 건 역시 좋아.,역시 가까이서 보니까 좋네요.,사진 장면 확인 및 한국어 번역투·ASR 오역 교정,43.24,T3,화자·문맥·자연스러움 집중 검토,,76.68539325842697,57.29,P3,말투·질문응답·가독성 위주 검토
ADN-746,사진 대조 1차 교정본,80,"00:08:22,920 --> 00:08:25,060",2.14,그럼 오늘은 잘 먹었어요.,갈게요. 일정 비워 둘게요.,네.,반응형,,0.02,식사 후 인사말 자연화,중간,25.0,90.0,50.0,84.0,75.0,0.70328,7.86,48.0,0.0,0.0,0.7155,그럼 오늘은 잘 먹었어.,그럼 오늘은 잘 먹었어요.,식사 후 인사말 자연화,43.13,T3,화자·문맥·자연스러움 집중 검토,,76.40449438202246,57.11,P3,말투·질문응답·가독성 위주 검토
ADN-746,사진 대조 1차 교정본,301,"01:22:06,280 --> 01:22:07,320",1.04,기분 좋아.,기분 좋아.,기분 좋아.,반응형,,0.02,,,25.0,90.0,50.0,78.0,75.0,0.43073,42.0,66.0,0.0,30.0,1.0,기분 좋아.,"아, 좋아.",화면 영문 자막 대조,43.11,T3,화자·문맥·자연스러움 집중 검토,triple_identical_run,76.12359550561798,56.98,P3,말투·질문응답·가독성 위주 검토
ADN-746,사진 대조 1차 교정본,241,"00:55:58,930 --> 00:56:00,450",1.52,괜찮으니까 얼른…,여기서 그냥 싸도 돼요?,"읍, 읍…",반응형,,0.03,,,25.0,90.0,50.0,78.0,75.0,0.66633,0.0,66.0,0.0,0.0,0.4831,괜찮으니까...,괜찮으니까…,,43.05,T3,화자·문맥·자연스러움 집중 검토,,75.84269662921348,56.82,P3,말투·질문응답·가독성 위주 검토
ADN-746,사진 대조 1차 교정본,247,"01:01:22,420 --> 01:01:23,820",1.4,더 혀를 내밀어봐…,기분 좋게 해 줄 테니까…,아… 너무 기분 좋아…,반응형,,0.02,,,25.0,90.0,50.0,78.0,79.0,0.65853,0.0,66.0,0.0,0.0,0.5245,"자, 혀를 조금 내밀어봐...","자, 혀를 조금 내밀어봐…",,42.96,T3,화자·문맥·자연스러움 집중 검토,,75.56179775280899,56.65,P3,말투·질문응답·가독성 위주 검토
ADN-746,사진 대조 1차 교정본,150,"00:17:55,650 --> 00:17:59,350",3.7,날 좋아한다면 더 진심으로 들이대 봐.,또 포기하려는 거야?,"아, 거기… 기분 좋아.",반말형,,0.05,,,25.0,90.0,50.0,78.0,75.0,0.66382,0.0,66.0,0.0,0.0,0.169,엄청 적극적으로 들이대네.,바로 위로 올라타네.,,42.94,T3,화자·문맥·자연스러움 집중 검토,,75.28089887640449,56.52,P3,말투·질문응답·가독성 위주 검토
ADN-746,사진 대조 1차 교정본,332,"01:42:08,110 --> 01:42:09,970",1.86,미쳐 버릴 것 같아…,나를 가득 채워줘…,나한테… 나한테 싸줘…,반응형,,0.01,,,25.0,90.0,50.0,78.0,75.0,0.66366,0.0,66.0,0.0,0.0,0.431,"싸버릴 것 같아, 싸 버릴 것 같아.","싸 버릴 것 같아, 싸 버릴 것 같아.",,42.93,T3,화자·문맥·자연스러움 집중 검토,,75.0,56.4,P3,말투·질문응답·가독성 위주 검토
ADN-746,사진 대조 1차 교정본,254,"01:05:35,380 --> 01:06:46,240",70.86,아… 기분 좋아…,아… 기분 좋아…,그 뒤로도 우리 둘의 이상한 관계는 계속됐다.,반응형,,0.02,,,25.0,90.0,50.0,78.0,75.0,0.63099,7.11,66.0,0.0,0.0,0.7092,아- 기분 좋아…,아… 기분 좋아…,,42.84,T3,화자·문맥·자연스러움 집중 검토,,74.71910112359551,56.23,P3,말투·질문응답·가독성 위주 검토
ADN-746,사진 대조 1차 교정본,321,"01:36:29,560 --> 01:36:34,020",4.46,사실 나도 너한테 관심 있었어.,"갈 것 같아, 갈 것 같아…",기뻐요.,반응형,,0.04,,,25.0,90.0,50.0,78.0,75.0,0.66089,0.0,66.0,0.0,0.0,0.3953,누워 있었어.,더 뿜어봐.,,42.82,T3,화자·문맥·자연스러움 집중 검토,,74.43820224719101,56.1,P3,말투·질문응답·가독성 위주 검토
ADN-746,사진 대조 1차 교정본,316,"01:35:12,000 --> 01:35:13,380",1.38,아… 하아…,"하아, 하아…",기분 좋아…,반응형,,0.0,,,25.0,90.0,50.0,78.0,75.0,0.53367,29.55,66.0,0.0,0.0,0.8962,하아…,보여 줘.,일본어 원문 + 타임스탬프 사진 + 장면 연속성,42.79,T3,화자·문맥·자연스러움 집중 검토,,74.15730337078652,55.96,P3,말투·질문응답·가독성 위주 검토
ADN-746,사진 대조 1차 교정본,116,"00:12:13,050 --> 00:12:14,930",1.88,무슨 도와드릴 일이라도 있나요?,무슨 일이세요?,오늘 같이 온 여자친구는 언제 사귄 거야?,존댓말형,,0.05,,,25.0,90.0,50.0,78.0,75.0,0.65918,0.0,66.0,0.0,0.0,0.2434,여기엔 아직 부족하다고 적혀 있나요?,여기엔 뭐라고 적혀 있어요?,의미가 깨진 안내문 관련 문장 교정,42.75,T3,화자·문맥·자연스러움 집중 검토,,73.87640449438202,55.82,P3,말투·질문응답·가독성 위주 검토
ADN-746,사진 대조 1차 교정본,127,"00:12:58,070 --> 00:13:03,750",5.68,"그런데 딴 여자랑 사귀다니,
네 '좋아한다'는 감정은 그렇게 가볍구나.",했었어요.,가볍다니요…,반말형,,0.03,,,25.0,90.0,50.0,78.0,75.0,0.65816,0.0,66.0,0.0,0.0,0.1358,그런데 얘랑 단둘이 자고 있었던 건가...,그런데 얘랑 단둘이 자고 있었던 건가…,,42.7,T3,화자·문맥·자연스러움 집중 검토,,73.59550561797754,55.68,P3,말투·질문응답·가독성 위주 검토
ADN-746,사진 대조 1차 교정본,164,"00:21:54,740 --> 00:21:57,540",2.8,가게를 더럽히게 될지도 몰라요.,"- 부끄러워요, 이렇게 밝은데…
- 하지만 날 좋아하니까 괜찮잖아?",그럼 깨끗이 청소해 줘.,반말형,,0.04,,,25.0,90.0,50.0,78.0,75.0,0.65746,0.0,66.0,0.0,0.0,0.1326,여기서 잘지도 몰라.,"응, 들어왔어.",일본어 원문 + 타임스탬프 사진 + 장면 연속성,42.67,T3,화자·문맥·자연스러움 집중 검토,,73.31460674157303,55.54,P3,말투·질문응답·가독성 위주 검토
ADN-746,사진 대조 1차 교정본,83,"00:08:46,500 --> 00:08:47,540",1.04,"어쩔 수 없지, 뭐.","완벽하게 차여 버렸네, 나.",미호도 귀여우니까.,반응형,,0.0,,,25.0,90.0,50.0,78.0,75.0,0.65162,0.0,66.0,0.0,0.0,0.2029,내가 네 곁에 없었으면 어쩔 뻔했어.,응.,타임스탬프 사진으로 장면 불일치 확인 후 재복원,42.43,T3,화자·문맥·자연스러움 집중 검토,,73.03370786516854,55.28,P3,말투·질문응답·가독성 위주 검토
ADN-746,사진 대조 1차 교정본,71,"00:06:55,320 --> 00:07:02,240",6.92,"하지만 난 일로 엮인 사람이랑은
연애하지 않기로 정해 뒀거든요.",고마워요.,"전 예전부터 시로미네 씨가 계속 신경 쓰였고,
매장에 오시는 날만 엄청 손꼽아 기다렸어요.",반말형,,0.02,,,25.0,90.0,50.0,78.0,75.0,0.65144,0.0,66.0,0.0,0.0,0.1264,"하지만 앨리스, 이걸 사랑해 줘.","앨리스, 더 느껴 줘.",부자연스러운 명령문을 장면에 맞게 교정,42.42,T3,화자·문맥·자연스러움 집중 검토,,72.75280898876404,55.16,P3,말투·질문응답·가독성 위주 검토
ADN-746,사진 대조 1차 교정본,308,"01:29:38,700 --> 01:29:39,040",0.34,하아…,너무 좋아…,너의 사랑을 전해 줘.,반응형,,0.0,,,25.0,90.0,50.0,78.0,75.0,0.47112,42.0,66.0,0.0,0.0,1.0,하아…,보여 줘.,일본어 원문 + 타임스탬프 사진 + 장면 연속성,42.41,T3,화자·문맥·자연스러움 집중 검토,,72.47191011235955,55.04,P3,말투·질문응답·가독성 위주 검토
ADN-746,사진 대조 1차 교정본,188,"00:28:08,500 --> 00:28:09,600",1.1,증명해 봐.,"있지, 날 향한 네 사랑, 이 정도뿐이야?",고작 이 정도는 아니잖아.,반말형,,0.0,,,25.0,90.0,50.0,78.0,75.0,0.65021,0.0,66.0,0.0,0.0,0.2294,부탁해 봐.,말로 부탁해 봐.,일본어 원문 대조 + 자연스러운 한국어 대사 교정,42.37,T3,화자·문맥·자연스러움 집중 검토,,72.19101123595506,54.89,P3,말투·질문응답·가독성 위주 검토
ADN-746,사진 대조 1차 교정본,42,"00:04:09,800 --> 00:04:14,520",4.72,"그럼 가게는 알아서 골라 주세요.
반납할 게 있어서 먼저 가 볼게요.","아, 네! 전 괜찮습니다.",나중에 연락 주세요.,존댓말형,,0.0,,,25.0,90.0,50.0,78.0,75.0,0.6485,0.0,66.0,0.0,0.0,0.2141,쉬어 주세요.,잠깐 쉬게 해 주세요.,사진 장면 확인 및 한국어 번역투·ASR 오역 교정,42.3,T3,화자·문맥·자연스러움 집중 검토,,71.91011235955057,54.74,P3,말투·질문응답·가독성 위주 검토
ADN-746,사진 대조 1차 교정본,330,"01:41:06,070 --> 01:41:07,090",1.02,기분 좋아.,더 깊이 박아줘.,나를 가득 채워줘…,반응형,,0.03,,,25.0,90.0,50.0,78.0,75.0,0.46694,42.0,66.0,0.0,0.0,1.0,기분 좋아.,"아, 좋아.",화면 영문 자막 대조,42.23,T3,화자·문맥·자연스러움 집중 검토,,71.62921348314607,54.58,P3,말투·질문응답·가독성 위주 검토
ADN-746,사진 대조 1차 교정본,191,"00:32:55,500 --> 00:32:56,940",1.44,누가 올지도 몰라.,"아, 아… 아…",사랑을 전해 줘.,반말형,,0.0,,,25.0,90.0,50.0,78.0,75.0,0.64659,0.0,66.0,0.0,0.0,0.4299,여기서 잘지도 몰라.,"응, 들어왔어.",일본어 원문 + 타임스탬프 사진 + 장면 연속성,42.22,T3,화자·문맥·자연스러움 집중 검토,,71.34831460674157,54.45,P3,말투·질문응답·가독성 위주 검토
ADN-746,사진 대조 1차 교정본,355,"01:50:25,220 --> 01:50:27,980",2.76,가게 운영 자금도 안 대줄 줄 알아.,그렇겠지. 딴놈 생기면 가만 안 둔다.,알고 있어. 가자.,중립·혼합형,,0.02,,,25.0,90.0,50.0,78.0,75.0,0.64334,0.0,66.0,0.0,0.0,0.3488,대충 알아.,대충 알겠어.,사진 장면 확인 및 한국어 번역투·ASR 오역 교정,42.08,T3,화자·문맥·자연스러움 집중 검토,,71.06741573033707,54.25,P3,말투·질문응답·가독성 위주 검토
ADN-746,사진 대조 1차 교정본,4,"00:00:24,780 --> 00:00:27,000",2.22,항상 멋진 옷을 입으시네요?,그럼 여기에 사인만 해 주세요.,감사합니다.,반응형,,0.02,,,25.0,90.0,50.0,78.0,75.0,0.60885,0.0,66.0,0.0,18.0,0.1332,여기 오면 항상 즐기는 거니까요.,여기 오면 늘 낚시를 즐기거든요.,대화체 자연화,42.07,T3,화자·문맥·자연스러움 집중 검토,formality_shift,70.78651685393258,54.13,P3,말투·질문응답·가독성 위주 검토
ADN-746,사진 대조 1차 교정본,242,"00:58:13,470 --> 00:58:14,310",0.84,"읍, 읍…",괜찮으니까 얼른…,아직 부족해… 누워봐.,중립·혼합형,,0.03,,,25.0,90.0,50.0,78.0,75.0,0.64241,0.0,66.0,0.0,0.0,0.043,"아, 아, 아, 아…","아, 아, 아…",일본어 원문 대조 + 자연스러운 한국어 대사 교정,42.04,T3,화자·문맥·자연스러움 집중 검토,,70.36516853932584,53.94,P3,말투·질문응답·가독성 위주 검토
ADN-746,사진 대조 1차 교정본,305,"01:28:41,620 --> 01:29:17,880",36.26,아… 하아…,"아, 너무 기분 좋아…",아… 계속…,반응형,,0.02,,,25.0,90.0,50.0,78.0,75.0,0.5158,29.55,66.0,0.0,0.0,0.8962,하아…,보여 줘.,일본어 원문 + 타임스탬프 사진 + 장면 연속성,42.04,T3,화자·문맥·자연스러움 집중 검토,,70.36516853932584,53.94,P3,말투·질문응답·가독성 위주 검토
ADN-746,사진 대조 1차 교정본,192,"00:33:12,870 --> 00:33:14,530",1.66,사랑을 전해 줘.,누가 올지도 몰라.,나 좋아하는 거 맞지?,반말형,,0.03,,,25.0,90.0,50.0,78.0,75.0,0.64214,0.0,66.0,0.0,0.0,0.2862,좀 더 해 줘.,보여?,일본어 원문 + 타임스탬프 사진 + 장면 연속성,42.03,T3,화자·문맥·자연스러움 집중 검토,,69.9438202247191,53.75,P3,말투·질문응답·가독성 위주 검토
ADN-746,사진 대조 1차 교정본,135,"00:13:37,020 --> 00:13:41,860",4.84,"그렇게 쉽게 포기했다는 건
별로 좋아하지도 않았다는 뜻이네.",뭐… 결과적으로는 그렇게 된 셈이죠.,"진짜 좋아한다면 빼앗고 말겠다는
생각으로 밀어붙였어야지.",반말형,,0.02,,,25.0,90.0,50.0,78.0,75.0,0.63919,0.0,66.0,0.0,0.0,0.1667,이런 거 좋아하지?,묶여 있는 거 좋아하지?,,41.91,T3,화자·문맥·자연스러움 집중 검토,,69.66292134831461,53.57,P3,말투·질문응답·가독성 위주 검토
ADN-746,사진 대조 1차 교정본,55,"00:05:26,600 --> 00:05:29,600",3.0,키타노 씨는 혹시 여자친구 있으세요?,네.,지금 말인가요?,반응형,,0.0,,,25.0,90.0,50.0,78.0,75.0,0.60467,0.0,66.0,0.0,18.0,0.2284,"아, 괜찮으세요?","아, 괜찮으시군요.",앞뒤 문답 관계 교정,41.9,T3,화자·문맥·자연스러움 집중 검토,formality_shift,69.3820224719101,53.44,P3,말투·질문응답·가독성 위주 검토
ADN-746,사진 대조 1차 교정본,31,"00:02:49,920 --> 00:02:51,540",1.62,아까 모습도 진짜 귀여웠지.,진짜 완전 내 스타일인데…,유혹하는 건가?,반응형,,0.02,,,25.0,90.0,50.0,78.0,75.0,0.63833,0.0,66.0,0.0,0.0,0.1649,안대 쓰고 있는 모습 보니까 진짜 좋네.,안대 쓴 모습 보니까 더 야하네.,일본어 원문 대조 + 자연스러운 한국어 대사 교정,41.87,T3,화자·문맥·자연스러움 집중 검토,,69.10112359550563,53.31,P3,말투·질문응답·가독성 위주 검토
ADN-746,사진 대조 1차 교정본,49,"00:04:49,840 --> 00:04:51,100",1.26,입으시는 옷도 정말 세련됐고.,시로미네 씨는 항상 참 멋지세요.,"키타노 씨는 왜 저한테
밥 먹자고 하신 거예요?",반응형,,0.04,,,25.0,90.0,50.0,78.0,75.0,0.63682,0.0,66.0,0.0,0.0,0.1866,정말 좋아.,거기 좋아.,타임스탬프 사진과 장면 흐름으로 명백한 오인식 교정,41.81,T3,화자·문맥·자연스러움 집중 검토,,68.82022471910112,53.15,P3,말투·질문응답·가독성 위주 검토
ADN-746,사진 대조 1차 교정본,248,"01:01:28,980 --> 01:01:30,800",1.82,아… 너무 기분 좋아…,더 혀를 내밀어봐…,진짜…,반응형,,0.02,,,25.0,90.0,50.0,78.0,75.0,0.63462,0.0,66.0,0.0,0.0,0.6171,아- 기분 좋아…,아… 기분 좋아…,,41.71,T3,화자·문맥·자연스러움 집중 검토,,68.53932584269663,52.98,P3,말투·질문응답·가독성 위주 검토
ADN-746,사진 대조 1차 교정본,86,"00:09:24,820 --> 00:09:26,420",1.6,"아, 정말 와 줬구나.",안녕하세요.,고마워.,반응형,,0.02,,,25.0,90.0,50.0,78.0,75.0,0.62802,0.0,66.0,0.0,0.0,0.3218,"아, 정말 기분 좋아.",아… 조금 좋아.,,41.44,T3,화자·문맥·자연스러움 집중 검토,,68.25842696629213,52.7,P3,말투·질문응답·가독성 위주 검토
ADN-746,사진 대조 1차 교정본,346,"01:47:53,260 --> 01:47:54,100",0.84,기분 좋아.,대박… 완전히 가 버렸네. 몇 번이고 더 가게 해 줄게.,벌써 몇 번이나 가는 거야.,반응형,,0.04,,,25.0,90.0,50.0,78.0,75.0,0.44728,42.0,66.0,0.0,0.0,1.0,기분 좋아.,"아, 좋아.",화면 영문 자막 대조,41.41,T3,화자·문맥·자연스러움 집중 검토,,67.97752808988764,52.57,P3,말투·질문응답·가독성 위주 검토
ADN-746,사진 대조 1차 교정본,311,"01:32:28,270 --> 01:32:34,390",6.12,더 많이 사랑한다고 해 줘.,이제부터 정말로 제대로 전할 테니까.,맛있어.,반말형,,0.03,,,25.0,90.0,50.0,78.0,75.0,0.6243,0.0,66.0,0.0,0.0,0.371,좀 더 해 줘.,보여?,일본어 원문 + 타임스탬프 사진 + 장면 연속성,41.28,T3,화자·문맥·자연스러움 집중 검토,,67.69662921348315,52.37,P3,말투·질문응답·가독성 위주 검토
ADN-746,사진 대조 1차 교정본,3,"00:00:19,120 --> 00:00:20,360",1.24,그럼 여기에 사인만 해 주세요.,"아, 알겠습니다. 감사합니다.",항상 멋진 옷을 입으시네요?,중립·혼합형,,0.02,,,25.0,90.0,50.0,78.0,75.0,0.62415,0.0,66.0,0.0,0.0,0.4154,"네, 감사합니다. 저기, 여기에 사인만 해 주세요. 네 성함만 적어 주시면 돼요. 감사합니다. 다음에 또 뵙겠습니다.","네, 감사합니다. 여기 사인만 부탁드릴게요. 성함만 적어 주시면 됩니다. 다음에 또 뵐게요.",긴 매장 대사를 실제 한국어 응대로 정리,41.27,T3,화자·문맥·자연스러움 집중 검토,,67.2752808988764,52.19,P3,말투·질문응답·가독성 위주 검토
ADN-746,사진 대조 1차 교정본,43,"00:04:14,520 --> 00:04:15,800",1.28,나중에 연락 주세요.,"그럼 가게는 알아서 골라 주세요.
반납할 게 있어서 먼저 가 볼게요.","아, 네.",존댓말형,,0.02,,,25.0,90.0,50.0,78.0,75.0,0.62409,0.0,66.0,0.0,0.0,0.3658,쉬어 주세요.,잠깐 쉬게 해 주세요.,사진 장면 확인 및 한국어 번역투·ASR 오역 교정,41.27,T3,화자·문맥·자연스러움 집중 검토,,67.2752808988764,52.19,P3,말투·질문응답·가독성 위주 검토
ADN-746,사진 대조 1차 교정본,326,"01:37:01,260 --> 01:37:03,420",2.16,내가 다시 세워 줄게.,한 번 더 해요.,뒤돌아봐.,중립·혼합형,,0.04,,,25.0,90.0,50.0,78.0,75.0,0.62362,0.0,66.0,0.0,0.0,0.5606,내가 잡아 줄게.,목욕하면서…,일본어 원문 + 타임스탬프 사진 + 장면 연속성,41.25,T3,화자·문맥·자연스러움 집중 검토,,66.85393258426966,52.0,P3,말투·질문응답·가독성 위주 검토
ADN-746,사진 대조 1차 교정본,27,"00:02:08,400 --> 00:02:09,200",0.8,잠깐 들어갈게요.,실례합니다.,부탁합니다.,반응형,,0.0,,,25.0,90.0,50.0,78.0,75.0,0.61887,0.0,66.0,0.0,0.0,0.4035,잠깐 쉬었다 갈게요.,조금만 쉬자.,일본어 원문 대조 + 자연스러운 한국어 대사 교정,41.05,T3,화자·문맥·자연스러움 집중 검토,,66.57303370786516,51.77,P3,말투·질문응답·가독성 위주 검토
ADN-746,사진 대조 1차 교정본,294,"01:15:49,330 --> 01:15:52,230",2.9,"아, 기분 좋아…",절 똑바로 봐 주세요.,그렇게 할래.,반응형,,0.03,,,25.0,90.0,50.0,78.0,75.0,0.55587,6.46,66.0,0.0,18.0,0.7039,아- 기분 좋아…,아… 기분 좋아…,,41.01,T3,화자·문맥·자연스러움 집중 검토,formality_shift,66.29213483146067,51.63,P3,말투·질문응답·가독성 위주 검토
ADN-746,사진 대조 1차 교정본,287,"01:14:38,600 --> 01:14:40,420",1.82,방금 헤어진 여자친구처럼.,나도 그냥 쓰고 버려지려나?,안 그래요.,반응형,,0.0,,,25.0,90.0,50.0,78.0,75.0,0.61689,0.0,66.0,0.0,0.0,0.1451,"자, 혀를 더. 연필처럼.",혀를 뾰족하게 세워.,사진 장면 확인 및 한국어 번역투·ASR 오역 교정,40.97,T3,화자·문맥·자연스러움 집중 검토,,66.01123595505618,51.49,P3,말투·질문응답·가독성 위주 검토
ADN-746,사진 대조 1차 교정본,64,"00:06:10,980 --> 00:06:14,660",3.68,평소에는 주로 어디서 쇼핑하세요?,맛있네요.,자주 가시는 동네나…,반응형,,0.02,,,25.0,90.0,50.0,78.0,75.0,0.54874,0.0,66.0,0.0,35.0,0.1962,남자 좋아하세요?,그래도 싫지는 않았죠?,타임스탬프 사진과 앞뒤 장면으로 대사 기능 복원,40.91,T3,화자·문맥·자연스러움 집중 검토,formality_jump,65.73033707865169,51.33,P3,말투·질문응답·가독성 위주 검토
ADN-746,사진 대조 1차 교정본,88,"00:09:28,200 --> 00:09:29,460",1.26,"아, 개업 축하 선물까지…",고마워.,응.,반응형,,0.0,,,25.0,90.0,50.0,78.0,75.0,0.61534,0.0,66.0,0.0,0.0,0.2056,"아, 아, 아, 아, 아, 아, 아,","아, 아, 아, 아, 아, 아, 아",,40.9,T3,화자·문맥·자연스러움 집중 검토,,65.4494382022472,51.21,P3,말투·질문응답·가독성 위주 검토
ADN-746,사진 대조 1차 교정본,156,"00:20:15,090 --> 00:20:16,310",1.22,진짜 뭐 하려고요?,빨리.,정말 안 돼요…,중립·혼합형,,0.01,,,25.0,90.0,50.0,78.0,75.0,0.61478,0.0,66.0,0.0,0.0,0.1959,진짜 엄청 좋아...,진짜 엄청 좋아…,,40.88,T3,화자·문맥·자연스러움 집중 검토,,65.1685393258427,51.08,P3,말투·질문응답·가독성 위주 검토
ADN-746,사진 대조 1차 교정본,227,"00:52:00,650 --> 00:52:01,490",0.84,기분 좋아.,잠깐만 쉬게 해 주세요…,아…,반응형,,0.05,,,25.0,90.0,50.0,78.0,75.0,0.434,42.0,66.0,0.0,0.0,1.0,기분 좋아.,"아, 좋아.",화면 영문 자막 대조,40.85,T3,화자·문맥·자연스러움 집중 검토,,64.8876404494382,50.95,P3,말투·질문응답·가독성 위주 검토
ADN-746,사진 대조 1차 교정본,137,"00:13:49,240 --> 00:13:50,700",1.46,왜 그렇게 쉽게 포기해?,"진짜 좋아한다면 빼앗고 말겠다는
생각으로 밀어붙였어야지.",저기요…,반말형,,0.04,,,25.0,90.0,50.0,78.0,75.0,0.61386,0.0,66.0,0.0,0.0,0.1887,쉽게 걸려들지 않는 곳.,"네, 싫진 않았어요.",타임스탬프 사진과 앞뒤 장면으로 대사 기능 복원,40.84,T3,화자·문맥·자연스러움 집중 검토,,64.60674157303372,50.82,P3,말투·질문응답·가독성 위주 검토
ADN-746,사진 대조 1차 교정본,315,"01:35:11,020 --> 01:35:12,000",0.98,"하아, 하아…",조금만 숨 좀 돌릴게…,아… 하아…,반응형,,0.02,,,25.0,90.0,50.0,78.0,75.0,0.53848,17.31,66.0,0.0,0.0,0.7943,하아…,보여 줘.,일본어 원문 + 타임스탬프 사진 + 장면 연속성,40.79,T3,화자·문맥·자연스러움 집중 검토,,64.32584269662921,50.68,P3,말투·질문응답·가독성 위주 검토
ADN-746,사진 대조 1차 교정본,2,"00:00:16,780 --> 00:00:18,120",1.34,"아, 알겠습니다. 감사합니다.",이쪽 의상은 안 썼어요.,그럼 여기에 사인만 해 주세요.,반응형,,0.02,,,25.0,90.0,50.0,78.0,75.0,0.58514,6.22,66.0,0.0,0.0,0.7018,감사합니다.,고마워요.,타임스탬프 사진과 앞뒤 장면으로 대사 기능 복원,40.75,T3,화자·문맥·자연스러움 집중 검토,,64.04494382022472,50.53,P3,말투·질문응답·가독성 위주 검토
ADN-746,사진 대조 1차 교정본,304,"01:28:40,200 --> 01:28:41,600",1.4,"아, 너무 기분 좋아…",아파.,아… 하아…,반응형,,0.0,,,25.0,90.0,50.0,78.0,75.0,0.61098,0.0,66.0,0.0,0.0,0.5981,아- 기분 좋아…,아… 기분 좋아…,,40.72,T3,화자·문맥·자연스러움 집중 검토,,63.76404494382022,50.4,P3,말투·질문응답·가독성 위주 검토
ADN-746,사진 대조 1차 교정본,342,"01:47:05,340 --> 01:47:06,580",1.24,이거 넣을게…,기뻐요.,기분 좋아.,중립·혼합형,,0.04,,,25.0,90.0,50.0,78.0,79.0,0.60436,0.0,66.0,0.0,0.0,0.2078,이거 예쁘네.,손으로 가리지 마.,일본어 원문 + 타임스탬프 사진 + 장면 연속성,40.68,T3,화자·문맥·자연스러움 집중 검토,,63.48314606741573,50.26,P3,말투·질문응답·가독성 위주 검토
ADN-746,사진 대조 1차 교정본,74,"00:07:37,740 --> 00:07:39,300",1.56,파고들 틈이 전혀 없네.,그러니까… 좋아해요.,"이거, 시간 되면 보러 와요.",반말형,,0.04,,,25.0,90.0,50.0,78.0,79.0,0.6029,0.0,66.0,0.0,0.0,0.3518,"있잖아, 전혀 못 했잖아. 별거 없네.","있잖아, 아직 제대로 못 했잖아.",사진 장면 확인 및 한국어 번역투·ASR 오역 교정,40.62,T3,화자·문맥·자연스러움 집중 검토,,63.20224719101124,50.1,P3,말투·질문응답·가독성 위주 검토
ADN-746,사진 대조 1차 교정본,106,"00:11:12,170 --> 00:11:13,950",1.78,"미호, 너 이따가 일정 있었지?","오늘 이따가 일찍 닫을 건데,
혹시 이후에 시간 좀 있니?",응.,반말형,,0.03,,,25.0,90.0,50.0,78.0,75.0,0.6078,0.0,66.0,0.0,0.0,0.1644,"숨 쉬어, 이따가.",조금씩 마셔. 천천히.,사진 장면 확인 및 한국어 번역투·ASR 오역 교정,40.59,T3,화자·문맥·자연스러움 집중 검토,,62.92134831460674,49.97,P3,말투·질문응답·가독성 위주 검토
ADN-746,사진 대조 1차 교정본,129,"00:13:07,350 --> 00:13:10,010",2.66,"아뇨, 그런 게 아니라…",가볍다니요…,그럼 뭔데?,반응형,,0.05,,,25.0,90.0,50.0,78.0,75.0,0.60638,0.0,66.0,0.0,0.0,0.2947,"그런 게 아니라, 말하자면…","그게 아니라, 말하자면…",사진 장면 확인 및 한국어 번역투·ASR 오역 교정,40.53,T3,화자·문맥·자연스러움 집중 검토,,62.5,49.76,P3,말투·질문응답·가독성 위주 검토
ADN-746,사진 대조 1차 교정본,307,"01:29:37,800 --> 01:29:38,700",0.9,너무 좋아…,아… 계속…,하아…,반응형,,0.0,,,25.0,90.0,50.0,78.0,75.0,0.60643,0.0,66.0,0.0,0.0,0.4814,아- 기분 좋아…,아… 기분 좋아…,,40.53,T3,화자·문맥·자연스러움 집중 검토,,62.5,49.76,P3,말투·질문응답·가독성 위주 검토
ADN-746,사진 대조 1차 교정본,223,"00:48:08,780 --> 00:48:10,040",1.26,기분 좋아.,기분 좋아.,날 더 원해 줘.,반응형,,0.02,,,25.0,90.0,50.0,78.0,75.0,0.42258,42.0,66.0,0.0,0.0,1.0,기분 좋아.,"아, 좋아.",화면 영문 자막 대조,40.37,T3,화자·문맥·자연스러움 집중 검토,,62.07865168539326,49.49,P3,말투·질문응답·가독성 위주 검토
ADN-746,사진 대조 1차 교정본,30,"00:02:43,390 --> 00:02:45,590",2.2,진짜 완전 내 스타일인데…,"아, 진짜 내 스타일이야.",아까 모습도 진짜 귀여웠지.,중립·혼합형,,0.01,,,25.0,90.0,50.0,78.0,75.0,0.60119,0.0,66.0,0.0,0.0,0.221,완전 초보.,입 벌려.,손상된 일본어 ASR + 타임스탬프 사진 + 앞뒤 문맥 추론,40.31,T3,화자·문맥·자연스러움 집중 검토,,61.79775280898876,49.33,P3,말투·질문응답·가독성 위주 검토
ADN-746,사진 대조 1차 교정본,46,"00:04:24,980 --> 00:04:28,580",3.6,"와, 대박이다. 진짜로?",그럼 가 볼게요.,말도 안 돼…,중립·혼합형,,0.02,,,25.0,90.0,50.0,78.0,75.0,0.59886,0.0,66.0,0.0,0.0,0.6289,진짜로?,그래?,일본어 원문 대조 + 자연스러운 한국어 대사 교정,40.21,T3,화자·문맥·자연스러움 집중 검토,,61.51685393258427,49.16,P3,말투·질문응답·가독성 위주 검토
ADN-746,사진 대조 1차 교정본,231,"00:53:18,660 --> 00:53:20,120",1.46,제발 잠깐만 쉬게 해 주세요!,아… 아…,나 좋아하는 거 맞지? 더 뜨겁게 세워봐.,반응형,,0.04,,,25.0,90.0,50.0,78.0,75.0,0.59632,0.0,66.0,0.0,0.0,0.6302,잠깐만 쉬게 해 주세요.,"잠깐만, 그만해.",장면과 충돌한 표현 교정,40.11,T3,화자·문맥·자연스러움 집중 검토,,61.23595505617978,48.98,P3,말투·질문응답·가독성 위주 검토
ADN-746,사진 대조 1차 교정본,218,"00:46:46,380 --> 00:46:47,800",1.42,문 잠갔어요.,더 격렬하게 안아줘.,조금… 조금 겁나요.,반응형,,0.02,,,25.0,90.0,50.0,78.0,75.0,0.59362,0.0,66.0,0.0,0.0,0.1399,다음은 문 앞쪽이에요.,다음은 앞쪽이에요.,,39.99,T3,화자·문맥·자연스러움 집중 검토,,60.95505617977528,48.8,P3,말투·질문응답·가독성 위주 검토
ADN-746,사진 대조 1차 교정본,93,"00:09:48,510 --> 00:09:50,430",1.92,얼마 전에 사귀기 시작했어요.,안녕하세요.,오늘 같이 오고 싶다고 하길래 데리고 왔어요.,반응형,,0.01,,,25.0,90.0,50.0,78.0,75.0,0.55521,0.0,66.0,0.0,18.0,0.2038,"네, 말했어요.","네, 그랬어요.",사진 장면 확인 및 한국어 번역투·ASR 오역 교정,39.82,T3,화자·문맥·자연스러움 집중 검토,formality_shift,60.67415730337079,48.58,P3,말투·질문응답·가독성 위주 검토
ADN-746,사진 대조 1차 교정본,76,"00:07:55,660 --> 00:07:58,240",2.58,에? 매장 새로 오픈하세요?,"이거, 시간 되면 보러 와요.","자그맣게 하나 열어. 가오픈하는 거라
지인들만 초대하는 거야.",존댓말형,,0.04,,,25.0,90.0,50.0,78.0,75.0,0.55497,0.0,66.0,0.0,18.0,0.2262,남자 좋아하세요?,그래도 싫지는 않았죠?,타임스탬프 사진과 앞뒤 장면으로 대사 기능 복원,39.81,T3,화자·문맥·자연스러움 집중 검토,formality_shift,60.39325842696629,48.45,P3,말투·질문응답·가독성 위주 검토
ADN-746,사진 대조 1차 교정본,221,"00:47:00,680 --> 00:47:22,440",21.76,아… 젖어가…,"자, 해봐.",기분 좋아.,반응형,,0.02,,,25.0,90.0,50.0,78.0,79.0,0.58321,0.0,66.0,0.0,0.0,0.2906,"싫어, 아… 아… 아…",싫어… 아… 아…,일본어 원문 대조 + 자연스러운 한국어 대사 교정,39.79,T3,화자·문맥·자연스러움 집중 검토,,60.1123595505618,48.33,P3,말투·질문응답·가독성 위주 검토
ADN-746,사진 대조 1차 교정본,317,"01:35:17,980 --> 01:35:19,400",1.42,기분 좋아…,아… 하아…,하아…,반응형,,0.02,,,25.0,90.0,50.0,78.0,75.0,0.52826,13.28,66.0,0.0,0.0,0.7607,아- 기분 좋아…,아… 기분 좋아…,,39.64,T3,화자·문맥·자연스러움 집중 검토,,59.8314606741573,48.12,P3,말투·질문응답·가독성 위주 검토
ADN-746,사진 대조 1차 교정본,119,"00:12:27,230 --> 00:12:31,990",4.76,"아, 한 일주일쯤 전인 것 같아요.",여자친구… 여자친구 말씀이세요?,일주일 전?,중립·혼합형,,0.03,,,25.0,90.0,50.0,78.0,75.0,0.58424,0.0,66.0,0.0,0.0,0.3949,기쁠 것 같아요.,그러면 기쁠 것 같아요.,사진 장면 확인 및 한국어 번역투·ASR 오역 교정,39.6,T3,화자·문맥·자연스러움 집중 검토,,59.55056179775281,47.98,P3,말투·질문응답·가독성 위주 검토
ADN-746,사진 대조 1차 교정본,217,"00:46:11,580 --> 00:46:12,460",0.88,더 격렬하게 안아줘.,나 좋아하는 거 맞지?,문 잠갔어요.,반응형,,0.02,,,25.0,90.0,50.0,78.0,75.0,0.58393,0.0,66.0,0.0,0.0,0.1477,좀 더 편하게 말해 줘.,편하게 말해 줘.,,39.59,T3,화자·문맥·자연스러움 집중 검토,,59.269662921348306,47.86,P3,말투·질문응답·가독성 위주 검토
ADN-746,사진 대조 1차 교정본,51,"00:04:58,960 --> 00:05:06,400",7.44,"그게… 매장에 오실 때마다
항상 멋지시다고 생각했거든요.","키타노 씨는 왜 저한테
밥 먹자고 하신 거예요?",게다가 또 엄청 아름다우시잖아요.,반말형,,0.04,,,25.0,90.0,50.0,78.0,75.0,0.54655,0.0,66.0,0.0,18.0,0.1601,안쪽을 세게 쑤실 때마다 몸이 떨렸다.,깊숙이 찌를 때마다 몸이 떨렸다.,,39.46,T3,화자·문맥·자연스러움 집중 검토,formality_shift,58.98876404494382,47.66,P3,말투·질문응답·가독성 위주 검토
ADN-746,사진 대조 1차 교정본,211,"00:44:18,960 --> 00:44:20,420",1.46,잘 모르겠어요.,"네가 나에 대해 얼마나 강한 마음을
가졌는지가 중요하지 않을까?","좋아한다고 말해도 안 믿어 주시니
어떻게 해야 할지 모르겠어요.",반응형,,0.04,,,25.0,90.0,50.0,78.0,75.0,0.57421,0.0,66.0,0.0,0.0,0.346,어디가 좋은지 모르겠어?,어디가 좋은지 아직 모르겠어?,일본어 원문 대조 + 자연스러운 한국어 대사 교정,39.18,T3,화자·문맥·자연스러움 집중 검토,,58.70786516853933,47.38,P3,말투·질문응답·가독성 위주 검토
ADN-746,사진 대조 1차 교정본,147,"00:17:35,430 --> 00:17:36,750",1.32,문 닫았으니까 괜찮아.,하지만 가게에서 이러는 건 역시 곤란해요.,이래도 돼요? 정말 괜찮은 거예요?,반응형,,0.03,,,25.0,90.0,50.0,78.0,75.0,0.57118,0.0,66.0,0.0,0.0,0.5072,괜찮아.,최고예요.,화면 영문 자막 대조,39.05,T3,화자·문맥·자연스러움 집중 검토,,58.42696629213483,47.19,P3,말투·질문응답·가독성 위주 검토
ADN-746,사진 대조 1차 교정본,250,"01:04:27,100 --> 01:04:30,200",3.1,"기분 좋아… 있지, 더…",진짜…,아래에서 찔러줘…,반응형,,0.0,,,25.0,90.0,50.0,78.0,75.0,0.56841,0.0,66.0,0.0,0.0,0.607,"조금만 더… 아, 기분 좋아…","조금만 더… 아, 좋아…",손상된 일본어 ASR + 타임스탬프 사진 + 앞뒤 문맥 추론,38.93,T3,화자·문맥·자연스러움 집중 검토,,58.14606741573034,47.0,P3,말투·질문응답·가독성 위주 검토
ADN-746,사진 대조 1차 교정본,224,"00:48:32,550 --> 00:48:34,080",1.53,날 더 원해 줘.,기분 좋아.,기분 좋아.,반말형,,0.05,,,25.0,90.0,50.0,78.0,75.0,0.56725,0.0,66.0,0.0,0.0,0.4716,좀 더 해 줘.,보여?,일본어 원문 + 타임스탬프 사진 + 장면 연속성,38.88,T3,화자·문맥·자연스러움 집중 검토,,57.865168539325836,46.85,P3,말투·질문응답·가독성 위주 검토
ADN-746,사진 대조 1차 교정본,90,"00:09:43,230 --> 00:09:44,950",1.72,"사실, 제 여자친구예요.",응.,안녕하세요.,존댓말형,,0.03,,,25.0,90.0,50.0,78.0,75.0,0.56571,0.0,66.0,0.0,0.0,0.1227,배예요.,배 쪽이요.,일본어 원문 대조 + 자연스러운 한국어 대사 교정,38.82,T3,화자·문맥·자연스러움 집중 검토,,57.58426966292135,46.7,P3,말투·질문응답·가독성 위주 검토
ADN-746,사진 대조 1차 교정본,198,"00:42:56,070 --> 00:43:02,330",6.26,"마음을 전해야 한다고 생각하면서도…
참 어려운 말을 하신단 말이지.",아…,진심 어린 사랑을 전한다는 건 대체 뭘까?,반말형,,0.03,,,25.0,90.0,50.0,78.0,75.0,0.56379,0.0,66.0,0.0,0.0,0.2217,"응, 뭔가 꾹 참고 맛없다고 생각하면서도 계속 먹다 보니까,","응, 뭔가 꾹 참고 맛없다고 생각하면서도 계속 먹다 보니까",,38.74,T3,화자·문맥·자연스러움 집중 검토,,57.16292134831461,46.48,P3,말투·질문응답·가독성 위주 검토
ADN-746,사진 대조 1차 교정본,219,"00:46:57,200 --> 00:46:59,680",2.48,조금… 조금 겁나요.,문 잠갔어요.,"자, 해봐.",존댓말형,,0.0,,,25.0,90.0,50.0,78.0,75.0,0.52948,0.0,66.0,0.0,18.0,0.2422,조금 쉬세요.,잠깐만.,,38.74,T3,화자·문맥·자연스러움 집중 검토,formality_shift,57.16292134831461,46.48,P3,말투·질문응답·가독성 위주 검토
ADN-746,사진 대조 1차 교정본,50,"00:04:53,620 --> 00:04:57,300",3.68,"키타노 씨는 왜 저한테
밥 먹자고 하신 거예요?",입으시는 옷도 정말 세련됐고.,"그게… 매장에 오실 때마다
항상 멋지시다고 생각했거든요.",존댓말형,,0.02,,,25.0,90.0,50.0,78.0,75.0,0.52691,0.0,66.0,0.0,18.0,0.2728,그럼 왜 그런 영상을 보낸 거예요?,너무 세…,타임스탬프 사진으로 장면 불일치 확인 후 재복원,38.63,T3,화자·문맥·자연스러움 집중 검토,formality_shift,56.74157303370787,46.24,P3,말투·질문응답·가독성 위주 검토
ADN-746,사진 대조 1차 교정본,24,"00:01:47,020 --> 00:01:47,920",0.9,이걸로 부탁드립니다.,괜찮으세요?,응.,존댓말형,,0.02,,,25.0,90.0,50.0,78.0,75.0,0.47679,19.14,66.0,0.0,0.0,0.8095,잘 부탁드립니다.,좋은 아침입니다.,,38.53,T3,화자·문맥·자연스러움 집중 검토,,56.46067415730337,46.06,P3,말투·질문응답·가독성 위주 검토
ADN-746,사진 대조 1차 교정본,95,"00:09:57,090 --> 00:10:00,410",3.32,"뭔가 멋지다고 해야 하나,
고급스러운 분위기네요.",오늘 같이 오고 싶다고 하길래 데리고 왔어요.,감사합니다.,반말형,,0.01,,,25.0,90.0,50.0,78.0,75.0,0.52325,0.0,66.0,0.0,18.0,0.1728,뭔가 분위기가 달라진 느낌이에요.,분위기가 확 달라졌어요.,사진 장면 확인 및 한국어 번역투·ASR 오역 교정,38.48,T3,화자·문맥·자연스러움 집중 검토,formality_shift,56.03932584269663,45.85,P3,말투·질문응답·가독성 위주 검토
ADN-746,사진 대조 1차 교정본,97,"00:10:04,510 --> 00:10:08,330",3.82,"아직 물건은 별로 없지만
괜찮은 옷들 많으니까 구경하세요.",감사합니다.,감사합니다.,중립·혼합형,,0.01,,,25.0,90.0,50.0,78.0,75.0,0.55768,0.0,66.0,0.0,0.0,0.122,그러니까 아직 안 왔어요.,아직 안 왔네요.,사진 장면 확인 및 한국어 번역투·ASR 오역 교정,38.48,T3,화자·문맥·자연스러움 집중 검토,,56.03932584269663,45.85,P3,말투·질문응답·가독성 위주 검토
ADN-746,사진 대조 1차 교정본,6,"00:00:37,080 --> 00:00:39,840",2.76,이 두 벌도 빌려 가도 될까요?,감사합니다.,"아, 네. 빈티지 옷도 괜찮으신가요?",존댓말형,,0.02,,,25.0,90.0,50.0,78.0,75.0,0.55726,0.0,66.0,0.0,0.0,0.1487,어느 쪽으로 가도 경치가 좋네.,어느 쪽을 봐도 경치가 좋네.,일본어 원문 대조 + 자연스러운 한국어 대사 교정,38.47,T3,화자·문맥·자연스러움 집중 검토,,55.61797752808989,45.67,P3,말투·질문응답·가독성 위주 검토
ADN-746,사진 대조 1차 교정본,15,"00:01:00,440 --> 00:01:03,480",3.04,"아, 괜찮으시면 이것도 가져가세요.",네.,"아, 감사합니다.",반응형,,0.04,,,25.0,90.0,50.0,78.0,75.0,0.55692,0.0,66.0,0.0,0.0,0.6135,"자, 가져가세요.","자, 더 세게.",사진 장면 확인 및 한국어 번역투·ASR 오역 교정,38.45,T3,화자·문맥·자연스러움 집중 검토,,55.19662921348315,45.48,P3,말투·질문응답·가독성 위주 검토
ADN-746,사진 대조 1차 교정본,338,"01:44:48,980 --> 01:44:50,040",1.06,키스하자.,미쳐 버릴 것 같아…,계속 키스해 줘…,중립·혼합형,,0.02,,,25.0,90.0,50.0,78.0,79.0,0.55121,0.0,66.0,0.0,0.0,0.1872,한 번에 하자. 뭔가…,이제 자자. 불도 조금 어둡게 해 줘.,사진 장면 확인 및 한국어 번역투·ASR 오역 교정,38.45,T3,화자·문맥·자연스러움 집중 검토,,55.19662921348315,45.48,P3,말투·질문응답·가독성 위주 검토
ADN-746,사진 대조 1차 교정본,341,"01:47:02,760 --> 01:47:03,660",0.9,기뻐요.,하아… 하아…,이거 넣을게…,중립·혼합형,,0.04,,,25.0,90.0,50.0,78.0,75.0,0.55555,0.0,66.0,0.0,0.0,0.2055,기뻐.,기쁘다.,일본어 원문 대조 + 자연스러운 한국어 대사 교정,38.39,T3,화자·문맥·자연스러움 집중 검토,,54.7752808988764,45.27,P3,말투·질문응답·가독성 위주 검토
ADN-746,사진 대조 1차 교정본,244,"01:00:29,530 --> 01:00:30,850",1.32,또 뜨겁네.,아직 부족해… 누워봐.,나를 더 뜨겁게 만들어줘.,반말형,,0.03,,,25.0,90.0,50.0,78.0,75.0,0.55507,0.0,66.0,0.0,0.0,0.1409,또 만나요.,[불명],,38.37,T3,화자·문맥·자연스러움 집중 검토,,54.49438202247191,45.14,P3,말투·질문응답·가독성 위주 검토
ADN-746,사진 대조 1차 교정본,131,"00:13:16,820 --> 00:13:18,060",1.24,그게 무슨 뜻이냐면…,그럼 뭔데?,"시로미네 씨를 좋아했지만,
일로 엮인 사람과는 연애 안 한다고 하셔서…",중립·혼합형,,0.02,,,25.0,90.0,50.0,78.0,75.0,0.55398,0.0,66.0,0.0,0.0,0.1826,'괜찮다'니 무슨 뜻이야? 정말...,'괜찮다'니 무슨 뜻이야? 정말…,,38.33,T3,화자·문맥·자연스러움 집중 검토,,54.21348314606742,45.0,P3,말투·질문응답·가독성 위주 검토
ADN-746,사진 대조 1차 교정본,171,"00:22:26,760 --> 00:22:30,540",3.78,처음부터 너무 좋아서 갈 것 같아…,아…,부탁해요.,반말형,,0.04,,,25.0,90.0,50.0,78.0,75.0,0.55029,0.0,66.0,0.0,0.0,0.2882,갈 것 같아.,진짜 갈 것 같아.,일본어 원문 대조 + 자연스러운 한국어 대사 교정,38.17,T3,화자·문맥·자연스러움 집중 검토,,53.93258426966292,44.79,P3,말투·질문응답·가독성 위주 검토
ADN-746,사진 대조 1차 교정본,266,"01:12:13,690 --> 01:12:14,670",0.98,최악이야 진짜.,미안해.,네.,반말형,,0.01,,,25.0,90.0,50.0,78.0,75.0,0.54911,0.0,66.0,0.0,0.0,0.2641,진짜...,진짜…,,38.12,T3,화자·문맥·자연스러움 집중 검토,,53.65168539325843,44.64,P3,말투·질문응답·가독성 위주 검토
ADN-746,사진 대조 1차 교정본,318,"01:35:19,440 --> 01:35:19,580",0.14,하아…,기분 좋아…,"괜찮아, 왜 그래?",반응형,,0.04,,,25.0,90.0,50.0,78.0,75.0,0.27745,42.0,66.0,37.14,0.0,1.0,하아…,보여 줘.,일본어 원문 + 타임스탬프 사진 + 장면 연속성,37.99,T3,화자·문맥·자연스러움 집중 검토,high_cps,53.37078651685393,44.45,P3,말투·질문응답·가독성 위주 검토
ADN-746,사진 대조 1차 교정본,20,"00:01:25,860 --> 00:01:28,920",3.06,"아, 진짜 내 스타일이야.","무뚝뚝하긴 해도
스타일도 좋고 참 예쁘단 말이지.",실례합니다.,반응형,,0.04,,,25.0,90.0,50.0,78.0,75.0,0.54559,0.0,66.0,0.0,0.0,0.2526,"아, 큰일이야...","아, 큰일이야…",,37.97,T3,화자·문맥·자연스러움 집중 검토,,52.94943820224719,44.26,P3,말투·질문응답·가독성 위주 검토
ADN-746,사진 대조 1차 교정본,302,"01:24:04,000 --> 01:24:05,120",1.12,기분 좋아.,기분 좋아.,아파.,반응형,,0.0,,,25.0,90.0,50.0,78.0,75.0,0.36548,42.0,66.0,0.0,0.0,1.0,기분 좋아.,"아, 좋아.",화면 영문 자막 대조,37.97,T3,화자·문맥·자연스러움 집중 검토,,52.94943820224719,44.26,P3,말투·질문응답·가독성 위주 검토
ADN-746,사진 대조 1차 교정본,157,"00:20:57,030 --> 00:20:59,930",2.9,정말 안 돼요…,진짜 뭐 하려고요?,남들이 보면 어쩌려고 그래요…,중립·혼합형,,0.03,,,25.0,90.0,50.0,78.0,75.0,0.54531,0.0,66.0,0.0,0.0,0.3313,정말 좋아.,거기 좋아.,타임스탬프 사진과 장면 흐름으로 명백한 오인식 교정,37.96,T3,화자·문맥·자연스러움 집중 검토,,52.3876404494382,44.02,P3,말투·질문응답·가독성 위주 검토
ADN-746,사진 대조 1차 교정본,333,"01:43:59,660 --> 01:44:04,660",5.0,나한테… 나한테 싸줘…,미쳐 버릴 것 같아…,가득…,중립·혼합형,,0.04,,,25.0,90.0,50.0,78.0,75.0,0.54534,0.0,66.0,0.0,0.0,0.3772,나한테 잔뜩 보여줘 봐.,나한테 잔뜩 보여 줘 봐.,,37.96,T3,화자·문맥·자연스러움 집중 검토,,52.3876404494382,44.02,P3,말투·질문응답·가독성 위주 검토
ADN-746,사진 대조 1차 교정본,87,"00:09:27,120 --> 00:09:27,560",0.44,고마워.,"아, 정말 와 줬구나.","아, 개업 축하 선물까지…",중립·혼합형,,0.02,,,25.0,90.0,50.0,78.0,75.0,0.36395,42.0,66.0,0.0,0.0,1.0,고마워.,손으로 잡아 줘.,일본어 원문 + 타임스탬프 사진 + 장면 연속성,37.91,T3,화자·문맥·자연스러움 집중 검토,,51.96629213483146,43.81,P3,말투·질문응답·가독성 위주 검토
ADN-746,사진 대조 1차 교정본,293,"01:14:53,300 --> 01:14:56,640",3.34,절 똑바로 봐 주세요.,이제 한계예요.,"아, 기분 좋아…",존댓말형,,0.0,,,25.0,90.0,50.0,78.0,75.0,0.54329,0.0,66.0,0.0,0.0,0.365,쉬어 주세요.,잠깐 쉬게 해 주세요.,사진 장면 확인 및 한국어 번역투·ASR 오역 교정,37.88,T3,화자·문맥·자연스러움 집중 검토,,51.68539325842697,43.68,P3,말투·질문응답·가독성 위주 검토
ADN-746,사진 대조 1차 교정본,158,"00:21:02,130 --> 00:21:05,730",3.6,남들이 보면 어쩌려고 그래요…,정말 안 돼요…,죄송해요.,반응형,,0.03,,,25.0,90.0,50.0,78.0,75.0,0.54245,0.0,66.0,0.0,0.0,0.1101,누가 보면 흐트러져 버리겠어.,계속 보고 있으면 빠져들 것 같아.,사진 장면 확인 및 한국어 번역투·ASR 오역 교정,37.84,T3,화자·문맥·자연스러움 집중 검토,,51.40449438202247,43.54,P3,말투·질문응답·가독성 위주 검토
ADN-746,사진 대조 1차 교정본,281,"01:14:06,580 --> 01:14:08,360",1.78,진심으로 좋아하는 게 느껴져.,눈빛이 참 좋네.,나 좋아해?,반응형,,0.02,,,25.0,90.0,50.0,78.0,75.0,0.54181,0.0,66.0,0.0,0.0,0.2787,다리 좋아하는 남자.,다리 좋아하는 남자 많잖아.,일본어 원문 대조 + 자연스러운 한국어 대사 교정,37.82,T3,화자·문맥·자연스러움 집중 검토,,51.12359550561798,43.41,P3,말투·질문응답·가독성 위주 검토
ADN-746,사진 대조 1차 교정본,19,"00:01:21,240 --> 00:01:25,860",4.62,"무뚝뚝하긴 해도
스타일도 좋고 참 예쁘단 말이지.",감사합니다.,"아, 진짜 내 스타일이야.",반말형,,0.04,,,25.0,90.0,50.0,78.0,75.0,0.53821,0.0,66.0,0.0,0.0,0.2209,다리 예쁘단 말 듣는 거 싫어?,다리 예쁘다는 말 싫어?,일본어 원문 대조 + 자연스러운 한국어 대사 교정,37.66,T3,화자·문맥·자연스러움 집중 검토,,50.84269662921348,43.2,P3,말투·질문응답·가독성 위주 검토
ADN-746,사진 대조 1차 교정본,329,"01:37:49,340 --> 01:37:51,500",2.16,더 깊이 박아줘.,얼른 와.,기분 좋아.,반응형,,0.04,,,25.0,90.0,50.0,78.0,75.0,0.53617,0.0,66.0,0.0,0.0,0.2247,엄청 깊이 닿았어.,엄청 많이 묻혔네.,,37.58,T3,화자·문맥·자연스러움 집중 검토,,50.56179775280899,43.03,P3,말투·질문응답·가독성 위주 검토
ADN-746,사진 대조 1차 교정본,283,"01:14:16,180 --> 01:14:17,580",1.4,지금은 얼마나 좋은데?,나 좋아해?,"일할 때도, 쉴 때도 온통 시로미네 씨 생각만 날 정도로요.",반말형,,0.02,,,25.0,90.0,50.0,78.0,75.0,0.5348,0.0,66.0,0.0,0.0,0.2544,조심해. 지금은 안 되니까.,조심해. 아직 내려가면 안 돼.,일본어 원문 대조 + 자연스러운 한국어 대사 교정,37.52,T3,화자·문맥·자연스러움 집중 검토,,50.28089887640449,42.88,P3,말투·질문응답·가독성 위주 검토
ADN-746,사진 대조 1차 교정본,75,"00:07:53,420 --> 00:07:55,160",1.74,"이거, 시간 되면 보러 와요.",파고들 틈이 전혀 없네.,에? 매장 새로 오픈하세요?,중립·혼합형,,0.02,,,25.0,90.0,50.0,78.0,75.0,0.53289,0.0,66.0,0.0,0.0,0.3908,"이거, 이거, 이거, 그거, 이거, 그 정도, 그 정도...","이거, 이거, 이거, 그거, 이거, 그 정도, 그 정도…",,37.44,T3,화자·문맥·자연스러움 집중 검토,,50.0,42.72,P3,말투·질문응답·가독성 위주 검토
ADN-746,사진 대조 1차 교정본,238,"00:55:12,620 --> 00:55:14,340",1.72,그럼 훨씬 더 원해봐…,"음, 음…",고마워…,반말형,,0.02,,,25.0,90.0,50.0,78.0,75.0,0.53214,0.0,66.0,0.0,0.0,0.1725,원해?,만져 줬으면 해?,일본어 원문 대조 + 자연스러운 한국어 대사 교정,37.41,T3,화자·문맥·자연스러움 집중 검토,,49.71910112359551,42.58,P3,말투·질문응답·가독성 위주 검토
ADN-746,사진 대조 1차 교정본,195,"00:33:47,600 --> 00:33:49,180",1.58,아… 너무 좋아…,아…,이러다 나 망가져 버리겠어…,반응형,,0.0,,,25.0,90.0,50.0,78.0,75.0,0.52931,0.0,66.0,0.0,0.0,0.4842,아- 기분 좋아…,아… 기분 좋아…,,37.29,T3,화자·문맥·자연스러움 집중 검토,,49.43820224719101,42.39,P3,말투·질문응답·가독성 위주 검토
ADN-746,사진 대조 1차 교정본,99,"00:10:58,870 --> 00:10:59,310",0.44,감사합니다.,감사합니다.,감사합니다.,존댓말형,,0.03,,,25.0,90.0,50.0,78.0,75.0,0.28938,42.0,66.0,0.0,30.0,1.0,감사합니다.,고마워요.,타임스탬프 사진과 앞뒤 장면으로 대사 기능 복원,37.17,T3,화자·문맥·자연스러움 집중 검토,triple_identical_run,49.157303370786515,42.2,P3,말투·질문응답·가독성 위주 검토
ADN-746,사진 대조 1차 교정본,348,"01:48:43,870 --> 01:49:37,710",53.84,"아, 시로미네 씨… 좋아해요.",벌써 몇 번이나 가는 거야.,진짜야? 나랑 사귈래?,반응형,,0.03,,,25.0,90.0,50.0,78.0,75.0,0.52561,0.0,66.0,0.0,0.0,0.4421,"후와 씨, 좋아해요.","후우아 씨, 좋아해요.",출연자 이름 오인식 교정,37.14,T3,화자·문맥·자연스러움 집중 검토,,48.87640449438202,42.07,P3,말투·질문응답·가독성 위주 검토
ADN-746,사진 대조 1차 교정본,96,"00:10:02,770 --> 00:10:03,170",0.4,감사합니다.,"뭔가 멋지다고 해야 하나,
고급스러운 분위기네요.","아직 물건은 별로 없지만
괜찮은 옷들 많으니까 구경하세요.",존댓말형,,0.03,,,25.0,90.0,50.0,78.0,75.0,0.30958,42.0,66.0,0.0,18.0,1.0,감사합니다.,고마워요.,타임스탬프 사진과 앞뒤 장면으로 대사 기능 복원,37.06,T3,화자·문맥·자연스러움 집중 검토,formality_shift,48.59550561797753,41.9,P3,말투·질문응답·가독성 위주 검토
ADN-746,사진 대조 1차 교정본,337,"01:44:18,820 --> 01:44:19,560",0.74,미쳐 버릴 것 같아…,미칠 것 같아…,키스하자.,반응형,,0.02,,,25.0,90.0,50.0,78.0,75.0,0.52355,0.0,66.0,0.0,0.0,0.431,"싸버릴 것 같아, 싸 버릴 것 같아.","싸 버릴 것 같아, 싸 버릴 것 같아.",,37.05,T3,화자·문맥·자연스러움 집중 검토,,48.31460674157304,41.78,P3,말투·질문응답·가독성 위주 검토
ADN-746,사진 대조 1차 교정본,35,"00:03:33,780 --> 00:03:41,380",7.6,"저, 저기… 혹시 다음번에
괜찮으시면 같이 식사라도 어떠세요?","네, 감사합니다. 여기 사인만 부탁드릴게요.
성함만 적어 주시면 됩니다. 다음에 또 뵐게요.","- 죄송해요. 농담이었어요. 신경 쓰지 마세요.
- 좋아요.",존댓말형,,0.02,,,25.0,90.0,50.0,78.0,75.0,0.48842,0.0,66.0,0.0,18.0,0.1659,"아, 괜찮으세요?","아, 괜찮으시군요.",앞뒤 문답 관계 교정,37.01,T3,화자·문맥·자연스러움 집중 검토,formality_shift,48.03370786516854,41.64,P3,말투·질문응답·가독성 위주 검토
ADN-746,사진 대조 1차 교정본,84,"00:08:50,850 --> 00:08:52,090",1.24,미호도 귀여우니까.,"어쩔 수 없지, 뭐.",안녕하세요.,중립·혼합형,,0.05,,,25.0,90.0,50.0,78.0,75.0,0.5198,0.0,66.0,0.0,0.0,0.1252,"자, 더 해줄 테니까.","자, 더 해 줄 테니까.",,36.89,T3,화자·문맥·자연스러움 집중 검토,,47.752808988764045,41.45,P3,말투·질문응답·가독성 위주 검토
ADN-746,사진 대조 1차 교정본,149,"00:17:47,030 --> 00:17:48,810",1.78,또 포기하려는 거야?,이래도 돼요? 정말 괜찮은 거예요?,날 좋아한다면 더 진심으로 들이대 봐.,반말형,,0.03,,,25.0,90.0,50.0,78.0,75.0,0.51875,0.0,66.0,0.0,0.0,0.2569,끼우는 거야?,끼는 거지?,일본어 원문 대조 + 자연스러운 한국어 대사 교정,36.85,T3,화자·문맥·자연스러움 집중 검토,,47.47191011235955,41.31,P3,말투·질문응답·가독성 위주 검토
ADN-746,사진 대조 1차 교정본,140,"00:14:19,390 --> 00:14:20,490",1.1,나 좋아한다며?,"잠깐만요, 가게 안에서는 곤란해요.",네가 날 얼마나 좋아하는지 보여 줘 봐.,반응형,,0.01,,,25.0,90.0,50.0,78.0,75.0,0.51612,0.0,66.0,0.0,0.0,0.0968,찍고 싶어. 나 엉덩이를 좋아해. 정말 좋아.,찍고 싶어. 나 엉덩이를 정말 좋아해.,반복 표현 정리,36.74,T3,화자·문맥·자연스러움 집중 검토,,47.19101123595505,41.13,P3,말투·질문응답·가독성 위주 검토
ADN-746,사진 대조 1차 교정본,193,"00:33:23,260 --> 00:33:25,980",2.72,나 좋아하는 거 맞지?,사랑을 전해 줘.,아…,반응형,,0.04,,,25.0,90.0,50.0,78.0,75.0,0.51569,0.0,66.0,0.0,0.0,0.3789,다리 좋아하는 남자.,다리 좋아하는 남자 많잖아.,일본어 원문 대조 + 자연스러운 한국어 대사 교정,36.72,T3,화자·문맥·자연스러움 집중 검토,,46.91011235955056,41.0,P3,말투·질문응답·가독성 위주 검토
ADN-746,사진 대조 1차 교정본,263,"01:11:55,660 --> 01:11:59,500",3.84,"아무리 생각해도 난 너보다
더 좋아하는 사람이 있어.","나 있지, 내 자신을 속이고 있었어.",하아?,반말형,,0.04,,,25.0,90.0,50.0,78.0,75.0,0.51513,0.0,66.0,0.0,0.0,0.2451,사람이 더 없어졌어.,사람이 완전히 없어졌네.,일본어 원문 대조 + 자연스러운 한국어 대사 교정,36.7,T3,화자·문맥·자연스러움 집중 검토,,46.62921348314607,40.87,P3,말투·질문응답·가독성 위주 검토
ADN-746,사진 대조 1차 교정본,300,"01:20:33,360 --> 01:20:34,400",1.04,기분 좋아.,괜찮지?,기분 좋아.,반응형,,0.04,,,25.0,90.0,50.0,78.0,75.0,0.33252,42.0,66.0,0.0,0.0,1.0,기분 좋아.,"아, 좋아.",화면 영문 자막 대조,36.59,T3,화자·문맥·자연스러움 집중 검토,,46.348314606741575,40.69,P3,말투·질문응답·가독성 위주 검토
ADN-746,사진 대조 1차 교정본,297,"01:20:03,100 --> 01:20:03,680",0.58,기분 좋아…,진짜 나 좋아하는 거야?,진심을 보여 줘.,반응형,,0.0,,,25.0,90.0,50.0,78.0,75.0,0.45278,13.28,66.0,0.0,0.0,0.7607,아- 기분 좋아…,아… 기분 좋아…,,36.47,T3,화자·문맥·자연스러움 집중 검토,,46.06741573033708,40.5,P3,말투·질문응답·가독성 위주 검토
ADN-746,사진 대조 1차 교정본,16,"00:01:05,240 --> 00:01:06,740",1.5,"아, 감사합니다.","아, 괜찮으시면 이것도 가져가세요.",그럼 이만 가 보겠습니다.,반응형,,0.04,,,25.0,90.0,50.0,78.0,75.0,0.35991,34.75,66.0,0.0,0.0,0.9396,감사합니다.,고마워요.,타임스탬프 사진과 앞뒤 장면으로 대사 기능 복원,36.43,T3,화자·문맥·자연스러움 집중 검토,,45.78651685393258,40.36,P3,말투·질문응답·가독성 위주 검토
ADN-746,사진 대조 1차 교정본,44,"00:04:16,020 --> 00:04:17,140",1.12,"아, 네.",나중에 연락 주세요.,그럼 가 볼게요.,반응형,,0.02,,,25.0,90.0,50.0,78.0,75.0,0.47292,0.0,66.0,0.0,18.0,0.633,"아, 아, 아, 아, 아, 아, 아,","아, 아, 아, 아, 아, 아, 아",,36.36,T3,화자·문맥·자연스러움 집중 검토,formality_shift,45.50561797752809,40.2,P3,말투·질문응답·가독성 위주 검토
ADN-746,사진 대조 1차 교정본,18,"00:01:13,500 --> 00:01:13,800",0.3,감사합니다.,그럼 이만 가 보겠습니다.,"무뚝뚝하긴 해도
스타일도 좋고 참 예쁘단 말이지.",존댓말형,,0.0,,,25.0,90.0,50.0,78.0,75.0,0.25531,42.0,66.0,30.0,0.0,1.0,감사합니다.,고마워요.,타임스탬프 사진과 앞뒤 장면으로 대사 기능 복원,36.34,T3,화자·문맥·자연스러움 집중 검토,high_cps,45.2247191011236,40.07,P3,말투·질문응답·가독성 위주 검토
ADN-746,사진 대조 1차 교정본,214,"00:44:31,400 --> 00:44:32,700",1.3,나 좋아한다는 걸.,그러니까 몸으로 증명해 보라고.,날 훨씬 더 갈구해 봐.,반응형,,0.0,,,25.0,90.0,50.0,78.0,75.0,0.50623,0.0,66.0,0.0,0.0,0.1811,취했을 때 아주 잠깐 한 실수라는 걸.,술김에 저지른 잠깐의 실수였다는 것도 알고 있었다.,내레이션 자연화,36.32,T3,화자·문맥·자연스러움 집중 검토,,44.9438202247191,39.94,P4,회귀검사 통과 시 유지
ADN-746,사진 대조 1차 교정본,66,"00:06:18,260 --> 00:06:20,500",2.24,편집숍에 자주 가는 편이에요.,자주 가시는 동네나…,"아, 다이칸야마 같은 곳인가요?",존댓말형,,0.04,,,25.0,90.0,50.0,78.0,75.0,0.46777,0.0,66.0,0.0,18.0,0.2043,"아, 몇 번이고 가는 편이 좋지.","아, 너무 좋아요!",화면 영문 자막 대조,36.15,T3,화자·문맥·자연스러움 집중 검토,formality_shift,44.52247191011236,39.67,P4,회귀검사 통과 시 유지
ADN-746,사진 대조 1차 교정본,265,"01:12:03,600 --> 01:12:05,520",1.92,미안해.,하아?,최악이야 진짜.,반말형,,0.0,,,25.0,90.0,50.0,78.0,75.0,0.41826,19.56,66.0,0.0,0.0,0.813,아... 미안해.,아… 미안해.,,36.15,T3,화자·문맥·자연스러움 집중 검토,,44.52247191011236,39.67,P4,회귀검사 통과 시 유지
ADN-746,사진 대조 1차 교정본,181,"00:23:27,520 --> 00:23:29,300",1.78,엄청 기분 좋아…,아…,있잖아…,반응형,,0.02,,,25.0,90.0,50.0,78.0,75.0,0.49625,0.0,66.0,0.0,0.0,0.6284,아- 기분 좋아…,아… 기분 좋아…,,35.9,T3,화자·문맥·자연스러움 집중 검토,,44.10112359550562,39.34,P4,회귀검사 통과 시 유지
ADN-746,사진 대조 1차 교정본,324,"01:36:48,300 --> 01:36:49,920",1.62,한 번으로 끝나진 않겠지?,거짓말이죠?,한 번 더 해요.,반응형,,0.0,,,25.0,90.0,50.0,78.0,75.0,0.49543,0.0,66.0,0.0,0.0,0.1228,한 번.,일단 내려가 볼게요.,사진 장면 확인 및 한국어 번역투·ASR 오역 교정,35.87,T3,화자·문맥·자연스러움 집중 검토,,43.82022471910113,39.21,P4,회귀검사 통과 시 유지
ADN-746,사진 대조 1차 교정본,325,"01:36:51,980 --> 01:36:52,680",0.7,한 번 더 해요.,한 번으로 끝나진 않겠지?,내가 다시 세워 줄게.,반말형,,0.02,,,25.0,90.0,50.0,78.0,75.0,0.49441,0.0,66.0,0.0,0.0,0.293,한 번 더 나가 봅시다.,한 번 더 해 볼게요.,사진 장면 확인 및 한국어 번역투·ASR 오역 교정,35.83,T3,화자·문맥·자연스러움 집중 검토,,43.53932584269663,39.07,P4,회귀검사 통과 시 유지
ADN-746,사진 대조 1차 교정본,208,"00:43:58,910 --> 00:44:03,910",5.0,"저… 여자친구랑 헤어지면
저랑 사귀어 주실래요?",네…,난 그런 계산적인 건 딱 질색인데.,반말형,,0.01,,,25.0,90.0,50.0,78.0,75.0,0.4925,0.0,66.0,0.0,0.0,0.3635,용기 내어 주실래요?,조금만 더 해 줄래요?,,35.74,T3,화자·문맥·자연스러움 집중 검토,,43.258426966292134,38.9,P4,회귀검사 통과 시 유지
ADN-746,사진 대조 1차 교정본,233,"00:54:14,580 --> 00:54:17,380",2.8,"그래, 그렇게.",나 좋아하는 거 맞지? 더 뜨겁게 세워봐.,내가 탐나지?,중립·혼합형,,0.02,,,25.0,90.0,50.0,78.0,75.0,0.48962,0.0,66.0,0.0,0.0,0.3644,이것도 그렇게...,이것도 그렇게…,,35.62,T3,화자·문맥·자연스러움 집중 검토,,42.97752808988764,38.71,P4,회귀검사 통과 시 유지
ADN-746,사진 대조 1차 교정본,161,"00:21:19,010 --> 00:21:21,510",2.5,"아, 이제 못 참겠어.",죄송해요.,"아, 부끄럽네…",반응형,,0.01,,,25.0,90.0,50.0,78.0,75.0,0.48913,0.0,66.0,0.0,0.0,0.3154,못 울겠어.,목이 막혀요.,사진 장면 확인 및 한국어 번역투·ASR 오역 교정,35.6,T3,화자·문맥·자연스러움 집중 검토,,42.69662921348314,38.58,P4,회귀검사 통과 시 유지
ADN-746,사진 대조 1차 교정본,8,"00:00:44,100 --> 00:00:49,740",5.64,네. 요즘 다시 유행이니까요.,"아, 네. 빈티지 옷도 괜찮으신가요?","아, 그렇겠네.",중립·혼합형,,0.0,,,25.0,90.0,50.0,78.0,75.0,0.48877,0.0,66.0,0.0,0.0,0.1812,여기 오면 항상 즐기는 거니까요.,여기 오면 늘 낚시를 즐기거든요.,대화체 자연화,35.59,T3,화자·문맥·자연스러움 집중 검토,,42.2752808988764,38.4,P4,회귀검사 통과 시 유지
ADN-746,사진 대조 1차 교정본,130,"00:13:10,990 --> 00:13:11,970",0.98,그럼 뭔데?,"아뇨, 그런 게 아니라…",그게 무슨 뜻이냐면…,중립·혼합형,,0.01,,,25.0,90.0,50.0,78.0,75.0,0.48882,0.0,66.0,0.0,0.0,0.2326,"그럼 일단,",그럼 일단,,35.59,T3,화자·문맥·자연스러움 집중 검토,,42.2752808988764,38.4,P4,회귀검사 통과 시 유지
ADN-746,사진 대조 1차 교정본,320,"01:35:33,220 --> 01:35:34,560",1.34,"갈 것 같아, 갈 것 같아…","괜찮아, 왜 그래?",사실 나도 너한테 관심 있었어.,중립·혼합형,,0.02,,,25.0,90.0,50.0,78.0,75.0,0.48722,0.0,66.0,0.0,0.0,0.5935,갈 것 같아.,진짜 갈 것 같아.,일본어 원문 대조 + 자연스러운 한국어 대사 교정,35.52,T3,화자·문맥·자연스러움 집중 검토,,41.853932584269664,38.18,P4,회귀검사 통과 시 유지
ADN-746,사진 대조 1차 교정본,268,"01:12:38,880 --> 01:12:40,700",1.82,맥주 사 왔어.,네.,아…,반응형,,0.02,,,25.0,90.0,50.0,78.0,75.0,0.48669,0.0,66.0,0.0,0.0,0.1968,깊이 들어왔어.,엄청 깊이 들어갔어.,손상된 일본어 ASR + 타임스탬프 사진 + 앞뒤 문맥 추론,35.5,T3,화자·문맥·자연스러움 집중 검토,,41.57303370786517,38.05,P4,회귀검사 통과 시 유지
ADN-746,사진 대조 1차 교정본,288,"01:14:40,520 --> 01:14:41,080",0.56,안 그래요.,방금 헤어진 여자친구처럼.,근거 없잖아.,중립·혼합형,,0.02,,,25.0,90.0,50.0,78.0,75.0,0.4804,0.0,66.0,0.0,0.0,0.1548,안 돼.,"네, 놀랐어요.",타임스탬프 사진과 앞뒤 장면으로 대사 기능 복원,35.24,T3,화자·문맥·자연스러움 집중 검토,,41.29213483146067,37.78,P4,회귀검사 통과 시 유지
ADN-746,사진 대조 1차 교정본,343,"01:47:16,060 --> 01:47:16,960",0.9,기분 좋아.,이거 넣을게…,대단하다.,반응형,,0.04,,,25.0,90.0,50.0,78.0,75.0,0.29942,42.0,66.0,0.0,0.0,1.0,기분 좋아.,"아, 좋아.",화면 영문 자막 대조,35.2,T3,화자·문맥·자연스러움 집중 검토,,41.01123595505618,37.64,P4,회귀검사 통과 시 유지
ADN-746,사진 대조 1차 교정본,203,"00:43:25,010 --> 00:43:26,450",1.44,참 어렵네.,좋아해요.,나 좋아해?,반응형,,0.01,,,25.0,90.0,50.0,78.0,75.0,0.34256,31.71,66.0,0.0,0.0,0.9142,어렵네.,생각보다 어렵네.,손상된 일본어 ASR + 타임스탬프 사진 + 앞뒤 문맥 추론,35.15,T3,화자·문맥·자연스러움 집중 검토,,40.73033707865169,37.49,P4,회귀검사 통과 시 유지
ADN-746,사진 대조 1차 교정본,298,"01:20:03,680 --> 01:20:04,320",0.64,진심을 보여 줘.,기분 좋아…,괜찮지?,중립·혼합형,,0.02,,,25.0,90.0,50.0,78.0,75.0,0.47515,0.0,66.0,0.0,0.0,0.4336,입 안을 보여 줘.,입 안 보여 줘.,일본어 원문 대조 + 자연스러운 한국어 대사 교정,35.02,T3,화자·문맥·자연스러움 집중 검토,,40.44943820224719,37.3,P4,회귀검사 통과 시 유지
ADN-746,사진 대조 1차 교정본,120,"00:12:39,780 --> 00:12:40,950",1.17,일주일 전?,"아, 한 일주일쯤 전인 것 같아요.","너 말이야, 나 좋아한다고 하지 않았어?",중립·혼합형,,0.02,,,25.0,90.0,50.0,78.0,75.0,0.47106,0.0,66.0,0.0,0.0,0.0657,"자, 전 일 때문에 다시 재생해 둘게요.",[불명],,34.84,T4,구조검사 통과 시 유지,,40.168539325842694,37.08,P4,회귀검사 통과 시 유지
ADN-746,사진 대조 1차 교정본,236,"00:55:07,180 --> 00:55:08,400",1.22,진짜 미치도록 원해요.,원해요.,"음, 음…",반말형,,0.02,,,25.0,90.0,50.0,78.0,75.0,0.46693,0.0,66.0,0.0,0.0,0.1732,진짜 엄청 좋아...,진짜 엄청 좋아…,,34.67,T4,구조검사 통과 시 유지,,39.8876404494382,36.86,P4,회귀검사 통과 시 유지
ADN-746,사진 대조 1차 교정본,260,"01:11:42,960 --> 01:11:45,660",2.7,어? 왜?,그래서 말인데… 미안해. 헤어지자.,사귄 지 얼마 되지도 않았잖아.,반응형,,0.04,,,25.0,90.0,50.0,78.0,75.0,0.46648,0.0,66.0,0.0,0.0,0.2789,괜찮으려나? 왜? 잘 닦이고 있나?,괜찮으려나? 왜? 잘 닦이고 있어?,일본어 원문 대조 + 자연스러운 한국어 대사 교정,34.65,T4,구조검사 통과 시 유지,,39.60674157303371,36.73,P4,회귀검사 통과 시 유지
ADN-746,사진 대조 1차 교정본,185,"00:24:52,990 --> 00:24:54,090",1.1,만져도 돼요?,날 좋아하잖아. 더 세게 박아줘.,기분 좋아. 기분 좋아.,중립·혼합형,,0.01,,,25.0,90.0,50.0,78.0,75.0,0.46508,0.0,66.0,0.0,0.0,0.4297,말해도 돼요?,이제 해도 돼요?,타임스탬프 사진과 앞뒤 장면으로 대사 기능 복원,34.59,T4,구조검사 통과 시 유지,,39.18539325842696,36.52,P4,회귀검사 통과 시 유지
ADN-746,사진 대조 1차 교정본,292,"01:14:51,880 --> 01:14:53,300",1.42,이제 한계예요.,하지만 더는 못 참겠어요.,절 똑바로 봐 주세요.,존댓말형,,0.02,,,25.0,90.0,50.0,78.0,75.0,0.46505,0.0,66.0,0.0,0.0,0.2543,"이제, 이제 무리예요.",이제 정말 무리예요.,사진 장면 확인 및 한국어 번역투·ASR 오역 교정,34.59,T4,구조검사 통과 시 유지,,39.18539325842696,36.52,P4,회귀검사 통과 시 유지
ADN-746,사진 대조 1차 교정본,118,"00:12:24,690 --> 00:12:25,990",1.3,여자친구… 여자친구 말씀이세요?,오늘 같이 온 여자친구는 언제 사귄 거야?,"아, 한 일주일쯤 전인 것 같아요.",존댓말형,,0.01,,,25.0,90.0,50.0,78.0,75.0,0.42892,0.0,66.0,0.0,18.0,0.156,남자친구 거랑은...,남자친구 거랑은…,,34.51,T4,구조검사 통과 시 유지,formality_shift,38.764044943820224,36.3,P4,회귀검사 통과 시 유지
ADN-746,사진 대조 1차 교정본,67,"00:06:20,500 --> 00:06:22,900",2.4,"아, 다이칸야마 같은 곳인가요?",편집숍에 자주 가는 편이에요.,네.,반응형,,0.0,,,25.0,90.0,50.0,78.0,75.0,0.46172,0.0,66.0,0.0,0.0,0.1852,"아, 아, 아, 아, 아, 아, 아,","아, 아, 아, 아, 아, 아, 아",,34.45,T4,구조검사 통과 시 유지,,38.48314606741573,36.14,P4,회귀검사 통과 시 유지
ADN-746,사진 대조 1차 교정본,105,"00:11:06,270 --> 00:11:09,890",3.62,"오늘 이따가 일찍 닫을 건데,
혹시 이후에 시간 좀 있니?","아, 맞다.","미호, 너 이따가 일정 있었지?",중립·혼합형,,0.03,,,25.0,90.0,50.0,78.0,75.0,0.46025,0.0,66.0,0.0,0.0,0.1351,결국 일을 못 끝냈고 회사 문 닫을 시간까지 됐어.,"결국 일을 끝내지 못한 채 회사 문을 닫을 시간이 됐고,",내레이션 연결 자연화,34.39,T4,구조검사 통과 시 유지,,38.06179775280899,35.93,P4,회귀검사 통과 시 유지
ADN-746,사진 대조 1차 교정본,331,"01:41:26,290 --> 01:41:28,950",2.66,나를 가득 채워줘…,기분 좋아.,미쳐 버릴 것 같아…,중립·혼합형,,0.01,,,25.0,90.0,50.0,78.0,75.0,0.46013,0.0,66.0,0.0,0.0,0.1693,기분 좋아. 안 돼요. 가득 차서 나와버려요.,기분 좋아. 안 돼요. 가득 차서 나와 버려요.,,34.39,T4,구조검사 통과 시 유지,,38.06179775280899,35.93,P4,회귀검사 통과 시 유지
ADN-746,사진 대조 1차 교정본,347,"01:48:32,460 --> 01:48:33,520",1.06,벌써 몇 번이나 가는 거야.,기분 좋아.,"아, 시로미네 씨… 좋아해요.",반말형,,0.04,,,25.0,90.0,50.0,78.0,75.0,0.4564,0.0,66.0,0.0,0.0,0.4126,이럴 때 가는 거야.,키스할 줄은 몰랐어요.,타임스탬프 사진과 앞뒤 장면으로 대사 기능 복원,34.23,T4,구조검사 통과 시 유지,,37.640449438202246,35.66,P4,회귀검사 통과 시 유지
ADN-746,사진 대조 1차 교정본,23,"00:01:45,180 --> 00:01:46,200",1.02,괜찮으세요?,실례합니다.,이걸로 부탁드립니다.,반응형,,0.02,,,25.0,90.0,50.0,78.0,75.0,0.29773,36.73,66.0,0.0,0.0,0.9561,"아, 괜찮으세요?","아, 괜찮으시군요.",앞뒤 문답 관계 교정,34.18,T4,구조검사 통과 시 유지,,37.359550561797754,35.52,P4,회귀검사 통과 시 유지
ADN-746,사진 대조 1차 교정본,13,"00:00:57,620 --> 00:00:58,520",0.9,"네, 감사합니다.","아, 괜찮으시군요.",네.,중립·혼합형,,0.02,,,25.0,90.0,50.0,78.0,75.0,0.3302,28.89,66.0,0.0,0.0,0.8908,감사합니다.,고마워요.,타임스탬프 사진과 앞뒤 장면으로 대사 기능 복원,34.13,T4,구조검사 통과 시 유지,,37.07865168539326,35.37,P4,회귀검사 통과 시 유지
ADN-746,사진 대조 1차 교정본,101,"00:11:00,230 --> 00:11:01,550",1.32,참 멋진 가게네요.,감사합니다.,감사합니다.,반말형,,0.03,,,25.0,90.0,50.0,78.0,75.0,0.38623,0.0,66.0,0.0,35.0,0.1107,대단하네요.,바다다!,일본어 원문 대조 + 자연스러운 한국어 대사 교정,34.08,T4,구조검사 통과 시 유지,formality_jump,36.79775280898877,35.22,P4,회귀검사 통과 시 유지
ADN-746,사진 대조 1차 교정본,289,"01:14:43,500 --> 01:14:46,440",2.94,근거 없잖아.,안 그래요.,없어요.,반응형,,0.0,,,25.0,90.0,50.0,78.0,75.0,0.45167,0.0,66.0,0.0,0.0,0.5168,말할 리가 없잖아.,들킬 리가 없잖아.,앞뒤 대사 문맥 교정,34.03,T4,구조검사 통과 시 유지,,36.51685393258427,35.07,P4,회귀검사 통과 시 유지
ADN-746,사진 대조 1차 교정본,356,"01:50:29,160 --> 01:50:31,640",2.48,알고 있어. 가자.,가게 운영 자금도 안 대줄 줄 알아.,,반응형,,0.04,,,25.0,90.0,50.0,78.0,75.0,0.45102,0.0,66.0,0.0,0.0,0.3073,뒤에 있어.,뒤쪽도 보여 줘.,일본어 원문 대조 + 자연스러운 한국어 대사 교정,34.0,T4,구조검사 통과 시 유지,,36.235955056179776,34.94,P4,회귀검사 통과 시 유지
ADN-746,사진 대조 1차 교정본,275,"01:13:23,450 --> 01:13:23,990",0.54,여자친구랑요.,헤어졌어요.,이렇게 말하면 뻔뻔해 보일지 모르지만…,중립·혼합형,,0.05,,,25.0,90.0,50.0,78.0,75.0,0.4493,0.0,66.0,0.0,0.0,0.0812,남자친구 거랑은...,남자친구 거랑은…,,33.93,T4,구조검사 통과 시 유지,,35.95505617977528,34.78,P4,회귀검사 통과 시 유지
ADN-746,사진 대조 1차 교정본,144,"00:17:04,010 --> 00:17:07,650",3.64,고작 한 번 차였다고 포기하지 마.,"- 이래도 돼요?
- 나 좋아하잖아. 더 온몸으로 전해 봐, 네 마음을.",미안해요…,반말형,,0.01,띄어쓰기 및 구어체 교정,높음,25.0,90.0,50.0,78.0,75.0,0.78258,33.54,22.0,0.0,0.0,0.9295,고작 한번 차였다고 포기하지 마.,고작 한 번 차였다고 포기하지 마.,띄어쓰기 및 구어체 교정,33.79,T4,구조검사 통과 시 유지,,35.674157303370784,34.58,P4,회귀검사 통과 시 유지
ADN-746,사진 대조 1차 교정본,5,"00:00:28,480 --> 00:00:28,840",0.36,감사합니다.,항상 멋진 옷을 입으시네요?,이 두 벌도 빌려 가도 될까요?,존댓말형,,0.02,,,25.0,90.0,50.0,78.0,75.0,0.20555,42.0,66.0,25.0,0.0,1.0,감사합니다.,고마워요.,타임스탬프 사진과 앞뒤 장면으로 대사 기능 복원,33.75,T4,구조검사 통과 시 유지,borderline_cps,35.1123595505618,34.32,P4,회귀검사 통과 시 유지
ADN-746,사진 대조 1차 교정본,102,"00:11:02,210 --> 00:11:02,650",0.44,감사합니다.,참 멋진 가게네요.,또 올게요.,존댓말형,,0.01,,,25.0,90.0,50.0,78.0,75.0,0.23082,42.0,66.0,0.0,18.0,1.0,감사합니다.,고마워요.,타임스탬프 사진과 앞뒤 장면으로 대사 기능 복원,33.75,T4,구조검사 통과 시 유지,formality_shift,35.1123595505618,34.32,P4,회귀검사 통과 시 유지
ADN-746,사진 대조 1차 교정본,222,"00:47:25,080 --> 00:47:26,480",1.4,기분 좋아.,아… 젖어가…,기분 좋아.,반응형,,0.02,,,25.0,90.0,50.0,78.0,75.0,0.26496,42.0,66.0,0.0,0.0,1.0,기분 좋아.,"아, 좋아.",화면 영문 자막 대조,33.75,T4,구조검사 통과 시 유지,,35.1123595505618,34.32,P4,회귀검사 통과 시 유지
ADN-746,사진 대조 1차 교정본,319,"01:35:25,240 --> 01:35:28,940",3.7,"괜찮아, 왜 그래?",하아…,"갈 것 같아, 갈 것 같아…",반응형,,0.04,,,25.0,90.0,50.0,78.0,75.0,0.44425,0.0,66.0,0.0,0.0,0.5156,"음-, 왜 그래?",음… 왜 그래?,,33.72,T4,구조검사 통과 시 유지,,34.55056179775281,34.07,P4,회귀검사 통과 시 유지
ADN-746,사진 대조 1차 교정본,32,"00:02:54,280 --> 00:02:55,480",1.2,유혹하는 건가?,아까 모습도 진짜 귀여웠지.,고백 같은 건 역시 무리겠지.,중립·혼합형,,0.02,,,25.0,90.0,50.0,78.0,75.0,0.44099,0.0,66.0,0.0,0.0,0.1136,어디로 가?,여기?,일본어 원문 대조 + 자연스러운 한국어 대사 교정,33.58,T4,구조검사 통과 시 유지,,34.26966292134831,33.87,P4,회귀검사 통과 시 유지
ADN-746,사진 대조 1차 교정본,1,"00:00:14,300 --> 00:00:16,300",2.0,이쪽 의상은 안 썼어요.,,"아, 알겠습니다. 감사합니다.",반응형,,0.0,,,25.0,90.0,50.0,78.0,75.0,0.43742,0.0,66.0,0.0,0.0,0.1893,이쪽 보면서 할 수 있어.,이쪽 보면서 해 줘.,일본어 원문 대조 + 자연스러운 한국어 대사 교정,33.43,T4,구조검사 통과 시 유지,,33.848314606741575,33.61,P4,회귀검사 통과 시 유지
ADN-746,사진 대조 1차 교정본,98,"00:10:09,110 --> 00:10:09,510",0.4,감사합니다.,"아직 물건은 별로 없지만
괜찮은 옷들 많으니까 구경하세요.",감사합니다.,존댓말형,,0.01,,,25.0,90.0,50.0,78.0,75.0,0.25732,42.0,66.0,0.0,0.0,1.0,감사합니다.,고마워요.,타임스탬프 사진과 앞뒤 장면으로 대사 기능 복원,33.43,T4,구조검사 통과 시 유지,,33.848314606741575,33.61,P4,회귀검사 통과 시 유지
ADN-746,사진 대조 1차 교정본,115,"00:12:11,330 --> 00:12:12,530",1.2,무슨 일이세요?,안녕하세요.,무슨 도와드릴 일이라도 있나요?,존댓말형,,0.03,,,25.0,90.0,50.0,78.0,75.0,0.43446,0.0,66.0,0.0,0.0,0.211,무슨 얘기였지?,어때?,일본어 원문 + 타임스탬프 사진 + 장면 연속성,33.31,T4,구조검사 통과 시 유지,,33.42696629213483,33.36,P4,회귀검사 통과 시 유지
ADN-746,사진 대조 1차 교정본,28,"00:02:14,800 --> 00:02:15,480",0.68,부탁합니다.,잠깐 들어갈게요.,"아, 진짜 내 스타일이야.",존댓말형,,0.0,,,25.0,90.0,50.0,78.0,75.0,0.3999,0.0,66.0,0.0,18.0,0.2637,감사합니다.,고마워요.,타임스탬프 사진과 앞뒤 장면으로 대사 기능 복원,33.3,T4,구조검사 통과 시 유지,formality_shift,33.146067415730336,33.24,P4,회귀검사 통과 시 유지
ADN-746,사진 대조 1차 교정본,65,"00:06:15,880 --> 00:06:16,820",0.94,자주 가시는 동네나…,평소에는 주로 어디서 쇼핑하세요?,편집숍에 자주 가는 편이에요.,반말형,,0.02,,,25.0,90.0,50.0,78.0,75.0,0.36521,0.0,66.0,0.0,35.0,0.1698,후와 씨는 요리를 자주 해요?,후우아 씨는 요리를 자주 해요?,출연자 이름 오인식 교정,33.2,T4,구조검사 통과 시 유지,formality_jump,32.86516853932584,33.06,P4,회귀검사 통과 시 유지
ADN-746,사진 대조 1차 교정본,230,"00:52:22,680 --> 00:52:25,480",2.8,아… 아…,아…,제발 잠깐만 쉬게 해 주세요!,반응형,,0.02,,,25.0,90.0,50.0,78.0,75.0,0.38827,9.97,66.0,0.0,0.0,0.7331,"싫어, 아… 아… 아…",싫어… 아… 아…,일본어 원문 대조 + 자연스러운 한국어 대사 교정,33.16,T4,구조검사 통과 시 유지,,32.58426966292135,32.92,P4,회귀검사 통과 시 유지
ADN-746,사진 대조 1차 교정본,26,"00:01:49,320 --> 00:01:50,000",0.68,실례합니다.,응.,잠깐 들어갈게요.,존댓말형,,0.02,,,25.0,90.0,50.0,78.0,75.0,0.42871,0.0,66.0,0.0,0.0,0.2714,감사합니다.,고마워요.,타임스탬프 사진과 앞뒤 장면으로 대사 기능 복원,33.07,T4,구조검사 통과 시 유지,,32.162921348314605,32.69,P4,회귀검사 통과 시 유지
ADN-746,사진 대조 1차 교정본,151,"00:18:48,000 --> 00:19:15,160",27.16,"아, 거기… 기분 좋아.",날 좋아한다면 더 진심으로 들이대 봐.,"아, 거기… 기분 좋아.",반응형,,0.0,,,25.0,90.0,50.0,78.0,75.0,0.42883,0.0,66.0,0.0,0.0,0.5996,기분 좋아.,"아, 좋아.",화면 영문 자막 대조,33.07,T4,구조검사 통과 시 유지,,32.162921348314605,32.69,P4,회귀검사 통과 시 유지
ADN-746,사진 대조 1차 교정본,25,"00:01:48,940 --> 00:01:48,980",0.04,응.,이걸로 부탁드립니다.,실례합니다.,반응형,,0.04,,,25.0,90.0,50.0,78.0,75.0,0.2602,0.0,66.0,70.0,0.0,0.5162,"하-, 응.",하아… 응.,,32.99,T4,구조검사 통과 시 유지,high_cps,31.741573033707866,32.47,P4,회귀검사 통과 시 유지
ADN-746,사진 대조 1차 교정본,280,"01:14:04,440 --> 01:14:05,320",0.88,눈빛이 참 좋네.,응.,진심으로 좋아하는 게 느껴져.,반말형,,0.04,,,25.0,90.0,50.0,78.0,75.0,0.42555,0.0,66.0,0.0,0.0,0.5347,좋네.,좋아.,일본어 원문 대조 + 자연스러운 한국어 대사 교정,32.93,T4,구조검사 통과 시 유지,,31.46067415730337,32.31,P4,회귀검사 통과 시 유지
ADN-746,사진 대조 1차 교정본,234,"00:55:02,620 --> 00:55:04,300",1.68,내가 탐나지?,"그래, 그렇게.",원해요.,반말형,,0.02,,,25.0,90.0,50.0,78.0,75.0,0.42429,0.0,66.0,0.0,0.0,0.21,내가 잡아 줄게.,목욕하면서…,일본어 원문 + 타임스탬프 사진 + 장면 연속성,32.88,T4,구조검사 통과 시 유지,,31.179775280898873,32.17,P4,회귀검사 통과 시 유지
ADN-746,사진 대조 1차 교정본,10,"00:00:51,680 --> 00:00:55,240",3.56,"반납은 평소대로 하시면 되는데,
혹시 담아갈 봉투 같은 거 있으세요?","아, 그렇겠네.","아, 괜찮습니다.",존댓말형,,0.02,,,25.0,90.0,50.0,78.0,75.0,0.42362,0.0,66.0,0.0,0.0,0.1637,"아, 괜찮으세요?","아, 괜찮으시군요.",앞뒤 문답 관계 교정,32.85,T4,구조검사 통과 시 유지,,30.89887640449438,32.03,P4,회귀검사 통과 시 유지
ADN-746,사진 대조 1차 교정본,73,"00:07:22,720 --> 00:07:23,740",1.02,그러니까… 좋아해요.,"전 예전부터 시로미네 씨가 계속 신경 쓰였고,
매장에 오시는 날만 엄청 손꼽아 기다렸어요.",파고들 틈이 전혀 없네.,반응형,,0.02,,,25.0,90.0,50.0,78.0,75.0,0.42129,0.0,66.0,0.0,0.0,0.4634,유두를 좋아해요.,젖꼭지를 좋아해요.,,32.75,T4,구조검사 통과 시 유지,,30.61797752808989,31.85,P4,회귀검사 통과 시 유지
ADN-746,사진 대조 1차 교정본,295,"01:16:26,840 --> 01:16:27,420",0.58,그렇게 할래.,"아, 기분 좋아…",진짜 나 좋아하는 거야?,중립·혼합형,,0.04,,,25.0,90.0,50.0,78.0,75.0,0.41015,0.0,66.0,0.0,0.0,0.2524,그렇게 하면 안쪽이 꽉 차는 것 같아.,그렇게 하니까 안이 꽉 차네.,손상된 일본어 ASR + 타임스탬프 사진 + 앞뒤 문맥 추론,32.29,T4,구조검사 통과 시 유지,,30.337078651685395,31.47,P4,회귀검사 통과 시 유지
ADN-746,사진 대조 1차 교정본,328,"01:37:43,160 --> 01:37:44,580",1.42,얼른 와.,뒤돌아봐.,더 깊이 박아줘.,중립·혼합형,,0.04,,,25.0,90.0,50.0,78.0,75.0,0.40984,0.0,66.0,0.0,0.0,0.2657,"후후후, 어서 와.","후후후, 차가워!",손상된 일본어 ASR + 타임스탬프 사진 + 앞뒤 문맥 추론,32.27,T4,구조검사 통과 시 유지,,30.0561797752809,31.34,P4,회귀검사 통과 시 유지
ADN-746,사진 대조 1차 교정본,41,"00:04:05,900 --> 00:04:08,880",2.98,"아, 네! 전 괜찮습니다.","이거 반납하고 나면
시간이 좀 비는데, 어떠세요?","그럼 가게는 알아서 골라 주세요.
반납할 게 있어서 먼저 가 볼게요.",반응형,,0.0,,,25.0,90.0,50.0,78.0,75.0,0.40652,0.0,66.0,0.0,0.0,0.5174,이번 저주가 괜찮습니다.,[불명],,32.13,T4,구조검사 통과 시 유지,,29.775280898876407,31.14,P4,회귀검사 통과 시 유지
ADN-746,사진 대조 1차 교정본,39,"00:03:55,990 --> 00:03:57,470",1.48,"아, 어… 그러니까…",언제로 할까요?,"이거 반납하고 나면
시간이 좀 비는데, 어떠세요?",반응형,,0.01,,,25.0,90.0,50.0,78.0,75.0,0.40531,0.0,66.0,0.0,0.0,0.3667,어... 그러니까.,어… 그러니까.,,32.08,T4,구조검사 통과 시 유지,,29.49438202247191,30.99,P4,회귀검사 통과 시 유지
ADN-746,사진 대조 1차 교정본,108,"00:11:15,830 --> 00:11:17,570",1.74,전 괜찮습니다.,응.,그럼 이따가 다시 이 가게로 와 줘.,존댓말형,,0.03,,,25.0,90.0,50.0,78.0,75.0,0.40137,0.0,66.0,0.0,0.0,0.6268,이번 저주가 괜찮습니다.,[불명],,31.92,T4,구조검사 통과 시 유지,,29.213483146067414,30.78,P4,회귀검사 통과 시 유지
ADN-746,사진 대조 1차 교정본,163,"00:21:37,640 --> 00:21:50,240",12.6,"- 부끄러워요, 이렇게 밝은데…
- 하지만 날 좋아하니까 괜찮잖아?","아, 부끄럽네…",가게를 더럽히게 될지도 몰라요.,반말형,,0.04,,,25.0,90.0,72.0,78.0,75.0,0.3994,0.0,66.0,0.0,0.0,0.2225,유두를 좋아하니까.,젖꼭지를 좋아하니까.,,31.83,T4,구조검사 통과 시 유지,,28.932584269662918,30.61,P4,회귀검사 통과 시 유지
ADN-746,사진 대조 1차 교정본,194,"00:33:28,760 --> 00:33:28,780",0.02,아…,나 좋아하는 거 맞지?,아… 너무 좋아…,반응형,,0.04,,,25.0,90.0,50.0,78.0,75.0,0.18331,9.97,66.0,70.0,0.0,0.7331,"싫어, 아… 아… 아…",싫어… 아… 아…,일본어 원문 대조 + 자연스러운 한국어 대사 교정,31.55,T4,구조검사 통과 시 유지,high_cps,28.651685393258425,30.33,P4,회귀검사 통과 시 유지
ADN-746,사진 대조 1차 교정본,152,"00:19:15,340 --> 00:19:57,230",41.89,"아, 거기… 기분 좋아.","아, 거기… 기분 좋아.",이래도 돼요?,반응형,,0.04,,,25.0,90.0,50.0,78.0,75.0,0.39123,0.0,66.0,0.0,0.0,0.5996,기분 좋아.,"아, 좋아.",화면 영문 자막 대조,31.49,T4,구조검사 통과 시 유지,,28.370786516853936,30.18,P4,회귀검사 통과 시 유지
ADN-746,사진 대조 1차 교정본,104,"00:11:05,470 --> 00:11:05,830",0.36,"아, 맞다.",또 올게요.,"오늘 이따가 일찍 닫을 건데,
혹시 이후에 시간 좀 있니?",반응형,,0.03,,,25.0,90.0,50.0,78.0,75.0,0.38995,0.0,66.0,0.0,0.0,0.3849,"아, 아, 아, 아, 아, 아, 아,","아, 아, 아, 아, 아, 아, 아",,31.44,T4,구조검사 통과 시 유지,,28.08988764044944,30.03,P4,회귀검사 통과 시 유지
ADN-746,사진 대조 1차 교정본,204,"00:43:43,710 --> 00:43:45,470",1.76,나 좋아해?,참 어렵네.,좋아해요.,반응형,,0.01,,,25.0,90.0,50.0,78.0,75.0,0.33178,13.35,66.0,0.0,0.0,0.7612,유두 좋아해?,젖꼭지 좋아해?,,31.4,T4,구조검사 통과 시 유지,,27.808988764044944,29.89,P4,회귀검사 통과 시 유지
ADN-746,사진 대조 1차 교정본,344,"01:47:47,700 --> 01:47:48,140",0.44,대단하다.,기분 좋아.,대박… 완전히 가 버렸네. 몇 번이고 더 가게 해 줄게.,중립·혼합형,,0.0,,,25.0,90.0,50.0,78.0,75.0,0.38874,0.0,66.0,0.0,0.0,0.3057,대단하네.,땀이 엄청나네.,손상된 일본어 ASR + 타임스탬프 사진 + 앞뒤 문맥 추론,31.39,T4,구조검사 통과 시 유지,,27.52808988764045,29.77,P4,회귀검사 통과 시 유지
ADN-746,사진 대조 1차 교정본,249,"01:03:35,780 --> 01:03:36,700",0.92,진짜…,아… 너무 기분 좋아…,"기분 좋아… 있지, 더…",중립·혼합형,,0.02,,,25.0,90.0,50.0,78.0,75.0,0.38842,0.0,66.0,0.0,0.0,0.152,진짜...,진짜…,,31.37,T4,구조검사 통과 시 유지,,27.247191011235955,29.64,P4,회귀검사 통과 시 유지
ADN-746,사진 대조 1차 교정본,162,"00:21:34,380 --> 00:21:36,420",2.04,"아, 부끄럽네…","아, 이제 못 참겠어.","- 부끄러워요, 이렇게 밝은데…
- 하지만 날 좋아하니까 괜찮잖아?",반응형,,0.02,,,25.0,90.0,50.0,78.0,75.0,0.38688,0.0,66.0,0.0,0.0,0.2742,"아, 아, 아, 아, 아, 아, 아,","아, 아, 아, 아, 아, 아, 아",,31.31,T4,구조검사 통과 시 유지,,26.96629213483146,29.49,P4,회귀검사 통과 시 유지
ADN-746,사진 대조 1차 교정본,40,"00:04:01,420 --> 00:04:04,920",3.5,"이거 반납하고 나면
시간이 좀 비는데, 어떠세요?","아, 어… 그러니까…","아, 네! 전 괜찮습니다.",존댓말형,,0.02,,,25.0,90.0,50.0,78.0,75.0,0.38321,0.0,66.0,0.0,0.0,0.1568,마지막으로 진심을 나눌 시간이 필요합니다.,마지막으로 마음을 나눌 시간이 필요해요.,,31.15,T4,구조검사 통과 시 유지,,26.685393258426966,29.27,P4,회귀검사 통과 시 유지
ADN-746,사진 대조 1차 교정본,239,"00:55:35,840 --> 00:55:48,460",12.62,고마워…,그럼 훨씬 더 원해봐…,여기서 그냥 싸도 돼요?,중립·혼합형,,0.04,,,25.0,90.0,50.0,78.0,75.0,0.38135,0.0,66.0,0.0,0.0,0.4046,고마워.,손으로 잡아 줘.,일본어 원문 + 타임스탬프 사진 + 장면 연속성,31.08,T4,구조검사 통과 시 유지,,26.40449438202247,29.12,P4,회귀검사 통과 시 유지
ADN-746,사진 대조 1차 교정본,57,"00:05:32,460 --> 00:05:34,420",1.96,"아, 물론 없습니다.",지금 말인가요?,시로미네 씨는요?,반응형,,0.04,,,25.0,90.0,50.0,78.0,75.0,0.34056,0.0,66.0,0.0,18.0,0.562,휴식은 없습니다.,쉴 틈은 없어.,,30.8,T4,구조검사 통과 시 유지,formality_shift,26.12359550561798,28.84,P4,회귀검사 통과 시 유지
ADN-746,사진 대조 1차 교정본,47,"00:04:30,280 --> 00:04:31,640",1.36,말도 안 돼…,"와, 대박이다. 진짜로?",시로미네 씨는 항상 참 멋지세요.,중립·혼합형,,0.02,,,25.0,90.0,50.0,78.0,75.0,0.37314,0.0,66.0,0.0,0.0,0.2857,지금 표정이 어때? 억지로 안 참아도 돼…,지금 표정이 어때? 억지로 참지 않아도 돼.,반복 표현과 어순 교정,30.73,T4,구조검사 통과 시 유지,,25.842696629213485,28.68,P4,회귀검사 통과 시 유지
ADN-746,사진 대조 1차 교정본,327,"01:37:38,860 --> 01:37:39,920",1.06,뒤돌아봐.,내가 다시 세워 줄게.,얼른 와.,반응형,,0.04,,,25.0,90.0,50.0,78.0,75.0,0.3716,0.0,66.0,0.0,0.0,0.1888,"아, 한 번 그걸 해 봐도 되겠네요. 뒤돌아서 하는 자세요.","아, 그 자세도 해 보면 되겠네요. 뒤돌아서 하는 자세예요.",자세 설명의 번역투 제거,30.67,T4,구조검사 통과 시 유지,,25.56179775280899,28.52,P4,회귀검사 통과 시 유지
ADN-746,사진 대조 1차 교정본,336,"01:44:16,440 --> 01:44:18,820",2.38,미칠 것 같아…,으응…,미쳐 버릴 것 같아…,반응형,,0.04,,,25.0,90.0,50.0,78.0,75.0,0.36935,0.0,66.0,0.0,0.0,0.2619,갈 것 같아.,진짜 갈 것 같아.,일본어 원문 대조 + 자연스러운 한국어 대사 교정,30.57,T4,구조검사 통과 시 유지,,25.280898876404496,28.35,P4,회귀검사 통과 시 유지
ADN-746,사진 대조 1차 교정본,349,"01:49:46,440 --> 01:49:48,100",1.66,진짜야? 나랑 사귈래?,"아, 시로미네 씨… 좋아해요.",네.,반말형,,0.04,,,25.0,90.0,50.0,78.0,75.0,0.36728,0.0,66.0,0.0,0.0,0.093,뭐 할래?,"응, 이쪽으로.",일본어 원문 + 타임스탬프 사진 + 장면 연속성,30.49,T4,구조검사 통과 시 유지,,25.0,28.18,P4,회귀검사 통과 시 유지
ADN-746,사진 대조 1차 교정본,103,"00:11:03,730 --> 00:11:04,510",0.78,또 올게요.,감사합니다.,"아, 맞다.",중립·혼합형,,0.03,,,25.0,90.0,50.0,78.0,75.0,0.35872,0.0,66.0,0.0,0.0,0.2407,"그래도 제가 만들게요. 사 오시게요? 네, 다녀올게요. 죄송합니다.","제가 만들게요. 필요한 건 사 오실래요? 네, 다녀올게요. 죄송합니다.",화자 분리 및 대화 흐름 정리,30.13,T4,구조검사 통과 시 유지,,24.719101123595504,27.86,P4,회귀검사 통과 시 유지
ADN-746,사진 대조 1차 교정본,70,"00:06:53,620 --> 00:06:54,060",0.44,고마워요.,"취해서 하는 소리가 아니라, 혹시 괜찮으시다면
제 여자친구가 되어 주실래요?","하지만 난 일로 엮인 사람이랑은
연애하지 않기로 정해 뒀거든요.",중립·혼합형,,0.02,,,25.0,90.0,50.0,78.0,75.0,0.35747,0.0,66.0,0.0,0.0,0.3815,고마워.,손으로 잡아 줘.,일본어 원문 + 타임스탬프 사진 + 장면 연속성,30.07,T4,구조검사 통과 시 유지,,24.43820224719101,27.7,P4,회귀검사 통과 시 유지
ADN-746,사진 대조 1차 교정본,282,"01:14:10,060 --> 01:14:11,160",1.1,나 좋아해?,진심으로 좋아하는 게 느껴져.,지금은 얼마나 좋은데?,반응형,,0.04,,,25.0,90.0,50.0,78.0,75.0,0.29797,13.35,66.0,0.0,0.0,0.7612,유두 좋아해?,젖꼭지 좋아해?,,29.98,T4,구조검사 통과 시 유지,,24.15730337078652,27.53,P4,회귀검사 통과 시 유지
ADN-746,사진 대조 1차 교정본,270,"01:12:45,360 --> 01:12:45,900",0.54,여기요.,아…,낮부터 술 마시는 건 참 기분 좋네.,중립·혼합형,,0.04,,,25.0,90.0,50.0,78.0,75.0,0.35024,0.0,66.0,0.0,0.0,0.3584,"자, 여기요…","자, 여기…",손상된 일본어 ASR + 타임스탬프 사진 + 앞뒤 문맥 추론,29.77,T4,구조검사 통과 시 유지,,23.876404494382022,27.29,P4,회귀검사 통과 시 유지
ADN-746,사진 대조 1차 교정본,38,"00:03:54,370 --> 00:03:55,250",0.88,언제로 할까요?,"에, 진짜요?","아, 어… 그러니까…",존댓말형,,0.03,,,25.0,90.0,50.0,78.0,75.0,0.34838,0.0,66.0,0.0,0.0,0.1578,뭐 할까?,내가 먼저?,일본어 원문 + 타임스탬프 사진 + 장면 연속성,29.69,T4,구조검사 통과 시 유지,,23.595505617977526,27.13,P4,회귀검사 통과 시 유지
ADN-746,사진 대조 1차 교정본,182,"00:23:35,270 --> 00:23:36,630",1.36,있잖아…,엄청 기분 좋아…,나한테 더 많이 좋아한다고 해 줘…,반응형,,0.03,,,25.0,90.0,50.0,78.0,75.0,0.34458,0.75,66.0,0.0,0.0,0.6562,계속 간 채로 있잖아…,계속 느끼고 있잖아…,타임스탬프 사진과 장면 흐름으로 명백한 오인식 교정,29.67,T4,구조검사 통과 시 유지,,23.314606741573034,27.0,P4,회귀검사 통과 시 유지
ADN-746,사진 대조 1차 교정본,123,"00:12:49,810 --> 00:12:50,110",0.3,"아, 아니…",네.,네.,반응형,,0.01,,,25.0,90.0,50.0,78.0,75.0,0.28788,0.0,66.0,25.0,0.0,0.4099,"아, 아, 아, 아, 아, 아, 아,","아, 아, 아, 아, 아, 아, 아",,29.65,T4,구조검사 통과 시 유지,borderline_cps,23.03370786516854,26.87,P4,회귀검사 통과 시 유지
ADN-746,사진 대조 1차 교정본,138,"00:13:57,940 --> 00:13:58,820",0.88,저기요…,왜 그렇게 쉽게 포기해?,"잠깐만요, 가게 안에서는 곤란해요.",중립·혼합형,,0.04,,,25.0,90.0,50.0,78.0,75.0,0.34407,0.0,66.0,0.0,0.0,0.3538,"자, 여기요…","자, 여기…",손상된 일본어 ASR + 타임스탬프 사진 + 앞뒤 문맥 추론,29.51,T4,구조검사 통과 시 유지,,22.752808988764045,26.67,P4,회귀검사 통과 시 유지
ADN-746,사진 대조 1차 교정본,178,"00:23:15,100 --> 00:23:16,580",1.48,기분 좋아…,아…,아…,반응형,,0.0,,,25.0,90.0,50.0,78.0,75.0,0.28537,13.28,66.0,0.0,0.0,0.7607,아- 기분 좋아…,아… 기분 좋아…,,29.44,T4,구조검사 통과 시 유지,,22.47191011235955,26.51,P4,회귀검사 통과 시 유지
ADN-746,사진 대조 1차 교정본,122,"00:12:47,910 --> 00:12:48,290",0.38,네.,"너 말이야, 나 좋아한다고 하지 않았어?","아, 아니…",반말형,,0.01,,,25.0,90.0,50.0,78.0,75.0,0.30729,7.75,66.0,0.0,0.0,0.7146,"네, 네.",네.,불필요한 반복 제거,29.36,T4,구조검사 통과 시 유지,,22.191011235955056,26.35,P4,회귀검사 통과 시 유지
ADN-746,사진 대조 1차 교정본,350,"01:49:51,400 --> 01:49:51,780",0.38,네.,진짜야? 나랑 사귈래?,고마워. 가게 운영 자금으로 요긴하게 쓸게.,반말형,,0.0,,,25.0,90.0,50.0,78.0,75.0,0.30502,7.75,66.0,0.0,0.0,0.7146,"네, 네.",네.,불필요한 반복 제거,29.27,T4,구조검사 통과 시 유지,,21.910112359550563,26.18,P4,회귀검사 통과 시 유지
ADN-746,사진 대조 1차 교정본,85,"00:09:23,920 --> 00:09:24,360",0.44,안녕하세요.,미호도 귀여우니까.,"아, 정말 와 줬구나.",존댓말형,,0.02,,,25.0,90.0,50.0,78.0,75.0,0.33439,0.0,66.0,0.0,0.0,0.52,"아, 안녕하세요. 정말 아름다운 분이 와 주셨네요.","아, 안녕하세요. 정말 아름다운 분이 오셨네요.",첫 만남 대사 자연화,29.1,T4,구조검사 통과 시 유지,,21.629213483146067,25.96,P4,회귀검사 통과 시 유지
ADN-746,사진 대조 1차 교정본,37,"00:03:50,470 --> 00:03:52,790",2.32,"에, 진짜요?","- 죄송해요. 농담이었어요. 신경 쓰지 마세요.
- 좋아요.",언제로 할까요?,중립·혼합형,,0.03,,,25.0,90.0,50.0,78.0,75.0,0.33297,0.0,66.0,0.0,0.0,0.2213,"에, 그만해, 가버려.","에, 그만해, 가 버려.",,29.04,T4,구조검사 통과 시 유지,,21.34831460674157,25.81,P4,회귀검사 통과 시 유지
ADN-746,사진 대조 1차 교정본,34,"00:03:13,700 --> 00:03:31,540",17.84,"네, 감사합니다. 여기 사인만 부탁드릴게요.
성함만 적어 주시면 됩니다. 다음에 또 뵐게요.",고백 같은 건 역시 무리겠지.,"저, 저기… 혹시 다음번에
괜찮으시면 같이 식사라도 어떠세요?",중립·혼합형,,0.0,긴 매장 대사를 실제 한국어 응대로 정리,높음,25.0,90.0,50.0,92.0,75.0,0.76475,0.0,22.0,0.0,0.0,0.6076,"네, 감사합니다. 저기, 여기에 사인만 해 주세요. 네 성함만 적어 주시면 돼요. 감사합니다. 다음에 또 뵙겠습니다.","네, 감사합니다. 여기 사인만 부탁드릴게요. 성함만 적어 주시면 됩니다. 다음에 또 뵐게요.",긴 매장 대사를 실제 한국어 응대로 정리,28.9,T4,구조검사 통과 시 유지,,21.06741573033708,25.61,P4,회귀검사 통과 시 유지
ADN-746,사진 대조 1차 교정본,168,"00:22:13,680 --> 00:22:20,900",7.22,"아파, 아파… 괜찮잖아…",아…,응?,반응형,,0.02,,,25.0,90.0,50.0,78.0,75.0,0.3284,0.0,66.0,0.0,0.0,0.5026,"아파, 아파, 아파...","아파, 아파, 아파…",,28.85,T4,구조검사 통과 시 유지,,20.786516853932586,25.46,P4,회귀검사 통과 시 유지
ADN-746,사진 대조 1차 교정본,145,"00:17:10,610 --> 00:17:11,590",0.98,미안해요…,고작 한 번 차였다고 포기하지 마.,하지만 가게에서 이러는 건 역시 곤란해요.,반말형,,0.01,,,25.0,90.0,50.0,78.0,75.0,0.32697,0.0,66.0,0.0,0.0,0.3219,"하지 마. 미안, 미안해, 미안해.","잠깐만. 미안, 미안해.",일본어 원문 대조 + 자연스러운 한국어 대사 교정,28.79,T4,구조검사 통과 시 유지,,20.50561797752809,25.31,P4,회귀검사 통과 시 유지
ADN-746,사진 대조 1차 교정본,290,"01:14:46,680 --> 01:14:47,120",0.44,없어요.,근거 없잖아.,하지만 더는 못 참겠어요.,반응형,,0.02,,,25.0,90.0,50.0,78.0,75.0,0.31295,3.04,66.0,0.0,0.0,0.6753,아무도 없어요.,아무도 안 보잖아.,타임스탬프 사진과 장면 흐름으로 명백한 오인식 교정,28.75,T4,구조검사 통과 시 유지,,20.224719101123593,25.17,P4,회귀검사 통과 시 유지
ADN-746,사진 대조 1차 교정본,251,"01:04:30,720 --> 01:04:33,100",2.38,아래에서 찔러줘…,"기분 좋아… 있지, 더…","아, 거기…",반응형,,0.02,,,25.0,90.0,50.0,78.0,75.0,0.32392,0.0,66.0,0.0,0.0,0.291,아래에서부터 핥아 주는 거지?,아래쪽부터 핥아 주는 거지?,일본어 원문 대조 + 자연스러운 한국어 대사 교정,28.66,T4,구조검사 통과 시 유지,,19.9438202247191,25.0,P4,회귀검사 통과 시 유지
ADN-746,사진 대조 1차 교정본,299,"01:20:04,320 --> 01:20:04,560",0.24,괜찮지?,진심을 보여 줘.,기분 좋아.,반말형,,0.02,,,25.0,90.0,50.0,78.0,75.0,0.25682,0.0,66.0,25.0,0.0,0.2441,뭐든 괜찮지만… 후와 씨?,뭐든 괜찮지만… 후우아 씨라고 부를까요?,출연자 이름 오인식 교정,28.35,T4,구조검사 통과 시 유지,borderline_cps,19.662921348314608,24.7,P4,회귀검사 통과 시 유지
ADN-746,사진 대조 1차 교정본,175,"00:22:48,190 --> 00:22:49,910",1.72,더…,더 혀를 내밀어봐…,아…,중립·혼합형,,0.01,,,25.0,90.0,50.0,78.0,75.0,0.31626,0.0,66.0,0.0,0.0,0.5127,"조금만 더… 아, 기분 좋아…","조금만 더… 아, 좋아…",손상된 일본어 ASR + 타임스탬프 사진 + 앞뒤 문맥 추론,28.34,T4,구조검사 통과 시 유지,,19.382022471910112,24.58,P4,회귀검사 통과 시 유지
ADN-746,사진 대조 1차 교정본,274,"01:13:21,330 --> 01:13:22,010",0.68,헤어졌어요.,무슨 일 있어? 기운이 하나도 없네.,여자친구랑요.,반응형,,0.03,,,25.0,90.0,50.0,78.0,75.0,0.31563,0.0,66.0,0.0,0.0,0.1305,사람이 더 없어졌어.,사람이 완전히 없어졌네.,일본어 원문 대조 + 자연스러운 한국어 대사 교정,28.32,T4,구조검사 통과 시 유지,,19.101123595505616,24.45,P4,회귀검사 통과 시 유지
ADN-746,사진 대조 1차 교정본,128,"00:13:05,490 --> 00:13:06,470",0.98,가볍다니요…,"그런데 딴 여자랑 사귀다니,
네 '좋아한다'는 감정은 그렇게 가볍구나.","아뇨, 그런 게 아니라…",중립·혼합형,,0.01,,,25.0,90.0,50.0,78.0,75.0,0.31366,0.0,66.0,0.0,0.0,0.0941,잠깐만요…,잠깐만…,일본어 원문 대조 + 자연스러운 한국어 대사 교정,28.23,T4,구조검사 통과 시 유지,,18.820224719101123,24.28,P4,회귀검사 통과 시 유지
ADN-746,사진 대조 1차 교정본,110,"00:11:23,130 --> 00:11:24,110",0.98,알겠습니다.,그럼 이따가 다시 이 가게로 와 줘.,네.,존댓말형,,0.03,,,25.0,90.0,50.0,78.0,75.0,0.2761,0.0,66.0,0.0,18.0,0.5896,정말 바로 시작이네요. 알겠습니다.,정말 바로 시작하네요. 알겠습니다.,한국어 어순 교정,28.1,T4,구조검사 통과 시 유지,formality_shift,18.53932584269663,24.08,P4,회귀검사 통과 시 유지
ADN-746,사진 대조 1차 교정본,58,"00:05:36,500 --> 00:05:37,540",1.04,시로미네 씨는요?,"아, 물론 없습니다.",없어요.,반말형,,0.0,,,25.0,90.0,50.0,78.0,75.0,0.27333,0.0,66.0,0.0,18.0,0.2344,"아니, 시로미네 씨를 좋아했지만 일적인 관계끼리는 연애 안 하신다고 해서…","시로미네 씨를 좋아했지만, 일로 엮인 사람과는 연애 안 한다고 하셔서…",번역투 제거,27.98,T4,구조검사 통과 시 유지,formality_shift,18.258426966292134,23.9,P4,회귀검사 통과 시 유지
ADN-746,사진 대조 1차 교정본,9,"00:00:49,840 --> 00:00:50,860",1.02,"아, 그렇겠네.",네. 요즘 다시 유행이니까요.,"반납은 평소대로 하시면 되는데,
혹시 담아갈 봉투 같은 거 있으세요?",반응형,,0.04,,,25.0,90.0,50.0,78.0,75.0,0.26515,0.0,66.0,0.0,18.0,0.3019,"아, 아, 아, 아, 아, 아, 아,","아, 아, 아, 아, 아, 아, 아",,27.64,T4,구조검사 통과 시 유지,formality_shift,17.97752808988764,23.58,P4,회귀검사 통과 시 유지
ADN-746,사진 대조 1차 교정본,166,"00:22:11,940 --> 00:22:12,580",0.64,응…,그럼 깨끗이 청소해 줘.,아…,반응형,,0.04,,,25.0,90.0,50.0,78.0,75.0,0.29912,0.0,66.0,0.0,0.0,0.3945,응… [안전상 번역 불가]…,응… [불명]…,,27.62,T4,구조검사 통과 시 유지,,17.696629213483146,23.45,P4,회귀검사 통과 시 유지
ADN-746,사진 대조 1차 교정본,154,"00:19:58,930 --> 00:19:59,630",0.7,이리 와.,이래도 돼요?,빨리.,중립·혼합형,,0.03,,,25.0,90.0,50.0,78.0,75.0,0.2966,0.0,66.0,0.0,0.0,0.4395,"음, 오케이. 됐어, 소요. 잠깐 이리 와.","됐어. 후아, 잠깐 이리 와.",사진 장면 확인 및 한국어 번역투·ASR 오역 교정,27.52,T4,구조검사 통과 시 유지,,17.415730337078653,23.28,P4,회귀검사 통과 시 유지
ADN-746,사진 대조 1차 교정본,303,"01:24:25,850 --> 01:24:27,310",1.46,아파.,기분 좋아.,"아, 너무 기분 좋아…",반응형,,0.05,,,25.0,90.0,50.0,78.0,75.0,0.2295,15.24,66.0,0.0,0.0,0.777,배가 아파.,안쪽이 아파.,,27.44,T4,구조검사 통과 시 유지,,17.134831460674157,23.11,P4,회귀검사 통과 시 유지
ADN-746,사진 대조 1차 교정본,114,"00:11:58,310 --> 00:11:58,950",0.64,안녕하세요.,감사했습니다.,무슨 일이세요?,존댓말형,,0.01,,,25.0,90.0,50.0,78.0,75.0,0.2926,0.0,66.0,0.0,0.0,0.52,"아, 안녕하세요. 정말 아름다운 분이 와 주셨네요.","아, 안녕하세요. 정말 아름다운 분이 오셨네요.",첫 만남 대사 자연화,27.35,T4,구조검사 통과 시 유지,,16.853932584269664,22.94,P4,회귀검사 통과 시 유지
ADN-746,사진 대조 1차 교정본,322,"01:36:39,500 --> 01:36:40,180",0.68,기뻐요.,사실 나도 너한테 관심 있었어.,거짓말이죠?,중립·혼합형,,0.0,,,25.0,90.0,50.0,78.0,75.0,0.29175,0.0,66.0,0.0,0.0,0.2055,기뻐.,기쁘다.,일본어 원문 대조 + 자연스러운 한국어 대사 교정,27.31,T4,구조검사 통과 시 유지,,16.573033707865168,22.8,P4,회귀검사 통과 시 유지
ADN-746,사진 대조 1차 교정본,252,"01:04:33,100 --> 01:04:41,600",8.5,"아, 거기…",아래에서 찔러줘…,아… 기분 좋아…,반응형,,0.0,,,25.0,90.0,50.0,78.0,75.0,0.28981,0.0,66.0,0.0,0.0,0.4016,"아, 아, 아, 아, 아, 아, 아,","아, 아, 아, 아, 아, 아, 아",,27.23,T4,구조검사 통과 시 유지,,16.292134831460675,22.64,P4,회귀검사 통과 시 유지
ADN-746,사진 대조 1차 교정본,323,"01:36:40,680 --> 01:36:46,120",5.44,거짓말이죠?,기뻐요.,한 번으로 끝나진 않겠지?,중립·혼합형,,0.02,,,25.0,90.0,50.0,78.0,75.0,0.28948,0.0,66.0,0.0,0.0,0.3188,거짓말. 거짓말. 거짓말. 거짓말.,말도 안 돼…,손상된 일본어 ASR + 타임스탬프 사진 + 앞뒤 문맥 추론,27.22,T4,구조검사 통과 시 유지,,16.01123595505618,22.51,P4,회귀검사 통과 시 유지
ADN-746,사진 대조 1차 교정본,267,"01:12:30,040 --> 01:12:31,440",1.4,네.,최악이야 진짜.,맥주 사 왔어.,반말형,,0.04,,,25.0,90.0,50.0,78.0,75.0,0.25556,7.75,66.0,0.0,0.0,0.7146,"네, 네.",네.,불필요한 반복 제거,27.19,T4,구조검사 통과 시 유지,,15.730337078651685,22.38,P4,회귀검사 통과 시 유지
ADN-746,사진 대조 1차 교정본,264,"01:11:59,500 --> 01:12:02,320",2.82,하아?,"아무리 생각해도 난 너보다
더 좋아하는 사람이 있어.",미안해.,반응형,,0.0,,,25.0,90.0,50.0,78.0,75.0,0.28819,0.0,66.0,0.0,0.0,0.216,하아…,보여 줘.,일본어 원문 + 타임스탬프 사진 + 장면 연속성,27.16,T4,구조검사 통과 시 유지,,15.44943820224719,22.24,P4,회귀검사 통과 시 유지
ADN-746,사진 대조 1차 교정본,269,"01:12:43,640 --> 01:12:44,060",0.42,아…,맥주 사 왔어.,여기요.,반응형,,0.04,,,25.0,90.0,50.0,78.0,75.0,0.24303,9.97,66.0,0.0,0.0,0.7331,"싫어, 아… 아… 아…",싫어… 아… 아…,일본어 원문 대조 + 자연스러운 한국어 대사 교정,27.06,T4,구조검사 통과 시 유지,,15.168539325842698,22.07,P4,회귀검사 통과 시 유지
ADN-746,사진 대조 1차 교정본,132,"00:13:19,640 --> 00:13:25,460",5.82,"시로미네 씨를 좋아했지만,
일로 엮인 사람과는 연애 안 한다고 하셔서…",그게 무슨 뜻이냐면…,그래서 다른 여자랑 사귄다는 거야?,반말형,,0.04,번역투 제거,높음,25.0,90.0,50.0,78.0,75.0,0.70208,0.0,22.0,0.0,0.0,0.4255,"아니, 시로미네 씨를 좋아했지만 일적인 관계끼리는 연애 안 하신다고 해서…","시로미네 씨를 좋아했지만, 일로 엮인 사람과는 연애 안 한다고 하셔서…",번역투 제거,27.01,T4,구조검사 통과 시 유지,,14.747191011235955,21.86,P4,회귀검사 통과 시 유지
ADN-746,사진 대조 1차 교정본,253,"01:05:32,980 --> 01:05:34,600",1.62,아… 기분 좋아…,"아, 거기…",아… 기분 좋아…,반응형,,0.02,,,25.0,90.0,50.0,78.0,75.0,0.25411,7.11,66.0,0.0,0.0,0.7092,아- 기분 좋아…,아… 기분 좋아…,,27.01,T4,구조검사 통과 시 유지,,14.747191011235955,21.86,P4,회귀검사 통과 시 유지
ADN-746,사진 대조 1차 교정본,78,"00:08:06,320 --> 00:08:07,360",1.04,다다음 주에 열어.,"자그맣게 하나 열어. 가오픈하는 거라
지인들만 초대하는 거야.",갈게요. 일정 비워 둘게요.,반응형,,0.02,가게 가오픈 장면의 목적어 복원,높음,58.0,96.0,50.0,78.0,42.0,0.70365,10.21,22.0,0.0,0.0,0.7351,다다음 주에 해.,다다음 주에 열어.,가게 가오픈 장면의 목적어 복원,26.95,T4,구조검사 통과 시 유지,,14.325842696629213,21.65,P4,회귀검사 통과 시 유지
ADN-746,사진 대조 1차 교정본,11,"00:00:55,600 --> 00:00:56,540",0.94,"아, 괜찮습니다.","반납은 평소대로 하시면 되는데,
혹시 담아갈 봉투 같은 거 있으세요?","아, 괜찮으시군요.",반응형,,0.0,,,25.0,90.0,50.0,78.0,75.0,0.2827,0.0,66.0,0.0,0.0,0.6396,이번 저주가 괜찮습니다.,[불명],,26.93,T4,구조검사 통과 시 유지,,14.04494382022472,21.52,P4,회귀검사 통과 시 유지
ADN-746,사진 대조 1차 교정본,81,"00:08:26,340 --> 00:08:26,600",0.26,네.,그럼 오늘은 잘 먹었어요.,"완벽하게 차여 버렸네, 나.",반말형,,0.04,,,25.0,90.0,50.0,78.0,75.0,0.24514,7.75,66.0,0.0,0.0,0.7146,"네, 네.",네.,불필요한 반복 제거,26.75,T4,구조검사 통과 시 유지,,13.764044943820226,21.3,P4,회귀검사 통과 시 유지
ADN-746,사진 대조 1차 교정본,113,"00:11:29,310 --> 00:11:29,930",0.62,감사했습니다.,가자.,안녕하세요.,존댓말형,,0.01,,,25.0,90.0,50.0,78.0,75.0,0.27603,0.0,66.0,0.0,0.0,0.2237,감사합니다.,고마워요.,타임스탬프 사진과 앞뒤 장면으로 대사 기능 복원,26.65,T4,구조검사 통과 시 유지,,13.48314606741573,21.12,P4,회귀검사 통과 시 유지
ADN-746,사진 대조 1차 교정본,279,"01:14:03,200 --> 01:14:03,560",0.36,응.,그러니까 이번에야말로 저랑 사귀어 주세요.,눈빛이 참 좋네.,반응형,,0.0,,,25.0,90.0,50.0,78.0,75.0,0.27129,0.0,66.0,0.0,0.0,0.5162,"하-, 응.",하아… 응.,,26.45,T4,구조검사 통과 시 유지,,13.202247191011235,20.89,P4,회귀검사 통과 시 유지
ADN-746,사진 대조 1차 교정본,126,"00:12:54,570 --> 00:12:55,230",0.66,했었어요.,좋아…,"그런데 딴 여자랑 사귀다니,
네 '좋아한다'는 감정은 그렇게 가볍구나.",반응형,,0.03,,,25.0,90.0,50.0,78.0,75.0,0.26853,0.0,66.0,0.0,0.0,0.3147,더 하고 싶었어요.,조금 더 보고 싶었어요.,사진 장면 확인 및 한국어 번역투·ASR 오역 교정,26.34,T4,구조검사 통과 시 유지,,12.921348314606742,20.7,P4,회귀검사 통과 시 유지
ADN-746,사진 대조 1차 교정본,202,"00:43:20,690 --> 00:43:21,610",0.92,좋아해요.,좋아해요.,참 어렵네.,반응형,,0.01,,,25.0,90.0,50.0,78.0,75.0,0.21638,11.07,66.0,0.0,0.0,0.7422,유두를 좋아해요.,젖꼭지를 좋아해요.,,26.14,T4,구조검사 통과 시 유지,,12.640449438202248,20.47,P4,회귀검사 통과 시 유지
ADN-746,사진 대조 1차 교정본,56,"00:05:30,980 --> 00:05:31,680",0.7,지금 말인가요?,키타노 씨는 혹시 여자친구 있으세요?,"아, 물론 없습니다.",중립·혼합형,,0.02,,,25.0,90.0,50.0,78.0,75.0,0.26216,0.0,66.0,0.0,0.0,0.1703,지금 속도가 어느 정도야?,지금 속도가 얼마나 되지?,일본어 원문 대조 + 자연스러운 한국어 대사 교정,26.07,T4,구조검사 통과 시 유지,,12.359550561797752,20.31,P4,회귀검사 통과 시 유지
ADN-746,사진 대조 1차 교정본,59,"00:05:38,960 --> 00:05:39,680",0.72,없어요.,시로미네 씨는요?,시로미네 씨는 은근히 압박감이 있어.,반응형,,0.04,,,25.0,90.0,50.0,78.0,75.0,0.24584,3.04,66.0,0.0,0.0,0.6753,아무도 없어요.,아무도 안 보잖아.,타임스탬프 사진과 장면 흐름으로 명백한 오인식 교정,25.93,T4,구조검사 통과 시 유지,,12.07865168539326,20.11,P4,회귀검사 통과 시 유지
ADN-746,사진 대조 1차 교정본,92,"00:09:47,270 --> 00:09:47,670",0.4,안녕하세요.,안녕하세요.,얼마 전에 사귀기 시작했어요.,존댓말형,,0.03,,,25.0,90.0,50.0,78.0,75.0,0.25742,0.0,66.0,0.0,0.0,0.52,"아, 안녕하세요. 정말 아름다운 분이 와 주셨네요.","아, 안녕하세요. 정말 아름다운 분이 오셨네요.",첫 만남 대사 자연화,25.87,T4,구조검사 통과 시 유지,,11.797752808988763,19.96,P4,회귀검사 통과 시 유지
ADN-746,사진 대조 1차 교정본,22,"00:01:38,070 --> 00:01:38,750",0.68,실례합니다.,실례합니다.,괜찮으세요?,존댓말형,,0.03,,,25.0,90.0,50.0,78.0,75.0,0.25378,0.0,66.0,0.0,0.0,0.2714,감사합니다.,고마워요.,타임스탬프 사진과 앞뒤 장면으로 대사 기능 복원,25.72,T4,구조검사 통과 시 유지,,11.51685393258427,19.75,P4,회귀검사 통과 시 유지
ADN-746,사진 대조 1차 교정본,201,"00:43:16,420 --> 00:43:17,360",0.94,좋아해요.,좋아해요.,좋아해요.,반응형,,0.02,,,25.0,90.0,50.0,78.0,75.0,0.14827,11.07,66.0,0.0,30.0,0.7422,유두를 좋아해요.,젖꼭지를 좋아해요.,,25.68,T4,구조검사 통과 시 유지,triple_identical_run,11.235955056179774,19.61,P4,회귀검사 통과 시 유지
ADN-746,사진 대조 1차 교정본,207,"00:43:56,350 --> 00:43:56,830",0.48,네…,여자친구 생겼다며? 앞뒤가 안 맞지 않아?,"저… 여자친구랑 헤어지면
저랑 사귀어 주실래요?",반말형,,0.05,,,25.0,90.0,50.0,78.0,75.0,0.25226,0.0,66.0,0.0,0.0,0.211,감성 돋네…,진짜 분위기 있겠다.,일본어 원문 대조 + 자연스러운 한국어 대사 교정,25.65,T4,구조검사 통과 시 유지,,10.955056179775282,19.48,P4,회귀검사 통과 시 유지
ADN-746,사진 대조 1차 교정본,205,"00:43:47,830 --> 00:43:48,690",0.86,좋아해요.,나 좋아해?,여자친구 생겼다며? 앞뒤가 안 맞지 않아?,반응형,,0.03,,,25.0,90.0,50.0,78.0,75.0,0.20334,11.07,66.0,0.0,0.0,0.7422,유두를 좋아해요.,젖꼭지를 좋아해요.,,25.59,T4,구조검사 통과 시 유지,,10.674157303370785,19.33,P4,회귀검사 통과 시 유지
ADN-746,사진 대조 1차 교정본,91,"00:09:46,310 --> 00:09:46,710",0.4,안녕하세요.,"사실, 제 여자친구예요.",안녕하세요.,존댓말형,,0.01,,,25.0,90.0,50.0,78.0,75.0,0.24881,0.0,66.0,0.0,0.0,0.52,"아, 안녕하세요. 정말 아름다운 분이 와 주셨네요.","아, 안녕하세요. 정말 아름다운 분이 오셨네요.",첫 만남 대사 자연화,25.51,T4,구조검사 통과 시 유지,,10.393258426966293,19.16,P4,회귀검사 통과 시 유지
ADN-746,사진 대조 1차 교정본,334,"01:44:06,600 --> 01:44:08,040",1.44,가득…,나한테… 나한테 싸줘…,으응…,중립·혼합형,,0.0,,,25.0,90.0,50.0,78.0,75.0,0.23952,0.0,66.0,0.0,0.0,0.1489,피부가 쫀득쫀득…,진짜 쫀득쫀득하네.,일본어 원문 대조 + 자연스러운 한국어 대사 교정,25.12,T4,구조검사 통과 시 유지,,10.112359550561797,18.82,P4,회귀검사 통과 시 유지
ADN-746,사진 대조 1차 교정본,160,"00:21:16,330 --> 00:21:17,330",1.0,죄송해요.,죄송해요.,"아, 이제 못 참겠어.",반말형,,0.03,,,25.0,90.0,50.0,78.0,75.0,0.18871,11.29,66.0,0.0,0.0,0.744,"하앗, 죄송해요.","하앗, 기분 좋아요.",장면·앞뒤 반응 복원,25.02,T4,구조검사 통과 시 유지,,9.831460674157304,18.64,P4,회귀검사 통과 시 유지
ADN-746,사진 대조 1차 교정본,272,"01:13:13,430 --> 01:13:13,850",0.42,네.,낮부터 술 마시는 건 참 기분 좋네.,무슨 일 있어? 기운이 하나도 없네.,반말형,,0.03,,,25.0,90.0,50.0,78.0,75.0,0.20183,7.75,66.0,0.0,0.0,0.7146,"네, 네.",네.,불필요한 반복 제거,24.93,T4,구조검사 통과 시 유지,,9.550561797752808,18.47,P4,회귀검사 통과 시 유지
ADN-746,사진 대조 1차 교정본,235,"00:55:05,300 --> 00:55:06,140",0.84,원해요.,내가 탐나지?,진짜 미치도록 원해요.,반말형,,0.0,,,25.0,90.0,50.0,78.0,75.0,0.23265,0.0,66.0,0.0,0.0,0.2701,원해?,만져 줬으면 해?,일본어 원문 대조 + 자연스러운 한국어 대사 교정,24.83,T4,구조검사 통과 시 유지,,9.269662921348315,18.29,P4,회귀검사 통과 시 유지
ADN-746,사진 대조 1차 교정본,54,"00:05:16,900 --> 00:05:17,340",0.44,네.,그래서 저한테 데이트 신청하신 거예요?,키타노 씨는 혹시 여자친구 있으세요?,반말형,,0.0,,,25.0,90.0,50.0,78.0,75.0,0.13243,7.75,66.0,0.0,35.0,0.7146,"네, 네.",네.,불필요한 반복 제거,24.82,T4,구조검사 통과 시 유지,formality_jump,8.98876404494382,18.17,P4,회귀검사 통과 시 유지
ADN-746,사진 대조 1차 교정본,63,"00:06:05,430 --> 00:06:06,270",0.84,맛있네요.,여기 제가 좋아하는 레스토랑인데 마음에 드시나요?,평소에는 주로 어디서 쇼핑하세요?,반말형,,0.03,,,25.0,90.0,50.0,78.0,75.0,0.19634,0.0,66.0,0.0,18.0,0.3017,저쪽에 엔진이 있네요.,저쪽이 엔진실인가 봐요.,선박 관람 장면 표현 자연화,24.75,T4,구조검사 통과 시 유지,formality_shift,8.707865168539326,18.01,P4,회귀검사 통과 시 유지
ADN-746,사진 대조 1차 교정본,68,"00:06:23,260 --> 00:06:23,700",0.44,네.,"아, 다이칸야마 같은 곳인가요?","취해서 하는 소리가 아니라, 혹시 괜찮으시다면
제 여자친구가 되어 주실래요?",반말형,,0.04,,,25.0,90.0,50.0,78.0,75.0,0.19639,7.75,66.0,0.0,0.0,0.7146,"네, 네.",네.,불필요한 반복 제거,24.7,T4,구조검사 통과 시 유지,,8.426966292134832,17.87,P4,회귀검사 통과 시 유지
ADN-746,사진 대조 1차 교정본,89,"00:09:29,780 --> 00:09:29,960",0.18,응.,"아, 개업 축하 선물까지…","사실, 제 여자친구예요.",반응형,,0.02,,,25.0,90.0,50.0,78.0,75.0,0.2253,0.0,66.0,0.0,0.0,0.5162,"하-, 응.",하아… 응.,,24.52,T4,구조검사 통과 시 유지,,8.146067415730338,17.64,P4,회귀검사 통과 시 유지
ADN-746,사진 대조 1차 교정본,155,"00:20:08,680 --> 00:20:09,560",0.88,빨리.,이리 와.,진짜 뭐 하려고요?,중립·혼합형,,0.02,,,25.0,90.0,50.0,78.0,75.0,0.22461,0.0,66.0,0.0,0.0,0.2434,빨리 핥아 봐.,빨리 핥아 줘.,화자 말투 자연화,24.49,T4,구조검사 통과 시 유지,,7.865168539325842,17.51,P4,회귀검사 통과 시 유지
ADN-746,사진 대조 1차 교정본,172,"00:22:30,540 --> 00:22:31,580",1.04,부탁해요.,처음부터 너무 좋아서 갈 것 같아…,혀 내밀어봐…,반말형,,0.04,,,25.0,90.0,50.0,78.0,75.0,0.22253,0.0,66.0,0.0,0.0,0.3759,부탁해.,그대로 해 줘.,손상된 일본어 ASR + 타임스탬프 사진 + 앞뒤 문맥 추론,24.41,T4,구조검사 통과 시 유지,,7.584269662921349,17.34,P4,회귀검사 통과 시 유지
ADN-746,사진 대조 1차 교정본,180,"00:23:22,600 --> 00:23:24,900",2.3,아…,아…,엄청 기분 좋아…,반응형,,0.0,,,25.0,90.0,50.0,78.0,75.0,0.17306,9.97,66.0,0.0,0.0,0.7331,"싫어, 아… 아… 아…",싫어… 아… 아…,일본어 원문 대조 + 자연스러운 한국어 대사 교정,24.12,T4,구조검사 통과 시 유지,,7.303370786516854,17.06,P4,회귀검사 통과 시 유지
ADN-746,사진 대조 1차 교정본,167,"00:22:12,580 --> 00:22:12,800",0.22,아…,응…,"아파, 아파… 괜찮잖아…",반응형,,0.02,,,25.0,90.0,50.0,78.0,75.0,0.16779,9.97,66.0,0.0,0.0,0.7331,"싫어, 아… 아… 아…",싫어… 아… 아…,일본어 원문 대조 + 자연스러운 한국어 대사 교정,23.9,T4,구조검사 통과 시 유지,,7.02247191011236,16.81,P4,회귀검사 통과 시 유지
ADN-746,사진 대조 1차 교정본,159,"00:21:14,770 --> 00:21:15,730",0.96,죄송해요.,남들이 보면 어쩌려고 그래요…,죄송해요.,반말형,,0.03,,,25.0,90.0,50.0,78.0,75.0,0.16128,11.29,66.0,0.0,0.0,0.744,"하앗, 죄송해요.","하앗, 기분 좋아요.",장면·앞뒤 반응 복원,23.86,T4,구조검사 통과 시 유지,,6.741573033707865,16.67,P4,회귀검사 통과 시 유지
ADN-746,사진 대조 1차 교정본,237,"00:55:08,400 --> 00:55:10,600",2.2,"음, 음…",진짜 미치도록 원해요.,그럼 훨씬 더 원해봐…,중립·혼합형,,0.0,,,25.0,90.0,50.0,78.0,75.0,0.20795,0.0,66.0,0.0,0.0,0.3926,"더 야하게 해 봐. 음, 음, 음... 그렇지!","더 야하게 해 봐. 음, 음, 음… 그렇지!",,23.79,T4,구조검사 통과 시 유지,,6.460674157303371,16.51,P4,회귀검사 통과 시 유지
ADN-746,사진 대조 1차 교정본,176,"00:23:06,990 --> 00:23:08,010",1.02,아…,더…,아…,반응형,,0.01,,,25.0,90.0,50.0,78.0,75.0,0.16324,9.97,66.0,0.0,0.0,0.7331,"싫어, 아… 아… 아…",싫어… 아… 아…,일본어 원문 대조 + 자연스러운 한국어 대사 교정,23.71,T4,구조검사 통과 시 유지,,6.179775280898876,16.35,P4,회귀검사 통과 시 유지
ADN-746,사진 대조 1차 교정본,14,"00:00:59,100 --> 00:00:59,240",0.14,네.,"네, 감사합니다.","아, 괜찮으시면 이것도 가져가세요.",반말형,,0.0,,,25.0,90.0,50.0,78.0,75.0,0.13671,7.75,66.0,0.0,18.0,0.7146,"네, 네.",네.,불필요한 반복 제거,23.64,T4,구조검사 통과 시 유지,formality_shift,5.8988764044943816,16.19,P4,회귀검사 통과 시 유지
ADN-746,사진 대조 1차 교정본,36,"00:03:45,590 --> 00:03:49,770",4.18,"- 죄송해요. 농담이었어요. 신경 쓰지 마세요.
- 좋아요.","저, 저기… 혹시 다음번에
괜찮으시면 같이 식사라도 어떠세요?","에, 진짜요?",반말형,,0.01,화자 분리 및 대화 호흡 교정,높음,25.0,90.0,86.0,78.0,75.0,0.41286,40.72,22.0,0.0,0.0,0.9893,"- 아, 죄송해요. 농담이었어요. 신경 쓰지 마세요. - 좋아요.",- 죄송해요. 농담이었어요. 신경 쓰지 마세요. - 좋아요.,화자 분리 및 대화 호흡 교정,23.54,T4,구조검사 통과 시 유지,,5.617977528089887,16.01,P4,회귀검사 통과 시 유지
ADN-746,사진 대조 1차 교정본,335,"01:44:08,040 --> 01:44:12,040",4.0,으응…,가득…,미칠 것 같아…,반응형,,0.04,,,25.0,90.0,50.0,78.0,75.0,0.20117,0.0,66.0,0.0,0.0,0.2405,으응...,으응…,,23.51,T4,구조검사 통과 시 유지,,5.337078651685393,15.88,P4,회귀검사 통과 시 유지
ADN-746,사진 대조 1차 교정본,111,"00:11:24,450 --> 00:11:24,590",0.14,네.,알겠습니다.,가자.,반말형,,0.05,,,25.0,90.0,50.0,78.0,75.0,0.13128,7.75,66.0,0.0,18.0,0.7146,"네, 네.",네.,불필요한 반복 제거,23.41,T4,구조검사 통과 시 유지,formality_shift,5.056179775280898,15.7,P4,회귀검사 통과 시 유지
ADN-746,사진 대조 1차 교정본,7,"00:00:40,760 --> 00:00:43,580",2.82,"아, 네. 빈티지 옷도 괜찮으신가요?",이 두 벌도 빌려 가도 될까요?,네. 요즘 다시 유행이니까요.,반응형,,0.04,한국어 높임말 자연화,높음,25.0,90.0,50.0,92.0,75.0,0.54245,0.0,22.0,0.0,18.0,0.6038,"아, 네. 빈티지 옷도 괜찮으세요?","아, 네. 빈티지 옷도 괜찮으신가요?",한국어 높임말 자연화,23.21,T4,구조검사 통과 시 유지,formality_shift,4.775280898876404,15.47,P4,회귀검사 통과 시 유지
ADN-746,사진 대조 1차 교정본,112,"00:11:25,670 --> 00:11:25,990",0.32,가자.,네.,감사했습니다.,중립·혼합형,,0.03,,,25.0,90.0,50.0,78.0,75.0,0.19207,0.0,66.0,0.0,0.0,0.2565,가자!,잘 부탁해!,사진 장면 확인 및 한국어 번역투·ASR 오역 교정,23.13,T4,구조검사 통과 시 유지,,4.353932584269663,15.24,P4,회귀검사 통과 시 유지
ADN-746,사진 대조 1차 교정본,153,"00:19:57,230 --> 00:19:57,750",0.52,이래도 돼요?,"아, 거기… 기분 좋아.",이리 와.,중립·혼합형,,0.03,,,25.0,90.0,50.0,78.0,75.0,0.19216,0.0,66.0,0.0,0.0,0.4593,말해도 돼요?,이제 해도 돼요?,타임스탬프 사진과 앞뒤 장면으로 대사 기능 복원,23.13,T4,구조검사 통과 시 유지,,4.353932584269663,15.24,P4,회귀검사 통과 시 유지
ADN-746,사진 대조 1차 교정본,200,"00:43:13,220 --> 00:43:13,840",0.62,좋아해요.,진심 어린 사랑을 전한다는 건 대체 뭘까?,좋아해요.,반응형,,0.02,,,25.0,90.0,50.0,78.0,75.0,0.14436,11.07,66.0,0.0,0.0,0.7422,유두를 좋아해요.,젖꼭지를 좋아해요.,,23.12,T4,구조검사 통과 시 유지,,3.932584269662921,15.06,P4,회귀검사 통과 시 유지
ADN-746,사진 대조 1차 교정본,21,"00:01:36,490 --> 00:01:37,730",1.24,실례합니다.,"아, 진짜 내 스타일이야.",실례합니다.,존댓말형,,0.01,,,25.0,90.0,50.0,78.0,75.0,0.18648,0.0,66.0,0.0,0.0,0.2714,감사합니다.,고마워요.,타임스탬프 사진과 앞뒤 장면으로 대사 기능 복원,22.89,T4,구조검사 통과 시 유지,,3.651685393258427,14.81,P4,회귀검사 통과 시 유지
ADN-746,사진 대조 1차 교정본,177,"00:23:08,010 --> 00:23:08,310",0.3,아…,아…,기분 좋아…,반응형,,0.01,,,25.0,90.0,50.0,78.0,75.0,0.13929,9.97,66.0,0.0,0.0,0.7331,"싫어, 아… 아… 아…",싫어… 아… 아…,일본어 원문 대조 + 자연스러운 한국어 대사 교정,22.71,T4,구조검사 통과 시 유지,,3.3707865168539324,14.59,P4,회귀검사 통과 시 유지
ADN-746,사진 대조 1차 교정본,17,"00:01:11,460 --> 00:01:12,940",1.48,그럼 이만 가 보겠습니다.,"아, 감사합니다.",감사합니다.,존댓말형,,0.04,퇴장 장면에 맞는 표현 교정,높음,58.0,96.0,50.0,78.0,42.0,0.52903,16.57,22.0,0.0,0.0,0.7881,가 보겠습니다.,그럼 가 볼게요.,대화체 자연화,22.49,T4,구조검사 통과 시 유지,,3.089887640449438,14.34,P4,회귀검사 통과 시 유지
ADN-746,사진 대조 1차 교정본,169,"00:22:20,900 --> 00:22:21,520",0.62,응?,"아파, 아파… 괜찮잖아…",아…,반응형,,0.0,,,25.0,90.0,50.0,78.0,75.0,0.17548,0.0,66.0,0.0,0.0,0.4809,응? 잠깐 기다려…,응? 잠깐만…,일본어 원문 대조 + 자연스러운 한국어 대사 교정,22.43,T4,구조검사 통과 시 유지,,2.6685393258426964,14.13,P4,회귀검사 통과 시 유지
ADN-746,사진 대조 1차 교정본,229,"00:52:05,910 --> 00:52:07,310",1.4,아…,아…,아… 아…,반응형,,0.01,,,25.0,90.0,50.0,78.0,75.0,0.13272,9.97,66.0,0.0,0.0,0.7331,"싫어, 아… 아… 아…",싫어… 아… 아…,일본어 원문 대조 + 자연스러운 한국어 대사 교정,22.43,T4,구조검사 통과 시 유지,,2.6685393258426964,14.13,P4,회귀검사 통과 시 유지
ADN-746,사진 대조 1차 교정본,107,"00:11:14,470 --> 00:11:14,730",0.26,응.,"미호, 너 이따가 일정 있었지?",전 괜찮습니다.,반응형,,0.03,,,25.0,90.0,50.0,78.0,75.0,0.16998,0.0,66.0,0.0,0.0,0.5162,"하-, 응.",하아… 응.,,22.2,T4,구조검사 통과 시 유지,,2.247191011235955,13.82,P4,회귀검사 통과 시 유지
ADN-746,사진 대조 1차 교정본,124,"00:12:51,720 --> 00:12:52,050",0.33,네.,"아, 아니…",좋아…,반말형,,0.02,,,25.0,90.0,50.0,78.0,75.0,0.12586,7.75,66.0,0.0,0.0,0.7146,"네, 네.",네.,불필요한 반복 제거,21.74,T4,구조검사 통과 시 유지,,1.9662921348314606,13.44,P4,회귀검사 통과 시 유지
ADN-746,사진 대조 1차 교정본,125,"00:12:53,010 --> 00:12:53,450",0.44,좋아…,네.,했었어요.,반응형,,0.01,,,25.0,90.0,50.0,78.0,75.0,0.15311,0.0,66.0,0.0,0.0,0.6272,아- 기분 좋아…,아… 기분 좋아…,,21.49,T4,구조검사 통과 시 유지,,1.6853932584269662,13.17,P4,회귀검사 통과 시 유지
ADN-746,사진 대조 1차 교정본,179,"00:23:21,240 --> 00:23:22,600",1.36,아…,기분 좋아…,아…,반응형,,0.04,,,25.0,90.0,50.0,78.0,75.0,0.10572,9.97,66.0,0.0,0.0,0.7331,"싫어, 아… 아… 아…",싫어… 아… 아…,일본어 원문 대조 + 자연스러운 한국어 대사 교정,21.3,T4,구조검사 통과 시 유지,,1.4044943820224718,12.94,P4,회귀검사 통과 시 유지
ADN-746,사진 대조 1차 교정본,170,"00:22:24,160 --> 00:22:25,120",0.96,아…,응?,처음부터 너무 좋아서 갈 것 같아…,반응형,,0.04,,,25.0,90.0,50.0,78.0,75.0,0.10012,9.97,66.0,0.0,0.0,0.7331,"싫어, 아… 아… 아…",싫어… 아… 아…,일본어 원문 대조 + 자연스러운 한국어 대사 교정,21.06,T4,구조검사 통과 시 유지,,1.1235955056179776,12.69,P4,회귀검사 통과 시 유지
ADN-746,사진 대조 1차 교정본,45,"00:04:18,020 --> 00:04:18,840",0.82,그럼 가 볼게요.,"아, 네.","와, 대박이다. 진짜로?",중립·혼합형,,0.02,대화체 자연화,높음,25.0,90.0,50.0,92.0,75.0,0.50496,0.0,22.0,0.0,0.0,0.4575,"자, 우선 움직여 볼게요.","자, 우선 먹어 볼게요.",타임스탬프 사진과 앞뒤 장면으로 대사 기능 복원,21.04,T4,구조검사 통과 시 유지,,0.8426966292134831,12.56,P4,회귀검사 통과 시 유지
ADN-746,사진 대조 1차 교정본,228,"00:52:04,130 --> 00:52:04,830",0.7,아…,기분 좋아.,아…,반응형,,0.03,,,25.0,90.0,50.0,78.0,75.0,0.09105,9.97,66.0,0.0,0.0,0.7331,"싫어, 아… 아… 아…",싫어… 아… 아…,일본어 원문 대조 + 자연스러운 한국어 대사 교정,20.68,T4,구조검사 통과 시 유지,,0.5617977528089888,12.23,P4,회귀검사 통과 시 유지
ADN-746,사진 대조 1차 교정본,12,"00:00:56,540 --> 00:00:57,460",0.92,"아, 괜찮으시군요.","아, 괜찮습니다.","네, 감사합니다.",반응형,,0.04,앞뒤 문답 관계 교정,높음,25.0,90.0,50.0,78.0,75.0,0.34764,0.0,22.0,0.0,0.0,0.2494,"아, 아, 아, 아, 아, 아, 아,","아, 아, 아, 아, 아, 아, 아",,16.29,T4,구조검사 통과 시 유지,,0.2808988764044944,9.57,P4,회귀검사 통과 시 유지
