title,stage,block,timecode,duration_seconds,text,prev_text,next_text,style_profile,frame_file,frame_difference_seconds,basis,evidence_confidence,source_meaning_confidence,scene_fit_confidence,speaker_confidence,korean_naturalness,hallucination_risk,model_change_probability,rule_risk,provenance_risk,timing_risk,continuity_risk,error_memory_similarity,nearest_prior_bad_text,nearest_prior_correction,nearest_prior_basis,final_risk,tier,recommended_action,flags,relative_risk_percentile,priority_score,review_band,priority_action
SSIS-908,사진 대조 재번역본,1,"00:00:18,780 --> 00:00:25,000",6.22,"아무도 없는데… 아니, 애초에 이런 게 끝날 리 없잖아…",,수고.,중립·혼합형,,,,,45.0,80.0,50.0,78.0,55.0,0.78477,0.0,38.0,0.0,0.0,0.2842,아무도 없어요.,아무도 안 보잖아.,타임스탬프 사진과 장면 흐름으로 명백한 오인식 교정,42.34,T3,화자·문맥·자연스러움 집중 검토,,85.22167487684729,60.35,P2,앞뒤 5블록·사진·오류 기억을 함께 검토
SSIS-908,사진 대조 재번역본,2,"00:00:39,330 --> 00:00:40,370",1.04,수고.,"아무도 없는데… 아니, 애초에 이런 게 끝날 리 없잖아…",다 끝나 가?,중립·혼합형,,,,,45.0,80.0,50.0,78.0,55.0,0.23768,0.0,38.0,0.0,0.0,0.1661,수고하셨어요.,기분 좋으세요?,성행위 장면과 충돌한 표현 교정,19.36,T4,구조검사 통과 시 유지,,10.591133004926109,15.68,P4,회귀검사 통과 시 유지
SSIS-908,사진 대조 재번역본,3,"00:00:45,910 --> 00:00:46,990",1.08,다 끝나 가?,수고.,"아니, 사장님이 까다로운 지부 변경 건을 맡겨서 아침까지 걸릴 것 같아.",중립·혼합형,,,,,45.0,80.0,50.0,78.0,55.0,0.49713,0.0,38.0,0.0,0.0,0.344,어디로 가?,여기?,일본어 원문 대조 + 자연스러운 한국어 대사 교정,30.26,T4,구조검사 통과 시 유지,,42.857142857142854,35.55,P4,회귀검사 통과 시 유지
SSIS-908,사진 대조 재번역본,4,"00:00:47,910 --> 00:00:53,330",5.42,"아니, 사장님이 까다로운 지부 변경 건을 맡겨서 아침까지 걸릴 것 같아.",다 끝나 가?,괜히 미안하네.,반말형,,,,,45.0,80.0,50.0,78.0,55.0,0.92155,0.0,38.0,0.0,0.0,0.217,갈 것 같아.,진짜 갈 것 같아.,일본어 원문 대조 + 자연스러운 한국어 대사 교정,48.08,T3,화자·문맥·자연스러움 집중 검토,,94.33497536945814,67.51,P2,앞뒤 5블록·사진·오류 기억을 함께 검토
SSIS-908,사진 대조 재번역본,5,"00:00:54,190 --> 00:00:55,270",1.08,괜히 미안하네.,"아니, 사장님이 까다로운 지부 변경 건을 맡겨서 아침까지 걸릴 것 같아.","아니, 딱히 네 탓은 아니니까.",반말형,,,,,45.0,80.0,50.0,78.0,55.0,0.45101,0.0,38.0,0.0,0.0,0.1569,그 아이를 줄 테니까 일해. 중고라 미안하지만.,안 돼… 이대로는…,타임스탬프 사진으로 장면 불일치 확인 후 재복원,28.32,T4,구조검사 통과 시 유지,,37.19211822660098,32.05,P4,회귀검사 통과 시 유지
SSIS-908,사진 대조 재번역본,6,"00:00:56,250 --> 00:00:57,910",1.66,"아니, 딱히 네 탓은 아니니까.",괜히 미안하네.,그래도 이 회사에 소개해 준 건 나잖아.,반응형,,,,,45.0,80.0,50.0,78.0,55.0,0.75873,0.0,38.0,0.0,0.0,0.229,"아니, 뜨거워.",몸이 뜨거워.,손상된 일본어 ASR + 타임스탬프 사진 + 앞뒤 문맥 추론,41.25,T3,화자·문맥·자연스러움 집중 검토,,81.03448275862068,57.96,P3,말투·질문응답·가독성 위주 검토
SSIS-908,사진 대조 재번역본,7,"00:00:58,850 --> 00:01:01,730",2.88,그래도 이 회사에 소개해 준 건 나잖아.,"아니, 딱히 네 탓은 아니니까.","아니, 일이 있다는 것만으로도 감사해야지.",반말형,,,,,45.0,80.0,50.0,78.0,55.0,0.80287,0.0,38.0,0.0,0.0,0.2659,질퍽질퍽 소리가 나잖아.,질척질척 소리 나잖아.,자연스러운 의성 표현으로 교정,43.1,T3,화자·문맥·자연스러움 집중 검토,,88.30049261083744,62.08,P2,앞뒤 5블록·사진·오류 기억을 함께 검토
SSIS-908,사진 대조 재번역본,8,"00:01:01,730 --> 00:01:05,230",3.5,"아니, 일이 있다는 것만으로도 감사해야지.",그래도 이 회사에 소개해 준 건 나잖아.,너는?,반응형,,,,,45.0,80.0,50.0,78.0,55.0,0.81514,0.0,38.0,0.0,0.0,0.1859,자지 핥은 것만으로 이렇게 되었잖아…,자지 좀 핥았다고 이렇게 됐잖아…,,43.62,T3,화자·문맥·자연스러움 집중 검토,,89.90147783251231,63.06,P2,앞뒤 5블록·사진·오류 기억을 함께 검토
SSIS-908,사진 대조 재번역본,9,"00:01:19,990 --> 00:01:20,610",0.62,너는?,"아니, 일이 있다는 것만으로도 감사해야지.",응?,중립·혼합형,,,,,45.0,80.0,50.0,78.0,55.0,0.24488,0.0,38.0,0.0,0.0,0.0469,너도.,너도 보여.,일본어 원문 대조 + 자연스러운 한국어 대사 교정,19.66,T4,구조검사 통과 시 유지,,11.083743842364532,16.06,P4,회귀검사 통과 시 유지
SSIS-908,사진 대조 재번역본,10,"00:01:20,950 --> 00:01:21,110",0.16,응?,너는?,이름으로 불러야지.,반응형,,,,,45.0,80.0,50.0,78.0,55.0,0.15056,0.0,38.0,0.0,0.0,0.4358,응? 잠깐 기다려…,응? 잠깐만…,일본어 원문 대조 + 자연스러운 한국어 대사 교정,15.7,T4,구조검사 통과 시 유지,,4.1871921182266005,10.86,P4,회귀검사 통과 시 유지
SSIS-908,사진 대조 재번역본,11,"00:01:22,230 --> 00:01:23,410",1.18,이름으로 불러야지.,응?,"아니, 카에데 씨는?",반응형,,,,,45.0,80.0,50.0,78.0,55.0,0.36269,0.0,38.0,0.0,0.0,0.0828,"더 부탁한다고 해야지. 자, 자, 하지메 군을 위한 거 아니야?",더 해 달라고 말해야지. 하지메 군을 위해서 하는 거잖아?,사진 장면 확인 및 한국어 번역투·ASR 오역 교정,24.61,T4,구조검사 통과 시 유지,,27.586206896551722,25.86,P4,회귀검사 통과 시 유지
SSIS-908,사진 대조 재번역본,12,"00:01:23,910 --> 00:01:25,630",1.72,"아니, 카에데 씨는?",이름으로 불러야지.,그게 아니라.,반응형,,,,,45.0,80.0,50.0,78.0,55.0,0.5081,0.0,38.0,0.0,0.0,0.3771,카에데 후와 씨라는…,카에데 후우아 씨라는 분입니다.,출연자 이름 오인식 교정,30.72,T4,구조검사 통과 시 유지,,44.827586206896555,36.65,P4,회귀검사 통과 시 유지
SSIS-908,사진 대조 재번역본,13,"00:01:25,930 --> 00:01:26,750",0.82,그게 아니라.,"아니, 카에데 씨는?",후아는? 무슨 일이야? 이렇게 차려입고.,반응형,,,,,45.0,80.0,50.0,78.0,55.0,0.54463,0.0,38.0,0.0,0.0,0.4093,"아니, 그런 뜻이 아니라...","아니, 그런 뜻이 아니라…",,32.25,T4,구조검사 통과 시 유지,,51.231527093596064,40.22,P3,말투·질문응답·가독성 위주 검토
SSIS-908,사진 대조 재번역본,14,"00:01:28,850 --> 00:01:31,230",2.38,후아는? 무슨 일이야? 이렇게 차려입고.,그게 아니라.,사장님 수행하러 거래처 접대 가.,반응형,,,,,45.0,80.0,50.0,78.0,55.0,0.78899,0.0,38.0,0.0,0.0,0.1666,이렇게 해버려.,이렇게 해 버려.,,42.52,T3,화자·문맥·자연스러움 집중 검토,,86.20689655172413,60.87,P2,앞뒤 5블록·사진·오류 기억을 함께 검토
SSIS-908,사진 대조 재번역본,15,"00:01:31,850 --> 00:01:35,010",3.16,사장님 수행하러 거래처 접대 가.,후아는? 무슨 일이야? 이렇게 차려입고.,거기도 힘들어 보이네.,중립·혼합형,,,,,45.0,80.0,50.0,78.0,55.0,0.73536,0.0,38.0,0.0,0.0,0.1012,역시 넌 해고야. 사장님을 때리면 안 되지.,"잠깐, 잠깐만…",타임스탬프 사진으로 장면 불일치 확인 후 재복원,40.26,T3,화자·문맥·자연스러움 집중 검토,,76.84729064039408,55.63,P3,말투·질문응답·가독성 위주 검토
SSIS-908,사진 대조 재번역본,16,"00:01:36,330 --> 00:01:37,610",1.28,거기도 힘들어 보이네.,사장님 수행하러 거래처 접대 가.,그냥 억지웃음 짓는 거지 뭐.,반응형,,,,,45.0,80.0,50.0,78.0,55.0,0.54117,0.0,38.0,0.0,0.0,0.5482,조금 보이네.,조금은 보이는 것 같아.,일본어 원문 대조 + 자연스러운 한국어 대사 교정,32.11,T4,구조검사 통과 시 유지,,50.49261083743842,39.83,P4,회귀검사 통과 시 유지
SSIS-908,사진 대조 재번역본,17,"00:01:38,450 --> 00:01:39,990",1.54,그냥 억지웃음 짓는 거지 뭐.,거기도 힘들어 보이네.,힘들겠다.,반말형,,,,,45.0,80.0,50.0,78.0,55.0,0.65756,0.0,38.0,0.0,0.0,0.1063,잘 거지?,갈 수 있지?,사진 장면 확인 및 한국어 번역투·ASR 오역 교정,37.0,T3,화자·문맥·자연스러움 집중 검토,,67.48768472906403,49.8,P3,말투·질문응답·가독성 위주 검토
SSIS-908,사진 대조 재번역본,18,"00:01:40,650 --> 00:01:41,710",1.06,힘들겠다.,그냥 억지웃음 짓는 거지 뭐.,아무것도 아니야.,중립·혼합형,,,,,45.0,80.0,50.0,78.0,55.0,0.27437,0.0,38.0,0.0,0.0,0.1333,걷기 힘들어.,응.,일본어 원문 + 타임스탬프 사진 + 장면 연속성,20.9,T4,구조검사 통과 시 유지,,14.77832512315271,18.33,P4,회귀검사 통과 시 유지
SSIS-908,사진 대조 재번역본,19,"00:02:14,370 --> 00:02:15,570",1.2,아무것도 아니야.,힘들겠다.,그냥 조금 하는 것뿐이야.,반응형,,,,,45.0,80.0,50.0,78.0,55.0,0.53897,0.0,38.0,0.0,0.0,0.4009,차 안에는 따로 아무것도 없나요?,배 안에는 따로 볼 게 없나요?,'차 안' 사물 오인식 교정,32.02,T4,구조검사 통과 시 유지,,49.75369458128079,39.47,P4,회귀검사 통과 시 유지
SSIS-908,사진 대조 재번역본,20,"00:02:16,470 --> 00:02:17,850",1.38,그냥 조금 하는 것뿐이야.,아무것도 아니야.,그럼 가 볼게. 힘내.,반말형,,,,,45.0,80.0,50.0,78.0,55.0,0.70947,0.0,38.0,0.0,0.0,0.2423,"저기부터. 미안해, 하지메 군 환영회인데. 아냐, 내가 잘 어울리지 못하는 것뿐이야. 넌 옛날부터 말주변이 없었잖아.",아까부터 조용하네. 하지메 군 환영회인데 미안해. 아냐. 내가 사람들하고 잘 못 어울리는 것뿐이야.,사진 장면 확인 및 한국어 번역투·ASR 오역 교정,39.18,T3,화자·문맥·자연스러움 집중 검토,,74.63054187192118,54.07,P3,말투·질문응답·가독성 위주 검토
SSIS-908,사진 대조 재번역본,21,"00:02:28,600 --> 00:02:30,740",2.14,그럼 가 볼게. 힘내.,그냥 조금 하는 것뿐이야.,"응, 고마워.",중립·혼합형,,,,,45.0,80.0,50.0,78.0,55.0,0.74611,0.0,38.0,0.0,0.0,0.2408,그럼 네가 갈 수 있게 내가 노력해볼게.,그럼 네가 갈 수 있게 내가 노력해 볼게.,,40.72,T3,화자·문맥·자연스러움 집중 검토,,78.44827586206897,56.57,P3,말투·질문응답·가독성 위주 검토
SSIS-908,사진 대조 재번역본,22,"00:02:31,400 --> 00:02:32,240",0.84,"응, 고마워.",그럼 가 볼게. 힘내.,왜 그래?,반응형,,,,,45.0,80.0,50.0,78.0,55.0,0.63402,27.25,38.0,0.0,0.0,0.8771,고마워.,손으로 잡아 줘.,일본어 원문 + 타임스탬프 사진 + 장면 연속성,40.91,T3,화자·문맥·자연스러움 집중 검토,,79.55665024630541,57.14,P3,말투·질문응답·가독성 위주 검토
SSIS-908,사진 대조 재번역본,23,"00:03:25,390 --> 00:03:26,050",0.66,왜 그래?,"응, 고마워.",벗어.,중립·혼합형,,,,,45.0,80.0,50.0,78.0,55.0,0.57413,7.61,38.0,0.0,0.0,0.7135,"음-, 왜 그래?",음… 왜 그래?,,34.86,T4,구조검사 통과 시 유지,,60.3448275862069,45.56,P3,말투·질문응답·가독성 위주 검토
SSIS-908,사진 대조 재번역본,24,"00:03:27,030 --> 00:03:27,690",0.66,벗어.,왜 그래?,"전 직장에서는 IT 하청업체에서 개인정보 시스템을 만들었습니다.
일이 너무 힘들어 몸을 망치고 잠시 쉬고 있었습니다.",반응형,,,사진 장면 확인 및 한국어 번역투·ASR 오역 교정,높음,58.0,96.0,50.0,92.0,42.0,0.27393,0.0,22.0,0.0,0.0,0.0852,"이거 할래? 응, 벗기고 싶어.","이것도 해 줄까? 응, 해 줘.",손상된 일본어 ASR + 타임스탬프 사진 + 앞뒤 문맥 추론,12.63,T4,구조검사 통과 시 유지,,2.4630541871921183,8.36,P4,회귀검사 통과 시 유지
SSIS-908,사진 대조 재번역본,25,"00:04:12,590 --> 00:04:49,480",36.89,"전 직장에서는 IT 하청업체에서 개인정보 시스템을 만들었습니다.
일이 너무 힘들어 몸을 망치고 잠시 쉬고 있었습니다.",벗어.,"아, 됐어. 무슨 말인지는 알겠으니까. 이 녀석, 쓸 만해?",존댓말형,,,,,45.0,80.0,50.0,78.0,55.0,0.87071,33.73,38.0,0.0,18.0,0.9311,전 직장에서는 IT 하청업체에서 개인정보를 다루는 시스템을 만들었습니다. 일이 너무 힘들어 몸을 망치고 잠시 쉬고 있었습니다.,전 직장에서는 IT 하청업체에서 개인정보 시스템을 만들었습니다. 일이 너무 힘들어 몸을 망치고 잠시 쉬고 있었습니다.,,53.46,T3,화자·문맥·자연스러움 집중 검토,formality_shift,98.76847290640394,72.49,P1,장면 패킷을 열고 후보 3개를 생성해 반증 검토
SSIS-908,사진 대조 재번역본,26,"00:04:50,340 --> 00:04:55,740",5.4,"아, 됐어. 무슨 말인지는 알겠으니까. 이 녀석, 쓸 만해?","전 직장에서는 IT 하청업체에서 개인정보 시스템을 만들었습니다.
일이 너무 힘들어 몸을 망치고 잠시 쉬고 있었습니다.",정말 성실한 사람이라고 생각합니다.,반말형,,,,,45.0,80.0,50.0,78.0,55.0,0.82005,0.0,38.0,0.0,35.0,0.2233,"저 녀석, 그대로 가버려.",그대로 가 버려.,,46.62,T3,화자·문맥·자연스러움 집중 검토,formality_jump,92.61083743842364,65.94,P2,앞뒤 5블록·사진·오류 기억을 함께 검토
SSIS-908,사진 대조 재번역본,27,"00:04:56,640 --> 00:04:58,420",1.78,정말 성실한 사람이라고 생각합니다.,"아, 됐어. 무슨 말인지는 알겠으니까. 이 녀석, 쓸 만해?",둘은 어떤 사이야?,존댓말형,,,,,45.0,80.0,50.0,78.0,55.0,0.67953,0.0,38.0,0.0,35.0,0.2314,그런 마음이라고 합니다.,그런 마음인 것 같아요.,,40.72,T3,화자·문맥·자연스러움 집중 검토,formality_jump,78.44827586206897,56.57,P3,말투·질문응답·가독성 위주 검토
SSIS-908,사진 대조 재번역본,28,"00:04:59,920 --> 00:05:00,740",0.82,둘은 어떤 사이야?,정말 성실한 사람이라고 생각합니다.,"아, 초등학교 때부터 집이 가까워서요.",반응형,,,,,45.0,80.0,50.0,78.0,55.0,0.4636,0.0,38.0,0.0,18.0,0.2012,어떤 식으로 가고 있는지.,어떻게 가고 있는지.,,30.29,T4,구조검사 통과 시 유지,formality_shift,43.22660098522167,35.72,P4,회귀검사 통과 시 유지
SSIS-908,사진 대조 재번역본,29,"00:05:01,740 --> 00:05:04,600",2.86,"아, 초등학교 때부터 집이 가까워서요.",둘은 어떤 사이야?,소꿉친구예요.,반응형,,,,,45.0,80.0,50.0,78.0,55.0,0.72764,0.0,38.0,0.0,0.0,0.1756,고등학교 2학년 때요.,첫 경험은 고등학교 2학년 때였어요.,사진 장면 확인 및 한국어 번역투·ASR 오역 교정,39.94,T3,화자·문맥·자연스러움 집중 검토,,75.86206896551724,55.03,P3,말투·질문응답·가독성 위주 검토
SSIS-908,사진 대조 재번역본,30,"00:05:05,120 --> 00:05:06,220",1.1,소꿉친구예요.,"아, 초등학교 때부터 집이 가까워서요.",육체관계는 있고?,존댓말형,,,,,45.0,80.0,50.0,78.0,55.0,0.31001,0.0,38.0,0.0,0.0,0.1476,배예요.,배 쪽이요.,일본어 원문 대조 + 자연스러운 한국어 대사 교정,22.4,T4,구조검사 통과 시 유지,,20.689655172413794,21.68,P4,회귀검사 통과 시 유지
SSIS-908,사진 대조 재번역본,31,"00:05:07,240 --> 00:05:08,160",0.92,육체관계는 있고?,소꿉친구예요.,없습니다.,중립·혼합형,,,,,45.0,80.0,50.0,78.0,55.0,0.41546,0.0,38.0,0.0,0.0,0.1195,그 후로 우리 두 사람의 기묘한 관계는 계속되었다.,그 뒤로도 우리 둘의 이상한 관계는 계속됐다.,,26.83,T4,구조검사 통과 시 유지,,32.01970443349754,29.01,P4,회귀검사 통과 시 유지
SSIS-908,사진 대조 재번역본,32,"00:05:08,940 --> 00:05:09,620",0.68,없습니다.,육체관계는 있고?,"됐어. 후아, 잠깐 이리 와.",존댓말형,,,,,45.0,80.0,50.0,78.0,55.0,0.23923,9.72,38.0,0.0,0.0,0.731,휴식은 없습니다.,쉴 틈은 없어.,,21.18,T4,구조검사 통과 시 유지,,16.379310344827587,19.16,P4,회귀검사 통과 시 유지
SSIS-908,사진 대조 재번역본,33,"00:05:11,360 --> 00:05:15,520",4.16,"됐어. 후아, 잠깐 이리 와.",없습니다.,"자, 다들 주목.",반응형,,,사진 장면 확인 및 한국어 번역투·ASR 오역 교정,높음,58.0,96.0,50.0,92.0,42.0,0.60633,0.0,22.0,0.0,0.0,0.4105,"음, 오케이. 됐어, 소요. 잠깐 이리 와.","됐어. 후아, 잠깐 이리 와.",사진 장면 확인 및 한국어 번역투·ASR 오역 교정,22.68,T4,구조검사 통과 시 유지,,21.182266009852217,22.05,P4,회귀검사 통과 시 유지
SSIS-908,사진 대조 재번역본,34,"00:05:24,260 --> 00:05:25,340",1.08,"자, 다들 주목.","됐어. 후아, 잠깐 이리 와.",오늘부터 우리 팀에 새로운 동료가 합류합니다.,중립·혼합형,,,,,45.0,80.0,50.0,78.0,55.0,0.47435,0.0,38.0,0.0,0.0,0.169,"자, 아~.","자, 아…",,29.3,T4,구조검사 통과 시 유지,,39.16256157635468,33.44,P4,회귀검사 통과 시 유지
SSIS-908,사진 대조 재번역본,35,"00:05:26,560 --> 00:05:31,740",5.18,오늘부터 우리 팀에 새로운 동료가 합류합니다.,"자, 다들 주목.","아, 이름이 뭐였지?",존댓말형,,,,,45.0,80.0,50.0,78.0,55.0,0.73188,0.0,38.0,0.0,18.0,0.1362,감사합니다.,고마워요.,타임스탬프 사진과 앞뒤 장면으로 대사 기능 복원,41.56,T3,화자·문맥·자연스러움 집중 검토,formality_shift,82.01970443349754,58.55,P2,앞뒤 5블록·사진·오류 기억을 함께 검토
SSIS-908,사진 대조 재번역본,36,"00:05:31,880 --> 00:05:32,420",0.54,"아, 이름이 뭐였지?",오늘부터 우리 팀에 새로운 동료가 합류합니다.,"아, 호리우치 하지메입니다.",반응형,,,,,45.0,80.0,50.0,78.0,55.0,0.41423,0.0,38.0,25.0,0.0,0.2486,"아, 아, 아, 아, 아, 아, 아,","아, 아, 아, 아, 아, 아, 아",,29.28,T4,구조검사 통과 시 유지,borderline_cps,38.91625615763547,33.33,P4,회귀검사 통과 시 유지
SSIS-908,사진 대조 재번역본,37,"00:05:32,500 --> 00:05:33,800",1.3,"아, 호리우치 하지메입니다.","아, 이름이 뭐였지?","하지메, 호리우치 하지메입니다. 잘 부탁드립니다!",반응형,,,,,45.0,80.0,50.0,78.0,55.0,0.53132,0.0,38.0,0.0,0.0,0.207,"아, 아, 아, 아, 아, 아, 아,","아, 아, 아, 아, 아, 아, 아",,31.7,T4,구조검사 통과 시 유지,,48.275862068965516,38.66,P4,회귀검사 통과 시 유지
SSIS-908,사진 대조 재번역본,38,"00:05:33,840 --> 00:05:35,180",1.34,"하지메, 호리우치 하지메입니다. 잘 부탁드립니다!","아, 호리우치 하지메입니다.",잘 부탁해!,중립·혼합형,,,,,45.0,80.0,50.0,78.0,55.0,0.64937,0.0,38.0,25.0,0.0,0.4623,잘 부탁드립니다.,좋은 아침입니다.,,39.15,T3,화자·문맥·자연스러움 집중 검토,borderline_cps,74.38423645320196,53.95,P3,말투·질문응답·가독성 위주 검토
SSIS-908,사진 대조 재번역본,39,"00:05:35,180 --> 00:05:35,700",0.52,잘 부탁해!,"하지메, 호리우치 하지메입니다. 잘 부탁드립니다!",네!,반말형,,,사진 장면 확인 및 한국어 번역투·ASR 오역 교정,높음,58.0,96.0,50.0,92.0,42.0,0.28667,8.43,22.0,0.0,0.0,0.7203,"하지메 군, 잘 부탁해!","하지메 군, 앞으로 잘 부탁해!",사진 장면 확인 및 한국어 번역투·ASR 오역 교정,14.11,T4,구조검사 통과 시 유지,,3.201970443349754,9.53,P4,회귀검사 통과 시 유지
SSIS-908,사진 대조 재번역본,40,"00:05:36,440 --> 00:05:36,620",0.18,네!,잘 부탁해!,환영해!,반말형,,,사진 장면 확인 및 한국어 번역투·ASR 오역 교정,높음,58.0,96.0,50.0,92.0,42.0,0.19568,0.0,22.0,0.0,0.0,0.6254,네! 어이!,"네, 잘 부탁드립니다!",사진 장면 확인 및 한국어 번역투·ASR 오역 교정,10.27,T4,구조검사 통과 시 유지,,1.7241379310344827,6.68,P4,회귀검사 통과 시 유지
SSIS-908,사진 대조 재번역본,41,"00:05:36,680 --> 00:05:36,900",0.22,환영해!,네!,건배!,반말형,,,사진 장면 확인 및 한국어 번역투·ASR 오역 교정,높음,58.0,96.0,50.0,92.0,42.0,0.16419,0.0,22.0,25.0,0.0,0.1209,"하지메 군, 잘 부탁해!","하지메 군, 앞으로 잘 부탁해!",사진 장면 확인 및 한국어 번역투·ASR 오역 교정,11.11,T4,구조검사 통과 시 유지,borderline_cps,1.9704433497536946,7.27,P4,회귀검사 통과 시 유지
SSIS-908,사진 대조 재번역본,42,"00:05:38,300 --> 00:05:38,780",0.48,건배!,환영해!,건배!,중립·혼합형,,,사진 장면 확인 및 한국어 번역투·ASR 오역 교정,높음,58.0,96.0,50.0,92.0,42.0,0.12171,0.0,22.0,0.0,0.0,0.0566,네! 어이!,"네, 잘 부탁드립니다!",사진 장면 확인 및 한국어 번역투·ASR 오역 교정,8.03,T4,구조검사 통과 시 유지,,0.49261083743842365,4.86,P4,회귀검사 통과 시 유지
SSIS-908,사진 대조 재번역본,43,"00:05:39,380 --> 00:05:39,820",0.44,건배!,건배!,마셔!,중립·혼합형,,,사진 장면 확인 및 한국어 번역투·ASR 오역 교정,높음,58.0,96.0,50.0,92.0,42.0,0.16523,0.0,22.0,0.0,0.0,0.0566,네! 어이!,"네, 잘 부탁드립니다!",사진 장면 확인 및 한국어 번역투·ASR 오역 교정,9.35,T4,구조검사 통과 시 유지,,0.9852216748768473,5.84,P4,회귀검사 통과 시 유지
SSIS-908,사진 대조 재번역본,44,"00:05:46,100 --> 00:05:46,540",0.44,마셔!,건배!,좋아!,중립·혼합형,,,사진 장면 확인 및 한국어 번역투·ASR 오역 교정,높음,58.0,96.0,50.0,92.0,42.0,0.11319,0.0,22.0,0.0,0.0,0.1553,후와 씨는 마셔요?,후우아 씨는 술 자주 마셔요?,출연자 이름 및 문장 자연화,7.77,T4,구조검사 통과 시 유지,,0.24630541871921183,4.61,P4,회귀검사 통과 시 유지
SSIS-908,사진 대조 재번역본,45,"00:05:46,720 --> 00:05:54,720",8.0,좋아!,마셔!,"하지메 군, 앞으로 잘 부탁해!",반응형,,,사진 장면 확인 및 한국어 번역투·ASR 오역 교정,높음,58.0,96.0,50.0,92.0,42.0,0.18306,0.0,22.0,0.0,0.0,0.1358,"아, 좋아.","아, 들어온다.",,9.88,T4,구조검사 통과 시 유지,,1.2315270935960592,6.25,P4,회귀검사 통과 시 유지
SSIS-908,사진 대조 재번역본,46,"00:05:55,640 --> 00:05:58,420",2.78,"하지메 군, 앞으로 잘 부탁해!",좋아!,어이!,반응형,,,사진 장면 확인 및 한국어 번역투·ASR 오역 교정,높음,58.0,96.0,50.0,92.0,42.0,0.51775,26.54,22.0,0.0,0.0,0.8712,"하지메 군, 잘 부탁해!","하지메 군, 앞으로 잘 부탁해!",사진 장면 확인 및 한국어 번역투·ASR 오역 교정,23.45,T4,구조검사 통과 시 유지,,23.645320197044335,23.53,P4,회귀검사 통과 시 유지
SSIS-908,사진 대조 재번역본,47,"00:05:58,420 --> 00:05:59,020",0.6,어이!,"하지메 군, 앞으로 잘 부탁해!","네, 잘 부탁드립니다!",반응형,,,,,45.0,80.0,50.0,78.0,55.0,0.17305,19.64,38.0,0.0,0.0,0.8137,네! 어이!,"네, 잘 부탁드립니다!",사진 장면 확인 및 한국어 번역투·ASR 오역 교정,20.18,T4,구조검사 통과 시 유지,,12.31527093596059,16.88,P4,회귀검사 통과 시 유지
SSIS-908,사진 대조 재번역본,48,"00:05:59,220 --> 00:05:59,420",0.2,"네, 잘 부탁드립니다!",어이!,맛있다!,중립·혼합형,,,사진 장면 확인 및 한국어 번역투·ASR 오역 교정,높음,58.0,96.0,50.0,92.0,42.0,0.43393,6.16,22.0,70.0,0.0,0.7013,잘 부탁드립니다.,좋은 아침입니다.,,23.31,T4,구조검사 통과 시 유지,high_cps,23.39901477832512,23.35,P4,회귀검사 통과 시 유지
SSIS-908,사진 대조 재번역본,49,"00:05:59,620 --> 00:06:02,100",2.48,맛있다!,"네, 잘 부탁드립니다!","자, 한 잔 더!",중립·혼합형,,,사진 장면 확인 및 한국어 번역투·ASR 오역 교정,높음,58.0,96.0,50.0,92.0,42.0,0.15107,0.0,22.0,0.0,0.0,0.4041,맛있다.,바람 좋다.,일본어 원문 대조 + 자연스러운 한국어 대사 교정,8.92,T4,구조검사 통과 시 유지,,0.7389162561576355,5.48,P4,회귀검사 통과 시 유지
SSIS-908,사진 대조 재번역본,50,"00:06:02,100 --> 00:06:15,320",13.22,"자, 한 잔 더!",맛있다!,마셔!,중립·혼합형,,,,,45.0,80.0,50.0,78.0,55.0,0.39381,0.0,38.0,0.0,0.0,0.2956,한 잔 더 마시면 돼...,한 잔 더 마시면 돼…,,25.92,T4,구조검사 통과 시 유지,,29.064039408866993,27.24,P4,회귀검사 통과 시 유지
SSIS-908,사진 대조 재번역본,51,"00:06:15,320 --> 00:06:16,720",1.4,마셔!,"자, 한 잔 더!","좋아, 좋아!",중립·혼합형,,,,,45.0,80.0,50.0,78.0,55.0,0.08267,0.0,38.0,0.0,0.0,0.1553,후와 씨는 마셔요?,후우아 씨는 술 자주 마셔요?,출연자 이름 및 문장 자연화,12.85,T4,구조검사 통과 시 유지,,2.70935960591133,8.59,P4,회귀검사 통과 시 유지
SSIS-908,사진 대조 재번역본,52,"00:06:16,720 --> 00:06:19,680",2.96,"좋아, 좋아!",마셔!,신입 환영회니까 오늘은 마음껏 마셔!,반응형,,,,,45.0,80.0,50.0,78.0,55.0,0.1313,0.0,38.0,0.0,0.0,0.3879,"좋아, 조금만 더...","좋아, 조금만 더…",,14.89,T4,구조검사 통과 시 유지,,3.6945812807881775,10.19,P4,회귀검사 통과 시 유지
SSIS-908,사진 대조 재번역본,53,"00:06:19,680 --> 00:06:27,140",7.46,신입 환영회니까 오늘은 마음껏 마셔!,"좋아, 좋아!",수고.,중립·혼합형,,,,,45.0,80.0,50.0,78.0,55.0,0.51011,0.0,38.0,0.0,0.0,0.1999,그럼 오늘은 잘 먹었어.,그럼 오늘은 잘 먹었어요.,식사 후 인사말 자연화,30.8,T4,구조검사 통과 시 유지,,45.073891625615765,36.8,P4,회귀검사 통과 시 유지
SSIS-908,사진 대조 재번역본,54,"00:07:07,440 --> 00:07:08,420",0.98,수고.,신입 환영회니까 오늘은 마음껏 마셔!,아무것도 안 마셔? 진저에일. 진저에일? 웃겨.,중립·혼합형,,,,,45.0,80.0,50.0,78.0,55.0,0.37814,0.0,38.0,0.0,0.0,0.1661,수고하셨어요.,기분 좋으세요?,성행위 장면과 충돌한 표현 교정,25.26,T4,구조검사 통과 시 유지,,28.078817733990146,26.44,P4,회귀검사 통과 시 유지
SSIS-908,사진 대조 재번역본,55,"00:07:10,120 --> 00:07:15,120",5.0,아무것도 안 마셔? 진저에일. 진저에일? 웃겨.,수고.,"아까부터 조용하네. 하지메 군 환영회인데 미안해.
아냐. 내가 사람들하고 잘 못 어울리는 것뿐이야.",중립·혼합형,,,,,45.0,80.0,50.0,78.0,55.0,0.77442,0.0,38.0,0.0,0.0,0.2976,"아, 진짜 웃겨.",어? 무슨 말이야?,일본어 원문 + 타임스탬프 사진 + 장면 연속성,41.91,T3,화자·문맥·자연스러움 집중 검토,,83.74384236453201,59.48,P2,앞뒤 5블록·사진·오류 기억을 함께 검토
SSIS-908,사진 대조 재번역본,56,"00:07:15,780 --> 00:07:26,860",11.08,"아까부터 조용하네. 하지메 군 환영회인데 미안해.
아냐. 내가 사람들하고 잘 못 어울리는 것뿐이야.",아무것도 안 마셔? 진저에일. 진저에일? 웃겨.,"고마워. 일 소개해 줘서. 아, 응. 별거 아니야.",반말형,,,사진 장면 확인 및 한국어 번역투·ASR 오역 교정,높음,58.0,96.0,50.0,92.0,42.0,0.76532,0.0,22.0,0.0,0.0,0.411,"저기부터. 미안해, 하지메 군 환영회인데. 아냐, 내가 잘 어울리지 못하는 것뿐이야. 넌 옛날부터 말주변이 없었잖아.",아까부터 조용하네. 하지메 군 환영회인데 미안해. 아냐. 내가 사람들하고 잘 못 어울리는 것뿐이야.,사진 장면 확인 및 한국어 번역투·ASR 오역 교정,27.49,T4,구조검사 통과 시 유지,,33.497536945812804,30.01,P4,회귀검사 통과 시 유지
SSIS-908,사진 대조 재번역본,57,"00:07:42,430 --> 00:07:48,670",6.24,"고마워. 일 소개해 줘서. 아, 응. 별거 아니야.","아까부터 조용하네. 하지메 군 환영회인데 미안해.
아냐. 내가 사람들하고 잘 못 어울리는 것뿐이야.",우와.,반말형,,,,,45.0,80.0,50.0,78.0,55.0,0.80523,0.0,38.0,0.0,0.0,0.4657,고마워.,손으로 잡아 줘.,일본어 원문 + 타임스탬프 사진 + 장면 연속성,43.2,T3,화자·문맥·자연스러움 집중 검토,,88.91625615763546,62.4,P2,앞뒤 5블록·사진·오류 기억을 함께 검토
SSIS-908,사진 대조 재번역본,58,"00:07:54,090 --> 00:07:54,570",0.48,우와.,"고마워. 일 소개해 줘서. 아, 응. 별거 아니야.","미안, 갈게.",중립·혼합형,,,,,45.0,80.0,50.0,78.0,55.0,0.27491,0.0,38.0,0.0,0.0,0.5631,우와~ 우와우와야. 우와.,우와… 우와우와야. 우와.,,20.93,T4,구조검사 통과 시 유지,,15.024630541871922,18.45,P4,회귀검사 통과 시 유지
SSIS-908,사진 대조 재번역본,59,"00:07:57,150 --> 00:07:58,270",1.12,"미안, 갈게.",우와.,"이리 와. 여기 앉아.
앉으라고.",중립·혼합형,,,,,45.0,80.0,50.0,78.0,55.0,0.43081,0.0,38.0,0.0,0.0,0.4407,"하지 마. 미안, 미안해, 미안해.","잠깐만. 미안, 미안해.",일본어 원문 대조 + 자연스러운 한국어 대사 교정,27.47,T4,구조검사 통과 시 유지,,33.251231527093594,29.9,P4,회귀검사 통과 시 유지
SSIS-908,사진 대조 재번역본,60,"00:08:09,980 --> 00:08:13,640",3.66,"이리 와. 여기 앉아.
앉으라고.","미안, 갈게.","응, 앉을게.",반응형,,,사진 장면 확인 및 한국어 번역투·ASR 오역 교정,높음,58.0,96.0,50.0,92.0,42.0,0.47945,0.0,22.0,0.0,0.0,0.463,"이제 가 줘. 아, 가고 싶어. 여기, 여기. 앉아, 앉으라고.",이리 와. 여기 앉아. 앉으라고.,사진 장면 확인 및 한국어 번역투·ASR 오역 교정,18.85,T4,구조검사 통과 시 유지,,9.35960591133005,14.86,P4,회귀검사 통과 시 유지
SSIS-908,사진 대조 재번역본,61,"00:08:13,800 --> 00:08:14,620",0.82,"응, 앉을게.","이리 와. 여기 앉아.
앉으라고.","우리 만난 적 있었나, 후지 군?",반응형,,,,,45.0,80.0,50.0,78.0,55.0,0.34197,0.0,38.0,0.0,0.0,0.2468,"응, 더...","응, 더…",,23.74,T4,구조검사 통과 시 유지,,24.876847290640395,24.22,P4,회귀검사 통과 시 유지
SSIS-908,사진 대조 재번역본,62,"00:08:17,420 --> 00:08:19,420",2.0,"우리 만난 적 있었나, 후지 군?","응, 앉을게.",처음 뵙겠습니다.,반말형,,,,,45.0,80.0,50.0,78.0,55.0,0.53239,0.0,38.0,0.0,18.0,0.1884,빼낸 적이 있었나?,아까 뺐던가?,손상된 일본어 ASR + 타임스탬프 사진 + 앞뒤 문맥 추론,33.18,T4,구조검사 통과 시 유지,formality_shift,56.15763546798029,42.83,P3,말투·질문응답·가독성 위주 검토
SSIS-908,사진 대조 재번역본,63,"00:08:20,040 --> 00:08:20,900",0.86,처음 뵙겠습니다.,"우리 만난 적 있었나, 후지 군?",우리 회사에 출자해 주시는 분이야?,존댓말형,,,,,45.0,80.0,50.0,78.0,55.0,0.37887,0.0,38.0,0.0,35.0,0.3602,가 보겠습니다.,그럼 가 볼게요.,대화체 자연화,28.09,T4,구조검사 통과 시 유지,formality_jump,36.45320197044335,31.6,P4,회귀검사 통과 시 유지
SSIS-908,사진 대조 재번역본,64,"00:08:21,520 --> 00:08:23,120",1.6,우리 회사에 출자해 주시는 분이야?,처음 뵙겠습니다.,여전히 여자 잘 꼬시네. 또 아내한테 혼나는 거 아냐?,반말형,,,,,45.0,80.0,50.0,78.0,55.0,0.69178,0.0,38.0,0.0,0.0,0.1531,우리 둘이서?,둘이서.,타임스탬프 사진으로 장면 불일치 확인 후 재복원,38.43,T3,화자·문맥·자연스러움 집중 검토,,72.9064039408867,52.91,P3,말투·질문응답·가독성 위주 검토
SSIS-908,사진 대조 재번역본,65,"00:08:23,980 --> 00:08:28,400",4.42,여전히 여자 잘 꼬시네. 또 아내한테 혼나는 거 아냐?,우리 회사에 출자해 주시는 분이야?,우리 집사람은 일에 참견하지 않으니까 괜찮아.,반말형,,,,,45.0,80.0,50.0,78.0,55.0,0.88115,0.0,38.0,0.0,0.0,0.2976,서 있는 거 아냐?,완전히 선 거 아니야?,일본어 원문 대조 + 자연스러운 한국어 대사 교정,46.39,T3,화자·문맥·자연스러움 집중 검토,,92.36453201970444,65.7,P2,앞뒤 5블록·사진·오류 기억을 함께 검토
SSIS-908,사진 대조 재번역본,66,"00:08:29,340 --> 00:08:32,240",2.9,우리 집사람은 일에 참견하지 않으니까 괜찮아.,여전히 여자 잘 꼬시네. 또 아내한테 혼나는 거 아냐?,처음 뵙겠습니다. 카에데입니다.,반말형,,,,,45.0,80.0,50.0,78.0,55.0,0.76828,0.0,38.0,0.0,0.0,0.355,괜찮아.,최고예요.,화면 영문 자막 대조,41.65,T3,화자·문맥·자연스러움 집중 검토,,82.75862068965517,58.92,P2,앞뒤 5블록·사진·오류 기억을 함께 검토
SSIS-908,사진 대조 재번역본,67,"00:08:34,340 --> 00:08:36,580",2.24,처음 뵙겠습니다. 카에데입니다.,우리 집사람은 일에 참견하지 않으니까 괜찮아.,귀엽네. 그렇지?,존댓말형,,,,,45.0,80.0,50.0,78.0,55.0,0.6371,0.0,38.0,0.0,35.0,0.2842,가 보겠습니다.,그럼 가 볼게요.,대화체 자연화,38.94,T3,화자·문맥·자연스러움 집중 검토,formality_jump,73.89162561576354,53.62,P3,말투·질문응답·가독성 위주 검토
SSIS-908,사진 대조 재번역본,68,"00:08:38,340 --> 00:08:40,200",1.86,귀엽네. 그렇지?,처음 뵙겠습니다. 카에데입니다.,"그런데 5천만 엔 정도, 어떻게 안 될까? 새 사업을 해 보려고 하거든.",반말형,,,,,45.0,80.0,50.0,78.0,55.0,0.49247,3.5,38.0,0.0,0.0,0.6792,귀엽네.,그냥 벗었을 뿐이야.,일본어 원문 + 타임스탬프 사진 + 장면 연속성,30.69,T4,구조검사 통과 시 유지,,44.33497536945813,36.42,P4,회귀검사 통과 시 유지
SSIS-908,사진 대조 재번역본,69,"00:08:41,540 --> 00:08:46,760",5.22,"그런데 5천만 엔 정도, 어떻게 안 될까? 새 사업을 해 보려고 하거든.",귀엽네. 그렇지?,"그럼 말이야, 이 아이를 내줘.",반말형,,,,,45.0,80.0,50.0,78.0,55.0,0.96212,0.0,38.0,0.0,0.0,0.1712,어떻게 먹는 거?,어떤 식으로?,일본어 원문 대조 + 자연스러운 한국어 대사 교정,49.79,T3,화자·문맥·자연스러움 집중 검토,,96.79802955665025,69.53,P2,앞뒤 5블록·사진·오류 기억을 함께 검토
SSIS-908,사진 대조 재번역본,70,"00:08:47,900 --> 00:08:50,640",2.74,"그럼 말이야, 이 아이를 내줘.","그런데 5천만 엔 정도, 어떻게 안 될까? 새 사업을 해 보려고 하거든.",이 녀석은 우리 회사 직원이라 안 돼. 다른 여자를 소개해 주면 모를까.,반응형,,,,,45.0,80.0,50.0,78.0,55.0,0.72911,0.0,38.0,0.0,0.0,0.3998,"이거 말이야, 할 수 있는 게.",이렇게도 할 수 있네.,사진 장면 확인 및 한국어 번역투·ASR 오역 교정,40.0,T3,화자·문맥·자연스러움 집중 검토,,76.10837438423646,55.17,P3,말투·질문응답·가독성 위주 검토
SSIS-908,사진 대조 재번역본,71,"00:08:51,880 --> 00:08:55,960",4.08,이 녀석은 우리 회사 직원이라 안 돼. 다른 여자를 소개해 주면 모를까.,"그럼 말이야, 이 아이를 내줘.",5천만 엔이라… 아버지께 물어볼게.,반말형,,,,,45.0,80.0,50.0,78.0,55.0,0.93285,0.0,38.0,0.0,0.0,0.2188,안 돼.,"네, 놀랐어요.",타임스탬프 사진과 앞뒤 장면으로 대사 기능 복원,48.56,T3,화자·문맥·자연스러움 집중 검토,,95.07389162561576,68.1,P2,앞뒤 5블록·사진·오류 기억을 함께 검토
SSIS-908,사진 대조 재번역본,72,"00:08:57,520 --> 00:08:59,740",2.22,5천만 엔이라… 아버지께 물어볼게.,이 녀석은 우리 회사 직원이라 안 돼. 다른 여자를 소개해 주면 모를까.,사업 계획서 같은 건 있어?,반응형,,,,,45.0,80.0,50.0,78.0,55.0,0.77571,0.0,38.0,0.0,0.0,0.1616,아버지는 어때?,후지 씨는 어때?,사진 장면 확인 및 한국어 번역투·ASR 오역 교정,41.96,T3,화자·문맥·자연스러움 집중 검토,,83.99014778325123,59.61,P2,앞뒤 5블록·사진·오류 기억을 함께 검토
SSIS-908,사진 대조 재번역본,73,"00:09:01,540 --> 00:09:02,880",1.34,사업 계획서 같은 건 있어?,5천만 엔이라… 아버지께 물어볼게.,"응, 있지. 나중에 보낼게.",반응형,,,,,45.0,80.0,50.0,78.0,55.0,0.62198,0.0,38.0,0.0,0.0,0.3171,자고 있어?,땀나?,사진 장면 확인 및 한국어 번역투·ASR 오역 교정,35.5,T3,화자·문맥·자연스러움 집중 검토,,62.5615763546798,46.87,P3,말투·질문응답·가독성 위주 검토
SSIS-908,사진 대조 재번역본,74,"00:09:03,280 --> 00:09:05,540",2.26,"응, 있지. 나중에 보낼게.",사업 계획서 같은 건 있어?,얘기 끝났어.,반응형,,,,,45.0,80.0,50.0,78.0,55.0,0.61002,0.0,38.0,0.0,0.0,0.3005,분위기 있지.,그런 분위기 좋지.,일본어 원문 대조 + 자연스러운 한국어 대사 교정,35.0,T3,화자·문맥·자연스러움 집중 검토,,61.083743842364534,45.96,P3,말투·질문응답·가독성 위주 검토
SSIS-908,사진 대조 재번역본,75,"00:09:06,180 --> 00:09:06,560",0.38,얘기 끝났어.,"응, 있지. 나중에 보낼게.",뭐야?,반응형,,,사진 장면 확인 및 한국어 번역투·ASR 오역 교정,높음,58.0,96.0,50.0,92.0,42.0,0.43738,0.0,22.0,0.0,0.0,0.1731,끝났다.,얘기 끝났어.,사진 장면 확인 및 한국어 번역투·ASR 오역 교정,17.58,T4,구조검사 통과 시 유지,,6.896551724137931,13.09,P4,회귀검사 통과 시 유지
SSIS-908,사진 대조 재번역본,76,"00:09:29,280 --> 00:09:29,740",0.46,뭐야?,얘기 끝났어.,이제 이런 관계는 그만하고 싶어요.,반말형,,,,,45.0,80.0,50.0,78.0,55.0,0.18619,5.83,38.0,0.0,0.0,0.6985,"아, 아... 뭐야?","아, 아… 뭐야?",,18.25,T4,구조검사 통과 시 유지,,8.374384236453201,14.1,P4,회귀검사 통과 시 유지
SSIS-908,사진 대조 재번역본,77,"00:09:32,280 --> 00:09:35,100",2.82,이제 이런 관계는 그만하고 싶어요.,뭐야?,왜?,반응형,,,,,45.0,80.0,50.0,78.0,55.0,0.52456,0.0,38.0,0.0,0.0,0.3169,기분 좋게 해 주고 싶어요.,제가 해 볼게요.,앞 블록과 중복된 문장 정리,31.41,T4,구조검사 통과 시 유지,,47.04433497536946,37.98,P4,회귀검사 통과 시 유지
SSIS-908,사진 대조 재번역본,78,"00:09:37,380 --> 00:09:37,900",0.52,왜?,이제 이런 관계는 그만하고 싶어요.,아내와 이혼한다고 하셨잖아요.,중립·혼합형,,,,,45.0,80.0,50.0,78.0,55.0,0.18842,0.0,38.0,0.0,0.0,0.3406,괜찮으려나? 왜? 잘 닦이고 있나?,괜찮으려나? 왜? 잘 닦이고 있어?,일본어 원문 대조 + 자연스러운 한국어 대사 교정,17.29,T4,구조검사 통과 시 유지,,6.157635467980295,12.61,P4,회귀검사 통과 시 유지
SSIS-908,사진 대조 재번역본,79,"00:09:40,980 --> 00:09:43,500",2.52,아내와 이혼한다고 하셨잖아요.,왜?,하지만 내가 사랑하는 건 너뿐이니까 괜찮잖아.,반응형,,,,,45.0,80.0,50.0,78.0,55.0,0.61942,0.0,38.0,0.0,0.0,0.1131,기분 좋아요.,"아, 좋아요.",화면 영문 자막 대조,35.4,T3,화자·문맥·자연스러움 집중 검토,,62.315270935960584,46.7,P3,말투·질문응답·가독성 위주 검토
SSIS-908,사진 대조 재번역본,80,"00:09:45,180 --> 00:09:45,500",0.32,하지만 내가 사랑하는 건 너뿐이니까 괜찮잖아.,아내와 이혼한다고 하셨잖아요.,너만 사랑한다니까.,반말형,,,,,45.0,80.0,50.0,78.0,55.0,0.81426,42.0,38.0,100.0,0.0,1.0,하지만 내가 사랑하는 건 너뿐이니까 괜찮잖아.,너만 사랑한다니까.,,61.14,T2,후보 3개 생성 후 증거 기반 판정,high_cps;short_duration_long_text,100.0,77.46,P1,장면 패킷을 열고 후보 3개를 생성해 반증 검토
SSIS-908,사진 대조 재번역본,81,"00:09:47,080 --> 00:09:49,360",2.28,너만 사랑한다니까.,하지만 내가 사랑하는 건 너뿐이니까 괜찮잖아.,네 부탁도 이것저것 다 들어줬잖아?,중립·혼합형,,,,,45.0,80.0,50.0,78.0,55.0,0.48792,0.0,38.0,0.0,0.0,0.1281,"자, 더 해줄 테니까.","자, 더 해 줄 테니까.",,29.87,T4,구조검사 통과 시 유지,,41.37931034482759,34.7,P4,회귀검사 통과 시 유지
SSIS-908,사진 대조 재번역본,82,"00:09:52,690 --> 00:09:54,690",2.0,네 부탁도 이것저것 다 들어줬잖아?,너만 사랑한다니까.,"이 옷도, 가방도 다 사 줬잖아.",반응형,,,,,45.0,80.0,50.0,78.0,55.0,0.71636,0.0,38.0,0.0,0.0,0.342,이것저것 참고 있는 거 아니냐?,사고 싶은 것도 참고 사는 거 아니냐?,돈·가방 장면 문맥 반영,39.47,T3,화자·문맥·자연스러움 집중 검토,,75.61576354679804,54.65,P3,말투·질문응답·가독성 위주 검토
SSIS-908,사진 대조 재번역본,83,"00:09:55,850 --> 00:10:00,550",4.7,"이 옷도, 가방도 다 사 줬잖아.",네 부탁도 이것저것 다 들어줬잖아?,네 지인도 고용해 줬고.,중립·혼합형,,,,,45.0,80.0,50.0,78.0,55.0,0.7537,0.0,38.0,0.0,0.0,0.2213,이따가 어떻게 해야 할지 가르쳐 줬잖아. 전부 깨끗하게 해.,아까 어떻게 하라고 했지? 전부 깨끗이 해.,사진 장면 확인 및 한국어 번역투·ASR 오역 교정,41.04,T3,화자·문맥·자연스러움 집중 검토,,79.80295566502463,57.32,P3,말투·질문응답·가독성 위주 검토
SSIS-908,사진 대조 재번역본,84,"00:10:02,510 --> 00:10:04,790",2.28,네 지인도 고용해 줬고.,"이 옷도, 가방도 다 사 줬잖아.",서로 주고받은 거야.,반말형,,,,,45.0,80.0,50.0,78.0,55.0,0.61534,0.0,38.0,0.0,0.0,0.0771,네 몸은 네가 잘 알지.,네 몸은 네가 제일 잘 알지.,일본어 원문 대조 + 자연스러운 한국어 대사 교정,35.22,T3,화자·문맥·자연스러움 집중 검토,,62.06896551724138,46.5,P3,말투·질문응답·가독성 위주 검토
SSIS-908,사진 대조 재번역본,85,"00:10:05,730 --> 00:10:06,570",0.84,서로 주고받은 거야.,네 지인도 고용해 줬고.,응?,반말형,,,,,45.0,80.0,50.0,78.0,55.0,0.50257,0.0,38.0,0.0,0.0,0.3421,싫은 거야.,싫어?,일본어 원문 대조 + 자연스러운 한국어 대사 교정,30.49,T4,구조검사 통과 시 유지,,43.5960591133005,35.99,P4,회귀검사 통과 시 유지
SSIS-908,사진 대조 재번역본,86,"00:10:08,450 --> 00:10:09,850",1.4,응?,서로 주고받은 거야.,응?,반응형,,,,,45.0,80.0,50.0,78.0,55.0,0.12692,0.0,38.0,0.0,0.0,0.4358,응? 잠깐 기다려…,응? 잠깐만…,일본어 원문 대조 + 자연스러운 한국어 대사 교정,14.71,T4,구조검사 통과 시 유지,,3.4482758620689653,9.98,P4,회귀검사 통과 시 유지
SSIS-908,사진 대조 재번역본,87,"00:10:10,090 --> 00:10:10,630",0.54,응?,응?,응?,반응형,,,,,45.0,80.0,50.0,78.0,55.0,0.1885,0.0,38.0,0.0,30.0,0.4358,응? 잠깐 기다려…,응? 잠깐만…,일본어 원문 대조 + 자연스러운 한국어 대사 교정,19.7,T4,구조검사 통과 시 유지,triple_identical_run,11.330049261083744,16.18,P4,회귀검사 통과 시 유지
SSIS-908,사진 대조 재번역본,88,"00:11:34,360 --> 00:11:35,380",1.02,응?,응?,응?,반응형,,,,,45.0,80.0,50.0,78.0,55.0,0.20375,0.0,38.0,0.0,30.0,0.4358,응? 잠깐 기다려…,응? 잠깐만…,일본어 원문 대조 + 자연스러운 한국어 대사 교정,20.34,T4,구조검사 통과 시 유지,triple_identical_run,12.807881773399016,17.18,P4,회귀검사 통과 시 유지
SSIS-908,사진 대조 재번역본,89,"00:11:36,620 --> 00:11:37,240",0.62,응?,응?,응?,반응형,,,,,45.0,80.0,50.0,78.0,55.0,0.1404,0.0,38.0,0.0,30.0,0.4358,응? 잠깐 기다려…,응? 잠깐만…,일본어 원문 대조 + 자연스러운 한국어 대사 교정,17.68,T4,구조검사 통과 시 유지,triple_identical_run,7.389162561576355,13.36,P4,회귀검사 통과 시 유지
SSIS-908,사진 대조 재번역본,90,"00:11:38,320 --> 00:11:38,800",0.48,응?,응?,아…,반응형,,,,,45.0,80.0,50.0,78.0,55.0,0.19232,0.0,38.0,0.0,0.0,0.4358,응? 잠깐 기다려…,응? 잠깐만…,일본어 원문 대조 + 자연스러운 한국어 대사 교정,17.46,T4,구조검사 통과 시 유지,,6.65024630541872,12.92,P4,회귀검사 통과 시 유지
SSIS-908,사진 대조 재번역본,91,"00:12:26,500 --> 00:12:27,900",1.4,아…,응?,응…,반응형,,,,,45.0,80.0,50.0,78.0,55.0,0.28267,12.54,38.0,0.0,0.0,0.7545,"싫어, 아… 아… 아…",싫어… 아… 아…,일본어 원문 대조 + 자연스러운 한국어 대사 교정,23.51,T4,구조검사 통과 시 유지,,24.38423645320197,23.88,P4,회귀검사 통과 시 유지
SSIS-908,사진 대조 재번역본,92,"00:12:57,660 --> 00:12:57,840",0.18,응…,아…,"어, 벌써 좋아하고 있잖아.",반응형,,,,,45.0,80.0,50.0,78.0,55.0,0.24676,0.0,38.0,0.0,0.0,0.3585,응… [안전상 번역 불가]…,응… [불명]…,,19.74,T4,구조검사 통과 시 유지,,11.576354679802956,16.31,P4,회귀검사 통과 시 유지
SSIS-908,사진 대조 재번역본,93,"00:12:57,960 --> 00:13:03,620",5.66,"어, 벌써 좋아하고 있잖아.",응…,왜 이렇게 기분이 좋아?,반응형,,,,,45.0,80.0,50.0,78.0,55.0,0.65702,0.85,38.0,0.0,0.0,0.6571,"어, 벌써 느끼고 있잖아.","어, 벌써 좋아하고 있잖아.",,37.13,T3,화자·문맥·자연스러움 집중 검토,,68.22660098522168,50.19,P3,말투·질문응답·가독성 위주 검토
SSIS-908,사진 대조 재번역본,94,"00:13:06,200 --> 00:13:07,360",1.16,왜 이렇게 기분이 좋아?,"어, 벌써 좋아하고 있잖아.",기분 좋냐고 묻고 있잖아.,반응형,,,,,45.0,80.0,50.0,78.0,55.0,0.6134,0.0,38.0,0.0,0.0,0.3264,안쪽이 좋아?,안쪽도 좋아?,일본어 원문 대조 + 자연스러운 한국어 대사 교정,35.14,T3,화자·문맥·자연스러움 집중 검토,,61.822660098522164,46.35,P3,말투·질문응답·가독성 위주 검토
SSIS-908,사진 대조 재번역본,95,"00:13:12,600 --> 00:13:14,700",2.1,기분 좋냐고 묻고 있잖아.,왜 이렇게 기분이 좋아?,기분 좋아요.,반응형,,,,,45.0,80.0,50.0,78.0,55.0,0.65907,0.0,38.0,0.0,0.0,0.4568,서 있잖아.,완전히 서 있잖아.,일본어 원문 대조 + 자연스러운 한국어 대사 교정,37.06,T3,화자·문맥·자연스러움 집중 검토,,67.73399014778325,49.94,P3,말투·질문응답·가독성 위주 검토
SSIS-908,사진 대조 재번역본,96,"00:13:15,860 --> 00:13:16,960",1.1,기분 좋아요.,기분 좋냐고 묻고 있잖아.,그럼 처음부터 그렇게 말해.,반응형,,,,,45.0,80.0,50.0,78.0,55.0,0.49271,42.0,38.0,0.0,0.0,1.0,기분 좋아요.,"아, 좋아요.",화면 영문 자막 대조,37.63,T3,화자·문맥·자연스러움 집중 검토,,70.44334975369459,51.41,P3,말투·질문응답·가독성 위주 검토
SSIS-908,사진 대조 재번역본,97,"00:13:17,920 --> 00:13:18,900",0.98,그럼 처음부터 그렇게 말해.,기분 좋아요.,여기까지 들어가고 있잖아.,반말형,,,,,45.0,80.0,50.0,78.0,55.0,0.73179,0.0,38.0,0.0,0.0,0.1882,그렇게 하면 안쪽이 꽉 차는 것 같아.,그렇게 하니까 안이 꽉 차네.,손상된 일본어 ASR + 타임스탬프 사진 + 앞뒤 문맥 추론,40.12,T3,화자·문맥·자연스러움 집중 검토,,76.35467980295566,55.34,P3,말투·질문응답·가독성 위주 검토
SSIS-908,사진 대조 재번역본,98,"00:13:58,210 --> 00:13:59,110",0.9,여기까지 들어가고 있잖아.,그럼 처음부터 그렇게 말해.,기분 좋지?,반응형,,,,,45.0,80.0,50.0,78.0,55.0,0.75485,0.0,38.0,0.0,0.0,0.4528,여기까지 대단해.,여기까지 들어왔어.,,41.08,T3,화자·문맥·자연스러움 집중 검토,,80.17241379310344,57.5,P3,말투·질문응답·가독성 위주 검토
SSIS-908,사진 대조 재번역본,99,"00:14:27,920 --> 00:14:29,140",1.22,기분 좋지?,여기까지 들어가고 있잖아.,직접 열어서 보여 줘.,반말형,,,,,45.0,80.0,50.0,78.0,55.0,0.61555,42.0,38.0,0.0,0.0,1.0,기분 좋지?,흥분되면 말해 봐.,화면 영문 자막 대조,42.79,T3,화자·문맥·자연스러움 집중 검토,,86.94581280788178,61.34,P2,앞뒤 5블록·사진·오류 기억을 함께 검토
SSIS-908,사진 대조 재번역본,100,"00:15:10,820 --> 00:15:12,420",1.6,직접 열어서 보여 줘.,기분 좋지?,이렇게요?,반응형,,,,,45.0,80.0,50.0,78.0,55.0,0.74492,0.0,38.0,0.0,0.0,0.3682,입 안을 보여 줘.,입 안 보여 줘.,일본어 원문 대조 + 자연스러운 한국어 대사 교정,40.67,T3,화자·문맥·자연스러움 집중 검토,,78.07881773399015,56.38,P3,말투·질문응답·가독성 위주 검토
SSIS-908,사진 대조 재번역본,101,"00:15:23,400 --> 00:15:24,200",0.8,이렇게요?,직접 열어서 보여 줘.,그런 식으로 하면 된다고 생각해?,중립·혼합형,,,,,45.0,80.0,50.0,78.0,55.0,0.38551,0.0,38.0,0.0,0.0,0.2127,이렇게...,이렇게…,,25.57,T4,구조검사 통과 시 유지,,28.32512315270936,26.73,P4,회귀검사 통과 시 유지
SSIS-908,사진 대조 재번역본,102,"00:15:27,400 --> 00:15:28,460",1.06,그런 식으로 하면 된다고 생각해?,이렇게요?,더 그렇게 안 해도 되잖아?,반응형,,,,,45.0,80.0,50.0,78.0,55.0,0.78268,0.0,38.0,0.0,0.0,0.2555,어떤 식으로 가고 있는지.,어떻게 가고 있는지.,,42.25,T3,화자·문맥·자연스러움 집중 검토,,84.72906403940887,60.09,P2,앞뒤 5블록·사진·오류 기억을 함께 검토
SSIS-908,사진 대조 재번역본,103,"00:15:38,470 --> 00:15:40,430",1.96,더 그렇게 안 해도 되잖아?,그런 식으로 하면 된다고 생각해?,"봐, 굳이 그렇게 안 해도 되잖아.",반응형,,,,,45.0,80.0,50.0,78.0,55.0,0.76671,0.0,38.0,0.0,0.0,0.3768,안 되잖아.,안 되지.,일본어 원문 대조 + 자연스러운 한국어 대사 교정,41.58,T3,화자·문맥·자연스러움 집중 검토,,82.26600985221675,58.67,P2,앞뒤 5블록·사진·오류 기억을 함께 검토
SSIS-908,사진 대조 재번역본,104,"00:15:47,020 --> 00:15:49,040",2.02,"봐, 굳이 그렇게 안 해도 되잖아.",더 그렇게 안 해도 되잖아?,"봐, 금방 손가락이 들어가잖아.",반말형,,,,,45.0,80.0,50.0,78.0,55.0,0.84108,0.0,38.0,0.0,0.0,0.5824,안 되잖아.,안 되지.,일본어 원문 대조 + 자연스러운 한국어 대사 교정,44.71,T3,화자·문맥·자연스러움 집중 검토,,90.88669950738915,64.1,P2,앞뒤 5블록·사진·오류 기억을 함께 검토
SSIS-908,사진 대조 재번역본,105,"00:16:15,190 --> 00:16:16,910",1.72,"봐, 금방 손가락이 들어가잖아.","봐, 굳이 그렇게 안 해도 되잖아.",안 돼? 이건?,반응형,,,,,45.0,80.0,50.0,78.0,55.0,0.79301,0.0,38.0,0.0,0.0,0.4343,엄청 깊이 들어가잖아...,엄청 깊이 들어가잖아…,,42.69,T3,화자·문맥·자연스러움 집중 검토,,86.45320197044335,61.07,P2,앞뒤 5블록·사진·오류 기억을 함께 검토
SSIS-908,사진 대조 재번역본,106,"00:16:31,750 --> 00:16:32,650",0.9,안 돼? 이건?,"봐, 금방 손가락이 들어가잖아.",그럼 그만할까?,중립·혼합형,,,,,45.0,80.0,50.0,78.0,55.0,0.51301,0.0,38.0,0.0,0.0,0.3442,유두는 안 돼?,젖꼭지는 안 돼?,,30.93,T4,구조검사 통과 시 유지,,45.812807881773395,37.18,P4,회귀검사 통과 시 유지
SSIS-908,사진 대조 재번역본,107,"00:16:33,890 --> 00:16:34,610",0.72,그럼 그만할까?,안 돼? 이건?,뭐야?,중립·혼합형,,,,,45.0,80.0,50.0,78.0,55.0,0.3755,0.0,38.0,0.0,0.0,0.3023,뭐 할까?,내가 먼저?,일본어 원문 + 타임스탬프 사진 + 장면 연속성,25.15,T4,구조검사 통과 시 유지,,27.832512315270936,26.28,P4,회귀검사 통과 시 유지
SSIS-908,사진 대조 재번역본,108,"00:16:37,050 --> 00:16:37,770",0.72,뭐야?,그럼 그만할까?,계속해.,반말형,,,,,45.0,80.0,50.0,78.0,55.0,0.29617,5.83,38.0,0.0,0.0,0.6985,"아, 아... 뭐야?","아, 아… 뭐야?",,22.87,T4,구조검사 통과 시 유지,,22.29064039408867,22.63,P4,회귀검사 통과 시 유지
SSIS-908,사진 대조 재번역본,109,"00:16:39,730 --> 00:16:40,790",1.06,계속해.,뭐야?,그럼 처음에 뭐라고 말했더라?,반말형,,,,,45.0,80.0,50.0,78.0,55.0,0.33993,0.0,38.0,0.0,0.0,0.3238,계속해서…,그대로 계속해.,손상된 일본어 ASR + 타임스탬프 사진 + 앞뒤 문맥 추론,23.66,T4,구조검사 통과 시 유지,,24.63054187192118,24.07,P4,회귀검사 통과 시 유지
SSIS-908,사진 대조 재번역본,110,"00:16:42,630 --> 00:16:45,610",2.98,그럼 처음에 뭐라고 말했더라?,계속해.,"기분 좋은가 봐, 너.",중립·혼합형,,,,,45.0,80.0,50.0,78.0,55.0,0.79975,0.0,38.0,0.0,0.0,0.3104,뭐라고 하는 거야?,뭐라고 말해야 해?,일본어 원문 대조 + 자연스러운 한국어 대사 교정,42.97,T3,화자·문맥·자연스러움 집중 검토,,87.93103448275862,61.85,P2,앞뒤 5블록·사진·오류 기억을 함께 검토
SSIS-908,사진 대조 재번역본,111,"00:17:00,160 --> 00:17:01,840",1.68,"기분 좋은가 봐, 너.",그럼 처음에 뭐라고 말했더라?,엉망이 됐잖아.,중립·혼합형,,,,,45.0,80.0,50.0,78.0,55.0,0.79574,0.0,38.0,0.0,0.0,0.4619,이 자세가 좋은가 봐.,신진대사가 좋은가 봐.,일본어 원문 대조 + 자연스러운 한국어 대사 교정,42.8,T3,화자·문맥·자연스러움 집중 검토,,87.192118226601,61.44,P2,앞뒤 5블록·사진·오류 기억을 함께 검토
SSIS-908,사진 대조 재번역본,112,"00:17:52,140 --> 00:17:53,800",1.66,엉망이 됐잖아.,"기분 좋은가 봐, 너.",너니까 다 묻혀 줄게.,반응형,,,,,45.0,80.0,50.0,78.0,55.0,0.70753,0.0,38.0,0.0,0.0,0.4522,온몸이 엉망이 됐어.,몸에 다 묻었네.,일본어 원문 대조 + 자연스러운 한국어 대사 교정,39.1,T3,화자·문맥·자연스러움 집중 검토,,74.13793103448276,53.82,P3,말투·질문응답·가독성 위주 검토
SSIS-908,사진 대조 재번역본,113,"00:17:59,180 --> 00:18:00,940",1.76,너니까 다 묻혀 줄게.,엉망이 됐잖아.,더 내놔 봐.,중립·혼합형,,,,,45.0,80.0,50.0,78.0,59.0,0.86686,0.0,38.0,0.0,0.0,0.3204,내가 잡아 줄게.,목욕하면서…,일본어 원문 + 타임스탬프 사진 + 장면 연속성,46.03,T3,화자·문맥·자연스러움 집중 검토,,91.87192118226602,65.28,P2,앞뒤 5블록·사진·오류 기억을 함께 검토
SSIS-908,사진 대조 재번역본,114,"00:18:26,100 --> 00:18:27,240",1.14,더 내놔 봐.,너니까 다 묻혀 줄게.,더.,중립·혼합형,,,,,45.0,80.0,50.0,78.0,55.0,0.60231,0.0,38.0,0.0,0.0,0.2992,좀 더 보여줘 봐.,좀 더 보여 줘 봐.,,34.68,T4,구조검사 통과 시 유지,,59.60591133004927,45.15,P3,말투·질문응답·가독성 위주 검토
SSIS-908,사진 대조 재번역본,115,"00:18:30,100 --> 00:18:30,740",0.64,더.,더 내놔 봐.,너만 기분 좋아지면 안 되잖아.,중립·혼합형,,,,,45.0,80.0,50.0,78.0,55.0,0.43644,0.0,38.0,0.0,0.0,0.3586,"갈게, 갈게... 한 번 더.","갈게, 갈게… 한 번 더.",,27.71,T4,구조검사 통과 시 유지,,35.09852216748769,30.81,P4,회귀검사 통과 시 유지
SSIS-908,사진 대조 재번역본,116,"00:19:24,870 --> 00:19:26,950",2.08,너만 기분 좋아지면 안 되잖아.,더.,뭘 해야 할지 모르겠어.,반응형,,,,,45.0,80.0,50.0,78.0,55.0,0.87702,0.0,38.0,0.0,0.0,0.5829,안 되잖아.,안 되지.,일본어 원문 대조 + 자연스러운 한국어 대사 교정,46.21,T3,화자·문맥·자연스러움 집중 검토,,92.11822660098522,65.49,P2,앞뒤 5블록·사진·오류 기억을 함께 검토
SSIS-908,사진 대조 재번역본,117,"00:19:33,240 --> 00:19:34,360",1.12,뭘 해야 할지 모르겠어.,너만 기분 좋아지면 안 되잖아.,흔들리면 안 돼.,반응형,,,,,45.0,80.0,50.0,78.0,55.0,0.79852,0.0,38.0,0.0,0.0,0.3796,오늘 왜 이러는지 나도 모르겠어...,오늘 왜 이러는지 나도 모르겠어…,,42.92,T3,화자·문맥·자연스러움 집중 검토,,87.68472906403942,61.72,P2,앞뒤 5블록·사진·오류 기억을 함께 검토
SSIS-908,사진 대조 재번역본,118,"00:20:10,480 --> 00:20:14,080",3.6,흔들리면 안 돼.,뭘 해야 할지 모르겠어.,"자, 해 봐.",중립·혼합형,,,,,45.0,80.0,50.0,78.0,55.0,0.74926,0.0,38.0,0.0,0.0,0.4548,안 돼.,"네, 놀랐어요.",타임스탬프 사진과 앞뒤 장면으로 대사 기능 복원,40.85,T3,화자·문맥·자연스러움 집중 검토,,79.06403940886699,56.9,P3,말투·질문응답·가독성 위주 검토
SSIS-908,사진 대조 재번역본,119,"00:20:14,080 --> 00:20:15,040",0.96,"자, 해 봐.",흔들리면 안 돼.,"아, 아…",반말형,,,,,45.0,80.0,50.0,78.0,55.0,0.43206,0.0,38.0,0.0,0.0,0.3733,힘 좀 줘 봐... 제대로 해 봐.,힘 좀 줘 봐… 제대로 해 봐.,,27.53,T4,구조검사 통과 시 유지,,33.99014778325123,30.24,P4,회귀검사 통과 시 유지
SSIS-908,사진 대조 재번역본,120,"00:20:15,040 --> 00:20:43,170",28.13,"아, 아…","자, 해 봐.","그래, 제대로 원하고 있잖아.",반응형,,,,,45.0,80.0,50.0,78.0,55.0,0.98069,35.16,38.0,25.0,0.0,0.943,"아, 아, 아, 아…","아, 아, 아…",일본어 원문 대조 + 자연스러운 한국어 대사 교정,59.4,T3,화자·문맥·자연스러움 집중 검토,long_duration_short_text,99.75369458128078,76.35,P1,장면 패킷을 열고 후보 3개를 생성해 반증 검토
SSIS-908,사진 대조 재번역본,121,"00:20:48,370 --> 00:20:50,150",1.78,"그래, 제대로 원하고 있잖아.","아, 아…",왜 오늘은 착한 척하는 거야?,반응형,,,,,45.0,80.0,50.0,78.0,55.0,0.57439,0.0,38.0,0.0,0.0,0.4408,서 있잖아.,완전히 서 있잖아.,일본어 원문 대조 + 자연스러운 한국어 대사 교정,33.5,T4,구조검사 통과 시 유지,,57.389162561576356,43.53,P3,말투·질문응답·가독성 위주 검토
SSIS-908,사진 대조 재번역본,122,"00:20:57,300 --> 00:20:58,660",1.36,왜 오늘은 착한 척하는 거야?,"그래, 제대로 원하고 있잖아.",끝까지 하는 거 좋아하잖아?,반말형,,,,,45.0,80.0,50.0,78.0,55.0,0.65201,0.0,38.0,0.0,0.0,0.2836,뭐라고 하는 거야?,뭐라고 말해야 해?,일본어 원문 대조 + 자연스러운 한국어 대사 교정,36.76,T3,화자·문맥·자연스러움 집중 검토,,66.7487684729064,49.36,P3,말투·질문응답·가독성 위주 검토
SSIS-908,사진 대조 재번역본,123,"00:20:59,720 --> 00:21:01,320",1.6,끝까지 하는 거 좋아하잖아?,왜 오늘은 착한 척하는 거야?,좋아하지?,반응형,,,,,45.0,80.0,50.0,78.0,55.0,0.69959,0.0,38.0,0.0,0.0,0.4635,너 이런 거 좋아하잖아.,이렇게 묶이는 거 좋아하잖아.,,38.76,T3,화자·문맥·자연스러움 집중 검토,,73.64532019704434,53.41,P3,말투·질문응답·가독성 위주 검토
SSIS-908,사진 대조 재번역본,124,"00:21:16,300 --> 00:21:17,420",1.12,좋아하지?,끝까지 하는 거 좋아하잖아?,응…,반응형,,,,,45.0,80.0,50.0,78.0,55.0,0.38363,24.67,38.0,0.0,0.0,0.8555,이런 거 좋아하지?,묶여 있는 거 좋아하지?,,29.93,T4,구조검사 통과 시 유지,,41.87192118226601,34.95,P4,회귀검사 통과 시 유지
SSIS-908,사진 대조 재번역본,125,"00:21:17,420 --> 00:21:18,380",0.96,응…,좋아하지?,묻고 있잖아…,반응형,,,,,45.0,80.0,50.0,78.0,55.0,0.26529,0.0,38.0,0.0,0.0,0.3585,응… [안전상 번역 불가]…,응… [불명]…,,20.52,T4,구조검사 통과 시 유지,,13.054187192118228,17.38,P4,회귀검사 통과 시 유지
SSIS-908,사진 대조 재번역본,126,"00:21:19,760 --> 00:21:21,060",1.3,묻고 있잖아…,응…,아…,반응형,,,,,45.0,80.0,50.0,78.0,55.0,0.50416,0.0,38.0,0.0,0.0,0.5169,계속 간 채로 있잖아…,계속 느끼고 있잖아…,타임스탬프 사진과 장면 흐름으로 명백한 오인식 교정,30.55,T4,구조검사 통과 시 유지,,43.84236453201971,36.13,P4,회귀검사 통과 시 유지
SSIS-908,사진 대조 재번역본,127,"00:21:35,560 --> 00:21:40,030",4.47,아…,묻고 있잖아…,뭘 구걸하는 거야?,반응형,,,,,45.0,80.0,50.0,78.0,55.0,0.26345,12.54,38.0,0.0,0.0,0.7545,"싫어, 아… 아… 아…",싫어… 아… 아…,일본어 원문 대조 + 자연스러운 한국어 대사 교정,22.7,T4,구조검사 통과 시 유지,,21.428571428571427,22.17,P4,회귀검사 통과 시 유지
SSIS-908,사진 대조 재번역본,128,"00:21:40,030 --> 00:21:41,290",1.26,뭘 구걸하는 거야?,아…,"자, 직접 해.",반말형,,,,,45.0,80.0,50.0,78.0,55.0,0.55502,0.0,38.0,0.0,0.0,0.4206,뭘 찍게 한 거야?,뭘 찍은 거야?,손상된 일본어 ASR + 타임스탬프 사진 + 앞뒤 문맥 추론,32.69,T4,구조검사 통과 시 유지,,53.94088669950739,41.62,P3,말투·질문응답·가독성 위주 검토
SSIS-908,사진 대조 재번역본,129,"00:21:42,270 --> 00:21:44,270",2.0,"자, 직접 해.",뭘 구걸하는 거야?,"자, 직접 써서…",반말형,,,,,45.0,80.0,50.0,78.0,55.0,0.54851,0.0,38.0,0.0,0.0,0.3202,직접 만지는 게 더 기분 좋아...,직접 만지는 게 더 기분 좋아…,,32.42,T4,구조검사 통과 시 유지,,52.21674876847291,40.73,P3,말투·질문응답·가독성 위주 검토
SSIS-908,사진 대조 재번역본,130,"00:22:12,620 --> 00:22:15,000",2.38,"자, 직접 써서…","자, 직접 해.",응…,중립·혼합형,,,,,45.0,80.0,50.0,78.0,55.0,0.61204,0.0,38.0,0.0,0.0,0.2432,직접 만지는 게 더 기분 좋아...,직접 만지는 게 더 기분 좋아…,,35.09,T3,화자·문맥·자연스러움 집중 검토,,61.57635467980296,46.21,P3,말투·질문응답·가독성 위주 검토
SSIS-908,사진 대조 재번역본,131,"00:22:18,190 --> 00:22:20,450",2.26,응…,"자, 직접 써서…",그래…,반응형,,,,,45.0,80.0,50.0,78.0,55.0,0.2962,0.0,38.0,0.0,0.0,0.3585,응… [안전상 번역 불가]…,응… [불명]…,,21.82,T4,구조검사 통과 시 유지,,18.7192118226601,20.52,P4,회귀검사 통과 시 유지
SSIS-908,사진 대조 재번역본,132,"00:22:20,450 --> 00:22:21,710",1.26,그래…,응…,"하아, 하… 하… 응… 하, 아… 하… 하… 음… 응… 응…",중립·혼합형,,,,,45.0,80.0,50.0,78.0,55.0,0.29234,0.0,38.0,0.0,0.0,0.1391,"아, 그래.",간다.,화면 영문 자막 대조,21.66,T4,구조검사 통과 시 유지,,18.226600985221676,20.22,P4,회귀검사 통과 시 유지
SSIS-908,사진 대조 재번역본,133,"00:22:21,710 --> 00:23:23,660",61.95,"하아, 하… 하… 응… 하, 아… 하… 하… 음… 응… 응…",그래…,응… 나올 것 같아…,중립·혼합형,,,,,45.0,80.0,50.0,78.0,55.0,0.66985,0.0,38.0,0.0,0.0,0.2237,"하아, 하아...","하아, 하아…",,37.51,T3,화자·문맥·자연스러움 집중 검토,,69.45812807881774,50.93,P3,말투·질문응답·가독성 위주 검토
SSIS-908,사진 대조 재번역본,134,"00:23:23,660 --> 00:23:27,420",3.76,응… 나올 것 같아…,"하아, 하… 하… 응… 하, 아… 하… 하… 음… 응… 응…",나왔어? 안에 나왔어?,반응형,,,,,45.0,80.0,50.0,78.0,55.0,0.54923,0.0,38.0,0.0,0.0,0.2312,갈 것 같아.,진짜 갈 것 같아.,일본어 원문 대조 + 자연스러운 한국어 대사 교정,32.45,T4,구조검사 통과 시 유지,,52.83251231527094,41.01,P3,말투·질문응답·가독성 위주 검토
SSIS-908,사진 대조 재번역본,135,"00:24:38,020 --> 00:24:43,380",5.36,나왔어? 안에 나왔어?,응… 나올 것 같아…,그치?,반응형,,,,,45.0,80.0,50.0,78.0,55.0,0.53998,0.0,38.0,0.0,0.0,0.5315,나왔어…? [안전상 번역 불가]… 나왔어?,나왔어…? [불명]… 나왔어?,,32.06,T4,구조검사 통과 시 유지,,50.24630541871922,39.7,P4,회귀검사 통과 시 유지
SSIS-908,사진 대조 재번역본,136,"00:24:43,380 --> 00:24:43,460",0.08,그치?,나왔어? 안에 나왔어?,알았어.,중립·혼합형,,,,,45.0,80.0,50.0,78.0,55.0,0.3608,0.0,38.0,70.0,0.0,0.5055,우리도 그러고 싶죠. 그치?,저희도 그러고 싶어요. 그렇지?,한국어 자연화,31.53,T4,구조검사 통과 시 유지,high_cps,47.783251231527096,38.36,P4,회귀검사 통과 시 유지
SSIS-908,사진 대조 재번역본,137,"00:24:43,720 --> 00:24:44,560",0.84,알았어.,그치?,뭐 하는 거야?,반응형,,,,,45.0,80.0,50.0,78.0,55.0,0.40356,0.0,38.0,0.0,0.0,0.6279,이제 알았어...,[불명],,26.33,T4,구조검사 통과 시 유지,,30.295566502463057,28.0,P4,회귀검사 통과 시 유지
SSIS-908,사진 대조 재번역본,138,"00:24:47,940 --> 00:24:48,860",0.92,뭐 하는 거야?,알았어.,뒤로 가지 마.,반말형,,,,,45.0,80.0,50.0,78.0,55.0,0.66947,2.05,38.0,0.0,0.0,0.6671,뭐라고 하는 거야?,뭐라고 말해야 해?,일본어 원문 대조 + 자연스러운 한국어 대사 교정,37.87,T3,화자·문맥·자연스러움 집중 검토,,70.93596059113301,51.76,P3,말투·질문응답·가독성 위주 검토
SSIS-908,사진 대조 재번역본,139,"00:24:48,860 --> 00:24:50,500",1.64,뒤로 가지 마.,뭐 하는 거야?,더 크게 말해.,반말형,,,,,45.0,80.0,50.0,78.0,55.0,0.66175,0.0,38.0,0.0,0.0,0.4,하지 마.,잠깐만.,손상된 일본어 ASR + 타임스탬프 사진 + 앞뒤 문맥 추론,37.17,T3,화자·문맥·자연스러움 집중 검토,,68.4729064039409,50.32,P3,말투·질문응답·가독성 위주 검토
SSIS-908,사진 대조 재번역본,140,"00:25:05,400 --> 00:25:05,860",0.46,더 크게 말해.,뒤로 가지 마.,안 들려.,반말형,,,,,45.0,80.0,50.0,78.0,55.0,0.65472,0.0,38.0,0.0,0.0,0.3556,더 크게 만들려고.,진짜 더 커졌네.,,36.88,T3,화자·문맥·자연스러움 집중 검토,,67.24137931034483,49.63,P3,말투·질문응답·가독성 위주 검토
SSIS-908,사진 대조 재번역본,141,"00:25:08,220 --> 00:25:09,160",0.94,안 들려.,더 크게 말해.,기분 좋다고 말해.,중립·혼합형,,,,,45.0,80.0,50.0,78.0,55.0,0.53339,0.0,38.0,0.0,0.0,0.6475,소리가 다 들려.,소리가 다 들리네.,손상된 일본어 ASR + 타임스탬프 사진 + 앞뒤 문맥 추론,31.78,T4,구조검사 통과 시 유지,,48.645320197044335,38.86,P4,회귀검사 통과 시 유지
SSIS-908,사진 대조 재번역본,142,"00:25:18,050 --> 00:25:18,670",0.62,기분 좋다고 말해.,안 들려.,기분 좋아?,반말형,,,,,45.0,80.0,50.0,78.0,55.0,0.71263,0.0,38.0,0.0,0.0,0.4945,좋다고 생각해.,좋은 것 같아.,일본어 원문 대조 + 자연스러운 한국어 대사 교정,39.31,T3,화자·문맥·자연스러움 집중 검토,,74.8768472906404,54.25,P3,말투·질문응답·가독성 위주 검토
SSIS-908,사진 대조 재번역본,143,"00:27:01,510 --> 00:27:02,330",0.82,기분 좋아?,기분 좋다고 말해.,기분 좋아?,반응형,,,,,45.0,80.0,50.0,78.0,55.0,0.53845,0.0,38.0,0.0,0.0,0.6134,"아, 거기... 기분 좋아?","아, 거기… 기분 좋아?",,32.0,T4,구조검사 통과 시 유지,,49.50738916256158,39.35,P4,회귀검사 통과 시 유지
SSIS-908,사진 대조 재번역본,144,"00:27:03,110 --> 00:27:04,170",1.06,기분 좋아?,기분 좋아?,잘됐네.,반응형,,,,,45.0,80.0,50.0,78.0,55.0,0.40849,0.0,38.0,0.0,0.0,0.6134,"아, 거기... 기분 좋아?","아, 거기… 기분 좋아?",,26.54,T4,구조검사 통과 시 유지,,30.78817733990148,28.32,P4,회귀검사 통과 시 유지
SSIS-908,사진 대조 재번역본,145,"00:27:04,170 --> 00:27:05,570",1.4,잘됐네.,기분 좋아?,"아니, 아니. 잠깐만.",반말형,,,,,45.0,80.0,50.0,78.0,55.0,0.40313,0.0,38.0,0.0,0.0,0.2934,좀 쉬게 됐네.,이제 좀 쉬자.,,26.31,T4,구조검사 통과 시 유지,,30.049261083743843,27.88,P4,회귀검사 통과 시 유지
SSIS-908,사진 대조 재번역본,146,"00:28:04,970 --> 00:28:06,910",1.94,"아니, 아니. 잠깐만.",잘됐네.,직접 움직여.,반응형,,,,,45.0,80.0,50.0,78.0,55.0,0.6894,0.0,38.0,0.0,0.0,0.4567,하아… 잠깐만.,목욕물 받아 놓은 거지?,일본어 원문 + 타임스탬프 사진 + 장면 연속성,38.33,T3,화자·문맥·자연스러움 집중 검토,,72.41379310344827,52.65,P3,말투·질문응답·가독성 위주 검토
SSIS-908,사진 대조 재번역본,147,"00:29:21,290 --> 00:29:22,870",1.58,직접 움직여.,"아니, 아니. 잠깐만.",뭐야? 직접 움직이니까 기분 좋아?,중립·혼합형,,,,,45.0,80.0,50.0,78.0,59.0,0.68935,0.0,38.0,0.0,0.0,0.5213,몸이 저절로 움직여.,몸이 저절로 움직이네.,손상된 일본어 ASR + 타임스탬프 사진 + 앞뒤 문맥 추론,38.57,T3,화자·문맥·자연스러움 집중 검토,,73.39901477832512,53.2,P3,말투·질문응답·가독성 위주 검토
SSIS-908,사진 대조 재번역본,148,"00:30:05,530 --> 00:30:07,610",2.08,뭐야? 직접 움직이니까 기분 좋아?,직접 움직여.,제대로 움직여.,반응형,,,,,45.0,80.0,50.0,78.0,59.0,0.76601,0.0,38.0,0.0,0.0,0.3131,"아, 아... 뭐야?","아, 아… 뭐야?",,41.79,T3,화자·문맥·자연스러움 집중 검토,,83.2512315270936,59.2,P2,앞뒤 5블록·사진·오류 기억을 함께 검토
SSIS-908,사진 대조 재번역본,149,"00:30:24,540 --> 00:31:11,940",47.4,제대로 움직여.,뭐야? 직접 움직이니까 기분 좋아?,응.,중립·혼합형,,,,,45.0,80.0,50.0,78.0,59.0,0.55509,0.0,38.0,0.0,0.0,0.5251,몸이 저절로 움직여.,몸이 저절로 움직이네.,손상된 일본어 ASR + 타임스탬프 사진 + 앞뒤 문맥 추론,32.93,T4,구조검사 통과 시 유지,,54.679802955665025,42.06,P3,말투·질문응답·가독성 위주 검토
SSIS-908,사진 대조 재번역본,150,"00:31:12,420 --> 00:31:13,100",0.68,응.,제대로 움직여.,그렇게 잘하면서…,반응형,,,,,45.0,80.0,50.0,78.0,55.0,0.18314,0.0,38.0,0.0,0.0,0.4888,"하-, 응.",하아… 응.,,17.07,T4,구조검사 통과 시 유지,,4.926108374384237,11.97,P4,회귀검사 통과 시 유지
SSIS-908,사진 대조 재번역본,151,"00:31:20,790 --> 00:31:22,270",1.48,그렇게 잘하면서…,응.,끝까지 해.,중립·혼합형,,,,,45.0,80.0,50.0,78.0,55.0,0.61072,0.0,38.0,0.0,0.0,0.2306,그렇게 하면 안쪽이 꽉 차는 것 같아.,그렇게 하니까 안이 꽉 차네.,손상된 일본어 ASR + 타임스탬프 사진 + 앞뒤 문맥 추론,35.03,T3,화자·문맥·자연스러움 집중 검토,,61.330049261083744,46.08,P3,말투·질문응답·가독성 위주 검토
SSIS-908,사진 대조 재번역본,152,"00:31:34,960 --> 00:31:36,340",1.38,끝까지 해.,그렇게 잘하면서…,이제 못 움직이겠지.,반말형,,,,,45.0,80.0,50.0,78.0,55.0,0.62225,0.0,38.0,0.0,0.0,0.5285,끝까지 잘 해냈어.,끝까지 잘 해냈네.,대화체 종결 자연화,35.51,T3,화자·문맥·자연스러움 집중 검토,,62.80788177339901,46.98,P3,말투·질문응답·가독성 위주 검토
SSIS-908,사진 대조 재번역본,153,"00:32:57,280 --> 00:32:58,300",1.02,이제 못 움직이겠지.,끝까지 해.,됐으니까 제대로 움직여. 멈추지 말고.,반말형,,,,,45.0,80.0,50.0,78.0,59.0,0.86456,0.0,38.0,0.0,0.0,0.2191,이제 못 자잖아...,이제 못 자잖아…,,45.93,T3,화자·문맥·자연스러움 집중 검토,,91.62561576354679,65.12,P2,앞뒤 5블록·사진·오류 기억을 함께 검토
SSIS-908,사진 대조 재번역본,154,"00:34:57,380 --> 00:34:59,100",1.72,됐으니까 제대로 움직여. 멈추지 말고.,이제 못 움직이겠지.,"아, 그래.",반응형,,,,,45.0,80.0,50.0,78.0,59.0,0.89113,0.0,38.0,0.0,0.0,0.3125,멈추지 말고 계속하자.,멈추지 말고 계속해.,사진 장면 확인 및 한국어 번역투 교정,47.05,T3,화자·문맥·자연스러움 집중 검토,,93.10344827586206,66.39,P2,앞뒤 5블록·사진·오류 기억을 함께 검토
SSIS-908,사진 대조 재번역본,155,"00:35:38,620 --> 00:35:39,480",0.86,"아, 그래.",됐으니까 제대로 움직여. 멈추지 말고.,어…,반응형,,,,,45.0,80.0,50.0,78.0,55.0,0.3711,42.0,38.0,0.0,0.0,1.0,"아, 그래.",간다.,화면 영문 자막 대조,32.53,T4,구조검사 통과 시 유지,,53.20197044334976,41.21,P3,말투·질문응답·가독성 위주 검토
SSIS-908,사진 대조 재번역본,156,"00:35:39,480 --> 00:35:40,700",1.22,어…,"아, 그래.",이거 어떻게 닦지?,반응형,,,,,45.0,80.0,50.0,78.0,55.0,0.27741,0.0,38.0,0.0,0.0,0.2588,나왔어…,"아, 물 나왔어…",,21.03,T4,구조검사 통과 시 유지,,15.270935960591133,18.61,P4,회귀검사 통과 시 유지
SSIS-908,사진 대조 재번역본,157,"00:36:00,050 --> 00:36:02,090",2.04,이거 어떻게 닦지?,어…,"아, 카에데 씨. 이 종류인데…",반응형,,,사진 장면 확인 및 한국어 번역투·ASR 오역 교정,높음,58.0,96.0,50.0,92.0,42.0,0.66075,0.0,22.0,0.0,0.0,0.354,어떻게 먹는 거?,어떤 식으로?,일본어 원문 대조 + 자연스러운 한국어 대사 교정,24.33,T4,구조검사 통과 시 유지,,26.60098522167488,25.28,P4,회귀검사 통과 시 유지
SSIS-908,사진 대조 재번역본,158,"00:37:42,100 --> 00:37:45,180",3.08,"아, 카에데 씨. 이 종류인데…",이거 어떻게 닦지?,응.,반응형,,,,,45.0,80.0,50.0,78.0,55.0,0.76713,0.0,38.0,0.0,0.0,0.3077,카에데 후와 씨라는…,카에데 후우아 씨라는 분입니다.,출연자 이름 오인식 교정,41.6,T3,화자·문맥·자연스러움 집중 검토,,82.51231527093597,58.78,P2,앞뒤 5블록·사진·오류 기억을 함께 검토
SSIS-908,사진 대조 재번역본,159,"00:37:45,180 --> 00:37:45,340",0.16,응.,"아, 카에데 씨. 이 종류인데…",이런… 이런 건데… 괜찮을까?,반응형,,,,,45.0,80.0,50.0,78.0,55.0,0.15939,0.0,38.0,0.0,0.0,0.4888,"하-, 응.",하아… 응.,,16.07,T4,구조검사 통과 시 유지,,4.433497536945813,11.18,P4,회귀검사 통과 시 유지
SSIS-908,사진 대조 재번역본,160,"00:37:45,940 --> 00:37:48,080",2.14,이런… 이런 건데… 괜찮을까?,응.,응… 괜찮지 않아?,중립·혼합형,,,,,45.0,80.0,50.0,78.0,55.0,0.51144,0.0,38.0,0.0,0.0,0.1703,이런 거 좋아하지?,묶여 있는 거 좋아하지?,,30.86,T4,구조검사 통과 시 유지,,45.320197044334975,36.93,P4,회귀검사 통과 시 유지
SSIS-908,사진 대조 재번역본,161,"00:37:49,220 --> 00:37:51,140",1.92,응… 괜찮지 않아?,이런… 이런 건데… 괜찮을까?,이걸로 낼까?,반응형,,,,,45.0,80.0,50.0,78.0,55.0,0.50459,0.0,38.0,0.0,0.0,0.3547,너무 졸리지 않아?,눈썹도 예쁘네. 너무 진하지도 않고.,손상된 일본어 ASR + 타임스탬프 사진 + 앞뒤 문맥 추론,30.57,T4,구조검사 통과 시 유지,,44.08866995073892,36.25,P4,회귀검사 통과 시 유지
SSIS-908,사진 대조 재번역본,162,"00:37:51,140 --> 00:37:52,600",1.46,이걸로 낼까?,응… 괜찮지 않아?,"응, 디자인 멋져.",중립·혼합형,,,,,45.0,80.0,50.0,78.0,55.0,0.49499,0.0,38.0,0.0,0.0,0.113,이걸 끼우는 거야?,콘돔 끼는 거야?,일본어 원문 대조 + 자연스러운 한국어 대사 교정,30.17,T4,구조검사 통과 시 유지,,42.364532019704434,35.29,P4,회귀검사 통과 시 유지
SSIS-908,사진 대조 재번역본,163,"00:37:52,980 --> 00:37:54,960",1.98,"응, 디자인 멋져.",이걸로 낼까?,"아, 정말? 다행이다. 그럼 이걸로 제출할게.",반응형,,,,,45.0,80.0,50.0,78.0,55.0,0.39532,0.0,38.0,0.0,0.0,0.2019,"응, 더...","응, 더…",,25.98,T4,구조검사 통과 시 유지,,29.43349753694581,27.43,P4,회귀검사 통과 시 유지
SSIS-908,사진 대조 재번역본,164,"00:37:55,100 --> 00:37:57,420",2.32,"아, 정말? 다행이다. 그럼 이걸로 제출할게.","응, 디자인 멋져.",사장님한테?,중립·혼합형,,,,,45.0,80.0,50.0,78.0,55.0,0.63726,0.0,38.0,0.0,0.0,0.3826,정말?,응.,일본어 원문 + 타임스탬프 사진 + 장면 연속성,36.14,T3,화자·문맥·자연스러움 집중 검토,,64.65517241379311,48.12,P3,말투·질문응답·가독성 위주 검토
SSIS-908,사진 대조 재번역본,165,"00:37:57,580 --> 00:37:58,040",0.46,사장님한테?,"아, 정말? 다행이다. 그럼 이걸로 제출할게.",응.,중립·혼합형,,,,,45.0,80.0,50.0,78.0,55.0,0.18459,0.0,38.0,0.0,0.0,0.1442,역시 넌 해고야. 사장님을 때리면 안 되지.,"잠깐, 잠깐만…",타임스탬프 사진으로 장면 불일치 확인 후 재복원,17.13,T4,구조검사 통과 시 유지,,5.665024630541872,12.31,P4,회귀검사 통과 시 유지
SSIS-908,사진 대조 재번역본,166,"00:37:58,220 --> 00:37:58,340",0.12,응.,사장님한테?,응.,반응형,,,,,45.0,80.0,50.0,78.0,55.0,0.13127,0.0,38.0,25.0,0.0,0.4888,"하-, 응.",하아… 응.,,17.39,T4,구조검사 통과 시 유지,borderline_cps,6.403940886699508,12.78,P4,회귀검사 통과 시 유지
SSIS-908,사진 대조 재번역본,167,"00:37:59,100 --> 00:37:59,340",0.24,응.,응.,힘내.,반응형,,,,,45.0,80.0,50.0,78.0,55.0,0.19733,0.0,38.0,0.0,0.0,0.4888,"하-, 응.",하아… 응.,,17.67,T4,구조검사 통과 시 유지,,7.142857142857142,13.25,P4,회귀검사 통과 시 유지
SSIS-908,사진 대조 재번역본,168,"00:38:00,120 --> 00:38:00,780",0.66,힘내.,응.,바빠?,중립·혼합형,,,,,45.0,80.0,50.0,78.0,55.0,0.29466,0.0,38.0,0.0,0.0,0.2211,"네, 힘내면 돼.","응, 힘내면 돼.",사진 장면 확인 및 한국어 번역투·ASR 오역 교정,21.76,T4,구조검사 통과 시 유지,,18.472906403940886,20.38,P4,회귀검사 통과 시 유지
SSIS-908,사진 대조 재번역본,169,"00:38:21,680 --> 00:38:22,400",0.72,바빠?,힘내.,"응, 그럭저럭.",중립·혼합형,,,,,45.0,80.0,50.0,78.0,55.0,0.27069,0.0,38.0,0.0,0.0,0.0525,자지 끝 바로 밑?,귀두 바로 밑?,일본어 원문 대조 + 자연스러운 한국어 대사 교정,20.75,T4,구조검사 통과 시 유지,,14.285714285714285,18.03,P4,회귀검사 통과 시 유지
SSIS-908,사진 대조 재번역본,170,"00:38:23,960 --> 00:38:24,820",0.86,"응, 그럭저럭.",바빠?,점심 먹으러 가자.,반응형,,,,,45.0,80.0,50.0,78.0,55.0,0.41301,0.0,38.0,0.0,0.0,0.2166,"응, 더...","응, 더…",,26.73,T4,구조검사 통과 시 유지,,31.403940886699505,28.69,P4,회귀검사 통과 시 유지
SSIS-908,사진 대조 재번역본,171,"00:38:27,000 --> 00:38:27,900",0.9,점심 먹으러 가자.,"응, 그럭저럭.",가 보고 싶은 가게가 있어. 잠깐만 기다려.,반응형,,,,,45.0,80.0,50.0,78.0,55.0,0.48764,0.0,38.0,0.0,0.0,0.2586,"뭐, 먹으러.",벌써부터 그러지 마.,손상된 일본어 ASR + 타임스탬프 사진 + 앞뒤 문맥 추론,29.86,T4,구조검사 통과 시 유지,,41.13300492610838,34.59,P4,회귀검사 통과 시 유지
SSIS-908,사진 대조 재번역본,172,"00:38:30,740 --> 00:38:33,340",2.6,가 보고 싶은 가게가 있어. 잠깐만 기다려.,점심 먹으러 가자.,응.,중립·혼합형,,,,,45.0,80.0,50.0,78.0,55.0,0.756,0.0,38.0,0.0,0.0,0.3149,기다려...,기다려…,,41.13,T3,화자·문맥·자연스러움 집중 검토,,80.78817733990148,57.79,P3,말투·질문응답·가독성 위주 검토
SSIS-908,사진 대조 재번역본,173,"00:38:35,460 --> 00:38:35,620",0.16,응.,가 보고 싶은 가게가 있어. 잠깐만 기다려.,수고.,반응형,,,,,45.0,80.0,50.0,78.0,55.0,0.21296,0.0,38.0,0.0,0.0,0.4888,"하-, 응.",하아… 응.,,18.32,T4,구조검사 통과 시 유지,,8.620689655172415,14.25,P4,회귀검사 통과 시 유지
SSIS-908,사진 대조 재번역본,174,"00:38:48,590 --> 00:38:49,110",0.52,수고.,응.,수고.,중립·혼합형,,,,,45.0,80.0,50.0,78.0,55.0,0.22359,0.0,38.0,0.0,0.0,0.1661,수고하셨어요.,기분 좋으세요?,성행위 장면과 충돌한 표현 교정,18.77,T4,구조검사 통과 시 유지,,9.113300492610838,14.71,P4,회귀검사 통과 시 유지
SSIS-908,사진 대조 재번역본,175,"00:38:49,110 --> 00:38:50,290",1.18,수고.,수고.,수고.,중립·혼합형,,,,,45.0,80.0,50.0,78.0,55.0,0.24343,0.0,38.0,0.0,30.0,0.1661,수고하셨어요.,기분 좋으세요?,성행위 장면과 충돌한 표현 교정,22.0,T4,구조검사 통과 시 유지,triple_identical_run,19.21182266009852,20.83,P4,회귀검사 통과 시 유지
SSIS-908,사진 대조 재번역본,176,"00:38:50,670 --> 00:38:51,030",0.36,수고.,수고.,수고.,중립·혼합형,,,,,45.0,80.0,50.0,78.0,55.0,0.24766,0.0,38.0,0.0,30.0,0.1661,수고하셨어요.,기분 좋으세요?,성행위 장면과 충돌한 표현 교정,22.18,T4,구조검사 통과 시 유지,triple_identical_run,19.950738916256157,21.24,P4,회귀검사 통과 시 유지
SSIS-908,사진 대조 재번역본,177,"00:38:51,190 --> 00:38:51,430",0.24,수고.,수고.,수고.,중립·혼합형,,,,,45.0,80.0,50.0,78.0,55.0,0.25101,0.0,38.0,0.0,30.0,0.1661,수고하셨어요.,기분 좋으세요?,성행위 장면과 충돌한 표현 교정,22.32,T4,구조검사 통과 시 유지,triple_identical_run,20.44334975369458,21.53,P4,회귀검사 통과 시 유지
SSIS-908,사진 대조 재번역본,178,"00:38:51,430 --> 00:38:51,510",0.08,수고.,수고.,후아 씨.,중립·혼합형,,,,,45.0,80.0,50.0,78.0,55.0,0.35894,0.0,38.0,70.0,0.0,0.1661,수고하셨어요.,기분 좋으세요?,성행위 장면과 충돌한 표현 교정,31.46,T4,구조검사 통과 시 유지,high_cps,47.53694581280788,38.21,P4,회귀검사 통과 시 유지
SSIS-908,사진 대조 재번역본,179,"00:38:52,470 --> 00:38:53,170",0.7,후아 씨.,수고.,네.,반응형,,,,,45.0,80.0,50.0,78.0,55.0,0.44732,0.0,38.0,0.0,0.0,0.0993,"후와 씨요. 그럼 후, 후와 씨는 쉬고 계세요.",후우아 씨요. 그럼 쉬고 계세요.,출연자 이름 및 반복 교정,28.17,T4,구조검사 통과 시 유지,,36.69950738916256,31.75,P4,회귀검사 통과 시 유지
SSIS-908,사진 대조 재번역본,180,"00:38:53,510 --> 00:38:53,770",0.26,네.,후아 씨.,이따가 런치 미팅 괜찮아?,반말형,,,,,45.0,80.0,50.0,78.0,55.0,0.24784,10.29,38.0,0.0,0.0,0.7358,"네, 네.",네.,불필요한 반복 제거,21.64,T4,구조검사 통과 시 유지,,17.733990147783253,20.0,P4,회귀검사 통과 시 유지
SSIS-908,사진 대조 재번역본,181,"00:38:54,030 --> 00:38:55,070",1.04,이따가 런치 미팅 괜찮아?,네.,"아, 네.",반응형,,,,,45.0,80.0,50.0,78.0,55.0,0.49661,0.0,38.0,0.0,0.0,0.2944,더 해줘도 돼? 더 해줘. 괜찮아?,더 해 줘도 돼? 더 해 줘. 괜찮아?,,30.24,T4,구조검사 통과 시 유지,,42.610837438423644,35.44,P4,회귀검사 통과 시 유지
SSIS-908,사진 대조 재번역본,182,"00:38:55,510 --> 00:38:56,270",0.76,"아, 네.",이따가 런치 미팅 괜찮아?,"응, 부탁해.",반응형,,,,,45.0,80.0,50.0,78.0,55.0,0.39142,0.0,38.0,0.0,0.0,0.6087,"아, 아, 아, 아, 아, 아, 아,","아, 아, 아, 아, 아, 아, 아",,25.82,T4,구조검사 통과 시 유지,,28.57142857142857,26.98,P4,회귀검사 통과 시 유지
SSIS-908,사진 대조 재번역본,183,"00:38:56,550 --> 00:38:57,190",0.64,"응, 부탁해.","아, 네.",오늘도 귀엽네.,반응형,,,,,45.0,80.0,50.0,78.0,55.0,0.55607,26.38,38.0,0.0,0.0,0.8699,부탁해.,그대로 해 줘.,손상된 일본어 ASR + 타임스탬프 사진 + 앞뒤 문맥 추론,37.48,T3,화자·문맥·자연스러움 집중 검토,,69.21182266009852,50.81,P3,말투·질문응답·가독성 위주 검토
SSIS-908,사진 대조 재번역본,184,"00:39:19,100 --> 00:39:20,220",1.12,오늘도 귀엽네.,"응, 부탁해.",기분 좋아.,반말형,,,,,45.0,80.0,50.0,78.0,55.0,0.59738,12.65,38.0,0.0,0.0,0.7555,귀엽네.,그냥 벗었을 뿐이야.,일본어 원문 + 타임스탬프 사진 + 장면 연속성,36.75,T3,화자·문맥·자연스러움 집중 검토,,66.50246305418719,49.25,P3,말투·질문응답·가독성 위주 검토
SSIS-908,사진 대조 재번역본,185,"00:39:21,380 --> 00:39:22,160",0.78,기분 좋아.,오늘도 귀엽네.,좋은 맛이 나네.,반응형,,,,,45.0,80.0,50.0,78.0,55.0,0.45891,42.0,38.0,0.0,0.0,1.0,기분 좋아.,"아, 좋아.",화면 영문 자막 대조,36.21,T3,화자·문맥·자연스러움 집중 검토,,65.27093596059113,48.42,P3,말투·질문응답·가독성 위주 검토
SSIS-908,사진 대조 재번역본,186,"00:39:35,980 --> 00:39:36,760",0.78,좋은 맛이 나네.,기분 좋아.,응.,반말형,,,,,45.0,80.0,50.0,78.0,55.0,0.43633,0.0,38.0,0.0,0.0,0.2525,"좋은 느낌? 응, 좋은 느낌.","괜찮아? 응, 좋아.",일본어 원문 대조 + 자연스러운 한국어 대사 교정,27.71,T4,구조검사 통과 시 유지,,35.09852216748769,30.81,P4,회귀검사 통과 시 유지
SSIS-908,사진 대조 재번역본,187,"00:39:37,700 --> 00:39:37,900",0.2,응.,좋은 맛이 나네.,응?,반응형,,,,,45.0,80.0,50.0,78.0,55.0,0.14805,0.0,38.0,0.0,0.0,0.4888,"하-, 응.",하아… 응.,,15.6,T4,구조검사 통과 시 유지,,3.9408866995073892,10.7,P4,회귀검사 통과 시 유지
SSIS-908,사진 대조 재번역본,188,"00:40:11,280 --> 00:40:11,460",0.18,응?,응.,왜 그래?,반응형,,,,,45.0,80.0,50.0,78.0,55.0,0.22196,0.0,38.0,0.0,0.0,0.4358,응? 잠깐 기다려…,응? 잠깐만…,일본어 원문 대조 + 자연스러운 한국어 대사 교정,18.7,T4,구조검사 통과 시 유지,,8.866995073891626,14.57,P4,회귀검사 통과 시 유지
SSIS-908,사진 대조 재번역본,189,"00:40:12,660 --> 00:40:13,400",0.74,왜 그래?,응?,쉬지 마.,중립·혼합형,,,,,45.0,80.0,50.0,78.0,55.0,0.50075,7.61,38.0,0.0,0.0,0.7135,"음-, 왜 그래?",음… 왜 그래?,,31.78,T4,구조검사 통과 시 유지,,48.645320197044335,38.86,P4,회귀검사 통과 시 유지
SSIS-908,사진 대조 재번역본,190,"00:40:15,140 --> 00:40:16,060",0.92,쉬지 마.,왜 그래?,응.,반말형,,,,,45.0,80.0,50.0,78.0,55.0,0.51908,0.0,38.0,0.0,0.0,0.489,하지 마.,잠깐만.,손상된 일본어 ASR + 타임스탬프 사진 + 앞뒤 문맥 추론,31.18,T4,구조검사 통과 시 유지,,46.55172413793103,37.64,P4,회귀검사 통과 시 유지
SSIS-908,사진 대조 재번역본,191,"00:40:17,980 --> 00:40:18,340",0.36,응.,쉬지 마.,응.,반응형,,,,,45.0,80.0,50.0,78.0,55.0,0.26673,0.0,38.0,0.0,0.0,0.4888,"하-, 응.",하아… 응.,,20.58,T4,구조검사 통과 시 유지,,13.793103448275861,17.73,P4,회귀검사 통과 시 유지
SSIS-908,사진 대조 재번역본,192,"00:40:38,640 --> 00:40:39,120",0.48,응.,응.,"그래, 귀엽네.",반응형,,,,,45.0,80.0,50.0,78.0,55.0,0.23052,0.0,38.0,0.0,0.0,0.4888,"하-, 응.",하아… 응.,,19.06,T4,구조검사 통과 시 유지,,9.852216748768473,15.19,P4,회귀검사 통과 시 유지
SSIS-908,사진 대조 재번역본,193,"00:40:46,980 --> 00:40:48,960",1.98,"그래, 귀엽네.",응.,정말 깊숙이 들어가잖아.,반말형,,,,,45.0,80.0,50.0,78.0,55.0,0.51982,18.0,38.0,0.0,0.0,0.8,귀엽네.,그냥 벗었을 뿐이야.,일본어 원문 + 타임스탬프 사진 + 장면 연속성,34.45,T4,구조검사 통과 시 유지,,58.620689655172406,44.6,P3,말투·질문응답·가독성 위주 검토
SSIS-908,사진 대조 재번역본,194,"00:41:08,740 --> 00:41:10,300",1.56,정말 깊숙이 들어가잖아.,"그래, 귀엽네.",그래.,반응형,,,,,45.0,80.0,50.0,78.0,55.0,0.69416,0.0,38.0,0.0,0.0,0.555,엄청 깊이 들어가잖아...,엄청 깊이 들어가잖아…,,38.53,T3,화자·문맥·자연스러움 집중 검토,,73.15270935960592,53.07,P3,말투·질문응답·가독성 위주 검토
SSIS-908,사진 대조 재번역본,195,"00:41:15,500 --> 00:41:15,940",0.44,그래.,정말 깊숙이 들어가잖아.,착하네.,중립·혼합형,,,,,45.0,80.0,50.0,78.0,55.0,0.35495,28.84,38.0,0.0,0.0,0.8903,"아, 그래.",간다.,화면 영문 자막 대조,29.48,T4,구조검사 통과 시 유지,,40.02463054187192,33.91,P4,회귀검사 통과 시 유지
SSIS-908,사진 대조 재번역본,196,"00:41:17,340 --> 00:41:18,060",0.72,착하네.,그래.,사랑해.,반말형,,,,,45.0,80.0,50.0,78.0,55.0,0.34982,0.0,38.0,0.0,0.0,0.2063,야하네.,여긴 지저분하네.,화면 영문 자막 대조,24.07,T4,구조검사 통과 시 유지,,25.985221674876847,24.87,P4,회귀검사 통과 시 유지
SSIS-908,사진 대조 재번역본,197,"00:41:21,400 --> 00:41:22,680",1.28,사랑해.,착하네.,사랑해.,반말형,,,,,45.0,80.0,50.0,78.0,55.0,0.26631,0.0,38.0,0.0,0.0,0.2536,"하지만 앨리스, 이걸 사랑해 줘.","앨리스, 더 느껴 줘.",부자연스러운 명령문을 장면에 맞게 교정,20.57,T4,구조검사 통과 시 유지,,13.546798029556651,17.62,P4,회귀검사 통과 시 유지
SSIS-908,사진 대조 재번역본,198,"00:41:22,680 --> 00:41:23,160",0.48,사랑해.,사랑해.,"그래, 기분 좋아.",반말형,,,,,45.0,80.0,50.0,78.0,55.0,0.2096,0.0,38.0,0.0,0.0,0.2536,"하지만 앨리스, 이걸 사랑해 줘.","앨리스, 더 느껴 줘.",부자연스러운 명령문을 장면에 맞게 교정,18.18,T4,구조검사 통과 시 유지,,8.12807881773399,13.96,P4,회귀검사 통과 시 유지
SSIS-908,사진 대조 재번역본,199,"00:41:25,380 --> 00:41:26,920",1.54,"그래, 기분 좋아.",사랑해.,정말 귀엽네.,반응형,,,,,45.0,80.0,50.0,78.0,55.0,0.54218,5.06,38.0,0.0,0.0,0.6921,기분 좋아.,"아, 좋아.",화면 영문 자막 대조,33.06,T4,구조검사 통과 시 유지,,55.41871921182266,42.45,P3,말투·질문응답·가독성 위주 검토
SSIS-908,사진 대조 재번역본,200,"00:41:27,560 --> 00:41:47,340",19.78,정말 귀엽네.,"그래, 기분 좋아.",쉬지 마.,반말형,,,,,45.0,80.0,50.0,78.0,55.0,0.59076,28.5,38.0,0.0,0.0,0.8875,귀엽네.,그냥 벗었을 뿐이야.,일본어 원문 + 타임스탬프 사진 + 장면 연속성,39.32,T3,화자·문맥·자연스러움 집중 검토,,75.1231527093596,54.36,P3,말투·질문응답·가독성 위주 검토
SSIS-908,사진 대조 재번역본,201,"00:42:03,270 --> 00:42:04,290",1.02,쉬지 마.,정말 귀엽네.,응.,반말형,,,,,45.0,80.0,50.0,78.0,55.0,0.66764,0.0,38.0,0.0,0.0,0.489,하지 마.,잠깐만.,손상된 일본어 ASR + 타임스탬프 사진 + 앞뒤 문맥 추론,37.42,T3,화자·문맥·자연스러움 집중 검토,,68.96551724137932,50.67,P3,말투·질문응답·가독성 위주 검토
SSIS-908,사진 대조 재번역본,202,"00:42:28,380 --> 00:42:28,820",0.44,응.,쉬지 마.,응.,반응형,,,,,45.0,80.0,50.0,78.0,55.0,0.27261,0.0,38.0,0.0,0.0,0.4888,"하-, 응.",하아… 응.,,20.83,T4,구조검사 통과 시 유지,,14.532019704433496,18.18,P4,회귀검사 통과 시 유지
SSIS-908,사진 대조 재번역본,203,"00:42:28,920 --> 00:42:28,940",0.02,응.,응.,그래.,반응형,,,,,45.0,80.0,50.0,78.0,55.0,0.32508,0.0,38.0,70.0,0.0,0.4888,"하-, 응.",하아… 응.,,30.03,T4,구조검사 통과 시 유지,high_cps,42.11822660098522,35.11,P4,회귀검사 통과 시 유지
SSIS-908,사진 대조 재번역본,204,"00:42:52,100 --> 00:42:52,540",0.44,그래.,응.,"그래, 기분 좋아.",중립·혼합형,,,,,45.0,80.0,50.0,78.0,55.0,0.19382,28.84,38.0,0.0,0.0,0.8903,"아, 그래.",간다.,화면 영문 자막 대조,22.71,T4,구조검사 통과 시 유지,,21.67487684729064,22.28,P4,회귀검사 통과 시 유지
SSIS-908,사진 대조 재번역본,205,"00:42:54,920 --> 00:42:56,260",1.34,"그래, 기분 좋아.",그래.,아래는 벗을래?,반응형,,,,,45.0,80.0,50.0,78.0,55.0,0.45588,5.06,38.0,0.0,0.0,0.6921,기분 좋아.,"아, 좋아.",화면 영문 자막 대조,29.44,T4,구조검사 통과 시 유지,,39.532019704433495,33.68,P4,회귀검사 통과 시 유지
SSIS-908,사진 대조 재번역본,206,"00:43:08,330 --> 00:43:09,110",0.78,아래는 벗을래?,"그래, 기분 좋아.",응.,반응형,,,,,45.0,80.0,50.0,78.0,55.0,0.35674,0.0,38.0,0.0,0.0,0.1577,더 보지 소리 들려주지 않을래?,더 좋은 소리 들려주지 않을래?,타임스탬프 사진과 장면 흐름으로 명백한 오인식 교정,24.36,T4,구조검사 통과 시 유지,,26.84729064039409,25.4,P4,회귀검사 통과 시 유지
SSIS-908,사진 대조 재번역본,207,"00:43:09,810 --> 00:43:09,950",0.14,응.,아래는 벗을래?,좋네.,반응형,,,,,45.0,80.0,50.0,78.0,55.0,0.25652,0.0,38.0,0.0,0.0,0.4888,"하-, 응.",하아… 응.,,20.15,T4,구조검사 통과 시 유지,,12.068965517241379,16.76,P4,회귀검사 통과 시 유지
SSIS-908,사진 대조 재번역본,208,"00:43:09,950 --> 00:43:11,070",1.12,좋네.,응.,좋네.,반말형,,,,,45.0,80.0,50.0,78.0,55.0,0.24971,42.0,38.0,0.0,0.0,1.0,좋네.,좋아.,일본어 원문 대조 + 자연스러운 한국어 대사 교정,27.43,T4,구조검사 통과 시 유지,,33.004926108374384,29.77,P4,회귀검사 통과 시 유지
SSIS-908,사진 대조 재번역본,209,"00:43:11,110 --> 00:43:11,970",0.86,좋네.,좋네.,좋네.,반말형,,,,,45.0,80.0,50.0,78.0,55.0,0.29162,42.0,38.0,0.0,30.0,1.0,좋네.,좋아.,일본어 원문 대조 + 자연스러운 한국어 대사 교정,31.59,T4,구조검사 통과 시 유지,triple_identical_run,48.029556650246306,38.49,P4,회귀검사 통과 시 유지
SSIS-908,사진 대조 재번역본,210,"00:43:12,090 --> 00:43:12,950",0.86,좋네.,좋네.,좋네.,반말형,,,,,45.0,80.0,50.0,78.0,55.0,0.32493,42.0,38.0,0.0,30.0,1.0,좋네.,좋아.,일본어 원문 대조 + 자연스러운 한국어 대사 교정,32.99,T4,구조검사 통과 시 유지,triple_identical_run,54.92610837438424,42.2,P3,말투·질문응답·가독성 위주 검토
SSIS-908,사진 대조 재번역본,211,"00:43:49,260 --> 00:43:49,700",0.44,좋네.,좋네.,귀여워.,반말형,,,,,45.0,80.0,50.0,78.0,55.0,0.38598,42.0,38.0,0.0,0.0,1.0,좋네.,좋아.,일본어 원문 대조 + 자연스러운 한국어 대사 교정,33.15,T4,구조검사 통과 시 유지,,55.91133004926109,42.71,P3,말투·질문응답·가독성 위주 검토
SSIS-908,사진 대조 재번역본,212,"00:43:49,700 --> 00:43:49,940",0.24,귀여워.,좋네.,계속해.,중립·혼합형,,,,,45.0,80.0,50.0,78.0,55.0,0.47137,28.57,38.0,25.0,0.0,0.8881,엄청 귀여워.,매일 목욕해.,일본어 원문 + 타임스탬프 사진 + 장면 연속성,36.82,T3,화자·문맥·자연스러움 집중 검토,borderline_cps,66.99507389162561,49.49,P3,말투·질문응답·가독성 위주 검토
SSIS-908,사진 대조 재번역본,213,"00:43:52,640 --> 00:43:53,640",1.0,계속해.,귀여워.,좋네.,반말형,,,,,45.0,80.0,50.0,78.0,55.0,0.56692,0.0,38.0,0.0,0.0,0.3238,계속해서…,그대로 계속해.,손상된 일본어 ASR + 타임스탬프 사진 + 앞뒤 문맥 추론,33.19,T4,구조검사 통과 시 유지,,56.40394088669951,42.94,P3,말투·질문응답·가독성 위주 검토
SSIS-908,사진 대조 재번역본,214,"00:45:41,340 --> 00:45:44,140",2.8,좋네.,계속해.,좋네.,반말형,,,,,45.0,80.0,50.0,78.0,55.0,0.50617,42.0,38.0,0.0,0.0,1.0,좋네.,좋아.,일본어 원문 대조 + 자연스러운 한국어 대사 교정,38.2,T3,화자·문맥·자연스러움 집중 검토,,71.67487684729063,52.26,P3,말투·질문응답·가독성 위주 검토
SSIS-908,사진 대조 재번역본,215,"00:45:49,120 --> 00:45:51,380",2.26,좋네.,좋네.,좋네.,반말형,,,,,45.0,80.0,50.0,78.0,55.0,0.3042,42.0,38.0,0.0,30.0,1.0,좋네.,좋아.,일본어 원문 대조 + 자연스러운 한국어 대사 교정,32.12,T4,구조검사 통과 시 유지,triple_identical_run,50.73891625615764,39.94,P4,회귀검사 통과 시 유지
SSIS-908,사진 대조 재번역본,216,"00:45:58,800 --> 00:46:08,890",10.09,좋네.,좋네.,"아까 어떻게 하라고 했지?
전부 깨끗이 해.",반말형,,,,,45.0,80.0,50.0,78.0,55.0,0.50739,42.0,38.0,0.0,0.0,1.0,좋네.,좋아.,일본어 원문 대조 + 자연스러운 한국어 대사 교정,38.25,T3,화자·문맥·자연스러움 집중 검토,,72.16748768472905,52.5,P3,말투·질문응답·가독성 위주 검토
SSIS-908,사진 대조 재번역본,217,"00:48:15,410 --> 00:48:29,410",14.0,"아까 어떻게 하라고 했지?
전부 깨끗이 해.",좋네.,더 깨끗이 핥아. 이쪽으로 엉덩이를 돌려.,반말형,,,사진 장면 확인 및 한국어 번역투·ASR 오역 교정,높음,58.0,96.0,50.0,92.0,42.0,0.77509,0.0,22.0,0.0,0.0,0.3055,이따가 어떻게 해야 할지 가르쳐 줬잖아. 전부 깨끗하게 해.,아까 어떻게 하라고 했지? 전부 깨끗이 해.,사진 장면 확인 및 한국어 번역투·ASR 오역 교정,27.79,T4,구조검사 통과 시 유지,,35.714285714285715,31.12,P4,회귀검사 통과 시 유지
SSIS-908,사진 대조 재번역본,218,"00:48:58,770 --> 00:49:05,880",7.11,더 깨끗이 핥아. 이쪽으로 엉덩이를 돌려.,"아까 어떻게 하라고 했지?
전부 깨끗이 해.",좋지? 이대로 가.,중립·혼합형,,,,,45.0,80.0,50.0,78.0,63.0,0.96292,0.0,38.0,0.0,0.0,0.5734,더 [안전상 번역 불가]. 이쪽으로 엉덩이를 돌려.,더 [불명]. 이쪽으로 엉덩이를 돌려.,,50.3,T3,화자·문맥·자연스러움 집중 검토,,97.29064039408867,70.04,P2,앞뒤 5블록·사진·오류 기억을 함께 검토
SSIS-908,사진 대조 재번역본,219,"00:49:10,500 --> 00:49:11,920",1.42,좋지? 이대로 가.,더 깨끗이 핥아. 이쪽으로 엉덩이를 돌려.,"후지 군, 1억 엔 정도면 되니까 어떻게 안 될까?",반말형,,,,,45.0,80.0,50.0,78.0,55.0,0.67237,0.0,38.0,0.0,0.0,0.6272,좋지?,여기 좋지?,일본어 원문 대조 + 자연스러운 한국어 대사 교정,37.62,T3,화자·문맥·자연스러움 집중 검토,,70.19704433497537,51.3,P3,말투·질문응답·가독성 위주 검토
SSIS-908,사진 대조 재번역본,220,"00:50:08,020 --> 00:50:12,360",4.34,"후지 군, 1억 엔 정도면 되니까 어떻게 안 될까?",좋지? 이대로 가.,"아니, 저번에 5천만 엔 넣어 줬잖아.",반말형,,,,,45.0,80.0,50.0,78.0,55.0,0.92978,0.0,38.0,0.0,0.0,0.2085,어떻게 먹는 거?,어떤 식으로?,일본어 원문 대조 + 자연스러운 한국어 대사 교정,48.43,T3,화자·문맥·자연스러움 집중 검토,,94.82758620689656,67.92,P2,앞뒤 5블록·사진·오류 기억을 함께 검토
SSIS-908,사진 대조 재번역본,221,"00:50:13,320 --> 00:50:15,560",2.24,"아니, 저번에 5천만 엔 넣어 줬잖아.","후지 군, 1억 엔 정도면 되니까 어떻게 안 될까?","아니, 경쟁자가 나타나서 고객을 뺏길 것 같아서 말이야.
서비스를 강화하고 싶거든.",중립·혼합형,,,,,45.0,80.0,50.0,78.0,59.0,0.90476,0.0,38.0,0.0,0.0,0.1922,이따가 어떻게 해야 할지 가르쳐 줬잖아. 전부 깨끗하게 해.,아까 어떻게 하라고 했지? 전부 깨끗이 해.,사진 장면 확인 및 한국어 번역투·ASR 오역 교정,47.62,T3,화자·문맥·자연스러움 집중 검토,,93.8423645320197,67.03,P2,앞뒤 5블록·사진·오류 기억을 함께 검토
SSIS-908,사진 대조 재번역본,222,"00:50:15,920 --> 00:50:22,900",6.98,"아니, 경쟁자가 나타나서 고객을 뺏길 것 같아서 말이야.
서비스를 강화하고 싶거든.","아니, 저번에 5천만 엔 넣어 줬잖아.","있잖아, 우리는 벤처 캐피털이지 ATM이 아니야.",반말형,,,,,45.0,80.0,50.0,78.0,55.0,0.75579,0.0,38.0,0.0,0.0,0.2142,유두 말이야.,젖꼭지 말이야.,,41.12,T3,화자·문맥·자연스러움 집중 검토,,80.54187192118226,57.68,P3,말투·질문응답·가독성 위주 검토
SSIS-908,사진 대조 재번역본,223,"00:50:23,420 --> 00:50:28,120",4.7,"있잖아, 우리는 벤처 캐피털이지 ATM이 아니야.","아니, 경쟁자가 나타나서 고객을 뺏길 것 같아서 말이야.
서비스를 강화하고 싶거든.",결과를 못 내면 투자금을 회수할 거야.,반말형,,,,,45.0,80.0,50.0,78.0,55.0,0.77756,0.0,38.0,0.0,0.0,0.2193,"있잖아, 잠깐만...","있잖아, 잠깐만…",,42.04,T3,화자·문맥·자연스러움 집중 검토,,84.23645320197043,59.76,P2,앞뒤 5블록·사진·오류 기억을 함께 검토
SSIS-908,사진 대조 재번역본,224,"00:50:29,040 --> 00:50:32,300",3.26,결과를 못 내면 투자금을 회수할 거야.,"있잖아, 우리는 벤처 캐피털이지 ATM이 아니야.",그건 곤란해. 더 괜찮은 걸 소개해 줄 테니까. 또 그 소리냐.,반말형,,,,,45.0,80.0,50.0,78.0,55.0,0.74896,0.0,38.0,0.0,0.0,0.2207,싫은 거야.,싫어?,일본어 원문 대조 + 자연스러운 한국어 대사 교정,40.84,T3,화자·문맥·자연스러움 집중 검토,,78.81773399014779,56.79,P3,말투·질문응답·가독성 위주 검토
SSIS-908,사진 대조 재번역본,225,"00:50:33,960 --> 00:50:41,000",7.04,그건 곤란해. 더 괜찮은 걸 소개해 줄 테니까. 또 그 소리냐.,결과를 못 내면 투자금을 회수할 거야.,그만두세요.,반말형,,,,,45.0,80.0,50.0,78.0,55.0,0.91027,0.0,38.0,0.0,0.0,0.3161,"자, 더 해줄 테니까.","자, 더 해 줄 테니까.",,47.61,T3,화자·문맥·자연스러움 집중 검토,,93.59605911330048,66.92,P2,앞뒤 5블록·사진·오류 기억을 함께 검토
SSIS-908,사진 대조 재번역본,226,"00:50:48,250 --> 00:50:49,430",1.18,그만두세요.,그건 곤란해. 더 괜찮은 걸 소개해 줄 테니까. 또 그 소리냐.,이쪽 봐. 자.,존댓말형,,,,,45.0,80.0,50.0,78.0,55.0,0.42275,0.0,38.0,0.0,18.0,0.1241,쉬세요.,가 주세요.,장면과 충돌한 '쉬세요' 오역 교정,28.58,T4,구조검사 통과 시 유지,formality_shift,37.93103448275862,32.51,P4,회귀검사 통과 시 유지
SSIS-908,사진 대조 재번역본,227,"00:50:49,830 --> 00:50:50,770",0.94,이쪽 봐. 자.,그만두세요.,이쪽 보라고.,중립·혼합형,,,,,45.0,80.0,50.0,78.0,55.0,0.55497,0.0,38.0,0.0,0.0,0.4774,잘 자.,조금만 천천히…,타임스탬프 사진으로 장면 불일치 확인 후 재복원,32.69,T4,구조검사 통과 시 유지,,53.94088669950739,41.62,P3,말투·질문응답·가독성 위주 검토
SSIS-908,사진 대조 재번역본,228,"00:50:51,290 --> 00:50:52,510",1.22,이쪽 보라고.,이쪽 봐. 자.,부탁드려요.,중립·혼합형,,,,,45.0,80.0,50.0,78.0,55.0,0.48489,0.0,38.0,0.0,0.0,0.2524,이쪽 보면서 할 수 있어.,이쪽 보면서 해 줘.,일본어 원문 대조 + 자연스러운 한국어 대사 교정,29.75,T4,구조검사 통과 시 유지,,40.88669950738916,34.43,P4,회귀검사 통과 시 유지
SSIS-908,사진 대조 재번역본,229,"00:50:53,430 --> 00:50:53,830",0.4,부탁드려요.,이쪽 보라고.,부탁드려요.,중립·혼합형,,,,,45.0,80.0,50.0,78.0,55.0,0.28057,0.0,38.0,0.0,0.0,0.2223,잘 부탁드립니다.,좋은 아침입니다.,,21.16,T4,구조검사 통과 시 유지,,16.00985221674877,19.0,P4,회귀검사 통과 시 유지
SSIS-908,사진 대조 재번역본,230,"00:50:53,830 --> 00:51:03,430",9.6,부탁드려요.,부탁드려요.,네 엉덩이까지 깨끗이 핥아.,중립·혼합형,,,,,45.0,80.0,50.0,78.0,55.0,0.41069,0.0,38.0,0.0,0.0,0.2223,잘 부탁드립니다.,좋은 아침입니다.,,26.63,T4,구조검사 통과 시 유지,,31.03448275862069,28.48,P4,회귀검사 통과 시 유지
SSIS-908,사진 대조 재번역본,231,"00:51:03,430 --> 00:51:04,510",1.08,네 엉덩이까지 깨끗이 핥아.,부탁드려요.,"자, 자, 자, 자.",반응형,,,사진 장면 확인 및 한국어 번역투·ASR 오역 교정,높음,58.0,96.0,50.0,92.0,50.0,0.9177,0.0,22.0,0.0,0.0,0.3053,혀로 핥아.,그대로 핥아 줘.,일본어 원문 대조 + 자연스러운 한국어 대사 교정,32.45,T4,구조검사 통과 시 유지,,52.83251231527094,41.01,P3,말투·질문응답·가독성 위주 검토
SSIS-908,사진 대조 재번역본,232,"00:51:05,250 --> 00:51:06,150",0.9,"자, 자, 자, 자.",네 엉덩이까지 깨끗이 핥아.,더 깊이 핥아.,중립·혼합형,,,,,45.0,80.0,50.0,78.0,55.0,0.54354,0.0,38.0,0.0,0.0,0.4503,잘 자.,조금만 천천히…,타임스탬프 사진으로 장면 불일치 확인 후 재복원,32.21,T4,구조검사 통과 시 유지,,50.98522167487685,40.1,P3,말투·질문응답·가독성 위주 검토
SSIS-908,사진 대조 재번역본,233,"00:51:09,030 --> 00:51:09,750",0.72,더 깊이 핥아.,"자, 자, 자, 자.",핥게 해 줘.,반응형,,,,,45.0,80.0,50.0,78.0,59.0,0.78878,0.0,38.0,0.0,0.0,0.536,혀로 핥아.,그대로 핥아 줘.,일본어 원문 대조 + 자연스러운 한국어 대사 교정,42.75,T3,화자·문맥·자연스러움 집중 검토,,86.69950738916256,61.21,P2,앞뒤 5블록·사진·오류 기억을 함께 검토
SSIS-908,사진 대조 재번역본,234,"00:51:13,970 --> 00:51:14,690",0.72,핥게 해 줘.,더 깊이 핥아.,"그래, 거기.",반말형,,,,,45.0,80.0,50.0,78.0,59.0,0.73382,16.77,38.0,0.0,0.0,0.7897,"더, 더 핥게 해 줘.","더 깊이, 더 깨끗이 핥아.",사진 장면 확인 및 한국어 번역투·ASR 오역 교정,43.46,T3,화자·문맥·자연스러움 집중 검토,,89.4088669950739,62.76,P2,앞뒤 5블록·사진·오류 기억을 함께 검토
SSIS-908,사진 대조 재번역본,235,"00:51:28,510 --> 00:51:35,490",6.98,"그래, 거기.",핥게 해 줘.,"더 깊이, 더 깨끗이 핥아.",중립·혼합형,,,,,45.0,80.0,50.0,78.0,55.0,0.57147,0.0,38.0,0.0,0.0,0.4309,아… 기분 좋아. 아… 거기 거기.,"아… 좋아. 거기, 거기.",일본어 원문 대조 + 자연스러운 한국어 대사 교정,33.38,T4,구조검사 통과 시 유지,,56.65024630541872,43.15,P3,말투·질문응답·가독성 위주 검토
SSIS-908,사진 대조 재번역본,236,"00:51:51,240 --> 00:52:08,040",16.8,"더 깊이, 더 깨끗이 핥아.","그래, 거기.","멈추지 마. 더, 더.",반응형,,,사진 장면 확인 및 한국어 번역투·ASR 오역 교정,높음,58.0,96.0,50.0,92.0,46.0,0.85212,0.0,22.0,0.0,0.0,0.3388,혀로 핥아.,그대로 핥아 줘.,일본어 원문 대조 + 자연스러운 한국어 대사 교정,30.29,T4,구조검사 통과 시 유지,,43.22660098522167,35.72,P4,회귀검사 통과 시 유지
SSIS-908,사진 대조 재번역본,237,"00:52:08,040 --> 00:52:10,220",2.18,"멈추지 마. 더, 더.","더 깊이, 더 깨끗이 핥아.",혀를 뾰족하게 세워.,반말형,,,사진 장면 확인 및 한국어 번역투·ASR 오역 교정,높음,58.0,96.0,50.0,92.0,42.0,0.71722,0.0,22.0,0.0,0.0,0.415,"더, 더, 더...","더, 더, 더…",,26.04,T4,구조검사 통과 시 유지,,29.802955665024633,27.62,P4,회귀검사 통과 시 유지
SSIS-908,사진 대조 재번역본,238,"00:52:20,950 --> 00:52:21,670",0.72,혀를 뾰족하게 세워.,"멈추지 마. 더, 더.","그만둬, 그만둬.",중립·혼합형,,,사진 장면 확인 및 한국어 번역투·ASR 오역 교정,높음,58.0,96.0,50.0,92.0,46.0,0.86562,0.0,22.0,0.0,0.0,0.164,"자, 혀를 더. 연필처럼.",혀를 뾰족하게 세워.,사진 장면 확인 및 한국어 번역투·ASR 오역 교정,30.7,T4,구조검사 통과 시 유지,,44.58128078817734,36.53,P4,회귀검사 통과 시 유지
SSIS-908,사진 대조 재번역본,239,"00:52:30,010 --> 00:52:33,090",3.08,"그만둬, 그만둬.",혀를 뾰족하게 세워.,그만둬. 그만둬.,중립·혼합형,,,,,45.0,80.0,50.0,78.0,55.0,0.41148,15.68,38.0,0.0,0.0,0.7807,"자, 그만둬, 그만둬. 더, 더, 더.","멈추지 마. 더, 더.",사진 장면 확인 및 한국어 번역투·ASR 오역 교정,29.48,T4,구조검사 통과 시 유지,,40.02463054187192,33.91,P4,회귀검사 통과 시 유지
SSIS-908,사진 대조 재번역본,240,"00:52:35,790 --> 00:52:36,510",0.72,그만둬. 그만둬.,"그만둬, 그만둬.",그만둬. 그만둬.,중립·혼합형,,,,,45.0,80.0,50.0,78.0,55.0,0.39256,0.0,38.0,0.0,0.0,0.6355,"자, 그만둬, 그만둬. 더, 더, 더.","멈추지 마. 더, 더.",사진 장면 확인 및 한국어 번역투·ASR 오역 교정,25.87,T4,구조검사 통과 시 유지,,28.817733990147783,27.11,P4,회귀검사 통과 시 유지
SSIS-908,사진 대조 재번역본,241,"00:52:40,950 --> 00:52:44,530",3.58,그만둬. 그만둬.,그만둬. 그만둬.,둘이 번갈아 해 봐.,중립·혼합형,,,,,45.0,80.0,50.0,78.0,55.0,0.46636,0.0,38.0,0.0,0.0,0.6355,"자, 그만둬, 그만둬. 더, 더, 더.","멈추지 마. 더, 더.",사진 장면 확인 및 한국어 번역투·ASR 오역 교정,28.97,T4,구조검사 통과 시 유지,,38.42364532019704,32.94,P4,회귀검사 통과 시 유지
SSIS-908,사진 대조 재번역본,242,"00:52:46,410 --> 00:52:47,350",0.94,둘이 번갈아 해 봐.,그만둬. 그만둬.,"자, 이번엔 네 차례야.",반응형,,,사진 장면 확인 및 한국어 번역투·ASR 오역 교정,높음,58.0,96.0,50.0,92.0,42.0,0.62568,0.0,22.0,0.0,0.0,0.2077,힘 좀 줘 봐... 제대로 해 봐.,힘 좀 줘 봐… 제대로 해 봐.,,23.27,T4,구조검사 통과 시 유지,,23.15270935960591,23.22,P4,회귀검사 통과 시 유지
SSIS-908,사진 대조 재번역본,243,"00:52:49,170 --> 00:52:54,850",5.68,"자, 이번엔 네 차례야.",둘이 번갈아 해 봐.,서로 바꿔서 해 봐.,반말형,,,,,45.0,80.0,50.0,78.0,55.0,0.67001,0.0,38.0,0.0,0.0,0.2593,이번엔 저도 애무해 주세요...,이번엔 저도 애무해 주세요…,,37.52,T3,화자·문맥·자연스러움 집중 검토,,69.70443349753694,51.04,P3,말투·질문응답·가독성 위주 검토
SSIS-908,사진 대조 재번역본,244,"00:52:55,150 --> 00:52:58,690",3.54,서로 바꿔서 해 봐.,"자, 이번엔 네 차례야.","자, 입어.",반말형,,,,,45.0,80.0,50.0,78.0,55.0,0.60824,0.0,38.0,0.0,0.0,0.2302,서로 다른 방식으로 해 보려고.,오늘은 서로 원하는 대로 해 보려고.,,34.93,T4,구조검사 통과 시 유지,,60.83743842364532,45.81,P3,말투·질문응답·가독성 위주 검토
SSIS-908,사진 대조 재번역본,245,"00:53:08,410 --> 00:53:11,250",2.84,"자, 입어.",서로 바꿔서 해 봐.,거기.,반응형,,,,,45.0,80.0,50.0,78.0,55.0,0.51432,0.0,38.0,0.0,0.0,0.248,"자, 입으로 해줘.","자, 입으로 해 줘.",,30.98,T4,구조검사 통과 시 유지,,46.30541871921182,37.42,P4,회귀검사 통과 시 유지
SSIS-908,사진 대조 재번역본,246,"00:53:14,530 --> 00:53:17,670",3.14,거기.,"자, 입어.","자, 이번엔 이쪽도.",중립·혼합형,,,,,45.0,80.0,50.0,78.0,55.0,0.28097,0.0,38.0,0.0,0.0,0.5962,아… 기분 좋아. 아… 거기 거기.,"아… 좋아. 거기, 거기.",일본어 원문 대조 + 자연스러운 한국어 대사 교정,21.18,T4,구조검사 통과 시 유지,,16.379310344827587,19.16,P4,회귀검사 통과 시 유지
SSIS-908,사진 대조 재번역본,247,"00:53:20,470 --> 00:53:22,970",2.5,"자, 이번엔 이쪽도.",거기.,"그래, 그대로.",중립·혼합형,,,,,45.0,80.0,50.0,78.0,55.0,0.47073,0.0,38.0,0.0,0.0,0.2841,이번엔 저도 애무해 주세요...,이번엔 저도 애무해 주세요…,,29.15,T4,구조검사 통과 시 유지,,38.669950738916256,33.15,P4,회귀검사 통과 시 유지
SSIS-908,사진 대조 재번역본,248,"00:53:23,830 --> 00:53:24,690",0.86,"그래, 그대로.","자, 이번엔 이쪽도.",나도 기분 좋게 해 줘.,중립·혼합형,,,,,45.0,80.0,50.0,78.0,55.0,0.43135,0.0,38.0,0.0,0.0,0.4503,그럼 그대로...,그럼 그대로…,,27.5,T4,구조검사 통과 시 유지,,33.743842364532014,30.12,P4,회귀검사 통과 시 유지
SSIS-908,사진 대조 재번역본,249,"00:53:26,570 --> 00:53:26,950",0.38,나도 기분 좋게 해 줘.,"그래, 그대로.",후지 씨는 어때?,반말형,,,,,45.0,80.0,50.0,78.0,55.0,0.59861,0.0,38.0,48.42,0.0,0.4576,너도 네 멋대로 했으니까 나도 기분 좋게 해줘.,너도 네 멋대로 했으니까 나도 기분 좋게 해 줘.,,39.36,T3,화자·문맥·자연스러움 집중 검토,high_cps,75.36945812807882,54.48,P3,말투·질문응답·가독성 위주 검토
SSIS-908,사진 대조 재번역본,250,"00:53:39,480 --> 00:53:40,660",1.18,후지 씨는 어때?,나도 기분 좋게 해 줘.,내가 기분 좋게 해 줄게.,반응형,,,사진 장면 확인 및 한국어 번역투·ASR 오역 교정,높음,58.0,96.0,50.0,92.0,42.0,0.61251,0.0,22.0,0.0,0.0,0.4467,어때? 맛은?,어때? 맛 평가해 줘.,일본어 원문 대조 + 자연스러운 한국어 대사 교정,22.87,T4,구조검사 통과 시 유지,,22.29064039408867,22.63,P4,회귀검사 통과 시 유지
SSIS-908,사진 대조 재번역본,251,"00:53:41,780 --> 00:53:42,520",0.74,내가 기분 좋게 해 줄게.,후지 씨는 어때?,둘이서 계속해.,반말형,,,사진 장면 확인 및 한국어 번역투·ASR 오역 교정,높음,58.0,96.0,50.0,92.0,42.0,0.74136,3.98,22.0,0.0,0.0,0.6831,"누나, 기분 좋게 해 줄게.",나도 기분 좋게 해 줄게.,사진 장면 확인 및 한국어 번역투·ASR 오역 교정,27.28,T4,구조검사 통과 시 유지,,32.51231527093596,29.48,P4,회귀검사 통과 시 유지
SSIS-908,사진 대조 재번역본,252,"00:53:46,740 --> 00:53:47,740",1.0,둘이서 계속해.,내가 기분 좋게 해 줄게.,기분 좋아.,반말형,,,사진 장면 확인 및 한국어 번역투·ASR 오역 교정,높음,58.0,96.0,50.0,92.0,42.0,0.55425,0.0,22.0,0.0,0.0,0.3152,둘이서?,그래.,타임스탬프 사진으로 장면 불일치 확인 후 재복원,21.11,T4,구조검사 통과 시 유지,,15.763546798029557,18.86,P4,회귀검사 통과 시 유지
SSIS-908,사진 대조 재번역본,253,"00:53:47,740 --> 00:53:48,500",0.76,기분 좋아.,둘이서 계속해.,"너희들, 더 세게 해.",반응형,,,,,45.0,80.0,50.0,78.0,55.0,0.46239,42.0,38.0,0.0,0.0,1.0,기분 좋아.,"아, 좋아.",화면 영문 자막 대조,36.36,T3,화자·문맥·자연스러움 집중 검토,,65.51724137931035,48.61,P3,말투·질문응답·가독성 위주 검토
SSIS-908,사진 대조 재번역본,254,"00:53:50,200 --> 00:53:52,700",2.5,"너희들, 더 세게 해.",기분 좋아.,빨리!,반말형,,,,,45.0,80.0,50.0,78.0,55.0,0.53811,0.0,38.0,0.0,0.0,0.5116,"너희들, 그만하세요. 너희들.",둘이서 계속해.,사진 장면 확인 및 한국어 번역투·ASR 오역 교정,31.98,T4,구조검사 통과 시 유지,,49.26108374384236,39.24,P4,회귀검사 통과 시 유지
SSIS-908,사진 대조 재번역본,255,"00:53:52,700 --> 00:53:55,960",3.26,빨리!,"너희들, 더 세게 해.","자, 더 세게.",중립·혼합형,,,,,45.0,80.0,50.0,78.0,55.0,0.18348,0.0,38.0,0.0,0.0,0.2365,빨리 핥아 봐.,빨리 핥아 줘.,화자 말투 자연화,17.09,T4,구조검사 통과 시 유지,,5.41871921182266,12.19,P4,회귀검사 통과 시 유지
SSIS-908,사진 대조 재번역본,256,"00:53:55,960 --> 00:53:58,140",2.18,"자, 더 세게.",빨리!,조금만 더. 그대로.,중립·혼합형,,,사진 장면 확인 및 한국어 번역투·ASR 오역 교정,높음,58.0,96.0,50.0,92.0,42.0,0.52635,0.0,22.0,0.0,0.0,0.3316,더 세게 해 줘.,더 세게.,일본어 원문 대조 + 자연스러운 한국어 대사 교정,20.27,T4,구조검사 통과 시 유지,,12.561576354679804,17.03,P4,회귀검사 통과 시 유지
SSIS-908,사진 대조 재번역본,257,"00:53:58,140 --> 00:53:59,360",1.22,조금만 더. 그대로.,"자, 더 세게.",좋아…,중립·혼합형,,,사진 장면 확인 및 한국어 번역투·ASR 오역 교정,높음,58.0,96.0,50.0,92.0,42.0,0.55225,0.0,22.0,0.0,0.0,0.4784,조금만 더...,조금만 더…,,21.05,T4,구조검사 통과 시 유지,,15.517241379310345,18.73,P4,회귀검사 통과 시 유지
SSIS-908,사진 대조 재번역본,258,"00:53:59,360 --> 00:54:01,160",1.8,좋아…,조금만 더. 그대로.,빠졌다!,반응형,,,사진 장면 확인 및 한국어 번역투·ASR 오역 교정,높음,58.0,96.0,50.0,92.0,42.0,0.23154,2.79,22.0,0.0,0.0,0.6733,아- 기분 좋아…,아… 기분 좋아…,,11.71,T4,구조검사 통과 시 유지,,2.2167487684729066,7.72,P4,회귀검사 통과 시 유지
SSIS-908,사진 대조 재번역본,259,"00:54:01,160 --> 00:54:01,780",0.62,빠졌다!,좋아…,"더 해 달라고 말해야지.
하지메 군을 위해서 하는 거잖아?",중립·혼합형,,,사진 장면 확인 및 한국어 번역투·ASR 오역 교정,높음,58.0,96.0,50.0,92.0,42.0,0.19353,0.0,22.0,0.0,0.0,0.3054,떨어졌다!,빠졌다!,사진 장면 확인 및 한국어 번역투·ASR 오역 교정,10.2,T4,구조검사 통과 시 유지,,1.477832512315271,6.54,P4,회귀검사 통과 시 유지
SSIS-908,사진 대조 재번역본,260,"00:54:01,780 --> 00:54:05,100",3.32,"더 해 달라고 말해야지.
하지메 군을 위해서 하는 거잖아?",빠졌다!,제대로 조여.,반말형,,,사진 장면 확인 및 한국어 번역투·ASR 오역 교정,높음,58.0,96.0,50.0,92.0,42.0,0.58876,0.0,22.0,0.0,0.0,0.3609,"더 부탁한다고 해야지. 자, 자, 하지메 군을 위한 거 아니야?",더 해 달라고 말해야지. 하지메 군을 위해서 하는 거잖아?,사진 장면 확인 및 한국어 번역투·ASR 오역 교정,22.15,T4,구조검사 통과 시 유지,,19.704433497536947,21.12,P4,회귀검사 통과 시 유지
SSIS-908,사진 대조 재번역본,261,"00:54:05,100 --> 00:54:17,950",12.85,제대로 조여.,"더 해 달라고 말해야지.
하지메 군을 위해서 하는 거잖아?",뭐? 뭐? 뭐? 뭐?,중립·혼합형,,,사진 장면 확인 및 한국어 번역투·ASR 오역 교정,높음,58.0,96.0,50.0,92.0,42.0,0.48559,0.0,22.0,0.0,0.0,0.408,제대로 돼 있네.,제대로 가려지네.,일본어 원문 대조 + 자연스러운 한국어 대사 교정,19.03,T4,구조검사 통과 시 유지,,9.60591133004926,15.07,P4,회귀검사 통과 시 유지
SSIS-908,사진 대조 재번역본,262,"00:54:39,080 --> 00:54:40,040",0.96,뭐? 뭐? 뭐? 뭐?,제대로 조여.,"아, 간다!",중립·혼합형,,,,,45.0,80.0,50.0,78.0,55.0,0.23359,0.0,38.0,0.0,0.0,0.3746,뭐? 아침에 졸려? 하고 바로…,뭐? 아침부터 졸리다고 해 놓고…,사진 장면 확인 및 한국어 번역투·ASR 오역 교정,19.19,T4,구조검사 통과 시 유지,,10.098522167487685,15.37,P4,회귀검사 통과 시 유지
SSIS-908,사진 대조 재번역본,263,"00:54:50,480 --> 00:54:52,320",1.84,"아, 간다!",뭐? 뭐? 뭐? 뭐?,앗!,반응형,,,,,45.0,80.0,50.0,78.0,55.0,0.18344,0.0,38.0,0.0,0.0,0.3839,"아, 아, 아, 아, 아, 아, 아,","아, 아, 아, 아, 아, 아, 아",,17.08,T4,구조검사 통과 시 유지,,5.172413793103448,12.08,P4,회귀검사 통과 시 유지
SSIS-908,사진 대조 재번역본,264,"00:55:10,040 --> 00:55:11,700",1.66,앗!,"아, 간다!",좋아했었어.,반응형,,,,,45.0,80.0,50.0,78.0,55.0,0.10036,0.0,38.0,0.0,0.0,0.398,먹어줬으면 해서... 앗!,먹어줬으면 해서… 앗!,,13.6,T4,구조검사 통과 시 유지,,2.955665024630542,9.13,P4,회귀검사 통과 시 유지
SSIS-908,사진 대조 재번역본,265,"00:55:13,800 --> 00:55:16,640",2.84,좋아했었어.,앗!,아내와 이혼한다고 해서.,반응형,,,,,45.0,80.0,50.0,78.0,55.0,0.3289,0.0,38.0,0.0,0.0,0.1656,안 입었어.,안 보이네.,사진 장면 확인 및 한국어 번역투·ASR 오역 교정,23.19,T4,구조검사 통과 시 유지,,22.906403940886698,23.07,P4,회귀검사 통과 시 유지
SSIS-908,사진 대조 재번역본,266,"00:55:20,940 --> 00:55:29,180",8.24,아내와 이혼한다고 해서.,좋아했었어.,사랑한다고 해서 들떴었어.,반응형,,,,,45.0,80.0,50.0,78.0,55.0,0.64329,0.0,38.0,0.0,0.0,0.2428,저는 핥아 주셨으면 해서.,계속 핥아 줬으면 해요.,사진 장면 확인 및 한국어 번역투·ASR 오역 교정,36.4,T3,화자·문맥·자연스러움 집중 검토,,65.76354679802957,48.73,P3,말투·질문응답·가독성 위주 검토
SSIS-908,사진 대조 재번역본,267,"00:55:29,180 --> 00:55:31,640",2.46,사랑한다고 해서 들떴었어.,아내와 이혼한다고 해서.,안 된다는 걸 알면서도…,반응형,,,,,45.0,80.0,50.0,78.0,55.0,0.67953,0.0,38.0,0.0,0.0,0.1163,안 입었어.,안 보이네.,사진 장면 확인 및 한국어 번역투·ASR 오역 교정,37.92,T3,화자·문맥·자연스러움 집중 검토,,71.18226600985221,51.89,P3,말투·질문응답·가독성 위주 검토
SSIS-908,사진 대조 재번역본,268,"00:55:31,640 --> 00:55:33,180",1.54,안 된다는 걸 알면서도…,사랑한다고 해서 들떴었어.,불륜 관계를 질질 이어갔어.,중립·혼합형,,,,,45.0,80.0,50.0,78.0,55.0,0.76019,0.0,38.0,0.0,0.0,0.0935,안 돼.,"네, 놀랐어요.",타임스탬프 사진과 앞뒤 장면으로 대사 기능 복원,41.31,T3,화자·문맥·자연스러움 집중 검토,,81.2807881773399,58.1,P2,앞뒤 5블록·사진·오류 기억을 함께 검토
SSIS-908,사진 대조 재번역본,269,"00:55:37,680 --> 00:55:38,460",0.78,불륜 관계를 질질 이어갔어.,안 된다는 걸 알면서도…,1년 정도.,반응형,,,,,45.0,80.0,50.0,78.0,55.0,0.82218,0.0,38.0,0.0,0.0,0.3001,안 들어갔어.,밖 좀 봐봐.,일본어 원문 + 타임스탬프 사진 + 장면 연속성,43.91,T3,화자·문맥·자연스러움 집중 검토,,90.39408866995073,63.43,P2,앞뒤 5블록·사진·오류 기억을 함께 검토
SSIS-908,사진 대조 재번역본,270,"00:55:38,460 --> 00:55:40,220",1.76,1년 정도.,불륜 관계를 질질 이어갔어.,전부 거짓말이었어.,중립·혼합형,,,,,45.0,80.0,50.0,78.0,55.0,0.74133,0.0,38.0,0.0,0.0,0.5579,아직 한 10분 정도. 10년 정도.,조금 어려 보이지 않아요?,타임스탬프 사진과 앞뒤 장면으로 대사 기능 복원,40.52,T3,화자·문맥·자연스러움 집중 검토,,77.33990147783251,55.98,P3,말투·질문응답·가독성 위주 검토
SSIS-908,사진 대조 재번역본,271,"00:55:40,220 --> 00:55:43,960",3.74,전부 거짓말이었어.,1년 정도.,이용당했을 뿐이었어.,반응형,,,,,45.0,80.0,50.0,78.0,55.0,0.58774,0.0,38.0,0.0,0.0,0.2813,거짓말. 거짓말. 거짓말. 거짓말.,말도 안 돼…,손상된 일본어 ASR + 타임스탬프 사진 + 앞뒤 문맥 추론,34.07,T4,구조검사 통과 시 유지,,57.88177339901478,44.07,P3,말투·질문응답·가독성 위주 검토
SSIS-908,사진 대조 재번역본,272,"00:55:44,400 --> 00:55:48,060",3.66,이용당했을 뿐이었어.,전부 거짓말이었어.,나는 계속 후아를 좋아했어.,반응형,,,,,45.0,80.0,50.0,78.0,55.0,0.59391,0.0,38.0,0.0,0.0,0.1194,안 입었어.,안 보이네.,사진 장면 확인 및 한국어 번역투·ASR 오역 교정,34.32,T4,구조검사 통과 시 유지,,58.3743842364532,44.42,P3,말투·질문응답·가독성 위주 검토
SSIS-908,사진 대조 재번역본,273,"00:55:59,550 --> 00:56:01,150",1.6,나는 계속 후아를 좋아했어.,이용당했을 뿐이었어.,왜 더 일찍 말해주지 않았어?,반응형,,,,,45.0,80.0,50.0,78.0,55.0,0.78813,0.0,38.0,0.0,0.0,0.2697,계속 생각했어.,부끄러워? 뭔가 야하네.,일본어 원문 + 타임스탬프 사진 + 장면 연속성,42.48,T3,화자·문맥·자연스러움 집중 검토,,85.71428571428571,60.64,P2,앞뒤 5블록·사진·오류 기억을 함께 검토
SSIS-908,사진 대조 재번역본,274,"00:56:09,030 --> 00:56:12,990",3.96,왜 더 일찍 말해주지 않았어?,나는 계속 후아를 좋아했어.,"나, 더러워졌어.",반응형,,,,,45.0,80.0,50.0,78.0,55.0,0.78417,0.0,38.0,0.0,0.0,0.3954,이상하지 않았어?,오래 만난 사람은?,손상된 일본어 ASR + 타임스탬프 사진 + 앞뒤 문맥 추론,42.31,T3,화자·문맥·자연스러움 집중 검토,,84.97536945812809,60.23,P2,앞뒤 5블록·사진·오류 기억을 함께 검토
SSIS-908,사진 대조 재번역본,275,"00:56:48,870 --> 00:56:51,610",2.74,"나, 더러워졌어.",왜 더 일찍 말해주지 않았어?,자.,반응형,,,,,45.0,80.0,50.0,78.0,55.0,0.65921,0.0,38.0,0.0,0.0,0.3054,조금 무서워졌어.,아… 너무 깊어.,손상된 일본어 ASR + 타임스탬프 사진 + 앞뒤 문맥 추론,37.07,T3,화자·문맥·자연스러움 집중 검토,,67.98029556650246,50.05,P3,말투·질문응답·가독성 위주 검토
SSIS-908,사진 대조 재번역본,276,"00:56:58,490 --> 00:57:02,310",3.82,자.,"나, 더러워졌어.",자.,중립·혼합형,,,,,45.0,80.0,50.0,78.0,55.0,0.21555,22.19,38.0,0.0,0.0,0.8349,잘 자.,조금만 천천히…,타임스탬프 사진으로 장면 불일치 확인 후 재복원,22.43,T4,구조검사 통과 시 유지,,20.935960591133004,21.8,P4,회귀검사 통과 시 유지
SSIS-908,사진 대조 재번역본,277,"00:57:02,310 --> 00:57:02,770",0.46,자.,자.,아… 잠깐만…,중립·혼합형,,,,,45.0,80.0,50.0,78.0,55.0,0.50563,22.19,38.0,0.0,0.0,0.8349,잘 자.,조금만 천천히…,타임스탬프 사진으로 장면 불일치 확인 후 재복원,34.61,T4,구조검사 통과 시 유지,,59.35960591133005,45.0,P3,말투·질문응답·가독성 위주 검토
SSIS-908,사진 대조 재번역본,278,"00:57:03,890 --> 00:57:03,910",0.02,아… 잠깐만…,자.,안 돼…,반응형,,,타임스탬프 사진으로 장면 불일치 확인 후 재복원,중간,38.0,78.0,50.0,78.0,62.0,0.82713,28.87,38.0,70.0,0.0,0.8906,잠깐만…,나만 벗는 거야?,일본어 원문 + 타임스탬프 사진 + 장면 연속성,56.74,T3,화자·문맥·자연스러움 집중 검토,high_cps,99.26108374384236,74.6,P1,장면 패킷을 열고 후보 3개를 생성해 반증 검토
SSIS-908,사진 대조 재번역본,279,"00:57:04,610 --> 00:57:04,870",0.26,안 돼…,아… 잠깐만…,잠깐…,중립·혼합형,,,타임스탬프 사진으로 장면 불일치 확인 후 재복원,중간,38.0,78.0,50.0,78.0,62.0,0.5939,0.0,38.0,0.0,0.0,0.3472,지금 표정이 어때? 억지로 안 참아도 돼…,지금 표정이 어때? 억지로 참지 않아도 돼.,반복 표현과 어순 교정,34.74,T4,구조검사 통과 시 유지,,59.85221674876847,45.29,P3,말투·질문응답·가독성 위주 검토
SSIS-908,사진 대조 재번역본,280,"00:57:06,230 --> 00:57:06,790",0.56,잠깐…,안 돼…,조금만 천천히…,반응형,,,타임스탬프 사진으로 장면 불일치 확인 후 재복원,중간,38.0,78.0,50.0,78.0,62.0,0.43423,42.0,38.0,0.0,0.0,1.0,잠깐…,그리고…,일본어 원문 대조 + 자연스러운 한국어 대사 교정,35.6,T3,화자·문맥·자연스러움 집중 검토,,63.05418719211823,47.13,P3,말투·질문응답·가독성 위주 검토
SSIS-908,사진 대조 재번역본,281,"00:57:09,750 --> 00:57:10,270",0.52,조금만 천천히…,잠깐…,먹어도 돼?,중립·혼합형,,,타임스탬프 사진으로 장면 불일치 확인 후 재복원,중간,38.0,78.0,50.0,78.0,62.0,0.58835,0.0,38.0,0.0,0.0,0.3828,조금만 더...,조금만 더…,,34.51,T4,구조검사 통과 시 유지,,59.11330049261084,44.84,P3,말투·질문응답·가독성 위주 검토
SSIS-908,사진 대조 재번역본,282,"00:57:10,390 --> 00:57:10,530",0.14,먹어도 돼?,조금만 천천히…,기분 좋아?,반응형,,,,,45.0,80.0,50.0,78.0,55.0,0.4996,0.0,38.0,70.0,0.0,0.3103,더 해줘도 돼?,더 해 줘도 돼?,,37.36,T3,화자·문맥·자연스러움 집중 검토,high_cps,68.7192118226601,50.53,P3,말투·질문응답·가독성 위주 검토
SSIS-908,사진 대조 재번역본,283,"00:57:12,650 --> 00:57:12,990",0.34,기분 좋아?,먹어도 돼?,정말 기분 좋아.,반응형,,,,,45.0,80.0,50.0,78.0,55.0,0.28572,0.0,38.0,0.0,0.0,0.6134,"아, 거기... 기분 좋아?","아, 거기… 기분 좋아?",,21.38,T4,구조검사 통과 시 유지,,17.24137931034483,19.64,P4,회귀검사 통과 시 유지
SSIS-908,사진 대조 재번역본,284,"00:57:18,350 --> 00:57:19,090",0.74,정말 기분 좋아.,기분 좋아?,정말 기분 좋아.,반응형,,,,,45.0,80.0,50.0,78.0,55.0,0.41907,31.74,38.0,0.0,0.0,0.9145,"아, 정말 기분 좋아.",아… 조금 좋아.,,32.69,T4,구조검사 통과 시 유지,,53.94088669950739,41.62,P3,말투·질문응답·가독성 위주 검토
SSIS-908,사진 대조 재번역본,285,"00:57:19,770 --> 00:57:20,230",0.46,정말 기분 좋아.,정말 기분 좋아.,정말 기분 좋아. 고마워.,반응형,,,,,45.0,80.0,50.0,78.0,55.0,0.49052,31.74,38.0,0.0,0.0,0.9145,"아, 정말 기분 좋아.",아… 조금 좋아.,,35.69,T3,화자·문맥·자연스러움 집중 검토,,63.54679802955665,47.39,P3,말투·질문응답·가독성 위주 검토
SSIS-908,사진 대조 재번역본,286,"00:57:20,570 --> 00:57:24,310",3.74,정말 기분 좋아. 고마워.,정말 기분 좋아.,그거 대단해.,반응형,,,,,45.0,80.0,50.0,78.0,55.0,0.71155,12.67,38.0,0.0,0.0,0.7556,고마워.,손으로 잡아 줘.,일본어 원문 + 타임스탬프 사진 + 장면 연속성,41.55,T3,화자·문맥·자연스러움 집중 검토,,81.77339901477832,58.44,P2,앞뒤 5블록·사진·오류 기억을 함께 검토
SSIS-908,사진 대조 재번역본,287,"00:57:25,310 --> 00:57:27,250",1.94,그거 대단해.,정말 기분 좋아. 고마워.,엄청 깊이 들어왔어.,반말형,,,,,45.0,80.0,50.0,78.0,55.0,0.54775,19.01,38.0,0.0,0.0,0.8084,대단해.,기분 좋네.,일본어 원문 + 타임스탬프 사진 + 장면 연속성,35.81,T3,화자·문맥·자연스러움 집중 검토,,64.03940886699507,47.67,P3,말투·질문응답·가독성 위주 검토
SSIS-908,사진 대조 재번역본,288,"00:57:40,940 --> 00:57:42,360",1.42,엄청 깊이 들어왔어.,그거 대단해.,"음, 음… 음.",반응형,,,,,45.0,80.0,50.0,78.0,55.0,0.59564,33.06,38.0,0.0,0.0,0.9255,깊이 들어왔어.,엄청 깊이 들어갔어.,손상된 일본어 ASR + 타임스탬프 사진 + 앞뒤 문맥 추론,40.35,T3,화자·문맥·자연스러움 집중 검토,,77.0935960591133,55.78,P3,말투·질문응답·가독성 위주 검토
SSIS-908,사진 대조 재번역본,289,"00:58:11,300 --> 00:58:13,820",2.52,"음, 음… 음.",엄청 깊이 들어왔어.,우와… 음.,중립·혼합형,,,,,45.0,80.0,50.0,78.0,55.0,0.24049,0.0,38.0,0.0,0.0,0.414,"더 야하게 해 봐. 음, 음, 음... 그렇지!","더 야하게 해 봐. 음, 음, 음… 그렇지!",,19.48,T4,구조검사 통과 시 유지,,10.83743842364532,15.85,P4,회귀검사 통과 시 유지
SSIS-908,사진 대조 재번역본,290,"00:58:18,040 --> 00:58:22,000",3.96,우와… 음.,"음, 음… 음.","우와, 안쪽이 엄청 기분 좋아.",중립·혼합형,,,,,45.0,80.0,50.0,78.0,55.0,0.26614,0.0,38.0,0.0,0.0,0.2284,음...,음…,,20.56,T4,구조검사 통과 시 유지,,13.30049261083744,17.51,P4,회귀검사 통과 시 유지
SSIS-908,사진 대조 재번역본,291,"00:58:22,340 --> 00:58:24,760",2.42,"우와, 안쪽이 엄청 기분 좋아.",우와… 음.,"아, 좀 더 도와줘.",반응형,,,,,45.0,80.0,50.0,78.0,59.0,0.7353,0.77,38.0,0.0,0.0,0.6564,안쪽이 좋아.,대단하다.,일본어 원문 + 타임스탬프 사진 + 장면 연속성,40.64,T3,화자·문맥·자연스러움 집중 검토,,77.83251231527095,56.26,P3,말투·질문응답·가독성 위주 검토
SSIS-908,사진 대조 재번역본,292,"00:58:24,880 --> 00:58:27,880",3.0,"아, 좀 더 도와줘.","우와, 안쪽이 엄청 기분 좋아.",아… 더는 못 참겠어.,반응형,,,,,45.0,80.0,50.0,78.0,55.0,0.57372,0.0,38.0,0.0,0.0,0.324,좀 더 해 줘.,보여?,일본어 원문 + 타임스탬프 사진 + 장면 연속성,33.48,T4,구조검사 통과 시 유지,,57.14285714285714,43.42,P3,말투·질문응답·가독성 위주 검토
SSIS-908,사진 대조 재번역본,293,"00:58:30,440 --> 00:58:31,600",1.16,아… 더는 못 참겠어.,"아, 좀 더 도와줘.",앗.,반응형,,,타임스탬프 사진으로 장면 불일치 확인 후 재복원,중간,38.0,78.0,50.0,78.0,62.0,0.63809,0.0,38.0,0.0,0.0,0.2846,못 울겠어.,목이 막혀요.,사진 장면 확인 및 한국어 번역투·ASR 오역 교정,36.6,T3,화자·문맥·자연스러움 집중 검토,,66.00985221674877,48.95,P3,말투·질문응답·가독성 위주 검토
SSIS-908,사진 대조 재번역본,294,"00:58:32,660 --> 00:58:34,780",2.12,앗.,아… 더는 못 참겠어.,"아, 안 돼. 나도…",반응형,,,,,45.0,80.0,50.0,78.0,55.0,0.2993,0.0,38.0,0.0,0.0,0.4072,앗...,앗…,,21.95,T4,구조검사 통과 시 유지,,18.96551724137931,20.7,P4,회귀검사 통과 시 유지
SSIS-908,사진 대조 재번역본,295,"00:58:57,820 --> 00:58:59,200",1.38,"아, 안 돼. 나도…",앗.,아… 잠깐만…,반응형,,,,,45.0,80.0,50.0,78.0,55.0,0.67302,0.0,38.0,0.0,0.0,0.5438,안 돼.,"네, 놀랐어요.",타임스탬프 사진과 앞뒤 장면으로 대사 기능 복원,37.65,T3,화자·문맥·자연스러움 집중 검토,,70.6896551724138,51.53,P3,말투·질문응답·가독성 위주 검토
SSIS-908,사진 대조 재번역본,296,"00:59:05,860 --> 00:59:07,420",1.56,아… 잠깐만…,"아, 안 돼. 나도…",너무 세…,반응형,,,타임스탬프 사진으로 장면 불일치 확인 후 재복원,중간,38.0,78.0,50.0,78.0,62.0,0.47164,28.87,38.0,0.0,0.0,0.8906,잠깐만…,나만 벗는 거야?,일본어 원문 + 타임스탬프 사진 + 장면 연속성,34.81,T4,구조검사 통과 시 유지,,60.09852216748769,45.43,P3,말투·질문응답·가독성 위주 검토
SSIS-908,사진 대조 재번역본,297,"00:59:07,580 --> 00:59:08,540",0.96,너무 세…,아… 잠깐만…,조금만 천천히…,중립·혼합형,,,타임스탬프 사진으로 장면 불일치 확인 후 재복원,중간,38.0,78.0,50.0,78.0,62.0,0.67005,0.0,38.0,0.0,0.0,0.2575,"하아, 너무 기분 좋아...","하아, 너무 기분 좋아…",,37.94,T3,화자·문맥·자연스러움 집중 검토,,71.42857142857143,52.01,P3,말투·질문응답·가독성 위주 검토
SSIS-908,사진 대조 재번역본,298,"00:59:11,660 --> 00:59:13,600",1.94,조금만 천천히…,너무 세…,안 돼… 이대로는…,중립·혼합형,,,타임스탬프 사진으로 장면 불일치 확인 후 재복원,중간,38.0,78.0,50.0,78.0,62.0,0.50357,0.0,38.0,0.0,0.0,0.3828,조금만 더...,조금만 더…,,30.95,T4,구조검사 통과 시 유지,,46.05911330049261,37.3,P4,회귀검사 통과 시 유지
SSIS-908,사진 대조 재번역본,299,"00:59:24,670 --> 00:59:25,950",1.28,안 돼… 이대로는…,조금만 천천히…,아… 또 갈 것 같아…,중립·혼합형,,,타임스탬프 사진으로 장면 불일치 확인 후 재복원,중간,38.0,78.0,50.0,78.0,62.0,0.42977,0.0,38.0,0.0,0.0,0.1988,이대로 조금 더 해 주세요.,그대로 조금 더 해 줘.,손상된 일본어 ASR + 타임스탬프 사진 + 앞뒤 문맥 추론,27.85,T4,구조검사 통과 시 유지,,35.960591133004925,31.26,P4,회귀검사 통과 시 유지
SSIS-908,사진 대조 재번역본,300,"00:59:27,010 --> 00:59:29,370",2.36,아… 또 갈 것 같아…,안 돼… 이대로는…,"잠깐, 잠깐만…",반응형,,,타임스탬프 사진으로 장면 불일치 확인 후 재복원,중간,38.0,78.0,50.0,78.0,62.0,0.54692,0.0,38.0,0.0,0.0,0.4326,갈 것 같아.,진짜 갈 것 같아.,일본어 원문 대조 + 자연스러운 한국어 대사 교정,32.77,T4,구조검사 통과 시 유지,,54.43349753694581,41.87,P3,말투·질문응답·가독성 위주 검토
SSIS-908,사진 대조 재번역본,301,"00:59:47,480 --> 00:59:51,670",4.19,"잠깐, 잠깐만…",아… 또 갈 것 같아…,계속해…,반응형,,,타임스탬프 사진으로 장면 불일치 확인 후 재복원,중간,38.0,78.0,50.0,78.0,62.0,0.56143,18.0,38.0,0.0,0.0,0.8,잠깐만…,나만 벗는 거야?,일본어 원문 + 타임스탬프 사진 + 장면 연속성,36.62,T3,화자·문맥·자연스러움 집중 검토,,66.25615763546799,49.07,P3,말투·질문응답·가독성 위주 검토
SSIS-908,사진 대조 재번역본,302,"00:59:54,090 --> 00:59:55,250",1.16,계속해…,"잠깐, 잠깐만…",아… 좋아…,반말형,,,타임스탬프 사진으로 장면 불일치 확인 후 재복원,중간,38.0,78.0,50.0,78.0,62.0,0.44403,0.0,38.0,0.0,0.0,0.3009,계속해서…,그대로 계속해.,손상된 일본어 ASR + 타임스탬프 사진 + 앞뒤 문맥 추론,28.45,T4,구조검사 통과 시 유지,,37.68472906403941,32.33,P4,회귀검사 통과 시 유지
SSIS-908,사진 대조 재번역본,303,"00:59:55,250 --> 00:59:59,030",3.78,아… 좋아…,계속해…,더 깊이…,반응형,,,타임스탬프 사진으로 장면 불일치 확인 후 재복원,중간,38.0,78.0,50.0,78.0,62.0,0.42611,0.0,38.0,0.0,0.0,0.6207,아- 기분 좋아…,아… 기분 좋아…,,27.7,T4,구조검사 통과 시 유지,,34.72906403940887,30.65,P4,회귀검사 통과 시 유지
SSIS-908,사진 대조 재번역본,304,"01:00:26,890 --> 01:00:27,330",0.44,더 깊이…,아… 좋아…,"아, 거기…",중립·혼합형,,,타임스탬프 사진으로 장면 불일치 확인 후 재복원,중간,38.0,78.0,50.0,78.0,62.0,0.28204,0.0,38.0,0.0,0.0,0.1542,더 깊이 물어야 성기를 넣어 주지.,더 깊이 빨아야 자지 넣어 주지.,,21.65,T4,구조검사 통과 시 유지,,17.980295566502463,20.11,P4,회귀검사 통과 시 유지
SSIS-908,사진 대조 재번역본,305,"01:00:38,140 --> 01:00:39,840",1.7,"아, 거기…",더 깊이…,하아… 안 돼…,반응형,,,타임스탬프 사진으로 장면 불일치 확인 후 재복원,중간,38.0,78.0,50.0,78.0,62.0,0.40437,0.0,38.0,0.0,0.0,0.3825,"아, 아, 아, 아, 아, 아, 아,","아, 아, 아, 아, 아, 아, 아",,26.78,T4,구조검사 통과 시 유지,,31.773399014778324,28.88,P4,회귀검사 통과 시 유지
SSIS-908,사진 대조 재번역본,306,"01:01:00,070 --> 01:01:15,300",15.23,하아… 안 돼…,"아, 거기…",조금만…,반응형,,,타임스탬프 사진으로 장면 불일치 확인 후 재복원,중간,38.0,78.0,50.0,78.0,62.0,0.51739,10.36,38.0,0.0,0.0,0.7364,하아…,보여 줘.,일본어 원문 + 타임스탬프 사진 + 장면 연속성,33.4,T4,구조검사 통과 시 유지,,56.896551724137936,43.27,P3,말투·질문응답·가독성 위주 검토
SSIS-908,사진 대조 재번역본,307,"01:01:16,840 --> 01:01:20,680",3.84,조금만…,하아… 안 돼…,또 갈 것 같아…,중립·혼합형,,,타임스탬프 사진으로 장면 불일치 확인 후 재복원,중간,38.0,78.0,50.0,78.0,62.0,0.29217,0.0,38.0,0.0,0.0,0.2668,조금만 더...,조금만 더…,,22.07,T4,구조검사 통과 시 유지,,19.458128078817737,20.97,P4,회귀검사 통과 시 유지
SSIS-908,사진 대조 재번역본,308,"01:01:24,240 --> 01:01:25,180",0.94,또 갈 것 같아…,조금만…,나도…,반응형,,,타임스탬프 사진으로 장면 불일치 확인 후 재복원,중간,38.0,78.0,50.0,78.0,62.0,0.52353,0.0,38.0,0.0,0.0,0.4931,갈 것 같아.,진짜 갈 것 같아.,일본어 원문 대조 + 자연스러운 한국어 대사 교정,31.79,T4,구조검사 통과 시 유지,,49.01477832512315,39.02,P4,회귀검사 통과 시 유지
SSIS-908,사진 대조 재번역본,309,"01:01:38,900 --> 01:01:42,540",3.64,나도…,또 갈 것 같아…,같이 가자…,중립·혼합형,,,타임스탬프 사진으로 장면 불일치 확인 후 재복원,중간,38.0,78.0,50.0,78.0,62.0,0.18845,0.0,38.0,0.0,0.0,0.22,나도.,나도…,타임스탬프 사진으로 장면 불일치 확인 후 재복원,17.71,T4,구조검사 통과 시 유지,,7.635467980295567,13.48,P4,회귀검사 통과 시 유지
SSIS-908,사진 대조 재번역본,310,"01:01:46,260 --> 01:01:47,480",1.22,같이 가자…,나도…,아… 이제 한계야…,중립·혼합형,,,타임스탬프 사진으로 장면 불일치 확인 후 재복원,중간,38.0,78.0,50.0,78.0,62.0,0.3263,0.0,38.0,0.0,0.0,0.3608,같이 좀 가요.,그럼 같이 가요.,일본어 원문 대조 + 자연스러운 한국어 대사 교정,23.5,T4,구조검사 통과 시 유지,,24.137931034482758,23.77,P4,회귀검사 통과 시 유지
SSIS-908,사진 대조 재번역본,311,"01:01:47,520 --> 01:02:06,840",19.32,아… 이제 한계야…,같이 가자…,응…,반응형,,,타임스탬프 사진으로 장면 불일치 확인 후 재복원,중간,38.0,78.0,50.0,78.0,62.0,0.40317,0.0,38.0,0.0,0.0,0.2822,"싫어, 아… 아… 아…",싫어… 아… 아…,일본어 원문 대조 + 자연스러운 한국어 대사 교정,26.73,T4,구조검사 통과 시 유지,,31.403940886699505,28.69,P4,회귀검사 통과 시 유지
SSIS-908,사진 대조 재번역본,312,"01:02:07,460 --> 01:02:09,880",2.42,응…,아… 이제 한계야…,더…,반응형,,,타임스탬프 사진으로 장면 불일치 확인 후 재복원,중간,38.0,78.0,50.0,78.0,62.0,0.22511,0.0,38.0,0.0,0.0,0.3585,응… [안전상 번역 불가]…,응… [불명]…,,19.25,T4,구조검사 통과 시 유지,,10.344827586206897,15.51,P4,회귀검사 통과 시 유지
SSIS-908,사진 대조 재번역본,313,"01:02:11,240 --> 01:02:15,160",3.92,더…,응…,세게…,중립·혼합형,,,타임스탬프 사진으로 장면 불일치 확인 후 재복원,중간,38.0,78.0,50.0,78.0,62.0,0.30865,0.0,38.0,0.0,0.0,0.5154,"조금만 더… 아, 기분 좋아…","조금만 더… 아, 좋아…",손상된 일본어 ASR + 타임스탬프 사진 + 앞뒤 문맥 추론,22.76,T4,구조검사 통과 시 유지,,21.921182266009854,22.41,P4,회귀검사 통과 시 유지
SSIS-908,사진 대조 재번역본,314,"01:02:15,660 --> 01:02:16,720",1.06,세게…,더…,아…,중립·혼합형,,,타임스탬프 사진으로 장면 불일치 확인 후 재복원,중간,38.0,78.0,50.0,78.0,62.0,0.25683,0.0,38.0,0.0,0.0,0.2394,더 세게 해 줘.,더 세게.,일본어 원문 대조 + 자연스러운 한국어 대사 교정,20.59,T4,구조검사 통과 시 유지,,14.039408866995073,17.84,P4,회귀검사 통과 시 유지
SSIS-908,사진 대조 재번역본,315,"01:02:20,520 --> 01:02:22,840",2.32,아…,세게…,그럼 셋이서 해 볼까?,반응형,,,타임스탬프 사진으로 장면 불일치 확인 후 재복원,중간,38.0,78.0,50.0,78.0,62.0,0.28424,12.54,38.0,0.0,0.0,0.7545,"싫어, 아… 아… 아…",싫어… 아… 아…,일본어 원문 대조 + 자연스러운 한국어 대사 교정,23.99,T4,구조검사 통과 시 유지,,25.615763546798032,24.67,P4,회귀검사 통과 시 유지
SSIS-908,사진 대조 재번역본,316,"01:02:32,540 --> 01:02:33,980",1.44,그럼 셋이서 해 볼까?,아…,싫어요…,반말형,,,,,45.0,80.0,50.0,78.0,55.0,0.62697,0.0,38.0,0.0,0.0,0.352,셋이서?,앞으로도.,타임스탬프 사진으로 장면 불일치 확인 후 재복원,35.71,T3,화자·문맥·자연스러움 집중 검토,,63.793103448275865,47.5,P3,말투·질문응답·가독성 위주 검토
SSIS-908,사진 대조 재번역본,317,"01:02:37,710 --> 01:02:38,710",1.0,싫어요…,그럼 셋이서 해 볼까?,그만하세요.,반응형,,,,,45.0,80.0,50.0,78.0,55.0,0.33524,0.0,38.0,0.0,0.0,0.2037,보너스 장면은 아직 남아 있어요…,아직 끝난 거 아니야.,타임스탬프 사진과 장면 흐름으로 명백한 오인식 교정,23.46,T4,구조검사 통과 시 유지,,23.891625615763548,23.64,P4,회귀검사 통과 시 유지
SSIS-908,사진 대조 재번역본,318,"01:02:44,300 --> 01:02:45,240",0.94,그만하세요.,싫어요…,이쪽 봐.,존댓말형,,,,,45.0,80.0,50.0,78.0,55.0,0.35951,0.0,38.0,0.0,0.0,0.5956,"너희들, 그만하세요. 너희들.",둘이서 계속해.,사진 장면 확인 및 한국어 번역투·ASR 오역 교정,24.48,T4,구조검사 통과 시 유지,,27.093596059113302,25.58,P4,회귀검사 통과 시 유지
SSIS-908,사진 대조 재번역본,319,"01:02:54,080 --> 01:02:56,380",2.3,이쪽 봐.,그만하세요.,이쪽 보라고.,중립·혼합형,,,,,45.0,80.0,50.0,78.0,55.0,0.44859,0.0,38.0,0.0,0.0,0.3837,"잠깐, 보여 줘 봐. 잠깐, 이쪽 봐봐. 부끄러워?",잠깐 보여 줘. 이쪽 봐봐. 부끄러워?,일본어 원문 대조 + 자연스러운 한국어 대사 교정,28.22,T4,구조검사 통과 시 유지,,36.94581280788177,31.88,P4,회귀검사 통과 시 유지
SSIS-908,사진 대조 재번역본,320,"01:02:58,060 --> 01:02:59,640",1.58,이쪽 보라고.,이쪽 봐.,부탁이에요.,중립·혼합형,,,,,45.0,80.0,50.0,78.0,55.0,0.45239,0.0,38.0,0.0,0.0,0.2524,이쪽 보면서 할 수 있어.,이쪽 보면서 해 줘.,일본어 원문 대조 + 자연스러운 한국어 대사 교정,28.38,T4,구조검사 통과 시 유지,,37.4384236453202,32.18,P4,회귀검사 통과 시 유지
SSIS-908,사진 대조 재번역본,321,"01:03:02,700 --> 01:03:04,280",1.58,부탁이에요.,이쪽 보라고.,네 엉덩이를 핥게 해 줘.,존댓말형,,,,,45.0,80.0,50.0,78.0,55.0,0.37305,0.0,38.0,0.0,18.0,0.2562,싫어. 부탁이야.,싫어. 제발.,일본어 원문 대조 + 자연스러운 한국어 대사 교정,26.49,T4,구조검사 통과 시 유지,formality_shift,30.541871921182267,28.19,P4,회귀검사 통과 시 유지
SSIS-908,사진 대조 재번역본,322,"01:03:08,450 --> 01:03:10,330",1.88,네 엉덩이를 핥게 해 줘.,부탁이에요.,"자, 자, 자, 자.",반말형,,,,,45.0,80.0,50.0,78.0,63.0,0.8974,23.07,38.0,0.0,18.0,0.8423,네 엉덩이를 핥게 해줘.,네 엉덩이를 핥게 해 줘.,,53.14,T3,화자·문맥·자연스러움 집중 검토,formality_shift,98.52216748768473,72.2,P1,장면 패킷을 열고 후보 3개를 생성해 반증 검토
SSIS-908,사진 대조 재번역본,323,"01:03:10,810 --> 01:03:16,020",5.21,"자, 자, 자, 자.",네 엉덩이를 핥게 해 줘.,더 깊이 핥아.,중립·혼합형,,,,,45.0,80.0,50.0,78.0,55.0,0.52481,0.0,38.0,0.0,0.0,0.4503,잘 자.,조금만 천천히…,타임스탬프 사진으로 장면 불일치 확인 후 재복원,31.42,T4,구조검사 통과 시 유지,,47.29064039408867,38.09,P4,회귀검사 통과 시 유지
SSIS-908,사진 대조 재번역본,324,"01:03:16,420 --> 01:03:18,520",2.1,더 깊이 핥아.,"자, 자, 자, 자.",핥게 해 줘.,반응형,,,,,45.0,80.0,50.0,78.0,59.0,0.78267,0.0,38.0,0.0,0.0,0.536,혀로 핥아.,그대로 핥아 줘.,일본어 원문 대조 + 자연스러운 한국어 대사 교정,42.49,T3,화자·문맥·자연스러움 집중 검토,,85.96059113300493,60.75,P2,앞뒤 5블록·사진·오류 기억을 함께 검토
SSIS-908,사진 대조 재번역본,325,"01:03:20,960 --> 01:03:21,940",0.98,핥게 해 줘.,더 깊이 핥아.,"그래, 거기.",반말형,,,,,45.0,80.0,50.0,78.0,59.0,0.72054,16.77,38.0,0.0,0.0,0.7897,"더, 더 핥게 해 줘.","더 깊이, 더 깨끗이 핥아.",사진 장면 확인 및 한국어 번역투·ASR 오역 교정,42.9,T3,화자·문맥·자연스러움 집중 검토,,87.4384236453202,61.61,P2,앞뒤 5블록·사진·오류 기억을 함께 검토
SSIS-908,사진 대조 재번역본,326,"01:03:24,080 --> 01:03:24,920",0.84,"그래, 거기.",핥게 해 줘.,"더, 더 핥게 해 줘.",중립·혼합형,,,,,45.0,80.0,50.0,78.0,55.0,0.56242,0.0,38.0,0.0,0.0,0.4309,아… 기분 좋아. 아… 거기 거기.,"아… 좋아. 거기, 거기.",일본어 원문 대조 + 자연스러운 한국어 대사 교정,33.0,T4,구조검사 통과 시 유지,,55.172413793103445,42.31,P3,말투·질문응답·가독성 위주 검토
SSIS-908,사진 대조 재번역본,327,"01:03:32,680 --> 01:03:34,100",1.42,"더, 더 핥게 해 줘.","그래, 거기.","자, 그만둬, 그만둬. 더, 더, 더.",반말형,,,,,45.0,80.0,50.0,78.0,59.0,0.78904,42.0,38.0,0.0,0.0,1.0,"더, 더 핥게 해 줘.","더 깊이, 더 깨끗이 핥아.",사진 장면 확인 및 한국어 번역투·ASR 오역 교정,50.32,T3,화자·문맥·자연스러움 집중 검토,,97.53694581280789,70.15,P2,앞뒤 5블록·사진·오류 기억을 함께 검토
SSIS-908,사진 대조 재번역본,328,"01:03:41,080 --> 01:03:43,380",2.3,"자, 그만둬, 그만둬. 더, 더, 더.","더, 더 핥게 해 줘.","자, 혀를 더, 연필처럼.",중립·혼합형,,,,,45.0,80.0,50.0,78.0,55.0,0.79266,42.0,38.0,0.0,0.0,1.0,"자, 그만둬, 그만둬. 더, 더, 더.","멈추지 마. 더, 더.",사진 장면 확인 및 한국어 번역투·ASR 오역 교정,50.23,T3,화자·문맥·자연스러움 집중 검토,,97.04433497536947,69.89,P2,앞뒤 5블록·사진·오류 기억을 함께 검토
SSIS-908,사진 대조 재번역본,329,"01:03:52,960 --> 01:03:56,200",3.24,"자, 혀를 더, 연필처럼.","자, 그만둬, 그만둬. 더, 더, 더.","그만둬, 그만둬.",중립·혼합형,,,,,45.0,80.0,50.0,78.0,59.0,0.85829,29.66,38.0,0.0,0.0,0.8972,"자, 혀를 더. 연필처럼.",혀를 뾰족하게 세워.,사진 장면 확인 및 한국어 번역투·ASR 오역 교정,51.01,T3,화자·문맥·자연스러움 집중 검토,,97.78325123152709,70.65,P2,앞뒤 5블록·사진·오류 기억을 함께 검토
SSIS-908,사진 대조 재번역본,330,"01:04:01,160 --> 01:04:02,140",0.98,"그만둬, 그만둬.","자, 혀를 더, 연필처럼.","그만둬, 그만둬.",중립·혼합형,,,,,45.0,80.0,50.0,78.0,55.0,0.39456,15.68,38.0,0.0,0.0,0.7807,"자, 그만둬, 그만둬. 더, 더, 더.","멈추지 마. 더, 더.",사진 장면 확인 및 한국어 번역투·ASR 오역 교정,28.77,T4,구조검사 통과 시 유지,,38.17733990147783,32.72,P4,회귀검사 통과 시 유지
SSIS-908,사진 대조 재번역본,331,"01:04:02,140 --> 01:04:04,200",2.06,"그만둬, 그만둬.","그만둬, 그만둬.","그만둬, 그만둬.",중립·혼합형,,,,,45.0,80.0,50.0,78.0,55.0,0.3603,15.68,38.0,0.0,30.0,0.7807,"자, 그만둬, 그만둬. 더, 더, 더.","멈추지 마. 더, 더.",사진 장면 확인 및 한국어 번역투·ASR 오역 교정,29.73,T4,구조검사 통과 시 유지,triple_identical_run,40.64039408866995,34.31,P4,회귀검사 통과 시 유지
SSIS-908,사진 대조 재번역본,332,"01:04:04,820 --> 01:04:06,460",1.64,"그만둬, 그만둬.","그만둬, 그만둬.",너희 사이니까 한 번 나눠보자고.,중립·혼합형,,,,,45.0,80.0,50.0,78.0,55.0,0.35938,15.68,38.0,0.0,0.0,0.7807,"자, 그만둬, 그만둬. 더, 더, 더.","멈추지 마. 더, 더.",사진 장면 확인 및 한국어 번역투·ASR 오역 교정,27.3,T4,구조검사 통과 시 유지,,32.758620689655174,29.59,P4,회귀검사 통과 시 유지
SSIS-908,사진 대조 재번역본,333,"01:04:07,600 --> 01:04:09,900",2.3,너희 사이니까 한 번 나눠보자고.,"그만둬, 그만둬.","자, 이번엔 네 차례야.",중립·혼합형,,,,,45.0,80.0,50.0,78.0,55.0,0.67187,14.48,38.0,0.0,0.0,0.7707,너희 사이니까 한 번 나눠 보자고.,둘이 번갈아 해 봐.,사진 장면 확인 및 한국어 번역투·ASR 오역 교정,40.21,T3,화자·문맥·자연스러움 집중 검토,,76.60098522167488,55.49,P3,말투·질문응답·가독성 위주 검토
SSIS-908,사진 대조 재번역본,334,"01:04:18,160 --> 01:04:19,840",1.68,"자, 이번엔 네 차례야.",너희 사이니까 한 번 나눠보자고.,서로 바꿔서 해 봐.,반말형,,,,,45.0,80.0,50.0,78.0,55.0,0.58927,0.0,38.0,0.0,0.0,0.2593,이번엔 저도 애무해 주세요...,이번엔 저도 애무해 주세요…,,34.13,T4,구조검사 통과 시 유지,,58.128078817733986,44.21,P3,말투·질문응답·가독성 위주 검토
SSIS-908,사진 대조 재번역본,335,"01:04:23,500 --> 01:04:25,120",1.62,서로 바꿔서 해 봐.,"자, 이번엔 네 차례야.","자, 입어.",반말형,,,,,45.0,80.0,50.0,78.0,55.0,0.631,0.0,38.0,0.0,0.0,0.2302,서로 다른 방식으로 해 보려고.,오늘은 서로 원하는 대로 해 보려고.,,35.88,T3,화자·문맥·자연스러움 집중 검토,,64.28571428571429,47.81,P3,말투·질문응답·가독성 위주 검토
SSIS-908,사진 대조 재번역본,336,"01:04:53,870 --> 01:04:55,910",2.04,"자, 입어.",서로 바꿔서 해 봐.,거기.,반응형,,,,,45.0,80.0,50.0,78.0,55.0,0.54469,0.0,38.0,0.0,0.0,0.248,"자, 입으로 해줘.","자, 입으로 해 줘.",,32.26,T4,구조검사 통과 시 유지,,51.47783251231527,40.33,P3,말투·질문응답·가독성 위주 검토
SSIS-908,사진 대조 재번역본,337,"01:05:04,200 --> 01:05:05,340",1.14,거기.,"자, 입어.","자, 이번엔 이쪽도.",중립·혼합형,,,,,45.0,80.0,50.0,78.0,55.0,0.28339,0.0,38.0,0.0,0.0,0.5962,아… 기분 좋아. 아… 거기 거기.,"아… 좋아. 거기, 거기.",일본어 원문 대조 + 자연스러운 한국어 대사 교정,21.28,T4,구조검사 통과 시 유지,,16.748768472906402,19.38,P4,회귀검사 통과 시 유지
SSIS-908,사진 대조 재번역본,338,"01:05:06,760 --> 01:05:13,340",6.58,"자, 이번엔 이쪽도.",거기.,"그래, 그대로.",중립·혼합형,,,,,45.0,80.0,50.0,78.0,55.0,0.47751,0.0,38.0,0.0,0.0,0.2841,이번엔 저도 애무해 주세요...,이번엔 저도 애무해 주세요…,,29.44,T4,구조검사 통과 시 유지,,39.532019704433495,33.68,P4,회귀검사 통과 시 유지
SSIS-908,사진 대조 재번역본,339,"01:05:16,380 --> 01:06:12,480",56.1,"그래, 그대로.","자, 이번엔 이쪽도.",나도 기분 좋게 해 줘.,중립·혼합형,,,,,45.0,80.0,50.0,78.0,55.0,0.54617,0.0,38.0,0.0,0.0,0.4503,그럼 그대로...,그럼 그대로…,,32.32,T4,구조검사 통과 시 유지,,51.724137931034484,40.47,P3,말투·질문응답·가독성 위주 검토
SSIS-908,사진 대조 재번역본,340,"01:06:13,300 --> 01:06:14,700",1.4,나도 기분 좋게 해 줘.,"그래, 그대로.",후지 씨는 어때?,반말형,,,,,45.0,80.0,50.0,78.0,55.0,0.56528,0.0,38.0,0.0,0.0,0.4576,너도 네 멋대로 했으니까 나도 기분 좋게 해줘.,너도 네 멋대로 했으니까 나도 기분 좋게 해 줘.,,33.12,T4,구조검사 통과 시 유지,,55.66502463054187,42.59,P3,말투·질문응답·가독성 위주 검토
SSIS-908,사진 대조 재번역본,341,"01:06:14,700 --> 01:06:15,940",1.24,후지 씨는 어때?,나도 기분 좋게 해 줘.,나도 기분 좋게 해 줄게.,반응형,,,사진 장면 확인 및 한국어 번역투·ASR 오역 교정,높음,58.0,96.0,50.0,92.0,42.0,0.61632,0.0,22.0,0.0,0.0,0.4467,어때? 맛은?,어때? 맛 평가해 줘.,일본어 원문 대조 + 자연스러운 한국어 대사 교정,22.99,T4,구조검사 통과 시 유지,,22.660098522167488,22.85,P4,회귀검사 통과 시 유지
SSIS-908,사진 대조 재번역본,342,"01:06:26,080 --> 01:06:28,320",2.24,나도 기분 좋게 해 줄게.,후지 씨는 어때?,둘이서 계속해.,반말형,,,사진 장면 확인 및 한국어 번역투·ASR 오역 교정,높음,58.0,96.0,50.0,92.0,42.0,0.75423,4.58,22.0,0.0,0.0,0.6882,"누나, 기분 좋게 해 줄게.",나도 기분 좋게 해 줄게.,사진 장면 확인 및 한국어 번역투·ASR 오역 교정,27.75,T4,구조검사 통과 시 유지,,35.467980295566505,30.99,P4,회귀검사 통과 시 유지
SSIS-908,사진 대조 재번역본,343,"01:06:29,100 --> 01:06:45,340",16.24,둘이서 계속해.,나도 기분 좋게 해 줄게.,기분 좋아.,반말형,,,사진 장면 확인 및 한국어 번역투·ASR 오역 교정,높음,58.0,96.0,50.0,92.0,42.0,0.59223,0.0,22.0,0.0,0.0,0.3152,둘이서?,그래.,타임스탬프 사진으로 장면 불일치 확인 후 재복원,22.26,T4,구조검사 통과 시 유지,,20.19704433497537,21.39,P4,회귀검사 통과 시 유지
SSIS-908,사진 대조 재번역본,344,"01:06:45,580 --> 01:06:58,480",12.9,기분 좋아.,둘이서 계속해.,"너희들, 더 세게 해.",반응형,,,,,45.0,80.0,50.0,78.0,55.0,0.60774,42.0,38.0,0.0,0.0,1.0,기분 좋아.,"아, 좋아.",화면 영문 자막 대조,42.46,T3,화자·문맥·자연스러움 집중 검토,,85.4679802955665,60.52,P2,앞뒤 5블록·사진·오류 기억을 함께 검토
SSIS-908,사진 대조 재번역본,345,"01:10:03,380 --> 01:10:04,760",1.38,"너희들, 더 세게 해.",기분 좋아.,빨리!,반말형,,,,,45.0,80.0,50.0,78.0,55.0,0.69087,0.0,38.0,0.0,0.0,0.5116,"너희들, 그만하세요. 너희들.",둘이서 계속해.,사진 장면 확인 및 한국어 번역투·ASR 오역 교정,38.4,T3,화자·문맥·자연스러움 집중 검토,,72.66009852216749,52.79,P3,말투·질문응답·가독성 위주 검토
SSIS-908,사진 대조 재번역본,346,"01:10:04,760 --> 01:10:05,040",0.28,빨리!,"너희들, 더 세게 해.","자, 더 세게.",중립·혼합형,,,,,45.0,80.0,50.0,78.0,55.0,0.18685,0.0,38.0,0.0,0.0,0.2365,빨리 핥아 봐.,빨리 핥아 줘.,화자 말투 자연화,17.23,T4,구조검사 통과 시 유지,,5.911330049261084,12.48,P4,회귀검사 통과 시 유지
SSIS-908,사진 대조 재번역본,347,"01:10:05,040 --> 01:10:25,020",19.98,"자, 더 세게.",빨리!,"조금만 더, 그다음에.",중립·혼합형,,,사진 장면 확인 및 한국어 번역투·ASR 오역 교정,높음,58.0,96.0,50.0,92.0,42.0,0.65205,0.0,22.0,0.0,0.0,0.3316,더 세게 해 줘.,더 세게.,일본어 원문 대조 + 자연스러운 한국어 대사 교정,24.07,T4,구조검사 통과 시 유지,,25.985221674876847,24.87,P4,회귀검사 통과 시 유지
SSIS-908,사진 대조 재번역본,348,"01:10:34,770 --> 01:10:36,070",1.3,"조금만 더, 그다음에.","자, 더 세게.",꽤…,중립·혼합형,,,,,45.0,80.0,50.0,78.0,55.0,0.70898,42.0,38.0,0.0,0.0,1.0,"조금만 더, 그다음에.",조금만 더. 그대로.,사진 장면 확인 및 한국어 번역투·ASR 오역 교정,46.72,T3,화자·문맥·자연스러움 집중 검토,,92.85714285714286,66.1,P2,앞뒤 5블록·사진·오류 기억을 함께 검토
SSIS-908,사진 대조 재번역본,349,"01:10:40,840 --> 01:10:42,080",1.24,꽤…,"조금만 더, 그다음에.",떨어졌다!,중립·혼합형,,,,,45.0,80.0,50.0,78.0,55.0,0.35515,0.0,38.0,0.0,0.0,0.0681,이제 꽤 했으니 잠깐 쉬어요.,이제 꽤 했으니 잠깐 쉬자.,사진 장면 확인 및 한국어 번역투·ASR 오역 교정,24.3,T4,구조검사 통과 시 유지,,26.354679802955665,25.16,P4,회귀검사 통과 시 유지
SSIS-908,사진 대조 재번역본,350,"01:10:47,040 --> 01:10:47,680",0.64,떨어졌다!,꽤…,"더 해 달라고 말해야지.
하지메 군을 위해서 하는 거잖아?",반응형,,,,,45.0,80.0,50.0,78.0,55.0,0.25534,42.0,38.0,0.0,0.0,1.0,떨어졌다!,빠졌다!,사진 장면 확인 및 한국어 번역투·ASR 오역 교정,27.66,T4,구조검사 통과 시 유지,,34.48275862068966,30.53,P4,회귀검사 통과 시 유지
SSIS-908,사진 대조 재번역본,351,"01:11:08,810 --> 01:11:14,470",5.66,"더 해 달라고 말해야지.
하지메 군을 위해서 하는 거잖아?",떨어졌다!,제대로 닫으라고.,반말형,,,사진 장면 확인 및 한국어 번역투·ASR 오역 교정,높음,58.0,96.0,50.0,92.0,42.0,0.66701,0.0,22.0,0.0,0.0,0.3609,"더 부탁한다고 해야지. 자, 자, 하지메 군을 위한 거 아니야?",더 해 달라고 말해야지. 하지메 군을 위해서 하는 거잖아?,사진 장면 확인 및 한국어 번역투·ASR 오역 교정,24.52,T4,구조검사 통과 시 유지,,27.339901477832512,25.7,P4,회귀검사 통과 시 유지
SSIS-908,사진 대조 재번역본,352,"01:12:08,140 --> 01:12:09,720",1.58,제대로 닫으라고.,"더 해 달라고 말해야지.
하지메 군을 위해서 하는 거잖아?",뭐야? 뭐야? 뭐야? 뭐야?,반응형,,,,,45.0,80.0,50.0,78.0,55.0,0.45794,42.0,38.0,0.0,0.0,1.0,제대로 닫으라고.,제대로 조여.,사진 장면 확인 및 한국어 번역투·ASR 오역 교정,36.17,T3,화자·문맥·자연스러움 집중 검토,,65.02463054187191,48.29,P3,말투·질문응답·가독성 위주 검토
SSIS-908,사진 대조 재번역본,353,"01:12:09,720 --> 01:12:11,620",1.9,뭐야? 뭐야? 뭐야? 뭐야?,제대로 닫으라고.,"아, 간다!",반말형,,,,,45.0,80.0,50.0,78.0,55.0,0.25986,5.83,38.0,0.0,0.0,0.6985,"아, 아... 뭐야?","아, 아… 뭐야?",,21.34,T4,구조검사 통과 시 유지,,16.995073891625616,19.52,P4,회귀검사 통과 시 유지
SSIS-908,사진 대조 재번역본,354,"01:12:57,440 --> 01:12:58,640",1.2,"아, 간다!",뭐야? 뭐야? 뭐야? 뭐야?,앗!,반응형,,,,,45.0,80.0,50.0,78.0,55.0,0.20896,0.0,38.0,0.0,0.0,0.3839,"아, 아, 아, 아, 아, 아, 아,","아, 아, 아, 아, 아, 아, 아",,18.16,T4,구조검사 통과 시 유지,,7.8817733990147785,13.84,P4,회귀검사 통과 시 유지
SSIS-908,사진 대조 재번역본,355,"01:13:44,520 --> 01:13:44,980",0.46,앗!,"아, 간다!",좋아했었어.,반응형,,,,,45.0,80.0,50.0,78.0,55.0,0.17853,0.0,38.0,0.0,0.0,0.398,먹어줬으면 해서... 앗!,먹어줬으면 해서… 앗!,,16.88,T4,구조검사 통과 시 유지,,4.679802955665025,11.76,P4,회귀검사 통과 시 유지
SSIS-908,사진 대조 재번역본,356,"01:16:07,820 --> 01:16:09,180",1.36,좋아했었어.,앗!,아내와 이혼한다고 해서.,반응형,,,,,45.0,80.0,50.0,78.0,55.0,0.48191,0.0,38.0,0.0,0.0,0.1656,안 입었어.,안 보이네.,사진 장면 확인 및 한국어 번역투·ASR 오역 교정,29.62,T4,구조검사 통과 시 유지,,40.39408866995074,34.15,P4,회귀검사 통과 시 유지
SSIS-908,사진 대조 재번역본,357,"01:16:12,980 --> 01:16:15,720",2.74,아내와 이혼한다고 해서.,좋아했었어.,사랑한다고 해서 들떴었어.,반응형,,,,,45.0,80.0,50.0,78.0,55.0,0.63705,0.0,38.0,0.0,0.0,0.2428,저는 핥아 주셨으면 해서.,계속 핥아 줬으면 해요.,사진 장면 확인 및 한국어 번역투·ASR 오역 교정,36.14,T3,화자·문맥·자연스러움 집중 검토,,64.65517241379311,48.12,P3,말투·질문응답·가독성 위주 검토
SSIS-908,사진 대조 재번역본,358,"01:16:18,380 --> 01:16:21,000",2.62,사랑한다고 해서 들떴었어.,아내와 이혼한다고 해서.,안 된다는 걸 알면서도…,반응형,,,,,45.0,80.0,50.0,78.0,55.0,0.6868,0.0,38.0,0.0,0.0,0.1163,안 입었어.,안 보이네.,사진 장면 확인 및 한국어 번역투·ASR 오역 교정,38.23,T3,화자·문맥·자연스러움 집중 검토,,71.92118226600985,52.38,P3,말투·질문응답·가독성 위주 검토
SSIS-908,사진 대조 재번역본,359,"01:16:25,440 --> 01:16:27,220",1.78,안 된다는 걸 알면서도…,사랑한다고 해서 들떴었어.,불륜 관계를 질질 이어갔어.,중립·혼합형,,,,,45.0,80.0,50.0,78.0,55.0,0.7615,0.0,38.0,0.0,0.0,0.0935,안 돼.,"네, 놀랐어요.",타임스탬프 사진과 앞뒤 장면으로 대사 기능 복원,41.36,T3,화자·문맥·자연스러움 집중 검토,,81.5270935960591,58.23,P2,앞뒤 5블록·사진·오류 기억을 함께 검토
SSIS-908,사진 대조 재번역본,360,"01:16:28,280 --> 01:16:31,120",2.84,불륜 관계를 질질 이어갔어.,안 된다는 걸 알면서도…,1년 정도.,반응형,,,,,45.0,80.0,50.0,78.0,55.0,0.81571,0.0,38.0,0.0,0.0,0.3001,안 들어갔어.,밖 좀 봐봐.,일본어 원문 + 타임스탬프 사진 + 장면 연속성,43.64,T3,화자·문맥·자연스러움 집중 검토,,90.14778325123153,63.17,P2,앞뒤 5블록·사진·오류 기억을 함께 검토
SSIS-908,사진 대조 재번역본,361,"01:16:34,050 --> 01:16:35,230",1.18,1년 정도.,불륜 관계를 질질 이어갔어.,전부 거짓말이었어.,중립·혼합형,,,,,45.0,80.0,50.0,78.0,55.0,0.75048,0.0,38.0,0.0,0.0,0.5579,아직 한 10분 정도. 10년 정도.,조금 어려 보이지 않아요?,타임스탬프 사진과 앞뒤 장면으로 대사 기능 복원,40.9,T3,화자·문맥·자연스러움 집중 검토,,79.3103448275862,57.03,P3,말투·질문응답·가독성 위주 검토
SSIS-908,사진 대조 재번역본,362,"01:16:42,300 --> 01:16:43,820",1.52,전부 거짓말이었어.,1년 정도.,이용당했을 뿐이었어.,반응형,,,,,45.0,80.0,50.0,78.0,55.0,0.59788,0.0,38.0,0.0,0.0,0.2813,거짓말. 거짓말. 거짓말. 거짓말.,말도 안 돼…,손상된 일본어 ASR + 타임스탬프 사진 + 앞뒤 문맥 추론,34.49,T4,구조검사 통과 시 유지,,58.86699507389162,44.73,P3,말투·질문응답·가독성 위주 검토
SSIS-908,사진 대조 재번역본,363,"01:16:45,560 --> 01:16:47,560",2.0,이용당했을 뿐이었어.,전부 거짓말이었어.,나는 계속 후아를 좋아했어.,반응형,,,,,45.0,80.0,50.0,78.0,55.0,0.5877,0.0,38.0,0.0,0.0,0.1194,안 입었어.,안 보이네.,사진 장면 확인 및 한국어 번역투·ASR 오역 교정,34.06,T4,구조검사 통과 시 유지,,57.635467980295566,43.96,P3,말투·질문응답·가독성 위주 검토
SSIS-908,사진 대조 재번역본,364,"01:16:52,250 --> 01:16:56,370",4.12,나는 계속 후아를 좋아했어.,이용당했을 뿐이었어.,왜 더 일찍 말해주지 않았어?,반응형,,,,,45.0,80.0,50.0,78.0,55.0,0.77859,0.0,38.0,0.0,0.0,0.2697,계속 생각했어.,부끄러워? 뭔가 야하네.,일본어 원문 + 타임스탬프 사진 + 장면 연속성,42.08,T3,화자·문맥·자연스러움 집중 검토,,84.48275862068965,59.89,P2,앞뒤 5블록·사진·오류 기억을 함께 검토
SSIS-908,사진 대조 재번역본,365,"01:16:59,930 --> 01:17:02,510",2.58,왜 더 일찍 말해주지 않았어?,나는 계속 후아를 좋아했어.,"나, 더러워졌어.",반응형,,,,,45.0,80.0,50.0,78.0,55.0,0.7548,0.0,38.0,0.0,0.0,0.3954,이상하지 않았어?,오래 만난 사람은?,손상된 일본어 ASR + 타임스탬프 사진 + 앞뒤 문맥 추론,41.08,T3,화자·문맥·자연스러움 집중 검토,,80.17241379310344,57.5,P3,말투·질문응답·가독성 위주 검토
SSIS-908,사진 대조 재번역본,366,"01:17:06,380 --> 01:17:08,320",1.94,"나, 더러워졌어.",왜 더 일찍 말해주지 않았어?,"자, 여기.",반응형,,,,,45.0,80.0,50.0,78.0,55.0,0.67054,0.0,38.0,0.0,0.0,0.3054,조금 무서워졌어.,아… 너무 깊어.,손상된 일본어 ASR + 타임스탬프 사진 + 앞뒤 문맥 추론,37.54,T3,화자·문맥·자연스러움 집중 검토,,69.95073891625616,51.15,P3,말투·질문응답·가독성 위주 검토
SSIS-908,사진 대조 재번역본,367,"01:17:46,460 --> 01:17:47,520",1.06,"자, 여기.","나, 더러워졌어.","자, 여기.",중립·혼합형,,,,,45.0,80.0,50.0,78.0,55.0,0.6082,0.0,38.0,0.0,0.0,0.3971,여기...,여기…,,34.92,T4,구조검사 통과 시 유지,,60.591133004926114,45.7,P3,말투·질문응답·가독성 위주 검토
SSIS-908,사진 대조 재번역본,368,"01:20:16,610 --> 01:20:17,770",1.16,"자, 여기.","자, 여기.",아… 잠깐만…,중립·혼합형,,,,,45.0,80.0,50.0,78.0,55.0,0.80865,0.0,38.0,0.0,0.0,0.3971,여기...,여기…,,43.34,T3,화자·문맥·자연스러움 집중 검토,,89.16256157635468,62.59,P2,앞뒤 5블록·사진·오류 기억을 함께 검토
SSIS-908,사진 대조 재번역본,369,"01:20:40,930 --> 01:22:16,360",95.43,아… 잠깐만…,"자, 여기.",안 돼… 너무 깊어…,반응형,,,타임스탬프 사진으로 장면 불일치 확인 후 재복원,중간,38.0,78.0,50.0,78.0,62.0,0.76793,28.87,38.0,0.0,0.0,0.8906,잠깐만…,나만 벗는 거야?,일본어 원문 + 타임스탬프 사진 + 장면 연속성,47.25,T3,화자·문맥·자연스러움 집중 검토,,93.34975369458128,66.61,P2,앞뒤 5블록·사진·오류 기억을 함께 검토
SSIS-908,사진 대조 재번역본,370,"01:23:12,800 --> 01:23:34,040",21.24,안 돼… 너무 깊어…,아… 잠깐만…,조금만 천천히…,반응형,,,타임스탬프 사진으로 장면 불일치 확인 후 재복원,중간,38.0,78.0,50.0,78.0,62.0,0.79289,0.0,38.0,0.0,0.0,0.1926,지금 표정이 어때? 억지로 안 참아도 돼…,지금 표정이 어때? 억지로 참지 않아도 돼.,반복 표현과 어순 교정,43.1,T3,화자·문맥·자연스러움 집중 검토,,88.30049261083744,62.08,P2,앞뒤 5블록·사진·오류 기억을 함께 검토
SSIS-908,사진 대조 재번역본,371,"01:23:53,180 --> 01:23:59,680",6.5,조금만 천천히…,안 돼… 너무 깊어…,아… 그대로…,중립·혼합형,,,타임스탬프 사진으로 장면 불일치 확인 후 재복원,중간,38.0,78.0,50.0,78.0,62.0,0.53887,0.0,38.0,0.0,0.0,0.3828,조금만 더...,조금만 더…,,32.43,T4,구조검사 통과 시 유지,,52.463054187192114,40.84,P3,말투·질문응답·가독성 위주 검토
SSIS-908,사진 대조 재번역본,372,"01:25:41,020 --> 01:25:43,980",2.96,아… 그대로…,조금만 천천히…,먹어도 돼?,반응형,,,타임스탬프 사진으로 장면 불일치 확인 후 재복원,중간,38.0,78.0,50.0,78.0,62.0,0.61591,0.0,38.0,0.0,0.0,0.3319,"싫어, 아… 아… 아…",싫어… 아… 아…,일본어 원문 대조 + 자연스러운 한국어 대사 교정,35.67,T3,화자·문맥·자연스러움 집중 검토,,63.30049261083743,47.27,P3,말투·질문응답·가독성 위주 검토
SSIS-908,사진 대조 재번역본,373,"01:27:34,890 --> 01:27:36,050",1.16,먹어도 돼?,아… 그대로…,기분 좋아?,반응형,,,,,45.0,80.0,50.0,78.0,55.0,0.4198,0.0,38.0,0.0,0.0,0.3103,더 해줘도 돼?,더 해 줘도 돼?,,27.01,T4,구조검사 통과 시 유지,,32.26600985221675,29.22,P4,회귀검사 통과 시 유지
SSIS-908,사진 대조 재번역본,374,"01:27:48,050 --> 01:27:49,430",1.38,기분 좋아?,먹어도 돼?,정말 기분 좋아.,반응형,,,,,45.0,80.0,50.0,78.0,55.0,0.28989,0.0,38.0,0.0,0.0,0.6134,"아, 거기... 기분 좋아?","아, 거기… 기분 좋아?",,21.56,T4,구조검사 통과 시 유지,,17.48768472906404,19.85,P4,회귀검사 통과 시 유지
SSIS-908,사진 대조 재번역본,375,"01:27:57,690 --> 01:27:59,150",1.46,정말 기분 좋아.,기분 좋아?,정말 기분 좋아.,반응형,,,,,45.0,80.0,50.0,78.0,55.0,0.41875,31.74,38.0,0.0,0.0,0.9145,"아, 정말 기분 좋아.",아… 조금 좋아.,,32.68,T4,구조검사 통과 시 유지,,53.44827586206896,41.4,P3,말투·질문응답·가독성 위주 검토
SSIS-908,사진 대조 재번역본,376,"01:27:59,770 --> 01:27:59,970",0.2,정말 기분 좋아.,정말 기분 좋아.,정말 기분 좋아. 고마워.,반응형,,,,,45.0,80.0,50.0,78.0,55.0,0.56287,31.74,38.0,70.0,0.0,0.9145,"아, 정말 기분 좋아.",아… 조금 좋아.,,45.73,T3,화자·문맥·자연스러움 집중 검토,high_cps,91.37931034482759,64.9,P2,앞뒤 5블록·사진·오류 기억을 함께 검토
SSIS-908,사진 대조 재번역본,377,"01:28:45,430 --> 01:28:47,830",2.4,정말 기분 좋아. 고마워.,정말 기분 좋아.,그거 대단해.,반응형,,,,,45.0,80.0,50.0,78.0,55.0,0.76051,12.67,38.0,0.0,0.0,0.7556,고마워.,손으로 잡아 줘.,일본어 원문 + 타임스탬프 사진 + 장면 연속성,43.6,T3,화자·문맥·자연스러움 집중 검토,,89.65517241379311,62.94,P2,앞뒤 5블록·사진·오류 기억을 함께 검토
SSIS-908,사진 대조 재번역본,378,"01:28:51,060 --> 01:28:52,040",0.98,그거 대단해.,정말 기분 좋아. 고마워.,엄청 깊이 들어왔어.,반말형,,,,,45.0,80.0,50.0,78.0,55.0,0.66112,19.01,38.0,0.0,0.0,0.8084,대단해.,기분 좋네.,일본어 원문 + 타임스탬프 사진 + 장면 연속성,40.57,T3,화자·문맥·자연스러움 집중 검토,,77.58620689655173,56.12,P3,말투·질문응답·가독성 위주 검토
SSIS-908,사진 대조 재번역본,379,"01:32:41,830 --> 01:34:11,160",89.33,엄청 깊이 들어왔어.,그거 대단해.,"음, 음… 음.",반응형,,,,,45.0,80.0,50.0,78.0,55.0,0.84999,33.06,38.0,0.0,0.0,0.9255,깊이 들어왔어.,엄청 깊이 들어갔어.,손상된 일본어 ASR + 타임스탬프 사진 + 앞뒤 문맥 추론,51.03,T3,화자·문맥·자연스러움 집중 검토,,98.0295566502463,70.77,P2,앞뒤 5블록·사진·오류 기억을 함께 검토
SSIS-908,사진 대조 재번역본,380,"01:34:42,520 --> 01:35:57,090",74.57,"음, 음… 음.",엄청 깊이 들어왔어.,우와… 음.,중립·혼합형,,,,,45.0,80.0,50.0,78.0,55.0,0.43412,0.0,38.0,0.0,0.0,0.414,"더 야하게 해 봐. 음, 음, 음... 그렇지!","더 야하게 해 봐. 음, 음, 음… 그렇지!",,27.61,T4,구조검사 통과 시 유지,,34.23645320197045,30.39,P4,회귀검사 통과 시 유지
SSIS-908,사진 대조 재번역본,381,"01:36:56,670 --> 01:36:57,810",1.14,우와… 음.,"음, 음… 음.","우와, 안쪽이 엄청 기분 좋아.",중립·혼합형,,,,,45.0,80.0,50.0,78.0,55.0,0.34753,0.0,38.0,0.0,0.0,0.2284,음...,음…,,23.98,T4,구조검사 통과 시 유지,,25.36945812807882,24.56,P4,회귀검사 통과 시 유지
SSIS-908,사진 대조 재번역본,382,"01:37:19,340 --> 01:37:23,540",4.2,"우와, 안쪽이 엄청 기분 좋아.",우와… 음.,"아, 좀 더 도와줘.",반응형,,,,,45.0,80.0,50.0,78.0,59.0,0.75956,0.77,38.0,0.0,0.0,0.6564,안쪽이 좋아.,대단하다.,일본어 원문 + 타임스탬프 사진 + 장면 연속성,41.66,T3,화자·문맥·자연스러움 집중 검토,,83.00492610837439,59.02,P2,앞뒤 5블록·사진·오류 기억을 함께 검토
SSIS-908,사진 대조 재번역본,383,"01:37:25,560 --> 01:41:35,270",249.71,"아, 좀 더 도와줘.","우와, 안쪽이 엄청 기분 좋아.",아… 더는 못 참겠어.,반응형,,,,,45.0,80.0,50.0,78.0,55.0,0.93802,0.0,38.0,0.0,0.0,0.324,좀 더 해 줘.,보여?,일본어 원문 + 타임스탬프 사진 + 장면 연속성,48.78,T3,화자·문맥·자연스러움 집중 검토,,95.56650246305419,68.43,P2,앞뒤 5블록·사진·오류 기억을 함께 검토
SSIS-908,사진 대조 재번역본,384,"01:42:27,720 --> 01:42:29,060",1.34,아… 더는 못 참겠어.,"아, 좀 더 도와줘.",아.,반응형,,,타임스탬프 사진으로 장면 불일치 확인 후 재복원,중간,38.0,78.0,50.0,78.0,62.0,0.76292,0.0,38.0,0.0,0.0,0.2846,못 울겠어.,목이 막혀요.,사진 장면 확인 및 한국어 번역투·ASR 오역 교정,41.84,T3,화자·문맥·자연스러움 집중 검토,,83.49753694581281,59.34,P2,앞뒤 5블록·사진·오류 기억을 함께 검토
SSIS-908,사진 대조 재번역본,385,"01:44:37,740 --> 01:44:38,320",0.58,아.,아… 더는 못 참겠어.,"아, 안 돼. 나도…",반응형,,,,,45.0,80.0,50.0,78.0,55.0,0.51296,0.0,38.0,0.0,0.0,0.4673,"왠지, 아.","아, 뭐야.",일본어 원문 대조 + 자연스러운 한국어 대사 교정,30.92,T4,구조검사 통과 시 유지,,45.566502463054185,37.07,P4,회귀검사 통과 시 유지
SSIS-908,사진 대조 재번역본,386,"01:47:10,250 --> 01:50:35,080",204.83,"아, 안 돼. 나도…",아.,"있잖아, 곤란하네. 너 일 잘하는데, 지금 그만두면 곤란하다고.",반응형,,,,,45.0,80.0,50.0,78.0,55.0,0.95014,0.0,38.0,0.0,0.0,0.5438,안 돼.,"네, 놀랐어요.",타임스탬프 사진과 앞뒤 장면으로 대사 기능 복원,49.29,T3,화자·문맥·자연스러움 집중 검토,,96.05911330049261,68.93,P2,앞뒤 5블록·사진·오류 기억을 함께 검토
SSIS-908,사진 대조 재번역본,387,"01:52:51,410 --> 01:52:58,130",6.72,"있잖아, 곤란하네. 너 일 잘하는데, 지금 그만두면 곤란하다고.","아, 안 돼. 나도…",그럼 왜 그런 영상을 보낸 거예요?,반말형,,,,,45.0,80.0,50.0,78.0,55.0,0.92047,42.0,38.0,0.0,18.0,1.0,"있잖아, 곤란하네. 너 일 잘하는데, 지금 그만두면 곤란하다고.",아… 잠깐만…,타임스탬프 사진으로 장면 불일치 확인 후 재복원,57.04,T3,화자·문맥·자연스러움 집중 검토,formality_shift,99.50738916256158,74.88,P1,장면 패킷을 열고 후보 3개를 생성해 반증 검토
SSIS-908,사진 대조 재번역본,388,"01:52:59,550 --> 01:53:02,170",2.62,그럼 왜 그런 영상을 보낸 거예요?,"있잖아, 곤란하네. 너 일 잘하는데, 지금 그만두면 곤란하다고.","아니, 재미있을까 해서 말이야. 네가 얼마나 참을 수 있는지도 알고 싶었고.",존댓말형,,,,,45.0,80.0,50.0,78.0,55.0,0.6906,42.0,38.0,0.0,35.0,1.0,그럼 왜 그런 영상을 보낸 거예요?,너무 세…,타임스탬프 사진으로 장면 불일치 확인 후 재복원,48.75,T3,화자·문맥·자연스러움 집중 검토,formality_jump,95.32019704433498,68.31,P2,앞뒤 5블록·사진·오류 기억을 함께 검토
SSIS-908,사진 대조 재번역본,389,"01:53:02,810 --> 01:53:09,390",6.58,"아니, 재미있을까 해서 말이야. 네가 얼마나 참을 수 있는지도 알고 싶었고.",그럼 왜 그런 영상을 보낸 거예요?,그 아이를 줄 테니까 일해. 중고라 미안하지만.,반말형,,,,,45.0,80.0,50.0,78.0,55.0,0.90861,42.0,38.0,0.0,0.0,1.0,"아니, 재미있을까 해서 말이야. 네가 얼마나 참을 수 있는지도 알고 싶었고.",조금만 천천히…,타임스탬프 사진으로 장면 불일치 확인 후 재복원,55.1,T3,화자·문맥·자연스러움 집중 검토,,99.01477832512316,73.54,P1,장면 패킷을 열고 후보 3개를 생성해 반증 검토
SSIS-908,사진 대조 재번역본,390,"01:53:14,940 --> 01:53:19,700",4.76,그 아이를 줄 테니까 일해. 중고라 미안하지만.,"아니, 재미있을까 해서 말이야. 네가 얼마나 참을 수 있는지도 알고 싶었고.",안 돼!,반말형,,,,,45.0,80.0,50.0,78.0,55.0,0.77056,42.0,38.0,0.0,0.0,1.0,그 아이를 줄 테니까 일해. 중고라 미안하지만.,안 돼… 이대로는…,타임스탬프 사진으로 장면 불일치 확인 후 재복원,49.3,T3,화자·문맥·자연스러움 집중 검토,,96.30541871921181,69.04,P2,앞뒤 5블록·사진·오류 기억을 함께 검토
SSIS-908,사진 대조 재번역본,391,"01:53:24,380 --> 01:53:24,840",0.46,안 돼!,그 아이를 줄 테니까 일해. 중고라 미안하지만.,역시 넌 해고야. 사장님을 때리면 안 되지.,중립·혼합형,,,,,45.0,80.0,50.0,78.0,55.0,0.16503,42.0,38.0,0.0,0.0,1.0,안 돼!,아… 또 갈 것 같아…,타임스탬프 사진으로 장면 불일치 확인 후 재복원,23.87,T4,구조검사 통과 시 유지,,25.12315270935961,24.4,P4,회귀검사 통과 시 유지
SSIS-908,사진 대조 재번역본,392,"01:53:33,740 --> 01:53:37,100",3.36,역시 넌 해고야. 사장님을 때리면 안 되지.,안 돼!,"그래서, 넌? 남을 거야, 그만둘 거야?",반말형,,,,,45.0,80.0,50.0,78.0,55.0,0.7628,42.0,38.0,0.0,0.0,1.0,역시 넌 해고야. 사장님을 때리면 안 되지.,"잠깐, 잠깐만…",타임스탬프 사진으로 장면 불일치 확인 후 재복원,48.98,T3,화자·문맥·자연스러움 집중 검토,,95.8128078817734,68.65,P2,앞뒤 5블록·사진·오류 기억을 함께 검토
SSIS-908,사진 대조 재번역본,393,"01:53:38,580 --> 01:53:42,000",3.42,"그래서, 넌? 남을 거야, 그만둘 거야?",역시 넌 해고야. 사장님을 때리면 안 되지.,"그 사람, 격투기 했었거든.",반말형,,,,,45.0,80.0,50.0,78.0,55.0,0.7362,42.0,38.0,0.0,0.0,1.0,"그래서, 넌? 남을 거야, 그만둘 거야?",계속해…,타임스탬프 사진으로 장면 불일치 확인 후 재복원,47.86,T3,화자·문맥·자연스러움 집중 검토,,94.08866995073892,67.28,P2,앞뒤 5블록·사진·오류 기억을 함께 검토
SSIS-908,사진 대조 재번역본,394,"01:54:18,970 --> 01:54:20,950",1.98,"그 사람, 격투기 했었거든.","그래서, 넌? 남을 거야, 그만둘 거야?",이길 수 있을 리가 없지.,중립·혼합형,,,,,45.0,80.0,50.0,78.0,55.0,0.67156,42.0,38.0,0.0,0.0,1.0,"그 사람, 격투기 했었거든.",아… 좋아…,타임스탬프 사진으로 장면 불일치 확인 후 재복원,45.15,T3,화자·문맥·자연스러움 집중 검토,,91.13300492610837,64.46,P2,앞뒤 5블록·사진·오류 기억을 함께 검토
SSIS-908,사진 대조 재번역본,395,"01:54:22,330 --> 01:54:23,630",1.3,이길 수 있을 리가 없지.,"그 사람, 격투기 했었거든.",이길 수 있을 거라고는 생각하지 않았지만.,반말형,,,,,45.0,80.0,50.0,78.0,55.0,0.65782,42.0,38.0,0.0,0.0,1.0,이길 수 있을 리가 없지.,더 깊이…,타임스탬프 사진으로 장면 불일치 확인 후 재복원,44.57,T3,화자·문맥·자연스러움 집중 검토,,90.64039408866995,63.92,P2,앞뒤 5블록·사진·오류 기억을 함께 검토
SSIS-908,사진 대조 재번역본,396,"01:54:25,750 --> 01:54:27,530",1.78,이길 수 있을 거라고는 생각하지 않았지만.,이길 수 있을 리가 없지.,머리에 피가 쏠려서 말이야.,반말형,,,,,45.0,80.0,50.0,78.0,55.0,0.84562,42.0,38.0,0.0,0.0,1.0,이길 수 있을 거라고는 생각하지 않았지만.,"아, 거기…",타임스탬프 사진으로 장면 불일치 확인 후 재복원,52.46,T3,화자·문맥·자연스러움 집중 검토,,98.27586206896551,71.7,P2,앞뒤 5블록·사진·오류 기억을 함께 검토
SSIS-908,사진 대조 재번역본,397,"01:54:28,630 --> 01:54:30,190",1.56,머리에 피가 쏠려서 말이야.,이길 수 있을 거라고는 생각하지 않았지만.,하아.,반말형,,,,,45.0,80.0,50.0,78.0,55.0,0.78038,42.0,38.0,0.0,0.0,1.0,머리에 피가 쏠려서 말이야.,하아… 안 돼…,타임스탬프 사진으로 장면 불일치 확인 후 재복원,49.72,T3,화자·문맥·자연스러움 집중 검토,,96.55172413793103,69.39,P2,앞뒤 5블록·사진·오류 기억을 함께 검토
SSIS-908,사진 대조 재번역본,398,"01:54:35,280 --> 01:54:35,800",0.52,하아.,머리에 피가 쏠려서 말이야.,또 무직이 돼 버렸네.,반응형,,,,,45.0,80.0,50.0,78.0,55.0,0.3596,42.0,38.0,0.0,0.0,1.0,하아.,조금만…,타임스탬프 사진으로 장면 불일치 확인 후 재복원,32.04,T4,구조검사 통과 시 유지,,50.0,39.58,P4,회귀검사 통과 시 유지
SSIS-908,사진 대조 재번역본,399,"01:54:37,340 --> 01:54:38,560",1.22,또 무직이 돼 버렸네.,하아.,나도.,반말형,,,,,45.0,80.0,50.0,78.0,55.0,0.62324,42.0,38.0,0.0,0.0,1.0,또 무직이 돼 버렸네.,또 갈 것 같아…,타임스탬프 사진으로 장면 불일치 확인 후 재복원,43.12,T3,화자·문맥·자연스러움 집중 검토,,88.66995073891626,62.25,P2,앞뒤 5블록·사진·오류 기억을 함께 검토
SSIS-908,사진 대조 재번역본,400,"01:54:40,820 --> 01:54:41,560",0.74,나도.,또 무직이 돼 버렸네.,그래도 둘이서라면 어떻게든 될 거야.,중립·혼합형,,,,,45.0,80.0,50.0,78.0,55.0,0.3087,42.0,38.0,0.0,0.0,1.0,나도.,나도…,타임스탬프 사진으로 장면 불일치 확인 후 재복원,29.91,T4,구조검사 통과 시 유지,,41.6256157635468,34.83,P4,회귀검사 통과 시 유지
SSIS-908,사진 대조 재번역본,401,"01:54:42,880 --> 01:54:45,060",2.18,그래도 둘이서라면 어떻게든 될 거야.,나도.,응.,반응형,,,,,45.0,80.0,50.0,78.0,55.0,0.74899,42.0,38.0,0.0,0.0,1.0,그래도 둘이서라면 어떻게든 될 거야.,같이 가자…,타임스탬프 사진으로 장면 불일치 확인 후 재복원,48.4,T3,화자·문맥·자연스러움 집중 검토,,94.58128078817734,67.8,P2,앞뒤 5블록·사진·오류 기억을 함께 검토
SSIS-908,사진 대조 재번역본,402,"01:54:45,060 --> 01:54:45,200",0.14,응.,그래도 둘이서라면 어떻게든 될 거야.,둘이서.,반응형,,,타임스탬프 사진으로 장면 불일치 확인 후 재복원,중간,38.0,78.0,50.0,78.0,62.0,0.23756,0.0,38.0,0.0,0.0,0.4888,"하-, 응.",하아… 응.,,19.78,T4,구조검사 통과 시 유지,,11.822660098522167,16.44,P4,회귀검사 통과 시 유지
SSIS-908,사진 대조 재번역본,403,"01:54:45,360 --> 01:54:45,420",0.06,둘이서.,응.,그래.,중립·혼합형,,,타임스탬프 사진으로 장면 불일치 확인 후 재복원,중간,38.0,78.0,50.0,78.0,62.0,0.37174,0.0,38.0,70.0,0.0,0.3838,둘이서?,그래.,타임스탬프 사진으로 장면 불일치 확인 후 재복원,32.41,T4,구조검사 통과 시 유지,high_cps,51.970443349753694,40.63,P3,말투·질문응답·가독성 위주 검토
SSIS-908,사진 대조 재번역본,404,"01:54:45,700 --> 01:54:45,860",0.16,그래.,둘이서.,앞으로도.,중립·혼합형,,,타임스탬프 사진으로 장면 불일치 확인 후 재복원,중간,38.0,78.0,50.0,78.0,62.0,0.33029,28.84,38.0,25.0,0.0,0.8903,"아, 그래.",간다.,화면 영문 자막 대조,31.36,T4,구조검사 통과 시 유지,borderline_cps,46.79802955665024,37.84,P4,회귀검사 통과 시 유지
SSIS-908,사진 대조 재번역본,405,"01:54:45,860 --> 01:54:46,420",0.56,앞으로도.,그래.,함께.,반응형,,,타임스탬프 사진으로 장면 불일치 확인 후 재복원,중간,38.0,78.0,50.0,78.0,62.0,0.38516,0.0,38.0,0.0,0.0,0.2567,역시 앞으로 뻗게 해줘.,역시 앞으로 뻗게 해 줘.,,25.98,T4,구조검사 통과 시 유지,,29.43349753694581,27.43,P4,회귀검사 통과 시 유지
SSIS-908,사진 대조 재번역본,406,"01:54:46,520 --> 01:54:46,660",0.14,함께.,앞으로도.,,중립·혼합형,,,타임스탬프 사진으로 장면 불일치 확인 후 재복원,중간,38.0,78.0,50.0,78.0,62.0,0.34622,0.0,38.0,37.14,0.0,0.1227,너와 함께 맛보고 싶다는 뜻이야.,너와 같이 느끼고 싶다는 뜻이야.,,28.06,T4,구조검사 통과 시 유지,high_cps,36.206896551724135,31.48,P4,회귀검사 통과 시 유지
