title,stage,block,timecode,duration_seconds,text,prev_text,next_text,style_profile,frame_file,frame_difference_seconds,basis,evidence_confidence,source_meaning_confidence,scene_fit_confidence,speaker_confidence,korean_naturalness,hallucination_risk,model_change_probability,rule_risk,provenance_risk,timing_risk,continuity_risk,error_memory_similarity,nearest_prior_bad_text,nearest_prior_correction,nearest_prior_basis,final_risk,tier,recommended_action,flags,relative_risk_percentile,priority_score,review_band,priority_action
ABF-338,사진 대조 1차 교정본,1,"00:00:28,990 --> 00:00:29,430",0.44,네.,,안녕하세요.,반말형,,0.01,,,25.0,90.0,50.0,78.0,75.0,0.1032,6.48,66.0,0.0,35.0,0.704,"네, 네.",네.,불필요한 반복 제거,23.36,T4,구조검사 통과 시 유지,formality_jump,7.9470198675496695,16.89,P4,회귀검사 통과 시 유지
ABF-338,사진 대조 1차 교정본,2,"00:00:29,430 --> 00:00:30,270",0.84,안녕하세요.,네.,치마가 엄청 짧네요.,존댓말형,,0.03,,,25.0,90.0,50.0,78.0,75.0,0.26602,0.0,66.0,0.0,35.0,0.5365,"아, 안녕하세요. 정말 아름다운 분이 와 주셨네요.","아, 안녕하세요. 정말 아름다운 분이 오셨네요.",첫 만남 대사 자연화,29.03,T4,구조검사 통과 시 유지,formality_jump,23.509933774834437,26.71,P4,회귀검사 통과 시 유지
ABF-338,사진 대조 1차 교정본,3,"00:00:32,810 --> 00:00:34,630",1.82,치마가 엄청 짧네요.,안녕하세요.,그러게요. 이거 좀 아슬아슬하죠?,반말형,,0.01,,,25.0,90.0,50.0,78.0,75.0,0.57162,0.0,66.0,0.0,18.0,0.169,엄청 해줘...,엄청 해 줘…,,40.51,T3,화자·문맥·자연스러움 집중 검토,formality_shift,65.06622516556291,50.82,P3,말투·질문응답·가독성 위주 검토
ABF-338,사진 대조 1차 교정본,4,"00:00:35,170 --> 00:00:38,070",2.9,그러게요. 이거 좀 아슬아슬하죠?,치마가 엄청 짧네요.,정말 뭔가 보일 것 같아요.,반응형,,0.03,,,25.0,90.0,50.0,78.0,75.0,0.75354,0.0,66.0,0.0,0.0,0.3279,아슬아슬했어.,아슬아슬하게 들어갔어.,손상된 일본어 ASR + 타임스탬프 사진 + 앞뒤 문맥 추론,46.71,T3,화자·문맥·자연스러움 집중 검토,,84.43708609271523,62.56,P2,앞뒤 5블록·사진·오류 기억을 함께 검토
ABF-338,사진 대조 1차 교정본,5,"00:00:38,650 --> 00:00:40,890",2.24,정말 뭔가 보일 것 같아요.,그러게요. 이거 좀 아슬아슬하죠?,바로 본론으로 들어가도 될까요?,반응형,,0.05,,,25.0,90.0,50.0,78.0,75.0,0.67492,0.0,66.0,0.0,0.0,0.4458,기쁠 것 같아요.,그러면 기쁠 것 같아요.,사진 장면 확인 및 한국어 번역투·ASR 오역 교정,43.41,T3,화자·문맥·자연스러움 집중 검토,,75.66225165562915,56.96,P3,말투·질문응답·가독성 위주 검토
ABF-338,사진 대조 1차 교정본,6,"00:00:41,730 --> 00:00:43,030",1.3,바로 본론으로 들어가도 될까요?,정말 뭔가 보일 것 같아요.,네.,반응형,,0.03,,,25.0,90.0,50.0,78.0,75.0,0.59845,0.0,66.0,0.0,18.0,0.1573,이제 바로 누워.,일단 바로 누워.,사진 장면 확인 및 한국어 번역투·ASR 오역 교정,41.64,T3,화자·문맥·자연스러움 집중 검토,formality_shift,69.5364238410596,53.36,P3,말투·질문응답·가독성 위주 검토
ABF-338,사진 대조 1차 교정본,7,"00:00:43,230 --> 00:00:43,350",0.12,네.,바로 본론으로 들어가도 될까요?,오늘 좀 여쭤보고 싶은 게 있어서요.,반말형,,0.03,,,25.0,90.0,50.0,78.0,75.0,0.11039,6.48,66.0,25.0,18.0,0.704,"네, 네.",네.,불필요한 반복 제거,24.8,T4,구조검사 통과 시 유지,borderline_cps;formality_shift,11.42384105960265,19.18,P4,회귀검사 통과 시 유지
ABF-338,사진 대조 1차 교정본,8,"00:00:45,930 --> 00:00:48,410",2.48,오늘 좀 여쭤보고 싶은 게 있어서요.,네.,네.,중립·혼합형,,0.03,,,25.0,90.0,50.0,78.0,75.0,0.75778,0.0,66.0,0.0,0.0,0.1481,오늘 진짜 엄청 했네.,오늘 진짜 실컷 했네.,일본어 원문 대조 + 자연스러운 한국어 대사 교정,46.89,T3,화자·문맥·자연스러움 집중 검토,,84.60264900662253,62.73,P2,앞뒤 5블록·사진·오류 기억을 함께 검토
ABF-338,사진 대조 1차 교정본,9,"00:00:48,410 --> 00:00:48,810",0.4,네.,오늘 좀 여쭤보고 싶은 게 있어서요.,오늘은 기승위에 관해 좀 여쭤보려고요.,반말형,,0.01,,,25.0,90.0,50.0,78.0,75.0,0.20058,6.48,66.0,0.0,0.0,0.704,"네, 네.",네.,불필요한 반복 제거,24.65,T4,구조검사 통과 시 유지,,10.927152317880795,18.89,P4,회귀검사 통과 시 유지
ABF-338,사진 대조 1차 교정본,10,"00:00:49,910 --> 00:00:53,870",3.96,오늘은 기승위에 관해 좀 여쭤보려고요.,네.,딱 들었을 때 기승위는 어떤 이미지예요?,반말형,,0.01,,,25.0,90.0,50.0,78.0,75.0,0.79484,0.0,66.0,0.0,0.0,0.2218,오늘은 서로 원하는 대로 해 보려고.,서로 하고 싶은 대로 해 보자.,손상된 일본어 ASR + 타임스탬프 사진 + 앞뒤 문맥 추론,48.44,T3,화자·문맥·자연스러움 집중 검토,,88.90728476821192,65.44,P2,앞뒤 5블록·사진·오류 기억을 함께 검토
ABF-338,사진 대조 1차 교정본,11,"00:00:55,130 --> 00:00:58,550",3.42,딱 들었을 때 기승위는 어떤 이미지예요?,오늘은 기승위에 관해 좀 여쭤보려고요.,어떤 이미지냐고요?,중립·혼합형,,0.03,,,25.0,90.0,50.0,78.0,75.0,0.77559,0.0,66.0,0.0,0.0,0.125,후와 씨와 어떤 졸업을 맞고 싶어요?,후우아 씨와 어떤 식으로 첫 경험을 마무리하고 싶어요?,이름 및 질문 문장 자연화,47.63,T3,화자·문맥·자연스러움 집중 검토,,86.58940397350993,63.99,P2,앞뒤 5블록·사진·오류 기억을 함께 검토
ABF-338,사진 대조 1차 교정본,12,"00:00:58,930 --> 00:01:00,030",1.1,어떤 이미지냐고요?,딱 들었을 때 기승위는 어떤 이미지예요?,좋아하세요?,반응형,,0.03,,,25.0,90.0,50.0,78.0,75.0,0.37605,0.0,66.0,0.0,0.0,0.1602,어떤 식으로 가고 있는지.,어떻게 가고 있는지.,,30.85,T4,구조검사 통과 시 유지,,28.642384105960268,29.92,P4,회귀검사 통과 시 유지
ABF-338,사진 대조 1차 교정본,13,"00:01:00,290 --> 00:01:00,990",0.7,좋아하세요?,어떤 이미지냐고요?,기승위는 좋아해요.,반응형,,0.01,,,25.0,90.0,50.0,78.0,75.0,0.15083,26.57,66.0,0.0,0.0,0.8714,남자 좋아하세요?,그래도 싫지는 않았죠?,타임스탬프 사진과 앞뒤 장면으로 대사 기능 복원,26.18,T4,구조검사 통과 시 유지,,15.728476821192054,21.79,P4,회귀검사 통과 시 유지
ABF-338,사진 대조 1차 교정본,14,"00:01:01,450 --> 00:01:02,570",1.12,기승위는 좋아해요.,좋아하세요?,좋아하세요?,반응형,,0.05,,,25.0,90.0,50.0,78.0,75.0,0.29565,0.0,66.0,0.0,0.0,0.4807,유두를 좋아해요.,젖꼭지를 좋아해요.,,27.48,T4,구조검사 통과 시 유지,,18.625827814569536,23.76,P4,회귀검사 통과 시 유지
ABF-338,사진 대조 1차 교정본,15,"00:01:02,630 --> 00:01:03,190",0.56,좋아하세요?,기승위는 좋아해요.,네.,반응형,,0.03,,,25.0,90.0,50.0,78.0,75.0,0.15668,26.57,66.0,0.0,0.0,0.8714,남자 좋아하세요?,그래도 싫지는 않았죠?,타임스탬프 사진과 앞뒤 장면으로 대사 기능 복원,26.42,T4,구조검사 통과 시 유지,,16.225165562913908,22.14,P4,회귀검사 통과 시 유지
ABF-338,사진 대조 1차 교정본,16,"00:01:03,610 --> 00:01:03,710",0.1,네.,좋아하세요?,"제가 움직이면서 남자가 기분 좋아하는 모습을
보는 게 좋아서, 그런 의미로 좋아해요.",반말형,,0.01,,,25.0,90.0,50.0,78.0,75.0,0.06368,6.48,66.0,25.0,0.0,0.704,"네, 네.",네.,불필요한 반복 제거,21.4,T4,구조검사 통과 시 유지,borderline_cps,3.3112582781456954,13.8,P4,회귀검사 통과 시 유지
ABF-338,사진 대조 1차 교정본,17,"00:01:05,070 --> 00:01:12,950",7.88,"제가 움직이면서 남자가 기분 좋아하는 모습을
보는 게 좋아서, 그런 의미로 좋아해요.",네.,그렇군요.,반말형,,0.03,,,25.0,90.0,50.0,78.0,79.0,0.71697,0.0,66.0,0.0,0.0,0.2835,여러 곳을 움직이면서 할까?,손도 같이 움직여 볼까?,타임스탬프 사진과 장면 흐름으로 명백한 오인식 교정,45.41,T3,화자·문맥·자연스러움 집중 검토,,80.96026490066225,60.34,P2,앞뒤 5블록·사진·오류 기억을 함께 검토
ABF-338,사진 대조 1차 교정본,18,"00:01:13,830 --> 00:01:14,110",0.28,그렇군요.,"제가 움직이면서 남자가 기분 좋아하는 모습을
보는 게 좋아서, 그런 의미로 좋아해요.",처음 기승위를 한 건 언제였어요?,중립·혼합형,,0.03,,,25.0,90.0,50.0,78.0,75.0,0.19371,42.0,66.0,25.0,0.0,1.0,그렇군요.,네…,타임스탬프 사진과 장면 흐름으로 명백한 오인식 교정,33.26,T4,구조검사 통과 시 유지,borderline_cps,36.75496688741722,34.73,P4,회귀검사 통과 시 유지
ABF-338,사진 대조 1차 교정본,19,"00:01:15,950 --> 00:01:19,090",3.14,처음 기승위를 한 건 언제였어요?,그렇군요.,어? 언제였더라?,반응형,,0.05,,,25.0,90.0,50.0,78.0,75.0,0.66769,0.0,66.0,0.0,0.0,0.1351,이런 경험 처음 당해봐?,이런 경험 처음 당해 봐?,,43.1,T3,화자·문맥·자연스러움 집중 검토,,74.33774834437085,56.22,P3,말투·질문응답·가독성 위주 검토
ABF-338,사진 대조 1차 교정본,20,"00:01:19,470 --> 00:01:20,910",1.44,어? 언제였더라?,처음 기승위를 한 건 언제였어요?,"그런데 그 자세는 스스로 해 보려고
마음먹지 않으면 하기 어렵잖아요.",반응형,,0.03,,,25.0,90.0,50.0,78.0,75.0,0.52601,0.0,66.0,0.0,0.0,0.3585,무슨 얘기였더라?,무슨 맛이었어?,일본어 원문 대조 + 자연스러운 한국어 대사 교정,37.15,T3,화자·문맥·자연스러움 집중 검토,,52.483443708609265,43.59,P3,말투·질문응답·가독성 위주 검토
ABF-338,사진 대조 1차 교정본,21,"00:01:21,530 --> 00:01:25,830",4.3,"그런데 그 자세는 스스로 해 보려고
마음먹지 않으면 하기 어렵잖아요.",어? 언제였더라?,맞아요.,반말형,,0.03,,,25.0,90.0,50.0,78.0,75.0,0.71028,0.0,66.0,0.0,0.0,0.2252,스스로 쥐고 있어?,네가 직접 잡고 있어?,일본어 원문 대조 + 자연스러운 한국어 대사 교정,44.89,T3,화자·문맥·자연스러움 집중 검토,,79.30463576158941,59.34,P2,앞뒤 5블록·사진·오류 기억을 함께 검토
ABF-338,사진 대조 1차 교정본,22,"00:01:26,290 --> 00:01:26,930",0.64,맞아요.,"그런데 그 자세는 스스로 해 보려고
마음먹지 않으면 하기 어렵잖아요.",자연스럽게 그렇게 되는 자세는 아니죠.,반응형,,0.01,,,25.0,90.0,50.0,78.0,75.0,0.38944,0.0,66.0,0.0,0.0,0.4994,몸을 생각하면 제대로 하는 게 맞아요.,몸에 무리가 가지 않게 제대로 해야 해요.,,31.42,T4,구조검사 통과 시 유지,,30.4635761589404,31.02,P4,회귀검사 통과 시 유지
ABF-338,사진 대조 1차 교정본,23,"00:01:27,230 --> 00:01:28,830",1.6,자연스럽게 그렇게 되는 자세는 아니죠.,맞아요.,"그렇죠. 처음엔 상대가 해 보라고 해서
했는데 어떻게 움직여야 할지 모르겠더라고요.",반응형,,0.03,,,25.0,90.0,50.0,78.0,75.0,0.8284,0.0,66.0,0.0,0.0,0.3733,너무 자연스럽게 받아주네.,되게 자연스럽게 받네.,,49.85,T3,화자·문맥·자연스러움 집중 검토,,92.71523178807946,67.85,P2,앞뒤 5블록·사진·오류 기억을 함께 검토
ABF-338,사진 대조 1차 교정본,24,"00:01:29,050 --> 00:01:38,030",8.98,"그렇죠. 처음엔 상대가 해 보라고 해서
했는데 어떻게 움직여야 할지 모르겠더라고요.",자연스럽게 그렇게 되는 자세는 아니죠.,"네, 그렇죠.",반말형,,0.05,,,25.0,90.0,50.0,78.0,79.0,0.88581,0.0,66.0,0.0,0.0,0.2001,처음엔 편하게 해도 돼.,처음엔 천천히 해도 돼.,일본어 원문 대조 + 자연스러운 한국어 대사 교정,52.5,T3,화자·문맥·자연스러움 집중 검토,,97.01986754966887,71.2,P2,앞뒤 5블록·사진·오류 기억을 함께 검토
ABF-338,사진 대조 1차 교정본,25,"00:01:38,030 --> 00:01:38,830",0.8,"네, 그렇죠.","그렇죠. 처음엔 상대가 해 보라고 해서
했는데 어떻게 움직여야 할지 모르겠더라고요.",처음에는 어떻게 움직이기 시작했어요?,반말형,,0.03,,,25.0,90.0,50.0,78.0,75.0,0.48924,0.0,66.0,0.0,0.0,0.3634,"네, 네.",네.,불필요한 반복 제거,35.61,T3,화자·문맥·자연스러움 집중 검토,,46.026490066225165,39.98,P4,회귀검사 통과 시 유지
ABF-338,사진 대조 1차 교정본,26,"00:01:39,790 --> 00:01:42,570",2.78,처음에는 어떻게 움직이기 시작했어요?,"네, 그렇죠.",어… 그러니까.,반응형,,0.01,,,25.0,90.0,50.0,78.0,79.0,0.7839,0.0,66.0,0.0,0.0,0.2235,어떻게 먹는 게 좋아?,어떻게 해 주는 게 좋아?,일본어 원문 대조 + 자연스러운 한국어 대사 교정,48.22,T3,화자·문맥·자연스러움 집중 검토,,87.91390728476821,64.89,P2,앞뒤 5블록·사진·오류 기억을 함께 검토
ABF-338,사진 대조 1차 교정본,27,"00:01:42,810 --> 00:01:43,850",1.04,어… 그러니까.,처음에는 어떻게 움직이기 시작했어요?,들어간 채로요.,반응형,,0.01,,,25.0,90.0,50.0,78.0,75.0,0.35814,10.89,66.0,0.0,0.0,0.7408,어... 그러니까.,어… 그러니까.,,32.06,T4,구조검사 통과 시 유지,,33.27814569536424,32.57,P4,회귀검사 통과 시 유지
ABF-338,사진 대조 1차 교정본,28,"00:01:43,890 --> 00:01:44,650",0.76,들어간 채로요.,어… 그러니까.,들어간 채로.,반응형,,0.01,,,25.0,90.0,50.0,78.0,75.0,0.44235,0.0,66.0,0.0,0.0,0.1826,계속 간 채로 있잖아…,계속 느끼고 있잖아…,타임스탬프 사진과 장면 흐름으로 명백한 오인식 교정,33.64,T4,구조검사 통과 시 유지,,37.913907284768214,35.44,P4,회귀검사 통과 시 유지
ABF-338,사진 대조 1차 교정본,29,"00:01:44,790 --> 00:01:45,310",0.52,들어간 채로.,들어간 채로요.,이렇게 앞뒤로요.,반응형,,0.01,,,25.0,90.0,50.0,78.0,75.0,0.5143,0.0,66.0,0.0,0.0,0.1953,계속 간 채로 있잖아…,계속 느끼고 있잖아…,타임스탬프 사진과 장면 흐름으로 명백한 오인식 교정,36.66,T3,화자·문맥·자연스러움 집중 검토,,50.579470198675494,42.51,P3,말투·질문응답·가독성 위주 검토
ABF-338,사진 대조 1차 교정본,30,"00:01:46,530 --> 00:01:48,310",1.78,이렇게 앞뒤로요.,들어간 채로.,앞뒤로.,중립·혼합형,,0.03,,,25.0,90.0,50.0,78.0,75.0,0.57139,0.0,66.0,0.0,0.0,0.3338,이렇게 몸을 낮춘 채 앞뒤로 움직이는 게...,이렇게 몸을 낮춘 채 앞뒤로 움직이는 게…,,39.06,T3,화자·문맥·자연스러움 집중 검토,,59.60264900662252,47.69,P3,말투·질문응답·가독성 위주 검토
ABF-338,사진 대조 1차 교정본,31,"00:01:48,430 --> 00:01:48,890",0.46,앞뒤로.,이렇게 앞뒤로요.,앞뒤로요.,중립·혼합형,,0.03,,,25.0,90.0,50.0,78.0,75.0,0.37723,0.0,66.0,0.0,0.0,0.2068,이렇게 몸을 낮춘 채 앞뒤로 움직이는 게...,이렇게 몸을 낮춘 채 앞뒤로 움직이는 게…,,30.9,T4,구조검사 통과 시 유지,,28.97350993377483,30.09,P4,회귀검사 통과 시 유지
ABF-338,사진 대조 1차 교정본,32,"00:01:49,070 --> 00:01:49,390",0.32,앞뒤로요.,앞뒤로.,처음 앞뒤로 움직였을 땐 어땠어요?,중립·혼합형,,0.03,,,25.0,90.0,50.0,78.0,75.0,0.28076,0.0,66.0,0.0,0.0,0.1939,이렇게 몸을 낮춘 채 앞뒤로 움직이는 게...,이렇게 몸을 낮춘 채 앞뒤로 움직이는 게…,,26.85,T4,구조검사 통과 시 유지,,16.887417218543046,22.67,P4,회귀검사 통과 시 유지
ABF-338,사진 대조 1차 교정본,33,"00:01:49,770 --> 00:01:53,070",3.3,처음 앞뒤로 움직였을 땐 어땠어요?,앞뒤로요.,'어? 이게 맞나?' 하는 느낌이었어요.,반응형,,0.03,,,25.0,90.0,50.0,78.0,79.0,0.74176,0.0,66.0,0.0,0.0,0.2136,이렇게 몸을 낮춘 채 앞뒤로 움직이는 게...,이렇게 몸을 낮춘 채 앞뒤로 움직이는 게…,,46.45,T3,화자·문맥·자연스러움 집중 검토,,83.94039735099338,62.2,P2,앞뒤 5블록·사진·오류 기억을 함께 검토
ABF-338,사진 대조 1차 교정본,34,"00:01:53,410 --> 00:01:55,050",1.64,'어? 이게 맞나?' 하는 느낌이었어요.,처음 앞뒤로 움직였을 땐 어땠어요?,제대로 하고 있는 건가 싶고요.,반응형,,0.01,,,25.0,90.0,50.0,78.0,75.0,0.56896,0.0,66.0,0.0,0.0,0.2176,이게 제 꿈이었어요!,이게 제 로망이었어요!,일본어 원문 대조 + 자연스러운 한국어 대사 교정,38.96,T3,화자·문맥·자연스러움 집중 검토,,58.94039735099338,47.35,P3,말투·질문응답·가독성 위주 검토
ABF-338,사진 대조 1차 교정본,35,"00:01:55,410 --> 00:01:56,570",1.16,제대로 하고 있는 건가 싶고요.,'어? 이게 맞나?' 하는 느낌이었어요.,"아, 불안했던 거군요.",중립·혼합형,,0.01,,,25.0,90.0,50.0,78.0,75.0,0.46915,0.0,66.0,0.0,0.0,0.3412,그 뒤에 제대로 하고 싶네…,그 뒤에 제대로 해 보고 싶네.,일본어 원문 대조 + 자연스러운 한국어 대사 교정,34.76,T4,구조검사 통과 시 유지,,42.384105960264904,37.96,P4,회귀검사 통과 시 유지
ABF-338,사진 대조 1차 교정본,36,"00:01:56,590 --> 00:01:57,310",0.72,"아, 불안했던 거군요.",제대로 하고 있는 건가 싶고요.,네.,반응형,,0.01,,,25.0,90.0,50.0,78.0,75.0,0.37301,0.0,66.0,0.0,0.0,0.2385,"아, 아, 아, 아, 아, 아, 아,","아, 아, 아, 아, 아, 아, 아",,30.73,T4,구조검사 통과 시 유지,,28.14569536423841,29.64,P4,회귀검사 통과 시 유지
ABF-338,사진 대조 1차 교정본,37,"00:01:57,350 --> 00:01:57,510",0.16,네.,"아, 불안했던 거군요.",기분 좋다기보다는 계속…,반말형,,0.05,,,25.0,90.0,50.0,78.0,75.0,0.15815,6.48,66.0,0.0,0.0,0.704,"네, 네.",네.,불필요한 반복 제거,22.87,T4,구조검사 통과 시 유지,,6.456953642384105,15.98,P4,회귀검사 통과 시 유지
ABF-338,사진 대조 1차 교정본,38,"00:01:57,510 --> 00:02:00,590",3.08,기분 좋다기보다는 계속…,네.,계속요?,중립·혼합형,,0.01,,,25.0,90.0,50.0,78.0,75.0,0.69874,9.78,66.0,0.0,0.0,0.7315,기분 좋다기보다는 계속...,기분 좋다기보다는 계속…,,46.17,T3,화자·문맥·자연스러움 집중 검토,,83.27814569536423,61.76,P2,앞뒤 5블록·사진·오류 기억을 함께 검토
ABF-338,사진 대조 1차 교정본,39,"00:02:00,730 --> 00:02:01,350",0.62,계속요?,기분 좋다기보다는 계속…,각도 같은 게 있잖아요.,중립·혼합형,,0.03,,,25.0,90.0,50.0,78.0,75.0,0.44061,0.0,66.0,0.0,0.0,0.147,계속…,이거 어떻게 푸는 거였지?,일본어 원문 + 타임스탬프 사진 + 장면 연속성,33.57,T4,구조검사 통과 시 유지,,37.58278145695364,35.26,P4,회귀검사 통과 시 유지
ABF-338,사진 대조 1차 교정본,40,"00:02:02,170 --> 00:02:03,530",1.36,각도 같은 게 있잖아요.,계속요?,네.,반응형,,0.03,,,25.0,90.0,50.0,78.0,75.0,0.61609,0.0,66.0,0.0,0.0,0.2368,서 있잖아.,완전히 서 있잖아.,일본어 원문 대조 + 자연스러운 한국어 대사 교정,40.94,T3,화자·문맥·자연스러움 집중 검토,,67.05298013245033,51.91,P3,말투·질문응답·가독성 위주 검토
ABF-338,사진 대조 1차 교정본,41,"00:02:03,710 --> 00:02:03,910",0.2,네.,각도 같은 게 있잖아요.,"상대의 모양이나 각도에 따라
좋아하는 각도가 따로 있나요?",반말형,,0.01,불필요한 반복 제거,높음,25.0,90.0,50.0,78.0,75.0,0.12287,6.48,22.0,0.0,0.0,0.704,"네, 네.",네.,불필요한 반복 제거,10.33,T4,구조검사 통과 시 유지,,0.16556291390728478,6.06,P4,회귀검사 통과 시 유지
ABF-338,사진 대조 1차 교정본,42,"00:02:04,670 --> 00:02:09,450",4.78,"상대의 모양이나 각도에 따라
좋아하는 각도가 따로 있나요?",네.,어… 찾아봐요.,중립·혼합형,,0.03,,,25.0,90.0,50.0,78.0,75.0,0.53573,0.0,66.0,0.0,0.0,0.1876,다리 좋아하는 남자.,다리 좋아하는 남자 많잖아.,일본어 원문 대조 + 자연스러운 한국어 대사 교정,37.56,T3,화자·문맥·자연스러움 집중 검토,,54.47019867549668,44.66,P3,말투·질문응답·가독성 위주 검토
ABF-338,사진 대조 1차 교정본,43,"00:02:09,450 --> 00:02:10,990",1.54,어… 찾아봐요.,"상대의 모양이나 각도에 따라
좋아하는 각도가 따로 있나요?",찾아본다고요?,반응형,,0.05,,,25.0,90.0,50.0,78.0,75.0,0.39389,13.03,66.0,0.0,0.0,0.7586,어... 찾아봐요.,어… 찾아봐요.,,33.95,T4,구조검사 통과 시 유지,,38.99006622516556,36.07,P4,회귀검사 통과 시 유지
ABF-338,사진 대조 1차 교정본,44,"00:02:11,090 --> 00:02:11,630",0.54,찾아본다고요?,어… 찾아봐요.,하면서요.,반응형,,0.01,,,25.0,90.0,50.0,78.0,75.0,0.29865,0.0,66.0,0.0,0.0,0.0987,어... 찾아봐요.,어… 찾아봐요.,,27.6,T4,구조검사 통과 시 유지,,19.370860927152318,24.14,P4,회귀검사 통과 시 유지
ABF-338,사진 대조 1차 교정본,45,"00:02:11,710 --> 00:02:12,510",0.8,하면서요.,찾아본다고요?,서로 기분 좋은 각도를 찾아요.,중립·혼합형,,0.01,,,25.0,90.0,50.0,78.0,75.0,0.301,0.0,66.0,0.0,0.0,0.1641,"하면서, 역시 갈 것 같다고 말하게 돼...","하면서, 역시 갈 것 같다고 말하게 돼…",,27.7,T4,구조검사 통과 시 유지,,19.5364238410596,24.27,P4,회귀검사 통과 시 유지
ABF-338,사진 대조 1차 교정본,46,"00:02:12,890 --> 00:02:15,610",2.72,서로 기분 좋은 각도를 찾아요.,하면서요.,찾는군요.,반응형,,0.01,,,25.0,90.0,50.0,78.0,75.0,0.72305,0.0,66.0,0.0,0.0,0.2676,기분 좋아요.,"아, 좋아요.",화면 영문 자막 대조,45.43,T3,화자·문맥·자연스러움 집중 검토,,81.29139072847681,60.49,P2,앞뒤 5블록·사진·오류 기억을 함께 검토
ABF-338,사진 대조 1차 교정본,47,"00:02:15,810 --> 00:02:16,390",0.58,찾는군요.,서로 기분 좋은 각도를 찾아요.,제가 직접요.,중립·혼합형,,0.01,,,25.0,90.0,50.0,78.0,75.0,0.33949,0.0,66.0,0.0,0.0,0.3334,그럼 각도를 찾는 과정이 먼저 들어가는군요.,그럼 먼저 각도를 찾는군요.,인터뷰 문장 자연화,29.32,T4,구조검사 통과 시 유지,,24.337748344370862,27.23,P4,회귀검사 통과 시 유지
ABF-338,사진 대조 1차 교정본,48,"00:02:16,570 --> 00:02:17,070",0.5,제가 직접요.,찾는군요.,일단은요.,중립·혼합형,,0.03,,,25.0,90.0,50.0,78.0,75.0,0.49284,0.0,66.0,0.0,0.0,0.1448,직접 만지는 게 더 기분 좋아...,직접 만지는 게 더 기분 좋아…,,35.76,T3,화자·문맥·자연스러움 집중 검토,,47.35099337748344,40.63,P3,말투·질문응답·가독성 위주 검토
ABF-338,사진 대조 1차 교정본,49,"00:02:17,210 --> 00:02:17,390",0.18,일단은요.,제가 직접요.,일단.,중립·혼합형,,0.01,,,25.0,90.0,50.0,78.0,75.0,0.37424,0.0,66.0,68.89,0.0,0.3168,일단은 말이야.,일단 가 볼까?,일본어 원문 대조 + 자연스러운 한국어 대사 교정,37.67,T3,화자·문맥·자연스러움 집중 검토,high_cps,54.966887417218544,44.93,P3,말투·질문응답·가독성 위주 검토
ABF-338,사진 대조 1차 교정본,50,"00:02:17,670 --> 00:02:18,150",0.48,일단.,일단은요.,그럼 먼저 각도를 찾는군요.,중립·혼합형,,0.03,,,25.0,90.0,50.0,78.0,75.0,0.33707,0.0,66.0,0.0,0.0,0.2444,일단 해 줘.,일단 넣어 줘.,일본어 원문 대조 + 자연스러운 한국어 대사 교정,29.22,T4,구조검사 통과 시 유지,,23.67549668874172,26.89,P4,회귀검사 통과 시 유지
ABF-338,사진 대조 1차 교정본,51,"00:02:20,670 --> 00:02:22,590",1.92,그럼 먼저 각도를 찾는군요.,일단.,맞아요.,중립·혼합형,,0.03,인터뷰 문장 자연화,높음,25.0,90.0,50.0,92.0,75.0,0.69467,0.0,22.0,0.0,0.0,0.6323,그럼 각도를 찾는 과정이 먼저 들어가는군요.,그럼 먼저 각도를 찾는군요.,인터뷰 문장 자연화,26.78,T4,구조검사 통과 시 유지,,16.721854304635762,22.56,P4,회귀검사 통과 시 유지
ABF-338,사진 대조 1차 교정본,52,"00:02:23,050 --> 00:02:23,210",0.16,맞아요.,그럼 먼저 각도를 찾는군요.,들키지 않게 각도를 찾아요.,반응형,,0.05,,,25.0,90.0,50.0,78.0,75.0,0.3654,0.0,66.0,55.0,0.0,0.4994,몸을 생각하면 제대로 하는 게 맞아요.,몸에 무리가 가지 않게 제대로 해야 해요.,,35.91,T3,화자·문맥·자연스러움 집중 검토,high_cps,47.682119205298015,40.85,P3,말투·질문응답·가독성 위주 검토
ABF-338,사진 대조 1차 교정본,53,"00:02:24,650 --> 00:02:26,010",1.36,들키지 않게 각도를 찾아요.,맞아요.,이제 다 말해 버렸지만요.,반응형,,0.05,,,25.0,90.0,50.0,78.0,75.0,0.70776,0.0,66.0,0.0,0.0,0.233,그럼 각도를 찾는 과정이 먼저 들어가는군요.,그럼 먼저 각도를 찾는군요.,인터뷰 문장 자연화,44.79,T3,화자·문맥·자연스러움 집중 검토,,78.8907284768212,59.11,P2,앞뒤 5블록·사진·오류 기억을 함께 검토
ABF-338,사진 대조 1차 교정본,54,"00:02:26,310 --> 00:02:27,670",1.36,이제 다 말해 버렸지만요.,들키지 않게 각도를 찾아요.,뒤를 보고 하는 자세도 있잖아요.,반말형,,0.01,,,25.0,90.0,50.0,78.0,75.0,0.71415,0.0,66.0,0.0,0.0,0.2707,말해 버렸어요?,소리 내 버렸어요?,사진 장면 확인 및 한국어 번역투·ASR 오역 교정,45.05,T3,화자·문맥·자연스러움 집중 검토,,79.96688741721854,59.72,P2,앞뒤 5블록·사진·오류 기억을 함께 검토
ABF-338,사진 대조 1차 교정본,55,"00:02:29,610 --> 00:02:31,390",1.78,뒤를 보고 하는 자세도 있잖아요.,이제 다 말해 버렸지만요.,네.,반응형,,0.01,,,25.0,90.0,50.0,78.0,75.0,0.75081,0.0,66.0,0.0,0.0,0.2419,"뒤를 보고, 잠깐...","뒤를 보고, 잠깐…",,46.59,T3,화자·문맥·자연스러움 집중 검토,,84.10596026490066,62.35,P2,앞뒤 5블록·사진·오류 기억을 함께 검토
ABF-338,사진 대조 1차 교정본,56,"00:02:31,610 --> 00:02:31,730",0.12,네.,뒤를 보고 하는 자세도 있잖아요.,무슨 말인지 아시죠?,반말형,,0.01,,,25.0,90.0,50.0,78.0,75.0,0.17142,6.48,66.0,25.0,0.0,0.704,"네, 네.",네.,불필요한 반복 제거,25.93,T4,구조검사 통과 시 유지,borderline_cps,15.397350993377485,21.51,P4,회귀검사 통과 시 유지
ABF-338,사진 대조 1차 교정본,57,"00:02:32,290 --> 00:02:33,230",0.94,무슨 말인지 아시죠?,네.,네.,반응형,,0.01,,,25.0,90.0,50.0,78.0,75.0,0.53455,0.0,66.0,0.0,0.0,0.1894,무슨 얘기였지?,어때?,일본어 원문 + 타임스탬프 사진 + 장면 연속성,37.51,T3,화자·문맥·자연스러움 집중 검토,,54.22185430463576,44.53,P3,말투·질문응답·가독성 위주 검토
ABF-338,사진 대조 1차 교정본,58,"00:02:33,310 --> 00:02:33,550",0.24,네.,무슨 말인지 아시죠?,"알아요, 알아요.",반말형,,0.01,,,25.0,90.0,50.0,78.0,75.0,0.11542,6.48,66.0,0.0,0.0,0.704,"네, 네.",네.,불필요한 반복 제거,21.07,T4,구조검사 통과 시 유지,,2.4834437086092715,13.26,P4,회귀검사 통과 시 유지
ABF-338,사진 대조 1차 교정본,59,"00:02:33,890 --> 00:02:34,710",0.82,"알아요, 알아요.",네.,서로 마주 보고 할 때랑 뒤돌아서 할 때가 있잖아요.,반응형,,0.01,,,25.0,90.0,50.0,78.0,75.0,0.38244,0.0,66.0,0.0,0.0,0.3688,평소에도 샴페인을 마셔서 알아요.,평소에도 샴페인을 마셔 봐서 알아요.,사진 장면 확인 및 한국어 번역투·ASR 오역 교정,31.12,T4,구조검사 통과 시 유지,,29.47019867549669,30.43,P4,회귀검사 통과 시 유지
ABF-338,사진 대조 1차 교정본,60,"00:02:34,790 --> 00:02:37,470",2.68,서로 마주 보고 할 때랑 뒤돌아서 할 때가 있잖아요.,"알아요, 알아요.",네.,중립·혼합형,,0.01,,,25.0,90.0,50.0,78.0,75.0,0.83219,0.0,66.0,0.0,0.0,0.2212,"아, 한 번 그걸 해 봐도 되겠네요. 뒤돌아서 하는 자세요.","아, 그 자세도 해 보면 되겠네요. 뒤돌아서 하는 자세예요.",자세 설명의 번역투 제거,50.01,T3,화자·문맥·자연스러움 집중 검토,,92.88079470198676,68.02,P2,앞뒤 5블록·사진·오류 기억을 함께 검토
ABF-338,사진 대조 1차 교정본,61,"00:02:37,790 --> 00:02:37,810",0.02,네.,서로 마주 보고 할 때랑 뒤돌아서 할 때가 있잖아요.,그건 어때요?,반말형,,0.01,,,25.0,90.0,50.0,78.0,75.0,0.19162,6.48,66.0,70.0,0.0,0.704,"네, 네.",네.,불필요한 반복 제거,31.27,T4,구조검사 통과 시 유지,high_cps,29.96688741721854,30.72,P4,회귀검사 통과 시 유지
ABF-338,사진 대조 1차 교정본,62,"00:02:38,590 --> 00:02:40,570",1.98,그건 어때요?,네.,부끄러워요.,반응형,,0.01,,,25.0,90.0,50.0,78.0,75.0,0.39421,3.92,66.0,0.0,0.0,0.6826,"잠깐, 어때요?","잠깐, 괜찮아요?",사진 장면 확인 및 한국어 번역투·ASR 오역 교정,32.32,T4,구조검사 통과 시 유지,,34.437086092715234,33.21,P4,회귀검사 통과 시 유지
ABF-338,사진 대조 1차 교정본,63,"00:02:40,870 --> 00:02:41,410",0.54,부끄러워요.,그건 어때요?,부끄러워요?,중립·혼합형,,0.03,,,25.0,90.0,50.0,78.0,75.0,0.22116,0.0,66.0,0.0,0.0,0.4034,부끄러워...,부끄러워…,,24.35,T4,구조검사 통과 시 유지,,9.933774834437086,18.3,P4,회귀검사 통과 시 유지
ABF-338,사진 대조 1차 교정본,64,"00:02:41,790 --> 00:02:42,330",0.54,부끄러워요?,부끄러워요.,구체적으로 뭐가 부끄러워요?,중립·혼합형,,0.01,,,25.0,90.0,50.0,78.0,75.0,0.22772,0.0,66.0,0.0,0.0,0.3844,부끄러워...,부끄러워…,,24.62,T4,구조검사 통과 시 유지,,10.678807947019868,18.76,P4,회귀검사 통과 시 유지
ABF-338,사진 대조 1차 교정본,65,"00:02:42,990 --> 00:02:44,170",1.18,구체적으로 뭐가 부끄러워요?,부끄러워요?,어…,반응형,,0.01,,,25.0,90.0,50.0,78.0,75.0,0.53676,0.0,66.0,0.0,0.0,0.2417,부끄러워...,부끄러워…,,37.6,T3,화자·문맥·자연스러움 집중 검토,,54.63576158940398,44.76,P3,말투·질문응답·가독성 위주 검토
ABF-338,사진 대조 1차 교정본,66,"00:02:44,770 --> 00:02:45,390",0.62,어…,구체적으로 뭐가 부끄러워요?,뒤돌아서 할 때요?,반응형,,0.03,,,25.0,90.0,50.0,78.0,75.0,0.17883,0.0,66.0,0.0,0.0,0.259,나왔어…,"아, 물 나왔어…",,22.57,T4,구조검사 통과 시 유지,,6.125827814569536,15.66,P4,회귀검사 통과 시 유지
ABF-338,사진 대조 1차 교정본,67,"00:02:47,170 --> 00:02:48,230",1.06,뒤돌아서 할 때요?,어…,네.,반응형,,0.03,,,25.0,90.0,50.0,78.0,75.0,0.47711,0.0,66.0,0.0,0.0,0.3358,"아, 한 번 그걸 해 봐도 되겠네요. 뒤돌아서 하는 자세요.","아, 그 자세도 해 보면 되겠네요. 뒤돌아서 하는 자세예요.",자세 설명의 번역투 제거,35.1,T3,화자·문맥·자연스러움 집중 검토,,44.03973509933775,38.85,P4,회귀검사 통과 시 유지
ABF-338,사진 대조 1차 교정본,68,"00:02:48,650 --> 00:02:48,750",0.1,네.,뒤돌아서 할 때요?,그게…,반말형,,0.05,,,25.0,90.0,50.0,78.0,75.0,0.12229,6.48,66.0,30.0,0.0,0.704,"네, 네.",네.,불필요한 반복 제거,24.36,T4,구조검사 통과 시 유지,high_cps,10.099337748344372,18.37,P4,회귀검사 통과 시 유지
ABF-338,사진 대조 1차 교정본,69,"00:02:49,830 --> 00:02:50,330",0.5,그게…,네.,"엉덩이 구멍까지 다 보이잖아요.
그게 부끄러운 것 같아요.",중립·혼합형,,0.03,,,25.0,90.0,50.0,78.0,75.0,0.28995,0.0,66.0,0.0,0.0,0.1839,그게...,그게…,,27.24,T4,구조검사 통과 시 유지,,18.046357615894042,23.38,P4,회귀검사 통과 시 유지
ABF-338,사진 대조 1차 교정본,70,"00:02:50,990 --> 00:02:56,150",5.16,"엉덩이 구멍까지 다 보이잖아요.
그게 부끄러운 것 같아요.",그게…,"훤히 보이죠, 꽤.",반말형,,0.01,,,25.0,90.0,50.0,78.0,79.0,0.78867,0.0,66.0,0.0,0.0,0.2885,기쁠 것 같아요.,그러면 기쁠 것 같아요.,사진 장면 확인 및 한국어 번역투·ASR 오역 교정,48.42,T3,화자·문맥·자연스러움 집중 검토,,88.49337748344371,65.25,P2,앞뒤 5블록·사진·오류 기억을 함께 검토
ABF-338,사진 대조 1차 교정본,71,"00:02:56,290 --> 00:02:59,950",3.66,"훤히 보이죠, 꽤.","엉덩이 구멍까지 다 보이잖아요.
그게 부끄러운 것 같아요.","평소엔 가장 안 보이는 곳이
오히려 제일 잘 보이니까요.",중립·혼합형,,0.01,,,25.0,90.0,50.0,78.0,75.0,0.50383,0.0,66.0,0.0,0.0,0.0946,조금 보이네.,조금은 보이는 것 같아.,일본어 원문 대조 + 자연스러운 한국어 대사 교정,36.22,T3,화자·문맥·자연스러움 집중 검토,,48.4271523178808,41.35,P3,말투·질문응답·가독성 위주 검토
ABF-338,사진 대조 1차 교정본,72,"00:03:00,270 --> 00:03:04,290",4.02,"평소엔 가장 안 보이는 곳이
오히려 제일 잘 보이니까요.","훤히 보이죠, 꽤.",맞아요. 그래서 부끄러운 것 같아요.,존댓말형,,0.03,,,25.0,90.0,50.0,78.0,75.0,0.44888,0.0,66.0,0.0,18.0,0.2176,평소와 다른 반응을 보이는 것 같아요.,평소와는 반응이 좀 다른 것 같아요.,한국어 어순 자연화,35.35,T3,화자·문맥·자연스러움 집중 검토,formality_shift,44.867549668874176,39.35,P4,회귀검사 통과 시 유지
ABF-338,사진 대조 1차 교정본,73,"00:03:04,510 --> 00:03:06,390",1.88,맞아요. 그래서 부끄러운 것 같아요.,"평소엔 가장 안 보이는 곳이
오히려 제일 잘 보이니까요.",그래서 오늘은 사실 준비한 물건이 하나 있어요.,반응형,,0.01,,,25.0,90.0,50.0,78.0,75.0,0.60726,0.0,66.0,0.0,18.0,0.3729,기쁠 것 같아요.,그러면 기쁠 것 같아요.,사진 장면 확인 및 한국어 번역투·ASR 오역 교정,42.01,T3,화자·문맥·자연스러움 집중 검토,formality_shift,71.8543046357616,54.54,P3,말투·질문응답·가독성 위주 검토
ABF-338,사진 대조 1차 교정본,74,"00:03:07,770 --> 00:03:12,970",5.2,그래서 오늘은 사실 준비한 물건이 하나 있어요.,맞아요. 그래서 부끄러운 것 같아요.,그걸 이용해서 자세를 한번 보여 주셨으면 해서요.,중립·혼합형,,0.03,,,25.0,90.0,50.0,78.0,75.0,0.85032,0.0,66.0,0.0,0.0,0.2035,그럼 오늘은 잘 먹었어.,그럼 오늘은 잘 먹었어요.,식사 후 인사말 자연화,50.77,T3,화자·문맥·자연스러움 집중 검토,,95.03311258278146,69.36,P2,앞뒤 5블록·사진·오류 기억을 함께 검토
ABF-338,사진 대조 1차 교정본,75,"00:03:15,790 --> 00:03:20,470",4.68,그걸 이용해서 자세를 한번 보여 주셨으면 해서요.,그래서 오늘은 사실 준비한 물건이 하나 있어요.,이겁니다.,반말형,,0.01,,,25.0,90.0,50.0,78.0,75.0,0.84964,0.0,66.0,0.0,0.0,0.3279,저는 핥아 주셨으면 해서.,계속 핥아 줬으면 해요.,사진 장면 확인 및 한국어 번역투·ASR 오역 교정,50.74,T3,화자·문맥·자연스러움 집중 검토,,94.70198675496688,69.2,P2,앞뒤 5블록·사진·오류 기억을 함께 검토
ABF-338,사진 대조 1차 교정본,76,"00:03:20,590 --> 00:03:25,150",4.56,이겁니다.,그걸 이용해서 자세를 한번 보여 주셨으면 해서요.,이쪽이에요.,중립·혼합형,,0.01,,,25.0,90.0,50.0,78.0,75.0,0.36131,0.0,66.0,0.0,0.0,0.13,좋습니다.,좋아요.,,30.23,T4,구조검사 통과 시 유지,,26.655629139072843,28.73,P4,회귀검사 통과 시 유지
ABF-338,사진 대조 1차 교정본,77,"00:03:25,630 --> 00:03:26,050",0.42,이쪽이에요.,이겁니다.,바로 이겁니다.,존댓말형,,0.03,,,25.0,90.0,50.0,78.0,75.0,0.20199,0.0,66.0,0.0,0.0,0.4311,다음은 앞쪽이에요.,다음은 이쪽이에요.,타임스탬프 사진과 앞뒤 장면으로 대사 기능 복원,23.54,T4,구조검사 통과 시 유지,,8.443708609271523,17.2,P4,회귀검사 통과 시 유지
ABF-338,사진 대조 1차 교정본,78,"00:03:26,350 --> 00:03:27,070",0.72,바로 이겁니다.,이쪽이에요.,"곧바로 부탁드리는데, 거기에 올라가 주시겠어요?",중립·혼합형,,0.05,,,25.0,90.0,50.0,78.0,75.0,0.36182,0.0,66.0,0.0,0.0,0.2435,이제 바로 누워.,일단 바로 누워.,사진 장면 확인 및 한국어 번역투·ASR 오역 교정,30.26,T4,구조검사 통과 시 유지,,26.82119205298013,28.82,P4,회귀검사 통과 시 유지
ABF-338,사진 대조 1차 교정본,79,"00:03:28,850 --> 00:03:39,150",10.3,"곧바로 부탁드리는데, 거기에 올라가 주시겠어요?",바로 이겁니다.,정말 바로 시작하네요. 알겠습니다.,반응형,,0.05,,,25.0,90.0,50.0,78.0,75.0,0.75184,0.0,66.0,0.0,0.0,0.1644,거기에 그대로 자세 유지해줘.,거기에 그대로 자세 유지해 줘.,,46.64,T3,화자·문맥·자연스러움 집중 검토,,84.27152317880795,62.45,P2,앞뒤 5블록·사진·오류 기억을 함께 검토
ABF-338,사진 대조 1차 교정본,80,"00:03:40,710 --> 00:03:42,210",1.5,정말 바로 시작하네요. 알겠습니다.,"곧바로 부탁드리는데, 거기에 올라가 주시겠어요?","그대로 하긴 그러니, 예쁜 원피스는 벗어 주시고요.",중립·혼합형,,0.01,한국어 어순 교정,높음,25.0,90.0,50.0,92.0,75.0,0.62934,0.0,22.0,0.0,0.0,0.6312,정말 바로 시작이네요. 알겠습니다.,정말 바로 시작하네요. 알겠습니다.,한국어 어순 교정,24.81,T4,구조검사 통과 시 유지,,11.589403973509933,19.26,P4,회귀검사 통과 시 유지
ABF-338,사진 대조 1차 교정본,81,"00:03:43,990 --> 00:03:49,270",5.28,"그대로 하긴 그러니, 예쁜 원피스는 벗어 주시고요.",정말 바로 시작하네요. 알겠습니다.,괜찮아요?,중립·혼합형,,0.01,,,25.0,90.0,50.0,78.0,75.0,0.73435,0.0,66.0,0.0,0.0,0.1566,그대로 엉덩이 찍게 해줘.,그대로 엉덩이 찍게 해 줘.,,45.9,T3,화자·문맥·자연스러움 집중 검토,,82.45033112582782,61.25,P2,앞뒤 5블록·사진·오류 기억을 함께 검토
ABF-338,사진 대조 1차 교정본,82,"00:03:52,350 --> 00:03:52,670",0.32,괜찮아요?,"그대로 하긴 그러니, 예쁜 원피스는 벗어 주시고요.",몸매가 정말…,반응형,,0.05,,,25.0,90.0,50.0,78.0,75.0,0.22997,0.0,66.0,0.0,0.0,0.511,빨아 줬으면 좋겠는데… 괜찮아요?,거기 좋아… 그대로 해 줘.,손상된 일본어 ASR + 타임스탬프 사진 + 앞뒤 문맥 추론,24.72,T4,구조검사 통과 시 유지,,11.092715231788079,19.0,P4,회귀검사 통과 시 유지
ABF-338,사진 대조 1차 교정본,83,"00:04:07,450 --> 00:04:08,770",1.32,몸매가 정말…,괜찮아요?,장난 아니네요.,중립·혼합형,,0.05,,,25.0,90.0,50.0,78.0,75.0,0.33751,0.0,66.0,0.0,0.0,0.575,몸매가 정말...,몸매가 정말…,,29.24,T4,구조검사 통과 시 유지,,23.923841059602648,27.01,P4,회귀검사 통과 시 유지
ABF-338,사진 대조 1차 교정본,84,"00:04:10,010 --> 00:04:10,930",0.92,장난 아니네요.,몸매가 정말…,뭔가 부끄럽네요.,반응형,,0.01,,,25.0,90.0,50.0,78.0,75.0,0.45275,0.0,66.0,0.0,0.0,0.4534,장난 아니네~.,장난 아니네…,,34.08,T4,구조검사 통과 시 유지,,40.14900662251656,36.63,P4,회귀검사 통과 시 유지
ABF-338,사진 대조 1차 교정본,85,"00:04:13,330 --> 00:04:14,790",1.46,뭔가 부끄럽네요.,장난 아니네요.,부끄러워요?,반말형,,0.03,,,25.0,90.0,50.0,78.0,75.0,0.42721,0.0,66.0,0.0,0.0,0.192,뭔가 짭짤해.,응?,일본어 원문 + 타임스탬프 사진 + 장면 연속성,33.0,T4,구조검사 통과 시 유지,,35.76158940397351,34.16,P4,회귀검사 통과 시 유지
ABF-338,사진 대조 1차 교정본,86,"00:04:15,110 --> 00:04:15,690",0.58,부끄러워요?,뭔가 부끄럽네요.,네.,중립·혼합형,,0.01,,,25.0,90.0,50.0,78.0,75.0,0.2564,0.0,66.0,0.0,0.0,0.3844,부끄러워...,부끄러워…,,25.83,T4,구조검사 통과 시 유지,,15.066225165562914,21.31,P4,회귀검사 통과 시 유지
ABF-338,사진 대조 1차 교정본,87,"00:04:15,910 --> 00:04:16,150",0.24,네.,부끄러워요?,그래도 뒤쪽 각도도 많이 찍을 거예요.,반말형,,0.01,,,25.0,90.0,50.0,78.0,75.0,0.1313,6.48,66.0,0.0,18.0,0.704,"네, 네.",네.,불필요한 반복 제거,23.18,T4,구조검사 통과 시 유지,formality_shift,7.450331125827815,16.57,P4,회귀검사 통과 시 유지
ABF-338,사진 대조 1차 교정본,88,"00:04:17,030 --> 00:04:20,430",3.4,그래도 뒤쪽 각도도 많이 찍을 거예요.,네.,정말 엄청 찍힐 것 같아요.,존댓말형,,0.03,,,25.0,90.0,50.0,78.0,75.0,0.80606,0.0,66.0,0.0,18.0,0.2494,후와 씨가 이끄는 거예요.,이번에는 후우아 씨가 이끌어 주는 거예요.,이름 및 문장 자연화,50.35,T3,화자·문맥·자연스러움 집중 검토,formality_shift,94.03973509933775,68.7,P2,앞뒤 5블록·사진·오류 기억을 함께 검토
ABF-338,사진 대조 1차 교정본,89,"00:04:22,990 --> 00:04:24,510",1.52,정말 엄청 찍힐 것 같아요.,그래도 뒤쪽 각도도 많이 찍을 거예요.,네.,반응형,,0.01,,,25.0,90.0,50.0,78.0,75.0,0.74279,0.0,66.0,0.0,0.0,0.441,기쁠 것 같아요.,그러면 기쁠 것 같아요.,사진 장면 확인 및 한국어 번역투·ASR 오역 교정,46.26,T3,화자·문맥·자연스러움 집중 검토,,83.44370860927152,61.88,P2,앞뒤 5블록·사진·오류 기억을 함께 검토
ABF-338,사진 대조 1차 교정본,90,"00:04:24,570 --> 00:04:24,750",0.18,네.,정말 엄청 찍힐 것 같아요.,이번엔 이것도 벗어야겠네요.,반말형,,0.03,,,25.0,90.0,50.0,78.0,75.0,0.10472,6.48,66.0,0.0,0.0,0.704,"네, 네.",네.,불필요한 반복 제거,20.62,T4,구조검사 통과 시 유지,,1.6556291390728477,12.65,P4,회귀검사 통과 시 유지
ABF-338,사진 대조 1차 교정본,91,"00:04:31,010 --> 00:04:31,870",0.86,이번엔 이것도 벗어야겠네요.,네.,벗어 버릴까요?,반응형,,0.01,,,25.0,90.0,50.0,78.0,75.0,0.5693,0.0,66.0,0.0,0.0,0.2866,이것도 그렇게...,이것도 그렇게…,,38.97,T3,화자·문맥·자연스러움 집중 검토,,59.35430463576159,47.53,P3,말투·질문응답·가독성 위주 검토
ABF-338,사진 대조 1차 교정본,92,"00:04:32,490 --> 00:04:33,310",0.82,벗어 버릴까요?,이번엔 이것도 벗어야겠네요.,이러면 제 엉덩이 구멍을 숨길 수가 없겠는데요.,반응형,,0.01,,,25.0,90.0,50.0,78.0,75.0,0.47849,0.0,66.0,0.0,18.0,0.2259,그만둬 버릴까?,그만할까?,손상된 일본어 ASR + 타임스탬프 사진 + 앞뒤 문맥 추론,36.6,T3,화자·문맥·자연스러움 집중 검토,formality_shift,50.16556291390728,42.3,P3,말투·질문응답·가독성 위주 검토
ABF-338,사진 대조 1차 교정본,93,"00:04:35,490 --> 00:04:38,670",3.18,이러면 제 엉덩이 구멍을 숨길 수가 없겠는데요.,벗어 버릴까요?,네.,중립·혼합형,,0.01,,,25.0,90.0,50.0,78.0,79.0,0.93016,0.0,66.0,0.0,0.0,0.3868,네 엉덩이 구멍을 핥게 해 줘.,네 엉덩이까지 깨끗이 핥아.,사진 장면 확인 및 한국어 번역투·ASR 오역 교정,54.37,T3,화자·문맥·자연스러움 집중 검토,,98.01324503311258,72.7,P1,장면 패킷을 열고 후보 3개를 생성해 반증 검토
ABF-338,사진 대조 1차 교정본,94,"00:04:40,970 --> 00:04:41,330",0.36,네.,이러면 제 엉덩이 구멍을 숨길 수가 없겠는데요.,그럼…,반말형,,0.03,,,25.0,90.0,50.0,78.0,75.0,0.16009,6.48,66.0,0.0,0.0,0.704,"네, 네.",네.,불필요한 반복 제거,22.95,T4,구조검사 통과 시 유지,,6.870860927152318,16.2,P4,회귀검사 통과 시 유지
ABF-338,사진 대조 1차 교정본,95,"00:04:49,310 --> 00:04:49,670",0.36,그럼…,네.,해 보면 돼요?,중립·혼합형,,0.01,,,25.0,90.0,50.0,78.0,75.0,0.25845,0.0,66.0,0.0,0.0,0.1237,그럼...,그럼…,,25.91,T4,구조검사 통과 시 유지,,15.2317880794702,21.43,P4,회귀검사 통과 시 유지
ABF-338,사진 대조 1차 교정본,96,"00:04:55,290 --> 00:04:56,210",0.92,해 보면 돼요?,그럼…,"네, 아무 생각하지 말고 평소처럼 해 보세요.",반말형,,0.01,,,25.0,90.0,50.0,78.0,75.0,0.49294,0.0,66.0,0.0,0.0,0.4671,말해도 돼요?,이제 해도 돼요?,타임스탬프 사진과 앞뒤 장면으로 대사 기능 복원,35.76,T3,화자·문맥·자연스러움 집중 검토,,47.35099337748344,40.63,P3,말투·질문응답·가독성 위주 검토
ABF-338,사진 대조 1차 교정본,97,"00:04:56,390 --> 00:04:58,910",2.52,"네, 아무 생각하지 말고 평소처럼 해 보세요.",해 보면 돼요?,알겠습니다.,반말형,,0.01,문법 교정,높음,25.0,90.0,50.0,78.0,75.0,0.76293,23.38,22.0,0.0,0.0,0.8448,"네, 아무 생각 말고 평소처럼 해 보세요.","네, 아무 생각하지 말고 평소처럼 해 보세요.",문법 교정,31.87,T4,구조검사 통과 시 유지,,32.615894039735096,32.18,P4,회귀검사 통과 시 유지
ABF-338,사진 대조 1차 교정본,98,"00:04:58,910 --> 00:04:59,670",0.76,알겠습니다.,"네, 아무 생각하지 말고 평소처럼 해 보세요.",아무 생각 없이요.,존댓말형,,0.01,,,25.0,90.0,50.0,78.0,75.0,0.28579,0.0,66.0,0.0,18.0,0.6067,정말 바로 시작이네요. 알겠습니다.,정말 바로 시작하네요. 알겠습니다.,한국어 어순 교정,28.5,T4,구조검사 통과 시 유지,formality_shift,22.019867549668874,25.78,P4,회귀검사 통과 시 유지
ABF-338,사진 대조 1차 교정본,99,"00:05:00,610 --> 00:05:01,810",1.2,아무 생각 없이요.,알겠습니다.,아무 생각 없이 하면…,반응형,,0.01,,,25.0,90.0,50.0,78.0,75.0,0.43002,0.0,66.0,0.0,0.0,0.4741,아무 생각 없이 하면...,아무 생각 없이 하면…,,33.12,T4,구조검사 통과 시 유지,,36.258278145695364,34.44,P4,회귀검사 통과 시 유지
ABF-338,사진 대조 1차 교정본,100,"00:05:01,910 --> 00:05:02,890",0.98,아무 생각 없이 하면…,아무 생각 없이요.,네.,반응형,,0.01,,,25.0,90.0,50.0,78.0,75.0,0.50564,0.0,66.0,0.0,0.0,0.612,아무 생각 없이 하면...,아무 생각 없이 하면…,,36.3,T3,화자·문맥·자연스러움 집중 검토,,49.503311258278146,41.85,P3,말투·질문응답·가독성 위주 검토
ABF-338,사진 대조 1차 교정본,101,"00:05:03,050 --> 00:05:03,310",0.26,네.,아무 생각 없이 하면…,"아, 그런 자세가 되는군요.",반말형,,0.05,,,25.0,90.0,50.0,78.0,75.0,0.12188,6.48,66.0,0.0,0.0,0.704,"네, 네.",네.,불필요한 반복 제거,21.35,T4,구조검사 통과 시 유지,,3.145695364238411,13.7,P4,회귀검사 통과 시 유지
ABF-338,사진 대조 1차 교정본,102,"00:05:03,590 --> 00:05:05,470",1.88,"아, 그런 자세가 되는군요.",네.,"네, 그래요.",반응형,,0.01,,,25.0,90.0,50.0,78.0,75.0,0.61867,0.0,66.0,0.0,0.0,0.3215,이 자세가 좋은 거야?,내가 신진대사가 좋은 건가?,일본어 원문 대조 + 자연스러운 한국어 대사 교정,41.04,T3,화자·문맥·자연스러움 집중 검토,,67.88079470198676,52.31,P3,말투·질문응답·가독성 위주 검토
ABF-338,사진 대조 1차 교정본,103,"00:05:05,630 --> 00:05:05,970",0.34,"네, 그래요.","아, 그런 자세가 되는군요.",아하하.,반말형,,0.03,,,25.0,90.0,50.0,78.0,75.0,0.40504,0.0,66.0,25.0,0.0,0.3608,"네, 네.",네.,불필요한 반복 제거,34.57,T4,구조검사 통과 시 유지,borderline_cps,41.390728476821195,37.43,P4,회귀검사 통과 시 유지
ABF-338,사진 대조 1차 교정본,104,"00:05:06,550 --> 00:05:19,610",13.06,아하하.,"네, 그래요.","이렇게, 이렇게요.",반응형,,0.05,,,25.0,90.0,50.0,78.0,75.0,0.29733,0.0,66.0,0.0,0.0,0.0418,"아, 아, 아, 아, 아, 아, 아,","아, 아, 아, 아, 아, 아, 아",,27.55,T4,구조검사 통과 시 유지,,19.205298013245034,24.05,P4,회귀검사 통과 시 유지
ABF-338,사진 대조 1차 교정본,105,"00:05:19,610 --> 00:05:20,770",1.16,"이렇게, 이렇게요.",아하하.,네.,중립·혼합형,,0.01,,,25.0,90.0,50.0,78.0,75.0,0.51387,0.0,66.0,0.0,0.0,0.259,이렇게...,이렇게…,,36.64,T3,화자·문맥·자연스러움 집중 검토,,50.331125827814574,42.39,P3,말투·질문응답·가독성 위주 검토
ABF-338,사진 대조 1차 교정본,106,"00:05:22,490 --> 00:05:22,850",0.36,네.,"이렇게, 이렇게요.",넣어요.,반말형,,0.01,,,25.0,90.0,50.0,78.0,75.0,0.12898,6.48,66.0,0.0,0.0,0.704,"네, 네.",네.,불필요한 반복 제거,21.64,T4,구조검사 통과 시 유지,,3.80794701986755,14.15,P4,회귀검사 통과 시 유지
ABF-338,사진 대조 1차 교정본,107,"00:05:22,910 --> 00:05:23,070",0.16,넣어요.,네.,네.,반응형,,0.01,,,25.0,90.0,50.0,78.0,79.0,0.38883,0.0,66.0,55.0,0.0,0.2511,넣어.,말해 봐.,화면 영문 자막 대조,37.13,T3,화자·문맥·자연스러움 집중 검토,high_cps,52.317880794701985,43.51,P3,말투·질문응답·가독성 위주 검토
ABF-338,사진 대조 1차 교정본,108,"00:05:33,410 --> 00:05:33,770",0.36,네.,넣어요.,지금 어떻게 돼 있어요?,반말형,,0.01,,,25.0,90.0,50.0,78.0,75.0,0.0896,6.48,66.0,0.0,0.0,0.704,"네, 네.",네.,불필요한 반복 제거,19.99,T4,구조검사 통과 시 유지,,0.6622516556291391,11.87,P4,회귀검사 통과 시 유지
ABF-338,사진 대조 1차 교정본,109,"00:05:34,730 --> 00:05:36,330",1.6,지금 어떻게 돼 있어요?,네.,어떻게 돼 있냐고요?,반응형,,0.03,,,25.0,90.0,50.0,78.0,75.0,0.50505,0.0,66.0,0.0,0.0,0.3449,어떻게 먹는 게 좋아?,어떻게 해 주는 게 좋아?,일본어 원문 대조 + 자연스러운 한국어 대사 교정,36.27,T3,화자·문맥·자연스러움 집중 검토,,49.17218543046358,41.69,P3,말투·질문응답·가독성 위주 검토
ABF-338,사진 대조 1차 교정본,110,"00:05:37,370 --> 00:05:38,190",0.82,어떻게 돼 있냐고요?,지금 어떻게 돼 있어요?,네.,반응형,,0.03,,,25.0,90.0,50.0,78.0,75.0,0.48458,0.0,66.0,0.0,0.0,0.3143,어떻게 먹는 게 좋아?,어떻게 해 주는 게 좋아?,일본어 원문 대조 + 자연스러운 한국어 대사 교정,35.41,T3,화자·문맥·자연스러움 집중 검토,,45.033112582781456,39.45,P4,회귀검사 통과 시 유지
ABF-338,사진 대조 1차 교정본,111,"00:05:38,330 --> 00:05:38,450",0.12,네.,어떻게 돼 있냐고요?,들어가 있어요.,반말형,,0.03,,,25.0,90.0,50.0,78.0,75.0,0.08801,6.48,66.0,25.0,0.0,0.704,"네, 네.",네.,불필요한 반복 제거,22.42,T4,구조검사 통과 시 유지,borderline_cps,5.629139072847682,15.37,P4,회귀검사 통과 시 유지
ABF-338,사진 대조 1차 교정본,112,"00:05:40,230 --> 00:05:40,470",0.24,들어가 있어요.,네.,들어가 있군요.,반응형,,0.03,,,25.0,90.0,50.0,78.0,75.0,0.3921,0.0,66.0,70.0,0.0,0.4275,"하아, 들어가 버려.",하아… 들어가.,일본어 원문 대조 + 자연스러운 한국어 대사 교정,38.53,T3,화자·문맥·자연스러움 집중 검토,high_cps,57.615894039735096,46.55,P3,말투·질문응답·가독성 위주 검토
ABF-338,사진 대조 1차 교정본,113,"00:05:40,790 --> 00:05:41,270",0.48,들어가 있군요.,들어가 있어요.,들어가는 순간엔 아무 말도 안 하네요.,반응형,,0.01,,,25.0,90.0,50.0,78.0,75.0,0.3564,0.0,66.0,0.0,0.0,0.3468,"하아, 들어가 버려.",하아… 들어가.,일본어 원문 대조 + 자연스러운 한국어 대사 교정,30.03,T4,구조검사 통과 시 유지,,25.82781456953642,28.27,P4,회귀검사 통과 시 유지
ABF-338,사진 대조 1차 교정본,114,"00:05:43,350 --> 00:05:44,830",1.48,들어가는 순간엔 아무 말도 안 하네요.,들어가 있군요.,부끄러워요.,반말형,,0.05,한국어 호흡 교정,높음,25.0,90.0,50.0,92.0,75.0,0.64823,12.78,22.0,0.0,0.0,0.7565,들어가는 순간에는 아무 말도 안 하네요.,들어가는 순간엔 아무 말도 안 하네요.,한국어 호흡 교정,27.03,T4,구조검사 통과 시 유지,,17.301324503311257,22.94,P4,회귀검사 통과 시 유지
ABF-338,사진 대조 1차 교정본,115,"00:05:48,190 --> 00:05:49,130",0.94,부끄러워요.,들어가는 순간엔 아무 말도 안 하네요.,실제로는 들어가는 순간이 있잖아요.,중립·혼합형,,0.01,,,25.0,90.0,50.0,78.0,75.0,0.23874,0.0,66.0,0.0,0.0,0.4034,부끄러워...,부끄러워…,,25.09,T4,구조검사 통과 시 유지,,12.582781456953644,19.84,P4,회귀검사 통과 시 유지
ABF-338,사진 대조 1차 교정본,116,"00:05:49,410 --> 00:05:53,010",3.6,실제로는 들어가는 순간이 있잖아요.,부끄러워요.,그때 뭔가 말하나요?,반응형,,0.01,,,25.0,90.0,50.0,78.0,75.0,0.68444,0.0,66.0,0.0,0.0,0.3065,들어가는 순간에는 아무 말도 안 하네요.,들어가는 순간엔 아무 말도 안 하네요.,한국어 호흡 교정,43.81,T3,화자·문맥·자연스러움 집중 검토,,76.49006622516556,57.54,P3,말투·질문응답·가독성 위주 검토
ABF-338,사진 대조 1차 교정본,117,"00:05:53,410 --> 00:05:53,810",0.4,그때 뭔가 말하나요?,실제로는 들어가는 순간이 있잖아요.,그때그때 다른 것 같아요.,존댓말형,,0.01,,,25.0,90.0,50.0,78.0,75.0,0.54699,0.0,66.0,42.5,0.0,0.1694,뭔가 짭짤해.,응?,일본어 원문 + 타임스탬프 사진 + 장면 연속성,42.28,T3,화자·문맥·자연스러움 집중 검토,high_cps,72.51655629139073,54.98,P3,말투·질문응답·가독성 위주 검토
ABF-338,사진 대조 1차 교정본,118,"00:05:54,210 --> 00:05:55,770",1.56,그때그때 다른 것 같아요.,그때 뭔가 말하나요?,"""들어갔다!"" 같은 말이요.",반응형,,0.01,,,25.0,90.0,50.0,78.0,75.0,0.61759,0.0,66.0,0.0,0.0,0.3729,기쁠 것 같아요.,그러면 기쁠 것 같아요.,사진 장면 확인 및 한국어 번역투·ASR 오역 교정,41.0,T3,화자·문맥·자연스러움 집중 검토,,67.54966887417218,52.15,P3,말투·질문응답·가독성 위주 검토
ABF-338,사진 대조 1차 교정본,119,"00:05:55,890 --> 00:05:56,650",0.76,"""들어갔다!"" 같은 말이요.",그때그때 다른 것 같아요.,들어갔다!,반응형,,0.01,,,25.0,90.0,50.0,78.0,75.0,0.44923,0.0,66.0,25.0,0.0,0.1184,술고래 같은 느낌…,완전 술 좋아하는 사람 같네.,일본어 원문 대조 + 자연스러운 한국어 대사 교정,36.43,T3,화자·문맥·자연스러움 집중 검토,borderline_cps,49.668874172185426,41.99,P3,말투·질문응답·가독성 위주 검토
ABF-338,사진 대조 1차 교정본,120,"00:05:57,070 --> 00:05:57,630",0.56,들어갔다!,"""들어갔다!"" 같은 말이요.",들어갔다!,반응형,,0.03,,,25.0,90.0,50.0,78.0,75.0,0.16625,0.0,66.0,0.0,0.0,0.258,안 들어갔어.,밖 좀 봐봐.,일본어 원문 + 타임스탬프 사진 + 장면 연속성,22.04,T4,구조검사 통과 시 유지,,4.966887417218543,14.87,P4,회귀검사 통과 시 유지
ABF-338,사진 대조 1차 교정본,121,"00:05:57,710 --> 00:05:57,810",0.1,들어갔다!,들어갔다!,"""우와"" 같은 말인가?",반응형,,0.01,,,25.0,90.0,50.0,78.0,75.0,0.25028,0.0,66.0,70.0,0.0,0.258,안 들어갔어.,밖 좀 봐봐.,일본어 원문 + 타임스탬프 사진 + 장면 연속성,32.57,T4,구조검사 통과 시 유지,high_cps,35.264900662251655,33.7,P4,회귀검사 통과 시 유지
ABF-338,사진 대조 1차 교정본,122,"00:05:57,810 --> 00:05:58,410",0.6,"""우와"" 같은 말인가?",들어갔다!,잘 모르겠지만요.,중립·혼합형,,0.01,,,25.0,90.0,50.0,78.0,75.0,0.66955,0.0,66.0,25.0,0.0,0.133,술고래 같은 느낌…,완전 술 좋아하는 사람 같네.,일본어 원문 대조 + 자연스러운 한국어 대사 교정,45.68,T3,화자·문맥·자연스러움 집중 검토,borderline_cps,81.45695364238411,60.71,P2,앞뒤 5블록·사진·오류 기억을 함께 검토
ABF-338,사진 대조 1차 교정본,123,"00:05:58,570 --> 00:05:58,990",0.42,잘 모르겠지만요.,"""우와"" 같은 말인가?",뭔가 말하긴 하나?,반말형,,0.03,,,25.0,90.0,50.0,78.0,75.0,0.5817,0.0,66.0,25.0,0.0,0.1772,어디가 좋은지 모르겠어?,어디가 좋은지 아직 모르겠어?,일본어 원문 대조 + 자연스러운 한국어 대사 교정,41.99,T3,화자·문맥·자연스러움 집중 검토,borderline_cps,71.52317880794702,54.39,P3,말투·질문응답·가독성 위주 검토
ABF-338,사진 대조 1차 교정본,124,"00:05:59,770 --> 00:06:01,670",1.9,뭔가 말하긴 하나?,잘 모르겠지만요.,진지하게 생각해 본 적이 없는 것 같아요.,중립·혼합형,,0.03,,,25.0,90.0,50.0,78.0,75.0,0.61693,0.0,66.0,0.0,0.0,0.1793,뭔가 짭짤해.,응?,일본어 원문 + 타임스탬프 사진 + 장면 연속성,40.97,T3,화자·문맥·자연스러움 집중 검토,,67.21854304635761,51.99,P3,말투·질문응답·가독성 위주 검토
ABF-338,사진 대조 1차 교정본,125,"00:06:03,270 --> 00:06:05,030",1.76,진지하게 생각해 본 적이 없는 것 같아요.,뭔가 말하긴 하나?,예전에 제가 어땠는지 한번 떠올려 봐야겠네요.,반말형,,0.03,,,25.0,90.0,50.0,78.0,75.0,0.80507,0.0,66.0,0.0,0.0,0.3024,기쁠 것 같아요.,그러면 기쁠 것 같아요.,사진 장면 확인 및 한국어 번역투·ASR 오역 교정,48.87,T3,화자·문맥·자연스러움 집중 검토,,90.89403973509934,66.52,P2,앞뒤 5블록·사진·오류 기억을 함께 검토
ABF-338,사진 대조 1차 교정본,126,"00:06:05,530 --> 00:06:07,510",1.98,예전에 제가 어땠는지 한번 떠올려 봐야겠네요.,진지하게 생각해 본 적이 없는 것 같아요.,오늘은 어떤지 나중에 제가 관찰해 봐도 될까요?,반말형,,0.03,,,25.0,90.0,50.0,78.0,75.0,0.80116,0.0,66.0,0.0,0.0,0.1656,한번 만져 봐.,안 돼.,일본어 원문 + 타임스탬프 사진 + 장면 연속성,48.71,T3,화자·문맥·자연스러움 집중 검토,,90.06622516556291,66.08,P2,앞뒤 5블록·사진·오류 기억을 함께 검토
ABF-338,사진 대조 1차 교정본,127,"00:06:09,110 --> 00:06:12,390",3.28,오늘은 어떤지 나중에 제가 관찰해 봐도 될까요?,예전에 제가 어땠는지 한번 떠올려 봐야겠네요.,그냥 조용히 있어야겠다.,중립·혼합형,,0.01,,,25.0,90.0,50.0,78.0,75.0,0.81037,0.0,66.0,0.0,0.0,0.186,그럼 오늘은 잘 먹었어.,그럼 오늘은 잘 먹었어요.,식사 후 인사말 자연화,49.1,T3,화자·문맥·자연스러움 집중 검토,,91.55629139072848,66.93,P2,앞뒤 5블록·사진·오류 기억을 함께 검토
ABF-338,사진 대조 1차 교정본,128,"00:06:13,170 --> 00:06:14,450",1.28,그냥 조용히 있어야겠다.,오늘은 어떤지 나중에 제가 관찰해 봐도 될까요?,생각해 보면 정말 대단한 모습이죠.,반응형,,0.03,,,25.0,90.0,50.0,78.0,75.0,0.6573,0.0,66.0,0.0,0.0,0.0552,뒤에 있어.,뒤쪽도 보여 줘.,일본어 원문 대조 + 자연스러운 한국어 대사 교정,42.67,T3,화자·문맥·자연스러움 집중 검토,,73.50993377483444,55.62,P3,말투·질문응답·가독성 위주 검토
ABF-338,사진 대조 1차 교정본,129,"00:06:18,190 --> 00:06:22,370",4.18,생각해 보면 정말 대단한 모습이죠.,그냥 조용히 있어야겠다.,그러게요.,반말형,,0.01,,,25.0,90.0,50.0,78.0,75.0,0.80094,0.0,66.0,0.0,0.0,0.217,생각해 보니 너 나보다...,생각해 보니 너 나보다…,,48.7,T3,화자·문맥·자연스러움 집중 검토,,89.90066225165563,66.0,P2,앞뒤 5블록·사진·오류 기억을 함께 검토
ABF-338,사진 대조 1차 교정본,130,"00:06:22,470 --> 00:06:23,810",1.34,그러게요.,생각해 보면 정말 대단한 모습이죠.,그럼 조금…,중립·혼합형,,0.03,,,25.0,90.0,50.0,78.0,75.0,0.45201,0.0,66.0,0.0,0.0,0.4715,카레를 다 같이 먹으니까 맛있네. 그러게요.,- 셋이 같이 카레 먹으니까 맛있네. - 그러게요.,식사 장면 화자 분리,34.04,T4,구조검사 통과 시 유지,,39.40397350993378,36.29,P4,회귀검사 통과 시 유지
ABF-338,사진 대조 1차 교정본,131,"00:06:26,490 --> 00:06:29,690",3.2,그럼 조금…,그러게요.,가장 좋아하는 움직임은 어떤 거예요?,중립·혼합형,,0.01,,,25.0,90.0,50.0,78.0,75.0,0.35807,0.0,66.0,0.0,0.0,0.3136,그럼 조금...,그럼 조금…,,30.1,T4,구조검사 통과 시 유지,,26.32450331125828,28.51,P4,회귀검사 통과 시 유지
ABF-338,사진 대조 1차 교정본,132,"00:06:30,650 --> 00:06:32,930",2.28,가장 좋아하는 움직임은 어떤 거예요?,그럼 조금…,가장 좋아하는 건 앞뒤로 움직이는 거예요.,반응형,,0.05,,,25.0,90.0,50.0,78.0,79.0,0.76299,0.0,66.0,0.0,0.0,0.2655,그럼 왜 그런 영상을 보낸 거예요?,너무 세…,타임스탬프 사진으로 장면 불일치 확인 후 재복원,47.35,T3,화자·문맥·자연스러움 집중 검토,,85.43046357615894,63.34,P2,앞뒤 5블록·사진·오류 기억을 함께 검토
ABF-338,사진 대조 1차 교정본,133,"00:06:33,590 --> 00:06:36,750",3.16,가장 좋아하는 건 앞뒤로 움직이는 거예요.,가장 좋아하는 움직임은 어떤 거예요?,앞뒤로요. 천천히 움직여 주시겠어요?,중립·혼합형,,0.01,,,25.0,90.0,50.0,78.0,79.0,0.83234,0.0,66.0,0.0,0.0,0.4195,이렇게 몸을 낮춘 채 앞뒤로 움직이는 게...,이렇게 몸을 낮춘 채 앞뒤로 움직이는 게…,,50.26,T3,화자·문맥·자연스러움 집중 검토,,93.62582781456953,68.47,P2,앞뒤 5블록·사진·오류 기억을 함께 검토
ABF-338,사진 대조 1차 교정본,134,"00:06:36,750 --> 00:06:40,110",3.36,앞뒤로요. 천천히 움직여 주시겠어요?,가장 좋아하는 건 앞뒤로 움직이는 거예요.,"다리를 접고 눕히는 자세를 좋아하는데, 괜찮을까요?",반응형,,0.05,,,25.0,90.0,50.0,78.0,79.0,0.79819,0.0,66.0,0.0,0.0,0.417,천천히 움직여 줘요...,천천히 움직여 줘요…,,48.82,T3,화자·문맥·자연스러움 집중 검토,,90.72847682119205,66.42,P2,앞뒤 5블록·사진·오류 기억을 함께 검토
ABF-338,사진 대조 1차 교정본,135,"00:06:41,130 --> 00:06:45,250",4.12,"다리를 접고 눕히는 자세를 좋아하는데, 괜찮을까요?",앞뒤로요. 천천히 움직여 주시겠어요?,"네, 괜찮을 것 같아요.",중립·혼합형,,0.03,,,25.0,90.0,50.0,78.0,75.0,0.77207,0.0,66.0,0.0,0.0,0.199,다리를 벌려...,다리를 벌려…,,47.49,T3,화자·문맥·자연스러움 집중 검토,,85.9271523178808,63.63,P2,앞뒤 5블록·사진·오류 기억을 함께 검토
ABF-338,사진 대조 1차 교정본,136,"00:06:46,110 --> 00:06:47,290",1.18,"네, 괜찮을 것 같아요.","다리를 접고 눕히는 자세를 좋아하는데, 괜찮을까요?","제가 제일 좋아하는 자세인데, 남자 없이 하려니 좀 어렵네요.",반응형,,0.01,,,25.0,90.0,50.0,78.0,75.0,0.45966,0.0,66.0,0.0,0.0,0.4601,기쁠 것 같아요.,그러면 기쁠 것 같아요.,사진 장면 확인 및 한국어 번역투·ASR 오역 교정,34.37,T4,구조검사 통과 시 유지,,41.05960264900662,37.18,P4,회귀검사 통과 시 유지
ABF-338,사진 대조 1차 교정본,137,"00:06:50,230 --> 00:06:55,090",4.86,"제가 제일 좋아하는 자세인데, 남자 없이 하려니 좀 어렵네요.","네, 괜찮을 것 같아요.",이렇게…,반말형,,0.03,,,25.0,90.0,50.0,78.0,75.0,0.82193,0.0,66.0,0.0,0.0,0.4997,"제가 제일 좋아하는 방식인데, 상대가 남자가 아니라서 좀 하기 어렵네요.","제가 제일 좋아하는 자세인데, 남자 없이 하려니 좀 어렵네요.",,49.58,T3,화자·문맥·자연스러움 집중 검토,,92.13576158940397,67.45,P2,앞뒤 5블록·사진·오류 기억을 함께 검토
ABF-338,사진 대조 1차 교정본,138,"00:06:56,930 --> 00:06:57,570",0.64,이렇게…,"제가 제일 좋아하는 자세인데, 남자 없이 하려니 좀 어렵네요.",이런 식으로…,중립·혼합형,,0.03,,,25.0,90.0,50.0,78.0,75.0,0.1905,0.0,66.0,0.0,0.0,0.233,이렇게...,이렇게…,,23.06,T4,구조검사 통과 시 유지,,7.28476821192053,16.43,P4,회귀검사 통과 시 유지
ABF-338,사진 대조 1차 교정본,139,"00:06:57,570 --> 00:07:00,970",3.4,이런 식으로…,이렇게…,남자가 왜 필요한지 알겠어요.,반응형,,0.03,,,25.0,90.0,50.0,78.0,75.0,0.42208,0.0,66.0,0.0,0.0,0.4579,이런 식으로...,이런 식으로…,,32.79,T4,구조검사 통과 시 유지,,35.430463576158935,33.9,P4,회귀검사 통과 시 유지
ABF-338,사진 대조 1차 교정본,140,"00:07:00,970 --> 00:07:03,850",2.88,남자가 왜 필요한지 알겠어요.,이런 식으로…,혼자 움직이려니 힘드네요.,반응형,,0.03,,,25.0,90.0,50.0,78.0,75.0,0.54631,0.0,66.0,0.0,0.0,0.2151,왠지 알겠어.,어떻게 알았어?,손상된 일본어 ASR + 타임스탬프 사진 + 앞뒤 문맥 추론,38.01,T3,화자·문맥·자연스러움 집중 검토,,56.29139072847682,45.69,P3,말투·질문응답·가독성 위주 검토
ABF-338,사진 대조 1차 교정본,141,"00:07:04,390 --> 00:07:05,130",0.74,혼자 움직이려니 힘드네요.,남자가 왜 필요한지 알겠어요.,이렇게 몸을 낮춘 채 앞뒤로 움직이는 게…,반말형,,0.01,,,25.0,90.0,50.0,78.0,79.0,0.73799,0.0,66.0,25.0,0.0,0.1181,지금은 혼자 가버리겠네. 그건 안 되지.,지금은 혼자 가 버리겠네. 그건 안 되지.,,48.8,T3,화자·문맥·자연스러움 집중 검토,borderline_cps,90.39735099337747,66.27,P2,앞뒤 5블록·사진·오류 기억을 함께 검토
ABF-338,사진 대조 1차 교정본,142,"00:07:05,130 --> 00:07:08,090",2.96,이렇게 몸을 낮춘 채 앞뒤로 움직이는 게…,혼자 움직이려니 힘드네요.,좋아요.,중립·혼합형,,0.03,,,25.0,90.0,50.0,78.0,79.0,0.83467,25.17,66.0,0.0,0.0,0.8598,이렇게 몸을 낮춘 채 앞뒤로 움직이는 게...,이렇게 몸을 낮춘 채 앞뒤로 움직이는 게…,,54.89,T3,화자·문맥·자연스러움 집중 검토,,98.4271523178808,73.18,P1,장면 패킷을 열고 후보 3개를 생성해 반증 검토
ABF-338,사진 대조 1차 교정본,143,"00:07:09,690 --> 00:07:10,630",0.94,좋아요.,이렇게 몸을 낮춘 채 앞뒤로 움직이는 게…,하기 어렵다.,반응형,,0.01,,,25.0,90.0,50.0,78.0,75.0,0.29886,23.18,66.0,0.0,0.0,0.8432,기분 좋아요.,"아, 좋아요.",화면 영문 자막 대조,31.79,T4,구조검사 통과 시 유지,,32.20198675496689,31.96,P4,회귀검사 통과 시 유지
ABF-338,사진 대조 1차 교정본,144,"00:07:11,990 --> 00:07:12,870",0.88,하기 어렵다.,좋아요.,"잠깐만요, 부끄럽네요.",반응형,,0.01,,,25.0,90.0,50.0,78.0,75.0,0.57547,0.0,66.0,0.0,0.0,0.1797,혀를 움직이는 편이 하기 편하네...,혀를 움직이는 편이 하기 편하네…,,39.23,T3,화자·문맥·자연스러움 집중 검토,,60.76158940397352,48.27,P3,말투·질문응답·가독성 위주 검토
ABF-338,사진 대조 1차 교정본,145,"00:07:47,430 --> 00:07:48,990",1.56,"잠깐만요, 부끄럽네요.",하기 어렵다.,이런 느낌으로요…,반응형,,0.03,,,25.0,90.0,50.0,78.0,75.0,0.5716,0.0,66.0,0.0,0.0,0.3325,잠깐만요.,조금만 기다려.,일본어 원문 대조 + 자연스러운 한국어 대사 교정,39.07,T3,화자·문맥·자연스러움 집중 검토,,59.7682119205298,47.76,P3,말투·질문응답·가독성 위주 검토
ABF-338,사진 대조 1차 교정본,146,"00:07:53,270 --> 00:07:55,330",2.06,이런 느낌으로요…,"잠깐만요, 부끄럽네요.",지금 모습이 꽤 좋네요.,반응형,,0.03,,,25.0,90.0,50.0,78.0,75.0,0.3896,0.0,66.0,0.0,0.0,0.6344,이런 느낌으로요...,이런 느낌으로요…,,31.42,T4,구조검사 통과 시 유지,,30.4635761589404,31.02,P4,회귀검사 통과 시 유지
ABF-338,사진 대조 1차 교정본,147,"00:07:55,330 --> 00:07:57,810",2.48,지금 모습이 꽤 좋네요.,이런 느낌으로요…,좋아요.,반말형,,0.03,,,25.0,90.0,50.0,78.0,75.0,0.49059,0.0,66.0,0.0,0.0,0.3432,손을 벗을 때는 좋네요.,[불명],,35.66,T3,화자·문맥·자연스러움 집중 검토,,46.35761589403973,40.15,P3,말투·질문응답·가독성 위주 검토
ABF-338,사진 대조 1차 교정본,148,"00:07:57,970 --> 00:07:58,530",0.56,좋아요.,지금 모습이 꽤 좋네요.,좋아요?,반응형,,0.03,,,25.0,90.0,50.0,78.0,75.0,0.16657,23.18,66.0,0.0,0.0,0.8432,기분 좋아요.,"아, 좋아요.",화면 영문 자막 대조,26.23,T4,구조검사 통과 시 유지,,15.97682119205298,21.92,P4,회귀검사 통과 시 유지
ABF-338,사진 대조 1차 교정본,149,"00:07:59,050 --> 00:07:59,530",0.48,좋아요?,좋아요.,네.,반응형,,0.05,,,25.0,90.0,50.0,78.0,75.0,0.23018,0.0,66.0,0.0,0.0,0.4752,"대박이에요, 기분 좋아요?",대단하네요. 기분 좋아요?,사진 장면 확인 및 한국어 번역투·ASR 오역 교정,24.73,T4,구조검사 통과 시 유지,,11.258278145695364,19.07,P4,회귀검사 통과 시 유지
ABF-338,사진 대조 1차 교정본,150,"00:07:59,530 --> 00:07:59,930",0.4,네.,좋아요?,네.,반말형,,0.03,,,25.0,90.0,50.0,78.0,75.0,0.06926,6.48,66.0,0.0,0.0,0.704,"네, 네.",네.,불필요한 반복 제거,19.14,T4,구조검사 통과 시 유지,,0.49668874172185434,11.31,P4,회귀검사 통과 시 유지
ABF-338,사진 대조 1차 교정본,151,"00:08:00,210 --> 00:08:00,250",0.04,네.,네.,한번 다리를 세워 주시겠어요?,반말형,,0.01,,,25.0,90.0,50.0,78.0,75.0,0.17019,6.48,66.0,70.0,0.0,0.704,"네, 네.",네.,불필요한 반복 제거,30.37,T4,구조검사 통과 시 유지,high_cps,27.483443708609272,29.16,P4,회귀검사 통과 시 유지
ABF-338,사진 대조 1차 교정본,152,"00:08:00,810 --> 00:08:03,250",2.44,한번 다리를 세워 주시겠어요?,네.,네.,반응형,,0.01,,,25.0,90.0,50.0,78.0,75.0,0.67235,0.0,66.0,0.0,0.0,0.2696,다리를 벌려...,다리를 벌려…,,43.3,T3,화자·문맥·자연스러움 집중 검토,,74.91721854304636,56.58,P3,말투·질문응답·가독성 위주 검토
ABF-338,사진 대조 1차 교정본,153,"00:08:04,450 --> 00:08:04,770",0.32,네.,한번 다리를 세워 주시겠어요?,네.,반말형,,0.05,,,25.0,90.0,50.0,78.0,75.0,0.1103,6.48,66.0,0.0,0.0,0.704,"네, 네.",네.,불필요한 반복 제거,20.86,T4,구조검사 통과 시 유지,,2.3178807947019866,13.07,P4,회귀검사 통과 시 유지
ABF-338,사진 대조 1차 교정본,154,"00:08:05,770 --> 00:08:06,110",0.34,네.,네.,그럼 그대로…,반말형,,0.03,,,25.0,90.0,50.0,78.0,75.0,0.09292,6.48,66.0,0.0,0.0,0.704,"네, 네.",네.,불필요한 반복 제거,20.13,T4,구조검사 통과 시 유지,,0.8278145695364238,12.02,P4,회귀검사 통과 시 유지
ABF-338,사진 대조 1차 교정본,155,"00:08:06,670 --> 00:08:07,850",1.18,그럼 그대로…,네.,네.,중립·혼합형,,0.03,,,25.0,90.0,50.0,78.0,75.0,0.31653,0.0,66.0,0.0,0.0,0.4145,그럼 그대로...,그럼 그대로…,,28.35,T4,구조검사 통과 시 유지,,21.357615894039736,25.41,P4,회귀검사 통과 시 유지
ABF-338,사진 대조 1차 교정본,156,"00:08:07,850 --> 00:08:08,050",0.2,네.,그럼 그대로…,뭐라고 해야 할지…,반말형,,0.05,,,25.0,90.0,50.0,78.0,75.0,0.12939,6.48,66.0,0.0,0.0,0.704,"네, 네.",네.,불필요한 반복 제거,21.66,T4,구조검사 통과 시 유지,,4.13907284768212,14.3,P4,회귀검사 통과 시 유지
ABF-338,사진 대조 1차 교정본,157,"00:08:08,150 --> 00:08:08,770",0.62,뭐라고 해야 할지…,네.,이런 식으로…,반말형,,0.05,문장 종결 자연화,높음,25.0,90.0,50.0,92.0,75.0,0.51268,0.0,22.0,0.0,0.0,0.6423,뭐라고 해야 돼?,뭐라고 말하면 돼?,일본어 원문 대조 + 자연스러운 한국어 대사 교정,21.28,T4,구조검사 통과 시 유지,,2.980132450331126,13.59,P4,회귀검사 통과 시 유지
ABF-338,사진 대조 1차 교정본,158,"00:08:09,750 --> 00:08:10,790",1.04,이런 식으로…,뭐라고 해야 할지…,이렇게…,반응형,,0.05,,,25.0,90.0,50.0,78.0,75.0,0.46324,0.0,66.0,0.0,0.0,0.4579,이런 식으로...,이런 식으로…,,34.52,T4,구조검사 통과 시 유지,,41.22516556291391,37.34,P4,회귀검사 통과 시 유지
ABF-338,사진 대조 1차 교정본,159,"00:08:11,570 --> 00:08:12,830",1.26,이렇게…,이런 식으로…,위아래로 움직이는 느낌…,중립·혼합형,,0.03,,,25.0,90.0,50.0,78.0,75.0,0.26328,0.0,66.0,0.0,0.0,0.233,이렇게...,이렇게…,,26.12,T4,구조검사 통과 시 유지,,15.562913907284766,21.69,P4,회귀검사 통과 시 유지
ABF-338,사진 대조 1차 교정본,160,"00:08:12,830 --> 00:08:14,230",1.4,위아래로 움직이는 느낌…,이렇게…,네.,반응형,,0.03,,,25.0,90.0,50.0,78.0,79.0,0.74528,8.45,66.0,0.0,0.0,0.7204,위아래로 움직이는 느낌...,위아래로 움직이는 느낌…,,48.12,T3,화자·문맥·자연스러움 집중 검토,,87.41721854304636,64.62,P2,앞뒤 5블록·사진·오류 기억을 함께 검토
ABF-338,사진 대조 1차 교정본,161,"00:08:14,230 --> 00:08:14,430",0.2,네.,위아래로 움직이는 느낌…,위아래로…,반말형,,0.03,,,25.0,90.0,50.0,78.0,75.0,0.13295,6.48,66.0,0.0,0.0,0.704,"네, 네.",네.,불필요한 반복 제거,21.81,T4,구조검사 통과 시 유지,,4.470198675496689,14.53,P4,회귀검사 통과 시 유지
ABF-338,사진 대조 1차 교정본,162,"00:08:17,170 --> 00:08:18,290",1.12,위아래로…,네.,영차.,반응형,,0.03,,,25.0,90.0,50.0,78.0,75.0,0.31963,0.0,66.0,0.0,0.0,0.471,위아래로...,위아래로…,,28.48,T4,구조검사 통과 시 유지,,21.85430463576159,25.7,P4,회귀검사 통과 시 유지
ABF-338,사진 대조 1차 교정본,163,"00:08:18,290 --> 00:08:19,230",0.94,영차.,위아래로…,뒤쪽의 둥근 모양이…,중립·혼합형,,0.01,,,25.0,90.0,50.0,78.0,75.0,0.38909,42.0,66.0,0.0,0.0,1.0,영차.,자.,타임스탬프 사진과 앞뒤 장면으로 대사 기능 복원,38.96,T3,화자·문맥·자연스러움 집중 검토,,58.94039735099338,47.35,P3,말투·질문응답·가독성 위주 검토
ABF-338,사진 대조 1차 교정본,164,"00:08:20,050 --> 00:08:21,210",1.16,뒤쪽의 둥근 모양이…,영차.,뭔가 소리가 나네요.,중립·혼합형,,0.05,,,25.0,90.0,50.0,78.0,75.0,0.63582,3.95,66.0,0.0,0.0,0.6829,뒤쪽의 둥근 모양이...,뒤쪽의 둥근 모양이…,,42.47,T3,화자·문맥·자연스러움 집중 검토,,72.84768211920529,55.23,P3,말투·질문응답·가독성 위주 검토
ABF-338,사진 대조 1차 교정본,165,"00:08:33,250 --> 00:08:34,290",1.04,뭔가 소리가 나네요.,뒤쪽의 둥근 모양이…,그 소리를 듣고 싶어요.,반말형,,0.05,,,25.0,90.0,50.0,78.0,75.0,0.62532,0.0,66.0,0.0,0.0,0.3899,소리가 다 들려.,소리가 다 들리네.,손상된 일본어 ASR + 타임스탬프 사진 + 앞뒤 문맥 추론,41.32,T3,화자·문맥·자연스러움 집중 검토,,68.70860927152319,52.82,P3,말투·질문응답·가독성 위주 검토
ABF-338,사진 대조 1차 교정본,166,"00:08:34,390 --> 00:08:35,050",0.66,그 소리를 듣고 싶어요.,뭔가 소리가 나네요.,뭔가 소리를 듣고 싶네요.,반응형,,0.01,,,25.0,90.0,50.0,78.0,75.0,0.66184,0.0,66.0,0.0,0.0,0.329,기분 좋게 해 주고 싶어요.,제가 해 볼게요.,앞 블록과 중복된 문장 정리,42.86,T3,화자·문맥·자연스러움 집중 검토,,74.00662251655629,55.94,P3,말투·질문응답·가독성 위주 검토
ABF-338,사진 대조 1차 교정본,167,"00:08:35,610 --> 00:08:36,750",1.14,뭔가 소리를 듣고 싶네요.,그 소리를 듣고 싶어요.,소리를 좀 듣고 싶어요.,반말형,,0.01,,,25.0,90.0,50.0,78.0,75.0,0.67362,0.0,66.0,0.0,0.0,0.418,들어가고 싶네요.,다리가 진짜 예쁘네요.,일본어 원문 대조 + 자연스러운 한국어 대사 교정,43.35,T3,화자·문맥·자연스러움 집중 검토,,75.16556291390728,56.71,P3,말투·질문응답·가독성 위주 검토
ABF-338,사진 대조 1차 교정본,168,"00:08:54,070 --> 00:08:54,470",0.4,소리를 좀 듣고 싶어요.,뭔가 소리를 듣고 싶네요.,부끄러워요.,반응형,,0.03,,,25.0,90.0,50.0,78.0,75.0,0.70718,0.0,66.0,55.0,0.0,0.3298,기분 좋게 해 주고 싶어요.,제가 해 볼게요.,앞 블록과 중복된 문장 정리,50.26,T3,화자·문맥·자연스러움 집중 검토,high_cps,93.62582781456953,68.47,P2,앞뒤 5블록·사진·오류 기억을 함께 검토
ABF-338,사진 대조 1차 교정본,169,"00:08:54,470 --> 00:08:55,090",0.62,부끄러워요.,소리를 좀 듣고 싶어요.,이렇게 새삼 보니 정말 야한 자세네요.,중립·혼합형,,0.03,,,25.0,90.0,50.0,78.0,75.0,0.30737,0.0,66.0,0.0,0.0,0.4034,부끄러워...,부끄러워…,,27.97,T4,구조검사 통과 시 유지,,20.281456953642383,24.74,P4,회귀검사 통과 시 유지
ABF-338,사진 대조 1차 교정본,170,"00:09:02,680 --> 00:09:05,600",2.92,이렇게 새삼 보니 정말 야한 자세네요.,부끄러워요.,거짓말.,반말형,,0.02,,,25.0,90.0,50.0,78.0,75.0,0.70683,0.0,66.0,0.0,0.0,0.2226,이렇게 다시 보니까...,이렇게 다시 보니까…,,44.75,T3,화자·문맥·자연스러움 집중 검토,,78.64238410596026,58.98,P2,앞뒤 5블록·사진·오류 기억을 함께 검토
ABF-338,사진 대조 1차 교정본,171,"00:09:06,160 --> 00:09:06,540",0.38,거짓말.,이렇게 새삼 보니 정말 야한 자세네요.,정말요?,중립·혼합형,,0.04,,,25.0,90.0,50.0,78.0,75.0,0.25573,42.0,66.0,0.0,0.0,1.0,거짓말. 거짓말. 거짓말. 거짓말.,말도 안 돼…,손상된 일본어 ASR + 타임스탬프 사진 + 앞뒤 문맥 추론,33.36,T4,구조검사 통과 시 유지,,37.086092715231786,34.92,P4,회귀검사 통과 시 유지
ABF-338,사진 대조 1차 교정본,172,"00:09:06,980 --> 00:09:07,760",0.78,정말요?,거짓말.,여기까지 다 보이네요.,중립·혼합형,,0.02,,,25.0,90.0,50.0,78.0,75.0,0.23899,0.0,66.0,0.0,0.0,0.1458,정말 좋아.,거기 좋아.,타임스탬프 사진과 장면 흐름으로 명백한 오인식 교정,25.1,T4,구조검사 통과 시 유지,,12.748344370860929,19.91,P4,회귀검사 통과 시 유지
ABF-338,사진 대조 1차 교정본,173,"00:09:07,760 --> 00:09:09,540",1.78,여기까지 다 보이네요.,정말요?,여기요.,반말형,,0.04,,,25.0,90.0,50.0,78.0,75.0,0.54857,0.0,66.0,0.0,0.0,0.5059,여기까지 대단해.,여기까지 들어왔어.,,38.1,T3,화자·문맥·자연스러움 집중 검토,,56.539735099337754,45.84,P3,말투·질문응답·가독성 위주 검토
ABF-338,사진 대조 1차 교정본,174,"00:09:09,580 --> 00:09:09,620",0.04,여기요.,여기까지 다 보이네요.,어머! 너무 부끄러워요!,중립·혼합형,,0.02,,,25.0,90.0,50.0,78.0,75.0,0.41224,0.0,66.0,70.0,0.0,0.3564,"자, 여기요…","자, 여기…",손상된 일본어 ASR + 타임스탬프 사진 + 앞뒤 문맥 추론,39.37,T3,화자·문맥·자연스러움 집중 검토,high_cps,61.75496688741722,48.77,P3,말투·질문응답·가독성 위주 검토
ABF-338,사진 대조 1차 교정본,175,"00:09:09,880 --> 00:09:11,520",1.64,어머! 너무 부끄러워요!,여기요.,뭔가 동물적인 모습이네요.,반응형,,0.02,,,25.0,90.0,50.0,78.0,75.0,0.2783,0.0,66.0,0.0,0.0,0.2654,부끄러워...,부끄러워…,,26.75,T4,구조검사 통과 시 유지,,16.55629139072848,22.47,P4,회귀검사 통과 시 유지
ABF-338,사진 대조 1차 교정본,176,"00:09:14,360 --> 00:09:16,120",1.76,뭔가 동물적인 모습이네요.,어머! 너무 부끄러워요!,그러게요.,반말형,,0.04,,,25.0,90.0,50.0,78.0,75.0,0.64012,0.0,66.0,0.0,0.0,0.1777,큰일이네요.,이러다 갈 것 같아요.,사진 장면 확인 및 한국어 번역투·ASR 오역 교정,41.94,T3,화자·문맥·자연스러움 집중 검토,,71.02649006622516,54.16,P3,말투·질문응답·가독성 위주 검토
ABF-338,사진 대조 1차 교정본,177,"00:09:16,560 --> 00:09:17,300",0.74,그러게요.,뭔가 동물적인 모습이네요.,정말로요.,중립·혼합형,,0.04,,,25.0,90.0,50.0,78.0,75.0,0.39331,0.0,66.0,0.0,0.0,0.4715,카레를 다 같이 먹으니까 맛있네. 그러게요.,- 셋이 같이 카레 먹으니까 맛있네. - 그러게요.,식사 장면 화자 분리,31.58,T4,구조검사 통과 시 유지,,31.29139072847682,31.46,P4,회귀검사 통과 시 유지
ABF-338,사진 대조 1차 교정본,178,"00:09:17,420 --> 00:09:17,820",0.4,정말로요.,그러게요.,생각해 보니 그럴지도 모르겠어요.,중립·혼합형,,0.02,,,25.0,90.0,50.0,78.0,75.0,0.44407,0.0,66.0,0.0,0.0,0.3283,정말로.,진짜로.,일본어 원문 대조 + 자연스러운 한국어 대사 교정,33.71,T4,구조검사 통과 시 유지,,38.079470198675494,35.55,P4,회귀검사 통과 시 유지
ABF-338,사진 대조 1차 교정본,179,"00:09:18,060 --> 00:09:19,380",1.32,생각해 보니 그럴지도 모르겠어요.,정말로요.,그럼 그대로…,반응형,,0.04,,,25.0,90.0,50.0,78.0,75.0,0.71239,0.0,66.0,0.0,0.0,0.3237,생각해 보니 너 나보다...,생각해 보니 너 나보다…,,44.98,T3,화자·문맥·자연스러움 집중 검토,,79.55298013245033,59.5,P2,앞뒤 5블록·사진·오류 기억을 함께 검토
ABF-338,사진 대조 1차 교정본,180,"00:09:19,980 --> 00:09:21,640",1.66,그럼 그대로…,생각해 보니 그럴지도 모르겠어요.,네.,중립·혼합형,,0.02,,,25.0,90.0,50.0,78.0,75.0,0.40623,0.0,66.0,0.0,0.0,0.4145,그럼 그대로...,그럼 그대로…,,32.12,T4,구조검사 통과 시 유지,,34.105960264900666,32.95,P4,회귀검사 통과 시 유지
ABF-338,사진 대조 1차 교정본,181,"00:09:21,640 --> 00:09:21,740",0.1,네.,그럼 그대로…,"아, 그 자세도 해 보면 되겠네요.
뒤돌아서 하는 자세예요.",반말형,,0.04,,,25.0,90.0,50.0,78.0,75.0,0.1097,6.48,66.0,25.0,0.0,0.704,"네, 네.",네.,불필요한 반복 제거,23.33,T4,구조검사 통과 시 유지,borderline_cps,7.781456953642383,16.8,P4,회귀검사 통과 시 유지
ABF-338,사진 대조 1차 교정본,182,"00:09:22,680 --> 00:09:25,920",3.24,"아, 그 자세도 해 보면 되겠네요.
뒤돌아서 하는 자세예요.",네.,"아, 뒤를 보고요?",중립·혼합형,,0.02,자세 설명의 번역투 제거,높음,25.0,90.0,50.0,78.0,75.0,0.55228,0.0,22.0,0.0,0.0,0.6007,"아, 한 번 그걸 해 봐도 되겠네요. 뒤돌아서 하는 자세요.","아, 그 자세도 해 보면 되겠네요. 뒤돌아서 하는 자세예요.",자세 설명의 번역투 제거,22.48,T4,구조검사 통과 시 유지,,5.7947019867549665,15.47,P4,회귀검사 통과 시 유지
ABF-338,사진 대조 1차 교정본,183,"00:09:26,180 --> 00:09:27,020",0.84,"아, 뒤를 보고요?","아, 그 자세도 해 보면 되겠네요.
뒤돌아서 하는 자세예요.",일단 빼 볼게요.,반응형,,0.02,,,25.0,90.0,50.0,78.0,75.0,0.59296,0.0,66.0,0.0,0.0,0.3227,"뒤를 보고, 잠깐...","뒤를 보고, 잠깐…",,39.96,T3,화자·문맥·자연스러움 집중 검토,,64.0728476821192,50.09,P3,말투·질문응답·가독성 위주 검토
ABF-338,사진 대조 1차 교정본,184,"00:09:27,900 --> 00:09:29,260",1.36,일단 빼 볼게요.,"아, 뒤를 보고요?",뒤를 보고요?,중립·혼합형,,0.0,,,25.0,90.0,50.0,78.0,79.0,0.73281,0.0,66.0,0.0,0.0,0.4545,일단 해 줘.,일단 넣어 줘.,일본어 원문 대조 + 자연스러운 한국어 대사 교정,46.08,T3,화자·문맥·자연스러움 집중 검토,,82.78145695364239,61.49,P2,앞뒤 5블록·사진·오류 기억을 함께 검토
ABF-338,사진 대조 1차 교정본,185,"00:09:35,270 --> 00:09:36,190",0.92,뒤를 보고요?,일단 빼 볼게요.,뒤돌아서 하는 자세요?,중립·혼합형,,0.03,,,25.0,90.0,50.0,78.0,75.0,0.54903,0.0,66.0,0.0,0.0,0.3326,"뒤를 보고, 잠깐...","뒤를 보고, 잠깐…",,38.12,T3,화자·문맥·자연스러움 집중 검토,,56.788079470198674,45.96,P3,말투·질문응답·가독성 위주 검토
ABF-338,사진 대조 1차 교정본,186,"00:09:36,330 --> 00:09:37,030",0.7,뒤돌아서 하는 자세요?,뒤를 보고요?,"뒤를 보고, 잠깐…",반응형,,0.03,,,25.0,90.0,50.0,78.0,75.0,0.64628,0.0,66.0,0.0,0.0,0.503,"아, 한 번 그걸 해 봐도 되겠네요. 뒤돌아서 하는 자세요.","아, 그 자세도 해 보면 되겠네요. 뒤돌아서 하는 자세예요.",자세 설명의 번역투 제거,42.2,T3,화자·문맥·자연스러움 집중 검토,,72.18543046357617,54.79,P3,말투·질문응답·가독성 위주 검토
ABF-338,사진 대조 1차 교정본,187,"00:09:37,110 --> 00:09:37,890",0.78,"뒤를 보고, 잠깐…",뒤돌아서 하는 자세요?,우와…,반응형,,0.01,,,25.0,90.0,50.0,78.0,75.0,0.58169,0.0,66.0,0.0,0.0,0.6396,잠깐…,그리고…,일본어 원문 대조 + 자연스러운 한국어 대사 교정,39.49,T3,화자·문맥·자연스러움 집중 검토,,62.41721854304636,49.12,P3,말투·질문응답·가독성 위주 검토
ABF-338,사진 대조 1차 교정본,188,"00:09:38,530 --> 00:09:39,570",1.04,우와…,"뒤를 보고, 잠깐…","엄청 빠르네요, 이거.",중립·혼합형,,0.03,,,25.0,90.0,50.0,78.0,75.0,0.3486,0.0,66.0,0.0,0.0,0.2279,우와~ 우와우와야. 우와.,우와… 우와우와야. 우와.,,29.7,T4,구조검사 통과 시 유지,,25.165562913907287,27.8,P4,회귀검사 통과 시 유지
ABF-338,사진 대조 1차 교정본,189,"00:09:40,690 --> 00:09:42,730",2.04,"엄청 빠르네요, 이거.",우와…,이렇게 다시 보니까…,반말형,,0.01,,,25.0,90.0,50.0,78.0,75.0,0.57311,0.0,66.0,0.0,0.0,0.4389,"네, 이거.","네, 해 볼게요.",사진 장면 확인 및 한국어 번역투·ASR 오역 교정,39.13,T3,화자·문맥·자연스러움 집중 검토,,60.264900662251655,48.01,P3,말투·질문응답·가독성 위주 검토
ABF-338,사진 대조 1차 교정본,190,"00:09:43,070 --> 00:09:44,350",1.28,이렇게 다시 보니까…,"엄청 빠르네요, 이거.",우와…,중립·혼합형,,0.03,,,25.0,90.0,50.0,78.0,75.0,0.5389,0.0,66.0,0.0,0.0,0.5757,이렇게 다시 보니까...,이렇게 다시 보니까…,,37.69,T3,화자·문맥·자연스러움 집중 검토,,55.38079470198676,45.12,P3,말투·질문응답·가독성 위주 검토
ABF-338,사진 대조 1차 교정본,191,"00:09:45,050 --> 00:09:46,110",1.06,우와…,이렇게 다시 보니까…,엉덩이가…,중립·혼합형,,0.05,,,25.0,90.0,50.0,78.0,75.0,0.37327,0.0,66.0,0.0,0.0,0.2279,우와~ 우와우와야. 우와.,우와… 우와우와야. 우와.,,30.74,T4,구조검사 통과 시 유지,,28.311258278145697,29.72,P4,회귀검사 통과 시 유지
ABF-338,사진 대조 1차 교정본,192,"00:09:46,110 --> 00:09:47,790",1.68,엉덩이가…,우와…,이제 넣을게요.,중립·혼합형,,0.01,,,25.0,90.0,50.0,78.0,79.0,0.60299,42.0,66.0,0.0,0.0,1.0,엉덩이가…,갈 수 있어?,일본어 원문 + 타임스탬프 사진 + 장면 연속성,48.19,T3,화자·문맥·자연스러움 집중 검토,,87.74834437086093,64.8,P2,앞뒤 5블록·사진·오류 기억을 함께 검토
ABF-338,사진 대조 1차 교정본,193,"00:09:49,490 --> 00:09:51,510",2.02,이제 넣을게요.,엉덩이가…,대단하네요.,중립·혼합형,,0.01,,,25.0,90.0,50.0,78.0,79.0,0.79752,0.0,66.0,0.0,0.0,0.1892,이제 안 할게.,이제 안 애태울게.,,48.8,T3,화자·문맥·자연스러움 집중 검토,,90.39735099337747,66.27,P2,앞뒤 5블록·사진·오류 기억을 함께 검토
ABF-338,사진 대조 1차 교정본,194,"00:10:05,120 --> 00:10:05,560",0.44,대단하네요.,이제 넣을게요.,이건 역시…,반말형,,0.02,,,25.0,90.0,50.0,78.0,75.0,0.41696,42.0,66.0,0.0,0.0,1.0,대단하네요.,바다다!,일본어 원문 대조 + 자연스러운 한국어 대사 교정,40.13,T3,화자·문맥·자연스러움 집중 검토,,64.56953642384106,50.39,P3,말투·질문응답·가독성 위주 검토
ABF-338,사진 대조 1차 교정본,195,"00:10:18,110 --> 00:10:19,090",0.98,이건 역시…,대단하네요.,네.,중립·혼합형,,0.01,,,25.0,90.0,50.0,78.0,75.0,0.47003,0.0,66.0,0.0,0.0,0.4198,이건 역시...,이건 역시…,,34.8,T4,구조검사 통과 시 유지,,42.9635761589404,38.23,P4,회귀검사 통과 시 유지
ABF-338,사진 대조 1차 교정본,196,"00:10:19,090 --> 00:10:19,690",0.6,네.,이건 역시…,뒤돌아서 하면 각도가 조금 달라지잖아요.,반말형,,0.01,,,25.0,90.0,50.0,78.0,75.0,0.17389,6.48,66.0,0.0,0.0,0.704,"네, 네.",네.,불필요한 반복 제거,23.53,T4,구조검사 통과 시 유지,,8.27814569536424,17.12,P4,회귀검사 통과 시 유지
ABF-338,사진 대조 1차 교정본,197,"00:10:20,130 --> 00:10:22,270",2.14,뒤돌아서 하면 각도가 조금 달라지잖아요.,네.,네.,반응형,,0.03,,,25.0,90.0,50.0,78.0,75.0,0.78253,0.0,66.0,0.0,0.0,0.2372,"아, 한 번 그걸 해 봐도 되겠네요. 뒤돌아서 하는 자세요.","아, 그 자세도 해 보면 되겠네요. 뒤돌아서 하는 자세예요.",자세 설명의 번역투 제거,47.93,T3,화자·문맥·자연스러움 집중 검토,,87.08609271523179,64.38,P2,앞뒤 5블록·사진·오류 기억을 함께 검토
ABF-338,사진 대조 1차 교정본,198,"00:10:22,670 --> 00:10:22,790",0.12,네.,뒤돌아서 하면 각도가 조금 달라지잖아요.,달라요?,반말형,,0.03,,,25.0,90.0,50.0,78.0,75.0,0.13561,6.48,66.0,25.0,0.0,0.704,"네, 네.",네.,불필요한 반복 제거,24.42,T4,구조검사 통과 시 유지,borderline_cps,10.264900662251655,18.47,P4,회귀검사 통과 시 유지
ABF-338,사진 대조 1차 교정본,199,"00:10:23,490 --> 00:10:23,850",0.36,달라요?,네.,"어, 달라요.",중립·혼합형,,0.01,,,25.0,90.0,50.0,78.0,75.0,0.1957,0.0,66.0,0.0,0.0,0.1771,제가 주도한 다른 작품도 있지만 이번 작품은 달라요.,"제가 주도한 작품도 있었지만, 이번 작품은 분위기가 조금 달라요.",사진 장면 확인 및 한국어 번역투·ASR 오역 교정,23.28,T4,구조검사 통과 시 유지,,7.6158940397351,16.7,P4,회귀검사 통과 시 유지
ABF-338,사진 대조 1차 교정본,200,"00:10:24,350 --> 00:10:24,790",0.44,"어, 달라요.",달라요?,달라요.,반응형,,0.05,,,25.0,90.0,50.0,78.0,75.0,0.3654,0.0,66.0,0.0,0.0,0.3503,제가 주도한 다른 작품도 있지만 이번 작품은 달라요.,"제가 주도한 작품도 있었지만, 이번 작품은 분위기가 조금 달라요.",사진 장면 확인 및 한국어 번역투·ASR 오역 교정,30.41,T4,구조검사 통과 시 유지,,27.64900662251656,29.25,P4,회귀검사 통과 시 유지
ABF-338,사진 대조 1차 교정본,201,"00:10:25,290 --> 00:10:25,550",0.26,달라요.,"어, 달라요.",그럼 어느 쪽이 더 좋아요?,중립·혼합형,,0.01,,,25.0,90.0,50.0,78.0,75.0,0.29578,0.0,66.0,0.0,0.0,0.4049,제가 주도한 다른 작품도 있지만 이번 작품은 달라요.,"제가 주도한 작품도 있었지만, 이번 작품은 분위기가 조금 달라요.",사진 장면 확인 및 한국어 번역투·ASR 오역 교정,27.48,T4,구조검사 통과 시 유지,,18.625827814569536,23.76,P4,회귀검사 통과 시 유지
ABF-338,사진 대조 1차 교정본,202,"00:10:25,930 --> 00:10:26,790",0.86,그럼 어느 쪽이 더 좋아요?,달라요.,"음, 어렵네요.",반응형,,0.03,,,25.0,90.0,50.0,78.0,75.0,0.61493,0.0,66.0,0.0,0.0,0.4798,안은 어느 쪽이 좋아?,안에서는 어디가 좋아?,일본어 원문 대조 + 자연스러운 한국어 대사 교정,40.89,T3,화자·문맥·자연스러움 집중 검토,,66.88741721854305,51.81,P3,말투·질문응답·가독성 위주 검토
ABF-338,사진 대조 1차 교정본,203,"00:10:27,870 --> 00:10:29,530",1.66,"음, 어렵네요.",그럼 어느 쪽이 더 좋아요?,굳이 고르라면 앞을 보는 쪽이요.,반응형,,0.03,,,25.0,90.0,50.0,78.0,75.0,0.45526,0.0,66.0,0.0,0.0,0.3483,어렵네.,생각보다 어렵네.,손상된 일본어 ASR + 타임스탬프 사진 + 앞뒤 문맥 추론,34.18,T4,구조검사 통과 시 유지,,40.397350993377486,36.79,P4,회귀검사 통과 시 유지
ABF-338,사진 대조 1차 교정본,204,"00:10:29,550 --> 00:10:31,230",1.68,굳이 고르라면 앞을 보는 쪽이요.,"음, 어렵네요.",그래도 상대에 따라 다르긴 하죠.,중립·혼합형,,0.05,,,25.0,90.0,50.0,78.0,75.0,0.74373,0.0,66.0,0.0,0.0,0.1017,이대로 서로 움직여 보는 게 중요해.,이대로 서로 움직여 봐야 해.,,46.3,T3,화자·문맥·자연스러움 집중 검토,,83.6092715231788,61.97,P2,앞뒤 5블록·사진·오류 기억을 함께 검토
ABF-338,사진 대조 1차 교정본,205,"00:10:32,870 --> 00:10:34,570",1.7,그래도 상대에 따라 다르긴 하죠.,굳이 고르라면 앞을 보는 쪽이요.,"네, 맞아요.",중립·혼합형,,0.03,,,25.0,90.0,50.0,78.0,75.0,0.771,0.0,66.0,0.0,0.0,0.2197,그래도 계속 하고 싶어.,그래도 계속하고 싶어.,손상된 일본어 ASR + 타임스탬프 사진 + 앞뒤 문맥 추론,47.44,T3,화자·문맥·자연스러움 집중 검토,,85.76158940397352,63.54,P2,앞뒤 5블록·사진·오류 기억을 함께 검토
ABF-338,사진 대조 1차 교정본,206,"00:10:34,930 --> 00:10:36,030",1.1,"네, 맞아요.",그래도 상대에 따라 다르긴 하죠.,엉덩이 구멍이 너무 잘 보여서 문제예요.,반응형,,0.03,,,25.0,90.0,50.0,78.0,75.0,0.54483,0.0,66.0,0.0,18.0,0.4334,몸을 생각하면 제대로 하는 게 맞아요.,몸에 무리가 가지 않게 제대로 해야 해요.,,39.38,T3,화자·문맥·자연스러움 집중 검토,formality_shift,61.920529801324506,48.85,P3,말투·질문응답·가독성 위주 검토
ABF-338,사진 대조 1차 교정본,207,"00:10:44,480 --> 00:10:45,980",1.5,엉덩이 구멍이 너무 잘 보여서 문제예요.,"네, 맞아요.",정말 훤히 보였어요.,존댓말형,,0.02,,,25.0,90.0,50.0,78.0,79.0,0.89783,0.0,66.0,0.0,18.0,0.2805,엉덩이 좀 봐.,이 유카타 진짜 귀엽네.,일본어 원문 + 타임스탬프 사진 + 장면 연속성,54.45,T3,화자·문맥·자연스러움 집중 검토,formality_shift,98.17880794701986,72.82,P1,장면 패킷을 열고 후보 3개를 생성해 반증 검토
ABF-338,사진 대조 1차 교정본,208,"00:10:47,640 --> 00:10:48,920",1.28,정말 훤히 보였어요.,엉덩이 구멍이 너무 잘 보여서 문제예요.,진짜 부끄럽네요.,반응형,,0.04,,,25.0,90.0,50.0,78.0,75.0,0.62341,0.0,66.0,0.0,0.0,0.2424,"잠깐만, 보였어.","잠깐만, 보여.",,41.24,T3,화자·문맥·자연스러움 집중 검토,,68.37748344370861,52.64,P3,말투·질문응답·가독성 위주 검토
ABF-338,사진 대조 1차 교정본,209,"00:10:49,080 --> 00:10:50,440",1.36,진짜 부끄럽네요.,정말 훤히 보였어요.,네.,반말형,,0.02,,,25.0,90.0,50.0,78.0,75.0,0.477,0.0,66.0,0.0,0.0,0.2313,진짜 엄청 좋아...,진짜 엄청 좋아…,,35.09,T3,화자·문맥·자연스러움 집중 검토,,43.79139072847682,38.74,P4,회귀검사 통과 시 유지
ABF-338,사진 대조 1차 교정본,210,"00:11:25,070 --> 00:11:25,350",0.28,네.,진짜 부끄럽네요.,움직이는 게 능숙하시네요.,반말형,,0.03,,,25.0,90.0,50.0,78.0,75.0,0.10302,6.48,66.0,0.0,0.0,0.704,"네, 네.",네.,불필요한 반복 제거,20.55,T4,구조검사 통과 시 유지,,1.490066225165563,12.54,P4,회귀검사 통과 시 유지
ABF-338,사진 대조 1차 교정본,211,"00:11:25,350 --> 00:11:26,410",1.06,움직이는 게 능숙하시네요.,네.,왠지 기분 좋아 보여요…,반말형,,0.05,,,25.0,90.0,50.0,78.0,79.0,0.70254,0.0,66.0,0.0,0.0,0.3003,성관계를 좋아하시네요.,섹스 좋아하시네요.,,44.81,T3,화자·문맥·자연스러움 집중 검토,,79.13907284768213,59.23,P2,앞뒤 5블록·사진·오류 기억을 함께 검토
ABF-338,사진 대조 1차 교정본,212,"00:11:28,170 --> 00:11:29,750",1.58,왠지 기분 좋아 보여요…,움직이는 게 능숙하시네요.,그 투명한…,반응형,,0.03,,,25.0,90.0,50.0,78.0,75.0,0.52615,0.0,66.0,0.0,0.0,0.612,왠지 기분 좋아 보여요...,왠지 기분 좋아 보여요…,,37.16,T3,화자·문맥·자연스러움 집중 검토,,52.64900662251656,43.67,P3,말투·질문응답·가독성 위주 검토
ABF-338,사진 대조 1차 교정본,213,"00:11:30,770 --> 00:11:32,110",1.34,그 투명한…,왠지 기분 좋아 보여요…,투명한 모형이…,중립·혼합형,,0.03,,,25.0,90.0,50.0,78.0,75.0,0.46576,0.0,66.0,0.0,0.0,0.3975,그 투명한...,그 투명한…,,34.62,T4,구조검사 통과 시 유지,,41.639072847682115,37.57,P4,회귀검사 통과 시 유지
ABF-338,사진 대조 1차 교정본,214,"00:11:32,830 --> 00:11:34,010",1.18,투명한 모형이…,그 투명한…,뭔가 기분 좋아 보이네요.,중립·혼합형,,0.03,,,25.0,90.0,50.0,78.0,75.0,0.40571,0.0,66.0,0.0,0.0,0.6064,투명한 모형이...,투명한 모형이…,,32.1,T4,구조검사 통과 시 유지,,33.94039735099338,32.87,P4,회귀검사 통과 시 유지
ABF-338,사진 대조 1차 교정본,215,"00:11:34,010 --> 00:11:34,870",0.86,뭔가 기분 좋아 보이네요.,투명한 모형이…,"어, 정말요?",반응형,,0.01,,,25.0,90.0,50.0,78.0,75.0,0.52065,0.0,66.0,0.0,0.0,0.4663,안 입은 것처럼 보이네요.,속옷을 안 입은 것처럼 보이네요.,사진 장면 확인 및 한국어 번역투·ASR 오역 교정,36.93,T3,화자·문맥·자연스러움 집중 검토,,51.49006622516556,43.05,P3,말투·질문응답·가독성 위주 검토
ABF-338,사진 대조 1차 교정본,216,"00:11:35,110 --> 00:11:35,850",0.74,"어, 정말요?",뭔가 기분 좋아 보이네요.,기분 좋아 보였어요?,반응형,,0.01,,,25.0,90.0,50.0,78.0,75.0,0.30728,0.0,66.0,0.0,0.0,0.2782,"어, 뭐 좀 해 줘.",양치 좀 해 줘.,손상된 일본어 ASR + 타임스탬프 사진 + 앞뒤 문맥 추론,27.97,T4,구조검사 통과 시 유지,,20.281456953642383,24.74,P4,회귀검사 통과 시 유지
ABF-338,사진 대조 1차 교정본,217,"00:11:36,810 --> 00:11:37,830",1.02,기분 좋아 보였어요?,"어, 정말요?","네, 좋아 보였어요.",반응형,,0.01,,,25.0,90.0,50.0,78.0,75.0,0.34077,0.0,66.0,0.0,0.0,0.2746,기분 좋아.,"아, 좋아.",화면 영문 자막 대조,29.37,T4,구조검사 통과 시 유지,,24.503311258278146,27.33,P4,회귀검사 통과 시 유지
ABF-338,사진 대조 1차 교정본,218,"00:11:37,950 --> 00:11:38,670",0.72,"네, 좋아 보였어요.",기분 좋아 보였어요?,부끄러워요.,반응형,,0.05,,,25.0,90.0,50.0,78.0,75.0,0.40211,0.0,66.0,0.0,0.0,0.3131,"네, 네.",네.,불필요한 반복 제거,31.95,T4,구조검사 통과 시 유지,,33.11258278145696,32.44,P4,회귀검사 통과 시 유지
ABF-338,사진 대조 1차 교정본,219,"00:11:40,270 --> 00:11:41,030",0.76,부끄러워요.,"네, 좋아 보였어요.",부끄러워요?,중립·혼합형,,0.03,,,25.0,90.0,50.0,78.0,75.0,0.16603,0.0,66.0,0.0,0.0,0.4034,부끄러워...,부끄러워…,,22.03,T4,구조검사 통과 시 유지,,4.801324503311259,14.79,P4,회귀검사 통과 시 유지
ABF-338,사진 대조 1차 교정본,220,"00:11:41,030 --> 00:11:41,970",0.94,부끄러워요?,부끄러워요.,네.,중립·혼합형,,0.03,,,25.0,90.0,50.0,78.0,75.0,0.24231,0.0,66.0,0.0,0.0,0.3844,부끄러워...,부끄러워…,,25.24,T4,구조검사 통과 시 유지,,13.410596026490065,20.27,P4,회귀검사 통과 시 유지
ABF-338,사진 대조 1차 교정본,221,"00:11:42,190 --> 00:11:42,410",0.22,네.,부끄러워요?,이제 앞으로 돌아봐도 될까요?,반말형,,0.01,,,25.0,90.0,50.0,78.0,75.0,0.07233,6.48,66.0,0.0,18.0,0.704,"네, 네.",네.,불필요한 반복 제거,20.7,T4,구조검사 통과 시 유지,formality_shift,1.9867549668874174,12.84,P4,회귀검사 통과 시 유지
ABF-338,사진 대조 1차 교정본,222,"00:11:46,680 --> 00:11:48,160",1.48,이제 앞으로 돌아봐도 될까요?,네.,안 돼요.,반응형,,0.02,,,25.0,90.0,50.0,78.0,75.0,0.47989,0.0,66.0,0.0,18.0,0.2779,역시 앞으로 뻗게 해줘.,역시 앞으로 뻗게 해 줘.,,36.66,T3,화자·문맥·자연스러움 집중 검토,formality_shift,50.579470198675494,42.51,P3,말투·질문응답·가독성 위주 검토
ABF-338,사진 대조 1차 교정본,223,"00:11:49,020 --> 00:11:49,680",0.66,안 돼요.,이제 앞으로 돌아봐도 될까요?,안 돼요?,중립·혼합형,,0.02,,,25.0,90.0,50.0,78.0,75.0,0.17422,0.0,66.0,0.0,0.0,0.6095,"아, 유두는 안 돼요.","아, 젖꼭지는 안 돼요.",,22.38,T4,구조검사 통과 시 유지,,5.298013245033113,15.21,P4,회귀검사 통과 시 유지
ABF-338,사진 대조 1차 교정본,224,"00:11:49,780 --> 00:11:50,980",1.2,안 돼요?,안 돼요.,"아, 괜찮아요.",중립·혼합형,,0.02,,,25.0,90.0,50.0,78.0,75.0,0.23776,0.0,66.0,0.0,0.0,0.5904,말해도 돼요?,이제 해도 돼요?,타임스탬프 사진과 앞뒤 장면으로 대사 기능 복원,25.05,T4,구조검사 통과 시 유지,,12.417218543046356,19.74,P4,회귀검사 통과 시 유지
ABF-338,사진 대조 1차 교정본,225,"00:11:53,000 --> 00:11:53,980",0.98,"아, 괜찮아요.",안 돼요?,괜찮아요?,반응형,,0.0,,,25.0,90.0,50.0,78.0,75.0,0.28431,4.63,66.0,0.0,0.0,0.6886,말해도 괜찮아요.,"괜찮아, 계속해.",일본어 원문 대조 + 자연스러운 한국어 대사 교정,27.84,T4,구조검사 통과 시 유지,,20.033112582781456,24.56,P4,회귀검사 통과 시 유지
ABF-338,사진 대조 1차 교정본,226,"00:11:54,120 --> 00:11:54,340",0.22,괜찮아요?,"아, 괜찮아요.",감사합니다.,반응형,,0.02,,,25.0,90.0,50.0,78.0,75.0,0.20459,0.0,66.0,43.64,0.0,0.511,빨아 줬으면 좋겠는데… 괜찮아요?,거기 좋아… 그대로 해 줘.,손상된 일본어 ASR + 타임스탬프 사진 + 앞뒤 문맥 추론,28.02,T4,구조검사 통과 시 유지,high_cps,20.695364238410598,24.94,P4,회귀검사 통과 시 유지
ABF-338,사진 대조 1차 교정본,227,"00:11:55,740 --> 00:11:56,180",0.44,감사합니다.,괜찮아요?,거긴 위험하니 잠깐만요.,존댓말형,,0.04,,,25.0,90.0,50.0,78.0,75.0,0.39649,42.0,66.0,0.0,18.0,1.0,감사합니다.,고마워요.,타임스탬프 사진과 앞뒤 장면으로 대사 기능 복원,40.71,T3,화자·문맥·자연스러움 집중 검토,formality_shift,65.56291390728477,51.15,P3,말투·질문응답·가독성 위주 검토
ABF-338,사진 대조 1차 교정본,228,"00:11:58,320 --> 00:12:00,120",1.8,거긴 위험하니 잠깐만요.,감사합니다.,"뒤로, 뒤로요.",반응형,,0.02,,,25.0,90.0,50.0,78.0,75.0,0.79399,0.0,66.0,0.0,0.0,0.5339,잠깐만요.,조금만 기다려.,일본어 원문 대조 + 자연스러운 한국어 대사 교정,48.41,T3,화자·문맥·자연스러움 집중 검토,,88.24503311258279,65.14,P2,앞뒤 5블록·사진·오류 기억을 함께 검토
ABF-338,사진 대조 1차 교정본,229,"00:13:20,660 --> 00:13:24,720",4.06,"뒤로, 뒤로요.",거긴 위험하니 잠깐만요.,뒤로.,중립·혼합형,,0.04,,,25.0,90.0,50.0,78.0,75.0,0.73006,0.0,66.0,0.0,0.0,0.1657,좀 더 뒤로 향하게 해봐.,좀 더 뒤로 향하게 해 봐.,,45.72,T3,화자·문맥·자연스러움 집중 검토,,81.62251655629139,60.8,P2,앞뒤 5블록·사진·오류 기억을 함께 검토
ABF-338,사진 대조 1차 교정본,230,"00:13:24,720 --> 00:13:25,520",0.8,뒤로.,"뒤로, 뒤로요.",조금 더 뒤로.,중립·혼합형,,0.02,,,25.0,90.0,50.0,78.0,75.0,0.35148,0.0,66.0,0.0,0.0,0.1617,좀 더 뒤로 향하게 해봐.,좀 더 뒤로 향하게 해 봐.,,29.82,T4,구조검사 통과 시 유지,,25.33112582781457,27.93,P4,회귀검사 통과 시 유지
ABF-338,사진 대조 1차 교정본,231,"00:13:25,800 --> 00:13:36,480",10.68,조금 더 뒤로.,뒤로.,"엉덩이 구멍이 보여서 부끄러워요.
정말 너무 부끄러워요.",중립·혼합형,,0.0,,,25.0,90.0,50.0,78.0,75.0,0.66582,0.0,66.0,0.0,0.0,0.2813,이대로 조금 더 해 주세요.,그대로 조금 더 해 줘.,손상된 일본어 ASR + 타임스탬프 사진 + 앞뒤 문맥 추론,43.02,T3,화자·문맥·자연스러움 집중 검토,,74.17218543046357,56.1,P3,말투·질문응답·가독성 위주 검토
ABF-338,사진 대조 1차 교정본,232,"00:14:19,940 --> 00:14:26,560",6.62,"엉덩이 구멍이 보여서 부끄러워요.
정말 너무 부끄러워요.",조금 더 뒤로.,엉덩이가 움찔거리고 있어요. 진짜 부끄러워요.,중립·혼합형,,0.04,,,25.0,90.0,50.0,78.0,79.0,0.86044,0.0,66.0,0.0,0.0,0.3052,부끄러워...,부끄러워…,,51.44,T3,화자·문맥·자연스러움 집중 검토,,96.19205298013244,70.24,P2,앞뒤 5블록·사진·오류 기억을 함께 검토
ABF-338,사진 대조 1차 교정본,233,"00:15:04,860 --> 00:15:10,840",5.98,엉덩이가 움찔거리고 있어요. 진짜 부끄러워요.,"엉덩이 구멍이 보여서 부끄러워요.
정말 너무 부끄러워요.",영차.,반응형,,0.04,,,25.0,90.0,50.0,78.0,79.0,0.95934,0.0,66.0,0.0,0.0,0.5194,계속 움찔거리고 있어.,계속 움찔거리고 있네.,일본어 원문 대조 + 자연스러운 한국어 대사 교정,55.59,T3,화자·문맥·자연스러움 집중 검토,,98.84105960264901,73.76,P1,장면 패킷을 열고 후보 3개를 생성해 반증 검토
ABF-338,사진 대조 1차 교정본,234,"00:19:18,010 --> 00:19:20,530",2.52,영차.,엉덩이가 움찔거리고 있어요. 진짜 부끄러워요.,뭐예요?,중립·혼합형,,0.01,,,25.0,90.0,50.0,78.0,75.0,0.46171,42.0,66.0,0.0,0.0,1.0,영차.,자.,타임스탬프 사진과 앞뒤 장면으로 대사 기능 복원,42.01,T3,화자·문맥·자연스러움 집중 검토,,71.8543046357616,54.54,P3,말투·질문응답·가독성 위주 검토
ABF-338,사진 대조 1차 교정본,235,"00:19:21,410 --> 00:19:21,710",0.3,뭐예요?,영차.,또 그러네요.,존댓말형,,0.01,,,25.0,90.0,50.0,78.0,75.0,0.21154,0.0,66.0,0.0,18.0,0.1589,몇 킬로 정도예요? 시속.,시속 몇 킬로쯤이에요?,일본어 원문 대조 + 자연스러운 한국어 대사 교정,25.38,T4,구조검사 통과 시 유지,formality_shift,14.072847682119205,20.63,P4,회귀검사 통과 시 유지
ABF-338,사진 대조 1차 교정본,236,"00:19:25,400 --> 00:19:27,380",1.98,또 그러네요.,뭐예요?,역시 그렇죠?,반말형,,0.0,,,25.0,90.0,50.0,78.0,75.0,0.3077,0.0,66.0,0.0,18.0,0.1631,또 만나요.,[불명],,29.42,T4,구조검사 통과 시 유지,formality_shift,24.668874172185433,27.42,P4,회귀검사 통과 시 유지
ABF-338,사진 대조 1차 교정본,237,"00:19:27,380 --> 00:19:27,700",0.32,역시 그렇죠?,또 그러네요.,완전 새빨개졌어요.,중립·혼합형,,0.02,,,25.0,90.0,50.0,78.0,75.0,0.34594,0.0,66.0,25.0,0.0,0.2426,역시 움직여 줄게.,이제 움직여 줄게.,사진 장면 확인 및 한국어 번역투·ASR 오역 교정,32.09,T4,구조검사 통과 시 유지,borderline_cps,33.69205298013245,32.76,P4,회귀검사 통과 시 유지
ABF-338,사진 대조 1차 교정본,238,"00:19:27,700 --> 00:19:35,230",7.53,완전 새빨개졌어요.,역시 그렇죠?,영차.,반응형,,0.0,,,25.0,90.0,50.0,78.0,75.0,0.50532,0.0,66.0,0.0,0.0,0.2327,완전 초보.,입 벌려.,손상된 일본어 ASR + 타임스탬프 사진 + 앞뒤 문맥 추론,36.28,T3,화자·문맥·자연스러움 집중 검토,,49.337748344370866,41.76,P3,말투·질문응답·가독성 위주 검토
ABF-338,사진 대조 1차 교정본,239,"00:19:35,570 --> 00:19:36,630",1.06,영차.,완전 새빨개졌어요.,그렇죠.,중립·혼합형,,0.03,,,25.0,90.0,50.0,78.0,75.0,0.28568,42.0,66.0,0.0,0.0,1.0,영차.,자.,타임스탬프 사진과 앞뒤 장면으로 대사 기능 복원,34.62,T4,구조검사 통과 시 유지,,41.639072847682115,37.57,P4,회귀검사 통과 시 유지
ABF-338,사진 대조 1차 교정본,240,"00:19:36,790 --> 00:19:38,970",2.18,그렇죠.,영차.,안녕하세요.,중립·혼합형,,0.01,,,25.0,90.0,50.0,78.0,75.0,0.28724,0.0,66.0,0.0,0.0,0.1115,그렇군요.,네…,타임스탬프 사진과 장면 흐름으로 명백한 오인식 교정,27.12,T4,구조검사 통과 시 유지,,17.632450331125828,23.14,P4,회귀검사 통과 시 유지
ABF-338,사진 대조 1차 교정본,241,"00:19:38,970 --> 00:19:44,760",5.79,안녕하세요.,그렇죠.,네.,존댓말형,,0.03,,,25.0,90.0,50.0,78.0,75.0,0.2812,0.0,66.0,0.0,18.0,0.5365,"아, 안녕하세요. 정말 아름다운 분이 와 주셨네요.","아, 안녕하세요. 정말 아름다운 분이 오셨네요.",첫 만남 대사 자연화,28.31,T4,구조검사 통과 시 유지,formality_shift,21.192052980132452,25.32,P4,회귀검사 통과 시 유지
ABF-338,사진 대조 1차 교정본,242,"00:19:47,500 --> 00:19:48,200",0.7,네.,안녕하세요.,아하하.,반말형,,0.0,,,25.0,90.0,50.0,78.0,75.0,0.08582,6.48,66.0,0.0,18.0,0.704,"네, 네.",네.,불필요한 반복 제거,21.27,T4,구조검사 통과 시 유지,formality_shift,2.814569536423841,13.52,P4,회귀검사 통과 시 유지
ABF-338,사진 대조 1차 교정본,243,"00:19:48,700 --> 00:19:50,920",2.22,아하하.,네.,음…,반응형,,0.0,,,25.0,90.0,50.0,78.0,75.0,0.17393,0.0,66.0,0.0,0.0,0.0418,"아, 아, 아, 아, 아, 아, 아,","아, 아, 아, 아, 아, 아, 아",,22.37,T4,구조검사 통과 시 유지,,5.132450331125828,15.13,P4,회귀검사 통과 시 유지
ABF-338,사진 대조 1차 교정본,244,"00:19:53,660 --> 00:19:55,840",2.18,음…,아하하.,후후.,중립·혼합형,,0.04,,,25.0,90.0,50.0,78.0,75.0,0.19809,0.0,66.0,0.0,0.0,0.1126,음...,음…,,23.38,T4,구조검사 통과 시 유지,,8.112582781456954,16.97,P4,회귀검사 통과 시 유지
ABF-338,사진 대조 1차 교정본,245,"00:19:57,080 --> 00:19:57,620",0.54,후후.,음…,후후.,중립·혼합형,,0.02,,,25.0,90.0,50.0,78.0,75.0,0.24297,0.0,66.0,0.0,0.0,0.2193,"후후후, 어서 와.","후후후, 차가워!",손상된 일본어 ASR + 타임스탬프 사진 + 앞뒤 문맥 추론,25.26,T4,구조검사 통과 시 유지,,13.57615894039735,20.35,P4,회귀검사 통과 시 유지
ABF-338,사진 대조 1차 교정본,246,"00:19:59,280 --> 00:20:02,280",3.0,후후.,후후.,아하하.,중립·혼합형,,0.02,,,25.0,90.0,50.0,78.0,75.0,0.32451,0.0,66.0,0.0,0.0,0.2193,"후후후, 어서 와.","후후후, 차가워!",손상된 일본어 ASR + 타임스탬프 사진 + 앞뒤 문맥 추론,28.69,T4,구조검사 통과 시 유지,,22.516556291390728,26.1,P4,회귀검사 통과 시 유지
ABF-338,사진 대조 1차 교정본,247,"00:20:15,270 --> 00:20:16,750",1.48,아하하.,후후.,후후.,반응형,,0.03,,,25.0,90.0,50.0,78.0,75.0,0.44447,0.0,66.0,0.0,0.0,0.0418,"아, 아, 아, 아, 아, 아, 아,","아, 아, 아, 아, 아, 아, 아",,33.73,T4,구조검사 통과 시 유지,,38.24503311258278,35.63,P4,회귀검사 통과 시 유지
ABF-338,사진 대조 1차 교정본,248,"00:21:57,050 --> 00:21:57,750",0.7,후후.,아하하.,괜찮아요.,중립·혼합형,,0.05,,,25.0,90.0,50.0,78.0,75.0,0.45795,0.0,66.0,0.0,0.0,0.2193,"후후후, 어서 와.","후후후, 차가워!",손상된 일본어 ASR + 타임스탬프 사진 + 앞뒤 문맥 추론,34.29,T4,구조검사 통과 시 유지,,40.562913907284766,36.92,P4,회귀검사 통과 시 유지
ABF-338,사진 대조 1차 교정본,249,"00:23:08,270 --> 00:23:10,610",2.34,괜찮아요.,후후.,두 번째 자세로 다시 해 주세요.,반응형,,0.03,,,25.0,90.0,50.0,78.0,75.0,0.45727,11.04,66.0,0.0,0.0,0.742,말해도 괜찮아요.,"괜찮아, 계속해.",일본어 원문 대조 + 자연스러운 한국어 대사 교정,36.25,T3,화자·문맥·자연스러움 집중 검토,,48.841059602649004,41.54,P3,말투·질문응답·가독성 위주 검토
ABF-338,사진 대조 1차 교정본,250,"00:23:10,610 --> 00:23:33,370",22.76,두 번째 자세로 다시 해 주세요.,괜찮아요.,허리를 작게 원을 그리듯 돌려 보세요.,중립·혼합형,,0.01,사진 속 자세 전환에 맞게 간결화,높음,58.0,96.0,50.0,78.0,42.0,0.81046,41.97,22.0,0.0,0.0,0.7997,두 번째 자세로 다시 돌아가 주세요.,두 번째 자세로 다시 해 주세요.,사진 속 자세 전환에 맞게 간결화,34.3,T4,구조검사 통과 시 유지,meta_hallucination,40.728476821192054,37.0,P4,회귀검사 통과 시 유지
ABF-338,사진 대조 1차 교정본,251,"00:23:40,690 --> 00:23:43,130",2.44,허리를 작게 원을 그리듯 돌려 보세요.,두 번째 자세로 다시 해 주세요.,"오, 오…",존댓말형,,0.01,,,25.0,90.0,50.0,78.0,75.0,0.86582,0.0,66.0,0.0,0.0,0.3928,몸을 돌려 보세요...,몸을 돌려 보세요…,,51.42,T3,화자·문맥·자연스러움 집중 검토,,96.02649006622516,70.15,P2,앞뒤 5블록·사진·오류 기억을 함께 검토
ABF-338,사진 대조 1차 교정본,252,"00:23:43,950 --> 00:23:46,370",2.42,"오, 오…",허리를 작게 원을 그리듯 돌려 보세요.,조금 더 천천히…,중립·혼합형,,0.05,,,25.0,90.0,50.0,78.0,75.0,0.5319,0.0,66.0,0.0,0.0,0.5336,"오, 오, 오...","오, 오, 오…",,37.4,T3,화자·문맥·자연스러움 집중 검토,,53.64238410596026,44.22,P3,말투·질문응답·가독성 위주 검토
ABF-338,사진 대조 1차 교정본,253,"00:23:47,930 --> 00:23:51,590",3.66,조금 더 천천히…,"오, 오…",남은 끈을 빼 볼게요.,중립·혼합형,,0.03,,,25.0,90.0,50.0,78.0,75.0,0.8085,0.0,66.0,0.0,0.0,0.4266,조금 더 천천히...,조금 더 천천히…,,49.02,T3,화자·문맥·자연스러움 집중 검토,,91.30794701986756,66.78,P2,앞뒤 5블록·사진·오류 기억을 함께 검토
ABF-338,사진 대조 1차 교정본,254,"00:23:57,630 --> 00:24:00,250",2.62,남은 끈을 빼 볼게요.,조금 더 천천히…,나머지도 정리하고 끈을 뺄게요.,중립·혼합형,,0.03,,,25.0,90.0,50.0,78.0,79.0,0.90724,0.0,66.0,0.0,0.0,0.3433,"자, 우선 움직여 볼게요.","자, 우선 먹어 볼게요.",타임스탬프 사진과 앞뒤 장면으로 대사 기능 복원,53.4,T3,화자·문맥·자연스러움 집중 검토,,97.68211920529801,72.0,P2,앞뒤 5블록·사진·오류 기억을 함께 검토
ABF-338,사진 대조 1차 교정본,255,"00:24:04,790 --> 00:24:07,130",2.34,나머지도 정리하고 끈을 뺄게요.,남은 끈을 빼 볼게요.,오른쪽 아래 끈도 뺄게요.,반말형,,0.01,,,25.0,90.0,50.0,78.0,75.0,0.8199,7.84,66.0,0.0,0.0,0.7153,나머지도 정리하고 끈을 빼겠습니다.,나머지도 정리하고 끈을 뺄게요.,,50.91,T3,화자·문맥·자연스러움 집중 검토,,95.19867549668875,69.51,P2,앞뒤 5블록·사진·오류 기억을 함께 검토
ABF-338,사진 대조 1차 교정본,256,"00:24:12,590 --> 00:24:13,890",1.3,오른쪽 아래 끈도 뺄게요.,나머지도 정리하고 끈을 뺄게요.,조금 해 봤어요.,반응형,,0.01,,,25.0,90.0,50.0,78.0,75.0,0.76936,0.0,66.0,0.0,0.0,0.5089,오른쪽 아래쪽 끈도 빼겠습니다.,오른쪽 아래 끈도 뺄게요.,,47.37,T3,화자·문맥·자연스러움 집중 검토,,85.59602649006622,63.42,P2,앞뒤 5블록·사진·오류 기억을 함께 검토
ABF-338,사진 대조 1차 교정본,257,"00:25:01,890 --> 00:25:03,530",1.64,조금 해 봤어요.,오른쪽 아래 끈도 뺄게요.,이런 식으로 만지는 거예요.,반응형,,0.01,,,25.0,90.0,50.0,78.0,75.0,0.58697,0.0,66.0,0.0,0.0,0.3249,조금 쉬어요.,잠깐만요.,,39.71,T3,화자·문맥·자연스러움 집중 검토,,62.913907284768214,49.46,P3,말투·질문응답·가독성 위주 검토
ABF-338,사진 대조 1차 교정본,258,"00:25:18,870 --> 00:25:19,830",0.96,이런 식으로 만지는 거예요.,조금 해 봤어요.,서 버렸네요.,반응형,,0.03,,,25.0,90.0,50.0,78.0,75.0,0.60987,0.0,66.0,0.0,0.0,0.3459,이런 식으로...,이런 식으로…,,40.67,T3,화자·문맥·자연스러움 집중 검토,,65.39735099337747,51.06,P3,말투·질문응답·가독성 위주 검토
ABF-338,사진 대조 1차 교정본,259,"00:25:25,710 --> 00:25:27,230",1.52,서 버렸네요.,이런 식으로 만지는 거예요.,기분 좋아요.,반말형,,0.01,,,25.0,90.0,50.0,78.0,75.0,0.40547,0.0,66.0,0.0,0.0,0.2383,또 무직이 돼 버렸네.,또 갈 것 같아…,타임스탬프 사진으로 장면 불일치 확인 후 재복원,32.09,T4,구조검사 통과 시 유지,,33.69205298013245,32.76,P4,회귀검사 통과 시 유지
ABF-338,사진 대조 1차 교정본,260,"00:25:33,860 --> 00:26:06,010",32.15,기분 좋아요.,서 버렸네요.,기분 좋아요.,반응형,,0.04,,,25.0,90.0,50.0,78.0,75.0,0.44298,42.0,66.0,0.0,0.0,1.0,기분 좋아요.,"아, 좋아요.",화면 영문 자막 대조,41.23,T3,화자·문맥·자연스러움 집중 검토,,68.21192052980133,52.56,P3,말투·질문응답·가독성 위주 검토
ABF-338,사진 대조 1차 교정본,261,"00:26:06,190 --> 00:26:07,150",0.96,기분 좋아요.,기분 좋아요.,아…,반응형,,0.01,,,25.0,90.0,50.0,78.0,75.0,0.43719,42.0,66.0,0.0,0.0,1.0,기분 좋아요.,"아, 좋아요.",화면 영문 자막 대조,40.98,T3,화자·문맥·자연스러움 집중 검토,,67.3841059602649,52.07,P3,말투·질문응답·가독성 위주 검토
ABF-338,사진 대조 1차 교정본,262,"00:26:10,530 --> 00:26:36,360",25.83,아…,기분 좋아요.,어…,반응형,,0.03,,,25.0,90.0,50.0,78.0,75.0,0.97415,13.09,66.0,25.0,0.0,0.7591,"싫어, 아… 아… 아…",싫어… 아… 아…,일본어 원문 대조 + 자연스러운 한국어 대사 교정,60.83,T2,후보 3개 생성 후 증거 기반 판정,long_duration_short_text,100.0,77.28,P1,장면 패킷을 열고 후보 3개를 생성해 반증 검토
ABF-338,사진 대조 1차 교정본,263,"00:26:39,980 --> 00:26:42,280",2.3,어…,아…,"아, 미치겠어, 진짜.",반응형,,0.02,,,25.0,90.0,50.0,78.0,75.0,0.16026,0.0,66.0,0.0,0.0,0.259,나왔어…,"아, 물 나왔어…",,21.79,T4,구조검사 통과 시 유지,,4.304635761589404,14.45,P4,회귀검사 통과 시 유지
ABF-338,사진 대조 1차 교정본,264,"00:26:42,280 --> 00:26:46,530",4.25,"아, 미치겠어, 진짜.",어…,허리가 아파요.,반응형,,0.02,,,25.0,90.0,50.0,78.0,75.0,0.5042,0.0,66.0,0.0,0.0,0.2735,"아, 아, 아, 아, 아, 아, 아,","아, 아, 아, 아, 아, 아, 아",,36.24,T3,화자·문맥·자연스러움 집중 검토,,48.675496688741724,41.46,P3,말투·질문응답·가독성 위주 검토
ABF-338,사진 대조 1차 교정본,265,"00:26:46,610 --> 00:26:47,130",0.52,허리가 아파요.,"아, 미치겠어, 진짜.",핥아 볼까?,반응형,,0.01,,,25.0,90.0,50.0,78.0,75.0,0.48706,0.0,66.0,0.0,0.0,0.5647,배가 다시 아파요. 너무 조이고 아파요.,너무 깊어서 아파요…,타임스탬프 사진과 장면 흐름으로 명백한 오인식 교정,35.52,T3,화자·문맥·자연스러움 집중 검토,,45.6953642384106,39.79,P4,회귀검사 통과 시 유지
ABF-338,사진 대조 1차 교정본,266,"00:26:50,810 --> 00:26:51,650",0.84,핥아 볼까?,허리가 아파요.,네?,반응형,,0.01,,,25.0,90.0,50.0,78.0,79.0,0.67905,0.0,66.0,0.0,0.0,0.323,빨리 핥아 봐.,빨리 핥아 줘.,화자 말투 자연화,43.82,T3,화자·문맥·자연스러움 집중 검토,,76.65562913907284,57.61,P3,말투·질문응답·가독성 위주 검토
ABF-338,사진 대조 1차 교정본,267,"00:26:56,460 --> 00:26:56,560",0.1,네?,핥아 볼까?,핥아 줄까?,반말형,,0.04,,,25.0,90.0,50.0,78.0,75.0,0.37839,0.0,66.0,30.0,0.0,0.2791,진짜네?,진짜?,일본어 원문 대조 + 자연스러운 한국어 대사 교정,33.95,T4,구조검사 통과 시 유지,high_cps,38.99006622516556,36.07,P4,회귀검사 통과 시 유지
ABF-338,사진 대조 1차 교정본,268,"00:26:57,240 --> 00:26:58,040",0.8,핥아 줄까?,네?,입으로 해 주셨으면 좋겠어요.,반응형,,0.04,,,25.0,90.0,50.0,78.0,79.0,0.67322,0.0,66.0,0.0,0.0,0.4918,여기서 뭘 보여 줄까?,뭘 보여 줄까?,손상된 일본어 ASR + 타임스탬프 사진 + 앞뒤 문맥 추론,43.58,T3,화자·문맥·자연스러움 집중 검토,,75.91059602649007,57.16,P3,말투·질문응답·가독성 위주 검토
ABF-338,사진 대조 1차 교정본,269,"00:26:59,940 --> 00:27:00,960",1.02,입으로 해 주셨으면 좋겠어요.,핥아 줄까?,으음…,반응형,,0.04,,,25.0,90.0,50.0,78.0,75.0,0.68664,0.0,66.0,0.0,0.0,0.3809,저는 핥아 주셨으면 해서.,계속 핥아 줬으면 해요.,사진 장면 확인 및 한국어 번역투·ASR 오역 교정,43.9,T3,화자·문맥·자연스러움 집중 검토,,76.82119205298014,57.73,P3,말투·질문응답·가독성 위주 검토
ABF-338,사진 대조 1차 교정본,270,"00:27:04,720 --> 00:27:21,700",16.98,으음…,입으로 해 주셨으면 좋겠어요.,잠깐만요.,반응형,,0.02,,,25.0,90.0,50.0,78.0,75.0,0.33763,0.0,66.0,0.0,0.0,0.2655,"으음, 으음...","으음, 으음…",,29.24,T4,구조검사 통과 시 유지,,23.923841059602648,27.01,P4,회귀검사 통과 시 유지
ABF-338,사진 대조 1차 교정본,271,"00:27:23,280 --> 00:27:25,720",2.44,잠깐만요.,으음…,장난 아니네요.,반응형,,0.02,,,25.0,90.0,50.0,78.0,75.0,0.43416,42.0,66.0,0.0,0.0,1.0,잠깐만요.,조금만 기다려.,일본어 원문 대조 + 자연스러운 한국어 대사 교정,40.85,T3,화자·문맥·자연스러움 집중 검토,,66.47350993377484,51.61,P3,말투·질문응답·가독성 위주 검토
ABF-338,사진 대조 1차 교정본,272,"00:28:35,940 --> 00:28:36,620",0.68,장난 아니네요.,잠깐만요.,넣어 볼까?,반응형,,0.04,,,25.0,90.0,50.0,78.0,75.0,0.6933,0.0,66.0,0.0,0.0,0.4534,장난 아니네~.,장난 아니네…,,44.18,T3,화자·문맥·자연스러움 집중 검토,,77.64900662251655,58.24,P2,앞뒤 5블록·사진·오류 기억을 함께 검토
ABF-338,사진 대조 1차 교정본,273,"00:28:52,120 --> 00:28:55,980",3.86,넣어 볼까?,장난 아니네요.,들어가는 걸 보고 싶어?,반응형,,0.02,,,25.0,90.0,50.0,78.0,79.0,0.56772,0.0,66.0,0.0,0.0,0.2927,입에 넣어 봐...,입에 넣어 봐…,,39.14,T3,화자·문맥·자연스러움 집중 검토,,60.43046357615894,48.08,P3,말투·질문응답·가독성 위주 검토
ABF-338,사진 대조 1차 교정본,274,"00:28:58,000 --> 00:28:59,100",1.1,들어가는 걸 보고 싶어?,넣어 볼까?,보고 싶다면 넣어 줄게.,반응형,,0.0,,,25.0,90.0,50.0,78.0,75.0,0.62355,0.0,66.0,0.0,0.0,0.4049,안으로 들어가는 곳...,안으로 들어가는 곳…,,41.25,T3,화자·문맥·자연스러움 집중 검토,,68.54304635761589,52.71,P3,말투·질문응답·가독성 위주 검토
ABF-338,사진 대조 1차 교정본,275,"00:29:01,360 --> 00:29:02,820",1.46,보고 싶다면 넣어 줄게.,들어가는 걸 보고 싶어?,저기요!,반응형,,0.04,,,25.0,90.0,50.0,78.0,79.0,0.78491,0.0,66.0,0.0,0.0,0.3418,내가 잡아 줄게.,목욕하면서…,일본어 원문 + 타임스탬프 사진 + 장면 연속성,48.27,T3,화자·문맥·자연스러움 집중 검토,,88.0794701986755,64.99,P2,앞뒤 5블록·사진·오류 기억을 함께 검토
ABF-338,사진 대조 1차 교정본,276,"00:29:03,000 --> 00:29:03,780",0.78,저기요!,보고 싶다면 넣어 줄게.,자꾸 어디를 봐야 할지 신경 쓰여요.,중립·혼합형,,0.0,,,25.0,90.0,50.0,78.0,75.0,0.2465,0.0,66.0,0.0,0.0,0.163,어서요!,가요!,화면 영문 자막 대조,25.41,T4,구조검사 통과 시 유지,,14.403973509933774,20.79,P4,회귀검사 통과 시 유지
ABF-338,사진 대조 1차 교정본,277,"00:29:16,310 --> 00:29:18,990",2.68,자꾸 어디를 봐야 할지 신경 쓰여요.,저기요!,아까 쓰던 모형과는 다르지?,반말형,,0.01,,,25.0,90.0,50.0,78.0,75.0,0.79884,0.0,66.0,0.0,0.0,0.1434,왜 자꾸 이러는 거예요…?,왜 자꾸 그러는 거예요…?,손상된 일본어 ASR + 타임스탬프 사진 + 앞뒤 문맥 추론,48.61,T3,화자·문맥·자연스러움 집중 검토,,89.40397350993378,65.74,P2,앞뒤 5블록·사진·오류 기억을 함께 검토
ABF-338,사진 대조 1차 교정본,278,"00:29:35,400 --> 00:29:36,660",1.26,아까 쓰던 모형과는 다르지?,자꾸 어디를 봐야 할지 신경 쓰여요.,완전히 달라요!,반응형,,0.0,,,25.0,90.0,50.0,78.0,75.0,0.73988,0.0,66.0,0.0,0.0,0.1466,아까 전혀 안 나왔잖아.,아까 거의 안 나왔잖아.,사진 장면 확인 및 한국어 번역투·ASR 오역 교정,46.13,T3,화자·문맥·자연스러움 집중 검토,,83.11258278145695,61.66,P2,앞뒤 5블록·사진·오류 기억을 함께 검토
ABF-338,사진 대조 1차 교정본,279,"00:29:37,280 --> 00:29:38,180",0.9,완전히 달라요!,아까 쓰던 모형과는 다르지?,완전히 달라?,중립·혼합형,,0.02,,,25.0,90.0,50.0,78.0,75.0,0.35292,0.0,66.0,0.0,0.0,0.3152,완전히 해방되어 버려.,그대로 가 버려.,,29.88,T4,구조검사 통과 시 유지,,25.496688741721858,28.04,P4,회귀검사 통과 시 유지
ABF-338,사진 대조 1차 교정본,280,"00:29:38,180 --> 00:29:39,240",1.06,완전히 달라?,완전히 달라요!,기쁘네요.,중립·혼합형,,0.02,,,25.0,90.0,50.0,78.0,75.0,0.54867,0.0,66.0,0.0,0.0,0.3512,완전히 해방되어 버려.,그대로 가 버려.,,38.1,T3,화자·문맥·자연스러움 집중 검토,,56.539735099337754,45.84,P3,말투·질문응답·가독성 위주 검토
ABF-338,사진 대조 1차 교정본,281,"00:29:58,560 --> 00:29:59,360",0.8,기쁘네요.,완전히 달라?,움직임이 꽤 야하네.,반말형,,0.04,,,25.0,90.0,50.0,78.0,75.0,0.32933,0.0,66.0,0.0,0.0,0.4193,기쁘네.,좋아.,일본어 원문 대조 + 자연스러운 한국어 대사 교정,28.89,T4,구조검사 통과 시 유지,,22.8476821192053,26.35,P4,회귀검사 통과 시 유지
ABF-338,사진 대조 1차 교정본,282,"00:30:04,040 --> 00:30:08,140",4.1,움직임이 꽤 야하네.,기쁘네요.,지금 어디에 닿게 하고 있어?,반말형,,0.04,,,25.0,90.0,50.0,78.0,79.0,0.69777,1.01,66.0,0.0,0.0,0.6584,야하네.,여긴 지저분하네.,화면 영문 자막 대조,44.79,T3,화자·문맥·자연스러움 집중 검토,,78.8907284768212,59.11,P2,앞뒤 5블록·사진·오류 기억을 함께 검토
ABF-338,사진 대조 1차 교정본,283,"00:30:10,020 --> 00:30:11,480",1.46,지금 어디에 닿게 하고 있어?,움직임이 꽤 야하네.,거기요? 안쪽 깊은 곳을 꾹꾹 누르고 있어요.,반응형,,0.02,,,25.0,90.0,50.0,78.0,75.0,0.54932,0.0,66.0,0.0,0.0,0.3302,자고 있어?,땀나?,사진 장면 확인 및 한국어 번역투·ASR 오역 교정,38.13,T3,화자·문맥·자연스러움 집중 검토,,56.95364238410596,46.04,P3,말투·질문응답·가독성 위주 검토
ABF-338,사진 대조 1차 교정본,284,"00:30:13,880 --> 00:30:24,540",10.66,거기요? 안쪽 깊은 곳을 꾹꾹 누르고 있어요.,지금 어디에 닿게 하고 있어?,이건 어디에 닿고 있어?,중립·혼합형,,0.02,,,25.0,90.0,50.0,78.0,79.0,0.9014,0.0,66.0,0.0,0.0,0.1871,몸을 살짝 넣을 수 있어요.,조금만요.,,53.16,T3,화자·문맥·자연스러움 집중 검토,,97.51655629139073,71.79,P2,앞뒤 5블록·사진·오류 기억을 함께 검토
ABF-338,사진 대조 1차 교정본,285,"00:31:22,300 --> 00:31:23,520",1.22,이건 어디에 닿고 있어?,거기요? 안쪽 깊은 곳을 꾹꾹 누르고 있어요.,이거요?,반응형,,0.0,,,25.0,90.0,50.0,78.0,75.0,0.59334,0.0,66.0,0.0,0.0,0.3538,자고 있어?,땀나?,사진 장면 확인 및 한국어 번역투·ASR 오역 교정,39.98,T3,화자·문맥·자연스러움 집중 검토,,64.23841059602648,50.17,P3,말투·질문응답·가독성 위주 검토
ABF-338,사진 대조 1차 교정본,286,"00:31:24,280 --> 00:31:24,800",0.52,이거요?,이건 어디에 닿고 있어?,"아, 잠깐만요. 미치겠어요.",중립·혼합형,,0.02,,,25.0,90.0,50.0,78.0,75.0,0.35985,0.0,66.0,0.0,0.0,0.1249,"네, 이거.","네, 해 볼게요.",사진 장면 확인 및 한국어 번역투·ASR 오역 교정,30.17,T4,구조검사 통과 시 유지,,26.490066225165563,28.62,P4,회귀검사 통과 시 유지
ABF-338,사진 대조 1차 교정본,287,"00:31:27,800 --> 00:31:29,300",1.5,"아, 잠깐만요. 미치겠어요.",이거요?,안쪽 깊은 곳이요.,반응형,,0.0,,,25.0,90.0,50.0,78.0,75.0,0.67198,0.0,66.0,0.0,0.0,0.5962,잠깐만요.,조금만 기다려.,일본어 원문 대조 + 자연스러운 한국어 대사 교정,43.28,T3,화자·문맥·자연스러움 집중 검토,,74.66887417218543,56.46,P3,말투·질문응답·가독성 위주 검토
ABF-338,사진 대조 1차 교정본,288,"00:31:29,720 --> 00:31:30,180",0.46,안쪽 깊은 곳이요.,"아, 잠깐만요. 미치겠어요.","미안해요, 잠깐만요.",중립·혼합형,,0.02,,,25.0,90.0,50.0,78.0,79.0,0.81702,0.0,66.0,25.0,0.0,0.2082,그건 다리 안쪽 깊숙이.,안쪽 깊숙이 와.,부자연스러운 신체 표현을 자연화,52.11,T3,화자·문맥·자연스러움 집중 검토,borderline_cps,96.52317880794702,70.76,P2,앞뒤 5블록·사진·오류 기억을 함께 검토
ABF-338,사진 대조 1차 교정본,289,"00:31:32,080 --> 00:31:33,760",1.68,"미안해요, 잠깐만요.",안쪽 깊은 곳이요.,"아, 미치겠다. 너무 좋아.",반응형,,0.02,,,25.0,90.0,50.0,78.0,75.0,0.52461,0.0,66.0,0.0,0.0,0.611,잠깐만요.,조금만 기다려.,일본어 원문 대조 + 자연스러운 한국어 대사 교정,37.09,T3,화자·문맥·자연스러움 집중 검토,,52.152317880794705,43.42,P3,말투·질문응답·가독성 위주 검토
ABF-338,사진 대조 1차 교정본,290,"00:31:52,240 --> 00:31:53,980",1.74,"아, 미치겠다. 너무 좋아.","미안해요, 잠깐만요.","아, 기분 좋아요.",반응형,,0.04,,,25.0,90.0,50.0,78.0,75.0,0.64035,0.0,66.0,0.0,0.0,0.463,"아, 좋아.","아, 들어온다.",,41.95,T3,화자·문맥·자연스러움 집중 검토,,71.19205298013244,54.23,P3,말투·질문응답·가독성 위주 검토
ABF-338,사진 대조 1차 교정본,291,"00:31:56,200 --> 00:31:57,320",1.12,"아, 기분 좋아요.","아, 미치겠다. 너무 좋아.",몸을 눕힐 것 같아요.,반응형,,0.0,,,25.0,90.0,50.0,78.0,75.0,0.33976,30.3,66.0,0.0,0.0,0.9025,기분 좋아요.,"아, 좋아요.",화면 영문 자막 대조,34.78,T4,구조검사 통과 시 유지,,42.71523178807947,38.11,P4,회귀검사 통과 시 유지
ABF-338,사진 대조 1차 교정본,292,"00:32:01,510 --> 00:32:03,050",1.54,몸을 눕힐 것 같아요.,"아, 기분 좋아요.","미치겠어, 진짜.",반응형,,0.01,,,25.0,90.0,50.0,78.0,75.0,0.49287,0.0,66.0,0.0,0.0,0.4627,기쁠 것 같아요.,그러면 기쁠 것 같아요.,사진 장면 확인 및 한국어 번역투·ASR 오역 교정,35.76,T3,화자·문맥·자연스러움 집중 검토,,47.35099337748344,40.63,P3,말투·질문응답·가독성 위주 검토
ABF-338,사진 대조 1차 교정본,293,"00:32:04,570 --> 00:32:05,790",1.22,"미치겠어, 진짜.",몸을 눕힐 것 같아요.,이거 다 보이네요.,반응형,,0.03,,,25.0,90.0,50.0,78.0,75.0,0.37366,0.0,66.0,0.0,0.0,0.2752,진짜...,진짜…,,30.75,T4,구조검사 통과 시 유지,,28.47682119205298,29.8,P4,회귀검사 통과 시 유지
ABF-338,사진 대조 1차 교정본,294,"00:32:22,960 --> 00:32:24,040",1.08,이거 다 보이네요.,"미치겠어, 진짜.",훤히 보여요.,반말형,,0.04,,,25.0,90.0,50.0,78.0,75.0,0.46619,0.0,66.0,0.0,0.0,0.5244,안 입은 것처럼 보이네요.,속옷을 안 입은 것처럼 보이네요.,사진 장면 확인 및 한국어 번역투·ASR 오역 교정,34.64,T4,구조검사 통과 시 유지,,42.05298013245033,37.75,P4,회귀검사 통과 시 유지
ABF-338,사진 대조 1차 교정본,295,"00:32:24,560 --> 00:32:25,340",0.78,훤히 보여요.,이거 다 보이네요.,전부 보여요.,중립·혼합형,,0.04,,,25.0,90.0,50.0,78.0,75.0,0.37668,0.0,66.0,0.0,0.0,0.3547,왠지 기분 좋아 보여요...,왠지 기분 좋아 보여요…,,30.88,T4,구조검사 통과 시 유지,,28.807947019867548,30.01,P4,회귀검사 통과 시 유지
ABF-338,사진 대조 1차 교정본,296,"00:32:27,500 --> 00:32:28,420",0.92,전부 보여요.,훤히 보여요.,다 보이네요.,중립·혼합형,,0.0,,,25.0,90.0,50.0,78.0,75.0,0.39096,0.0,66.0,0.0,0.0,0.3647,왠지 기분 좋아 보여요...,왠지 기분 좋아 보여요…,,31.48,T4,구조검사 통과 시 유지,,30.960264900662253,31.26,P4,회귀검사 통과 시 유지
ABF-338,사진 대조 1차 교정본,297,"00:32:37,470 --> 00:32:38,350",0.88,다 보이네요.,전부 보여요.,완전히 보여요.,반말형,,0.03,,,25.0,90.0,50.0,78.0,75.0,0.47343,0.0,66.0,0.0,0.0,0.5913,안 입은 것처럼 보이네요.,속옷을 안 입은 것처럼 보이네요.,사진 장면 확인 및 한국어 번역투·ASR 오역 교정,34.94,T4,구조검사 통과 시 유지,,43.377483443708606,38.48,P4,회귀검사 통과 시 유지
ABF-338,사진 대조 1차 교정본,298,"00:33:14,840 --> 00:33:23,020",8.18,완전히 보여요.,다 보이네요.,장난 아니에요.,중립·혼합형,,0.04,,,25.0,90.0,50.0,78.0,75.0,0.53212,0.0,66.0,0.0,0.0,0.368,완전히 해방되어 버려.,그대로 가 버려.,,37.41,T3,화자·문맥·자연스러움 집중 검토,,53.890728476821195,44.33,P3,말투·질문응답·가독성 위주 검토
ABF-338,사진 대조 1차 교정본,299,"00:34:10,280 --> 00:34:11,860",1.58,장난 아니에요.,완전히 보여요.,"아, 움직일게요.",반응형,,0.02,,,25.0,90.0,50.0,78.0,75.0,0.52105,0.0,66.0,0.0,0.0,0.5383,"손이 아니라, 손은 아니에요.",손 말고 혀로 해 주세요.,사진 장면 확인 및 한국어 번역투·ASR 오역 교정,36.94,T3,화자·문맥·자연스러움 집중 검토,,51.65562913907284,43.12,P3,말투·질문응답·가독성 위주 검토
ABF-338,사진 대조 1차 교정본,300,"00:34:19,880 --> 00:34:21,840",1.96,"아, 움직일게요.",장난 아니에요.,으음.,반응형,,0.02,,,25.0,90.0,50.0,78.0,79.0,0.57387,0.0,66.0,0.0,0.0,0.2822,"아, 아, 아, 아, 아, 아, 아,","아, 아, 아, 아, 아, 아, 아",,39.4,T3,화자·문맥·자연스러움 집중 검토,,62.086092715231786,48.93,P3,말투·질문응답·가독성 위주 검토
ABF-338,사진 대조 1차 교정본,301,"00:34:21,840 --> 00:34:23,900",2.06,으음.,"아, 움직일게요.",으음.,반응형,,0.04,,,25.0,90.0,50.0,78.0,75.0,0.157,0.0,66.0,0.0,0.0,0.4834,으음...,으음…,,21.65,T4,구조검사 통과 시 유지,,3.9735099337748347,14.23,P4,회귀검사 통과 시 유지
ABF-338,사진 대조 1차 교정본,302,"00:34:24,660 --> 00:34:27,360",2.7,으음.,으음.,아래에서도 얼굴이 보이네요.,반응형,,0.04,,,25.0,90.0,50.0,78.0,75.0,0.21122,0.0,66.0,0.0,0.0,0.4834,으음...,으음…,,23.93,T4,구조검사 통과 시 유지,,9.105960264900661,17.7,P4,회귀검사 통과 시 유지
ABF-338,사진 대조 1차 교정본,303,"00:35:23,820 --> 00:35:32,740",8.92,아래에서도 얼굴이 보이네요.,으음.,"미안해요, 미안해요.",반응형,,0.02,,,25.0,90.0,50.0,78.0,75.0,0.57763,0.0,66.0,0.0,0.0,0.3327,안 입은 것처럼 보이네요.,속옷을 안 입은 것처럼 보이네요.,사진 장면 확인 및 한국어 번역투·ASR 오역 교정,39.32,T3,화자·문맥·자연스러움 집중 검토,,61.258278145695364,48.53,P3,말투·질문응답·가독성 위주 검토
ABF-338,사진 대조 1차 교정본,304,"00:36:04,730 --> 00:36:05,530",0.8,"미안해요, 미안해요.",아래에서도 얼굴이 보이네요.,이 침대에서 다시 볼게요.,반말형,,0.03,,,25.0,90.0,50.0,78.0,75.0,0.51466,0.0,66.0,0.0,0.0,0.3753,"하지 마. 미안, 미안해, 미안해.","잠깐만. 미안, 미안해.",일본어 원문 대조 + 자연스러운 한국어 대사 교정,36.68,T3,화자·문맥·자연스러움 집중 검토,,50.82781456953642,42.62,P3,말투·질문응답·가독성 위주 검토
ABF-338,사진 대조 1차 교정본,305,"00:37:44,380 --> 00:37:46,040",1.66,이 침대에서 다시 볼게요.,"미안해요, 미안해요.","아, 느껴져요…",중립·혼합형,,0.02,,,25.0,90.0,50.0,78.0,75.0,0.73905,0.0,66.0,0.0,0.0,0.4043,첫 번째부터 다시 해 볼게요.,처음부터 다시 넣어 볼게요.,사진 장면 확인 및 한국어 번역투·ASR 오역 교정,46.1,T3,화자·문맥·자연스러움 집중 검토,,82.94701986754967,61.58,P2,앞뒤 5블록·사진·오류 기억을 함께 검토
ABF-338,사진 대조 1차 교정본,306,"00:37:46,040 --> 00:39:17,480",91.44,"아, 느껴져요…",이 침대에서 다시 볼게요.,조금 힘들어요…,반응형,,0.04,,,25.0,90.0,50.0,78.0,75.0,0.70261,0.0,66.0,0.0,0.0,0.5153,"아, 느껴져요...","아, 느껴져요…",,44.57,T3,화자·문맥·자연스러움 집중 검토,,78.47682119205298,58.81,P2,앞뒤 5블록·사진·오류 기억을 함께 검토
ABF-338,사진 대조 1차 교정본,307,"00:39:20,480 --> 00:39:23,280",2.8,조금 힘들어요…,"아, 느껴져요…",크림을 바르고 있어요.,반응형,,0.02,,,25.0,90.0,50.0,78.0,75.0,0.34294,0.0,66.0,0.0,0.0,0.5493,조금 힘들어요...,조금 힘들어요…,,29.46,T4,구조검사 통과 시 유지,,25.0,27.59,P4,회귀검사 통과 시 유지
ABF-338,사진 대조 1차 교정본,308,"00:39:31,280 --> 00:39:34,180",2.9,크림을 바르고 있어요.,조금 힘들어요…,잠깐 시간을 둘게요…,반응형,,0.02,,,25.0,90.0,50.0,78.0,75.0,0.63001,0.0,66.0,0.0,0.0,0.2524,몸을 살짝 넣을 수 있어요.,조금만요.,,41.52,T3,화자·문맥·자연스러움 집중 검토,,69.20529801324503,53.15,P3,말투·질문응답·가독성 위주 검토
ABF-338,사진 대조 1차 교정본,309,"00:39:56,360 --> 00:40:46,770",50.41,잠깐 시간을 둘게요…,크림을 바르고 있어요.,으음…,반응형,,0.04,,,25.0,90.0,50.0,78.0,75.0,0.6244,2.04,66.0,0.0,0.0,0.667,잠깐 시간을 둘게요...,잠깐 시간을 둘게요…,,41.65,T3,화자·문맥·자연스러움 집중 검토,,69.70198675496688,53.43,P3,말투·질문응답·가독성 위주 검토
ABF-338,사진 대조 1차 교정본,310,"00:41:15,720 --> 00:41:31,480",15.76,으음…,잠깐 시간을 둘게요…,미끄럽게 안쪽까지 들어가게 할게요.,반응형,,0.02,,,25.0,90.0,50.0,78.0,75.0,0.28825,0.0,66.0,0.0,0.0,0.2655,"으음, 으음...","으음, 으음…",,27.17,T4,구조검사 통과 시 유지,,17.880794701986755,23.27,P4,회귀검사 통과 시 유지
ABF-338,사진 대조 1차 교정본,311,"00:41:58,540 --> 00:42:05,020",6.48,미끄럽게 안쪽까지 들어가게 할게요.,으음…,그럼 윤활제를 바를게요.,반응형,,0.04,,,25.0,90.0,50.0,78.0,79.0,0.86108,0.0,66.0,0.0,0.0,0.3934,안쪽까지 안 가?,더 안쪽까지 안 들어가?,일본어 원문 대조 + 자연스러운 한국어 대사 교정,51.47,T3,화자·문맥·자연스러움 집중 검토,,96.35761589403974,70.32,P2,앞뒤 5블록·사진·오류 기억을 함께 검토
ABF-338,사진 대조 1차 교정본,312,"00:42:13,730 --> 00:42:14,210",0.48,그럼 윤활제를 바를게요.,미끄럽게 안쪽까지 들어가게 할게요.,"아, 이게 두 번째 자세예요.",중립·혼합형,,0.03,,,25.0,90.0,50.0,78.0,75.0,0.66709,0.0,66.0,44.58,0.0,0.1447,"그럼 일단,",그럼 일단,,47.54,T3,화자·문맥·자연스러움 집중 검토,high_cps,86.17549668874173,63.77,P2,앞뒤 5블록·사진·오류 기억을 함께 검토
ABF-338,사진 대조 1차 교정본,313,"00:43:29,090 --> 00:43:32,670",3.58,"아, 이게 두 번째 자세예요.",그럼 윤활제를 바를게요.,으음…,반응형,,0.01,사진 속 자세 설명 명확화,높음,58.0,96.0,50.0,78.0,42.0,0.68346,24.0,22.0,0.0,0.0,0.3361,"아, 그게 두 번째예요.","아, 이게 두 번째 자세예요.",사진 속 자세 설명 명확화,28.13,T4,구조검사 통과 시 유지,meta_hallucination,21.026490066225165,25.15,P4,회귀검사 통과 시 유지
ABF-338,사진 대조 1차 교정본,314,"00:43:33,010 --> 00:43:39,150",6.14,으음…,"아, 이게 두 번째 자세예요.","음, 힘들어요.",반응형,,0.01,,,25.0,90.0,50.0,78.0,75.0,0.12964,0.0,66.0,0.0,0.0,0.2655,"으음, 으음...","으음, 으음…",,20.51,T4,구조검사 통과 시 유지,,1.3245033112582782,12.45,P4,회귀검사 통과 시 유지
ABF-338,사진 대조 1차 교정본,315,"00:43:40,520 --> 00:44:16,220",35.7,"음, 힘들어요.",으음…,이렇게 몸을 뒤로 빼 주세요.,반응형,,0.02,,,25.0,90.0,50.0,78.0,75.0,0.55912,0.0,66.0,0.0,0.0,0.5701,조금 힘들어요...,조금 힘들어요…,,38.54,T3,화자·문맥·자연스러움 집중 검토,,57.78145695364238,46.62,P3,말투·질문응답·가독성 위주 검토
ABF-338,사진 대조 1차 교정본,316,"00:44:18,420 --> 00:44:27,560",9.14,이렇게 몸을 뒤로 빼 주세요.,"음, 힘들어요.","아, 한 번만 더.",존댓말형,,0.02,동작 방향 명확화,중간,25.0,90.0,50.0,78.0,79.0,0.79161,28.32,48.0,0.0,0.0,0.886,이렇게 몸을 빼 주세요.,이렇게 몸을 뒤로 빼 주세요.,동작 방향 명확화,50.76,T3,화자·문맥·자연스러움 집중 검토,,94.86754966887418,69.29,P2,앞뒤 5블록·사진·오류 기억을 함께 검토
ABF-338,사진 대조 1차 교정본,317,"00:44:34,980 --> 00:44:36,680",1.7,"아, 한 번만 더.",이렇게 몸을 뒤로 빼 주세요.,머리를 눌러도 돼요?,반응형,,0.02,,,25.0,90.0,50.0,78.0,75.0,0.50371,0.0,66.0,0.0,0.0,0.5315,"그럼 한 번만 더, 정말 한 번만.",그럼 정말 한 번만 더.,사진 장면 확인 및 한국어 번역투·ASR 오역 교정,36.22,T3,화자·문맥·자연스러움 집중 검토,,48.4271523178808,41.35,P3,말투·질문응답·가독성 위주 검토
ABF-338,사진 대조 1차 교정본,318,"00:44:37,420 --> 00:44:39,020",1.6,머리를 눌러도 돼요?,"아, 한 번만 더.",으음…,중립·혼합형,,0.02,,,25.0,90.0,50.0,78.0,75.0,0.36355,0.0,66.0,0.0,0.0,0.3106,말해도 돼요?,이제 해도 돼요?,타임스탬프 사진과 앞뒤 장면으로 대사 기능 복원,30.33,T4,구조검사 통과 시 유지,,26.986754966887418,28.93,P4,회귀검사 통과 시 유지
ABF-338,사진 대조 1차 교정본,319,"00:44:47,320 --> 00:44:50,000",2.68,으음…,머리를 눌러도 돼요?,아…,반응형,,0.02,,,25.0,90.0,50.0,78.0,75.0,0.15239,0.0,66.0,0.0,0.0,0.2655,"으음, 으음...","으음, 으음…",,21.46,T4,구조검사 통과 시 유지,,3.47682119205298,13.91,P4,회귀검사 통과 시 유지
ABF-338,사진 대조 1차 교정본,320,"00:44:54,870 --> 00:45:00,870",6.0,아…,으음…,으음…,반응형,,0.03,,,25.0,90.0,50.0,78.0,75.0,0.15711,13.09,66.0,0.0,0.0,0.7591,"싫어, 아… 아… 아…",싫어… 아… 아…,일본어 원문 대조 + 자연스러운 한국어 대사 교정,24.01,T4,구조검사 통과 시 유지,,9.271523178807946,17.82,P4,회귀검사 통과 시 유지
ABF-338,사진 대조 1차 교정본,321,"00:45:01,310 --> 00:45:03,790",2.48,으음…,아…,아…,반응형,,0.01,,,25.0,90.0,50.0,78.0,75.0,0.14594,0.0,66.0,0.0,0.0,0.2655,"으음, 으음...","으음, 으음…",,21.19,T4,구조검사 통과 시 유지,,2.6490066225165565,13.4,P4,회귀검사 통과 시 유지
ABF-338,사진 대조 1차 교정본,322,"00:45:03,790 --> 00:45:05,090",1.3,아…,으음…,하아…,반응형,,0.01,,,25.0,90.0,50.0,78.0,75.0,0.26881,13.09,66.0,0.0,0.0,0.7591,"싫어, 아… 아… 아…",싫어… 아… 아…,일본어 원문 대조 + 자연스러운 한국어 대사 교정,28.71,T4,구조검사 통과 시 유지,,22.68211920529801,26.18,P4,회귀검사 통과 시 유지
ABF-338,사진 대조 1차 교정본,323,"00:45:05,090 --> 00:45:07,070",1.98,하아…,아…,숨을 내쉬고…,반응형,,0.01,,,25.0,90.0,50.0,78.0,75.0,0.40798,42.0,66.0,0.0,0.0,1.0,하아…,보여 줘.,일본어 원문 + 타임스탬프 사진 + 장면 연속성,39.76,T3,화자·문맥·자연스러움 집중 검토,,63.41059602649006,49.69,P3,말투·질문응답·가독성 위주 검토
ABF-338,사진 대조 1차 교정본,324,"00:45:41,930 --> 00:45:43,270",1.34,숨을 내쉬고…,하아…,숨을 한번 들이마셔 봐요.,중립·혼합형,,0.03,,,25.0,90.0,50.0,78.0,75.0,0.6592,0.0,66.0,0.0,0.0,0.5158,숨을 내쉬고...,숨을 내쉬고…,,42.75,T3,화자·문맥·자연스러움 집중 검토,,73.84105960264901,55.81,P3,말투·질문응답·가독성 위주 검토
ABF-338,사진 대조 1차 교정본,325,"00:45:43,270 --> 00:45:43,690",0.42,숨을 한번 들이마셔 봐요.,숨을 내쉬고…,다시 숨을 내쉬세요.,중립·혼합형,,0.03,,,25.0,90.0,50.0,78.0,75.0,0.70165,0.0,66.0,60.95,0.0,0.3572,숨을 들이마시세요.,숨 좀 쉬어.,,50.62,T3,화자·문맥·자연스러움 집중 검토,high_cps,94.5364238410596,69.06,P2,앞뒤 5블록·사진·오류 기억을 함께 검토
ABF-338,사진 대조 1차 교정본,326,"00:45:43,690 --> 00:45:46,170",2.48,다시 숨을 내쉬세요.,숨을 한번 들이마셔 봐요.,천천히 내쉬어 주세요.,존댓말형,,0.01,,,25.0,90.0,50.0,78.0,75.0,0.73009,24.0,66.0,0.0,0.0,0.3716,쉬세요.,가 주세요.,장면과 충돌한 '쉬세요' 오역 교정,50.04,T3,화자·문맥·자연스러움 집중 검토,formal_scene_mistranslation,93.04635761589404,68.1,P2,앞뒤 5블록·사진·오류 기억을 함께 검토
ABF-338,사진 대조 1차 교정본,327,"00:45:52,310 --> 00:45:53,310",1.0,천천히 내쉬어 주세요.,다시 숨을 내쉬세요.,정말 힘들어요.,반응형,,0.01,,,25.0,90.0,50.0,78.0,75.0,0.77325,0.0,66.0,0.0,0.0,0.5125,천천히 받아들여 주세요.,천천히 받아 줘요.,,47.54,T3,화자·문맥·자연스러움 집중 검토,,86.17549668874173,63.77,P2,앞뒤 5블록·사진·오류 기억을 함께 검토
ABF-338,사진 대조 1차 교정본,328,"00:46:46,490 --> 00:46:54,650",8.16,정말 힘들어요.,천천히 내쉬어 주세요.,기분 좋아요?,반응형,,0.01,,,25.0,90.0,50.0,78.0,75.0,0.65864,0.0,66.0,0.0,0.0,0.6047,조금 힘들어요...,조금 힘들어요…,,42.72,T3,화자·문맥·자연스러움 집중 검토,,73.67549668874173,55.72,P3,말투·질문응답·가독성 위주 검토
ABF-338,사진 대조 1차 교정본,329,"00:46:55,890 --> 00:46:56,730",0.84,기분 좋아요?,정말 힘들어요.,좋아요?,반응형,,0.01,,,25.0,90.0,50.0,78.0,75.0,0.35484,0.0,66.0,0.0,0.0,0.5437,"대박이에요, 기분 좋아요?",대단하네요. 기분 좋아요?,사진 장면 확인 및 한국어 번역투·ASR 오역 교정,29.96,T4,구조검사 통과 시 유지,,25.662251655629138,28.15,P4,회귀검사 통과 시 유지
ABF-338,사진 대조 1차 교정본,330,"00:47:09,300 --> 00:47:10,140",0.84,좋아요?,기분 좋아요?,기분 좋아?,반응형,,0.0,,,25.0,90.0,50.0,78.0,75.0,0.22464,0.0,66.0,0.0,0.0,0.4752,"대박이에요, 기분 좋아요?",대단하네요. 기분 좋아요?,사진 장면 확인 및 한국어 번역투·ASR 오역 교정,24.49,T4,구조검사 통과 시 유지,,10.43046357615894,18.58,P4,회귀검사 통과 시 유지
ABF-338,사진 대조 1차 교정본,331,"00:47:10,360 --> 00:47:11,200",0.84,기분 좋아?,좋아요?,옷이 방해돼요?,반응형,,0.04,,,25.0,90.0,50.0,78.0,75.0,0.31887,0.0,66.0,0.0,0.0,0.5954,"아, 거기... 기분 좋아?","아, 거기… 기분 좋아?",,28.45,T4,구조검사 통과 시 유지,,21.688741721854303,25.61,P4,회귀검사 통과 시 유지
ABF-338,사진 대조 1차 교정본,332,"00:47:55,760 --> 00:47:56,440",0.68,옷이 방해돼요?,기분 좋아?,방해돼?,반말형,,0.04,,,25.0,90.0,50.0,78.0,75.0,0.43044,0.0,66.0,0.0,0.0,0.1747,말해도 돼요?,이제 해도 돼요?,타임스탬프 사진과 앞뒤 장면으로 대사 기능 복원,33.14,T4,구조검사 통과 시 유지,,36.423841059602644,34.52,P4,회귀검사 통과 시 유지
ABF-338,사진 대조 1차 교정본,333,"00:47:59,020 --> 00:47:59,420",0.4,방해돼?,옷이 방해돼요?,조금 방해되는 것 같아요.,반말형,,0.02,,,25.0,90.0,50.0,78.0,75.0,0.23388,0.0,66.0,0.0,0.0,0.127,더 해줘도 돼?,더 해 줘도 돼?,,24.88,T4,구조검사 통과 시 유지,,11.920529801324504,19.44,P4,회귀검사 통과 시 유지
ABF-338,사진 대조 1차 교정본,334,"00:48:00,220 --> 00:48:01,120",0.9,조금 방해되는 것 같아요.,방해돼?,그럼 벗어 버릴게.,반응형,,0.02,,,25.0,90.0,50.0,78.0,75.0,0.67895,0.0,66.0,0.0,0.0,0.3983,기쁠 것 같아요.,그러면 기쁠 것 같아요.,사진 장면 확인 및 한국어 번역투·ASR 오역 교정,43.58,T3,화자·문맥·자연스러움 집중 검토,,75.91059602649007,57.16,P3,말투·질문응답·가독성 위주 검토
ABF-338,사진 대조 1차 교정본,335,"00:48:02,880 --> 00:48:05,600",2.72,그럼 벗어 버릴게.,조금 방해되는 것 같아요.,엉덩이에도 앉고 싶어요.,반응형,,0.02,,,25.0,90.0,50.0,78.0,75.0,0.67985,0.0,66.0,0.0,0.0,0.1871,"그럼 일단,",그럼 일단,,43.61,T3,화자·문맥·자연스러움 집중 검토,,76.15894039735099,57.28,P3,말투·질문응답·가독성 위주 검토
ABF-338,사진 대조 1차 교정본,336,"00:49:24,660 --> 00:49:26,080",1.42,엉덩이에도 앉고 싶어요.,그럼 벗어 버릴게.,엉덩이 좋아해?,반응형,,0.04,,,25.0,90.0,50.0,78.0,79.0,0.85237,0.0,66.0,0.0,0.0,0.2877,기분 좋게 해 주고 싶어요.,제가 해 볼게요.,앞 블록과 중복된 문장 정리,51.1,T3,화자·문맥·자연스러움 집중 검토,,95.36423841059603,69.69,P2,앞뒤 5블록·사진·오류 기억을 함께 검토
ABF-338,사진 대조 1차 교정본,337,"00:49:26,660 --> 00:49:27,520",0.86,엉덩이 좋아해?,엉덩이에도 앉고 싶어요.,엉덩이 좋아해요.,반응형,,0.04,,,25.0,90.0,50.0,78.0,79.0,0.56332,0.0,66.0,0.0,0.0,0.6456,유두 좋아해?,젖꼭지 좋아해?,,38.96,T3,화자·문맥·자연스러움 집중 검토,,58.94039735099338,47.35,P3,말투·질문응답·가독성 위주 검토
ABF-338,사진 대조 1차 교정본,338,"00:49:27,680 --> 00:49:28,360",0.68,엉덩이 좋아해요.,엉덩이 좋아해?,엉덩이를 좋아하는구나?,반응형,,0.02,,,25.0,90.0,50.0,78.0,79.0,0.62479,0.0,66.0,0.0,0.0,0.5915,유두를 좋아해요.,젖꼭지를 좋아해요.,,41.54,T3,화자·문맥·자연스러움 집중 검토,,69.37086092715232,53.23,P3,말투·질문응답·가독성 위주 검토
ABF-338,사진 대조 1차 교정본,339,"00:49:28,480 --> 00:49:29,020",0.54,엉덩이를 좋아하는구나?,엉덩이 좋아해요.,어디가 좋아?,반응형,,0.02,,,25.0,90.0,50.0,78.0,79.0,0.71285,0.0,66.0,31.85,0.0,0.4263,하늘색 좋아하는구나.,이야…,일본어 원문 + 타임스탬프 사진 + 장면 연속성,48.42,T3,화자·문맥·자연스러움 집중 검토,high_cps,88.49337748344371,65.25,P2,앞뒤 5블록·사진·오류 기억을 함께 검토
ABF-338,사진 대조 1차 교정본,340,"00:49:32,780 --> 00:49:33,820",1.04,어디가 좋아?,엉덩이를 좋아하는구나?,엉덩이요.,반응형,,0.02,,,25.0,90.0,50.0,78.0,75.0,0.48781,0.0,66.0,0.0,0.0,0.4393,어디가 좋은지 모르겠어?,어디가 좋은지 아직 모르겠어?,일본어 원문 대조 + 자연스러운 한국어 대사 교정,35.55,T3,화자·문맥·자연스러움 집중 검토,,45.860927152317885,39.88,P4,회귀검사 통과 시 유지
ABF-338,사진 대조 1차 교정본,341,"00:49:34,780 --> 00:49:35,260",0.48,엉덩이요.,어디가 좋아?,그 위에 앉고 싶어?,중립·혼합형,,0.02,,,25.0,90.0,50.0,78.0,79.0,0.64672,0.0,66.0,0.0,0.0,0.2751,엉덩이 좀 봐.,이 유카타 진짜 귀엽네.,일본어 원문 + 타임스탬프 사진 + 장면 연속성,42.46,T3,화자·문맥·자연스러움 집중 검토,,72.68211920529801,55.15,P3,말투·질문응답·가독성 위주 검토
ABF-338,사진 대조 1차 교정본,342,"00:49:52,240 --> 00:49:52,740",0.5,그 위에 앉고 싶어?,엉덩이요.,앉고 싶어요?,반응형,,0.04,,,25.0,90.0,50.0,78.0,75.0,0.64158,0.0,66.0,0.0,0.0,0.404,잘 빨고 싶어?,계속 빨고 싶어?,일본어 원문 대조 + 자연스러운 한국어 대사 교정,42.01,T3,화자·문맥·자연스러움 집중 검토,,71.8543046357616,54.54,P3,말투·질문응답·가독성 위주 검토
ABF-338,사진 대조 1차 교정본,343,"00:49:53,920 --> 00:49:54,520",0.6,앉고 싶어요?,그 위에 앉고 싶어?,정말 앉고 싶어?,반응형,,0.02,,,25.0,90.0,50.0,78.0,75.0,0.4524,0.0,66.0,0.0,0.0,0.3804,후와 씨와 어떤 졸업을 맞고 싶어요?,후우아 씨와 어떤 식으로 첫 경험을 마무리하고 싶어요?,이름 및 질문 문장 자연화,34.06,T4,구조검사 통과 시 유지,,39.735099337748345,36.44,P4,회귀검사 통과 시 유지
ABF-338,사진 대조 1차 교정본,344,"00:49:54,760 --> 00:49:55,200",0.44,정말 앉고 싶어?,앉고 싶어요?,좋아.,반응형,,0.04,,,25.0,90.0,50.0,78.0,75.0,0.39773,0.0,66.0,0.0,0.0,0.4525,잘 빨고 싶어?,계속 빨고 싶어?,일본어 원문 대조 + 자연스러운 한국어 대사 교정,31.76,T4,구조검사 통과 시 유지,,31.95364238410596,31.84,P4,회귀검사 통과 시 유지
ABF-338,사진 대조 1차 교정본,345,"00:49:57,020 --> 00:49:57,660",0.64,좋아.,정말 앉고 싶어?,"저기, 잠깐만요.",반응형,,0.02,,,25.0,90.0,50.0,78.0,75.0,0.46291,20.92,66.0,0.0,0.0,0.8243,"아, 좋아.","아, 들어온다.",,38.27,T3,화자·문맥·자연스러움 집중 검토,,57.284768211920536,46.26,P3,말투·질문응답·가독성 위주 검토
ABF-338,사진 대조 1차 교정본,346,"00:51:03,100 --> 00:51:04,220",1.12,"저기, 잠깐만요.",좋아.,기뻐?,반응형,,0.0,,,25.0,90.0,50.0,78.0,75.0,0.75855,9.79,66.0,0.0,0.0,0.7316,잠깐만요.,조금만 기다려.,일본어 원문 대조 + 자연스러운 한국어 대사 교정,48.68,T3,화자·문맥·자연스러움 집중 검토,,89.73509933774835,65.92,P2,앞뒤 5블록·사진·오류 기억을 함께 검토
ABF-338,사진 대조 1차 교정본,347,"00:51:19,260 --> 00:51:20,040",0.78,기뻐?,"저기, 잠깐만요.",좋아요?,중립·혼합형,,0.04,,,25.0,90.0,50.0,78.0,75.0,0.45779,42.0,66.0,0.0,0.0,1.0,기뻐?,샤워만 하는 날도 있어?,일본어 원문 + 타임스탬프 사진 + 장면 연속성,41.85,T3,화자·문맥·자연스러움 집중 검토,,70.69536423841059,53.97,P3,말투·질문응답·가독성 위주 검토
ABF-338,사진 대조 1차 교정본,348,"00:51:21,120 --> 00:51:21,880",0.76,좋아요?,기뻐?,그럼 다시.,반응형,,0.02,,,25.0,90.0,50.0,78.0,75.0,0.24208,0.0,66.0,0.0,0.0,0.4752,"대박이에요, 기분 좋아요?",대단하네요. 기분 좋아요?,사진 장면 확인 및 한국어 번역투·ASR 오역 교정,25.23,T4,구조검사 통과 시 유지,,13.245033112582782,20.2,P4,회귀검사 통과 시 유지
ABF-338,사진 대조 1차 교정본,349,"00:51:22,080 --> 00:51:22,800",0.72,그럼 다시.,좋아요?,좋은가 보네.,중립·혼합형,,0.02,,,25.0,90.0,50.0,78.0,75.0,0.48518,0.0,66.0,0.0,0.0,0.2519,"그럼 일단,",그럼 일단,,35.44,T3,화자·문맥·자연스러움 집중 검토,,45.36423841059602,39.61,P4,회귀검사 통과 시 유지
ABF-338,사진 대조 1차 교정본,350,"00:51:37,620 --> 00:51:38,740",1.12,좋은가 보네.,그럼 다시.,이런 엉덩이를 좋아하는구나.,반말형,,0.02,,,25.0,90.0,50.0,78.0,75.0,0.51757,0.0,66.0,0.0,0.0,0.5022,이 자세가 좋은가 봐.,신진대사가 좋은가 봐.,일본어 원문 대조 + 자연스러운 한국어 대사 교정,36.8,T3,화자·문맥·자연스러움 집중 검토,,51.324503311258276,42.9,P3,말투·질문응답·가독성 위주 검토
ABF-338,사진 대조 1차 교정본,351,"00:51:43,080 --> 00:51:44,740",1.66,이런 엉덩이를 좋아하는구나.,좋은가 보네.,"잠깐만요, 기다려요.",반응형,,0.02,,,25.0,90.0,50.0,78.0,79.0,0.85827,0.0,66.0,0.0,0.0,0.6198,하늘색 좋아하는구나.,이야…,일본어 원문 + 타임스탬프 사진 + 장면 연속성,51.35,T3,화자·문맥·자연스러움 집중 검토,,95.86092715231787,70.04,P2,앞뒤 5블록·사진·오류 기억을 함께 검토
ABF-338,사진 대조 1차 교정본,352,"00:51:48,020 --> 00:51:49,100",1.08,"잠깐만요, 기다려요.",이런 엉덩이를 좋아하는구나.,젖꼭지를 좋아해요.,반응형,,0.02,,,25.0,90.0,50.0,78.0,75.0,0.57783,0.0,66.0,0.0,0.0,0.5995,조금만 기다려요.,잠깐만.,일본어 원문 대조 + 자연스러운 한국어 대사 교정,39.33,T3,화자·문맥·자연스러움 집중 검토,,61.423841059602644,48.61,P3,말투·질문응답·가독성 위주 검토
ABF-338,사진 대조 1차 교정본,353,"00:52:38,660 --> 00:52:39,760",1.1,젖꼭지를 좋아해요.,"잠깐만요, 기다려요.",젖꼭지가 딱 섰네.,반응형,,0.04,,,25.0,90.0,50.0,78.0,79.0,0.80118,0.0,66.0,0.0,0.0,0.4802,유두를 좋아해요.,젖꼭지를 좋아해요.,,48.95,T3,화자·문맥·자연스러움 집중 검토,,91.05960264900662,66.64,P2,앞뒤 5블록·사진·오류 기억을 함께 검토
ABF-338,사진 대조 1차 교정본,354,"00:53:07,590 --> 00:53:09,150",1.56,젖꼭지가 딱 섰네.,젖꼭지를 좋아해요.,기분 좋아?,반말형,,0.01,,,25.0,90.0,50.0,78.0,79.0,0.71055,0.0,66.0,0.0,0.0,0.1027,딱 20분만.,기분 좋아.,일본어 원문 + 타임스탬프 사진 + 장면 연속성,45.14,T3,화자·문맥·자연스러움 집중 검토,,80.29801324503312,59.91,P2,앞뒤 5블록·사진·오류 기억을 함께 검토
ABF-338,사진 대조 1차 교정본,355,"00:53:10,250 --> 00:53:11,030",0.78,기분 좋아?,젖꼭지가 딱 섰네.,좋아요?,반응형,,0.05,,,25.0,90.0,50.0,78.0,75.0,0.3817,0.0,66.0,0.0,0.0,0.5954,"아, 거기... 기분 좋아?","아, 거기… 기분 좋아?",,31.09,T4,구조검사 통과 시 유지,,29.304635761589402,30.34,P4,회귀검사 통과 시 유지
ABF-338,사진 대조 1차 교정본,356,"00:53:11,250 --> 00:53:12,090",0.84,좋아요?,기분 좋아?,점점 단단해지네…,반응형,,0.05,,,25.0,90.0,50.0,78.0,75.0,0.29475,0.0,66.0,0.0,0.0,0.4752,"대박이에요, 기분 좋아요?",대단하네요. 기분 좋아요?,사진 장면 확인 및 한국어 번역투·ASR 오역 교정,27.44,T4,구조검사 통과 시 유지,,18.37748344370861,23.63,P4,회귀검사 통과 시 유지
ABF-338,사진 대조 1차 교정본,357,"00:53:25,540 --> 00:53:27,520",1.98,점점 단단해지네…,좋아요?,서 버려요.,반말형,,0.04,,,25.0,90.0,50.0,78.0,75.0,0.53026,2.89,66.0,0.0,0.0,0.6741,점점 단단해지네...,점점 단단해지네…,,37.85,T3,화자·문맥·자연스러움 집중 검토,,55.794701986754966,45.39,P3,말투·질문응답·가독성 위주 검토
ABF-338,사진 대조 1차 교정본,358,"00:53:27,780 --> 00:53:28,640",0.86,서 버려요.,점점 단단해지네…,"아, 기분 좋아요.",중립·혼합형,,0.02,,,25.0,90.0,50.0,78.0,75.0,0.49016,0.0,66.0,0.0,0.0,0.4726,어느 쪽이든 안으로 들어가 버려요.,그대로 안쪽까지 들어가요.,타임스탬프 사진과 앞뒤 장면으로 대사 기능 복원,35.65,T3,화자·문맥·자연스러움 집중 검토,,46.19205298013245,40.08,P3,말투·질문응답·가독성 위주 검토
ABF-338,사진 대조 1차 교정본,359,"00:53:29,260 --> 00:53:30,200",0.94,"아, 기분 좋아요.",서 버려요.,기분 좋아?,반응형,,0.04,,,25.0,90.0,50.0,78.0,75.0,0.50669,30.3,66.0,0.0,0.0,0.9025,기분 좋아요.,"아, 좋아요.",화면 영문 자막 대조,41.79,T3,화자·문맥·자연스러움 집중 검토,,70.52980132450331,53.86,P3,말투·질문응답·가독성 위주 검토
ABF-338,사진 대조 1차 교정본,360,"00:53:30,640 --> 00:53:31,280",0.64,기분 좋아?,"아, 기분 좋아요.",핥아 주는 거 좋아해요? 좋아해요. 핥아 주세요.,반응형,,0.04,,,25.0,90.0,50.0,78.0,75.0,0.29721,0.0,66.0,0.0,0.0,0.5954,"아, 거기... 기분 좋아?","아, 거기… 기분 좋아?",,27.54,T4,구조검사 통과 시 유지,,18.956953642384107,23.94,P4,회귀검사 통과 시 유지
ABF-338,사진 대조 1차 교정본,361,"00:53:38,220 --> 00:53:42,860",4.64,핥아 주는 거 좋아해요? 좋아해요. 핥아 주세요.,기분 좋아?,기분 좋아?,반말형,,0.02,,,25.0,90.0,50.0,78.0,83.0,0.93765,0.0,66.0,0.0,0.0,0.4691,유두를 좋아해요.,젖꼭지를 좋아해요.,,54.92,T3,화자·문맥·자연스러움 집중 검토,,98.67549668874173,73.3,P1,장면 패킷을 열고 후보 3개를 생성해 반증 검토
ABF-338,사진 대조 1차 교정본,362,"00:54:06,510 --> 00:54:07,510",1.0,기분 좋아?,핥아 주는 거 좋아해요? 좋아해요. 핥아 주세요.,후후후.,반응형,,0.01,,,25.0,90.0,50.0,78.0,75.0,0.39593,0.0,66.0,0.0,0.0,0.5954,"아, 거기... 기분 좋아?","아, 거기… 기분 좋아?",,31.69,T4,구조검사 통과 시 유지,,31.70529801324503,31.7,P4,회귀검사 통과 시 유지
ABF-338,사진 대조 1차 교정본,363,"00:54:52,470 --> 00:54:52,790",0.32,후후후.,기분 좋아?,자꾸 조르는 거야? 욕심이 많네.,중립·혼합형,,0.03,,,25.0,90.0,50.0,78.0,75.0,0.38959,0.0,66.0,0.0,0.0,0.3504,"후후후, 어서 와.","후후후, 차가워!",손상된 일본어 ASR + 타임스탬프 사진 + 앞뒤 문맥 추론,31.42,T4,구조검사 통과 시 유지,,30.4635761589404,31.02,P4,회귀검사 통과 시 유지
ABF-338,사진 대조 1차 교정본,364,"00:54:53,390 --> 00:54:58,450",5.06,자꾸 조르는 거야? 욕심이 많네.,후후후.,기분 좋아?,반말형,,0.01,,,25.0,90.0,50.0,78.0,75.0,0.73077,0.0,66.0,0.0,0.0,0.2141,이 자세가 좋은 거야?,내가 신진대사가 좋은 건가?,일본어 원문 대조 + 자연스러운 한국어 대사 교정,45.75,T3,화자·문맥·자연스러움 집중 검토,,81.78807947019867,60.89,P2,앞뒤 5블록·사진·오류 기억을 함께 검토
ABF-338,사진 대조 1차 교정본,365,"00:55:07,790 --> 00:55:08,510",0.72,기분 좋아?,자꾸 조르는 거야? 욕심이 많네.,이거 기분 좋네요.,반응형,,0.01,,,25.0,90.0,50.0,78.0,75.0,0.33065,0.0,66.0,0.0,0.0,0.5954,"아, 거기... 기분 좋아?","아, 거기… 기분 좋아?",,28.95,T4,구조검사 통과 시 유지,,23.013245033112582,26.46,P4,회귀검사 통과 시 유지
ABF-338,사진 대조 1차 교정본,366,"00:55:25,270 --> 00:55:26,410",1.14,이거 기분 좋네요.,기분 좋아?,움찔움찔하네.,반말형,,0.03,,,25.0,90.0,50.0,78.0,75.0,0.50478,0.0,66.0,0.0,0.0,0.4957,이거 기분 좋네...,이거 기분 좋네…,,36.26,T3,화자·문맥·자연스러움 집중 검토,,49.00662251655629,41.61,P3,말투·질문응답·가독성 위주 검토
ABF-338,사진 대조 1차 교정본,367,"00:55:29,330 --> 00:55:57,110",27.78,움찔움찔하네.,이거 기분 좋네요.,계속 움찔거려.,반말형,,0.03,,,25.0,90.0,50.0,78.0,75.0,0.4151,0.0,66.0,0.0,0.0,0.1427,야하네.,여긴 지저분하네.,화면 영문 자막 대조,32.49,T4,구조검사 통과 시 유지,,34.93377483443709,33.52,P4,회귀검사 통과 시 유지
ABF-338,사진 대조 1차 교정본,368,"00:55:57,110 --> 00:55:58,810",1.7,계속 움찔거려.,움찔움찔하네.,"있잖아, 허리를 엄청 움직이고 있어.",중립·혼합형,,0.01,,,25.0,90.0,50.0,78.0,75.0,0.60045,0.0,66.0,0.0,0.0,0.3953,계속 움찔거리고 있어.,계속 움찔거리고 있네.,일본어 원문 대조 + 자연스러운 한국어 대사 교정,40.28,T3,화자·문맥·자연스러움 집중 검토,,64.73509933774835,50.55,P3,말투·질문응답·가독성 위주 검토
ABF-338,사진 대조 1차 교정본,369,"00:56:06,290 --> 00:56:08,190",1.9,"있잖아, 허리를 엄청 움직이고 있어.",계속 움찔거려.,"미안해요, 너무 기분 좋아서요.",반응형,,0.01,,,25.0,90.0,50.0,78.0,79.0,0.87659,0.0,66.0,0.0,0.0,0.3383,"성기를 움직이고 있는 남자가,",성기를 움직이고 있는 남자가,,52.12,T3,화자·문맥·자연스러움 집중 검토,,96.68874172185431,70.84,P2,앞뒤 5블록·사진·오류 기억을 함께 검토
ABF-338,사진 대조 1차 교정본,370,"00:56:09,070 --> 00:56:10,950",1.88,"미안해요, 너무 기분 좋아서요.","있잖아, 허리를 엄청 움직이고 있어.",계속 안쪽에 닿고 있어요.,반응형,,0.03,,,25.0,90.0,50.0,78.0,75.0,0.62714,0.0,66.0,0.0,0.0,0.2562,"하아, 너무 기분 좋아...","하아, 너무 기분 좋아…",,41.4,T3,화자·문맥·자연스러움 집중 검토,,68.87417218543047,52.94,P3,말투·질문응답·가독성 위주 검토
ABF-338,사진 대조 1차 교정본,371,"00:56:15,460 --> 00:56:16,940",1.48,계속 안쪽에 닿고 있어요.,"미안해요, 너무 기분 좋아서요.",조여 줘요.,반응형,,0.04,,,25.0,90.0,50.0,78.0,79.0,0.70766,0.0,66.0,0.0,0.0,0.5255,유두에 닿고 있어요.,젖꼭지에 닿아요.,,45.02,T3,화자·문맥·자연스러움 집중 검토,,79.80132450331125,59.63,P2,앞뒤 5블록·사진·오류 기억을 함께 검토
ABF-338,사진 대조 1차 교정본,372,"00:56:32,070 --> 00:56:33,330",1.26,조여 줘요.,계속 안쪽에 닿고 있어요.,더 조여 주세요.,중립·혼합형,,0.03,,,25.0,90.0,50.0,78.0,75.0,0.41569,0.0,66.0,0.0,0.0,0.3001,천천히 움직여 줘요...,천천히 움직여 줘요…,,32.52,T4,구조검사 통과 시 유지,,35.099337748344375,33.6,P4,회귀검사 통과 시 유지
ABF-338,사진 대조 1차 교정본,373,"00:56:34,650 --> 00:56:35,630",0.98,더 조여 주세요.,조여 줘요.,조여 줬으면 좋겠어?,존댓말형,,0.05,,,25.0,90.0,50.0,78.0,75.0,0.55991,0.0,66.0,0.0,0.0,0.5316,조금만 더 해 주세요.,조금만 더 해 줘.,일본어 원문 대조 + 자연스러운 한국어 대사 교정,38.58,T3,화자·문맥·자연스러움 집중 검토,,58.11258278145696,46.78,P3,말투·질문응답·가독성 위주 검토
ABF-338,사진 대조 1차 교정본,374,"00:56:35,970 --> 00:56:36,650",0.68,조여 줬으면 좋겠어?,더 조여 주세요.,이미 계속 닿고 있잖아.,반응형,,0.03,,,25.0,90.0,50.0,78.0,75.0,0.67231,0.0,66.0,0.0,0.0,0.3385,기억해 줬으면 해?,"여기, 기억해 줬으면 해요.",사진 장면 확인 및 한국어 번역투·ASR 오역 교정,43.3,T3,화자·문맥·자연스러움 집중 검토,,74.91721854304636,56.58,P3,말투·질문응답·가독성 위주 검토
ABF-338,사진 대조 1차 교정본,375,"00:56:38,730 --> 00:56:39,970",1.24,이미 계속 닿고 있잖아.,조여 줬으면 좋겠어?,기분 좋아?,반응형,,0.03,,,25.0,90.0,50.0,78.0,75.0,0.72038,0.0,66.0,0.0,0.0,0.5287,서 있잖아.,완전히 서 있잖아.,일본어 원문 대조 + 자연스러운 한국어 대사 교정,45.32,T3,화자·문맥·자연스러움 집중 검토,,80.54635761589404,60.12,P2,앞뒤 5블록·사진·오류 기억을 함께 검토
ABF-338,사진 대조 1차 교정본,376,"00:57:16,210 --> 00:57:17,110",0.9,기분 좋아?,이미 계속 닿고 있잖아.,좋아요?,반응형,,0.01,,,25.0,90.0,50.0,78.0,75.0,0.43363,0.0,66.0,0.0,0.0,0.5954,"아, 거기... 기분 좋아?","아, 거기… 기분 좋아?",,33.27,T4,구조검사 통과 시 유지,,36.920529801324506,34.8,P4,회귀검사 통과 시 유지
ABF-338,사진 대조 1차 교정본,377,"00:57:19,070 --> 00:57:30,100",11.03,좋아요?,기분 좋아?,대단하네.,반응형,,0.03,,,25.0,90.0,50.0,78.0,75.0,0.30792,0.0,66.0,0.0,0.0,0.4752,"대박이에요, 기분 좋아요?",대단하네요. 기분 좋아요?,사진 장면 확인 및 한국어 번역투·ASR 오역 교정,27.99,T4,구조검사 통과 시 유지,,20.52980132450331,24.86,P4,회귀검사 통과 시 유지
ABF-338,사진 대조 1차 교정본,378,"00:58:06,340 --> 00:58:07,220",0.88,대단하네.,좋아요?,벌써 이렇게 커졌어?,반말형,,0.04,,,25.0,90.0,50.0,78.0,75.0,0.33512,42.0,66.0,0.0,0.0,1.0,대단하네.,땀이 엄청나네.,손상된 일본어 ASR + 타임스탬프 사진 + 앞뒤 문맥 추론,36.7,T3,화자·문맥·자연스러움 집중 검토,,50.993377483443716,42.7,P3,말투·질문응답·가독성 위주 검토
ABF-338,사진 대조 1차 교정본,379,"00:58:08,480 --> 00:58:10,220",1.74,벌써 이렇게 커졌어?,대단하네.,벌써 쿠퍼액이 나왔네요.,반응형,,0.02,,,25.0,90.0,50.0,78.0,75.0,0.48112,0.0,66.0,0.0,0.0,0.2474,이렇게 몸을 빼 주세요.,이렇게 몸을 뒤로 빼 주세요.,동작 방향 명확화,35.27,T3,화자·문맥·자연스러움 집중 검토,,44.5364238410596,39.16,P4,회귀검사 통과 시 유지
ABF-338,사진 대조 1차 교정본,380,"00:58:10,420 --> 00:58:11,240",0.82,벌써 쿠퍼액이 나왔네요.,벌써 이렇게 커졌어?,이거 좋아해?,반말형,,0.02,,,25.0,90.0,50.0,78.0,75.0,0.47022,0.0,66.0,0.0,0.0,0.177,"어, 벌써 느끼고 있잖아.","어, 벌써 좋아하고 있잖아.",,34.81,T4,구조검사 통과 시 유지,,43.211920529801326,38.34,P4,회귀검사 통과 시 유지
ABF-338,사진 대조 1차 교정본,381,"00:58:30,280 --> 00:58:31,120",0.84,이거 좋아해?,벌써 쿠퍼액이 나왔네요.,좋아요. 좋아요. 정말 좋아요.,반응형,,0.02,,,25.0,90.0,50.0,78.0,75.0,0.42523,6.47,66.0,0.0,0.0,0.7039,유두 좋아해?,젖꼭지 좋아해?,,34.08,T4,구조검사 통과 시 유지,,40.14900662251656,36.63,P4,회귀검사 통과 시 유지
ABF-338,사진 대조 1차 교정본,382,"00:58:31,500 --> 00:58:49,150",17.65,좋아요. 좋아요. 정말 좋아요.,이거 좋아해?,기분 좋아?,반응형,,0.0,,,25.0,90.0,50.0,78.0,75.0,0.61622,17.74,66.0,0.0,0.0,0.7978,기분 좋아요.,"아, 좋아요.",화면 영문 자막 대조,44.13,T3,화자·문맥·자연스러움 집중 검토,,77.48344370860927,58.14,P2,앞뒤 5블록·사진·오류 기억을 함께 검토
ABF-338,사진 대조 1차 교정본,383,"00:58:50,130 --> 00:58:51,110",0.98,기분 좋아?,좋아요. 좋아요. 정말 좋아요.,침을 더 묻혀 줬으면 좋겠어요.,반응형,,0.03,,,25.0,90.0,50.0,78.0,75.0,0.42794,0.0,66.0,0.0,0.0,0.5954,"아, 거기... 기분 좋아?","아, 거기… 기분 좋아?",,33.03,T4,구조검사 통과 시 유지,,35.9271523178808,34.25,P4,회귀검사 통과 시 유지
ABF-338,사진 대조 1차 교정본,384,"00:59:18,720 --> 00:59:25,160",6.44,침을 더 묻혀 줬으면 좋겠어요.,기분 좋아?,침을 잔뜩 묻혀 주세요.,반응형,,0.02,,,25.0,90.0,50.0,78.0,79.0,0.83311,0.0,66.0,0.0,0.0,0.2928,기억해 줬으면 해?,"여기, 기억해 줬으면 해요.",사진 장면 확인 및 한국어 번역투·ASR 오역 교정,50.29,T3,화자·문맥·자연스러움 집중 검토,,93.87417218543047,68.6,P2,앞뒤 5블록·사진·오류 기억을 함께 검토
ABF-338,사진 대조 1차 교정본,385,"00:59:25,620 --> 00:59:26,720",1.1,침을 잔뜩 묻혀 주세요.,침을 더 묻혀 줬으면 좋겠어요.,침을 더 묻혀 줬으면 해?,존댓말형,,0.02,,,25.0,90.0,50.0,78.0,79.0,0.75907,0.0,66.0,0.0,18.0,0.4968,유두에도 침을 잔뜩 묻혀.,젖꼭지에도 침 잔뜩 묻혀.,,48.62,T3,화자·문맥·자연스러움 집중 검토,formality_shift,89.56953642384106,65.82,P2,앞뒤 5블록·사진·오류 기억을 함께 검토
ABF-338,사진 대조 1차 교정본,386,"00:59:26,720 --> 00:59:26,880",0.16,침을 더 묻혀 줬으면 해?,침을 잔뜩 묻혀 주세요.,"네, 부탁해요.",반응형,,0.02,,,25.0,90.0,50.0,78.0,79.0,0.82135,0.0,66.0,70.0,0.0,0.5199,기억해 줬으면 해?,"여기, 기억해 줬으면 해요.",사진 장면 확인 및 한국어 번역투·ASR 오역 교정,56.8,T3,화자·문맥·자연스러움 집중 검토,high_cps,99.17218543046357,74.6,P1,장면 패킷을 열고 후보 3개를 생성해 반증 검토
ABF-338,사진 대조 1차 교정본,387,"00:59:27,120 --> 00:59:27,740",0.62,"네, 부탁해요.",침을 더 묻혀 줬으면 해?,정말 제멋대로네.,반말형,,0.02,,,25.0,90.0,50.0,78.0,75.0,0.49074,0.0,66.0,0.0,0.0,0.3468,부탁해.,그대로 해 줘.,손상된 일본어 ASR + 타임스탬프 사진 + 앞뒤 문맥 추론,35.67,T3,화자·문맥·자연스러움 집중 검토,,46.52317880794702,40.23,P3,말투·질문응답·가독성 위주 검토
ABF-338,사진 대조 1차 교정본,388,"00:59:29,700 --> 00:59:30,660",0.96,정말 제멋대로네.,"네, 부탁해요.",죄송해요.,반말형,,0.0,,,25.0,90.0,50.0,78.0,75.0,0.39595,0.0,66.0,0.0,0.0,0.2922,제멋대로인 말을 계속 퍼부었다.,자기 좋을 대로 말을 쏟아냈다.,,31.69,T4,구조검사 통과 시 유지,,31.70529801324503,31.7,P4,회귀검사 통과 시 유지
ABF-338,사진 대조 1차 교정본,389,"00:59:30,980 --> 00:59:31,520",0.54,죄송해요.,정말 제멋대로네.,미치겠어요.,반말형,,0.02,,,25.0,90.0,50.0,78.0,75.0,0.20441,11.94,66.0,0.0,0.0,0.7495,"하앗, 죄송해요.","하앗, 기분 좋아요.",장면·앞뒤 반응 복원,25.8,T4,구조검사 통과 시 유지,,14.90066225165563,21.22,P4,회귀검사 통과 시 유지
ABF-338,사진 대조 1차 교정본,390,"00:59:43,530 --> 00:59:44,150",0.62,미치겠어요.,죄송해요.,이렇게요?,반응형,,0.03,,,25.0,90.0,50.0,78.0,75.0,0.20997,0.0,66.0,0.0,0.0,0.1073,조금 쉬어요.,잠깐만요.,,23.88,T4,구조검사 통과 시 유지,,8.774834437086094,17.54,P4,회귀검사 통과 시 유지
ABF-338,사진 대조 1차 교정본,391,"00:59:44,150 --> 00:59:44,230",0.08,이렇게요?,미치겠어요.,좀 더 세게요?,중립·혼합형,,0.05,,,25.0,90.0,50.0,78.0,75.0,0.36352,0.0,66.0,70.0,0.0,0.2073,이렇게...,이렇게…,,37.33,T3,화자·문맥·자연스러움 집중 검토,high_cps,53.47682119205298,44.11,P3,말투·질문응답·가독성 위주 검토
ABF-338,사진 대조 1차 교정본,392,"00:59:58,410 --> 00:59:59,370",0.96,좀 더 세게요?,이렇게요?,괜찮아?,중립·혼합형,,0.01,,,25.0,90.0,50.0,78.0,75.0,0.4966,0.0,66.0,0.0,0.0,0.3677,좀 더 세게 해줘.,좀 더 세게 해 줘.,,35.92,T3,화자·문맥·자연스러움 집중 검토,,47.930463576158935,40.96,P3,말투·질문응답·가독성 위주 검토
ABF-338,사진 대조 1차 교정본,393,"00:59:59,510 --> 00:59:59,610",0.1,괜찮아?,좀 더 세게요?,"아, 그건 안 돼요.",반응형,,0.01,,,25.0,90.0,50.0,78.0,75.0,0.21891,0.0,66.0,70.0,0.0,0.541,더 해줘도 돼? 더 해줘. 괜찮아?,더 해 줘도 돼? 더 해 줘. 괜찮아?,,31.25,T4,구조검사 통과 시 유지,high_cps,29.80132450331126,30.64,P4,회귀검사 통과 시 유지
ABF-338,사진 대조 1차 교정본,394,"00:59:59,610 --> 01:00:00,690",1.08,"아, 그건 안 돼요.",괜찮아?,뭐가?,반응형,,0.01,,,25.0,90.0,50.0,78.0,75.0,0.4659,0.0,66.0,0.0,0.0,0.5681,그건 안 돼.,여기로 와.,일본어 원문 + 타임스탬프 사진 + 장면 연속성,34.63,T4,구조검사 통과 시 유지,,41.88741721854304,37.68,P4,회귀검사 통과 시 유지
ABF-338,사진 대조 1차 교정본,395,"01:00:00,830 --> 01:00:01,610",0.78,뭐가?,"아, 그건 안 돼요.",왜 그래?,중립·혼합형,,0.03,,,25.0,90.0,50.0,78.0,75.0,0.22772,0.0,66.0,0.0,0.0,0.1742,어디로 가?,여기?,일본어 원문 대조 + 자연스러운 한국어 대사 교정,24.62,T4,구조검사 통과 시 유지,,10.678807947019868,18.76,P4,회귀검사 통과 시 유지
ABF-338,사진 대조 1차 교정본,396,"01:00:04,290 --> 01:00:05,250",0.96,왜 그래?,뭐가?,안 돼요.,중립·혼합형,,0.01,,,25.0,90.0,50.0,78.0,75.0,0.37238,8.24,66.0,0.0,0.0,0.7187,"음-, 왜 그래?",음… 왜 그래?,,32.18,T4,구조검사 통과 시 유지,,34.271523178807946,33.06,P4,회귀검사 통과 시 유지
ABF-338,사진 대조 1차 교정본,397,"01:00:06,070 --> 01:00:06,550",0.48,안 돼요.,왜 그래?,자세가 흐트러져요.,중립·혼합형,,0.03,,,25.0,90.0,50.0,78.0,75.0,0.44772,0.0,66.0,0.0,0.0,0.6095,"아, 유두는 안 돼요.","아, 젖꼭지는 안 돼요.",,33.86,T4,구조검사 통과 시 유지,,38.576158940397356,35.84,P4,회귀검사 통과 시 유지
ABF-338,사진 대조 1차 교정본,398,"01:00:06,550 --> 01:00:07,670",1.12,자세가 흐트러져요.,안 돼요.,안 돼.,중립·혼합형,,0.05,,,25.0,90.0,50.0,78.0,75.0,0.54615,0.0,66.0,0.0,0.0,0.3772,이 자세가 더 잘 느껴져요.,이 자세가 더 좋아요.,,38.0,T3,화자·문맥·자연스러움 집중 검토,,56.12582781456954,45.61,P3,말투·질문응답·가독성 위주 검토
ABF-338,사진 대조 1차 교정본,399,"01:00:07,670 --> 01:00:08,470",0.8,안 돼.,자세가 흐트러져요.,조금만 참아.,중립·혼합형,,0.03,,,25.0,90.0,50.0,78.0,75.0,0.50892,42.0,66.0,0.0,0.0,1.0,안 돼.,"네, 놀랐어요.",타임스탬프 사진과 앞뒤 장면으로 대사 기능 복원,43.99,T3,화자·문맥·자연스러움 집중 검토,,77.15231788079471,57.92,P3,말투·질문응답·가독성 위주 검토
ABF-338,사진 대조 1차 교정본,400,"01:00:10,410 --> 01:00:11,370",0.96,조금만 참아.,안 돼.,응.,반응형,,0.01,,,25.0,90.0,50.0,78.0,75.0,0.46896,0.0,66.0,0.0,0.0,0.4375,조금만 더 해 주세요.,조금만 더 해 줘.,일본어 원문 대조 + 자연스러운 한국어 대사 교정,34.76,T4,구조검사 통과 시 유지,,42.384105960264904,37.96,P4,회귀검사 통과 시 유지
ABF-338,사진 대조 1차 교정본,401,"01:00:11,930 --> 01:00:12,070",0.14,응.,조금만 참아.,미칠 것 같아?,반응형,,0.03,,,25.0,90.0,50.0,78.0,75.0,0.21656,0.0,66.0,0.0,0.0,0.5144,"하-, 응.",하아… 응.,,24.16,T4,구조검사 통과 시 유지,,9.437086092715232,17.98,P4,회귀검사 통과 시 유지
ABF-338,사진 대조 1차 교정본,402,"01:00:16,050 --> 01:00:16,550",0.5,미칠 것 같아?,응.,가 버릴 것 같아?,반응형,,0.05,,,25.0,90.0,50.0,78.0,75.0,0.37222,0.0,66.0,0.0,0.0,0.4973,싸버릴 것 같아?,싸 버릴 것 같아?,,30.69,T4,구조검사 통과 시 유지,,27.897350993377483,29.52,P4,회귀검사 통과 시 유지
ABF-338,사진 대조 1차 교정본,403,"01:00:16,550 --> 01:00:20,450",3.9,가 버릴 것 같아?,미칠 것 같아?,안 돼요.,반응형,,0.05,,,25.0,90.0,50.0,78.0,75.0,0.42676,2.94,66.0,0.0,0.0,0.6745,싸버릴 것 같아?,싸 버릴 것 같아?,,33.51,T4,구조검사 통과 시 유지,,37.41721854304636,35.15,P4,회귀검사 통과 시 유지
ABF-338,사진 대조 1차 교정본,404,"01:00:29,230 --> 01:00:30,470",1.24,안 돼요.,가 버릴 것 같아?,"안 돼요, 안쪽에…",중립·혼합형,,0.03,,,25.0,90.0,50.0,78.0,75.0,0.24367,0.0,66.0,0.0,0.0,0.6095,"아, 유두는 안 돼요.","아, 젖꼭지는 안 돼요.",,25.29,T4,구조검사 통과 시 유지,,13.90728476821192,20.51,P4,회귀검사 통과 시 유지
ABF-338,사진 대조 1차 교정본,405,"01:00:36,610 --> 01:00:38,490",1.88,"안 돼요, 안쪽에…",안 돼요.,"미안해요, 너무 기분 좋아서.",중립·혼합형,,0.01,,,25.0,90.0,50.0,78.0,79.0,0.55048,0.0,66.0,0.0,0.0,0.5626,"안 돼요, 안쪽에...","안 돼요, 안쪽에…",,38.42,T3,화자·문맥·자연스러움 집중 검토,,57.450331125827816,46.41,P3,말투·질문응답·가독성 위주 검토
ABF-338,사진 대조 1차 교정본,406,"01:00:38,730 --> 01:00:42,150",3.42,"미안해요, 너무 기분 좋아서.","안 돼요, 안쪽에…",안 돼요.,반응형,,0.03,,,25.0,90.0,50.0,78.0,75.0,0.5269,0.0,66.0,0.0,0.0,0.2658,"하아, 너무 기분 좋아...","하아, 너무 기분 좋아…",,37.19,T3,화자·문맥·자연스러움 집중 검토,,52.81456953642384,43.75,P3,말투·질문응답·가독성 위주 검토
ABF-338,사진 대조 1차 교정본,407,"01:01:06,560 --> 01:01:22,150",15.59,안 돼요.,"미안해요, 너무 기분 좋아서.",기분 좋아?,중립·혼합형,,0.04,,,25.0,90.0,50.0,78.0,75.0,0.32205,0.0,66.0,0.0,0.0,0.6095,"아, 유두는 안 돼요.","아, 젖꼭지는 안 돼요.",,28.59,T4,구조검사 통과 시 유지,,22.185430463576157,25.9,P4,회귀검사 통과 시 유지
ABF-338,사진 대조 1차 교정본,408,"01:01:28,600 --> 01:01:29,500",0.9,기분 좋아?,안 돼요.,"네, 기분 좋아요.",반응형,,0.0,,,25.0,90.0,50.0,78.0,75.0,0.30239,0.0,66.0,0.0,0.0,0.5954,"아, 거기... 기분 좋아?","아, 거기… 기분 좋아?",,27.76,T4,구조검사 통과 시 유지,,19.70198675496689,24.38,P4,회귀검사 통과 시 유지
ABF-338,사진 대조 1차 교정본,409,"01:01:30,280 --> 01:01:31,380",1.1,"네, 기분 좋아요.",기분 좋아?,왜 그래? 무슨 일이야?,반응형,,0.02,,,25.0,90.0,50.0,78.0,75.0,0.63023,24.22,66.0,0.0,0.0,0.8518,기분 좋아요.,"아, 좋아요.",화면 영문 자막 대조,45.89,T3,화자·문맥·자연스러움 집중 검토,,82.28476821192054,61.18,P2,앞뒤 5블록·사진·오류 기억을 함께 검토
ABF-338,사진 대조 1차 교정본,410,"01:02:18,990 --> 01:02:20,750",1.76,왜 그래? 무슨 일이야?,"네, 기분 좋아요.",너무 좋아서요.,반말형,,0.01,,,25.0,90.0,50.0,78.0,75.0,0.6545,0.0,66.0,0.0,0.0,0.4299,"음-, 왜 그래?",음… 왜 그래?,,42.55,T3,화자·문맥·자연스러움 집중 검토,,73.17880794701986,55.41,P3,말투·질문응답·가독성 위주 검토
ABF-338,사진 대조 1차 교정본,411,"01:02:20,990 --> 01:02:21,870",0.88,너무 좋아서요.,왜 그래? 무슨 일이야?,위험해?,반응형,,0.01,,,25.0,90.0,50.0,78.0,75.0,0.49223,0.0,66.0,0.0,0.0,0.2295,"하아, 너무 기분 좋아...","하아, 너무 기분 좋아…",,35.73,T3,화자·문맥·자연스러움 집중 검토,,47.019867549668874,40.47,P3,말투·질문응답·가독성 위주 검토
ABF-338,사진 대조 1차 교정본,412,"01:02:25,070 --> 01:02:25,890",0.82,위험해?,너무 좋아서요.,괜찮아?,반말형,,0.03,,,25.0,90.0,50.0,78.0,75.0,0.23256,0.0,66.0,0.0,0.0,0.4088,위험해.,큰일 나.,,24.83,T4,구조검사 통과 시 유지,,11.754966887417218,19.34,P4,회귀검사 통과 시 유지
ABF-338,사진 대조 1차 교정본,413,"01:02:25,890 --> 01:02:25,950",0.06,괜찮아?,위험해?,괜찮잖아. 기분 좋지?,반응형,,0.01,,,25.0,90.0,50.0,78.0,75.0,0.40269,0.0,66.0,70.0,0.0,0.541,더 해줘도 돼? 더 해줘. 괜찮아?,더 해 줘도 돼? 더 해 줘. 괜찮아?,,38.97,T3,화자·문맥·자연스러움 집중 검토,high_cps,59.35430463576159,47.53,P3,말투·질문응답·가독성 위주 검토
ABF-338,사진 대조 1차 교정본,414,"01:02:27,850 --> 01:02:29,290",1.44,괜찮잖아. 기분 좋지?,괜찮아?,안 돼요.,반응형,,0.05,,,25.0,90.0,50.0,78.0,75.0,0.56698,0.0,66.0,0.0,0.0,0.641,기분 좋지?,흥분되면 말해 봐.,화면 영문 자막 대조,38.87,T3,화자·문맥·자연스러움 집중 검토,,58.443708609271525,47.09,P3,말투·질문응답·가독성 위주 검토
ABF-338,사진 대조 1차 교정본,415,"01:02:30,530 --> 01:02:31,010",0.48,안 돼요.,괜찮잖아. 기분 좋지?,안 돼.,중립·혼합형,,0.03,,,25.0,90.0,50.0,78.0,75.0,0.40097,0.0,66.0,0.0,0.0,0.6095,"아, 유두는 안 돼요.","아, 젖꼭지는 안 돼요.",,31.9,T4,구조검사 통과 시 유지,,32.94701986754967,32.34,P4,회귀검사 통과 시 유지
ABF-338,사진 대조 1차 교정본,416,"01:02:50,890 --> 01:02:51,850",0.96,안 돼.,안 돼요.,안 돼요.,중립·혼합형,,0.01,,,25.0,90.0,50.0,78.0,75.0,0.31106,42.0,66.0,0.0,0.0,1.0,안 돼.,"네, 놀랐어요.",타임스탬프 사진과 앞뒤 장면으로 대사 기능 복원,35.68,T3,화자·문맥·자연스러움 집중 검토,,46.688741721854306,40.3,P3,말투·질문응답·가독성 위주 검토
ABF-338,사진 대조 1차 교정본,417,"01:03:04,200 --> 01:03:05,400",1.2,안 돼요.,안 돼.,가슴? 보고 싶어?,중립·혼합형,,0.0,,,25.0,90.0,50.0,78.0,75.0,0.29704,0.0,66.0,0.0,0.0,0.6095,"아, 유두는 안 돼요.","아, 젖꼭지는 안 돼요.",,27.54,T4,구조검사 통과 시 유지,,18.956953642384107,23.94,P4,회귀검사 통과 시 유지
ABF-338,사진 대조 1차 교정본,418,"01:03:10,010 --> 01:03:11,790",1.78,가슴? 보고 싶어?,안 돼요.,보고 싶어요.,반응형,,0.01,,,25.0,90.0,50.0,78.0,79.0,0.57165,0.0,66.0,0.0,0.0,0.3874,잘 빨고 싶어?,계속 빨고 싶어?,일본어 원문 대조 + 자연스러운 한국어 대사 교정,39.31,T3,화자·문맥·자연스러움 집중 검토,,61.09271523178808,48.46,P3,말투·질문응답·가독성 위주 검토
ABF-338,사진 대조 1차 교정본,419,"01:03:11,950 --> 01:03:12,710",0.76,보고 싶어요.,가슴? 보고 싶어?,이 정도면 돼?,반응형,,0.05,,,25.0,90.0,50.0,78.0,75.0,0.35769,0.0,66.0,0.0,0.0,0.594,저도 그런 말을 들어 보고 싶어요.,그런 말 들으면 기분 좋아요.,타임스탬프 사진과 앞뒤 장면으로 대사 기능 복원,30.08,T4,구조검사 통과 시 유지,,25.99337748344371,28.36,P4,회귀검사 통과 시 유지
ABF-338,사진 대조 1차 교정본,420,"01:03:16,710 --> 01:03:17,350",0.64,이 정도면 돼?,보고 싶어요.,좀 더 가까이 와 주세요.,중립·혼합형,,0.01,,,25.0,90.0,50.0,78.0,75.0,0.53898,0.0,66.0,0.0,0.0,0.2727,더 해줘도 돼?,더 해 줘도 돼?,,37.7,T3,화자·문맥·자연스러움 집중 검토,,55.62913907284768,45.23,P3,말투·질문응답·가독성 위주 검토
ABF-338,사진 대조 1차 교정본,421,"01:03:19,890 --> 01:03:21,550",1.66,좀 더 가까이 와 주세요.,이 정도면 돼?,이건 어때?,존댓말형,,0.01,,,25.0,90.0,50.0,78.0,75.0,0.7123,0.0,66.0,0.0,0.0,0.6263,여기 가까이 와 봐.,조금 더 가까이 와 봐.,손상된 일본어 ASR + 타임스탬프 사진 + 앞뒤 문맥 추론,44.98,T3,화자·문맥·자연스러움 집중 검토,,79.55298013245033,59.5,P2,앞뒤 5블록·사진·오류 기억을 함께 검토
ABF-338,사진 대조 1차 교정본,422,"01:03:28,510 --> 01:03:28,670",0.16,이건 어때?,좀 더 가까이 와 주세요.,하아…,반응형,,0.01,,,25.0,90.0,50.0,78.0,75.0,0.6593,0.0,66.0,70.0,0.0,0.518,어때? 맛은?,어때? 맛 평가해 줘.,일본어 원문 대조 + 자연스러운 한국어 대사 교정,49.75,T3,화자·문맥·자연스러움 집중 검토,high_cps,92.54966887417218,67.73,P2,앞뒤 5블록·사진·오류 기억을 함께 검토
ABF-338,사진 대조 1차 교정본,423,"01:03:30,390 --> 01:03:31,190",0.8,하아…,이건 어때?,핥아도 돼요?,반응형,,0.01,,,25.0,90.0,50.0,78.0,75.0,0.31968,42.0,66.0,0.0,0.0,1.0,하아…,보여 줘.,일본어 원문 + 타임스탬프 사진 + 장면 연속성,36.05,T3,화자·문맥·자연스러움 집중 검토,,48.17880794701987,41.14,P3,말투·질문응답·가독성 위주 검토
ABF-338,사진 대조 1차 교정본,424,"01:03:31,810 --> 01:03:32,510",0.7,핥아도 돼요?,하아…,핥고 싶어?,반응형,,0.01,,,25.0,90.0,50.0,78.0,79.0,0.71474,0.0,66.0,0.0,0.0,0.4221,말해도 돼요?,이제 해도 돼요?,타임스탬프 사진과 앞뒤 장면으로 대사 기능 복원,45.32,T3,화자·문맥·자연스러움 집중 검토,,80.54635761589404,60.12,P2,앞뒤 5블록·사진·오류 기억을 함께 검토
ABF-338,사진 대조 1차 교정본,425,"01:03:32,890 --> 01:03:33,570",0.68,핥고 싶어?,핥아도 돼요?,응?,반응형,,0.01,,,25.0,90.0,50.0,78.0,79.0,0.52228,0.0,66.0,0.0,0.0,0.5006,잘 빨고 싶어?,계속 빨고 싶어?,일본어 원문 대조 + 자연스러운 한국어 대사 교정,37.24,T3,화자·문맥·자연스러움 집중 검토,,53.14569536423841,43.92,P3,말투·질문응답·가독성 위주 검토
ABF-338,사진 대조 1차 교정본,426,"01:03:33,570 --> 01:03:33,630",0.06,응?,핥고 싶어?,더 해 줄까?,반응형,,0.03,,,25.0,90.0,50.0,78.0,75.0,0.31861,0.0,66.0,70.0,0.0,0.4756,응? 잠깐 기다려…,응? 잠깐만…,일본어 원문 대조 + 자연스러운 한국어 대사 교정,35.44,T3,화자·문맥·자연스러움 집중 검토,high_cps,45.36423841059602,39.61,P4,회귀검사 통과 시 유지
ABF-338,사진 대조 1차 교정본,427,"01:03:34,730 --> 01:03:35,470",0.74,더 해 줄까?,응?,여기도 핥고 싶어요.,반말형,,0.03,,,25.0,90.0,50.0,78.0,75.0,0.52194,0.0,66.0,0.0,0.0,0.5337,여기서 뭘 보여 줄까?,뭘 보여 줄까?,손상된 일본어 ASR + 타임스탬프 사진 + 앞뒤 문맥 추론,36.98,T3,화자·문맥·자연스러움 집중 검토,,51.98675496688742,43.28,P3,말투·질문응답·가독성 위주 검토
ABF-338,사진 대조 1차 교정본,428,"01:03:35,690 --> 01:03:54,310",18.62,여기도 핥고 싶어요.,더 해 줄까?,물지는 마?,반응형,,0.01,,,25.0,90.0,50.0,78.0,79.0,0.82779,0.0,66.0,0.0,0.0,0.5065,여기도 해줘.,여기도 해 줘.,,50.07,T3,화자·문맥·자연스러움 집중 검토,,93.21192052980133,68.19,P2,앞뒤 5블록·사진·오류 기억을 함께 검토
ABF-338,사진 대조 1차 교정본,429,"01:04:01,800 --> 01:04:05,540",3.74,물지는 마?,여기도 핥고 싶어요.,이 각도는 어때?,반말형,,0.0,,,25.0,90.0,50.0,78.0,75.0,0.39247,0.0,66.0,0.0,0.0,0.1952,엄마?,왜?,타임스탬프 사진과 장면 흐름으로 명백한 오인식 교정,31.54,T4,구조검사 통과 시 유지,,31.125827814569533,31.37,P4,회귀검사 통과 시 유지
ABF-338,사진 대조 1차 교정본,430,"01:04:07,980 --> 01:04:09,340",1.36,이 각도는 어때?,물지는 마?,이쪽 각도도 괜찮아?,반응형,,0.02,,,25.0,90.0,50.0,78.0,75.0,0.46898,0.0,66.0,0.0,0.0,0.415,어때? 맛은?,어때? 맛 평가해 줘.,일본어 원문 대조 + 자연스러운 한국어 대사 교정,34.76,T4,구조검사 통과 시 유지,,42.384105960264904,37.96,P4,회귀검사 통과 시 유지
ABF-338,사진 대조 1차 교정본,431,"01:04:09,340 --> 01:04:09,460",0.12,이쪽 각도도 괜찮아?,이 각도는 어때?,이 자세가 더 좋아요.,반응형,,0.04,,,25.0,90.0,50.0,78.0,75.0,0.65258,0.0,66.0,70.0,0.0,0.3429,더 해줘도 돼? 더 해줘. 괜찮아?,더 해 줘도 돼? 더 해 줘. 괜찮아?,,49.47,T3,화자·문맥·자연스러움 집중 검토,high_cps,91.88741721854305,67.29,P2,앞뒤 5블록·사진·오류 기억을 함께 검토
ABF-338,사진 대조 1차 교정본,432,"01:04:09,460 --> 01:04:37,840",28.38,이 자세가 더 좋아요.,이쪽 각도도 괜찮아?,잠깐만요…,반응형,,0.04,,,25.0,90.0,50.0,78.0,75.0,0.76525,0.0,66.0,0.0,0.0,0.5351,이 자세가 좋은 거야?,내가 신진대사가 좋은 건가?,일본어 원문 대조 + 자연스러운 한국어 대사 교정,47.2,T3,화자·문맥·자연스러움 집중 검토,,85.26490066225165,63.19,P2,앞뒤 5블록·사진·오류 기억을 함께 검토
ABF-338,사진 대조 1차 교정본,433,"01:04:37,880 --> 01:04:39,220",1.34,잠깐만요…,이 자세가 더 좋아요.,정말?,반응형,,0.02,,,25.0,90.0,50.0,78.0,75.0,0.4393,42.0,66.0,0.0,0.0,1.0,잠깐만요…,잠깐만…,일본어 원문 대조 + 자연스러운 한국어 대사 교정,41.07,T3,화자·문맥·자연스러움 집중 검토,,68.04635761589404,52.4,P3,말투·질문응답·가독성 위주 검토
ABF-338,사진 대조 1차 교정본,434,"01:04:40,880 --> 01:04:41,400",0.52,정말?,잠깐만요…,여기가 좋은 거야?,중립·혼합형,,0.02,,,25.0,90.0,50.0,78.0,75.0,0.43781,42.0,66.0,0.0,0.0,1.0,정말?,응.,일본어 원문 + 타임스탬프 사진 + 장면 연속성,41.01,T3,화자·문맥·자연스러움 집중 검토,,67.71523178807946,52.23,P3,말투·질문응답·가독성 위주 검토
ABF-338,사진 대조 1차 교정본,435,"01:04:41,400 --> 01:04:42,620",1.22,여기가 좋은 거야?,정말?,"네, 거기가 좋아요.",반말형,,0.0,,,25.0,90.0,50.0,78.0,75.0,0.53863,0.0,66.0,0.0,0.0,0.5286,이 자세가 좋은 거야?,내가 신진대사가 좋은 건가?,일본어 원문 대조 + 자연스러운 한국어 대사 교정,37.68,T3,화자·문맥·자연스러움 집중 검토,,55.132450331125824,45.01,P3,말투·질문응답·가독성 위주 검토
ABF-338,사진 대조 1차 교정본,436,"01:04:42,620 --> 01:04:42,720",0.1,"네, 거기가 좋아요.",여기가 좋은 거야?,조금만 더 해 주세요.,반응형,,0.02,,,25.0,90.0,50.0,78.0,75.0,0.76062,0.0,66.0,70.0,0.0,0.469,기분 좋아요.,"아, 좋아요.",화면 영문 자막 대조,54.01,T3,화자·문맥·자연스러움 집중 검토,high_cps,97.84768211920529,72.42,P1,장면 패킷을 열고 후보 3개를 생성해 반증 검토
ABF-338,사진 대조 1차 교정본,437,"01:04:43,340 --> 01:04:45,580",2.24,조금만 더 해 주세요.,"네, 거기가 좋아요.",이대로 계속해 줘요.,중립·혼합형,,0.04,,,25.0,90.0,50.0,78.0,75.0,0.72128,42.0,66.0,0.0,0.0,1.0,조금만 더 해 주세요.,조금만 더 해 줘.,일본어 원문 대조 + 자연스러운 한국어 대사 교정,52.91,T3,화자·문맥·자연스러움 집중 검토,,97.18543046357617,71.51,P2,앞뒤 5블록·사진·오류 기억을 함께 검토
ABF-338,사진 대조 1차 교정본,438,"01:04:45,580 --> 01:04:47,520",1.94,이대로 계속해 줘요.,조금만 더 해 주세요.,"뭐야, 잠깐만요.",반말형,,0.02,,,25.0,90.0,50.0,78.0,75.0,0.77576,0.0,66.0,0.0,0.0,0.3718,이대로 조금 더 해 주세요.,그대로 조금 더 해 줘.,손상된 일본어 ASR + 타임스탬프 사진 + 앞뒤 문맥 추론,47.64,T3,화자·문맥·자연스러움 집중 검토,,86.75496688741721,64.07,P2,앞뒤 5블록·사진·오류 기억을 함께 검토
ABF-338,사진 대조 1차 교정본,439,"01:04:49,040 --> 01:04:49,980",0.94,"뭐야, 잠깐만요.",이대로 계속해 줘요.,안쪽까지 맛보고 싶어요.,반응형,,0.04,,,25.0,90.0,50.0,78.0,75.0,0.59661,8.57,66.0,0.0,0.0,0.7214,잠깐만요.,조금만 기다려.,일본어 원문 대조 + 자연스러운 한국어 대사 교정,41.66,T3,화자·문맥·자연스러움 집중 검토,,69.86754966887418,53.51,P3,말투·질문응답·가독성 위주 검토
ABF-338,사진 대조 1차 교정본,440,"01:04:56,600 --> 01:05:05,220",8.62,안쪽까지 맛보고 싶어요.,"뭐야, 잠깐만요.",먹고 싶어?,반응형,,0.0,,,25.0,90.0,50.0,78.0,79.0,0.7765,0.0,66.0,0.0,0.0,0.5309,안쪽까지 안 가?,더 안쪽까지 안 들어가?,일본어 원문 대조 + 자연스러운 한국어 대사 교정,47.91,T3,화자·문맥·자연스러움 집중 검토,,86.9205298013245,64.29,P2,앞뒤 5블록·사진·오류 기억을 함께 검토
ABF-338,사진 대조 1차 교정본,441,"01:05:05,400 --> 01:05:05,960",0.56,먹고 싶어?,안쪽까지 맛보고 싶어요.,네.,반응형,,0.0,,,25.0,90.0,50.0,78.0,75.0,0.30949,0.0,66.0,0.0,0.0,0.5201,잘 빨고 싶어?,계속 빨고 싶어?,일본어 원문 대조 + 자연스러운 한국어 대사 교정,28.06,T4,구조검사 통과 시 유지,,20.86092715231788,25.04,P4,회귀검사 통과 시 유지
ABF-338,사진 대조 1차 교정본,442,"01:05:06,380 --> 01:05:07,060",0.68,네.,먹고 싶어?,먹고 싶어졌어?,반말형,,0.02,,,25.0,90.0,50.0,78.0,75.0,0.10811,6.48,66.0,0.0,0.0,0.704,"네, 네.",네.,불필요한 반복 제거,20.77,T4,구조검사 통과 시 유지,,2.152317880794702,12.95,P4,회귀검사 통과 시 유지
ABF-338,사진 대조 1차 교정본,443,"01:05:08,400 --> 01:05:09,840",1.44,먹고 싶어졌어?,네.,응.,반응형,,0.0,,,25.0,90.0,50.0,78.0,75.0,0.42942,0.0,66.0,0.0,0.0,0.2116,하고 싶어졌습니다.,하고 싶어졌어요.,,33.1,T4,구조검사 통과 시 유지,,36.092715231788084,34.36,P4,회귀검사 통과 시 유지
ABF-338,사진 대조 1차 교정본,444,"01:05:33,570 --> 01:05:34,330",0.76,응.,먹고 싶어졌어?,이거 방해되지?,반응형,,0.03,,,25.0,90.0,50.0,78.0,75.0,0.27649,0.0,66.0,0.0,0.0,0.5144,"하-, 응.",하아… 응.,,26.67,T4,구조검사 통과 시 유지,,16.39072847682119,22.35,P4,회귀검사 통과 시 유지
ABF-338,사진 대조 1차 교정본,445,"01:05:45,350 --> 01:05:46,250",0.9,이거 방해되지?,응.,으음…,반말형,,0.05,,,25.0,90.0,50.0,78.0,75.0,0.40494,0.0,66.0,0.0,0.0,0.1861,이거 가지고 있어?,이런 거 써 봤어?,,32.07,T4,구조검사 통과 시 유지,,33.443708609271525,32.65,P4,회귀검사 통과 시 유지
ABF-338,사진 대조 1차 교정본,446,"01:05:46,250 --> 01:05:48,150",1.9,으음…,이거 방해되지?,아…,반응형,,0.05,,,25.0,90.0,50.0,78.0,75.0,0.17453,0.0,66.0,0.0,0.0,0.2655,"으음, 으음...","으음, 으음…",,22.39,T4,구조검사 통과 시 유지,,5.4635761589403975,15.28,P4,회귀검사 통과 시 유지
ABF-338,사진 대조 1차 교정본,447,"01:06:02,320 --> 01:06:27,260",24.94,아…,으음…,하아…,반응형,,0.02,,,25.0,90.0,50.0,78.0,75.0,0.33271,13.09,66.0,0.0,0.0,0.7591,"싫어, 아… 아… 아…",싫어… 아… 아…,일본어 원문 대조 + 자연스러운 한국어 대사 교정,31.39,T4,구조검사 통과 시 유지,,30.132450331125828,30.86,P4,회귀검사 통과 시 유지
ABF-338,사진 대조 1차 교정본,448,"01:06:32,600 --> 01:06:33,580",0.98,하아…,아…,맛있었어?,반응형,,0.0,,,25.0,90.0,50.0,78.0,75.0,0.29381,42.0,66.0,0.0,0.0,1.0,하아…,보여 줘.,일본어 원문 + 타임스탬프 사진 + 장면 연속성,34.96,T4,구조검사 통과 시 유지,,43.54304635761589,38.56,P4,회귀검사 통과 시 유지
ABF-338,사진 대조 1차 교정본,449,"01:06:34,740 --> 01:06:36,220",1.48,맛있었어?,하아…,맛있어요.,반응형,,0.04,,,25.0,90.0,50.0,78.0,75.0,0.31711,0.0,66.0,0.0,0.0,0.3741,빨 생각하고 있었어?,아까부터 빨 생각만 했지?,일본어 원문 대조 + 자연스러운 한국어 대사 교정,28.38,T4,구조검사 통과 시 유지,,21.52317880794702,25.5,P4,회귀검사 통과 시 유지
ABF-338,사진 대조 1차 교정본,450,"01:06:36,360 --> 01:06:37,080",0.72,맛있어요.,맛있었어?,더 핥을래?,반응형,,0.04,,,25.0,90.0,50.0,78.0,75.0,0.2479,0.0,66.0,0.0,0.0,0.3382,맛있어...,맛있어…,,25.47,T4,구조검사 통과 시 유지,,14.652317880794701,20.93,P4,회귀검사 통과 시 유지
ABF-338,사진 대조 1차 교정본,451,"01:06:37,300 --> 01:06:38,500",1.2,더 핥을래?,맛있어요.,잠깐만요.,중립·혼합형,,0.0,,,25.0,90.0,50.0,78.0,79.0,0.71713,0.0,66.0,0.0,0.0,0.2419,더 보지 소리 들려주지 않을래?,더 좋은 소리 들려주지 않을래?,타임스탬프 사진과 장면 흐름으로 명백한 오인식 교정,45.42,T3,화자·문맥·자연스러움 집중 검토,,81.12582781456953,60.42,P2,앞뒤 5블록·사진·오류 기억을 함께 검토
ABF-338,사진 대조 1차 교정본,452,"01:06:38,500 --> 01:06:39,960",1.46,잠깐만요.,더 핥을래?,괜찮아요?,반응형,,0.0,,,25.0,90.0,50.0,78.0,75.0,0.40093,42.0,66.0,0.0,0.0,1.0,잠깐만요.,조금만 기다려.,일본어 원문 대조 + 자연스러운 한국어 대사 교정,39.46,T3,화자·문맥·자연스러움 집중 검토,,62.251655629139066,49.03,P3,말투·질문응답·가독성 위주 검토
ABF-338,사진 대조 1차 교정본,453,"01:06:48,320 --> 01:06:49,540",1.22,괜찮아요?,잠깐만요.,잘 먹었습니다.,반응형,,0.02,,,25.0,90.0,50.0,78.0,75.0,0.37705,0.0,66.0,0.0,18.0,0.511,빨아 줬으면 좋겠는데… 괜찮아요?,거기 좋아… 그대로 해 줘.,손상된 일본어 ASR + 타임스탬프 사진 + 앞뒤 문맥 추론,32.34,T4,구조검사 통과 시 유지,formality_shift,34.602649006622514,33.29,P4,회귀검사 통과 시 유지
ABF-338,사진 대조 1차 교정본,454,"01:07:48,400 --> 01:07:49,800",1.4,잘 먹었습니다.,괜찮아요?,이제 안에 넣고 싶어요.,존댓말형,,0.0,,,25.0,90.0,50.0,78.0,75.0,0.3932,11.67,66.0,0.0,18.0,0.7472,당신을 먹었습니다.,맛있게 먹었어요.,,35.11,T3,화자·문맥·자연스러움 집중 검토,formality_shift,44.205298013245034,38.93,P4,회귀검사 통과 시 유지
ABF-338,사진 대조 1차 교정본,455,"01:08:32,770 --> 01:08:35,370",2.6,이제 안에 넣고 싶어요.,잘 먹었습니다.,안에 넣고 싶어?,반응형,,0.03,,,25.0,90.0,50.0,78.0,79.0,0.66344,0.0,66.0,0.0,0.0,0.4565,안에 넣고 싶어도 괜찮아.,넣어도 괜찮지?,,43.16,T3,화자·문맥·자연스러움 집중 검토,,74.50331125827815,56.32,P3,말투·질문응답·가독성 위주 검토
ABF-338,사진 대조 1차 교정본,456,"01:08:35,790 --> 01:08:37,750",1.96,안에 넣고 싶어?,이제 안에 넣고 싶어요.,넣고 싶어요.,반응형,,0.01,,,25.0,90.0,50.0,78.0,79.0,0.5705,0.0,66.0,0.0,0.0,0.5107,안에 넣고 싶어도 괜찮아.,넣어도 괜찮지?,,39.26,T3,화자·문맥·자연스러움 집중 검토,,60.9271523178808,48.36,P3,말투·질문응답·가독성 위주 검토
ABF-338,사진 대조 1차 교정본,457,"01:08:37,930 --> 01:08:38,790",0.86,넣고 싶어요.,안에 넣고 싶어?,넣고 싶어졌어?,반응형,,0.03,,,25.0,90.0,50.0,78.0,79.0,0.56964,0.0,66.0,0.0,0.0,0.5499,넣고 싶어.,빨리 넣고 싶어.,일본어 원문 대조 + 자연스러운 한국어 대사 교정,39.22,T3,화자·문맥·자연스러움 집중 검토,,60.59602649006622,48.2,P3,말투·질문응답·가독성 위주 검토
ABF-338,사진 대조 1차 교정본,458,"01:08:51,610 --> 01:08:53,070",1.46,넣고 싶어졌어?,넣고 싶어요.,아파?,반응형,,0.01,,,25.0,90.0,50.0,78.0,79.0,0.56716,0.0,66.0,0.0,0.0,0.3994,넣고 싶어.,빨리 넣고 싶어.,일본어 원문 대조 + 자연스러운 한국어 대사 교정,39.12,T3,화자·문맥·자연스러움 집중 검토,,60.016556291390735,47.9,P3,말투·질문응답·가독성 위주 검토
ABF-338,사진 대조 1차 교정본,459,"01:08:54,550 --> 01:08:55,450",0.9,아파?,넣고 싶어졌어?,좋아요.,반응형,,0.05,,,25.0,90.0,50.0,78.0,75.0,0.24091,0.0,66.0,0.0,0.0,0.1876,"아파, 아파, 아파...","아파, 아파, 아파…",,25.18,T4,구조검사 통과 시 유지,,13.079470198675496,20.1,P4,회귀검사 통과 시 유지
ABF-338,사진 대조 1차 교정본,460,"01:08:59,330 --> 01:09:00,090",0.76,좋아요.,아파?,넣고 싶어?,반응형,,0.03,,,25.0,90.0,50.0,78.0,75.0,0.22307,23.18,66.0,0.0,0.0,0.8432,기분 좋아요.,"아, 좋아요.",화면 영문 자막 대조,28.6,T4,구조검사 통과 시 유지,,22.350993377483444,25.98,P4,회귀검사 통과 시 유지
ABF-338,사진 대조 1차 교정본,461,"01:09:18,300 --> 01:09:18,940",0.64,넣고 싶어?,좋아요.,정말 넣고 싶어?,반응형,,0.0,,,25.0,90.0,50.0,78.0,79.0,0.58166,0.0,66.0,0.0,0.0,0.5681,넣고 싶어.,빨리 넣고 싶어.,일본어 원문 대조 + 자연스러운 한국어 대사 교정,39.73,T3,화자·문맥·자연스러움 집중 검토,,63.079470198675494,49.54,P3,말투·질문응답·가독성 위주 검토
ABF-338,사진 대조 1차 교정본,462,"01:09:20,200 --> 01:09:20,900",0.7,정말 넣고 싶어?,넣고 싶어?,아…,반응형,,0.0,,,25.0,90.0,50.0,78.0,79.0,0.67867,0.0,66.0,0.0,0.0,0.4998,넣고 싶어.,빨리 넣고 싶어.,일본어 원문 대조 + 자연스러운 한국어 대사 교정,43.8,T3,화자·문맥·자연스러움 집중 검토,,76.32450331125827,57.46,P3,말투·질문응답·가독성 위주 검토
ABF-338,사진 대조 1차 교정본,463,"01:09:29,510 --> 01:09:29,930",0.42,아…,정말 넣고 싶어?,기분 좋아?,반응형,,0.01,,,25.0,90.0,50.0,78.0,75.0,0.20984,13.09,66.0,0.0,0.0,0.7591,"싫어, 아… 아… 아…",싫어… 아… 아…,일본어 원문 대조 + 자연스러운 한국어 대사 교정,26.23,T4,구조검사 통과 시 유지,,15.97682119205298,21.92,P4,회귀검사 통과 시 유지
ABF-338,사진 대조 1차 교정본,464,"01:10:23,980 --> 01:10:24,800",0.82,기분 좋아?,아…,기분 좋아요.,반응형,,0.02,,,25.0,90.0,50.0,78.0,75.0,0.39826,0.0,66.0,0.0,0.0,0.5954,"아, 거기... 기분 좋아?","아, 거기… 기분 좋아?",,31.79,T4,구조검사 통과 시 유지,,32.20198675496689,31.96,P4,회귀검사 통과 시 유지
ABF-338,사진 대조 1차 교정본,465,"01:10:24,840 --> 01:10:25,620",0.78,기분 좋아요.,기분 좋아?,아…,반응형,,0.04,,,25.0,90.0,50.0,78.0,75.0,0.43268,42.0,66.0,0.0,0.0,1.0,기분 좋아요.,"아, 좋아요.",화면 영문 자막 대조,40.79,T3,화자·문맥·자연스러움 집중 검토,,66.05960264900662,51.4,P3,말투·질문응답·가독성 위주 검토
ABF-338,사진 대조 1차 교정본,466,"01:10:40,950 --> 01:10:45,330",4.38,아…,기분 좋아요.,으음…,반응형,,0.05,,,25.0,90.0,50.0,78.0,75.0,0.17915,13.09,66.0,0.0,0.0,0.7591,"싫어, 아… 아… 아…",싫어… 아… 아…,일본어 원문 대조 + 자연스러운 한국어 대사 교정,24.94,T4,구조검사 통과 시 유지,,12.08609271523179,19.54,P4,회귀검사 통과 시 유지
ABF-338,사진 대조 1차 교정본,467,"01:10:47,730 --> 01:10:49,550",1.82,으음…,아…,하아…,반응형,,0.03,,,25.0,90.0,50.0,78.0,75.0,0.285,0.0,66.0,0.0,0.0,0.2655,"으음, 으음...","으음, 으음…",,27.03,T4,구조검사 통과 시 유지,,17.301324503311257,22.94,P4,회귀검사 통과 시 유지
ABF-338,사진 대조 1차 교정본,468,"01:10:54,480 --> 01:10:55,580",1.1,하아…,으음…,미치겠어요.,반응형,,0.02,,,25.0,90.0,50.0,78.0,75.0,0.30224,42.0,66.0,0.0,0.0,1.0,하아…,보여 줘.,일본어 원문 + 타임스탬프 사진 + 장면 연속성,35.31,T3,화자·문맥·자연스러움 집중 검토,,44.70198675496689,39.25,P4,회귀검사 통과 시 유지
ABF-338,사진 대조 1차 교정본,469,"01:11:00,760 --> 01:11:02,560",1.8,미치겠어요.,하아…,"아, 너무 좋아요.",반응형,,0.04,,,25.0,90.0,50.0,78.0,75.0,0.364,0.0,66.0,0.0,0.0,0.1073,조금 쉬어요.,잠깐만요.,,30.35,T4,구조검사 통과 시 유지,,27.31788079470199,29.08,P4,회귀검사 통과 시 유지
ABF-338,사진 대조 1차 교정본,470,"01:11:02,560 --> 01:11:03,740",1.18,"아, 너무 좋아요.",미치겠어요.,잠깐만요…,반응형,,0.04,,,25.0,90.0,50.0,78.0,75.0,0.58625,0.0,66.0,0.0,0.0,0.6121,기분 좋아요.,"아, 좋아요.",화면 영문 자막 대조,39.68,T3,화자·문맥·자연스러움 집중 검토,,62.748344370860934,49.37,P3,말투·질문응답·가독성 위주 검토
ABF-338,사진 대조 1차 교정본,471,"01:11:11,100 --> 01:11:15,950",4.85,잠깐만요…,"아, 너무 좋아요.",어디인지 알겠어?,반응형,,0.0,,,25.0,90.0,50.0,78.0,75.0,0.39824,42.0,66.0,0.0,0.0,1.0,잠깐만요…,잠깐만…,일본어 원문 대조 + 자연스러운 한국어 대사 교정,39.35,T3,화자·문맥·자연스러움 집중 검토,,61.58940397350994,48.69,P3,말투·질문응답·가독성 위주 검토
ABF-338,사진 대조 1차 교정본,472,"01:11:15,950 --> 01:11:16,730",0.78,어디인지 알겠어?,잠깐만요…,느껴져?,반응형,,0.05,,,25.0,90.0,50.0,78.0,75.0,0.65312,0.0,66.0,0.0,0.0,0.2619,왠지 알겠어.,어떻게 알았어?,손상된 일본어 ASR + 타임스탬프 사진 + 앞뒤 문맥 추론,42.49,T3,화자·문맥·자연스러움 집중 검토,,73.01324503311258,55.31,P3,말투·질문응답·가독성 위주 검토
ABF-338,사진 대조 1차 교정본,473,"01:11:16,970 --> 01:11:17,130",0.16,느껴져?,어디인지 알겠어?,정말 어렵네요.,중립·혼합형,,0.03,,,25.0,90.0,50.0,78.0,75.0,0.33902,0.0,66.0,55.0,0.0,0.3127,정말 느껴져요.,확실히 느껴져요.,,34.8,T4,구조검사 통과 시 유지,high_cps,42.9635761589404,38.23,P4,회귀검사 통과 시 유지
ABF-338,사진 대조 1차 교정본,474,"01:11:18,130 --> 01:11:26,160",8.03,정말 어렵네요.,느껴져?,숨어 버리고 싶어요.,반응형,,0.03,,,25.0,90.0,50.0,78.0,75.0,0.3637,0.0,66.0,0.0,0.0,0.3687,어렵네.,생각보다 어렵네.,손상된 일본어 ASR + 타임스탬프 사진 + 앞뒤 문맥 추론,30.34,T4,구조검사 통과 시 유지,,27.1523178807947,29.0,P4,회귀검사 통과 시 유지
ABF-338,사진 대조 1차 교정본,475,"01:11:26,160 --> 01:11:28,780",2.62,숨어 버리고 싶어요.,정말 어렵네요.,난 이런 거 좋아하잖아.,반응형,,0.04,,,25.0,90.0,50.0,78.0,75.0,0.54302,0.0,66.0,0.0,0.0,0.3282,기분 좋게 해 주고 싶어요.,제가 해 볼게요.,앞 블록과 중복된 문장 정리,37.87,T3,화자·문맥·자연스러움 집중 검토,,55.960264900662246,45.47,P3,말투·질문응답·가독성 위주 검토
ABF-338,사진 대조 1차 교정본,476,"01:12:58,490 --> 01:13:00,370",1.88,난 이런 거 좋아하잖아.,숨어 버리고 싶어요.,미짱.,반응형,,0.01,,,25.0,90.0,50.0,78.0,75.0,0.61231,27.93,66.0,0.0,0.0,0.8827,너 이런 거 좋아하잖아.,이렇게 묶이는 거 좋아하잖아.,,45.8,T3,화자·문맥·자연스러움 집중 검토,,82.11920529801324,61.05,P2,앞뒤 5블록·사진·오류 기억을 함께 검토
ABF-338,사진 대조 1차 교정본,477,"01:13:00,910 --> 01:13:01,550",0.64,미짱.,난 이런 거 좋아하잖아.,보여?,중립·혼합형,,0.01,,,25.0,90.0,50.0,78.0,75.0,0.20905,0.0,66.0,0.0,0.0,0.0596,"하지 마. 미안, 미안해, 미안해.","잠깐만. 미안, 미안해.",일본어 원문 대조 + 자연스러운 한국어 대사 교정,23.84,T4,구조검사 통과 시 유지,,8.609271523178808,17.44,P4,회귀검사 통과 시 유지
ABF-338,사진 대조 1차 교정본,478,"01:13:16,410 --> 01:13:17,750",1.34,보여?,미짱.,보여요.,중립·혼합형,,0.01,,,25.0,90.0,50.0,78.0,75.0,0.21065,0.0,66.0,0.0,0.0,0.5875,몸이 떨리는 거 보여?,몸 떨리는 거 보여?,손상된 일본어 ASR + 타임스탬프 사진 + 앞뒤 문맥 추론,23.91,T4,구조검사 통과 시 유지,,8.940397350993377,17.62,P4,회귀검사 통과 시 유지
ABF-338,사진 대조 1차 교정본,479,"01:13:19,330 --> 01:13:20,050",0.72,보여요.,보여?,보여요. 들어가 있어요.,중립·혼합형,,0.03,,,25.0,90.0,50.0,78.0,75.0,0.17762,0.0,66.0,0.0,0.0,0.46,왠지 기분 좋아 보여요...,왠지 기분 좋아 보여요…,,22.52,T4,구조검사 통과 시 유지,,5.960264900662252,15.56,P4,회귀검사 통과 시 유지
ABF-338,사진 대조 1차 교정본,480,"01:13:28,830 --> 01:13:29,910",1.08,보여요. 들어가 있어요.,보여요.,기분 좋아요.,반응형,,0.03,,,25.0,90.0,50.0,78.0,75.0,0.53443,0.0,66.0,0.0,0.0,0.3299,"하아, 들어가 버려.",하아… 들어가.,일본어 원문 대조 + 자연스러운 한국어 대사 교정,37.51,T3,화자·문맥·자연스러움 집중 검토,,54.22185430463576,44.53,P3,말투·질문응답·가독성 위주 검토
ABF-338,사진 대조 1차 교정본,481,"01:13:33,030 --> 01:13:37,240",4.21,기분 좋아요.,보여요. 들어가 있어요.,금방 깊은 곳까지 닿아요.,반응형,,0.03,,,25.0,90.0,50.0,78.0,75.0,0.3795,42.0,66.0,0.0,0.0,1.0,기분 좋아요.,"아, 좋아요.",화면 영문 자막 대조,38.56,T3,화자·문맥·자연스러움 집중 검토,,57.94701986754966,46.7,P3,말투·질문응답·가독성 위주 검토
ABF-338,사진 대조 1차 교정본,482,"01:13:53,590 --> 01:13:55,210",1.62,금방 깊은 곳까지 닿아요.,기분 좋아요.,잠깐만요.,반응형,,0.01,,,25.0,90.0,50.0,78.0,75.0,0.8034,0.0,66.0,0.0,0.0,0.263,금방 하아 하고.,금방 숨이 가빠지네.,,48.8,T3,화자·문맥·자연스러움 집중 검토,,90.39735099337747,66.27,P2,앞뒤 5블록·사진·오류 기억을 함께 검토
ABF-338,사진 대조 1차 교정본,483,"01:14:43,960 --> 01:14:44,980",1.02,잠깐만요.,금방 깊은 곳까지 닿아요.,빠졌어요.,반응형,,0.04,,,25.0,90.0,50.0,78.0,75.0,0.46779,42.0,66.0,0.0,0.0,1.0,잠깐만요.,조금만 기다려.,일본어 원문 대조 + 자연스러운 한국어 대사 교정,42.27,T3,화자·문맥·자연스러움 집중 검토,,72.35099337748345,54.9,P3,말투·질문응답·가독성 위주 검토
ABF-338,사진 대조 1차 교정본,484,"01:14:45,980 --> 01:14:47,360",1.38,빠졌어요.,잠깐만요.,아!,반응형,,0.02,,,25.0,90.0,50.0,78.0,75.0,0.43808,0.0,66.0,0.0,0.0,0.1317,빠르지 않아? 아까도 힘이 빠졌잖아.,너무 빠르지 않아? 아까도 한 번 갔잖아.,사진 장면 확인 및 한국어 번역투·ASR 오역 교정,33.46,T4,구조검사 통과 시 유지,,37.25165562913907,35.05,P4,회귀검사 통과 시 유지
ABF-338,사진 대조 1차 교정본,485,"01:15:11,760 --> 01:15:12,300",0.54,아!,빠졌어요.,여기는 어때?,반응형,,0.04,,,25.0,90.0,50.0,78.0,75.0,0.1332,0.0,66.0,0.0,0.0,0.0839,네! 어이!,"네, 잘 부탁드립니다!",사진 장면 확인 및 한국어 번역투·ASR 오역 교정,20.65,T4,구조검사 통과 시 유지,,1.8211920529801324,12.74,P4,회귀검사 통과 시 유지
ABF-338,사진 대조 1차 교정본,486,"01:15:33,660 --> 01:15:34,540",0.88,여기는 어때?,아!,끝부분이에요.,반응형,,0.04,,,25.0,90.0,50.0,78.0,75.0,0.44779,0.0,66.0,0.0,0.0,0.4482,어때? 맛은?,어때? 맛 평가해 줘.,일본어 원문 대조 + 자연스러운 한국어 대사 교정,33.87,T4,구조검사 통과 시 유지,,38.741721854304636,35.92,P4,회귀검사 통과 시 유지
ABF-338,사진 대조 1차 교정본,487,"01:15:34,940 --> 01:15:36,620",1.68,끝부분이에요.,여기는 어때?,기분 좋아?,존댓말형,,0.04,,,25.0,90.0,50.0,78.0,75.0,0.35652,0.0,66.0,0.0,18.0,0.4402,벌써 끝부분이…,벌써 끝이…,손상된 일본어 ASR + 타임스탬프 사진 + 앞뒤 문맥 추론,31.47,T4,구조검사 통과 시 유지,formality_shift,30.79470198675497,31.19,P4,회귀검사 통과 시 유지
ABF-338,사진 대조 1차 교정본,488,"01:15:38,560 --> 01:15:39,520",0.96,기분 좋아?,끝부분이에요.,좋아요?,반응형,,0.04,,,25.0,90.0,50.0,78.0,75.0,0.33906,0.0,66.0,0.0,0.0,0.5954,"아, 거기... 기분 좋아?","아, 거기… 기분 좋아?",,29.3,T4,구조검사 통과 시 유지,,24.17218543046358,27.15,P4,회귀검사 통과 시 유지
ABF-338,사진 대조 1차 교정본,489,"01:15:44,440 --> 01:15:45,820",1.38,좋아요?,기분 좋아?,장난 아니네.,반응형,,0.04,,,25.0,90.0,50.0,78.0,75.0,0.24778,0.0,66.0,0.0,0.0,0.4752,"대박이에요, 기분 좋아요?",대단하네요. 기분 좋아요?,사진 장면 확인 및 한국어 번역투·ASR 오역 교정,25.47,T4,구조검사 통과 시 유지,,14.652317880794701,20.93,P4,회귀검사 통과 시 유지
ABF-338,사진 대조 1차 교정본,490,"01:15:46,060 --> 01:15:47,080",1.02,장난 아니네.,좋아요?,아…,반응형,,0.04,,,25.0,90.0,50.0,78.0,75.0,0.39918,0.0,66.0,0.0,0.0,0.5775,오~ 대박 대박 대박. 장난 아니네.,오… 대박 대박 대박. 장난 아니네.,,31.83,T4,구조검사 통과 시 유지,,32.450331125827816,32.09,P4,회귀검사 통과 시 유지
ABF-338,사진 대조 1차 교정본,491,"01:15:47,080 --> 01:15:47,320",0.24,아…,장난 아니네.,으음…,반응형,,0.02,,,25.0,90.0,50.0,78.0,75.0,0.18717,13.09,66.0,0.0,0.0,0.7591,"싫어, 아… 아… 아…",싫어… 아… 아…,일본어 원문 대조 + 자연스러운 한국어 대사 교정,25.28,T4,구조검사 통과 시 유지,,13.741721854304636,20.43,P4,회귀검사 통과 시 유지
ABF-338,사진 대조 1차 교정본,492,"01:15:56,810 --> 01:15:57,120",0.31,으음…,아…,하아…,반응형,,0.01,,,25.0,90.0,50.0,78.0,75.0,0.30279,0.0,66.0,0.0,0.0,0.2655,"으음, 으음...","으음, 으음…",,27.78,T4,구조검사 통과 시 유지,,19.867549668874172,24.46,P4,회귀검사 통과 시 유지
ABF-338,사진 대조 1차 교정본,493,"01:16:06,760 --> 01:16:07,320",0.56,하아…,으음…,미치겠어요.,반응형,,0.04,,,25.0,90.0,50.0,78.0,75.0,0.31187,42.0,66.0,0.0,0.0,1.0,하아…,보여 줘.,일본어 원문 + 타임스탬프 사진 + 장면 연속성,35.72,T3,화자·문맥·자연스러움 집중 검토,,46.85430463576159,40.4,P3,말투·질문응답·가독성 위주 검토
ABF-338,사진 대조 1차 교정본,494,"01:16:15,100 --> 01:16:15,660",0.56,미치겠어요.,하아…,너무 좋아요.,반응형,,0.0,,,25.0,90.0,50.0,78.0,75.0,0.45255,0.0,66.0,0.0,0.0,0.1073,조금 쉬어요.,잠깐만요.,,34.07,T4,구조검사 통과 시 유지,,39.900662251655625,36.52,P4,회귀검사 통과 시 유지
ABF-338,사진 대조 1차 교정본,495,"01:16:23,140 --> 01:16:23,480",0.34,너무 좋아요.,미치겠어요.,세게 닿아요.,반응형,,0.04,,,25.0,90.0,50.0,78.0,75.0,0.42619,2.57,66.0,25.0,0.0,0.6714,기분 좋아요.,"아, 좋아요.",화면 영문 자막 대조,35.92,T3,화자·문맥·자연스러움 집중 검토,borderline_cps,47.930463576158935,40.96,P3,말투·질문응답·가독성 위주 검토
ABF-338,사진 대조 1차 교정본,496,"01:16:33,730 --> 01:16:35,390",1.66,세게 닿아요.,너무 좋아요.,계속 닿지?,반응형,,0.03,,,25.0,90.0,50.0,78.0,75.0,0.47871,0.0,66.0,0.0,0.0,0.3904,더 세게 해 줘.,더 세게.,일본어 원문 대조 + 자연스러운 한국어 대사 교정,35.17,T3,화자·문맥·자연스러움 집중 검토,,44.370860927152314,39.03,P4,회귀검사 통과 시 유지
ABF-338,사진 대조 1차 교정본,497,"01:16:35,750 --> 01:16:36,650",0.9,계속 닿지?,세게 닿아요.,아…,반말형,,0.05,,,25.0,90.0,50.0,78.0,75.0,0.40076,0.0,66.0,0.0,0.0,0.2322,그래도 계속 하고 싶어.,그래도 계속하고 싶어.,손상된 일본어 ASR + 타임스탬프 사진 + 앞뒤 문맥 추론,31.89,T4,구조검사 통과 시 유지,,32.78145695364238,32.26,P4,회귀검사 통과 시 유지
ABF-338,사진 대조 1차 교정본,498,"01:16:40,770 --> 01:16:44,510",3.74,아…,계속 닿지?,으음…,반응형,,0.03,,,25.0,90.0,50.0,78.0,75.0,0.18995,13.09,66.0,0.0,0.0,0.7591,"싫어, 아… 아… 아…",싫어… 아… 아…,일본어 원문 대조 + 자연스러운 한국어 대사 교정,25.39,T4,구조검사 통과 시 유지,,14.23841059602649,20.71,P4,회귀검사 통과 시 유지
ABF-338,사진 대조 1차 교정본,499,"01:16:44,510 --> 01:16:44,890",0.38,으음…,아…,하아…,반응형,,0.01,,,25.0,90.0,50.0,78.0,75.0,0.28703,0.0,66.0,0.0,0.0,0.2655,"으음, 으음...","으음, 으음…",,27.12,T4,구조검사 통과 시 유지,,17.632450331125828,23.14,P4,회귀검사 통과 시 유지
ABF-338,사진 대조 1차 교정본,500,"01:16:50,900 --> 01:16:52,660",1.76,하아…,으음…,어?,반응형,,0.0,,,25.0,90.0,50.0,78.0,75.0,0.27924,42.0,66.0,0.0,0.0,1.0,하아…,보여 줘.,일본어 원문 + 타임스탬프 사진 + 장면 연속성,34.35,T4,구조검사 통과 시 유지,,40.894039735099334,37.1,P4,회귀검사 통과 시 유지
ABF-338,사진 대조 1차 교정본,501,"01:16:55,540 --> 01:16:56,020",0.48,어?,하아…,엉덩이가 보여요.,반응형,,0.04,,,25.0,90.0,50.0,78.0,75.0,0.50932,0.0,66.0,0.0,0.0,0.3447,어? 벗기고 싶다고? 응.,해 줬으면 좋겠어? 응.,손상된 일본어 ASR + 타임스탬프 사진 + 앞뒤 문맥 추론,36.45,T3,화자·문맥·자연스러움 집중 검토,,49.83443708609271,42.07,P3,말투·질문응답·가독성 위주 검토
ABF-338,사진 대조 1차 교정본,502,"01:17:26,490 --> 01:17:28,190",1.7,엉덩이가 보여요.,어?,엉덩이가 다 보이네.,중립·혼합형,,0.01,,,25.0,90.0,50.0,78.0,79.0,0.76878,0.0,66.0,0.0,0.0,0.4037,엉덩이가…,갈 수 있어?,일본어 원문 + 타임스탬프 사진 + 장면 연속성,47.59,T3,화자·문맥·자연스러움 집중 검토,,86.42384105960265,63.9,P2,앞뒤 5블록·사진·오류 기억을 함께 검토
ABF-338,사진 대조 1차 교정본,503,"01:17:28,450 --> 01:17:29,090",0.64,엉덩이가 다 보이네.,엉덩이가 보여요.,엉덩이가 훤히 보여.,반말형,,0.05,,,25.0,90.0,50.0,78.0,79.0,0.83213,0.0,66.0,0.0,0.0,0.593,조금 보이네.,조금은 보이는 것 같아.,일본어 원문 대조 + 자연스러운 한국어 대사 교정,50.25,T3,화자·문맥·자연스러움 집중 검토,,93.37748344370861,68.36,P2,앞뒤 5블록·사진·오류 기억을 함께 검토
ABF-338,사진 대조 1차 교정본,504,"01:17:29,090 --> 01:17:29,270",0.18,엉덩이가 훤히 보여.,엉덩이가 다 보이네.,보여요.,중립·혼합형,,0.01,,,25.0,90.0,50.0,78.0,79.0,0.87804,0.0,66.0,70.0,0.0,0.4958,잘 안 보여.,"응, 그렇네.",일본어 원문 + 타임스탬프 사진 + 장면 연속성,59.18,T3,화자·문맥·자연스러움 집중 검토,high_cps,99.66887417218543,76.19,P1,장면 패킷을 열고 후보 3개를 생성해 반증 검토
ABF-338,사진 대조 1차 교정본,505,"01:17:59,680 --> 01:18:00,500",0.82,보여요.,엉덩이가 훤히 보여.,잠깐만 쉬게 해 주세요.,중립·혼합형,,0.02,,,25.0,90.0,50.0,78.0,75.0,0.61192,0.0,66.0,0.0,0.0,0.46,왠지 기분 좋아 보여요...,왠지 기분 좋아 보여요…,,40.76,T3,화자·문맥·자연스러움 집중 검토,,65.72847682119205,51.25,P3,말투·질문응답·가독성 위주 검토
ABF-338,사진 대조 1차 교정본,506,"01:18:57,440 --> 01:18:59,820",2.38,잠깐만 쉬게 해 주세요.,보여요.,조금만 쉬게 해 주세요.,반응형,,0.04,,,25.0,90.0,50.0,78.0,75.0,0.81332,42.0,66.0,0.0,0.0,1.0,잠깐만 쉬게 해 주세요.,"잠깐만, 그만해.",장면과 충돌한 표현 교정,56.78,T3,화자·문맥·자연스러움 집중 검토,,99.00662251655629,74.52,P1,장면 패킷을 열고 후보 3개를 생성해 반증 검토
ABF-338,사진 대조 1차 교정본,507,"01:19:24,750 --> 01:19:26,950",2.2,조금만 쉬게 해 주세요.,잠깐만 쉬게 해 주세요.,아직 끝난 게 아니에요.,중립·혼합형,,0.05,,,25.0,90.0,50.0,78.0,75.0,0.79989,20.99,66.0,0.0,0.0,0.8249,조금만 더 해 주세요.,조금만 더 해 줘.,일본어 원문 대조 + 자연스러운 한국어 대사 교정,52.43,T3,화자·문맥·자연스러움 집중 검토,,96.8543046357616,71.09,P2,앞뒤 5블록·사진·오류 기억을 함께 검토
ABF-338,사진 대조 1차 교정본,508,"01:20:03,340 --> 01:20:04,760",1.42,아직 끝난 게 아니에요.,조금만 쉬게 해 주세요.,이 자세로 잠깐 멈출게요.,반응형,,0.04,,,25.0,90.0,50.0,78.0,75.0,0.82193,0.0,66.0,0.0,0.0,0.4696,"손이 아니라, 손은 아니에요.",손 말고 혀로 해 주세요.,사진 장면 확인 및 한국어 번역투·ASR 오역 교정,49.58,T3,화자·문맥·자연스러움 집중 검토,,92.13576158940397,67.45,P2,앞뒤 5블록·사진·오류 기억을 함께 검토
ABF-338,사진 대조 1차 교정본,509,"01:20:27,430 --> 01:20:28,390",0.96,이 자세로 잠깐 멈출게요.,아직 끝난 게 아니에요.,먼저 천천히 해 주세요.,반응형,,0.03,,,25.0,90.0,50.0,78.0,75.0,0.82227,0.0,66.0,0.0,0.0,0.27,그리고 이 자세로 바꿉니다.,이 자세로 바꿔 볼게요.,,49.6,T3,화자·문맥·자연스러움 집중 검토,,92.3841059602649,67.57,P2,앞뒤 5블록·사진·오류 기억을 함께 검토
ABF-338,사진 대조 1차 교정본,510,"01:20:32,570 --> 01:20:33,310",0.74,먼저 천천히 해 주세요.,이 자세로 잠깐 멈출게요.,아직 괜찮아요?,중립·혼합형,,0.03,,,25.0,90.0,50.0,78.0,75.0,0.78773,0.0,66.0,0.0,0.0,0.5831,천천히 해 줘.,"좋네. 잠깐, 어떻게 돼 있었지?",일본어 원문 + 타임스탬프 사진 + 장면 연속성,48.14,T3,화자·문맥·자연스러움 집중 검토,,87.58278145695364,64.71,P2,앞뒤 5블록·사진·오류 기억을 함께 검토
ABF-338,사진 대조 1차 교정본,511,"01:20:43,500 --> 01:21:24,300",40.8,아직 괜찮아요?,먼저 천천히 해 주세요.,네.,반응형,,0.0,,,25.0,90.0,50.0,78.0,75.0,0.67381,0.0,66.0,0.0,0.0,0.4507,빨아 줬으면 좋겠는데… 괜찮아요?,거기 좋아… 그대로 해 줘.,손상된 일본어 ASR + 타임스탬프 사진 + 앞뒤 문맥 추론,43.36,T3,화자·문맥·자연스러움 집중 검토,,75.41390728476821,56.82,P3,말투·질문응답·가독성 위주 검토
ABF-338,사진 대조 1차 교정본,512,"01:21:57,670 --> 01:21:57,970",0.3,네.,아직 괜찮아요?,준비한 걸 가져와야 해요.,반말형,,0.03,,,25.0,90.0,50.0,78.0,75.0,0.12555,6.48,66.0,0.0,0.0,0.704,"네, 네.",네.,불필요한 반복 제거,21.5,T4,구조검사 통과 시 유지,,3.642384105960265,14.0,P4,회귀검사 통과 시 유지
ABF-338,사진 대조 1차 교정본,513,"01:22:21,670 --> 01:22:23,230",1.56,준비한 걸 가져와야 해요.,네.,조금 식어 버렸어요.,반말형,,0.03,,,25.0,90.0,50.0,78.0,75.0,0.64102,0.0,66.0,0.0,0.0,0.1612,집에 가족이 있을 때는 조심해야 해요.,집에 가족이 있을 땐 조심해야 해요.,마지막 조언 문장 자연화,41.98,T3,화자·문맥·자연스러움 집중 검토,,71.35761589403974,54.32,P3,말투·질문응답·가독성 위주 검토
ABF-338,사진 대조 1차 교정본,514,"01:22:26,480 --> 01:22:27,540",1.06,조금 식어 버렸어요.,준비한 걸 가져와야 해요.,미치겠네요.,반응형,,0.02,,,25.0,90.0,50.0,78.0,75.0,0.51118,0.0,66.0,0.0,0.0,0.3784,말해 버렸어요?,소리 내 버렸어요?,사진 장면 확인 및 한국어 번역투·ASR 오역 교정,36.53,T3,화자·문맥·자연스러움 집중 검토,,50.0,42.19,P3,말투·질문응답·가독성 위주 검토
ABF-338,사진 대조 1차 교정본,515,"01:22:35,180 --> 01:22:36,420",1.24,미치겠네요.,조금 식어 버렸어요.,잠깐만요.,반말형,,0.02,,,25.0,90.0,50.0,78.0,75.0,0.48535,0.0,66.0,0.0,0.0,0.1722,"아, 한 번 그걸 해 봐도 되겠네요. 뒤돌아서 하는 자세요.","아, 그 자세도 해 보면 되겠네요. 뒤돌아서 하는 자세예요.",자세 설명의 번역투 제거,35.44,T3,화자·문맥·자연스러움 집중 검토,,45.36423841059602,39.61,P4,회귀검사 통과 시 유지
ABF-338,사진 대조 1차 교정본,516,"01:22:44,110 --> 01:22:57,380",13.27,잠깐만요.,미치겠네요.,기다려 주세요.,반응형,,0.01,,,25.0,90.0,50.0,78.0,75.0,0.39286,42.0,66.0,0.0,0.0,1.0,잠깐만요.,조금만 기다려.,일본어 원문 대조 + 자연스러운 한국어 대사 교정,39.12,T3,화자·문맥·자연스러움 집중 검토,,60.016556291390735,47.9,P3,말투·질문응답·가독성 위주 검토
ABF-338,사진 대조 1차 교정본,517,"01:22:57,380 --> 01:22:58,920",1.54,기다려 주세요.,잠깐만요.,조금만 기다려요.,존댓말형,,0.02,,,25.0,90.0,50.0,78.0,75.0,0.67252,16.68,66.0,0.0,0.0,0.789,기다려 주세요...,기다려 주세요…,,46.31,T3,화자·문맥·자연스러움 집중 검토,,83.77483443708608,62.05,P2,앞뒤 5블록·사진·오류 기억을 함께 검토
ABF-338,사진 대조 1차 교정본,518,"01:23:07,340 --> 01:23:08,260",0.92,조금만 기다려요.,기다려 주세요.,갔어?,중립·혼합형,,0.04,,,25.0,90.0,50.0,78.0,75.0,0.61661,42.0,66.0,0.0,0.0,1.0,조금만 기다려요.,잠깐만.,일본어 원문 대조 + 자연스러운 한국어 대사 교정,48.52,T3,화자·문맥·자연스러움 집중 검토,,89.0728476821192,65.55,P2,앞뒤 5블록·사진·오류 기억을 함께 검토
ABF-338,사진 대조 1차 교정본,519,"01:23:13,280 --> 01:23:30,920",17.64,갔어?,조금만 기다려요.,좋아요.,반응형,,0.02,,,25.0,90.0,50.0,78.0,75.0,0.44683,0.0,66.0,0.0,0.0,0.126,없어?,진짜로?,일본어 원문 대조 + 자연스러운 한국어 대사 교정,33.83,T4,구조검사 통과 시 유지,,38.41059602649007,35.75,P4,회귀검사 통과 시 유지
ABF-338,사진 대조 1차 교정본,520,"01:23:31,420 --> 01:23:32,080",0.66,좋아요.,갔어?,잠깐만요.,반응형,,0.02,,,25.0,90.0,50.0,78.0,75.0,0.5368,23.18,66.0,0.0,0.0,0.8432,기분 좋아요.,"아, 좋아요.",화면 영문 자막 대조,41.78,T3,화자·문맥·자연스러움 집중 검토,,70.36423841059603,53.79,P3,말투·질문응답·가독성 위주 검토
ABF-338,사진 대조 1차 교정본,521,"01:24:19,880 --> 01:24:22,060",2.18,잠깐만요.,좋아요.,갈 것 같아요.,반응형,,0.02,,,25.0,90.0,50.0,78.0,75.0,0.44905,42.0,66.0,0.0,0.0,1.0,잠깐만요.,조금만 기다려.,일본어 원문 대조 + 자연스러운 한국어 대사 교정,41.48,T3,화자·문맥·자연스러움 집중 검토,,69.03973509933775,53.06,P3,말투·질문응답·가독성 위주 검토
ABF-338,사진 대조 1차 교정본,522,"01:24:28,400 --> 01:24:29,540",1.14,갈 것 같아요.,잠깐만요.,거짓말.,반응형,,0.0,,,25.0,90.0,50.0,78.0,75.0,0.61224,0.0,66.0,0.0,0.0,0.6463,기쁠 것 같아요.,그러면 기쁠 것 같아요.,사진 장면 확인 및 한국어 번역투·ASR 오역 교정,40.77,T3,화자·문맥·자연스러움 집중 검토,,65.89403973509934,51.32,P3,말투·질문응답·가독성 위주 검토
ABF-338,사진 대조 1차 교정본,523,"01:24:30,440 --> 01:24:31,860",1.42,거짓말.,갈 것 같아요.,가 버릴 것 같아?,중립·혼합형,,0.04,,,25.0,90.0,50.0,78.0,75.0,0.21454,42.0,66.0,0.0,0.0,1.0,거짓말. 거짓말. 거짓말. 거짓말.,말도 안 돼…,손상된 일본어 ASR + 타임스탬프 사진 + 앞뒤 문맥 추론,31.63,T4,구조검사 통과 시 유지,,31.456953642384107,31.56,P4,회귀검사 통과 시 유지
ABF-338,사진 대조 1차 교정본,524,"01:24:32,140 --> 01:24:33,520",1.38,가 버릴 것 같아?,거짓말.,응.,반응형,,0.04,,,25.0,90.0,50.0,78.0,75.0,0.46436,2.94,66.0,0.0,0.0,0.6745,싸버릴 것 같아?,싸 버릴 것 같아?,,35.09,T3,화자·문맥·자연스러움 집중 검토,,43.79139072847682,38.74,P4,회귀검사 통과 시 유지
ABF-338,사진 대조 1차 교정본,525,"01:24:34,060 --> 01:24:34,940",0.88,응.,가 버릴 것 같아?,정말 갈 것 같아?,반응형,,0.04,,,25.0,90.0,50.0,78.0,75.0,0.17938,0.0,66.0,0.0,0.0,0.5144,"하-, 응.",하아… 응.,,22.59,T4,구조검사 통과 시 유지,,6.291390728476822,15.74,P4,회귀검사 통과 시 유지
ABF-338,사진 대조 1차 교정본,526,"01:24:35,120 --> 01:24:36,020",0.9,정말 갈 것 같아?,응.,잠깐만요.,반응형,,0.02,,,25.0,90.0,50.0,78.0,75.0,0.63561,0.0,66.0,0.0,0.0,0.5431,싸버릴 것 같아?,싸 버릴 것 같아?,,41.76,T3,화자·문맥·자연스러움 집중 검토,,70.19867549668875,53.7,P3,말투·질문응답·가독성 위주 검토
ABF-338,사진 대조 1차 교정본,527,"01:24:37,820 --> 01:24:38,820",1.0,잠깐만요.,정말 갈 것 같아?,참을 수 없어?,반응형,,0.02,,,25.0,90.0,50.0,78.0,75.0,0.42473,42.0,66.0,0.0,0.0,1.0,잠깐만요.,조금만 기다려.,일본어 원문 대조 + 자연스러운 한국어 대사 교정,40.46,T3,화자·문맥·자연스러움 집중 검토,,64.90066225165563,50.73,P3,말투·질문응답·가독성 위주 검토
ABF-338,사진 대조 1차 교정본,528,"01:24:47,850 --> 01:24:49,350",1.5,참을 수 없어?,잠깐만요.,못 참겠어요.,반응형,,0.05,,,25.0,90.0,50.0,78.0,75.0,0.74406,9.07,66.0,0.0,0.0,0.7256,없어?,진짜로?,일본어 원문 대조 + 자연스러운 한국어 대사 교정,47.94,T3,화자·문맥·자연스러움 집중 검토,,87.25165562913907,64.45,P2,앞뒤 5블록·사진·오류 기억을 함께 검토
ABF-338,사진 대조 1차 교정본,529,"01:24:50,590 --> 01:24:51,310",0.72,못 참겠어요.,참을 수 없어?,응.,반응형,,0.01,,,25.0,90.0,50.0,78.0,75.0,0.5387,0.0,66.0,0.0,0.0,0.1896,못 울겠어.,목이 막혀요.,사진 장면 확인 및 한국어 번역투·ASR 오역 교정,37.69,T3,화자·문맥·자연스러움 집중 검토,,55.38079470198676,45.12,P3,말투·질문응답·가독성 위주 검토
ABF-338,사진 대조 1차 교정본,530,"01:24:51,310 --> 01:24:51,890",0.58,응.,못 참겠어요.,싸 버려도 돼요?,반응형,,0.01,,,25.0,90.0,50.0,78.0,75.0,0.23691,0.0,66.0,0.0,0.0,0.5144,"하-, 응.",하아… 응.,,25.01,T4,구조검사 통과 시 유지,,12.251655629139073,19.65,P4,회귀검사 통과 시 유지
ABF-338,사진 대조 1차 교정본,531,"01:25:19,990 --> 01:25:21,430",1.44,싸 버려도 돼요?,응.,네.,중립·혼합형,,0.01,,,25.0,90.0,50.0,78.0,75.0,0.45009,0.0,66.0,0.0,0.0,0.3808,말해도 돼요?,이제 해도 돼요?,타임스탬프 사진과 앞뒤 장면으로 대사 기능 복원,33.96,T4,구조검사 통과 시 유지,,39.23841059602649,36.18,P4,회귀검사 통과 시 유지
ABF-338,사진 대조 1차 교정본,532,"01:25:22,470 --> 01:25:22,810",0.34,네.,싸 버려도 돼요?,더는 참을 수 없어요.,반말형,,0.03,,,25.0,90.0,50.0,78.0,75.0,0.09452,6.48,66.0,0.0,0.0,0.704,"네, 네.",네.,불필요한 반복 제거,20.2,T4,구조검사 통과 시 유지,,1.1589403973509933,12.2,P4,회귀검사 통과 시 유지
ABF-338,사진 대조 1차 교정본,533,"01:25:23,890 --> 01:25:25,510",1.62,더는 참을 수 없어요.,네.,아…,반응형,,0.01,,,25.0,90.0,50.0,78.0,75.0,0.53798,0.0,66.0,0.0,0.0,0.4475,"네, 한 번 하나가 되면 더는 참을 수 없어서.",한 번 가 버리면 더는 못 참겠어요.,사진 장면 확인 및 한국어 번역투·ASR 오역 교정,37.66,T3,화자·문맥·자연스러움 집중 검토,,54.80132450331126,44.86,P3,말투·질문응답·가독성 위주 검토
ABF-338,사진 대조 1차 교정본,534,"01:25:37,340 --> 01:25:38,700",1.36,아…,더는 참을 수 없어요.,응.,반응형,,0.04,,,25.0,90.0,50.0,78.0,75.0,0.16274,13.09,66.0,0.0,0.0,0.7591,"싫어, 아… 아… 아…",싫어… 아… 아…,일본어 원문 대조 + 자연스러운 한국어 대사 교정,24.25,T4,구조검사 통과 시 유지,,9.7682119205298,18.17,P4,회귀검사 통과 시 유지
ABF-338,사진 대조 1차 교정본,535,"01:25:38,700 --> 01:25:40,700",2.0,응.,아…,응?,반응형,,0.0,,,25.0,90.0,50.0,78.0,75.0,0.12211,0.0,66.0,0.0,0.0,0.5144,"하-, 응.",하아… 응.,,20.19,T4,구조검사 통과 시 유지,,0.9933774834437087,12.13,P4,회귀검사 통과 시 유지
ABF-338,사진 대조 1차 교정본,536,"01:25:44,120 --> 01:25:45,480",1.36,응?,응.,네.,반응형,,0.02,,,25.0,90.0,50.0,78.0,75.0,0.16556,0.0,66.0,0.0,0.0,0.4756,응? 잠깐 기다려…,응? 잠깐만…,일본어 원문 대조 + 자연스러운 한국어 대사 교정,22.01,T4,구조검사 통과 시 유지,,4.635761589403973,14.71,P4,회귀검사 통과 시 유지
ABF-338,사진 대조 1차 교정본,537,"01:25:45,480 --> 01:25:45,820",0.34,네.,응?,죄송해요.,반말형,,0.02,,,25.0,90.0,50.0,78.0,75.0,0.06124,6.48,66.0,0.0,0.0,0.704,"네, 네.",네.,불필요한 반복 제거,18.8,T4,구조검사 통과 시 유지,,0.33112582781456956,11.04,P4,회귀검사 통과 시 유지
ABF-338,사진 대조 1차 교정본,538,"01:25:48,100 --> 01:25:49,100",1.0,죄송해요.,네.,나와 버렸네요.,반말형,,0.0,,,25.0,90.0,50.0,78.0,75.0,0.18931,11.94,66.0,0.0,0.0,0.7495,"하앗, 죄송해요.","하앗, 기분 좋아요.",장면·앞뒤 반응 복원,25.16,T4,구조검사 통과 시 유지,,12.91390728476821,20.02,P4,회귀검사 통과 시 유지
ABF-338,사진 대조 1차 교정본,539,"01:26:10,110 --> 01:26:12,830",2.72,나와 버렸네요.,죄송해요.,뭐가 나온 거야?,반말형,,0.01,,,25.0,90.0,50.0,78.0,75.0,0.33086,0.0,66.0,0.0,0.0,0.3701,나와 버렸어?,또 나와 버렸어?,일본어 원문 대조 + 자연스러운 한국어 대사 교정,28.96,T4,구조검사 통과 시 유지,,23.178807947019866,26.53,P4,회귀검사 통과 시 유지
ABF-338,사진 대조 1차 교정본,540,"01:26:14,470 --> 01:26:16,190",1.72,뭐가 나온 거야?,나와 버렸네요.,너무 좋아서 나와 버렸어요.,반말형,,0.03,,,25.0,90.0,50.0,78.0,75.0,0.41213,0.0,66.0,0.0,0.0,0.3552,뭐라고 하는 거야?,뭐라고 말해야 해?,일본어 원문 대조 + 자연스러운 한국어 대사 교정,32.37,T4,구조검사 통과 시 유지,,34.7682119205298,33.38,P4,회귀검사 통과 시 유지
ABF-338,사진 대조 1차 교정본,541,"01:26:18,510 --> 01:26:20,430",1.92,너무 좋아서 나와 버렸어요.,뭐가 나온 거야?,잠깐만요.,반응형,,0.01,,,25.0,90.0,50.0,78.0,75.0,0.68753,0.0,66.0,0.0,0.0,0.4131,나와 버렸어?,또 나와 버렸어?,일본어 원문 대조 + 자연스러운 한국어 대사 교정,43.94,T3,화자·문맥·자연스러움 집중 검토,,76.98675496688742,57.82,P3,말투·질문응답·가독성 위주 검토
ABF-338,사진 대조 1차 교정본,542,"01:26:22,750 --> 01:26:23,810",1.06,잠깐만요.,너무 좋아서 나와 버렸어요.,아직 더 할 수 있지?,반응형,,0.05,,,25.0,90.0,50.0,78.0,75.0,0.34115,42.0,66.0,0.0,0.0,1.0,잠깐만요.,조금만 기다려.,일본어 원문 대조 + 자연스러운 한국어 대사 교정,36.95,T3,화자·문맥·자연스러움 집중 검토,,51.82119205298014,43.2,P3,말투·질문응답·가독성 위주 검토
ABF-338,사진 대조 1차 교정본,543,"01:26:27,310 --> 01:26:28,470",1.16,아직 더 할 수 있지?,잠깐만요.,빨리 가자.,반응형,,0.01,,,25.0,90.0,50.0,78.0,75.0,0.69177,0.0,66.0,0.0,0.0,0.3394,아직 잘 거지?,아직 갈 수 있지?,사진 장면 확인 및 한국어 번역투·ASR 오역 교정,44.11,T3,화자·문맥·자연스러움 집중 검토,,77.31788079470199,58.06,P2,앞뒤 5블록·사진·오류 기억을 함께 검토
ABF-338,사진 대조 1차 교정본,544,"01:26:34,030 --> 01:26:34,470",0.44,빨리 가자.,아직 더 할 수 있지?,저쪽으로 가자.,중립·혼합형,,0.03,,,25.0,90.0,50.0,78.0,75.0,0.2912,0.0,66.0,0.0,0.0,0.4184,빨리 핥아 봐.,빨리 핥아 줘.,화자 말투 자연화,27.29,T4,구조검사 통과 시 유지,,18.211920529801322,23.48,P4,회귀검사 통과 시 유지
ABF-338,사진 대조 1차 교정본,545,"01:26:34,470 --> 01:26:34,850",0.38,저쪽으로 가자.,빨리 가자.,빨리.,반응형,,0.03,,,25.0,90.0,50.0,78.0,75.0,0.32311,0.0,66.0,25.0,0.0,0.1667,이쪽으로 넣어 주세요...,이쪽으로 넣어 주세요…,,31.13,T4,구조검사 통과 시 유지,borderline_cps,29.635761589403977,30.5,P4,회귀검사 통과 시 유지
ABF-338,사진 대조 1차 교정본,546,"01:26:36,530 --> 01:26:38,050",1.52,빨리.,저쪽으로 가자.,아직 할 수 있지?,중립·혼합형,,0.03,,,25.0,90.0,50.0,78.0,75.0,0.18932,0.0,66.0,0.0,0.0,0.2389,빨리 핥아 봐.,빨리 핥아 줘.,화자 말투 자연화,23.01,T4,구조검사 통과 시 유지,,7.119205298013245,16.34,P4,회귀검사 통과 시 유지
ABF-338,사진 대조 1차 교정본,547,"01:26:44,680 --> 01:26:45,920",1.24,아직 할 수 있지?,빨리.,"네, 갈게요.",반응형,,0.02,,,25.0,90.0,50.0,78.0,75.0,0.63425,0.0,66.0,0.0,0.0,0.352,아직 잘 거지?,아직 갈 수 있지?,사진 장면 확인 및 한국어 번역투·ASR 오역 교정,41.7,T3,화자·문맥·자연스러움 집중 검토,,70.03311258278146,53.6,P3,말투·질문응답·가독성 위주 검토
ABF-338,사진 대조 1차 교정본,548,"01:26:46,540 --> 01:26:47,520",0.98,"네, 갈게요.",아직 할 수 있지?,아직 빳빳하네요.,반말형,,0.04,,,25.0,90.0,50.0,78.0,75.0,0.53203,0.0,66.0,0.0,0.0,0.5304,잠깐 쉬었다 갈게요.,조금만 쉬자.,일본어 원문 대조 + 자연스러운 한국어 대사 교정,37.41,T3,화자·문맥·자연스러움 집중 검토,,53.890728476821195,44.33,P3,말투·질문응답·가독성 위주 검토
ABF-338,사진 대조 1차 교정본,549,"01:26:49,320 --> 01:26:50,920",1.6,아직 빳빳하네요.,"네, 갈게요.",팬티가 방해돼요.,반응형,,0.02,,,25.0,90.0,50.0,78.0,75.0,0.58909,0.0,66.0,0.0,0.0,0.2788,너무 빳빳하잖아.,계속 단단하잖아.,일본어 원문 대조 + 자연스러운 한국어 대사 교정,39.8,T3,화자·문맥·자연스러움 집중 검토,,63.576158940397356,49.79,P3,말투·질문응답·가독성 위주 검토
ABF-338,사진 대조 1차 교정본,550,"01:26:53,380 --> 01:26:55,340",1.96,팬티가 방해돼요.,아직 빳빳하네요.,아직 멀쩡하네요.,반말형,,0.02,,,25.0,90.0,50.0,78.0,75.0,0.52779,0.0,66.0,0.0,0.0,0.262,엄청 실을 늘리고 있어. 팬티가 맛있어 보이잖아...,엄청 실을 늘리고 있어. 팬티가 맛있어 보이잖아…,,37.23,T3,화자·문맥·자연스러움 집중 검토,,52.980132450331126,43.85,P3,말투·질문응답·가독성 위주 검토
ABF-338,사진 대조 1차 교정본,551,"01:26:58,920 --> 01:27:00,820",1.9,아직 멀쩡하네요.,팬티가 방해돼요.,들어갔어?,반응형,,0.02,,,25.0,90.0,50.0,78.0,75.0,0.61292,0.0,66.0,0.0,0.0,0.2543,대단하네요.,바다다!,일본어 원문 대조 + 자연스러운 한국어 대사 교정,40.8,T3,화자·문맥·자연스러움 집중 검토,,66.22516556291392,51.48,P3,말투·질문응답·가독성 위주 검토
ABF-338,사진 대조 1차 교정본,552,"01:27:15,580 --> 01:27:16,340",0.76,들어갔어?,아직 멀쩡하네요.,아…,반응형,,0.02,,,25.0,90.0,50.0,78.0,75.0,0.42551,0.0,66.0,0.0,0.0,0.5262,안 들어갔어.,밖 좀 봐봐.,일본어 원문 + 타임스탬프 사진 + 장면 연속성,32.93,T4,구조검사 통과 시 유지,,35.59602649006622,34.05,P4,회귀검사 통과 시 유지
ABF-338,사진 대조 1차 교정본,553,"01:27:28,340 --> 01:27:29,960",1.62,아…,들어갔어?,으음…,반응형,,0.04,,,25.0,90.0,50.0,78.0,75.0,0.27506,13.09,66.0,0.0,0.0,0.7591,"싫어, 아… 아… 아…",싫어… 아… 아…,일본어 원문 대조 + 자연스러운 한국어 대사 교정,28.97,T4,구조검사 통과 시 유지,,23.344370860927153,26.61,P4,회귀검사 통과 시 유지
ABF-338,사진 대조 1차 교정본,554,"01:27:29,960 --> 01:28:19,580",49.62,으음…,아…,"좋아, 이대로 계속해 볼게요.",반응형,,0.04,,,25.0,90.0,50.0,78.0,75.0,0.9861,0.0,66.0,25.0,0.0,0.2655,"으음, 으음...","으음, 으음…",,58.98,T3,화자·문맥·자연스러움 집중 검토,long_duration_short_text,99.50331125827815,76.0,P1,장면 패킷을 열고 후보 3개를 생성해 반증 검토
ABF-338,사진 대조 1차 교정본,555,"01:28:25,350 --> 01:28:27,470",2.12,"좋아, 이대로 계속해 볼게요.",으음…,하아…,반응형,,0.05,,,25.0,90.0,50.0,78.0,75.0,0.79463,0.0,66.0,0.0,0.0,0.3284,"오, 오... 계속해 봐.","오, 오… 계속해 봐.",,48.43,T3,화자·문맥·자연스러움 집중 검토,,88.74172185430463,65.36,P2,앞뒤 5블록·사진·오류 기억을 함께 검토
ABF-338,사진 대조 1차 교정본,556,"01:28:27,470 --> 01:28:27,730",0.26,하아…,"좋아, 이대로 계속해 볼게요.",아…,반응형,,0.03,,,25.0,90.0,50.0,78.0,75.0,0.41244,42.0,66.0,0.0,0.0,1.0,하아…,보여 줘.,일본어 원문 + 타임스탬프 사진 + 장면 연속성,39.94,T3,화자·문맥·자연스러움 집중 검토,,63.90728476821192,50.01,P3,말투·질문응답·가독성 위주 검토
ABF-338,사진 대조 1차 교정본,557,"01:28:40,020 --> 01:28:40,480",0.46,아…,하아…,움직여도 돼요.,반응형,,0.02,,,25.0,90.0,50.0,78.0,75.0,0.28622,13.09,66.0,0.0,0.0,0.7591,"싫어, 아… 아… 아…",싫어… 아… 아…,일본어 원문 대조 + 자연스러운 한국어 대사 교정,29.44,T4,구조검사 통과 시 유지,,24.834437086092713,27.51,P4,회귀검사 통과 시 유지
ABF-338,사진 대조 1차 교정본,558,"01:29:04,530 --> 01:29:05,770",1.24,움직여도 돼요.,아…,으음…,중립·혼합형,,0.03,,,25.0,90.0,50.0,78.0,79.0,0.56016,0.0,66.0,0.0,0.0,0.2893,"아, 유두는 안 돼요.","아, 젖꼭지는 안 돼요.",,38.83,T3,화자·문맥·자연스러움 집중 검토,,58.27814569536424,47.0,P3,말투·질문응답·가독성 위주 검토
ABF-338,사진 대조 1차 교정본,559,"01:29:06,210 --> 01:29:07,850",1.64,으음…,움직여도 돼요.,다시 자세를 잡을게요.,반응형,,0.01,,,25.0,90.0,50.0,78.0,75.0,0.18795,0.0,66.0,0.0,0.0,0.2655,"으음, 으음...","으음, 으음…",,22.95,T4,구조검사 통과 시 유지,,6.870860927152318,16.2,P4,회귀검사 통과 시 유지
ABF-338,사진 대조 1차 교정본,560,"01:29:07,850 --> 01:29:44,920",37.07,다시 자세를 잡을게요.,으음…,아아…,중립·혼합형,,0.05,,,25.0,90.0,50.0,78.0,75.0,0.72106,0.0,66.0,0.0,0.0,0.1871,첫 번째부터 다시 해 볼게요.,처음부터 다시 넣어 볼게요.,사진 장면 확인 및 한국어 번역투·ASR 오역 교정,45.34,T3,화자·문맥·자연스러움 집중 검토,,80.79470198675497,60.23,P2,앞뒤 5블록·사진·오류 기억을 함께 검토
ABF-338,사진 대조 1차 교정본,561,"01:30:09,710 --> 01:30:22,390",12.68,아아…,다시 자세를 잡을게요.,으음…,반응형,,0.01,,,25.0,90.0,50.0,78.0,75.0,0.3498,42.0,66.0,0.0,0.0,1.0,아아…,"와, 진짜 많이 커졌어.",일본어 원문 + 타임스탬프 사진 + 장면 연속성,37.31,T3,화자·문맥·자연스러움 집중 검토,,53.31125827814569,44.03,P3,말투·질문응답·가독성 위주 검토
ABF-338,사진 대조 1차 교정본,562,"01:30:22,390 --> 01:30:34,120",11.73,으음…,아아…,기분 좋아요. 좋아요?,반응형,,0.01,,,25.0,90.0,50.0,78.0,75.0,0.18746,0.0,66.0,0.0,0.0,0.2655,"으음, 으음...","으음, 으음…",,22.93,T4,구조검사 통과 시 유지,,6.622516556291391,16.08,P4,회귀검사 통과 시 유지
ABF-338,사진 대조 1차 교정본,563,"01:30:40,300 --> 01:30:42,120",1.82,기분 좋아요. 좋아요?,으음…,나올 것 같아?,반응형,,0.0,,,25.0,90.0,50.0,78.0,75.0,0.36623,20.07,66.0,0.0,0.0,0.8172,기분 좋아요.,"아, 좋아요.",화면 영문 자막 대조,34.05,T4,구조검사 통과 시 유지,,39.569536423841065,36.37,P4,회귀검사 통과 시 유지
ABF-338,사진 대조 1차 교정본,564,"01:30:52,900 --> 01:30:55,580",2.68,나올 것 같아?,기분 좋아요. 좋아요?,좋아요.,반응형,,0.0,,,25.0,90.0,50.0,78.0,75.0,0.43152,0.0,66.0,0.0,0.0,0.5013,싸버릴 것 같아?,싸 버릴 것 같아?,,33.18,T4,구조검사 통과 시 유지,,36.58940397350993,34.61,P4,회귀검사 통과 시 유지
ABF-338,사진 대조 1차 교정본,565,"01:30:57,220 --> 01:30:58,580",1.36,좋아요.,나올 것 같아?,위치를 조금 바꿔요.,반응형,,0.02,,,25.0,90.0,50.0,78.0,75.0,0.2585,23.18,66.0,0.0,0.0,0.8432,기분 좋아요.,"아, 좋아요.",화면 영문 자막 대조,30.09,T4,구조검사 통과 시 유지,,26.158940397350992,28.44,P4,회귀검사 통과 시 유지
ABF-338,사진 대조 1차 교정본,566,"01:31:15,400 --> 01:31:16,600",1.2,위치를 조금 바꿔요.,좋아요.,힘을 빼 주세요.,중립·혼합형,,0.0,,,25.0,90.0,50.0,78.0,75.0,0.69884,0.0,66.0,0.0,0.0,0.1793,조금 쉬어요.,잠깐만요.,,44.41,T3,화자·문맥·자연스러움 집중 검토,,77.98013245033113,58.51,P2,앞뒤 5블록·사진·오류 기억을 함께 검토
ABF-338,사진 대조 1차 교정본,567,"01:31:17,280 --> 01:31:18,080",0.8,힘을 빼 주세요.,위치를 조금 바꿔요.,오!,존댓말형,,0.02,,,25.0,90.0,50.0,78.0,79.0,0.82078,7.47,66.0,0.0,0.0,0.7123,배에 힘을 주세요.,힘 줘.,일본어 원문 대조 + 자연스러운 한국어 대사 교정,51.12,T3,화자·문맥·자연스러움 집중 검토,,95.52980132450331,69.77,P2,앞뒤 5블록·사진·오류 기억을 함께 검토
ABF-338,사진 대조 1차 교정본,568,"01:31:28,990 --> 01:31:29,650",0.66,오!,힘을 빼 주세요.,잠깐 제대로 쉬어요.,중립·혼합형,,0.01,,,25.0,90.0,50.0,78.0,75.0,0.28387,0.0,66.0,0.0,0.0,0.4185,오오!,오오…!,일본어 원문 대조 + 자연스러운 한국어 대사 교정,26.98,T4,구조검사 통과 시 유지,,17.052980132450333,22.81,P4,회귀검사 통과 시 유지
ABF-338,사진 대조 1차 교정본,569,"01:44:48,700 --> 01:44:50,100",1.4,잠깐 제대로 쉬어요.,오!,두 번째 자세로 바꿔서 다시 움직여요.,반응형,,0.0,부자연스러운 높임말 교정,중간,25.0,90.0,50.0,78.0,75.0,0.76752,0.0,48.0,0.0,0.0,0.5961,조금 쉬어요.,잠깐만요.,,44.42,T3,화자·문맥·자연스러움 집중 검토,,78.1456953642384,58.58,P2,앞뒤 5블록·사진·오류 기억을 함께 검토
ABF-338,사진 대조 1차 교정본,570,"01:46:08,310 --> 01:46:12,990",4.68,두 번째 자세로 바꿔서 다시 움직여요.,잠깐 제대로 쉬어요.,이어서 세 번째 자세로 갈게요.,중립·혼합형,,0.01,자세 전환 문장 자연화,높음,25.0,90.0,50.0,92.0,79.0,0.91335,47.68,22.0,0.0,0.0,0.8473,두 번째 자세로 바꿔 다시 움직여요.,두 번째 자세로 바꿔서 다시 움직여요.,자세 전환 문장 자연화,39.75,T3,화자·문맥·자연스러움 집중 검토,meta_hallucination,63.24503311258278,49.62,P3,말투·질문응답·가독성 위주 검토
ABF-338,사진 대조 1차 교정본,571,"01:46:13,350 --> 01:46:18,270",4.92,이어서 세 번째 자세로 갈게요.,두 번째 자세로 바꿔서 다시 움직여요.,여섯 번째예요.,반응형,,0.05,자세 전환 문장 자연화,높음,25.0,90.0,50.0,92.0,75.0,0.7299,24.0,22.0,0.0,0.0,0.5713,세 번째 자세까지 이어 갈게요.,이어서 세 번째 자세로 갈게요.,자세 전환 문장 자연화,30.96,T4,구조검사 통과 시 유지,meta_hallucination,29.13907284768212,30.2,P4,회귀검사 통과 시 유지
ABF-338,사진 대조 1차 교정본,572,"01:46:19,190 --> 01:46:19,550",0.36,여섯 번째예요.,이어서 세 번째 자세로 갈게요.,침을 잔뜩 묻혀 줘요.,존댓말형,,0.01,,,25.0,90.0,50.0,78.0,75.0,0.65774,10.93,66.0,25.0,0.0,0.7411,첫 번째예요.,이번이 첫 번째예요.,사진 장면 확인 및 한국어 번역투·ASR 오역 교정,47.15,T3,화자·문맥·자연스러움 집중 검토,borderline_cps,85.09933774834437,63.09,P2,앞뒤 5블록·사진·오류 기억을 함께 검토
ABF-338,사진 대조 1차 교정본,573,"01:48:14,320 --> 01:48:15,840",1.52,침을 잔뜩 묻혀 줘요.,여섯 번째예요.,그렇게 하면 너무 자극적이에요.,중립·혼합형,,0.02,,,25.0,90.0,50.0,78.0,79.0,0.80785,0.0,66.0,0.0,0.0,0.4751,유두에도 침을 잔뜩 묻혀.,젖꼭지에도 침 잔뜩 묻혀.,,49.23,T3,화자·문맥·자연스러움 집중 검토,,91.72185430463577,67.08,P2,앞뒤 5블록·사진·오류 기억을 함께 검토
ABF-338,사진 대조 1차 교정본,574,"01:48:48,300 --> 01:48:49,100",0.8,그렇게 하면 너무 자극적이에요.,침을 잔뜩 묻혀 줘요.,그래도 서로 원한 거잖아요.,존댓말형,,0.0,,,25.0,90.0,50.0,78.0,75.0,0.70224,0.0,66.0,25.0,0.0,0.2734,그렇게 하면 안쪽이 꽉 차는 것 같아.,그렇게 하니까 안이 꽉 차네.,손상된 일본어 ASR + 타임스탬프 사진 + 앞뒤 문맥 추론,47.05,T3,화자·문맥·자연스러움 집중 검토,borderline_cps,84.93377483443709,62.96,P2,앞뒤 5블록·사진·오류 기억을 함께 검토
ABF-338,사진 대조 1차 교정본,575,"01:48:49,100 --> 01:48:49,140",0.04,그래도 서로 원한 거잖아요.,그렇게 하면 너무 자극적이에요.,그렇게 말하면 더 힘들어져요.,반응형,,0.0,,,25.0,90.0,50.0,78.0,75.0,0.89618,0.0,66.0,70.0,0.0,0.295,그래도 기분은 좋아요.,그래도 기분 좋았어요.,손상된 일본어 ASR + 타임스탬프 사진 + 앞뒤 문맥 추론,59.7,T3,화자·문맥·자연스러움 집중 검토,high_cps,99.83443708609272,76.56,P1,장면 패킷을 열고 후보 3개를 생성해 반증 검토
ABF-338,사진 대조 1차 교정본,576,"01:48:49,220 --> 01:48:51,040",1.82,그렇게 말하면 더 힘들어져요.,그래도 서로 원한 거잖아요.,정말 위험해요.,반응형,,0.02,,,25.0,90.0,50.0,78.0,75.0,0.73503,0.0,66.0,0.0,0.0,0.2201,그렇게 하면 안쪽이 꽉 차는 것 같아.,그렇게 하니까 안이 꽉 차네.,손상된 일본어 ASR + 타임스탬프 사진 + 앞뒤 문맥 추론,45.93,T3,화자·문맥·자연스러움 집중 검토,,82.6158940397351,61.34,P2,앞뒤 5블록·사진·오류 기억을 함께 검토
ABF-338,사진 대조 1차 교정본,577,"01:48:51,140 --> 01:48:51,720",0.58,정말 위험해요.,그렇게 말하면 더 힘들어져요.,속옷은 그대로 입고 있어요.,반말형,,0.04,,,25.0,90.0,50.0,78.0,75.0,0.37216,0.0,66.0,0.0,0.0,0.3576,위험해.,큰일 나.,,30.69,T4,구조검사 통과 시 유지,,27.897350993377483,29.52,P4,회귀검사 통과 시 유지
ABF-338,사진 대조 1차 교정본,578,"01:49:16,800 --> 01:49:17,640",0.84,속옷은 그대로 입고 있어요.,정말 위험해요.,사실 그 맛을 기억하고 있죠?,반응형,,0.0,,,25.0,90.0,50.0,78.0,75.0,0.51542,0.0,66.0,0.0,0.0,0.2477,유두에 닿고 있어요.,젖꼭지에 닿아요.,,36.71,T3,화자·문맥·자연스러움 집중 검토,,51.158940397350996,42.78,P3,말투·질문응답·가독성 위주 검토
ABF-338,사진 대조 1차 교정본,579,"01:49:19,720 --> 01:49:22,100",2.38,사실 그 맛을 기억하고 있죠?,속옷은 그대로 입고 있어요.,이렇게 천천히 넣으면 돼요.,중립·혼합형,,0.02,,,25.0,90.0,50.0,78.0,75.0,0.61455,0.0,66.0,0.0,0.0,0.1263,"와봐, 어른의 맛을 가르쳐 줄 테니까...","와봐, 어른의 맛을 가르쳐 줄 테니까…",,40.87,T3,화자·문맥·자연스러움 집중 검토,,66.72185430463577,51.73,P3,말투·질문응답·가독성 위주 검토
ABF-338,사진 대조 1차 교정본,580,"01:49:32,010 --> 01:49:34,170",2.16,이렇게 천천히 넣으면 돼요.,사실 그 맛을 기억하고 있죠?,그러면 안쪽까지 완전히 차요.,반응형,,0.01,,,25.0,90.0,50.0,78.0,79.0,0.85577,0.0,66.0,0.0,0.0,0.4222,천천히 해 줘.,"좋네. 잠깐, 어떻게 돼 있었지?",일본어 원문 + 타임스탬프 사진 + 장면 연속성,51.24,T3,화자·문맥·자연스러움 집중 검토,,95.69536423841059,69.91,P2,앞뒤 5블록·사진·오류 기억을 함께 검토
ABF-338,사진 대조 1차 교정본,581,"01:49:34,990 --> 01:49:36,890",1.9,그러면 안쪽까지 완전히 차요.,이렇게 천천히 넣으면 돼요.,시트를 깔아 둘게요.,반말형,,0.01,,,25.0,90.0,50.0,78.0,79.0,0.89621,0.0,66.0,0.0,0.0,0.4501,안쪽까지 안 가?,더 안쪽까지 안 들어가?,일본어 원문 대조 + 자연스러운 한국어 대사 교정,52.94,T3,화자·문맥·자연스러움 집중 검토,,97.35099337748345,71.59,P2,앞뒤 5블록·사진·오류 기억을 함께 검토
ABF-338,사진 대조 1차 교정본,582,"01:50:12,130 --> 01:50:13,290",1.16,시트를 깔아 둘게요.,그러면 안쪽까지 완전히 차요.,이걸 안에 넣어요.,반응형,,0.03,,,25.0,90.0,50.0,78.0,75.0,0.71464,0.0,66.0,0.0,0.0,0.3063,잠깐 시간을 둘게요...,잠깐 시간을 둘게요…,,45.07,T3,화자·문맥·자연스러움 집중 검토,,80.13245033112582,59.8,P2,앞뒤 5블록·사진·오류 기억을 함께 검토
ABF-338,사진 대조 1차 교정본,583,"01:50:18,680 --> 01:50:18,840",0.16,이걸 안에 넣어요.,시트를 깔아 둘게요.,허리를 작게 움직여요.,반응형,,0.02,,,25.0,90.0,50.0,78.0,79.0,0.83884,0.0,66.0,70.0,0.0,0.2511,이걸 끼우는 거야?,콘돔 끼는 거야?,일본어 원문 대조 + 자연스러운 한국어 대사 교정,57.53,T3,화자·문맥·자연스러움 집중 검토,high_cps,99.33774834437085,75.09,P1,장면 패킷을 열고 후보 3개를 생성해 반증 검토
ABF-338,사진 대조 1차 교정본,584,"01:50:18,940 --> 01:51:12,570",53.63,허리를 작게 움직여요.,이걸 안에 넣어요.,베개 두 개를 받치면 더 편해요.,중립·혼합형,,0.04,,,25.0,90.0,50.0,78.0,79.0,0.83832,0.0,66.0,0.0,0.0,0.4157,두 번째 자세로 바꿔 다시 움직여요.,두 번째 자세로 바꿔서 다시 움직여요.,자세 전환 문장 자연화,50.51,T3,화자·문맥·자연스러움 집중 검토,,94.37086092715232,68.93,P2,앞뒤 5블록·사진·오류 기억을 함께 검토
ABF-338,사진 대조 1차 교정본,585,"01:51:15,170 --> 01:51:17,450",2.28,베개 두 개를 받치면 더 편해요.,허리를 작게 움직여요.,잠깐 쉬어요.,반말형,,0.03,,,25.0,90.0,50.0,78.0,75.0,0.76143,0.0,66.0,0.0,0.0,0.0942,이쪽으로 오세요. 베개로 가라.,베개 쪽으로 가.,,47.04,T3,화자·문맥·자연스러움 집중 검토,,84.76821192052981,62.89,P2,앞뒤 5블록·사진·오류 기억을 함께 검토
ABF-338,사진 대조 1차 교정본,586,"01:51:29,720 --> 01:51:32,660",2.94,잠깐 쉬어요.,베개 두 개를 받치면 더 편해요.,잠깐만요.,반응형,,0.02,,,25.0,90.0,50.0,78.0,75.0,0.65787,10.37,66.0,0.0,0.0,0.7364,조금 쉬어요.,잠깐만요.,,44.56,T3,화자·문맥·자연스러움 집중 검토,,78.31125827814569,58.74,P2,앞뒤 5블록·사진·오류 기억을 함께 검토
ABF-338,사진 대조 1차 교정본,587,"01:51:36,060 --> 01:51:36,560",0.5,잠깐만요.,잠깐 쉬어요.,이제 마무리할게요.,반응형,,0.04,,,25.0,90.0,50.0,78.0,75.0,0.66311,42.0,66.0,0.0,0.0,1.0,잠깐만요.,조금만 기다려.,일본어 원문 대조 + 자연스러운 한국어 대사 교정,50.47,T3,화자·문맥·자연스러움 집중 검토,,94.20529801324503,68.84,P2,앞뒤 5블록·사진·오류 기억을 함께 검토
ABF-338,사진 대조 1차 교정본,588,"02:01:07,250 --> 02:01:08,270",1.02,이제 마무리할게요.,잠깐만요.,이대로라면 대답할 수 있어요.,중립·혼합형,,0.05,,,25.0,90.0,50.0,78.0,75.0,0.79714,0.0,66.0,0.0,0.0,0.2803,남은 부분도 부드럽게 정리할게요.,그대로 천천히 움직일게.,타임스탬프 사진과 앞뒤 장면으로 대사 기능 복원,48.54,T3,화자·문맥·자연스러움 집중 검토,,89.23841059602648,65.63,P2,앞뒤 5블록·사진·오류 기억을 함께 검토
ABF-338,사진 대조 1차 교정본,589,"02:01:32,820 --> 02:01:48,900",16.08,이대로라면 대답할 수 있어요.,이제 마무리할게요.,제대로 해 주세요.,반응형,,0.02,,,25.0,90.0,50.0,78.0,75.0,0.69355,0.0,66.0,0.0,0.0,0.2592,몸을 살짝 넣을 수 있어요.,조금만요.,,44.19,T3,화자·문맥·자연스러움 집중 검토,,77.81456953642383,58.31,P2,앞뒤 5블록·사진·오류 기억을 함께 검토
ABF-338,사진 대조 1차 교정본,590,"02:01:48,920 --> 02:01:49,460",0.54,제대로 해 주세요.,이대로라면 대답할 수 있어요.,많이 지친 것 같네요.,중립·혼합형,,0.02,,,25.0,90.0,50.0,78.0,75.0,0.4985,19.92,66.0,0.0,0.0,0.816,제대로 쉬어 주세요.,잠깐 제대로 쉬어요.,부자연스러운 높임말 교정,39.58,T3,화자·문맥·자연스러움 집중 검토,,62.58278145695364,49.24,P3,말투·질문응답·가독성 위주 검토
ABF-338,사진 대조 1차 교정본,591,"02:02:40,710 --> 02:02:42,490",1.78,많이 지친 것 같네요.,제대로 해 주세요.,그래도…,반말형,,0.01,,,25.0,90.0,50.0,78.0,75.0,0.60884,0.0,66.0,0.0,0.0,0.2052,너무 많이 지워 버렸어.,엄청 젖어 버렸어.,사진 장면 확인 및 한국어 번역투·ASR 오역 교정,40.63,T3,화자·문맥·자연스러움 집중 검토,,65.23178807947019,50.96,P3,말투·질문응답·가독성 위주 검토
ABF-338,사진 대조 1차 교정본,592,"02:02:56,690 --> 02:02:57,130",0.44,그래도…,많이 지친 것 같네요.,아직 더 좋아하는 것 같아요.,중립·혼합형,,0.01,,,25.0,90.0,50.0,78.0,75.0,0.21687,0.0,66.0,0.0,0.0,0.2426,그래도...,그래도…,,24.17,T4,구조검사 통과 시 유지,,9.602649006622517,18.05,P4,회귀검사 통과 시 유지
ABF-338,사진 대조 1차 교정본,593,"02:02:57,130 --> 02:02:58,050",0.92,아직 더 좋아하는 것 같아요.,그래도…,지금까지 계속 참고 있었어요.,반응형,,0.03,,,25.0,90.0,50.0,78.0,75.0,0.61413,0.0,66.0,0.0,0.0,0.4542,기쁠 것 같아요.,그러면 기쁠 것 같아요.,사진 장면 확인 및 한국어 번역투·ASR 오역 교정,40.85,T3,화자·문맥·자연스러움 집중 검토,,66.47350993377484,51.61,P3,말투·질문응답·가독성 위주 검토
ABF-338,사진 대조 1차 교정본,594,"02:03:02,330 --> 02:03:02,870",0.54,지금까지 계속 참고 있었어요.,아직 더 좋아하는 것 같아요.,잠깐만요…,반응형,,0.03,,,25.0,90.0,50.0,78.0,75.0,0.68855,0.0,66.0,50.37,0.0,0.2358,"마음을 열어 줬고, 이제는 정말 가까워져서 잠자리까지 가질 수 있었어요.","그래도 어떻게든 마음을 열어 줬고, 이제는 정말 가까워져 잠자리까지 가졌어요.",내레이션 줄바꿈 및 번역투 제거,49.02,T3,화자·문맥·자연스러움 집중 검토,high_cps,91.30794701986756,66.78,P2,앞뒤 5블록·사진·오류 기억을 함께 검토
ABF-338,사진 대조 1차 교정본,595,"02:03:29,100 --> 02:03:33,220",4.12,잠깐만요…,지금까지 계속 참고 있었어요.,다리는 그대로 두고 허리를 움직여요.,반응형,,0.0,,,25.0,90.0,50.0,78.0,75.0,0.41079,42.0,66.0,0.0,0.0,1.0,잠깐만요…,잠깐만…,일본어 원문 대조 + 자연스러운 한국어 대사 교정,39.87,T3,화자·문맥·자연스러움 집중 검토,,63.741721854304636,49.9,P3,말투·질문응답·가독성 위주 검토
ABF-338,사진 대조 1차 교정본,596,"02:06:36,590 --> 02:06:41,910",5.32,다리는 그대로 두고 허리를 움직여요.,잠깐만요…,한 번 더 하고 싶어요.,중립·혼합형,,0.01,,,25.0,90.0,50.0,78.0,79.0,0.94267,0.0,66.0,0.0,0.0,0.3654,두 번째 자세로 바꿔 다시 움직여요.,두 번째 자세로 바꿔서 다시 움직여요.,자세 전환 문장 자연화,54.89,T3,화자·문맥·자연스러움 집중 검토,,98.4271523178808,73.18,P1,장면 패킷을 열고 후보 3개를 생성해 반증 검토
ABF-338,사진 대조 1차 교정본,597,"02:08:08,930 --> 02:08:10,570",1.64,한 번 더 하고 싶어요.,다리는 그대로 두고 허리를 움직여요.,누워 있으니까 그대로 있어요.,반응형,,0.03,,,25.0,90.0,50.0,78.0,75.0,0.63931,0.0,66.0,0.0,0.0,0.4129,기분 좋게 해 주고 싶어요.,제가 해 볼게요.,앞 블록과 중복된 문장 정리,41.91,T3,화자·문맥·자연스러움 집중 검토,,70.86092715231787,54.07,P3,말투·질문응답·가독성 위주 검토
ABF-338,사진 대조 1차 교정본,598,"02:09:03,620 --> 02:09:08,190",4.57,누워 있으니까 그대로 있어요.,한 번 더 하고 싶어요.,이 자세가 더 좋아요.,반응형,,0.02,,,25.0,90.0,50.0,78.0,75.0,0.73138,0.0,66.0,0.0,0.0,0.2763,누워 있었어.,더 뿜어봐.,,45.78,T3,화자·문맥·자연스러움 집중 검토,,81.95364238410596,60.97,P2,앞뒤 5블록·사진·오류 기억을 함께 검토
ABF-338,사진 대조 1차 교정본,599,"02:10:37,140 --> 02:10:58,640",21.5,이 자세가 더 좋아요.,누워 있으니까 그대로 있어요.,조심해요.,반응형,,0.04,,,25.0,90.0,50.0,78.0,75.0,0.65568,0.0,66.0,0.0,0.0,0.5351,이 자세가 좋은 거야?,내가 신진대사가 좋은 건가?,일본어 원문 대조 + 자연스러운 한국어 대사 교정,42.6,T3,화자·문맥·자연스러움 집중 검토,,73.34437086092716,55.51,P3,말투·질문응답·가독성 위주 검토
ABF-338,사진 대조 1차 교정본,600,"02:11:08,110 --> 02:12:27,390",79.28,조심해요.,이 자세가 더 좋아요.,아파요.,반말형,,0.01,,,25.0,90.0,50.0,78.0,75.0,0.55091,0.0,66.0,0.0,0.0,0.2949,집에 가족이 있을 때는 조심해야 해요.,집에 가족이 있을 땐 조심해야 해요.,마지막 조언 문장 자연화,38.2,T3,화자·문맥·자연스러움 집중 검토,,57.11920529801324,46.15,P3,말투·질문응답·가독성 위주 검토
ABF-338,사진 대조 1차 교정본,601,"02:13:18,110 --> 02:13:20,880",2.77,아파요.,조심해요.,"오, 기분 좋아요.",반응형,,0.01,,,25.0,90.0,50.0,78.0,75.0,0.38198,13.93,66.0,0.0,0.0,0.7661,배가 다시 아파요. 너무 조이고 아파요.,너무 깊어서 아파요…,타임스탬프 사진과 장면 흐름으로 명백한 오인식 교정,33.61,T4,구조검사 통과 시 유지,,37.74834437086093,35.35,P4,회귀검사 통과 시 유지
ABF-338,사진 대조 1차 교정본,602,"02:13:35,800 --> 02:13:44,410",8.61,"오, 기분 좋아요.",아파요.,가 버린 것 같네요.,반응형,,0.0,,,25.0,90.0,50.0,78.0,75.0,0.51196,19.33,66.0,0.0,0.0,0.8111,기분 좋아요.,"아, 좋아요.",화면 영문 자막 대조,40.04,T3,화자·문맥·자연스러움 집중 검토,,64.40397350993378,50.27,P3,말투·질문응답·가독성 위주 검토
ABF-338,사진 대조 1차 교정본,603,"02:13:55,530 --> 02:13:56,830",1.3,가 버린 것 같네요.,"오, 기분 좋아요.",안쪽에서 소리가 나네요.,반말형,,0.03,,,25.0,90.0,50.0,78.0,75.0,0.56769,0.0,66.0,0.0,0.0,0.3904,이미 넘어가 버린 것 같네...,이미 넘어가 버린 것 같네…,,38.9,T3,화자·문맥·자연스러움 집중 검토,,58.609271523178805,47.18,P3,말투·질문응답·가독성 위주 검토
ABF-338,사진 대조 1차 교정본,604,"02:13:59,890 --> 02:14:00,950",1.06,안쪽에서 소리가 나네요.,가 버린 것 같네요.,,반말형,,0.01,,,25.0,90.0,50.0,78.0,79.0,0.66814,0.0,66.0,0.0,0.0,0.3226,소리가 다 들려.,소리가 다 들리네.,손상된 일본어 ASR + 타임스탬프 사진 + 앞뒤 문맥 추론,43.36,T3,화자·문맥·자연스러움 집중 검토,,75.41390728476821,56.82,P3,말투·질문응답·가독성 위주 검토
