title,stage,block,timecode,duration_seconds,text,prev_text,next_text,style_profile,frame_file,frame_difference_seconds,basis,evidence_confidence,source_meaning_confidence,scene_fit_confidence,speaker_confidence,korean_naturalness,hallucination_risk,model_change_probability,rule_risk,provenance_risk,timing_risk,continuity_risk,error_memory_similarity,nearest_prior_bad_text,nearest_prior_correction,nearest_prior_basis,final_risk,tier,recommended_action,flags,relative_risk_percentile,priority_score,review_band,priority_action
ADN-622,사진 대조 1차 교정본,1,"00:01:12,510 --> 00:01:18,550",6.04,"유우 군, 일어나. 밥 다 됐어. 들어갈게.",,벌써 일어났어요.,중립·혼합형,,0.01,,,25.0,90.0,50.0,78.0,75.0,0.81507,0.0,66.0,0.0,0.0,0.2083,세 번째 자세로 넘어갈게.,이번엔 입으로 해 줘.,타임스탬프 사진과 장면 흐름으로 명백한 오인식 교정,49.29,T3,화자·문맥·자연스러움 집중 검토,,95.90288315629742,68.87,P2,앞뒤 5블록·사진·오류 기억을 함께 검토
ADN-622,사진 대조 1차 교정본,2,"00:01:21,810 --> 00:01:22,970",1.16,벌써 일어났어요.,"유우 군, 일어나. 밥 다 됐어. 들어갈게.",고마워. 오늘도 힘내.,반응형,,0.01,,,25.0,90.0,50.0,78.0,75.0,0.61837,0.0,66.0,0.0,0.0,0.2231,"어, 벌써 느끼고 있잖아.","어, 벌써 좋아하고 있잖아.",,41.03,T3,화자·문맥·자연스러움 집중 검토,,62.9742033383915,50.25,P3,말투·질문응답·가독성 위주 검토
ADN-622,사진 대조 1차 교정본,3,"00:01:49,130 --> 00:01:50,790",1.66,고마워. 오늘도 힘내.,벌써 일어났어요.,그럼 다녀올게.,중립·혼합형,,0.03,,,25.0,90.0,50.0,78.0,75.0,0.65737,0.0,66.0,0.0,0.0,0.6273,고마워.,손으로 잡아 줘.,일본어 원문 + 타임스탬프 사진 + 장면 연속성,42.67,T3,화자·문맥·자연스러움 집중 검토,,72.07890743550834,55.02,P3,말투·질문응답·가독성 위주 검토
ADN-622,사진 대조 1차 교정본,4,"00:01:50,790 --> 00:01:51,890",1.1,그럼 다녀올게.,고마워. 오늘도 힘내.,몇 시쯤 들어와?,중립·혼합형,,0.01,,,25.0,90.0,50.0,78.0,75.0,0.61773,0.0,66.0,0.0,0.0,0.2438,"그래도 제가 만들게요. 사 오시게요? 네, 다녀올게요. 죄송합니다.","제가 만들게요. 필요한 건 사 오실래요? 네, 다녀올게요. 죄송합니다.",화자 분리 및 대화 흐름 정리,41.0,T3,화자·문맥·자연스러움 집중 검토,,62.67071320182094,50.1,P3,말투·질문응답·가독성 위주 검토
ADN-622,사진 대조 1차 교정본,5,"00:01:52,230 --> 00:01:53,490",1.26,몇 시쯤 들어와?,그럼 다녀올게.,좀 늦을지도 모르니까 연락할게.,반응형,,0.03,,,25.0,90.0,50.0,78.0,75.0,0.64233,0.0,66.0,0.0,0.0,0.132,몇 마리야?,대충 몇 명?,손상된 일본어 ASR + 타임스탬프 사진 + 앞뒤 문맥 추론,42.04,T3,화자·문맥·자연스러움 집중 검토,,69.27162367223065,53.48,P3,말투·질문응답·가독성 위주 검토
ADN-622,사진 대조 1차 교정본,6,"00:01:54,730 --> 00:01:58,070",3.34,좀 늦을지도 모르니까 연락할게.,몇 시쯤 들어와?,기다릴게.,반말형,,0.03,,,25.0,90.0,50.0,78.0,75.0,0.78161,0.0,66.0,0.0,0.0,0.1617,이제 안 할게.,이제 안 애태울게.,,47.89,T3,화자·문맥·자연스러움 집중 검토,,91.57814871016691,66.24,P2,앞뒤 5블록·사진·오류 기억을 함께 검토
ADN-622,사진 대조 1차 교정본,7,"00:01:58,470 --> 00:01:59,290",0.82,기다릴게.,좀 늦을지도 모르니까 연락할게.,잘 다녀와.,중립·혼합형,,0.03,,,25.0,90.0,50.0,78.0,75.0,0.4161,0.0,66.0,0.0,0.0,0.1024,기다려...,기다려…,,32.54,T4,구조검사 통과 시 유지,,23.823975720789075,28.88,P4,회귀검사 통과 시 유지
ADN-622,사진 대조 1차 교정본,8,"00:02:00,250 --> 00:02:01,370",1.12,잘 다녀와.,기다릴게.,"반년 전, 아버지가 재혼했다.",중립·혼합형,,0.05,,,25.0,90.0,50.0,78.0,75.0,0.3971,0.0,66.0,0.0,0.0,0.1656,잘 자.,조금만 천천히…,타임스탬프 사진으로 장면 불일치 확인 후 재복원,31.74,T4,구조검사 통과 시 유지,,20.94081942336874,27.2,P4,회귀검사 통과 시 유지
ADN-622,사진 대조 1차 교정본,9,"00:02:01,610 --> 00:02:04,310",2.7,"반년 전, 아버지가 재혼했다.",잘 다녀와.,"새어머니인 쿠미 씨는 아버지가
경영하는 회사에서 경리였다고 한다.",반응형,,0.01,,,25.0,90.0,50.0,78.0,75.0,0.59379,0.0,66.0,0.0,0.0,0.2074,"반년 전, 마지막으로 이곳에 온 뒤로 기후가 조금 껄끄러워졌다.","반년 전 마지막으로 이곳에 온 뒤, 시아버지와 조금 어색해졌다.",문맥상 명백한 오역 교정,40.0,T3,화자·문맥·자연스러움 집중 검토,,56.373292867981796,46.88,P3,말투·질문응답·가독성 위주 검토
ADN-622,사진 대조 1차 교정본,10,"00:02:05,230 --> 00:02:11,610",6.38,"새어머니인 쿠미 씨는 아버지가
경영하는 회사에서 경리였다고 한다.","반년 전, 아버지가 재혼했다.",지금은 일을 그만뒀다.,반말형,,0.03,,,25.0,90.0,50.0,78.0,75.0,0.57294,0.0,66.0,0.0,0.0,0.1218,다음 주 중요한 현장에 쓸 자료를 어제 회사에서 스즈모리랑 둘이 야근하며 만들었지.,다음 주 중요한 현장에 쓸 자료를 어제 스즈모리와 둘이 야근하며 만들었지.,내레이션 어순 및 조사 교정,39.12,T3,화자·문맥·자연스러움 집중 검토,,50.986342943854325,44.1,P3,말투·질문응답·가독성 위주 검토
ADN-622,사진 대조 1차 교정본,11,"00:02:12,350 --> 00:02:15,570",3.22,지금은 일을 그만뒀다.,"새어머니인 쿠미 씨는 아버지가
경영하는 회사에서 경리였다고 한다.",전업주부로 지내고 있다.,반말형,,0.05,,,25.0,90.0,50.0,78.0,75.0,0.54097,0.0,66.0,0.0,0.0,0.4328,지금은 일을 그만둔 상태다.,지금은 일을 그만뒀다.,,37.78,T3,화자·문맥·자연스러움 집중 검토,,43.62670713201821,40.24,P3,말투·질문응답·가독성 위주 검토
ADN-622,사진 대조 1차 교정본,12,"00:02:15,890 --> 00:02:17,930",2.04,전업주부로 지내고 있다.,지금은 일을 그만뒀다.,아빠가 오늘 늦게 온대.,반말형,,0.01,,,25.0,90.0,50.0,78.0,75.0,0.57085,0.0,66.0,0.0,0.0,0.1772,맛있다.,바람 좋다.,일본어 원문 대조 + 자연스러운 한국어 대사 교정,39.04,T3,화자·문맥·자연스러움 집중 검토,,50.682852807283766,43.93,P3,말투·질문응답·가독성 위주 검토
ADN-622,사진 대조 1차 교정본,13,"00:02:20,610 --> 00:02:21,310",0.7,아빠가 오늘 늦게 온대.,전업주부로 지내고 있다.,그래요?,반응형,,0.01,,,25.0,90.0,50.0,78.0,75.0,0.5953,0.0,66.0,0.0,0.0,0.1586,오늘 진짜 엄청 했네.,오늘 진짜 실컷 했네.,일본어 원문 대조 + 자연스러운 한국어 대사 교정,40.06,T3,화자·문맥·자연스러움 집중 검토,,57.056145675265554,47.2,P3,말투·질문응답·가독성 위주 검토
ADN-622,사진 대조 1차 교정본,14,"00:02:22,450 --> 00:02:23,570",1.12,그래요?,아빠가 오늘 늦게 온대.,저녁은 뭐 먹고 싶어?,중립·혼합형,,0.05,,,25.0,90.0,50.0,78.0,75.0,0.25415,0.0,66.0,0.0,0.0,0.2211,용기 내어 주실래요?,조금만 더 해 줄래요?,,25.73,T4,구조검사 통과 시 유지,,5.614567526555387,17.28,P4,회귀검사 통과 시 유지
ADN-622,사진 대조 1차 교정본,15,"00:02:24,950 --> 00:02:26,250",1.3,저녁은 뭐 먹고 싶어?,그래요?,오늘 학원이 있어서요.,반응형,,0.05,,,25.0,90.0,50.0,78.0,75.0,0.54723,0.0,66.0,0.0,0.0,0.3928,잘 빨고 싶어?,계속 빨고 싶어?,일본어 원문 대조 + 자연스러운 한국어 대사 교정,38.04,T3,화자·문맥·자연스러움 집중 검토,,45.220030349013655,41.06,P3,말투·질문응답·가독성 위주 검토
ADN-622,사진 대조 1차 교정본,16,"00:02:27,270 --> 00:02:29,630",2.36,오늘 학원이 있어서요.,저녁은 뭐 먹고 싶어?,그렇구나. 지망 대학은 정했니?,반응형,,0.03,,,25.0,90.0,50.0,78.0,75.0,0.60349,0.0,66.0,0.0,0.0,0.1632,오늘 진짜 엄청 했네.,오늘 진짜 실컷 했네.,일본어 원문 대조 + 자연스러운 한국어 대사 교정,40.41,T3,화자·문맥·자연스러움 집중 검토,,59.180576631259484,48.29,P3,말투·질문응답·가독성 위주 검토
ADN-622,사진 대조 1차 교정본,17,"00:02:32,270 --> 00:02:34,570",2.3,그렇구나. 지망 대학은 정했니?,오늘 학원이 있어서요.,아버지가 가라고 해서 다니는 것뿐이에요.,반말형,,0.03,,,25.0,90.0,50.0,78.0,75.0,0.64739,0.0,66.0,0.0,0.0,0.5381,그렇구나.,손 정말 잘 쓰네.,일본어 원문 + 타임스탬프 사진 + 장면 연속성,42.25,T3,화자·문맥·자연스러움 집중 검토,,69.95447647951441,53.89,P3,말투·질문응답·가독성 위주 검토
ADN-622,사진 대조 1차 교정본,18,"00:02:36,290 --> 00:02:36,870",0.58,아버지가 가라고 해서 다니는 것뿐이에요.,그렇구나. 지망 대학은 정했니?,그렇구나. 그래도 아직 시간은 있으니까.,반응형,,0.01,,,25.0,90.0,50.0,78.0,75.0,0.79502,0.0,66.0,70.0,0.0,0.2103,저는 엄청 비를 몰고 다니는 편인데 오늘은 맑아서 다행이에요. 도착했습니다.,저 원래 비를 몰고 다니는 편인데 오늘은 맑아서 다행이에요. 도착했네요.,,55.45,T3,화자·문맥·자연스러움 집중 검토,high_cps,99.69650986342944,74.03,P1,장면 패킷을 열고 후보 3개를 생성해 반증 검토
ADN-622,사진 대조 1차 교정본,19,"00:02:37,990 --> 00:02:40,150",2.16,그렇구나. 그래도 아직 시간은 있으니까.,아버지가 가라고 해서 다니는 것뿐이에요.,차 마실래?,반응형,,0.01,,,25.0,90.0,50.0,78.0,75.0,0.73313,0.0,66.0,0.0,0.0,0.5514,그렇구나.,손 정말 잘 쓰네.,일본어 원문 + 타임스탬프 사진 + 장면 연속성,45.85,T3,화자·문맥·자연스러움 집중 검토,,84.90136570561457,62.25,P2,앞뒤 5블록·사진·오류 기억을 함께 검토
ADN-622,사진 대조 1차 교정본,20,"00:02:44,680 --> 00:02:45,580",0.9,차 마실래?,그렇구나. 그래도 아직 시간은 있으니까.,"친어머니는 어릴 때 병으로 돌아가셔서
얼굴은 잘 기억 안 나지만 쿠미 씨와 닮았던 것 같다.",중립·혼합형,,0.02,,,25.0,90.0,50.0,78.0,75.0,0.38085,0.0,66.0,0.0,0.0,0.1193,내 물을 마실 수 있겠냐.,사야.,화면 영문 자막 대조,31.06,T4,구조검사 통과 시 유지,,18.057663125948405,25.6,P4,회귀검사 통과 시 유지
ADN-622,사진 대조 1차 교정본,21,"00:03:25,120 --> 00:03:40,000",14.88,"친어머니는 어릴 때 병으로 돌아가셔서
얼굴은 잘 기억 안 나지만 쿠미 씨와 닮았던 것 같다.",차 마실래?,"뭐, 뭐 하는 거야?
학원은? 늦겠어.",반말형,,0.02,,,25.0,90.0,50.0,78.0,75.0,0.79923,0.0,66.0,0.0,0.0,0.1243,나는 아내 실격이다. 하지만 당분간은 그만두지 못할 것 같다.,나는 아내로서 실격이다. 그래도 당분간은 그만두지 못할 것 같다.,마지막 내레이션 자연화,48.63,T3,화자·문맥·자연스러움 집중 검토,,94.30955993930196,67.82,P2,앞뒤 5블록·사진·오류 기억을 함께 검토
ADN-622,사진 대조 1차 교정본,22,"00:04:20,060 --> 00:04:24,000",3.94,"뭐, 뭐 하는 거야?
학원은? 늦겠어.","친어머니는 어릴 때 병으로 돌아가셔서
얼굴은 잘 기억 안 나지만 쿠미 씨와 닮았던 것 같다.",네.,반말형,,0.04,오탈자 및 줄바꿈 교정,높음,25.0,90.0,50.0,78.0,75.0,0.4189,26.25,22.0,0.0,0.0,0.8687,"머, 뭐 하는 거야? 학원은? 늦겠어.","뭐, 뭐 하는 거야? 학원은? 늦겠어.",오탈자 및 줄바꿈 교정,21.84,T4,구조검사 통과 시 유지,,0.9104704097116844,13.05,P4,회귀검사 통과 시 유지
ADN-622,사진 대조 1차 교정본,23,"00:04:24,300 --> 00:04:24,740",0.44,네.,"뭐, 뭐 하는 거야?
학원은? 늦겠어.",네.,반말형,,0.0,,,25.0,90.0,50.0,78.0,75.0,0.23911,8.54,66.0,0.0,0.0,0.7211,"네, 네.",네.,불필요한 반복 제거,26.64,T4,구조검사 통과 시 유지,,7.587253414264036,18.64,P4,회귀검사 통과 시 유지
ADN-622,사진 대조 1차 교정본,24,"00:04:33,960 --> 00:04:34,620",0.66,네.,네.,여보세요.,반말형,,0.04,,,25.0,90.0,50.0,78.0,75.0,0.21913,8.54,66.0,0.0,0.0,0.7211,"네, 네.",네.,불필요한 반복 제거,25.8,T4,구조검사 통과 시 유지,,5.918057663125948,17.45,P4,회귀검사 통과 시 유지
ADN-622,사진 대조 1차 교정본,25,"00:04:34,620 --> 00:04:34,920",0.3,여보세요.,네.,"네, 맞습니다.",존댓말형,,0.02,,,25.0,90.0,50.0,78.0,75.0,0.22851,0.0,66.0,25.0,18.0,0.3095,먹어보세요.,먹어 봐.,,28.6,T4,구조검사 통과 시 유지,borderline_cps;formality_shift,12.139605462822459,21.69,P4,회귀검사 통과 시 유지
ADN-622,사진 대조 1차 교정본,26,"00:04:35,820 --> 00:04:36,760",0.94,"네, 맞습니다.",여보세요.,늘 신세 지고 있습니다.,중립·혼합형,,0.02,,,25.0,90.0,50.0,78.0,75.0,0.38116,0.0,66.0,0.0,0.0,0.3511,"네, 네.",네.,불필요한 반복 제거,31.07,T4,구조검사 통과 시 유지,,18.209408194233685,25.67,P4,회귀검사 통과 시 유지
ADN-622,사진 대조 1차 교정본,27,"00:04:37,800 --> 00:04:39,200",1.4,늘 신세 지고 있습니다.,"네, 맞습니다.",네.,중립·혼합형,,0.0,,,25.0,90.0,50.0,78.0,75.0,0.49374,0.0,66.0,0.0,0.0,0.4233,내 배를 쥐고 있습니다.,배에 힘이 들어가.,사진 속 반응과 문장 기능을 근거로 교정,35.8,T3,화자·문맥·자연스러움 집중 검토,,34.749620637329286,35.36,P4,회귀검사 통과 시 유지
ADN-622,사진 대조 1차 교정본,28,"00:04:40,840 --> 00:04:41,200",0.36,네.,늘 신세 지고 있습니다.,"아, 그렇군요.",반말형,,0.04,,,25.0,90.0,50.0,78.0,75.0,0.12677,8.54,66.0,0.0,0.0,0.7211,"네, 네.",네.,불필요한 반복 제거,21.92,T4,구조검사 통과 시 유지,,1.062215477996965,13.16,P4,회귀검사 통과 시 유지
ADN-622,사진 대조 1차 교정본,29,"00:04:42,460 --> 00:04:43,600",1.14,"아, 그렇군요.",네.,알겠습니다.,반응형,,0.04,,,25.0,90.0,50.0,78.0,75.0,0.32529,35.97,66.0,0.0,0.0,0.9498,그렇군요.,네…,타임스탬프 사진과 장면 흐름으로 명백한 오인식 교정,35.2,T3,화자·문맥·자연스러움 집중 검토,,32.16995447647951,33.93,P4,회귀검사 통과 시 유지
ADN-622,사진 대조 1차 교정본,30,"00:04:47,190 --> 00:04:48,330",1.14,알겠습니다.,"아, 그렇군요.",말해 두겠습니다.,존댓말형,,0.01,,,25.0,90.0,50.0,78.0,75.0,0.22812,0.0,66.0,0.0,0.0,0.5912,정말 바로 시작이네요. 알겠습니다.,정말 바로 시작하네요. 알겠습니다.,한국어 어순 교정,24.64,T4,구조검사 통과 시 유지,,3.490136570561457,15.76,P4,회귀검사 통과 시 유지
ADN-622,사진 대조 1차 교정본,31,"00:04:49,590 --> 00:04:50,670",1.08,말해 두겠습니다.,알겠습니다.,네.,중립·혼합형,,0.01,,,25.0,90.0,50.0,78.0,75.0,0.41288,0.0,66.0,0.0,0.0,0.3629,가 보겠습니다.,그럼 가 볼게요.,대화체 자연화,32.4,T4,구조검사 통과 시 유지,,22.91350531107739,28.42,P4,회귀검사 통과 시 유지
ADN-622,사진 대조 1차 교정본,32,"00:04:51,790 --> 00:04:52,170",0.38,네.,말해 두겠습니다.,들어가세요.,반말형,,0.01,,,25.0,90.0,50.0,78.0,75.0,0.16304,8.54,66.0,0.0,18.0,0.7211,"네, 네.",네.,불필요한 반복 제거,24.88,T4,구조검사 통과 시 유지,formality_shift,3.9453717754172986,16.09,P4,회귀검사 통과 시 유지
ADN-622,사진 대조 1차 교정본,33,"00:04:54,830 --> 00:04:56,010",1.18,들어가세요.,네.,네.,반응형,,0.03,,,25.0,90.0,50.0,78.0,75.0,0.27856,0.0,66.0,0.0,35.0,0.3059,"자, 가져가세요.","자, 더 세게.",사진 장면 확인 및 한국어 번역투·ASR 오역 교정,29.56,T4,구조검사 통과 시 유지,formality_jump,14.41578148710167,23.2,P4,회귀검사 통과 시 유지
ADN-622,사진 대조 1차 교정본,34,"00:04:56,870 --> 00:04:57,010",0.14,네.,들어가세요.,유우 군 학원에서 연락이 왔어.,반말형,,0.03,,,25.0,90.0,50.0,78.0,75.0,0.23745,8.54,66.0,0.0,18.0,0.7211,"네, 네.",네.,불필요한 반복 제거,28.01,T4,구조검사 통과 시 유지,formality_shift,11.229135053110774,20.96,P4,회귀검사 통과 시 유지
ADN-622,사진 대조 1차 교정본,35,"00:06:09,280 --> 00:06:11,940",2.66,유우 군 학원에서 연락이 왔어.,네.,최근 무단결석이 이어지고 있나 봐.,반응형,,0.02,,,25.0,90.0,50.0,78.0,75.0,0.7754,0.0,66.0,0.0,0.0,0.1301,깊이 들어왔어.,엄청 깊이 들어갔어.,손상된 일본어 ASR + 타임스탬프 사진 + 앞뒤 문맥 추론,47.63,T3,화자·문맥·자연스러움 집중 검토,,90.74355083459787,65.74,P2,앞뒤 5블록·사진·오류 기억을 함께 검토
ADN-622,사진 대조 1차 교정본,36,"00:06:12,860 --> 00:06:15,060",2.2,최근 무단결석이 이어지고 있나 봐.,유우 군 학원에서 연락이 왔어.,어?,반응형,,0.04,,,25.0,90.0,50.0,78.0,75.0,0.69454,0.0,66.0,0.0,0.0,0.1275,이어 줘.,이제 둘 다 벗었네.,일본어 원문 + 타임스탬프 사진 + 장면 연속성,44.23,T3,화자·문맥·자연스러움 집중 검토,,79.66616084977238,59.11,P2,앞뒤 5블록·사진·오류 기억을 함께 검토
ADN-622,사진 대조 1차 교정본,37,"00:06:15,920 --> 00:06:16,120",0.2,어?,최근 무단결석이 이어지고 있나 봐.,그래?,반응형,,0.02,,,25.0,90.0,50.0,78.0,75.0,0.27988,0.0,66.0,0.0,0.0,0.343,어? 벗기고 싶다고? 응.,해 줬으면 좋겠어? 응.,손상된 일본어 ASR + 타임스탬프 사진 + 앞뒤 문맥 추론,26.82,T4,구조검사 통과 시 유지,,8.19423368740516,19.0,P4,회귀검사 통과 시 유지
ADN-622,사진 대조 1차 교정본,38,"00:06:17,000 --> 00:06:17,620",0.62,그래?,어?,"여보, 당신이 유우한테 물어봐 주면 안 돼?",중립·혼합형,,0.0,,,25.0,90.0,50.0,78.0,75.0,0.19999,0.0,66.0,0.0,0.0,0.6119,"음-, 왜 그래?",음… 왜 그래?,,23.46,T4,구조검사 통과 시 유지,,2.4279210925644916,14.63,P4,회귀검사 통과 시 유지
ADN-622,사진 대조 1차 교정본,39,"00:06:19,200 --> 00:06:21,180",1.98,"여보, 당신이 유우한테 물어봐 주면 안 돼?",그래?,"이런 건 엄마인 네가 말하는 게 낫지.
네가 잘 얘기해 줘.",중립·혼합형,,0.0,,,25.0,90.0,50.0,78.0,75.0,0.75891,0.0,66.0,0.0,0.0,0.191,유두는 안 돼?,젖꼭지는 안 돼?,,46.93,T3,화자·문맥·자연스러움 집중 검토,,88.92261001517451,64.57,P2,앞뒤 5블록·사진·오류 기억을 함께 검토
ADN-622,사진 대조 1차 교정본,40,"00:06:25,260 --> 00:06:29,280",4.02,"이런 건 엄마인 네가 말하는 게 낫지.
네가 잘 얘기해 줘.","여보, 당신이 유우한테 물어봐 주면 안 돼?","유우 군, 일어나 봐.",반말형,,0.04,,,25.0,90.0,50.0,78.0,75.0,0.60243,0.0,66.0,0.0,0.0,0.267,네 몸은 네가 잘 알지.,네 몸은 네가 제일 잘 알지.,일본어 원문 대조 + 자연스러운 한국어 대사 교정,40.36,T3,화자·문맥·자연스러움 집중 검토,,59.028831562974204,48.2,P3,말투·질문응답·가독성 위주 검토
ADN-622,사진 대조 1차 교정본,41,"00:06:38,350 --> 00:06:39,830",1.48,"유우 군, 일어나 봐.","이런 건 엄마인 네가 말하는 게 낫지.
네가 잘 얘기해 줘.","오늘 학원 끝나고 오면
할 얘기가 있어.",반응형,,0.05,,,25.0,90.0,50.0,78.0,75.0,0.66353,0.0,66.0,0.0,0.0,0.3219,남자는 갑자기 일어나 입을 닦았다.,남자는 갑자기 몸을 일으키며 입에서 자지를 뺐다.,,42.93,T3,화자·문맥·자연스러움 집중 검토,,74.12746585735962,56.03,P3,말투·질문응답·가독성 위주 검토
ADN-622,사진 대조 1차 교정본,42,"00:06:46,850 --> 00:06:49,190",2.34,"오늘 학원 끝나고 오면
할 얘기가 있어.","유우 군, 일어나 봐.",뭔데요?,중립·혼합형,,0.05,,,25.0,90.0,50.0,78.0,75.0,0.6061,0.0,66.0,0.0,0.0,0.1975,뒤에 있어.,뒤쪽도 보여 줘.,일본어 원문 대조 + 자연스러운 한국어 대사 교정,40.52,T3,화자·문맥·자연스러움 집중 검토,,60.39453717754173,48.87,P3,말투·질문응답·가독성 위주 검토
ADN-622,사진 대조 1차 교정본,43,"00:06:51,490 --> 00:06:52,270",0.78,뭔데요?,"오늘 학원 끝나고 오면
할 얘기가 있어.",돌아오면 얘기하자.,중립·혼합형,,0.01,,,25.0,90.0,50.0,78.0,75.0,0.38496,0.0,66.0,0.0,0.0,0.2114,"어, 좀 지쳐 보이는데요?",좀 피곤해 보여요.,일본어 원문 대조 + 자연스러운 한국어 대사 교정,31.23,T4,구조검사 통과 시 유지,,18.81638846737481,26.02,P4,회귀검사 통과 시 유지
ADN-622,사진 대조 1차 교정본,44,"00:06:54,310 --> 00:06:55,490",1.18,돌아오면 얘기하자.,뭔데요?,뭐 하는 거야?,반응형,,0.01,,,25.0,90.0,50.0,78.0,75.0,0.58803,0.0,66.0,0.0,0.0,0.1288,한 번에 하자. 뭔가…,이제 자자. 불도 조금 어둡게 해 줘.,사진 장면 확인 및 한국어 번역투·ASR 오역 교정,39.76,T3,화자·문맥·자연스러움 집중 검토,,55.08345978755691,46.2,P3,말투·질문응답·가독성 위주 검토
ADN-622,사진 대조 1차 교정본,45,"00:07:16,460 --> 00:07:17,320",0.86,뭐 하는 거야?,돌아오면 얘기하자.,그거…,반말형,,0.04,,,25.0,90.0,50.0,78.0,75.0,0.58984,1.37,66.0,0.0,0.0,0.6614,뭐라고 하는 거야?,뭐라고 말해야 해?,일본어 원문 대조 + 자연스러운 한국어 대사 교정,40.08,T3,화자·문맥·자연스러움 집중 검토,,57.207890743550834,47.27,P3,말투·질문응답·가독성 위주 검토
ADN-622,사진 대조 1차 교정본,46,"00:07:23,360 --> 00:07:24,160",0.8,그거…,뭐 하는 거야?,네.,중립·혼합형,,0.04,,,25.0,90.0,50.0,78.0,75.0,0.27736,0.0,66.0,0.0,0.0,0.1566,그거 맛있어...,그거 맛있어…,,26.71,T4,구조검사 통과 시 유지,,7.814871016691957,18.77,P4,회귀검사 통과 시 유지
ADN-622,사진 대조 1차 교정본,47,"00:07:24,160 --> 00:07:24,360",0.2,네.,그거…,아줌마도 이 돈 보고 우리 아빠랑 결혼한 거잖아.,반말형,,0.04,,,25.0,90.0,50.0,78.0,75.0,0.19344,8.54,66.0,0.0,0.0,0.7211,"네, 네.",네.,불필요한 반복 제거,24.72,T4,구조검사 통과 시 유지,,3.6418816388467374,15.87,P4,회귀검사 통과 시 유지
ADN-622,사진 대조 1차 교정본,48,"00:07:27,060 --> 00:07:30,520",3.46,아줌마도 이 돈 보고 우리 아빠랑 결혼한 거잖아.,네.,"머, 어떻게 된 거야?",중립·혼합형,,0.04,,,25.0,90.0,50.0,78.0,75.0,0.80173,0.0,66.0,0.0,0.0,0.1426,우리 둘이서?,둘이서.,타임스탬프 사진으로 장면 불일치 확인 후 재복원,48.73,T3,화자·문맥·자연스러움 집중 검토,,95.14415781487102,68.22,P2,앞뒤 5블록·사진·오류 기억을 함께 검토
ADN-622,사진 대조 1차 교정본,49,"00:07:31,620 --> 00:07:32,420",0.8,"머, 어떻게 된 거야?",아줌마도 이 돈 보고 우리 아빠랑 결혼한 거잖아.,이건 아빠랑 내 돈이야.,반응형,,0.02,,,25.0,90.0,50.0,78.0,75.0,0.59619,0.0,66.0,0.0,0.0,0.3838,"머, 뭐 하는 거야? 학원은? 늦겠어.","뭐, 뭐 하는 거야? 학원은? 늦겠어.",오탈자 및 줄바꿈 교정,40.1,T3,화자·문맥·자연스러움 집중 검토,,57.35963581183612,47.35,P3,말투·질문응답·가독성 위주 검토
ADN-622,사진 대조 1차 교정본,50,"00:07:33,460 --> 00:07:34,780",1.32,이건 아빠랑 내 돈이야.,"머, 어떻게 된 거야?",아줌마랑은 상관없어.,반응형,,0.04,,,25.0,90.0,50.0,78.0,75.0,0.65917,0.0,66.0,0.0,0.0,0.1998,이건 역시...,이건 역시…,,42.75,T3,화자·문맥·자연스러움 집중 검토,,72.83763277693474,55.39,P3,말투·질문응답·가독성 위주 검토
ADN-622,사진 대조 1차 교정본,51,"00:07:35,360 --> 00:07:36,340",0.98,아줌마랑은 상관없어.,이건 아빠랑 내 돈이야.,"난 엄마로서 유우 군이
잘못된 길로 가지 않길 바랄 뿐이야.",반응형,,0.04,,,25.0,90.0,50.0,78.0,75.0,0.59422,0.0,66.0,0.0,0.0,0.1453,끝이 없어.,끝도 없네.,사진 장면 확인 및 한국어 번역투·ASR 오역 교정,40.02,T3,화자·문맥·자연스러움 집중 검토,,56.752655538694995,47.05,P3,말투·질문응답·가독성 위주 검토
ADN-622,사진 대조 1차 교정본,52,"00:07:40,500 --> 00:07:44,640",4.14,"난 엄마로서 유우 군이
잘못된 길로 가지 않길 바랄 뿐이야.",아줌마랑은 상관없어.,"피도 안 섞였으면서
엄마인 척 유세 떨지 마.",반말형,,0.0,,,25.0,90.0,50.0,78.0,75.0,0.73961,0.0,66.0,0.0,0.0,0.1014,유두 말이야.,젖꼭지 말이야.,,46.12,T3,화자·문맥·자연스러움 집중 검토,,86.03945371775417,62.89,P2,앞뒤 5블록·사진·오류 기억을 함께 검토
ADN-622,사진 대조 1차 교정본,53,"00:07:46,580 --> 00:07:50,200",3.62,"피도 안 섞였으면서
엄마인 척 유세 떨지 마.","난 엄마로서 유우 군이
잘못된 길로 가지 않길 바랄 뿐이야.","잠깐, 하지 마.",반말형,,0.02,,,25.0,90.0,50.0,78.0,75.0,0.71785,0.0,66.0,0.0,0.0,0.1907,하지 마.,잠깐만.,손상된 일본어 ASR + 타임스탬프 사진 + 앞뒤 문맥 추론,45.21,T3,화자·문맥·자연스러움 집중 검토,,82.54931714719271,60.89,P2,앞뒤 5블록·사진·오류 기억을 함께 검토
ADN-622,사진 대조 1차 교정본,54,"00:07:57,620 --> 00:07:59,020",1.4,"잠깐, 하지 마.","피도 안 섞였으면서
엄마인 척 유세 떨지 마.",그만해.,반응형,,0.02,,,25.0,90.0,50.0,78.0,75.0,0.73775,6.45,66.0,0.0,0.0,0.7037,하지 마.,잠깐만.,손상된 일본어 ASR + 타임스탬프 사진 + 앞뒤 문맥 추론,47.21,T3,화자·문맥·자연스러움 집중 검토,,89.52959028831563,64.98,P2,앞뒤 5블록·사진·오류 기억을 함께 검토
ADN-622,사진 대조 1차 교정본,55,"00:08:00,820 --> 00:08:02,420",1.6,그만해.,"잠깐, 하지 마.",유우 군.,반말형,,0.02,,,25.0,90.0,50.0,78.0,75.0,0.49062,20.08,66.0,0.0,0.0,0.8174,"안 돼, 그만해.","배 아파, 그만해.",,39.28,T3,화자·문맥·자연스러움 집중 검토,,52.73141122913505,44.93,P3,말투·질문응답·가독성 위주 검토
ADN-622,사진 대조 1차 교정본,56,"00:08:03,680 --> 00:08:04,540",0.86,유우 군.,그만해.,이런 짓…,중립·혼합형,,0.02,,,25.0,90.0,50.0,78.0,75.0,0.42064,0.0,66.0,0.0,0.0,0.1204,이제 전부 받아들였군.,이제 끝까지 다 들어갔네.,,32.73,T4,구조검사 통과 시 유지,,24.355083459787558,29.21,P4,회귀검사 통과 시 유지
ADN-622,사진 대조 1차 교정본,57,"00:08:05,920 --> 00:08:06,280",0.36,이런 짓…,유우 군.,잠깐만 진정해.,중립·혼합형,,0.02,,,25.0,90.0,50.0,78.0,75.0,0.39654,0.0,66.0,0.0,0.0,0.2424,이런 거 좋아하지?,묶여 있는 거 좋아하지?,,31.71,T4,구조검사 통과 시 유지,,20.637329286798177,27.06,P4,회귀검사 통과 시 유지
ADN-622,사진 대조 1차 교정본,58,"00:08:08,620 --> 00:08:10,260",1.64,잠깐만 진정해.,이런 짓…,"어! 잠깐만, 하지 마.",반응형,,0.02,,,25.0,90.0,50.0,78.0,75.0,0.6645,0.0,66.0,0.0,0.0,0.3503,잠깐만 쉬게 해 주세요.,"잠깐만, 그만해.",장면과 충돌한 표현 교정,42.97,T3,화자·문맥·자연스러움 집중 검토,,74.35508345978755,56.15,P3,말투·질문응답·가독성 위주 검토
ADN-622,사진 대조 1차 교정본,59,"00:08:10,640 --> 00:08:13,440",2.8,"어! 잠깐만, 하지 마.",잠깐만 진정해.,뭐 하는 거야? 뭐 하는 거야?,반응형,,0.04,,,25.0,90.0,50.0,78.0,75.0,0.64852,1.74,66.0,0.0,0.0,0.6645,"잠깐만,",잠깐만,,42.61,T3,화자·문맥·자연스러움 집중 검토,,71.85128983308043,54.89,P3,말투·질문응답·가독성 위주 검토
ADN-622,사진 대조 1차 교정본,60,"00:08:13,440 --> 00:08:15,660",2.22,뭐 하는 거야? 뭐 하는 거야?,"어! 잠깐만, 하지 마.",뭐 하는 거야?,반말형,,0.04,,,25.0,90.0,50.0,78.0,75.0,0.7759,1.37,66.0,0.0,0.0,0.6614,뭐라고 하는 거야?,뭐라고 말해야 해?,일본어 원문 대조 + 자연스러운 한국어 대사 교정,47.89,T3,화자·문맥·자연스러움 집중 검토,,91.57814871016691,66.24,P2,앞뒤 5블록·사진·오류 기억을 함께 검토
ADN-622,사진 대조 1차 교정본,61,"00:08:16,040 --> 00:08:16,620",0.58,뭐 하는 거야?,뭐 하는 거야? 뭐 하는 거야?,어떻게 된 거야?,반말형,,0.04,,,25.0,90.0,50.0,78.0,75.0,0.59327,1.37,66.0,0.0,0.0,0.6614,뭐라고 하는 거야?,뭐라고 말해야 해?,일본어 원문 대조 + 자연스러운 한국어 대사 교정,40.22,T3,화자·문맥·자연스러움 집중 검토,,57.81487101669196,47.61,P3,말투·질문응답·가독성 위주 검토
ADN-622,사진 대조 1차 교정본,62,"00:08:31,490 --> 00:08:32,950",1.46,어떻게 된 거야?,뭐 하는 거야?,"쿠미 씨, 이러면 안 되는 거야.
벌 받아야지.",반응형,,0.01,,,25.0,90.0,50.0,78.0,75.0,0.52206,0.0,66.0,0.0,0.0,0.4522,어떻게 먹는 거?,어떤 식으로?,일본어 원문 대조 + 자연스러운 한국어 대사 교정,36.99,T3,화자·문맥·자연스러움 집중 검토,,40.06069802731411,38.28,P4,회귀검사 통과 시 유지
ADN-622,사진 대조 1차 교정본,63,"00:08:38,800 --> 00:08:43,580",4.78,"쿠미 씨, 이러면 안 되는 거야.
벌 받아야지.",어떻게 된 거야?,하지만 진정해.,반말형,,0.0,,,25.0,90.0,50.0,78.0,75.0,0.5685,0.0,66.0,0.0,0.0,0.2274,자지 안 넣을 거야.,아직은 안 넣을 거야.,손상된 일본어 ASR + 타임스탬프 사진 + 앞뒤 문맥 추론,38.94,T3,화자·문맥·자연스러움 집중 검토,,49.46889226100152,43.36,P3,말투·질문응답·가독성 위주 검토
ADN-622,사진 대조 1차 교정본,64,"00:08:57,620 --> 00:08:59,060",1.44,하지만 진정해.,"쿠미 씨, 이러면 안 되는 거야.
벌 받아야지.",시끄러워. 시끄러워.,반말형,,0.02,,,25.0,90.0,50.0,78.0,75.0,0.41413,0.0,66.0,0.0,0.0,0.2439,"하지만 앨리스, 이걸 사랑해 줘.","앨리스, 더 느껴 줘.",부자연스러운 명령문을 장면에 맞게 교정,32.45,T4,구조검사 통과 시 유지,,23.368740515933233,28.64,P4,회귀검사 통과 시 유지
ADN-622,사진 대조 1차 교정본,65,"00:09:00,540 --> 00:09:07,440",6.9,시끄러워. 시끄러워.,하지만 진정해.,"조용히 해, 시끄러우니까.",중립·혼합형,,0.04,,,25.0,90.0,50.0,78.0,75.0,0.45815,42.0,66.0,0.0,0.0,1.0,시끄러워.,넣고 싶어.,,41.86,T3,화자·문맥·자연스러움 집중 검토,,67.98179059180576,52.83,P3,말투·질문응답·가독성 위주 검토
ADN-622,사진 대조 1차 교정본,66,"00:09:12,840 --> 00:09:15,020",2.18,"조용히 해, 시끄러우니까.",시끄러워. 시끄러워.,뽀뽀하게 해 줘.,반말형,,0.04,,,25.0,90.0,50.0,78.0,75.0,0.73614,0.0,66.0,0.0,0.0,0.2067,시끄러워.,넣고 싶어.,,45.98,T3,화자·문맥·자연스러움 집중 검토,,85.58421851289833,62.61,P2,앞뒤 5블록·사진·오류 기억을 함께 검토
ADN-622,사진 대조 1차 교정본,67,"00:09:18,660 --> 00:09:20,860",2.2,뽀뽀하게 해 줘.,"조용히 해, 시끄러우니까.",뽀뽀하게 해 줘.,반말형,,0.04,,,25.0,90.0,50.0,78.0,75.0,0.65953,0.0,66.0,0.0,0.0,0.3085,좀 더 해 줘.,보여?,일본어 원문 + 타임스탬프 사진 + 장면 연속성,42.76,T3,화자·문맥·자연스러움 집중 검토,,72.98937784522003,55.46,P3,말투·질문응답·가독성 위주 검토
ADN-622,사진 대조 1차 교정본,68,"00:09:20,880 --> 00:09:22,420",1.54,뽀뽀하게 해 줘.,뽀뽀하게 해 줘.,어!?,반말형,,0.02,,,25.0,90.0,50.0,78.0,75.0,0.72756,0.0,66.0,0.0,0.0,0.3085,좀 더 해 줘.,보여?,일본어 원문 + 타임스탬프 사진 + 장면 연속성,45.62,T3,화자·문맥·자연스러움 집중 검토,,84.06676783004552,61.77,P2,앞뒤 5블록·사진·오류 기억을 함께 검토
ADN-622,사진 대조 1차 교정본,69,"00:09:22,420 --> 00:09:23,340",0.92,어!?,뽀뽀하게 해 줘.,뭐 하는 거야!?,반응형,,0.02,,,25.0,90.0,50.0,78.0,75.0,0.26791,0.0,66.0,0.0,0.0,0.074,맛있어!,맛있다!,사진 장면 확인 및 한국어 번역투·ASR 오역 교정,26.31,T4,구조검사 통과 시 유지,,6.676783004552352,18.06,P4,회귀검사 통과 시 유지
ADN-622,사진 대조 1차 교정본,70,"00:09:38,400 --> 00:09:39,940",1.54,뭐 하는 거야!?,어!?,갑자기 왜 이래?,반말형,,0.0,,,25.0,90.0,50.0,78.0,75.0,0.3073,0.0,66.0,0.0,0.0,0.2751,뭐라고 하는 거야?,뭐라고 말해야 해?,일본어 원문 대조 + 자연스러운 한국어 대사 교정,27.97,T4,구조검사 통과 시 유지,,10.925644916540213,20.81,P4,회귀검사 통과 시 유지
ADN-622,사진 대조 1차 교정본,71,"00:09:41,620 --> 00:09:46,750",5.13,갑자기 왜 이래?,뭐 하는 거야!?,아줌마가 잘못한 거야.,중립·혼합형,,0.02,,,25.0,90.0,50.0,78.0,75.0,0.44375,0.0,66.0,0.0,0.0,0.3048,남자는 갑자기 일어나 입을 닦았다.,남자는 갑자기 몸을 일으키며 입에서 자지를 뺐다.,,33.7,T4,구조검사 통과 시 유지,,27.31411229135053,31.02,P4,회귀검사 통과 시 유지
ADN-622,사진 대조 1차 교정본,72,"00:09:47,750 --> 00:09:48,990",1.24,아줌마가 잘못한 거야.,갑자기 왜 이래?,어차피 돈 때문이잖아.,반응형,,0.05,,,25.0,90.0,50.0,78.0,75.0,0.47745,0.0,66.0,0.0,0.0,0.2882,싫은 거야.,싫어?,일본어 원문 대조 + 자연스러운 한국어 대사 교정,35.11,T3,화자·문맥·자연스러움 집중 검토,,32.01820940819423,33.81,P4,회귀검사 통과 시 유지
ADN-622,사진 대조 1차 교정본,73,"00:09:50,970 --> 00:09:52,270",1.3,어차피 돈 때문이잖아.,아줌마가 잘못한 거야.,아빠가 아니라 돈이 목적인 거지?,반응형,,0.03,,,25.0,90.0,50.0,78.0,75.0,0.50385,0.0,66.0,0.0,0.0,0.0999,서 있잖아.,완전히 서 있잖아.,일본어 원문 대조 + 자연스러운 한국어 대사 교정,36.22,T3,화자·문맥·자연스러움 집중 검토,,35.96358118361153,36.11,P4,회귀검사 통과 시 유지
ADN-622,사진 대조 1차 교정본,74,"00:09:54,830 --> 00:09:57,090",2.26,아빠가 아니라 돈이 목적인 거지?,어차피 돈 때문이잖아.,아니야…,반응형,,0.03,,,25.0,90.0,50.0,78.0,75.0,0.70047,0.0,66.0,0.0,0.0,0.3363,잘 거지?,갈 수 있지?,사진 장면 확인 및 한국어 번역투·ASR 오역 교정,44.48,T3,화자·문맥·자연스러움 집중 검토,,80.42488619119878,59.58,P2,앞뒤 5블록·사진·오류 기억을 함께 검토
ADN-622,사진 대조 1차 교정본,75,"00:10:09,740 --> 00:10:10,500",0.76,아니야…,아빠가 아니라 돈이 목적인 거지?,진짜야.,반응형,,0.04,,,25.0,90.0,50.0,78.0,75.0,0.25203,0.0,66.0,0.0,0.0,0.2482,온천 아니야?,뭔가…,일본어 원문 + 타임스탬프 사진 + 장면 연속성,25.65,T4,구조검사 통과 시 유지,,5.311077389984825,17.11,P4,회귀검사 통과 시 유지
ADN-622,사진 대조 1차 교정본,76,"00:10:10,500 --> 00:10:10,860",0.36,진짜야.,아니야…,키스하게 해 줘.,반말형,,0.0,,,25.0,90.0,50.0,78.0,75.0,0.45731,0.0,66.0,0.0,0.0,0.1369,진짜...,진짜…,,34.27,T4,구조검사 통과 시 유지,,28.83156297420334,31.99,P4,회귀검사 통과 시 유지
ADN-622,사진 대조 1차 교정본,77,"00:10:30,180 --> 00:10:31,380",1.2,키스하게 해 줘.,진짜야.,그만해.,반말형,,0.02,,,25.0,90.0,50.0,78.0,79.0,0.83593,0.0,66.0,0.0,0.0,0.3048,좀 더 해 줘.,보여?,일본어 원문 + 타임스탬프 사진 + 장면 연속성,50.41,T3,화자·문맥·자연스러움 집중 검토,,97.42033383915023,70.15,P2,앞뒤 5블록·사진·오류 기억을 함께 검토
ADN-622,사진 대조 1차 교정본,78,"00:10:31,380 --> 00:10:32,320",0.94,그만해.,키스하게 해 줘.,"계속해, 어서.",반말형,,0.02,,,25.0,90.0,50.0,78.0,75.0,0.49628,20.08,66.0,0.0,0.0,0.8174,"안 돼, 그만해.","배 아파, 그만해.",,39.52,T3,화자·문맥·자연스러움 집중 검토,,54.47647951441578,45.8,P3,말투·질문응답·가독성 위주 검토
ADN-622,사진 대조 1차 교정본,79,"00:10:39,390 --> 00:10:40,510",1.12,"계속해, 어서.",그만해.,잠깐만… 그만해.,반응형,,0.01,,,25.0,90.0,50.0,78.0,75.0,0.77112,0.0,66.0,0.0,0.0,0.263,계속해서…,그대로 계속해.,손상된 일본어 ASR + 타임스탬프 사진 + 앞뒤 문맥 추론,47.45,T3,화자·문맥·자연스러움 집중 검토,,90.2124430955994,65.41,P2,앞뒤 5블록·사진·오류 기억을 함께 검토
ADN-622,사진 대조 1차 교정본,80,"00:11:01,510 --> 00:11:12,740",11.23,잠깐만… 그만해.,"계속해, 어서.",보여 줘.,반응형,,0.01,장면과 충돌한 '쉬게 해 주세요' 교정,중간,38.0,90.0,50.0,78.0,62.0,0.75092,9.75,48.0,0.0,0.0,0.7313,잠깐만…,나만 벗는 거야?,일본어 원문 + 타임스탬프 사진 + 장면 연속성,44.69,T3,화자·문맥·자연스러움 집중 검토,,80.72837632776935,59.83,P2,앞뒤 5블록·사진·오류 기억을 함께 검토
ADN-622,사진 대조 1차 교정본,81,"00:11:14,260 --> 00:11:15,540",1.28,보여 줘.,잠깐만… 그만해.,"괜찮잖아, 이 정도는…
이 정도는 괜찮잖아?",중립·혼합형,,0.04,화자 말투와 앞뒤 명령문 통일,중간,25.0,90.0,86.0,78.0,75.0,0.63073,0.0,48.0,0.0,0.0,0.6286,입 안을 보여 줘.,입 안 보여 줘.,일본어 원문 대조 + 자연스러운 한국어 대사 교정,38.67,T3,화자·문맥·자연스러움 집중 검토,,48.406676783004556,42.76,P3,말투·질문응답·가독성 위주 검토
ADN-622,사진 대조 1차 교정본,82,"00:11:37,900 --> 00:11:40,900",3.0,"괜찮잖아, 이 정도는…
이 정도는 괜찮잖아?",보여 줘.,이건 괜찮잖아?,중립·혼합형,,0.0,,,25.0,90.0,50.0,78.0,75.0,0.49016,0.0,66.0,0.0,0.0,0.2396,"- 아까 제대로 해 주지도 않았잖아. 괜찮잖아, 조금만. 이미 이렇게 됐고. - 정말 안 돼. 뭐가 괜찮아? 네가 멋대로 그런 거잖아.",- 아까 제대로 해 주지도 않았잖아. 조금만 하자. - 안 돼. 네가 멋대로 시작한 거잖아.,지나치게 긴 두 화자 대사 압축,35.65,T3,화자·문맥·자연스러움 집중 검토,,34.29438543247345,35.08,P4,회귀검사 통과 시 유지
ADN-622,사진 대조 1차 교정본,83,"00:11:43,520 --> 00:11:44,260",0.74,이건 괜찮잖아?,"괜찮잖아, 이 정도는…
이 정도는 괜찮잖아?",아아…,반응형,,0.02,,,25.0,90.0,50.0,78.0,75.0,0.55245,0.0,66.0,0.0,0.0,0.2539,이건 역시...,이건 역시…,,38.26,T3,화자·문맥·자연스러움 집중 검토,,46.50986342943854,41.72,P3,말투·질문응답·가독성 위주 검토
ADN-622,사진 대조 1차 교정본,84,"00:11:49,480 --> 00:11:50,200",0.72,아아…,이건 괜찮잖아?,더 보여 줘.,반응형,,0.02,,,25.0,90.0,50.0,78.0,75.0,0.36912,42.0,66.0,0.0,0.0,1.0,아아…,"와, 진짜 많이 커졌어.",일본어 원문 + 타임스탬프 사진 + 장면 연속성,38.12,T3,화자·문맥·자연스러움 집중 검토,,45.82701062215478,41.36,P3,말투·질문응답·가독성 위주 검토
ADN-622,사진 대조 1차 교정본,85,"00:11:58,570 --> 00:11:59,510",0.94,더 보여 줘.,아아…,더 보여달라고.,중립·혼합형,,0.03,,,25.0,90.0,50.0,78.0,75.0,0.56027,0.0,66.0,0.0,0.0,0.5728,입 안을 보여 줘.,입 안 보여 줘.,일본어 원문 대조 + 자연스러운 한국어 대사 교정,38.59,T3,화자·문맥·자연스러움 집중 검토,,48.10318664643399,42.59,P3,말투·질문응답·가독성 위주 검토
ADN-622,사진 대조 1차 교정본,86,"00:12:03,350 --> 00:12:04,350",1.0,더 보여달라고.,더 보여 줘.,얼른 보여 줘.,중립·혼합형,,0.05,,,25.0,90.0,50.0,78.0,75.0,0.53209,0.0,66.0,0.0,0.0,0.1687,좀 더 보여줘 봐.,좀 더 보여 줘 봐.,,37.41,T3,화자·문맥·자연스러움 집중 검토,,41.7298937784522,39.22,P4,회귀검사 통과 시 유지
ADN-622,사진 대조 1차 교정본,87,"00:12:05,090 --> 00:12:05,570",0.48,얼른 보여 줘.,더 보여달라고.,얼른 제대로…,중립·혼합형,,0.01,,,25.0,90.0,50.0,78.0,75.0,0.47241,0.0,66.0,0.0,0.0,0.436,입 안을 보여 줘.,입 안 보여 줘.,일본어 원문 대조 + 자연스러운 한국어 대사 교정,34.9,T4,구조검사 통과 시 유지,,31.18361153262519,33.34,P4,회귀검사 통과 시 유지
ADN-622,사진 대조 1차 교정본,88,"00:12:05,570 --> 00:12:08,050",2.48,얼른 제대로…,얼른 보여 줘.,"대박이야, 대박.",중립·혼합형,,0.03,,,25.0,90.0,50.0,78.0,75.0,0.31507,0.0,66.0,0.0,0.0,0.2457,제대로 돼 있네.,제대로 가려지네.,일본어 원문 대조 + 자연스러운 한국어 대사 교정,28.29,T4,구조검사 통과 시 유지,,11.532625189681335,21.25,P4,회귀검사 통과 시 유지
ADN-622,사진 대조 1차 교정본,89,"00:12:22,780 --> 00:12:25,740",2.96,"대박이야, 대박.",얼른 제대로…,이쪽도 보여 줘.,반말형,,0.02,,,25.0,90.0,50.0,78.0,75.0,0.36118,0.0,66.0,0.0,0.0,0.4389,에~ 대박.,에… 대박.,,30.23,T4,구조검사 통과 시 유지,,16.5402124430956,24.48,P4,회귀검사 통과 시 유지
ADN-622,사진 대조 1차 교정본,90,"00:12:30,960 --> 00:12:33,820",2.86,이쪽도 보여 줘.,"대박이야, 대박.",더는 안 돼.,중립·혼합형,,0.04,화자 말투 통일,중간,25.0,90.0,86.0,78.0,75.0,0.42364,0.0,48.0,0.0,0.0,0.515,이쪽도 보여주세요.,이쪽도 보여 줘.,화자 말투 통일,29.97,T4,구조검사 통과 시 유지,,15.933232169954476,24.07,P4,회귀검사 통과 시 유지
ADN-622,사진 대조 1차 교정본,91,"00:12:34,860 --> 00:12:35,380",0.52,더는 안 돼.,이쪽도 보여 줘.,"잠깐, 잠깐만… 그만해.",중립·혼합형,,0.04,,,25.0,90.0,50.0,78.0,75.0,0.64677,0.0,66.0,0.0,0.0,0.6416,안 돼.,"네, 놀랐어요.",타임스탬프 사진과 앞뒤 장면으로 대사 기능 복원,42.22,T3,화자·문맥·자연스러움 집중 검토,,69.80273141122913,53.8,P3,말투·질문응답·가독성 위주 검토
ADN-622,사진 대조 1차 교정본,92,"00:12:38,960 --> 00:12:40,480",1.52,"잠깐, 잠깐만… 그만해.",더는 안 돼.,그만해.,반응형,,0.04,장면과 충돌한 표현 교정,중간,38.0,90.0,50.0,78.0,62.0,0.72378,2.58,48.0,0.0,0.0,0.6715,잠깐만…,나만 벗는 거야?,일본어 원문 + 타임스탬프 사진 + 장면 연속성,42.26,T3,화자·문맥·자연스러움 집중 검토,,70.10622154779969,53.96,P3,말투·질문응답·가독성 위주 검토
ADN-622,사진 대조 1차 교정본,93,"00:12:48,410 --> 00:12:49,490",1.08,그만해.,"잠깐, 잠깐만… 그만해.",굉장해.,반말형,,0.01,장면과 충돌한 표현 교정,중간,38.0,90.0,50.0,78.0,62.0,0.54099,20.08,48.0,0.0,0.0,0.8174,"안 돼, 그만해.","배 아파, 그만해.",,37.74,T3,화자·문맥·자연스러움 집중 검토,,43.09559939301973,39.99,P4,회귀검사 통과 시 유지
ADN-622,사진 대조 1차 교정본,94,"00:13:01,520 --> 00:13:02,560",1.04,굉장해.,그만해.,대단하네.,반말형,,0.02,,,25.0,90.0,50.0,78.0,75.0,0.42518,42.0,66.0,0.0,0.0,1.0,굉장해. 굉장해.,엄청나. 진짜 엄청나.,,40.48,T3,화자·문맥·자연스러움 집중 검토,,59.86342943854325,48.62,P3,말투·질문응답·가독성 위주 검토
ADN-622,사진 대조 1차 교정본,95,"00:13:02,700 --> 00:13:03,040",0.34,대단하네.,굉장해.,이제 됐지?,반말형,,0.0,,,25.0,90.0,50.0,78.0,75.0,0.37426,42.0,66.0,0.0,0.0,1.0,대단하네.,땀이 엄청나네.,손상된 일본어 ASR + 타임스탬프 사진 + 앞뒤 문맥 추론,38.34,T3,화자·문맥·자연스러움 집중 검토,,47.344461305007584,42.12,P3,말투·질문응답·가독성 위주 검토
ADN-622,사진 대조 1차 교정본,96,"00:13:08,560 --> 00:13:09,640",1.08,이제 됐지?,대단하네.,싫어. 전혀 안 됐어.,반말형,,0.04,,,25.0,90.0,50.0,78.0,75.0,0.38014,0.0,66.0,0.0,0.0,0.2284,이제 안 할게.,이제 안 애태울게.,,31.03,T4,구조검사 통과 시 유지,,17.754172989377846,25.45,P4,회귀검사 통과 시 유지
ADN-622,사진 대조 1차 교정본,97,"00:13:10,120 --> 00:13:12,480",2.36,싫어. 전혀 안 됐어.,이제 됐지?,"우리 피 한 방울 안 섞였잖아.
무슨 소릴 하는 거야?",반응형,,0.02,,,25.0,90.0,50.0,78.0,79.0,0.70307,0.0,66.0,0.0,0.0,0.4222,"음-, 싫어.",음… 싫어.,,44.83,T3,화자·문맥·자연스러움 집중 검토,,81.18361153262519,60.1,P2,앞뒤 5블록·사진·오류 기억을 함께 검토
ADN-622,사진 대조 1차 교정본,98,"00:13:50,200 --> 00:13:54,940",4.74,"우리 피 한 방울 안 섞였잖아.
무슨 소릴 하는 거야?",싫어. 전혀 안 됐어.,이제 와서 착한 척해 봤자지.,반말형,,0.0,,,25.0,90.0,50.0,78.0,75.0,0.51493,0.0,66.0,0.0,0.0,0.2655,뭐라고 하는 거야?,뭐라고 말해야 해?,일본어 원문 대조 + 자연스러운 한국어 대사 교정,36.69,T3,화자·문맥·자연스러움 집중 검토,,38.39150227617603,37.4,P4,회귀검사 통과 시 유지
ADN-622,사진 대조 1차 교정본,99,"00:14:00,800 --> 00:14:02,560",1.76,이제 와서 착한 척해 봤자지.,"우리 피 한 방울 안 섞였잖아.
무슨 소릴 하는 거야?","이런 몸을 눈앞에 두고
참을 수 있을 리가 없잖아.",반말형,,0.0,,,25.0,90.0,50.0,78.0,75.0,0.58048,0.0,66.0,0.0,0.0,0.1364,이제 안 할게.,이제 안 애태울게.,,39.44,T3,화자·문맥·자연스러움 집중 검토,,53.566009104704094,45.37,P3,말투·질문응답·가독성 위주 검토
ADN-622,사진 대조 1차 교정본,100,"00:14:06,740 --> 00:14:11,300",4.56,"이런 몸을 눈앞에 두고
참을 수 있을 리가 없잖아.",이제 와서 착한 척해 봤자지.,"시끄러워, 조용히 해.",중립·혼합형,,0.04,,,25.0,90.0,50.0,78.0,75.0,0.54429,0.0,66.0,0.0,0.0,0.4648,말할 리가 없잖아.,들킬 리가 없잖아.,앞뒤 대사 문맥 교정,37.92,T3,화자·문맥·자연스러움 집중 검토,,44.764795144157816,40.79,P3,말투·질문응답·가독성 위주 검토
ADN-622,사진 대조 1차 교정본,101,"00:14:32,920 --> 00:14:34,720",1.8,"시끄러워, 조용히 해.","이런 몸을 눈앞에 두고
참을 수 있을 리가 없잖아.",조용히 하라고.,반말형,,0.02,,,25.0,90.0,50.0,78.0,75.0,0.62411,0.0,66.0,0.0,0.0,0.4183,시끄러워.,넣고 싶어.,,41.27,T3,화자·문맥·자연스러움 집중 검토,,64.4916540212443,51.02,P3,말투·질문응답·가독성 위주 검토
ADN-622,사진 대조 1차 교정본,102,"00:14:35,940 --> 00:15:06,900",30.96,조용히 하라고.,"시끄러워, 조용히 해.",조용히 해.,중립·혼합형,,0.04,,,25.0,90.0,50.0,78.0,75.0,0.6604,0.0,66.0,0.0,0.0,0.1419,산책하면서 친해진 뒤 좀 더 적극적으로 하라고요.,산책하며 가까워진 뒤 조금 더 적극적으로 다가가라고요?,문장 호흡 정리,42.8,T3,화자·문맥·자연스러움 집중 검토,,73.44461305007587,55.67,P3,말투·질문응답·가독성 위주 검토
ADN-622,사진 대조 1차 교정본,103,"00:15:07,160 --> 00:15:07,600",0.44,조용히 해.,조용히 하라고.,들키겠어.,반말형,,0.04,,,25.0,90.0,50.0,78.0,75.0,0.60515,0.0,66.0,0.0,0.0,0.1954,촬영해야 해.,나도 벗을게.,일본어 원문 + 타임스탬프 사진 + 장면 연속성,40.48,T3,화자·문맥·자연스러움 집중 검토,,59.86342943854325,48.62,P3,말투·질문응답·가독성 위주 검토
ADN-622,사진 대조 1차 교정본,104,"00:15:07,600 --> 00:15:08,280",0.68,들키겠어.,조용히 해.,들켜버려.,반응형,,0.0,,,25.0,90.0,50.0,78.0,75.0,0.54051,0.0,66.0,0.0,0.0,0.1814,못 울겠어.,목이 막혀요.,사진 장면 확인 및 한국어 번역투·ASR 오역 교정,37.76,T3,화자·문맥·자연스러움 집중 검토,,43.24734446130501,40.06,P3,말투·질문응답·가독성 위주 검토
ADN-622,사진 대조 1차 교정본,105,"00:15:10,100 --> 00:15:10,840",0.74,들켜버려.,들키겠어.,"저기, 잠깐만… 그만해.",중립·혼합형,,0.0,,,25.0,90.0,50.0,78.0,75.0,0.64199,0.0,66.0,0.0,0.0,0.2492,가버려.,가 버려.,,42.02,T3,화자·문맥·자연스러움 집중 검토,,68.74051593323217,53.24,P3,말투·질문응답·가독성 위주 검토
ADN-622,사진 대조 1차 교정본,106,"00:15:10,840 --> 00:15:37,690",26.85,"저기, 잠깐만… 그만해.",들켜버려.,"괜찮잖아, 괜찮잖아.",반응형,,0.04,장면과 충돌한 긴 반복 자막 교정,중간,38.0,90.0,50.0,78.0,62.0,0.82495,0.0,48.0,0.0,0.0,0.6177,잠깐만…,나만 벗는 거야?,일본어 원문 + 타임스탬프 사진 + 장면 연속성,46.05,T3,화자·문맥·자연스러움 집중 검토,,85.73596358118361,62.72,P2,앞뒤 5블록·사진·오류 기억을 함께 검토
ADN-622,사진 대조 1차 교정본,107,"00:15:41,040 --> 00:15:46,300",5.26,"괜찮잖아, 괜찮잖아.","저기, 잠깐만… 그만해.","이제 사실대로 말해봐.
아무한테도 말 안 할 테니까.",반응형,,0.04,,,25.0,90.0,50.0,78.0,75.0,0.4858,0.0,66.0,0.0,0.0,0.378,하지만 내가 사랑하는 건 너뿐이니까 괜찮잖아.,너만 사랑한다니까.,,35.46,T3,화자·문맥·자연스러움 집중 검토,,33.00455235204856,34.43,P4,회귀검사 통과 시 유지
ADN-622,사진 대조 1차 교정본,108,"00:15:56,120 --> 00:15:59,520",3.4,"이제 사실대로 말해봐.
아무한테도 말 안 할 테니까.","괜찮잖아, 괜찮잖아.","돈 때문이잖아, 맞지?",반말형,,0.02,,,25.0,90.0,50.0,78.0,75.0,0.45559,0.0,66.0,0.0,0.0,0.2824,솔직하게 말해봐.,솔직하게 말해 봐.,,34.19,T4,구조검사 통과 시 유지,,28.67981790591806,31.88,P4,회귀검사 통과 시 유지
ADN-622,사진 대조 1차 교정본,109,"00:16:01,080 --> 00:16:02,640",1.56,"돈 때문이잖아, 맞지?","이제 사실대로 말해봐.
아무한테도 말 안 할 테니까.","아니야. 잠깐만, 하지 마.",반응형,,0.02,,,25.0,90.0,50.0,78.0,75.0,0.62518,0.0,66.0,0.0,0.0,0.1028,"있잖아, 잠깐만...","있잖아, 잠깐만…",,41.32,T3,화자·문맥·자연스러움 집중 검토,,65.25037936267071,51.37,P3,말투·질문응답·가독성 위주 검토
ADN-622,사진 대조 1차 교정본,110,"00:16:03,580 --> 00:16:08,740",5.16,"아니야. 잠깐만, 하지 마.","돈 때문이잖아, 맞지?","이쪽도, 어서.",반응형,,0.02,,,25.0,90.0,50.0,78.0,75.0,0.79633,0.0,66.0,0.0,0.0,0.5974,"잠깐만,",잠깐만,,48.51,T3,화자·문맥·자연스러움 집중 검토,,93.85432473444612,67.55,P2,앞뒤 5블록·사진·오류 기억을 함께 검토
ADN-622,사진 대조 1차 교정본,111,"00:16:09,660 --> 00:16:11,720",2.06,"이쪽도, 어서.","아니야. 잠깐만, 하지 마.","조금만 더, 잠깐만.",반응형,,0.04,,,25.0,90.0,50.0,78.0,75.0,0.73481,0.0,66.0,0.0,0.0,0.2105,이쪽도 보여주세요.,이쪽도 보여 줘.,화자 말투 통일,45.92,T3,화자·문맥·자연스러움 집중 검토,,85.12898330804249,62.39,P2,앞뒤 5블록·사진·오류 기억을 함께 검토
ADN-622,사진 대조 1차 교정본,112,"00:16:12,480 --> 00:16:14,380",1.9,"조금만 더, 잠깐만.","이쪽도, 어서.","잠깐, 잠깐만.",반응형,,0.02,,,25.0,90.0,50.0,78.0,75.0,0.70976,0.0,66.0,0.0,0.0,0.5282,하아… 잠깐만.,목욕물 받아 놓은 거지?,일본어 원문 + 타임스탬프 사진 + 장면 연속성,44.87,T3,화자·문맥·자연스러움 집중 검토,,81.48710166919575,60.25,P2,앞뒤 5블록·사진·오류 기억을 함께 검토
ADN-622,사진 대조 1차 교정본,113,"00:16:27,480 --> 00:16:28,640",1.16,"잠깐, 잠깐만.","조금만 더, 잠깐만.","보여 줘, 보여달라고.",반응형,,0.02,,,25.0,90.0,50.0,78.0,75.0,0.64226,0.0,66.0,0.0,0.0,0.6233,하아… 잠깐만.,목욕물 받아 놓은 거지?,일본어 원문 + 타임스탬프 사진 + 장면 연속성,42.03,T3,화자·문맥·자연스러움 집중 검토,,68.96813353566009,53.34,P3,말투·질문응답·가독성 위주 검토
ADN-622,사진 대조 1차 교정본,114,"00:16:39,300 --> 00:16:41,400",2.1,"보여 줘, 보여달라고.","잠깐, 잠깐만.",대박이다. 진짜 장난 아냐.,중립·혼합형,,0.0,,,25.0,90.0,50.0,78.0,75.0,0.64948,0.0,66.0,0.0,0.0,0.2588,입 안을 보여 줘.,입 안 보여 줘.,일본어 원문 대조 + 자연스러운 한국어 대사 교정,42.34,T3,화자·문맥·자연스러움 집중 검토,,70.71320182094082,54.26,P3,말투·질문응답·가독성 위주 검토
ADN-622,사진 대조 1차 교정본,115,"00:16:43,360 --> 00:16:46,420",3.06,대박이다. 진짜 장난 아냐.,"보여 줘, 보여달라고.","세상에, 이렇게 뜨거워지다니.
장난 아니다.",반응형,,0.04,,,25.0,90.0,50.0,78.0,75.0,0.62455,0.0,66.0,0.0,0.0,0.4539,대박이다. 장난 아니었어. 엄청나게 좋았어.,대박이었어. 진짜 너무 좋았어.,일본어 원문 대조 + 자연스러운 한국어 대사 교정,41.29,T3,화자·문맥·자연스러움 집중 검토,,64.87101669195751,51.19,P3,말투·질문응답·가독성 위주 검토
ADN-622,사진 대조 1차 교정본,116,"00:16:47,220 --> 00:16:54,420",7.2,"세상에, 이렇게 뜨거워지다니.
장난 아니다.",대박이다. 진짜 장난 아냐.,만지는 것 정도는 괜찮잖아.,반응형,,0.02,,,25.0,90.0,50.0,78.0,75.0,0.57559,0.0,66.0,0.0,0.0,0.1932,"아니, 뜨거워.",몸이 뜨거워.,손상된 일본어 ASR + 타임스탬프 사진 + 앞뒤 문맥 추론,39.23,T3,화자·문맥·자연스러움 집중 검토,,51.66919575113808,44.45,P3,말투·질문응답·가독성 위주 검토
ADN-622,사진 대조 1차 교정본,117,"00:17:01,240 --> 00:17:02,380",1.14,만지는 것 정도는 괜찮잖아.,"세상에, 이렇게 뜨거워지다니.
장난 아니다.",더 보여 줘.,반응형,,0.04,,,25.0,90.0,50.0,78.0,75.0,0.67724,0.0,66.0,0.0,0.0,0.3334,직접 만지는 게 더 기분 좋아...,직접 만지는 게 더 기분 좋아…,,43.5,T3,화자·문맥·자연스러움 집중 검토,,76.63125948406677,57.42,P3,말투·질문응답·가독성 위주 검토
ADN-622,사진 대조 1차 교정본,118,"00:17:06,120 --> 00:17:06,920",0.8,더 보여 줘.,만지는 것 정도는 괜찮잖아.,더 보여달라고.,중립·혼합형,,0.02,,,25.0,90.0,50.0,78.0,75.0,0.53612,0.0,66.0,0.0,0.0,0.5728,입 안을 보여 줘.,입 안 보여 줘.,일본어 원문 대조 + 자연스러운 한국어 대사 교정,37.58,T3,화자·문맥·자연스러움 집중 검토,,42.33687405159332,39.58,P4,회귀검사 통과 시 유지
ADN-622,사진 대조 1차 교정본,119,"00:17:08,000 --> 00:17:08,700",0.7,더 보여달라고.,더 보여 줘.,그게 뭐야.,중립·혼합형,,0.0,,,25.0,90.0,50.0,78.0,75.0,0.44396,0.0,66.0,0.0,0.0,0.1687,좀 더 보여줘 봐.,좀 더 보여 줘 봐.,,33.71,T4,구조검사 통과 시 유지,,27.46585735963581,31.09,P4,회귀검사 통과 시 유지
ADN-622,사진 대조 1차 교정본,120,"00:17:14,430 --> 00:17:15,150",0.72,그게 뭐야.,더 보여달라고.,"잠깐만, 그만해.",반말형,,0.03,,,25.0,90.0,50.0,78.0,75.0,0.5219,0.0,66.0,0.0,0.0,0.322,뭐야...?,뭐야…?,,36.98,T3,화자·문맥·자연스러움 집중 검토,,39.83308042488619,38.18,P4,회귀검사 통과 시 유지
ADN-622,사진 대조 1차 교정본,121,"00:17:15,850 --> 00:17:17,270",1.42,"잠깐만, 그만해.",그게 뭐야.,느끼고 계시네요.,반응형,,0.05,장면과 충돌한 표현 교정,중간,38.0,90.0,50.0,78.0,62.0,0.49689,7.76,48.0,0.0,0.0,0.7146,"잠깐만,",잠깐만,,33.67,T4,구조검사 통과 시 유지,,27.16236722306525,30.94,P4,회귀검사 통과 시 유지
ADN-622,사진 대조 1차 교정본,122,"00:17:20,750 --> 00:17:23,610",2.86,느끼고 계시네요.,"잠깐만, 그만해.","유우 군, 안 돼.",반말형,,0.05,,,25.0,90.0,50.0,78.0,75.0,0.52272,0.0,66.0,0.0,0.0,0.4592,느끼고 있어.,좋아하고 있어.,,37.01,T3,화자·문맥·자연스러움 집중 검토,,40.28831562974203,38.39,P4,회귀검사 통과 시 유지
ADN-622,사진 대조 1차 교정본,123,"00:17:27,570 --> 00:17:28,990",1.42,"유우 군, 안 돼.",느끼고 계시네요.,이거 진짜 엄청 축축해졌네.,중립·혼합형,,0.03,,,25.0,90.0,50.0,78.0,75.0,0.61494,0.0,66.0,0.0,0.0,0.551,안 돼.,"네, 놀랐어요.",타임스탬프 사진과 앞뒤 장면으로 대사 기능 복원,40.89,T3,화자·문맥·자연스러움 집중 검토,,62.29135053110774,49.88,P3,말투·질문응답·가독성 위주 검토
ADN-622,사진 대조 1차 교정본,124,"00:17:39,730 --> 00:17:43,190",3.46,이거 진짜 엄청 축축해졌네.,"유우 군, 안 돼.","아니야, 그런 거…",반말형,,0.03,,,25.0,90.0,50.0,78.0,75.0,0.75733,8.6,66.0,0.0,0.0,0.7217,엄청 축축해졌네...,엄청 축축해졌네…,,48.42,T3,화자·문맥·자연스러움 집중 검토,,93.55083459787556,67.37,P2,앞뒤 5블록·사진·오류 기억을 함께 검토
ADN-622,사진 대조 1차 교정본,125,"00:17:43,710 --> 00:17:44,490",0.78,"아니야, 그런 거…",이거 진짜 엄청 축축해졌네.,"유우 군, 왜 이래?",반응형,,0.01,,,25.0,90.0,50.0,78.0,75.0,0.64884,0.0,66.0,0.0,0.0,0.2169,"아니, 그런 뜻이 아니라...","아니, 그런 뜻이 아니라…",,42.31,T3,화자·문맥·자연스러움 집중 검토,,70.56145675265554,54.18,P3,말투·질문응답·가독성 위주 검토
ADN-622,사진 대조 1차 교정본,126,"00:17:47,390 --> 00:17:53,150",5.76,"유우 군, 왜 이래?","아니야, 그런 거…","아, 나 때문에…",중립·혼합형,,0.01,,,25.0,90.0,50.0,78.0,75.0,0.5441,0.0,66.0,0.0,0.0,0.2043,"음-, 왜 그래?",음… 왜 그래?,,37.91,T3,화자·문맥·자연스러움 집중 검토,,44.613050075872536,40.73,P3,말투·질문응답·가독성 위주 검토
ADN-622,사진 대조 1차 교정본,127,"00:17:53,150 --> 00:17:54,870",1.72,"아, 나 때문에…","유우 군, 왜 이래?","앗, 앗…",반응형,,0.05,,,25.0,90.0,50.0,78.0,75.0,0.4357,0.0,66.0,0.0,0.0,0.3027,"아, 아, 아, 아, 아, 아, 아,","아, 아, 아, 아, 아, 아, 아",,33.36,T4,구조검사 통과 시 유지,,26.403641881638844,30.44,P4,회귀검사 통과 시 유지
ADN-622,사진 대조 1차 교정본,128,"00:17:55,530 --> 00:17:59,250",3.72,"앗, 앗…","아, 나 때문에…","쿠미 씨, 보여 줘.
진짜 보여달라고.",반응형,,0.03,,,25.0,90.0,50.0,78.0,75.0,0.27408,0.0,66.0,0.0,0.0,0.286,"앗, 안 돼. 그렇게 하면 나와버려.","앗, 안 돼. 그렇게 하면 나와 버려.",,26.57,T4,구조검사 통과 시 유지,,7.132018209408194,18.41,P4,회귀검사 통과 시 유지
ADN-622,사진 대조 1차 교정본,129,"00:18:19,610 --> 00:18:22,630",3.02,"쿠미 씨, 보여 줘.
진짜 보여달라고.","앗, 앗…",기분 좋지?,중립·혼합형,,0.01,,,25.0,90.0,50.0,78.0,75.0,0.54391,0.0,66.0,0.0,0.0,0.2919,입 안을 보여 줘.,입 안 보여 줘.,일본어 원문 대조 + 자연스러운 한국어 대사 교정,37.9,T3,화자·문맥·자연스러움 집중 검토,,44.46130500758726,40.66,P3,말투·질문응답·가독성 위주 검토
ADN-622,사진 대조 1차 교정본,130,"00:18:24,890 --> 00:18:25,910",1.02,기분 좋지?,"쿠미 씨, 보여 줘.
진짜 보여달라고.",축축해진 거 아니야?,반말형,,0.01,,,25.0,90.0,50.0,78.0,75.0,0.52017,42.0,66.0,0.0,0.0,1.0,기분 좋지?,흥분되면 말해 봐.,화면 영문 자막 대조,44.47,T3,화자·문맥·자연스러움 집중 검토,,80.2731411229135,59.51,P2,앞뒤 5블록·사진·오류 기억을 함께 검토
ADN-622,사진 대조 1차 교정본,131,"00:18:27,070 --> 00:18:28,090",1.02,축축해진 거 아니야?,기분 좋지?,왜 이렇게 축축해?,반응형,,0.03,,,25.0,90.0,50.0,78.0,75.0,0.69801,0.0,66.0,0.0,0.0,0.4807,온천 아니야?,뭔가…,일본어 원문 + 타임스탬프 사진 + 장면 연속성,44.38,T3,화자·문맥·자연스러움 집중 검토,,80.12139605462822,59.39,P2,앞뒤 5블록·사진·오류 기억을 함께 검토
ADN-622,사진 대조 1차 교정본,132,"00:18:28,690 --> 00:18:32,070",3.38,왜 이렇게 축축해?,축축해진 거 아니야?,"천천히, 진정해…
정말 왜 이러니.",반말형,,0.01,,,25.0,90.0,50.0,78.0,75.0,0.68875,0.0,66.0,0.0,0.0,0.2579,이렇게 해버려.,이렇게 해 버려.,,43.99,T3,화자·문맥·자연스러움 집중 검토,,78.45220030349014,58.46,P2,앞뒤 5블록·사진·오류 기억을 함께 검토
ADN-622,사진 대조 1차 교정본,133,"00:18:34,110 --> 00:18:38,090",3.98,"천천히, 진정해…
정말 왜 이러니.",왜 이렇게 축축해?,"이것 봐, 이 안도 보여 줘.",반말형,,0.01,,,25.0,90.0,50.0,78.0,75.0,0.51952,0.0,66.0,0.0,0.0,0.2119,천천히 해 줘.,"좋네. 잠깐, 어떻게 돼 있었지?",일본어 원문 + 타임스탬프 사진 + 장면 연속성,36.88,T3,화자·문맥·자연스러움 집중 검토,,39.22610015174507,37.87,P4,회귀검사 통과 시 유지
ADN-622,사진 대조 1차 교정본,134,"00:18:42,470 --> 00:18:44,990",2.52,"이것 봐, 이 안도 보여 줘.","천천히, 진정해…
정말 왜 이러니.",더 이상은 안 돼.,중립·혼합형,,0.03,,,25.0,90.0,50.0,78.0,75.0,0.74866,0.0,66.0,0.0,0.0,0.3229,입 안을 보여 줘.,입 안 보여 줘.,일본어 원문 대조 + 자연스러운 한국어 대사 교정,46.5,T3,화자·문맥·자연스러움 집중 검토,,86.79817905918058,63.43,P2,앞뒤 5블록·사진·오류 기억을 함께 검토
ADN-622,사진 대조 1차 교정본,135,"00:18:45,330 --> 00:18:46,490",1.16,더 이상은 안 돼.,"이것 봐, 이 안도 보여 줘.","보여 줘, 보여달라니까.
왜? 왜 안 되는 건데?",중립·혼합형,,0.03,,,25.0,90.0,50.0,78.0,75.0,0.53711,0.0,66.0,0.0,0.0,0.5038,안 돼.,"네, 놀랐어요.",타임스탬프 사진과 앞뒤 장면으로 대사 기능 복원,37.62,T3,화자·문맥·자연스러움 집중 검토,,42.564491654021246,39.7,P4,회귀검사 통과 시 유지
ADN-622,사진 대조 1차 교정본,136,"00:18:47,170 --> 00:18:51,670",4.5,"보여 줘, 보여달라니까.
왜? 왜 안 되는 건데?",더 이상은 안 돼.,"보여 줘, 쿠미 씨.",중립·혼합형,,0.03,,,25.0,90.0,50.0,78.0,75.0,0.41492,0.0,66.0,0.0,0.0,0.1832,입 안을 보여 줘.,입 안 보여 줘.,일본어 원문 대조 + 자연스러운 한국어 대사 교정,32.49,T4,구조검사 통과 시 유지,,23.520485584218513,28.72,P4,회귀검사 통과 시 유지
ADN-622,사진 대조 1차 교정본,137,"00:18:52,350 --> 00:18:53,610",1.26,"보여 줘, 쿠미 씨.","보여 줘, 보여달라니까.
왜? 왜 안 되는 건데?",그 정도는 괜찮잖아?,중립·혼합형,,0.05,,,25.0,90.0,50.0,78.0,75.0,0.57631,0.0,66.0,0.0,0.0,0.2485,입 안을 보여 줘.,입 안 보여 줘.,일본어 원문 대조 + 자연스러운 한국어 대사 교정,39.27,T3,화자·문맥·자연스러움 집중 검토,,52.42792109256449,44.8,P3,말투·질문응답·가독성 위주 검토
ADN-622,사진 대조 1차 교정본,138,"00:18:55,330 --> 00:18:56,110",0.78,그 정도는 괜찮잖아?,"보여 줘, 쿠미 씨.","안 돼, 안 돼.",반응형,,0.03,,,25.0,90.0,50.0,78.0,75.0,0.52845,0.0,66.0,0.0,0.0,0.192,하지만 내가 사랑하는 건 너뿐이니까 괜찮잖아.,너만 사랑한다니까.,,37.25,T3,화자·문맥·자연스러움 집중 검토,,41.122913505311075,38.88,P4,회귀검사 통과 시 유지
ADN-622,사진 대조 1차 교정본,139,"00:18:57,210 --> 00:19:01,330",4.12,"안 돼, 안 돼.",그 정도는 괜찮잖아?,여기…,중립·혼합형,,0.01,,,25.0,90.0,50.0,78.0,75.0,0.51005,17.48,66.0,0.0,0.0,0.7957,안 돼.,"네, 놀랐어요.",타임스탬프 사진과 앞뒤 장면으로 대사 기능 복원,39.63,T3,화자·문맥·자연스러움 집중 검토,,54.77996965098634,45.99,P3,말투·질문응답·가독성 위주 검토
ADN-622,사진 대조 1차 교정본,140,"00:19:01,330 --> 00:19:02,210",0.88,여기…,"안 돼, 안 돼.",벌리고 있으면…,중립·혼합형,,0.03,,,25.0,90.0,50.0,78.0,75.0,0.25107,0.0,66.0,0.0,0.0,0.1394,여기...,여기…,,25.6,T4,구조검사 통과 시 유지,,5.159332321699544,17.01,P4,회귀검사 통과 시 유지
ADN-622,사진 대조 1차 교정본,141,"00:19:16,040 --> 00:19:18,360",2.32,벌리고 있으면…,여기…,손을 움직여서…,반응형,,0.04,,,25.0,90.0,50.0,78.0,75.0,0.49906,0.0,66.0,0.0,0.0,0.1417,바이브레이터도 있으면 좋지 않아?,바이브레이터도 같이 쓰면 좋겠지?,일본어 원문 대조 + 자연스러운 한국어 대사 교정,36.02,T3,화자·문맥·자연스러움 집중 검토,,35.81183611532625,35.93,P4,회귀검사 통과 시 유지
ADN-622,사진 대조 1차 교정본,142,"00:19:29,580 --> 00:19:33,060",3.48,손을 움직여서…,벌리고 있으면…,"좀 비켜봐. 비키라고. 시키는 대로 해. 자
벌려봐. 빨리 벌려보라고. 괜찮으니까 빨리.",중립·혼합형,,0.02,,,25.0,90.0,50.0,78.0,79.0,0.68587,0.0,66.0,0.0,0.0,0.2276,손을 벗을 때는 좋네요.,[불명],,44.11,T3,화자·문맥·자연스러움 집중 검토,,78.98330804248862,58.76,P2,앞뒤 5블록·사진·오류 기억을 함께 검토
ADN-622,사진 대조 1차 교정본,143,"00:19:37,880 --> 00:20:10,230",32.35,"좀 비켜봐. 비키라고. 시키는 대로 해. 자
벌려봐. 빨리 벌려보라고. 괜찮으니까 빨리.",손을 움직여서…,"이제 됐잖아. 다 보여.
얼른 다리 벌려봐, 이렇게.",반말형,,0.02,,,25.0,90.0,50.0,78.0,75.0,0.79436,0.0,66.0,0.0,0.0,0.2296,조금 비켜봐...,조금 비켜봐…,,48.42,T3,화자·문맥·자연스러움 집중 검토,,93.55083459787556,67.37,P2,앞뒤 5블록·사진·오류 기억을 함께 검토
ADN-622,사진 대조 1차 교정본,144,"00:20:29,410 --> 00:20:39,410",10.0,"이제 됐잖아. 다 보여.
얼른 다리 벌려봐, 이렇게.","좀 비켜봐. 비키라고. 시키는 대로 해. 자
벌려봐. 빨리 벌려보라고. 괜찮으니까 빨리.","다리 벌려봐, 어서.
할 수 있잖아.",중립·혼합형,,0.01,,,25.0,90.0,50.0,78.0,75.0,0.67792,0.0,66.0,0.0,0.0,0.329,"벌려봐, 스스로.",스스로 벌려 봐.,일본어 원문 대조 + 자연스러운 한국어 대사 교정,43.53,T3,화자·문맥·자연스러움 집중 검토,,76.78300455235205,57.5,P3,말투·질문응답·가독성 위주 검토
ADN-622,사진 대조 1차 교정본,145,"00:20:43,170 --> 00:20:46,730",3.56,"다리 벌려봐, 어서.
할 수 있잖아.","이제 됐잖아. 다 보여.
얼른 다리 벌려봐, 이렇게.","안 돼, 앗, 앗…",중립·혼합형,,0.03,,,25.0,90.0,50.0,78.0,75.0,0.54755,0.0,66.0,0.0,0.0,0.4313,"벌려봐, 스스로.",스스로 벌려 봐.,일본어 원문 대조 + 자연스러운 한국어 대사 교정,38.06,T3,화자·문맥·자연스러움 집중 검토,,45.371775417298934,41.13,P3,말투·질문응답·가독성 위주 검토
ADN-622,사진 대조 1차 교정본,146,"00:21:08,430 --> 00:21:09,830",1.4,"안 돼, 앗, 앗…","다리 벌려봐, 어서.
할 수 있잖아.","안 돼, 앗, 앗…",반응형,,0.03,,,25.0,90.0,50.0,78.0,75.0,0.41759,0.0,66.0,0.0,0.0,0.3142,"안 돼, 그만해.","배 아파, 그만해.",,32.6,T4,구조검사 통과 시 유지,,23.975720789074355,28.98,P4,회귀검사 통과 시 유지
ADN-622,사진 대조 1차 교정본,147,"00:21:09,830 --> 00:21:34,710",24.88,"안 돼, 앗, 앗…","안 돼, 앗, 앗…","하아, 앗…",반응형,,0.03,,,25.0,90.0,50.0,78.0,75.0,0.5048,0.0,66.0,0.0,0.0,0.3142,"안 돼, 그만해.","배 아파, 그만해.",,36.26,T3,화자·문맥·자연스러움 집중 검토,,36.11532625189681,36.2,P4,회귀검사 통과 시 유지
ADN-622,사진 대조 1차 교정본,148,"00:21:46,820 --> 00:21:48,440",1.62,"하아, 앗…","안 돼, 앗, 앗…",조금만 더.,반응형,,0.02,,,25.0,90.0,50.0,78.0,75.0,0.48842,0.0,66.0,0.0,0.0,0.4761,"하아, 하아...","하아, 하아…",,35.57,T3,화자·문맥·자연스러움 집중 검토,,33.8391502276176,34.84,P4,회귀검사 통과 시 유지
ADN-622,사진 대조 1차 교정본,149,"00:21:48,440 --> 00:21:50,180",1.74,조금만 더.,"하아, 앗…",조금만 더.,중립·혼합형,,0.04,,,25.0,90.0,50.0,78.0,75.0,0.54639,5.46,66.0,0.0,0.0,0.6955,조금만 더...,조금만 더…,,38.99,T3,화자·문맥·자연스러움 집중 검토,,49.92412746585736,43.58,P3,말투·질문응답·가독성 위주 검토
ADN-622,사진 대조 1차 교정본,150,"00:21:57,580 --> 00:21:59,820",2.24,조금만 더.,조금만 더.,아직 안 끝났어.,중립·혼합형,,0.02,,,25.0,90.0,50.0,78.0,75.0,0.56989,5.46,66.0,0.0,0.0,0.6955,조금만 더...,조금만 더…,,39.98,T3,화자·문맥·자연스러움 집중 검토,,55.9939301972686,46.71,P3,말투·질문응답·가독성 위주 검토
ADN-622,사진 대조 1차 교정본,151,"00:22:00,860 --> 00:22:03,540",2.68,아직 안 끝났어.,조금만 더.,조금만 더.,반응형,,0.04,,,25.0,90.0,50.0,78.0,75.0,0.67338,0.0,66.0,0.0,0.0,0.2405,아직 잘 거지?,아직 갈 수 있지?,사진 장면 확인 및 한국어 번역투·ASR 오역 교정,43.34,T3,화자·문맥·자연스러움 집중 검토,,76.02427921092566,57.07,P3,말투·질문응답·가독성 위주 검토
ADN-622,사진 대조 1차 교정본,152,"00:22:03,540 --> 00:22:04,140",0.6,조금만 더.,아직 안 끝났어.,조금만 더.,중립·혼합형,,0.04,,,25.0,90.0,50.0,78.0,75.0,0.49202,5.46,66.0,0.0,0.0,0.6955,조금만 더...,조금만 더…,,36.71,T3,화자·문맥·자연스러움 집중 검토,,38.54324734446131,37.48,P4,회귀검사 통과 시 유지
ADN-622,사진 대조 1차 교정본,153,"00:22:06,340 --> 00:22:07,980",1.64,조금만 더.,조금만 더.,조금만 더.,중립·혼합형,,0.04,,,25.0,90.0,50.0,78.0,75.0,0.49455,5.46,66.0,0.0,30.0,0.6955,조금만 더...,조금만 더…,,39.21,T3,화자·문맥·자연스러움 집중 검토,triple_identical_run,51.441578148710164,44.35,P3,말투·질문응답·가독성 위주 검토
ADN-622,사진 대조 1차 교정본,154,"00:22:10,340 --> 00:22:11,580",1.24,조금만 더.,조금만 더.,"벌리고 있어. 벌리고 있어.
이대로 가만히 있어.",중립·혼합형,,0.04,,,25.0,90.0,50.0,78.0,75.0,0.57603,5.46,66.0,0.0,0.0,0.6955,조금만 더...,조금만 더…,,40.24,T3,화자·문맥·자연스러움 집중 검토,,57.96661608497724,47.69,P3,말투·질문응답·가독성 위주 검토
ADN-622,사진 대조 1차 교정본,155,"00:22:47,680 --> 00:22:54,940",7.26,"벌리고 있어. 벌리고 있어.
이대로 가만히 있어.",조금만 더.,대박… 이렇게 핑크색이네.,중립·혼합형,,0.02,,,25.0,90.0,50.0,78.0,75.0,0.62755,0.0,66.0,0.0,0.0,0.3399,뒤에 있어.,뒤쪽도 보여 줘.,일본어 원문 대조 + 자연스러운 한국어 대사 교정,41.42,T3,화자·문맥·자연스러움 집중 검토,,65.85735963581185,51.68,P3,말투·질문응답·가독성 위주 검토
ADN-622,사진 대조 1차 교정본,156,"00:23:02,700 --> 00:23:09,820",7.12,대박… 이렇게 핑크색이네.,"벌리고 있어. 벌리고 있어.
이대로 가만히 있어.","쿠미 씨도 참, 이렇게 젖어놓고서.",반말형,,0.0,,,25.0,90.0,50.0,78.0,75.0,0.60543,0.0,66.0,0.0,0.0,0.1925,이렇게 해버려.,이렇게 해 버려.,,40.49,T3,화자·문맥·자연스러움 집중 검토,,60.09104704097117,48.72,P3,말투·질문응답·가독성 위주 검토
ADN-622,사진 대조 1차 교정본,157,"00:23:13,120 --> 00:23:17,720",4.6,"쿠미 씨도 참, 이렇게 젖어놓고서.",대박… 이렇게 핑크색이네.,왜 그래?,반응형,,0.02,,,25.0,90.0,50.0,78.0,79.0,0.85861,0.0,66.0,0.0,0.0,0.1779,이렇게 해버려.,이렇게 해 버려.,,51.36,T3,화자·문맥·자연스러움 집중 검토,,98.48254931714719,71.15,P2,앞뒤 5블록·사진·오류 기억을 함께 검토
ADN-622,사진 대조 1차 교정본,158,"00:23:20,700 --> 00:23:21,500",0.8,왜 그래?,"쿠미 씨도 참, 이렇게 젖어놓고서.",괜찮잖아. 이래도 되는 거지?,중립·혼합형,,0.0,,,25.0,90.0,50.0,78.0,75.0,0.47105,6.15,66.0,0.0,0.0,0.7012,"음-, 왜 그래?",음… 왜 그래?,,35.95,T3,화자·문맥·자연스러움 집중 검토,,35.204855842185125,35.64,P4,회귀검사 통과 시 유지
ADN-622,사진 대조 1차 교정본,159,"00:23:39,020 --> 00:23:42,080",3.06,괜찮잖아. 이래도 되는 거지?,왜 그래?,"안 돼, 안 된다니까.",반응형,,0.02,,,25.0,90.0,50.0,78.0,75.0,0.62444,0.0,66.0,0.0,0.0,0.3835,잘 거지?,갈 수 있지?,사진 장면 확인 및 한국어 번역투·ASR 오역 교정,41.29,T3,화자·문맥·자연스러움 집중 검토,,64.87101669195751,51.19,P3,말투·질문응답·가독성 위주 검토
ADN-622,사진 대조 1차 교정본,160,"00:23:42,080 --> 00:23:44,080",2.0,"안 돼, 안 된다니까.",괜찮잖아. 이래도 되는 거지?,쿠미 씨도 느끼고 싶잖아.,중립·혼합형,,0.02,,,25.0,90.0,50.0,78.0,75.0,0.50893,0.0,66.0,0.0,0.0,0.2883,"안 돼, 그만해.","배 아파, 그만해.",,36.44,T3,화자·문맥·자연스러움 집중 검토,,36.722306525037936,36.56,P4,회귀검사 통과 시 유지
ADN-622,사진 대조 1차 교정본,161,"00:23:47,200 --> 00:23:49,740",2.54,쿠미 씨도 느끼고 싶잖아.,"안 돼, 안 된다니까.",이런 짓은 하면 안 돼.,반응형,,0.0,,,25.0,90.0,50.0,78.0,75.0,0.5406,0.0,66.0,0.0,0.0,0.4104,느끼고 있어.,좋아하고 있어.,,37.77,T3,화자·문맥·자연스러움 집중 검토,,43.39908952959029,40.13,P3,말투·질문응답·가독성 위주 검토
ADN-622,사진 대조 1차 교정본,162,"00:23:50,700 --> 00:23:53,820",3.12,이런 짓은 하면 안 돼.,쿠미 씨도 느끼고 싶잖아.,"피도 안 섞였는데 어때, 괜찮잖아.",중립·혼합형,,0.0,,,25.0,90.0,50.0,78.0,75.0,0.57064,0.0,66.0,0.0,0.0,0.4503,안 돼.,"네, 놀랐어요.",타임스탬프 사진과 앞뒤 장면으로 대사 기능 복원,39.03,T3,화자·문맥·자연스러움 집중 검토,,50.53110773899848,43.86,P3,말투·질문응답·가독성 위주 검토
ADN-622,사진 대조 1차 교정본,163,"00:23:57,580 --> 00:23:59,760",2.18,"피도 안 섞였는데 어때, 괜찮잖아.",이런 짓은 하면 안 돼.,"응? 어서, 어서.",반응형,,0.02,,,25.0,90.0,50.0,78.0,75.0,0.65772,0.0,66.0,0.0,0.0,0.22,하지만 내가 사랑하는 건 너뿐이니까 괜찮잖아.,너만 사랑한다니까.,,42.68,T3,화자·문맥·자연스러움 집중 검토,,72.45827010622155,55.19,P3,말투·질문응답·가독성 위주 검토
ADN-622,사진 대조 1차 교정본,164,"00:24:00,380 --> 00:24:03,080",2.7,"응? 어서, 어서.","피도 안 섞였는데 어때, 괜찮잖아.","이제 안 돼, 그만하자.",반응형,,0.02,,,25.0,90.0,50.0,78.0,75.0,0.39622,0.0,66.0,0.0,0.0,0.2294,응? 잠깐 기다려…,응? 잠깐만…,일본어 원문 대조 + 자연스러운 한국어 대사 교정,31.7,T4,구조검사 통과 시 유지,,20.485584218512898,26.99,P4,회귀검사 통과 시 유지
ADN-622,사진 대조 1차 교정본,165,"00:24:04,920 --> 00:24:07,260",2.34,"이제 안 돼, 그만하자.","응? 어서, 어서.","아, 안 돼, 하지 마…",중립·혼합형,,0.02,,,25.0,90.0,50.0,78.0,75.0,0.53772,0.0,66.0,0.0,0.0,0.3297,"안 돼, 그만해.","배 아파, 그만해.",,37.64,T3,화자·문맥·자연스러움 집중 검토,,42.943854324734446,39.87,P4,회귀검사 통과 시 유지
ADN-622,사진 대조 1차 교정본,166,"00:24:17,710 --> 00:24:20,390",2.68,"아, 안 돼, 하지 마…","이제 안 돼, 그만하자.","여기, 여기도 괜찮지?",반응형,,0.01,,,25.0,90.0,50.0,78.0,75.0,0.60717,0.0,66.0,0.0,0.0,0.3783,"아, 좋아... 안 돼, 안 돼...","아, 좋아… 안 돼, 안 돼…",,40.56,T3,화자·문맥·자연스러움 집중 검토,,60.54628224582701,48.95,P3,말투·질문응답·가독성 위주 검토
ADN-622,사진 대조 1차 교정본,167,"00:24:22,030 --> 00:24:24,110",2.08,"여기, 여기도 괜찮지?","아, 안 돼, 하지 마…",응? 안에도 괜찮잖아.,반말형,,0.03,,,25.0,90.0,50.0,78.0,75.0,0.61565,0.0,66.0,0.0,0.0,0.491,여기도 해줘.,여기도 해 줘.,,40.92,T3,화자·문맥·자연스러움 집중 검토,,62.51896813353566,49.99,P3,말투·질문응답·가독성 위주 검토
ADN-622,사진 대조 1차 교정본,168,"00:24:24,310 --> 00:24:25,330",1.02,응? 안에도 괜찮잖아.,"여기, 여기도 괜찮지?",괜찮지?,반응형,,0.01,,,25.0,90.0,50.0,78.0,75.0,0.64472,0.0,66.0,0.0,0.0,0.2842,하지만 내가 사랑하는 건 너뿐이니까 괜찮잖아.,너만 사랑한다니까.,,42.14,T3,화자·문맥·자연스러움 집중 검토,,69.57511380880122,53.66,P3,말투·질문응답·가독성 위주 검토
ADN-622,사진 대조 1차 교정본,169,"00:24:26,510 --> 00:24:27,270",0.76,괜찮지?,응? 안에도 괜찮잖아.,이렇게 젖어 놓고선.,반말형,,0.01,,,25.0,90.0,50.0,78.0,75.0,0.33676,0.0,66.0,0.0,0.0,0.2372,뭐든 괜찮지만… 후와 씨?,뭐든 괜찮지만… 후우아 씨라고 부를까요?,출연자 이름 오인식 교정,29.2,T4,구조검사 통과 시 유지,,13.657056145675265,22.67,P4,회귀검사 통과 시 유지
ADN-622,사진 대조 1차 교정본,170,"00:24:35,570 --> 00:24:37,070",1.5,이렇게 젖어 놓고선.,괜찮지?,"하아, 하아…",반응형,,0.03,직역투 제거,높음,25.0,90.0,50.0,78.0,79.0,0.88828,1.29,22.0,0.0,0.0,0.6607,이렇게 질퍽해져 놓고선.,이렇게 젖어 놓고선.,직역투 제거,32.98,T4,구조검사 통과 시 유지,,25.03793626707132,29.64,P4,회귀검사 통과 시 유지
ADN-622,사진 대조 1차 교정본,171,"00:24:37,070 --> 00:25:45,340",68.27,"하아, 하아…",이렇게 젖어 놓고선.,"안 돼, 가 버릴 것 같아…",반응형,,0.03,,,25.0,90.0,50.0,78.0,75.0,0.55336,19.25,66.0,0.0,0.0,0.8104,하아…,보여 줘.,일본어 원문 + 타임스탬프 사진 + 장면 연속성,41.77,T3,화자·문맥·자연스러움 집중 검토,,67.83004552352048,52.72,P3,말투·질문응답·가독성 위주 검토
ADN-622,사진 대조 1차 교정본,172,"00:25:45,340 --> 00:25:49,100",3.76,"안 돼, 가 버릴 것 같아…","하아, 하아…","아, 하아…",중립·혼합형,,0.04,,,25.0,90.0,50.0,78.0,75.0,0.70824,0.0,66.0,0.0,0.0,0.4259,"싸버릴 것 같아, 싸 버릴 것 같아.","싸 버릴 것 같아, 싸 버릴 것 같아.",,44.81,T3,화자·문맥·자연스러움 집중 검토,,81.03186646433991,60.02,P2,앞뒤 5블록·사진·오류 기억을 함께 검토
ADN-622,사진 대조 1차 교정본,173,"00:25:50,500 --> 00:25:52,360",1.86,"아, 하아…","안 돼, 가 버릴 것 같아…","시끄러워, 시끄럽다니까.",반응형,,0.0,,,25.0,90.0,50.0,78.0,75.0,0.37336,27.56,66.0,0.0,0.0,0.8797,하아…,보여 줘.,일본어 원문 + 타임스탬프 사진 + 장면 연속성,35.7,T3,화자·문맥·자연스러움 집중 검토,,34.44613050075873,35.17,P4,회귀검사 통과 시 유지
ADN-622,사진 대조 1차 교정본,174,"00:25:54,320 --> 00:25:56,480",2.16,"시끄러워, 시끄럽다니까.","아, 하아…","아, 하아…",중립·혼합형,,0.02,,,25.0,90.0,50.0,78.0,75.0,0.6811,0.0,66.0,0.0,0.0,0.3862,시끄러워.,넣고 싶어.,,43.67,T3,화자·문맥·자연스러움 집중 검토,,77.38998482549317,57.83,P3,말투·질문응답·가독성 위주 검토
ADN-622,사진 대조 1차 교정본,175,"00:26:02,470 --> 00:26:14,050",11.58,"아, 하아…","시끄러워, 시끄럽다니까.",질척질척 소리 나잖아.,반응형,,0.03,,,25.0,90.0,50.0,78.0,75.0,0.53767,27.56,66.0,0.0,0.0,0.8797,하아…,보여 줘.,일본어 원문 + 타임스탬프 사진 + 장면 연속성,42.6,T3,화자·문맥·자연스러움 집중 검토,,71.6236722306525,54.79,P3,말투·질문응답·가독성 위주 검토
ADN-622,사진 대조 1차 교정본,176,"00:26:14,350 --> 00:26:15,790",1.44,질척질척 소리 나잖아.,"아, 하아…","우와, 진짜 대박이다.",반응형,,0.05,자연스러운 의성 표현으로 교정,중간,25.0,90.0,50.0,78.0,75.0,0.53698,0.0,48.0,0.0,0.0,0.3711,질퍽질퍽 소리가 나잖아.,질척질척 소리 나잖아.,자연스러운 의성 표현으로 교정,34.73,T4,구조검사 통과 시 유지,,30.273141122913504,32.86,P4,회귀검사 통과 시 유지
ADN-622,사진 대조 1차 교정본,177,"00:26:16,550 --> 00:26:19,690",3.14,"우와, 진짜 대박이다.",질척질척 소리 나잖아.,"아, 흐읏…",중립·혼합형,,0.05,,,25.0,90.0,50.0,78.0,75.0,0.43756,0.0,66.0,0.0,0.0,0.3672,대박이다. 장난 아니었어. 엄청나게 좋았어.,대박이었어. 진짜 너무 좋았어.,일본어 원문 대조 + 자연스러운 한국어 대사 교정,33.44,T4,구조검사 통과 시 유지,,26.555386949924127,30.55,P4,회귀검사 통과 시 유지
ADN-622,사진 대조 1차 교정본,178,"00:26:21,310 --> 00:26:22,730",1.42,"아, 흐읏…","우와, 진짜 대박이다.","하아, 하아…",반응형,,0.01,,,25.0,90.0,50.0,78.0,75.0,0.41105,0.0,66.0,0.0,0.0,0.3759,"아, 아, 아, 아, 아, 아, 아,","아, 아, 아, 아, 아, 아, 아",,32.32,T4,구조검사 통과 시 유지,,22.610015174506827,28.24,P4,회귀검사 통과 시 유지
ADN-622,사진 대조 1차 교정본,179,"00:26:44,630 --> 00:26:46,410",1.78,"하아, 하아…","아, 흐읏…",나도 기분 좋아…,반응형,,0.03,,,25.0,90.0,50.0,78.0,75.0,0.41597,19.25,66.0,0.0,0.0,0.8104,하아…,보여 줘.,일본어 원문 + 타임스탬프 사진 + 장면 연속성,36.0,T3,화자·문맥·자연스러움 집중 검토,,35.58421851289833,35.83,P4,회귀검사 통과 시 유지
ADN-622,사진 대조 1차 교정본,180,"00:26:50,990 --> 00:26:53,630",2.64,나도 기분 좋아…,"하아, 하아…",좋아하고 있어.,반응형,,0.01,,,25.0,90.0,50.0,78.0,75.0,0.59988,0.0,66.0,0.0,0.0,0.642,아- 기분 좋아…,아… 기분 좋아…,,40.25,T3,화자·문맥·자연스러움 집중 검토,,58.11836115326252,47.75,P3,말투·질문응답·가독성 위주 검토
ADN-622,사진 대조 1차 교정본,181,"00:27:01,190 --> 00:27:01,970",0.78,좋아하고 있어.,나도 기분 좋아…,무슨 소리 하는 거야?,반응형,,0.01,,,25.0,90.0,50.0,78.0,75.0,0.489,0.0,66.0,0.0,0.0,0.3344,뒤에 있어.,뒤쪽도 보여 줘.,일본어 원문 대조 + 자연스러운 한국어 대사 교정,35.6,T3,화자·문맥·자연스러움 집중 검토,,34.06676783004553,34.96,P4,회귀검사 통과 시 유지
ADN-622,사진 대조 1차 교정본,182,"00:27:02,710 --> 00:27:04,110",1.4,무슨 소리 하는 거야?,좋아하고 있어.,이제 와서 내숭 떨지 마.,반말형,,0.01,,,25.0,90.0,50.0,78.0,75.0,0.62613,0.0,66.0,0.0,0.0,0.4657,뭐라고 하는 거야?,뭐라고 말해야 해?,일본어 원문 대조 + 자연스러운 한국어 대사 교정,41.36,T3,화자·문맥·자연스러움 집중 검토,,65.70561456752657,51.59,P3,말투·질문응답·가독성 위주 검토
ADN-622,사진 대조 1차 교정본,183,"00:27:04,110 --> 00:27:04,210",0.1,이제 와서 내숭 떨지 마.,무슨 소리 하는 거야?,시끄러우니까 조용히 하라고.,반말형,,0.01,,,25.0,90.0,50.0,78.0,75.0,0.7836,0.0,66.0,70.0,0.0,0.2793,하지 마.,잠깐만.,손상된 일본어 ASR + 타임스탬프 사진 + 앞뒤 문맥 추론,54.97,T3,화자·문맥·자연스러움 집중 검토,high_cps,99.54476479514416,73.69,P1,장면 패킷을 열고 후보 3개를 생성해 반증 검토
ADN-622,사진 대조 1차 교정본,184,"00:27:04,210 --> 00:27:07,590",3.38,시끄러우니까 조용히 하라고.,이제 와서 내숭 떨지 마.,"안 돼, 안 돼.",중립·혼합형,,0.01,,,25.0,90.0,50.0,78.0,75.0,0.59483,0.0,66.0,0.0,0.0,0.1957,시끄러워.,넣고 싶어.,,40.04,T3,화자·문맥·자연스러움 집중 검토,,56.904400606980275,47.12,P3,말투·질문응답·가독성 위주 검토
ADN-622,사진 대조 1차 교정본,185,"00:27:14,560 --> 00:27:16,360",1.8,"안 돼, 안 돼.",시끄러우니까 조용히 하라고.,왜 안 되는데?,중립·혼합형,,0.04,,,25.0,90.0,50.0,78.0,75.0,0.44763,17.48,66.0,0.0,0.0,0.7957,안 돼.,"네, 놀랐어요.",타임스탬프 사진과 앞뒤 장면으로 대사 기능 복원,37.01,T3,화자·문맥·자연스러움 집중 검토,,40.28831562974203,38.39,P4,회귀검사 통과 시 유지
ADN-622,사진 대조 1차 교정본,186,"00:27:21,110 --> 00:27:22,390",1.28,왜 안 되는데?,"안 돼, 안 돼.",빨리 하자.,중립·혼합형,,0.01,,,25.0,90.0,50.0,78.0,75.0,0.49582,0.0,66.0,0.0,0.0,0.167,왜 없지?,어라?,,35.88,T3,화자·문맥·자연스러움 집중 검토,,34.977238239757206,35.5,P4,회귀검사 통과 시 유지
ADN-622,사진 대조 1차 교정본,187,"00:27:23,710 --> 00:27:24,550",0.84,빨리 하자.,왜 안 되는데?,어차피 피도 안 섞였잖아.,중립·혼합형,,0.01,,,25.0,90.0,50.0,78.0,75.0,0.51142,0.0,66.0,0.0,0.0,0.4193,빨리 핥아 봐.,빨리 핥아 줘.,화자 말투 자연화,36.54,T3,화자·문맥·자연스러움 집중 검토,,37.481031866464335,36.94,P4,회귀검사 통과 시 유지
ADN-622,사진 대조 1차 교정본,188,"00:27:25,630 --> 00:27:28,610",2.98,어차피 피도 안 섞였잖아.,빨리 하자.,피도 안 섞였으니까.,반응형,,0.03,,,25.0,90.0,50.0,78.0,75.0,0.62579,0.0,66.0,0.0,0.0,0.1423,안 되잖아.,안 되지.,일본어 원문 대조 + 자연스러운 한국어 대사 교정,41.34,T3,화자·문맥·자연스러움 집중 검토,,65.402124430956,51.45,P3,말투·질문응답·가독성 위주 검토
ADN-622,사진 대조 1차 교정본,189,"00:27:35,530 --> 00:27:36,830",1.3,피도 안 섞였으니까.,어차피 피도 안 섞였잖아.,진짜 괜찮잖아.,반응형,,0.03,,,25.0,90.0,50.0,78.0,75.0,0.6044,0.0,66.0,0.0,0.0,0.1981,세게 깨물었으니까.,어느 쪽부터 베어 먹었을까?,,40.44,T3,화자·문맥·자연스러움 집중 검토,,59.48406676783004,48.44,P3,말투·질문응답·가독성 위주 검토
ADN-622,사진 대조 1차 교정본,190,"00:27:37,830 --> 00:27:38,750",0.92,진짜 괜찮잖아.,피도 안 섞였으니까.,쿠미 씨…,반응형,,0.03,,,25.0,90.0,50.0,78.0,75.0,0.5088,0.0,66.0,0.0,0.0,0.3755,하지만 내가 사랑하는 건 너뿐이니까 괜찮잖아.,너만 사랑한다니까.,,36.43,T3,화자·문맥·자연스러움 집중 검토,,36.57056145675266,36.49,P4,회귀검사 통과 시 유지
ADN-622,사진 대조 1차 교정본,191,"00:27:38,750 --> 00:27:58,250",19.5,쿠미 씨…,진짜 괜찮잖아.,하아…,중립·혼합형,,0.05,,,25.0,90.0,50.0,78.0,75.0,0.67247,0.0,66.0,0.0,0.0,0.0645,후와 씨를…,후우아 씨를 기분 좋게 해 주고 싶어요.,이름 및 다음 블록과 문장 결합,43.3,T3,화자·문맥·자연스러움 집중 검토,,75.64491654021245,56.88,P3,말투·질문응답·가독성 위주 검토
ADN-622,사진 대조 1차 교정본,192,"00:27:58,250 --> 00:27:58,530",0.28,하아…,쿠미 씨…,"대박, 장난 아니다.",반응형,,0.05,,,25.0,90.0,50.0,78.0,75.0,0.28227,42.0,66.0,0.0,0.0,1.0,하아…,보여 줘.,일본어 원문 + 타임스탬프 사진 + 장면 연속성,34.48,T4,구조검사 통과 시 유지,,29.1350531107739,32.24,P4,회귀검사 통과 시 유지
ADN-622,사진 대조 1차 교정본,193,"00:27:58,530 --> 00:27:59,910",1.38,"대박, 장난 아니다.",하아…,미쳤다…,반응형,,0.03,,,25.0,90.0,50.0,78.0,75.0,0.59999,0.0,66.0,0.0,0.0,0.3631,"대박, 유두는 커져 있어.","대박, 젖꼭지도 딱 섰네.",,40.26,T3,화자·문맥·자연스러움 집중 검토,,58.2701062215478,47.82,P3,말투·질문응답·가독성 위주 검토
ADN-622,사진 대조 1차 교정본,194,"00:28:00,130 --> 00:28:01,630",1.5,미쳤다…,"대박, 장난 아니다.",못 참겠어.,중립·혼합형,,0.03,,,25.0,90.0,50.0,78.0,75.0,0.27279,0.0,66.0,0.0,0.0,0.1557,나온다…,나올 것 같아…,,26.52,T4,구조검사 통과 시 유지,,6.980273141122914,18.31,P4,회귀검사 통과 시 유지
ADN-622,사진 대조 1차 교정본,195,"00:28:03,380 --> 00:28:04,060",0.68,못 참겠어.,미쳤다…,못 참겠다고.,반응형,,0.02,,,25.0,90.0,50.0,78.0,75.0,0.56266,0.0,66.0,0.0,0.0,0.3451,못 울겠어.,목이 막혀요.,사진 장면 확인 및 한국어 번역투·ASR 오역 교정,38.69,T3,화자·문맥·자연스러움 집중 검토,,48.558421851289836,42.83,P3,말투·질문응답·가독성 위주 검토
ADN-622,사진 대조 1차 교정본,196,"00:28:07,080 --> 00:28:08,460",1.38,못 참겠다고.,못 참겠어.,하앙…,중립·혼합형,,0.02,,,25.0,90.0,50.0,78.0,75.0,0.63082,0.0,66.0,0.0,0.0,0.138,못 울겠어.,목이 막혀요.,사진 장면 확인 및 한국어 번역투·ASR 오역 교정,41.55,T3,화자·문맥·자연스러움 집중 검토,,66.61608497723824,52.08,P3,말투·질문응답·가독성 위주 검토
ADN-622,사진 대조 1차 교정본,197,"00:28:23,360 --> 00:28:23,900",0.54,하앙…,못 참겠다고.,괜찮지? 자.,중립·혼합형,,0.04,,,25.0,90.0,50.0,78.0,75.0,0.35849,0.0,66.0,0.0,0.0,0.0653,하아…,보여 줘.,일본어 원문 + 타임스탬프 사진 + 장면 연속성,30.12,T4,구조검사 통과 시 유지,,16.236722306525035,24.29,P4,회귀검사 통과 시 유지
ADN-622,사진 대조 1차 교정본,198,"00:28:32,730 --> 00:28:34,590",1.86,괜찮지? 자.,하앙…,"자, 어서.",반말형,,0.03,,,25.0,90.0,50.0,78.0,75.0,0.4742,0.0,66.0,0.0,0.0,0.4116,잘 자.,조금만 천천히…,타임스탬프 사진으로 장면 불일치 확인 후 재복원,34.98,T4,구조검사 통과 시 유지,,31.41122913505311,33.48,P4,회귀검사 통과 시 유지
ADN-622,사진 대조 1차 교정본,199,"00:28:35,770 --> 00:28:36,370",0.6,"자, 어서.",괜찮지? 자.,너무 기분 좋아…,반응형,,0.03,,,25.0,90.0,50.0,78.0,75.0,0.40343,0.0,66.0,0.0,0.0,0.283,"자, 아~.","자, 아…",,32.0,T4,구조검사 통과 시 유지,,21.547799696509866,27.61,P4,회귀검사 통과 시 유지
ADN-622,사진 대조 1차 교정본,200,"00:28:37,070 --> 00:28:38,290",1.22,너무 기분 좋아…,"자, 어서.","우와, 뜨거워.",반응형,,0.03,,,25.0,90.0,50.0,78.0,75.0,0.34562,0.77,66.0,0.0,0.0,0.6565,아- 기분 좋아…,아… 기분 좋아…,,29.72,T4,구조검사 통과 시 유지,,15.022761760242792,23.55,P4,회귀검사 통과 시 유지
ADN-622,사진 대조 1차 교정본,201,"00:28:40,650 --> 00:28:41,350",0.7,"우와, 뜨거워.",너무 기분 좋아…,뜨겁다.,중립·혼합형,,0.05,,,25.0,90.0,50.0,78.0,75.0,0.32387,0.0,66.0,0.0,0.0,0.6302,"아니, 뜨거워.",몸이 뜨거워.,손상된 일본어 ASR + 타임스탬프 사진 + 앞뒤 문맥 추론,28.66,T4,구조검사 통과 시 유지,,12.670713201820941,21.94,P4,회귀검사 통과 시 유지
ADN-622,사진 대조 1차 교정본,202,"00:28:42,810 --> 00:28:43,130",0.32,뜨겁다.,"우와, 뜨거워.",엄청 기분 좋아.,중립·혼합형,,0.01,,,25.0,90.0,50.0,78.0,75.0,0.20368,0.0,66.0,0.0,0.0,0.1412,"뜨겁게 쑤셔지면,",뜨겁게 쑤셔지면,,23.61,T4,구조검사 통과 시 유지,,2.579666160849772,14.78,P4,회귀검사 통과 시 유지
ADN-622,사진 대조 1차 교정본,203,"00:28:43,370 --> 00:28:44,170",0.8,엄청 기분 좋아.,뜨겁다.,"우와, 뜨거워.",반응형,,0.03,,,25.0,90.0,50.0,78.0,75.0,0.37238,18.21,66.0,0.0,0.0,0.8017,기분 좋아.,"아, 좋아.",화면 영문 자막 대조,33.98,T4,구조검사 통과 시 유지,,28.224582701062218,31.56,P4,회귀검사 통과 시 유지
ADN-622,사진 대조 1차 교정본,204,"00:28:48,410 --> 00:28:53,110",4.7,"우와, 뜨거워.",엄청 기분 좋아.,엄청 기분 좋아.,중립·혼합형,,0.01,,,25.0,90.0,50.0,78.0,75.0,0.35185,0.0,66.0,0.0,0.0,0.6302,"아니, 뜨거워.",몸이 뜨거워.,손상된 일본어 ASR + 타임스탬프 사진 + 앞뒤 문맥 추론,29.84,T4,구조검사 통과 시 유지,,15.326251896813353,23.74,P4,회귀검사 통과 시 유지
ADN-622,사진 대조 1차 교정본,205,"00:28:55,250 --> 00:28:56,470",1.22,엄청 기분 좋아.,"우와, 뜨거워.",그렇구나.,반응형,,0.05,,,25.0,90.0,50.0,78.0,75.0,0.43658,18.21,66.0,0.0,0.0,0.8017,기분 좋아.,"아, 좋아.",화면 영문 자막 대조,36.67,T3,화자·문맥·자연스러움 집중 검토,,38.23975720789075,37.33,P4,회귀검사 통과 시 유지
ADN-622,사진 대조 1차 교정본,206,"00:29:21,760 --> 00:29:22,540",0.78,그렇구나.,엄청 기분 좋아.,열심히 해봐…,중립·혼합형,,0.04,,,25.0,90.0,50.0,78.0,75.0,0.44594,42.0,66.0,0.0,0.0,1.0,그렇구나.,손 정말 잘 쓰네.,일본어 원문 + 타임스탬프 사진 + 장면 연속성,41.35,T3,화자·문맥·자연스러움 집중 검토,,65.55386949924127,51.52,P3,말투·질문응답·가독성 위주 검토
ADN-622,사진 대조 1차 교정본,207,"00:29:24,440 --> 00:29:25,720",1.28,열심히 해봐…,그렇구나.,기분 좋은 건 마찬가지잖아.,반말형,,0.04,,,25.0,90.0,50.0,78.0,75.0,0.61087,0.0,66.0,0.0,0.0,0.3394,열심히 하겠습니다.,힘내 볼게요.,,40.72,T3,화자·문맥·자연스러움 집중 검토,,61.077389984825494,49.27,P3,말투·질문응답·가독성 위주 검토
ADN-622,사진 대조 1차 교정본,208,"00:30:11,910 --> 00:30:13,470",1.56,기분 좋은 건 마찬가지잖아.,열심히 해봐…,이대로 가 버릴 것 같아.,반응형,,0.01,,,25.0,90.0,50.0,78.0,75.0,0.80104,0.0,66.0,0.0,0.0,0.2401,고환도 마찬가지야. 이쪽도 전부 제대로 빨아.,불알도 똑같이. 여기도 제대로 빨아.,,48.7,T3,화자·문맥·자연스러움 집중 검토,,94.68892261001517,68.02,P2,앞뒤 5블록·사진·오류 기억을 함께 검토
ADN-622,사진 대조 1차 교정본,209,"00:30:16,790 --> 00:30:17,990",1.2,이대로 가 버릴 것 같아.,기분 좋은 건 마찬가지잖아.,손가락 움직이는 게 느껴져.,반응형,,0.01,,,25.0,90.0,50.0,78.0,75.0,0.67185,0.0,66.0,0.0,0.0,0.5517,"싸버릴 것 같아, 싸 버릴 것 같아.","싸 버릴 것 같아, 싸 버릴 것 같아.",,43.28,T3,화자·문맥·자연스러움 집중 검토,,75.41729893778452,56.78,P3,말투·질문응답·가독성 위주 검토
ADN-622,사진 대조 1차 교정본,210,"00:30:18,770 --> 00:30:21,990",3.22,손가락 움직이는 게 느껴져.,이대로 가 버릴 것 같아.,얼굴 좀 보여 줘.,중립·혼합형,,0.03,,,25.0,90.0,50.0,78.0,79.0,0.81786,0.0,66.0,0.0,0.0,0.3065,위아래로 움직이는 느낌...,위아래로 움직이는 느낌…,,49.65,T3,화자·문맥·자연스러움 집중 검토,,96.20637329286798,69.2,P2,앞뒤 5블록·사진·오류 기억을 함께 검토
ADN-622,사진 대조 1차 교정본,211,"00:30:38,480 --> 00:30:39,200",0.72,얼굴 좀 보여 줘.,손가락 움직이는 게 느껴져.,가 버릴 것 같으면 말해 줘…,중립·혼합형,,0.02,,,25.0,90.0,50.0,78.0,75.0,0.61019,0.0,66.0,0.0,0.0,0.555,얼굴 좀 보여줘 봐.,얼굴 좀 보여 줘 봐.,,40.69,T3,화자·문맥·자연스러움 집중 검토,,60.849772382397575,49.16,P3,말투·질문응답·가독성 위주 검토
ADN-622,사진 대조 1차 교정본,212,"00:31:08,310 --> 00:31:10,850",2.54,가 버릴 것 같으면 말해 줘…,얼굴 좀 보여 줘.,대박…,반말형,,0.01,,,25.0,90.0,50.0,78.0,75.0,0.69364,0.0,66.0,0.0,0.0,0.3011,"싸버릴 것 같아, 싸 버릴 것 같아.","싸 버릴 것 같아, 싸 버릴 것 같아.",,44.19,T3,화자·문맥·자연스러움 집중 검토,,79.36267071320182,58.96,P2,앞뒤 5블록·사진·오류 기억을 함께 검토
ADN-622,사진 대조 1차 교정본,213,"00:31:16,780 --> 00:31:17,220",0.44,대박…,가 버릴 것 같으면 말해 줘…,갈 것 같아.,중립·혼합형,,0.02,,,25.0,90.0,50.0,78.0,75.0,0.24366,0.0,66.0,0.0,0.0,0.1825,오~ 대박 대박 대박. 장난 아니네.,오… 대박 대박 대박. 장난 아니네.,,25.29,T4,구조검사 통과 시 유지,,4.552352048558421,16.58,P4,회귀검사 통과 시 유지
ADN-622,사진 대조 1차 교정본,214,"00:31:17,220 --> 00:31:17,420",0.2,갈 것 같아.,대박…,으응…,반응형,,0.02,,,25.0,90.0,50.0,78.0,75.0,0.44223,42.0,66.0,55.0,0.0,1.0,갈 것 같아.,진짜 갈 것 같아.,일본어 원문 대조 + 자연스러운 한국어 대사 교정,46.69,T3,화자·문맥·자연스러움 집중 검토,high_cps,88.1638846737481,64.11,P2,앞뒤 5블록·사진·오류 기억을 함께 검토
ADN-622,사진 대조 1차 교정본,215,"00:31:17,500 --> 00:31:18,860",1.36,으응…,갈 것 같아.,"오, 대단해.",반응형,,0.0,,,25.0,90.0,50.0,78.0,75.0,0.33332,0.0,66.0,0.0,0.0,0.2352,으응...,으응…,,29.06,T4,구조검사 통과 시 유지,,13.429438543247343,22.5,P4,회귀검사 통과 시 유지
ADN-622,사진 대조 1차 교정본,216,"00:31:22,330 --> 00:31:23,570",1.24,"오, 대단해.",으응…,"더, 더 빨아 줘.",반말형,,0.03,,,25.0,90.0,50.0,78.0,75.0,0.69108,42.0,66.0,0.0,0.0,1.0,"오, 대단해.","와, 진짜 대단해.",일본어 원문 + 타임스탬프 사진 + 장면 연속성,51.65,T3,화자·문맥·자연스러움 집중 검토,,98.63429438543247,71.38,P2,앞뒤 5블록·사진·오류 기억을 함께 검토
ADN-622,사진 대조 1차 교정본,217,"00:31:32,950 --> 00:31:36,210",3.26,"더, 더 빨아 줘.","오, 대단해.","아직 안 돼, 아직이라니까…",반응형,,0.05,,,25.0,90.0,50.0,78.0,75.0,0.75179,0.0,66.0,0.0,0.0,0.5811,"더, 더 핥게 해 줘.","더 깊이, 더 깨끗이 핥아.",사진 장면 확인 및 한국어 번역투·ASR 오역 교정,46.64,T3,화자·문맥·자연스러움 집중 검토,,87.86039453717754,63.95,P2,앞뒤 5블록·사진·오류 기억을 함께 검토
ADN-622,사진 대조 1차 교정본,218,"00:32:25,640 --> 00:32:28,360",2.72,"아직 안 돼, 아직이라니까…","더, 더 빨아 줘.","으음, 으음…",반응형,,0.04,,,25.0,90.0,50.0,78.0,75.0,0.73098,0.0,66.0,0.0,0.0,0.227,"아직, 아직 잘 거지?",아직 갈 수 있지?,사진 장면 확인 및 한국어 번역투·ASR 오역 교정,45.76,T3,화자·문맥·자연스러움 집중 검토,,84.44613050075873,62.01,P2,앞뒤 5블록·사진·오류 기억을 함께 검토
ADN-622,사진 대조 1차 교정본,219,"00:32:50,960 --> 00:33:29,290",38.33,"으음, 으음…","아직 안 돼, 아직이라니까…","하아, 힘들어…",반응형,,0.04,,,25.0,90.0,50.0,78.0,75.0,0.42033,0.0,66.0,0.0,0.0,0.6089,"으음, 으음...","으음, 으음…",,32.71,T4,구조검사 통과 시 유지,,24.12746585735964,29.11,P4,회귀검사 통과 시 유지
ADN-622,사진 대조 1차 교정본,220,"00:33:34,860 --> 00:33:38,400",3.54,"하아, 힘들어…","으음, 으음…","네 잘못이야. 그러니 이 정도는 당연하지.
- 미안해, 용서해 줘. - 아직 부족해. 그만해.",반응형,,0.04,,,25.0,90.0,50.0,78.0,75.0,0.56357,0.0,66.0,0.0,0.0,0.6156,숨쉬기 힘들어…,하아… 숨이 안 쉬어져.,손상된 일본어 ASR + 타임스탬프 사진 + 앞뒤 문맥 추론,38.73,T3,화자·문맥·자연스러움 집중 검토,,48.861911987860395,42.99,P3,말투·질문응답·가독성 위주 검토
ADN-622,사진 대조 1차 교정본,221,"00:34:28,190 --> 00:35:00,350",32.16,"네 잘못이야. 그러니 이 정도는 당연하지.
- 미안해, 용서해 줘. - 아직 부족해. 그만해.","하아, 힘들어…",네 잘못이야.,반말형,,0.01,,,25.0,90.0,72.0,78.0,75.0,0.84659,0.0,66.0,0.0,0.0,0.3821,당연하지.,그럼 같이 닦자.,타임스탬프 사진과 앞뒤 장면으로 대사 기능 복원,50.62,T3,화자·문맥·자연스러움 집중 검토,,97.57207890743551,70.34,P2,앞뒤 5블록·사진·오류 기억을 함께 검토
ADN-622,사진 대조 1차 교정본,222,"00:35:12,120 --> 00:35:13,540",1.42,네 잘못이야.,"네 잘못이야. 그러니 이 정도는 당연하지.
- 미안해, 용서해 줘. - 아직 부족해. 그만해.",전혀 부족하니까.,반말형,,0.02,,,25.0,90.0,50.0,78.0,75.0,0.51793,0.0,66.0,0.0,0.0,0.1779,유두 말이야.,젖꼭지 말이야.,,36.81,T3,화자·문맥·자연스러움 집중 검토,,38.998482549317146,37.73,P4,회귀검사 통과 시 유지
ADN-622,사진 대조 1차 교정본,223,"00:35:39,380 --> 00:35:41,120",1.74,전혀 부족하니까.,네 잘못이야.,네 잘못이라고.,중립·혼합형,,0.02,,,25.0,90.0,50.0,78.0,79.0,0.68343,0.0,66.0,0.0,0.0,0.542,응. 전혀 부족하니까 갈아입고 올게.,아직 부족하니까 갈아입고 올게.,사진 장면 확인 및 한국어 번역투·ASR 오역 교정,44.0,T3,화자·문맥·자연스러움 집중 검토,,78.60394537177542,58.53,P2,앞뒤 5블록·사진·오류 기억을 함께 검토
ADN-622,사진 대조 1차 교정본,224,"00:35:42,880 --> 00:35:47,100",4.22,네 잘못이라고.,전혀 부족하니까.,혀 더 내밀어봐.,반말형,,0.02,,,25.0,90.0,50.0,78.0,75.0,0.47486,0.0,66.0,0.0,0.0,0.1199,네 몸은 네가 잘 알지.,네 몸은 네가 제일 잘 알지.,일본어 원문 대조 + 자연스러운 한국어 대사 교정,35.0,T3,화자·문맥·자연스러움 집중 검토,,31.56297420333839,33.56,P4,회귀검사 통과 시 유지
ADN-622,사진 대조 1차 교정본,225,"00:35:54,170 --> 00:35:55,490",1.32,혀 더 내밀어봐.,네 잘못이라고.,미안하다고 할 거면 혀 내밀어봐.,반응형,,0.03,,,25.0,90.0,50.0,78.0,79.0,0.74667,0.0,66.0,0.0,0.0,0.5628,"자, 혀를 조금 내밀어봐...","자, 혀를 조금 내밀어봐…",,46.66,T3,화자·문맥·자연스러움 집중 검토,,88.01213960546282,64.03,P2,앞뒤 5블록·사진·오류 기억을 함께 검토
ADN-622,사진 대조 1차 교정본,226,"00:35:58,850 --> 00:36:01,530",2.68,미안하다고 할 거면 혀 내밀어봐.,혀 더 내밀어봐.,응.,반응형,,0.05,,,25.0,90.0,50.0,78.0,79.0,0.86645,0.0,66.0,0.0,0.0,0.3787,"자, 혀를 조금 내밀어봐...","자, 혀를 조금 내밀어봐…",,51.69,T3,화자·문맥·자연스러움 집중 검토,,98.78603945371776,71.47,P2,앞뒤 5블록·사진·오류 기억을 함께 검토
ADN-622,사진 대조 1차 교정본,227,"00:36:03,930 --> 00:36:04,210",0.28,응.,미안하다고 할 거면 혀 내밀어봐.,빨아봐.,반응형,,0.03,,,25.0,90.0,50.0,78.0,75.0,0.34875,0.0,66.0,0.0,0.0,0.5168,"하-, 응.",하아… 응.,,29.71,T4,구조검사 통과 시 유지,,14.87101669195751,23.48,P4,회귀검사 통과 시 유지
ADN-622,사진 대조 1차 교정본,228,"00:36:18,480 --> 00:36:20,180",1.7,빨아봐.,응.,"기분 좋아, 기분 좋아.",반응형,,0.02,,,25.0,90.0,50.0,78.0,75.0,0.21837,0.0,66.0,0.0,0.0,0.1712,잘 빨아?,더 빨고 싶어?,일본어 원문 대조 + 자연스러운 한국어 대사 교정,24.23,T4,구조검사 통과 시 유지,,3.1866464339908953,15.39,P4,회귀검사 통과 시 유지
ADN-622,사진 대조 1차 교정본,229,"00:36:31,810 --> 00:36:35,390",3.58,"기분 좋아, 기분 좋아.",빨아봐.,느끼고 계시네요.,반응형,,0.01,,,25.0,90.0,50.0,78.0,75.0,0.37755,20.02,66.0,0.0,0.0,0.8169,기분 좋아.,"아, 좋아.",화면 영문 자막 대조,34.52,T4,구조검사 통과 시 유지,,29.438543247344462,32.39,P4,회귀검사 통과 시 유지
ADN-622,사진 대조 1차 교정본,230,"00:36:35,870 --> 00:36:36,630",0.76,느끼고 계시네요.,"기분 좋아, 기분 좋아.",기분 좋아 미치겠어요.,반말형,,0.03,,,25.0,90.0,50.0,78.0,75.0,0.27549,0.0,66.0,0.0,0.0,0.4592,느끼고 있어.,좋아하고 있어.,,26.63,T4,구조검사 통과 시 유지,,7.435508345978755,18.57,P4,회귀검사 통과 시 유지
ADN-622,사진 대조 1차 교정본,231,"00:36:36,630 --> 00:36:37,770",1.14,기분 좋아 미치겠어요.,느끼고 계시네요.,이제 용서해 줘.,반응형,,0.03,,,25.0,90.0,50.0,78.0,75.0,0.44786,0.0,66.0,0.0,0.0,0.2573,기분 좋아.,"아, 좋아.",화면 영문 자막 대조,33.87,T4,구조검사 통과 시 유지,,27.921092564491655,31.37,P4,회귀검사 통과 시 유지
ADN-622,사진 대조 1차 교정본,232,"00:36:42,360 --> 00:36:43,940",1.58,이제 용서해 줘.,기분 좋아 미치겠어요.,이제 안 멈춰.,반말형,,0.04,,,25.0,90.0,50.0,78.0,75.0,0.4287,0.0,66.0,0.0,0.0,0.253,좀 더 해 줘.,보여?,일본어 원문 + 타임스탬프 사진 + 장면 연속성,33.07,T4,구조검사 통과 시 유지,,25.569044006069802,29.92,P4,회귀검사 통과 시 유지
ADN-622,사진 대조 1차 교정본,233,"00:36:50,650 --> 00:36:57,630",6.98,이제 안 멈춰.,이제 용서해 줘.,미안해.,중립·혼합형,,0.05,,,25.0,90.0,50.0,78.0,75.0,0.52633,0.0,66.0,0.0,0.0,0.2844,이제 안 할게.,이제 안 애태울게.,,37.17,T3,화자·문맥·자연스러움 집중 검토,,40.819423368740516,38.7,P4,회귀검사 통과 시 유지
ADN-622,사진 대조 1차 교정본,234,"00:37:08,560 --> 00:37:09,920",1.36,미안해.,이제 안 멈춰.,기분 좋아 죽겠어요.,반말형,,0.04,,,25.0,90.0,50.0,78.0,75.0,0.23889,18.74,66.0,0.0,0.0,0.8061,아... 미안해.,아… 미안해.,,28.47,T4,구조검사 통과 시 유지,,11.836115326251896,21.48,P4,회귀검사 통과 시 유지
ADN-622,사진 대조 1차 교정본,235,"00:37:12,940 --> 00:37:15,620",2.68,기분 좋아 죽겠어요.,미안해.,엄청 빨라.,반응형,,0.04,,,25.0,90.0,50.0,78.0,75.0,0.63071,0.0,66.0,0.0,0.0,0.2829,기분 좋아.,"아, 좋아.",화면 영문 자막 대조,41.55,T3,화자·문맥·자연스러움 집중 검토,,66.61608497723824,52.08,P3,말투·질문응답·가독성 위주 검토
ADN-622,사진 대조 1차 교정본,236,"00:37:33,150 --> 00:37:34,690",1.54,엄청 빨라.,기분 좋아 죽겠어요.,"아, 대박. 너무 기분 좋아.",중립·혼합형,,0.05,,,25.0,90.0,50.0,78.0,75.0,0.2917,0.0,66.0,0.0,0.0,0.2369,진짜 엄청 좋아...,진짜 엄청 좋아…,,27.31,T4,구조검사 통과 시 유지,,9.104704097116842,19.66,P4,회귀검사 통과 시 유지
ADN-622,사진 대조 1차 교정본,237,"00:37:34,790 --> 00:37:40,190",5.4,"아, 대박. 너무 기분 좋아.",엄청 빨라.,"아, 끝내준다.",반응형,,0.01,,,25.0,90.0,50.0,78.0,75.0,0.47669,10.24,66.0,0.0,0.0,0.7354,아~ 대박. 기분 좋아.,아… 대박. 기분 좋아.,,36.93,T3,화자·문맥·자연스러움 집중 검토,,39.60546282245827,38.05,P4,회귀검사 통과 시 유지
ADN-622,사진 대조 1차 교정본,238,"00:37:42,170 --> 00:37:43,070",0.9,"아, 끝내준다.","아, 대박. 너무 기분 좋아.","시끄러워, 조용히 해.",반응형,,0.03,,,25.0,90.0,50.0,78.0,75.0,0.32256,0.0,66.0,0.0,0.0,0.2996,"아, 아, 아, 아, 아, 아, 아,","아, 아, 아, 아, 아, 아, 아",,28.61,T4,구조검사 통과 시 유지,,12.291350531107739,21.76,P4,회귀검사 통과 시 유지
ADN-622,사진 대조 1차 교정본,239,"00:38:08,580 --> 00:38:12,220",3.64,"시끄러워, 조용히 해.","아, 끝내준다.",미안해.,반말형,,0.02,,,25.0,90.0,50.0,78.0,75.0,0.64134,0.0,66.0,0.0,0.0,0.4183,시끄러워.,넣고 싶어.,,42.0,T3,화자·문맥·자연스러움 집중 검토,,68.43702579666162,53.1,P3,말투·질문응답·가독성 위주 검토
ADN-622,사진 대조 1차 교정본,240,"00:38:15,080 --> 00:38:15,760",0.68,미안해.,"시끄러워, 조용히 해.",엄마 행세 하지 마. 의미 없으니까.,반말형,,0.02,,,25.0,90.0,50.0,78.0,75.0,0.46643,18.74,66.0,0.0,0.0,0.8061,아... 미안해.,아… 미안해.,,38.02,T3,화자·문맥·자연스러움 집중 검토,,45.068285280728375,40.98,P3,말투·질문응답·가독성 위주 검토
ADN-622,사진 대조 1차 교정본,241,"00:38:16,100 --> 00:38:18,580",2.48,엄마 행세 하지 마. 의미 없으니까.,미안해.,"아, 박게 해 줘. 하게 해 줘.",반말형,,0.0,,,25.0,90.0,50.0,78.0,75.0,0.86305,0.0,66.0,0.0,0.0,0.3921,하지 마.,잠깐만.,손상된 일본어 ASR + 타임스탬프 사진 + 앞뒤 문맥 추론,51.31,T3,화자·문맥·자연스러움 집중 검토,,98.33080424886191,71.06,P2,앞뒤 5블록·사진·오류 기억을 함께 검토
ADN-622,사진 대조 1차 교정본,242,"00:38:27,330 --> 00:38:30,370",3.04,"아, 박게 해 줘. 하게 해 줘.",엄마 행세 하지 마. 의미 없으니까.,"미안해, 잘못했어.",반말형,,0.03,,,25.0,90.0,50.0,78.0,75.0,0.82448,0.0,66.0,0.0,0.0,0.4814,좀 더 해 줘.,보여?,일본어 원문 + 타임스탬프 사진 + 장면 연속성,49.69,T3,화자·문맥·자연스러움 집중 검토,,96.35811836115326,69.29,P2,앞뒤 5블록·사진·오류 기억을 함께 검토
ADN-622,사진 대조 1차 교정본,243,"00:38:30,490 --> 00:38:32,770",2.28,"미안해, 잘못했어.","아, 박게 해 줘. 하게 해 줘.","- 하게 해달라고.
- 미안해…",반응형,,0.01,,,25.0,90.0,50.0,78.0,75.0,0.58912,0.0,66.0,0.0,0.0,0.4547,"하지 마. 미안, 미안해, 미안해.","잠깐만. 미안, 미안해.",일본어 원문 대조 + 자연스러운 한국어 대사 교정,39.8,T3,화자·문맥·자연스러움 집중 검토,,55.38694992412747,46.35,P3,말투·질문응답·가독성 위주 검토
ADN-622,사진 대조 1차 교정본,244,"00:38:32,770 --> 00:38:34,930",2.16,"- 하게 해달라고.
- 미안해…","미안해, 잘못했어.","안 돼, 유우 군…",반말형,,0.03,,,25.0,90.0,72.0,78.0,75.0,0.26433,0.0,66.0,0.0,0.0,0.2317,"하지 마. 미안, 미안해, 미안해.","잠깐만. 미안, 미안해.",일본어 원문 대조 + 자연스러운 한국어 대사 교정,26.16,T4,구조검사 통과 시 유지,,6.373292867981791,17.85,P4,회귀검사 통과 시 유지
ADN-622,사진 대조 1차 교정본,245,"00:38:45,080 --> 00:38:46,620",1.54,"안 돼, 유우 군…","- 하게 해달라고.
- 미안해…",가 버려…,중립·혼합형,,0.02,,,25.0,90.0,50.0,78.0,75.0,0.56882,0.0,66.0,0.0,0.0,0.3218,"안 돼, 그만해.","배 아파, 그만해.",,38.95,T3,화자·문맥·자연스러움 집중 검토,,49.6206373292868,43.43,P3,말투·질문응답·가독성 위주 검토
ADN-622,사진 대조 1차 교정본,246,"00:38:49,080 --> 00:38:51,440",2.36,가 버려…,"안 돼, 유우 군…",가 버려.,중립·혼합형,,0.02,,,25.0,90.0,50.0,78.0,75.0,0.41293,0.0,66.0,0.0,0.0,0.1786,졸려… 기분 좋아…,졸려… 그래도 기분 좋아…,일본어 원문 대조 + 자연스러운 한국어 대사 교정,32.4,T4,구조검사 통과 시 유지,,22.91350531107739,28.42,P4,회귀검사 통과 시 유지
ADN-622,사진 대조 1차 교정본,247,"00:38:57,840 --> 00:38:58,980",1.14,가 버려.,가 버려…,안 돼!,중립·혼합형,,0.04,,,25.0,90.0,50.0,78.0,75.0,0.55232,4.21,66.0,0.0,0.0,0.6851,젖어 버려.,다리에 힘이 풀려.,일본어 원문 + 타임스탬프 사진 + 장면 연속성,39.02,T3,화자·문맥·자연스러움 집중 검토,,50.22761760242792,43.73,P3,말투·질문응답·가독성 위주 검토
ADN-622,사진 대조 1차 교정본,248,"00:39:05,660 --> 00:39:08,520",2.86,안 돼!,가 버려.,그것만은 정말 안 돼.,중립·혼합형,,0.04,,,25.0,90.0,50.0,78.0,75.0,0.30323,42.0,66.0,0.0,0.0,1.0,안 돼!,아… 또 갈 것 같아…,타임스탬프 사진으로 장면 불일치 확인 후 재복원,35.36,T3,화자·문맥·자연스러움 집중 검토,,32.47344461305007,34.15,P4,회귀검사 통과 시 유지
ADN-622,사진 대조 1차 교정본,249,"00:39:08,860 --> 00:39:10,640",1.78,그것만은 정말 안 돼.,안 돼!,절대로 싫어!,중립·혼합형,,0.04,,,25.0,90.0,50.0,78.0,75.0,0.57942,0.0,66.0,0.0,0.0,0.3941,안 돼.,"네, 놀랐어요.",타임스탬프 사진과 앞뒤 장면으로 대사 기능 복원,39.4,T3,화자·문맥·자연스러움 집중 검토,,53.186646433990894,45.19,P3,말투·질문응답·가독성 위주 검토
ADN-622,사진 대조 1차 교정본,250,"00:39:11,080 --> 00:39:15,200",4.12,절대로 싫어!,그것만은 정말 안 돼.,"안 돼, 싫어, 싫어…",반응형,,0.02,,,25.0,90.0,50.0,78.0,75.0,0.19464,0.0,66.0,0.0,0.0,0.1643,절대 귀엽잖아.,분명 귀여울 텐데.,,23.23,T4,구조검사 통과 시 유지,,2.12443095599393,14.37,P4,회귀검사 통과 시 유지
ADN-622,사진 대조 1차 교정본,251,"00:39:15,200 --> 00:39:18,100",2.9,"안 돼, 싫어, 싫어…",절대로 싫어!,"아, 아, 아, 아, 아…",반응형,,0.0,,,25.0,90.0,50.0,78.0,75.0,0.2819,0.0,66.0,0.0,0.0,0.4569,"싫어, 아… 아… 아…",싫어… 아… 아…,일본어 원문 대조 + 자연스러운 한국어 대사 교정,26.9,T4,구조검사 통과 시 유지,,8.49772382397572,19.17,P4,회귀검사 통과 시 유지
ADN-622,사진 대조 1차 교정본,252,"00:39:18,100 --> 00:39:58,520",40.42,"아, 아, 아, 아, 아…","안 돼, 싫어, 싫어…",나와버렸어.,반응형,,0.0,,,25.0,90.0,50.0,78.0,75.0,0.32284,65.82,66.0,0.0,0.0,0.9985,"아, 아, 아, 아…","아, 아, 아…",일본어 원문 대조 + 자연스러운 한국어 대사 교정,40.47,T3,화자·문맥·자연스러움 집중 검토,token_repetition,59.63581183611532,48.52,P3,말투·질문응답·가독성 위주 검토
ADN-622,사진 대조 1차 교정본,253,"00:39:58,520 --> 00:39:59,560",1.04,나와버렸어.,"아, 아, 아, 아, 아…",유우를 낳은 어머니.,반응형,,0.02,,,25.0,90.0,50.0,78.0,75.0,0.29165,0.0,66.0,0.0,0.0,0.3988,"아, 가 버렸어.",끈이 아직 남아 있어요.,일본어 원문 + 타임스탬프 사진 + 장면 연속성,27.31,T4,구조검사 통과 시 유지,,9.104704097116842,19.66,P4,회귀검사 통과 시 유지
ADN-622,사진 대조 1차 교정본,254,"00:40:30,040 --> 00:40:32,220",2.18,유우를 낳은 어머니.,나와버렸어.,병원에서 죽었다고 해 뒀지만 그건 거짓말이야.,반응형,,0.04,,,25.0,90.0,50.0,78.0,75.0,0.7095,0.0,66.0,0.0,0.0,0.1454,"어머니, 핥아본 적 없지...",보지 핥아본 적 없지…,,44.86,T3,화자·문맥·자연스러움 집중 검토,,81.33535660091047,60.18,P2,앞뒤 5블록·사진·오류 기억을 함께 검토
ADN-622,사진 대조 1차 교정본,255,"00:40:33,980 --> 00:40:35,740",1.76,병원에서 죽었다고 해 뒀지만 그건 거짓말이야.,유우를 낳은 어머니.,사실은 남자가 생겨서 도망친 거야.,반말형,,0.02,,,25.0,90.0,50.0,78.0,75.0,0.8253,0.0,66.0,0.0,0.0,0.2007,유두 말이야.,젖꼭지 말이야.,,49.72,T3,화자·문맥·자연스러움 집중 검토,,96.50986342943855,69.37,P2,앞뒤 5블록·사진·오류 기억을 함께 검토
ADN-622,사진 대조 1차 교정본,256,"00:40:37,800 --> 00:40:42,020",4.22,사실은 남자가 생겨서 도망친 거야.,병원에서 죽었다고 해 뒀지만 그건 거짓말이야.,어린 유우를 버려두고…,반말형,,0.0,,,25.0,90.0,50.0,78.0,75.0,0.77103,0.0,66.0,0.0,0.0,0.2411,싫은 거야.,싫어?,일본어 원문 대조 + 자연스러운 한국어 대사 교정,47.44,T3,화자·문맥·자연스러움 집중 검토,,89.98482549317147,65.31,P2,앞뒤 5블록·사진·오류 기억을 함께 검토
ADN-622,사진 대조 1차 교정본,257,"00:40:43,020 --> 00:40:46,560",3.54,어린 유우를 버려두고…,사실은 남자가 생겨서 도망친 거야.,"그래서 난 유우가 부족함 없이 크길
바라서 열심히 일했어. 그리고 회사를 키웠지.",반응형,,0.02,,,25.0,90.0,50.0,78.0,75.0,0.6207,0.0,66.0,0.0,0.0,0.137,"싫다면서, 너 어린 딸 냄새가 나잖아.",젊은 애 냄새가 나잖아.,,41.13,T3,화자·문맥·자연스러움 집중 검토,,63.42943854324734,50.5,P3,말투·질문응답·가독성 위주 검토
ADN-622,사진 대조 1차 교정본,258,"00:40:50,660 --> 00:40:58,660",8.0,"그래서 난 유우가 부족함 없이 크길
바라서 열심히 일했어. 그리고 회사를 키웠지.",어린 유우를 버려두고…,"하지만 오히려 외롭게
만들어 버린 거겠지.",반말형,,0.04,,,25.0,90.0,50.0,78.0,75.0,0.79893,0.0,66.0,0.0,0.0,0.1796,그리고 유두.,그리고 젖꼭지도.,,48.62,T3,화자·문맥·자연스러움 집중 검토,,94.08194233687405,67.71,P2,앞뒤 5블록·사진·오류 기억을 함께 검토
ADN-622,사진 대조 1차 교정본,259,"00:41:01,180 --> 00:41:04,800",3.62,"하지만 오히려 외롭게
만들어 버린 거겠지.","그래서 난 유우가 부족함 없이 크길
바라서 열심히 일했어. 그리고 회사를 키웠지.",녀석은 애정에 굶주려 있어.,반말형,,0.02,,,25.0,90.0,50.0,78.0,75.0,0.54092,0.0,66.0,0.0,0.0,0.2095,단차를 만들어 갈게요.,높이를 조금씩 맞춰 갈게요.,,37.78,T3,화자·문맥·자연스러움 집중 검토,,43.62670713201821,40.24,P3,말투·질문응답·가독성 위주 검토
ADN-622,사진 대조 1차 교정본,260,"00:41:06,800 --> 00:41:09,920",3.12,녀석은 애정에 굶주려 있어.,"하지만 오히려 외롭게
만들어 버린 거겠지.","난 줄곧 피해왔기 때문에
어떻게 대해야 할지 모르겠어.",반응형,,0.0,,,25.0,90.0,50.0,78.0,75.0,0.76439,0.0,66.0,0.0,0.0,0.22,뒤에 있어.,뒤쪽도 보여 줘.,일본어 원문 대조 + 자연스러운 한국어 대사 교정,47.16,T3,화자·문맥·자연스러움 집중 검토,,89.37784522003035,64.89,P2,앞뒤 5블록·사진·오류 기억을 함께 검토
ADN-622,사진 대조 1차 교정본,261,"00:41:11,540 --> 00:41:18,320",6.78,"난 줄곧 피해왔기 때문에
어떻게 대해야 할지 모르겠어.",녀석은 애정에 굶주려 있어.,어라?,반말형,,0.04,,,25.0,90.0,50.0,78.0,75.0,0.74639,0.0,66.0,0.0,0.0,0.2322,오늘 왜 이러는지 나도 모르겠어...,오늘 왜 이러는지 나도 모르겠어…,,46.41,T3,화자·문맥·자연스러움 집중 검토,,86.6464339908953,63.31,P2,앞뒤 5블록·사진·오류 기억을 함께 검토
ADN-622,사진 대조 1차 교정본,262,"00:41:39,110 --> 00:41:39,510",0.4,어라?,"난 줄곧 피해왔기 때문에
어떻게 대해야 할지 모르겠어.","나간 줄 알았는데, 아직 있었네?",반응형,,0.01,,,25.0,90.0,50.0,78.0,75.0,0.46267,0.0,66.0,0.0,0.0,0.159,어라... 아...,어라… 아…,,34.49,T4,구조검사 통과 시 유지,,29.286798179059183,32.3,P4,회귀검사 통과 시 유지
ADN-622,사진 대조 1차 교정본,263,"00:41:42,310 --> 00:41:45,890",3.58,"나간 줄 알았는데, 아직 있었네?",어라?,다녀왔어? 어디 갔다 왔어?,반응형,,0.01,,,25.0,90.0,50.0,78.0,75.0,0.65765,0.0,66.0,0.0,0.0,0.2782,괜찮을 줄 알았는데 차갑네...,괜찮을 줄 알았는데 차갑네…,,42.68,T3,화자·문맥·자연스러움 집중 검토,,72.45827010622155,55.19,P3,말투·질문응답·가독성 위주 검토
ADN-622,사진 대조 1차 교정본,264,"00:41:49,080 --> 00:41:51,780",2.7,다녀왔어? 어디 갔다 왔어?,"나간 줄 알았는데, 아직 있었네?",아직도 가족 놀이 계속할 셈이야?,반응형,,0.02,,,25.0,90.0,50.0,78.0,75.0,0.65471,0.0,66.0,0.0,0.0,0.1841,"그러게, 어디 갔지?",완전 비스듬해졌네.,,42.56,T3,화자·문맥·자연스러움 집중 검토,,71.32018209408194,54.64,P3,말투·질문응답·가독성 위주 검토
ADN-622,사진 대조 1차 교정본,265,"00:41:57,330 --> 00:41:59,670",2.34,아직도 가족 놀이 계속할 셈이야?,다녀왔어? 어디 갔다 왔어?,"난 유우 군이랑 진짜
가족이 되고 싶어.",반응형,,0.03,,,25.0,90.0,50.0,78.0,75.0,0.67426,0.0,66.0,0.0,0.0,0.2007,그래도 지금 일을 오래 계속할 수 있도록요.,지금 일을 오래 계속하는 게 목표예요.,사진 장면 확인 및 한국어 번역투·ASR 오역 교정,43.38,T3,화자·문맥·자연스러움 집중 검토,,76.32776934749621,57.22,P3,말투·질문응답·가독성 위주 검토
ADN-622,사진 대조 1차 교정본,266,"00:42:04,140 --> 00:42:09,900",5.76,"난 유우 군이랑 진짜
가족이 되고 싶어.",아직도 가족 놀이 계속할 셈이야?,아빠한테는 비밀이지?,중립·혼합형,,0.04,,,25.0,90.0,50.0,78.0,75.0,0.51951,0.0,66.0,0.0,0.0,0.273,넣고 싶어.,빨리 넣고 싶어.,일본어 원문 대조 + 자연스러운 한국어 대사 교정,36.88,T3,화자·문맥·자연스러움 집중 검토,,39.22610015174507,37.87,P4,회귀검사 통과 시 유지
ADN-622,사진 대조 1차 교정본,267,"00:42:19,360 --> 00:42:21,500",2.14,아빠한테는 비밀이지?,"난 유우 군이랑 진짜
가족이 되고 싶어.","난 엄마로서 유우 군에게
애정을 전하고 싶을 뿐이야.",반응형,,0.04,,,25.0,90.0,50.0,78.0,75.0,0.5067,0.0,66.0,0.0,0.0,0.1675,어느 쪽이지?,어느 쪽부터 할까?,일본어 원문 대조 + 자연스러운 한국어 대사 교정,36.34,T3,화자·문맥·자연스러움 집중 검토,,36.26707132018209,36.31,P4,회귀검사 통과 시 유지
ADN-622,사진 대조 1차 교정본,268,"00:42:29,570 --> 00:42:34,010",4.44,"난 엄마로서 유우 군에게
애정을 전하고 싶을 뿐이야.",아빠한테는 비밀이지?,아빠하고는 안 해?,반말형,,0.03,,,25.0,90.0,50.0,78.0,75.0,0.57874,0.0,66.0,0.0,0.0,0.1079,유두 말이야.,젖꼭지 말이야.,,39.37,T3,화자·문맥·자연스러움 집중 검토,,52.95902883156297,45.08,P3,말투·질문응답·가독성 위주 검토
ADN-622,사진 대조 1차 교정본,269,"00:42:41,140 --> 00:42:42,500",1.36,아빠하고는 안 해?,"난 엄마로서 유우 군에게
애정을 전하고 싶을 뿐이야.",아빠하고는 안 하냐고?,반응형,,0.04,,,25.0,90.0,50.0,78.0,75.0,0.5371,0.0,66.0,0.0,0.0,0.1965,기억해 줬으면 해?,"여기, 기억해 줬으면 해요.",사진 장면 확인 및 한국어 번역투·ASR 오역 교정,37.62,T3,화자·문맥·자연스러움 집중 검토,,42.564491654021246,39.7,P4,회귀검사 통과 시 유지
ADN-622,사진 대조 1차 교정본,270,"00:43:08,990 --> 00:43:12,810",3.82,아빠하고는 안 하냐고?,아빠하고는 안 해?,아빠하고는 안 하냐고?,반응형,,0.01,,,25.0,90.0,50.0,78.0,75.0,0.52334,0.0,66.0,0.0,0.0,0.0863,안 돼.,"네, 놀랐어요.",타임스탬프 사진과 앞뒤 장면으로 대사 기능 복원,37.04,T3,화자·문맥·자연스러움 집중 검토,,40.591805766312596,38.53,P4,회귀검사 통과 시 유지
ADN-622,사진 대조 1차 교정본,271,"00:43:14,670 --> 00:43:16,750",2.08,아빠하고는 안 하냐고?,아빠하고는 안 하냐고?,아빠… 아빠…,반응형,,0.03,,,25.0,90.0,50.0,78.0,75.0,0.57554,0.0,66.0,0.0,0.0,0.0863,안 돼.,"네, 놀랐어요.",타임스탬프 사진과 앞뒤 장면으로 대사 기능 복원,39.23,T3,화자·문맥·자연스러움 집중 검토,,51.66919575113808,44.45,P3,말투·질문응답·가독성 위주 검토
ADN-622,사진 대조 1차 교정본,272,"00:43:20,750 --> 00:43:34,320",13.57,아빠… 아빠…,아빠하고는 안 하냐고?,유우랑 얘기해 봤어?,반응형,,0.05,,,25.0,90.0,50.0,78.0,75.0,0.26965,0.0,66.0,0.0,0.0,0.0979,아빠... 엄마...,아빠… 엄마…,,26.39,T4,구조검사 통과 시 유지,,6.828528072837632,18.17,P4,회귀검사 통과 시 유지
ADN-622,사진 대조 1차 교정본,273,"00:43:48,710 --> 00:43:49,610",0.9,유우랑 얘기해 봤어?,아빠… 아빠…,"아직, 내일 얘기해 볼게.",반응형,,0.01,,,25.0,90.0,50.0,78.0,75.0,0.54871,0.0,66.0,0.0,0.0,0.2209,봤어? 상자가 꽤 비었더라. 끼울게.,상자가 꽤 비었더라. 내가 끼울게.,대화 호흡 정리,38.11,T3,화자·문맥·자연스러움 집중 검토,,45.6752655538695,41.29,P3,말투·질문응답·가독성 위주 검토
ADN-622,사진 대조 1차 교정본,274,"00:43:53,470 --> 00:43:54,950",1.48,"아직, 내일 얘기해 볼게.",유우랑 얘기해 봤어?,"아, 그렇구나.",반응형,,0.03,,,25.0,90.0,50.0,78.0,75.0,0.60595,0.0,66.0,0.0,0.0,0.3737,"아직, 아직 잘 거지?",아직 갈 수 있지?,사진 장면 확인 및 한국어 번역투·ASR 오역 교정,40.51,T3,화자·문맥·자연스러움 집중 검토,,60.24279210925645,48.8,P3,말투·질문응답·가독성 위주 검토
ADN-622,사진 대조 1차 교정본,275,"00:43:56,310 --> 00:43:57,230",0.92,"아, 그렇구나.","아직, 내일 얘기해 볼게.",이제 그만해.,반응형,,0.01,,,25.0,90.0,50.0,78.0,75.0,0.49574,35.55,66.0,0.0,0.0,0.9463,그렇구나.,손 정말 잘 쓰네.,일본어 원문 + 타임스탬프 사진 + 장면 연속성,42.28,T3,화자·문맥·자연스러움 집중 검토,,70.33383915022762,54.06,P3,말투·질문응답·가독성 위주 검토
ADN-622,사진 대조 1차 교정본,276,"00:44:29,760 --> 00:44:30,680",0.92,이제 그만해.,"아, 그렇구나.",아줌마도 이걸 원해서 이러는 거지.,반말형,,0.04,,,25.0,90.0,50.0,78.0,75.0,0.49812,7.1,66.0,0.0,0.0,0.7092,"안 돼, 그만해.","배 아파, 그만해.",,37.26,T3,화자·문맥·자연스러움 집중 검토,,41.274658573596355,38.95,P4,회귀검사 통과 시 유지
ADN-622,사진 대조 1차 교정본,277,"00:44:38,610 --> 00:44:41,270",2.66,아줌마도 이걸 원해서 이러는 거지.,이제 그만해.,더 이상 이러면 아빠한테 말할 거야.,반응형,,0.01,,,25.0,90.0,50.0,78.0,75.0,0.72541,0.0,66.0,0.0,0.0,0.3586,잘 거지.,갈 수 있어.,사진 장면 확인 및 한국어 번역투·ASR 오역 교정,45.53,T3,화자·문맥·자연스러움 집중 검토,,83.76327769347496,61.59,P2,앞뒤 5블록·사진·오류 기억을 함께 검토
ADN-622,사진 대조 1차 교정본,278,"00:44:44,230 --> 00:44:45,890",1.66,더 이상 이러면 아빠한테 말할 거야.,아줌마도 이걸 원해서 이러는 거지.,"학원 빼먹고 친구들이랑
노는 데 돈이 필요해.",반말형,,0.03,,,25.0,90.0,50.0,78.0,75.0,0.74881,0.0,66.0,0.0,0.0,0.2535,싫은 거야.,싫어?,일본어 원문 대조 + 자연스러운 한국어 대사 교정,46.51,T3,화자·문맥·자연스러움 집중 검토,,87.0257966616085,63.53,P2,앞뒤 5블록·사진·오류 기억을 함께 검토
ADN-622,사진 대조 1차 교정본,279,"00:44:48,990 --> 00:44:54,090",5.1,"학원 빼먹고 친구들이랑
노는 데 돈이 필요해.",더 이상 이러면 아빠한테 말할 거야.,"그동안 친구가 없었는데,
돈이 있으면 친하게 지내줘.",반말형,,0.01,,,25.0,90.0,50.0,78.0,79.0,0.7074,0.0,66.0,0.0,0.0,0.1443,솔직히 간절할 정도로 돈이 필요했다.,솔직히 나는 돈이 절실했다.,내레이션 자연화,45.01,T3,화자·문맥·자연스러움 집중 검토,,81.86646433990894,60.49,P2,앞뒤 5블록·사진·오류 기억을 함께 검토
ADN-622,사진 대조 1차 교정본,280,"00:44:56,230 --> 00:45:02,730",6.5,"그동안 친구가 없었는데,
돈이 있으면 친하게 지내줘.","학원 빼먹고 친구들이랑
노는 데 돈이 필요해.","그런 건 친구가 아니야.
더는 안 만나는 게 좋아.",반말형,,0.03,,,25.0,90.0,50.0,78.0,75.0,0.5551,0.0,66.0,0.0,0.0,0.1824,"한 달 동안 같이 지낼 기회가 있으니, 저는 좀 더 친해져서 여러 가지를 함께하고 싶어요. 저와 친하게 지내 줄래요?",한 달 동안 좀 더 친해져서 여러 가지를 함께하고 싶어요. 저와 친하게 지내 줄래요?,화자·문장 구조 정리,38.37,T3,화자·문맥·자연스러움 집중 검토,,47.496206373292864,42.2,P3,말투·질문응답·가독성 위주 검토
ADN-622,사진 대조 1차 교정본,281,"00:45:03,250 --> 00:45:06,550",3.3,"그런 건 친구가 아니야.
더는 안 만나는 게 좋아.","그동안 친구가 없었는데,
돈이 있으면 친하게 지내줘.",그럼 그 녀석들이랑 인연 끊을 테니까.,반말형,,0.05,,,25.0,90.0,50.0,78.0,75.0,0.51004,0.0,66.0,0.0,0.0,0.238,"아, 좋아.","아, 들어온다.",,36.48,T3,화자·문맥·자연스러움 집중 검토,,37.177541729893775,36.77,P4,회귀검사 통과 시 유지
ADN-622,사진 대조 1차 교정본,282,"00:45:14,010 --> 00:45:15,750",1.74,그럼 그 녀석들이랑 인연 끊을 테니까.,"그런 건 친구가 아니야.
더는 안 만나는 게 좋아.",쿠미 씨가 나랑 놀아줘.,중립·혼합형,,0.01,,,25.0,90.0,50.0,78.0,75.0,0.68962,0.0,66.0,0.0,0.0,0.2797,"자, 더 해줄 테니까.","자, 더 해 줄 테니까.",,44.02,T3,화자·문맥·자연스러움 집중 검토,,78.7556904400607,58.61,P2,앞뒤 5블록·사진·오류 기억을 함께 검토
ADN-622,사진 대조 1차 교정본,283,"00:45:17,790 --> 00:45:20,330",2.54,쿠미 씨가 나랑 놀아줘.,그럼 그 녀석들이랑 인연 끊을 테니까.,"자, 빨아 줘.",반응형,,0.01,,,25.0,90.0,50.0,78.0,75.0,0.66133,0.0,66.0,0.0,0.0,0.1702,후와 씨가 이끄는 거예요.,이번에는 후우아 씨가 이끌어 주는 거예요.,이름 및 문장 자연화,42.84,T3,화자·문맥·자연스러움 집중 검토,,73.59635811836115,55.76,P3,말투·질문응답·가독성 위주 검토
ADN-622,사진 대조 1차 교정본,284,"00:45:29,000 --> 00:45:32,620",3.62,"자, 빨아 줘.",쿠미 씨가 나랑 놀아줘.,"오늘은 꼭 학원에 가.
그러면 해 줄게.",반응형,,0.0,,,25.0,90.0,50.0,78.0,75.0,0.6735,0.0,66.0,0.0,0.0,0.2992,"자, 입으로 해줘.","자, 입으로 해 줘.",,43.35,T3,화자·문맥·자연스러움 집중 검토,,76.17602427921094,57.14,P3,말투·질문응답·가독성 위주 검토
ADN-622,사진 대조 1차 교정본,285,"00:45:34,860 --> 00:45:38,600",3.74,"오늘은 꼭 학원에 가.
그러면 해 줄게.","자, 빨아 줘.",엄마인 척 꼴사납게 굴지 마.,반말형,,0.04,,,25.0,90.0,50.0,78.0,75.0,0.71729,0.0,66.0,0.0,0.0,0.2595,내가 잡아 줄게.,목욕하면서…,일본어 원문 + 타임스탬프 사진 + 장면 연속성,45.19,T3,화자·문맥·자연스러움 집중 검토,,82.39757207890743,60.82,P2,앞뒤 5블록·사진·오류 기억을 함께 검토
ADN-622,사진 대조 1차 교정본,286,"00:45:47,730 --> 00:45:49,450",1.72,엄마인 척 꼴사납게 굴지 마.,"오늘은 꼭 학원에 가.
그러면 해 줄게.",다녀왔어.,반말형,,0.03,,,25.0,90.0,50.0,78.0,75.0,0.80435,0.0,66.0,0.0,0.0,0.2218,하지 마.,잠깐만.,손상된 일본어 ASR + 타임스탬프 사진 + 앞뒤 문맥 추론,48.84,T3,화자·문맥·자연스러움 집중 검토,,95.2959028831563,68.35,P2,앞뒤 5블록·사진·오류 기억을 함께 검토
ADN-622,사진 대조 1차 교정본,287,"00:46:25,320 --> 00:46:25,880",0.56,다녀왔어.,엄마인 척 꼴사납게 굴지 마.,"아, 여보 왔어요?",반응형,,0.02,,,25.0,90.0,50.0,78.0,75.0,0.31353,0.0,66.0,0.0,0.0,0.1893,깊이 들어왔어.,엄청 깊이 들어갔어.,손상된 일본어 ASR + 타임스탬프 사진 + 앞뒤 문맥 추론,28.23,T4,구조검사 통과 시 유지,,11.380880121396055,21.15,P4,회귀검사 통과 시 유지
ADN-622,사진 대조 1차 교정본,288,"00:46:26,840 --> 00:46:29,200",2.36,"아, 여보 왔어요?",다녀왔어.,오늘 늦는 거 아니었어요?,반응형,,0.04,,,25.0,90.0,50.0,78.0,75.0,0.42546,0.0,66.0,0.0,0.0,0.2814,"아, 아, 아, 아, 아, 아, 아,","아, 아, 아, 아, 아, 아, 아",,32.93,T4,구조검사 통과 시 유지,,24.88619119878604,29.55,P4,회귀검사 통과 시 유지
ADN-622,사진 대조 1차 교정본,289,"00:46:29,780 --> 00:46:31,320",1.54,오늘 늦는 거 아니었어요?,"아, 여보 왔어요?",잡혀 있던 회의가 미뤄졌어.,반응형,,0.02,,,25.0,90.0,50.0,78.0,75.0,0.51249,0.0,66.0,0.0,0.0,0.2074,대박이다. 장난 아니었어. 엄청나게 좋았어.,대박이었어. 진짜 너무 좋았어.,일본어 원문 대조 + 자연스러운 한국어 대사 교정,36.58,T3,화자·문맥·자연스러움 집중 검토,,37.7845220030349,37.09,P4,회귀검사 통과 시 유지
ADN-622,사진 대조 1차 교정본,290,"00:46:32,320 --> 00:46:34,200",1.88,잡혀 있던 회의가 미뤄졌어.,오늘 늦는 거 아니었어요?,그래요?,반응형,,0.02,,,25.0,90.0,50.0,78.0,79.0,0.74364,0.0,66.0,0.0,0.0,0.2593,예정되었던 회의가 연기됐어.,잡혀 있던 회의가 미뤄졌어.,,46.53,T3,화자·문맥·자연스러움 집중 검토,,87.25341426403642,63.63,P2,앞뒤 5블록·사진·오류 기억을 함께 검토
ADN-622,사진 대조 1차 교정본,291,"00:46:35,140 --> 00:46:35,460",0.32,그래요?,잡혀 있던 회의가 미뤄졌어.,"아, 아직 일이 좀 남아서.",중립·혼합형,,0.04,,,25.0,90.0,50.0,78.0,75.0,0.2133,0.0,66.0,0.0,0.0,0.2211,용기 내어 주실래요?,조금만 더 해 줄래요?,,24.02,T4,구조검사 통과 시 유지,,2.8831562974203337,15.14,P4,회귀검사 통과 시 유지
ADN-622,사진 대조 1차 교정본,292,"00:46:35,920 --> 00:46:37,620",1.7,"아, 아직 일이 좀 남아서.",그래요?,저녁은 천천히 준비해도 돼.,반응형,,0.02,,,25.0,90.0,50.0,78.0,75.0,0.66801,0.0,66.0,0.0,0.0,0.2766,"아, 아, 아, 아, 아, 아, 아,","아, 아, 아, 아, 아, 아, 아",,43.12,T3,화자·문맥·자연스러움 집중 검토,,74.88619119878604,56.46,P3,말투·질문응답·가독성 위주 검토
ADN-622,사진 대조 1차 교정본,293,"00:46:38,180 --> 00:46:39,460",1.28,저녁은 천천히 준비해도 돼.,"아, 아직 일이 좀 남아서.","아, 응. 고마워요.",반말형,,0.02,,,25.0,90.0,50.0,78.0,75.0,0.63492,0.0,66.0,0.0,0.0,0.4564,천천히 하면 돼.,천천히 하면 괜찮아.,일본어 원문 대조 + 자연스러운 한국어 대사 교정,41.73,T3,화자·문맥·자연스러움 집중 검토,,67.60242792109257,52.6,P3,말투·질문응답·가독성 위주 검토
ADN-622,사진 대조 1차 교정본,294,"00:46:39,460 --> 00:46:41,100",1.64,"아, 응. 고마워요.",저녁은 천천히 준비해도 돼.,좋아.,반응형,,0.04,,,25.0,90.0,50.0,78.0,75.0,0.54118,0.0,66.0,0.0,0.0,0.348,고마워.,손으로 잡아 줘.,일본어 원문 + 타임스탬프 사진 + 장면 연속성,37.79,T3,화자·문맥·자연스러움 집중 검토,,43.85432473444613,40.34,P3,말투·질문응답·가독성 위주 검토
ADN-622,사진 대조 1차 교정본,295,"00:46:53,270 --> 00:46:53,630",0.36,좋아.,"아, 응. 고마워요.","아, 유우는?",반응형,,0.03,,,25.0,90.0,50.0,78.0,75.0,0.15096,20.44,66.0,0.0,0.0,0.8203,"아, 좋아.","아, 들어온다.",,25.08,T4,구조검사 통과 시 유지,,4.24886191198786,16.33,P4,회귀검사 통과 시 유지
ADN-622,사진 대조 1차 교정본,296,"00:46:55,150 --> 00:46:56,030",0.88,"아, 유우는?",좋아.,"아, 아직 안 돌아왔어요.",반응형,,0.05,,,25.0,90.0,50.0,78.0,75.0,0.24691,0.0,66.0,0.0,0.0,0.3145,"아, 아, 아, 아, 아, 아, 아,","아, 아, 아, 아, 아, 아, 아",,25.43,T4,구조검사 통과 시 유지,,5.007587253414264,16.85,P4,회귀검사 통과 시 유지
ADN-622,사진 대조 1차 교정본,297,"00:46:56,810 --> 00:46:58,890",2.08,"아, 아직 안 돌아왔어요.","아, 유우는?",오늘 아침에 조금 얘기했으니 오늘은 갔을 거예요.,반응형,,0.01,,,25.0,90.0,50.0,78.0,75.0,0.56694,0.0,66.0,0.0,0.0,0.5467,보너스 장면으로 다시 돌아왔어요.,이번엔 네가 위에서 해 봐.,타임스탬프 사진과 장면 흐름으로 명백한 오인식 교정,38.87,T3,화자·문맥·자연스러움 집중 검토,,49.317147192716234,43.26,P3,말투·질문응답·가독성 위주 검토
ADN-622,사진 대조 1차 교정본,298,"00:46:59,470 --> 00:47:01,330",1.86,오늘 아침에 조금 얘기했으니 오늘은 갔을 거예요.,"아, 아직 안 돌아왔어요.",아마 문제없을 거예요.,존댓말형,,0.03,,,25.0,90.0,50.0,78.0,75.0,0.79986,0.0,66.0,0.0,0.0,0.2222,후와 씨가 이끄는 거예요.,이번에는 후우아 씨가 이끌어 주는 거예요.,이름 및 문장 자연화,48.65,T3,화자·문맥·자연스러움 집중 검토,,94.53717754172989,67.92,P2,앞뒤 5블록·사진·오류 기억을 함께 검토
ADN-622,사진 대조 1차 교정본,299,"00:47:02,110 --> 00:47:03,490",1.38,아마 문제없을 거예요.,오늘 아침에 조금 얘기했으니 오늘은 갔을 거예요.,"아, 그래? 고마워.",반응형,,0.01,,,25.0,90.0,50.0,78.0,75.0,0.63336,0.0,66.0,0.0,0.0,0.3,후와 씨가 이끄는 거예요.,이번에는 후우아 씨가 이끌어 주는 거예요.,이름 및 문장 자연화,41.66,T3,화자·문맥·자연스러움 집중 검토,,67.22306525037936,52.4,P3,말투·질문응답·가독성 위주 검토
ADN-622,사진 대조 1차 교정본,300,"00:47:04,010 --> 00:47:05,930",1.92,"아, 그래? 고마워.",아마 문제없을 거예요.,"어, 왔니?",반응형,,0.01,,,25.0,90.0,50.0,78.0,75.0,0.56185,14.62,66.0,0.0,0.0,0.7719,고마워.,손으로 잡아 줘.,일본어 원문 + 타임스탬프 사진 + 장면 연속성,41.29,T3,화자·문맥·자연스러움 집중 검토,,64.87101669195751,51.19,P3,말투·질문응답·가독성 위주 검토
ADN-622,사진 대조 1차 교정본,301,"00:47:24,320 --> 00:47:25,240",0.92,"어, 왔니?","아, 그래? 고마워.",어라.,반응형,,0.02,,,25.0,90.0,50.0,78.0,75.0,0.49854,0.0,66.0,0.0,0.0,0.2932,"어, 뭐 좀 해 줘.",양치 좀 해 줘.,손상된 일본어 ASR + 타임스탬프 사진 + 앞뒤 문맥 추론,36.0,T3,화자·문맥·자연스러움 집중 검토,,35.58421851289833,35.83,P4,회귀검사 통과 시 유지
ADN-622,사진 대조 1차 교정본,302,"00:47:26,260 --> 00:47:26,520",0.26,어라.,"어, 왔니?",이 시간에 집에 있는 건 의외네요.,반응형,,0.04,,,25.0,90.0,50.0,78.0,75.0,0.20429,0.0,66.0,0.0,0.0,0.429,씻어라.,안 씻었어요.,화면 영문 자막 대조,23.64,T4,구조검사 통과 시 유지,,2.731411229135053,14.86,P4,회귀검사 통과 시 유지
ADN-622,사진 대조 1차 교정본,303,"00:47:27,380 --> 00:47:29,120",1.74,이 시간에 집에 있는 건 의외네요.,어라.,일정이 취소됐단다.,반말형,,0.02,,,25.0,90.0,50.0,78.0,75.0,0.63063,0.0,66.0,0.0,0.0,0.1566,집에 가족이 있을 때는 조심해야 해요.,집에 가족이 있을 땐 조심해야 해요.,마지막 조언 문장 자연화,41.55,T3,화자·문맥·자연스러움 집중 검토,,66.61608497723824,52.08,P3,말투·질문응답·가독성 위주 검토
ADN-622,사진 대조 1차 교정본,304,"00:47:30,000 --> 00:47:31,200",1.2,일정이 취소됐단다.,이 시간에 집에 있는 건 의외네요.,오랜만에 셋이서 밥 먹겠네.,중립·혼합형,,0.0,,,25.0,90.0,50.0,78.0,75.0,0.38941,0.0,66.0,0.0,0.0,0.4674,일정이 취소되었단다.,일정이 취소됐단다.,,31.42,T4,구조검사 통과 시 유지,,19.499241274658573,26.41,P4,회귀검사 통과 시 유지
ADN-622,사진 대조 1차 교정본,305,"00:47:31,640 --> 00:47:33,040",1.4,오랜만에 셋이서 밥 먹겠네.,일정이 취소됐단다.,그렇네요.,반말형,,0.04,,,25.0,90.0,50.0,78.0,75.0,0.56901,0.0,66.0,0.0,0.0,0.2572,셋이서?,앞으로도.,타임스탬프 사진으로 장면 불일치 확인 후 재복원,38.96,T3,화자·문맥·자연스러움 집중 검토,,49.77238239757208,43.5,P3,말투·질문응답·가독성 위주 검토
ADN-622,사진 대조 1차 교정본,306,"00:47:34,920 --> 00:47:35,280",0.36,그렇네요.,오랜만에 셋이서 밥 먹겠네.,나 오늘 학원 잘 다녀왔어.,반말형,,0.02,,,25.0,90.0,50.0,78.0,75.0,0.29254,0.0,66.0,0.0,0.0,0.302,이 건물 안에 있나 봐요. 그렇네요. 저쪽에 엘리베이터가 있고 위로 올라가면 수족관에 펭귄이 있어요. 저 펭귄 정말 좋아해요.,건물 안으로 들어가 엘리베이터를 타면 위층에 수족관이 있어요. 저는 펭귄을 좋아해요.,사진 장면 확인 및 한국어 번역투·ASR 오역 교정,27.35,T4,구조검사 통과 시 유지,,9.559939301972687,19.88,P4,회귀검사 통과 시 유지
ADN-622,사진 대조 1차 교정본,307,"00:48:38,340 --> 00:48:40,320",1.98,나 오늘 학원 잘 다녀왔어.,그렇네요.,아침에…,반응형,,0.04,,,25.0,90.0,50.0,78.0,75.0,0.64243,0.0,66.0,0.0,0.0,0.1675,오늘 진짜 엄청 했네.,오늘 진짜 실컷 했네.,일본어 원문 대조 + 자연스러운 한국어 대사 교정,42.04,T3,화자·문맥·자연스러움 집중 검토,,69.27162367223065,53.48,P3,말투·질문응답·가독성 위주 검토
ADN-622,사진 대조 1차 교정본,308,"00:48:42,430 --> 00:48:42,790",0.36,아침에…,나 오늘 학원 잘 다녀왔어.,응.,반응형,,0.03,,,25.0,90.0,50.0,78.0,75.0,0.23762,0.0,66.0,0.0,0.0,0.2303,뭐? 아침에 졸려? 하고 바로…,뭐? 아침부터 졸리다고 해 놓고…,사진 장면 확인 및 한국어 번역투·ASR 오역 교정,25.04,T4,구조검사 통과 시 유지,,4.09711684370258,16.24,P4,회귀검사 통과 시 유지
ADN-622,사진 대조 1차 교정본,309,"00:48:43,350 --> 00:48:43,550",0.2,응.,아침에…,오늘 아침에 약속했잖아.,반응형,,0.05,,,25.0,90.0,50.0,78.0,75.0,0.29854,0.0,66.0,0.0,0.0,0.5168,"하-, 응.",하아… 응.,,27.6,T4,구조검사 통과 시 유지,,10.166919575113809,20.28,P4,회귀검사 통과 시 유지
ADN-622,사진 대조 1차 교정본,310,"00:48:52,880 --> 00:48:54,560",1.68,오늘 아침에 약속했잖아.,응.,핥아 줘.,반응형,,0.02,,,25.0,90.0,50.0,78.0,75.0,0.71247,0.0,66.0,0.0,0.0,0.2489,아침에 소리의 유혹...,[불명],,44.98,T3,화자·문맥·자연스러움 집중 검토,,81.63884673748103,60.38,P2,앞뒤 5블록·사진·오류 기억을 함께 검토
ADN-622,사진 대조 1차 교정본,311,"00:48:55,740 --> 00:48:56,620",0.88,핥아 줘.,오늘 아침에 약속했잖아.,하지만…,반응형,,0.04,,,25.0,90.0,50.0,78.0,79.0,0.74805,0.0,66.0,0.0,0.0,0.5011,빨리 핥아 봐.,빨리 핥아 줘.,화자 말투 자연화,46.72,T3,화자·문맥·자연스러움 집중 검토,,88.46737481031866,64.25,P2,앞뒤 5블록·사진·오류 기억을 함께 검토
ADN-622,사진 대조 1차 교정본,312,"00:48:57,500 --> 00:48:57,860",0.36,하지만…,핥아 줘.,들키잖아.,반말형,,0.0,,,25.0,90.0,50.0,78.0,75.0,0.4088,42.0,66.0,0.0,0.0,1.0,하지만…,그래도…,,39.79,T3,화자·문맥·자연스러움 집중 검토,,55.23520485584219,46.28,P3,말투·질문응답·가독성 위주 검토
ADN-622,사진 대조 1차 교정본,313,"00:49:00,140 --> 00:49:01,200",1.06,들키잖아.,하지만…,난 들켜도 상관없어.,반응형,,0.04,,,25.0,90.0,50.0,78.0,75.0,0.43262,0.0,66.0,0.0,0.0,0.161,들키면 안 돼.,소리 내면 안 돼.,손상된 일본어 ASR + 타임스탬프 사진 + 앞뒤 문맥 추론,33.23,T4,구조검사 통과 시 유지,,26.100151745068285,30.24,P4,회귀검사 통과 시 유지
ADN-622,사진 대조 1차 교정본,314,"00:49:03,080 --> 00:49:04,400",1.32,난 들켜도 상관없어.,들키잖아.,안 돼.,반응형,,0.02,,,25.0,90.0,50.0,78.0,75.0,0.61234,0.0,66.0,0.0,0.0,0.161,끝이 없어.,끝도 없네.,사진 장면 확인 및 한국어 번역투·ASR 오역 교정,40.78,T3,화자·문맥·자연스러움 집중 검토,,61.45675265553869,49.46,P3,말투·질문응답·가독성 위주 검토
ADN-622,사진 대조 1차 교정본,315,"00:49:06,960 --> 00:49:07,760",0.8,안 돼.,난 들켜도 상관없어.,어차피 나 같은 건…,중립·혼합형,,0.04,,,25.0,90.0,50.0,78.0,75.0,0.37258,42.0,66.0,0.0,0.0,1.0,안 돼.,"네, 놀랐어요.",타임스탬프 사진과 앞뒤 장면으로 대사 기능 복원,38.27,T3,화자·문맥·자연스러움 집중 검토,,46.737481031866466,41.83,P3,말투·질문응답·가독성 위주 검토
ADN-622,사진 대조 1차 교정본,316,"00:49:11,440 --> 00:49:12,540",1.1,어차피 나 같은 건…,안 돼.,집에서 쫓겨나도 상관없고.,반응형,,0.04,,,25.0,90.0,50.0,78.0,75.0,0.49578,0.0,66.0,0.0,0.0,0.1771,술고래 같은 느낌…,완전 술 좋아하는 사람 같네.,일본어 원문 대조 + 자연스러운 한국어 대사 교정,35.88,T3,화자·문맥·자연스러움 집중 검토,,34.977238239757206,35.5,P4,회귀검사 통과 시 유지
ADN-622,사진 대조 1차 교정본,317,"00:49:14,680 --> 00:49:16,060",1.38,집에서 쫓겨나도 상관없고.,어차피 나 같은 건…,안 돼.,중립·혼합형,,0.02,,,25.0,90.0,50.0,78.0,75.0,0.56497,0.0,66.0,0.0,0.0,0.2763,그런 거 집에서 해봐.,그런 거 집에서 해 봐.,,38.79,T3,화자·문맥·자연스러움 집중 검토,,49.013657056145675,43.08,P3,말투·질문응답·가독성 위주 검토
ADN-622,사진 대조 1차 교정본,318,"00:49:16,620 --> 00:49:17,220",0.6,안 돼.,집에서 쫓겨나도 상관없고.,들키잖아요.,중립·혼합형,,0.02,,,25.0,90.0,50.0,78.0,75.0,0.37565,42.0,66.0,0.0,0.0,1.0,안 돼.,"네, 놀랐어요.",타임스탬프 사진과 앞뒤 장면으로 대사 기능 복원,38.4,T3,화자·문맥·자연스러움 집중 검토,,47.64795144157815,42.28,P3,말투·질문응답·가독성 위주 검토
ADN-622,사진 대조 1차 교정본,319,"00:49:17,740 --> 00:49:18,800",1.06,들키잖아요.,안 돼.,잠깐만.,반응형,,0.04,,,25.0,90.0,50.0,78.0,75.0,0.43016,0.0,66.0,0.0,0.0,0.1741,기분 좋아요.,"아, 좋아요.",화면 영문 자막 대조,33.13,T4,구조검사 통과 시 유지,,25.796661608497722,30.05,P4,회귀검사 통과 시 유지
ADN-622,사진 대조 1차 교정본,320,"00:49:25,380 --> 00:49:25,740",0.36,잠깐만.,들키잖아요.,잠깐…,반응형,,0.02,,,25.0,90.0,50.0,78.0,75.0,0.53831,14.85,66.0,0.0,0.0,0.7737,하아… 잠깐만.,목욕물 받아 놓은 거지?,일본어 원문 + 타임스탬프 사진 + 장면 연속성,40.34,T3,화자·문맥·자연스러움 집중 검토,,58.877086494688925,48.13,P3,말투·질문응답·가독성 위주 검토
ADN-622,사진 대조 1차 교정본,321,"00:49:31,900 --> 00:49:32,260",0.36,잠깐…,잠깐만.,"쿠미 씨, 여기서 이러면 들켜.",반응형,,0.0,,,25.0,90.0,50.0,78.0,75.0,0.55514,42.0,66.0,0.0,0.0,1.0,잠깐…,그리고…,일본어 원문 대조 + 자연스러운 한국어 대사 교정,45.94,T3,화자·문맥·자연스러움 집중 검토,,85.43247344461305,62.53,P2,앞뒤 5블록·사진·오류 기억을 함께 검토
ADN-622,사진 대조 1차 교정본,322,"00:50:13,470 --> 00:50:16,290",2.82,"쿠미 씨, 여기서 이러면 들켜.",잠깐…,지금은 안 돼.,중립·혼합형,,0.03,,,25.0,90.0,50.0,78.0,75.0,0.82611,0.0,66.0,0.0,0.0,0.2905,여기서 자고 있어?,땀나고 있어?,사진 장면 확인 및 한국어 번역투·ASR 오역 교정,49.76,T3,화자·문맥·자연스러움 집중 검토,,96.66160849772383,69.46,P2,앞뒤 5블록·사진·오류 기억을 함께 검토
ADN-622,사진 대조 1차 교정본,323,"00:50:19,770 --> 00:50:20,710",0.94,지금은 안 돼.,"쿠미 씨, 여기서 이러면 들켜.",유우 군.,반말형,,0.03,,,25.0,90.0,50.0,78.0,75.0,0.5971,0.0,66.0,0.0,0.0,0.5517,안 돼.,"네, 놀랐어요.",타임스탬프 사진과 앞뒤 장면으로 대사 기능 복원,40.14,T3,화자·문맥·자연스러움 집중 검토,,57.5113808801214,47.44,P3,말투·질문응답·가독성 위주 검토
ADN-622,사진 대조 1차 교정본,324,"00:51:06,380 --> 00:51:07,120",0.74,유우 군.,지금은 안 돼.,지금은 안 된다고?,중립·혼합형,,0.02,,,25.0,90.0,50.0,78.0,75.0,0.42516,0.0,66.0,0.0,0.0,0.1204,이제 전부 받아들였군.,이제 끝까지 다 들어갔네.,,32.92,T4,구조검사 통과 시 유지,,24.73444613050076,29.48,P4,회귀검사 통과 시 유지
ADN-622,사진 대조 1차 교정본,325,"00:51:07,960 --> 00:51:09,280",1.32,지금은 안 된다고?,유우 군.,어!,반말형,,0.04,,,25.0,90.0,50.0,78.0,75.0,0.50945,0.0,66.0,0.0,0.0,0.3126,조심해. 지금은 안 되니까.,조심해. 아직 내려가면 안 돼.,일본어 원문 대조 + 자연스러운 한국어 대사 교정,36.46,T3,화자·문맥·자연스러움 집중 검토,,37.025796661608496,36.7,P4,회귀검사 통과 시 유지
ADN-622,사진 대조 1차 교정본,326,"00:51:11,100 --> 00:51:11,700",0.6,어!,지금은 안 된다고?,안 보이니까 괜찮아.,반응형,,0.0,,,25.0,90.0,50.0,78.0,75.0,0.15543,0.0,66.0,0.0,0.0,0.2846,맛있어!,맛있다!,사진 장면 확인 및 한국어 번역투·ASR 오역 교정,21.59,T4,구조검사 통과 시 유지,,0.7587253414264037,12.84,P4,회귀검사 통과 시 유지
ADN-622,사진 대조 1차 교정본,327,"00:52:05,340 --> 00:52:06,640",1.3,안 보이니까 괜찮아.,어!,들킨다니까.,반응형,,0.04,,,25.0,90.0,50.0,78.0,75.0,0.60403,0.0,66.0,0.0,0.0,0.5937,괜찮아.,최고예요.,화면 영문 자막 대조,40.43,T3,화자·문맥·자연스러움 집중 검토,,59.332321699544764,48.37,P3,말투·질문응답·가독성 위주 검토
ADN-622,사진 대조 1차 교정본,328,"00:52:07,420 --> 00:52:09,400",1.98,들킨다니까.,안 보이니까 괜찮아.,난 괜찮아.,중립·혼합형,,0.02,,,25.0,90.0,50.0,78.0,75.0,0.35354,0.0,66.0,0.0,0.0,0.1335,"자, 더 해줄 테니까.","자, 더 해 줄 테니까.",,29.91,T4,구조검사 통과 시 유지,,15.629742033383915,23.91,P4,회귀검사 통과 시 유지
ADN-622,사진 대조 1차 교정본,329,"00:52:12,600 --> 00:52:14,240",1.64,난 괜찮아.,들킨다니까.,엄청 떨고 있잖아.,반응형,,0.0,,,25.0,90.0,50.0,78.0,75.0,0.60373,27.16,66.0,0.0,0.0,0.8764,괜찮아.,최고예요.,화면 영문 자막 대조,45.31,T3,화자·문맥·자연스러움 집중 검토,,83.15629742033383,61.21,P2,앞뒤 5블록·사진·오류 기억을 함께 검토
ADN-622,사진 대조 1차 교정본,330,"00:52:48,450 --> 00:52:50,310",1.86,엄청 떨고 있잖아.,난 괜찮아.,"그럼 조용히, 조용히 보여 줘.",반응형,,0.05,,,25.0,90.0,50.0,78.0,75.0,0.76216,0.0,66.0,0.0,0.0,0.6228,엄청 느끼고 있잖아.,엄청 좋아하잖아.,,47.07,T3,화자·문맥·자연스러움 집중 검토,,89.22610015174507,64.78,P2,앞뒤 5블록·사진·오류 기억을 함께 검토
ADN-622,사진 대조 1차 교정본,331,"00:53:46,220 --> 00:53:48,760",2.54,"그럼 조용히, 조용히 보여 줘.",엄청 떨고 있잖아.,쉽게 안 들킬 테니까.,중립·혼합형,,0.02,,,25.0,90.0,50.0,78.0,75.0,0.75127,0.0,66.0,0.0,0.0,0.2485,입 안을 보여 줘.,입 안 보여 줘.,일본어 원문 대조 + 자연스러운 한국어 대사 교정,46.61,T3,화자·문맥·자연스러움 집중 검토,,87.4051593323217,63.74,P2,앞뒤 5블록·사진·오류 기억을 함께 검토
ADN-622,사진 대조 1차 교정본,332,"00:53:49,140 --> 00:53:50,560",1.42,쉽게 안 들킬 테니까.,"그럼 조용히, 조용히 보여 줘.",벌려봐.,중립·혼합형,,0.04,,,25.0,90.0,50.0,78.0,75.0,0.58558,0.0,66.0,0.0,0.0,0.4157,"자, 더 해줄 테니까.","자, 더 해 줄 테니까.",,39.65,T3,화자·문맥·자연스러움 집중 검토,,54.93171471927162,46.07,P3,말투·질문응답·가독성 위주 검토
ADN-622,사진 대조 1차 교정본,333,"00:53:52,260 --> 00:53:52,860",0.6,벌려봐.,쉽게 안 들킬 테니까.,이렇게까지…,중립·혼합형,,0.04,,,25.0,90.0,50.0,78.0,75.0,0.33771,0.0,66.0,0.0,0.0,0.3043,"벌려봐, 스스로.",스스로 벌려 봐.,일본어 원문 대조 + 자연스러운 한국어 대사 교정,29.24,T4,구조검사 통과 시 유지,,13.884673748103188,22.79,P4,회귀검사 통과 시 유지
ADN-622,사진 대조 1차 교정본,334,"00:54:39,530 --> 00:54:41,790",2.26,이렇게까지…,벌려봐.,"그럼, 이렇게 할까.",반말형,,0.03,,,25.0,90.0,50.0,78.0,75.0,0.4879,0.0,66.0,0.0,0.0,0.2004,"아, 그렇게까지 심하진 않고.",그렇게 세게 하진 않았어.,타임스탬프 사진과 앞뒤 장면으로 대사 기능 복원,35.55,T3,화자·문맥·자연스러움 집중 검토,,33.61153262518968,34.74,P4,회귀검사 통과 시 유지
ADN-622,사진 대조 1차 교정본,335,"00:54:45,480 --> 00:54:46,600",1.12,"그럼, 이렇게 할까.",이렇게까지…,"어, 유우, 학원은 어떠냐?",중립·혼합형,,0.02,,,25.0,90.0,50.0,78.0,75.0,0.79932,0.0,66.0,0.0,0.0,0.5607,뭐 할까.,이제 뭐 할까?,일본어 원문 대조 + 자연스러운 한국어 대사 교정,48.63,T3,화자·문맥·자연스러움 집중 검토,,94.30955993930196,67.82,P2,앞뒤 5블록·사진·오류 기억을 함께 검토
ADN-622,사진 대조 1차 교정본,336,"00:57:08,340 --> 00:57:11,280",2.94,"어, 유우, 학원은 어떠냐?","그럼, 이렇게 할까.",공부 열심히 해서 잘돼 가요.,반응형,,0.04,,,25.0,90.0,50.0,78.0,75.0,0.88443,0.0,66.0,0.0,0.0,0.1975,"어, 뭐 좀 해 줘.",양치 좀 해 줘.,손상된 일본어 ASR + 타임스탬프 사진 + 앞뒤 문맥 추론,52.21,T3,화자·문맥·자연스러움 집중 검토,,98.93778452200304,71.84,P2,앞뒤 5블록·사진·오류 기억을 함께 검토
ADN-622,사진 대조 1차 교정본,337,"00:57:13,480 --> 00:57:15,420",1.94,공부 열심히 해서 잘돼 가요.,"어, 유우, 학원은 어떠냐?",여기요.,반말형,,0.02,,,25.0,90.0,50.0,78.0,75.0,0.79027,0.0,66.0,0.0,0.0,0.4604,가요.,갈 것 같아요.,성인 장면 관용 표현 교정,48.25,T3,화자·문맥·자연스러움 집중 검토,,92.56449165402124,66.86,P2,앞뒤 5블록·사진·오류 기억을 함께 검토
ADN-622,사진 대조 1차 교정본,338,"00:57:16,940 --> 00:57:17,740",0.8,여기요.,공부 열심히 해서 잘돼 가요.,그래.,중립·혼합형,,0.04,,,25.0,90.0,50.0,78.0,75.0,0.48561,0.0,66.0,0.0,0.0,0.3568,"자, 여기요…","자, 여기…",손상된 일본어 ASR + 타임스탬프 사진 + 앞뒤 문맥 추론,35.46,T3,화자·문맥·자연스러움 집중 검토,,33.00455235204856,34.43,P4,회귀검사 통과 시 유지
ADN-622,사진 대조 1차 교정본,339,"00:57:17,760 --> 00:57:18,160",0.4,그래.,여기요.,알고 있어요.,중립·혼합형,,0.04,,,25.0,90.0,50.0,78.0,75.0,0.3067,29.94,66.0,0.0,0.0,0.8995,"아, 그래.",간다.,화면 영문 자막 대조,33.33,T4,구조검사 통과 시 유지,,26.251896813353564,30.36,P4,회귀검사 통과 시 유지
ADN-622,사진 대조 1차 교정본,340,"00:57:20,160 --> 00:57:20,760",0.6,알고 있어요.,그래.,어?,반응형,,0.04,,,25.0,90.0,50.0,78.0,75.0,0.34541,0.0,66.0,0.0,0.0,0.4259,유두에 닿고 있어요.,젖꼭지에 닿아요.,,29.57,T4,구조검사 통과 시 유지,,14.56752655538695,23.27,P4,회귀검사 통과 시 유지
ADN-622,사진 대조 1차 교정본,341,"00:57:22,360 --> 00:57:22,720",0.36,어?,알고 있어요.,엄마는 어디 갔어?,반응형,,0.04,,,25.0,90.0,50.0,78.0,75.0,0.2207,0.0,66.0,0.0,0.0,0.343,어? 벗기고 싶다고? 응.,해 줬으면 좋겠어? 응.,손상된 일본어 ASR + 타임스탬프 사진 + 앞뒤 문맥 추론,24.33,T4,구조검사 통과 시 유지,,3.338391502276176,15.51,P4,회귀검사 통과 시 유지
ADN-622,사진 대조 1차 교정본,342,"00:57:22,860 --> 00:57:23,680",0.82,엄마는 어디 갔어?,어?,네?,반응형,,0.04,,,25.0,90.0,50.0,78.0,75.0,0.57176,0.0,66.0,0.0,0.0,0.2355,"그러게, 어디 갔지?",완전 비스듬해졌네.,,39.07,T3,화자·문맥·자연스러움 집중 검토,,50.834597875569045,44.01,P3,말투·질문응답·가독성 위주 검토
ADN-622,사진 대조 1차 교정본,343,"00:57:24,320 --> 00:57:24,440",0.12,네?,엄마는 어디 갔어?,모르겠어요.,반말형,,0.02,,,25.0,90.0,50.0,78.0,75.0,0.35587,0.0,66.0,25.0,0.0,0.2559,진짜네?,진짜?,일본어 원문 대조 + 자연스러운 한국어 대사 교정,32.51,T4,구조검사 통과 시 유지,borderline_cps,23.672230652503792,28.8,P4,회귀검사 통과 시 유지
ADN-622,사진 대조 1차 교정본,344,"00:57:26,120 --> 00:57:26,880",0.76,모르겠어요.,네?,화장실 갔나?,반응형,,0.02,,,25.0,90.0,50.0,78.0,75.0,0.39674,0.0,66.0,0.0,0.0,0.3647,어디가 좋은지 모르겠어?,어디가 좋은지 아직 모르겠어?,일본어 원문 대조 + 자연스러운 한국어 대사 교정,31.72,T4,구조검사 통과 시 유지,,20.789074355083457,27.13,P4,회귀검사 통과 시 유지
ADN-622,사진 대조 1차 교정본,345,"00:57:27,080 --> 00:57:27,740",0.66,화장실 갔나?,모르겠어요.,힘내렴.,중립·혼합형,,0.02,,,25.0,90.0,50.0,78.0,75.0,0.55249,0.0,66.0,0.0,0.0,0.1248,"화장실은 4호차, 6호차, 8호차, 9호차, 11호차에도 있습니다.","화장실은 4호차, 6호차, 8호차 9호차, 11호차에도 있습니다.",,38.26,T3,화자·문맥·자연스러움 집중 검토,,46.50986342943854,41.72,P3,말투·질문응답·가독성 위주 검토
ADN-622,사진 대조 1차 교정본,346,"00:57:33,280 --> 00:57:33,800",0.52,힘내렴.,화장실 갔나?,네.,중립·혼합형,,0.02,,,25.0,90.0,50.0,78.0,75.0,0.30815,0.0,66.0,0.0,0.0,0.1694,"네, 힘내면 돼.","응, 힘내면 돼.",사진 장면 확인 및 한국어 번역투·ASR 오역 교정,28.0,T4,구조검사 통과 시 유지,,11.077389984825494,20.89,P4,회귀검사 통과 시 유지
ADN-622,사진 대조 1차 교정본,347,"00:57:34,240 --> 00:57:34,600",0.36,네.,힘내렴.,사실은…,반말형,,0.04,,,25.0,90.0,50.0,78.0,75.0,0.21918,8.54,66.0,0.0,0.0,0.7211,"네, 네.",네.,불필요한 반복 제거,25.8,T4,구조검사 통과 시 유지,,5.918057663125948,17.45,P4,회귀검사 통과 시 유지
ADN-622,사진 대조 1차 교정본,348,"00:57:35,700 --> 00:58:34,080",58.38,사실은…,네.,제대로 할 테니까.,중립·혼합형,,0.0,,,25.0,90.0,50.0,78.0,75.0,0.97871,0.0,66.0,25.0,0.0,0.0905,그리고 여덟 번째 옷은… 그때가 딱 좋겠네.,이제 몸 씻어 줄게.,타임스탬프 사진과 앞뒤 장면으로 대사 기능 복원,58.67,T3,화자·문맥·자연스러움 집중 검토,long_duration_short_text,100.0,76.03,P1,장면 패킷을 열고 후보 3개를 생성해 반증 검토
ADN-622,사진 대조 1차 교정본,349,"00:58:34,080 --> 00:58:35,060",0.98,제대로 할 테니까.,사실은…,좋잖아.,중립·혼합형,,0.02,,,25.0,90.0,50.0,78.0,75.0,0.46533,0.0,66.0,0.0,0.0,0.4885,"자, 더 해줄 테니까.","자, 더 해 줄 테니까.",,34.6,T4,구조검사 통과 시 유지,,29.590288315629742,32.5,P4,회귀검사 통과 시 유지
ADN-622,사진 대조 1차 교정본,350,"00:58:35,280 --> 00:58:36,440",1.16,좋잖아.,제대로 할 테니까.,어?,반응형,,0.02,,,25.0,90.0,50.0,78.0,75.0,0.19563,0.0,66.0,0.0,0.0,0.5432,너도 기분 좋잖아...,너도 기분 좋잖아…,,23.28,T4,구조검사 통과 시 유지,,2.2761760242792106,14.46,P4,회귀검사 통과 시 유지
ADN-622,사진 대조 1차 교정본,351,"00:58:36,720 --> 00:58:36,940",0.22,어?,좋잖아.,여기서 하자.,반응형,,0.02,,,25.0,90.0,50.0,78.0,75.0,0.3758,0.0,66.0,0.0,0.0,0.343,어? 벗기고 싶다고? 응.,해 줬으면 좋겠어? 응.,손상된 일본어 ASR + 타임스탬프 사진 + 앞뒤 문맥 추론,30.84,T4,구조검사 통과 시 유지,,17.374810318664643,25.18,P4,회귀검사 통과 시 유지
ADN-622,사진 대조 1차 교정본,352,"00:58:37,760 --> 00:58:38,700",0.94,여기서 하자.,어?,괜찮지?,중립·혼합형,,0.04,,,25.0,90.0,50.0,78.0,75.0,0.57059,0.0,66.0,0.0,0.0,0.4596,여기서 자고 있어?,땀나고 있어?,사진 장면 확인 및 한국어 번역투·ASR 오역 교정,39.02,T3,화자·문맥·자연스러움 집중 검토,,50.22761760242792,43.73,P3,말투·질문응답·가독성 위주 검토
ADN-622,사진 대조 1차 교정본,353,"00:58:48,050 --> 00:58:49,170",1.12,괜찮지?,여기서 하자.,여기서도 안 되면 어떡해.,반말형,,0.05,,,25.0,90.0,50.0,78.0,75.0,0.44486,0.0,66.0,0.0,0.0,0.2372,뭐든 괜찮지만… 후와 씨?,뭐든 괜찮지만… 후우아 씨라고 부를까요?,출연자 이름 오인식 교정,33.74,T4,구조검사 통과 시 유지,,27.617602427921096,31.17,P4,회귀검사 통과 시 유지
ADN-622,사진 대조 1차 교정본,354,"00:58:50,090 --> 00:59:00,970",10.88,여기서도 안 되면 어떡해.,괜찮지?,"자, 그럼 이쪽.",반응형,,0.01,,,25.0,90.0,50.0,78.0,75.0,0.67944,0.0,66.0,0.0,0.0,0.3515,여기서도 떨리는 게 느껴져요.,여기도 떨리고 있어요.,,43.6,T3,화자·문맥·자연스러움 집중 검토,,77.2382397572079,57.73,P3,말투·질문응답·가독성 위주 검토
ADN-622,사진 대조 1차 교정본,355,"00:59:00,970 --> 00:59:04,450",3.48,"자, 그럼 이쪽.",여기서도 안 되면 어떡해.,뜨거워졌네.,중립·혼합형,,0.03,,,25.0,90.0,50.0,78.0,75.0,0.57591,0.0,66.0,0.0,0.0,0.3525,이쪽...,이쪽…,,39.25,T3,화자·문맥·자연스러움 집중 검토,,51.97268588770865,44.59,P3,말투·질문응답·가독성 위주 검토
ADN-622,사진 대조 1차 교정본,356,"00:59:24,160 --> 00:59:25,200",1.04,뜨거워졌네.,"자, 그럼 이쪽.",조용히 해.,반말형,,0.04,,,25.0,90.0,50.0,78.0,75.0,0.39499,0.0,66.0,0.0,0.0,0.2592,"아니, 뜨거워.",몸이 뜨거워.,손상된 일본어 ASR + 타임스탬프 사진 + 앞뒤 문맥 추론,31.65,T4,구조검사 통과 시 유지,,20.333839150227618,26.9,P4,회귀검사 통과 시 유지
ADN-622,사진 대조 1차 교정본,357,"00:59:27,860 --> 00:59:28,900",1.04,조용히 해.,뜨거워졌네.,어느 쪽이 좋아요?,반말형,,0.04,,,25.0,90.0,50.0,78.0,75.0,0.57964,0.0,66.0,0.0,0.0,0.1954,촬영해야 해.,나도 벗을게.,일본어 원문 + 타임스탬프 사진 + 장면 연속성,39.4,T3,화자·문맥·자연스러움 집중 검토,,53.186646433990894,45.19,P3,말투·질문응답·가독성 위주 검토
ADN-622,사진 대조 1차 교정본,358,"01:00:29,570 --> 01:00:30,610",1.04,어느 쪽이 좋아요?,조용히 해.,그런 말 하지 마.,반응형,,0.03,,,25.0,90.0,50.0,78.0,75.0,0.79647,0.0,66.0,0.0,0.0,0.4923,안은 어느 쪽이 좋아?,안에서는 어디가 좋아?,일본어 원문 대조 + 자연스러운 한국어 대사 교정,48.51,T3,화자·문맥·자연스러움 집중 검토,,93.85432473444612,67.55,P2,앞뒤 5블록·사진·오류 기억을 함께 검토
ADN-622,사진 대조 1차 교정본,359,"01:00:32,090 --> 01:00:33,630",1.54,그런 말 하지 마.,어느 쪽이 좋아요?,거기 흠칫거리며 떨고 있잖아요.,반말형,,0.01,,,25.0,90.0,50.0,78.0,75.0,0.73044,9.78,66.0,0.0,0.0,0.7315,하지 마.,잠깐만.,손상된 일본어 ASR + 타임스탬프 사진 + 앞뒤 문맥 추론,47.5,T3,화자·문맥·자연스러움 집중 검토,,90.44006069802731,65.53,P2,앞뒤 5블록·사진·오류 기억을 함께 검토
ADN-622,사진 대조 1차 교정본,360,"01:01:11,750 --> 01:01:14,110",2.36,거기 흠칫거리며 떨고 있잖아요.,그런 말 하지 마.,들키진 않겠네요.,반응형,,0.05,,,25.0,90.0,50.0,78.0,75.0,0.80151,0.0,66.0,0.0,0.0,0.1865,몸을 떨고 있어봐.,계속 떨고 있네.,,48.72,T3,화자·문맥·자연스러움 집중 검토,,94.99241274658573,68.15,P2,앞뒤 5블록·사진·오류 기억을 함께 검토
ADN-622,사진 대조 1차 교정본,361,"01:01:18,860 --> 01:01:20,140",1.28,들키진 않겠네요.,거기 흠칫거리며 떨고 있잖아요.,좋잖아요.,반말형,,0.04,,,25.0,90.0,50.0,78.0,75.0,0.60016,0.0,66.0,0.0,0.0,0.1628,"아, 한 번 그걸 해 봐도 되겠네요. 뒤돌아서 하는 자세요.","아, 그 자세도 해 보면 되겠네요. 뒤돌아서 하는 자세예요.",자세 설명의 번역투 제거,40.27,T3,화자·문맥·자연스러움 집중 검토,,58.421851289833086,47.89,P3,말투·질문응답·가독성 위주 검토
ADN-622,사진 대조 1차 교정본,362,"01:04:14,530 --> 01:04:15,590",1.06,좋잖아요.,들키진 않겠네요.,실례.,반응형,,0.03,,,25.0,90.0,50.0,78.0,75.0,0.42855,0.0,66.0,0.0,0.0,0.2677,너도 기분 좋잖아...,너도 기분 좋잖아…,,33.06,T4,구조검사 통과 시 유지,,25.341426403641883,29.82,P4,회귀검사 통과 시 유지
ADN-622,사진 대조 1차 교정본,363,"01:04:17,170 --> 01:04:17,930",0.76,실례.,좋잖아요.,학원 꼭 갈 거지?,중립·혼합형,,0.03,,,25.0,90.0,50.0,78.0,75.0,0.29485,0.0,66.0,0.0,0.0,0.2168,경례.,경례!,,27.44,T4,구조검사 통과 시 유지,,9.711684370257966,19.99,P4,회귀검사 통과 시 유지
ADN-622,사진 대조 1차 교정본,364,"01:05:43,310 --> 01:05:45,670",2.36,학원 꼭 갈 거지?,실례.,땀 엄청 흘리고 있어요.,반말형,,0.01,,,25.0,90.0,50.0,78.0,75.0,0.55084,0.0,66.0,0.0,0.0,0.5447,잘 거지?,갈 수 있지?,사진 장면 확인 및 한국어 번역투·ASR 오역 교정,38.2,T3,화자·문맥·자연스러움 집중 검토,,46.28224582701062,41.59,P3,말투·질문응답·가독성 위주 검토
ADN-622,사진 대조 1차 교정본,365,"01:05:47,450 --> 01:05:48,790",1.34,땀 엄청 흘리고 있어요.,학원 꼭 갈 거지?,여기 있네요.,반응형,,0.05,,,25.0,90.0,50.0,78.0,75.0,0.52917,0.0,66.0,0.0,0.0,0.3082,유두에 닿고 있어요.,젖꼭지에 닿아요.,,37.29,T3,화자·문맥·자연스러움 집중 검토,,41.426403641881635,39.03,P4,회귀검사 통과 시 유지
ADN-622,사진 대조 1차 교정본,366,"01:05:49,230 --> 01:05:50,630",1.4,여기 있네요.,땀 엄청 흘리고 있어요.,"유우 군, 학원 갈 거지?",반말형,,0.03,,,25.0,90.0,50.0,78.0,75.0,0.36714,0.0,66.0,0.0,0.0,0.4744,저쪽에 엔진이 있네요.,저쪽이 엔진실인가 봐요.,선박 관람 장면 표현 자연화,30.48,T4,구조검사 통과 시 유지,,16.9195751138088,24.78,P4,회귀검사 통과 시 유지
ADN-622,사진 대조 1차 교정본,367,"01:05:53,010 --> 01:05:55,170",2.16,"유우 군, 학원 갈 거지?",여기 있네요.,여보도 느껴 봐.,반말형,,0.01,,,25.0,90.0,50.0,78.0,75.0,0.54974,0.0,66.0,0.0,0.0,0.4717,잘 거지?,갈 수 있지?,사진 장면 확인 및 한국어 번역투·ASR 오역 교정,38.15,T3,화자·문맥·자연스러움 집중 검토,,45.97875569044006,41.44,P3,말투·질문응답·가독성 위주 검토
ADN-622,사진 대조 1차 교정본,368,"01:05:55,170 --> 01:05:55,450",0.28,여보도 느껴 봐.,"유우 군, 학원 갈 거지?",더 깊이…,중립·혼합형,,0.03,,,25.0,90.0,50.0,78.0,75.0,0.48238,0.0,66.0,55.0,0.0,0.1827,엉덩이 좀 봐.,이 유카타 진짜 귀엽네.,일본어 원문 + 타임스탬프 사진 + 장면 연속성,40.82,T3,화자·문맥·자연스러움 집중 검토,high_cps,61.60849772382397,49.55,P3,말투·질문응답·가독성 위주 검토
ADN-622,사진 대조 1차 교정본,369,"01:05:56,350 --> 01:05:56,990",0.64,더 깊이…,여보도 느껴 봐.,어서…,중립·혼합형,,0.05,,,25.0,90.0,50.0,78.0,75.0,0.50939,0.0,66.0,0.0,0.0,0.1653,더 깊이 물어야 성기를 넣어 주지.,더 깊이 빨아야 자지 넣어 주지.,,36.45,T3,화자·문맥·자연스러움 집중 검토,,36.874051593323216,36.63,P4,회귀검사 통과 시 유지
ADN-622,사진 대조 1차 교정본,370,"01:06:24,960 --> 01:06:26,100",1.14,어서…,더 깊이…,이것도…,반응형,,0.04,,,25.0,90.0,50.0,78.0,75.0,0.38985,0.0,66.0,0.0,0.0,0.2605,왠지 별로 사귄 적이 없어서…,많이 사귀어 본 편이 아니라서…,일본어 원문 대조 + 자연스러운 한국어 대사 교정,31.43,T4,구조검사 통과 시 유지,,19.726858877086496,26.51,P4,회귀검사 통과 시 유지
ADN-622,사진 대조 1차 교정본,371,"01:06:26,420 --> 01:06:26,900",0.48,이것도…,어서…,여보도…,중립·혼합형,,0.02,,,25.0,90.0,50.0,78.0,75.0,0.39225,0.0,66.0,0.0,0.0,0.3379,이것도...,이것도…,,31.53,T4,구조검사 통과 시 유지,,20.106221547799695,26.73,P4,회귀검사 통과 시 유지
ADN-622,사진 대조 1차 교정본,372,"01:06:27,060 --> 01:06:30,140",3.08,여보도…,이것도…,기분 좋지?,중립·혼합형,,0.04,,,25.0,90.0,50.0,78.0,75.0,0.33339,0.0,66.0,0.0,0.0,0.0916,"둘째 날도, 셋째 날도…",아… 거기…,손상된 일본어 ASR + 타임스탬프 사진 + 앞뒤 문맥 추론,29.06,T4,구조검사 통과 시 유지,,13.429438543247343,22.5,P4,회귀검사 통과 시 유지
ADN-622,사진 대조 1차 교정본,373,"01:06:30,380 --> 01:06:31,800",1.42,기분 좋지?,여보도…,더 깊이…,반말형,,0.02,,,25.0,90.0,50.0,78.0,75.0,0.5039,42.0,66.0,0.0,0.0,1.0,기분 좋지?,흥분되면 말해 봐.,화면 영문 자막 대조,43.78,T3,화자·문맥·자연스러움 집중 검토,,77.84522003034901,58.09,P2,앞뒤 5블록·사진·오류 기억을 함께 검토
ADN-622,사진 대조 1차 교정본,374,"01:06:31,840 --> 01:06:32,480",0.64,더 깊이…,기분 좋지?,이왕 이렇게 된 거 소리 내봐요.,중립·혼합형,,0.04,,,25.0,90.0,50.0,78.0,75.0,0.46842,0.0,66.0,0.0,0.0,0.1653,더 깊이 물어야 성기를 넣어 주지.,더 깊이 빨아야 자지 넣어 주지.,,34.73,T4,구조검사 통과 시 유지,,30.273141122913504,32.86,P4,회귀검사 통과 시 유지
ADN-622,사진 대조 1차 교정본,375,"01:06:36,300 --> 01:06:37,980",1.68,이왕 이렇게 된 거 소리 내봐요.,더 깊이…,여보도…,중립·혼합형,,0.0,,,25.0,90.0,50.0,78.0,75.0,0.79181,0.0,66.0,0.0,0.0,0.2229,이렇게 몸을 빼 주세요.,이렇게 몸을 뒤로 빼 주세요.,동작 방향 명확화,48.32,T3,화자·문맥·자연스러움 집중 검토,,92.8679817905918,67.03,P2,앞뒤 5블록·사진·오류 기억을 함께 검토
ADN-622,사진 대조 1차 교정본,376,"01:06:39,340 --> 01:06:40,220",0.88,여보도…,이왕 이렇게 된 거 소리 내봐요.,소리 내고 있네.,중립·혼합형,,0.04,,,25.0,90.0,50.0,78.0,75.0,0.37566,0.0,66.0,0.0,0.0,0.0916,"둘째 날도, 셋째 날도…",아… 거기…,손상된 일본어 ASR + 타임스탬프 사진 + 앞뒤 문맥 추론,30.84,T4,구조검사 통과 시 유지,,17.374810318664643,25.18,P4,회귀검사 통과 시 유지
ADN-622,사진 대조 1차 교정본,377,"01:06:44,240 --> 01:06:44,700",0.46,소리 내고 있네.,여보도…,입을 막고서.,반말형,,0.04,,,25.0,90.0,50.0,78.0,75.0,0.57613,0.0,66.0,0.0,0.0,0.3633,제대로 돼 있네.,제대로 가려지네.,일본어 원문 대조 + 자연스러운 한국어 대사 교정,39.26,T3,화자·문맥·자연스러움 집중 검토,,52.20030349013657,44.69,P3,말투·질문응답·가독성 위주 검토
ADN-622,사진 대조 1차 교정본,378,"01:06:44,700 --> 01:06:45,180",0.48,입을 막고서.,소리 내고 있네.,학원 안 갈 거야?,중립·혼합형,,0.0,,,25.0,90.0,50.0,78.0,75.0,0.44555,0.0,66.0,0.0,0.0,0.3148,"응, 입을 수 있어.","응, 정말 잘 어울려.",타임스탬프 사진과 앞뒤 장면으로 대사 기능 복원,33.77,T4,구조검사 통과 시 유지,,27.769347496206375,31.25,P4,회귀검사 통과 시 유지
ADN-622,사진 대조 1차 교정본,379,"01:07:32,350 --> 01:07:33,970",1.62,학원 안 갈 거야?,입을 막고서.,"드, 들키겠어.",반말형,,0.05,,,25.0,90.0,50.0,78.0,75.0,0.51663,0.0,66.0,0.0,0.0,0.3528,끼우는 거야?,끼는 거지?,일본어 원문 대조 + 자연스러운 한국어 대사 교정,36.76,T3,화자·문맥·자연스러움 집중 검토,,38.846737481031866,37.64,P4,회귀검사 통과 시 유지
ADN-622,사진 대조 1차 교정본,380,"01:07:42,390 --> 01:07:47,290",4.9,"드, 들키겠어.",학원 안 갈 거야?,"아, 참. 이번 연휴에
다 같이 여행 가지 않을래?",반응형,,0.01,,,25.0,90.0,50.0,78.0,75.0,0.43957,0.0,66.0,0.0,0.0,0.1531,못 울겠어.,목이 막혀요.,사진 장면 확인 및 한국어 번역투·ASR 오역 교정,33.52,T4,구조검사 통과 시 유지,,26.858877086494687,30.72,P4,회귀검사 통과 시 유지
ADN-622,사진 대조 1차 교정본,381,"01:08:12,740 --> 01:08:16,800",4.06,"아, 참. 이번 연휴에
다 같이 여행 가지 않을래?","드, 들키겠어.","응, 좋네요.",반말형,,0.04,,,25.0,90.0,50.0,78.0,75.0,0.48215,0.0,66.0,0.0,0.0,0.295,더 보지 소리 들려주지 않을래?,더 좋은 소리 들려주지 않을래?,타임스탬프 사진과 장면 흐름으로 명백한 오인식 교정,35.31,T3,화자·문맥·자연스러움 집중 검토,,32.32169954476479,34.05,P4,회귀검사 통과 시 유지
ADN-622,사진 대조 1차 교정본,382,"01:08:17,500 --> 01:08:19,180",1.68,"응, 좋네요.","아, 참. 이번 연휴에
다 같이 여행 가지 않을래?",가고 싶은 데 있어?,반응형,,0.0,,,25.0,90.0,50.0,78.0,75.0,0.25574,0.0,66.0,0.0,0.0,0.5048,손을 벗을 때는 좋네요.,[불명],,25.8,T4,구조검사 통과 시 유지,,5.918057663125948,17.45,P4,회귀검사 통과 시 유지
ADN-622,사진 대조 1차 교정본,383,"01:08:19,320 --> 01:08:20,300",0.98,가고 싶은 데 있어?,"응, 좋네요.","음, 온천 같은 데?",반응형,,0.02,,,25.0,90.0,50.0,78.0,75.0,0.38469,0.0,66.0,0.0,0.0,0.4213,자고 있어?,땀나?,사진 장면 확인 및 한국어 번역투·ASR 오역 교정,31.22,T4,구조검사 통과 시 유지,,18.664643399089528,25.95,P4,회귀검사 통과 시 유지
ADN-622,사진 대조 1차 교정본,384,"01:08:21,740 --> 01:08:23,520",1.78,"음, 온천 같은 데?",가고 싶은 데 있어?,온천?,중립·혼합형,,0.04,,,25.0,90.0,50.0,78.0,75.0,0.47231,0.0,66.0,0.0,0.0,0.3504,온천 아니야?,뭔가…,일본어 원문 + 타임스탬프 사진 + 장면 연속성,34.9,T4,구조검사 통과 시 유지,,31.18361153262519,33.34,P4,회귀검사 통과 시 유지
ADN-622,사진 대조 1차 교정본,385,"01:08:23,840 --> 01:08:24,180",0.34,온천?,"음, 온천 같은 데?",좋네.,중립·혼합형,,0.04,,,25.0,90.0,50.0,78.0,75.0,0.33009,0.0,66.0,0.0,0.0,0.2119,온천인 거야?,안 돼.,일본어 원문 + 타임스탬프 사진 + 장면 연속성,28.92,T4,구조검사 통과 시 유지,,13.201820940819422,22.32,P4,회귀검사 통과 시 유지
ADN-622,사진 대조 1차 교정본,386,"01:08:25,100 --> 01:08:25,680",0.58,좋네.,온천?,무슨 온천이 좋을까?,반말형,,0.0,,,25.0,90.0,50.0,78.0,75.0,0.33044,42.0,66.0,0.0,0.0,1.0,좋네.,좋아.,일본어 원문 대조 + 자연스러운 한국어 대사 교정,36.5,T3,화자·문맥·자연스러움 집중 검토,,37.329286798179055,36.85,P4,회귀검사 통과 시 유지
ADN-622,사진 대조 1차 교정본,387,"01:08:27,880 --> 01:08:28,700",0.82,무슨 온천이 좋을까?,좋네.,어디가 좋으려나.,중립·혼합형,,0.02,,,25.0,90.0,50.0,78.0,75.0,0.64038,0.0,66.0,0.0,0.0,0.273,온천이네.,어?,일본어 원문 + 타임스탬프 사진 + 장면 연속성,41.96,T3,화자·문맥·자연스러움 집중 검토,,68.28528072837634,53.02,P3,말투·질문응답·가독성 위주 검토
ADN-622,사진 대조 1차 교정본,388,"01:08:29,820 --> 01:08:30,960",1.14,어디가 좋으려나.,무슨 온천이 좋을까?,하코네?,반응형,,0.02,,,25.0,90.0,50.0,78.0,75.0,0.55651,0.0,66.0,0.0,0.0,0.3031,어디가 좋은지 모르겠어?,어디가 좋은지 아직 모르겠어?,일본어 원문 대조 + 자연스러운 한국어 대사 교정,38.43,T3,화자·문맥·자연스러움 집중 검토,,47.79969650986343,42.37,P3,말투·질문응답·가독성 위주 검토
ADN-622,사진 대조 1차 교정본,389,"01:08:31,260 --> 01:08:31,740",0.48,하코네?,어디가 좋으려나.,가나가와?,반말형,,0.04,,,25.0,90.0,50.0,78.0,75.0,0.3268,0.0,66.0,0.0,0.0,0.1492,진짜네?,진짜?,일본어 원문 대조 + 자연스러운 한국어 대사 교정,28.79,T4,구조검사 통과 시 유지,,13.050075872534142,22.18,P4,회귀검사 통과 시 유지
ADN-622,사진 대조 1차 교정본,390,"01:08:33,120 --> 01:08:33,760",0.64,가나가와?,하코네?,야마나시도 괜찮지.,중립·혼합형,,0.02,,,25.0,90.0,50.0,78.0,75.0,0.29171,0.0,66.0,0.0,0.0,0.0455,한 번 더 나가 봅시다.,한 번 더 해 볼게요.,사진 장면 확인 및 한국어 번역투·ASR 오역 교정,27.31,T4,구조검사 통과 시 유지,,9.104704097116842,19.66,P4,회귀검사 통과 시 유지
ADN-622,사진 대조 1차 교정본,391,"01:08:34,560 --> 01:08:35,960",1.4,야마나시도 괜찮지.,가나가와?,"그렇네. 야마나시 같은 곳은
다 같이 가본 적 없지.",반말형,,0.04,,,25.0,90.0,50.0,78.0,75.0,0.37243,0.0,66.0,0.0,0.0,0.1279,뭐든 괜찮지만… 후와 씨?,뭐든 괜찮지만… 후우아 씨라고 부를까요?,출연자 이름 오인식 교정,30.7,T4,구조검사 통과 시 유지,,17.147192716236724,25.01,P4,회귀검사 통과 시 유지
ADN-622,사진 대조 1차 교정본,392,"01:08:36,240 --> 01:08:39,720",3.48,"그렇네. 야마나시 같은 곳은
다 같이 가본 적 없지.",야마나시도 괜찮지.,"아, 그러네.",반말형,,0.04,,,25.0,90.0,50.0,78.0,75.0,0.40255,0.0,66.0,0.0,0.0,0.2011,이길 수 있을 리가 없지.,더 깊이…,타임스탬프 사진으로 장면 불일치 확인 후 재복원,31.97,T4,구조검사 통과 시 유지,,21.396054628224583,27.53,P4,회귀검사 통과 시 유지
ADN-622,사진 대조 1차 교정본,393,"01:08:39,720 --> 01:08:41,260",1.54,"아, 그러네.","그렇네. 야마나시 같은 곳은
다 같이 가본 적 없지.",응.,반응형,,0.02,,,25.0,90.0,50.0,78.0,75.0,0.27817,0.0,66.0,0.0,0.0,0.335,"아, 아, 아, 아, 아, 아, 아,","아, 아, 아, 아, 아, 아, 아",,26.74,T4,구조검사 통과 시 유지,,8.042488619119878,18.89,P4,회귀검사 통과 시 유지
ADN-622,사진 대조 1차 교정본,394,"01:08:41,680 --> 01:08:42,100",0.42,응.,"아, 그러네.",그럼 가기 전까지…,반응형,,0.02,,,25.0,90.0,50.0,78.0,75.0,0.17864,0.0,66.0,0.0,0.0,0.5168,"하-, 응.",하아… 응.,,22.56,T4,구조검사 통과 시 유지,,1.5174506828528074,13.72,P4,회귀검사 통과 시 유지
ADN-622,사진 대조 1차 교정본,395,"01:08:42,900 --> 01:08:44,180",1.28,그럼 가기 전까지…,응.,기대되네.,반말형,,0.0,,,25.0,90.0,50.0,78.0,75.0,0.46702,0.0,66.0,0.0,0.0,0.1806,"그럼 일단,",그럼 일단,,34.68,T4,구조검사 통과 시 유지,,29.893778452200305,32.67,P4,회귀검사 통과 시 유지
ADN-622,사진 대조 1차 교정본,396,"01:08:44,820 --> 01:08:45,840",1.02,기대되네.,그럼 가기 전까지…,다음엔 뭐 하고 싶어?,반말형,,0.02,,,25.0,90.0,50.0,78.0,75.0,0.4393,0.0,66.0,0.0,0.0,0.0632,기쁘네.,좋아.,일본어 원문 대조 + 자연스러운 한국어 대사 교정,33.51,T4,구조검사 통과 시 유지,,26.707132018209407,30.65,P4,회귀검사 통과 시 유지
ADN-622,사진 대조 1차 교정본,397,"01:10:52,960 --> 01:10:54,120",1.16,다음엔 뭐 하고 싶어?,기대되네.,다음엔 뭐 하고 싶어?,반응형,,0.04,,,25.0,90.0,50.0,78.0,75.0,0.71536,0.0,66.0,0.0,0.0,0.4227,잘 빨고 싶어?,계속 빨고 싶어?,일본어 원문 대조 + 자연스러운 한국어 대사 교정,45.11,T3,화자·문맥·자연스러움 집중 검토,,82.09408194233687,60.64,P2,앞뒤 5블록·사진·오류 기억을 함께 검토
ADN-622,사진 대조 1차 교정본,398,"01:10:54,460 --> 01:10:55,680",1.22,다음엔 뭐 하고 싶어?,다음엔 뭐 하고 싶어?,오늘은 아무것도…,반응형,,0.04,,,25.0,90.0,50.0,78.0,75.0,0.62914,0.0,66.0,0.0,0.0,0.4227,잘 빨고 싶어?,계속 빨고 싶어?,일본어 원문 대조 + 자연스러운 한국어 대사 교정,41.48,T3,화자·문맥·자연스러움 집중 검토,,66.1608497723824,51.85,P3,말투·질문응답·가독성 위주 검토
ADN-622,사진 대조 1차 교정본,399,"01:10:56,000 --> 01:10:56,980",0.98,오늘은 아무것도…,다음엔 뭐 하고 싶어?,그럼 이거라면 안 들키니까.,반응형,,0.0,,,25.0,90.0,50.0,78.0,75.0,0.47175,0.0,66.0,0.0,0.0,0.289,차 안에는 따로 아무것도 없나요?,배 안에는 따로 볼 게 없나요?,'차 안' 사물 오인식 교정,34.87,T4,구조검사 통과 시 유지,,30.880121396054626,33.19,P4,회귀검사 통과 시 유지
ADN-622,사진 대조 1차 교정본,400,"01:10:57,820 --> 01:11:04,910",7.09,그럼 이거라면 안 들키니까.,오늘은 아무것도…,여기선 안 보여.,중립·혼합형,,0.02,,,25.0,90.0,50.0,78.0,75.0,0.69179,0.0,66.0,0.0,0.0,0.1594,들키면 안 돼.,소리 내면 안 돼.,손상된 일본어 ASR + 타임스탬프 사진 + 앞뒤 문맥 추론,44.12,T3,화자·문맥·자연스러움 집중 검토,,79.21092564491654,58.86,P2,앞뒤 5블록·사진·오류 기억을 함께 검토
ADN-622,사진 대조 1차 교정본,401,"01:11:23,960 --> 01:11:25,620",1.66,여기선 안 보여.,그럼 이거라면 안 들키니까.,여기선 다 보여.,중립·혼합형,,0.04,,,25.0,90.0,50.0,78.0,75.0,0.5892,0.0,66.0,0.0,0.0,0.6171,잘 안 보여.,"응, 그렇네.",일본어 원문 + 타임스탬프 사진 + 장면 연속성,39.81,T3,화자·문맥·자연스러움 집중 검토,,55.61456752655539,46.45,P3,말투·질문응답·가독성 위주 검토
ADN-622,사진 대조 1차 교정본,402,"01:11:26,140 --> 01:11:27,060",0.92,여기선 다 보여.,여기선 안 보여.,어?,중립·혼합형,,0.04,,,25.0,90.0,50.0,78.0,75.0,0.58195,0.0,66.0,0.0,0.0,0.5374,잘 안 보여.,"응, 그렇네.",일본어 원문 + 타임스탬프 사진 + 장면 연속성,39.5,T3,화자·문맥·자연스러움 집중 검토,,54.3247344461305,45.73,P3,말투·질문응답·가독성 위주 검토
ADN-622,사진 대조 1차 교정본,403,"01:11:27,260 --> 01:11:27,520",0.26,어?,여기선 다 보여.,갑자기 오면 어쩌려고?,반응형,,0.04,,,25.0,90.0,50.0,78.0,75.0,0.24647,0.0,66.0,0.0,0.0,0.343,어? 벗기고 싶다고? 응.,해 줬으면 좋겠어? 응.,손상된 일본어 ASR + 타임스탬프 사진 + 앞뒤 문맥 추론,25.41,T4,구조검사 통과 시 유지,,4.855842185128983,16.78,P4,회귀검사 통과 시 유지
ADN-622,사진 대조 1차 교정본,404,"01:11:29,240 --> 01:11:30,960",1.72,갑자기 오면 어쩌려고?,어?,전혀 안 격해.,반응형,,0.04,,,25.0,90.0,50.0,78.0,75.0,0.46754,0.0,66.0,0.0,0.0,0.2345,남자는 갑자기 일어나 입을 닦았다.,남자는 갑자기 몸을 일으키며 입에서 자지를 뺐다.,,34.7,T4,구조검사 통과 시 유지,,30.045523520485585,32.75,P4,회귀검사 통과 시 유지
ADN-622,사진 대조 1차 교정본,405,"01:12:08,800 --> 01:12:10,380",1.58,전혀 안 격해.,갑자기 오면 어쩌려고?,"봐봐, 안 들키잖아.",반말형,,0.0,,,25.0,90.0,50.0,78.0,79.0,0.75351,0.0,66.0,0.0,0.0,0.3139,숨은 전혀 안 차네.,아직 전혀 안 취했네.,사진 장면 확인 및 한국어 번역투·ASR 오역 교정,46.95,T3,화자·문맥·자연스러움 집중 검토,,89.07435508345979,64.64,P2,앞뒤 5블록·사진·오류 기억을 함께 검토
ADN-622,사진 대조 1차 교정본,406,"01:12:51,210 --> 01:12:52,330",1.12,"봐봐, 안 들키잖아.",전혀 안 격해.,"아니, 조용히 가 버려…",반응형,,0.01,,,25.0,90.0,50.0,78.0,75.0,0.69478,0.0,66.0,0.0,0.0,0.5573,"봐봐, 봐봐, 봐봐, 봐봐.","봐봐, 봐봐.",일본어 원문 + 타임스탬프 사진 + 장면 연속성,44.24,T3,화자·문맥·자연스러움 집중 검토,,79.81790591805766,59.18,P2,앞뒤 5블록·사진·오류 기억을 함께 검토
ADN-622,사진 대조 1차 교정본,407,"01:12:52,490 --> 01:12:53,790",1.3,"아니, 조용히 가 버려…","봐봐, 안 들키잖아.","잠깐, 키스해 줘.",반응형,,0.01,,,25.0,90.0,50.0,78.0,75.0,0.73097,0.0,66.0,0.0,0.0,0.2896,"아니, 뜨거워.",몸이 뜨거워.,손상된 일본어 ASR + 타임스탬프 사진 + 앞뒤 문맥 추론,45.76,T3,화자·문맥·자연스러움 집중 검토,,84.44613050075873,62.01,P2,앞뒤 5블록·사진·오류 기억을 함께 검토
ADN-622,사진 대조 1차 교정본,408,"01:12:55,930 --> 01:12:56,850",0.92,"잠깐, 키스해 줘.","아니, 조용히 가 버려…",키스해 줘.,반응형,,0.03,,,25.0,90.0,50.0,78.0,79.0,0.83228,0.0,66.0,0.0,0.0,0.3404,"잠깐, 잠깐만 쉬게 해 주세요.","잠깐, 잠깐만… 그만해.",장면과 충돌한 표현 교정,50.26,T3,화자·문맥·자연스러움 집중 검토,,97.26858877086495,70.0,P2,앞뒤 5블록·사진·오류 기억을 함께 검토
ADN-622,사진 대조 1차 교정본,409,"01:14:52,280 --> 01:14:52,500",0.22,키스해 줘.,"잠깐, 키스해 줘.","안 돼, 안 돼, 안 돼.",반말형,,0.02,,,25.0,90.0,50.0,78.0,79.0,0.7506,0.0,66.0,43.64,0.0,0.2812,좀 더 해 줘.,보여?,일본어 원문 + 타임스탬프 사진 + 장면 연속성,51.19,T3,화자·문맥·자연스러움 집중 검토,high_cps,97.72382397572079,70.73,P2,앞뒤 5블록·사진·오류 기억을 함께 검토
ADN-622,사진 대조 1차 교정본,410,"01:14:53,780 --> 01:15:22,290",28.51,"안 돼, 안 돼, 안 돼.",키스해 줘.,"안 돼, 안 돼, 안 돼.",중립·혼합형,,0.02,,,25.0,90.0,50.0,78.0,75.0,0.48733,1.03,66.0,0.0,0.0,0.6586,안 돼.,"네, 놀랐어요.",타임스탬프 사진과 앞뒤 장면으로 대사 기능 복원,35.71,T3,화자·문맥·자연스러움 집중 검토,,34.59787556904401,35.24,P4,회귀검사 통과 시 유지
ADN-622,사진 대조 1차 교정본,411,"01:15:22,530 --> 01:15:28,920",6.39,"안 돼, 안 돼, 안 돼.","안 돼, 안 돼, 안 돼.",좋아.,중립·혼합형,,0.03,,,25.0,90.0,50.0,78.0,75.0,0.44711,1.03,66.0,0.0,0.0,0.6586,안 돼.,"네, 놀랐어요.",타임스탬프 사진과 앞뒤 장면으로 대사 기능 복원,34.02,T4,구조검사 통과 시 유지,,28.376327769347498,31.65,P4,회귀검사 통과 시 유지
ADN-622,사진 대조 1차 교정본,412,"01:15:29,900 --> 01:15:32,880",2.98,좋아.,"안 돼, 안 돼, 안 돼.","어, 위험해.",반응형,,0.0,,,25.0,90.0,50.0,78.0,75.0,0.18977,20.44,66.0,0.0,0.0,0.8203,"아, 좋아.","아, 들어온다.",,26.71,T4,구조검사 통과 시 유지,,7.814871016691957,18.77,P4,회귀검사 통과 시 유지
ADN-622,사진 대조 1차 교정본,413,"01:15:32,880 --> 01:15:34,020",1.14,"어, 위험해.",좋아.,좀 기분 좋아?,반응형,,0.02,,,25.0,90.0,50.0,78.0,75.0,0.50781,27.23,66.0,0.0,0.0,0.8769,위험해.,큰일 나.,,41.29,T3,화자·문맥·자연스러움 집중 검토,,64.87101669195751,51.19,P3,말투·질문응답·가독성 위주 검토
ADN-622,사진 대조 1차 교정본,414,"01:16:26,270 --> 01:16:27,310",1.04,좀 기분 좋아?,"어, 위험해.",느꼈나 보네.,반응형,,0.03,,,25.0,90.0,50.0,78.0,75.0,0.61447,0.0,66.0,0.0,0.0,0.5645,"아, 거기... 기분 좋아?","아, 거기… 기분 좋아?",,40.87,T3,화자·문맥·자연스러움 집중 검토,,62.06373292867981,49.77,P3,말투·질문응답·가독성 위주 검토
ADN-622,사진 대조 1차 교정본,415,"01:16:27,550 --> 01:16:27,710",0.16,느꼈나 보네.,좀 기분 좋아?,자국 남기지 마.,반말형,,0.05,,,25.0,90.0,50.0,78.0,75.0,0.66863,0.0,66.0,70.0,0.0,0.3014,오늘 색다른 경험을 다 해 보네.,오늘 색다른 경험은 다 해 보네.,조사 교정,50.14,T3,화자·문맥·자연스러움 집중 검토,high_cps,97.11684370257967,69.87,P2,앞뒤 5블록·사진·오류 기억을 함께 검토
ADN-622,사진 대조 1차 교정본,416,"01:17:12,270 --> 01:17:13,450",1.18,자국 남기지 마.,느꼈나 보네.,"잠깐, 아파.",반말형,,0.03,,,25.0,90.0,50.0,78.0,75.0,0.6231,0.0,66.0,0.0,0.0,0.3009,하지 마.,잠깐만.,손상된 일본어 ASR + 타임스탬프 사진 + 앞뒤 문맥 추론,41.23,T3,화자·문맥·자연스러움 집중 검토,,64.11229135053111,50.84,P3,말투·질문응답·가독성 위주 검토
ADN-622,사진 대조 1차 교정본,417,"01:17:33,220 --> 01:17:33,780",0.56,"잠깐, 아파.",자국 남기지 마.,"아, 아파.",반응형,,0.02,,,25.0,90.0,50.0,78.0,75.0,0.40576,0.0,66.0,0.0,0.0,0.5772,배가 아파.,안쪽이 아파.,,32.1,T4,구조검사 통과 시 유지,,22.003034901365705,27.86,P4,회귀검사 통과 시 유지
ADN-622,사진 대조 1차 교정본,418,"01:17:34,240 --> 01:18:11,440",37.2,"아, 아파.","잠깐, 아파.","하아, 하아…",반응형,,0.04,,,25.0,90.0,50.0,78.0,75.0,0.54653,6.86,66.0,0.0,0.0,0.7071,배가 아파.,안쪽이 아파.,,39.25,T3,화자·문맥·자연스러움 집중 검토,,51.97268588770865,44.59,P3,말투·질문응답·가독성 위주 검토
ADN-622,사진 대조 1차 교정본,419,"01:18:11,440 --> 01:18:12,200",0.76,"하아, 하아…","아, 아파.",너무 많이 쌌나 봐.,반응형,,0.04,,,25.0,90.0,50.0,78.0,75.0,0.4048,19.25,66.0,0.0,0.0,0.8104,하아…,보여 줘.,일본어 원문 + 타임스탬프 사진 + 장면 연속성,35.53,T3,화자·문맥·자연스러움 집중 검토,,33.38391502276176,34.63,P4,회귀검사 통과 시 유지
ADN-622,사진 대조 1차 교정본,420,"01:18:14,180 --> 01:18:15,260",1.08,너무 많이 쌌나 봐.,"하아, 하아…","- 셋이 같이 카레 먹으니까 맛있네.
- 그러게요.",중립·혼합형,,0.02,,,25.0,90.0,50.0,78.0,75.0,0.75476,0.0,66.0,0.0,0.0,0.3719,너무 많이 지워 버렸어.,엄청 젖어 버렸어.,사진 장면 확인 및 한국어 번역투·ASR 오역 교정,46.76,T3,화자·문맥·자연스러움 집중 검토,,88.61911987860395,64.34,P2,앞뒤 5블록·사진·오류 기억을 함께 검토
ADN-622,사진 대조 1차 교정본,421,"01:18:36,530 --> 01:18:42,030",5.5,"- 셋이 같이 카레 먹으니까 맛있네.
- 그러게요.",너무 많이 쌌나 봐.,"그치?
네.",반말형,,0.03,식사 장면 화자 분리,높음,58.0,96.0,86.0,78.0,42.0,0.53345,14.81,22.0,0.0,0.0,0.7734,카레를 다 같이 먹으니까 맛있네. 그러게요.,- 셋이 같이 카레 먹으니까 맛있네. - 그러게요.,식사 장면 화자 분리,22.4,T4,구조검사 통과 시 유지,,1.2139605462822458,13.5,P4,회귀검사 통과 시 유지
ADN-622,사진 대조 1차 교정본,422,"01:18:43,370 --> 01:18:45,430",2.06,"그치?
네.","- 셋이 같이 카레 먹으니까 맛있네.
- 그러게요.","유우 군, 학원 늦겠어.",반말형,,0.03,,,25.0,90.0,50.0,78.0,75.0,0.32376,0.0,66.0,0.0,0.0,0.4481,우리도 그러고 싶죠. 그치?,저희도 그러고 싶어요. 그렇지?,한국어 자연화,28.66,T4,구조검사 통과 시 유지,,12.670713201820941,21.94,P4,회귀검사 통과 시 유지
ADN-622,사진 대조 1차 교정본,423,"01:19:38,800 --> 01:19:41,300",2.5,"유우 군, 학원 늦겠어.","그치?
네.","저기, 잠깐 이리 와봐. 빨아 줘.",반응형,,0.0,,,25.0,90.0,50.0,78.0,75.0,0.77386,0.0,66.0,0.0,0.0,0.4398,"머, 뭐 하는 거야? 학원은? 늦겠어.","뭐, 뭐 하는 거야? 학원은? 늦겠어.",오탈자 및 줄바꿈 교정,47.56,T3,화자·문맥·자연스러움 집중 검토,,90.59180576631259,65.63,P2,앞뒤 5블록·사진·오류 기억을 함께 검토
ADN-622,사진 대조 1차 교정본,424,"01:19:44,220 --> 01:20:00,960",16.74,"저기, 잠깐 이리 와봐. 빨아 줘.","유우 군, 학원 늦겠어.",엄마가 될 거라며.,중립·혼합형,,0.02,,,25.0,90.0,50.0,78.0,75.0,0.86231,0.0,66.0,0.0,0.0,0.2837,"저, 저기, 잠깐만 쉬게 해 주세요.","저기, 잠깐만… 그만해.",장면과 충돌한 긴 반복 자막 교정,51.28,T3,화자·문맥·자연스러움 집중 검토,,98.17905918057663,70.98,P2,앞뒤 5블록·사진·오류 기억을 함께 검토
ADN-622,사진 대조 1차 교정본,425,"01:20:02,480 --> 01:20:03,820",1.34,엄마가 될 거라며.,"저기, 잠깐 이리 와봐. 빨아 줘.","나도 유우 군처럼
어머니가 없는 가정에서 자랐어.",중립·혼합형,,0.02,,,25.0,90.0,50.0,78.0,75.0,0.67236,0.0,66.0,0.0,0.0,0.2449,엄마가 닦아줬었어? 응.,어릴 때 엄마가 닦아 줬어? 응.,일본어 원문 대조 + 자연스러운 한국어 대사 교정,43.3,T3,화자·문맥·자연스러움 집중 검토,,75.64491654021245,56.88,P3,말투·질문응답·가독성 위주 검토
ADN-622,사진 대조 1차 교정본,426,"01:20:07,040 --> 01:20:11,400",4.36,"나도 유우 군처럼
어머니가 없는 가정에서 자랐어.",엄마가 될 거라며.,흐응.,중립·혼합형,,0.04,,,25.0,90.0,50.0,78.0,75.0,0.65052,0.0,66.0,0.0,0.0,0.1225,나도 조건이 있어.,대신 조건이 하나 있어.,사진 장면 확인 및 한국어 번역투 교정,42.38,T3,화자·문맥·자연스러움 집중 검토,,70.8649468892261,54.34,P3,말투·질문응답·가독성 위주 검토
ADN-622,사진 대조 1차 교정본,427,"01:20:13,420 --> 01:20:14,120",0.7,흐응.,"나도 유우 군처럼
어머니가 없는 가정에서 자랐어.",쿠미 씨 어머니도 병으로 돌아가셨어?,반응형,,0.02,,,25.0,90.0,50.0,78.0,75.0,0.28416,0.0,66.0,0.0,0.0,0.1206,"하-, 응.",하아… 응.,,26.99,T4,구조검사 통과 시 유지,,8.649468892261002,19.29,P4,회귀검사 통과 시 유지
ADN-622,사진 대조 1차 교정본,428,"01:20:16,340 --> 01:20:19,980",3.64,쿠미 씨 어머니도 병으로 돌아가셨어?,흐응.,외도하고 날 두고 집을 나가셨어.,반응형,,0.04,,,25.0,90.0,50.0,78.0,75.0,0.7288,0.0,66.0,0.0,0.0,0.1378,두 번째 자세로 다시 돌아가 주세요.,두 번째 자세로 다시 해 주세요.,사진 속 자세 전환에 맞게 간결화,45.67,T3,화자·문맥·자연스러움 집중 검토,,84.2185128983308,61.86,P2,앞뒤 5블록·사진·오류 기억을 함께 검토
ADN-622,사진 대조 1차 교정본,429,"01:20:22,820 --> 01:20:25,600",2.78,외도하고 날 두고 집을 나가셨어.,쿠미 씨 어머니도 병으로 돌아가셨어?,지독한 엄마네.,반응형,,0.02,,,25.0,90.0,50.0,78.0,75.0,0.71921,0.0,66.0,0.0,0.0,0.0993,이렇게 귀여운 여자를 혼자 두고 가버리려고?,이렇게 귀여운 여자를 혼자 두고 가 버리려고?,,45.27,T3,화자·문맥·자연스러움 집중 검토,,83.00455235204855,61.12,P2,앞뒤 5블록·사진·오류 기억을 함께 검토
ADN-622,사진 대조 1차 교정본,430,"01:20:29,290 --> 01:20:30,890",1.6,지독한 엄마네.,외도하고 날 두고 집을 나가셨어.,"그래서 나한테 가족이 생기면
제대로 된 엄마가 되고 싶었어.",반말형,,0.01,,,25.0,90.0,50.0,78.0,75.0,0.4702,0.0,66.0,0.0,0.0,0.1079,엄마?,왜?,타임스탬프 사진과 장면 흐름으로 명백한 오인식 교정,34.81,T4,구조검사 통과 시 유지,,30.500758725341427,33.0,P4,회귀검사 통과 시 유지
ADN-622,사진 대조 1차 교정본,431,"01:20:35,410 --> 01:20:41,270",5.86,"그래서 나한테 가족이 생기면
제대로 된 엄마가 되고 싶었어.",지독한 엄마네.,그래서 나랑 섹스하는 거야?,중립·혼합형,,0.01,,,25.0,90.0,50.0,78.0,75.0,0.62168,0.0,66.0,0.0,0.0,0.3233,정말 하고 싶었어.,봐도 돼?,일본어 원문 + 타임스탬프 사진 + 장면 연속성,41.17,T3,화자·문맥·자연스러움 집중 검토,,63.80880121396054,50.68,P3,말투·질문응답·가독성 위주 검토
ADN-622,사진 대조 1차 교정본,432,"01:20:47,360 --> 01:20:49,040",1.68,그래서 나랑 섹스하는 거야?,"그래서 나한테 가족이 생기면
제대로 된 엄마가 되고 싶었어.","유우 군에게 애정을 전하고
도와주고 싶어서야.",반말형,,0.04,,,25.0,90.0,50.0,78.0,75.0,0.65288,0.0,66.0,0.0,0.0,0.2669,뭐라고 하는 거야?,뭐라고 말해야 해?,일본어 원문 대조 + 자연스러운 한국어 대사 교정,42.48,T3,화자·문맥·자연스러움 집중 검토,,71.16843702579666,54.53,P3,말투·질문응답·가독성 위주 검토
ADN-622,사진 대조 1차 교정본,433,"01:20:51,600 --> 01:20:55,080",3.48,"유우 군에게 애정을 전하고
도와주고 싶어서야.",그래서 나랑 섹스하는 거야?,짜증 나.,반말형,,0.0,,,25.0,90.0,50.0,78.0,75.0,0.59352,0.0,66.0,0.0,0.0,0.1139,기분 좋게 해 주고 싶어요.,제가 해 볼게요.,앞 블록과 중복된 문장 정리,39.99,T3,화자·문맥·자연스러움 집중 검토,,56.145675265553876,46.78,P3,말투·질문응답·가독성 위주 검토
ADN-622,사진 대조 1차 교정본,434,"01:20:57,580 --> 01:20:58,720",1.14,짜증 나.,"유우 군에게 애정을 전하고
도와주고 싶어서야.",기분 좋게 해 줘. 이렇게 말이지.,중립·혼합형,,0.02,,,25.0,90.0,50.0,78.0,75.0,0.46122,0.0,66.0,0.0,0.0,0.2507,"나는..., 나.",나는…,,34.43,T4,구조검사 통과 시 유지,,28.98330804248862,32.14,P4,회귀검사 통과 시 유지
ADN-622,사진 대조 1차 교정본,435,"01:21:08,280 --> 01:21:10,620",2.34,기분 좋게 해 줘. 이렇게 말이지.,짜증 나.,엄마가 될 거라며.,반말형,,0.02,,,25.0,90.0,50.0,78.0,75.0,0.79164,0.0,66.0,0.0,0.0,0.3198,기분 좋게 해 주고 싶어요.,제가 해 볼게요.,앞 블록과 중복된 문장 정리,48.31,T3,화자·문맥·자연스러움 집중 검토,,92.71623672230652,66.96,P2,앞뒤 5블록·사진·오류 기억을 함께 검토
ADN-622,사진 대조 1차 교정본,436,"01:21:13,300 --> 01:21:14,660",1.36,엄마가 될 거라며.,기분 좋게 해 줘. 이렇게 말이지.,도와주고 싶다고 말할 거면 말이야.,중립·혼합형,,0.0,,,25.0,90.0,50.0,78.0,75.0,0.61856,0.0,66.0,0.0,0.0,0.2449,엄마가 닦아줬었어? 응.,어릴 때 엄마가 닦아 줬어? 응.,일본어 원문 대조 + 자연스러운 한국어 대사 교정,41.04,T3,화자·문맥·자연스러움 집중 검토,,63.12594840667678,50.32,P3,말투·질문응답·가독성 위주 검토
ADN-622,사진 대조 1차 교정본,437,"01:21:16,680 --> 01:21:18,500",1.82,도와주고 싶다고 말할 거면 말이야.,엄마가 될 거라며.,기분 좋게 해달라고.,반말형,,0.02,,,25.0,90.0,50.0,78.0,75.0,0.78532,0.0,66.0,0.0,0.0,0.3819,유두 말이야.,젖꼭지 말이야.,,48.04,T3,화자·문맥·자연스러움 집중 검토,,92.18512898330803,66.58,P2,앞뒤 5블록·사진·오류 기억을 함께 검토
ADN-622,사진 대조 1차 교정본,438,"01:21:22,400 --> 01:21:23,440",1.04,기분 좋게 해달라고.,도와주고 싶다고 말할 거면 말이야.,으음…,반말형,,0.0,,,25.0,90.0,50.0,78.0,75.0,0.58135,0.0,66.0,0.0,0.0,0.3286,기분 좋게 해 주고 싶어요.,제가 해 볼게요.,앞 블록과 중복된 문장 정리,39.48,T3,화자·문맥·자연스러움 집중 검토,,54.02124430955993,45.59,P3,말투·질문응답·가독성 위주 검토
ADN-622,사진 대조 1차 교정본,439,"01:21:23,440 --> 01:21:27,440",4.0,으음…,기분 좋게 해달라고.,알았어.,반응형,,0.04,,,25.0,90.0,50.0,78.0,75.0,0.29504,0.0,66.0,0.0,0.0,0.2694,"으음, 으음...","으음, 으음…",,27.45,T4,구조검사 통과 시 유지,,9.863429438543248,20.06,P4,회귀검사 통과 시 유지
ADN-622,사진 대조 1차 교정본,440,"01:21:29,580 --> 01:21:30,020",0.44,알았어.,으음…,엄마로서!,반응형,,0.02,,,25.0,90.0,50.0,78.0,75.0,0.38155,0.0,66.0,0.0,0.0,0.6275,이제 알았어...,[불명],,31.08,T4,구조검사 통과 시 유지,,18.361153262518968,25.74,P4,회귀검사 통과 시 유지
ADN-622,사진 대조 1차 교정본,441,"01:21:46,520 --> 01:21:48,380",1.86,엄마로서!,알았어.,"그만하자, 이런 건.
유우 군에게 좋지 않으니까.",중립·혼합형,,0.02,,,25.0,90.0,50.0,78.0,75.0,0.21646,0.0,66.0,0.0,0.0,0.122,엄마?,왜?,타임스탬프 사진과 장면 흐름으로 명백한 오인식 교정,24.15,T4,구조검사 통과 시 유지,,3.0349013657056148,15.28,P4,회귀검사 통과 시 유지
ADN-622,사진 대조 1차 교정본,442,"01:21:50,540 --> 01:21:55,560",5.02,"그만하자, 이런 건.
유우 군에게 좋지 않으니까.",엄마로서!,상관없어. 짜증 나게 굴지 마.,반말형,,0.04,,,25.0,90.0,50.0,78.0,75.0,0.59381,0.0,66.0,0.0,0.0,0.1947,"이런 건 좀처럼 가르쳐주지 않으니까, 모처럼이니까, 자, 자지 빠는 법도 봐봐.","이런 건 좀처럼 가르쳐 주지 않으니까 모처럼이니까, 자, 자지 빠는 법도 봐봐.",,40.0,T3,화자·문맥·자연스러움 집중 검토,,56.373292867981796,46.88,P3,말투·질문응답·가독성 위주 검토
ADN-622,사진 대조 1차 교정본,443,"01:21:55,800 --> 01:21:57,760",1.96,상관없어. 짜증 나게 굴지 마.,"그만하자, 이런 건.
유우 군에게 좋지 않으니까.",엄마라면 이 정도는 해 줘야지.,반응형,,0.0,,,25.0,90.0,50.0,78.0,75.0,0.74483,0.0,66.0,0.0,0.0,0.2342,하지 마.,잠깐만.,손상된 일본어 ASR + 타임스탬프 사진 + 앞뒤 문맥 추론,46.34,T3,화자·문맥·자연스러움 집중 검토,,86.49468892261002,63.2,P2,앞뒤 5블록·사진·오류 기억을 함께 검토
ADN-622,사진 대조 1차 교정본,444,"01:22:07,250 --> 01:22:12,890",5.64,엄마라면 이 정도는 해 줘야지.,상관없어. 짜증 나게 굴지 마.,하지만 진정해.,반말형,,0.05,,,25.0,90.0,50.0,78.0,75.0,0.77129,0.0,66.0,0.0,0.0,0.1011,좀 더 해 줘.,보여?,일본어 원문 + 타임스탬프 사진 + 장면 연속성,47.45,T3,화자·문맥·자연스러움 집중 검토,,90.2124430955994,65.41,P2,앞뒤 5블록·사진·오류 기억을 함께 검토
ADN-622,사진 대조 1차 교정본,445,"01:22:15,030 --> 01:22:16,270",1.24,하지만 진정해.,엄마라면 이 정도는 해 줘야지.,기분 좋게 해달라고.,반말형,,0.03,,,25.0,90.0,50.0,78.0,75.0,0.52335,0.0,66.0,0.0,0.0,0.2439,"하지만 앨리스, 이걸 사랑해 줘.","앨리스, 더 느껴 줘.",부자연스러운 명령문을 장면에 맞게 교정,37.04,T3,화자·문맥·자연스러움 집중 검토,,40.591805766312596,38.53,P4,회귀검사 통과 시 유지
ADN-622,사진 대조 1차 교정본,446,"01:22:33,430 --> 01:22:34,630",1.2,기분 좋게 해달라고.,하지만 진정해.,"아, 끝내준다.",반말형,,0.03,,,25.0,90.0,50.0,78.0,75.0,0.5414,0.0,66.0,0.0,0.0,0.3286,기분 좋게 해 주고 싶어요.,제가 해 볼게요.,앞 블록과 중복된 문장 정리,37.8,T3,화자·문맥·자연스러움 집중 검토,,44.08194233687405,40.44,P3,말투·질문응답·가독성 위주 검토
ADN-622,사진 대조 1차 교정본,447,"01:22:52,120 --> 01:22:53,760",1.64,"아, 끝내준다.",기분 좋게 해달라고.,"저기, 엄마가 될 거라며.",반응형,,0.02,,,25.0,90.0,50.0,78.0,75.0,0.5538,0.0,66.0,0.0,0.0,0.2996,"아, 아, 아, 아, 아, 아, 아,","아, 아, 아, 아, 아, 아, 아",,38.32,T3,화자·문맥·자연스러움 집중 검토,,47.192716236722305,42.05,P3,말투·질문응답·가독성 위주 검토
ADN-622,사진 대조 1차 교정본,448,"01:23:01,310 --> 01:23:04,090",2.78,"저기, 엄마가 될 거라며.","아, 끝내준다.",그러니까 깊숙이 빨아 줘.,중립·혼합형,,0.01,,,25.0,90.0,50.0,78.0,75.0,0.72362,0.0,66.0,0.0,0.0,0.2503,"저, 저기, 잠깐만 쉬게 해 주세요.","저기, 잠깐만… 그만해.",장면과 충돌한 긴 반복 자막 교정,45.45,T3,화자·문맥·자연스러움 집중 검토,,83.4597875569044,61.41,P2,앞뒤 5블록·사진·오류 기억을 함께 검토
ADN-622,사진 대조 1차 교정본,449,"01:23:04,090 --> 01:23:42,300",38.21,그러니까 깊숙이 빨아 줘.,"저기, 엄마가 될 거라며.",깊숙이 빨아달라고.,반응형,,0.01,,,25.0,90.0,50.0,78.0,75.0,0.81338,0.0,66.0,0.0,0.0,0.4556,그러니까 아직 안 왔어요.,아직 안 왔네요.,사진 장면 확인 및 한국어 번역투·ASR 오역 교정,49.22,T3,화자·문맥·자연스러움 집중 검토,,95.75113808801214,68.76,P2,앞뒤 5블록·사진·오류 기억을 함께 검토
ADN-622,사진 대조 1차 교정본,450,"01:24:05,470 --> 01:24:06,790",1.32,깊숙이 빨아달라고.,그러니까 깊숙이 빨아 줘.,"자, 어서 해 줘.",반응형,,0.03,,,25.0,90.0,50.0,78.0,75.0,0.68326,0.0,66.0,0.0,0.0,0.1889,뜨거운 정액이 안쪽 깊숙이 한꺼번에 쏟아졌다.,뜨거운 정액이 보지 깊숙이 한꺼번에 쏟아졌다.,,43.76,T3,화자·문맥·자연스러움 집중 검토,,77.69347496206373,58.01,P2,앞뒤 5블록·사진·오류 기억을 함께 검토
ADN-622,사진 대조 1차 교정본,451,"01:24:06,790 --> 01:24:08,270",1.48,"자, 어서 해 줘.",깊숙이 빨아달라고.,"자, 더 해 줘. 어서.",반응형,,0.01,,,25.0,90.0,50.0,78.0,75.0,0.65192,0.0,66.0,0.0,0.0,0.4205,좀 더 해 줘.,보여?,일본어 원문 + 타임스탬프 사진 + 장면 연속성,42.44,T3,화자·문맥·자연스러움 집중 검토,,71.01669195751138,54.44,P3,말투·질문응답·가독성 위주 검토
ADN-622,사진 대조 1차 교정본,452,"01:24:08,530 --> 01:24:25,500",16.97,"자, 더 해 줘. 어서.","자, 어서 해 줘.",짜증 나게 하지 말고.,반응형,,0.03,,,25.0,90.0,50.0,78.0,75.0,0.8119,0.0,66.0,0.0,0.0,0.4977,좀 더 해 줘.,보여?,일본어 원문 + 타임스탬프 사진 + 장면 연속성,49.16,T3,화자·문맥·자연스러움 집중 검토,,95.59939301972686,68.66,P2,앞뒤 5블록·사진·오류 기억을 함께 검토
ADN-622,사진 대조 1차 교정본,453,"01:24:31,720 --> 01:24:32,960",1.24,짜증 나게 하지 말고.,"자, 더 해 줘. 어서.",이렇게 해야지.,반말형,,0.02,,,25.0,90.0,50.0,78.0,75.0,0.75362,0.0,66.0,0.0,0.0,0.2605,하지 마.,잠깐만.,손상된 일본어 ASR + 타임스탬프 사진 + 앞뒤 문맥 추론,46.71,T3,화자·문맥·자연스러움 집중 검토,,88.31562974203338,64.18,P2,앞뒤 5블록·사진·오류 기억을 함께 검토
ADN-622,사진 대조 1차 교정본,454,"01:24:51,220 --> 01:24:52,080",0.86,이렇게 해야지.,짜증 나게 하지 말고.,"열심히 해야지. 깊숙이, 자.",반말형,,0.02,,,25.0,90.0,50.0,78.0,75.0,0.60111,0.0,66.0,0.0,0.0,0.3287,"더 부탁한다고 해야지. 자, 자, 하지메 군을 위한 거 아니야?",더 해 달라고 말해야지. 하지메 군을 위해서 하는 거잖아?,사진 장면 확인 및 한국어 번역투·ASR 오역 교정,40.31,T3,화자·문맥·자연스러움 집중 검토,,58.649468892261005,48.01,P3,말투·질문응답·가독성 위주 검토
ADN-622,사진 대조 1차 교정본,455,"01:24:54,920 --> 01:24:57,740",2.82,"열심히 해야지. 깊숙이, 자.",이렇게 해야지.,"열심히 하하겠다며, 어서.",반말형,,0.02,,,25.0,90.0,50.0,78.0,75.0,0.72449,0.0,66.0,0.0,0.0,0.2658,잘 자.,조금만 천천히…,타임스탬프 사진으로 장면 불일치 확인 후 재복원,45.49,T3,화자·문맥·자연스러움 집중 검토,,83.61153262518968,61.5,P2,앞뒤 5블록·사진·오류 기억을 함께 검토
ADN-622,사진 대조 1차 교정본,456,"01:25:06,580 --> 01:25:07,780",1.2,"열심히 하하겠다며, 어서.","열심히 해야지. 깊숙이, 자.",더 해달라고.,반응형,,0.02,,,25.0,90.0,50.0,78.0,75.0,0.71864,0.0,66.0,0.0,0.0,0.2694,열심히 하겠습니다.,힘내 볼게요.,,45.24,T3,화자·문맥·자연스러움 집중 검토,,82.77693474962064,61.01,P2,앞뒤 5블록·사진·오류 기억을 함께 검토
ADN-622,사진 대조 1차 교정본,457,"01:25:23,300 --> 01:25:24,220",0.92,더 해달라고.,"열심히 하하겠다며, 어서.",애정을 듬뿍 쏟아준다며.,반말형,,0.0,,,25.0,90.0,50.0,78.0,75.0,0.58136,0.0,66.0,0.0,0.0,0.1644,좀 더 해 줘.,보여?,일본어 원문 + 타임스탬프 사진 + 장면 연속성,39.48,T3,화자·문맥·자연스러움 집중 검토,,54.02124430955993,45.59,P3,말투·질문응답·가독성 위주 검토
ADN-622,사진 대조 1차 교정본,458,"01:25:40,220 --> 01:25:42,400",2.18,애정을 듬뿍 쏟아준다며.,더 해달라고.,잔뜩 빨아 줘.,반응형,,0.02,,,25.0,90.0,50.0,78.0,75.0,0.79238,0.0,66.0,0.0,0.0,0.0825,다리를 꼬아 푹 삶아준다.,[불명],,48.34,T3,화자·문맥·자연스러움 집중 검토,,93.01972685887708,67.11,P2,앞뒤 5블록·사진·오류 기억을 함께 검토
ADN-622,사진 대조 1차 교정본,459,"01:26:38,080 --> 01:26:40,260",2.18,잔뜩 빨아 줘.,애정을 듬뿍 쏟아준다며.,멈추지 마.,반응형,,0.02,,,25.0,90.0,50.0,78.0,75.0,0.78357,0.0,66.0,0.0,0.0,0.3997,잔뜩 쌀 거야.,걱정 마.,화면 영문 자막 대조,47.97,T3,화자·문맥·자연스러움 집중 검토,,91.95751138088012,66.44,P2,앞뒤 5블록·사진·오류 기억을 함께 검토
ADN-622,사진 대조 1차 교정본,460,"01:26:46,180 --> 01:26:47,580",1.4,멈추지 마.,잔뜩 빨아 줘.,응?,반말형,,0.02,,,25.0,90.0,50.0,78.0,75.0,0.58933,0.0,66.0,0.0,0.0,0.5167,멈추지 말고 계속하자.,멈추지 말고 계속해.,사진 장면 확인 및 한국어 번역투 교정,39.81,T3,화자·문맥·자연스러움 집중 검토,,55.61456752655539,46.45,P3,말투·질문응답·가독성 위주 검토
ADN-622,사진 대조 1차 교정본,461,"01:26:51,160 --> 01:26:51,200",0.04,응?,멈추지 마.,"- 열심히 할게… - 전혀 안 좋거든.
더 깊이 넣어, 어서.",반응형,,0.04,,,25.0,90.0,50.0,78.0,75.0,0.32023,0.0,66.0,70.0,0.0,0.4665,응? 잠깐 기다려…,응? 잠깐만…,일본어 원문 대조 + 자연스러운 한국어 대사 교정,35.51,T3,화자·문맥·자연스러움 집중 검토,high_cps,33.23216995447648,34.55,P4,회귀검사 통과 시 유지
ADN-622,사진 대조 1차 교정본,462,"01:26:51,820 --> 01:27:33,920",42.1,"- 열심히 할게… - 전혀 안 좋거든.
더 깊이 넣어, 어서.",응?,"아, 그래. 깊숙이 해야지, 자.",중립·혼합형,,0.02,,,25.0,90.0,72.0,78.0,83.0,0.8496,0.0,66.0,0.0,0.0,0.2161,다음엔 열심히 할게요.,다음엔 더 열심히 할게요.,사진 장면 확인 및 한국어 번역투·ASR 오역 교정,51.22,T3,화자·문맥·자연스러움 집중 검토,,97.95144157814872,70.85,P2,앞뒤 5블록·사진·오류 기억을 함께 검토
ADN-622,사진 대조 1차 교정본,463,"01:27:37,360 --> 01:27:49,220",11.86,"아, 그래. 깊숙이 해야지, 자.","- 열심히 할게… - 전혀 안 좋거든.
더 깊이 넣어, 어서.",더. 어서 해달라고.,반응형,,0.04,,,25.0,90.0,50.0,78.0,75.0,0.73508,0.0,66.0,0.0,0.0,0.513,"아, 그래.",간다.,화면 영문 자막 대조,45.93,T3,화자·문맥·자연스러움 집중 검토,,85.28072837632777,62.46,P2,앞뒤 5블록·사진·오류 기억을 함께 검토
ADN-622,사진 대조 1차 교정본,464,"01:28:25,710 --> 01:28:29,030",3.32,더. 어서 해달라고.,"아, 그래. 깊숙이 해야지, 자.","구석구석까지 전부
빨아줄 수 있잖아?",반응형,,0.01,,,25.0,90.0,50.0,78.0,75.0,0.6943,0.0,66.0,0.0,0.0,0.2287,어서 오세요.,거기 좋아요…,타임스탬프 사진과 장면 흐름으로 명백한 오인식 교정,44.22,T3,화자·문맥·자연스러움 집중 검토,,79.5144157814871,59.04,P2,앞뒤 5블록·사진·오류 기억을 함께 검토
ADN-622,사진 대조 1차 교정본,465,"01:28:30,290 --> 01:28:37,670",7.38,"구석구석까지 전부
빨아줄 수 있잖아?",더. 어서 해달라고.,"이쪽도 잔뜩 빨아서
깨끗하게 해 줄 수 있잖아?",반응형,,0.01,,,25.0,90.0,50.0,78.0,75.0,0.57347,0.0,66.0,0.0,0.0,0.1805,빨아줄게.,빨아 줄게.,,39.15,T3,화자·문맥·자연스러움 집중 검토,,51.289833080424884,44.25,P3,말투·질문응답·가독성 위주 검토
ADN-622,사진 대조 1차 교정본,466,"01:28:39,830 --> 01:28:54,760",14.93,"이쪽도 잔뜩 빨아서
깨끗하게 해 줄 수 있잖아?","구석구석까지 전부
빨아줄 수 있잖아?","움직여 줄게. 움직여 줄 테니까.
왜 도망치고 그래?",반말형,,0.03,,,25.0,90.0,50.0,78.0,75.0,0.62339,0.0,66.0,0.0,0.0,0.3625,입으로 깨끗하게 해줘.,입으로 깨끗하게 해 줘.,,41.24,T3,화자·문맥·자연스러움 집중 검토,,64.33990895295902,50.94,P3,말투·질문응답·가독성 위주 검토
ADN-622,사진 대조 1차 교정본,467,"01:29:32,310 --> 01:29:49,750",17.44,"움직여 줄게. 움직여 줄 테니까.
왜 도망치고 그래?","이쪽도 잔뜩 빨아서
깨끗하게 해 줄 수 있잖아?","엄마라면 아들을 봐야지.
나를 보면서 빨아 줘.",중립·혼합형,,0.01,,,25.0,90.0,50.0,78.0,83.0,0.90139,0.0,66.0,0.0,0.0,0.5776,역시 움직여 줄게.,이제 움직여 줄게.,사진 장면 확인 및 한국어 번역투·ASR 오역 교정,53.4,T3,화자·문맥·자연스러움 집중 검토,,99.2412746585736,72.65,P1,장면 패킷을 열고 후보 3개를 생성해 반증 검토
ADN-622,사진 대조 1차 교정본,468,"01:30:15,800 --> 01:30:23,760",7.96,"엄마라면 아들을 봐야지.
나를 보면서 빨아 줘.","움직여 줄게. 움직여 줄 테니까.
왜 도망치고 그래?","손은 안 써요?
할 수 있잖아요, 어서.",반말형,,0.0,,,25.0,90.0,50.0,78.0,75.0,0.51346,0.0,66.0,0.0,0.0,0.2454,이쪽 보면서 할 수 있어.,이쪽 보면서 해 줘.,일본어 원문 대조 + 자연스러운 한국어 대사 교정,36.63,T3,화자·문맥·자연스러움 집중 검토,,37.93626707132019,37.18,P4,회귀검사 통과 시 유지
ADN-622,사진 대조 1차 교정본,469,"01:30:27,760 --> 01:30:33,760",6.0,"손은 안 써요?
할 수 있잖아요, 어서.","엄마라면 아들을 봐야지.
나를 보면서 빨아 줘.","깊숙이, 깊숙이.",중립·혼합형,,0.04,,,25.0,90.0,50.0,78.0,75.0,0.5344,0.0,66.0,0.0,0.0,0.1641,서 있잖아.,완전히 서 있잖아.,일본어 원문 대조 + 자연스러운 한국어 대사 교정,37.5,T3,화자·문맥·자연스러움 집중 검토,,42.03338391502276,39.4,P4,회귀검사 통과 시 유지
ADN-622,사진 대조 1차 교정본,470,"01:30:40,040 --> 01:30:42,600",2.56,"깊숙이, 깊숙이.","손은 안 써요?
할 수 있잖아요, 어서.",내가 할 테니까.,중립·혼합형,,0.04,,,25.0,90.0,50.0,78.0,75.0,0.34117,0.0,66.0,0.0,0.0,0.5801,그건 다리 안쪽 깊숙이.,안쪽 깊숙이 와.,부자연스러운 신체 표현을 자연화,29.39,T4,구조검사 통과 시 유지,,14.264036418816389,23.04,P4,회귀검사 통과 시 유지
ADN-622,사진 대조 1차 교정본,471,"01:30:50,040 --> 01:30:51,600",1.56,내가 할 테니까.,"깊숙이, 깊숙이.",말하지 않아도 할 수 있잖아.,중립·혼합형,,0.04,,,25.0,90.0,50.0,78.0,75.0,0.63414,0.0,66.0,0.0,0.0,0.5303,"자, 더 해줄 테니까.","자, 더 해 줄 테니까.",,41.69,T3,화자·문맥·자연스러움 집중 검토,,67.37481031866464,52.48,P3,말투·질문응답·가독성 위주 검토
ADN-622,사진 대조 1차 교정본,472,"01:31:36,230 --> 01:31:37,070",0.84,말하지 않아도 할 수 있잖아.,내가 할 테니까.,말하지 않아도 할 수 있잖아.,반응형,,0.03,,,25.0,90.0,50.0,78.0,75.0,0.75733,0.0,66.0,0.0,0.0,0.4368,서 있잖아.,완전히 서 있잖아.,일본어 원문 대조 + 자연스러운 한국어 대사 교정,46.87,T3,화자·문맥·자연스러움 집중 검토,,88.77086494688923,64.47,P2,앞뒤 5블록·사진·오류 기억을 함께 검토
ADN-622,사진 대조 1차 교정본,473,"01:31:45,870 --> 01:31:47,650",1.78,말하지 않아도 할 수 있잖아.,말하지 않아도 할 수 있잖아.,"아들이 하는 말이면
뭐든 들을 수 있잖아.",반응형,,0.03,,,25.0,90.0,50.0,78.0,75.0,0.79283,0.0,66.0,0.0,0.0,0.4368,서 있잖아.,완전히 서 있잖아.,일본어 원문 대조 + 자연스러운 한국어 대사 교정,48.36,T3,화자·문맥·자연스러움 집중 검토,,93.32321699544764,67.24,P2,앞뒤 5블록·사진·오류 기억을 함께 검토
ADN-622,사진 대조 1차 교정본,474,"01:32:14,580 --> 01:32:18,040",3.46,"아들이 하는 말이면
뭐든 들을 수 있잖아.",말하지 않아도 할 수 있잖아.,아들 마음도 좀 헤아려 줘.,중립·혼합형,,0.02,,,25.0,90.0,50.0,78.0,75.0,0.72743,0.0,66.0,0.0,0.0,0.3487,서 있잖아.,완전히 서 있잖아.,일본어 원문 대조 + 자연스러운 한국어 대사 교정,45.61,T3,화자·문맥·자연스러움 집중 검토,,83.91502276176024,61.7,P2,앞뒤 5블록·사진·오류 기억을 함께 검토
ADN-622,사진 대조 1차 교정본,475,"01:32:59,410 --> 01:33:03,210",3.8,아들 마음도 좀 헤아려 줘.,"아들이 하는 말이면
뭐든 들을 수 있잖아.","아들의 소원이니까.
엄마잖아. 어서 해 줘.",반응형,,0.01,,,25.0,90.0,50.0,78.0,75.0,0.82744,0.0,66.0,0.0,0.0,0.2555,좀 더 해 줘.,보여?,일본어 원문 + 타임스탬프 사진 + 장면 연속성,49.81,T3,화자·문맥·자연스러움 집중 검토,,96.81335356600911,69.55,P2,앞뒤 5블록·사진·오류 기억을 함께 검토
ADN-622,사진 대조 1차 교정본,476,"01:33:04,290 --> 01:33:15,210",10.92,"아들의 소원이니까.
엄마잖아. 어서 해 줘.",아들 마음도 좀 헤아려 줘.,아빠한테는 왜 이런 짓을…,반말형,,0.01,,,25.0,90.0,50.0,78.0,75.0,0.6349,0.0,66.0,0.0,0.0,0.1769,좀 더 해 줘.,보여?,일본어 원문 + 타임스탬프 사진 + 장면 연속성,41.73,T3,화자·문맥·자연스러움 집중 검토,,67.60242792109257,52.6,P3,말투·질문응답·가독성 위주 검토
ADN-622,사진 대조 1차 교정본,477,"01:33:15,210 --> 01:33:35,730",20.52,아빠한테는 왜 이런 짓을…,"아들의 소원이니까.
엄마잖아. 어서 해 줘.","아빠하고도 했잖아.
자, 더, 더 해 줘.",반응형,,0.01,,,25.0,90.0,50.0,78.0,75.0,0.73816,0.0,66.0,0.0,0.0,0.1316,이런 거 좋아하지?,묶여 있는 거 좋아하지?,,46.06,T3,화자·문맥·자연스러움 집중 검토,,85.88770864946889,62.79,P2,앞뒤 5블록·사진·오류 기억을 함께 검토
ADN-622,사진 대조 1차 교정본,478,"01:33:35,890 --> 01:33:48,030",12.14,"아빠하고도 했잖아.
자, 더, 더 해 줘.",아빠한테는 왜 이런 짓을…,왜 이런 짓을 하는 거야…,반말형,,0.01,,,25.0,90.0,50.0,78.0,75.0,0.52044,0.0,66.0,0.0,0.0,0.3719,달라고 했잖아.,씻어 달라고 했잖아.,타임스탬프 사진과 앞뒤 장면으로 대사 기능 복원,36.92,T3,화자·문맥·자연스러움 집중 검토,,39.45371775417299,37.98,P4,회귀검사 통과 시 유지
ADN-622,사진 대조 1차 교정본,479,"01:33:48,030 --> 01:33:50,410",2.38,왜 이런 짓을 하는 거야…,"아빠하고도 했잖아.
자, 더, 더 해 줘.","하아, 흐읏…",반말형,,0.03,,,25.0,90.0,50.0,78.0,75.0,0.78677,0.0,66.0,0.0,0.0,0.2093,뭐라고 하는 거야?,뭐라고 말해야 해?,일본어 원문 대조 + 자연스러운 한국어 대사 교정,48.1,T3,화자·문맥·자연스러움 집중 검토,,92.41274658573596,66.71,P2,앞뒤 5블록·사진·오류 기억을 함께 검토
ADN-622,사진 대조 1차 교정본,480,"01:35:07,960 --> 01:35:09,640",1.68,"하아, 흐읏…",왜 이런 짓을 하는 거야…,좋지?,반응형,,0.04,,,25.0,90.0,50.0,78.0,75.0,0.62137,0.0,66.0,0.0,0.0,0.3828,"하아, 하아...","하아, 하아…",,41.16,T3,화자·문맥·자연스러움 집중 검토,,63.58118361153262,50.58,P3,말투·질문응답·가독성 위주 검토
ADN-622,사진 대조 1차 교정본,481,"01:35:27,000 --> 01:35:28,040",1.04,좋지?,"하아, 흐읏…",좋아하잖아.,반말형,,0.0,,,25.0,90.0,50.0,78.0,75.0,0.4014,42.0,66.0,0.0,0.0,1.0,좋지?,여기 좋지?,일본어 원문 대조 + 자연스러운 한국어 대사 교정,39.48,T3,화자·문맥·자연스러움 집중 검토,,54.02124430955993,45.59,P3,말투·질문응답·가독성 위주 검토
ADN-622,사진 대조 1차 교정본,482,"01:35:28,880 --> 01:35:35,650",6.77,좋아하잖아.,좋지?,"쿠미 씨, 너무 기분 좋아.",반응형,,0.02,,,25.0,90.0,50.0,78.0,75.0,0.32534,20.49,66.0,0.0,0.0,0.8207,너 이런 거 좋아하잖아.,이렇게 묶이는 거 좋아하잖아.,,32.41,T4,구조검사 통과 시 유지,,23.21699544764795,28.55,P4,회귀검사 통과 시 유지
ADN-622,사진 대조 1차 교정본,483,"01:35:46,420 --> 01:35:47,940",1.52,"쿠미 씨, 너무 기분 좋아.",좋아하잖아.,기분 좋아?,반응형,,0.02,,,25.0,90.0,50.0,78.0,75.0,0.58001,0.0,66.0,0.0,0.0,0.5608,기분 좋아.,"아, 좋아.",화면 영문 자막 대조,39.42,T3,화자·문맥·자연스러움 집중 검토,,53.414264036418814,45.3,P3,말투·질문응답·가독성 위주 검토
ADN-622,사진 대조 1차 교정본,484,"01:35:49,920 --> 01:35:51,440",1.52,기분 좋아?,"쿠미 씨, 너무 기분 좋아.",어때?,반응형,,0.02,,,25.0,90.0,50.0,78.0,75.0,0.33762,0.0,66.0,0.0,0.0,0.6137,"아, 거기... 기분 좋아?","아, 거기… 기분 좋아?",,29.24,T4,구조검사 통과 시 유지,,13.884673748103188,22.79,P4,회귀검사 통과 시 유지
ADN-622,사진 대조 1차 교정본,485,"01:36:08,750 --> 01:36:09,270",0.52,어때?,기분 좋아?,쿠미 씨.,반응형,,0.05,,,25.0,90.0,50.0,78.0,75.0,0.27003,1.03,66.0,0.0,0.0,0.6586,어때? 맛은?,어때? 맛 평가해 줘.,일본어 원문 대조 + 자연스러운 한국어 대사 교정,26.59,T4,구조검사 통과 시 유지,,7.283763277693475,18.48,P4,회귀검사 통과 시 유지
ADN-622,사진 대조 1차 교정본,486,"01:36:26,500 --> 01:36:27,540",1.04,쿠미 씨.,어때?,소리 좀 내봐.,중립·혼합형,,0.0,,,25.0,90.0,50.0,78.0,75.0,0.48408,0.0,66.0,0.0,0.0,0.0482,후와 씨를…,후우아 씨를 기분 좋게 해 주고 싶어요.,이름 및 다음 블록과 문장 결합,35.39,T3,화자·문맥·자연스러움 집중 검토,,32.77693474962064,34.29,P4,회귀검사 통과 시 유지
ADN-622,사진 대조 1차 교정본,487,"01:36:29,480 --> 01:36:30,700",1.22,소리 좀 내봐.,쿠미 씨.,잠깐…,중립·혼합형,,0.02,,,25.0,90.0,50.0,78.0,75.0,0.75148,0.0,66.0,0.0,0.0,0.2557,그런 소리 하지 마...,그런 소리 하지 마…,,46.62,T3,화자·문맥·자연스러움 집중 검토,,87.63277693474963,63.85,P2,앞뒤 5블록·사진·오류 기억을 함께 검토
ADN-622,사진 대조 1차 교정본,488,"01:37:03,880 --> 01:37:05,080",1.2,잠깐…,소리 좀 내봐.,"예, 그렇군요.",반응형,,0.02,,,25.0,90.0,50.0,78.0,75.0,0.47976,42.0,66.0,0.0,0.0,1.0,잠깐…,그리고…,일본어 원문 대조 + 자연스러운 한국어 대사 교정,42.77,T3,화자·문맥·자연스러움 집중 검토,,73.14112291350531,55.53,P3,말투·질문응답·가독성 위주 검토
ADN-622,사진 대조 1차 교정본,489,"01:37:19,160 --> 01:37:20,360",1.2,"예, 그렇군요.",잠깐…,알겠습니다.,중립·혼합형,,0.04,,,25.0,90.0,50.0,78.0,75.0,0.53018,23.0,66.0,0.0,0.0,0.8417,그렇군요.,네…,타임스탬프 사진과 장면 흐름으로 명백한 오인식 교정,41.47,T3,화자·문맥·자연스러움 집중 검토,,66.00910470409713,51.78,P3,말투·질문응답·가독성 위주 검토
ADN-622,사진 대조 1차 교정본,490,"01:37:24,540 --> 01:37:25,880",1.34,알겠습니다.,"예, 그렇군요.",말해 두겠습니다.,존댓말형,,0.04,,,25.0,90.0,50.0,78.0,75.0,0.2606,0.0,66.0,0.0,0.0,0.5912,정말 바로 시작이네요. 알겠습니다.,정말 바로 시작하네요. 알겠습니다.,한국어 어순 교정,26.01,T4,구조검사 통과 시 유지,,6.22154779969651,17.7,P4,회귀검사 통과 시 유지
ADN-622,사진 대조 1차 교정본,491,"01:37:27,040 --> 01:37:28,320",1.28,말해 두겠습니다.,알겠습니다.,네.,중립·혼합형,,0.04,,,25.0,90.0,50.0,78.0,75.0,0.41289,0.0,66.0,0.0,0.0,0.3629,가 보겠습니다.,그럼 가 볼게요.,대화체 자연화,32.4,T4,구조검사 통과 시 유지,,22.91350531107739,28.42,P4,회귀검사 통과 시 유지
ADN-622,사진 대조 1차 교정본,492,"01:37:30,500 --> 01:37:31,300",0.8,네.,말해 두겠습니다.,들어가세요.,반말형,,0.0,,,25.0,90.0,50.0,78.0,75.0,0.16167,8.54,66.0,0.0,18.0,0.7211,"네, 네.",네.,불필요한 반복 제거,24.83,T4,구조검사 통과 시 유지,formality_shift,3.793626707132018,15.99,P4,회귀검사 통과 시 유지
ADN-622,사진 대조 1차 교정본,493,"01:37:32,620 --> 01:37:33,620",1.0,들어가세요.,네.,학원 안 갔니?,반응형,,0.02,,,25.0,90.0,50.0,78.0,75.0,0.25415,0.0,66.0,0.0,18.0,0.3059,"자, 가져가세요.","자, 더 세게.",사진 장면 확인 및 한국어 번역투·ASR 오역 교정,27.17,T4,구조검사 통과 시 유지,formality_shift,8.801213960546281,19.46,P4,회귀검사 통과 시 유지
ADN-622,사진 대조 1차 교정본,494,"01:37:36,800 --> 01:37:38,860",2.06,학원 안 갔니?,들어가세요.,안 가.,중립·혼합형,,0.0,,,25.0,90.0,50.0,78.0,75.0,0.40597,0.0,66.0,0.0,0.0,0.1176,안 돼.,"네, 놀랐어요.",타임스탬프 사진과 앞뒤 장면으로 대사 기능 복원,32.11,T4,구조검사 통과 시 유지,,22.15477996965099,27.93,P4,회귀검사 통과 시 유지
ADN-622,사진 대조 1차 교정본,495,"01:37:40,660 --> 01:37:41,580",0.92,안 가.,학원 안 갔니?,이제 그만둘 거야.,중립·혼합형,,0.04,,,25.0,90.0,50.0,78.0,75.0,0.26753,0.0,66.0,0.0,0.0,0.2163,안 돼.,"네, 놀랐어요.",타임스탬프 사진과 앞뒤 장면으로 대사 기능 복원,26.3,T4,구조검사 통과 시 유지,,6.525037936267071,17.99,P4,회귀검사 통과 시 유지
ADN-622,사진 대조 1차 교정본,496,"01:37:42,460 --> 01:37:43,340",0.88,이제 그만둘 거야.,안 가.,왜?,반말형,,0.04,,,25.0,90.0,50.0,78.0,75.0,0.38818,0.0,66.0,0.0,0.0,0.4064,"그래서, 넌? 남을 거야, 그만둘 거야?",계속해…,타임스탬프 사진으로 장면 불일치 확인 후 재복원,31.36,T4,구조검사 통과 시 유지,,19.195751138088013,26.25,P4,회귀검사 통과 시 유지
ADN-622,사진 대조 1차 교정본,497,"01:37:43,980 --> 01:37:44,740",0.76,왜?,이제 그만둘 거야.,"아빠 회사 물려받기 싫고,
대학 가봤자 의미 없어.",중립·혼합형,,0.02,,,25.0,90.0,50.0,78.0,75.0,0.1844,0.0,66.0,0.0,0.0,0.3335,괜찮으려나? 왜? 잘 닦이고 있나?,괜찮으려나? 왜? 잘 닦이고 있어?,일본어 원문 대조 + 자연스러운 한국어 대사 교정,22.8,T4,구조검사 통과 시 유지,,1.669195751138088,13.93,P4,회귀검사 통과 시 유지
ADN-622,사진 대조 1차 교정본,498,"01:37:48,690 --> 01:37:52,310",3.62,"아빠 회사 물려받기 싫고,
대학 가봤자 의미 없어.",왜?,달리 하고 싶은 일이 있니?,중립·혼합형,,0.01,,,25.0,90.0,50.0,78.0,75.0,0.51384,0.0,66.0,0.0,0.0,0.2129,끝이 없어.,끝도 없네.,사진 장면 확인 및 한국어 번역투·ASR 오역 교정,36.64,T3,화자·문맥·자연스러움 집중 검토,,38.08801213960547,37.25,P4,회귀검사 통과 시 유지
ADN-622,사진 대조 1차 교정본,499,"01:37:53,830 --> 01:37:55,590",1.76,달리 하고 싶은 일이 있니?,"아빠 회사 물려받기 싫고,
대학 가봤자 의미 없어.",딱히.,중립·혼합형,,0.03,,,25.0,90.0,50.0,78.0,75.0,0.67845,0.0,66.0,0.0,0.0,0.2174,일이 되면…,제대로 핥아 줘.,타임스탬프 사진과 장면 흐름으로 명백한 오인식 교정,43.55,T3,화자·문맥·자연스러움 집중 검토,,77.01062215477997,57.6,P3,말투·질문응답·가독성 위주 검토
ADN-622,사진 대조 1차 교정본,500,"01:37:56,870 --> 01:37:57,390",0.52,딱히.,달리 하고 싶은 일이 있니?,"안 돼. 한 번뿐인 인생인데 막 살면 안 되지.
엄마랑 같이 다시 해 보자.",중립·혼합형,,0.03,,,25.0,90.0,50.0,78.0,75.0,0.30235,0.0,66.0,0.0,0.0,0.1594,좀 더 천천히.,기억해 둘게.,일본어 원문 + 타임스탬프 사진 + 장면 연속성,27.76,T4,구조검사 통과 시 유지,,10.47040971168437,20.5,P4,회귀검사 통과 시 유지
ADN-622,사진 대조 1차 교정본,501,"01:37:58,850 --> 01:38:03,630",4.78,"안 돼. 한 번뿐인 인생인데 막 살면 안 되지.
엄마랑 같이 다시 해 보자.",딱히.,"포기하면 안 돼.
엄마랑 함께 노력해 보자.",반말형,,0.05,,,25.0,90.0,50.0,78.0,75.0,0.72117,0.0,66.0,0.0,0.0,0.262,한번 보자.,밖을 봐 보자.,일본어 원문 + 타임스탬프 사진 + 장면 연속성,45.35,T3,화자·문맥·자연스러움 집중 검토,,83.30804248861912,61.29,P2,앞뒤 5블록·사진·오류 기억을 함께 검토
ADN-622,사진 대조 1차 교정본,502,"01:38:04,210 --> 01:38:10,590",6.38,"포기하면 안 돼.
엄마랑 함께 노력해 보자.","안 돼. 한 번뿐인 인생인데 막 살면 안 되지.
엄마랑 같이 다시 해 보자.",시끄러워.,반말형,,0.01,,,25.0,90.0,50.0,78.0,75.0,0.53262,0.0,66.0,0.0,0.0,0.309,한번 보자.,밖을 봐 보자.,일본어 원문 + 타임스탬프 사진 + 장면 연속성,37.43,T3,화자·문맥·자연스러움 집중 검토,,41.88163884673748,39.3,P4,회귀검사 통과 시 유지
ADN-622,사진 대조 1차 교정본,503,"01:38:14,310 --> 01:38:14,950",0.64,시끄러워.,"포기하면 안 돼.
엄마랑 함께 노력해 보자.","엄마가 없어서 외롭고 쓸쓸해도
꾹 참고 있었던 거지?",중립·혼합형,,0.01,,,25.0,90.0,50.0,78.0,75.0,0.34759,42.0,66.0,0.0,0.0,1.0,시끄러워.,넣고 싶어.,,37.22,T3,화자·문맥·자연스러움 집중 검토,,40.971168437025796,38.8,P4,회귀검사 통과 시 유지
ADN-622,사진 대조 1차 교정본,504,"01:38:23,170 --> 01:38:27,830",4.66,"엄마가 없어서 외롭고 쓸쓸해도
꾹 참고 있었던 거지?",시끄러워.,"지 혼자 멋대로 단정 짓고.
진짜 존나 짜증 나.",반말형,,0.03,,,25.0,90.0,50.0,78.0,75.0,0.6201,0.0,66.0,0.0,0.0,0.2619,잘 거지?,갈 수 있지?,사진 장면 확인 및 한국어 번역투·ASR 오역 교정,41.1,T3,화자·문맥·자연스러움 집중 검토,,63.277693474962064,50.41,P3,말투·질문응답·가독성 위주 검토
ADN-622,사진 대조 1차 교정본,505,"01:38:29,830 --> 01:38:33,390",3.56,"지 혼자 멋대로 단정 짓고.
진짜 존나 짜증 나.","엄마가 없어서 외롭고 쓸쓸해도
꾹 참고 있었던 거지?",닥쳐.,반말형,,0.03,,,25.0,90.0,50.0,78.0,75.0,0.62173,0.0,66.0,0.0,0.0,0.1879,너도 네 멋대로 했으니까 나도 기분 좋게 해줘.,너도 네 멋대로 했으니까 나도 기분 좋게 해 줘.,,41.17,T3,화자·문맥·자연스러움 집중 검토,,63.80880121396054,50.68,P3,말투·질문응답·가독성 위주 검토
ADN-622,사진 대조 1차 교정본,506,"01:38:56,870 --> 01:38:57,670",0.8,닥쳐.,"지 혼자 멋대로 단정 짓고.
진짜 존나 짜증 나.",진짜 짜증 나. 진짜 짜증 난다고.,중립·혼합형,,0.03,,,25.0,90.0,50.0,78.0,75.0,0.3916,0.0,66.0,0.0,0.0,0.005,안 돼.,"네, 놀랐어요.",타임스탬프 사진과 앞뒤 장면으로 대사 기능 복원,31.51,T4,구조검사 통과 시 유지,,19.878603945371776,26.62,P4,회귀검사 통과 시 유지
ADN-622,사진 대조 1차 교정본,507,"01:38:58,010 --> 01:39:00,790",2.78,진짜 짜증 나. 진짜 짜증 난다고.,닥쳐.,엄마라도 된 줄 아나 봐.,중립·혼합형,,0.01,,,25.0,90.0,50.0,78.0,75.0,0.81627,0.0,66.0,0.0,0.0,0.2566,진짜 엄청 좋아...,진짜 엄청 좋아…,,49.34,T3,화자·문맥·자연스러움 집중 검토,,96.0546282245827,68.96,P2,앞뒤 5블록·사진·오류 기억을 함께 검토
ADN-622,사진 대조 1차 교정본,508,"01:39:20,520 --> 01:39:22,240",1.72,엄마라도 된 줄 아나 봐.,진짜 짜증 나. 진짜 짜증 난다고.,얼마든지 만져도 돼.,반응형,,0.02,,,25.0,90.0,50.0,78.0,75.0,0.77716,0.0,66.0,0.0,0.0,0.1475,엉덩이 좀 봐.,이 유카타 진짜 귀엽네.,일본어 원문 + 타임스탬프 사진 + 장면 연속성,47.7,T3,화자·문맥·자연스러움 집중 검토,,91.19878603945372,65.97,P2,앞뒤 5블록·사진·오류 기억을 함께 검토
ADN-622,사진 대조 1차 교정본,509,"01:39:39,340 --> 01:39:40,880",1.54,얼마든지 만져도 돼.,엄마라도 된 줄 아나 봐.,"짜증 나, 짜증 난다고.
그런 건 진짜 됐으니까.",반말형,,0.04,,,25.0,90.0,50.0,78.0,75.0,0.63015,0.0,66.0,0.0,0.0,0.2552,안 돼.,"네, 놀랐어요.",타임스탬프 사진과 앞뒤 장면으로 대사 기능 복원,41.53,T3,화자·문맥·자연스러움 집중 검토,,66.31259484066769,51.94,P3,말투·질문응답·가독성 위주 검토
ADN-622,사진 대조 1차 교정본,510,"01:39:51,100 --> 01:39:56,380",5.28,"짜증 나, 짜증 난다고.
그런 건 진짜 됐으니까.",얼마든지 만져도 돼.,안 돼…,중립·혼합형,,0.0,,,25.0,90.0,50.0,78.0,75.0,0.48778,0.0,66.0,0.0,0.0,0.1701,"나, 한입에 가버릴 테니까.","나, 한입에 가 버릴 테니까.",,35.55,T3,화자·문맥·자연스러움 집중 검토,,33.61153262518968,34.74,P4,회귀검사 통과 시 유지
ADN-622,사진 대조 1차 교정본,511,"01:39:56,380 --> 01:39:58,700",2.32,안 돼…,"짜증 나, 짜증 난다고.
그런 건 진짜 됐으니까.",짜증 나.,중립·혼합형,,0.02,,,25.0,90.0,50.0,78.0,75.0,0.38821,0.0,66.0,0.0,0.0,0.3553,지금 표정이 어때? 억지로 안 참아도 돼…,지금 표정이 어때? 억지로 참지 않아도 돼.,반복 표현과 어순 교정,31.36,T4,구조검사 통과 시 유지,,19.195751138088013,26.25,P4,회귀검사 통과 시 유지
ADN-622,사진 대조 1차 교정본,512,"01:40:11,710 --> 01:40:13,170",1.46,짜증 나.,안 돼…,기분 좋아…,중립·혼합형,,0.01,,,25.0,90.0,50.0,78.0,75.0,0.37715,0.0,66.0,0.0,0.0,0.2507,"나는..., 나.",나는…,,30.9,T4,구조검사 통과 시 유지,,17.602427921092563,25.32,P4,회귀검사 통과 시 유지
ADN-622,사진 대조 1차 교정본,513,"01:40:20,950 --> 01:40:23,090",2.14,기분 좋아…,짜증 나.,기분 좋아…,반응형,,0.05,,,25.0,90.0,50.0,78.0,75.0,0.31583,15.66,66.0,0.0,0.0,0.7805,아- 기분 좋아…,아… 기분 좋아…,,31.14,T4,구조검사 통과 시 유지,,18.512898330804248,25.84,P4,회귀검사 통과 시 유지
ADN-622,사진 대조 1차 교정본,514,"01:40:25,570 --> 01:40:28,110",2.54,기분 좋아…,기분 좋아…,이러면 안 돼…,반응형,,0.03,,,25.0,90.0,50.0,78.0,75.0,0.30002,15.66,66.0,0.0,0.0,0.7805,아- 기분 좋아…,아… 기분 좋아…,,30.48,T4,구조검사 통과 시 유지,,16.9195751138088,24.78,P4,회귀검사 통과 시 유지
ADN-622,사진 대조 1차 교정본,515,"01:40:28,110 --> 01:40:31,810",3.7,이러면 안 돼…,기분 좋아…,"그만둬야 해, 그만둬야…",중립·혼합형,,0.01,,,25.0,90.0,50.0,78.0,75.0,0.45226,0.0,66.0,0.0,0.0,0.2292,지금 표정이 어때? 억지로 안 참아도 돼…,지금 표정이 어때? 억지로 참지 않아도 돼.,반복 표현과 어순 교정,34.05,T4,구조검사 통과 시 유지,,28.528072837632777,31.73,P4,회귀검사 통과 시 유지
ADN-622,사진 대조 1차 교정본,516,"01:40:31,810 --> 01:40:35,830",4.02,"그만둬야 해, 그만둬야…",이러면 안 돼…,학원은 계속 다니는 게 좋아.,반말형,,0.01,,,25.0,90.0,50.0,78.0,75.0,0.54518,0.0,66.0,0.0,0.0,0.2801,"자, 그만둬, 그만둬. 더, 더, 더.","멈추지 마. 더, 더.",사진 장면 확인 및 한국어 번역투·ASR 오역 교정,37.96,T3,화자·문맥·자연스러움 집중 검토,,44.916540212443095,40.88,P3,말투·질문응답·가독성 위주 검토
ADN-622,사진 대조 1차 교정본,517,"01:41:19,940 --> 01:41:23,480",3.54,학원은 계속 다니는 게 좋아.,"그만둬야 해, 그만둬야…",학원 공부는 힘들겠지만…,반응형,,0.04,,,25.0,90.0,50.0,78.0,75.0,0.80751,0.0,66.0,0.0,0.0,0.292,"아, 좋아.","아, 들어온다.",,48.98,T3,화자·문맥·자연스러움 집중 검토,,95.44764795144158,68.5,P2,앞뒤 5블록·사진·오류 기억을 함께 검토
ADN-622,사진 대조 1차 교정본,518,"01:41:29,680 --> 01:41:35,200",5.52,학원 공부는 힘들겠지만…,학원은 계속 다니는 게 좋아.,내가 다 해 줄 테니까…,반말형,,0.02,,,25.0,90.0,50.0,78.0,75.0,0.67167,0.0,66.0,0.0,0.0,0.2189,하지만…,그래도…,,43.27,T3,화자·문맥·자연스러움 집중 검토,,75.26555386949924,56.71,P3,말투·질문응답·가독성 위주 검토
ADN-622,사진 대조 1차 교정본,519,"01:42:19,680 --> 01:42:20,840",1.16,내가 다 해 줄 테니까…,학원 공부는 힘들겠지만…,"안 가, 안 간다고!",반말형,,0.02,,,25.0,90.0,50.0,78.0,75.0,0.68298,0.0,66.0,0.0,0.0,0.6076,내가 매일 닦아줄 테니까…,그럼 내가 매일 닦아 줄게.,일본어 원문 대조 + 자연스러운 한국어 대사 교정,43.75,T3,화자·문맥·자연스러움 집중 검토,,77.54172989377845,57.94,P3,말투·질문응답·가독성 위주 검토
ADN-622,사진 대조 1차 교정본,520,"01:42:57,550 --> 01:42:59,170",1.62,"안 가, 안 간다고!",내가 다 해 줄 테니까…,안 간다니까!,중립·혼합형,,0.05,,,25.0,90.0,50.0,78.0,75.0,0.3229,0.0,66.0,0.0,0.0,0.2106,"가, 가버릴 것 같아…!","가, 가 버릴 것 같아…!",,28.62,T4,구조검사 통과 시 유지,,12.44309559939302,21.83,P4,회귀검사 통과 시 유지
ADN-622,사진 대조 1차 교정본,521,"01:42:59,170 --> 01:42:59,650",0.48,안 간다니까!,"안 가, 안 간다고!",안 가!,중립·혼합형,,0.03,,,25.0,90.0,50.0,78.0,75.0,0.19181,0.0,66.0,0.0,0.0,0.1807,간다...,간다…,,23.12,T4,구조검사 통과 시 유지,,1.9726858877086493,14.24,P4,회귀검사 통과 시 유지
ADN-622,사진 대조 1차 교정본,522,"01:42:59,670 --> 01:43:00,570",0.9,안 가!,안 간다니까!,"기분 좋아, 기분 좋아.",중립·혼합형,,0.03,,,25.0,90.0,50.0,78.0,75.0,0.11377,0.0,66.0,0.0,0.0,0.2042,안 돼!,아… 또 갈 것 같아…,타임스탬프 사진으로 장면 불일치 확인 후 재복원,19.84,T4,구조검사 통과 시 유지,,0.4552352048558422,11.7,P4,회귀검사 통과 시 유지
ADN-622,사진 대조 1차 교정본,523,"01:43:11,670 --> 01:43:30,420",18.75,"기분 좋아, 기분 좋아.",안 가!,"뭐야, 대체.",반응형,,0.03,,,25.0,90.0,50.0,78.0,75.0,0.38587,20.02,66.0,0.0,0.0,0.8169,기분 좋아.,"아, 좋아.",화면 영문 자막 대조,34.87,T4,구조검사 통과 시 유지,,30.880121396054626,33.19,P4,회귀검사 통과 시 유지
ADN-622,사진 대조 1차 교정본,524,"01:43:36,270 --> 01:43:37,670",1.4,"뭐야, 대체.","기분 좋아, 기분 좋아.",뭐냐고.,반말형,,0.03,,,25.0,90.0,50.0,78.0,75.0,0.30482,0.0,66.0,0.0,0.0,0.4969,"대체 뭐야, 정말...","대체 뭐야, 정말…",,27.86,T4,구조검사 통과 시 유지,,10.773899848254933,20.68,P4,회귀검사 통과 시 유지
ADN-622,사진 대조 1차 교정본,525,"01:43:38,350 --> 01:43:39,470",1.12,뭐냐고.,"뭐야, 대체.","- 공부 같은 거 해도 의미 없고…
- 의미는 있어… - 없다니까…",중립·혼합형,,0.05,,,25.0,90.0,50.0,78.0,75.0,0.29966,0.0,66.0,0.0,0.0,0.0595,금방 하아 하고.,금방 숨이 가빠지네.,,27.65,T4,구조검사 통과 시 유지,,10.318664643399089,20.37,P4,회귀검사 통과 시 유지
ADN-622,사진 대조 1차 교정본,526,"01:43:53,850 --> 01:44:04,350",10.5,"- 공부 같은 거 해도 의미 없고…
- 의미는 있어… - 없다니까…",뭐냐고.,어차피 끝낼 거니까…,반말형,,0.05,,,25.0,90.0,72.0,78.0,75.0,0.38052,0.0,66.0,0.0,0.0,0.1235,"- 오래 기다렸지? 빠진 물건 없어? - 응. - 차 돌려서 올게. 또 연락할게요. - 응, 가요.","- 오래 기다렸지? 빠뜨린 건 없어? / 응. - 차 돌려 올게. 또 연락할게. / 응, 가요.",4줄 대화를 2줄로 재배치,31.04,T4,구조검사 통과 시 유지,,17.905918057663126,25.52,P4,회귀검사 통과 시 유지
ADN-622,사진 대조 1차 교정본,527,"01:44:15,030 --> 01:44:17,290",2.26,어차피 끝낼 거니까…,"- 공부 같은 거 해도 의미 없고…
- 의미는 있어… - 없다니까…",무리하지 마…,반응형,,0.03,,,25.0,90.0,50.0,78.0,75.0,0.57322,0.0,66.0,0.0,0.0,0.1506,여기 오면 항상 즐기는 거니까요.,여기 오면 늘 낚시를 즐기거든요.,대화체 자연화,39.14,T3,화자·문맥·자연스러움 집중 검토,,51.138088012139605,44.18,P3,말투·질문응답·가독성 위주 검토
ADN-622,사진 대조 1차 교정본,528,"01:44:19,730 --> 01:44:21,090",1.36,무리하지 마…,어차피 끝낼 거니까…,그걸로 엄마가 된 줄 아냐…,반말형,,0.03,,,25.0,90.0,50.0,78.0,75.0,0.51602,0.0,66.0,0.0,0.0,0.1657,하지 마.,잠깐만.,손상된 일본어 ASR + 타임스탬프 사진 + 앞뒤 문맥 추론,36.73,T3,화자·문맥·자연스러움 집중 검토,,38.694992412746586,37.56,P4,회귀검사 통과 시 유지
ADN-622,사진 대조 1차 교정본,529,"01:44:24,130 --> 01:44:26,810",2.68,그걸로 엄마가 된 줄 아냐…,무리하지 마…,그만해.,반응형,,0.03,,,25.0,90.0,50.0,78.0,75.0,0.77642,0.0,66.0,0.0,0.0,0.2059,엄마가 닦아줬었어? 응.,어릴 때 엄마가 닦아 줬어? 응.,일본어 원문 대조 + 자연스러운 한국어 대사 교정,47.67,T3,화자·문맥·자연스러움 집중 검토,,90.89529590288315,65.82,P2,앞뒤 5블록·사진·오류 기억을 함께 검토
ADN-622,사진 대조 1차 교정본,530,"01:44:38,520 --> 01:44:39,700",1.18,그만해.,그걸로 엄마가 된 줄 아냐…,"하아, 앗…",반말형,,0.02,,,25.0,90.0,50.0,78.0,75.0,0.46715,20.08,66.0,0.0,0.0,0.8174,"안 돼, 그만해.","배 아파, 그만해.",,38.3,T3,화자·문맥·자연스러움 집중 검토,,47.040971168437025,41.97,P3,말투·질문응답·가독성 위주 검토
ADN-622,사진 대조 1차 교정본,531,"01:45:15,430 --> 01:45:44,720",29.29,"하아, 앗…",그만해.,흐읏…,반응형,,0.03,,,25.0,90.0,50.0,78.0,75.0,0.66346,0.0,66.0,0.0,0.0,0.4761,"하아, 하아...","하아, 하아…",,42.93,T3,화자·문맥·자연스러움 집중 검토,,74.12746585735962,56.03,P3,말투·질문응답·가독성 위주 검토
ADN-622,사진 대조 1차 교정본,532,"01:45:44,720 --> 01:45:45,800",1.08,흐읏…,"하아, 앗…",앗…,중립·혼합형,,0.02,,,25.0,90.0,50.0,78.0,75.0,0.40524,0.0,66.0,0.0,0.0,0.0526,"네, 흐름을 돌려 볼게요.","네, 방향을 바꿔 볼게요.",,32.08,T4,구조검사 통과 시 유지,,21.699544764795146,27.72,P4,회귀검사 통과 시 유지
ADN-622,사진 대조 1차 교정본,533,"01:45:52,970 --> 01:45:54,680",1.71,앗…,흐읏…,으으윽!,반응형,,0.03,,,25.0,90.0,50.0,78.0,75.0,0.24371,0.0,66.0,0.0,0.0,0.1107,앗...,앗…,,25.3,T4,구조검사 통과 시 유지,,4.704097116843703,16.65,P4,회귀검사 통과 시 유지
ADN-622,사진 대조 1차 교정본,534,"01:45:55,720 --> 01:45:57,380",1.66,으으윽!,앗…,으읏!,반응형,,0.02,,,25.0,90.0,50.0,78.0,75.0,0.14977,0.0,66.0,0.0,0.0,0.1895,으으으...,으으으…,,21.35,T4,구조검사 통과 시 유지,,0.6069802731411229,12.64,P4,회귀검사 통과 시 유지
ADN-622,사진 대조 1차 교정본,535,"01:45:59,520 --> 01:46:00,540",1.02,으읏!,으으윽!,"아아, 더 보여 줘…",반응형,,0.02,,,25.0,90.0,50.0,78.0,75.0,0.07892,0.0,66.0,0.0,0.0,0.0671,"으음, 으음...","으음, 으음…",,18.37,T4,구조검사 통과 시 유지,,0.15174506828528073,10.72,P4,회귀검사 통과 시 유지
ADN-622,사진 대조 1차 교정본,536,"01:46:02,760 --> 01:46:22,020",19.26,"아아, 더 보여 줘…",으읏!,"아아, 다 보인다고…",반응형,,0.04,,,25.0,90.0,50.0,78.0,75.0,0.39224,0.0,66.0,0.0,0.0,0.4492,"아아, 같아.",갈 것 같아.,,31.53,T4,구조검사 통과 시 유지,,20.106221547799695,26.73,P4,회귀검사 통과 시 유지
ADN-622,사진 대조 1차 교정본,537,"01:46:25,900 --> 01:46:30,540",4.64,"아아, 다 보인다고…","아아, 더 보여 줘…","안 돼, 공부하는 게 더 좋아.
그렇잖아.",반응형,,0.0,,,25.0,90.0,50.0,78.0,75.0,0.36006,0.0,66.0,0.0,0.0,0.33,"아아, 같아.",갈 것 같아.,,30.18,T4,구조검사 통과 시 유지,,16.38846737481032,24.39,P4,회귀검사 통과 시 유지
ADN-622,사진 대조 1차 교정본,538,"01:46:35,050 --> 01:46:42,250",7.2,"안 돼, 공부하는 게 더 좋아.
그렇잖아.","아아, 다 보인다고…","지금까지 있었던 일,
아빠한테는 말 안 할 테니까.",반말형,,0.05,,,25.0,90.0,50.0,78.0,75.0,0.46677,0.0,66.0,0.0,0.0,0.2713,"아, 좋아.","아, 들어온다.",,34.66,T4,구조검사 통과 시 유지,,29.74203338391502,32.59,P4,회귀검사 통과 시 유지
ADN-622,사진 대조 1차 교정본,539,"01:46:55,470 --> 01:46:59,130",3.66,"지금까지 있었던 일,
아빠한테는 말 안 할 테니까.","안 돼, 공부하는 게 더 좋아.
그렇잖아.",말할 테면 말하라고 해.,반말형,,0.03,,,25.0,90.0,50.0,78.0,75.0,0.55696,0.0,66.0,0.0,0.0,0.2633,"자, 더 해줄 테니까.","자, 더 해 줄 테니까.",,38.45,T3,화자·문맥·자연스러움 집중 검토,,47.95144157814871,42.44,P3,말투·질문응답·가독성 위주 검토
ADN-622,사진 대조 1차 교정본,540,"01:47:02,470 --> 01:47:04,610",2.14,말할 테면 말하라고 해.,"지금까지 있었던 일,
아빠한테는 말 안 할 테니까.","가만히 있어, 가만히.",반말형,,0.03,,,25.0,90.0,50.0,78.0,75.0,0.6111,0.0,66.0,0.0,0.0,0.2325,말할 리가 없잖아.,들킬 리가 없잖아.,앞뒤 대사 문맥 교정,40.73,T3,화자·문맥·자연스러움 집중 검토,,61.305007587253414,49.37,P3,말투·질문응답·가독성 위주 검토
ADN-622,사진 대조 1차 교정본,541,"01:47:06,390 --> 01:47:08,590",2.2,"가만히 있어, 가만히.",말할 테면 말하라고 해.,맛있어.,반응형,,0.01,,,25.0,90.0,50.0,78.0,75.0,0.57663,0.0,66.0,0.0,0.0,0.1948,"신경이 예민해져 있어,",신경이 예민해져 있어,,39.28,T3,화자·문맥·자연스러움 집중 검토,,52.73141122913505,44.93,P3,말투·질문응답·가독성 위주 검토
ADN-622,사진 대조 1차 교정본,542,"01:47:40,320 --> 01:47:41,280",0.96,맛있어.,"가만히 있어, 가만히.",맛있어.,반응형,,0.02,,,25.0,90.0,50.0,78.0,75.0,0.26975,5.19,66.0,0.0,0.0,0.6933,"음-, 맛있어.",음… 맛있어.,,27.32,T4,구조검사 통과 시 유지,,9.408194233687405,19.8,P4,회귀검사 통과 시 유지
ADN-622,사진 대조 1차 교정본,543,"01:48:06,860 --> 01:48:07,880",1.02,맛있어.,맛있어.,맛있어.,반응형,,0.04,,,25.0,90.0,50.0,78.0,75.0,0.23846,5.19,66.0,0.0,30.0,0.6933,"음-, 맛있어.",음… 맛있어.,,28.41,T4,구조검사 통과 시 유지,triple_identical_run,11.684370257966616,21.39,P4,회귀검사 통과 시 유지
ADN-622,사진 대조 1차 교정본,544,"01:48:21,370 --> 01:48:24,170",2.8,맛있어.,맛있어.,진짜 맛있어.,반응형,,0.03,,,25.0,90.0,50.0,78.0,75.0,0.25889,5.19,66.0,0.0,0.0,0.6933,"음-, 맛있어.",음… 맛있어.,,26.87,T4,구조검사 통과 시 유지,,8.34597875569044,19.09,P4,회귀검사 통과 시 유지
ADN-622,사진 대조 1차 교정본,545,"01:48:25,490 --> 01:48:27,230",1.74,진짜 맛있어.,맛있어.,이쪽이 더 좋지?,반응형,,0.01,,,25.0,90.0,50.0,78.0,75.0,0.47594,0.0,66.0,0.0,0.0,0.5797,"음-, 맛있어.",음… 맛있어.,,35.05,T3,화자·문맥·자연스러움 집중 검토,,31.86646433990895,33.71,P4,회귀검사 통과 시 유지
ADN-622,사진 대조 1차 교정본,546,"01:48:58,840 --> 01:49:04,430",5.59,이쪽이 더 좋지?,진짜 맛있어.,이쪽이 더 좋잖아?,반말형,,0.04,,,25.0,90.0,50.0,78.0,75.0,0.49821,0.0,66.0,0.0,0.0,0.6397,좋지?,여기 좋지?,일본어 원문 대조 + 자연스러운 한국어 대사 교정,35.98,T3,화자·문맥·자연스러움 집중 검토,,35.35660091047041,35.72,P4,회귀검사 통과 시 유지
ADN-622,사진 대조 1차 교정본,547,"01:49:04,770 --> 01:49:07,350",2.58,이쪽이 더 좋잖아?,이쪽이 더 좋지?,장난 아니네.,반응형,,0.03,,,25.0,90.0,50.0,78.0,75.0,0.54852,0.0,66.0,0.0,0.0,0.5135,이쪽이 더 커.,이쪽이 더 굵어.,일본어 원문 대조 + 자연스러운 한국어 대사 교정,38.1,T3,화자·문맥·자연스러움 집중 검토,,45.52352048558422,41.22,P3,말투·질문응답·가독성 위주 검토
ADN-622,사진 대조 1차 교정본,548,"01:49:07,510 --> 01:49:10,630",3.12,장난 아니네.,이쪽이 더 좋잖아?,느껴봐.,반응형,,0.01,,,25.0,90.0,50.0,78.0,75.0,0.42803,0.0,66.0,0.0,0.0,0.589,오~ 대박 대박 대박. 장난 아니네.,오… 대박 대박 대박. 장난 아니네.,,33.04,T4,구조검사 통과 시 유지,,25.1896813353566,29.74,P4,회귀검사 통과 시 유지
ADN-622,사진 대조 1차 교정본,549,"01:49:18,460 --> 01:49:19,220",0.76,느껴봐.,장난 아니네.,저기.,중립·혼합형,,0.04,,,25.0,90.0,50.0,78.0,75.0,0.35338,0.0,66.0,0.0,0.0,0.1347,정말 느껴져요.,확실히 느껴져요.,,29.9,T4,구조검사 통과 시 유지,,15.477996965098633,23.84,P4,회귀검사 통과 시 유지
ADN-622,사진 대조 1차 교정본,550,"01:49:31,290 --> 01:49:31,710",0.42,저기.,느껴봐.,망가져 버려도 괜찮지?,중립·혼합형,,0.01,,,25.0,90.0,50.0,78.0,75.0,0.34038,0.0,66.0,0.0,0.0,0.4919,저기...,저기…,,29.36,T4,구조검사 통과 시 유지,,14.112291350531109,22.96,P4,회귀검사 통과 시 유지
ADN-622,사진 대조 1차 교정본,551,"01:49:31,710 --> 01:49:32,630",0.92,망가져 버려도 괜찮지?,저기.,"망가지면 어때, 좋잖아.",반말형,,0.01,,,25.0,90.0,50.0,78.0,75.0,0.63266,0.0,66.0,0.0,0.0,0.134,뭐든 괜찮지만… 후와 씨?,뭐든 괜찮지만… 후우아 씨라고 부를까요?,출연자 이름 오인식 교정,41.63,T3,화자·문맥·자연스러움 집중 검토,,67.07132018209408,52.32,P3,말투·질문응답·가독성 위주 검토
ADN-622,사진 대조 1차 교정본,552,"01:49:33,810 --> 01:49:35,270",1.46,"망가지면 어때, 좋잖아.",망가져 버려도 괜찮지?,그런 생각 하지 마.,반응형,,0.01,,,25.0,90.0,50.0,78.0,75.0,0.77699,0.0,66.0,0.0,0.0,0.2795,너도 기분 좋잖아...,너도 기분 좋잖아…,,47.69,T3,화자·문맥·자연스러움 집중 검토,,91.04704097116844,65.9,P2,앞뒤 5블록·사진·오류 기억을 함께 검토
ADN-622,사진 대조 1차 교정본,553,"01:49:36,510 --> 01:49:38,150",1.64,그런 생각 하지 마.,"망가지면 어때, 좋잖아.",엄마가 노력할 테니까…,반말형,,0.01,,,25.0,90.0,50.0,78.0,75.0,0.71306,0.0,66.0,0.0,0.0,0.6458,하지 마.,잠깐만.,손상된 일본어 ASR + 타임스탬프 사진 + 앞뒤 문맥 추론,45.01,T3,화자·문맥·자연스러움 집중 검토,,81.86646433990894,60.49,P2,앞뒤 5블록·사진·오류 기억을 함께 검토
ADN-622,사진 대조 1차 교정본,554,"01:49:42,370 --> 01:49:43,970",1.6,엄마가 노력할 테니까…,그런 생각 하지 마.,대체 뭘 노력한다는 건데?,중립·혼합형,,0.03,,,25.0,90.0,50.0,78.0,75.0,0.69162,0.0,66.0,0.0,0.0,0.3733,내가 매일 닦아줄 테니까…,그럼 내가 매일 닦아 줄게.,일본어 원문 대조 + 자연스러운 한국어 대사 교정,44.11,T3,화자·문맥·자연스러움 집중 검토,,78.98330804248862,58.76,P2,앞뒤 5블록·사진·오류 기억을 함께 검토
ADN-622,사진 대조 1차 교정본,555,"01:49:45,570 --> 01:49:47,430",1.86,대체 뭘 노력한다는 건데?,엄마가 노력할 테니까…,나를 이렇게 만들어놓고…,중립·혼합형,,0.03,,,25.0,90.0,50.0,78.0,75.0,0.71689,0.0,66.0,0.0,0.0,0.2259,대체 진짜...,대체 진짜…,,45.17,T3,화자·문맥·자연스러움 집중 검토,,82.24582701062215,60.74,P2,앞뒤 5블록·사진·오류 기억을 함께 검토
ADN-622,사진 대조 1차 교정본,556,"01:49:59,810 --> 01:50:01,170",1.36,나를 이렇게 만들어놓고…,대체 뭘 노력한다는 건데?,어쩌자는 건데…,반응형,,0.01,,,25.0,90.0,50.0,78.0,75.0,0.6847,0.0,66.0,0.0,0.0,0.2046,이렇게 해버려.,이렇게 해 버려.,,43.82,T3,화자·문맥·자연스러움 집중 검토,,77.99696509863429,58.17,P2,앞뒤 5블록·사진·오류 기억을 함께 검토
ADN-622,사진 대조 1차 교정본,557,"01:50:03,330 --> 01:50:05,010",1.68,어쩌자는 건데…,나를 이렇게 만들어놓고…,몸을 그렇게 흠칫거리면서…,반응형,,0.03,,,25.0,90.0,50.0,78.0,75.0,0.59887,0.0,66.0,0.0,0.0,0.0737,빨아 줬으면 좋겠는데… 괜찮아요?,거기 좋아… 그대로 해 줘.,손상된 일본어 ASR + 타임스탬프 사진 + 앞뒤 문맥 추론,40.21,T3,화자·문맥·자연스러움 집중 검토,,57.66312594840668,47.54,P3,말투·질문응답·가독성 위주 검토
ADN-622,사진 대조 1차 교정본,558,"01:50:52,970 --> 01:50:54,770",1.8,몸을 그렇게 흠칫거리면서…,어쩌자는 건데…,노력한다니…,중립·혼합형,,0.03,,,25.0,90.0,50.0,78.0,75.0,0.70067,0.0,66.0,0.0,0.0,0.1981,이렇게 몸을 빼 주세요.,이렇게 몸을 뒤로 빼 주세요.,동작 방향 명확화,44.49,T3,화자·문맥·자연스러움 집중 검토,,80.57663125948406,59.65,P2,앞뒤 5블록·사진·오류 기억을 함께 검토
ADN-622,사진 대조 1차 교정본,559,"01:50:56,050 --> 01:50:57,350",1.3,노력한다니…,몸을 그렇게 흠칫거리면서…,뭘 노력한다는 거냐고…,중립·혼합형,,0.05,,,25.0,90.0,50.0,78.0,75.0,0.38639,0.0,66.0,0.0,0.0,0.0692,그럼 네가 갈 수 있게 내가 노력해볼게.,그럼 네가 갈 수 있게 내가 노력해 볼게.,,31.29,T4,구조검사 통과 시 유지,,18.968133535660094,26.11,P4,회귀검사 통과 시 유지
ADN-622,사진 대조 1차 교정본,560,"01:50:58,050 --> 01:50:59,710",1.66,뭘 노력한다는 거냐고…,노력한다니…,엄마가 할 수 있는 일…,중립·혼합형,,0.05,,,25.0,90.0,50.0,78.0,75.0,0.66967,0.0,66.0,0.0,0.0,0.1421,뭘 찍게 한 거야?,뭘 찍은 거야?,손상된 일본어 ASR + 타임스탬프 사진 + 앞뒤 문맥 추론,43.19,T3,화자·문맥·자연스러움 집중 검토,,75.11380880121396,56.6,P3,말투·질문응답·가독성 위주 검토
ADN-622,사진 대조 1차 교정본,561,"01:51:04,320 --> 01:51:06,940",2.62,엄마가 할 수 있는 일…,뭘 노력한다는 거냐고…,그럼 봉사해 줘…,중립·혼합형,,0.02,,,25.0,90.0,50.0,78.0,75.0,0.68685,0.0,66.0,0.0,0.0,0.3121,여러 번 할 수 있는 사람.,그런 사람이 좋아.,,43.91,T3,화자·문맥·자연스러움 집중 검토,,78.30045523520485,58.35,P2,앞뒤 5블록·사진·오류 기억을 함께 검토
ADN-622,사진 대조 1차 교정본,562,"01:51:08,640 --> 01:51:12,340",3.7,그럼 봉사해 줘…,엄마가 할 수 있는 일…,봉사 좀 받아볼까…,반말형,,0.04,,,25.0,90.0,50.0,78.0,75.0,0.59193,0.0,66.0,0.0,0.0,0.2481,두 번째로 가게 해 줘…,한 번 더 가게 해 줘…,타임스탬프 사진과 장면 흐름으로 명백한 오인식 교정,39.92,T3,화자·문맥·자연스러움 집중 검토,,55.84218512898331,46.61,P3,말투·질문응답·가독성 위주 검토
ADN-622,사진 대조 1차 교정본,563,"01:51:12,880 --> 01:51:15,040",2.16,봉사 좀 받아볼까…,그럼 봉사해 줘…,노력한다며…,반응형,,0.02,,,25.0,90.0,50.0,78.0,75.0,0.60111,0.0,66.0,0.0,0.0,0.1095,좀 더 해 줘.,보여?,일본어 원문 + 타임스탬프 사진 + 장면 연속성,40.31,T3,화자·문맥·자연스러움 집중 검토,,58.649468892261005,48.01,P3,말투·질문응답·가독성 위주 검토
ADN-622,사진 대조 1차 교정본,564,"01:51:15,760 --> 01:51:18,660",2.9,노력한다며…,봉사 좀 받아볼까…,노력해서 봉사해달라고…,중립·혼합형,,0.04,,,25.0,90.0,50.0,78.0,75.0,0.44129,0.0,66.0,0.0,0.0,0.0691,그럼 네가 갈 수 있게 내가 노력해볼게.,그럼 네가 갈 수 있게 내가 노력해 볼게.,,33.59,T4,구조검사 통과 시 유지,,27.010622154779966,30.83,P4,회귀검사 통과 시 유지
ADN-622,사진 대조 1차 교정본,565,"01:51:22,520 --> 01:51:25,320",2.8,노력해서 봉사해달라고…,노력한다며…,엄마가 노력할게…,반말형,,0.02,,,25.0,90.0,50.0,78.0,75.0,0.648,0.0,66.0,0.0,0.0,0.1314,그럼 네가 갈 수 있게 내가 노력해볼게.,그럼 네가 갈 수 있게 내가 노력해 볼게.,,42.28,T3,화자·문맥·자연스러움 집중 검토,,70.33383915022762,54.06,P3,말투·질문응답·가독성 위주 검토
ADN-622,사진 대조 1차 교정본,566,"01:51:50,920 --> 01:51:52,920",2.0,엄마가 노력할게…,노력해서 봉사해달라고…,봉사해달라고…,중립·혼합형,,0.02,,,25.0,90.0,50.0,78.0,75.0,0.61,0.0,66.0,0.0,0.0,0.2319,엄마가 닦아줬었어? 응.,어릴 때 엄마가 닦아 줬어? 응.,일본어 원문 대조 + 자연스러운 한국어 대사 교정,40.68,T3,화자·문맥·자연스러움 집중 검토,,60.69802731411229,49.09,P3,말투·질문응답·가독성 위주 검토
ADN-622,사진 대조 1차 교정본,567,"01:51:52,920 --> 01:51:53,700",0.78,봉사해달라고…,엄마가 노력할게…,이건…,반말형,,0.02,,,25.0,90.0,50.0,78.0,75.0,0.43073,0.0,66.0,0.0,0.0,0.0953,그리고…,그리고 이제…,,33.15,T4,구조검사 통과 시 유지,,25.948406676783005,30.13,P4,회귀검사 통과 시 유지
ADN-622,사진 대조 1차 교정본,568,"01:51:53,700 --> 01:51:58,360",4.66,이건…,봉사해달라고…,잘 먹겠습니다.,중립·혼합형,,0.0,,,25.0,90.0,50.0,78.0,75.0,0.23872,0.0,66.0,0.0,0.0,0.2032,"이건,",이건,,25.09,T4,구조검사 통과 시 유지,,4.400606980273141,16.4,P4,회귀검사 통과 시 유지
ADN-622,사진 대조 1차 교정본,569,"01:52:07,980 --> 01:52:12,380",4.4,잘 먹겠습니다.,이건…,…,존댓말형,,0.02,,,25.0,90.0,50.0,78.0,75.0,0.42459,0.0,66.0,0.0,0.0,0.384,가 보겠습니다.,그럼 가 볼게요.,대화체 자연화,32.89,T4,구조검사 통과 시 유지,,24.582701062215477,29.4,P4,회귀검사 통과 시 유지
ADN-622,사진 대조 1차 교정본,570,"01:52:14,680 --> 01:52:14,960",0.28,…,잘 먹겠습니다.,따뜻해… 안쪽까지 느껴져요.,중립·혼합형,,0.02,,,25.0,90.0,50.0,78.0,75.0,0.35385,0.0,66.0,0.0,0.0,0.0623,"싫어, 아… 아… 아…",싫어… 아… 아…,일본어 원문 대조 + 자연스러운 한국어 대사 교정,29.92,T4,구조검사 통과 시 유지,,15.781487101669194,23.98,P4,회귀검사 통과 시 유지
ADN-622,사진 대조 1차 교정본,571,"01:52:31,140 --> 01:52:32,240",1.1,따뜻해… 안쪽까지 느껴져요.,…,"따뜻해, 너무 따뜻해.",반말형,,0.04,,,25.0,90.0,50.0,78.0,79.0,0.77685,0.0,66.0,0.0,0.0,0.5216,정말 느껴져요.,확실히 느껴져요.,,47.93,T3,화자·문맥·자연스러움 집중 검토,,91.80576631259484,66.36,P2,앞뒤 5블록·사진·오류 기억을 함께 검토
ADN-622,사진 대조 1차 교정본,572,"01:52:45,090 --> 01:52:47,370",2.28,"따뜻해, 너무 따뜻해.",따뜻해… 안쪽까지 느껴져요.,따뜻해.,반말형,,0.01,,,25.0,90.0,50.0,78.0,75.0,0.50946,16.7,66.0,0.0,0.0,0.7891,따뜻해.,안 돼.,일본어 원문 + 타임스탬프 사진 + 장면 연속성,39.46,T3,화자·문맥·자연스러움 집중 검토,,53.71775417298937,45.45,P3,말투·질문응답·가독성 위주 검토
ADN-622,사진 대조 1차 교정본,573,"01:52:47,370 --> 01:52:47,450",0.08,따뜻해.,"따뜻해, 너무 따뜻해.",기분 좋아.,반말형,,0.03,,,25.0,90.0,50.0,78.0,75.0,0.37193,42.0,66.0,70.0,0.0,1.0,따뜻해.,안 돼.,일본어 원문 + 타임스탬프 사진 + 장면 연속성,45.24,T3,화자·문맥·자연스러움 집중 검토,high_cps,82.77693474962064,61.01,P2,앞뒤 5블록·사진·오류 기억을 함께 검토
ADN-622,사진 대조 1차 교정본,574,"01:52:47,450 --> 01:52:47,930",0.48,기분 좋아.,따뜻해.,하아…,반응형,,0.05,,,25.0,90.0,50.0,78.0,75.0,0.55319,42.0,66.0,0.0,0.0,1.0,기분 좋아.,"아, 좋아.",화면 영문 자막 대조,45.85,T3,화자·문맥·자연스러움 집중 검토,,84.90136570561457,62.25,P2,앞뒤 5블록·사진·오류 기억을 함께 검토
ADN-622,사진 대조 1차 교정본,575,"01:52:48,810 --> 01:52:49,370",0.56,하아…,기분 좋아.,"더, 더 빨아 줘. 너만 좋으면 안 되잖아.
이쪽도 빨아 줘.",반응형,,0.01,,,25.0,90.0,50.0,78.0,75.0,0.46483,42.0,66.0,0.0,0.0,1.0,하아…,보여 줘.,일본어 원문 + 타임스탬프 사진 + 장면 연속성,42.14,T3,화자·문맥·자연스러움 집중 검토,,69.57511380880122,53.66,P3,말투·질문응답·가독성 위주 검토
ADN-622,사진 대조 1차 교정본,576,"01:52:59,340 --> 01:53:24,170",24.83,"더, 더 빨아 줘. 너만 좋으면 안 되잖아.
이쪽도 빨아 줘.",하아…,"하아, 앗…",중립·혼합형,,0.04,,,25.0,90.0,50.0,78.0,75.0,0.90815,0.0,66.0,0.0,0.0,0.4387,안 되잖아.,안 되지.,일본어 원문 대조 + 자연스러운 한국어 대사 교정,53.2,T3,화자·문맥·자연스러움 집중 검토,,99.08952959028832,72.47,P1,장면 패킷을 열고 후보 3개를 생성해 반증 검토
ADN-622,사진 대조 1차 교정본,577,"01:53:34,200 --> 01:53:52,880",18.68,"하아, 앗…","더, 더 빨아 줘. 너만 좋으면 안 되잖아.
이쪽도 빨아 줘.","하아, 하아…",반응형,,0.0,,,25.0,90.0,50.0,78.0,75.0,0.69662,0.0,66.0,0.0,0.0,0.4761,"하아, 하아...","하아, 하아…",,44.32,T3,화자·문맥·자연스러움 집중 검토,,79.96965098634294,59.29,P2,앞뒤 5블록·사진·오류 기억을 함께 검토
ADN-622,사진 대조 1차 교정본,578,"01:53:52,880 --> 01:53:54,780",1.9,"하아, 하아…","하아, 앗…",으읏…,반응형,,0.02,,,25.0,90.0,50.0,78.0,75.0,0.52833,19.25,66.0,0.0,0.0,0.8104,하아…,보여 줘.,일본어 원문 + 타임스탬프 사진 + 장면 연속성,40.72,T3,화자·문맥·자연스러움 집중 검토,,61.077389984825494,49.27,P3,말투·질문응답·가독성 위주 검토
ADN-622,사진 대조 1차 교정본,579,"01:53:54,780 --> 01:53:58,760",3.98,으읏…,"하아, 하아…",안을 휘젓는 손가락의 움직임이 느껴져…,반응형,,0.02,,,25.0,90.0,50.0,78.0,75.0,0.36627,0.0,66.0,0.0,0.0,0.0696,"으음, 으음...","으음, 으음…",,30.44,T4,구조검사 통과 시 유지,,16.69195751138088,24.67,P4,회귀검사 통과 시 유지
ADN-622,사진 대조 1차 교정본,580,"01:53:59,000 --> 01:54:00,000",1.0,안을 휘젓는 손가락의 움직임이 느껴져…,으읏…,이대로 계속해 줘…,중립·혼합형,,0.0,,,25.0,90.0,50.0,78.0,79.0,0.87121,0.0,66.0,25.0,0.0,0.2592,"그 움직임이 결과적으로,",그 움직임이 결과적으로,,54.39,T3,화자·문맥·자연스러움 집중 검토,borderline_cps,99.39301972685888,73.29,P1,장면 패킷을 열고 후보 3개를 생성해 반증 검토
ADN-622,사진 대조 1차 교정본,581,"01:54:00,000 --> 01:54:00,020",0.02,이대로 계속해 줘…,안을 휘젓는 손가락의 움직임이 느껴져…,"아, 이건 너무 기분 좋아…",반말형,,0.0,,,25.0,90.0,50.0,78.0,75.0,0.86895,0.0,66.0,70.0,0.0,0.4009,"오, 오... 계속해 봐.","오, 오… 계속해 봐.",,58.56,T3,화자·문맥·자연스러움 집중 검토,high_cps,99.84825493171472,75.9,P1,장면 패킷을 열고 후보 3개를 생성해 반증 검토
ADN-622,사진 대조 1차 교정본,582,"01:54:00,260 --> 01:54:07,200",6.94,"아, 이건 너무 기분 좋아…",이대로 계속해 줘…,피가 섞인 것 같아.,반응형,,0.04,,,25.0,90.0,50.0,78.0,75.0,0.63211,0.0,66.0,0.0,0.0,0.5408,아- 기분 좋아…,아… 기분 좋아…,,41.61,T3,화자·문맥·자연스러움 집중 검토,,66.9195751138088,52.24,P3,말투·질문응답·가독성 위주 검토
ADN-622,사진 대조 1차 교정본,583,"01:54:07,200 --> 01:54:07,300",0.1,피가 섞인 것 같아.,"아, 이건 너무 기분 좋아…","빨리, 빨리.",반응형,,0.0,,,25.0,90.0,50.0,78.0,75.0,0.60017,0.0,66.0,70.0,0.0,0.49,갈 것 같아.,진짜 갈 것 같아.,일본어 원문 대조 + 자연스러운 한국어 대사 교정,47.27,T3,화자·문맥·자연스러움 집중 검토,high_cps,89.68133535660091,65.08,P2,앞뒤 5블록·사진·오류 기억을 함께 검토
ADN-622,사진 대조 1차 교정본,584,"01:54:07,300 --> 01:54:29,970",22.67,"빨리, 빨리.",피가 섞인 것 같아.,잔뜩 기분 좋게 해 줘.,중립·혼합형,,0.0,,,25.0,90.0,50.0,78.0,75.0,0.48391,0.0,66.0,0.0,0.0,0.2597,빨리 핥아 봐.,빨리 핥아 줘.,화자 말투 자연화,35.38,T3,화자·문맥·자연스러움 집중 검토,,32.62518968133536,34.22,P4,회귀검사 통과 시 유지
ADN-622,사진 대조 1차 교정본,585,"01:54:58,960 --> 01:55:00,780",1.82,잔뜩 기분 좋게 해 줘.,"빨리, 빨리.",좀 만져 줘.,반말형,,0.04,,,25.0,90.0,50.0,78.0,75.0,0.80126,0.0,66.0,0.0,0.0,0.4165,기분 좋게 해 주고 싶어요.,제가 해 볼게요.,앞 블록과 중복된 문장 정리,48.71,T3,화자·문맥·자연스러움 집중 검토,,94.84066767830045,68.08,P2,앞뒤 5블록·사진·오류 기억을 함께 검토
ADN-622,사진 대조 1차 교정본,586,"01:55:22,290 --> 01:55:23,610",1.32,좀 만져 줘.,잔뜩 기분 좋게 해 줘.,"깊숙이, 깊숙이 물어줘.",중립·혼합형,,0.01,,,25.0,90.0,50.0,78.0,75.0,0.67617,0.0,66.0,0.0,0.0,0.5068,한번 만져 봐.,안 돼.,일본어 원문 + 타임스탬프 사진 + 장면 연속성,43.46,T3,화자·문맥·자연스러움 집중 검토,,76.4795144157815,57.33,P3,말투·질문응답·가독성 위주 검토
ADN-622,사진 대조 1차 교정본,587,"01:55:42,600 --> 01:55:44,900",2.3,"깊숙이, 깊숙이 물어줘.",좀 만져 줘.,깊숙이 물어달라고.,반응형,,0.0,,,25.0,90.0,50.0,78.0,75.0,0.63842,0.0,66.0,0.0,0.0,0.2597,그건 다리 안쪽 깊숙이.,안쪽 깊숙이 와.,부자연스러운 신체 표현을 자연화,41.87,T3,화자·문맥·자연스러움 집중 검토,,68.13353566009106,52.9,P3,말투·질문응답·가독성 위주 검토
ADN-622,사진 대조 1차 교정본,588,"01:55:46,320 --> 01:55:48,220",1.9,깊숙이 물어달라고.,"깊숙이, 깊숙이 물어줘.","자, 더 해 줘.",반응형,,0.02,,,25.0,90.0,50.0,78.0,75.0,0.61793,0.0,66.0,0.0,0.0,0.1836,뜨거운 정액이 안쪽 깊숙이 한꺼번에 쏟아졌다.,뜨거운 정액이 보지 깊숙이 한꺼번에 쏟아졌다.,,41.01,T3,화자·문맥·자연스러움 집중 검토,,62.82245827010622,50.17,P3,말투·질문응답·가독성 위주 검토
ADN-622,사진 대조 1차 교정본,589,"01:56:11,940 --> 01:56:13,380",1.44,"자, 더 해 줘.",깊숙이 물어달라고.,"자, 더 해달라고.",반말형,,0.04,,,25.0,90.0,50.0,78.0,75.0,0.6479,2.81,66.0,0.0,0.0,0.6734,좀 더 해 줘.,보여?,일본어 원문 + 타임스탬프 사진 + 장면 연속성,42.78,T3,화자·문맥·자연스러움 집중 검토,,73.2928679817906,55.6,P3,말투·질문응답·가독성 위주 검토
ADN-622,사진 대조 1차 교정본,590,"01:56:27,680 --> 01:56:29,180",1.5,"자, 더 해달라고.","자, 더 해 줘.","벗어, 얼른.",반말형,,0.02,,,25.0,90.0,50.0,78.0,75.0,0.70753,0.0,66.0,0.0,0.0,0.254,"자, 더 해줄 테니까.","자, 더 해 줄 테니까.",,44.78,T3,화자·문맥·자연스러움 집중 검토,,80.88012139605463,59.94,P2,앞뒤 5블록·사진·오류 기억을 함께 검토
ADN-622,사진 대조 1차 교정본,591,"01:57:06,560 --> 01:57:08,240",1.68,"벗어, 얼른.","자, 더 해달라고.","해 줘, 어서.",반응형,,0.04,,,25.0,90.0,50.0,78.0,75.0,0.61431,0.0,66.0,0.0,0.0,0.1033,"어, 뭐 좀 해 줘.",양치 좀 해 줘.,손상된 일본어 ASR + 타임스탬프 사진 + 앞뒤 문맥 추론,40.86,T3,화자·문맥·자연스러움 집중 검토,,61.91198786039453,49.7,P3,말투·질문응답·가독성 위주 검토
ADN-622,사진 대조 1차 교정본,592,"01:57:24,290 --> 01:57:27,510",3.22,"해 줘, 어서.","벗어, 얼른.",좋아.,반응형,,0.01,,,25.0,90.0,50.0,78.0,75.0,0.53734,0.0,66.0,0.0,0.0,0.1844,좀 더 해 줘.,보여?,일본어 원문 + 타임스탬프 사진 + 장면 연속성,37.63,T3,화자·문맥·자연스러움 집중 검토,,42.792109256449166,39.8,P4,회귀검사 통과 시 유지
ADN-622,사진 대조 1차 교정본,593,"01:57:33,360 --> 01:57:34,760",1.4,좋아.,"해 줘, 어서.",너무 좋아.,반응형,,0.04,,,25.0,90.0,50.0,78.0,75.0,0.21594,20.44,66.0,0.0,0.0,0.8203,"아, 좋아.","아, 들어온다.",,27.81,T4,구조검사 통과 시 유지,,10.62215477996965,20.59,P4,회귀검사 통과 시 유지
ADN-622,사진 대조 1차 교정본,594,"01:57:34,760 --> 01:57:45,790",11.03,너무 좋아.,좋아.,끝내준다.,반응형,,0.04,,,25.0,90.0,50.0,78.0,75.0,0.34722,0.0,66.0,0.0,0.0,0.5836,"아, 좋아.","아, 들어온다.",,29.64,T4,구조검사 통과 시 유지,,14.719271623672231,23.37,P4,회귀검사 통과 시 유지
ADN-622,사진 대조 1차 교정본,595,"01:57:49,170 --> 01:57:55,110",5.94,끝내준다.,너무 좋아.,엄청 젖었어.,중립·혼합형,,0.03,,,25.0,90.0,50.0,78.0,75.0,0.38953,0.0,66.0,0.0,0.0,0.1425,다리를 꼬아 푹 삶아준다.,[불명],,31.42,T4,구조검사 통과 시 유지,,19.499241274658573,26.41,P4,회귀검사 통과 시 유지
ADN-622,사진 대조 1차 교정본,596,"01:57:58,450 --> 01:57:59,330",0.88,엄청 젖었어.,끝내준다.,이건 어때?,반응형,,0.05,,,25.0,90.0,50.0,78.0,79.0,0.74567,0.0,66.0,0.0,0.0,0.5286,배까지 젖었어. 엄청나졌어.,배까지 다 젖었어.,일본어 원문 대조 + 자연스러운 한국어 대사 교정,46.62,T3,화자·문맥·자연스러움 집중 검토,,87.63277693474963,63.85,P2,앞뒤 5블록·사진·오류 기억을 함께 검토
ADN-622,사진 대조 1차 교정본,597,"01:57:59,710 --> 01:58:03,490",3.78,이건 어때?,엄청 젖었어.,이게 전부야.,반응형,,0.01,,,25.0,90.0,50.0,78.0,75.0,0.48905,0.0,66.0,0.0,0.0,0.5231,어때? 맛은?,어때? 맛 평가해 줘.,일본어 원문 대조 + 자연스러운 한국어 대사 교정,35.6,T3,화자·문맥·자연스러움 집중 검토,,34.06676783004553,34.96,P4,회귀검사 통과 시 유지
ADN-622,사진 대조 1차 교정본,598,"01:58:03,650 --> 01:58:04,890",1.24,이게 전부야.,이건 어때?,기분 좋지?,반말형,,0.05,,,25.0,90.0,50.0,78.0,75.0,0.4501,0.0,66.0,0.0,0.0,0.36,이게 좋아.,이렇게 하는 게 좋아.,손상된 일본어 ASR + 타임스탬프 사진 + 앞뒤 문맥 추론,33.96,T4,구조검사 통과 시 유지,,28.072837632776938,31.49,P4,회귀검사 통과 시 유지
ADN-622,사진 대조 1차 교정본,599,"01:58:04,890 --> 01:58:07,630",2.74,기분 좋지?,이게 전부야.,맛있어요.,반말형,,0.01,,,25.0,90.0,50.0,78.0,75.0,0.33186,42.0,66.0,0.0,0.0,1.0,기분 좋지?,흥분되면 말해 봐.,화면 영문 자막 대조,36.56,T3,화자·문맥·자연스러움 집중 검토,,37.63277693474962,37.01,P4,회귀검사 통과 시 유지
ADN-622,사진 대조 1차 교정본,600,"01:58:10,770 --> 01:58:12,330",1.56,맛있어요.,기분 좋지?,"자, 어서.",반응형,,0.03,,,25.0,90.0,50.0,78.0,75.0,0.29764,0.0,66.0,0.0,0.0,0.3156,맛있어...,맛있어…,,27.56,T4,구조검사 통과 시 유지,,10.015174506828528,20.19,P4,회귀검사 통과 시 유지
ADN-622,사진 대조 1차 교정본,601,"01:58:16,230 --> 01:58:18,870",2.64,"자, 어서.",맛있어요.,가만히 있어.,반응형,,0.03,,,25.0,90.0,50.0,78.0,75.0,0.40555,0.0,66.0,0.0,0.0,0.283,"자, 아~.","자, 아…",,32.09,T4,구조검사 통과 시 유지,,21.851289833080425,27.79,P4,회귀검사 통과 시 유지
ADN-622,사진 대조 1차 교정본,602,"01:58:42,990 --> 01:58:44,490",1.5,가만히 있어.,"자, 어서.","학원은 꼭 가야 해.
아빠를 너무 힘들게 하지 마.",반응형,,0.01,,,25.0,90.0,50.0,78.0,75.0,0.65533,0.0,66.0,0.0,0.0,0.3417,뒤에 있어.,뒤쪽도 보여 줘.,일본어 원문 대조 + 자연스러운 한국어 대사 교정,42.58,T3,화자·문맥·자연스러움 집중 검토,,71.47192716236722,54.71,P3,말투·질문응답·가독성 위주 검토
ADN-622,사진 대조 1차 교정본,603,"01:58:49,160 --> 01:58:55,300",6.14,"학원은 꼭 가야 해.
아빠를 너무 힘들게 하지 마.",가만히 있어.,"그 얘기 좀 그만해.
학원이든 회사든 알 바 아니라고.",반말형,,0.04,,,25.0,90.0,50.0,78.0,75.0,0.76751,0.0,66.0,0.0,0.0,0.3475,하지 마.,잠깐만.,손상된 일본어 ASR + 타임스탬프 사진 + 앞뒤 문맥 추론,47.3,T3,화자·문맥·자연스러움 집중 검토,,89.83308042488619,65.16,P2,앞뒤 5블록·사진·오류 기억을 함께 검토
ADN-622,사진 대조 1차 교정본,604,"01:58:56,100 --> 01:59:03,140",7.04,"그 얘기 좀 그만해.
학원이든 회사든 알 바 아니라고.","학원은 꼭 가야 해.
아빠를 너무 힘들게 하지 마.",안 돼. 더 노력할 테니까.,반말형,,0.0,,,25.0,90.0,50.0,78.0,75.0,0.7325,0.0,66.0,0.0,0.0,0.2977,"안 돼, 그만해.","배 아파, 그만해.",,45.82,T3,화자·문맥·자연스러움 집중 검토,,84.67374810318664,62.14,P2,앞뒤 5블록·사진·오류 기억을 함께 검토
ADN-622,사진 대조 1차 교정본,605,"01:59:04,140 --> 01:59:09,680",5.54,안 돼. 더 노력할 테니까.,"그 얘기 좀 그만해.
학원이든 회사든 알 바 아니라고.",하게 해주면 되잖아.,중립·혼합형,,0.04,,,25.0,90.0,50.0,78.0,75.0,0.79261,0.0,66.0,0.0,0.0,0.4797,"자, 더 해줄 테니까.","자, 더 해 줄 테니까.",,48.35,T3,화자·문맥·자연스러움 집중 검토,,93.17147192716236,67.18,P2,앞뒤 5블록·사진·오류 기억을 함께 검토
ADN-622,사진 대조 1차 교정본,606,"01:59:18,580 --> 01:59:20,240",1.66,하게 해주면 되잖아.,안 돼. 더 노력할 테니까.,안 돼. 이것만으로는 안 돼.,반응형,,0.02,,,25.0,90.0,50.0,78.0,75.0,0.61499,0.0,66.0,0.0,0.0,0.6198,안 되잖아.,안 되지.,일본어 원문 대조 + 자연스러운 한국어 대사 교정,40.89,T3,화자·문맥·자연스러움 집중 검토,,62.29135053110774,49.88,P3,말투·질문응답·가독성 위주 검토
ADN-622,사진 대조 1차 교정본,607,"01:59:20,280 --> 01:59:22,960",2.68,안 돼. 이것만으로는 안 돼.,하게 해주면 되잖아.,역시 기분 좋아.,반응형,,0.02,,,25.0,90.0,50.0,78.0,75.0,0.68529,0.0,66.0,0.0,0.0,0.5536,안 돼.,"네, 놀랐어요.",타임스탬프 사진과 앞뒤 장면으로 대사 기능 복원,43.84,T3,화자·문맥·자연스러움 집중 검토,,78.14871016691957,58.25,P2,앞뒤 5블록·사진·오류 기억을 함께 검토
ADN-622,사진 대조 1차 교정본,608,"01:59:27,900 --> 01:59:29,380",1.48,역시 기분 좋아.,안 돼. 이것만으로는 안 돼.,"기분 좋아, 기분 좋아.",반응형,,0.0,,,25.0,90.0,50.0,78.0,75.0,0.31001,11.12,66.0,0.0,0.0,0.7426,기분 좋아.,"아, 좋아.",화면 영문 자막 대조,30.08,T4,구조검사 통과 시 유지,,16.084977238239755,24.2,P4,회귀검사 통과 시 유지
ADN-622,사진 대조 1차 교정본,609,"01:59:40,970 --> 01:59:42,850",1.88,"기분 좋아, 기분 좋아.",역시 기분 좋아.,정말 기분 좋아.,반응형,,0.03,,,25.0,90.0,50.0,78.0,75.0,0.38961,20.02,66.0,0.0,0.0,0.8169,기분 좋아.,"아, 좋아.",화면 영문 자막 대조,35.03,T3,화자·문맥·자연스러움 집중 검토,,31.71471927162367,33.64,P4,회귀검사 통과 시 유지
ADN-622,사진 대조 1차 교정본,610,"01:59:45,310 --> 01:59:46,430",1.12,정말 기분 좋아.,"기분 좋아, 기분 좋아.",외로웠던 거지?,반응형,,0.01,,,25.0,90.0,50.0,78.0,75.0,0.39759,32.12,66.0,0.0,0.0,0.9176,"아, 정말 기분 좋아.",아… 조금 좋아.,,37.54,T3,화자·문맥·자연스러움 집중 검토,,42.18512898330804,39.49,P4,회귀검사 통과 시 유지
ADN-622,사진 대조 1차 교정본,611,"02:00:21,530 --> 02:00:22,950",1.42,외로웠던 거지?,정말 기분 좋아.,힘들었던 거지?,반말형,,0.03,,,25.0,90.0,50.0,78.0,75.0,0.40668,0.0,66.0,0.0,0.0,0.4432,잘 거지?,갈 수 있지?,사진 장면 확인 및 한국어 번역투·ASR 오역 교정,32.14,T4,구조검사 통과 시 유지,,22.306525037936268,28.01,P4,회귀검사 통과 시 유지
ADN-622,사진 대조 1차 교정본,612,"02:00:24,610 --> 02:00:25,990",1.38,힘들었던 거지?,외로웠던 거지?,외로워…,반말형,,0.01,,,25.0,90.0,50.0,78.0,75.0,0.40932,0.0,66.0,0.0,0.0,0.4628,잘 거지?,갈 수 있지?,사진 장면 확인 및 한국어 번역투·ASR 오역 교정,32.25,T4,구조검사 통과 시 유지,,22.458270106221548,28.14,P4,회귀검사 통과 시 유지
ADN-622,사진 대조 1차 교정본,613,"02:00:29,750 --> 02:00:30,290",0.54,외로워…,힘들었던 거지?,"저기, 쿠미 씨.",중립·혼합형,,0.05,,,25.0,90.0,50.0,78.0,75.0,0.35152,0.0,66.0,0.0,0.0,0.1362,"하아, 부끄러워…",하아… 부끄러워.,일본어 원문 대조 + 자연스러운 한국어 대사 교정,29.82,T4,구조검사 통과 시 유지,,15.174506828528072,23.67,P4,회귀검사 통과 시 유지
ADN-622,사진 대조 1차 교정본,614,"02:01:34,930 --> 02:01:35,970",1.04,"저기, 쿠미 씨.",외로워…,움직여 줘.,중립·혼합형,,0.03,,,25.0,90.0,50.0,78.0,75.0,0.66669,0.0,66.0,0.0,0.0,0.3368,"저, 저기, 잠깐만 쉬게 해 주세요.","저기, 잠깐만… 그만해.",장면과 충돌한 긴 반복 자막 교정,43.06,T3,화자·문맥·자연스러움 집중 검토,,74.50682852807283,56.27,P3,말투·질문응답·가독성 위주 검토
ADN-622,사진 대조 1차 교정본,615,"02:01:37,470 --> 02:01:38,390",0.92,움직여 줘.,"저기, 쿠미 씨.",움직이라고.,중립·혼합형,,0.03,,,25.0,90.0,50.0,78.0,79.0,0.66136,0.0,66.0,0.0,0.0,0.5597,역시 움직여 줄게.,이제 움직여 줄게.,사진 장면 확인 및 한국어 번역투·ASR 오역 교정,43.08,T3,화자·문맥·자연스러움 집중 검토,,74.65857359635811,56.34,P3,말투·질문응답·가독성 위주 검토
ADN-622,사진 대조 1차 교정본,616,"02:01:39,370 --> 02:01:40,050",0.68,움직이라고.,움직여 줘.,"움직여 줘. 뭐든 다 해준다며.
노력하겠다고 했잖아.",중립·혼합형,,0.03,,,25.0,90.0,50.0,78.0,79.0,0.53778,0.0,66.0,0.0,0.0,0.1662,여러 곳을 움직이면서 할까?,손도 같이 움직여 볼까?,타임스탬프 사진과 장면 흐름으로 명백한 오인식 교정,37.89,T3,화자·문맥·자연스러움 집중 검토,,44.30955993930198,40.59,P3,말투·질문응답·가독성 위주 검토
ADN-622,사진 대조 1차 교정본,617,"02:01:48,320 --> 02:01:54,000",5.68,"움직여 줘. 뭐든 다 해준다며.
노력하겠다고 했잖아.",움직이라고.,"많이 해 줘, 잔뜩 해 줘.",반말형,,0.02,,,25.0,90.0,50.0,78.0,79.0,0.82793,0.0,66.0,0.0,0.0,0.2862,달라고 했잖아.,씻어 달라고 했잖아.,타임스탬프 사진과 앞뒤 장면으로 대사 기능 복원,50.07,T3,화자·문맥·자연스러움 집중 검토,,96.96509863429439,69.77,P2,앞뒤 5블록·사진·오류 기억을 함께 검토
ADN-622,사진 대조 1차 교정본,618,"02:02:15,390 --> 02:02:17,990",2.6,"많이 해 줘, 잔뜩 해 줘.","움직여 줘. 뭐든 다 해준다며.
노력하겠다고 했잖아.",움직이라고.,반말형,,0.01,,,25.0,90.0,50.0,78.0,75.0,0.74195,0.0,66.0,0.0,0.0,0.3972,좀 더 해 줘.,보여?,일본어 원문 + 타임스탬프 사진 + 장면 연속성,46.22,T3,화자·문맥·자연스러움 집중 검토,,86.34294385432474,63.07,P2,앞뒤 5블록·사진·오류 기억을 함께 검토
ADN-622,사진 대조 1차 교정본,619,"02:02:32,240 --> 02:02:33,200",0.96,움직이라고.,"많이 해 줘, 잔뜩 해 줘.",열심히 해 줘. 열심히 하겠다며.,중립·혼합형,,0.04,,,25.0,90.0,50.0,78.0,79.0,0.77944,0.0,66.0,0.0,0.0,0.1662,여러 곳을 움직이면서 할까?,손도 같이 움직여 볼까?,타임스탬프 사진과 장면 흐름으로 명백한 오인식 교정,48.04,T3,화자·문맥·자연스러움 집중 검토,,92.18512898330803,66.58,P2,앞뒤 5블록·사진·오류 기억을 함께 검토
ADN-622,사진 대조 1차 교정본,620,"02:04:09,950 --> 02:04:49,480",39.53,열심히 해 줘. 열심히 하겠다며.,움직이라고.,"열심히 할 거지?
잔뜩 느끼게 해 줄 테니까.",반말형,,0.05,,,25.0,90.0,50.0,78.0,75.0,0.86101,0.0,66.0,0.0,0.0,0.4548,열심히 하겠습니다.,힘내 볼게요.,,51.22,T3,화자·문맥·자연스러움 집중 검토,,97.95144157814872,70.85,P2,앞뒤 5블록·사진·오류 기억을 함께 검토
ADN-622,사진 대조 1차 교정본,621,"02:04:53,300 --> 02:04:56,480",3.18,"열심히 할 거지?
잔뜩 느끼게 해 줄 테니까.",열심히 해 줘. 열심히 하겠다며.,"자, 어서, 어서.
열심히 해달라고.",반말형,,0.0,,,25.0,90.0,50.0,78.0,75.0,0.65767,0.0,66.0,0.0,0.0,0.345,"자, 더 해줄 테니까.","자, 더 해 줄 테니까.",,42.68,T3,화자·문맥·자연스러움 집중 검토,,72.45827010622155,55.19,P3,말투·질문응답·가독성 위주 검토
ADN-622,사진 대조 1차 교정본,622,"02:04:59,740 --> 02:06:18,890",79.15,"자, 어서, 어서.
열심히 해달라고.","열심히 할 거지?
잔뜩 느끼게 해 줄 테니까.",열심히 하겠다며.,반응형,,0.04,,,25.0,90.0,50.0,78.0,75.0,0.64173,0.0,66.0,0.0,0.0,0.2322,열심히 하겠습니다.,힘내 볼게요.,,42.01,T3,화자·문맥·자연스러움 집중 검토,,68.5887708649469,53.17,P3,말투·질문응답·가독성 위주 검토
ADN-622,사진 대조 1차 교정본,623,"02:06:26,780 --> 02:06:52,060",25.28,열심히 하겠다며.,"자, 어서, 어서.
열심히 해달라고.",노력할 거지?,중립·혼합형,,0.02,,,25.0,90.0,50.0,78.0,75.0,0.62304,0.0,66.0,0.0,0.0,0.3826,열심히 하겠습니다.,힘내 볼게요.,,41.23,T3,화자·문맥·자연스러움 집중 검토,,64.11229135053111,50.84,P3,말투·질문응답·가독성 위주 검토
ADN-622,사진 대조 1차 교정본,624,"02:06:52,060 --> 02:07:42,670",50.61,노력할 거지?,열심히 하겠다며.,힘내서 해 줘.,반말형,,0.04,,,25.0,90.0,50.0,78.0,75.0,0.66241,0.0,66.0,0.0,0.0,0.5544,잘 거지?,갈 수 있지?,사진 장면 확인 및 한국어 번역투·ASR 오역 교정,42.88,T3,화자·문맥·자연스러움 집중 검토,,73.89984825493171,55.91,P3,말투·질문응답·가독성 위주 검토
ADN-622,사진 대조 1차 교정본,625,"02:07:42,670 --> 02:07:42,770",0.1,힘내서 해 줘.,노력할 거지?,"아, 바로 그거야.",반말형,,0.03,,,25.0,90.0,50.0,78.0,75.0,0.48917,0.0,66.0,70.0,0.0,0.3453,좀 더 해 줘.,보여?,일본어 원문 + 타임스탬프 사진 + 장면 연속성,42.61,T3,화자·문맥·자연스러움 집중 검토,high_cps,71.85128983308043,54.89,P3,말투·질문응답·가독성 위주 검토
ADN-622,사진 대조 1차 교정본,626,"02:07:44,590 --> 02:07:45,210",0.62,"아, 바로 그거야.",힘내서 해 줘.,잔뜩 싸줘.,반응형,,0.01,,,25.0,90.0,50.0,78.0,75.0,0.59404,0.0,66.0,0.0,0.0,0.3061,"아, 아, 아, 아, 아, 아, 아,","아, 아, 아, 아, 아, 아, 아",,40.01,T3,화자·문맥·자연스러움 집중 검토,,56.600910470409715,46.98,P3,말투·질문응답·가독성 위주 검토
ADN-622,사진 대조 1차 교정본,627,"02:09:01,020 --> 02:09:02,180",1.16,잔뜩 싸줘.,"아, 바로 그거야.",열심히 해 줘.,중립·혼합형,,0.02,,,25.0,90.0,50.0,78.0,75.0,0.56674,0.0,66.0,0.0,0.0,0.3513,잔뜩 쌀 거야.,걱정 마.,화면 영문 자막 대조,38.86,T3,화자·문맥·자연스러움 집중 검토,,49.165402124430955,43.19,P3,말투·질문응답·가독성 위주 검토
ADN-622,사진 대조 1차 교정본,628,"02:09:06,200 --> 02:09:11,180",4.98,열심히 해 줘.,잔뜩 싸줘.,기분 좋아.,반말형,,0.0,,,25.0,90.0,50.0,78.0,75.0,0.64207,0.0,66.0,0.0,0.0,0.4537,열심히 하겠습니다.,힘내 볼게요.,,42.03,T3,화자·문맥·자연스러움 집중 검토,,68.96813353566009,53.34,P3,말투·질문응답·가독성 위주 검토
ADN-622,사진 대조 1차 교정본,629,"02:09:37,950 --> 02:09:38,870",0.92,기분 좋아.,열심히 해 줘.,안쪽까지 들어오니까 정말 좋아.,반응형,,0.05,,,25.0,90.0,50.0,78.0,75.0,0.48818,42.0,66.0,0.0,0.0,1.0,기분 좋아.,"아, 좋아.",화면 영문 자막 대조,43.12,T3,화자·문맥·자연스러움 집중 검토,,74.88619119878604,56.46,P3,말투·질문응답·가독성 위주 검토
ADN-622,사진 대조 1차 교정본,630,"02:09:39,750 --> 02:09:49,640",9.89,안쪽까지 들어오니까 정말 좋아.,기분 좋아.,"잠깐, 아아!",반응형,,0.05,성인 장면의 부자연스러운 문장 교정,중간,38.0,90.0,50.0,78.0,66.0,0.73908,0.0,48.0,0.0,0.0,0.4687,안쪽까지 안 가?,더 안쪽까지 안 들어가?,일본어 원문 대조 + 자연스러운 한국어 대사 교정,42.68,T3,화자·문맥·자연스러움 집중 검토,,72.45827010622155,55.19,P3,말투·질문응답·가독성 위주 검토
ADN-622,사진 대조 1차 교정본,631,"02:09:51,280 --> 02:09:52,320",1.04,"잠깐, 아아!",안쪽까지 들어오니까 정말 좋아.,기분 좋아. 어때? 기분 좋아?,반응형,,0.02,,,25.0,90.0,50.0,78.0,75.0,0.18757,0.0,66.0,0.0,0.0,0.3543,"잠깐, 잠깐만 쉬게 해 주세요.","잠깐, 잠깐만… 그만해.",장면과 충돌한 표현 교정,22.94,T4,구조검사 통과 시 유지,,1.8209408194233687,14.07,P4,회귀검사 통과 시 유지
ADN-622,사진 대조 1차 교정본,632,"02:09:57,730 --> 02:10:01,270",3.54,기분 좋아. 어때? 기분 좋아?,"잠깐, 아아!","유우 군, 유우 군…",반응형,,0.03,,,25.0,90.0,50.0,78.0,75.0,0.50889,3.04,66.0,0.0,0.0,0.6753,기분 좋아.,"아, 좋아.",화면 영문 자막 대조,36.98,T3,화자·문맥·자연스러움 집중 검토,,39.83308042488619,38.18,P4,회귀검사 통과 시 유지
ADN-622,사진 대조 1차 교정본,633,"02:10:01,850 --> 02:10:03,150",1.3,"유우 군, 유우 군…",기분 좋아. 어때? 기분 좋아?,열심히 해 줄 거지?,중립·혼합형,,0.05,,,25.0,90.0,50.0,78.0,75.0,0.47154,0.0,66.0,0.0,0.0,0.1899,"하지메 군, 잘 부탁해!","하지메 군, 앞으로 잘 부탁해!",사진 장면 확인 및 한국어 번역투·ASR 오역 교정,34.86,T4,구조검사 통과 시 유지,,30.652503793626707,33.09,P4,회귀검사 통과 시 유지
ADN-622,사진 대조 1차 교정본,634,"02:10:07,810 --> 02:10:09,050",1.24,열심히 해 줄 거지?,"유우 군, 유우 군…","유우 군도 노력해 줘, 어서.",반말형,,0.01,,,25.0,90.0,50.0,78.0,75.0,0.66203,0.0,66.0,0.0,0.0,0.5501,잘 거지?,갈 수 있지?,사진 장면 확인 및 한국어 번역투·ASR 오역 교정,42.87,T3,화자·문맥·자연스러움 집중 검토,,73.74810318664643,55.84,P3,말투·질문응답·가독성 위주 검토
ADN-622,사진 대조 1차 교정본,635,"02:10:09,470 --> 02:10:12,830",3.36,"유우 군도 노력해 줘, 어서.",열심히 해 줄 거지?,같이…,반응형,,0.03,,,25.0,90.0,50.0,78.0,75.0,0.74873,0.0,66.0,0.0,0.0,0.1539,그럼 네가 갈 수 있게 내가 노력해볼게.,그럼 네가 갈 수 있게 내가 노력해 볼게.,,46.51,T3,화자·문맥·자연스러움 집중 검토,,87.0257966616085,63.53,P2,앞뒤 5블록·사진·오류 기억을 함께 검토
ADN-622,사진 대조 1차 교정본,636,"02:10:20,800 --> 02:10:21,720",0.92,같이…,"유우 군도 노력해 줘, 어서.",같이 뭐?,중립·혼합형,,0.0,,,25.0,90.0,50.0,78.0,75.0,0.25301,0.0,66.0,0.0,0.0,0.1896,같이 좀 가요.,그럼 같이 가요.,일본어 원문 대조 + 자연스러운 한국어 대사 교정,25.69,T4,구조검사 통과 시 유지,,5.462822458270106,17.19,P4,회귀검사 통과 시 유지
ADN-622,사진 대조 1차 교정본,637,"02:10:24,660 --> 02:10:25,480",0.82,같이 뭐?,같이…,엄마랑 같이 노력하자.,중립·혼합형,,0.04,,,25.0,90.0,50.0,78.0,75.0,0.42888,0.0,66.0,0.0,0.0,0.38,같이 좀 가요.,그럼 같이 가요.,일본어 원문 대조 + 자연스러운 한국어 대사 교정,33.07,T4,구조검사 통과 시 유지,,25.569044006069802,29.92,P4,회귀검사 통과 시 유지
ADN-622,사진 대조 1차 교정본,638,"02:10:26,040 --> 02:10:27,920",1.88,엄마랑 같이 노력하자.,같이 뭐?,"지금 열심히 하고 있잖아.
같이 하고 있잖아.",중립·혼합형,,0.04,,,25.0,90.0,50.0,78.0,75.0,0.67293,0.0,66.0,0.0,0.0,0.2096,같이 좀 가요.,그럼 같이 가요.,일본어 원문 대조 + 자연스러운 한국어 대사 교정,43.32,T3,화자·문맥·자연스러움 집중 검토,,75.87253414264038,56.99,P3,말투·질문응답·가독성 위주 검토
ADN-622,사진 대조 1차 교정본,639,"02:10:28,840 --> 02:10:32,840",4.0,"지금 열심히 하고 있잖아.
같이 하고 있잖아.",엄마랑 같이 노력하자.,열심히 하고 있잖아.,반말형,,0.04,,,25.0,90.0,50.0,78.0,75.0,0.61396,0.0,66.0,0.0,0.0,0.5889,서 있잖아.,완전히 서 있잖아.,일본어 원문 대조 + 자연스러운 한국어 대사 교정,40.85,T3,화자·문맥·자연스러움 집중 검토,,61.76024279210925,49.63,P3,말투·질문응답·가독성 위주 검토
ADN-622,사진 대조 1차 교정본,640,"02:11:04,220 --> 02:11:05,340",1.12,열심히 하고 있잖아.,"지금 열심히 하고 있잖아.
같이 하고 있잖아.",노력할게.,반응형,,0.02,,,25.0,90.0,50.0,78.0,75.0,0.77793,0.0,66.0,0.0,0.0,0.5654,서 있잖아.,완전히 서 있잖아.,일본어 원문 대조 + 자연스러운 한국어 대사 교정,47.73,T3,화자·문맥·자연스러움 집중 검토,,91.350531107739,66.05,P2,앞뒤 5블록·사진·오류 기억을 함께 검토
ADN-622,사진 대조 1차 교정본,641,"02:11:43,780 --> 02:11:44,180",0.4,노력할게.,열심히 하고 있잖아.,기분 좋지?,중립·혼합형,,0.02,,,25.0,90.0,50.0,78.0,75.0,0.56175,0.0,66.0,0.0,0.0,0.2799,이제 안 할게.,이제 안 애태울게.,,38.65,T3,화자·문맥·자연스러움 집중 검토,,48.25493171471928,42.68,P3,말투·질문응답·가독성 위주 검토
ADN-622,사진 대조 1차 교정본,642,"02:11:44,180 --> 02:11:44,820",0.64,기분 좋지?,노력할게.,"쿠미 씨, 잔뜩 싸게 해 줘.",반말형,,0.02,,,25.0,90.0,50.0,78.0,75.0,0.56149,42.0,66.0,0.0,0.0,1.0,기분 좋지?,흥분되면 말해 봐.,화면 영문 자막 대조,46.2,T3,화자·문맥·자연스러움 집중 검토,,86.19119878603946,63.0,P2,앞뒤 5블록·사진·오류 기억을 함께 검토
ADN-622,사진 대조 1차 교정본,643,"02:11:57,160 --> 02:11:59,460",2.3,"쿠미 씨, 잔뜩 싸게 해 줘.",기분 좋지?,"이런 곳, 기분 좋아.",반말형,,0.04,,,25.0,90.0,50.0,78.0,75.0,0.67832,0.0,66.0,0.0,0.0,0.2803,잔뜩 쌀 거야.,걱정 마.,화면 영문 자막 대조,43.55,T3,화자·문맥·자연스러움 집중 검토,,77.01062215477997,57.6,P3,말투·질문응답·가독성 위주 검토
ADN-622,사진 대조 1차 교정본,644,"02:12:01,500 --> 02:12:03,600",2.1,"이런 곳, 기분 좋아.","쿠미 씨, 잔뜩 싸게 해 줘.",틀린 거 아니야.,반응형,,0.0,,,25.0,90.0,50.0,78.0,75.0,0.57052,0.0,66.0,0.0,0.0,0.6053,기분 좋아.,"아, 좋아.",화면 영문 자막 대조,39.02,T3,화자·문맥·자연스러움 집중 검토,,50.22761760242792,43.73,P3,말투·질문응답·가독성 위주 검토
ADN-622,사진 대조 1차 교정본,645,"02:12:12,930 --> 02:12:14,150",1.22,틀린 거 아니야.,"이런 곳, 기분 좋아.",이게 맞아.,반응형,,0.03,,,25.0,90.0,50.0,78.0,75.0,0.42077,0.0,66.0,0.0,0.0,0.312,- 이제 무리야... - 무리 아니야. 조금만 더.,- 이제 무리야… - 무리 아니야. 조금만 더.,,32.73,T4,구조검사 통과 시 유지,,24.355083459787558,29.21,P4,회귀검사 통과 시 유지
ADN-622,사진 대조 1차 교정본,646,"02:12:15,090 --> 02:12:15,770",0.68,이게 맞아.,틀린 거 아니야.,열심히 할게.,반응형,,0.01,,,25.0,90.0,50.0,78.0,75.0,0.5764,0.0,66.0,0.0,0.0,0.4766,이게 좋아.,이렇게 하는 게 좋아.,손상된 일본어 ASR + 타임스탬프 사진 + 앞뒤 문맥 추론,39.27,T3,화자·문맥·자연스러움 집중 검토,,52.42792109256449,44.8,P3,말투·질문응답·가독성 위주 검토
ADN-622,사진 대조 1차 교정본,647,"02:12:36,980 --> 02:12:37,640",0.66,열심히 할게.,이게 맞아.,안 돼.,중립·혼합형,,0.02,,,25.0,90.0,50.0,78.0,75.0,0.56307,0.0,66.0,0.0,0.0,0.614,이제 안 할게.,이제 안 애태울게.,,38.71,T3,화자·문맥·자연스러움 집중 검토,,48.710166919575116,42.91,P3,말투·질문응답·가독성 위주 검토
ADN-622,사진 대조 1차 교정본,648,"02:12:37,640 --> 02:12:38,200",0.56,안 돼.,열심히 할게.,"아, 갈 것 같아.",중립·혼합형,,0.04,,,25.0,90.0,50.0,78.0,75.0,0.37307,42.0,66.0,0.0,0.0,1.0,안 돼.,"네, 놀랐어요.",타임스탬프 사진과 앞뒤 장면으로 대사 기능 복원,38.29,T3,화자·문맥·자연스러움 집중 검토,,46.889226100151745,41.9,P3,말투·질문응답·가독성 위주 검토
ADN-622,사진 대조 1차 교정본,649,"02:12:38,600 --> 02:12:40,040",1.44,"아, 갈 것 같아.",안 돼.,갈래.,반응형,,0.0,,,25.0,90.0,50.0,78.0,75.0,0.41657,31.23,66.0,0.0,0.0,0.9103,갈 것 같아.,진짜 갈 것 같아.,일본어 원문 대조 + 자연스러운 한국어 대사 교정,38.18,T3,화자·문맥·자연스러움 집중 검토,,46.13050075872534,41.52,P3,말투·질문응답·가독성 위주 검토
ADN-622,사진 대조 1차 교정본,650,"02:12:41,500 --> 02:12:41,840",0.34,갈래.,"아, 갈 것 같아.","안 돼, 갈 것 같아.",중립·혼합형,,0.0,,,25.0,90.0,50.0,78.0,75.0,0.17732,0.0,66.0,0.0,0.0,0.2251,낮에 갈래?,여기서 벗을 생각은 아니지?,일본어 원문 대조 + 자연스러운 한국어 대사 교정,22.51,T4,구조검사 통과 시 유지,,1.3657056145675266,13.63,P4,회귀검사 통과 시 유지
ADN-622,사진 대조 1차 교정본,651,"02:12:41,840 --> 02:12:42,860",1.02,"안 돼, 갈 것 같아.",갈래.,싼다.,반응형,,0.04,,,25.0,90.0,50.0,78.0,75.0,0.50046,19.3,66.0,0.0,0.0,0.8108,갈 것 같아.,진짜 갈 것 같아.,일본어 원문 대조 + 자연스러운 한국어 대사 교정,39.55,T3,화자·문맥·자연스러움 집중 검토,,54.62822458270106,45.88,P3,말투·질문응답·가독성 위주 검토
ADN-622,사진 대조 1차 교정본,652,"02:12:42,860 --> 02:12:43,120",0.26,싼다.,"안 돼, 갈 것 같아.","아, 아, 아, 아, 아!",중립·혼합형,,0.04,,,25.0,90.0,50.0,78.0,75.0,0.11136,0.0,66.0,0.0,0.0,0.0543,좋았다.,좋지?,,19.74,T4,구조검사 통과 시 유지,,0.30349013657056145,11.58,P4,회귀검사 통과 시 유지
ADN-622,사진 대조 1차 교정본,653,"02:12:43,720 --> 02:12:47,420",3.7,"아, 아, 아, 아, 아!",싼다.,기분 좋았지?,반응형,,0.02,,,25.0,90.0,50.0,78.0,75.0,0.14945,41.31,66.0,0.0,0.0,0.7943,"아, 아, 아, 아, 아, 아, 아,","아, 아, 아, 아, 아, 아, 아",,28.77,T4,구조검사 통과 시 유지,token_repetition,12.898330804248861,22.1,P4,회귀검사 통과 시 유지
ADN-622,사진 대조 1차 교정본,654,"02:13:17,090 --> 02:13:18,330",1.24,기분 좋았지?,"아, 아, 아, 아, 아!","아니야, 유우 군…",반말형,,0.01,,,25.0,90.0,50.0,78.0,75.0,0.32079,0.0,66.0,0.0,0.0,0.3148,기분 좋지?,흥분되면 말해 봐.,화면 영문 자막 대조,28.53,T4,구조검사 통과 시 유지,,11.987860394537178,21.58,P4,회귀검사 통과 시 유지
ADN-622,사진 대조 1차 교정본,655,"02:13:21,650 --> 02:13:23,030",1.38,"아니야, 유우 군…",기분 좋았지?,기분 좋았잖아?,반응형,,0.05,,,25.0,90.0,50.0,78.0,75.0,0.54142,0.0,66.0,0.0,0.0,0.1949,온천 아니야?,뭔가…,일본어 원문 + 타임스탬프 사진 + 장면 연속성,37.8,T3,화자·문맥·자연스러움 집중 검토,,44.08194233687405,40.44,P3,말투·질문응답·가독성 위주 검토
ADN-622,사진 대조 1차 교정본,656,"02:13:32,060 --> 02:13:33,380",1.32,기분 좋았잖아?,"아니야, 유우 군…","이제 안 돼, 이제 안 돼.
더 이상은 안 돼.",반응형,,0.04,,,25.0,90.0,50.0,78.0,75.0,0.39925,0.0,66.0,0.0,0.0,0.2362,기분 좋아.,"아, 좋아.",화면 영문 자막 대조,31.83,T4,구조검사 통과 시 유지,,21.09256449165402,27.32,P4,회귀검사 통과 시 유지
ADN-622,사진 대조 1차 교정본,657,"02:13:37,100 --> 02:13:46,180",9.08,"이제 안 돼, 이제 안 돼.
더 이상은 안 돼.",기분 좋았잖아?,"손 잡아줘, 손 잡아달라고.",중립·혼합형,,0.0,,,25.0,90.0,50.0,78.0,75.0,0.40191,0.0,66.0,0.0,0.0,0.6,안 돼.,"네, 놀랐어요.",타임스탬프 사진과 앞뒤 장면으로 대사 기능 복원,31.94,T4,구조검사 통과 시 유지,,21.2443095599393,27.45,P4,회귀검사 통과 시 유지
ADN-622,사진 대조 1차 교정본,658,"02:14:16,220 --> 02:14:18,780",2.56,"손 잡아줘, 손 잡아달라고.","이제 안 돼, 이제 안 돼.
더 이상은 안 돼.","그치, 엄마? 좋지?",반응형,,0.02,,,25.0,90.0,50.0,78.0,75.0,0.50762,0.0,66.0,0.0,0.0,0.1881,내가 잡아 줄게.,목욕하면서…,일본어 원문 + 타임스탬프 사진 + 장면 연속성,36.38,T3,화자·문맥·자연스러움 집중 검토,,36.41881638846737,36.4,P4,회귀검사 통과 시 유지
ADN-622,사진 대조 1차 교정본,659,"02:14:20,500 --> 02:14:44,030",23.53,"그치, 엄마? 좋지?","손 잡아줘, 손 잡아달라고.",,반말형,,0.0,,,25.0,90.0,50.0,78.0,75.0,0.52997,0.0,66.0,0.0,0.0,0.5973,엄마?,왜?,타임스탬프 사진과 장면 흐름으로 명백한 오인식 교정,37.32,T3,화자·문맥·자연스러움 집중 검토,,41.578148710166914,39.11,P4,회귀검사 통과 시 유지
