title,stage,block,timecode,duration_seconds,text,prev_text,next_text,style_profile,frame_file,frame_difference_seconds,basis,evidence_confidence,source_meaning_confidence,scene_fit_confidence,speaker_confidence,korean_naturalness,hallucination_risk,model_change_probability,rule_risk,provenance_risk,timing_risk,continuity_risk,error_memory_similarity,nearest_prior_bad_text,nearest_prior_correction,nearest_prior_basis,final_risk,tier,recommended_action,flags,relative_risk_percentile,priority_score,review_band,priority_action
ABF-169,기준본,1,"00:00:20,260 --> 00:01:12,600",52.34,"앨리스예요. 오늘은 온천 여행을 갑니다. 곧 약속 장소에 도착해요.
날씨 진짜 좋다! 제가 비를 몰고 다니는 편인데 오늘은 맑아서 다행이에요.
도착했습니다. 안녕하세요, 오랜만이에요.",,"설마 이렇게 만나게 될 줄이야. 아, 부끄러워. 잘 부탁드려요.",존댓말형,,,,,25.0,30.0,50.0,58.0,75.0,0.61797,24.0,58.0,0.0,35.0,0.6361,저는 엄청 비를 몰고 다니는 편인데 오늘은 맑아서 다행이에요. 도착했습니다.,저 원래 비를 몰고 다니는 편인데 오늘은 맑아서 다행이에요. 도착했네요.,,46.85,T3,화자·문맥·자연스러움 집중 검토,formality_jump;over_2_lines,92.46401354784082,66.01,P2,앞뒤 5블록·사진·오류 기억을 함께 검토
ABF-169,기준본,2,"00:01:12,600 --> 00:01:19,100",6.5,"설마 이렇게 만나게 될 줄이야. 아, 부끄러워. 잘 부탁드려요.","앨리스예요. 오늘은 온천 여행을 갑니다. 곧 약속 장소에 도착해요.
날씨 진짜 좋다! 제가 비를 몰고 다니는 편인데 오늘은 맑아서 다행이에요.
도착했습니다. 안녕하세요, 오랜만이에요.","저기, 말투는 어떻게 할까? 오늘 데이트니까 이제 존댓말은 그만해도 되지?
존댓말 쓰면 벌칙 게임 하는 걸로 할까?",반말형,,,,,25.0,30.0,50.0,78.0,75.0,0.82651,0.0,58.0,0.0,0.0,0.3745,"하아, 부끄러워.",부끄러워? 팬티도 벗어야지.,일본어 원문 + 타임스탬프 사진 + 장면 연속성,48.49,T3,화자·문맥·자연스러움 집중 검토,,95.51227773073666,68.24,P2,앞뒤 5블록·사진·오류 기억을 함께 검토
ABF-169,기준본,3,"00:01:23,830 --> 00:01:42,580",18.75,"저기, 말투는 어떻게 할까? 오늘 데이트니까 이제 존댓말은 그만해도 되지?
존댓말 쓰면 벌칙 게임 하는 걸로 할까?","설마 이렇게 만나게 될 줄이야. 아, 부끄러워. 잘 부탁드려요.",그럼 벌칙은 가는 동안 전철 안에서 생각하자.,반말형,,,,,25.0,30.0,50.0,78.0,75.0,0.90035,0.0,58.0,0.0,0.0,0.3273,뭐 할까?,내가 먼저?,일본어 원문 + 타임스탬프 사진 + 장면 연속성,51.59,T3,화자·문맥·자연스러움 집중 검토,,98.81456392887384,71.42,P2,앞뒤 5블록·사진·오류 기억을 함께 검토
ABF-169,기준본,4,"00:01:43,120 --> 00:01:53,940",10.82,그럼 벌칙은 가는 동안 전철 안에서 생각하자.,"저기, 말투는 어떻게 할까? 오늘 데이트니까 이제 존댓말은 그만해도 되지?
존댓말 쓰면 벌칙 게임 하는 걸로 할까?","응, 생각해 보자.",중립·혼합형,,,,,25.0,30.0,50.0,78.0,75.0,0.85029,0.0,58.0,0.0,0.0,0.1535,가면서 전철에서 생각해보자.,가면서 전철에서 생각해 보자.,,49.49,T3,화자·문맥·자연스러움 집중 검토,,96.8670618120237,69.39,P2,앞뒤 5블록·사진·오류 기억을 함께 검토
ABF-169,기준본,5,"00:01:53,940 --> 00:01:56,200",2.26,"응, 생각해 보자.",그럼 벌칙은 가는 동안 전철 안에서 생각하자.,출발!,반응형,,,,,25.0,30.0,50.0,78.0,75.0,0.54098,0.0,58.0,0.0,0.0,0.5477,"응, 생각해보자.","응, 생각해 보자.",,36.5,T3,화자·문맥·자연스러움 집중 검토,,60.457239627434376,46.56,P3,말투·질문응답·가독성 위주 검토
ABF-169,기준본,6,"00:01:56,860 --> 00:01:57,580",0.72,출발!,"응, 생각해 보자.",출발!,중립·혼합형,,,,,25.0,30.0,50.0,78.0,75.0,0.14286,0.0,58.0,0.0,0.0,0.0507,네! 어이!,"네, 잘 부탁드립니다!",사진 장면 확인 및 한국어 번역투·ASR 오역 교정,19.78,T4,구조검사 통과 시 유지,,6.223539373412362,14.09,P4,회귀검사 통과 시 유지
ABF-169,기준본,7,"00:01:57,720 --> 00:01:58,260",0.54,출발!,출발!,날씨 좋다!,중립·혼합형,,,,,25.0,30.0,50.0,78.0,75.0,0.17617,0.0,58.0,0.0,0.0,0.0507,네! 어이!,"네, 잘 부탁드립니다!",사진 장면 확인 및 한국어 번역투·ASR 오역 교정,21.18,T4,구조검사 통과 시 유지,,8.25571549534293,15.75,P4,회귀검사 통과 시 유지
ABF-169,기준본,8,"00:01:59,040 --> 00:01:59,860",0.82,날씨 좋다!,출발!,최고!,중립·혼합형,,,,,25.0,30.0,50.0,78.0,75.0,0.33368,0.0,58.0,0.0,0.0,0.1209,다행이다!,환영해!,사진 장면 확인 및 한국어 번역투·ASR 오역 교정,27.79,T4,구조검사 통과 시 유지,,26.756985605419136,27.36,P4,회귀검사 통과 시 유지
ABF-169,기준본,9,"00:02:00,240 --> 00:02:00,760",0.52,최고!,날씨 좋다!,건배!,중립·혼합형,,,,,25.0,30.0,50.0,78.0,75.0,0.19542,0.0,58.0,0.0,0.0,0.1809,그거 최고야...,그거 최고야…,,21.99,T4,구조검사 통과 시 유지,,10.245554614733276,17.06,P4,회귀검사 통과 시 유지
ABF-169,기준본,10,"00:02:10,740 --> 00:02:11,520",0.78,건배!,최고!,건배!,중립·혼합형,,,,,25.0,30.0,50.0,78.0,75.0,0.1413,0.0,58.0,0.0,0.0,0.0521,네! 어이!,"네, 잘 부탁드립니다!",사진 장면 확인 및 한국어 번역투·ASR 오역 교정,19.71,T4,구조검사 통과 시 유지,,6.011854360711261,13.96,P4,회귀검사 통과 시 유지
ABF-169,기준본,11,"00:02:14,020 --> 00:02:14,120",0.1,건배!,건배!,방금 잔을 내 잔보다 아래로 댔네.,중립·혼합형,,,,,25.0,30.0,50.0,78.0,75.0,0.14086,0.0,58.0,70.0,0.0,0.0521,네! 어이!,"네, 잘 부탁드립니다!",사진 장면 확인 및 한국어 번역투·ASR 오역 교정,26.7,T4,구조검사 통과 시 유지,high_cps,23.581710414902624,25.39,P4,회귀검사 통과 시 유지
ABF-169,기준본,12,"00:02:14,400 --> 00:02:16,300",1.9,방금 잔을 내 잔보다 아래로 댔네.,건배!,남자 기를 잘 살려주네.,반말형,,,,,25.0,30.0,50.0,78.0,75.0,0.70291,0.0,58.0,0.0,0.0,0.1326,위아래로 움직이는 느낌...,위아래로 움직이는 느낌…,,43.3,T3,화자·문맥·자연스러움 집중 검토,,83.74259102455545,60.29,P2,앞뒤 5블록·사진·오류 기억을 함께 검토
ABF-169,기준본,13,"00:02:17,460 --> 00:02:18,540",1.08,남자 기를 잘 살려주네.,방금 잔을 내 잔보다 아래로 댔네.,직업병이네.,반말형,,,,,25.0,30.0,50.0,78.0,75.0,0.62456,0.0,58.0,0.0,0.0,0.1811,남자 좋아하세요?,그래도 싫지는 않았죠?,타임스탬프 사진과 앞뒤 장면으로 대사 기능 복원,40.01,T3,화자·문맥·자연스러움 집중 검토,,74.76714648602879,54.61,P3,말투·질문응답·가독성 위주 검토
ABF-169,기준본,14,"00:02:19,460 --> 00:02:19,800",0.34,직업병이네.,남자 기를 잘 살려주네.,역시 평소에 남자 기 살려주는 일을 해서 그런가 봐.,반말형,,,,,25.0,30.0,50.0,78.0,75.0,0.41609,0.0,58.0,25.0,0.0,0.1497,끝이네.,다 했어?,일본어 원문 대조 + 자연스러운 한국어 대사 교정,33.76,T4,구조검사 통과 시 유지,borderline_cps,51.56646909398815,41.24,P3,말투·질문응답·가독성 위주 검토
ABF-169,기준본,15,"00:02:19,800 --> 00:02:22,660",2.86,역시 평소에 남자 기 살려주는 일을 해서 그런가 봐.,직업병이네.,그렇죠.,반말형,,,,,25.0,30.0,50.0,78.0,75.0,0.87468,0.0,58.0,0.0,0.0,0.2556,평소에 어느 정도 하는 거야?,평소엔 얼마나 자주 해?,일본어 원문 대조 + 자연스러운 한국어 대사 교정,50.52,T3,화자·문맥·자연스러움 집중 검토,,97.75613886536834,70.36,P2,앞뒤 5블록·사진·오류 기억을 함께 검토
ABF-169,기준본,16,"00:02:22,660 --> 00:02:22,980",0.32,그렇죠.,역시 평소에 남자 기 살려주는 일을 해서 그런가 봐.,남자 기 살려주는 데 능숙하네.,중립·혼합형,,,,,25.0,30.0,50.0,78.0,75.0,0.34177,0.0,58.0,0.0,0.0,0.1,그렇구나.,손 정말 잘 쓰네.,일본어 원문 + 타임스탬프 사진 + 장면 연속성,28.13,T4,구조검사 통과 시 유지,,28.32345469940728,28.21,P4,회귀검사 통과 시 유지
ABF-169,기준본,17,"00:02:26,760 --> 00:02:27,940",1.18,남자 기 살려주는 데 능숙하네.,그렇죠.,사람을 참 잘 띄워준다니까.,반말형,,,,,25.0,30.0,50.0,78.0,75.0,0.64806,0.0,58.0,0.0,0.0,0.1525,남자 좋아하세요?,그래도 싫지는 않았죠?,타임스탬프 사진과 앞뒤 장면으로 대사 기능 복원,41.0,T3,화자·문맥·자연스러움 집중 검토,,77.5190516511431,56.34,P3,말투·질문응답·가독성 위주 검토
ABF-169,기준본,18,"00:02:28,620 --> 00:02:29,880",1.26,사람을 참 잘 띄워준다니까.,남자 기 살려주는 데 능숙하네.,맛있다!,중립·혼합형,,,,,25.0,30.0,50.0,78.0,75.0,0.62817,0.0,58.0,0.0,0.0,0.1013,"자, 더 해줄 테니까.","자, 더 해 줄 테니까.",,40.16,T3,화자·문맥·자연스러움 집중 검토,,75.31752751905165,54.93,P3,말투·질문응답·가독성 위주 검토
ABF-169,기준본,19,"00:02:30,040 --> 00:02:30,640",0.6,맛있다!,사람을 참 잘 띄워준다니까.,짜잔!,중립·혼합형,,,,,25.0,30.0,50.0,78.0,75.0,0.16278,0.0,58.0,0.0,0.0,0.3938,맛있다.,바람 좋다.,일본어 원문 대조 + 자연스러운 한국어 대사 교정,20.62,T4,구조검사 통과 시 유지,,7.112616426756986,14.95,P4,회귀검사 통과 시 유지
ABF-169,기준본,20,"00:02:31,540 --> 00:02:32,260",0.72,짜잔!,맛있다!,짜잔!,중립·혼합형,,,,,25.0,30.0,50.0,78.0,75.0,0.1374,0.0,58.0,0.0,0.0,0.0507,네! 어이!,"네, 잘 부탁드립니다!",사진 장면 확인 및 한국어 번역투·ASR 오역 교정,19.55,T4,구조검사 통과 시 유지,,5.6731583403895005,13.72,P4,회귀검사 통과 시 유지
ABF-169,기준본,21,"00:02:32,500 --> 00:02:33,060",0.56,짜잔!,짜잔!,솥밥이에요!,중립·혼합형,,,,,25.0,30.0,50.0,78.0,75.0,0.1523,0.0,58.0,0.0,0.0,0.0507,네! 어이!,"네, 잘 부탁드립니다!",사진 장면 확인 및 한국어 번역투·ASR 오역 교정,20.18,T4,구조검사 통과 시 유지,,6.604572396274344,14.48,P4,회귀검사 통과 시 유지
ABF-169,기준본,22,"00:02:33,280 --> 00:02:34,520",1.24,솥밥이에요!,짜잔!,위에서 찍자.,존댓말형,,,,,25.0,30.0,50.0,78.0,75.0,0.22255,0.0,58.0,0.0,0.0,0.1246,어서요!,가요!,화면 영문 자막 대조,23.13,T4,구조검사 통과 시 유지,,13.378492802709568,19.03,P4,회귀검사 통과 시 유지
ABF-169,기준본,23,"00:02:34,740 --> 00:02:35,340",0.6,위에서 찍자.,솥밥이에요!,위에서.,중립·혼합형,,,,,25.0,30.0,50.0,78.0,75.0,0.49571,0.0,58.0,0.0,0.0,0.2817,위에서 찍으니까 솥밥도 진짜 맛있게 나오네.,솥밥도 위에서 찍어주니까 좋아하겠네.,,34.6,T4,구조검사 통과 시 유지,,54.36071126164268,42.9,P3,말투·질문응답·가독성 위주 검토
ABF-169,기준본,24,"00:02:35,560 --> 00:02:36,120",0.56,위에서.,위에서 찍자.,위에서 찍으니까 솥밥도 진짜 맛있게 나오네.,중립·혼합형,,,,,25.0,30.0,50.0,78.0,75.0,0.34008,0.0,58.0,0.0,0.0,0.2009,"그럼, 아직 팬티 위에서 해버릴까...","그럼, 아직 팬티 위에서 해 버릴까…",,28.06,T4,구조검사 통과 시 유지,,27.77307366638442,27.94,P4,회귀검사 통과 시 유지
ABF-169,기준본,25,"00:02:36,260 --> 00:02:37,680",1.42,위에서 찍으니까 솥밥도 진짜 맛있게 나오네.,위에서.,잘 나왔다.,반말형,,,,,25.0,30.0,50.0,78.0,75.0,0.79937,42.0,58.0,0.0,0.0,1.0,위에서 찍으니까 솥밥도 진짜 맛있게 나오네.,솥밥도 위에서 찍어주니까 좋아하겠네.,,54.91,T3,화자·문맥·자연스러움 집중 검토,,99.49195596951735,73.63,P1,장면 패킷을 열고 후보 3개를 생성해 반증 검토
ABF-169,기준본,26,"00:02:38,220 --> 00:02:38,860",0.64,잘 나왔다.,위에서 찍으니까 솥밥도 진짜 맛있게 나오네.,솥밥 사진 진짜 잘 나왔어.,중립·혼합형,,,,,25.0,30.0,50.0,78.0,75.0,0.43747,0.0,58.0,0.0,0.0,0.4711,억눌렀던 목소리가 새어 나왔다.,억눌렀던 신음이 새어 나왔다.,,32.15,T4,구조검사 통과 시 유지,,44.19983065198984,37.21,P4,회귀검사 통과 시 유지
ABF-169,기준본,27,"00:02:39,900 --> 00:02:41,040",1.14,솥밥 사진 진짜 잘 나왔어.,잘 나왔다.,화면발 잘 받네.,반응형,,,,,25.0,30.0,50.0,78.0,75.0,0.66128,0.0,58.0,0.0,0.0,0.2593,나왔어…,"아, 물 나왔어…",,41.55,T3,화자·문맥·자연스러움 집중 검토,,79.2125317527519,57.37,P3,말투·질문응답·가독성 위주 검토
ABF-169,기준본,28,"00:02:41,040 --> 00:02:42,080",1.04,화면발 잘 받네.,솥밥 사진 진짜 잘 나왔어.,이제 일은 좀 익숙해졌어?,반말형,,,,,25.0,30.0,50.0,78.0,75.0,0.49752,0.0,58.0,0.0,0.0,0.1333,잘 자.,조금만 천천히…,타임스탬프 사진으로 장면 불일치 확인 후 재복원,34.68,T4,구조검사 통과 시 유지,,54.53005927180355,43.02,P3,말투·질문응답·가독성 위주 검토
ABF-169,기준본,29,"00:02:43,420 --> 00:02:45,980",2.56,이제 일은 좀 익숙해졌어?,화면발 잘 받네.,"아, 나도 모르게 존댓말 써버렸다.",반응형,,,,,25.0,30.0,50.0,78.0,75.0,0.59169,0.0,58.0,0.0,0.0,0.4978,제법 익숙해졌어.,이제 꽤 익숙해졌지.,,38.63,T3,화자·문맥·자연스러움 집중 검토,,68.6706181202371,51.25,P3,말투·질문응답·가독성 위주 검토
ABF-169,기준본,30,"00:02:46,360 --> 00:02:47,260",0.9,"아, 나도 모르게 존댓말 써버렸다.",이제 일은 좀 익숙해졌어?,나도 아까부터 자꾸 존댓말이 나오네.,반응형,,,,,25.0,30.0,50.0,78.0,75.0,0.65051,0.0,58.0,25.0,0.0,0.3604,"아, 해 버렸다.","아, 찍혔다.",일본어 원문 대조 + 자연스러운 한국어 대사 교정,43.6,T3,화자·문맥·자연스러움 집중 검토,borderline_cps,84.75867908552075,60.89,P2,앞뒤 5블록·사진·오류 기억을 함께 검토
ABF-169,기준본,31,"00:02:47,660 --> 00:02:49,220",1.56,나도 아까부터 자꾸 존댓말이 나오네.,"아, 나도 모르게 존댓말 써버렸다.","뭐, 꽤…",반응형,,,,,25.0,30.0,50.0,78.0,75.0,0.70357,0.0,58.0,0.0,0.0,0.2406,아까부터 물어봤잖아. 이렇게나 많이...,아까부터 물어봤잖아. 이렇게나 많이…,,43.33,T3,화자·문맥·자연스러움 집중 검토,,83.91193903471634,60.37,P2,앞뒤 5블록·사진·오류 기억을 함께 검토
ABF-169,기준본,32,"00:02:50,580 --> 00:02:51,300",0.72,"뭐, 꽤…",나도 아까부터 자꾸 존댓말이 나오네.,조금씩요.,중립·혼합형,,,,,25.0,30.0,50.0,78.0,75.0,0.37368,0.0,58.0,0.0,0.0,0.3142,"뭐, 먹으러.",벌써부터 그러지 마.,손상된 일본어 ASR + 타임스탬프 사진 + 앞뒤 문맥 추론,29.47,T4,구조검사 통과 시 유지,,34.038950042337,31.39,P4,회귀검사 통과 시 유지
ABF-169,기준본,33,"00:02:51,300 --> 00:02:51,800",0.5,조금씩요.,"뭐, 꽤…",이제 꽤 익숙해졌어?,중립·혼합형,,,,,25.0,30.0,50.0,78.0,75.0,0.31106,0.0,58.0,0.0,0.0,0.2027,높이를 조금씩 맞춰 갈게요.,조금씩 더 깊이 해 볼게.,타임스탬프 사진과 앞뒤 장면으로 대사 기능 복원,26.84,T4,구조검사 통과 시 유지,,24.047417442845045,25.67,P4,회귀검사 통과 시 유지
ABF-169,기준본,34,"00:02:53,520 --> 00:02:54,960",1.44,이제 꽤 익숙해졌어?,조금씩요.,어느 정도는요.,반응형,,,,,25.0,30.0,50.0,78.0,75.0,0.55681,0.0,58.0,0.0,0.0,0.5416,제법 익숙해졌어.,이제 꽤 익숙해졌지.,,37.17,T3,화자·문맥·자연스러움 집중 검토,,63.971210838272654,48.43,P3,말투·질문응답·가독성 위주 검토
ABF-169,기준본,35,"00:02:55,100 --> 00:02:55,840",0.74,어느 정도는요.,이제 꽤 익숙해졌어?,매번 재밌어.,반응형,,,,,25.0,30.0,50.0,78.0,75.0,0.49926,0.0,58.0,0.0,0.0,0.2322,평소에 어느 정도 하는 거야?,평소엔 얼마나 자주 해?,일본어 원문 대조 + 자연스러운 한국어 대사 교정,34.75,T4,구조검사 통과 시 유지,,54.99576629974597,43.25,P3,말투·질문응답·가독성 위주 검토
ABF-169,기준본,36,"00:02:57,520 --> 00:02:58,500",0.98,매번 재밌어.,어느 정도는요.,"매번 즐겁게 촬영한다니 좋네.
한 달에 한 번 있는 낙이에요.",반응형,,,,,25.0,30.0,50.0,78.0,75.0,0.46024,0.0,58.0,0.0,0.0,0.1706,매번 지금까지는 항상 계셨는데 말이죠.,지금까지는 만날 때마다 바로 해 버렸으니까요.,일본어 원문 대조 + 자연스러운 한국어 대사 교정,33.11,T4,구조검사 통과 시 유지,,48.43353090601185,39.55,P4,회귀검사 통과 시 유지
ABF-169,기준본,37,"00:02:59,720 --> 00:03:06,620",6.9,"매번 즐겁게 촬영한다니 좋네.
한 달에 한 번 있는 낙이에요.",매번 재밌어.,촬영 말고 사적으로는 어디까지 해봤어?,중립·혼합형,,,,,25.0,30.0,50.0,78.0,75.0,0.58752,0.0,58.0,0.0,0.0,0.2614,좋네.,좋아.,일본어 원문 대조 + 자연스러운 한국어 대사 교정,38.46,T3,화자·문맥·자연스러움 집중 검토,,67.99322607959355,50.86,P3,말투·질문응답·가독성 위주 검토
ABF-169,기준본,38,"00:03:08,020 --> 00:03:09,320",1.3,촬영 말고 사적으로는 어디까지 해봤어?,"매번 즐겁게 촬영한다니 좋네.
한 달에 한 번 있는 낙이에요.",사적으로는 어디까지 해봤는데?,반응형,,,,,25.0,30.0,50.0,78.0,75.0,0.75362,28.84,58.0,0.0,0.0,0.8904,사적으로는 어디까지 해봤어?,사적으로는 어디까지 해 봤어?,,50.62,T3,화자·문맥·자연스러움 집중 검토,,97.96782387806944,70.51,P2,앞뒤 5블록·사진·오류 기억을 함께 검토
ABF-169,기준본,39,"00:03:10,540 --> 00:03:12,020",1.48,사적으로는 어디까지 해봤는데?,촬영 말고 사적으로는 어디까지 해봤어?,좀 특이한 장소라든가.,반응형,,,,,25.0,30.0,50.0,78.0,75.0,0.7099,42.0,58.0,0.0,0.0,1.0,사적으로는 어디까지 해봤는데?,어디에서 해 봤는데?,,51.16,T3,화자·문맥·자연스러움 집중 검토,,98.3065198983912,70.96,P2,앞뒤 5블록·사진·오류 기억을 함께 검토
ABF-169,기준본,40,"00:03:12,160 --> 00:03:14,740",2.58,좀 특이한 장소라든가.,사적으로는 어디까지 해봤는데?,그래도 조금은…,중립·혼합형,,,,,25.0,30.0,50.0,78.0,75.0,0.69771,0.0,58.0,0.0,0.0,0.0812,좀 더 해 줘.,보여?,일본어 원문 + 타임스탬프 사진 + 장면 연속성,43.08,T3,화자·문맥·자연스러움 집중 검토,,82.89585097375107,59.8,P2,앞뒤 5블록·사진·오류 기억을 함께 검토
ABF-169,기준본,41,"00:03:15,520 --> 00:03:16,000",0.48,그래도 조금은…,좀 특이한 장소라든가.,그래도 생각보다 평범했어요.,중립·혼합형,,,,,25.0,30.0,50.0,78.0,75.0,0.48189,0.0,58.0,0.0,0.0,0.2997,그래도 계속 하고 싶어.,그래도 계속하고 싶어.,손상된 일본어 ASR + 타임스탬프 사진 + 앞뒤 문맥 추론,34.02,T4,구조검사 통과 시 유지,,52.413209144792546,41.75,P3,말투·질문응답·가독성 위주 검토
ABF-169,기준본,42,"00:03:18,820 --> 00:03:20,240",1.42,그래도 생각보다 평범했어요.,그래도 조금은…,무서워.,반응형,,,,,25.0,30.0,50.0,78.0,75.0,0.70232,0.0,58.0,0.0,0.0,0.2551,그래도 멈출 생각은 없어요.,그래도 멈추진 않을 거예요.,,43.28,T3,화자·문맥·자연스러움 집중 검토,,83.6155800169348,60.22,P2,앞뒤 5블록·사진·오류 기억을 함께 검토
ABF-169,기준본,43,"00:03:21,320 --> 00:03:21,900",0.58,무서워.,그래도 생각보다 평범했어요.,어땠어?,중립·혼합형,,,,,25.0,30.0,50.0,78.0,75.0,0.33836,30.84,58.0,0.0,0.0,0.907,좀 더 무서워.,좀 무서워.,,33.54,T4,구조검사 통과 시 유지,,50.33869602032176,40.6,P3,말투·질문응답·가독성 위주 검토
ABF-169,기준본,44,"00:03:23,220 --> 00:03:24,020",0.8,어땠어?,무서워.,그래도 사람이 거의 없어서 생각만큼 스릴 있진 않았어요.,반응형,,,,,25.0,30.0,50.0,78.0,75.0,0.44382,0.0,58.0,0.0,0.0,0.0929,없어?,진짜로?,일본어 원문 대조 + 자연스러운 한국어 대사 교정,32.42,T4,구조검사 통과 시 유지,,44.961896697713804,37.69,P4,회귀검사 통과 시 유지
ABF-169,기준본,45,"00:03:28,980 --> 00:03:33,200",4.22,그래도 사람이 거의 없어서 생각만큼 스릴 있진 않았어요.,어땠어?,사람이 좀 더 있었으면 나올 때 민망하지 않았어?,중립·혼합형,,,,,25.0,30.0,50.0,78.0,75.0,0.93503,0.0,58.0,0.0,0.0,0.2885,너무 놀라지는 않았어요.,그렇게 놀라진 않았어요.,,53.05,T3,화자·문맥·자연스러움 집중 검토,,99.23793395427603,72.45,P1,장면 패킷을 열고 후보 3개를 생성해 반증 검토
ABF-169,기준본,46,"00:03:33,720 --> 00:03:36,980",3.26,사람이 좀 더 있었으면 나올 때 민망하지 않았어?,그래도 사람이 거의 없어서 생각만큼 스릴 있진 않았어요.,"아뇨, 정말로 사람이 없었어요.",반말형,,,,,25.0,30.0,50.0,78.0,75.0,0.88702,0.0,58.0,0.0,0.0,0.3335,이상하지 않았어?,오래 만난 사람은?,손상된 일본어 ASR + 타임스탬프 사진 + 앞뒤 문맥 추론,51.03,T3,화자·문맥·자연스러움 집중 검토,,98.22184589331076,70.85,P2,앞뒤 5블록·사진·오류 기억을 함께 검토
ABF-169,기준본,47,"00:03:37,380 --> 00:03:38,980",1.6,"아뇨, 정말로 사람이 없었어요.",사람이 좀 더 있었으면 나올 때 민망하지 않았어?,역시 후딱 끝냈구나.,반응형,,,,,25.0,30.0,50.0,78.0,75.0,0.79248,0.0,58.0,0.0,0.0,0.2545,사람이 더 없어졌어.,사람이 완전히 없어졌네.,일본어 원문 대조 + 자연스러운 한국어 대사 교정,47.06,T3,화자·문맥·자연스러움 집중 검토,,93.01439458086368,66.36,P2,앞뒤 5블록·사진·오류 기억을 함께 검토
ABF-169,기준본,48,"00:03:39,080 --> 00:03:42,300",3.22,역시 후딱 끝냈구나.,"아뇨, 정말로 사람이 없었어요.",그렇게 금방 끝났어?,중립·혼합형,,,,,25.0,30.0,50.0,78.0,75.0,0.60475,0.0,58.0,0.0,0.0,0.1816,섰구나.,"응, 쭉 폈어.",일본어 원문 대조 + 자연스러운 한국어 대사 교정,39.18,T3,화자·문맥·자연스러움 집중 검토,,71.29551227773074,52.67,P3,말투·질문응답·가독성 위주 검토
ABF-169,기준본,49,"00:03:43,880 --> 00:03:44,800",0.92,그렇게 금방 끝났어?,역시 후딱 끝냈구나.,그랬구나.,반응형,,,,,25.0,30.0,50.0,78.0,75.0,0.68061,0.0,58.0,0.0,0.0,0.2839,금방 하아 하고.,금방 숨이 가빠지네.,,42.37,T3,화자·문맥·자연스러움 집중 검토,,81.71041490262489,58.89,P2,앞뒤 5블록·사진·오류 기억을 함께 검토
ABF-169,기준본,50,"00:03:45,780 --> 00:03:46,400",0.62,그랬구나.,그렇게 금방 끝났어?,그래도 웬만하면 오래 즐기고 싶잖아.,중립·혼합형,,,,,25.0,30.0,50.0,78.0,75.0,0.45617,0.0,58.0,0.0,0.0,0.2321,섰구나.,"응, 쭉 폈어.",일본어 원문 대조 + 자연스러운 한국어 대사 교정,32.94,T4,구조검사 통과 시 유지,,47.75613886536833,39.16,P4,회귀검사 통과 시 유지
ABF-169,기준본,51,"00:03:48,360 --> 00:03:51,020",2.66,그래도 웬만하면 오래 즐기고 싶잖아.,그랬구나.,오래 하진 못했어요.,반응형,,,,,25.0,30.0,50.0,78.0,75.0,0.81505,0.0,58.0,0.0,0.0,0.2156,그래도 계속 하고 싶어.,그래도 계속하고 싶어.,손상된 일본어 ASR + 타임스탬프 사진 + 앞뒤 문맥 추론,48.01,T3,화자·문맥·자연스러움 집중 검토,,94.49618966977138,67.53,P2,앞뒤 5블록·사진·오류 기억을 함께 검토
ABF-169,기준본,52,"00:03:53,680 --> 00:03:56,520",2.84,오래 하진 못했어요.,그래도 웬만하면 오래 즐기고 싶잖아.,아니면 빨리 싸더라도 여러 번 할 수 있는 사람?,반응형,,,,,25.0,30.0,50.0,78.0,75.0,0.59039,0.0,58.0,0.0,0.0,0.2623,"네, 말했어요.","네, 그랬어요.",사진 장면 확인 및 한국어 번역투·ASR 오역 교정,38.58,T3,화자·문맥·자연스러움 집중 검토,,68.33192209991532,51.08,P3,말투·질문응답·가독성 위주 검토
ABF-169,기준본,53,"00:03:56,540 --> 00:03:59,800",3.26,아니면 빨리 싸더라도 여러 번 할 수 있는 사람?,오래 하진 못했어요.,"와, 그걸 씩 웃으면서 말하네.",중립·혼합형,,,,,25.0,30.0,50.0,78.0,75.0,0.80145,0.0,58.0,0.0,0.0,0.4383,여러 번 할 수 있는 사람.,그런 사람이 좋아.,,47.44,T3,화자·문맥·자연스러움 집중 검토,,93.39542760372565,66.74,P2,앞뒤 5블록·사진·오류 기억을 함께 검토
ABF-169,기준본,54,"00:04:01,120 --> 00:04:02,860",1.74,"와, 그걸 씩 웃으면서 말하네.",아니면 빨리 싸더라도 여러 번 할 수 있는 사람?,몇 번이고 할 수 있는 사람.,반응형,,,,,25.0,30.0,50.0,78.0,75.0,0.6721,0.0,58.0,0.0,0.0,0.2295,"마지막 날인 만큼 오늘도 함께하고, 끝에는 둘 다 웃으면서 헤어지고 싶어요.","마지막 날인 만큼 오늘도 함께하고, 끝에는 둘 다 웃으며 헤어지고 싶어요.",내레이션 줄바꿈 및 자연화,42.01,T3,화자·문맥·자연스러움 집중 검토,,80.44030482641828,58.15,P2,앞뒤 5블록·사진·오류 기억을 함께 검토
ABF-169,기준본,55,"00:04:03,920 --> 00:04:05,880",1.96,몇 번이고 할 수 있는 사람.,"와, 그걸 씩 웃으면서 말하네.",여러 번 가능한 사람.,중립·혼합형,,,,,25.0,30.0,50.0,78.0,75.0,0.65826,0.0,58.0,0.0,0.0,0.6462,여러 번 할 수 있는 사람.,그런 사람이 좋아.,,41.43,T3,화자·문맥·자연스러움 집중 검토,,78.74682472480949,57.1,P3,말투·질문응답·가독성 위주 검토
ABF-169,기준본,56,"00:04:06,140 --> 00:04:07,180",1.04,여러 번 가능한 사람.,몇 번이고 할 수 있는 사람.,역에서 구매할 때의 금액과 다를 수 있으니 양해 바랍니다.,중립·혼합형,,,,,25.0,30.0,50.0,78.0,75.0,0.55783,42.0,58.0,0.0,0.0,1.0,여러 번 가능한 사람.,여러 번 할 수 있는 사람.,,44.77,T3,화자·문맥·자연스러움 집중 검토,,87.84928027095683,62.86,P2,앞뒤 5블록·사진·오류 기억을 함께 검토
ABF-169,기준본,57,"00:04:08,900 --> 00:04:14,540",5.64,역에서 구매할 때의 금액과 다를 수 있으니 양해 바랍니다.,여러 번 가능한 사람.,특실은 9호차입니다.,반말형,,,,,25.0,30.0,50.0,78.0,75.0,0.80349,42.0,58.0,0.0,0.0,1.0,역에서 구매할 때의 금액과 다를 수 있으니 양해 바랍니다.,차내에서 구매하면 역 판매 금액과 다를 수 있으니 양해 바랍니다.,,55.09,T3,화자·문맥·자연스러움 집중 검토,,99.5766299745978,73.77,P1,장면 패킷을 열고 후보 3개를 생성해 반증 검토
ABF-169,기준본,58,"00:04:15,620 --> 00:04:18,060",2.44,특실은 9호차입니다.,역에서 구매할 때의 금액과 다를 수 있으니 양해 바랍니다.,"화장실은 4호차, 6호차, 8호차,
10호차, 11호차에 있습니다.",중립·혼합형,,,,,25.0,30.0,50.0,78.0,75.0,0.60453,0.0,58.0,0.0,0.0,0.211,두 번째입니다.,벌써 두 번째예요.,사진 장면 확인 및 한국어 번역투 교정,39.17,T3,화자·문맥·자연스러움 집중 검토,,71.16850127011007,52.61,P3,말투·질문응답·가독성 위주 검토
ABF-169,기준본,59,"00:04:19,620 --> 00:04:27,280",7.66,"화장실은 4호차, 6호차, 8호차,
10호차, 11호차에 있습니다.",특실은 9호차입니다.,오-!,존댓말형,,,,,25.0,30.0,50.0,78.0,75.0,0.62753,24.02,58.0,0.0,0.0,0.8501,"화장실은 4호차, 6호차, 8호차, 9호차, 11호차에도 있습니다.","화장실은 4호차, 6호차, 8호차 9호차, 11호차에도 있습니다.",,44.46,T3,화자·문맥·자연스러움 집중 검토,,86.79085520745132,62.24,P2,앞뒤 5블록·사진·오류 기억을 함께 검토
ABF-169,기준본,60,"00:04:36,810 --> 00:04:39,930",3.12,오-!,"화장실은 4호차, 6호차, 8호차,
10호차, 11호차에 있습니다.",오-!,중립·혼합형,,,,,25.0,30.0,50.0,78.0,75.0,0.10985,42.0,58.0,0.0,0.0,1.0,오-!,오!,,25.95,T4,구조검사 통과 시 유지,,21.422523285351396,24.05,P4,회귀검사 통과 시 유지
ABF-169,기준본,61,"00:04:39,990 --> 00:04:40,670",0.68,오-!,오-!,감사합니다.,중립·혼합형,,,,,25.0,30.0,50.0,78.0,75.0,0.2099,42.0,58.0,0.0,0.0,1.0,오-!,오!,,30.16,T4,구조검사 통과 시 유지,,36.57917019475021,32.86,P4,회귀검사 통과 시 유지
ABF-169,기준본,62,"00:06:12,570 --> 00:06:13,810",1.24,감사합니다.,오-!,대단하네.,존댓말형,,,,,25.0,30.0,50.0,78.0,75.0,0.47249,42.0,58.0,0.0,18.0,1.0,감사합니다.,고마워요.,타임스탬프 사진과 앞뒤 장면으로 대사 기능 복원,42.62,T3,화자·문맥·자연스러움 집중 검토,formality_shift,82.04911092294665,59.18,P2,앞뒤 5블록·사진·오류 기억을 함께 검토
ABF-169,기준본,63,"00:06:14,910 --> 00:06:15,710",0.8,대단하네.,감사합니다.,대단해.,반말형,,,,,25.0,30.0,50.0,78.0,75.0,0.41708,42.0,58.0,0.0,0.0,1.0,대단하네.,땀이 엄청나네.,손상된 일본어 ASR + 타임스탬프 사진 + 앞뒤 문맥 추론,38.86,T3,화자·문맥·자연스러움 집중 검토,,69.68670618120237,51.81,P3,말투·질문응답·가독성 위주 검토
ABF-169,기준본,64,"00:06:16,670 --> 00:06:17,090",0.42,대단해.,대단하네.,가속도가 장난 아니네.,반말형,,,,,25.0,30.0,50.0,78.0,75.0,0.47649,42.0,58.0,0.0,0.0,1.0,대단해.,기분 좋네.,일본어 원문 + 타임스탬프 사진 + 장면 연속성,41.35,T3,화자·문맥·자연스러움 집중 검토,,78.5774767146486,56.99,P3,말투·질문응답·가독성 위주 검토
ABF-169,기준본,65,"00:06:18,290 --> 00:06:19,890",1.6,가속도가 장난 아니네.,대단해.,엄청나.,반응형,,,,,25.0,30.0,50.0,78.0,75.0,0.74081,0.0,58.0,0.0,0.0,0.4247,오~ 대박 대박 대박. 장난 아니네.,오… 대박 대박 대박. 장난 아니네.,,44.89,T3,화자·문맥·자연스러움 집중 검토,,88.39966130397968,63.16,P2,앞뒤 5블록·사진·오류 기억을 함께 검토
ABF-169,기준본,66,"00:06:21,290 --> 00:06:21,750",0.46,엄청나.,가속도가 장난 아니네.,완전 엉망이네.,중립·혼합형,,,,,25.0,30.0,50.0,78.0,75.0,0.43623,0.0,58.0,0.0,0.0,0.3007,엄청나게.,엄청나네.,일본어 원문 대조 + 자연스러운 한국어 대사 교정,32.1,T4,구조검사 통과 시 유지,,44.1151566469094,37.15,P4,회귀검사 통과 시 유지
ABF-169,기준본,67,"00:06:31,140 --> 00:06:32,380",1.24,완전 엉망이네.,엄청나.,호수 습기 때문에 머리가 다 끈적거리네.,반말형,,,,,25.0,30.0,50.0,78.0,75.0,0.57564,0.0,58.0,0.0,0.0,0.2632,온몸이 엉망이 됐어.,몸에 다 묻었네.,일본어 원문 대조 + 자연스러운 한국어 대사 교정,37.96,T3,화자·문맥·자연스러움 집중 검토,,66.29974597798476,49.86,P3,말투·질문응답·가독성 위주 검토
ABF-169,기준본,68,"00:06:32,380 --> 00:06:39,520",7.14,호수 습기 때문에 머리가 다 끈적거리네.,완전 엉망이네.,엄청 재밌었어.,반말형,,,,,25.0,30.0,50.0,78.0,75.0,0.84426,0.0,58.0,0.0,0.0,0.2164,경기 때문에 와 주셨습니다.,경기 건으로 와 주셨습니다.,사진 장면 확인 및 한국어 번역투 교정,49.24,T3,화자·문맥·자연스러움 집중 검토,,96.44369178662151,69.07,P2,앞뒤 5블록·사진·오류 기억을 함께 검토
ABF-169,기준본,69,"00:06:40,900 --> 00:06:41,980",1.08,엄청 재밌었어.,호수 습기 때문에 머리가 다 끈적거리네.,엄청.,반응형,,,,,25.0,30.0,50.0,78.0,75.0,0.55047,0.0,58.0,0.0,0.0,0.1785,엄청 귀여워.,매일 목욕해.,일본어 원문 + 타임스탬프 사진 + 장면 연속성,36.9,T3,화자·문맥·자연스러움 집중 검토,,62.40474174428451,47.61,P3,말투·질문응답·가독성 위주 검토
ABF-169,기준본,70,"00:06:42,500 --> 00:06:42,900",0.4,엄청.,엄청 재밌었어.,한 번 더 타고 싶다.,중립·혼합형,,,,,25.0,30.0,50.0,78.0,75.0,0.34514,0.0,58.0,0.0,0.0,0.4441,엄청...,엄청…,,28.28,T4,구조검사 통과 시 유지,,29.38187976291279,28.74,P4,회귀검사 통과 시 유지
ABF-169,기준본,71,"00:06:43,160 --> 00:06:43,860",0.7,한 번 더 타고 싶다.,엄청.,한 번 더 탈까?,중립·혼합형,,,,,25.0,30.0,50.0,78.0,75.0,0.55349,0.0,58.0,0.0,0.0,0.2329,한 번 더 나가 봅시다.,한 번 더 해 볼게요.,사진 장면 확인 및 한국어 번역투·ASR 오역 교정,37.03,T3,화자·문맥·자연스러움 집중 검토,,63.0397967823878,47.95,P3,말투·질문응답·가독성 위주 검토
ABF-169,기준본,72,"00:06:44,380 --> 00:06:44,860",0.48,한 번 더 탈까?,한 번 더 타고 싶다.,한 번 더 타도 괜찮겠는데.,중립·혼합형,,,,,25.0,30.0,50.0,78.0,75.0,0.47729,0.0,58.0,0.0,0.0,0.2286,한 번 더 나가 봅시다.,한 번 더 해 볼게요.,사진 장면 확인 및 한국어 번역투·ASR 오역 교정,33.83,T4,구조검사 통과 시 유지,,52.03217612193056,41.47,P3,말투·질문응답·가독성 위주 검토
ABF-169,기준본,73,"00:06:45,060 --> 00:06:46,520",1.46,한 번 더 타도 괜찮겠는데.,한 번 더 탈까?,다음엔 혼자 타볼래.,중립·혼합형,,,,,25.0,30.0,50.0,78.0,75.0,0.65039,0.0,58.0,0.0,0.0,0.1583,한 번 더 나가 봅시다.,한 번 더 해 볼게요.,사진 장면 확인 및 한국어 번역투·ASR 오역 교정,41.1,T3,화자·문맥·자연스러움 집중 검토,,77.81541066892464,56.52,P3,말투·질문응답·가독성 위주 검토
ABF-169,기준본,74,"00:06:46,660 --> 00:06:47,780",1.12,다음엔 혼자 타볼래.,한 번 더 타도 괜찮겠는데.,혼자서?,중립·혼합형,,,,,25.0,30.0,50.0,78.0,75.0,0.56895,0.0,58.0,0.0,0.0,0.3197,다음엔 열심히 할게요.,다음엔 더 열심히 할게요.,사진 장면 확인 및 한국어 번역투·ASR 오역 교정,37.68,T3,화자·문맥·자연스러움 집중 검토,,65.70702794242167,49.45,P3,말투·질문응답·가독성 위주 검토
ABF-169,기준본,75,"00:06:47,780 --> 00:06:48,040",0.26,혼자서?,다음엔 혼자 타볼래.,대박.,중립·혼합형,,,,,25.0,30.0,50.0,78.0,75.0,0.25147,0.0,58.0,0.0,0.0,0.4061,"그럭저럭, 가끔. 정말 의외인데. 혼자서? 혼자서. 게다가 혼자서. 집에서 말이야. 맛은 잘 모르지만. 좋잖아.",가끔 마셔요. 의외죠? 집에서 혼자 마실 때도 있어요.,사진 장면 확인 및 한국어 번역투·ASR 오역 교정,24.34,T4,구조검사 통과 시 유지,,16.42675698560542,21.02,P4,회귀검사 통과 시 유지
ABF-169,기준본,76,"00:06:50,160 --> 00:06:51,120",0.96,대박.,혼자서?,"진짜 재밌다, 이거.",중립·혼합형,,,,,25.0,30.0,50.0,78.0,75.0,0.18368,5.12,58.0,0.0,0.0,0.6927,에~ 대박.,에… 대박.,,22.42,T4,구조검사 통과 시 유지,,11.43099068585944,17.8,P4,회귀검사 통과 시 유지
ABF-169,기준본,77,"00:06:51,160 --> 00:06:51,900",0.74,"진짜 재밌다, 이거.",대박.,좋아!,중립·혼합형,,,,,25.0,30.0,50.0,78.0,75.0,0.39531,0.0,58.0,0.0,0.0,0.444,"네, 이거.","네, 해 볼게요.",사진 장면 확인 및 한국어 번역투·ASR 오역 교정,30.38,T4,구조검사 통과 시 유지,,37.510584250635056,33.37,P4,회귀검사 통과 시 유지
ABF-169,기준본,78,"00:06:55,000 --> 00:06:55,120",0.12,좋아!,"진짜 재밌다, 이거.",영차.,반응형,,,,,25.0,30.0,50.0,78.0,75.0,0.13161,0.0,58.0,55.0,0.0,0.1381,"아, 좋아.","아, 들어온다.",,24.81,T4,구조검사 통과 시 유지,high_cps,18.204911092294665,22.04,P4,회귀검사 통과 시 유지
ABF-169,기준본,79,"00:06:55,120 --> 00:06:55,260",0.14,영차.,좋아!,감사합니다.,중립·혼합형,,,,,25.0,30.0,50.0,78.0,75.0,0.21704,42.0,58.0,37.14,0.0,1.0,영차.,자.,타임스탬프 사진과 앞뒤 장면으로 대사 기능 복원,34.17,T4,구조검사 통과 시 유지,high_cps,52.83657917019475,42.01,P3,말투·질문응답·가독성 위주 검토
ABF-169,기준본,80,"00:06:55,780 --> 00:06:56,140",0.36,감사합니다.,영차.,감사합니다.,존댓말형,,,,,25.0,30.0,50.0,78.0,75.0,0.26227,42.0,58.0,25.0,0.0,1.0,감사합니다.,고마워요.,타임스탬프 사진과 앞뒤 장면으로 대사 기능 복원,34.86,T4,구조검사 통과 시 유지,borderline_cps,55.37679932260796,43.48,P3,말투·질문응답·가독성 위주 검토
ABF-169,기준본,81,"00:06:56,660 --> 00:06:57,020",0.36,감사합니다.,감사합니다.,이야.,존댓말형,,,,,25.0,30.0,50.0,78.0,75.0,0.315,42.0,58.0,25.0,0.0,1.0,감사합니다.,고마워요.,타임스탬프 사진과 앞뒤 장면으로 대사 기능 복원,37.07,T3,화자·문맥·자연스러움 집중 검토,borderline_cps,63.16680779000847,48.03,P3,말투·질문응답·가독성 위주 검토
ABF-169,기준본,82,"00:06:58,340 --> 00:06:59,040",0.7,이야.,감사합니다.,방금 아슬아슬했어.,반말형,,,,,25.0,30.0,50.0,78.0,75.0,0.30701,0.0,58.0,0.0,0.0,0.2856,유두 말이야.,젖꼭지 말이야.,,26.67,T4,구조검사 통과 시 유지,,23.412362404741742,25.3,P4,회귀검사 통과 시 유지
ABF-169,기준본,83,"00:06:59,200 --> 00:06:59,400",0.2,방금 아슬아슬했어.,이야.,"어라, 몸이 왜 이렇게 흔들거리지?",반응형,,,,,25.0,30.0,50.0,78.0,75.0,0.58011,32.23,58.0,70.0,0.0,0.9186,아슬아슬했어.,아슬아슬하게 들어갔어.,손상된 일본어 ASR + 타임스탬프 사진 + 앞뒤 문맥 추론,50.95,T3,화자·문맥·자연스러움 집중 검토,high_cps,98.13717188823031,70.77,P2,앞뒤 5블록·사진·오류 기억을 함께 검토
ABF-169,기준본,84,"00:07:00,000 --> 00:07:01,520",1.52,"어라, 몸이 왜 이렇게 흔들거리지?",방금 아슬아슬했어.,네?,반응형,,,,,25.0,30.0,50.0,78.0,75.0,0.72776,0.0,58.0,0.0,0.0,0.2517,"어라, 아들...","어라, 아들…",,44.35,T3,화자·문맥·자연스러움 집중 검토,,86.62150719729044,62.1,P2,앞뒤 5블록·사진·오류 기억을 함께 검토
ABF-169,기준본,85,"00:07:02,100 --> 00:07:02,180",0.08,네?,"어라, 몸이 왜 이렇게 흔들거리지?",흔들려.,반말형,,,,,25.0,30.0,50.0,78.0,75.0,0.28794,0.0,58.0,55.0,0.0,0.2652,진짜네?,진짜?,일본어 원문 대조 + 자연스러운 한국어 대사 교정,31.37,T4,구조검사 통과 시 유지,high_cps,41.40558848433531,35.58,P4,회귀검사 통과 시 유지
ABF-169,기준본,86,"00:07:03,440 --> 00:07:03,820",0.38,흔들려.,네?,아직 평형감각이 안 돌아왔나 봐.,중립·혼합형,,,,,25.0,30.0,50.0,78.0,75.0,0.36289,0.0,58.0,0.0,0.0,0.2902,소리가 다 들려.,소리가 다 들리네.,손상된 일본어 ASR + 타임스탬프 사진 + 앞뒤 문맥 추론,29.02,T4,구조검사 통과 시 유지,,32.345469940728194,30.42,P4,회귀검사 통과 시 유지
ABF-169,기준본,87,"00:07:04,000 --> 00:07:05,080",1.08,아직 평형감각이 안 돌아왔나 봐.,흔들려.,감사합니다.,반응형,,,,,25.0,30.0,50.0,78.0,75.0,0.7392,0.0,58.0,0.0,0.0,0.1749,가 봐. 아직 조금 남았지?,움직여 봐. 아직 할 수 있지?,타임스탬프 사진과 장면 흐름으로 명백한 오인식 교정,44.83,T3,화자·문맥·자연스러움 집중 검토,,88.18797629127857,63.04,P2,앞뒤 5블록·사진·오류 기억을 함께 검토
ABF-169,기준본,88,"00:07:05,320 --> 00:07:05,680",0.36,감사합니다.,아직 평형감각이 안 돌아왔나 봐.,"그러게, 나도 좀 그래.",존댓말형,,,,,25.0,30.0,50.0,78.0,75.0,0.38596,42.0,58.0,25.0,0.0,1.0,감사합니다.,고마워요.,타임스탬프 사진과 앞뒤 장면으로 대사 기능 복원,40.05,T3,화자·문맥·자연스러움 집중 검토,borderline_cps,74.85182049110924,54.67,P3,말투·질문응답·가독성 위주 검토
ABF-169,기준본,89,"00:07:08,740 --> 00:07:09,880",1.14,"그러게, 나도 좀 그래.",감사합니다.,그럼 손잡아 줄게.,중립·혼합형,,,,,25.0,30.0,50.0,78.0,75.0,0.691,0.0,58.0,0.0,0.0,0.5066,"아, 그래.",간다.,화면 영문 자막 대조,42.8,T3,화자·문맥·자연스러움 집중 검토,,82.47248094834886,59.46,P2,앞뒤 5블록·사진·오류 기억을 함께 검토
ABF-169,기준본,90,"00:07:10,320 --> 00:07:11,600",1.28,그럼 손잡아 줄게.,"그러게, 나도 좀 그래.",조심해.,반응형,,,,,25.0,30.0,50.0,78.0,75.0,0.62822,0.0,58.0,0.0,0.0,0.4962,내가 잡아 줄게.,목욕하면서…,일본어 원문 + 타임스탬프 사진 + 장면 연속성,40.17,T3,화자·문맥·자연스러움 집중 검토,,75.44453852667232,54.99,P3,말투·질문응답·가독성 위주 검토
ABF-169,기준본,91,"00:07:11,920 --> 00:07:13,360",1.44,조심해.,그럼 손잡아 줄게.,은근히 귀여운 구석이 있네?,반말형,,,,,25.0,30.0,50.0,78.0,75.0,0.36828,0.0,58.0,0.0,0.0,0.5605,조심해. 지금은 안 되니까.,조심해. 아직 내려가면 안 돼.,일본어 원문 대조 + 자연스러운 한국어 대사 교정,29.25,T4,구조검사 통과 시 유지,,33.02286198137172,30.83,P4,회귀검사 통과 시 유지
ABF-169,기준본,92,"00:07:13,540 --> 00:07:13,880",0.34,은근히 귀여운 구석이 있네?,조심해.,"자, 도착했어.",반말형,,,,,25.0,30.0,50.0,78.0,75.0,0.72729,0.0,58.0,70.0,0.0,0.2116,"민낯은 귀여운 계열이네. 에이, 안 귀여워?","민낯은 귀여운 느낌이네. 에이, 안 귀여워?",일본어 원문 대조 + 자연스러운 한국어 대사 교정,51.33,T3,화자·문맥·자연스러움 집중 검토,high_cps,98.47586790855208,71.13,P2,앞뒤 5블록·사진·오류 기억을 함께 검토
ABF-169,기준본,93,"00:07:23,740 --> 00:07:25,100",1.36,"자, 도착했어.",은근히 귀여운 구석이 있네?,"도착했다, 도착!",반응형,,,,,25.0,30.0,50.0,78.0,75.0,0.48917,0.0,58.0,0.0,0.0,0.1992,"자, 아~.","자, 아…",,34.33,T4,구조검사 통과 시 유지,,53.21761219305673,42.26,P3,말투·질문응답·가독성 위주 검토
ABF-169,기준본,94,"00:07:25,680 --> 00:07:27,600",1.92,"도착했다, 도착!","자, 도착했어.",아침 일찍 나와서 피곤한가 봐.,중립·혼합형,,,,,25.0,30.0,50.0,78.0,75.0,0.27355,0.0,58.0,0.0,0.0,0.1322,저는 엄청 비를 몰고 다니는 편인데 오늘은 맑아서 다행이에요. 도착했습니다.,저 원래 비를 몰고 다니는 편인데 오늘은 맑아서 다행이에요. 도착했네요.,,25.27,T4,구조검사 통과 시 유지,,19.55969517358171,22.87,P4,회귀검사 통과 시 유지
ABF-169,기준본,95,"00:07:35,680 --> 00:07:37,600",1.92,아침 일찍 나와서 피곤한가 봐.,"도착했다, 도착!",보트 타느라 너무 신났었나 봐. 피곤하지?,반응형,,,,,25.0,30.0,50.0,78.0,75.0,0.66754,0.0,58.0,0.0,0.0,0.1182,엉덩이 좀 봐.,이 유카타 진짜 귀엽네.,일본어 원문 + 타임스탬프 사진 + 장면 연속성,41.82,T3,화자·문맥·자연스러움 집중 검토,,80.01693480101609,57.86,P3,말투·질문응답·가독성 위주 검토
ABF-169,기준본,96,"00:07:40,420 --> 00:07:44,320",3.9,보트 타느라 너무 신났었나 봐. 피곤하지?,아침 일찍 나와서 피곤한가 봐.,머리 다 망가지는 거 아니야?,반말형,,,,,25.0,30.0,50.0,78.0,75.0,0.81038,0.0,58.0,0.0,0.0,0.109,이런 거 좋아하지?,묶여 있는 거 좋아하지?,,47.82,T3,화자·문맥·자연스러움 집중 검토,,94.15749364944962,67.28,P2,앞뒤 5블록·사진·오류 기억을 함께 검토
ABF-169,기준본,97,"00:07:45,960 --> 00:07:47,800",1.84,머리 다 망가지는 거 아니야?,보트 타느라 너무 신났었나 봐. 피곤하지?,괜찮아?,반응형,,,,,25.0,30.0,50.0,78.0,75.0,0.70439,0.0,58.0,0.0,0.0,0.4096,온천 아니야?,뭔가…,일본어 원문 + 타임스탬프 사진 + 장면 연속성,43.36,T3,화자·문맥·자연스러움 집중 검토,,83.99661303979678,60.43,P2,앞뒤 5블록·사진·오류 기억을 함께 검토
ABF-169,기준본,98,"00:07:49,660 --> 00:07:50,100",0.44,괜찮아?,머리 다 망가지는 거 아니야?,괜찮아?,반응형,,,,,25.0,30.0,50.0,78.0,75.0,0.22662,0.0,58.0,0.0,0.0,0.5267,더 해줘도 돼? 더 해줘. 괜찮아?,더 해 줘도 돼? 더 해 줘. 괜찮아?,,23.3,T4,구조검사 통과 시 유지,,13.88653683319221,19.35,P4,회귀검사 통과 시 유지
ABF-169,기준본,99,"00:07:50,100 --> 00:07:50,240",0.14,괜찮아?,괜찮아?,너무 자연스럽게 스킨십을 받아주는데?,반응형,,,,,25.0,30.0,50.0,78.0,75.0,0.27157,0.0,58.0,70.0,0.0,0.5267,더 해줘도 돼? 더 해줘. 괜찮아?,더 해 줘도 돼? 더 해 줘. 괜찮아?,,32.19,T4,구조검사 통과 시 유지,high_cps,44.28450465707028,37.27,P4,회귀검사 통과 시 유지
ABF-169,기준본,100,"00:07:57,340 --> 00:08:02,040",4.7,너무 자연스럽게 스킨십을 받아주는데?,괜찮아?,"잠깐, 괜찮아?",반응형,,,,,25.0,30.0,50.0,78.0,75.0,0.7067,14.17,58.0,0.0,0.0,0.7681,너무 자연스럽게 받아주는데? 괜찮아?,되게 자연스럽게 받네. 괜찮아?,,46.01,T3,화자·문맥·자연스러움 집중 검토,,90.9822184589331,64.9,P2,앞뒤 5블록·사진·오류 기억을 함께 검토
ABF-169,기준본,101,"00:08:05,200 --> 00:08:06,180",0.98,"잠깐, 괜찮아?",너무 자연스럽게 스킨십을 받아주는데?,괜찮아?,반응형,,,,,25.0,30.0,50.0,78.0,75.0,0.40888,0.0,58.0,0.0,0.0,0.3967,더 해줘도 돼? 더 해줘. 괜찮아?,더 해 줘도 돼? 더 해 줘. 괜찮아?,,30.95,T4,구조검사 통과 시 유지,,39.88145639288738,34.7,P4,회귀검사 통과 시 유지
ABF-169,기준본,102,"00:08:06,980 --> 00:08:07,380",0.4,괜찮아?,"잠깐, 괜찮아?",안 끝나네.,반응형,,,,,25.0,30.0,50.0,78.0,75.0,0.26968,0.0,58.0,0.0,0.0,0.5267,더 해줘도 돼? 더 해줘. 괜찮아?,더 해 줘도 돼? 더 해 줘. 괜찮아?,,25.11,T4,구조검사 통과 시 유지,,19.05165114309907,22.57,P4,회귀검사 통과 시 유지
ABF-169,기준본,103,"00:08:45,430 --> 00:08:46,630",1.2,안 끝나네.,괜찮아?,뭔가 섹시한 느낌이 됐는데.,반말형,,,,,25.0,30.0,50.0,78.0,75.0,0.43969,0.0,58.0,0.0,0.0,0.1463,안 돼.,"네, 놀랐어요.",타임스탬프 사진과 앞뒤 장면으로 대사 기능 복원,32.25,T4,구조검사 통과 시 유지,,44.49618966977138,37.39,P4,회귀검사 통과 시 유지
ABF-169,기준본,104,"00:09:01,480 --> 00:09:03,300",1.82,뭔가 섹시한 느낌이 됐는데.,안 끝나네.,왜 그래?,중립·혼합형,,,,,25.0,30.0,50.0,78.0,75.0,0.64513,0.0,58.0,0.0,0.0,0.2158,뭔가 분위기가 달라진 느낌이에요.,분위기가 확 달라졌어요.,사진 장면 확인 및 한국어 번역투·ASR 오역 교정,40.88,T3,화자·문맥·자연스러움 집중 검토,,77.22269263336156,56.14,P3,말투·질문응답·가독성 위주 검토
ABF-169,기준본,105,"00:09:05,240 --> 00:09:06,080",0.84,왜 그래?,뭔가 섹시한 느낌이 됐는데.,왜 그래?,중립·혼합형,,,,,25.0,30.0,50.0,78.0,75.0,0.32268,7.73,58.0,0.0,0.0,0.7144,"음-, 왜 그래?",음… 왜 그래?,,28.72,T4,구조검사 통과 시 유지,,31.24470787468247,29.78,P4,회귀검사 통과 시 유지
ABF-169,기준본,106,"00:09:06,960 --> 00:09:08,320",1.36,왜 그래?,왜 그래?,왜 그래?,중립·혼합형,,,,,25.0,30.0,50.0,78.0,75.0,0.34192,7.73,58.0,0.0,30.0,0.7144,"음-, 왜 그래?",음… 왜 그래?,,31.93,T4,구조검사 통과 시 유지,triple_identical_run,43.226079593564776,36.67,P4,회귀검사 통과 시 유지
ABF-169,기준본,107,"00:09:08,320 --> 00:09:09,720",1.4,왜 그래?,왜 그래?,어?,중립·혼합형,,,,,25.0,30.0,50.0,78.0,75.0,0.3501,7.73,58.0,0.0,0.0,0.7144,"음-, 왜 그래?",음… 왜 그래?,,29.88,T4,구조검사 통과 시 유지,,35.56308213378493,32.27,P4,회귀검사 통과 시 유지
ABF-169,기준본,108,"00:09:09,720 --> 00:09:09,840",0.12,어?,왜 그래?,누구 때문인데?,반응형,,,,,25.0,30.0,50.0,78.0,75.0,0.22078,0.0,58.0,25.0,0.0,0.323,어? 벗기고 싶다고? 응.,해 줬으면 좋겠어? 응.,손상된 일본어 ASR + 타임스탬프 사진 + 앞뒤 문맥 추론,25.55,T4,구조검사 통과 시 유지,borderline_cps,20.237087214225234,23.32,P4,회귀검사 통과 시 유지
ABF-169,기준본,109,"00:09:12,960 --> 00:09:13,680",0.72,누구 때문인데?,어?,"아, 저 때문인가.",중립·혼합형,,,,,25.0,30.0,50.0,78.0,75.0,0.38029,0.0,58.0,0.0,0.0,0.1285,- 큰일 났다... - 뭐가 큰일인데?,- 큰일 났다… - 뭐가 큰일인데?,,29.75,T4,구조검사 통과 시 유지,,35.05503810330229,31.98,P4,회귀검사 통과 시 유지
ABF-169,기준본,110,"00:09:14,880 --> 00:09:15,980",1.1,"아, 저 때문인가.",누구 때문인데?,뭐 한 거야?,반응형,,,,,25.0,30.0,50.0,78.0,75.0,0.4694,0.0,58.0,0.0,0.0,0.2581,"아, 아, 아, 아, 아, 아, 아,","아, 아, 아, 아, 아, 아, 아",,33.49,T4,구조검사 통과 시 유지,,49.95766299745978,40.41,P3,말투·질문응답·가독성 위주 검토
ABF-169,기준본,111,"00:09:20,260 --> 00:09:21,320",1.06,뭐 한 거야?,"아, 저 때문인가.",점점 벌려가면 괜찮을까?,반말형,,,,,25.0,30.0,50.0,78.0,75.0,0.38495,0.0,58.0,0.0,0.0,0.552,뭘 찍게 한 거야?,뭘 찍은 거야?,손상된 일본어 ASR + 타임스탬프 사진 + 앞뒤 문맥 추론,29.95,T4,구조검사 통과 시 유지,,35.73243014394581,32.38,P4,회귀검사 통과 시 유지
ABF-169,기준본,112,"00:09:22,660 --> 00:09:24,240",1.58,점점 벌려가면 괜찮을까?,뭐 한 거야?,점점 벌려가면 괜찮아?,중립·혼합형,,,,,25.0,30.0,50.0,78.0,75.0,0.52189,0.0,58.0,0.0,0.0,0.229,점점 더...,점점 더…,,35.7,T3,화자·문맥·자연스러움 집중 검토,,57.70533446232007,44.94,P3,말투·질문응답·가독성 위주 검토
ABF-169,기준본,113,"00:09:25,660 --> 00:09:36,260",10.6,점점 벌려가면 괜찮아?,점점 벌려가면 괜찮을까?,"저기, 있잖아.",반응형,,,,,25.0,30.0,50.0,78.0,75.0,0.62142,0.0,58.0,0.0,0.0,0.2884,더 해줘도 돼? 더 해줘. 괜찮아?,더 해 줘도 돼? 더 해 줘. 괜찮아?,,39.88,T3,화자·문맥·자연스러움 집중 검토,,74.38611346316681,54.37,P3,말투·질문응답·가독성 위주 검토
ABF-169,기준본,114,"00:09:36,260 --> 00:09:51,320",15.06,"저기, 있잖아.",점점 벌려가면 괜찮아?,확인해보고 싶어.,반응형,,,,,25.0,30.0,50.0,78.0,75.0,0.49421,0.0,58.0,0.0,0.0,0.614,서 있잖아.,완전히 서 있잖아.,일본어 원문 대조 + 자연스러운 한국어 대사 교정,34.54,T4,구조검사 통과 시 유지,,54.14902624894158,42.78,P3,말투·질문응답·가독성 위주 검토
ABF-169,기준본,115,"00:09:51,740 --> 00:09:53,140",1.4,확인해보고 싶어.,"저기, 있잖아.",확인해보고 싶어.,반응형,,,,,25.0,30.0,50.0,78.0,75.0,0.39935,42.0,58.0,0.0,0.0,1.0,확인해보고 싶어.,확인해 보고 싶어.,,38.11,T3,화자·문맥·자연스러움 집중 검토,,67.18882303132938,50.32,P3,말투·질문응답·가독성 위주 검토
ABF-169,기준본,116,"00:09:53,260 --> 00:09:54,620",1.36,확인해보고 싶어.,확인해보고 싶어.,"아, 대박.",반응형,,,,,25.0,30.0,50.0,78.0,75.0,0.24466,42.0,58.0,0.0,0.0,1.0,확인해보고 싶어.,확인해 보고 싶어.,,31.62,T4,구조검사 통과 시 유지,,42.337002540220155,36.12,P4,회귀검사 통과 시 유지
ABF-169,기준본,117,"00:09:55,320 --> 00:09:55,760",0.44,"아, 대박.",확인해보고 싶어.,"와, 엄청나.",반응형,,,,,25.0,30.0,50.0,78.0,75.0,0.19991,0.0,58.0,0.0,0.0,0.62,에~ 대박.,에… 대박.,,22.18,T4,구조검사 통과 시 유지,,10.795935647756139,17.4,P4,회귀검사 통과 시 유지
ABF-169,기준본,118,"00:09:57,260 --> 00:09:57,980",0.72,"와, 엄청나.","아, 대박.",딱딱해.,중립·혼합형,,,,,25.0,30.0,50.0,78.0,75.0,0.31024,0.0,58.0,0.0,0.0,0.2586,엄청나게.,엄청나네.,일본어 원문 대조 + 자연스러운 한국어 대사 교정,26.81,T4,구조검사 통과 시 유지,,23.962743437764605,25.61,P4,회귀검사 통과 시 유지
ABF-169,기준본,119,"00:09:58,700 --> 00:09:59,620",0.92,딱딱해.,"와, 엄청나.",완전 딱딱하네요.,반말형,,,,,25.0,30.0,50.0,78.0,75.0,0.28567,0.0,58.0,0.0,0.0,0.6313,딱딱해...,딱딱해…,,25.78,T4,구조검사 통과 시 유지,,21.168501270110077,23.84,P4,회귀검사 통과 시 유지
ABF-169,기준본,120,"00:09:59,740 --> 00:10:01,680",1.94,완전 딱딱하네요.,딱딱해.,잠깐만.,반말형,,,,,25.0,30.0,50.0,78.0,75.0,0.59805,0.0,58.0,0.0,0.0,0.3053,대단하네요.,바다다!,일본어 원문 대조 + 자연스러운 한국어 대사 교정,38.9,T3,화자·문맥·자연스러움 집중 검토,,69.94072819644369,51.94,P3,말투·질문응답·가독성 위주 검토
ABF-169,기준본,121,"00:10:01,840 --> 00:10:02,020",0.18,잠깐만.,완전 딱딱하네요.,참 태평하네.,반응형,,,,,25.0,30.0,50.0,78.0,75.0,0.32133,11.96,58.0,41.11,0.0,0.7497,하아… 잠깐만.,목욕물 받아 놓은 거지?,일본어 원문 + 타임스탬프 사진 + 장면 연속성,33.54,T4,구조검사 통과 시 유지,high_cps,50.33869602032176,40.6,P3,말투·질문응답·가독성 위주 검토
ABF-169,기준본,122,"00:10:03,900 --> 00:10:05,320",1.42,참 태평하네.,잠깐만.,아하하하.,반말형,,,,,25.0,30.0,50.0,78.0,75.0,0.44837,0.0,58.0,0.0,0.0,0.1453,야하네.,여긴 지저분하네.,화면 영문 자막 대조,32.61,T4,구조검사 통과 시 유지,,46.6553767993226,38.51,P4,회귀검사 통과 시 유지
ABF-169,기준본,123,"00:10:05,740 --> 00:10:07,060",1.32,아하하하.,참 태평하네.,"큰일이다, 큰일이야.",반응형,,,,,25.0,30.0,50.0,78.0,75.0,0.22912,0.0,58.0,0.0,0.0,0.0345,좋아하는...,좋아하는…,,23.4,T4,구조검사 통과 시 유지,,14.225232853513972,19.55,P4,회귀검사 통과 시 유지
ABF-169,기준본,124,"00:10:09,020 --> 00:10:10,360",1.34,"큰일이다, 큰일이야.",아하하하.,큰일이다.,반말형,,,,,25.0,30.0,50.0,78.0,75.0,0.36447,0.0,58.0,0.0,0.0,0.5602,"아, 큰일이야...","아, 큰일이야…",,29.09,T4,구조검사 통과 시 유지,,32.514817950889075,30.53,P4,회귀검사 통과 시 유지
ABF-169,기준본,125,"00:10:10,520 --> 00:10:11,080",0.56,큰일이다.,"큰일이다, 큰일이야.",진짜 큰일이네.,중립·혼합형,,,,,25.0,30.0,50.0,78.0,75.0,0.26877,0.0,58.0,0.0,0.0,0.2899,큰일이네요.,이러다 갈 것 같아요.,사진 장면 확인 및 한국어 번역투·ASR 오역 교정,25.07,T4,구조검사 통과 시 유지,,18.966977138018628,22.51,P4,회귀검사 통과 시 유지
ABF-169,기준본,126,"00:10:11,760 --> 00:10:12,440",0.68,진짜 큰일이네.,큰일이다.,깜짝이야.,반말형,,,,,25.0,30.0,50.0,78.0,75.0,0.50152,0.0,58.0,0.0,0.0,0.4817,큰일이네요.,이러다 갈 것 같아요.,사진 장면 확인 및 한국어 번역투·ASR 오역 교정,34.84,T4,구조검사 통과 시 유지,,55.2497883149873,43.41,P3,말투·질문응답·가독성 위주 검토
ABF-169,기준본,127,"00:10:13,940 --> 00:10:14,540",0.6,깜짝이야.,진짜 큰일이네.,완전 딱딱해졌잖아.,반말형,,,,,25.0,30.0,50.0,78.0,75.0,0.44651,0.0,58.0,0.0,0.0,0.1735,유두 말이야.,젖꼭지 말이야.,,32.53,T4,구조검사 통과 시 유지,,45.977984758679085,38.18,P4,회귀검사 통과 시 유지
ABF-169,기준본,128,"00:10:15,560 --> 00:10:16,620",1.06,완전 딱딱해졌잖아.,깜짝이야.,큰일이다.,반응형,,,,,25.0,30.0,50.0,78.0,75.0,0.5949,0.0,58.0,0.0,0.0,0.227,딱딱해...,딱딱해…,,38.77,T3,화자·문맥·자연스러움 집중 검토,,69.09398814563929,51.51,P3,말투·질문응답·가독성 위주 검토
ABF-169,기준본,129,"00:10:23,440 --> 00:10:23,940",0.5,큰일이다.,완전 딱딱해졌잖아.,어떡해.,중립·혼합형,,,,,25.0,30.0,50.0,78.0,75.0,0.34576,0.0,58.0,0.0,0.0,0.2899,큰일이네요.,이러다 갈 것 같아요.,사진 장면 확인 및 한국어 번역투·ASR 오역 교정,28.3,T4,구조검사 통과 시 유지,,29.55122777307367,28.83,P4,회귀검사 통과 시 유지
ABF-169,기준본,130,"00:10:24,100 --> 00:10:24,160",0.06,어떡해.,큰일이다.,큰일이다.,반응형,,,,,25.0,30.0,50.0,78.0,75.0,0.29099,0.0,58.0,70.0,0.0,0.0945,"그래, 붙잡아 버리니까 어떡하지.",붙잡으면 움직일 수가 없잖아.,사진 장면 확인 및 한국어 번역투·ASR 오역 교정,33.0,T4,구조검사 통과 시 유지,high_cps,47.92548687552921,39.27,P4,회귀검사 통과 시 유지
ABF-169,기준본,131,"00:10:24,160 --> 00:10:24,200",0.04,큰일이다.,어떡해.,이러면 못 걸어.,중립·혼합형,,,,,25.0,30.0,50.0,78.0,75.0,0.4105,0.0,58.0,70.0,0.0,0.2899,큰일이네요.,이러다 갈 것 같아요.,사진 장면 확인 및 한국어 번역투·ASR 오역 교정,38.02,T3,화자·문맥·자연스러움 집중 검토,high_cps,66.46909398814564,49.97,P3,말투·질문응답·가독성 위주 검토
ABF-169,기준본,132,"00:10:24,200 --> 00:10:24,980",0.78,이러면 못 걸어.,큰일이다.,허리 잔뜩 숙이고 걸어야겠네.,반응형,,,,,25.0,30.0,50.0,78.0,75.0,0.5154,0.0,58.0,0.0,0.0,0.1555,못 울겠어.,목이 막혀요.,사진 장면 확인 및 한국어 번역투·ASR 오역 교정,35.43,T3,화자·문맥·자연스러움 집중 검토,,56.90093141405589,44.45,P3,말투·질문응답·가독성 위주 검토
ABF-169,기준본,133,"00:10:25,620 --> 00:10:26,680",1.06,허리 잔뜩 숙이고 걸어야겠네.,이러면 못 걸어.,중학생도 아니고.,반응형,,,,,25.0,30.0,50.0,78.0,75.0,0.66452,0.0,58.0,0.0,0.0,0.2113,잔뜩 쌀 거야.,걱정 마.,화면 영문 자막 대조,41.69,T3,화자·문맥·자연스러움 집중 검토,,79.72057578323455,57.66,P3,말투·질문응답·가독성 위주 검토
ABF-169,기준본,134,"00:10:26,980 --> 00:10:27,460",0.48,중학생도 아니고.,허리 잔뜩 숙이고 걸어야겠네.,완전 엉거주춤하게 걷겠어.,반응형,,,,,25.0,30.0,50.0,78.0,75.0,0.61329,0.0,58.0,25.0,0.0,0.0675,"아니, 그런 뜻이 아니라...","아니, 그런 뜻이 아니라…",,42.04,T3,화자·문맥·자연스러움 집중 검토,borderline_cps,80.60965283657917,58.24,P2,앞뒤 5블록·사진·오류 기억을 함께 검토
ABF-169,기준본,135,"00:10:28,060 --> 00:10:30,000",1.94,완전 엉거주춤하게 걷겠어.,중학생도 아니고.,"큰일이야, 큰일.",반응형,,,,,25.0,30.0,50.0,78.0,75.0,0.74942,0.0,58.0,0.0,0.0,0.175,완전 초보.,입 벌려.,손상된 일본어 ASR + 타임스탬프 사진 + 앞뒤 문맥 추론,45.26,T3,화자·문맥·자연스러움 집중 검토,,89.07705334462321,63.66,P2,앞뒤 5블록·사진·오류 기억을 함께 검토
ABF-169,기준본,136,"00:10:30,980 --> 00:10:31,660",0.68,"큰일이야, 큰일.",완전 엉거주춤하게 걷겠어.,네.,반말형,,,,,25.0,30.0,50.0,78.0,75.0,0.62286,0.0,58.0,0.0,0.0,0.4171,"아, 큰일이야...","아, 큰일이야…",,39.94,T3,화자·문맥·자연스러움 집중 검토,,74.51312447078747,54.46,P3,말투·질문응답·가독성 위주 검토
ABF-169,기준본,137,"00:10:31,660 --> 00:10:32,100",0.44,네.,"큰일이야, 큰일.",일단 내릴까요?,반말형,,,,,25.0,30.0,50.0,78.0,75.0,0.2019,8.13,58.0,0.0,0.0,0.7177,"네, 네.",네.,불필요한 반복 제거,23.72,T4,구조검사 통과 시 유지,,15.071972904318374,20.09,P4,회귀검사 통과 시 유지
ABF-169,기준본,138,"00:10:32,440 --> 00:10:33,660",1.22,일단 내릴까요?,네.,내릴까요?,존댓말형,,,,,25.0,30.0,50.0,78.0,75.0,0.35798,0.0,58.0,0.0,0.0,0.3728,일단 해 줘.,일단 넣어 줘.,일본어 원문 대조 + 자연스러운 한국어 대사 교정,28.82,T4,구조검사 통과 시 유지,,31.583403895004235,29.98,P4,회귀검사 통과 시 유지
ABF-169,기준본,139,"00:10:34,460 --> 00:10:34,900",0.44,내릴까요?,일단 내릴까요?,오…,존댓말형,,,,,25.0,30.0,50.0,78.0,75.0,0.31225,0.0,58.0,0.0,0.0,0.1718,우리는 누구일까요?,[불명],,26.89,T4,구조검사 통과 시 유지,,24.174428450465708,25.75,P4,회귀검사 통과 시 유지
ABF-169,기준본,140,"00:10:42,460 --> 00:10:43,260",0.8,오…,내릴까요?,도착했다…,중립·혼합형,,,,,25.0,30.0,50.0,78.0,75.0,0.21712,0.0,58.0,0.0,0.0,0.2771,오오… 됐어!,아… 나올 것 같아.,손상된 일본어 ASR + 타임스탬프 사진 + 앞뒤 문맥 추론,22.9,T4,구조검사 통과 시 유지,,12.870448772226926,18.69,P4,회귀검사 통과 시 유지
ABF-169,기준본,141,"00:10:43,380 --> 00:10:43,880",0.5,도착했다…,오…,와.,중립·혼합형,,,,,25.0,30.0,50.0,78.0,75.0,0.25909,0.0,58.0,0.0,0.0,0.1345,나온다…,나올 것 같아…,,24.66,T4,구조검사 통과 시 유지,,17.781541066892466,21.77,P4,회귀검사 통과 시 유지
ABF-169,기준본,142,"00:10:44,120 --> 00:10:44,200",0.08,와.,도착했다…,대박.,중립·혼합형,,,,,25.0,30.0,50.0,78.0,75.0,0.16037,0.0,58.0,55.0,0.0,0.424,"후후후, 어서 와.","후후후, 차가워!",손상된 일본어 ASR + 타임스탬프 사진 + 앞뒤 문맥 추론,26.02,T4,구조검사 통과 시 유지,high_cps,21.507197290431836,24.12,P4,회귀검사 통과 시 유지
ABF-169,기준본,143,"00:10:45,300 --> 00:10:45,700",0.4,대박.,와.,"와, 대박이네 여기.",중립·혼합형,,,,,25.0,30.0,50.0,78.0,75.0,0.17556,5.12,58.0,0.0,0.0,0.6927,에~ 대박.,에… 대박.,,22.08,T4,구조검사 통과 시 유지,,10.541913632514818,17.23,P4,회귀검사 통과 시 유지
ABF-169,기준본,144,"00:10:46,000 --> 00:10:46,980",0.98,"와, 대박이네 여기.",대박.,와.,반말형,,,,,25.0,30.0,50.0,78.0,75.0,0.39618,0.0,58.0,0.0,0.0,0.2415,여기...,여기…,,30.42,T4,구조검사 통과 시 유지,,37.67993226079594,33.47,P4,회귀검사 통과 시 유지
ABF-169,기준본,145,"00:10:47,300 --> 00:10:47,380",0.08,와.,"와, 대박이네 여기.",와.,중립·혼합형,,,,,25.0,30.0,50.0,78.0,75.0,0.17788,0.0,58.0,55.0,0.0,0.424,"후후후, 어서 와.","후후후, 차가워!",손상된 일본어 ASR + 타임스탬프 사진 + 앞뒤 문맥 추론,26.75,T4,구조검사 통과 시 유지,high_cps,23.793395427603727,25.51,P4,회귀검사 통과 시 유지
ABF-169,기준본,146,"00:10:48,460 --> 00:10:48,540",0.08,와.,와.,"잠깐, 이쪽으로 더 갈 수 있나?",중립·혼합형,,,,,25.0,30.0,50.0,78.0,75.0,0.19253,0.0,58.0,55.0,0.0,0.424,"후후후, 어서 와.","후후후, 차가워!",손상된 일본어 ASR + 타임스탬프 사진 + 앞뒤 문맥 추론,27.37,T4,구조검사 통과 시 유지,high_cps,25.867908552074514,26.74,P4,회귀검사 통과 시 유지
ABF-169,기준본,147,"00:10:49,400 --> 00:10:50,580",1.18,"잠깐, 이쪽으로 더 갈 수 있나?",와.,넓다.,중립·혼합형,,,,,25.0,30.0,50.0,78.0,75.0,0.61153,42.0,58.0,0.0,0.0,1.0,"잠깐, 이쪽으로 더 갈 수 있나?",그냥 여기서 살까?,,47.02,T3,화자·문맥·자연스러움 집중 검토,,92.71803556308214,66.21,P2,앞뒤 5블록·사진·오류 기억을 함께 검토
ABF-169,기준본,148,"00:10:53,660 --> 00:10:54,340",0.68,넓다.,"잠깐, 이쪽으로 더 갈 수 있나?",넓네.,중립·혼합형,,,,,25.0,30.0,50.0,78.0,75.0,0.22395,0.0,58.0,0.0,0.0,0.2789,넓다…!,넓다!,일본어 원문 대조 + 자연스러운 한국어 대사 교정,23.19,T4,구조검사 통과 시 유지,,13.547840812870449,19.14,P4,회귀검사 통과 시 유지
ABF-169,기준본,149,"00:10:55,600 --> 00:10:56,360",0.76,넓네.,넓다.,엄청 넓네.,반말형,,,,,25.0,30.0,50.0,78.0,75.0,0.26559,0.0,58.0,0.0,0.0,0.0877,넓다…!,넓다!,일본어 원문 대조 + 자연스러운 한국어 대사 교정,24.93,T4,구조검사 통과 시 유지,,18.71295512277731,22.32,P4,회귀검사 통과 시 유지
ABF-169,기준본,150,"00:10:57,600 --> 00:10:58,120",0.52,엄청 넓네.,넓네.,"아, 과자가.",반말형,,,,,25.0,30.0,50.0,78.0,75.0,0.40215,0.0,58.0,0.0,0.0,0.2355,엄청 귀여워.,매일 목욕해.,일본어 원문 + 타임스탬프 사진 + 장면 연속성,30.67,T4,구조검사 통과 시 유지,,39.03471634208298,34.18,P4,회귀검사 통과 시 유지
ABF-169,기준본,151,"00:11:00,580 --> 00:11:01,520",0.94,"아, 과자가.",엄청 넓네.,과자가.,반응형,,,,,25.0,30.0,50.0,78.0,75.0,0.39001,0.0,58.0,0.0,0.0,0.3124,"아, 아, 아, 아, 아, 아, 아,","아, 아, 아, 아, 아, 아, 아",,30.16,T4,구조검사 통과 시 유지,,36.57917019475021,32.86,P4,회귀검사 통과 시 유지
ABF-169,기준본,152,"00:11:05,340 --> 00:11:06,120",0.78,과자가.,"아, 과자가.",과자 있네.,중립·혼합형,,,,,25.0,30.0,50.0,78.0,75.0,0.30312,0.0,58.0,0.0,0.0,0.108,"네, 메가.","네, 괜찮아요.",타임스탬프 사진과 앞뒤 장면으로 대사 기능 복원,26.51,T4,구조검사 통과 시 유지,,23.116003386960205,25.08,P4,회귀검사 통과 시 유지
ABF-169,기준본,153,"00:11:06,320 --> 00:11:06,880",0.56,과자 있네.,과자가.,먹을래?,반말형,,,,,25.0,30.0,50.0,78.0,75.0,0.5227,0.0,58.0,0.0,0.0,0.3887,제대로 돼 있네.,제대로 가려지네.,일본어 원문 대조 + 자연스러운 한국어 대사 교정,35.73,T3,화자·문맥·자연스러움 집중 검토,,57.832345469940726,45.01,P3,말투·질문응답·가독성 위주 검토
ABF-169,기준본,154,"00:11:07,200 --> 00:11:07,720",0.52,먹을래?,과자 있네.,아직.,중립·혼합형,,,,,25.0,30.0,50.0,78.0,75.0,0.42339,0.0,58.0,0.0,0.0,0.2057,더 보지 소리 들려주지 않을래?,더 좋은 소리 들려주지 않을래?,타임스탬프 사진과 장면 흐름으로 명백한 오인식 교정,31.56,T4,구조검사 통과 시 유지,,42.25232853513971,36.05,P4,회귀검사 통과 시 유지
ABF-169,기준본,155,"00:11:08,440 --> 00:11:08,800",0.36,아직.,먹을래?,아직 더 가볼까?,반응형,,,,,25.0,30.0,50.0,78.0,75.0,0.37046,0.0,58.0,0.0,0.0,0.4463,아직...,아직…,,29.34,T4,구조검사 통과 시 유지,,33.53090601185436,31.1,P4,회귀검사 통과 시 유지
ABF-169,기준본,156,"00:11:09,340 --> 00:11:09,980",0.64,아직 더 가볼까?,아직.,좀 더 들어가자.,반응형,,,,,25.0,30.0,50.0,78.0,75.0,0.61061,0.0,58.0,0.0,0.0,0.2582,아직 더...,아직 더…,,39.43,T3,화자·문맥·자연스러움 집중 검토,,72.31160033869602,53.24,P3,말투·질문응답·가독성 위주 검토
ABF-169,기준본,157,"00:11:10,180 --> 00:11:10,760",0.58,좀 더 들어가자.,아직 더 가볼까?,영차.,반응형,,,,,25.0,30.0,50.0,78.0,75.0,0.61106,0.0,58.0,0.0,0.0,0.2221,좀 더 해 줘.,보여?,일본어 원문 + 타임스탬프 사진 + 장면 연속성,39.44,T3,화자·문맥·자연스러움 집중 검토,,72.43861134631669,53.3,P3,말투·질문응답·가독성 위주 검토
ABF-169,기준본,158,"00:11:11,080 --> 00:11:11,340",0.26,영차.,좀 더 들어가자.,"아, 짐 옮기는 게…",중립·혼합형,,,,,25.0,30.0,50.0,78.0,75.0,0.26477,42.0,58.0,0.0,0.0,1.0,영차.,자.,타임스탬프 사진과 앞뒤 장면으로 대사 기능 복원,32.46,T4,구조검사 통과 시 유지,,45.258255715495345,37.84,P4,회귀검사 통과 시 유지
ABF-169,기준본,159,"00:11:15,280 --> 00:11:16,740",1.46,"아, 짐 옮기는 게…",영차.,도착했다!,반응형,,,,,25.0,30.0,50.0,78.0,75.0,0.47363,0.0,58.0,0.0,0.0,0.2738,"아, 아, 아, 아, 아, 아, 아,","아, 아, 아, 아, 아, 아, 아",,33.67,T4,구조검사 통과 시 유지,,51.14309906858594,41.01,P3,말투·질문응답·가독성 위주 검토
ABF-169,기준본,160,"00:11:16,860 --> 00:11:17,660",0.8,도착했다!,"아, 짐 옮기는 게…",짐 옮기는 게…,중립·혼합형,,,,,25.0,30.0,50.0,78.0,75.0,0.1424,0.0,58.0,0.0,0.0,0.13,저는 엄청 비를 몰고 다니는 편인데 오늘은 맑아서 다행이에요. 도착했습니다.,저 원래 비를 몰고 다니는 편인데 오늘은 맑아서 다행이에요. 도착했네요.,,19.76,T4,구조검사 통과 시 유지,,6.096528365791702,14.02,P4,회귀검사 통과 시 유지
ABF-169,기준본,161,"00:11:18,120 --> 00:11:18,600",0.48,짐 옮기는 게…,도착했다!,이동하기가 꽤 힘드네.,중립·혼합형,,,,,25.0,30.0,50.0,78.0,75.0,0.46468,0.0,58.0,0.0,0.0,0.0965,기분 좋기는 하네...,기분 좋기는 하네…,,33.3,T4,구조검사 통과 시 유지,,49.28027095681626,40.01,P3,말투·질문응답·가독성 위주 검토
ABF-169,기준본,162,"00:11:19,860 --> 00:11:20,640",0.78,이동하기가 꽤 힘드네.,짐 옮기는 게…,그러게.,반말형,,,,,25.0,30.0,50.0,78.0,75.0,0.67558,0.0,58.0,0.0,0.0,0.1272,하아… 이제 좀 정신이 드네.,하아… 이제 좀 정신이 들어.,일본어 원문 대조 + 자연스러운 한국어 대사 교정,42.15,T3,화자·문맥·자연스러움 집중 검토,,81.11769686706182,58.52,P2,앞뒤 5블록·사진·오류 기억을 함께 검토
ABF-169,기준본,163,"00:11:20,740 --> 00:11:21,120",0.38,그러게.,이동하기가 꽤 힘드네.,짐 들고 다니기가 힘드네요.,중립·혼합형,,,,,25.0,30.0,50.0,78.0,75.0,0.32747,42.0,58.0,0.0,0.0,1.0,그러게.,목욕하면서 이러는 거…,일본어 원문 + 타임스탬프 사진 + 장면 연속성,35.09,T3,화자·문맥·자연스러움 집중 검토,,55.800169348010165,43.79,P3,말투·질문응답·가독성 위주 검토
ABF-169,기준본,164,"00:11:21,120 --> 00:11:22,100",0.98,짐 들고 다니기가 힘드네요.,그러게.,"어라, 아직도 바짝 서 있잖아.",반말형,,,,,25.0,30.0,50.0,78.0,75.0,0.70804,0.0,58.0,0.0,0.0,0.1029,들어가고 싶네요.,다리가 진짜 예쁘네요.,일본어 원문 대조 + 자연스러운 한국어 대사 교정,43.52,T3,화자·문맥·자연스러움 집중 검토,,84.54699407281964,60.75,P2,앞뒤 5블록·사진·오류 기억을 함께 검토
ABF-169,기준본,165,"00:11:22,720 --> 00:11:23,640",0.92,"어라, 아직도 바짝 서 있잖아.",짐 들고 다니기가 힘드네요.,지금 기분은 어때?,반응형,,,,,25.0,30.0,50.0,78.0,75.0,0.70482,0.0,58.0,0.0,0.0,0.5148,서 있잖아.,완전히 서 있잖아.,일본어 원문 대조 + 자연스러운 한국어 대사 교정,43.38,T3,화자·문맥·자연스러움 집중 검토,,84.08128704487721,60.47,P2,앞뒤 5블록·사진·오류 기억을 함께 검토
ABF-169,기준본,166,"00:11:29,280 --> 00:11:30,900",1.62,지금 기분은 어때?,"어라, 아직도 바짝 서 있잖아.",지금?,반응형,,,,,25.0,30.0,50.0,78.0,75.0,0.56403,0.0,58.0,0.0,0.0,0.3969,그래도 기분은 좋아요.,그래도 기분 좋았어요.,손상된 일본어 ASR + 타임스탬프 사진 + 앞뒤 문맥 추론,37.47,T3,화자·문맥·자연스러움 집중 검토,,65.19898391193904,49.12,P3,말투·질문응답·가독성 위주 검토
ABF-169,기준본,167,"00:11:31,380 --> 00:11:31,740",0.36,지금?,지금 기분은 어때?,응.,반말형,,,,,25.0,30.0,50.0,78.0,75.0,0.25954,0.0,58.0,0.0,0.0,0.1433,"지금, 시속.",지금 속도요?,일본어 원문 대조 + 자연스러운 한국어 대사 교정,24.68,T4,구조검사 통과 시 유지,,17.866215071972906,21.82,P4,회귀검사 통과 시 유지
ABF-169,기준본,168,"00:11:32,020 --> 00:11:32,180",0.16,응.,지금?,주차장에서부터 좀 걸어왔더니…,반응형,,,,,25.0,30.0,50.0,78.0,75.0,0.1179,0.0,58.0,0.0,0.0,0.467,"하-, 응.",하아… 응.,,18.73,T4,구조검사 통과 시 유지,,4.487722269263336,12.75,P4,회귀검사 통과 시 유지
ABF-169,기준본,169,"00:11:34,060 --> 00:11:36,560",2.5,주차장에서부터 좀 걸어왔더니…,응.,응.,반응형,,,,,25.0,30.0,50.0,78.0,75.0,0.60949,17.61,58.0,0.0,0.0,0.7968,"주차장에서부터 조금 걸어왔더니,",주차장에서부터 조금 걸어왔더니,,42.55,T3,화자·문맥·자연스러움 집중 검토,,81.96443691786621,59.1,P2,앞뒤 5블록·사진·오류 기억을 함께 검토
ABF-169,기준본,170,"00:11:36,640 --> 00:11:36,740",0.1,응.,주차장에서부터 좀 걸어왔더니…,아까 하던 거 계속하고 싶어져서요.,반응형,,,,,25.0,30.0,50.0,78.0,75.0,0.13116,0.0,58.0,25.0,0.0,0.467,"하-, 응.",하아… 응.,,21.79,T4,구조검사 통과 시 유지,borderline_cps,9.779847586790854,16.75,P4,회귀검사 통과 시 유지
ABF-169,기준본,171,"00:11:39,220 --> 00:11:40,840",1.62,아까 하던 거 계속하고 싶어져서요.,응.,오…,반응형,,,,,25.0,30.0,50.0,78.0,75.0,0.7557,0.0,58.0,0.0,0.0,0.17,그래도 계속 하고 싶어.,그래도 계속하고 싶어.,손상된 일본어 ASR + 타임스탬프 사진 + 앞뒤 문맥 추론,45.52,T3,화자·문맥·자연스러움 집중 검토,,89.83911939034716,64.13,P2,앞뒤 5블록·사진·오류 기억을 함께 검토
ABF-169,기준본,172,"00:11:41,200 --> 00:11:41,460",0.26,오…,아까 하던 거 계속하고 싶어져서요.,언제부터 섹스하고 싶었는데?,중립·혼합형,,,,,25.0,30.0,50.0,78.0,75.0,0.32318,0.0,58.0,0.0,0.0,0.2771,오오… 됐어!,아… 나올 것 같아.,손상된 일본어 ASR + 타임스탬프 사진 + 앞뒤 문맥 추론,27.35,T4,구조검사 통과 시 유지,,25.74089754445385,26.67,P4,회귀검사 통과 시 유지
ABF-169,기준본,173,"00:11:43,860 --> 00:11:47,660",3.8,언제부터 섹스하고 싶었는데?,오…,어?,중립·혼합형,,,,,25.0,30.0,50.0,78.0,75.0,0.68738,0.0,58.0,0.0,0.0,0.2801,정말로 섹스하고 싶다고 생각했어서…,진짜 하고 싶었어.,일본어 원문 대조 + 자연스러운 한국어 대사 교정,42.65,T3,화자·문맥·자연스러움 집중 검토,,82.21845893310754,59.27,P2,앞뒤 5블록·사진·오류 기억을 함께 검토
ABF-169,기준본,174,"00:11:48,380 --> 00:11:48,560",0.18,어?,언제부터 섹스하고 싶었는데?,언제일까?,반응형,,,,,25.0,30.0,50.0,78.0,75.0,0.25634,0.0,58.0,0.0,0.0,0.323,어? 벗기고 싶다고? 응.,해 줬으면 좋겠어? 응.,손상된 일본어 ASR + 타임스탬프 사진 + 앞뒤 문맥 추론,24.55,T4,구조검사 통과 시 유지,,17.18882303132938,21.46,P4,회귀검사 통과 시 유지
ABF-169,기준본,175,"00:11:49,740 --> 00:11:50,600",0.86,언제일까?,어?,꽤 초반부터.,중립·혼합형,,,,,25.0,30.0,50.0,78.0,75.0,0.25789,0.0,58.0,0.0,0.0,0.1265,"언제든 좋지, 사야!","여기도 좋지, 사야?",장면 문맥상 오역 교정,24.61,T4,구조검사 통과 시 유지,,17.442845046570703,21.6,P4,회귀검사 통과 시 유지
ABF-169,기준본,176,"00:11:50,700 --> 00:11:53,440",2.74,꽤 초반부터.,언제일까?,초반부터?,중립·혼합형,,,,,25.0,30.0,50.0,78.0,75.0,0.45423,0.0,58.0,0.0,0.0,0.1009,이제 꽤 했으니 잠깐 쉬어요.,이제 꽤 했으니 잠깐 쉬자.,사진 장면 확인 및 한국어 번역투·ASR 오역 교정,32.86,T4,구조검사 통과 시 유지,,47.24809483488569,38.9,P4,회귀검사 통과 시 유지
ABF-169,기준본,177,"00:11:53,460 --> 00:11:54,060",0.6,초반부터?,꽤 초반부터.,초반?,중립·혼합형,,,,,25.0,30.0,50.0,78.0,75.0,0.35399,0.0,58.0,0.0,0.0,0.0536,초밥은?,칫솔은?,일본어 원문 대조 + 자연스러운 한국어 대사 교정,28.65,T4,구조검사 통과 시 유지,,31.07535986452159,29.67,P4,회귀검사 통과 시 유지
ABF-169,기준본,178,"00:11:54,400 --> 00:11:54,960",0.56,초반?,초반부터?,초반?,중립·혼합형,,,,,25.0,30.0,50.0,78.0,75.0,0.2737,0.0,58.0,0.0,0.0,0.0754,초밥은?,칫솔은?,일본어 원문 대조 + 자연스러운 한국어 대사 교정,25.28,T4,구조검사 통과 시 유지,,19.68670618120237,22.93,P4,회귀검사 통과 시 유지
ABF-169,기준본,179,"00:11:55,020 --> 00:11:55,520",0.5,초반?,초반?,좀 궁금한데.,중립·혼합형,,,,,25.0,30.0,50.0,78.0,75.0,0.32406,0.0,58.0,0.0,0.0,0.0754,초밥은?,칫솔은?,일본어 원문 대조 + 자연스러운 한국어 대사 교정,27.39,T4,구조검사 통과 시 유지,,25.994919559695173,26.8,P4,회귀검사 통과 시 유지
ABF-169,기준본,180,"00:11:55,680 --> 00:11:56,800",1.12,좀 궁금한데.,초반?,"초반이라고 해도, 그… 만났을 때부터.",중립·혼합형,,,,,25.0,30.0,50.0,78.0,75.0,0.53454,0.0,58.0,0.0,0.0,0.1956,좀 위험한데. 나 발기했어.,좀 위험한데. 나 완전히 섰어.,,36.23,T3,화자·문맥·자연스러움 집중 검토,,59.18712955122777,45.87,P3,말투·질문응답·가독성 위주 검토
ABF-169,기준본,181,"00:11:57,180 --> 00:12:00,540",3.36,"초반이라고 해도, 그… 만났을 때부터.",좀 궁금한데.,만났을 때?,반말형,,,,,25.0,30.0,50.0,78.0,75.0,0.73284,0.0,58.0,0.0,0.0,0.1526,처음 만났을 때와 달리 이제는 서로에게 익숙해졌습니다.,처음 만났을 때와 달리 이제는 서로 많이 편해졌어요.,,44.56,T3,화자·문맥·자연스러움 집중 검토,,87.08721422523286,62.42,P2,앞뒤 5블록·사진·오류 기억을 함께 검토
ABF-169,기준본,182,"00:12:00,880 --> 00:12:01,640",0.76,만났을 때?,"초반이라고 해도, 그… 만났을 때부터.",도시락 먹을 때?,중립·혼합형,,,,,25.0,30.0,50.0,78.0,75.0,0.46309,0.0,58.0,0.0,0.0,0.3121,처음 만났을 때와 달리 이제는 서로에게 익숙해졌습니다.,처음 만났을 때와 달리 이제는 서로 많이 편해졌어요.,,33.23,T4,구조검사 통과 시 유지,,49.026248941574934,39.86,P4,회귀검사 통과 시 유지
ABF-169,기준본,183,"00:12:01,640 --> 00:12:01,800",0.16,도시락 먹을 때?,만났을 때?,전철 탔을 때?,중립·혼합형,,,,,25.0,30.0,50.0,78.0,75.0,0.548,0.0,58.0,70.0,0.0,0.1127,엉덩이를 먹을게.,엉덩이도 핥아 줄게.,,43.8,T3,화자·문맥·자연스러움 집중 검토,high_cps,85.35139712108382,61.25,P2,앞뒤 5블록·사진·오류 기억을 함께 검토
ABF-169,기준본,184,"00:12:02,020 --> 00:12:04,560",2.54,전철 탔을 때?,도시락 먹을 때?,응.,중립·혼합형,,,,,25.0,30.0,50.0,78.0,75.0,0.47136,0.0,58.0,0.0,0.0,0.1032,어때? 맛은?,어때? 맛 평가해 줘.,일본어 원문 대조 + 자연스러운 한국어 대사 교정,33.58,T4,구조검사 통과 시 유지,,50.59271803556308,40.73,P3,말투·질문응답·가독성 위주 검토
ABF-169,기준본,185,"00:12:05,280 --> 00:12:05,780",0.5,응.,전철 탔을 때?,전철 같이 탔잖아.,반응형,,,,,25.0,30.0,50.0,78.0,75.0,0.10665,0.0,58.0,0.0,0.0,0.467,"하-, 응.",하아… 응.,,18.26,T4,구조검사 통과 시 유지,,2.8365791701947503,11.78,P4,회귀검사 통과 시 유지
ABF-169,기준본,186,"00:12:06,980 --> 00:12:08,360",1.38,전철 같이 탔잖아.,응.,응.,반응형,,,,,25.0,30.0,50.0,78.0,75.0,0.52386,0.0,58.0,0.0,0.0,0.2767,같이 좀 가요.,그럼 같이 가요.,일본어 원문 대조 + 자연스러운 한국어 대사 교정,35.78,T3,화자·문맥·자연스러움 집중 검토,,57.91701947502117,45.08,P3,말투·질문응답·가독성 위주 검토
ABF-169,기준본,187,"00:12:08,360 --> 00:12:08,580",0.22,응.,전철 같이 탔잖아.,보트 탔을 때?,반응형,,,,,25.0,30.0,50.0,78.0,75.0,0.10752,0.0,58.0,0.0,0.0,0.467,"하-, 응.",하아… 응.,,18.3,T4,구조검사 통과 시 유지,,3.132938187976291,11.93,P4,회귀검사 통과 시 유지
ABF-169,기준본,188,"00:12:11,680 --> 00:12:12,260",0.58,보트 탔을 때?,응.,아이스크림 먹을 때?,중립·혼합형,,,,,25.0,30.0,50.0,78.0,75.0,0.44311,0.0,58.0,0.0,0.0,0.1022,어때? 맛은?,어때? 맛 평가해 줘.,일본어 원문 대조 + 자연스러운 한국어 대사 교정,32.39,T4,구조검사 통과 시 유지,,44.87722269263336,37.63,P4,회귀검사 통과 시 유지
ABF-169,기준본,189,"00:12:14,820 --> 00:12:15,360",0.54,아이스크림 먹을 때?,보트 탔을 때?,아이스크림 먹을 때?,반응형,,,,,25.0,30.0,50.0,78.0,75.0,0.46539,0.0,58.0,25.0,0.0,0.1179,아이.,아…,,35.83,T3,화자·문맥·자연스러움 집중 검토,borderline_cps,58.086367485182045,45.18,P3,말투·질문응답·가독성 위주 검토
ABF-169,기준본,190,"00:12:25,200 --> 00:12:25,840",0.64,아이스크림 먹을 때?,아이스크림 먹을 때?,정확히 어느 타이밍이었나 싶어서.,반응형,,,,,25.0,30.0,50.0,78.0,75.0,0.58394,0.0,58.0,0.0,0.0,0.1179,아이.,아…,,38.31,T3,화자·문맥·자연스러움 집중 검토,,67.6545300592718,50.63,P3,말투·질문응답·가독성 위주 검토
ABF-169,기준본,191,"00:12:25,840 --> 00:12:28,800",2.96,정확히 어느 타이밍이었나 싶어서.,아이스크림 먹을 때?,어디쯤이었어?,반응형,,,,,25.0,30.0,50.0,78.0,75.0,0.72624,0.0,58.0,0.0,0.0,0.1458,어느 것도.,어때?,타임스탬프 사진과 앞뒤 장면으로 대사 기능 복원,44.28,T3,화자·문맥·자연스러움 집중 검토,,86.36748518204911,61.96,P2,앞뒤 5블록·사진·오류 기억을 함께 검토
ABF-169,기준본,192,"00:12:29,060 --> 00:12:29,620",0.56,어디쯤이었어?,정확히 어느 타이밍이었나 싶어서.,모르겠는데.,반응형,,,,,25.0,30.0,50.0,78.0,75.0,0.47168,0.0,58.0,0.0,0.0,0.1352,빨 생각하고 있었어?,아까부터 빨 생각만 했지?,일본어 원문 대조 + 자연스러운 한국어 대사 교정,33.59,T4,구조검사 통과 시 유지,,50.76206604572396,40.8,P3,말투·질문응답·가독성 위주 검토
ABF-169,기준본,193,"00:12:32,660 --> 00:12:33,460",0.8,모르겠는데.,어디쯤이었어?,결국 엄청 얼렁뚱땅 넘어가네.,중립·혼합형,,,,,25.0,30.0,50.0,78.0,75.0,0.40644,0.0,58.0,0.0,0.0,0.2122,어디가 좋은지 모르겠어?,어디가 좋은지 아직 모르겠어?,일본어 원문 대조 + 자연스러운 한국어 대사 교정,30.85,T4,구조검사 통과 시 유지,,39.79678238780694,34.61,P4,회귀검사 통과 시 유지
ABF-169,기준본,194,"00:12:34,100 --> 00:12:36,480",2.38,결국 엄청 얼렁뚱땅 넘어가네.,모르겠는데.,응.,반응형,,,,,25.0,30.0,50.0,78.0,75.0,0.69471,0.0,58.0,0.0,0.0,0.2161,잘 부탁해. 많이 들어가네.,잘 부탁해. 깊이 들어가네.,사진 장면 확인 및 한국어 번역투 교정,42.96,T3,화자·문맥·자연스러움 집중 검토,,82.59949195596951,59.61,P2,앞뒤 5블록·사진·오류 기억을 함께 검토
ABF-169,기준본,195,"00:12:36,480 --> 00:12:36,640",0.16,응.,결국 엄청 얼렁뚱땅 넘어가네.,근데 하고 싶었어.,반응형,,,,,25.0,30.0,50.0,78.0,75.0,0.10956,0.0,58.0,0.0,0.0,0.467,"하-, 응.",하아… 응.,,18.38,T4,구조검사 통과 시 유지,,3.429297205757832,12.1,P4,회귀검사 통과 시 유지
ABF-169,기준본,196,"00:12:37,560 --> 00:12:38,320",0.76,근데 하고 싶었어.,응.,"아, 하고 싶었어.",반응형,,,,,25.0,30.0,50.0,78.0,75.0,0.48373,10.44,58.0,0.0,0.0,0.737,정말 하고 싶었어.,봐도 돼?,일본어 원문 + 타임스탬프 사진 + 장면 연속성,35.98,T3,화자·문맥·자연스러움 집중 검토,,58.34038950042337,45.37,P3,말투·질문응답·가독성 위주 검토
ABF-169,기준본,197,"00:12:38,540 --> 00:12:39,060",0.52,"아, 하고 싶었어.",근데 하고 싶었어.,꽤 대충 말했네.,반응형,,,,,25.0,30.0,50.0,78.0,75.0,0.5319,22.75,58.0,0.0,0.0,0.8396,정말 하고 싶었어.,봐도 돼?,일본어 원문 + 타임스탬프 사진 + 장면 연속성,40.21,T3,화자·문맥·자연스러움 집중 검토,,75.65622353937341,55.1,P3,말투·질문응답·가독성 위주 검토
ABF-169,기준본,198,"00:12:39,740 --> 00:12:40,860",1.12,꽤 대충 말했네.,"아, 하고 싶었어.",응.,반말형,,,,,25.0,30.0,50.0,78.0,75.0,0.47414,0.0,58.0,0.0,0.0,0.3486,대충 알아.,대충 알겠어.,사진 장면 확인 및 한국어 번역투·ASR 오역 교정,33.69,T4,구조검사 통과 시 유지,,51.227773073666384,41.06,P3,말투·질문응답·가독성 위주 검토
ABF-169,기준본,199,"00:12:43,740 --> 00:12:44,060",0.32,응.,꽤 대충 말했네.,하아…,반응형,,,,,25.0,30.0,50.0,78.0,75.0,0.20659,0.0,58.0,0.0,0.0,0.467,"하-, 응.",하아… 응.,,22.46,T4,구조검사 통과 시 유지,,11.51566469093988,17.86,P4,회귀검사 통과 시 유지
ABF-169,기준본,200,"00:12:51,290 --> 00:12:52,090",0.8,하아…,응.,또 잔뜩 섰네.,반응형,,,,,25.0,30.0,50.0,78.0,75.0,0.36893,42.0,58.0,0.0,0.0,1.0,하아…,보여 줘.,일본어 원문 + 타임스탬프 사진 + 장면 연속성,36.84,T3,화자·문맥·자연스러움 집중 검토,,62.15071972904318,47.47,P3,말투·질문응답·가독성 위주 검토
ABF-169,기준본,201,"00:12:56,050 --> 00:12:57,190",1.14,또 잔뜩 섰네.,하아…,서 있네.,반말형,,,,,25.0,30.0,50.0,78.0,75.0,0.73645,0.0,58.0,0.0,0.0,0.3383,잔뜩 쌀 거야.,걱정 마.,화면 영문 자막 대조,44.71,T3,화자·문맥·자연스러움 집중 검토,,87.72226926333616,62.78,P2,앞뒤 5블록·사진·오류 기억을 함께 검토
ABF-169,기준본,202,"00:12:57,890 --> 00:12:58,330",0.44,서 있네.,또 잔뜩 섰네.,계속 빳빳하게 서 있네.,반말형,,,,,25.0,30.0,50.0,78.0,75.0,0.61812,0.0,58.0,0.0,0.0,0.65,유두가 서 있네.,젖꼭지가 딱 섰네.,,39.74,T3,화자·문맥·자연스러움 집중 검토,,73.37002540220152,53.86,P3,말투·질문응답·가독성 위주 검토
ABF-169,기준본,203,"00:12:58,370 --> 00:12:59,990",1.62,계속 빳빳하게 서 있네.,서 있네.,M 성향이 어느 정도야?,반말형,,,,,25.0,30.0,50.0,78.0,75.0,0.85277,0.0,58.0,0.0,0.0,0.3386,유두가 서 있네.,젖꼭지가 딱 섰네.,,49.6,T3,화자·문맥·자연스러움 집중 검토,,97.0364098221846,69.52,P2,앞뒤 5블록·사진·오류 기억을 함께 검토
ABF-169,기준본,204,"00:13:30,560 --> 00:13:31,620",1.06,M 성향이 어느 정도야?,계속 빳빳하게 서 있네.,어? 어느 정도?,반응형,,,,,25.0,30.0,50.0,78.0,75.0,0.81853,0.0,58.0,0.0,0.0,0.5299,지금 속도가 어느 정도야?,지금 속도가 얼마나 되지?,일본어 원문 대조 + 자연스러운 한국어 대사 교정,48.16,T3,화자·문맥·자연스러움 집중 검토,,94.91955969517359,67.8,P2,앞뒤 5블록·사진·오류 기억을 함께 검토
ABF-169,기준본,205,"00:13:34,180 --> 00:13:35,380",1.2,어? 어느 정도?,M 성향이 어느 정도야?,여기에 손만 닿아도 흥분하는 정도인지.,반응형,,,,,25.0,30.0,50.0,78.0,75.0,0.61982,0.0,58.0,0.0,0.0,0.2998,평소에 어느 정도 하는 거야?,평소엔 얼마나 자주 해?,일본어 원문 대조 + 자연스러운 한국어 대사 교정,39.81,T3,화자·문맥·자연스러움 집중 검토,,73.92040643522438,54.14,P3,말투·질문응답·가독성 위주 검토
ABF-169,기준본,206,"00:13:35,680 --> 00:13:38,100",2.42,여기에 손만 닿아도 흥분하는 정도인지.,어? 어느 정도?,응.,반응형,,,,,25.0,30.0,50.0,78.0,75.0,0.76503,0.0,58.0,0.0,0.0,0.1593,여기에.,갑자기 여기서…,타임스탬프 사진과 앞뒤 장면으로 대사 기능 복원,45.91,T3,화자·문맥·자연스러움 집중 검토,,90.64352243861134,64.7,P2,앞뒤 5블록·사진·오류 기억을 함께 검토
ABF-169,기준본,207,"00:13:38,100 --> 00:13:38,420",0.32,응.,여기에 손만 닿아도 흥분하는 정도인지.,어떤 느낌일까 싶어서.,반응형,,,,,25.0,30.0,50.0,78.0,75.0,0.10912,0.0,58.0,0.0,0.0,0.467,"하-, 응.",하아… 응.,,18.36,T4,구조검사 통과 시 유지,,3.302286198137172,12.04,P4,회귀검사 통과 시 유지
ABF-169,기준본,208,"00:13:41,340 --> 00:13:43,040",1.7,어떤 느낌일까 싶어서.,응.,하고 싶어.,반응형,,,,,25.0,30.0,50.0,78.0,75.0,0.48755,0.0,58.0,0.0,0.0,0.1808,후와 씨와 어떤 졸업을 맞고 싶어요?,후우아 씨와 어떤 식으로 첫 경험을 마무리하고 싶어요?,이름 및 질문 문장 자연화,34.26,T4,구조검사 통과 시 유지,,53.09060118543607,42.17,P3,말투·질문응답·가독성 위주 검토
ABF-169,기준본,209,"00:13:43,600 --> 00:13:46,630",3.03,하고 싶어.,어떤 느낌일까 싶어서.,응?,반응형,,,,,25.0,30.0,50.0,78.0,75.0,0.33238,1.84,58.0,0.0,0.0,0.6653,그래도 계속 하고 싶어.,그래도 계속하고 싶어.,손상된 일본어 ASR + 타임스탬프 사진 + 앞뒤 문맥 추론,28.07,T4,구조검사 통과 시 유지,,27.942421676545298,28.02,P4,회귀검사 통과 시 유지
ABF-169,기준본,210,"00:13:47,290 --> 00:13:47,410",0.12,응?,하고 싶어.,그런 표정 짓고 있으니까.,반응형,,,,,25.0,30.0,50.0,78.0,75.0,0.19415,0.0,58.0,25.0,0.0,0.42,응? 잠깐 기다려…,응? 잠깐만…,일본어 원문 대조 + 자연스러운 한국어 대사 교정,24.43,T4,구조검사 통과 시 유지,borderline_cps,16.93480101608806,21.28,P4,회귀검사 통과 시 유지
ABF-169,기준본,211,"00:13:47,510 --> 00:13:48,530",1.02,그런 표정 짓고 있으니까.,응?,응.,반응형,,,,,25.0,30.0,50.0,78.0,75.0,0.61021,0.0,58.0,0.0,0.0,0.2038,세게 깨물었으니까.,어느 쪽부터 베어 먹었을까?,,39.41,T3,화자·문맥·자연스러움 집중 검토,,72.22692633361558,53.19,P3,말투·질문응답·가독성 위주 검토
ABF-169,기준본,212,"00:14:14,880 --> 00:14:15,240",0.36,응.,그런 표정 짓고 있으니까.,응.,반응형,,,,,25.0,30.0,50.0,78.0,75.0,0.09284,0.0,58.0,0.0,0.0,0.467,"하-, 응.",하아… 응.,,17.68,T4,구조검사 통과 시 유지,,2.2861981371718882,11.21,P4,회귀검사 통과 시 유지
ABF-169,기준본,213,"00:14:20,540 --> 00:14:20,780",0.24,응.,응.,맛있어.,반응형,,,,,25.0,30.0,50.0,78.0,75.0,0.08527,0.0,58.0,0.0,0.0,0.467,"하-, 응.",하아… 응.,,17.36,T4,구조검사 통과 시 유지,,1.947502116850127,10.89,P4,회귀검사 통과 시 유지
ABF-169,기준본,214,"00:14:20,780 --> 00:14:21,160",0.38,맛있어.,응.,응…,반응형,,,,,25.0,30.0,50.0,78.0,75.0,0.29449,8.84,58.0,0.0,0.0,0.7237,"음-, 맛있어.",음… 맛있어.,,27.74,T4,구조검사 통과 시 유지,,26.587637595258258,27.26,P4,회귀검사 통과 시 유지
ABF-169,기준본,215,"00:14:21,560 --> 00:14:23,780",2.22,응…,맛있어.,음…,반응형,,,,,25.0,30.0,50.0,78.0,75.0,0.18998,0.0,58.0,0.0,0.0,0.3671,응… [안전상 번역 불가]…,응… [불명]…,,21.76,T4,구조검사 통과 시 유지,,9.568162574089754,16.64,P4,회귀검사 통과 시 유지
ABF-169,기준본,216,"00:14:39,520 --> 00:14:40,400",0.88,음…,응…,음…,중립·혼합형,,,,,25.0,30.0,50.0,78.0,75.0,0.06959,0.0,58.0,0.0,0.0,0.0945,음...,음…,,16.7,T4,구조검사 통과 시 유지,,1.1430990685859441,10.17,P4,회귀검사 통과 시 유지
ABF-169,기준본,217,"00:14:40,620 --> 00:14:42,440",1.82,음…,음…,음…,중립·혼합형,,,,,25.0,30.0,50.0,78.0,75.0,0.05284,0.0,58.0,0.0,30.0,0.0945,음...,음…,,18.4,T4,구조검사 통과 시 유지,triple_identical_run,3.6409822184589333,12.2,P4,회귀검사 통과 시 유지
ABF-169,기준본,218,"00:14:43,020 --> 00:14:43,080",0.06,음…,음…,음…,중립·혼합형,,,,,25.0,30.0,50.0,78.0,75.0,0.06059,0.0,58.0,70.0,30.0,0.0945,음...,음…,,25.72,T4,구조검사 통과 시 유지,high_cps;triple_identical_run,20.999153259949196,23.74,P4,회귀검사 통과 시 유지
ABF-169,기준본,219,"00:14:43,080 --> 00:14:43,200",0.12,음…,음…,좋네. 이렇게 마음껏 섹스할 수 있으니까.,중립·혼합형,,,,,25.0,30.0,50.0,78.0,75.0,0.11215,0.0,58.0,25.0,0.0,0.0945,음...,음…,,20.99,T4,구조검사 통과 시 유지,borderline_cps,7.790008467400508,15.45,P4,회귀검사 통과 시 유지
ABF-169,기준본,220,"00:14:43,200 --> 00:14:45,000",1.8,좋네. 이렇게 마음껏 섹스할 수 있으니까.,음…,응.,반말형,,,,,25.0,30.0,50.0,78.0,75.0,0.75772,0.0,58.0,0.0,0.0,0.33,좋네.,좋아.,일본어 원문 대조 + 자연스러운 한국어 대사 교정,45.6,T3,화자·문맥·자연스러움 집중 검토,,90.1354784081287,64.3,P2,앞뒤 5블록·사진·오류 기억을 함께 검토
ABF-169,기준본,221,"00:14:45,260 --> 00:14:45,400",0.14,응.,좋네. 이렇게 마음껏 섹스할 수 있으니까.,음…,반응형,,,,,25.0,30.0,50.0,78.0,75.0,0.11848,0.0,58.0,0.0,0.0,0.467,"하-, 응.",하아… 응.,,18.76,T4,구조검사 통과 시 유지,,4.657070279424217,12.84,P4,회귀검사 통과 시 유지
ABF-169,기준본,222,"00:14:47,500 --> 00:14:48,160",0.66,음…,응.,촬영이긴 해도.,중립·혼합형,,,,,25.0,30.0,50.0,78.0,75.0,0.10233,0.0,58.0,0.0,0.0,0.0945,음...,음…,,18.08,T4,구조검사 통과 시 유지,,2.5402201524132093,11.55,P4,회귀검사 통과 시 유지
ABF-169,기준본,223,"00:14:51,600 --> 00:14:52,860",1.26,촬영이긴 해도.,음…,"아, 삐져나왔어.",반말형,,,,,25.0,30.0,50.0,78.0,75.0,0.37951,42.0,58.0,0.0,0.0,1.0,촬영이긴 해도.,촬영 중이긴 하지만 말이야.,,37.28,T3,화자·문맥·자연스러움 집중 검토,,64.43691786621507,48.69,P3,말투·질문응답·가독성 위주 검토
ABF-169,기준본,224,"00:15:11,000 --> 00:15:12,560",1.56,"아, 삐져나왔어.",촬영이긴 해도.,빠르지 않아?,반응형,,,,,25.0,30.0,50.0,78.0,75.0,0.51489,0.0,58.0,0.0,0.0,0.2452,"아, 아, 아, 아, 아, 아, 아,","아, 아, 아, 아, 아, 아, 아",,35.41,T3,화자·문맥·자연스러움 집중 검토,,56.60457239627434,44.31,P3,말투·질문응답·가독성 위주 검토
ABF-169,기준본,225,"00:15:13,620 --> 00:15:14,300",0.68,빠르지 않아?,"아, 삐져나왔어.",이미 나와 있었어.,반응형,,,,,25.0,30.0,50.0,78.0,75.0,0.37237,0.0,58.0,0.0,0.0,0.5979,빠르지 않아? 아까도 힘이 빠졌잖아.,너무 빠르지 않아? 아까도 한 번 갔잖아.,사진 장면 확인 및 한국어 번역투·ASR 오역 교정,29.42,T4,구조검사 통과 시 유지,,33.95427603725656,31.32,P4,회귀검사 통과 시 유지
ABF-169,기준본,226,"00:15:15,180 --> 00:15:15,940",0.76,이미 나와 있었어.,빠르지 않아?,속옷 귀엽다.,반응형,,,,,25.0,30.0,50.0,78.0,75.0,0.59563,0.0,58.0,0.0,0.0,0.5319,누워 있었어.,더 뿜어봐.,,38.8,T3,화자·문맥·자연스러움 집중 검토,,69.26333615580018,51.59,P3,말투·질문응답·가독성 위주 검토
ABF-169,기준본,227,"00:15:17,360 --> 00:15:18,740",1.38,속옷 귀엽다.,이미 나와 있었어.,핑크.,중립·혼합형,,,,,25.0,30.0,50.0,78.0,75.0,0.49515,0.0,58.0,0.0,0.0,0.1358,귀엽네.,그냥 벗었을 뿐이야.,일본어 원문 + 타임스탬프 사진 + 장면 연속성,34.58,T4,구조검사 통과 시 유지,,54.27603725656224,42.85,P3,말투·질문응답·가독성 위주 검토
ABF-169,기준본,228,"00:15:19,080 --> 00:15:20,200",1.12,핑크.,속옷 귀엽다.,젖꼭지가 연분홍색이네.,중립·혼합형,,,,,25.0,30.0,50.0,78.0,75.0,0.27273,0.0,58.0,0.0,0.0,0.0051,안 돼.,"네, 놀랐어요.",타임스탬프 사진과 앞뒤 장면으로 대사 기능 복원,25.23,T4,구조검사 통과 시 유지,,19.30567315834039,22.74,P4,회귀검사 통과 시 유지
ABF-169,기준본,229,"00:15:20,780 --> 00:15:22,200",1.42,젖꼭지가 연분홍색이네.,핑크.,갑자기 뭘 그렇게 부끄러워해?,반말형,,,,,25.0,30.0,50.0,78.0,79.0,0.64503,0.0,58.0,0.0,0.0,0.1096,끝이네.,다 했어?,일본어 원문 대조 + 자연스러운 한국어 대사 교정,41.11,T3,화자·문맥·자연스러움 집중 검토,,77.90008467400507,56.56,P3,말투·질문응답·가독성 위주 검토
ABF-169,기준본,230,"00:15:24,940 --> 00:15:26,540",1.6,갑자기 뭘 그렇게 부끄러워해?,젖꼭지가 연분홍색이네.,오랜만에 보는데…,반말형,,,,,25.0,30.0,50.0,78.0,75.0,0.60898,0.0,58.0,0.0,0.0,0.2813,"하아, 부끄러워.",부끄러워? 팬티도 벗어야지.,일본어 원문 + 타임스탬프 사진 + 장면 연속성,39.36,T3,화자·문맥·자연스러움 집중 검토,,71.88823031329382,53.02,P3,말투·질문응답·가독성 위주 검토
ABF-169,기준본,231,"00:15:51,440 --> 00:15:52,960",1.52,오랜만에 보는데…,갑자기 뭘 그렇게 부끄러워해?,너무 가까워?,중립·혼합형,,,,,25.0,30.0,50.0,78.0,75.0,0.47594,0.0,58.0,0.0,0.0,0.1933,오랜만이네...,오랜만이네…,,33.77,T4,구조검사 통과 시 유지,,51.651143099068584,41.28,P3,말투·질문응답·가독성 위주 검토
ABF-169,기준본,232,"00:16:01,620 --> 00:16:02,340",0.72,너무 가까워?,오랜만에 보는데…,젖꼭지 모공까지 보고 싶잖아.,중립·혼합형,,,,,25.0,30.0,50.0,78.0,75.0,0.52056,0.0,58.0,0.0,0.0,0.2444,귀여워. 가까워.,귀여워. 너무 가까워.,일본어 원문 대조 + 자연스러운 한국어 대사 교정,35.64,T3,화자·문맥·자연스러움 집중 검토,,57.53598645215918,44.84,P3,말투·질문응답·가독성 위주 검토
ABF-169,기준본,233,"00:16:04,400 --> 00:16:07,340",2.94,젖꼭지 모공까지 보고 싶잖아.,너무 가까워?,가슴이 너무 팽팽해서 좀…,반응형,,,,,25.0,30.0,50.0,78.0,79.0,0.84381,0.0,58.0,0.0,0.0,0.1538,잘 보고 있어...,잘 보고 있어…,,49.46,T3,화자·문맥·자연스러움 집중 검토,,96.69771380186283,69.3,P2,앞뒤 5블록·사진·오류 기억을 함께 검토
ABF-169,기준본,234,"00:16:07,340 --> 00:16:10,880",3.54,가슴이 너무 팽팽해서 좀…,젖꼭지 모공까지 보고 싶잖아.,동그란 게 귀여워.,반말형,,,,,25.0,30.0,50.0,78.0,79.0,0.80143,0.0,58.0,0.0,0.0,0.1768,정말 예쁜 가슴이네...,정말 예쁜 가슴이네…,,47.68,T3,화자·문맥·자연스러움 집중 검토,,93.98814563928873,67.13,P2,앞뒤 5블록·사진·오류 기억을 함께 검토
ABF-169,기준본,235,"00:16:20,080 --> 00:16:21,120",1.04,동그란 게 귀여워.,가슴이 너무 팽팽해서 좀…,자지만 보고 있잖아.,중립·혼합형,,,,,25.0,30.0,50.0,78.0,75.0,0.60861,0.0,58.0,0.0,0.0,0.5623,엄청 귀여워.,매일 목욕해.,일본어 원문 + 타임스탬프 사진 + 장면 연속성,39.34,T3,화자·문맥·자연스러움 집중 검토,,71.71888230313293,52.94,P3,말투·질문응답·가독성 위주 검토
ABF-169,기준본,236,"00:16:21,480 --> 00:16:22,560",1.08,자지만 보고 있잖아.,동그란 게 귀여워.,바지 벗자마자…,반응형,,,,,25.0,30.0,50.0,78.0,75.0,0.65603,0.0,58.0,0.0,0.0,0.54,서 있잖아.,완전히 서 있잖아.,일본어 원문 대조 + 자연스러운 한국어 대사 교정,41.33,T3,화자·문맥·자연스러움 집중 검토,,78.45046570702794,56.92,P3,말투·질문응답·가독성 위주 검토
ABF-169,기준본,237,"00:16:32,700 --> 00:16:35,480",2.78,바지 벗자마자…,자지만 보고 있잖아.,계속 아래만 보고 있잖아.,반말형,,,,,25.0,30.0,50.0,78.0,75.0,0.55517,0.0,58.0,0.0,0.0,0.0459,벗으면 안 돼.,여기서 벗으면 안 돼.,일본어 원문 대조 + 자연스러운 한국어 대사 교정,37.1,T3,화자·문맥·자연스러움 집중 검토,,63.42082980524979,48.15,P3,말투·질문응답·가독성 위주 검토
ABF-169,기준본,238,"00:16:49,720 --> 00:17:01,840",12.12,계속 아래만 보고 있잖아.,바지 벗자마자…,남 말 할 처지가 아니네.,반응형,,,,,25.0,30.0,50.0,78.0,75.0,0.80163,0.0,58.0,0.0,0.0,0.4645,서 있잖아.,완전히 서 있잖아.,일본어 원문 대조 + 자연스러운 한국어 대사 교정,47.45,T3,화자·문맥·자연스러움 집중 검토,,93.4801016088061,66.78,P2,앞뒤 5블록·사진·오류 기억을 함께 검토
ABF-169,기준본,239,"00:17:33,680 --> 00:17:35,900",2.22,남 말 할 처지가 아니네.,계속 아래만 보고 있잖아.,귀엽다.,반응형,,,,,25.0,30.0,50.0,78.0,75.0,0.76386,0.0,58.0,0.0,0.0,0.2945,오~ 대박 대박 대박. 장난 아니네.,오… 대박 대박 대박. 장난 아니네.,,45.86,T3,화자·문맥·자연스러움 집중 검토,,90.51651143099069,64.62,P2,앞뒤 5블록·사진·오류 기억을 함께 검토
ABF-169,기준본,240,"00:17:41,220 --> 00:17:42,080",0.86,귀엽다.,남 말 할 처지가 아니네.,오늘은 거의 쉬는 날 같은 분위기니까.,중립·혼합형,,,,,25.0,30.0,50.0,78.0,75.0,0.40593,0.0,58.0,0.0,0.0,0.1707,귀엽네.,그냥 벗었을 뿐이야.,일본어 원문 + 타임스탬프 사진 + 장면 연속성,30.83,T4,구조검사 통과 시 유지,,39.66977138018628,34.54,P4,회귀검사 통과 시 유지
ABF-169,기준본,241,"00:17:52,400 --> 00:17:54,980",2.58,오늘은 거의 쉬는 날 같은 분위기니까.,귀엽다.,그래도 촬영 중이니까 카메라 잘 봐줘.,중립·혼합형,,,,,25.0,30.0,50.0,78.0,75.0,0.84445,0.0,58.0,0.0,0.0,0.2238,그럼 오늘은 잘 먹었어.,그럼 오늘은 잘 먹었어요.,식사 후 인사말 자연화,49.25,T3,화자·문맥·자연스러움 집중 검토,,96.52836579170194,69.11,P2,앞뒤 5블록·사진·오류 기억을 함께 검토
ABF-169,기준본,242,"00:17:56,300 --> 00:18:00,220",3.92,그래도 촬영 중이니까 카메라 잘 봐줘.,오늘은 거의 쉬는 날 같은 분위기니까.,음… 음… 음… 음… 음…,중립·혼합형,,,,,25.0,30.0,50.0,78.0,75.0,0.77951,0.0,58.0,0.0,0.0,0.3485,카메라 보고 말해 봐.,카메라 보고 얘기해 봐.,일본어 원문 대조 + 자연스러운 한국어 대사 교정,46.52,T3,화자·문맥·자연스러움 집중 검토,,91.78662150719728,65.53,P2,앞뒤 5블록·사진·오류 기억을 함께 검토
ABF-169,기준본,243,"00:18:40,060 --> 00:18:56,960",16.9,음… 음… 음… 음… 음…,그래도 촬영 중이니까 카메라 잘 봐줘.,음… 음…,중립·혼합형,,,,,25.0,30.0,50.0,78.0,75.0,0.25664,24.0,58.0,0.0,0.0,0.0945,음...,음…,,28.88,T4,구조검사 통과 시 유지,token_repetition,31.710414902624894,30.07,P4,회귀검사 통과 시 유지
ABF-169,기준본,244,"00:19:01,680 --> 00:19:04,920",3.24,음… 음…,음… 음… 음… 음… 음…,이렇게 세게 하는 게 좋아?,중립·혼합형,,,,,25.0,30.0,50.0,78.0,75.0,0.18071,0.0,58.0,0.0,0.0,0.0945,음...,음…,,21.37,T4,구조검사 통과 시 유지,,8.721422523285352,16.06,P4,회귀검사 통과 시 유지
ABF-169,기준본,245,"00:19:12,090 --> 00:19:14,070",1.98,이렇게 세게 하는 게 좋아?,음… 음…,얼마나 세게 해줄까?,반응형,,,,,25.0,30.0,50.0,78.0,75.0,0.58215,0.0,58.0,0.0,0.0,0.3942,나는 이렇게 하는 편이야.,나는 이렇게 만지는 편이야.,손상된 일본어 ASR + 타임스탬프 사진 + 앞뒤 문맥 추론,38.23,T3,화자·문맥·자연스러움 집중 검토,,67.40050804403049,50.48,P3,말투·질문응답·가독성 위주 검토
ABF-169,기준본,246,"00:19:18,150 --> 00:19:19,510",1.36,얼마나 세게 해줄까?,이렇게 세게 하는 게 좋아?,이 정도?,반말형,,,,,25.0,30.0,50.0,78.0,75.0,0.59405,0.05,58.0,0.0,25.0,0.6504,해줄까?,해 줄까?,,40.74,T3,화자·문맥·자연스러움 집중 검토,question_answer_checksum,76.8839966130398,55.92,P3,말투·질문응답·가독성 위주 검토
ABF-169,기준본,247,"00:19:22,150 --> 00:19:22,830",0.68,이 정도?,얼마나 세게 해줄까?,"아, 기분 좋아.",중립·혼합형,,,,,25.0,30.0,50.0,78.0,75.0,0.33995,0.0,58.0,0.0,0.0,0.1731,그다음도 이 정도가 딱 좋아.,그 정도 깊이가 딱 좋아.,손상된 일본어 ASR + 타임스탬프 사진 + 앞뒤 문맥 추론,28.06,T4,구조검사 통과 시 유지,,27.77307366638442,27.94,P4,회귀검사 통과 시 유지
ABF-169,기준본,248,"00:19:48,360 --> 00:19:49,980",1.62,"아, 기분 좋아.",이 정도?,"아, 기분 좋아.",반응형,,,,,25.0,30.0,50.0,78.0,75.0,0.2903,26.96,58.0,0.0,0.0,0.8747,기분 좋아.,"아, 좋아.",화면 영문 자막 대조,30.82,T4,구조검사 통과 시 유지,,39.542760372565624,34.48,P4,회귀검사 통과 시 유지
ABF-169,기준본,249,"00:19:50,660 --> 00:20:29,430",38.77,"아, 기분 좋아.","아, 기분 좋아.",후후후,반응형,,,,,25.0,30.0,50.0,78.0,75.0,0.43025,26.96,58.0,0.0,0.0,0.8747,기분 좋아.,"아, 좋아.",화면 영문 자막 대조,36.7,T3,화자·문맥·자연스러움 집중 검토,,61.47332768839966,47.1,P3,말투·질문응답·가독성 위주 검토
ABF-169,기준본,250,"00:20:45,160 --> 00:20:45,880",0.72,후후후,"아, 기분 좋아.",다시 움직여볼까?,중립·혼합형,,,,,25.0,30.0,50.0,78.0,75.0,0.22444,0.0,58.0,0.0,0.0,0.3862,"후후후, 어서 와.","후후후, 차가워!",손상된 일본어 ASR + 타임스탬프 사진 + 앞뒤 문맥 추론,23.21,T4,구조검사 통과 시 유지,,13.632514817950888,19.19,P4,회귀검사 통과 시 유지
ABF-169,기준본,251,"00:21:00,840 --> 00:21:01,860",1.02,다시 움직여볼까?,후후후,그건 아니야.,중립·혼합형,,,,,25.0,30.0,50.0,78.0,79.0,0.73366,0.0,58.0,0.0,0.0,0.2591,두 번째 자세로 바꿔 다시 움직여요.,두 번째 자세로 바꿔서 다시 움직여요.,자세 전환 문장 자연화,44.83,T3,화자·문맥·자연스러움 집중 검토,,88.18797629127857,63.04,P2,앞뒤 5블록·사진·오류 기억을 함께 검토
ABF-169,기준본,252,"00:21:01,920 --> 00:21:02,700",0.78,그건 아니야.,다시 움직여볼까?,"음-, 싫어.",반응형,,,,,25.0,30.0,50.0,78.0,75.0,0.39993,0.0,58.0,0.0,0.0,0.4057,그건 안 돼.,여기로 와.,일본어 원문 + 타임스탬프 사진 + 장면 연속성,30.58,T4,구조검사 통과 시 유지,,38.39966130397968,33.86,P4,회귀검사 통과 시 유지
ABF-169,기준본,253,"00:21:02,700 --> 00:21:04,520",1.82,"음-, 싫어.",그건 아니야.,야해.,반응형,,,,,25.0,30.0,50.0,78.0,75.0,0.46712,42.0,58.0,0.0,0.0,1.0,"음-, 싫어.",음… 싫어.,,40.96,T3,화자·문맥·자연스러움 집중 검토,,77.39204064352244,56.26,P3,말투·질문응답·가독성 위주 검토
ABF-169,기준본,254,"00:21:38,320 --> 00:21:55,700",17.38,야해.,"음-, 싫어.",이런 거?,반말형,,,,,25.0,30.0,50.0,78.0,75.0,0.21927,0.0,58.0,0.0,0.0,0.0946,대단해.,기분 좋네.,일본어 원문 + 타임스탬프 사진 + 장면 연속성,22.99,T4,구조검사 통과 시 유지,,13.039796782387809,18.81,P4,회귀검사 통과 시 유지
ABF-169,기준본,255,"00:21:59,860 --> 00:22:00,940",1.08,이런 거?,야해.,더?,중립·혼합형,,,,,25.0,30.0,50.0,78.0,75.0,0.3767,0.0,58.0,0.0,0.0,0.4211,어떻게 먹는 거?,어떤 식으로?,일본어 원문 대조 + 자연스러운 한국어 대사 교정,29.6,T4,구조검사 통과 시 유지,,34.20829805249788,31.54,P4,회귀검사 통과 시 유지
ABF-169,기준본,256,"00:22:04,970 --> 00:22:05,600",0.63,더?,이런 거?,"음-, 왜 그래?",중립·혼합형,,,,,25.0,30.0,50.0,78.0,75.0,0.228,0.0,58.0,0.0,0.0,0.0761,"더, 더, 더...","더, 더, 더…",,23.36,T4,구조검사 통과 시 유지,,14.055884843353091,19.45,P4,회귀검사 통과 시 유지
ABF-169,기준본,257,"00:22:20,280 --> 00:22:33,610",13.33,"음-, 왜 그래?",더?,아팠어?,중립·혼합형,,,,,25.0,30.0,50.0,78.0,75.0,0.55837,42.0,58.0,0.0,0.0,1.0,"음-, 왜 그래?",음… 왜 그래?,,44.79,T3,화자·문맥·자연스러움 집중 검토,,87.97629127857748,62.93,P2,앞뒤 5블록·사진·오류 기억을 함께 검토
ABF-169,기준본,258,"00:22:35,330 --> 00:22:35,930",0.6,아팠어?,"음-, 왜 그래?",아까부터 계속 닿아서 아팠어?,반응형,,,,,25.0,30.0,50.0,78.0,75.0,0.22157,0.0,58.0,0.0,0.0,0.0977,없어?,진짜로?,일본어 원문 대조 + 자연스러운 한국어 대사 교정,23.09,T4,구조검사 통과 시 유지,,13.209144792548688,18.94,P4,회귀검사 통과 시 유지
ABF-169,기준본,259,"00:22:40,310 --> 00:22:44,230",3.92,아까부터 계속 닿아서 아팠어?,아팠어?,신경 쓰였어?,반응형,,,,,25.0,30.0,50.0,78.0,75.0,0.61119,0.0,58.0,0.0,0.0,0.2668,아까부터 물어봤잖아. 이렇게나 많이...,아까부터 물어봤잖아. 이렇게나 많이…,,39.45,T3,화자·문맥·자연스러움 집중 검토,,72.56562235393734,53.36,P3,말투·질문응답·가독성 위주 검토
ABF-169,기준본,260,"00:22:46,310 --> 00:22:48,350",2.04,신경 쓰였어?,아까부터 계속 닿아서 아팠어?,아직 참아.,반응형,,,,,25.0,30.0,50.0,78.0,75.0,0.4267,0.0,58.0,0.0,0.0,0.1705,"- 아, 죄송해요. 농담이었어요. 신경 쓰지 마세요. - 좋아요.",- 죄송해요. 농담이었어요. 신경 쓰지 마세요. - 좋아요.,화자 분리 및 대화 호흡 교정,31.7,T4,구조검사 통과 시 유지,,42.464013547840814,36.22,P4,회귀검사 통과 시 유지
ABF-169,기준본,261,"00:22:54,960 --> 00:22:56,140",1.18,아직 참아.,신경 쓰였어?,음…,반응형,,,,,25.0,30.0,50.0,78.0,75.0,0.39926,0.0,58.0,0.0,0.0,0.3007,아직 더...,아직 더…,,30.55,T4,구조검사 통과 시 유지,,38.230313293818796,33.78,P4,회귀검사 통과 시 유지
ABF-169,기준본,262,"00:23:06,550 --> 00:23:07,690",1.14,음…,아직 참아.,읏.,중립·혼합형,,,,,25.0,30.0,50.0,78.0,75.0,0.10731,0.0,58.0,0.0,0.0,0.0945,음...,음…,,18.29,T4,구조검사 통과 시 유지,,3.048264182895851,11.89,P4,회귀검사 통과 시 유지
ABF-169,기준본,263,"00:23:34,290 --> 00:23:36,050",1.76,읏.,음…,"응? 왜, 왜 그래?",중립·혼합형,,,,,25.0,30.0,50.0,78.0,75.0,0.20019,0.0,58.0,0.0,0.0,0.2798,-읏.,읏.,,22.19,T4,구조검사 통과 시 유지,,10.96528365791702,17.48,P4,회귀검사 통과 시 유지
ABF-169,기준본,264,"00:23:36,490 --> 00:23:38,050",1.56,"응? 왜, 왜 그래?",읏.,싫어?,반응형,,,,,25.0,30.0,50.0,78.0,75.0,0.4684,0.0,58.0,0.0,0.0,0.5107,"음-, 왜 그래?",음… 왜 그래?,,33.45,T4,구조검사 통과 시 유지,,49.87298899237934,40.35,P3,말투·질문응답·가독성 위주 검토
ABF-169,기준본,265,"00:23:38,390 --> 00:23:39,430",1.04,싫어?,"응? 왜, 왜 그래?",후후후,반응형,,,,,25.0,30.0,50.0,78.0,75.0,0.28078,0.0,58.0,0.0,0.0,0.4744,다리 예쁘단 말 듣는 거 싫어?,다리 예쁘다는 말 싫어?,일본어 원문 대조 + 자연스러운 한국어 대사 교정,25.57,T4,구조검사 통과 시 유지,,20.40643522438611,23.4,P4,회귀검사 통과 시 유지
ABF-169,기준본,266,"00:23:39,830 --> 00:23:41,430",1.6,후후후,싫어?,미끄러져서 들어가 버려.,중립·혼합형,,,,,25.0,30.0,50.0,78.0,75.0,0.3879,0.0,58.0,0.0,0.0,0.3862,"후후후, 어서 와.","후후후, 차가워!",손상된 일본어 ASR + 타임스탬프 사진 + 앞뒤 문맥 추론,30.07,T4,구조검사 통과 시 유지,,36.24047417442845,32.66,P4,회귀검사 통과 시 유지
ABF-169,기준본,267,"00:23:45,370 --> 00:23:46,950",1.58,미끄러져서 들어가 버려.,후후후,우읏…,반응형,,,,,25.0,30.0,50.0,78.0,75.0,0.73449,0.0,58.0,0.0,0.0,0.5152,"하아, 들어가 버려.",하아… 들어가.,일본어 원문 대조 + 자연스러운 한국어 대사 교정,44.63,T3,화자·문맥·자연스러움 집중 검토,,87.3835732430144,62.59,P2,앞뒤 5블록·사진·오류 기억을 함께 검토
ABF-169,기준본,268,"00:23:49,290 --> 00:23:51,110",1.82,우읏…,미끄러져서 들어가 버려.,왜 그래?,중립·혼합형,,,,,25.0,30.0,50.0,78.0,75.0,0.35037,0.0,58.0,0.0,0.0,0.0508,우와~ 우와우와야. 우와.,우와… 우와우와야. 우와.,,28.5,T4,구조검사 통과 시 유지,,30.44030482641829,29.31,P4,회귀검사 통과 시 유지
ABF-169,기준본,269,"00:23:57,720 --> 00:23:59,100",1.38,왜 그래?,우읏…,엄청 비벼대네.,중립·혼합형,,,,,25.0,30.0,50.0,78.0,75.0,0.49488,7.73,58.0,0.0,0.0,0.7144,"음-, 왜 그래?",음… 왜 그래?,,35.96,T3,화자·문맥·자연스러움 집중 검토,,58.25571549534293,45.32,P3,말투·질문응답·가독성 위주 검토
ABF-169,기준본,270,"00:24:18,170 --> 00:24:19,410",1.24,엄청 비벼대네.,왜 그래?,질척거리는 소리 나네. 좋다.,반말형,,,,,25.0,30.0,50.0,78.0,75.0,0.50489,0.0,58.0,0.0,0.0,0.2424,엄청 적극적으로 들이대네.,바로 위로 올라타네.,,34.99,T4,구조검사 통과 시 유지,,55.673158340389506,43.68,P3,말투·질문응답·가독성 위주 검토
ABF-169,기준본,271,"00:24:25,690 --> 00:24:35,320",9.63,질척거리는 소리 나네. 좋다.,엄청 비벼대네.,"아, 잘하네.",반말형,,,,,25.0,30.0,50.0,78.0,75.0,0.66014,0.0,58.0,0.0,0.0,0.1572,그런 소리 하지 마...,그런 소리 하지 마…,,41.51,T3,화자·문맥·자연스러움 집중 검토,,79.04318374259103,57.27,P3,말투·질문응답·가독성 위주 검토
ABF-169,기준본,272,"00:24:52,460 --> 00:24:58,800",6.34,"아, 잘하네.",질척거리는 소리 나네. 좋다.,"아, 잘하네.",반응형,,,,,25.0,30.0,50.0,78.0,75.0,0.29793,5.3,58.0,0.0,0.0,0.6942,"아, 잘하네...","아, 잘하네…",,27.25,T4,구조검사 통과 시 유지,,25.23285351397121,26.4,P4,회귀검사 통과 시 유지
ABF-169,기준본,273,"00:24:58,800 --> 00:25:01,420",2.62,"아, 잘하네.","아, 잘하네.","아, 잘하네.",반응형,,,,,25.0,30.0,50.0,78.0,75.0,0.29011,5.3,58.0,0.0,30.0,0.6942,"아, 잘하네...","아, 잘하네…",,29.32,T4,구조검사 통과 시 유지,triple_identical_run,33.36155800169348,31.02,P4,회귀검사 통과 시 유지
ABF-169,기준본,274,"00:25:03,960 --> 00:25:06,960",3.0,"아, 잘하네.","아, 잘하네.","아, 기분 좋아.",반응형,,,,,25.0,30.0,50.0,78.0,75.0,0.27348,5.3,58.0,0.0,0.0,0.6942,"아, 잘하네...","아, 잘하네…",,26.22,T4,구조검사 통과 시 유지,,22.269263336155802,24.56,P4,회귀검사 통과 시 유지
ABF-169,기준본,275,"00:25:09,000 --> 00:25:10,520",1.52,"아, 기분 좋아.","아, 잘하네.",그렇게 허리 움직이면 그대로 들어가 버리니까.,반응형,,,,,25.0,30.0,50.0,78.0,75.0,0.30735,26.96,58.0,0.0,0.0,0.8747,기분 좋아.,"아, 좋아.",화면 영문 자막 대조,31.54,T4,구조검사 통과 시 유지,,42.167654530059274,36.0,P4,회귀검사 통과 시 유지
ABF-169,기준본,276,"00:25:11,080 --> 00:25:14,020",2.94,그렇게 허리 움직이면 그대로 들어가 버리니까.,"아, 기분 좋아.",미안해요.,중립·혼합형,,,,,25.0,30.0,50.0,78.0,79.0,0.77901,0.0,58.0,0.0,0.0,0.4763,참을 수 없으면 그렇게 돼 버리니까.,못 참으면 계속 가 버리니까.,사진 장면 확인 및 한국어 번역투·ASR 오역 교정,46.74,T3,화자·문맥·자연스러움 집중 검토,,92.20999153259949,65.84,P2,앞뒤 5블록·사진·오류 기억을 함께 검토
ABF-169,기준본,277,"00:25:14,720 --> 00:25:16,140",1.42,미안해요.,그렇게 허리 움직이면 그대로 들어가 버리니까.,어? 미안하다고 했어?,반말형,,,,,25.0,30.0,50.0,78.0,75.0,0.18209,0.0,58.0,0.0,0.0,0.3401,"하지 마. 미안, 미안해, 미안해.","잠깐만. 미안, 미안해.",일본어 원문 대조 + 자연스러운 한국어 대사 교정,21.43,T4,구조검사 통과 시 유지,,8.975444538526672,16.2,P4,회귀검사 통과 시 유지
ABF-169,기준본,278,"00:25:16,140 --> 00:25:18,920",2.78,어? 미안하다고 했어?,미안해요.,이제 넣고 싶어.,반응형,,,,,25.0,30.0,50.0,78.0,75.0,0.36072,0.0,58.0,0.0,0.0,0.1766,부활했어?,다시 섰어?,일본어 원문 대조 + 자연스러운 한국어 대사 교정,28.93,T4,구조검사 통과 시 유지,,32.091447925486875,30.26,P4,회귀검사 통과 시 유지
ABF-169,기준본,279,"00:25:18,940 --> 00:25:19,720",0.78,이제 넣고 싶어.,어? 미안하다고 했어?,벌써 넣고 싶어?,반응형,,,,,25.0,30.0,50.0,78.0,79.0,0.47976,25.26,58.0,0.0,0.0,0.8605,넣고 싶어.,빨리 넣고 싶어.,일본어 원문 대조 + 자연스러운 한국어 대사 교정,38.72,T3,화자·문맥·자연스러움 집중 검토,,68.92464013547841,51.41,P3,말투·질문응답·가독성 위주 검토
ABF-169,기준본,280,"00:25:19,780 --> 00:25:25,340",5.56,벌써 넣고 싶어?,이제 넣고 싶어.,빠르지 않아?,반응형,,,,,25.0,30.0,50.0,78.0,79.0,0.59273,0.0,58.0,0.0,0.0,0.5021,잘 빨고 싶어?,계속 빨고 싶어?,일본어 원문 대조 + 자연스러운 한국어 대사 교정,38.91,T3,화자·문맥·자연스러움 집중 검토,,70.06773920406435,52.0,P3,말투·질문응답·가독성 위주 검토
ABF-169,기준본,281,"00:25:26,160 --> 00:25:26,820",0.66,빠르지 않아?,벌써 넣고 싶어?,너 평소에도 이렇게 급해?,반응형,,,,,25.0,30.0,50.0,78.0,75.0,0.3921,0.0,58.0,0.0,0.0,0.5979,빠르지 않아? 아까도 힘이 빠졌잖아.,너무 빠르지 않아? 아까도 한 번 갔잖아.,사진 장면 확인 및 한국어 번역투·ASR 오역 교정,30.25,T4,구조검사 통과 시 유지,,37.087214225232856,33.12,P4,회귀검사 통과 시 유지
ABF-169,기준본,282,"00:25:28,360 --> 00:25:30,140",1.78,너 평소에도 이렇게 급해?,빠르지 않아?,넣는 걸 좋아하는구나.,반말형,,,,,25.0,30.0,50.0,78.0,75.0,0.67512,0.0,58.0,0.0,0.0,0.3326,평소에도 샴페인을 마셔서 알아요.,평소에도 샴페인을 마셔 봐서 알아요.,사진 장면 확인 및 한국어 번역투·ASR 오역 교정,42.14,T3,화자·문맥·자연스러움 집중 검토,,81.03302286198138,58.48,P2,앞뒤 5블록·사진·오류 기억을 함께 검토
ABF-169,기준본,283,"00:25:32,420 --> 00:25:33,880",1.46,넣는 걸 좋아하는구나.,너 평소에도 이렇게 급해?,"아, 넣는 걸 좋아하네. 우리 합 잘 맞겠다.",반응형,,,,,25.0,30.0,50.0,78.0,79.0,0.68965,6.05,58.0,0.0,0.0,0.7004,하늘색 좋아하는구나.,이야…,일본어 원문 + 타임스탬프 사진 + 장면 연속성,44.07,T3,화자·문맥·자연스러움 집중 검토,,85.9441151566469,61.66,P2,앞뒤 5블록·사진·오류 기억을 함께 검토
ABF-169,기준본,284,"00:25:33,980 --> 00:25:36,760",2.78,"아, 넣는 걸 좋아하네. 우리 합 잘 맞겠다.",넣는 걸 좋아하는구나.,후후후…,반말형,,,,,25.0,30.0,50.0,78.0,79.0,0.88469,0.0,58.0,0.0,0.0,0.1852,"아, 아, 아, 아, 아, 아, 아,","아, 아, 아, 아, 아, 아, 아",,51.18,T3,화자·문맥·자연스러움 집중 검토,,98.39119390347163,71.01,P2,앞뒤 5블록·사진·오류 기억을 함께 검토
ABF-169,기준본,285,"00:25:36,760 --> 00:25:37,640",0.88,후후후…,"아, 넣는 걸 좋아하네. 우리 합 잘 맞겠다.","아, 엄청 질척거리는 소리 나.",중립·혼합형,,,,,25.0,30.0,50.0,78.0,75.0,0.23734,0.0,58.0,0.0,0.0,0.3277,"후후후, 어서 와.","후후후, 차가워!",손상된 일본어 ASR + 타임스탬프 사진 + 앞뒤 문맥 추론,23.75,T4,구조검사 통과 시 유지,,15.156646909398813,20.14,P4,회귀검사 통과 시 유지
ABF-169,기준본,286,"00:25:40,780 --> 00:25:42,760",1.98,"아, 엄청 질척거리는 소리 나.",후후후…,잘한다.,반응형,,,,,25.0,30.0,50.0,78.0,75.0,0.75324,0.0,58.0,0.0,0.0,0.2464,밀어 넣는 소리가 나.,안에서 소리 나.,손상된 일본어 ASR + 타임스탬프 사진 + 앞뒤 문맥 추론,45.42,T3,화자·문맥·자연스러움 집중 검토,,89.66977138018628,64.0,P2,앞뒤 5블록·사진·오류 기억을 함께 검토
ABF-169,기준본,287,"00:25:43,000 --> 00:25:43,360",0.36,잘한다.,"아, 엄청 질척거리는 소리 나.",직접 만져줘.,중립·혼합형,,,,,25.0,30.0,50.0,78.0,75.0,0.34198,0.0,58.0,0.0,0.0,0.1496,‘정말 잘한다’고 말하면 꽤 기뻐했어요. 실제로도 잘했고요. 그렇게 칭찬받아 기뻐한 일과…,"'정말 잘한다'고 말하면 꽤 기뻐했어요. 실제로도 잘했고, 칭찬받는 걸 좋아했어요.",화자·문장 구조 정리,28.14,T4,구조검사 통과 시 유지,,28.450465707027945,28.27,P4,회귀검사 통과 시 유지
ABF-169,기준본,288,"00:25:43,580 --> 00:25:44,980",1.4,직접 만져줘.,잘한다.,직접?,중립·혼합형,,,,,25.0,30.0,50.0,78.0,75.0,0.44604,0.0,58.0,0.0,0.0,0.2618,직접 만지는 게 더 기분 좋아...,직접 만지는 게 더 기분 좋아…,,32.51,T4,구조검사 통과 시 유지,,45.76629974597798,38.08,P4,회귀검사 통과 시 유지
ABF-169,기준본,289,"00:25:45,340 --> 00:25:45,820",0.48,직접?,직접 만져줘.,응.,중립·혼합형,,,,,25.0,30.0,50.0,78.0,75.0,0.28053,0.0,58.0,0.0,0.0,0.1543,직접 만지는 게 더 기분 좋아...,직접 만지는 게 더 기분 좋아…,,25.56,T4,구조검사 통과 시 유지,,20.321761219305674,23.36,P4,회귀검사 통과 시 유지
ABF-169,기준본,290,"00:25:46,380 --> 00:25:46,660",0.28,응.,직접?,만질까?,반응형,,,,,25.0,30.0,50.0,78.0,75.0,0.09998,0.0,58.0,0.0,0.0,0.467,"하-, 응.",하아… 응.,,17.98,T4,구조검사 통과 시 유지,,2.4555461473327687,11.46,P4,회귀검사 통과 시 유지
ABF-169,기준본,291,"00:25:47,140 --> 00:25:47,520",0.38,만질까?,응.,응.,중립·혼합형,,,,,25.0,30.0,50.0,78.0,75.0,0.25873,0.0,58.0,0.0,0.0,0.1077,뭐 할까?,내가 먼저?,일본어 원문 + 타임스탬프 사진 + 장면 연속성,24.65,T4,구조검사 통과 시 유지,,17.654530059271803,21.71,P4,회귀검사 통과 시 유지
ABF-169,기준본,292,"00:25:47,800 --> 00:25:48,180",0.38,응.,만질까?,직접 만져달라는 거야?,반응형,,,,,25.0,30.0,50.0,78.0,75.0,0.09976,0.0,58.0,0.0,0.0,0.467,"하-, 응.",하아… 응.,,17.97,T4,구조검사 통과 시 유지,,2.3708721422523285,11.42,P4,회귀검사 통과 시 유지
ABF-169,기준본,293,"00:25:48,720 --> 00:25:49,840",1.12,직접 만져달라는 거야?,응.,이걸 이렇게 하라는 거야?,반말형,,,,,25.0,30.0,50.0,78.0,75.0,0.61541,0.0,58.0,0.0,0.0,0.2484,끼우는 거야?,끼는 거지?,일본어 원문 대조 + 자연스러운 한국어 대사 교정,39.63,T3,화자·문맥·자연스러움 집중 검토,,72.98899237933955,53.64,P3,말투·질문응답·가독성 위주 검토
ABF-169,기준본,294,"00:25:50,240 --> 00:25:51,280",1.04,이걸 이렇게 하라는 거야?,직접 만져달라는 거야?,응.,반말형,,,,,25.0,30.0,50.0,78.0,75.0,0.6763,0.0,58.0,0.0,0.0,0.4513,이걸 끼우는 거야?,콘돔 끼는 거야?,일본어 원문 대조 + 자연스러운 한국어 대사 교정,42.18,T3,화자·문맥·자연스러움 집중 검토,,81.20237087214225,58.57,P2,앞뒤 5블록·사진·오류 기억을 함께 검토
ABF-169,기준본,295,"00:25:51,520 --> 00:25:51,640",0.12,응.,이걸 이렇게 하라는 거야?,"우와, 벌써 흥건하게 젖었네.",반응형,,,,,25.0,30.0,50.0,78.0,75.0,0.11221,0.0,58.0,25.0,0.0,0.467,"하-, 응.",하아… 응.,,20.99,T4,구조검사 통과 시 유지,borderline_cps,7.790008467400508,15.45,P4,회귀검사 통과 시 유지
ABF-169,기준본,296,"00:25:53,360 --> 00:25:54,920",1.56,"우와, 벌써 흥건하게 젖었네.",응.,있잖아.,반말형,,,,,25.0,30.0,50.0,78.0,79.0,0.75193,0.0,58.0,0.0,0.0,0.331,엄청 젖었네...,엄청 젖었네…,,45.6,T3,화자·문맥·자연스러움 집중 검토,,90.1354784081287,64.3,P2,앞뒤 5블록·사진·오류 기억을 함께 검토
ABF-169,기준본,297,"00:25:54,920 --> 00:25:55,840",0.92,있잖아.,"우와, 벌써 흥건하게 젖었네.",있잖아.,반응형,,,,,25.0,30.0,50.0,78.0,75.0,0.22433,27.75,58.0,0.0,0.0,0.8813,서 있잖아.,완전히 서 있잖아.,일본어 원문 대조 + 자연스러운 한국어 대사 교정,28.2,T4,구조검사 통과 시 유지,,28.87383573243014,28.48,P4,회귀검사 통과 시 유지
ABF-169,기준본,298,"00:25:56,540 --> 00:25:57,280",0.74,있잖아.,있잖아.,있잖아.,반응형,,,,,25.0,30.0,50.0,78.0,75.0,0.3139,27.75,58.0,0.0,30.0,0.8813,서 있잖아.,완전히 서 있잖아.,일본어 원문 대조 + 자연스러운 한국어 대사 교정,34.36,T4,구조검사 통과 시 유지,triple_identical_run,53.38696020321761,42.35,P3,말투·질문응답·가독성 위주 검토
ABF-169,기준본,299,"00:25:57,940 --> 00:25:58,160",0.22,있잖아.,있잖아.,이것 봐.,반응형,,,,,25.0,30.0,50.0,78.0,75.0,0.39153,27.75,58.0,25.0,0.0,0.8813,서 있잖아.,완전히 서 있잖아.,일본어 원문 대조 + 자연스러운 한국어 대사 교정,37.72,T3,화자·문맥·자연스러움 집중 검토,borderline_cps,65.961049957663,49.58,P3,말투·질문응답·가독성 위주 검토
ABF-169,기준본,300,"00:25:58,540 --> 00:25:59,040",0.5,이것 봐.,있잖아.,봐봐.,중립·혼합형,,,,,25.0,30.0,50.0,78.0,75.0,0.58432,0.0,58.0,0.0,0.0,0.2724,엉덩이 좀 봐.,이 유카타 진짜 귀엽네.,일본어 원문 + 타임스탬프 사진 + 장면 연속성,38.32,T3,화자·문맥·자연스러움 집중 검토,,67.73920406435224,50.68,P3,말투·질문응답·가독성 위주 검토
ABF-169,기준본,301,"00:25:59,080 --> 00:25:59,720",0.64,봐봐.,이것 봐.,있잖아.,중립·혼합형,,,,,25.0,30.0,50.0,78.0,75.0,0.4325,0.0,58.0,0.0,0.0,0.5643,"봐봐, 봐봐, 봐봐, 봐봐.","봐봐, 봐봐.",일본어 원문 + 타임스탬프 사진 + 장면 연속성,31.94,T4,구조검사 통과 시 유지,,43.353090601185436,36.73,P4,회귀검사 통과 시 유지
ABF-169,기준본,302,"00:25:59,980 --> 00:26:01,080",1.1,있잖아.,봐봐.,엄청나.,반응형,,,,,25.0,30.0,50.0,78.0,75.0,0.45036,27.75,58.0,0.0,0.0,0.8813,서 있잖아.,완전히 서 있잖아.,일본어 원문 대조 + 자연스러운 한국어 대사 교정,37.69,T3,화자·문맥·자연스러움 집중 검토,,65.83403895004234,49.51,P3,말투·질문응답·가독성 위주 검토
ABF-169,기준본,303,"00:26:01,120 --> 00:26:02,120",1.0,엄청나.,있잖아.,가까이서 좀 자세히 볼게.,중립·혼합형,,,,,25.0,30.0,50.0,78.0,75.0,0.51631,0.0,58.0,0.0,0.0,0.3007,엄청나게.,엄청나네.,일본어 원문 대조 + 자연스러운 한국어 대사 교정,35.47,T3,화자·문맥·자연스러움 집중 검토,,57.23962743437765,44.61,P3,말투·질문응답·가독성 위주 검토
ABF-169,기준본,304,"00:26:02,480 --> 00:26:03,940",1.46,가까이서 좀 자세히 볼게.,엄청나.,엄청나네.,중립·혼합형,,,,,25.0,30.0,50.0,78.0,75.0,0.73786,0.0,58.0,0.0,0.0,0.3041,좀 자세히 들여다보게 해줘.,좀 자세히 들여다보게 해 줘.,,44.77,T3,화자·문맥·자연스러움 집중 검토,,87.84928027095683,62.86,P2,앞뒤 5블록·사진·오류 기억을 함께 검토
ABF-169,기준본,305,"00:26:03,960 --> 00:26:04,860",0.9,엄청나네.,가까이서 좀 자세히 볼게.,음…,반말형,,,,,25.0,30.0,50.0,78.0,75.0,0.34005,0.0,58.0,0.0,0.0,0.505,엄청나네요.,"와, 정말 크네요.",대형 선박 장면에 맞는 표현 교정,28.06,T4,구조검사 통과 시 유지,,27.77307366638442,27.94,P4,회귀검사 통과 시 유지
ABF-169,기준본,306,"00:26:06,020 --> 00:26:06,380",0.36,음…,엄청나네.,오!,중립·혼합형,,,,,25.0,30.0,50.0,78.0,75.0,0.09147,0.0,58.0,0.0,0.0,0.0945,음...,음…,,17.62,T4,구조검사 통과 시 유지,,2.1168501270110074,11.11,P4,회귀검사 통과 시 유지
ABF-169,기준본,307,"00:26:06,380 --> 00:26:06,900",0.52,오!,음…,-읏.,중립·혼합형,,,,,25.0,30.0,50.0,78.0,75.0,0.14026,0.0,58.0,0.0,0.0,0.4101,오오!,오오…!,일본어 원문 대조 + 자연스러운 한국어 대사 교정,19.67,T4,구조검사 통과 시 유지,,5.842506350550381,13.86,P4,회귀검사 통과 시 유지
ABF-169,기준본,308,"00:26:07,020 --> 00:26:07,280",0.26,-읏.,오!,아…,중립·혼합형,,,,,25.0,30.0,72.0,78.0,75.0,0.28558,42.0,58.0,0.0,0.0,1.0,-읏.,읏.,,33.33,T4,구조검사 통과 시 유지,,49.44961896697714,40.1,P3,말투·질문응답·가독성 위주 검토
ABF-169,기준본,309,"00:26:07,500 --> 00:26:07,760",0.26,아…,-읏.,속옷도 되게 야하다.,반응형,,,,,25.0,30.0,50.0,78.0,75.0,0.19794,12.65,58.0,0.0,0.0,0.7554,"싫어, 아… 아… 아…",싫어… 아… 아…,일본어 원문 대조 + 자연스러운 한국어 대사 교정,24.37,T4,구조검사 통과 시 유지,,16.5961049957663,21.1,P4,회귀검사 통과 시 유지
ABF-169,기준본,310,"00:26:18,370 --> 00:26:20,150",1.78,속옷도 되게 야하다.,아…,어떻게 해줄까?,반말형,,,,,25.0,30.0,50.0,78.0,75.0,0.63098,0.0,58.0,0.0,0.0,0.1485,야하네.,여긴 지저분하네.,화면 영문 자막 대조,40.28,T3,화자·문맥·자연스러움 집중 검토,,76.03725656223538,55.3,P3,말투·질문응답·가독성 위주 검토
ABF-169,기준본,311,"00:26:23,350 --> 00:26:24,310",0.96,어떻게 해줄까?,속옷도 되게 야하다.,어떻게 만져줄까?,반응형,,,,,25.0,30.0,50.0,78.0,75.0,0.55373,16.26,58.0,0.0,0.0,0.7855,해줄까?,해 줄까?,,39.96,T3,화자·문맥·자연스러움 집중 검토,,74.5977984758679,54.51,P3,말투·질문응답·가독성 위주 검토
ABF-169,기준본,312,"00:26:25,250 --> 00:26:26,190",0.94,어떻게 만져줄까?,어떻게 해줄까?,어때?,반응형,,,,,25.0,30.0,50.0,78.0,75.0,0.58893,0.0,58.0,0.0,0.0,0.3454,어떻게 먹는 거?,어떤 식으로?,일본어 원문 대조 + 자연스러운 한국어 대사 교정,38.52,T3,화자·문맥·자연스러움 집중 검토,,68.077900084674,50.93,P3,말투·질문응답·가독성 위주 검토
ABF-169,기준본,313,"00:26:26,790 --> 00:26:27,230",0.44,어때?,어떻게 만져줄까?,무릎 세워봐.,반응형,,,,,25.0,30.0,50.0,78.0,75.0,0.3372,0.0,58.0,0.0,0.0,0.6453,어때? 맛은?,어때? 맛 평가해 줘.,일본어 원문 대조 + 자연스러운 한국어 대사 교정,27.94,T4,구조검사 통과 시 유지,,27.434377646062657,27.73,P4,회귀검사 통과 시 유지
ABF-169,기준본,314,"00:26:31,980 --> 00:26:33,340",1.36,무릎 세워봐.,어때?,이거 만질까?,중립·혼합형,,,,,25.0,30.0,50.0,78.0,75.0,0.45999,0.0,58.0,0.0,0.0,0.0611,엉덩이 좀 봐.,이 유카타 진짜 귀엽네.,일본어 원문 + 타임스탬프 사진 + 장면 연속성,33.1,T4,구조검사 통과 시 유지,,48.348856900931416,39.5,P4,회귀검사 통과 시 유지
ABF-169,기준본,315,"00:26:33,340 --> 00:26:34,660",1.32,이거 만질까?,무릎 세워봐.,"응, 만져.",중립·혼합형,,,,,25.0,30.0,50.0,78.0,75.0,0.46106,0.0,58.0,0.0,0.0,0.2127,이거 가지고 있어?,이런 거 써 봤어?,,33.14,T4,구조검사 통과 시 유지,,48.602878916172735,39.63,P4,회귀검사 통과 시 유지
ABF-169,기준본,316,"00:26:34,980 --> 00:26:35,680",0.7,"응, 만져.",이거 만질까?,기분 좋아.,반응형,,,,,25.0,30.0,50.0,78.0,75.0,0.37052,0.0,58.0,0.0,0.0,0.2638,"응, 더...","응, 더…",,29.34,T4,구조검사 통과 시 유지,,33.53090601185436,31.1,P4,회귀검사 통과 시 유지
ABF-169,기준본,317,"00:26:40,940 --> 00:26:42,000",1.06,기분 좋아.,"응, 만져.",기분 좋아.,반응형,,,,,25.0,30.0,50.0,78.0,75.0,0.15585,42.0,58.0,0.0,0.0,1.0,기분 좋아.,"아, 좋아.",화면 영문 자막 대조,27.89,T4,구조검사 통과 시 유지,,27.095681625740898,27.56,P4,회귀검사 통과 시 유지
ABF-169,기준본,318,"00:27:02,570 --> 00:27:04,210",1.64,기분 좋아.,기분 좋아.,아… 미치겠어.,반응형,,,,,25.0,30.0,50.0,78.0,75.0,0.22019,42.0,58.0,0.0,0.0,1.0,기분 좋아.,"아, 좋아.",화면 영문 자막 대조,30.59,T4,구조검사 통과 시 유지,,38.52667231160034,33.92,P4,회귀검사 통과 시 유지
ABF-169,기준본,319,"00:27:07,550 --> 00:27:08,410",0.86,아… 미치겠어.,기분 좋아.,기분 좋아.,반응형,,,,,25.0,30.0,50.0,78.0,75.0,0.33576,0.0,58.0,0.0,0.0,0.302,"싫어, 아… 아… 아…",싫어… 아… 아…,일본어 원문 대조 + 자연스러운 한국어 대사 교정,27.88,T4,구조검사 통과 시 유지,,27.01100762066046,27.52,P4,회귀검사 통과 시 유지
ABF-169,기준본,320,"00:27:12,930 --> 00:27:14,070",1.14,기분 좋아.,아… 미치겠어.,그렇게 좋아?,반응형,,,,,25.0,30.0,50.0,78.0,75.0,0.23262,42.0,58.0,0.0,0.0,1.0,기분 좋아.,"아, 좋아.",화면 영문 자막 대조,31.11,T4,구조검사 통과 시 유지,,40.38950042337002,35.01,P4,회귀검사 통과 시 유지
ABF-169,기준본,321,"00:27:22,530 --> 00:27:25,010",2.48,그렇게 좋아?,기분 좋아.,괜찮아?,반응형,,,,,25.0,30.0,50.0,78.0,75.0,0.38191,0.0,58.0,0.0,0.0,0.4005,안쪽이 좋아?,안쪽도 좋아?,일본어 원문 대조 + 자연스러운 한국어 대사 교정,29.82,T4,구조검사 통과 시 유지,,35.266723116003384,32.11,P4,회귀검사 통과 시 유지
ABF-169,기준본,322,"00:27:25,010 --> 00:27:25,930",0.92,괜찮아?,그렇게 좋아?,"아, 갈 것 같아…",반응형,,,,,25.0,30.0,50.0,78.0,75.0,0.15604,0.0,58.0,0.0,0.0,0.5267,더 해줘도 돼? 더 해줘. 괜찮아?,더 해 줘도 돼? 더 해 줘. 괜찮아?,,20.33,T4,구조검사 통과 시 유지,,6.689246401354784,14.6,P4,회귀검사 통과 시 유지
ABF-169,기준본,323,"00:27:28,250 --> 00:27:30,750",2.5,"아, 갈 것 같아…",괜찮아?,"갈 것 같아, 갈 것 같아, 갈 것 같아!",반응형,,,,,25.0,30.0,50.0,78.0,75.0,0.2306,0.0,58.0,0.0,0.0,0.5012,갈 것 같아.,진짜 갈 것 같아.,일본어 원문 대조 + 자연스러운 한국어 대사 교정,23.47,T4,구조검사 통과 시 유지,,14.394580863674852,19.66,P4,회귀검사 통과 시 유지
ABF-169,기준본,324,"00:27:32,790 --> 00:27:40,670",7.88,"갈 것 같아, 갈 것 같아, 갈 것 같아!","아, 갈 것 같아…","갈 것 같아, 갈 것 같아, 갈 것 같아!",중립·혼합형,,,,,25.0,30.0,50.0,78.0,75.0,0.26441,0.0,58.0,0.0,0.0,0.5594,갈 것 같아.,진짜 갈 것 같아.,일본어 원문 대조 + 자연스러운 한국어 대사 교정,24.89,T4,구조검사 통과 시 유지,,18.62828111769687,22.26,P4,회귀검사 통과 시 유지
ABF-169,기준본,325,"00:27:41,110 --> 00:27:42,930",1.82,"갈 것 같아, 갈 것 같아, 갈 것 같아!","갈 것 같아, 갈 것 같아, 갈 것 같아!",방금 한 번 갔네.,중립·혼합형,,,,,25.0,30.0,50.0,78.0,75.0,0.32146,0.0,58.0,0.0,0.0,0.5594,갈 것 같아.,진짜 갈 것 같아.,일본어 원문 대조 + 자연스러운 한국어 대사 교정,27.28,T4,구조검사 통과 시 유지,,25.31752751905165,26.46,P4,회귀검사 통과 시 유지
ABF-169,기준본,326,"00:27:57,030 --> 00:27:58,150",1.12,방금 한 번 갔네.,"갈 것 같아, 갈 것 같아, 갈 것 같아!",잠깐 쉬었다가 다시 하자.,반말형,,,,,25.0,30.0,50.0,78.0,75.0,0.46236,0.0,58.0,0.0,0.0,0.193,한 번 정도...,한 번 정도…,,33.2,T4,구조검사 통과 시 유지,,48.81456392887383,39.76,P4,회귀검사 통과 시 유지
ABF-169,기준본,327,"00:28:03,130 --> 00:28:12,550",9.42,잠깐 쉬었다가 다시 하자.,방금 한 번 갔네.,미안해.,반응형,,,,,25.0,30.0,50.0,78.0,75.0,0.73211,0.0,58.0,0.0,0.0,0.3491,잠깐 쉬었다 갈게요.,조금만 쉬자.,일본어 원문 대조 + 자연스러운 한국어 대사 교정,44.53,T3,화자·문맥·자연스러움 집중 검토,,86.9602032176122,62.35,P2,앞뒤 5블록·사진·오류 기억을 함께 검토
ABF-169,기준본,328,"00:28:12,690 --> 00:28:12,790",0.1,미안해.,잠깐 쉬었다가 다시 하자.,"괜찮아, 괜찮아.",반말형,,,,,25.0,30.0,50.0,78.0,75.0,0.43983,17.73,58.0,70.0,0.0,0.7978,아... 미안해.,아… 미안해.,,42.44,T3,화자·문맥·자연스러움 집중 검토,high_cps,81.79508890770533,58.97,P2,앞뒤 5블록·사진·오류 기억을 함께 검토
ABF-169,기준본,329,"00:28:12,790 --> 00:28:12,870",0.08,"괜찮아, 괜찮아.",미안해.,나도 미안해.,반응형,,,,,25.0,30.0,50.0,78.0,75.0,0.52528,16.16,58.0,70.0,0.0,0.7847,괜찮아.,최고예요.,화면 영문 자막 대조,45.75,T3,화자·문맥·자연스러움 집중 검토,high_cps,90.43183742591025,64.52,P2,앞뒤 5블록·사진·오류 기억을 함께 검토
ABF-169,기준본,330,"00:28:12,870 --> 00:28:12,910",0.04,나도 미안해.,"괜찮아, 괜찮아.",누워봐.,반말형,,,,,25.0,30.0,50.0,78.0,75.0,0.65777,3.75,58.0,70.0,0.0,0.6813,아... 미안해.,아… 미안해.,,49.08,T3,화자·문맥·자연스러움 집중 검토,high_cps,96.18966977138018,68.87,P2,앞뒤 5블록·사진·오류 기억을 함께 검토
ABF-169,기준본,331,"00:28:12,930 --> 00:28:16,490",3.56,누워봐.,나도 미안해.,"아아, 기분 좋아.",중립·혼합형,,,,,25.0,30.0,50.0,78.0,75.0,0.20841,0.0,58.0,0.0,0.0,0.242,누워.,물 나온다.,,22.53,T4,구조검사 통과 시 유지,,11.600338696020323,17.94,P4,회귀검사 통과 시 유지
ABF-169,기준본,332,"00:28:29,390 --> 00:28:31,270",1.88,"아아, 기분 좋아.",누워봐.,"아, 갈 것 같아.",반응형,,,,,25.0,30.0,50.0,78.0,75.0,0.25994,7.77,58.0,0.0,0.0,0.7147,기분 좋아.,"아, 좋아.",화면 영문 자막 대조,26.1,T4,구조검사 통과 시 유지,,21.8458933107536,24.31,P4,회귀검사 통과 시 유지
ABF-169,기준본,333,"00:28:34,330 --> 00:28:41,610",7.28,"아, 갈 것 같아.","아아, 기분 좋아.",잠깐 쉬자.,반응형,,,,,25.0,30.0,50.0,78.0,75.0,0.42902,31.79,58.0,0.0,0.0,0.9149,갈 것 같아.,진짜 갈 것 같아.,일본어 원문 대조 + 자연스러운 한국어 대사 교정,37.52,T3,화자·문맥·자연스러움 집중 검토,,65.28365791701948,49.18,P3,말투·질문응답·가독성 위주 검토
ABF-169,기준본,334,"00:28:58,190 --> 00:29:04,110",5.92,잠깐 쉬자.,"아, 갈 것 같아.",어디가 좋아?,반응형,,,,,25.0,30.0,50.0,78.0,75.0,0.50768,22.43,58.0,0.0,0.0,0.8369,쉬자.,너무 깊이 들어가.,일본어 원문 + 타임스탬프 사진 + 장면 연속성,39.14,T3,화자·문맥·자연스러움 집중 검토,,70.9991532599492,52.52,P3,말투·질문응답·가독성 위주 검토
ABF-169,기준본,335,"00:29:14,400 --> 00:29:19,360",4.96,어디가 좋아?,잠깐 쉬자.,뭘 해줬으면 좋겠어?,반응형,,,,,25.0,30.0,50.0,78.0,75.0,0.64288,0.0,58.0,0.0,0.0,0.4355,어디가 좋은지 모르겠어?,어디가 좋은지 아직 모르겠어?,일본어 원문 대조 + 자연스러운 한국어 대사 교정,40.78,T3,화자·문맥·자연스러움 집중 검토,,77.13801862828112,56.05,P3,말투·질문응답·가독성 위주 검토
ABF-169,기준본,336,"00:29:20,680 --> 00:29:22,900",2.22,뭘 해줬으면 좋겠어?,어디가 좋아?,아- 기분 좋아…,반응형,,,,,25.0,30.0,50.0,78.0,75.0,0.59839,0.0,58.0,0.0,0.0,0.299,핥아줬으면 좋겠어...,핥아줬으면 좋겠어…,,38.91,T3,화자·문맥·자연스러움 집중 검토,,70.06773920406435,52.0,P3,말투·질문응답·가독성 위주 검토
ABF-169,기준본,337,"00:29:22,900 --> 00:29:25,280",2.38,아- 기분 좋아…,뭘 해줬으면 좋겠어?,어디를 핥아줄까?,반응형,,,,,25.0,30.0,50.0,78.0,75.0,0.54771,42.0,58.0,0.0,0.0,1.0,아- 기분 좋아…,아… 기분 좋아…,,44.34,T3,화자·문맥·자연스러움 집중 검토,,86.53683319221,62.06,P2,앞뒤 5블록·사진·오류 기억을 함께 검토
ABF-169,기준본,338,"00:29:26,440 --> 00:29:28,040",1.6,어디를 핥아줄까?,아- 기분 좋아…,안쪽까지 핥아줘…,반응형,,,,,25.0,30.0,50.0,78.0,79.0,0.65543,0.0,58.0,0.0,0.0,0.2185,해줄까?,해 줄까?,,41.55,T3,화자·문맥·자연스러움 집중 검토,,79.2125317527519,57.37,P3,말투·질문응답·가독성 위주 검토
ABF-169,기준본,339,"00:29:31,020 --> 00:29:32,400",1.38,안쪽까지 핥아줘…,어디를 핥아줄까?,기분 좋아요!,반응형,,,,,25.0,30.0,50.0,78.0,83.0,0.81333,0.0,58.0,0.0,0.0,0.535,안쪽까지 안 가?,더 안쪽까지 안 들어가?,일본어 원문 대조 + 자연스러운 한국어 대사 교정,48.42,T3,화자·문맥·자연스러움 집중 검토,,95.34292972057578,68.13,P2,앞뒤 5블록·사진·오류 기억을 함께 검토
ABF-169,기준본,340,"00:29:34,260 --> 00:29:36,160",1.9,기분 좋아요!,안쪽까지 핥아줘…,"아, 너무 아파!",반응형,,,,,25.0,30.0,50.0,78.0,75.0,0.20301,0.0,58.0,0.0,0.0,0.435,기분 좋아요.,"아, 좋아요.",화면 영문 자막 대조,22.31,T4,구조검사 통과 시 유지,,11.26164267569856,17.67,P4,회귀검사 통과 시 유지
ABF-169,기준본,341,"00:29:41,760 --> 00:29:44,880",3.12,"아, 너무 아파!",기분 좋아요!,너무 거칠어!,반응형,,,,,25.0,30.0,50.0,78.0,75.0,0.2534,0.0,58.0,0.0,0.0,0.3458,"아, 아, 아, 아, 아, 아, 아,","아, 아, 아, 아, 아, 아, 아",,24.42,T4,구조검사 통과 시 유지,,16.850127011007622,21.24,P4,회귀검사 통과 시 유지
ABF-169,기준본,342,"00:29:46,660 --> 00:29:47,680",1.02,너무 거칠어!,"아, 너무 아파!","- 제일 기분 좋은 데 해줄까?
- 응.",반응형,,,,,25.0,30.0,50.0,78.0,75.0,0.19403,0.0,58.0,0.0,0.0,0.1771,"하아, 너무 기분 좋아...","하아, 너무 기분 좋아…",,21.93,T4,구조검사 통과 시 유지,,10.160880609652837,16.99,P4,회귀검사 통과 시 유지
ABF-169,기준본,343,"00:30:03,510 --> 00:30:03,930",0.42,"- 제일 기분 좋은 데 해줄까?
- 응.",너무 거칠어!,잠깐 쉬자.,반말형,,,,,25.0,30.0,72.0,78.0,75.0,0.47549,0.0,58.0,70.0,0.0,0.5596,해줄까?,해 줄까?,,40.75,T3,화자·문맥·자연스러움 집중 검토,high_cps,76.96867061812024,55.96,P3,말투·질문응답·가독성 위주 검토
ABF-169,기준본,344,"00:30:03,930 --> 00:30:19,250",15.32,잠깐 쉬자.,"- 제일 기분 좋은 데 해줄까?
- 응.","아, 미치겠어.",반응형,,,,,25.0,30.0,50.0,78.0,75.0,0.49089,22.43,58.0,0.0,0.0,0.8369,쉬자.,너무 깊이 들어가.,일본어 원문 + 타임스탬프 사진 + 장면 연속성,38.43,T3,화자·문맥·자연스러움 집중 검토,,67.82387806943268,50.78,P3,말투·질문응답·가독성 위주 검토
ABF-169,기준본,345,"00:30:39,680 --> 00:31:02,830",23.15,"아, 미치겠어.",잠깐 쉬자.,클리 만질까?,반응형,,,,,25.0,30.0,50.0,78.0,75.0,0.66419,0.0,58.0,0.0,0.0,0.3188,"아, 아, 아, 아, 아, 아, 아,","아, 아, 아, 아, 아, 아, 아",,41.68,T3,화자·문맥·자연스러움 집중 검토,,79.59356477561388,57.6,P3,말투·질문응답·가독성 위주 검토
ABF-169,기준본,346,"00:31:10,390 --> 00:31:11,350",0.96,클리 만질까?,"아, 미치겠어.",클리 만져줄까?,중립·혼합형,,,,,25.0,30.0,50.0,78.0,75.0,0.46755,0.0,58.0,0.0,0.0,0.2242,클리 쪽이 더 잘 느끼려나.,클리 쪽이 더 잘 느끼는 것 같아.,일본어 원문 대조 + 자연스러운 한국어 대사 교정,33.42,T4,구조검사 통과 시 유지,,49.70364098221846,40.26,P3,말투·질문응답·가독성 위주 검토
ABF-169,기준본,347,"00:31:11,730 --> 00:31:12,490",0.76,클리 만져줄까?,클리 만질까?,"응, 만져줄게.",중립·혼합형,,,,,25.0,30.0,50.0,78.0,75.0,0.5316,0.0,58.0,0.0,0.0,0.2438,해줄까?,해 줄까?,,36.11,T3,화자·문맥·자연스러움 집중 검토,,58.67908552074513,45.59,P3,말투·질문응답·가독성 위주 검토
ABF-169,기준본,348,"00:31:14,030 --> 00:31:15,150",1.12,"응, 만져줄게.",클리 만져줄까?,"- 제일 기분 좋은 데 만져줄까?
- 응.",반응형,,,,,25.0,30.0,50.0,78.0,75.0,0.45388,0.0,58.0,0.0,0.0,0.2159,"응, 갈게...","응, 갈게…",,32.84,T4,구조검사 통과 시 유지,,47.16342082980525,38.86,P4,회귀검사 통과 시 유지
ABF-169,기준본,349,"00:31:20,130 --> 00:31:21,750",1.62,"- 제일 기분 좋은 데 만져줄까?
- 응.","응, 만져줄게.","하-, 아--, 응.",중립·혼합형,,,,,25.0,30.0,72.0,78.0,75.0,0.37723,0.0,58.0,0.0,0.0,0.1905,"- 오래 기다렸지? 빠진 물건 없어? - 응. - 차 돌려서 올게. 또 연락할게요. - 응, 가요.","- 오래 기다렸지? 빠뜨린 건 없어? / 응. - 차 돌려 올게. 또 연락할게. / 응, 가요.",4줄 대화를 2줄로 재배치,29.62,T4,구조검사 통과 시 유지,,34.292972057578325,31.58,P4,회귀검사 통과 시 유지
ABF-169,기준본,350,"00:31:30,580 --> 00:31:56,590",26.01,"하-, 아--, 응.","- 제일 기분 좋은 데 만져줄까?
- 응.",맛있어.,반응형,,,,,25.0,30.0,50.0,78.0,75.0,0.52301,42.0,58.0,0.0,0.0,1.0,"하-, 아--, 응.",하아… 아아… 응.,,43.31,T3,화자·문맥·자연스러움 집중 검토,,83.8272650296359,60.33,P2,앞뒤 5블록·사진·오류 기억을 함께 검토
ABF-169,기준본,351,"00:31:57,030 --> 00:31:57,910",0.88,맛있어.,"하-, 아--, 응.",응.,반응형,,,,,25.0,30.0,50.0,78.0,75.0,0.21435,8.84,58.0,0.0,0.0,0.7237,"음-, 맛있어.",음… 맛있어.,,24.37,T4,구조검사 통과 시 유지,,16.5961049957663,21.1,P4,회귀검사 통과 시 유지
ABF-169,기준본,352,"00:32:06,260 --> 00:32:06,500",0.24,응.,맛있어.,"하-, 응.",반응형,,,,,25.0,30.0,50.0,78.0,75.0,0.07897,0.0,58.0,0.0,0.0,0.467,"하-, 응.",하아… 응.,,17.1,T4,구조검사 통과 시 유지,,1.7781541066892466,10.66,P4,회귀검사 통과 시 유지
ABF-169,기준본,353,"00:32:08,400 --> 00:32:08,780",0.38,"하-, 응.",응.,벌써 빨고 싶다는 표정인데?,반응형,,,,,25.0,30.0,50.0,78.0,75.0,0.44923,42.0,58.0,0.0,0.0,1.0,"하-, 응.",하아… 응.,,40.21,T3,화자·문맥·자연스러움 집중 검토,,75.65622353937341,55.1,P3,말투·질문응답·가독성 위주 검토
ABF-169,기준본,354,"00:32:23,360 --> 00:32:25,600",2.24,벌써 빨고 싶다는 표정인데?,"하-, 응.",눕고 싶어.,중립·혼합형,,,,,25.0,30.0,50.0,78.0,75.0,0.59998,0.0,58.0,0.0,0.0,0.2489,잘 빨고 싶어?,계속 빨고 싶어?,일본어 원문 대조 + 자연스러운 한국어 대사 교정,38.98,T3,화자·문맥·자연스러움 집중 검토,,70.23708721422524,52.11,P3,말투·질문응답·가독성 위주 검토
ABF-169,기준본,355,"00:32:26,260 --> 00:32:27,000",0.74,눕고 싶어.,벌써 빨고 싶다는 표정인데?,응.,반응형,,,,,25.0,30.0,50.0,78.0,75.0,0.37944,0.0,58.0,0.0,0.0,0.4984,넣고 싶어.,빨리 넣고 싶어.,일본어 원문 대조 + 자연스러운 한국어 대사 교정,29.72,T4,구조검사 통과 시 유지,,34.885690093141406,31.89,P4,회귀검사 통과 시 유지
ABF-169,기준본,356,"00:32:30,640 --> 00:32:31,340",0.7,응.,눕고 싶어.,"응-, 아-…",반응형,,,,,25.0,30.0,50.0,78.0,75.0,0.0559,0.0,58.0,0.0,0.0,0.467,"하-, 응.",하아… 응.,,16.13,T4,구조검사 통과 시 유지,,0.5080440304826418,9.57,P4,회귀검사 통과 시 유지
ABF-169,기준본,357,"00:32:50,250 --> 00:33:10,230",19.98,"응-, 아-…",응.,아아… 하아…,반응형,,,,,25.0,30.0,50.0,78.0,75.0,0.66329,42.0,58.0,0.0,0.0,1.0,"응-, 아-…",응… 아아…,,49.2,T3,화자·문맥·자연스러움 집중 검토,,96.35901778154107,69.01,P2,앞뒤 5블록·사진·오류 기억을 함께 검토
ABF-169,기준본,358,"00:33:29,520 --> 00:33:33,210",3.69,아아… 하아…,"응-, 아-…",기분 좋아.,반응형,,,,,25.0,30.0,50.0,78.0,75.0,0.51792,15.14,58.0,0.0,0.0,0.7762,하아…,보여 줘.,일본어 원문 + 타임스탬프 사진 + 장면 연속성,38.26,T3,화자·문맥·자연스러움 집중 검토,,67.48518204911093,50.53,P3,말투·질문응답·가독성 위주 검토
ABF-169,기준본,359,"00:33:55,180 --> 00:33:56,300",1.12,기분 좋아.,아아… 하아…,기분 좋아?,반응형,,,,,25.0,30.0,50.0,78.0,75.0,0.31203,42.0,58.0,0.0,0.0,1.0,기분 좋아.,"아, 좋아.",화면 영문 자막 대조,34.45,T4,구조검사 통과 시 유지,,53.76799322607959,42.56,P3,말투·질문응답·가독성 위주 검토
ABF-169,기준본,360,"00:34:00,760 --> 00:34:01,840",1.08,기분 좋아?,기분 좋아.,안쪽 깊은 데가 좋아?,반응형,,,,,25.0,30.0,50.0,78.0,75.0,0.34065,0.0,58.0,0.0,0.0,0.5843,"아, 거기... 기분 좋아?","아, 거기… 기분 좋아?",,28.09,T4,구조검사 통과 시 유지,,28.111769686706182,28.1,P4,회귀검사 통과 시 유지
ABF-169,기준본,361,"00:34:02,660 --> 00:34:03,940",1.28,안쪽 깊은 데가 좋아?,기분 좋아?,응.,반응형,,,,,25.0,30.0,50.0,78.0,79.0,0.72944,0.0,58.0,0.0,0.0,0.3823,안쪽이 좋아?,안쪽도 좋아?,일본어 원문 대조 + 자연스러운 한국어 대사 교정,44.66,T3,화자·문맥·자연스러움 집중 검토,,87.55292125317527,62.68,P2,앞뒤 5블록·사진·오류 기억을 함께 검토
ABF-169,기준본,362,"00:34:03,940 --> 00:34:04,240",0.3,응.,안쪽 깊은 데가 좋아?,"불알은 이쯤 핥고, 이번엔 자지 빨아줄게.",반응형,,,,,25.0,30.0,50.0,78.0,75.0,0.13388,0.0,58.0,0.0,0.0,0.467,"하-, 응.",하아… 응.,,19.4,T4,구조검사 통과 시 유지,,5.50381033022862,13.56,P4,회귀검사 통과 시 유지
ABF-169,기준본,363,"00:34:18,700 --> 00:34:22,560",3.86,"불알은 이쯤 핥고, 이번엔 자지 빨아줄게.",응.,"아, 진짜 좋아.",반말형,,,,,25.0,30.0,50.0,78.0,79.0,0.85778,0.0,58.0,0.0,0.0,0.5368,빨아줄게.,빨아 줄게.,,50.05,T3,화자·문맥·자연스러움 집중 검토,,97.41744284504658,69.94,P2,앞뒤 5블록·사진·오류 기억을 함께 검토
ABF-169,기준본,364,"00:34:27,060 --> 00:34:29,360",2.3,"아, 진짜 좋아.","불알은 이쯤 핥고, 이번엔 자지 빨아줄게.",불알을 많이 핥아주면 정액도 많이 나온대.,반응형,,,,,25.0,30.0,50.0,78.0,75.0,0.55829,12.73,58.0,0.0,0.0,0.7561,"아, 좋아.","아, 들어온다.",,39.52,T3,화자·문맥·자연스러움 집중 검토,,72.73497036409822,53.47,P3,말투·질문응답·가독성 위주 검토
ABF-169,기준본,365,"00:34:43,680 --> 00:34:45,980",2.3,불알을 많이 핥아주면 정액도 많이 나온대.,"아, 진짜 좋아.",그래?,중립·혼합형,,,,,25.0,30.0,50.0,78.0,79.0,0.86271,0.0,58.0,0.0,0.0,0.2336,많이 핥아줘...,많이 핥아줘…,,50.25,T3,화자·문맥·자연스러움 집중 검토,,97.54445385266723,70.11,P2,앞뒤 5블록·사진·오류 기억을 함께 검토
ABF-169,기준본,366,"00:34:47,340 --> 00:34:48,080",0.74,그래?,불알을 많이 핥아주면 정액도 많이 나온대.,"그렇다더라. 불알을 기분 좋게 해주면
정액이 많이 나온대.",중립·혼합형,,,,,25.0,30.0,50.0,78.0,75.0,0.35136,0.0,58.0,0.0,0.0,0.6212,"음-, 왜 그래?",음… 왜 그래?,,28.54,T4,구조검사 통과 시 유지,,30.73666384419983,29.46,P4,회귀검사 통과 시 유지
ABF-169,기준본,367,"00:34:48,320 --> 00:34:51,220",2.9,"그렇다더라. 불알을 기분 좋게 해주면
정액이 많이 나온대.",그래?,불알을 많이 핥아주면.,반말형,,,,,25.0,30.0,50.0,78.0,75.0,0.67375,0.0,58.0,0.0,0.0,0.1592,기분 좋게 해 주고 싶어요.,제가 해 볼게요.,앞 블록과 중복된 문장 정리,42.08,T3,화자·문맥·자연스러움 집중 검토,,80.73666384419982,58.32,P2,앞뒤 5블록·사진·오류 기억을 함께 검토
ABF-169,기준본,368,"00:34:51,260 --> 00:34:51,940",0.68,불알을 많이 핥아주면.,"그렇다더라. 불알을 기분 좋게 해주면
정액이 많이 나온대.",역시 잔뜩 싸주는 게 좋지?,반응형,,,,,25.0,30.0,50.0,78.0,79.0,0.81366,0.0,58.0,0.0,0.0,0.2174,많이 핥아줘...,많이 핥아줘…,,48.19,T3,화자·문맥·자연스러움 집중 검토,,95.00423370025402,67.85,P2,앞뒤 5블록·사진·오류 기억을 함께 검토
ABF-169,기준본,369,"00:34:54,680 --> 00:34:56,260",1.58,역시 잔뜩 싸주는 게 좋지?,불알을 많이 핥아주면.,좋아.,반말형,,,,,25.0,30.0,50.0,78.0,75.0,0.6888,0.0,58.0,0.0,0.0,0.4896,좋지?,여기 좋지?,일본어 원문 대조 + 자연스러운 한국어 대사 교정,42.71,T3,화자·문맥·자연스러움 집중 검토,,82.30313293818797,59.34,P2,앞뒤 5블록·사진·오류 기억을 함께 검토
ABF-169,기준본,370,"00:34:57,260 --> 00:34:57,900",0.64,좋아.,역시 잔뜩 싸주는 게 좋지?,고환도 핥아주고.,반응형,,,,,25.0,30.0,50.0,78.0,75.0,0.32908,19.71,58.0,0.0,0.0,0.8142,"아, 좋아.","아, 들어온다.",,31.15,T4,구조검사 통과 시 유지,,40.47417442845047,35.07,P4,회귀검사 통과 시 유지
ABF-169,기준본,371,"00:35:09,140 --> 00:35:10,460",1.32,고환도 핥아주고.,좋아.,음.,반응형,,,,,25.0,30.0,50.0,78.0,79.0,0.66435,42.0,58.0,0.0,0.0,1.0,고환도 핥아주고.,불알도 핥아주고.,,49.48,T3,화자·문맥·자연스러움 집중 검토,,96.78238780694328,69.35,P2,앞뒤 5블록·사진·오류 기억을 함께 검토
ABF-169,기준본,372,"00:35:44,500 --> 00:35:45,440",0.94,음.,고환도 핥아주고.,음.,중립·혼합형,,,,,25.0,30.0,50.0,78.0,75.0,0.23989,0.0,58.0,0.0,0.0,0.3759,음...,음…,,23.86,T4,구조검사 통과 시 유지,,15.495342929720577,20.35,P4,회귀검사 통과 시 유지
ABF-169,기준본,373,"00:35:46,720 --> 00:35:48,120",1.4,음.,음.,응.,중립·혼합형,,,,,25.0,30.0,50.0,78.0,75.0,0.18233,0.0,58.0,0.0,0.0,0.3759,음...,음…,,21.44,T4,구조검사 통과 시 유지,,9.060118543607112,16.24,P4,회귀검사 통과 시 유지
ABF-169,기준본,374,"00:36:06,300 --> 00:36:07,700",1.4,응.,음.,나 쌀 것 같아…,반응형,,,,,25.0,30.0,50.0,78.0,75.0,0.0725,0.0,58.0,0.0,0.0,0.467,"하-, 응.",하아… 응.,,16.82,T4,구조검사 통과 시 유지,,1.2701100762066047,10.29,P4,회귀검사 통과 시 유지
ABF-169,기준본,375,"00:36:07,700 --> 00:36:08,680",0.98,나 쌀 것 같아…,응.,아아.,반응형,,,,,25.0,30.0,50.0,78.0,75.0,0.4006,0.0,58.0,0.0,0.0,0.3271,나 싸버릴 것 같아.,나 싸 버릴 것 같아.,,30.61,T4,구조검사 통과 시 유지,,38.61134631668078,33.97,P4,회귀검사 통과 시 유지
ABF-169,기준본,376,"00:36:15,280 --> 00:36:16,240",0.96,아아.,나 쌀 것 같아…,아!!,반응형,,,,,25.0,30.0,50.0,78.0,75.0,0.18758,0.0,58.0,0.0,0.0,0.4608,아아...,아아…,,21.66,T4,구조검사 통과 시 유지,,9.398814563928875,16.51,P4,회귀검사 통과 시 유지
ABF-169,기준본,377,"00:36:17,420 --> 00:36:18,860",1.44,아!!,아아.,큰일이다.,반응형,,,,,25.0,30.0,50.0,78.0,75.0,0.04706,0.0,58.0,0.0,0.0,0.1771,에에~!!,에에…!!,,15.76,T4,구조검사 통과 시 유지,,0.2540220152413209,9.25,P4,회귀검사 통과 시 유지
ABF-169,기준본,378,"00:36:20,460 --> 00:36:21,620",1.16,큰일이다.,아!!,네.,중립·혼합형,,,,,25.0,30.0,50.0,78.0,75.0,0.18881,0.0,58.0,0.0,0.0,0.2899,큰일이네요.,이러다 갈 것 같아요.,사진 장면 확인 및 한국어 번역투·ASR 오역 교정,21.71,T4,구조검사 통과 시 유지,,9.483488569009314,16.57,P4,회귀검사 통과 시 유지
ABF-169,기준본,379,"00:36:22,060 --> 00:36:22,360",0.3,네.,큰일이다.,큰일이야.,반말형,,,,,25.0,30.0,50.0,78.0,75.0,0.19457,8.13,58.0,0.0,0.0,0.7177,"네, 네.",네.,불필요한 반복 제거,23.41,T4,구조검사 통과 시 유지,,14.309906858594413,19.59,P4,회귀검사 통과 시 유지
ABF-169,기준본,380,"00:36:22,840 --> 00:36:23,340",0.5,큰일이야.,네.,아!!,반말형,,,,,25.0,30.0,50.0,78.0,75.0,0.24946,5.08,58.0,0.0,0.0,0.6923,"아, 큰일이야...","아, 큰일이야…",,25.17,T4,구조검사 통과 시 유지,,19.13632514817951,22.64,P4,회귀검사 통과 시 유지
ABF-169,기준본,381,"00:36:27,050 --> 00:36:28,690",1.64,아!!,큰일이야.,아!!,반응형,,,,,25.0,30.0,50.0,78.0,75.0,0.04567,0.0,58.0,0.0,0.0,0.1771,에에~!!,에에…!!,,15.7,T4,구조검사 통과 시 유지,,0.12701100762066045,9.16,P4,회귀검사 통과 시 유지
ABF-169,기준본,382,"00:36:42,910 --> 00:36:44,830",1.92,아!!,아!!,"점점 더 단단해지네. 그러게.
난 아직 핥아주기만 했는데.",반응형,,,,,25.0,30.0,50.0,78.0,75.0,0.103,0.0,58.0,0.0,0.0,0.1771,에에~!!,에에…!!,,18.11,T4,구조검사 통과 시 유지,,2.6248941574936495,11.61,P4,회귀검사 통과 시 유지
ABF-169,기준본,383,"00:36:53,810 --> 00:37:14,310",20.5,"점점 더 단단해지네. 그러게.
난 아직 핥아주기만 했는데.",아!!,"아직 제대로 시작도 안 했는데.
우리 식스나인 하자.",반말형,,,,,25.0,30.0,50.0,78.0,79.0,0.72767,42.0,58.0,0.0,0.0,1.0,점점 더 단단해지네. 그러게. 난 아직 핥아주기만 했는데.,점점 더 단단해지네. 그러게.,,52.14,T3,화자·문맥·자연스러움 집중 검토,,98.98391193903471,71.81,P2,앞뒤 5블록·사진·오류 기억을 함께 검토
ABF-169,기준본,384,"00:37:16,990 --> 00:37:20,630",3.64,"아직 제대로 시작도 안 했는데.
우리 식스나인 하자.","점점 더 단단해지네. 그러게.
난 아직 핥아주기만 했는데.","벌써 넣으면 안 돼.
방금 금방이라도 넣을 것 같은 표정이었어.",중립·혼합형,,,,,25.0,30.0,50.0,78.0,75.0,0.54727,42.0,58.0,0.0,0.0,1.0,아직 제대로 시작도 안 했는데. 우리 식스나인 하자.,난 아직 안 빨아줬잖아. 우리 식스나인 하자.,,44.33,T3,화자·문맥·자연스러움 집중 검토,,86.45215918712955,62.02,P2,앞뒤 5블록·사진·오류 기억을 함께 검토
ABF-169,기준본,385,"00:37:23,590 --> 00:37:28,270",4.68,"벌써 넣으면 안 돼.
방금 금방이라도 넣을 것 같은 표정이었어.","아직 제대로 시작도 안 했는데.
우리 식스나인 하자.",넣고 싶어졌어. 이제 넣고 싶어.,중립·혼합형,,,,,25.0,30.0,50.0,78.0,83.0,0.84453,0.0,58.0,0.0,0.0,0.3523,"금방이라도,",금방이라도,,49.73,T3,화자·문맥·자연스러움 집중 검토,,97.12108382726502,69.63,P2,앞뒤 5블록·사진·오류 기억을 함께 검토
ABF-169,기준본,386,"00:37:30,390 --> 00:37:33,330",2.94,넣고 싶어졌어. 이제 넣고 싶어.,"벌써 넣으면 안 돼.
방금 금방이라도 넣을 것 같은 표정이었어.",이제 넣고 싶지?,반응형,,,,,25.0,30.0,50.0,78.0,83.0,0.83377,8.3,58.0,0.0,0.0,0.7192,넣고 싶어.,빨리 넣고 싶어.,일본어 원문 대조 + 자연스러운 한국어 대사 교정,50.77,T3,화자·문맥·자연스러움 집중 검토,,98.05249788314987,70.63,P2,앞뒤 5블록·사진·오류 기억을 함께 검토
ABF-169,기준본,387,"00:37:33,330 --> 00:37:34,550",1.22,이제 넣고 싶지?,넣고 싶어졌어. 이제 넣고 싶어.,이제 넣고 싶어.,반말형,,,,,25.0,30.0,50.0,78.0,79.0,0.53712,0.0,58.0,0.0,0.0,0.3539,넣고 싶어.,빨리 넣고 싶어.,일본어 원문 대조 + 자연스러운 한국어 대사 교정,36.58,T3,화자·문맥·자연스러움 집중 검토,,61.092294665537686,46.88,P3,말투·질문응답·가독성 위주 검토
ABF-169,기준본,388,"00:37:34,650 --> 00:37:35,430",0.78,이제 넣고 싶어.,이제 넣고 싶지?,"하아… 와, 기분 좋아.",반응형,,,,,25.0,30.0,50.0,78.0,79.0,0.60882,25.26,58.0,0.0,0.0,0.8605,넣고 싶어.,빨리 넣고 싶어.,일본어 원문 대조 + 자연스러운 한국어 대사 교정,44.14,T3,화자·문맥·자연스러움 집중 검토,,86.24047417442846,61.82,P2,앞뒤 5블록·사진·오류 기억을 함께 검토
ABF-169,기준본,389,"00:37:59,720 --> 00:38:02,620",2.9,"하아… 와, 기분 좋아.",이제 넣고 싶어.,기분 좋아.,반응형,,,,,25.0,30.0,50.0,78.0,75.0,0.44762,0.0,58.0,0.0,0.0,0.6248,하아…,보여 줘.,일본어 원문 + 타임스탬프 사진 + 장면 연속성,32.58,T4,구조검사 통과 시 유지,,46.35901778154107,38.37,P4,회귀검사 통과 시 유지
ABF-169,기준본,390,"00:38:20,810 --> 00:38:21,830",1.02,기분 좋아.,"하아… 와, 기분 좋아.",기분 좋아.,반응형,,,,,25.0,30.0,50.0,78.0,75.0,0.20792,42.0,58.0,0.0,0.0,1.0,기분 좋아.,"아, 좋아.",화면 영문 자막 대조,30.07,T4,구조검사 통과 시 유지,,36.24047417442845,32.66,P4,회귀검사 통과 시 유지
ABF-169,기준본,391,"00:38:30,070 --> 00:38:31,050",0.98,기분 좋아.,기분 좋아.,기분 좋아.,반응형,,,,,25.0,30.0,50.0,78.0,75.0,0.15745,42.0,58.0,0.0,30.0,1.0,기분 좋아.,"아, 좋아.",화면 영문 자막 대조,30.35,T4,구조검사 통과 시 유지,triple_identical_run,37.341236240474174,33.29,P4,회귀검사 통과 시 유지
ABF-169,기준본,392,"00:38:31,090 --> 00:38:31,510",0.42,기분 좋아.,기분 좋아.,"미안, 미안",반응형,,,,,25.0,30.0,50.0,78.0,75.0,0.21069,42.0,58.0,0.0,0.0,1.0,기분 좋아.,"아, 좋아.",화면 영문 자막 대조,30.19,T4,구조검사 통과 시 유지,,36.83319220999153,32.98,P4,회귀검사 통과 시 유지
ABF-169,기준본,393,"00:38:47,860 --> 00:38:52,660",4.8,"미안, 미안",기분 좋아.,기분 좋아,중립·혼합형,,,,,25.0,30.0,50.0,78.0,75.0,0.27329,0.0,58.0,0.0,0.0,0.5486,"하지 마. 미안, 미안해, 미안해.","잠깐만. 미안, 미안해.",일본어 원문 대조 + 자연스러운 한국어 대사 교정,25.26,T4,구조검사 통과 시 유지,,19.475021168501268,22.83,P4,회귀검사 통과 시 유지
ABF-169,기준본,394,"00:38:55,420 --> 00:38:56,400",0.98,기분 좋아,"미안, 미안","잠깐, 이대로 치골에 비벼볼까?",반응형,,,,,25.0,30.0,50.0,78.0,75.0,0.45313,0.0,58.0,0.0,0.0,0.5418,기분 좋아.,"아, 좋아.",화면 영문 자막 대조,32.81,T4,구조검사 통과 시 유지,,46.994072819644366,38.77,P4,회귀검사 통과 시 유지
ABF-169,기준본,395,"00:39:09,580 --> 00:39:15,280",5.7,"잠깐, 이대로 치골에 비벼볼까?",기분 좋아,"여기, 여기. 보지에 딱 붙으면
그대로 들어가 버리겠지.",반응형,,,,,25.0,30.0,50.0,78.0,75.0,0.73891,0.0,58.0,0.0,0.0,0.2456,이대로 해도 괜찮아.,"응, 그대로.",일본어 원문 대조 + 자연스러운 한국어 대사 교정,44.81,T3,화자·문맥·자연스러움 집중 검토,,88.06096528365792,62.98,P2,앞뒤 5블록·사진·오류 기억을 함께 검토
ABF-169,기준본,396,"00:39:16,800 --> 00:39:21,080",4.28,"여기, 여기. 보지에 딱 붙으면
그대로 들어가 버리겠지.","잠깐, 이대로 치골에 비벼볼까?",들어가지 않게 조심해.,반말형,,,,,25.0,30.0,50.0,78.0,75.0,0.62925,0.0,58.0,0.0,0.0,0.3245,"이제 가 줘. 아, 가고 싶어. 여기, 여기, 여기, 여기. 앉아, 앉으라고.","이제 가 줘. 아, 가고 싶어. 여기, 여기. 앉아, 앉으라고.",,40.21,T3,화자·문맥·자연스러움 집중 검토,,75.65622353937341,55.1,P3,말투·질문응답·가독성 위주 검토
ABF-169,기준본,397,"00:39:22,500 --> 00:39:23,380",0.88,들어가지 않게 조심해.,"여기, 여기. 보지에 딱 붙으면
그대로 들어가 버리겠지.",손으로 눌러가면서 하고 있어.,반응형,,,,,25.0,30.0,50.0,78.0,75.0,0.62038,0.0,58.0,0.0,0.0,0.5199,들어가지 않네.,잘 안 들어가네.,,39.84,T3,화자·문맥·자연스러움 집중 검토,,74.00508044030482,54.19,P3,말투·질문응답·가독성 위주 검토
ABF-169,기준본,398,"00:39:27,830 --> 00:39:29,630",1.8,손으로 눌러가면서 하고 있어.,들어가지 않게 조심해.,그거 치골 쪽이야?,반응형,,,,,25.0,30.0,50.0,78.0,75.0,0.75053,0.0,58.0,0.0,0.0,0.348,손으로 자지 쥐고 있어...,손으로 자지 쥐고 있어…,,45.3,T3,화자·문맥·자연스러움 집중 검토,,89.16172734970364,63.72,P2,앞뒤 5블록·사진·오류 기억을 함께 검토
ABF-169,기준본,399,"00:39:38,840 --> 00:39:39,520",0.68,그거 치골 쪽이야?,손으로 눌러가면서 하고 있어.,분명 클리라고 하려던 거지.,반말형,,,,,25.0,30.0,50.0,78.0,75.0,0.62973,0.0,58.0,0.0,0.0,0.626,어느 쪽이야?,어디가 좋아?,손상된 일본어 ASR + 타임스탬프 사진 + 앞뒤 문맥 추론,40.23,T3,화자·문맥·자연스러움 집중 검토,,75.86790855207451,55.2,P3,말투·질문응답·가독성 위주 검토
ABF-169,기준본,400,"00:39:41,040 --> 00:39:42,480",1.44,분명 클리라고 하려던 거지.,그거 치골 쪽이야?,난 치골이라고 했는데.,반말형,,,,,25.0,30.0,50.0,78.0,75.0,0.70595,0.0,58.0,0.0,0.0,0.3953,잘 거지.,갈 수 있어.,사진 장면 확인 및 한국어 번역투·ASR 오역 교정,43.43,T3,화자·문맥·자연스러움 집중 검토,,84.29297205757833,60.59,P2,앞뒤 5블록·사진·오류 기억을 함께 검토
ABF-169,기준본,401,"00:39:45,460 --> 00:39:47,180",1.72,난 치골이라고 했는데.,분명 클리라고 하려던 거지.,어때?,중립·혼합형,,,,,25.0,30.0,50.0,78.0,75.0,0.5422,0.0,58.0,0.0,0.0,0.2747,점점 더 단단해지네. 그러게. 난 아직 핥아주기만 했는데.,점점 더 단단해지네. 그러게.,,36.55,T3,화자·문맥·자연스러움 집중 검토,,60.88060965283658,46.77,P3,말투·질문응답·가독성 위주 검토
ABF-169,기준본,402,"00:39:54,630 --> 00:39:54,910",0.28,어때?,난 치골이라고 했는데.,어때?,반응형,,,,,25.0,30.0,50.0,78.0,75.0,0.20123,0.0,58.0,0.0,0.0,0.6453,어때? 맛은?,어때? 맛 평가해 줘.,일본어 원문 대조 + 자연스러운 한국어 대사 교정,22.23,T4,구조검사 통과 시 유지,,11.09229466553768,17.55,P4,회귀검사 통과 시 유지
ABF-169,기준본,403,"00:39:54,910 --> 00:39:54,930",0.02,어때?,어때?,금방이라도 넣어달라는 표정인데?,반응형,,,,,25.0,30.0,50.0,78.0,75.0,0.426,0.0,58.0,70.0,0.0,0.6453,어때? 맛은?,어때? 맛 평가해 줘.,일본어 원문 대조 + 자연스러운 한국어 대사 교정,38.67,T3,화자·문맥·자연스러움 집중 검토,high_cps,68.79762912785775,51.32,P3,말투·질문응답·가독성 위주 검토
ABF-169,기준본,404,"00:40:12,310 --> 00:40:14,010",1.7,금방이라도 넣어달라는 표정인데?,어때?,엄청 좋아.,반응형,,,,,25.0,30.0,50.0,78.0,79.0,0.79814,0.0,58.0,0.0,0.0,0.4002,"금방이라도,",금방이라도,,47.54,T3,화자·문맥·자연스러움 집중 검토,,93.6917866215072,66.92,P2,앞뒤 5블록·사진·오류 기억을 함께 검토
ABF-169,기준본,405,"00:40:15,510 --> 00:40:16,290",0.78,엄청 좋아.,금방이라도 넣어달라는 표정인데?,넣고 싶어.,반응형,,,,,25.0,30.0,50.0,78.0,75.0,0.37039,0.0,58.0,0.0,0.0,0.5842,"아, 좋아.","아, 들어온다.",,29.34,T4,구조검사 통과 시 유지,,33.53090601185436,31.1,P4,회귀검사 통과 시 유지
ABF-169,기준본,406,"00:40:20,990 --> 00:40:22,190",1.2,넣고 싶어.,엄청 좋아.,"아니, 치골에 비비는 거였잖아.",반응형,,,,,25.0,30.0,50.0,78.0,79.0,0.55645,42.0,58.0,0.0,0.0,1.0,넣고 싶어.,빨리 넣고 싶어.,일본어 원문 대조 + 자연스러운 한국어 대사 교정,44.95,T3,화자·문맥·자연스러움 집중 검토,,88.56900931414056,63.27,P2,앞뒤 5블록·사진·오류 기억을 함께 검토
ABF-169,기준본,407,"00:40:24,010 --> 00:40:25,670",1.66,"아니, 치골에 비비는 거였잖아.",넣고 싶어.,치골에 비비는 거니까 클리에 직접 닿는 건 아니야.,반응형,,,,,25.0,30.0,50.0,78.0,75.0,0.61925,0.0,58.0,0.0,0.0,0.2127,"아니, 뜨거워.",몸이 뜨거워.,손상된 일본어 ASR + 타임스탬프 사진 + 앞뒤 문맥 추론,39.79,T3,화자·문맥·자연스러움 집중 검토,,73.70872142252328,54.04,P3,말투·질문응답·가독성 위주 검토
ABF-169,기준본,408,"00:40:52,190 --> 00:40:55,790",3.6,치골에 비비는 거니까 클리에 직접 닿는 건 아니야.,"아니, 치골에 비비는 거였잖아.",넣고 싶어지잖아.,반말형,,,,,25.0,30.0,50.0,78.0,75.0,0.82725,0.0,58.0,0.0,0.0,0.1707,- 이제 무리야... - 무리 아니야. 조금만 더.,- 이제 무리야… - 무리 아니야. 조금만 더.,,48.52,T3,화자·문맥·자연스러움 집중 검토,,95.5969517358171,68.29,P2,앞뒤 5블록·사진·오류 기억을 함께 검토
ABF-169,기준본,409,"00:40:59,110 --> 00:41:00,410",1.3,넣고 싶어지잖아.,치골에 비비는 거니까 클리에 직접 닿는 건 아니야.,지금 일부러 애태우는 중이니까.,반응형,,,,,25.0,30.0,50.0,78.0,79.0,0.62057,0.0,58.0,0.0,0.0,0.3642,넣고 싶어.,빨리 넣고 싶어.,일본어 원문 대조 + 자연스러운 한국어 대사 교정,40.08,T3,화자·문맥·자연스러움 집중 검토,,74.93649449618967,54.72,P3,말투·질문응답·가독성 위주 검토
ABF-169,기준본,410,"00:41:02,070 --> 00:41:03,870",1.8,지금 일부러 애태우는 중이니까.,넣고 싶어지잖아.,지금 일부러 애태우는 중이니까.,반말형,,,,,25.0,30.0,50.0,78.0,75.0,0.60027,0.0,58.0,0.0,0.0,0.1261,조심해. 지금은 안 되니까.,조심해. 아직 내려가면 안 돼.,일본어 원문 대조 + 자연스러운 한국어 대사 교정,38.99,T3,화자·문맥·자연스러움 집중 검토,,70.3640982218459,52.17,P3,말투·질문응답·가독성 위주 검토
ABF-169,기준본,411,"00:41:03,870 --> 00:41:04,490",0.62,지금 일부러 애태우는 중이니까.,지금 일부러 애태우는 중이니까.,"봐, 거기도 클리잖아.",반말형,,,,,25.0,30.0,50.0,78.0,75.0,0.71899,0.0,58.0,42.9,0.0,0.1261,조심해. 지금은 안 되니까.,조심해. 아직 내려가면 안 돼.,일본어 원문 대조 + 자연스러운 한국어 대사 교정,48.27,T3,화자·문맥·자연스러움 집중 검토,high_cps,95.08890770533446,67.93,P2,앞뒤 5블록·사진·오류 기억을 함께 검토
ABF-169,기준본,412,"00:41:17,720 --> 00:41:19,500",1.78,"봐, 거기도 클리잖아.",지금 일부러 애태우는 중이니까.,그치.,반응형,,,,,25.0,30.0,50.0,78.0,75.0,0.64906,0.0,58.0,0.0,0.0,0.3948,거기도 더 해줘.,거기도 더 해 줘.,,41.04,T3,화자·문맥·자연스러움 집중 검토,,77.7307366638442,56.45,P3,말투·질문응답·가독성 위주 검토
ABF-169,기준본,413,"00:41:19,780 --> 00:41:21,200",1.42,그치.,"봐, 거기도 클리잖아.","정말, 말 안 들을 거야?",중립·혼합형,,,,,25.0,30.0,50.0,78.0,75.0,0.31661,0.0,58.0,0.0,0.0,0.1267,우리도 그러고 싶죠. 그치?,저희도 그러고 싶어요. 그렇지?,한국어 자연화,27.08,T4,구조검사 통과 시 유지,,24.64013547840813,26.06,P4,회귀검사 통과 시 유지
ABF-169,기준본,414,"00:41:24,320 --> 00:41:25,880",1.56,"정말, 말 안 들을 거야?",그치.,응.,반말형,,,,,25.0,30.0,50.0,78.0,75.0,0.56029,0.0,58.0,0.0,0.0,0.2623,끼우는 거야?,끼는 거지?,일본어 원문 대조 + 자연스러운 한국어 대사 교정,37.31,T3,화자·문맥·자연스러움 집중 검토,,64.52159187129551,48.74,P3,말투·질문응답·가독성 위주 검토
ABF-169,기준본,415,"00:41:31,500 --> 00:41:31,920",0.42,응.,"정말, 말 안 들을 거야?",넣고 싶어.,반응형,,,,,25.0,30.0,50.0,78.0,75.0,0.07579,0.0,58.0,0.0,0.0,0.467,"하-, 응.",하아… 응.,,16.96,T4,구조검사 통과 시 유지,,1.6088060965283657,10.51,P4,회귀검사 통과 시 유지
ABF-169,기준본,416,"00:41:39,840 --> 00:41:40,680",0.84,넣고 싶어.,응.,그 자세로는 못 넣는 거야?,반응형,,,,,25.0,30.0,50.0,78.0,79.0,0.63073,42.0,58.0,0.0,0.0,1.0,넣고 싶어.,빨리 넣고 싶어.,일본어 원문 대조 + 자연스러운 한국어 대사 교정,48.07,T3,화자·문맥·자연스러움 집중 검토,,94.62320067739203,67.62,P2,앞뒤 5블록·사진·오류 기억을 함께 검토
ABF-169,기준본,417,"00:42:01,840 --> 00:42:03,220",1.38,그 자세로는 못 넣는 거야?,넣고 싶어.,응?,반말형,,,,,25.0,30.0,50.0,78.0,79.0,0.78633,0.0,58.0,0.0,0.0,0.3042,이 자세가 좋은 거야?,내가 신진대사가 좋은 건가?,일본어 원문 대조 + 자연스러운 한국어 대사 교정,47.05,T3,화자·문맥·자연스러움 집중 검토,,92.84504657070279,66.28,P2,앞뒤 5블록·사진·오류 기억을 함께 검토
ABF-169,기준본,418,"00:42:03,860 --> 00:42:04,200",0.34,응?,그 자세로는 못 넣는 거야?,그 자세로는 못 넣는 거야?,반응형,,,,,25.0,30.0,50.0,78.0,75.0,0.27313,0.0,58.0,0.0,0.0,0.42,응? 잠깐 기다려…,응? 잠깐만…,일본어 원문 대조 + 자연스러운 한국어 대사 교정,25.25,T4,구조검사 통과 시 유지,,19.390347163420827,22.79,P4,회귀검사 통과 시 유지
ABF-169,기준본,419,"00:42:04,360 --> 00:42:05,720",1.36,그 자세로는 못 넣는 거야?,응?,응.,반말형,,,,,25.0,30.0,50.0,78.0,79.0,0.79802,0.0,58.0,0.0,0.0,0.3042,이 자세가 좋은 거야?,내가 신진대사가 좋은 건가?,일본어 원문 대조 + 자연스러운 한국어 대사 교정,47.54,T3,화자·문맥·자연스러움 집중 검토,,93.6917866215072,66.92,P2,앞뒤 5블록·사진·오류 기억을 함께 검토
ABF-169,기준본,420,"00:42:05,720 --> 00:42:07,100",1.38,응.,그 자세로는 못 넣는 거야?,응.,반응형,,,,,25.0,30.0,50.0,78.0,75.0,0.10946,0.0,58.0,0.0,0.0,0.467,"하-, 응.",하아… 응.,,18.38,T4,구조검사 통과 시 유지,,3.429297205757832,12.1,P4,회귀검사 통과 시 유지
ABF-169,기준본,421,"00:42:13,220 --> 00:42:14,620",1.4,응.,응.,응.,반응형,,,,,25.0,30.0,50.0,78.0,75.0,0.0743,0.0,58.0,0.0,30.0,0.467,"하-, 응.",하아… 응.,,19.3,T4,구조검사 통과 시 유지,triple_identical_run,5.4191363251481794,13.47,P4,회귀검사 통과 시 유지
ABF-169,기준본,422,"00:42:25,080 --> 00:42:25,100",0.02,응.,응.,아.,반응형,,,,,25.0,30.0,50.0,78.0,75.0,0.12618,0.0,58.0,70.0,0.0,0.467,"하-, 응.",하아… 응.,,26.08,T4,구조검사 통과 시 유지,high_cps,21.76121930567316,24.27,P4,회귀검사 통과 시 유지
ABF-169,기준본,423,"00:42:27,680 --> 00:42:27,920",0.24,아.,응.,잠깐만.,반응형,,,,,25.0,30.0,50.0,78.0,75.0,0.33016,0.0,58.0,0.0,0.0,0.4574,"왠지, 아.","아, 뭐야.",일본어 원문 대조 + 자연스러운 한국어 대사 교정,27.65,T4,구조검사 통과 시 유지,,26.502963590177814,27.17,P4,회귀검사 통과 시 유지
ABF-169,기준본,424,"00:42:31,290 --> 00:42:32,510",1.22,잠깐만.,아.,간이침대로 갈까?,반응형,,,,,25.0,30.0,50.0,78.0,75.0,0.2913,11.96,58.0,0.0,0.0,0.7497,하아… 잠깐만.,목욕물 받아 놓은 거지?,일본어 원문 + 타임스탬프 사진 + 장면 연속성,28.17,T4,구조검사 통과 시 유지,,28.662150719729045,28.38,P4,회귀검사 통과 시 유지
ABF-169,기준본,425,"00:42:33,670 --> 00:42:34,810",1.14,간이침대로 갈까?,잠깐만.,"아, 기분 좋아. 잘하네.",중립·혼합형,,,,,25.0,30.0,50.0,78.0,75.0,0.51187,0.0,58.0,0.0,0.0,0.1261,- 땀도 흘렸으니 슬슬 샤워하러 갈까? - 좋은 냄새 나는데? - 정수리 냄새 맡지 마. - 그럼 샤워하러 가자.,- 땀도 흘렸으니 슬슬 샤워하러 갈까? - 응. 정수리 냄새는 맡지 마.,4줄 대화를 2줄로 재배치,35.28,T3,화자·문맥·자연스러움 집중 검토,,56.0965283657917,44.02,P3,말투·질문응답·가독성 위주 검토
ABF-169,기준본,426,"00:43:54,520 --> 00:43:57,780",3.26,"아, 기분 좋아. 잘하네.",간이침대로 갈까?,커…,반응형,,,,,25.0,30.0,50.0,78.0,75.0,0.56577,0.0,58.0,0.0,0.0,0.5718,"아, 잘하네...","아, 잘하네…",,37.54,T3,화자·문맥·자연스러움 집중 검토,,65.36833192209993,49.23,P3,말투·질문응답·가독성 위주 검토
ABF-169,기준본,427,"00:43:58,640 --> 00:44:09,610",10.97,커…,"아, 기분 좋아. 잘하네.",너무 커…,중립·혼합형,,,,,25.0,30.0,50.0,78.0,75.0,0.14818,0.0,58.0,0.0,0.0,0.0817,엄청 커...,엄청 커…,,20.0,T4,구조검사 통과 시 유지,,6.435224386113463,14.3,P4,회귀검사 통과 시 유지
ABF-169,기준본,428,"00:44:09,610 --> 00:44:10,550",0.94,너무 커…,커…,쌀 것 같아…,중립·혼합형,,,,,25.0,30.0,50.0,78.0,75.0,0.34922,0.0,58.0,0.0,0.0,0.2607,"하아, 너무 기분 좋아...","하아, 너무 기분 좋아…",,28.45,T4,구조검사 통과 시 유지,,30.143945808636747,29.16,P4,회귀검사 통과 시 유지
ABF-169,기준본,429,"00:44:26,120 --> 00:44:27,260",1.14,쌀 것 같아…,너무 커…,커…,반응형,,,,,25.0,30.0,50.0,78.0,75.0,0.45565,0.0,58.0,0.0,0.0,0.3047,갈 것 같아.,진짜 갈 것 같아.,일본어 원문 대조 + 자연스러운 한국어 대사 교정,32.92,T4,구조검사 통과 시 유지,,47.54445385266723,39.06,P4,회귀검사 통과 시 유지
ABF-169,기준본,430,"00:44:57,770 --> 00:44:59,370",1.6,커…,쌀 것 같아…,너무 커서 아파…,중립·혼합형,,,,,25.0,30.0,50.0,78.0,75.0,0.1916,0.0,58.0,0.0,0.0,0.0817,엄청 커...,엄청 커…,,21.83,T4,구조검사 통과 시 유지,,9.906858594411517,16.82,P4,회귀검사 통과 시 유지
ABF-169,기준본,431,"00:44:59,370 --> 00:45:00,730",1.36,너무 커서 아파…,커…,"아, 역시.",반응형,,,,,25.0,30.0,50.0,78.0,75.0,0.43214,0.0,58.0,0.0,0.0,0.1904,배가 다시 아파요. 너무 조이고 아파요.,너무 깊어서 아파요…,타임스탬프 사진과 장면 흐름으로 명백한 오인식 교정,31.93,T4,구조검사 통과 시 유지,,43.226079593564776,36.67,P4,회귀검사 통과 시 유지
ABF-169,기준본,432,"00:45:03,870 --> 00:45:04,790",0.92,"아, 역시.",너무 커서 아파…,아… 미치겠어.,반응형,,,,,25.0,30.0,50.0,78.0,75.0,0.36925,11.78,58.0,0.0,0.0,0.7481,하아 역시.,하아… 역시.,일본어 원문 대조 + 자연스러운 한국어 대사 교정,31.41,T4,구조검사 통과 시 유지,,41.74428450465707,35.75,P4,회귀검사 통과 시 유지
ABF-169,기준본,433,"00:45:07,490 --> 00:45:11,210",3.72,아… 미치겠어.,"아, 역시.","아, 읏.",반응형,,,,,25.0,30.0,50.0,78.0,75.0,0.36726,0.0,58.0,0.0,0.0,0.302,"싫어, 아… 아… 아…",싫어… 아… 아…,일본어 원문 대조 + 자연스러운 한국어 대사 교정,29.21,T4,구조검사 통과 시 유지,,32.85351397121084,30.74,P4,회귀검사 통과 시 유지
ABF-169,기준본,434,"00:45:11,330 --> 00:45:12,670",1.34,"아, 읏.",아… 미치겠어.,안 돼 안 돼 안 돼 안 돼.,반응형,,,,,25.0,30.0,50.0,78.0,75.0,0.31543,0.0,58.0,0.0,0.0,0.4737,"아, 아, 아, 아, 아, 아, 아,","아, 아, 아, 아, 아, 아, 아",,27.03,T4,구조검사 통과 시 유지,,24.513124470787467,25.97,P4,회귀검사 통과 시 유지
ABF-169,기준본,435,"00:45:22,580 --> 00:45:35,710",13.13,안 돼 안 돼 안 돼 안 돼.,"아, 읏.",앗!,중립·혼합형,,,,,25.0,30.0,50.0,78.0,75.0,0.49615,5.61,58.0,0.0,0.0,0.6967,안 돼.,"네, 놀랐어요.",타임스탬프 사진과 앞뒤 장면으로 대사 기능 복원,35.63,T3,화자·문맥·자연스러움 집중 검토,,57.40897544453853,44.78,P3,말투·질문응답·가독성 위주 검토
ABF-169,기준본,436,"00:45:41,430 --> 00:45:41,550",0.12,앗!,안 돼 안 돼 안 돼 안 돼.,"응, 읏 응",반응형,,,,,25.0,30.0,50.0,78.0,75.0,0.10875,0.0,58.0,25.0,0.0,0.3974,먹어줬으면 해서... 앗!,먹어줬으면 해서… 앗!,,20.85,T4,구조검사 통과 시 유지,borderline_cps,7.535986452159187,15.26,P4,회귀검사 통과 시 유지
ABF-169,기준본,437,"00:46:02,640 --> 00:46:03,220",0.58,"응, 읏 응",앗!,"하잇, 픗",반응형,,,,,25.0,30.0,50.0,78.0,75.0,0.36171,0.0,58.0,0.0,0.0,0.3427,"응, 더...","응, 더…",,28.97,T4,구조검사 통과 시 유지,,32.17612193056731,30.32,P4,회귀검사 통과 시 유지
ABF-169,기준본,438,"00:46:04,060 --> 00:46:06,780",2.72,"하잇, 픗","응, 읏 응","응, 기분 좋아",중립·혼합형,,,,,25.0,30.0,50.0,78.0,75.0,0.3236,0.0,58.0,0.0,0.0,0.0403,"하아, 하아...","하아, 하아…",,27.37,T4,구조검사 통과 시 유지,,25.867908552074514,26.74,P4,회귀검사 통과 시 유지
ABF-169,기준본,439,"00:46:06,780 --> 00:46:07,300",0.52,"응, 기분 좋아","하잇, 픗",응 응,반응형,,,,,25.0,30.0,50.0,78.0,75.0,0.40408,0.0,58.0,0.0,0.0,0.4308,기분 좋아.,"아, 좋아.",화면 영문 자막 대조,30.75,T4,구조검사 통과 시 유지,,39.45808636748519,34.41,P4,회귀검사 통과 시 유지
ABF-169,기준본,440,"00:46:21,260 --> 00:46:23,000",1.74,응 응,"응, 기분 좋아",아앗,반응형,,,,,25.0,30.0,50.0,78.0,75.0,0.21354,0.0,58.0,0.0,0.0,0.0923,응...,응…,,22.75,T4,구조검사 통과 시 유지,,12.531752751905165,18.46,P4,회귀검사 통과 시 유지
ABF-169,기준본,441,"00:46:23,000 --> 00:46:24,420",1.42,아앗,응 응,"응, 읏",반응형,,,,,25.0,30.0,50.0,78.0,75.0,0.21318,0.0,58.0,0.0,0.0,0.056,"아, 아, 아, 아, 아, 아, 아,","아, 아, 아, 아, 아, 아, 아",,22.73,T4,구조검사 통과 시 유지,,12.362404741744285,18.38,P4,회귀검사 통과 시 유지
ABF-169,기준본,442,"00:46:25,060 --> 00:46:28,900",3.84,"응, 읏",아앗,괜찮아,반응형,,,,,25.0,30.0,50.0,78.0,75.0,0.35945,0.0,58.0,0.0,0.0,0.3667,"응, 더...","응, 더…",,28.88,T4,구조검사 통과 시 유지,,31.710414902624894,30.07,P4,회귀검사 통과 시 유지
ABF-169,기준본,443,"00:46:46,380 --> 00:46:47,500",1.12,괜찮아,"응, 읏",괜찮아 괜찮아,반응형,,,,,25.0,30.0,50.0,78.0,75.0,0.2334,0.0,58.0,0.0,0.0,0.4344,괜찮아.,최고예요.,화면 영문 자막 대조,23.58,T4,구조검사 통과 시 유지,,14.690939881456394,19.85,P4,회귀검사 통과 시 유지
ABF-169,기준본,444,"00:46:47,500 --> 00:46:49,100",1.6,괜찮아 괜찮아,괜찮아,아아아… 엇!,반응형,,,,,25.0,30.0,50.0,78.0,75.0,0.44736,0.0,58.0,0.0,0.0,0.4344,괜찮아.,최고예요.,화면 영문 자막 대조,32.57,T4,구조검사 통과 시 유지,,46.147332768839966,38.27,P4,회귀검사 통과 시 유지
ABF-169,기준본,445,"00:46:49,100 --> 00:47:01,830",12.73,아아아… 엇!,괜찮아 괜찮아,"아, 아, 아, 아, 아, 아",반응형,,,,,25.0,30.0,50.0,78.0,75.0,0.23531,14.07,58.0,0.0,0.0,0.7672,아아아…,잠깐만.,일본어 원문 + 타임스탬프 사진 + 장면 연속성,26.2,T4,구조검사 통과 시 유지,,22.18458933107536,24.51,P4,회귀검사 통과 시 유지
ABF-169,기준본,446,"00:47:01,830 --> 00:47:05,510",3.68,"아, 아, 아, 아, 아, 아",아아아… 엇!,앗,중립·혼합형,,,,,25.0,30.0,50.0,78.0,75.0,0.44496,63.53,58.0,0.0,0.0,0.9794,"아, 아, 아, 아, 아, 아, 아, 아, 아, 아, 아, 아, 아, 아, 아, 아, 아, 아, 아, 아, 아, 아, 아, 아, 아, 아, 아, 아, 아, 아, 아, 아, 아, 아, 아, 아, 아, 아, 아, 아, 아, 아, 아, 아, 아, 아, 아, 아, 아, 아, 아, 아, 아, 아, 아, 아, 아, 아, 아, 아, 아, 아, 아, 아, 아, 아, 아, 아, 아, 아, 아, 아, 아, 아, 아, 아, 아, 아, 아, 아, 아, 아, 아, 아, 아, 아, 아, 아, 아, 아, 아, 아, 아, 아, 아, 아, 아, 아, 아, 아, 아, 아, 아, 아, 아, 아, 아, 아, 아, 아, 아, 아",아아아…!,,43.9,T3,화자·문맥·자연스러움 집중 검토,token_repetition,85.43607112616426,61.35,P2,앞뒤 5블록·사진·오류 기억을 함께 검토
ABF-169,기준본,447,"00:47:05,510 --> 00:47:06,650",1.14,앗,"아, 아, 아, 아, 아, 아","와, 미치겠네.",반응형,,,,,25.0,30.0,50.0,78.0,75.0,0.11287,0.0,58.0,0.0,0.0,0.144,앗...,앗…,,18.52,T4,구조검사 통과 시 유지,,4.064352243861134,12.45,P4,회귀검사 통과 시 유지
ABF-169,기준본,448,"00:47:12,720 --> 00:47:13,840",1.12,"와, 미치겠네.",앗,뭐야 이거.,반말형,,,,,25.0,30.0,50.0,78.0,75.0,0.36949,0.0,58.0,0.0,0.0,0.2073,"와, 짱이다.","와, 아담하다.",일본어 원문 + 타임스탬프 사진 + 장면 연속성,29.3,T4,구조검사 통과 시 유지,,33.1922099915326,30.93,P4,회귀검사 통과 시 유지
ABF-169,기준본,449,"00:47:22,600 --> 00:47:23,820",1.22,뭐야 이거.,"와, 미치겠네.",엄청 만지잖아.,반말형,,,,,25.0,30.0,50.0,78.0,75.0,0.45115,0.0,58.0,0.0,0.0,0.6222,"네, 이거.","네, 해 볼게요.",사진 장면 확인 및 한국어 번역투·ASR 오역 교정,32.73,T4,구조검사 통과 시 유지,,46.824724809483484,38.65,P4,회귀검사 통과 시 유지
ABF-169,기준본,450,"00:47:32,820 --> 00:47:34,340",1.52,엄청 만지잖아.,뭐야 이거.,침대가 이제 여기 없잖아.,반응형,,,,,25.0,30.0,50.0,78.0,75.0,0.57827,0.0,58.0,0.0,0.0,0.257,엄청 느끼고 있잖아.,엄청 좋아하잖아.,,38.07,T3,화자·문맥·자연스러움 집중 검토,,66.93480101608806,50.19,P3,말투·질문응답·가독성 위주 검토
ABF-169,기준본,451,"00:47:43,400 --> 00:47:48,160",4.76,침대가 이제 여기 없잖아.,엄청 만지잖아.,왜 없지?,반응형,,,,,25.0,30.0,50.0,78.0,75.0,0.72209,42.0,58.0,0.0,0.0,1.0,침대가 이제 여기 없잖아.,침대가 여기까지 밀렸잖아.,,51.67,T3,화자·문맥·자연스러움 집중 검토,,98.89923793395428,71.51,P2,앞뒤 5블록·사진·오류 기억을 함께 검토
ABF-169,기준본,452,"00:47:49,880 --> 00:47:50,420",0.54,왜 없지?,침대가 이제 여기 없잖아.,"그러게, 어디 갔지?",반말형,,,,,25.0,30.0,50.0,78.0,75.0,0.45775,42.0,58.0,0.0,0.0,1.0,왜 없지?,어라?,,40.57,T3,화자·문맥·자연스러움 집중 검토,,76.62997459779848,55.72,P3,말투·질문응답·가독성 위주 검토
ABF-169,기준본,453,"00:47:51,580 --> 00:47:54,840",3.26,"그러게, 어디 갔지?",왜 없지?,앗! 앗!,반응형,,,,,25.0,30.0,50.0,78.0,75.0,0.54205,42.0,58.0,0.0,0.0,1.0,"그러게, 어디 갔지?",완전 비스듬해졌네.,,44.11,T3,화자·문맥·자연스러움 집중 검토,,86.02878916172735,61.72,P2,앞뒤 5블록·사진·오류 기억을 함께 검토
ABF-169,기준본,454,"00:47:55,620 --> 00:47:57,080",1.46,앗! 앗!,"그러게, 어디 갔지?",빨아줘.,반응형,,,,,25.0,30.0,50.0,78.0,75.0,0.10691,0.0,58.0,0.0,0.0,0.3974,먹어줬으면 해서... 앗!,먹어줬으면 해서… 앗!,,18.27,T4,구조검사 통과 시 유지,,2.963590177815411,11.84,P4,회귀검사 통과 시 유지
ABF-169,기준본,455,"00:47:58,760 --> 00:47:59,880",1.12,빨아줘.,앗! 앗!,기분 좋아.,반응형,,,,,25.0,30.0,50.0,78.0,75.0,0.26601,0.0,58.0,0.0,0.0,0.1965,잘 빨아?,더 빨고 싶어?,일본어 원문 대조 + 자연스러운 한국어 대사 교정,24.95,T4,구조검사 통과 시 유지,,18.79762912785775,22.37,P4,회귀검사 통과 시 유지
ABF-169,기준본,456,"00:48:00,840 --> 00:48:01,920",1.08,기분 좋아.,빨아줘.,"이쪽, 이쪽.",반응형,,,,,25.0,30.0,50.0,78.0,75.0,0.2353,42.0,58.0,0.0,0.0,1.0,기분 좋아.,"아, 좋아.",화면 영문 자막 대조,31.22,T4,구조검사 통과 시 유지,,40.89754445385267,35.28,P4,회귀검사 통과 시 유지
ABF-169,기준본,457,"00:48:31,510 --> 00:48:33,530",2.02,"이쪽, 이쪽.",기분 좋아.,이쪽이 엄청 딱딱해.,중립·혼합형,,,,,25.0,30.0,50.0,78.0,75.0,0.33681,0.0,58.0,0.0,0.0,0.3688,이쪽...,이쪽…,,27.93,T4,구조검사 통과 시 유지,,27.34970364098222,27.69,P4,회귀검사 통과 시 유지
ABF-169,기준본,458,"00:48:33,530 --> 00:48:34,750",1.22,이쪽이 엄청 딱딱해.,"이쪽, 이쪽.",하앗…,반말형,,,,,25.0,30.0,50.0,78.0,75.0,0.5962,0.0,58.0,0.0,0.0,0.5489,엄청 딱딱해...,엄청 딱딱해…,,38.82,T3,화자·문맥·자연스러움 집중 검토,,69.39034716342083,51.66,P3,말투·질문응답·가독성 위주 검토
ABF-169,기준본,459,"00:48:37,270 --> 00:48:38,530",1.26,하앗…,이쪽이 엄청 딱딱해.,딱 붙여서.,반응형,,,,,25.0,30.0,50.0,78.0,75.0,0.34336,0.0,58.0,0.0,0.0,0.161,"하앗, 죄송해요.","하앗, 기분 좋아요.",장면·앞뒤 반응 복원,28.2,T4,구조검사 통과 시 유지,,28.87383573243014,28.48,P4,회귀검사 통과 시 유지
ABF-169,기준본,460,"00:48:38,970 --> 00:48:44,460",5.49,딱 붙여서.,하앗…,어떻게 하고 싶었어?,중립·혼합형,,,,,25.0,30.0,50.0,78.0,75.0,0.55203,0.0,58.0,0.0,0.0,0.1592,너도 딱 붙어 있잖아...,너도 딱 붙어 있잖아…,,36.97,T3,화자·문맥·자연스러움 집중 검토,,62.658763759525826,47.76,P3,말투·질문응답·가독성 위주 검토
ABF-169,기준본,461,"00:49:06,000 --> 00:49:07,780",1.78,어떻게 하고 싶었어?,딱 붙여서.,"어, 뭐야?",반응형,,,,,25.0,30.0,50.0,78.0,75.0,0.59153,0.0,58.0,0.0,0.0,0.4011,정말 하고 싶었어.,봐도 돼?,일본어 원문 + 타임스탬프 사진 + 장면 연속성,38.62,T3,화자·문맥·자연스러움 집중 검토,,68.58594411515665,51.21,P3,말투·질문응답·가독성 위주 검토
ABF-169,기준본,462,"00:49:36,360 --> 00:49:55,600",19.24,"어, 뭐야?",어떻게 하고 싶었어?,뭐야?,반응형,,,,,25.0,30.0,50.0,78.0,75.0,0.37885,0.0,58.0,0.0,0.0,0.5752,"아, 아... 뭐야?","아, 아… 뭐야?",,29.69,T4,구조검사 통과 시 유지,,34.716342082980525,31.8,P4,회귀검사 통과 시 유지
ABF-169,기준본,463,"00:49:55,600 --> 00:49:57,680",2.08,뭐야?,"어, 뭐야?",뭐라고?,반말형,,,,,25.0,30.0,50.0,78.0,75.0,0.20311,5.7,58.0,0.0,0.0,0.6975,"아, 아... 뭐야?","아, 아… 뭐야?",,23.34,T4,구조검사 통과 시 유지,,13.971210838272649,19.41,P4,회귀검사 통과 시 유지
ABF-169,기준본,464,"00:49:57,900 --> 00:49:58,240",0.34,뭐라고?,뭐야?,뭐라고?,중립·혼합형,,,,,25.0,30.0,50.0,78.0,75.0,0.2224,0.97,58.0,0.0,0.0,0.658,샴페인이 뭐라고?,샴페인 이름이 뭐였지?,사진 장면 확인 및 한국어 번역투·ASR 오역 교정,23.29,T4,구조검사 통과 시 유지,,13.80186282811177,19.3,P4,회귀검사 통과 시 유지
ABF-169,기준본,465,"00:49:58,340 --> 00:49:59,620",1.28,뭐라고?,뭐라고?,좋잖아.,중립·혼합형,,,,,25.0,30.0,50.0,78.0,75.0,0.35831,0.97,58.0,0.0,0.0,0.658,샴페인이 뭐라고?,샴페인 이름이 뭐였지?,사진 장면 확인 및 한국어 번역투·ASR 오역 교정,29.0,T4,구조검사 통과 시 유지,,32.26079593564776,30.37,P4,회귀검사 통과 시 유지
ABF-169,기준본,466,"00:50:01,380 --> 00:50:02,840",1.46,좋잖아.,뭐라고?,벌써 젖었어.,반응형,,,,,25.0,30.0,50.0,78.0,75.0,0.43039,0.0,58.0,0.0,0.0,0.5661,너도 기분 좋잖아...,너도 기분 좋잖아…,,31.86,T4,구조검사 통과 시 유지,,43.09906858594412,36.58,P4,회귀검사 통과 시 유지
ABF-169,기준본,467,"00:50:55,110 --> 00:51:04,180",9.07,벌써 젖었어.,좋잖아.,젖었네.,반응형,,,,,25.0,30.0,50.0,78.0,79.0,0.77331,0.0,58.0,0.0,0.0,0.4658,허벅지까지 젖었어.,허벅지까지 흠뻑 젖었어.,일본어 원문 대조 + 자연스러운 한국어 대사 교정,46.5,T3,화자·문맥·자연스러움 집중 검토,,91.70194750211685,65.48,P2,앞뒤 5블록·사진·오류 기억을 함께 검토
ABF-169,기준본,468,"00:51:04,980 --> 00:51:05,860",0.88,젖었네.,벌써 젖었어.,대단해.,반말형,,,,,25.0,30.0,50.0,78.0,79.0,0.60405,0.0,58.0,0.0,0.0,0.6194,엄청 젖었네...,엄청 젖었네…,,39.39,T3,화자·문맥·자연스러움 집중 검토,,72.01524132091448,53.09,P3,말투·질문응답·가독성 위주 검토
ABF-169,기준본,469,"00:51:13,340 --> 00:51:14,380",1.04,대단해.,젖었네.,젖었어.,반말형,,,,,25.0,30.0,50.0,78.0,75.0,0.46822,42.0,58.0,0.0,0.0,1.0,대단해.,기분 좋네.,일본어 원문 + 타임스탬프 사진 + 장면 연속성,41.01,T3,화자·문맥·자연스러움 집중 검토,,77.64606265876375,56.4,P3,말투·질문응답·가독성 위주 검토
ABF-169,기준본,470,"00:51:15,040 --> 00:51:15,940",0.9,젖었어.,대단해.,대박.,반응형,,,,,25.0,30.0,50.0,78.0,79.0,0.54103,0.0,58.0,0.0,0.0,0.5672,허벅지까지 젖었어.,허벅지까지 흠뻑 젖었어.,일본어 원문 대조 + 자연스러운 한국어 대사 교정,36.74,T3,화자·문맥·자연스러움 집중 검토,,61.769686706181204,47.25,P3,말투·질문응답·가독성 위주 검토
ABF-169,기준본,471,"00:51:19,080 --> 00:51:20,120",1.04,대박.,젖었어.,이거 진짜 큰일인데.,중립·혼합형,,,,,25.0,30.0,50.0,78.0,75.0,0.25995,5.12,58.0,0.0,0.0,0.6927,에~ 대박.,에… 대박.,,25.62,T4,구조검사 통과 시 유지,,20.660457239627434,23.54,P4,회귀검사 통과 시 유지
ABF-169,기준본,472,"00:51:20,120 --> 00:51:28,400",8.28,이거 진짜 큰일인데.,대박.,"응, 언제든 싸도 돼.",중립·혼합형,,,,,25.0,30.0,50.0,78.0,75.0,0.47536,0.0,58.0,0.0,0.0,0.3318,- 큰일 났다... - 뭐가 큰일인데?,- 큰일 났다… - 뭐가 큰일인데?,,33.75,T4,구조검사 통과 시 유지,,51.4817950889077,41.2,P3,말투·질문응답·가독성 위주 검토
ABF-169,기준본,473,"00:51:47,230 --> 00:51:52,810",5.58,"응, 언제든 싸도 돼.",이거 진짜 큰일인데.,한 번 더 싸줘.,반응형,,,,,25.0,30.0,50.0,78.0,75.0,0.59552,0.0,58.0,0.0,0.0,0.436,"언제든 좋지, 사야!","여기도 좋지, 사야?",장면 문맥상 오역 교정,38.79,T3,화자·문맥·자연스러움 집중 검토,,69.17866215071973,51.55,P3,말투·질문응답·가독성 위주 검토
ABF-169,기준본,474,"00:51:57,930 --> 00:53:16,600",78.67,한 번 더 싸줘.,"응, 언제든 싸도 돼.","응, 알겠어.",중립·혼합형,,,,,25.0,30.0,50.0,78.0,75.0,0.71257,0.0,58.0,0.0,0.0,0.265,"한 번 더, 내려와 줘.",조금만 더 내려와 줘.,,43.71,T3,화자·문맥·자연스러움 집중 검토,,85.18204911092295,61.13,P2,앞뒤 5블록·사진·오류 기억을 함께 검토
ABF-169,기준본,475,"00:53:18,940 --> 00:53:21,800",2.86,"응, 알겠어.",한 번 더 싸줘.,미안해.,반응형,,,,,25.0,30.0,50.0,78.0,75.0,0.50508,9.43,58.0,0.0,0.0,0.7286,왠지 알겠어.,어떻게 알았어?,손상된 일본어 ASR + 타임스탬프 사진 + 앞뒤 문맥 추론,36.69,T3,화자·문맥·자연스러움 집중 검토,,61.38865368331922,47.06,P3,말투·질문응답·가독성 위주 검토
ABF-169,기준본,476,"00:53:24,390 --> 00:53:28,510",4.12,미안해.,"응, 알겠어.",응.,반말형,,,,,25.0,30.0,50.0,78.0,75.0,0.3255,17.73,58.0,0.0,0.0,0.7978,아... 미안해.,아… 미안해.,,30.64,T4,구조검사 통과 시 유지,,38.82303132938188,34.08,P4,회귀검사 통과 시 유지
ABF-169,기준본,477,"00:53:35,060 --> 00:53:36,560",1.5,응.,미안해.,기분 좋아.,반응형,,,,,25.0,30.0,50.0,78.0,75.0,0.09168,0.0,58.0,0.0,0.0,0.467,"하-, 응.",하아… 응.,,17.63,T4,구조검사 통과 시 유지,,2.201524132091448,11.15,P4,회귀검사 통과 시 유지
ABF-169,기준본,478,"00:53:40,900 --> 00:53:42,140",1.24,기분 좋아.,응.,응.,반응형,,,,,25.0,30.0,50.0,78.0,75.0,0.16501,42.0,58.0,0.0,0.0,1.0,기분 좋아.,"아, 좋아.",화면 영문 자막 대조,28.27,T4,구조검사 통과 시 유지,,29.297205757832344,28.7,P4,회귀검사 통과 시 유지
ABF-169,기준본,479,"00:53:43,520 --> 00:53:44,220",0.7,응.,기분 좋아.,아아.,반응형,,,,,25.0,30.0,50.0,78.0,75.0,0.0654,0.0,58.0,0.0,0.0,0.467,"하-, 응.",하아… 응.,,16.53,T4,구조검사 통과 시 유지,,1.0160880609652836,10.01,P4,회귀검사 통과 시 유지
ABF-169,기준본,480,"00:53:49,650 --> 00:53:50,710",1.06,아아.,응.,네.,반응형,,,,,25.0,30.0,50.0,78.0,75.0,0.19728,0.0,58.0,0.0,0.0,0.4608,아아...,아아…,,22.07,T4,구조검사 통과 시 유지,,10.414902624894157,17.17,P4,회귀검사 통과 시 유지
ABF-169,기준본,481,"00:53:50,710 --> 00:53:51,450",0.74,네.,아아.,"아, 에…",반말형,,,,,25.0,30.0,50.0,78.0,75.0,0.14083,8.13,58.0,0.0,0.0,0.7177,"네, 네.",네.,불필요한 반복 제거,21.16,T4,구조검사 통과 시 유지,,8.044030482641828,15.65,P4,회귀검사 통과 시 유지
ABF-169,기준본,482,"00:54:05,780 --> 00:54:06,820",1.04,"아, 에…",네.,"아, 아…",반응형,,,,,25.0,30.0,50.0,78.0,75.0,0.21331,0.0,58.0,0.0,0.0,0.4583,"아, 아, 아, 아, 아, 아, 아,","아, 아, 아, 아, 아, 아, 아",,22.74,T4,구조검사 통과 시 유지,,12.447078746824724,18.42,P4,회귀검사 통과 시 유지
ABF-169,기준본,483,"00:54:16,720 --> 00:54:18,600",1.88,"아, 아…","아, 에…",네.,반응형,,,,,25.0,30.0,50.0,78.0,75.0,0.15638,35.12,58.0,0.0,0.0,0.9427,"아, 아, 아, 아…","아, 아, 아…",일본어 원문 대조 + 자연스러운 한국어 대사 교정,26.67,T4,구조검사 통과 시 유지,,23.412362404741742,25.3,P4,회귀검사 통과 시 유지
ABF-169,기준본,484,"00:54:19,040 --> 00:54:19,520",0.48,네.,"아, 아…",조금만 더 힘내자.,반말형,,,,,25.0,30.0,50.0,78.0,75.0,0.20419,8.13,58.0,0.0,0.0,0.7177,"네, 네.",네.,불필요한 반복 제거,23.82,T4,구조검사 통과 시 유지,,15.410668924640136,20.29,P4,회귀검사 통과 시 유지
ABF-169,기준본,485,"00:54:19,840 --> 00:54:22,300",2.46,조금만 더 힘내자.,네.,"아, 잠깐만.",중립·혼합형,,,,,25.0,30.0,50.0,78.0,75.0,0.63286,0.0,58.0,0.0,0.0,0.4282,조금만 쉬자.,조금 쉬자.,일본어 원문 대조 + 자연스러운 한국어 대사 교정,40.36,T3,화자·문맥·자연스러움 집중 검토,,76.33361558001694,55.47,P3,말투·질문응답·가독성 위주 검토
ABF-169,기준본,486,"00:54:22,820 --> 00:54:57,480",34.66,"아, 잠깐만.",조금만 더 힘내자.,"아, 진짜 미치겠어.
왜 못 움직이게 해?",반응형,,,,,25.0,30.0,50.0,78.0,75.0,0.61561,3.75,58.0,0.0,0.0,0.6813,하아… 잠깐만.,목욕물 받아 놓은 거지?,일본어 원문 + 타임스탬프 사진 + 장면 연속성,40.31,T3,화자·문맥·자연스러움 집중 검토,,76.12193056731583,55.35,P3,말투·질문응답·가독성 위주 검토
ABF-169,기준본,487,"00:55:43,550 --> 00:56:00,220",16.67,"아, 진짜 미치겠어.
왜 못 움직이게 해?","아, 잠깐만.",왜 못 움직이게 해?,반말형,,,,,25.0,30.0,50.0,78.0,79.0,0.674,0.0,58.0,0.0,0.0,0.2028,"아, 진짜 웃겨.",어? 무슨 말이야?,일본어 원문 + 타임스탬프 사진 + 장면 연속성,42.33,T3,화자·문맥·자연스러움 집중 검토,,81.54106689246402,58.8,P2,앞뒤 5블록·사진·오류 기억을 함께 검토
ABF-169,기준본,488,"00:56:00,220 --> 00:56:00,400",0.18,왜 못 움직이게 해?,"아, 진짜 미치겠어.
왜 못 움직이게 해?",기분 좋지.,반말형,,,,,25.0,30.0,50.0,78.0,79.0,0.74163,0.0,58.0,70.0,0.0,0.1786,기억해 줬으면 해?,"여기, 기억해 줬으면 해요.",사진 장면 확인 및 한국어 번역투·ASR 오역 교정,52.17,T3,화자·문맥·자연스러움 집중 검토,high_cps,99.06858594411516,71.87,P2,앞뒤 5블록·사진·오류 기억을 함께 검토
ABF-169,기준본,489,"00:56:11,370 --> 00:56:12,590",1.22,기분 좋지.,왜 못 움직이게 해?,배 안쪽까지 깊숙이 자극돼…,반말형,,,,,25.0,30.0,50.0,78.0,75.0,0.41157,0.0,58.0,0.0,0.0,0.4894,네가 가주면 좋지.,네가 느껴 주면 나도 좋지.,앞뒤 장면·대사 기능 복원,31.07,T4,구조검사 통과 시 유지,,40.262489415749364,34.93,P4,회귀검사 통과 시 유지
ABF-169,기준본,490,"00:56:33,080 --> 00:56:54,170",21.09,배 안쪽까지 깊숙이 자극돼…,기분 좋지.,"아, 아파.",반말형,,,,,25.0,30.0,50.0,78.0,79.0,0.69285,0.0,58.0,0.0,0.0,0.4297,안쪽까지 안 가?,더 안쪽까지 안 들어가?,일본어 원문 대조 + 자연스러운 한국어 대사 교정,43.12,T3,화자·문맥·자연스러움 집중 검토,,83.02286198137172,59.88,P2,앞뒤 5블록·사진·오류 기억을 함께 검토
ABF-169,기준본,491,"00:56:59,090 --> 00:57:23,970",24.88,"아, 아파.",배 안쪽까지 깊숙이 자극돼…,"안 돼, 그만해.",반응형,,,,,25.0,30.0,50.0,78.0,75.0,0.3319,5.88,58.0,0.0,0.0,0.699,배가 아파.,안쪽이 아파.,,28.78,T4,구조검사 통과 시 유지,,31.498729889923794,29.92,P4,회귀검사 통과 시 유지
ABF-169,기준본,492,"00:57:36,660 --> 00:57:50,690",14.03,"안 돼, 그만해.","아, 아파.",응?,반말형,,,,,25.0,30.0,50.0,78.0,75.0,0.3347,42.0,58.0,0.0,0.0,1.0,"안 돼, 그만해.","배 아파, 그만해.",,35.4,T3,화자·문맥·자연스러움 집중 검토,,56.47756138865368,44.25,P3,말투·질문응답·가독성 위주 검토
ABF-169,기준본,493,"00:57:50,690 --> 00:57:51,530",0.84,응?,"안 돼, 그만해.",응?,반응형,,,,,25.0,30.0,50.0,78.0,75.0,0.11828,0.0,58.0,0.0,0.0,0.42,응? 잠깐 기다려…,응? 잠깐만…,일본어 원문 대조 + 자연스러운 한국어 대사 교정,18.75,T4,구조검사 통과 시 유지,,4.5723962743437765,12.8,P4,회귀검사 통과 시 유지
ABF-169,기준본,494,"00:57:52,350 --> 00:57:52,630",0.28,응?,응?,안 돼 안 돼,반응형,,,,,25.0,30.0,50.0,78.0,75.0,0.14292,0.0,58.0,0.0,0.0,0.42,응? 잠깐 기다려…,응? 잠깐만…,일본어 원문 대조 + 자연스러운 한국어 대사 교정,19.78,T4,구조검사 통과 시 유지,,6.223539373412362,14.09,P4,회귀검사 통과 시 유지
ABF-169,기준본,495,"00:57:53,010 --> 00:57:54,030",1.02,안 돼 안 돼,응?,"한 번 더, 내려와 줘.",중립·혼합형,,,,,25.0,30.0,50.0,78.0,75.0,0.37177,0.0,58.0,0.0,0.0,0.4209,안 돼.,"네, 놀랐어요.",타임스탬프 사진과 앞뒤 장면으로 대사 기능 복원,29.39,T4,구조검사 통과 시 유지,,33.86960203217612,31.27,P4,회귀검사 통과 시 유지
ABF-169,기준본,496,"00:57:54,690 --> 00:57:55,770",1.08,"한 번 더, 내려와 줘.",안 돼 안 돼,안 돼 안 돼 안 돼,중립·혼합형,,,,,25.0,30.0,50.0,78.0,75.0,0.57298,42.0,58.0,0.0,0.0,1.0,"한 번 더, 내려와 줘.",조금만 더 내려와 줘.,,45.41,T3,화자·문맥·자연스러움 집중 검토,,89.58509737510583,63.96,P2,앞뒤 5블록·사진·오류 기억을 함께 검토
ABF-169,기준본,497,"00:57:56,830 --> 00:58:01,030",4.2,안 돼 안 돼 안 돼,"한 번 더, 내려와 줘.",우아…,중립·혼합형,,,,,25.0,30.0,50.0,78.0,75.0,0.47011,0.0,58.0,0.0,0.0,0.4209,안 돼.,"네, 놀랐어요.",타임스탬프 사진과 앞뒤 장면으로 대사 기능 복원,33.52,T4,구조검사 통과 시 유지,,50.2116850127011,40.53,P3,말투·질문응답·가독성 위주 검토
ABF-169,기준본,498,"00:58:01,030 --> 00:58:09,050",8.02,우아…,안 돼 안 돼 안 돼,"저기, 안 돼 안 돼 안 돼",반응형,,,,,25.0,30.0,50.0,78.0,75.0,0.24214,0.0,58.0,0.0,0.0,0.1663,"싫어, 아… 아… 아…",싫어… 아… 아…,일본어 원문 대조 + 자연스러운 한국어 대사 교정,23.95,T4,구조검사 통과 시 유지,,15.834038950042336,20.54,P4,회귀검사 통과 시 유지
ABF-169,기준본,499,"00:58:09,610 --> 00:58:11,470",1.86,"저기, 안 돼 안 돼 안 돼",우아…,"아아-, 아아…",중립·혼합형,,,,,25.0,30.0,50.0,78.0,75.0,0.59618,0.0,58.0,0.0,0.0,0.3413,안 돼.,"네, 놀랐어요.",타임스탬프 사진과 앞뒤 장면으로 대사 기능 복원,38.82,T3,화자·문맥·자연스러움 집중 검토,,69.39034716342083,51.66,P3,말투·질문응답·가독성 위주 검토
ABF-169,기준본,500,"00:58:11,470 --> 00:58:13,430",1.96,"아아-, 아아…","저기, 안 돼 안 돼 안 돼",아하하하,반응형,,,,,25.0,30.0,50.0,78.0,75.0,0.28572,42.0,58.0,0.0,0.0,1.0,"아아-, 아아…",아아… 아아…,,33.34,T4,구조검사 통과 시 유지,,49.53429297205758,40.14,P3,말투·질문응답·가독성 위주 검토
ABF-169,기준본,501,"00:58:13,430 --> 00:58:14,370",0.94,아하하하,"아아-, 아아…",진짜 안 되잖아,반응형,,,,,25.0,30.0,50.0,78.0,75.0,0.34175,0.0,58.0,0.0,0.0,0.0375,이런 거 좋아하지?,묶여 있는 거 좋아하지?,,28.13,T4,구조검사 통과 시 유지,,28.32345469940728,28.21,P4,회귀검사 통과 시 유지
ABF-169,기준본,502,"00:58:15,150 --> 00:58:16,510",1.36,진짜 안 되잖아,아하하하,우와…,반응형,,,,,25.0,30.0,50.0,78.0,75.0,0.5119,0.0,58.0,0.0,0.0,0.5026,안 되잖아.,안 되지.,일본어 원문 대조 + 자연스러운 한국어 대사 교정,35.28,T3,화자·문맥·자연스러움 집중 검토,,56.0965283657917,44.02,P3,말투·질문응답·가독성 위주 검토
ABF-169,기준본,503,"00:58:16,510 --> 00:58:17,050",0.54,우와…,진짜 안 되잖아,아아…,중립·혼합형,,,,,25.0,30.0,50.0,78.0,75.0,0.34051,0.0,58.0,0.0,0.0,0.2182,우와~ 우와우와야. 우와.,우와… 우와우와야. 우와.,,28.08,T4,구조검사 통과 시 유지,,28.02709568162574,28.06,P4,회귀검사 통과 시 유지
ABF-169,기준본,504,"00:58:25,710 --> 00:58:28,070",2.36,아아…,우와…,아아…,반응형,,,,,25.0,30.0,50.0,78.0,75.0,0.20789,42.0,58.0,0.0,0.0,1.0,아아…,"와, 진짜 많이 커졌어.",일본어 원문 + 타임스탬프 사진 + 장면 연속성,30.07,T4,구조검사 통과 시 유지,,36.24047417442845,32.66,P4,회귀검사 통과 시 유지
ABF-169,기준본,505,"00:58:28,070 --> 00:58:31,970",3.9,아아…,아아…,아아…,반응형,,,,,25.0,30.0,50.0,78.0,75.0,0.25211,42.0,58.0,0.0,30.0,1.0,아아…,"와, 진짜 많이 커졌어.",일본어 원문 + 타임스탬프 사진 + 장면 연속성,34.33,T4,구조검사 통과 시 유지,triple_identical_run,53.21761219305673,42.26,P3,말투·질문응답·가독성 위주 검토
ABF-169,기준본,506,"00:58:41,300 --> 00:58:43,200",1.9,아아…,아아…,아파…,반응형,,,,,25.0,30.0,50.0,78.0,75.0,0.26523,42.0,58.0,0.0,0.0,1.0,아아…,"와, 진짜 많이 커졌어.",일본어 원문 + 타임스탬프 사진 + 장면 연속성,32.48,T4,구조검사 통과 시 유지,,45.51227773073666,37.95,P4,회귀검사 통과 시 유지
ABF-169,기준본,507,"00:59:07,340 --> 00:59:09,020",1.68,아파…,아아…,머리 아파.,반응형,,,,,25.0,30.0,50.0,78.0,75.0,0.1927,0.0,58.0,0.0,0.0,0.1897,"아파, 아파, 아파...","아파, 아파, 아파…",,21.87,T4,구조검사 통과 시 유지,,9.991532599491956,16.88,P4,회귀검사 통과 시 유지
ABF-169,기준본,508,"00:59:09,100 --> 00:59:15,440",6.34,머리 아파.,아파…,기분 좋아.,반응형,,,,,25.0,30.0,50.0,78.0,75.0,0.27409,0.0,58.0,0.0,0.0,0.5865,배가 아파.,안쪽이 아파.,,25.29,T4,구조검사 통과 시 유지,,19.813717188823034,22.99,P4,회귀검사 통과 시 유지
ABF-169,기준본,509,"00:59:22,040 --> 00:59:27,000",4.96,기분 좋아.,머리 아파.,부끄러워?,반응형,,,,,25.0,30.0,50.0,78.0,75.0,0.16715,42.0,58.0,0.0,0.0,1.0,기분 좋아.,"아, 좋아.",화면 영문 자막 대조,28.36,T4,구조검사 통과 시 유지,,29.720575783234548,28.93,P4,회귀검사 통과 시 유지
ABF-169,기준본,510,"00:59:32,990 --> 00:59:34,110",1.12,부끄러워?,기분 좋아.,기분 좋아.,중립·혼합형,,,,,25.0,30.0,50.0,78.0,75.0,0.24046,0.0,58.0,0.0,0.0,0.5309,"잠깐, 보여 줘 봐. 잠깐, 이쪽 봐봐. 부끄러워?",잠깐 보여 줘. 이쪽 봐봐. 부끄러워?,일본어 원문 대조 + 자연스러운 한국어 대사 교정,23.88,T4,구조검사 통과 시 유지,,15.580016934801016,20.39,P4,회귀검사 통과 시 유지
ABF-169,기준본,511,"01:00:04,700 --> 01:00:06,300",1.6,기분 좋아.,부끄러워?,기분 좋아.,반응형,,,,,25.0,30.0,50.0,78.0,75.0,0.17108,42.0,58.0,0.0,0.0,1.0,기분 좋아.,"아, 좋아.",화면 영문 자막 대조,28.53,T4,구조검사 통과 시 유지,,30.609652836579173,29.4,P4,회귀검사 통과 시 유지
ABF-169,기준본,512,"01:00:06,420 --> 01:00:06,800",0.38,기분 좋아.,기분 좋아.,기분 좋아.,반응형,,,,,25.0,30.0,50.0,78.0,75.0,0.16283,42.0,58.0,0.0,30.0,1.0,기분 좋아.,"아, 좋아.",화면 영문 자막 대조,30.58,T4,구조검사 통과 시 유지,triple_identical_run,38.39966130397968,33.86,P4,회귀검사 통과 시 유지
ABF-169,기준본,513,"01:00:18,320 --> 01:00:20,620",2.3,기분 좋아.,기분 좋아.,"아아, 갈 것 같아.",반응형,,,,,25.0,30.0,50.0,78.0,75.0,0.11937,42.0,58.0,0.0,0.0,1.0,기분 좋아.,"아, 좋아.",화면 영문 자막 대조,26.35,T4,구조검사 통과 시 유지,,22.692633361558002,24.81,P4,회귀검사 통과 시 유지
ABF-169,기준본,514,"01:00:37,550 --> 01:00:38,730",1.18,"아아, 갈 것 같아.",기분 좋아.,"무서워, 무서워.",반응형,,,,,25.0,30.0,50.0,78.0,75.0,0.44741,25.35,58.0,0.0,0.0,0.8613,"아아, 같아.",갈 것 같아.,,37.14,T3,화자·문맥·자연스러움 집중 검토,,63.67485182049111,48.28,P3,말투·질문응답·가독성 위주 검토
ABF-169,기준본,515,"01:00:55,770 --> 01:00:57,370",1.6,"무서워, 무서워.","아아, 갈 것 같아.",잔뜩 쌌네.,중립·혼합형,,,,,25.0,30.0,50.0,78.0,75.0,0.2894,10.7,58.0,0.0,0.0,0.7392,좀 더 무서워.,좀 무서워.,,27.86,T4,구조검사 통과 시 유지,,26.926333615580017,27.47,P4,회귀검사 통과 시 유지
ABF-169,기준본,516,"01:01:04,950 --> 01:01:10,190",5.24,잔뜩 쌌네.,"무서워, 무서워.","와, 진짜 많이 쌌네.",반말형,,,,,25.0,30.0,50.0,78.0,75.0,0.45584,0.0,58.0,0.0,0.0,0.3705,잔뜩 쌀 거야.,걱정 마.,화면 영문 자막 대조,32.93,T4,구조검사 통과 시 유지,,47.67146486028789,39.12,P4,회귀검사 통과 시 유지
ABF-169,기준본,517,"01:01:12,310 --> 01:01:13,350",1.04,"와, 진짜 많이 쌌네.",잔뜩 쌌네.,진짜 많이 쌌다.,반말형,,,,,25.0,30.0,50.0,78.0,75.0,0.59699,0.0,58.0,0.0,0.0,0.2124,진짜 엄청 좋아...,진짜 엄청 좋아…,,38.85,T3,화자·문맥·자연스러움 집중 검토,,69.55969517358172,51.75,P3,말투·질문응답·가독성 위주 검토
ABF-169,기준본,518,"01:01:13,470 --> 01:01:14,090",0.62,진짜 많이 쌌다.,"와, 진짜 많이 쌌네.",불알도 핥아줄까?,중립·혼합형,,,,,25.0,30.0,50.0,78.0,75.0,0.57899,0.0,58.0,0.0,0.0,0.2304,진짜 엄청 좋아...,진짜 엄청 좋아…,,38.1,T3,화자·문맥·자연스러움 집중 검토,,67.06181202370873,50.26,P3,말투·질문응답·가독성 위주 검토
ABF-169,기준본,519,"01:01:15,430 --> 01:01:16,570",1.14,불알도 핥아줄까?,진짜 많이 쌌다.,셔.,반응형,,,,,25.0,30.0,50.0,78.0,79.0,0.75377,0.0,58.0,0.0,0.0,0.3513,불알도 빵빵해...,불알도 빵빵해…,,45.68,T3,화자·문맥·자연스러움 집중 검토,,90.26248941574937,64.4,P2,앞뒤 5블록·사진·오류 기억을 함께 검토
ABF-169,기준본,520,"01:01:24,570 --> 01:01:25,090",0.52,셔.,불알도 핥아줄까?,잠깐 티슈 가져올게.,중립·혼합형,,,,,25.0,30.0,50.0,78.0,75.0,0.41412,0.0,58.0,0.0,0.0,0.0068,안 돼.,"네, 놀랐어요.",타임스탬프 사진과 앞뒤 장면으로 대사 기능 복원,31.17,T4,구조검사 통과 시 유지,,40.60118543607113,35.13,P4,회귀검사 통과 시 유지
ABF-169,기준본,521,"01:01:26,730 --> 01:01:28,350",1.62,잠깐 티슈 가져올게.,셔.,이러다 2차전 시작하겠어.,반응형,,,,,25.0,30.0,50.0,78.0,75.0,0.71828,0.0,58.0,0.0,0.0,0.1554,잠깐 쉬어 주세요.,잠깐만요.,,43.95,T3,화자·문맥·자연스러움 집중 검토,,85.56308213378493,61.43,P2,앞뒤 5블록·사진·오류 기억을 함께 검토
ABF-169,기준본,522,"01:01:33,050 --> 01:01:35,150",2.1,이러다 2차전 시작하겠어.,잠깐 티슈 가져올게.,이러다 2차전 시작하겠어.,반응형,,,,,25.0,30.0,50.0,78.0,75.0,0.77237,0.0,58.0,0.0,0.0,0.2137,대답을 못 하겠어.,그건 대답 못 하겠네.,일본어 원문 대조 + 자연스러운 한국어 대사 교정,46.22,T3,화자·문맥·자연스러움 집중 검토,,91.36325148179509,65.18,P2,앞뒤 5블록·사진·오류 기억을 함께 검토
ABF-169,기준본,523,"01:01:38,010 --> 01:01:39,930",1.92,이러다 2차전 시작하겠어.,이러다 2차전 시작하겠어.,벌써 다시 살아나네.,반응형,,,,,25.0,30.0,50.0,78.0,75.0,0.74606,0.0,58.0,0.0,0.0,0.2137,대답을 못 하겠어.,그건 대답 못 하겠네.,일본어 원문 대조 + 자연스러운 한국어 대사 교정,45.11,T3,화자·문맥·자연스러움 집중 검토,,88.90770533446232,63.51,P2,앞뒤 5블록·사진·오류 기억을 함께 검토
ABF-169,기준본,524,"01:01:41,770 --> 01:01:42,830",1.06,벌써 다시 살아나네.,이러다 2차전 시작하겠어.,일단 1차전 끝.,반응형,,,,,25.0,30.0,50.0,78.0,75.0,0.57371,0.0,58.0,0.0,0.0,0.1909,"어, 벌써 느끼고 있잖아.","어, 벌써 좋아하고 있잖아.",,37.88,T3,화자·문맥·자연스러움 집중 검토,,66.21507197290431,49.78,P3,말투·질문응답·가독성 위주 검토
ABF-169,기준본,525,"01:01:43,790 --> 01:02:12,540",28.75,일단 1차전 끝.,벌써 다시 살아나네.,다음엔 잠깐 이대로 둘게.,중립·혼합형,,,,,25.0,30.0,50.0,78.0,75.0,0.81651,0.0,58.0,0.0,0.0,0.3738,일단 해 줘.,일단 넣어 줘.,일본어 원문 대조 + 자연스러운 한국어 대사 교정,48.07,T3,화자·문맥·자연스러움 집중 검토,,94.62320067739203,67.62,P2,앞뒤 5블록·사진·오류 기억을 함께 검토
ABF-169,기준본,526,"01:03:03,740 --> 01:03:05,180",1.44,다음엔 잠깐 이대로 둘게.,일단 1차전 끝.,에에에에…,반응형,,,,,25.0,30.0,50.0,78.0,75.0,0.82533,0.0,58.0,0.0,0.0,0.3271,다음엔 열심히 할게요.,다음엔 더 열심히 할게요.,사진 장면 확인 및 한국어 번역투·ASR 오역 교정,48.44,T3,화자·문맥·자연스러움 집중 검토,,95.42760372565621,68.17,P2,앞뒤 5블록·사진·오류 기억을 함께 검토
ABF-169,기준본,527,"01:03:05,180 --> 01:03:07,180",2.0,에에에에…,다음엔 잠깐 이대로 둘게.,왜 그렇게 울상이야?,중립·혼합형,,,,,25.0,30.0,50.0,78.0,75.0,0.43347,0.0,58.0,0.0,0.0,0.5424,에에에에...,에에에에…,,31.99,T4,구조검사 통과 시 유지,,43.649449618966976,36.89,P4,회귀검사 통과 시 유지
ABF-169,기준본,528,"01:03:11,910 --> 01:03:12,990",1.08,왜 그렇게 울상이야?,에에에에…,만지는 거 싫어?,반말형,,,,,25.0,30.0,50.0,78.0,75.0,0.67386,0.0,58.0,0.0,0.0,0.193,그렇게 하면 안쪽이 꽉 차는 것 같아.,그렇게 하니까 안이 꽉 차네.,손상된 일본어 ASR + 타임스탬프 사진 + 앞뒤 문맥 추론,42.08,T3,화자·문맥·자연스러움 집중 검토,,80.73666384419982,58.32,P2,앞뒤 5블록·사진·오류 기억을 함께 검토
ABF-169,기준본,529,"01:04:32,780 --> 01:04:35,840",3.06,만지는 거 싫어?,왜 그렇게 울상이야?,땀까지 살짝 핥았네. 좋아?,반응형,,,,,25.0,30.0,50.0,78.0,75.0,0.76806,0.0,58.0,0.0,0.0,0.4204,직접 만지는 게 더 기분 좋아...,직접 만지는 게 더 기분 좋아…,,46.04,T3,화자·문맥·자연스러움 집중 검토,,91.1939034716342,65.0,P2,앞뒤 5블록·사진·오류 기억을 함께 검토
ABF-169,기준본,530,"01:06:14,360 --> 01:06:16,460",2.1,땀까지 살짝 핥았네. 좋아?,만지는 거 싫어?,싫어.,반응형,,,,,25.0,30.0,50.0,78.0,79.0,0.86675,42.0,58.0,0.0,0.0,1.0,땀까지 살짝 핥았네. 좋아?,땀이 살짝 튀었네. 기분 좋아?,,57.98,T3,화자·문맥·자연스러움 집중 검토,,99.91532599491956,75.59,P1,장면 패킷을 열고 후보 3개를 생성해 반증 검토
ABF-169,기준본,531,"01:06:16,460 --> 01:06:16,880",0.42,싫어.,땀까지 살짝 핥았네. 좋아?,기분 좋아.,반응형,,,,,25.0,30.0,50.0,78.0,75.0,0.24159,1.24,58.0,0.0,0.0,0.6603,"음-, 싫어.",음… 싫어.,,24.15,T4,구조검사 통과 시 유지,,16.088060965283656,20.76,P4,회귀검사 통과 시 유지
ABF-169,기준본,532,"01:06:48,200 --> 01:06:49,240",1.04,기분 좋아.,싫어.,기분 좋아?,반응형,,,,,25.0,30.0,50.0,78.0,75.0,0.18041,42.0,58.0,0.0,0.0,1.0,기분 좋아.,"아, 좋아.",화면 영문 자막 대조,28.92,T4,구조검사 통과 시 유지,,31.964436917866212,30.2,P4,회귀검사 통과 시 유지
ABF-169,기준본,533,"01:06:49,400 --> 01:06:50,220",0.82,기분 좋아?,기분 좋아.,응.,반응형,,,,,25.0,30.0,50.0,78.0,75.0,0.2818,0.0,58.0,0.0,0.0,0.5843,"아, 거기... 기분 좋아?","아, 거기… 기분 좋아?",,25.62,T4,구조검사 통과 시 유지,,20.660457239627434,23.54,P4,회귀검사 통과 시 유지
ABF-169,기준본,534,"01:06:50,860 --> 01:06:51,260",0.4,응.,기분 좋아?,"아, 안 돼 안 돼.",반응형,,,,,25.0,30.0,50.0,78.0,75.0,0.0604,0.0,58.0,0.0,0.0,0.467,"하-, 응.",하아… 응.,,16.32,T4,구조검사 통과 시 유지,,0.7620660457239627,9.79,P4,회귀검사 통과 시 유지
ABF-169,기준본,535,"01:07:06,700 --> 01:07:07,920",1.22,"아, 안 돼 안 돼.",응.,응.,반응형,,,,,25.0,30.0,50.0,78.0,75.0,0.39421,16.41,58.0,0.0,0.0,0.7867,안 돼.,"네, 놀랐어요.",타임스탬프 사진과 앞뒤 장면으로 대사 기능 복원,33.29,T4,구조검사 통과 시 유지,,49.195596951735816,39.97,P4,회귀검사 통과 시 유지
ABF-169,기준본,536,"01:07:35,900 --> 01:07:36,280",0.38,응.,"아, 안 돼 안 돼.",왜 그래?,반응형,,,,,25.0,30.0,50.0,78.0,75.0,0.07329,0.0,58.0,0.0,0.0,0.467,"하-, 응.",하아… 응.,,16.86,T4,구조검사 통과 시 유지,,1.4817950889077054,10.4,P4,회귀검사 통과 시 유지
ABF-169,기준본,537,"01:07:37,340 --> 01:07:38,100",0.76,왜 그래?,응.,응.,중립·혼합형,,,,,25.0,30.0,50.0,78.0,75.0,0.34918,7.73,58.0,0.0,0.0,0.7144,"음-, 왜 그래?",음… 왜 그래?,,29.84,T4,구조검사 통과 시 유지,,35.39373412362405,32.17,P4,회귀검사 통과 시 유지
ABF-169,기준본,538,"01:07:38,320 --> 01:07:38,560",0.24,응.,왜 그래?,이거 잘 비벼줘.,반응형,,,,,25.0,30.0,50.0,78.0,75.0,0.13998,0.0,58.0,0.0,0.0,0.467,"하-, 응.",하아… 응.,,19.66,T4,구조검사 통과 시 유지,,5.75783234546994,13.82,P4,회귀검사 통과 시 유지
ABF-169,기준본,539,"01:07:53,830 --> 01:07:55,250",1.42,이거 잘 비벼줘.,응.,"아, 기분 좋아.",중립·혼합형,,,,,25.0,30.0,50.0,78.0,75.0,0.40339,0.0,58.0,0.0,0.0,0.1938,이거 기분 좋네...,이거 기분 좋네…,,30.72,T4,구조검사 통과 시 유지,,39.2887383573243,34.32,P4,회귀검사 통과 시 유지
ABF-169,기준본,540,"01:07:58,810 --> 01:08:00,090",1.28,"아, 기분 좋아.",이거 잘 비벼줘.,기분 좋아.,반응형,,,,,25.0,30.0,50.0,78.0,75.0,0.32916,26.96,58.0,0.0,0.0,0.8747,기분 좋아.,"아, 좋아.",화면 영문 자막 대조,32.46,T4,구조검사 통과 시 유지,,45.258255715495345,37.84,P4,회귀검사 통과 시 유지
ABF-169,기준본,541,"01:08:06,190 --> 01:08:06,830",0.64,기분 좋아.,"아, 기분 좋아.","자, 허리 좀 더 내밀어. 다리 벌려봐.",반응형,,,,,25.0,30.0,50.0,78.0,75.0,0.24665,42.0,58.0,0.0,0.0,1.0,기분 좋아.,"아, 좋아.",화면 영문 자막 대조,31.7,T4,구조검사 통과 시 유지,,42.464013547840814,36.22,P4,회귀검사 통과 시 유지
ABF-169,기준본,542,"01:08:28,400 --> 01:08:36,740",8.34,"자, 허리 좀 더 내밀어. 다리 벌려봐.",기분 좋아.,아… 미치겠어. 진짜 좋아.,중립·혼합형,,,,,25.0,30.0,50.0,78.0,75.0,0.78233,0.0,58.0,0.0,0.0,0.3081,엉덩이를 더 내밀어...,엉덩이를 더 내밀어…,,46.64,T3,화자·문맥·자연스러움 집중 검토,,92.04064352243861,65.71,P2,앞뒤 5블록·사진·오류 기억을 함께 검토
ABF-169,기준본,543,"01:08:37,340 --> 01:08:44,040",6.7,아… 미치겠어. 진짜 좋아.,"자, 허리 좀 더 내밀어. 다리 벌려봐.","묶여 있으니까 느낌이 완전 다르지?
응.",반응형,,,,,25.0,30.0,50.0,78.0,75.0,0.55349,0.0,58.0,0.0,0.0,0.3175,"아, 좋아.","아, 들어온다.",,37.03,T3,화자·문맥·자연스러움 집중 검토,,63.0397967823878,47.95,P3,말투·질문응답·가독성 위주 검토
ABF-169,기준본,544,"01:08:48,420 --> 01:08:50,720",2.3,"묶여 있으니까 느낌이 완전 다르지?
응.",아… 미치겠어. 진짜 좋아.,엄청 질척해졌어.,반말형,,,,,25.0,30.0,50.0,78.0,75.0,0.51565,0.0,58.0,0.0,0.0,0.1747,완전 빳빳하지?,완전히 섰지?,일본어 원문 대조 + 자연스러운 한국어 대사 교정,35.44,T3,화자·문맥·자연스러움 집중 검토,,57.02794242167655,44.51,P3,말투·질문응답·가독성 위주 검토
ABF-169,기준본,545,"01:08:51,180 --> 01:08:53,080",1.9,엄청 질척해졌어.,"묶여 있으니까 느낌이 완전 다르지?
응.",클리도 더 자극해줄게.,반응형,,,,,25.0,30.0,50.0,78.0,75.0,0.50512,0.0,58.0,0.0,0.0,0.5418,자지 질척질척해졌어...,자지 질척질척해졌어…,,34.99,T4,구조검사 통과 시 유지,,55.673158340389506,43.68,P3,말투·질문응답·가독성 위주 검토
ABF-169,기준본,546,"01:09:14,620 --> 01:09:16,120",1.5,클리도 더 자극해줄게.,엄청 질척해졌어.,기분 좋아…,반말형,,,,,25.0,30.0,50.0,78.0,75.0,0.68931,0.0,58.0,0.0,0.0,0.24,"누나, 기분 좋게 해줄게.","누나, 기분 좋게 해 줄게.",,42.73,T3,화자·문맥·자연스러움 집중 검토,,82.38780694326842,59.39,P2,앞뒤 5블록·사진·오류 기억을 함께 검토
ABF-169,기준본,547,"01:09:24,020 --> 01:09:28,020",4.0,기분 좋아…,클리도 더 자극해줄게.,기분 좋아.,반응형,,,,,25.0,30.0,50.0,78.0,75.0,0.33184,15.0,58.0,0.0,0.0,0.775,아- 기분 좋아…,아… 기분 좋아…,,30.42,T4,구조검사 통과 시 유지,,37.67993226079594,33.47,P4,회귀검사 통과 시 유지
ABF-169,기준본,548,"01:09:39,580 --> 01:09:40,900",1.32,기분 좋아.,기분 좋아…,엉덩이 힘 좀 빼 봐.,반응형,,,,,25.0,30.0,50.0,78.0,75.0,0.37825,42.0,58.0,0.0,0.0,1.0,기분 좋아.,"아, 좋아.",화면 영문 자막 대조,37.23,T3,화자·문맥·자연스러움 집중 검토,,64.2675698560542,48.59,P3,말투·질문응답·가독성 위주 검토
ABF-169,기준본,549,"01:09:45,780 --> 01:09:47,300",1.52,엉덩이 힘 좀 빼 봐.,기분 좋아.,기분 좋아.,중립·혼합형,,,,,25.0,30.0,50.0,78.0,83.0,0.90888,17.93,58.0,0.0,0.0,0.7995,엉덩이 좀 봐.,이 유카타 진짜 귀엽네.,일본어 원문 + 타임스탬프 사진 + 장면 연속성,55.66,T3,화자·문맥·자연스러움 집중 검토,,99.66130397967824,74.14,P1,장면 패킷을 열고 후보 3개를 생성해 반증 검토
ABF-169,기준본,550,"01:09:51,680 --> 01:09:52,920",1.24,기분 좋아.,엉덩이 힘 좀 빼 봐.,다리가 잘 안 벌어지네.,반응형,,,,,25.0,30.0,50.0,78.0,75.0,0.36926,42.0,58.0,0.0,0.0,1.0,기분 좋아.,"아, 좋아.",화면 영문 자막 대조,36.85,T3,화자·문맥·자연스러움 집중 검토,,62.235393734123626,47.51,P3,말투·질문응답·가독성 위주 검토
ABF-169,기준본,551,"01:09:58,030 --> 01:10:50,540",52.51,다리가 잘 안 벌어지네.,기분 좋아.,너 이런 거 좋아하잖아.,반응형,,,,,25.0,30.0,50.0,78.0,75.0,0.6522,0.0,58.0,0.0,0.0,0.1392,잘 안 보여.,"응, 그렇네.",일본어 원문 + 타임스탬프 사진 + 장면 연속성,41.17,T3,화자·문맥·자연스러움 집중 검토,,78.06943268416596,56.67,P3,말투·질문응답·가독성 위주 검토
ABF-169,기준본,552,"01:11:20,880 --> 01:11:32,190",11.31,너 이런 거 좋아하잖아.,다리가 잘 안 벌어지네.,이런 거 좋아하지?,반응형,,,,,25.0,30.0,50.0,78.0,75.0,0.56907,42.0,58.0,0.0,0.0,1.0,너 이런 거 좋아하잖아.,이렇게 묶이는 거 좋아하잖아.,,45.24,T3,화자·문맥·자연스러움 집중 검토,,88.99237933954277,63.62,P2,앞뒤 5블록·사진·오류 기억을 함께 검토
ABF-169,기준본,553,"01:11:32,190 --> 01:11:32,590",0.4,이런 거 좋아하지?,너 이런 거 좋아하잖아.,"아, 왔어?",반응형,,,,,25.0,30.0,50.0,78.0,75.0,0.42183,42.0,58.0,25.0,0.0,1.0,이런 거 좋아하지?,묶여 있는 거 좋아하지?,,41.56,T3,화자·문맥·자연스러움 집중 검토,borderline_cps,79.33954276037257,57.43,P3,말투·질문응답·가독성 위주 검토
ABF-169,기준본,554,"01:11:40,970 --> 01:11:41,730",0.76,"아, 왔어?",이런 거 좋아하지?,네.,반응형,,,,,25.0,30.0,50.0,78.0,75.0,0.28286,0.0,58.0,0.0,0.0,0.3802,"아, 아, 아, 아, 아, 아, 아,","아, 아, 아, 아, 아, 아, 아",,25.66,T4,구조검사 통과 시 유지,,20.829805249788315,23.63,P4,회귀검사 통과 시 유지
ABF-169,기준본,555,"01:11:55,280 --> 01:11:55,680",0.4,네.,"아, 왔어?","봐, 허리 빼면 안 돼.",반말형,,,,,25.0,30.0,50.0,78.0,75.0,0.17724,8.13,58.0,0.0,0.0,0.7177,"네, 네.",네.,불필요한 반복 제거,22.69,T4,구조검사 통과 시 유지,,12.277730736663845,18.32,P4,회귀검사 통과 시 유지
ABF-169,기준본,556,"01:11:58,860 --> 01:12:00,700",1.84,"봐, 허리 빼면 안 돼.",네.,빼면 안 돼.,중립·혼합형,,,,,25.0,30.0,50.0,78.0,79.0,0.74875,0.0,58.0,0.0,0.0,0.438,안 돼.,"네, 놀랐어요.",타임스탬프 사진과 앞뒤 장면으로 대사 기능 복원,45.47,T3,화자·문맥·자연스러움 집중 검토,,89.75444538526672,64.07,P2,앞뒤 5블록·사진·오류 기억을 함께 검토
ABF-169,기준본,557,"01:12:01,800 --> 01:12:02,580",0.78,빼면 안 돼.,"봐, 허리 빼면 안 돼.","자, 좀 더 앞으로 내밀어.",중립·혼합형,,,,,25.0,30.0,50.0,78.0,79.0,0.73051,0.0,58.0,0.0,0.0,0.6321,안 돼.,"네, 놀랐어요.",타임스탬프 사진과 앞뒤 장면으로 대사 기능 복원,44.7,T3,화자·문맥·자연스러움 집중 검토,,87.63759525825571,62.73,P2,앞뒤 5블록·사진·오류 기억을 함께 검토
ABF-169,기준본,558,"01:12:06,740 --> 01:12:08,160",1.42,"자, 좀 더 앞으로 내밀어.",빼면 안 돼.,네.,반응형,,,,,25.0,30.0,50.0,78.0,75.0,0.68034,0.0,58.0,0.0,0.0,0.3827,엉덩이를 더 내밀어...,엉덩이를 더 내밀어…,,42.35,T3,화자·문맥·자연스러움 집중 검토,,81.62574089754445,58.85,P2,앞뒤 5블록·사진·오류 기억을 함께 검토
ABF-169,기준본,559,"01:12:13,840 --> 01:12:14,240",0.4,네.,"자, 좀 더 앞으로 내밀어.",응… 안 돼.,반말형,,,,,25.0,30.0,50.0,78.0,75.0,0.24921,8.13,58.0,0.0,0.0,0.7177,"네, 네.",네.,불필요한 반복 제거,25.71,T4,구조검사 통과 시 유지,,20.914479254868755,23.7,P4,회귀검사 통과 시 유지
ABF-169,기준본,560,"01:12:17,120 --> 01:12:19,200",2.08,응… 안 돼.,네.,"응, 안 돼.",반응형,,,,,25.0,30.0,50.0,78.0,75.0,0.30834,2.27,58.0,0.0,0.0,0.6689,안 돼.,"네, 놀랐어요.",타임스탬프 사진과 앞뒤 장면으로 대사 기능 복원,27.14,T4,구조검사 통과 시 유지,,24.76714648602879,26.14,P4,회귀검사 통과 시 유지
ABF-169,기준본,561,"01:12:19,380 --> 01:12:22,280",2.9,"응, 안 돼.",응… 안 돼.,음…,반응형,,,,,25.0,30.0,50.0,78.0,75.0,0.35939,10.84,58.0,0.0,0.0,0.7403,안 돼.,"네, 놀랐어요.",타임스탬프 사진과 앞뒤 장면으로 대사 기능 복원,30.83,T4,구조검사 통과 시 유지,,39.66977138018628,34.54,P4,회귀검사 통과 시 유지
ABF-169,기준본,562,"01:12:22,280 --> 01:12:24,860",2.58,음…,"응, 안 돼.",네.,중립·혼합형,,,,,25.0,30.0,50.0,78.0,75.0,0.05173,0.0,58.0,0.0,0.0,0.0945,음...,음…,,15.95,T4,구조검사 통과 시 유지,,0.3386960203217612,9.39,P4,회귀검사 통과 시 유지
ABF-169,기준본,563,"01:12:26,340 --> 01:12:27,020",0.68,네.,음…,"응, 안 돼.",반말형,,,,,25.0,30.0,50.0,78.0,75.0,0.1059,8.13,58.0,0.0,0.0,0.7177,"네, 네.",네.,불필요한 반복 제거,19.69,T4,구조검사 통과 시 유지,,5.927180355630822,13.91,P4,회귀검사 통과 시 유지
ABF-169,기준본,564,"01:12:32,100 --> 01:12:33,120",1.02,"응, 안 돼.",네.,"아, 갈 것 같아, 갈 것 같아…!",반응형,,,,,25.0,30.0,50.0,78.0,75.0,0.23495,10.84,58.0,0.0,0.0,0.7403,안 돼.,"네, 놀랐어요.",타임스탬프 사진과 앞뒤 장면으로 대사 기능 복원,25.6,T4,구조검사 통과 시 유지,,20.491109229466552,23.45,P4,회귀검사 통과 시 유지
ABF-169,기준본,565,"01:12:42,690 --> 01:12:49,610",6.92,"아, 갈 것 같아, 갈 것 같아…!","응, 안 돼.",간다…,중립·혼합형,,,,,25.0,30.0,50.0,78.0,75.0,0.26353,0.0,58.0,0.0,0.0,0.5465,"가, 가버릴 것 같아…!","가, 가 버릴 것 같아…!",,24.85,T4,구조검사 통과 시 유지,,18.374259102455547,22.13,P4,회귀검사 통과 시 유지
ABF-169,기준본,566,"01:12:51,390 --> 01:12:52,030",0.64,간다…,"아, 갈 것 같아, 갈 것 같아…!","아, 멈춰.",중립·혼합형,,,,,25.0,30.0,50.0,78.0,75.0,0.12937,0.0,58.0,0.0,0.0,0.2564,간다...,간다…,,19.21,T4,구조검사 통과 시 유지,,5.249788314987299,13.35,P4,회귀검사 통과 시 유지
ABF-169,기준본,567,"01:12:53,010 --> 01:12:58,850",5.84,"아, 멈춰.",간다…,"진짜, 잠깐만…",반응형,,,,,25.0,30.0,50.0,78.0,75.0,0.64273,0.0,58.0,0.0,0.0,0.3816,"아, 아, 아, 아, 아, 아, 아,","아, 아, 아, 아, 아, 아, 아",,40.77,T3,화자·문맥·자연스러움 집중 검토,,77.05334462320069,56.01,P3,말투·질문응답·가독성 위주 검토
ABF-169,기준본,568,"01:13:00,670 --> 01:13:01,810",1.14,"진짜, 잠깐만…","아, 멈춰.",더 세게 할 거야?,반응형,,,,,25.0,30.0,50.0,78.0,75.0,0.59428,7.8,58.0,0.0,0.0,0.715,잠깐만…,나만 벗는 거야?,일본어 원문 + 타임스탬프 사진 + 장면 연속성,40.14,T3,화자·문맥·자연스러움 집중 검토,,75.10584250635056,54.83,P3,말투·질문응답·가독성 위주 검토
ABF-169,기준본,569,"01:13:33,710 --> 01:13:50,340",16.63,더 세게 할 거야?,"진짜, 잠깐만…","기분 좋아? 한쪽 손은 풀어줄게.
다른 쪽은 그대로 둘 거야.",반말형,,,,,25.0,30.0,50.0,78.0,75.0,0.65911,0.0,58.0,0.0,0.0,0.5216,더 세게 해 줘.,더 세게.,일본어 원문 대조 + 자연스러운 한국어 대사 교정,41.46,T3,화자·문맥·자연스러움 집중 검토,,78.83149872988993,57.16,P3,말투·질문응답·가독성 위주 검토
ABF-169,기준본,570,"01:13:50,340 --> 01:14:07,080",16.74,"기분 좋아? 한쪽 손은 풀어줄게.
다른 쪽은 그대로 둘 거야.",더 세게 할 거야?,"침 범벅이네.
그래도 이쪽 가슴도 빨아줬으면 좋겠지? 응.",반말형,,,,,25.0,30.0,50.0,78.0,75.0,0.62667,0.0,58.0,0.0,0.0,0.2336,싫은 거야.,싫어?,일본어 원문 대조 + 자연스러운 한국어 대사 교정,40.1,T3,화자·문맥·자연스러움 집중 검토,,75.02116850127011,54.77,P3,말투·질문응답·가독성 위주 검토
ABF-169,기준본,571,"01:14:26,320 --> 01:14:36,090",9.77,"침 범벅이네.
그래도 이쪽 가슴도 빨아줬으면 좋겠지? 응.","기분 좋아? 한쪽 손은 풀어줄게.
다른 쪽은 그대로 둘 거야.",빨고 싶어.,반말형,,,,,25.0,30.0,50.0,78.0,79.0,0.81235,0.0,58.0,0.0,0.0,0.2146,핥아줬으면 좋겠어...,핥아줬으면 좋겠어…,,48.14,T3,화자·문맥·자연스러움 집중 검토,,94.83488569009315,67.75,P2,앞뒤 5블록·사진·오류 기억을 함께 검토
ABF-169,기준본,572,"01:14:41,690 --> 01:14:43,350",1.66,빨고 싶어.,"침 범벅이네.
그래도 이쪽 가슴도 빨아줬으면 좋겠지? 응.","좋네, 좋아.",반응형,,,,,25.0,30.0,50.0,78.0,75.0,0.37849,0.0,58.0,0.0,0.0,0.5693,잘 빨고 싶어?,계속 빨고 싶어?,일본어 원문 대조 + 자연스러운 한국어 대사 교정,29.68,T4,구조검사 통과 시 유지,,34.63166807790009,31.76,P4,회귀검사 통과 시 유지
ABF-169,기준본,573,"01:14:44,170 --> 01:14:50,700",6.53,"좋네, 좋아.",빨고 싶어.,기분 좋아 보이네.,반응형,,,,,25.0,30.0,50.0,78.0,75.0,0.31817,0.0,58.0,0.0,0.0,0.4646,"아, 좋아.","아, 들어온다.",,27.14,T4,구조검사 통과 시 유지,,24.76714648602879,26.14,P4,회귀검사 통과 시 유지
ABF-169,기준본,574,"01:15:46,880 --> 01:15:48,320",1.44,기분 좋아 보이네.,"좋네, 좋아.",기분 좋아 보이네.,반응형,,,,,25.0,30.0,50.0,78.0,75.0,0.41713,6.47,58.0,0.0,0.0,0.7039,조금 보이네.,조금은 보이는 것 같아.,일본어 원문 대조 + 자연스러운 한국어 대사 교정,32.46,T4,구조검사 통과 시 유지,,45.258255715495345,37.84,P4,회귀검사 통과 시 유지
ABF-169,기준본,575,"01:15:48,400 --> 01:15:48,560",0.16,기분 좋아 보이네.,기분 좋아 보이네.,잠깐만 기다려줘.,반응형,,,,,25.0,30.0,50.0,78.0,75.0,0.62237,6.47,58.0,70.0,0.0,0.7039,조금 보이네.,조금은 보이는 것 같아.,일본어 원문 대조 + 자연스러운 한국어 대사 교정,48.08,T3,화자·문맥·자연스러움 집중 검토,high_cps,94.7502116850127,67.68,P2,앞뒤 5블록·사진·오류 기억을 함께 검토
ABF-169,기준본,576,"01:17:07,280 --> 01:17:08,680",1.4,잠깐만 기다려줘.,기분 좋아 보이네.,크림처럼 돼가네.,반응형,,,,,25.0,30.0,50.0,78.0,75.0,0.55654,0.0,58.0,0.0,0.0,0.3085,잠깐만 쉬게 해 주세요.,"잠깐만, 그만해.",장면과 충돌한 표현 교정,37.15,T3,화자·문맥·자연스러움 집중 검토,,63.844199830651995,48.36,P3,말투·질문응답·가독성 위주 검토
ABF-169,기준본,577,"01:17:25,940 --> 01:17:28,460",2.52,크림처럼 돼가네.,잠깐만 기다려줘.,크림이 잔뜩 묻었어.,반말형,,,,,25.0,30.0,50.0,78.0,75.0,0.52413,0.0,58.0,0.0,0.0,0.1281,잘 부탁해. 많이 들어가네.,잘 부탁해. 깊이 들어가네.,사진 장면 확인 및 한국어 번역투 교정,35.79,T3,화자·문맥·자연스러움 집중 검토,,58.001693480101615,45.12,P3,말투·질문응답·가독성 위주 검토
ABF-169,기준본,578,"01:17:43,190 --> 01:17:47,030",3.84,크림이 잔뜩 묻었어.,크림처럼 돼가네.,"읏, 읏, 읏, 읏, 읏.",반응형,,,,,25.0,30.0,50.0,78.0,75.0,0.53908,0.0,58.0,0.0,0.0,0.2591,잔뜩 쌀 거야.,걱정 마.,화면 영문 자막 대조,36.42,T3,화자·문맥·자연스러움 집중 검토,,59.695173581710414,46.2,P3,말투·질문응답·가독성 위주 검토
ABF-169,기준본,579,"01:17:47,550 --> 01:17:58,790",11.24,"읏, 읏, 읏, 읏, 읏.",크림이 잔뜩 묻었어.,아앙… 대단하네.,중립·혼합형,,,,,25.0,30.0,50.0,78.0,75.0,0.52648,24.0,58.0,0.0,0.0,0.0991,-읏.,읏.,,40.21,T3,화자·문맥·자연스러움 집중 검토,token_repetition,75.65622353937341,55.1,P3,말투·질문응답·가독성 위주 검토
ABF-169,기준본,580,"01:17:58,930 --> 01:18:06,670",7.74,아앙… 대단하네.,"읏, 읏, 읏, 읏, 읏.",근데 이거 빼면 풀려버리네.,반응형,,,,,25.0,30.0,50.0,78.0,75.0,0.46394,9.04,58.0,0.0,0.0,0.7253,대단하네.,땀이 엄청나네.,손상된 일본어 ASR + 타임스탬프 사진 + 앞뒤 문맥 추론,34.89,T4,구조검사 통과 시 유지,,55.4614733276884,43.53,P3,말투·질문응답·가독성 위주 검토
ABF-169,기준본,581,"01:18:35,720 --> 01:18:37,980",2.26,근데 이거 빼면 풀려버리네.,아앙… 대단하네.,완전히 풀려버리네.,반말형,,,,,25.0,30.0,50.0,78.0,79.0,0.83596,0.0,58.0,0.0,0.0,0.1608,느리네.,천천히 해.,손상된 일본어 ASR + 타임스탬프 사진 + 앞뒤 문맥 추론,49.13,T3,화자·문맥·자연스러움 집중 검토,,96.27434377646063,68.93,P2,앞뒤 5블록·사진·오류 기억을 함께 검토
ABF-169,기준본,582,"01:18:38,700 --> 01:18:40,440",1.74,완전히 풀려버리네.,근데 이거 빼면 풀려버리네.,풀렸다.,반말형,,,,,25.0,30.0,50.0,78.0,75.0,0.54126,0.0,58.0,0.0,0.0,0.3813,완전히 고개를 돌리네.,완전히 얼굴을 돌리네.,손상된 일본어 ASR + 타임스탬프 사진 + 앞뒤 문맥 추론,36.51,T3,화자·문맥·자연스러움 집중 검토,,60.62658763759525,46.64,P3,말투·질문응답·가독성 위주 검토
ABF-169,기준본,583,"01:18:43,780 --> 01:18:44,680",0.9,풀렸다.,완전히 풀려버리네.,"어, 이거 빠졌어?",중립·혼합형,,,,,25.0,30.0,50.0,78.0,75.0,0.39269,0.0,58.0,0.0,0.0,0.2475,"아, 해 버렸다.","아, 찍혔다.",일본어 원문 대조 + 자연스러운 한국어 대사 교정,30.27,T4,구조검사 통과 시 유지,,37.17188823031329,33.17,P4,회귀검사 통과 시 유지
ABF-169,기준본,584,"01:18:49,720 --> 01:18:50,880",1.16,"어, 이거 빠졌어?",풀렸다.,풀렸다는 건…,반응형,,,,,25.0,30.0,50.0,78.0,75.0,0.62793,0.0,58.0,0.0,0.0,0.2433,"어, 뭐 좀 해 줘.",양치 좀 해 줘.,손상된 일본어 ASR + 타임스탬프 사진 + 앞뒤 문맥 추론,40.15,T3,화자·문맥·자연스러움 집중 검토,,75.190516511431,54.87,P3,말투·질문응답·가독성 위주 검토
ABF-169,기준본,585,"01:18:55,060 --> 01:18:58,140",3.08,풀렸다는 건…,"어, 이거 빠졌어?",무릎은 붙이고…,중립·혼합형,,,,,25.0,30.0,50.0,78.0,75.0,0.53267,0.0,58.0,0.0,0.0,0.0826,"귀여워서 긴장이 많이 풀렸으니까, 소리 내 봐.",긴장도 풀렸으니까 소리 내도 돼.,사진 장면 확인 및 한국어 번역투·ASR 오역 교정,36.15,T3,화자·문맥·자연스러움 집중 검토,,58.93310753598645,45.72,P3,말투·질문응답·가독성 위주 검토
ABF-169,기준본,586,"01:19:09,870 --> 01:19:11,570",1.7,무릎은 붙이고…,풀렸다는 건…,직접 갖다 대.,중립·혼합형,,,,,25.0,30.0,50.0,78.0,75.0,0.548,0.0,58.0,0.0,0.0,0.0987,그리고…,그리고 이제…,,36.8,T3,화자·문맥·자연스러움 집중 검토,,62.02370872142252,47.39,P3,말투·질문응답·가독성 위주 검토
ABF-169,기준본,587,"01:19:16,570 --> 01:19:17,850",1.28,직접 갖다 대.,무릎은 붙이고…,"좋아, 이제 직접 갖다 대봐.",중립·혼합형,,,,,25.0,30.0,50.0,78.0,75.0,0.418,0.0,58.0,0.0,0.0,0.2511,직접 만지는 게 더 기분 좋아...,직접 만지는 게 더 기분 좋아…,,31.34,T4,구조검사 통과 시 유지,,41.23624047417443,35.5,P4,회귀검사 통과 시 유지
ABF-169,기준본,588,"01:19:18,550 --> 01:19:21,490",2.94,"좋아, 이제 직접 갖다 대봐.",직접 갖다 대.,괜찮아.,반응형,,,,,25.0,30.0,50.0,78.0,75.0,0.60452,0.0,58.0,0.0,0.0,0.2465,"좋아, 조금만 더...","좋아, 조금만 더…",,39.17,T3,화자·문맥·자연스러움 집중 검토,,71.16850127011007,52.61,P3,말투·질문응답·가독성 위주 검토
ABF-169,기준본,589,"01:19:21,490 --> 01:19:22,330",0.84,괜찮아.,"좋아, 이제 직접 갖다 대봐.",괜찮아.,반응형,,,,,25.0,30.0,50.0,78.0,75.0,0.19148,42.0,58.0,0.0,0.0,1.0,괜찮아.,최고예요.,화면 영문 자막 대조,29.38,T4,구조검사 통과 시 유지,,33.742591024555466,31.21,P4,회귀검사 통과 시 유지
ABF-169,기준본,590,"01:19:22,330 --> 01:19:23,490",1.16,괜찮아.,괜찮아.,괜찮아.,반응형,,,,,25.0,30.0,50.0,78.0,75.0,0.2989,42.0,58.0,0.0,30.0,1.0,괜찮아.,최고예요.,화면 영문 자막 대조,36.29,T3,화자·문맥·자연스러움 집중 검토,triple_identical_run,59.35647756138865,45.98,P3,말투·질문응답·가독성 위주 검토
ABF-169,기준본,591,"01:19:24,490 --> 01:19:25,770",1.28,괜찮아.,괜찮아.,괜찮아.,반응형,,,,,25.0,30.0,50.0,78.0,75.0,0.30238,42.0,58.0,0.0,30.0,1.0,괜찮아.,최고예요.,화면 영문 자막 대조,36.44,T3,화자·문맥·자연스러움 집중 검토,triple_identical_run,60.033869602032176,46.35,P3,말투·질문응답·가독성 위주 검토
ABF-169,기준본,592,"01:19:29,470 --> 01:19:30,330",0.86,괜찮아.,괜찮아.,잘하네.,반응형,,,,,25.0,30.0,50.0,78.0,75.0,0.375,42.0,58.0,0.0,0.0,1.0,괜찮아.,최고예요.,화면 영문 자막 대조,37.09,T3,화자·문맥·자연스러움 집중 검토,,63.29381879762913,48.1,P3,말투·질문응답·가독성 위주 검토
ABF-169,기준본,593,"01:19:39,760 --> 01:19:41,920",2.16,잘하네.,괜찮아.,괜찮아.,반말형,,,,,25.0,30.0,50.0,78.0,75.0,0.41354,0.22,58.0,0.0,0.0,0.6518,잘하네...,잘하네…,,31.19,T4,구조검사 통과 시 유지,,40.81287044877222,35.23,P4,회귀검사 통과 시 유지
ABF-169,기준본,594,"01:19:41,920 --> 01:19:43,800",1.88,괜찮아.,잘하네.,"아, 더는 무리야!",반응형,,,,,25.0,30.0,50.0,78.0,75.0,0.2861,42.0,58.0,0.0,0.0,1.0,괜찮아.,최고예요.,화면 영문 자막 대조,33.36,T4,구조검사 통과 시 유지,,49.618966977138015,40.19,P3,말투·질문응답·가독성 위주 검토
ABF-169,기준본,595,"01:19:50,980 --> 01:20:01,020",10.04,"아, 더는 무리야!",괜찮아.,조금만 더?,반응형,,,,,25.0,30.0,50.0,78.0,75.0,0.46135,0.0,58.0,0.0,0.0,0.2635,"아, 아, 아, 아, 아, 아, 아,","아, 아, 아, 아, 아, 아, 아",,33.16,T4,구조검사 통과 시 유지,,48.68755292125317,39.68,P4,회귀검사 통과 시 유지
ABF-169,기준본,596,"01:20:18,430 --> 01:20:18,870",0.44,조금만 더?,"아, 더는 무리야!","갈 것 같아, 갈 것 같아, 갈 것 같아!",중립·혼합형,,,,,25.0,30.0,50.0,78.0,75.0,0.31966,0.0,58.0,0.0,0.0,0.5281,조금만 더...,조금만 더…,,27.21,T4,구조검사 통과 시 유지,,24.97883149872989,26.27,P4,회귀검사 통과 시 유지
ABF-169,기준본,597,"01:20:23,850 --> 01:20:26,350",2.5,"갈 것 같아, 갈 것 같아, 갈 것 같아!",조금만 더?,그 냄새 말이야…,중립·혼합형,,,,,25.0,30.0,50.0,78.0,75.0,0.47799,0.0,58.0,0.0,0.0,0.5594,갈 것 같아.,진짜 갈 것 같아.,일본어 원문 대조 + 자연스러운 한국어 대사 교정,33.86,T4,구조검사 통과 시 유지,,52.243861134631665,41.58,P3,말투·질문응답·가독성 위주 검토
ABF-169,기준본,598,"01:20:36,130 --> 01:20:38,770",2.64,그 냄새 말이야…,"갈 것 같아, 갈 것 같아, 갈 것 같아!",침 흘리면서.,반말형,,,,,25.0,30.0,50.0,78.0,75.0,0.32983,0.0,58.0,0.0,0.0,0.2349,유두 말이야.,젖꼭지 말이야.,,27.63,T4,구조검사 통과 시 유지,,26.375952582557154,27.1,P4,회귀검사 통과 시 유지
ABF-169,기준본,599,"01:20:44,920 --> 01:20:46,120",1.2,침 흘리면서.,그 냄새 말이야…,거기야.,중립·혼합형,,,,,25.0,30.0,50.0,78.0,75.0,0.47159,0.0,58.0,0.0,0.0,0.102,"싫다고 거절하면 전부 혼자 먹으면 되지, 그렇게 생각하면서.","거절당하면 혼자 다 먹으면 된다고 생각하면서,",,33.59,T4,구조검사 통과 시 유지,,50.76206604572396,40.8,P3,말투·질문응답·가독성 위주 검토
ABF-169,기준본,600,"01:21:07,400 --> 01:21:09,260",1.86,거기야.,침 흘리면서.,혼나니까 은근히 기분 좋지?,반말형,,,,,25.0,30.0,50.0,78.0,75.0,0.31856,0.0,58.0,0.0,0.0,0.1747,"거기, 거기...","거기, 거기…",,27.16,T4,구조검사 통과 시 유지,,24.89415749364945,26.21,P4,회귀검사 통과 시 유지
ABF-169,기준본,601,"01:21:26,780 --> 01:21:29,040",2.26,혼나니까 은근히 기분 좋지?,거기야.,"응, 기분 좋아.",반말형,,,,,25.0,30.0,50.0,78.0,75.0,0.54757,0.0,58.0,0.0,0.0,0.494,기분 좋지?,흥분되면 말해 봐.,화면 영문 자막 대조,36.78,T3,화자·문맥·자연스러움 집중 검토,,61.89669771380186,47.33,P3,말투·질문응답·가독성 위주 검토
ABF-169,기준본,602,"01:21:29,040 --> 01:21:32,040",3.0,"응, 기분 좋아.",혼나니까 은근히 기분 좋지?,"뭔가 아쉬운 표정인데, 하고 싶은 거 있어?",반응형,,,,,25.0,30.0,50.0,78.0,75.0,0.52749,16.42,58.0,0.0,0.0,0.7868,기분 좋아.,"아, 좋아.",화면 영문 자막 대조,38.89,T3,화자·문맥·자연스러움 집중 검토,,69.85605419136324,51.9,P3,말투·질문응답·가독성 위주 검토
ABF-169,기준본,603,"01:21:37,400 --> 01:21:42,840",5.44,"뭔가 아쉬운 표정인데, 하고 싶은 거 있어?","응, 기분 좋아.",뭐 하고 싶은 거 있어?,중립·혼합형,,,,,25.0,30.0,50.0,78.0,75.0,0.76636,0.0,58.0,0.0,0.0,0.2402,자고 있어?,땀나?,사진 장면 확인 및 한국어 번역투·ASR 오역 교정,45.97,T3,화자·문맥·자연스러움 집중 검토,,90.77053344623201,64.79,P2,앞뒤 5블록·사진·오류 기억을 함께 검토
ABF-169,기준본,604,"01:21:43,500 --> 01:21:48,670",5.17,뭐 하고 싶은 거 있어?,"뭔가 아쉬운 표정인데, 하고 싶은 거 있어?",응?,반응형,,,,,25.0,30.0,50.0,78.0,75.0,0.67658,0.0,58.0,0.0,0.0,0.4093,자고 있어?,땀나?,사진 장면 확인 및 한국어 번역투·ASR 오역 교정,42.2,T3,화자·문맥·자연스러움 집중 검토,,81.2870448772227,58.62,P2,앞뒤 5블록·사진·오류 기억을 함께 검토
ABF-169,기준본,605,"01:21:48,690 --> 01:21:48,730",0.04,응?,뭐 하고 싶은 거 있어?,음…,반응형,,,,,25.0,30.0,50.0,78.0,75.0,0.20272,0.0,58.0,70.0,0.0,0.42,응? 잠깐 기다려…,응? 잠깐만…,일본어 원문 대조 + 자연스러운 한국어 대사 교정,29.29,T4,구조검사 통과 시 유지,high_cps,33.107535986452156,30.89,P4,회귀검사 통과 시 유지
ABF-169,기준본,606,"01:21:48,970 --> 01:21:51,810",2.84,음…,응?,음…,중립·혼합형,,,,,25.0,30.0,50.0,78.0,75.0,0.04568,0.0,58.0,0.0,0.0,0.0945,음...,음…,,15.7,T4,구조검사 통과 시 유지,,0.12701100762066045,9.16,P4,회귀검사 통과 시 유지
ABF-169,기준본,607,"01:21:51,810 --> 01:21:54,850",3.04,음…,음…,핥아줬으면 좋겠어.,중립·혼합형,,,,,25.0,30.0,50.0,78.0,75.0,0.1042,0.0,58.0,0.0,0.0,0.0945,음...,음…,,18.16,T4,구조검사 통과 시 유지,,2.7095681625740897,11.67,P4,회귀검사 통과 시 유지
ABF-169,기준본,608,"01:21:57,790 --> 01:21:59,310",1.52,핥아줬으면 좋겠어.,음…,핥아줬으면 해?,반응형,,,,,25.0,30.0,50.0,78.0,79.0,0.68215,22.82,58.0,0.0,0.0,0.8401,핥아줬으면 좋겠어...,핥아줬으면 좋겠어…,,46.78,T3,화자·문맥·자연스러움 집중 검토,,92.29466553767993,65.9,P2,앞뒤 5블록·사진·오류 기억을 함께 검토
ABF-169,기준본,609,"01:21:59,310 --> 01:22:00,730",1.42,핥아줬으면 해?,핥아줬으면 좋겠어.,뭘?,반응형,,,,,25.0,30.0,50.0,78.0,79.0,0.69508,0.0,58.0,0.0,0.0,0.6379,핥아줬으면 좋겠어...,핥아줬으면 좋겠어…,,43.21,T3,화자·문맥·자연스러움 집중 검토,,83.4038950042337,60.09,P2,앞뒤 5블록·사진·오류 기억을 함께 검토
ABF-169,기준본,610,"01:22:01,010 --> 01:22:01,750",0.74,뭘?,핥아줬으면 해?,젖꼭지.,중립·혼합형,,,,,25.0,30.0,50.0,78.0,75.0,0.26324,0.0,58.0,0.0,0.0,0.112,뭘 찍게 한 거야?,뭘 찍은 거야?,손상된 일본어 ASR + 타임스탬프 사진 + 앞뒤 문맥 추론,24.84,T4,구조검사 통과 시 유지,,18.289585097375106,22.09,P4,회귀검사 통과 시 유지
ABF-169,기준본,611,"01:22:05,850 --> 01:22:08,430",2.58,젖꼭지.,뭘?,젖꼭지 핥아줬으면 좋겠어.,반말형,,,,,25.0,30.0,50.0,78.0,79.0,0.46246,0.0,58.0,0.0,0.0,0.0934,잘 거지.,갈 수 있어.,사진 장면 확인 및 한국어 번역투·ASR 오역 교정,33.44,T4,구조검사 통과 시 유지,,49.7883149872989,40.31,P3,말투·질문응답·가독성 위주 검토
ABF-169,기준본,612,"01:22:08,430 --> 01:22:09,270",0.84,젖꼭지 핥아줬으면 좋겠어.,젖꼭지.,아까 그렇게 핥아줬는데도 또?,반응형,,,,,25.0,30.0,50.0,78.0,83.0,0.87738,6.79,58.0,0.0,0.0,0.7066,핥아줬으면 좋겠어...,핥아줬으면 좋겠어…,,52.33,T3,화자·문맥·자연스러움 집중 검토,,99.15325994919559,72.0,P2,앞뒤 5블록·사진·오류 기억을 함께 검토
ABF-169,기준본,613,"01:22:09,270 --> 01:22:10,110",0.84,아까 그렇게 핥아줬는데도 또?,젖꼭지 핥아줬으면 좋겠어.,귀여우니까 살짝 이빨 세워볼게.,반응형,,,,,25.0,30.0,50.0,78.0,79.0,0.83328,0.0,58.0,0.0,0.0,0.1591,그렇게 하면 안쪽이 꽉 차는 것 같아.,그렇게 하니까 안이 꽉 차네.,손상된 일본어 ASR + 타임스탬프 사진 + 앞뒤 문맥 추론,49.02,T3,화자·문맥·자연스러움 집중 검토,,96.10499576629975,68.8,P2,앞뒤 5블록·사진·오류 기억을 함께 검토
ABF-169,기준본,614,"01:22:12,650 --> 01:22:18,250",5.6,귀여우니까 살짝 이빨 세워볼게.,아까 그렇게 핥아줬는데도 또?,이렇게?,중립·혼합형,,,,,25.0,30.0,50.0,78.0,75.0,0.73499,0.0,58.0,0.0,0.0,0.1642,몸을 살짝 넣을 수 있어요.,조금만요.,,44.65,T3,화자·문맥·자연스러움 집중 검토,,87.46824724809483,62.63,P2,앞뒤 5블록·사진·오류 기억을 함께 검토
ABF-169,기준본,615,"01:22:23,470 --> 01:22:23,950",0.48,이렇게?,귀여우니까 살짝 이빨 세워볼게.,응,중립·혼합형,,,,,25.0,30.0,50.0,78.0,75.0,0.34886,0.0,58.0,0.0,0.0,0.2317,이렇게...,이렇게…,,28.43,T4,구조검사 통과 시 유지,,30.05927180355631,29.11,P4,회귀검사 통과 시 유지
ABF-169,기준본,616,"01:22:24,430 --> 01:22:24,910",0.48,응,이렇게?,음…,반응형,,,,,25.0,30.0,50.0,78.0,75.0,0.16539,0.0,58.0,0.0,0.0,0.0923,응...,응…,,20.73,T4,구조검사 통과 시 유지,,7.239627434377646,15.06,P4,회귀검사 통과 시 유지
ABF-169,기준본,617,"01:22:49,420 --> 01:22:50,360",0.94,음…,응,음…,중립·혼합형,,,,,25.0,30.0,50.0,78.0,75.0,0.05901,0.0,58.0,0.0,0.0,0.0945,음...,음…,,16.26,T4,구조검사 통과 시 유지,,0.5927180355630821,9.68,P4,회귀검사 통과 시 유지
ABF-169,기준본,618,"01:22:51,800 --> 01:22:52,620",0.82,음…,음…,"아, 아파…",중립·혼합형,,,,,25.0,30.0,50.0,78.0,75.0,0.05277,0.0,58.0,0.0,0.0,0.0945,음...,음…,,16.0,T4,구조검사 통과 시 유지,,0.42337002540220153,9.46,P4,회귀검사 통과 시 유지
ABF-169,기준본,619,"01:23:10,170 --> 01:23:31,740",21.57,"아, 아파…",음…,이쪽도 깨물어줘.,반응형,,,,,25.0,30.0,50.0,78.0,75.0,0.29816,0.0,58.0,0.0,0.0,0.4249,"아, 아, 아, 아, 아, 아, 아,","아, 아, 아, 아, 아, 아, 아",,26.3,T4,구조검사 통과 시 유지,,22.396274343776458,24.66,P4,회귀검사 통과 시 유지
ABF-169,기준본,620,"01:23:33,740 --> 01:23:49,160",15.42,이쪽도 깨물어줘.,"아, 아파…","이쪽도? 응, 이쪽도.",반응형,,,,,25.0,30.0,50.0,78.0,75.0,0.38152,0.0,58.0,0.0,0.0,0.3123,이쪽도 보여주세요.,이쪽도 보여 줘.,화자 말투 통일,29.8,T4,구조검사 통과 시 유지,,35.139712108382724,32.04,P4,회귀검사 통과 시 유지
ABF-169,기준본,621,"01:23:49,960 --> 01:23:51,160",1.2,"이쪽도? 응, 이쪽도.",이쪽도 깨물어줘.,저쪽 말고 여기도.,반응형,,,,,25.0,30.0,50.0,78.0,75.0,0.49305,0.0,58.0,0.0,0.0,0.273,이쪽도 보여주세요.,이쪽도 보여 줘.,화자 말투 통일,34.49,T4,구조검사 통과 시 유지,,53.89500423370025,42.64,P3,말투·질문응답·가독성 위주 검토
ABF-169,기준본,622,"01:23:51,800 --> 01:23:53,360",1.56,저쪽 말고 여기도.,"이쪽도? 응, 이쪽도.",이쪽도.,중립·혼합형,,,,,25.0,30.0,50.0,78.0,75.0,0.53235,0.0,58.0,0.0,0.0,0.2727,여기도 해줘.,여기도 해 줘.,,36.14,T3,화자·문맥·자연스러움 집중 검토,,58.84843353090601,45.68,P3,말투·질문응답·가독성 위주 검토
ABF-169,기준본,623,"01:23:53,520 --> 01:23:54,100",0.58,이쪽도.,저쪽 말고 여기도.,후후후…,중립·혼합형,,,,,25.0,30.0,50.0,78.0,75.0,0.37642,0.0,58.0,0.0,0.0,0.2665,이쪽도 보여주세요.,이쪽도 보여 줘.,화자 말투 통일,29.59,T4,구조검사 통과 시 유지,,34.123624047417444,31.49,P4,회귀검사 통과 시 유지
ABF-169,기준본,624,"01:23:54,100 --> 01:23:55,100",1.0,후후후…,이쪽도.,"아아, 기분 좋아.",중립·혼합형,,,,,25.0,30.0,50.0,78.0,75.0,0.1595,0.0,58.0,0.0,0.0,0.3277,"후후후, 어서 와.","후후후, 차가워!",손상된 일본어 ASR + 타임스탬프 사진 + 앞뒤 문맥 추론,20.48,T4,구조검사 통과 시 유지,,6.7739204064352245,14.72,P4,회귀검사 통과 시 유지
ABF-169,기준본,625,"01:24:00,100 --> 01:24:33,290",33.19,"아아, 기분 좋아.",후후후…,응? 직접?,반응형,,,,,25.0,30.0,50.0,78.0,75.0,0.42657,7.77,58.0,0.0,0.0,0.7147,기분 좋아.,"아, 좋아.",화면 영문 자막 대조,33.09,T4,구조검사 통과 시 유지,,48.26418289585097,39.46,P4,회귀검사 통과 시 유지
ABF-169,기준본,626,"01:25:26,850 --> 01:25:28,910",2.06,응? 직접?,"아아, 기분 좋아.",싫어.,반응형,,,,,25.0,30.0,50.0,78.0,75.0,0.23246,0.0,58.0,0.0,0.0,0.2216,응? 잠깐 기다려…,응? 잠깐만…,일본어 원문 대조 + 자연스러운 한국어 대사 교정,23.54,T4,구조검사 통과 시 유지,,14.479254868755293,19.73,P4,회귀검사 통과 시 유지
ABF-169,기준본,627,"01:25:44,430 --> 01:25:45,110",0.68,싫어.,응? 직접?,싫어.,반응형,,,,,25.0,30.0,50.0,78.0,75.0,0.16733,1.24,58.0,0.0,0.0,0.6603,"음-, 싫어.",음… 싫어.,,21.03,T4,구조검사 통과 시 유지,,7.959356477561388,15.54,P4,회귀검사 통과 시 유지
ABF-169,기준본,628,"01:25:48,730 --> 01:25:49,410",0.68,싫어.,싫어.,싫어.,반응형,,,,,25.0,30.0,50.0,78.0,75.0,0.18978,1.24,58.0,0.0,30.0,0.6603,"음-, 싫어.",음… 싫어.,,24.37,T4,구조검사 통과 시 유지,triple_identical_run,16.5961049957663,21.1,P4,회귀검사 통과 시 유지
ABF-169,기준본,629,"01:25:51,470 --> 01:25:52,350",0.88,싫어.,싫어.,진한 애액이 나왔네.,반응형,,,,,25.0,30.0,50.0,78.0,75.0,0.21956,1.24,58.0,0.0,0.0,0.6603,"음-, 싫어.",음… 싫어.,,23.22,T4,구조검사 통과 시 유지,,13.717188823031329,19.23,P4,회귀검사 통과 시 유지
ABF-169,기준본,630,"01:25:58,130 --> 01:26:03,390",5.26,진한 애액이 나왔네.,싫어.,조금 하얗게 탁해졌네.,반말형,,,,,25.0,30.0,50.0,78.0,75.0,0.62064,0.0,58.0,0.0,0.0,0.1068,나왔어…,"아, 물 나왔어…",,39.85,T3,화자·문맥·자연스러움 집중 검토,,74.13209144792549,54.25,P3,말투·질문응답·가독성 위주 검토
ABF-169,기준본,631,"01:26:04,810 --> 01:26:06,510",1.7,조금 하얗게 탁해졌네.,진한 애액이 나왔네.,괜찮아.,반말형,,,,,25.0,30.0,50.0,78.0,75.0,0.73304,0.0,58.0,0.0,0.0,0.1815,엄청 축축해졌네...,엄청 축축해졌네…,,44.57,T3,화자·문맥·자연스러움 집중 검토,,87.25656223539373,62.5,P2,앞뒤 5블록·사진·오류 기억을 함께 검토
ABF-169,기준본,632,"01:26:35,640 --> 01:26:36,060",0.42,괜찮아.,조금 하얗게 탁해졌네.,아직 가면 안 돼.,반응형,,,,,25.0,30.0,50.0,78.0,75.0,0.39932,42.0,58.0,0.0,0.0,1.0,괜찮아.,최고예요.,화면 영문 자막 대조,38.11,T3,화자·문맥·자연스러움 집중 검토,,67.18882303132938,50.32,P3,말투·질문응답·가독성 위주 검토
ABF-169,기준본,633,"01:26:38,580 --> 01:26:39,440",0.86,아직 가면 안 돼.,괜찮아.,"안 돼, 갈 것 같아.",반응형,,,,,25.0,30.0,50.0,78.0,75.0,0.47732,0.0,58.0,0.0,0.0,0.5627,안 돼.,"네, 놀랐어요.",타임스탬프 사진과 앞뒤 장면으로 대사 기능 복원,33.83,T4,구조검사 통과 시 유지,,52.03217612193056,41.47,P3,말투·질문응답·가독성 위주 검토
ABF-169,기준본,634,"01:26:39,680 --> 01:26:41,040",1.36,"안 돼, 갈 것 같아.",아직 가면 안 돼.,"안 돼, 참아.",반응형,,,,,25.0,30.0,50.0,78.0,75.0,0.46721,16.32,58.0,0.0,0.0,0.786,갈 것 같아.,진짜 갈 것 같아.,일본어 원문 대조 + 자연스러운 한국어 대사 교정,36.34,T3,화자·문맥·자연스러움 집중 검토,,59.441151566469095,46.04,P3,말투·질문응답·가독성 위주 검토
ABF-169,기준본,635,"01:26:41,100 --> 01:26:42,280",1.18,"안 돼, 참아.","안 돼, 갈 것 같아.","가버려, 가버릴 것 같아!",반응형,,,,,25.0,30.0,50.0,78.0,75.0,0.34216,0.0,58.0,0.0,0.0,0.3601,"아, 좋아... 안 돼, 안 돼...","아, 좋아… 안 돼, 안 돼…",,28.15,T4,구조검사 통과 시 유지,,28.535139712108382,28.31,P4,회귀검사 통과 시 유지
ABF-169,기준본,636,"01:26:43,720 --> 01:26:45,160",1.44,"가버려, 가버릴 것 같아!","안 돼, 참아.",안 돼.,반응형,,,,,25.0,30.0,50.0,78.0,75.0,0.2877,0.0,58.0,0.0,0.0,0.4482,"가, 가버릴 것 같아…!","가, 가 버릴 것 같아…!",,25.86,T4,구조검사 통과 시 유지,,21.253175275190518,23.93,P4,회귀검사 통과 시 유지
ABF-169,기준본,637,"01:26:45,160 --> 01:26:45,440",0.28,안 돼.,"가버려, 가버릴 것 같아!",이러면 남자가 빨리 싸도 뭐라 못 하겠네.,중립·혼합형,,,,,25.0,30.0,50.0,78.0,75.0,0.37773,42.0,58.0,0.0,0.0,1.0,안 돼.,"네, 놀랐어요.",타임스탬프 사진과 앞뒤 장면으로 대사 기능 복원,37.2,T3,화자·문맥·자연스러움 집중 검토,,64.14055884843353,48.52,P3,말투·질문응답·가독성 위주 검토
ABF-169,기준본,638,"01:27:03,530 --> 01:27:06,770",3.24,이러면 남자가 빨리 싸도 뭐라 못 하겠네.,안 돼.,화낼 수 없지.,반말형,,,,,25.0,30.0,50.0,78.0,75.0,0.80451,0.0,58.0,0.0,0.0,0.2187,빨리 핥아 봐.,빨리 핥아 줘.,화자 말투 자연화,47.57,T3,화자·문맥·자연스러움 집중 검토,,93.81879762912786,66.99,P2,앞뒤 5블록·사진·오류 기억을 함께 검토
ABF-169,기준본,639,"01:27:07,750 --> 01:27:08,490",0.74,화낼 수 없지.,이러면 남자가 빨리 싸도 뭐라 못 하겠네.,"잠깐, 참기 놀이 하자.",반말형,,,,,25.0,30.0,50.0,78.0,75.0,0.55865,0.0,58.0,0.0,0.0,0.4586,이길 수 있을 리가 없지.,더 깊이…,타임스탬프 사진으로 장면 불일치 확인 후 재복원,37.24,T3,화자·문맥·자연스러움 집중 검토,,64.35224386113462,48.63,P3,말투·질문응답·가독성 위주 검토
ABF-169,기준본,640,"01:27:12,010 --> 01:27:13,690",1.68,"잠깐, 참기 놀이 하자.",화낼 수 없지.,어? 싫어.,반응형,,,,,25.0,30.0,50.0,78.0,75.0,0.54123,0.0,58.0,0.0,0.0,0.2784,한 번에 하자. 뭔가…,이제 자자. 불도 조금 어둡게 해 줘.,사진 장면 확인 및 한국어 번역투·ASR 오역 교정,36.51,T3,화자·문맥·자연스러움 집중 검토,,60.62658763759525,46.64,P3,말투·질문응답·가독성 위주 검토
ABF-169,기준본,641,"01:27:14,250 --> 01:27:14,850",0.6,어? 싫어.,"잠깐, 참기 놀이 하자.","잠깐, 싫어.",반응형,,,,,25.0,30.0,50.0,78.0,75.0,0.36712,0.0,58.0,0.0,0.0,0.5435,"음-, 싫어.",음… 싫어.,,29.2,T4,구조검사 통과 시 유지,,32.68416596104996,30.66,P4,회귀검사 통과 시 유지
ABF-169,기준본,642,"01:27:16,810 --> 01:27:19,210",2.4,"잠깐, 싫어.",어? 싫어.,제대로 안에 넣어줘.,반응형,,,,,25.0,30.0,50.0,78.0,75.0,0.32278,0.0,58.0,0.0,0.0,0.4702,"음-, 싫어.",음… 싫어.,,27.34,T4,구조검사 통과 시 유지,,25.656223539373414,26.63,P4,회귀검사 통과 시 유지
ABF-169,기준본,643,"01:27:20,630 --> 01:27:21,750",1.12,제대로 안에 넣어줘.,"잠깐, 싫어.",응?,반응형,,,,,25.0,30.0,50.0,78.0,79.0,0.61541,0.0,58.0,0.0,0.0,0.368,제대로 돼 있네.,제대로 가려지네.,일본어 원문 대조 + 자연스러운 한국어 대사 교정,39.87,T3,화자·문맥·자연스러움 집중 검토,,74.25910245554614,54.31,P3,말투·질문응답·가독성 위주 검토
ABF-169,기준본,644,"01:27:21,990 --> 01:27:22,210",0.22,응?,제대로 안에 넣어줘.,가버렸어?,반응형,,,,,25.0,30.0,50.0,78.0,75.0,0.16193,0.0,58.0,0.0,0.0,0.42,응? 잠깐 기다려…,응? 잠깐만…,일본어 원문 대조 + 자연스러운 한국어 대사 교정,20.58,T4,구조검사 통과 시 유지,,7.027942421676546,14.89,P4,회귀검사 통과 시 유지
ABF-169,기준본,645,"01:27:22,850 --> 01:27:23,550",0.7,가버렸어?,응?,넣으면 안 돼.,반응형,,,,,25.0,30.0,50.0,78.0,75.0,0.32245,0.0,58.0,0.0,0.0,0.4815,나와 버렸어?,또 나와 버렸어?,일본어 원문 대조 + 자연스러운 한국어 대사 교정,27.32,T4,구조검사 통과 시 유지,,25.57154953429297,26.59,P4,회귀검사 통과 시 유지
ABF-169,기준본,646,"01:27:48,240 --> 01:27:49,460",1.22,넣으면 안 돼.,가버렸어?,들어가 버릴지도 몰라.,반응형,,,,,25.0,30.0,50.0,78.0,79.0,0.80661,0.0,58.0,0.0,0.0,0.5359,안 돼.,"네, 놀랐어요.",타임스탬프 사진과 앞뒤 장면으로 대사 기능 복원,47.9,T3,화자·문맥·자연스러움 집중 검토,,94.36917866215072,67.42,P2,앞뒤 5블록·사진·오류 기억을 함께 검토
ABF-169,기준본,647,"01:27:49,480 --> 01:27:50,620",1.14,들어가 버릴지도 몰라.,넣으면 안 돼.,들어가 버릴지도 모르는데 괜찮아?,반응형,,,,,25.0,30.0,50.0,78.0,75.0,0.63016,0.0,58.0,0.0,0.0,0.4099,여기서 잘지도 몰라.,"응, 들어왔어.",일본어 원문 + 타임스탬프 사진 + 장면 연속성,40.25,T3,화자·문맥·자연스러움 집중 검토,,75.95258255715495,55.25,P3,말투·질문응답·가독성 위주 검토
ABF-169,기준본,648,"01:27:52,460 --> 01:27:54,480",2.02,들어가 버릴지도 모르는데 괜찮아?,들어가 버릴지도 몰라.,그럼 스마타로 해줘.,반응형,,,,,25.0,30.0,50.0,78.0,75.0,0.77548,0.0,58.0,0.0,0.0,0.2417,"하아, 들어가 버려.",하아… 들어가.,일본어 원문 대조 + 자연스러운 한국어 대사 교정,46.35,T3,화자·문맥·자연스러움 집중 검토,,91.44792548687552,65.29,P2,앞뒤 5블록·사진·오류 기억을 함께 검토
ABF-169,기준본,649,"01:27:54,520 --> 01:27:56,660",2.14,그럼 스마타로 해줘.,들어가 버릴지도 모르는데 괜찮아?,"아, 아파…",반말형,,,,,25.0,30.0,50.0,78.0,75.0,0.5156,0.0,58.0,0.0,0.0,0.4552,해줘.,해 줘.,,35.44,T3,화자·문맥·자연스러움 집중 검토,,57.02794242167655,44.51,P3,말투·질문응답·가독성 위주 검토
ABF-169,기준본,650,"01:28:05,360 --> 01:28:06,220",0.86,"아, 아파…",그럼 스마타로 해줘.,자지 말이야.,반응형,,,,,25.0,30.0,50.0,78.0,75.0,0.3675,0.0,58.0,0.0,0.0,0.4249,"아, 아, 아, 아, 아, 아, 아,","아, 아, 아, 아, 아, 아, 아",,29.21,T4,구조검사 통과 시 유지,,32.85351397121084,30.74,P4,회귀검사 통과 시 유지
ABF-169,기준본,651,"01:28:09,390 --> 01:28:10,010",0.62,자지 말이야.,"아, 아파…",딱딱해.,반말형,,,,,25.0,30.0,50.0,78.0,75.0,0.43947,3.06,58.0,0.0,0.0,0.6755,유두 말이야.,젖꼭지 말이야.,,32.79,T4,구조검사 통과 시 유지,,46.90939881456393,38.72,P4,회귀검사 통과 시 유지
ABF-169,기준본,652,"01:28:14,480 --> 01:28:15,300",0.82,딱딱해.,자지 말이야.,"딱딱한 자지, 여기 잡고 해줄게.",반말형,,,,,25.0,30.0,50.0,78.0,75.0,0.36359,0.0,58.0,0.0,0.0,0.6313,딱딱해...,딱딱해…,,29.05,T4,구조검사 통과 시 유지,,32.43014394580864,30.47,P4,회귀검사 통과 시 유지
ABF-169,기준본,653,"01:28:15,300 --> 01:28:16,640",1.34,"딱딱한 자지, 여기 잡고 해줄게.",딱딱해.,기분 좋게 해주면…,반말형,,,,,25.0,30.0,50.0,78.0,75.0,0.75226,0.0,58.0,0.0,0.0,0.3199,"누나, 기분 좋게 해줄게.","누나, 기분 좋게 해 줄게.",,45.37,T3,화자·문맥·자연스러움 집중 검토,,89.41574936494496,63.87,P2,앞뒤 5블록·사진·오류 기억을 함께 검토
ABF-169,기준본,654,"01:28:30,860 --> 01:28:34,350",3.49,기분 좋게 해주면…,"딱딱한 자지, 여기 잡고 해줄게.",진짜 넣을까?,반말형,,,,,25.0,30.0,50.0,78.0,75.0,0.53545,0.0,58.0,0.0,0.0,0.3034,기분 좋게 해 주고 싶어요.,제가 해 볼게요.,앞 블록과 중복된 문장 정리,36.27,T3,화자·문맥·자연스러움 집중 검토,,59.271803556308214,45.93,P3,말투·질문응답·가독성 위주 검토
ABF-169,기준본,655,"01:28:34,350 --> 01:28:35,750",1.4,진짜 넣을까?,기분 좋게 해주면…,"넣긴 할 건데, 아직이야.",중립·혼합형,,,,,25.0,30.0,50.0,78.0,79.0,0.65237,0.0,58.0,0.0,0.0,0.2318,진짜 엄청 좋아...,진짜 엄청 좋아…,,41.42,T3,화자·문맥·자연스러움 집중 검토,,78.66215071972904,57.06,P3,말투·질문응답·가독성 위주 검토
ABF-169,기준본,656,"01:28:36,070 --> 01:28:38,930",2.86,"넣긴 할 건데, 아직이야.",진짜 넣을까?,안 돼?,반응형,,,,,25.0,30.0,50.0,78.0,79.0,0.73793,0.0,58.0,0.0,0.0,0.1274,유두 말이야.,젖꼭지 말이야.,,45.01,T3,화자·문맥·자연스러움 집중 검토,,88.73835732430145,63.38,P2,앞뒤 5블록·사진·오류 기억을 함께 검토
ABF-169,기준본,657,"01:28:40,370 --> 01:28:41,170",0.8,안 돼?,"넣긴 할 건데, 아직이야.",안 되는 거야?,중립·혼합형,,,,,25.0,30.0,50.0,78.0,75.0,0.30589,0.0,58.0,0.0,0.0,0.5867,유두는 안 돼?,젖꼭지는 안 돼?,,26.63,T4,구조검사 통과 시 유지,,23.285351397121083,25.23,P4,회귀검사 통과 시 유지
ABF-169,기준본,658,"01:28:42,870 --> 01:28:44,030",1.16,안 되는 거야?,안 돼?,넣고 싶네.,반말형,,,,,25.0,30.0,50.0,78.0,75.0,0.43473,0.0,58.0,0.0,0.0,0.3941,끼우는 거야?,끼는 거지?,일본어 원문 대조 + 자연스러운 한국어 대사 교정,32.04,T4,구조검사 통과 시 유지,,43.94580863674852,37.04,P4,회귀검사 통과 시 유지
ABF-169,기준본,659,"01:28:48,580 --> 01:28:49,860",1.28,넣고 싶네.,안 되는 거야?,아직이야.,반말형,,,,,25.0,30.0,50.0,78.0,79.0,0.65453,0.0,58.0,0.0,0.0,0.4113,넣고 싶어.,빨리 넣고 싶어.,일본어 원문 대조 + 자연스러운 한국어 대사 교정,41.51,T3,화자·문맥·자연스러움 집중 검토,,79.04318374259103,57.27,P3,말투·질문응답·가독성 위주 검토
ABF-169,기준본,660,"01:28:50,340 --> 01:28:51,160",0.82,아직이야.,넣고 싶네.,이러면 들어가 버려.,반응형,,,,,25.0,30.0,50.0,78.0,75.0,0.41919,0.0,58.0,0.0,0.0,0.194,유두 말이야.,젖꼭지 말이야.,,31.39,T4,구조검사 통과 시 유지,,41.57493649449619,35.67,P4,회귀검사 통과 시 유지
ABF-169,기준본,661,"01:28:55,610 --> 01:28:56,990",1.38,이러면 들어가 버려.,아직이야.,응?,반응형,,,,,25.0,30.0,50.0,78.0,75.0,0.63752,0.0,58.0,0.0,0.0,0.6404,"하아, 들어가 버려.",하아… 들어가.,일본어 원문 대조 + 자연스러운 한국어 대사 교정,40.56,T3,화자·문맥·자연스러움 집중 검토,,76.54530059271804,55.67,P3,말투·질문응답·가독성 위주 검토
ABF-169,기준본,662,"01:28:56,990 --> 01:28:57,410",0.42,응?,이러면 들어가 버려.,들어가 버려.,반응형,,,,,25.0,30.0,50.0,78.0,75.0,0.29815,0.0,58.0,0.0,0.0,0.42,응? 잠깐 기다려…,응? 잠깐만…,일본어 원문 대조 + 자연스러운 한국어 대사 교정,26.3,T4,구조검사 통과 시 유지,,22.396274343776458,24.66,P4,회귀검사 통과 시 유지
ABF-169,기준본,663,"01:28:58,750 --> 01:29:00,530",1.78,들어가 버려.,응?,손으로 해주니까 무슨 손님 된 기분이네.,반응형,,,,,25.0,30.0,50.0,78.0,75.0,0.50468,22.22,58.0,0.0,0.0,0.8352,"하아, 들어가 버려.",하아… 들어가.,일본어 원문 대조 + 자연스러운 한국어 대사 교정,38.98,T3,화자·문맥·자연스러움 집중 검토,,70.23708721422524,52.11,P3,말투·질문응답·가독성 위주 검토
ABF-169,기준본,664,"01:29:01,290 --> 01:29:03,090",1.8,손으로 해주니까 무슨 손님 된 기분이네.,들어가 버려.,넣고 싶어졌어.,반말형,,,,,25.0,30.0,50.0,78.0,75.0,0.79794,0.0,58.0,0.0,0.0,0.2688,손으로 해줄까?,손으로 해 줄까?,,47.29,T3,화자·문맥·자연스러움 집중 검토,,93.22607959356478,66.58,P2,앞뒤 5블록·사진·오류 기억을 함께 검토
ABF-169,기준본,665,"01:29:05,350 --> 01:29:06,750",1.4,넣고 싶어졌어.,손으로 해주니까 무슨 손님 된 기분이네.,안 돼?,반응형,,,,,25.0,30.0,50.0,78.0,79.0,0.59662,0.0,58.0,0.0,0.0,0.4559,넣고 싶어.,빨리 넣고 싶어.,일본어 원문 대조 + 자연스러운 한국어 대사 교정,39.08,T3,화자·문맥·자연스러움 집중 검토,,70.70279424216766,52.36,P3,말투·질문응답·가독성 위주 검토
ABF-169,기준본,666,"01:29:08,830 --> 01:29:09,370",0.54,안 돼?,넣고 싶어졌어.,끝부분만이라도 좋으니까 넣어줘.,중립·혼합형,,,,,25.0,30.0,50.0,78.0,75.0,0.39647,0.0,58.0,0.0,0.0,0.5867,유두는 안 돼?,젖꼭지는 안 돼?,,30.43,T4,구조검사 통과 시 유지,,37.84928027095681,33.55,P4,회귀검사 통과 시 유지
ABF-169,기준본,667,"01:29:11,410 --> 01:29:12,990",1.58,끝부분만이라도 좋으니까 넣어줘.,안 돼?,"자, 손에 이거 묻혀봐.",반응형,,,,,25.0,30.0,50.0,78.0,79.0,0.82895,0.0,58.0,0.0,0.0,0.1575,벌써 끝부분이…,벌써 끝이…,손상된 일본어 ASR + 타임스탬프 사진 + 앞뒤 문맥 추론,48.84,T3,화자·문맥·자연스러움 집중 검토,,95.93564775613886,68.62,P2,앞뒤 5블록·사진·오류 기억을 함께 검토
ABF-169,기준본,668,"01:29:15,030 --> 01:29:16,650",1.62,"자, 손에 이거 묻혀봐.",끝부분만이라도 좋으니까 넣어줘.,끝부분만 넣는 거 좋아해?,중립·혼합형,,,,,25.0,30.0,50.0,78.0,79.0,0.82347,0.0,58.0,0.0,0.0,0.2876,손에 싸도 돼?,엉덩이에 싸도 돼?,,48.61,T3,화자·문맥·자연스러움 집중 검토,,95.85097375105842,68.45,P2,앞뒤 5블록·사진·오류 기억을 함께 검토
ABF-169,기준본,669,"01:29:26,050 --> 01:29:27,290",1.24,끝부분만 넣는 거 좋아해?,"자, 손에 이거 묻혀봐.",끝부분만 넣는 거 좋아해?,반응형,,,,,25.0,30.0,50.0,78.0,79.0,0.76129,0.0,58.0,0.0,0.0,0.4707,유두 좋아해?,젖꼭지 좋아해?,,45.99,T3,화자·문맥·자연스러움 집중 검토,,90.85520745131245,64.83,P2,앞뒤 5블록·사진·오류 기억을 함께 검토
ABF-169,기준본,670,"01:29:28,090 --> 01:29:28,510",0.42,끝부분만 넣는 거 좋아해?,끝부분만 넣는 거 좋아해?,끝에만 자극하는 것도 좋아.,반응형,,,,,25.0,30.0,50.0,78.0,79.0,0.80004,0.0,58.0,60.95,0.0,0.4707,유두 좋아해?,젖꼭지 좋아해?,,53.72,T3,화자·문맥·자연스러움 집중 검토,high_cps,99.32260795935647,72.87,P1,장면 패킷을 열고 후보 3개를 생성해 반증 검토
ABF-169,기준본,671,"01:29:28,510 --> 01:29:29,250",0.74,끝에만 자극하는 것도 좋아.,끝부분만 넣는 거 좋아해?,"아아, 기분 좋아.",반응형,,,,,25.0,30.0,50.0,78.0,75.0,0.5279,0.0,58.0,25.0,0.0,0.252,"아, 좋아.","아, 들어온다.",,38.45,T3,화자·문맥·자연스러움 집중 검토,borderline_cps,67.90855207451312,50.82,P3,말투·질문응답·가독성 위주 검토
ABF-169,기준본,672,"01:29:35,910 --> 01:29:37,410",1.5,"아아, 기분 좋아.",끝에만 자극하는 것도 좋아.,아… 좋아?,반응형,,,,,25.0,30.0,50.0,78.0,75.0,0.31008,7.77,58.0,0.0,0.0,0.7147,기분 좋아.,"아, 좋아.",화면 영문 자막 대조,28.2,T4,구조검사 통과 시 유지,,28.87383573243014,28.48,P4,회귀검사 통과 시 유지
ABF-169,기준본,673,"01:29:37,590 --> 01:29:38,990",1.4,아… 좋아?,"아아, 기분 좋아.",그치?,반응형,,,,,25.0,30.0,50.0,78.0,75.0,0.18537,0.0,58.0,0.0,0.0,0.4821,안쪽이 좋아?,안쪽도 좋아?,일본어 원문 대조 + 자연스러운 한국어 대사 교정,21.57,T4,구조검사 통과 시 유지,,9.144792548687553,16.35,P4,회귀검사 통과 시 유지
ABF-169,기준본,674,"01:29:40,630 --> 01:29:40,990",0.36,그치?,아… 좋아?,손으로 하는 거 잘하지?,중립·혼합형,,,,,25.0,30.0,50.0,78.0,75.0,0.29541,0.0,58.0,0.0,0.0,0.4921,우리도 그러고 싶죠. 그치?,저희도 그러고 싶어요. 그렇지?,한국어 자연화,26.19,T4,구조검사 통과 시 유지,,22.09991532599492,24.47,P4,회귀검사 통과 시 유지
ABF-169,기준본,675,"01:29:44,580 --> 01:29:45,360",0.78,손으로 하는 거 잘하지?,그치?,잘해?,반응형,,,,,25.0,30.0,50.0,78.0,75.0,0.66251,0.0,58.0,0.0,0.0,0.3705,손으로 해줄까?,손으로 해 줄까?,,41.61,T3,화자·문맥·자연스러움 집중 검토,,79.50889077053344,57.53,P3,말투·질문응답·가독성 위주 검토
ABF-169,기준본,676,"01:29:46,900 --> 01:29:47,660",0.76,잘해?,손으로 하는 거 잘하지?,응,반말형,,,,,25.0,30.0,50.0,78.0,75.0,0.31011,0.0,58.0,0.0,0.0,0.2335,잘해...,잘해…,,26.8,T4,구조검사 통과 시 유지,,23.878069432684164,25.57,P4,회귀검사 통과 시 유지
ABF-169,기준본,677,"01:29:48,000 --> 01:29:48,300",0.3,응,잘해?,문질러.,반응형,,,,,25.0,30.0,50.0,78.0,75.0,0.20992,0.0,58.0,0.0,0.0,0.0923,응...,응…,,22.6,T4,구조검사 통과 시 유지,,11.685012701100762,18.02,P4,회귀검사 통과 시 유지
ABF-169,기준본,678,"01:29:50,920 --> 01:29:51,420",0.5,문질러.,응,"음… 비벼지고 있네.
내가 직접 비비고 있는 건가?",중립·혼합형,,,,,25.0,30.0,50.0,78.0,75.0,0.26013,0.0,58.0,0.0,0.0,0.133,"뭐, 먹으러.",벌써부터 그러지 마.,손상된 일본어 ASR + 타임스탬프 사진 + 앞뒤 문맥 추론,24.71,T4,구조검사 통과 시 유지,,17.950889077053343,21.87,P4,회귀검사 통과 시 유지
ABF-169,기준본,679,"01:29:51,420 --> 01:30:07,560",16.14,"음… 비벼지고 있네.
내가 직접 비비고 있는 건가?",문질러.,그래도 이래저래 잘 참고 있잖아.,반말형,,,,,25.0,30.0,50.0,78.0,75.0,0.55295,0.0,58.0,0.0,0.0,0.1797,제대로 돼 있네.,제대로 가려지네.,일본어 원문 대조 + 자연스러운 한국어 대사 교정,37.0,T3,화자·문맥·자연스러움 집중 검토,,62.74343776460627,47.81,P3,말투·질문응답·가독성 위주 검토
ABF-169,기준본,680,"01:30:11,890 --> 01:30:15,070",3.18,그래도 이래저래 잘 참고 있잖아.,"음… 비벼지고 있네.
내가 직접 비비고 있는 건가?",좀 더 할 수 있겠네. 스마타 좋아하잖아.,반응형,,,,,25.0,30.0,50.0,78.0,75.0,0.714,0.0,58.0,0.0,0.0,0.3865,서 있잖아.,완전히 서 있잖아.,일본어 원문 대조 + 자연스러운 한국어 대사 교정,43.77,T3,화자·문맥·자연스러움 집중 검토,,85.26672311600339,61.2,P2,앞뒤 5블록·사진·오류 기억을 함께 검토
ABF-169,기준본,681,"01:30:15,070 --> 01:30:18,650",3.58,좀 더 할 수 있겠네. 스마타 좋아하잖아.,그래도 이래저래 잘 참고 있잖아.,어?,반말형,,,,,25.0,30.0,50.0,78.0,75.0,0.80306,0.0,58.0,0.0,0.0,0.4696,너 이런 거 좋아하잖아.,이렇게 묶이는 거 좋아하잖아.,,47.51,T3,화자·문맥·자연스러움 집중 검토,,93.56477561388654,66.85,P2,앞뒤 5블록·사진·오류 기억을 함께 검토
ABF-169,기준본,682,"01:30:19,830 --> 01:30:20,270",0.44,어?,좀 더 할 수 있겠네. 스마타 좋아하잖아.,넣는 것보다?,반응형,,,,,25.0,30.0,50.0,78.0,75.0,0.24941,0.0,58.0,0.0,0.0,0.323,어? 벗기고 싶다고? 응.,해 줬으면 좋겠어? 응.,손상된 일본어 ASR + 타임스탬프 사진 + 앞뒤 문맥 추론,24.26,T4,구조검사 통과 시 유지,,16.257408975444537,20.9,P4,회귀검사 통과 시 유지
ABF-169,기준본,683,"01:30:24,590 --> 01:30:25,610",1.02,넣는 것보다?,어?,"뭐, 비슷한 정도?",중립·혼합형,,,,,25.0,30.0,50.0,78.0,79.0,0.6904,0.0,58.0,0.0,0.0,0.2289,한쪽 사람이 하는 것보다 낫잖아.,혼자 씻는 것보단 낫지?,타임스탬프 사진과 앞뒤 장면으로 대사 기능 복원,43.02,T3,화자·문맥·자연스러움 집중 검토,,82.81117696867062,59.73,P2,앞뒤 5블록·사진·오류 기억을 함께 검토
ABF-169,기준본,684,"01:30:26,490 --> 01:30:28,470",1.98,"뭐, 비슷한 정도?",넣는 것보다?,넣는 게 기분 좋지.,중립·혼합형,,,,,25.0,30.0,50.0,78.0,75.0,0.63183,0.0,58.0,0.0,0.0,0.2131,"뭐, 먹으러.",벌써부터 그러지 마.,손상된 일본어 ASR + 타임스탬프 사진 + 앞뒤 문맥 추론,40.32,T3,화자·문맥·자연스러움 집중 검토,,76.20660457239627,55.39,P3,말투·질문응답·가독성 위주 검토
ABF-169,기준본,685,"01:30:29,610 --> 01:30:31,690",2.08,넣는 게 기분 좋지.,"뭐, 비슷한 정도?","아, 그러네.",반말형,,,,,25.0,30.0,50.0,78.0,79.0,0.7594,0.0,58.0,0.0,0.0,0.3814,네가 가주면 좋지.,네가 느껴 주면 나도 좋지.,앞뒤 장면·대사 기능 복원,45.91,T3,화자·문맥·자연스러움 집중 검토,,90.64352243861134,64.7,P2,앞뒤 5블록·사진·오류 기억을 함께 검토
ABF-169,기준본,686,"01:30:31,930 --> 01:30:33,630",1.7,"아, 그러네.",넣는 게 기분 좋지.,그건 맞긴 한데.,반응형,,,,,25.0,30.0,50.0,78.0,75.0,0.40268,0.0,58.0,0.0,0.0,0.3388,"아, 아, 아, 아, 아, 아, 아,","아, 아, 아, 아, 아, 아, 아",,30.69,T4,구조검사 통과 시 유지,,39.11939034716342,34.23,P4,회귀검사 통과 시 유지
ABF-169,기준본,687,"01:30:34,210 --> 01:30:35,650",1.44,그건 맞긴 한데.,"아, 그러네.",슬슬 넣고 싶어.,중립·혼합형,,,,,25.0,30.0,50.0,78.0,75.0,0.39277,0.0,58.0,0.0,0.0,0.3394,그건 안 돼.,여기로 와.,일본어 원문 + 타임스탬프 사진 + 장면 연속성,30.28,T4,구조검사 통과 시 유지,,37.25656223539374,33.21,P4,회귀검사 통과 시 유지
ABF-169,기준본,688,"01:30:35,670 --> 01:30:37,630",1.96,슬슬 넣고 싶어.,그건 맞긴 한데.,그래도 넣고 싶지? 약속은 약속이니까.,반응형,,,,,25.0,30.0,50.0,78.0,79.0,0.6726,9.6,58.0,0.0,0.0,0.73,넣고 싶어.,빨리 넣고 싶어.,일본어 원문 대조 + 자연스러운 한국어 대사 교정,44.0,T3,화자·문맥·자연스러움 집중 검토,,85.69009314140558,61.51,P2,앞뒤 5블록·사진·오류 기억을 함께 검토
ABF-169,기준본,689,"01:30:38,030 --> 01:30:40,350",2.32,그래도 넣고 싶지? 약속은 약속이니까.,슬슬 넣고 싶어.,넣어도 돼?,반말형,,,,,25.0,30.0,50.0,78.0,79.0,0.81628,0.0,58.0,0.0,0.0,0.2036,그래도 계속 하고 싶어.,그래도 계속하고 싶어.,손상된 일본어 ASR + 타임스탬프 사진 + 앞뒤 문맥 추론,48.3,T3,화자·문맥·자연스러움 집중 검토,,95.17358171041491,67.99,P2,앞뒤 5블록·사진·오류 기억을 함께 검토
ABF-169,기준본,690,"01:30:41,090 --> 01:30:41,910",0.82,넣어도 돼?,그래도 넣고 싶지? 약속은 약속이니까.,어?,반응형,,,,,25.0,30.0,50.0,78.0,79.0,0.56359,0.0,58.0,0.0,0.0,0.2948,더 해줘도 돼?,더 해 줘도 돼?,,37.69,T3,화자·문맥·자연스러움 집중 검토,,65.83403895004234,49.51,P3,말투·질문응답·가독성 위주 검토
ABF-169,기준본,691,"01:30:42,290 --> 01:30:42,450",0.16,어?,넣어도 돼?,넣어버릴까?,반응형,,,,,25.0,30.0,50.0,78.0,75.0,0.19025,0.0,58.0,0.0,0.0,0.323,어? 벗기고 싶다고? 응.,해 줬으면 좋겠어? 응.,손상된 일본어 ASR + 타임스탬프 사진 + 앞뒤 문맥 추론,21.77,T4,구조검사 통과 시 유지,,9.652836579170195,16.68,P4,회귀검사 통과 시 유지
ABF-169,기준본,692,"01:30:44,310 --> 01:30:45,210",0.9,넣어버릴까?,어?,넣고 싶어.,반응형,,,,,25.0,30.0,50.0,78.0,79.0,0.43906,0.0,58.0,0.0,0.0,0.3719,그만둬 버릴까?,그만할까?,손상된 일본어 ASR + 타임스탬프 사진 + 앞뒤 문맥 추론,32.46,T4,구조검사 통과 시 유지,,45.258255715495345,37.84,P4,회귀검사 통과 시 유지
ABF-169,기준본,693,"01:30:45,970 --> 01:30:47,090",1.12,넣고 싶어.,넣어버릴까?,넣고 싶어.,반응형,,,,,25.0,30.0,50.0,78.0,79.0,0.49259,42.0,58.0,0.0,0.0,1.0,넣고 싶어.,빨리 넣고 싶어.,일본어 원문 대조 + 자연스러운 한국어 대사 교정,42.27,T3,화자·문맥·자연스러움 집중 검토,,81.37171888230313,58.69,P2,앞뒤 5블록·사진·오류 기억을 함께 검토
ABF-169,기준본,694,"01:30:49,070 --> 01:30:50,270",1.2,넣고 싶어.,넣고 싶어.,영차.,반응형,,,,,25.0,30.0,50.0,78.0,79.0,0.53719,42.0,58.0,0.0,0.0,1.0,넣고 싶어.,빨리 넣고 싶어.,일본어 원문 대조 + 자연스러운 한국어 대사 교정,44.14,T3,화자·문맥·자연스러움 집중 검토,,86.24047417442846,61.82,P2,앞뒤 5블록·사진·오류 기억을 함께 검토
ABF-169,기준본,695,"01:30:50,590 --> 01:30:51,050",0.46,영차.,넣고 싶어.,이거 마셔봐.,중립·혼합형,,,,,25.0,30.0,50.0,78.0,75.0,0.2849,42.0,58.0,0.0,0.0,1.0,영차.,자.,타임스탬프 사진과 앞뒤 장면으로 대사 기능 복원,33.31,T4,구조검사 통과 시 유지,,49.3649449618967,40.05,P3,말투·질문응답·가독성 위주 검토
ABF-169,기준본,696,"01:31:01,700 --> 01:31:05,320",3.62,이거 마셔봐.,영차.,이 정도로 야하게 하면 못 참을 것 같은데.,중립·혼합형,,,,,25.0,30.0,50.0,78.0,75.0,0.54131,0.0,58.0,0.0,0.0,0.2029,이거 기분 좋네...,이거 기분 좋네…,,36.51,T3,화자·문맥·자연스러움 집중 검토,,60.62658763759525,46.64,P3,말투·질문응답·가독성 위주 검토
ABF-169,기준본,697,"01:31:13,230 --> 01:31:16,650",3.42,이 정도로 야하게 하면 못 참을 것 같은데.,이거 마셔봐.,앗.,반말형,,,,,25.0,30.0,50.0,78.0,75.0,0.82421,0.0,58.0,0.0,0.0,0.2321,뭔가 야하게 달라붙어?,몸이 야하게 달라붙네.,사진 장면 확인 및 한국어 번역투·ASR 오역 교정,48.4,T3,화자·문맥·자연스러움 집중 검토,,95.25825571549534,68.08,P2,앞뒤 5블록·사진·오류 기억을 함께 검토
ABF-169,기준본,698,"01:31:25,820 --> 01:31:26,340",0.52,앗.,이 정도로 야하게 하면 못 참을 것 같은데.,"아, 말해버렸어.",반응형,,,,,25.0,30.0,50.0,78.0,75.0,0.26824,0.0,58.0,0.0,0.0,0.4029,앗...,앗…,,25.05,T4,구조검사 통과 시 유지,,18.882303132938187,22.46,P4,회귀검사 통과 시 유지
ABF-169,기준본,699,"01:31:28,060 --> 01:31:28,880",0.82,"아, 말해버렸어.",앗.,이제 안 할게.,반응형,,,,,25.0,30.0,50.0,78.0,75.0,0.44814,42.0,58.0,0.0,0.0,1.0,"아, 말해버렸어.","아, 넣고 싶다고 말해버렸어.",,40.16,T3,화자·문맥·자연스러움 집중 검토,,75.31752751905165,54.93,P3,말투·질문응답·가독성 위주 검토
ABF-169,기준본,700,"01:31:29,560 --> 01:31:30,840",1.28,이제 안 할게.,"아, 말해버렸어.",시끄러워.,중립·혼합형,,,,,25.0,30.0,50.0,78.0,75.0,0.50719,42.0,58.0,0.0,0.0,1.0,이제 안 할게.,이제 안 애태울게.,,42.64,T3,화자·문맥·자연스러움 집중 검토,,82.1337849280271,59.23,P2,앞뒤 5블록·사진·오류 기억을 함께 검토
ABF-169,기준본,701,"01:31:35,980 --> 01:31:37,040",1.06,시끄러워.,이제 안 할게.,엄청 적극적으로 들이대네.,중립·혼합형,,,,,25.0,30.0,50.0,78.0,75.0,0.32974,42.0,58.0,0.0,0.0,1.0,시끄러워.,넣고 싶어.,,35.19,T3,화자·문맥·자연스러움 집중 검토,,55.96951735817104,43.92,P3,말투·질문응답·가독성 위주 검토
ABF-169,기준본,702,"01:31:44,570 --> 01:31:44,970",0.4,엄청 적극적으로 들이대네.,시끄러워.,바로 밀어붙이네.,반응형,,,,,25.0,30.0,50.0,78.0,75.0,0.68868,42.0,58.0,70.0,0.0,1.0,엄청 적극적으로 들이대네.,바로 위로 올라타네.,,57.26,T3,화자·문맥·자연스러움 집중 검토,high_cps,99.83065198983911,75.14,P1,장면 패킷을 열고 후보 3개를 생성해 반증 검토
ABF-169,기준본,703,"01:31:44,970 --> 01:31:46,230",1.26,바로 밀어붙이네.,엄청 적극적으로 들이대네.,시끄러워.,반응형,,,,,25.0,30.0,50.0,78.0,75.0,0.5407,42.0,58.0,0.0,0.0,1.0,바로 밀어붙이네.,바로 갖다 대네.,,44.05,T3,화자·문맥·자연스러움 집중 검토,,85.81710414902625,61.59,P2,앞뒤 5블록·사진·오류 기억을 함께 검토
ABF-169,기준본,704,"01:31:49,950 --> 01:31:50,930",0.98,시끄러워.,바로 밀어붙이네.,시끄러워.,중립·혼합형,,,,,25.0,30.0,50.0,78.0,75.0,0.29701,42.0,58.0,0.0,0.0,1.0,시끄러워.,넣고 싶어.,,33.81,T4,구조검사 통과 시 유지,,51.9051651143099,41.41,P3,말투·질문응답·가독성 위주 검토
ABF-169,기준본,705,"01:32:10,190 --> 01:32:13,770",3.58,시끄러워.,시끄러워.,시끄러워.,중립·혼합형,,,,,25.0,30.0,50.0,78.0,75.0,0.31278,42.0,58.0,0.0,30.0,1.0,시끄러워.,넣고 싶어.,,36.88,T3,화자·문맥·자연스러움 집중 검토,triple_identical_run,62.32006773920406,47.56,P3,말투·질문응답·가독성 위주 검토
ABF-169,기준본,706,"01:32:13,810 --> 01:32:14,410",0.6,시끄러워.,시끄러워.,시끄러워.,중립·혼합형,,,,,25.0,30.0,50.0,78.0,75.0,0.30212,42.0,58.0,0.0,30.0,1.0,시끄러워.,넣고 싶어.,,36.43,T3,화자·문맥·자연스러움 집중 검토,triple_identical_run,59.77984758679086,46.24,P3,말투·질문응답·가독성 위주 검토
ABF-169,기준본,707,"01:32:25,350 --> 01:32:25,950",0.6,시끄러워.,시끄러워.,"대박, 대박.",중립·혼합형,,,,,25.0,30.0,50.0,78.0,75.0,0.2232,42.0,58.0,0.0,0.0,1.0,시끄러워.,넣고 싶어.,,30.71,T4,구조검사 통과 시 유지,,39.20406435224386,34.28,P4,회귀검사 통과 시 유지
ABF-169,기준본,708,"01:32:25,950 --> 01:32:26,850",0.9,"대박, 대박.",시끄러워.,"아, 이제 안 돼.",중립·혼합형,,,,,25.0,30.0,50.0,78.0,75.0,0.16541,0.0,58.0,0.0,0.0,0.5099,에~ 대박.,에… 대박.,,20.73,T4,구조검사 통과 시 유지,,7.239627434377646,15.06,P4,회귀검사 통과 시 유지
ABF-169,기준본,709,"01:32:35,140 --> 01:32:36,740",1.6,"아, 이제 안 돼.","대박, 대박.","음, 안 돼!",반응형,,,,,25.0,30.0,50.0,78.0,75.0,0.28249,3.73,58.0,0.0,0.0,0.6811,안 돼.,"네, 놀랐어요.",타임스탬프 사진과 앞뒤 장면으로 대사 기능 복원,26.32,T4,구조검사 통과 시 유지,,22.60795935647756,24.76,P4,회귀검사 통과 시 유지
ABF-169,기준본,710,"01:32:37,500 --> 01:32:38,960",1.46,"음, 안 돼!","아, 이제 안 돼.",잠깐만.,중립·혼합형,,,,,25.0,30.0,50.0,78.0,75.0,0.2879,13.94,58.0,0.0,0.0,0.7662,안 돼!,아… 또 갈 것 같아…,타임스탬프 사진으로 장면 불일치 확인 후 재복원,28.38,T4,구조검사 통과 시 유지,,29.847586790855207,29.0,P4,회귀검사 통과 시 유지
ABF-169,기준본,711,"01:33:13,570 --> 01:33:14,010",0.44,잠깐만.,"음, 안 돼!",잠깐만.,반응형,,,,,25.0,30.0,50.0,78.0,75.0,0.32698,11.96,58.0,0.0,0.0,0.7497,하아… 잠깐만.,목욕물 받아 놓은 거지?,일본어 원문 + 타임스탬프 사진 + 장면 연속성,29.67,T4,구조검사 통과 시 유지,,34.54699407281964,31.72,P4,회귀검사 통과 시 유지
ABF-169,기준본,712,"01:33:15,510 --> 01:33:15,950",0.44,잠깐만.,잠깐만.,잠깐 기다려.,반응형,,,,,25.0,30.0,50.0,78.0,75.0,0.38882,11.96,58.0,0.0,0.0,0.7497,하아… 잠깐만.,목욕물 받아 놓은 거지?,일본어 원문 + 타임스탬프 사진 + 장면 연속성,32.26,T4,구조검사 통과 시 유지,,44.62320067739204,37.45,P4,회귀검사 통과 시 유지
ABF-169,기준본,713,"01:33:43,600 --> 01:33:44,480",0.88,잠깐 기다려.,잠깐만.,"안 돼, 안 돼, 안 돼!",반응형,,,,,25.0,30.0,50.0,78.0,75.0,0.4901,0.0,58.0,0.0,0.0,0.5353,기다려...,기다려…,,34.36,T4,구조검사 통과 시 유지,,53.38696020321761,42.35,P3,말투·질문응답·가독성 위주 검토
ABF-169,기준본,714,"01:33:44,880 --> 01:33:50,320",5.44,"안 돼, 안 돼, 안 돼!",잠깐 기다려.,"저기, 잠깐만!",중립·혼합형,,,,,25.0,30.0,50.0,78.0,75.0,0.42641,4.37,58.0,0.0,0.0,0.6864,안 돼!,아… 또 갈 것 같아…,타임스탬프 사진으로 장면 불일치 확인 후 재복원,32.48,T4,구조검사 통과 시 유지,,45.51227773073666,37.95,P4,회귀검사 통과 시 유지
ABF-169,기준본,715,"01:34:04,610 --> 01:34:05,490",0.88,"저기, 잠깐만!","안 돼, 안 돼, 안 돼!","자, 무릎 모아봐.",반응형,,,,,25.0,30.0,50.0,78.0,75.0,0.38825,0.0,58.0,0.0,0.0,0.4199,"저, 저기, 잠깐만 쉬게 해 주세요.","저기, 잠깐만… 그만해.",장면과 충돌한 긴 반복 자막 교정,30.09,T4,구조검사 통과 시 유지,,36.40982218458933,32.74,P4,회귀검사 통과 시 유지
ABF-169,기준본,716,"01:34:34,260 --> 01:34:35,860",1.6,"자, 무릎 모아봐.","저기, 잠깐만!",응?,반응형,,,,,25.0,30.0,50.0,78.0,75.0,0.70183,0.0,58.0,0.0,0.0,0.1796,"자, 아~.","자, 아…",,43.26,T3,화자·문맥·자연스러움 집중 검토,,83.48856900931413,60.16,P2,앞뒤 5블록·사진·오류 기억을 함께 검토
ABF-169,기준본,717,"01:34:36,040 --> 01:34:36,240",0.2,응?,"자, 무릎 모아봐.","무릎, 꽉 잡고…",반응형,,,,,25.0,30.0,50.0,78.0,75.0,0.1866,0.0,58.0,0.0,0.0,0.42,응? 잠깐 기다려…,응? 잠깐만…,일본어 원문 대조 + 자연스러운 한국어 대사 교정,21.62,T4,구조검사 통과 시 유지,,9.314140558848434,16.45,P4,회귀검사 통과 시 유지
ABF-169,기준본,718,"01:34:36,240 --> 01:34:38,160",1.92,"무릎, 꽉 잡고…",응?,그거 잘하네…,중립·혼합형,,,,,25.0,30.0,50.0,78.0,75.0,0.48352,0.0,58.0,0.0,0.0,0.139,나로만 꽉 차면 돼.,나만 생각하면 돼.,일본어 원문 대조 + 자연스러운 한국어 대사 교정,34.09,T4,구조검사 통과 시 유지,,52.58255715495343,41.86,P3,말투·질문응답·가독성 위주 검토
ABF-169,기준본,719,"01:34:45,430 --> 01:34:47,310",1.88,그거 잘하네…,"무릎, 꽉 잡고…","아, 기분 좋아…",반말형,,,,,25.0,30.0,50.0,78.0,75.0,0.34272,0.0,58.0,0.0,0.0,0.2876,잘하네...,잘하네…,,28.17,T4,구조검사 통과 시 유지,,28.662150719729045,28.38,P4,회귀검사 통과 시 유지
ABF-169,기준본,720,"01:34:47,310 --> 01:34:51,600",4.29,"아, 기분 좋아…",그거 잘하네…,"아, 기분 좋아…",반응형,,,,,25.0,30.0,50.0,78.0,75.0,0.33348,8.46,58.0,0.0,0.0,0.7205,아- 기분 좋아…,아… 기분 좋아…,,29.31,T4,구조검사 통과 시 유지,,33.27688399661304,30.98,P4,회귀검사 통과 시 유지
ABF-169,기준본,721,"01:34:53,880 --> 01:35:31,000",37.12,"아, 기분 좋아…","아, 기분 좋아…","아, 기분 좋아",반응형,,,,,25.0,30.0,50.0,78.0,75.0,0.31493,8.46,58.0,0.0,0.0,0.7205,아- 기분 좋아…,아… 기분 좋아…,,28.53,T4,구조검사 통과 시 유지,,30.609652836579173,29.4,P4,회귀검사 통과 시 유지
ABF-169,기준본,722,"01:35:31,000 --> 01:35:34,020",3.02,"아, 기분 좋아","아, 기분 좋아…",자면 안 돼. 자면 안 돼.,반응형,,,,,25.0,30.0,50.0,78.0,75.0,0.33638,0.0,58.0,0.0,0.0,0.5268,"아, 정말 기분 좋아.",아… 조금 좋아.,,27.91,T4,구조검사 통과 시 유지,,27.222692633361557,27.62,P4,회귀검사 통과 시 유지
ABF-169,기준본,723,"01:35:45,070 --> 01:35:47,870",2.8,자면 안 돼. 자면 안 돼.,"아, 기분 좋아",다리 좀 펴봐.,중립·혼합형,,,,,25.0,30.0,50.0,78.0,75.0,0.60054,42.0,58.0,0.0,0.0,1.0,자면 안 돼. 자면 안 돼.,가면 안 돼. 아직 가면 안 돼.,,46.56,T3,화자·문맥·자연스러움 집중 검토,,91.87129551227773,65.59,P2,앞뒤 5블록·사진·오류 기억을 함께 검토
ABF-169,기준본,724,"01:36:20,620 --> 01:36:22,080",1.46,다리 좀 펴봐.,자면 안 돼. 자면 안 돼.,그렇구나.,중립·혼합형,,,,,25.0,30.0,50.0,78.0,75.0,0.60362,0.0,58.0,0.0,0.0,0.2421,다리 내려...,다리 내려…,,39.13,T3,화자·문맥·자연스러움 집중 검토,,70.87214225232854,52.46,P3,말투·질문응답·가독성 위주 검토
ABF-169,기준본,725,"01:36:25,780 --> 01:36:26,680",0.9,그렇구나.,다리 좀 펴봐.,"음-, 맛있어.",중립·혼합형,,,,,25.0,30.0,50.0,78.0,75.0,0.35366,42.0,58.0,0.0,0.0,1.0,그렇구나.,손 정말 잘 쓰네.,일본어 원문 + 타임스탬프 사진 + 장면 연속성,36.19,T3,화자·문맥·자연스러움 집중 검토,,59.017781541066896,45.78,P3,말투·질문응답·가독성 위주 검토
ABF-169,기준본,726,"01:36:26,700 --> 01:36:30,640",3.94,"음-, 맛있어.",그렇구나.,기분 좋아.,반응형,,,,,25.0,30.0,50.0,78.0,75.0,0.39839,42.0,58.0,0.0,0.0,1.0,"음-, 맛있어.",음… 맛있어.,,38.07,T3,화자·문맥·자연스러움 집중 검토,,66.93480101608806,50.19,P3,말투·질문응답·가독성 위주 검토
ABF-169,기준본,727,"01:36:40,170 --> 01:36:42,050",1.88,기분 좋아.,"음-, 맛있어.","안 돼, 안 돼, 안 돼, 안 돼.",반응형,,,,,25.0,30.0,50.0,78.0,75.0,0.1635,42.0,58.0,0.0,0.0,1.0,기분 좋아.,"아, 좋아.",화면 영문 자막 대조,28.21,T4,구조검사 통과 시 유지,,29.043183742591022,28.56,P4,회귀검사 통과 시 유지
ABF-169,기준본,728,"01:36:52,170 --> 01:36:54,610",2.44,"안 돼, 안 돼, 안 돼, 안 돼.",기분 좋아.,괜찮아.,중립·혼합형,,,,,25.0,30.0,50.0,78.0,75.0,0.56385,0.0,58.0,0.0,0.0,0.5875,"아, 좋아... 안 돼, 안 돼...","아, 좋아… 안 돼, 안 돼…",,37.46,T3,화자·문맥·자연스러움 집중 검토,,65.02963590177815,49.04,P3,말투·질문응답·가독성 위주 검토
ABF-169,기준본,729,"01:36:56,730 --> 01:36:57,410",0.68,괜찮아.,"안 돼, 안 돼, 안 돼, 안 돼.",위험해.,반응형,,,,,25.0,30.0,50.0,78.0,75.0,0.24922,42.0,58.0,0.0,0.0,1.0,괜찮아.,최고예요.,화면 영문 자막 대조,31.81,T4,구조검사 통과 시 유지,,42.929720575783236,36.48,P4,회귀검사 통과 시 유지
ABF-169,기준본,730,"01:37:02,130 --> 01:37:03,150",1.02,위험해.,괜찮아.,"안 돼, 안 돼, 안 돼, 안 돼.",반말형,,,,,25.0,30.0,50.0,78.0,75.0,0.27896,42.0,58.0,0.0,0.0,1.0,위험해.,큰일 나.,,33.06,T4,구조검사 통과 시 유지,,48.179508890770535,39.41,P4,회귀검사 통과 시 유지
ABF-169,기준본,731,"01:37:03,430 --> 01:37:14,720",11.29,"안 돼, 안 돼, 안 돼, 안 돼.",위험해.,"아, 위험해.",중립·혼합형,,,,,25.0,30.0,50.0,78.0,75.0,0.57763,0.0,58.0,0.0,0.0,0.5875,"아, 좋아... 안 돼, 안 돼...","아, 좋아… 안 돼, 안 돼…",,38.04,T3,화자·문맥·자연스러움 집중 검토,,66.5961049957663,50.03,P3,말투·질문응답·가독성 위주 검토
ABF-169,기준본,732,"01:37:15,060 --> 01:37:20,280",5.22,"아, 위험해.","안 돼, 안 돼, 안 돼, 안 돼.",우우우우우우우…,반응형,,,,,25.0,30.0,50.0,78.0,75.0,0.33334,42.0,58.0,0.0,0.0,1.0,"아, 위험해.","아, 큰일 나.",,35.34,T3,화자·문맥·자연스러움 집중 검토,,56.223539373412365,44.11,P3,말투·질문응답·가독성 위주 검토
ABF-169,기준본,733,"01:37:20,280 --> 01:38:03,300",43.02,우우우우우우우…,"아, 위험해.",역시 오래 해줬으면 좋겠어.,중립·혼합형,,,,,25.0,30.0,50.0,78.0,75.0,0.44595,0.0,58.0,0.0,0.0,0.0253,우와~ 우와우와야. 우와.,우와… 우와우와야. 우와.,,32.51,T4,구조검사 통과 시 유지,,45.76629974597798,38.08,P4,회귀검사 통과 시 유지
ABF-169,기준본,734,"01:38:06,480 --> 01:38:08,260",1.78,역시 오래 해줬으면 좋겠어.,우우우우우우우…,"안 돼, 잠깐 멈춰.",반응형,,,,,25.0,30.0,50.0,78.0,75.0,0.74485,0.0,58.0,0.0,0.0,0.3791,핥아줬으면 좋겠어...,핥아줬으면 좋겠어…,,45.06,T3,화자·문맥·자연스러움 집중 검토,,88.82303132938189,63.44,P2,앞뒤 5블록·사진·오류 기억을 함께 검토
ABF-169,기준본,735,"01:38:59,880 --> 01:39:01,120",1.24,"안 돼, 잠깐 멈춰.",역시 오래 해줬으면 좋겠어.,힘들면 자세 바꿔줄게.,반응형,,,,,25.0,30.0,50.0,78.0,75.0,0.77003,0.0,58.0,0.0,0.0,0.3024,"아, 좋아... 안 돼, 안 돼...","아, 좋아… 안 돼, 안 돼…",,46.12,T3,화자·문맥·자연스러움 집중 검토,,91.27857747671464,65.09,P2,앞뒤 5블록·사진·오류 기억을 함께 검토
ABF-169,기준본,736,"01:39:24,630 --> 01:39:26,130",1.5,힘들면 자세 바꿔줄게.,"안 돼, 잠깐 멈춰.","아, 좋아.",중립·혼합형,,,,,25.0,30.0,50.0,78.0,75.0,0.59008,0.0,58.0,0.0,0.0,0.1379,빨아줄게.,빨아 줄게.,,38.56,T3,화자·문맥·자연스러움 집중 검토,,68.24724809483489,51.03,P3,말투·질문응답·가독성 위주 검토
ABF-169,기준본,737,"01:39:31,650 --> 01:39:32,450",0.8,"아, 좋아.",힘들면 자세 바꿔줄게.,기분 좋아?,반응형,,,,,25.0,30.0,50.0,78.0,75.0,0.3627,42.0,58.0,0.0,0.0,1.0,"아, 좋아.","아, 들어온다.",,36.57,T3,화자·문맥·자연스러움 집중 검토,,60.96528365791703,46.82,P3,말투·질문응답·가독성 위주 검토
ABF-169,기준본,738,"01:39:33,690 --> 01:39:34,530",0.84,기분 좋아?,"아, 좋아.",기분 좋아.,반응형,,,,,25.0,30.0,50.0,78.0,75.0,0.19067,0.0,58.0,0.0,0.0,0.5843,"아, 거기... 기분 좋아?","아, 거기… 기분 좋아?",,21.79,T4,구조검사 통과 시 유지,,9.779847586790854,16.75,P4,회귀검사 통과 시 유지
ABF-169,기준본,739,"01:39:34,810 --> 01:39:35,650",0.84,기분 좋아.,기분 좋아?,기분 좋아.,반응형,,,,,25.0,30.0,50.0,78.0,75.0,0.17311,42.0,58.0,0.0,0.0,1.0,기분 좋아.,"아, 좋아.",화면 영문 자막 대조,28.61,T4,구조검사 통과 시 유지,,30.90601185436071,29.57,P4,회귀검사 통과 시 유지
ABF-169,기준본,740,"01:39:45,440 --> 01:39:46,600",1.16,기분 좋아.,기분 좋아.,뭐라고 생각했어?,반응형,,,,,25.0,30.0,50.0,78.0,75.0,0.26766,42.0,58.0,0.0,0.0,1.0,기분 좋아.,"아, 좋아.",화면 영문 자막 대조,32.58,T4,구조검사 통과 시 유지,,46.35901778154107,38.37,P4,회귀검사 통과 시 유지
ABF-169,기준본,741,"01:39:46,600 --> 01:39:47,660",1.06,뭐라고 생각했어?,기분 좋아.,"아, 진짜…",반응형,,,,,25.0,30.0,50.0,78.0,75.0,0.45326,0.0,58.0,0.0,0.0,0.4142,계속 생각했어.,부끄러워? 뭔가 야하네.,일본어 원문 + 타임스탬프 사진 + 장면 연속성,32.82,T4,구조검사 통과 시 유지,,47.07874682472481,38.81,P4,회귀검사 통과 시 유지
ABF-169,기준본,742,"01:39:53,560 --> 01:40:03,290",9.73,"아, 진짜…",뭐라고 생각했어?,대박.,반응형,,,,,25.0,30.0,50.0,78.0,75.0,0.37153,0.0,58.0,0.0,0.0,0.3672,"아, 아, 아, 아, 아, 아, 아,","아, 아, 아, 아, 아, 아, 아",,29.38,T4,구조검사 통과 시 유지,,33.742591024555466,31.21,P4,회귀검사 통과 시 유지
ABF-169,기준본,743,"01:40:04,430 --> 01:40:07,470",3.04,대박.,"아, 진짜…","잠깐만, 잠깐만.",중립·혼합형,,,,,25.0,30.0,50.0,78.0,75.0,0.41057,5.12,58.0,0.0,0.0,0.6927,에~ 대박.,에… 대박.,,31.95,T4,구조검사 통과 시 유지,,43.4801016088061,36.79,P4,회귀검사 통과 시 유지
ABF-169,기준본,744,"01:41:33,460 --> 01:41:35,860",2.4,"잠깐만, 잠깐만.",대박.,"잠깐만, 잠깐만.",반응형,,,,,25.0,30.0,50.0,78.0,75.0,0.57475,22.79,58.0,0.0,0.0,0.8399,"잠깐만,",잠깐만,,42.02,T3,화자·문맥·자연스러움 집중 검토,,80.52497883149873,58.19,P2,앞뒤 5블록·사진·오류 기억을 함께 검토
ABF-169,기준본,745,"01:41:36,040 --> 01:41:36,680",0.64,"잠깐만, 잠깐만.","잠깐만, 잠깐만.","아, 대박.",반응형,,,,,25.0,30.0,50.0,78.0,75.0,0.55046,22.79,58.0,0.0,0.0,0.8399,"잠깐만,",잠깐만,,41.0,T3,화자·문맥·자연스러움 집중 검토,,77.5190516511431,56.34,P3,말투·질문응답·가독성 위주 검토
ABF-169,기준본,746,"01:42:29,240 --> 01:42:30,500",1.26,"아, 대박.","잠깐만, 잠깐만.","아, 굉장해.",반응형,,,,,25.0,30.0,50.0,78.0,75.0,0.49676,0.0,58.0,0.0,0.0,0.62,에~ 대박.,에… 대박.,,34.64,T4,구조검사 통과 시 유지,,54.445385266723115,42.96,P3,말투·질문응답·가독성 위주 검토
ABF-169,기준본,747,"01:42:31,180 --> 01:42:32,320",1.14,"아, 굉장해.","아, 대박.",굉장해.,반응형,,,,,25.0,30.0,50.0,78.0,75.0,0.22152,42.0,58.0,0.0,0.0,1.0,"아, 굉장해.","아, 엄청나.",,30.64,T4,구조검사 통과 시 유지,,38.82303132938188,34.08,P4,회귀검사 통과 시 유지
ABF-169,기준본,748,"01:42:40,230 --> 01:42:40,910",0.68,굉장해.,"아, 굉장해.",자.,반말형,,,,,25.0,30.0,50.0,78.0,75.0,0.24029,42.0,58.0,0.0,0.0,1.0,굉장해. 굉장해.,엄청나. 진짜 엄청나.,,31.43,T4,구조검사 통과 시 유지,,41.99830651989839,35.87,P4,회귀검사 통과 시 유지
ABF-169,기준본,749,"01:42:41,450 --> 01:42:41,910",0.46,자.,굉장해.,잠깐만.,중립·혼합형,,,,,25.0,30.0,50.0,78.0,75.0,0.43449,23.2,58.0,0.0,0.0,0.8433,잘 자.,조금만 천천히…,타임스탬프 사진으로 장면 불일치 확인 후 재복원,36.2,T3,화자·문맥·자연스러움 집중 검토,,59.10245554614734,45.82,P3,말투·질문응답·가독성 위주 검토
ABF-169,기준본,750,"01:42:42,250 --> 01:42:42,830",0.58,잠깐만.,자.,기분 좋아.,반응형,,,,,25.0,30.0,50.0,78.0,75.0,0.28986,11.96,58.0,0.0,0.0,0.7497,하아… 잠깐만.,목욕물 받아 놓은 거지?,일본어 원문 + 타임스탬프 사진 + 장면 연속성,28.11,T4,구조검사 통과 시 유지,,28.19644369178662,28.15,P4,회귀검사 통과 시 유지
ABF-169,기준본,751,"01:42:46,190 --> 01:42:51,920",5.73,기분 좋아.,잠깐만.,"아-, 굉장해.",반응형,,,,,25.0,30.0,50.0,78.0,75.0,0.30749,42.0,58.0,0.0,0.0,1.0,기분 좋아.,"아, 좋아.",화면 영문 자막 대조,34.25,T4,구조검사 통과 시 유지,,53.00592718035563,42.13,P3,말투·질문응답·가독성 위주 검토
ABF-169,기준본,752,"01:42:51,920 --> 01:42:53,140",1.22,"아-, 굉장해.",기분 좋아.,"아-, 굉장해.",반응형,,,,,25.0,30.0,50.0,78.0,75.0,0.29517,42.0,58.0,0.0,0.0,1.0,"아-, 굉장해.",아… 엄청나.,,33.74,T4,구조검사 통과 시 유지,,51.397121083827265,41.16,P3,말투·질문응답·가독성 위주 검토
ABF-169,기준본,753,"01:42:59,240 --> 01:43:00,520",1.28,"아-, 굉장해.","아-, 굉장해.",기분 좋아.,반응형,,,,,25.0,30.0,50.0,78.0,75.0,0.36662,42.0,58.0,0.0,0.0,1.0,"아-, 굉장해.",아… 엄청나.,,36.74,T3,화자·문맥·자연스러움 집중 검토,,61.769686706181204,47.25,P3,말투·질문응답·가독성 위주 검토
ABF-169,기준본,754,"01:43:06,020 --> 01:43:16,060",10.04,기분 좋아.,"아-, 굉장해.",천천히 만지고 있어?,반응형,,,,,25.0,30.0,50.0,78.0,75.0,0.31867,42.0,58.0,0.0,0.0,1.0,기분 좋아.,"아, 좋아.",화면 영문 자막 대조,34.72,T4,구조검사 통과 시 유지,,54.78408128704487,43.15,P3,말투·질문응답·가독성 위주 검토
ABF-169,기준본,755,"01:43:22,500 --> 01:43:23,780",1.28,천천히 만지고 있어?,기분 좋아.,기분 좋아?,반응형,,,,,25.0,30.0,50.0,78.0,75.0,0.61917,0.0,58.0,0.0,0.0,0.5024,천천히 해 줘.,"좋네. 잠깐, 어떻게 돼 있었지?",일본어 원문 + 타임스탬프 사진 + 장면 연속성,39.79,T3,화자·문맥·자연스러움 집중 검토,,73.70872142252328,54.04,P3,말투·질문응답·가독성 위주 검토
ABF-169,기준본,756,"01:44:00,200 --> 01:44:01,380",1.18,기분 좋아?,천천히 만지고 있어?,기분 좋아?,반응형,,,,,25.0,30.0,50.0,78.0,75.0,0.41093,0.0,58.0,0.0,0.0,0.5843,"아, 거기... 기분 좋아?","아, 거기… 기분 좋아?",,31.04,T4,구조검사 통과 시 유지,,40.135478408128705,34.86,P4,회귀검사 통과 시 유지
ABF-169,기준본,757,"01:44:01,680 --> 01:44:02,620",0.94,기분 좋아?,기분 좋아?,굉장해.,반응형,,,,,25.0,30.0,50.0,78.0,75.0,0.39022,0.0,58.0,0.0,0.0,0.5843,"아, 거기... 기분 좋아?","아, 거기… 기분 좋아?",,30.17,T4,구조검사 통과 시 유지,,36.74851820491109,32.93,P4,회귀검사 통과 시 유지
ABF-169,기준본,758,"01:44:04,460 --> 01:44:04,820",0.36,굉장해.,기분 좋아?,여기에 엄청 닿고 있네.,반말형,,,,,25.0,30.0,50.0,78.0,75.0,0.42969,42.0,58.0,0.0,0.0,1.0,굉장해. 굉장해.,엄청나. 진짜 엄청나.,,39.39,T3,화자·문맥·자연스러움 집중 검토,,72.01524132091448,53.09,P3,말투·질문응답·가독성 위주 검토
ABF-169,기준본,759,"01:44:07,760 --> 01:44:09,400",1.64,여기에 엄청 닿고 있네.,굉장해.,엄청 부풀어 올랐어.,반말형,,,,,25.0,30.0,50.0,78.0,75.0,0.80112,0.0,58.0,0.0,0.0,0.2941,유두에 닿고 있어요.,젖꼭지에 닿아요.,,47.43,T3,화자·문맥·자연스러움 집중 검토,,93.3107535986452,66.7,P2,앞뒤 5블록·사진·오류 기억을 함께 검토
ABF-169,기준본,760,"01:44:14,020 --> 01:44:14,940",0.92,엄청 부풀어 올랐어.,여기에 엄청 닿고 있네.,굉장해.,반응형,,,,,25.0,30.0,50.0,78.0,75.0,0.79066,0.0,58.0,0.0,0.0,0.1693,깜짝 놀랐어.,정말 놀랐어요.,타임스탬프 사진과 앞뒤 장면으로 대사 기능 복원,46.99,T3,화자·문맥·자연스러움 집중 검토,,92.59102455546147,66.14,P2,앞뒤 5블록·사진·오류 기억을 함께 검토
ABF-169,기준본,761,"01:44:37,690 --> 01:44:38,250",0.56,굉장해.,엄청 부풀어 올랐어.,굉장해.,반말형,,,,,25.0,30.0,50.0,78.0,75.0,0.43714,42.0,58.0,0.0,0.0,1.0,굉장해. 굉장해.,엄청나. 진짜 엄청나.,,39.7,T3,화자·문맥·자연스러움 집중 검토,,73.24301439458087,53.79,P3,말투·질문응답·가독성 위주 검토
ABF-169,기준본,762,"01:44:42,090 --> 01:44:42,650",0.56,굉장해.,굉장해.,안 돼.,반말형,,,,,25.0,30.0,50.0,78.0,75.0,0.27845,42.0,58.0,0.0,0.0,1.0,굉장해. 굉장해.,엄청나. 진짜 엄청나.,,33.04,T4,구조검사 통과 시 유지,,48.052497883149876,39.35,P4,회귀검사 통과 시 유지
ABF-169,기준본,763,"01:44:43,170 --> 01:44:45,190",2.02,안 돼.,굉장해.,기분 좋아.,중립·혼합형,,,,,25.0,30.0,50.0,78.0,75.0,0.30331,42.0,58.0,0.0,0.0,1.0,안 돼.,"네, 놀랐어요.",타임스탬프 사진과 앞뒤 장면으로 대사 기능 복원,34.08,T4,구조검사 통과 시 유지,,52.49788314987299,41.82,P3,말투·질문응답·가독성 위주 검토
ABF-169,기준본,764,"01:45:09,940 --> 01:45:11,220",1.28,기분 좋아.,안 돼.,"아, 미치겠어. 어디야?",반응형,,,,,25.0,30.0,50.0,78.0,75.0,0.20702,42.0,58.0,0.0,0.0,1.0,기분 좋아.,"아, 좋아.",화면 영문 자막 대조,30.03,T4,구조검사 통과 시 유지,,35.94411515664691,32.51,P4,회귀검사 통과 시 유지
ABF-169,기준본,765,"01:45:12,500 --> 01:45:14,540",2.04,"아, 미치겠어. 어디야?",기분 좋아.,무서워 무서워 무서워 무서워 무서워.,반응형,,,,,25.0,30.0,50.0,78.0,75.0,0.56827,0.0,58.0,0.0,0.0,0.2313,"아, 아, 아, 아, 아, 아, 아,","아, 아, 아, 아, 아, 아, 아",,37.65,T3,화자·문맥·자연스러움 집중 검토,,65.45300592718036,49.33,P3,말투·질문응답·가독성 위주 검토
ABF-169,기준본,766,"01:45:15,820 --> 01:45:17,960",2.14,무서워 무서워 무서워 무서워 무서워.,"아, 미치겠어. 어디야?","무서워, 무서워, 무서워…",중립·혼합형,,,,,25.0,30.0,50.0,78.0,75.0,0.55027,24.0,58.0,0.0,0.0,0.6404,좀 더 무서워.,좀 무서워.,,41.21,T3,화자·문맥·자연스러움 집중 검토,token_repetition,78.1541066892464,56.73,P3,말투·질문응답·가독성 위주 검토
ABF-169,기준본,767,"01:45:35,000 --> 01:46:01,240",26.24,"무서워, 무서워, 무서워…",무서워 무서워 무서워 무서워 무서워.,기다려봐.,중립·혼합형,,,,,25.0,30.0,50.0,78.0,75.0,0.55322,0.0,58.0,0.0,0.0,0.3777,좀 더 무서워.,좀 무서워.,,37.02,T3,화자·문맥·자연스러움 집중 검토,,62.87044877222693,47.88,P3,말투·질문응답·가독성 위주 검토
ABF-169,기준본,768,"01:46:09,810 --> 01:46:12,090",2.28,기다려봐.,"무서워, 무서워, 무서워…",대박.,중립·혼합형,,,,,25.0,30.0,50.0,78.0,75.0,0.30171,1.4,58.0,0.0,0.0,0.6617,잠깐 기다려봐...,잠깐 기다려봐…,,26.7,T4,구조검사 통과 시 유지,,23.581710414902624,25.39,P4,회귀검사 통과 시 유지
ABF-169,기준본,769,"01:46:12,090 --> 01:46:13,070",0.98,대박.,기다려봐.,"아, 너무 빨라…",중립·혼합형,,,,,25.0,30.0,50.0,78.0,75.0,0.15983,5.12,58.0,0.0,0.0,0.6927,에~ 대박.,에… 대박.,,21.42,T4,구조검사 통과 시 유지,,8.890770533446233,16.16,P4,회귀검사 통과 시 유지
ABF-169,기준본,770,"01:46:13,070 --> 01:46:16,550",3.48,"아, 너무 빨라…",대박.,거기에 대고…,반응형,,,,,25.0,30.0,50.0,78.0,75.0,0.41796,0.0,58.0,0.0,0.0,0.3109,"아, 아, 아, 아, 아, 아, 아,","아, 아, 아, 아, 아, 아, 아",,31.33,T4,구조검사 통과 시 유지,,41.151566469093986,35.46,P4,회귀검사 통과 시 유지
ABF-169,기준본,771,"01:46:31,700 --> 01:46:33,800",2.1,거기에 대고…,"아, 너무 빨라…",배 안쪽까지 기분 좋아…,중립·혼합형,,,,,25.0,30.0,50.0,78.0,75.0,0.39005,0.0,58.0,0.0,0.0,0.3242,거기에 그대로 자세 유지해줘.,거기에 그대로 자세 유지해 줘.,,30.16,T4,구조검사 통과 시 유지,,36.57917019475021,32.86,P4,회귀검사 통과 시 유지
ABF-169,기준본,772,"01:46:45,310 --> 01:46:48,750",3.44,배 안쪽까지 기분 좋아…,거기에 대고…,손에 싸도 돼?,반응형,,,,,25.0,30.0,50.0,78.0,79.0,0.68899,0.0,58.0,0.0,0.0,0.5841,안쪽까지 안 가?,더 안쪽까지 안 들어가?,일본어 원문 대조 + 자연스러운 한국어 대사 교정,42.96,T3,화자·문맥·자연스러움 집중 검토,,82.59949195596951,59.61,P2,앞뒤 5블록·사진·오류 기억을 함께 검토
ABF-169,기준본,773,"01:46:48,750 --> 01:46:50,010",1.26,손에 싸도 돼?,배 안쪽까지 기분 좋아…,싸줘…,중립·혼합형,,,,,25.0,30.0,50.0,78.0,75.0,0.39815,42.0,58.0,0.0,0.0,1.0,손에 싸도 돼?,엉덩이에 싸도 돼?,,38.06,T3,화자·문맥·자연스러움 집중 검토,,66.8077900084674,50.13,P3,말투·질문응답·가독성 위주 검토
ABF-169,기준본,774,"01:46:50,470 --> 01:46:52,150",1.68,싸줘…,손에 싸도 돼?,잔뜩 싸줘…,중립·혼합형,,,,,25.0,30.0,50.0,78.0,75.0,0.19578,0.0,58.0,0.0,0.0,0.1574,두 번째로 가게 해 줘…,한 번 더 가게 해 줘…,타임스탬프 사진과 장면 흐름으로 명백한 오인식 교정,22.0,T4,구조검사 통과 시 유지,,10.330228619813717,17.1,P4,회귀검사 통과 시 유지
ABF-169,기준본,775,"01:46:52,150 --> 01:46:55,590",3.44,잔뜩 싸줘…,싸줘…,기분 좋아?,중립·혼합형,,,,,25.0,30.0,50.0,78.0,75.0,0.39181,0.0,58.0,0.0,0.0,0.354,잔뜩 쌀 거야.,걱정 마.,화면 영문 자막 대조,30.24,T4,구조검사 통과 시 유지,,37.00254022015241,33.08,P4,회귀검사 통과 시 유지
ABF-169,기준본,776,"01:47:00,590 --> 01:47:02,010",1.42,기분 좋아?,잔뜩 싸줘…,싸도 돼?,반응형,,,,,25.0,30.0,50.0,78.0,75.0,0.30207,0.0,58.0,0.0,0.0,0.5843,"아, 거기... 기분 좋아?","아, 거기… 기분 좋아?",,26.47,T4,구조검사 통과 시 유지,,22.86198137171888,24.95,P4,회귀검사 통과 시 유지
ABF-169,기준본,777,"01:47:04,110 --> 01:47:05,490",1.38,싸도 돼?,기분 좋아?,기분 좋아?,중립·혼합형,,,,,25.0,30.0,50.0,78.0,75.0,0.36304,15.13,58.0,0.0,0.0,0.7761,손에 싸도 돼?,엉덩이에 싸도 돼?,,31.75,T4,구조검사 통과 시 유지,,42.67569856054191,36.34,P4,회귀검사 통과 시 유지
ABF-169,기준본,778,"01:47:22,680 --> 01:47:24,380",1.7,기분 좋아?,싸도 돼?,"아-, 엄청…",반응형,,,,,25.0,30.0,50.0,78.0,75.0,0.32857,0.0,58.0,0.0,0.0,0.5843,"아, 거기... 기분 좋아?","아, 거기… 기분 좋아?",,27.58,T4,구조검사 통과 시 유지,,26.248941574936495,27.02,P4,회귀검사 통과 시 유지
ABF-169,기준본,779,"01:47:37,680 --> 01:47:40,300",2.62,"아-, 엄청…",기분 좋아?,응…,반응형,,,,,25.0,30.0,50.0,78.0,75.0,0.48834,42.0,58.0,0.0,0.0,1.0,"아-, 엄청…",아… 엄청…,,41.85,T3,화자·문맥·자연스러움 집중 검토,,80.10160880609652,57.92,P3,말투·질문응답·가독성 위주 검토
ABF-169,기준본,780,"01:47:53,910 --> 01:47:54,810",0.9,응…,"아-, 엄청…",하아…,반응형,,,,,25.0,30.0,50.0,78.0,75.0,0.48582,0.0,58.0,0.0,0.0,0.3671,응… [안전상 번역 불가]…,응… [불명]…,,34.18,T4,구조검사 통과 시 유지,,52.9212531752752,42.05,P3,말투·질문응답·가독성 위주 검토
ABF-169,기준본,781,"01:47:54,810 --> 01:48:05,490",10.68,하아…,응…,응…,반응형,,,,,25.0,30.0,50.0,78.0,75.0,0.48556,42.0,58.0,0.0,0.0,1.0,하아…,보여 줘.,일본어 원문 + 타임스탬프 사진 + 장면 연속성,41.73,T3,화자·문맥·자연스러움 집중 검토,,79.8475867908552,57.74,P3,말투·질문응답·가독성 위주 검토
ABF-169,기준본,782,"01:48:05,490 --> 01:48:07,270",1.78,응…,하아…,어디에 닿았어?,반응형,,,,,25.0,30.0,50.0,78.0,75.0,0.49174,0.0,58.0,0.0,0.0,0.3671,응… [안전상 번역 불가]…,응… [불명]…,,34.43,T4,구조검사 통과 시 유지,,53.683319220999145,42.52,P3,말투·질문응답·가독성 위주 검토
ABF-169,기준본,783,"01:48:18,120 --> 01:48:19,280",1.16,어디에 닿았어?,응…,응?,반응형,,,,,25.0,30.0,50.0,78.0,75.0,0.56867,0.0,58.0,0.0,0.0,0.2871,엄청 깊이 닿았어.,엄청 많이 묻혔네.,,37.66,T3,화자·문맥·자연스러움 집중 검토,,65.58001693480101,49.39,P3,말투·질문응답·가독성 위주 검토
ABF-169,기준본,784,"01:48:19,980 --> 01:48:20,500",0.52,응?,어디에 닿았어?,긴장?,반응형,,,,,25.0,30.0,50.0,78.0,75.0,0.25451,0.0,58.0,0.0,0.0,0.42,응? 잠깐 기다려…,응? 잠깐만…,일본어 원문 대조 + 자연스러운 한국어 대사 교정,24.47,T4,구조검사 통과 시 유지,,17.0194750211685,21.34,P4,회귀검사 통과 시 유지
ABF-169,기준본,785,"01:48:24,530 --> 01:48:24,970",0.44,긴장?,응?,음……,중립·혼합형,,,,,25.0,30.0,50.0,78.0,75.0,0.20024,0.0,58.0,0.0,0.0,0.2088,긴장 풀어요.,긴장 풀어.,일본어 원문 대조 + 자연스러운 한국어 대사 교정,22.19,T4,구조검사 통과 시 유지,,10.96528365791702,17.48,P4,회귀검사 통과 시 유지
ABF-169,기준본,786,"01:48:25,330 --> 01:48:43,890",18.56,음……,긴장?,음……,중립·혼합형,,,,,25.0,30.0,50.0,78.0,75.0,0.16864,0.0,58.0,0.0,0.0,0.2762,아……,아…,,20.86,T4,구조검사 통과 시 유지,,7.620660457239628,15.3,P4,회귀검사 통과 시 유지
ABF-169,기준본,787,"01:48:43,890 --> 01:48:53,730",9.84,음……,음……,"이 손가락이랑, 이 손가락으로…",중립·혼합형,,,,,25.0,30.0,50.0,78.0,75.0,0.23323,0.0,58.0,0.0,0.0,0.2762,아……,아…,,23.58,T4,구조검사 통과 시 유지,,14.690939881456394,19.85,P4,회귀검사 통과 시 유지
ABF-169,기준본,788,"01:49:01,380 --> 01:49:03,560",2.18,"이 손가락이랑, 이 손가락으로…",음……,자지 끼우고…,반응형,,,,,25.0,30.0,50.0,78.0,75.0,0.67145,0.0,58.0,0.0,0.0,0.2009,손가락도 엉덩이도 좋아? 이쪽도 빨아 줄까?,손가락도 엉덩이도 좋아? 이쪽도 핥아 줄까?,일본어 원문 대조 + 자연스러운 한국어 대사 교정,41.98,T3,화자·문맥·자연스러움 집중 검토,,80.31329381879763,58.08,P2,앞뒤 5블록·사진·오류 기억을 함께 검토
ABF-169,기준본,789,"01:49:03,560 --> 01:49:05,220",1.66,자지 끼우고…,"이 손가락이랑, 이 손가락으로…",그래…,반말형,,,,,25.0,30.0,50.0,78.0,75.0,0.52047,0.0,58.0,0.0,0.0,0.3026,끼우고 싶은데.,끼고 싶은데.,일본어 원문 대조 + 자연스러운 한국어 대사 교정,35.64,T3,화자·문맥·자연스러움 집중 검토,,57.53598645215918,44.84,P3,말투·질문응답·가독성 위주 검토
ABF-169,기준본,790,"01:49:05,220 --> 01:49:07,320",2.1,그래…,자지 끼우고…,이걸 사이에 끼워야지.,중립·혼합형,,,,,25.0,30.0,50.0,78.0,75.0,0.41666,0.0,58.0,0.0,0.0,0.1376,"아, 그래.",간다.,화면 영문 자막 대조,31.28,T4,구조검사 통과 시 유지,,40.982218458933104,35.35,P4,회귀검사 통과 시 유지
ABF-169,기준본,791,"01:49:15,790 --> 01:49:17,430",1.64,이걸 사이에 끼워야지.,그래…,"아아, 조금 쥐가 났어…",반말형,,,,,25.0,30.0,50.0,78.0,75.0,0.55496,0.0,58.0,0.0,0.0,0.3567,"다리 사이에 넣고,",다리 사이에 넣고,,37.09,T3,화자·문맥·자연스러움 집중 검토,,63.29381879762913,48.1,P3,말투·질문응답·가독성 위주 검토
ABF-169,기준본,792,"01:49:19,490 --> 01:49:20,950",1.46,"아아, 조금 쥐가 났어…",이걸 사이에 끼워야지.,"아, 기분 좋아…",반응형,,,,,25.0,30.0,50.0,78.0,75.0,0.46419,0.0,58.0,0.0,0.0,0.3078,"아아, 같아.",갈 것 같아.,,33.28,T4,구조검사 통과 시 유지,,49.11092294665538,39.93,P4,회귀검사 통과 시 유지
ABF-169,기준본,793,"01:49:20,950 --> 01:49:24,030",3.08,"아, 기분 좋아…","아아, 조금 쥐가 났어…",네.,반응형,,,,,25.0,30.0,50.0,78.0,75.0,0.25822,8.46,58.0,0.0,0.0,0.7205,아- 기분 좋아…,아… 기분 좋아…,,26.15,T4,구조검사 통과 시 유지,,21.97290431837426,24.4,P4,회귀검사 통과 시 유지
ABF-169,기준본,794,"01:49:25,010 --> 01:49:25,610",0.6,네.,"아, 기분 좋아…",으…,반말형,,,,,25.0,30.0,50.0,78.0,75.0,0.12617,8.13,58.0,0.0,0.0,0.7177,"네, 네.",네.,불필요한 반복 제거,20.54,T4,구조검사 통과 시 유지,,6.858594411515664,14.79,P4,회귀검사 통과 시 유지
ABF-169,기준본,795,"01:49:27,710 --> 01:49:28,450",0.74,으…,네.,좋다…,반응형,,,,,25.0,30.0,50.0,78.0,75.0,0.24625,0.0,58.0,0.0,0.0,0.0981,"으음, 으음...","으음, 으음…",,24.12,T4,구조검사 통과 시 유지,,16.003386960203215,20.71,P4,회귀검사 통과 시 유지
ABF-169,기준본,796,"01:49:28,450 --> 01:49:29,450",1.0,좋다…,으…,"아…, 기분 좋아…",중립·혼합형,,,,,25.0,30.0,50.0,78.0,75.0,0.21625,0.0,58.0,0.0,0.0,0.187,나온다…,나올 것 같아…,,22.86,T4,구조검사 통과 시 유지,,12.785774767146485,18.63,P4,회귀검사 통과 시 유지
ABF-169,기준본,797,"01:49:45,860 --> 01:49:47,680",1.82,"아…, 기분 좋아…",좋다…,너무 좋아…,반응형,,,,,25.0,30.0,50.0,78.0,75.0,0.39629,0.0,58.0,0.0,0.0,0.5366,아- 기분 좋아…,아… 기분 좋아…,,30.42,T4,구조검사 통과 시 유지,,37.67993226079594,33.47,P4,회귀검사 통과 시 유지
ABF-169,기준본,798,"01:49:49,920 --> 01:49:50,400",0.48,너무 좋아…,"아…, 기분 좋아…",좋아?,반응형,,,,,25.0,30.0,50.0,78.0,75.0,0.30176,0.0,58.0,0.0,0.0,0.5159,아- 기분 좋아…,아… 기분 좋아…,,26.45,T4,구조검사 통과 시 유지,,22.777307366638443,24.91,P4,회귀검사 통과 시 유지
ABF-169,기준본,799,"01:49:50,400 --> 01:49:50,700",0.3,좋아?,너무 좋아…,가버려.,반응형,,,,,25.0,30.0,50.0,78.0,75.0,0.29454,0.0,58.0,0.0,0.0,0.6053,안쪽이 좋아?,안쪽도 좋아?,일본어 원문 대조 + 자연스러운 한국어 대사 교정,26.15,T4,구조검사 통과 시 유지,,21.97290431837426,24.4,P4,회귀검사 통과 시 유지
ABF-169,기준본,800,"01:49:50,700 --> 01:49:51,180",0.48,가버려.,좋아?,"아, 간다.",중립·혼합형,,,,,25.0,30.0,50.0,78.0,75.0,0.27503,42.0,58.0,0.0,0.0,1.0,가버려.,가 버려.,,32.89,T4,구조검사 통과 시 유지,,47.41744284504657,38.99,P4,회귀검사 통과 시 유지
ABF-169,기준본,801,"01:49:58,810 --> 01:49:59,750",0.94,"아, 간다.",가버려.,마지막은 썼어.,반응형,,,,,25.0,30.0,50.0,78.0,75.0,0.55062,0.0,58.0,0.0,0.0,0.4876,간다...,간다…,,36.91,T3,화자·문맥·자연스러움 집중 검토,,62.53175275190517,47.67,P3,말투·질문응답·가독성 위주 검토
ABF-169,기준본,802,"01:50:43,650 --> 01:50:44,930",1.28,마지막은 썼어.,"아, 간다.",짰어.,반응형,,,,,25.0,30.0,50.0,78.0,75.0,0.51535,0.0,58.0,0.0,0.0,0.1654,마지막으로 앞니도 닦아 줘.,마지막으로 앞니도 닦자.,일본어 원문 대조 + 자연스러운 한국어 대사 교정,35.42,T3,화자·문맥·자연스러움 집중 검토,,56.77392040643523,44.39,P3,말투·질문응답·가독성 위주 검토
ABF-169,기준본,803,"01:50:46,070 --> 01:50:46,750",0.68,짰어.,마지막은 썼어.,"아직, 서 있어.",반응형,,,,,25.0,30.0,50.0,78.0,75.0,0.41171,0.0,58.0,0.0,0.0,0.0682,쉬어.,아… 그대로…,타임스탬프 사진으로 장면 불일치 확인 후 재복원,31.07,T4,구조검사 통과 시 유지,,40.262489415749364,34.93,P4,회귀검사 통과 시 유지
ABF-169,기준본,804,"01:51:05,560 --> 01:51:06,880",1.32,"아직, 서 있어.",짰어.,"아직, 딱딱해.",반응형,,,,,25.0,30.0,50.0,78.0,75.0,0.62356,0.0,58.0,0.0,0.0,0.537,"아직, 아직 잘 거지?",아직 갈 수 있지?,사진 장면 확인 및 한국어 번역투·ASR 오역 교정,39.97,T3,화자·문맥·자연스러움 집중 검토,,74.68247248094835,54.55,P3,말투·질문응답·가독성 위주 검토
ABF-169,기준본,805,"01:51:08,280 --> 01:51:09,460",1.18,"아직, 딱딱해.","아직, 서 있어.",한 번 더 할까?,반응형,,,,,25.0,30.0,50.0,78.0,75.0,0.55083,0.0,58.0,0.0,0.0,0.4738,딱딱해...,딱딱해…,,36.91,T3,화자·문맥·자연스러움 집중 검토,,62.53175275190517,47.67,P3,말투·질문응답·가독성 위주 검토
ABF-169,기준본,806,"01:51:13,370 --> 01:51:14,550",1.18,한 번 더 할까?,"아직, 딱딱해.",한 번 더?,중립·혼합형,,,,,25.0,30.0,50.0,78.0,75.0,0.55179,6.06,58.0,0.0,0.0,0.7005,뭐 할까?,내가 먼저?,일본어 원문 + 타임스탬프 사진 + 장면 연속성,38.05,T3,화자·문맥·자연스러움 집중 검토,,66.72311600338696,50.09,P3,말투·질문응답·가독성 위주 검토
ABF-169,기준본,807,"01:51:14,950 --> 01:51:16,170",1.22,한 번 더?,한 번 더 할까?,할 거지?,중립·혼합형,,,,,25.0,30.0,50.0,78.0,75.0,0.4722,0.0,58.0,0.0,0.0,0.2811,한 번 정도...,한 번 정도…,,33.61,T4,구조검사 통과 시 유지,,50.88907705334462,40.87,P3,말투·질문응답·가독성 위주 검토
ABF-169,기준본,808,"01:51:16,290 --> 01:51:16,810",0.52,할 거지?,한 번 더?,"쌩얼, 보여줘.",반말형,,,,,25.0,30.0,50.0,78.0,75.0,0.37461,18.63,58.0,0.0,0.0,0.8053,잘 거지?,갈 수 있지?,사진 장면 확인 및 한국어 번역투·ASR 오역 교정,32.87,T4,구조검사 통과 시 유지,,47.332768839966135,38.94,P4,회귀검사 통과 시 유지
ABF-169,기준본,809,"01:51:43,100 --> 01:51:44,840",1.74,"쌩얼, 보여줘.",할 거지?,부끄러워.,중립·혼합형,,,,,25.0,30.0,50.0,78.0,75.0,0.51627,0.0,58.0,0.0,0.0,0.4985,그래. 좀 더 보여줘.,그래. 좀 더 보여 줘.,,35.46,T3,화자·문맥·자연스러움 집중 검토,,57.15495342929721,44.57,P3,말투·질문응답·가독성 위주 검토
ABF-169,기준본,810,"01:51:46,000 --> 01:51:46,920",0.92,부끄러워.,"쌩얼, 보여줘.",부끄럽다고 해도 항상 보여주잖아.,중립·혼합형,,,,,25.0,30.0,50.0,78.0,75.0,0.42458,22.74,58.0,0.0,0.0,0.8395,"하아, 부끄러워.",부끄러워? 팬티도 벗어야지.,일본어 원문 + 타임스탬프 사진 + 장면 연속성,35.7,T3,화자·문맥·자연스러움 집중 검토,,57.70533446232007,44.94,P3,말투·질문응답·가독성 위주 검토
ABF-169,기준본,811,"01:51:47,140 --> 01:51:49,420",2.28,부끄럽다고 해도 항상 보여주잖아.,부끄러워.,그렇긴 하지만요.,반응형,,,,,25.0,30.0,50.0,78.0,75.0,0.77709,0.0,58.0,0.0,0.0,0.1723,보여주세요.,보여 줘.,화자 말투와 앞뒤 명령문 통일,46.42,T3,화자·문맥·자연스러움 집중 검토,,91.53259949195596,65.37,P2,앞뒤 5블록·사진·오류 기억을 함께 검토
ABF-169,기준본,812,"01:51:50,220 --> 01:51:50,980",0.76,그렇긴 하지만요.,부끄럽다고 해도 항상 보여주잖아.,잠깐만.,반말형,,,,,25.0,30.0,50.0,78.0,75.0,0.65191,0.0,58.0,0.0,0.0,0.2122,하지만…,그래도…,,41.16,T3,화자·문맥·자연스러움 집중 검토,,77.98475867908552,56.63,P3,말투·질문응답·가독성 위주 검토
ABF-169,기준본,813,"01:51:55,120 --> 01:51:55,880",0.76,잠깐만.,그렇긴 하지만요.,지금 얼마나 느끼고 있는지 말해줬으면 좋겠는데.,반응형,,,,,25.0,30.0,50.0,78.0,75.0,0.30522,11.96,58.0,0.0,0.0,0.7497,하아… 잠깐만.,목욕물 받아 놓은 거지?,일본어 원문 + 타임스탬프 사진 + 장면 연속성,28.75,T4,구조검사 통과 시 유지,,31.371718882303135,29.85,P4,회귀검사 통과 시 유지
ABF-169,기준본,814,"01:51:57,840 --> 01:51:59,760",1.92,지금 얼마나 느끼고 있는지 말해줬으면 좋겠는데.,잠깐만.,잠깐만.,반말형,,,,,25.0,30.0,50.0,78.0,75.0,0.86105,0.0,58.0,0.0,0.0,0.3009,느끼고 있어.,좋아하고 있어.,,49.94,T3,화자·문맥·자연스러움 집중 검토,,97.20575783234547,69.79,P2,앞뒤 5블록·사진·오류 기억을 함께 검토
ABF-169,기준본,815,"01:52:00,500 --> 01:52:01,180",0.68,잠깐만.,지금 얼마나 느끼고 있는지 말해줬으면 좋겠는데.,방금 그 말은 실수했어.,반응형,,,,,25.0,30.0,50.0,78.0,75.0,0.30132,11.96,58.0,0.0,0.0,0.7497,하아… 잠깐만.,목욕물 받아 놓은 거지?,일본어 원문 + 타임스탬프 사진 + 장면 연속성,28.59,T4,구조검사 통과 시 유지,,30.821337849280273,29.53,P4,회귀검사 통과 시 유지
ABF-169,기준본,816,"01:52:01,880 --> 01:52:02,380",0.5,방금 그 말은 실수했어.,잠깐만.,방금 그 말은?,반응형,,,,,25.0,30.0,50.0,78.0,75.0,0.65873,0.0,58.0,25.0,0.0,0.135,직원 방에 가 버릴 사람. 방금 잠든 척했지.,"직원 방에 갈 사람처럼 굴더니, 방금 잠든 척한 거지?",사진 장면 확인 및 한국어 번역투·ASR 오역 교정,43.95,T3,화자·문맥·자연스러움 집중 검토,borderline_cps,85.56308213378493,61.43,P2,앞뒤 5블록·사진·오류 기억을 함께 검토
ABF-169,기준본,817,"01:52:03,620 --> 01:52:04,240",0.62,방금 그 말은?,방금 그 말은 실수했어.,편집으로 컷.,중립·혼합형,,,,,25.0,30.0,50.0,78.0,75.0,0.53067,0.0,58.0,0.0,0.0,0.1796,직원 방에 가 버릴 사람. 방금 잠든 척했지.,"직원 방에 갈 사람처럼 굴더니, 방금 잠든 척한 거지?",사진 장면 확인 및 한국어 번역투·ASR 오역 교정,36.07,T3,화자·문맥·자연스러움 집중 검토,,58.59441151566469,45.53,P3,말투·질문응답·가독성 위주 검토
ABF-169,기준본,818,"01:52:04,780 --> 01:52:05,500",0.72,편집으로 컷.,방금 그 말은?,내가 정하는 건 아니지만.,반응형,,,,,25.0,30.0,50.0,78.0,75.0,0.43564,0.0,58.0,0.0,0.0,0.0676,"자, 입으로 해줘.","자, 입으로 해 줘.",,32.08,T4,구조검사 통과 시 유지,,44.03048264182896,37.1,P4,회귀검사 통과 시 유지
ABF-169,기준본,819,"01:52:07,820 --> 01:52:08,940",1.12,내가 정하는 건 아니지만.,편집으로 컷.,얼굴 좀 보여줘.,반응형,,,,,25.0,30.0,50.0,78.0,75.0,0.60224,0.0,58.0,0.0,0.0,0.5047,싫은 건 아니지만...,싫은 건 아니지만…,,39.07,T3,화자·문맥·자연스러움 집중 검토,,70.61812023708721,52.32,P3,말투·질문응답·가독성 위주 검토
ABF-169,기준본,820,"01:52:18,340 --> 01:52:20,120",1.78,얼굴 좀 보여줘.,내가 정하는 건 아니지만.,잠깐만.,중립·혼합형,,,,,25.0,30.0,50.0,78.0,75.0,0.60386,0.0,58.0,0.0,0.0,0.6455,그래. 좀 더 보여줘.,그래. 좀 더 보여 줘.,,39.14,T3,화자·문맥·자연스러움 집중 검토,,70.9991532599492,52.52,P3,말투·질문응답·가독성 위주 검토
ABF-169,기준본,821,"01:52:20,400 --> 01:52:21,020",0.62,잠깐만.,얼굴 좀 보여줘.,잠깐만.,반응형,,,,,25.0,30.0,50.0,78.0,75.0,0.32667,11.96,58.0,0.0,0.0,0.7497,하아… 잠깐만.,목욕물 받아 놓은 거지?,일본어 원문 + 타임스탬프 사진 + 장면 연속성,29.65,T4,구조검사 통과 시 유지,,34.419983065198984,31.65,P4,회귀검사 통과 시 유지
ABF-169,기준본,822,"01:52:21,660 --> 01:52:22,300",0.64,잠깐만.,잠깐만.,귀여워.,반응형,,,,,25.0,30.0,50.0,78.0,75.0,0.39448,11.96,58.0,0.0,0.0,0.7497,하아… 잠깐만.,목욕물 받아 놓은 거지?,일본어 원문 + 타임스탬프 사진 + 장면 연속성,32.5,T4,구조검사 통과 시 유지,,45.63928873835732,38.02,P4,회귀검사 통과 시 유지
ABF-169,기준본,823,"01:52:22,300 --> 01:52:22,720",0.42,귀여워.,잠깐만.,귀여워.,중립·혼합형,,,,,25.0,30.0,50.0,78.0,75.0,0.32908,27.78,58.0,0.0,0.0,0.8815,엄청 귀여워.,매일 목욕해.,일본어 원문 + 타임스탬프 사진 + 장면 연속성,32.6,T4,구조검사 통과 시 유지,,46.52836579170195,38.45,P4,회귀검사 통과 시 유지
ABF-169,기준본,824,"01:52:23,340 --> 01:52:24,000",0.66,귀여워.,귀여워.,그거 귀여워.,중립·혼합형,,,,,25.0,30.0,50.0,78.0,75.0,0.30084,27.78,58.0,0.0,0.0,0.8815,엄청 귀여워.,매일 목욕해.,일본어 원문 + 타임스탬프 사진 + 장면 연속성,31.42,T4,구조검사 통과 시 유지,,41.871295512277726,35.81,P4,회귀검사 통과 시 유지
ABF-169,기준본,825,"01:52:24,220 --> 01:52:25,080",0.86,그거 귀여워.,귀여워.,이렇게인가.,중립·혼합형,,,,,25.0,30.0,50.0,78.0,75.0,0.51725,10.71,58.0,0.0,0.0,0.7393,엄청 귀여워.,매일 목욕해.,일본어 원문 + 타임스탬프 사진 + 장면 연속성,37.43,T3,화자·문맥·자연스러움 집중 검토,,64.86028789161728,48.95,P3,말투·질문응답·가독성 위주 검토
ABF-169,기준본,826,"01:52:26,280 --> 01:52:27,140",0.86,이렇게인가.,그거 귀여워.,그래그래.,중립·혼합형,,,,,25.0,30.0,50.0,78.0,75.0,0.39923,0.0,58.0,0.0,0.0,0.1727,이렇게...,이렇게…,,30.55,T4,구조검사 통과 시 유지,,38.230313293818796,33.78,P4,회귀검사 통과 시 유지
ABF-169,기준본,827,"01:52:27,440 --> 01:52:27,640",0.2,그래그래.,이렇게인가.,헤어밴드 한 거 좋네.,중립·혼합형,,,,,25.0,30.0,50.0,78.0,75.0,0.39604,0.0,58.0,55.0,0.0,0.4417,"아, 그래.",간다.,화면 영문 자막 대조,35.91,T3,화자·문맥·자연스러움 집중 검토,high_cps,58.17104149026249,45.26,P3,말투·질문응답·가독성 위주 검토
ABF-169,기준본,828,"01:52:28,420 --> 01:52:29,360",0.94,헤어밴드 한 거 좋네.,그래그래.,아.,반응형,,,,,25.0,30.0,50.0,78.0,75.0,0.61136,0.0,58.0,0.0,0.0,0.4707,좋네.,좋아.,일본어 원문 대조 + 자연스러운 한국어 대사 교정,39.46,T3,화자·문맥·자연스러움 집중 검토,,72.65029635901779,53.4,P3,말투·질문응답·가독성 위주 검토
ABF-169,기준본,829,"01:52:32,620 --> 01:52:33,200",0.58,아.,헤어밴드 한 거 좋네.,"자, 여기.",반응형,,,,,25.0,30.0,50.0,78.0,75.0,0.31208,0.0,58.0,0.0,0.0,0.4574,"왠지, 아.","아, 뭐야.",일본어 원문 대조 + 자연스러운 한국어 대사 교정,26.89,T4,구조검사 통과 시 유지,,24.174428450465708,25.75,P4,회귀검사 통과 시 유지
ABF-169,기준본,830,"01:52:33,200 --> 01:52:34,200",1.0,"자, 여기.",아.,벌려볼게.,중립·혼합형,,,,,25.0,30.0,50.0,78.0,75.0,0.54595,0.0,58.0,0.0,0.0,0.3847,여기...,여기…,,36.71,T3,화자·문맥·자연스러움 집중 검토,,61.5580016934801,47.15,P3,말투·질문응답·가독성 위주 검토
ABF-169,기준본,831,"01:52:41,920 --> 01:52:43,040",1.12,벌려볼게.,"자, 여기.",좀 더 벌려볼게.,중립·혼합형,,,,,25.0,30.0,50.0,78.0,75.0,0.49328,0.0,58.0,0.0,0.0,0.1841,확인해볼게.,확인해 볼게.,,34.5,T4,구조검사 통과 시 유지,,54.02201524132092,42.7,P3,말투·질문응답·가독성 위주 검토
ABF-169,기준본,832,"01:52:46,810 --> 01:52:47,830",1.02,좀 더 벌려볼게.,벌려볼게.,어?,중립·혼합형,,,,,25.0,30.0,50.0,78.0,75.0,0.65941,0.0,58.0,0.0,0.0,0.219,좀 더 해 줘.,보여?,일본어 원문 + 타임스탬프 사진 + 장면 연속성,41.48,T3,화자·문맥·자연스러움 집중 검토,,78.91617273497037,57.2,P3,말투·질문응답·가독성 위주 검토
ABF-169,기준본,833,"01:53:17,030 --> 01:53:17,430",0.4,어?,좀 더 벌려볼게.,어?,반응형,,,,,25.0,30.0,50.0,78.0,75.0,0.22138,0.0,58.0,0.0,0.0,0.323,어? 벗기고 싶다고? 응.,해 줬으면 좋겠어? 응.,손상된 일본어 ASR + 타임스탬프 사진 + 앞뒤 문맥 추론,23.08,T4,구조검사 통과 시 유지,,13.124470787468248,18.9,P4,회귀검사 통과 시 유지
ABF-169,기준본,834,"01:53:35,420 --> 01:53:35,820",0.4,어?,어?,어?,반응형,,,,,25.0,30.0,50.0,78.0,75.0,0.1091,0.0,58.0,0.0,30.0,0.323,어? 벗기고 싶다고? 응.,해 줬으면 좋겠어? 응.,손상된 일본어 ASR + 타임스탬프 사진 + 앞뒤 문맥 추론,20.76,T4,구조검사 통과 시 유지,triple_identical_run,7.366638441998306,15.13,P4,회귀검사 통과 시 유지
ABF-169,기준본,835,"01:53:37,300 --> 01:53:37,420",0.12,어?,어?,어?,반응형,,,,,25.0,30.0,50.0,78.0,75.0,0.10547,0.0,58.0,25.0,30.0,0.323,어? 벗기고 싶다고? 응.,해 줬으면 좋겠어? 응.,손상된 일본어 ASR + 타임스탬프 사진 + 앞뒤 문맥 추론,23.11,T4,구조검사 통과 시 유지,borderline_cps;triple_identical_run,13.293818797629129,18.99,P4,회귀검사 통과 시 유지
ABF-169,기준본,836,"01:53:38,060 --> 01:53:38,200",0.14,어?,어?,"대박, 완전 흠뻑 젖었어.",반응형,,,,,25.0,30.0,50.0,78.0,75.0,0.18095,0.0,58.0,0.0,0.0,0.323,어? 벗기고 싶다고? 응.,해 줬으면 좋겠어? 응.,손상된 일본어 ASR + 타임스탬프 사진 + 앞뒤 문맥 추론,21.38,T4,구조검사 통과 시 유지,,8.806096528365792,16.1,P4,회귀검사 통과 시 유지
ABF-169,기준본,837,"01:53:41,180 --> 01:53:42,140",0.96,"대박, 완전 흠뻑 젖었어.",어?,이거 헤어밴드 한 의미가 없겠는데.,반응형,,,,,25.0,30.0,50.0,78.0,79.0,0.76179,0.0,58.0,0.0,0.0,0.3276,허벅지까지 젖었어.,허벅지까지 흠뻑 젖었어.,일본어 원문 대조 + 자연스러운 한국어 대사 교정,46.02,T3,화자·문맥·자연스러움 집중 검토,,91.10922946655377,64.96,P2,앞뒤 5블록·사진·오류 기억을 함께 검토
ABF-169,기준본,838,"01:53:44,840 --> 01:53:46,540",1.7,이거 헤어밴드 한 의미가 없겠는데.,"대박, 완전 흠뻑 젖었어.",헤어밴드 한 의미가 없겠는데.,반응형,,,,,25.0,30.0,50.0,78.0,75.0,0.67454,0.0,58.0,0.0,0.0,0.1402,"상대가 기분 좋아지지 않으면 의미가 없다고 생각해서, 조금 대화도 하면서 자극하는 게 제 방식이에요.","상대가 좋아하지 않으면 의미가 없으니까, 대화하면서 천천히 자극하는 편이에요.",,42.11,T3,화자·문맥·자연스러움 집중 검토,,80.90601185436071,58.4,P2,앞뒤 5블록·사진·오류 기억을 함께 검토
ABF-169,기준본,839,"01:53:46,540 --> 01:53:46,560",0.02,헤어밴드 한 의미가 없겠는데.,이거 헤어밴드 한 의미가 없겠는데.,잠깐만.,반응형,,,,,25.0,30.0,50.0,78.0,75.0,0.98547,0.0,58.0,70.0,0.0,0.1454,"상대가 기분 좋아지지 않으면 의미가 없다고 생각해서, 조금 대화도 하면서 자극하는 게 제 방식이에요.","상대가 좋아하지 않으면 의미가 없으니까, 대화하면서 천천히 자극하는 편이에요.",,62.17,T2,후보 3개 생성 후 증거 기반 판정,high_cps,100.0,78.06,P1,장면 패킷을 열고 후보 3개를 생성해 반증 검토
ABF-169,기준본,840,"01:53:49,320 --> 01:53:49,960",0.64,잠깐만.,헤어밴드 한 의미가 없겠는데.,잠깐만.,반응형,,,,,25.0,30.0,50.0,78.0,75.0,0.29877,11.96,58.0,0.0,0.0,0.7497,하아… 잠깐만.,목욕물 받아 놓은 거지?,일본어 원문 + 타임스탬프 사진 + 장면 연속성,28.48,T4,구조검사 통과 시 유지,,30.228619813717188,29.21,P4,회귀검사 통과 시 유지
ABF-169,기준본,841,"01:53:49,960 --> 01:53:50,240",0.28,잠깐만.,잠깐만.,"어라, 왜 숨기고 있어?",반응형,,,,,25.0,30.0,50.0,78.0,75.0,0.33496,11.96,58.0,0.0,0.0,0.7497,하아… 잠깐만.,목욕물 받아 놓은 거지?,일본어 원문 + 타임스탬프 사진 + 장면 연속성,30.0,T4,구조검사 통과 시 유지,,35.81710414902625,32.44,P4,회귀검사 통과 시 유지
ABF-169,기준본,842,"01:53:56,680 --> 01:53:58,080",1.4,"어라, 왜 숨기고 있어?",잠깐만.,"어머, 또 숨기네.",반응형,,,,,25.0,30.0,50.0,78.0,75.0,0.61816,0.0,58.0,0.0,0.0,0.3322,"어라, 아들...","어라, 아들…",,39.74,T3,화자·문맥·자연스러움 집중 검토,,73.37002540220152,53.86,P3,말투·질문응답·가독성 위주 검토
ABF-169,기준본,843,"01:54:01,960 --> 01:54:03,440",1.48,"어머, 또 숨기네.","어라, 왜 숨기고 있어?",절대 귀엽잖아.,반응형,,,,,25.0,30.0,50.0,78.0,75.0,0.49939,0.0,58.0,0.0,0.0,0.1137,또 만나요.,[불명],,34.75,T4,구조검사 통과 시 유지,,54.99576629974597,43.25,P3,말투·질문응답·가독성 위주 검토
ABF-169,기준본,844,"01:54:03,820 --> 01:54:05,100",1.28,절대 귀엽잖아.,"어머, 또 숨기네.",절대 귀엽잖아.,반응형,,,,,25.0,30.0,50.0,78.0,75.0,0.43634,42.0,58.0,0.0,0.0,1.0,절대 귀엽잖아.,분명 귀여울 텐데.,,39.67,T3,화자·문맥·자연스러움 집중 검토,,73.07366638442,53.7,P3,말투·질문응답·가독성 위주 검토
ABF-169,기준본,845,"01:54:05,440 --> 01:54:07,020",1.58,절대 귀엽잖아.,절대 귀엽잖아.,절대 귀엽잖아.,반응형,,,,,25.0,30.0,50.0,78.0,75.0,0.53021,42.0,58.0,0.0,30.0,1.0,절대 귀엽잖아.,분명 귀여울 텐데.,,46.01,T3,화자·문맥·자연스러움 집중 검토,triple_identical_run,90.9822184589331,64.9,P2,앞뒤 5블록·사진·오류 기억을 함께 검토
ABF-169,기준본,846,"01:54:14,120 --> 01:54:23,320",9.2,절대 귀엽잖아.,절대 귀엽잖아.,말랑말랑하네.,반응형,,,,,25.0,30.0,50.0,78.0,75.0,0.59877,42.0,58.0,0.0,0.0,1.0,절대 귀엽잖아.,분명 귀여울 텐데.,,46.49,T3,화자·문맥·자연스러움 집중 검토,,91.61727349703641,65.44,P2,앞뒤 5블록·사진·오류 기억을 함께 검토
ABF-169,기준본,847,"01:54:31,240 --> 01:55:07,130",35.89,말랑말랑하네.,절대 귀엽잖아.,음… 음… 음… 음…,반말형,,,,,25.0,30.0,50.0,78.0,75.0,0.31547,0.0,58.0,0.0,0.0,0.1242,야하네.,여긴 지저분하네.,화면 영문 자막 대조,27.03,T4,구조검사 통과 시 유지,,24.513124470787467,25.97,P4,회귀검사 통과 시 유지
ABF-169,기준본,848,"01:55:08,910 --> 01:55:20,240",11.33,음… 음… 음… 음…,말랑말랑하네.,"그거 완전 조건반사잖아.
자지만 내밀면 바로 핥아주는 거.",중립·혼합형,,,,,25.0,30.0,50.0,78.0,75.0,0.21072,0.0,58.0,0.0,0.0,0.0945,음...,음…,,22.63,T4,구조검사 통과 시 유지,,11.981371718882302,18.16,P4,회귀검사 통과 시 유지
ABF-169,기준본,849,"01:55:20,300 --> 01:55:25,560",5.26,"그거 완전 조건반사잖아.
자지만 내밀면 바로 핥아주는 거.",음… 음… 음… 음…,핥아.,반말형,,,,,25.0,30.0,50.0,78.0,79.0,0.71677,0.0,58.0,0.0,0.0,0.314,더 핥아주는 게 좋아?,더 핥아 주는 게 좋아?,,44.12,T3,화자·문맥·자연스러움 집중 검토,,86.11346316680779,61.76,P2,앞뒤 5블록·사진·오류 기억을 함께 검토
ABF-169,기준본,850,"01:55:26,080 --> 01:55:26,520",0.44,핥아.,"그거 완전 조건반사잖아.
자지만 내밀면 바로 핥아주는 거.",자지만 내밀면.,반응형,,,,,25.0,30.0,50.0,78.0,79.0,0.52542,10.87,58.0,0.0,0.0,0.7406,혀로 핥아.,그대로 핥아 줘.,일본어 원문 대조 + 자연스러운 한국어 대사 교정,38.04,T3,화자·문맥·자연스러움 집중 검토,,66.5961049957663,50.03,P3,말투·질문응답·가독성 위주 검토
ABF-169,기준본,851,"01:55:43,130 --> 01:55:45,050",1.92,자지만 내밀면.,핥아.,음… 음…,반말형,,,,,25.0,30.0,50.0,78.0,75.0,0.41728,0.0,58.0,0.0,0.0,0.1012,"자, 혀를 조금 내밀어봐...","자, 혀를 조금 내밀어봐…",,31.31,T4,구조검사 통과 시 유지,,41.06689246401355,35.41,P4,회귀검사 통과 시 유지
ABF-169,기준본,852,"01:55:45,050 --> 01:55:46,910",1.86,음… 음…,자지만 내밀면.,핥아. 음…,중립·혼합형,,,,,25.0,30.0,50.0,78.0,75.0,0.17174,0.0,58.0,0.0,0.0,0.0945,음...,음…,,20.99,T4,구조검사 통과 시 유지,,7.790008467400508,15.45,P4,회귀검사 통과 시 유지
ABF-169,기준본,853,"01:55:46,910 --> 01:55:52,330",5.42,핥아. 음…,음… 음…,‘또 하냐’는 말은 안 하네.,반응형,,,,,25.0,30.0,50.0,78.0,79.0,0.51223,0.0,58.0,0.0,0.0,0.6128,혀로 핥아.,그대로 핥아 줘.,일본어 원문 대조 + 자연스러운 한국어 대사 교정,35.53,T3,화자·문맥·자연스러움 집중 검토,,57.32430143945809,44.68,P3,말투·질문응답·가독성 위주 검토
ABF-169,기준본,854,"01:55:54,270 --> 01:55:55,970",1.7,‘또 하냐’는 말은 안 하네.,핥아. 음…,음…,반말형,,,,,25.0,30.0,50.0,78.0,75.0,0.6087,0.0,58.0,0.0,0.0,0.157,기분 좋기는 하네...,기분 좋기는 하네…,,39.35,T3,화자·문맥·자연스러움 집중 검토,,71.80355630821337,52.98,P3,말투·질문응답·가독성 위주 검토
ABF-169,기준본,855,"01:55:56,210 --> 01:55:56,970",0.76,음…,‘또 하냐’는 말은 안 하네.,조금 더 이런 식으로 해봐.,중립·혼합형,,,,,25.0,30.0,50.0,78.0,75.0,0.08214,0.0,58.0,0.0,0.0,0.0945,음...,음…,,17.23,T4,구조검사 통과 시 유지,,1.8628281117696865,10.78,P4,회귀검사 통과 시 유지
ABF-169,기준본,856,"01:55:57,490 --> 01:56:06,910",9.42,조금 더 이런 식으로 해봐.,음…,처음 당해봤어.,반응형,,,,,25.0,30.0,50.0,78.0,75.0,0.61855,0.0,58.0,0.0,0.0,0.4096,이런 식으로...,이런 식으로…,,39.76,T3,화자·문맥·자연스러움 집중 검토,,73.53937341236241,53.95,P3,말투·질문응답·가독성 위주 검토
ABF-169,기준본,857,"01:56:12,970 --> 01:56:14,110",1.14,처음 당해봤어.,조금 더 이런 식으로 해봐.,처음 당해봤어?,반응형,,,,,25.0,30.0,50.0,78.0,75.0,0.41847,0.0,58.0,0.0,0.0,0.3007,이런 경험 처음 당해봐?,이런 경험 처음 당해 봐?,,31.36,T4,구조검사 통과 시 유지,,41.32091447925487,35.54,P4,회귀검사 통과 시 유지
ABF-169,기준본,858,"01:56:14,550 --> 01:56:15,110",0.56,처음 당해봤어?,처음 당해봤어.,앞으로는 자주 하게 될 거야.,반응형,,,,,25.0,30.0,50.0,78.0,75.0,0.44622,0.0,58.0,0.0,0.0,0.3102,이런 경험 처음 당해봐?,이런 경험 처음 당해 봐?,,32.52,T4,구조검사 통과 시 유지,,45.89331075359864,38.14,P4,회귀검사 통과 시 유지
ABF-169,기준본,859,"01:56:17,250 --> 01:56:18,310",1.06,앞으로는 자주 하게 될 거야.,처음 당해봤어?,음…,반응형,,,,,25.0,30.0,50.0,78.0,75.0,0.56297,0.0,58.0,0.0,0.0,0.3046,이제 가슴으로는 안 해줄 거야.,이제 가슴으로는 안 해 줄 거야.,,37.42,T3,화자·문맥·자연스러움 집중 검토,,64.73327688399661,48.89,P3,말투·질문응답·가독성 위주 검토
ABF-169,기준본,860,"01:56:18,590 --> 01:56:19,070",0.48,음…,앞으로는 자주 하게 될 거야.,음…,중립·혼합형,,,,,25.0,30.0,50.0,78.0,75.0,0.06251,0.0,58.0,0.0,0.0,0.0945,음...,음…,,16.41,T4,구조검사 통과 시 유지,,0.8467400508044031,9.87,P4,회귀검사 통과 시 유지
ABF-169,기준본,861,"01:56:57,440 --> 01:56:58,460",1.02,음…,음…,음…,중립·혼합형,,,,,25.0,30.0,50.0,78.0,75.0,0.06415,0.0,58.0,0.0,30.0,0.0945,음...,음…,,18.87,T4,구조검사 통과 시 유지,triple_identical_run,4.8264182895850976,12.97,P4,회귀검사 통과 시 유지
ABF-169,기준본,862,"01:56:59,060 --> 01:57:23,210",24.15,음…,음…,음…,중립·혼합형,,,,,25.0,30.0,50.0,78.0,75.0,0.06622,0.0,58.0,0.0,30.0,0.0945,음...,음…,,18.96,T4,구조검사 통과 시 유지,triple_identical_run,4.995766299745978,13.1,P4,회귀검사 통과 시 유지
ABF-169,기준본,863,"01:57:33,780 --> 01:57:33,920",0.14,음…,음…,음…,중립·혼합형,,,,,25.0,30.0,50.0,78.0,75.0,0.06437,0.0,58.0,0.0,30.0,0.0945,음...,음…,,18.88,T4,구조검사 통과 시 유지,triple_identical_run,4.911092294665537,13.01,P4,회귀검사 통과 시 유지
ABF-169,기준본,864,"01:57:58,190 --> 01:57:59,230",1.04,음…,음…,음…,중립·혼합형,,,,,25.0,30.0,50.0,78.0,75.0,0.06322,0.0,58.0,0.0,30.0,0.0945,음...,음…,,18.84,T4,구조검사 통과 시 유지,triple_identical_run,4.741744284504657,12.92,P4,회귀검사 통과 시 유지
ABF-169,기준본,865,"01:58:14,120 --> 01:58:14,640",0.52,음…,음…,음…,중립·혼합형,,,,,25.0,30.0,50.0,78.0,75.0,0.05747,0.0,58.0,0.0,30.0,0.0945,음...,음…,,18.59,T4,구조검사 통과 시 유지,triple_identical_run,4.318374259102455,12.6,P4,회귀검사 통과 시 유지
ABF-169,기준본,866,"01:58:16,740 --> 01:58:17,560",0.82,음…,음…,음…,중립·혼합형,,,,,25.0,30.0,50.0,78.0,75.0,0.05695,0.0,58.0,0.0,30.0,0.0945,음...,음…,,18.57,T4,구조검사 통과 시 유지,triple_identical_run,4.233700254022015,12.55,P4,회귀검사 통과 시 유지
ABF-169,기준본,867,"01:58:34,680 --> 01:58:35,100",0.42,음…,음…,음…,중립·혼합형,,,,,25.0,30.0,50.0,78.0,75.0,0.05889,0.0,58.0,0.0,30.0,0.0945,음...,음…,,18.65,T4,구조검사 통과 시 유지,triple_identical_run,4.403048264182896,12.67,P4,회귀검사 통과 시 유지
ABF-169,기준본,868,"01:58:39,510 --> 01:58:40,190",0.68,음…,음…,음…,중립·혼합형,,,,,25.0,30.0,50.0,78.0,75.0,0.05382,0.0,58.0,0.0,30.0,0.0945,음...,음…,,18.44,T4,구조검사 통과 시 유지,triple_identical_run,3.895004233700254,12.33,P4,회귀검사 통과 시 유지
ABF-169,기준본,869,"01:58:40,190 --> 01:58:40,230",0.04,음…,음…,음…,중립·혼합형,,,,,25.0,30.0,50.0,78.0,75.0,0.06549,0.0,58.0,70.0,30.0,0.0945,음...,음…,,25.93,T4,구조검사 통과 시 유지,high_cps;triple_identical_run,21.337849280270955,24.0,P4,회귀검사 통과 시 유지
ABF-169,기준본,870,"01:58:40,870 --> 01:58:41,610",0.74,음…,음…,음…,중립·혼합형,,,,,25.0,30.0,50.0,78.0,75.0,0.05292,0.0,58.0,0.0,30.0,0.0945,음...,음…,,18.4,T4,구조검사 통과 시 유지,triple_identical_run,3.6409822184589333,12.2,P4,회귀검사 통과 시 유지
ABF-169,기준본,871,"01:58:42,390 --> 01:58:43,250",0.86,음…,음…,음…,중립·혼합형,,,,,25.0,30.0,50.0,78.0,75.0,0.05282,0.0,58.0,0.0,30.0,0.0945,음...,음…,,18.4,T4,구조검사 통과 시 유지,triple_identical_run,3.6409822184589333,12.2,P4,회귀검사 통과 시 유지
ABF-169,기준본,872,"01:58:43,590 --> 01:58:43,850",0.26,음…,음…,음…,중립·혼합형,,,,,25.0,30.0,50.0,78.0,75.0,0.05547,0.0,58.0,0.0,30.0,0.0945,음...,음…,,18.51,T4,구조검사 통과 시 유지,triple_identical_run,3.979678238780694,12.41,P4,회귀검사 통과 시 유지
ABF-169,기준본,873,"01:58:51,770 --> 01:58:51,990",0.22,음…,음…,음…,중립·혼합형,,,,,25.0,30.0,50.0,78.0,75.0,0.05623,0.0,58.0,0.0,30.0,0.0945,음...,음…,,18.54,T4,구조검사 통과 시 유지,triple_identical_run,4.149026248941575,12.5,P4,회귀검사 통과 시 유지
ABF-169,기준본,874,"01:58:52,070 --> 01:58:52,090",0.02,음…,음…,"잠깐, 뭐야?",중립·혼합형,,,,,25.0,30.0,50.0,78.0,75.0,0.09491,0.0,58.0,70.0,0.0,0.0945,음...,음…,,24.77,T4,구조검사 통과 시 유지,high_cps,18.035563082133784,21.94,P4,회귀검사 통과 시 유지
ABF-169,기준본,875,"01:58:52,130 --> 01:58:52,990",0.86,"잠깐, 뭐야?",음…,손으로도 움직이면서 하고 있어?,반응형,,,,,25.0,30.0,50.0,78.0,75.0,0.42108,0.0,58.0,0.0,0.0,0.5181,"아, 아... 뭐야?","아, 아… 뭐야?",,31.47,T4,구조검사 통과 시 유지,,42.08298052497883,35.93,P4,회귀검사 통과 시 유지
ABF-169,기준본,876,"02:01:38,630 --> 02:01:40,930",2.3,손으로도 움직이면서 하고 있어?,"잠깐, 뭐야?",가게 할 때는 어떻게 해?,반응형,,,,,25.0,30.0,50.0,78.0,79.0,0.8924,0.0,58.0,0.0,0.0,0.449,여러 곳을 움직이면서 할까?,손도 같이 움직여 볼까?,타임스탬프 사진과 장면 흐름으로 명백한 오인식 교정,51.5,T3,화자·문맥·자연스러움 집중 검토,,98.7298899237934,71.34,P2,앞뒤 5블록·사진·오류 기억을 함께 검토
ABF-169,기준본,877,"02:02:25,090 --> 02:02:26,930",1.84,가게 할 때는 어떻게 해?,손으로도 움직이면서 하고 있어?,가게 할 때처럼 좀 해봐.,반응형,,,,,25.0,30.0,50.0,78.0,75.0,0.70603,0.0,58.0,0.0,0.0,0.3711,어떻게 먹는 게 좋아?,어떻게 해 주는 게 좋아?,일본어 원문 대조 + 자연스러운 한국어 대사 교정,43.43,T3,화자·문맥·자연스러움 집중 검토,,84.29297205757833,60.59,P2,앞뒤 5블록·사진·오류 기억을 함께 검토
ABF-169,기준본,878,"02:02:27,610 --> 02:02:30,170",2.56,가게 할 때처럼 좀 해봐.,가게 할 때는 어떻게 해?,이렇게 하는 거야.,반말형,,,,,25.0,30.0,50.0,78.0,75.0,0.71113,0.0,58.0,0.0,0.0,0.4337,가게 업소에서 서비스할 때처럼 해줘.,가게 업소에서 서비스할 때처럼 해 줘.,,43.65,T3,화자·문맥·자연스러움 집중 검토,,84.92802709568163,60.99,P2,앞뒤 5블록·사진·오류 기억을 함께 검토
ABF-169,기준본,879,"02:02:36,350 --> 02:02:36,630",0.28,이렇게 하는 거야.,가게 할 때처럼 좀 해봐.,이렇게?,반말형,,,,,25.0,30.0,50.0,78.0,75.0,0.62556,0.0,58.0,70.0,0.0,0.5061,나는 이렇게 하는 편이야.,나는 이렇게 만지는 편이야.,손상된 일본어 ASR + 타임스탬프 사진 + 앞뒤 문맥 추론,47.05,T3,화자·문맥·자연스러움 집중 검토,high_cps,92.84504657070279,66.28,P2,앞뒤 5블록·사진·오류 기억을 함께 검토
ABF-169,기준본,880,"02:02:39,690 --> 02:02:41,150",1.46,이렇게?,이렇게 하는 거야.,좀 더 해볼게.,중립·혼합형,,,,,25.0,30.0,50.0,78.0,75.0,0.40377,0.0,58.0,0.0,0.0,0.2317,이렇게...,이렇게…,,30.74,T4,구조검사 통과 시 유지,,39.37341236240474,34.37,P4,회귀검사 통과 시 유지
ABF-169,기준본,881,"02:02:48,800 --> 02:02:49,640",0.84,좀 더 해볼게.,이렇게?,먼저 이렇게 깊이 물어봐.,반말형,,,,,25.0,30.0,50.0,78.0,75.0,0.66171,0.0,58.0,0.0,0.0,0.4424,확인해볼게.,확인해 볼게.,,41.57,T3,화자·문맥·자연스러움 집중 검토,,79.42421676545301,57.47,P3,말투·질문응답·가독성 위주 검토
ABF-169,기준본,882,"02:03:08,830 --> 02:03:10,090",1.26,먼저 이렇게 깊이 물어봐.,좀 더 해볼게.,숨 크게 쉬어봐.,반응형,,,,,25.0,30.0,50.0,78.0,75.0,0.82743,0.0,58.0,0.0,0.0,0.2563,조금씩 맛보면서 나한테 물어봐...,조금씩 맛보면서 어디가 좋은지 말해 줘…,,48.53,T3,화자·문맥·자연스러움 집중 검토,,95.68162574089754,68.33,P2,앞뒤 5블록·사진·오류 기억을 함께 검토
ABF-169,기준본,883,"02:03:54,400 --> 02:03:54,920",0.52,숨 크게 쉬어봐.,먼저 이렇게 깊이 물어봐.,"아, 갈 것 같아…",반응형,,,,,25.0,30.0,50.0,78.0,75.0,0.5431,0.0,58.0,0.0,0.0,0.219,더 크게 만들려고.,진짜 더 커졌네.,,36.59,T3,화자·문맥·자연스러움 집중 검토,,61.26164267569856,46.95,P3,말투·질문응답·가독성 위주 검토
ABF-169,기준본,884,"02:03:54,920 --> 02:03:56,980",2.06,"아, 갈 것 같아…",숨 크게 쉬어봐.,응.,반응형,,,,,25.0,30.0,50.0,78.0,75.0,0.42799,0.0,58.0,0.0,0.0,0.5012,갈 것 같아.,진짜 갈 것 같아.,일본어 원문 대조 + 자연스러운 한국어 대사 교정,31.76,T4,구조검사 통과 시 유지,,42.760372565622355,36.38,P4,회귀검사 통과 시 유지
ABF-169,기준본,885,"02:04:21,200 --> 02:04:21,500",0.3,응.,"아, 갈 것 같아…",갑자기 와버렸어.,반응형,,,,,25.0,30.0,50.0,78.0,75.0,0.07891,0.0,58.0,0.0,0.0,0.467,"하-, 응.",하아… 응.,,17.09,T4,구조검사 통과 시 유지,,1.6934801016088061,10.62,P4,회귀검사 통과 시 유지
ABF-169,기준본,886,"02:04:29,660 --> 02:04:33,360",3.7,갑자기 와버렸어.,응.,굉장해.,반응형,,,,,25.0,30.0,50.0,78.0,75.0,0.49847,0.0,58.0,0.0,0.0,0.3365,"아, 가 버렸어.",끈이 아직 남아 있어요.,일본어 원문 + 타임스탬프 사진 + 장면 연속성,34.72,T4,구조검사 통과 시 유지,,54.78408128704487,43.15,P3,말투·질문응답·가독성 위주 검토
ABF-169,기준본,887,"02:04:37,160 --> 02:04:37,840",0.68,굉장해.,갑자기 와버렸어.,이거 아니야?,반말형,,,,,25.0,30.0,50.0,78.0,75.0,0.32145,42.0,58.0,0.0,0.0,1.0,굉장해. 굉장해.,엄청나. 진짜 엄청나.,,34.84,T4,구조검사 통과 시 유지,,55.2497883149873,43.41,P3,말투·질문응답·가독성 위주 검토
ABF-169,기준본,888,"02:04:43,620 --> 02:04:45,900",2.28,이거 아니야?,굉장해.,응.,반응형,,,,,25.0,30.0,50.0,78.0,75.0,0.50755,1.78,58.0,0.0,0.0,0.6648,온천 아니야?,뭔가…,일본어 원문 + 타임스탬프 사진 + 장면 연속성,35.42,T3,화자·문맥·자연스러움 집중 검토,,56.77392040643523,44.39,P3,말투·질문응답·가독성 위주 검토
ABF-169,기준본,889,"02:04:46,300 --> 02:04:46,500",0.2,응.,이거 아니야?,"와, 정액 범벅이네.",반응형,,,,,25.0,30.0,50.0,78.0,75.0,0.10674,0.0,58.0,0.0,0.0,0.467,"하-, 응.",하아… 응.,,18.26,T4,구조검사 통과 시 유지,,2.8365791701947503,11.78,P4,회귀검사 통과 시 유지
ABF-169,기준본,890,"02:04:48,900 --> 02:04:50,500",1.6,"와, 정액 범벅이네.",응.,가까워.,반말형,,,,,25.0,30.0,50.0,78.0,75.0,0.58373,0.0,58.0,0.0,0.0,0.1789,"와, 짱이다.","와, 아담하다.",일본어 원문 + 타임스탬프 사진 + 장면 연속성,38.3,T3,화자·문맥·자연스러움 집중 검토,,67.56985605419136,50.59,P3,말투·질문응답·가독성 위주 검토
ABF-169,기준본,891,"02:05:10,100 --> 02:05:11,060",0.96,가까워.,"와, 정액 범벅이네.",응.,중립·혼합형,,,,,25.0,30.0,50.0,78.0,75.0,0.34219,13.77,58.0,0.0,0.0,0.7648,귀여워. 가까워.,귀여워. 너무 가까워.,일본어 원문 대조 + 자연스러운 한국어 대사 교정,30.63,T4,구조검사 통과 시 유지,,38.69602032176122,34.02,P4,회귀검사 통과 시 유지
ABF-169,기준본,892,"02:05:16,210 --> 02:05:16,530",0.32,응.,가까워.,가깝다니까.,반응형,,,,,25.0,30.0,50.0,78.0,75.0,0.16166,0.0,58.0,0.0,0.0,0.467,"하-, 응.",하아… 응.,,20.57,T4,구조검사 통과 시 유지,,6.943268416596105,14.85,P4,회귀검사 통과 시 유지
ABF-169,기준본,893,"02:05:21,440 --> 02:05:22,320",0.88,가깝다니까.,응.,민낯인 채로 하고 있다고 생각하니까 좀 흥분해서.,중립·혼합형,,,,,25.0,30.0,50.0,78.0,75.0,0.40178,0.0,58.0,0.0,0.0,0.1456,"자, 더 해줄 테니까.","자, 더 해 줄 테니까.",,30.65,T4,구조검사 통과 시 유지,,38.950042337002536,34.14,P4,회귀검사 통과 시 유지
ABF-169,기준본,894,"02:05:23,340 --> 02:05:26,460",3.12,민낯인 채로 하고 있다고 생각하니까 좀 흥분해서.,가깝다니까.,엄청 깊이 닿았어.,반말형,,,,,25.0,30.0,50.0,78.0,75.0,0.87484,0.0,58.0,0.0,0.0,0.1604,얼굴 보니까 또 흥분해 버렸어.,얼굴 보니까 또 서버렸어.,,50.52,T3,화자·문맥·자연스러움 집중 검토,,97.75613886536834,70.36,P2,앞뒤 5블록·사진·오류 기억을 함께 검토
ABF-169,기준본,895,"02:05:27,860 --> 02:05:28,760",0.9,엄청 깊이 닿았어.,민낯인 채로 하고 있다고 생각하니까 좀 흥분해서.,"민낯에 머리 올린 모습, 그런 느낌.",반응형,,,,,25.0,30.0,50.0,78.0,75.0,0.66825,42.0,58.0,0.0,0.0,1.0,엄청 깊이 닿았어.,엄청 많이 묻혔네.,,49.41,T3,화자·문맥·자연스러움 집중 검토,,96.61303979678239,69.24,P2,앞뒤 5블록·사진·오류 기억을 함께 검토
ABF-169,기준본,896,"02:05:40,880 --> 02:05:42,820",1.94,"민낯에 머리 올린 모습, 그런 느낌.",엄청 깊이 닿았어.,싫어.,중립·혼합형,,,,,25.0,30.0,50.0,78.0,75.0,0.78783,42.0,58.0,0.0,0.0,1.0,"민낯에 머리 올린 모습, 그런 느낌.","민낯에 정액 묻힌 모습, 이런 느낌.",,54.43,T3,화자·문맥·자연스러움 집중 검토,,99.40728196443692,73.32,P1,장면 패킷을 열고 후보 3개를 생성해 반증 검토
ABF-169,기준본,897,"02:05:45,060 --> 02:05:45,600",0.54,싫어.,"민낯에 머리 올린 모습, 그런 느낌.",앞머리도 없고.,반응형,,,,,25.0,30.0,50.0,78.0,75.0,0.28677,1.24,58.0,0.0,0.0,0.6603,"음-, 싫어.",음… 싫어.,,26.05,T4,구조검사 통과 시 유지,,21.676545300592718,24.21,P4,회귀검사 통과 시 유지
ABF-169,기준본,898,"02:05:46,080 --> 02:05:46,920",0.84,앞머리도 없고.,싫어.,싫어.,중립·혼합형,,,,,25.0,30.0,50.0,78.0,75.0,0.47263,0.0,58.0,0.0,0.0,0.2139,얘도 나도 애인이 없고...,얘도 나도 애인이 없고…,,33.63,T4,구조검사 통과 시 유지,,50.973751058425066,40.91,P3,말투·질문응답·가독성 위주 검토
ABF-169,기준본,899,"02:05:47,240 --> 02:05:47,820",0.58,싫어.,앞머리도 없고.,"가까워, 가까워.",반응형,,,,,25.0,30.0,50.0,78.0,75.0,0.36197,1.24,58.0,0.0,0.0,0.6603,"음-, 싫어.",음… 싫어.,,29.21,T4,구조검사 통과 시 유지,,32.85351397121084,30.74,P4,회귀검사 통과 시 유지
ABF-169,기준본,900,"02:05:55,460 --> 02:05:58,900",3.44,"가까워, 가까워.",싫어.,응.,중립·혼합형,,,,,25.0,30.0,50.0,78.0,75.0,0.46249,0.0,58.0,0.0,0.0,0.6069,귀여워. 가까워.,귀여워. 너무 가까워.,일본어 원문 대조 + 자연스러운 한국어 대사 교정,33.2,T4,구조검사 통과 시 유지,,48.81456392887383,39.76,P4,회귀검사 통과 시 유지
ABF-169,기준본,901,"02:05:59,280 --> 02:05:59,740",0.46,응.,"가까워, 가까워.",응.,반응형,,,,,25.0,30.0,50.0,78.0,75.0,0.12804,0.0,58.0,0.0,0.0,0.467,"하-, 응.",하아… 응.,,19.16,T4,구조검사 통과 시 유지,,5.122777307366638,13.26,P4,회귀검사 통과 시 유지
ABF-169,기준본,902,"02:06:04,460 --> 02:06:04,920",0.46,응.,응.,잘까.,반응형,,,,,25.0,30.0,50.0,78.0,75.0,0.13043,0.0,58.0,0.0,0.0,0.467,"하-, 응.",하아… 응.,,19.26,T4,구조검사 통과 시 유지,,5.334462320067739,13.41,P4,회귀검사 통과 시 유지
ABF-169,기준본,903,"02:06:05,960 --> 02:06:06,460",0.5,잘까.,응.,정액 묻은 채로 그냥 잘까?,중립·혼합형,,,,,25.0,30.0,50.0,78.0,75.0,0.35468,0.0,58.0,0.0,0.0,0.412,조금만 더 잘까...,조금만 더 잘까…,,28.68,T4,구조검사 통과 시 유지,,31.16003386960203,29.72,P4,회귀검사 통과 시 유지
ABF-169,기준본,904,"02:06:06,860 --> 02:06:08,260",1.4,정액 묻은 채로 그냥 잘까?,잘까.,내일 아침엔 피부에서 광이 나겠네.,중립·혼합형,,,,,25.0,30.0,50.0,78.0,75.0,0.69856,0.0,58.0,0.0,0.0,0.3513,낮잠 좀 잘까?,들어갔어.,일본어 원문 + 타임스탬프 사진 + 장면 연속성,43.12,T3,화자·문맥·자연스러움 집중 검토,,83.02286198137172,59.88,P2,앞뒤 5블록·사진·오류 기억을 함께 검토
ABF-169,기준본,905,"02:06:09,780 --> 02:06:10,720",0.94,내일 아침엔 피부에서 광이 나겠네.,정액 묻은 채로 그냥 잘까?,그치.,반응형,,,,,25.0,30.0,50.0,78.0,75.0,0.72823,0.0,58.0,0.0,0.0,0.0983,자 버리겠네.,또 가 버리겠네.,사진 장면 확인 및 한국어 번역투·ASR 오역 교정,44.37,T3,화자·문맥·자연스러움 집중 검토,,86.70618120237087,62.15,P2,앞뒤 5블록·사진·오류 기억을 함께 검토
ABF-169,기준본,906,"02:06:11,140 --> 02:06:11,220",0.08,그치.,내일 아침엔 피부에서 광이 나겠네.,내일 아침이면.,중립·혼합형,,,,,25.0,30.0,50.0,78.0,75.0,0.26784,0.0,58.0,70.0,0.0,0.1267,우리도 그러고 싶죠. 그치?,저희도 그러고 싶어요. 그렇지?,한국어 자연화,32.03,T4,구조검사 통과 시 유지,high_cps,43.81879762912786,36.98,P4,회귀검사 통과 시 유지
ABF-169,기준본,907,"02:06:11,360 --> 02:06:12,220",0.86,내일 아침이면.,그치.,응.,반응형,,,,,25.0,30.0,50.0,78.0,75.0,0.37793,0.0,58.0,0.0,0.0,0.1847,매우 깊은 아침이 왔습니다.,[불명],,29.65,T4,구조검사 통과 시 유지,,34.419983065198984,31.65,P4,회귀검사 통과 시 유지
ABF-169,기준본,908,"02:06:12,440 --> 02:06:12,480",0.04,응.,내일 아침이면.,가깝다니까.,반응형,,,,,25.0,30.0,50.0,78.0,75.0,0.09705,0.0,58.0,70.0,0.0,0.467,"하-, 응.",하아… 응.,,24.86,T4,구조검사 통과 시 유지,high_cps,18.458933107535984,22.17,P4,회귀검사 통과 시 유지
ABF-169,기준본,909,"02:06:14,500 --> 02:06:15,220",0.72,가깝다니까.,응.,"와, 진짜 반들반들해.",중립·혼합형,,,,,25.0,30.0,50.0,78.0,75.0,0.26194,0.0,58.0,0.0,0.0,0.1456,"자, 더 해줄 테니까.","자, 더 해 줄 테니까.",,24.78,T4,구조검사 통과 시 유지,,18.120237087214225,21.98,P4,회귀검사 통과 시 유지
ABF-169,기준본,910,"02:06:15,400 --> 02:06:16,700",1.3,"와, 진짜 반들반들해.",가깝다니까.,발그레하니 붉은 기가 도네.,반말형,,,,,25.0,30.0,50.0,78.0,75.0,0.53186,0.0,58.0,0.0,0.0,0.1624,진짜 엄청 좋아...,진짜 엄청 좋아…,,36.12,T3,화자·문맥·자연스러움 집중 검토,,58.76375952582558,45.63,P3,말투·질문응답·가독성 위주 검토
ABF-169,기준본,911,"02:06:16,700 --> 02:06:19,220",2.52,발그레하니 붉은 기가 도네.,"와, 진짜 반들반들해.",좋아.,반말형,,,,,25.0,30.0,50.0,78.0,75.0,0.5637,0.0,58.0,0.0,0.0,0.057,여기가 어디지...?,여기가 어디지…?,,37.46,T3,화자·문맥·자연스러움 집중 검토,,65.02963590177815,49.04,P3,말투·질문응답·가독성 위주 검토
ABF-169,기준본,912,"02:06:23,600 --> 02:06:23,940",0.34,좋아.,발그레하니 붉은 기가 도네.,좋아.,반응형,,,,,25.0,30.0,50.0,78.0,75.0,0.15946,19.71,58.0,0.0,0.0,0.8142,"아, 좋아.","아, 들어온다.",,24.02,T4,구조검사 통과 시 유지,,15.918712955122777,20.62,P4,회귀검사 통과 시 유지
ABF-169,기준본,913,"02:06:28,880 --> 02:06:29,480",0.6,좋아.,좋아.,강 좋네.,반응형,,,,,25.0,30.0,50.0,78.0,75.0,0.23571,19.71,58.0,0.0,0.0,0.8142,"아, 좋아.","아, 들어온다.",,27.23,T4,구조검사 통과 시 유지,,25.06350550381033,26.32,P4,회귀검사 통과 시 유지
ABF-169,기준본,914,"02:06:30,920 --> 02:06:31,720",0.8,강 좋네.,좋아.,강 보고 있네.,반말형,,,,,25.0,30.0,50.0,78.0,75.0,0.46701,16.94,58.0,0.0,0.0,0.7911,좋네.,좋아.,일본어 원문 대조 + 자연스러운 한국어 대사 교정,36.44,T3,화자·문맥·자연스러움 집중 검토,,60.033869602032176,46.35,P3,말투·질문응답·가독성 위주 검토
ABF-169,기준본,915,"02:06:33,580 --> 02:06:34,920",1.34,강 보고 있네.,강 좋네.,강 느낌 좋지 않아요? 물살은 좀 무섭지만.,반말형,,,,,25.0,30.0,50.0,78.0,75.0,0.57596,0.0,58.0,0.0,0.0,0.3897,제대로 돼 있네.,제대로 가려지네.,일본어 원문 대조 + 자연스러운 한국어 대사 교정,37.97,T3,화자·문맥·자연스러움 집중 검토,,66.3844199830652,49.9,P3,말투·질문응답·가독성 위주 검토
ABF-169,기준본,916,"02:06:38,220 --> 02:06:42,500",4.28,강 느낌 좋지 않아요? 물살은 좀 무섭지만.,강 보고 있네.,강의 매력이 뭐예요?,반말형,,,,,25.0,30.0,50.0,78.0,75.0,0.78637,0.0,58.0,0.0,0.0,0.2199,좋지 않아...,좋지 않아…,,46.81,T3,화자·문맥·자연스러움 집중 검토,,92.37933954276038,65.95,P2,앞뒤 5블록·사진·오류 기억을 함께 검토
ABF-169,기준본,917,"02:06:42,960 --> 02:06:45,620",2.66,강의 매력이 뭐예요?,강 느낌 좋지 않아요? 물살은 좀 무섭지만.,"강의 매력? 글쎄, 물소리.",존댓말형,,,,,25.0,30.0,50.0,78.0,75.0,0.50614,0.0,58.0,0.0,18.0,0.1226,몇 킬로 정도예요? 시속.,시속 몇 킬로쯤이에요?,일본어 원문 대조 + 자연스러운 한국어 대사 교정,36.48,T3,화자·문맥·자연스러움 집중 검토,formality_shift,60.37256562235393,46.51,P3,말투·질문응답·가독성 위주 검토
ABF-169,기준본,918,"02:06:46,420 --> 02:06:49,660",3.24,"강의 매력? 글쎄, 물소리.",강의 매력이 뭐예요?,물소리?,중립·혼합형,,,,,25.0,30.0,50.0,78.0,75.0,0.59739,0.0,58.0,0.0,0.0,0.0862,글쎄... 조금 더 해봐야 알 것 같아.,글쎄… 조금 더 해 봐야 알 것 같아.,,38.87,T3,화자·문맥·자연스러움 집중 검토,,69.77138018628281,51.85,P3,말투·질문응답·가독성 위주 검토
ABF-169,기준본,919,"02:06:49,980 --> 02:06:50,600",0.62,물소리?,"강의 매력? 글쎄, 물소리.",힐링돼.,중립·혼합형,,,,,25.0,30.0,50.0,78.0,75.0,0.31527,0.0,58.0,0.0,0.0,0.0385,소리가 다 들려.,소리가 다 들리네.,손상된 일본어 ASR + 타임스탬프 사진 + 앞뒤 문맥 추론,27.02,T4,구조검사 통과 시 유지,,24.386113463166808,25.91,P4,회귀검사 통과 시 유지
ABF-169,기준본,920,"02:06:55,040 --> 02:06:56,260",1.22,힐링돼.,물소리?,힐링돼?,중립·혼합형,,,,,25.0,30.0,50.0,78.0,75.0,0.23814,0.0,58.0,0.0,0.0,0.1526,안 돼.,"네, 놀랐어요.",타임스탬프 사진과 앞뒤 장면으로 대사 기능 복원,23.78,T4,구조검사 통과 시 유지,,15.325994919559696,20.23,P4,회귀검사 통과 시 유지
ABF-169,기준본,921,"02:06:56,760 --> 02:06:57,340",0.58,힐링돼?,힐링돼.,보고 있었어.,중립·혼합형,,,,,25.0,30.0,50.0,78.0,75.0,0.28514,0.0,58.0,0.0,0.0,0.1148,더 해줘도 돼?,더 해 줘도 돼?,,25.76,T4,구조검사 통과 시 유지,,21.083827265029637,23.8,P4,회귀검사 통과 시 유지
ABF-169,기준본,922,"02:06:57,340 --> 02:06:58,620",1.28,보고 있었어.,힐링돼?,그래도 좋네.,반응형,,,,,25.0,30.0,50.0,78.0,75.0,0.55196,1.32,58.0,0.0,0.0,0.661,누워 있었어.,더 뿜어봐.,,37.2,T3,화자·문맥·자연스러움 집중 검토,,64.14055884843353,48.52,P3,말투·질문응답·가독성 위주 검토
ABF-169,기준본,923,"02:07:00,460 --> 02:07:01,660",1.2,그래도 좋네.,보고 있었어.,오리가 있어.,반말형,,,,,25.0,30.0,50.0,78.0,75.0,0.57512,5.93,58.0,0.0,0.0,0.6994,좋네.,좋아.,일본어 원문 대조 + 자연스러운 한국어 대사 교정,39.0,T3,화자·문맥·자연스러움 집중 검토,,70.44877222692634,52.21,P3,말투·질문응답·가독성 위주 검토
ABF-169,기준본,924,"02:07:08,050 --> 02:07:09,050",1.0,오리가 있어.,그래도 좋네.,"응, 오리 있네.",반응형,,,,,25.0,30.0,50.0,78.0,75.0,0.61086,0.0,58.0,0.0,0.0,0.3573,뒤에 있어.,뒤쪽도 보여 줘.,일본어 원문 대조 + 자연스러운 한국어 대사 교정,39.44,T3,화자·문맥·자연스러움 집중 검토,,72.43861134631669,53.3,P3,말투·질문응답·가독성 위주 검토
ABF-169,기준본,925,"02:07:10,490 --> 02:07:11,770",1.28,"응, 오리 있네.",오리가 있어.,먹고 싶다든가 그런 거 아니에요?,반응형,,,,,25.0,30.0,50.0,78.0,75.0,0.50061,0.0,58.0,0.0,0.0,0.3675,제대로 돼 있네.,제대로 가려지네.,일본어 원문 대조 + 자연스러운 한국어 대사 교정,34.81,T4,구조검사 통과 시 유지,,55.12277730736665,43.34,P3,말투·질문응답·가독성 위주 검토
ABF-169,기준본,926,"02:07:14,610 --> 02:07:15,930",1.32,먹고 싶다든가 그런 거 아니에요?,"응, 오리 있네.",오리 좋아해.,반응형,,,,,25.0,30.0,50.0,78.0,75.0,0.62065,0.0,58.0,0.0,0.0,0.244,"손이 아니라, 손은 아니에요.",손 말고 혀로 해 주세요.,사진 장면 확인 및 한국어 번역투·ASR 오역 교정,39.85,T3,화자·문맥·자연스러움 집중 검토,,74.13209144792549,54.25,P3,말투·질문응답·가독성 위주 검토
ABF-169,기준본,927,"02:07:16,210 --> 02:07:17,010",0.8,오리 좋아해.,먹고 싶다든가 그런 거 아니에요?,맛있어. 맛있고 귀엽고.,반응형,,,,,25.0,30.0,50.0,78.0,75.0,0.32982,0.0,58.0,0.0,0.0,0.6316,고환 좋아해.,불알 좋아해.,,27.63,T4,구조검사 통과 시 유지,,26.375952582557154,27.1,P4,회귀검사 통과 시 유지
ABF-169,기준본,928,"02:07:18,110 --> 02:07:20,310",2.2,맛있어. 맛있고 귀엽고.,오리 좋아해.,먹어도 맛있고.,반응형,,,,,25.0,30.0,50.0,78.0,75.0,0.47284,0.0,58.0,0.0,0.0,0.427,"음-, 맛있어.",음… 맛있어.,,33.64,T4,구조검사 통과 시 유지,,51.05842506350551,40.96,P3,말투·질문응답·가독성 위주 검토
ABF-169,기준본,929,"02:07:21,390 --> 02:07:22,930",1.54,먹어도 맛있고.,맛있어. 맛있고 귀엽고.,봐도 귀엽고.,반응형,,,,,25.0,30.0,50.0,78.0,75.0,0.45684,0.0,58.0,0.0,0.0,0.4045,"진짜 맛있지. 맛도 있고 귀엽기도 하고. 요리해 먹어도 맛있고,",진짜 맛있지. 맛도 있고 귀엽기도 하고. 요리해 먹어도 맛있고,,32.97,T4,구조검사 통과 시 유지,,47.84081287044877,39.22,P4,회귀검사 통과 시 유지
ABF-169,기준본,930,"02:07:24,410 --> 02:07:25,730",1.32,봐도 귀엽고.,먹어도 맛있고.,앨리스잖아.,중립·혼합형,,,,,25.0,30.0,50.0,78.0,75.0,0.47782,0.0,58.0,0.0,0.0,0.1644,"아, 한 번 그걸 해 봐도 되겠네요. 뒤돌아서 하는 자세요.","아, 그 자세도 해 보면 되겠네요. 뒤돌아서 하는 자세예요.",자세 설명의 번역투 제거,33.85,T4,구조검사 통과 시 유지,,52.159187129551235,41.54,P3,말투·질문응답·가독성 위주 검토
ABF-169,기준본,931,"02:07:26,090 --> 02:07:26,730",0.64,앨리스잖아.,봐도 귀엽고.,먹어도 맛있었어.,반응형,,,,,25.0,30.0,50.0,78.0,75.0,0.37329,42.0,58.0,0.0,0.0,1.0,앨리스잖아.,앨리스도 그렇잖아.,,37.02,T3,화자·문맥·자연스러움 집중 검토,,62.87044877222693,47.88,P3,말투·질문응답·가독성 위주 검토
ABF-169,기준본,932,"02:07:28,990 --> 02:07:30,670",1.68,먹어도 맛있었어.,앨리스잖아.,먹어도 맛있었어.,반응형,,,,,25.0,30.0,50.0,78.0,75.0,0.41002,0.0,58.0,0.0,0.0,0.3284,누워 있었어.,더 뿜어봐.,,31.0,T4,구조검사 통과 시 유지,,40.008467400508046,34.78,P4,회귀검사 통과 시 유지
ABF-169,기준본,933,"02:07:31,090 --> 02:07:31,770",0.68,먹어도 맛있었어.,먹어도 맛있었어.,대박.,반응형,,,,,25.0,30.0,50.0,78.0,75.0,0.41926,0.0,58.0,0.0,0.0,0.3284,누워 있었어.,더 뿜어봐.,,31.39,T4,구조검사 통과 시 유지,,41.57493649449619,35.67,P4,회귀검사 통과 시 유지
ABF-169,기준본,934,"02:07:48,480 --> 02:07:49,100",0.62,대박.,먹어도 맛있었어.,오리가 나와버렸어.,중립·혼합형,,,,,25.0,30.0,50.0,78.0,75.0,0.25472,5.12,58.0,0.0,0.0,0.6927,에~ 대박.,에… 대박.,,25.4,T4,구조검사 통과 시 유지,,19.89839119390347,23.09,P4,회귀검사 통과 시 유지
ABF-169,기준본,935,"02:07:49,220 --> 02:07:49,660",0.44,오리가 나와버렸어.,대박.,앨리스.,반응형,,,,,25.0,30.0,50.0,78.0,75.0,0.53327,0.0,58.0,32.27,0.0,0.335,"아, 가 버렸어.",끈이 아직 남아 있어요.,일본어 원문 + 타임스탬프 사진 + 장면 연속성,39.4,T3,화자·문맥·자연스러움 집중 검토,high_cps,72.14225232853514,53.15,P3,말투·질문응답·가독성 위주 검토
ABF-169,기준본,936,"02:07:49,920 --> 02:07:53,660",3.74,앨리스.,오리가 나와버렸어.,돌아갈까요?,중립·혼합형,,,,,25.0,30.0,50.0,78.0,75.0,0.34543,0.0,58.0,0.0,0.0,0.3134,앨리스잖아.,앨리스도 그렇잖아.,,28.29,T4,구조검사 통과 시 유지,,29.466553767993226,28.78,P4,회귀검사 통과 시 유지
ABF-169,기준본,937,"02:07:54,980 --> 02:07:55,820",0.84,돌아갈까요?,앨리스.,오리 먹고 싶어.,반응형,,,,,25.0,30.0,50.0,78.0,75.0,0.24115,0.0,58.0,0.0,0.0,0.1475,우리는 누구일까요?,[불명],,23.91,T4,구조검사 통과 시 유지,,15.749364944961897,20.48,P4,회귀검사 통과 시 유지
ABF-169,기준본,938,"02:07:55,820 --> 02:07:56,480",0.66,오리 먹고 싶어.,돌아갈까요?,오리 먹고 싶어?,반응형,,,,,25.0,30.0,50.0,78.0,75.0,0.36056,0.0,58.0,0.0,0.0,0.4446,넣고 싶어.,빨리 넣고 싶어.,일본어 원문 대조 + 자연스러운 한국어 대사 교정,28.92,T4,구조검사 통과 시 유지,,31.964436917866212,30.2,P4,회귀검사 통과 시 유지
ABF-169,기준본,939,"02:07:57,080 --> 02:07:57,660",0.58,오리 먹고 싶어?,오리 먹고 싶어.,"좀 잡자, 잡자.",반응형,,,,,25.0,30.0,50.0,78.0,75.0,0.46291,0.0,58.0,0.0,0.0,0.4824,잘 빨고 싶어?,계속 빨고 싶어?,일본어 원문 대조 + 자연스러운 한국어 대사 교정,33.22,T4,구조검사 통과 시 유지,,48.9415749364945,39.82,P4,회귀검사 통과 시 유지
ABF-169,기준본,940,"02:07:57,660 --> 02:07:59,580",1.92,"좀 잡자, 잡자.",오리 먹고 싶어?,잡자.,중립·혼합형,,,,,25.0,30.0,50.0,78.0,75.0,0.39087,0.0,58.0,0.0,0.0,0.171,좀 쉬자.,이제 물에 들어가자.,일본어 원문 + 타임스탬프 사진 + 장면 연속성,30.2,T4,구조검사 통과 시 유지,,36.91786621507197,33.02,P4,회귀검사 통과 시 유지
ABF-169,기준본,941,"02:08:01,360 --> 02:08:02,140",0.78,잡자.,"좀 잡자, 잡자.","꽤, 대단하네.",중립·혼합형,,,,,25.0,30.0,50.0,78.0,75.0,0.32181,0.0,58.0,0.0,0.0,0.1729,잘 자.,조금만 천천히…,타임스탬프 사진으로 장면 불일치 확인 후 재복원,27.3,T4,구조검사 통과 시 유지,,25.40220152413209,26.5,P4,회귀검사 통과 시 유지
ABF-169,기준본,942,"02:08:03,580 --> 02:08:05,900",2.32,"꽤, 대단하네.",잡자.,꽤 육식파네.,반말형,,,,,25.0,30.0,50.0,78.0,75.0,0.47424,19.28,58.0,0.0,0.0,0.8107,대단하네.,땀이 엄청나네.,손상된 일본어 ASR + 타임스탬프 사진 + 앞뒤 문맥 추론,37.17,T3,화자·문맥·자연스러움 집중 검토,,63.971210838272654,48.43,P3,말투·질문응답·가독성 위주 검토
ABF-169,기준본,943,"02:08:06,360 --> 02:08:08,820",2.46,꽤 육식파네.,"꽤, 대단하네.",의외로 말이야.,반말형,,,,,25.0,30.0,50.0,78.0,75.0,0.52896,0.0,58.0,0.0,0.0,0.0979,이제 꽤 했으니 잠깐 쉬어요.,이제 꽤 했으니 잠깐 쉬자.,사진 장면 확인 및 한국어 번역투·ASR 오역 교정,36.0,T3,화자·문맥·자연스러움 집중 검토,,58.509737510584245,45.45,P3,말투·질문응답·가독성 위주 검토
ABF-169,기준본,944,"02:08:08,940 --> 02:08:10,240",1.3,의외로 말이야.,꽤 육식파네.,머리가 초록색.,반말형,,,,,25.0,30.0,50.0,78.0,75.0,0.55553,0.0,58.0,0.0,0.0,0.5353,유두 말이야.,젖꼭지 말이야.,,37.11,T3,화자·문맥·자연스러움 집중 검토,,63.50550381033023,48.2,P3,말투·질문응답·가독성 위주 검토
ABF-169,기준본,945,"02:08:11,860 --> 02:08:12,660",0.8,머리가 초록색.,의외로 말이야.,어느 쪽이 수컷인가요?,중립·혼합형,,,,,25.0,30.0,50.0,78.0,75.0,0.5926,0.0,58.0,0.0,0.0,0.0966,머리에 피가 쏠려서 말이야.,하아… 안 돼…,타임스탬프 사진으로 장면 불일치 확인 후 재복원,38.67,T3,화자·문맥·자연스러움 집중 검토,,68.79762912785775,51.32,P3,말투·질문응답·가독성 위주 검토
ABF-169,기준본,946,"02:08:13,860 --> 02:08:15,780",1.92,어느 쪽이 수컷인가요?,머리가 초록색.,머리가 초록색인 게 수컷이었나요?,반응형,,,,,25.0,30.0,50.0,78.0,75.0,0.64029,0.0,58.0,0.0,0.0,0.336,안은 어느 쪽이 좋아?,안에서는 어디가 좋아?,일본어 원문 대조 + 자연스러운 한국어 대사 교정,40.67,T3,화자·문맥·자연스러움 집중 검토,,76.71464860287892,55.81,P3,말투·질문응답·가독성 위주 검토
ABF-169,기준본,947,"02:08:16,080 --> 02:08:17,620",1.54,머리가 초록색인 게 수컷이었나요?,어느 쪽이 수컷인가요?,머리가 초록색인 게 수컷?,존댓말형,,,,,25.0,30.0,50.0,78.0,75.0,0.71226,0.0,58.0,0.0,0.0,0.0964,저는 무엇을 움직이나요?,어떻게 움직이면 돼?,의미가 깨진 질문을 장면에 맞게 교정,43.69,T3,화자·문맥·자연스러움 집중 검토,,85.09737510584252,61.08,P2,앞뒤 5블록·사진·오류 기억을 함께 검토
ABF-169,기준본,948,"02:08:19,700 --> 02:08:20,760",1.06,머리가 초록색인 게 수컷?,머리가 초록색인 게 수컷이었나요?,초록색 아니야?,중립·혼합형,,,,,25.0,30.0,50.0,78.0,75.0,0.70249,0.0,58.0,0.0,0.0,0.0775,머리에 피가 쏠려서 말이야.,하아… 안 돼…,타임스탬프 사진으로 장면 불일치 확인 후 재복원,43.28,T3,화자·문맥·자연스러움 집중 검토,,83.6155800169348,60.22,P2,앞뒤 5블록·사진·오류 기억을 함께 검토
ABF-169,기준본,949,"02:08:22,140 --> 02:08:22,960",0.82,초록색 아니야?,머리가 초록색인 게 수컷?,그러네.,반응형,,,,,25.0,30.0,50.0,78.0,75.0,0.57308,0.0,58.0,0.0,0.0,0.521,온천 아니야?,뭔가…,일본어 원문 + 타임스탬프 사진 + 장면 연속성,37.85,T3,화자·문맥·자연스러움 집중 검토,,66.13039796782387,49.73,P3,말투·질문응답·가독성 위주 검토
ABF-169,기준본,950,"02:08:23,420 --> 02:08:24,120",0.7,그러네.,초록색 아니야?,저쪽은 갈색이야.,반말형,,,,,25.0,30.0,50.0,78.0,75.0,0.34646,0.0,58.0,0.0,0.0,0.1516,그러게.,목욕하면서 이러는 거…,일본어 원문 + 타임스탬프 사진 + 장면 연속성,28.33,T4,구조검사 통과 시 유지,,29.635901778154107,28.88,P4,회귀검사 통과 시 유지
ABF-169,기준본,951,"02:08:24,120 --> 02:08:26,740",2.62,저쪽은 갈색이야.,그러네.,어느 쪽일까? 암컷이려나?,반말형,,,,,25.0,30.0,50.0,78.0,75.0,0.48458,0.0,58.0,0.0,0.0,0.1394,유두 말이야.,젖꼭지 말이야.,,34.13,T4,구조검사 통과 시 유지,,52.667231160033865,41.92,P3,말투·질문응답·가독성 위주 검토
ABF-169,기준본,952,"02:08:28,120 --> 02:08:29,660",1.54,어느 쪽일까? 암컷이려나?,저쪽은 갈색이야.,물어봐.,반응형,,,,,25.0,30.0,50.0,78.0,75.0,0.61855,0.0,58.0,0.0,0.0,0.1787,어느 쪽이야?,어디가 좋아?,손상된 일본어 ASR + 타임스탬프 사진 + 앞뒤 문맥 추론,39.76,T3,화자·문맥·자연스러움 집중 검토,,73.53937341236241,53.95,P3,말투·질문응답·가독성 위주 검토
ABF-169,기준본,953,"02:08:32,680 --> 02:08:33,540",0.86,물어봐.,어느 쪽일까? 암컷이려나?,어느 쪽?,반응형,,,,,25.0,30.0,50.0,78.0,75.0,0.38191,0.0,58.0,0.0,0.0,0.3831,조금씩 맛보면서 나한테 물어봐...,조금씩 맛보면서 어디가 좋은지 말해 줘…,,29.82,T4,구조검사 통과 시 유지,,35.266723116003384,32.11,P4,회귀검사 통과 시 유지
ABF-169,기준본,954,"02:08:33,780 --> 02:08:34,440",0.66,어느 쪽?,물어봐.,제대로 묻고 있네.,반응형,,,,,25.0,30.0,50.0,78.0,75.0,0.44197,0.0,58.0,0.0,0.0,0.3715,어느 쪽이야?,어디가 좋아?,손상된 일본어 ASR + 타임스탬프 사진 + 앞뒤 문맥 추론,32.34,T4,구조검사 통과 시 유지,,44.70787468247248,37.53,P4,회귀검사 통과 시 유지
ABF-169,기준본,955,"02:08:37,440 --> 02:08:38,760",1.32,제대로 묻고 있네.,어느 쪽?,남자일까? 여자일까.,반말형,,,,,25.0,30.0,50.0,78.0,75.0,0.57876,9.52,58.0,0.0,0.0,0.7293,제대로 돼 있네.,제대로 가려지네.,일본어 원문 대조 + 자연스러운 한국어 대사 교정,39.8,T3,화자·문맥·자연스러움 집중 검토,,73.83573243014393,54.1,P3,말투·질문응답·가독성 위주 검토
ABF-169,기준본,956,"02:08:38,900 --> 02:08:39,780",0.88,남자일까? 여자일까.,제대로 묻고 있네.,귀여워.,중립·혼합형,,,,,25.0,30.0,50.0,78.0,75.0,0.54291,0.0,58.0,0.0,0.0,0.0696,다리 좋아하는 남자.,다리 좋아하는 남자 많잖아.,일본어 원문 대조 + 자연스러운 한국어 대사 교정,36.58,T3,화자·문맥·자연스러움 집중 검토,,61.092294665537686,46.88,P3,말투·질문응답·가독성 위주 검토
ABF-169,기준본,957,"02:08:40,820 --> 02:08:41,500",0.68,귀여워.,남자일까? 여자일까.,맛있겠다.,중립·혼합형,,,,,25.0,30.0,50.0,78.0,75.0,0.26865,27.78,58.0,0.0,0.0,0.8815,엄청 귀여워.,매일 목욕해.,일본어 원문 + 타임스탬프 사진 + 장면 연속성,30.06,T4,구조검사 통과 시 유지,,36.07112616426757,32.58,P4,회귀검사 통과 시 유지
ABF-169,기준본,958,"02:08:42,780 --> 02:08:43,580",0.8,맛있겠다.,귀여워.,맛있겠다고 했어?,중립·혼합형,,,,,25.0,30.0,50.0,78.0,75.0,0.23493,0.0,58.0,0.0,0.0,0.17,맛있다.,바람 좋다.,일본어 원문 대조 + 자연스러운 한국어 대사 교정,23.65,T4,구조검사 통과 시 유지,,14.817950889077053,19.94,P4,회귀검사 통과 시 유지
ABF-169,기준본,959,"02:08:44,200 --> 02:08:45,000",0.8,맛있겠다고 했어?,맛있겠다.,완전 미친 것 같아. 섹스를 너무 많이 하면 이렇게 되나 봐.,반응형,,,,,25.0,30.0,50.0,78.0,75.0,0.42741,0.0,58.0,0.0,0.0,0.1611,부활했어?,다시 섰어?,일본어 원문 대조 + 자연스러운 한국어 대사 교정,31.73,T4,구조검사 통과 시 유지,,42.59102455546147,36.29,P4,회귀검사 통과 시 유지
ABF-169,기준본,960,"02:08:49,220 --> 02:08:53,680",4.46,완전 미친 것 같아. 섹스를 너무 많이 하면 이렇게 되나 봐.,맛있겠다고 했어?,들어가 있네.,중립·혼합형,,,,,25.0,30.0,50.0,78.0,75.0,0.89646,0.0,58.0,0.0,0.0,0.2946,갈 것 같아.,진짜 갈 것 같아.,일본어 원문 대조 + 자연스러운 한국어 대사 교정,51.43,T3,화자·문맥·자연스러움 집중 검토,,98.56054191363252,71.22,P2,앞뒤 5블록·사진·오류 기억을 함께 검토
ABF-169,기준본,961,"02:08:54,540 --> 02:08:55,160",0.62,들어가 있네.,완전 미친 것 같아. 섹스를 너무 많이 하면 이렇게 되나 봐.,귀여워.,반응형,,,,,25.0,30.0,50.0,78.0,75.0,0.55627,0.0,58.0,0.0,0.0,0.4404,"하아, 들어가 버려.",하아… 들어가.,일본어 원문 대조 + 자연스러운 한국어 대사 교정,37.14,T3,화자·문맥·자연스러움 집중 검토,,63.67485182049111,48.28,P3,말투·질문응답·가독성 위주 검토
ABF-169,기준본,962,"02:08:56,140 --> 02:08:56,760",0.62,귀여워.,들어가 있네.,섹스하느라 지쳤어?,중립·혼합형,,,,,25.0,30.0,50.0,78.0,75.0,0.36142,27.78,58.0,0.0,0.0,0.8815,엄청 귀여워.,매일 목욕해.,일본어 원문 + 타임스탬프 사진 + 장면 연속성,33.96,T4,구조검사 통과 시 유지,,52.32853513971211,41.67,P3,말투·질문응답·가독성 위주 검토
ABF-169,기준본,963,"02:08:57,040 --> 02:08:57,520",0.48,섹스하느라 지쳤어?,귀여워.,괜찮아?,반응형,,,,,25.0,30.0,50.0,78.0,75.0,0.5315,0.0,58.0,25.0,0.0,0.136,정말로 섹스하고 싶다고 생각했어서…,진짜 하고 싶었어.,일본어 원문 대조 + 자연스러운 한국어 대사 교정,38.6,T3,화자·문맥·자연스러움 집중 검토,borderline_cps,68.41659610499576,51.12,P3,말투·질문응답·가독성 위주 검토
ABF-169,기준본,964,"02:08:58,160 --> 02:08:58,540",0.38,괜찮아?,섹스하느라 지쳤어?,음…,반응형,,,,,25.0,30.0,50.0,78.0,75.0,0.21553,0.0,58.0,0.0,0.0,0.5267,더 해줘도 돼? 더 해줘. 괜찮아?,더 해 줘도 돼? 더 해 줘. 괜찮아?,,22.83,T4,구조검사 통과 시 유지,,12.701100762066044,18.58,P4,회귀검사 통과 시 유지
ABF-169,기준본,965,"02:08:59,060 --> 02:09:00,280",1.22,음…,괜찮아?,부족해?,중립·혼합형,,,,,25.0,30.0,50.0,78.0,75.0,0.07254,0.0,58.0,0.0,0.0,0.0945,음...,음…,,16.83,T4,구조검사 통과 시 유지,,1.3547840812870449,10.33,P4,회귀검사 통과 시 유지
ABF-169,기준본,966,"02:09:01,060 --> 02:09:01,400",0.34,부족해?,음…,조금 부족한가.,반말형,,,,,25.0,30.0,50.0,78.0,75.0,0.25801,0.0,58.0,0.0,0.0,0.1316,부족하지 않았어.,아직 부족하지?,손상된 일본어 ASR + 타임스탬프 사진 + 앞뒤 문맥 추론,24.62,T4,구조검사 통과 시 유지,,17.527519051651144,21.64,P4,회귀검사 통과 시 유지
ABF-169,기준본,967,"02:09:01,600 --> 02:09:02,540",0.94,조금 부족한가.,부족해?,조금 부족해.,중립·혼합형,,,,,25.0,30.0,50.0,78.0,75.0,0.53841,0.0,58.0,0.0,0.0,0.1767,조금 보이네.,조금은 보이는 것 같아.,일본어 원문 대조 + 자연스러운 한국어 대사 교정,36.39,T3,화자·문맥·자연스러움 집중 검토,,59.61049957662997,46.14,P3,말투·질문응답·가독성 위주 검토
ABF-169,기준본,968,"02:09:02,540 --> 02:09:02,940",0.4,조금 부족해.,조금 부족한가.,따뜻해…,반말형,,,,,25.0,30.0,50.0,78.0,75.0,0.61664,0.0,58.0,0.0,0.0,0.2073,조금 보이네.,조금은 보이는 것 같아.,일본어 원문 대조 + 자연스러운 한국어 대사 교정,39.68,T3,화자·문맥·자연스러움 집중 검토,,73.15834038950042,53.74,P3,말투·질문응답·가독성 위주 검토
ABF-169,기준본,969,"02:09:30,710 --> 02:09:31,210",0.5,따뜻해…,조금 부족해.,따뜻해…,반말형,,,,,25.0,30.0,50.0,78.0,75.0,0.35324,0.0,58.0,0.0,0.0,0.5979,따뜻해… 엄청 느껴지네요.,따뜻해… 안쪽까지 느껴져요.,,28.62,T4,구조검사 통과 시 유지,,30.990685859441154,29.62,P4,회귀검사 통과 시 유지
ABF-169,기준본,970,"02:09:32,850 --> 02:09:33,850",1.0,따뜻해…,따뜻해…,좋아.,반말형,,,,,25.0,30.0,50.0,78.0,75.0,0.27852,0.0,58.0,0.0,0.0,0.5979,따뜻해… 엄청 느껴지네요.,따뜻해… 안쪽까지 느껴져요.,,25.48,T4,구조검사 통과 시 유지,,20.11007620660457,23.22,P4,회귀검사 통과 시 유지
ABF-169,기준본,971,"02:09:33,850 --> 02:09:34,130",0.28,좋아.,따뜻해…,기분 좋네. 뭔가…,반응형,,,,,25.0,30.0,50.0,78.0,75.0,0.35952,19.71,58.0,0.0,0.0,0.8142,"아, 좋아.","아, 들어온다.",,32.43,T4,구조검사 통과 시 유지,,45.04657070279424,37.73,P4,회귀검사 통과 시 유지
ABF-169,기준본,972,"02:09:41,920 --> 02:09:43,540",1.62,기분 좋네. 뭔가…,좋아.,기분 좋아.,반말형,,,,,25.0,30.0,50.0,78.0,75.0,0.51489,0.0,58.0,0.0,0.0,0.5615,좋네.,좋아.,일본어 원문 대조 + 자연스러운 한국어 대사 교정,35.41,T3,화자·문맥·자연스러움 집중 검토,,56.60457239627434,44.31,P3,말투·질문응답·가독성 위주 검토
ABF-169,기준본,973,"02:09:43,540 --> 02:09:44,360",0.82,기분 좋아.,기분 좋네. 뭔가…,비가 와도 전혀 상관없네.,반응형,,,,,25.0,30.0,50.0,78.0,75.0,0.26735,42.0,58.0,0.0,0.0,1.0,기분 좋아.,"아, 좋아.",화면 영문 자막 대조,32.57,T4,구조검사 통과 시 유지,,46.147332768839966,38.27,P4,회귀검사 통과 시 유지
ABF-169,기준본,974,"02:09:44,620 --> 02:09:46,660",2.04,비가 와도 전혀 상관없네.,기분 좋아.,응.,반말형,,,,,25.0,30.0,50.0,78.0,79.0,0.65884,0.0,58.0,0.0,0.0,0.2383,"있잖아, 전혀 못 했잖아. 별거 없네.","있잖아, 아직 제대로 못 했잖아.",사진 장면 확인 및 한국어 번역투·ASR 오역 교정,41.69,T3,화자·문맥·자연스러움 집중 검토,,79.72057578323455,57.66,P3,말투·질문응답·가독성 위주 검토
ABF-169,기준본,975,"02:09:46,840 --> 02:09:46,940",0.1,응.,비가 와도 전혀 상관없네.,최고.,반응형,,,,,25.0,30.0,50.0,78.0,75.0,0.10573,0.0,58.0,30.0,0.0,0.467,"하-, 응.",하아… 응.,,21.22,T4,구조검사 통과 시 유지,high_cps,8.38272650296359,15.83,P4,회귀검사 통과 시 유지
ABF-169,기준본,976,"02:09:49,580 --> 02:09:50,040",0.46,최고.,응.,영차.,중립·혼합형,,,,,25.0,30.0,50.0,78.0,75.0,0.35045,0.0,58.0,0.0,0.0,0.1944,그거 최고야...,그거 최고야…,,28.5,T4,구조검사 통과 시 유지,,30.44030482641829,29.31,P4,회귀검사 통과 시 유지
ABF-169,기준본,977,"02:09:56,210 --> 02:09:56,810",0.6,영차.,최고.,기분 좋아.,중립·혼합형,,,,,25.0,30.0,50.0,78.0,75.0,0.26736,42.0,58.0,0.0,0.0,1.0,영차.,자.,타임스탬프 사진과 앞뒤 장면으로 대사 기능 복원,32.57,T4,구조검사 통과 시 유지,,46.147332768839966,38.27,P4,회귀검사 통과 시 유지
ABF-169,기준본,978,"02:10:02,580 --> 02:10:03,500",0.92,기분 좋아.,영차.,귀여워.,반응형,,,,,25.0,30.0,50.0,78.0,75.0,0.25359,42.0,58.0,0.0,0.0,1.0,기분 좋아.,"아, 좋아.",화면 영문 자막 대조,31.99,T4,구조검사 통과 시 유지,,43.649449618966976,36.89,P4,회귀검사 통과 시 유지
ABF-169,기준본,979,"02:10:04,300 --> 02:10:05,120",0.82,귀여워.,기분 좋아.,따뜻해.,중립·혼합형,,,,,25.0,30.0,50.0,78.0,75.0,0.27937,27.78,58.0,0.0,0.0,0.8815,엄청 귀여워.,매일 목욕해.,일본어 원문 + 타임스탬프 사진 + 장면 연속성,30.51,T4,구조검사 통과 시 유지,,38.10330228619814,33.7,P4,회귀검사 통과 시 유지
ABF-169,기준본,980,"02:10:06,000 --> 02:10:06,700",0.7,따뜻해.,귀여워.,"온천은, 얼마 만이야?",반말형,,,,,25.0,30.0,50.0,78.0,75.0,0.36152,42.0,58.0,0.0,0.0,1.0,따뜻해.,안 돼.,일본어 원문 + 타임스탬프 사진 + 장면 연속성,36.52,T3,화자·문맥·자연스러움 집중 검토,,60.79593564775614,46.72,P3,말투·질문응답·가독성 위주 검토
ABF-169,기준본,981,"02:10:08,000 --> 02:10:10,820",2.82,"온천은, 얼마 만이야?",따뜻해.,에에.,반말형,,,,,25.0,30.0,50.0,78.0,75.0,0.62252,0.0,58.0,0.0,25.0,0.1636,온천 아니야?,뭔가…,일본어 원문 + 타임스탬프 사진 + 장면 연속성,41.93,T3,화자·문맥·자연스러움 집중 검토,question_answer_checksum,80.18628281117697,58.0,P3,말투·질문응답·가독성 위주 검토
ABF-169,기준본,982,"02:10:11,420 --> 02:10:11,940",0.52,에에.,"온천은, 얼마 만이야?",진짜 엄청 오랜만.,중립·혼합형,,,,,25.0,30.0,50.0,78.0,75.0,0.32225,0.0,58.0,0.0,0.0,0.5082,에에...,에에…,,27.31,T4,구조검사 통과 시 유지,,25.486875529212533,26.54,P4,회귀검사 통과 시 유지
ABF-169,기준본,983,"02:10:13,340 --> 02:10:14,500",1.16,진짜 엄청 오랜만.,에에.,엄청 오랜만?,중립·혼합형,,,,,25.0,30.0,50.0,78.0,75.0,0.53788,0.0,58.0,0.0,0.0,0.3952,진짜 엄청 좋아...,진짜 엄청 좋아…,,36.37,T3,화자·문맥·자연스러움 집중 검토,,59.52582557154953,46.1,P3,말투·질문응답·가독성 위주 검토
ABF-169,기준본,984,"02:10:14,780 --> 02:10:15,560",0.78,엄청 오랜만?,진짜 엄청 오랜만.,엄청 오랜만?,중립·혼합형,,,,,25.0,30.0,50.0,78.0,75.0,0.4199,0.0,58.0,0.0,0.0,0.2573,오랜만이네...,오랜만이네…,,31.42,T4,구조검사 통과 시 유지,,41.871295512277726,35.81,P4,회귀검사 통과 시 유지
ABF-169,기준본,985,"02:10:16,780 --> 02:10:17,100",0.32,엄청 오랜만?,엄청 오랜만?,"전혀, 못 갔었으니까.",중립·혼합형,,,,,25.0,30.0,50.0,78.0,75.0,0.44803,0.0,58.0,25.0,0.0,0.2573,오랜만이네...,오랜만이네…,,35.1,T3,화자·문맥·자연스러움 집중 검토,borderline_cps,55.884843353090595,43.83,P3,말투·질문응답·가독성 위주 검토
ABF-169,기준본,986,"02:10:17,100 --> 02:10:18,520",1.42,"전혀, 못 갔었으니까.",엄청 오랜만?,따뜻해.,반응형,,,,,25.0,30.0,50.0,78.0,79.0,0.75436,0.0,58.0,0.0,0.0,0.3364,세게 깨물었으니까.,어느 쪽부터 베어 먹었을까?,,45.7,T3,화자·문맥·자연스러움 집중 검토,,90.3471634208298,64.45,P2,앞뒤 5블록·사진·오류 기억을 함께 검토
ABF-169,기준본,987,"02:10:22,340 --> 02:10:23,140",0.8,따뜻해.,"전혀, 못 갔었으니까.",조금…,반말형,,,,,25.0,30.0,50.0,78.0,75.0,0.31851,42.0,58.0,0.0,0.0,1.0,따뜻해.,안 돼.,일본어 원문 + 타임스탬프 사진 + 장면 연속성,34.72,T4,구조검사 통과 시 유지,,54.78408128704487,43.15,P3,말투·질문응답·가독성 위주 검토
ABF-169,기준본,988,"02:10:29,200 --> 02:10:29,840",0.64,조금…,따뜻해.,기분 좋아.,중립·혼합형,,,,,25.0,30.0,50.0,78.0,75.0,0.27249,0.0,58.0,0.0,0.0,0.1211,"조금만 더… 아, 기분 좋아…","조금만 더… 아, 좋아…",손상된 일본어 ASR + 타임스탬프 사진 + 앞뒤 문맥 추론,25.22,T4,구조검사 통과 시 유지,,19.22099915325995,22.7,P4,회귀검사 통과 시 유지
ABF-169,기준본,989,"02:10:30,440 --> 02:10:31,180",0.74,기분 좋아.,조금…,최고야.,반응형,,,,,25.0,30.0,50.0,78.0,75.0,0.29641,42.0,58.0,0.0,0.0,1.0,기분 좋아.,"아, 좋아.",화면 영문 자막 대조,33.79,T4,구조검사 통과 시 유지,,51.77815410668924,41.35,P3,말투·질문응답·가독성 위주 검토
ABF-169,기준본,990,"02:10:31,300 --> 02:10:31,760",0.46,최고야.,기분 좋아.,카메라 물에 떨어뜨리지 마.,반말형,,,,,25.0,30.0,50.0,78.0,75.0,0.38397,0.0,58.0,0.0,0.0,0.5947,그거 최고야...,그거 최고야…,,29.91,T4,구조검사 통과 시 유지,,35.64775613886537,32.32,P4,회귀검사 통과 시 유지
ABF-169,기준본,991,"02:10:32,260 --> 02:10:33,560",1.3,카메라 물에 떨어뜨리지 마.,최고야.,"좋네, 이…",반응형,,,,,25.0,30.0,50.0,78.0,75.0,0.75063,0.0,58.0,0.0,0.0,0.3509,카메라 보고 말해 봐.,카메라 보고 얘기해 봐.,일본어 원문 대조 + 자연스러운 한국어 대사 교정,45.31,T3,화자·문맥·자연스러움 집중 검토,,89.24640135478408,63.76,P2,앞뒤 5블록·사진·오류 기억을 함께 검토
ABF-169,기준본,992,"02:10:39,190 --> 02:10:41,090",1.9,"좋네, 이…",카메라 물에 떨어뜨리지 마.,기분 좋아!,반말형,,,,,25.0,30.0,50.0,78.0,75.0,0.44267,0.0,58.0,0.0,0.0,0.1928,좋네.,좋아.,일본어 원문 대조 + 자연스러운 한국어 대사 교정,32.37,T4,구조검사 통과 시 유지,,44.792548687552916,37.59,P4,회귀검사 통과 시 유지
ABF-169,기준본,993,"02:10:47,710 --> 02:10:52,050",4.34,기분 좋아!,"좋네, 이…",기분 좋아?,반응형,,,,,25.0,30.0,50.0,78.0,75.0,0.16744,0.0,58.0,0.0,0.0,0.4047,기분 좋아.,"아, 좋아.",화면 영문 자막 대조,20.81,T4,구조검사 통과 시 유지,,7.451312447078746,15.2,P4,회귀검사 통과 시 유지
ABF-169,기준본,994,"02:10:52,830 --> 02:10:53,530",0.7,기분 좋아?,기분 좋아!,최고!,반응형,,,,,25.0,30.0,50.0,78.0,75.0,0.33485,0.0,58.0,0.0,0.0,0.5843,"아, 거기... 기분 좋아?","아, 거기… 기분 좋아?",,27.84,T4,구조검사 통과 시 유지,,26.841659610499573,27.42,P4,회귀검사 통과 시 유지
ABF-169,기준본,995,"02:10:54,270 --> 02:10:55,150",0.88,최고!,기분 좋아?,어때? 물 온도는?,중립·혼합형,,,,,25.0,30.0,50.0,78.0,75.0,0.13561,0.0,58.0,0.0,0.0,0.1809,그거 최고야...,그거 최고야…,,19.48,T4,구조검사 통과 시 유지,,5.58848433530906,13.65,P4,회귀검사 통과 시 유지
ABF-169,기준본,996,"02:10:57,070 --> 02:10:58,350",1.28,어때? 물 온도는?,최고!,딱 좋아!,반응형,,,,,25.0,30.0,50.0,78.0,75.0,0.49026,0.0,58.0,0.0,0.0,0.3426,어때? 맛은?,어때? 맛 평가해 줘.,일본어 원문 대조 + 자연스러운 한국어 대사 교정,34.37,T4,구조검사 통과 시 유지,,53.51397121083827,42.41,P3,말투·질문응답·가독성 위주 검토
ABF-169,기준본,997,"02:10:59,250 --> 02:11:00,210",0.96,딱 좋아!,어때? 물 온도는?,물 좋다!,반응형,,,,,25.0,30.0,50.0,78.0,75.0,0.19767,0.0,58.0,0.0,0.0,0.1799,그다음도 이 정도가 딱 좋아.,그 정도 깊이가 딱 좋아.,손상된 일본어 ASR + 타임스탬프 사진 + 앞뒤 문맥 추론,22.08,T4,구조검사 통과 시 유지,,10.541913632514818,17.23,P4,회귀검사 통과 시 유지
ABF-169,기준본,998,"02:11:02,790 --> 02:11:04,370",1.58,물 좋다!,딱 좋아!,마사지?,중립·혼합형,,,,,25.0,30.0,50.0,78.0,75.0,0.25026,0.0,58.0,0.0,0.0,0.1655,물 흘려버렸네.,물 흘려 버렸네.,,24.29,T4,구조검사 통과 시 유지,,16.34208298052498,20.95,P4,회귀검사 통과 시 유지
ABF-169,기준본,999,"02:11:16,500 --> 02:11:17,220",0.72,마사지?,물 좋다!,마사지?,반말형,,,,,25.0,30.0,50.0,78.0,75.0,0.25879,0.0,58.0,0.0,0.0,0.2674,좀 마사지 해줘서 펴주고.,좀 마사지 해 줘서 펴주고.,,24.65,T4,구조검사 통과 시 유지,,17.654530059271803,21.71,P4,회귀검사 통과 시 유지
ABF-169,기준본,1000,"02:11:17,380 --> 02:11:17,940",0.56,마사지?,마사지?,잘하네!,반말형,,,,,25.0,30.0,50.0,78.0,75.0,0.3376,0.0,58.0,0.0,0.0,0.2674,좀 마사지 해줘서 펴주고.,좀 마사지 해 줘서 펴주고.,,27.96,T4,구조검사 통과 시 유지,,27.5190516511431,27.77,P4,회귀검사 통과 시 유지
ABF-169,기준본,1001,"02:11:18,260 --> 02:11:19,240",0.98,잘하네!,마사지?,빠르네!,반말형,,,,,25.0,30.0,50.0,78.0,75.0,0.19878,0.0,58.0,0.0,0.0,0.3234,잘하네...,잘하네…,,22.13,T4,구조검사 통과 시 유지,,10.668924640135478,17.32,P4,회귀검사 통과 시 유지
ABF-169,기준본,1002,"02:11:19,420 --> 02:11:20,040",0.62,빠르네!,잘하네!,판단 빠르네!,반말형,,,,,25.0,30.0,50.0,78.0,75.0,0.17607,0.0,58.0,0.0,0.0,0.2117,잘 자요. 빠르다. 빠르네. 금방 말하네. 바로 잠드는 사람이구나.,잘 자요. 빠르네. 말하자마자 바로 잠드는구나.,사진 장면 확인 및 한국어 번역투·ASR 오역 교정,21.17,T4,구조검사 통과 시 유지,,8.128704487722269,15.69,P4,회귀검사 통과 시 유지
ABF-169,기준본,1003,"02:11:22,060 --> 02:11:23,220",1.16,판단 빠르네!,빠르네!,이런 노천탕에서 야한 짓 해본 적 있어?,반말형,,,,,25.0,30.0,50.0,78.0,75.0,0.21786,0.0,58.0,0.0,0.0,0.1714,잘 자요. 빠르다. 빠르네. 금방 말하네. 바로 잠드는 사람이구나.,잘 자요. 빠르네. 말하자마자 바로 잠드는구나.,사진 장면 확인 및 한국어 번역투·ASR 오역 교정,22.93,T4,구조검사 통과 시 유지,,12.955122777307368,18.74,P4,회귀검사 통과 시 유지
ABF-169,기준본,1004,"02:11:45,990 --> 02:11:49,450",3.46,이런 노천탕에서 야한 짓 해본 적 있어?,판단 빠르네!,없어!,반말형,,,,,25.0,30.0,50.0,78.0,75.0,0.70556,0.0,58.0,0.0,0.0,0.3633,해 본 적 있어?,해 봤어?,일본어 원문 대조 + 자연스러운 한국어 대사 교정,43.41,T3,화자·문맥·자연스러움 집중 검토,,84.16596104995766,60.53,P2,앞뒤 5블록·사진·오류 기억을 함께 검토
ABF-169,기준본,1005,"02:11:49,910 --> 02:11:50,270",0.36,없어!,이런 노천탕에서 야한 짓 해본 적 있어?,목소리 엄청 나오네.,반응형,,,,,25.0,30.0,50.0,78.0,75.0,0.12813,0.0,58.0,0.0,0.0,0.2299,없어?,진짜로?,일본어 원문 대조 + 자연스러운 한국어 대사 교정,19.16,T4,구조검사 통과 시 유지,,5.122777307366638,13.26,P4,회귀검사 통과 시 유지
ABF-169,기준본,1006,"02:11:51,430 --> 02:11:52,690",1.26,목소리 엄청 나오네.,없어!,누가 들을까 봐 걱정돼.,반말형,,,,,25.0,30.0,50.0,78.0,75.0,0.68382,0.0,58.0,0.0,0.0,0.312,위에서 찍으니까 솥밥도 진짜 맛있게 나오네.,솥밥도 위에서 찍어주니까 좋아하겠네.,,42.5,T3,화자·문맥·자연스러움 집중 검토,,81.87976291278576,59.04,P2,앞뒤 5블록·사진·오류 기억을 함께 검토
ABF-169,기준본,1007,"02:11:54,830 --> 02:11:56,290",1.46,누가 들을까 봐 걱정돼.,목소리 엄청 나오네.,안 들리겠지?,중립·혼합형,,,,,25.0,30.0,50.0,78.0,75.0,0.69503,0.0,58.0,0.0,0.0,0.1384,누가 발견하면 딱 걸리겠지.,누가 보면 바로 들키겠지.,일본어 원문 대조 + 자연스러운 한국어 대사 교정,42.97,T3,화자·문맥·자연스러움 집중 검토,,82.72650296359018,59.67,P2,앞뒤 5블록·사진·오류 기억을 함께 검토
ABF-169,기준본,1008,"02:11:56,770 --> 02:11:58,010",1.24,안 들리겠지?,누가 들을까 봐 걱정돼.,들리겠지?,반말형,,,,,25.0,30.0,50.0,78.0,75.0,0.45863,0.0,58.0,0.0,0.0,0.1239,안 돼.,"네, 놀랐어요.",타임스탬프 사진과 앞뒤 장면으로 대사 기능 복원,33.04,T4,구조검사 통과 시 유지,,48.052497883149876,39.35,P4,회귀검사 통과 시 유지
ABF-169,기준본,1009,"02:11:58,010 --> 02:11:58,850",0.84,들리겠지?,안 들리겠지?,후후후,반말형,,,,,25.0,30.0,50.0,78.0,75.0,0.35983,0.0,58.0,0.0,0.0,0.1098,좋지?,여기 좋지?,일본어 원문 대조 + 자연스러운 한국어 대사 교정,28.89,T4,구조검사 통과 시 유지,,31.837425910245553,30.13,P4,회귀검사 통과 시 유지
ABF-169,기준본,1010,"02:11:58,990 --> 02:12:01,190",2.2,후후후,들리겠지?,조금,중립·혼합형,,,,,25.0,30.0,50.0,78.0,75.0,0.37923,0.0,58.0,0.0,0.0,0.3862,"후후후, 어서 와.","후후후, 차가워!",손상된 일본어 ASR + 타임스탬프 사진 + 앞뒤 문맥 추론,29.71,T4,구조검사 통과 시 유지,,34.80101608806096,31.85,P4,회귀검사 통과 시 유지
ABF-169,기준본,1011,"02:12:01,190 --> 02:12:01,550",0.36,조금,후후후,응,중립·혼합형,,,,,25.0,30.0,50.0,78.0,75.0,0.36504,0.0,58.0,0.0,0.0,0.4844,조금 보이네.,조금은 보이는 것 같아.,일본어 원문 대조 + 자연스러운 한국어 대사 교정,29.11,T4,구조검사 통과 시 유지,,32.59949195596952,30.58,P4,회귀검사 통과 시 유지
ABF-169,기준본,1012,"02:12:08,120 --> 02:12:08,840",0.72,응,조금,응,반응형,,,,,25.0,30.0,50.0,78.0,75.0,0.20359,0.0,58.0,0.0,0.0,0.0923,응...,응…,,22.33,T4,구조검사 통과 시 유지,,11.346316680779001,17.72,P4,회귀검사 통과 시 유지
ABF-169,기준본,1013,"02:12:44,210 --> 02:12:44,930",0.72,응,응,응,반응형,,,,,25.0,30.0,50.0,78.0,75.0,0.19528,0.0,58.0,0.0,30.0,0.0923,응...,응…,,24.38,T4,구조검사 통과 시 유지,triple_identical_run,16.76545300592718,21.18,P4,회귀검사 통과 시 유지
ABF-169,기준본,1014,"02:13:08,650 --> 02:13:09,370",0.72,응,응,응,반응형,,,,,25.0,30.0,50.0,78.0,75.0,0.17157,0.0,58.0,0.0,30.0,0.0923,응...,응…,,23.39,T4,구조검사 통과 시 유지,triple_identical_run,14.140558848433532,19.51,P4,회귀검사 통과 시 유지
ABF-169,기준본,1015,"02:13:11,090 --> 02:13:11,810",0.72,응,응,응,반응형,,,,,25.0,30.0,50.0,78.0,75.0,0.15417,0.0,58.0,0.0,30.0,0.0923,응...,응…,,22.66,T4,구조검사 통과 시 유지,triple_identical_run,12.193056731583404,18.26,P4,회귀검사 통과 시 유지
ABF-169,기준본,1016,"02:13:11,810 --> 02:13:12,570",0.76,응,응,응,반응형,,,,,25.0,30.0,50.0,78.0,75.0,0.1534,0.0,58.0,0.0,30.0,0.0923,응...,응…,,22.62,T4,구조검사 통과 시 유지,triple_identical_run,11.854360711261643,18.1,P4,회귀검사 통과 시 유지
ABF-169,기준본,1017,"02:13:13,370 --> 02:13:14,090",0.72,응,응,응,반응형,,,,,25.0,30.0,50.0,78.0,75.0,0.15352,0.0,58.0,0.0,30.0,0.0923,응...,응…,,22.63,T4,구조검사 통과 시 유지,triple_identical_run,11.981371718882302,18.16,P4,회귀검사 통과 시 유지
ABF-169,기준본,1018,"02:13:14,090 --> 02:13:14,230",0.14,응,응,응,반응형,,,,,25.0,30.0,50.0,78.0,75.0,0.15683,0.0,58.0,0.0,30.0,0.0923,응...,응…,,22.77,T4,구조검사 통과 시 유지,triple_identical_run,12.616426756985605,18.51,P4,회귀검사 통과 시 유지
ABF-169,기준본,1019,"02:13:15,630 --> 02:13:16,350",0.72,응,응,응,반응형,,,,,25.0,30.0,50.0,78.0,75.0,0.15394,0.0,58.0,0.0,30.0,0.0923,응...,응…,,22.65,T4,구조검사 통과 시 유지,triple_identical_run,12.108382726502963,18.22,P4,회귀검사 통과 시 유지
ABF-169,기준본,1020,"02:13:16,350 --> 02:13:16,430",0.08,응,응,네,반응형,,,,,25.0,30.0,50.0,78.0,75.0,0.19277,0.0,58.0,0.0,0.0,0.0923,응...,응…,,21.88,T4,구조검사 통과 시 유지,,10.076206604572397,16.92,P4,회귀검사 통과 시 유지
ABF-169,기준본,1021,"02:13:17,110 --> 02:13:17,650",0.54,네,응,왜 그래?,반말형,,,,,25.0,30.0,50.0,78.0,75.0,0.23593,0.0,58.0,0.0,0.0,0.3412,네 몸은 네가 잘 알지.,네 몸은 네가 제일 잘 알지.,일본어 원문 대조 + 자연스러운 한국어 대사 교정,23.69,T4,구조검사 통과 시 유지,,14.902624894157492,20.0,P4,회귀검사 통과 시 유지
ABF-169,기준본,1022,"02:13:23,050 --> 02:13:25,270",2.22,왜 그래?,네,응,중립·혼합형,,,,,25.0,30.0,50.0,78.0,75.0,0.38117,7.73,58.0,0.0,0.0,0.7144,"음-, 왜 그래?",음… 왜 그래?,,31.18,T4,구조검사 통과 시 유지,,40.728196443691786,35.19,P4,회귀검사 통과 시 유지
ABF-169,기준본,1023,"02:13:31,920 --> 02:13:32,020",0.1,응,왜 그래?,응.,반응형,,,,,25.0,30.0,50.0,78.0,75.0,0.14919,0.0,58.0,0.0,0.0,0.0923,응...,응…,,20.05,T4,구조검사 통과 시 유지,,6.519898391193904,14.37,P4,회귀검사 통과 시 유지
ABF-169,기준본,1024,"02:13:33,120 --> 02:13:33,660",0.54,응.,응,응?,반응형,,,,,25.0,30.0,50.0,78.0,75.0,0.05974,0.0,58.0,0.0,0.0,0.467,"하-, 응.",하아… 응.,,16.29,T4,구조검사 통과 시 유지,,0.6773920406435224,9.73,P4,회귀검사 통과 시 유지
ABF-169,기준본,1025,"02:13:33,660 --> 02:13:33,700",0.04,응?,응.,응.,반응형,,,,,25.0,30.0,50.0,78.0,75.0,0.1412,0.0,58.0,70.0,0.0,0.42,응? 잠깐 기다려…,응? 잠깐만…,일본어 원문 대조 + 자연스러운 한국어 대사 교정,26.71,T4,구조검사 통과 시 유지,high_cps,23.708721422523286,25.45,P4,회귀검사 통과 시 유지
ABF-169,기준본,1026,"02:13:34,860 --> 02:13:35,400",0.54,응.,응?,조심해.,반응형,,,,,25.0,30.0,50.0,78.0,75.0,0.09083,0.0,58.0,0.0,0.0,0.467,"하-, 응.",하아… 응.,,17.59,T4,구조검사 통과 시 유지,,2.032176121930567,11.06,P4,회귀검사 통과 시 유지
ABF-169,기준본,1027,"02:13:36,740 --> 02:13:37,740",1.0,조심해.,응.,조심해.,반말형,,,,,25.0,30.0,50.0,78.0,75.0,0.2228,0.0,58.0,0.0,0.0,0.5605,조심해. 지금은 안 되니까.,조심해. 아직 내려가면 안 돼.,일본어 원문 대조 + 자연스러운 한국어 대사 교정,23.14,T4,구조검사 통과 시 유지,,13.463166807790008,19.08,P4,회귀검사 통과 시 유지
ABF-169,기준본,1028,"02:13:37,740 --> 02:13:39,080",1.34,조심해.,조심해.,조심해야지.,반말형,,,,,25.0,30.0,50.0,78.0,75.0,0.27851,0.0,58.0,0.0,0.0,0.5605,조심해. 지금은 안 되니까.,조심해. 아직 내려가면 안 돼.,일본어 원문 대조 + 자연스러운 한국어 대사 교정,25.48,T4,구조검사 통과 시 유지,,20.11007620660457,23.22,P4,회귀검사 통과 시 유지
ABF-169,기준본,1029,"02:13:39,080 --> 02:13:40,240",1.16,조심해야지.,조심해.,조심해야지.,반말형,,,,,25.0,30.0,50.0,78.0,75.0,0.24087,0.0,58.0,0.0,0.0,0.2987,집에 가족이 있을 때는 조심해야 해요.,집에 가족이 있을 땐 조심해야 해요.,마지막 조언 문장 자연화,23.9,T4,구조검사 통과 시 유지,,15.664690939881456,20.44,P4,회귀검사 통과 시 유지
ABF-169,기준본,1030,"02:13:40,240 --> 02:13:59,380",19.14,조심해야지.,조심해야지.,응,반말형,,,,,25.0,30.0,50.0,78.0,75.0,0.30277,0.0,58.0,0.0,0.0,0.2987,집에 가족이 있을 때는 조심해야 해요.,집에 가족이 있을 땐 조심해야 해요.,마지막 조언 문장 자연화,26.5,T4,구조검사 통과 시 유지,,23.03132938187976,25.04,P4,회귀검사 통과 시 유지
ABF-169,기준본,1031,"02:13:59,380 --> 02:13:59,560",0.18,응,조심해야지.,"아, 잠깐 멈춰.",반응형,,,,,25.0,30.0,50.0,78.0,75.0,0.21031,0.0,58.0,0.0,0.0,0.0923,응...,응…,,22.61,T4,구조검사 통과 시 유지,,11.769686706181202,18.06,P4,회귀검사 통과 시 유지
ABF-169,기준본,1032,"02:14:54,040 --> 02:14:55,680",1.64,"아, 잠깐 멈춰.",응,우…,반응형,,,,,25.0,30.0,50.0,78.0,75.0,0.59113,0.0,58.0,0.0,0.0,0.3353,"아, 아, 아, 아, 아, 아, 아,","아, 아, 아, 아, 아, 아, 아",,38.61,T3,화자·문맥·자연스러움 집중 검토,,68.5012701100762,51.16,P3,말투·질문응답·가독성 위주 검토
ABF-169,기준본,1033,"02:14:55,680 --> 02:14:56,760",1.08,우…,"아, 잠깐 멈춰.",우…,중립·혼합형,,,,,25.0,30.0,50.0,78.0,75.0,0.17803,0.0,58.0,0.0,0.0,0.0805,우와~ 우와우와야. 우와.,우와… 우와우와야. 우와.,,21.26,T4,구조검사 통과 시 유지,,8.50973751058425,15.9,P4,회귀검사 통과 시 유지
ABF-169,기준본,1034,"02:14:57,860 --> 02:15:08,910",11.05,우…,우…,우…,중립·혼합형,,,,,25.0,30.0,50.0,78.0,75.0,0.19039,0.0,58.0,0.0,30.0,0.0805,우와~ 우와우와야. 우와.,우와… 우와우와야. 우와.,,24.18,T4,구조검사 통과 시 유지,triple_identical_run,16.172734970364097,20.82,P4,회귀검사 통과 시 유지
ABF-169,기준본,1035,"02:15:08,910 --> 02:15:10,110",1.2,우…,우…,우…,중립·혼합형,,,,,25.0,30.0,50.0,78.0,75.0,0.1808,0.0,58.0,0.0,30.0,0.0805,우와~ 우와우와야. 우와.,우와… 우와우와야. 우와.,,23.77,T4,구조검사 통과 시 유지,triple_identical_run,15.241320914479257,20.19,P4,회귀검사 통과 시 유지
ABF-169,기준본,1036,"02:15:15,510 --> 02:15:17,470",1.96,우…,우…,"아, 잠깐 멈춰.",중립·혼합형,,,,,25.0,30.0,50.0,78.0,75.0,0.23266,0.0,58.0,0.0,0.0,0.0805,우와~ 우와우와야. 우와.,우와… 우와우와야. 우와.,,23.55,T4,구조검사 통과 시 유지,,14.563928873835733,19.78,P4,회귀검사 통과 시 유지
ABF-169,기준본,1037,"02:15:20,760 --> 02:15:23,760",3.0,"아, 잠깐 멈춰.",우…,우…,반응형,,,,,25.0,30.0,50.0,78.0,75.0,0.54015,0.0,58.0,0.0,0.0,0.3353,"아, 아, 아, 아, 아, 아, 아,","아, 아, 아, 아, 아, 아, 아",,36.47,T3,화자·문맥·자연스러움 집중 검토,,60.287891617273495,46.47,P3,말투·질문응답·가독성 위주 검토
ABF-169,기준본,1038,"02:15:24,600 --> 02:15:25,940",1.34,우…,"아, 잠깐 멈춰.",우…,중립·혼합형,,,,,25.0,30.0,50.0,78.0,75.0,0.17809,0.0,58.0,0.0,0.0,0.0805,우와~ 우와우와야. 우와.,우와… 우와우와야. 우와.,,21.26,T4,구조검사 통과 시 유지,,8.50973751058425,15.9,P4,회귀검사 통과 시 유지
ABF-169,기준본,1039,"02:15:25,940 --> 02:15:26,080",0.14,우…,우…,역시,중립·혼합형,,,,,25.0,30.0,50.0,78.0,75.0,0.26413,0.0,58.0,0.0,0.0,0.0805,우와~ 우와우와야. 우와.,우와… 우와우와야. 우와.,,24.87,T4,구조검사 통과 시 유지,,18.543607112616428,22.21,P4,회귀검사 통과 시 유지
ABF-169,기준본,1040,"02:15:49,490 --> 02:15:49,970",0.48,역시,우…,숨 조심해.,중립·혼합형,,,,,25.0,30.0,50.0,78.0,75.0,0.29164,0.0,58.0,0.0,0.0,0.4646,역시 움직여 줄게.,이제 움직여 줄게.,사진 장면 확인 및 한국어 번역투·ASR 오역 교정,26.03,T4,구조검사 통과 시 유지,,21.591871295512277,24.17,P4,회귀검사 통과 시 유지
ABF-169,기준본,1041,"02:15:49,970 --> 02:15:57,590",7.62,숨 조심해.,역시,앗,반말형,,,,,25.0,30.0,50.0,78.0,75.0,0.43261,0.0,58.0,0.0,0.0,0.4987,조심해. 지금은 안 되니까.,조심해. 아직 내려가면 안 돼.,일본어 원문 대조 + 자연스러운 한국어 대사 교정,31.95,T4,구조검사 통과 시 유지,,43.4801016088061,36.79,P4,회귀검사 통과 시 유지
ABF-169,기준본,1042,"02:15:57,590 --> 02:15:57,610",0.02,앗,숨 조심해.,무서워,반응형,,,,,25.0,30.0,50.0,78.0,75.0,0.30314,0.0,58.0,70.0,0.0,0.144,앗...,앗…,,33.51,T4,구조검사 통과 시 유지,high_cps,50.084674005080444,40.47,P3,말투·질문응답·가독성 위주 검토
ABF-169,기준본,1043,"02:16:06,830 --> 02:16:07,790",0.96,무서워,앗,에--,중립·혼합형,,,,,25.0,30.0,50.0,78.0,75.0,0.33285,0.0,58.0,0.0,0.0,0.434,좀 더 무서워.,좀 무서워.,,27.76,T4,구조검사 통과 시 유지,,26.672311600338695,27.3,P4,회귀검사 통과 시 유지
ABF-169,기준본,1044,"02:16:18,210 --> 02:16:18,690",0.48,에--,무서워,"아, 뜨거워",중립·혼합형,,,,,25.0,30.0,50.0,78.0,75.0,0.25974,42.0,58.0,0.0,0.0,1.0,에--,에…,,32.25,T4,구조검사 통과 시 유지,,44.49618966977138,37.39,P4,회귀검사 통과 시 유지
ABF-169,기준본,1045,"02:16:18,690 --> 02:16:19,450",0.76,"아, 뜨거워",에--,물이 닿은 부분 색이 달라지네.,반응형,,,,,25.0,30.0,50.0,78.0,75.0,0.4482,0.0,58.0,0.0,0.0,0.3847,"아니, 뜨거워.",몸이 뜨거워.,손상된 일본어 ASR + 타임스탬프 사진 + 앞뒤 문맥 추론,32.6,T4,구조검사 통과 시 유지,,46.52836579170195,38.45,P4,회귀검사 통과 시 유지
ABF-169,기준본,1046,"02:16:38,790 --> 02:16:44,270",5.48,물이 닿은 부분 색이 달라지네.,"아, 뜨거워",재밌네. 어떡하지?,반말형,,,,,25.0,30.0,50.0,78.0,75.0,0.69917,0.0,58.0,0.0,0.0,0.1529,뜨거운 물이 나오는 것 같아.,같이 목욕하니까 좋다.,일본어 원문 + 타임스탬프 사진 + 장면 연속성,43.15,T3,화자·문맥·자연스러움 집중 검토,,83.23454699407282,59.99,P2,앞뒤 5블록·사진·오류 기억을 함께 검토
ABF-169,기준본,1047,"02:16:44,810 --> 02:16:51,610",6.8,재밌네. 어떡하지?,물이 닿은 부분 색이 달라지네.,어떡할까. 어떡하지.,반응형,,,,,25.0,30.0,50.0,78.0,75.0,0.50301,0.0,58.0,0.0,0.0,0.2489,"그래, 붙잡아 버리니까 어떡하지.",붙잡으면 움직일 수가 없잖아.,사진 장면 확인 및 한국어 번역투·ASR 오역 교정,34.91,T4,구조검사 통과 시 유지,,55.54614733276884,43.58,P3,말투·질문응답·가독성 위주 검토
ABF-169,기준본,1048,"02:16:51,610 --> 02:16:54,570",2.96,어떡할까. 어떡하지.,재밌네. 어떡하지?,나는 고맙지만.,반응형,,,,,25.0,30.0,50.0,78.0,75.0,0.49417,0.0,58.0,0.0,0.0,0.4218,"그래, 붙잡아 버리니까 어떡하지.",붙잡으면 움직일 수가 없잖아.,사진 장면 확인 및 한국어 번역투·ASR 오역 교정,34.54,T4,구조검사 통과 시 유지,,54.14902624894158,42.78,P3,말투·질문응답·가독성 위주 검토
ABF-169,기준본,1049,"02:16:57,750 --> 02:16:58,730",0.98,나는 고맙지만.,어떡할까. 어떡하지.,왜 계속 흔들고 있어?,반말형,,,,,25.0,30.0,50.0,78.0,75.0,0.43451,0.0,58.0,0.0,0.0,0.2337,정말 나는 없어.,[불명],,32.03,T4,구조검사 통과 시 유지,,43.81879762912786,36.98,P4,회귀검사 통과 시 유지
ABF-169,기준본,1050,"02:17:01,430 --> 02:17:02,650",1.22,왜 계속 흔들고 있어?,나는 고맙지만.,왜 계속 흔들고 있어?,반응형,,,,,25.0,30.0,50.0,78.0,75.0,0.52658,42.0,58.0,0.0,0.0,1.0,왜 계속 흔들고 있어?,왜 자꾸 흔들고 있어?,,43.46,T3,화자·문맥·자연스러움 집중 검토,,84.41998306519899,60.66,P2,앞뒤 5블록·사진·오류 기억을 함께 검토
ABF-169,기준본,1051,"02:17:04,530 --> 02:17:06,190",1.66,왜 계속 흔들고 있어?,왜 계속 흔들고 있어?,"딱딱해져 있긴 한데,",반응형,,,,,25.0,30.0,50.0,78.0,75.0,0.63167,42.0,58.0,0.0,0.0,1.0,왜 계속 흔들고 있어?,왜 자꾸 흔들고 있어?,,47.87,T3,화자·문맥·자연스러움 집중 검토,,94.24216765453006,67.35,P2,앞뒤 5블록·사진·오류 기억을 함께 검토
ABF-169,기준본,1052,"02:17:12,300 --> 02:17:14,000",1.7,"딱딱해져 있긴 한데,",왜 계속 흔들고 있어?,여기서 하려고 한 거 아니지?,반말형,,,,,25.0,30.0,50.0,78.0,75.0,0.65566,0.0,58.0,0.0,0.0,0.2188,딱딱해...,딱딱해…,,41.32,T3,화자·문맥·자연스러움 집중 검토,,78.32345469940728,56.86,P3,말투·질문응답·가독성 위주 검토
ABF-169,기준본,1053,"02:17:16,760 --> 02:17:18,260",1.5,여기서 하려고 한 거 아니지?,"딱딱해져 있긴 한데,",안 할 거지?,반응형,,,,,25.0,30.0,50.0,78.0,75.0,0.71125,0.0,58.0,0.0,0.0,0.3339,여기서 자고 있어?,땀나고 있어?,사진 장면 확인 및 한국어 번역투·ASR 오역 교정,43.65,T3,화자·문맥·자연스러움 집중 검토,,84.92802709568163,60.99,P2,앞뒤 5블록·사진·오류 기억을 함께 검토
ABF-169,기준본,1054,"02:17:18,260 --> 02:17:18,340",0.08,안 할 거지?,여기서 하려고 한 거 아니지?,여기서 하려고 한 거 아니야?,반말형,,,,,25.0,30.0,50.0,78.0,75.0,0.65218,13.19,58.0,70.0,0.0,0.7599,잘 거지?,갈 수 있지?,사진 장면 확인 및 한국어 번역투·ASR 오역 교정,50.55,T3,화자·문맥·자연스러움 집중 검토,high_cps,97.883149872989,70.43,P2,앞뒤 5블록·사진·오류 기억을 함께 검토
ABF-169,기준본,1055,"02:17:19,760 --> 02:17:21,140",1.38,여기서 하려고 한 거 아니야?,안 할 거지?,안 해…,반응형,,,,,25.0,30.0,50.0,78.0,75.0,0.73945,0.0,58.0,0.0,0.0,0.4439,온천 아니야?,뭔가…,일본어 원문 + 타임스탬프 사진 + 장면 연속성,44.84,T3,화자·문맥·자연스러움 집중 검토,,88.31498729889924,63.1,P2,앞뒤 5블록·사진·오류 기억을 함께 검토
ABF-169,기준본,1056,"02:17:22,080 --> 02:17:24,760",2.68,안 해…,여기서 하려고 한 거 아니야?,오히려 좋지?,반말형,,,,,25.0,30.0,50.0,78.0,75.0,0.53952,0.0,58.0,0.0,0.0,0.2124,안 돼.,"네, 놀랐어요.",타임스탬프 사진과 앞뒤 장면으로 대사 기능 복원,36.44,T3,화자·문맥·자연스러움 집중 검토,,60.033869602032176,46.35,P3,말투·질문응답·가독성 위주 검토
ABF-169,기준본,1057,"02:17:33,740 --> 02:17:35,020",1.28,오히려 좋지?,안 해…,오히려 말이야…,반말형,,,,,25.0,30.0,50.0,78.0,75.0,0.53944,0.0,58.0,0.0,0.0,0.6291,좋지?,여기 좋지?,일본어 원문 대조 + 자연스러운 한국어 대사 교정,36.44,T3,화자·문맥·자연스러움 집중 검토,,60.033869602032176,46.35,P3,말투·질문응답·가독성 위주 검토
ABF-169,기준본,1058,"02:17:35,880 --> 02:17:37,520",1.64,오히려 말이야…,오히려 좋지?,안 할 거라니까요.,반말형,,,,,25.0,30.0,50.0,78.0,75.0,0.47641,0.0,58.0,0.0,0.0,0.2635,자지 끝을 밀어내려다 오히려 혀로 자극하고 말았다.,자지 끝을 밀어내려 했지만 오히려 혀로 자극하고 말았다.,,33.79,T4,구조검사 통과 시 유지,,51.77815410668924,41.35,P3,말투·질문응답·가독성 위주 검토
ABF-169,기준본,1059,"02:17:39,020 --> 02:17:39,940",0.92,안 할 거라니까요.,오히려 말이야…,착한 아이네.,존댓말형,,,,,25.0,30.0,50.0,78.0,75.0,0.50554,0.0,58.0,0.0,35.0,0.2443,여기 오면 항상 즐기는 거니까요.,여기 오면 늘 낚시를 즐기거든요.,대화체 자연화,37.81,T3,화자·문맥·자연스러움 집중 검토,formality_jump,66.04572396274344,49.67,P3,말투·질문응답·가독성 위주 검토
ABF-169,기준본,1060,"02:17:41,280 --> 02:17:42,220",0.94,착한 아이네.,안 할 거라니까요.,착한 아이라고 생각했는데.,반응형,,,,,25.0,30.0,50.0,78.0,75.0,0.37578,0.0,58.0,0.0,18.0,0.1761,끝이네.,다 했어?,일본어 원문 대조 + 자연스러운 한국어 대사 교정,31.0,T4,구조검사 통과 시 유지,formality_shift,40.008467400508046,34.78,P4,회귀검사 통과 시 유지
ABF-169,기준본,1061,"02:17:42,540 --> 02:17:43,840",1.3,착한 아이라고 생각했는데.,착한 아이네.,착한 애네. 착한 애.,반응형,,,,,25.0,30.0,50.0,78.0,75.0,0.58978,0.0,58.0,0.0,0.0,0.1766,계속 생각했어.,부끄러워? 뭔가 야하네.,일본어 원문 + 타임스탬프 사진 + 장면 연속성,38.55,T3,화자·문맥·자연스러움 집중 검토,,68.16257408975444,50.99,P3,말투·질문응답·가독성 위주 검토
ABF-169,기준본,1062,"02:17:44,440 --> 02:17:46,280",1.84,착한 애네. 착한 애.,착한 아이라고 생각했는데.,물속에서 움직이는 것도 힘들겠네.,반말형,,,,,25.0,30.0,50.0,78.0,75.0,0.56385,0.0,58.0,0.0,0.0,0.2068,'먹고 싶어'라고 하면 착한 시짱은 어떻게 해줄 거야?,'먹고 싶어'라고 하면 착한 시짱은 어떻게 해 줄 거야?,,37.46,T3,화자·문맥·자연스러움 집중 검토,,65.02963590177815,49.04,P3,말투·질문응답·가독성 위주 검토
ABF-169,기준본,1063,"02:18:38,710 --> 02:18:42,150",3.44,물속에서 움직이는 것도 힘들겠네.,착한 애네. 착한 애.,"크다, 커.",반말형,,,,,25.0,30.0,50.0,78.0,79.0,0.84702,0.0,58.0,0.0,0.0,0.2619,위아래로 움직이는 느낌...,위아래로 움직이는 느낌…,,49.59,T3,화자·문맥·자연스러움 집중 검토,,96.95173581710415,69.48,P2,앞뒤 5블록·사진·오류 기억을 함께 검토
ABF-169,기준본,1064,"02:19:25,270 --> 02:19:27,330",2.06,"크다, 커.",물속에서 움직이는 것도 힘들겠네.,아…,중립·혼합형,,,,,25.0,30.0,50.0,78.0,75.0,0.41395,0.0,58.0,0.0,0.0,0.3494,이쪽이 더 커.,이쪽이 더 굵어.,일본어 원문 대조 + 자연스러운 한국어 대사 교정,31.17,T4,구조검사 통과 시 유지,,40.60118543607113,35.13,P4,회귀검사 통과 시 유지
ABF-169,기준본,1065,"02:19:27,830 --> 02:19:28,890",1.06,아…,"크다, 커.","와, 엄청 커졌어.",반응형,,,,,25.0,30.0,50.0,78.0,75.0,0.2029,12.65,58.0,0.0,0.0,0.7554,"싫어, 아… 아… 아…",싫어… 아… 아…,일본어 원문 대조 + 자연스러운 한국어 대사 교정,24.58,T4,구조검사 통과 시 유지,,17.315834038950044,21.53,P4,회귀검사 통과 시 유지
ABF-169,기준본,1066,"02:20:15,520 --> 02:20:16,960",1.44,"와, 엄청 커졌어.",아…,더 크게 만들려고.,반응형,,,,,25.0,30.0,50.0,78.0,75.0,0.60801,0.0,58.0,0.0,0.0,0.2216,엄청 커...,엄청 커…,,39.32,T3,화자·문맥·자연스러움 집중 검토,,71.54953429297206,52.86,P3,말투·질문응답·가독성 위주 검토
ABF-169,기준본,1067,"02:20:17,300 --> 02:20:20,260",2.96,더 크게 만들려고.,"와, 엄청 커졌어.",더 크게 만들어버렸네.,중립·혼합형,,,,,25.0,30.0,50.0,78.0,75.0,0.56095,42.0,58.0,0.0,0.0,1.0,더 크게 만들려고.,진짜 더 커졌네.,,44.9,T3,화자·문맥·자연스러움 집중 검토,,88.48433530906011,63.21,P2,앞뒤 5블록·사진·오류 기억을 함께 검토
ABF-169,기준본,1068,"02:20:22,240 --> 02:20:23,020",0.78,더 크게 만들어버렸네.,더 크게 만들려고.,이번엔 반대로 네가 이쪽에 올라앉아봐.,반응형,,,,,25.0,30.0,50.0,78.0,75.0,0.6563,42.0,58.0,0.0,0.0,1.0,더 크게 만들어버렸네.,계속 커지고 있어.,,48.9,T3,화자·문맥·자연스러움 집중 검토,,96.02032176121931,68.69,P2,앞뒤 5블록·사진·오류 기억을 함께 검토
ABF-169,기준본,1069,"02:20:39,060 --> 02:20:41,840",2.78,이번엔 반대로 네가 이쪽에 올라앉아봐.,더 크게 만들어버렸네.,안 추워?,반응형,,,,,25.0,30.0,50.0,78.0,75.0,0.78349,0.0,58.0,0.0,0.0,0.1925,이번엔 저도 애무해 주세요...,이번엔 저도 애무해 주세요…,,46.69,T3,화자·문맥·자연스러움 집중 검토,,92.12531752751904,65.77,P2,앞뒤 5블록·사진·오류 기억을 함께 검토
ABF-169,기준본,1070,"02:20:47,600 --> 02:20:48,360",0.76,안 추워?,이번엔 반대로 네가 이쪽에 올라앉아봐.,"응, 더워.",중립·혼합형,,,,,25.0,30.0,50.0,78.0,75.0,0.38691,0.0,58.0,0.0,0.0,0.1804,한번에 하면 추워요.,한꺼번에 하면 아파요.,타임스탬프 사진과 장면 흐름으로 명백한 오인식 교정,30.03,T4,구조검사 통과 시 유지,,35.94411515664691,32.51,P4,회귀검사 통과 시 유지
ABF-169,기준본,1071,"02:20:49,060 --> 02:20:50,740",1.68,"응, 더워.",안 추워?,후끈후끈해졌어?,반응형,,,,,25.0,30.0,50.0,78.0,75.0,0.38012,0.0,58.0,0.0,0.0,0.3101,"응, 더...","응, 더…",,29.74,T4,구조검사 통과 시 유지,,34.97036409822184,31.94,P4,회귀검사 통과 시 유지
ABF-169,기준본,1072,"02:20:52,440 --> 02:20:54,680",2.24,후끈후끈해졌어?,"응, 더워.",몸 좀 식혀야겠네.,반응형,,,,,25.0,30.0,50.0,78.0,75.0,0.33635,0.0,58.0,0.0,0.0,0.0832,제법 익숙해졌어.,이제 꽤 익숙해졌지.,,27.91,T4,구조검사 통과 시 유지,,27.222692633361557,27.62,P4,회귀검사 통과 시 유지
ABF-169,기준본,1073,"02:20:54,920 --> 02:20:56,320",1.4,몸 좀 식혀야겠네.,후끈후끈해졌어?,식을까?,반말형,,,,,25.0,30.0,50.0,78.0,79.0,0.74607,0.0,58.0,0.0,0.0,0.1338,자 버리겠네.,또 가 버리겠네.,사진 장면 확인 및 한국어 번역투·ASR 오역 교정,45.36,T3,화자·문맥·자연스러움 집중 검토,,89.33107535986451,63.83,P2,앞뒤 5블록·사진·오류 기억을 함께 검토
ABF-169,기준본,1074,"02:20:57,280 --> 02:20:58,120",0.84,식을까?,몸 좀 식혀야겠네.,엄청 뜨거워졌어.,중립·혼합형,,,,,25.0,30.0,50.0,78.0,75.0,0.28183,0.0,58.0,0.0,0.0,0.1054,뭐 할까?,내가 먼저?,일본어 원문 + 타임스탬프 사진 + 장면 연속성,25.62,T4,구조검사 통과 시 유지,,20.660457239627434,23.54,P4,회귀검사 통과 시 유지
ABF-169,기준본,1075,"02:20:58,200 --> 02:20:59,960",1.76,엄청 뜨거워졌어.,식을까?,이걸로 좀 식힐까?,반응형,,,,,25.0,30.0,50.0,78.0,75.0,0.51412,0.0,58.0,0.0,0.0,0.3217,조금 무서워졌어.,아… 너무 깊어.,손상된 일본어 ASR + 타임스탬프 사진 + 앞뒤 문맥 추론,35.37,T3,화자·문맥·자연스러움 집중 검토,,56.350550381033024,44.18,P3,말투·질문응답·가독성 위주 검토
ABF-169,기준본,1076,"02:21:00,380 --> 02:21:01,260",0.88,이걸로 좀 식힐까?,엄청 뜨거워졌어.,이걸로 식을까?,중립·혼합형,,,,,25.0,30.0,50.0,78.0,75.0,0.56054,0.0,58.0,0.0,0.0,0.1184,낮잠 좀 잘까?,들어갔어.,일본어 원문 + 타임스탬프 사진 + 장면 연속성,37.32,T3,화자·문맥·자연스러움 집중 검토,,64.60626587637596,48.78,P3,말투·질문응답·가독성 위주 검토
ABF-169,기준본,1077,"02:21:02,120 --> 02:21:03,200",1.08,이걸로 식을까?,이걸로 좀 식힐까?,응.,중립·혼합형,,,,,25.0,30.0,50.0,78.0,75.0,0.54805,0.0,58.0,0.0,0.0,0.1024,이걸 끼우는 거야?,콘돔 끼는 거야?,일본어 원문 대조 + 자연스러운 한국어 대사 교정,36.8,T3,화자·문맥·자연스러움 집중 검토,,62.02370872142252,47.39,P3,말투·질문응답·가독성 위주 검토
ABF-169,기준본,1078,"02:21:03,780 --> 02:21:03,860",0.08,응.,이걸로 식을까?,더워지면 말이지.,반응형,,,,,25.0,30.0,50.0,78.0,75.0,0.1054,0.0,58.0,55.0,0.0,0.467,"하-, 응.",하아… 응.,,23.71,T4,구조검사 통과 시 유지,high_cps,14.987298899237933,20.05,P4,회귀검사 통과 시 유지
ABF-169,기준본,1079,"02:21:05,620 --> 02:21:07,020",1.4,더워지면 말이지.,응.,좀 더 엉덩이 이쪽으로 와봐.,반말형,,,,,25.0,30.0,50.0,78.0,75.0,0.42942,0.0,58.0,0.0,0.0,0.2576,"싫지 않은 거잖아, 흠뻑 젖어있는 게 보이는데 말이지.","싫지 않은 거잖아, 흠뻑 젖어 있는 게 보이는데 말이지.",,31.82,T4,구조검사 통과 시 유지,,43.01439458086367,36.52,P4,회귀검사 통과 시 유지
ABF-169,기준본,1080,"02:21:07,020 --> 02:21:08,320",1.3,좀 더 엉덩이 이쪽으로 와봐.,더워지면 말이지.,좀 이쪽으로 와봐.,반응형,,,,,25.0,30.0,50.0,78.0,79.0,0.75084,0.0,58.0,0.0,0.0,0.5253,엉덩이 좀 봐.,이 유카타 진짜 귀엽네.,일본어 원문 + 타임스탬프 사진 + 장면 연속성,45.56,T3,화자·문맥·자연스러움 집중 검토,,90.00846740050804,64.23,P2,앞뒤 5블록·사진·오류 기억을 함께 검토
ABF-169,기준본,1081,"02:21:09,540 --> 02:21:10,560",1.02,좀 이쪽으로 와봐.,좀 더 엉덩이 이쪽으로 와봐.,"아, 죽겠다.",반응형,,,,,25.0,30.0,50.0,78.0,75.0,0.49038,0.0,58.0,0.0,0.0,0.4421,이쪽으로 넣어 주세요...,이쪽으로 넣어 주세요…,,34.38,T4,구조검사 통과 시 유지,,53.598645215918715,42.45,P3,말투·질문응답·가독성 위주 검토
ABF-169,기준본,1082,"02:21:11,800 --> 02:21:13,080",1.28,"아, 죽겠다.",좀 이쪽으로 와봐.,좋네.,반응형,,,,,25.0,30.0,50.0,78.0,75.0,0.34425,0.0,58.0,0.0,0.0,0.3091,"아, 아, 아, 아, 아, 아, 아,","아, 아, 아, 아, 아, 아, 아",,28.24,T4,구조검사 통과 시 유지,,29.170194750211685,28.63,P4,회귀검사 통과 시 유지
ABF-169,기준본,1083,"02:21:15,920 --> 02:21:16,560",0.64,좋네.,"아, 죽겠다.",엄청 두근거리는데.,반말형,,,,,25.0,30.0,50.0,78.0,75.0,0.29109,42.0,58.0,0.0,0.0,1.0,좋네.,좋아.,일본어 원문 대조 + 자연스러운 한국어 대사 교정,33.57,T4,구조검사 통과 시 유지,,50.46570702794242,40.67,P3,말투·질문응답·가독성 위주 검토
ABF-169,기준본,1084,"02:21:19,680 --> 02:21:20,880",1.2,엄청 두근거리는데.,좋네.,엄청 조이는데.,중립·혼합형,,,,,25.0,30.0,50.0,78.0,75.0,0.62736,42.0,58.0,0.0,0.0,1.0,엄청 두근거리는데.,엄청 펄떡거리는데.,,47.69,T3,화자·문맥·자연스러움 집중 검토,,94.07281964436918,67.17,P2,앞뒤 5블록·사진·오류 기억을 함께 검토
ABF-169,기준본,1085,"02:21:31,620 --> 02:21:34,180",2.56,엄청 조이는데.,엄청 두근거리는데.,엄청 조이는데.,중립·혼합형,,,,,25.0,30.0,50.0,78.0,75.0,0.51409,0.0,58.0,0.0,0.0,0.259,엄청 두근거리는데.,엄청 펄떡거리는데.,,35.37,T3,화자·문맥·자연스러움 집중 검토,,56.350550381033024,44.18,P3,말투·질문응답·가독성 위주 검토
ABF-169,기준본,1086,"02:21:34,180 --> 02:21:34,600",0.42,엄청 조이는데.,엄청 조이는데.,왜?,중립·혼합형,,,,,25.0,30.0,50.0,78.0,75.0,0.5475,0.0,58.0,25.0,0.0,0.259,엄청 두근거리는데.,엄청 펄떡거리는데.,,39.28,T3,화자·문맥·자연스러움 집중 검토,borderline_cps,71.46486028789163,52.8,P3,말투·질문응답·가독성 위주 검토
ABF-169,기준본,1087,"02:21:35,020 --> 02:21:35,680",0.66,왜?,엄청 조이는데.,야외라서 좀 흥분했어?,중립·혼합형,,,,,25.0,30.0,50.0,78.0,75.0,0.31228,0.0,58.0,0.0,0.0,0.3421,괜찮으려나? 왜? 잘 닦이고 있나?,괜찮으려나? 왜? 잘 닦이고 있어?,일본어 원문 대조 + 자연스러운 한국어 대사 교정,26.9,T4,구조검사 통과 시 유지,,24.301439458086367,25.81,P4,회귀검사 통과 시 유지
ABF-169,기준본,1088,"02:21:37,040 --> 02:21:38,360",1.32,야외라서 좀 흥분했어?,왜?,조금.,반응형,,,,,25.0,30.0,50.0,78.0,75.0,0.60841,0.0,58.0,0.0,0.0,0.1339,부활했어?,다시 섰어?,일본어 원문 대조 + 자연스러운 한국어 대사 교정,39.33,T3,화자·문맥·자연스러움 집중 검토,,71.6342082980525,52.9,P3,말투·질문응답·가독성 위주 검토
ABF-169,기준본,1089,"02:21:39,000 --> 02:21:39,360",0.36,조금.,야외라서 좀 흥분했어?,목소리 너무 크게 내면 안 돼.,중립·혼합형,,,,,25.0,30.0,50.0,78.0,75.0,0.30386,0.0,58.0,0.0,0.0,0.3961,그럼 조금...,그럼 조금…,,26.54,T4,구조검사 통과 시 유지,,23.200677392040646,25.14,P4,회귀검사 통과 시 유지
ABF-169,기준본,1090,"02:21:41,020 --> 02:21:42,140",1.12,목소리 너무 크게 내면 안 돼.,조금.,너무 크게 냈나?,중립·혼합형,,,,,25.0,30.0,50.0,78.0,75.0,0.66706,0.0,58.0,0.0,0.0,0.3773,안 돼.,"네, 놀랐어요.",타임스탬프 사진과 앞뒤 장면으로 대사 기능 복원,41.8,T3,화자·문맥·자연스러움 집중 검토,,79.93226079593565,57.82,P3,말투·질문응답·가독성 위주 검토
ABF-169,기준본,1091,"02:21:42,280 --> 02:21:43,120",0.84,너무 크게 냈나?,목소리 너무 크게 내면 안 돼.,소리 좀 줄여볼게.,중립·혼합형,,,,,25.0,30.0,50.0,78.0,75.0,0.56861,0.0,58.0,0.0,0.0,0.2217,더 크게 만들려고.,진짜 더 커졌네.,,37.66,T3,화자·문맥·자연스러움 집중 검토,,65.58001693480101,49.39,P3,말투·질문응답·가독성 위주 검토
ABF-169,기준본,1092,"02:21:43,200 --> 02:21:44,720",1.52,소리 좀 줄여볼게.,너무 크게 냈나?,노력할게.,중립·혼합형,,,,,25.0,30.0,50.0,78.0,75.0,0.67133,0.0,58.0,0.0,0.0,0.1992,그런 소리 하지 마...,그런 소리 하지 마…,,41.98,T3,화자·문맥·자연스러움 집중 검토,,80.31329381879763,58.08,P2,앞뒤 5블록·사진·오류 기억을 함께 검토
ABF-169,기준본,1093,"02:21:45,320 --> 02:21:45,980",0.66,노력할게.,소리 좀 줄여볼게.,아파.,중립·혼합형,,,,,25.0,30.0,50.0,78.0,75.0,0.39805,0.0,58.0,0.0,0.0,0.2635,이제 안 할게.,이제 안 애태울게.,,30.5,T4,구조검사 통과 시 유지,,37.97629127857748,33.64,P4,회귀검사 통과 시 유지
ABF-169,기준본,1094,"02:22:00,550 --> 02:22:01,950",1.4,아파.,노력할게.,"봐봐,",반응형,,,,,25.0,30.0,50.0,78.0,75.0,0.39874,13.28,58.0,0.0,0.0,0.7607,배가 아파.,안쪽이 아파.,,32.92,T4,구조검사 통과 시 유지,,47.54445385266723,39.06,P4,회귀검사 통과 시 유지
ABF-169,기준본,1095,"02:22:01,950 --> 02:22:03,110",1.16,"봐봐,",아파.,"아아,",중립·혼합형,,,,,25.0,30.0,50.0,78.0,75.0,0.23195,35.25,58.0,0.0,0.0,0.9437,"봐봐, 봐봐, 봐봐, 봐봐.","봐봐, 봐봐.",일본어 원문 + 타임스탬프 사진 + 장면 연속성,29.87,T4,구조검사 통과 시 유지,,35.47840812870449,32.23,P4,회귀검사 통과 시 유지
ABF-169,기준본,1096,"02:22:03,010 --> 02:22:03,710",0.7,"아아,","봐봐,","아아,",반응형,,,,,25.0,30.0,50.0,78.0,75.0,0.17027,7.62,58.0,0.0,0.0,0.7135,"아아, 같아.",갈 것 같아.,,22.3,T4,구조검사 통과 시 유지,,11.17696867061812,17.63,P4,회귀검사 통과 시 유지
ABF-169,기준본,1097,"02:22:05,430 --> 02:22:06,830",1.4,"아아,","아아,","아아,",반응형,,,,,25.0,30.0,50.0,78.0,75.0,0.08885,7.62,58.0,0.0,30.0,0.7135,"아아, 같아.",갈 것 같아.,,21.28,T4,구조검사 통과 시 유지,triple_identical_run,8.63674851820491,15.97,P4,회귀검사 통과 시 유지
ABF-169,기준본,1098,"02:22:09,030 --> 02:22:09,290",0.26,"아아,","아아,","아아, 봐봐.",반응형,,,,,25.0,30.0,50.0,78.0,75.0,0.15308,7.62,58.0,0.0,0.0,0.7135,"아아, 같아.",갈 것 같아.,,21.58,T4,구조검사 통과 시 유지,,9.229466553767992,16.39,P4,회귀검사 통과 시 유지
ABF-169,기준본,1099,"02:22:09,970 --> 02:22:15,570",5.6,"아아, 봐봐.","아아,",우리 둘 다 목소리가 커서 큰일이네.,반응형,,,,,25.0,30.0,50.0,78.0,75.0,0.39817,0.0,58.0,0.0,0.0,0.4629,"아아, 같아.",갈 것 같아.,,30.5,T4,구조검사 통과 시 유지,,37.97629127857748,33.64,P4,회귀검사 통과 시 유지
ABF-169,기준본,1100,"02:22:39,030 --> 02:22:40,610",1.58,우리 둘 다 목소리가 커서 큰일이네.,"아아, 봐봐.",우리 둘 다 목소리가 똑같이 컸어.,반말형,,,,,25.0,30.0,50.0,78.0,75.0,0.73275,0.0,58.0,0.0,0.0,0.3165,큰일이네요.,이러다 갈 것 같아요.,사진 장면 확인 및 한국어 번역투·ASR 오역 교정,44.56,T3,화자·문맥·자연스러움 집중 검토,,87.08721422523286,62.42,P2,앞뒤 5블록·사진·오류 기억을 함께 검토
ABF-169,기준본,1101,"02:22:59,650 --> 02:23:01,970",2.32,우리 둘 다 목소리가 똑같이 컸어.,우리 둘 다 목소리가 커서 큰일이네.,아무것도 못 하겠어.,중립·혼합형,,,,,25.0,30.0,50.0,78.0,75.0,0.78124,0.0,58.0,0.0,0.0,0.2687,억눌렀던 목소리가 새어 나왔다.,억눌렀던 신음이 새어 나왔다.,,46.59,T3,화자·문맥·자연스러움 집중 검토,,91.95596951735817,65.64,P2,앞뒤 5블록·사진·오류 기억을 함께 검토
ABF-169,기준본,1102,"02:23:09,140 --> 02:23:10,460",1.32,아무것도 못 하겠어.,우리 둘 다 목소리가 똑같이 컸어.,그럼 좀 서 볼까.,반응형,,,,,25.0,30.0,50.0,78.0,75.0,0.7004,0.0,58.0,0.0,0.0,0.4982,대답을 못 하겠어.,그건 대답 못 하겠네.,일본어 원문 대조 + 자연스러운 한국어 대사 교정,43.2,T3,화자·문맥·자연스러움 집중 검토,,83.31922099915326,60.05,P2,앞뒤 5블록·사진·오류 기억을 함께 검토
ABF-169,기준본,1103,"02:23:11,680 --> 02:23:13,060",1.38,그럼 좀 서 볼까.,아무것도 못 하겠어.,조금만 쉬었다가 다시 하자.,중립·혼합형,,,,,25.0,30.0,50.0,78.0,75.0,0.79064,0.0,58.0,0.0,0.0,0.2524,열어볼까.,열어 볼게.,일본어 원문 + 타임스탬프 사진 + 장면 연속성,46.99,T3,화자·문맥·자연스러움 집중 검토,,92.59102455546147,66.14,P2,앞뒤 5블록·사진·오류 기억을 함께 검토
ABF-169,기준본,1104,"02:23:45,050 --> 02:23:55,480",10.43,조금만 쉬었다가 다시 하자.,그럼 좀 서 볼까.,얼굴 보니까 또 흥분해 버렸어.,중립·혼합형,,,,,25.0,30.0,50.0,78.0,75.0,0.82767,0.0,58.0,0.0,0.0,0.3891,조금만 쉬자.,조금 쉬자.,일본어 원문 대조 + 자연스러운 한국어 대사 교정,48.54,T3,화자·문맥·자연스러움 집중 검토,,95.76629974597799,68.38,P2,앞뒤 5블록·사진·오류 기억을 함께 검토
ABF-169,기준본,1105,"02:23:57,780 --> 02:24:40,310",42.53,얼굴 보니까 또 흥분해 버렸어.,조금만 쉬었다가 다시 하자.,굉장해. 굉장해.,반응형,,,,,25.0,30.0,50.0,78.0,75.0,0.83393,42.0,58.0,0.0,0.0,1.0,얼굴 보니까 또 흥분해 버렸어.,얼굴 보니까 또 서버렸어.,,56.37,T3,화자·문맥·자연스러움 집중 검토,,99.74597798475868,74.59,P1,장면 패킷을 열고 후보 3개를 생성해 반증 검토
ABF-169,기준본,1106,"02:24:41,270 --> 02:24:42,870",1.6,굉장해. 굉장해.,얼굴 보니까 또 흥분해 버렸어.,조금 그거 하고 싶네.,반말형,,,,,25.0,30.0,50.0,78.0,75.0,0.46065,42.0,58.0,0.0,0.0,1.0,굉장해. 굉장해.,엄청나. 진짜 엄청나.,,40.69,T3,화자·문맥·자연스러움 집중 검토,,76.79932260795935,55.86,P3,말투·질문응답·가독성 위주 검토
ABF-169,기준본,1107,"02:24:52,510 --> 02:24:54,310",1.8,조금 그거 하고 싶네.,굉장해. 굉장해.,역시 욕실이라면 잠망경 자세지. 알아?,반말형,,,,,25.0,30.0,50.0,78.0,75.0,0.71121,0.0,58.0,0.0,0.0,0.2569,그 뒤에 제대로 하고 싶네…,그 뒤에 제대로 해 보고 싶네.,일본어 원문 대조 + 자연스러운 한국어 대사 교정,43.65,T3,화자·문맥·자연스러움 집중 검토,,84.92802709568163,60.99,P2,앞뒤 5블록·사진·오류 기억을 함께 검토
ABF-169,기준본,1108,"02:24:55,250 --> 02:25:00,010",4.76,역시 욕실이라면 잠망경 자세지. 알아?,조금 그거 하고 싶네.,해본 적 있어?,반응형,,,,,25.0,30.0,50.0,78.0,75.0,0.75615,0.0,58.0,0.0,0.0,0.1237,역시 움직여 줄게.,이제 움직여 줄게.,사진 장면 확인 및 한국어 번역투·ASR 오역 교정,45.54,T3,화자·문맥·자연스러움 집중 검토,,89.92379339542761,64.18,P2,앞뒤 5블록·사진·오류 기억을 함께 검토
ABF-169,기준본,1109,"02:25:00,590 --> 02:25:01,230",0.64,해본 적 있어?,역시 욕실이라면 잠망경 자세지. 알아?,없어.,반응형,,,,,25.0,30.0,50.0,78.0,75.0,0.46541,4.54,58.0,0.0,0.0,0.6878,해 본 적 있어?,해 봤어?,일본어 원문 대조 + 자연스러운 한국어 대사 교정,34.14,T4,구조검사 통과 시 유지,,52.75190516511431,41.96,P3,말투·질문응답·가독성 위주 검토
ABF-169,기준본,1110,"02:25:01,770 --> 02:25:02,170",0.4,없어.,해본 적 있어?,뭔가 촬영 같은 데서.,반응형,,,,,25.0,30.0,50.0,78.0,75.0,0.29093,8.27,58.0,0.0,0.0,0.719,끝이 없어.,끝도 없네.,사진 장면 확인 및 한국어 번역투·ASR 오역 교정,27.49,T4,구조검사 통과 시 유지,,26.164267569856055,26.93,P4,회귀검사 통과 시 유지
ABF-169,기준본,1111,"02:25:02,530 --> 02:25:03,650",1.12,뭔가 촬영 같은 데서.,없어.,없을지도.,중립·혼합형,,,,,25.0,30.0,50.0,78.0,75.0,0.70817,0.0,58.0,0.0,0.0,0.1938,뭔가 짭짤해.,응?,일본어 원문 + 타임스탬프 사진 + 장면 연속성,43.52,T3,화자·문맥·자연스러움 집중 검토,,84.54699407281964,60.75,P2,앞뒤 5블록·사진·오류 기억을 함께 검토
ABF-169,기준본,1112,"02:25:03,890 --> 02:25:04,550",0.66,없을지도.,뭔가 촬영 같은 데서.,없어?,반말형,,,,,25.0,30.0,50.0,78.0,75.0,0.47135,0.0,58.0,0.0,0.0,0.382,남았었을지도.,조금 남았을지도.,손상된 일본어 ASR + 타임스탬프 사진 + 앞뒤 문맥 추론,33.58,T4,구조검사 통과 시 유지,,50.59271803556308,40.73,P3,말투·질문응답·가독성 위주 검토
ABF-169,기준본,1113,"02:25:04,790 --> 02:25:05,150",0.36,없어?,없을지도.,아마 언젠가 하게 될 거라 생각해.,반응형,,,,,25.0,30.0,50.0,78.0,75.0,0.54067,42.0,58.0,0.0,0.0,1.0,없어?,진짜로?,일본어 원문 대조 + 자연스러운 한국어 대사 교정,44.05,T3,화자·문맥·자연스러움 집중 검토,,85.81710414902625,61.59,P2,앞뒤 5블록·사진·오류 기억을 함께 검토
ABF-169,기준본,1114,"02:25:05,770 --> 02:25:08,710",2.94,아마 언젠가 하게 될 거라 생각해.,없어?,"음, 잠망경 자세.",반말형,,,,,25.0,30.0,50.0,78.0,75.0,0.87415,0.0,58.0,0.0,0.0,0.3925,좋다고 생각해.,좋은 것 같아.,일본어 원문 대조 + 자연스러운 한국어 대사 교정,50.49,T3,화자·문맥·자연스러움 집중 검토,,97.62912785774766,70.29,P2,앞뒤 5블록·사진·오류 기억을 함께 검토
ABF-169,기준본,1115,"02:25:09,390 --> 02:25:11,330",1.94,"음, 잠망경 자세.",아마 언젠가 하게 될 거라 생각해.,"그래서 내가 다리 사이로 들어가서… 아, 미안.",중립·혼합형,,,,,25.0,30.0,50.0,78.0,75.0,0.64646,0.0,58.0,0.0,0.0,0.2217,"더 야하게 해 봐. 음, 음, 음... 그렇지!","더 야하게 해 봐. 음, 음, 음… 그렇지!",,40.93,T3,화자·문맥·자연스러움 집중 검토,,77.307366638442,56.21,P3,말투·질문응답·가독성 위주 검토
ABF-169,기준본,1116,"02:25:12,290 --> 02:25:16,250",3.96,"그래서 내가 다리 사이로 들어가서… 아, 미안.","음, 잠망경 자세.",영차.,중립·혼합형,,,,,25.0,30.0,50.0,78.0,75.0,0.80471,0.0,58.0,0.0,0.0,0.3468,정말 미안.,미안해.,일본어 원문 대조 + 자연스러운 한국어 대사 교정,47.58,T3,화자·문맥·자연스러움 집중 검토,,93.9034716342083,67.04,P2,앞뒤 5블록·사진·오류 기억을 함께 검토
ABF-169,기준본,1117,"02:25:16,690 --> 02:25:19,350",2.66,영차.,"그래서 내가 다리 사이로 들어가서… 아, 미안.","그래서,",중립·혼합형,,,,,25.0,30.0,50.0,78.0,75.0,0.27106,42.0,58.0,0.0,0.0,1.0,영차.,자.,타임스탬프 사진과 앞뒤 장면으로 대사 기능 복원,32.72,T4,구조검사 통과 시 유지,,46.74005080440305,38.61,P4,회귀검사 통과 시 유지
ABF-169,기준본,1118,"02:25:22,630 --> 02:25:22,890",0.26,"그래서,",영차.,그래그래그래.,중립·혼합형,,,,,25.0,30.0,50.0,78.0,75.0,0.39475,0.0,58.0,0.0,0.0,0.4995,"그래서, 넌? 남을 거야, 그만둘 거야?",계속해…,타임스탬프 사진으로 장면 불일치 확인 후 재복원,30.36,T4,구조검사 통과 시 유지,,37.42591024555462,33.33,P4,회귀검사 통과 시 유지
ABF-169,기준본,1119,"02:25:24,810 --> 02:25:25,430",0.62,그래그래그래.,"그래서,","그래서 거기서,",중립·혼합형,,,,,25.0,30.0,50.0,78.0,75.0,0.41923,0.0,58.0,0.0,0.0,0.3411,"아, 그래.",간다.,화면 영문 자막 대조,31.39,T4,구조검사 통과 시 유지,,41.57493649449619,35.67,P4,회귀검사 통과 시 유지
ABF-169,기준본,1120,"02:25:26,450 --> 02:25:28,030",1.58,"그래서 거기서,",그래그래그래.,"뭐, 비슷한 거 아까 했지만 말야.",중립·혼합형,,,,,25.0,30.0,50.0,78.0,75.0,0.49317,0.0,58.0,0.0,0.0,0.2084,거기서부터 빠는 거야?,거기부터 핥는 거야?,일본어 원문 대조 + 자연스러운 한국어 대사 교정,34.49,T4,구조검사 통과 시 유지,,53.89500423370025,42.64,P3,말투·질문응답·가독성 위주 검토
ABF-169,기준본,1121,"02:25:28,770 --> 02:25:30,450",1.68,"뭐, 비슷한 거 아까 했지만 말야.","그래서 거기서,",이거?,반말형,,,,,25.0,30.0,50.0,78.0,75.0,0.67877,0.0,58.0,0.0,0.0,0.166,"뭐, 먹으러.",벌써부터 그러지 마.,손상된 일본어 ASR + 타임스탬프 사진 + 앞뒤 문맥 추론,42.29,T3,화자·문맥·자연스러움 집중 검토,,81.45639288738357,58.74,P2,앞뒤 5블록·사진·오류 기억을 함께 검토
ABF-169,기준본,1122,"02:25:30,570 --> 02:25:30,790",0.22,이거?,"뭐, 비슷한 거 아까 했지만 말야.",그래그래그래.,중립·혼합형,,,,,25.0,30.0,50.0,78.0,75.0,0.25724,0.0,58.0,0.0,0.0,0.1927,어떻게 먹는 거?,어떤 식으로?,일본어 원문 대조 + 자연스러운 한국어 대사 교정,24.58,T4,구조검사 통과 시 유지,,17.315834038950044,21.53,P4,회귀검사 통과 시 유지
ABF-169,기준본,1123,"02:25:30,990 --> 02:25:31,670",0.68,그래그래그래.,이거?,음…,중립·혼합형,,,,,25.0,30.0,50.0,78.0,75.0,0.29824,0.0,58.0,0.0,0.0,0.3411,"아, 그래.",간다.,화면 영문 자막 대조,26.31,T4,구조검사 통과 시 유지,,22.52328535139712,24.72,P4,회귀검사 통과 시 유지
ABF-169,기준본,1124,"02:25:52,450 --> 02:25:53,150",0.7,음…,그래그래그래.,음…,중립·혼합형,,,,,25.0,30.0,50.0,78.0,75.0,0.07332,0.0,58.0,0.0,0.0,0.0945,음...,음…,,16.86,T4,구조검사 통과 시 유지,,1.4817950889077054,10.4,P4,회귀검사 통과 시 유지
ABF-169,기준본,1125,"02:25:54,490 --> 02:25:55,050",0.56,음…,음…,음…,중립·혼합형,,,,,25.0,30.0,50.0,78.0,75.0,0.05308,0.0,58.0,0.0,30.0,0.0945,음...,음…,,18.41,T4,구조검사 통과 시 유지,triple_identical_run,3.810330228619814,12.28,P4,회귀검사 통과 시 유지
ABF-169,기준본,1126,"02:25:55,050 --> 02:25:55,250",0.2,음…,음…,응.,중립·혼합형,,,,,25.0,30.0,50.0,78.0,75.0,0.06508,0.0,58.0,0.0,0.0,0.0945,음...,음…,,16.51,T4,구조검사 통과 시 유지,,0.9314140558848433,9.97,P4,회귀검사 통과 시 유지
ABF-169,기준본,1127,"02:25:56,310 --> 02:25:56,570",0.26,응.,음…,음…,반응형,,,,,25.0,30.0,50.0,78.0,75.0,0.06959,0.0,58.0,0.0,0.0,0.467,"하-, 응.",하아… 응.,,16.7,T4,구조검사 통과 시 유지,,1.1430990685859441,10.17,P4,회귀검사 통과 시 유지
ABF-169,기준본,1128,"02:26:16,730 --> 02:26:17,570",0.84,음…,응.,뭔가 귀엽게 보이기도 했어.,중립·혼합형,,,,,25.0,30.0,50.0,78.0,75.0,0.1084,0.0,58.0,0.0,0.0,0.0945,음...,음…,,18.33,T4,구조검사 통과 시 유지,,3.2176121930567314,11.98,P4,회귀검사 통과 시 유지
ABF-169,기준본,1129,"02:26:18,730 --> 02:26:20,350",1.62,뭔가 귀엽게 보이기도 했어.,음…,빙글빙글.,반응형,,,,,25.0,30.0,50.0,78.0,75.0,0.61685,42.0,58.0,0.0,0.0,1.0,뭔가 귀엽게 보이기도 했어.,얼굴 보느라 넋 놓고 있었어.,,47.25,T3,화자·문맥·자연스러움 집중 검토,,93.14140558848433,66.52,P2,앞뒤 5블록·사진·오류 기억을 함께 검토
ABF-169,기준본,1130,"02:26:22,830 --> 02:26:23,950",1.12,빙글빙글.,뭔가 귀엽게 보이기도 했어.,"아, 이제 힘이 풀렸네.",중립·혼합형,,,,,25.0,30.0,50.0,78.0,75.0,0.34755,0.0,58.0,0.0,0.0,0.0036,안 돼.,"네, 놀랐어요.",타임스탬프 사진과 앞뒤 장면으로 대사 기능 복원,28.38,T4,구조검사 통과 시 유지,,29.847586790855207,29.0,P4,회귀검사 통과 시 유지
ABF-169,기준본,1131,"02:27:22,560 --> 02:27:23,960",1.4,"아, 이제 힘이 풀렸네.",빙글빙글.,아…,반응형,,,,,25.0,30.0,50.0,78.0,75.0,0.55625,0.0,58.0,0.0,0.0,0.2602,"아, 아, 아, 아, 아, 아, 아,","아, 아, 아, 아, 아, 아, 아",,37.14,T3,화자·문맥·자연스러움 집중 검토,,63.67485182049111,48.28,P3,말투·질문응답·가독성 위주 검토
ABF-169,기준본,1132,"02:27:27,890 --> 02:27:30,310",2.42,아…,"아, 이제 힘이 풀렸네.",진짜 아슬아슬해.,반응형,,,,,25.0,30.0,50.0,78.0,75.0,0.20059,12.65,58.0,0.0,0.0,0.7554,"싫어, 아… 아… 아…",싫어… 아… 아…,일본어 원문 대조 + 자연스러운 한국어 대사 교정,24.48,T4,구조검사 통과 시 유지,,17.10414902624894,21.38,P4,회귀검사 통과 시 유지
ABF-169,기준본,1133,"02:27:31,270 --> 02:27:32,150",0.88,진짜 아슬아슬해.,아…,아… 이게…,반응형,,,,,25.0,30.0,50.0,78.0,75.0,0.54306,0.0,58.0,0.0,0.0,0.4219,아슬아슬했어.,아슬아슬하게 들어갔어.,손상된 일본어 ASR + 타임스탬프 사진 + 앞뒤 문맥 추론,36.59,T3,화자·문맥·자연스러움 집중 검토,,61.26164267569856,46.95,P3,말투·질문응답·가독성 위주 검토
ABF-169,기준본,1134,"02:28:11,200 --> 02:28:14,280",3.08,아… 이게…,진짜 아슬아슬해.,아… 이게…,반응형,,,,,25.0,30.0,50.0,78.0,75.0,0.35638,0.0,58.0,0.0,0.0,0.3734,"싫어, 아… 아… 아…",싫어… 아… 아…,일본어 원문 대조 + 자연스러운 한국어 대사 교정,28.75,T4,구조검사 통과 시 유지,,31.371718882303135,29.85,P4,회귀검사 통과 시 유지
ABF-169,기준본,1135,"02:28:14,280 --> 02:28:16,300",2.02,아… 이게…,아… 이게…,아…,반응형,,,,,25.0,30.0,50.0,78.0,75.0,0.32522,0.0,58.0,0.0,0.0,0.3734,"싫어, 아… 아… 아…",싫어… 아… 아…,일본어 원문 대조 + 자연스러운 한국어 대사 교정,27.44,T4,구조검사 통과 시 유지,,26.079593564775617,26.87,P4,회귀검사 통과 시 유지
ABF-169,기준본,1136,"02:29:00,680 --> 02:29:02,300",1.62,아…,아… 이게…,아흥.,반응형,,,,,25.0,30.0,50.0,78.0,75.0,0.21963,12.65,58.0,0.0,0.0,0.7554,"싫어, 아… 아… 아…",싫어… 아… 아…,일본어 원문 대조 + 자연스러운 한국어 대사 교정,25.28,T4,구조검사 통과 시 유지,,19.68670618120237,22.93,P4,회귀검사 통과 시 유지
ABF-169,기준본,1137,"02:29:02,300 --> 02:29:03,000",0.7,아흥.,아…,더워? 더워.,반응형,,,,,25.0,30.0,50.0,78.0,75.0,0.30247,0.0,58.0,0.0,0.0,0.0437,"아, 아, 아, 아, 아, 아, 아,","아, 아, 아, 아, 아, 아, 아",,26.48,T4,구조검사 통과 시 유지,,22.94665537679932,25.0,P4,회귀검사 통과 시 유지
ABF-169,기준본,1138,"02:29:26,400 --> 02:29:28,340",1.94,더워? 더워.,아흥.,잠깐 식힐까?,중립·혼합형,,,,,25.0,30.0,50.0,78.0,75.0,0.46073,0.0,58.0,0.0,0.0,0.2609,더워요.,정말 덥네요.,사진 장면 확인 및 한국어 번역투·ASR 오역 교정,33.13,T4,구조검사 통과 시 유지,,48.5182049110923,39.59,P4,회귀검사 통과 시 유지
ABF-169,기준본,1139,"02:29:30,260 --> 02:29:32,060",1.8,잠깐 식힐까?,더워? 더워.,오늘 햇볕에 좀 탔어.,반응형,,,,,25.0,30.0,50.0,78.0,75.0,0.6142,0.0,58.0,0.0,0.0,0.2024,잠깐 쉬어 주세요.,잠깐만요.,,39.58,T3,화자·문맥·자연스러움 집중 검토,,72.81964436917866,53.54,P3,말투·질문응답·가독성 위주 검토
ABF-169,기준본,1140,"02:29:34,220 --> 02:29:35,840",1.62,오늘 햇볕에 좀 탔어.,잠깐 식힐까?,그치?,반응형,,,,,25.0,30.0,50.0,78.0,75.0,0.75276,0.0,58.0,0.0,0.0,0.1968,오늘 진짜 엄청 했네.,오늘 진짜 실컷 했네.,일본어 원문 대조 + 자연스러운 한국어 대사 교정,45.4,T3,화자·문맥·자연스러움 집중 검토,,89.5004233700254,63.92,P2,앞뒤 5블록·사진·오류 기억을 함께 검토
ABF-169,기준본,1141,"02:29:36,760 --> 02:29:37,680",0.92,그치?,오늘 햇볕에 좀 탔어.,햇볕에 탄 거야?,중립·혼합형,,,,,25.0,30.0,50.0,78.0,75.0,0.35028,0.0,58.0,0.0,0.0,0.4921,우리도 그러고 싶죠. 그치?,저희도 그러고 싶어요. 그렇지?,한국어 자연화,28.49,T4,구조검사 통과 시 유지,,30.313293818797625,29.26,P4,회귀검사 통과 시 유지
ABF-169,기준본,1142,"02:29:39,700 --> 02:29:41,120",1.42,햇볕에 탄 거야?,그치?,조금만 쉬자.,반말형,,,,,25.0,30.0,50.0,78.0,75.0,0.63376,0.0,58.0,0.0,0.0,0.2834,끼우는 거야?,끼는 거지?,일본어 원문 대조 + 자연스러운 한국어 대사 교정,40.4,T3,화자·문맥·자연스러움 집중 검토,,76.46062658763759,55.55,P3,말투·질문응답·가독성 위주 검토
ABF-169,기준본,1143,"02:29:42,340 --> 02:29:44,740",2.4,조금만 쉬자.,햇볕에 탄 거야?,"그러게, 그러게.",중립·혼합형,,,,,25.0,30.0,50.0,78.0,75.0,0.6323,42.0,58.0,0.0,0.0,1.0,조금만 쉬자.,조금 쉬자.,일본어 원문 대조 + 자연스러운 한국어 대사 교정,47.9,T3,화자·문맥·자연스러움 집중 검토,,94.36917866215072,67.42,P2,앞뒤 5블록·사진·오류 기억을 함께 검토
ABF-169,기준본,1144,"02:29:46,300 --> 02:29:49,540",3.24,"그러게, 그러게.",조금만 쉬자.,깊숙이 안 들어가게 하고 있잖아.,중립·혼합형,,,,,25.0,30.0,50.0,78.0,75.0,0.65915,19.66,58.0,0.0,0.0,0.8138,그러게.,목욕하면서 이러는 거…,일본어 원문 + 타임스탬프 사진 + 장면 연속성,45.0,T3,화자·문맥·자연스러움 집중 검토,,88.653683319221,63.33,P2,앞뒤 5블록·사진·오류 기억을 함께 검토
ABF-169,기준본,1145,"02:31:22,820 --> 02:31:24,240",1.42,깊숙이 안 들어가게 하고 있잖아.,"그러게, 그러게.",뭐랄까?,반응형,,,,,25.0,30.0,50.0,78.0,75.0,0.86348,0.0,58.0,0.0,0.0,0.4072,서 있잖아.,완전히 서 있잖아.,일본어 원문 대조 + 자연스러운 한국어 대사 교정,50.05,T3,화자·문맥·자연스러움 집중 검토,,97.41744284504658,69.94,P2,앞뒤 5블록·사진·오류 기억을 함께 검토
ABF-169,기준본,1146,"02:31:26,400 --> 02:31:28,400",2.0,뭐랄까?,깊숙이 안 들어가게 하고 있잖아.,"조금, 안쪽까지 넣을게.",중립·혼합형,,,,,25.0,30.0,50.0,78.0,75.0,0.34838,0.0,58.0,0.0,0.0,0.2292,"신경 안 쓰여? 별로. 별로 안 쓰여. 뭐랄까? 눈 쪽이... 엄청 예뻐, 여기. 우와~ 발견해 버렸다. 와, 좋네요 이거. 대박. 어, 엄청 예쁘다. 반대로 좀 무섭네. 바닥. 와, 대박. 여기 봐봐. 좋네요.","신경 안 쓰여? 별로. 별로 안 쓰여. 뭐랄까? 눈 쪽이… 엄청 예뻐, 여기. 우와… 발견해 버렸다. 와, 좋네요 이거. 대박. 어, 엄청 예쁘다. 반대로 좀 무섭네. 바닥. 와, 대박. 여기 봐봐. 좋네요.",,28.41,T4,구조검사 통과 시 유지,,29.974597798475866,29.07,P4,회귀검사 통과 시 유지
ABF-169,기준본,1147,"02:31:32,300 --> 02:31:34,480",2.18,"조금, 안쪽까지 넣을게.",뭐랄까?,"조금, 안쪽까지 넣을게.",반말형,,,,,25.0,30.0,50.0,78.0,83.0,0.85074,0.0,58.0,0.0,0.0,0.4735,안쪽까지 안 가?,더 안쪽까지 안 들어가?,일본어 원문 대조 + 자연스러운 한국어 대사 교정,49.99,T3,화자·문맥·자연스러움 집중 검토,,97.2904318374259,69.86,P2,앞뒤 5블록·사진·오류 기억을 함께 검토
ABF-169,기준본,1148,"02:31:35,540 --> 02:31:36,880",1.34,"조금, 안쪽까지 넣을게.","조금, 안쪽까지 넣을게.",아아.,반말형,,,,,25.0,30.0,50.0,78.0,83.0,0.88617,0.0,58.0,0.0,0.0,0.4735,안쪽까지 안 가?,더 안쪽까지 안 들어가?,일본어 원문 대조 + 자연스러운 한국어 대사 교정,51.48,T3,화자·문맥·자연스러움 집중 검토,,98.64521591871296,71.29,P2,앞뒤 5블록·사진·오류 기억을 함께 검토
ABF-169,기준본,1149,"02:31:50,750 --> 02:31:51,290",0.54,아아.,"조금, 안쪽까지 넣을게.",어?,반응형,,,,,25.0,30.0,50.0,78.0,75.0,0.27801,0.0,58.0,0.0,0.0,0.4608,아아...,아아…,,25.46,T4,구조검사 통과 시 유지,,19.983065198983912,23.16,P4,회귀검사 통과 시 유지
ABF-169,기준본,1150,"02:32:04,810 --> 02:32:05,350",0.54,어?,아아.,"어, 미안.",반응형,,,,,25.0,30.0,50.0,78.0,75.0,0.17631,0.0,58.0,0.0,0.0,0.323,어? 벗기고 싶다고? 응.,해 줬으면 좋겠어? 응.,손상된 일본어 ASR + 타임스탬프 사진 + 앞뒤 문맥 추론,21.18,T4,구조검사 통과 시 유지,,8.25571549534293,15.75,P4,회귀검사 통과 시 유지
ABF-169,기준본,1151,"02:32:14,180 --> 02:32:15,720",1.54,"어, 미안.",어?,"아, 아, 아, 아, 아…",반응형,,,,,25.0,30.0,50.0,78.0,75.0,0.28657,7.89,58.0,0.0,0.0,0.7157,정말 미안.,미안해.,일본어 원문 대조 + 자연스러운 한국어 대사 교정,27.24,T4,구조검사 통과 시 유지,,25.148179508890774,26.36,P4,회귀검사 통과 시 유지
ABF-169,기준본,1152,"02:32:34,040 --> 02:33:15,130",41.09,"아, 아, 아, 아, 아…","어, 미안.",나온다…,반응형,,,,,25.0,30.0,50.0,78.0,75.0,0.41697,65.83,58.0,0.0,0.0,0.9986,"아, 아, 아, 아…","아, 아, 아…",일본어 원문 대조 + 자연스러운 한국어 대사 교정,43.14,T3,화자·문맥·자연스러움 집중 검토,token_repetition,83.14987298899239,59.94,P2,앞뒤 5블록·사진·오류 기억을 함께 검토
ABF-169,기준본,1153,"02:33:33,840 --> 02:33:34,840",1.0,나온다…,"아, 아, 아, 아, 아…",나왔어…,중립·혼합형,,,,,25.0,30.0,50.0,78.0,75.0,0.15982,42.0,58.0,0.0,0.0,1.0,나온다…,나올 것 같아…,,28.05,T4,구조검사 통과 시 유지,,27.60372565622354,27.86,P4,회귀검사 통과 시 유지
ABF-169,기준본,1154,"02:33:37,280 --> 02:33:37,960",0.68,나왔어…,나온다…,누워 있었어.,반응형,,,,,25.0,30.0,50.0,78.0,75.0,0.29491,42.0,58.0,0.0,0.0,1.0,나왔어…,"아, 물 나왔어…",,33.73,T4,구조검사 통과 시 유지,,51.31244707874683,41.11,P3,말투·질문응답·가독성 위주 검토
ABF-169,기준본,1155,"02:33:40,100 --> 02:33:48,630",8.53,누워 있었어.,나왔어…,누워.,반응형,,,,,25.0,30.0,50.0,78.0,75.0,0.47436,42.0,58.0,0.0,0.0,1.0,누워 있었어.,더 뿜어봐.,,41.26,T3,화자·문맥·자연스러움 집중 검토,,78.23878069432683,56.79,P3,말투·질문응답·가독성 위주 검토
ABF-169,기준본,1156,"02:33:58,670 --> 02:33:59,690",1.02,누워.,누워 있었어.,기분 좋아…,중립·혼합형,,,,,25.0,30.0,50.0,78.0,75.0,0.34887,42.0,58.0,0.0,0.0,1.0,누워.,물 나온다.,,35.99,T3,화자·문맥·자연스러움 집중 검토,,58.42506350550381,45.41,P3,말투·질문응답·가독성 위주 검토
ABF-169,기준본,1157,"02:35:06,160 --> 02:35:08,160",2.0,기분 좋아…,누워.,이제 움직이지 마.,반응형,,,,,25.0,30.0,50.0,78.0,75.0,0.49845,15.0,58.0,0.0,0.0,0.775,아- 기분 좋아…,아… 기분 좋아…,,37.42,T3,화자·문맥·자연스러움 집중 검토,,64.73327688399661,48.89,P3,말투·질문응답·가독성 위주 검토
ABF-169,기준본,1158,"02:35:47,360 --> 02:35:48,300",0.94,이제 움직이지 마.,기분 좋아…,가만히 있어.,반말형,,,,,25.0,30.0,50.0,78.0,79.0,0.72747,0.0,58.0,0.0,0.0,0.3478,하지 마.,잠깐만.,손상된 일본어 ASR + 타임스탬프 사진 + 앞뒤 문맥 추론,44.57,T3,화자·문맥·자연스러움 집중 검토,,87.25656223539373,62.5,P2,앞뒤 5블록·사진·오류 기억을 함께 검토
ABF-169,기준본,1159,"02:35:48,300 --> 02:35:49,140",0.84,가만히 있어.,이제 움직이지 마.,움직이면 안 돼.,반응형,,,,,25.0,30.0,50.0,78.0,75.0,0.42891,0.0,58.0,0.0,0.0,0.3234,뒤에 있어.,뒤쪽도 보여 줘.,일본어 원문 대조 + 자연스러운 한국어 대사 교정,31.79,T4,구조검사 통과 시 유지,,42.84504657070279,36.43,P4,회귀검사 통과 시 유지
ABF-169,기준본,1160,"02:35:51,720 --> 02:36:00,140",8.42,움직이면 안 돼.,가만히 있어.,이 자세 힘드네.,중립·혼합형,,,,,25.0,30.0,50.0,78.0,79.0,0.7257,0.0,58.0,0.0,0.0,0.4882,안 돼.,"네, 놀랐어요.",타임스탬프 사진과 앞뒤 장면으로 대사 기능 복원,44.5,T3,화자·문맥·자연스러움 집중 검토,,86.87552921253176,62.3,P2,앞뒤 5블록·사진·오류 기억을 함께 검토
ABF-169,기준본,1161,"02:36:42,610 --> 02:36:44,950",2.34,이 자세 힘드네.,움직이면 안 돼.,힘들지.,반말형,,,,,25.0,30.0,50.0,78.0,75.0,0.53959,0.0,58.0,0.0,0.0,0.1891,하아… 이제 좀 정신이 드네.,하아… 이제 좀 정신이 들어.,일본어 원문 대조 + 자연스러운 한국어 대사 교정,36.44,T3,화자·문맥·자연스러움 집중 검토,,60.033869602032176,46.35,P3,말투·질문응답·가독성 위주 검토
ABF-169,기준본,1162,"02:36:45,390 --> 02:36:48,590",3.2,힘들지.,이 자세 힘드네.,다리가 말이야.,반말형,,,,,25.0,30.0,50.0,78.0,75.0,0.34418,0.0,58.0,0.0,0.0,0.151,걷기 힘들어.,응.,일본어 원문 + 타임스탬프 사진 + 장면 연속성,28.24,T4,구조검사 통과 시 유지,,29.170194750211685,28.63,P4,회귀검사 통과 시 유지
ABF-169,기준본,1163,"02:36:48,650 --> 02:36:49,330",0.68,다리가 말이야.,힘들지.,힘들긴 해도 기분 좋지.,반말형,,,,,25.0,30.0,50.0,78.0,75.0,0.54643,0.0,58.0,0.0,0.0,0.5712,유두 말이야.,젖꼭지 말이야.,,36.73,T3,화자·문맥·자연스러움 집중 검토,,61.642675698560545,47.19,P3,말투·질문응답·가독성 위주 검토
ABF-169,기준본,1164,"02:36:50,030 --> 02:36:51,390",1.36,힘들긴 해도 기분 좋지.,다리가 말이야.,응.,반말형,,,,,25.0,30.0,50.0,78.0,75.0,0.65585,0.0,58.0,0.0,0.0,0.2947,네가 가주면 좋지.,네가 느껴 주면 나도 좋지.,앞뒤 장면·대사 기능 복원,41.33,T3,화자·문맥·자연스러움 집중 검토,,78.45046570702794,56.92,P3,말투·질문응답·가독성 위주 검토
ABF-169,기준본,1165,"02:36:51,530 --> 02:36:52,450",0.92,응.,힘들긴 해도 기분 좋지.,그 표정은 뭐야?,반응형,,,,,25.0,30.0,50.0,78.0,75.0,0.14375,0.0,58.0,0.0,0.0,0.467,"하-, 응.",하아… 응.,,19.82,T4,구조검사 통과 시 유지,,6.350550381033022,14.16,P4,회귀검사 통과 시 유지
ABF-169,기준본,1166,"02:38:14,530 --> 02:38:15,810",1.28,그 표정은 뭐야?,응.,다리 좀 더 벌려.,반말형,,,,,25.0,30.0,50.0,78.0,75.0,0.62143,0.0,58.0,0.0,0.0,0.4199,"아, 아... 뭐야?","아, 아… 뭐야?",,39.88,T3,화자·문맥·자연스러움 집중 검토,,74.38611346316681,54.37,P3,말투·질문응답·가독성 위주 검토
ABF-169,기준본,1167,"02:38:20,050 --> 02:38:21,370",1.32,다리 좀 더 벌려.,그 표정은 뭐야?,미안해.,중립·혼합형,,,,,25.0,30.0,50.0,78.0,75.0,0.60668,0.0,58.0,0.0,0.0,0.3942,다리를 벌려...,다리를 벌려…,,39.26,T3,화자·문맥·자연스러움 집중 검토,,71.38018628281118,52.75,P3,말투·질문응답·가독성 위주 검토
ABF-169,기준본,1168,"02:38:24,750 --> 02:38:26,610",1.86,미안해.,다리 좀 더 벌려.,아아…,반말형,,,,,25.0,30.0,50.0,78.0,75.0,0.42209,17.73,58.0,0.0,0.0,0.7978,아... 미안해.,아… 미안해.,,34.7,T4,구조검사 통과 시 유지,,54.614733276883996,43.06,P3,말투·질문응답·가독성 위주 검토
ABF-169,기준본,1169,"02:39:05,280 --> 02:39:09,060",3.78,아아…,미안해.,하아…,반응형,,,,,25.0,30.0,50.0,78.0,75.0,0.45284,42.0,58.0,0.0,0.0,1.0,아아…,"와, 진짜 많이 커졌어.",일본어 원문 + 타임스탬프 사진 + 장면 연속성,40.36,T3,화자·문맥·자연스러움 집중 검토,,76.33361558001694,55.47,P3,말투·질문응답·가독성 위주 검토
ABF-169,기준본,1170,"02:39:09,060 --> 02:39:16,060",7.0,하아…,아아…,아…,반응형,,,,,25.0,30.0,50.0,78.0,75.0,0.41682,42.0,58.0,0.0,0.0,1.0,하아…,보여 줘.,일본어 원문 + 타임스탬프 사진 + 장면 연속성,38.85,T3,화자·문맥·자연스러움 집중 검토,,69.55969517358172,51.75,P3,말투·질문응답·가독성 위주 검토
ABF-169,기준본,1171,"02:39:16,100 --> 02:39:18,500",2.4,아…,하아…,아아…,반응형,,,,,25.0,30.0,50.0,78.0,75.0,0.38433,12.65,58.0,0.0,0.0,0.7554,"싫어, 아… 아… 아…",싫어… 아… 아…,일본어 원문 대조 + 자연스러운 한국어 대사 교정,32.2,T4,구조검사 통과 시 유지,,44.36917866215072,37.31,P4,회귀검사 통과 시 유지
ABF-169,기준본,1172,"02:39:18,500 --> 02:39:34,030",15.53,아아…,아…,하아…,반응형,,,,,25.0,30.0,50.0,78.0,75.0,0.43479,42.0,58.0,0.0,0.0,1.0,아아…,"와, 진짜 많이 커졌어.",일본어 원문 + 타임스탬프 사진 + 장면 연속성,39.6,T3,화자·문맥·자연스러움 집중 검토,,72.9043183742591,53.59,P3,말투·질문응답·가독성 위주 검토
ABF-169,기준본,1173,"02:39:40,060 --> 02:39:41,900",1.84,하아…,아아…,아…,반응형,,,,,25.0,30.0,50.0,78.0,75.0,0.42065,42.0,58.0,0.0,0.0,1.0,하아…,보여 줘.,일본어 원문 + 타임스탬프 사진 + 장면 연속성,39.01,T3,화자·문맥·자연스러움 집중 검토,,70.53344623200677,52.25,P3,말투·질문응답·가독성 위주 검토
ABF-169,기준본,1174,"02:39:47,260 --> 02:40:01,020",13.76,아…,하아…,아아…,반응형,,,,,25.0,30.0,50.0,78.0,75.0,0.41547,12.65,58.0,0.0,0.0,0.7554,"싫어, 아… 아… 아…",싫어… 아… 아…,일본어 원문 대조 + 자연스러운 한국어 대사 교정,33.51,T4,구조검사 통과 시 유지,,50.084674005080444,40.47,P3,말투·질문응답·가독성 위주 검토
ABF-169,기준본,1175,"02:40:01,600 --> 02:40:03,360",1.76,아아…,아…,하아…,반응형,,,,,25.0,30.0,50.0,78.0,75.0,0.40112,42.0,58.0,0.0,0.0,1.0,아아…,"와, 진짜 많이 커졌어.",일본어 원문 + 타임스탬프 사진 + 장면 연속성,38.19,T3,화자·문맥·자연스러움 집중 검토,,67.31583403895004,50.42,P3,말투·질문응답·가독성 위주 검토
ABF-169,기준본,1176,"02:40:03,360 --> 02:40:16,910",13.55,하아…,아아…,다리에 물이 묻었네.,반응형,,,,,25.0,30.0,50.0,78.0,75.0,0.49461,42.0,58.0,0.0,0.0,1.0,하아…,보여 줘.,일본어 원문 + 타임스탬프 사진 + 장면 연속성,42.11,T3,화자·문맥·자연스러움 집중 검토,,80.90601185436071,58.4,P2,앞뒤 5블록·사진·오류 기억을 함께 검토
ABF-169,기준본,1177,"02:40:45,640 --> 02:41:03,430",17.79,다리에 물이 묻었네.,하아…,나빠. 나쁜 애야.,반말형,,,,,25.0,30.0,50.0,78.0,75.0,0.79239,0.0,58.0,0.0,0.0,0.1781,뜨거운 물이 나오는 것 같아.,같이 목욕하니까 좋다.,일본어 원문 + 타임스탬프 사진 + 장면 연속성,47.06,T3,화자·문맥·자연스러움 집중 검토,,93.01439458086368,66.36,P2,앞뒤 5블록·사진·오류 기억을 함께 검토
ABF-169,기준본,1178,"02:41:06,290 --> 02:41:08,450",2.16,나빠. 나쁜 애야.,다리에 물이 묻었네.,나쁜 애네.,반말형,,,,,25.0,30.0,50.0,78.0,75.0,0.60343,0.0,58.0,0.0,0.0,0.0921,기분 좋아... 숨이 가빠.,기분 좋아… 숨이 가빠.,,39.12,T3,화자·문맥·자연스러움 집중 검토,,70.7874682472481,52.42,P3,말투·질문응답·가독성 위주 검토
ABF-169,기준본,1179,"02:41:14,430 --> 02:41:15,310",0.88,나쁜 애네.,나빠. 나쁜 애야.,"하아, 진짜 좋았어.",반말형,,,,,25.0,30.0,50.0,78.0,75.0,0.59447,0.0,58.0,0.0,0.0,0.065,정말 예쁜 가슴이네...,정말 예쁜 가슴이네…,,38.75,T3,화자·문맥·자연스러움 집중 검토,,69.00931414055886,51.46,P3,말투·질문응답·가독성 위주 검토
ABF-169,기준본,1180,"02:41:16,330 --> 02:41:17,070",0.74,"하아, 진짜 좋았어.",나쁜 애네.,응.,반응형,,,,,25.0,30.0,50.0,78.0,75.0,0.70845,0.0,58.0,0.0,0.0,0.3597,"하아, 하아...","하아, 하아…",,43.53,T3,화자·문맥·자연스러움 집중 검토,,84.67400508044031,60.81,P2,앞뒤 5블록·사진·오류 기억을 함께 검토
ABF-169,기준본,1181,"02:41:17,070 --> 02:41:17,770",0.7,응.,"하아, 진짜 좋았어.",,반응형,,,,,25.0,30.0,50.0,78.0,75.0,0.19996,0.0,58.0,0.0,0.0,0.467,"하-, 응.",하아… 응.,,22.18,T4,구조검사 통과 시 유지,,10.795935647756139,17.4,P4,회귀검사 통과 시 유지
