title,stage,block,timecode,duration_seconds,text,prev_text,next_text,style_profile,frame_file,frame_difference_seconds,basis,evidence_confidence,source_meaning_confidence,scene_fit_confidence,speaker_confidence,korean_naturalness,hallucination_risk,model_change_probability,rule_risk,provenance_risk,timing_risk,continuity_risk,error_memory_similarity,nearest_prior_bad_text,nearest_prior_correction,nearest_prior_basis,final_risk,tier,recommended_action,flags,relative_risk_percentile,priority_score,review_band,priority_action
SSIS-642,사진 대조 1차 교정본,768,"02:14:26,280 --> 02:14:26,300",0.02,힘 빼고 천천히 받아.,조금 더 참아.,그대로 안쪽까지 깊이 들어가게 해.,반응형,,0.02,,,25.0,90.0,50.0,78.0,79.0,0.97552,0.0,66.0,70.0,0.0,0.5697,힘을 빼고 천천히 받아들여 봐.,힘 빼고 천천히 받아 줘.,,63.27,T2,후보 3개 생성 후 증거 기반 판정,high_cps,100.0,78.7,P1,장면 패킷을 열고 후보 3개를 생성해 반증 검토
SSIS-642,사진 대조 1차 교정본,348,"00:53:37,030 --> 00:54:06,400",29.37,더 세게.,바로 거기야.,앉아 봐.,중립·혼합형,,0.03,,,25.0,90.0,50.0,78.0,75.0,0.99499,0.0,66.0,25.0,0.0,0.3757,더 세게 해 줘.,더 세게.,일본어 원문 대조 + 자연스러운 한국어 대사 교정,59.35,T3,화자·문맥·자연스러움 집중 검토,long_duration_short_text,99.87468671679198,76.37,P1,장면 패킷을 열고 후보 3개를 생성해 반증 검토
SSIS-642,사진 대조 1차 교정본,237,"00:32:31,690 --> 00:32:31,710",0.02,가만히 있어.,얌전히 있어.,그렇게 얌전히 있어.,반응형,,0.01,,,25.0,90.0,50.0,78.0,75.0,0.81745,0.0,66.0,70.0,0.0,0.3275,뒤에 있어.,뒤쪽도 보여 줘.,일본어 원문 대조 + 자연스러운 한국어 대사 교정,56.39,T3,화자·문맥·자연스러움 집중 검토,high_cps,99.74937343358395,74.6,P1,장면 패킷을 열고 후보 3개를 생성해 반증 검토
SSIS-642,사진 대조 1차 교정본,659,"01:48:35,680 --> 01:48:39,320",3.64,"자, 내 것도 잔뜩 입에 넣고 핥아.",정말 소름 끼쳐요.,이것도 원했지? 핥고 싶었잖아.,중립·혼합형,,0.02,,,25.0,90.0,50.0,78.0,83.0,0.97133,0.0,66.0,0.0,0.0,0.3464,혀로 핥아.,그대로 핥아 줘.,일본어 원문 대조 + 자연스러운 한국어 대사 교정,56.34,T3,화자·문맥·자연스러움 집중 검토,,99.62406015037594,74.52,P1,장면 패킷을 열고 후보 3개를 생성해 반증 검토
SSIS-642,사진 대조 1차 교정본,252,"00:38:30,410 --> 00:38:30,630",0.22,이미 넘어가 버린 것 같네…,느낀다고 말해도 돼.,말했나?,반응형,,0.01,,,25.0,90.0,50.0,78.0,75.0,0.76364,11.57,66.0,70.0,0.0,0.7464,이미 넘어가 버린 것 같네...,이미 넘어가 버린 것 같네…,,56.22,T3,화자·문맥·자연스러움 집중 검토,high_cps,99.49874686716792,74.4,P1,장면 패킷을 열고 후보 3개를 생성해 반증 검토
SSIS-642,사진 대조 1차 교정본,622,"01:38:53,920 --> 01:38:54,680",0.76,더 세게 해서 안쪽까지 전부 쏟아 줘요.,이제 참을 수 없겠지?,그래.,반말형,,0.02,,,25.0,90.0,50.0,78.0,79.0,0.88352,0.0,66.0,35.26,0.0,0.4305,안쪽까지 안 가?,더 안쪽까지 안 들어가?,일본어 원문 대조 + 자연스러운 한국어 대사 교정,55.93,T3,화자·문맥·자연스러움 집중 검토,high_cps,99.37343358395991,74.18,P1,장면 패킷을 열고 후보 3개를 생성해 반증 검토
SSIS-642,사진 대조 1차 교정본,142,"00:12:40,490 --> 00:14:14,840",94.35,손가락도 예쁘고 얼굴도 예뻐. 보고 있자니 침이 절로 나오네.,피부도 예쁘네. 잠든 거야? 그러다 감기 걸린다.,술을 너무 마시고 잠드니까 이런 일이 생기는 거야.,반말형,,0.01,,,25.0,90.0,50.0,78.0,75.0,0.96471,0.0,66.0,0.0,0.0,0.2306,손가락도 엉덩이도 좋아? 이쪽도 빨아 줄까?,손가락도 엉덩이도 좋아? 이쪽도 핥아 줄까?,일본어 원문 대조 + 자연스러운 한국어 대사 교정,55.58,T3,화자·문맥·자연스러움 집중 검토,,99.24812030075188,73.92,P1,장면 패킷을 열고 후보 3개를 생성해 반증 검토
SSIS-642,사진 대조 1차 교정본,235,"00:31:51,560 --> 00:32:00,120",8.56,"왜 계속 멈추지 않는 거야? 싫지 않은 거잖아. 자, 제대로 움직여 봐.",돌아가라고 한 적 없어. 섹스 좋아하잖아. 얌전한 얼굴로 계속 흘리고 있군.,얌전히 있어.,반말형,,0.04,,,25.0,90.0,50.0,78.0,79.0,0.95862,0.0,66.0,0.0,0.0,0.2707,멈추지 말고 계속하자.,멈추지 말고 계속해.,사진 장면 확인 및 한국어 번역투 교정,55.56,T3,화자·문맥·자연스러움 집중 검토,,99.12280701754386,73.86,P1,장면 패킷을 열고 후보 3개를 생성해 반증 검토
SSIS-642,사진 대조 1차 교정본,30,"00:01:40,340 --> 00:01:43,580",3.24,게다가 손가락에 침 묻혀서 서류를 넘긴다는 얘기도 들었어.,기분 나빠지니까 그런 얘기 그만해.,응. 제발 그만해.,중립·혼합형,,0.04,,,25.0,90.0,50.0,78.0,79.0,0.94636,0.0,66.0,0.0,0.0,0.0983,손가락도 엉덩이도 좋아? 이쪽도 빨아 줄까?,손가락도 엉덩이도 좋아? 이쪽도 핥아 줄까?,일본어 원문 대조 + 자연스러운 한국어 대사 교정,55.05,T3,화자·문맥·자연스러움 집중 검토,,98.99749373433583,73.51,P1,장면 패킷을 열고 후보 3개를 생성해 반증 검토
SSIS-642,사진 대조 1차 교정본,487,"01:17:11,340 --> 01:17:16,940",5.6,그 모토키 부장한테 불쾌한 말을 듣거나 싫은 일을 당하진 않았어?,응.,싫은 일은… 싫은 일…,중립·혼합형,,0.04,,,25.0,90.0,50.0,78.0,75.0,0.93763,0.0,66.0,0.0,0.0,0.2414,이상하지 않았어?,오래 만난 사람은?,손상된 일본어 ASR + 타임스탬프 사진 + 앞뒤 문맥 추론,54.44,T3,화자·문맥·자연스러움 집중 검토,,98.80952380952381,73.08,P1,장면 패킷을 열고 후보 3개를 생성해 반증 검토
SSIS-642,사진 대조 1차 교정본,557,"01:20:53,460 --> 01:21:02,220",8.76,남자친구랑 통화하는 동안 핥아 주니까 좋아했잖아.,너 정말 예쁘구나.,응?,반말형,,0.04,,,25.0,90.0,50.0,78.0,79.0,0.9319,0.0,66.0,0.0,0.0,0.3054,남자친구와 통화하면서 몸을 핥아 주니 느끼고 있었던 거지.,남자친구랑 통화하는 동안 핥아 주니까 좋아했잖아.,,54.44,T3,화자·문맥·자연스러움 집중 검토,,98.80952380952381,73.08,P1,장면 패킷을 열고 후보 3개를 생성해 반증 검토
SSIS-642,사진 대조 1차 교정본,27,"00:01:31,460 --> 00:01:36,720",5.26,"밥 먹고 나면 이쑤시개로 쑤시고, 그걸 또 차에 씻는다는 얘기지?","알아, 알아. 나도 들은 적 있어.",응.,반말형,,0.04,,,25.0,90.0,50.0,78.0,79.0,0.93002,0.0,66.0,0.0,0.0,0.2021,그걸 먹고…,뭐 좀 먹고…,일본어 원문 대조 + 자연스러운 한국어 대사 교정,54.36,T3,화자·문맥·자연스러움 집중 검토,,98.62155388471177,72.95,P1,장면 패킷을 열고 후보 3개를 생성해 반증 검토
SSIS-642,사진 대조 1차 교정본,646,"01:42:15,010 --> 01:44:22,300",127.29,다음엔 키스하는 모습도 찍었어요.,하지만 먼저 원하는 모습을 보여 주세요.,우리 둘의 은밀한 모습이 전부 담겨 있어요.,반응형,,0.01,,,25.0,90.0,50.0,78.0,79.0,0.92678,0.0,66.0,0.0,0.0,0.2686,다음엔 열심히 할게요.,다음엔 더 열심히 할게요.,사진 장면 확인 및 한국어 번역투·ASR 오역 교정,54.22,T3,화자·문맥·자연스러움 집중 검토,,98.49624060150376,72.82,P1,장면 패킷을 열고 후보 3개를 생성해 반증 검토
SSIS-642,사진 대조 1차 교정본,653,"01:45:36,240 --> 01:45:43,700",7.46,"이런, 차가운 미인인 부하라고 생각했는데 감정을 이렇게 드러낼 줄도 아는군.",그렇게 노골적인 표현밖에 못 해요? 최악이에요.,그만큼 우리 사이가 깊어졌다는 뜻일까?,중립·혼합형,,0.04,,,25.0,90.0,50.0,78.0,75.0,0.93087,0.0,66.0,0.0,0.0,0.2683,"자, 술도 깼으니 그 차가운 가면을 벗고 감정을 드러내 봐.",이제 술도 깼으니 그 무표정한 얼굴 말고 솔직한 표정 좀 보여 봐.,사진 장면 확인 및 한국어 번역투 교정,54.16,T3,화자·문맥·자연스러움 집중 검토,,98.37092731829574,72.73,P1,장면 패킷을 열고 후보 3개를 생성해 반증 검토
SSIS-642,사진 대조 1차 교정본,647,"01:44:22,300 --> 01:44:22,800",0.5,우리 둘의 은밀한 모습이 전부 담겨 있어요.,다음엔 키스하는 모습도 찍었어요.,영상도 아주 선명하게 찍혔어요.,중립·혼합형,,0.0,,,25.0,90.0,50.0,78.0,75.0,0.76381,0.0,66.0,70.0,0.0,0.2099,유두에 닿고 있어요.,젖꼭지에 닿아요.,,54.14,T3,화자·문맥·자연스러움 집중 검토,high_cps,98.24561403508771,72.66,P1,장면 패킷을 열고 후보 3개를 생성해 반증 검토
SSIS-642,사진 대조 1차 교정본,689,"01:59:12,530 --> 01:59:27,290",14.76,"자, 엉덩이를 더 내밀어.",이렇게 해.,그렇게 하면 나도 핥아 줄게.,반응형,,0.03,,,25.0,90.0,50.0,78.0,79.0,0.87723,10.11,66.0,0.0,0.0,0.7342,엉덩이를 더 내밀어...,엉덩이를 더 내밀어…,,53.96,T3,화자·문맥·자연스러움 집중 검토,,98.1203007518797,72.51,P1,장면 패킷을 열고 후보 3개를 생성해 반증 검토
SSIS-642,사진 대조 1차 교정본,23,"00:01:17,400 --> 00:01:20,460",3.06,그 사람은 늘 더치페이라 기대할 게 전혀 없어.,한턱 얻어먹을 수 있잖아.,그렇구나. 정말 짠돌이네.,중립·혼합형,,0.0,,,25.0,90.0,50.0,78.0,79.0,0.91979,0.0,66.0,0.0,0.0,0.2141,끝이 없어.,끝도 없네.,사진 장면 확인 및 한국어 번역투·ASR 오역 교정,53.93,T3,화자·문맥·자연스러움 집중 검토,,97.99498746867168,72.44,P1,장면 패킷을 열고 후보 3개를 생성해 반증 검토
SSIS-642,사진 대조 1차 교정본,607,"01:36:47,630 --> 01:36:54,390",6.76,"자, 일어나. 몸에 잔뜩 흘러내리게 해 줄게.","내 정액이랑 네 침으로
자지 끝을 흠뻑 적셔 줘.",엄청 당해 버렸어요.,반말형,,0.03,,,25.0,90.0,50.0,78.0,75.0,0.92499,0.0,66.0,0.0,0.0,0.2015,"누나, 기분 좋게 해 줄게.",나도 기분 좋게 해 줄게.,사진 장면 확인 및 한국어 번역투·ASR 오역 교정,53.91,T3,화자·문맥·자연스러움 집중 검토,,97.86967418546367,72.37,P1,장면 패킷을 열고 후보 3개를 생성해 반증 검토
SSIS-642,사진 대조 1차 교정본,141,"00:12:18,790 --> 00:12:32,620",13.83,피부도 예쁘네. 잠든 거야? 그러다 감기 걸린다.,내가 금방 풀어 줄게.,손가락도 예쁘고 얼굴도 예뻐. 보고 있자니 침이 절로 나오네.,반말형,,0.01,,,25.0,90.0,50.0,78.0,75.0,0.92131,0.0,66.0,0.0,0.0,0.373,이거 예쁘네.,손으로 가리지 마.,일본어 원문 + 타임스탬프 사진 + 장면 연속성,53.76,T3,화자·문맥·자연스러움 집중 검토,,97.74436090225564,72.23,P1,장면 패킷을 열고 후보 3개를 생성해 반증 검토
SSIS-642,사진 대조 1차 교정본,532,"01:19:07,450 --> 01:19:10,670",3.22,계속 덜컹거리는 소리가 나서 말에 집중이 안 되잖아.,스트레칭이라고?,미안해.,중립·혼합형,,0.05,,,25.0,90.0,50.0,78.0,75.0,0.92108,0.0,66.0,0.0,0.0,0.4093,안 되잖아.,안 되지.,일본어 원문 대조 + 자연스러운 한국어 대사 교정,53.75,T3,화자·문맥·자연스러움 집중 검토,,97.61904761904762,72.18,P1,장면 패킷을 열고 후보 3개를 생성해 반증 검토
SSIS-642,사진 대조 1차 교정본,39,"00:02:09,400 --> 00:02:14,120",4.72,"누가 듣고 안 듣고의 문제가 아니라, 말하느냐 마느냐의 문제야.",그게 무슨 상관이야?,"계약도 잘 마무리됐고 술맛이 좋네요, 부장님.",반말형,,0.0,,,25.0,90.0,50.0,78.0,75.0,0.92067,0.0,66.0,0.0,0.0,0.2177,"그런 게 아니라, 말하자면…","그게 아니라, 말하자면…",사진 장면 확인 및 한국어 번역투·ASR 오역 교정,53.73,T3,화자·문맥·자연스러움 집중 검토,,97.4937343358396,72.11,P1,장면 패킷을 열고 후보 3개를 생성해 반증 검토
SSIS-642,사진 대조 1차 교정본,124,"00:06:40,420 --> 00:06:45,800",5.38,네. 붙어 있는 방이 아니라 방 두 개를 예약한 줄 알았는데요.,"자, 더 마셔.",어떻게든 방 하나만 더 부탁드릴 수 없을까요?,반말형,,0.02,,,25.0,90.0,50.0,78.0,75.0,0.88615,0.0,66.0,0.0,18.0,0.2291,괜찮을 줄 알았는데 차갑네...,괜찮을 줄 알았는데 차갑네…,,53.72,T3,화자·문맥·자연스러움 집중 검토,formality_shift,97.36842105263158,72.05,P1,장면 패킷을 열고 후보 3개를 생성해 반증 검토
SSIS-642,사진 대조 1차 교정본,783,"02:20:51,950 --> 02:20:59,750",7.8,엉덩이를 내밀고 다리를 더 벌려.,아아아아아…,엉덩이를 제대로 내밀고 머리를 숙여.,중립·혼합형,,0.05,,,25.0,90.0,50.0,78.0,79.0,0.91382,0.0,66.0,0.0,0.0,0.6041,엉덩이를 쑥 내밀고 있어.,엉덩이를 쑥 내밀고 있네.,일본어 원문 대조 + 자연스러운 한국어 대사 교정,53.68,T3,화자·문맥·자연스러움 집중 검토,,97.24310776942356,71.98,P2,앞뒤 5블록·사진·오류 기억을 함께 검토
SSIS-642,사진 대조 1차 교정본,692,"01:59:55,450 --> 01:59:57,770",2.32,안쪽까지 제대로 핥아 줄게.,야한 엉덩이 구멍이군.,오!,반응형,,0.05,,,25.0,90.0,50.0,78.0,83.0,0.9079,0.0,66.0,0.0,0.0,0.5236,안쪽까지 안 가?,더 안쪽까지 안 들어가?,일본어 원문 대조 + 자연스러운 한국어 대사 교정,53.67,T3,화자·문맥·자연스러움 집중 검토,,97.11779448621553,71.92,P2,앞뒤 5블록·사진·오류 기억을 함께 검토
SSIS-642,사진 대조 1차 교정본,425,"01:11:34,460 --> 01:11:36,540",2.08,젖꼭지에도 침 잔뜩 묻혀.,철퍽철퍽 소리가 나네.,부장님…,반말형,,0.04,,,25.0,90.0,50.0,78.0,83.0,0.90711,0.0,66.0,0.0,0.0,0.4837,유두에도 침을 잔뜩 묻혀.,젖꼭지에도 침 잔뜩 묻혀.,,53.64,T3,화자·문맥·자연스러움 집중 검토,,96.99248120300751,71.85,P2,앞뒤 5블록·사진·오류 기억을 함께 검토
SSIS-642,사진 대조 1차 교정본,784,"02:22:20,870 --> 02:22:24,510",3.64,엉덩이를 제대로 내밀고 머리를 숙여.,엉덩이를 내밀고 다리를 더 벌려.,더.,중립·혼합형,,0.03,,,25.0,90.0,50.0,78.0,79.0,0.90955,0.0,66.0,0.0,0.0,0.5218,엉덩이를 쑥 내밀고 있어.,엉덩이를 쑥 내밀고 있네.,일본어 원문 대조 + 자연스러운 한국어 대사 교정,53.5,T3,화자·문맥·자연스러움 집중 검토,,96.8671679197995,71.71,P2,앞뒤 5블록·사진·오류 기억을 함께 검토
SSIS-642,사진 대조 1차 교정본,114,"00:05:49,970 --> 00:05:52,510",2.54,잘 씻어 내야 건강해지지. 건강해야 해.,"부드럽게, 부드럽게.",성희롱은 하면 안 되잖아요.,반말형,,0.03,,,25.0,90.0,50.0,78.0,79.0,0.90877,0.0,66.0,0.0,0.0,0.2542,또 건강해져 버릴까?,또 섰어?,타임스탬프 사진과 앞뒤 장면으로 대사 기능 복원,53.47,T3,화자·문맥·자연스러움 집중 검토,,96.74185463659147,71.64,P2,앞뒤 5블록·사진·오류 기억을 함께 검토
SSIS-642,사진 대조 1차 교정본,234,"00:31:40,260 --> 00:31:48,600",8.34,돌아가라고 한 적 없어. 섹스 좋아하잖아. 얌전한 얼굴로 계속 흘리고 있군.,"안 돼요, 그만해 주세요.","왜 계속 멈추지 않는 거야? 싫지 않은 거잖아. 자, 제대로 움직여 봐.",반말형,,0.04,,,25.0,90.0,50.0,78.0,75.0,0.91432,0.0,66.0,0.0,0.0,0.3125,너 이런 거 좋아하잖아.,이렇게 묶이는 거 좋아하잖아.,,53.46,T3,화자·문맥·자연스러움 집중 검토,,96.61654135338345,71.59,P2,앞뒤 5블록·사진·오류 기억을 함께 검토
SSIS-642,사진 대조 1차 교정본,592,"01:28:33,940 --> 01:28:37,090",3.15,그래. 안쪽까지 깊이 넣어.,더요.,깊이 들어갔어?,반응형,,0.04,,,25.0,90.0,50.0,78.0,83.0,0.90226,0.0,66.0,0.0,0.0,0.519,넣어.,말해 봐.,화면 영문 자막 대조,53.43,T3,화자·문맥·자연스러움 집중 검토,,96.49122807017544,71.52,P2,앞뒤 5블록·사진·오류 기억을 함께 검토
SSIS-642,사진 대조 1차 교정본,386,"01:00:35,790 --> 01:00:44,730",8.94,보기 좋은 자세군. 야하게 다리를 벌리고 만져 달라는 거지?,으음…,더 만져 달라는 거잖아.,반말형,,0.01,,,25.0,90.0,50.0,78.0,75.0,0.91168,0.0,66.0,0.0,0.0,0.2664,잘 거지?,갈 수 있지?,사진 장면 확인 및 한국어 번역투·ASR 오역 교정,53.35,T3,화자·문맥·자연스러움 집중 검토,,96.30325814536342,71.39,P2,앞뒤 5블록·사진·오류 기억을 함께 검토
SSIS-642,사진 대조 1차 교정본,708,"02:02:48,370 --> 02:02:52,170",3.8,그 부분을 흠뻑 젖게 해 줘.,거기도 네 침으로 가득 적셔 줘.,거기서 흘러내리고 있네.,반말형,,0.03,,,25.0,90.0,50.0,78.0,79.0,0.90586,0.0,66.0,0.0,0.0,0.2829,좀 더 해 줘.,보여?,일본어 원문 + 타임스탬프 사진 + 장면 연속성,53.35,T3,화자·문맥·자연스러움 집중 검토,,96.30325814536342,71.39,P2,앞뒤 5블록·사진·오류 기억을 함께 검토
SSIS-642,사진 대조 1차 교정본,176,"00:19:42,900 --> 00:19:47,380",4.48,괜찮아. 이렇게 많이 젖어 있잖아.,으음…,"음, 나왔다.",반응형,,0.0,,,25.0,90.0,50.0,78.0,79.0,0.90475,0.0,66.0,0.0,0.0,0.5479,괜찮아.,최고예요.,화면 영문 자막 대조,53.3,T3,화자·문맥·자연스러움 집중 검토,,96.11528822055138,71.28,P2,앞뒤 5블록·사진·오류 기억을 함께 검토
SSIS-642,사진 대조 1차 교정본,143,"00:16:10,480 --> 00:16:13,300",2.82,술을 너무 마시고 잠드니까 이런 일이 생기는 거야.,손가락도 예쁘고 얼굴도 예뻐. 보고 있자니 침이 절로 나오네.,귀여운 클리토리스네.,반말형,,0.02,,,25.0,90.0,50.0,78.0,75.0,0.90856,0.0,66.0,0.0,0.0,0.2179,토헤산을 마시고 있어.,이거 마셔 보고 싶었어요.,사진 장면 확인 및 한국어 번역투·ASR 오역 교정,53.22,T3,화자·문맥·자연스러움 집중 검토,,95.98997493734336,71.18,P2,앞뒤 5블록·사진·오류 기억을 함께 검토
SSIS-642,사진 대조 1차 교정본,580,"01:26:10,700 --> 01:26:12,640",1.94,그럼 빼고 엉덩이를 내밀어.,더 원해요.,뒤에서 움직여 주세요.,반응형,,0.0,,,25.0,90.0,50.0,78.0,83.0,0.89697,0.0,66.0,0.0,0.0,0.6179,엉덩이를 더 내밀어...,엉덩이를 더 내밀어…,,53.21,T3,화자·문맥·자연스러움 집중 검토,,95.86466165413535,71.12,P2,앞뒤 5블록·사진·오류 기억을 함께 검토
SSIS-642,사진 대조 1차 교정본,469,"01:16:22,050 --> 01:16:26,410",4.36,너 원래 술이 센 편도 아니잖아. 너무 많이 마시지 마.,취해서 방에 있어.,응.,반말형,,0.05,,,25.0,90.0,50.0,78.0,75.0,0.90748,0.0,66.0,0.0,0.0,0.2311,"저기, 우리가 손톱이라고 말한 건 아니잖아.",아까 손톱으로 긁은 건 아니잖아.,타임스탬프 사진과 앞뒤 장면으로 대사 기능 복원,53.17,T3,화자·문맥·자연스러움 집중 검토,,95.73934837092732,71.05,P2,앞뒤 5블록·사진·오류 기억을 함께 검토
SSIS-642,사진 대조 1차 교정본,79,"00:04:11,990 --> 00:04:14,570",2.58,"자, 혀를 위아래로 움직여 봐.",네.,"아, 카, 카, 카…",반응형,,0.01,,,25.0,90.0,50.0,78.0,83.0,0.89214,0.0,66.0,0.0,0.0,0.4303,위아래로 움직이는 느낌...,위아래로 움직이는 느낌…,,53.01,T3,화자·문맥·자연스러움 집중 검토,,95.6140350877193,70.9,P2,앞뒤 5블록·사진·오류 기억을 함께 검토
SSIS-642,사진 대조 1차 교정본,675,"01:55:22,680 --> 01:55:27,740",5.06,계속 움직여서 침범벅으로 만들어.,자지 만지면서 허벅지도 핥아.,힘을 빼.,반응형,,0.02,,,25.0,90.0,50.0,78.0,79.0,0.89374,0.0,66.0,0.0,0.0,0.3296,계속 움직이면서 전부 침투성이로 만들어.,계속 움직여서 침범벅으로 만들어.,,52.84,T3,화자·문맥·자연스러움 집중 검토,,95.48872180451127,70.75,P2,앞뒤 5블록·사진·오류 기억을 함께 검토
SSIS-642,사진 대조 1차 교정본,44,"00:02:55,030 --> 00:02:59,870",4.84,마나 오크라 같은 끈적끈적한 요리가 있으면 좀 주문해 둬.,네.,네.,반말형,,0.03,,,25.0,90.0,50.0,78.0,75.0,0.89683,0.0,66.0,0.0,0.0,0.1346,바이브레이터도 있으면 좋지 않아?,바이브레이터도 같이 쓰면 좋겠지?,일본어 원문 대조 + 자연스러운 한국어 대사 교정,52.73,T3,화자·문맥·자연스러움 집중 검토,,95.36340852130326,70.64,P2,앞뒤 5블록·사진·오류 기억을 함께 검토
SSIS-642,사진 대조 1차 교정본,683,"01:58:16,420 --> 01:58:18,380",1.96,엉덩이를 더 내밀어.,어떻게 할까?,"응, 그래.",반응형,,0.02,,,25.0,90.0,50.0,78.0,79.0,0.82056,16.19,66.0,0.0,0.0,0.7849,엉덩이를 더 내밀어...,엉덩이를 더 내밀어…,,52.68,T3,화자·문맥·자연스러움 집중 검토,,95.23809523809523,70.55,P2,앞뒤 5블록·사진·오류 기억을 함께 검토
SSIS-642,사진 대조 1차 교정본,397,"01:03:44,680 --> 01:03:47,400",2.72,침으로 이 엉덩이도 흠뻑 적셔 줄까?,좋아. 더 만져 달라는 거지?,이쪽 봐.,중립·혼합형,,0.02,,,25.0,90.0,50.0,78.0,79.0,0.88957,0.0,66.0,0.0,0.0,0.444,손가락도 엉덩이도 좋아? 이쪽도 빨아 줄까?,손가락도 엉덩이도 좋아? 이쪽도 핥아 줄까?,일본어 원문 대조 + 자연스러운 한국어 대사 교정,52.66,T3,화자·문맥·자연스러움 집중 검토,,95.11278195488721,70.49,P2,앞뒤 5블록·사진·오류 기억을 함께 검토
SSIS-642,사진 대조 1차 교정본,116,"00:05:55,150 --> 00:06:00,950",5.8,맞아. 요즘은 회사 규정도 엄격하니까. 네 말이 옳아.,성희롱은 하면 안 되잖아요.,"자, 아직 부족하지? 더 마셔.",반말형,,0.05,,,25.0,90.0,50.0,78.0,75.0,0.89347,0.0,66.0,0.0,0.0,0.1711,유두를 좋아하니까.,젖꼭지를 좋아하니까.,,52.59,T3,화자·문맥·자연스러움 집중 검토,,94.9874686716792,70.4,P2,앞뒤 5블록·사진·오류 기억을 함께 검토
SSIS-642,사진 대조 1차 교정본,461,"01:15:53,750 --> 01:15:57,110",3.36,"정말, 미안하다고만 하지 말고 너무 걱정시키지 마.",미안해.,"미안, 미안. 조심할게.",반말형,,0.05,,,25.0,90.0,50.0,78.0,75.0,0.89283,0.0,66.0,0.0,0.0,0.314,하지 마.,잠깐만.,손상된 일본어 ASR + 타임스탬프 사진 + 앞뒤 문맥 추론,52.56,T3,화자·문맥·자연스러움 집중 검토,,94.86215538847118,70.33,P2,앞뒤 5블록·사진·오류 기억을 함께 검토
SSIS-642,사진 대조 1차 교정본,182,"00:21:40,420 --> 00:21:44,240",3.82,이렇게 젖어 놓고 아니라고만 하는군.,하아… 으음…,아니에요. 아니라고요.,반응형,,0.02,,,25.0,90.0,50.0,78.0,79.0,0.8867,0.0,66.0,0.0,0.0,0.2175,젖어 버려.,다리에 힘이 풀려.,일본어 원문 + 타임스탬프 사진 + 장면 연속성,52.54,T3,화자·문맥·자연스러움 집중 검토,,94.73684210526315,70.26,P2,앞뒤 5블록·사진·오류 기억을 함께 검토
SSIS-642,사진 대조 1차 교정본,666,"01:51:38,650 --> 01:51:40,070",1.42,여기도 잔뜩 젖었네.,응.,"자, 허리를 조금 들어 봐.",반말형,,0.05,,,25.0,90.0,50.0,78.0,79.0,0.88593,0.0,66.0,0.0,0.0,0.4447,엄청 젖었네...,엄청 젖었네…,,52.51,T3,화자·문맥·자연스러움 집중 검토,,94.61152882205513,70.19,P2,앞뒤 5블록·사진·오류 기억을 함께 검토
SSIS-642,사진 대조 1차 교정본,769,"02:15:03,420 --> 02:15:05,120",1.7,그대로 안쪽까지 깊이 들어가게 해.,힘 빼고 천천히 받아.,뭔가 나올 것 같아.,반응형,,0.02,,,25.0,90.0,50.0,78.0,79.0,0.88498,0.0,66.0,0.0,0.0,0.4414,안쪽까지 안 가?,더 안쪽까지 안 들어가?,일본어 원문 대조 + 자연스러운 한국어 대사 교정,52.47,T3,화자·문맥·자연스러움 집중 검토,,94.48621553884712,70.12,P2,앞뒤 5블록·사진·오류 기억을 함께 검토
SSIS-642,사진 대조 1차 교정본,690,"01:59:28,670 --> 01:59:30,470",1.8,그렇게 하면 나도 핥아 줄게.,"자, 엉덩이를 더 내밀어.",야한 엉덩이 구멍이군.,반응형,,0.03,,,25.0,90.0,50.0,78.0,79.0,0.88296,0.0,66.0,0.0,0.0,0.3336,그렇게 하면 안쪽이 꽉 차는 것 같아.,그렇게 하니까 안이 꽉 차네.,손상된 일본어 ASR + 타임스탬프 사진 + 앞뒤 문맥 추론,52.38,T3,화자·문맥·자연스러움 집중 검토,,94.3609022556391,70.01,P2,앞뒤 5블록·사진·오류 기억을 함께 검토
SSIS-642,사진 대조 1차 교정본,612,"01:37:46,580 --> 01:37:49,880",3.3,엉덩이를 내밀어 이쪽으로 향하게 해.,몇 번이고 할 수 있겠군.,더 높이 들어.,반응형,,0.02,,,25.0,90.0,50.0,78.0,79.0,0.88209,0.0,66.0,0.0,0.0,0.407,엉덩이를 더 내밀어...,엉덩이를 더 내밀어…,,52.35,T3,화자·문맥·자연스러움 집중 검토,,94.23558897243107,69.94,P2,앞뒤 5블록·사진·오류 기억을 함께 검토
SSIS-642,사진 대조 1차 교정본,66,"00:03:46,050 --> 00:03:50,230",4.18,"일에 대한 열정이 확 쏟아져 나온다든가, 그런 뜻이라고.",알겠어?,그렇지?,중립·혼합형,,0.05,,,25.0,90.0,50.0,78.0,75.0,0.885,0.0,66.0,0.0,0.0,0.1715,나온다…,나올 것 같아…,,52.23,T3,화자·문맥·자연스러움 집중 검토,,94.11027568922306,69.82,P2,앞뒤 5블록·사진·오류 기억을 함께 검토
SSIS-642,사진 대조 1차 교정본,670,"01:53:43,670 --> 01:53:58,010",14.34,누워만 있지 말고 내 몸도 전부 침범벅으로 만들어 줘.,거짓말은 그만해.,이쪽도 더 흠뻑 적셔 줘.,반말형,,0.03,,,25.0,90.0,50.0,78.0,75.0,0.88456,0.0,66.0,0.0,0.0,0.1982,단차를 만들어 갈게요.,높이를 조금씩 맞춰 갈게요.,,52.21,T3,화자·문맥·자연스러움 집중 검토,,93.98496240601504,69.76,P2,앞뒤 5블록·사진·오류 기억을 함께 검토
SSIS-642,사진 대조 1차 교정본,355,"00:55:23,360 --> 00:55:27,420",4.06,빼낸 자지가 침범벅이 된 걸 보여 줘.,침으로 흠뻑 적셔.,뿌리까지 세워서 보여 봐.,반말형,,0.04,,,25.0,90.0,50.0,78.0,79.0,0.87867,0.0,66.0,0.0,0.0,0.2926,자지가 정말...,자지가 정말…,,52.2,T3,화자·문맥·자연스러움 집중 검토,,93.85964912280701,69.7,P2,앞뒤 5블록·사진·오류 기억을 함께 검토
SSIS-642,사진 대조 1차 교정본,661,"01:49:16,920 --> 01:49:27,730",10.81,가슴을 보여 줘. 더 확실하게.,이것도 원했지? 핥고 싶었잖아.,엉덩이도 보여 줘.,중립·혼합형,,0.02,,,25.0,90.0,50.0,78.0,79.0,0.8776,0.0,66.0,0.0,0.0,0.3418,가슴을 대고...,가슴을 대고…,,52.16,T3,화자·문맥·자연스러움 집중 검토,,93.734335839599,69.62,P2,앞뒤 5블록·사진·오류 기억을 함께 검토
SSIS-642,사진 대조 1차 교정본,674,"01:55:16,540 --> 01:55:19,640",3.1,자지 만지면서 허벅지도 핥아.,아…,계속 움직여서 침범벅으로 만들어.,반응형,,0.04,,,25.0,90.0,50.0,78.0,79.0,0.87654,0.0,66.0,0.0,0.0,0.2991,혀로 핥아.,그대로 핥아 줘.,일본어 원문 대조 + 자연스러운 한국어 대사 교정,52.11,T3,화자·문맥·자연스러움 집중 검토,,93.60902255639097,69.54,P2,앞뒤 5블록·사진·오류 기억을 함께 검토
SSIS-642,사진 대조 1차 교정본,583,"01:26:23,960 --> 01:26:25,280",1.32,"자, 엉덩이를 내밀어.",뒤에서 해 주세요.,다리를 더 벌려.,반응형,,0.04,,,25.0,90.0,50.0,78.0,79.0,0.84534,6.67,66.0,0.0,0.0,0.7055,엉덩이를 더 내밀어...,엉덩이를 더 내밀어…,,52.0,T3,화자·문맥·자연스러움 집중 검토,,93.48370927318295,69.42,P2,앞뒤 5블록·사진·오류 기억을 함께 검토
SSIS-642,사진 대조 1차 교정본,402,"01:04:48,730 --> 01:04:49,170",0.44,이제 부끄러울 것도 없잖아.,부끄러워하지 마.,그러니까 진정해.,반응형,,0.03,,,25.0,90.0,50.0,78.0,75.0,0.71853,0.0,66.0,66.36,0.0,0.4206,침대가 이제 여기 없잖아.,침대가 여기까지 밀렸잖아.,,51.87,T3,화자·문맥·자연스러움 집중 검토,high_cps,93.35839598997494,69.3,P2,앞뒤 5블록·사진·오류 기억을 함께 검토
SSIS-642,사진 대조 1차 교정본,91,"00:04:39,650 --> 00:04:40,430",0.78,입을 이렇게 벌리고 혀를 내밀어.,네.,"그래, 위아래로 움직여.",반응형,,0.05,,,25.0,90.0,50.0,78.0,79.0,0.81019,0.0,66.0,25.0,0.0,0.2828,"자, 혀를 조금 내밀어봐...","자, 혀를 조금 내밀어봐…",,51.83,T3,화자·문맥·자연스러움 집중 검토,borderline_cps,93.23308270676691,69.22,P2,앞뒤 5블록·사진·오류 기억을 함께 검토
SSIS-642,사진 대조 1차 교정본,539,"01:19:24,330 --> 01:19:25,630",1.3,뭔가 잘못해서 혼나거나 하진 않았어?,응.,응…,반응형,,0.03,,,25.0,90.0,50.0,78.0,75.0,0.87285,0.0,66.0,0.0,0.0,0.3099,이상하지 않았어?,오래 만난 사람은?,손상된 일본어 ASR + 타임스탬프 사진 + 앞뒤 문맥 추론,51.72,T3,화자·문맥·자연스러움 집중 검토,,93.10776942355889,69.1,P2,앞뒤 5블록·사진·오류 기억을 함께 검토
SSIS-642,사진 대조 1차 교정본,393,"01:02:46,520 --> 01:02:51,420",4.9,엉덩이를 더 내밀어.,움직이지 마.,더 내밀어. 더.,반응형,,0.02,,,25.0,90.0,50.0,78.0,79.0,0.79634,16.19,66.0,0.0,0.0,0.7849,엉덩이를 더 내밀어...,엉덩이를 더 내밀어…,,51.66,T3,화자·문맥·자연스러움 집중 검토,,92.98245614035088,69.02,P2,앞뒤 5블록·사진·오류 기억을 함께 검토
SSIS-642,사진 대조 1차 교정본,717,"02:04:13,390 --> 02:04:15,730",2.34,거기에 손을 짚고 엉덩이를 내밀어.,자지 넣어 주세요.,엉덩이를 더 내밀어…,반응형,,0.01,,,25.0,90.0,50.0,78.0,79.0,0.86501,0.0,66.0,0.0,0.0,0.5025,엉덩이를 더 내밀어...,엉덩이를 더 내밀어…,,51.63,T3,화자·문맥·자연스러움 집중 검토,,92.85714285714286,68.95,P2,앞뒤 5블록·사진·오류 기억을 함께 검토
SSIS-642,사진 대조 1차 교정본,55,"00:03:22,550 --> 00:03:28,490",5.94,"물론 그것도 있지만, 끈적한 걸 먹으면 몸에서 확 쏟아져 나오거든.","면역력 증진이라, 아쉽군.",확 쏟아져요?,반말형,,0.05,,,25.0,90.0,50.0,78.0,75.0,0.86929,0.0,66.0,0.0,0.0,0.1998,"제가 주도하는 작품은 다른 것도 나와 있지만,",제가 주도하는 작품은 다른 것도 나와 있지만,,51.57,T3,화자·문맥·자연스러움 집중 검토,,92.73182957393483,68.86,P2,앞뒤 5블록·사진·오류 기억을 함께 검토
SSIS-642,사진 대조 1차 교정본,528,"01:18:51,550 --> 01:18:54,810",3.26,"열심히 하는 건 좋은데, 아까부터 대체 뭐 하는 거야?",일 열심히 할게.,스트레칭.,반말형,,0.05,,,25.0,90.0,50.0,78.0,75.0,0.86657,0.0,66.0,0.0,0.0,0.3387,뭐라고 하는 거야?,뭐라고 말해야 해?,일본어 원문 대조 + 자연스러운 한국어 대사 교정,51.46,T3,화자·문맥·자연스러움 집중 검토,,92.60651629072682,68.74,P2,앞뒤 5블록·사진·오류 기억을 함께 검토
SSIS-642,사진 대조 1차 교정본,105,"00:05:04,360 --> 00:05:09,600",5.24,카에데 군의 침은 충분히 끈끈해. 끈적한 음식을 잘 먹고 있다는 뜻이지.,진단 결과는 이렇습니다.,그러니 침도 끈끈한 거야.,반말형,,0.04,,,25.0,90.0,50.0,78.0,75.0,0.86216,0.0,66.0,0.0,0.0,0.1737,카에데 후와 씨라는…,카에데 후우아 씨라는 분입니다.,출연자 이름 오인식 교정,51.27,T3,화자·문맥·자연스러움 집중 검토,,92.4812030075188,68.58,P2,앞뒤 5블록·사진·오류 기억을 함께 검토
SSIS-642,사진 대조 1차 교정본,241,"00:33:15,410 --> 00:33:16,770",1.36,엉덩이에 힘을 줘 봐.,으음…,멈추라고 생각해 봐.,중립·혼합형,,0.01,,,25.0,90.0,50.0,78.0,79.0,0.85537,0.0,66.0,0.0,0.0,0.3774,엉덩이 좀 봐.,이 유카타 진짜 귀엽네.,일본어 원문 + 타임스탬프 사진 + 장면 연속성,51.23,T3,화자·문맥·자연스러움 집중 검토,,92.29323308270678,68.48,P2,앞뒤 5블록·사진·오류 기억을 함께 검토
SSIS-642,사진 대조 1차 교정본,687,"01:58:51,320 --> 01:58:55,320",4.0,더 깊이 빨아야 자지 넣어 주지.,"으음, 으음…",이렇게 해.,반말형,,0.02,,,25.0,90.0,50.0,78.0,79.0,0.85548,0.0,66.0,0.0,0.0,0.5215,더 깊이 물어야 성기를 넣어 주지.,더 깊이 빨아야 자지 넣어 주지.,,51.23,T3,화자·문맥·자연스러움 집중 검토,,92.29323308270678,68.48,P2,앞뒤 5블록·사진·오류 기억을 함께 검토
SSIS-642,사진 대조 1차 교정본,644,"01:41:35,980 --> 01:41:43,100",7.12,다음에는 내 몸도 더 자세히 보여 줄게요.,으음…,하지만 먼저 원하는 모습을 보여 주세요.,중립·혼합형,,0.02,,,25.0,90.0,50.0,78.0,75.0,0.86095,0.0,66.0,0.0,0.0,0.2293,좀 자세히 들여다보게 해줘.,좀 자세히 들여다보게 해 줘.,,51.22,T3,화자·문맥·자연스러움 집중 검토,,92.10526315789474,68.39,P2,앞뒤 5블록·사진·오류 기억을 함께 검토
SSIS-642,사진 대조 1차 교정본,219,"00:27:29,000 --> 00:27:31,700",2.7,뭘 그래. 더 시켜서 더 야한 표정을 보자고.,대단한데.,뭐 하시는 거예요?,반말형,,0.0,,,25.0,90.0,50.0,78.0,75.0,0.82216,0.0,66.0,0.0,18.0,0.2809,너희 사이니까 한 번 나눠 보자고.,둘이 번갈아 해 봐.,사진 장면 확인 및 한국어 번역투·ASR 오역 교정,51.03,T3,화자·문맥·자연스러움 집중 검토,formality_shift,91.97994987468672,68.23,P2,앞뒤 5블록·사진·오류 기억을 함께 검토
SSIS-642,사진 대조 1차 교정본,781,"02:19:55,620 --> 02:20:01,960",6.34,"허리를 제대로 흔들어. 그래, 더 이렇게.",저쪽을 봐. 돌아보면 안 돼. 빠져 버렸잖아.,아아아아아…,중립·혼합형,,0.02,,,25.0,90.0,50.0,78.0,75.0,0.85624,0.0,66.0,0.0,0.0,0.5582,허리를 더 흔들어...,허리를 더 흔들어…,,51.02,T3,화자·문맥·자연스러움 집중 검토,,91.8546365914787,68.17,P2,앞뒤 5블록·사진·오류 기억을 함께 검토
SSIS-642,사진 대조 1차 교정본,248,"00:37:38,720 --> 00:37:42,140",3.42,왜 그만두길 바라지? 너무 기분 좋아서 그래?,이제 본격적으로 시작해 볼까…,이렇게? 느끼는 게 다 보여.,반말형,,0.02,,,25.0,90.0,50.0,78.0,75.0,0.85598,0.0,66.0,0.0,0.0,0.2847,"음-, 왜 그래?",음… 왜 그래?,,51.01,T3,화자·문맥·자연스러움 집중 검토,,91.72932330827066,68.11,P2,앞뒤 5블록·사진·오류 기억을 함께 검토
SSIS-642,사진 대조 1차 교정본,707,"02:02:09,400 --> 02:02:12,340",2.94,거기도 네 침으로 가득 적셔 줘.,나도 해 볼까.,그 부분을 흠뻑 젖게 해 줘.,반말형,,0.0,,,25.0,90.0,50.0,78.0,75.0,0.8558,0.0,66.0,0.0,0.0,0.4253,거기도 더 해줘.,거기도 더 해 줘.,,51.0,T3,화자·문맥·자연스러움 집중 검토,,91.60401002506265,68.05,P2,앞뒤 5블록·사진·오류 기억을 함께 검토
SSIS-642,사진 대조 1차 교정본,481,"01:16:53,660 --> 01:16:57,380",3.72,그러니까 너무 마셨다니까. 이제 얌전히 쉬어.,조금 너무 취했나 봐.,"응, 미안해.",중립·혼합형,,0.04,,,25.0,90.0,50.0,78.0,75.0,0.85541,0.0,66.0,0.0,0.0,0.3343,쉬어.,아… 그대로…,타임스탬프 사진으로 장면 불일치 확인 후 재복원,50.99,T3,화자·문맥·자연스러움 집중 검토,,91.47869674185463,68.0,P2,앞뒤 5블록·사진·오류 기억을 함께 검토
SSIS-642,사진 대조 1차 교정본,140,"00:10:37,980 --> 00:10:42,340",4.36,내가 금방 풀어 줄게.,몸 좀 확인해 볼까.,피부도 예쁘네. 잠든 거야? 그러다 감기 걸린다.,반응형,,0.02,,,25.0,90.0,50.0,78.0,75.0,0.85466,0.0,66.0,0.0,0.0,0.5062,내가 잡아 줄게.,목욕하면서…,일본어 원문 + 타임스탬프 사진 + 장면 연속성,50.96,T3,화자·문맥·자연스러움 집중 검토,,91.35338345864662,67.93,P2,앞뒤 5블록·사진·오류 기억을 함께 검토
SSIS-642,사진 대조 1차 교정본,660,"01:49:12,080 --> 01:49:15,180",3.1,이것도 원했지? 핥고 싶었잖아.,"자, 내 것도 잔뜩 입에 넣고 핥아.",가슴을 보여 줘. 더 확실하게.,반응형,,0.02,,,25.0,90.0,50.0,78.0,79.0,0.84892,0.0,66.0,0.0,0.0,0.2697,이것도 그렇게...,이것도 그렇게…,,50.95,T3,화자·문맥·자연스러움 집중 검토,,91.22807017543859,67.87,P2,앞뒤 5블록·사진·오류 기억을 함께 검토
SSIS-642,사진 대조 1차 교정본,586,"01:28:06,630 --> 01:28:07,830",1.2,스스로 움직여 봐.,그래.,나도 기분 좋게 해 줘.,중립·혼합형,,0.03,,,25.0,90.0,50.0,78.0,79.0,0.84018,0.0,66.0,0.0,0.0,0.4618,스스로 쥐고 있어?,네가 직접 잡고 있어?,일본어 원문 대조 + 자연스러운 한국어 대사 교정,50.59,T3,화자·문맥·자연스러움 집중 검토,,91.10275689223057,67.61,P2,앞뒤 5블록·사진·오류 기억을 함께 검토
SSIS-642,사진 대조 1차 교정본,111,"00:05:36,910 --> 00:05:38,390",1.48,입 벌리고 혀 내밀어 봐.,"자, 꿀꺽.",아직 끈적하군.,반응형,,0.01,,,25.0,90.0,50.0,78.0,79.0,0.83756,0.0,66.0,0.0,0.0,0.1898,"자, 혀를 조금 내밀어봐...","자, 혀를 조금 내밀어봐…",,50.48,T3,화자·문맥·자연스러움 집중 검토,,90.97744360902256,67.49,P2,앞뒤 5블록·사진·오류 기억을 함께 검토
SSIS-642,사진 대조 1차 교정본,780,"02:19:36,460 --> 02:19:45,760",9.3,저쪽을 봐. 돌아보면 안 돼. 빠져 버렸잖아.,"자, 몸을 더 잘 보여 줘. 그래, 그래.","허리를 제대로 흔들어. 그래, 더 이렇게.",중립·혼합형,,0.04,,,25.0,90.0,50.0,78.0,75.0,0.84038,0.0,66.0,0.0,0.0,0.2815,안 돼.,"네, 놀랐어요.",타임스탬프 사진과 앞뒤 장면으로 대사 기능 복원,50.36,T3,화자·문맥·자연스러움 집중 검토,,90.85213032581454,67.37,P2,앞뒤 5블록·사진·오류 기억을 함께 검토
SSIS-642,사진 대조 1차 교정본,560,"01:21:09,320 --> 01:21:13,700",4.38,부장님 자지 넣어 주세요.,어떻게 해 주길 바라?,"부장님, 넣어 주세요.",반응형,,0.02,,,25.0,90.0,50.0,78.0,79.0,0.83419,0.0,66.0,0.0,0.0,0.412,쉬어 주세요.,잠깐 쉬게 해 주세요.,사진 장면 확인 및 한국어 번역투·ASR 오역 교정,50.34,T3,화자·문맥·자연스러움 집중 검토,,90.72681704260651,67.3,P2,앞뒤 5블록·사진·오류 기억을 함께 검토
SSIS-642,사진 대조 1차 교정본,295,"00:46:44,800 --> 00:46:47,640",2.84,네 끈적한 침을 더 묻혀.,더.,끝부분에 잔뜩.,반말형,,0.0,,,25.0,90.0,50.0,78.0,79.0,0.83194,0.0,66.0,0.0,0.0,0.4965,유두에도 침을 잔뜩 묻혀.,젖꼭지에도 침 잔뜩 묻혀.,,50.24,T3,화자·문맥·자연스러움 집중 검토,,90.6015037593985,67.19,P2,앞뒤 5블록·사진·오류 기억을 함께 검토
SSIS-642,사진 대조 1차 교정본,125,"00:06:48,540 --> 00:06:50,860",2.32,어떻게든 방 하나만 더 부탁드릴 수 없을까요?,네. 붙어 있는 방이 아니라 방 두 개를 예약한 줄 알았는데요.,네.,존댓말형,,0.04,,,25.0,90.0,50.0,78.0,75.0,0.76834,0.0,66.0,0.0,35.0,0.2829,어떻게든 되었다고.,어떻게 된 거야?,,50.13,T3,화자·문맥·자연스러움 집중 검토,formality_jump,90.47619047619048,67.08,P2,앞뒤 5블록·사진·오류 기억을 함께 검토
SSIS-642,사진 대조 1차 교정본,549,"01:19:58,400 --> 01:19:58,500",0.1,안 돼.,응…,멈출 수 없어.,중립·혼합형,,0.0,,,25.0,90.0,50.0,78.0,75.0,0.48812,42.0,66.0,70.0,0.0,1.0,안 돼.,"네, 놀랐어요.",타임스탬프 사진과 앞뒤 장면으로 대사 기능 복원,50.12,T3,화자·문맥·자연스러움 집중 검토,high_cps,90.35087719298247,67.02,P2,앞뒤 5블록·사진·오류 기억을 함께 검토
SSIS-642,사진 대조 1차 교정본,389,"01:01:59,590 --> 01:02:01,150",1.56,엉덩이 보여 줘.,"자, 이렇게. 이렇게 하는 거야.",야하게 엉덩이를 흔들어.,중립·혼합형,,0.01,,,25.0,90.0,50.0,78.0,79.0,0.82878,0.0,66.0,0.0,0.0,0.5682,엉덩이 좀 봐.,이 유카타 진짜 귀엽네.,일본어 원문 + 타임스탬프 사진 + 장면 연속성,50.11,T3,화자·문맥·자연스러움 집중 검토,,90.22556390977444,66.96,P2,앞뒤 5블록·사진·오류 기억을 함께 검토
SSIS-642,사진 대조 1차 교정본,358,"00:55:56,730 --> 00:56:01,830",5.1,최고야. 네 침과 방금 나온 정액이 섞였어.,입을 더 위로 올려.,정말 최고야.,반말형,,0.03,,,25.0,90.0,50.0,78.0,75.0,0.83389,0.0,66.0,0.0,0.0,0.2691,그거 최고야...,그거 최고야…,,50.08,T3,화자·문맥·자연스러움 집중 검토,,90.1002506265664,66.89,P2,앞뒤 5블록·사진·오류 기억을 함께 검토
SSIS-642,사진 대조 1차 교정본,667,"01:52:33,100 --> 01:52:35,240",2.14,"자, 허리를 조금 들어 봐.",여기도 잔뜩 젖었네.,"그래, 좋은 느낌이야.",반응형,,0.0,,,25.0,90.0,50.0,78.0,75.0,0.78136,11.76,66.0,0.0,0.0,0.748,허리를 조금 들어 주세요.,허리를 조금 들어 줘.,일본어 원문 대조 + 자연스러운 한국어 대사 교정,49.99,T3,화자·문맥·자연스러움 집중 검토,,89.97493734335839,66.78,P2,앞뒤 5블록·사진·오류 기억을 함께 검토
SSIS-642,사진 대조 1차 교정본,730,"02:06:28,270 --> 02:06:40,850",12.58,잠깐만…,자.,잠깐만요…,반응형,,0.03,,,25.0,90.0,50.0,78.0,75.0,0.64932,42.0,66.0,0.0,0.0,1.0,잠깐만…,나만 벗는 거야?,일본어 원문 + 타임스탬프 사진 + 장면 연속성,49.89,T3,화자·문맥·자연스러움 집중 검토,,89.84962406015038,66.67,P2,앞뒤 5블록·사진·오류 기억을 함께 검토
SSIS-642,사진 대조 1차 교정본,561,"01:21:15,420 --> 01:21:16,200",0.78,"부장님, 넣어 주세요.",부장님 자지 넣어 주세요.,더 깊이요.,반응형,,0.02,,,25.0,90.0,50.0,78.0,79.0,0.82166,0.0,66.0,0.0,0.0,0.3981,쉬어 주세요.,잠깐 쉬게 해 주세요.,사진 장면 확인 및 한국어 번역투·ASR 오역 교정,49.81,T3,화자·문맥·자연스러움 집중 검토,,89.72431077694235,66.57,P2,앞뒤 5블록·사진·오류 기억을 함께 검토
SSIS-642,사진 대조 1차 교정본,605,"01:34:22,140 --> 01:34:23,540",1.4,이제 한 번 더 해 볼까.,다리를 벌려.,"내 정액이랑 네 침으로
자지 끝을 흠뻑 적셔 줘.",반말형,,0.04,,,25.0,90.0,50.0,78.0,75.0,0.82681,0.0,66.0,0.0,0.0,0.3165,이제 본격적으로 시작해 볼까...,이제 본격적으로 시작해 볼까…,,49.79,T3,화자·문맥·자연스러움 집중 검토,,89.59899749373433,66.51,P2,앞뒤 5블록·사진·오류 기억을 함께 검토
SSIS-642,사진 대조 1차 교정본,728,"02:06:25,610 --> 02:06:27,390",1.78,스스로 엉덩이를 흔들어 봐.,응?,자.,반응형,,0.01,,,25.0,90.0,50.0,78.0,79.0,0.82077,0.0,66.0,0.0,0.0,0.3658,스스로 쥐고 있어?,네가 직접 잡고 있어?,일본어 원문 대조 + 자연스러운 한국어 대사 교정,49.77,T3,화자·문맥·자연스러움 집중 검토,,89.47368421052632,66.45,P2,앞뒤 5블록·사진·오류 기억을 함께 검토
SSIS-642,사진 대조 1차 교정본,410,"01:06:20,820 --> 01:06:22,680",1.86,여기도 흠뻑 젖게 해 줄게.,"좋아, 자.","으음, 으음…",반말형,,0.02,,,25.0,90.0,50.0,78.0,79.0,0.82018,0.0,66.0,0.0,0.0,0.4443,여기도 해줘.,여기도 해 줘.,,49.75,T3,화자·문맥·자연스러움 집중 검토,,89.3483709273183,66.38,P2,앞뒤 5블록·사진·오류 기억을 함께 검토
SSIS-642,사진 대조 1차 교정본,360,"00:56:31,100 --> 00:56:35,260",4.16,뭐야. 호텔에 도착하면 연락한다고 했잖아.,정말 최고야.,"음, 좋은 모습이네.",반응형,,0.0,,,25.0,90.0,50.0,78.0,75.0,0.82551,0.0,66.0,0.0,0.0,0.2928,달라고 했잖아.,씻어 달라고 했잖아.,타임스탬프 사진과 앞뒤 장면으로 대사 기능 복원,49.73,T3,화자·문맥·자연스러움 집중 검토,,89.16040100250626,66.29,P2,앞뒤 5블록·사진·오류 기억을 함께 검토
SSIS-642,사진 대조 1차 교정본,566,"01:22:52,210 --> 01:22:53,890",1.68,이번에는 더 느끼게 해 줄게.,잠깐만요.,이건 어때?,반말형,,0.01,,,25.0,90.0,50.0,78.0,75.0,0.82542,0.0,66.0,0.0,0.0,0.5179,이번에는 네가 좋아하는 방식으로 해 줄게.,이번엔 네가 좋아하는 대로 해 줄게.,,49.73,T3,화자·문맥·자연스러움 집중 검토,,89.16040100250626,66.29,P2,앞뒤 5블록·사진·오류 기억을 함께 검토
SSIS-642,사진 대조 1차 교정본,760,"02:13:53,380 --> 02:13:57,240",3.86,"더 움직여. 자, 해 봐.",허리를 더 흔들어…,더 제대로.,반말형,,0.02,,,25.0,90.0,50.0,78.0,79.0,0.81823,0.0,66.0,0.0,0.0,0.4918,몸이 저절로 움직여.,몸이 저절로 움직이네.,손상된 일본어 ASR + 타임스탬프 사진 + 앞뒤 문맥 추론,49.67,T3,화자·문맥·자연스러움 집중 검토,,88.97243107769424,66.18,P2,앞뒤 5블록·사진·오류 기억을 함께 검토
SSIS-642,사진 대조 1차 교정본,662,"01:49:49,500 --> 01:49:50,640",1.14,엉덩이도 보여 줘.,가슴을 보여 줘. 더 확실하게.,또 야한 팬티를 입었군.,중립·혼합형,,0.0,,,25.0,90.0,50.0,78.0,79.0,0.81649,0.0,66.0,0.0,0.0,0.3904,입 안을 보여 줘.,입 안 보여 줘.,일본어 원문 대조 + 자연스러운 한국어 대사 교정,49.59,T3,화자·문맥·자연스러움 집중 검토,,88.84711779448622,66.08,P2,앞뒤 5블록·사진·오류 기억을 함께 검토
SSIS-642,사진 대조 1차 교정본,121,"00:06:23,980 --> 00:06:26,260",2.28,그런데 ‘내 술은 술술 넘어간다’는 게 무슨 뜻이지?,마시는 솜씨가 좋군.,"아뇨, 그냥 끈적한 것과 묽은 것의 대비라고요.",반말형,,0.02,,,25.0,90.0,50.0,78.0,75.0,0.82052,0.0,66.0,0.0,0.0,0.14,그런데 얘랑 단둘이 자고 있었던 건가...,그런데 얘랑 단둘이 자고 있었던 건가…,,49.52,T3,화자·문맥·자연스러움 집중 검토,,88.7218045112782,65.98,P2,앞뒤 5블록·사진·오류 기억을 함께 검토
SSIS-642,사진 대조 1차 교정본,250,"00:38:24,430 --> 00:38:26,390",1.96,더 안쪽까지 해 줄게.,이렇게? 느끼는 게 다 보여.,느낀다고 말해도 돼.,반말형,,0.03,,,25.0,90.0,50.0,78.0,79.0,0.81185,0.0,66.0,0.0,0.0,0.6248,안쪽까지 안 가?,더 안쪽까지 안 들어가?,일본어 원문 대조 + 자연스러운 한국어 대사 교정,49.4,T3,화자·문맥·자연스러움 집중 검토,,88.59649122807018,65.86,P2,앞뒤 5블록·사진·오류 기억을 함께 검토
SSIS-642,사진 대조 1차 교정본,25,"00:01:24,140 --> 00:01:28,740",4.6,응. 그런데 짠돌이인 것뿐 아니라 지저분하기도 해.,그렇구나. 정말 짠돌이네.,"알아, 알아. 나도 들은 적 있어.",반말형,,0.04,,,25.0,90.0,50.0,78.0,75.0,0.81623,0.0,66.0,0.0,0.0,0.175,그게 아니라 조금씩 정리해.,그게 아니라 조금씩 먹어.,타임스탬프 사진과 앞뒤 장면으로 대사 기능 복원,49.34,T3,화자·문맥·자연스러움 집중 검토,,88.47117794486216,65.78,P2,앞뒤 5블록·사진·오류 기억을 함께 검토
SSIS-642,사진 대조 1차 교정본,645,"01:42:02,140 --> 01:42:03,700",1.56,하지만 먼저 원하는 모습을 보여 주세요.,다음에는 내 몸도 더 자세히 보여 줄게요.,다음엔 키스하는 모습도 찍었어요.,중립·혼합형,,0.04,,,25.0,90.0,50.0,78.0,75.0,0.8157,0.0,66.0,0.0,0.0,0.2778,쉬어 주세요.,잠깐 쉬게 해 주세요.,사진 장면 확인 및 한국어 번역투·ASR 오역 교정,49.32,T3,화자·문맥·자연스러움 집중 검토,,88.34586466165413,65.71,P2,앞뒤 5블록·사진·오류 기억을 함께 검토
SSIS-642,사진 대조 1차 교정본,353,"00:55:02,780 --> 00:55:05,760",2.98,혀를 내밀어. 아래로 내려.,그렇지.,침으로 흠뻑 적셔.,반응형,,0.02,,,25.0,90.0,50.0,78.0,79.0,0.80252,0.0,66.0,0.0,0.0,0.2942,"자, 혀를 조금 내밀어봐...","자, 혀를 조금 내밀어봐…",,49.01,T3,화자·문맥·자연스러움 집중 검토,,88.22055137844612,65.48,P2,앞뒤 5블록·사진·오류 기억을 함께 검토
SSIS-642,사진 대조 1차 교정본,649,"01:45:21,060 --> 01:45:21,740",0.68,리아 씨의 표정도 가까이서 보이네요.,영상도 아주 선명하게 찍혔어요.,그에게 영상을 보냈죠?,반응형,,0.04,,,25.0,90.0,50.0,78.0,75.0,0.6946,0.0,66.0,47.65,0.0,0.3466,안 입은 것처럼 보이네요.,속옷을 안 입은 것처럼 보이네요.,사진 장면 확인 및 한국어 번역투·ASR 오역 교정,49.0,T3,화자·문맥·자연스러움 집중 검토,high_cps,88.09523809523809,65.42,P2,앞뒤 5블록·사진·오류 기억을 함께 검토
SSIS-642,사진 대조 1차 교정본,107,"00:05:15,420 --> 00:05:20,260",4.84,하지만 끈적하기만 하면 안 되니 묽게 만들어야 해.,그러니 침도 끈끈한 거야.,끈적해진 입안을 보송보송하게 해야지.,반말형,,0.02,,,25.0,90.0,50.0,78.0,75.0,0.80773,0.0,66.0,0.0,0.0,0.1509,"하지만 앨리스, 이걸 사랑해 줘.","앨리스, 더 느껴 줘.",부자연스러운 명령문을 장면에 맞게 교정,48.98,T3,화자·문맥·자연스러움 집중 검토,,87.96992481203007,65.36,P2,앞뒤 5블록·사진·오류 기억을 함께 검토
SSIS-642,사진 대조 1차 교정본,471,"01:16:28,790 --> 01:16:30,450",1.66,다음 날까지 힘들 수 있잖아.,응.,그러니까 정말 과음하지 마.,반응형,,0.01,,,25.0,90.0,50.0,78.0,75.0,0.80577,0.0,66.0,0.0,0.0,0.4314,서 있잖아.,완전히 서 있잖아.,일본어 원문 대조 + 자연스러운 한국어 대사 교정,48.9,T3,화자·문맥·자연스러움 집중 검토,,87.84461152882206,65.26,P2,앞뒤 5블록·사진·오류 기억을 함께 검토
SSIS-642,사진 대조 1차 교정본,138,"00:08:37,080 --> 00:08:37,680",0.6,그럼 다른 곳을 이용해야겠군.,"아, 저쪽은 다른 손님이 쓰고 있네요.",몸 좀 확인해 볼까.,반말형,,0.02,,,25.0,90.0,50.0,78.0,75.0,0.71345,0.0,66.0,38.33,0.0,0.1658,기분 좋은 곳을 아네...,기분 좋은 곳을 아네…,,48.86,T3,화자·문맥·자연스러움 집중 검토,high_cps,87.65664160401002,65.15,P2,앞뒤 5블록·사진·오류 기억을 함께 검토
SSIS-642,사진 대조 1차 교정본,388,"01:01:09,480 --> 01:01:16,880",7.4,"자, 이렇게. 이렇게 하는 거야.",더 만져 달라는 거잖아.,엉덩이 보여 줘.,반말형,,0.02,,,25.0,90.0,50.0,78.0,75.0,0.80472,0.0,66.0,0.0,0.0,0.4302,이렇게...,이렇게…,,48.86,T3,화자·문맥·자연스러움 집중 검토,,87.65664160401002,65.15,P2,앞뒤 5블록·사진·오류 기억을 함께 검토
SSIS-642,사진 대조 1차 교정본,122,"00:06:26,520 --> 00:06:29,360",2.84,"아뇨, 그냥 끈적한 것과 묽은 것의 대비라고요.",그런데 ‘내 술은 술술 넘어간다’는 게 무슨 뜻이지?,"자, 더 마셔.",중립·혼합형,,0.02,,,25.0,90.0,50.0,78.0,75.0,0.804,0.0,66.0,0.0,0.0,0.1658,"아뇨, 집순이였어서…",장거리 연애였어서…,일본어 원문 대조 + 자연스러운 한국어 대사 교정,48.83,T3,화자·문맥·자연스러움 집중 검토,,87.468671679198,65.06,P2,앞뒤 5블록·사진·오류 기억을 함께 검토
SSIS-642,사진 대조 1차 교정본,40,"00:02:40,530 --> 00:02:45,310",4.78,"계약도 잘 마무리됐고 술맛이 좋네요, 부장님.","누가 듣고 안 듣고의 문제가 아니라, 말하느냐 마느냐의 문제야.",낮부터 마시는 술은 맛있지.,반말형,,0.03,,,25.0,90.0,50.0,78.0,75.0,0.80134,0.0,66.0,0.0,0.0,0.2399,부장님...,부장님…,,48.72,T3,화자·문맥·자연스러움 집중 검토,,87.28070175438597,64.92,P2,앞뒤 5블록·사진·오류 기억을 함께 검토
SSIS-642,사진 대조 1차 교정본,547,"01:19:55,060 --> 01:19:57,180",2.12,그 스트레칭 잠깐 멈추면 안 돼?,그러게.,응…,중립·혼합형,,0.04,,,25.0,90.0,50.0,78.0,75.0,0.80147,0.0,66.0,0.0,0.0,0.2272,유두는 안 돼?,젖꼭지는 안 돼?,,48.72,T3,화자·문맥·자연스러움 집중 검토,,87.28070175438597,64.92,P2,앞뒤 5블록·사진·오류 기억을 함께 검토
SSIS-642,사진 대조 1차 교정본,273,"00:44:30,820 --> 00:44:35,540",4.72,네 침과 섞인 그 술을 마시고 싶어. 자.,잠깐. 그 술을 내게 줘.,더 많이.,반말형,,0.02,,,25.0,90.0,50.0,78.0,75.0,0.80093,0.0,66.0,0.0,0.0,0.285,넣고 싶어.,빨리 넣고 싶어.,일본어 원문 대조 + 자연스러운 한국어 대사 교정,48.7,T3,화자·문맥·자연스러움 집중 검토,,87.09273182957394,64.82,P2,앞뒤 5블록·사진·오류 기억을 함께 검토
SSIS-642,사진 대조 1차 교정본,779,"02:18:55,550 --> 02:19:07,320",11.77,"자, 몸을 더 잘 보여 줘. 그래, 그래.",그럼 남은 시간 동안 계속하자.,저쪽을 봐. 돌아보면 안 돼. 빠져 버렸잖아.,중립·혼합형,,0.05,,,25.0,90.0,50.0,78.0,75.0,0.79886,0.0,66.0,0.0,0.0,0.4499,"아, 그래.",간다.,화면 영문 자막 대조,48.61,T3,화자·문맥·자연스러움 집중 검토,,86.96741854636592,64.72,P2,앞뒤 5블록·사진·오류 기억을 함께 검토
SSIS-642,사진 대조 1차 교정본,764,"02:14:20,840 --> 02:14:21,840",1.0,"자, 기분 좋지?",언제 갈지 모르겠어요.,힘주지 마.,반말형,,0.04,,,25.0,90.0,50.0,78.0,75.0,0.67509,28.68,66.0,0.0,0.0,0.889,기분 좋지?,흥분되면 말해 봐.,화면 영문 자막 대조,48.58,T3,화자·문맥·자연스러움 집중 검토,,86.8421052631579,64.65,P2,앞뒤 5블록·사진·오류 기억을 함께 검토
SSIS-642,사진 대조 1차 교정본,691,"01:59:49,190 --> 01:59:50,870",1.68,야한 엉덩이 구멍이군.,그렇게 하면 나도 핥아 줄게.,안쪽까지 제대로 핥아 줄게.,반말형,,0.01,,,25.0,90.0,50.0,78.0,79.0,0.79147,0.0,66.0,0.0,0.0,0.356,엉덩이 좀 봐.,이 유카타 진짜 귀엽네.,일본어 원문 + 타임스탬프 사진 + 장면 연속성,48.54,T3,화자·문맥·자연스러움 집중 검토,,86.71679197994987,64.57,P2,앞뒤 5블록·사진·오류 기억을 함께 검토
SSIS-642,사진 대조 1차 교정본,194,"00:23:15,280 --> 00:23:17,100",1.82,왜 이렇게 더 젖는 거지?,자꾸 엉덩이를 내미는 것 같은데.,그렇게 힘주지 마.,반말형,,0.02,,,25.0,90.0,50.0,78.0,79.0,0.79124,0.0,66.0,0.0,0.0,0.4862,잘 거지?,갈 수 있지?,사진 장면 확인 및 한국어 번역투·ASR 오역 교정,48.53,T3,화자·문맥·자연스러움 집중 검토,,86.59147869674186,64.52,P2,앞뒤 5블록·사진·오류 기억을 함께 검토
SSIS-642,사진 대조 1차 교정본,448,"01:15:20,910 --> 01:15:21,310",0.4,네 남자친구한테 전화 왔어.,자.,여보세요?,반응형,,0.01,,,25.0,90.0,50.0,78.0,75.0,0.59577,0.0,66.0,70.0,18.0,0.2332,남자친구 거랑은...,남자친구 거랑은…,,48.52,T3,화자·문맥·자연스러움 집중 검토,formality_shift;high_cps,86.46616541353383,64.46,P2,앞뒤 5블록·사진·오류 기억을 함께 검토
SSIS-642,사진 대조 1차 교정본,485,"01:17:06,180 --> 01:17:07,960",1.78,무슨 말을 듣거나 이상한 일을 당한 건 아니지?,"응, 같이였을지도.",응.,반말형,,0.02,,,25.0,90.0,50.0,78.0,75.0,0.79644,0.0,66.0,0.0,0.0,0.2421,"이상한 상황 속에서,",이상한 상황 속에서,,48.51,T3,화자·문맥·자연스러움 집중 검토,,86.34085213032581,64.4,P2,앞뒤 5블록·사진·오류 기억을 함께 검토
SSIS-642,사진 대조 1차 교정본,193,"00:23:12,900 --> 00:23:14,300",1.4,자꾸 엉덩이를 내미는 것 같은데.,야한 몸이군.,왜 이렇게 더 젖는 거지?,중립·혼합형,,0.0,,,25.0,90.0,50.0,78.0,79.0,0.79018,0.0,66.0,0.0,0.0,0.2829,네 엉덩이를 핥게 해줘.,네 엉덩이를 핥게 해 줘.,,48.49,T3,화자·문맥·자연스러움 집중 검토,,86.21553884711778,64.33,P2,앞뒤 5블록·사진·오류 기억을 함께 검토
SSIS-642,사진 대조 1차 교정본,652,"01:45:31,200 --> 01:45:35,040",3.84,그렇게 노골적인 표현밖에 못 해요? 최악이에요.,"영상? 아, 흠뻑 젖은 자위 영상 말이야?","이런, 차가운 미인인 부하라고 생각했는데 감정을 이렇게 드러낼 줄도 아는군.",중립·혼합형,,0.0,,,25.0,90.0,50.0,78.0,75.0,0.79561,0.0,66.0,0.0,0.0,0.162,후와 씨는 요리를 자주 해요?,후우아 씨는 요리를 자주 해요?,출연자 이름 오인식 교정,48.48,T3,화자·문맥·자연스러움 집중 검토,,86.09022556390977,64.28,P2,앞뒤 5블록·사진·오류 기억을 함께 검토
SSIS-642,사진 대조 1차 교정본,139,"00:09:26,550 --> 00:09:28,010",1.46,몸 좀 확인해 볼까.,그럼 다른 곳을 이용해야겠군.,내가 금방 풀어 줄게.,반말형,,0.05,,,25.0,90.0,50.0,78.0,75.0,0.79423,0.0,66.0,0.0,0.0,0.2683,확인해볼게.,확인해 볼게.,,48.42,T3,화자·문맥·자연스러움 집중 검토,,85.96491228070175,64.19,P2,앞뒤 5블록·사진·오류 기억을 함께 검토
SSIS-642,사진 대조 1차 교정본,216,"00:26:39,800 --> 00:26:41,520",1.72,정말 예쁜 얼굴을 하고 있네.,아…,아주 예쁜 표정이야.,반말형,,0.0,,,25.0,90.0,50.0,78.0,75.0,0.79404,0.0,66.0,0.0,0.0,0.3354,얼굴을 대고 뒤에서 할 수 있어?,얼굴 보이게 뒤에서 해도 돼?,손상된 일본어 ASR + 타임스탬프 사진 + 앞뒤 문맥 추론,48.41,T3,화자·문맥·자연스러움 집중 검토,,85.83959899749374,64.13,P2,앞뒤 5블록·사진·오류 기억을 함께 검토
SSIS-642,사진 대조 1차 교정본,244,"00:33:32,580 --> 00:33:53,830",21.25,허리를 그렇게 움직여.,더 깊이 들어간다.,몸이 자꾸 반응해서 멈출 수가 없군.,중립·혼합형,,0.02,,,25.0,90.0,50.0,78.0,79.0,0.78792,0.0,66.0,0.0,0.0,0.4192,몸이 저절로 움직여.,몸이 저절로 움직이네.,손상된 일본어 ASR + 타임스탬프 사진 + 앞뒤 문맥 추론,48.39,T3,화자·문맥·자연스러움 집중 검토,,85.6516290726817,64.04,P2,앞뒤 5블록·사진·오류 기억을 함께 검토
SSIS-642,사진 대조 1차 교정본,731,"02:07:03,810 --> 02:07:07,310",3.5,잠깐만요…,잠깐만…,"아, 잠깐만…",반응형,,0.01,,,25.0,90.0,50.0,78.0,75.0,0.61363,42.0,66.0,0.0,0.0,1.0,잠깐만요…,잠깐만…,일본어 원문 대조 + 자연스러운 한국어 대사 교정,48.39,T3,화자·문맥·자연스러움 집중 검토,,85.6516290726817,64.04,P2,앞뒤 5블록·사진·오류 기억을 함께 검토
SSIS-642,사진 대조 1차 교정본,651,"01:45:26,060 --> 01:45:30,000",3.94,"영상? 아, 흠뻑 젖은 자위 영상 말이야?",그에게 영상을 보냈죠?,그렇게 노골적인 표현밖에 못 해요? 최악이에요.,반말형,,0.04,,,25.0,90.0,50.0,78.0,79.0,0.78772,0.0,66.0,0.0,0.0,0.189,"아, 아, 아, 아, 아, 아, 아,","아, 아, 아, 아, 아, 아, 아",,48.38,T3,화자·문맥·자연스러움 집중 검토,,85.46365914786968,63.96,P2,앞뒤 5블록·사진·오류 기억을 함께 검토
SSIS-642,사진 대조 1차 교정본,459,"01:15:48,290 --> 01:15:51,330",3.04,나도 시간을 비워 두고 전화 기다리고 있었어.,응.,미안해.,중립·혼합형,,0.01,,,25.0,90.0,50.0,78.0,75.0,0.79261,0.0,66.0,0.0,0.0,0.375,누워 있었어.,더 뿜어봐.,,48.35,T3,화자·문맥·자연스러움 집중 검토,,85.33834586466166,63.89,P2,앞뒤 5블록·사진·오류 기억을 함께 검토
SSIS-642,사진 대조 1차 교정본,390,"01:02:03,890 --> 01:02:15,700",11.81,야하게 엉덩이를 흔들어.,엉덩이 보여 줘.,제대로 흔들어.,반응형,,0.01,,,25.0,90.0,50.0,78.0,79.0,0.78641,0.0,66.0,0.0,0.0,0.3628,네 엉덩이를 핥게 해줘.,네 엉덩이를 핥게 해 줘.,,48.33,T3,화자·문맥·자연스러움 집중 검토,,85.21303258145363,63.82,P2,앞뒤 5블록·사진·오류 기억을 함께 검토
SSIS-642,사진 대조 1차 교정본,179,"00:20:42,210 --> 00:20:45,210",3.0,이렇게 예쁜 몸을 보고 있으니 침을 참을 수가 없네.,기분 좋은 거지.,싫어요.,반말형,,0.01,,,25.0,90.0,50.0,78.0,75.0,0.79075,0.0,66.0,0.0,0.0,0.2969,이렇게 몸을 빼 주세요.,이렇게 몸을 뒤로 빼 주세요.,동작 방향 명확화,48.27,T3,화자·문맥·자연스러움 집중 검토,,85.08771929824562,63.73,P2,앞뒤 5블록·사진·오류 기억을 함께 검토
SSIS-642,사진 대조 1차 교정본,417,"01:09:34,750 --> 01:09:41,750",7.0,앉아 봐. 평소에는 뭘 하는 거지?,"오, 오, 오…",아무것도 안 해요.,반말형,,0.05,,,25.0,90.0,50.0,78.0,75.0,0.79007,0.0,66.0,0.0,0.0,0.3699,잘 거지?,갈 수 있지?,사진 장면 확인 및 한국어 번역투·ASR 오역 교정,48.24,T3,화자·문맥·자연스러움 집중 검토,,84.9624060150376,63.66,P2,앞뒤 5블록·사진·오류 기억을 함께 검토
SSIS-642,사진 대조 1차 교정본,165,"00:18:06,100 --> 00:18:11,800",5.7,이렇게 아름다운 몸을 보면 침이 나온단 말이야.,싫어요.,그만해요.,반말형,,0.0,,,25.0,90.0,50.0,78.0,75.0,0.78886,0.0,66.0,0.0,0.0,0.4535,이렇게 아름다운 분이...,이렇게 아름다운 분이…,,48.19,T3,화자·문맥·자연스러움 집중 검토,,84.83709273182957,63.58,P2,앞뒤 5블록·사진·오류 기억을 함께 검토
SSIS-642,사진 대조 1차 교정본,87,"00:04:31,190 --> 00:04:34,270",3.08,이 친구가 끈적한 걸 먹었는지 확인하는 거야.,난 그런 음란한 뜻으로 말하는 게 아니야.,입 안을 보려는 것뿐이야.,반말형,,0.01,,,25.0,90.0,50.0,78.0,75.0,0.78782,0.0,66.0,0.0,0.0,0.2078,싫은 거야.,싫어?,일본어 원문 대조 + 자연스러운 한국어 대사 교정,48.15,T3,화자·문맥·자연스러움 집중 검토,,84.71177944862156,63.51,P2,앞뒤 5블록·사진·오류 기억을 함께 검토
SSIS-642,사진 대조 1차 교정본,574,"01:24:02,400 --> 01:24:04,420",2.02,부장님 자지로 가 버려.,내가 지켜봐 줄게.,수고했어.,반말형,,0.0,,,25.0,90.0,50.0,78.0,75.0,0.7874,0.0,66.0,0.0,0.0,0.396,젖어 버려.,다리에 힘이 풀려.,일본어 원문 + 타임스탬프 사진 + 장면 연속성,48.13,T3,화자·문맥·자연스러움 집중 검토,,84.58646616541353,63.44,P2,앞뒤 5블록·사진·오류 기억을 함께 검토
SSIS-642,사진 대조 1차 교정본,715,"02:04:04,020 --> 02:04:05,480",1.46,자지 넣어 달라는 거지?,네…,자지 넣어 주세요.,반응형,,0.02,,,25.0,90.0,50.0,78.0,79.0,0.78073,0.0,66.0,0.0,0.0,0.4671,잘 거지?,갈 수 있지?,사진 장면 확인 및 한국어 번역투·ASR 오역 교정,48.09,T3,화자·문맥·자연스러움 집중 검토,,84.46115288220551,63.37,P2,앞뒤 5블록·사진·오류 기억을 함께 검토
SSIS-642,사진 대조 1차 교정본,255,"00:41:27,220 --> 00:41:43,990",16.77,"거짓말하지 마. 실컷 느꼈잖아.
그 차가운 눈을 보니 또 흥분하네.",몇 번이나 갔어?,계속 흘리고 있군.,반말형,,0.02,,,25.0,90.0,50.0,78.0,75.0,0.78346,0.0,66.0,0.0,0.0,0.1955,하지 마.,잠깐만.,손상된 일본어 ASR + 타임스탬프 사진 + 앞뒤 문맥 추론,47.97,T3,화자·문맥·자연스러움 집중 검토,,84.3358395989975,63.24,P2,앞뒤 5블록·사진·오류 기억을 함께 검토
SSIS-642,사진 대조 1차 교정본,420,"01:09:53,650 --> 01:09:57,490",3.84,거짓말할 필요 없어. 직접 보여 줘.,뭘 하는데?,"그럼, 자.",중립·혼합형,,0.05,,,25.0,90.0,50.0,78.0,75.0,0.78343,0.0,66.0,0.0,0.0,0.2643,끝이 없어.,끝도 없네.,사진 장면 확인 및 한국어 번역투·ASR 오역 교정,47.96,T3,화자·문맥·자연스러움 집중 검토,,84.21052631578947,63.19,P2,앞뒤 5블록·사진·오류 기억을 함께 검토
SSIS-642,사진 대조 1차 교정본,602,"01:31:12,340 --> 01:31:14,040",1.7,넣어 주길 바라?,역시 침범벅이 됐네.,넣어 주세요.,반응형,,0.04,,,25.0,90.0,50.0,78.0,79.0,0.77728,0.0,66.0,0.0,0.0,0.2471,핥아주길 바라는 거야?,핥아 주길 바라는 거야?,,47.95,T3,화자·문맥·자연스러움 집중 검토,,84.08521303258145,63.13,P2,앞뒤 5블록·사진·오류 기억을 함께 검토
SSIS-642,사진 대조 1차 교정본,489,"01:17:22,260 --> 01:17:24,200",1.94,싫은 건 분명하게 싫다고 말해야 해.,싫은 일은… 싫은 일…,응.,반말형,,0.04,,,25.0,90.0,50.0,78.0,75.0,0.78297,0.0,66.0,0.0,0.0,0.2782,싫다고 해도 나와 버려.,싫다고 해도 또 나와 버려.,손상된 일본어 ASR + 타임스탬프 사진 + 앞뒤 문맥 추론,47.94,T3,화자·문맥·자연스러움 집중 검토,,83.89724310776943,63.04,P2,앞뒤 5블록·사진·오류 기억을 함께 검토
SSIS-642,사진 대조 1차 교정본,788,"02:23:39,600 --> 02:23:40,900",1.3,이제 끝까지 다 들어갔네.,끝이야.,계속하자.,반응형,,0.0,,,25.0,90.0,50.0,78.0,75.0,0.78297,0.0,66.0,0.0,0.0,0.3252,끝까지 잘 해냈어.,끝까지 잘 해냈네.,대화체 종결 자연화,47.94,T3,화자·문맥·자연스러움 집중 검토,,83.89724310776943,63.04,P2,앞뒤 5블록·사진·오류 기억을 함께 검토
SSIS-642,사진 대조 1차 교정본,618,"01:38:27,600 --> 01:38:28,240",0.64,따뜻하게 해 주시겠어요?,따뜻하게 해 주세요.,따뜻하게 해 줄게.,반응형,,0.0,,,25.0,90.0,50.0,78.0,75.0,0.72229,0.0,66.0,25.0,0.0,0.1552,말해 버렸어요?,소리 내 버렸어요?,사진 장면 확인 및 한국어 번역투·ASR 오역 교정,47.9,T3,화자·문맥·자연스러움 집중 검토,borderline_cps,83.70927318295739,62.94,P2,앞뒤 5블록·사진·오류 기억을 함께 검토
SSIS-642,사진 대조 1차 교정본,519,"01:18:28,160 --> 01:18:30,540",2.38,무리해서 몸을 망치면 안 되잖아.,응.,맞아.,반응형,,0.04,,,25.0,90.0,50.0,78.0,75.0,0.78096,0.0,66.0,0.0,0.0,0.5161,안 되잖아.,안 되지.,일본어 원문 대조 + 자연스러운 한국어 대사 교정,47.86,T3,화자·문맥·자연스러움 집중 검토,,83.58395989974937,62.86,P2,앞뒤 5블록·사진·오류 기억을 함께 검토
SSIS-642,사진 대조 1차 교정본,64,"00:03:42,670 --> 00:03:44,610",1.94,‘확 쏟아진다’는 건 비유일 뿐이야.,잘 들어.,알겠어?,반말형,,0.03,,,25.0,90.0,50.0,78.0,75.0,0.78019,0.0,66.0,0.0,0.0,0.091,유두 말이야.,젖꼭지 말이야.,,47.83,T3,화자·문맥·자연스러움 집중 검토,,83.45864661654136,62.79,P2,앞뒤 5블록·사진·오류 기억을 함께 검토
SSIS-642,사진 대조 1차 교정본,328,"00:49:54,520 --> 00:50:19,760",25.24,불알도 똑같이. 여기도 제대로 빨아.,"그래, 계속 빨아.",더.,반응형,,0.02,,,25.0,90.0,50.0,78.0,75.0,0.77912,0.0,66.0,0.0,0.0,0.322,여기도 해줘.,여기도 해 줘.,,47.78,T3,화자·문맥·자연스러움 집중 검토,,83.33333333333334,62.71,P2,앞뒤 5블록·사진·오류 기억을 함께 검토
SSIS-642,사진 대조 1차 교정본,654,"01:45:45,420 --> 01:45:48,720",3.3,그만큼 우리 사이가 깊어졌다는 뜻일까?,"이런, 차가운 미인인 부하라고 생각했는데 감정을 이렇게 드러낼 줄도 아는군.","밖에서는 얌전한 사람도 남편이나 아내 앞에서는
감정을 숨기지 못할 때가 있잖아.",반응형,,0.02,,,25.0,90.0,50.0,78.0,75.0,0.77859,0.0,66.0,0.0,0.0,0.147,우리 둘이서?,둘이서.,타임스탬프 사진으로 장면 불일치 확인 후 재복원,47.76,T3,화자·문맥·자연스러움 집중 검토,,83.20802005012531,62.65,P2,앞뒤 5블록·사진·오류 기억을 함께 검토
SSIS-642,사진 대조 1차 교정본,756,"02:11:32,090 --> 02:11:56,040",23.95,그래. 이런 건 평소엔 안 하지만…,아아…,으으으…,반말형,,0.01,,,25.0,90.0,50.0,78.0,75.0,0.73215,10.73,66.0,0.0,0.0,0.7394,그래. 이런 건 평소엔 안 하지만...,그래. 이런 건 평소엔 안 하지만…,,47.74,T3,화자·문맥·자연스러움 집중 검토,,83.0827067669173,62.58,P2,앞뒤 5블록·사진·오류 기억을 함께 검토
SSIS-642,사진 대조 1차 교정본,581,"01:26:14,940 --> 01:26:16,300",1.36,뒤에서 움직여 주세요.,그럼 빼고 엉덩이를 내밀어.,뒤에서 해 주세요.,존댓말형,,0.04,,,25.0,90.0,50.0,78.0,79.0,0.77127,0.0,66.0,0.0,0.0,0.3809,쉬어 주세요.,잠깐 쉬게 해 주세요.,사진 장면 확인 및 한국어 번역투·ASR 오역 교정,47.69,T3,화자·문맥·자연스러움 집중 검토,,82.95739348370927,62.5,P2,앞뒤 5블록·사진·오류 기억을 함께 검토
SSIS-642,사진 대조 1차 교정본,238,"00:32:31,770 --> 00:32:32,270",0.5,그렇게 얌전히 있어.,가만히 있어.,잠깐…,반응형,,0.03,,,25.0,90.0,50.0,78.0,75.0,0.71702,0.0,66.0,25.0,0.0,0.2987,뒤에 있어.,뒤쪽도 보여 줘.,일본어 원문 대조 + 자연스러운 한국어 대사 교정,47.67,T3,화자·문맥·자연스러움 집중 검토,borderline_cps,82.83208020050125,62.44,P2,앞뒤 5블록·사진·오류 기억을 함께 검토
SSIS-642,사진 대조 1차 교정본,439,"01:13:55,080 --> 01:13:57,620",2.54,부장님 자지 빨게 해 주세요.,"자, 카메라를 보면서.",어쩔 수 없군.,중립·혼합형,,0.02,,,25.0,90.0,50.0,78.0,75.0,0.77216,0.0,66.0,0.0,0.0,0.414,쉬게 해 주세요.,그만해.,장면과 충돌한 표현 교정,47.49,T3,화자·문맥·자연스러움 집중 검토,,82.70676691729322,62.28,P2,앞뒤 5블록·사진·오류 기억을 함께 검토
SSIS-642,사진 대조 1차 교정본,472,"01:16:32,250 --> 01:16:34,070",1.82,그러니까 정말 과음하지 마.,다음 날까지 힘들 수 있잖아.,응?,반말형,,0.05,,,25.0,90.0,50.0,78.0,75.0,0.7706,0.0,66.0,0.0,0.0,0.3584,그러니까 아직 안 왔어요.,아직 안 왔네요.,사진 장면 확인 및 한국어 번역투·ASR 오역 교정,47.43,T3,화자·문맥·자연스러움 집중 검토,,82.58145363408521,62.19,P2,앞뒤 5블록·사진·오류 기억을 함께 검토
SSIS-642,사진 대조 1차 교정본,257,"00:42:36,790 --> 00:42:42,090",5.3,참을 수가 없어. 침도 멈추지 않네.,계속 흘리고 있군.,으으…,반말형,,0.01,,,25.0,90.0,50.0,78.0,75.0,0.77003,0.0,66.0,0.0,0.0,0.2925,멈추지 말고 계속하자.,멈추지 말고 계속해.,사진 장면 확인 및 한국어 번역투 교정,47.4,T3,화자·문맥·자연스러움 집중 검토,,82.45614035087719,62.12,P2,앞뒤 5블록·사진·오류 기억을 함께 검토
SSIS-642,사진 대조 1차 교정본,12,"00:00:51,620 --> 00:00:53,920",2.3,카테킨으로 가글하면 감기 예방에 좋다고.,뭐야?,응? 너도 할래?,반응형,,0.02,,,25.0,90.0,50.0,78.0,75.0,0.76537,0.0,66.0,0.0,0.0,0.1444,좋다고 생각해.,좋은 것 같아.,일본어 원문 대조 + 자연스러운 한국어 대사 교정,47.21,T3,화자·문맥·자연스러움 집중 검토,,82.20551378446115,61.91,P2,앞뒤 5블록·사진·오류 기억을 함께 검토
SSIS-642,사진 대조 1차 교정본,369,"00:57:41,200 --> 00:57:44,140",2.94,그럼 아케미의 가면을 벗겨 줄게.,그래?,윽.,반응형,,0.0,,,25.0,90.0,50.0,78.0,75.0,0.76558,0.0,66.0,0.0,0.0,0.2179,내가 잡아 줄게.,목욕하면서…,일본어 원문 + 타임스탬프 사진 + 장면 연속성,47.21,T3,화자·문맥·자연스러움 집중 검토,,82.20551378446115,61.91,P2,앞뒤 5블록·사진·오류 기억을 함께 검토
SSIS-642,사진 대조 1차 교정본,577,"01:25:24,800 --> 01:25:26,140",1.34,빨리 움직여 줘요.,더 빨리 움직여 줘.,더 원하는 거야?,중립·혼합형,,0.0,,,25.0,90.0,50.0,78.0,79.0,0.75987,0.0,66.0,0.0,0.0,0.5102,천천히 움직여 줘요...,천천히 움직여 줘요…,,47.21,T3,화자·문맥·자연스러움 집중 검토,,82.20551378446115,61.91,P2,앞뒤 5블록·사진·오류 기억을 함께 검토
SSIS-642,사진 대조 1차 교정본,247,"00:34:29,910 --> 00:35:10,870",40.96,이제 본격적으로 시작해 볼까…,괜찮습니다.,왜 그만두길 바라지? 너무 기분 좋아서 그래?,반응형,,0.01,,,25.0,90.0,50.0,78.0,75.0,0.69347,16.67,66.0,0.0,0.0,0.7889,이제 본격적으로 시작해 볼까...,이제 본격적으로 시작해 볼까…,,47.19,T3,화자·문맥·자연스러움 집중 검토,,81.95488721804512,61.79,P2,앞뒤 5블록·사진·오류 기억을 함께 검토
SSIS-642,사진 대조 1차 교정본,245,"00:33:57,450 --> 00:34:05,220",7.77,몸이 자꾸 반응해서 멈출 수가 없군.,허리를 그렇게 움직여.,괜찮습니다.,반말형,,0.05,,,25.0,90.0,50.0,78.0,75.0,0.73003,0.0,66.0,0.0,18.0,0.181,그래도 멈출 생각은 없어요.,그래도 멈추진 않을 거예요.,,47.16,T3,화자·문맥·자연스러움 집중 검토,formality_shift,81.8295739348371,61.72,P2,앞뒤 5블록·사진·오류 기억을 함께 검토
SSIS-642,사진 대조 1차 교정본,92,"00:04:43,250 --> 00:04:44,450",1.2,"그래, 위아래로 움직여.",입을 이렇게 벌리고 혀를 내밀어.,아 하고.,반응형,,0.05,,,25.0,90.0,50.0,78.0,79.0,0.75623,0.0,66.0,0.0,0.0,0.4311,위아래로 움직이는 느낌...,위아래로 움직이는 느낌…,,47.06,T3,화자·문맥·자연스러움 집중 검토,,81.70426065162907,61.61,P2,앞뒤 5블록·사진·오류 기억을 함께 검토
SSIS-642,사진 대조 1차 교정본,773,"02:17:47,280 --> 02:17:49,960",2.68,체크아웃까지 아직 시간 있지?,힘을 빼.,아직 충분히 남았어요.,반응형,,0.02,,,25.0,90.0,50.0,78.0,75.0,0.75973,0.0,66.0,0.0,0.0,0.2122,아직 잘 거지?,아직 갈 수 있지?,사진 장면 확인 및 한국어 번역투·ASR 오역 교정,46.97,T3,화자·문맥·자연스러움 집중 검토,,81.57894736842105,61.51,P2,앞뒤 5블록·사진·오류 기억을 함께 검토
SSIS-642,사진 대조 1차 교정본,158,"00:17:40,100 --> 00:17:42,540",2.44,사실은 쉽게 느끼는 몸이라 섹스도 좋아하잖아.,기분이 어때?,네?,반말형,,0.0,,,25.0,90.0,50.0,78.0,75.0,0.75923,0.0,66.0,0.0,0.0,0.3894,너 이런 거 좋아하잖아.,이렇게 묶이는 거 좋아하잖아.,,46.95,T3,화자·문맥·자연스러움 집중 검토,,81.45363408521304,61.44,P2,앞뒤 5블록·사진·오류 기억을 함께 검토
SSIS-642,사진 대조 1차 교정본,718,"02:04:30,660 --> 02:04:32,900",2.24,엉덩이를 더 내밀어…,거기에 손을 짚고 엉덩이를 내밀어.,그래…,반응형,,0.04,,,25.0,90.0,50.0,78.0,79.0,0.75319,0.0,66.0,0.0,0.0,0.5819,엉덩이를 더 내밀어...,엉덩이를 더 내밀어…,,46.93,T3,화자·문맥·자연스러움 집중 검토,,81.32832080200501,61.38,P2,앞뒤 5블록·사진·오류 기억을 함께 검토
SSIS-642,사진 대조 1차 교정본,228,"00:29:48,670 --> 00:29:50,230",1.56,아주 좋은 소리를 내잖아.,이렇게?,맛있어?,반응형,,0.03,,,25.0,90.0,50.0,78.0,75.0,0.75866,0.0,66.0,0.0,0.0,0.2467,"야한 교성 소리를 그렇게 크게 내면,",야한 교성 소리를 그렇게 크게 내면,,46.92,T3,화자·문맥·자연스러움 집중 검토,,81.203007518797,61.32,P2,앞뒤 5블록·사진·오류 기억을 함께 검토
SSIS-642,사진 대조 1차 교정본,423,"01:11:18,920 --> 01:11:20,640",1.72,네 몸에서 나는 소리를 들려줘.,응.,철퍽철퍽 소리가 나네.,반말형,,0.02,,,25.0,90.0,50.0,78.0,75.0,0.75768,0.0,66.0,0.0,0.0,0.2018,"야한 교성 소리를 그렇게 크게 내면,",야한 교성 소리를 그렇게 크게 내면,,46.88,T3,화자·문맥·자연스러움 집중 검토,,81.07769423558896,61.24,P2,앞뒤 5블록·사진·오류 기억을 함께 검토
SSIS-642,사진 대조 1차 교정본,29,"00:01:37,780 --> 00:01:40,020",2.24,기분 나빠지니까 그런 얘기 그만해.,응.,게다가 손가락에 침 묻혀서 서류를 넘긴다는 얘기도 들었어.,반말형,,0.02,,,25.0,90.0,50.0,78.0,75.0,0.75691,0.0,66.0,0.0,0.0,0.3879,"안 돼, 그만해.","배 아파, 그만해.",,46.85,T3,화자·문맥·자연스러움 집중 검토,,80.95238095238095,61.17,P2,앞뒤 5블록·사진·오류 기억을 함께 검토
SSIS-642,사진 대조 1차 교정본,494,"01:17:41,520 --> 01:17:44,400",2.88,아까부터 무슨 소리가 계속 들려서 거슬리네.,"으응, 응.",응.,반말형,,0.02,,,25.0,90.0,50.0,78.0,75.0,0.75565,0.0,66.0,0.0,0.0,0.3058,소리가 다 들려.,소리가 다 들리네.,손상된 일본어 ASR + 타임스탬프 사진 + 앞뒤 문맥 추론,46.8,T3,화자·문맥·자연스러움 집중 검토,,80.82706766917293,61.09,P2,앞뒤 5블록·사진·오류 기억을 함께 검토
SSIS-642,사진 대조 1차 교정본,171,"00:18:38,410 --> 00:18:49,910",11.5,"도망쳐 봐야 소용없어. 네 알몸을 구석구석
전부 찍었으니 세상에 뿌려 버릴 수도 있다고.",그만하세요.,싫지? 그러니까 얌전히 있어.,반말형,,0.01,,,25.0,90.0,50.0,78.0,75.0,0.75514,0.0,66.0,0.0,0.0,0.0987,"싸버릴 것 같아, 가버릴 것 같다고.","싸 버릴 것 같아, 가 버릴 것 같다고.",,46.78,T3,화자·문맥·자연스러움 집중 검토,,80.7017543859649,61.03,P2,앞뒤 5블록·사진·오류 기억을 함께 검토
SSIS-642,사진 대조 1차 교정본,379,"00:58:39,730 --> 00:58:41,350",1.62,젖꼭지도 이렇게 세우고.,왜 그래?,으음…,반말형,,0.03,,,25.0,90.0,50.0,78.0,79.0,0.74737,0.0,66.0,0.0,0.0,0.6137,유두를 이렇게 세우고.,젖꼭지도 이렇게 세우고.,,46.69,T3,화자·문맥·자연스러움 집중 검토,,80.57644110275689,60.92,P2,앞뒤 5블록·사진·오류 기억을 함께 검토
SSIS-642,사진 대조 1차 교정본,676,"01:55:30,860 --> 01:55:31,760",0.9,힘을 빼.,계속 움직여서 침범벅으로 만들어.,응…,중립·혼합형,,0.04,,,25.0,90.0,50.0,78.0,79.0,0.74296,0.0,66.0,0.0,0.0,0.4379,힘을 빼고…,힘 빼고…,일본어 원문 대조 + 자연스러운 한국어 대사 교정,46.5,T3,화자·문맥·자연스러움 집중 검토,,80.45112781954887,60.76,P2,앞뒤 5블록·사진·오류 기억을 함께 검토
SSIS-642,사진 대조 1차 교정본,303,"00:47:30,720 --> 00:47:32,480",1.76,이 정도 서비스는 해 줘.,응.,굉장하잖아.,반말형,,0.02,,,25.0,90.0,50.0,78.0,75.0,0.7467,0.0,66.0,0.0,0.0,0.286,좀 더 해 줘.,보여?,일본어 원문 + 타임스탬프 사진 + 장면 연속성,46.42,T3,화자·문맥·자연스러움 집중 검토,,80.32581453634086,60.66,P2,앞뒤 5블록·사진·오류 기억을 함께 검토
SSIS-642,사진 대조 1차 교정본,331,"00:50:37,420 --> 00:50:39,440",2.02,엉덩이를 보여 줘.,이제 자세를 바꿔 보자.,"그래. 응, 응.",중립·혼합형,,0.02,,,25.0,90.0,50.0,78.0,79.0,0.74083,0.0,66.0,0.0,0.0,0.5375,네 엉덩이를 핥게 해줘.,네 엉덩이를 핥게 해 줘.,,46.41,T3,화자·문맥·자연스러움 집중 검토,,80.20050125313283,60.6,P2,앞뒤 5블록·사진·오류 기억을 함께 검토
SSIS-642,사진 대조 1차 교정본,366,"00:57:25,080 --> 00:57:27,140",2.06,야한 짓을 해서 흥분한 거잖아.,정말이야?,사실은 음란한 여자지?,반응형,,0.02,,,25.0,90.0,50.0,78.0,75.0,0.74571,0.0,66.0,0.0,0.0,0.1483,"- 아까 제대로 해 주지도 않았잖아. 괜찮잖아, 조금만. 이미 이렇게 됐고. - 정말 안 돼. 뭐가 괜찮아? 네가 멋대로 그런 거잖아.",- 아까 제대로 해 주지도 않았잖아. 조금만 하자. - 안 돼. 네가 멋대로 시작한 거잖아.,지나치게 긴 두 화자 대사 압축,46.38,T3,화자·문맥·자연스러움 집중 검토,,80.07518796992481,60.53,P2,앞뒤 5블록·사진·오류 기억을 함께 검토
SSIS-642,사진 대조 1차 교정본,108,"00:05:20,500 --> 00:05:24,680",4.18,끈적해진 입안을 보송보송하게 해야지.,하지만 끈적하기만 하면 안 되니 묽게 만들어야 해.,"부드럽게, 부드럽게.",반말형,,0.0,,,25.0,90.0,50.0,78.0,75.0,0.74162,0.0,66.0,0.0,0.0,0.1847,"더 부탁한다고 해야지. 자, 자, 하지메 군을 위한 거 아니야?",더 해 달라고 말해야지. 하지메 군을 위해서 하는 거잖아?,사진 장면 확인 및 한국어 번역투·ASR 오역 교정,46.21,T3,화자·문맥·자연스러움 집중 검토,,79.9498746867168,60.38,P2,앞뒤 5블록·사진·오류 기억을 함께 검토
SSIS-642,사진 대조 1차 교정본,400,"01:04:43,850 --> 01:04:44,490",0.64,부끄러워할 필요 없어.,부끄러워하지 마.,부끄러워하지 마.,반응형,,0.05,,,25.0,90.0,50.0,78.0,75.0,0.73968,0.0,66.0,0.0,0.0,0.3239,부끄러워...,부끄러워…,,46.13,T3,화자·문맥·자연스러움 집중 검토,,79.82456140350878,60.28,P2,앞뒤 5블록·사진·오류 기억을 함께 검토
SSIS-642,사진 대조 1차 교정본,576,"01:25:10,340 --> 01:25:11,860",1.52,더 빨리 움직여 줘.,수고했어.,빨리 움직여 줘요.,중립·혼합형,,0.04,,,25.0,90.0,50.0,78.0,79.0,0.73337,0.0,66.0,0.0,0.0,0.4186,역시 움직여 줄게.,이제 움직여 줄게.,사진 장면 확인 및 한국어 번역투·ASR 오역 교정,46.1,T3,화자·문맥·자연스러움 집중 검토,,79.69924812030075,60.21,P2,앞뒤 5블록·사진·오류 기억을 함께 검토
SSIS-642,사진 대조 1차 교정본,249,"00:37:43,080 --> 00:38:18,970",35.89,이렇게? 느끼는 게 다 보여.,왜 그만두길 바라지? 너무 기분 좋아서 그래?,더 안쪽까지 해 줄게.,중립·혼합형,,0.02,,,25.0,90.0,50.0,78.0,75.0,0.73785,0.0,66.0,0.0,0.0,0.4199,잘 안 보여.,"응, 그렇네.",일본어 원문 + 타임스탬프 사진 + 장면 연속성,46.05,T3,화자·문맥·자연스러움 집중 검토,,79.4486215538847,60.08,P2,앞뒤 5블록·사진·오류 기억을 함께 검토
SSIS-642,사진 대조 1차 교정본,543,"01:19:36,110 --> 01:19:38,610",2.5,조금 혼나기는 했지만 괜찮아.,계속 마음에 걸려서.,"뭐, 출장이라면 그런 일도 있지.",반응형,,0.01,,,25.0,90.0,50.0,78.0,75.0,0.73787,0.0,66.0,0.0,0.0,0.4663,괜찮아.,최고예요.,화면 영문 자막 대조,46.05,T3,화자·문맥·자연스러움 집중 검토,,79.4486215538847,60.08,P2,앞뒤 5블록·사진·오류 기억을 함께 검토
SSIS-642,사진 대조 1차 교정본,551,"01:20:03,000 --> 01:20:07,480",4.48,잠깐만이라도 멈추고 이야기하자.,멈출 수 없어.,응.,반응형,,0.0,,,25.0,90.0,50.0,78.0,75.0,0.73794,0.0,66.0,0.0,0.0,0.1677,멈추지 말고 계속하자.,멈추지 말고 계속해.,사진 장면 확인 및 한국어 번역투 교정,46.05,T3,화자·문맥·자연스러움 집중 검토,,79.4486215538847,60.08,P2,앞뒤 5블록·사진·오류 기억을 함께 검토
SSIS-642,사진 대조 1차 교정본,196,"00:23:20,900 --> 00:23:21,240",0.34,기분 좋다면 말해.,그렇게 힘주지 마.,"아, 여기가 좋은 거지?",반말형,,0.0,,,25.0,90.0,50.0,78.0,75.0,0.62198,0.0,66.0,47.65,0.0,0.2409,기분 좋아.,"아, 좋아.",화면 영문 자막 대조,45.95,T3,화자·문맥·자연스러움 집중 검토,high_cps,79.19799498746866,59.91,P2,앞뒤 5블록·사진·오류 기억을 함께 검토
SSIS-642,사진 대조 1차 교정본,766,"02:14:23,840 --> 02:14:25,180",1.34,힘을 빼.,힘주지 마.,조금 더 참아.,중립·혼합형,,0.04,,,25.0,90.0,50.0,78.0,79.0,0.72874,0.0,66.0,0.0,0.0,0.4379,힘을 빼고…,힘 빼고…,일본어 원문 대조 + 자연스러운 한국어 대사 교정,45.91,T3,화자·문맥·자연스러움 집중 검토,,79.07268170426065,59.84,P2,앞뒤 5블록·사진·오류 기억을 함께 검토
SSIS-642,사진 대조 1차 교정본,152,"00:17:20,860 --> 00:17:23,000",2.14,핥으니까 움찔움찔하던데.,"너, 섹스 좋아하지?",핥지 마세요.,반응형,,0.04,,,25.0,90.0,50.0,78.0,79.0,0.72823,0.0,66.0,0.0,0.0,0.1022,계속 움찔거리고 있어.,계속 움찔거리고 있네.,일본어 원문 대조 + 자연스러운 한국어 대사 교정,45.89,T3,화자·문맥·자연스러움 집중 검토,,78.94736842105263,59.77,P2,앞뒤 5블록·사진·오류 기억을 함께 검토
SSIS-642,사진 대조 1차 교정본,207,"00:24:59,970 --> 00:25:02,770",2.8,내 자지를 네 침으로 흠뻑 적셔 줘.,어서.,으으…,반말형,,0.03,,,25.0,90.0,50.0,78.0,75.0,0.73381,0.0,66.0,0.0,0.0,0.1767,좀 더 해 줘.,보여?,일본어 원문 + 타임스탬프 사진 + 장면 연속성,45.88,T3,화자·문맥·자연스러움 집중 검토,,78.82205513784461,59.72,P2,앞뒤 5블록·사진·오류 기억을 함께 검토
SSIS-642,사진 대조 1차 교정본,611,"01:37:33,150 --> 01:37:34,690",1.54,몇 번이고 할 수 있겠군.,몇 번이고 해 주세요.,엉덩이를 내밀어 이쪽으로 향하게 해.,중립·혼합형,,0.05,,,25.0,90.0,50.0,78.0,75.0,0.73339,0.0,66.0,0.0,0.0,0.4536,"몇 번이고, 몇 번이고 가라.",이번엔 내가 핥아 줄게.,화면 영문 자막 대조,45.86,T3,화자·문맥·자연스러움 집중 검토,,78.69674185463658,59.65,P2,앞뒤 5블록·사진·오류 기억을 함께 검토
SSIS-642,사진 대조 1차 교정본,239,"00:32:33,990 --> 00:32:34,090",0.1,잠깐…,그렇게 얌전히 있어.,으음…,반응형,,0.01,,,25.0,90.0,50.0,78.0,75.0,0.38546,42.0,66.0,70.0,0.0,1.0,잠깐…,그리고…,일본어 원문 대조 + 자연스러운 한국어 대사 교정,45.81,T3,화자·문맥·자연스러움 집중 검토,high_cps,78.57142857142857,59.57,P2,앞뒤 5블록·사진·오류 기억을 함께 검토
SSIS-642,사진 대조 1차 교정본,211,"00:25:19,330 --> 00:25:33,120",13.79,좀 더 제대로 입을 움직여.,"그래, 그렇게.",으음…,중립·혼합형,,0.03,,,25.0,90.0,50.0,78.0,79.0,0.72602,0.0,66.0,0.0,0.0,0.4323,몸이 저절로 움직여.,몸이 저절로 움직이네.,손상된 일본어 ASR + 타임스탬프 사진 + 앞뒤 문맥 추론,45.79,T3,화자·문맥·자연스러움 집중 검토,,78.44611528822055,59.51,P2,앞뒤 5블록·사진·오류 기억을 함께 검토
SSIS-642,사진 대조 1차 교정본,606,"01:34:34,700 --> 01:34:39,460",4.76,"내 정액이랑 네 침으로
자지 끝을 흠뻑 적셔 줘.",이제 한 번 더 해 볼까.,"자, 일어나. 몸에 잔뜩 흘러내리게 해 줄게.",반말형,,0.0,,,25.0,90.0,50.0,78.0,75.0,0.72888,0.0,66.0,0.0,0.0,0.1548,자지 끝을 밀어내려다 오히려 혀로 자극하고 말았다.,자지 끝을 밀어내려 했지만 오히려 혀로 자극하고 말았다.,,45.67,T3,화자·문맥·자연스러움 집중 검토,,78.32080200501254,59.38,P2,앞뒤 5블록·사진·오류 기억을 함께 검토
SSIS-642,사진 대조 1차 교정본,415,"01:08:28,660 --> 01:08:30,020",1.36,"자, 입 벌려.",말해 봐!,"오, 오, 오…",중립·혼합형,,0.04,,,25.0,90.0,50.0,78.0,75.0,0.72818,0.0,66.0,0.0,0.0,0.3118,다리를 벌려...,다리를 벌려…,,45.64,T3,화자·문맥·자연스러움 집중 검토,,78.1328320802005,59.29,P2,앞뒤 5블록·사진·오류 기억을 함께 검토
SSIS-642,사진 대조 1차 교정본,503,"01:18:00,200 --> 01:18:02,740",2.54,그런 소리가 날 리 없잖아?,텔레비전 소리 아닐까?,그런가?,반응형,,0.0,,,25.0,90.0,50.0,78.0,75.0,0.72804,0.0,66.0,0.0,0.0,0.3177,소리가 다 들려.,소리가 다 들리네.,손상된 일본어 ASR + 타임스탬프 사진 + 앞뒤 문맥 추론,45.64,T3,화자·문맥·자연스러움 집중 검토,,78.1328320802005,59.29,P2,앞뒤 5블록·사진·오류 기억을 함께 검토
SSIS-642,사진 대조 1차 교정본,117,"00:06:01,370 --> 00:06:05,670",4.3,"자, 아직 부족하지? 더 마셔.",맞아. 요즘은 회사 규정도 엄격하니까. 네 말이 옳아.,"자, 꿀꺽 삼켜. 어서.",반응형,,0.03,,,25.0,90.0,50.0,78.0,75.0,0.72701,0.0,66.0,0.0,0.0,0.348,부족하지 않았어.,아직 부족하지?,손상된 일본어 ASR + 타임스탬프 사진 + 앞뒤 문맥 추론,45.59,T3,화자·문맥·자연스러움 집중 검토,,77.94486215538848,59.18,P2,앞뒤 5블록·사진·오류 기억을 함께 검토
SSIS-642,사진 대조 1차 교정본,226,"00:28:29,790 --> 00:28:31,610",1.82,좋은 소리를 내는군. 여긴가?,점점 기분 좋아지지?,이렇게?,중립·혼합형,,0.01,,,25.0,90.0,50.0,78.0,75.0,0.72461,0.0,66.0,0.0,0.0,0.2025,"야한 교성 소리를 그렇게 크게 내면,",야한 교성 소리를 그렇게 크게 내면,,45.49,T3,화자·문맥·자연스러움 집중 검토,,77.81954887218046,59.07,P2,앞뒤 5블록·사진·오류 기억을 함께 검토
SSIS-642,사진 대조 1차 교정본,204,"00:24:42,760 --> 00:24:45,280",2.52,사실 좋아하잖아. 가까이서 봐.,좋아하지 않아요.,"자, 잘 봐.",반응형,,0.04,,,25.0,90.0,50.0,78.0,75.0,0.7243,0.0,66.0,0.0,0.0,0.4971,너 이런 거 좋아하잖아.,이렇게 묶이는 거 좋아하잖아.,,45.48,T3,화자·문맥·자연스러움 집중 검토,,77.69423558897243,59.01,P2,앞뒤 5블록·사진·오류 기억을 함께 검토
SSIS-642,사진 대조 1차 교정본,387,"01:01:05,040 --> 01:01:06,340",1.3,더 만져 달라는 거잖아.,보기 좋은 자세군. 야하게 다리를 벌리고 만져 달라는 거지?,"자, 이렇게. 이렇게 하는 거야.",반응형,,0.04,,,25.0,90.0,50.0,78.0,75.0,0.72365,0.0,66.0,0.0,0.0,0.2985,한번 만져 봐.,안 돼.,일본어 원문 + 타임스탬프 사진 + 장면 연속성,45.45,T3,화자·문맥·자연스러움 집중 검토,,77.5689223057644,58.94,P2,앞뒤 5블록·사진·오류 기억을 함께 검토
SSIS-642,사진 대조 1차 교정본,128,"00:07:06,000 --> 00:07:09,960",3.96,"뭐, 떨어져서 자면 괜찮지 않겠어?",한 방뿐인가.,네.,반응형,,0.0,,,25.0,90.0,50.0,78.0,75.0,0.72339,0.0,66.0,0.0,0.0,0.2494,자면 안 돼. 자면 안 돼.,가면 안 돼. 아직 가면 안 돼.,,45.44,T3,화자·문맥·자연스러움 집중 검토,,77.38095238095238,58.86,P2,앞뒤 5블록·사진·오류 기억을 함께 검토
SSIS-642,사진 대조 1차 교정본,437,"01:13:48,720 --> 01:13:50,720",2.0,부장님 자지 빨게 해 주세요.,자지 갖고 싶어요.,"자, 카메라를 보면서.",중립·혼합형,,0.02,,,25.0,90.0,50.0,78.0,75.0,0.72329,0.0,66.0,0.0,0.0,0.414,쉬게 해 주세요.,그만해.,장면과 충돌한 표현 교정,45.44,T3,화자·문맥·자연스러움 집중 검토,,77.38095238095238,58.86,P2,앞뒤 5블록·사진·오류 기억을 함께 검토
SSIS-642,사진 대조 1차 교정본,438,"01:13:52,180 --> 01:13:53,660",1.48,"자, 카메라를 보면서.",부장님 자지 빨게 해 주세요.,부장님 자지 빨게 해 주세요.,중립·혼합형,,0.02,,,25.0,90.0,50.0,78.0,75.0,0.72282,0.0,66.0,0.0,0.0,0.2624,카메라 보고 말해 봐.,카메라 보고 얘기해 봐.,일본어 원문 대조 + 자연스러운 한국어 대사 교정,45.42,T3,화자·문맥·자연스러움 집중 검토,,77.19298245614034,58.76,P2,앞뒤 5블록·사진·오류 기억을 함께 검토
SSIS-642,사진 대조 1차 교정본,35,"00:01:57,120 --> 00:01:59,080",1.96,그건 그렇고 오늘 같이 퇴근하자.,직장인의 비애지.,그런 말은 회사에서 안 하기로 약속했잖아?,중립·혼합형,,0.02,,,25.0,90.0,50.0,78.0,75.0,0.72204,0.0,66.0,0.0,0.0,0.2321,그건 안 돼.,여기로 와.,일본어 원문 + 타임스탬프 사진 + 장면 연속성,45.39,T3,화자·문맥·자연스러움 집중 검토,,77.06766917293233,58.69,P2,앞뒤 5블록·사진·오류 기억을 함께 검토
SSIS-642,사진 대조 1차 교정본,396,"01:03:37,700 --> 01:03:42,160",4.46,좋아. 더 만져 달라는 거지?,허리에 힘을 줘.,침으로 이 엉덩이도 흠뻑 적셔 줄까?,반응형,,0.0,,,25.0,90.0,50.0,78.0,75.0,0.72073,0.0,66.0,0.0,0.0,0.4394,잘 거지?,갈 수 있지?,사진 장면 확인 및 한국어 번역투·ASR 오역 교정,45.33,T3,화자·문맥·자연스러움 집중 검토,,76.94235588972431,58.61,P2,앞뒤 5블록·사진·오류 기억을 함께 검토
SSIS-642,사진 대조 1차 교정본,356,"00:55:29,280 --> 00:55:49,630",20.35,뿌리까지 세워서 보여 봐.,빼낸 자지가 침범벅이 된 걸 보여 줘.,입을 더 위로 올려.,반말형,,0.02,,,25.0,90.0,50.0,78.0,75.0,0.71944,0.0,66.0,0.0,0.0,0.1826,좀 더 보여줘 봐.,좀 더 보여 줘 봐.,,45.28,T3,화자·문맥·자연스러움 집중 검토,,76.8170426065163,58.53,P2,앞뒤 5블록·사진·오류 기억을 함께 검토
SSIS-642,사진 대조 1차 교정본,716,"02:04:07,900 --> 02:04:09,780",1.88,자지 넣어 주세요.,자지 넣어 달라는 거지?,거기에 손을 짚고 엉덩이를 내밀어.,반응형,,0.0,,,25.0,90.0,50.0,78.0,79.0,0.71257,0.0,66.0,0.0,0.0,0.5312,쉬어 주세요.,잠깐 쉬게 해 주세요.,사진 장면 확인 및 한국어 번역투·ASR 오역 교정,45.23,T3,화자·문맥·자연스러움 집중 검토,,76.69172932330827,58.44,P2,앞뒤 5블록·사진·오류 기억을 함께 검토
SSIS-642,사진 대조 1차 교정본,603,"01:31:15,720 --> 01:31:17,820",2.1,넣어 주세요.,넣어 주길 바라?,다리를 벌려.,반응형,,0.02,,,25.0,90.0,50.0,78.0,79.0,0.71156,0.0,66.0,0.0,0.0,0.6092,쉬어 주세요.,잠깐 쉬게 해 주세요.,사진 장면 확인 및 한국어 번역투·ASR 오역 교정,45.19,T3,화자·문맥·자연스러움 집중 검토,,76.56641604010025,58.37,P2,앞뒤 5블록·사진·오류 기억을 함께 검토
SSIS-642,사진 대조 1차 교정본,732,"02:07:07,310 --> 02:07:14,410",7.1,"아, 잠깐만…",잠깐만요…,"자, 이번엔 두 번째야.",반응형,,0.01,,,25.0,90.0,50.0,78.0,75.0,0.57722,32.66,66.0,0.0,0.0,0.9221,잠깐만…,나만 벗는 거야?,일본어 원문 + 타임스탬프 사진 + 장면 연속성,45.18,T3,화자·문맥·자연스러움 집중 검토,,76.44110275689223,58.31,P2,앞뒤 5블록·사진·오류 기억을 함께 검토
SSIS-642,사진 대조 1차 교정본,36,"00:02:00,860 --> 00:02:03,580",2.72,그런 말은 회사에서 안 하기로 약속했잖아?,그건 그렇고 오늘 같이 퇴근하자.,뭐 어때? 아무도 안 듣고 있잖아.,중립·혼합형,,0.04,,,25.0,90.0,50.0,78.0,75.0,0.7168,0.0,66.0,0.0,0.0,0.1659,다음 주 중요한 현장에 쓸 자료를 어제 회사에서 스즈모리랑 둘이 야근하며 만들었지.,다음 주 중요한 현장에 쓸 자료를 어제 스즈모리와 둘이 야근하며 만들었지.,내레이션 어순 및 조사 교정,45.17,T3,화자·문맥·자연스러움 집중 검토,,76.31578947368422,58.25,P2,앞뒤 5블록·사진·오류 기억을 함께 검토
SSIS-642,사진 대조 1차 교정본,778,"02:18:46,510 --> 02:18:47,910",1.4,그럼 남은 시간 동안 계속하자.,아직도 부족한 거야?,"자, 몸을 더 잘 보여 줘. 그래, 그래.",중립·혼합형,,0.01,,,25.0,90.0,50.0,78.0,75.0,0.71629,0.0,66.0,0.0,0.0,0.4666,멈추지 말고 계속하자.,멈추지 말고 계속해.,사진 장면 확인 및 한국어 번역투 교정,45.14,T3,화자·문맥·자연스러움 집중 검토,,76.19047619047619,58.18,P2,앞뒤 5블록·사진·오류 기억을 함께 검토
SSIS-642,사진 대조 1차 교정본,413,"01:07:22,780 --> 01:07:23,880",1.1,어떻게 해 주면 좋겠어?,"그래, 이렇게.",말해 봐!,반응형,,0.02,,,25.0,90.0,50.0,78.0,75.0,0.7158,0.0,66.0,0.0,0.0,0.3338,어떻게 먹는 게 좋아?,어떻게 해 주는 게 좋아?,일본어 원문 대조 + 자연스러운 한국어 대사 교정,45.12,T3,화자·문맥·자연스러움 집중 검토,,76.06516290726817,58.12,P2,앞뒤 5블록·사진·오류 기억을 함께 검토
SSIS-642,사진 대조 1차 교정본,336,"00:51:05,480 --> 00:51:07,260",1.78,야하게 엉덩이를 흔드는군.,제대로 물어.,응.,반말형,,0.02,,,25.0,90.0,50.0,78.0,79.0,0.70948,0.0,66.0,0.0,0.0,0.3143,네 엉덩이를 핥게 해줘.,네 엉덩이를 핥게 해 줘.,,45.1,T3,화자·문맥·자연스러움 집중 검토,,75.93984962406014,58.05,P2,앞뒤 5블록·사진·오류 기억을 함께 검토
SSIS-642,사진 대조 1차 교정본,86,"00:04:29,070 --> 00:04:31,070",2.0,난 그런 음란한 뜻으로 말하는 게 아니야.,실례했습니다.,이 친구가 끈적한 걸 먹었는지 확인하는 거야.,반말형,,0.03,,,25.0,90.0,50.0,78.0,75.0,0.71342,0.0,66.0,0.0,0.0,0.3189,음식 말하는 거 아니야~.,음식 말하는 거 아니야…,,45.02,T3,화자·문맥·자연스러움 집중 검토,,75.81453634085213,57.95,P3,말투·질문응답·가독성 위주 검토
SSIS-642,사진 대조 1차 교정본,709,"02:02:54,290 --> 02:02:56,050",1.76,거기서 흘러내리고 있네.,그 부분을 흠뻑 젖게 해 줘.,갖고 싶어요.,반말형,,0.01,,,25.0,90.0,50.0,78.0,75.0,0.71153,0.0,66.0,0.0,0.0,0.2513,제대로 돼 있네.,제대로 가려지네.,일본어 원문 대조 + 자연스러운 한국어 대사 교정,44.94,T3,화자·문맥·자연스러움 집중 검토,,75.6892230576441,57.85,P3,말투·질문응답·가독성 위주 검토
SSIS-642,사진 대조 1차 교정본,184,"00:21:45,300 --> 00:21:47,200",1.9,이렇게 젖은 게 느껴져?,아니에요. 아니라고요.,으음…,중립·혼합형,,0.0,,,25.0,90.0,50.0,78.0,79.0,0.70503,0.0,66.0,0.0,0.0,0.3388,이렇게 하면 두 배로 느껴져요.,향까지 나니까 두 배로 좋아요.,,44.91,T3,화자·문맥·자연스러움 집중 검토,,75.56390977443608,57.78,P3,말투·질문응답·가독성 위주 검토
SSIS-642,사진 대조 1차 교정본,604,"01:31:20,800 --> 01:31:22,060",1.26,다리를 벌려.,넣어 주세요.,이제 한 번 더 해 볼까.,중립·혼합형,,0.0,,,25.0,90.0,50.0,78.0,75.0,0.68834,4.93,66.0,0.0,0.0,0.6911,다리를 벌려...,다리를 벌려…,,44.86,T3,화자·문맥·자연스러움 집중 검토,,75.43859649122807,57.7,P3,말투·질문응답·가독성 위주 검토
SSIS-642,사진 대조 1차 교정본,620,"01:38:40,910 --> 01:38:41,830",0.92,따뜻하게 해 주는 거죠?,따뜻하게 해 줄게.,이제 참을 수 없겠지?,반말형,,0.01,,,25.0,90.0,50.0,78.0,75.0,0.70878,0.0,66.0,0.0,0.0,0.2049,순서를 잘못 잡거나 서로 속도가 맞지 않아 무섭게 한 것 같다는 거죠?,순서를 서두르고 서로 속도를 맞추지 못해 상대를 무섭게 한 것 같다는 거죠?,긴 번역투 문장 자연화,44.83,T3,화자·문맥·자연스러움 집중 검토,,75.31328320802005,57.63,P3,말투·질문응답·가독성 위주 검토
SSIS-642,사진 대조 1차 교정본,682,"01:57:42,000 --> 01:58:10,140",28.14,어떻게 할까?,"음, 그래.",엉덩이를 더 내밀어.,반응형,,0.0,,,25.0,90.0,50.0,78.0,75.0,0.66223,10.41,66.0,0.0,0.0,0.7367,어떻게 깨끗하게 할까?,이거 어떻게 닦지?,사진 장면 확인 및 한국어 번역투·ASR 오역 교정,44.75,T3,화자·문맥·자연스러움 집중 검토,,75.18796992481202,57.53,P3,말투·질문응답·가독성 위주 검토
SSIS-642,사진 대조 1차 교정본,310,"00:47:59,010 --> 00:48:00,390",1.38,자지도 제대로 핥아.,뭐 하는 거야?,"그래, 더 깊이 물어야지.",반응형,,0.01,,,25.0,90.0,50.0,78.0,79.0,0.70071,0.0,66.0,0.0,0.0,0.435,혀로 핥아.,그대로 핥아 줘.,일본어 원문 대조 + 자연스러운 한국어 대사 교정,44.73,T3,화자·문맥·자연스러움 집중 검토,,75.06265664160401,57.47,P3,말투·질문응답·가독성 위주 검토
SSIS-642,사진 대조 1차 교정본,514,"01:18:18,920 --> 01:18:20,380",1.46,그럼 조용히 쉬어.,응.,응.,반응형,,0.02,,,25.0,90.0,50.0,78.0,75.0,0.7049,0.0,66.0,0.0,0.0,0.5404,쉬어.,아… 그대로…,타임스탬프 사진으로 장면 불일치 확인 후 재복원,44.67,T3,화자·문맥·자연스러움 집중 검토,,74.93734335839599,57.38,P3,말투·질문응답·가독성 위주 검토
SSIS-642,사진 대조 1차 교정본,21,"00:01:13,300 --> 00:01:14,900",1.6,모토키 부장님도 같이 가시잖아?,왜?,한턱 얻어먹을 수 있잖아.,반응형,,0.0,,,25.0,90.0,50.0,78.0,75.0,0.70394,0.0,66.0,0.0,0.0,0.1868,같이 좀 가요.,그럼 같이 가요.,일본어 원문 대조 + 자연스러운 한국어 대사 교정,44.63,T3,화자·문맥·자연스러움 집중 검토,,74.81203007518798,57.31,P3,말투·질문응답·가독성 위주 검토
SSIS-642,사진 대조 1차 교정본,405,"01:05:24,780 --> 01:05:30,220",5.44,다리를 벌려 주세요.,다리를 벌려…,여기야?,존댓말형,,0.02,,,25.0,90.0,50.0,78.0,75.0,0.66797,0.0,66.0,0.0,18.0,0.4912,다리를 벌려...,다리를 벌려…,,44.55,T3,화자·문맥·자연스러움 집중 검토,formality_shift,74.62406015037594,57.18,P3,말투·질문응답·가독성 위주 검토
SSIS-642,사진 대조 1차 교정본,639,"01:40:25,870 --> 01:40:28,470",2.6,술을 이렇게 마시니 취해 버렸어요.,아…,한 잔 더 마시면 돼…,반응형,,0.03,,,25.0,90.0,50.0,78.0,75.0,0.70203,0.0,66.0,0.0,0.0,0.3002,말해 버렸어요?,소리 내 버렸어요?,사진 장면 확인 및 한국어 번역투·ASR 오역 교정,44.55,T3,화자·문맥·자연스러움 집중 검토,,74.62406015037594,57.18,P3,말투·질문응답·가독성 위주 검토
SSIS-642,사진 대조 1차 교정본,544,"01:19:45,440 --> 01:19:47,660",2.22,"뭐, 출장이라면 그런 일도 있지.",조금 혼나기는 했지만 괜찮아.,자고 나면 잊을 거야.,반말형,,0.04,,,25.0,90.0,50.0,78.0,75.0,0.7017,0.0,66.0,0.0,0.0,0.2703,분위기 있지.,그런 분위기 좋지.,일본어 원문 대조 + 자연스러운 한국어 대사 교정,44.53,T3,화자·문맥·자연스러움 집중 검토,,74.43609022556392,57.09,P3,말투·질문응답·가독성 위주 검토
SSIS-642,사진 대조 1차 교정본,137,"00:08:33,740 --> 00:08:36,140",2.4,"아, 저쪽은 다른 손님이 쓰고 있네요.",됐습니다.,그럼 다른 곳을 이용해야겠군.,반말형,,0.04,,,25.0,90.0,50.0,78.0,75.0,0.70029,0.0,66.0,0.0,0.0,0.3415,저쪽에 엔진이 있네요.,저쪽이 엔진실인가 봐요.,선박 관람 장면 표현 자연화,44.47,T3,화자·문맥·자연스러움 집중 검토,,74.24812030075188,56.98,P3,말투·질문응답·가독성 위주 검토
SSIS-642,사진 대조 1차 교정본,223,"00:28:20,190 --> 00:28:22,530",2.34,"여기, 조금은 기분 좋지?",좋은 몸이잖아.,으음…,반말형,,0.01,,,25.0,90.0,50.0,78.0,75.0,0.70028,0.0,66.0,0.0,0.0,0.596,기분 좋지?,흥분되면 말해 봐.,화면 영문 자막 대조,44.47,T3,화자·문맥·자연스러움 집중 검토,,74.24812030075188,56.98,P3,말투·질문응답·가독성 위주 검토
SSIS-642,사진 대조 1차 교정본,671,"01:53:58,790 --> 01:54:30,240",31.45,이쪽도 더 흠뻑 적셔 줘.,누워만 있지 말고 내 몸도 전부 침범벅으로 만들어 줘.,침으로 잔뜩 적셔. 더 흠뻑.,중립·혼합형,,0.01,,,25.0,90.0,50.0,78.0,75.0,0.6993,0.0,66.0,0.0,0.0,0.3607,이쪽도 보여주세요.,이쪽도 보여 줘.,화자 말투 통일,44.43,T3,화자·문맥·자연스러움 집중 검토,,74.06015037593986,56.87,P3,말투·질문응답·가독성 위주 검토
SSIS-642,사진 대조 1차 교정본,786,"02:22:58,540 --> 02:23:13,310",14.77,"계속, 계속, 계속.",더.,끝이야.,중립·혼합형,,0.04,,,25.0,90.0,50.0,78.0,75.0,0.6981,0.0,66.0,0.0,0.0,0.1721,계속…,이거 어떻게 푸는 거였지?,일본어 원문 + 타임스탬프 사진 + 장면 연속성,44.38,T3,화자·문맥·자연스러움 집중 검토,,73.93483709273183,56.79,P3,말투·질문응답·가독성 위주 검토
SSIS-642,사진 대조 1차 교정본,428,"01:12:13,840 --> 01:12:15,180",1.34,좀 더 기쁘게 해 봐.,저한테 왜 이러세요?,"왜, 말했어?",반말형,,0.04,,,25.0,90.0,50.0,78.0,75.0,0.69767,0.0,66.0,0.0,0.0,0.3566,좀 더 해 줘.,보여?,일본어 원문 + 타임스탬프 사진 + 장면 연속성,44.36,T3,화자·문맥·자연스러움 집중 검토,,73.80952380952381,56.73,P3,말투·질문응답·가독성 위주 검토
SSIS-642,사진 대조 1차 교정본,767,"02:14:25,180 --> 02:14:26,280",1.1,조금 더 참아.,힘을 빼.,힘 빼고 천천히 받아.,반응형,,0.02,,,25.0,90.0,50.0,78.0,75.0,0.69715,0.0,66.0,0.0,0.0,0.2727,이대로 조금 더 해 주세요.,그대로 조금 더 해 줘.,손상된 일본어 ASR + 타임스탬프 사진 + 앞뒤 문맥 추론,44.34,T3,화자·문맥·자연스러움 집중 검토,,73.68421052631578,56.66,P3,말투·질문응답·가독성 위주 검토
SSIS-642,사진 대조 1차 교정본,598,"01:30:04,950 --> 01:30:06,610",1.66,이 안에 전부 쏟아 버릴 거야.,나를 똑바로 봐.,으으…,반말형,,0.05,,,25.0,90.0,50.0,78.0,75.0,0.69637,0.0,66.0,0.0,0.0,0.3124,싫은 거야.,싫어?,일본어 원문 대조 + 자연스러운 한국어 대사 교정,44.31,T3,화자·문맥·자연스러움 집중 검토,,73.49624060150376,56.57,P3,말투·질문응답·가독성 위주 검토
SSIS-642,사진 대조 1차 교정본,658,"01:46:17,870 --> 01:46:20,730",2.86,정말 소름 끼쳐요.,"이제 술도 깼으니 그 무표정한 얼굴 말고
솔직한 표정 좀 보여 봐.","자, 내 것도 잔뜩 입에 넣고 핥아.",중립·혼합형,,0.03,,,25.0,90.0,50.0,78.0,75.0,0.69632,0.0,66.0,0.0,0.0,0.2394,정말 좋아.,거기 좋아.,타임스탬프 사진과 장면 흐름으로 명백한 오인식 교정,44.31,T3,화자·문맥·자연스러움 집중 검토,,73.49624060150376,56.57,P3,말투·질문응답·가독성 위주 검토
SSIS-642,사진 대조 1차 교정본,663,"01:50:16,940 --> 01:50:18,820",1.88,또 야한 팬티를 입었군.,엉덩이도 보여 줘.,그런 모양이네.,반말형,,0.04,,,25.0,90.0,50.0,78.0,75.0,0.69559,0.0,66.0,0.0,0.0,0.1422,"야한 교성 소리를 그렇게 크게 내면,",야한 교성 소리를 그렇게 크게 내면,,44.27,T3,화자·문맥·자연스러움 집중 검토,,73.30827067669173,56.47,P3,말투·질문응답·가독성 위주 검토
SSIS-642,사진 대조 1차 교정본,610,"01:37:29,170 --> 01:37:30,510",1.34,몇 번이고 해 주세요.,왜 그래?,몇 번이고 할 수 있겠군.,중립·혼합형,,0.03,,,25.0,90.0,50.0,78.0,75.0,0.69502,0.0,66.0,0.0,0.0,0.5848,"몇 번이고, 몇 번이고 가라.",이번엔 내가 핥아 줄게.,화면 영문 자막 대조,44.25,T3,화자·문맥·자연스러움 집중 검토,,73.1829573934837,56.4,P3,말투·질문응답·가독성 위주 검토
SSIS-642,사진 대조 1차 교정본,759,"02:13:51,020 --> 02:13:52,580",1.56,허리를 더 흔들어…,숨을 내쉬어.,"더 움직여. 자, 해 봐.",반응형,,0.02,,,25.0,90.0,50.0,78.0,75.0,0.69462,0.0,66.0,0.0,0.0,0.5947,허리를 더 흔들어...,허리를 더 흔들어…,,44.23,T3,화자·문맥·자연스러움 집중 검토,,73.05764411027569,56.34,P3,말투·질문응답·가독성 위주 검토
SSIS-642,사진 대조 1차 교정본,758,"02:12:59,140 --> 02:13:01,360",2.22,숨을 내쉬어.,으으으…,허리를 더 흔들어…,반응형,,0.04,,,25.0,90.0,50.0,78.0,75.0,0.69324,0.0,66.0,0.0,0.0,0.3935,숨을 내쉬고...,숨을 내쉬고…,,44.18,T3,화자·문맥·자연스러움 집중 검토,,72.93233082706767,56.26,P3,말투·질문응답·가독성 위주 검토
SSIS-642,사진 대조 1차 교정본,115,"00:05:54,190 --> 00:05:55,150",0.96,성희롱은 하면 안 되잖아요.,잘 씻어 내야 건강해지지. 건강해야 해.,맞아. 요즘은 회사 규정도 엄격하니까. 네 말이 옳아.,반응형,,0.01,,,25.0,90.0,50.0,78.0,75.0,0.69309,0.0,66.0,0.0,0.0,0.3121,안 되잖아.,안 되지.,일본어 원문 대조 + 자연스러운 한국어 대사 교정,44.17,T3,화자·문맥·자연스러움 집중 검토,,72.80701754385966,56.2,P3,말투·질문응답·가독성 위주 검토
SSIS-642,사진 대조 1차 교정본,655,"01:45:52,510 --> 01:46:00,790",8.28,"밖에서는 얌전한 사람도 남편이나 아내 앞에서는
감정을 숨기지 못할 때가 있잖아.",그만큼 우리 사이가 깊어졌다는 뜻일까?,"섹스하면서 가는 얼굴까지 보여 준 사람한테는
감정을 숨길 수 없다는 뜻이야.",반말형,,0.01,,,25.0,90.0,50.0,78.0,75.0,0.69029,0.0,66.0,0.0,0.0,0.2205,서 있잖아.,완전히 서 있잖아.,일본어 원문 대조 + 자연스러운 한국어 대사 교정,44.05,T3,화자·문맥·자연스러움 집중 검토,,72.68170426065163,56.08,P3,말투·질문응답·가독성 위주 검토
SSIS-642,사진 대조 1차 교정본,263,"00:43:20,830 --> 00:43:23,170",2.34,"아, 역시 방 하나 더는 안 됩니까?",네…,알겠습니다.,중립·혼합형,,0.03,,,25.0,90.0,50.0,78.0,75.0,0.6898,0.0,66.0,0.0,0.0,0.2214,"아, 아, 아, 아, 아, 아, 아,","아, 아, 아, 아, 아, 아, 아",,44.03,T3,화자·문맥·자연스러움 집중 검토,,72.4937343358396,55.98,P3,말투·질문응답·가독성 위주 검토
SSIS-642,사진 대조 1차 교정본,330,"00:50:34,700 --> 00:50:36,460",1.76,이제 자세를 바꿔 보자.,더.,엉덩이를 보여 줘.,중립·혼합형,,0.0,,,25.0,90.0,50.0,78.0,75.0,0.68978,0.0,66.0,0.0,0.0,0.4329,한번 보자.,밖을 봐 보자.,일본어 원문 + 타임스탬프 사진 + 장면 연속성,44.03,T3,화자·문맥·자연스러움 집중 검토,,72.4937343358396,55.98,P3,말투·질문응답·가독성 위주 검토
SSIS-642,사진 대조 1차 교정본,427,"01:12:06,400 --> 01:12:07,740",1.34,저한테 왜 이러세요?,부장님…,좀 더 기쁘게 해 봐.,존댓말형,,0.0,,,25.0,90.0,50.0,78.0,75.0,0.65467,0.0,66.0,0.0,18.0,0.1361,왜 자꾸 이러는 거예요…?,왜 자꾸 그러는 거예요…?,손상된 일본어 ASR + 타임스탬프 사진 + 앞뒤 문맥 추론,44.0,T3,화자·문맥·자연스러움 집중 검토,formality_shift,72.24310776942356,55.86,P3,말투·질문응답·가독성 위주 검토
SSIS-642,사진 대조 1차 교정본,616,"01:38:09,610 --> 01:38:21,080",11.47,따뜻하게 해 주세요.,더 내밀어.,따뜻하게 해 주세요.,중립·혼합형,,0.01,,,25.0,90.0,50.0,78.0,75.0,0.68913,0.0,66.0,0.0,0.0,0.4647,쉬게 해 주세요.,그만해.,장면과 충돌한 표현 교정,44.0,T3,화자·문맥·자연스러움 집중 검토,,72.24310776942356,55.86,P3,말투·질문응답·가독성 위주 검토
SSIS-642,사진 대조 1차 교정본,318,"00:48:39,530 --> 00:48:40,670",1.14,자지에서 입 떼지 마.,됐으니 계속해.,"그래, 그렇게.",반말형,,0.03,,,25.0,90.0,50.0,78.0,75.0,0.68869,0.0,66.0,0.0,0.0,0.4186,"자지에서,",자지에서,,43.99,T3,화자·문맥·자연스러움 집중 검토,,72.05513784461152,55.78,P3,말투·질문응답·가독성 위주 검토
SSIS-642,사진 대조 1차 교정본,156,"00:17:28,420 --> 00:17:29,180",0.76,"부탁드려요, 그만해 주세요.",응?,기분이 어때?,중립·혼합형,,0.02,,,25.0,90.0,50.0,78.0,75.0,0.62819,0.0,66.0,25.0,0.0,0.2818,쉬어 주세요.,잠깐 쉬게 해 주세요.,사진 장면 확인 및 한국어 번역투·ASR 오역 교정,43.94,T3,화자·문맥·자연스러움 집중 검토,borderline_cps,71.9298245614035,55.7,P3,말투·질문응답·가독성 위주 검토
SSIS-642,사진 대조 1차 교정본,772,"02:16:14,440 --> 02:16:16,560",2.12,힘을 빼.,힘을 빼.,체크아웃까지 아직 시간 있지?,중립·혼합형,,0.04,,,25.0,90.0,50.0,78.0,79.0,0.68125,0.0,66.0,0.0,0.0,0.4379,힘을 빼고…,힘 빼고…,일본어 원문 대조 + 자연스러운 한국어 대사 교정,43.91,T3,화자·문맥·자연스러움 집중 검토,,71.80451127819549,55.63,P3,말투·질문응답·가독성 위주 검토
SSIS-642,사진 대조 1차 교정본,464,"01:16:05,050 --> 01:16:10,950",5.9,조금 마셔서 약간 취한 것 같아.,술 너무 많이 마신 건 아니지?,지금 뭐 하고 있어?,중립·혼합형,,0.05,,,25.0,90.0,50.0,78.0,75.0,0.68434,0.0,66.0,0.0,0.0,0.3996,조금 빠질 것 같아.,조금 힘이 빠진 것 같아.,사진 장면 확인 및 한국어 번역투·ASR 오역 교정,43.8,T3,화자·문맥·자연스러움 집중 검토,,71.67919799498746,55.51,P3,말투·질문응답·가독성 위주 검토
SSIS-642,사진 대조 1차 교정본,446,"01:15:11,360 --> 01:15:12,520",1.16,네 남자친구 아니야?,팬티를 내려.,자.,반응형,,0.04,,,25.0,90.0,50.0,78.0,75.0,0.68379,0.0,66.0,0.0,0.0,0.4902,온천 아니야?,뭔가…,일본어 원문 + 타임스탬프 사진 + 장면 연속성,43.78,T3,화자·문맥·자연스러움 집중 검토,,71.49122807017544,55.42,P3,말투·질문응답·가독성 위주 검토
SSIS-642,사진 대조 1차 교정본,608,"01:37:24,770 --> 01:37:26,250",1.48,엄청 당해 버렸어요.,"자, 일어나. 몸에 잔뜩 흘러내리게 해 줄게.",왜 그래?,반응형,,0.03,,,25.0,90.0,50.0,78.0,75.0,0.68369,0.0,66.0,0.0,0.0,0.3936,말해 버렸어요?,소리 내 버렸어요?,사진 장면 확인 및 한국어 번역투·ASR 오역 교정,43.78,T3,화자·문맥·자연스러움 집중 검토,,71.49122807017544,55.42,P3,말투·질문응답·가독성 위주 검토
SSIS-642,사진 대조 1차 교정본,600,"01:30:30,730 --> 01:30:32,430",1.7,자지도 침으로 흠뻑 적셔.,으으…,역시 침범벅이 됐네.,반응형,,0.03,,,25.0,90.0,50.0,78.0,75.0,0.68234,0.0,66.0,0.0,0.0,0.1555,"보지 흠뻑 젖어있네, 너.","보지가 흠뻑 젖어 있네, 너.",,43.72,T3,화자·문맥·자연스러움 집중 검토,,71.30325814536342,55.3,P3,말투·질문응답·가독성 위주 검토
SSIS-642,사진 대조 1차 교정본,430,"01:13:13,750 --> 01:13:16,630",2.88,자지 갖고 싶어서 못 견디겠지?,"왜, 말했어?",응?,반응형,,0.05,,,25.0,90.0,50.0,78.0,75.0,0.68096,0.0,66.0,0.0,0.0,0.1356,젖어서 넣고 싶어.,젖어 있으니 넣고 싶어.,,43.66,T3,화자·문맥·자연스러움 집중 검토,,71.17794486215539,55.22,P3,말투·질문응답·가독성 위주 검토
SSIS-642,사진 대조 1차 교정본,672,"01:54:35,740 --> 01:54:46,550",10.81,침으로 잔뜩 적셔. 더 흠뻑.,이쪽도 더 흠뻑 적셔 줘.,아…,반응형,,0.04,,,25.0,90.0,50.0,78.0,75.0,0.68014,0.0,66.0,0.0,0.0,0.2364,잔뜩 쌀 거야.,걱정 마.,화면 영문 자막 대조,43.63,T3,화자·문맥·자연스러움 집중 검토,,71.05263157894737,55.15,P3,말투·질문응답·가독성 위주 검토
SSIS-642,사진 대조 1차 교정본,242,"00:33:16,770 --> 00:33:17,830",1.06,멈추라고 생각해 봐.,엉덩이에 힘을 줘 봐.,더 깊이 들어간다.,반말형,,0.03,,,25.0,90.0,50.0,78.0,75.0,0.67957,0.0,66.0,0.0,0.0,0.2923,생각해 보니 너 나보다...,생각해 보니 너 나보다…,,43.6,T3,화자·문맥·자연스러움 집중 검토,,70.92731829573935,55.08,P3,말투·질문응답·가독성 위주 검토
SSIS-642,사진 대조 1차 교정본,267,"00:43:31,690 --> 00:43:34,110",2.42,그럼 부탁드립니다.,"아, 네…",그렇게 됐다는군.,존댓말형,,0.01,,,25.0,90.0,50.0,78.0,75.0,0.50998,31.23,66.0,0.0,18.0,0.9102,잘 부탁드립니다.,좋은 아침입니다.,,43.54,T3,화자·문맥·자연스러움 집중 검토,formality_shift,70.73934837092732,54.96,P3,말투·질문응답·가독성 위주 검토
SSIS-642,사진 대조 1차 교정본,565,"01:22:08,410 --> 01:22:09,330",0.92,잠깐만요.,그렇지.,이번에는 더 느끼게 해 줄게.,반응형,,0.01,,,25.0,90.0,50.0,78.0,75.0,0.49813,42.0,66.0,0.0,0.0,1.0,잠깐만요.,조금만 기다려.,일본어 원문 대조 + 자연스러운 한국어 대사 교정,43.54,T3,화자·문맥·자연스러움 집중 검토,,70.73934837092732,54.96,P3,말투·질문응답·가독성 위주 검토
SSIS-642,사진 대조 1차 교정본,146,"00:17:02,110 --> 00:17:03,750",1.64,뭐 하시는 거예요?,최고야.,네가 드러내 놓고 있었잖아.,존댓말형,,0.01,,,25.0,90.0,50.0,78.0,75.0,0.61082,0.0,66.0,0.0,35.0,0.3869,그럼 왜 그런 영상을 보낸 거예요?,너무 세…,타임스탬프 사진으로 장면 불일치 확인 후 재복원,43.51,T3,화자·문맥·자연스러움 집중 검토,formality_jump,70.5513784461153,54.87,P3,말투·질문응답·가독성 위주 검토
SSIS-642,사진 대조 1차 교정본,697,"02:00:18,790 --> 02:00:20,430",1.64,힘을 빼.,오!,기분 좋아? 기분 좋아?,중립·혼합형,,0.01,,,25.0,90.0,50.0,78.0,79.0,0.67134,0.0,66.0,0.0,0.0,0.4379,힘을 빼고…,힘 빼고…,일본어 원문 대조 + 자연스러운 한국어 대사 교정,43.5,T3,화자·문맥·자연스러움 집중 검토,,70.42606516290726,54.81,P3,말투·질문응답·가독성 위주 검토
SSIS-642,사진 대조 1차 교정본,502,"01:17:59,100 --> 01:18:00,200",1.1,텔레비전 소리 아닐까?,응…,그런 소리가 날 리 없잖아?,반응형,,0.0,,,25.0,90.0,50.0,78.0,75.0,0.67687,0.0,66.0,0.0,0.0,0.1646,그런 소리 하지 마...,그런 소리 하지 마…,,43.49,T3,화자·문맥·자연스러움 집중 검토,,70.30075187969925,54.75,P3,말투·질문응답·가독성 위주 검토
SSIS-642,사진 대조 1차 교정본,668,"01:52:38,960 --> 01:52:40,760",1.8,"그래, 좋은 느낌이야.","자, 허리를 조금 들어 봐.",거짓말은 그만해.,반말형,,0.04,,,25.0,90.0,50.0,78.0,75.0,0.67569,0.0,66.0,0.0,0.0,0.6029,오늘은 이런 느낌이야.,오늘은 네가 하고 싶은 대로 해.,손상된 일본어 ASR + 타임스탬프 사진 + 앞뒤 문맥 추론,43.44,T3,화자·문맥·자연스러움 집중 검토,,70.17543859649122,54.67,P3,말투·질문응답·가독성 위주 검토
SSIS-642,사진 대조 1차 교정본,559,"01:21:05,400 --> 01:21:06,200",0.8,어떻게 해 주길 바라?,응?,부장님 자지 넣어 주세요.,반응형,,0.0,,,25.0,90.0,50.0,78.0,75.0,0.67531,0.0,66.0,0.0,0.0,0.3344,어떻게 먹는 거?,어떤 식으로?,일본어 원문 대조 + 자연스러운 한국어 대사 교정,43.42,T3,화자·문맥·자연스러움 집중 검토,,70.0501253132832,54.6,P3,말투·질문응답·가독성 위주 검토
SSIS-642,사진 대조 1차 교정본,617,"01:38:26,820 --> 01:38:27,600",0.78,따뜻하게 해 주세요.,따뜻하게 해 주세요.,따뜻하게 해 주시겠어요?,중립·혼합형,,0.02,,,25.0,90.0,50.0,78.0,75.0,0.67457,0.0,66.0,0.0,0.0,0.4647,쉬게 해 주세요.,그만해.,장면과 충돌한 표현 교정,43.39,T3,화자·문맥·자연스러움 집중 검토,,69.92481203007519,54.53,P3,말투·질문응답·가독성 위주 검토
SSIS-642,사진 대조 1차 교정본,398,"01:04:17,620 --> 01:04:19,820",2.2,이쪽 봐.,침으로 이 엉덩이도 흠뻑 적셔 줄까?,부끄러워하지 마.,중립·혼합형,,0.02,,,25.0,90.0,50.0,78.0,75.0,0.67401,0.0,66.0,0.0,0.0,0.3879,이쪽 보면서 할 수 있어.,이쪽 보면서 해 줘.,일본어 원문 대조 + 자연스러운 한국어 대사 교정,43.37,T3,화자·문맥·자연스러움 집중 검토,,69.73684210526315,54.44,P3,말투·질문응답·가독성 위주 검토
SSIS-642,사진 대조 1차 교정본,468,"01:16:19,090 --> 01:16:21,710",2.62,취해서 방에 있어.,지금?,너 원래 술이 센 편도 아니잖아. 너무 많이 마시지 마.,반응형,,0.01,,,25.0,90.0,50.0,78.0,75.0,0.67414,0.0,66.0,0.0,0.0,0.323,뒤에 있어.,뒤쪽도 보여 줘.,일본어 원문 대조 + 자연스러운 한국어 대사 교정,43.37,T3,화자·문맥·자연스러움 집중 검토,,69.73684210526315,54.44,P3,말투·질문응답·가독성 위주 검토
SSIS-642,사진 대조 1차 교정본,700,"02:01:10,100 --> 02:01:11,760",1.66,그럼 더 해 줄게.,어디가? 기분 좋아?,기분 좋아?,반말형,,0.0,,,25.0,90.0,50.0,78.0,75.0,0.67355,0.0,66.0,0.0,0.0,0.4291,내가 잡아 줄게.,목욕하면서…,일본어 원문 + 타임스탬프 사진 + 장면 연속성,43.35,T3,화자·문맥·자연스러움 집중 검토,,69.54887218045113,54.35,P3,말투·질문응답·가독성 위주 검토
SSIS-642,사진 대조 1차 교정본,480,"01:16:51,320 --> 01:16:53,580",2.26,조금 너무 취했나 봐.,"뭐, 뭐야?",그러니까 너무 마셨다니까. 이제 얌전히 쉬어.,중립·혼합형,,0.02,,,25.0,90.0,50.0,78.0,75.0,0.67097,0.0,66.0,0.0,0.0,0.2406,이제 너무 지났으니 조금 쉬어 주세요.,이제 꽤 했으니 잠깐 쉬어요.,,43.24,T3,화자·문맥·자연스러움 집중 검토,,69.42355889724311,54.24,P3,말투·질문응답·가독성 위주 검토
SSIS-642,사진 대조 1차 교정본,37,"00:02:03,580 --> 00:02:06,460",2.88,뭐 어때? 아무도 안 듣고 있잖아.,그런 말은 회사에서 안 하기로 약속했잖아?,그게 무슨 상관이야?,중립·혼합형,,0.02,,,25.0,90.0,50.0,78.0,75.0,0.67082,0.0,66.0,0.0,0.0,0.4109,서 있잖아.,완전히 서 있잖아.,일본어 원문 대조 + 자연스러운 한국어 대사 교정,43.23,T3,화자·문맥·자연스러움 집중 검토,,69.2982456140351,54.18,P3,말투·질문응답·가독성 위주 검토
SSIS-642,사진 대조 1차 교정본,269,"00:43:46,850 --> 00:43:55,920",9.07,한 방을 같이 쓰는 게 확정이야.,그렇게 됐다는군.,저는 인터넷 카페에서 자겠습니다.,반말형,,0.05,,,25.0,90.0,50.0,78.0,75.0,0.63434,0.0,66.0,0.0,18.0,0.1978,같이 좀 가요.,그럼 같이 가요.,일본어 원문 대조 + 자연스러운 한국어 대사 교정,43.14,T3,화자·문맥·자연스러움 집중 검토,formality_shift,69.17293233082707,54.07,P3,말투·질문응답·가독성 위주 검토
SSIS-642,사진 대조 1차 교정본,277,"00:45:43,070 --> 00:45:45,830",2.76,네 침은 딱 좋게 끈적하네.,미인의 침은 맛있군.,아주 끈적끈적해.,반말형,,0.03,,,25.0,90.0,50.0,78.0,75.0,0.66832,0.0,66.0,0.0,0.0,0.1647,기분 좋게 해 주고 싶어요.,제가 해 볼게요.,앞 블록과 중복된 문장 정리,43.13,T3,화자·문맥·자연스러움 집중 검토,,68.92230576441104,53.96,P3,말투·질문응답·가독성 위주 검토
SSIS-642,사진 대조 1차 교정본,440,"01:14:00,360 --> 01:14:01,240",0.88,어쩔 수 없군.,부장님 자지 빨게 해 주세요.,그럼 해 봐.,반응형,,0.04,,,25.0,90.0,50.0,78.0,75.0,0.66825,0.0,66.0,0.0,0.0,0.2405,내가 네 곁에 없었으면 어쩔 뻔했어.,응.,타임스탬프 사진으로 장면 불일치 확인 후 재복원,43.13,T3,화자·문맥·자연스러움 집중 검토,,68.92230576441104,53.96,P3,말투·질문응답·가독성 위주 검토
SSIS-642,사진 대조 1차 교정본,656,"01:46:02,050 --> 01:46:08,050",6.0,"섹스하면서 가는 얼굴까지 보여 준 사람한테는
감정을 숨길 수 없다는 뜻이야.","밖에서는 얌전한 사람도 남편이나 아내 앞에서는
감정을 숨기지 못할 때가 있잖아.","이제 술도 깼으니 그 무표정한 얼굴 말고
솔직한 표정 좀 보여 봐.",반말형,,0.05,,,25.0,90.0,50.0,78.0,75.0,0.6684,0.0,66.0,0.0,0.0,0.1971,너와 함께 맛보고 싶다는 뜻이야.,너와 같이 느끼고 싶다는 뜻이야.,,43.13,T3,화자·문맥·자연스러움 집중 검토,,68.92230576441104,53.96,P3,말투·질문응답·가독성 위주 검토
SSIS-642,사진 대조 1차 교정본,563,"01:22:05,170 --> 01:22:05,670",0.5,움직여 주세요.,더 깊이요.,그렇지.,존댓말형,,0.03,,,25.0,90.0,50.0,78.0,79.0,0.62696,0.0,66.0,0.0,18.0,0.4953,쉬어 주세요.,잠깐 쉬게 해 주세요.,사진 장면 확인 및 한국어 번역투·ASR 오역 교정,43.07,T3,화자·문맥·자연스러움 집중 검토,formality_shift,68.67167919799499,53.82,P3,말투·질문응답·가독성 위주 검토
SSIS-642,사진 대조 1차 교정본,82,"00:04:23,690 --> 00:04:25,590",1.9,그러니까 그런 말이 성희롱이라고요.,"더 야하게 해 봐. 음, 음, 음… 그렇지!",벌써 두 번째예요.,중립·혼합형,,0.01,,,25.0,90.0,50.0,78.0,75.0,0.66671,0.0,66.0,0.0,0.0,0.3086,그러니까 아직 안 왔어요.,아직 안 왔네요.,사진 장면 확인 및 한국어 번역투·ASR 오역 교정,43.06,T3,화자·문맥·자연스러움 집중 검토,,68.54636591478696,53.76,P3,말투·질문응답·가독성 위주 검토
SSIS-642,사진 대조 1차 교정본,619,"01:38:38,790 --> 01:38:39,630",0.84,따뜻하게 해 줄게.,따뜻하게 해 주시겠어요?,따뜻하게 해 주는 거죠?,반말형,,0.01,,,25.0,90.0,50.0,78.0,75.0,0.6663,0.0,66.0,0.0,0.0,0.3383,"누나, 기분 좋게 해 줄게.",나도 기분 좋게 해 줄게.,사진 장면 확인 및 한국어 번역투·ASR 오역 교정,43.04,T3,화자·문맥·자연스러움 집중 검토,,68.42105263157895,53.7,P3,말투·질문응답·가독성 위주 검토
SSIS-642,사진 대조 1차 교정본,256,"00:42:16,650 --> 00:42:18,310",1.66,계속 흘리고 있군.,"거짓말하지 마. 실컷 느꼈잖아.
그 차가운 눈을 보니 또 흥분하네.",참을 수가 없어. 침도 멈추지 않네.,중립·혼합형,,0.05,,,25.0,90.0,50.0,78.0,75.0,0.66542,0.0,66.0,0.0,0.0,0.2179,계속 움찔거리고 있어.,계속 움찔거리고 있네.,일본어 원문 대조 + 자연스러운 한국어 대사 교정,43.01,T3,화자·문맥·자연스러움 집중 검토,,68.29573934837093,53.63,P3,말투·질문응답·가독성 위주 검토
SSIS-642,사진 대조 1차 교정본,392,"01:02:44,160 --> 01:02:46,520",2.36,움직이지 마.,제대로 흔들어.,엉덩이를 더 내밀어.,반말형,,0.04,,,25.0,90.0,50.0,78.0,79.0,0.65874,0.0,66.0,0.0,0.0,0.3377,하지 마.,잠깐만.,손상된 일본어 ASR + 타임스탬프 사진 + 앞뒤 문맥 추론,42.97,T3,화자·문맥·자연스러움 집중 검토,,68.1704260651629,53.55,P3,말투·질문응답·가독성 위주 검토
SSIS-642,사진 대조 1차 교정본,95,"00:04:48,480 --> 00:04:49,680",1.2,치아도 더 잘 보이게 해 봐.,음.,음.,반말형,,0.02,,,25.0,90.0,50.0,78.0,75.0,0.66417,0.0,66.0,0.0,0.0,0.4428,치아도 예쁘네.,입 냄새도 상쾌하네.,일본어 원문 대조 + 자연스러운 한국어 대사 교정,42.96,T3,화자·문맥·자연스러움 집중 검토,,68.04511278195488,53.5,P3,말투·질문응답·가독성 위주 검토
SSIS-642,사진 대조 1차 교정본,463,"01:16:01,850 --> 01:16:03,110",1.26,술 너무 많이 마신 건 아니지?,"미안, 미안. 조심할게.",조금 마셔서 약간 취한 것 같아.,반말형,,0.05,,,25.0,90.0,50.0,78.0,75.0,0.66232,0.0,66.0,0.0,0.0,0.2748,너무 많이 지워 버렸어.,엄청 젖어 버렸어.,사진 장면 확인 및 한국어 번역투·ASR 오역 교정,42.88,T3,화자·문맥·자연스러움 집중 검토,,67.91979949874687,53.4,P3,말투·질문응답·가독성 위주 검토
SSIS-642,사진 대조 1차 교정본,1,"00:00:09,920 --> 00:00:12,000",2.08,"부장님, 기다리게 해서 죄송합니다.",,시끄러워. 죄송합니다.,중립·혼합형,,0.02,,,25.0,90.0,50.0,78.0,75.0,0.66184,0.0,66.0,0.0,0.0,0.4558,죄송합니다...,죄송합니다…,,42.86,T3,화자·문맥·자연스러움 집중 검토,,67.79448621553885,53.33,P3,말투·질문응답·가독성 위주 검토
SSIS-642,사진 대조 1차 교정본,584,"01:26:32,380 --> 01:26:33,960",1.58,다리를 더 벌려.,"자, 엉덩이를 내밀어.",그래.,중립·혼합형,,0.02,,,25.0,90.0,50.0,78.0,75.0,0.65107,2.29,66.0,0.0,0.0,0.6691,다리를 벌려...,다리를 벌려…,,42.82,T3,화자·문맥·자연스러움 집중 검토,,67.66917293233082,53.26,P3,말투·질문응답·가독성 위주 검토
SSIS-642,사진 대조 1차 교정본,187,"00:22:41,840 --> 00:22:43,320",1.48,기분 좋은 거잖아.,으음…,좋지 않아요.,반응형,,0.04,,,25.0,90.0,50.0,78.0,75.0,0.66046,0.0,66.0,0.0,0.0,0.3433,기분 좋아.,"아, 좋아.",화면 영문 자막 대조,42.8,T3,화자·문맥·자연스러움 집중 검토,,67.54385964912281,53.19,P3,말투·질문응답·가독성 위주 검토
SSIS-642,사진 대조 1차 교정본,429,"01:13:01,520 --> 01:13:02,460",0.94,"왜, 말했어?",좀 더 기쁘게 해 봐.,자지 갖고 싶어서 못 견디겠지?,반응형,,0.02,,,25.0,90.0,50.0,78.0,75.0,0.65851,0.0,66.0,0.0,0.0,0.3092,"네, 말했어요.","네, 그랬어요.",사진 장면 확인 및 한국어 번역투·ASR 오역 교정,42.72,T3,화자·문맥·자연스러움 집중 검토,,67.41854636591479,53.09,P3,말투·질문응답·가독성 위주 검토
SSIS-642,사진 대조 1차 교정본,172,"00:18:52,450 --> 00:18:57,790",5.34,싫지? 그러니까 얌전히 있어.,"도망쳐 봐야 소용없어. 네 알몸을 구석구석
전부 찍었으니 세상에 뿌려 버릴 수도 있다고.",너도 이런 걸 좋아하잖아.,반응형,,0.05,,,25.0,90.0,50.0,78.0,75.0,0.65722,0.0,66.0,0.0,0.0,0.3566,그러니까 아직 안 왔어요.,아직 안 왔네요.,사진 장면 확인 및 한국어 번역투·ASR 오역 교정,42.66,T3,화자·문맥·자연스러움 집중 검토,,67.29323308270678,53.01,P3,말투·질문응답·가독성 위주 검토
SSIS-642,사진 대조 1차 교정본,148,"00:17:07,970 --> 00:17:09,750",1.78,감기라도 걸리면 큰일일 것 같아서.,네가 드러내 놓고 있었잖아.,네?,반응형,,0.03,,,25.0,90.0,50.0,78.0,75.0,0.65655,0.0,66.0,0.0,0.0,0.1453,갈 것 같아.,진짜 갈 것 같아.,일본어 원문 대조 + 자연스러운 한국어 대사 교정,42.64,T3,화자·문맥·자연스러움 집중 검토,,67.16791979949875,52.94,P3,말투·질문응답·가독성 위주 검토
SSIS-642,사진 대조 1차 교정본,22,"00:01:15,340 --> 00:01:16,320",0.98,한턱 얻어먹을 수 있잖아.,모토키 부장님도 같이 가시잖아?,그 사람은 늘 더치페이라 기대할 게 전혀 없어.,반응형,,0.04,,,25.0,90.0,50.0,78.0,75.0,0.6558,0.0,66.0,0.0,0.0,0.4101,서 있잖아.,완전히 서 있잖아.,일본어 원문 대조 + 자연스러운 한국어 대사 교정,42.6,T3,화자·문맥·자연스러움 집중 검토,,67.04260651629073,52.87,P3,말투·질문응답·가독성 위주 검토
SSIS-642,사진 대조 1차 교정본,217,"00:26:46,140 --> 00:26:47,660",1.52,아주 예쁜 표정이야.,정말 예쁜 얼굴을 하고 있네.,대단한데.,반응형,,0.04,,,25.0,90.0,50.0,78.0,75.0,0.65162,0.0,66.0,0.0,0.0,0.2248,아주 훌륭한 움직임이야.,엉덩이 움직이는 게 정말 좋구나.,화면 영문 자막 대조,42.43,T3,화자·문맥·자연스러움 집중 검토,,66.9172932330827,52.71,P3,말투·질문응답·가독성 위주 검토
SSIS-642,사진 대조 1차 교정본,73,"00:03:58,350 --> 00:04:01,790",3.44,입 좀 벌리고 침을 보여 줘 봐.,네.,침이요?,중립·혼합형,,0.05,,,25.0,90.0,50.0,78.0,75.0,0.65119,0.0,66.0,0.0,0.0,0.3592,입 안을 보여 줘.,입 안 보여 줘.,일본어 원문 대조 + 자연스러운 한국어 대사 교정,42.41,T3,화자·문맥·자연스러움 집중 검토,,66.79197994987469,52.65,P3,말투·질문응답·가독성 위주 검토
SSIS-642,사진 대조 1차 교정본,542,"01:19:29,970 --> 01:19:31,530",1.56,계속 마음에 걸려서.,뭔가 있었던 거야?,조금 혼나기는 했지만 괜찮아.,중립·혼합형,,0.03,,,25.0,90.0,50.0,78.0,75.0,0.65104,0.0,66.0,0.0,0.0,0.3188,마음에 든 모양이군.,마음에 드신 모양이군.,사진 장면 확인 및 한국어 번역투 교정,42.4,T3,화자·문맥·자연스러움 집중 검토,,66.66666666666666,52.59,P3,말투·질문응답·가독성 위주 검토
SSIS-642,사진 대조 1차 교정본,26,"00:01:29,340 --> 00:01:31,060",1.72,"알아, 알아. 나도 들은 적 있어.",응. 그런데 짠돌이인 것뿐 아니라 지저분하기도 해.,"밥 먹고 나면 이쑤시개로 쑤시고, 그걸 또 차에 씻는다는 얘기지?",중립·혼합형,,0.04,,,25.0,90.0,50.0,78.0,75.0,0.65051,0.0,66.0,0.0,0.0,0.4377,대충 알아.,대충 알겠어.,사진 장면 확인 및 한국어 번역투·ASR 오역 교정,42.38,T3,화자·문맥·자연스러움 집중 검토,,66.54135338345864,52.53,P3,말투·질문응답·가독성 위주 검토
SSIS-642,사진 대조 1차 교정본,243,"00:33:30,900 --> 00:33:32,580",1.68,더 깊이 들어간다.,멈추라고 생각해 봐.,허리를 그렇게 움직여.,반응형,,0.0,,,25.0,90.0,50.0,78.0,75.0,0.65032,0.0,66.0,0.0,0.0,0.2758,숨을 참으면 배에 힘이 들어간다는 뜻이에요.,숨을 참으면 배에 힘이 들어가요.,,42.37,T3,화자·문맥·자연스러움 집중 검토,,66.41604010025063,52.47,P3,말투·질문응답·가독성 위주 검토
SSIS-642,사진 대조 1차 교정본,455,"01:15:36,490 --> 01:15:39,690",3.2,호텔에 도착하면 전화한다고 했잖아.,응? 왜?,"아, 그랬던가?",반응형,,0.01,,,25.0,90.0,50.0,78.0,75.0,0.64911,0.0,66.0,0.0,0.0,0.3147,달라고 했잖아.,씻어 달라고 했잖아.,타임스탬프 사진과 앞뒤 장면으로 대사 기능 복원,42.32,T3,화자·문맥·자연스러움 집중 검토,,66.29072681704261,52.39,P3,말투·질문응답·가독성 위주 검토
SSIS-642,사진 대조 1차 교정본,648,"01:44:29,490 --> 01:44:47,380",17.89,영상도 아주 선명하게 찍혔어요.,우리 둘의 은밀한 모습이 전부 담겨 있어요.,리아 씨의 표정도 가까이서 보이네요.,반응형,,0.01,,,25.0,90.0,50.0,78.0,75.0,0.64727,0.0,66.0,0.0,0.0,0.1163,"잠깐만, 아주 조금만...","잠깐만, 아주 조금만…",,42.25,T3,화자·문맥·자연스러움 집중 검토,,66.16541353383458,52.29,P3,말투·질문응답·가독성 위주 검토
SSIS-642,사진 대조 1차 교정본,271,"00:43:59,860 --> 00:44:00,940",1.08,이런 시골에 그런 곳이 있겠어?,저는 인터넷 카페에서 자겠습니다.,잠깐. 그 술을 내게 줘.,반응형,,0.04,,,25.0,90.0,50.0,78.0,75.0,0.64545,0.0,66.0,0.0,0.0,0.153,이런 거 좋아하지?,묶여 있는 거 좋아하지?,,42.17,T3,화자·문맥·자연스러움 집중 검토,,65.97744360902256,52.17,P3,말투·질문응답·가독성 위주 검토
SSIS-642,사진 대조 1차 교정본,483,"01:17:01,020 --> 01:17:02,140",1.12,술자리도 부장님과 같이였지?,"응, 미안해.","응, 같이였을지도.",반말형,,0.02,,,25.0,90.0,50.0,78.0,75.0,0.64539,0.0,66.0,0.0,0.0,0.143,부장님...,부장님…,,42.17,T3,화자·문맥·자연스러움 집중 검토,,65.97744360902256,52.17,P3,말투·질문응답·가독성 위주 검토
SSIS-642,사진 대조 1차 교정본,290,"00:46:32,460 --> 00:46:34,860",2.4,내 자지를 침범벅으로 만들어.,제대로 해.,그래.,반응형,,0.04,,,25.0,90.0,50.0,78.0,75.0,0.64472,0.0,66.0,0.0,0.0,0.2371,계속 움직이면서 전부 침투성이로 만들어.,계속 움직여서 침범벅으로 만들어.,,42.14,T3,화자·문맥·자연스러움 집중 검토,,65.72681704260651,52.05,P3,말투·질문응답·가독성 위주 검토
SSIS-642,사진 대조 1차 교정본,556,"01:20:17,040 --> 01:20:19,920",2.88,너 정말 예쁘구나.,으응.,남자친구랑 통화하는 동안 핥아 주니까 좋아했잖아.,중립·혼합형,,0.04,,,25.0,90.0,50.0,78.0,75.0,0.64465,0.0,66.0,0.0,0.0,0.2461,정말 좋아.,거기 좋아.,타임스탬프 사진과 장면 흐름으로 명백한 오인식 교정,42.14,T3,화자·문맥·자연스러움 집중 검토,,65.72681704260651,52.05,P3,말투·질문응답·가독성 위주 검토
SSIS-642,사진 대조 1차 교정본,265,"00:43:27,430 --> 00:43:29,390",1.96,부하 직원이 떼를 써서 죄송했습니다.,알겠습니다.,"아, 네…",존댓말형,,0.03,,,25.0,90.0,50.0,78.0,75.0,0.64388,0.0,66.0,0.0,0.0,0.1363,좋습니다.,좋아요.,,42.1,T3,화자·문맥·자연스러움 집중 검토,,65.47619047619048,51.92,P3,말투·질문응답·가독성 위주 검토
SSIS-642,사진 대조 1차 교정본,399,"01:04:42,670 --> 01:04:43,850",1.18,부끄러워하지 마.,이쪽 봐.,부끄러워할 필요 없어.,반말형,,0.03,,,25.0,90.0,50.0,78.0,75.0,0.64373,0.0,66.0,0.0,0.0,0.4011,부끄러워하며 보여주는 거.,부끄러워하면서도 보여 주네.,일본어 원문 대조 + 자연스러운 한국어 대사 교정,42.1,T3,화자·문맥·자연스러움 집중 검토,,65.47619047619048,51.92,P3,말투·질문응답·가독성 위주 검토
SSIS-642,사진 대조 1차 교정본,24,"00:01:21,320 --> 00:01:23,740",2.42,그렇구나. 정말 짠돌이네.,그 사람은 늘 더치페이라 기대할 게 전혀 없어.,응. 그런데 짠돌이인 것뿐 아니라 지저분하기도 해.,반말형,,0.02,,,25.0,90.0,50.0,78.0,75.0,0.63971,0.92,66.0,0.0,0.0,0.6577,그렇구나.,손 정말 잘 쓰네.,일본어 원문 + 타임스탬프 사진 + 장면 연속성,42.09,T3,화자·문맥·자연스러움 집중 검토,,65.28822055137844,51.83,P3,말투·질문응답·가독성 위주 검토
SSIS-642,사진 대조 1차 교정본,601,"01:30:34,270 --> 01:30:35,510",1.24,역시 침범벅이 됐네.,자지도 침으로 흠뻑 적셔.,넣어 주길 바라?,반말형,,0.03,,,25.0,90.0,50.0,78.0,75.0,0.64217,0.0,66.0,0.0,0.0,0.4238,좀 쉬게 됐네.,이제 좀 쉬자.,,42.03,T3,화자·문맥·자연스러움 집중 검토,,65.16290726817043,51.75,P3,말투·질문응답·가독성 위주 검토
SSIS-642,사진 대조 1차 교정본,173,"00:19:04,190 --> 00:19:05,530",1.34,너도 이런 걸 좋아하잖아.,싫지? 그러니까 얌전히 있어.,으음…,반응형,,0.01,,,25.0,90.0,50.0,78.0,75.0,0.56773,17.17,66.0,0.0,0.0,0.7931,너 이런 거 좋아하잖아.,이렇게 묶이는 거 좋아하잖아.,,42.0,T3,화자·문맥·자연스러움 집중 검토,,65.0375939849624,51.68,P3,말투·질문응답·가독성 위주 검토
SSIS-642,사진 대조 1차 교정본,363,"00:57:07,240 --> 00:57:08,940",1.7,찍히니까 흥분하는 거 아니야?,찍지 마세요.,아니에요.,반응형,,0.04,,,25.0,90.0,50.0,78.0,75.0,0.6413,0.0,66.0,0.0,0.0,0.38,온천 아니야?,뭔가…,일본어 원문 + 타임스탬프 사진 + 장면 연속성,41.99,T3,화자·문맥·자연스러움 집중 검토,,64.91228070175438,51.62,P3,말투·질문응답·가독성 위주 검토
SSIS-642,사진 대조 1차 교정본,3,"00:00:15,500 --> 00:00:22,000",6.5,"미안하군. 너희한테도 한턱내고 싶었는데
마침 가진 돈이 없어서 말이야. 미안해.",시끄러워. 죄송합니다.,"네, 우선 실례하겠습니다.",반말형,,0.0,,,25.0,90.0,50.0,78.0,75.0,0.60599,0.0,66.0,0.0,18.0,0.2673,아... 미안해.,아… 미안해.,,41.95,T3,화자·문맥·자연스러움 집중 검토,formality_shift,64.72431077694235,51.52,P3,말투·질문응답·가독성 위주 검토
SSIS-642,사진 대조 1차 교정본,541,"01:19:28,830 --> 01:19:29,970",1.14,뭔가 있었던 거야?,응…,계속 마음에 걸려서.,반말형,,0.03,,,25.0,90.0,50.0,78.0,75.0,0.64024,0.0,66.0,0.0,0.0,0.2942,뭘 찍게 한 거야?,뭘 찍은 거야?,손상된 일본어 ASR + 타임스탬프 사진 + 앞뒤 문맥 추론,41.95,T3,화자·문맥·자연스러움 집중 검토,,64.72431077694235,51.52,P3,말투·질문응답·가독성 위주 검토
SSIS-642,사진 대조 1차 교정본,340,"00:51:18,080 --> 00:51:19,040",0.96,"그래, 이렇게 하는 거야.",더 깊이 물어. 이렇게.,"더, 이렇게.",반말형,,0.02,,,25.0,90.0,50.0,78.0,75.0,0.63921,0.0,66.0,0.0,0.0,0.4108,나는 이렇게 하는 편이야.,나는 이렇게 만지는 편이야.,손상된 일본어 ASR + 타임스탬프 사진 + 앞뒤 문맥 추론,41.91,T3,화자·문맥·자연스러움 집중 검토,,64.53634085213032,51.41,P3,말투·질문응답·가독성 위주 검토
SSIS-642,사진 대조 1차 교정본,516,"01:18:22,040 --> 01:18:24,000",1.96,내일 일에도 분명 영향이 갈 테니까.,응.,너무 마시면 안 돼.,중립·혼합형,,0.04,,,25.0,90.0,50.0,78.0,75.0,0.63784,0.0,66.0,0.0,0.0,0.3347,"자, 더 해줄 테니까.","자, 더 해 줄 테니까.",,41.85,T3,화자·문맥·자연스러움 집중 검토,,64.3483709273183,51.3,P3,말투·질문응답·가독성 위주 검토
SSIS-642,사진 대조 1차 교정본,615,"01:38:07,070 --> 01:38:08,130",1.06,더 내밀어.,그래.,따뜻하게 해 주세요.,반응형,,0.03,,,25.0,90.0,50.0,78.0,75.0,0.63781,0.0,66.0,0.0,0.0,0.521,엉덩이를 더 내밀어...,엉덩이를 더 내밀어…,,41.85,T3,화자·문맥·자연스러움 집중 검토,,64.3483709273183,51.3,P3,말투·질문응답·가독성 위주 검토
SSIS-642,사진 대조 1차 교정본,254,"00:41:23,120 --> 00:41:23,700",0.58,몇 번이나 갔어?,말했나?,"거짓말하지 마. 실컷 느꼈잖아.
그 차가운 눈을 보니 또 흥분하네.",반응형,,0.02,,,25.0,90.0,50.0,78.0,75.0,0.63497,0.0,66.0,0.0,0.0,0.2544,"몇 번이고, 몇 번이고 가라.",이번엔 내가 핥아 줄게.,화면 영문 자막 대조,41.73,T3,화자·문맥·자연스러움 집중 검토,,64.16040100250626,51.15,P3,말투·질문응답·가독성 위주 검토
SSIS-642,사진 대조 1차 교정본,782,"02:20:13,120 --> 02:20:31,940",18.82,아아아아아…,"허리를 제대로 흔들어. 그래, 더 이렇게.",엉덩이를 내밀고 다리를 더 벌려.,반응형,,0.02,,,25.0,90.0,50.0,78.0,75.0,0.47172,38.0,66.0,0.0,0.0,0.9667,아아아아아아아아…,아아아…,일본어 원문 대조 + 자연스러운 한국어 대사 교정,41.71,T3,화자·문맥·자연스러움 집중 검토,,64.03508771929825,51.09,P3,말투·질문응답·가독성 위주 검토
SSIS-642,사진 대조 1차 교정본,681,"01:57:32,890 --> 01:57:41,440",8.55,"음, 그래.",응…,어떻게 할까?,중립·혼합형,,0.01,,,25.0,90.0,50.0,78.0,75.0,0.62975,1.03,66.0,0.0,0.0,0.6586,"아, 그래.",간다.,화면 영문 자막 대조,41.69,T3,화자·문맥·자연스러움 집중 검토,,63.90977443609023,51.02,P3,말투·질문응답·가독성 위주 검토
SSIS-642,사진 대조 1차 교정본,153,"00:17:23,060 --> 00:17:23,960",0.9,핥지 마세요.,핥으니까 움찔움찔하던데.,그런 거 아니에요.,중립·혼합형,,0.04,,,25.0,90.0,50.0,78.0,79.0,0.6276,0.0,66.0,0.0,0.0,0.2959,"- 아, 죄송해요. 농담이었어요. 신경 쓰지 마세요. - 좋아요.",- 죄송해요. 농담이었어요. 신경 쓰지 마세요. - 좋아요.,화자 분리 및 대화 호흡 교정,41.66,T3,화자·문맥·자연스러움 집중 검토,,63.78446115288221,50.95,P3,말투·질문응답·가독성 위주 검토
SSIS-642,사진 대조 1차 교정본,435,"01:13:37,760 --> 01:13:39,340",1.58,자지 갖고 싶다고 말해 봐.,응?,자지 갖고 싶어요.,반말형,,0.04,,,25.0,90.0,50.0,78.0,75.0,0.63292,0.0,66.0,0.0,0.0,0.3255,빨고 싶다고 생각했어.,계속 빨아 보고 싶었어.,일본어 원문 대조 + 자연스러운 한국어 대사 교정,41.64,T3,화자·문맥·자연스러움 집중 검토,,63.65914786967418,50.89,P3,말투·질문응답·가독성 위주 검토
SSIS-642,사진 대조 1차 교정본,587,"01:28:17,870 --> 01:28:19,250",1.38,나도 기분 좋게 해 줘.,스스로 움직여 봐.,응.,반말형,,0.03,,,25.0,90.0,50.0,78.0,75.0,0.63127,0.0,66.0,0.0,0.0,0.4693,너도 네 멋대로 했으니까 나도 기분 좋게 해줘.,너도 네 멋대로 했으니까 나도 기분 좋게 해 줘.,,41.57,T3,화자·문맥·자연스러움 집중 검토,,63.53383458646616,50.79,P3,말투·질문응답·가독성 위주 검토
SSIS-642,사진 대조 1차 교정본,699,"02:01:05,820 --> 02:01:09,400",3.58,어디가? 기분 좋아?,기분 좋아? 기분 좋아?,그럼 더 해 줄게.,반응형,,0.02,,,25.0,90.0,50.0,78.0,75.0,0.63095,0.0,66.0,0.0,0.0,0.3636,"아, 거기... 기분 좋아?","아, 거기… 기분 좋아?",,41.56,T3,화자·문맥·자연스러움 집중 검토,,63.40852130325815,50.74,P3,말투·질문응답·가독성 위주 검토
SSIS-642,사진 대조 1차 교정본,394,"01:03:30,820 --> 01:03:34,060",3.24,더 내밀어. 더.,엉덩이를 더 내밀어.,허리에 힘을 줘.,반응형,,0.02,,,25.0,90.0,50.0,78.0,75.0,0.63049,0.0,66.0,0.0,0.0,0.4564,엉덩이를 더 내밀어...,엉덩이를 더 내밀어…,,41.54,T3,화자·문맥·자연스러움 집중 검토,,63.28320802005013,50.67,P3,말투·질문응답·가독성 위주 검토
SSIS-642,사진 대조 1차 교정본,222,"00:28:02,480 --> 00:28:03,780",1.3,좋은 몸이잖아.,왜 그래?,"여기, 조금은 기분 좋지?",반응형,,0.02,,,25.0,90.0,50.0,78.0,75.0,0.62994,0.0,66.0,0.0,0.0,0.2198,"좋은 느낌? 응, 좋은 느낌.","괜찮아? 응, 좋아.",일본어 원문 대조 + 자연스러운 한국어 대사 교정,41.52,T3,화자·문맥·자연스러움 집중 검토,,63.1578947368421,50.61,P3,말투·질문응답·가독성 위주 검토
SSIS-642,사진 대조 1차 교정본,183,"00:21:44,420 --> 00:21:45,080",0.66,아니에요. 아니라고요.,이렇게 젖어 놓고 아니라고만 하는군.,이렇게 젖은 게 느껴져?,반응형,,0.02,,,25.0,90.0,50.0,78.0,75.0,0.56945,0.0,66.0,25.0,0.0,0.5156,"손이 아니라, 손은 아니에요.",손 말고 혀로 해 주세요.,사진 장면 확인 및 한국어 번역투·ASR 오역 교정,41.48,T3,화자·문맥·자연스러움 집중 검토,borderline_cps,63.03258145363409,50.53,P3,말투·질문응답·가독성 위주 검토
SSIS-642,사진 대조 1차 교정본,276,"00:45:39,010 --> 00:45:41,650",2.64,미인의 침은 맛있군.,어서.,네 침은 딱 좋게 끈적하네.,중립·혼합형,,0.01,,,25.0,90.0,50.0,78.0,75.0,0.6272,0.0,66.0,0.0,0.0,0.1023,맛있다.,바람 좋다.,일본어 원문 대조 + 자연스러운 한국어 대사 교정,41.4,T3,화자·문맥·자연스러움 집중 검토,,62.907268170426065,50.43,P3,말투·질문응답·가독성 위주 검토
SSIS-642,사진 대조 1차 교정본,48,"00:03:03,610 --> 00:03:06,730",3.12,여전히 끈적하고 걸쭉한 음식을 좋아하시네요.,응?,"하하하, 그렇지. 잘 아는군.",반응형,,0.01,,,25.0,90.0,50.0,78.0,75.0,0.62591,0.0,66.0,0.0,0.0,0.4442,성관계를 좋아하시네요.,섹스 좋아하시네요.,,41.35,T3,화자·문맥·자연스러움 집중 검토,,62.78195488721805,50.35,P3,말투·질문응답·가독성 위주 검토
SSIS-642,사진 대조 1차 교정본,506,"01:18:06,140 --> 01:18:08,160",2.02,괜히 신경 쓰이는 걸까.,응.,응.,중립·혼합형,,0.04,,,25.0,90.0,50.0,78.0,75.0,0.62555,0.0,66.0,0.0,0.0,0.1989,하츠네도 치어리더 음악에 맞춰 하고 있는 걸까.,하츠네도 치어리더 음악에 맞춰 움직이고 있는 걸까.,,41.33,T3,화자·문맥·자연스러움 집중 검토,,62.65664160401002,50.29,P3,말투·질문응답·가독성 위주 검토
SSIS-642,사진 대조 1차 교정본,251,"00:38:29,170 --> 00:38:30,410",1.24,느낀다고 말해도 돼.,더 안쪽까지 해 줄게.,이미 넘어가 버린 것 같네…,반말형,,0.03,,,25.0,90.0,50.0,78.0,75.0,0.62375,0.0,66.0,0.0,0.0,0.4251,말해도 돼요?,이제 해도 돼요?,타임스탬프 사진과 앞뒤 장면으로 대사 기능 복원,41.26,T3,화자·문맥·자연스러움 집중 검토,,62.468671679197996,50.17,P3,말투·질문응답·가독성 위주 검토
SSIS-642,사진 대조 1차 교정본,477,"01:16:45,100 --> 01:16:45,460",0.36,무슨 소리야?,아…,"아, 여보세요.",반말형,,0.0,,,25.0,90.0,50.0,78.0,75.0,0.47445,12.94,66.0,25.0,18.0,0.7578,무슨 소리야? 진짜...,무슨 소리야? 진짜…,,41.26,T3,화자·문맥·자연스러움 집중 검토,borderline_cps;formality_shift,62.468671679197996,50.17,P3,말투·질문응답·가독성 위주 검토
SSIS-642,사진 대조 1차 교정본,357,"00:55:52,510 --> 00:55:55,210",2.7,입을 더 위로 올려.,뿌리까지 세워서 보여 봐.,최고야. 네 침과 방금 나온 정액이 섞였어.,중립·혼합형,,0.01,,,25.0,90.0,50.0,78.0,75.0,0.6231,0.0,66.0,0.0,0.0,0.2889,"응, 입을 수 있어.","응, 정말 잘 어울려.",타임스탬프 사진과 앞뒤 장면으로 대사 기능 복원,41.23,T3,화자·문맥·자연스러움 집중 검토,,62.28070175438597,50.07,P3,말투·질문응답·가독성 위주 검토
SSIS-642,사진 대조 1차 교정본,272,"00:44:21,770 --> 00:44:27,150",5.38,잠깐. 그 술을 내게 줘.,이런 시골에 그런 곳이 있겠어?,네 침과 섞인 그 술을 마시고 싶어. 자.,반응형,,0.03,,,25.0,90.0,50.0,78.0,75.0,0.62212,0.0,66.0,0.0,0.0,0.266,잠깐...,잠깐…,,41.19,T3,화자·문맥·자연스러움 집중 검토,,62.15538847117794,50.0,P3,말투·질문응답·가독성 위주 검토
SSIS-642,사진 대조 1차 교정본,705,"02:01:49,520 --> 02:01:51,520",2.0,그대로 올라타.,기분 좋아?,나도 해 볼까.,중립·혼합형,,0.02,,,25.0,90.0,50.0,78.0,75.0,0.58679,8.04,66.0,0.0,0.0,0.717,위에 올라타.,대단하다.,일본어 원문 + 타임스탬프 사진 + 장면 연속성,41.15,T3,화자·문맥·자연스러움 집중 검토,,62.03007518796993,49.92,P3,말투·질문응답·가독성 위주 검토
SSIS-642,사진 대조 1차 교정본,299,"00:46:54,900 --> 00:46:56,860",1.96,자지 끝에 침을 잔뜩 묻히는 거야.,손으로 잡고.,침이 달라붙는군.,반말형,,0.0,,,25.0,90.0,50.0,78.0,75.0,0.61999,0.0,66.0,0.0,0.0,0.4457,잔뜩 쌀 거야.,걱정 마.,화면 영문 자막 대조,41.1,T3,화자·문맥·자연스러움 집중 검토,,61.904761904761905,49.84,P3,말투·질문응답·가독성 위주 검토
SSIS-642,사진 대조 1차 교정본,706,"02:01:52,880 --> 02:01:53,680",0.8,나도 해 볼까.,그대로 올라타.,거기도 네 침으로 가득 적셔 줘.,반말형,,0.02,,,25.0,90.0,50.0,78.0,75.0,0.61975,0.0,66.0,0.0,0.0,0.272,열어볼까.,열어 볼게.,일본어 원문 + 타임스탬프 사진 + 장면 연속성,41.09,T3,화자·문맥·자연스러움 집중 검토,,61.77944862155389,49.78,P3,말투·질문응답·가독성 위주 검토
SSIS-642,사진 대조 1차 교정본,118,"00:06:05,990 --> 00:06:10,950",4.96,"자, 꿀꺽 삼켜. 어서.","자, 아직 부족하지? 더 마셔.",부장님 술은 술술 넘어가네요.,반응형,,0.01,,,25.0,90.0,50.0,78.0,75.0,0.61917,0.0,66.0,0.0,0.0,0.146,"자, 아~.","자, 아…",,41.07,T3,화자·문맥·자연스러움 집중 검토,,61.59147869674185,49.69,P3,말투·질문응답·가독성 위주 검토
SSIS-642,사진 대조 1차 교정본,771,"02:16:03,560 --> 02:16:04,820",1.26,힘을 빼.,뭔가 나올 것 같아.,힘을 빼.,중립·혼합형,,0.04,,,25.0,90.0,50.0,78.0,79.0,0.61351,0.0,66.0,0.0,0.0,0.4379,힘을 빼고…,힘 빼고…,일본어 원문 대조 + 자연스러운 한국어 대사 교정,41.07,T3,화자·문맥·자연스러움 집중 검토,,61.59147869674185,49.69,P3,말투·질문응답·가독성 위주 검토
SSIS-642,사진 대조 1차 교정본,181,"00:20:50,910 --> 00:21:33,800",42.89,하아… 으음…,싫어요.,이렇게 젖어 놓고 아니라고만 하는군.,반응형,,0.01,,,25.0,90.0,50.0,78.0,75.0,0.57574,9.94,66.0,0.0,0.0,0.7328,하아…,보여 줘.,일본어 원문 + 타임스탬프 사진 + 장면 연속성,41.03,T3,화자·문맥·자연스러움 집중 검토,,61.40350877192983,49.59,P3,말투·질문응답·가독성 위주 검토
SSIS-642,사진 대조 1차 교정본,545,"01:19:47,900 --> 01:19:49,040",1.14,자고 나면 잊을 거야.,"뭐, 출장이라면 그런 일도 있지.",그러게.,반말형,,0.0,,,25.0,90.0,50.0,78.0,75.0,0.61747,0.0,66.0,0.0,0.0,0.3463,싫은 거야.,싫어?,일본어 원문 대조 + 자연스러운 한국어 대사 교정,40.99,T3,화자·문맥·자연스러움 집중 검토,,61.278195488721806,49.51,P3,말투·질문응답·가독성 위주 검토
SSIS-642,사진 대조 1차 교정본,488,"01:17:17,400 --> 01:17:20,680",3.28,싫은 일은… 싫은 일…,그 모토키 부장한테 불쾌한 말을 듣거나 싫은 일을 당하진 않았어?,싫은 건 분명하게 싫다고 말해야 해.,중립·혼합형,,0.0,,,25.0,90.0,50.0,78.0,75.0,0.61673,0.0,66.0,0.0,0.0,0.4972,싫은 일은... 싫은 일...,싫은 일은… 싫은 일…,,40.96,T3,화자·문맥·자연스러움 집중 검토,,61.152882205513784,49.44,P3,말투·질문응답·가독성 위주 검토
SSIS-642,사진 대조 1차 교정본,354,"00:55:11,340 --> 00:55:20,290",8.95,침으로 흠뻑 적셔.,혀를 내밀어. 아래로 내려.,빼낸 자지가 침범벅이 된 걸 보여 줘.,반응형,,0.04,,,25.0,90.0,50.0,78.0,75.0,0.61547,0.0,66.0,0.0,0.0,0.1825,"보지 흠뻑 젖어있네, 너.","보지가 흠뻑 젖어 있네, 너.",,40.91,T3,화자·문맥·자연스러움 집중 검토,,60.96491228070175,49.33,P3,말투·질문응답·가독성 위주 검토
SSIS-642,사진 대조 1차 교정본,582,"01:26:19,580 --> 01:26:21,300",1.72,뒤에서 해 주세요.,뒤에서 움직여 주세요.,"자, 엉덩이를 내밀어.",중립·혼합형,,0.02,,,25.0,90.0,50.0,78.0,75.0,0.61548,0.0,66.0,0.0,0.0,0.5009,쉬게 해 주세요.,그만해.,장면과 충돌한 표현 교정,40.91,T3,화자·문맥·자연스러움 집중 검토,,60.96491228070175,49.33,P3,말투·질문응답·가독성 위주 검토
SSIS-642,사진 대조 1차 교정본,232,"00:30:47,630 --> 00:31:36,880",49.25,이제 그만해요.,맛있다고 해.,"안 돼요, 그만해 주세요.",반말형,,0.03,,,25.0,90.0,50.0,78.0,75.0,0.61498,0.0,66.0,0.0,0.0,0.3946,이제 그만해...,이제 그만해…,,40.89,T3,화자·문맥·자연스러움 집중 검토,,60.77694235588973,49.24,P3,말투·질문응답·가독성 위주 검토
SSIS-642,사진 대조 1차 교정본,130,"00:07:12,780 --> 00:07:14,740",1.96,빈 방이 하나도 없다고 합니다.,네.,"아, 그래?",존댓말형,,0.02,,,25.0,90.0,50.0,78.0,75.0,0.58015,0.0,66.0,0.0,18.0,0.2767,그런 마음이라고 합니다.,그런 마음인 것 같아요.,,40.87,T3,화자·문맥·자연스러움 집중 검토,formality_shift,60.6516290726817,49.18,P3,말투·질문응답·가독성 위주 검토
SSIS-642,사진 대조 1차 교정본,774,"02:17:52,720 --> 02:17:54,740",2.02,아직 충분히 남았어요.,체크아웃까지 아직 시간 있지?,그래?,반응형,,0.02,,,25.0,90.0,50.0,78.0,75.0,0.61301,0.0,66.0,0.0,0.0,0.2818,안 남았어?,아직 남아 있어?,손상된 일본어 ASR + 타임스탬프 사진 + 앞뒤 문맥 추론,40.81,T3,화자·문맥·자연스러움 집중 검토,,60.526315789473685,49.09,P3,말투·질문응답·가독성 위주 검토
SSIS-642,사진 대조 1차 교정본,220,"00:27:41,120 --> 00:27:41,840",0.72,뭐 하시는 거예요?,뭘 그래. 더 시켜서 더 야한 표정을 보자고.,왜 그래?,존댓말형,,0.02,,,25.0,90.0,50.0,78.0,75.0,0.57809,0.0,66.0,0.0,18.0,0.3869,그럼 왜 그런 영상을 보낸 거예요?,너무 세…,타임스탬프 사진으로 장면 불일치 확인 후 재복원,40.78,T3,화자·문맥·자연스러움 집중 검토,formality_shift,60.338345864661655,48.99,P3,말투·질문응답·가독성 위주 검토
SSIS-642,사진 대조 1차 교정본,319,"00:48:57,940 --> 00:48:58,260",0.32,"그래, 그렇게.",자지에서 입 떼지 마.,더 깊이.,중립·혼합형,,0.04,,,25.0,90.0,50.0,78.0,75.0,0.51867,0.0,66.0,39.37,0.0,0.3695,이것도 그렇게...,이것도 그렇게…,,40.78,T3,화자·문맥·자연스러움 집중 검토,high_cps,60.338345864661655,48.99,P3,말투·질문응답·가독성 위주 검토
SSIS-642,사진 대조 1차 교정본,195,"00:23:19,520 --> 00:23:20,840",1.32,그렇게 힘주지 마.,왜 이렇게 더 젖는 거지?,기분 좋다면 말해.,반말형,,0.02,,,25.0,90.0,50.0,78.0,75.0,0.6117,0.0,66.0,0.0,0.0,0.32,하지 마.,잠깐만.,손상된 일본어 ASR + 타임스탬프 사진 + 앞뒤 문맥 추론,40.75,T3,화자·문맥·자연스러움 집중 검토,,60.150375939849624,48.9,P3,말투·질문응답·가독성 위주 검토
SSIS-642,사진 대조 1차 교정본,62,"00:03:39,870 --> 00:03:41,350",1.48,그건 성희롱 발언입니다.,"하하하, 부장님.",잘 들어.,중립·혼합형,,0.03,,,25.0,90.0,50.0,78.0,75.0,0.61061,0.0,66.0,0.0,0.0,0.2384,그건 안 돼.,여기로 와.,일본어 원문 + 타임스탬프 사진 + 장면 연속성,40.71,T3,화자·문맥·자연스러움 집중 검토,,60.0250626566416,48.82,P3,말투·질문응답·가독성 위주 검토
SSIS-642,사진 대조 1차 교정본,177,"00:20:14,960 --> 00:20:16,620",1.66,"음, 나왔다.",괜찮아. 이렇게 많이 젖어 있잖아.,기분 좋은 거지.,중립·혼합형,,0.04,,,25.0,90.0,50.0,78.0,75.0,0.60937,0.0,66.0,0.0,0.0,0.4283,억눌렀던 목소리가 새어 나왔다.,억눌렀던 신음이 새어 나왔다.,,40.65,T3,화자·문맥·자연스러움 집중 검토,,59.899749373433586,48.73,P3,말투·질문응답·가독성 위주 검토
SSIS-642,사진 대조 1차 교정본,367,"00:57:33,380 --> 00:57:34,620",1.24,사실은 음란한 여자지?,야한 짓을 해서 흥분한 거잖아.,그래?,반말형,,0.02,,,25.0,90.0,50.0,78.0,75.0,0.60915,0.0,66.0,0.0,0.0,0.073,좋지?,여기 좋지?,일본어 원문 대조 + 자연스러운 한국어 대사 교정,40.64,T3,화자·문맥·자연스러움 집중 검토,,59.77443609022557,48.68,P3,말투·질문응답·가독성 위주 검토
SSIS-642,사진 대조 1차 교정본,596,"01:29:51,550 --> 01:29:52,630",1.08,허리를 제대로 세워.,이쪽 봐.,나를 똑바로 봐.,중립·혼합형,,0.05,,,25.0,90.0,50.0,78.0,75.0,0.60805,0.0,66.0,0.0,0.0,0.3612,허리를 조금 들어 주세요.,허리를 조금 들어 줘.,일본어 원문 대조 + 자연스러운 한국어 대사 교정,40.6,T3,화자·문맥·자연스러움 집중 검토,,59.64912280701754,48.6,P3,말투·질문응답·가독성 위주 검토
SSIS-642,사진 대조 1차 교정본,270,"00:43:56,400 --> 00:43:58,120",1.72,저는 인터넷 카페에서 자겠습니다.,한 방을 같이 쓰는 게 확정이야.,이런 시골에 그런 곳이 있겠어?,존댓말형,,0.0,,,25.0,90.0,50.0,78.0,75.0,0.57363,0.0,66.0,0.0,18.0,0.2273,가 보겠습니다.,그럼 가 볼게요.,대화체 자연화,40.59,T3,화자·문맥·자연스러움 집중 검토,formality_shift,59.523809523809526,48.54,P3,말투·질문응답·가독성 위주 검토
SSIS-642,사진 대조 1차 교정본,313,"00:48:27,990 --> 00:48:30,010",2.02,이쪽을 보면서 해.,이렇게 하는 거야.,자.,반말형,,0.01,,,25.0,90.0,50.0,78.0,75.0,0.60714,0.0,66.0,0.0,0.0,0.4831,이쪽 보면서 할 수 있어.,이쪽 보면서 해 줘.,일본어 원문 대조 + 자연스러운 한국어 대사 교정,40.56,T3,화자·문맥·자연스러움 집중 검토,,59.335839598997495,48.45,P3,말투·질문응답·가독성 위주 검토
SSIS-642,사진 대조 1차 교정본,550,"01:20:00,980 --> 01:20:02,100",1.12,멈출 수 없어.,안 돼.,잠깐만이라도 멈추고 이야기하자.,반응형,,0.02,,,25.0,90.0,50.0,78.0,75.0,0.60711,0.0,66.0,0.0,0.0,0.4524,끝이 없어.,끝도 없네.,사진 장면 확인 및 한국어 번역투·ASR 오역 교정,40.56,T3,화자·문맥·자연스러움 집중 검토,,59.335839598997495,48.45,P3,말투·질문응답·가독성 위주 검토
SSIS-642,사진 대조 1차 교정본,170,"00:18:24,040 --> 00:18:24,180",0.14,그만하세요.,제발…,"도망쳐 봐야 소용없어. 네 알몸을 구석구석
전부 찍었으니 세상에 뿌려 버릴 수도 있다고.",존댓말형,,0.04,,,25.0,90.0,50.0,78.0,75.0,0.40542,0.0,66.0,70.0,18.0,0.5797,"너희들, 그만하세요. 너희들.",둘이서 계속해.,사진 장면 확인 및 한국어 번역투·ASR 오역 교정,40.53,T3,화자·문맥·자연스러움 집중 검토,formality_shift;high_cps,59.14786967418546,48.35,P3,말투·질문응답·가독성 위주 검토
SSIS-642,사진 대조 1차 교정본,500,"01:17:56,040 --> 01:17:57,460",1.42,네 말이 귀에 안 들어와.,아까부터 무슨 소리야?,응…,반응형,,0.04,,,25.0,90.0,50.0,78.0,75.0,0.60622,0.0,66.0,0.0,0.0,0.2142,앞에서 불어와.,이제 조금만 더.,일본어 원문 + 타임스탬프 사진 + 장면 연속성,40.52,T3,화자·문맥·자연스러움 집중 검토,,59.02255639097744,48.29,P3,말투·질문응답·가독성 위주 검토
SSIS-642,사진 대조 1차 교정본,436,"01:13:46,060 --> 01:13:47,780",1.72,자지 갖고 싶어요.,자지 갖고 싶다고 말해 봐.,부장님 자지 빨게 해 주세요.,반응형,,0.04,,,25.0,90.0,50.0,78.0,75.0,0.60541,0.0,66.0,0.0,0.0,0.4536,기분 좋게 해 주고 싶어요.,제가 해 볼게요.,앞 블록과 중복된 문장 정리,40.49,T3,화자·문맥·자연스러움 집중 검토,,58.89724310776943,48.22,P3,말투·질문응답·가독성 위주 검토
SSIS-642,사진 대조 1차 교정본,361,"00:56:39,160 --> 00:57:00,020",20.86,"음, 좋은 모습이네.",뭐야. 호텔에 도착하면 연락한다고 했잖아.,찍지 마세요.,반말형,,0.04,,,25.0,90.0,50.0,78.0,75.0,0.60493,0.0,66.0,0.0,0.0,0.2172,"더 야하게 해 봐. 음, 음, 음... 그렇지!","더 야하게 해 봐. 음, 음, 음… 그렇지!",,40.47,T3,화자·문맥·자연스러움 집중 검토,,58.70927318295739,48.13,P3,말투·질문응답·가독성 위주 검토
SSIS-642,사진 대조 1차 교정본,568,"01:23:00,930 --> 01:23:02,370",1.44,기분 좋아요.,이건 어때?,안 돼요…,반응형,,0.03,,,25.0,90.0,50.0,78.0,75.0,0.42507,42.0,66.0,0.0,0.0,1.0,기분 좋아요.,"아, 좋아요.",화면 영문 자막 대조,40.47,T3,화자·문맥·자연스러움 집중 검토,,58.70927318295739,48.13,P3,말투·질문응답·가독성 위주 검토
SSIS-642,사진 대조 1차 교정본,791,"02:24:22,990 --> 02:25:26,810",63.82,"갑자기… 안 돼, 안 돼.",힘들어요.,자.,중립·혼합형,,0.01,,,25.0,90.0,50.0,78.0,75.0,0.60448,0.0,66.0,0.0,0.0,0.6158,"갑자기... 안 돼, 안 돼.","갑자기… 안 돼, 안 돼.",,40.45,T3,화자·문맥·자연스러움 집중 검토,,58.521303258145366,48.04,P3,말투·질문응답·가독성 위주 검토
SSIS-642,사진 대조 1차 교정본,60,"00:03:35,750 --> 00:03:37,130",1.38,"정액 말이야, 정액.",모르겠어?,"하하하, 부장님.",반말형,,0.05,,,25.0,90.0,50.0,78.0,75.0,0.60356,0.0,66.0,0.0,0.0,0.4114,"이거 말이야, 할 수 있는 게.",이렇게도 할 수 있네.,사진 장면 확인 및 한국어 번역투·ASR 오역 교정,40.41,T3,화자·문맥·자연스러움 집중 검토,,58.39598997493734,47.96,P3,말투·질문응답·가독성 위주 검토
SSIS-642,사진 대조 1차 교정본,2,"00:00:12,820 --> 00:00:15,200",2.38,시끄러워. 죄송합니다.,"부장님, 기다리게 해서 죄송합니다.","미안하군. 너희한테도 한턱내고 싶었는데
마침 가진 돈이 없어서 말이야. 미안해.",존댓말형,,0.02,,,25.0,90.0,50.0,78.0,75.0,0.53446,7.97,66.0,0.0,18.0,0.7164,시끄러워.,넣고 싶어.,,40.38,T3,화자·문맥·자연스러움 집중 검토,formality_shift,58.27067669172933,47.89,P3,말투·질문응답·가독성 위주 검토
SSIS-642,사진 대조 1차 교정본,81,"00:04:17,550 --> 00:04:23,070",5.52,"더 야하게 해 봐. 음, 음, 음… 그렇지!","아, 카, 카, 카…",그러니까 그런 말이 성희롱이라고요.,반말형,,0.05,,,25.0,90.0,50.0,78.0,75.0,0.49268,25.61,66.0,0.0,0.0,0.8634,"더 야하게 해 봐. 음, 음, 음... 그렇지!","더 야하게 해 봐. 음, 음, 음… 그렇지!",,40.36,T3,화자·문맥·자연스러움 집중 검토,,58.1453634085213,47.83,P3,말투·질문응답·가독성 위주 검토
SSIS-642,사진 대조 1차 교정본,462,"01:15:58,870 --> 01:16:00,550",1.68,"미안, 미안. 조심할게.","정말, 미안하다고만 하지 말고 너무 걱정시키지 마.",술 너무 많이 마신 건 아니지?,중립·혼합형,,0.03,,,25.0,90.0,50.0,78.0,75.0,0.60028,0.0,66.0,0.0,0.0,0.502,정말 미안.,미안해.,일본어 원문 대조 + 자연스러운 한국어 대사 교정,40.27,T3,화자·문맥·자연스러움 집중 검토,,58.02005012531328,47.73,P3,말투·질문응답·가독성 위주 검토
SSIS-642,사진 대조 1차 교정본,424,"01:11:22,120 --> 01:11:25,280",3.16,철퍽철퍽 소리가 나네.,네 몸에서 나는 소리를 들려줘.,젖꼭지에도 침 잔뜩 묻혀.,반말형,,0.02,,,25.0,90.0,50.0,78.0,75.0,0.59783,0.0,66.0,0.0,0.0,0.2847,소리가 다 들려.,소리가 다 들리네.,손상된 일본어 ASR + 타임스탬프 사진 + 앞뒤 문맥 추론,40.17,T3,화자·문맥·자연스러움 집중 검토,,57.83208020050126,47.59,P3,말투·질문응답·가독성 위주 검토
SSIS-642,사진 대조 1차 교정본,621,"01:38:44,050 --> 01:38:45,890",1.84,이제 참을 수 없겠지?,따뜻하게 해 주는 거죠?,더 세게 해서 안쪽까지 전부 쏟아 줘요.,반말형,,0.05,,,25.0,90.0,50.0,78.0,75.0,0.59788,0.0,66.0,0.0,0.0,0.2641,참을 수 있을까...,참을 수 있을까…,,40.17,T3,화자·문맥·자연스러움 집중 검토,,57.83208020050126,47.59,P3,말투·질문응답·가독성 위주 검토
SSIS-642,사진 대조 1차 교정본,510,"01:18:14,560 --> 01:18:16,460",1.9,술에 취해서 그래.,조금 어지러워.,응.,반말형,,0.04,,,25.0,90.0,50.0,78.0,75.0,0.59636,0.0,66.0,0.0,0.0,0.4201,"아, 그래.",간다.,화면 영문 자막 대조,40.11,T3,화자·문맥·자연스러움 집중 검토,,57.64411027568922,47.47,P3,말투·질문응답·가독성 위주 검토
SSIS-642,사진 대조 1차 교정본,287,"00:46:25,400 --> 00:46:27,320",1.92,싫다고 하지 말고 어서.,싫습니다.,응?,반응형,,0.0,,,25.0,90.0,50.0,78.0,75.0,0.56183,0.0,66.0,0.0,18.0,0.3572,싫다고 해도 나와 버려.,싫다고 해도 또 나와 버려.,손상된 일본어 ASR + 타임스탬프 사진 + 앞뒤 문맥 추론,40.1,T3,화자·문맥·자연스러움 집중 검토,formality_shift,57.45614035087719,47.39,P3,말투·질문응답·가독성 위주 검토
SSIS-642,사진 대조 1차 교정본,798,"02:27:13,930 --> 02:27:15,590",1.66,이런 표정은 처음이네.,젠장.,,반말형,,0.03,,,25.0,90.0,50.0,78.0,75.0,0.5963,0.0,66.0,0.0,0.0,0.1933,해보는 거 처음이야?,해 보는 거 처음이야?,,40.1,T3,화자·문맥·자연스러움 집중 검토,,57.45614035087719,47.39,P3,말투·질문응답·가독성 위주 검토
SSIS-642,사진 대조 1차 교정본,334,"00:50:56,240 --> 00:50:57,620",1.38,음란한 엉덩이야.,야한 속옷을 입었군.,제대로 물어.,반말형,,0.04,,,25.0,90.0,50.0,78.0,79.0,0.58974,0.0,66.0,0.0,0.0,0.2092,엉덩이 좀 봐.,이 유카타 진짜 귀엽네.,일본어 원문 + 타임스탬프 사진 + 장면 연속성,40.07,T3,화자·문맥·자연스러움 집중 검토,,57.20551378446115,47.27,P3,말투·질문응답·가독성 위주 검토
SSIS-642,사진 대조 1차 교정본,536,"01:19:19,230 --> 01:19:21,490",2.26,출장은 순조로워.,출장은?,순조롭다고?,중립·혼합형,,0.03,,,25.0,90.0,50.0,78.0,75.0,0.5955,0.0,66.0,0.0,0.0,0.0821,누워.,물 나온다.,,40.07,T3,화자·문맥·자연스러움 집중 검토,,57.20551378446115,47.27,P3,말투·질문응답·가독성 위주 검토
SSIS-642,사진 대조 1차 교정본,441,"01:14:01,240 --> 01:14:02,820",1.58,그럼 해 봐.,어쩔 수 없군.,이봐.,반말형,,0.04,,,25.0,90.0,50.0,78.0,75.0,0.59367,0.0,66.0,0.0,0.0,0.3453,"그럼 일단,",그럼 일단,,39.99,T3,화자·문맥·자연스러움 집중 검토,,57.01754385964912,47.14,P3,말투·질문응답·가독성 위주 검토
SSIS-642,사진 대조 1차 교정본,311,"00:48:23,750 --> 00:48:25,850",2.1,"그래, 더 깊이 물어야지.",자지도 제대로 핥아.,이렇게 하는 거야.,반응형,,0.05,,,25.0,90.0,50.0,78.0,75.0,0.59259,0.0,66.0,0.0,0.0,0.3582,더 깊이 물어야 성기를 넣어 주지.,더 깊이 빨아야 자지 넣어 주지.,,39.95,T3,화자·문맥·자연스러움 집중 검토,,56.89223057644111,47.07,P3,말투·질문응답·가독성 위주 검토
SSIS-642,사진 대조 1차 교정본,770,"02:15:32,580 --> 02:15:34,320",1.74,뭔가 나올 것 같아.,그대로 안쪽까지 깊이 들어가게 해.,힘을 빼.,반응형,,0.02,,,25.0,90.0,50.0,78.0,75.0,0.5916,0.0,66.0,0.0,0.0,0.517,갈 것 같아.,진짜 갈 것 같아.,일본어 원문 대조 + 자연스러운 한국어 대사 교정,39.91,T3,화자·문맥·자연스러움 집중 검토,,56.766917293233085,46.99,P3,말투·질문응답·가독성 위주 검토
SSIS-642,사진 대조 1차 교정본,147,"00:17:04,350 --> 00:17:06,050",1.7,네가 드러내 놓고 있었잖아.,뭐 하시는 거예요?,감기라도 걸리면 큰일일 것 같아서.,반응형,,0.05,,,25.0,90.0,50.0,78.0,75.0,0.5537,0.0,66.0,0.0,18.0,0.4616,너도 느끼고 있었잖아.,너도 좋아했잖아.,,39.76,T3,화자·문맥·자연스러움 집중 검토,formality_shift,56.57894736842105,46.82,P3,말투·질문응답·가독성 위주 검토
SSIS-642,사진 대조 1차 교정본,317,"00:48:37,690 --> 00:48:38,770",1.08,됐으니 계속해.,응.,자지에서 입 떼지 마.,반응형,,0.01,,,25.0,90.0,50.0,78.0,75.0,0.58821,0.0,66.0,0.0,0.0,0.2407,계속해서…,그대로 계속해.,손상된 일본어 ASR + 타임스탬프 사진 + 앞뒤 문맥 추론,39.76,T3,화자·문맥·자연스러움 집중 검토,,56.57894736842105,46.82,P3,말투·질문응답·가독성 위주 검토
SSIS-642,사진 대조 1차 교정본,119,"00:06:13,430 --> 00:06:15,350",1.92,부장님 술은 술술 넘어가네요.,"자, 꿀꺽 삼켜. 어서.",마시는 솜씨가 좋군.,반응형,,0.03,,,25.0,90.0,50.0,78.0,75.0,0.58736,0.0,66.0,0.0,0.0,0.1547,부장님...,부장님…,,39.73,T3,화자·문맥·자연스러움 집중 검토,,56.390977443609025,46.73,P3,말투·질문응답·가독성 위주 검토
SSIS-642,사진 대조 1차 교정본,777,"02:18:15,190 --> 02:18:16,370",1.18,아직도 부족한 거야?,왜?,그럼 남은 시간 동안 계속하자.,반응형,,0.01,,,25.0,90.0,50.0,78.0,75.0,0.58723,0.0,66.0,0.0,0.0,0.2669,뭘 찍게 한 거야?,뭘 찍은 거야?,손상된 일본어 ASR + 타임스탬프 사진 + 앞뒤 문맥 추론,39.72,T3,화자·문맥·자연스러움 집중 검토,,56.26566416040101,46.67,P3,말투·질문응답·가독성 위주 검토
SSIS-642,사진 대조 1차 교정본,445,"01:14:21,810 --> 01:14:22,770",0.96,팬티를 내려.,앉아.,네 남자친구 아니야?,중립·혼합형,,0.01,,,25.0,90.0,50.0,78.0,75.0,0.58444,0.0,66.0,0.0,0.0,0.2851,다리 내려...,다리 내려…,,39.61,T3,화자·문맥·자연스러움 집중 검토,,56.14035087719298,46.55,P3,말투·질문응답·가독성 위주 검토
SSIS-642,사진 대조 1차 교정본,112,"00:05:42,870 --> 00:05:43,830",0.96,아직 끈적하군.,입 벌리고 혀 내밀어 봐.,"부드럽게, 부드럽게.",반응형,,0.03,,,25.0,90.0,50.0,78.0,75.0,0.58393,0.0,66.0,0.0,0.0,0.2287,아직 더...,아직 더…,,39.59,T3,화자·문맥·자연스러움 집중 검토,,56.015037593984964,46.49,P3,말투·질문응답·가독성 위주 검토
SSIS-642,사진 대조 1차 교정본,88,"00:04:34,610 --> 00:04:35,530",0.92,입 안을 보려는 것뿐이야.,이 친구가 끈적한 걸 먹었는지 확인하는 거야.,한 번 더 입 벌려 봐.,반말형,,0.01,,,25.0,90.0,50.0,78.0,75.0,0.58378,0.0,66.0,0.0,0.0,0.3658,입 안을 보여 줘.,입 안 보여 줘.,일본어 원문 대조 + 자연스러운 한국어 대사 교정,39.58,T3,화자·문맥·자연스러움 집중 검토,,55.88972431077694,46.43,P3,말투·질문응답·가독성 위주 검토
SSIS-642,사진 대조 1차 교정본,4,"00:00:22,300 --> 00:00:24,820",2.52,"네, 우선 실례하겠습니다.","미안하군. 너희한테도 한턱내고 싶었는데
마침 가진 돈이 없어서 말이야. 미안해.",그거 반씩 나눌까?,중립·혼합형,,0.0,,,25.0,90.0,50.0,78.0,75.0,0.5816,0.0,66.0,0.0,0.0,0.377,열심히 하겠습니다.,힘내 볼게요.,,39.49,T3,화자·문맥·자연스러움 집중 검토,,55.764411027568926,46.33,P3,말투·질문응답·가독성 위주 검토
SSIS-642,사진 대조 1차 교정본,613,"01:37:52,380 --> 01:37:53,580",1.2,더 높이 들어.,엉덩이를 내밀어 이쪽으로 향하게 해.,그래.,반응형,,0.02,,,25.0,90.0,50.0,78.0,75.0,0.58071,0.0,66.0,0.0,0.0,0.1754,걷기 힘들어.,응.,일본어 원문 + 타임스탬프 사진 + 장면 연속성,39.45,T3,화자·문맥·자연스러움 집중 검토,,55.639097744360896,46.25,P3,말투·질문응답·가독성 위주 검토
SSIS-642,사진 대조 1차 교정본,573,"01:23:53,740 --> 01:23:55,100",1.36,내가 지켜봐 줄게.,갈 것 같아?,부장님 자지로 가 버려.,반말형,,0.04,,,25.0,90.0,50.0,78.0,75.0,0.57894,0.0,66.0,0.0,0.0,0.5131,내가 잡아 줄게.,목욕하면서…,일본어 원문 + 타임스탬프 사진 + 장면 연속성,39.38,T3,화자·문맥·자연스러움 집중 검토,,55.51378446115288,46.16,P3,말투·질문응답·가독성 위주 검토
SSIS-642,사진 대조 1차 교정본,527,"01:18:49,850 --> 01:18:51,230",1.38,일 열심히 할게.,으응.,"열심히 하는 건 좋은데, 아까부터 대체 뭐 하는 거야?",중립·혼합형,,0.05,,,25.0,90.0,50.0,78.0,75.0,0.57677,0.0,66.0,0.0,0.0,0.5218,이제 안 할게.,이제 안 애태울게.,,39.28,T3,화자·문맥·자연스러움 집중 검토,,55.388471177944865,46.05,P3,말투·질문응답·가독성 위주 검토
SSIS-642,사진 대조 1차 교정본,640,"01:40:29,330 --> 01:40:31,910",2.58,한 잔 더 마시면 돼…,술을 이렇게 마시니 취해 버렸어요.,으응…,중립·혼합형,,0.03,,,25.0,90.0,50.0,78.0,75.0,0.54121,7.7,66.0,0.0,0.0,0.7142,한 잔 더 마시면 돼...,한 잔 더 마시면 돼…,,39.18,T3,화자·문맥·자연스러움 집중 검토,,55.26315789473685,45.93,P3,말투·질문응답·가독성 위주 검토
SSIS-642,사진 대조 1차 교정본,395,"01:03:35,700 --> 01:03:36,160",0.46,허리에 힘을 줘.,더 내밀어. 더.,좋아. 더 만져 달라는 거지?,중립·혼합형,,0.0,,,25.0,90.0,50.0,78.0,75.0,0.5734,0.0,66.0,0.0,0.0,0.28,배에 힘을 주세요.,힘 줘.,일본어 원문 대조 + 자연스러운 한국어 대사 교정,39.14,T3,화자·문맥·자연스러움 집중 검토,,55.13784461152882,45.86,P3,말투·질문응답·가독성 위주 검토
SSIS-642,사진 대조 1차 교정본,765,"02:14:21,840 --> 02:14:23,060",1.22,힘주지 마.,"자, 기분 좋지?",힘을 빼.,반말형,,0.04,,,25.0,90.0,50.0,78.0,75.0,0.57319,0.0,66.0,0.0,0.0,0.38,하지 마.,잠깐만.,손상된 일본어 ASR + 타임스탬프 사진 + 앞뒤 문맥 추론,39.13,T3,화자·문맥·자연스러움 집중 검토,,55.012531328320804,45.8,P3,말투·질문응답·가독성 위주 검토
SSIS-642,사진 대조 1차 교정본,698,"02:01:00,240 --> 02:01:04,160",3.92,기분 좋아? 기분 좋아?,힘을 빼.,어디가? 기분 좋아?,반응형,,0.04,,,25.0,90.0,50.0,78.0,75.0,0.57171,0.0,66.0,0.0,0.0,0.6111,"아, 거기... 기분 좋아?","아, 거기… 기분 좋아?",,39.07,T3,화자·문맥·자연스러움 집중 검토,,54.88721804511278,45.71,P3,말투·질문응답·가독성 위주 검토
SSIS-642,사진 대조 1차 교정본,57,"00:03:29,570 --> 00:03:31,510",1.94,"하하하, 확 내보내는 거지.",확 쏟아져요?,콸콸 말이야.,반말형,,0.03,,,25.0,90.0,50.0,78.0,75.0,0.57139,0.0,66.0,0.0,0.0,0.3784,잘 거지.,갈 수 있어.,사진 장면 확인 및 한국어 번역투·ASR 오역 교정,39.06,T3,화자·문맥·자연스러움 집중 검토,,54.699248120300744,45.63,P3,말투·질문응답·가독성 위주 검토
SSIS-642,사진 대조 1차 교정본,763,"02:14:16,580 --> 02:14:20,440",3.86,언제 갈지 모르겠어요.,"아, 기분 좋아 보이네.","자, 기분 좋지?",반응형,,0.02,,,25.0,90.0,50.0,78.0,75.0,0.57151,0.0,66.0,0.0,0.0,0.2868,어디가 좋은지 모르겠어?,어디가 좋은지 아직 모르겠어?,일본어 원문 대조 + 자연스러운 한국어 대사 교정,39.06,T3,화자·문맥·자연스러움 집중 검토,,54.699248120300744,45.63,P3,말투·질문응답·가독성 위주 검토
SSIS-642,사진 대조 1차 교정본,342,"00:51:24,320 --> 00:51:25,000",0.68,이렇게 해.,"더, 이렇게.",응.,반말형,,0.02,,,25.0,90.0,50.0,78.0,75.0,0.57012,0.0,66.0,0.0,0.0,0.4405,이렇게 해버려.,이렇게 해 버려.,,39.01,T3,화자·문맥·자연스러움 집중 검토,,54.51127819548872,45.52,P3,말투·질문응답·가독성 위주 검토
SSIS-642,사진 대조 1차 교정본,205,"00:24:49,940 --> 00:24:50,940",1.0,"자, 잘 봐.",사실 좋아하잖아. 가까이서 봐.,어서.,중립·혼합형,,0.04,,,25.0,90.0,50.0,78.0,75.0,0.56864,0.0,66.0,0.0,0.0,0.3365,잘 자.,조금만 천천히…,타임스탬프 사진으로 장면 불일치 확인 후 재복원,38.94,T3,화자·문맥·자연스러움 집중 검토,,54.385964912280706,45.43,P3,말투·질문응답·가독성 위주 검토
SSIS-642,사진 대조 1차 교정본,339,"00:51:13,280 --> 00:51:16,880",3.6,더 깊이 물어. 이렇게.,이 상황이 좋은 거지?,"그래, 이렇게 하는 거야.",반응형,,0.02,,,25.0,90.0,50.0,78.0,75.0,0.56707,0.0,66.0,0.0,0.0,0.3653,이렇게...,이렇게…,,38.88,T3,화자·문맥·자연스러움 집중 검토,,54.26065162907269,45.34,P3,말투·질문응답·가독성 위주 검토
SSIS-642,사진 대조 1차 교정본,327,"00:49:37,510 --> 00:49:38,650",1.14,"그래, 계속 빨아.",빨아. 어서.,불알도 똑같이. 여기도 제대로 빨아.,반응형,,0.01,,,25.0,90.0,50.0,78.0,75.0,0.56518,0.0,66.0,0.0,0.0,0.2742,그래도 계속 하고 싶어.,그래도 계속하고 싶어.,손상된 일본어 ASR + 타임스탬프 사진 + 앞뒤 문맥 추론,38.8,T3,화자·문맥·자연스러움 집중 검토,,54.13533834586466,45.24,P3,말투·질문응답·가독성 위주 검토
SSIS-642,사진 대조 1차 교정본,31,"00:01:43,880 --> 00:01:46,000",2.12,응. 제발 그만해.,게다가 손가락에 침 묻혀서 서류를 넘긴다는 얘기도 들었어.,"미안, 미안. 이제 안 할게.",반응형,,0.02,,,25.0,90.0,50.0,78.0,75.0,0.56459,0.0,66.0,0.0,0.0,0.5723,"안 돼, 그만해.","배 아파, 그만해.",,38.77,T3,화자·문맥·자연스러움 집중 검토,,54.01002506265664,45.17,P3,말투·질문응답·가독성 위주 검토
SSIS-642,사진 대조 1차 교정본,225,"00:28:26,630 --> 00:28:28,150",1.52,점점 기분 좋아지지?,으음…,좋은 소리를 내는군. 여긴가?,반응형,,0.03,,,25.0,90.0,50.0,78.0,75.0,0.56357,0.0,66.0,0.0,0.0,0.2888,점점 더...,점점 더…,,38.73,T3,화자·문맥·자연스러움 집중 검토,,53.88471177944862,45.09,P3,말투·질문응답·가독성 위주 검토
SSIS-642,사진 대조 1차 교정본,54,"00:03:19,770 --> 00:03:22,170",2.4,"면역력 증진이라, 아쉽군.",면역력 증진 때문인가요?,"물론 그것도 있지만, 끈적한 걸 먹으면 몸에서 확 쏟아져 나오거든.",반응형,,0.03,,,25.0,90.0,50.0,78.0,75.0,0.56281,0.0,66.0,0.0,0.0,0.0851,왠지 좀 아쉽네.,벌써 끝나서 조금 아쉽네.,손상된 일본어 ASR + 타임스탬프 사진 + 앞뒤 문맥 추론,38.7,T3,화자·문맥·자연스러움 집중 검토,,53.696741854636585,45.0,P3,말투·질문응답·가독성 위주 검토
SSIS-642,사진 대조 1차 교정본,531,"01:19:01,430 --> 01:19:02,030",0.6,스트레칭이라고?,스트레칭?,계속 덜컹거리는 소리가 나서 말에 집중이 안 되잖아.,중립·혼합형,,0.03,,,25.0,90.0,50.0,78.0,75.0,0.56286,0.0,66.0,0.0,0.0,0.1623,샴페인이 뭐라고?,샴페인 이름이 뭐였지?,사진 장면 확인 및 한국어 번역투·ASR 오역 교정,38.7,T3,화자·문맥·자연스러움 집중 검토,,53.696741854636585,45.0,P3,말투·질문응답·가독성 위주 검토
SSIS-642,사진 대조 1차 교정본,609,"01:37:28,190 --> 01:37:28,810",0.62,왜 그래?,엄청 당해 버렸어요.,몇 번이고 해 주세요.,중립·혼합형,,0.01,,,25.0,90.0,50.0,78.0,75.0,0.53995,5.08,66.0,0.0,0.0,0.6923,"음-, 왜 그래?",음… 왜 그래?,,38.65,T3,화자·문맥·자연스러움 집중 검토,,53.50877192982456,44.89,P3,말투·질문응답·가독성 위주 검토
SSIS-642,사진 대조 1차 교정본,106,"00:05:11,040 --> 00:05:14,400",3.36,그러니 침도 끈끈한 거야.,카에데 군의 침은 충분히 끈끈해. 끈적한 음식을 잘 먹고 있다는 뜻이지.,하지만 끈적하기만 하면 안 되니 묽게 만들어야 해.,반말형,,0.04,,,25.0,90.0,50.0,78.0,75.0,0.5615,0.0,66.0,0.0,0.0,0.2863,싫은 거야.,싫어?,일본어 원문 대조 + 자연스러운 한국어 대사 교정,38.64,T3,화자·문맥·자연스러움 집중 검토,,53.383458646616546,44.83,P3,말투·질문응답·가독성 위주 검토
SSIS-642,사진 대조 1차 교정본,203,"00:24:41,360 --> 00:24:42,140",0.78,좋아하지 않아요.,자지 좋아하지?,사실 좋아하잖아. 가까이서 봐.,반응형,,0.04,,,25.0,90.0,50.0,78.0,75.0,0.56094,0.0,66.0,0.0,0.0,0.3389,이런 거 좋아하지?,묶여 있는 거 좋아하지?,,38.62,T3,화자·문맥·자연스러움 집중 검토,,53.19548872180451,44.74,P3,말투·질문응답·가독성 위주 검토
SSIS-642,사진 대조 1차 교정본,338,"00:51:10,260 --> 00:51:11,720",1.46,이 상황이 좋은 거지?,응.,더 깊이 물어. 이렇게.,반말형,,0.04,,,25.0,90.0,50.0,78.0,75.0,0.56084,0.0,66.0,0.0,0.0,0.4619,잘 거지?,갈 수 있지?,사진 장면 확인 및 한국어 번역투·ASR 오역 교정,38.62,T3,화자·문맥·자연스러움 집중 검토,,53.19548872180451,44.74,P3,말투·질문응답·가독성 위주 검토
SSIS-642,사진 대조 1차 교정본,97,"00:04:51,440 --> 00:04:52,200",0.76,좀 더 내밀어.,음.,"음, 좋군.",반응형,,0.04,,,25.0,90.0,50.0,78.0,75.0,0.55726,0.0,66.0,0.0,0.0,0.4863,엉덩이를 더 내밀어...,엉덩이를 더 내밀어…,,38.46,T3,화자·문맥·자연스러움 집중 검토,,52.94486215538847,44.54,P3,말투·질문응답·가독성 위주 검토
SSIS-642,사진 대조 1차 교정본,401,"01:04:47,110 --> 01:04:48,670",1.56,부끄러워하지 마.,부끄러워할 필요 없어.,이제 부끄러울 것도 없잖아.,반말형,,0.01,,,25.0,90.0,50.0,78.0,75.0,0.55718,0.0,66.0,0.0,0.0,0.4011,부끄러워하며 보여주는 거.,부끄러워하면서도 보여 주네.,일본어 원문 대조 + 자연스러운 한국어 대사 교정,38.46,T3,화자·문맥·자연스러움 집중 검토,,52.94486215538847,44.54,P3,말투·질문응답·가독성 위주 검토
SSIS-642,사진 대조 1차 교정본,98,"00:04:52,560 --> 00:04:53,460",0.9,"음, 좋군.",좀 더 내밀어.,오.,중립·혼합형,,0.04,,,25.0,90.0,50.0,78.0,75.0,0.55617,0.0,66.0,0.0,0.0,0.2949,"더 야하게 해 봐. 음, 음, 음... 그렇지!","더 야하게 해 봐. 음, 음, 음… 그렇지!",,38.42,T3,화자·문맥·자연스러움 집중 검토,,52.75689223057645,44.44,P3,말투·질문응답·가독성 위주 검토
SSIS-642,사진 대조 1차 교정본,594,"01:28:41,770 --> 01:28:42,410",0.64,그래.,깊이 들어갔어?,이쪽 봐.,중립·혼합형,,0.03,,,25.0,90.0,50.0,78.0,75.0,0.44577,25.12,66.0,0.0,0.0,0.8594,"아, 그래.",간다.,화면 영문 자막 대조,38.3,T3,화자·문맥·자연스러움 집중 검토,,52.63157894736842,44.32,P3,말투·질문응답·가독성 위주 검토
SSIS-642,사진 대조 1차 교정본,89,"00:04:36,590 --> 00:04:37,350",0.76,한 번 더 입 벌려 봐.,입 안을 보려는 것뿐이야.,네.,중립·혼합형,,0.01,,,25.0,90.0,50.0,78.0,75.0,0.55285,0.0,66.0,0.0,0.0,0.2537,한번 만져 봐.,안 돼.,일본어 원문 + 타임스탬프 사진 + 장면 연속성,38.28,T3,화자·문맥·자연스러움 집중 검토,,52.5062656641604,44.26,P3,말투·질문응답·가독성 위주 검토
SSIS-642,사진 대조 1차 교정본,6,"00:00:33,620 --> 00:00:35,340",1.72,"아뇨, 괜찮습니다.",그거 반씩 나눌까?,사양하지 마.,반응형,,0.02,,,25.0,90.0,50.0,78.0,75.0,0.51727,0.0,66.0,0.0,18.0,0.5384,이번 저주가 괜찮습니다.,[불명],,38.23,T3,화자·문맥·자연스러움 집중 검토,formality_shift,52.38095238095239,44.17,P3,말투·질문응답·가독성 위주 검토
SSIS-642,사진 대조 1차 교정본,729,"02:06:28,050 --> 02:06:28,270",0.22,자.,스스로 엉덩이를 흔들어 봐.,잠깐만…,중립·혼합형,,0.05,,,25.0,90.0,50.0,78.0,75.0,0.46102,20.54,66.0,0.0,0.0,0.8212,잘 자.,조금만 천천히…,타임스탬프 사진으로 장면 불일치 확인 후 재복원,38.12,T3,화자·문맥·자연스러움 집중 검토,,52.255639097744364,44.06,P3,말투·질문응답·가독성 위주 검토
SSIS-642,사진 대조 1차 교정본,41,"00:02:45,930 --> 00:02:48,210",2.28,낮부터 마시는 술은 맛있지.,"계약도 잘 마무리됐고 술맛이 좋네요, 부장님.","아, 카에데 군.",반말형,,0.03,,,25.0,90.0,50.0,78.0,75.0,0.5487,0.0,66.0,0.0,0.0,0.2349,"진짜 맛있지. 맛도 있고 귀엽기도 하고. 요리해 먹어도 맛있고,",진짜 맛있지. 맛도 있고 귀엽기도 하고. 요리해 먹어도 맛있고,,38.11,T3,화자·문맥·자연스러움 집중 검토,,52.06766917293233,43.97,P3,말투·질문응답·가독성 위주 검토
SSIS-642,사진 대조 1차 교정본,233,"00:31:37,220 --> 00:31:40,260",3.04,"안 돼요, 그만해 주세요.",이제 그만해요.,돌아가라고 한 적 없어. 섹스 좋아하잖아. 얌전한 얼굴로 계속 흘리고 있군.,중립·혼합형,,0.02,,,25.0,90.0,50.0,78.0,75.0,0.5487,0.0,66.0,0.0,0.0,0.3984,"안 돼요, 안쪽에...","안 돼요, 안쪽에…",,38.11,T3,화자·문맥·자연스러움 집중 검토,,52.06766917293233,43.97,P3,말투·질문응답·가독성 위주 검토
SSIS-642,사진 대조 1차 교정본,345,"00:51:52,230 --> 00:51:54,410",2.18,더 깊이 물어.,오…,응.,반응형,,0.03,,,25.0,90.0,50.0,78.0,75.0,0.54847,0.0,66.0,0.0,0.0,0.3448,더 깊이 물어야 성기를 넣어 주지.,더 깊이 빨아야 자지 넣어 주지.,,38.1,T3,화자·문맥·자연스러움 집중 검토,,51.8796992481203,43.89,P3,말투·질문응답·가독성 위주 검토
SSIS-642,사진 대조 1차 교정본,755,"02:10:58,080 --> 02:11:00,640",2.56,아아…,응…,그래. 이런 건 평소엔 안 하지만…,반응형,,0.02,,,25.0,90.0,50.0,78.0,75.0,0.36668,42.0,66.0,0.0,0.0,1.0,아아…,"와, 진짜 많이 커졌어.",일본어 원문 + 타임스탬프 사진 + 장면 연속성,38.02,T3,화자·문맥·자연스러움 집중 검토,,51.75438596491229,43.79,P3,말투·질문응답·가독성 위주 검토
SSIS-642,사진 대조 1차 교정본,720,"02:04:36,360 --> 02:04:38,140",1.78,그 자세로…,그래…,응…,중립·혼합형,,0.04,,,25.0,90.0,50.0,78.0,75.0,0.54647,0.0,66.0,0.0,0.0,0.3547,그 자세로...,그 자세로…,,38.01,T3,화자·문맥·자연스러움 집중 검토,,51.62907268170426,43.73,P3,말투·질문응답·가독성 위주 검토
SSIS-642,사진 대조 1차 교정본,595,"01:29:45,310 --> 01:29:46,250",0.94,이쪽 봐.,그래.,허리를 제대로 세워.,중립·혼합형,,0.01,,,25.0,90.0,50.0,78.0,75.0,0.54476,0.0,66.0,0.0,0.0,0.3879,이쪽 보면서 할 수 있어.,이쪽 보면서 해 줘.,일본어 원문 대조 + 자연스러운 한국어 대사 교정,37.94,T3,화자·문맥·자연스러움 집중 검토,,51.50375939849624,43.64,P3,말투·질문응답·가독성 위주 검토
SSIS-642,사진 대조 1차 교정본,762,"02:14:08,440 --> 02:14:12,560",4.12,"아, 기분 좋아 보이네.",더 제대로.,언제 갈지 모르겠어요.,반응형,,0.04,,,25.0,90.0,50.0,78.0,75.0,0.51355,7.2,66.0,0.0,0.0,0.71,"아, 커 보이네.","와, 크게 보이네.",일본어 원문 대조 + 자연스러운 한국어 대사 교정,37.93,T3,화자·문맥·자연스러움 집중 검토,,51.37844611528822,43.58,P3,말투·질문응답·가독성 위주 검토
SSIS-642,사진 대조 1차 교정본,669,"01:53:27,850 --> 01:53:29,250",1.4,거짓말은 그만해.,"그래, 좋은 느낌이야.",누워만 있지 말고 내 몸도 전부 침범벅으로 만들어 줘.,반말형,,0.05,,,25.0,90.0,50.0,78.0,75.0,0.54354,0.0,66.0,0.0,0.0,0.4996,"안 돼, 그만해.","배 아파, 그만해.",,37.89,T3,화자·문맥·자연스러움 집중 검토,,51.253132832080205,43.5,P3,말투·질문응답·가독성 위주 검토
SSIS-642,사진 대조 1차 교정본,278,"00:45:46,450 --> 00:45:48,070",1.62,아주 끈적끈적해.,네 침은 딱 좋게 끈적하네.,자.,반응형,,0.05,,,25.0,90.0,50.0,78.0,75.0,0.54163,0.0,66.0,0.0,0.0,0.1524,"잠깐만, 아주 조금만...","잠깐만, 아주 조금만…",,37.81,T3,화자·문맥·자연스러움 집중 검토,,51.127819548872175,43.4,P3,말투·질문응답·가독성 위주 검토
SSIS-642,사진 대조 1차 교정본,597,"01:29:57,710 --> 01:29:58,970",1.26,나를 똑바로 봐.,허리를 제대로 세워.,이 안에 전부 쏟아 버릴 거야.,중립·혼합형,,0.01,,,25.0,90.0,50.0,78.0,75.0,0.5393,0.0,66.0,0.0,0.0,0.1618,엉덩이 좀 봐.,이 유카타 진짜 귀엽네.,일본어 원문 + 타임스탬프 사진 + 장면 연속성,37.71,T3,화자·문맥·자연스러움 집중 검토,,51.00250626566416,43.29,P3,말투·질문응답·가독성 위주 검토
SSIS-642,사진 대조 1차 교정본,333,"00:50:51,800 --> 00:50:53,600",1.8,야한 속옷을 입었군.,"그래. 응, 응.",음란한 엉덩이야.,반말형,,0.0,,,25.0,90.0,50.0,78.0,75.0,0.53878,0.0,66.0,0.0,0.0,0.1403,안 입었어.,안 보이네.,사진 장면 확인 및 한국어 번역투·ASR 오역 교정,37.69,T3,화자·문맥·자연스러움 집중 검토,,50.877192982456144,43.23,P3,말투·질문응답·가독성 위주 검토
SSIS-642,사진 대조 1차 교정본,309,"00:47:57,130 --> 00:47:58,070",0.94,뭐 하는 거야?,어서.,자지도 제대로 핥아.,반말형,,0.03,,,25.0,90.0,50.0,78.0,75.0,0.53179,1.55,66.0,0.0,0.0,0.6629,뭐라고 하는 거야?,뭐라고 말해야 해?,일본어 원문 대조 + 자연스러운 한국어 대사 교정,37.67,T3,화자·문맥·자연스러움 집중 검토,,50.68922305764411,43.14,P3,말투·질문응답·가독성 위주 검토
SSIS-642,사진 대조 1차 교정본,593,"01:28:39,790 --> 01:28:41,070",1.28,깊이 들어갔어?,그래. 안쪽까지 깊이 넣어.,그래.,반응형,,0.01,,,25.0,90.0,50.0,78.0,75.0,0.53841,0.0,66.0,0.0,0.0,0.572,"와, 깊이 들어갔어.",목욕하려면 이제 벗어야지.,일본어 원문 + 타임스탬프 사진 + 장면 연속성,37.67,T3,화자·문맥·자연스러움 집중 검토,,50.68922305764411,43.14,P3,말투·질문응답·가독성 위주 검토
SSIS-642,사진 대조 1차 교정본,110,"00:05:27,400 --> 00:05:30,320",2.92,"자, 꿀꺽.","부드럽게, 부드럽게.",입 벌리고 혀 내밀어 봐.,중립·혼합형,,0.0,,,25.0,90.0,50.0,78.0,75.0,0.53566,0.0,66.0,0.0,0.0,0.203,"자, 아~.","자, 아…",,37.56,T3,화자·문맥·자연스러움 집중 검토,,50.50125313283208,43.0,P3,말투·질문응답·가독성 위주 검토
SSIS-642,사진 대조 1차 교정본,478,"01:16:48,340 --> 01:16:49,300",0.96,"아, 여보세요.",무슨 소리야?,"뭐, 뭐야?",반응형,,0.04,,,25.0,90.0,50.0,78.0,75.0,0.4685,0.0,66.0,0.0,35.0,0.3455,"아, 아, 아, 아, 아, 아, 아,","아, 아, 아, 아, 아, 아, 아",,37.54,T3,화자·문맥·자연스러움 집중 검토,formality_jump,50.37593984962406,42.93,P3,말투·질문응답·가독성 위주 검토
SSIS-642,사진 대조 1차 교정본,102,"00:04:57,420 --> 00:04:58,320",0.9,은근히 미끈거리네.,"더, 더, 더.",아주 미끈미끈하군.,반말형,,0.02,,,25.0,90.0,50.0,78.0,75.0,0.53464,0.0,66.0,0.0,0.0,0.1711,느리네.,천천히 해.,손상된 일본어 ASR + 타임스탬프 사진 + 앞뒤 문맥 추론,37.51,T3,화자·문맥·자연스러움 집중 검토,,50.250626566416045,42.86,P3,말투·질문응답·가독성 위주 검토
SSIS-642,사진 대조 1차 교정본,51,"00:03:12,250 --> 00:03:14,650",2.4,내가 왜 끈적한 음식을 좋아하는지 알아?,"아, 카에데 군.",음…,반말형,,0.05,,,25.0,90.0,50.0,78.0,75.0,0.53353,0.0,66.0,0.0,0.0,0.1984,좋아하는...,좋아하는…,,37.47,T3,화자·문맥·자연스러움 집중 검토,,50.06265664160401,42.76,P3,말투·질문응답·가독성 위주 검토
SSIS-642,사진 대조 1차 교정본,58,"00:03:31,770 --> 00:03:32,210",0.44,콸콸 말이야.,"하하하, 확 내보내는 거지.",모르겠어?,반말형,,0.03,,,25.0,90.0,50.0,78.0,75.0,0.53362,0.0,66.0,0.0,0.0,0.5697,유두 말이야.,젖꼭지 말이야.,,37.47,T3,화자·문맥·자연스러움 집중 검토,,50.06265664160401,42.76,P3,말투·질문응답·가독성 위주 검토
SSIS-642,사진 대조 1차 교정본,688,"01:58:57,360 --> 01:58:58,000",0.64,이렇게 해.,더 깊이 빨아야 자지 넣어 주지.,"자, 엉덩이를 더 내밀어.",반말형,,0.04,,,25.0,90.0,50.0,78.0,75.0,0.53276,0.0,66.0,0.0,0.0,0.4405,이렇게 해버려.,이렇게 해 버려.,,37.44,T3,화자·문맥·자연스러움 집중 검토,,49.87468671679198,42.66,P3,말투·질문응답·가독성 위주 검토
SSIS-642,사진 대조 1차 교정본,482,"01:16:58,480 --> 01:17:00,940",2.46,"응, 미안해.",그러니까 너무 마셨다니까. 이제 얌전히 쉬어.,술자리도 부장님과 같이였지?,반응형,,0.02,,,25.0,90.0,50.0,78.0,75.0,0.51141,4.65,66.0,0.0,0.0,0.6888,아... 미안해.,아… 미안해.,,37.38,T3,화자·문맥·자연스러움 집중 검토,,49.74937343358396,42.58,P3,말투·질문응답·가독성 위주 검토
SSIS-642,사진 대조 1차 교정본,144,"00:16:19,970 --> 00:16:21,930",1.96,귀여운 클리토리스네.,술을 너무 마시고 잠드니까 이런 일이 생기는 거야.,최고야.,반말형,,0.03,,,25.0,90.0,50.0,78.0,75.0,0.52933,0.0,66.0,0.0,0.0,0.2353,"민낯은 귀여운 계열이네. 에이, 안 귀여워?","민낯은 귀여운 느낌이네. 에이, 안 귀여워?",일본어 원문 대조 + 자연스러운 한국어 대사 교정,37.29,T3,화자·문맥·자연스러움 집중 검토,,49.62406015037594,42.47,P3,말투·질문응답·가독성 위주 검토
SSIS-642,사진 대조 1차 교정본,412,"01:07:16,440 --> 01:07:17,740",1.3,"그래, 이렇게.","으음, 으음…",어떻게 해 주면 좋겠어?,중립·혼합형,,0.04,,,25.0,90.0,50.0,78.0,75.0,0.52868,0.0,66.0,0.0,0.0,0.4401,이렇게...,이렇게…,,37.26,T3,화자·문맥·자연스러움 집중 검토,,49.49874686716792,42.4,P3,말투·질문응답·가독성 위주 검토
SSIS-642,사진 대조 1차 교정본,391,"01:02:19,160 --> 01:02:22,000",2.84,제대로 흔들어.,야하게 엉덩이를 흔들어.,움직이지 마.,반응형,,0.04,,,25.0,90.0,50.0,78.0,75.0,0.52774,0.0,66.0,0.0,0.0,0.4206,허리를 더 흔들어...,허리를 더 흔들어…,,37.23,T3,화자·문맥·자연스러움 집중 검토,,49.373433583959894,42.33,P3,말투·질문응답·가독성 위주 검토
SSIS-642,사진 대조 1차 교정본,113,"00:05:45,570 --> 00:05:49,890",4.32,"부드럽게, 부드럽게.",아직 끈적하군.,잘 씻어 내야 건강해지지. 건강해야 해.,중립·혼합형,,0.03,,,25.0,90.0,50.0,78.0,75.0,0.51909,1.76,66.0,0.0,0.0,0.6647,부드럽게...,부드럽게…,,37.18,T3,화자·문맥·자연스러움 집중 검토,,49.24812030075188,42.25,P3,말투·질문응답·가독성 위주 검토
SSIS-642,사진 대조 1차 교정본,197,"00:23:21,240 --> 00:23:22,080",0.84,"아, 여기가 좋은 거지?",기분 좋다면 말해.,"와, 지금 꽉 조였어.",반응형,,0.04,,,25.0,90.0,50.0,78.0,75.0,0.52562,0.0,66.0,0.0,0.0,0.4867,잘 거지?,갈 수 있지?,사진 장면 확인 및 한국어 번역투·ASR 오역 교정,37.14,T3,화자·문맥·자연스러움 집중 검토,,49.122807017543856,42.17,P3,말투·질문응답·가독성 위주 검토
SSIS-642,사진 대조 1차 교정본,76,"00:04:04,510 --> 00:04:05,610",1.1,"자, 입 벌려 봐.","그래, 침.",상사 명령이야.,중립·혼합형,,0.01,,,25.0,90.0,50.0,78.0,75.0,0.52559,0.0,66.0,0.0,0.0,0.2255,"자, 입으로 해줘.","자, 입으로 해 줘.",,37.13,T3,화자·문맥·자연스러움 집중 검토,,48.99749373433584,42.11,P3,말투·질문응답·가독성 위주 검토
SSIS-642,사진 대조 1차 교정본,296,"00:46:48,440 --> 00:46:49,500",1.06,끝부분에 잔뜩.,네 끈적한 침을 더 묻혀.,응.,중립·혼합형,,0.04,,,25.0,90.0,50.0,78.0,75.0,0.52298,0.0,66.0,0.0,0.0,0.2418,벌써 끝부분이…,벌써 끝이…,손상된 일본어 ASR + 타임스탬프 사진 + 앞뒤 문맥 추론,37.03,T3,화자·문맥·자연스러움 집중 검토,,48.87218045112782,42.0,P3,말투·질문응답·가독성 위주 검토
SSIS-642,사진 대조 1차 교정본,484,"01:17:02,640 --> 01:17:05,680",3.04,"응, 같이였을지도.",술자리도 부장님과 같이였지?,무슨 말을 듣거나 이상한 일을 당한 건 아니지?,반응형,,0.04,,,25.0,90.0,50.0,78.0,75.0,0.52128,0.0,66.0,0.0,0.0,0.2955,남았었을지도.,조금 남았을지도.,손상된 일본어 ASR + 타임스탬프 사진 + 앞뒤 문맥 추론,36.95,T3,화자·문맥·자연스러움 집중 검토,,48.7468671679198,41.9,P3,말투·질문응답·가독성 위주 검토
SSIS-642,사진 대조 1차 교정본,132,"00:07:17,700 --> 00:07:19,000",1.3,저는 온천에 다녀오겠습니다.,"아, 그래?",꽤 마셨는데 괜찮아?,존댓말형,,0.0,,,25.0,90.0,50.0,78.0,75.0,0.48672,0.0,66.0,0.0,18.0,0.2451,가 보겠습니다.,그럼 가 볼게요.,대화체 자연화,36.94,T3,화자·문맥·자연스러움 집중 검토,formality_shift,48.558897243107765,41.82,P3,말투·질문응답·가독성 위주 검토
SSIS-642,사진 대조 1차 교정본,376,"00:58:14,070 --> 00:58:15,110",1.04,이렇게 하고.,잔뜩이네.,으음…,중립·혼합형,,0.03,,,25.0,90.0,50.0,78.0,75.0,0.5209,0.0,66.0,0.0,0.0,0.4855,금방 하아 하고.,금방 숨이 가빠지네.,,36.94,T3,화자·문맥·자연스러움 집중 검토,,48.558897243107765,41.82,P3,말투·질문응답·가독성 위주 검토
SSIS-642,사진 대조 1차 교정본,362,"00:57:03,000 --> 00:57:04,260",1.26,찍지 마세요.,"음, 좋은 모습이네.",찍히니까 흥분하는 거 아니야?,중립·혼합형,,0.0,,,25.0,90.0,50.0,78.0,75.0,0.52066,0.0,66.0,0.0,0.0,0.2937,"- 아, 죄송해요. 농담이었어요. 신경 쓰지 마세요. - 좋아요.",- 죄송해요. 농담이었어요. 신경 쓰지 마세요. - 좋아요.,화자 분리 및 대화 호흡 교정,36.93,T3,화자·문맥·자연스러움 집중 검토,,48.370927318295735,41.74,P3,말투·질문응답·가독성 위주 검토
SSIS-642,사진 대조 1차 교정본,326,"00:49:24,300 --> 00:49:25,220",0.92,빨아. 어서.,"자, 삼켜.","그래, 계속 빨아.",반응형,,0.0,,,25.0,90.0,50.0,78.0,75.0,0.51884,0.0,66.0,0.0,0.0,0.2453,고환도 마찬가지야. 이쪽도 전부 제대로 빨아.,불알도 똑같이. 여기도 제대로 빨아.,,36.85,T3,화자·문맥·자연스러움 집중 검토,,48.18295739348371,41.61,P3,말투·질문응답·가독성 위주 검토
SSIS-642,사진 대조 1차 교정본,465,"01:16:11,310 --> 01:16:12,990",1.68,지금 뭐 하고 있어?,조금 마셔서 약간 취한 것 같아.,응?,반응형,,0.01,,,25.0,90.0,50.0,78.0,75.0,0.51889,0.0,66.0,0.0,0.0,0.4734,자고 있어?,땀나?,사진 장면 확인 및 한국어 번역투·ASR 오역 교정,36.85,T3,화자·문맥·자연스러움 집중 검토,,48.18295739348371,41.61,P3,말투·질문응답·가독성 위주 검토
SSIS-642,사진 대조 1차 교정본,359,"00:56:06,020 --> 00:56:07,260",1.24,정말 최고야.,최고야. 네 침과 방금 나온 정액이 섞였어.,뭐야. 호텔에 도착하면 연락한다고 했잖아.,반말형,,0.02,,,25.0,90.0,50.0,78.0,75.0,0.51854,0.0,66.0,0.0,0.0,0.516,그거 최고야...,그거 최고야…,,36.84,T3,화자·문맥·자연스러움 집중 검토,,47.99498746867168,41.53,P3,말투·질문응답·가독성 위주 검토
SSIS-642,사진 대조 1차 교정본,188,"00:22:44,380 --> 00:22:46,720",2.34,좋지 않아요.,기분 좋은 거잖아.,싫어?,반응형,,0.02,,,25.0,90.0,50.0,78.0,75.0,0.51828,0.0,66.0,0.0,0.0,0.4357,좋지 않아...,좋지 않아…,,36.83,T3,화자·문맥·자연스러움 집중 검토,,47.86967418546366,41.47,P3,말투·질문응답·가독성 위주 검토
SSIS-642,사진 대조 1차 교정본,312,"00:48:26,230 --> 00:48:26,990",0.76,이렇게 하는 거야.,"그래, 더 깊이 물어야지.",이쪽을 보면서 해.,반말형,,0.03,,,25.0,90.0,50.0,78.0,75.0,0.51673,0.0,66.0,0.0,0.0,0.4967,나는 이렇게 하는 편이야.,나는 이렇게 만지는 편이야.,손상된 일본어 ASR + 타임스탬프 사진 + 앞뒤 문맥 추론,36.76,T3,화자·문맥·자연스러움 집중 검토,,47.744360902255636,41.37,P3,말투·질문응답·가독성 위주 검토
SSIS-642,사진 대조 1차 교정본,104,"00:05:02,480 --> 00:05:03,700",1.22,진단 결과는 이렇습니다.,아주 미끈미끈하군.,카에데 군의 침은 충분히 끈끈해. 끈적한 음식을 잘 먹고 있다는 뜻이지.,존댓말형,,0.02,,,25.0,90.0,50.0,78.0,75.0,0.4819,0.0,66.0,0.0,18.0,0.1683,좋습니다.,좋아요.,,36.74,T3,화자·문맥·자연스러움 집중 검토,formality_shift,47.556390977443606,41.28,P3,말투·질문응답·가독성 위주 검토
SSIS-642,사진 대조 1차 교정본,710,"02:03:19,170 --> 02:03:20,610",1.44,갖고 싶어요.,거기서 흘러내리고 있네.,남자친구에게 전화해.,반응형,,0.03,,,25.0,90.0,50.0,78.0,75.0,0.51621,0.0,66.0,0.0,0.0,0.5002,기분 좋게 해 주고 싶어요.,제가 해 볼게요.,앞 블록과 중복된 문장 정리,36.74,T3,화자·문맥·자연스러움 집중 검토,,47.556390977443606,41.28,P3,말투·질문응답·가독성 위주 검토
SSIS-642,사진 대조 1차 교정본,18,"00:01:07,240 --> 00:01:09,020",1.78,다음 주에 출장 간다며?,음.,응. 싫다.,중립·혼합형,,0.04,,,25.0,90.0,50.0,78.0,75.0,0.51537,0.0,66.0,0.0,0.0,0.3317,다다음 주에 해.,다다음 주에 열어.,가게 가오픈 장면의 목적어 복원,36.71,T3,화자·문맥·자연스러움 집중 검토,,47.30576441102757,41.16,P3,말투·질문응답·가독성 위주 검토
SSIS-642,사진 대조 1차 교정본,154,"00:17:24,360 --> 00:17:25,040",0.68,그런 거 아니에요.,핥지 마세요.,응?,반응형,,0.04,,,25.0,90.0,50.0,78.0,75.0,0.51542,0.0,66.0,0.0,0.0,0.5398,"손이 아니라, 손은 아니에요.",손 말고 혀로 해 주세요.,사진 장면 확인 및 한국어 번역투·ASR 오역 교정,36.71,T3,화자·문맥·자연스러움 집중 검토,,47.30576441102757,41.16,P3,말투·질문응답·가독성 위주 검토
SSIS-642,사진 대조 1차 교정본,253,"00:41:16,780 --> 00:41:17,620",0.84,말했나?,이미 넘어가 버린 것 같네…,몇 번이나 갔어?,중립·혼합형,,0.02,,,25.0,90.0,50.0,78.0,75.0,0.5144,0.0,66.0,0.0,0.0,0.1519,"네, 말했어요.","네, 그랬어요.",사진 장면 확인 및 한국어 번역투·ASR 오역 교정,36.66,T3,화자·문맥·자연스러움 집중 검토,,47.11779448621554,41.05,P3,말투·질문응답·가독성 위주 검토
SSIS-642,사진 대조 1차 교정본,71,"00:03:55,890 --> 00:03:57,210",1.32,"아, 맞다. 카에데 군.",그래.,네.,반응형,,0.01,,,25.0,90.0,50.0,78.0,75.0,0.51175,0.0,66.0,0.0,0.0,0.3385,카에데 후와 씨라는…,카에데 후우아 씨라는 분입니다.,출연자 이름 오인식 교정,36.55,T3,화자·문맥·자연스러움 집중 검토,,46.99248120300752,40.94,P3,말투·질문응답·가독성 위주 검토
SSIS-642,사진 대조 1차 교정본,120,"00:06:21,680 --> 00:06:22,760",1.08,마시는 솜씨가 좋군.,부장님 술은 술술 넘어가네요.,그런데 ‘내 술은 술술 넘어간다’는 게 무슨 뜻이지?,중립·혼합형,,0.02,,,25.0,90.0,50.0,78.0,75.0,0.51059,0.0,66.0,0.0,0.0,0.2349,술꾼들이 마시는 방식이에요.,술 좋아하는 사람들은 이렇게 천천히 먹어요.,,36.5,T3,화자·문맥·자연스러움 집중 검토,,46.8671679197995,40.85,P3,말투·질문응답·가독성 위주 검토
SSIS-642,사진 대조 1차 교정본,13,"00:00:54,280 --> 00:00:56,160",1.88,응? 너도 할래?,카테킨으로 가글하면 감기 예방에 좋다고.,"아뇨, 괜찮습니다.",반응형,,0.02,,,25.0,90.0,50.0,78.0,75.0,0.50398,1.47,66.0,0.0,0.0,0.6623,뭐 할래?,"응, 이쪽으로.",일본어 원문 + 타임스탬프 사진 + 장면 연속성,36.49,T3,화자·문맥·자연스러움 집중 검토,,46.741854636591476,40.8,P3,말투·질문응답·가독성 위주 검토
SSIS-642,사진 대조 1차 교정본,562,"01:22:04,770 --> 01:22:05,170",0.4,더 깊이요.,"부장님, 넣어 주세요.",움직여 주세요.,중립·혼합형,,0.03,,,25.0,90.0,50.0,78.0,75.0,0.50937,0.0,66.0,0.0,0.0,0.1915,채소와 과일이요.,좋아하는 음식은 채소와 과일이에요.,사진 장면 확인 및 한국어 번역투·ASR 오역 교정,36.45,T3,화자·문맥·자연스러움 집중 검토,,46.616541353383454,40.72,P3,말투·질문응답·가독성 위주 검토
SSIS-642,사진 대조 1차 교정본,509,"01:18:13,080 --> 01:18:13,600",0.52,조금 어지러워.,몸이라도 안 좋아?,술에 취해서 그래.,반응형,,0.02,,,25.0,90.0,50.0,78.0,75.0,0.50803,0.0,66.0,0.0,0.0,0.2161,시끄러워.,넣고 싶어.,,36.4,T3,화자·문맥·자연스러움 집중 검토,,46.49122807017544,40.64,P3,말투·질문응답·가독성 위주 검토
SSIS-642,사진 대조 1차 교정본,570,"01:23:36,100 --> 01:23:37,240",1.14,모르겠어요.,안 돼요…,아아아…,반응형,,0.0,,,25.0,90.0,50.0,78.0,75.0,0.5061,0.0,66.0,0.0,0.0,0.363,어디가 좋은지 모르겠어?,어디가 좋은지 아직 모르겠어?,일본어 원문 대조 + 자연스러운 한국어 대사 교정,36.32,T3,화자·문맥·자연스러움 집중 검토,,46.30325814536341,40.51,P3,말투·질문응답·가독성 위주 검토
SSIS-642,사진 대조 1차 교정본,578,"01:26:05,680 --> 01:26:06,960",1.28,더 원하는 거야?,빨리 움직여 줘요.,더 원해요.,반말형,,0.02,,,25.0,90.0,50.0,78.0,75.0,0.50608,0.0,66.0,0.0,0.0,0.4026,뭐라고 하는 거야?,뭐라고 말해야 해?,일본어 원문 대조 + 자연스러운 한국어 대사 교정,36.32,T3,화자·문맥·자연스러움 집중 검토,,46.30325814536341,40.51,P3,말투·질문응답·가독성 위주 검토
SSIS-642,사진 대조 1차 교정본,572,"01:23:49,460 --> 01:23:50,500",1.04,갈 것 같아?,아아아…,내가 지켜봐 줄게.,반응형,,0.04,,,25.0,90.0,50.0,78.0,75.0,0.50599,0.0,66.0,0.0,0.0,0.6406,싸버릴 것 같아?,싸 버릴 것 같아?,,36.31,T3,화자·문맥·자연스러움 집중 검토,,46.11528822055138,40.43,P3,말투·질문응답·가독성 위주 검토
SSIS-642,사진 대조 1차 교정본,191,"00:22:59,280 --> 00:23:01,800",2.52,점점 조여 오는데?,싫어요.,야한 몸이군.,중립·혼합형,,0.02,,,25.0,90.0,50.0,78.0,75.0,0.50493,0.0,66.0,0.0,0.0,0.2834,점점 더...,점점 더…,,36.27,T3,화자·문맥·자연스러움 집중 검토,,45.92731829573935,40.33,P3,말투·질문응답·가독성 위주 검토
SSIS-642,사진 대조 1차 교정본,787,"02:23:29,280 --> 02:23:30,680",1.4,끝이야.,"계속, 계속, 계속.",이제 끝까지 다 들어갔네.,반말형,,0.02,,,25.0,90.0,50.0,78.0,75.0,0.50492,0.0,66.0,0.0,0.0,0.2495,끝이 없어.,끝도 없네.,사진 장면 확인 및 한국어 번역투·ASR 오역 교정,36.27,T3,화자·문맥·자연스러움 집중 검토,,45.92731829573935,40.33,P3,말투·질문응답·가독성 위주 검토
SSIS-642,사진 대조 1차 교정본,178,"00:20:34,710 --> 00:20:38,770",4.06,기분 좋은 거지.,"음, 나왔다.",이렇게 예쁜 몸을 보고 있으니 침을 참을 수가 없네.,반말형,,0.01,,,25.0,90.0,50.0,78.0,75.0,0.49178,2.87,66.0,0.0,0.0,0.6739,잘 거지.,갈 수 있어.,사진 장면 확인 및 한국어 번역투·ASR 오역 교정,36.23,T3,화자·문맥·자연스러움 집중 검토,,45.67669172932331,40.2,P3,말투·질문응답·가독성 위주 검토
SSIS-642,사진 대조 1차 교정본,202,"00:24:37,120 --> 00:24:38,220",1.1,자지 좋아하지?,아…,좋아하지 않아요.,반응형,,0.02,,,25.0,90.0,50.0,78.0,75.0,0.44393,14.03,66.0,0.0,0.0,0.7669,이런 거 좋아하지?,묶여 있는 거 좋아하지?,,36.23,T3,화자·문맥·자연스러움 집중 검토,,45.67669172932331,40.2,P3,말투·질문응답·가독성 위주 검토
SSIS-642,사진 대조 1차 교정본,38,"00:02:06,860 --> 00:02:08,140",1.28,그게 무슨 상관이야?,뭐 어때? 아무도 안 듣고 있잖아.,"누가 듣고 안 듣고의 문제가 아니라, 말하느냐 마느냐의 문제야.",반말형,,0.04,,,25.0,90.0,50.0,78.0,75.0,0.50369,0.0,66.0,0.0,0.0,0.2079,'괜찮다'니 무슨 뜻이야? 정말...,'괜찮다'니 무슨 뜻이야? 정말…,,36.21,T3,화자·문맥·자연스러움 집중 검토,,45.48872180451128,40.11,P3,말투·질문응답·가독성 위주 검토
SSIS-642,사진 대조 1차 교정본,416,"01:08:31,100 --> 01:08:36,880",5.78,"오, 오, 오…","자, 입 벌려.",앉아 봐. 평소에는 뭘 하는 거지?,중립·혼합형,,0.0,,,25.0,90.0,50.0,78.0,75.0,0.49476,1.89,66.0,0.0,0.0,0.6658,"오, 오, 오...","오, 오, 오…",,36.18,T3,화자·문맥·자연스러움 집중 검토,,45.363408521303256,40.04,P3,말투·질문응답·가독성 위주 검토
SSIS-642,사진 대조 1차 교정본,306,"00:47:48,960 --> 00:47:50,760",1.8,입도 잘 쓰는군.,응.,자.,중립·혼합형,,0.04,,,25.0,90.0,50.0,78.0,75.0,0.50217,0.0,66.0,0.0,0.0,0.15,잘 자.,조금만 천천히…,타임스탬프 사진으로 장면 불일치 확인 후 재복원,36.15,T3,화자·문맥·자연스러움 집중 검토,,45.23809523809524,39.97,P4,회귀검사 통과 시 유지
SSIS-642,사진 대조 1차 교정본,403,"01:04:49,170 --> 01:04:49,710",0.54,그러니까 진정해.,이제 부끄러울 것도 없잖아.,다리를 벌려…,반말형,,0.03,,,25.0,90.0,50.0,78.0,75.0,0.50126,0.0,66.0,0.0,0.0,0.407,그러니까 아직 안 왔어요.,아직 안 왔네요.,사진 장면 확인 및 한국어 번역투·ASR 오역 교정,36.11,T3,화자·문맥·자연스러움 집중 검토,,45.11278195488722,39.89,P4,회귀검사 통과 시 유지
SSIS-642,사진 대조 1차 교정본,32,"00:01:46,600 --> 00:01:47,980",1.38,"미안, 미안. 이제 안 할게.",응. 제발 그만해.,"아, 출장 가기 우울하다.",중립·혼합형,,0.0,,,25.0,90.0,50.0,78.0,75.0,0.50096,0.0,66.0,0.0,0.0,0.6032,이제 안 할게.,이제 안 애태울게.,,36.1,T3,화자·문맥·자연스러움 집중 검토,,44.987468671679196,39.83,P4,회귀검사 통과 시 유지
SSIS-642,사진 대조 1차 교정본,61,"00:03:37,550 --> 00:03:38,830",1.28,"하하하, 부장님.","정액 말이야, 정액.",그건 성희롱 발언입니다.,중립·혼합형,,0.05,,,25.0,90.0,50.0,78.0,75.0,0.50056,0.0,66.0,0.0,0.0,0.3951,부장님...,부장님…,,36.08,T3,화자·문맥·자연스러움 집중 검토,,44.86215538847117,39.77,P4,회귀검사 통과 시 유지
SSIS-642,사진 대조 1차 교정본,268,"00:43:40,930 --> 00:43:41,730",0.8,그렇게 됐다는군.,그럼 부탁드립니다.,한 방을 같이 쓰는 게 확정이야.,중립·혼합형,,0.03,,,25.0,90.0,50.0,78.0,75.0,0.5002,0.0,66.0,0.0,0.0,0.1929,그렇게 하면 안쪽이 꽉 차는 것 같아.,그렇게 하니까 안이 꽉 차네.,손상된 일본어 ASR + 타임스탬프 사진 + 앞뒤 문맥 추론,36.07,T3,화자·문맥·자연스러움 집중 검토,,44.73684210526316,39.71,P4,회귀검사 통과 시 유지
SSIS-642,사진 대조 1차 교정본,123,"00:06:30,060 --> 00:06:30,880",0.82,"자, 더 마셔.","아뇨, 그냥 끈적한 것과 묽은 것의 대비라고요.",네. 붙어 있는 방이 아니라 방 두 개를 예약한 줄 알았는데요.,중립·혼합형,,0.04,,,25.0,90.0,50.0,78.0,75.0,0.49942,0.0,66.0,0.0,0.0,0.2304,"자, 더 해줄 테니까.","자, 더 해 줄 테니까.",,36.04,T3,화자·문맥·자연스러움 집중 검토,,44.611528822055135,39.64,P4,회귀검사 통과 시 유지
SSIS-642,사진 대조 1차 교정본,33,"00:01:51,260 --> 00:01:53,560",2.3,"아, 출장 가기 우울하다.","미안, 미안. 이제 안 할게.",직장인의 비애지.,반응형,,0.04,,,25.0,90.0,50.0,78.0,75.0,0.49935,0.0,66.0,0.0,0.0,0.229,"아, 아, 아, 아, 아, 아, 아,","아, 아, 아, 아, 아, 아, 아",,36.03,T3,화자·문맥·자연스러움 집중 검토,,44.48621553884712,39.58,P4,회귀검사 통과 시 유지
SSIS-642,사진 대조 1차 교정본,546,"01:19:51,140 --> 01:19:52,100",0.96,그러게.,자고 나면 잊을 거야.,그 스트레칭 잠깐 멈추면 안 돼?,중립·혼합형,,0.04,,,25.0,90.0,50.0,78.0,75.0,0.31799,42.0,66.0,0.0,0.0,1.0,그러게.,목욕하면서 이러는 거…,일본어 원문 + 타임스탬프 사진 + 장면 연속성,35.98,T3,화자·문맥·자연스러움 집중 검토,,44.3609022556391,39.5,P4,회귀검사 통과 시 유지
SSIS-642,사진 대조 1차 교정본,198,"00:23:23,520 --> 00:23:24,440",0.92,"와, 지금 꽉 조였어.","아, 여기가 좋은 거지?",그만해!,반응형,,0.02,,,25.0,90.0,50.0,78.0,75.0,0.49762,0.0,66.0,0.0,0.0,0.2253,"와, 깊이 들어갔어.",목욕하려면 이제 벗어야지.,일본어 원문 + 타임스탬프 사진 + 장면 연속성,35.96,T3,화자·문맥·자연스러움 집중 검토,,44.23558897243108,39.44,P4,회귀검사 통과 시 유지
SSIS-642,사진 대조 1차 교정본,744,"02:09:05,480 --> 02:09:06,740",1.26,스스로 단단히 안아.,응?,응?,반응형,,0.02,,,25.0,90.0,50.0,78.0,75.0,0.49707,0.0,66.0,0.0,0.0,0.3573,스스로 쥐고 있어?,네가 직접 잡고 있어?,일본어 원문 대조 + 자연스러운 한국어 대사 교정,35.94,T3,화자·문맥·자연스러움 집중 검토,,44.11027568922306,39.37,P4,회귀검사 통과 시 유지
SSIS-642,사진 대조 1차 교정본,133,"00:07:20,500 --> 00:07:21,840",1.34,꽤 마셨는데 괜찮아?,저는 온천에 다녀오겠습니다.,같이 가 줄까?,반응형,,0.0,,,25.0,90.0,50.0,78.0,75.0,0.46267,0.0,66.0,0.0,18.0,0.3286,더 해줘도 돼? 더 해줘. 괜찮아?,더 해 줘도 돼? 더 해 줘. 괜찮아?,,35.93,T3,화자·문맥·자연스러움 집중 검토,formality_shift,43.984962406015036,39.31,P4,회귀검사 통과 시 유지
SSIS-642,사진 대조 1차 교정본,499,"01:17:54,260 --> 01:17:55,440",1.18,아까부터 무슨 소리야?,응.,네 말이 귀에 안 들어와.,반응형,,0.04,,,25.0,90.0,50.0,78.0,75.0,0.49668,0.0,66.0,0.0,0.0,0.5674,무슨 소리야? 진짜...,무슨 소리야? 진짜…,,35.92,T3,화자·문맥·자연스러움 집중 검토,,43.859649122807014,39.25,P4,회귀검사 통과 시 유지
SSIS-642,사진 대조 1차 교정본,227,"00:28:33,710 --> 00:28:34,410",0.7,이렇게?,좋은 소리를 내는군. 여긴가?,아주 좋은 소리를 내잖아.,중립·혼합형,,0.01,,,25.0,90.0,50.0,78.0,75.0,0.49637,0.0,66.0,0.0,0.0,0.2232,이렇게...,이렇게…,,35.91,T3,화자·문맥·자연스러움 집중 검토,,43.734335839599,39.2,P4,회귀검사 통과 시 유지
SSIS-642,사진 대조 1차 교정본,134,"00:07:22,840 --> 00:07:23,980",1.14,같이 가 줄까?,꽤 마셨는데 괜찮아?,혼욕으로?,중립·혼합형,,0.04,,,25.0,90.0,50.0,78.0,75.0,0.49587,0.0,66.0,0.0,0.0,0.4723,여기서 뭘 보여 줄까?,뭘 보여 줄까?,손상된 일본어 ASR + 타임스탬프 사진 + 앞뒤 문맥 추론,35.89,T3,화자·문맥·자연스러움 집중 검토,,43.609022556390975,39.13,P4,회귀검사 통과 시 유지
SSIS-642,사진 대조 1차 교정본,341,"00:51:21,140 --> 00:51:22,540",1.4,"더, 이렇게.","그래, 이렇게 하는 거야.",이렇게 해.,중립·혼합형,,0.04,,,25.0,90.0,50.0,78.0,75.0,0.49211,0.0,66.0,0.0,0.0,0.4783,이렇게...,이렇게…,,35.73,T3,화자·문맥·자연스러움 집중 검토,,43.48370927318296,38.99,P4,회귀검사 통과 시 유지
SSIS-642,사진 대조 1차 교정본,571,"01:23:44,080 --> 01:23:44,800",0.72,아아아…,모르겠어요.,갈 것 같아?,반응형,,0.02,,,25.0,90.0,50.0,78.0,75.0,0.3094,42.0,66.0,0.0,0.0,1.0,아아아…,잠깐만.,일본어 원문 + 타임스탬프 사진 + 장면 연속성,35.61,T3,화자·문맥·자연스러움 집중 검토,,43.35839598997494,38.86,P4,회귀검사 통과 시 유지
SSIS-642,사진 대조 1차 교정본,508,"01:18:11,760 --> 01:18:12,900",1.14,몸이라도 안 좋아?,응.,조금 어지러워.,반응형,,0.04,,,25.0,90.0,50.0,78.0,75.0,0.48744,0.0,66.0,0.0,0.0,0.3347,안쪽이 좋아?,안쪽도 좋아?,일본어 원문 대조 + 자연스러운 한국어 대사 교정,35.53,T3,화자·문맥·자연스러움 집중 검토,,43.233082706766915,38.77,P4,회귀검사 통과 시 유지
SSIS-642,사진 대조 1차 교정본,496,"01:17:48,980 --> 01:17:50,940",1.96,지금 혼자 있는 거지?,응.,혼자라고 했지?,반말형,,0.02,,,25.0,90.0,50.0,78.0,75.0,0.48726,0.0,66.0,0.0,0.0,0.5072,잘 거지?,갈 수 있지?,사진 장면 확인 및 한국어 번역투·ASR 오역 교정,35.52,T3,화자·문맥·자연스러움 집중 검토,,43.10776942355889,38.71,P4,회귀검사 통과 시 유지
SSIS-642,사진 대조 1차 교정본,67,"00:03:50,710 --> 00:03:50,790",0.08,그렇지?,"일에 대한 열정이 확 쏟아져 나온다든가, 그런 뜻이라고.",하하하.,반말형,,0.01,,,25.0,90.0,50.0,78.0,75.0,0.31914,0.0,66.0,70.0,0.0,0.1706,"더 야하게 해 봐. 음, 음, 음... 그렇지!","더 야하게 해 봐. 음, 음, 음… 그렇지!",,35.46,T3,화자·문맥·자연스러움 집중 검토,high_cps,42.91979949874687,38.59,P4,회귀검사 통과 시 유지
SSIS-642,사진 대조 1차 교정본,650,"01:45:22,400 --> 01:45:24,140",1.74,그에게 영상을 보냈죠?,리아 씨의 표정도 가까이서 보이네요.,"영상? 아, 흠뻑 젖은 자위 영상 말이야?",중립·혼합형,,0.0,,,25.0,90.0,50.0,78.0,75.0,0.4857,0.0,66.0,0.0,0.0,0.3052,그럼 왜 그런 영상을 보낸 거예요?,너무 세…,타임스탬프 사진으로 장면 불일치 확인 후 재복원,35.46,T3,화자·문맥·자연스러움 집중 검토,,42.91979949874687,38.59,P4,회귀검사 통과 시 유지
SSIS-642,사진 대조 1차 교정본,575,"01:24:45,820 --> 01:24:47,220",1.4,수고했어.,부장님 자지로 가 버려.,더 빨리 움직여 줘.,반응형,,0.02,,,25.0,90.0,50.0,78.0,75.0,0.48448,0.0,66.0,0.0,0.0,0.1593,계속 생각했어.,부끄러워? 뭔가 야하네.,일본어 원문 + 타임스탬프 사진 + 장면 연속성,35.41,T3,화자·문맥·자연스러움 집중 검토,,42.73182957393484,38.49,P4,회귀검사 통과 시 유지
SSIS-642,사진 대조 1차 교정본,349,"00:54:09,600 --> 00:54:10,700",1.1,앉아 봐.,더 세게.,아앙… 으응…,반응형,,0.0,,,25.0,90.0,50.0,78.0,75.0,0.48428,0.0,66.0,0.0,0.0,0.2897,빨리 핥아 봐.,빨리 핥아 줘.,화자 말투 자연화,35.4,T3,화자·문맥·자연스러움 집중 검토,,42.606516290726816,38.43,P4,회귀검사 통과 시 유지
SSIS-642,사진 대조 1차 교정본,15,"00:00:58,380 --> 00:00:58,720",0.34,"아, 그래.","아뇨, 괜찮습니다.",음.,반응형,,0.02,,,25.0,90.0,50.0,78.0,75.0,0.30368,42.0,66.0,0.0,0.0,1.0,"아, 그래.",간다.,화면 영문 자막 대조,35.37,T3,화자·문맥·자연스러움 집중 검토,,42.4812030075188,38.36,P4,회귀검사 통과 시 유지
SSIS-642,사진 대조 1차 교정본,127,"00:07:02,520 --> 00:07:03,740",1.22,한 방뿐인가.,네.,"뭐, 떨어져서 자면 괜찮지 않겠어?",중립·혼합형,,0.02,,,25.0,90.0,50.0,78.0,75.0,0.48115,0.0,66.0,0.0,0.0,0.1218,한 번.,일단 내려가 볼게요.,사진 장면 확인 및 한국어 번역투·ASR 오역 교정,35.27,T3,화자·문맥·자연스러움 집중 검토,,42.29323308270676,38.22,P4,회귀검사 통과 시 유지
SSIS-642,사진 대조 1차 교정본,533,"01:19:12,050 --> 01:19:12,550",0.5,미안해.,계속 덜컹거리는 소리가 나서 말에 집중이 안 되잖아.,그래서 어때?,반말형,,0.05,,,25.0,90.0,50.0,78.0,75.0,0.40598,17.56,66.0,0.0,0.0,0.7964,아... 미안해.,아… 미안해.,,35.27,T3,화자·문맥·자연스러움 집중 검토,,42.29323308270676,38.22,P4,회귀검사 통과 시 유지
SSIS-642,사진 대조 1차 교정본,534,"01:19:15,930 --> 01:19:16,750",0.82,그래서 어때?,미안해.,출장은?,반응형,,0.03,,,25.0,90.0,50.0,78.0,75.0,0.48004,0.0,66.0,0.0,0.0,0.4386,어때? 맛은?,어때? 맛 평가해 줘.,일본어 원문 대조 + 자연스러운 한국어 대사 교정,35.22,T3,화자·문맥·자연스러움 집중 검토,,42.10526315789473,38.11,P4,회귀검사 통과 시 유지
SSIS-642,사진 대조 1차 교정본,789,"02:24:04,680 --> 02:24:09,220",4.54,계속하자.,이제 끝까지 다 들어갔네.,힘들어요.,중립·혼합형,,0.02,,,25.0,90.0,50.0,78.0,75.0,0.44414,8.21,66.0,0.0,0.0,0.7184,멈추지 말고 계속하자.,멈추지 말고 계속해.,사진 장면 확인 및 한국어 번역투 교정,35.19,T3,화자·문맥·자연스러움 집중 검토,,41.97994987468672,38.04,P4,회귀검사 통과 시 유지
SSIS-642,사진 대조 1차 교정본,350,"00:54:41,400 --> 00:54:49,740",8.34,아앙… 으응…,앉아 봐.,그래.,반응형,,0.0,,,25.0,90.0,50.0,78.0,75.0,0.47749,0.0,66.0,0.0,0.0,0.2055,아앙... 으응...,아앙… 으응…,,35.11,T3,화자·문맥·자연스러움 집중 검토,,41.854636591478695,37.94,P4,회귀검사 통과 시 유지
SSIS-642,사진 대조 1차 교정본,711,"02:03:25,680 --> 02:03:32,140",6.46,남자친구에게 전화해.,갖고 싶어요.,말하기 쉽지?,반말형,,0.02,,,25.0,90.0,50.0,78.0,75.0,0.47689,0.0,66.0,0.0,0.0,0.2446,남자친구 거랑은...,남자친구 거랑은…,,35.09,T3,화자·문맥·자연스러움 집중 검토,,41.72932330827068,37.88,P4,회귀검사 통과 시 유지
SSIS-642,사진 대조 1차 교정본,381,"00:58:43,510 --> 00:58:50,100",6.59,다리를 모아.,으음…,으음…,반응형,,0.01,,,25.0,90.0,50.0,78.0,75.0,0.47648,0.0,66.0,0.0,0.0,0.3859,다리를 벌려...,다리를 벌려…,,35.07,T3,화자·문맥·자연스러움 집중 검토,,41.60401002506266,37.81,P4,회귀검사 통과 시 유지
SSIS-642,사진 대조 1차 교정본,304,"00:47:35,920 --> 00:47:36,740",0.82,굉장하잖아.,이 정도 서비스는 해 줘.,응.,반응형,,0.02,,,25.0,90.0,50.0,78.0,75.0,0.47563,0.0,66.0,0.0,0.0,0.2628,당연하잖아.,당연히 가져왔지.,타임스탬프 사진과 앞뒤 장면으로 대사 기능 복원,35.04,T3,화자·문맥·자연스러움 집중 검토,,41.478696741854634,37.74,P4,회귀검사 통과 시 유지
SSIS-642,사진 대조 1차 교정본,585,"01:26:35,560 --> 01:26:36,160",0.6,그래.,다리를 더 벌려.,스스로 움직여 봐.,중립·혼합형,,0.04,,,25.0,90.0,50.0,78.0,75.0,0.36698,25.12,66.0,0.0,0.0,0.8594,"아, 그래.",간다.,화면 영문 자막 대조,35.0,T3,화자·문맥·자연스러움 집중 검토,,41.35338345864661,37.67,P4,회귀검사 통과 시 유지
SSIS-642,사진 대조 1차 교정본,404,"01:05:23,560 --> 01:05:24,780",1.22,다리를 벌려…,그러니까 진정해.,다리를 벌려 주세요.,중립·혼합형,,0.04,,,25.0,90.0,50.0,78.0,75.0,0.47462,0.0,66.0,0.0,0.0,0.4976,다리를 벌려...,다리를 벌려…,,34.99,T4,구조검사 통과 시 유지,,41.228070175438596,37.61,P4,회귀검사 통과 시 유지
SSIS-642,사진 대조 1차 교정본,418,"01:09:43,250 --> 01:09:44,110",0.86,아무것도 안 해요.,앉아 봐. 평소에는 뭘 하는 거지?,뭘 하는데?,반응형,,0.05,,,25.0,90.0,50.0,78.0,75.0,0.47219,0.0,66.0,0.0,0.0,0.4499,차 안에는 따로 아무것도 없나요?,배 안에는 따로 볼 게 없나요?,'차 안' 사물 오인식 교정,34.89,T4,구조검사 통과 시 유지,,41.10275689223057,37.5,P4,회귀검사 통과 시 유지
SSIS-642,사진 대조 1차 교정본,579,"01:26:09,280 --> 01:26:10,700",1.42,더 원해요.,더 원하는 거야?,그럼 빼고 엉덩이를 내밀어.,반말형,,0.02,,,25.0,90.0,50.0,78.0,75.0,0.4706,0.0,66.0,0.0,0.0,0.2695,원해?,만져 줬으면 해?,일본어 원문 대조 + 자연스러운 한국어 대사 교정,34.83,T4,구조검사 통과 시 유지,,40.97744360902256,37.41,P4,회귀검사 통과 시 유지
SSIS-642,사진 대조 1차 교정본,109,"00:05:24,680 --> 00:05:26,760",2.08,"부드럽게, 부드럽게.",끈적해진 입안을 보송보송하게 해야지.,"자, 꿀꺽.",중립·혼합형,,0.02,,,25.0,90.0,50.0,78.0,75.0,0.46289,1.76,66.0,0.0,0.0,0.6647,부드럽게...,부드럽게…,,34.82,T4,구조검사 통과 시 유지,,40.852130325814535,37.35,P4,회귀검사 통과 시 유지
SSIS-642,사진 대조 1차 교정본,236,"00:32:30,890 --> 00:32:31,430",0.54,얌전히 있어.,"왜 계속 멈추지 않는 거야? 싫지 않은 거잖아. 자, 제대로 움직여 봐.",가만히 있어.,반응형,,0.01,,,25.0,90.0,50.0,78.0,75.0,0.46926,0.0,66.0,0.0,0.0,0.3542,뒤에 있어.,뒤쪽도 보여 줘.,일본어 원문 대조 + 자연스러운 한국어 대사 교정,34.77,T4,구조검사 통과 시 유지,,40.664160401002505,37.25,P4,회귀검사 통과 시 유지
SSIS-642,사진 대조 1차 교정본,753,"02:09:33,560 --> 02:10:07,710",34.15,"더, 더, 더…",응?,응…,중립·혼합형,,0.04,,,25.0,90.0,50.0,78.0,75.0,0.46922,0.0,66.0,0.0,0.0,0.6377,"더, 더, 더...","더, 더, 더…",,34.77,T4,구조검사 통과 시 유지,,40.664160401002505,37.25,P4,회귀검사 통과 시 유지
SSIS-642,사진 대조 1차 교정본,517,"01:18:24,160 --> 01:18:25,020",0.86,너무 마시면 안 돼.,내일 일에도 분명 영향이 갈 테니까.,응.,중립·혼합형,,0.04,,,25.0,90.0,50.0,78.0,75.0,0.46847,0.0,66.0,0.0,0.0,0.5603,한 잔 더 마시면 돼...,한 잔 더 마시면 돼…,,34.74,T4,구조검사 통과 시 유지,,40.476190476190474,37.15,P4,회귀검사 통과 시 유지
SSIS-642,사진 대조 1차 교정본,221,"00:27:42,780 --> 00:27:43,960",1.18,왜 그래?,뭐 하시는 거예요?,좋은 몸이잖아.,중립·혼합형,,0.02,,,25.0,90.0,50.0,78.0,75.0,0.44631,5.08,66.0,0.0,0.0,0.6923,"음-, 왜 그래?",음… 왜 그래?,,34.72,T4,구조검사 통과 시 유지,,40.35087719298245,37.08,P4,회귀검사 통과 시 유지
SSIS-642,사진 대조 1차 교정본,49,"00:03:07,350 --> 00:03:08,790",1.44,"하하하, 그렇지. 잘 아는군.",여전히 끈적하고 걸쭉한 음식을 좋아하시네요.,"아, 카에데 군.",반응형,,0.05,,,25.0,90.0,50.0,78.0,75.0,0.46746,0.0,66.0,0.0,0.0,0.1371,잘 거지.,갈 수 있어.,사진 장면 확인 및 한국어 번역투·ASR 오역 교정,34.69,T4,구조검사 통과 시 유지,,40.16290726817043,36.99,P4,회귀검사 통과 시 유지
SSIS-642,사진 대조 1차 교정본,684,"01:58:19,380 --> 01:58:21,720",2.34,"응, 그래.",엉덩이를 더 내밀어.,"으음, 으음…",반응형,,0.02,,,25.0,90.0,50.0,78.0,75.0,0.4508,3.88,66.0,0.0,0.0,0.6824,"아, 그래.",간다.,화면 영문 자막 대조,34.69,T4,구조검사 통과 시 유지,,40.16290726817043,36.99,P4,회귀검사 통과 시 유지
SSIS-642,사진 대조 1차 교정본,793,"02:26:50,120 --> 02:26:50,640",0.52,그대로면 돼.,자.,왜?,중립·혼합형,,0.02,,,25.0,90.0,50.0,78.0,75.0,0.46424,0.0,66.0,0.0,0.0,0.3697,안 돼.,"네, 놀랐어요.",타임스탬프 사진과 앞뒤 장면으로 대사 기능 복원,34.56,T4,구조검사 통과 시 유지,,39.9749373433584,36.83,P4,회귀검사 통과 시 유지
SSIS-642,사진 대조 1차 교정본,231,"00:29:55,910 --> 00:29:58,230",2.32,맛있다고 해.,맛있지?,이제 그만해요.,반말형,,0.01,,,25.0,90.0,50.0,78.0,75.0,0.46191,0.0,66.0,0.0,0.0,0.3807,맛있다.,바람 좋다.,일본어 원문 대조 + 자연스러운 한국어 대사 교정,34.46,T4,구조검사 통과 시 유지,,39.849624060150376,36.72,P4,회귀검사 통과 시 유지
SSIS-642,사진 대조 1차 교정본,80,"00:04:15,510 --> 00:04:17,370",1.86,"아, 카, 카, 카…","자, 혀를 위아래로 움직여 봐.","더 야하게 해 봐. 음, 음, 음… 그렇지!",반응형,,0.01,,,25.0,90.0,50.0,78.0,75.0,0.43025,7.35,66.0,0.0,0.0,0.7112,"아, 카, 카, 카...","아, 카, 카, 카…",,34.45,T4,구조검사 통과 시 유지,,39.661654135338345,36.64,P4,회귀검사 통과 시 유지
SSIS-642,사진 대조 1차 교정본,567,"01:22:57,350 --> 01:22:58,410",1.06,이건 어때?,이번에는 더 느끼게 해 줄게.,기분 좋아요.,반응형,,0.05,,,25.0,90.0,50.0,78.0,75.0,0.46162,0.0,66.0,0.0,0.0,0.4928,어때? 맛은?,어때? 맛 평가해 줘.,일본어 원문 대조 + 자연스러운 한국어 대사 교정,34.45,T4,구조검사 통과 시 유지,,39.661654135338345,36.64,P4,회귀검사 통과 시 유지
SSIS-642,사진 대조 1차 교정본,53,"00:03:17,430 --> 00:03:18,890",1.46,면역력 증진 때문인가요?,음…,"면역력 증진이라, 아쉽군.",존댓말형,,0.03,,,25.0,90.0,50.0,78.0,75.0,0.4613,0.0,66.0,0.0,0.0,0.1241,이제 살려 주실 건가요?,이제 좀 살려 주실 건가요?,사진 장면 확인 및 한국어 번역투·ASR 오역 교정,34.43,T4,구조검사 통과 시 유지,,39.473684210526315,36.55,P4,회귀검사 통과 시 유지
SSIS-642,사진 대조 1차 교정본,569,"01:23:04,270 --> 01:23:05,150",0.88,안 돼요…,기분 좋아요.,모르겠어요.,중립·혼합형,,0.03,,,25.0,90.0,50.0,78.0,75.0,0.46018,0.0,66.0,0.0,0.0,0.2755,안 돼요...,안 돼요…,,34.39,T4,구조검사 통과 시 유지,,39.34837092731829,36.47,P4,회귀검사 통과 시 유지
SSIS-642,사진 대조 1차 교정본,347,"00:51:56,910 --> 00:51:57,550",0.64,바로 거기야.,응.,더 세게.,반말형,,0.01,,,25.0,90.0,50.0,78.0,75.0,0.45741,0.0,66.0,0.0,0.0,0.2563,이제 바로 누워.,일단 바로 누워.,사진 장면 확인 및 한국어 번역투·ASR 오역 교정,34.27,T4,구조검사 통과 시 유지,,39.22305764411028,36.35,P4,회귀검사 통과 시 유지
SSIS-642,사진 대조 1차 교정본,7,"00:00:35,340 --> 00:00:37,180",1.84,사양하지 마.,"아뇨, 괜찮습니다.",음.,반말형,,0.04,,,25.0,90.0,50.0,78.0,75.0,0.41916,0.0,66.0,0.0,18.0,0.4225,하지 마.,잠깐만.,손상된 일본어 ASR + 타임스탬프 사진 + 앞뒤 문맥 추론,34.1,T4,구조검사 통과 시 유지,formality_shift,39.097744360902254,36.2,P4,회귀검사 통과 시 유지
SSIS-642,사진 대조 1차 교정본,77,"00:04:05,610 --> 00:04:06,930",1.32,상사 명령이야.,"자, 입 벌려 봐.",네.,반말형,,0.01,,,25.0,90.0,50.0,78.0,75.0,0.45249,0.0,66.0,0.0,0.0,0.1403,유두 말이야.,젖꼭지 말이야.,,34.06,T4,구조검사 통과 시 유지,,38.97243107769424,36.12,P4,회귀검사 통과 시 유지
SSIS-642,사진 대조 1차 교정본,614,"01:37:55,960 --> 01:37:56,280",0.32,그래.,더 높이 들어.,더 내밀어.,중립·혼합형,,0.04,,,25.0,90.0,50.0,78.0,75.0,0.34439,25.12,66.0,0.0,0.0,0.8594,"아, 그래.",간다.,화면 영문 자막 대조,34.05,T4,구조검사 통과 시 유지,,38.847117794486216,36.06,P4,회귀검사 통과 시 유지
SSIS-642,사진 대조 1차 교정본,300,"00:47:13,380 --> 00:47:14,900",1.52,침이 달라붙는군.,자지 끝에 침을 잔뜩 묻히는 거야.,아주 팽팽해졌어.,중립·혼합형,,0.02,,,25.0,90.0,50.0,78.0,75.0,0.45198,0.0,66.0,0.0,0.0,0.2005,뭔가 야하게 달라붙어?,몸이 야하게 달라붙네.,사진 장면 확인 및 한국어 번역투·ASR 오역 교정,34.04,T4,구조검사 통과 시 유지,,38.721804511278194,36.01,P4,회귀검사 통과 시 유지
SSIS-642,사진 대조 1차 교정본,59,"00:03:33,990 --> 00:03:34,910",0.92,모르겠어?,콸콸 말이야.,"정액 말이야, 정액.",반응형,,0.01,,,25.0,90.0,50.0,78.0,75.0,0.44033,2.63,66.0,0.0,0.0,0.6719,어디가 좋은지 모르겠어?,어디가 좋은지 아직 모르겠어?,일본어 원문 대조 + 자연스러운 한국어 대사 교정,34.03,T4,구조검사 통과 시 유지,,38.53383458646616,35.92,P4,회귀검사 통과 시 유지
SSIS-642,사진 대조 1차 교정본,664,"01:50:20,500 --> 01:50:22,000",1.5,그런 모양이네.,또 야한 팬티를 입었군.,응.,반말형,,0.0,,,25.0,90.0,50.0,78.0,75.0,0.45159,0.0,66.0,0.0,0.0,0.2372,마음에 든 모양이군.,마음에 드신 모양이군.,사진 장면 확인 및 한국어 번역투 교정,34.03,T4,구조검사 통과 시 유지,,38.53383458646616,35.92,P4,회귀검사 통과 시 유지
SSIS-642,사진 대조 1차 교정본,378,"00:58:36,950 --> 00:58:37,650",0.7,왜 그래?,으음…,젖꼭지도 이렇게 세우고.,중립·혼합형,,0.05,,,25.0,90.0,50.0,78.0,75.0,0.42749,5.08,66.0,0.0,0.0,0.6923,"음-, 왜 그래?",음… 왜 그래?,,33.93,T4,구조검사 통과 시 유지,,38.34586466165413,35.78,P4,회귀검사 통과 시 유지
SSIS-642,사진 대조 1차 교정본,285,"00:46:17,900 --> 00:46:19,120",1.22,이것도 입에 물어.,자.,싫습니다.,반응형,,0.0,,,25.0,90.0,50.0,78.0,75.0,0.44889,0.0,66.0,0.0,0.0,0.3974,이것도 그렇게...,이것도 그렇게…,,33.91,T4,구조검사 통과 시 유지,,38.15789473684211,35.69,P4,회귀검사 통과 시 유지
SSIS-642,사진 대조 1차 교정본,523,"01:18:41,890 --> 01:18:43,190",1.3,"응, 응. 조심할게.",여보세요?,미안해.,반응형,,0.01,,,25.0,90.0,50.0,78.0,75.0,0.44879,0.0,66.0,0.0,0.0,0.2377,"응, 더...","응, 더…",,33.91,T4,구조검사 통과 시 유지,,38.15789473684211,35.69,P4,회귀검사 통과 시 유지
SSIS-642,사진 대조 1차 교정본,421,"01:10:07,550 --> 01:10:08,450",0.9,"그럼, 자.",거짓말할 필요 없어. 직접 보여 줘.,응.,중립·혼합형,,0.05,,,25.0,90.0,50.0,78.0,75.0,0.44762,0.0,66.0,0.0,0.0,0.4695,"그럼, 오늘도 봐 주세요.",그럼 오늘도 잘 봐 줘.,,33.86,T4,구조검사 통과 시 유지,,37.96992481203007,35.59,P4,회귀검사 통과 시 유지
SSIS-642,사진 대조 1차 교정본,633,"01:39:55,530 --> 01:39:55,570",0.04,아…,으음…,응…,반응형,,0.03,,,25.0,90.0,50.0,78.0,75.0,0.21946,14.29,66.0,70.0,0.0,0.7691,"싫어, 아… 아… 아…",싫어… 아… 아…,일본어 원문 대조 + 자연스러운 한국어 대사 교정,33.85,T4,구조검사 통과 시 유지,high_cps,37.84461152882205,35.53,P4,회귀검사 통과 시 유지
SSIS-642,사진 대조 1차 교정본,151,"00:17:18,640 --> 00:17:20,720",2.08,"너, 섹스 좋아하지?","왜, 뭐야?",핥으니까 움찔움찔하던데.,반응형,,0.04,,,25.0,90.0,50.0,78.0,75.0,0.44717,0.0,66.0,0.0,0.0,0.6151,이런 거 좋아하지?,묶여 있는 거 좋아하지?,,33.84,T4,구조검사 통과 시 유지,,37.719298245614034,35.47,P4,회귀검사 통과 시 유지
SSIS-642,사진 대조 1차 교정본,335,"00:51:00,520 --> 00:51:02,080",1.56,제대로 물어.,음란한 엉덩이야.,야하게 엉덩이를 흔드는군.,반응형,,0.02,,,25.0,90.0,50.0,78.0,75.0,0.44554,0.0,66.0,0.0,0.0,0.4277,제대로 돼 있네.,제대로 가려지네.,일본어 원문 대조 + 자연스러운 한국어 대사 교정,33.77,T4,구조검사 통과 시 유지,,37.59398496240601,35.38,P4,회귀검사 통과 시 유지
SSIS-642,사진 대조 1차 교정본,103,"00:04:58,540 --> 00:04:59,420",0.88,아주 미끈미끈하군.,은근히 미끈거리네.,진단 결과는 이렇습니다.,반응형,,0.04,,,25.0,90.0,50.0,78.0,75.0,0.44475,0.0,66.0,0.0,0.0,0.1353,"잠깐만, 아주 조금만...","잠깐만, 아주 조금만…",,33.74,T4,구조검사 통과 시 유지,,37.468671679197996,35.31,P4,회귀검사 통과 시 유지
SSIS-642,사진 대조 1차 교정본,409,"01:06:18,160 --> 01:06:19,640",1.48,"좋아, 자.","음, 아직 안 와요.",여기도 흠뻑 젖게 해 줄게.,반응형,,0.04,,,25.0,90.0,50.0,78.0,75.0,0.44366,0.0,66.0,0.0,0.0,0.4706,잘 자.,조금만 천천히…,타임스탬프 사진으로 장면 불일치 확인 후 재복원,33.69,T4,구조검사 통과 시 유지,,37.34335839598997,35.22,P4,회귀검사 통과 시 유지
SSIS-642,사진 대조 1차 교정본,460,"01:15:51,690 --> 01:15:52,330",0.64,미안해.,나도 시간을 비워 두고 전화 기다리고 있었어.,"정말, 미안하다고만 하지 말고 너무 걱정시키지 마.",반말형,,0.01,,,25.0,90.0,50.0,78.0,75.0,0.36654,17.56,66.0,0.0,0.0,0.7964,아... 미안해.,아… 미안해.,,33.62,T4,구조검사 통과 시 유지,,37.21804511278196,35.13,P4,회귀검사 통과 시 유지
SSIS-642,사진 대조 1차 교정본,411,"01:06:51,030 --> 01:07:16,100",25.07,"으음, 으음…",여기도 흠뻑 젖게 해 줄게.,"그래, 이렇게.",반응형,,0.03,,,25.0,90.0,50.0,78.0,75.0,0.43893,0.0,66.0,0.0,0.0,0.6121,"으음, 으음...","으음, 으음…",,33.5,T4,구조검사 통과 시 유지,,37.092731829573935,35.01,P4,회귀검사 통과 시 유지
SSIS-642,사진 대조 1차 교정본,457,"01:15:44,170 --> 01:15:46,190",2.02,그랬지. 왜 잊은 거야?,"아, 그랬던가?",응.,반말형,,0.03,,,25.0,90.0,50.0,78.0,75.0,0.43855,0.0,66.0,0.0,0.0,0.2368,뭘 찍게 한 거야?,뭘 찍은 거야?,손상된 일본어 ASR + 타임스탬프 사진 + 앞뒤 문맥 추론,33.48,T4,구조검사 통과 시 유지,,36.96741854636591,34.94,P4,회귀검사 통과 시 유지
SSIS-642,사진 대조 1차 교정본,274,"00:44:59,570 --> 00:45:01,650",2.08,더 많이.,네 침과 섞인 그 술을 마시고 싶어. 자.,어서.,중립·혼합형,,0.03,,,25.0,90.0,50.0,78.0,75.0,0.43683,0.0,66.0,0.0,0.0,0.2247,아까부터 물어봤잖아. 이렇게나 많이...,아까부터 물어봤잖아. 이렇게나 많이…,,33.41,T4,구조검사 통과 시 유지,,36.77944862155388,34.83,P4,회귀검사 통과 시 유지
SSIS-642,사진 대조 1차 교정본,407,"01:06:11,780 --> 01:06:14,080",2.3,저쪽은 어때?,여기야?,"음, 아직 안 와요.",반응형,,0.02,,,25.0,90.0,50.0,78.0,75.0,0.43693,0.0,66.0,0.0,0.0,0.4216,어때? 맛은?,어때? 맛 평가해 줘.,일본어 원문 대조 + 자연스러운 한국어 대사 교정,33.41,T4,구조검사 통과 시 유지,,36.77944862155388,34.83,P4,회귀검사 통과 시 유지
SSIS-642,사진 대조 1차 교정본,701,"02:01:30,380 --> 02:01:34,320",3.94,기분 좋아?,그럼 더 해 줄게.,기분 좋아?,반응형,,0.02,,,25.0,90.0,50.0,78.0,75.0,0.4356,0.0,66.0,0.0,0.0,0.6111,"아, 거기... 기분 좋아?","아, 거기… 기분 좋아?",,33.36,T4,구조검사 통과 시 유지,,36.59147869674185,34.72,P4,회귀검사 통과 시 유지
SSIS-642,사진 대조 1차 교정본,14,"00:00:57,040 --> 00:00:58,140",1.1,"아뇨, 괜찮습니다.",응? 너도 할래?,"아, 그래.",반응형,,0.04,,,25.0,90.0,50.0,78.0,75.0,0.43525,0.0,66.0,0.0,0.0,0.5384,이번 저주가 괜찮습니다.,[불명],,33.34,T4,구조검사 통과 시 유지,,36.40350877192983,34.63,P4,회귀검사 통과 시 유지
SSIS-642,사진 대조 1차 교정본,192,"00:23:07,640 --> 00:23:11,400",3.76,야한 몸이군.,점점 조여 오는데?,자꾸 엉덩이를 내미는 것 같은데.,반말형,,0.04,,,25.0,90.0,50.0,78.0,75.0,0.43527,0.0,66.0,0.0,0.0,0.1907,마음에 든 모양이군.,마음에 드신 모양이군.,사진 장면 확인 및 한국어 번역투 교정,33.34,T4,구조검사 통과 시 유지,,36.40350877192983,34.63,P4,회귀검사 통과 시 유지
SSIS-642,사진 대조 1차 교정본,157,"00:17:33,960 --> 00:17:34,620",0.66,기분이 어때?,"부탁드려요, 그만해 주세요.",사실은 쉽게 느끼는 몸이라 섹스도 좋아하잖아.,반응형,,0.04,,,25.0,90.0,50.0,78.0,75.0,0.435,0.0,66.0,0.0,0.0,0.4316,어때? 맛은?,어때? 맛 평가해 줘.,일본어 원문 대조 + 자연스러운 한국어 대사 교정,33.33,T4,구조검사 통과 시 유지,,36.2155388471178,34.54,P4,회귀검사 통과 시 유지
SSIS-642,사진 대조 1차 교정본,642,"01:40:36,290 --> 01:40:37,490",1.2,더 취해 버리면…,으응…,으음…,반말형,,0.01,,,25.0,90.0,50.0,78.0,75.0,0.42916,0.0,66.0,0.0,0.0,0.5082,더 취해 버리면...,더 취해 버리면…,,33.08,T4,구조검사 통과 시 유지,,36.09022556390977,34.34,P4,회귀검사 통과 시 유지
SSIS-642,사진 대조 1차 교정본,282,"00:46:06,240 --> 00:46:06,960",0.72,"좋아, 그렇게.",더.,너도 목마르지?,반응형,,0.04,,,25.0,90.0,50.0,78.0,75.0,0.42783,0.0,66.0,0.0,0.0,0.3604,이것도 그렇게...,이것도 그렇게…,,33.03,T4,구조검사 통과 시 유지,,35.96491228070175,34.26,P4,회귀검사 통과 시 유지
SSIS-642,사진 대조 1차 교정본,408,"01:06:14,660 --> 01:06:15,540",0.88,"음, 아직 안 와요.",저쪽은 어때?,"좋아, 자.",반응형,,0.04,,,25.0,90.0,50.0,78.0,75.0,0.42771,0.0,66.0,0.0,0.0,0.2517,아직 더...,아직 더…,,33.02,T4,구조검사 통과 시 유지,,35.83959899749373,34.2,P4,회귀검사 통과 시 유지
SSIS-642,사진 대조 1차 교정본,332,"00:50:44,080 --> 00:50:48,860",4.78,"그래. 응, 응.",엉덩이를 보여 줘.,야한 속옷을 입었군.,반응형,,0.02,,,25.0,90.0,50.0,78.0,75.0,0.42697,0.0,66.0,0.0,0.0,0.6003,"아, 그래.",간다.,화면 영문 자막 대조,32.99,T4,구조검사 통과 시 유지,,35.714285714285715,34.13,P4,회귀검사 통과 시 유지
SSIS-642,사진 대조 1차 교정본,63,"00:03:42,150 --> 00:03:42,430",0.28,잘 들어.,그건 성희롱 발언입니다.,‘확 쏟아진다’는 건 비유일 뿐이야.,반응형,,0.05,,,25.0,90.0,50.0,78.0,75.0,0.42616,0.0,66.0,0.0,0.0,0.2503,잘 자.,조금만 천천히…,타임스탬프 사진으로 장면 불일치 확인 후 재복원,32.96,T4,구조검사 통과 시 유지,,35.58897243107769,34.06,P4,회귀검사 통과 시 유지
SSIS-642,사진 대조 1차 교정본,493,"01:17:40,800 --> 01:17:41,520",0.72,"으응, 응.",응.,아까부터 무슨 소리가 계속 들려서 거슬리네.,반응형,,0.0,,,25.0,90.0,50.0,78.0,75.0,0.4245,0.0,66.0,0.0,0.0,0.2333,으응...,으응…,,32.89,T4,구조검사 통과 시 유지,,35.46365914786968,33.97,P4,회귀검사 통과 시 유지
SSIS-642,사진 대조 1차 교정본,712,"02:03:36,110 --> 02:03:37,210",1.1,말하기 쉽지?,남자친구에게 전화해.,응?,반말형,,0.01,,,25.0,90.0,50.0,78.0,75.0,0.42243,0.0,66.0,0.0,0.0,0.0941,좋지?,여기 좋지?,일본어 원문 대조 + 자연스러운 한국어 대사 교정,32.8,T4,구조검사 통과 시 유지,,35.338345864661655,33.87,P4,회귀검사 통과 시 유지
SSIS-642,사진 대조 1차 교정본,629,"01:39:40,870 --> 01:39:41,370",0.5,그래.,그래.,그래.,중립·혼합형,,0.03,,,25.0,90.0,50.0,78.0,75.0,0.25479,25.12,66.0,0.0,30.0,0.8594,"아, 그래.",간다.,화면 영문 자막 대조,32.68,T4,구조검사 통과 시 유지,triple_identical_run,35.21303258145363,33.74,P4,회귀검사 통과 시 유지
SSIS-642,사진 대조 1차 교정본,145,"00:16:23,670 --> 00:16:24,850",1.18,최고야.,귀여운 클리토리스네.,뭐 하시는 거예요?,반말형,,0.03,,,25.0,90.0,50.0,78.0,75.0,0.41884,0.0,66.0,0.0,0.0,0.5794,그거 최고야...,그거 최고야…,,32.65,T4,구조검사 통과 시 유지,,35.0250626566416,33.65,P4,회귀검사 통과 시 유지
SSIS-642,사진 대조 1차 교정본,163,"00:17:46,300 --> 00:17:46,400",0.1,그만…,안 돼요.,싫어요.,중립·혼합형,,0.0,,,25.0,90.0,50.0,78.0,75.0,0.25223,0.0,66.0,70.0,0.0,0.2118,잠깐만…,나만 벗는 거야?,일본어 원문 + 타임스탬프 사진 + 장면 연속성,32.65,T4,구조검사 통과 시 유지,high_cps,35.0250626566416,33.65,P4,회귀검사 통과 시 유지
SSIS-642,사진 대조 1차 교정본,283,"00:46:09,180 --> 00:46:10,560",1.38,너도 목마르지?,"좋아, 그렇게.",자.,반말형,,0.02,,,25.0,90.0,50.0,78.0,75.0,0.41799,0.0,66.0,0.0,0.0,0.2017,너도 기분 좋지!,너도 좋지?,대화체 자연화,32.62,T4,구조검사 통과 시 유지,,34.83709273182957,33.55,P4,회귀검사 통과 시 유지
SSIS-642,사진 대조 1차 교정본,704,"02:01:40,920 --> 02:01:44,480",3.56,기분 좋아?,기분 좋아?,그대로 올라타.,반응형,,0.02,,,25.0,90.0,50.0,78.0,75.0,0.41764,0.0,66.0,0.0,0.0,0.6111,"아, 거기... 기분 좋아?","아, 거기… 기분 좋아?",,32.6,T4,구조검사 통과 시 유지,,34.711779448621556,33.49,P4,회귀검사 통과 시 유지
SSIS-642,사진 대조 1차 교정본,301,"00:47:18,620 --> 00:47:23,820",5.2,아주 팽팽해졌어.,침이 달라붙는군.,응.,반응형,,0.02,,,25.0,90.0,50.0,78.0,75.0,0.41747,0.0,66.0,0.0,0.0,0.2724,제법 익숙해졌어.,이제 꽤 익숙해졌지.,,32.59,T4,구조검사 통과 시 유지,,34.58646616541353,33.43,P4,회귀검사 통과 시 유지
SSIS-642,사진 대조 1차 교정본,169,"00:18:23,840 --> 00:18:23,920",0.08,제발…,안 돼요.,그만하세요.,중립·혼합형,,0.04,,,25.0,90.0,50.0,78.0,75.0,0.25039,0.0,66.0,70.0,0.0,0.2089,제발...,제발…,,32.58,T4,구조검사 통과 시 유지,high_cps,34.3984962406015,33.34,P4,회귀검사 통과 시 유지
SSIS-642,사진 대조 1차 교정본,375,"00:58:01,760 --> 00:58:02,120",0.36,잔뜩이네.,윽.,이렇게 하고.,반말형,,0.04,,,25.0,90.0,50.0,78.0,75.0,0.41723,0.0,66.0,0.0,0.0,0.1926,끝이네.,다 했어?,일본어 원문 대조 + 자연스러운 한국어 대사 교정,32.58,T4,구조검사 통과 시 유지,,34.3984962406015,33.34,P4,회귀검사 통과 시 유지
SSIS-642,사진 대조 1차 교정본,479,"01:16:50,240 --> 01:16:50,920",0.68,"뭐, 뭐야?","아, 여보세요.",조금 너무 취했나 봐.,반말형,,0.04,,,25.0,90.0,50.0,78.0,75.0,0.38235,0.0,66.0,0.0,18.0,0.5706,"아, 아... 뭐야?","아, 아… 뭐야?",,32.56,T4,구조검사 통과 시 유지,formality_shift,34.21052631578947,33.25,P4,회귀검사 통과 시 유지
SSIS-642,사진 대조 1차 교정본,726,"02:06:22,190 --> 02:06:23,150",0.96,갈 것 같아?,응?,응?,반응형,,0.01,,,25.0,90.0,50.0,78.0,75.0,0.41544,0.0,66.0,0.0,0.0,0.6406,싸버릴 것 같아?,싸 버릴 것 같아?,,32.51,T4,구조검사 통과 시 유지,,34.08521303258145,33.17,P4,회귀검사 통과 시 유지
SSIS-642,사진 대조 1차 교정본,101,"00:04:55,800 --> 00:04:57,080",1.28,"더, 더, 더.",좋네요.,은근히 미끈거리네.,중립·혼합형,,0.0,,,25.0,90.0,50.0,78.0,75.0,0.35063,15.06,66.0,0.0,0.0,0.7755,"더, 더, 더...","더, 더, 더…",,32.5,T4,구조검사 통과 시 유지,,33.959899749373434,33.11,P4,회귀검사 통과 시 유지
SSIS-642,사진 대조 1차 교정본,5,"00:00:30,280 --> 00:00:32,520",2.24,그거 반씩 나눌까?,"네, 우선 실례하겠습니다.","아뇨, 괜찮습니다.",중립·혼합형,,0.02,,,25.0,90.0,50.0,78.0,75.0,0.41493,0.0,66.0,0.0,0.0,0.2175,그거 맛있어...,그거 맛있어…,,32.49,T4,구조검사 통과 시 유지,,33.83458646616541,33.05,P4,회귀검사 통과 시 유지
SSIS-642,사진 대조 1차 교정본,454,"01:15:35,010 --> 01:15:35,870",0.86,응? 왜?,걱정했잖아.,호텔에 도착하면 전화한다고 했잖아.,반응형,,0.01,,,25.0,90.0,50.0,78.0,75.0,0.41248,0.0,66.0,0.0,0.0,0.2616,괜찮으려나? 왜? 잘 닦이고 있나?,괜찮으려나? 왜? 잘 닦이고 있어?,일본어 원문 대조 + 자연스러운 한국어 대사 교정,32.38,T4,구조검사 통과 시 유지,,33.709273182957396,32.94,P4,회귀검사 통과 시 유지
SSIS-642,사진 대조 1차 교정본,456,"01:15:42,410 --> 01:15:43,530",1.12,"아, 그랬던가?",호텔에 도착하면 전화한다고 했잖아.,그랬지. 왜 잊은 거야?,반응형,,0.01,,,25.0,90.0,50.0,78.0,75.0,0.4065,0.0,66.0,0.0,0.0,0.2958,"아, 아, 아, 아, 아, 아, 아,","아, 아, 아, 아, 아, 아, 아",,32.13,T4,구조검사 통과 시 유지,,33.583959899749374,32.74,P4,회귀검사 통과 시 유지
SSIS-642,사진 대조 1차 교정본,160,"00:17:44,320 --> 00:17:44,460",0.14,뭐라고요?,네?,이런 건 어때?,중립·혼합형,,0.02,,,25.0,90.0,50.0,78.0,75.0,0.23962,0.0,66.0,70.0,0.0,0.312,뭐라고 하는 거야?,뭐라고 말해야 해?,일본어 원문 대조 + 자연스러운 한국어 대사 교정,32.12,T4,구조검사 통과 시 유지,high_cps,33.45864661654135,32.68,P4,회귀검사 통과 시 유지
SSIS-642,사진 대조 1차 교정본,512,"01:18:17,180 --> 01:18:18,060",0.88,정말?,응.,응.,중립·혼합형,,0.02,,,25.0,90.0,50.0,78.0,75.0,0.22059,42.0,66.0,0.0,0.0,1.0,정말?,응.,일본어 원문 + 타임스탬프 사진 + 장면 연속성,31.88,T4,구조검사 통과 시 유지,,33.33333333333333,32.49,P4,회귀검사 통과 시 유지
SSIS-642,사진 대조 1차 교정본,703,"02:01:37,560 --> 02:01:37,920",0.36,기분 좋아?,기분 좋아?,기분 좋아?,반응형,,0.04,,,25.0,90.0,50.0,78.0,75.0,0.34295,0.0,66.0,0.0,30.0,0.6111,"아, 거기... 기분 좋아?","아, 거기… 기분 좋아?",,31.86,T4,구조검사 통과 시 유지,triple_identical_run,33.20802005012531,32.43,P4,회귀검사 통과 시 유지
SSIS-642,사진 대조 1차 교정본,218,"00:26:47,660 --> 00:26:48,160",0.5,대단한데.,아주 예쁜 표정이야.,뭘 그래. 더 시켜서 더 야한 표정을 보자고.,중립·혼합형,,0.04,,,25.0,90.0,50.0,78.0,75.0,0.39825,0.0,66.0,0.0,0.0,0.1829,좀 위험한데. 나 발기했어.,좀 위험한데. 나 완전히 섰어.,,31.79,T4,구조검사 통과 시 유지,,33.02005012531328,32.31,P4,회귀검사 통과 시 유지
SSIS-642,사진 대조 1차 교정본,414,"01:07:51,510 --> 01:07:54,010",2.5,말해 봐!,어떻게 해 주면 좋겠어?,"자, 입 벌려.",반말형,,0.01,,,25.0,90.0,50.0,78.0,75.0,0.39826,0.0,66.0,0.0,0.0,0.3099,카메라 보고 말해 봐.,카메라 보고 얘기해 봐.,일본어 원문 대조 + 자연스러운 한국어 대사 교정,31.79,T4,구조검사 통과 시 유지,,33.02005012531328,32.31,P4,회귀검사 통과 시 유지
SSIS-642,사진 대조 1차 교정본,564,"01:22:07,810 --> 01:22:08,410",0.6,그렇지.,움직여 주세요.,잠깐만요.,반말형,,0.01,,,25.0,90.0,50.0,78.0,75.0,0.36215,0.0,66.0,0.0,18.0,0.2288,전부 다 그러면 큰일이지. 그렇지 않아.,다 그러면 큰일 나죠. 저는 안 가요.,사진 장면 확인 및 한국어 번역투·ASR 오역 교정,31.71,T4,구조검사 통과 시 유지,formality_shift,32.769423558897245,32.15,P4,회귀검사 통과 시 유지
SSIS-642,사진 대조 1차 교정본,702,"02:01:36,120 --> 02:01:36,560",0.44,기분 좋아?,기분 좋아?,기분 좋아?,반응형,,0.02,,,25.0,90.0,50.0,78.0,75.0,0.33932,0.0,66.0,0.0,30.0,0.6111,"아, 거기... 기분 좋아?","아, 거기… 기분 좋아?",,31.71,T4,구조검사 통과 시 유지,triple_identical_run,32.769423558897245,32.15,P4,회귀검사 통과 시 유지
SSIS-642,사진 대조 1차 교정본,42,"00:02:52,670 --> 00:02:53,710",1.04,"아, 카에데 군.",낮부터 마시는 술은 맛있지.,네.,반응형,,0.03,,,25.0,90.0,50.0,78.0,75.0,0.3927,0.0,66.0,0.0,0.0,0.4317,카에데 후와 씨라는…,카에데 후우아 씨라는 분입니다.,출연자 이름 오인식 교정,31.55,T4,구조검사 통과 시 유지,,32.581453634085214,31.98,P4,회귀검사 통과 시 유지
SSIS-642,사진 대조 1차 교정본,474,"01:16:37,270 --> 01:16:38,710",1.44,"응, 조심할게.",응?,한 잔뿐이야.,반응형,,0.03,,,25.0,90.0,50.0,78.0,75.0,0.39062,0.0,66.0,0.0,0.0,0.2415,이제 안 할게.,이제 안 애태울게.,,31.47,T4,구조검사 통과 시 유지,,32.45614035087719,31.88,P4,회귀검사 통과 시 유지
SSIS-642,사진 대조 1차 교정본,627,"01:39:34,040 --> 01:39:35,420",1.38,이런 식으로.,이제 가득 찼어.,그래.,반응형,,0.04,,,25.0,90.0,50.0,78.0,75.0,0.36033,6.65,66.0,0.0,0.0,0.7054,이런 식으로...,이런 식으로…,,31.39,T4,구조검사 통과 시 유지,,32.33082706766917,31.79,P4,회귀검사 통과 시 유지
SSIS-642,사진 대조 1차 교정본,325,"00:49:22,540 --> 00:49:23,300",0.76,"자, 삼켜.","그래, 좋아.",빨아. 어서.,중립·혼합형,,0.04,,,25.0,90.0,50.0,78.0,75.0,0.38795,0.0,66.0,0.0,0.0,0.2088,"자, 아~.","자, 아…",,31.35,T4,구조검사 통과 시 유지,,32.205513784461154,31.71,P4,회귀검사 통과 시 유지
SSIS-642,사진 대조 1차 교정본,452,"01:15:28,050 --> 01:15:30,050",2.0,다행이다. 연결됐네.,전화해 준 거야?,걱정했잖아.,반말형,,0.05,,,25.0,90.0,50.0,78.0,75.0,0.38636,0.0,66.0,0.0,0.0,0.3919,다행이다!,환영해!,사진 장면 확인 및 한국어 번역투·ASR 오역 교정,31.29,T4,구조검사 통과 시 유지,,32.08020050125313,31.62,P4,회귀검사 통과 시 유지
SSIS-642,사진 대조 1차 교정본,320,"00:48:58,260 --> 00:48:58,900",0.64,더 깊이.,"그래, 그렇게.",응.,중립·혼합형,,0.04,,,25.0,90.0,50.0,78.0,75.0,0.38576,0.0,66.0,0.0,0.0,0.1829,아이.,아…,,31.26,T4,구조검사 통과 시 유지,,31.954887218045116,31.55,P4,회귀검사 통과 시 유지
SSIS-642,사진 대조 1차 교정본,19,"00:01:09,920 --> 00:01:11,920",2.0,응. 싫다.,다음 주에 출장 간다며?,왜?,반응형,,0.02,,,25.0,90.0,50.0,78.0,75.0,0.38327,0.0,66.0,0.0,0.0,0.2031,"하-, 응.",하아… 응.,,31.16,T4,구조검사 통과 시 유지,,31.82957393483709,31.44,P4,회귀검사 통과 시 유지
SSIS-642,사진 대조 1차 교정본,34,"00:01:54,620 --> 00:01:56,420",1.8,직장인의 비애지.,"아, 출장 가기 우울하다.",그건 그렇고 오늘 같이 퇴근하자.,반말형,,0.02,,,25.0,90.0,50.0,78.0,75.0,0.38217,0.0,66.0,0.0,0.0,0.0612,잘 거지.,갈 수 있어.,사진 장면 확인 및 한국어 번역투·ASR 오역 교정,31.11,T4,구조검사 통과 시 유지,,31.704260651629074,31.36,P4,회귀검사 통과 시 유지
SSIS-642,사진 대조 1차 교정본,537,"01:19:21,950 --> 01:19:22,470",0.52,순조롭다고?,출장은 순조로워.,응.,중립·혼합형,,0.05,,,25.0,90.0,50.0,78.0,75.0,0.37856,0.0,66.0,0.0,0.0,0.1784,어? 벗기고 싶다고? 응.,해 줬으면 좋겠어? 응.,손상된 일본어 ASR + 타임스탬프 사진 + 앞뒤 문맥 추론,30.96,T4,구조검사 통과 시 유지,,31.57894736842105,31.22,P4,회귀검사 통과 시 유지
SSIS-642,사진 대조 1차 교정본,419,"01:09:48,070 --> 01:09:49,250",1.18,뭘 하는데?,아무것도 안 해요.,거짓말할 필요 없어. 직접 보여 줘.,중립·혼합형,,0.03,,,25.0,90.0,50.0,78.0,75.0,0.37727,0.0,66.0,0.0,0.0,0.2009,뭘 찍게 한 거야?,뭘 찍은 거야?,손상된 일본어 ASR + 타임스탬프 사진 + 앞뒤 문맥 추론,30.91,T4,구조검사 통과 시 유지,,31.453634085213032,31.14,P4,회귀검사 통과 시 유지
SSIS-642,사진 대조 1차 교정본,314,"00:48:30,010 --> 00:48:30,530",0.52,자.,이쪽을 보면서 해.,응.,중립·혼합형,,0.01,,,25.0,90.0,50.0,78.0,75.0,0.28691,20.54,66.0,0.0,0.0,0.8212,잘 자.,조금만 천천히…,타임스탬프 사진으로 장면 불일치 확인 후 재복원,30.81,T4,구조검사 통과 시 유지,,31.32832080200501,31.03,P4,회귀검사 통과 시 유지
SSIS-642,사진 대조 1차 교정본,93,"00:04:44,770 --> 00:04:45,410",0.64,아 하고.,"그래, 위아래로 움직여.",음.,반응형,,0.03,,,25.0,90.0,50.0,78.0,75.0,0.37401,0.0,66.0,0.0,0.0,0.6012,금방 하아 하고.,금방 숨이 가빠지네.,,30.77,T4,구조검사 통과 시 유지,,31.140350877192986,30.93,P4,회귀검사 통과 시 유지
SSIS-642,사진 대조 1차 교정본,630,"01:39:42,970 --> 01:39:43,850",0.88,그래.,그래.,으음…,중립·혼합형,,0.03,,,25.0,90.0,50.0,78.0,75.0,0.26633,25.12,66.0,0.0,0.0,0.8594,"아, 그래.",간다.,화면 영문 자막 대조,30.77,T4,구조검사 통과 시 유지,,31.140350877192986,30.93,P4,회귀검사 통과 시 유지
SSIS-642,사진 대조 1차 교정본,520,"01:18:32,220 --> 01:18:33,080",0.86,맞아.,무리해서 몸을 망치면 안 되잖아.,응.,반응형,,0.02,,,25.0,90.0,50.0,78.0,75.0,0.37292,0.0,66.0,0.0,0.0,0.1637,몸을 생각하면 제대로 하는 게 맞아요.,몸에 무리가 가지 않게 제대로 해야 해요.,,30.72,T4,구조검사 통과 시 유지,,30.952380952380953,30.82,P4,회귀검사 통과 시 유지
SSIS-642,사진 대조 1차 교정본,442,"01:14:03,840 --> 01:14:04,160",0.32,이봐.,그럼 해 봐.,이쪽이야.,중립·혼합형,,0.04,,,25.0,90.0,50.0,78.0,75.0,0.37146,0.0,66.0,0.0,0.0,0.0924,엉덩이 좀 봐.,이 유카타 진짜 귀엽네.,일본어 원문 + 타임스탬프 사진 + 장면 연속성,30.66,T4,구조검사 통과 시 유지,,30.82706766917293,30.73,P4,회귀검사 통과 시 유지
SSIS-642,사진 대조 1차 교정본,475,"01:16:38,710 --> 01:16:40,150",1.44,한 잔뿐이야.,"응, 조심할게.",아…,반말형,,0.01,,,25.0,90.0,50.0,78.0,75.0,0.3694,0.0,66.0,0.0,0.0,0.1646,유두 말이야.,젖꼭지 말이야.,,30.57,T4,구조검사 통과 시 유지,,30.701754385964914,30.63,P4,회귀검사 통과 시 유지
SSIS-642,사진 대조 1차 교정본,623,"01:39:29,420 --> 01:39:30,300",0.88,그래.,더 세게 해서 안쪽까지 전부 쏟아 줘요.,그렇지.,중립·혼합형,,0.02,,,25.0,90.0,50.0,78.0,75.0,0.26053,25.12,66.0,0.0,0.0,0.8594,"아, 그래.",간다.,화면 영문 자막 대조,30.52,T4,구조검사 통과 시 유지,,30.576441102756892,30.54,P4,회귀검사 통과 시 유지
SSIS-642,사진 대조 1차 교정본,210,"00:25:16,410 --> 00:25:17,730",1.32,"그래, 그렇게.",으으…,좀 더 제대로 입을 움직여.,중립·혼합형,,0.01,,,25.0,90.0,50.0,78.0,75.0,0.36619,0.0,66.0,0.0,0.0,0.3695,이것도 그렇게...,이것도 그렇게…,,30.44,T4,구조검사 통과 시 유지,,30.451127819548873,30.44,P4,회귀검사 통과 시 유지
SSIS-642,사진 대조 1차 교정본,215,"00:25:49,170 --> 00:25:49,430",0.26,아…,아…,정말 예쁜 얼굴을 하고 있네.,반응형,,0.03,,,25.0,90.0,50.0,78.0,75.0,0.30464,14.29,66.0,0.0,0.0,0.7691,"싫어, 아… 아… 아…",싫어… 아… 아…,일본어 원문 대조 + 자연스러운 한국어 대사 교정,30.43,T4,구조검사 통과 시 유지,,30.32581453634085,30.39,P4,회귀검사 통과 시 유지
SSIS-642,사진 대조 1차 교정본,279,"00:45:52,310 --> 00:45:53,270",0.96,자.,아주 끈적끈적해.,어서.,중립·혼합형,,0.01,,,25.0,90.0,50.0,78.0,75.0,0.27552,20.54,66.0,0.0,0.0,0.8212,잘 자.,조금만 천천히…,타임스탬프 사진으로 장면 불일치 확인 후 재복원,30.33,T4,구조검사 통과 시 유지,,30.200501253132835,30.28,P4,회귀검사 통과 시 유지
SSIS-642,사진 대조 1차 교정본,497,"01:17:51,220 --> 01:17:52,160",0.94,혼자라고 했지?,지금 혼자 있는 거지?,응.,반말형,,0.02,,,25.0,90.0,50.0,78.0,75.0,0.36265,0.0,66.0,0.0,0.0,0.104,달라고 했잖아.,씻어 달라고 했잖아.,타임스탬프 사진과 앞뒤 장면으로 대사 기능 복원,30.29,T4,구조검사 통과 시 유지,,30.075187969924812,30.2,P4,회귀검사 통과 시 유지
SSIS-642,사진 대조 1차 교정본,291,"00:46:36,020 --> 00:46:36,380",0.36,그래.,내 자지를 침범벅으로 만들어.,그렇지.,중립·혼합형,,0.02,,,25.0,90.0,50.0,78.0,75.0,0.25474,25.12,66.0,0.0,0.0,0.8594,"아, 그래.",간다.,화면 영문 자막 대조,30.28,T4,구조검사 통과 시 유지,,29.887218045112785,30.12,P4,회귀검사 통과 시 유지
SSIS-642,사진 대조 1차 교정본,504,"01:18:02,860 --> 01:18:03,700",0.84,그런가?,그런 소리가 날 리 없잖아?,응.,중립·혼합형,,0.04,,,25.0,90.0,50.0,78.0,75.0,0.36242,0.0,66.0,0.0,0.0,0.1915,"그래도 행동력이 있잖아. 아, 그런가요.","그래도 직접 지원할 만큼 행동력이 있잖아. 아, 그런가요.",화자 분리 및 문장 자연화,30.28,T4,구조검사 통과 시 유지,,29.887218045112785,30.12,P4,회귀검사 통과 시 유지
SSIS-642,사진 대조 1차 교정본,406,"01:05:42,260 --> 01:05:43,780",1.52,여기야?,다리를 벌려 주세요.,저쪽은 어때?,반말형,,0.04,,,25.0,90.0,50.0,78.0,75.0,0.32715,0.0,66.0,0.0,18.0,0.1234,여기...,여기…,,30.24,T4,구조검사 통과 시 유지,formality_shift,29.69924812030075,30.01,P4,회귀검사 통과 시 유지
SSIS-642,사진 대조 1차 교정본,240,"00:32:34,090 --> 00:32:34,530",0.44,으음…,잠깐…,엉덩이에 힘을 줘 봐.,반응형,,0.01,,,25.0,90.0,50.0,78.0,75.0,0.36086,0.0,66.0,0.0,0.0,0.2653,"으음, 으음...","으음, 으음…",,30.22,T4,구조검사 통과 시 유지,,29.57393483709273,29.95,P4,회귀검사 통과 시 유지
SSIS-642,사진 대조 1차 교정본,796,"02:26:57,620 --> 02:26:58,540",0.92,그랬던가?,젠장.,젠장.,중립·혼합형,,0.02,,,25.0,90.0,50.0,78.0,75.0,0.35718,0.0,66.0,0.0,0.0,0.1171,어디로 가?,여기?,일본어 원문 대조 + 자연스러운 한국어 대사 교정,30.06,T4,구조검사 통과 시 유지,,29.448621553884713,29.8,P4,회귀검사 통과 시 유지
SSIS-642,사진 대조 1차 교정본,530,"01:18:58,570 --> 01:18:59,370",0.8,스트레칭?,스트레칭.,스트레칭이라고?,중립·혼합형,,0.03,,,25.0,90.0,50.0,78.0,75.0,0.35668,0.0,66.0,0.0,0.0,0.0486,트레이너.,치약도 있어.,타임스탬프 사진과 앞뒤 장면으로 대사 기능 복원,30.04,T4,구조검사 통과 시 유지,,29.32330827067669,29.74,P4,회귀검사 통과 시 유지
SSIS-642,사진 대조 1차 교정본,761,"02:14:05,280 --> 02:14:06,440",1.16,더 제대로.,"더 움직여. 자, 해 봐.","아, 기분 좋아 보이네.",중립·혼합형,,0.02,,,25.0,90.0,50.0,78.0,75.0,0.35542,0.0,66.0,0.0,0.0,0.2733,제대로 돼 있네.,제대로 가려지네.,일본어 원문 대조 + 자연스러운 한국어 대사 교정,29.99,T4,구조검사 통과 시 유지,,29.19799498746867,29.66,P4,회귀검사 통과 시 유지
SSIS-642,사진 대조 1차 교정본,307,"00:47:50,760 --> 00:47:51,760",1.0,자.,입도 잘 쓰는군.,어서.,중립·혼합형,,0.04,,,25.0,90.0,50.0,78.0,75.0,0.26711,20.54,66.0,0.0,0.0,0.8212,잘 자.,조금만 천천히…,타임스탬프 사진으로 장면 불일치 확인 후 재복원,29.98,T4,구조검사 통과 시 유지,,29.07268170426065,29.6,P4,회귀검사 통과 시 유지
SSIS-642,사진 대조 1차 교정본,246,"00:34:27,750 --> 00:34:28,230",0.48,괜찮습니다.,몸이 자꾸 반응해서 멈출 수가 없군.,이제 본격적으로 시작해 볼까…,존댓말형,,0.05,,,25.0,90.0,50.0,78.0,75.0,0.27228,3.74,66.0,0.0,35.0,0.6812,이번 저주가 괜찮습니다.,[불명],,29.97,T4,구조검사 통과 시 유지,formality_jump,28.947368421052634,29.54,P4,회귀검사 통과 시 유지
SSIS-642,사진 대조 1차 교정본,673,"01:54:46,550 --> 01:54:47,110",0.56,아…,침으로 잔뜩 적셔. 더 흠뻑.,자지 만지면서 허벅지도 핥아.,반응형,,0.05,,,25.0,90.0,50.0,78.0,75.0,0.29091,14.29,66.0,0.0,0.0,0.7691,"싫어, 아… 아… 아…",싫어… 아… 아…,일본어 원문 대조 + 자연스러운 한국어 대사 교정,29.85,T4,구조검사 통과 시 유지,,28.82205513784461,29.42,P4,회귀검사 통과 시 유지
SSIS-642,사진 대조 1차 교정본,289,"00:46:29,560 --> 00:46:30,420",0.86,제대로 해.,응?,내 자지를 침범벅으로 만들어.,반말형,,0.04,,,25.0,90.0,50.0,78.0,75.0,0.35132,0.0,66.0,0.0,0.0,0.5331,제대로 돼 있네.,제대로 가려지네.,일본어 원문 대조 + 자연스러운 한국어 대사 교정,29.82,T4,구조검사 통과 시 유지,,28.696741854636592,29.35,P4,회귀검사 통과 시 유지
SSIS-642,사진 대조 1차 교정본,162,"00:17:45,500 --> 00:17:45,780",0.28,안 돼요.,이런 건 어때?,그만…,중립·혼합형,,0.0,,,25.0,90.0,50.0,78.0,75.0,0.3513,0.0,66.0,0.0,0.0,0.6448,"아, 유두는 안 돼요.","아, 젖꼭지는 안 돼요.",,29.81,T4,구조검사 통과 시 유지,,28.57142857142857,29.29,P4,회귀검사 통과 시 유지
SSIS-642,사진 대조 1차 교정본,166,"00:18:15,220 --> 00:18:15,500",0.28,그만해요.,이렇게 아름다운 몸을 보면 침이 나온단 말이야.,싫어요.,반말형,,0.02,,,25.0,90.0,50.0,78.0,75.0,0.29112,0.0,66.0,25.0,0.0,0.2751,그만해...,그만해…,,29.79,T4,구조검사 통과 시 유지,borderline_cps,28.446115288220554,29.23,P4,회귀검사 통과 시 유지
SSIS-642,사진 대조 1차 교정본,161,"00:17:44,460 --> 00:17:45,000",0.54,이런 건 어때?,뭐라고요?,안 돼요.,반응형,,0.04,,,25.0,90.0,50.0,78.0,75.0,0.35002,0.0,66.0,0.0,0.0,0.4891,어때? 맛은?,어때? 맛 평가해 줘.,일본어 원문 대조 + 자연스러운 한국어 대사 교정,29.76,T4,구조검사 통과 시 유지,,28.32080200501253,29.16,P4,회귀검사 통과 시 유지
SSIS-642,사진 대조 1차 교정본,75,"00:04:03,450 --> 00:04:04,050",0.6,"그래, 침.",침이요?,"자, 입 벌려 봐.",중립·혼합형,,0.05,,,25.0,90.0,50.0,78.0,75.0,0.34931,0.0,66.0,0.0,0.0,0.3106,"너도 기분 좋지? 안 그래, 사야.","너도 좋지? 그렇지, 사야?",대화체 자연화,29.73,T4,구조검사 통과 시 유지,,28.195488721804512,29.09,P4,회귀검사 통과 시 유지
SSIS-642,사진 대조 1차 교정본,526,"01:18:45,830 --> 01:18:48,430",2.6,으응.,응.,일 열심히 할게.,반응형,,0.03,,,25.0,90.0,50.0,78.0,75.0,0.34761,0.0,66.0,0.0,0.0,0.4977,으응...,으응…,,29.66,T4,구조검사 통과 시 유지,,28.07017543859649,28.99,P4,회귀검사 통과 시 유지
SSIS-642,사진 대조 1차 교정본,280,"00:45:53,430 --> 00:46:00,850",7.42,어서.,자.,더.,반응형,,0.03,,,25.0,90.0,50.0,78.0,75.0,0.347,0.0,66.0,0.0,0.0,0.2143,"네, 한 번 하나가 되면 더는 참을 수 없어서.",한 번 가 버리면 더는 못 참겠어요.,사진 장면 확인 및 한국어 번역투·ASR 오역 교정,29.63,T4,구조검사 통과 시 유지,,27.94486215538847,28.92,P4,회귀검사 통과 시 유지
SSIS-642,사진 대조 1차 교정본,626,"01:39:31,900 --> 01:39:32,380",0.48,이제 가득 찼어.,좋아.,이런 식으로.,반응형,,0.0,,,25.0,90.0,50.0,78.0,75.0,0.34637,0.0,66.0,0.0,0.0,0.1977,"이야-, 가득 나와버렸네....","이야-, 가득 나와 버렸네…",,29.61,T4,구조검사 통과 시 유지,,27.819548872180448,28.86,P4,회귀검사 통과 시 유지
SSIS-642,사진 대조 1차 교정본,275,"00:45:05,450 --> 00:45:06,050",0.6,어서.,더 많이.,미인의 침은 맛있군.,반응형,,0.05,,,25.0,90.0,50.0,78.0,75.0,0.34564,0.0,66.0,0.0,0.0,0.2143,"네, 한 번 하나가 되면 더는 참을 수 없어서.",한 번 가 버리면 더는 못 참겠어요.,사진 장면 확인 및 한국어 번역투·ASR 오역 교정,29.58,T4,구조검사 통과 시 유지,,27.694235588972433,28.79,P4,회귀검사 통과 시 유지
SSIS-642,사진 대조 1차 교정본,50,"00:03:10,330 --> 00:03:11,470",1.14,"아, 카에데 군.","하하하, 그렇지. 잘 아는군.",내가 왜 끈적한 음식을 좋아하는지 알아?,반응형,,0.03,,,25.0,90.0,50.0,78.0,75.0,0.34297,0.0,66.0,0.0,0.0,0.4317,카에데 후와 씨라는…,카에데 후우아 씨라는 분입니다.,출연자 이름 오인식 교정,29.46,T4,구조검사 통과 시 유지,,27.56892230576441,28.67,P4,회귀검사 통과 시 유지
SSIS-642,사진 대조 1차 교정본,293,"00:46:41,600 --> 00:46:41,620",0.02,응.,그렇지.,더.,반응형,,0.0,,,25.0,90.0,50.0,78.0,75.0,0.17601,0.0,66.0,70.0,0.0,0.4423,"하-, 응.",하아… 응.,,29.45,T4,구조검사 통과 시 유지,high_cps,27.44360902255639,28.61,P4,회귀검사 통과 시 유지
SSIS-642,사진 대조 1차 교정본,775,"02:17:56,080 --> 02:17:56,580",0.5,그래?,아직 충분히 남았어요.,왜?,중립·혼합형,,0.02,,,25.0,90.0,50.0,78.0,75.0,0.34197,0.0,66.0,0.0,0.0,0.5972,"음-, 왜 그래?",음… 왜 그래?,,29.42,T4,구조검사 통과 시 유지,,27.31829573934837,28.54,P4,회귀검사 통과 시 유지
SSIS-642,사진 대조 1차 교정본,150,"00:17:15,740 --> 00:17:17,660",1.92,"왜, 뭐야?",네?,"너, 섹스 좋아하지?",반말형,,0.04,,,25.0,90.0,50.0,78.0,75.0,0.34132,0.0,66.0,0.0,0.0,0.5338,"아, 아... 뭐야?","아, 아… 뭐야?",,29.4,T4,구조검사 통과 시 유지,,27.192982456140353,28.47,P4,회귀검사 통과 시 유지
SSIS-642,사진 대조 1차 교정본,164,"00:17:59,060 --> 00:17:59,340",0.28,싫어요.,그만…,이렇게 아름다운 몸을 보면 침이 나온단 말이야.,반응형,,0.04,,,25.0,90.0,50.0,78.0,75.0,0.34088,0.0,66.0,0.0,0.0,0.2182,싫어...,싫어…,,29.38,T4,구조검사 통과 시 유지,,27.00501253132832,28.38,P4,회귀검사 통과 시 유지
SSIS-642,사진 대조 1차 교정본,719,"02:04:34,920 --> 02:04:36,360",1.44,그래…,엉덩이를 더 내밀어…,그 자세로…,중립·혼합형,,0.02,,,25.0,90.0,50.0,78.0,75.0,0.34102,0.0,66.0,0.0,0.0,0.1366,"아, 그래.",간다.,화면 영문 자막 대조,29.38,T4,구조검사 통과 시 유지,,27.00501253132832,28.38,P4,회귀검사 통과 시 유지
SSIS-642,사진 대조 1차 교정본,45,"00:03:00,330 --> 00:03:00,530",0.2,네.,마나 오크라 같은 끈적끈적한 요리가 있으면 좀 주문해 둬.,부장님.,반말형,,0.03,,,25.0,90.0,50.0,78.0,75.0,0.30652,7.77,66.0,0.0,0.0,0.7147,"네, 네.",네.,불필요한 반복 제거,29.33,T4,구조검사 통과 시 유지,,26.81704260651629,28.27,P4,회귀검사 통과 시 유지
SSIS-642,사진 대조 1차 교정본,540,"01:19:26,930 --> 01:19:27,650",0.72,응…,뭔가 잘못해서 혼나거나 하진 않았어?,뭔가 있었던 거야?,반응형,,0.03,,,25.0,90.0,50.0,78.0,75.0,0.33948,0.0,66.0,0.0,0.0,0.3293,응… [안전상 번역 불가]…,응… [불명]…,,29.32,T4,구조검사 통과 시 유지,,26.691729323308273,28.22,P4,회귀검사 통과 시 유지
SSIS-642,사진 대조 1차 교정본,447,"01:15:14,480 --> 01:15:14,860",0.38,자.,네 남자친구 아니야?,네 남자친구한테 전화 왔어.,중립·혼합형,,0.02,,,25.0,90.0,50.0,78.0,75.0,0.25132,20.54,66.0,0.0,0.0,0.8212,잘 자.,조금만 천천히…,타임스탬프 사진으로 장면 불일치 확인 후 재복원,29.31,T4,구조검사 통과 시 유지,,26.56641604010025,28.16,P4,회귀검사 통과 시 유지
SSIS-642,사진 대조 1차 교정본,444,"01:14:16,430 --> 01:14:16,910",0.48,앉아.,이쪽이야.,팬티를 내려.,반응형,,0.03,,,25.0,90.0,50.0,78.0,75.0,0.33851,0.0,66.0,0.0,0.0,0.1668,평소처럼 앉아서 움직여 줘.,평소처럼 앉아서 움직여 봐.,일본어 원문 대조 + 자연스러운 한국어 대사 교정,29.28,T4,구조검사 통과 시 유지,,26.44110275689223,28.09,P4,회귀검사 통과 시 유지
SSIS-642,사진 대조 1차 교정본,351,"00:54:56,940 --> 00:54:57,720",0.78,그래.,아앙… 으응…,그렇지.,중립·혼합형,,0.04,,,25.0,90.0,50.0,78.0,75.0,0.22804,25.12,66.0,0.0,0.0,0.8594,"아, 그래.",간다.,화면 영문 자막 대조,29.16,T4,구조검사 통과 시 유지,,26.31578947368421,27.97,P4,회귀검사 통과 시 유지
SSIS-642,사진 대조 1차 교정본,743,"02:09:05,460 --> 02:09:05,480",0.02,응?,응?,스스로 단단히 안아.,반응형,,0.04,,,25.0,90.0,50.0,78.0,75.0,0.16891,0.0,66.0,70.0,0.0,0.3733,응? 잠깐 기다려…,응? 잠깐만…,일본어 원문 대조 + 자연스러운 한국어 대사 교정,29.15,T4,구조검사 통과 시 유지,high_cps,26.190476190476193,27.91,P4,회귀검사 통과 시 유지
SSIS-642,사진 대조 1차 교정본,266,"00:43:30,110 --> 00:43:31,690",1.58,"아, 네…",부하 직원이 떼를 써서 죄송했습니다.,그럼 부탁드립니다.,반응형,,0.01,,,25.0,90.0,50.0,78.0,75.0,0.26826,0.0,66.0,0.0,35.0,0.5325,"아, 아, 아, 아, 아, 아, 아,","아, 아, 아, 아, 아, 아, 아",,29.13,T4,구조검사 통과 시 유지,formality_jump,26.00250626566416,27.82,P4,회귀검사 통과 시 유지
SSIS-642,사진 대조 1차 교정본,308,"00:47:56,090 --> 00:47:56,810",0.72,어서.,자.,뭐 하는 거야?,반응형,,0.01,,,25.0,90.0,50.0,78.0,75.0,0.33511,0.0,66.0,0.0,0.0,0.2143,"네, 한 번 하나가 되면 더는 참을 수 없어서.",한 번 가 버리면 더는 못 참겠어요.,사진 장면 확인 및 한국어 번역투·ASR 오역 교정,29.13,T4,구조검사 통과 시 유지,,26.00250626566416,27.82,P4,회귀검사 통과 시 유지
SSIS-642,사진 대조 1차 교정본,757,"02:11:56,040 --> 02:12:09,690",13.65,으으으…,그래. 이런 건 평소엔 안 하지만…,숨을 내쉬어.,반응형,,0.04,,,25.0,90.0,50.0,78.0,75.0,0.33482,0.0,66.0,0.0,0.0,0.3728,으으으...,으으으…,,29.12,T4,구조검사 통과 시 유지,,25.81453634085213,27.73,P4,회귀검사 통과 시 유지
SSIS-642,사진 대조 1차 교정본,443,"01:14:07,560 --> 01:14:08,400",0.84,이쪽이야.,이봐.,앉아.,반말형,,0.04,,,25.0,90.0,50.0,78.0,75.0,0.33432,0.0,66.0,0.0,0.0,0.3119,이쪽이 더 커.,이쪽이 더 굵어.,일본어 원문 대조 + 자연스러운 한국어 대사 교정,29.1,T4,구조검사 통과 시 유지,,25.68922305764411,27.67,P4,회귀검사 통과 시 유지
SSIS-642,사진 대조 1차 교정본,65,"00:03:45,210 --> 00:03:45,670",0.46,알겠어?,‘확 쏟아진다’는 건 비유일 뿐이야.,"일에 대한 열정이 확 쏟아져 나온다든가, 그런 뜻이라고.",반응형,,0.01,,,25.0,90.0,50.0,78.0,75.0,0.33387,0.0,66.0,0.0,0.0,0.384,왠지 알겠어.,어떻게 알았어?,손상된 일본어 ASR + 타임스탬프 사진 + 앞뒤 문맥 추론,29.08,T4,구조검사 통과 시 유지,,25.563909774436087,27.6,P4,회귀검사 통과 시 유지
SSIS-642,사진 대조 1차 교정본,524,"01:18:44,570 --> 01:18:45,230",0.66,미안해.,"응, 응. 조심할게.",응.,반말형,,0.03,,,25.0,90.0,50.0,78.0,75.0,0.25796,17.56,66.0,0.0,0.0,0.7964,아... 미안해.,아… 미안해.,,29.06,T4,구조검사 통과 시 유지,,25.438596491228072,27.54,P4,회귀검사 통과 시 유지
SSIS-642,사진 대조 1차 교정본,450,"01:15:22,810 --> 01:15:23,710",0.9,"아, 여보세요?",여보세요?,전화해 준 거야?,반응형,,0.01,,,25.0,90.0,50.0,78.0,75.0,0.3303,0.0,66.0,0.0,0.0,0.3241,"아, 아, 아, 아, 아, 아, 아,","아, 아, 아, 아, 아, 아, 아",,28.93,T4,구조검사 통과 시 유지,,25.31328320802005,27.41,P4,회귀검사 통과 시 유지
SSIS-642,사진 대조 1차 교정본,785,"02:22:30,510 --> 02:22:31,390",0.88,더.,엉덩이를 제대로 내밀고 머리를 숙여.,"계속, 계속, 계속.",중립·혼합형,,0.01,,,25.0,90.0,50.0,78.0,75.0,0.32997,0.0,66.0,0.0,0.0,0.3484,"갈게, 갈게... 한 번 더.","갈게, 갈게… 한 번 더.",,28.92,T4,구조검사 통과 시 유지,,25.18796992481203,27.35,P4,회귀검사 통과 시 유지
SSIS-642,사진 대조 1차 교정본,286,"00:46:22,960 --> 00:46:23,780",0.82,싫습니다.,이것도 입에 물어.,싫다고 하지 말고 어서.,존댓말형,,0.04,,,25.0,90.0,50.0,78.0,75.0,0.29062,0.0,66.0,0.0,18.0,0.2709,좋습니다.,좋아요.,,28.71,T4,구조검사 통과 시 유지,formality_shift,25.062656641604008,27.18,P4,회귀검사 통과 시 유지
SSIS-642,사진 대조 1차 교정본,733,"02:07:47,420 --> 02:08:36,080",48.66,"자, 이번엔 두 번째야.","아, 잠깐만…",응?,반말형,,0.02,사진 장면 확인 및 한국어 번역투 교정,높음,58.0,96.0,50.0,92.0,42.0,0.72404,18.33,22.0,0.0,0.0,0.8027,"자, 두 번째야.","자, 이번엔 두 번째야.",사진 장면 확인 및 한국어 번역투 교정,28.62,T4,구조검사 통과 시 유지,,24.93734335839599,27.07,P4,회귀검사 통과 시 유지
SSIS-642,사진 대조 1차 교정본,298,"00:46:51,400 --> 00:46:53,080",1.68,손으로 잡고.,응.,자지 끝에 침을 잔뜩 묻히는 거야.,반응형,,0.0,,,25.0,90.0,50.0,78.0,75.0,0.32274,0.0,66.0,0.0,0.0,0.4255,손으로 해줄까?,손으로 해 줄까?,,28.61,T4,구조검사 통과 시 유지,,24.81203007518797,27.01,P4,회귀검사 통과 시 유지
SSIS-642,사진 대조 1차 교정본,324,"00:49:17,510 --> 00:49:18,230",0.72,"그래, 좋아.",응.,"자, 삼켜.",반응형,,0.01,,,25.0,90.0,50.0,78.0,75.0,0.32123,0.0,66.0,0.0,0.0,0.5412,"아, 좋아.","아, 들어온다.",,28.55,T4,구조검사 통과 시 유지,,24.62406015037594,26.9,P4,회귀검사 통과 시 유지
SSIS-642,사진 대조 1차 교정본,491,"01:17:27,620 --> 01:17:27,660",0.04,응.,응.,응.,반응형,,0.02,,,25.0,90.0,50.0,78.0,75.0,0.09746,0.0,66.0,70.0,30.0,0.4423,"하-, 응.",하아… 응.,,28.55,T4,구조검사 통과 시 유지,high_cps;triple_identical_run,24.62406015037594,26.9,P4,회귀검사 통과 시 유지
SSIS-642,사진 대조 1차 교정본,365,"00:57:15,410 --> 00:57:16,510",1.1,정말이야?,아니에요.,야한 짓을 해서 흥분한 거잖아.,반말형,,0.01,,,25.0,90.0,50.0,78.0,75.0,0.32038,0.0,66.0,0.0,0.0,0.2172,어느 쪽이야?,어디가 좋아?,손상된 일본어 ASR + 타임스탬프 사진 + 앞뒤 문맥 추론,28.52,T4,구조검사 통과 시 유지,,24.43609022556391,26.8,P4,회귀검사 통과 시 유지
SSIS-642,사진 대조 1차 교정본,56,"00:03:28,650 --> 00:03:29,310",0.66,확 쏟아져요?,"물론 그것도 있지만, 끈적한 걸 먹으면 몸에서 확 쏟아져 나오거든.","하하하, 확 내보내는 거지.",반응형,,0.05,,,25.0,90.0,50.0,78.0,75.0,0.32015,0.0,66.0,0.0,0.0,0.2325,잘 느껴져요?,어디가 좋은지 느껴져요?,,28.51,T4,구조검사 통과 시 유지,,24.31077694235589,26.75,P4,회귀검사 통과 시 유지
SSIS-642,사진 대조 1차 교정본,284,"00:46:14,300 --> 00:46:15,260",0.96,자.,너도 목마르지?,이것도 입에 물어.,중립·혼합형,,0.0,,,25.0,90.0,50.0,78.0,75.0,0.22976,20.54,66.0,0.0,0.0,0.8212,잘 자.,조금만 천천히…,타임스탬프 사진으로 장면 불일치 확인 후 재복원,28.41,T4,구조검사 통과 시 유지,,24.185463659147867,26.64,P4,회귀검사 통과 시 유지
SSIS-642,사진 대조 1차 교정본,372,"00:57:54,530 --> 00:58:00,120",5.59,윽.,윽.,윽.,중립·혼합형,,0.03,,,25.0,90.0,50.0,78.0,75.0,0.26039,0.0,66.0,0.0,30.0,0.2703,오오... 윽...,오오… 윽…,,28.4,T4,구조검사 통과 시 유지,triple_identical_run,24.06015037593985,26.58,P4,회귀검사 통과 시 유지
SSIS-642,사진 대조 1차 교정본,754,"02:10:07,710 --> 02:10:08,930",1.22,응…,"더, 더, 더…",아아…,반응형,,0.01,,,25.0,90.0,50.0,78.0,75.0,0.31714,0.0,66.0,0.0,0.0,0.3293,응… [안전상 번역 불가]…,응… [불명]…,,28.38,T4,구조검사 통과 시 유지,,23.93483709273183,26.51,P4,회귀검사 통과 시 유지
SSIS-642,사진 대조 1차 교정본,371,"00:57:51,210 --> 00:57:54,330",3.12,윽.,윽.,윽.,중립·혼합형,,0.01,,,25.0,90.0,50.0,78.0,75.0,0.25671,0.0,66.0,0.0,30.0,0.2703,오오... 윽...,오오… 윽…,,28.24,T4,구조검사 통과 시 유지,triple_identical_run,23.809523809523807,26.38,P4,회귀검사 통과 시 유지
SSIS-642,사진 대조 1차 교정본,555,"01:20:14,980 --> 01:20:15,680",0.7,으응.,응.,너 정말 예쁘구나.,반응형,,0.02,,,25.0,90.0,50.0,78.0,75.0,0.31328,0.0,66.0,0.0,0.0,0.4977,으응...,으응…,,28.22,T4,구조검사 통과 시 유지,,23.684210526315788,26.31,P4,회귀검사 통과 시 유지
SSIS-642,사진 대조 1차 교정본,206,"00:24:56,290 --> 00:24:56,930",0.64,어서.,"자, 잘 봐.",내 자지를 네 침으로 흠뻑 적셔 줘.,반응형,,0.01,,,25.0,90.0,50.0,78.0,75.0,0.31258,0.0,66.0,0.0,0.0,0.2143,"네, 한 번 하나가 되면 더는 참을 수 없어서.",한 번 가 버리면 더는 못 참겠어요.,사진 장면 확인 및 한국어 번역투·ASR 오역 교정,28.19,T4,구조검사 통과 시 유지,,23.55889724310777,26.24,P4,회귀검사 통과 시 유지
SSIS-642,사진 대조 1차 교정본,373,"00:58:00,120 --> 00:58:01,180",1.06,윽.,윽.,윽.,중립·혼합형,,0.02,,,25.0,90.0,50.0,78.0,75.0,0.2539,0.0,66.0,0.0,30.0,0.2703,오오... 윽...,오오… 윽…,,28.12,T4,구조검사 통과 시 유지,triple_identical_run,23.43358395989975,26.15,P4,회귀검사 통과 시 유지
SSIS-642,사진 대조 1차 교정본,352,"00:54:59,080 --> 00:55:00,080",1.0,그렇지.,그래.,혀를 내밀어. 아래로 내려.,반말형,,0.02,,,25.0,90.0,50.0,78.0,75.0,0.30997,0.0,66.0,0.0,0.0,0.2288,전부 다 그러면 큰일이지. 그렇지 않아.,다 그러면 큰일 나죠. 저는 안 가요.,사진 장면 확인 및 한국어 번역투·ASR 오역 교정,28.08,T4,구조검사 통과 시 유지,,23.308270676691727,26.08,P4,회귀검사 통과 시 유지
SSIS-642,사진 대조 1차 교정본,131,"00:07:15,940 --> 00:07:16,620",0.68,"아, 그래?",빈 방이 하나도 없다고 합니다.,저는 온천에 다녀오겠습니다.,반응형,,0.04,,,25.0,90.0,50.0,78.0,75.0,0.30982,0.0,66.0,0.0,0.0,0.5374,"음-, 왜 그래?",음… 왜 그래?,,28.07,T4,구조검사 통과 시 유지,,23.182957393483708,26.02,P4,회귀검사 통과 시 유지
SSIS-642,사진 대조 1차 교정본,260,"00:42:45,710 --> 00:42:48,730",3.02,으으…,으으…,네…,반응형,,0.01,,,25.0,90.0,50.0,78.0,75.0,0.30956,0.0,66.0,0.0,0.0,0.2208,으으으...,으으으…,,28.06,T4,구조검사 통과 시 유지,,23.05764411027569,25.96,P4,회귀검사 통과 시 유지
SSIS-642,사진 대조 1차 교정본,364,"00:57:10,240 --> 00:57:11,380",1.14,아니에요.,찍히니까 흥분하는 거 아니야?,정말이야?,반응형,,0.04,,,25.0,90.0,50.0,78.0,75.0,0.30908,0.0,66.0,0.0,0.0,0.6272,"손이 아니라, 손은 아니에요.",손 말고 혀로 해 주세요.,사진 장면 확인 및 한국어 번역투·ASR 오역 교정,28.04,T4,구조검사 통과 시 유지,,22.932330827067666,25.89,P4,회귀검사 통과 시 유지
SSIS-642,사진 대조 1차 교정본,90,"00:04:38,410 --> 00:04:38,510",0.1,네.,한 번 더 입 벌려 봐.,입을 이렇게 벌리고 혀를 내밀어.,반말형,,0.01,,,25.0,90.0,50.0,78.0,75.0,0.20399,7.77,66.0,30.0,0.0,0.7147,"네, 네.",네.,불필요한 반복 제거,28.03,T4,구조검사 통과 시 유지,high_cps,22.807017543859647,25.84,P4,회귀검사 통과 시 유지
SSIS-642,사진 대조 1차 교정본,100,"00:04:54,760 --> 00:04:55,320",0.56,좋네요.,오.,"더, 더, 더.",반말형,,0.04,,,25.0,90.0,50.0,78.0,75.0,0.30702,0.0,66.0,0.0,0.0,0.5973,손을 벗을 때는 좋네요.,[불명],,27.95,T4,구조검사 통과 시 유지,,22.681704260651628,25.74,P4,회귀검사 통과 시 유지
SSIS-642,사진 대조 1차 교정본,476,"01:16:41,330 --> 01:16:41,550",0.22,아…,한 잔뿐이야.,무슨 소리야?,반응형,,0.03,,,25.0,90.0,50.0,78.0,75.0,0.24157,14.29,66.0,0.0,0.0,0.7691,"싫어, 아… 아… 아…",싫어… 아… 아…,일본어 원문 대조 + 자연스러운 한국어 대사 교정,27.78,T4,구조검사 통과 시 유지,,22.55639097744361,25.59,P4,회귀검사 통과 시 유지
SSIS-642,사진 대조 1차 교정본,628,"01:39:39,550 --> 01:39:40,430",0.88,그래.,이런 식으로.,그래.,중립·혼합형,,0.05,,,25.0,90.0,50.0,78.0,75.0,0.19198,25.12,66.0,0.0,0.0,0.8594,"아, 그래.",간다.,화면 영문 자막 대조,27.65,T4,구조검사 통과 시 유지,,22.431077694235587,25.46,P4,회귀검사 통과 시 유지
SSIS-642,사진 대조 1차 교정본,175,"00:19:08,730 --> 00:19:29,050",20.32,으음…,으음…,괜찮아. 이렇게 많이 젖어 있잖아.,반응형,,0.03,,,25.0,90.0,50.0,78.0,75.0,0.29855,0.0,66.0,0.0,0.0,0.2653,"으음, 으음...","으음, 으음…",,27.6,T4,구조검사 통과 시 유지,,22.305764411027567,25.38,P4,회귀검사 통과 시 유지
SSIS-642,사진 대조 1차 교정본,261,"00:43:17,110 --> 00:43:18,230",1.12,네…,으으…,네…,반말형,,0.01,,,25.0,90.0,50.0,78.0,75.0,0.29739,0.0,66.0,0.0,0.0,0.2128,감성 돋네…,진짜 분위기 있겠다.,일본어 원문 대조 + 자연스러운 한국어 대사 교정,27.55,T4,구조검사 통과 시 유지,,22.18045112781955,25.29,P4,회귀검사 통과 시 유지
SSIS-642,사진 대조 1차 교정본,797,"02:27:00,340 --> 02:27:01,440",1.1,젠장.,그랬던가?,이런 표정은 처음이네.,중립·혼합형,,0.04,,,25.0,90.0,50.0,78.0,75.0,0.29543,0.0,66.0,0.0,0.0,0.0048,안 돼.,"네, 놀랐어요.",타임스탬프 사진과 앞뒤 장면으로 대사 기능 복원,27.47,T4,구조검사 통과 시 유지,,22.05513784461153,25.2,P4,회귀검사 통과 시 유지
SSIS-642,사진 대조 1차 교정본,368,"00:57:37,740 --> 00:57:38,580",0.84,그래?,사실은 음란한 여자지?,그럼 아케미의 가면을 벗겨 줄게.,중립·혼합형,,0.04,,,25.0,90.0,50.0,78.0,75.0,0.29415,0.0,66.0,0.0,0.0,0.5972,"음-, 왜 그래?",음… 왜 그래?,,27.41,T4,구조검사 통과 시 유지,,21.929824561403507,25.11,P4,회귀검사 통과 시 유지
SSIS-642,사진 대조 1차 교정본,201,"00:24:02,780 --> 00:24:25,760",22.98,아…,아…,자지 좋아하지?,반응형,,0.02,,,25.0,90.0,50.0,78.0,75.0,0.23123,14.29,66.0,0.0,0.0,0.7691,"싫어, 아… 아… 아…",싫어… 아… 아…,일본어 원문 대조 + 자연스러운 한국어 대사 교정,27.34,T4,구조검사 통과 시 유지,,21.804511278195488,25.02,P4,회귀검사 통과 시 유지
SSIS-642,사진 대조 1차 교정본,69,"00:03:52,470 --> 00:03:53,010",0.54,실례했습니다.,하하하.,그래.,존댓말형,,0.03,,,25.0,90.0,50.0,78.0,75.0,0.29175,0.0,66.0,0.0,0.0,0.2153,좋습니다.,좋아요.,,27.31,T4,구조검사 통과 시 유지,,21.67919799498747,24.95,P4,회귀검사 통과 시 유지
SSIS-642,사진 대조 1차 교정본,229,"00:29:50,230 --> 00:29:52,250",2.02,맛있어?,아주 좋은 소리를 내잖아.,맛있지?,반응형,,0.03,,,25.0,90.0,50.0,78.0,75.0,0.29097,0.0,66.0,0.0,0.0,0.3504,맛있어!,맛있다!,사진 장면 확인 및 한국어 번역투·ASR 오역 교정,27.28,T4,구조검사 통과 시 유지,,21.553884711779446,24.88,P4,회귀검사 통과 시 유지
SSIS-642,사진 대조 1차 교정본,85,"00:04:27,890 --> 00:04:28,570",0.68,실례했습니다.,하하하.,난 그런 음란한 뜻으로 말하는 게 아니야.,존댓말형,,0.01,,,25.0,90.0,50.0,78.0,75.0,0.25649,0.0,66.0,0.0,18.0,0.2153,좋습니다.,좋아요.,,27.27,T4,구조검사 통과 시 유지,formality_shift,21.36591478696742,24.79,P4,회귀검사 통과 시 유지
SSIS-642,사진 대조 1차 교정본,190,"00:22:56,080 --> 00:22:56,800",0.72,싫어요.,싫어?,점점 조여 오는데?,반응형,,0.02,,,25.0,90.0,50.0,78.0,75.0,0.2906,0.0,66.0,0.0,0.0,0.2182,싫어...,싫어…,,27.27,T4,구조검사 통과 시 유지,,21.36591478696742,24.79,P4,회귀검사 통과 시 유지
SSIS-642,사진 대조 1차 교정본,678,"01:56:55,510 --> 01:57:07,800",12.29,응…,응…,응…,반응형,,0.01,,,25.0,90.0,50.0,78.0,75.0,0.23312,0.0,66.0,0.0,30.0,0.3293,응… [안전상 번역 불가]…,응… [불명]…,,27.25,T4,구조검사 통과 시 유지,triple_identical_run,21.17794486215539,24.7,P4,회귀검사 통과 시 유지
SSIS-642,사진 대조 1차 교정본,686,"01:58:41,770 --> 01:58:50,300",8.53,"으음, 으음…","으음, 으음…",더 깊이 빨아야 자지 넣어 주지.,반응형,,0.03,,,25.0,90.0,50.0,78.0,75.0,0.28988,0.0,66.0,0.0,0.0,0.6121,"으음, 으음...","으음, 으음…",,27.24,T4,구조검사 통과 시 유지,,21.052631578947366,24.64,P4,회귀검사 통과 시 유지
SSIS-642,사진 대조 1차 교정본,677,"01:56:54,050 --> 01:56:55,510",1.46,응…,힘을 빼.,응…,반응형,,0.05,,,25.0,90.0,50.0,78.0,75.0,0.28906,0.0,66.0,0.0,0.0,0.3293,응… [안전상 번역 불가]…,응… [불명]…,,27.2,T4,구조검사 통과 시 유지,,20.927318295739347,24.57,P4,회귀검사 통과 시 유지
SSIS-642,사진 대조 1차 교정본,135,"00:07:25,020 --> 00:07:25,900",0.88,혼욕으로?,같이 가 줄까?,됐습니다.,반응형,,0.02,,,25.0,90.0,50.0,78.0,75.0,0.28832,0.0,66.0,0.0,0.0,0.1467,진짜로?,그래?,일본어 원문 대조 + 자연스러운 한국어 대사 교정,27.17,T4,구조검사 통과 시 유지,,20.80200501253133,24.5,P4,회귀검사 통과 시 유지
SSIS-642,사진 대조 1차 교정본,792,"02:25:37,800 --> 02:25:39,340",1.54,자.,"갑자기… 안 돼, 안 돼.",그대로면 돼.,중립·혼합형,,0.0,,,25.0,90.0,50.0,78.0,75.0,0.20011,20.54,66.0,0.0,0.0,0.8212,잘 자.,조금만 천천히…,타임스탬프 사진으로 장면 불일치 확인 후 재복원,27.16,T4,구조검사 통과 시 유지,,20.676691729323306,24.44,P4,회귀검사 통과 시 유지
SSIS-642,사진 대조 1차 교정본,96,"00:04:50,740 --> 00:04:51,300",0.56,음.,치아도 더 잘 보이게 해 봐.,좀 더 내밀어.,중립·혼합형,,0.04,,,25.0,90.0,50.0,78.0,75.0,0.28767,0.0,66.0,0.0,0.0,0.3828,음...,음…,,27.14,T4,구조검사 통과 시 유지,,20.551378446115287,24.37,P4,회귀검사 통과 시 유지
SSIS-642,사진 대조 1차 교정본,230,"00:29:53,990 --> 00:29:55,750",1.76,맛있지?,맛있어?,맛있다고 해.,반말형,,0.01,,,25.0,90.0,50.0,78.0,75.0,0.28734,0.0,66.0,0.0,0.0,0.1981,"진짜 맛있지. 맛도 있고 귀엽기도 하고. 요리해 먹어도 맛있고,",진짜 맛있지. 맛도 있고 귀엽기도 하고. 요리해 먹어도 맛있고,,27.13,T4,구조검사 통과 시 유지,,20.36340852130326,24.29,P4,회귀검사 통과 시 유지
SSIS-642,사진 대조 1차 교정본,790,"02:24:11,160 --> 02:24:12,360",1.2,힘들어요.,계속하자.,"갑자기… 안 돼, 안 돼.",반응형,,0.04,,,25.0,90.0,50.0,78.0,75.0,0.271,3.8,66.0,0.0,0.0,0.6817,조금 힘들어요...,조금 힘들어요…,,27.13,T4,구조검사 통과 시 유지,,20.36340852130326,24.29,P4,회귀검사 통과 시 유지
SSIS-642,사진 대조 1차 교정본,535,"01:19:18,030 --> 01:19:19,090",1.06,출장은?,그래서 어때?,출장은 순조로워.,중립·혼합형,,0.03,,,25.0,90.0,50.0,78.0,75.0,0.28702,0.0,66.0,0.0,0.0,0.1344,시속은?,시속으로는?,일본어 원문 대조 + 자연스러운 한국어 대사 교정,27.11,T4,구조검사 통과 시 유지,,20.175438596491226,24.2,P4,회귀검사 통과 시 유지
SSIS-642,사진 대조 1차 교정본,129,"00:07:10,820 --> 00:07:11,080",0.26,네.,"뭐, 떨어져서 자면 괜찮지 않겠어?",빈 방이 하나도 없다고 합니다.,반말형,,0.02,,,25.0,90.0,50.0,78.0,75.0,0.25257,7.77,66.0,0.0,0.0,0.7147,"네, 네.",네.,불필요한 반복 제거,27.07,T4,구조검사 통과 시 유지,,20.050125313283207,24.12,P4,회귀검사 통과 시 유지
SSIS-642,사진 대조 1차 교정본,795,"02:26:52,880 --> 02:26:54,040",1.16,젠장.,왜?,그랬던가?,중립·혼합형,,0.02,,,25.0,90.0,50.0,78.0,75.0,0.28566,0.0,66.0,0.0,0.0,0.0048,안 돼.,"네, 놀랐어요.",타임스탬프 사진과 앞뒤 장면으로 대사 기능 복원,27.06,T4,구조검사 통과 시 유지,,19.924812030075188,24.06,P4,회귀검사 통과 시 유지
SSIS-642,사진 대조 1차 교정본,776,"02:18:03,790 --> 02:18:04,550",0.76,왜?,그래?,아직도 부족한 거야?,중립·혼합형,,0.01,,,25.0,90.0,50.0,78.0,75.0,0.28441,0.0,66.0,0.0,0.0,0.3171,괜찮으려나? 왜? 잘 닦이고 있나?,괜찮으려나? 왜? 잘 닦이고 있어?,일본어 원문 대조 + 자연스러운 한국어 대사 교정,27.01,T4,구조검사 통과 시 유지,,19.799498746867165,23.98,P4,회귀검사 통과 시 유지
SSIS-642,사진 대조 1차 교정본,189,"00:22:53,660 --> 00:22:54,420",0.76,싫어?,좋지 않아요.,싫어요.,반응형,,0.04,,,25.0,90.0,50.0,78.0,75.0,0.2828,0.0,66.0,0.0,0.0,0.4902,다리 예쁘단 말 듣는 거 싫어?,다리 예쁘다는 말 싫어?,일본어 원문 대조 + 자연스러운 한국어 대사 교정,26.94,T4,구조검사 통과 시 유지,,19.61152882205514,23.86,P4,회귀검사 통과 시 유지
SSIS-642,사진 대조 1차 교정본,374,"00:58:01,180 --> 00:58:01,760",0.58,윽.,윽.,잔뜩이네.,중립·혼합형,,0.02,,,25.0,90.0,50.0,78.0,75.0,0.28278,0.0,66.0,0.0,0.0,0.2703,오오... 윽...,오오… 윽…,,26.94,T4,구조검사 통과 시 유지,,19.61152882205514,23.86,P4,회귀검사 통과 시 유지
SSIS-642,사진 대조 1차 교정본,168,"00:18:23,560 --> 00:18:23,840",0.28,안 돼요.,싫어요.,제발…,중립·혼합형,,0.04,,,25.0,90.0,50.0,78.0,75.0,0.28238,0.0,66.0,0.0,0.0,0.6448,"아, 유두는 안 돼요.","아, 젖꼭지는 안 돼요.",,26.92,T4,구조검사 통과 시 유지,,19.423558897243108,23.77,P4,회귀검사 통과 시 유지
SSIS-642,사진 대조 1차 교정본,180,"00:20:50,050 --> 00:20:50,910",0.86,싫어요.,이렇게 예쁜 몸을 보고 있으니 침을 참을 수가 없네.,하아… 으음…,반응형,,0.05,,,25.0,90.0,50.0,78.0,75.0,0.28027,0.0,66.0,0.0,0.0,0.2182,싫어...,싫어…,,26.83,T4,구조검사 통과 시 유지,,19.235588972431078,23.64,P4,회귀검사 통과 시 유지
SSIS-642,사진 대조 1차 교정본,529,"01:18:56,570 --> 01:18:57,630",1.06,스트레칭.,"열심히 하는 건 좋은데, 아까부터 대체 뭐 하는 거야?",스트레칭?,중립·혼합형,,0.03,,,25.0,90.0,50.0,78.0,75.0,0.28025,0.0,66.0,0.0,0.0,0.0503,트레이너.,치약도 있어.,타임스탬프 사진과 앞뒤 장면으로 대사 기능 복원,26.83,T4,구조검사 통과 시 유지,,19.235588972431078,23.64,P4,회귀검사 통과 시 유지
SSIS-642,사진 대조 1차 교정본,679,"01:57:18,160 --> 01:57:20,320",2.16,응…,응…,응…,반응형,,0.04,,,25.0,90.0,50.0,78.0,75.0,0.22288,0.0,66.0,0.0,30.0,0.3293,응… [안전상 번역 불가]…,응… [불명]…,,26.82,T4,구조검사 통과 시 유지,triple_identical_run,19.047619047619047,23.56,P4,회귀검사 통과 시 유지
SSIS-642,사진 대조 1차 교정본,78,"00:04:07,670 --> 00:04:07,990",0.32,네.,상사 명령이야.,"자, 혀를 위아래로 움직여 봐.",반말형,,0.03,,,25.0,90.0,50.0,78.0,75.0,0.24615,7.77,66.0,0.0,0.0,0.7147,"네, 네.",네.,불필요한 반복 제거,26.8,T4,구조검사 통과 시 유지,,18.922305764411025,23.49,P4,회귀검사 통과 시 유지
SSIS-642,사진 대조 1차 교정본,538,"01:19:22,790 --> 01:19:23,050",0.26,응.,순조롭다고?,뭔가 잘못해서 혼나거나 하진 않았어?,반응형,,0.01,,,25.0,90.0,50.0,78.0,75.0,0.27936,0.0,66.0,0.0,0.0,0.4423,"하-, 응.",하아… 응.,,26.79,T4,구조검사 통과 시 유지,,18.796992481203006,23.43,P4,회귀검사 통과 시 유지
SSIS-642,사진 대조 1차 교정본,94,"00:04:45,770 --> 00:04:46,230",0.46,음.,아 하고.,치아도 더 잘 보이게 해 봐.,중립·혼합형,,0.03,,,25.0,90.0,50.0,78.0,75.0,0.27801,0.0,66.0,0.0,0.0,0.3828,음...,음…,,26.74,T4,구조검사 통과 시 유지,,18.671679197994987,23.35,P4,회귀검사 통과 시 유지
SSIS-642,사진 대조 1차 교정본,638,"01:40:02,530 --> 01:40:04,670",2.14,아…,아…,술을 이렇게 마시니 취해 버렸어요.,반응형,,0.03,,,25.0,90.0,50.0,78.0,75.0,0.21235,14.29,66.0,0.0,0.0,0.7691,"싫어, 아… 아… 아…",싫어… 아… 아…,일본어 원문 대조 + 자연스러운 한국어 대사 교정,26.55,T4,구조검사 통과 시 유지,,18.546365914786968,23.19,P4,회귀검사 통과 시 유지
SSIS-642,사진 대조 1차 교정본,680,"01:57:24,180 --> 01:57:32,890",8.71,응…,응…,"음, 그래.",반응형,,0.02,,,25.0,90.0,50.0,78.0,75.0,0.27156,0.0,66.0,0.0,0.0,0.3293,응… [안전상 번역 불가]…,응… [불명]…,,26.47,T4,구조검사 통과 시 유지,,18.421052631578945,23.09,P4,회귀검사 통과 시 유지
SSIS-642,사진 대조 1차 교정본,292,"00:46:39,720 --> 00:46:40,080",0.36,그렇지.,그래.,응.,반말형,,0.02,,,25.0,90.0,50.0,78.0,75.0,0.26984,0.0,66.0,0.0,0.0,0.2288,전부 다 그러면 큰일이지. 그렇지 않아.,다 그러면 큰일 나죠. 저는 안 가요.,사진 장면 확인 및 한국어 번역투·ASR 오역 교정,26.39,T4,구조검사 통과 시 유지,,18.23308270676692,22.96,P4,회귀검사 통과 시 유지
SSIS-642,사진 대조 1차 교정본,344,"00:51:47,790 --> 00:51:48,650",0.86,오…,응.,더 깊이 물어.,중립·혼합형,,0.01,,,25.0,90.0,50.0,78.0,75.0,0.26976,0.0,66.0,0.0,0.0,0.2793,오오… 됐어!,아… 나올 것 같아.,손상된 일본어 ASR + 타임스탬프 사진 + 앞뒤 문맥 추론,26.39,T4,구조검사 통과 시 유지,,18.23308270676692,22.96,P4,회귀검사 통과 시 유지
SSIS-642,사진 대조 1차 교정본,725,"02:04:54,980 --> 02:04:55,060",0.08,응?,응…,갈 것 같아?,반응형,,0.02,,,25.0,90.0,50.0,78.0,75.0,0.13806,0.0,66.0,55.0,0.0,0.3733,응? 잠깐 기다려…,응? 잠깐만…,일본어 원문 대조 + 자연스러운 한국어 대사 교정,26.36,T4,구조검사 통과 시 유지,high_cps,18.045112781954884,22.87,P4,회귀검사 통과 시 유지
SSIS-642,사진 대조 1차 교정본,625,"01:39:31,020 --> 01:39:31,900",0.88,좋아.,그렇지.,이제 가득 찼어.,반응형,,0.02,,,25.0,90.0,50.0,78.0,75.0,0.17831,21.12,66.0,0.0,0.0,0.826,"아, 좋아.","아, 들어온다.",,26.35,T4,구조검사 통과 시 유지,,17.919799498746865,22.81,P4,회귀검사 통과 시 유지
SSIS-642,사진 대조 1차 교정본,43,"00:02:54,010 --> 00:02:54,370",0.36,네.,"아, 카에데 군.",마나 오크라 같은 끈적끈적한 요리가 있으면 좀 주문해 둬.,반말형,,0.01,,,25.0,90.0,50.0,78.0,75.0,0.23446,7.77,66.0,0.0,0.0,0.7147,"네, 네.",네.,불필요한 반복 제거,26.31,T4,구조검사 통과 시 유지,,17.794486215538846,22.73,P4,회귀검사 통과 시 유지
SSIS-642,사진 대조 1차 교정본,722,"02:04:42,480 --> 02:04:44,280",1.8,응…,응…,응…,반응형,,0.02,,,25.0,90.0,50.0,78.0,75.0,0.21006,0.0,66.0,0.0,30.0,0.3293,응… [안전상 번역 불가]…,응… [불명]…,,26.28,T4,구조검사 통과 시 유지,triple_identical_run,17.669172932330827,22.66,P4,회귀검사 통과 시 유지
SSIS-642,사진 대조 1차 교정본,635,"01:39:57,190 --> 01:39:58,430",1.24,응…,응…,응…,반응형,,0.01,,,25.0,90.0,50.0,78.0,75.0,0.20965,0.0,66.0,0.0,30.0,0.3293,응… [안전상 번역 불가]…,응… [불명]…,,26.27,T4,구조검사 통과 시 유지,triple_identical_run,17.481203007518797,22.58,P4,회귀검사 통과 시 유지
SSIS-642,사진 대조 1차 교정본,723,"02:04:44,280 --> 02:04:45,100",0.82,응…,응…,응…,반응형,,0.02,,,25.0,90.0,50.0,78.0,75.0,0.20971,0.0,66.0,0.0,30.0,0.3293,응… [안전상 번역 불가]…,응… [불명]…,,26.27,T4,구조검사 통과 시 유지,triple_identical_run,17.481203007518797,22.58,P4,회귀검사 통과 시 유지
SSIS-642,사진 대조 1차 교정본,467,"01:16:16,270 --> 01:16:16,670",0.4,지금?,응?,취해서 방에 있어.,반말형,,0.03,,,25.0,90.0,50.0,78.0,75.0,0.26563,0.0,66.0,0.0,0.0,0.1424,"지금, 시속.",지금 속도요?,일본어 원문 대조 + 자연스러운 한국어 대사 교정,26.22,T4,구조검사 통과 시 유지,,17.293233082706767,22.47,P4,회귀검사 통과 시 유지
SSIS-642,사진 대조 1차 교정본,136,"00:07:27,020 --> 00:07:28,040",1.02,됐습니다.,혼욕으로?,"아, 저쪽은 다른 손님이 쓰고 있네요.",존댓말형,,0.02,,,25.0,90.0,50.0,78.0,75.0,0.22827,0.0,66.0,0.0,18.0,0.4052,마음을 열어 주었고 정말 친해져서 성관계도 할 수 있게 됐습니다.,"마음을 열어 줬고, 이제는 정말 가까워져서 잠자리까지 가질 수 있었어요.",,26.09,T4,구조검사 통과 시 유지,formality_shift,17.167919799498748,22.34,P4,회귀검사 통과 시 유지
SSIS-642,사진 대조 1차 교정본,329,"00:50:33,160 --> 00:50:34,040",0.88,더.,불알도 똑같이. 여기도 제대로 빨아.,이제 자세를 바꿔 보자.,중립·혼합형,,0.04,,,25.0,90.0,50.0,78.0,75.0,0.26186,0.0,66.0,0.0,0.0,0.3484,"갈게, 갈게... 한 번 더.","갈게, 갈게… 한 번 더.",,26.06,T4,구조검사 통과 시 유지,,16.979949874686717,22.25,P4,회귀검사 통과 시 유지
SSIS-642,사진 대조 1차 교정본,737,"02:08:45,420 --> 02:08:46,820",1.4,이쪽으로 와.,응?,응?,반응형,,0.02,,,25.0,90.0,50.0,78.0,75.0,0.26194,0.0,66.0,0.0,0.0,0.5289,이쪽으로 넣어 주세요...,이쪽으로 넣어 주세요…,,26.06,T4,구조검사 통과 시 유지,,16.979949874686717,22.25,P4,회귀검사 통과 시 유지
SSIS-642,사진 대조 1차 교정본,451,"01:15:25,530 --> 01:15:27,470",1.94,전화해 준 거야?,"아, 여보세요?",다행이다. 연결됐네.,반말형,,0.03,,,25.0,90.0,50.0,78.0,75.0,0.2616,0.0,66.0,0.0,0.0,0.2856,뭘 찍게 한 거야?,뭘 찍은 거야?,손상된 일본어 ASR + 타임스탬프 사진 + 앞뒤 문맥 추론,26.05,T4,구조검사 통과 시 유지,,16.791979949874687,22.16,P4,회귀검사 통과 시 유지
SSIS-642,사진 대조 1차 교정본,262,"00:43:19,350 --> 00:43:20,470",1.12,네…,네…,"아, 역시 방 하나 더는 안 됩니까?",반말형,,0.05,,,25.0,90.0,50.0,78.0,75.0,0.26088,0.0,66.0,0.0,0.0,0.2128,감성 돋네…,진짜 분위기 있겠다.,일본어 원문 대조 + 자연스러운 한국어 대사 교정,26.02,T4,구조검사 통과 시 유지,,16.666666666666664,22.09,P4,회귀검사 통과 시 유지
SSIS-642,사진 대조 1차 교정본,70,"00:03:53,270 --> 00:03:54,070",0.8,그래.,실례했습니다.,"아, 맞다. 카에데 군.",중립·혼합형,,0.03,,,25.0,90.0,50.0,78.0,75.0,0.15179,25.12,66.0,0.0,0.0,0.8594,"아, 그래.",간다.,화면 영문 자막 대조,25.96,T4,구조검사 통과 시 유지,,16.541353383458645,22.0,P4,회귀검사 통과 시 유지
SSIS-642,사진 대조 1차 교정본,126,"00:06:52,820 --> 00:06:53,140",0.32,네.,어떻게든 방 하나만 더 부탁드릴 수 없을까요?,한 방뿐인가.,반말형,,0.02,,,25.0,90.0,50.0,78.0,75.0,0.19116,7.77,66.0,0.0,18.0,0.7147,"네, 네.",네.,불필요한 반복 제거,25.93,T4,구조검사 통과 시 유지,formality_shift,16.416040100250626,21.93,P4,회귀검사 통과 시 유지
SSIS-642,사진 대조 1차 교정본,214,"00:25:46,810 --> 00:25:47,050",0.24,아…,아…,아…,반응형,,0.01,,,25.0,90.0,50.0,78.0,75.0,0.13707,14.29,66.0,0.0,30.0,0.7691,"싫어, 아… 아… 아…",싫어… 아… 아…,일본어 원문 대조 + 자연스러운 한국어 대사 교정,25.79,T4,구조검사 통과 시 유지,triple_identical_run,16.228070175438596,21.77,P4,회귀검사 통과 시 유지
SSIS-642,사진 대조 1차 교정본,426,"01:11:56,340 --> 01:12:04,380",8.04,부장님…,젖꼭지에도 침 잔뜩 묻혀.,저한테 왜 이러세요?,중립·혼합형,,0.04,,,25.0,90.0,50.0,78.0,75.0,0.25542,0.0,66.0,0.0,0.0,0.2677,부장님...,부장님…,,25.79,T4,구조검사 통과 시 유지,,16.228070175438596,21.77,P4,회귀검사 통과 시 유지
SSIS-642,사진 대조 1차 교정본,370,"00:57:50,090 --> 00:57:50,890",0.8,윽.,그럼 아케미의 가면을 벗겨 줄게.,윽.,중립·혼합형,,0.01,,,25.0,90.0,50.0,78.0,75.0,0.25353,0.0,66.0,0.0,0.0,0.2703,오오... 윽...,오오… 윽…,,25.71,T4,구조검사 통과 시 유지,,16.040100250626566,21.65,P4,회귀검사 통과 시 유지
SSIS-642,사진 대조 1차 교정본,624,"01:39:30,580 --> 01:39:30,860",0.28,그렇지.,그래.,좋아.,반말형,,0.02,,,25.0,90.0,50.0,78.0,75.0,0.2489,0.0,66.0,0.0,0.0,0.2288,전부 다 그러면 큰일이지. 그렇지 않아.,다 그러면 큰일 나죠. 저는 안 가요.,사진 장면 확인 및 한국어 번역투·ASR 오역 교정,25.51,T4,구조검사 통과 시 유지,,15.914786967418545,21.48,P4,회귀검사 통과 시 유지
SSIS-642,사진 대조 1차 교정본,591,"01:28:27,390 --> 01:28:27,970",0.58,더요.,네.,그래. 안쪽까지 깊이 넣어.,중립·혼합형,,0.01,,,25.0,90.0,50.0,78.0,75.0,0.2465,0.0,66.0,0.0,0.0,0.0683,더워요.,정말 덥네요.,사진 장면 확인 및 한국어 번역투·ASR 오역 교정,25.41,T4,구조검사 통과 시 유지,,15.789473684210526,21.37,P4,회귀검사 통과 시 유지
SSIS-642,사진 대조 1차 교정본,323,"00:49:14,450 --> 00:49:14,510",0.06,응.,응.,"그래, 좋아.",반응형,,0.05,,,25.0,90.0,50.0,78.0,75.0,0.07762,0.0,66.0,70.0,0.0,0.4423,"하-, 응.",하아… 응.,,25.32,T4,구조검사 통과 시 유지,high_cps,15.664160401002505,21.26,P4,회귀검사 통과 시 유지
SSIS-642,사진 대조 1차 교정본,46,"00:03:02,590 --> 00:03:02,970",0.38,부장님.,네.,응?,중립·혼합형,,0.01,,,25.0,90.0,50.0,78.0,75.0,0.24289,0.0,66.0,0.0,0.0,0.5867,부장님...,부장님…,,25.26,T4,구조검사 통과 시 유지,,15.538847117794486,21.18,P4,회귀검사 통과 시 유지
SSIS-642,사진 대조 1차 교정본,167,"00:18:20,200 --> 00:18:20,400",0.2,싫어요.,그만해요.,안 돼요.,반응형,,0.0,,,25.0,90.0,50.0,78.0,75.0,0.1802,0.0,66.0,25.0,0.0,0.2182,싫어...,싫어…,,25.13,T4,구조검사 통과 시 유지,borderline_cps,15.413533834586465,21.05,P4,회귀검사 통과 시 유지
SSIS-642,사진 대조 1차 교정본,11,"00:00:49,980 --> 00:00:50,960",0.98,뭐야?,음.,카테킨으로 가글하면 감기 예방에 좋다고.,반말형,,0.02,,,25.0,90.0,50.0,78.0,75.0,0.21499,5.58,66.0,0.0,0.0,0.6965,"아, 아... 뭐야?","아, 아… 뭐야?",,25.09,T4,구조검사 통과 시 유지,,15.288220551378446,20.97,P4,회귀검사 통과 시 유지
SSIS-642,사진 대조 1차 교정본,695,"02:00:03,910 --> 02:00:04,830",0.92,오!,오!,오!,중립·혼합형,,0.01,,,25.0,90.0,50.0,78.0,75.0,0.18146,0.0,66.0,0.0,30.0,0.4096,오오!,오오…!,일본어 원문 대조 + 자연스러운 한국어 대사 교정,25.08,T4,구조검사 통과 시 유지,triple_identical_run,15.162907268170425,20.91,P4,회귀검사 통과 시 유지
SSIS-642,사진 대조 1차 교정본,8,"00:00:42,260 --> 00:00:43,340",1.08,음.,사양하지 마.,음.,중립·혼합형,,0.04,,,25.0,90.0,50.0,78.0,75.0,0.23832,0.0,66.0,0.0,0.0,0.3828,음...,음…,,25.07,T4,구조검사 통과 시 유지,,14.974937343358397,20.83,P4,회귀검사 통과 시 유지
SSIS-642,사진 대조 1차 교정본,68,"00:03:51,110 --> 00:03:51,690",0.58,하하하.,그렇지?,실례했습니다.,중립·혼합형,,0.01,,,25.0,90.0,50.0,78.0,75.0,0.23836,0.0,66.0,0.0,0.0,0.0348,"하아, 하아...","하아, 하아…",,25.07,T4,구조검사 통과 시 유지,,14.974937343358397,20.83,P4,회귀검사 통과 시 유지
SSIS-642,사진 대조 1차 교정본,259,"00:42:44,030 --> 00:42:45,710",1.68,으으…,으으…,으으…,반응형,,0.03,,,25.0,90.0,50.0,78.0,75.0,0.17951,0.0,66.0,0.0,30.0,0.2208,으으으...,으으으…,,25.0,T4,구조검사 통과 시 유지,triple_identical_run,14.786967418546364,20.71,P4,회귀검사 통과 시 유지
SSIS-642,사진 대조 1차 교정본,590,"01:28:26,210 --> 01:28:27,030",0.82,네.,더.,더요.,반말형,,0.01,,,25.0,90.0,50.0,78.0,75.0,0.20322,7.77,66.0,0.0,0.0,0.7147,"네, 네.",네.,불필요한 반복 제거,24.99,T4,구조검사 통과 시 유지,,14.598997493734336,20.63,P4,회귀검사 통과 시 유지
SSIS-642,사진 대조 1차 교정본,694,"02:00:00,110 --> 02:00:01,310",1.2,오!,오!,오!,중립·혼합형,,0.01,,,25.0,90.0,50.0,78.0,75.0,0.17924,0.0,66.0,0.0,30.0,0.4096,오오!,오오…!,일본어 원문 대조 + 자연스러운 한국어 대사 교정,24.99,T4,구조검사 통과 시 유지,triple_identical_run,14.598997493734336,20.63,P4,회귀검사 통과 시 유지
SSIS-642,사진 대조 1차 교정본,685,"01:58:29,170 --> 01:58:41,770",12.6,"으음, 으음…","응, 그래.","으음, 으음…",반응형,,0.03,,,25.0,90.0,50.0,78.0,75.0,0.23582,0.0,66.0,0.0,0.0,0.6121,"으음, 으음...","으음, 으음…",,24.96,T4,구조검사 통과 시 유지,,14.411027568922306,20.53,P4,회귀검사 통과 시 유지
SSIS-642,사진 대조 1차 교정본,599,"01:30:06,610 --> 01:30:08,610",2.0,으으…,이 안에 전부 쏟아 버릴 거야.,자지도 침으로 흠뻑 적셔.,반응형,,0.01,,,25.0,90.0,50.0,78.0,75.0,0.23545,0.0,66.0,0.0,0.0,0.2208,으으으...,으으으…,,24.95,T4,구조검사 통과 시 유지,,14.285714285714285,20.47,P4,회귀검사 통과 시 유지
SSIS-642,사진 대조 1차 교정본,643,"01:40:37,490 --> 01:40:38,390",0.9,으음…,더 취해 버리면…,다음에는 내 몸도 더 자세히 보여 줄게요.,반응형,,0.01,,,25.0,90.0,50.0,78.0,75.0,0.23315,0.0,66.0,0.0,0.0,0.2653,"으음, 으음...","으음, 으음…",,24.85,T4,구조검사 통과 시 유지,,14.160401002506266,20.36,P4,회귀검사 통과 시 유지
SSIS-642,사진 대조 1차 교정본,522,"01:18:41,150 --> 01:18:41,630",0.48,여보세요?,응.,"응, 응. 조심할게.",존댓말형,,0.05,,,25.0,90.0,50.0,78.0,75.0,0.23157,0.0,66.0,0.0,0.0,0.1849,"아, 괜찮으세요?","아, 괜찮으시군요.",앞뒤 문답 관계 교정,24.79,T4,구조검사 통과 시 유지,,14.035087719298245,20.27,P4,회귀검사 통과 시 유지
SSIS-642,사진 대조 1차 교정본,99,"00:04:53,820 --> 00:04:54,060",0.24,오.,"음, 좋군.",좋네요.,중립·혼합형,,0.02,,,25.0,90.0,50.0,78.0,75.0,0.23088,0.0,66.0,0.0,0.0,0.3673,오...,오…,,24.76,T4,구조검사 통과 시 유지,,13.847117794486216,20.18,P4,회귀검사 통과 시 유지
SSIS-642,사진 대조 1차 교정본,377,"00:58:18,320 --> 00:58:19,520",1.2,으음…,이렇게 하고.,왜 그래?,반응형,,0.02,,,25.0,90.0,50.0,78.0,75.0,0.23084,0.0,66.0,0.0,0.0,0.2653,"으음, 으음...","으음, 으음…",,24.76,T4,구조검사 통과 시 유지,,13.847117794486216,20.18,P4,회귀검사 통과 시 유지
SSIS-642,사진 대조 1차 교정본,74,"00:04:02,610 --> 00:04:03,250",0.64,침이요?,입 좀 벌리고 침을 보여 줘 봐.,"그래, 침.",중립·혼합형,,0.01,,,25.0,90.0,50.0,78.0,75.0,0.23026,0.0,66.0,0.0,0.0,0.0776,말해도 돼요?,이제 해도 돼요?,타임스탬프 사진과 앞뒤 장면으로 대사 기능 복원,24.73,T4,구조검사 통과 시 유지,,13.659147869674184,20.08,P4,회귀검사 통과 시 유지
SSIS-642,사진 대조 1차 교정본,696,"02:00:08,810 --> 02:00:09,890",1.08,오!,오!,힘을 빼.,중립·혼합형,,0.01,,,25.0,90.0,50.0,78.0,75.0,0.22885,0.0,66.0,0.0,0.0,0.4096,오오!,오오…!,일본어 원문 대조 + 자연스러운 한국어 대사 교정,24.67,T4,구조검사 통과 시 유지,,13.533834586466165,19.99,P4,회귀검사 통과 시 유지
SSIS-642,사진 대조 1차 교정본,422,"01:10:20,410 --> 01:10:20,530",0.12,응.,"그럼, 자.",네 몸에서 나는 소리를 들려줘.,반응형,,0.01,,,25.0,90.0,50.0,78.0,75.0,0.16813,0.0,66.0,25.0,0.0,0.4423,"하-, 응.",하아… 응.,,24.62,T4,구조검사 통과 시 유지,borderline_cps,13.408521303258144,19.91,P4,회귀검사 통과 시 유지
SSIS-642,사진 대조 1차 교정본,714,"02:03:46,600 --> 02:03:47,940",1.34,네…,응?,자지 넣어 달라는 거지?,반말형,,0.0,,,25.0,90.0,50.0,78.0,75.0,0.22643,0.0,66.0,0.0,0.0,0.2128,감성 돋네…,진짜 분위기 있겠다.,일본어 원문 대조 + 자연스러운 한국어 대사 교정,24.57,T4,구조검사 통과 시 유지,,13.283208020050125,19.83,P4,회귀검사 통과 시 유지
SSIS-642,사진 대조 1차 교정본,636,"01:39:58,430 --> 01:40:00,790",2.36,응…,응…,아…,반응형,,0.03,,,25.0,90.0,50.0,78.0,75.0,0.22624,0.0,66.0,0.0,0.0,0.3293,응… [안전상 번역 불가]…,응… [불명]…,,24.56,T4,구조검사 통과 시 유지,,13.157894736842104,19.77,P4,회귀검사 통과 시 유지
SSIS-642,사진 대조 1차 교정본,721,"02:04:41,040 --> 02:04:42,480",1.44,응…,그 자세로…,응…,반응형,,0.04,,,25.0,90.0,50.0,78.0,75.0,0.22584,0.0,66.0,0.0,0.0,0.3293,응… [안전상 번역 불가]…,응… [불명]…,,24.55,T4,구조검사 통과 시 유지,,13.032581453634084,19.71,P4,회귀검사 통과 시 유지
SSIS-642,사진 대조 1차 교정본,186,"00:21:52,620 --> 00:21:53,420",0.8,으음…,으음…,기분 좋은 거잖아.,반응형,,0.02,,,25.0,90.0,50.0,78.0,75.0,0.22517,0.0,66.0,0.0,0.0,0.2653,"으음, 으음...","으음, 으음…",,24.52,T4,구조검사 통과 시 유지,,12.907268170426065,19.64,P4,회귀검사 통과 시 유지
SSIS-642,사진 대조 1차 교정본,637,"01:40:00,790 --> 01:40:02,530",1.74,아…,응…,아…,반응형,,0.01,,,25.0,90.0,50.0,78.0,75.0,0.16247,14.29,66.0,0.0,0.0,0.7691,"싫어, 아… 아… 아…",싫어… 아… 아…,일본어 원문 대조 + 자연스러운 한국어 대사 교정,24.46,T4,구조검사 통과 시 유지,,12.781954887218044,19.56,P4,회귀검사 통과 시 유지
SSIS-642,사진 대조 1차 교정본,641,"01:40:33,610 --> 01:40:34,510",0.9,으응…,한 잔 더 마시면 돼…,더 취해 버리면…,반응형,,0.01,,,25.0,90.0,50.0,78.0,75.0,0.22335,0.0,66.0,0.0,0.0,0.2193,으응...,으응…,,24.44,T4,구조검사 통과 시 유지,,12.656641604010025,19.49,P4,회귀검사 통과 시 유지
SSIS-642,사진 대조 1차 교정본,149,"00:17:15,460 --> 00:17:15,580",0.12,네?,감기라도 걸리면 큰일일 것 같아서.,"왜, 뭐야?",반말형,,0.04,,,25.0,90.0,50.0,78.0,75.0,0.1627,0.0,66.0,25.0,0.0,0.2704,진짜네?,진짜?,일본어 원문 대조 + 자연스러운 한국어 대사 교정,24.39,T4,구조검사 통과 시 유지,borderline_cps,12.531328320802004,19.41,P4,회귀검사 통과 시 유지
SSIS-642,사진 대조 1차 교정본,281,"00:46:04,040 --> 00:46:05,220",1.18,더.,어서.,"좋아, 그렇게.",중립·혼합형,,0.04,,,25.0,90.0,50.0,78.0,75.0,0.22172,0.0,66.0,0.0,0.0,0.3484,"갈게, 갈게... 한 번 더.","갈게, 갈게… 한 번 더.",,24.37,T4,구조검사 통과 시 유지,,12.406015037593985,19.35,P4,회귀검사 통과 시 유지
SSIS-642,사진 대조 1차 교정본,20,"00:01:12,260 --> 00:01:12,680",0.42,왜?,응. 싫다.,모토키 부장님도 같이 가시잖아?,중립·혼합형,,0.04,,,25.0,90.0,50.0,78.0,75.0,0.21973,0.0,66.0,0.0,0.0,0.3171,괜찮으려나? 왜? 잘 닦이고 있나?,괜찮으려나? 왜? 잘 닦이고 있어?,일본어 원문 대조 + 자연스러운 한국어 대사 교정,24.29,T4,구조검사 통과 시 유지,,12.280701754385964,19.25,P4,회귀검사 통과 시 유지
SSIS-642,사진 대조 1차 교정본,264,"00:43:24,550 --> 00:43:25,970",1.42,알겠습니다.,"아, 역시 방 하나 더는 안 됩니까?",부하 직원이 떼를 써서 죄송했습니다.,존댓말형,,0.05,,,25.0,90.0,50.0,78.0,75.0,0.21916,0.0,66.0,0.0,0.0,0.5985,정말 바로 시작이네요. 알겠습니다.,정말 바로 시작하네요. 알겠습니다.,한국어 어순 교정,24.26,T4,구조검사 통과 시 유지,,12.155388471177945,19.18,P4,회귀검사 통과 시 유지
SSIS-642,사진 대조 1차 교정본,200,"00:23:29,960 --> 00:23:33,660",3.7,아…,그만해!,아…,반응형,,0.04,,,25.0,90.0,50.0,78.0,75.0,0.15658,14.29,66.0,0.0,0.0,0.7691,"싫어, 아… 아… 아…",싫어… 아… 아…,일본어 원문 대조 + 자연스러운 한국어 대사 교정,24.21,T4,구조검사 통과 시 유지,,12.030075187969924,19.09,P4,회귀검사 통과 시 유지
SSIS-642,사진 대조 1차 교정본,209,"00:25:10,290 --> 00:25:11,490",1.2,으으…,으으…,"그래, 그렇게.",반응형,,0.01,,,25.0,90.0,50.0,78.0,75.0,0.21733,0.0,66.0,0.0,0.0,0.2208,으으으...,으으으…,,24.19,T4,구조검사 통과 시 유지,,11.904761904761903,19.03,P4,회귀검사 통과 시 유지
SSIS-642,사진 대조 1차 교정본,385,"01:00:02,400 --> 01:00:12,080",9.68,으음…,으음…,보기 좋은 자세군. 야하게 다리를 벌리고 만져 달라는 거지?,반응형,,0.0,,,25.0,90.0,50.0,78.0,75.0,0.217,0.0,66.0,0.0,0.0,0.2653,"으음, 으음...","으음, 으음…",,24.17,T4,구조검사 통과 시 유지,,11.716791979949875,18.94,P4,회귀검사 통과 시 유지
SSIS-642,사진 대조 1차 교정본,657,"01:46:09,430 --> 01:46:17,870",8.44,"이제 술도 깼으니 그 무표정한 얼굴 말고
솔직한 표정 좀 보여 봐.","섹스하면서 가는 얼굴까지 보여 준 사람한테는
감정을 숨길 수 없다는 뜻이야.",정말 소름 끼쳐요.,중립·혼합형,,0.03,사진 장면 확인 및 한국어 번역투 교정,높음,58.0,96.0,50.0,92.0,42.0,0.65562,0.0,22.0,0.0,0.0,0.2924,얼굴 좀 보여줘 봐.,얼굴 좀 보여 줘 봐.,,24.17,T4,구조검사 통과 시 유지,,11.716791979949875,18.94,P4,회귀검사 통과 시 유지
SSIS-642,사진 대조 1차 교정본,665,"01:51:05,840 --> 01:51:06,160",0.32,응.,그런 모양이네.,여기도 잔뜩 젖었네.,반응형,,0.04,,,25.0,90.0,50.0,78.0,75.0,0.21643,0.0,66.0,0.0,0.0,0.4423,"하-, 응.",하아… 응.,,24.15,T4,구조검사 통과 시 유지,,11.528822055137844,18.85,P4,회귀검사 통과 시 유지
SSIS-642,사진 대조 1차 교정본,343,"00:51:45,430 --> 00:51:46,150",0.72,응.,이렇게 해.,오…,반응형,,0.03,,,25.0,90.0,50.0,78.0,75.0,0.21376,0.0,66.0,0.0,0.0,0.4423,"하-, 응.",하아… 응.,,24.04,T4,구조검사 통과 시 유지,,11.340852130325814,18.71,P4,회귀검사 통과 시 유지
SSIS-642,사진 대조 1차 교정본,553,"01:20:08,400 --> 01:20:11,600",3.2,으응.,응.,응.,반응형,,0.0,,,25.0,90.0,50.0,78.0,75.0,0.21382,0.0,66.0,0.0,0.0,0.4977,으응...,으응…,,24.04,T4,구조검사 통과 시 유지,,11.340852130325814,18.71,P4,회귀검사 통과 시 유지
SSIS-642,사진 대조 1차 교정본,159,"00:17:42,980 --> 00:17:43,180",0.2,네?,사실은 쉽게 느끼는 몸이라 섹스도 좋아하잖아.,뭐라고요?,반말형,,0.02,,,25.0,90.0,50.0,78.0,75.0,0.2103,0.0,66.0,0.0,0.0,0.2704,진짜네?,진짜?,일본어 원문 대조 + 자연스러운 한국어 대사 교정,23.89,T4,구조검사 통과 시 유지,,11.152882205513784,18.54,P4,회귀검사 통과 시 유지
SSIS-642,사진 대조 1차 교정본,224,"00:28:22,530 --> 00:28:23,150",0.62,으음…,"여기, 조금은 기분 좋지?",점점 기분 좋아지지?,반응형,,0.03,,,25.0,90.0,50.0,78.0,75.0,0.20944,0.0,66.0,0.0,0.0,0.2653,"으음, 으음...","으음, 으음…",,23.86,T4,구조검사 통과 시 유지,,10.964912280701753,18.44,P4,회귀검사 통과 시 유지
SSIS-642,사진 대조 1차 교정본,513,"01:18:18,380 --> 01:18:18,700",0.32,응.,정말?,그럼 조용히 쉬어.,반응형,,0.02,,,25.0,90.0,50.0,78.0,75.0,0.2096,0.0,66.0,0.0,0.0,0.4423,"하-, 응.",하아… 응.,,23.86,T4,구조검사 통과 시 유지,,10.964912280701753,18.44,P4,회귀검사 통과 시 유지
SSIS-642,사진 대조 1차 교정본,294,"00:46:42,960 --> 00:46:43,520",0.56,더.,응.,네 끈적한 침을 더 묻혀.,중립·혼합형,,0.04,,,25.0,90.0,50.0,78.0,75.0,0.20765,0.0,66.0,0.0,0.0,0.3484,"갈게, 갈게... 한 번 더.","갈게, 갈게… 한 번 더.",,23.78,T4,구조검사 통과 시 유지,,10.776942355889723,18.32,P4,회귀검사 통과 시 유지
SSIS-642,사진 대조 1차 교정본,380,"00:58:42,830 --> 00:58:43,510",0.68,으음…,젖꼭지도 이렇게 세우고.,다리를 모아.,반응형,,0.03,,,25.0,90.0,50.0,78.0,75.0,0.20702,0.0,66.0,0.0,0.0,0.2653,"으음, 으음...","으음, 으음…",,23.75,T4,구조검사 통과 시 유지,,10.651629072681704,18.25,P4,회귀검사 통과 시 유지
SSIS-642,사진 대조 1차 교정본,470,"01:16:26,770 --> 01:16:26,950",0.18,응.,너 원래 술이 센 편도 아니잖아. 너무 많이 마시지 마.,다음 날까지 힘들 수 있잖아.,반응형,,0.03,,,25.0,90.0,50.0,78.0,75.0,0.20614,0.0,66.0,0.0,0.0,0.4423,"하-, 응.",하아… 응.,,23.72,T4,구조검사 통과 시 유지,,10.526315789473683,18.18,P4,회귀검사 통과 시 유지
SSIS-642,사진 대조 1차 교정본,589,"01:28:23,950 --> 01:28:25,490",1.54,더.,응.,네.,중립·혼합형,,0.05,,,25.0,90.0,50.0,78.0,75.0,0.20426,0.0,66.0,0.0,0.0,0.3484,"갈게, 갈게... 한 번 더.","갈게, 갈게… 한 번 더.",,23.64,T4,구조검사 통과 시 유지,,10.401002506265664,18.08,P4,회귀검사 통과 시 유지
SSIS-642,사진 대조 1차 교정본,548,"01:19:57,460 --> 01:19:58,040",0.58,응…,그 스트레칭 잠깐 멈추면 안 돼?,안 돼.,반응형,,0.04,,,25.0,90.0,50.0,78.0,75.0,0.20091,0.0,66.0,0.0,0.0,0.3293,응… [안전상 번역 불가]…,응… [불명]…,,23.5,T4,구조검사 통과 시 유지,,10.275689223057643,17.95,P4,회귀검사 통과 시 유지
SSIS-642,사진 대조 1차 교정본,384,"00:59:37,470 --> 01:00:00,660",23.19,으음…,으음…,으음…,반응형,,0.03,,,25.0,90.0,50.0,78.0,75.0,0.14306,0.0,66.0,0.0,30.0,0.2653,"으음, 으음...","으음, 으음…",,23.47,T4,구조검사 통과 시 유지,triple_identical_run,10.150375939849624,17.88,P4,회귀검사 통과 시 유지
SSIS-642,사진 대조 1차 교정본,383,"00:59:36,450 --> 00:59:37,470",1.02,으음…,으음…,으음…,반응형,,0.05,,,25.0,90.0,50.0,78.0,75.0,0.14034,0.0,66.0,0.0,30.0,0.2653,"으음, 으음...","으음, 으음…",,23.35,T4,구조검사 통과 시 유지,triple_identical_run,10.025062656641603,17.75,P4,회귀검사 통과 시 유지
SSIS-642,사진 대조 1차 교정본,453,"01:15:32,810 --> 01:15:34,270",1.46,걱정했잖아.,다행이다. 연결됐네.,응? 왜?,반응형,,0.01,,,25.0,90.0,50.0,78.0,75.0,0.19595,0.0,66.0,0.0,0.0,0.291,달라고 했잖아.,씻어 달라고 했잖아.,타임스탬프 사진과 앞뒤 장면으로 대사 기능 복원,23.29,T4,구조검사 통과 시 유지,,9.899749373433583,17.67,P4,회귀검사 통과 시 유지
SSIS-642,사진 대조 1차 교정본,72,"00:03:57,550 --> 00:03:57,730",0.18,네.,"아, 맞다. 카에데 군.",입 좀 벌리고 침을 보여 줘 봐.,반말형,,0.05,,,25.0,90.0,50.0,78.0,75.0,0.15888,7.77,66.0,0.0,0.0,0.7147,"네, 네.",네.,불필요한 반복 제거,23.13,T4,구조검사 통과 시 유지,,9.774436090225564,17.52,P4,회귀검사 통과 시 유지
SSIS-642,사진 대조 1차 교정본,9,"00:00:43,700 --> 00:00:46,900",3.2,음.,음.,음.,중립·혼합형,,0.0,,,25.0,90.0,50.0,78.0,75.0,0.13453,0.0,66.0,0.0,30.0,0.3828,음...,음…,,23.11,T4,구조검사 통과 시 유지,triple_identical_run,9.649122807017543,17.46,P4,회귀검사 통과 시 유지
SSIS-642,사진 대조 1차 교정본,17,"00:01:03,580 --> 00:01:04,240",0.66,음.,음.,다음 주에 출장 간다며?,중립·혼합형,,0.02,,,25.0,90.0,50.0,78.0,75.0,0.19129,0.0,66.0,0.0,0.0,0.3828,음...,음…,,23.09,T4,구조검사 통과 시 유지,,9.523809523809524,17.39,P4,회귀검사 통과 시 유지
SSIS-642,사진 대조 1차 교정본,794,"02:26:50,640 --> 02:26:50,840",0.2,왜?,그대로면 돼.,젠장.,중립·혼합형,,0.04,,,25.0,90.0,50.0,78.0,75.0,0.18671,0.0,66.0,0.0,0.0,0.3171,괜찮으려나? 왜? 잘 닦이고 있나?,괜찮으려나? 왜? 잘 닦이고 있어?,일본어 원문 대조 + 자연스러운 한국어 대사 교정,22.9,T4,구조검사 통과 시 유지,,9.398496240601503,17.23,P4,회귀검사 통과 시 유지
SSIS-642,사진 대조 1차 교정본,486,"01:17:09,820 --> 01:17:10,180",0.36,응.,무슨 말을 듣거나 이상한 일을 당한 건 아니지?,그 모토키 부장한테 불쾌한 말을 듣거나 싫은 일을 당하진 않았어?,반응형,,0.02,,,25.0,90.0,50.0,78.0,75.0,0.18634,0.0,66.0,0.0,0.0,0.4423,"하-, 응.",하아… 응.,,22.89,T4,구조검사 통과 시 유지,,9.273182957393484,17.17,P4,회귀검사 통과 시 유지
SSIS-642,사진 대조 1차 교정본,558,"01:21:03,300 --> 01:21:03,660",0.36,응?,남자친구랑 통화하는 동안 핥아 주니까 좋아했잖아.,어떻게 해 주길 바라?,반응형,,0.0,,,25.0,90.0,50.0,78.0,75.0,0.18517,0.0,66.0,0.0,0.0,0.3733,응? 잠깐 기다려…,응? 잠깐만…,일본어 원문 대조 + 자연스러운 한국어 대사 교정,22.84,T4,구조검사 통과 시 유지,,9.147869674185463,17.09,P4,회귀검사 통과 시 유지
SSIS-642,사진 대조 1차 교정본,449,"01:15:21,310 --> 01:15:21,690",0.38,여보세요?,네 남자친구한테 전화 왔어.,"아, 여보세요?",존댓말형,,0.01,,,25.0,90.0,50.0,78.0,75.0,0.18148,0.0,66.0,0.0,0.0,0.1849,"아, 괜찮으세요?","아, 괜찮으시군요.",앞뒤 문답 관계 교정,22.68,T4,구조검사 통과 시 유지,,9.022556390977442,16.94,P4,회귀검사 통과 시 유지
SSIS-642,사진 대조 1차 교정본,84,"00:04:26,990 --> 00:04:27,690",0.7,하하하.,벌써 두 번째예요.,실례했습니다.,중립·혼합형,,0.01,,,25.0,90.0,50.0,78.0,75.0,0.18064,0.0,66.0,0.0,0.0,0.0348,"하아, 하아...","하아, 하아…",,22.65,T4,구조검사 통과 시 유지,,8.897243107769423,16.87,P4,회귀검사 통과 시 유지
SSIS-642,사진 대조 1차 교정본,213,"00:25:38,610 --> 00:25:38,830",0.22,아…,으음…,아…,반응형,,0.01,,,25.0,90.0,50.0,78.0,75.0,0.11848,14.29,66.0,0.0,0.0,0.7691,"싫어, 아… 아… 아…",싫어… 아… 아…,일본어 원문 대조 + 자연스러운 한국어 대사 교정,22.61,T4,구조검사 통과 시 유지,,8.771929824561402,16.8,P4,회귀검사 통과 시 유지
SSIS-642,사진 대조 1차 교정본,634,"01:39:55,570 --> 01:39:57,190",1.62,응…,아…,응…,반응형,,0.03,,,25.0,90.0,50.0,78.0,75.0,0.17827,0.0,66.0,0.0,0.0,0.3293,응… [안전상 번역 불가]…,응… [불명]…,,22.55,T4,구조검사 통과 시 유지,,8.646616541353383,16.71,P4,회귀검사 통과 시 유지
SSIS-642,사진 대조 1차 교정본,208,"00:25:05,510 --> 00:25:07,170",1.66,으으…,내 자지를 네 침으로 흠뻑 적셔 줘.,으으…,반응형,,0.01,,,25.0,90.0,50.0,78.0,75.0,0.17769,0.0,66.0,0.0,0.0,0.2208,으으으...,으으으…,,22.52,T4,구조검사 통과 시 유지,,8.521303258145362,16.64,P4,회귀검사 통과 시 유지
SSIS-642,사진 대조 1차 교정본,724,"02:04:45,100 --> 02:04:54,980",9.88,응…,응…,응?,반응형,,0.0,,,25.0,90.0,50.0,78.0,75.0,0.17566,0.0,66.0,0.0,0.0,0.3293,응… [안전상 번역 불가]…,응… [불명]…,,22.44,T4,구조검사 통과 시 유지,,8.395989974937343,16.54,P4,회귀검사 통과 시 유지
SSIS-642,사진 대조 1차 교정본,316,"00:48:34,270 --> 00:48:34,550",0.28,응.,응.,됐으니 계속해.,반응형,,0.03,,,25.0,90.0,50.0,78.0,75.0,0.1737,0.0,66.0,0.0,0.0,0.4423,"하-, 응.",하아… 응.,,22.36,T4,구조검사 통과 시 유지,,8.270676691729323,16.44,P4,회귀검사 통과 시 유지
SSIS-642,사진 대조 1차 교정본,258,"00:42:42,090 --> 00:42:43,290",1.2,으으…,참을 수가 없어. 침도 멈추지 않네.,으으…,반응형,,0.01,,,25.0,90.0,50.0,78.0,75.0,0.17203,0.0,66.0,0.0,0.0,0.2208,으으으...,으으으…,,22.29,T4,구조검사 통과 시 유지,,8.145363408521304,16.35,P4,회귀검사 통과 시 유지
SSIS-642,사진 대조 1차 교정본,588,"01:28:19,250 --> 01:28:19,890",0.64,응.,나도 기분 좋게 해 줘.,더.,반응형,,0.05,,,25.0,90.0,50.0,78.0,75.0,0.17186,0.0,66.0,0.0,0.0,0.4423,"하-, 응.",하아… 응.,,22.28,T4,구조검사 통과 시 유지,,8.020050125313283,16.29,P4,회귀검사 통과 시 유지
SSIS-642,사진 대조 1차 교정본,473,"01:16:34,370 --> 01:16:34,550",0.18,응?,그러니까 정말 과음하지 마.,"응, 조심할게.",반응형,,0.03,,,25.0,90.0,50.0,78.0,75.0,0.17172,0.0,66.0,0.0,0.0,0.3733,응? 잠깐 기다려…,응? 잠깐만…,일본어 원문 대조 + 자연스러운 한국어 대사 교정,22.27,T4,구조검사 통과 시 유지,,7.894736842105263,16.23,P4,회귀검사 통과 시 유지
SSIS-642,사진 대조 1차 교정본,382,"00:59:02,660 --> 00:59:05,460",2.8,으음…,다리를 모아.,으음…,반응형,,0.04,,,25.0,90.0,50.0,78.0,75.0,0.17103,0.0,66.0,0.0,0.0,0.2653,"으음, 으음...","으음, 으음…",,22.24,T4,구조검사 통과 시 유지,,7.769423558897243,16.16,P4,회귀검사 통과 시 유지
SSIS-642,사진 대조 1차 교정본,518,"01:18:25,660 --> 01:18:25,980",0.32,응.,너무 마시면 안 돼.,무리해서 몸을 망치면 안 되잖아.,반응형,,0.04,,,25.0,90.0,50.0,78.0,75.0,0.16782,0.0,66.0,0.0,0.0,0.4423,"하-, 응.",하아… 응.,,22.11,T4,구조검사 통과 시 유지,,7.644110275689223,16.03,P4,회귀검사 통과 시 유지
SSIS-642,사진 대조 1차 교정본,713,"02:03:38,890 --> 02:03:39,230",0.34,응?,말하기 쉽지?,네…,반응형,,0.01,,,25.0,90.0,50.0,78.0,75.0,0.16736,0.0,66.0,0.0,0.0,0.3733,응? 잠깐 기다려…,응? 잠깐만…,일본어 원문 대조 + 자연스러운 한국어 대사 교정,22.09,T4,구조검사 통과 시 유지,,7.518796992481203,15.97,P4,회귀검사 통과 시 유지
SSIS-642,사진 대조 1차 교정본,554,"01:20:14,200 --> 01:20:14,320",0.12,응.,으응.,으응.,반응형,,0.0,,,25.0,90.0,50.0,78.0,75.0,0.1062,0.0,66.0,25.0,0.0,0.4423,"하-, 응.",하아… 응.,,22.02,T4,구조검사 통과 시 유지,borderline_cps,7.393483709273182,15.88,P4,회귀검사 통과 시 유지
SSIS-642,사진 대조 1차 교정본,302,"00:47:25,680 --> 00:47:26,240",0.56,응.,아주 팽팽해졌어.,이 정도 서비스는 해 줘.,반응형,,0.02,,,25.0,90.0,50.0,78.0,75.0,0.16385,0.0,66.0,0.0,0.0,0.4423,"하-, 응.",하아… 응.,,21.94,T4,구조검사 통과 시 유지,,7.268170426065162,15.78,P4,회귀검사 통과 시 유지
SSIS-642,사진 대조 1차 교정본,552,"01:20:07,480 --> 01:20:07,960",0.48,응.,잠깐만이라도 멈추고 이야기하자.,으응.,반응형,,0.02,,,25.0,90.0,50.0,78.0,75.0,0.16167,0.0,66.0,0.0,0.0,0.4423,"하-, 응.",하아… 응.,,21.85,T4,구조검사 통과 시 유지,,7.142857142857142,15.67,P4,회귀검사 통과 시 유지
SSIS-642,사진 대조 1차 교정본,501,"01:17:57,860 --> 01:17:58,360",0.5,응…,네 말이 귀에 안 들어와.,텔레비전 소리 아닐까?,반응형,,0.04,,,25.0,90.0,50.0,78.0,75.0,0.15772,0.0,66.0,0.0,0.0,0.3293,응… [안전상 번역 불가]…,응… [불명]…,,21.68,T4,구조검사 통과 시 유지,,7.017543859649122,15.52,P4,회귀검사 통과 시 유지
SSIS-642,사진 대조 1차 교정본,434,"01:13:23,290 --> 01:13:23,450",0.16,응?,응?,자지 갖고 싶다고 말해 봐.,반응형,,0.01,,,25.0,90.0,50.0,78.0,75.0,0.15529,0.0,66.0,0.0,0.0,0.3733,응? 잠깐 기다려…,응? 잠깐만…,일본어 원문 대조 + 자연스러운 한국어 대사 교정,21.58,T4,구조검사 통과 시 유지,,6.8922305764411025,15.41,P4,회귀검사 통과 시 유지
SSIS-642,사진 대조 1차 교정본,47,"00:03:03,210 --> 00:03:03,310",0.1,응?,부장님.,여전히 끈적하고 걸쭉한 음식을 좋아하시네요.,반응형,,0.01,,,25.0,90.0,50.0,78.0,75.0,0.08263,0.0,66.0,30.0,0.0,0.3733,응? 잠깐 기다려…,응? 잠깐만…,일본어 원문 대조 + 자연스러운 한국어 대사 교정,21.53,T4,구조검사 통과 시 유지,high_cps,6.7669172932330826,15.33,P4,회귀검사 통과 시 유지
SSIS-642,사진 대조 1차 교정본,752,"02:09:32,680 --> 02:09:33,560",0.88,응?,응?,"더, 더, 더…",반응형,,0.02,,,25.0,90.0,50.0,78.0,75.0,0.15365,0.0,66.0,0.0,0.0,0.3733,응? 잠깐 기다려…,응? 잠깐만…,일본어 원문 대조 + 자연스러운 한국어 대사 교정,21.51,T4,구조검사 통과 시 유지,,6.641604010025063,15.27,P4,회귀검사 통과 시 유지
SSIS-642,사진 대조 1차 교정본,505,"01:18:04,440 --> 01:18:05,320",0.88,응.,그런가?,괜히 신경 쓰이는 걸까.,반응형,,0.04,,,25.0,90.0,50.0,78.0,75.0,0.1474,0.0,66.0,0.0,0.0,0.4423,"하-, 응.",하아… 응.,,21.25,T4,구조검사 통과 시 유지,,6.516290726817042,15.06,P4,회귀검사 통과 시 유지
SSIS-642,사진 대조 1차 교정본,515,"01:18:21,140 --> 01:18:21,460",0.32,응.,그럼 조용히 쉬어.,내일 일에도 분명 영향이 갈 테니까.,반응형,,0.04,,,25.0,90.0,50.0,78.0,75.0,0.14594,0.0,66.0,0.0,0.0,0.4423,"하-, 응.",하아… 응.,,21.19,T4,구조검사 통과 시 유지,,6.390977443609022,14.97,P4,회귀검사 통과 시 유지
SSIS-642,사진 대조 1차 교정본,305,"00:47:45,720 --> 00:47:46,140",0.42,응.,굉장하잖아.,입도 잘 쓰는군.,반응형,,0.02,,,25.0,90.0,50.0,78.0,75.0,0.14345,0.0,66.0,0.0,0.0,0.4423,"하-, 응.",하아… 응.,,21.09,T4,구조검사 통과 시 유지,,6.140350877192982,14.81,P4,회귀검사 통과 시 유지
SSIS-642,사진 대조 1차 교정본,739,"02:08:59,060 --> 02:08:59,460",0.4,응?,응?,응?,반응형,,0.04,,,25.0,90.0,50.0,78.0,75.0,0.08653,0.0,66.0,0.0,30.0,0.3733,응? 잠깐 기다려…,응? 잠깐만…,일본어 원문 대조 + 자연스러운 한국어 대사 교정,21.09,T4,구조검사 통과 시 유지,triple_identical_run,6.140350877192982,14.81,P4,회귀검사 통과 시 유지
SSIS-642,사진 대조 1차 교정본,740,"02:09:02,140 --> 02:09:02,280",0.14,응?,응?,응?,반응형,,0.04,,,25.0,90.0,50.0,78.0,75.0,0.08653,0.0,66.0,0.0,30.0,0.3733,응? 잠깐 기다려…,응? 잠깐만…,일본어 원문 대조 + 자연스러운 한국어 대사 교정,21.09,T4,구조검사 통과 시 유지,triple_identical_run,6.140350877192982,14.81,P4,회귀검사 통과 시 유지
SSIS-642,사진 대조 1차 교정본,322,"00:49:11,170 --> 00:49:11,330",0.16,응.,응.,응.,반응형,,0.03,,,25.0,90.0,50.0,78.0,75.0,0.08558,0.0,66.0,0.0,30.0,0.4423,"하-, 응.",하아… 응.,,21.05,T4,구조검사 통과 시 유지,triple_identical_run,5.889724310776942,14.68,P4,회귀검사 통과 시 유지
SSIS-642,사진 대조 1차 교정본,632,"01:39:54,650 --> 01:39:55,530",0.88,으음…,으음…,아…,반응형,,0.05,,,25.0,90.0,50.0,78.0,75.0,0.1421,0.0,66.0,0.0,0.0,0.2653,"으음, 으음...","으음, 으음…",,21.03,T4,구조검사 통과 시 유지,,5.764411027568922,14.62,P4,회귀검사 통과 시 유지
SSIS-642,사진 대조 1차 교정본,432,"01:13:19,530 --> 01:13:19,750",0.22,응?,응?,응?,반응형,,0.03,,,25.0,90.0,50.0,78.0,75.0,0.08426,0.0,66.0,0.0,30.0,0.3733,응? 잠깐 기다려…,응? 잠깐만…,일본어 원문 대조 + 자연스러운 한국어 대사 교정,21.0,T4,구조검사 통과 시 유지,triple_identical_run,5.576441102756892,14.52,P4,회귀검사 통과 시 유지
SSIS-642,사진 대조 1차 교정본,742,"02:09:04,560 --> 02:09:04,740",0.18,응?,응?,응?,반응형,,0.04,,,25.0,90.0,50.0,78.0,75.0,0.08435,0.0,66.0,0.0,30.0,0.3733,응? 잠깐 기다려…,응? 잠깐만…,일본어 원문 대조 + 자연스러운 한국어 대사 교정,21.0,T4,구조검사 통과 시 유지,triple_identical_run,5.576441102756892,14.52,P4,회귀검사 통과 시 유지
SSIS-642,사진 대조 1차 교정본,741,"02:09:03,520 --> 02:09:03,720",0.2,응?,응?,응?,반응형,,0.02,,,25.0,90.0,50.0,78.0,75.0,0.08414,0.0,66.0,0.0,30.0,0.3733,응? 잠깐 기다려…,응? 잠깐만…,일본어 원문 대조 + 자연스러운 한국어 대사 교정,20.99,T4,구조검사 통과 시 유지,triple_identical_run,5.3884711779448615,14.44,P4,회귀검사 통과 시 유지
SSIS-642,사진 대조 1차 교정본,631,"01:39:50,150 --> 01:39:51,410",1.26,으음…,그래.,으음…,반응형,,0.05,,,25.0,90.0,50.0,78.0,75.0,0.14092,0.0,66.0,0.0,0.0,0.2653,"으음, 으음...","으음, 으음…",,20.98,T4,구조검사 통과 시 유지,,5.263157894736842,14.38,P4,회귀검사 통과 시 유지
SSIS-642,사진 대조 1차 교정본,735,"02:08:38,720 --> 02:08:39,100",0.38,응?,응?,응?,반응형,,0.02,,,25.0,90.0,50.0,78.0,75.0,0.08299,0.0,66.0,0.0,30.0,0.3733,응? 잠깐 기다려…,응? 잠깐만…,일본어 원문 대조 + 자연스러운 한국어 대사 교정,20.95,T4,구조검사 통과 시 유지,triple_identical_run,5.137844611528822,14.31,P4,회귀검사 통과 시 유지
SSIS-642,사진 대조 1차 교정본,433,"01:13:21,290 --> 01:13:21,790",0.5,응?,응?,응?,반응형,,0.01,,,25.0,90.0,50.0,78.0,75.0,0.0824,0.0,66.0,0.0,30.0,0.3733,응? 잠깐 기다려…,응? 잠깐만…,일본어 원문 대조 + 자연스러운 한국어 대사 교정,20.92,T4,구조검사 통과 시 유지,triple_identical_run,4.887218045112782,14.19,P4,회귀검사 통과 시 유지
SSIS-642,사진 대조 1차 교정본,750,"02:09:30,740 --> 02:09:31,120",0.38,응?,응?,응?,반응형,,0.04,,,25.0,90.0,50.0,78.0,75.0,0.08226,0.0,66.0,0.0,30.0,0.3733,응? 잠깐 기다려…,응? 잠깐만…,일본어 원문 대조 + 자연스러운 한국어 대사 교정,20.92,T4,구조검사 통과 시 유지,triple_identical_run,4.887218045112782,14.19,P4,회귀검사 통과 시 유지
SSIS-642,사진 대조 1차 교정본,751,"02:09:31,980 --> 02:09:32,300",0.32,응?,응?,응?,반응형,,0.02,,,25.0,90.0,50.0,78.0,75.0,0.08248,0.0,66.0,0.0,30.0,0.3733,응? 잠깐 기다려…,응? 잠깐만…,일본어 원문 대조 + 자연스러운 한국어 대사 교정,20.92,T4,구조검사 통과 시 유지,triple_identical_run,4.887218045112782,14.19,P4,회귀검사 통과 시 유지
SSIS-642,사진 대조 1차 교정본,749,"02:09:28,580 --> 02:09:29,980",1.4,응?,응?,응?,반응형,,0.02,,,25.0,90.0,50.0,78.0,75.0,0.08224,0.0,66.0,0.0,30.0,0.3733,응? 잠깐 기다려…,응? 잠깐만…,일본어 원문 대조 + 자연스러운 한국어 대사 교정,20.91,T4,구조검사 통과 시 유지,triple_identical_run,4.636591478696742,14.08,P4,회귀검사 통과 시 유지
SSIS-642,사진 대조 1차 교정본,747,"02:09:08,940 --> 02:09:11,700",2.76,누워!,응?,응?,중립·혼합형,,0.04,,,25.0,90.0,50.0,78.0,75.0,0.13789,0.0,66.0,0.0,0.0,0.2626,누워.,물 나온다.,,20.85,T4,구조검사 통과 시 유지,,4.511278195488721,13.99,P4,회귀검사 통과 시 유지
SSIS-642,사진 대조 1차 교정본,52,"00:03:15,610 --> 00:03:16,330",0.72,음…,내가 왜 끈적한 음식을 좋아하는지 알아?,면역력 증진 때문인가요?,중립·혼합형,,0.01,,,25.0,90.0,50.0,78.0,75.0,0.13647,0.0,66.0,0.0,0.0,0.0955,음...,음…,,20.79,T4,구조검사 통과 시 유지,,4.385964912280701,13.9,P4,회귀검사 통과 시 유지
SSIS-642,사진 대조 1차 교정본,288,"00:46:28,260 --> 00:46:28,560",0.3,응?,싫다고 하지 말고 어서.,제대로 해.,반응형,,0.04,,,25.0,90.0,50.0,78.0,75.0,0.13358,0.0,66.0,0.0,0.0,0.3733,응? 잠깐 기다려…,응? 잠깐만…,일본어 원문 대조 + 자연스러운 한국어 대사 교정,20.67,T4,구조검사 통과 시 유지,,4.260651629072681,13.78,P4,회귀검사 통과 시 유지
SSIS-642,사진 대조 1차 교정본,185,"00:21:49,520 --> 00:21:50,320",0.8,으음…,이렇게 젖은 게 느껴져?,으음…,반응형,,0.02,,,25.0,90.0,50.0,78.0,75.0,0.13304,0.0,66.0,0.0,0.0,0.2653,"으음, 으음...","으음, 으음…",,20.65,T4,구조검사 통과 시 유지,,4.135338345864661,13.71,P4,회귀검사 통과 시 유지
SSIS-642,사진 대조 1차 교정본,28,"00:01:36,720 --> 00:01:37,480",0.76,응.,"밥 먹고 나면 이쑤시개로 쑤시고, 그걸 또 차에 씻는다는 얘기지?",기분 나빠지니까 그런 얘기 그만해.,반응형,,0.02,,,25.0,90.0,50.0,78.0,75.0,0.13245,0.0,66.0,0.0,0.0,0.4423,"하-, 응.",하아… 응.,,20.62,T4,구조검사 통과 시 유지,,4.010025062656641,13.64,P4,회귀검사 통과 시 유지
SSIS-642,사진 대조 1차 교정본,155,"00:17:26,300 --> 00:17:26,480",0.18,응?,그런 거 아니에요.,"부탁드려요, 그만해 주세요.",반응형,,0.0,,,25.0,90.0,50.0,78.0,75.0,0.1317,0.0,66.0,0.0,0.0,0.3733,응? 잠깐 기다려…,응? 잠깐만…,일본어 원문 대조 + 자연스러운 한국어 대사 교정,20.59,T4,구조검사 통과 시 유지,,3.8847117794486214,13.57,P4,회귀검사 통과 시 유지
SSIS-642,사진 대조 1차 교정본,10,"00:00:47,680 --> 00:00:48,160",0.48,음.,음.,뭐야?,중립·혼합형,,0.02,,,25.0,90.0,50.0,78.0,75.0,0.13123,0.0,66.0,0.0,0.0,0.3828,음...,음…,,20.57,T4,구조검사 통과 시 유지,,3.7593984962406015,13.51,P4,회귀검사 통과 시 유지
SSIS-642,사진 대조 1차 교정본,466,"01:16:13,750 --> 01:16:13,990",0.24,응?,지금 뭐 하고 있어?,지금?,반응형,,0.05,,,25.0,90.0,50.0,78.0,75.0,0.12942,0.0,66.0,0.0,0.0,0.3733,응? 잠깐 기다려…,응? 잠깐만…,일본어 원문 대조 + 자연스러운 한국어 대사 교정,20.5,T4,구조검사 통과 시 유지,,3.634085213032581,13.42,P4,회귀검사 통과 시 유지
SSIS-642,사진 대조 1차 교정본,511,"01:18:16,860 --> 01:18:17,180",0.32,응.,술에 취해서 그래.,정말?,반응형,,0.04,,,25.0,90.0,50.0,78.0,75.0,0.12778,0.0,66.0,0.0,0.0,0.4423,"하-, 응.",하아… 응.,,20.43,T4,구조검사 통과 시 유지,,3.508771929824561,13.32,P4,회귀검사 통과 시 유지
SSIS-642,사진 대조 1차 교정본,297,"00:46:50,220 --> 00:46:50,400",0.18,응.,끝부분에 잔뜩.,손으로 잡고.,반응형,,0.02,,,25.0,90.0,50.0,78.0,75.0,0.12703,0.0,66.0,0.0,0.0,0.4423,"하-, 응.",하아… 응.,,20.4,T4,구조검사 통과 시 유지,,3.3834586466165413,13.25,P4,회귀검사 통과 시 유지
SSIS-642,사진 대조 1차 교정본,490,"01:17:24,820 --> 01:17:25,100",0.28,응.,싫은 건 분명하게 싫다고 말해야 해.,응.,반응형,,0.02,,,25.0,90.0,50.0,78.0,75.0,0.12485,0.0,66.0,0.0,0.0,0.4423,"하-, 응.",하아… 응.,,20.3,T4,구조검사 통과 시 유지,,3.258145363408521,13.14,P4,회귀검사 통과 시 유지
SSIS-642,사진 대조 1차 교정본,337,"00:51:07,940 --> 00:51:08,280",0.34,응.,야하게 엉덩이를 흔드는군.,이 상황이 좋은 거지?,반응형,,0.04,,,25.0,90.0,50.0,78.0,75.0,0.12368,0.0,66.0,0.0,0.0,0.4423,"하-, 응.",하아… 응.,,20.25,T4,구조검사 통과 시 유지,,3.132832080200501,13.06,P4,회귀검사 통과 시 유지
SSIS-642,사진 대조 1차 교정본,16,"00:01:00,640 --> 00:01:01,360",0.72,음.,"아, 그래.",음.,중립·혼합형,,0.04,,,25.0,90.0,50.0,78.0,75.0,0.11982,0.0,66.0,0.0,0.0,0.3828,음...,음…,,20.09,T4,구조검사 통과 시 유지,,3.007518796992481,12.92,P4,회귀검사 통과 시 유지
SSIS-642,사진 대조 1차 교정본,746,"02:09:08,540 --> 02:09:08,940",0.4,응?,응?,누워!,반응형,,0.04,,,25.0,90.0,50.0,78.0,75.0,0.11928,0.0,66.0,0.0,0.0,0.3733,응? 잠깐 기다려…,응? 잠깐만…,일본어 원문 대조 + 자연스러운 한국어 대사 교정,20.07,T4,구조검사 통과 시 유지,,2.882205513784461,12.85,P4,회귀검사 통과 시 유지
SSIS-642,사진 대조 1차 교정본,525,"01:18:45,230 --> 01:18:45,630",0.4,응.,미안해.,으응.,반응형,,0.03,,,25.0,90.0,50.0,78.0,75.0,0.1185,0.0,66.0,0.0,0.0,0.4423,"하-, 응.",하아… 응.,,20.04,T4,구조검사 통과 시 유지,,2.756892230576441,12.78,P4,회귀검사 통과 시 유지
SSIS-642,사진 대조 1차 교정본,498,"01:17:52,320 --> 01:17:52,500",0.18,응.,혼자라고 했지?,아까부터 무슨 소리야?,반응형,,0.02,,,25.0,90.0,50.0,78.0,75.0,0.11677,0.0,66.0,0.0,0.0,0.4423,"하-, 응.",하아… 응.,,19.96,T4,구조검사 통과 시 유지,,2.631578947368421,12.68,P4,회귀검사 통과 시 유지
SSIS-642,사진 대조 1차 교정본,693,"01:59:57,770 --> 01:59:59,170",1.4,오!,안쪽까지 제대로 핥아 줄게.,오!,중립·혼합형,,0.03,,,25.0,90.0,50.0,78.0,75.0,0.11568,0.0,66.0,0.0,0.0,0.4096,오오!,오오…!,일본어 원문 대조 + 자연스러운 한국어 대사 교정,19.92,T4,구조검사 통과 시 유지,,2.506265664160401,12.61,P4,회귀검사 통과 시 유지
SSIS-642,사진 대조 1차 교정본,212,"00:25:33,620 --> 00:25:34,120",0.5,으음…,좀 더 제대로 입을 움직여.,아…,반응형,,0.02,,,25.0,90.0,50.0,78.0,75.0,0.11472,0.0,66.0,0.0,0.0,0.2653,"으음, 으음...","으음, 으음…",,19.88,T4,구조검사 통과 시 유지,,2.380952380952381,12.53,P4,회귀검사 통과 시 유지
SSIS-642,사진 대조 1차 교정본,727,"02:06:24,210 --> 02:06:24,490",0.28,응?,갈 것 같아?,스스로 엉덩이를 흔들어 봐.,반응형,,0.01,,,25.0,90.0,50.0,78.0,75.0,0.11425,0.0,66.0,0.0,0.0,0.3733,응? 잠깐 기다려…,응? 잠깐만…,일본어 원문 대조 + 자연스러운 한국어 대사 교정,19.86,T4,구조검사 통과 시 유지,,2.2556390977443606,12.47,P4,회귀검사 통과 시 유지
SSIS-642,사진 대조 1차 교정본,507,"01:18:11,260 --> 01:18:11,480",0.22,응.,괜히 신경 쓰이는 걸까.,몸이라도 안 좋아?,반응형,,0.04,,,25.0,90.0,50.0,78.0,75.0,0.11386,0.0,66.0,0.0,0.0,0.4423,"하-, 응.",하아… 응.,,19.84,T4,구조검사 통과 시 유지,,2.1303258145363406,12.4,P4,회귀검사 통과 시 유지
SSIS-642,사진 대조 1차 교정본,199,"00:23:27,940 --> 00:23:28,960",1.02,그만해!,"와, 지금 꽉 조였어.",아…,반말형,,0.04,,,25.0,90.0,50.0,78.0,75.0,0.11236,0.0,66.0,0.0,0.0,0.2737,그만해...,그만해…,,19.78,T4,구조검사 통과 시 유지,,2.0050125313283207,12.31,P4,회귀검사 통과 시 유지
SSIS-642,사진 대조 1차 교정본,174,"00:19:05,530 --> 00:19:08,730",3.2,으음…,너도 이런 걸 좋아하잖아.,으음…,반응형,,0.03,,,25.0,90.0,50.0,78.0,75.0,0.11127,0.0,66.0,0.0,0.0,0.2653,"으음, 으음...","으음, 으음…",,19.73,T4,구조검사 통과 시 유지,,1.8796992481203008,12.23,P4,회귀검사 통과 시 유지
SSIS-642,사진 대조 1차 교정본,521,"01:18:33,840 --> 01:18:34,000",0.16,응.,맞아.,여보세요?,반응형,,0.04,,,25.0,90.0,50.0,78.0,75.0,0.10717,0.0,66.0,0.0,0.0,0.4423,"하-, 응.",하아… 응.,,19.56,T4,구조검사 통과 시 유지,,1.7543859649122806,12.08,P4,회귀검사 통과 시 유지
SSIS-642,사진 대조 1차 교정본,495,"01:17:44,640 --> 01:17:45,520",0.88,응.,아까부터 무슨 소리가 계속 들려서 거슬리네.,지금 혼자 있는 거지?,반응형,,0.04,,,25.0,90.0,50.0,78.0,75.0,0.10539,0.0,66.0,0.0,0.0,0.4423,"하-, 응.",하아… 응.,,19.49,T4,구조검사 통과 시 유지,,1.6290726817042605,11.99,P4,회귀검사 통과 시 유지
SSIS-642,사진 대조 1차 교정본,431,"01:13:17,130 --> 01:13:17,770",0.64,응?,자지 갖고 싶어서 못 견디겠지?,응?,반응형,,0.03,,,25.0,90.0,50.0,78.0,75.0,0.10481,0.0,66.0,0.0,0.0,0.3733,응? 잠깐 기다려…,응? 잠깐만…,일본어 원문 대조 + 자연스러운 한국어 대사 교정,19.46,T4,구조검사 통과 시 유지,,1.5037593984962405,11.92,P4,회귀검사 통과 시 유지
SSIS-642,사진 대조 1차 교정본,83,"00:04:25,770 --> 00:04:26,350",0.58,벌써 두 번째예요.,그러니까 그런 말이 성희롱이라고요.,하하하.,존댓말형,,0.03,사진 장면 확인 및 한국어 번역투 교정,높음,58.0,96.0,50.0,92.0,42.0,0.4427,13.18,22.0,0.0,0.0,0.7599,그게 두 번째예요.,방금 두 번째였어요.,사진 장면 확인 및 한국어 번역투·ASR 오역 교정,19.44,T4,구조검사 통과 시 유지,,1.3784461152882206,11.85,P4,회귀검사 통과 시 유지
SSIS-642,사진 대조 1차 교정본,458,"01:15:46,190 --> 01:15:46,390",0.2,응.,그랬지. 왜 잊은 거야?,나도 시간을 비워 두고 전화 기다리고 있었어.,반응형,,0.01,,,25.0,90.0,50.0,78.0,75.0,0.09925,0.0,66.0,0.0,0.0,0.4423,"하-, 응.",하아… 응.,,19.23,T4,구조검사 통과 시 유지,,1.2531328320802004,11.68,P4,회귀검사 통과 시 유지
SSIS-642,사진 대조 1차 교정본,748,"02:09:25,180 --> 02:09:25,960",0.78,응?,누워!,응?,반응형,,0.02,,,25.0,90.0,50.0,78.0,75.0,0.09762,0.0,66.0,0.0,0.0,0.3733,응? 잠깐 기다려…,응? 잠깐만…,일본어 원문 대조 + 자연스러운 한국어 대사 교정,19.16,T4,구조검사 통과 시 유지,,1.1278195488721803,11.59,P4,회귀검사 통과 시 유지
SSIS-642,사진 대조 1차 교정본,321,"00:48:59,240 --> 00:48:59,380",0.14,응.,더 깊이.,응.,반응형,,0.04,,,25.0,90.0,50.0,78.0,75.0,0.09114,0.0,66.0,0.0,0.0,0.4423,"하-, 응.",하아… 응.,,18.89,T4,구조검사 통과 시 유지,,1.0025062656641603,11.38,P4,회귀검사 통과 시 유지
SSIS-642,사진 대조 1차 교정본,745,"02:09:07,040 --> 02:09:07,240",0.2,응?,스스로 단단히 안아.,응?,반응형,,0.04,,,25.0,90.0,50.0,78.0,75.0,0.08844,0.0,66.0,0.0,0.0,0.3733,응? 잠깐 기다려…,응? 잠깐만…,일본어 원문 대조 + 자연스러운 한국어 대사 교정,18.77,T4,구조검사 통과 시 유지,,0.8771929824561403,11.26,P4,회귀검사 통과 시 유지
SSIS-642,사진 대조 1차 교정본,315,"00:48:33,390 --> 00:48:33,750",0.36,응.,자.,응.,반응형,,0.01,,,25.0,90.0,50.0,78.0,75.0,0.08726,0.0,66.0,0.0,0.0,0.4423,"하-, 응.",하아… 응.,,18.72,T4,구조검사 통과 시 유지,,0.7518796992481203,11.17,P4,회귀검사 통과 시 유지
SSIS-642,사진 대조 1차 교정본,346,"00:51:56,190 --> 00:51:56,910",0.72,응.,더 깊이 물어.,바로 거기야.,반응형,,0.01,,,25.0,90.0,50.0,78.0,75.0,0.08693,0.0,66.0,0.0,0.0,0.4423,"하-, 응.",하아… 응.,,18.71,T4,구조검사 통과 시 유지,,0.6265664160401002,11.11,P4,회귀검사 통과 시 유지
SSIS-642,사진 대조 1차 교정본,492,"01:17:32,440 --> 01:17:32,800",0.36,응.,응.,"으응, 응.",반응형,,0.04,,,25.0,90.0,50.0,78.0,75.0,0.07659,0.0,66.0,0.0,0.0,0.4423,"하-, 응.",하아… 응.,,18.28,T4,구조검사 통과 시 유지,,0.5012531328320802,10.81,P4,회귀검사 통과 시 유지
SSIS-642,사진 대조 1차 교정본,736,"02:08:42,440 --> 02:08:42,580",0.14,응?,응?,이쪽으로 와.,반응형,,0.04,,,25.0,90.0,50.0,78.0,75.0,0.0689,0.0,66.0,0.0,0.0,0.3733,응? 잠깐 기다려…,응? 잠깐만…,일본어 원문 대조 + 자연스러운 한국어 대사 교정,17.95,T4,구조검사 통과 시 유지,,0.37593984962406013,10.57,P4,회귀검사 통과 시 유지
SSIS-642,사진 대조 1차 교정본,734,"02:08:36,160 --> 02:08:38,160",2.0,응?,"자, 이번엔 두 번째야.",응?,반응형,,0.04,,,25.0,90.0,50.0,78.0,75.0,0.06582,0.0,66.0,0.0,0.0,0.3733,응? 잠깐 기다려…,응? 잠깐만…,일본어 원문 대조 + 자연스러운 한국어 대사 교정,17.82,T4,구조검사 통과 시 유지,,0.2506265664160401,10.44,P4,회귀검사 통과 시 유지
SSIS-642,사진 대조 1차 교정본,738,"02:08:49,020 --> 02:08:49,420",0.4,응?,이쪽으로 와.,응?,반응형,,0.02,,,25.0,90.0,50.0,78.0,75.0,0.05125,0.0,66.0,0.0,0.0,0.3733,응? 잠깐 기다려…,응? 잠깐만…,일본어 원문 대조 + 자연스러운 한국어 대사 교정,17.21,T4,구조검사 통과 시 유지,,0.12531328320802004,10.03,P4,회귀검사 통과 시 유지
