title,stage,block,timecode,duration_seconds,text,prev_text,next_text,style_profile,frame_file,frame_difference_seconds,basis,evidence_confidence,source_meaning_confidence,scene_fit_confidence,speaker_confidence,korean_naturalness,hallucination_risk,model_change_probability,rule_risk,provenance_risk,timing_risk,continuity_risk,error_memory_similarity,nearest_prior_bad_text,nearest_prior_correction,nearest_prior_basis,final_risk,tier,recommended_action,flags,relative_risk_percentile,priority_score,review_band,priority_action
SSIS-652,사진 대조 재번역본,930,"01:45:34,180 --> 01:49:18,750",224.57,아아아아아아아아아아아아아아…,이번이 첫 번째예요.,빨리?,반응형,,,,,45.0,80.0,50.0,78.0,55.0,0.9324,41.21,38.0,0.0,0.0,0.9934,아아아아아아아아…,아아아…,일본어 원문 대조 + 자연스러운 한국어 대사 교정,55.96,T3,화자·문맥·자연스러움 집중 검토,,100.0,74.46,P1,장면 패킷을 열고 후보 3개를 생성해 반증 검토
SSIS-652,사진 대조 재번역본,126,"00:09:04,250 --> 00:09:04,270",0.02,대단해.,여기도 열대 구역인가 봐.,귀여워.,반말형,,,,,45.0,80.0,50.0,78.0,55.0,0.68104,42.0,38.0,70.0,0.0,1.0,대단해.,기분 좋네.,일본어 원문 + 타임스탬프 사진 + 장면 연속성,52.54,T3,화자·문맥·자연스러움 집중 검토,high_cps,99.91554054054053,72.44,P1,장면 패킷을 열고 후보 3개를 생성해 반증 검토
SSIS-652,사진 대조 재번역본,15,"00:01:07,860 --> 00:01:13,900",6.04,"수족관에 가서 키스도 했는데, 조금 더 하고 싶었어요.","상대가 좋아하지 않으면 의미가 없으니까,
대화하면서 천천히 자극하는 편이에요.","몇 번 싸게 한 다음 욕실에서 같이 씻었어요.
이제 무리라는데도 한 번 더 해서 만족했어요.",중립·혼합형,,,,,45.0,80.0,50.0,78.0,59.0,0.9138,0.0,38.0,0.0,0.0,0.4938,더 하고 싶었어요.,조금 더 보고 싶었어요.,사진 장면 확인 및 한국어 번역투·ASR 오역 교정,48.0,T3,화자·문맥·자연스러움 집중 검토,,99.83108108108108,69.77,P2,앞뒤 5블록·사진·오류 기억을 함께 검토
SSIS-652,사진 대조 재번역본,1042,"02:12:32,440 --> 02:12:33,200",0.76,조금만 안에 넣어도 돼요.,잠깐 쉬어 갈게요.,조금만요.,반응형,,,,,45.0,80.0,50.0,78.0,59.0,0.91282,0.0,38.0,0.0,0.0,0.345,조금만 더 해 주세요.,조금만 더 해 줘.,일본어 원문 대조 + 자연스러운 한국어 대사 교정,47.96,T3,화자·문맥·자연스러움 집중 검토,,99.74662162162163,69.71,P2,앞뒤 5블록·사진·오류 기억을 함께 검토
SSIS-652,사진 대조 재번역본,11,"00:00:40,680 --> 00:00:48,760",8.08,너무 거칠게 몰아붙이기보다는 상대 반응을 보면서 자극했던 것 같아요.,맞아요.,특별히 신경 쓰는 게 있나요?,중립·혼합형,,,,,45.0,80.0,50.0,78.0,55.0,0.90756,0.0,38.0,0.0,0.0,0.302,평소와 다른 반응을 보이는 것 같아요.,평소와는 반응이 좀 다른 것 같아요.,한국어 어순 자연화,47.5,T3,화자·문맥·자연스러움 집중 검토,,99.66216216216216,69.41,P2,앞뒤 5블록·사진·오류 기억을 함께 검토
SSIS-652,사진 대조 재번역본,1040,"02:12:17,600 --> 02:12:26,660",9.06,"안쪽은 내가 할 테니까,
바깥쪽을 계속 만져 줘.",어머.,잠깐 쉬어 갈게요.,중립·혼합형,,,타임스탬프 사진과 앞뒤 장면으로 대사 기능 복원,중간,38.0,78.0,50.0,78.0,66.0,0.87402,0.0,38.0,0.0,0.0,0.3537,안쪽에 넣을 테니 바깥쪽을 중심으로 해 주세요.,"안쪽은 내가 할 테니까, 바깥쪽을 계속 만져 줘.",타임스탬프 사진과 앞뒤 장면으로 대사 기능 복원,46.75,T3,화자·문맥·자연스러움 집중 검토,,99.5777027027027,68.94,P2,앞뒤 5블록·사진·오류 기억을 함께 검토
SSIS-652,사진 대조 재번역본,442,"00:50:38,840 --> 00:50:40,060",1.22,엄청 많이 썼다고 적혀 있네.,네.,엄청.,반말형,,,,,45.0,80.0,50.0,78.0,59.0,0.8758,0.0,38.0,0.0,0.0,0.2601,제대로 돼 있네.,제대로 가려지네.,일본어 원문 대조 + 자연스러운 한국어 대사 교정,46.4,T3,화자·문맥·자연스러움 집중 검토,,99.49324324324324,68.7,P2,앞뒤 5블록·사진·오류 기억을 함께 검토
SSIS-652,사진 대조 재번역본,1051,"02:13:49,120 --> 02:13:53,240",4.12,그대로 천천히 움직일게.,조금씩 더 깊이 해 볼게.,여기까지 들어갔어요.,중립·혼합형,,,타임스탬프 사진과 앞뒤 장면으로 대사 기능 복원,중간,38.0,78.0,50.0,78.0,66.0,0.85458,0.0,38.0,0.0,0.0,0.4013,천천히 해 줘.,"좋네. 잠깐, 어떻게 돼 있었지?",일본어 원문 + 타임스탬프 사진 + 장면 연속성,45.93,T3,화자·문맥·자연스러움 집중 검토,,99.40878378378379,68.39,P2,앞뒤 5블록·사진·오류 기억을 함께 검토
SSIS-652,사진 대조 재번역본,223,"00:26:12,600 --> 00:26:14,540",1.94,"그건 뭐, 조금 먹으면서 마셔.",아프다.,조금씩 마셔. 천천히.,반응형,,,,,45.0,80.0,50.0,78.0,55.0,0.86638,0.0,38.0,0.0,0.0,0.293,"뭐, 먹으러.",벌써부터 그러지 마.,손상된 일본어 ASR + 타임스탬프 사진 + 앞뒤 문맥 추론,45.77,T3,화자·문맥·자연스러움 집중 검토,,99.32432432432432,68.26,P2,앞뒤 5블록·사진·오류 기억을 함께 검토
SSIS-652,사진 대조 재번역본,971,"02:05:10,870 --> 02:05:14,580",3.71,조금 쉬어 주세요.,계속 넓게 벌려 주세요.,와…,반응형,,,,,45.0,80.0,50.0,78.0,55.0,0.68027,42.0,38.0,0.0,0.0,1.0,조금 쉬어 주세요.,잠깐만요.,,45.51,T3,화자·문맥·자연스러움 집중 검토,,99.23986486486487,68.08,P2,앞뒤 5블록·사진·오류 기억을 함께 검토
SSIS-652,사진 대조 재번역본,959,"02:03:15,690 --> 02:03:21,010",5.32,"앗, 앗, 앗, 앗, 앗, 앗, 하고 있으면, 앗.",응? 뭔가 나올 것 같아요.,"있잖아, 좀 나아졌어?",중립·혼합형,,,,,45.0,80.0,50.0,78.0,55.0,0.75556,24.0,38.0,0.0,0.0,0.2872,"앗, 안 돼. 그렇게 하면 나와버려.","앗, 안 돼. 그렇게 하면 나와 버려.",,45.43,T3,화자·문맥·자연스러움 집중 검토,token_repetition,99.1554054054054,67.99,P2,앞뒤 5블록·사진·오류 기억을 함께 검토
SSIS-652,사진 대조 재번역본,221,"00:26:03,140 --> 00:26:06,960",3.82,"좋다고는 못 하겠지만, 그렇게 세진 않아.","술은 보통 정도예요, 아마.",아프다.,반말형,,,,,45.0,80.0,50.0,78.0,55.0,0.82185,0.0,38.0,0.0,18.0,0.1941,깨끗하지 않아.,아직 깨끗하지 않지.,손상된 일본어 ASR + 타임스탬프 사진 + 앞뒤 문맥 추론,45.34,T3,화자·문맥·자연스러움 집중 검토,formality_shift,99.07094594594594,67.91,P2,앞뒤 5블록·사진·오류 기억을 함께 검토
SSIS-652,사진 대조 재번역본,1134,"02:20:31,780 --> 02:20:32,120",0.34,그게 아니라 조금씩 먹어.,힘든 것 같아요.,이것도 먹어 봐.,반응형,,,타임스탬프 사진과 앞뒤 장면으로 대사 기능 복원,중간,38.0,78.0,50.0,78.0,62.0,0.66972,1.74,38.0,70.0,0.0,0.6645,그게 아니라 조금씩 정리해.,그게 아니라 조금씩 먹어.,타임스탬프 사진과 앞뒤 장면으로 대사 기능 복원,45.24,T3,화자·문맥·자연스러움 집중 검토,high_cps,98.98648648648648,67.81,P2,앞뒤 5블록·사진·오류 기억을 함께 검토
SSIS-652,사진 대조 재번역본,703,"01:10:55,310 --> 01:10:58,350",3.04,S1 여배우랑 하면 두세 번으로 끝낼 수 없지?,부탁드립니다. 안 돼.,S의 S는 스페셜의 S니까.,반말형,,,,,45.0,80.0,50.0,78.0,55.0,0.81084,0.0,38.0,0.0,18.0,0.3236,왜 없지?,어라?,,44.88,T3,화자·문맥·자연스러움 집중 검토,formality_shift,98.90202702702703,67.57,P2,앞뒤 5블록·사진·오류 기억을 함께 검토
SSIS-652,사진 대조 재번역본,760,"01:15:23,780 --> 01:15:25,840",2.06,씻어 달라고 했잖아.,물 온도 괜찮아요.,이제 해도 돼요?,반응형,,,타임스탬프 사진과 앞뒤 장면으로 대사 기능 복원,중간,38.0,78.0,50.0,78.0,66.0,0.69917,26.66,38.0,0.0,0.0,0.8722,달라고 했잖아.,씻어 달라고 했잖아.,타임스탬프 사진과 앞뒤 장면으로 대사 기능 복원,44.2,T3,화자·문맥·자연스러움 집중 검토,,98.81756756756756,67.14,P2,앞뒤 5블록·사진·오류 기억을 함께 검토
SSIS-652,사진 대조 재번역본,450,"00:50:54,100 --> 00:50:59,470",5.37,네. 이거 기분 좋아요.,뭘 열심히 하는 거야? 이걸 쓰면서.,오늘도 많이 힘내.,반응형,,,,,45.0,80.0,50.0,78.0,55.0,0.74178,19.14,38.0,0.0,0.0,0.8095,기분 좋아요.,"아, 좋아요.",화면 영문 자막 대조,43.98,T3,화자·문맥·자연스러움 집중 검토,,98.7331081081081,66.98,P2,앞뒤 5블록·사진·오류 기억을 함께 검토
SSIS-652,사진 대조 재번역본,554,"00:58:39,140 --> 00:58:39,160",0.02,이거.,좋지 않아?,둘만 있으니 좀 부끄럽잖아.,중립·혼합형,,,,,45.0,80.0,50.0,78.0,55.0,0.55063,24.45,38.0,70.0,0.0,0.8537,"네, 이거.","네, 해 볼게요.",사진 장면 확인 및 한국어 번역투·ASR 오역 교정,43.91,T3,화자·문맥·자연스러움 집중 검토,high_cps,98.64864864864865,66.9,P2,앞뒤 5블록·사진·오류 기억을 함께 검토
SSIS-652,사진 대조 재번역본,177,"00:20:07,920 --> 00:20:08,280",0.36,그래도 싫지는 않았죠?,키스할 줄은 몰랐어요.,"네, 싫진 않았어요.",반말형,,,타임스탬프 사진과 앞뒤 장면으로 대사 기능 복원,중간,38.0,78.0,50.0,78.0,62.0,0.6474,0.0,38.0,68.89,0.0,0.2433,그래도 계속 하고 싶어.,그래도 계속하고 싶어.,손상된 일본어 ASR + 타임스탬프 사진 + 앞뒤 문맥 추론,43.88,T3,화자·문맥·자연스러움 집중 검토,high_cps,98.52195945945947,66.83,P2,앞뒤 5블록·사진·오류 기억을 함께 검토
SSIS-652,사진 대조 재번역본,320,"00:36:01,820 --> 00:36:01,900",0.08,그거 열려 있어?,9분.,너…,반응형,,,,,45.0,80.0,50.0,78.0,55.0,0.65468,0.0,38.0,70.0,0.0,0.3819,자고 있어?,땀나?,사진 장면 확인 및 한국어 번역투·ASR 오역 교정,43.88,T3,화자·문맥·자연스러움 집중 검토,high_cps,98.52195945945947,66.83,P2,앞뒤 5블록·사진·오류 기억을 함께 검토
SSIS-652,사진 대조 재번역본,652,"01:07:27,300 --> 01:07:28,920",1.62,키스하면서 해 줘.,잠깐 쉬게 해 주세요.,대단하네요. 기분 좋아요?,반말형,,,,,45.0,80.0,50.0,78.0,59.0,0.81557,0.0,38.0,0.0,0.0,0.3099,좀 더 해 줘.,보여?,일본어 원문 + 타임스탬프 사진 + 장면 연속성,43.87,T3,화자·문맥·자연스러움 집중 검토,,98.39527027027027,66.77,P2,앞뒤 5블록·사진·오류 기억을 함께 검토
SSIS-652,사진 대조 재번역본,700,"01:10:46,850 --> 01:10:47,070",0.22,기다려 주세요.,지금.,쉬게 해 주세요.,존댓말형,,,,,45.0,80.0,50.0,78.0,55.0,0.55227,14.84,38.0,70.0,18.0,0.7737,기다려 주세요...,기다려 주세요…,,43.69,T3,화자·문맥·자연스러움 집중 검토,formality_shift;high_cps,98.3108108108108,66.63,P2,앞뒤 5블록·사진·오류 기억을 함께 검토
SSIS-652,사진 대조 재번역본,912,"01:33:39,310 --> 01:33:52,560",13.25,"아니, 그런데 역시 벌써 벗기고 있잖아.",괜찮지?,왜?,중립·혼합형,,,,,45.0,80.0,50.0,78.0,55.0,0.81569,0.0,38.0,0.0,0.0,0.4089,"어, 벌써 느끼고 있잖아.","어, 벌써 좋아하고 있잖아.",,43.64,T3,화자·문맥·자연스러움 집중 검토,,98.22635135135135,66.57,P2,앞뒤 5블록·사진·오류 기억을 함께 검토
SSIS-652,사진 대조 재번역본,758,"01:15:15,920 --> 01:15:19,180",3.26,혼자 씻는 것보단 낫지?,그렇게 세게 하진 않았어.,물 온도 괜찮아요.,반말형,,,타임스탬프 사진과 앞뒤 장면으로 대사 기능 복원,중간,38.0,78.0,50.0,78.0,66.0,0.79937,0.0,38.0,0.0,0.0,0.1274,지금은 혼자 가버리겠네. 그건 안 되지.,지금은 혼자 가 버리겠네. 그건 안 되지.,,43.61,T3,화자·문맥·자연스러움 집중 검토,,98.1418918918919,66.51,P2,앞뒤 5블록·사진·오류 기억을 함께 검토
SSIS-652,사진 대조 재번역본,176,"00:20:05,220 --> 00:20:06,500",1.28,키스할 줄은 몰랐어요.,갑자기 여기서…,그래도 싫지는 않았죠?,반응형,,,타임스탬프 사진과 앞뒤 장면으로 대사 기능 복원,중간,38.0,78.0,50.0,78.0,66.0,0.79743,0.0,38.0,0.0,0.0,0.0762,조금 쉬어요.,잠깐만요.,,43.53,T3,화자·문맥·자연스러움 집중 검토,,98.05743243243244,66.43,P2,앞뒤 5블록·사진·오류 기억을 함께 검토
SSIS-652,사진 대조 재번역본,1078,"02:15:45,780 --> 02:15:54,140",8.36,배고프네. 배고파. 배고파졌어요. 밥 먹자.,시간이…,금방 갈게요.,반응형,,,,,45.0,80.0,50.0,78.0,55.0,0.81246,0.0,38.0,0.0,0.0,0.1732,"아아, 또 다른 미분으로 먹자.",[불명],,43.5,T3,화자·문맥·자연스러움 집중 검토,,97.97297297297297,66.38,P2,앞뒤 5블록·사진·오류 기억을 함께 검토
SSIS-652,사진 대조 재번역본,125,"00:09:02,150 --> 00:09:03,670",1.52,여기도 열대 구역인가 봐.,여기에도 있어.,대단해.,중립·혼합형,,,,,45.0,80.0,50.0,78.0,55.0,0.8056,0.0,38.0,0.0,0.0,0.383,여기도 해줘.,여기도 해 줘.,,43.22,T3,화자·문맥·자연스러움 집중 검토,,97.88851351351352,66.18,P2,앞뒤 5블록·사진·오류 기억을 함께 검토
SSIS-652,사진 대조 재번역본,507,"00:55:50,490 --> 00:55:51,670",1.18,괜찮아. 다시 하자.,잠깐만요.,부족해.,반응형,,,,,45.0,80.0,50.0,78.0,55.0,0.8024,0.0,38.0,0.0,0.0,0.6248,괜찮아.,최고예요.,화면 영문 자막 대조,43.08,T3,화자·문맥·자연스러움 집중 검토,,97.76182432432432,66.05,P2,앞뒤 5블록·사진·오류 기억을 함께 검토
SSIS-652,사진 대조 재번역본,1138,"02:20:52,220 --> 02:21:06,960",14.74,"응, 이런 거 좋아하잖아.",그래도 조금은 더 먹어야지.,"자, 여기 누워 봐.",반응형,,,타임스탬프 사진과 앞뒤 장면으로 대사 기능 복원,중간,38.0,78.0,50.0,78.0,62.0,0.67858,26.56,38.0,0.0,0.0,0.8713,너 이런 거 좋아하잖아.,이렇게 묶이는 거 좋아하잖아.,,43.08,T3,화자·문맥·자연스러움 집중 검토,,97.76182432432432,66.05,P2,앞뒤 5블록·사진·오류 기억을 함께 검토
SSIS-652,사진 대조 재번역본,756,"01:14:32,200 --> 01:14:43,060",10.86,아까 손톱으로 긁은 건 아니잖아.,이제 몸 씻어 줄게.,그렇게 세게 하진 않았어.,반응형,,,타임스탬프 사진과 앞뒤 장면으로 대사 기능 복원,중간,38.0,78.0,50.0,78.0,62.0,0.7915,0.0,38.0,0.0,0.0,0.3769,"저기, 우리가 손톱이라고 말한 건 아니잖아.",아까 손톱으로 긁은 건 아니잖아.,타임스탬프 사진과 앞뒤 장면으로 대사 기능 복원,43.04,T3,화자·문맥·자연스러움 집중 검토,,97.63513513513513,65.97,P2,앞뒤 5블록·사진·오류 기억을 함께 검토
SSIS-652,사진 대조 재번역본,664,"01:08:50,290 --> 01:08:50,350",0.06,좋네.,"네, 해 볼게요.",좋네.,반말형,,,,,45.0,80.0,50.0,78.0,55.0,0.45404,42.0,38.0,70.0,0.0,1.0,좋네.,좋아.,일본어 원문 대조 + 자연스러운 한국어 대사 교정,43.01,T3,화자·문맥·자연스러움 집중 검토,high_cps,97.55067567567568,65.92,P2,앞뒤 5블록·사진·오류 기억을 함께 검토
SSIS-652,사진 대조 재번역본,13,"00:00:50,260 --> 00:00:56,300",6.04,"음, 시간을 들이고 강약을 조절하는 거예요.",특별히 신경 쓰는 게 있나요?,"상대가 좋아하지 않으면 의미가 없으니까,
대화하면서 천천히 자극하는 편이에요.",존댓말형,,,,,45.0,80.0,50.0,78.0,55.0,0.80041,0.0,38.0,0.0,0.0,0.2392,잠깐 시간을 둘게요...,잠깐 시간을 둘게요…,,43.0,T3,화자·문맥·자연스러움 집중 검토,,97.46621621621621,65.88,P2,앞뒤 5블록·사진·오류 기억을 함께 검토
SSIS-652,사진 대조 재번역본,372,"00:42:36,560 --> 00:42:38,060",1.5,S1의 F컵.,잘 만져 줘.,무슨 소리야?,중립·혼합형,,,,,45.0,80.0,50.0,78.0,55.0,0.79666,0.0,38.0,0.0,0.0,0.0723,오늘 기획은 요즘 S1에서 하는 1박 2일 숙박물이죠.,오늘 기획은 요즘 S1에서 많이 하는 1박 2일 숙박 촬영이죠.,사진 장면 확인 및 한국어 번역투·ASR 오역 교정,42.84,T3,화자·문맥·자연스러움 집중 검토,,97.38175675675676,65.75,P2,앞뒤 5블록·사진·오류 기억을 함께 검토
SSIS-652,사진 대조 재번역본,808,"01:22:45,970 --> 01:22:48,090",2.12,이제 찾으면 곧 끝날 거예요.,"자, 다음으로 넘어갈게요.","장난치지 마, 이쪽 봐.",반응형,,,,,45.0,80.0,50.0,78.0,55.0,0.758,0.0,38.0,0.0,18.0,0.2891,후와 씨가 이끄는 거예요.,이번에는 후우아 씨가 이끌어 주는 거예요.,이름 및 문장 자연화,42.66,T3,화자·문맥·자연스러움 집중 검토,formality_shift,97.2972972972973,65.61,P2,앞뒤 5블록·사진·오류 기억을 함께 검토
SSIS-652,사진 대조 재번역본,943,"01:52:14,930 --> 01:52:16,150",1.22,그리고 젖꼭지도.,"큰일이야, 큰일.",으악 하고.,반말형,,,,,45.0,80.0,50.0,78.0,59.0,0.78642,0.0,38.0,0.0,0.0,0.3368,그리고 유두.,그리고 젖꼭지도.,,42.65,T3,화자·문맥·자연스러움 집중 검토,,97.21283783783784,65.57,P2,앞뒤 5블록·사진·오류 기억을 함께 검토
SSIS-652,사진 대조 재번역본,1143,"02:21:44,890 --> 02:21:46,070",1.18,또 섰어?,괜찮아.,좋잖아.,반응형,,,타임스탬프 사진과 앞뒤 장면으로 대사 기능 복원,중간,38.0,78.0,50.0,78.0,62.0,0.65642,28.23,38.0,0.0,0.0,0.8853,섰어?,쭉 편 거야?,일본어 원문 대조 + 자연스러운 한국어 대사 교정,42.45,T3,화자·문맥·자연스러움 집중 검토,,97.12837837837837,65.41,P2,앞뒤 5블록·사진·오류 기억을 함께 검토
SSIS-652,사진 대조 재번역본,486,"00:54:23,640 --> 00:54:26,400",2.76,하지만 이걸로는 전혀 부족해.,음.,너무 빨라.,반말형,,,,,45.0,80.0,50.0,78.0,59.0,0.7815,0.0,38.0,0.0,0.0,0.233,"하지만 앨리스, 이걸 사랑해 줘.","앨리스, 더 느껴 줘.",부자연스러운 명령문을 장면에 맞게 교정,42.44,T3,화자·문맥·자연스러움 집중 검토,,97.04391891891892,65.37,P2,앞뒤 5블록·사진·오류 기억을 함께 검토
SSIS-652,사진 대조 재번역본,968,"02:05:03,930 --> 02:05:04,910",0.98,다음에는 더 높은 곳을 보여 드릴게요.,안 돼?,잘 벌려 주세요.,중립·혼합형,,,,,45.0,80.0,50.0,78.0,55.0,0.72042,0.0,38.0,25.0,0.0,0.1909,"그다음에는, 그다음에는…",그리고 또 어디 갔어?,손상된 일본어 ASR + 타임스탬프 사진 + 앞뒤 문맥 추론,42.14,T3,화자·문맥·자연스러움 집중 검토,borderline_cps,96.95945945945947,65.16,P2,앞뒤 5블록·사진·오류 기억을 함께 검토
SSIS-652,사진 대조 재번역본,1053,"02:13:54,420 --> 02:13:54,860",0.44,다음은 이쪽이에요.,여기까지 들어갔어요.,"네, 방향을 바꿔 볼게요.",존댓말형,,,타임스탬프 사진과 앞뒤 장면으로 대사 기능 복원,중간,38.0,78.0,50.0,78.0,62.0,0.61252,2.99,38.0,32.27,35.0,0.6749,다음은 앞쪽이에요.,다음은 이쪽이에요.,타임스탬프 사진과 앞뒤 장면으로 대사 기능 복원,42.09,T3,화자·문맥·자연스러움 집중 검토,formality_jump;high_cps,96.875,65.1,P2,앞뒤 5블록·사진·오류 기억을 함께 검토
SSIS-652,사진 대조 재번역본,322,"00:36:54,020 --> 00:36:54,980",0.96,기뻐.,너…,이걸로는 할 말이 없네.,중립·혼합형,,,,,45.0,80.0,50.0,78.0,55.0,0.59339,42.0,38.0,0.0,0.0,1.0,기뻐.,기쁘다.,일본어 원문 대조 + 자연스러운 한국어 대사 교정,41.86,T3,화자·문맥·자연스러움 집중 검토,,96.79054054054053,64.93,P2,앞뒤 5블록·사진·오류 기억을 함께 검토
SSIS-652,사진 대조 재번역본,1130,"02:19:59,600 --> 02:20:14,960",15.36,"자, 우선 먹어 볼게요.",이쪽이 좋아?,드세요.,반응형,,,타임스탬프 사진과 앞뒤 장면으로 대사 기능 복원,중간,38.0,78.0,50.0,78.0,62.0,0.72497,8.67,38.0,0.0,0.0,0.7223,"자, 우선 움직여 볼게요.","자, 우선 먹어 볼게요.",타임스탬프 사진과 앞뒤 장면으로 대사 기능 복원,41.81,T3,화자·문맥·자연스러움 집중 검토,,96.70608108108108,64.87,P2,앞뒤 5블록·사진·오류 기억을 함께 검토
SSIS-652,사진 대조 재번역본,787,"01:20:32,090 --> 01:20:33,170",1.08,"와, 엄청 많이 나왔나 봐요.",대단해.,이거 큰일인데?,중립·혼합형,,,,,45.0,80.0,50.0,78.0,55.0,0.76809,0.0,38.0,0.0,0.0,0.2296,스스로 좋은 곳을 찾아 봐요.,네가 직접 좋은 곳을 찾아 봐.,손상된 일본어 ASR + 타임스탬프 사진 + 앞뒤 문맥 추론,41.64,T3,화자·문맥·자연스러움 집중 검토,,96.62162162162163,64.73,P2,앞뒤 5블록·사진·오류 기억을 함께 검토
SSIS-652,사진 대조 재번역본,133,"00:09:52,300 --> 00:09:57,520",5.22,아이스크림 같은 것도 있나요? 먹고 싶어요?,귀여웠어요? 귀여웠어.,한번 아이스크림이나 음료를 사러 갈게요.,존댓말형,,,,,45.0,80.0,50.0,78.0,55.0,0.76418,0.0,38.0,0.0,0.0,0.2427,여기엔 아직 부족하다고 적혀 있나요?,여기엔 뭐라고 적혀 있어요?,의미가 깨진 안내문 관련 문장 교정,41.48,T3,화자·문맥·자연스러움 집중 검토,,96.53716216216216,64.6,P2,앞뒤 5블록·사진·오류 기억을 함께 검토
SSIS-652,사진 대조 재번역본,710,"01:11:24,150 --> 01:11:29,110",4.96,"잠깐, 정말 잠깐만 일단 쉬어요.",너무 빠르지 않아?,"체력이 약하네, 정말.",반응형,,,,,45.0,80.0,50.0,78.0,55.0,0.76192,0.0,38.0,0.0,0.0,0.5211,"잠깐, 잠깐만 쉬게 해 주세요.","잠깐, 잠깐만… 그만해.",장면과 충돌한 표현 교정,41.38,T3,화자·문맥·자연스러움 집중 검토,,96.4527027027027,64.51,P2,앞뒤 5블록·사진·오류 기억을 함께 검토
SSIS-652,사진 대조 재번역본,737,"01:12:43,150 --> 01:12:45,170",2.02,"그럼 이거, 이렇게 해 볼까?",조금 해 줄래?,네.,반말형,,,,,45.0,80.0,50.0,78.0,55.0,0.75815,0.0,38.0,0.0,0.0,0.4264,"이거, 이거, 이거, 그거, 이거, 그 정도, 그 정도...","이거, 이거, 이거, 그거, 이거, 그 정도, 그 정도…",,41.22,T3,화자·문맥·자연스러움 집중 검토,,96.36824324324324,64.38,P2,앞뒤 5블록·사진·오류 기억을 함께 검토
SSIS-652,사진 대조 재번역본,791,"01:20:58,100 --> 01:20:59,600",1.5,전혀 안 돼.,씻어 낼까?,"잠깐만, 잠깐만. 거짓말했지.",중립·혼합형,,,,,45.0,80.0,50.0,78.0,59.0,0.74228,2.28,38.0,0.0,0.0,0.669,안 돼.,"네, 놀랐어요.",타임스탬프 사진과 앞뒤 장면으로 대사 기능 복원,41.21,T3,화자·문맥·자연스러움 집중 검토,,96.28378378378379,64.34,P2,앞뒤 5블록·사진·오류 기억을 함께 검토
SSIS-652,사진 대조 재번역본,868,"01:29:06,470 --> 01:29:09,190",2.72,거스름돈은 여기서 받아 주세요.,매장에서 신분증을 확인할 수도 있습니다.,"네, 여기서 받을게요.",반응형,,,,,45.0,80.0,50.0,78.0,55.0,0.75523,0.0,38.0,0.0,0.0,0.2791,쉬어 주세요.,잠깐 쉬게 해 주세요.,사진 장면 확인 및 한국어 번역투·ASR 오역 교정,41.1,T3,화자·문맥·자연스러움 집중 검토,,96.19932432432432,64.24,P2,앞뒤 5블록·사진·오류 기억을 함께 검토
SSIS-652,사진 대조 재번역본,984,"02:06:36,420 --> 02:06:38,160",1.74,"응, 정말 잘 어울려.",일본인 같지 않은 몸매라는 말을 자주 들어요.,그런 말 들으면 기분 좋아요.,반응형,,,타임스탬프 사진과 앞뒤 장면으로 대사 기능 복원,중간,38.0,78.0,50.0,78.0,62.0,0.61222,30.98,38.0,0.0,0.0,0.9081,정말 잘 어울려.,평소에도 목욕 자주 해?,일본어 원문 + 타임스탬프 사진 + 장면 연속성,41.09,T3,화자·문맥·자연스러움 집중 검토,,96.11486486486487,64.2,P2,앞뒤 5블록·사진·오류 기억을 함께 검토
SSIS-652,사진 대조 재번역본,449,"00:50:51,440 --> 00:50:53,980",2.54,뭘 열심히 하는 거야? 이걸 쓰면서.,네. 쓰고 싶어서 지금 쓰고 있어요.,네. 이거 기분 좋아요.,반말형,,,,,45.0,80.0,50.0,78.0,55.0,0.75471,0.0,38.0,0.0,0.0,0.3579,이걸 끼우는 거야?,콘돔 끼는 거야?,일본어 원문 대조 + 자연스러운 한국어 대사 교정,41.08,T3,화자·문맥·자연스러움 집중 검토,,96.0304054054054,64.16,P2,앞뒤 5블록·사진·오류 기억을 함께 검토
SSIS-652,사진 대조 재번역본,413,"00:48:16,800 --> 00:48:18,460",1.66,소리 내면서 고개를 더 숙여.,네.,네.,중립·혼합형,,,,,45.0,80.0,50.0,78.0,55.0,0.7534,0.0,38.0,0.0,0.0,0.3026,완전히 고개를 돌리네.,완전히 얼굴을 돌리네.,손상된 일본어 ASR + 타임스탬프 사진 + 앞뒤 문맥 추론,41.02,T3,화자·문맥·자연스러움 집중 검토,,95.94594594594594,64.09,P2,앞뒤 5블록·사진·오류 기억을 함께 검토
SSIS-652,사진 대조 재번역본,1041,"02:12:27,560 --> 02:12:28,560",1.0,잠깐 쉬어 갈게요.,"안쪽은 내가 할 테니까,
바깥쪽을 계속 만져 줘.",조금만 안에 넣어도 돼요.,반응형,,,,,45.0,80.0,50.0,78.0,55.0,0.74985,0.67,38.0,0.0,0.0,0.6556,잠깐 쉬었다 갈게요.,조금만 쉬자.,일본어 원문 대조 + 자연스러운 한국어 대사 교정,40.99,T3,화자·문맥·자연스러움 집중 검토,,95.86148648648648,64.04,P2,앞뒤 5블록·사진·오류 기억을 함께 검토
SSIS-652,사진 대조 재번역본,945,"01:54:18,500 --> 01:56:28,340",129.84,으악 하고.,으악 하고.,그렇지?,반응형,,,,,45.0,80.0,50.0,78.0,55.0,0.75134,0.0,38.0,0.0,0.0,0.4552,금방 하아 하고.,금방 숨이 가빠지네.,,40.94,T3,화자·문맥·자연스러움 집중 검토,,95.77702702702703,63.97,P2,앞뒤 5블록·사진·오류 기억을 함께 검토
SSIS-652,사진 대조 재번역본,1135,"02:20:32,120 --> 02:20:32,400",0.28,이것도 먹어 봐.,그게 아니라 조금씩 먹어.,큰일이야.,반응형,,,타임스탬프 사진과 앞뒤 장면으로 대사 기능 복원,중간,38.0,78.0,50.0,78.0,62.0,0.60595,0.0,38.0,55.0,0.0,0.4428,이것도 그렇게...,이것도 그렇게…,,40.75,T3,화자·문맥·자연스러움 집중 검토,high_cps,95.69256756756756,63.83,P2,앞뒤 5블록·사진·오류 기억을 함께 검토
SSIS-652,사진 대조 재번역본,970,"02:05:09,630 --> 02:05:10,870",1.24,계속 넓게 벌려 주세요.,잘 벌려 주세요.,조금 쉬어 주세요.,존댓말형,,,,,45.0,80.0,50.0,78.0,55.0,0.74534,0.0,38.0,0.0,0.0,0.3765,쉬어 주세요.,잠깐 쉬게 해 주세요.,사진 장면 확인 및 한국어 번역투·ASR 오역 교정,40.68,T3,화자·문맥·자연스러움 집중 검토,,95.6081081081081,63.75,P2,앞뒤 5블록·사진·오류 기억을 함께 검토
SSIS-652,사진 대조 재번역본,755,"01:14:24,860 --> 01:14:32,200",7.34,이제 몸 씻어 줄게.,네.,아까 손톱으로 긁은 건 아니잖아.,반응형,,,타임스탬프 사진과 앞뒤 장면으로 대사 기능 복원,중간,38.0,78.0,50.0,78.0,66.0,0.72687,0.0,38.0,0.0,0.0,0.3893,내가 잡아 줄게.,목욕하면서…,일본어 원문 + 타임스탬프 사진 + 장면 연속성,40.57,T3,화자·문맥·자연스러움 집중 검토,,95.52364864864865,63.65,P2,앞뒤 5블록·사진·오류 기억을 함께 검토
SSIS-652,사진 대조 재번역본,1178,"02:25:35,040 --> 02:25:37,440",2.4,사람이 올 때까지 밤새 섹스할까.,"시간이 없고, 더워서…",아침부터 밤까지.,반말형,,,,,45.0,80.0,50.0,78.0,55.0,0.7425,0.0,38.0,0.0,0.0,0.2201,사람이 더 없어졌어.,사람이 완전히 없어졌네.,일본어 원문 대조 + 자연스러운 한국어 대사 교정,40.56,T3,화자·문맥·자연스러움 집중 검토,,95.4391891891892,63.61,P2,앞뒤 5블록·사진·오류 기억을 함께 검토
SSIS-652,사진 대조 재번역본,1011,"02:09:53,190 --> 02:09:54,870",1.68,깨끗이 닦아 줄까.,"그렇게, 그렇게.",그러니까?,반응형,,,,,45.0,80.0,50.0,78.0,55.0,0.74169,0.0,38.0,0.0,0.0,0.1939,마지막으로 앞니도 닦아 줘.,마지막으로 앞니도 닦자.,일본어 원문 대조 + 자연스러운 한국어 대사 교정,40.53,T3,화자·문맥·자연스러움 집중 검토,,95.35472972972973,63.56,P2,앞뒤 5블록·사진·오류 기억을 함께 검토
SSIS-652,사진 대조 재번역본,1080,"02:16:14,080 --> 02:16:15,260",1.18,오늘 죽을지도 몰라.,금방 갈게요.,배고파.,반말형,,,,,45.0,80.0,50.0,78.0,55.0,0.73948,0.0,38.0,0.0,0.0,0.4305,더 커지진 않을지도 몰라.,더 커질지도 모르겠네.,일본어 원문 대조 + 자연스러운 한국어 대사 교정,40.44,T3,화자·문맥·자연스러움 집중 검토,,95.27027027027027,63.47,P2,앞뒤 5블록·사진·오류 기억을 함께 검토
SSIS-652,사진 대조 재번역본,939,"01:50:49,940 --> 01:50:51,740",1.8,오른쪽이 안 되면 해야 해.,빨개?,속이 안 좋아질 것 같아요.,반말형,,,,,45.0,80.0,50.0,78.0,55.0,0.73902,0.0,38.0,0.0,0.0,0.2459,촬영해야 해.,나도 벗을게.,일본어 원문 + 타임스탬프 사진 + 장면 연속성,40.42,T3,화자·문맥·자연스러움 집중 검토,,95.1858108108108,63.42,P2,앞뒤 5블록·사진·오류 기억을 함께 검토
SSIS-652,사진 대조 재번역본,702,"01:10:50,230 --> 01:10:52,230",2.0,부탁드립니다. 안 돼.,쉬게 해 주세요.,S1 여배우랑 하면 두세 번으로 끝낼 수 없지?,존댓말형,,,,,45.0,80.0,50.0,78.0,55.0,0.57861,28.92,38.0,0.0,18.0,0.891,잘 부탁드립니다.,좋은 아침입니다.,,40.33,T3,화자·문맥·자연스러움 집중 검토,formality_shift,95.10135135135135,63.33,P2,앞뒤 5블록·사진·오류 기억을 함께 검토
SSIS-652,사진 대조 재번역본,363,"00:42:05,580 --> 00:42:05,800",0.22,부탁드립니다.,"아니, 그게 아니라 만지고 싶어서.",하지만 바보잖아.,존댓말형,,,,,45.0,80.0,50.0,78.0,55.0,0.33901,38.22,38.0,70.0,35.0,0.9685,잘 부탁드립니다.,좋은 아침입니다.,,40.3,T3,화자·문맥·자연스러움 집중 검토,formality_jump;high_cps,95.0168918918919,63.28,P2,앞뒤 5블록·사진·오류 기억을 함께 검토
SSIS-652,사진 대조 재번역본,230,"00:26:37,720 --> 00:26:42,460",4.74,긴장이 풀려요. 그런데 여기 오니까 또…,"있잖아, 또 긴장했어?",긴장했어?,중립·혼합형,,,,,45.0,80.0,50.0,78.0,55.0,0.73478,0.0,38.0,0.0,0.0,0.3438,여기 오니까 시원하네.,입 막지 마.,일본어 원문 + 타임스탬프 사진 + 장면 연속성,40.24,T3,화자·문맥·자연스러움 집중 검토,,94.8902027027027,63.19,P2,앞뒤 5블록·사진·오류 기억을 함께 검토
SSIS-652,사진 대조 재번역본,506,"00:55:47,530 --> 00:55:50,050",2.52,잠깐만요.,응.,괜찮아. 다시 하자.,반응형,,,,,45.0,80.0,50.0,78.0,55.0,0.55481,42.0,38.0,0.0,0.0,1.0,잠깐만요.,조금만 기다려.,일본어 원문 대조 + 자연스러운 한국어 대사 교정,40.24,T3,화자·문맥·자연스러움 집중 검토,,94.8902027027027,63.19,P2,앞뒤 5블록·사진·오류 기억을 함께 검토
SSIS-652,사진 대조 재번역본,903,"01:33:07,240 --> 01:33:08,880",1.64,한 번 더 하고 싶어졌어.,뭐? 잠깐… 잠깐…,한 번 더? 배불러.,반응형,,,,,45.0,80.0,50.0,78.0,55.0,0.73358,0.0,38.0,0.0,0.0,0.3735,사람이 더 없어졌어.,사람이 완전히 없어졌네.,일본어 원문 대조 + 자연스러운 한국어 대사 교정,40.19,T3,화자·문맥·자연스러움 집중 검토,,94.76351351351352,63.11,P2,앞뒤 5블록·사진·오류 기억을 함께 검토
SSIS-652,사진 대조 재번역본,429,"00:49:50,140 --> 00:49:52,920",2.78,그렇게 목이 메면 기분 좋지 않잖아.,어때요?,응?,반말형,,,,,45.0,80.0,50.0,78.0,55.0,0.73254,0.0,38.0,0.0,0.0,0.2281,기분 좋지?,흥분되면 말해 봐.,화면 영문 자막 대조,40.15,T3,화자·문맥·자연스러움 집중 검토,,94.67905405405406,63.05,P2,앞뒤 5블록·사진·오류 기억을 함께 검토
SSIS-652,사진 대조 재번역본,1075,"02:15:14,160 --> 02:15:22,460",8.3,"아니, 너 때문에 허리가 풀린 것 같아.","잠깐, 잠깐.",이번에도 안 돼? 이제 정말 안 돼?,중립·혼합형,,,,,45.0,80.0,50.0,78.0,55.0,0.73152,0.0,38.0,0.0,0.0,0.3275,갈 것 같아.,진짜 갈 것 같아.,일본어 원문 대조 + 자연스러운 한국어 대사 교정,40.1,T3,화자·문맥·자연스러움 집중 검토,,94.5945945945946,62.99,P2,앞뒤 5블록·사진·오류 기억을 함께 검토
SSIS-652,사진 대조 재번역본,985,"02:06:39,560 --> 02:06:41,060",1.5,그런 말 들으면 기분 좋아요.,"응, 정말 잘 어울려.",조금 어려 보이지 않아요?,반응형,,,타임스탬프 사진과 앞뒤 장면으로 대사 기능 복원,중간,38.0,78.0,50.0,78.0,62.0,0.72086,0.0,38.0,0.0,0.0,0.6168,기분 좋아요.,"아, 좋아요.",화면 영문 자막 대조,40.08,T3,화자·문맥·자연스러움 집중 검토,,94.51013513513513,62.94,P2,앞뒤 5블록·사진·오류 기억을 함께 검토
SSIS-652,사진 대조 재번역본,172,"00:12:37,200 --> 00:12:37,380",0.18,"네, 그래요.",뭘까요.,깜짝 놀랐어요?,반말형,,,,,45.0,80.0,50.0,78.0,55.0,0.52777,0.0,38.0,70.0,18.0,0.3555,"네, 네.",네.,불필요한 반복 제거,39.99,T3,화자·문맥·자연스러움 집중 검토,formality_shift;high_cps,94.42567567567568,62.85,P2,앞뒤 5블록·사진·오류 기억을 함께 검토
SSIS-652,사진 대조 재번역본,361,"00:41:59,440 --> 00:42:01,420",1.98,바보한테는 못 만지게 해 줄 거야.,바보야?,"아니, 그게 아니라 만지고 싶어서.",반말형,,,,,45.0,80.0,50.0,78.0,55.0,0.7267,0.0,38.0,0.0,0.0,0.2501,싫은 거야.,싫어?,일본어 원문 대조 + 자연스러운 한국어 대사 교정,39.9,T3,화자·문맥·자연스러움 집중 검토,,94.34121621621621,62.77,P2,앞뒤 5블록·사진·오류 기억을 함께 검토
SSIS-652,사진 대조 재번역본,624,"01:04:22,060 --> 01:04:25,520",3.46,다음엔 뒤에서 넣어 줘.,갈 것 같아?,네.,반응형,,,,,45.0,80.0,50.0,78.0,59.0,0.71765,0.0,38.0,0.0,0.0,0.3641,다음엔 열심히 할게요.,다음엔 더 열심히 할게요.,사진 장면 확인 및 한국어 번역투·ASR 오역 교정,39.76,T3,화자·문맥·자연스러움 집중 검토,,94.25675675675676,62.65,P2,앞뒤 5블록·사진·오류 기억을 함께 검토
SSIS-652,사진 대조 재번역본,515,"00:56:11,590 --> 00:56:13,470",1.88,쉴 수 있을 리가 없지.,쉬어? 쉴 틈은 없어.,쉴 틈은 없어.,반말형,,,,,45.0,80.0,50.0,78.0,55.0,0.64718,17.71,38.0,0.0,0.0,0.7976,이길 수 있을 리가 없지.,더 깊이…,타임스탬프 사진으로 장면 불일치 확인 후 재복원,39.75,T3,화자·문맥·자연스러움 집중 검토,,94.1722972972973,62.61,P2,앞뒤 5블록·사진·오류 기억을 함께 검토
SSIS-652,사진 대조 재번역본,925,"01:38:12,230 --> 01:38:12,370",0.14,할 수 있었잖아?,아침이라서?,싫어.,반응형,,,,,45.0,80.0,50.0,78.0,55.0,0.55568,0.0,38.0,70.0,0.0,0.3879,너도 느끼고 있었잖아.,너도 좋아했잖아.,,39.72,T3,화자·문맥·자연스러움 집중 검토,high_cps,94.08783783783784,62.55,P2,앞뒤 5블록·사진·오류 기억을 함께 검토
SSIS-652,사진 대조 재번역본,966,"02:04:59,170 --> 02:05:00,390",1.22,좋은 느낌으로 찍어 주세요.,한 번 더 해 볼게요.,안 돼?,반응형,,,,,45.0,80.0,50.0,78.0,55.0,0.68727,0.0,38.0,0.0,18.0,0.3674,쉬어 주세요.,잠깐 쉬게 해 주세요.,사진 장면 확인 및 한국어 번역투·ASR 오역 교정,39.69,T3,화자·문맥·자연스러움 집중 검토,formality_shift,94.00337837837837,62.5,P2,앞뒤 5블록·사진·오류 기억을 함께 검토
SSIS-652,사진 대조 재번역본,273,"00:30:10,410 --> 00:30:13,090",2.68,아까부터 계속 생각하고 있어…,뭔가 변했어.,이제 꽤 했으니 잠깐 쉬자.,반응형,,,,,45.0,80.0,50.0,78.0,55.0,0.71983,0.0,38.0,0.0,0.0,0.4598,생각하고 있었어…,계속 생각하고 있었어.,일본어 원문 대조 + 자연스러운 한국어 대사 교정,39.61,T3,화자·문맥·자연스러움 집중 검토,,93.8766891891892,62.4,P2,앞뒤 5블록·사진·오류 기억을 함께 검토
SSIS-652,사진 대조 재번역본,448,"00:50:47,680 --> 00:50:50,820",3.14,네. 쓰고 싶어서 지금 쓰고 있어요.,이거 쓰고 있어?,뭘 열심히 하는 거야? 이걸 쓰면서.,반말형,,,,,45.0,80.0,50.0,78.0,55.0,0.71981,0.0,38.0,0.0,0.0,0.2702,안대 쓰고 있는 모습 보니까 진짜 좋네.,안대 쓴 모습 보니까 더 야하네.,일본어 원문 대조 + 자연스러운 한국어 대사 교정,39.61,T3,화자·문맥·자연스러움 집중 검토,,93.8766891891892,62.4,P2,앞뒤 5블록·사진·오류 기억을 함께 검토
SSIS-652,사진 대조 재번역본,1050,"02:13:36,600 --> 02:13:37,540",0.94,조금씩 더 깊이 해 볼게.,괜찮아요.,그대로 천천히 움직일게.,반말형,,,타임스탬프 사진과 앞뒤 장면으로 대사 기능 복원,중간,38.0,78.0,50.0,78.0,62.0,0.70848,0.0,38.0,0.0,0.0,0.2905,높이를 조금씩 맞춰 갈게요.,조금씩 더 깊이 해 볼게.,타임스탬프 사진과 앞뒤 장면으로 대사 기능 복원,39.56,T3,화자·문맥·자연스러움 집중 검토,,93.75,62.32,P2,앞뒤 5블록·사진·오류 기억을 함께 검토
SSIS-652,사진 대조 재번역본,134,"00:09:57,520 --> 00:10:03,500",5.98,한번 아이스크림이나 음료를 사러 갈게요.,아이스크림 같은 것도 있나요? 먹고 싶어요?,응?,반응형,,,,,45.0,80.0,50.0,78.0,55.0,0.71736,0.0,38.0,0.0,0.0,0.2236,잠깐 쉬었다 갈게요.,조금만 쉬자.,일본어 원문 대조 + 자연스러운 한국어 대사 교정,39.51,T3,화자·문맥·자연스러움 집중 검토,,93.66554054054053,62.26,P2,앞뒤 5블록·사진·오류 기억을 함께 검토
SSIS-652,사진 대조 재번역본,557,"00:58:46,840 --> 00:58:47,720",0.88,정말 잘 어울려요.,부끄러워요?,잘 어울려요.,반응형,,,,,45.0,80.0,50.0,78.0,55.0,0.53703,42.0,38.0,0.0,0.0,1.0,정말 잘 어울려요.,물 온도 괜찮아요.,타임스탬프 사진과 앞뒤 장면으로 대사 기능 복원,39.5,T3,화자·문맥·자연스러움 집중 검토,,93.58108108108108,62.21,P2,앞뒤 5블록·사진·오류 기억을 함께 검토
SSIS-652,사진 대조 재번역본,757,"01:15:12,200 --> 01:15:15,920",3.72,그렇게 세게 하진 않았어.,아까 손톱으로 긁은 건 아니잖아.,혼자 씻는 것보단 낫지?,반응형,,,타임스탬프 사진과 앞뒤 장면으로 대사 기능 복원,중간,38.0,78.0,50.0,78.0,62.0,0.70417,0.0,38.0,0.0,0.0,0.3987,부족하지 않았어.,아직 부족하지?,손상된 일본어 ASR + 타임스탬프 사진 + 앞뒤 문맥 추론,39.38,T3,화자·문맥·자연스러움 집중 검토,,93.49662162162163,62.11,P2,앞뒤 5블록·사진·오류 기억을 함께 검토
SSIS-652,사진 대조 재번역본,601,"01:03:13,470 --> 01:03:15,750",2.28,나도 기분 좋게 해 줄 거지?,난 아직 부족하잖아.,네.,반말형,,,,,45.0,80.0,50.0,78.0,55.0,0.7132,0.0,38.0,0.0,0.0,0.512,잘 거지?,갈 수 있지?,사진 장면 확인 및 한국어 번역투·ASR 오역 교정,39.33,T3,화자·문맥·자연스러움 집중 검토,,93.36993243243244,62.03,P2,앞뒤 5블록·사진·오류 기억을 함께 검토
SSIS-652,사진 대조 재번역본,1054,"02:13:54,860 --> 02:13:58,340",3.48,"네, 방향을 바꿔 볼게요.",다음은 이쪽이에요.,고마워.,반말형,,,타임스탬프 사진과 앞뒤 장면으로 대사 기능 복원,중간,38.0,78.0,50.0,78.0,62.0,0.66888,0.0,38.0,0.0,18.0,0.3796,"네, 흐름을 돌려 볼게요.","네, 방향을 바꿔 볼게요.",,39.33,T3,화자·문맥·자연스러움 집중 검토,formality_shift,93.36993243243244,62.03,P2,앞뒤 5블록·사진·오류 기억을 함께 검토
SSIS-652,사진 대조 재번역본,867,"01:28:50,450 --> 01:29:05,870",15.42,매장에서 신분증을 확인할 수도 있습니다.,속옷을 안 입은 것처럼 보이네요.,거스름돈은 여기서 받아 주세요.,존댓말형,,,,,45.0,80.0,50.0,78.0,55.0,0.71229,0.0,38.0,0.0,0.0,0.2691,내 배를 쥐고 있습니다.,배에 힘이 들어가.,사진 속 반응과 문장 기능을 근거로 교정,39.3,T3,화자·문맥·자연스러움 집중 검토,,93.24324324324324,61.96,P2,앞뒤 5블록·사진·오류 기억을 함께 검토
SSIS-652,사진 대조 재번역본,701,"01:10:49,070 --> 01:10:50,230",1.16,쉬게 해 주세요.,기다려 주세요.,부탁드립니다. 안 돼.,중립·혼합형,,,,,45.0,80.0,50.0,78.0,55.0,0.5305,42.0,38.0,0.0,0.0,1.0,쉬게 해 주세요.,그만해.,장면과 충돌한 표현 교정,39.22,T3,화자·문맥·자연스러움 집중 검토,,93.15878378378379,61.87,P2,앞뒤 5블록·사진·오류 기억을 함께 검토
SSIS-652,사진 대조 재번역본,1184,"02:25:54,780 --> 02:26:01,000",6.22,"천천히, 천천히, 천천히.",정말 죽겠어?,,중립·혼합형,,,,,45.0,80.0,50.0,78.0,55.0,0.71001,0.0,38.0,0.0,0.0,0.6037,좀 더 천천히.,기억해 둘게.,일본어 원문 + 타임스탬프 사진 + 장면 연속성,39.2,T3,화자·문맥·자연스러움 집중 검토,,93.07432432432432,61.83,P2,앞뒤 5블록·사진·오류 기억을 함께 검토
SSIS-652,사진 대조 재번역본,1108,"02:18:45,750 --> 02:18:48,110",2.36,빵 종류는 먹기가 힘든가.,조금.,별로야?,중립·혼합형,,,,,45.0,80.0,50.0,78.0,55.0,0.70944,0.0,38.0,0.0,0.0,0.0705,"네, 메가.","네, 괜찮아요.",타임스탬프 사진과 앞뒤 장면으로 대사 기능 복원,39.18,T3,화자·문맥·자연스러움 집중 검토,,92.98986486486487,61.78,P2,앞뒤 5블록·사진·오류 기억을 함께 검토
SSIS-652,사진 대조 재번역본,306,"00:33:33,190 --> 00:33:34,010",0.82,부탁해.,대단해.,대단하잖아.,반말형,,,,,45.0,80.0,50.0,78.0,55.0,0.52632,42.0,38.0,0.0,0.0,1.0,부탁해.,그대로 해 줘.,손상된 일본어 ASR + 타임스탬프 사진 + 앞뒤 문맥 추론,39.05,T3,화자·문맥·자연스러움 집중 검토,,92.9054054054054,61.67,P2,앞뒤 5블록·사진·오류 기억을 함께 검토
SSIS-652,사진 대조 재번역본,381,"00:42:59,560 --> 00:43:15,990",16.43,만져 볼게요.,배도 좋네.,정말 대단해요.,중립·혼합형,,,,,45.0,80.0,50.0,78.0,55.0,0.70515,0.0,38.0,0.0,0.0,0.4317,"자, 우선 움직여 볼게요.","자, 우선 먹어 볼게요.",타임스탬프 사진과 앞뒤 장면으로 대사 기능 복원,39.0,T3,화자·문맥·자연스러움 집중 검토,,92.82094594594594,61.6,P2,앞뒤 5블록·사진·오류 기억을 함께 검토
SSIS-652,사진 대조 재번역본,983,"02:06:32,480 --> 02:06:36,100",3.62,일본인 같지 않은 몸매라는 말을 자주 들어요.,이런 속옷 좋아할 것 같아서 가져왔어요.,"응, 정말 잘 어울려.",반말형,,,타임스탬프 사진과 앞뒤 장면으로 대사 기능 복원,중간,38.0,78.0,50.0,78.0,62.0,0.69386,0.0,38.0,0.0,0.0,0.4224,일본 사람이 아닌 것 같다는 말을 자주 들어요.,일본인 같지 않은 몸매라는 말을 자주 들어요.,타임스탬프 사진과 앞뒤 장면으로 대사 기능 복원,38.94,T3,화자·문맥·자연스러움 집중 검토,,92.73648648648648,61.53,P2,앞뒤 5블록·사진·오류 기억을 함께 검토
SSIS-652,사진 대조 재번역본,565,"00:59:20,500 --> 00:59:23,080",2.58,카에데 씨 침을 많이 받고 싶어요.,침 주세요.,맛있어?,중립·혼합형,,,,,45.0,80.0,50.0,78.0,55.0,0.70156,0.0,38.0,0.0,0.0,0.322,카에데 후와 씨라는…,카에데 후우아 씨라는 분입니다.,출연자 이름 오인식 교정,38.85,T3,화자·문맥·자연스러움 집중 검토,,92.65202702702703,61.45,P2,앞뒤 5블록·사진·오류 기억을 함께 검토
SSIS-652,사진 대조 재번역본,475,"00:53:53,520 --> 00:53:53,700",0.18,"앗, 가 버렸어?",움직이고 있지?,가 버렸어요?,반응형,,,,,45.0,80.0,50.0,78.0,55.0,0.51909,3.61,38.0,70.0,0.0,0.6801,나와 버렸어?,또 나와 버렸어?,일본어 원문 대조 + 자연스러운 한국어 대사 교정,38.83,T3,화자·문맥·자연스러움 집중 검토,high_cps,92.4831081081081,61.36,P2,앞뒤 5블록·사진·오류 기억을 함께 검토
SSIS-652,사진 대조 재번역본,869,"01:29:09,210 --> 01:29:11,010",1.8,"네, 여기서 받을게요.",거스름돈은 여기서 받아 주세요.,네. 어? 어느 쪽이었지?,반말형,,,,,45.0,80.0,50.0,78.0,55.0,0.70116,0.0,38.0,0.0,0.0,0.345,여기서 자고 있어?,땀나고 있어?,사진 장면 확인 및 한국어 번역투·ASR 오역 교정,38.83,T3,화자·문맥·자연스러움 집중 검토,,92.4831081081081,61.36,P2,앞뒤 5블록·사진·오류 기억을 함께 검토
SSIS-652,사진 대조 재번역본,1172,"02:24:41,200 --> 02:25:14,500",33.3,"아, 더워, 더워, 더워, 더워, 더워, 더워.",어때요?,"아, 덥지 않아요? 느낌이 강해요.",중립·혼합형,,,,,45.0,80.0,50.0,78.0,55.0,0.59828,24.0,38.0,0.0,0.0,0.2195,더워요.,정말 덥네요.,사진 장면 확인 및 한국어 번역투·ASR 오역 교정,38.83,T3,화자·문맥·자연스러움 집중 검토,token_repetition,92.4831081081081,61.36,P2,앞뒤 5블록·사진·오류 기억을 함께 검토
SSIS-652,사진 대조 재번역본,452,"00:51:01,710 --> 00:51:03,810",2.1,네. 많이 노력할게요.,오늘도 많이 힘내.,넣을까?,반말형,,,,,45.0,80.0,50.0,78.0,55.0,0.69765,0.0,38.0,0.0,0.0,0.223,"자, 시작할게요.",좋은 아침입니다.,,38.68,T3,화자·문맥·자연스러움 집중 검토,,92.3141891891892,61.21,P2,앞뒤 5블록·사진·오류 기억을 함께 검토
SSIS-652,사진 대조 재번역본,954,"02:03:03,610 --> 02:03:04,970",1.36,"나, 몸이 무거워.","힘내, 힘내.",위험해.,중립·혼합형,,,,,45.0,80.0,50.0,78.0,55.0,0.69677,0.0,38.0,0.0,0.0,0.2212,"아니, 뜨거워.",몸이 뜨거워.,손상된 일본어 ASR + 타임스탬프 사진 + 앞뒤 문맥 추론,38.64,T3,화자·문맥·자연스러움 집중 검토,,92.22972972972973,61.15,P2,앞뒤 5블록·사진·오류 기억을 함께 검토
SSIS-652,사진 대조 재번역본,12,"00:00:49,360 --> 00:00:50,060",0.7,특별히 신경 쓰는 게 있나요?,너무 거칠게 몰아붙이기보다는 상대 반응을 보면서 자극했던 것 같아요.,"음, 시간을 들이고 강약을 조절하는 거예요.",존댓말형,,,,,45.0,80.0,50.0,78.0,55.0,0.63661,0.0,38.0,25.0,0.0,0.2675,여기엔 아직 부족하다고 적혀 있나요?,여기엔 뭐라고 적혀 있어요?,의미가 깨진 안내문 관련 문장 교정,38.62,T3,화자·문맥·자연스러움 집중 검토,borderline_cps,92.10304054054053,61.08,P2,앞뒤 5블록·사진·오류 기억을 함께 검토
SSIS-652,사진 대조 재번역본,719,"01:11:45,530 --> 01:11:46,610",1.08,그럼 샤워할까.,맛있네.,네.,중립·혼합형,,,,,45.0,80.0,50.0,78.0,59.0,0.69045,0.0,38.0,0.0,0.0,0.2605,뭐 할까.,이제 뭐 할까?,일본어 원문 대조 + 자연스러운 한국어 대사 교정,38.62,T3,화자·문맥·자연스러움 집중 검토,,92.10304054054053,61.08,P2,앞뒤 5블록·사진·오류 기억을 함께 검토
SSIS-652,사진 대조 재번역본,129,"00:09:24,600 --> 00:09:27,800",3.2,"이것도 괜찮아요? 맞아, 맞아, 맞아.",생각보다 꽤 크네.,귀여워.,반응형,,,,,45.0,80.0,50.0,78.0,55.0,0.59251,24.0,38.0,0.0,0.0,0.2377,이것도 그렇게...,이것도 그렇게…,,38.59,T3,화자·문맥·자연스러움 집중 검토,token_repetition,91.93412162162163,60.99,P2,앞뒤 5블록·사진·오류 기억을 함께 검토
SSIS-652,사진 대조 재번역본,667,"01:09:28,590 --> 01:09:30,170",1.58,전혀 못 받았어요.,저는 보고 있어요.,그러게. 별거 없네.,반응형,,,,,45.0,80.0,50.0,78.0,59.0,0.68983,0.0,38.0,0.0,0.0,0.2414,"있잖아, 전혀 못 했잖아. 별거 없네.","있잖아, 아직 제대로 못 했잖아.",사진 장면 확인 및 한국어 번역투·ASR 오역 교정,38.59,T3,화자·문맥·자연스러움 집중 검토,,91.93412162162163,60.99,P2,앞뒤 5블록·사진·오류 기억을 함께 검토
SSIS-652,사진 대조 재번역본,687,"01:10:30,310 --> 01:10:30,570",0.26,한 번 더 할 거야.,한 번 더 할게.,응.,반말형,,,,,45.0,80.0,50.0,78.0,55.0,0.53871,0.0,38.0,64.62,0.0,0.4845,싫은 거야.,싫어?,일본어 원문 대조 + 자연스러운 한국어 대사 교정,38.47,T3,화자·문맥·자연스러움 집중 검토,high_cps,91.80743243243244,60.87,P2,앞뒤 5블록·사진·오류 기억을 함께 검토
SSIS-652,사진 대조 재번역본,370,"00:42:20,100 --> 00:42:20,880",0.78,"네, 부탁드립니다.","에, 그래?",잘 만져 줘.,중립·혼합형,,,,,45.0,80.0,50.0,78.0,55.0,0.55592,31.58,38.0,0.0,0.0,0.9132,잘 부탁드립니다.,좋은 아침입니다.,,38.41,T3,화자·문맥·자연스러움 집중 검토,,91.72297297297297,60.8,P2,앞뒤 5블록·사진·오류 기억을 함께 검토
SSIS-652,사진 대조 재번역본,469,"00:52:35,620 --> 00:52:41,180",5.56,빨라? 빠른 게 좋지 않아?,이 자세로.,좋긴 한데요.,반응형,,,,,45.0,80.0,50.0,78.0,55.0,0.69057,0.0,38.0,0.0,0.0,0.293,좋지 않아...,좋지 않아…,,38.38,T3,화자·문맥·자연스러움 집중 검토,,91.63851351351352,60.75,P2,앞뒤 5블록·사진·오류 기억을 함께 검토
SSIS-652,사진 대조 재번역본,1183,"02:25:51,100 --> 02:25:52,100",1.0,정말 죽겠어?,그러다 죽을지도 몰라…,"천천히, 천천히, 천천히.",반응형,,,,,45.0,80.0,50.0,78.0,55.0,0.69031,0.0,38.0,0.0,0.0,0.2632,정말 좋아.,거기 좋아.,타임스탬프 사진과 장면 흐름으로 명백한 오인식 교정,38.37,T3,화자·문맥·자연스러움 집중 검토,,91.55405405405406,60.71,P2,앞뒤 5블록·사진·오류 기억을 함께 검토
SSIS-652,사진 대조 재번역본,841,"01:25:46,460 --> 01:25:48,080",1.62,찍어 두지 않으면 안 되겠네.,"그래, 그래, 그래.",혼나 버려.,반응형,,,,,45.0,80.0,50.0,78.0,55.0,0.69011,0.0,38.0,0.0,0.0,0.1381,"상대가 기분 좋아지지 않으면 의미가 없다고 생각해서, 조금 대화도 하면서 자극하는 게 제 방식이에요.","상대가 좋아하지 않으면 의미가 없으니까, 대화하면서 천천히 자극하는 편이에요.",,38.36,T3,화자·문맥·자연스러움 집중 검토,,91.4695945945946,60.67,P2,앞뒤 5블록·사진·오류 기억을 함께 검토
SSIS-652,사진 대조 재번역본,1059,"02:14:01,680 --> 02:14:04,040",2.36,그대로 안쪽까지 들어가요.,어디가 좋은지 알지?,갈 것 같아?,반응형,,,타임스탬프 사진과 앞뒤 장면으로 대사 기능 복원,중간,38.0,78.0,50.0,78.0,66.0,0.67195,0.0,38.0,0.0,0.0,0.5072,안쪽까지 안 가?,더 안쪽까지 안 들어가?,일본어 원문 대조 + 자연스러운 한국어 대사 교정,38.26,T3,화자·문맥·자연스러움 집중 검토,,91.38513513513513,60.57,P2,앞뒤 5블록·사진·오류 기억을 함께 검토
SSIS-652,사진 대조 재번역본,941,"01:51:33,760 --> 01:51:34,220",0.46,속이 안 좋아질 것 같아요.,속이 안 좋아질 것 같아요.,"큰일이야, 큰일.",반응형,,,,,45.0,80.0,50.0,78.0,55.0,0.56877,0.0,38.0,49.57,0.0,0.4487,기쁠 것 같아요.,그러면 기쁠 것 같아요.,사진 장면 확인 및 한국어 번역투·ASR 오역 교정,38.23,T3,화자·문맥·자연스러움 집중 검토,high_cps,91.30067567567568,60.52,P2,앞뒤 5블록·사진·오류 기억을 함께 검토
SSIS-652,사진 대조 재번역본,362,"00:42:01,780 --> 00:42:03,520",1.74,"아니, 그게 아니라 만지고 싶어서.",바보한테는 못 만지게 해 줄 거야.,부탁드립니다.,반응형,,,,,45.0,80.0,50.0,78.0,55.0,0.68676,0.0,38.0,0.0,0.0,0.3434,그게 아니라 조금씩 정리해.,그게 아니라 조금씩 먹어.,타임스탬프 사진과 앞뒤 장면으로 대사 기능 복원,38.22,T3,화자·문맥·자연스러움 집중 검토,,91.21621621621621,60.48,P2,앞뒤 5블록·사진·오류 기억을 함께 검토
SSIS-652,사진 대조 재번역본,918,"01:34:41,000 --> 01:34:42,960",1.96,"잠깐, 이제 정말 무리라니까요.",무리예요.,이제 정말 무리예요.,반응형,,,,,45.0,80.0,50.0,78.0,55.0,0.6861,0.0,38.0,0.0,0.0,0.2293,"잠깐, 잠깐만 쉬게 해 주세요.","잠깐, 잠깐만… 그만해.",장면과 충돌한 표현 교정,38.2,T3,화자·문맥·자연스러움 집중 검토,,91.13175675675676,60.43,P2,앞뒤 5블록·사진·오류 기억을 함께 검토
SSIS-652,사진 대조 재번역본,1166,"02:24:19,820 --> 02:24:21,460",1.64,나갈 시간은 있어. 괜찮아?,시간 없어? 시간 없어? 괜찮아.,그럼 제가 연장비를 낼게요.,반응형,,,,,45.0,80.0,50.0,78.0,55.0,0.68582,0.0,38.0,0.0,0.0,0.2867,더 해줘도 돼? 더 해줘. 괜찮아?,더 해 줘도 돼? 더 해 줘. 괜찮아?,,38.18,T3,화자·문맥·자연스러움 집중 검토,,91.0472972972973,60.38,P2,앞뒤 5블록·사진·오류 기억을 함께 검토
SSIS-652,사진 대조 재번역본,747,"01:13:10,100 --> 01:13:12,720",2.62,"안에 뭔가 있는 건가, 내가 하면.",그대로?,힘낼 수 있어?,중립·혼합형,,,,,45.0,80.0,50.0,78.0,55.0,0.68461,0.0,38.0,0.0,0.0,0.191,함박스테이크 먹고 싶어~ 라고 하면.,함박스테이크 먹고 싶어… 라고 하면.,,38.13,T3,화자·문맥·자연스러움 집중 검토,,90.96283783783784,60.32,P2,앞뒤 5블록·사진·오류 기억을 함께 검토
SSIS-652,사진 대조 재번역본,805,"01:22:33,290 --> 01:22:37,790",4.5,구역질은 금방 가라앉으니까.,한 번 더 할까.,뭐?,반응형,,,,,45.0,80.0,50.0,78.0,55.0,0.68374,0.0,38.0,0.0,0.0,0.1913,금방 하아 하고.,금방 숨이 가빠지네.,,38.1,T3,화자·문맥·자연스러움 집중 검토,,90.87837837837837,60.27,P2,앞뒤 5블록·사진·오류 기억을 함께 검토
SSIS-652,사진 대조 재번역본,353,"00:41:30,860 --> 00:41:35,280",4.42,F컵도 있으니까 S1인 거네요.,F컵?,E바디는 D컵부터니까.,반말형,,,,,45.0,80.0,50.0,78.0,55.0,0.68185,0.0,38.0,0.0,0.0,0.111,빨아 주고 싶으니까 해 볼게요.,"응, 계속해.",손상된 일본어 ASR + 타임스탬프 사진 + 앞뒤 문맥 추론,38.02,T3,화자·문맥·자연스러움 집중 검토,,90.79391891891892,60.19,P2,앞뒤 5블록·사진·오류 기억을 함께 검토
SSIS-652,사진 대조 재번역본,1055,"02:13:58,380 --> 02:13:58,580",0.2,고마워.,"네, 방향을 바꿔 볼게요.",어때?,중립·혼합형,,,,,45.0,80.0,50.0,78.0,55.0,0.42838,42.0,38.0,30.0,0.0,1.0,고마워.,손으로 잡아 줘.,일본어 원문 + 타임스탬프 사진 + 장면 연속성,37.93,T3,화자·문맥·자연스러움 집중 검토,high_cps,90.70945945945947,60.1,P2,앞뒤 5블록·사진·오류 기억을 함께 검토
SSIS-652,사진 대조 재번역본,304,"00:33:23,940 --> 00:33:26,460",2.52,"있잖아, 벌써 섰어.",부드럽지 않아?,대단해.,반응형,,,,,45.0,80.0,50.0,78.0,55.0,0.67821,0.0,38.0,0.0,0.0,0.3837,"있잖아, 잠깐만...","있잖아, 잠깐만…",,37.86,T3,화자·문맥·자연스러움 집중 검토,,90.625,60.02,P2,앞뒤 5블록·사진·오류 기억을 함께 검토
SSIS-652,사진 대조 재번역본,558,"00:58:47,940 --> 00:58:48,520",0.58,잘 어울려요.,정말 잘 어울려요.,네.,반응형,,,,,45.0,80.0,50.0,78.0,55.0,0.53571,33.14,38.0,0.0,0.0,0.9261,정말 잘 어울려요.,물 온도 괜찮아요.,타임스탬프 사진과 앞뒤 장면으로 대사 기능 복원,37.84,T3,화자·문맥·자연스러움 집중 검토,,90.54054054054053,59.97,P2,앞뒤 5블록·사진·오류 기억을 함께 검토
SSIS-652,사진 대조 재번역본,809,"01:22:52,590 --> 01:23:14,820",22.23,"장난치지 마, 이쪽 봐.",이제 찾으면 곧 끝날 거예요.,아!,반말형,,,,,45.0,80.0,50.0,78.0,55.0,0.64261,0.0,38.0,0.0,18.0,0.3321,"하지 마, 하지 마, 하지 마, 하지 마.","잠깐, 잠깐, 잠깐.",일본어 원문 대조 + 자연스러운 한국어 대사 교정,37.81,T3,화자·문맥·자연스러움 집중 검토,formality_shift,90.45608108108108,59.92,P2,앞뒤 5블록·사진·오류 기억을 함께 검토
SSIS-652,사진 대조 재번역본,909,"01:33:28,100 --> 01:33:30,440",2.34,안 돼? 밤은 길지 않잖아.,뭘 벗기는 거야?,그러니까 많이 하자.,반응형,,,,,45.0,80.0,50.0,78.0,55.0,0.67627,0.0,38.0,0.0,0.0,0.2285,유두는 안 돼?,젖꼭지는 안 돼?,,37.78,T3,화자·문맥·자연스러움 집중 검토,,90.37162162162163,59.87,P2,앞뒤 5블록·사진·오류 기억을 함께 검토
SSIS-652,사진 대조 재번역본,337,"00:40:11,070 --> 00:40:11,990",0.92,왜 그래?,잠깐만요.,유키 씨?,중립·혼합형,,,,,45.0,80.0,50.0,78.0,55.0,0.64362,7.43,38.0,0.0,0.0,0.7119,"음-, 왜 그래?",음… 왜 그래?,,37.75,T3,화자·문맥·자연스러움 집중 검토,,90.28716216216216,59.82,P2,앞뒤 5블록·사진·오류 기억을 함께 검토
SSIS-652,사진 대조 재번역본,308,"00:33:39,950 --> 00:33:42,610",2.66,옷 위로도 알겠어.,대단하잖아.,응.,반응형,,,,,45.0,80.0,50.0,78.0,55.0,0.67246,0.0,38.0,0.0,0.0,0.5352,왠지 알겠어.,어떻게 알았어?,손상된 일본어 ASR + 타임스탬프 사진 + 앞뒤 문맥 추론,37.62,T3,화자·문맥·자연스러움 집중 검토,,90.2027027027027,59.7,P2,앞뒤 5블록·사진·오류 기억을 함께 검토
SSIS-652,사진 대조 재번역본,548,"00:58:28,000 --> 00:58:29,380",1.38,보고 있으면 다시 설 것 같아요.,다시 설 것 같아요.,기다렸지?,중립·혼합형,,,,,45.0,80.0,50.0,78.0,55.0,0.67175,0.0,38.0,0.0,0.0,0.4176,기쁠 것 같아요.,그러면 기쁠 것 같아요.,사진 장면 확인 및 한국어 번역투·ASR 오역 교정,37.59,T3,화자·문맥·자연스러움 집중 검토,,90.11824324324324,59.65,P2,앞뒤 5블록·사진·오류 기억을 함께 검토
SSIS-652,사진 대조 재번역본,48,"00:02:50,660 --> 00:02:54,240",3.58,오늘 카에데 후와 씨를 만나러 갑니다.,아이자와입니다.,만난 적이 없어서 긴장되네요.,중립·혼합형,,,,,45.0,80.0,50.0,78.0,55.0,0.67068,0.0,38.0,0.0,0.0,0.5508,"오늘 카에데 후와 씨를 만나는데요,",오늘 카에데 후와 씨를 만나는데요,,37.55,T3,화자·문맥·자연스러움 집중 검토,,90.03378378378379,59.59,P2,앞뒤 5블록·사진·오류 기억을 함께 검토
SSIS-652,사진 대조 재번역본,1003,"02:08:15,040 --> 02:08:15,520",0.48,젖꼭지는 안 돼?,네.,후후후후.,반말형,,,,,45.0,80.0,50.0,78.0,59.0,0.66137,0.0,38.0,0.0,0.0,0.2977,유두는 안 돼?,젖꼭지는 안 돼?,,37.4,T3,화자·문맥·자연스러움 집중 검토,,89.94932432432432,59.47,P2,앞뒤 5블록·사진·오류 기억을 함께 검토
SSIS-652,사진 대조 재번역본,807,"01:22:44,730 --> 01:22:45,970",1.24,"자, 다음으로 넘어갈게요.",뭐?,이제 찾으면 곧 끝날 거예요.,반응형,,,,,45.0,80.0,50.0,78.0,55.0,0.66627,0.0,38.0,0.0,0.0,0.3388,세 번째 자세로 넘어갈게.,이번엔 입으로 해 줘.,타임스탬프 사진과 장면 흐름으로 명백한 오인식 교정,37.36,T3,화자·문맥·자연스러움 집중 검토,,89.86486486486487,59.41,P2,앞뒤 5블록·사진·오류 기억을 함께 검토
SSIS-652,사진 대조 재번역본,93,"00:07:16,380 --> 00:07:17,320",0.94,나중에 뭔가 또 있으니까.,더워.,"아, 들켜 버렸어.",반응형,,,,,45.0,80.0,50.0,78.0,55.0,0.66597,0.0,38.0,0.0,0.0,0.2411,이 영상은 나중에 후와 씨에게도 보여 줄 텐데요.,이 영상은 나중에 후우아 씨에게도 보여 드릴 텐데요.,출연자 이름 오인식 교정,37.35,T3,화자·문맥·자연스러움 집중 검토,,89.73817567567568,59.35,P2,앞뒤 5블록·사진·오류 기억을 함께 검토
SSIS-652,사진 대조 재번역본,555,"00:58:43,100 --> 00:58:45,100",2.0,둘만 있으니 좀 부끄럽잖아.,이거.,부끄러워요?,반응형,,,,,45.0,80.0,50.0,78.0,55.0,0.66589,0.0,38.0,0.0,0.0,0.1552,역에서 구매할 때의 금액과 다를 수 있으니 양해 바랍니다.,차내에서 구매하면 역 판매 금액과 다를 수 있으니 양해 바랍니다.,,37.35,T3,화자·문맥·자연스러움 집중 검토,,89.73817567567568,59.35,P2,앞뒤 5블록·사진·오류 기억을 함께 검토
SSIS-652,사진 대조 재번역본,206,"00:25:01,580 --> 00:25:01,900",0.32,감사합니다.,미안해.,열게요.,존댓말형,,,,,45.0,80.0,50.0,78.0,55.0,0.39136,42.0,38.0,25.0,18.0,1.0,감사합니다.,고마워요.,타임스탬프 사진과 앞뒤 장면으로 대사 기능 복원,37.32,T3,화자·문맥·자연스러움 집중 검토,borderline_cps;formality_shift,89.56925675675676,59.26,P2,앞뒤 5블록·사진·오류 기억을 함께 검토
SSIS-652,사진 대조 재번역본,418,"00:48:42,210 --> 00:48:42,870",0.66,소리 전부 들려 줘.,네.,어이쿠.,중립·혼합형,,,,,45.0,80.0,50.0,78.0,55.0,0.66518,0.0,38.0,0.0,0.0,0.2579,더 보지 소리 들려주지 않을래?,더 좋은 소리 들려주지 않을래?,타임스탬프 사진과 장면 흐름으로 명백한 오인식 교정,37.32,T3,화자·문맥·자연스러움 집중 검토,,89.56925675675676,59.26,P2,앞뒤 5블록·사진·오류 기억을 함께 검토
SSIS-652,사진 대조 재번역본,958,"02:03:12,910 --> 02:03:15,090",2.18,응? 뭔가 나올 것 같아요.,나와 줘.,"앗, 앗, 앗, 앗, 앗, 앗, 하고 있으면, 앗.",반응형,,,,,45.0,80.0,50.0,78.0,55.0,0.66322,0.0,38.0,0.0,0.0,0.4578,기쁠 것 같아요.,그러면 기쁠 것 같아요.,사진 장면 확인 및 한국어 번역투·ASR 오역 교정,37.24,T3,화자·문맥·자연스러움 집중 검토,,89.44256756756756,59.17,P2,앞뒤 5블록·사진·오류 기억을 함께 검토
SSIS-652,사진 대조 재번역본,1070,"02:14:53,670 --> 02:14:55,370",1.7,대단해. 봐.,아아아!,네.,반말형,,,,,45.0,80.0,50.0,78.0,55.0,0.55285,25.52,38.0,0.0,0.0,0.8626,대단해.,기분 좋네.,일본어 원문 + 타임스탬프 사진 + 장면 연속성,37.19,T3,화자·문맥·자연스러움 집중 검토,,89.3581081081081,59.1,P2,앞뒤 5블록·사진·오류 기억을 함께 검토
SSIS-652,사진 대조 재번역본,766,"01:16:34,900 --> 01:16:45,220",10.32,아까 거짓말이었잖아. 서 있잖아…,있잖아…,"아, 그쪽으로 갔어.",반응형,,,,,45.0,80.0,50.0,78.0,55.0,0.66112,0.0,38.0,0.0,0.0,0.3462,서 있잖아.,완전히 서 있잖아.,일본어 원문 대조 + 자연스러운 한국어 대사 교정,37.15,T3,화자·문맥·자연스러움 집중 검토,,89.27364864864865,59.04,P2,앞뒤 5블록·사진·오류 기억을 함께 검토
SSIS-652,사진 대조 재번역본,944,"01:52:47,900 --> 01:54:17,540",89.64,으악 하고.,그리고 젖꼭지도.,으악 하고.,반응형,,,,,45.0,80.0,50.0,78.0,55.0,0.66014,0.0,38.0,0.0,0.0,0.4552,금방 하아 하고.,금방 숨이 가빠지네.,,37.11,T3,화자·문맥·자연스러움 집중 검토,,89.1891891891892,58.98,P2,앞뒤 5블록·사진·오류 기억을 함께 검토
SSIS-652,사진 대조 재번역본,902,"01:33:01,400 --> 01:33:05,080",3.68,뭐? 잠깐… 잠깐…,"그게 아니라, 말하자면…",한 번 더 하고 싶어졌어.,반응형,,,,,45.0,80.0,50.0,78.0,55.0,0.51253,34.29,38.0,0.0,0.0,0.9357,잠깐…,그리고…,일본어 원문 대조 + 자연스러운 한국어 대사 교정,37.08,T3,화자·문맥·자연스러움 집중 검토,,89.10472972972973,58.93,P2,앞뒤 5블록·사진·오류 기억을 함께 검토
SSIS-652,사진 대조 재번역본,794,"01:21:17,240 --> 01:21:19,980",2.74,"거짓말했으니까, 나는 쉬고 있었으니까.",또 힘내야겠네요.,"일단, 일단, 일단, 일단.",반응형,,,,,45.0,80.0,50.0,78.0,55.0,0.65902,0.0,38.0,0.0,0.0,0.2781,세게 깨물었으니까.,어느 쪽부터 베어 먹었을까?,,37.06,T3,화자·문맥·자연스러움 집중 검토,,89.02027027027027,58.88,P2,앞뒤 5블록·사진·오류 기억을 함께 검토
SSIS-652,사진 대조 재번역본,1137,"02:20:48,840 --> 02:20:52,220",3.38,그래도 조금은 더 먹어야지.,큰일이야.,"응, 이런 거 좋아하잖아.",반응형,,,타임스탬프 사진과 앞뒤 장면으로 대사 기능 복원,중간,38.0,78.0,50.0,78.0,62.0,0.64841,0.0,38.0,0.0,0.0,0.2311,그래도 계속 하고 싶어.,그래도 계속하고 싶어.,손상된 일본어 ASR + 타임스탬프 사진 + 앞뒤 문맥 추론,37.03,T3,화자·문맥·자연스러움 집중 검토,,88.9358108108108,58.83,P2,앞뒤 5블록·사진·오류 기억을 함께 검토
SSIS-652,사진 대조 재번역본,512,"00:56:02,610 --> 00:56:04,630",2.02,조금만 쉬었다가.,뭐?,조금 쉴까?,중립·혼합형,,,,,45.0,80.0,50.0,78.0,55.0,0.65647,0.0,38.0,0.0,0.0,0.3656,조금만 쉬자.,조금 쉬자.,일본어 원문 대조 + 자연스러운 한국어 대사 교정,36.95,T3,화자·문맥·자연스러움 집중 검토,,88.85135135135135,58.75,P2,앞뒤 5블록·사진·오류 기억을 함께 검토
SSIS-652,사진 대조 재번역본,1165,"02:24:16,460 --> 02:24:19,740",3.28,시간 없어? 시간 없어? 괜찮아.,시간도 없어요.,나갈 시간은 있어. 괜찮아?,반응형,,,,,45.0,80.0,50.0,78.0,55.0,0.6402,3.75,38.0,0.0,0.0,0.6813,없어?,진짜로?,일본어 원문 대조 + 자연스러운 한국어 대사 교정,36.94,T3,화자·문맥·자연스러움 집중 검토,,88.7668918918919,58.71,P2,앞뒤 5블록·사진·오류 기억을 함께 검토
SSIS-652,사진 대조 재번역본,44,"00:02:37,080 --> 00:02:38,140",1.06,열심히 하겠습니다.,네.,수고하셨습니다.,존댓말형,,,,,45.0,80.0,50.0,78.0,55.0,0.47601,42.0,38.0,0.0,0.0,1.0,열심히 하겠습니다.,힘내 볼게요.,,36.93,T3,화자·문맥·자연스러움 집중 검토,,88.68243243243244,58.67,P2,앞뒤 5블록·사진·오류 기억을 함께 검토
SSIS-652,사진 대조 재번역본,267,"00:28:47,110 --> 00:28:49,910",2.8,섰어?,어라?,섰어.,반응형,,,,,45.0,80.0,50.0,78.0,55.0,0.47433,42.0,38.0,0.0,0.0,1.0,섰어?,쭉 편 거야?,일본어 원문 대조 + 자연스러운 한국어 대사 교정,36.86,T3,화자·문맥·자연스러움 집중 검토,,88.59797297297297,58.59,P2,앞뒤 5블록·사진·오류 기억을 함께 검토
SSIS-652,사진 대조 재번역본,382,"00:43:24,420 --> 00:43:25,520",1.1,정말 대단해요.,만져 볼게요.,흔들리네.,반말형,,,,,45.0,80.0,50.0,78.0,55.0,0.65411,0.0,38.0,0.0,0.0,0.3075,대단해.,기분 좋네.,일본어 원문 + 타임스탬프 사진 + 장면 연속성,36.85,T3,화자·문맥·자연스러움 집중 검토,,88.51351351351352,58.55,P2,앞뒤 5블록·사진·오류 기억을 함께 검토
SSIS-652,사진 대조 재번역본,1159,"02:24:00,180 --> 02:24:01,740",1.56,한 번 더 할 수 있을 것 같지 않아?,저만 못 먹겠어요.,한 번 더?,반말형,,,,,45.0,80.0,50.0,78.0,55.0,0.65371,0.0,38.0,0.0,0.0,0.3128,다시 할 수 있을 때...,다시 할 수 있을 때…,,36.84,T3,화자·문맥·자연스러움 집중 검토,,88.42905405405406,58.51,P2,앞뒤 5블록·사진·오류 기억을 함께 검토
SSIS-652,사진 대조 재번역본,31,"00:02:07,100 --> 00:02:08,240",1.14,하고 싶은 게 정말 많아요.,거짓말 아니에요.,우선 작품을 구매해 주셔서 감사합니다.,반응형,,,,,45.0,80.0,50.0,78.0,55.0,0.65356,0.0,38.0,0.0,0.0,0.2983,정말 하고 싶었어.,봐도 돼?,일본어 원문 + 타임스탬프 사진 + 장면 연속성,36.83,T3,화자·문맥·자연스러움 집중 검토,,88.3445945945946,58.47,P2,앞뒤 5블록·사진·오류 기억을 함께 검토
SSIS-652,사진 대조 재번역본,973,"02:05:22,500 --> 02:05:29,240",6.74,조금 쉬어 주세요…,와…,절반.,반응형,,,,,45.0,80.0,50.0,78.0,55.0,0.6532,0.0,38.0,0.0,0.0,0.6355,조금 쉬어 주세요.,잠깐만요.,,36.81,T3,화자·문맥·자연스러움 집중 검토,,88.26013513513513,58.42,P2,앞뒤 5블록·사진·오류 기억을 함께 검토
SSIS-652,사진 대조 재번역본,542,"00:57:57,110 --> 00:57:58,470",1.36,야한 차이나 드레스도 있어.,분위기가 확 달라졌어요.,엄청 귀여워요.,반응형,,,,,45.0,80.0,50.0,78.0,55.0,0.65028,0.0,38.0,0.0,0.0,0.195,뒤에 있어.,뒤쪽도 보여 줘.,일본어 원문 대조 + 자연스러운 한국어 대사 교정,36.69,T3,화자·문맥·자연스러움 집중 검토,,88.17567567567568,58.31,P2,앞뒤 5블록·사진·오류 기억을 함께 검토
SSIS-652,사진 대조 재번역본,178,"00:20:08,280 --> 00:20:09,020",0.74,"네, 싫진 않았어요.",그래도 싫지는 않았죠?,정말 놀랐어요.,반응형,,,타임스탬프 사진과 앞뒤 장면으로 대사 기능 복원,중간,38.0,78.0,50.0,78.0,62.0,0.6393,0.0,38.0,0.0,0.0,0.4798,너무 놀라지는 않았어요.,그렇게 놀라진 않았어요.,,36.65,T3,화자·문맥·자연스러움 집중 검토,,88.04898648648648,58.24,P2,앞뒤 5블록·사진·오류 기억을 함께 검토
SSIS-652,사진 대조 재번역본,523,"00:56:36,850 --> 00:56:37,470",0.62,열심히 할게요.,"네, 그랬어요.",다른 옷으로 갈아입고 올게.,중립·혼합형,,,,,45.0,80.0,50.0,78.0,55.0,0.57223,18.0,38.0,0.0,0.0,0.8,다음엔 열심히 할게요.,다음엔 더 열심히 할게요.,사진 장면 확인 및 한국어 번역투·ASR 오역 교정,36.65,T3,화자·문맥·자연스러움 집중 검토,,88.04898648648648,58.24,P2,앞뒤 5블록·사진·오류 기억을 함께 검토
SSIS-652,사진 대조 재번역본,472,"00:53:00,680 --> 00:53:37,530",36.85,"앗, 가, 갈 것 같아.","아, 아, 잠깐만요, 이거.",가까워지면 기다려 줘…,반응형,,,,,45.0,80.0,50.0,78.0,55.0,0.63876,2.17,38.0,0.0,0.0,0.6681,갈 것 같아.,진짜 갈 것 같아.,일본어 원문 대조 + 자연스러운 한국어 대사 교정,36.6,T3,화자·문맥·자연스러움 집중 검토,,87.9222972972973,58.16,P2,앞뒤 5블록·사진·오류 기억을 함께 검토
SSIS-652,사진 대조 재번역본,763,"01:15:47,340 --> 01:16:04,310",16.97,"네, 잠깐만요.",고마워요.,"아, 아, 아, 아.",반응형,,,,,45.0,80.0,50.0,78.0,55.0,0.52228,29.3,38.0,0.0,0.0,0.8941,잠깐만요.,조금만 기다려.,일본어 원문 대조 + 자연스러운 한국어 대사 교정,36.59,T3,화자·문맥·자연스러움 집중 검토,,87.83783783783784,58.11,P2,앞뒤 5블록·사진·오류 기억을 함께 검토
SSIS-652,사진 대조 재번역본,479,"00:54:01,880 --> 00:54:03,800",1.92,금방 가까워져서 그래.,"에, 너무 빠르잖아.","있잖아, 너무 빠른데.",중립·혼합형,,,,,45.0,80.0,50.0,78.0,55.0,0.64766,0.0,38.0,0.0,0.0,0.4271,"아, 그래.",간다.,화면 영문 자막 대조,36.58,T3,화자·문맥·자연스러움 집중 검토,,87.75337837837837,58.07,P2,앞뒤 5블록·사진·오류 기억을 함께 검토
SSIS-652,사진 대조 재번역본,546,"00:58:24,320 --> 00:58:25,560",1.24,다시 섰어?,네.,다시 설 것 같아요.,반응형,,,,,45.0,80.0,50.0,78.0,55.0,0.56021,20.06,38.0,0.0,0.0,0.8172,섰어?,쭉 편 거야?,일본어 원문 대조 + 자연스러운 한국어 대사 교정,36.52,T3,화자·문맥·자연스러움 집중 검토,,87.66891891891892,58.0,P3,말투·질문응답·가독성 위주 검토
SSIS-652,사진 대조 재번역본,388,"00:43:56,950 --> 00:44:01,370",4.42,이걸로는 안 될지도 몰라요.,어느 정도로 느껴져?,괴롭혀 줘?,반말형,,,,,45.0,80.0,50.0,78.0,55.0,0.64557,0.0,38.0,0.0,0.0,0.1496,여기서 잘지도 몰라.,"응, 들어왔어.",일본어 원문 + 타임스탬프 사진 + 장면 연속성,36.49,T3,화자·문맥·자연스러움 집중 검토,,87.58445945945947,57.95,P3,말투·질문응답·가독성 위주 검토
SSIS-652,사진 대조 재번역본,1085,"02:16:45,320 --> 02:16:46,980",1.66,아침이랑 점심을 한꺼번에.,점심에 먹을지도 몰라.,점심에 일어나. 아침에는 푹 자?,반응형,,,,,45.0,80.0,50.0,78.0,55.0,0.64393,0.0,38.0,0.0,0.0,0.195,뜨거운 정액이 안쪽 깊숙이 한꺼번에 쏟아졌다.,뜨거운 정액이 보지 깊숙이 한꺼번에 쏟아졌다.,,36.43,T3,화자·문맥·자연스러움 집중 검토,,87.45777027027027,57.86,P3,말투·질문응답·가독성 위주 검토
SSIS-652,사진 대조 재번역본,1142,"02:21:24,340 --> 02:21:24,820",0.48,괜찮아.,괜찮아. 괜찮아.,또 섰어?,반응형,,,,,45.0,80.0,50.0,78.0,55.0,0.46405,42.0,38.0,0.0,0.0,1.0,괜찮아.,최고예요.,화면 영문 자막 대조,36.43,T3,화자·문맥·자연스러움 집중 검토,,87.45777027027027,57.86,P3,말투·질문응답·가독성 위주 검토
SSIS-652,사진 대조 재번역본,1147,"02:22:45,180 --> 02:22:48,760",3.58,그럼 이거 마실까.,여기는 솔직하거든.,아직 기다리고 있어.,중립·혼합형,,,,,45.0,80.0,50.0,78.0,55.0,0.64368,0.0,38.0,0.0,0.0,0.2038,"그럼 일단,",그럼 일단,,36.41,T3,화자·문맥·자연스러움 집중 검토,,87.33108108108108,57.8,P3,말투·질문응답·가독성 위주 검토
SSIS-652,사진 대조 재번역본,963,"02:04:03,200 --> 02:04:05,240",2.04,이제 됐다고 말해도 안 그만둘 거지.,응?,속이 안 좋아.,반말형,,,,,45.0,80.0,50.0,78.0,55.0,0.64291,0.0,38.0,0.0,0.0,0.3816,잘 거지.,갈 수 있어.,사진 장면 확인 및 한국어 번역투·ASR 오역 교정,36.38,T3,화자·문맥·자연스러움 집중 검토,,87.24662162162163,57.74,P3,말투·질문응답·가독성 위주 검토
SSIS-652,사진 대조 재번역본,658,"01:08:23,130 --> 01:08:24,490",1.36,엄청 기분 좋아.,"하아, 하아.","아, 하아.",반응형,,,,,45.0,80.0,50.0,78.0,55.0,0.56511,18.07,38.0,0.0,0.0,0.8006,기분 좋아.,"아, 좋아.",화면 영문 자막 대조,36.37,T3,화자·문맥·자연스러움 집중 검토,,87.16216216216216,57.7,P3,말투·질문응답·가독성 위주 검토
SSIS-652,사진 대조 재번역본,662,"01:08:45,970 --> 01:08:48,590",2.62,한 번 더 해 볼게요.,"네, 이제 세 번째예요…","네, 해 볼게요.",반말형,,,,,45.0,80.0,50.0,78.0,55.0,0.64196,0.0,38.0,0.0,0.0,0.4662,첫 번째부터 다시 해 볼게요.,처음부터 다시 넣어 볼게요.,사진 장면 확인 및 한국어 번역투·ASR 오역 교정,36.34,T3,화자·문맥·자연스러움 집중 검토,,87.0777027027027,57.65,P3,말투·질문응답·가독성 위주 검토
SSIS-652,사진 대조 재번역본,949,"01:59:38,200 --> 01:59:40,860",2.66,좋은 데서 뭐 하는 거야?,"있잖아, 뭐 하는 거야?","있잖아, 있잖아, 이제.",반말형,,,,,45.0,80.0,50.0,78.0,55.0,0.64171,0.0,38.0,0.0,0.0,0.4562,뭐라고 하는 거야?,뭐라고 말해야 해?,일본어 원문 대조 + 자연스러운 한국어 대사 교정,36.33,T3,화자·문맥·자연스러움 집중 검토,,86.99324324324324,57.61,P3,말투·질문응답·가독성 위주 검토
SSIS-652,사진 대조 재번역본,1047,"02:12:57,140 --> 02:13:19,680",22.54,"오, 기분 좋네.",피곤해?,"괜찮아요, 괜찮아요.",반말형,,,,,45.0,80.0,50.0,78.0,55.0,0.62768,3.13,38.0,0.0,0.0,0.6761,좋네.,좋아.,일본어 원문 대조 + 자연스러운 한국어 대사 교정,36.31,T3,화자·문맥·자연스러움 집중 검토,,86.90878378378379,57.56,P3,말투·질문응답·가독성 위주 검토
SSIS-652,사진 대조 재번역본,804,"01:22:04,390 --> 01:22:28,370",23.98,한 번 더 할까.,괜찮아?,구역질은 금방 가라앉으니까.,중립·혼합형,,,,,45.0,80.0,50.0,78.0,55.0,0.6105,6.9,38.0,0.0,0.0,0.7075,뭐 할까.,이제 뭐 할까?,일본어 원문 대조 + 자연스러운 한국어 대사 교정,36.26,T3,화자·문맥·자연스러움 집중 검토,,86.82432432432432,57.5,P3,말투·질문응답·가독성 위주 검토
SSIS-652,사진 대조 재번역본,752,"01:13:44,090 --> 01:13:50,650",6.56,"힘낼 거야, 힘낼게.","힘낼게, 힘낼게.",같이 힘내자.,반말형,,,,,45.0,80.0,50.0,78.0,55.0,0.63962,0.0,38.0,0.0,0.0,0.2668,"보통일 거야, 아마.","술은 보통 정도예요, 아마.",사진 장면 확인 및 한국어 번역투·ASR 오역 교정,36.24,T3,화자·문맥·자연스러움 집중 검토,,86.73986486486487,57.45,P3,말투·질문응답·가독성 위주 검토
SSIS-652,사진 대조 재번역본,1168,"02:24:25,320 --> 02:24:27,840",2.52,"연장비? 응, 연장 요금 낼 테니까.",그럼 제가 연장비를 낼게요.,내가 낼 테니까 괜찮지?,중립·혼합형,,,,,45.0,80.0,50.0,78.0,55.0,0.6378,0.0,38.0,0.0,0.0,0.3147,"자, 더 해줄 테니까.","자, 더 해 줄 테니까.",,36.17,T3,화자·문맥·자연스러움 집중 검토,,86.6554054054054,57.37,P3,말투·질문응답·가독성 위주 검토
SSIS-652,사진 대조 재번역본,478,"00:53:57,700 --> 00:54:00,200",2.5,"에, 너무 빠르잖아.","이거, 가 버렸어요?",금방 가까워져서 그래.,반응형,,,,,45.0,80.0,50.0,78.0,55.0,0.63764,0.0,38.0,0.0,0.0,0.2158,너무 빳빳하잖아.,계속 단단하잖아.,일본어 원문 대조 + 자연스러운 한국어 대사 교정,36.16,T3,화자·문맥·자연스러움 집중 검토,,86.57094594594594,57.33,P3,말투·질문응답·가독성 위주 검토
SSIS-652,사진 대조 재번역본,592,"01:02:31,330 --> 01:02:33,610",2.28,계속 그렇게 느껴 봐.,"느끼는 표정, 귀여워.",아하!,중립·혼합형,,,,,45.0,80.0,50.0,78.0,55.0,0.63639,0.0,38.0,0.0,0.0,0.243,그렇게 하면 안쪽이 꽉 차는 것 같아.,그렇게 하니까 안이 꽉 차네.,손상된 일본어 ASR + 타임스탬프 사진 + 앞뒤 문맥 추론,36.11,T3,화자·문맥·자연스러움 집중 검토,,86.44425675675676,57.25,P3,말투·질문응답·가독성 위주 검토
SSIS-652,사진 대조 재번역본,1104,"02:18:13,700 --> 02:18:15,440",1.74,그럼 플레인으로 하면 되겠네.,플레인과 딸기 맛 요구르트.,"건배하자, 지금 건배.",반응형,,,,,45.0,80.0,50.0,78.0,55.0,0.63643,0.0,38.0,0.0,0.0,0.1589,천천히 하면 돼.,천천히 하면 괜찮아.,일본어 원문 대조 + 자연스러운 한국어 대사 교정,36.11,T3,화자·문맥·자연스러움 집중 검토,,86.44425675675676,57.25,P3,말투·질문응답·가독성 위주 검토
SSIS-652,사진 대조 재번역본,389,"00:44:01,390 --> 00:44:01,770",0.38,괴롭혀 줘?,이걸로는 안 될지도 몰라요.,정말 대단하지.,중립·혼합형,,,,,45.0,80.0,50.0,78.0,59.0,0.62951,0.0,38.0,0.0,0.0,0.0772,"M-O 군을 괴롭혔는데, 정말 기분 좋아해 줬고 사정도 여러 번 시킬 수 있어서 좋았어요.","M-O 군을 괴롭혔는데 정말 좋아해 줬고, 여러 번 싸게 할 수 있어서 좋았어요.",사진 장면 확인 및 한국어 번역투·ASR 오역 교정,36.06,T3,화자·문맥·자연스러움 집중 검토,,86.31756756756756,57.17,P3,말투·질문응답·가독성 위주 검토
SSIS-652,사진 대조 재번역본,551,"00:58:32,260 --> 00:58:35,500",3.24,조금 어둡게 할까.,네.,왜요?,반응형,,,,,45.0,80.0,50.0,78.0,55.0,0.63498,0.0,38.0,0.0,0.0,0.5314,뭐 할까.,이제 뭐 할까?,일본어 원문 대조 + 자연스러운 한국어 대사 교정,36.05,T3,화자·문맥·자연스러움 집중 검토,,86.2331081081081,57.13,P3,말투·질문응답·가독성 위주 검토
SSIS-652,사진 대조 재번역본,946,"01:56:28,340 --> 01:56:28,440",0.1,그렇지?,으악 하고.,이제 조금만.,반말형,,,,,45.0,80.0,50.0,78.0,55.0,0.46812,0.0,38.0,70.0,0.0,0.1919,전부 다 그러면 큰일이지. 그렇지 않아.,다 그러면 큰일 나죠. 저는 안 가요.,사진 장면 확인 및 한국어 번역투·ASR 오역 교정,36.04,T3,화자·문맥·자연스러움 집중 검토,high_cps,86.10641891891892,57.07,P3,말투·질문응답·가독성 위주 검토
SSIS-652,사진 대조 재번역본,1103,"02:18:09,120 --> 02:18:11,220",2.1,플레인과 딸기 맛 요구르트.,"A 씨, 이쪽.",그럼 플레인으로 하면 되겠네.,중립·혼합형,,,,,45.0,80.0,50.0,78.0,55.0,0.63471,0.0,38.0,0.0,0.0,0.0877,나 잠깐 그 플레이 해보고 싶어.,나 잠깐 그 플레이 해 보고 싶어.,,36.04,T3,화자·문맥·자연스러움 집중 검토,,86.10641891891892,57.07,P3,말투·질문응답·가독성 위주 검토
SSIS-652,사진 대조 재번역본,336,"00:40:06,590 --> 00:40:10,810",4.22,잠깐만요.,방금 두 번째였어요.,왜 그래?,반응형,,,,,45.0,80.0,50.0,78.0,55.0,0.45457,42.0,38.0,0.0,0.0,1.0,잠깐만요.,조금만 기다려.,일본어 원문 대조 + 자연스러운 한국어 대사 교정,36.03,T3,화자·문맥·자연스러움 집중 검토,,85.9375,56.99,P3,말투·질문응답·가독성 위주 검토
SSIS-652,사진 대조 재번역본,684,"01:10:23,750 --> 01:10:26,130",2.38,"잠깐, 뭐 하는 거야?","잠깐, 잠깐, 잠깐.",한 번 더 할게.,반응형,,,,,45.0,80.0,50.0,78.0,55.0,0.63445,0.0,38.0,0.0,0.0,0.5235,뭐라고 하는 거야?,뭐라고 말해야 해?,일본어 원문 대조 + 자연스러운 한국어 대사 교정,36.03,T3,화자·문맥·자연스러움 집중 검토,,85.9375,56.99,P3,말투·질문응답·가독성 위주 검토
SSIS-652,사진 대조 재번역본,1102,"02:17:57,650 --> 02:17:58,390",0.74,"A 씨, 이쪽.","어, 잘 모르겠어.",플레인과 딸기 맛 요구르트.,중립·혼합형,,,,,45.0,80.0,50.0,78.0,55.0,0.63352,0.0,38.0,0.0,0.0,0.3184,이쪽...,이쪽…,,35.99,T3,화자·문맥·자연스러움 집중 검토,,85.8108108108108,56.91,P3,말투·질문응답·가독성 위주 검토
SSIS-652,사진 대조 재번역본,265,"00:28:27,190 --> 00:28:31,330",4.14,조금 더 많이 해 줘?,"아, 그 근처.",어라?,반말형,,,,,45.0,80.0,50.0,78.0,55.0,0.63327,0.0,38.0,0.0,0.0,0.323,이대로 조금 더 해 주세요.,그대로 조금 더 해 줘.,손상된 일본어 ASR + 타임스탬프 사진 + 앞뒤 문맥 추론,35.98,T3,화자·문맥·자연스러움 집중 검토,,85.72635135135135,56.87,P3,말투·질문응답·가독성 위주 검토
SSIS-652,사진 대조 재번역본,357,"00:41:54,260 --> 00:41:55,160",0.9,무슨 소리야?,무슨 소리야?,바보야?,반말형,,,,,45.0,80.0,50.0,78.0,55.0,0.58303,11.68,38.0,0.0,0.0,0.7473,무슨 소리야? 진짜...,무슨 소리야? 진짜…,,35.97,T3,화자·문맥·자연스러움 집중 검토,,85.6418918918919,56.83,P3,말투·질문응답·가독성 위주 검토
SSIS-652,사진 대조 재번역본,1009,"02:08:37,400 --> 02:08:38,540",1.14,이제 올 때가 됐어.,뭘 하고 있는 거야?,"그렇게, 그렇게.",반응형,,,,,45.0,80.0,50.0,78.0,55.0,0.63297,0.0,38.0,0.0,0.0,0.3107,온몸이 엉망이 됐어.,몸에 다 묻었네.,일본어 원문 대조 + 자연스러운 한국어 대사 교정,35.96,T3,화자·문맥·자연스러움 집중 검토,,85.55743243243244,56.79,P3,말투·질문응답·가독성 위주 검토
SSIS-652,사진 대조 재번역본,270,"00:29:30,000 --> 00:29:31,280",1.28,뭔가 나올 것 같아?,빨라.,뭔가 느껴져.,반응형,,,,,45.0,80.0,50.0,78.0,55.0,0.6323,0.0,38.0,0.0,0.0,0.4508,싸버릴 것 같아?,싸 버릴 것 같아?,,35.94,T3,화자·문맥·자연스러움 집중 검토,,85.47297297297297,56.74,P3,말투·질문응답·가독성 위주 검토
SSIS-652,사진 대조 재번역본,379,"00:42:53,140 --> 00:42:54,300",1.16,옷 위로 만져도 돼?,기분 좋게.,배도 좋네.,중립·혼합형,,,,,45.0,80.0,50.0,78.0,55.0,0.63055,0.0,38.0,0.0,0.0,0.2121,더 해줘도 돼?,더 해 줘도 돼?,,35.86,T3,화자·문맥·자연스러움 집중 검토,,85.38851351351352,56.66,P3,말투·질문응답·가독성 위주 검토
SSIS-652,사진 대조 재번역본,614,"01:03:56,640 --> 01:03:57,760",1.12,역시 못 참겠어.,이걸로는 아직이야.,음.,반응형,,,,,45.0,80.0,50.0,78.0,55.0,0.63006,0.0,38.0,0.0,0.0,0.2965,못 울겠어.,목이 막혀요.,사진 장면 확인 및 한국어 번역투·ASR 오역 교정,35.84,T3,화자·문맥·자연스러움 집중 검토,,85.30405405405406,56.61,P3,말투·질문응답·가독성 위주 검토
SSIS-652,사진 대조 재번역본,547,"00:58:26,060 --> 00:58:27,400",1.34,다시 설 것 같아요.,다시 섰어?,보고 있으면 다시 설 것 같아요.,반응형,,,,,45.0,80.0,50.0,78.0,55.0,0.62985,0.0,38.0,0.0,0.0,0.5467,기쁠 것 같아요.,그러면 기쁠 것 같아요.,사진 장면 확인 및 한국어 번역투·ASR 오역 교정,35.83,T3,화자·문맥·자연스러움 집중 검토,,85.17736486486487,56.56,P3,말투·질문응답·가독성 위주 검토
SSIS-652,사진 대조 재번역본,920,"01:35:02,680 --> 01:35:04,900",2.22,이제 무리예요. 재워 주세요.,이제 정말 무리예요.,"잡시다, 잡시다.",존댓말형,,,,,45.0,80.0,50.0,78.0,55.0,0.62966,0.0,38.0,0.0,0.0,0.6104,"이제, 이제 무리예요.",이제 정말 무리예요.,사진 장면 확인 및 한국어 번역투·ASR 오역 교정,35.83,T3,화자·문맥·자연스러움 집중 검토,,85.17736486486487,56.56,P3,말투·질문응답·가독성 위주 검토
SSIS-652,사진 대조 재번역본,1076,"02:15:30,100 --> 02:15:33,320",3.22,이번에도 안 돼? 이제 정말 안 돼?,"아니, 너 때문에 허리가 풀린 것 같아.",시간이…,중립·혼합형,,,,,45.0,80.0,50.0,78.0,55.0,0.62956,0.0,38.0,0.0,0.0,0.3594,유두는 안 돼?,젖꼭지는 안 돼?,,35.82,T3,화자·문맥·자연스러움 집중 검토,,85.00844594594594,56.48,P3,말투·질문응답·가독성 위주 검토
SSIS-652,사진 대조 재번역본,1101,"02:17:55,770 --> 02:17:57,410",1.64,"어, 잘 모르겠어.","네, 단백질.","A 씨, 이쪽.",반응형,,,,,45.0,80.0,50.0,78.0,55.0,0.62947,0.0,38.0,0.0,0.0,0.4278,오늘 왜 이러는지 나도 모르겠어...,오늘 왜 이러는지 나도 모르겠어…,,35.82,T3,화자·문맥·자연스러움 집중 검토,,85.00844594594594,56.48,P3,말투·질문응답·가독성 위주 검토
SSIS-652,사진 대조 재번역본,387,"00:43:54,270 --> 00:43:55,810",1.54,어느 정도로 느껴져?,부드럽네.,이걸로는 안 될지도 몰라요.,반응형,,,,,45.0,80.0,50.0,78.0,55.0,0.62827,0.0,38.0,0.0,0.0,0.2827,위험할 정도로 기다리고 있어.,아… 더는 못 참겠어.,타임스탬프 사진으로 장면 불일치 확인 후 재복원,35.77,T3,화자·문맥·자연스러움 집중 검토,,84.88175675675676,56.4,P3,말투·질문응답·가독성 위주 검토
SSIS-652,사진 대조 재번역본,1145,"02:22:37,840 --> 02:22:39,340",1.5,알기 쉽네.,좋잖아.,여기는 솔직하거든.,반말형,,,,,45.0,80.0,50.0,78.0,55.0,0.6251,0.0,38.0,0.0,0.0,0.232,왠지 좀 아쉽네.,벌써 끝나서 조금 아쉽네.,손상된 일본어 ASR + 타임스탬프 사진 + 앞뒤 문맥 추론,35.63,T3,화자·문맥·자연스러움 집중 검토,,84.7972972972973,56.28,P3,말투·질문응답·가독성 위주 검토
SSIS-652,사진 대조 재번역본,947,"01:59:33,220 --> 01:59:34,660",1.44,이제 조금만.,그렇지?,"있잖아, 뭐 하는 거야?",중립·혼합형,,,,,45.0,80.0,50.0,78.0,55.0,0.62468,0.0,38.0,0.0,0.0,0.5684,무리에요. 조금만.,무리예요. 조금만.,,35.62,T3,화자·문맥·자연스러움 집중 검토,,84.71283783783784,56.24,P3,말투·질문응답·가독성 위주 검토
SSIS-652,사진 대조 재번역본,1146,"02:22:43,080 --> 02:22:44,620",1.54,여기는 솔직하거든.,알기 쉽네.,그럼 이거 마실까.,중립·혼합형,,,,,45.0,80.0,50.0,78.0,55.0,0.62403,0.0,38.0,0.0,0.0,0.2266,솔직하게 말해봐.,솔직하게 말해 봐.,,35.59,T3,화자·문맥·자연스러움 집중 검토,,84.62837837837837,56.19,P3,말투·질문응답·가독성 위주 검토
SSIS-652,사진 대조 재번역본,305,"00:33:27,040 --> 00:33:27,400",0.36,대단해.,"있잖아, 벌써 섰어.",부탁해.,반말형,,,,,45.0,80.0,50.0,78.0,55.0,0.44317,42.0,38.0,0.0,0.0,1.0,대단해.,기분 좋네.,일본어 원문 + 타임스탬프 사진 + 장면 연속성,35.55,T3,화자·문맥·자연스러움 집중 검토,,84.54391891891892,56.13,P3,말투·질문응답·가독성 위주 검토
SSIS-652,사진 대조 재번역본,474,"00:53:52,680 --> 00:53:53,520",0.84,움직이고 있지?,가까워지면 기다려 줘…,"앗, 가 버렸어?",반말형,,,,,45.0,80.0,50.0,78.0,59.0,0.61719,0.0,38.0,0.0,0.0,0.4586,"성기를 움직이고 있는 남자가,",성기를 움직이고 있는 남자가,,35.54,T3,화자·문맥·자연스러움 집중 검토,,84.41722972972973,56.07,P3,말투·질문응답·가독성 위주 검토
SSIS-652,사진 대조 재번역본,587,"01:01:47,850 --> 01:01:49,530",1.68,여기? 여기가 좋아?,"여기, 기억해 줬으면 해요.",기분 좋아?,반응형,,,,,45.0,80.0,50.0,78.0,55.0,0.62295,0.0,38.0,0.0,0.0,0.3233,여기가 어디지...?,여기가 어디지…?,,35.54,T3,화자·문맥·자연스러움 집중 검토,,84.41722972972973,56.07,P3,말투·질문응답·가독성 위주 검토
SSIS-652,사진 대조 재번역본,613,"01:03:55,640 --> 01:03:56,180",0.54,이걸로는 아직이야.,이러다 갈 것 같아요.,역시 못 참겠어.,반응형,,,,,45.0,80.0,50.0,78.0,55.0,0.56307,0.0,38.0,25.0,0.0,0.1411,유두 말이야.,젖꼭지 말이야.,,35.53,T3,화자·문맥·자연스러움 집중 검토,borderline_cps,84.29054054054053,56.01,P3,말투·질문응답·가독성 위주 검토
SSIS-652,사진 대조 재번역본,513,"00:56:05,210 --> 00:56:06,090",0.88,조금 쉴까?,조금만 쉬었다가.,쉬어? 쉴 틈은 없어.,중립·혼합형,,,,,45.0,80.0,50.0,78.0,55.0,0.62228,0.0,38.0,0.0,0.0,0.2732,조금 쉴게요.,조금 쉴게.,일본어 원문 대조 + 자연스러운 한국어 대사 교정,35.52,T3,화자·문맥·자연스러움 집중 검토,,84.20608108108108,55.97,P3,말투·질문응답·가독성 위주 검토
SSIS-652,사진 대조 재번역본,790,"01:20:50,970 --> 01:20:51,930",0.96,씻어 낼까?,대단하잖아.,전혀 안 돼.,반응형,,,,,45.0,80.0,50.0,78.0,59.0,0.61639,0.0,38.0,0.0,0.0,0.1875,씻어라.,안 씻었어요.,화면 영문 자막 대조,35.51,T3,화자·문맥·자연스러움 집중 검토,,84.12162162162163,55.93,P3,말투·질문응답·가독성 위주 검토
SSIS-652,사진 대조 재번역본,862,"01:28:11,030 --> 01:28:16,670",5.64,내일 아침은 배달을 시킬 수 있어.,채소를 좋아하지.,사이다도 있어.,중립·혼합형,,,,,45.0,80.0,50.0,78.0,55.0,0.62157,0.0,38.0,0.0,0.0,0.225,"응, 입을 수 있어.","응, 정말 잘 어울려.",타임스탬프 사진과 앞뒤 장면으로 대사 기능 복원,35.49,T3,화자·문맥·자연스러움 집중 검토,,84.03716216216216,55.88,P3,말투·질문응답·가독성 위주 검토
SSIS-652,사진 대조 재번역본,1099,"02:17:49,810 --> 02:17:52,870",3.06,좋아하는 그거. 제일 자주 먹는 거.,응.,"네, 단백질.",반말형,,,,,45.0,80.0,50.0,78.0,55.0,0.62097,0.0,38.0,0.0,0.0,0.2826,다리 좋아하는 남자.,다리 좋아하는 남자 많잖아.,일본어 원문 대조 + 자연스러운 한국어 대사 교정,35.46,T3,화자·문맥·자연스러움 집중 검토,,83.9527027027027,55.83,P3,말투·질문응답·가독성 위주 검토
SSIS-652,사진 대조 재번역본,94,"00:07:23,040 --> 00:07:23,960",0.92,"아, 들켜 버렸어.",나중에 뭔가 또 있으니까.,(웃음),반응형,,,,,45.0,80.0,50.0,78.0,55.0,0.58093,9.31,38.0,0.0,0.0,0.7276,"아, 가 버렸어.",끈이 아직 남아 있어요.,일본어 원문 + 타임스탬프 사진 + 장면 연속성,35.45,T3,화자·문맥·자연스러움 집중 검토,,83.86824324324324,55.79,P3,말투·질문응답·가독성 위주 검토
SSIS-652,사진 대조 재번역본,591,"01:02:17,390 --> 01:02:19,050",1.66,"느끼는 표정, 귀여워.",기분 좋아?,계속 그렇게 느껴 봐.,중립·혼합형,,,,,45.0,80.0,50.0,78.0,55.0,0.61908,0.0,38.0,0.0,0.0,0.475,엄청 귀여워.,매일 목욕해.,일본어 원문 + 타임스탬프 사진 + 장면 연속성,35.38,T3,화자·문맥·자연스러움 집중 검토,,83.78378378378379,55.71,P3,말투·질문응답·가독성 위주 검토
SSIS-652,사진 대조 재번역본,960,"02:03:25,510 --> 02:03:27,730",2.22,"있잖아, 좀 나아졌어?","앗, 앗, 앗, 앗, 앗, 앗, 하고 있으면, 앗.",뭘 하고 있는 거야?,반응형,,,,,45.0,80.0,50.0,78.0,55.0,0.61879,0.0,38.0,0.0,0.0,0.3297,"있잖아, 잠깐만...","있잖아, 잠깐만…",,35.37,T3,화자·문맥·자연스러움 집중 검토,,83.69932432432432,55.67,P3,말투·질문응답·가독성 위주 검토
SSIS-652,사진 대조 재번역본,228,"00:26:29,520 --> 00:26:32,240",2.72,정말 오늘 우리 둘뿐이라고 하면…,등이 파여 있어.,"있잖아, 또 긴장했어?",중립·혼합형,,,,,45.0,80.0,50.0,78.0,55.0,0.61839,0.0,38.0,0.0,0.0,0.2059,우리 둘이서?,둘이서.,타임스탬프 사진으로 장면 불일치 확인 후 재복원,35.35,T3,화자·문맥·자연스러움 집중 검토,,83.61486486486487,55.62,P3,말투·질문응답·가독성 위주 검토
SSIS-652,사진 대조 재번역본,599,"01:03:06,850 --> 01:03:08,290",1.44,아직 안 돼.,뭐?,난 아직 부족하잖아.,반응형,,,,,45.0,80.0,50.0,78.0,55.0,0.56533,12.19,38.0,0.0,0.0,0.7516,안 돼.,"네, 놀랐어요.",타임스탬프 사진과 앞뒤 장면으로 대사 기능 복원,35.32,T3,화자·문맥·자연스러움 집중 검토,,83.48817567567568,55.55,P3,말투·질문응답·가독성 위주 검토
SSIS-652,사진 대조 재번역본,600,"01:03:10,410 --> 01:03:12,290",1.88,난 아직 부족하잖아.,아직 안 돼.,나도 기분 좋게 해 줄 거지?,반응형,,,,,45.0,80.0,50.0,78.0,55.0,0.61751,0.0,38.0,0.0,0.0,0.2439,여기엔 아직 부족하다고 적혀 있나요?,여기엔 뭐라고 적혀 있어요?,의미가 깨진 안내문 관련 문장 교정,35.32,T3,화자·문맥·자연스러움 집중 검토,,83.48817567567568,55.55,P3,말투·질문응답·가독성 위주 검토
SSIS-652,사진 대조 재번역본,1126,"02:19:49,920 --> 02:19:51,760",1.84,요구르트도 안 먹어? 좋아하잖아?,힘낼게.,"응, 나도 똑같이.",반응형,,,,,45.0,80.0,50.0,78.0,55.0,0.61714,0.0,38.0,0.0,0.0,0.3128,너 이런 거 좋아하잖아.,이렇게 묶이는 거 좋아하잖아.,,35.3,T3,화자·문맥·자연스러움 집중 검토,,83.36148648648648,55.49,P3,말투·질문응답·가독성 위주 검토
SSIS-652,사진 대조 재번역본,1136,"02:20:32,560 --> 02:20:32,680",0.12,큰일이야.,이것도 먹어 봐.,그래도 조금은 더 먹어야지.,반말형,,,,,45.0,80.0,50.0,78.0,55.0,0.42819,5.15,38.0,70.0,0.0,0.6929,"아, 큰일이야...","아, 큰일이야…",,35.29,T3,화자·문맥·자연스러움 집중 검토,high_cps,83.27702702702703,55.44,P3,말투·질문응답·가독성 위주 검토
SSIS-652,사진 대조 재번역본,905,"01:33:13,700 --> 01:33:14,880",1.18,"잠깐, 뭘 벗기는 거야?",한 번 더? 배불러.,왜? 하기 싫어?,반응형,,,,,45.0,80.0,50.0,78.0,55.0,0.61609,0.0,38.0,0.0,0.0,0.3985,뭘 찍게 한 거야?,뭘 찍은 거야?,손상된 일본어 ASR + 타임스탬프 사진 + 앞뒤 문맥 추론,35.26,T3,화자·문맥·자연스러움 집중 검토,,83.19256756756756,55.39,P3,말투·질문응답·가독성 위주 검토
SSIS-652,사진 대조 재번역본,510,"00:55:55,290 --> 00:55:57,470",2.18,금방 가 버렸잖아.,다시.,뭐?,반응형,,,,,45.0,80.0,50.0,78.0,55.0,0.61567,0.0,38.0,0.0,0.0,0.2841,금방 하아 하고.,금방 숨이 가빠지네.,,35.24,T3,화자·문맥·자연스러움 집중 검토,,83.1081081081081,55.34,P3,말투·질문응답·가독성 위주 검토
SSIS-652,사진 대조 재번역본,124,"00:08:56,700 --> 00:08:57,420",0.72,여기에도 있어.,한번 만져 보고 싶었어요.,여기도 열대 구역인가 봐.,반응형,,,,,45.0,80.0,50.0,78.0,55.0,0.61497,0.0,38.0,0.0,0.0,0.298,여기에.,갑자기 여기서…,타임스탬프 사진과 앞뒤 장면으로 대사 기능 복원,35.21,T3,화자·문맥·자연스러움 집중 검토,,83.02364864864865,55.29,P3,말투·질문응답·가독성 위주 검토
SSIS-652,사진 대조 재번역본,321,"00:36:30,520 --> 00:36:31,680",1.16,너…,그거 열려 있어?,기뻐.,중립·혼합형,,,,,45.0,80.0,50.0,78.0,55.0,0.61469,0.0,38.0,0.0,0.0,0.0649,너도.,너도 보여.,일본어 원문 대조 + 자연스러운 한국어 대사 교정,35.2,T3,화자·문맥·자연스러움 집중 검토,,82.9391891891892,55.25,P3,말투·질문응답·가독성 위주 검토
SSIS-652,사진 대조 재번역본,904,"01:33:09,100 --> 01:33:11,360",2.26,한 번 더? 배불러.,한 번 더 하고 싶어졌어.,"잠깐, 뭘 벗기는 거야?",중립·혼합형,,,,,45.0,80.0,50.0,78.0,55.0,0.61463,0.0,38.0,0.0,0.0,0.1626,한 번 정도...,한 번 정도…,,35.19,T3,화자·문맥·자연스러움 집중 검토,,82.85472972972973,55.21,P3,말투·질문응답·가독성 위주 검토
SSIS-652,사진 대조 재번역본,495,"00:54:50,000 --> 00:54:51,140",1.14,많이 나왔잖아.,앗.,네.,반응형,,,,,45.0,80.0,50.0,78.0,55.0,0.60458,2.17,38.0,0.0,0.0,0.6681,아까 전혀 안 나왔잖아.,아까 거의 안 나왔잖아.,사진 장면 확인 및 한국어 번역투·ASR 오역 교정,35.16,T3,화자·문맥·자연스러움 집중 검토,,82.77027027027027,55.16,P3,말투·질문응답·가독성 위주 검토
SSIS-652,사진 대조 재번역본,871,"01:29:28,110 --> 01:29:31,390",3.28,"네, 고마워요. 배고파.",네. 어? 어느 쪽이었지?,위험했어.,반말형,,,,,45.0,80.0,50.0,78.0,55.0,0.61338,0.0,38.0,0.0,0.0,0.2821,고마워.,손으로 잡아 줘.,일본어 원문 + 타임스탬프 사진 + 장면 연속성,35.14,T3,화자·문맥·자연스러움 집중 검토,,82.6858108108108,55.11,P3,말투·질문응답·가독성 위주 검토
SSIS-652,사진 대조 재번역본,380,"00:42:56,280 --> 00:42:58,500",2.22,배도 좋네.,옷 위로 만져도 돼?,만져 볼게요.,반말형,,,,,45.0,80.0,50.0,78.0,55.0,0.5939,4.11,38.0,0.0,0.0,0.6843,좋네.,좋아.,일본어 원문 대조 + 자연스러운 한국어 대사 교정,35.06,T3,화자·문맥·자연스러움 집중 검토,,82.60135135135135,55.03,P3,말투·질문응답·가독성 위주 검토
SSIS-652,사진 대조 재번역본,173,"00:19:12,540 --> 00:20:03,660",51.12,깜짝 놀랐어요?,"네, 그래요.","네, 놀랐어요.",반응형,,,타임스탬프 사진과 앞뒤 장면으로 대사 기능 복원,중간,38.0,78.0,50.0,78.0,62.0,0.60108,0.0,38.0,0.0,0.0,0.5919,깜짝 놀랐어.,정말 놀랐어요.,타임스탬프 사진과 앞뒤 장면으로 대사 기능 복원,35.05,T3,화자·문맥·자연스러움 집중 검토,,82.47466216216216,54.97,P3,말투·질문응답·가독성 위주 검토
SSIS-652,사진 대조 재번역본,1084,"02:16:42,780 --> 02:16:44,240",1.46,점심에 먹을지도 몰라.,아침?,아침이랑 점심을 한꺼번에.,반말형,,,,,45.0,80.0,50.0,78.0,55.0,0.61123,0.0,38.0,0.0,0.0,0.3904,더 커지진 않을지도 몰라.,더 커질지도 모르겠네.,일본어 원문 대조 + 자연스러운 한국어 대사 교정,35.05,T3,화자·문맥·자연스러움 집중 검토,,82.47466216216216,54.97,P3,말투·질문응답·가독성 위주 검토
SSIS-652,사진 대조 재번역본,451,"00:50:59,490 --> 00:51:00,890",1.4,오늘도 많이 힘내.,네. 이거 기분 좋아요.,네. 많이 노력할게요.,중립·혼합형,,,,,45.0,80.0,50.0,78.0,55.0,0.61053,0.0,38.0,0.0,0.0,0.3754,"그럼, 오늘도 봐 주세요.",그럼 오늘도 잘 봐 줘.,,35.02,T3,화자·문맥·자연스러움 집중 검토,,82.26351351351352,54.86,P3,말투·질문응답·가독성 위주 검토
SSIS-652,사진 대조 재번역본,784,"01:20:11,970 --> 01:20:14,170",2.2,나왔잖아.,대단해.,대단해.,반응형,,,,,45.0,80.0,50.0,78.0,55.0,0.55874,12.06,38.0,0.0,0.0,0.7505,아까 전혀 안 나왔잖아.,아까 거의 안 나왔잖아.,사진 장면 확인 및 한국어 번역투·ASR 오역 교정,35.02,T3,화자·문맥·자연스러움 집중 검토,,82.26351351351352,54.86,P3,말투·질문응답·가독성 위주 검토
SSIS-652,사진 대조 재번역본,1008,"02:08:35,860 --> 02:08:37,340",1.48,뭘 하고 있는 거야?,그건 어려워.,이제 올 때가 됐어.,반말형,,,,,45.0,80.0,50.0,78.0,55.0,0.61057,0.0,38.0,0.0,0.0,0.5221,뭘 찍게 한 거야?,뭘 찍은 거야?,손상된 일본어 ASR + 타임스탬프 사진 + 앞뒤 문맥 추론,35.02,T3,화자·문맥·자연스러움 집중 검토,,82.26351351351352,54.86,P3,말투·질문응답·가독성 위주 검토
SSIS-652,사진 대조 재번역본,186,"00:23:14,830 --> 00:23:16,250",1.42,여기면 될까?,여기예요.,많이 마시고 싶어.,중립·혼합형,,,,,45.0,80.0,50.0,78.0,55.0,0.61033,0.0,38.0,0.0,0.0,0.1358,여기서 뭘 보여 줄까?,뭘 보여 줄까?,손상된 일본어 ASR + 타임스탬프 사진 + 앞뒤 문맥 추론,35.01,T3,화자·문맥·자연스러움 집중 검토,,82.05236486486487,54.77,P3,말투·질문응답·가독성 위주 검토
SSIS-652,사진 대조 재번역본,239,"00:27:16,460 --> 00:27:17,540",1.08,이런 거 좋아하지?,그렇지.,좋아.,반응형,,,,,45.0,80.0,50.0,78.0,55.0,0.43032,42.0,38.0,0.0,0.0,1.0,이런 거 좋아하지?,묶여 있는 거 좋아하지?,,35.01,T3,화자·문맥·자연스러움 집중 검토,,82.05236486486487,54.77,P3,말투·질문응답·가독성 위주 검토
SSIS-652,사진 대조 재번역본,892,"01:31:57,520 --> 01:31:58,360",0.84,"조금만, 이리 와.",정말.,이제 자자. 불도 조금 어둡게 해 줘.,중립·혼합형,,,,,45.0,80.0,50.0,78.0,55.0,0.61004,0.0,38.0,0.0,0.0,0.3094,"음, 오케이. 됐어, 소요. 잠깐 이리 와.","됐어. 후아, 잠깐 이리 와.",사진 장면 확인 및 한국어 번역투·ASR 오역 교정,35.0,T3,화자·문맥·자연스러움 집중 검토,,81.92567567567568,54.71,P3,말투·질문응답·가독성 위주 검토
SSIS-652,사진 대조 재번역본,874,"01:29:49,340 --> 01:29:50,360",1.02,"어, 모르겠어?",들킬 뻔했어.,손이 귀여워?,반응형,,,,,45.0,80.0,50.0,78.0,55.0,0.60976,0.0,38.0,0.0,0.0,0.6339,어디가 좋은지 모르겠어?,어디가 좋은지 아직 모르겠어?,일본어 원문 대조 + 자연스러운 한국어 대사 교정,34.99,T4,구조검사 통과 시 유지,,81.84121621621621,54.67,P3,말투·질문응답·가독성 위주 검토
SSIS-652,사진 대조 재번역본,480,"00:54:04,420 --> 00:54:07,240",2.82,"있잖아, 너무 빠른데.",금방 가까워져서 그래.,미안해요. 잠깐.,반응형,,,,,45.0,80.0,50.0,78.0,55.0,0.60769,0.0,38.0,0.0,0.0,0.3415,"있잖아, 잠깐만...","있잖아, 잠깐만…",,34.9,T4,구조검사 통과 시 유지,,81.75675675675676,54.58,P3,말투·질문응답·가독성 위주 검토
SSIS-652,사진 대조 재번역본,796,"01:21:23,480 --> 01:21:25,700",2.22,그날 이야기를 왜 물어봐요?,"일단, 일단, 일단, 일단.",가르쳐 드릴까요?,반응형,,,,,45.0,80.0,50.0,78.0,55.0,0.57301,0.0,38.0,0.0,18.0,0.228,"있잖아, 역시 하나 가르쳐 주면, 네 이야기를 하고 싶어지는 법이야.",이렇게 하니까 네 목소리가 더 듣고 싶어져.,의미가 깨진 문장을 앞뒤 대화로 정리,34.89,T4,구조검사 통과 시 유지,formality_shift,81.6722972972973,54.54,P3,말투·질문응답·가독성 위주 검토
SSIS-652,사진 대조 재번역본,704,"01:11:03,810 --> 01:11:07,050",3.24,S의 S는 스페셜의 S니까.,S1 여배우랑 하면 두세 번으로 끝낼 수 없지?,그렇게까지 말하는 거예요?,중립·혼합형,,,,,45.0,80.0,50.0,78.0,55.0,0.60721,0.0,38.0,0.0,0.0,0.0965,"자, 더 해줄 테니까.","자, 더 해 줄 테니까.",,34.88,T4,구조검사 통과 시 유지,,81.58783783783784,54.5,P3,말투·질문응답·가독성 위주 검토
SSIS-652,사진 대조 재번역본,817,"01:23:53,960 --> 01:23:55,520",1.56,아직 안 열렸어.,몇 걸음 안 되지?,휴지?,반응형,,,,,45.0,80.0,50.0,78.0,55.0,0.60689,0.0,38.0,0.0,0.0,0.2314,아직 더...,아직 더…,,34.87,T4,구조검사 통과 시 유지,,81.50337837837837,54.46,P3,말투·질문응답·가독성 위주 검토
SSIS-652,사진 대조 재번역본,846,"01:26:57,290 --> 01:26:58,190",0.9,내가 뭘 좋아하는지 알아?,좋아하는 음식은…,대단하잖아.,반응형,,,,,45.0,80.0,50.0,78.0,55.0,0.6065,0.0,38.0,0.0,0.0,0.234,그럼 이번엔 내가 좋아하는 체위부터 해볼게.,그럼 이번엔 내가 좋아하는 체위부터 해 볼게.,,34.85,T4,구조검사 통과 시 유지,,81.41891891891892,54.41,P3,말투·질문응답·가독성 위주 검토
SSIS-652,사진 대조 재번역본,1097,"02:17:45,210 --> 02:17:46,490",1.28,이미 주문해 줬잖아.,있었어.,응.,반응형,,,,,45.0,80.0,50.0,78.0,55.0,0.60604,0.0,38.0,0.0,0.0,0.258,이따가 어떻게 해야 할지 가르쳐 줬잖아. 전부 깨끗하게 해.,아까 어떻게 하라고 했지? 전부 깨끗이 해.,사진 장면 확인 및 한국어 번역투·ASR 오역 교정,34.83,T4,구조검사 통과 시 유지,,81.33445945945947,54.36,P3,말투·질문응답·가독성 위주 검토
SSIS-652,사진 대조 재번역본,940,"01:51:28,200 --> 01:51:33,500",5.3,속이 안 좋아질 것 같아요.,오른쪽이 안 되면 해야 해.,속이 안 좋아질 것 같아요.,반응형,,,,,45.0,80.0,50.0,78.0,55.0,0.6052,0.0,38.0,0.0,0.0,0.4487,기쁠 것 같아요.,그러면 기쁠 것 같아요.,사진 장면 확인 및 한국어 번역투·ASR 오역 교정,34.8,T4,구조검사 통과 시 유지,,81.25,54.31,P3,말투·질문응답·가독성 위주 검토
SSIS-652,사진 대조 재번역본,477,"00:53:56,100 --> 00:53:56,740",0.64,"이거, 가 버렸어요?",가 버렸어요?,"에, 너무 빠르잖아.",반응형,,,,,45.0,80.0,50.0,78.0,55.0,0.59971,0.97,38.0,0.0,0.0,0.6581,말해 버렸어요?,소리 내 버렸어요?,사진 장면 확인 및 한국어 번역투·ASR 오역 교정,34.74,T4,구조검사 통과 시 유지,,81.1233108108108,54.22,P3,말투·질문응답·가독성 위주 검토
SSIS-652,사진 대조 재번역본,643,"01:06:08,380 --> 01:06:09,120",0.74,시끄러워.,소리 내 버렸어요?,그래도 그렇게 무겁진 않잖아.,중립·혼합형,,,,,45.0,80.0,50.0,78.0,55.0,0.42371,42.0,38.0,0.0,0.0,1.0,시끄러워.,넣고 싶어.,,34.74,T4,구조검사 통과 시 유지,,81.1233108108108,54.22,P3,말투·질문응답·가독성 위주 검토
SSIS-652,사진 대조 재번역본,948,"01:59:35,680 --> 01:59:37,820",2.14,"있잖아, 뭐 하는 거야?",이제 조금만.,좋은 데서 뭐 하는 거야?,반응형,,,,,45.0,80.0,50.0,78.0,55.0,0.60315,0.0,38.0,0.0,0.0,0.4869,뭐라고 하는 거야?,뭐라고 말해야 해?,일본어 원문 대조 + 자연스러운 한국어 대사 교정,34.71,T4,구조검사 통과 시 유지,,80.99662162162163,54.15,P3,말투·질문응답·가독성 위주 검토
SSIS-652,사진 대조 재번역본,736,"01:12:42,010 --> 01:12:42,950",0.94,조금 해 줄래?,네.,"그럼 이거, 이렇게 해 볼까?",반말형,,,,,45.0,80.0,50.0,78.0,55.0,0.60265,0.0,38.0,0.0,0.0,0.2585,이대로 조금 더 해 주세요.,그대로 조금 더 해 줘.,손상된 일본어 ASR + 타임스탬프 사진 + 앞뒤 문맥 추론,34.69,T4,구조검사 통과 시 유지,,80.91216216216216,54.1,P3,말투·질문응답·가독성 위주 검토
SSIS-652,사진 대조 재번역본,1086,"02:16:48,540 --> 02:16:52,760",4.22,점심에 일어나. 아침에는 푹 자?,아침이랑 점심을 한꺼번에.,"응, 자긴 하는데.",반응형,,,,,45.0,80.0,50.0,78.0,55.0,0.60174,0.0,38.0,0.0,0.0,0.1401,뭐? 아침에 졸려? 하고 바로…,뭐? 아침부터 졸리다고 해 놓고…,사진 장면 확인 및 한국어 번역투·ASR 오역 교정,34.65,T4,구조검사 통과 시 유지,,80.8277027027027,54.04,P3,말투·질문응답·가독성 위주 검토
SSIS-652,사진 대조 재번역본,318,"00:36:00,100 --> 00:36:00,580",0.48,10분.,숨소리까지 다 들려.,9분.,중립·혼합형,,,,,45.0,80.0,50.0,78.0,55.0,0.59933,0.0,38.0,0.0,0.0,0.5689,우리 10분...,우리 10분…,,34.55,T4,구조검사 통과 시 유지,,80.74324324324324,53.95,P3,말투·질문응답·가독성 위주 검토
SSIS-652,사진 대조 재번역본,952,"01:59:51,380 --> 01:59:55,180",3.8,"계속, 계속, 계속.",이제.,"힘내, 힘내.",중립·혼합형,,,,,45.0,80.0,50.0,78.0,55.0,0.59826,0.0,38.0,0.0,0.0,0.1773,계속…,이거 어떻게 푸는 거였지?,일본어 원문 + 타임스탬프 사진 + 장면 연속성,34.51,T4,구조검사 통과 시 유지,,80.65878378378379,53.89,P3,말투·질문응답·가독성 위주 검토
SSIS-652,사진 대조 재번역본,311,"00:34:09,700 --> 00:34:10,340",0.64,대단해.,빌려줄게.,대단하잖아.,반말형,,,,,45.0,80.0,50.0,78.0,55.0,0.41817,42.0,38.0,0.0,0.0,1.0,대단해.,기분 좋네.,일본어 원문 + 타임스탬프 사진 + 장면 연속성,34.5,T4,구조검사 통과 시 유지,,80.57432432432432,53.85,P3,말투·질문응답·가독성 위주 검토
SSIS-652,사진 대조 재번역본,1000,"02:08:10,620 --> 02:08:11,580",0.96,"아, 젖꼭지는 안 돼요.",아하하하.,젖꼭지는 안 돼?,반응형,,,,,45.0,80.0,50.0,78.0,59.0,0.59094,0.0,38.0,0.0,0.0,0.454,"아, 유두는 안 돼요.","아, 젖꼭지는 안 돼요.",,34.44,T4,구조검사 통과 시 유지,,80.48986486486487,53.78,P3,말투·질문응답·가독성 위주 검토
SSIS-652,사진 대조 재번역본,816,"01:23:51,780 --> 01:23:52,960",1.18,몇 걸음 안 되지?,몇 걸음 안 되지?,아직 안 열렸어.,반말형,,,,,45.0,80.0,50.0,78.0,55.0,0.5961,0.0,38.0,0.0,0.0,0.1671,한 걸음씩.,응.,일본어 원문 + 타임스탬프 사진 + 장면 연속성,34.42,T4,구조검사 통과 시 유지,,80.36317567567568,53.72,P3,말투·질문응답·가독성 위주 검토
SSIS-652,사진 대조 재번역본,842,"01:25:48,140 --> 01:25:48,960",0.82,혼나 버려.,찍어 두지 않으면 안 되겠네.,푸딩도 살까?,중립·혼합형,,,,,45.0,80.0,50.0,78.0,55.0,0.59626,0.0,38.0,0.0,0.0,0.5361,젖어 버려.,다리에 힘이 풀려.,일본어 원문 + 타임스탬프 사진 + 장면 연속성,34.42,T4,구조검사 통과 시 유지,,80.36317567567568,53.72,P3,말투·질문응답·가독성 위주 검토
SSIS-652,사진 대조 재번역본,365,"00:42:07,620 --> 00:42:11,400",3.78,"아니, 저 대학 나왔거든요.",하지만 바보잖아.,바보 아니에요.,반응형,,,,,45.0,80.0,50.0,78.0,55.0,0.5954,0.0,38.0,0.0,0.0,0.2177,"아니, 뜨거워.",몸이 뜨거워.,손상된 일본어 ASR + 타임스탬프 사진 + 앞뒤 문맥 추론,34.39,T4,구조검사 통과 시 유지,,80.19425675675676,53.63,P3,말투·질문응답·가독성 위주 검토
SSIS-652,사진 대조 재번역본,1079,"02:15:56,460 --> 02:15:58,040",1.58,금방 갈게요.,배고프네. 배고파. 배고파졌어요. 밥 먹자.,오늘 죽을지도 몰라.,중립·혼합형,,,,,45.0,80.0,50.0,78.0,55.0,0.59548,0.0,38.0,0.0,0.0,0.4744,잠깐 쉬었다 갈게요.,조금만 쉬자.,일본어 원문 대조 + 자연스러운 한국어 대사 교정,34.39,T4,구조검사 통과 시 유지,,80.19425675675676,53.63,P3,말투·질문응답·가독성 위주 검토
SSIS-652,사진 대조 재번역본,1024,"02:11:02,640 --> 02:11:03,620",0.98,조금 아프기도 해.,몸이 야하게 달라붙네.,아.,반응형,,,,,45.0,80.0,50.0,78.0,55.0,0.59523,0.0,38.0,0.0,0.0,0.1774,조금 쉬어요.,잠깐만요.,,34.38,T4,구조검사 통과 시 유지,,80.06756756756756,53.57,P3,말투·질문응답·가독성 위주 검토
SSIS-652,사진 대조 재번역본,851,"01:27:15,520 --> 01:27:17,080",1.56,과자도 먹을래?,가까워.,과자도…,중립·혼합형,,,,,45.0,80.0,50.0,78.0,55.0,0.59506,0.0,38.0,0.0,0.0,0.1555,더 보지 소리 들려주지 않을래?,더 좋은 소리 들려주지 않을래?,타임스탬프 사진과 장면 흐름으로 명백한 오인식 교정,34.37,T4,구조검사 통과 시 유지,,79.9831081081081,53.53,P3,말투·질문응답·가독성 위주 검토
SSIS-652,사진 대조 재번역본,268,"00:28:50,150 --> 00:28:52,350",2.2,섰어.,섰어?,빨라.,반응형,,,,,45.0,80.0,50.0,78.0,55.0,0.59398,0.0,38.0,0.0,0.0,0.3433,섰어?,쭉 편 거야?,일본어 원문 대조 + 자연스러운 한국어 대사 교정,34.33,T4,구조검사 통과 시 유지,,79.85641891891892,53.45,P3,말투·질문응답·가독성 위주 검토
SSIS-652,사진 대조 재번역본,964,"02:04:07,980 --> 02:04:29,660",21.68,속이 안 좋아.,이제 됐다고 말해도 안 그만둘 거지.,한 번 더 해 볼게요.,반응형,,,,,45.0,80.0,50.0,78.0,55.0,0.59403,0.0,38.0,0.0,0.0,0.5025,"아, 좋아.","아, 들어온다.",,34.33,T4,구조검사 통과 시 유지,,79.85641891891892,53.45,P3,말투·질문응답·가독성 위주 검토
SSIS-652,사진 대조 재번역본,785,"01:20:25,750 --> 01:20:27,150",1.4,대단해.,나왔잖아.,대단해.,반말형,,,,,45.0,80.0,50.0,78.0,55.0,0.41391,42.0,38.0,0.0,0.0,1.0,대단해.,기분 좋네.,일본어 원문 + 타임스탬프 사진 + 장면 연속성,34.32,T4,구조검사 통과 시 유지,,79.72972972972973,53.39,P3,말투·질문응답·가독성 위주 검토
SSIS-652,사진 대조 재번역본,1182,"02:25:46,960 --> 02:25:51,100",4.14,그러다 죽을지도 몰라…,괜찮아요?,정말 죽겠어?,반말형,,,,,45.0,80.0,50.0,78.0,55.0,0.59327,0.0,38.0,0.0,0.0,0.2166,더 커지진 않을지도 몰라.,더 커질지도 모르겠네.,일본어 원문 대조 + 자연스러운 한국어 대사 교정,34.3,T4,구조검사 통과 시 유지,,79.64527027027027,53.35,P3,말투·질문응답·가독성 위주 검토
SSIS-652,사진 대조 재번역본,696,"01:10:43,370 --> 01:10:44,050",0.68,아무리 그래도 잠깐.,저 아직…,"잠깐, 응?",반응형,,,,,45.0,80.0,50.0,78.0,55.0,0.59287,0.0,38.0,0.0,0.0,0.2902,그래도 계속 하고 싶어.,그래도 계속하고 싶어.,손상된 일본어 ASR + 타임스탬프 사진 + 앞뒤 문맥 추론,34.28,T4,구조검사 통과 시 유지,,79.5608108108108,53.3,P3,말투·질문응답·가독성 위주 검토
SSIS-652,사진 대조 재번역본,45,"00:02:38,700 --> 00:02:39,580",0.88,수고하셨습니다.,열심히 하겠습니다.,"네, 오케이. 고마워요.",존댓말형,,,,,45.0,80.0,50.0,78.0,55.0,0.30983,66.0,38.0,0.0,0.0,1.0,수고하셨습니다.,[불명],,34.27,T4,구조검사 통과 시 유지,formal_scene_mistranslation,79.47635135135135,53.26,P3,말투·질문응답·가독성 위주 검토
SSIS-652,사진 대조 재번역본,927,"01:38:20,550 --> 01:38:21,070",0.52,위험해.,싫어.,왜 그래?,반말형,,,,,45.0,80.0,50.0,78.0,55.0,0.41086,42.0,38.0,0.0,0.0,1.0,위험해.,큰일 나.,,34.2,T4,구조검사 통과 시 유지,,79.3918918918919,53.18,P3,말투·질문응답·가독성 위주 검토
SSIS-652,사진 대조 재번역본,1112,"02:18:54,490 --> 02:18:54,930",0.44,내가 알아서 할게.,좋아하지만 많이는 안 먹어.,별로야?,반응형,,,,,45.0,80.0,50.0,78.0,55.0,0.53103,0.0,38.0,25.0,0.0,0.4824,이제 안 할게.,이제 안 애태울게.,,34.18,T4,구조검사 통과 시 유지,borderline_cps,79.30743243243244,53.13,P3,말투·질문응답·가독성 위주 검토
SSIS-652,사진 대조 재번역본,80,"00:06:17,130 --> 00:06:17,950",0.82,무서워.,대단해.,대단해.,중립·혼합형,,,,,45.0,80.0,50.0,78.0,55.0,0.45855,30.66,38.0,0.0,0.0,0.9055,좀 더 무서워.,좀 무서워.,,34.16,T4,구조검사 통과 시 유지,,79.22297297297297,53.09,P3,말투·질문응답·가독성 위주 검토
SSIS-652,사진 대조 재번역본,526,"00:56:56,690 --> 00:56:58,330",1.64,네. 갈아입고 올게요.,코스프레 좋아하지?,아직 부족하니까 갈아입고 올게.,반응형,,,,,45.0,80.0,50.0,78.0,55.0,0.58972,0.0,38.0,0.0,0.0,0.4787,평상복으로 갈아입고 올게.,다른 옷으로 갈아입고 올게.,사진 장면 확인 및 한국어 번역투·ASR 오역 교정,34.15,T4,구조검사 통과 시 유지,,79.09628378378379,53.03,P3,말투·질문응답·가독성 위주 검토
SSIS-652,사진 대조 재번역본,875,"01:30:23,610 --> 01:30:24,950",1.34,손이 귀여워?,"어, 모르겠어?",응.,중립·혼합형,,,,,45.0,80.0,50.0,78.0,55.0,0.58969,0.0,38.0,0.0,0.0,0.3795,"민낯은 귀여운 계열이네. 에이, 안 귀여워?","민낯은 귀여운 느낌이네. 에이, 안 귀여워?",일본어 원문 대조 + 자연스러운 한국어 대사 교정,34.15,T4,구조검사 통과 시 유지,,79.09628378378379,53.03,P3,말투·질문응답·가독성 위주 검토
SSIS-652,사진 대조 재번역본,200,"00:24:39,820 --> 00:24:41,800",1.98,호스트바 같은 데 가요?,누가 권하면.,호스트?,중립·혼합형,,,,,45.0,80.0,50.0,78.0,55.0,0.5883,0.0,38.0,0.0,0.0,0.1484,가요.,갈 것 같아요.,성인 장면 관용 표현 교정,34.09,T4,구조검사 통과 시 유지,,78.9695945945946,52.94,P3,말투·질문응답·가독성 위주 검토
SSIS-652,사진 대조 재번역본,580,"01:00:45,960 --> 01:00:46,920",0.96,여기서는 안 돼?,씌울까.,오케이.,중립·혼합형,,,,,45.0,80.0,50.0,78.0,55.0,0.58786,0.0,38.0,0.0,0.0,0.303,유두는 안 돼?,젖꼭지는 안 돼?,,34.07,T4,구조검사 통과 시 유지,,78.80067567567568,52.86,P3,말투·질문응답·가독성 위주 검토
SSIS-652,사진 대조 재번역본,618,"01:04:07,380 --> 01:04:10,580",3.2,"갈 것 같아, 갈 것 같아.",역시 무리예요.,뭐?,중립·혼합형,,,,,45.0,80.0,50.0,78.0,55.0,0.49029,22.75,38.0,0.0,0.0,0.8396,갈 것 같아.,진짜 갈 것 같아.,일본어 원문 대조 + 자연스러운 한국어 대사 교정,34.07,T4,구조검사 통과 시 유지,,78.80067567567568,52.86,P3,말투·질문응답·가독성 위주 검토
SSIS-652,사진 대조 재번역본,922,"01:35:06,800 --> 01:35:10,640",3.84,"아, 밤은 그렇게 길지 않다니까.","잡시다, 잡시다.",힘내!,반응형,,,,,45.0,80.0,50.0,78.0,55.0,0.58795,0.0,38.0,0.0,0.0,0.2211,참을 수 없으면 그렇게 돼 버리니까.,못 참으면 계속 가 버리니까.,사진 장면 확인 및 한국어 번역투·ASR 오역 교정,34.07,T4,구조검사 통과 시 유지,,78.80067567567568,52.86,P3,말투·질문응답·가독성 위주 검토
SSIS-652,사진 대조 재번역본,279,"00:30:50,640 --> 00:30:52,320",1.68,아직 기다리고 있어.,그쪽?,뭐?,반응형,,,,,45.0,80.0,50.0,78.0,55.0,0.58732,0.0,38.0,0.0,0.0,0.5958,위험할 정도로 기다리고 있어.,아… 더는 못 참겠어.,타임스탬프 사진으로 장면 불일치 확인 후 재복원,34.05,T4,구조검사 통과 시 유지,,78.58952702702703,52.76,P3,말투·질문응답·가독성 위주 검토
SSIS-652,사진 대조 재번역본,836,"01:25:17,080 --> 01:25:18,820",1.74,조금 천천히 가자.,뭐?,네.,중립·혼합형,,,,,45.0,80.0,50.0,78.0,55.0,0.58731,0.0,38.0,0.0,0.0,0.5305,천천히 해 줘.,"좋네. 잠깐, 어떻게 돼 있었지?",일본어 원문 + 타임스탬프 사진 + 장면 연속성,34.05,T4,구조검사 통과 시 유지,,78.58952702702703,52.76,P3,말투·질문응답·가독성 위주 검토
SSIS-652,사진 대조 재번역본,463,"00:52:12,560 --> 00:52:14,260",1.7,"네, 기분 좋아요.",안 아파.,정말 대박이야.,반응형,,,,,45.0,80.0,50.0,78.0,55.0,0.46777,27.83,38.0,0.0,0.0,0.8819,기분 좋아요.,"아, 좋아요.",화면 영문 자막 대조,34.04,T4,구조검사 통과 시 유지,,78.46283783783784,52.7,P3,말투·질문응답·가독성 위주 검토
SSIS-652,사진 대조 재번역본,668,"01:09:30,170 --> 01:09:32,710",2.54,그러게. 별거 없네.,전혀 못 받았어요.,감사합니다.,반말형,,,,,45.0,80.0,50.0,78.0,55.0,0.54173,2.48,38.0,0.0,18.0,0.6706,그러게.,목욕하면서 이러는 거…,일본어 원문 + 타임스탬프 사진 + 장면 연속성,34.02,T4,구조검사 통과 시 유지,formality_shift,78.37837837837837,52.65,P3,말투·질문응답·가독성 위주 검토
SSIS-652,사진 대조 재번역본,721,"01:11:50,050 --> 01:11:52,730",2.68,"얼굴이, 얼굴이 벌써 풀렸어.",네.,샤워하자.,반응형,,,,,45.0,80.0,50.0,78.0,55.0,0.58612,0.0,38.0,0.0,0.0,0.1663,얼굴 보니까 또 흥분해 버렸어.,얼굴 보니까 또 서버렸어.,,34.0,T4,구조검사 통과 시 유지,,78.29391891891892,52.6,P3,말투·질문응답·가독성 위주 검토
SSIS-652,사진 대조 재번역본,873,"01:29:47,520 --> 01:29:49,040",1.52,들킬 뻔했어.,위험했어.,"어, 모르겠어?",반응형,,,,,45.0,80.0,50.0,78.0,55.0,0.5856,0.0,38.0,0.0,0.0,0.4111,내가 네 곁에 없었으면 어쩔 뻔했어.,응.,타임스탬프 사진으로 장면 불일치 확인 후 재복원,33.98,T4,구조검사 통과 시 유지,,78.16722972972973,52.54,P3,말투·질문응답·가독성 위주 검토
SSIS-652,사진 대조 재번역본,1111,"02:18:53,230 --> 02:18:54,450",1.22,좋아하지만 많이는 안 먹어.,"좋아하긴 하는데, 이제.",내가 알아서 할게.,반응형,,,,,45.0,80.0,50.0,78.0,55.0,0.5858,0.0,38.0,0.0,0.0,0.2526,이런 거 좋아하지?,묶여 있는 거 좋아하지?,,33.98,T4,구조검사 통과 시 유지,,78.16722972972973,52.54,P3,말투·질문응답·가독성 위주 검토
SSIS-652,사진 대조 재번역본,180,"00:20:25,710 --> 00:20:26,730",1.02,조금 더 내려가도 돼요?,정말 놀랐어요.,"네, 괜찮아요.",중립·혼합형,,,타임스탬프 사진과 앞뒤 장면으로 대사 기능 복원,중간,38.0,78.0,50.0,78.0,62.0,0.57377,0.0,38.0,0.0,0.0,0.3616,말해도 돼요?,이제 해도 돼요?,타임스탬프 사진과 앞뒤 장면으로 대사 기능 복원,33.9,T4,구조검사 통과 시 유지,,78.04054054054053,52.44,P3,말투·질문응답·가독성 위주 검토
SSIS-652,사진 대조 재번역본,777,"01:19:31,430 --> 01:19:33,010",1.58,아래쪽이 기분 좋았어.,괜찮아.,갈 것 같아?,반응형,,,,,45.0,80.0,50.0,78.0,55.0,0.58358,0.0,38.0,0.0,0.0,0.2792,대박이다. 장난 아니었어. 엄청나게 좋았어.,대박이었어. 진짜 너무 좋았어.,일본어 원문 대조 + 자연스러운 한국어 대사 교정,33.89,T4,구조검사 통과 시 유지,,77.91385135135135,52.38,P3,말투·질문응답·가독성 위주 검토
SSIS-652,사진 대조 재번역본,1105,"02:18:29,210 --> 02:18:30,550",1.34,"건배하자, 지금 건배.",그럼 플레인으로 하면 되겠네.,맛있잖아.,반말형,,,,,45.0,80.0,50.0,78.0,55.0,0.58364,0.0,38.0,0.0,0.0,0.1295,지금 속도가 어느 정도야?,지금 속도가 얼마나 되지?,일본어 원문 대조 + 자연스러운 한국어 대사 교정,33.89,T4,구조검사 통과 시 유지,,77.91385135135135,52.38,P3,말투·질문응답·가독성 위주 검토
SSIS-652,사진 대조 재번역본,384,"00:43:30,050 --> 00:43:30,610",0.56,가슴이 흔들려?,흔들리네.,흔들려?,중립·혼합형,,,,,45.0,80.0,50.0,78.0,59.0,0.57728,0.0,38.0,0.0,0.0,0.2139,정말 예쁜 가슴이네...,정말 예쁜 가슴이네…,,33.87,T4,구조검사 통과 시 유지,,77.78716216216216,52.32,P3,말투·질문응답·가독성 위주 검토
SSIS-652,사진 대조 재번역본,764,"01:16:16,980 --> 01:16:18,840",1.86,"아, 아, 아, 아.","네, 잠깐만요.",있잖아…,반응형,,,,,45.0,80.0,50.0,78.0,55.0,0.46183,28.03,38.0,0.0,0.0,0.8836,"아, 아, 아, 아, 아, 아, 아,","아, 아, 아, 아, 아, 아, 아",,33.82,T4,구조검사 통과 시 유지,,77.7027027027027,52.25,P3,말투·질문응답·가독성 위주 검토
SSIS-652,사진 대조 재번역본,42,"00:02:35,580 --> 00:02:36,560",0.98,앞으로도 열심히 해 봅시다.,"죄송해요, 말이 길었네요.",네.,반응형,,,,,45.0,80.0,50.0,78.0,55.0,0.58097,0.0,38.0,0.0,0.0,0.4394,한 번 더 나가 봅시다.,한 번 더 해 볼게요.,사진 장면 확인 및 한국어 번역투·ASR 오역 교정,33.78,T4,구조검사 통과 시 유지,,77.57601351351352,52.17,P3,말투·질문응답·가독성 위주 검토
SSIS-652,사진 대조 재번역본,1072,"02:14:56,950 --> 02:14:57,970",1.02,"잔뜩 나왔어, 봐.",네.,"잠깐, 잠깐, 잠깐, 잠깐.",반응형,,,,,45.0,80.0,50.0,78.0,55.0,0.58103,0.0,38.0,0.0,0.0,0.3618,나한테 잔뜩 보여줘 봐.,나한테 잔뜩 보여 줘 봐.,,33.78,T4,구조검사 통과 시 유지,,77.57601351351352,52.17,P3,말투·질문응답·가독성 위주 검토
SSIS-652,사진 대조 재번역본,390,"00:44:02,790 --> 00:44:03,810",1.02,정말 대단하지.,괴롭혀 줘?,손 말고 혀로 해 주세요.,반말형,,,,,45.0,80.0,50.0,78.0,55.0,0.58009,0.0,38.0,0.0,0.0,0.2587,대단하네.,땀이 엄청나네.,손상된 일본어 ASR + 타임스탬프 사진 + 앞뒤 문맥 추론,33.74,T4,구조검사 통과 시 유지,,77.4070945945946,52.08,P3,말투·질문응답·가독성 위주 검토
SSIS-652,사진 대조 재번역본,953,"02:00:04,200 --> 02:00:05,560",1.36,"힘내, 힘내.","계속, 계속, 계속.","나, 몸이 무거워.",중립·혼합형,,,,,45.0,80.0,50.0,78.0,55.0,0.57994,0.0,38.0,0.0,0.0,0.2237,"네, 힘내면 돼.","응, 힘내면 돼.",사진 장면 확인 및 한국어 번역투·ASR 오역 교정,33.74,T4,구조검사 통과 시 유지,,77.4070945945946,52.08,P3,말투·질문응답·가독성 위주 검토
SSIS-652,사진 대조 재번역본,6,"00:00:21,140 --> 00:00:21,680",0.54,수고하셨습니다.,후와 카에데입니다.,"M-O 군을 괴롭혔는데 정말 좋아해 줬고,
여러 번 싸게 할 수 있어서 좋았어요.",존댓말형,,,,,45.0,80.0,50.0,78.0,55.0,0.26251,66.0,38.0,0.0,18.0,1.0,수고하셨습니다.,[불명],,33.73,T4,구조검사 통과 시 유지,formal_scene_mistranslation;formality_shift,77.23817567567568,52.0,P3,말투·질문응답·가독성 위주 검토
SSIS-652,사진 대조 재번역본,202,"00:24:42,780 --> 00:24:44,860",2.08,호스트바는 안 가요.,호스트?,AV 배우들은 다 호스트바에 가는 줄 알았어요.,중립·혼합형,,,,,45.0,80.0,50.0,78.0,55.0,0.5797,0.0,38.0,0.0,0.0,0.4637,가요.,갈 것 같아요.,성인 장면 관용 표현 교정,33.73,T4,구조검사 통과 시 유지,,77.23817567567568,52.0,P3,말투·질문응답·가독성 위주 검토
SSIS-652,사진 대조 재번역본,648,"01:06:59,700 --> 01:07:00,260",0.56,숨 좀 돌리게 해 줘요.,죄송해요.,어때요?,반말형,,,,,45.0,80.0,50.0,78.0,55.0,0.5195,0.0,38.0,25.0,0.0,0.2476,좀 더 해 줘.,보여?,일본어 원문 + 타임스탬프 사진 + 장면 연속성,33.7,T4,구조검사 통과 시 유지,borderline_cps,77.06925675675676,51.92,P3,말투·질문응답·가독성 위주 검토
SSIS-652,사진 대조 재번역본,1139,"02:21:08,260 --> 02:21:10,100",1.84,"자, 여기 누워 봐.","응, 이런 거 좋아하잖아.",응.,중립·혼합형,,,타임스탬프 사진과 앞뒤 장면으로 대사 기능 복원,중간,38.0,78.0,50.0,78.0,62.0,0.56898,0.0,38.0,0.0,0.0,0.382,여기 가까이 와 봐.,조금 더 가까이 와 봐.,손상된 일본어 ASR + 타임스탬프 사진 + 앞뒤 문맥 추론,33.7,T4,구조검사 통과 시 유지,,77.06925675675676,51.92,P3,말투·질문응답·가독성 위주 검토
SSIS-652,사진 대조 재번역본,182,"00:21:03,800 --> 00:21:04,160",0.36,감사합니다.,"네, 괜찮아요.",쇼핑도 즐거웠어요. 분위기도 좋았고요.,존댓말형,,,,,45.0,80.0,50.0,78.0,55.0,0.30493,42.0,38.0,25.0,18.0,1.0,감사합니다.,고마워요.,타임스탬프 사진과 앞뒤 장면으로 대사 기능 복원,33.69,T4,구조검사 통과 시 유지,borderline_cps;formality_shift,76.90033783783784,51.84,P3,말투·질문응답·가독성 위주 검토
SSIS-652,사진 대조 재번역본,655,"01:07:37,440 --> 01:07:38,400",0.96,아직 가면 안 돼.,큰일이네.,가슴도 흔들리고.,반응형,,,,,45.0,80.0,50.0,78.0,55.0,0.57879,0.0,38.0,0.0,0.0,0.5803,안 돼.,"네, 놀랐어요.",타임스탬프 사진과 앞뒤 장면으로 대사 기능 복원,33.69,T4,구조검사 통과 시 유지,,76.90033783783784,51.84,P3,말투·질문응답·가독성 위주 검토
SSIS-652,사진 대조 재번역본,88,"00:07:05,120 --> 00:07:06,880",1.76,그런데 펭귄은 밖에 있어요.,빠르네.,"아, 펭귄은 밖에 있구나.",반응형,,,,,45.0,80.0,50.0,78.0,55.0,0.57748,0.0,38.0,0.0,0.0,0.2476,유두에 닿고 있어요.,젖꼭지에 닿아요.,,33.63,T4,구조검사 통과 시 유지,,76.73141891891892,51.73,P3,말투·질문응답·가독성 위주 검토
SSIS-652,사진 대조 재번역본,679,"01:10:06,770 --> 01:10:08,090",1.32,가 버릴 거야. 그래도 돼?,싫어요.,그건 싫어요.,반말형,,,,,45.0,80.0,50.0,78.0,55.0,0.57726,0.0,38.0,0.0,0.0,0.3612,싫은 거야.,싫어?,일본어 원문 대조 + 자연스러운 한국어 대사 교정,33.63,T4,구조검사 통과 시 유지,,76.73141891891892,51.73,P3,말투·질문응답·가독성 위주 검토
SSIS-652,사진 대조 재번역본,70,"00:05:29,680 --> 00:05:31,140",1.46,잠깐만요.,땀나?,더워! 더워요.,반응형,,,,,45.0,80.0,50.0,78.0,55.0,0.39691,42.0,38.0,0.0,0.0,1.0,잠깐만요.,조금만 기다려.,일본어 원문 대조 + 자연스러운 한국어 대사 교정,33.61,T4,구조검사 통과 시 유지,,76.60472972972973,51.67,P3,말투·질문응답·가독성 위주 검토
SSIS-652,사진 대조 재번역본,1177,"02:25:31,100 --> 02:25:32,200",1.1,"시간이 없고, 더워서…",기분 좋아.,사람이 올 때까지 밤새 섹스할까.,중립·혼합형,,,,,45.0,80.0,50.0,78.0,55.0,0.57678,0.0,38.0,0.0,0.0,0.1942,마지막으로 진심을 나눌 시간이 필요합니다.,마지막으로 마음을 나눌 시간이 필요해요.,,33.6,T4,구조검사 통과 시 유지,,76.52027027027027,51.63,P3,말투·질문응답·가독성 위주 검토
SSIS-652,사진 대조 재번역본,1176,"02:25:28,560 --> 02:25:29,620",1.06,기분 좋아.,기분 좋아요.,"시간이 없고, 더워서…",반응형,,,,,45.0,80.0,50.0,78.0,55.0,0.39626,42.0,38.0,0.0,0.0,1.0,기분 좋아.,"아, 좋아.",화면 영문 자막 대조,33.58,T4,구조검사 통과 시 유지,,76.4358108108108,51.58,P3,말투·질문응답·가독성 위주 검토
SSIS-652,사진 대조 재번역본,961,"02:03:30,670 --> 02:03:31,810",1.14,뭘 하고 있는 거야?,"있잖아, 좀 나아졌어?",응?,반말형,,,,,45.0,80.0,50.0,78.0,55.0,0.57597,0.0,38.0,0.0,0.0,0.5221,뭘 찍게 한 거야?,뭘 찍은 거야?,손상된 일본어 ASR + 타임스탬프 사진 + 앞뒤 문맥 추론,33.57,T4,구조검사 통과 시 유지,,76.35135135135135,51.54,P3,말투·질문응답·가독성 위주 검토
SSIS-652,사진 대조 재번역본,1010,"02:08:41,740 --> 02:08:42,900",1.16,"그렇게, 그렇게.",이제 올 때가 됐어.,깨끗이 닦아 줄까.,중립·혼합형,,,,,45.0,80.0,50.0,78.0,55.0,0.57546,0.0,38.0,0.0,0.0,0.4067,이것도 그렇게...,이것도 그렇게…,,33.55,T4,구조검사 통과 시 유지,,76.2668918918919,51.49,P3,말투·질문응답·가독성 위주 검토
SSIS-652,사진 대조 재번역본,574,"01:00:26,080 --> 01:00:27,280",1.2,빨리 하고 싶지?,"씌울게, 씌울게.",네.,반말형,,,,,45.0,80.0,50.0,78.0,55.0,0.57483,0.0,38.0,0.0,0.0,0.3461,빨리 핥아 봐.,빨리 핥아 줘.,화자 말투 자연화,33.52,T4,구조검사 통과 시 유지,,76.18243243243244,51.44,P3,말투·질문응답·가독성 위주 검토
SSIS-652,사진 대조 재번역본,66,"00:05:06,410 --> 00:05:06,970",0.56,깜짝 놀랐어.,"이쪽은 앞서 안내한 층이고,
한 층 더 올라가겠습니다.",수고하셨습니다.,반응형,,,,,45.0,80.0,50.0,78.0,55.0,0.39411,42.0,38.0,0.0,0.0,1.0,깜짝 놀랐어.,정말 놀랐어요.,타임스탬프 사진과 앞뒤 장면으로 대사 기능 복원,33.49,T4,구조검사 통과 시 유지,,76.09797297297297,51.39,P3,말투·질문응답·가독성 위주 검토
SSIS-652,사진 대조 재번역본,67,"00:05:06,970 --> 00:05:12,610",5.64,수고하셨습니다.,깜짝 놀랐어.,땀나고 있어?,존댓말형,,,,,45.0,80.0,50.0,78.0,55.0,0.28994,66.0,38.0,0.0,0.0,1.0,수고하셨습니다.,[불명],,33.44,T4,구조검사 통과 시 유지,formal_scene_mistranslation,76.01351351351352,51.32,P3,말투·질문응답·가독성 위주 검토
SSIS-652,사진 대조 재번역본,910,"01:33:32,620 --> 01:33:34,700",2.08,그러니까 많이 하자.,안 돼? 밤은 길지 않잖아.,괜찮지?,중립·혼합형,,,,,45.0,80.0,50.0,78.0,55.0,0.57256,0.0,38.0,0.0,0.0,0.4877,그러니까 아직 안 왔어요.,아직 안 왔네요.,사진 장면 확인 및 한국어 번역투·ASR 오역 교정,33.43,T4,구조검사 통과 시 유지,,75.88682432432432,51.26,P3,말투·질문응답·가독성 위주 검토
SSIS-652,사진 대조 재번역본,1141,"02:21:19,440 --> 02:21:22,880",3.44,괜찮아. 괜찮아.,응.,괜찮아.,반응형,,,,,45.0,80.0,50.0,78.0,55.0,0.39255,42.0,38.0,0.0,0.0,1.0,괜찮아.,최고예요.,화면 영문 자막 대조,33.43,T4,구조검사 통과 시 유지,,75.88682432432432,51.26,P3,말투·질문응답·가독성 위주 검토
SSIS-652,사진 대조 재번역본,956,"02:03:09,530 --> 02:03:10,090",0.56,위험해.,위험해.,나와 줘.,반말형,,,,,45.0,80.0,50.0,78.0,55.0,0.39186,42.0,38.0,0.0,0.0,1.0,위험해.,큰일 나.,,33.4,T4,구조검사 통과 시 유지,,75.76013513513513,51.19,P3,말투·질문응답·가독성 위주 검토
SSIS-652,사진 대조 재번역본,187,"00:23:18,030 --> 00:23:27,660",9.63,많이 마시고 싶어.,여기면 될까?,꽤 뜨거웠어요.,반응형,,,,,45.0,80.0,50.0,78.0,55.0,0.56931,0.0,38.0,0.0,0.0,0.4162,토헤산을 마시고 있어.,이거 마셔 보고 싶었어요.,사진 장면 확인 및 한국어 번역투·ASR 오역 교정,33.29,T4,구조검사 통과 시 유지,,75.67567567567568,51.09,P3,말투·질문응답·가독성 위주 검토
SSIS-652,사진 대조 재번역본,705,"01:11:08,070 --> 01:11:09,910",1.84,그렇게까지 말하는 거예요?,S의 S는 스페셜의 S니까.,"안 돼, 안 돼.",중립·혼합형,,,,,45.0,80.0,50.0,78.0,55.0,0.56856,0.0,38.0,0.0,0.0,0.423,"아, 그렇게까지 심하진 않고.",그렇게 세게 하진 않았어.,타임스탬프 사진과 앞뒤 장면으로 대사 기능 복원,33.26,T4,구조검사 통과 시 유지,,75.59121621621621,51.04,P3,말투·질문응답·가독성 위주 검토
SSIS-652,사진 대조 재번역본,584,"01:01:23,330 --> 01:01:24,750",1.42,어디가 기분 좋아?,기분 좋아?,전부요. 위쪽도 아래쪽도.,반응형,,,,,45.0,80.0,50.0,78.0,55.0,0.56818,0.0,38.0,0.0,0.0,0.403,어디가 좋은지 모르겠어?,어디가 좋은지 아직 모르겠어?,일본어 원문 대조 + 자연스러운 한국어 대사 교정,33.24,T4,구조검사 통과 시 유지,,75.50675675675676,50.99,P3,말투·질문응답·가독성 위주 검토
SSIS-652,사진 대조 재번역본,453,"00:51:49,040 --> 00:51:49,880",0.84,넣을까?,네. 많이 노력할게요.,네.,중립·혼합형,,,,,45.0,80.0,50.0,78.0,59.0,0.56163,0.0,38.0,0.0,0.0,0.1711,자지 안 넣을 거야.,아직은 안 넣을 거야.,손상된 일본어 ASR + 타임스탬프 사진 + 앞뒤 문맥 추론,33.21,T4,구조검사 통과 시 유지,,75.4222972972973,50.94,P3,말투·질문응답·가독성 위주 검토
SSIS-652,사진 대조 재번역본,285,"00:31:17,430 --> 00:31:20,310",2.88,"안 마시면, 안 마실게요.",뭐?,안 마실게요.,중립·혼합형,,,,,45.0,80.0,50.0,78.0,55.0,0.56666,0.0,38.0,0.0,0.0,0.2191,한 잔 더 마시면 돼...,한 잔 더 마시면 돼…,,33.18,T4,구조검사 통과 시 유지,,75.33783783783784,50.89,P3,말투·질문응답·가독성 위주 검토
SSIS-652,사진 대조 재번역본,144,"00:11:15,600 --> 00:11:18,820",3.22,잠깐만요.,맛있어.,맛있어요.,반응형,,,,,45.0,80.0,50.0,78.0,55.0,0.38405,42.0,38.0,0.0,0.0,1.0,잠깐만요.,조금만 기다려.,일본어 원문 대조 + 자연스러운 한국어 대사 교정,33.07,T4,구조검사 통과 시 유지,,75.25337837837837,50.79,P3,말투·질문응답·가독성 위주 검토
SSIS-652,사진 대조 재번역본,906,"01:33:14,900 --> 01:33:16,380",1.48,왜? 하기 싫어?,"잠깐, 뭘 벗기는 거야?","잠깐, 잠깐.",반응형,,,,,45.0,80.0,50.0,78.0,55.0,0.56381,0.0,38.0,0.0,0.0,0.3202,다리 예쁘단 말 듣는 거 싫어?,다리 예쁘다는 말 싫어?,일본어 원문 대조 + 자연스러운 한국어 대사 교정,33.06,T4,구조검사 통과 시 유지,,75.16891891891892,50.75,P3,말투·질문응답·가독성 위주 검토
SSIS-652,사진 대조 재번역본,272,"00:30:06,430 --> 00:30:10,410",3.98,뭔가 변했어.,뭔가 느껴져.,아까부터 계속 생각하고 있어…,반응형,,,,,45.0,80.0,50.0,78.0,55.0,0.56217,0.0,38.0,0.0,0.0,0.2634,뭔가 귀엽게 보이기도 했어.,얼굴 보느라 넋 놓고 있었어.,,32.99,T4,구조검사 통과 시 유지,,75.0,50.63,P3,말투·질문응답·가독성 위주 검토
SSIS-652,사진 대조 재번역본,792,"01:21:04,320 --> 01:21:08,300",3.98,"잠깐만, 잠깐만. 거짓말했지.",전혀 안 돼.,또 힘내야겠네요.,반응형,,,,,45.0,80.0,50.0,78.0,55.0,0.56226,0.0,38.0,0.0,0.0,0.567,"잠깐만,",잠깐만,,32.99,T4,구조검사 통과 시 유지,,75.0,50.63,P3,말투·질문응답·가독성 위주 검토
SSIS-652,사진 대조 재번역본,1016,"02:10:21,770 --> 02:10:26,270",4.5,"응, 응. 큰일이야. 큰일.",응.,점점 하고 싶어지는데.,반응형,,,,,45.0,80.0,50.0,78.0,55.0,0.56215,0.0,38.0,0.0,0.0,0.5308,"아, 큰일이야...","아, 큰일이야…",,32.99,T4,구조검사 통과 시 유지,,75.0,50.63,P3,말투·질문응답·가독성 위주 검토
SSIS-652,사진 대조 재번역본,908,"01:33:26,540 --> 01:33:27,900",1.36,뭘 벗기는 거야?,"잠깐, 잠깐.",안 돼? 밤은 길지 않잖아.,반말형,,,,,45.0,80.0,50.0,78.0,55.0,0.56045,0.0,38.0,0.0,0.0,0.4599,뭘 찍게 한 거야?,뭘 찍은 거야?,손상된 일본어 ASR + 타임스탬프 사진 + 앞뒤 문맥 추론,32.92,T4,구조검사 통과 시 유지,,74.83108108108108,50.52,P3,말투·질문응답·가독성 위주 검토
SSIS-652,사진 대조 재번역본,560,"00:58:58,360 --> 00:59:01,260",2.9,평소에는 이런 코스프레 안 하니까.,네.,침? 침 받고 싶어?,중립·혼합형,,,,,45.0,80.0,50.0,78.0,55.0,0.5603,0.0,38.0,0.0,0.0,0.2944,가방에 코스프레 의상도 넣어 두면 좋겠네요.,칫솔도 챙겨 왔어요.,타임스탬프 사진과 앞뒤 장면으로 대사 기능 복원,32.91,T4,구조검사 통과 시 유지,,74.7043918918919,50.46,P3,말투·질문응답·가독성 위주 검토
SSIS-652,사진 대조 재번역본,712,"01:11:34,050 --> 01:11:36,790",2.74,다음엔 더 열심히 할게요.,"체력이 약하네, 정말.",정말일까?,중립·혼합형,,,사진 장면 확인 및 한국어 번역투·ASR 오역 교정,높음,58.0,96.0,50.0,92.0,42.0,0.77599,39.34,22.0,0.0,0.0,0.9779,다음엔 열심히 할게요.,다음엔 더 열심히 할게요.,사진 장면 확인 및 한국어 번역투·ASR 오역 교정,32.91,T4,구조검사 통과 시 유지,,74.7043918918919,50.46,P3,말투·질문응답·가독성 위주 검토
SSIS-652,사진 대조 재번역본,1052,"02:13:53,240 --> 02:13:53,960",0.72,여기까지 들어갔어요.,그대로 천천히 움직일게.,다음은 이쪽이에요.,반응형,,,타임스탬프 사진과 앞뒤 장면으로 대사 기능 복원,중간,38.0,78.0,50.0,78.0,62.0,0.51573,0.0,38.0,0.0,18.0,0.476,여기까지 대단해.,여기까지 들어왔어.,,32.9,T4,구조검사 통과 시 유지,formality_shift,74.5777027027027,50.4,P3,말투·질문응답·가독성 위주 검토
SSIS-652,사진 대조 재번역본,928,"01:42:40,010 --> 01:42:40,970",0.96,왜 그래?,위험해.,이번이 첫 번째예요.,중립·혼합형,,,,,45.0,80.0,50.0,78.0,55.0,0.52748,7.43,38.0,0.0,0.0,0.7119,"음-, 왜 그래?",음… 왜 그래?,,32.87,T4,구조검사 통과 시 유지,,74.49324324324324,50.35,P3,말투·질문응답·가독성 위주 검토
SSIS-652,사진 대조 재번역본,657,"01:08:08,980 --> 01:08:09,760",0.78,"하아, 하아.",가슴도 흔들리고.,엄청 기분 좋아.,반응형,,,,,45.0,80.0,50.0,78.0,55.0,0.47907,18.68,38.0,0.0,0.0,0.8057,하아.,조금만…,타임스탬프 사진으로 장면 불일치 확인 후 재복원,32.86,T4,구조검사 통과 시 유지,,74.40878378378379,50.31,P3,말투·질문응답·가독성 위주 검토
SSIS-652,사진 대조 재번역본,2,"00:00:13,680 --> 00:00:14,800",1.12,수고하셨습니다.,수고하셨습니다.,처음 뵙겠습니다.,존댓말형,,,,,45.0,80.0,50.0,78.0,55.0,0.27565,66.0,38.0,0.0,0.0,1.0,수고하셨습니다.,[불명],,32.84,T4,구조검사 통과 시 유지,formal_scene_mistranslation,74.32432432432432,50.26,P3,말투·질문응답·가독성 위주 검토
SSIS-652,사진 대조 재번역본,40,"00:02:33,560 --> 00:02:33,780",0.22,감사합니다.,그러면 기쁠 것 같아요.,"죄송해요, 말이 길었네요.",존댓말형,,,,,45.0,80.0,50.0,78.0,55.0,0.18594,42.0,38.0,66.36,18.0,1.0,감사합니다.,고마워요.,타임스탬프 사진과 앞뒤 장면으로 대사 기능 복원,32.83,T4,구조검사 통과 시 유지,formality_shift;high_cps,74.19763513513513,50.2,P3,말투·질문응답·가독성 위주 검토
SSIS-652,사진 대조 재번역본,767,"01:16:45,220 --> 01:16:46,260",1.04,"아, 그쪽으로 갔어.",아까 거짓말이었잖아. 서 있잖아…,괜찮아.,반응형,,,,,45.0,80.0,50.0,78.0,55.0,0.55835,0.0,38.0,0.0,0.0,0.2999,"이제 곧 약속 장소에 도착해서, 그쪽으로 가 보려고 합니다.",이제 곧 약속 장소에 도착해서 그쪽으로 가 보려고 합니다.,,32.83,T4,구조검사 통과 시 유지,,74.19763513513513,50.2,P3,말투·질문응답·가독성 위주 검토
SSIS-652,사진 대조 재번역본,576,"01:00:27,560 --> 01:00:30,820",3.26,씌운 모습도 귀여워요.,네.,귀여워요.,중립·혼합형,,,,,45.0,80.0,50.0,78.0,55.0,0.55695,0.0,38.0,0.0,0.0,0.329,펭귄 정말 좋아해요. 귀엽지 않아요? 걷는 모습이 귀여워요.,펭귄이 정말 귀엽지 않아요? 걷는 모습이 특히 귀여워요.,사진 장면 확인 및 한국어 번역투·ASR 오역 교정,32.77,T4,구조검사 통과 시 유지,,74.02871621621621,50.1,P3,말투·질문응답·가독성 위주 검토
SSIS-652,사진 대조 재번역본,1088,"02:16:55,120 --> 02:16:56,380",1.26,평소에도 많이 먹어?,"응, 자긴 하는데.",요구르트는 먹어?,반응형,,,,,45.0,80.0,50.0,78.0,55.0,0.55692,0.0,38.0,0.0,0.0,0.3867,평소에도 샴페인을 마셔서 알아요.,평소에도 샴페인을 마셔 봐서 알아요.,사진 장면 확인 및 한국어 번역투·ASR 오역 교정,32.77,T4,구조검사 통과 시 유지,,74.02871621621621,50.1,P3,말투·질문응답·가독성 위주 검토
SSIS-652,사진 대조 재번역본,89,"00:07:06,960 --> 00:07:08,360",1.4,"아, 펭귄은 밖에 있구나.",그런데 펭귄은 밖에 있어요.,이쪽?,반응형,,,,,45.0,80.0,50.0,78.0,55.0,0.55609,0.0,38.0,0.0,0.0,0.4551,온천도 있구나.,목욕탕에서…,일본어 원문 + 타임스탬프 사진 + 장면 연속성,32.74,T4,구조검사 통과 시 유지,,73.8597972972973,50.01,P3,말투·질문응답·가독성 위주 검토
SSIS-652,사진 대조 재번역본,982,"02:06:29,800 --> 02:06:32,060",2.26,이런 속옷 좋아할 것 같아서 가져왔어요.,괜찮아요?,일본인 같지 않은 몸매라는 말을 자주 들어요.,반말형,,,타임스탬프 사진과 앞뒤 장면으로 대사 기능 복원,중간,38.0,78.0,50.0,78.0,62.0,0.54607,0.0,38.0,0.0,0.0,0.1589,이런 거 좋아하지?,묶여 있는 거 좋아하지?,,32.74,T4,구조검사 통과 시 유지,,73.8597972972973,50.01,P3,말투·질문응답·가독성 위주 검토
SSIS-652,사진 대조 재번역본,827,"01:24:42,960 --> 01:24:43,500",0.54,조금 쉬자.,바로 갈까?,알겠습니다.,중립·혼합형,,,,,45.0,80.0,50.0,78.0,55.0,0.45069,24.59,38.0,0.0,0.0,0.8549,쉬자.,너무 깊이 들어가.,일본어 원문 + 타임스탬프 사진 + 장면 연속성,32.73,T4,구조검사 통과 시 유지,,73.7331081081081,49.95,P3,말투·질문응답·가독성 위주 검토
SSIS-652,사진 대조 재번역본,814,"01:23:44,680 --> 01:23:44,980",0.3,괜찮아.,잊었어.,몇 걸음 안 되지?,반응형,,,,,45.0,80.0,50.0,78.0,55.0,0.37578,42.0,38.0,0.0,0.0,1.0,괜찮아.,최고예요.,화면 영문 자막 대조,32.72,T4,구조검사 통과 시 유지,,73.60641891891892,49.89,P3,말투·질문응답·가독성 위주 검토
SSIS-652,사진 대조 재번역본,1034,"02:11:43,710 --> 02:11:45,150",1.44,어떻게 가고 있는지.,무슨 뜻이야?,네.,반응형,,,,,45.0,80.0,50.0,78.0,55.0,0.55565,0.0,38.0,0.0,0.0,0.6139,어떤 식으로 가고 있는지.,어떻게 가고 있는지.,,32.72,T4,구조검사 통과 시 유지,,73.60641891891892,49.89,P3,말투·질문응답·가독성 위주 검토
SSIS-652,사진 대조 재번역본,986,"02:06:42,560 --> 02:06:45,120",2.56,조금 어려 보이지 않아요?,그런 말 들으면 기분 좋아요.,"응, 훨씬 어려 보여.",반응형,,,타임스탬프 사진과 앞뒤 장면으로 대사 기능 복원,중간,38.0,78.0,50.0,78.0,62.0,0.54539,0.0,38.0,0.0,0.0,0.244,조금 보이네.,조금은 보이는 것 같아.,일본어 원문 대조 + 자연스러운 한국어 대사 교정,32.71,T4,구조검사 통과 시 유지,,73.47972972972973,49.83,P3,말투·질문응답·가독성 위주 검토
SSIS-652,사진 대조 재번역본,1144,"02:21:47,290 --> 02:21:47,850",0.56,좋잖아.,또 섰어?,알기 쉽네.,반응형,,,,,45.0,80.0,50.0,78.0,55.0,0.55505,0.0,38.0,0.0,0.0,0.5462,너도 기분 좋잖아...,너도 기분 좋잖아…,,32.69,T4,구조검사 통과 시 유지,,73.35304054054053,49.77,P3,말투·질문응답·가독성 위주 검토
SSIS-652,사진 대조 재번역본,1167,"02:24:21,780 --> 02:24:24,360",2.58,그럼 제가 연장비를 낼게요.,나갈 시간은 있어. 괜찮아?,"연장비? 응, 연장 요금 낼 테니까.",중립·혼합형,,,,,45.0,80.0,50.0,78.0,55.0,0.55502,0.0,38.0,0.0,0.0,0.1556,"그럼 일단,",그럼 일단,,32.69,T4,구조검사 통과 시 유지,,73.35304054054053,49.77,P3,말투·질문응답·가독성 위주 검토
SSIS-652,사진 대조 재번역본,266,"00:28:31,330 --> 00:28:33,130",1.8,어라?,조금 더 많이 해 줘?,섰어?,반응형,,,,,45.0,80.0,50.0,78.0,55.0,0.55469,0.0,38.0,0.0,0.0,0.1683,어라... 아...,어라… 아…,,32.68,T4,구조검사 통과 시 유지,,73.18412162162163,49.69,P3,말투·질문응답·가독성 위주 검토
SSIS-652,사진 대조 재번역본,371,"00:42:23,360 --> 00:42:24,540",1.18,잘 만져 줘.,"네, 부탁드립니다.",S1의 F컵.,중립·혼합형,,,,,45.0,80.0,50.0,78.0,55.0,0.55464,0.0,38.0,0.0,0.0,0.4622,한번 만져 봐.,안 돼.,일본어 원문 + 타임스탬프 사진 + 장면 연속성,32.68,T4,구조검사 통과 시 유지,,73.18412162162163,49.69,P3,말투·질문응답·가독성 위주 검토
SSIS-652,사진 대조 재번역본,46,"00:02:39,880 --> 00:02:40,460",0.58,"네, 오케이. 고마워요.",수고하셨습니다.,아이자와입니다.,반말형,,,,,45.0,80.0,50.0,78.0,55.0,0.46048,0.0,38.0,25.0,18.0,0.3552,"음, 오케이. 됐어, 소요. 잠깐 이리 와.","됐어. 후아, 잠깐 이리 와.",사진 장면 확인 및 한국어 번역투·ASR 오역 교정,32.66,T4,구조검사 통과 시 유지,borderline_cps;formality_shift,73.0152027027027,49.61,P3,말투·질문응답·가독성 위주 검토
SSIS-652,사진 대조 재번역본,969,"02:05:05,590 --> 02:05:08,010",2.42,잘 벌려 주세요.,다음에는 더 높은 곳을 보여 드릴게요.,계속 넓게 벌려 주세요.,존댓말형,,,,,45.0,80.0,50.0,78.0,55.0,0.55421,0.0,38.0,0.0,0.0,0.4912,쉬어 주세요.,잠깐 쉬게 해 주세요.,사진 장면 확인 및 한국어 번역투·ASR 오역 교정,32.66,T4,구조검사 통과 시 유지,,73.0152027027027,49.61,P3,말투·질문응답·가독성 위주 검토
SSIS-652,사진 대조 재번역본,444,"00:50:41,260 --> 00:50:42,120",0.86,이거 쓰는 거야?,엄청.,그런데도?,반말형,,,,,45.0,80.0,50.0,78.0,55.0,0.55408,0.0,38.0,0.0,0.0,0.3381,끼우는 거야?,끼는 거지?,일본어 원문 대조 + 자연스러운 한국어 대사 교정,32.65,T4,구조검사 통과 시 유지,,72.88851351351352,49.55,P3,말투·질문응답·가독성 위주 검토
SSIS-652,사진 대조 재번역본,788,"01:20:36,810 --> 01:20:37,610",0.8,이거 큰일인데?,"와, 엄청 많이 나왔나 봐요.",대단하잖아.,중립·혼합형,,,,,45.0,80.0,50.0,78.0,55.0,0.55184,0.0,38.0,0.0,0.0,0.5946,- 큰일 났다... - 뭐가 큰일인데?,- 큰일 났다… - 뭐가 큰일인데?,,32.56,T4,구조검사 통과 시 유지,,72.76182432432432,49.44,P3,말투·질문응답·가독성 위주 검토
SSIS-652,사진 대조 재번역본,1007,"02:08:35,400 --> 02:08:35,780",0.38,그건 어려워.,장난이야.,뭘 하고 있는 거야?,반응형,,,,,45.0,80.0,50.0,78.0,55.0,0.552,0.0,38.0,0.0,0.0,0.3291,그건 안 돼.,여기로 와.,일본어 원문 + 타임스탬프 사진 + 장면 연속성,32.56,T4,구조검사 통과 시 유지,,72.76182432432432,49.44,P3,말투·질문응답·가독성 위주 검토
SSIS-652,사진 대조 재번역본,786,"01:20:30,690 --> 01:20:32,090",1.4,대단해.,대단해.,"와, 엄청 많이 나왔나 봐요.",반말형,,,,,45.0,80.0,50.0,78.0,55.0,0.37175,42.0,38.0,0.0,0.0,1.0,대단해.,기분 좋네.,일본어 원문 + 타임스탬프 사진 + 장면 연속성,32.55,T4,구조검사 통과 시 유지,,72.63513513513513,49.39,P3,말투·질문응답·가독성 위주 검토
SSIS-652,사진 대조 재번역본,1110,"02:18:50,550 --> 02:18:51,810",1.26,"좋아하긴 하는데, 이제.",별로야?,좋아하지만 많이는 안 먹어.,반응형,,,,,45.0,80.0,50.0,78.0,55.0,0.55067,0.0,38.0,0.0,0.0,0.2113,완전히 쓰러뜨리면 이제.,이대로 눕혀 버리면…,사진 장면 확인 및 한국어 번역투·ASR 오역 교정,32.51,T4,구조검사 통과 시 유지,,72.55067567567568,49.33,P3,말투·질문응답·가독성 위주 검토
SSIS-652,사진 대조 재번역본,821,"01:24:31,840 --> 01:24:34,040",2.2,위층 같은 데 뭐가 있으려나?,배고파졌어요.,근처에 있을 거예요.,반응형,,,,,45.0,80.0,50.0,78.0,55.0,0.54972,0.0,38.0,0.0,0.0,0.2716,괜찮으려나? 왜? 잘 닦이고 있나?,괜찮으려나? 왜? 잘 닦이고 있어?,일본어 원문 대조 + 자연스러운 한국어 대사 교정,32.47,T4,구조검사 통과 시 유지,,72.46621621621621,49.27,P3,말투·질문응답·가독성 위주 검토
SSIS-652,사진 대조 재번역본,326,"00:37:13,150 --> 00:37:15,050",1.9,"봐, 이제 일어나자.",끝도 없네.,아직 괜찮아?,반응형,,,,,45.0,80.0,50.0,78.0,55.0,0.5496,0.0,38.0,0.0,0.0,0.1692,남자는 갑자기 일어나 입을 닦았다.,남자는 갑자기 몸을 일으키며 입에서 자지를 뺐다.,,32.46,T4,구조검사 통과 시 유지,,72.38175675675676,49.23,P3,말투·질문응답·가독성 위주 검토
SSIS-652,사진 대조 재번역본,373,"00:42:38,200 --> 00:42:41,100",2.9,무슨 소리야?,S1의 F컵.,무슨 소리야?,반말형,,,,,45.0,80.0,50.0,78.0,55.0,0.49872,11.68,38.0,0.0,0.0,0.7473,무슨 소리야? 진짜...,무슨 소리야? 진짜…,,32.43,T4,구조검사 통과 시 유지,,72.2972972972973,49.17,P3,말투·질문응답·가독성 위주 검토
SSIS-652,사진 대조 재번역본,293,"00:32:10,280 --> 00:32:12,520",2.24,안 보여. 안 보여.,안 보이네요.,어때?,중립·혼합형,,,,,45.0,80.0,50.0,78.0,55.0,0.40401,32.96,38.0,0.0,0.0,0.9247,잘 안 보여.,"응, 그렇네.",일본어 원문 + 타임스탬프 사진 + 장면 연속성,32.28,T4,구조검사 통과 시 유지,,72.21283783783784,49.05,P3,말투·질문응답·가독성 위주 검토
SSIS-652,사진 대조 재번역본,229,"00:26:33,440 --> 00:26:35,540",2.1,"있잖아, 또 긴장했어?",정말 오늘 우리 둘뿐이라고 하면…,긴장이 풀려요. 그런데 여기 오니까 또…,반응형,,,,,45.0,80.0,50.0,78.0,55.0,0.54456,0.0,38.0,0.0,0.0,0.3371,"있잖아, 잠깐만...","있잖아, 잠깐만…",,32.25,T4,구조검사 통과 시 유지,,72.12837837837837,49.0,P3,말투·질문응답·가독성 위주 검토
SSIS-652,사진 대조 재번역본,530,"00:57:11,770 --> 00:57:12,490",0.72,너무 빨라.,기다릴게요.,기대된다.,중립·혼합형,,,,,45.0,80.0,50.0,78.0,55.0,0.54259,0.0,38.0,0.0,0.0,0.2296,"하아, 너무 기분 좋아...","하아, 너무 기분 좋아…",,32.17,T4,구조검사 통과 시 유지,,72.04391891891892,48.92,P3,말투·질문응답·가독성 위주 검토
SSIS-652,사진 대조 재번역본,815,"01:23:49,720 --> 01:23:51,220",1.5,몇 걸음 안 되지?,괜찮아.,몇 걸음 안 되지?,반말형,,,,,45.0,80.0,50.0,78.0,55.0,0.54195,0.0,38.0,0.0,0.0,0.1671,한 걸음씩.,응.,일본어 원문 + 타임스탬프 사진 + 장면 연속성,32.14,T4,구조검사 통과 시 유지,,71.95945945945947,48.86,P3,말투·질문응답·가독성 위주 검토
SSIS-652,사진 대조 재번역본,460,"00:52:06,220 --> 00:52:07,040",0.82,기분 좋아.,아앗.,"아, 대단해.",반응형,,,,,45.0,80.0,50.0,78.0,55.0,0.36172,42.0,38.0,0.0,0.0,1.0,기분 좋아.,"아, 좋아.",화면 영문 자막 대조,32.13,T4,구조검사 통과 시 유지,,71.875,48.82,P3,말투·질문응답·가독성 위주 검토
SSIS-652,사진 대조 재번역본,996,"02:07:37,020 --> 02:07:38,020",1.0,그럼 같이 닦자.,그렇지.,자.,중립·혼합형,,,타임스탬프 사진과 앞뒤 장면으로 대사 기능 복원,중간,38.0,78.0,50.0,78.0,62.0,0.53067,0.0,38.0,0.0,0.0,0.3061,같이 좀 가요.,그럼 같이 가요.,일본어 원문 대조 + 자연스러운 한국어 대사 교정,32.09,T4,구조검사 통과 시 유지,,71.79054054054053,48.76,P3,말투·질문응답·가독성 위주 검토
SSIS-652,사진 대조 재번역본,1154,"02:23:34,150 --> 02:23:35,290",1.14,삼킬 수 없어.,먹어.,맛있어.,반응형,,,,,45.0,80.0,50.0,78.0,55.0,0.54042,0.0,38.0,0.0,0.0,0.4409,끝이 없어.,끝도 없네.,사진 장면 확인 및 한국어 번역투·ASR 오역 교정,32.08,T4,구조검사 통과 시 유지,,71.70608108108108,48.72,P3,말투·질문응답·가독성 위주 검토
SSIS-652,사진 대조 재번역본,1148,"02:22:57,930 --> 02:22:59,110",1.18,아직 기다리고 있어.,그럼 이거 마실까.,"아, 네.",반응형,,,,,45.0,80.0,50.0,78.0,55.0,0.54022,0.0,38.0,0.0,0.0,0.5958,위험할 정도로 기다리고 있어.,아… 더는 못 참겠어.,타임스탬프 사진으로 장면 불일치 확인 후 재복원,32.07,T4,구조검사 통과 시 유지,,71.62162162162163,48.68,P3,말투·질문응답·가독성 위주 검토
SSIS-652,사진 대조 재번역본,1026,"02:11:15,430 --> 02:11:16,390",0.96,찍고 있잖아.,아.,조금 더.,반응형,,,,,45.0,80.0,50.0,78.0,55.0,0.53982,0.0,38.0,0.0,0.0,0.6475,서 있잖아.,완전히 서 있잖아.,일본어 원문 대조 + 자연스러운 한국어 대사 교정,32.05,T4,구조검사 통과 시 유지,,71.53716216216216,48.63,P3,말투·질문응답·가독성 위주 검토
SSIS-652,사진 대조 재번역본,1001,"02:08:12,220 --> 02:08:13,280",1.06,젖꼭지는 안 돼?,"아, 젖꼭지는 안 돼요.",네.,반말형,,,,,45.0,80.0,50.0,78.0,59.0,0.53355,0.0,38.0,0.0,0.0,0.2977,유두는 안 돼?,젖꼭지는 안 돼?,,32.03,T4,구조검사 통과 시 유지,,71.4527027027027,48.59,P3,말투·질문응답·가독성 위주 검토
SSIS-652,사진 대조 재번역본,427,"00:49:27,540 --> 00:49:29,300",1.76,이런 걸로 갈 리가 없잖아.,아무것도 아니야.,어때요?,반응형,,,,,45.0,80.0,50.0,78.0,55.0,0.53866,0.0,38.0,0.0,0.0,0.6253,말할 리가 없잖아.,들킬 리가 없잖아.,앞뒤 대사 문맥 교정,32.0,T4,구조검사 통과 시 유지,,71.36824324324324,48.53,P3,말투·질문응답·가독성 위주 검토
SSIS-652,사진 대조 재번역본,929,"01:42:43,780 --> 01:44:06,130",82.35,이번이 첫 번째예요.,왜 그래?,아아아아아아아아아아아아아아…,존댓말형,,,사진 장면 확인 및 한국어 번역투·ASR 오역 교정,높음,58.0,96.0,50.0,92.0,42.0,0.84406,15.91,22.0,0.0,0.0,0.7826,첫 번째예요.,이번이 첫 번째예요.,사진 장면 확인 및 한국어 번역투·ASR 오역 교정,31.93,T4,구조검사 통과 시 유지,,71.28378378378379,48.46,P3,말투·질문응답·가독성 위주 검토
SSIS-652,사진 대조 재번역본,857,"01:27:38,020 --> 01:27:38,960",0.94,기분 좋아.,그리고 밥도 조금.,무슨 과자 좋아해?,반응형,,,,,45.0,80.0,50.0,78.0,55.0,0.35609,42.0,38.0,0.0,0.0,1.0,기분 좋아.,"아, 좋아.",화면 영문 자막 대조,31.9,T4,구조검사 통과 시 유지,,71.19932432432432,48.41,P3,말투·질문응답·가독성 위주 검토
SSIS-652,사진 대조 재번역본,63,"00:04:54,870 --> 00:04:55,830",0.96,조금 걸어요.,데려가고 싶어요.,일단 올라가 볼게요.,반응형,,,,,45.0,80.0,50.0,78.0,55.0,0.53535,0.0,38.0,0.0,0.0,0.3321,조금 쉬어요.,잠깐만요.,,31.86,T4,구조검사 통과 시 유지,,71.11486486486487,48.35,P3,말투·질문응답·가독성 위주 검토
SSIS-652,사진 대조 재번역본,356,"00:41:52,220 --> 00:41:53,860",1.64,무슨 소리야?,응.,무슨 소리야?,반말형,,,,,45.0,80.0,50.0,78.0,55.0,0.4846,11.68,38.0,0.0,0.0,0.7473,무슨 소리야? 진짜...,무슨 소리야? 진짜…,,31.83,T4,구조검사 통과 시 유지,,71.0304054054054,48.29,P3,말투·질문응답·가독성 위주 검토
SSIS-652,사진 대조 재번역본,41,"00:02:34,400 --> 00:02:35,220",0.82,"죄송해요, 말이 길었네요.",감사합니다.,앞으로도 열심히 해 봅시다.,반말형,,,,,45.0,80.0,50.0,78.0,55.0,0.53389,0.0,38.0,0.0,0.0,0.2961,"하앗, 죄송해요.","하앗, 기분 좋아요.",장면·앞뒤 반응 복원,31.8,T4,구조검사 통과 시 유지,,70.94594594594594,48.24,P3,말투·질문응답·가독성 위주 검토
SSIS-652,사진 대조 재번역본,891,"01:31:36,610 --> 01:31:36,790",0.18,정말.,네.,"조금만, 이리 와.",중립·혼합형,,,,,45.0,80.0,50.0,78.0,55.0,0.29323,42.0,38.0,25.0,0.0,1.0,정말.,정말…,일본어 원문 대조 + 자연스러운 한국어 대사 교정,31.76,T4,구조검사 통과 시 유지,borderline_cps,70.86148648648648,48.18,P3,말투·질문응답·가독성 위주 검토
SSIS-652,사진 대조 재번역본,307,"00:33:38,370 --> 00:33:39,690",1.32,대단하잖아.,부탁해.,옷 위로도 알겠어.,반응형,,,,,45.0,80.0,50.0,78.0,55.0,0.53161,0.0,38.0,0.0,0.0,0.2978,당연하잖아.,당연히 가져왔지.,타임스탬프 사진과 앞뒤 장면으로 대사 기능 복원,31.71,T4,구조검사 통과 시 유지,,70.77702702702703,48.12,P3,말투·질문응답·가독성 위주 검토
SSIS-652,사진 대조 재번역본,1164,"02:24:13,300 --> 02:24:16,460",3.16,시간도 없어요.,그런데 있잖아요.,시간 없어? 시간 없어? 괜찮아.,반응형,,,,,45.0,80.0,50.0,78.0,55.0,0.53142,0.0,38.0,0.0,0.0,0.4685,아무도 없어요.,아무도 안 보잖아.,타임스탬프 사진과 장면 흐름으로 명백한 오인식 교정,31.7,T4,구조검사 통과 시 유지,,70.69256756756756,48.08,P3,말투·질문응답·가독성 위주 검토
SSIS-652,사진 대조 재번역본,849,"01:27:01,990 --> 01:27:03,250",1.26,"아, 저거구나.",저기예요.,가까워.,반응형,,,,,45.0,80.0,50.0,78.0,55.0,0.53101,0.0,38.0,0.0,0.0,0.3748,아~이거구나.,아…이거구나.,,31.68,T4,구조검사 통과 시 유지,,70.6081081081081,48.03,P3,말투·질문응답·가독성 위주 검토
SSIS-652,사진 대조 재번역본,1120,"02:19:36,310 --> 02:19:37,390",1.08,힘내서 먹어.,힘내.,"응, 힘낼게.",반응형,,,,,45.0,80.0,50.0,78.0,55.0,0.53076,0.0,38.0,0.0,0.0,0.1417,"네, 힘내면 돼.","응, 힘내면 돼.",사진 장면 확인 및 한국어 번역투·ASR 오역 교정,31.67,T4,구조검사 통과 시 유지,,70.52364864864865,47.99,P3,말투·질문응답·가독성 위주 검토
SSIS-652,사진 대조 재번역본,169,"00:12:27,560 --> 00:12:28,080",0.52,많이 있었네.,많이 있어서.,뭘까요.,반말형,,,,,45.0,80.0,50.0,78.0,55.0,0.49629,0.0,38.0,0.0,18.0,0.1868,많이 핥아줘...,많이 핥아줘…,,31.66,T4,구조검사 통과 시 유지,formality_shift,70.4391891891892,47.95,P3,말투·질문응답·가독성 위주 검토
SSIS-652,사진 대조 재번역본,49,"00:02:54,420 --> 00:02:56,280",1.86,만난 적이 없어서 긴장되네요.,오늘 카에데 후와 씨를 만나러 갑니다.,어떤 사람일까 싶어요.,반응형,,,,,45.0,80.0,50.0,78.0,55.0,0.53007,0.0,38.0,0.0,0.0,0.4641,차를 세웠는데도 긴장되네요.,차에 타니까 더 긴장되네요.,차량 장면과 문장 불일치 교정,31.64,T4,구조검사 통과 시 유지,,70.35472972972973,47.9,P3,말투·질문응답·가독성 위주 검토
SSIS-652,사진 대조 재번역본,744,"01:12:59,970 --> 01:13:01,230",1.26,뭔가 잔뜩 있어.,뭐?,그대로.,반응형,,,,,45.0,80.0,50.0,78.0,55.0,0.5298,0.0,38.0,0.0,0.0,0.4107,잔뜩 쌀 거야.,걱정 마.,화면 영문 자막 대조,31.63,T4,구조검사 통과 시 유지,,70.22804054054053,47.84,P3,말투·질문응답·가독성 위주 검토
SSIS-652,사진 대조 재번역본,759,"01:15:20,580 --> 01:15:23,540",2.96,물 온도 괜찮아요.,혼자 씻는 것보단 낫지?,씻어 달라고 했잖아.,반응형,,,타임스탬프 사진과 앞뒤 장면으로 대사 기능 복원,중간,38.0,78.0,50.0,78.0,62.0,0.51977,0.0,38.0,0.0,0.0,0.5394,말해도 괜찮아요.,"괜찮아, 계속해.",일본어 원문 대조 + 자연스러운 한국어 대사 교정,31.63,T4,구조검사 통과 시 유지,,70.22804054054053,47.84,P3,말투·질문응답·가독성 위주 검토
SSIS-652,사진 대조 재번역본,233,"00:26:55,330 --> 00:26:57,090",1.76,안 돼요? 안 되는 건 아니에요.,더우니까…,안 되는 건 아니지?,중립·혼합형,,,,,45.0,80.0,50.0,78.0,55.0,0.529,0.0,38.0,0.0,0.0,0.411,"손이 아니라, 손은 아니에요.",손 말고 혀로 해 주세요.,사진 장면 확인 및 한국어 번역투·ASR 오역 교정,31.6,T4,구조검사 통과 시 유지,,70.10135135135135,47.77,P3,말투·질문응답·가독성 위주 검토
SSIS-652,사진 대조 재번역본,685,"01:10:26,290 --> 01:10:27,190",0.9,한 번 더 할게.,"잠깐, 뭐 하는 거야?",한 번 더 할게.,중립·혼합형,,,,,45.0,80.0,50.0,78.0,55.0,0.52518,0.85,38.0,0.0,0.0,0.6571,이제 안 할게.,이제 안 애태울게.,,31.59,T4,구조검사 통과 시 유지,,69.97466216216216,47.71,P3,말투·질문응답·가독성 위주 검토
SSIS-652,사진 대조 재번역본,1017,"02:10:28,330 --> 02:10:30,050",1.72,점점 하고 싶어지는데.,"응, 응. 큰일이야. 큰일.","아, 큰일이야.",반응형,,,,,45.0,80.0,50.0,78.0,55.0,0.52875,0.0,38.0,0.0,0.0,0.2679,점점 더...,점점 더…,,31.59,T4,구조검사 통과 시 유지,,69.97466216216216,47.71,P3,말투·질문응답·가독성 위주 검토
SSIS-652,사진 대조 재번역본,1163,"02:24:10,220 --> 02:24:12,540",2.32,그런데 있잖아요.,여기에?,시간도 없어요.,반응형,,,,,45.0,80.0,50.0,78.0,55.0,0.52817,0.0,38.0,0.0,0.0,0.2431,그런데 얘랑 단둘이 자고 있었던 건가...,그런데 얘랑 단둘이 자고 있었던 건가…,,31.56,T4,구조검사 통과 시 유지,,69.84797297297297,47.64,P3,말투·질문응답·가독성 위주 검토
SSIS-652,사진 대조 재번역본,262,"00:28:13,410 --> 00:28:20,270",6.86,"아, 그래.",네.,네.,반응형,,,,,45.0,80.0,50.0,78.0,55.0,0.34776,42.0,38.0,0.0,0.0,1.0,"아, 그래.",간다.,화면 영문 자막 대조,31.55,T4,구조검사 통과 시 유지,,69.72128378378379,47.58,P3,말투·질문응답·가독성 위주 검토
SSIS-652,사진 대조 재번역본,562,"00:59:16,400 --> 00:59:16,980",0.58,많이 받고 싶어요.,침? 침 받고 싶어?,침 주세요.,반응형,,,,,45.0,80.0,50.0,78.0,55.0,0.52784,0.0,38.0,0.0,0.0,0.4204,기분 좋게 해 주고 싶어요.,제가 해 볼게요.,앞 블록과 중복된 문장 정리,31.55,T4,구조검사 통과 시 유지,,69.72128378378379,47.58,P3,말투·질문응답·가독성 위주 검토
SSIS-652,사진 대조 재번역본,1087,"02:16:52,980 --> 02:16:54,220",1.24,"응, 자긴 하는데.",점심에 일어나. 아침에는 푹 자?,평소에도 많이 먹어?,반응형,,,,,45.0,80.0,50.0,78.0,55.0,0.52733,0.0,38.0,0.0,0.0,0.2217,"응, 더...","응, 더…",,31.53,T4,구조검사 통과 시 유지,,69.5945945945946,47.52,P3,말투·질문응답·가독성 위주 검토
SSIS-652,사진 대조 재번역본,264,"00:28:22,290 --> 00:28:23,370",1.08,"아, 그 근처.",네.,조금 더 많이 해 줘?,반응형,,,,,45.0,80.0,50.0,78.0,55.0,0.52714,0.0,38.0,0.0,0.0,0.346,"아, 아, 아, 아, 아, 아, 아,","아, 아, 아, 아, 아, 아, 아",,31.52,T4,구조검사 통과 시 유지,,69.42567567567568,47.44,P3,말투·질문응답·가독성 위주 검토
SSIS-652,사진 대조 재번역본,525,"00:56:54,770 --> 00:56:55,890",1.12,코스프레 좋아하지?,다른 옷으로 갈아입고 올게.,네. 갈아입고 올게요.,반응형,,,,,45.0,80.0,50.0,78.0,55.0,0.52711,0.0,38.0,0.0,0.0,0.5457,이런 거 좋아하지?,묶여 있는 거 좋아하지?,,31.52,T4,구조검사 통과 시 유지,,69.42567567567568,47.44,P3,말투·질문응답·가독성 위주 검토
SSIS-652,사진 대조 재번역본,659,"01:08:25,090 --> 01:08:36,510",11.42,"아, 하아.",엄청 기분 좋아.,그럼 정말 한 번만 더.,반응형,,,,,45.0,80.0,50.0,78.0,55.0,0.40525,28.45,38.0,0.0,0.0,0.8871,하아.,조금만…,타임스탬프 사진으로 장면 불일치 확인 후 재복원,31.52,T4,구조검사 통과 시 유지,,69.42567567567568,47.44,P3,말투·질문응답·가독성 위주 검토
SSIS-652,사진 대조 재번역본,748,"01:13:13,160 --> 01:13:13,880",0.72,힘낼 수 있어?,"안에 뭔가 있는 건가, 내가 하면.",힘낼래?,반응형,,,,,45.0,80.0,50.0,78.0,55.0,0.5268,0.0,38.0,0.0,0.0,0.4403,자고 있어?,땀나?,사진 장면 확인 및 한국어 번역투·ASR 오역 교정,31.51,T4,구조검사 통과 시 유지,,69.25675675675676,47.36,P3,말투·질문응답·가독성 위주 검토
SSIS-652,사진 대조 재번역본,101,"00:07:34,220 --> 00:07:34,420",0.2,대단해.,귀엽다.,"와, 귀여워요.",반말형,,,,,45.0,80.0,50.0,78.0,55.0,0.27533,42.0,38.0,30.0,0.0,1.0,대단해.,기분 좋네.,일본어 원문 + 타임스탬프 사진 + 장면 연속성,31.5,T4,구조검사 통과 시 유지,high_cps,69.13006756756756,47.3,P3,말투·질문응답·가독성 위주 검토
SSIS-652,사진 대조 재번역본,633,"01:05:13,000 --> 01:05:14,360",1.36,"앗, 살려 주세요.",앗!,"앗, 앗!",반응형,,,,,45.0,80.0,50.0,78.0,55.0,0.52659,0.0,38.0,0.0,0.0,0.4456,쉬어 주세요.,잠깐 쉬게 해 주세요.,사진 장면 확인 및 한국어 번역투·ASR 오역 교정,31.5,T4,구조검사 통과 시 유지,,69.13006756756756,47.3,P3,말투·질문응답·가독성 위주 검토
SSIS-652,사진 대조 재번역본,718,"01:11:44,770 --> 01:11:44,870",0.1,맛있네.,맛있어.,그럼 샤워할까.,반말형,,,,,45.0,80.0,50.0,78.0,55.0,0.3598,0.0,38.0,70.0,0.0,0.4265,카레를 다 같이 먹으니까 맛있네. 그러게요.,- 셋이 같이 카레 먹으니까 맛있네. - 그러게요.,식사 장면 화자 분리,31.49,T4,구조검사 통과 시 유지,high_cps,68.96114864864865,47.23,P3,말투·질문응답·가독성 위주 검토
SSIS-652,사진 대조 재번역본,783,"01:20:07,150 --> 01:20:08,550",1.4,대단해.,갈 수 있지?,나왔잖아.,반말형,,,,,45.0,80.0,50.0,78.0,55.0,0.34641,42.0,38.0,0.0,0.0,1.0,대단해.,기분 좋네.,일본어 원문 + 타임스탬프 사진 + 장면 연속성,31.49,T4,구조검사 통과 시 유지,,68.96114864864865,47.23,P3,말투·질문응답·가독성 위주 검토
SSIS-652,사진 대조 재번역본,471,"00:52:45,780 --> 00:52:57,720",11.94,"아, 아, 잠깐만요, 이거.",좋긴 한데요.,"앗, 가, 갈 것 같아.",반응형,,,,,45.0,80.0,50.0,78.0,55.0,0.52529,0.0,38.0,0.0,0.0,0.4626,"네, 이거.","네, 해 볼게요.",사진 장면 확인 및 한국어 번역투·ASR 오역 교정,31.44,T4,구조검사 통과 시 유지,,68.83445945945947,47.15,P3,말투·질문응답·가독성 위주 검토
SSIS-652,사진 대조 재번역본,210,"00:25:10,100 --> 00:25:11,520",1.42,역시 익숙해.,익숙하네.,건배하자.,반말형,,,,,45.0,80.0,50.0,78.0,55.0,0.52466,0.0,38.0,0.0,0.0,0.2883,제법 익숙해졌어.,이제 꽤 익숙해졌지.,,31.42,T4,구조검사 통과 시 유지,,68.75,47.1,P3,말투·질문응답·가독성 위주 검토
SSIS-652,사진 대조 재번역본,343,"00:40:28,520 --> 00:40:29,520",1.0,안 되겠네.,가 버리겠네.,빠르지 않아.,반말형,,,,,45.0,80.0,50.0,78.0,55.0,0.52456,0.0,38.0,0.0,0.0,0.2114,자 버리겠네.,또 가 버리겠네.,사진 장면 확인 및 한국어 번역투·ASR 오역 교정,31.41,T4,구조검사 통과 시 유지,,68.66554054054053,47.06,P3,말투·질문응답·가독성 위주 검토
SSIS-652,사진 대조 재번역본,987,"02:06:46,120 --> 02:06:47,540",1.42,"응, 훨씬 어려 보여.",조금 어려 보이지 않아요?,할 수 있어?,반응형,,,타임스탬프 사진과 앞뒤 장면으로 대사 기능 복원,중간,38.0,78.0,50.0,78.0,62.0,0.51422,0.0,38.0,0.0,0.0,0.4817,잘 안 보여.,"응, 그렇네.",일본어 원문 + 타임스탬프 사진 + 장면 연속성,31.4,T4,구조검사 통과 시 유지,,68.58108108108108,47.02,P3,말투·질문응답·가독성 위주 검토
SSIS-652,사진 대조 재번역본,1173,"02:25:16,220 --> 02:25:18,580",2.36,"아, 덥지 않아요? 느낌이 강해요.","아, 더워, 더워, 더워, 더워, 더워, 더워.",시간? 시간 없어. 더워요?,반응형,,,,,45.0,80.0,50.0,78.0,55.0,0.52403,0.0,38.0,0.0,0.0,0.2495,펭귄 정말 좋아해요. 귀엽지 않아요? 걷는 모습이 귀여워요.,펭귄이 정말 귀엽지 않아요? 걷는 모습이 특히 귀여워요.,사진 장면 확인 및 한국어 번역투·ASR 오역 교정,31.39,T4,구조검사 통과 시 유지,,68.49662162162163,46.97,P3,말투·질문응답·가독성 위주 검토
SSIS-652,사진 대조 재번역본,669,"01:09:37,190 --> 01:09:37,810",0.62,감사합니다.,그러게. 별거 없네.,"있잖아, 아직 제대로 못 했잖아.",존댓말형,,,,,45.0,80.0,50.0,78.0,55.0,0.30921,42.0,38.0,0.0,18.0,1.0,감사합니다.,고마워요.,타임스탬프 사진과 앞뒤 장면으로 대사 기능 복원,31.37,T4,구조검사 통과 시 유지,formality_shift,68.41216216216216,46.93,P3,말투·질문응답·가독성 위주 검토
SSIS-652,사진 대조 재번역본,457,"00:51:58,770 --> 00:51:58,850",0.08,아앗.,아아아.,아아.,반응형,,,,,45.0,80.0,50.0,78.0,55.0,0.35643,0.0,38.0,70.0,0.0,0.0873,앗...,앗…,,31.35,T4,구조검사 통과 시 유지,high_cps,68.3277027027027,46.88,P3,말투·질문응답·가독성 위주 검토
SSIS-652,사진 대조 재번역본,1021,"02:10:46,010 --> 02:10:46,850",0.84,"아, 기분 좋아.",기분 좋지?,아.,반응형,,,,,45.0,80.0,50.0,78.0,55.0,0.40331,27.69,38.0,0.0,0.0,0.8808,기분 좋아.,"아, 좋아.",화면 영문 자막 대조,31.3,T4,구조검사 통과 시 유지,,68.24324324324324,46.82,P3,말투·질문응답·가독성 위주 검토
SSIS-652,사진 대조 재번역본,520,"00:56:30,250 --> 00:56:30,790",0.54,쉴게요.,쉬게 해 줄래?,아까 열심히 하겠다고 했지?,중립·혼합형,,,,,45.0,80.0,50.0,78.0,55.0,0.39458,29.62,38.0,0.0,0.0,0.8969,조금 쉴게요.,조금 쉴게.,일본어 원문 대조 + 자연스러운 한국어 대사 교정,31.28,T4,구조검사 통과 시 유지,,68.15878378378379,46.77,P3,말투·질문응답·가독성 위주 검토
SSIS-652,사진 대조 재번역본,160,"00:11:55,250 --> 00:11:56,830",1.58,오늘도 잔뜩 사자.,좋잖아.,응.,중립·혼합형,,,,,45.0,80.0,50.0,78.0,55.0,0.52117,0.0,38.0,0.0,0.0,0.3491,"그럼, 오늘도 봐 주세요.",그럼 오늘도 잘 봐 줘.,,31.27,T4,구조검사 통과 시 유지,,68.07432432432432,46.73,P3,말투·질문응답·가독성 위주 검토
SSIS-652,사진 대조 재번역본,937,"01:49:42,420 --> 01:49:44,040",1.62,그런데 왜?,마지막.,빨개?,중립·혼합형,,,,,45.0,80.0,50.0,78.0,55.0,0.52045,0.0,38.0,0.0,0.0,0.3075,그런데 얘랑 단둘이 자고 있었던 건가...,그런데 얘랑 단둘이 자고 있었던 건가…,,31.24,T4,구조검사 통과 시 유지,,67.98986486486487,46.67,P3,말투·질문응답·가독성 위주 검토
SSIS-652,사진 대조 재번역본,29,"00:02:04,260 --> 00:02:05,500",1.24,"웃기네, 거짓말이잖아.",지금 일을 오래 계속하는 게 목표예요.,거짓말 아니에요.,반응형,,,,,45.0,80.0,50.0,78.0,55.0,0.51994,0.0,38.0,0.0,0.0,0.2193,그래도 꽤 많이 해야 거짓말이 아니지.,그래도 조금은 더 먹어야지.,타임스탬프 사진과 앞뒤 장면으로 대사 기능 복원,31.22,T4,구조검사 통과 시 유지,,67.9054054054054,46.63,P3,말투·질문응답·가독성 위주 검토
SSIS-652,사진 대조 재번역본,1129,"02:19:58,220 --> 02:19:59,320",1.1,이쪽이 좋아?,집에 가야 해.,"자, 우선 먹어 볼게요.",반응형,,,,,45.0,80.0,50.0,78.0,55.0,0.51962,0.0,38.0,0.0,0.0,0.5764,이쪽이 더 커.,이쪽이 더 굵어.,일본어 원문 대조 + 자연스러운 한국어 대사 교정,31.2,T4,구조검사 통과 시 유지,,67.82094594594594,46.58,P3,말투·질문응답·가독성 위주 검토
SSIS-652,사진 대조 재번역본,543,"00:57:59,850 --> 00:58:01,050",1.2,엄청 귀여워요.,야한 차이나 드레스도 있어.,귀여워?,중립·혼합형,,,,,45.0,80.0,50.0,78.0,55.0,0.51771,0.0,38.0,0.0,0.0,0.5192,엄청 귀여워.,매일 목욕해.,일본어 원문 + 타임스탬프 사진 + 장면 연속성,31.12,T4,구조검사 통과 시 유지,,67.69425675675676,46.48,P3,말투·질문응답·가독성 위주 검토
SSIS-652,사진 대조 재번역본,666,"01:09:09,370 --> 01:09:21,340",11.97,저는 보고 있어요.,좋네.,전혀 못 받았어요.,반응형,,,,,45.0,80.0,50.0,78.0,55.0,0.51772,0.0,38.0,0.0,0.0,0.3574,유두에 닿고 있어요.,젖꼭지에 닿아요.,,31.12,T4,구조검사 통과 시 유지,,67.69425675675676,46.48,P3,말투·질문응답·가독성 위주 검토
SSIS-652,사진 대조 재번역본,476,"00:53:53,700 --> 00:53:54,180",0.48,가 버렸어요?,"앗, 가 버렸어?","이거, 가 버렸어요?",반응형,,,,,45.0,80.0,50.0,78.0,55.0,0.4301,20.26,38.0,0.0,0.0,0.8188,말해 버렸어요?,소리 내 버렸어요?,사진 장면 확인 및 한국어 번역투·ASR 오역 교정,31.09,T4,구조검사 통과 시 유지,,67.56756756756756,46.41,P3,말투·질문응답·가독성 위주 검토
SSIS-652,사진 대조 재번역본,323,"00:36:55,380 --> 00:36:55,940",0.56,이걸로는 할 말이 없네.,기뻐.,"어, 미지근해.",반말형,,,사진 장면 확인 및 한국어 번역투·ASR 오역 교정,높음,58.0,96.0,50.0,92.0,42.0,0.82405,0.0,22.0,25.0,0.0,0.3304,이걸 사고는 할 말이 없어.,이걸로는 할 말이 없네.,사진 장면 확인 및 한국어 번역투·ASR 오역 교정,31.07,T4,구조검사 통과 시 유지,borderline_cps,67.4831081081081,46.36,P3,말투·질문응답·가독성 위주 검토
SSIS-652,사진 대조 재번역본,776,"01:19:27,110 --> 01:19:28,830",1.72,괜찮아.,늦었어?,아래쪽이 기분 좋았어.,반응형,,,,,45.0,80.0,50.0,78.0,55.0,0.33578,42.0,38.0,0.0,0.0,1.0,괜찮아.,최고예요.,화면 영문 자막 대조,31.04,T4,구조검사 통과 시 유지,,67.39864864864865,46.31,P3,말투·질문응답·가독성 위주 검토
SSIS-652,사진 대조 재번역본,82,"00:06:27,200 --> 00:06:43,560",16.36,"아, 아니야.",대단해.,이쪽이야.,반응형,,,,,45.0,80.0,50.0,78.0,55.0,0.51524,0.0,38.0,0.0,0.0,0.4121,- 이제 무리야... - 무리 아니야. 조금만 더.,- 이제 무리야… - 무리 아니야. 조금만 더.,,31.02,T4,구조검사 통과 시 유지,,67.3141891891892,46.26,P3,말투·질문응답·가독성 위주 검토
SSIS-652,사진 대조 재번역본,30,"00:02:05,800 --> 00:02:06,800",1.0,거짓말 아니에요.,"웃기네, 거짓말이잖아.",하고 싶은 게 정말 많아요.,반응형,,,,,45.0,80.0,50.0,78.0,55.0,0.51444,0.0,38.0,0.0,0.0,0.4763,"손이 아니라, 손은 아니에요.",손 말고 혀로 해 주세요.,사진 장면 확인 및 한국어 번역투·ASR 오역 교정,30.99,T4,구조검사 통과 시 유지,,67.1875,46.19,P3,말투·질문응답·가독성 위주 검토
SSIS-652,사진 대조 재번역본,465,"00:52:26,080 --> 00:52:26,600",0.52,정말 대박이야.,정말 대박이야.,정말 대박이야.,반말형,,,,,45.0,80.0,50.0,78.0,55.0,0.45727,0.0,38.0,0.0,30.0,0.4949,이거 너무 기분 좋아. 여기 들어가서 진짜 대박이야.,안쪽까지 들어오니까 정말 좋아.,성인 장면의 부자연스러운 문장 교정,30.99,T4,구조검사 통과 시 유지,triple_identical_run,67.1875,46.19,P3,말투·질문응답·가독성 위주 검토
SSIS-652,사진 대조 재번역본,348,"00:41:14,100 --> 00:41:14,920",0.82,만져 줘.,또 가 버리겠네.,커?,중립·혼합형,,,,,45.0,80.0,50.0,78.0,55.0,0.5143,0.0,38.0,0.0,0.0,0.5059,한번 만져 봐.,안 돼.,일본어 원문 + 타임스탬프 사진 + 장면 연속성,30.98,T4,구조검사 통과 시 유지,,67.0608108108108,46.13,P3,말투·질문응답·가독성 위주 검토
SSIS-652,사진 대조 재번역본,1058,"02:14:00,840 --> 02:14:01,600",0.76,어디가 좋은지 알지?,왜?,그대로 안쪽까지 들어가요.,반응형,,,타임스탬프 사진과 앞뒤 장면으로 대사 기능 복원,중간,38.0,78.0,50.0,78.0,62.0,0.50375,0.0,38.0,0.0,0.0,0.5907,어디가 좋은지 모르겠어?,어디가 좋은지 아직 모르겠어?,일본어 원문 대조 + 자연스러운 한국어 대사 교정,30.96,T4,구조검사 통과 시 유지,,66.97635135135135,46.09,P3,말투·질문응답·가독성 위주 검토
SSIS-652,사진 대조 재번역본,51,"00:02:58,560 --> 00:03:00,520",1.96,이 근처에서 만나기로 했는데요.,어떤 사람일까 싶어요.,아직 안 왔네요.,중립·혼합형,,,,,45.0,80.0,50.0,78.0,55.0,0.51343,0.0,38.0,0.0,0.0,0.1173,나는 집에 가려고 했는데...,나는 집에 가려고 했는데…,,30.94,T4,구조검사 통과 시 유지,,66.80743243243244,46.0,P3,말투·질문응답·가독성 위주 검토
SSIS-652,사진 대조 재번역본,282,"00:30:56,720 --> 00:30:58,140",1.42,그건 아니잖아.,싫어?,그럼 왜?,반응형,,,,,45.0,80.0,50.0,78.0,55.0,0.51345,0.0,38.0,0.0,0.0,0.4357,"저기, 우리가 손톱이라고 말한 건 아니잖아.",아까 손톱으로 긁은 건 아니잖아.,타임스탬프 사진과 앞뒤 장면으로 대사 기능 복원,30.94,T4,구조검사 통과 시 유지,,66.80743243243244,46.0,P3,말투·질문응답·가독성 위주 검토
SSIS-652,사진 대조 재번역본,640,"01:05:37,020 --> 01:05:38,140",1.12,뭔가 걸려 있어.,"앗, 거기.",뜨거워요?,반응형,,,,,45.0,80.0,50.0,78.0,55.0,0.51337,0.0,38.0,0.0,0.0,0.3203,뒤에 있어.,뒤쪽도 보여 줘.,일본어 원문 대조 + 자연스러운 한국어 대사 교정,30.94,T4,구조검사 통과 시 유지,,66.80743243243244,46.0,P3,말투·질문응답·가독성 위주 검토
SSIS-652,사진 대조 재번역본,951,"01:59:47,660 --> 01:59:47,780",0.12,이제.,"있잖아, 있잖아, 이제.","계속, 계속, 계속.",중립·혼합형,,,,,45.0,80.0,50.0,78.0,55.0,0.38123,0.0,38.0,55.0,0.0,0.4394,완전히 쓰러뜨리면 이제.,이대로 눕혀 버리면…,사진 장면 확인 및 한국어 번역투·ASR 오역 교정,30.89,T4,구조검사 통과 시 유지,high_cps,66.63851351351352,45.9,P3,말투·질문응답·가독성 위주 검토
SSIS-652,사진 대조 재번역본,761,"01:15:27,620 --> 01:15:28,820",1.2,이제 해도 돼요?,씻어 달라고 했잖아.,고마워요.,반말형,,,타임스탬프 사진과 앞뒤 장면으로 대사 기능 복원,중간,38.0,78.0,50.0,78.0,62.0,0.50142,0.0,38.0,0.0,0.0,0.6125,말해도 돼요?,이제 해도 돼요?,타임스탬프 사진과 앞뒤 장면으로 대사 기능 복원,30.86,T4,구조검사 통과 시 유지,,66.55405405405406,45.85,P3,말투·질문응답·가독성 위주 검토
SSIS-652,사진 대조 재번역본,324,"00:36:57,620 --> 00:36:58,620",1.0,"어, 미지근해.",이걸로는 할 말이 없네.,끝도 없네.,반응형,,,,,45.0,80.0,50.0,78.0,55.0,0.5107,0.0,38.0,0.0,0.0,0.2299,"어, 뭐 좀 해 줘.",양치 좀 해 줘.,손상된 일본어 ASR + 타임스탬프 사진 + 앞뒤 문맥 추론,30.83,T4,구조검사 통과 시 유지,,66.4695945945946,45.8,P3,말투·질문응답·가독성 위주 검토
SSIS-652,사진 대조 재번역본,132,"00:09:44,320 --> 00:09:50,600",6.28,귀여웠어요? 귀여웠어.,정말 고마워요!,아이스크림 같은 것도 있나요? 먹고 싶어요?,반응형,,,,,45.0,80.0,50.0,78.0,55.0,0.50984,0.0,38.0,0.0,0.0,0.1284,엄청 귀여워.,매일 목욕해.,일본어 원문 + 타임스탬프 사진 + 장면 연속성,30.79,T4,구조검사 통과 시 유지,,66.38513513513513,45.74,P3,말투·질문응답·가독성 위주 검토
SSIS-652,사진 대조 재번역본,924,"01:38:10,870 --> 01:38:12,230",1.36,아침이라서?,힘내!,할 수 있었잖아?,반응형,,,,,45.0,80.0,50.0,78.0,55.0,0.50963,0.0,38.0,0.0,0.0,0.1755,매우 깊은 아침이 왔습니다.,[불명],,30.78,T4,구조검사 통과 시 유지,,66.30067567567568,45.7,P3,말투·질문응답·가독성 위주 검토
SSIS-652,사진 대조 재번역본,179,"00:20:10,520 --> 00:20:11,400",0.88,정말 놀랐어요.,"네, 싫진 않았어요.",조금 더 내려가도 돼요?,반응형,,,타임스탬프 사진과 앞뒤 장면으로 대사 기능 복원,중간,38.0,78.0,50.0,78.0,62.0,0.49861,0.0,38.0,0.0,0.0,0.3344,깜짝 놀랐어.,정말 놀랐어요.,타임스탬프 사진과 앞뒤 장면으로 대사 기능 복원,30.74,T4,구조검사 통과 시 유지,,66.21621621621621,45.64,P3,말투·질문응답·가독성 위주 검토
SSIS-652,사진 대조 재번역본,651,"01:07:10,260 --> 01:07:11,840",1.58,잠깐 쉬게 해 주세요.,괜찮아요.,키스하면서 해 줘.,반응형,,,사진 장면 확인 및 한국어 번역투·ASR 오역 교정,높음,58.0,96.0,50.0,92.0,42.0,0.75709,26.85,22.0,0.0,0.0,0.8737,쉬게 해 주세요.,그만해.,장면과 충돌한 표현 교정,30.72,T4,구조검사 통과 시 유지,,66.13175675675676,45.59,P3,말투·질문응답·가독성 위주 검토
SSIS-652,사진 대조 재번역본,102,"00:07:36,480 --> 00:07:38,140",1.66,"와, 귀여워요.",대단해.,귀여워.,중립·혼합형,,,,,45.0,80.0,50.0,78.0,55.0,0.50795,0.0,38.0,0.0,0.0,0.3709,펭귄 정말 좋아해요. 귀엽지 않아요? 걷는 모습이 귀여워요.,펭귄이 정말 귀엽지 않아요? 걷는 모습이 특히 귀여워요.,사진 장면 확인 및 한국어 번역투·ASR 오역 교정,30.71,T4,구조검사 통과 시 유지,,66.0472972972973,45.55,P3,말투·질문응답·가독성 위주 검토
SSIS-652,사진 대조 재번역본,1020,"02:10:44,290 --> 02:10:45,390",1.1,기분 좋지?,잘해?,"아, 기분 좋아.",반말형,,,,,45.0,80.0,50.0,78.0,55.0,0.32765,42.0,38.0,0.0,0.0,1.0,기분 좋지?,흥분되면 말해 봐.,화면 영문 자막 대조,30.7,T4,구조검사 통과 시 유지,,65.96283783783784,45.51,P3,말투·질문응답·가독성 위주 검토
SSIS-652,사진 대조 재번역본,53,"00:03:54,100 --> 00:03:55,340",1.24,그래도 기대돼요.,아직 안 왔네요.,기대됩니다.,중립·혼합형,,,,,45.0,80.0,50.0,78.0,55.0,0.50729,0.0,38.0,0.0,0.0,0.2905,그래도 계속 하고 싶어.,그래도 계속하고 싶어.,손상된 일본어 ASR + 타임스탬프 사진 + 앞뒤 문맥 추론,30.69,T4,구조검사 통과 시 유지,,65.83614864864865,45.45,P3,말투·질문응답·가독성 위주 검토
SSIS-652,사진 대조 재번역본,319,"00:36:01,200 --> 00:36:01,820",0.62,9분.,10분.,그거 열려 있어?,중립·혼합형,,,,,45.0,80.0,50.0,78.0,55.0,0.50734,0.0,38.0,0.0,0.0,0.0684,우리 10분...,우리 10분…,,30.69,T4,구조검사 통과 시 유지,,65.83614864864865,45.45,P3,말투·질문응답·가독성 위주 검토
SSIS-652,사진 대조 재번역본,234,"00:26:57,130 --> 00:26:57,970",0.84,안 되는 건 아니지?,안 돼요? 안 되는 건 아니에요.,피부가…,반응형,,,,,45.0,80.0,50.0,78.0,55.0,0.50726,0.0,38.0,0.0,0.0,0.2742,싫은 건 아니지만...,싫은 건 아니지만…,,30.68,T4,구조검사 통과 시 유지,,65.70945945945947,45.39,P3,말투·질문응답·가독성 위주 검토
SSIS-652,사진 대조 재번역본,344,"00:40:30,320 --> 00:40:36,500",6.18,빠르지 않아.,안 되겠네.,침대로 갈까?,반응형,,,,,45.0,80.0,50.0,78.0,55.0,0.50695,0.0,38.0,0.0,0.0,0.4365,빠르지 않아? 아까도 힘이 빠졌잖아.,너무 빠르지 않아? 아까도 한 번 갔잖아.,사진 장면 확인 및 한국어 번역투·ASR 오역 교정,30.67,T4,구조검사 통과 시 유지,,65.58277027027027,45.33,P3,말투·질문응답·가독성 위주 검토
SSIS-652,사진 대조 재번역본,709,"01:11:22,110 --> 01:11:23,010",0.9,너무 빠르지 않아?,이제 안 돼?,"잠깐, 정말 잠깐만 일단 쉬어요.",반응형,,,,,45.0,80.0,50.0,78.0,55.0,0.50688,0.0,38.0,0.0,0.0,0.5285,빠르지 않아? 아까도 힘이 빠졌잖아.,너무 빠르지 않아? 아까도 한 번 갔잖아.,사진 장면 확인 및 한국어 번역투·ASR 오역 교정,30.67,T4,구조검사 통과 시 유지,,65.58277027027027,45.33,P3,말투·질문응답·가독성 위주 검토
SSIS-652,사진 대조 재번역본,1093,"02:17:10,770 --> 02:17:12,070",1.3,장 건강을 챙기는 거야?,장 건강 관리?,"장, 응.",반말형,,,,,45.0,80.0,50.0,78.0,55.0,0.50665,0.0,38.0,0.0,0.0,0.2319,끼우는 거야?,끼는 거지?,일본어 원문 대조 + 자연스러운 한국어 대사 교정,30.66,T4,구조검사 통과 시 유지,,65.45608108108108,45.27,P3,말투·질문응답·가독성 위주 검토
SSIS-652,사진 대조 재번역본,795,"01:21:20,940 --> 01:21:23,020",2.08,"일단, 일단, 일단, 일단.","거짓말했으니까, 나는 쉬고 있었으니까.",그날 이야기를 왜 물어봐요?,중립·혼합형,,,,,45.0,80.0,50.0,78.0,55.0,0.43141,17.22,38.0,0.0,0.0,0.7935,"그럼 일단,",그럼 일단,,30.6,T4,구조검사 통과 시 유지,,65.3293918918919,45.19,P3,말투·질문응답·가독성 위주 검토
SSIS-652,사진 대조 재번역본,1133,"02:20:30,960 --> 02:20:31,780",0.82,힘든 것 같아요.,어때요?,그게 아니라 조금씩 먹어.,반응형,,,,,45.0,80.0,50.0,78.0,55.0,0.50518,0.0,38.0,0.0,0.0,0.5727,기쁠 것 같아요.,그러면 기쁠 것 같아요.,사진 장면 확인 및 한국어 번역투·ASR 오역 교정,30.6,T4,구조검사 통과 시 유지,,65.3293918918919,45.19,P3,말투·질문응답·가독성 위주 검토
SSIS-652,사진 대조 재번역본,455,"00:51:50,540 --> 00:51:55,360",4.82,처음부터 다시 넣어 볼게요.,네.,아아아.,반응형,,,사진 장면 확인 및 한국어 번역투·ASR 오역 교정,높음,58.0,96.0,50.0,92.0,46.0,0.86221,0.0,22.0,0.0,0.0,0.4476,첫 번째부터 다시 해 볼게요.,처음부터 다시 넣어 볼게요.,사진 장면 확인 및 한국어 번역투·ASR 오역 교정,30.59,T4,구조검사 통과 시 유지,,65.2027027027027,45.13,P3,말투·질문응답·가독성 위주 검토
SSIS-652,사진 대조 재번역본,726,"01:12:02,210 --> 01:12:08,720",6.51,잠깐만.,이렇게도 할 수 있네.,응?,반응형,,,,,45.0,80.0,50.0,78.0,55.0,0.45471,11.65,38.0,0.0,0.0,0.747,하아… 잠깐만.,목욕물 받아 놓은 거지?,일본어 원문 + 타임스탬프 사진 + 장면 연속성,30.57,T4,구조검사 통과 시 유지,,65.11824324324324,45.08,P3,말투·질문응답·가독성 위주 검토
SSIS-652,사진 대조 재번역본,798,"01:21:28,320 --> 01:21:29,520",1.2,가르쳐 드릴게요.,가르쳐 드릴까요?,괜찮아요.,중립·혼합형,,,,,45.0,80.0,50.0,78.0,55.0,0.50429,0.0,38.0,0.0,0.0,0.2837,"봐봐, 또 가르쳐 줄 테니까...","봐봐, 또 가르쳐 줄 테니까…",,30.56,T4,구조검사 통과 시 유지,,65.03378378378379,45.04,P3,말투·질문응답·가독성 위주 검토
SSIS-652,사진 대조 재번역본,646,"01:06:31,050 --> 01:06:32,330",1.28,허리를 세워.,자세 바꿔 줘.,죄송해요.,중립·혼합형,,,,,45.0,80.0,50.0,78.0,55.0,0.50386,0.0,38.0,0.0,0.0,0.4607,허리를 조금 들어 주세요.,허리를 조금 들어 줘.,일본어 원문 대조 + 자연스러운 한국어 대사 교정,30.54,T4,구조검사 통과 시 유지,,64.9070945945946,44.97,P3,말투·질문응답·가독성 위주 검토
SSIS-652,사진 대조 재번역본,793,"01:21:13,700 --> 01:21:16,720",3.02,또 힘내야겠네요.,"잠깐만, 잠깐만. 거짓말했지.","거짓말했으니까, 나는 쉬고 있었으니까.",반말형,,,,,45.0,80.0,50.0,78.0,55.0,0.50371,0.0,38.0,0.0,0.0,0.155,"아, 한 번 그걸 해 봐도 되겠네요. 뒤돌아서 하는 자세요.","아, 그 자세도 해 보면 되겠네요. 뒤돌아서 하는 자세예요.",자세 설명의 번역투 제거,30.54,T4,구조검사 통과 시 유지,,64.9070945945946,44.97,P3,말투·질문응답·가독성 위주 검토
SSIS-652,사진 대조 재번역본,1,"00:00:12,600 --> 00:00:13,620",1.02,수고하셨습니다.,,수고하셨습니다.,존댓말형,,,,,45.0,80.0,50.0,78.0,55.0,0.22048,66.0,38.0,0.0,0.0,1.0,수고하셨습니다.,[불명],,30.52,T4,구조검사 통과 시 유지,formal_scene_mistranslation,64.7804054054054,44.91,P3,말투·질문응답·가독성 위주 검토
SSIS-652,사진 대조 재번역본,219,"00:25:59,480 --> 00:26:00,440",0.96,술을 마셔.,술을 마셔.,"술은 보통 정도예요, 아마.",중립·혼합형,,,,,45.0,80.0,50.0,78.0,55.0,0.5021,0.0,38.0,0.0,0.0,0.1707,성관계 외에도 함께 술을 마시며 친해진 일이 계기였던 것 같습니다.,섹스뿐 아니라 같이 술도 마시면서 가까워진 게 계기였던 것 같아요.,,30.47,T4,구조검사 통과 시 유지,,64.69594594594594,44.84,P3,말투·질문응답·가독성 위주 검토
SSIS-652,사진 대조 재번역본,351,"00:41:24,300 --> 00:41:26,740",2.44,이건 F컵이에요.,몇 컵이에요?,F컵?,존댓말형,,,,,45.0,80.0,50.0,78.0,55.0,0.50184,0.0,38.0,0.0,0.0,0.2426,이건 역시...,이건 역시…,,30.46,T4,구조검사 통과 시 유지,,64.61148648648648,44.8,P3,말투·질문응답·가독성 위주 검토
SSIS-652,사진 대조 재번역본,481,"00:54:08,280 --> 00:54:09,800",1.52,미안해요. 잠깐.,"있잖아, 너무 빠른데.",기분 좋았어?,반응형,,,,,45.0,80.0,50.0,78.0,55.0,0.50178,0.0,38.0,0.0,0.0,0.3004,"하지 마. 미안, 미안해, 미안해.","잠깐만. 미안, 미안해.",일본어 원문 대조 + 자연스러운 한국어 대사 교정,30.45,T4,구조검사 통과 시 유지,,64.52702702702703,44.76,P3,말투·질문응답·가독성 위주 검토
SSIS-652,사진 대조 재번역본,1158,"02:23:50,860 --> 02:23:53,280",2.42,저만 못 먹겠어요.,못 먹겠어?,한 번 더 할 수 있을 것 같지 않아?,반응형,,,,,45.0,80.0,50.0,78.0,55.0,0.50121,0.0,38.0,0.0,0.0,0.1491,못 울겠어.,목이 막혀요.,사진 장면 확인 및 한국어 번역투·ASR 오역 교정,30.43,T4,구조검사 통과 시 유지,,64.44256756756756,44.72,P3,말투·질문응답·가독성 위주 검토
SSIS-652,사진 대조 재번역본,692,"01:10:39,210 --> 01:10:39,610",0.4,괜찮아.,"잠깐, 아.","잠깐, 잠깐.",반응형,,,,,45.0,80.0,50.0,78.0,55.0,0.31996,42.0,38.0,0.0,0.0,1.0,괜찮아.,최고예요.,화면 영문 자막 대조,30.38,T4,구조검사 통과 시 유지,,64.3581081081081,44.65,P3,말투·질문응답·가독성 위주 검토
SSIS-652,사진 대조 재번역본,391,"00:44:06,370 --> 00:44:11,750",5.38,손 말고 혀로 해 주세요.,정말 대단하지.,기분 좋아?,중립·혼합형,,,사진 장면 확인 및 한국어 번역투·ASR 오역 교정,높음,58.0,96.0,50.0,92.0,46.0,0.85471,0.0,22.0,0.0,0.0,0.4554,쉬게 해 주세요.,그만해.,장면과 충돌한 표현 교정,30.37,T4,구조검사 통과 시 유지,,64.27364864864865,44.61,P3,말투·질문응답·가독성 위주 검토
SSIS-652,사진 대조 재번역본,298,"00:33:06,660 --> 00:33:12,500",5.84,엄청 젖어 버렸어.,네.,이대로 눕혀 버리면…,반응형,,,사진 장면 확인 및 한국어 번역투·ASR 오역 교정,높음,58.0,96.0,50.0,92.0,46.0,0.85368,0.0,22.0,0.0,0.0,0.6079,"아, 가 버렸어.",끈이 아직 남아 있어요.,일본어 원문 + 타임스탬프 사진 + 장면 연속성,30.34,T4,구조검사 통과 시 유지,,64.1891891891892,44.56,P3,말투·질문응답·가독성 위주 검토
SSIS-652,사진 대조 재번역본,142,"00:10:55,450 --> 00:10:56,930",1.48,괜찮아? 세게 두드려.,뜨거워!,맛있어.,반응형,,,,,45.0,80.0,50.0,78.0,55.0,0.49886,0.0,38.0,0.0,0.0,0.2933,더 세게 해 줘.,더 세게.,일본어 원문 대조 + 자연스러운 한국어 대사 교정,30.33,T4,구조검사 통과 시 유지,,64.10472972972973,44.52,P3,말투·질문응답·가독성 위주 검토
SSIS-652,사진 대조 재번역본,257,"00:28:06,010 --> 00:28:07,090",1.08,손톱으로 살살 긁어?,여기가 제일 약해?,에에.,반응형,,,,,45.0,80.0,50.0,78.0,55.0,0.49726,0.0,38.0,0.0,0.0,0.1403,살살...,살살…,,30.26,T4,구조검사 통과 시 유지,,63.97804054054054,44.42,P3,말투·질문응답·가독성 위주 검토
SSIS-652,사진 대조 재번역본,753,"01:14:05,400 --> 01:14:07,380",1.98,같이 힘내자.,"힘낼 거야, 힘낼게.",네.,중립·혼합형,,,,,45.0,80.0,50.0,78.0,55.0,0.49709,0.0,38.0,0.0,0.0,0.3002,같이 좀 가요.,그럼 같이 가요.,일본어 원문 대조 + 자연스러운 한국어 대사 교정,30.26,T4,구조검사 통과 시 유지,,63.97804054054054,44.42,P3,말투·질문응답·가독성 위주 검토
SSIS-652,사진 대조 재번역본,118,"00:08:38,500 --> 00:08:39,860",1.36,잡아 보고 싶어.,귀여워.,무서워.,반응형,,,,,45.0,80.0,50.0,78.0,55.0,0.49665,0.0,38.0,0.0,0.0,0.4381,넣고 싶어.,빨리 넣고 싶어.,일본어 원문 대조 + 자연스러운 한국어 대사 교정,30.24,T4,구조검사 통과 시 유지,,63.85135135135135,44.36,P3,말투·질문응답·가독성 위주 검토
SSIS-652,사진 대조 재번역본,686,"01:10:29,550 --> 01:10:30,290",0.74,한 번 더 할게.,한 번 더 할게.,한 번 더 할 거야.,중립·혼합형,,,,,45.0,80.0,50.0,78.0,55.0,0.49242,0.85,38.0,0.0,0.0,0.6571,이제 안 할게.,이제 안 애태울게.,,30.21,T4,구조검사 통과 시 유지,,63.766891891891895,44.3,P3,말투·질문응답·가독성 위주 검토
SSIS-652,사진 대조 재번역본,470,"00:52:41,180 --> 00:52:42,980",1.8,좋긴 한데요.,빨라? 빠른 게 좋지 않아?,"아, 아, 잠깐만요, 이거.",중립·혼합형,,,,,45.0,80.0,50.0,78.0,55.0,0.49419,0.0,38.0,0.0,0.0,0.1035,이 영상은 나중에 후와 씨에게도 보여 줄 텐데요.,이 영상은 나중에 후우아 씨에게도 보여 드릴 텐데요.,출연자 이름 오인식 교정,30.14,T4,구조검사 통과 시 유지,,63.640202702702695,44.21,P3,말투·질문응답·가독성 위주 검토
SSIS-652,사진 대조 재번역본,853,"01:27:18,060 --> 01:27:21,160",3.1,과자랑 음료랑 밥?,과자도…,과자도 먹을 거지.,중립·혼합형,,,,,45.0,80.0,50.0,78.0,55.0,0.49419,0.0,38.0,0.0,0.0,0.0457,"근데 뭔가 사람들이랑 밥 먹으러 갈 때, '전 이거 못 먹어요'라든가,","근데 뭔가 사람들이랑 밥 먹으러 갈 때, '전 이거 못 먹어요'라든가",,30.14,T4,구조검사 통과 시 유지,,63.640202702702695,44.21,P3,말투·질문응답·가독성 위주 검토
SSIS-652,사진 대조 재번역본,24,"00:01:47,160 --> 00:01:50,140",2.98,당시 남자친구 집에서요.,어디서 했나요?,친구 커플이 옆방에 있었어요.,중립·혼합형,,,,,45.0,80.0,50.0,78.0,55.0,0.49326,0.0,38.0,0.0,0.0,0.3934,남자친구 거랑은...,남자친구 거랑은…,,30.1,T4,구조검사 통과 시 유지,,63.429054054054056,44.1,P3,말투·질문응답·가독성 위주 검토
SSIS-652,사진 대조 재번역본,1018,"02:10:31,030 --> 02:10:34,810",3.78,"아, 큰일이야.",점점 하고 싶어지는데.,잘해?,반응형,,,,,45.0,80.0,50.0,78.0,55.0,0.44208,11.97,38.0,0.0,0.0,0.7497,"아, 큰일이야...","아, 큰일이야…",,30.1,T4,구조검사 통과 시 유지,,63.429054054054056,44.1,P3,말투·질문응답·가독성 위주 검토
SSIS-652,사진 대조 재번역본,1161,"02:24:03,360 --> 02:24:03,740",0.38,한 번 더?,한 번 더?,여기에?,중립·혼합형,,,,,45.0,80.0,50.0,78.0,55.0,0.49325,0.0,38.0,0.0,0.0,0.2736,한 번 정도...,한 번 정도…,,30.1,T4,구조검사 통과 시 유지,,63.429054054054056,44.1,P3,말투·질문응답·가독성 위주 검토
SSIS-652,사진 대조 재번역본,310,"00:33:58,020 --> 00:33:59,540",1.52,빌려줄게.,응.,대단해.,중립·혼합형,,,,,45.0,80.0,50.0,78.0,55.0,0.49164,0.0,38.0,0.0,0.0,0.1894,내가 잡아 줄게.,목욕하면서…,일본어 원문 + 타임스탬프 사진 + 장면 연속성,30.03,T4,구조검사 통과 시 유지,,63.26013513513513,43.99,P3,말투·질문응답·가독성 위주 검토
SSIS-652,사진 대조 재번역본,271,"00:29:36,360 --> 00:29:38,540",2.18,뭔가 느껴져.,뭔가 나올 것 같아?,뭔가 변했어.,중립·혼합형,,,,,45.0,80.0,50.0,78.0,55.0,0.49135,0.0,38.0,0.0,0.0,0.278,정말 느껴져요.,확실히 느껴져요.,,30.02,T4,구조검사 통과 시 유지,,63.133445945945944,43.93,P3,말투·질문응답·가독성 위주 검토
SSIS-652,사진 대조 재번역본,942,"01:51:34,220 --> 01:51:35,460",1.24,"큰일이야, 큰일.",속이 안 좋아질 것 같아요.,그리고 젖꼭지도.,반말형,,,,,45.0,80.0,50.0,78.0,55.0,0.49154,0.0,38.0,0.0,0.0,0.4315,"아, 큰일이야...","아, 큰일이야…",,30.02,T4,구조검사 통과 시 유지,,63.133445945945944,43.93,P3,말투·질문응답·가독성 위주 검토
SSIS-652,사진 대조 재번역본,691,"01:10:37,890 --> 01:10:38,750",0.86,"잠깐, 아.",아까 거의 안 나왔잖아.,괜찮아.,반응형,,,,,45.0,80.0,50.0,78.0,55.0,0.49121,0.0,38.0,0.0,0.0,0.4848,"잠깐, 어때요?","잠깐, 괜찮아요?",사진 장면 확인 및 한국어 번역투·ASR 오역 교정,30.01,T4,구조검사 통과 시 유지,,63.00675675675676,43.87,P3,말투·질문응답·가독성 위주 검토
SSIS-652,사진 대조 재번역본,1175,"02:25:20,600 --> 02:25:22,160",1.56,기분 좋아요.,시간? 시간 없어. 더워요?,기분 좋아.,반응형,,,,,45.0,80.0,50.0,78.0,55.0,0.30988,42.0,38.0,0.0,0.0,1.0,기분 좋아요.,"아, 좋아요.",화면 영문 자막 대조,29.96,T4,구조검사 통과 시 유지,,62.922297297297305,43.8,P3,말투·질문응답·가독성 위주 검토
SSIS-652,사진 대조 재번역본,626,"01:04:27,300 --> 01:04:44,940",17.64,"아, 거기 구멍 있어?",네.,아직 거기는 허락 안 했어.,반응형,,,,,45.0,80.0,50.0,78.0,55.0,0.48924,0.0,38.0,0.0,0.0,0.3654,자고 있어?,땀나?,사진 장면 확인 및 한국어 번역투·ASR 오역 교정,29.93,T4,구조검사 통과 시 유지,,62.83783783783784,43.75,P3,말투·질문응답·가독성 위주 검토
SSIS-652,사진 대조 재번역본,962,"02:03:32,810 --> 02:03:32,830",0.02,응?,뭘 하고 있는 거야?,이제 됐다고 말해도 안 그만둘 거지.,반응형,,,,,45.0,80.0,50.0,78.0,55.0,0.32134,0.0,38.0,70.0,0.0,0.4417,응? 잠깐 기다려…,응? 잠깐만…,일본어 원문 대조 + 자연스러운 한국어 대사 교정,29.88,T4,구조검사 통과 시 유지,high_cps,62.75337837837838,43.69,P3,말투·질문응답·가독성 위주 검토
SSIS-652,사진 대조 재번역본,950,"01:59:41,800 --> 01:59:47,660",5.86,"있잖아, 있잖아, 이제.",좋은 데서 뭐 하는 거야?,이제.,반응형,,,,,45.0,80.0,50.0,78.0,55.0,0.48791,0.0,38.0,0.0,0.0,0.5405,"있잖아, 잠깐만...","있잖아, 잠깐만…",,29.87,T4,구조검사 통과 시 유지,,62.626689189189186,43.63,P3,말투·질문응답·가독성 위주 검토
SSIS-652,사진 대조 재번역본,1073,"02:14:58,230 --> 02:15:07,160",8.93,"잠깐, 잠깐, 잠깐, 잠깐.","잔뜩 나왔어, 봐.","잠깐, 잠깐.",반응형,,,,,45.0,80.0,50.0,78.0,55.0,0.48796,0.0,38.0,0.0,0.0,0.5283,"잠깐, 어때요?","잠깐, 괜찮아요?",사진 장면 확인 및 한국어 번역투·ASR 오역 교정,29.87,T4,구조검사 통과 시 유지,,62.626689189189186,43.63,P3,말투·질문응답·가독성 위주 검토
SSIS-652,사진 대조 재번역본,332,"00:38:23,500 --> 00:38:24,880",1.38,"아, 기다려 줬으면 해.",기다려 줬으면 해?,"아, 아, 아…",반응형,,,,,45.0,80.0,50.0,78.0,55.0,0.48727,0.0,38.0,0.0,0.0,0.3998,기다려 주세요...,기다려 주세요…,,29.85,T4,구조검사 통과 시 유지,,62.5,43.56,P3,말투·질문응답·가독성 위주 검토
SSIS-652,사진 대조 재번역본,740,"01:12:52,970 --> 01:12:54,310",1.34,뭔가 정말 미안해.,"응, 힘내면 돼.",죄송해요.,반말형,,,,,45.0,80.0,50.0,78.0,55.0,0.48711,0.0,38.0,0.0,0.0,0.6376,아... 미안해.,아… 미안해.,,29.84,T4,구조검사 통과 시 유지,,62.41554054054054,43.52,P3,말투·질문응답·가독성 위주 검토
SSIS-652,사진 대조 재번역본,4,"00:00:18,400 --> 00:00:19,380",0.98,성함을 여쭤봐도 될까요?,처음 뵙겠습니다.,후와 카에데입니다.,존댓말형,,,,,45.0,80.0,50.0,78.0,55.0,0.48674,0.0,38.0,0.0,0.0,0.1032,후와 씨에게도 들어 볼까요?,후우아 씨의 각오도 들어 볼까요?,이름 및 문장 자연화,29.82,T4,구조검사 통과 시 유지,,62.28885135135135,43.46,P3,말투·질문응답·가독성 위주 검토
SSIS-652,사진 대조 재번역본,313,"00:34:48,840 --> 00:34:49,920",1.08,"여보, 맛있어?",대단하잖아.,맛있어.,반응형,,,,,45.0,80.0,50.0,78.0,55.0,0.48673,0.0,38.0,0.0,0.0,0.2129,맛있어...,맛있어…,,29.82,T4,구조검사 통과 시 유지,,62.28885135135135,43.46,P3,말투·질문응답·가독성 위주 검토
SSIS-652,사진 대조 재번역본,516,"00:56:14,590 --> 00:56:15,810",1.22,쉴 틈은 없어.,쉴 수 있을 리가 없지.,쉬고 싶어?,반응형,,,,,45.0,80.0,50.0,78.0,55.0,0.48618,0.0,38.0,0.0,0.0,0.4348,끝이 없어.,끝도 없네.,사진 장면 확인 및 한국어 번역투·ASR 오역 교정,29.8,T4,구조검사 통과 시 유지,,62.16216216216216,43.39,P3,말투·질문응답·가독성 위주 검토
SSIS-652,사진 대조 재번역본,1122,"02:19:39,310 --> 02:19:40,090",0.78,시간이 없으니까.,"응, 힘낼게.",힘내.,반응형,,,,,45.0,80.0,50.0,78.0,55.0,0.48543,0.0,38.0,0.0,0.0,0.2302,마지막으로 진심을 나눌 시간이 필요합니다.,마지막으로 마음을 나눌 시간이 필요해요.,,29.77,T4,구조검사 통과 시 유지,,62.077702702702695,43.34,P3,말투·질문응답·가독성 위주 검토
SSIS-652,사진 대조 재번역본,168,"00:12:26,520 --> 00:12:27,440",0.92,많이 있어서.,왔나?,많이 있었네.,반응형,,,,,45.0,80.0,50.0,78.0,55.0,0.48506,0.0,38.0,0.0,0.0,0.3753,평소엔 자고 있어서...,평소엔 자고 있어서…,,29.75,T4,구조검사 통과 시 유지,,61.95101351351351,43.27,P3,말투·질문응답·가독성 위주 검토
SSIS-652,사진 대조 재번역본,974,"02:05:29,240 --> 02:05:29,480",0.24,절반.,조금 쉬어 주세요…,섹시해?,중립·혼합형,,,,,45.0,80.0,50.0,78.0,55.0,0.48495,0.0,38.0,0.0,0.0,0.0736,절대 귀엽잖아.,분명 귀여울 텐데.,,29.75,T4,구조검사 통과 시 유지,,61.95101351351351,43.27,P3,말투·질문응답·가독성 위주 검토
SSIS-652,사진 대조 재번역본,127,"00:09:14,460 --> 00:09:17,010",2.55,귀여워.,대단해.,생각보다 꽤 크네.,중립·혼합형,,,,,45.0,80.0,50.0,78.0,55.0,0.37557,25.35,38.0,0.0,0.0,0.8613,엄청 귀여워.,매일 목욕해.,일본어 원문 + 타임스탬프 사진 + 장면 연속성,29.72,T4,구조검사 통과 시 유지,,61.7820945945946,43.19,P3,말투·질문응답·가독성 위주 검토
SSIS-652,사진 대조 재번역본,855,"01:27:27,120 --> 01:27:29,900",2.78,밥도 먹을 거지.,과자도 먹을 거지.,그리고 밥도 조금.,반말형,,,,,45.0,80.0,50.0,78.0,55.0,0.48428,0.0,38.0,0.0,0.0,0.5649,잘 거지.,갈 수 있어.,사진 장면 확인 및 한국어 번역투·ASR 오역 교정,29.72,T4,구조검사 통과 시 유지,,61.7820945945946,43.19,P3,말투·질문응답·가독성 위주 검토
SSIS-652,사진 대조 재번역본,537,"00:57:49,470 --> 00:57:50,730",1.26,정말 귀여워요.,와!,귀여워?,중립·혼합형,,,,,45.0,80.0,50.0,78.0,55.0,0.48074,0.0,38.0,0.0,0.0,0.4805,펭귄 정말 좋아해요. 귀엽지 않아요? 걷는 모습이 귀여워요.,펭귄이 정말 귀엽지 않아요? 걷는 모습이 특히 귀여워요.,사진 장면 확인 및 한국어 번역투·ASR 오역 교정,29.57,T4,구조검사 통과 시 유지,,61.6554054054054,43.05,P3,말투·질문응답·가독성 위주 검토
SSIS-652,사진 대조 재번역본,639,"01:05:29,000 --> 01:05:32,320",3.32,"앗, 거기.",이렇게요?,뭔가 걸려 있어.,반응형,,,,,45.0,80.0,50.0,78.0,55.0,0.48001,0.0,38.0,0.0,0.0,0.4793,아… 기분 좋아. 아… 거기 거기.,"아… 좋아. 거기, 거기.",일본어 원문 대조 + 자연스러운 한국어 대사 교정,29.54,T4,구조검사 통과 시 유지,,61.570945945945944,42.99,P3,말투·질문응답·가독성 위주 검토
SSIS-652,사진 대조 재번역본,191,"00:23:48,970 --> 00:23:50,290",1.32,샴페인 마시고 있어요.,"아, 뭐 있어?",샴페인 아니야?,반응형,,,,,45.0,80.0,50.0,78.0,55.0,0.47951,0.0,38.0,0.0,0.0,0.3635,토헤산을 마시고 있어.,이거 마셔 보고 싶었어요.,사진 장면 확인 및 한국어 번역투·ASR 오역 교정,29.52,T4,구조검사 통과 시 유지,,61.48648648648649,42.95,P3,말투·질문응답·가독성 위주 검토
SSIS-652,사진 대조 재번역본,1089,"02:17:04,290 --> 02:17:06,130",1.84,요구르트는 먹어?,평소에도 많이 먹어?,응? 왜?,반응형,,,,,45.0,80.0,50.0,78.0,55.0,0.47901,0.0,38.0,0.0,0.0,0.0845,먹어보세요.,먹어 봐.,,29.5,T4,구조검사 통과 시 유지,,61.40202702702703,42.9,P3,말투·질문응답·가독성 위주 검토
SSIS-652,사진 대조 재번역본,901,"01:32:57,440 --> 01:32:59,840",2.4,"그게 아니라, 말하자면…",뭐? 아침부터 졸리다고 해 놓고…,뭐? 잠깐… 잠깐…,반응형,,,사진 장면 확인 및 한국어 번역투·ASR 오역 교정,높음,58.0,96.0,50.0,92.0,42.0,0.71188,27.87,22.0,0.0,0.0,0.8822,"그런 게 아니라, 말하자면…","그게 아니라, 말하자면…",사진 장면 확인 및 한국어 번역투·ASR 오역 교정,29.49,T4,구조검사 통과 시 유지,,61.317567567567565,42.86,P3,말투·질문응답·가독성 위주 검토
SSIS-652,사진 대조 재번역본,260,"00:28:11,070 --> 00:28:12,470",1.4,손톱으로 살살 긁어?,요구해 왔네.,네.,반응형,,,,,45.0,80.0,50.0,78.0,55.0,0.47855,0.0,38.0,0.0,0.0,0.1403,살살...,살살…,,29.48,T4,구조검사 통과 시 유지,,61.233108108108105,42.82,P3,말투·질문응답·가독성 위주 검토
SSIS-652,사진 대조 재번역본,1061,"02:14:06,340 --> 02:14:07,600",1.26,뭐라고 말할 수 있어?,갈 것 같아?,쉬고 있는 거야?,반응형,,,,,45.0,80.0,50.0,78.0,55.0,0.47817,0.0,38.0,0.0,0.0,0.4636,뭐라고 하는 거야?,뭐라고 말해야 해?,일본어 원문 대조 + 자연스러운 한국어 대사 교정,29.46,T4,구조검사 통과 시 유지,,61.14864864864865,42.77,P3,말투·질문응답·가독성 위주 검토
SSIS-652,사진 대조 재번역본,9,"00:00:35,600 --> 00:00:39,220",3.62,"오늘 기획은 요즘 S1에서 많이 하는
1박 2일 숙박 촬영이죠.",좋았습니다.,맞아요.,중립·혼합형,,,사진 장면 확인 및 한국어 번역투·ASR 오역 교정,높음,58.0,96.0,50.0,92.0,42.0,0.77484,12.72,22.0,0.0,0.0,0.756,오늘 기획은 요즘 S1에서 하는 1박 2일 숙박물이죠.,오늘 기획은 요즘 S1에서 많이 하는 1박 2일 숙박 촬영이죠.,사진 장면 확인 및 한국어 번역투·ASR 오역 교정,29.43,T4,구조검사 통과 시 유지,,61.02195945945946,42.7,P3,말투·질문응답·가독성 위주 검토
SSIS-652,사진 대조 재번역본,354,"00:41:37,620 --> 00:41:41,320",3.7,E바디는 D컵부터니까.,F컵도 있으니까 S1인 거네요.,응.,중립·혼합형,,,,,45.0,80.0,50.0,78.0,55.0,0.47739,0.0,38.0,0.0,0.0,0.0959,"자, 더 해줄 테니까.","자, 더 해 줄 테니까.",,29.43,T4,구조검사 통과 시 유지,,61.02195945945946,42.7,P3,말투·질문응답·가독성 위주 검토
SSIS-652,사진 대조 재번역본,56,"00:04:03,320 --> 00:04:04,680",1.36,몸매가 정말 좋네요.,다시 보니 몸매가 정말 대단해요!,대박.,반말형,,,,,45.0,80.0,50.0,78.0,55.0,0.47663,0.0,38.0,0.0,0.0,0.5283,몸매가 정말...,몸매가 정말…,,29.4,T4,구조검사 통과 시 유지,,60.895270270270274,42.63,P3,말투·질문응답·가독성 위주 검토
SSIS-652,사진 대조 재번역본,81,"00:06:25,300 --> 00:06:25,640",0.34,대단해.,무서워.,"아, 아니야.",반말형,,,,,45.0,80.0,50.0,78.0,55.0,0.29649,42.0,38.0,0.0,0.0,1.0,대단해.,기분 좋네.,일본어 원문 + 타임스탬프 사진 + 장면 연속성,29.39,T4,구조검사 통과 시 유지,,60.810810810810814,42.59,P3,말투·질문응답·가독성 위주 검토
SSIS-652,사진 대조 재번역본,797,"01:21:26,500 --> 01:21:27,080",0.58,가르쳐 드릴까요?,그날 이야기를 왜 물어봐요?,가르쳐 드릴게요.,존댓말형,,,,,45.0,80.0,50.0,78.0,55.0,0.44136,0.0,38.0,0.0,18.0,0.2658,"봐봐, 또 가르쳐 줄 테니까...","봐봐, 또 가르쳐 줄 테니까…",,29.36,T4,구조검사 통과 시 유지,formality_shift,60.72635135135135,42.53,P3,말투·질문응답·가독성 위주 검토
SSIS-652,사진 대조 재번역본,889,"01:31:35,470 --> 01:31:36,210",0.74,자러 갈까?,졸리구나.,네.,중립·혼합형,,,,,45.0,80.0,50.0,78.0,55.0,0.47518,0.0,38.0,0.0,0.0,0.1889,- 땀도 흘렸으니 슬슬 샤워하러 갈까? - 좋은 냄새 나는데? - 정수리 냄새 맡지 마. - 그럼 샤워하러 가자.,- 땀도 흘렸으니 슬슬 샤워하러 갈까? - 응. 정수리 냄새는 맡지 마.,4줄 대화를 2줄로 재배치,29.34,T4,구조검사 통과 시 유지,,60.641891891891895,42.49,P3,말투·질문응답·가독성 위주 검토
SSIS-652,사진 대조 재번역본,175,"00:20:04,800 --> 00:20:05,220",0.42,갑자기 여기서…,"네, 놀랐어요.",키스할 줄은 몰랐어요.,중립·혼합형,,,타임스탬프 사진과 앞뒤 장면으로 대사 기능 복원,중간,38.0,78.0,50.0,78.0,62.0,0.40557,0.0,38.0,25.0,0.0,0.3018,남자는 갑자기 일어나 입을 닦았다.,남자는 갑자기 몸을 일으키며 입에서 자지를 뺐다.,,29.33,T4,구조검사 통과 시 유지,borderline_cps,60.515202702702695,42.43,P3,말투·질문응답·가독성 위주 검토
SSIS-652,사진 대조 재번역본,301,"00:33:16,760 --> 00:33:17,880",1.12,이제 그건 안 돼.,이제 저쪽으로.,그건 안 돼?,중립·혼합형,,,,,45.0,80.0,50.0,78.0,55.0,0.36233,26.29,38.0,0.0,0.0,0.8691,그건 안 돼.,여기로 와.,일본어 원문 + 타임스탬프 사진 + 장면 연속성,29.33,T4,구조검사 통과 시 유지,,60.515202702702695,42.43,P3,말투·질문응답·가독성 위주 검토
SSIS-652,사진 대조 재번역본,71,"00:05:31,160 --> 00:05:32,660",1.5,더워! 더워요.,잠깐만요.,맞아요.,중립·혼합형,,,,,45.0,80.0,50.0,78.0,55.0,0.40788,15.6,38.0,0.0,0.0,0.78,더워요.,정말 덥네요.,사진 장면 확인 및 한국어 번역투·ASR 오역 교정,29.32,T4,구조검사 통과 시 유지,,60.34628378378378,42.35,P3,말투·질문응답·가독성 위주 검토
SSIS-652,사진 대조 재번역본,345,"00:40:40,060 --> 00:40:40,860",0.8,침대로 갈까?,빠르지 않아.,어쩔 수 없네.,중립·혼합형,,,,,45.0,80.0,50.0,78.0,55.0,0.4748,0.0,38.0,0.0,0.0,0.1468,- 땀도 흘렸으니 슬슬 샤워하러 갈까? - 좋은 냄새 나는데? - 정수리 냄새 맡지 마. - 그럼 샤워하러 가자.,- 땀도 흘렸으니 슬슬 샤워하러 갈까? - 응. 정수리 냄새는 맡지 마.,4줄 대화를 2줄로 재배치,29.32,T4,구조검사 통과 시 유지,,60.34628378378378,42.35,P3,말투·질문응답·가독성 위주 검토
SSIS-652,사진 대조 재번역본,96,"00:07:28,720 --> 00:07:29,460",0.74,바다사자는 저쪽에.,(웃음),바다사자는?,중립·혼합형,,,,,45.0,80.0,50.0,78.0,55.0,0.47426,0.0,38.0,0.0,0.0,0.1716,저쪽에 엔진이 있네요.,저쪽이 엔진실인가 봐요.,선박 관람 장면 표현 자연화,29.3,T4,구조검사 통과 시 유지,,60.2195945945946,42.29,P3,말투·질문응답·가독성 위주 검토
SSIS-652,사진 대조 재번역본,770,"01:17:10,710 --> 01:17:12,110",1.4,정말?,오케이예요.,네?,중립·혼합형,,,,,45.0,80.0,50.0,78.0,55.0,0.29402,42.0,38.0,0.0,0.0,1.0,정말?,응.,일본어 원문 + 타임스탬프 사진 + 장면 연속성,29.29,T4,구조검사 통과 시 유지,,60.0929054054054,42.23,P3,말투·질문응답·가독성 위주 검토
SSIS-652,사진 대조 재번역본,1092,"02:17:08,710 --> 02:17:09,150",0.44,장 건강 관리?,장 건강 관리.,장 건강을 챙기는 거야?,중립·혼합형,,,,,45.0,80.0,50.0,78.0,55.0,0.47414,0.0,38.0,0.0,0.0,0.1126,또 건강해져 버릴까?,또 섰어?,타임스탬프 사진과 앞뒤 장면으로 대사 기능 복원,29.29,T4,구조검사 통과 시 유지,,60.0929054054054,42.23,P3,말투·질문응답·가독성 위주 검토
SSIS-652,사진 대조 재번역본,55,"00:04:00,680 --> 00:04:02,660",1.98,다시 보니 몸매가 정말 대단해요!,기대됩니다.,몸매가 정말 좋네요.,반말형,,,,,45.0,80.0,50.0,78.0,55.0,0.47386,0.0,38.0,0.0,0.0,0.3972,몸매가 정말...,몸매가 정말…,,29.28,T4,구조검사 통과 시 유지,,59.92398648648649,42.15,P3,말투·질문응답·가독성 위주 검토
SSIS-652,사진 대조 재번역본,1127,"02:19:51,760 --> 02:19:57,280",5.52,"응, 나도 똑같이.",요구르트도 안 먹어? 좋아하잖아?,집에 가야 해.,반응형,,,,,45.0,80.0,50.0,78.0,55.0,0.47378,0.0,38.0,0.0,0.0,0.2108,"응, 더...","응, 더…",,29.28,T4,구조검사 통과 시 유지,,59.92398648648649,42.15,P3,말투·질문응답·가독성 위주 검토
SSIS-652,사진 대조 재번역본,564,"00:59:19,740 --> 00:59:20,500",0.76,침 주세요.,침 주세요.,카에데 씨 침을 많이 받고 싶어요.,존댓말형,,,,,45.0,80.0,50.0,78.0,55.0,0.47324,0.0,38.0,0.0,0.0,0.6051,쉬어 주세요.,잠깐 쉬게 해 주세요.,사진 장면 확인 및 한국어 번역투·ASR 오역 교정,29.26,T4,구조검사 통과 시 유지,,59.797297297297305,42.09,P3,말투·질문응답·가독성 위주 검토
SSIS-652,사진 대조 재번역본,287,"00:31:27,630 --> 00:31:28,810",1.18,안 마실게요.,안 마실게요.,맛있어.,중립·혼합형,,,,,45.0,80.0,50.0,78.0,55.0,0.47267,0.0,38.0,0.0,0.0,0.1323,안 돼.,"네, 놀랐어요.",타임스탬프 사진과 앞뒤 장면으로 대사 기능 복원,29.23,T4,구조검사 통과 시 유지,,59.71283783783784,42.03,P3,말투·질문응답·가독성 위주 검토
SSIS-652,사진 대조 재번역본,283,"00:30:58,560 --> 00:30:59,360",0.8,그럼 왜?,그건 아니잖아.,뭐?,중립·혼합형,,,,,45.0,80.0,50.0,78.0,55.0,0.47184,0.0,38.0,0.0,0.0,0.3335,"그럼 일단,",그럼 일단,,29.2,T4,구조검사 통과 시 유지,,59.62837837837838,41.98,P3,말투·질문응답·가독성 위주 검토
SSIS-652,사진 대조 재번역본,128,"00:09:17,590 --> 00:09:18,690",1.1,생각보다 꽤 크네.,귀여워.,"이것도 괜찮아요? 맞아, 맞아, 맞아.",반말형,,,,,45.0,80.0,50.0,78.0,55.0,0.4716,0.0,38.0,0.0,0.0,0.1302,"크네, 완전히.",완전히 커졌네.,일본어 원문 대조 + 자연스러운 한국어 대사 교정,29.19,T4,구조검사 통과 시 유지,,59.54391891891891,41.94,P3,말투·질문응답·가독성 위주 검토
SSIS-652,사진 대조 재번역본,203,"00:24:47,660 --> 00:24:51,760",4.1,AV 배우들은 다 호스트바에 가는 줄 알았어요.,호스트바는 안 가요.,다 그러면 큰일 나죠. 저는 안 가요.,중립·혼합형,,,사진 장면 확인 및 한국어 번역투·ASR 오역 교정,높음,58.0,96.0,50.0,92.0,42.0,0.82088,0.0,22.0,0.0,0.0,0.1636,이제 알았어...,[불명],,29.17,T4,구조검사 통과 시 유지,,59.45945945945946,41.89,P3,말투·질문응답·가독성 위주 검토
SSIS-652,사진 대조 재번역본,295,"00:32:16,920 --> 00:32:18,300",1.38,안 보일 것 같아.,어때?,"거짓말, 거짓말.",반응형,,,,,45.0,80.0,50.0,78.0,55.0,0.47036,0.0,38.0,0.0,0.0,0.578,갈 것 같아.,진짜 갈 것 같아.,일본어 원문 대조 + 자연스러운 한국어 대사 교정,29.14,T4,구조검사 통과 시 유지,,59.375,41.84,P3,말투·질문응답·가독성 위주 검토
SSIS-652,사진 대조 재번역본,1179,"02:25:38,840 --> 02:25:42,620",3.78,아침부터 밤까지.,사람이 올 때까지 밤새 섹스할까.,응! 좋아!,반응형,,,,,45.0,80.0,50.0,78.0,55.0,0.47022,0.0,38.0,0.0,0.0,0.078,첫 번째부터 다시 해 볼게요.,처음부터 다시 넣어 볼게요.,사진 장면 확인 및 한국어 번역투·ASR 오역 교정,29.13,T4,구조검사 통과 시 유지,,59.29054054054054,41.8,P3,말투·질문응답·가독성 위주 검토
SSIS-652,사진 대조 재번역본,722,"01:11:57,470 --> 01:11:58,610",1.14,샤워하자.,"얼굴이, 얼굴이 벌써 풀렸어.",네.,중립·혼합형,,,,,45.0,80.0,50.0,78.0,59.0,0.46433,0.0,38.0,0.0,0.0,0.2276,- 땀도 흘렸으니 슬슬 샤워하러 갈까? - 좋은 냄새 나는데? - 정수리 냄새 맡지 마. - 그럼 샤워하러 가자.,- 땀도 흘렸으니 슬슬 샤워하러 갈까? - 응. 정수리 냄새는 맡지 마.,4줄 대화를 2줄로 재배치,29.12,T4,구조검사 통과 시 유지,,59.20608108108109,41.76,P3,말투·질문응답·가독성 위주 검토
SSIS-652,사진 대조 재번역본,482,"00:54:11,680 --> 00:54:12,760",1.08,기분 좋았어?,미안해요. 잠깐.,네.,반응형,,,,,45.0,80.0,50.0,78.0,55.0,0.46878,0.0,38.0,0.0,0.0,0.2831,기분 좋아.,"아, 좋아.",화면 영문 자막 대조,29.07,T4,구조검사 통과 시 유지,,59.12162162162162,41.69,P3,말투·질문응답·가독성 위주 검토
SSIS-652,사진 대조 재번역본,519,"00:56:29,190 --> 00:56:29,970",0.78,쉬게 해 줄래?,죄송해요.,쉴게요.,반말형,,,,,45.0,80.0,50.0,78.0,55.0,0.46852,0.0,38.0,0.0,0.0,0.4329,쉬게 해 주세요.,그만해.,장면과 충돌한 표현 교정,29.06,T4,구조검사 통과 시 유지,,59.03716216216216,41.65,P3,말투·질문응답·가독성 위주 검토
SSIS-652,사진 대조 재번역본,856,"01:27:29,900 --> 01:27:31,380",1.48,그리고 밥도 조금.,밥도 먹을 거지.,기분 좋아.,중립·혼합형,,,,,45.0,80.0,50.0,78.0,55.0,0.46831,0.0,38.0,0.0,0.0,0.3709,그리고 유두.,그리고 젖꼭지도.,,29.05,T4,구조검사 통과 시 유지,,58.952702702702695,41.61,P3,말투·질문응답·가독성 위주 검토
SSIS-652,사진 대조 재번역본,695,"01:10:42,970 --> 01:10:43,370",0.4,저 아직…,일단 바로 누워.,아무리 그래도 잠깐.,반응형,,,,,45.0,80.0,50.0,78.0,55.0,0.46775,0.0,38.0,0.0,0.0,0.1414,"아직, 아직 잘 거지?",아직 갈 수 있지?,사진 장면 확인 및 한국어 번역투·ASR 오역 교정,29.03,T4,구조검사 통과 시 유지,,58.86824324324324,41.56,P3,말투·질문응답·가독성 위주 검토
SSIS-652,사진 대조 재번역본,1121,"02:19:37,690 --> 02:19:39,290",1.6,"응, 힘낼게.",힘내서 먹어.,시간이 없으니까.,반응형,,,,,45.0,80.0,50.0,78.0,55.0,0.46703,0.0,38.0,0.0,0.0,0.2625,"응, 갈게...","응, 갈게…",,29.0,T4,구조검사 통과 시 유지,,58.78378378378378,41.51,P3,말투·질문응답·가독성 위주 검토
SSIS-652,사진 대조 재번역본,227,"00:26:27,360 --> 00:26:27,880",0.52,등이 파여 있어.,여유롭네. 대단하다.,정말 오늘 우리 둘뿐이라고 하면…,반응형,,,,,45.0,80.0,50.0,78.0,55.0,0.46621,0.0,38.0,0.0,0.0,0.2837,뒤에 있어.,뒤쪽도 보여 줘.,일본어 원문 대조 + 자연스러운 한국어 대사 교정,28.96,T4,구조검사 통과 시 유지,,58.6570945945946,41.43,P3,말투·질문응답·가독성 위주 검토
SSIS-652,사진 대조 재번역본,364,"00:42:06,340 --> 00:42:07,140",0.8,하지만 바보잖아.,부탁드립니다.,"아니, 저 대학 나왔거든요.",반응형,,,,,45.0,80.0,50.0,78.0,55.0,0.43201,0.0,38.0,0.0,18.0,0.2326,하지만 내가 사랑하는 건 너뿐이니까 괜찮잖아.,너만 사랑한다니까.,,28.96,T4,구조검사 통과 시 유지,formality_shift,58.6570945945946,41.43,P3,말투·질문응답·가독성 위주 검토
SSIS-652,사진 대조 재번역본,697,"01:10:44,190 --> 01:10:44,490",0.3,"잠깐, 응?",아무리 그래도 잠깐.,아직이에요.,반응형,,,,,45.0,80.0,50.0,78.0,55.0,0.40635,0.0,38.0,25.0,0.0,0.4509,"잠깐, 어때요?","잠깐, 괜찮아요?",사진 장면 확인 및 한국어 번역투·ASR 오역 교정,28.95,T4,구조검사 통과 시 유지,borderline_cps,58.5304054054054,41.37,P3,말투·질문응답·가독성 위주 검토
SSIS-652,사진 대조 재번역본,303,"00:33:21,160 --> 00:33:21,940",0.78,부드럽지 않아?,그건 안 돼?,"있잖아, 벌써 섰어.",반응형,,,,,45.0,80.0,50.0,78.0,55.0,0.46574,0.0,38.0,0.0,0.0,0.3172,너무 졸리지 않아?,눈썹도 예쁘네. 너무 진하지도 않고.,손상된 일본어 ASR + 타임스탬프 사진 + 앞뒤 문맥 추론,28.94,T4,구조검사 통과 시 유지,,58.445945945945944,41.33,P3,말투·질문응답·가독성 위주 검토
SSIS-652,사진 대조 재번역본,534,"00:57:28,400 --> 00:57:29,660",1.26,기대하고 있어.,벌써 기대돼요.,기다렸지?,반응형,,,,,45.0,80.0,50.0,78.0,55.0,0.46523,0.0,38.0,0.0,0.0,0.2835,뒤에 있어.,뒤쪽도 보여 줘.,일본어 원문 대조 + 자연스러운 한국어 대사 교정,28.92,T4,구조검사 통과 시 유지,,58.36148648648649,41.29,P3,말투·질문응답·가독성 위주 검토
SSIS-652,사진 대조 재번역본,994,"02:07:35,020 --> 02:07:36,220",1.2,당연히 가져왔지.,칫솔이요.,그렇지.,반말형,,,타임스탬프 사진과 앞뒤 장면으로 대사 기능 복원,중간,38.0,78.0,50.0,78.0,62.0,0.45362,0.0,38.0,0.0,0.0,0.1691,당연하지.,그럼 같이 닦자.,타임스탬프 사진과 앞뒤 장면으로 대사 기능 복원,28.85,T4,구조검사 통과 시 유지,,58.27702702702703,41.21,P3,말투·질문응답·가독성 위주 검토
SSIS-652,사진 대조 재번역본,331,"00:38:21,420 --> 00:38:22,420",1.0,기다려 줬으면 해?,못 참으면 계속 가 버리니까.,"아, 기다려 줬으면 해.",반응형,,,,,45.0,80.0,50.0,78.0,55.0,0.46267,0.0,38.0,0.0,0.0,0.5884,기억해 줬으면 해?,"여기, 기억해 줬으면 해요.",사진 장면 확인 및 한국어 번역투·ASR 오역 교정,28.81,T4,구조검사 통과 시 유지,,58.108108108108105,41.12,P3,말투·질문응답·가독성 위주 검토
SSIS-652,사진 대조 재번역본,713,"01:11:37,550 --> 01:11:38,310",0.76,정말일까?,다음엔 더 열심히 할게요.,네.,중립·혼합형,,,,,45.0,80.0,50.0,78.0,55.0,0.4627,0.0,38.0,0.0,0.0,0.1153,정말 좋아.,거기 좋아.,타임스탬프 사진과 장면 흐름으로 명백한 오인식 교정,28.81,T4,구조검사 통과 시 유지,,58.108108108108105,41.12,P3,말투·질문응답·가독성 위주 검토
SSIS-652,사진 대조 재번역본,991,"02:07:25,880 --> 02:07:29,880",4.0,칫솔도 챙겨 왔어요.,네.,뭐?,반응형,,,타임스탬프 사진과 앞뒤 장면으로 대사 기능 복원,중간,38.0,78.0,50.0,78.0,62.0,0.4526,0.0,38.0,0.0,0.0,0.3606,그러니까 아직 안 왔어요.,아직 안 왔네요.,사진 장면 확인 및 한국어 번역투·ASR 오역 교정,28.81,T4,구조검사 통과 시 유지,,58.108108108108105,41.12,P3,말투·질문응답·가독성 위주 검토
SSIS-652,사진 대조 재번역본,683,"01:10:22,630 --> 01:10:23,750",1.12,"잠깐, 잠깐, 잠깐.",뭐?,"잠깐, 뭐 하는 거야?",반응형,,,,,45.0,80.0,50.0,78.0,55.0,0.46227,0.0,38.0,0.0,0.0,0.5078,"잠깐, 어때요?","잠깐, 괜찮아요?",사진 장면 확인 및 한국어 번역투·ASR 오역 교정,28.8,T4,구조검사 통과 시 유지,,57.939189189189186,41.04,P3,말투·질문응답·가독성 위주 검토
SSIS-652,사진 대조 재번역본,139,"00:10:45,490 --> 00:10:47,290",1.8,복숭아 소스와 크림.,괜찮아 보여?,"아, 괜찮죠.",반응형,,,,,45.0,80.0,50.0,78.0,55.0,0.46095,0.0,38.0,0.0,0.0,0.0492,크지.,야하지.,화면 영문 자막 대조,28.74,T4,구조검사 통과 시 유지,,57.854729729729726,40.97,P3,말투·질문응답·가독성 위주 검토
SSIS-652,사진 대조 재번역본,644,"01:06:09,120 --> 01:06:13,000",3.88,그래도 그렇게 무겁진 않잖아.,시끄러워.,자세 바꿔 줘.,반응형,,,사진 장면 확인 및 한국어 번역투·ASR 오역 교정,높음,58.0,96.0,50.0,92.0,42.0,0.80435,0.0,22.0,0.0,0.0,0.2399,그래도 계속 하고 싶어.,그래도 계속하고 싶어.,손상된 일본어 ASR + 타임스탬프 사진 + 앞뒤 문맥 추론,28.67,T4,구조검사 통과 시 유지,,57.770270270270274,40.89,P3,말투·질문응답·가독성 위주 검토
SSIS-652,사진 대조 재번역본,26,"00:01:54,460 --> 00:01:55,980",1.52,"음, 저 자신이요.",친구 커플이 옆방에 있었어요.,저요.,중립·혼합형,,,,,45.0,80.0,50.0,78.0,55.0,0.45907,0.0,38.0,0.0,0.0,0.2305,"더 야하게 해 봐. 음, 음, 음... 그렇지!","더 야하게 해 봐. 음, 음, 음… 그렇지!",,28.66,T4,구조검사 통과 시 유지,,57.685810810810814,40.85,P3,말투·질문응답·가독성 위주 검토
SSIS-652,사진 대조 재번역본,302,"00:33:18,040 --> 00:33:18,720",0.68,그건 안 돼?,이제 그건 안 돼.,부드럽지 않아?,중립·혼합형,,,,,45.0,80.0,50.0,78.0,55.0,0.45159,1.7,38.0,0.0,0.0,0.6641,그건 안 돼.,여기로 와.,일본어 원문 + 타임스탬프 사진 + 장면 연속성,28.65,T4,구조검사 통과 시 유지,,57.60135135135135,40.81,P3,말투·질문응답·가독성 위주 검토
SSIS-652,사진 대조 재번역본,16,"00:01:14,340 --> 00:01:27,660",13.32,"몇 번 싸게 한 다음 욕실에서 같이 씻었어요.
이제 무리라는데도 한 번 더 해서 만족했어요.","수족관에 가서 키스도 했는데, 조금 더 하고 싶었어요.",그렇군요.,반말형,,,사진 장면 확인 및 한국어 번역투·ASR 오역 교정,높음,58.0,96.0,50.0,92.0,46.0,0.79713,0.0,22.0,0.0,0.0,0.585,"몇 번 싸게 한 다음 욕실에서 같이 씻었어요. 이제 무리라고 했는데도 또 해 줘서, 나름 성공한 것 같아요.",몇 번 싸게 한 다음 욕실에서 같이 씻었어요. 이제 무리라는데도 한 번 더 해서 만족했어요.,사진 장면 확인 및 한국어 번역투·ASR 오역 교정,28.63,T4,구조검사 통과 시 유지,,57.516891891891895,40.76,P3,말투·질문응답·가독성 위주 검토
SSIS-652,사진 대조 재번역본,199,"00:24:37,600 --> 00:24:38,700",1.1,누가 권하면.,그래도 혼자서는 자주 안 마셔요.,호스트바 같은 데 가요?,중립·혼합형,,,,,45.0,80.0,50.0,78.0,55.0,0.45802,0.0,38.0,0.0,0.0,0.1959,누가 발견하면 딱 걸리겠지.,누가 보면 바로 들키겠지.,일본어 원문 대조 + 자연스러운 한국어 대사 교정,28.62,T4,구조검사 통과 시 유지,,57.432432432432435,40.72,P3,말투·질문응답·가독성 위주 검토
SSIS-652,사진 대조 재번역본,37,"00:02:25,080 --> 00:02:27,400",2.32,그 장면도 꼭 봐 주셨으면 해요.,기쁘네요.,"보는 분들도 제가 상대해 주는 기분을
느껴 주셨으면 좋겠어요.",반말형,,,사진 장면 확인 및 한국어 번역투·ASR 오역 교정,높음,58.0,96.0,50.0,92.0,42.0,0.65741,33.79,22.0,0.0,0.0,0.9316,그런 장면도 꼭 봐 주셨으면 해요.,그 장면도 꼭 봐 주셨으면 해요.,사진 장면 확인 및 한국어 번역투·ASR 오역 교정,28.61,T4,구조검사 통과 시 유지,,57.34797297297297,40.68,P3,말투·질문응답·가독성 위주 검토
SSIS-652,사진 대조 재번역본,527,"00:56:58,330 --> 00:57:03,150",4.82,아직 부족하니까 갈아입고 올게.,네. 갈아입고 올게요.,알겠습니다.,반응형,,,사진 장면 확인 및 한국어 번역투·ASR 오역 교정,높음,58.0,96.0,50.0,92.0,42.0,0.68299,27.31,22.0,0.0,0.0,0.8776,응. 전혀 부족하니까 갈아입고 올게.,아직 부족하니까 갈아입고 올게.,사진 장면 확인 및 한국어 번역투·ASR 오역 교정,28.54,T4,구조검사 통과 시 유지,,57.26351351351351,40.6,P3,말투·질문응답·가독성 위주 검토
SSIS-652,사진 대조 재번역본,181,"00:20:26,910 --> 00:20:28,030",1.12,"네, 괜찮아요.",조금 더 내려가도 돼요?,감사합니다.,반응형,,,타임스탬프 사진과 앞뒤 장면으로 대사 기능 복원,중간,38.0,78.0,50.0,78.0,62.0,0.41026,0.0,38.0,0.0,18.0,0.6479,말해도 괜찮아요.,"괜찮아, 계속해.",일본어 원문 대조 + 자연스러운 한국어 대사 교정,28.47,T4,구조검사 통과 시 유지,formality_shift,57.179054054054056,40.53,P3,말투·질문응답·가독성 위주 검토
SSIS-652,사진 대조 재번역본,374,"00:42:41,800 --> 00:42:42,660",0.86,무슨 소리야?,무슨 소리야?,"죄송해요, 죄송해요.",반말형,,,,,45.0,80.0,50.0,78.0,55.0,0.40345,11.68,38.0,0.0,0.0,0.7473,무슨 소리야? 진짜...,무슨 소리야? 진짜…,,28.43,T4,구조검사 통과 시 유지,,57.0945945945946,40.47,P3,말투·질문응답·가독성 위주 검토
SSIS-652,사진 대조 재번역본,148,"00:11:32,060 --> 00:11:33,400",1.34,제일 좋아하는 과일.,제일 좋아하는 과일.,딸기.,반응형,,,,,45.0,80.0,50.0,78.0,55.0,0.45328,0.0,38.0,0.0,0.0,0.3615,다리 좋아하는 남자.,다리 좋아하는 남자 많잖아.,일본어 원문 대조 + 자연스러운 한국어 대사 교정,28.42,T4,구조검사 통과 시 유지,,56.883445945945944,40.37,P3,말투·질문응답·가독성 위주 검토
SSIS-652,사진 대조 재번역본,250,"00:27:44,780 --> 00:27:46,600",1.82,여기가 제일 약해?,응.,네.,반말형,,,,,45.0,80.0,50.0,78.0,55.0,0.45343,0.0,38.0,0.0,0.0,0.289,여기가 어디지...?,여기가 어디지…?,,28.42,T4,구조검사 통과 시 유지,,56.883445945945944,40.37,P3,말투·질문응답·가독성 위주 검토
SSIS-652,사진 대조 재번역본,392,"00:44:20,970 --> 00:44:21,890",0.92,기분 좋아?,손 말고 혀로 해 주세요.,네.,반응형,,,,,45.0,80.0,50.0,78.0,55.0,0.45336,0.0,38.0,0.0,0.0,0.5975,"아, 거기... 기분 좋아?","아, 거기… 기분 좋아?",,28.42,T4,구조검사 통과 시 유지,,56.883445945945944,40.37,P3,말투·질문응답·가독성 위주 검토
SSIS-652,사진 대조 재번역본,1157,"02:23:49,660 --> 02:23:50,600",0.94,못 먹겠어?,못 먹겠어?,저만 못 먹겠어요.,반응형,,,,,45.0,80.0,50.0,78.0,55.0,0.45338,0.0,38.0,0.0,0.0,0.3763,못 울겠어?,목이 막혀?,사진 장면 확인 및 한국어 번역투·ASR 오역 교정,28.42,T4,구조검사 통과 시 유지,,56.883445945945944,40.37,P3,말투·질문응답·가독성 위주 검토
SSIS-652,사진 대조 재번역본,822,"01:24:34,340 --> 01:24:35,780",1.44,근처에 있을 거예요.,위층 같은 데 뭐가 있으려나?,정말?,존댓말형,,,,,45.0,80.0,50.0,78.0,55.0,0.45314,0.0,38.0,0.0,0.0,0.3289,후와 씨가 이끄는 거예요.,이번에는 후우아 씨가 이끌어 주는 거예요.,이름 및 문장 자연화,28.41,T4,구조검사 통과 시 유지,,56.672297297297305,40.28,P3,말투·질문응답·가독성 위주 검토
SSIS-652,사진 대조 재번역본,225,"00:26:19,340 --> 00:26:21,440",2.1,아직 전혀 안 취했네.,조금씩 마셔. 천천히.,여유롭네. 대단하다.,반응형,,,사진 장면 확인 및 한국어 번역투·ASR 오역 교정,높음,58.0,96.0,50.0,92.0,46.0,0.7897,0.0,22.0,0.0,0.0,0.2916,숨은 전혀 안 차네.,아직 전혀 안 취했네.,사진 장면 확인 및 한국어 번역투·ASR 오역 교정,28.4,T4,구조검사 통과 시 유지,,56.545608108108105,40.22,P3,말투·질문응답·가독성 위주 검토
SSIS-652,사진 대조 재번역본,665,"01:08:50,350 --> 01:08:51,290",0.94,좋네.,좋네.,저는 보고 있어요.,반말형,,,,,45.0,80.0,50.0,78.0,55.0,0.27282,42.0,38.0,0.0,0.0,1.0,좋네.,좋아.,일본어 원문 대조 + 자연스러운 한국어 대사 교정,28.4,T4,구조검사 통과 시 유지,,56.545608108108105,40.22,P3,말투·질문응답·가독성 위주 검토
SSIS-652,사진 대조 재번역본,256,"00:27:56,000 --> 00:27:57,180",1.18,여기가 제일 약해?,붙잡으면 움직일 수가 없잖아.,손톱으로 살살 긁어?,반말형,,,,,45.0,80.0,50.0,78.0,55.0,0.45195,0.0,38.0,0.0,0.0,0.289,여기가 어디지...?,여기가 어디지…?,,28.36,T4,구조검사 통과 시 유지,,56.376689189189186,40.13,P3,말투·질문응답·가독성 위주 검토
SSIS-652,사진 대조 재번역본,368,"00:42:17,040 --> 00:42:18,520",1.48,바보가 아니야?,정말이에요.,"에, 그래?",반응형,,,,,45.0,80.0,50.0,78.0,55.0,0.41765,0.0,38.0,0.0,18.0,0.5301,온천 아니야?,뭔가…,일본어 원문 + 타임스탬프 사진 + 장면 연속성,28.36,T4,구조검사 통과 시 유지,formality_shift,56.376689189189186,40.13,P3,말투·질문응답·가독성 위주 검토
SSIS-652,사진 대조 재번역본,573,"01:00:22,160 --> 01:00:23,940",1.78,"씌울게, 씌울게.",네.,빨리 하고 싶지?,중립·혼합형,,,,,45.0,80.0,50.0,78.0,55.0,0.45109,0.0,38.0,0.0,0.0,0.1148,봤어? 상자가 꽤 비었더라. 끼울게.,상자가 꽤 비었더라. 내가 끼울게.,대화 호흡 정리,28.33,T4,구조검사 통과 시 유지,,56.25,40.06,P3,말투·질문응답·가독성 위주 검토
SSIS-652,사진 대조 재번역본,850,"01:27:03,690 --> 01:27:04,270",0.58,가까워.,"아, 저거구나.",과자도 먹을래?,중립·혼합형,,,,,45.0,80.0,50.0,78.0,55.0,0.3857,15.24,38.0,0.0,0.0,0.777,귀여워. 가까워.,귀여워. 너무 가까워.,일본어 원문 대조 + 자연스러운 한국어 대사 교정,28.32,T4,구조검사 통과 시 유지,,56.16554054054054,40.02,P3,말투·질문응답·가독성 위주 검토
SSIS-652,사진 대조 재번역본,858,"01:27:43,490 --> 01:27:44,970",1.48,무슨 과자 좋아해?,기분 좋아.,채소 좋아하지?,반응형,,,,,45.0,80.0,50.0,78.0,55.0,0.45078,0.0,38.0,0.0,0.0,0.5565,유두 좋아해?,젖꼭지 좋아해?,,28.31,T4,구조검사 통과 시 유지,,56.03885135135135,39.96,P4,회귀검사 통과 시 유지
SSIS-652,사진 대조 재번역본,1124,"02:19:42,910 --> 02:19:43,750",0.84,"그래, 시간.",힘내.,힘낼게.,중립·혼합형,,,,,45.0,80.0,50.0,78.0,55.0,0.45062,0.0,38.0,0.0,0.0,0.3192,"너도 기분 좋지? 안 그래, 사야.","너도 좋지? 그렇지, 사야?",대화체 자연화,28.31,T4,구조검사 통과 시 유지,,56.03885135135135,39.96,P4,회귀검사 통과 시 유지
SSIS-652,사진 대조 재번역본,768,"01:16:48,980 --> 01:16:49,960",0.98,괜찮아.,"아, 그쪽으로 갔어.",오케이예요.,반응형,,,,,45.0,80.0,50.0,78.0,55.0,0.23621,42.0,38.0,0.0,18.0,1.0,괜찮아.,최고예요.,화면 영문 자막 대조,28.3,T4,구조검사 통과 시 유지,formality_shift,55.91216216216216,39.9,P4,회귀검사 통과 시 유지
SSIS-652,사진 대조 재번역본,957,"02:03:10,250 --> 02:03:10,930",0.68,나와 줘.,위험해.,응? 뭔가 나올 것 같아요.,중립·혼합형,,,,,45.0,80.0,50.0,78.0,55.0,0.44969,0.0,38.0,0.0,0.0,0.4425,나와 버렸어?,또 나와 버렸어?,일본어 원문 대조 + 자연스러운 한국어 대사 교정,28.27,T4,구조검사 통과 시 유지,,55.827702702702695,39.84,P4,회귀검사 통과 시 유지
SSIS-652,사진 대조 재번역본,116,"00:08:11,180 --> 00:08:13,540",2.36,새 같아.,방금 뭐였어?,귀여워.,반응형,,,,,45.0,80.0,50.0,78.0,55.0,0.4491,0.0,38.0,0.0,0.0,0.571,갈 것 같아.,진짜 갈 것 같아.,일본어 원문 대조 + 자연스러운 한국어 대사 교정,28.24,T4,구조검사 통과 시 유지,,55.74324324324324,39.79,P4,회귀검사 통과 시 유지
SSIS-652,사진 대조 재번역본,549,"00:58:29,380 --> 00:58:29,540",0.16,기다렸지?,보고 있으면 다시 설 것 같아요.,네.,반말형,,,,,45.0,80.0,50.0,78.0,55.0,0.28219,0.0,38.0,70.0,0.0,0.4293,오래 기다렸지~.,오래 기다렸지…,,28.23,T4,구조검사 통과 시 유지,high_cps,55.65878378378378,39.75,P4,회귀검사 통과 시 유지
SSIS-652,사진 대조 재번역본,998,"02:07:47,760 --> 02:07:53,600",5.84,치약도 있어.,자.,아하하하.,반응형,,,타임스탬프 사진과 앞뒤 장면으로 대사 기능 복원,중간,38.0,78.0,50.0,78.0,62.0,0.43812,0.0,38.0,0.0,0.0,0.3031,뒤에 있어.,뒤쪽도 보여 줘.,일본어 원문 대조 + 자연스러운 한국어 대사 교정,28.2,T4,구조검사 통과 시 유지,,55.5320945945946,39.68,P4,회귀검사 통과 시 유지
SSIS-652,사진 대조 재번역본,1118,"02:19:17,180 --> 02:19:19,000",1.82,먹고 있어?,먹고 있어?,힘내.,반응형,,,,,45.0,80.0,50.0,78.0,55.0,0.44805,0.0,38.0,0.0,0.0,0.5369,자고 있어?,땀나?,사진 장면 확인 및 한국어 번역투·ASR 오역 교정,28.2,T4,구조검사 통과 시 유지,,55.5320945945946,39.68,P4,회귀검사 통과 시 유지
SSIS-652,사진 대조 재번역본,501,"00:55:13,630 --> 00:55:14,710",1.08,"앗, 안 돼.",앗.,응.,반응형,,,,,45.0,80.0,50.0,78.0,55.0,0.4234,5.71,38.0,0.0,0.0,0.6976,안 돼.,"네, 놀랐어요.",타임스탬프 사진과 앞뒤 장면으로 대사 기능 복원,28.19,T4,구조검사 통과 시 유지,,55.4054054054054,39.62,P4,회귀검사 통과 시 유지
SSIS-652,사진 대조 재번역본,399,"00:46:47,130 --> 00:46:51,310",4.18,먹을게요.,아프려나?,먹고 싶어?,중립·혼합형,,,,,45.0,80.0,50.0,78.0,55.0,0.44768,0.0,38.0,0.0,0.0,0.3092,엉덩이를 먹을게.,엉덩이도 핥아 줄게.,,28.18,T4,구조검사 통과 시 유지,,55.320945945945944,39.58,P4,회귀검사 통과 시 유지
SSIS-652,사진 대조 재번역본,605,"01:03:35,800 --> 01:03:36,880",1.08,그대로 핥아 주면 기분 좋아요.,아래쪽도 핥아 줄 수 있어요?,계속 핥아 줬으면 해요.,반응형,,,사진 장면 확인 및 한국어 번역투·ASR 오역 교정,높음,58.0,96.0,50.0,92.0,46.0,0.78138,0.0,22.0,0.0,0.0,0.6086,기분 좋아요.,"아, 좋아요.",화면 영문 자막 대조,28.15,T4,구조검사 통과 시 유지,,55.23648648648649,39.53,P4,회귀검사 통과 시 유지
SSIS-652,사진 대조 재번역본,751,"01:13:42,850 --> 01:13:44,070",1.22,"힘낼게, 힘낼게.",네.,"힘낼 거야, 힘낼게.",중립·혼합형,,,,,45.0,80.0,50.0,78.0,55.0,0.44677,0.0,38.0,0.0,0.0,0.0854,"갈게, 갈게... 한 번 더.","갈게, 갈게… 한 번 더.",,28.14,T4,구조검사 통과 시 유지,,55.15202702702703,39.49,P4,회귀검사 통과 시 유지
SSIS-652,사진 대조 재번역본,222,"00:26:07,360 --> 00:26:08,900",1.54,아프다.,"좋다고는 못 하겠지만, 그렇게 세진 않아.","그건 뭐, 조금 먹으면서 마셔.",반응형,,,,,45.0,80.0,50.0,78.0,55.0,0.44646,0.0,38.0,0.0,0.0,0.1658,"아프고, 아프고, 아프고.",아파… 아파…,일본어 원문 대조 + 자연스러운 한국어 대사 교정,28.13,T4,구조검사 통과 시 유지,,55.067567567567565,39.44,P4,회귀검사 통과 시 유지
SSIS-652,사진 대조 재번역본,17,"00:01:27,660 --> 00:01:28,000",0.34,그렇군요.,"몇 번 싸게 한 다음 욕실에서 같이 씻었어요.
이제 무리라는데도 한 번 더 해서 만족했어요.",요즘 빠져 있는 건 암반욕이나 사우나예요.,중립·혼합형,,,,,45.0,80.0,50.0,78.0,55.0,0.26554,42.0,38.0,0.0,0.0,1.0,그렇군요.,네…,타임스탬프 사진과 장면 흐름으로 명백한 오인식 교정,28.09,T4,구조검사 통과 시 유지,,54.983108108108105,39.39,P4,회귀검사 통과 시 유지
SSIS-652,사진 대조 재번역본,50,"00:02:56,820 --> 00:02:58,060",1.24,어떤 사람일까 싶어요.,만난 적이 없어서 긴장되네요.,이 근처에서 만나기로 했는데요.,반응형,,,,,45.0,80.0,50.0,78.0,55.0,0.44503,0.0,38.0,0.0,0.0,0.3078,기분 좋게 해 주고 싶어요.,제가 해 볼게요.,앞 블록과 중복된 문장 정리,28.07,T4,구조검사 통과 시 유지,,54.89864864864865,39.34,P4,회귀검사 통과 시 유지
SSIS-652,사진 대조 재번역본,461,"00:52:09,580 --> 00:52:10,680",1.1,"아, 대단해.",기분 좋아.,안 아파.,반응형,,,,,45.0,80.0,50.0,78.0,55.0,0.31425,30.41,38.0,0.0,0.0,0.9034,대단해.,기분 좋네.,일본어 원문 + 타임스탬프 사진 + 장면 연속성,28.05,T4,구조검사 통과 시 유지,,54.77195945945946,39.27,P4,회귀검사 통과 시 유지
SSIS-652,사진 대조 재번역본,1033,"02:11:42,490 --> 02:11:43,110",0.62,무슨 뜻이야?,네.,어떻게 가고 있는지.,반말형,,,,,45.0,80.0,50.0,78.0,55.0,0.44452,0.0,38.0,0.0,0.0,0.5568,'괜찮다'니 무슨 뜻이야? 정말...,'괜찮다'니 무슨 뜻이야? 정말…,,28.05,T4,구조검사 통과 시 유지,,54.77195945945946,39.27,P4,회귀검사 통과 시 유지
SSIS-652,사진 대조 재번역본,839,"01:25:34,560 --> 01:25:35,160",0.6,할 수 있어?,네.,"그래, 그래, 그래.",반응형,,,,,45.0,80.0,50.0,78.0,55.0,0.44395,0.0,38.0,0.0,0.0,0.5466,자고 있어?,땀나?,사진 장면 확인 및 한국어 번역투·ASR 오역 교정,28.03,T4,구조검사 통과 시 유지,,54.645270270270274,39.21,P4,회귀검사 통과 시 유지
SSIS-652,사진 대조 재번역본,706,"01:11:12,090 --> 01:11:12,930",0.84,"안 돼, 안 돼.",그렇게까지 말하는 거예요?,이제 안 돼요.,중립·혼합형,,,,,45.0,80.0,50.0,78.0,55.0,0.3881,12.99,38.0,0.0,0.0,0.7583,안 돼.,"네, 놀랐어요.",타임스탬프 사진과 앞뒤 장면으로 대사 기능 복원,28.02,T4,구조검사 통과 시 유지,,54.560810810810814,39.17,P4,회귀검사 통과 시 유지
SSIS-652,사진 대조 재번역본,28,"00:01:57,560 --> 00:02:03,300",5.74,지금 일을 오래 계속하는 게 목표예요.,저요.,"웃기네, 거짓말이잖아.",중립·혼합형,,,사진 장면 확인 및 한국어 번역투·ASR 오역 교정,높음,58.0,96.0,50.0,92.0,42.0,0.78225,0.0,22.0,0.0,0.0,0.3402,그래도 지금 일을 오래 계속할 수 있도록요.,지금 일을 오래 계속하는 게 목표예요.,사진 장면 확인 및 한국어 번역투·ASR 오역 교정,28.0,T4,구조검사 통과 시 유지,,54.47635135135135,39.12,P4,회귀검사 통과 시 유지
SSIS-652,사진 대조 재번역본,604,"01:03:32,160 --> 01:03:35,680",3.52,아래쪽도 핥아 줄 수 있어요?,참을게요.,그대로 핥아 주면 기분 좋아요.,반응형,,,사진 장면 확인 및 한국어 번역투·ASR 오역 교정,높음,58.0,96.0,50.0,92.0,46.0,0.77616,0.0,22.0,0.0,0.0,0.5278,가까운 곳도 핥아 줄 수 있어요?,아래쪽도 핥아 줄 수 있어요?,사진 장면 확인 및 한국어 번역투·ASR 오역 교정,27.99,T4,구조검사 통과 시 유지,,54.391891891891895,39.08,P4,회귀검사 통과 시 유지
SSIS-652,사진 대조 재번역본,346,"00:40:47,470 --> 00:40:48,490",1.02,어쩔 수 없네.,침대로 갈까?,또 가 버리겠네.,반응형,,,,,45.0,80.0,50.0,78.0,55.0,0.44276,0.0,38.0,0.0,0.0,0.3012,"있잖아, 전혀 못 했잖아. 별거 없네.","있잖아, 아직 제대로 못 했잖아.",사진 장면 확인 및 한국어 번역투·ASR 오역 교정,27.98,T4,구조검사 통과 시 유지,,54.307432432432435,39.04,P4,회귀검사 통과 시 유지
SSIS-652,사진 대조 재번역본,289,"00:31:37,560 --> 00:31:38,360",0.8,뭐 할 거야?,맛있어.,조금 돌아왔어요.,반말형,,,,,45.0,80.0,50.0,78.0,55.0,0.44158,0.0,38.0,0.0,0.0,0.4477,뭐라고 하는 거야?,뭐라고 말해야 해?,일본어 원문 대조 + 자연스러운 한국어 대사 교정,27.93,T4,구조검사 통과 시 유지,,54.22297297297297,38.97,P4,회귀검사 통과 시 유지
SSIS-652,사진 대조 재번역본,456,"00:51:55,360 --> 00:51:56,160",0.8,아아아.,처음부터 다시 넣어 볼게요.,아앗.,반응형,,,,,45.0,80.0,50.0,78.0,55.0,0.44127,0.0,38.0,0.0,0.0,0.648,아아아...,아아아…,,27.91,T4,구조검사 통과 시 유지,,54.09628378378378,38.91,P4,회귀검사 통과 시 유지
SSIS-652,사진 대조 재번역본,1096,"02:17:16,460 --> 02:17:22,780",6.32,있었어.,주문했어?,이미 주문해 줬잖아.,반응형,,,,,45.0,80.0,50.0,78.0,55.0,0.36624,17.51,38.0,0.0,0.0,0.7959,누워 있었어.,더 뿜어봐.,,27.91,T4,구조검사 통과 시 유지,,54.09628378378378,38.91,P4,회귀검사 통과 시 유지
SSIS-652,사진 대조 재번역본,1128,"02:19:57,740 --> 02:19:58,220",0.48,집에 가야 해.,"응, 나도 똑같이.",이쪽이 좋아?,반말형,,,,,45.0,80.0,50.0,78.0,55.0,0.44102,0.0,38.0,0.0,0.0,0.2558,집에 가족이 있을 때는 조심해야 해요.,집에 가족이 있을 땐 조심해야 해요.,마지막 조언 문장 자연화,27.9,T4,구조검사 통과 시 유지,,53.92736486486487,38.83,P4,회귀검사 통과 시 유지
SSIS-652,사진 대조 재번역본,1169,"02:24:27,940 --> 02:24:29,760",1.82,내가 낼 테니까 괜찮지?,"연장비? 응, 연장 요금 낼 테니까.",응.,반말형,,,,,45.0,80.0,50.0,78.0,55.0,0.44091,0.0,38.0,0.0,0.0,0.2627,내가 매일 닦아줄 테니까…,그럼 내가 매일 닦아 줄게.,일본어 원문 대조 + 자연스러운 한국어 대사 교정,27.9,T4,구조검사 통과 시 유지,,53.92736486486487,38.83,P4,회귀검사 통과 시 유지
SSIS-652,사진 대조 재번역본,188,"00:23:27,700 --> 00:23:29,940",2.24,꽤 뜨거웠어요.,많이 마시고 싶어.,하하하.,반응형,,,,,45.0,80.0,50.0,78.0,55.0,0.44049,0.0,38.0,0.0,0.0,0.1688,이제 꽤 했으니 잠깐 쉬어요.,이제 꽤 했으니 잠깐 쉬자.,사진 장면 확인 및 한국어 번역투·ASR 오역 교정,27.88,T4,구조검사 통과 시 유지,,53.80067567567568,38.77,P4,회귀검사 통과 시 유지
SSIS-652,사진 대조 재번역본,870,"01:29:14,110 --> 01:29:25,190",11.08,네. 어? 어느 쪽이었지?,"네, 여기서 받을게요.","네, 고마워요. 배고파.",반응형,,,사진 장면 확인 및 한국어 번역투·ASR 오역 교정,높음,58.0,96.0,50.0,92.0,42.0,0.69025,20.46,22.0,0.0,0.0,0.8205,"네. 야호. 어? 아, 어느 쪽이었지?",네. 어? 어느 쪽이었지?,사진 장면 확인 및 한국어 번역투·ASR 오역 교정,27.87,T4,구조검사 통과 시 유지,,53.71621621621622,38.73,P4,회귀검사 통과 시 유지
SSIS-652,사진 대조 재번역본,762,"01:15:31,240 --> 01:15:31,640",0.4,고마워요.,이제 해도 돼요?,"네, 잠깐만요.",중립·혼합형,,,타임스탬프 사진과 앞뒤 장면으로 대사 기능 복원,중간,38.0,78.0,50.0,78.0,62.0,0.43012,0.0,38.0,0.0,0.0,0.4035,고마워.,손으로 잡아 줘.,일본어 원문 + 타임스탬프 사진 + 장면 연속성,27.86,T4,구조검사 통과 시 유지,,53.63175675675676,38.68,P4,회귀검사 통과 시 유지
SSIS-652,사진 대조 재번역본,656,"01:07:43,300 --> 01:07:44,820",1.52,가슴도 흔들리고.,아직 가면 안 돼.,"하아, 하아.",중립·혼합형,,,사진 장면 확인 및 한국어 번역투·ASR 오역 교정,높음,58.0,96.0,50.0,92.0,46.0,0.77103,0.0,22.0,0.0,0.0,0.3688,내 가슴도 내려가고.,가슴도 흔들리고.,사진 장면 확인 및 한국어 번역투·ASR 오역 교정,27.84,T4,구조검사 통과 시 유지,,53.547297297297305,38.64,P4,회귀검사 통과 시 유지
SSIS-652,사진 대조 재번역본,698,"01:10:44,810 --> 01:10:45,050",0.24,아직이에요.,"잠깐, 응?",지금.,반응형,,,,,45.0,80.0,50.0,78.0,55.0,0.27373,0.0,38.0,55.0,18.0,0.2307,다음은 앞쪽이에요.,다음은 이쪽이에요.,타임스탬프 사진과 앞뒤 장면으로 대사 기능 복원,27.82,T4,구조검사 통과 시 유지,formality_shift;high_cps,53.46283783783784,38.59,P4,회귀검사 통과 시 유지
SSIS-652,사진 대조 재번역본,79,"00:06:16,810 --> 00:06:17,130",0.32,대단해.,예쁘네요.,무서워.,반말형,,,,,45.0,80.0,50.0,78.0,55.0,0.25824,42.0,38.0,0.0,0.0,1.0,대단해.,기분 좋네.,일본어 원문 + 타임스탬프 사진 + 장면 연속성,27.79,T4,구조검사 통과 시 유지,,53.33614864864865,38.52,P4,회귀검사 통과 시 유지
SSIS-652,사진 대조 재번역본,931,"01:49:24,880 --> 01:49:25,760",0.88,빨리?,아아아아아아아아아아아아아아…,네.,중립·혼합형,,,,,45.0,80.0,50.0,78.0,55.0,0.4384,0.0,38.0,0.0,0.0,0.2176,빨리 핥아 봐.,빨리 핥아 줘.,화자 말투 자연화,27.79,T4,구조검사 통과 시 유지,,53.33614864864865,38.52,P4,회귀검사 통과 시 유지
SSIS-652,사진 대조 재번역본,1081,"02:16:30,980 --> 02:16:33,560",2.58,배고파.,오늘 죽을지도 몰라.,아침 먹을래?,중립·혼합형,,,,,45.0,80.0,50.0,78.0,55.0,0.43809,0.0,38.0,0.0,0.0,0.1889,배가 아파.,안쪽이 아파.,,27.78,T4,구조검사 통과 시 유지,,53.20945945945946,38.46,P4,회귀검사 통과 시 유지
SSIS-652,사진 대조 재번역본,140,"00:10:49,770 --> 00:10:50,670",0.9,"아, 괜찮죠.",복숭아 소스와 크림.,뜨거워!,반응형,,,,,45.0,80.0,50.0,78.0,55.0,0.43769,0.0,38.0,0.0,0.0,0.3324,"아, 아, 아, 아, 아, 아, 아,","아, 아, 아, 아, 아, 아, 아",,27.76,T4,구조검사 통과 시 유지,,53.125,38.41,P4,회귀검사 통과 시 유지
SSIS-652,사진 대조 재번역본,524,"00:56:37,750 --> 00:56:53,790",16.04,다른 옷으로 갈아입고 올게.,열심히 할게요.,코스프레 좋아하지?,반응형,,,사진 장면 확인 및 한국어 번역투·ASR 오역 교정,높음,58.0,96.0,50.0,92.0,42.0,0.77317,0.0,22.0,0.0,0.0,0.5663,평상복으로 갈아입고 올게.,다른 옷으로 갈아입고 올게.,사진 장면 확인 및 한국어 번역투·ASR 오역 교정,27.73,T4,구조검사 통과 시 유지,,53.04054054054054,38.36,P4,회귀검사 통과 시 유지
SSIS-652,사진 대조 재번역본,508,"00:55:52,330 --> 00:55:52,830",0.5,부족해.,괜찮아. 다시 하자.,다시.,반말형,,,,,45.0,80.0,50.0,78.0,55.0,0.43655,0.0,38.0,0.0,0.0,0.1377,부족하지 않았어.,아직 부족하지?,손상된 일본어 ASR + 타임스탬프 사진 + 앞뒤 문맥 추론,27.72,T4,구조검사 통과 시 유지,,52.95608108108109,38.32,P4,회귀검사 통과 시 유지
SSIS-652,사진 대조 재번역본,447,"00:50:46,680 --> 00:50:47,680",1.0,이거 쓰고 있어?,그러면서?,네. 쓰고 싶어서 지금 쓰고 있어요.,반응형,,,,,45.0,80.0,50.0,78.0,55.0,0.43648,0.0,38.0,0.0,0.0,0.5452,이거 가지고 있어?,이런 거 써 봤어?,,27.71,T4,구조검사 통과 시 유지,,52.87162162162162,38.28,P4,회귀검사 통과 시 유지
SSIS-652,사진 대조 재번역본,826,"01:24:40,760 --> 01:24:42,880",2.12,바로 갈까?,바로 가자.,조금 쉬자.,중립·혼합형,,,,,45.0,80.0,50.0,78.0,55.0,0.43594,0.0,38.0,0.0,0.0,0.2986,이제 바로 누워.,일단 바로 누워.,사진 장면 확인 및 한국어 번역투·ASR 오역 교정,27.69,T4,구조검사 통과 시 유지,,52.78716216216216,38.23,P4,회귀검사 통과 시 유지
SSIS-652,사진 대조 재번역본,327,"00:37:32,880 --> 00:37:34,240",1.36,아직 괜찮아?,"봐, 이제 일어나자.",이제부터 정해지는 거야?,반응형,,,,,45.0,80.0,50.0,78.0,55.0,0.43479,0.0,38.0,0.0,0.0,0.448,더 해줘도 돼? 더 해줘. 괜찮아?,더 해 줘도 돼? 더 해 줘. 괜찮아?,,27.64,T4,구조검사 통과 시 유지,,52.702702702702695,38.17,P4,회귀검사 통과 시 유지
SSIS-652,사진 대조 재번역본,123,"00:08:49,920 --> 00:08:51,260",1.34,한번 만져 보고 싶었어요.,하하하.,여기에도 있어.,반응형,,,사진 장면 확인 및 한국어 번역투·ASR 오역 교정,높음,58.0,96.0,50.0,92.0,42.0,0.68438,19.71,22.0,0.0,0.0,0.8143,몸을 만져 보고 싶었어요.,한번 만져 보고 싶었어요.,사진 장면 확인 및 한국어 번역투·ASR 오역 교정,27.6,T4,구조검사 통과 시 유지,,52.61824324324324,38.11,P4,회귀검사 통과 시 유지
SSIS-652,사진 대조 재번역본,174,"00:20:03,900 --> 00:20:04,400",0.5,"네, 놀랐어요.",깜짝 놀랐어요?,갑자기 여기서…,반응형,,,타임스탬프 사진과 앞뒤 장면으로 대사 기능 복원,중간,38.0,78.0,50.0,78.0,62.0,0.42351,0.0,38.0,0.0,0.0,0.3341,깜짝 놀랐어.,정말 놀랐어요.,타임스탬프 사진과 앞뒤 장면으로 대사 기능 복원,27.59,T4,구조검사 통과 시 유지,,52.53378378378378,38.07,P4,회귀검사 통과 시 유지
SSIS-652,사진 대조 재번역본,1006,"02:08:34,340 --> 02:08:34,920",0.58,장난이야.,후후후.,그건 어려워.,반말형,,,,,45.0,80.0,50.0,78.0,55.0,0.43341,0.0,38.0,0.0,0.0,0.1794,유두 말이야.,젖꼭지 말이야.,,27.58,T4,구조검사 통과 시 유지,,52.44932432432432,38.03,P4,회귀검사 통과 시 유지
SSIS-652,사진 대조 재번역본,312,"00:34:12,140 --> 00:34:13,340",1.2,대단하잖아.,대단해.,"여보, 맛있어?",반응형,,,,,45.0,80.0,50.0,78.0,55.0,0.43313,0.0,38.0,0.0,0.0,0.2978,당연하잖아.,당연히 가져왔지.,타임스탬프 사진과 앞뒤 장면으로 대사 기능 복원,27.57,T4,구조검사 통과 시 유지,,52.2804054054054,37.95,P4,회귀검사 통과 시 유지
SSIS-652,사진 대조 재번역본,715,"01:11:40,650 --> 01:11:40,910",0.26,영차.,네.,맛있어.,중립·혼합형,,,,,45.0,80.0,50.0,78.0,55.0,0.25304,42.0,38.0,0.0,0.0,1.0,영차.,자.,타임스탬프 사진과 앞뒤 장면으로 대사 기능 복원,27.57,T4,구조검사 통과 시 유지,,52.2804054054054,37.95,P4,회귀검사 통과 시 유지
SSIS-652,사진 대조 재번역본,938,"01:50:11,180 --> 01:50:11,840",0.66,빨개?,그런데 왜?,오른쪽이 안 되면 해야 해.,중립·혼합형,,,,,45.0,80.0,50.0,78.0,55.0,0.43319,0.0,38.0,0.0,0.0,0.0708,잘 빨아?,더 빨고 싶어?,일본어 원문 대조 + 자연스러운 한국어 대사 교정,27.57,T4,구조검사 통과 시 유지,,52.2804054054054,37.95,P4,회귀검사 통과 시 유지
SSIS-652,사진 대조 재번역본,917,"01:34:04,660 --> 01:34:37,140",32.48,무리예요.,"잠깐, 잠깐.","잠깐, 이제 정말 무리라니까요.",존댓말형,,,,,45.0,80.0,50.0,78.0,55.0,0.403,6.99,38.0,0.0,0.0,0.7083,"이제, 이제 무리예요.",이제 정말 무리예요.,사진 장면 확인 및 한국어 번역투·ASR 오역 교정,27.56,T4,구조검사 통과 시 유지,,52.11148648648649,37.87,P4,회귀검사 통과 시 유지
SSIS-652,사진 대조 재번역본,369,"00:42:18,520 --> 00:42:19,980",1.46,"에, 그래?",바보가 아니야?,"네, 부탁드립니다.",중립·혼합형,,,,,45.0,80.0,50.0,78.0,55.0,0.43268,0.0,38.0,0.0,0.0,0.4768,"음-, 왜 그래?",음… 왜 그래?,,27.55,T4,구조검사 통과 시 유지,,51.984797297297305,37.81,P4,회귀검사 통과 시 유지
SSIS-652,사진 대조 재번역본,438,"00:50:33,080 --> 00:50:34,260",1.18,이거 늘 써?,네.,네.,중립·혼합형,,,,,45.0,80.0,50.0,78.0,55.0,0.43265,0.0,38.0,0.0,0.0,0.2367,이거 가지고 있어?,이런 거 써 봤어?,,27.55,T4,구조검사 통과 시 유지,,51.984797297297305,37.81,P4,회귀검사 통과 시 유지
SSIS-652,사진 대조 재번역본,416,"00:48:20,860 --> 00:48:21,800",0.94,고개 숙여.,응.,네.,중립·혼합형,,,,,45.0,80.0,50.0,78.0,55.0,0.43238,0.0,38.0,0.0,0.0,0.3646,이 고개 숙인 얼굴.,고개 숙인 얼굴도 귀여워.,일본어 원문 대조 + 자연스러운 한국어 대사 교정,27.54,T4,구조검사 통과 시 유지,,51.858108108108105,37.75,P4,회귀검사 통과 시 유지
SSIS-652,사진 대조 재번역본,62,"00:04:41,900 --> 00:04:42,940",1.04,데려가고 싶어요.,"펭귄이 정말 귀엽지 않아요?
걷는 모습이 특히 귀여워요.",조금 걸어요.,반응형,,,,,45.0,80.0,50.0,78.0,55.0,0.43197,0.0,38.0,0.0,0.0,0.3517,기분 좋게 해 주고 싶어요.,제가 해 볼게요.,앞 블록과 중복된 문장 정리,27.52,T4,구조검사 통과 시 유지,,51.77364864864865,37.71,P4,회귀검사 통과 시 유지
SSIS-652,사진 대조 재번역본,789,"01:20:40,150 --> 01:20:42,290",2.14,대단하잖아.,이거 큰일인데?,씻어 낼까?,반응형,,,,,45.0,80.0,50.0,78.0,55.0,0.43053,0.0,38.0,0.0,0.0,0.2978,당연하잖아.,당연히 가져왔지.,타임스탬프 사진과 앞뒤 장면으로 대사 기능 복원,27.46,T4,구조검사 통과 시 유지,,51.689189189189186,37.64,P4,회귀검사 통과 시 유지
SSIS-652,사진 대조 재번역본,220,"00:26:00,620 --> 00:26:01,860",1.24,"술은 보통 정도예요, 아마.",술을 마셔.,"좋다고는 못 하겠지만, 그렇게 세진 않아.",반응형,,,사진 장면 확인 및 한국어 번역투·ASR 오역 교정,높음,58.0,96.0,50.0,92.0,42.0,0.72941,0.0,22.0,0.0,18.0,0.3568,"보통일 거야, 아마.","술은 보통 정도예요, 아마.",사진 장면 확인 및 한국어 번역투·ASR 오역 교정,27.44,T4,구조검사 통과 시 유지,formality_shift,51.604729729729726,37.59,P4,회귀검사 통과 시 유지
SSIS-652,사진 대조 재번역본,32,"00:02:09,400 --> 00:02:11,500",2.1,우선 작품을 구매해 주셔서 감사합니다.,하고 싶은 게 정말 많아요.,"제가 주도한 작품도 있었지만,
이번 작품은 분위기가 조금 달라요.",중립·혼합형,,,사진 장면 확인 및 한국어 번역투·ASR 오역 교정,높음,58.0,96.0,50.0,92.0,42.0,0.76177,0.0,22.0,0.0,0.0,0.5677,시청해 주셔서 감사합니다.,[불명],,27.38,T4,구조검사 통과 시 유지,,51.520270270270274,37.52,P4,회귀검사 통과 시 유지
SSIS-652,사진 대조 재번역본,488,"00:54:29,780 --> 00:54:30,760",0.98,너무 빨라.,너무 빨라.,죄송합니다.,중립·혼합형,,,,,45.0,80.0,50.0,78.0,55.0,0.4281,0.0,38.0,0.0,0.0,0.2296,"하아, 너무 기분 좋아...","하아, 너무 기분 좋아…",,27.36,T4,구조검사 통과 시 유지,,51.435810810810814,37.47,P4,회귀검사 통과 시 유지
SSIS-652,사진 대조 재번역본,204,"00:24:52,880 --> 00:24:56,420",3.54,다 그러면 큰일 나죠. 저는 안 가요.,AV 배우들은 다 호스트바에 가는 줄 알았어요.,미안해.,중립·혼합형,,,사진 장면 확인 및 한국어 번역투·ASR 오역 교정,높음,58.0,96.0,50.0,92.0,42.0,0.76059,0.0,22.0,0.0,0.0,0.3983,가요.,갈 것 같아요.,성인 장면 관용 표현 교정,27.35,T4,구조검사 통과 시 유지,,51.35135135135135,37.43,P4,회귀검사 통과 시 유지
SSIS-652,사진 대조 재번역본,286,"00:31:22,710 --> 00:31:25,510",2.8,안 마실게요.,"안 마시면, 안 마실게요.",안 마실게요.,중립·혼합형,,,,,45.0,80.0,50.0,78.0,55.0,0.42752,0.0,38.0,0.0,0.0,0.1323,안 돼.,"네, 놀랐어요.",타임스탬프 사진과 앞뒤 장면으로 대사 기능 복원,27.34,T4,구조검사 통과 시 유지,,51.22466216216216,37.37,P4,회귀검사 통과 시 유지
SSIS-652,사진 대조 재번역본,464,"00:52:24,440 --> 00:52:25,440",1.0,정말 대박이야.,"네, 기분 좋아요.",정말 대박이야.,반말형,,,,,45.0,80.0,50.0,78.0,55.0,0.42752,0.0,38.0,0.0,0.0,0.4949,이거 너무 기분 좋아. 여기 들어가서 진짜 대박이야.,안쪽까지 들어오니까 정말 좋아.,성인 장면의 부자연스러운 문장 교정,27.34,T4,구조검사 통과 시 유지,,51.22466216216216,37.37,P4,회귀검사 통과 시 유지
SSIS-652,사진 대조 재번역본,209,"00:25:08,800 --> 00:25:09,700",0.9,익숙하네.,오!,역시 익숙해.,반말형,,,,,45.0,80.0,50.0,78.0,55.0,0.4268,0.0,38.0,0.0,0.0,0.1793,야하네.,여긴 지저분하네.,화면 영문 자막 대조,27.31,T4,구조검사 통과 시 유지,,51.09797297297297,37.3,P4,회귀검사 통과 시 유지
SSIS-652,사진 대조 재번역본,110,"00:08:01,140 --> 00:08:01,540",0.4,"위, 위.",어라?,위에?,중립·혼합형,,,,,45.0,80.0,50.0,78.0,55.0,0.42659,0.0,38.0,0.0,0.0,0.0958,"아, 위험해.","아, 큰일 나.",,27.3,T4,구조검사 통과 시 유지,,51.01351351351351,37.26,P4,회귀검사 통과 시 유지
SSIS-652,사진 대조 재번역본,224,"00:26:16,800 --> 00:26:17,980",1.18,조금씩 마셔. 천천히.,"그건 뭐, 조금 먹으면서 마셔.",아직 전혀 안 취했네.,중립·혼합형,,,사진 장면 확인 및 한국어 번역투·ASR 오역 교정,높음,58.0,96.0,50.0,92.0,42.0,0.75813,0.0,22.0,0.0,0.0,0.5912,좀 더 천천히.,기억해 둘게.,일본어 원문 + 타임스탬프 사진 + 장면 연속성,27.27,T4,구조검사 통과 시 유지,,50.88682432432432,37.19,P4,회귀검사 통과 시 유지
SSIS-652,사진 대조 재번역본,255,"00:27:52,380 --> 00:27:54,600",2.22,붙잡으면 움직일 수가 없잖아.,소리 내니까 멈췄네.,여기가 제일 약해?,반응형,,,사진 장면 확인 및 한국어 번역투·ASR 오역 교정,높음,58.0,96.0,50.0,92.0,46.0,0.75227,0.0,22.0,0.0,0.0,0.3372,말할 리가 없잖아.,들킬 리가 없잖아.,앞뒤 대사 문맥 교정,27.27,T4,구조검사 통과 시 유지,,50.88682432432432,37.19,P4,회귀검사 통과 시 유지
SSIS-652,사진 대조 재번역본,769,"01:16:55,890 --> 01:16:56,810",0.92,오케이예요.,괜찮아.,정말?,존댓말형,,,,,45.0,80.0,50.0,78.0,55.0,0.39152,0.0,38.0,0.0,18.0,0.1881,"음, 오케이. 됐어, 소요. 잠깐 이리 와.","됐어. 후아, 잠깐 이리 와.",사진 장면 확인 및 한국어 번역투·ASR 오역 교정,27.26,T4,구조검사 통과 시 유지,formality_shift,50.7179054054054,37.11,P4,회귀검사 통과 시 유지
SSIS-652,사진 대조 재번역본,1031,"02:11:29,170 --> 02:11:34,710",5.54,"이거, 이거, 너.",아.,네.,중립·혼합형,,,,,45.0,80.0,50.0,78.0,55.0,0.40534,4.76,38.0,0.0,0.0,0.6897,"이거, 이거, 이거, 그거, 이거, 그 정도, 그 정도...","이거, 이거, 이거, 그거, 이거, 그 정도, 그 정도…",,27.26,T4,구조검사 통과 시 유지,,50.7179054054054,37.11,P4,회귀검사 통과 시 유지
SSIS-652,사진 대조 재번역본,207,"00:25:04,560 --> 00:25:05,340",0.78,열게요.,감사합니다.,오!,중립·혼합형,,,,,45.0,80.0,50.0,78.0,55.0,0.42515,0.0,38.0,0.0,0.0,0.1417,다음엔 열심히 할게요.,다음엔 더 열심히 할게요.,사진 장면 확인 및 한국어 번역투·ASR 오역 교정,27.24,T4,구조검사 통과 시 유지,,50.54898648648649,37.03,P4,회귀검사 통과 시 유지
SSIS-652,사진 대조 재번역본,274,"00:30:13,090 --> 00:30:29,480",16.39,이제 꽤 했으니 잠깐 쉬자.,아까부터 계속 생각하고 있어…,만져도 돼?,반응형,,,사진 장면 확인 및 한국어 번역투·ASR 오역 교정,높음,58.0,96.0,50.0,92.0,42.0,0.72623,7.17,22.0,0.0,0.0,0.7097,이제 꽤 했으니 잠깐 쉬어요.,이제 꽤 했으니 잠깐 쉬자.,사진 장면 확인 및 한국어 번역투·ASR 오역 교정,27.24,T4,구조검사 통과 시 유지,,50.54898648648649,37.03,P4,회귀검사 통과 시 유지
SSIS-652,사진 대조 재번역본,1100,"02:17:52,930 --> 02:17:54,030",1.1,"네, 단백질.",좋아하는 그거. 제일 자주 먹는 거.,"어, 잘 모르겠어.",반말형,,,,,45.0,80.0,50.0,78.0,55.0,0.42502,0.0,38.0,0.0,0.0,0.3081,"네, 네.",네.,불필요한 반복 제거,27.23,T4,구조검사 통과 시 유지,,50.422297297297305,36.97,P4,회귀검사 통과 시 유지
SSIS-652,사진 대조 재번역본,473,"00:53:48,840 --> 00:53:51,960",3.12,가까워지면 기다려 줘…,"앗, 가, 갈 것 같아.",움직이고 있지?,반말형,,,,,45.0,80.0,50.0,78.0,55.0,0.42471,0.0,38.0,0.0,0.0,0.327,기다려 주세요...,기다려 주세요…,,27.22,T4,구조검사 통과 시 유지,,50.33783783783784,36.93,P4,회귀검사 통과 시 유지
SSIS-652,사진 대조 재번역본,1048,"02:13:19,680 --> 02:13:21,080",1.4,"괜찮아요, 괜찮아요.","오, 기분 좋네.",괜찮아요.,반응형,,,,,45.0,80.0,50.0,78.0,55.0,0.42461,0.0,38.0,0.0,0.0,0.6011,말해도 괜찮아요.,"괜찮아, 계속해.",일본어 원문 대조 + 자연스러운 한국어 대사 교정,27.21,T4,구조검사 통과 시 유지,,50.25337837837838,36.89,P4,회귀검사 통과 시 유지
SSIS-652,사진 대조 재번역본,863,"01:28:19,610 --> 01:28:20,830",1.22,사이다도 있어.,내일 아침은 배달을 시킬 수 있어.,슉!,반응형,,,,,45.0,80.0,50.0,78.0,55.0,0.42348,0.0,38.0,0.0,0.0,0.2706,뒤에 있어.,뒤쪽도 보여 줘.,일본어 원문 대조 + 자연스러운 한국어 대사 교정,27.17,T4,구조검사 통과 시 유지,,50.16891891891891,36.83,P4,회귀검사 통과 시 유지
SSIS-652,사진 대조 재번역본,1156,"02:23:48,000 --> 02:23:48,980",0.98,못 먹겠어?,맛있어.,못 먹겠어?,반응형,,,,,45.0,80.0,50.0,78.0,55.0,0.42304,0.0,38.0,0.0,0.0,0.3763,못 울겠어?,목이 막혀?,사진 장면 확인 및 한국어 번역투·ASR 오역 교정,27.15,T4,구조검사 통과 시 유지,,50.08445945945946,36.78,P4,회귀검사 통과 시 유지
SSIS-652,사진 대조 재번역본,893,"01:32:00,720 --> 01:32:04,500",3.78,이제 자자. 불도 조금 어둡게 해 줘.,"조금만, 이리 와.",불 좀 바꿔 줘. 네.,반말형,,,사진 장면 확인 및 한국어 번역투·ASR 오역 교정,높음,58.0,96.0,50.0,92.0,42.0,0.75384,0.0,22.0,0.0,0.0,0.2524,좀 더 해 줘.,보여?,일본어 원문 + 타임스탬프 사진 + 장면 연속성,27.14,T4,구조검사 통과 시 유지,,50.0,36.74,P4,회귀검사 통과 시 유지
SSIS-652,사진 대조 재번역본,386,"00:43:44,580 --> 00:43:45,600",1.02,부드럽네.,흔들려?,어느 정도로 느껴져?,반말형,,,,,45.0,80.0,50.0,78.0,55.0,0.42099,0.0,38.0,0.0,0.0,0.2797,부드럽게...,부드럽게…,,27.06,T4,구조검사 통과 시 유지,,49.873310810810814,36.64,P4,회귀검사 통과 시 유지
SSIS-652,사진 대조 재번역본,1005,"02:08:18,040 --> 02:08:30,900",12.86,후후후.,후후후후.,장난이야.,중립·혼합형,,,,,45.0,80.0,50.0,78.0,55.0,0.42098,0.0,38.0,0.0,0.0,0.3632,"후후후, 어서 와.","후후후, 차가워!",손상된 일본어 ASR + 타임스탬프 사진 + 앞뒤 문맥 추론,27.06,T4,구조검사 통과 시 유지,,49.873310810810814,36.64,P4,회귀검사 통과 시 유지
SSIS-652,사진 대조 재번역본,1049,"02:13:25,740 --> 02:13:27,180",1.44,괜찮아요.,"괜찮아요, 괜찮아요.",조금씩 더 깊이 해 볼게.,반응형,,,,,45.0,80.0,50.0,78.0,55.0,0.37722,9.87,38.0,0.0,0.0,0.7322,말해도 괜찮아요.,"괜찮아, 계속해.",일본어 원문 대조 + 자연스러운 한국어 대사 교정,27.0,T4,구조검사 통과 시 유지,,49.74662162162162,36.55,P4,회귀검사 통과 시 유지
SSIS-652,사진 대조 재번역본,192,"00:23:50,350 --> 00:23:52,190",1.84,샴페인 아니야?,샴페인 마시고 있어요.,이거 샴페인이에요?,반응형,,,,,45.0,80.0,50.0,78.0,55.0,0.3848,0.0,38.0,0.0,18.0,0.5458,온천 아니야?,뭔가…,일본어 원문 + 타임스탬프 사진 + 장면 연속성,26.98,T4,구조검사 통과 시 유지,formality_shift,49.66216216216216,36.51,P4,회귀검사 통과 시 유지
SSIS-652,사진 대조 재번역본,693,"01:10:40,430 --> 01:10:40,830",0.4,"잠깐, 잠깐.",괜찮아.,일단 바로 누워.,반응형,,,,,45.0,80.0,50.0,78.0,55.0,0.41847,0.0,38.0,0.0,0.0,0.4464,"잠깐, 잠깐만 쉬게 해 주세요.","잠깐, 잠깐만… 그만해.",장면과 충돌한 표현 교정,26.96,T4,구조검사 통과 시 유지,,49.5777027027027,36.46,P4,회귀검사 통과 시 유지
SSIS-652,사진 대조 재번역본,730,"01:12:16,360 --> 01:12:16,440",0.08,아하하하.,아하.,아하하하.,반응형,,,,,45.0,80.0,50.0,78.0,55.0,0.25098,0.0,38.0,70.0,0.0,0.0362,"아, 아, 아, 아, 아, 아, 아,","아, 아, 아, 아, 아, 아, 아",,26.92,T4,구조검사 통과 시 유지,high_cps,49.49324324324324,36.4,P4,회귀검사 통과 시 유지
SSIS-652,사진 대조 재번역본,350,"00:41:22,660 --> 00:41:23,860",1.2,몇 컵이에요?,커?,이건 F컵이에요.,존댓말형,,,,,45.0,80.0,50.0,78.0,55.0,0.41745,0.0,38.0,0.0,0.0,0.4835,몇 명이에요?,몇 명이랑 했어요?,일본어 원문 대조 + 자연스러운 한국어 대사 교정,26.91,T4,구조검사 통과 시 유지,,49.40878378378378,36.36,P4,회귀검사 통과 시 유지
SSIS-652,사진 대조 재번역본,275,"00:30:38,380 --> 00:30:39,160",0.78,만져도 돼?,이제 꽤 했으니 잠깐 쉬자.,아!,중립·혼합형,,,,,45.0,80.0,50.0,78.0,55.0,0.41705,0.0,38.0,0.0,0.0,0.2737,더 해줘도 돼?,더 해 줘도 돼?,,26.9,T4,구조검사 통과 시 유지,,49.32432432432432,36.32,P4,회귀검사 통과 시 유지
SSIS-652,사진 대조 재번역본,22,"00:01:43,620 --> 00:01:45,580",1.96,첫 경험은 고등학교 2학년 때였어요.,"이상형은 다정하고 재미있고,
제 이야기를 잘 들어주는 사람이에요.",어디서 했나요?,중립·혼합형,,,사진 장면 확인 및 한국어 번역투·ASR 오역 교정,높음,58.0,96.0,50.0,92.0,42.0,0.74533,0.0,22.0,0.0,0.0,0.6296,고등학교 2학년 때요.,첫 경험은 고등학교 2학년 때였어요.,사진 장면 확인 및 한국어 번역투·ASR 오역 교정,26.89,T4,구조검사 통과 시 유지,,49.23986486486486,36.28,P4,회귀검사 통과 시 유지
SSIS-652,사진 대조 재번역본,955,"02:03:06,130 --> 02:03:07,030",0.9,위험해.,"나, 몸이 무거워.",위험해.,반말형,,,,,45.0,80.0,50.0,78.0,55.0,0.23651,42.0,38.0,0.0,0.0,1.0,위험해.,큰일 나.,,26.87,T4,구조검사 통과 시 유지,,49.1554054054054,36.23,P4,회귀검사 통과 시 유지
SSIS-652,사진 대조 재번역본,568,"00:59:51,430 --> 00:59:52,670",1.24,너무 맛있어요.,정말 맛있어요.,빨리 콘돔 꺼내.,반응형,,,,,45.0,80.0,50.0,78.0,55.0,0.41613,0.0,38.0,0.0,0.0,0.3954,보지 너무 맛있어~,보지 너무 맛있어…,,26.86,T4,구조검사 통과 시 유지,,49.07094594594595,36.19,P4,회귀검사 통과 시 유지
SSIS-652,사진 대조 재번역본,151,"00:11:37,860 --> 00:11:38,880",1.02,그다음은.,딸기라니.,멜론.,중립·혼합형,,,,,45.0,80.0,50.0,78.0,55.0,0.4157,0.0,38.0,0.0,0.0,0.2635,"그다음에는, 그다음에는…",그리고 또 어디 갔어?,손상된 일본어 ASR + 타임스탬프 사진 + 앞뒤 문맥 추론,26.84,T4,구조검사 통과 시 유지,,48.94425675675676,36.12,P4,회귀검사 통과 시 유지
SSIS-652,사진 대조 재번역본,563,"00:59:17,500 --> 00:59:18,760",1.26,침 주세요.,많이 받고 싶어요.,침 주세요.,존댓말형,,,,,45.0,80.0,50.0,78.0,55.0,0.41563,0.0,38.0,0.0,0.0,0.6051,쉬어 주세요.,잠깐 쉬게 해 주세요.,사진 장면 확인 및 한국어 번역투·ASR 오역 교정,26.84,T4,구조검사 통과 시 유지,,48.94425675675676,36.12,P4,회귀검사 통과 시 유지
SSIS-652,사진 대조 재번역본,725,"01:12:00,230 --> 01:12:01,670",1.44,이렇게도 할 수 있네.,응.,잠깐만.,반말형,,,사진 장면 확인 및 한국어 번역투·ASR 오역 교정,높음,58.0,96.0,50.0,92.0,42.0,0.74338,0.0,22.0,0.0,0.0,0.3082,제대로 돼 있네.,제대로 가려지네.,일본어 원문 대조 + 자연스러운 한국어 대사 교정,26.83,T4,구조검사 통과 시 유지,,48.817567567567565,36.06,P4,회귀검사 통과 시 유지
SSIS-652,사진 대조 재번역본,553,"00:58:38,300 --> 00:58:39,140",0.84,좋지 않아?,왜요?,이거.,반응형,,,,,45.0,80.0,50.0,78.0,55.0,0.41482,0.0,38.0,0.0,0.0,0.4867,좋지 않아...,좋지 않아…,,26.8,T4,구조검사 통과 시 유지,,48.733108108108105,36.01,P4,회귀검사 통과 시 유지
SSIS-652,사진 대조 재번역본,54,"00:03:55,560 --> 00:03:56,240",0.68,기대됩니다.,그래도 기대돼요.,다시 보니 몸매가 정말 대단해요!,중립·혼합형,,,,,45.0,80.0,50.0,78.0,55.0,0.41375,0.0,38.0,0.0,0.0,0.1044,좋습니다.,좋아요.,,26.76,T4,구조검사 통과 시 유지,,48.60641891891892,35.94,P4,회귀검사 통과 시 유지
SSIS-652,사진 대조 재번역본,854,"01:27:21,160 --> 01:27:25,520",4.36,과자도 먹을 거지.,과자랑 음료랑 밥?,밥도 먹을 거지.,반말형,,,,,45.0,80.0,50.0,78.0,55.0,0.41391,0.0,38.0,0.0,0.0,0.508,잘 거지.,갈 수 있어.,사진 장면 확인 및 한국어 번역투·ASR 오역 교정,26.76,T4,구조검사 통과 시 유지,,48.60641891891892,35.94,P4,회귀검사 통과 시 유지
SSIS-652,사진 대조 재번역본,1065,"02:14:32,990 --> 02:14:36,010",3.02,"아아, 갈 것 같아.",갈 것 같아?,아!,반응형,,,,,45.0,80.0,50.0,78.0,55.0,0.29723,27.17,38.0,0.0,0.0,0.8764,"아아, 같아.",갈 것 같아.,,26.75,T4,구조검사 통과 시 유지,,48.47972972972973,35.88,P4,회귀검사 통과 시 유지
SSIS-652,사진 대조 재번역본,606,"01:03:38,560 --> 01:03:40,180",1.62,계속 핥아 줬으면 해요.,그대로 핥아 주면 기분 좋아요.,음.,반응형,,,사진 장면 확인 및 한국어 번역투·ASR 오역 교정,높음,58.0,96.0,50.0,92.0,46.0,0.73456,0.0,22.0,0.0,0.0,0.3744,기억해 줬으면 해?,"여기, 기억해 줬으면 해요.",사진 장면 확인 및 한국어 번역투·ASR 오역 교정,26.73,T4,구조검사 통과 시 유지,,48.39527027027027,35.83,P4,회귀검사 통과 시 유지
SSIS-652,사진 대조 재번역본,398,"00:45:20,700 --> 00:45:21,700",1.0,아프려나?,"그럼, 좋아!",먹을게요.,반응형,,,,,45.0,80.0,50.0,78.0,55.0,0.4124,0.0,38.0,0.0,0.0,0.2139,괜찮으려나? 왜? 잘 닦이고 있나?,괜찮으려나? 왜? 잘 닦이고 있어?,일본어 원문 대조 + 자연스러운 한국어 대사 교정,26.7,T4,구조검사 통과 시 유지,,48.310810810810814,35.78,P4,회귀검사 통과 시 유지
SSIS-652,사진 대조 재번역본,887,"01:31:28,820 --> 01:31:29,420",0.6,그러자.,잘래?,졸리구나.,중립·혼합형,,,,,45.0,80.0,50.0,78.0,55.0,0.41147,0.0,38.0,0.0,0.0,0.1807,"그러자 괄약근도 조여지는 모양인지,",그러자 괄약근도 조여지는 모양인지,,26.66,T4,구조검사 통과 시 유지,,48.22635135135135,35.72,P4,회귀검사 통과 시 유지
SSIS-652,사진 대조 재번역본,466,"00:52:26,600 --> 00:52:27,040",0.44,정말 대박이야.,정말 대박이야.,죄송해요.,반말형,,,,,45.0,80.0,50.0,78.0,55.0,0.411,0.0,38.0,0.0,0.0,0.4949,이거 너무 기분 좋아. 여기 들어가서 진짜 대박이야.,안쪽까지 들어오니까 정말 좋아.,성인 장면의 부자연스러운 문장 교정,26.64,T4,구조검사 통과 시 유지,,48.141891891891895,35.67,P4,회귀검사 통과 시 유지
SSIS-652,사진 대조 재번역본,443,"00:50:40,920 --> 00:50:41,260",0.34,엄청.,엄청 많이 썼다고 적혀 있네.,이거 쓰는 거야?,중립·혼합형,,,,,45.0,80.0,50.0,78.0,55.0,0.41041,0.0,38.0,0.0,0.0,0.4555,엄청...,엄청…,,26.62,T4,구조검사 통과 시 유지,,48.057432432432435,35.62,P4,회귀검사 통과 시 유지
SSIS-652,사진 대조 재번역본,158,"00:11:50,510 --> 00:11:51,590",1.08,푸딩 말이지.,푸딩.,좋잖아.,반말형,,,,,45.0,80.0,50.0,78.0,55.0,0.40963,0.0,38.0,0.0,0.0,0.4367,푸딩 팝?,푸딩도 살까?,사진 장면 확인 및 한국어 번역투·ASR 오역 교정,26.58,T4,구조검사 통과 시 유지,,47.97297297297297,35.57,P4,회귀검사 통과 시 유지
SSIS-652,사진 대조 재번역본,1027,"02:11:20,570 --> 02:11:21,710",1.14,조금 더.,찍고 있잖아.,"응, 응, 응, 응.",중립·혼합형,,,,,45.0,80.0,50.0,78.0,55.0,0.40858,0.0,38.0,0.0,0.0,0.3328,조금만 더...,조금만 더…,,26.54,T4,구조검사 통과 시 유지,,47.888513513513516,35.51,P4,회귀검사 통과 시 유지
SSIS-652,사진 대조 재번역본,620,"01:04:14,300 --> 01:04:14,340",0.04,뭐?,뭐?,뭐?,중립·혼합형,,,,,45.0,80.0,50.0,78.0,55.0,0.18435,0.0,38.0,70.0,30.0,0.3242,뭐? 아침에 졸려? 하고 바로…,뭐? 아침부터 졸리다고 해 놓고…,사진 장면 확인 및 한국어 번역투·ASR 오역 교정,26.52,T4,구조검사 통과 시 유지,high_cps;triple_identical_run,47.80405405405405,35.46,P4,회귀검사 통과 시 유지
SSIS-652,사진 대조 재번역본,468,"00:52:31,360 --> 00:52:32,560",1.2,이 자세로.,죄송해요.,빨라? 빠른 게 좋지 않아?,중립·혼합형,,,,,45.0,80.0,50.0,78.0,55.0,0.40779,0.0,38.0,0.0,0.0,0.5641,그 자세로...,그 자세로…,,26.51,T4,구조검사 통과 시 유지,,47.7195945945946,35.42,P4,회귀검사 통과 시 유지
SSIS-652,사진 대조 재번역본,778,"01:19:35,690 --> 01:19:36,730",1.04,갈 것 같아?,아래쪽이 기분 좋았어.,아직 갈 수 있지?,반응형,,,,,45.0,80.0,50.0,78.0,55.0,0.40695,0.0,38.0,0.0,0.0,0.624,싸버릴 것 같아?,싸 버릴 것 같아?,,26.47,T4,구조검사 통과 시 유지,,47.63513513513514,35.36,P4,회귀검사 통과 시 유지
SSIS-652,사진 대조 재번역본,150,"00:11:35,780 --> 00:11:36,480",0.7,딸기라니.,딸기.,그다음은.,중립·혼합형,,,,,45.0,80.0,50.0,78.0,55.0,0.40672,0.0,38.0,0.0,0.0,0.1324,조금만이라니...,조금만이라니…,,26.46,T4,구조검사 통과 시 유지,,47.50844594594595,35.3,P4,회귀검사 통과 시 유지
SSIS-652,사진 대조 재번역본,586,"01:01:38,390 --> 01:01:39,590",1.2,"여기, 기억해 줬으면 해요.",전부요. 위쪽도 아래쪽도.,여기? 여기가 좋아?,반응형,,,사진 장면 확인 및 한국어 번역투·ASR 오역 교정,높음,58.0,96.0,50.0,92.0,42.0,0.7068,5.69,22.0,0.0,0.0,0.6974,기억해 줬으면 해?,"여기, 기억해 줬으면 해요.",사진 장면 확인 및 한국어 번역투·ASR 오역 교정,26.46,T4,구조검사 통과 시 유지,,47.50844594594595,35.3,P4,회귀검사 통과 시 유지
SSIS-652,사진 대조 재번역본,997,"02:07:40,500 --> 02:07:41,660",1.16,자.,그럼 같이 닦자.,치약도 있어.,중립·혼합형,,,타임스탬프 사진과 앞뒤 장면으로 대사 기능 복원,중간,38.0,78.0,50.0,78.0,62.0,0.29962,22.58,38.0,0.0,0.0,0.8381,잘 자.,조금만 천천히…,타임스탬프 사진으로 장면 불일치 확인 후 재복원,26.45,T4,구조검사 통과 시 유지,,47.33952702702703,35.22,P4,회귀검사 통과 시 유지
SSIS-652,사진 대조 재번역본,1082,"02:16:37,920 --> 02:16:39,960",2.04,아침 먹을래?,배고파.,아침?,반응형,,,,,45.0,80.0,50.0,78.0,55.0,0.40642,0.0,38.0,0.0,0.0,0.1736,더 보지 소리 들려주지 않을래?,더 좋은 소리 들려주지 않을래?,타임스탬프 사진과 장면 흐름으로 명백한 오인식 교정,26.45,T4,구조검사 통과 시 유지,,47.33952702702703,35.22,P4,회귀검사 통과 시 유지
SSIS-652,사진 대조 재번역본,269,"00:28:59,150 --> 00:29:01,390",2.24,빨라.,섰어.,뭔가 나올 것 같아?,중립·혼합형,,,,,45.0,80.0,50.0,78.0,55.0,0.40622,0.0,38.0,0.0,0.0,0.1394,왕복 속도가 점점 빨라졌다.,움직임이 점점 빨라졌다.,,26.44,T4,구조검사 통과 시 유지,,47.21283783783784,35.16,P4,회귀검사 통과 시 유지
SSIS-652,사진 대조 재번역본,196,"00:24:04,480 --> 00:24:07,200",2.72,평소에도 샴페인을 마셔 봐서 알아요.,이거 마셔 보고 싶었어요.,"가끔 마셔요. 의외죠?
집에서 혼자 마실 때도 있어요.",반응형,,,사진 장면 확인 및 한국어 번역투·ASR 오역 교정,높음,58.0,96.0,50.0,92.0,42.0,0.63749,21.66,22.0,0.0,0.0,0.8305,평소에도 샴페인을 마셔서 알아요.,평소에도 샴페인을 마셔 봐서 알아요.,사진 장면 확인 및 한국어 번역투·ASR 오역 교정,26.43,T4,구조검사 통과 시 유지,,47.12837837837838,35.12,P4,회귀검사 통과 시 유지
SSIS-652,사진 대조 재번역본,588,"01:02:08,890 --> 01:02:10,230",1.34,기분 좋아?,여기? 여기가 좋아?,기분 좋아?,반응형,,,,,45.0,80.0,50.0,78.0,55.0,0.40547,0.0,38.0,0.0,0.0,0.5975,"아, 거기... 기분 좋아?","아, 거기… 기분 좋아?",,26.41,T4,구조검사 통과 시 유지,,47.04391891891892,35.08,P4,회귀검사 통과 시 유지
SSIS-652,사진 대조 재번역본,329,"00:38:12,140 --> 00:38:17,980",5.84,한 번 가 버리면 더는 못 참겠어요.,이제부터 정해지는 거야?,못 참으면 계속 가 버리니까.,중립·혼합형,,,사진 장면 확인 및 한국어 번역투·ASR 오역 교정,높음,58.0,96.0,50.0,92.0,42.0,0.72813,0.0,22.0,0.0,0.0,0.2423,"네, 한 번 하나가 되면 더는 참을 수 없어서.",한 번 가 버리면 더는 못 참겠어요.,사진 장면 확인 및 한국어 번역투·ASR 오역 교정,26.37,T4,구조검사 통과 시 유지,,46.95945945945946,35.02,P4,회귀검사 통과 시 유지
SSIS-652,사진 대조 재번역본,85,"00:06:49,700 --> 00:06:50,880",1.18,계속 보고 있으면 빠져들 것 같아.,역시 가까이서 보니까 좋네요.,들켰다.,중립·혼합형,,,사진 장면 확인 및 한국어 번역투·ASR 오역 교정,높음,58.0,96.0,50.0,92.0,42.0,0.72786,0.0,22.0,0.0,0.0,0.3634,갈 것 같아.,진짜 갈 것 같아.,일본어 원문 대조 + 자연스러운 한국어 대사 교정,26.36,T4,구조검사 통과 시 유지,,46.83277027027027,34.96,P4,회귀검사 통과 시 유지
SSIS-652,사진 대조 재번역본,680,"01:10:09,050 --> 01:10:09,850",0.8,그건 싫어요.,가 버릴 거야. 그래도 돼?,느려?,반응형,,,,,45.0,80.0,50.0,78.0,55.0,0.4042,0.0,38.0,0.0,0.0,0.3789,그건 안 돼.,여기로 와.,일본어 원문 + 타임스탬프 사진 + 장면 연속성,26.36,T4,구조검사 통과 시 유지,,46.83277027027027,34.96,P4,회귀검사 통과 시 유지
SSIS-652,사진 대조 재번역본,645,"01:06:16,120 --> 01:06:16,960",0.84,자세 바꿔 줘.,그래도 그렇게 무겁진 않잖아.,허리를 세워.,중립·혼합형,,,사진 장면 확인 및 한국어 번역투·ASR 오역 교정,높음,58.0,96.0,50.0,92.0,42.0,0.72753,0.0,22.0,0.0,0.0,0.4216,"아, 바꿔 주세요.",후와 카에데입니다.,사진 장면 확인 및 한국어 번역투·ASR 오역 교정,26.35,T4,구조검사 통과 시 유지,,46.70608108108108,34.9,P4,회귀검사 통과 시 유지
SSIS-652,사진 대조 재번역본,915,"01:33:56,580 --> 01:34:00,080",3.5,"잠깐, 저기…",뭐야…,"잠깐, 잠깐.",반응형,,,,,45.0,80.0,50.0,78.0,55.0,0.40387,0.0,38.0,0.0,0.0,0.3403,"잠깐, 어때요?","잠깐, 괜찮아요?",사진 장면 확인 및 한국어 번역투·ASR 오역 교정,26.34,T4,구조검사 통과 시 유지,,46.62162162162162,34.86,P4,회귀검사 통과 시 유지
SSIS-652,사진 대조 재번역본,135,"00:10:03,500 --> 00:10:03,800",0.3,응?,한번 아이스크림이나 음료를 사러 갈게요.,일단 내려가 볼게요.,반응형,,,,,45.0,80.0,50.0,78.0,55.0,0.40368,0.0,38.0,0.0,0.0,0.4417,응? 잠깐 기다려…,응? 잠깐만…,일본어 원문 대조 + 자연스러운 한국어 대사 교정,26.33,T4,구조검사 통과 시 유지,,46.53716216216216,34.82,P4,회귀검사 통과 시 유지
SSIS-652,사진 대조 재번역본,400,"00:46:51,530 --> 00:46:52,090",0.56,먹고 싶어?,먹을게요.,아파.,반응형,,,,,45.0,80.0,50.0,78.0,55.0,0.40318,0.0,38.0,0.0,0.0,0.5575,잘 빨고 싶어?,계속 빨고 싶어?,일본어 원문 대조 + 자연스러운 한국어 대사 교정,26.31,T4,구조검사 통과 시 유지,,46.4527027027027,34.77,P4,회귀검사 통과 시 유지
SSIS-652,사진 대조 재번역본,226,"00:26:24,400 --> 00:26:25,520",1.12,여유롭네. 대단하다.,아직 전혀 안 취했네.,등이 파여 있어.,반말형,,,,,45.0,80.0,50.0,78.0,55.0,0.40274,0.0,38.0,0.0,0.0,0.2096,대단하네.,땀이 엄청나네.,손상된 일본어 ASR + 타임스탬프 사진 + 앞뒤 문맥 추론,26.3,T4,구조검사 통과 시 유지,,46.36824324324324,34.73,P4,회귀검사 통과 시 유지
SSIS-652,사진 대조 재번역본,155,"00:11:48,230 --> 00:11:48,630",0.4,단 거 좋아해?,단 거 좋아해?,달다.,반응형,,,,,45.0,80.0,50.0,78.0,55.0,0.39004,2.74,38.0,0.0,0.0,0.6729,유두 좋아해?,젖꼭지 좋아해?,,26.26,T4,구조검사 통과 시 유지,,46.24155405405405,34.65,P4,회귀검사 통과 시 유지
SSIS-652,사진 대조 재번역본,248,"00:27:39,230 --> 00:27:40,670",1.44,기분 좋았지?,간지러워?,응.,반말형,,,,,45.0,80.0,50.0,78.0,55.0,0.40199,0.0,38.0,0.0,0.0,0.3036,기분 좋지?,흥분되면 말해 봐.,화면 영문 자막 대조,26.26,T4,구조검사 통과 시 유지,,46.24155405405405,34.65,P4,회귀검사 통과 시 유지
SSIS-652,사진 대조 재번역본,377,"00:42:49,960 --> 00:42:50,740",0.78,제대로 만질 거야?,제대로 만질게.,기분 좋게.,반말형,,,,,45.0,80.0,50.0,78.0,55.0,0.40143,0.0,38.0,0.0,0.0,0.4046,제대로 돼 있네.,제대로 가려지네.,일본어 원문 대조 + 자연스러운 한국어 대사 교정,26.24,T4,구조검사 통과 시 유지,,46.11486486486486,34.59,P4,회귀검사 통과 시 유지
SSIS-652,사진 대조 재번역본,359,"00:41:57,000 --> 00:41:57,220",0.22,바보야?,바보야?,바보야?,반말형,,,,,45.0,80.0,50.0,78.0,55.0,0.28443,0.0,38.0,25.0,30.0,0.0808,핥아주길 바라는 거야?,핥아 주길 바라는 거야?,,26.23,T4,구조검사 통과 시 유지,borderline_cps;triple_identical_run,46.0304054054054,34.55,P4,회귀검사 통과 시 유지
SSIS-652,사진 대조 재번역본,3,"00:00:14,900 --> 00:00:15,400",0.5,처음 뵙겠습니다.,수고하셨습니다.,성함을 여쭤봐도 될까요?,존댓말형,,,,,45.0,80.0,50.0,78.0,55.0,0.40092,0.0,38.0,0.0,0.0,0.3417,가 보겠습니다.,그럼 가 볼게요.,대화체 자연화,26.22,T4,구조검사 통과 시 유지,,45.94594594594595,34.5,P4,회귀검사 통과 시 유지
SSIS-652,사진 대조 재번역본,338,"00:40:15,940 --> 00:40:16,900",0.96,유키 씨?,왜 그래?,"너무 빠르지 않아?
아까도 한 번 갔잖아.",중립·혼합형,,,,,45.0,80.0,50.0,78.0,55.0,0.40065,0.0,38.0,0.0,0.0,0.2685,뭐든 괜찮지만… 후와 씨?,뭐든 괜찮지만… 후우아 씨라고 부를까요?,출연자 이름 오인식 교정,26.21,T4,구조검사 통과 시 유지,,45.861486486486484,34.46,P4,회귀검사 통과 시 유지
SSIS-652,사진 대조 재번역본,711,"01:11:31,750 --> 01:11:33,750",2.0,"체력이 약하네, 정말.","잠깐, 정말 잠깐만 일단 쉬어요.",다음엔 더 열심히 할게요.,반말형,,,사진 장면 확인 및 한국어 번역투·ASR 오역 교정,높음,58.0,96.0,50.0,92.0,42.0,0.72244,0.0,22.0,0.0,0.0,0.4507,정말.,정말…,일본어 원문 대조 + 자연스러운 한국어 대사 교정,26.2,T4,구조검사 통과 시 유지,,45.77702702702703,34.42,P4,회귀검사 통과 시 유지
SSIS-652,사진 대조 재번역본,583,"01:01:18,990 --> 01:01:20,670",1.68,기분 좋아?,씌울게.,어디가 기분 좋아?,반응형,,,,,45.0,80.0,50.0,78.0,55.0,0.40004,0.0,38.0,0.0,0.0,0.5975,"아, 거기... 기분 좋아?","아, 거기… 기분 좋아?",,26.18,T4,구조검사 통과 시 유지,,45.692567567567565,34.38,P4,회귀검사 통과 시 유지
SSIS-652,사진 대조 재번역본,888,"01:31:30,160 --> 01:31:30,920",0.76,졸리구나.,그러자.,자러 갈까?,중립·혼합형,,,,,45.0,80.0,50.0,78.0,55.0,0.39894,0.0,38.0,0.0,0.0,0.2297,섰구나.,"응, 쭉 폈어.",일본어 원문 대조 + 자연스러운 한국어 대사 교정,26.14,T4,구조검사 통과 시 유지,,45.608108108108105,34.32,P4,회귀검사 통과 시 유지
SSIS-652,사진 대조 재번역본,616,"01:04:05,000 --> 01:04:05,980",0.98,역시 무리예요.,음.,역시 무리예요.,존댓말형,,,,,45.0,80.0,50.0,78.0,55.0,0.39889,0.0,38.0,0.0,0.0,0.6162,"이제, 이제 무리예요.",이제 정말 무리예요.,사진 장면 확인 및 한국어 번역투·ASR 오역 교정,26.13,T4,구조검사 통과 시 유지,,45.52364864864865,34.28,P4,회귀검사 통과 시 유지
SSIS-652,사진 대조 재번역본,988,"02:07:00,400 --> 02:07:01,360",0.96,할 수 있어?,"응, 훨씬 어려 보여.",네.,반응형,,,,,45.0,80.0,50.0,78.0,55.0,0.39848,0.0,38.0,0.0,0.0,0.5466,자고 있어?,땀나?,사진 장면 확인 및 한국어 번역투·ASR 오역 교정,26.12,T4,구조검사 통과 시 유지,,45.439189189189186,34.23,P4,회귀검사 통과 시 유지
SSIS-652,사진 대조 재번역본,7,"00:00:23,720 --> 00:00:33,640",9.92,"M-O 군을 괴롭혔는데 정말 좋아해 줬고,
여러 번 싸게 할 수 있어서 좋았어요.",수고하셨습니다.,좋았습니다.,반말형,,,사진 장면 확인 및 한국어 번역투·ASR 오역 교정,높음,58.0,96.0,50.0,92.0,42.0,0.59569,13.32,22.0,0.0,35.0,0.761,"M-O 군을 괴롭혔는데, 정말 기분 좋아해 줬고 사정도 여러 번 시킬 수 있어서 좋았어요.","M-O 군을 괴롭혔는데 정말 좋아해 줬고, 여러 번 싸게 할 수 있어서 좋았어요.",사진 장면 확인 및 한국어 번역투·ASR 오역 교정,26.1,T4,구조검사 통과 시 유지,formality_jump,45.35472972972973,34.19,P4,회귀검사 통과 시 유지
SSIS-652,사진 대조 재번역본,162,"00:11:57,990 --> 00:12:00,350",2.36,살 테니까.,응.,잘됐네.,중립·혼합형,,,,,45.0,80.0,50.0,78.0,55.0,0.39781,0.0,38.0,0.0,0.0,0.6096,"자, 더 해줄 테니까.","자, 더 해 줄 테니까.",,26.09,T4,구조검사 통과 시 유지,,45.27027027027027,34.15,P4,회귀검사 통과 시 유지
SSIS-652,사진 대조 재번역본,1149,"02:22:59,110 --> 02:23:00,330",1.22,"아, 네.",아직 기다리고 있어.,이거 먹어.,반응형,,,,,45.0,80.0,50.0,78.0,55.0,0.37086,6.11,38.0,0.0,0.0,0.7009,"아, 아, 아, 아, 아, 아, 아,","아, 아, 아, 아, 아, 아, 아",,26.06,T4,구조검사 통과 시 유지,,45.185810810810814,34.09,P4,회귀검사 통과 시 유지
SSIS-652,사진 대조 재번역본,394,"00:44:29,570 --> 00:44:30,490",0.92,하고 싶어?,네.,네.,반응형,,,,,45.0,80.0,50.0,78.0,55.0,0.39693,0.0,38.0,0.0,0.0,0.6021,잘 빨고 싶어?,계속 빨고 싶어?,일본어 원문 대조 + 자연스러운 한국어 대사 교정,26.05,T4,구조검사 통과 시 유지,,45.10135135135135,34.05,P4,회귀검사 통과 시 유지
SSIS-652,사진 대조 재번역본,95,"00:07:26,180 --> 00:07:26,360",0.18,(웃음),"아, 들켜 버렸어.",바다사자는 저쪽에.,중립·혼합형,,,,,45.0,80.0,50.0,78.0,55.0,0.29812,0.0,38.0,41.11,0.0,0.0895,안 돼. 안 돼. 안 돼... (반복),안 돼. 안 돼. 안 돼…,,26.01,T4,구조검사 통과 시 유지,high_cps,44.97466216216216,33.98,P4,회귀검사 통과 시 유지
SSIS-652,사진 대조 재번역본,1083,"02:16:40,260 --> 02:16:40,940",0.68,아침?,아침 먹을래?,점심에 먹을지도 몰라.,반응형,,,,,45.0,80.0,50.0,78.0,55.0,0.39599,0.0,38.0,0.0,0.0,0.12,좋은 아침입니다.,♪,,26.01,T4,구조검사 통과 시 유지,,44.97466216216216,33.98,P4,회귀검사 통과 시 유지
SSIS-652,사진 대조 재번역본,650,"01:07:08,380 --> 01:07:09,720",1.34,괜찮아요.,어때요?,잠깐 쉬게 해 주세요.,반응형,,,,,45.0,80.0,50.0,78.0,55.0,0.35327,9.87,38.0,0.0,0.0,0.7322,말해도 괜찮아요.,"괜찮아, 계속해.",일본어 원문 대조 + 자연스러운 한국어 대사 교정,25.99,T4,구조검사 통과 시 유지,,44.84797297297297,33.91,P4,회귀검사 통과 시 유지
SSIS-652,사진 대조 재번역본,299,"00:33:13,000 --> 00:33:14,660",1.66,이대로 눕혀 버리면…,엄청 젖어 버렸어.,이제 저쪽으로.,중립·혼합형,,,사진 장면 확인 및 한국어 번역투·ASR 오역 교정,높음,58.0,96.0,50.0,92.0,46.0,0.70966,0.0,22.0,0.0,0.0,0.3144,이대로 조금 더 해 주세요.,그대로 조금 더 해 줘.,손상된 일본어 ASR + 타임스탬프 사진 + 앞뒤 문맥 추론,25.98,T4,구조검사 통과 시 유지,,44.763513513513516,33.87,P4,회귀검사 통과 시 유지
SSIS-652,사진 대조 재번역본,663,"01:08:48,990 --> 01:08:50,290",1.3,"네, 해 볼게요.",한 번 더 해 볼게요.,좋네.,반말형,,,사진 장면 확인 및 한국어 번역투·ASR 오역 교정,높음,58.0,96.0,50.0,92.0,42.0,0.71414,0.0,22.0,0.0,0.0,0.5704,"네, 흐름을 돌려 볼게요.","네, 방향을 바꿔 볼게요.",,25.94,T4,구조검사 통과 시 유지,,44.67905405405405,33.81,P4,회귀검사 통과 시 유지
SSIS-652,사진 대조 재번역본,259,"00:28:08,690 --> 00:28:09,910",1.22,요구해 왔네.,에에.,손톱으로 살살 긁어?,반말형,,,,,45.0,80.0,50.0,78.0,55.0,0.39373,0.0,38.0,0.0,0.0,0.0655,우와~ 왔다 왔다 왔다.,우와… 왔다 왔다 왔다.,,25.92,T4,구조검사 통과 시 유지,,44.5945945945946,33.76,P4,회귀검사 통과 시 유지
SSIS-652,사진 대조 재번역본,205,"00:24:58,440 --> 00:25:00,360",1.92,미안해.,다 그러면 큰일 나죠. 저는 안 가요.,감사합니다.,반말형,,,,,45.0,80.0,50.0,78.0,55.0,0.27821,18.93,38.0,0.0,18.0,0.8078,아... 미안해.,아… 미안해.,,25.91,T4,구조검사 통과 시 유지,formality_shift,44.4679054054054,33.7,P4,회귀검사 통과 시 유지
SSIS-652,사진 대조 재번역본,1131,"02:20:18,950 --> 02:20:19,370",0.42,드세요.,"자, 우선 먹어 볼게요.",어때요?,존댓말형,,,,,45.0,80.0,50.0,78.0,55.0,0.39358,0.0,38.0,0.0,0.0,0.1487,쉬어 주세요.,잠깐 쉬게 해 주세요.,사진 장면 확인 및 한국어 번역투·ASR 오역 교정,25.91,T4,구조검사 통과 시 유지,,44.4679054054054,33.7,P4,회귀검사 통과 시 유지
SSIS-652,사진 대조 재번역본,840,"01:25:43,640 --> 01:25:45,400",1.76,"그래, 그래, 그래.",할 수 있어?,찍어 두지 않으면 안 되겠네.,중립·혼합형,,,,,45.0,80.0,50.0,78.0,55.0,0.39311,0.0,38.0,0.0,0.0,0.5396,"아, 그래.",간다.,화면 영문 자막 대조,25.89,T4,구조검사 통과 시 유지,,44.34121621621622,33.64,P4,회귀검사 통과 시 유지
SSIS-652,사진 대조 재번역본,185,"00:21:54,260 --> 00:21:55,200",0.94,여기예요.,"그럼 이제 호텔로 갈까요?
네, 가요.",여기면 될까?,존댓말형,,,,,45.0,80.0,50.0,78.0,55.0,0.39284,0.0,38.0,0.0,0.0,0.1685,배예요.,배 쪽이요.,일본어 원문 대조 + 자연스러운 한국어 대사 교정,25.88,T4,구조검사 통과 시 유지,,44.25675675675676,33.6,P4,회귀검사 통과 시 유지
SSIS-652,사진 대조 재번역본,23,"00:01:45,860 --> 00:01:46,680",0.82,어디서 했나요?,첫 경험은 고등학교 2학년 때였어요.,당시 남자친구 집에서요.,반응형,,,,,45.0,80.0,50.0,78.0,55.0,0.39225,0.0,38.0,0.0,0.0,0.1288,저는 무엇을 움직이나요?,어떻게 움직이면 돼?,의미가 깨진 질문을 장면에 맞게 교정,25.85,T4,구조검사 통과 시 유지,,44.130067567567565,33.53,P4,회귀검사 통과 시 유지
SSIS-652,사진 대조 재번역본,775,"01:19:25,890 --> 01:19:26,890",1.0,늦었어?,"아직, 아직.",괜찮아.,반응형,,,,,45.0,80.0,50.0,78.0,55.0,0.39225,0.0,38.0,0.0,0.0,0.1854,빨 생각하고 있었어?,아까부터 빨 생각만 했지?,일본어 원문 대조 + 자연스러운 한국어 대사 교정,25.85,T4,구조검사 통과 시 유지,,44.130067567567565,33.53,P4,회귀검사 통과 시 유지
SSIS-652,사진 대조 재번역본,183,"00:21:04,160 --> 00:21:24,200",20.04,쇼핑도 즐거웠어요. 분위기도 좋았고요.,감사합니다.,"그럼 이제 호텔로 갈까요?
네, 가요.",반응형,,,사진 장면 확인 및 한국어 번역투·ASR 오역 교정,높음,58.0,96.0,50.0,92.0,42.0,0.71042,0.0,22.0,0.0,0.0,0.1612,분위기 있지.,그런 분위기 좋지.,일본어 원문 대조 + 자연스러운 한국어 대사 교정,25.83,T4,구조검사 통과 시 유지,,43.96114864864865,33.45,P4,회귀검사 통과 시 유지
SSIS-652,사진 대조 재번역본,595,"01:02:41,290 --> 01:02:41,890",0.6,"네, 귀여워요.",기분 좋아?,이제 움직여 줄게.,반말형,,,,,45.0,80.0,50.0,78.0,55.0,0.39158,0.0,38.0,0.0,0.0,0.3948,펭귄 정말 좋아해요. 귀엽지 않아요? 걷는 모습이 귀여워요.,펭귄이 정말 귀엽지 않아요? 걷는 모습이 특히 귀여워요.,사진 장면 확인 및 한국어 번역투·ASR 오역 교정,25.83,T4,구조검사 통과 시 유지,,43.96114864864865,33.45,P4,회귀검사 통과 시 유지
SSIS-652,사진 대조 재번역본,552,"00:58:35,660 --> 00:58:37,680",2.02,왜요?,조금 어둡게 할까.,좋지 않아?,중립·혼합형,,,,,45.0,80.0,50.0,78.0,55.0,0.38992,0.0,38.0,0.0,0.0,0.0864,그럼 왜 그런 영상을 보낸 거예요?,너무 세…,타임스탬프 사진으로 장면 불일치 확인 후 재복원,25.76,T4,구조검사 통과 시 유지,,43.83445945945946,33.35,P4,회귀검사 통과 시 유지
SSIS-652,사진 대조 재번역본,1063,"02:14:18,370 --> 02:14:28,590",10.22,"아, 아, 갈 것 같아.",쉬고 있는 거야?,갈 것 같아?,반응형,,,,,45.0,80.0,50.0,78.0,55.0,0.32634,14.79,38.0,0.0,0.0,0.7732,갈 것 같아.,진짜 갈 것 같아.,일본어 원문 대조 + 자연스러운 한국어 대사 교정,25.75,T4,구조검사 통과 시 유지,,43.75,33.31,P4,회귀검사 통과 시 유지
SSIS-652,사진 대조 재번역본,487,"00:54:27,700 --> 00:54:28,420",0.72,너무 빨라.,하지만 이걸로는 전혀 부족해.,너무 빨라.,중립·혼합형,,,,,45.0,80.0,50.0,78.0,55.0,0.3895,0.0,38.0,0.0,0.0,0.2296,"하아, 너무 기분 좋아...","하아, 너무 기분 좋아…",,25.74,T4,구조검사 통과 시 유지,,43.623310810810814,33.25,P4,회귀검사 통과 시 유지
SSIS-652,사진 대조 재번역본,733,"01:12:31,630 --> 01:12:32,370",0.74,이제 무리야?,아하하하.,조금 힘이 빠진 것 같아.,반말형,,,,,45.0,80.0,50.0,78.0,55.0,0.38961,0.0,38.0,0.0,0.0,0.3273,- 이제 무리야... - 무리 아니야. 조금만 더.,- 이제 무리야… - 무리 아니야. 조금만 더.,,25.74,T4,구조검사 통과 시 유지,,43.623310810810814,33.25,P4,회귀검사 통과 시 유지
SSIS-652,사진 대조 재번역본,137,"00:10:20,640 --> 00:10:27,840",7.2,포장이에요.,일단 내려가 볼게요.,괜찮아 보여?,존댓말형,,,,,45.0,80.0,50.0,78.0,55.0,0.35415,0.0,38.0,0.0,18.0,0.2129,다음은 앞쪽이에요.,다음은 이쪽이에요.,타임스탬프 사진과 앞뒤 장면으로 대사 기능 복원,25.69,T4,구조검사 통과 시 유지,formality_shift,43.49662162162162,33.17,P4,회귀검사 통과 시 유지
SSIS-652,사진 대조 재번역본,859,"01:28:04,410 --> 01:28:06,330",1.92,채소 좋아하지?,무슨 과자 좋아해?,채소를 좋아하지.,반응형,,,,,45.0,80.0,50.0,78.0,55.0,0.3819,1.41,38.0,0.0,0.0,0.6618,이런 거 좋아하지?,묶여 있는 거 좋아하지?,,25.67,T4,구조검사 통과 시 유지,,43.41216216216216,33.12,P4,회귀검사 통과 시 유지
SSIS-652,사진 대조 재번역본,907,"01:33:22,920 --> 01:33:24,020",1.1,"잠깐, 잠깐.",왜? 하기 싫어?,뭘 벗기는 거야?,반응형,,,,,45.0,80.0,50.0,78.0,55.0,0.38708,0.0,38.0,0.0,0.0,0.4464,"잠깐, 잠깐만 쉬게 해 주세요.","잠깐, 잠깐만… 그만해.",장면과 충돌한 표현 교정,25.64,T4,구조검사 통과 시 유지,,43.3277027027027,33.07,P4,회귀검사 통과 시 유지
SSIS-652,사진 대조 재번역본,494,"00:54:46,840 --> 00:54:47,360",0.52,앗.,앗.,많이 나왔잖아.,반응형,,,,,45.0,80.0,50.0,78.0,55.0,0.38688,0.0,38.0,0.0,0.0,0.3654,앗...,앗…,,25.63,T4,구조검사 통과 시 유지,,43.24324324324324,33.03,P4,회귀검사 통과 시 유지
SSIS-652,사진 대조 재번역본,433,"00:50:28,440 --> 00:50:28,840",0.4,나오고 있어?,좋아.,안에.,반응형,,,,,45.0,80.0,50.0,78.0,55.0,0.38575,0.0,38.0,0.0,0.0,0.543,혀가 나오고 있잖아.,혀가 나와 있잖아.,한국어 자연화,25.58,T4,구조검사 통과 시 유지,,43.15878378378378,32.96,P4,회귀검사 통과 시 유지
SSIS-652,사진 대조 재번역본,590,"01:02:12,650 --> 01:02:13,230",0.58,기분 좋아?,기분 좋아?,"느끼는 표정, 귀여워.",반응형,,,,,45.0,80.0,50.0,78.0,55.0,0.38537,0.0,38.0,0.0,0.0,0.5975,"아, 거기... 기분 좋아?","아, 거기… 기분 좋아?",,25.57,T4,구조검사 통과 시 유지,,43.07432432432432,32.92,P4,회귀검사 통과 시 유지
SSIS-652,사진 대조 재번역본,21,"00:01:38,720 --> 00:01:43,620",4.9,"이상형은 다정하고 재미있고,
제 이야기를 잘 들어주는 사람이에요.",싫어하는 음식은 딱히 없어요.,첫 경험은 고등학교 2학년 때였어요.,중립·혼합형,,,사진 장면 확인 및 한국어 번역투·ASR 오역 교정,높음,58.0,96.0,50.0,92.0,42.0,0.59548,24.67,22.0,0.0,0.0,0.8556,"제 타입은 다정하고 재미있고, 이야기를 잘 들어주는 사람이에요.","이상형은 다정하고 재미있고, 제 이야기를 잘 들어주는 사람이에요.",사진 장면 확인 및 한국어 번역투·ASR 오역 교정,25.55,T4,구조검사 통과 시 유지,,42.94763513513514,32.86,P4,회귀검사 통과 시 유지
SSIS-652,사진 대조 재번역본,596,"01:02:42,950 --> 01:02:48,210",5.26,이제 움직여 줄게.,"네, 귀여워요.",안 돼?,중립·혼합형,,,사진 장면 확인 및 한국어 번역투·ASR 오역 교정,높음,58.0,96.0,50.0,92.0,46.0,0.60915,20.1,22.0,0.0,0.0,0.8175,역시 움직여 줄게.,이제 움직여 줄게.,사진 장면 확인 및 한국어 번역투·ASR 오역 교정,25.55,T4,구조검사 통과 시 유지,,42.94763513513514,32.86,P4,회귀검사 통과 시 유지
SSIS-652,사진 대조 재번역본,490,"00:54:37,120 --> 00:54:38,360",1.24,한 번 뺄게.,죄송합니다.,네.,중립·혼합형,,,,,45.0,80.0,50.0,78.0,55.0,0.38462,0.0,38.0,0.0,0.0,0.2135,한 번 정도...,한 번 정도…,,25.53,T4,구조검사 통과 시 유지,,42.77871621621622,32.77,P4,회귀검사 통과 시 유지
SSIS-652,사진 대조 재번역본,509,"00:55:53,990 --> 00:55:55,290",1.3,다시.,부족해.,금방 가 버렸잖아.,중립·혼합형,,,,,45.0,80.0,50.0,78.0,55.0,0.38449,0.0,38.0,0.0,0.0,0.1918,하아 역시.,하아… 역시.,일본어 원문 대조 + 자연스러운 한국어 대사 교정,25.53,T4,구조검사 통과 시 유지,,42.77871621621622,32.77,P4,회귀검사 통과 시 유지
SSIS-652,사진 대조 재번역본,218,"00:25:56,480 --> 00:25:57,920",1.44,술을 마셔.,샴페인.,술을 마셔.,중립·혼합형,,,,,45.0,80.0,50.0,78.0,55.0,0.38375,0.0,38.0,0.0,0.0,0.1707,성관계 외에도 함께 술을 마시며 친해진 일이 계기였던 것 같습니다.,섹스뿐 아니라 같이 술도 마시면서 가까워진 게 계기였던 것 같아요.,,25.5,T4,구조검사 통과 시 유지,,42.6097972972973,32.69,P4,회귀검사 통과 시 유지
SSIS-652,사진 대조 재번역본,653,"01:07:30,500 --> 01:07:31,820",1.32,대단하네요. 기분 좋아요?,키스하면서 해 줘.,큰일이네.,반응형,,,사진 장면 확인 및 한국어 번역투·ASR 오역 교정,높음,58.0,96.0,50.0,92.0,42.0,0.64314,13.12,22.0,0.0,0.0,0.7594,대단하네요.,바다다!,일본어 원문 대조 + 자연스러운 한국어 대사 교정,25.5,T4,구조검사 통과 시 유지,,42.6097972972973,32.69,P4,회귀검사 통과 시 유지
SSIS-652,사진 대조 재번역본,290,"00:32:01,880 --> 00:32:03,380",1.5,조금 돌아왔어요.,뭐 할 거야?,안 보이네요.,반응형,,,,,45.0,80.0,50.0,78.0,55.0,0.38341,0.0,38.0,0.0,0.0,0.5846,보너스 장면으로 다시 돌아왔어요.,이번엔 네가 위에서 해 봐.,타임스탬프 사진과 장면 흐름으로 명백한 오인식 교정,25.48,T4,구조검사 통과 시 유지,,42.483108108108105,32.62,P4,회귀검사 통과 시 유지
SSIS-652,사진 대조 재번역본,419,"00:48:43,230 --> 00:48:43,810",0.58,어이쿠.,소리 전부 들려 줘.,응.,반응형,,,,,45.0,80.0,50.0,78.0,55.0,0.38257,0.0,38.0,0.0,0.0,0.2098,"어이, 어이...","어이, 어이…",,25.45,T4,구조검사 통과 시 유지,,42.39864864864865,32.57,P4,회귀검사 통과 시 유지
SSIS-652,사진 대조 재번역본,845,"01:26:21,760 --> 01:26:23,780",2.02,좋아하는 음식은…,좋아하는 음식.,내가 뭘 좋아하는지 알아?,반응형,,,,,45.0,80.0,50.0,78.0,55.0,0.38146,0.0,38.0,0.0,0.0,0.357,다리 좋아하는 남자.,다리 좋아하는 남자 많잖아.,일본어 원문 대조 + 자연스러운 한국어 대사 교정,25.4,T4,구조검사 통과 시 유지,,42.314189189189186,32.5,P4,회귀검사 통과 시 유지
SSIS-652,사진 대조 재번역본,617,"01:04:06,060 --> 01:04:06,720",0.66,역시 무리예요.,역시 무리예요.,"갈 것 같아, 갈 것 같아.",존댓말형,,,,,45.0,80.0,50.0,78.0,55.0,0.38129,0.0,38.0,0.0,0.0,0.6162,"이제, 이제 무리예요.",이제 정말 무리예요.,사진 장면 확인 및 한국어 번역투·ASR 오역 교정,25.39,T4,구조검사 통과 시 유지,,42.1875,32.44,P4,회귀검사 통과 시 유지
SSIS-652,사진 대조 재번역본,1074,"02:15:11,100 --> 02:15:12,940",1.84,"잠깐, 잠깐.","잠깐, 잠깐, 잠깐, 잠깐.","아니, 너 때문에 허리가 풀린 것 같아.",반응형,,,,,45.0,80.0,50.0,78.0,55.0,0.38114,0.0,38.0,0.0,0.0,0.4464,"잠깐, 잠깐만 쉬게 해 주세요.","잠깐, 잠깐만… 그만해.",장면과 충돌한 표현 교정,25.39,T4,구조검사 통과 시 유지,,42.1875,32.44,P4,회귀검사 통과 시 유지
SSIS-652,사진 대조 재번역본,190,"00:23:47,070 --> 00:23:47,930",0.86,"아, 뭐 있어?",하하하.,샴페인 마시고 있어요.,반응형,,,,,45.0,80.0,50.0,78.0,55.0,0.38067,0.0,38.0,0.0,0.0,0.5258,자고 있어?,땀나?,사진 장면 확인 및 한국어 번역투·ASR 오역 교정,25.37,T4,구조검사 통과 시 유지,,42.060810810810814,32.38,P4,회귀검사 통과 시 유지
SSIS-652,사진 대조 재번역본,972,"02:05:14,580 --> 02:05:16,240",1.66,와…,조금 쉬어 주세요.,조금 쉬어 주세요…,중립·혼합형,,,,,45.0,80.0,50.0,78.0,55.0,0.38009,0.0,38.0,0.0,0.0,0.0665,와버렸네.,결국 와 버렸네.,일본어 원문 대조 + 자연스러운 한국어 대사 교정,25.34,T4,구조검사 통과 시 유지,,41.97635135135135,32.33,P4,회귀검사 통과 시 유지
SSIS-652,사진 대조 재번역본,171,"00:12:37,020 --> 00:12:37,200",0.18,뭘까요.,뭘까요.,"네, 그래요.",존댓말형,,,,,45.0,80.0,50.0,78.0,55.0,0.28119,0.0,38.0,41.11,0.0,0.1757,조금 춥게 해볼까요.,[불명],,25.3,T4,구조검사 통과 시 유지,high_cps,41.84966216216216,32.25,P4,회귀검사 통과 시 유지
SSIS-652,사진 대조 재번역본,1039,"02:12:01,900 --> 02:12:02,560",0.66,어머.,어머.,"안쪽은 내가 할 테니까,
바깥쪽을 계속 만져 줘.",반응형,,,,,45.0,80.0,50.0,78.0,55.0,0.37899,0.0,38.0,0.0,0.0,0.3873,의외로 적극적인 면이 있어서 좀... 어머.,의외로 적극적인 면이 있어서 좀… 어머.,,25.3,T4,구조검사 통과 시 유지,,41.84966216216216,32.25,P4,회귀검사 통과 시 유지
SSIS-652,사진 대조 재번역본,14,"00:00:57,340 --> 00:01:07,160",9.82,"상대가 좋아하지 않으면 의미가 없으니까,
대화하면서 천천히 자극하는 편이에요.","음, 시간을 들이고 강약을 조절하는 거예요.","수족관에 가서 키스도 했는데, 조금 더 하고 싶었어요.",중립·혼합형,,,사진 장면 확인 및 한국어 번역투·ASR 오역 교정,높음,58.0,96.0,50.0,92.0,42.0,0.69258,0.0,22.0,0.0,0.0,0.4746,"상대가 기분 좋아지지 않으면 의미가 없다고 생각해서, 조금 대화도 하면서 자극하는 게 제 방식이에요.","상대가 좋아하지 않으면 의미가 없으니까, 대화하면서 천천히 자극하는 편이에요.",,25.29,T4,구조검사 통과 시 유지,,41.68074324324324,32.17,P4,회귀검사 통과 시 유지
SSIS-652,사진 대조 재번역본,1091,"02:17:07,790 --> 02:17:08,610",0.82,장 건강 관리.,응? 왜?,장 건강 관리?,중립·혼합형,,,,,45.0,80.0,50.0,78.0,55.0,0.37887,0.0,38.0,0.0,0.0,0.1082,또 건강해져 버릴까?,또 섰어?,타임스탬프 사진과 앞뒤 장면으로 대사 기능 복원,25.29,T4,구조검사 통과 시 유지,,41.68074324324324,32.17,P4,회귀검사 통과 시 유지
SSIS-652,사진 대조 재번역본,1029,"02:11:24,950 --> 02:11:26,670",1.72,금방 숨이 가빠지네.,"응, 응, 응, 응.",아.,반말형,,,,,45.0,80.0,50.0,78.0,55.0,0.3783,0.0,38.0,0.0,0.0,0.3054,숨이 차.,숨이 막힐 것 같아.,일본어 원문 대조 + 자연스러운 한국어 대사 교정,25.27,T4,구조검사 통과 시 유지,,41.55405405405405,32.11,P4,회귀검사 통과 시 유지
SSIS-652,사진 대조 재번역본,1150,"02:23:01,850 --> 02:23:02,670",0.82,이거 먹어.,"아, 네.",괜찮지?,반응형,,,,,45.0,80.0,50.0,78.0,55.0,0.37816,0.0,38.0,0.0,0.0,0.2701,이거 예쁘네.,손으로 가리지 마.,일본어 원문 + 타임스탬프 사진 + 장면 연속성,25.26,T4,구조검사 통과 시 유지,,41.4695945945946,32.07,P4,회귀검사 통과 시 유지
SSIS-652,사진 대조 재번역본,556,"00:58:45,360 --> 00:58:46,260",0.9,부끄러워요?,둘만 있으니 좀 부끄럽잖아.,정말 잘 어울려요.,중립·혼합형,,,,,45.0,80.0,50.0,78.0,55.0,0.37761,0.0,38.0,0.0,0.0,0.4169,부끄러워...,부끄러워…,,25.24,T4,구조검사 통과 시 유지,,41.3429054054054,32.0,P4,회귀검사 통과 시 유지
SSIS-652,사진 대조 재번역본,581,"01:01:01,990 --> 01:01:02,910",0.92,오케이.,여기서는 안 돼?,씌울게.,중립·혼합형,,,,,45.0,80.0,50.0,78.0,55.0,0.37757,0.0,38.0,0.0,0.0,0.5157,"음, 오케이. 됐어, 소요. 잠깐 이리 와.","됐어. 후아, 잠깐 이리 와.",사진 장면 확인 및 한국어 번역투·ASR 오역 교정,25.24,T4,구조검사 통과 시 유지,,41.3429054054054,32.0,P4,회귀검사 통과 시 유지
SSIS-652,사진 대조 재번역본,131,"00:09:29,540 --> 00:09:30,660",1.12,정말 고마워요!,귀여워.,귀여웠어요? 귀여웠어.,중립·혼합형,,,,,45.0,80.0,50.0,78.0,55.0,0.37729,0.0,38.0,0.0,0.0,0.332,고마워.,손으로 잡아 줘.,일본어 원문 + 타임스탬프 사진 + 장면 연속성,25.23,T4,구조검사 통과 시 유지,,41.21621621621622,31.94,P4,회귀검사 통과 시 유지
SSIS-652,사진 대조 재번역본,426,"00:49:24,060 --> 00:49:24,720",0.66,아무것도 아니야.,목이 막혀?,이런 걸로 갈 리가 없잖아.,반응형,,,,,45.0,80.0,50.0,78.0,55.0,0.37708,0.0,38.0,0.0,0.0,0.4157,차 안에는 따로 아무것도 없나요?,배 안에는 따로 볼 게 없나요?,'차 안' 사물 오인식 교정,25.22,T4,구조검사 통과 시 유지,,41.13175675675676,31.9,P4,회귀검사 통과 시 유지
SSIS-652,사진 대조 재번역본,813,"01:23:29,620 --> 01:23:31,940",2.32,잊었어.,잊었어?,괜찮아.,반응형,,,,,45.0,80.0,50.0,78.0,55.0,0.37525,0.0,38.0,0.0,0.0,0.2145,안 입었어.,안 보이네.,사진 장면 확인 및 한국어 번역투·ASR 오역 교정,25.14,T4,구조검사 통과 시 유지,,41.0472972972973,31.82,P4,회귀검사 통과 시 유지
SSIS-652,사진 대조 재번역본,897,"01:32:33,190 --> 01:32:36,950",3.76,그대로 두면 직원 방까지 걸어갈 사람 같아.,"잘 자요. 빠르네.
말하자마자 바로 잠드는구나.","직원 방에 갈 사람처럼 굴더니,
방금 잠든 척한 거지?",반말형,,,사진 장면 확인 및 한국어 번역투·ASR 오역 교정,높음,58.0,96.0,50.0,92.0,42.0,0.68703,0.0,22.0,0.0,0.0,0.648,그대로 두면 직원 방까지 가 버릴 사람.,그대로 두면 직원 방까지 걸어갈 사람 같아.,사진 장면 확인 및 한국어 번역투·ASR 오역 교정,25.12,T4,구조검사 통과 시 유지,,40.96283783783784,31.77,P4,회귀검사 통과 시 유지
SSIS-652,사진 대조 재번역본,579,"01:00:44,760 --> 01:00:45,960",1.2,씌울까.,씌울까.,여기서는 안 돼?,중립·혼합형,,,,,45.0,80.0,50.0,78.0,55.0,0.37403,0.0,38.0,0.0,0.0,0.0952,뭐 할까.,이제 뭐 할까?,일본어 원문 대조 + 자연스러운 한국어 대사 교정,25.09,T4,구조검사 통과 시 유지,,40.87837837837838,31.72,P4,회귀검사 통과 시 유지
SSIS-652,사진 대조 재번역본,577,"01:00:30,940 --> 01:00:31,340",0.4,귀여워요.,씌운 모습도 귀여워요.,씌울까.,중립·혼합형,,,,,45.0,80.0,50.0,78.0,55.0,0.37301,0.0,38.0,0.0,0.0,0.4379,펭귄 정말 좋아해요. 귀엽지 않아요? 걷는 모습이 귀여워요.,펭귄이 정말 귀엽지 않아요? 걷는 모습이 특히 귀여워요.,사진 장면 확인 및 한국어 번역투·ASR 오역 교정,25.05,T4,구조검사 통과 시 유지,,40.751689189189186,31.64,P4,회귀검사 통과 시 유지
SSIS-652,사진 대조 재번역본,589,"01:02:11,930 --> 01:02:12,630",0.7,기분 좋아?,기분 좋아?,기분 좋아?,반응형,,,,,45.0,80.0,50.0,78.0,55.0,0.31598,0.0,38.0,0.0,30.0,0.5975,"아, 거기... 기분 좋아?","아, 거기… 기분 좋아?",,25.05,T4,구조검사 통과 시 유지,triple_identical_run,40.751689189189186,31.64,P4,회귀검사 통과 시 유지
SSIS-652,사진 대조 재번역본,198,"00:24:30,840 --> 00:24:35,860",5.02,그래도 혼자서는 자주 안 마셔요.,"가끔 마셔요. 의외죠?
집에서 혼자 마실 때도 있어요.",누가 권하면.,중립·혼합형,,,사진 장면 확인 및 한국어 번역투·ASR 오역 교정,높음,58.0,96.0,50.0,92.0,42.0,0.68408,0.0,22.0,0.0,0.0,0.4253,술은 혼자서는 안 마시는데. 혼자서는 안 마시는데.,그래도 혼자서는 자주 안 마셔요.,사진 장면 확인 및 한국어 번역투·ASR 오역 교정,25.04,T4,구조검사 통과 시 유지,,40.58277027027027,31.57,P4,회귀검사 통과 시 유지
SSIS-652,사진 대조 재번역본,571,"01:00:04,960 --> 01:00:05,780",0.82,계속하자.,네.,네.,중립·혼합형,,,,,45.0,80.0,50.0,78.0,55.0,0.34489,6.55,38.0,0.0,0.0,0.7046,멈추지 말고 계속하자.,멈추지 말고 계속해.,사진 장면 확인 및 한국어 번역투 교정,25.04,T4,구조검사 통과 시 유지,,40.58277027027027,31.57,P4,회귀검사 통과 시 유지
SSIS-652,사진 대조 재번역본,296,"00:32:19,180 --> 00:32:19,940",0.76,"거짓말, 거짓말.",안 보일 것 같아.,네.,중립·혼합형,,,,,45.0,80.0,50.0,78.0,55.0,0.29257,18.63,38.0,0.0,0.0,0.8052,거짓말. 거짓말. 거짓말. 거짓말.,말도 안 돼…,손상된 일본어 ASR + 타임스탬프 사진 + 앞뒤 문맥 추론,25.02,T4,구조검사 통과 시 유지,,40.45608108108108,31.5,P4,회귀검사 통과 시 유지
SSIS-652,사진 대조 재번역본,567,"00:59:50,570 --> 00:59:51,190",0.62,정말 맛있어요.,맛있어?,너무 맛있어요.,반응형,,,,,45.0,80.0,50.0,78.0,55.0,0.37085,0.0,38.0,0.0,0.0,0.3049,정말 좋아.,거기 좋아.,타임스탬프 사진과 장면 흐름으로 명백한 오인식 교정,24.96,T4,구조검사 통과 시 유지,,40.37162162162162,31.43,P4,회귀검사 통과 시 유지
SSIS-652,사진 대조 재번역본,462,"00:52:11,600 --> 00:52:12,560",0.96,안 아파.,"아, 대단해.","네, 기분 좋아요.",반응형,,,,,45.0,80.0,50.0,78.0,55.0,0.33478,8.36,38.0,0.0,0.0,0.7197,배가 아파.,안쪽이 아파.,,24.95,T4,구조검사 통과 시 유지,,40.28716216216216,31.39,P4,회귀검사 통과 시 유지
SSIS-652,사진 대조 재번역본,138,"00:10:41,830 --> 00:10:42,430",0.6,괜찮아 보여?,포장이에요.,복숭아 소스와 크림.,반응형,,,,,45.0,80.0,50.0,78.0,55.0,0.33498,0.0,38.0,0.0,18.0,0.4379,몸이 떨리는 거 보여?,몸 떨리는 거 보여?,손상된 일본어 ASR + 타임스탬프 사진 + 앞뒤 문맥 추론,24.89,T4,구조검사 통과 시 유지,formality_shift,40.2027027027027,31.32,P4,회귀검사 통과 시 유지
SSIS-652,사진 대조 재번역본,366,"00:42:11,520 --> 00:42:12,900",1.38,바보 아니에요.,"아니, 저 대학 나왔거든요.",정말이에요.,반응형,,,,,45.0,80.0,50.0,78.0,55.0,0.36839,0.0,38.0,0.0,0.0,0.5106,"손이 아니라, 손은 아니에요.",손 말고 혀로 해 주세요.,사진 장면 확인 및 한국어 번역투·ASR 오역 교정,24.85,T4,구조검사 통과 시 유지,,40.11824324324324,31.26,P4,회귀검사 통과 시 유지
SSIS-652,사진 대조 재번역본,18,"00:01:29,020 --> 00:01:33,600",4.58,요즘 빠져 있는 건 암반욕이나 사우나예요.,그렇군요.,좋아하는 음식은 채소와 과일이에요.,존댓말형,,,사진 장면 확인 및 한국어 번역투·ASR 오역 교정,높음,58.0,96.0,50.0,92.0,42.0,0.67662,0.0,22.0,0.0,0.0,0.5371,요즘은 암반욕이나 사우나에 가는 거예요.,요즘 빠져 있는 건 암반욕이나 사우나예요.,사진 장면 확인 및 한국어 번역투·ASR 오역 교정,24.81,T4,구조검사 통과 시 유지,,39.99155405405405,31.19,P4,회귀검사 통과 시 유지
SSIS-652,사진 대조 재번역본,623,"01:04:19,700 --> 01:04:20,060",0.36,갈 것 같아?,"좋잖아, 갈 것 같네.",다음엔 뒤에서 넣어 줘.,반응형,,,,,45.0,80.0,50.0,78.0,55.0,0.36744,0.0,38.0,0.0,0.0,0.624,싸버릴 것 같아?,싸 버릴 것 같아?,,24.81,T4,구조검사 통과 시 유지,,39.99155405405405,31.19,P4,회귀검사 통과 시 유지
SSIS-652,사진 대조 재번역본,244,"00:27:28,770 --> 00:27:29,430",0.66,귀여워.,네.,아까는…,중립·혼합형,,,,,45.0,80.0,50.0,78.0,55.0,0.25857,25.35,38.0,0.0,0.0,0.8613,엄청 귀여워.,매일 목욕해.,일본어 원문 + 타임스탬프 사진 + 장면 연속성,24.8,T4,구조검사 통과 시 유지,,39.86486486486486,31.13,P4,회귀검사 통과 시 유지
SSIS-652,사진 대조 재번역본,916,"01:34:02,720 --> 01:34:03,980",1.26,"잠깐, 잠깐.","잠깐, 저기…",무리예요.,반응형,,,,,45.0,80.0,50.0,78.0,55.0,0.36562,0.0,38.0,0.0,0.0,0.4464,"잠깐, 잠깐만 쉬게 해 주세요.","잠깐, 잠깐만… 그만해.",장면과 충돌한 표현 교정,24.74,T4,구조검사 통과 시 유지,,39.7804054054054,31.06,P4,회귀검사 통과 시 유지
SSIS-652,사진 대조 재번역본,428,"00:49:29,340 --> 00:49:29,680",0.34,어때요?,이런 걸로 갈 리가 없잖아.,그렇게 목이 메면 기분 좋지 않잖아.,반응형,,,,,45.0,80.0,50.0,78.0,55.0,0.27975,19.84,38.0,0.0,0.0,0.8153,"잠깐, 어때요?","잠깐, 괜찮아요?",사진 장면 확인 및 한국어 번역투·ASR 오역 교정,24.7,T4,구조검사 통과 시 유지,,39.69594594594595,31.0,P4,회귀검사 통과 시 유지
SSIS-652,사진 대조 재번역본,100,"00:07:33,260 --> 00:07:34,220",0.96,귀엽다.,와.,대단해.,중립·혼합형,,,,,45.0,80.0,50.0,78.0,55.0,0.364,0.0,38.0,0.0,0.0,0.1811,귀엽네.,그냥 벗었을 뿐이야.,일본어 원문 + 타임스탬프 사진 + 장면 연속성,24.67,T4,구조검사 통과 시 유지,,39.56925675675676,30.93,P4,회귀검사 통과 시 유지
SSIS-652,사진 대조 재번역본,585,"01:01:31,530 --> 01:01:36,710",5.18,전부요. 위쪽도 아래쪽도.,어디가 기분 좋아?,"여기, 기억해 줬으면 해요.",반응형,,,사진 장면 확인 및 한국어 번역투·ASR 오역 교정,높음,58.0,96.0,50.0,92.0,42.0,0.67205,0.0,22.0,0.0,0.0,0.3816,전부요. 위아래로 전부.,전부요. 위쪽도 아래쪽도.,사진 장면 확인 및 한국어 번역투·ASR 오역 교정,24.67,T4,구조검사 통과 시 유지,,39.56925675675676,30.93,P4,회귀검사 통과 시 유지
SSIS-652,사진 대조 재번역본,335,"00:38:43,910 --> 00:39:02,720",18.81,방금 두 번째였어요.,"아, 아…",잠깐만요.,반응형,,,사진 장면 확인 및 한국어 번역투·ASR 오역 교정,높음,58.0,96.0,50.0,92.0,42.0,0.67148,0.0,22.0,0.0,0.0,0.2173,"두 번째, 두 번째로.",이번엔 두 번째로.,사진 장면 확인 및 한국어 번역투·ASR 오역 교정,24.65,T4,구조검사 통과 시 유지,,39.358108108108105,30.83,P4,회귀검사 통과 시 유지
SSIS-652,사진 대조 재번역본,861,"01:28:09,130 --> 01:28:10,670",1.54,채소를 좋아하지.,채소를 좋아하지.,내일 아침은 배달을 시킬 수 있어.,반응형,,,,,45.0,80.0,50.0,78.0,55.0,0.36354,0.0,38.0,0.0,0.0,0.2912,이런 거 좋아하지?,묶여 있는 거 좋아하지?,,24.65,T4,구조검사 통과 시 유지,,39.358108108108105,30.83,P4,회귀검사 통과 시 유지
SSIS-652,사진 대조 재번역본,933,"01:49:28,480 --> 01:49:30,400",1.92,이제 좀 살려 주실 건가요?,네.,피곤해졌어요?,중립·혼합형,,,사진 장면 확인 및 한국어 번역투·ASR 오역 교정,높음,58.0,96.0,50.0,92.0,42.0,0.5045,38.91,22.0,0.0,0.0,0.9743,이제 살려 주실 건가요?,이제 좀 살려 주실 건가요?,사진 장면 확인 및 한국어 번역투·ASR 오역 교정,24.65,T4,구조검사 통과 시 유지,,39.358108108108105,30.83,P4,회귀검사 통과 시 유지
SSIS-652,사진 대조 재번역본,34,"00:02:16,540 --> 00:02:18,380",1.84,이번에는 실제로 삽입하는 장면도 있어요.,"제가 주도한 작품도 있었지만,
이번 작품은 분위기가 조금 달라요.",제가 찍은 작품 중에서는 드문 편이에요.,반응형,,,사진 장면 확인 및 한국어 번역투·ASR 오역 교정,높음,58.0,96.0,50.0,92.0,42.0,0.67031,0.0,22.0,0.0,0.0,0.5609,이번 작품에는 실제로 넣는 장면도 있어요.,이번에는 실제로 삽입하는 장면도 있어요.,사진 장면 확인 및 한국어 번역투·ASR 오역 교정,24.62,T4,구조검사 통과 시 유지,,39.14695945945946,30.72,P4,회귀검사 통과 시 유지
SSIS-652,사진 대조 재번역본,690,"01:10:34,690 --> 01:10:36,750",2.06,아까 거의 안 나왔잖아.,두 번째도 싸 줘.,"잠깐, 아.",반응형,,,사진 장면 확인 및 한국어 번역투·ASR 오역 교정,높음,58.0,96.0,50.0,92.0,42.0,0.61097,13.83,22.0,0.0,0.0,0.7653,아까 전혀 안 나왔잖아.,아까 거의 안 나왔잖아.,사진 장면 확인 및 한국어 번역투·ASR 오역 교정,24.62,T4,구조검사 통과 시 유지,,39.14695945945946,30.72,P4,회귀검사 통과 시 유지
SSIS-652,사진 대조 재번역본,1107,"02:18:39,880 --> 02:18:40,440",0.56,조금.,맛있잖아.,빵 종류는 먹기가 힘든가.,중립·혼합형,,,,,45.0,80.0,50.0,78.0,55.0,0.36253,0.0,38.0,0.0,0.0,0.3912,그럼 조금...,그럼 조금…,,24.61,T4,구조검사 통과 시 유지,,39.02027027027027,30.66,P4,회귀검사 통과 시 유지
SSIS-652,사진 대조 재번역본,1140,"02:21:12,680 --> 02:21:12,780",0.1,응.,"자, 여기 누워 봐.",괜찮아. 괜찮아.,반응형,,,,,45.0,80.0,50.0,78.0,55.0,0.30282,0.0,38.0,25.0,0.0,0.4779,"하-, 응.",하아… 응.,,24.6,T4,구조검사 통과 시 유지,borderline_cps,38.935810810810814,30.62,P4,회귀검사 통과 시 유지
SSIS-652,사진 대조 재번역본,647,"01:06:58,680 --> 01:06:59,680",1.0,죄송해요.,허리를 세워.,숨 좀 돌리게 해 줘요.,반말형,,,,,45.0,80.0,50.0,78.0,55.0,0.31539,10.93,38.0,0.0,0.0,0.7411,"하앗, 죄송해요.","하앗, 기분 좋아요.",장면·앞뒤 반응 복원,24.59,T4,구조검사 통과 시 유지,,38.85135135135135,30.58,P4,회귀검사 통과 시 유지
SSIS-652,사진 대조 재번역본,844,"01:26:19,800 --> 01:26:20,580",0.78,좋아하는 음식.,푸딩도 살까?,좋아하는 음식은…,반응형,,,,,45.0,80.0,50.0,78.0,55.0,0.36181,0.0,38.0,0.0,0.0,0.3997,다리 좋아하는 남자.,다리 좋아하는 남자 많잖아.,일본어 원문 대조 + 자연스러운 한국어 대사 교정,24.58,T4,구조검사 통과 시 유지,,38.766891891891895,30.54,P4,회귀검사 통과 시 유지
SSIS-652,사진 대조 재번역본,130,"00:09:28,300 --> 00:09:29,020",0.72,귀여워.,"이것도 괜찮아요? 맞아, 맞아, 맞아.",정말 고마워요!,중립·혼합형,,,,,45.0,80.0,50.0,78.0,55.0,0.25271,25.35,38.0,0.0,0.0,0.8613,엄청 귀여워.,매일 목욕해.,일본어 원문 + 타임스탬프 사진 + 장면 연속성,24.56,T4,구조검사 통과 시 유지,,38.682432432432435,30.49,P4,회귀검사 통과 시 유지
SSIS-652,사진 대조 재번역본,823,"01:24:35,780 --> 01:24:36,240",0.46,정말?,근처에 있을 거예요.,갈까요?,중립·혼합형,,,,,45.0,80.0,50.0,78.0,55.0,0.18044,42.0,38.0,0.0,0.0,1.0,정말?,응.,일본어 원문 + 타임스탬프 사진 + 장면 연속성,24.52,T4,구조검사 통과 시 유지,,38.59797297297297,30.43,P4,회귀검사 통과 시 유지
SSIS-652,사진 대조 재번역본,211,"00:25:36,720 --> 00:25:37,740",1.02,건배하자.,역시 익숙해.,네.,중립·혼합형,,,,,45.0,80.0,50.0,78.0,55.0,0.36008,0.0,38.0,0.0,0.0,0.1778,한 번에 하자. 뭔가…,이제 자자. 불도 조금 어둡게 해 줘.,사진 장면 확인 및 한국어 번역투·ASR 오역 교정,24.5,T4,구조검사 통과 시 유지,,38.47128378378378,30.37,P4,회귀검사 통과 시 유지
SSIS-652,사진 대조 재번역본,894,"01:32:04,500 --> 01:32:05,700",1.2,불 좀 바꿔 줘. 네.,이제 자자. 불도 조금 어둡게 해 줘.,네.,반말형,,,사진 장면 확인 및 한국어 번역투·ASR 오역 교정,높음,58.0,96.0,50.0,92.0,42.0,0.66638,0.0,22.0,0.0,0.0,0.4256,좀 더 해 줘.,보여?,일본어 원문 + 타임스탬프 사진 + 장면 연속성,24.5,T4,구조검사 통과 시 유지,,38.47128378378378,30.37,P4,회귀검사 통과 시 유지
SSIS-652,사진 대조 재번역본,1046,"02:12:42,300 --> 02:12:54,120",11.82,피곤해?,피곤해?,"오, 기분 좋네.",반말형,,,,,45.0,80.0,50.0,78.0,55.0,0.35945,0.0,38.0,0.0,0.0,0.1345,원해?,만져 줬으면 해?,일본어 원문 대조 + 자연스러운 한국어 대사 교정,24.48,T4,구조검사 통과 시 유지,,38.3445945945946,30.3,P4,회귀검사 통과 시 유지
SSIS-652,사진 대조 재번역본,818,"01:24:10,180 --> 01:24:10,900",0.72,휴지?,아직 안 열렸어.,배고파.,반말형,,,,,45.0,80.0,50.0,78.0,55.0,0.3588,0.0,38.0,0.0,0.0,0.1313,좋지?,여기 좋지?,일본어 원문 대조 + 자연스러운 한국어 대사 교정,24.45,T4,구조검사 통과 시 유지,,38.26013513513514,30.25,P4,회귀검사 통과 시 유지
SSIS-652,사진 대조 재번역본,489,"00:54:30,760 --> 00:54:31,500",0.74,죄송합니다.,너무 빨라.,한 번 뺄게.,존댓말형,,,,,45.0,80.0,50.0,78.0,55.0,0.29268,15.25,38.0,0.0,0.0,0.7771,죄송합니다...,죄송합니다…,,24.42,T4,구조검사 통과 시 유지,,38.17567567567568,30.2,P4,회귀검사 통과 시 유지
SSIS-652,사진 대조 재번역본,689,"01:10:33,090 --> 01:10:34,590",1.5,두 번째도 싸 줘.,응.,아까 거의 안 나왔잖아.,중립·혼합형,,,사진 장면 확인 및 한국어 번역투·ASR 오역 교정,높음,58.0,96.0,50.0,92.0,42.0,0.5541,25.52,22.0,0.0,0.0,0.8626,두 번째도 가 줘.,두 번째도 싸 줘.,사진 장면 확인 및 한국어 번역투·ASR 오역 교정,24.41,T4,구조검사 통과 시 유지,,38.09121621621622,30.16,P4,회귀검사 통과 시 유지
SSIS-652,사진 대조 재번역본,8,"00:00:34,260 --> 00:00:35,060",0.8,좋았습니다.,"M-O 군을 괴롭혔는데 정말 좋아해 줬고,
여러 번 싸게 할 수 있어서 좋았어요.","오늘 기획은 요즘 S1에서 많이 하는
1박 2일 숙박 촬영이죠.",존댓말형,,,,,45.0,80.0,50.0,78.0,55.0,0.32328,0.0,38.0,0.0,18.0,0.254,좋습니다.,좋아요.,,24.4,T4,구조검사 통과 시 유지,formality_shift,37.96452702702703,30.1,P4,회귀검사 통과 시 유지
SSIS-652,사진 대조 재번역본,347,"00:40:48,490 --> 00:40:53,730",5.24,또 가 버리겠네.,어쩔 수 없네.,만져 줘.,반말형,,,사진 장면 확인 및 한국어 번역투·ASR 오역 교정,높음,58.0,96.0,50.0,92.0,42.0,0.57654,20.21,22.0,0.0,0.0,0.8184,자 버리겠네.,또 가 버리겠네.,사진 장면 확인 및 한국어 번역투·ASR 오역 교정,24.4,T4,구조검사 통과 시 유지,,37.96452702702703,30.1,P4,회귀검사 통과 시 유지
SSIS-652,사진 대조 재번역본,143,"00:11:10,010 --> 00:11:10,610",0.6,맛있어.,괜찮아? 세게 두드려.,잠깐만요.,반응형,,,,,45.0,80.0,50.0,78.0,55.0,0.34901,1.94,38.0,0.0,0.0,0.6662,"음-, 맛있어.",음… 맛있어.,,24.39,T4,구조검사 통과 시 유지,,37.795608108108105,30.02,P4,회귀검사 통과 시 유지
SSIS-652,사진 대조 재번역본,965,"02:04:54,510 --> 02:04:55,850",1.34,한 번 더 해 볼게요.,속이 안 좋아.,좋은 느낌으로 찍어 주세요.,반말형,,,사진 장면 확인 및 한국어 번역투·ASR 오역 교정,높음,58.0,96.0,50.0,92.0,42.0,0.6627,0.0,22.0,0.0,0.0,0.4662,첫 번째부터 다시 해 볼게요.,처음부터 다시 넣어 볼게요.,사진 장면 확인 및 한국어 번역투·ASR 오역 교정,24.39,T4,구조검사 통과 시 유지,,37.795608108108105,30.02,P4,회귀검사 통과 시 유지
SSIS-652,사진 대조 재번역본,117,"00:08:28,030 --> 00:08:29,210",1.18,귀여워.,새 같아.,잡아 보고 싶어.,중립·혼합형,,,,,45.0,80.0,50.0,78.0,55.0,0.24844,25.35,38.0,0.0,0.0,0.8613,엄청 귀여워.,매일 목욕해.,일본어 원문 + 타임스탬프 사진 + 장면 연속성,24.38,T4,구조검사 통과 시 유지,,37.66891891891892,29.96,P4,회귀검사 통과 시 유지
SSIS-652,사진 대조 재번역본,358,"00:41:56,540 --> 00:41:56,800",0.26,바보야?,무슨 소리야?,바보야?,반말형,,,,,45.0,80.0,50.0,78.0,55.0,0.35671,0.0,38.0,0.0,0.0,0.0808,핥아주길 바라는 거야?,핥아 주길 바라는 거야?,,24.36,T4,구조검사 통과 시 유지,,37.58445945945946,29.91,P4,회귀검사 통과 시 유지
SSIS-652,사진 대조 재번역본,1174,"02:25:18,580 --> 02:25:20,360",1.78,시간? 시간 없어. 더워요?,"아, 덥지 않아요? 느낌이 강해요.",기분 좋아요.,반응형,,,,,45.0,80.0,50.0,78.0,55.0,0.35647,0.0,38.0,0.0,0.0,0.2854,끝이 없어.,끝도 없네.,사진 장면 확인 및 한국어 번역투·ASR 오역 교정,24.35,T4,구조검사 통과 시 유지,,37.5,29.87,P4,회귀검사 통과 시 유지
SSIS-652,사진 대조 재번역본,900,"01:32:53,720 --> 01:32:57,120",3.4,뭐? 아침부터 졸리다고 해 놓고…,"그 입으로 그런 말만 안 했어도
정말 졸린 줄 알았을 텐데.","그게 아니라, 말하자면…",반응형,,,사진 장면 확인 및 한국어 번역투·ASR 오역 교정,높음,58.0,96.0,50.0,92.0,42.0,0.66118,0.0,22.0,0.0,0.0,0.1699,뭐? 아침에 졸려? 하고 바로…,뭐? 아침부터 졸리다고 해 놓고…,사진 장면 확인 및 한국어 번역투·ASR 오역 교정,24.34,T4,구조검사 통과 시 유지,,37.41554054054054,29.83,P4,회귀검사 통과 시 유지
SSIS-652,사진 대조 재번역본,911,"01:33:38,670 --> 01:33:39,310",0.64,괜찮지?,그러니까 많이 하자.,"아니, 그런데 역시 벌써 벗기고 있잖아.",반말형,,,,,45.0,80.0,50.0,78.0,55.0,0.35592,0.0,38.0,0.0,0.0,0.2378,뭐든 괜찮지만… 후와 씨?,뭐든 괜찮지만… 후우아 씨라고 부를까요?,출연자 이름 오인식 교정,24.33,T4,구조검사 통과 시 유지,,37.33108108108108,29.79,P4,회귀검사 통과 시 유지
SSIS-652,사진 대조 재번역본,330,"00:38:17,980 --> 00:38:21,160",3.18,못 참으면 계속 가 버리니까.,한 번 가 버리면 더는 못 참겠어요.,기다려 줬으면 해?,반응형,,,사진 장면 확인 및 한국어 번역투·ASR 오역 교정,높음,58.0,96.0,50.0,92.0,42.0,0.66032,0.0,22.0,0.0,0.0,0.49,참을 수 없으면 그렇게 돼 버리니까.,못 참으면 계속 가 버리니까.,사진 장면 확인 및 한국어 번역투·ASR 오역 교정,24.32,T4,구조검사 통과 시 유지,,37.24662162162162,29.75,P4,회귀검사 통과 시 유지
SSIS-652,사진 대조 재번역본,252,"00:27:47,180 --> 00:27:49,360",2.18,긴장도 풀렸으니까 소리 내도 돼.,네.,응.,반응형,,,사진 장면 확인 및 한국어 번역투·ASR 오역 교정,높음,58.0,96.0,50.0,92.0,42.0,0.66025,0.0,22.0,0.0,0.0,0.4408,"귀여워서 긴장이 많이 풀렸으니까, 소리 내 봐.",긴장도 풀렸으니까 소리 내도 돼.,사진 장면 확인 및 한국어 번역투·ASR 오역 교정,24.31,T4,구조검사 통과 시 유지,,37.0777027027027,29.67,P4,회귀검사 통과 시 유지
SSIS-652,사진 대조 재번역본,739,"01:12:48,010 --> 01:12:52,790",4.78,"응, 힘내면 돼.",네.,뭔가 정말 미안해.,반응형,,,사진 장면 확인 및 한국어 번역투·ASR 오역 교정,높음,58.0,96.0,50.0,92.0,42.0,0.57513,19.79,22.0,0.0,0.0,0.8149,"네, 힘내면 돼.","응, 힘내면 돼.",사진 장면 확인 및 한국어 번역투·ASR 오역 교정,24.31,T4,구조검사 통과 시 유지,,37.0777027027027,29.67,P4,회귀검사 통과 시 유지
SSIS-652,사진 대조 재번역본,860,"01:28:06,750 --> 01:28:08,190",1.44,채소를 좋아하지.,채소 좋아하지?,채소를 좋아하지.,반응형,,,,,45.0,80.0,50.0,78.0,55.0,0.35547,0.0,38.0,0.0,0.0,0.2912,이런 거 좋아하지?,묶여 있는 거 좋아하지?,,24.31,T4,구조검사 통과 시 유지,,37.0777027027027,29.67,P4,회귀검사 통과 시 유지
SSIS-652,사진 대조 재번역본,84,"00:06:46,860 --> 00:06:48,560",1.7,역시 가까이서 보니까 좋네요.,이쪽이야.,계속 보고 있으면 빠져들 것 같아.,반말형,,,사진 장면 확인 및 한국어 번역투·ASR 오역 교정,높음,58.0,96.0,50.0,92.0,42.0,0.65907,0.0,22.0,0.0,0.0,0.2913,손을 벗을 때는 좋네요.,[불명],,24.28,T4,구조검사 통과 시 유지,,36.90878378378378,29.58,P4,회귀검사 통과 시 유지
SSIS-652,사진 대조 재번역본,385,"00:43:30,930 --> 00:43:31,690",0.76,흔들려?,가슴이 흔들려?,부드럽네.,중립·혼합형,,,,,45.0,80.0,50.0,78.0,55.0,0.35417,0.0,38.0,0.0,0.0,0.1715,안 졸려? 안 졸려?,아직 안 졸리지?,일본어 원문 대조 + 자연스러운 한국어 대사 교정,24.26,T4,구조검사 통과 시 유지,,36.82432432432432,29.54,P4,회귀검사 통과 시 유지
SSIS-652,사진 대조 재번역본,561,"00:59:13,540 --> 00:59:16,280",2.74,침? 침 받고 싶어?,평소에는 이런 코스프레 안 하니까.,많이 받고 싶어요.,반응형,,,,,45.0,80.0,50.0,78.0,55.0,0.35401,0.0,38.0,0.0,0.0,0.3974,잘 빨고 싶어?,계속 빨고 싶어?,일본어 원문 대조 + 자연스러운 한국어 대사 교정,24.25,T4,구조검사 통과 시 유지,,36.73986486486486,29.5,P4,회귀검사 통과 시 유지
SSIS-652,사진 대조 재번역본,333,"00:38:25,800 --> 00:38:32,260",6.46,"아, 아, 아…","아, 기다려 줬으면 해.","아, 아…",반응형,,,,,45.0,80.0,50.0,78.0,55.0,0.17637,41.43,38.0,0.0,0.0,0.9952,"아, 아, 아, 아…","아, 아, 아…",일본어 원문 대조 + 자연스러운 한국어 대사 교정,24.24,T4,구조검사 통과 시 유지,,36.61317567567568,29.44,P4,회귀검사 통과 시 유지
SSIS-652,사진 대조 재번역본,708,"01:11:19,750 --> 01:11:20,490",0.74,이제 안 돼?,이제 안 돼요.,너무 빠르지 않아?,중립·혼합형,,,,,45.0,80.0,50.0,78.0,55.0,0.35385,0.0,38.0,0.0,0.0,0.4524,유두는 안 돼?,젖꼭지는 안 돼?,,24.24,T4,구조검사 통과 시 유지,,36.61317567567568,29.44,P4,회귀검사 통과 시 유지
SSIS-652,사진 대조 재번역본,1090,"02:17:06,130 --> 02:17:07,250",1.12,응? 왜?,요구르트는 먹어?,장 건강 관리.,반응형,,,,,45.0,80.0,50.0,78.0,55.0,0.35142,0.0,38.0,0.0,0.0,0.3109,응? 잠깐 기다려…,응? 잠깐만…,일본어 원문 대조 + 자연스러운 한국어 대사 교정,24.14,T4,구조검사 통과 시 유지,,36.486486486486484,29.33,P4,회귀검사 통과 시 유지
SSIS-652,사진 대조 재번역본,694,"01:10:40,830 --> 01:10:41,750",0.92,일단 바로 누워.,"잠깐, 잠깐.",저 아직…,중립·혼합형,,,사진 장면 확인 및 한국어 번역투·ASR 오역 교정,높음,58.0,96.0,50.0,92.0,42.0,0.59492,13.74,22.0,0.0,0.0,0.7645,이제 바로 누워.,일단 바로 누워.,사진 장면 확인 및 한국어 번역투·ASR 오역 교정,24.12,T4,구조검사 통과 시 유지,,36.40202702702703,29.28,P4,회귀검사 통과 시 유지
SSIS-652,사진 대조 재번역본,872,"01:29:45,880 --> 01:29:47,520",1.64,위험했어.,"네, 고마워요. 배고파.",들킬 뻔했어.,반응형,,,,,45.0,80.0,50.0,78.0,55.0,0.35082,0.0,38.0,0.0,0.0,0.1903,좀 위험한데. 나 발기했어.,좀 위험한데. 나 완전히 섰어.,,24.11,T4,구조검사 통과 시 유지,,36.317567567567565,29.24,P4,회귀검사 통과 시 유지
SSIS-652,사진 대조 재번역본,649,"01:07:04,520 --> 01:07:05,740",1.22,어때요?,숨 좀 돌리게 해 줘요.,괜찮아요.,반응형,,,,,45.0,80.0,50.0,78.0,55.0,0.26503,19.84,38.0,0.0,0.0,0.8153,"잠깐, 어때요?","잠깐, 괜찮아요?",사진 장면 확인 및 한국어 번역투·ASR 오역 교정,24.08,T4,구조검사 통과 시 유지,,36.233108108108105,29.18,P4,회귀검사 통과 시 유지
SSIS-652,사진 대조 재번역본,699,"01:10:45,330 --> 01:10:45,510",0.18,지금.,아직이에요.,기다려 주세요.,반말형,,,,,45.0,80.0,50.0,78.0,55.0,0.22364,0.0,38.0,25.0,35.0,0.1528,"지금, 시속.",지금 속도요?,일본어 원문 대조 + 자연스러운 한국어 대사 교정,24.07,T4,구조검사 통과 시 유지,borderline_cps;formality_jump,36.10641891891892,29.13,P4,회귀검사 통과 시 유지
SSIS-652,사진 대조 재번역본,1062,"02:14:09,500 --> 02:14:11,560",2.06,쉬고 있는 거야?,뭐라고 말할 수 있어?,"아, 아, 갈 것 같아.",반말형,,,,,45.0,80.0,50.0,78.0,55.0,0.34976,0.0,38.0,0.0,0.0,0.4264,어느 부위에 대고 있는 거야?,어디에 대고 있는 거야?,일본어 원문 대조 + 자연스러운 한국어 대사 교정,24.07,T4,구조검사 통과 시 유지,,36.10641891891892,29.13,P4,회귀검사 통과 시 유지
SSIS-652,사진 대조 재번역본,622,"01:04:18,260 --> 01:04:19,580",1.32,"좋잖아, 갈 것 같네.",뭐?,갈 것 같아?,반응형,,,,,45.0,80.0,50.0,78.0,55.0,0.3494,0.0,38.0,0.0,0.0,0.268,갈 것 같아.,진짜 갈 것 같아.,일본어 원문 대조 + 자연스러운 한국어 대사 교정,24.05,T4,구조검사 통과 시 유지,,35.9375,29.04,P4,회귀검사 통과 시 유지
SSIS-652,사진 대조 재번역본,1119,"02:19:34,650 --> 02:19:35,390",0.74,힘내.,먹고 있어?,힘내서 먹어.,중립·혼합형,,,,,45.0,80.0,50.0,78.0,55.0,0.34935,0.0,38.0,0.0,0.0,0.2009,"네, 힘내면 돼.","응, 힘내면 돼.",사진 장면 확인 및 한국어 번역투·ASR 오역 교정,24.05,T4,구조검사 통과 시 유지,,35.9375,29.04,P4,회귀검사 통과 시 유지
SSIS-652,사진 대조 재번역본,440,"00:50:36,620 --> 00:50:37,500",0.88,이게 좋아?,네.,네.,반응형,,,,,45.0,80.0,50.0,78.0,55.0,0.34915,0.0,38.0,0.0,0.0,0.6143,이게 좋아.,이렇게 하는 게 좋아.,손상된 일본어 ASR + 타임스탬프 사진 + 앞뒤 문맥 추론,24.04,T4,구조검사 통과 시 유지,,35.810810810810814,28.98,P4,회귀검사 통과 시 유지
SSIS-652,사진 대조 재번역본,582,"01:01:13,210 --> 01:01:15,050",1.84,씌울게.,오케이.,기분 좋아?,중립·혼합형,,,,,45.0,80.0,50.0,78.0,55.0,0.34892,0.0,38.0,0.0,0.0,0.1559,봤어? 상자가 꽤 비었더라. 끼울게.,상자가 꽤 비었더라. 내가 끼울게.,대화 호흡 정리,24.03,T4,구조검사 통과 시 유지,,35.68412162162162,28.92,P4,회귀검사 통과 시 유지
SSIS-652,사진 대조 재번역본,1025,"02:11:04,560 --> 02:11:04,740",0.18,아.,조금 아프기도 해.,찍고 있잖아.,반응형,,,,,45.0,80.0,50.0,78.0,55.0,0.34891,0.0,38.0,0.0,0.0,0.4335,"왠지, 아.","아, 뭐야.",일본어 원문 대조 + 자연스러운 한국어 대사 교정,24.03,T4,구조검사 통과 시 유지,,35.68412162162162,28.92,P4,회귀검사 통과 시 유지
SSIS-652,사진 대조 재번역본,532,"00:57:23,320 --> 00:57:24,380",1.06,가져왔구나.,기대된다.,벌써 기대돼요.,중립·혼합형,,,,,45.0,80.0,50.0,78.0,55.0,0.34802,0.0,38.0,0.0,0.0,0.2083,섰구나.,"응, 쭉 폈어.",일본어 원문 대조 + 자연스러운 한국어 대사 교정,24.0,T4,구조검사 통과 시 유지,,35.5152027027027,28.84,P4,회귀검사 통과 시 유지
SSIS-652,사진 대조 재번역본,572,"01:00:06,060 --> 01:00:06,080",0.02,네.,계속하자.,"씌울게, 씌울게.",반말형,,,,,45.0,80.0,50.0,78.0,55.0,0.16136,4.71,38.0,70.0,0.0,0.6892,"네, 네.",네.,불필요한 반복 제거,24.0,T4,구조검사 통과 시 유지,high_cps,35.5152027027027,28.84,P4,회귀검사 통과 시 유지
SSIS-652,사진 대조 재번역본,35,"00:02:19,060 --> 00:02:23,220",4.16,제가 찍은 작품 중에서는 드문 편이에요.,이번에는 실제로 삽입하는 장면도 있어요.,기쁘네요.,존댓말형,,,사진 장면 확인 및 한국어 번역투·ASR 오역 교정,높음,58.0,96.0,50.0,92.0,42.0,0.6133,0.0,22.0,0.0,18.0,0.1618,다음은 문 앞쪽이에요.,다음은 앞쪽이에요.,,23.93,T4,구조검사 통과 시 유지,formality_shift,35.388513513513516,28.74,P4,회귀검사 통과 시 유지
SSIS-652,사진 대조 재번역본,65,"00:05:00,530 --> 00:05:04,910",4.38,"이쪽은 앞서 안내한 층이고,
한 층 더 올라가겠습니다.",일단 올라가 볼게요.,깜짝 놀랐어.,존댓말형,,,사진 장면 확인 및 한국어 번역투·ASR 오역 교정,높음,58.0,96.0,50.0,92.0,42.0,0.64647,0.0,22.0,0.0,0.0,0.481,이 층은 앞서 안내드린 곳입니다. 위로 올라가겠습니다.,"이쪽은 앞서 안내한 층이고, 한 층 더 올라가겠습니다.",사진 장면 확인 및 한국어 번역투·ASR 오역 교정,23.9,T4,구조검사 통과 시 유지,,35.26182432432432,28.67,P4,회귀검사 통과 시 유지
SSIS-652,사진 대조 재번역본,103,"00:07:40,580 --> 00:07:41,440",0.86,귀여워.,"와, 귀여워요.",빙글 돌아가네.,중립·혼합형,,,,,45.0,80.0,50.0,78.0,55.0,0.23695,25.35,38.0,0.0,0.0,0.8613,엄청 귀여워.,매일 목욕해.,일본어 원문 + 타임스탬프 사진 + 장면 연속성,23.9,T4,구조검사 통과 시 유지,,35.26182432432432,28.67,P4,회귀검사 통과 시 유지
SSIS-652,사진 대조 재번역본,1043,"02:12:33,560 --> 02:12:34,360",0.8,조금만요.,조금만 안에 넣어도 돼요.,피곤해?,중립·혼합형,,,,,45.0,80.0,50.0,78.0,55.0,0.34553,0.0,38.0,0.0,0.0,0.2622,조금만 더 해 주세요.,조금만 더 해 줘.,일본어 원문 대조 + 자연스러운 한국어 대사 교정,23.89,T4,구조검사 통과 시 유지,,35.13513513513514,28.61,P4,회귀검사 통과 시 유지
SSIS-652,사진 대조 재번역본,529,"00:57:08,970 --> 00:57:09,690",0.72,기다릴게요.,알겠습니다.,너무 빨라.,중립·혼합형,,,,,45.0,80.0,50.0,78.0,55.0,0.3452,0.0,38.0,0.0,0.0,0.1079,조금 쉴게요.,조금 쉴게.,일본어 원문 대조 + 자연스러운 한국어 대사 교정,23.88,T4,구조검사 통과 시 유지,,35.05067567567568,28.57,P4,회귀검사 통과 시 유지
SSIS-652,사진 대조 재번역본,833,"01:25:03,430 --> 01:25:04,390",0.96,대충 골라 보자.,배고파졌어.,대충 알겠어.,중립·혼합형,,,사진 장면 확인 및 한국어 번역투·ASR 오역 교정,높음,58.0,96.0,50.0,92.0,42.0,0.64531,0.0,22.0,0.0,0.0,0.4934,한번 보자.,밖을 봐 보자.,일본어 원문 + 타임스탬프 사진 + 장면 연속성,23.86,T4,구조검사 통과 시 유지,,34.96621621621622,28.52,P4,회귀검사 통과 시 유지
SSIS-652,사진 대조 재번역본,514,"00:56:06,950 --> 00:56:09,810",2.86,쉬어? 쉴 틈은 없어.,조금 쉴까?,쉴 수 있을 리가 없지.,반응형,,,사진 장면 확인 및 한국어 번역투·ASR 오역 교정,높음,58.0,96.0,50.0,92.0,42.0,0.64499,0.0,22.0,0.0,0.0,0.3523,끝이 없어.,끝도 없네.,사진 장면 확인 및 한국어 번역투·ASR 오역 교정,23.85,T4,구조검사 통과 시 유지,,34.88175675675676,28.48,P4,회귀검사 통과 시 유지
SSIS-652,사진 대조 재번역본,231,"00:26:42,460 --> 00:26:43,200",0.74,긴장했어?,긴장이 풀려요. 그런데 여기 오니까 또…,더우니까…,반응형,,,,,45.0,80.0,50.0,78.0,55.0,0.34436,0.0,38.0,0.0,0.0,0.1993,부활했어?,다시 섰어?,일본어 원문 대조 + 자연스러운 한국어 대사 교정,23.84,T4,구조검사 통과 시 유지,,34.71283783783784,28.41,P4,회귀검사 통과 시 유지
SSIS-652,사진 대조 재번역본,349,"00:41:20,500 --> 00:41:21,360",0.86,커?,만져 줘.,몇 컵이에요?,중립·혼합형,,,,,45.0,80.0,50.0,78.0,55.0,0.34422,0.0,38.0,0.0,0.0,0.0832,커요...,야해요…,화면 영문 자막·연속 장면 대조,23.84,T4,구조검사 통과 시 유지,,34.71283783783784,28.41,P4,회귀검사 통과 시 유지
SSIS-652,사진 대조 재번역본,1094,"02:17:12,330 --> 02:17:13,330",1.0,"장, 응.",장 건강을 챙기는 거야?,주문했어?,반응형,,,,,45.0,80.0,50.0,78.0,55.0,0.3442,0.0,38.0,0.0,0.0,0.2776,"하-, 응.",하아… 응.,,23.84,T4,구조검사 통과 시 유지,,34.71283783783784,28.41,P4,회귀검사 통과 시 유지
SSIS-652,사진 대조 재번역본,1106,"02:18:38,540 --> 02:18:39,880",1.34,맛있잖아.,"건배하자, 지금 건배.",조금.,반응형,,,,,45.0,80.0,50.0,78.0,55.0,0.34378,0.0,38.0,0.0,0.0,0.4302,서 있잖아.,완전히 서 있잖아.,일본어 원문 대조 + 자연스러운 한국어 대사 교정,23.82,T4,구조검사 통과 시 유지,,34.54391891891892,28.32,P4,회귀검사 통과 시 유지
SSIS-652,사진 대조 재번역본,511,"00:55:59,110 --> 00:55:59,630",0.52,뭐?,금방 가 버렸잖아.,조금만 쉬었다가.,중립·혼합형,,,,,45.0,80.0,50.0,78.0,55.0,0.34345,0.0,38.0,0.0,0.0,0.3242,뭐? 아침에 졸려? 하고 바로…,뭐? 아침부터 졸리다고 해 놓고…,사진 장면 확인 및 한국어 번역투·ASR 오역 교정,23.8,T4,구조검사 통과 시 유지,,34.45945945945946,28.28,P4,회귀검사 통과 시 유지
SSIS-652,사진 대조 재번역본,521,"00:56:32,750 --> 00:56:34,210",1.46,아까 열심히 하겠다고 했지?,쉴게요.,"네, 그랬어요.",반응형,,,사진 장면 확인 및 한국어 번역투·ASR 오역 교정,높음,58.0,96.0,50.0,92.0,42.0,0.6409,0.0,22.0,0.0,0.0,0.5333,휴식도 열심히 하겠다고 했었나?,아까 열심히 하겠다고 했지?,사진 장면 확인 및 한국어 번역투·ASR 오역 교정,23.73,T4,구조검사 통과 시 유지,,34.375,28.2,P4,회귀검사 통과 시 유지
SSIS-652,사진 대조 재번역본,60,"00:04:21,120 --> 00:04:35,940",14.82,"건물 안으로 들어가 엘리베이터를 타면
위층에 수족관이 있어요. 저는 펭귄을 좋아해요.",기네요.,"펭귄이 정말 귀엽지 않아요?
걷는 모습이 특히 귀여워요.",반말형,,,사진 장면 확인 및 한국어 번역투·ASR 오역 교정,높음,58.0,96.0,50.0,92.0,42.0,0.6395,0.0,22.0,0.0,0.0,0.4179,이 건물 안에 있나 봐요. 그렇네요. 저쪽에 엘리베이터가 있고 위로 올라가면 수족관에 펭귄이 있어요. 저 펭귄 정말 좋아해요.,건물 안으로 들어가 엘리베이터를 타면 위층에 수족관이 있어요. 저는 펭귄을 좋아해요.,사진 장면 확인 및 한국어 번역투·ASR 오역 교정,23.69,T4,구조검사 통과 시 유지,,34.20608108108108,28.11,P4,회귀검사 통과 시 유지
SSIS-652,사진 대조 재번역본,154,"00:11:46,630 --> 00:11:47,550",0.92,단 거 좋아해?,멜론.,단 거 좋아해?,반응형,,,,,45.0,80.0,50.0,78.0,55.0,0.32891,2.74,38.0,0.0,0.0,0.6729,유두 좋아해?,젖꼭지 좋아해?,,23.69,T4,구조검사 통과 시 유지,,34.20608108108108,28.11,P4,회귀검사 통과 시 유지
SSIS-652,사진 대조 재번역본,772,"01:18:35,900 --> 01:18:35,940",0.04,아!,네?,아직 갈 수 있지?,반응형,,,,,45.0,80.0,50.0,78.0,55.0,0.17404,0.0,38.0,70.0,0.0,0.089,네! 어이!,"네, 잘 부탁드립니다!",사진 장면 확인 및 한국어 번역투·ASR 오역 교정,23.69,T4,구조검사 통과 시 유지,high_cps,34.20608108108108,28.11,P4,회귀검사 통과 시 유지
SSIS-652,사진 대조 재번역본,734,"01:12:33,730 --> 01:12:39,450",5.72,조금 힘이 빠진 것 같아.,이제 무리야?,네.,반응형,,,사진 장면 확인 및 한국어 번역투·ASR 오역 교정,높음,58.0,96.0,50.0,92.0,42.0,0.63881,0.0,22.0,0.0,0.0,0.5189,조금 빠질 것 같아.,조금 힘이 빠진 것 같아.,사진 장면 확인 및 한국어 번역투·ASR 오역 교정,23.67,T4,구조검사 통과 시 유지,,34.03716216216216,28.02,P4,회귀검사 통과 시 유지
SSIS-652,사진 대조 재번역본,396,"00:44:36,710 --> 00:44:37,690",0.98,기분 좋을까?,네.,"그럼, 좋아!",중립·혼합형,,,,,45.0,80.0,50.0,78.0,55.0,0.33996,0.0,38.0,0.0,0.0,0.2626,기분 좋아.,"아, 좋아.",화면 영문 자막 대조,23.66,T4,구조검사 통과 시 유지,,33.9527027027027,27.98,P4,회귀검사 통과 시 유지
SSIS-652,사진 대조 재번역본,919,"01:35:00,000 --> 01:35:01,780",1.78,이제 정말 무리예요.,"잠깐, 이제 정말 무리라니까요.",이제 무리예요. 재워 주세요.,존댓말형,,,사진 장면 확인 및 한국어 번역투·ASR 오역 교정,높음,58.0,96.0,50.0,92.0,42.0,0.5855,12.26,22.0,0.0,0.0,0.7522,"이제, 이제 무리예요.",이제 정말 무리예요.,사진 장면 확인 및 한국어 번역투·ASR 오역 교정,23.64,T4,구조검사 통과 시 유지,,33.86824324324324,27.94,P4,회귀검사 통과 시 유지
SSIS-652,사진 대조 재번역본,281,"00:30:55,080 --> 00:30:55,980",0.9,싫어?,뭐?,그건 아니잖아.,반응형,,,,,45.0,80.0,50.0,78.0,55.0,0.33801,0.0,38.0,0.0,0.0,0.4757,다리 예쁘단 말 듣는 거 싫어?,다리 예쁘다는 말 싫어?,일본어 원문 대조 + 자연스러운 한국어 대사 교정,23.58,T4,구조검사 통과 시 유지,,33.78378378378378,27.87,P4,회귀검사 통과 시 유지
SSIS-652,사진 대조 재번역본,1162,"02:24:06,660 --> 02:24:08,300",1.64,여기에?,한 번 더?,그런데 있잖아요.,중립·혼합형,,,,,45.0,80.0,50.0,78.0,55.0,0.33744,0.0,38.0,0.0,0.0,0.3291,여기에.,갑자기 여기서…,타임스탬프 사진과 앞뒤 장면으로 대사 기능 복원,23.55,T4,구조검사 통과 시 유지,,33.69932432432432,27.81,P4,회귀검사 통과 시 유지
SSIS-652,사진 대조 재번역본,727,"01:12:09,080 --> 01:12:09,240",0.16,응?,잠깐만.,얍.,반응형,,,,,45.0,80.0,50.0,78.0,55.0,0.33717,0.0,38.0,0.0,0.0,0.4417,응? 잠깐 기다려…,응? 잠깐만…,일본어 원문 대조 + 자연스러운 한국어 대사 교정,23.54,T4,구조검사 통과 시 유지,,33.61486486486486,27.77,P4,회귀검사 통과 시 유지
SSIS-652,사진 대조 재번역본,121,"00:08:46,520 --> 00:08:48,580",2.06,따라가고 싶어.,따라가고 싶어.,하하하.,반응형,,,,,45.0,80.0,50.0,78.0,55.0,0.33654,0.0,38.0,0.0,0.0,0.3754,넣고 싶어.,빨리 넣고 싶어.,일본어 원문 대조 + 자연스러운 한국어 대사 교정,23.51,T4,구조검사 통과 시 유지,,33.5304054054054,27.72,P4,회귀검사 통과 시 유지
SSIS-652,사진 대조 재번역본,119,"00:08:40,860 --> 00:08:41,860",1.0,무서워.,잡아 보고 싶어.,따라가고 싶어.,중립·혼합형,,,,,45.0,80.0,50.0,78.0,55.0,0.20359,30.66,38.0,0.0,0.0,0.9055,좀 더 무서워.,좀 무서워.,,23.45,T4,구조검사 통과 시 유지,,33.44594594594595,27.65,P4,회귀검사 통과 시 유지
SSIS-652,사진 대조 재번역본,967,"02:05:00,650 --> 02:05:01,350",0.7,안 돼?,좋은 느낌으로 찍어 주세요.,다음에는 더 높은 곳을 보여 드릴게요.,중립·혼합형,,,,,45.0,80.0,50.0,78.0,55.0,0.33429,0.0,38.0,0.0,0.0,0.5713,유두는 안 돼?,젖꼭지는 안 돼?,,23.42,T4,구조검사 통과 시 유지,,33.361486486486484,27.6,P4,회귀검사 통과 시 유지
SSIS-652,사진 대조 재번역본,741,"01:12:55,450 --> 01:12:56,170",0.72,죄송해요.,뭔가 정말 미안해.,네?,반말형,,,,,45.0,80.0,50.0,78.0,55.0,0.28708,10.93,38.0,0.0,0.0,0.7411,"하앗, 죄송해요.","하앗, 기분 좋아요.",장면·앞뒤 반응 복원,23.41,T4,구조검사 통과 시 유지,,33.27702702702703,27.55,P4,회귀검사 통과 시 유지
SSIS-652,사진 대조 재번역본,1014,"02:10:17,270 --> 02:10:18,530",1.26,기분 좋아?,그러니까?,응.,반응형,,,,,45.0,80.0,50.0,78.0,55.0,0.33335,0.0,38.0,0.0,0.0,0.5975,"아, 거기... 기분 좋아?","아, 거기… 기분 좋아?",,23.38,T4,구조검사 통과 시 유지,,33.15033783783784,27.48,P4,회귀검사 통과 시 유지
SSIS-652,사진 대조 재번역본,1056,"02:13:58,580 --> 02:13:58,920",0.34,어때?,고마워.,왜?,반응형,,,타임스탬프 사진과 앞뒤 장면으로 대사 기능 복원,중간,38.0,78.0,50.0,78.0,62.0,0.31522,1.92,38.0,0.0,0.0,0.666,어때? 맛은?,어때? 맛 평가해 줘.,일본어 원문 대조 + 자연스러운 한국어 대사 교정,23.38,T4,구조검사 통과 시 유지,,33.15033783783784,27.48,P4,회귀검사 통과 시 유지
SSIS-652,사진 대조 재번역본,879,"01:30:47,900 --> 01:30:48,780",0.88,건배.,네.,배불러.,중립·혼합형,,,,,45.0,80.0,50.0,78.0,55.0,0.33284,0.0,38.0,0.0,0.0,0.0455,여기서 하는 건 역시 좋아.,역시 가까이서 보니까 좋네요.,사진 장면 확인 및 한국어 번역투·ASR 오역 교정,23.36,T4,구조검사 통과 시 유지,,33.02364864864865,27.42,P4,회귀검사 통과 시 유지
SSIS-652,사진 대조 재번역본,1023,"02:10:59,340 --> 02:11:00,380",1.04,몸이 야하게 달라붙네.,아.,조금 아프기도 해.,반말형,,,사진 장면 확인 및 한국어 번역투·ASR 오역 교정,높음,58.0,96.0,50.0,92.0,42.0,0.6284,0.0,22.0,0.0,0.0,0.4693,뭔가 야하게 달라붙어?,몸이 야하게 달라붙네.,사진 장면 확인 및 한국어 번역투·ASR 오역 교정,23.35,T4,구조검사 통과 시 유지,,32.939189189189186,27.38,P4,회귀검사 통과 시 유지
SSIS-652,사진 대조 재번역본,517,"00:56:15,810 --> 00:56:15,850",0.04,쉬고 싶어?,쉴 틈은 없어.,죄송해요.,반응형,,,사진 장면 확인 및 한국어 번역투·ASR 오역 교정,높음,58.0,96.0,50.0,92.0,42.0,0.46049,0.0,22.0,70.0,0.0,0.5533,잘 빨고 싶어?,계속 빨고 싶어?,일본어 원문 대조 + 자연스러운 한국어 대사 교정,23.31,T4,구조검사 통과 시 유지,high_cps,32.85472972972973,27.32,P4,회귀검사 통과 시 유지
SSIS-652,사진 대조 재번역본,147,"00:11:30,060 --> 00:11:31,300",1.24,제일 좋아하는 과일.,맛있어요.,제일 좋아하는 과일.,반응형,,,,,45.0,80.0,50.0,78.0,55.0,0.33144,0.0,38.0,0.0,0.0,0.3615,다리 좋아하는 남자.,다리 좋아하는 남자 많잖아.,일본어 원문 대조 + 자연스러운 한국어 대사 교정,23.3,T4,구조검사 통과 시 유지,,32.77027027027027,27.28,P4,회귀검사 통과 시 유지
SSIS-652,사진 대조 재번역본,39,"00:02:32,580 --> 00:02:33,540",0.96,그러면 기쁠 것 같아요.,"보는 분들도 제가 상대해 주는 기분을
느껴 주셨으면 좋겠어요.",감사합니다.,반응형,,,사진 장면 확인 및 한국어 번역투·ASR 오역 교정,높음,58.0,96.0,50.0,92.0,42.0,0.55158,17.49,22.0,0.0,0.0,0.7957,기쁠 것 같아요.,그러면 기쁠 것 같아요.,사진 장면 확인 및 한국어 번역투·ASR 오역 교정,23.29,T4,구조검사 통과 시 유지,,32.60135135135135,27.2,P4,회귀검사 통과 시 유지
SSIS-652,사진 대조 재번역본,445,"00:50:42,840 --> 00:50:43,580",0.74,그런데도?,이거 쓰는 거야?,그러면서?,중립·혼합형,,,,,45.0,80.0,50.0,78.0,55.0,0.33129,0.0,38.0,0.0,0.0,0.1353,그런데 얘랑 단둘이 자고 있었던 건가...,그런데 얘랑 단둘이 자고 있었던 건가…,,23.29,T4,구조검사 통과 시 유지,,32.60135135135135,27.2,P4,회귀검사 통과 시 유지
SSIS-652,사진 대조 재번역본,1160,"02:24:01,740 --> 02:24:03,160",1.42,한 번 더?,한 번 더 할 수 있을 것 같지 않아?,한 번 더?,중립·혼합형,,,,,45.0,80.0,50.0,78.0,55.0,0.33121,0.0,38.0,0.0,0.0,0.2736,한 번 정도...,한 번 정도…,,23.29,T4,구조검사 통과 시 유지,,32.60135135135135,27.2,P4,회귀검사 통과 시 유지
SSIS-652,사진 대조 재번역본,498,"00:55:05,400 --> 00:55:06,480",1.08,다시 씌워 주세요.,앗.,앗.,존댓말형,,,사진 장면 확인 및 한국어 번역투·ASR 오역 교정,높음,58.0,96.0,50.0,92.0,42.0,0.62611,0.0,22.0,0.0,0.0,0.4477,쉬어 주세요.,잠깐 쉬게 해 주세요.,사진 장면 확인 및 한국어 번역투·ASR 오역 교정,23.28,T4,구조검사 통과 시 유지,,32.3902027027027,27.11,P4,회귀검사 통과 시 유지
SSIS-652,사진 대조 재번역본,1171,"02:24:37,680 --> 02:24:38,400",0.72,어때요?,응.,"아, 더워, 더워, 더워, 더워, 더워, 더워.",반응형,,,,,45.0,80.0,50.0,78.0,55.0,0.24605,19.84,38.0,0.0,0.0,0.8153,"잠깐, 어때요?","잠깐, 괜찮아요?",사진 장면 확인 및 한국어 번역투·ASR 오역 교정,23.28,T4,구조검사 통과 시 유지,,32.3902027027027,27.11,P4,회귀검사 통과 시 유지
SSIS-652,사진 대조 재번역본,136,"00:10:17,400 --> 00:10:18,200",0.8,일단 내려가 볼게요.,응?,포장이에요.,중립·혼합형,,,사진 장면 확인 및 한국어 번역투·ASR 오역 교정,높음,58.0,96.0,50.0,92.0,42.0,0.62556,0.0,22.0,0.0,0.0,0.3611,일단 해 줘.,일단 넣어 줘.,일본어 원문 대조 + 자연스러운 한국어 대사 교정,23.27,T4,구조검사 통과 시 유지,,32.22128378378378,27.03,P4,회귀검사 통과 시 유지
SSIS-652,사진 대조 재번역본,800,"01:21:37,400 --> 01:21:38,000",0.6,괜찮아요.,괜찮아요.,괜찮아?,반응형,,,,,45.0,80.0,50.0,78.0,55.0,0.28852,9.87,38.0,0.0,0.0,0.7322,말해도 괜찮아요.,"괜찮아, 계속해.",일본어 원문 대조 + 자연스러운 한국어 대사 교정,23.27,T4,구조검사 통과 시 유지,,32.22128378378378,27.03,P4,회귀검사 통과 시 유지
SSIS-652,사진 대조 재번역본,1012,"02:10:00,670 --> 02:10:01,850",1.18,그러니까?,깨끗이 닦아 줄까.,그러니까?,중립·혼합형,,,,,45.0,80.0,50.0,78.0,55.0,0.33047,0.0,38.0,0.0,0.0,0.4377,어... 그러니까.,어… 그러니까.,,23.26,T4,구조검사 통과 시 유지,,32.0945945945946,26.97,P4,회귀검사 통과 시 유지
SSIS-652,사진 대조 재번역본,378,"00:42:51,300 --> 00:42:52,280",0.98,기분 좋게.,제대로 만질 거야?,옷 위로 만져도 돼?,중립·혼합형,,,,,45.0,80.0,50.0,78.0,55.0,0.32839,0.0,38.0,0.0,0.0,0.3363,"누나, 기분 좋게 해 줄게.",나도 기분 좋게 해 줄게.,사진 장면 확인 및 한국어 번역투·ASR 오역 교정,23.17,T4,구조검사 통과 시 유지,,31.967905405405407,26.87,P4,회귀검사 통과 시 유지
SSIS-652,사진 대조 재번역본,848,"01:27:00,750 --> 01:27:01,650",0.9,저기예요.,대단하잖아.,"아, 저거구나.",존댓말형,,,,,45.0,80.0,50.0,78.0,55.0,0.32844,0.0,38.0,0.0,0.0,0.1647,배예요.,배 쪽이요.,일본어 원문 대조 + 자연스러운 한국어 대사 교정,23.17,T4,구조검사 통과 시 유지,,31.967905405405407,26.87,P4,회귀검사 통과 시 유지
SSIS-652,사진 대조 재번역본,115,"00:08:09,480 --> 00:08:10,460",0.98,방금 뭐였어?,이게 뭐야?,새 같아.,반응형,,,,,45.0,80.0,50.0,78.0,55.0,0.32802,0.0,38.0,0.0,0.0,0.1806,직원 방에 가 버릴 사람. 방금 잠든 척했지.,"직원 방에 갈 사람처럼 굴더니, 방금 잠든 척한 거지?",사진 장면 확인 및 한국어 번역투·ASR 오역 교정,23.16,T4,구조검사 통과 시 유지,,31.714527027027028,26.75,P4,회귀검사 통과 시 유지
SSIS-652,사진 대조 재번역본,880,"01:31:19,060 --> 01:31:20,280",1.22,배불러.,건배.,맛있었어?,중립·혼합형,,,,,45.0,80.0,50.0,78.0,55.0,0.328,0.0,38.0,0.0,0.0,0.1308,"뭐, 먹으러.",벌써부터 그러지 마.,손상된 일본어 ASR + 타임스탬프 사진 + 앞뒤 문맥 추론,23.16,T4,구조검사 통과 시 유지,,31.714527027027028,26.75,P4,회귀검사 통과 시 유지
SSIS-652,사진 대조 재번역본,926,"01:38:13,110 --> 01:38:13,630",0.52,싫어.,할 수 있었잖아?,위험해.,반응형,,,,,45.0,80.0,50.0,78.0,55.0,0.3187,2.18,38.0,0.0,0.0,0.6682,"음-, 싫어.",음… 싫어.,,23.16,T4,구조검사 통과 시 유지,,31.714527027027028,26.75,P4,회귀검사 통과 시 유지
SSIS-652,사진 대조 재번역본,1004,"02:08:15,920 --> 02:08:18,000",2.08,후후후후.,젖꼭지는 안 돼?,후후후.,중립·혼합형,,,,,45.0,80.0,50.0,78.0,55.0,0.3282,0.0,38.0,0.0,0.0,0.371,"후후후, 어서 와.","후후후, 차가워!",손상된 일본어 ASR + 타임스탬프 사진 + 앞뒤 문맥 추론,23.16,T4,구조검사 통과 시 유지,,31.714527027027028,26.75,P4,회귀검사 통과 시 유지
SSIS-652,사진 대조 재번역본,316,"00:35:32,040 --> 00:35:34,100",2.06,뭐야?,맛있어.,숨소리까지 다 들려.,반말형,,,,,45.0,80.0,50.0,78.0,55.0,0.29975,6.44,38.0,0.0,0.0,0.7036,"아, 아... 뭐야?","아, 아… 뭐야?",,23.13,T4,구조검사 통과 시 유지,,31.461148648648653,26.63,P4,회귀검사 통과 시 유지
SSIS-652,사진 대조 재번역본,1117,"02:19:16,260 --> 02:19:17,180",0.92,먹고 있어?,맛있어.,먹고 있어?,반응형,,,,,45.0,80.0,50.0,78.0,55.0,0.32731,0.0,38.0,0.0,0.0,0.5369,자고 있어?,땀나?,사진 장면 확인 및 한국어 번역투·ASR 오역 교정,23.13,T4,구조검사 통과 시 유지,,31.461148648648653,26.63,P4,회귀검사 통과 시 유지
SSIS-652,사진 대조 재번역본,97,"00:07:30,160 --> 00:07:30,720",0.56,바다사자는?,바다사자는 저쪽에.,바다사자?,중립·혼합형,,,,,45.0,80.0,50.0,78.0,55.0,0.32719,0.0,38.0,0.0,0.0,0.1194,바다 더럽네.,진짜 예쁘네.,일본어 원문 대조 + 자연스러운 한국어 대사 교정,23.12,T4,구조검사 통과 시 유지,,31.29222972972973,26.55,P4,회귀검사 통과 시 유지
SSIS-652,사진 대조 재번역본,866,"01:28:45,250 --> 01:28:47,010",1.76,속옷을 안 입은 것처럼 보이네요.,슉!,매장에서 신분증을 확인할 수도 있습니다.,반말형,,,사진 장면 확인 및 한국어 번역투·ASR 오역 교정,높음,58.0,96.0,50.0,92.0,42.0,0.48553,23.52,22.0,0.0,18.0,0.846,안 입은 것처럼 보이네요.,속옷을 안 입은 것처럼 보이네요.,사진 장면 확인 및 한국어 번역투·ASR 오역 교정,23.12,T4,구조검사 통과 시 유지,formality_shift,31.29222972972973,26.55,P4,회귀검사 통과 시 유지
SSIS-652,사진 대조 재번역본,672,"01:09:53,250 --> 01:09:54,030",0.78,두 번째?,이번엔 두 번째로.,네.,중립·혼합형,,,,,45.0,80.0,50.0,78.0,55.0,0.32692,0.0,38.0,0.0,0.0,0.3277,"두 번째, 두 번째로.",이번엔 두 번째로.,사진 장면 확인 및 한국어 번역투·ASR 오역 교정,23.11,T4,구조검사 통과 시 유지,,31.165540540540544,26.49,P4,회귀검사 통과 시 유지
SSIS-652,사진 대조 재번역본,10,"00:00:39,220 --> 00:00:39,640",0.42,맞아요.,"오늘 기획은 요즘 S1에서 많이 하는
1박 2일 숙박 촬영이죠.",너무 거칠게 몰아붙이기보다는 상대 반응을 보면서 자극했던 것 같아요.,반응형,,,,,45.0,80.0,50.0,78.0,55.0,0.32663,0.0,38.0,0.0,0.0,0.5141,몸을 생각하면 제대로 하는 게 맞아요.,몸에 무리가 가지 않게 제대로 해야 해요.,,23.1,T4,구조검사 통과 시 유지,,31.08108108108108,26.45,P4,회귀검사 통과 시 유지
SSIS-652,사진 대조 재번역본,446,"00:50:45,120 --> 00:50:46,020",0.9,그러면서?,그런데도?,이거 쓰고 있어?,중립·혼합형,,,,,45.0,80.0,50.0,78.0,55.0,0.32592,0.0,38.0,0.0,0.0,0.1687,전부 다 그러면 큰일이지. 그렇지 않아.,다 그러면 큰일 나죠. 저는 안 가요.,사진 장면 확인 및 한국어 번역투·ASR 오역 교정,23.07,T4,구조검사 통과 시 유지,,30.99662162162162,26.4,P4,회귀검사 통과 시 유지
SSIS-652,사진 대조 재번역본,164,"00:12:20,560 --> 00:12:21,740",1.18,아까 사람이 좀 많았으니까.,잘됐네.,사람이요?,반응형,,,사진 장면 확인 및 한국어 번역투·ASR 오역 교정,높음,58.0,96.0,50.0,92.0,42.0,0.6188,0.0,22.0,0.0,0.0,0.2564,사람이 더 없어졌어.,사람이 완전히 없어졌네.,일본어 원문 대조 + 자연스러운 한국어 대사 교정,23.06,T4,구조검사 통과 시 유지,,30.869932432432435,26.34,P4,회귀검사 통과 시 유지
SSIS-652,사진 대조 재번역본,835,"01:25:13,400 --> 01:25:14,040",0.64,뭐?,대충 알겠어.,조금 천천히 가자.,중립·혼합형,,,,,45.0,80.0,50.0,78.0,55.0,0.32578,0.0,38.0,0.0,0.0,0.3242,뭐? 아침에 졸려? 하고 바로…,뭐? 아침부터 졸리다고 해 놓고…,사진 장면 확인 및 한국어 번역투·ASR 오역 교정,23.06,T4,구조검사 통과 시 유지,,30.869932432432435,26.34,P4,회귀검사 통과 시 유지
SSIS-652,사진 대조 재번역본,27,"00:01:56,700 --> 00:01:56,940",0.24,저요.,"음, 저 자신이요.",지금 일을 오래 계속하는 게 목표예요.,중립·혼합형,,,,,45.0,80.0,50.0,78.0,55.0,0.32546,0.0,38.0,0.0,0.0,0.0752,"저, 저기, 잠깐만 쉬게 해 주세요.","저기, 잠깐만… 그만해.",장면과 충돌한 긴 반복 자막 교정,23.05,T4,구조검사 통과 시 유지,,30.743243243243246,26.28,P4,회귀검사 통과 시 유지
SSIS-652,사진 대조 재번역본,834,"01:25:04,390 --> 01:25:04,910",0.52,대충 알겠어.,대충 골라 보자.,뭐?,반응형,,,사진 장면 확인 및 한국어 번역투·ASR 오역 교정,높음,58.0,96.0,50.0,92.0,42.0,0.61717,0.05,22.0,0.0,0.0,0.6504,왠지 알겠어.,어떻게 알았어?,손상된 일본어 ASR + 타임스탬프 사진 + 앞뒤 문맥 추론,23.02,T4,구조검사 통과 시 유지,,30.658783783783782,26.23,P4,회귀검사 통과 시 유지
SSIS-652,사진 대조 재번역본,975,"02:05:52,370 --> 02:05:56,760",4.39,섹시해?,절반.,속옷은?,반말형,,,,,45.0,80.0,50.0,78.0,55.0,0.32375,0.0,38.0,0.0,0.0,0.1218,원해?,만져 줬으면 해?,일본어 원문 대조 + 자연스러운 한국어 대사 교정,22.98,T4,구조검사 통과 시 유지,,30.574324324324326,26.17,P4,회귀검사 통과 시 유지
SSIS-652,사진 대조 재번역본,670,"01:09:38,900 --> 01:09:42,710",3.81,"있잖아, 아직 제대로 못 했잖아.",감사합니다.,이번엔 두 번째로.,반응형,,,사진 장면 확인 및 한국어 번역투·ASR 오역 교정,높음,58.0,96.0,50.0,92.0,42.0,0.61583,0.0,22.0,0.0,0.0,0.5983,"있잖아, 전혀 못 했잖아. 별거 없네.","있잖아, 아직 제대로 못 했잖아.",사진 장면 확인 및 한국어 번역투·ASR 오역 교정,22.97,T4,구조검사 통과 시 유지,,30.489864864864863,26.13,P4,회귀검사 통과 시 유지
SSIS-652,사진 대조 재번역본,38,"00:02:27,740 --> 00:02:32,580",4.84,"보는 분들도 제가 상대해 주는 기분을
느껴 주셨으면 좋겠어요.",그 장면도 꼭 봐 주셨으면 해요.,그러면 기쁠 것 같아요.,반말형,,,사진 장면 확인 및 한국어 번역투·ASR 오역 교정,높음,58.0,96.0,50.0,92.0,42.0,0.59257,5.29,22.0,0.0,0.0,0.6941,보는 분들도 제가 상대하는 기분을 느껴 주셨으면 해요.,보는 분들도 제가 상대해 주는 기분을 느껴 주셨으면 좋겠어요.,사진 장면 확인 및 한국어 번역투·ASR 오역 교정,22.95,T4,구조검사 통과 시 유지,,30.405405405405407,26.08,P4,회귀검사 통과 시 유지
SSIS-652,사진 대조 재번역본,1132,"02:20:22,210 --> 02:20:22,690",0.48,어때요?,드세요.,힘든 것 같아요.,반응형,,,타임스탬프 사진과 앞뒤 장면으로 대사 기능 복원,중간,38.0,78.0,50.0,78.0,62.0,0.22778,19.84,38.0,0.0,0.0,0.8153,"잠깐, 어때요?","잠깐, 괜찮아요?",사진 장면 확인 및 한국어 번역투·ASR 오역 교정,22.94,T4,구조검사 통과 시 유지,,30.320945945945947,26.04,P4,회귀검사 통과 시 유지
SSIS-652,사진 대조 재번역본,436,"00:50:30,680 --> 00:50:31,200",0.52,들어갔지?,응.,네.,반응형,,,,,45.0,80.0,50.0,78.0,55.0,0.3221,0.0,38.0,0.0,0.0,0.2738,안 들어갔어.,밖 좀 봐봐.,일본어 원문 + 타임스탬프 사진 + 장면 연속성,22.91,T4,구조검사 통과 시 유지,,30.194256756756754,25.97,P4,회귀검사 통과 시 유지
SSIS-652,사진 대조 재번역본,641,"01:05:39,860 --> 01:05:41,640",1.78,뜨거워요?,뭔가 걸려 있어.,소리 내 버렸어요?,중립·혼합형,,,,,45.0,80.0,50.0,78.0,55.0,0.32226,0.0,38.0,0.0,0.0,0.5216,속이 뜨거워요.,"그래, 사야.",화면 영문 자막 대조,22.91,T4,구조검사 통과 시 유지,,30.194256756756754,25.97,P4,회귀검사 통과 시 유지
SSIS-652,사진 대조 재번역본,528,"00:57:04,190 --> 00:57:04,950",0.76,알겠습니다.,아직 부족하니까 갈아입고 올게.,기다릴게요.,존댓말형,,,,,45.0,80.0,50.0,78.0,55.0,0.32035,0.0,38.0,0.0,0.0,0.5819,정말 바로 시작이네요. 알겠습니다.,정말 바로 시작하네요. 알겠습니다.,한국어 어순 교정,22.83,T4,구조검사 통과 시 유지,,30.02533783783784,25.85,P4,회귀검사 통과 시 유지
SSIS-652,사진 대조 재번역본,1028,"02:11:24,330 --> 02:11:24,950",0.62,"응, 응, 응, 응.",조금 더.,금방 숨이 가빠지네.,반응형,,,,,45.0,80.0,50.0,78.0,55.0,0.32012,0.0,38.0,0.0,0.0,0.5166,"응, 더...","응, 더…",,22.83,T4,구조검사 통과 시 유지,,30.02533783783784,25.85,P4,회귀검사 통과 시 유지
SSIS-652,사진 대조 재번역본,292,"00:32:06,020 --> 00:32:06,620",0.6,안 보이네요.,안 보이네요.,안 보여. 안 보여.,반말형,,,,,45.0,80.0,50.0,78.0,55.0,0.29834,5.04,38.0,0.0,0.0,0.692,안 입은 것처럼 보이네요.,속옷을 안 입은 것처럼 보이네요.,사진 장면 확인 및 한국어 번역투·ASR 오역 교정,22.82,T4,구조검사 통과 시 유지,,29.898648648648653,25.79,P4,회귀검사 통과 시 유지
SSIS-652,사진 대조 재번역본,152,"00:11:40,500 --> 00:11:41,180",0.68,멜론.,그다음은.,멜론.,중립·혼합형,,,,,45.0,80.0,50.0,78.0,55.0,0.31946,0.0,38.0,0.0,0.0,0.0047,안 돼.,"네, 놀랐어요.",타임스탬프 사진과 앞뒤 장면으로 대사 기능 복원,22.8,T4,구조검사 통과 시 유지,,29.771959459459456,25.73,P4,회귀검사 통과 시 유지
SSIS-652,사진 대조 재번역본,360,"00:41:58,420 --> 00:41:59,060",0.64,바보야?,바보야?,바보한테는 못 만지게 해 줄 거야.,반말형,,,,,45.0,80.0,50.0,78.0,55.0,0.31944,0.0,38.0,0.0,0.0,0.0808,핥아주길 바라는 거야?,핥아 주길 바라는 거야?,,22.8,T4,구조검사 통과 시 유지,,29.771959459459456,25.73,P4,회귀검사 통과 시 유지
SSIS-652,사진 대조 재번역본,544,"00:58:02,090 --> 00:58:02,750",0.66,귀여워?,엄청 귀여워요.,네.,중립·혼합형,,,,,45.0,80.0,50.0,78.0,55.0,0.31888,0.0,38.0,0.0,0.0,0.4639,"민낯은 귀여운 계열이네. 에이, 안 귀여워?","민낯은 귀여운 느낌이네. 에이, 안 귀여워?",일본어 원문 대조 + 자연스러운 한국어 대사 교정,22.77,T4,구조검사 통과 시 유지,,29.64527027027027,25.66,P4,회귀검사 통과 시 유지
SSIS-652,사진 대조 재번역본,317,"00:35:58,860 --> 00:35:59,860",1.0,숨소리까지 다 들려.,뭐야?,10분.,반말형,,,사진 장면 확인 및 한국어 번역투·ASR 오역 교정,높음,58.0,96.0,50.0,92.0,42.0,0.60865,0.0,22.0,0.0,0.0,0.4778,소리가 다 들려.,소리가 다 들리네.,손상된 일본어 ASR + 타임스탬프 사진 + 앞뒤 문맥 추론,22.75,T4,구조검사 통과 시 유지,,29.56081081081081,25.61,P4,회귀검사 통과 시 유지
SSIS-652,사진 대조 재번역본,367,"00:42:16,160 --> 00:42:16,900",0.74,정말이에요.,바보 아니에요.,바보가 아니야?,존댓말형,,,,,45.0,80.0,50.0,78.0,55.0,0.28377,0.0,38.0,0.0,18.0,0.2303,다음은 앞쪽이에요.,다음은 이쪽이에요.,타임스탬프 사진과 앞뒤 장면으로 대사 기능 복원,22.74,T4,구조검사 통과 시 유지,formality_shift,29.476351351351347,25.57,P4,회귀검사 통과 시 유지
SSIS-652,사진 대조 재번역본,832,"01:24:52,720 --> 01:24:54,640",1.92,배고파졌어.,알겠습니다.,대충 골라 보자.,반응형,,,,,45.0,80.0,50.0,78.0,55.0,0.31707,0.0,38.0,0.0,0.0,0.139,조금 무서워졌어.,아… 너무 깊어.,손상된 일본어 ASR + 타임스탬프 사진 + 앞뒤 문맥 추론,22.7,T4,구조검사 통과 시 유지,,29.39189189189189,25.51,P4,회귀검사 통과 시 유지
SSIS-652,사진 대조 재번역본,111,"00:08:01,540 --> 00:08:02,960",1.42,위에?,"위, 위.",이거?,중립·혼합형,,,,,45.0,80.0,50.0,78.0,55.0,0.31692,0.0,38.0,0.0,0.0,0.1711,위에 올라타.,대단하다.,일본어 원문 + 타임스탬프 사진 + 장면 연속성,22.69,T4,구조검사 통과 시 유지,,29.2652027027027,25.45,P4,회귀검사 통과 시 유지
SSIS-652,사진 대조 재번역본,241,"00:27:19,320 --> 00:27:20,140",0.82,좋아하지?,좋아.,네.,반응형,,,,,45.0,80.0,50.0,78.0,55.0,0.22252,22.03,38.0,0.0,0.0,0.8336,이런 거 좋아하지?,묶여 있는 거 좋아하지?,,22.69,T4,구조검사 통과 시 유지,,29.2652027027027,25.45,P4,회귀검사 통과 시 유지
SSIS-652,사진 대조 재번역본,19,"00:01:34,360 --> 00:01:35,940",1.58,좋아하는 음식은 채소와 과일이에요.,요즘 빠져 있는 건 암반욕이나 사우나예요.,싫어하는 음식은 딱히 없어요.,반응형,,,사진 장면 확인 및 한국어 번역투·ASR 오역 교정,높음,58.0,96.0,50.0,92.0,42.0,0.60442,0.0,22.0,0.0,0.0,0.4673,채소와 과일이요.,좋아하는 음식은 채소와 과일이에요.,사진 장면 확인 및 한국어 번역투·ASR 오역 교정,22.63,T4,구조검사 통과 시 유지,,29.138513513513516,25.36,P4,회귀검사 통과 시 유지
SSIS-652,사진 대조 재번역본,64,"00:04:58,250 --> 00:04:59,170",0.92,일단 올라가 볼게요.,조금 걸어요.,"이쪽은 앞서 안내한 층이고,
한 층 더 올라가겠습니다.",중립·혼합형,,,사진 장면 확인 및 한국어 번역투·ASR 오역 교정,높음,58.0,96.0,50.0,92.0,42.0,0.60267,0.0,22.0,0.0,0.0,0.3623,일단 해 줘.,일단 넣어 줘.,일본어 원문 대조 + 자연스러운 한국어 대사 교정,22.57,T4,구조검사 통과 시 유지,,29.054054054054053,25.29,P4,회귀검사 통과 시 유지
SSIS-652,사진 대조 재번역본,74,"00:05:46,120 --> 00:05:51,280",5.16,그래도 안으로 들어가면 시원해요.,정말 덥네요.,기다려.,반응형,,,사진 장면 확인 및 한국어 번역투·ASR 오역 교정,높음,58.0,96.0,50.0,92.0,42.0,0.59923,0.0,22.0,0.0,0.0,0.323,안으로 들어가는 곳...,안으로 들어가는 곳…,,22.47,T4,구조검사 통과 시 유지,,28.969594594594593,25.2,P4,회귀검사 통과 시 유지
SSIS-652,사진 대조 재번역본,216,"00:25:51,320 --> 00:25:52,480",1.16,"맛있어, 맛있어.",맛있어?,샴페인.,반응형,,,,,45.0,80.0,50.0,78.0,55.0,0.3097,0.0,38.0,0.0,0.0,0.5175,"음-, 맛있어.",음… 맛있어.,,22.39,T4,구조검사 통과 시 유지,,28.885135135135137,25.12,P4,회귀검사 통과 시 유지
SSIS-652,사진 대조 재번역본,77,"00:05:57,360 --> 00:06:00,540",3.18,다정한 느낌이에요.,"아, 괜찮아요?",예쁘네요.,존댓말형,,,,,45.0,80.0,50.0,78.0,55.0,0.24271,0.0,38.0,0.0,35.0,0.487,뭔가 분위기가 달라진 느낌이에요.,분위기가 확 달라졌어요.,사진 장면 확인 및 한국어 번역투·ASR 오역 교정,22.37,T4,구조검사 통과 시 유지,formality_jump,28.800675675675674,25.07,P4,회귀검사 통과 시 유지
SSIS-652,사진 대조 재번역본,538,"00:57:52,330 --> 00:57:53,030",0.7,귀여워?,정말 귀여워요.,네.,중립·혼합형,,,,,45.0,80.0,50.0,78.0,55.0,0.30876,0.0,38.0,0.0,0.0,0.4639,"민낯은 귀여운 계열이네. 에이, 안 귀여워?","민낯은 귀여운 느낌이네. 에이, 안 귀여워?",일본어 원문 대조 + 자연스러운 한국어 대사 교정,22.35,T4,구조검사 통과 시 유지,,28.716216216216218,25.02,P4,회귀검사 통과 시 유지
SSIS-652,사진 대조 재번역본,342,"00:40:26,580 --> 00:40:27,080",0.5,가 버리겠네.,가 버리겠네.,안 되겠네.,반말형,,,사진 장면 확인 및 한국어 번역투·ASR 오역 교정,높음,58.0,96.0,50.0,92.0,42.0,0.47741,27.39,22.0,0.0,0.0,0.8782,자 버리겠네.,또 가 버리겠네.,사진 장면 확인 및 한국어 번역투·ASR 오역 교정,22.34,T4,구조검사 통과 시 유지,,28.631756756756754,24.98,P4,회귀검사 통과 시 유지
SSIS-652,사진 대조 재번역본,895,"01:32:06,080 --> 01:32:06,120",0.04,네.,불 좀 바꿔 줘. 네.,"잘 자요. 빠르네.
말하자마자 바로 잠드는구나.",반말형,,,,,45.0,80.0,50.0,78.0,55.0,0.12152,4.71,38.0,70.0,0.0,0.6892,"네, 네.",네.,불필요한 반복 제거,22.33,T4,구조검사 통과 시 유지,high_cps,28.5472972972973,24.94,P4,회귀검사 통과 시 유지
SSIS-652,사진 대조 재번역본,1155,"02:23:35,290 --> 02:23:37,290",2.0,맛있어.,삼킬 수 없어.,못 먹겠어?,반응형,,,,,45.0,80.0,50.0,78.0,55.0,0.29948,1.94,38.0,0.0,0.0,0.6662,"음-, 맛있어.",음… 맛있어.,,22.31,T4,구조검사 통과 시 유지,,28.46283783783784,24.89,P4,회귀검사 통과 시 유지
SSIS-652,사진 대조 재번역본,638,"01:05:27,320 --> 01:05:28,500",1.18,이렇게요?,앗!,"앗, 거기.",중립·혼합형,,,,,45.0,80.0,50.0,78.0,55.0,0.30765,0.0,38.0,0.0,0.0,0.2197,이렇게...,이렇게…,,22.3,T4,구조검사 통과 시 유지,,28.37837837837838,24.85,P4,회귀검사 통과 시 유지
SSIS-652,사진 대조 재번역본,799,"01:21:35,300 --> 01:21:36,500",1.2,괜찮아요.,가르쳐 드릴게요.,괜찮아요.,반응형,,,,,45.0,80.0,50.0,78.0,55.0,0.26518,9.87,38.0,0.0,0.0,0.7322,말해도 괜찮아요.,"괜찮아, 계속해.",일본어 원문 대조 + 자연스러운 한국어 대사 교정,22.29,T4,구조검사 통과 시 유지,,28.29391891891892,24.81,P4,회귀검사 통과 시 유지
SSIS-652,사진 대조 재번역본,661,"01:08:42,890 --> 01:08:45,790",2.9,"네, 이제 세 번째예요…",그럼 정말 한 번만 더.,한 번 더 해 볼게요.,중립·혼합형,,,사진 장면 확인 및 한국어 번역투·ASR 오역 교정,높음,58.0,96.0,50.0,92.0,42.0,0.59313,0.0,22.0,0.0,0.0,0.4289,"네, 이제 세 번, 세 번…","네, 이제 세 번째예요…",사진 장면 확인 및 한국어 번역투·ASR 오역 교정,22.28,T4,구조검사 통과 시 유지,,28.209459459459456,24.77,P4,회귀검사 통과 시 유지
SSIS-652,사진 대조 재번역본,235,"00:26:59,610 --> 00:27:06,200",6.59,피부가…,안 되는 건 아니지?,네.,중립·혼합형,,,,,45.0,80.0,50.0,78.0,55.0,0.30689,0.0,38.0,0.0,0.0,0.2896,피부가 쫀득쫀득…,진짜 쫀득쫀득하네.,일본어 원문 대조 + 자연스러운 한국어 대사 교정,22.27,T4,구조검사 통과 시 유지,,28.125,24.73,P4,회귀검사 통과 시 유지
SSIS-652,사진 대조 재번역본,707,"01:11:18,430 --> 01:11:19,510",1.08,이제 안 돼요.,"안 돼, 안 돼.",이제 안 돼?,중립·혼합형,,,,,45.0,80.0,50.0,78.0,55.0,0.30652,0.0,38.0,0.0,0.0,0.539,"아, 유두는 안 돼요.","아, 젖꼭지는 안 돼요.",,22.25,T4,구조검사 통과 시 유지,,28.040540540540544,24.68,P4,회귀검사 통과 시 유지
SSIS-652,사진 대조 재번역본,578,"01:00:31,340 --> 01:00:32,360",1.02,씌울까.,귀여워요.,씌울까.,중립·혼합형,,,,,45.0,80.0,50.0,78.0,55.0,0.30506,0.0,38.0,0.0,0.0,0.0952,뭐 할까.,이제 뭐 할까?,일본어 원문 대조 + 자연스러운 한국어 대사 교정,22.19,T4,구조검사 통과 시 유지,,27.95608108108108,24.61,P4,회귀검사 통과 시 유지
SSIS-652,사진 대조 재번역본,603,"01:03:19,050 --> 01:03:20,330",1.28,참을게요.,네.,아래쪽도 핥아 줄 수 있어요?,중립·혼합형,,,,,45.0,80.0,50.0,78.0,55.0,0.30488,0.0,38.0,0.0,0.0,0.1426,참을 수 있을까...,참을 수 있을까…,,22.18,T4,구조검사 통과 시 유지,,27.87162162162162,24.57,P4,회귀검사 통과 시 유지
SSIS-652,사진 대조 재번역본,25,"00:01:50,940 --> 00:01:53,520",2.58,친구 커플이 옆방에 있었어요.,당시 남자친구 집에서요.,"음, 저 자신이요.",반응형,,,사진 장면 확인 및 한국어 번역투·ASR 오역 교정,높음,58.0,96.0,50.0,92.0,42.0,0.58941,0.0,22.0,0.0,0.0,0.4434,친구 커플이 옆에 있는 곳에서요.,친구 커플이 옆방에 있었어요.,사진 장면 확인 및 한국어 번역투·ASR 오역 교정,22.17,T4,구조검사 통과 시 유지,,27.744932432432435,24.51,P4,회귀검사 통과 시 유지
SSIS-652,사진 대조 재번역본,935,"01:49:39,220 --> 01:49:39,960",0.74,피곤해졌어요.,피곤해졌어요?,마지막.,반응형,,,,,45.0,80.0,50.0,78.0,55.0,0.30456,0.0,38.0,0.0,0.0,0.1099,제법 익숙해졌어.,이제 꽤 익숙해졌지.,,22.17,T4,구조검사 통과 시 유지,,27.744932432432435,24.51,P4,회귀검사 통과 시 유지
SSIS-652,사진 대조 재번역본,615,"01:04:01,740 --> 01:04:02,700",0.96,음.,역시 못 참겠어.,역시 무리예요.,중립·혼합형,,,,,45.0,80.0,50.0,78.0,55.0,0.30439,0.0,38.0,0.0,0.0,0.3866,음...,음…,,22.16,T4,구조검사 통과 시 유지,,27.618243243243246,24.45,P4,회귀검사 통과 시 유지
SSIS-652,사진 대조 재번역본,803,"01:22:02,630 --> 01:22:03,030",0.4,괜찮아?,괜찮아?,한 번 더 할까.,반응형,,,,,45.0,80.0,50.0,78.0,55.0,0.30374,0.0,38.0,0.0,0.0,0.526,더 해줘도 돼? 더 해줘. 괜찮아?,더 해 줘도 돼? 더 해 줘. 괜찮아?,,22.14,T4,구조검사 통과 시 유지,,27.533783783783782,24.41,P4,회귀검사 통과 시 유지
SSIS-652,사진 대조 재번역본,847,"01:26:58,890 --> 01:27:00,530",1.64,대단하잖아.,내가 뭘 좋아하는지 알아?,저기예요.,반응형,,,,,45.0,80.0,50.0,78.0,55.0,0.30301,0.0,38.0,0.0,0.0,0.2978,당연하잖아.,당연히 가져왔지.,타임스탬프 사진과 앞뒤 장면으로 대사 기능 복원,22.11,T4,구조검사 통과 시 유지,,27.449324324324326,24.35,P4,회귀검사 통과 시 유지
SSIS-652,사진 대조 재번역본,597,"01:02:54,890 --> 01:02:55,530",0.64,안 돼?,이제 움직여 줄게.,뭐?,중립·혼합형,,,,,45.0,80.0,50.0,78.0,55.0,0.30282,0.0,38.0,0.0,0.0,0.5713,유두는 안 돼?,젖꼭지는 안 돼?,,22.1,T4,구조검사 통과 시 유지,,27.322635135135137,24.29,P4,회귀검사 통과 시 유지
SSIS-652,사진 대조 재번역본,636,"01:05:20,760 --> 01:05:21,660",0.9,더.,앗.,앗!,중립·혼합형,,,,,45.0,80.0,50.0,78.0,55.0,0.30274,0.0,38.0,0.0,0.0,0.3713,"갈게, 갈게... 한 번 더.","갈게, 갈게… 한 번 더.",,22.1,T4,구조검사 통과 시 유지,,27.322635135135137,24.29,P4,회귀검사 통과 시 유지
SSIS-652,사진 대조 재번역본,58,"00:04:10,080 --> 00:04:11,040",0.96,다리가 길어요.,대박.,기네요.,반응형,,,,,45.0,80.0,50.0,78.0,55.0,0.30263,0.0,38.0,0.0,0.0,0.112,소리가 다 들려.,소리가 다 들리네.,손상된 일본어 ASR + 타임스탬프 사진 + 앞뒤 문맥 추론,22.09,T4,구조검사 통과 시 유지,,27.153716216216218,24.22,P4,회귀검사 통과 시 유지
SSIS-652,사진 대조 재번역본,825,"01:24:39,480 --> 01:24:40,760",1.28,바로 가자.,갈까요?,바로 갈까?,중립·혼합형,,,,,45.0,80.0,50.0,78.0,55.0,0.30265,0.0,38.0,0.0,0.0,0.3005,이제 바로 누워.,일단 바로 누워.,사진 장면 확인 및 한국어 번역투·ASR 오역 교정,22.09,T4,구조검사 통과 시 유지,,27.153716216216218,24.22,P4,회귀검사 통과 시 유지
SSIS-652,사진 대조 재번역본,852,"01:27:17,200 --> 01:27:18,060",0.86,과자도…,과자도 먹을래?,과자랑 음료랑 밥?,중립·혼합형,,,,,45.0,80.0,50.0,78.0,55.0,0.30238,0.0,38.0,0.0,0.0,0.1026,"둘째 날도, 셋째 날도…",아… 거기…,손상된 일본어 ASR + 타임스탬프 사진 + 앞뒤 문맥 추론,22.08,T4,구조검사 통과 시 유지,,26.9847972972973,24.14,P4,회귀검사 통과 시 유지
SSIS-652,사진 대조 재번역본,1153,"02:23:29,660 --> 02:23:30,860",1.2,먹어.,맛있어?,삼킬 수 없어.,반응형,,,,,45.0,80.0,50.0,78.0,55.0,0.30237,0.0,38.0,0.0,0.0,0.1765,먹어보세요.,먹어 봐.,,22.08,T4,구조검사 통과 시 유지,,26.9847972972973,24.14,P4,회귀검사 통과 시 유지
SSIS-652,사진 대조 재번역본,106,"00:07:50,760 --> 00:07:53,000",2.24,"아, 갔다 갔다.",와.,와.,반응형,,,,,45.0,80.0,50.0,78.0,55.0,0.30219,0.0,38.0,0.0,0.0,0.283,"아, 아, 아, 아, 아, 아, 아,","아, 아, 아, 아, 아, 아, 아",,22.07,T4,구조검사 통과 시 유지,,26.85810810810811,24.08,P4,회귀검사 통과 시 유지
SSIS-652,사진 대조 재번역본,92,"00:07:13,020 --> 00:07:13,700",0.68,더워.,이쪽?,나중에 뭔가 또 있으니까.,중립·혼합형,,,,,45.0,80.0,50.0,78.0,55.0,0.3017,0.0,38.0,0.0,0.0,0.2454,더워요.,정말 덥네요.,사진 장면 확인 및 한국어 번역투·ASR 오역 교정,22.05,T4,구조검사 통과 시 유지,,26.73141891891892,24.02,P4,회귀검사 통과 시 유지
SSIS-652,사진 대조 재번역본,977,"02:06:00,340 --> 02:06:00,660",0.32,너?,속옷은?,속옷은?,중립·혼합형,,,,,45.0,80.0,50.0,78.0,55.0,0.30164,0.0,38.0,0.0,0.0,0.0659,너도.,너도 보여.,일본어 원문 대조 + 자연스러운 한국어 대사 교정,22.05,T4,구조검사 통과 시 유지,,26.73141891891892,24.02,P4,회귀검사 통과 시 유지
SSIS-652,사진 대조 재번역본,921,"01:35:05,520 --> 01:35:06,800",1.28,"잡시다, 잡시다.",이제 무리예요. 재워 주세요.,"아, 밤은 그렇게 길지 않다니까.",중립·혼합형,,,,,45.0,80.0,50.0,78.0,55.0,0.30154,0.0,38.0,0.0,0.0,0.1481,또 만납시다.,또 보자.,,22.04,T4,구조검사 통과 시 유지,,26.60472972972973,23.96,P4,회귀검사 통과 시 유지
SSIS-652,사진 대조 재번역본,98,"00:07:30,920 --> 00:07:31,240",0.32,바다사자?,바다사자는?,와.,중립·혼합형,,,,,45.0,80.0,50.0,78.0,55.0,0.29972,0.0,38.0,0.0,0.0,0.1337,바다 더럽네.,진짜 예쁘네.,일본어 원문 대조 + 자연스러운 한국어 대사 교정,21.97,T4,구조검사 통과 시 유지,,26.52027027027027,23.88,P4,회귀검사 통과 시 유지
SSIS-652,사진 대조 재번역본,193,"00:23:52,550 --> 00:23:53,490",0.94,이거 샴페인이에요?,샴페인 아니야?,샴페인 이름이 뭐였지?,존댓말형,,,사진 장면 확인 및 한국어 번역투·ASR 오역 교정,높음,58.0,96.0,50.0,92.0,42.0,0.51466,0.0,22.0,0.0,35.0,0.357,샴페인이 뭐라고?,샴페인 이름이 뭐였지?,사진 장면 확인 및 한국어 번역투·ASR 오역 교정,21.93,T4,구조검사 통과 시 유지,formality_jump,26.43581081081081,23.82,P4,회귀검사 통과 시 유지
SSIS-652,사진 대조 재번역본,309,"00:33:43,210 --> 00:33:43,850",0.64,응.,옷 위로도 알겠어.,빌려줄게.,반응형,,,,,45.0,80.0,50.0,78.0,55.0,0.29849,0.0,38.0,0.0,0.0,0.4779,"하-, 응.",하아… 응.,,21.92,T4,구조검사 통과 시 유지,,26.351351351351347,23.78,P4,회귀검사 통과 시 유지
SSIS-652,사진 대조 재번역본,195,"00:23:57,470 --> 00:23:58,770",1.3,이거 마셔 보고 싶었어요.,샴페인 이름이 뭐였지?,평소에도 샴페인을 마셔 봐서 알아요.,반응형,,,사진 장면 확인 및 한국어 번역투·ASR 오역 교정,높음,58.0,96.0,50.0,92.0,42.0,0.58049,0.0,22.0,0.0,0.0,0.6186,몸을 만져 보고 싶었어요.,한번 만져 보고 싶었어요.,사진 장면 확인 및 한국어 번역투·ASR 오역 교정,21.9,T4,구조검사 통과 시 유지,,26.26689189189189,23.73,P4,회귀검사 통과 시 유지
SSIS-652,사진 대조 재번역본,383,"00:43:26,420 --> 00:43:28,630",2.21,흔들리네.,정말 대단해요.,가슴이 흔들려?,반말형,,,,,45.0,80.0,50.0,78.0,55.0,0.29689,0.0,38.0,0.0,0.0,0.2465,느리네.,천천히 해.,손상된 일본어 ASR + 타임스탬프 사진 + 앞뒤 문맥 추론,21.85,T4,구조검사 통과 시 유지,,26.182432432432435,23.67,P4,회귀검사 통과 시 유지
SSIS-652,사진 대조 재번역본,594,"01:02:39,930 --> 01:02:41,010",1.08,기분 좋아?,아하!,"네, 귀여워요.",반응형,,,,,45.0,80.0,50.0,78.0,55.0,0.29614,0.0,38.0,0.0,0.0,0.5975,"아, 거기... 기분 좋아?","아, 거기… 기분 좋아?",,21.82,T4,구조검사 통과 시 유지,,26.097972972972972,23.62,P4,회귀검사 통과 시 유지
SSIS-652,사진 대조 재번역본,1060,"02:14:05,940 --> 02:14:06,340",0.4,갈 것 같아?,그대로 안쪽까지 들어가요.,뭐라고 말할 수 있어?,반응형,,,,,45.0,80.0,50.0,78.0,55.0,0.29565,0.0,38.0,0.0,0.0,0.624,싸버릴 것 같아?,싸 버릴 것 같아?,,21.8,T4,구조검사 통과 시 유지,,26.013513513513516,23.57,P4,회귀검사 통과 시 유지
SSIS-652,사진 대조 재번역본,627,"01:04:47,520 --> 01:04:49,120",1.6,아직 거기는 허락 안 했어.,"아, 거기 구멍 있어?",빨리.,반응형,,,사진 장면 확인 및 한국어 번역투·ASR 오역 교정,높음,58.0,96.0,50.0,92.0,42.0,0.55393,5.17,22.0,0.0,0.0,0.6931,난 아직 거기는 해금 안 했어.,아직 거기는 허락 안 했어.,사진 장면 확인 및 한국어 번역투·ASR 오역 교정,21.77,T4,구조검사 통과 시 유지,,25.929054054054053,23.52,P4,회귀검사 통과 시 유지
SSIS-652,사진 대조 재번역본,677,"01:10:03,070 --> 01:10:05,530",2.46,안 씌우면 멈추지 않을 거야.,빨리.,싫어요.,반말형,,,사진 장면 확인 및 한국어 번역투·ASR 오역 교정,높음,58.0,96.0,50.0,92.0,42.0,0.54532,7.06,22.0,0.0,0.0,0.7089,안 씌우면 멈춰 주지 않을 거야.,안 씌우면 멈추지 않을 거야.,사진 장면 확인 및 한국어 번역투·ASR 오역 교정,21.75,T4,구조검사 통과 시 유지,,25.844594594594593,23.47,P4,회귀검사 통과 시 유지
SSIS-652,사진 대조 재번역본,976,"02:05:58,880 --> 02:05:59,980",1.1,속옷은?,섹시해?,너?,중립·혼합형,,,,,45.0,80.0,50.0,78.0,55.0,0.29425,0.0,38.0,0.0,0.0,0.1336,시속은?,시속으로는?,일본어 원문 대조 + 자연스러운 한국어 대사 교정,21.74,T4,구조검사 통과 시 유지,,25.760135135135137,23.43,P4,회귀검사 통과 시 유지
SSIS-652,사진 대조 재번역본,1013,"02:10:02,250 --> 02:10:04,150",1.9,그러니까?,그러니까?,기분 좋아?,중립·혼합형,,,,,45.0,80.0,50.0,78.0,55.0,0.29406,0.0,38.0,0.0,0.0,0.4377,어... 그러니까.,어… 그러니까.,,21.73,T4,구조검사 통과 시 유지,,25.675675675675674,23.39,P4,회귀검사 통과 시 유지
SSIS-652,사진 대조 재번역본,1057,"02:13:58,920 --> 02:13:59,080",0.16,왜?,어때?,어디가 좋은지 알지?,중립·혼합형,,,,,45.0,80.0,50.0,78.0,55.0,0.29277,0.0,38.0,0.0,0.0,0.3109,괜찮으려나? 왜? 잘 닦이고 있나?,괜찮으려나? 왜? 잘 닦이고 있어?,일본어 원문 대조 + 자연스러운 한국어 대사 교정,21.68,T4,구조검사 통과 시 유지,,25.591216216216218,23.32,P4,회귀검사 통과 시 유지
SSIS-652,사진 대조 재번역본,995,"02:07:36,520 --> 02:07:36,800",0.28,그렇지.,당연히 가져왔지.,그럼 같이 닦자.,반말형,,,타임스탬프 사진과 앞뒤 장면으로 대사 기능 복원,중간,38.0,78.0,50.0,78.0,62.0,0.28227,0.0,38.0,0.0,0.0,0.2424,전부 다 그러면 큰일이지. 그렇지 않아.,다 그러면 큰일 나죠. 저는 안 가요.,사진 장면 확인 및 한국어 번역투·ASR 오역 교정,21.66,T4,구조검사 통과 시 유지,,25.506756756756754,23.28,P4,회귀검사 통과 시 유지
SSIS-652,사진 대조 재번역본,120,"00:08:42,580 --> 00:08:44,060",1.48,따라가고 싶어.,무서워.,따라가고 싶어.,반응형,,,,,45.0,80.0,50.0,78.0,55.0,0.29196,0.0,38.0,0.0,0.0,0.3754,넣고 싶어.,빨리 넣고 싶어.,일본어 원문 대조 + 자연스러운 한국어 대사 교정,21.64,T4,구조검사 통과 시 유지,,25.380067567567565,23.21,P4,회귀검사 통과 시 유지
SSIS-652,사진 대조 재번역본,340,"00:40:22,180 --> 00:40:23,200",1.02,갈게.,"너무 빠르지 않아?
아까도 한 번 갔잖아.",가 버리겠네.,중립·혼합형,,,,,45.0,80.0,50.0,78.0,55.0,0.29191,0.0,38.0,0.0,0.0,0.4909,갈게... 갈게...,갈게… 갈게…,,21.64,T4,구조검사 통과 시 유지,,25.380067567567565,23.21,P4,회귀검사 통과 시 유지
SSIS-652,사진 대조 재번역본,145,"00:11:24,580 --> 00:11:25,540",0.96,맛있어요.,잠깐만요.,맛있어요.,반응형,,,,,45.0,80.0,50.0,78.0,55.0,0.29117,0.0,38.0,0.0,0.0,0.2995,맛있어...,맛있어…,,21.61,T4,구조검사 통과 시 유지,,25.25337837837838,23.14,P4,회귀검사 통과 시 유지
SSIS-652,사진 대조 재번역본,240,"00:27:18,000 --> 00:27:18,700",0.7,좋아.,이런 거 좋아하지?,좋아하지?,반응형,,,,,45.0,80.0,50.0,78.0,55.0,0.20212,20.74,38.0,0.0,0.0,0.8228,"아, 좋아.","아, 들어온다.",,21.6,T4,구조검사 통과 시 유지,,25.16891891891892,23.1,P4,회귀검사 통과 시 유지
SSIS-652,사진 대조 재번역본,47,"00:02:49,060 --> 00:02:49,860",0.8,아이자와입니다.,"네, 오케이. 고마워요.",오늘 카에데 후와 씨를 만나러 갑니다.,반응형,,,,,45.0,80.0,50.0,78.0,55.0,0.29004,0.0,38.0,0.0,0.0,0.2286,두 번째입니다.,벌써 두 번째예요.,사진 장면 확인 및 한국어 번역투 교정,21.56,T4,구조검사 통과 시 유지,,25.084459459459456,23.04,P4,회귀검사 통과 시 유지
SSIS-652,사진 대조 재번역본,278,"00:30:44,100 --> 00:30:45,500",1.4,그쪽?,뭘 만지는 거야!,아직 기다리고 있어.,중립·혼합형,,,,,45.0,80.0,50.0,78.0,55.0,0.28877,0.0,38.0,0.0,0.0,0.0883,"이제 곧 약속 장소에 도착해서, 그쪽으로 가 보려고 합니다.",이제 곧 약속 장소에 도착해서 그쪽으로 가 보려고 합니다.,,21.51,T4,구조검사 통과 시 유지,,24.91554054054054,22.94,P4,회귀검사 통과 시 유지
SSIS-652,사진 대조 재번역본,375,"00:42:44,140 --> 00:42:45,360",1.22,"죄송해요, 죄송해요.",무슨 소리야?,제대로 만질게.,반말형,,,,,45.0,80.0,50.0,78.0,55.0,0.28871,0.0,38.0,0.0,0.0,0.6429,"하앗, 죄송해요.","하앗, 기분 좋아요.",장면·앞뒤 반응 복원,21.51,T4,구조검사 통과 시 유지,,24.91554054054054,22.94,P4,회귀검사 통과 시 유지
SSIS-652,사진 대조 재번역본,881,"01:31:21,560 --> 01:31:22,320",0.76,맛있었어?,배불러.,왜?,반응형,,,,,45.0,80.0,50.0,78.0,55.0,0.28887,0.0,38.0,0.0,0.0,0.3694,빨 생각하고 있었어?,아까부터 빨 생각만 했지?,일본어 원문 대조 + 자연스러운 한국어 대사 교정,21.51,T4,구조검사 통과 시 유지,,24.91554054054054,22.94,P4,회귀검사 통과 시 유지
SSIS-652,사진 대조 재번역본,20,"00:01:36,460 --> 00:01:38,120",1.66,싫어하는 음식은 딱히 없어요.,좋아하는 음식은 채소와 과일이에요.,"이상형은 다정하고 재미있고,
제 이야기를 잘 들어주는 사람이에요.",반응형,,,사진 장면 확인 및 한국어 번역투·ASR 오역 교정,높음,58.0,96.0,50.0,92.0,42.0,0.56702,0.0,22.0,0.0,0.0,0.6184,그런 음식은 없어요.,싫어하는 음식은 딱히 없어요.,사진 장면 확인 및 한국어 번역투·ASR 오역 교정,21.5,T4,구조검사 통과 시 유지,,24.70439189189189,22.85,P4,회귀검사 통과 시 유지
SSIS-652,사진 대조 재번역본,163,"00:12:19,080 --> 00:12:20,120",1.04,잘됐네.,살 테니까.,아까 사람이 좀 많았으니까.,반말형,,,,,45.0,80.0,50.0,78.0,55.0,0.28861,0.0,38.0,0.0,0.0,0.2917,좀 쉬게 됐네.,이제 좀 쉬자.,,21.5,T4,구조검사 통과 시 유지,,24.70439189189189,22.85,P4,회귀검사 통과 시 유지
SSIS-652,사진 대조 재번역본,913,"01:33:52,640 --> 01:33:53,100",0.46,왜?,"아니, 그런데 역시 벌써 벗기고 있잖아.",뭐야…,중립·혼합형,,,,,45.0,80.0,50.0,78.0,55.0,0.28831,0.0,38.0,0.0,0.0,0.3109,괜찮으려나? 왜? 잘 닦이고 있나?,괜찮으려나? 왜? 잘 닦이고 있어?,일본어 원문 대조 + 자연스러운 한국어 대사 교정,21.49,T4,구조검사 통과 시 유지,,24.5777027027027,22.79,P4,회귀검사 통과 시 유지
SSIS-652,사진 대조 재번역본,432,"00:50:06,500 --> 00:50:07,300",0.8,좋아.,좋아.,나오고 있어?,반응형,,,,,45.0,80.0,50.0,78.0,55.0,0.19923,20.74,38.0,0.0,0.0,0.8228,"아, 좋아.","아, 들어온다.",,21.48,T4,구조검사 통과 시 유지,,24.493243243243242,22.75,P4,회귀검사 통과 시 유지
SSIS-652,사진 대조 재번역본,541,"00:57:55,130 --> 00:57:56,390",1.26,분위기가 확 달라졌어요.,좋아?,야한 차이나 드레스도 있어.,반응형,,,사진 장면 확인 및 한국어 번역투·ASR 오역 교정,높음,58.0,96.0,50.0,92.0,42.0,0.56629,0.0,22.0,0.0,0.0,0.3954,뭔가 분위기가 달라진 느낌이에요.,분위기가 확 달라졌어요.,사진 장면 확인 및 한국어 번역투·ASR 오역 교정,21.47,T4,구조검사 통과 시 유지,,24.408783783783782,22.7,P4,회귀검사 통과 시 유지
SSIS-652,사진 대조 재번역본,334,"00:38:32,260 --> 00:38:33,380",1.12,"아, 아…","아, 아, 아…",방금 두 번째였어요.,반응형,,,,,45.0,80.0,50.0,78.0,55.0,0.13738,35.0,38.0,0.0,0.0,0.9417,"아, 아, 아, 아…","아, 아, 아…",일본어 원문 대조 + 자연스러운 한국어 대사 교정,21.45,T4,구조검사 통과 시 유지,,24.282094594594593,22.64,P4,회귀검사 통과 시 유지
SSIS-652,사진 대조 재번역본,642,"01:06:05,860 --> 01:06:07,840",1.98,소리 내 버렸어요?,뜨거워요?,시끄러워.,반응형,,,사진 장면 확인 및 한국어 번역투·ASR 오역 교정,높음,58.0,96.0,50.0,92.0,42.0,0.54055,5.85,22.0,0.0,0.0,0.6988,말해 버렸어요?,소리 내 버렸어요?,사진 장면 확인 및 한국어 번역투·ASR 오역 교정,21.45,T4,구조검사 통과 시 유지,,24.282094594594593,22.64,P4,회귀검사 통과 시 유지
SSIS-652,사진 대조 재번역본,820,"01:24:30,240 --> 01:24:31,220",0.98,배고파졌어요.,배고파.,위층 같은 데 뭐가 있으려나?,반응형,,,,,45.0,80.0,50.0,78.0,55.0,0.2866,0.0,38.0,0.0,0.0,0.0934,조금 쉬어요.,잠깐만요.,,21.42,T4,구조검사 통과 시 유지,,24.155405405405407,22.57,P4,회귀검사 통과 시 유지
SSIS-652,사진 대조 재번역본,518,"00:56:24,170 --> 00:56:25,070",0.9,죄송해요.,쉬고 싶어?,쉬게 해 줄래?,반말형,,,,,45.0,80.0,50.0,78.0,55.0,0.23938,10.93,38.0,0.0,0.0,0.7411,"하앗, 죄송해요.","하앗, 기분 좋아요.",장면·앞뒤 반응 복원,21.4,T4,구조검사 통과 시 유지,,24.070945945945947,22.52,P4,회귀검사 통과 시 유지
SSIS-652,사진 대조 재번역본,251,"00:27:47,060 --> 00:27:47,080",0.02,네.,여기가 제일 약해?,긴장도 풀렸으니까 소리 내도 돼.,반말형,,,,,45.0,80.0,50.0,78.0,55.0,0.09886,4.71,38.0,70.0,0.0,0.6892,"네, 네.",네.,불필요한 반복 제거,21.38,T4,구조검사 통과 시 유지,high_cps,23.986486486486484,22.47,P4,회귀검사 통과 시 유지
SSIS-652,사진 대조 재번역본,166,"00:12:22,960 --> 00:12:24,040",1.08,조금 더 보고 싶었어요.,사람이요?,왔나?,반응형,,,사진 장면 확인 및 한국어 번역투·ASR 오역 교정,높음,58.0,96.0,50.0,92.0,42.0,0.51114,11.89,22.0,0.0,0.0,0.749,더 하고 싶었어요.,조금 더 보고 싶었어요.,사진 장면 확인 및 한국어 번역투·ASR 오역 교정,21.35,T4,구조검사 통과 시 유지,,23.902027027027025,22.42,P4,회귀검사 통과 시 유지
SSIS-652,사진 대조 재번역본,497,"00:54:56,010 --> 00:54:56,530",0.52,앗.,네.,다시 씌워 주세요.,반응형,,,,,45.0,80.0,50.0,78.0,55.0,0.28402,0.0,38.0,0.0,0.0,0.3654,앗...,앗…,,21.31,T4,구조검사 통과 시 유지,,23.81756756756757,22.36,P4,회귀검사 통과 시 유지
SSIS-652,사진 대조 재번역본,57,"00:04:04,880 --> 00:04:05,040",0.16,대박.,몸매가 정말 좋네요.,다리가 길어요.,중립·혼합형,,,,,45.0,80.0,50.0,78.0,55.0,0.18764,8.42,38.0,25.0,0.0,0.7202,에~ 대박.,에… 대박.,,21.28,T4,구조검사 통과 시 유지,borderline_cps,23.73310810810811,22.31,P4,회귀검사 통과 시 유지
SSIS-652,사진 대조 재번역본,437,"00:50:33,020 --> 00:50:33,080",0.06,네.,들어갔지?,이거 늘 써?,반말형,,,,,45.0,80.0,50.0,78.0,55.0,0.09547,4.71,38.0,70.0,0.0,0.6892,"네, 네.",네.,불필요한 반복 제거,21.24,T4,구조검사 통과 시 유지,high_cps,23.64864864864865,22.25,P4,회귀검사 통과 시 유지
SSIS-652,사진 대조 재번역본,467,"00:52:27,040 --> 00:52:29,940",2.9,죄송해요.,정말 대박이야.,이 자세로.,반말형,,,,,45.0,80.0,50.0,78.0,55.0,0.23485,10.93,38.0,0.0,0.0,0.7411,"하앗, 죄송해요.","하앗, 기분 좋아요.",장면·앞뒤 반응 복원,21.21,T4,구조검사 통과 시 유지,,23.56418918918919,22.2,P4,회귀검사 통과 시 유지
SSIS-652,사진 대조 재번역본,352,"00:41:29,160 --> 00:41:30,560",1.4,F컵?,이건 F컵이에요.,F컵도 있으니까 S1인 거네요.,중립·혼합형,,,,,45.0,80.0,50.0,78.0,55.0,0.28148,0.0,38.0,0.0,0.0,0.0161,어때? 맛은?,어때? 맛 평가해 줘.,일본어 원문 대조 + 자연스러운 한국어 대사 교정,21.2,T4,구조검사 통과 시 유지,,23.47972972972973,22.16,P4,회귀검사 통과 시 유지
SSIS-652,사진 대조 재번역본,328,"00:37:59,890 --> 00:38:12,140",12.25,이제부터 정해지는 거야?,아직 괜찮아?,한 번 가 버리면 더는 못 참겠어요.,반말형,,,사진 장면 확인 및 한국어 번역투·ASR 오역 교정,높음,58.0,96.0,50.0,92.0,42.0,0.55609,0.0,22.0,0.0,0.0,0.2404,거기서부터 빠는 거야?,거기부터 핥는 거야?,일본어 원문 대조 + 자연스러운 한국어 대사 교정,21.16,T4,구조검사 통과 시 유지,,23.39527027027027,22.1,P4,회귀검사 통과 시 유지
SSIS-652,사진 대조 재번역본,245,"00:27:32,650 --> 00:27:33,690",1.04,아까는…,귀여워.,간지러워.,반응형,,,,,45.0,80.0,50.0,78.0,55.0,0.28003,0.0,38.0,0.0,0.0,0.1925,저는…,더 해 줘.,타임스탬프 사진과 장면 흐름으로 명백한 오인식 교정,21.14,T4,구조검사 통과 시 유지,,23.26858108108108,22.03,P4,회귀검사 통과 시 유지
SSIS-652,사진 대조 재번역본,993,"02:07:32,280 --> 02:07:32,780",0.5,칫솔이요.,뭐?,당연히 가져왔지.,중립·혼합형,,,타임스탬프 사진과 앞뒤 장면으로 대사 기능 복원,중간,38.0,78.0,50.0,78.0,62.0,0.27004,0.0,38.0,0.0,0.0,0.1563,채소와 과일이요.,좋아하는 음식은 채소와 과일이에요.,사진 장면 확인 및 한국어 번역투·ASR 오역 교정,21.14,T4,구조검사 통과 시 유지,,23.26858108108108,22.03,P4,회귀검사 통과 시 유지
SSIS-652,사진 대조 재번역본,424,"00:49:19,500 --> 00:49:20,400",0.9,목이 막혀요.,앗!,목이 막혀?,중립·혼합형,,,사진 장면 확인 및 한국어 번역투·ASR 오역 교정,높음,58.0,96.0,50.0,92.0,46.0,0.54935,0.0,22.0,0.0,0.0,0.1426,막혀 있을 때는...,막혀 있을 때는…,,21.13,T4,구조검사 통과 시 유지,,23.14189189189189,21.97,P4,회귀검사 통과 시 유지
SSIS-652,사진 대조 재번역본,341,"00:40:23,840 --> 00:40:25,740",1.9,가 버리겠네.,갈게.,가 버리겠네.,반말형,,,사진 장면 확인 및 한국어 번역투·ASR 오역 교정,높음,58.0,96.0,50.0,92.0,42.0,0.43682,27.39,22.0,0.0,0.0,0.8782,자 버리겠네.,또 가 버리겠네.,사진 장면 확인 및 한국어 번역투·ASR 오역 교정,21.11,T4,구조검사 통과 시 유지,,23.05743243243243,21.93,P4,회귀검사 통과 시 유지
SSIS-652,사진 대조 재번역본,33,"00:02:12,860 --> 00:02:16,380",3.52,"제가 주도한 작품도 있었지만,
이번 작품은 분위기가 조금 달라요.",우선 작품을 구매해 주셔서 감사합니다.,이번에는 실제로 삽입하는 장면도 있어요.,반말형,,,사진 장면 확인 및 한국어 번역투·ASR 오역 교정,높음,58.0,96.0,50.0,92.0,42.0,0.51951,7.25,22.0,0.0,0.0,0.7104,제가 주도한 다른 작품도 있지만 이번 작품은 달라요.,"제가 주도한 작품도 있었지만, 이번 작품은 분위기가 조금 달라요.",사진 장면 확인 및 한국어 번역투·ASR 오역 교정,21.0,T4,구조검사 통과 시 유지,,22.972972972972975,21.83,P4,회귀검사 통과 시 유지
SSIS-652,사진 대조 재번역본,1151,"02:23:10,230 --> 02:23:11,630",1.4,괜찮지?,이거 먹어.,맛있어?,반말형,,,,,45.0,80.0,50.0,78.0,55.0,0.27558,0.0,38.0,0.0,0.0,0.2378,뭐든 괜찮지만… 후와 씨?,뭐든 괜찮지만… 후우아 씨라고 부를까요?,출연자 이름 오인식 교정,20.95,T4,구조검사 통과 시 유지,,22.888513513513516,21.76,P4,회귀검사 통과 시 유지
SSIS-652,사진 대조 재번역본,409,"00:47:46,180 --> 00:47:47,600",1.42,긴장돼.,응.,응.,중립·혼합형,,,,,45.0,80.0,50.0,78.0,55.0,0.27527,0.0,38.0,0.0,0.0,0.1687,안 돼.,"네, 놀랐어요.",타임스탬프 사진과 앞뒤 장면으로 대사 기능 복원,20.94,T4,구조검사 통과 시 유지,,22.761824324324326,21.71,P4,회귀검사 통과 시 유지
SSIS-652,사진 대조 재번역본,923,"01:35:12,000 --> 01:35:12,160",0.16,힘내!,"아, 밤은 그렇게 길지 않다니까.",아침이라서?,중립·혼합형,,,,,45.0,80.0,50.0,78.0,55.0,0.21579,0.0,38.0,25.0,0.0,0.1768,"네, 힘내면 돼.","응, 힘내면 돼.",사진 장면 확인 및 한국어 번역투·ASR 오역 교정,20.94,T4,구조검사 통과 시 유지,borderline_cps,22.761824324324326,21.71,P4,회귀검사 통과 시 유지
SSIS-652,사진 대조 재번역본,493,"00:54:45,320 --> 00:54:45,580",0.26,앗.,앗.,앗.,반응형,,,,,45.0,80.0,50.0,78.0,55.0,0.21769,0.0,38.0,0.0,30.0,0.3654,앗...,앗…,,20.92,T4,구조검사 통과 시 유지,triple_identical_run,22.635135135135133,21.64,P4,회귀검사 통과 시 유지
SSIS-652,사진 대조 재번역본,1095,"02:17:15,660 --> 02:17:16,040",0.38,주문했어?,"장, 응.",있었어.,반응형,,,,,45.0,80.0,50.0,78.0,55.0,0.27421,0.0,38.0,0.0,0.0,0.1915,부활했어?,다시 섰어?,일본어 원문 대조 + 자연스러운 한국어 대사 교정,20.9,T4,구조검사 통과 시 유지,,22.550675675675674,21.59,P4,회귀검사 통과 시 유지
SSIS-652,사진 대조 재번역본,288,"00:31:35,720 --> 00:31:37,560",1.84,맛있어.,안 마실게요.,뭐 할 거야?,반응형,,,,,45.0,80.0,50.0,78.0,55.0,0.26545,1.94,38.0,0.0,0.0,0.6662,"음-, 맛있어.",음… 맛있어.,,20.88,T4,구조검사 통과 시 유지,,22.466216216216218,21.55,P4,회귀검사 통과 시 유지
SSIS-652,사진 대조 재번역본,749,"01:13:14,220 --> 01:13:14,860",0.64,힘낼래?,힘낼 수 있어?,네.,중립·혼합형,,,,,45.0,80.0,50.0,78.0,55.0,0.27296,0.0,38.0,0.0,0.0,0.1217,뭐 할래?,"응, 이쪽으로.",일본어 원문 + 타임스탬프 사진 + 장면 연속성,20.84,T4,구조검사 통과 시 유지,,22.381756756756758,21.49,P4,회귀검사 통과 시 유지
SSIS-652,사진 대조 재번역본,522,"00:56:34,350 --> 00:56:34,950",0.6,"네, 그랬어요.",아까 열심히 하겠다고 했지?,열심히 할게요.,반응형,,,사진 장면 확인 및 한국어 번역투·ASR 오역 교정,높음,58.0,96.0,50.0,92.0,42.0,0.54454,0.0,22.0,0.0,0.0,0.3158,"네, 네.",네.,불필요한 반복 제거,20.82,T4,구조검사 통과 시 유지,,22.21283783783784,21.4,P4,회귀검사 통과 시 유지
SSIS-652,사진 대조 재번역본,660,"01:08:39,770 --> 01:08:41,810",2.04,그럼 정말 한 번만 더.,"아, 하아.","네, 이제 세 번째예요…",중립·혼합형,,,사진 장면 확인 및 한국어 번역투·ASR 오역 교정,높음,58.0,96.0,50.0,92.0,42.0,0.51213,7.57,22.0,0.0,0.0,0.7131,"그럼 한 번만 더, 정말 한 번만.",그럼 정말 한 번만 더.,사진 장면 확인 및 한국어 번역투·ASR 오역 교정,20.82,T4,구조검사 통과 시 유지,,22.21283783783784,21.4,P4,회귀검사 통과 시 유지
SSIS-652,사진 대조 재번역본,936,"01:49:40,880 --> 01:49:41,360",0.48,마지막.,피곤해졌어요.,그런데 왜?,반말형,,,,,45.0,80.0,50.0,78.0,55.0,0.2724,0.0,38.0,0.0,0.0,0.2173,마지막으로 앞니도 닦아 줘.,마지막으로 앞니도 닦자.,일본어 원문 대조 + 자연스러운 한국어 대사 교정,20.82,T4,구조검사 통과 시 유지,,22.21283783783784,21.4,P4,회귀검사 통과 시 유지
SSIS-652,사진 대조 재번역본,535,"00:57:45,330 --> 00:57:46,710",1.38,기다렸지?,기대하고 있어.,와!,반말형,,,,,45.0,80.0,50.0,78.0,55.0,0.27183,0.0,38.0,0.0,0.0,0.4293,오래 기다렸지~.,오래 기다렸지…,,20.8,T4,구조검사 통과 시 유지,,22.04391891891892,21.32,P4,회귀검사 통과 시 유지
SSIS-652,사진 대조 재번역본,978,"02:06:01,700 --> 02:06:02,580",0.88,속옷은?,너?,네.,중립·혼합형,,,,,45.0,80.0,50.0,78.0,55.0,0.27102,0.0,38.0,0.0,0.0,0.1336,시속은?,시속으로는?,일본어 원문 대조 + 자연스러운 한국어 대사 교정,20.76,T4,구조검사 통과 시 유지,,21.95945945945946,21.26,P4,회귀검사 통과 시 유지
SSIS-652,사진 대조 재번역본,829,"01:24:47,100 --> 01:24:47,940",0.84,알겠습니다.,알겠습니다.,알겠습니다.,존댓말형,,,,,45.0,80.0,50.0,78.0,55.0,0.21367,0.0,38.0,0.0,30.0,0.5819,정말 바로 시작이네요. 알겠습니다.,정말 바로 시작하네요. 알겠습니다.,한국어 어순 교정,20.75,T4,구조검사 통과 시 유지,triple_identical_run,21.83277027027027,21.2,P4,회귀검사 통과 시 유지
SSIS-652,사진 대조 재번역본,838,"01:25:19,220 --> 01:25:19,260",0.04,네.,네.,할 수 있어?,반말형,,,,,45.0,80.0,50.0,78.0,55.0,0.08386,4.71,38.0,70.0,0.0,0.6892,"네, 네.",네.,불필요한 반복 제거,20.75,T4,구조검사 통과 시 유지,high_cps,21.83277027027027,21.2,P4,회귀검사 통과 시 유지
SSIS-652,사진 대조 재번역본,802,"01:22:00,270 --> 01:22:00,870",0.6,괜찮아?,괜찮아?,괜찮아?,반응형,,,,,45.0,80.0,50.0,78.0,55.0,0.21267,0.0,38.0,0.0,30.0,0.526,더 해줘도 돼? 더 해줘. 괜찮아?,더 해 줘도 돼? 더 해 줘. 괜찮아?,,20.71,T4,구조검사 통과 시 유지,triple_identical_run,21.66385135135135,21.11,P4,회귀검사 통과 시 유지
SSIS-652,사진 대조 재번역본,830,"01:24:47,940 --> 01:24:51,060",3.12,알겠습니다.,알겠습니다.,알겠습니다.,존댓말형,,,,,45.0,80.0,50.0,78.0,55.0,0.21271,0.0,38.0,0.0,30.0,0.5819,정말 바로 시작이네요. 알겠습니다.,정말 바로 시작하네요. 알겠습니다.,한국어 어순 교정,20.71,T4,구조검사 통과 시 유지,triple_identical_run,21.66385135135135,21.11,P4,회귀검사 통과 시 유지
SSIS-652,사진 대조 재번역본,197,"00:24:07,760 --> 00:24:24,460",16.7,"가끔 마셔요. 의외죠?
집에서 혼자 마실 때도 있어요.",평소에도 샴페인을 마셔 봐서 알아요.,그래도 혼자서는 자주 안 마셔요.,중립·혼합형,,,사진 장면 확인 및 한국어 번역투·ASR 오역 교정,높음,58.0,96.0,50.0,92.0,42.0,0.53896,0.0,22.0,0.0,0.0,0.2219,그런 거 집에서 해봐.,그런 거 집에서 해 봐.,,20.65,T4,구조검사 통과 시 유지,,21.49493243243243,21.0,P4,회귀검사 통과 시 유지
SSIS-652,사진 대조 재번역본,1019,"02:10:41,610 --> 02:10:42,610",1.0,잘해?,"아, 큰일이야.",기분 좋지?,반말형,,,,,45.0,80.0,50.0,78.0,55.0,0.26824,0.0,38.0,0.0,0.0,0.2358,잘해...,잘해…,,20.65,T4,구조검사 통과 시 유지,,21.49493243243243,21.0,P4,회귀검사 통과 시 유지
SSIS-652,사진 대조 재번역본,654,"01:07:32,760 --> 01:07:33,460",0.7,큰일이네.,대단하네요. 기분 좋아요?,아직 가면 안 돼.,반말형,,,,,45.0,80.0,50.0,78.0,55.0,0.26818,0.0,38.0,0.0,0.0,0.5561,큰일이네요.,이러다 갈 것 같아요.,사진 장면 확인 및 한국어 번역투·ASR 오역 교정,20.64,T4,구조검사 통과 시 유지,,21.368243243243242,20.95,P4,회귀검사 통과 시 유지
SSIS-652,사진 대조 재번역본,1113,"02:18:55,870 --> 02:18:57,310",1.44,별로야?,내가 알아서 할게.,맛있어.,반말형,,,,,45.0,80.0,50.0,78.0,55.0,0.26784,0.0,38.0,0.0,0.0,0.1214,왠지 별로 사귄 적이 없어서…,많이 사귀어 본 편이 아니라서…,일본어 원문 대조 + 자연스러운 한국어 대사 교정,20.63,T4,구조검사 통과 시 유지,,21.283783783783782,20.9,P4,회귀검사 통과 시 유지
SSIS-652,사진 대조 재번역본,170,"00:12:35,360 --> 00:12:36,900",1.54,뭘까요.,많이 있었네.,뭘까요.,존댓말형,,,,,45.0,80.0,50.0,78.0,55.0,0.26727,0.0,38.0,0.0,0.0,0.1757,조금 춥게 해볼까요.,[불명],,20.61,T4,구조검사 통과 시 유지,,21.157094594594593,20.84,P4,회귀검사 통과 시 유지
SSIS-652,사진 대조 재번역본,884,"01:31:23,840 --> 01:31:24,660",0.82,미안해요.,미안해요.,미안해요.,반말형,,,,,45.0,80.0,50.0,78.0,55.0,0.21021,0.0,38.0,0.0,30.0,0.3658,"하지 마. 미안, 미안해, 미안해.","잠깐만. 미안, 미안해.",일본어 원문 대조 + 자연스러운 한국어 대사 교정,20.61,T4,구조검사 통과 시 유지,triple_identical_run,21.157094594594593,20.84,P4,회귀검사 통과 시 유지
SSIS-652,사진 대조 재번역본,502,"00:55:14,710 --> 00:55:14,790",0.08,응.,"앗, 안 돼.",아.,반응형,,,,,45.0,80.0,50.0,78.0,55.0,0.13603,0.0,38.0,55.0,0.0,0.4779,"하-, 응.",하아… 응.,,20.59,T4,구조검사 통과 시 유지,high_cps,20.988175675675674,20.76,P4,회귀검사 통과 시 유지
SSIS-652,사진 대조 재번역본,505,"00:55:23,940 --> 00:55:24,380",0.44,응.,"아, 아.",잠깐만요.,반응형,,,,,45.0,80.0,50.0,78.0,55.0,0.26679,0.0,38.0,0.0,0.0,0.4779,"하-, 응.",하아… 응.,,20.59,T4,구조검사 통과 시 유지,,20.988175675675674,20.76,P4,회귀검사 통과 시 유지
SSIS-652,사진 대조 재번역본,731,"01:12:22,050 --> 01:12:23,030",0.98,아하하하.,아하하하.,아하하하.,반응형,,,,,45.0,80.0,50.0,78.0,55.0,0.2093,0.0,38.0,0.0,30.0,0.0362,"아, 아, 아, 아, 아, 아, 아,","아, 아, 아, 아, 아, 아, 아",,20.57,T4,구조검사 통과 시 유지,triple_identical_run,20.819256756756758,20.67,P4,회귀검사 통과 시 유지
SSIS-652,사진 대조 재번역본,899,"01:32:51,620 --> 01:32:53,720",2.1,"그 입으로 그런 말만 안 했어도
정말 졸린 줄 알았을 텐데.","직원 방에 갈 사람처럼 굴더니,
방금 잠든 척한 거지?",뭐? 아침부터 졸리다고 해 놓고…,반말형,,,사진 장면 확인 및 한국어 번역투·ASR 오역 교정,높음,58.0,96.0,50.0,92.0,42.0,0.53626,0.0,22.0,0.0,0.0,0.3344,그 입으로 그렇게 말하지 않았으면 졸렸을 텐데.,그 입으로 그런 말만 안 했어도 정말 졸린 줄 알았을 텐데.,사진 장면 확인 및 한국어 번역투·ASR 오역 교정,20.57,T4,구조검사 통과 시 유지,,20.819256756756758,20.67,P4,회귀검사 통과 시 유지
SSIS-652,사진 대조 재번역본,167,"00:12:24,660 --> 00:12:25,340",0.68,왔나?,조금 더 보고 싶었어요.,많이 있어서.,중립·혼합형,,,,,45.0,80.0,50.0,78.0,55.0,0.26537,0.0,38.0,0.0,0.0,0.1458,괜찮으려나? 왜? 잘 닦이고 있나?,괜찮으려나? 왜? 잘 닦이고 있어?,일본어 원문 대조 + 자연스러운 한국어 대사 교정,20.53,T4,구조검사 통과 시 유지,,20.69256756756757,20.6,P4,회귀검사 통과 시 유지
SSIS-652,사진 대조 재번역본,819,"01:24:27,740 --> 01:24:28,860",1.12,배고파.,휴지?,배고파졌어요.,중립·혼합형,,,,,45.0,80.0,50.0,78.0,55.0,0.26395,0.0,38.0,0.0,0.0,0.1889,배가 아파.,안쪽이 아파.,,20.47,T4,구조검사 통과 시 유지,,20.60810810810811,20.53,P4,회귀검사 통과 시 유지
SSIS-652,사진 대조 재번역본,612,"01:03:54,080 --> 01:03:55,120",1.04,이러다 갈 것 같아요.,음.,이걸로는 아직이야.,반응형,,,사진 장면 확인 및 한국어 번역투·ASR 오역 교정,높음,58.0,96.0,50.0,92.0,42.0,0.53287,0.0,22.0,0.0,0.0,0.4792,기쁠 것 같아요.,그러면 기쁠 것 같아요.,사진 장면 확인 및 한국어 번역투·ASR 오역 교정,20.46,T4,구조검사 통과 시 유지,,20.48141891891892,20.47,P4,회귀검사 통과 시 유지
SSIS-652,사진 대조 재번역본,877,"01:30:33,210 --> 01:30:36,730",3.52,건배할까?,응.,네.,중립·혼합형,,,,,45.0,80.0,50.0,78.0,55.0,0.26379,0.0,38.0,0.0,0.0,0.3128,뭐 할까?,내가 먼저?,일본어 원문 + 타임스탬프 사진 + 장면 연속성,20.46,T4,구조검사 통과 시 유지,,20.48141891891892,20.47,P4,회귀검사 통과 시 유지
SSIS-652,사진 대조 재번역본,212,"00:25:38,100 --> 00:25:38,160",0.06,네.,건배하자.,건배.,반말형,,,,,45.0,80.0,50.0,78.0,55.0,0.07628,4.71,38.0,70.0,0.0,0.6892,"네, 네.",네.,불필요한 반복 제거,20.43,T4,구조검사 통과 시 유지,high_cps,20.35472972972973,20.4,P4,회귀검사 통과 시 유지
SSIS-652,사진 대조 재번역본,743,"01:12:58,790 --> 01:12:59,230",0.44,뭐?,네?,뭔가 잔뜩 있어.,중립·혼합형,,,,,45.0,80.0,50.0,78.0,55.0,0.26225,0.0,38.0,0.0,0.0,0.3242,뭐? 아침에 졸려? 하고 바로…,뭐? 아침부터 졸리다고 해 놓고…,사진 장면 확인 및 한국어 번역투·ASR 오역 교정,20.39,T4,구조검사 통과 시 유지,,20.27027027027027,20.34,P4,회귀검사 통과 시 유지
SSIS-652,사진 대조 재번역본,277,"00:30:41,880 --> 00:30:44,100",2.22,뭘 만지는 거야!,아!,그쪽?,반말형,,,,,45.0,80.0,50.0,78.0,55.0,0.26186,0.0,38.0,0.0,0.0,0.4198,몇 개나 먹는 거야!,몇 개째야!,일본어 원문 대조 + 자연스러운 한국어 대사 교정,20.38,T4,구조검사 통과 시 유지,,20.18581081081081,20.3,P4,회귀검사 통과 시 유지
SSIS-652,사진 대조 재번역본,885,"01:31:25,060 --> 01:31:25,640",0.58,미안해요.,미안해요.,잘래?,반말형,,,,,45.0,80.0,50.0,78.0,55.0,0.26147,0.0,38.0,0.0,0.0,0.3658,"하지 마. 미안, 미안해, 미안해.","잠깐만. 미안, 미안해.",일본어 원문 대조 + 자연스러운 한국어 대사 교정,20.36,T4,구조검사 통과 시 유지,,20.10135135135135,20.25,P4,회귀검사 통과 시 유지
SSIS-652,사진 대조 재번역본,1109,"02:18:49,550 --> 02:18:50,330",0.78,별로야?,빵 종류는 먹기가 힘든가.,"좋아하긴 하는데, 이제.",반말형,,,,,45.0,80.0,50.0,78.0,55.0,0.26065,0.0,38.0,0.0,0.0,0.1214,왠지 별로 사귄 적이 없어서…,많이 사귀어 본 편이 아니라서…,일본어 원문 대조 + 자연스러운 한국어 대사 교정,20.33,T4,구조검사 통과 시 유지,,20.01689189189189,20.2,P4,회귀검사 통과 시 유지
SSIS-652,사진 대조 재번역본,417,"00:48:22,000 --> 00:48:22,080",0.08,네.,고개 숙여.,소리 전부 들려 줘.,반말형,,,,,45.0,80.0,50.0,78.0,55.0,0.10941,4.71,38.0,55.0,0.0,0.6892,"네, 네.",네.,불필요한 반복 제거,20.32,T4,구조검사 통과 시 유지,high_cps,19.8902027027027,20.14,P4,회귀검사 통과 시 유지
SSIS-652,사진 대조 재번역본,1152,"02:23:17,130 --> 02:23:17,990",0.86,맛있어?,괜찮지?,먹어.,반응형,,,,,45.0,80.0,50.0,78.0,55.0,0.26051,0.0,38.0,0.0,0.0,0.3279,맛있어...,맛있어…,,20.32,T4,구조검사 통과 시 유지,,19.8902027027027,20.14,P4,회귀검사 통과 시 유지
SSIS-652,사진 대조 재번역본,201,"00:24:42,140 --> 00:24:42,540",0.4,호스트?,호스트바 같은 데 가요?,호스트바는 안 가요.,중립·혼합형,,,,,45.0,80.0,50.0,78.0,55.0,0.25954,0.0,38.0,0.0,0.0,0.0803,호텔?,러브호텔?,일본어 원문 대조 + 자연스러운 한국어 대사 교정,20.28,T4,구조검사 통과 시 유지,,19.763513513513516,20.06,P4,회귀검사 통과 시 유지
SSIS-652,사진 대조 재번역본,194,"00:23:55,150 --> 00:23:56,050",0.9,샴페인 이름이 뭐였지?,이거 샴페인이에요?,이거 마셔 보고 싶었어요.,반말형,,,사진 장면 확인 및 한국어 번역투·ASR 오역 교정,높음,58.0,96.0,50.0,92.0,42.0,0.49177,0.0,22.0,0.0,18.0,0.2015,샴페인이 뭐라고?,샴페인 이름이 뭐였지?,사진 장면 확인 및 한국어 번역투·ASR 오역 교정,20.26,T4,구조검사 통과 시 유지,formality_shift,19.679054054054053,20.02,P4,회귀검사 통과 시 유지
SSIS-652,사진 대조 재번역본,122,"00:08:48,580 --> 00:08:49,280",0.7,하하하.,따라가고 싶어.,한번 만져 보고 싶었어요.,중립·혼합형,,,,,45.0,80.0,50.0,78.0,55.0,0.25736,0.0,38.0,0.0,0.0,0.0376,금방 하아 하고.,금방 숨이 가빠지네.,,20.19,T4,구조검사 통과 시 유지,,19.594594594594593,19.94,P4,회귀검사 통과 시 유지
SSIS-652,사진 대조 재번역본,1045,"02:12:39,260 --> 02:12:40,740",1.48,피곤해?,피곤해?,피곤해?,반말형,,,,,45.0,80.0,50.0,78.0,55.0,0.19974,0.0,38.0,0.0,30.0,0.1345,원해?,만져 줬으면 해?,일본어 원문 대조 + 자연스러운 한국어 대사 교정,20.17,T4,구조검사 통과 시 유지,triple_identical_run,19.510135135135133,19.89,P4,회귀검사 통과 시 유지
SSIS-652,사진 대조 재번역본,828,"01:24:45,760 --> 01:24:47,100",1.34,알겠습니다.,조금 쉬자.,알겠습니다.,존댓말형,,,,,45.0,80.0,50.0,78.0,55.0,0.25642,0.0,38.0,0.0,0.0,0.5819,정말 바로 시작이네요. 알겠습니다.,정말 바로 시작하네요. 알겠습니다.,한국어 어순 교정,20.15,T4,구조검사 통과 시 유지,,19.425675675675674,19.85,P4,회귀검사 통과 시 유지
SSIS-652,사진 대조 재번역본,980,"02:06:14,260 --> 02:06:15,240",0.98,알겠어요?,네.,괜찮아요?,반응형,,,,,45.0,80.0,50.0,78.0,55.0,0.25606,0.0,38.0,0.0,0.0,0.315,왠지 알겠어.,어떻게 알았어?,손상된 일본어 ASR + 타임스탬프 사진 + 앞뒤 문맥 추론,20.13,T4,구조검사 통과 시 유지,,19.341216216216218,19.8,P4,회귀검사 통과 시 유지
SSIS-652,사진 대조 재번역본,886,"01:31:27,380 --> 01:31:28,380",1.0,잘래?,미안해요.,그러자.,중립·혼합형,,,,,45.0,80.0,50.0,78.0,55.0,0.25577,0.0,38.0,0.0,0.0,0.1478,뭐 할래?,"응, 이쪽으로.",일본어 원문 + 타임스탬프 사진 + 장면 연속성,20.12,T4,구조검사 통과 시 유지,,19.256756756756758,19.76,P4,회귀검사 통과 시 유지
SSIS-652,사진 대조 재번역본,208,"00:25:07,920 --> 00:25:08,800",0.88,오!,열게요.,익숙하네.,중립·혼합형,,,,,45.0,80.0,50.0,78.0,55.0,0.25536,0.0,38.0,0.0,0.0,0.4146,오오!,오오…!,일본어 원문 대조 + 자연스러운 한국어 대사 교정,20.11,T4,구조검사 통과 시 유지,,19.13006756756757,19.7,P4,회귀검사 통과 시 유지
SSIS-652,사진 대조 재번역본,628,"01:04:50,860 --> 01:04:51,740",0.88,빨리.,아직 거기는 허락 안 했어.,네.,중립·혼합형,,,,,45.0,80.0,50.0,78.0,55.0,0.2554,0.0,38.0,0.0,0.0,0.2307,빨리 핥아 봐.,빨리 핥아 줘.,화자 말투 자연화,20.11,T4,구조검사 통과 시 유지,,19.13006756756757,19.7,P4,회귀검사 통과 시 유지
SSIS-652,사진 대조 재번역본,782,"01:20:00,810 --> 01:20:04,410",3.6,갈 수 있지?,아직 갈 수 있지?,대단해.,반말형,,,사진 장면 확인 및 한국어 번역투·ASR 오역 교정,높음,58.0,96.0,50.0,92.0,42.0,0.52097,0.0,22.0,0.0,0.0,0.2021,"잠깐, 이쪽으로 더 갈 수 있나?",그냥 여기서 살까?,,20.1,T4,구조검사 통과 시 유지,,19.00337837837838,19.64,P4,회귀검사 통과 시 유지
SSIS-652,사진 대조 재번역본,831,"01:24:51,060 --> 01:24:52,720",1.66,알겠습니다.,알겠습니다.,배고파졌어.,존댓말형,,,,,45.0,80.0,50.0,78.0,55.0,0.25405,0.0,38.0,0.0,0.0,0.5819,정말 바로 시작이네요. 알겠습니다.,정말 바로 시작하네요. 알겠습니다.,한국어 어순 교정,20.05,T4,구조검사 통과 시 유지,,18.91891891891892,19.57,P4,회귀검사 통과 시 유지
SSIS-652,사진 대조 재번역본,76,"00:05:54,440 --> 00:05:55,560",1.12,"아, 괜찮아요?",기다려.,다정한 느낌이에요.,반응형,,,,,45.0,80.0,50.0,78.0,55.0,0.21902,0.0,38.0,0.0,18.0,0.4669,빨아 줬으면 좋겠는데… 괜찮아요?,거기 좋아… 그대로 해 줘.,손상된 일본어 ASR + 타임스탬프 사진 + 앞뒤 문맥 추론,20.02,T4,구조검사 통과 시 유지,formality_shift,18.83445945945946,19.52,P4,회귀검사 통과 시 유지
SSIS-652,사진 대조 재번역본,676,"01:09:59,790 --> 01:10:00,690",0.9,빨리.,콘돔 씌워.,안 씌우면 멈추지 않을 거야.,중립·혼합형,,,,,45.0,80.0,50.0,78.0,55.0,0.25306,0.0,38.0,0.0,0.0,0.2307,빨리 핥아 봐.,빨리 핥아 줘.,화자 말투 자연화,20.01,T4,구조검사 통과 시 유지,,18.75,19.48,P4,회귀검사 통과 시 유지
SSIS-652,사진 대조 재번역본,732,"01:12:30,850 --> 01:12:31,510",0.66,아하하하.,아하하하.,이제 무리야?,반응형,,,,,45.0,80.0,50.0,78.0,55.0,0.2528,0.0,38.0,0.0,0.0,0.0362,"아, 아, 아, 아, 아, 아, 아,","아, 아, 아, 아, 아, 아, 아",,20.0,T4,구조검사 통과 시 유지,,18.66554054054054,19.44,P4,회귀검사 통과 시 유지
SSIS-652,사진 대조 재번역본,109,"00:07:58,640 --> 00:07:59,080",0.44,어라?,안 보이네.,"위, 위.",반응형,,,,,45.0,80.0,50.0,78.0,55.0,0.25264,0.0,38.0,0.0,0.0,0.1683,어라... 아...,어라… 아…,,19.99,T4,구조검사 통과 시 유지,,18.58108108108108,19.4,P4,회귀검사 통과 시 유지
SSIS-652,사진 대조 재번역본,1181,"02:25:44,940 --> 02:25:45,960",1.02,괜찮아요?,응! 좋아!,그러다 죽을지도 몰라…,반응형,,,,,45.0,80.0,50.0,78.0,55.0,0.25241,0.0,38.0,0.0,0.0,0.5014,빨아 줬으면 좋겠는데… 괜찮아요?,거기 좋아… 그대로 해 줘.,손상된 일본어 ASR + 타임스탬프 사진 + 앞뒤 문맥 추론,19.98,T4,구조검사 통과 시 유지,,18.49662162162162,19.36,P4,회귀검사 통과 시 유지
SSIS-652,사진 대조 재번역본,425,"00:49:22,920 --> 00:49:23,860",0.94,목이 막혀?,목이 막혀요.,아무것도 아니야.,중립·혼합형,,,사진 장면 확인 및 한국어 번역투·ASR 오역 교정,높음,58.0,96.0,50.0,92.0,46.0,0.51018,0.0,22.0,0.0,0.0,0.1527,막혀 있을 때는...,막혀 있을 때는…,,19.95,T4,구조검사 통과 시 유지,,18.41216216216216,19.3,P4,회귀검사 통과 시 유지
SSIS-652,사진 대조 재번역본,72,"00:05:35,800 --> 00:05:37,800",2.0,맞아요.,더워! 더워요.,정말 덥네요.,반응형,,,,,45.0,80.0,50.0,78.0,55.0,0.2515,0.0,38.0,0.0,0.0,0.5141,몸을 생각하면 제대로 하는 게 맞아요.,몸에 무리가 가지 않게 제대로 해야 해요.,,19.94,T4,구조검사 통과 시 유지,,18.243243243243242,19.23,P4,회귀검사 통과 시 유지
SSIS-652,사진 대조 재번역본,112,"00:08:03,060 --> 00:08:03,420",0.36,이거?,위에?,와.,중립·혼합형,,,,,45.0,80.0,50.0,78.0,55.0,0.25132,0.0,38.0,0.0,0.0,0.2004,어떻게 먹는 거?,어떤 식으로?,일본어 원문 대조 + 자연스러운 한국어 대사 교정,19.94,T4,구조검사 통과 시 유지,,18.243243243243242,19.23,P4,회귀검사 통과 시 유지
SSIS-652,사진 대조 재번역본,458,"00:51:58,850 --> 00:52:00,530",1.68,아아.,아앗.,아앗.,반응형,,,,,45.0,80.0,50.0,78.0,55.0,0.25148,0.0,38.0,0.0,0.0,0.4744,아아...,아아…,,19.94,T4,구조검사 통과 시 유지,,18.243243243243242,19.23,P4,회귀검사 통과 시 유지
SSIS-652,사진 대조 재번역본,184,"00:21:46,060 --> 00:21:50,820",4.76,"그럼 이제 호텔로 갈까요?
네, 가요.",쇼핑도 즐거웠어요. 분위기도 좋았고요.,여기예요.,중립·혼합형,,,사진 장면 확인 및 한국어 번역투·ASR 오역 교정,높음,58.0,96.0,50.0,92.0,42.0,0.51489,0.0,22.0,0.0,0.0,0.3916,가요.,갈 것 같아요.,성인 장면 관용 표현 교정,19.92,T4,구조검사 통과 시 유지,,18.074324324324326,19.14,P4,회귀검사 통과 시 유지
SSIS-652,사진 대조 재번역본,217,"00:25:53,820 --> 00:25:54,660",0.84,샴페인.,"맛있어, 맛있어.",술을 마셔.,중립·혼합형,,,,,45.0,80.0,50.0,78.0,55.0,0.25078,0.0,38.0,0.0,0.0,0.2658,샴페인이 뭐라고?,샴페인 이름이 뭐였지?,사진 장면 확인 및 한국어 번역투·ASR 오역 교정,19.91,T4,구조검사 통과 시 유지,,17.989864864864867,19.1,P4,회귀검사 통과 시 유지
SSIS-652,사진 대조 재번역본,114,"00:08:07,400 --> 00:08:08,740",1.34,이게 뭐야?,와.,방금 뭐였어?,반말형,,,,,45.0,80.0,50.0,78.0,55.0,0.24934,0.0,38.0,0.0,0.0,0.5622,"아, 아... 뭐야?","아, 아… 뭐야?",,19.85,T4,구조검사 통과 시 유지,,17.778716216216218,18.98,P4,회귀검사 통과 시 유지
SSIS-652,사진 대조 재번역본,258,"00:28:07,090 --> 00:28:08,370",1.28,에에.,손톱으로 살살 긁어?,요구해 왔네.,중립·혼합형,,,,,45.0,80.0,50.0,78.0,55.0,0.24927,0.0,38.0,0.0,0.0,0.5121,에에...,에에…,,19.85,T4,구조검사 통과 시 유지,,17.778716216216218,18.98,P4,회귀검사 통과 시 유지
SSIS-652,사진 대조 재번역본,355,"00:41:41,320 --> 00:41:41,620",0.3,응.,E바디는 D컵부터니까.,무슨 소리야?,반응형,,,,,45.0,80.0,50.0,78.0,55.0,0.2494,0.0,38.0,0.0,0.0,0.4779,"하-, 응.",하아… 응.,,19.85,T4,구조검사 통과 시 유지,,17.778716216216218,18.98,P4,회귀검사 통과 시 유지
SSIS-652,사진 대조 재번역본,533,"00:57:26,020 --> 00:57:27,080",1.06,벌써 기대돼요.,가져왔구나.,기대하고 있어.,중립·혼합형,,,사진 장면 확인 및 한국어 번역투·ASR 오역 교정,높음,58.0,96.0,50.0,92.0,42.0,0.51249,0.0,22.0,0.0,0.0,0.2297,"어, 벌써 느끼고 있잖아.","어, 벌써 좋아하고 있잖아.",,19.85,T4,구조검사 통과 시 유지,,17.778716216216218,18.98,P4,회귀검사 통과 시 유지
SSIS-652,사진 대조 재번역본,635,"01:05:17,400 --> 01:05:18,480",1.08,앗.,"앗, 앗!",더.,반응형,,,,,45.0,80.0,50.0,78.0,55.0,0.24855,0.0,38.0,0.0,0.0,0.3654,앗...,앗…,,19.82,T4,구조검사 통과 시 유지,,17.52533783783784,18.86,P4,회귀검사 통과 시 유지
SSIS-652,사진 대조 재번역본,717,"01:11:42,510 --> 01:11:44,530",2.02,맛있어.,맛있어.,맛있네.,반응형,,,,,45.0,80.0,50.0,78.0,55.0,0.24027,1.94,38.0,0.0,0.0,0.6662,"음-, 맛있어.",음… 맛있어.,,19.82,T4,구조검사 통과 시 유지,,17.52533783783784,18.86,P4,회귀검사 통과 시 유지
SSIS-652,사진 대조 재번역본,52,"00:03:18,390 --> 00:03:20,890",2.5,아직 안 왔네요.,이 근처에서 만나기로 했는데요.,그래도 기대돼요.,반응형,,,사진 장면 확인 및 한국어 번역투·ASR 오역 교정,높음,58.0,96.0,50.0,92.0,42.0,0.5112,0.0,22.0,0.0,0.0,0.2614,그러니까 아직 안 왔어요.,아직 안 왔네요.,사진 장면 확인 및 한국어 번역투·ASR 오역 교정,19.81,T4,구조검사 통과 시 유지,,17.39864864864865,18.8,P4,회귀검사 통과 시 유지
SSIS-652,사진 대조 재번역본,843,"01:26:03,700 --> 01:26:04,380",0.68,푸딩도 살까?,혼나 버려.,좋아하는 음식.,중립·혼합형,,,사진 장면 확인 및 한국어 번역투·ASR 오역 교정,높음,58.0,96.0,50.0,92.0,42.0,0.5099,0.0,22.0,0.0,0.0,0.1941,푸딩 팝?,푸딩도 살까?,사진 장면 확인 및 한국어 번역투·ASR 오역 교정,19.77,T4,구조검사 통과 시 유지,,17.31418918918919,18.74,P4,회귀검사 통과 시 유지
SSIS-652,사진 대조 재번역본,83,"00:06:44,240 --> 00:06:44,780",0.54,이쪽이야.,"아, 아니야.",역시 가까이서 보니까 좋네요.,반말형,,,,,45.0,80.0,50.0,78.0,55.0,0.24511,0.0,38.0,0.0,0.0,0.2949,이쪽이 더 커.,이쪽이 더 굵어.,일본어 원문 대조 + 자연스러운 한국어 대사 교정,19.67,T4,구조검사 통과 시 유지,,17.22972972972973,18.65,P4,회귀검사 통과 시 유지
SSIS-652,사진 대조 재번역본,159,"00:11:53,030 --> 00:11:53,870",0.84,좋잖아.,푸딩 말이지.,오늘도 잔뜩 사자.,반응형,,,,,45.0,80.0,50.0,78.0,55.0,0.24414,0.0,38.0,0.0,0.0,0.5462,너도 기분 좋잖아...,너도 기분 좋잖아…,,19.63,T4,구조검사 통과 시 유지,,17.14527027027027,18.59,P4,회귀검사 통과 시 유지
SSIS-652,사진 대조 재번역본,91,"00:07:10,240 --> 00:07:11,720",1.48,이쪽?,이쪽?,더워.,중립·혼합형,,,,,45.0,80.0,50.0,78.0,55.0,0.24347,0.0,38.0,0.0,0.0,0.1436,이쪽...,이쪽…,,19.61,T4,구조검사 통과 시 유지,,17.06081081081081,18.54,P4,회귀검사 통과 시 유지
SSIS-652,사진 대조 재번역본,376,"00:42:48,660 --> 00:42:49,860",1.2,제대로 만질게.,"죄송해요, 죄송해요.",제대로 만질 거야?,중립·혼합형,,,,,45.0,80.0,50.0,78.0,55.0,0.24208,0.0,38.0,0.0,0.0,0.3713,제대로 돼 있네.,제대로 가려지네.,일본어 원문 대조 + 자연스러운 한국어 대사 교정,19.55,T4,구조검사 통과 시 유지,,16.93412162162162,18.45,P4,회귀검사 통과 시 유지
SSIS-652,사진 대조 재번역본,405,"00:47:25,250 --> 00:47:26,190",0.94,좋아.,아파?,손으로?,반응형,,,,,45.0,80.0,50.0,78.0,55.0,0.15332,20.74,38.0,0.0,0.0,0.8228,"아, 좋아.","아, 들어온다.",,19.55,T4,구조검사 통과 시 유지,,16.93412162162162,18.45,P4,회귀검사 통과 시 유지
SSIS-652,사진 대조 재번역본,540,"00:57:54,430 --> 00:57:55,030",0.6,좋아?,네.,분위기가 확 달라졌어요.,반응형,,,,,45.0,80.0,50.0,78.0,55.0,0.24138,0.0,38.0,0.0,0.0,0.6123,안쪽이 좋아?,안쪽도 좋아?,일본어 원문 대조 + 자연스러운 한국어 대사 교정,19.52,T4,구조검사 통과 시 유지,,16.80743243243243,18.38,P4,회귀검사 통과 시 유지
SSIS-652,사진 대조 재번역본,806,"01:22:38,470 --> 01:22:39,850",1.38,뭐?,구역질은 금방 가라앉으니까.,"자, 다음으로 넘어갈게요.",중립·혼합형,,,,,45.0,80.0,50.0,78.0,55.0,0.24092,0.0,38.0,0.0,0.0,0.3242,뭐? 아침에 졸려? 하고 바로…,뭐? 아침부터 졸리다고 해 놓고…,사진 장면 확인 및 한국어 번역투·ASR 오역 교정,19.5,T4,구조검사 통과 시 유지,,16.722972972972975,18.33,P4,회귀검사 통과 시 유지
SSIS-652,사진 대조 재번역본,773,"01:19:03,950 --> 01:19:05,750",1.8,아직 갈 수 있지?,아!,"아직, 아직.",반응형,,,사진 장면 확인 및 한국어 번역투·ASR 오역 교정,높음,58.0,96.0,50.0,92.0,42.0,0.5003,0.0,22.0,0.0,0.0,0.3481,아직 잘 거지?,아직 갈 수 있지?,사진 장면 확인 및 한국어 번역투·ASR 오역 교정,19.48,T4,구조검사 통과 시 유지,,16.638513513513516,18.29,P4,회귀검사 통과 시 유지
SSIS-652,사진 대조 재번역본,36,"00:02:23,780 --> 00:02:24,580",0.8,기쁘네요.,제가 찍은 작품 중에서는 드문 편이에요.,그 장면도 꼭 봐 주셨으면 해요.,반말형,,,,,45.0,80.0,50.0,78.0,55.0,0.24003,0.0,38.0,0.0,0.0,0.4193,기쁘네.,좋아.,일본어 원문 대조 + 자연스러운 한국어 대사 교정,19.46,T4,구조검사 통과 시 유지,,16.511824324324326,18.22,P4,회귀검사 통과 시 유지
SSIS-652,사진 대조 재번역본,291,"00:32:04,260 --> 00:32:05,740",1.48,안 보이네요.,조금 돌아왔어요.,안 보이네요.,반말형,,,,,45.0,80.0,50.0,78.0,55.0,0.21831,5.04,38.0,0.0,0.0,0.692,안 입은 것처럼 보이네요.,속옷을 안 입은 것처럼 보이네요.,사진 장면 확인 및 한국어 번역투·ASR 오역 교정,19.46,T4,구조검사 통과 시 유지,,16.511824324324326,18.22,P4,회귀검사 통과 시 유지
SSIS-652,사진 대조 재번역본,681,"01:10:10,530 --> 01:10:11,310",0.78,느려?,그건 싫어요.,뭐?,중립·혼합형,,,,,45.0,80.0,50.0,78.0,55.0,0.23961,0.0,38.0,0.0,0.0,0.1984,안 졸려? 안 졸려?,아직 안 졸리지?,일본어 원문 대조 + 자연스러운 한국어 대사 교정,19.44,T4,구조검사 통과 시 유지,,16.385135135135133,18.16,P4,회귀검사 통과 시 유지
SSIS-652,사진 대조 재번역본,729,"01:12:15,520 --> 01:12:16,160",0.64,아하.,얍.,아하하하.,반응형,,,,,45.0,80.0,50.0,78.0,55.0,0.23907,0.0,38.0,0.0,0.0,0.0492,"아, 아, 아, 아, 아, 아, 아,","아, 아, 아, 아, 아, 아, 아",,19.42,T4,구조검사 통과 시 유지,,16.300675675675674,18.11,P4,회귀검사 통과 시 유지
SSIS-652,사진 대조 재번역본,499,"00:55:06,660 --> 00:55:07,000",0.34,앗.,다시 씌워 주세요.,앗.,반응형,,,,,45.0,80.0,50.0,78.0,55.0,0.23819,0.0,38.0,0.0,0.0,0.3654,앗...,앗…,,19.38,T4,구조검사 통과 시 유지,,16.216216216216218,18.05,P4,회귀검사 통과 시 유지
SSIS-652,사진 대조 재번역본,682,"01:10:17,910 --> 01:10:19,110",1.2,뭐?,느려?,"잠깐, 잠깐, 잠깐.",중립·혼합형,,,,,45.0,80.0,50.0,78.0,55.0,0.23748,0.0,38.0,0.0,0.0,0.3242,뭐? 아침에 졸려? 하고 바로…,뭐? 아침부터 졸리다고 해 놓고…,사진 장면 확인 및 한국어 번역투·ASR 오역 교정,19.35,T4,구조검사 통과 시 유지,,16.131756756756758,18.0,P4,회귀검사 통과 시 유지
SSIS-652,사진 대조 재번역본,339,"00:40:18,840 --> 00:40:21,800",2.96,"너무 빠르지 않아?
아까도 한 번 갔잖아.",유키 씨?,갈게.,반말형,,,사진 장면 확인 및 한국어 번역투·ASR 오역 교정,높음,58.0,96.0,50.0,92.0,42.0,0.49487,0.0,22.0,0.0,0.0,0.5923,빠르지 않아? 아까도 힘이 빠졌잖아.,너무 빠르지 않아? 아까도 한 번 갔잖아.,사진 장면 확인 및 한국어 번역투·ASR 오역 교정,19.31,T4,구조검사 통과 시 유지,,16.0472972972973,17.94,P4,회귀검사 통과 시 유지
SSIS-652,사진 대조 재번역본,724,"01:11:58,750 --> 01:11:59,170",0.42,응.,네.,이렇게도 할 수 있네.,반응형,,,,,45.0,80.0,50.0,78.0,55.0,0.23541,0.0,38.0,0.0,0.0,0.4779,"하-, 응.",하아… 응.,,19.27,T4,구조검사 통과 시 유지,,15.962837837837837,17.88,P4,회귀검사 통과 시 유지
SSIS-652,사진 대조 재번역본,1123,"02:19:40,630 --> 02:19:41,090",0.46,힘내.,시간이 없으니까.,"그래, 시간.",중립·혼합형,,,,,45.0,80.0,50.0,78.0,55.0,0.23534,0.0,38.0,0.0,0.0,0.2009,"네, 힘내면 돼.","응, 힘내면 돼.",사진 장면 확인 및 한국어 번역투·ASR 오역 교정,19.26,T4,구조검사 통과 시 유지,,15.878378378378377,17.84,P4,회귀검사 통과 시 유지
SSIS-652,사진 대조 재번역본,1125,"02:19:44,710 --> 02:19:47,400",2.69,힘낼게.,"그래, 시간.",요구르트도 안 먹어? 좋아하잖아?,중립·혼합형,,,,,45.0,80.0,50.0,78.0,55.0,0.23455,0.0,38.0,0.0,0.0,0.0883,그러게.,목욕하면서 이러는 거…,일본어 원문 + 타임스탬프 사진 + 장면 연속성,19.23,T4,구조검사 통과 시 유지,,15.79391891891892,17.79,P4,회귀검사 통과 시 유지
SSIS-652,사진 대조 재번역본,99,"00:07:32,680 --> 00:07:33,200",0.52,와.,바다사자?,귀엽다.,중립·혼합형,,,,,45.0,80.0,50.0,78.0,55.0,0.23341,0.0,38.0,0.0,0.0,0.4088,"후후후, 어서 와.","후후후, 차가워!",손상된 일본어 ASR + 타임스탬프 사진 + 앞뒤 문맥 추론,19.18,T4,구조검사 통과 시 유지,,15.70945945945946,17.72,P4,회귀검사 통과 시 유지
SSIS-652,사진 대조 재번역본,430,"00:49:59,720 --> 00:50:00,120",0.4,응?,그렇게 목이 메면 기분 좋지 않잖아.,좋아.,반응형,,,,,45.0,80.0,50.0,78.0,55.0,0.23286,0.0,38.0,0.0,0.0,0.4417,응? 잠깐 기다려…,응? 잠깐만…,일본어 원문 대조 + 자연스러운 한국어 대사 교정,19.16,T4,구조검사 통과 시 유지,,15.625,17.68,P4,회귀검사 통과 시 유지
SSIS-652,사진 대조 재번역본,294,"00:32:12,940 --> 00:32:13,380",0.44,어때?,안 보여. 안 보여.,안 보일 것 같아.,반응형,,,,,45.0,80.0,50.0,78.0,55.0,0.22451,1.92,38.0,0.0,0.0,0.666,어때? 맛은?,어때? 맛 평가해 줘.,일본어 원문 대조 + 자연스러운 한국어 대사 교정,19.15,T4,구조검사 통과 시 유지,,15.54054054054054,17.63,P4,회귀검사 통과 시 유지
SSIS-652,사진 대조 재번역본,238,"00:27:14,660 --> 00:27:15,220",0.56,그렇지.,네.,이런 거 좋아하지?,반말형,,,,,45.0,80.0,50.0,78.0,55.0,0.23227,0.0,38.0,0.0,0.0,0.2424,전부 다 그러면 큰일이지. 그렇지 않아.,다 그러면 큰일 나죠. 저는 안 가요.,사진 장면 확인 및 한국어 번역투·ASR 오역 교정,19.14,T4,구조검사 통과 시 유지,,15.45608108108108,17.59,P4,회귀검사 통과 시 유지
SSIS-652,사진 대조 재번역본,397,"00:44:39,290 --> 00:44:40,250",0.96,"그럼, 좋아!",기분 좋을까?,아프려나?,반응형,,,,,45.0,80.0,50.0,78.0,55.0,0.23157,0.0,38.0,0.0,0.0,0.3904,"그럼, 오늘도 봐 주세요.",그럼 오늘도 잘 봐 줘.,,19.11,T4,구조검사 통과 시 유지,,15.329391891891891,17.52,P4,회귀검사 통과 시 유지
SSIS-652,사진 대조 재번역본,566,"00:59:49,570 --> 00:59:50,370",0.8,맛있어?,카에데 씨 침을 많이 받고 싶어요.,정말 맛있어요.,반응형,,,,,45.0,80.0,50.0,78.0,55.0,0.23175,0.0,38.0,0.0,0.0,0.3279,맛있어...,맛있어…,,19.11,T4,구조검사 통과 시 유지,,15.329391891891891,17.52,P4,회귀검사 통과 시 유지
SSIS-652,사진 대조 재번역본,545,"00:58:02,850 --> 00:58:02,970",0.12,네.,귀여워?,다시 섰어?,반말형,,,,,45.0,80.0,50.0,78.0,55.0,0.15172,4.71,38.0,25.0,0.0,0.6892,"네, 네.",네.,불필요한 반복 제거,19.1,T4,구조검사 통과 시 유지,borderline_cps,15.202702702702704,17.46,P4,회귀검사 통과 시 유지
SSIS-652,사진 대조 재번역본,1044,"02:12:34,360 --> 02:12:35,560",1.2,피곤해?,조금만요.,피곤해?,반말형,,,,,45.0,80.0,50.0,78.0,55.0,0.23128,0.0,38.0,0.0,0.0,0.1345,원해?,만져 줬으면 해?,일본어 원문 대조 + 자연스러운 한국어 대사 교정,19.09,T4,구조검사 통과 시 유지,,15.118243243243242,17.42,P4,회귀검사 통과 시 유지
SSIS-652,사진 대조 재번역본,765,"01:16:30,520 --> 01:16:31,500",0.98,있잖아…,"아, 아, 아, 아.",아까 거짓말이었잖아. 서 있잖아…,반응형,,,,,45.0,80.0,50.0,78.0,55.0,0.22736,0.5,38.0,0.0,0.0,0.6542,계속 간 채로 있잖아…,계속 느끼고 있잖아…,타임스탬프 사진과 장면 흐름으로 명백한 오인식 교정,19.02,T4,구조검사 통과 시 유지,,15.033783783783782,17.35,P4,회귀검사 통과 시 유지
SSIS-652,사진 대조 재번역본,189,"00:23:38,680 --> 00:23:47,070",8.39,하하하.,꽤 뜨거웠어요.,"아, 뭐 있어?",중립·혼합형,,,,,45.0,80.0,50.0,78.0,55.0,0.22935,0.0,38.0,0.0,0.0,0.0376,금방 하아 하고.,금방 숨이 가빠지네.,,19.01,T4,구조검사 통과 시 유지,,14.949324324324326,17.3,P4,회귀검사 통과 시 유지
SSIS-652,사진 대조 재번역본,678,"01:10:05,590 --> 01:10:05,990",0.4,싫어요.,안 씌우면 멈추지 않을 거야.,가 버릴 거야. 그래도 돼?,반응형,,,,,45.0,80.0,50.0,78.0,55.0,0.22823,0.0,38.0,0.0,0.0,0.2158,싫어...,싫어…,,18.97,T4,구조검사 통과 시 유지,,14.864864864864865,17.25,P4,회귀검사 통과 시 유지
SSIS-652,사진 대조 재번역본,403,"00:47:12,090 --> 00:47:13,970",1.88,아파?,아파?,아파?,반응형,,,,,45.0,80.0,50.0,78.0,55.0,0.17087,0.0,38.0,0.0,30.0,0.1961,"아파, 아파, 아파...","아파, 아파, 아파…",,18.96,T4,구조검사 통과 시 유지,triple_identical_run,14.780405405405405,17.2,P4,회귀검사 통과 시 유지
SSIS-652,사진 대조 재번역본,214,"00:25:40,740 --> 00:25:41,000",0.26,건배.,건배.,맛있어?,중립·혼합형,,,,,45.0,80.0,50.0,78.0,55.0,0.22718,0.0,38.0,0.0,0.0,0.0455,여기서 하는 건 역시 좋아.,역시 가까이서 보니까 좋네요.,사진 장면 확인 및 한국어 번역투·ASR 오역 교정,18.92,T4,구조검사 통과 시 유지,,14.695945945945946,17.15,P4,회귀검사 통과 시 유지
SSIS-652,사진 대조 재번역본,896,"01:32:17,490 --> 01:32:26,950",9.46,"잘 자요. 빠르네.
말하자마자 바로 잠드는구나.",네.,그대로 두면 직원 방까지 걸어갈 사람 같아.,반말형,,,사진 장면 확인 및 한국어 번역투·ASR 오역 교정,높음,58.0,96.0,50.0,92.0,42.0,0.47969,0.0,22.0,0.0,0.0,0.5015,잘 자요. 빠르다. 빠르네. 금방 말하네. 바로 잠드는 사람이구나.,잘 자요. 빠르네. 말하자마자 바로 잠드는구나.,사진 장면 확인 및 한국어 번역투·ASR 오역 교정,18.85,T4,구조검사 통과 시 유지,,14.611486486486486,17.07,P4,회귀검사 통과 시 유지
SSIS-652,사진 대조 재번역본,87,"00:07:03,180 --> 00:07:03,620",0.44,빠르네.,들켰다.,그런데 펭귄은 밖에 있어요.,반말형,,,,,45.0,80.0,50.0,78.0,55.0,0.22492,0.0,38.0,0.0,0.0,0.4283,잘 자요. 빠르다. 빠르네. 금방 말하네. 바로 잠드는 사람이구나.,잘 자요. 빠르네. 말하자마자 바로 잠드는구나.,사진 장면 확인 및 한국어 번역투·ASR 오역 교정,18.83,T4,구조검사 통과 시 유지,,14.527027027027026,17.02,P4,회귀검사 통과 시 유지
SSIS-652,사진 대조 재번역본,149,"00:11:34,680 --> 00:11:35,400",0.72,딸기.,제일 좋아하는 과일.,딸기라니.,중립·혼합형,,,,,45.0,80.0,50.0,78.0,55.0,0.22395,0.0,38.0,0.0,0.0,0.1018,아… 기분 좋아. 아… 거기 거기.,"아… 좋아. 거기, 거기.",일본어 원문 대조 + 자연스러운 한국어 대사 교정,18.79,T4,구조검사 통과 시 유지,,14.442567567567568,16.96,P4,회귀검사 통과 시 유지
SSIS-652,사진 대조 재번역본,771,"01:17:17,230 --> 01:17:17,990",0.76,네?,정말?,아!,반말형,,,,,45.0,80.0,50.0,78.0,55.0,0.22366,0.0,38.0,0.0,0.0,0.2709,진짜네?,진짜?,일본어 원문 대조 + 자연스러운 한국어 대사 교정,18.77,T4,구조검사 통과 시 유지,,14.358108108108109,16.92,P4,회귀검사 통과 시 유지
SSIS-652,사진 대조 재번역본,801,"01:21:45,370 --> 01:21:45,630",0.26,괜찮아?,괜찮아요.,괜찮아?,반응형,,,,,45.0,80.0,50.0,78.0,55.0,0.22303,0.0,38.0,0.0,0.0,0.526,더 해줘도 돼? 더 해줘. 괜찮아?,더 해 줘도 돼? 더 해 줘. 괜찮아?,,18.75,T4,구조검사 통과 시 유지,,14.27364864864865,16.87,P4,회귀검사 통과 시 유지
SSIS-652,사진 대조 재번역본,1116,"02:19:11,520 --> 02:19:12,100",0.58,맛있어.,맛있어?,먹고 있어?,반응형,,,,,45.0,80.0,50.0,78.0,55.0,0.2143,1.94,38.0,0.0,0.0,0.6662,"음-, 맛있어.",음… 맛있어.,,18.73,T4,구조검사 통과 시 유지,,14.18918918918919,16.82,P4,회귀검사 통과 시 유지
SSIS-652,사진 대조 재번역본,280,"00:30:52,740 --> 00:30:53,720",0.98,뭐?,아직 기다리고 있어.,싫어?,중립·혼합형,,,,,45.0,80.0,50.0,78.0,55.0,0.22117,0.0,38.0,0.0,0.0,0.3242,뭐? 아침에 졸려? 하고 바로…,뭐? 아침부터 졸리다고 해 놓고…,사진 장면 확인 및 한국어 번역투·ASR 오역 교정,18.67,T4,구조검사 통과 시 유지,,14.104729729729728,16.75,P4,회귀검사 통과 시 유지
SSIS-652,사진 대조 재번역본,675,"01:09:58,150 --> 01:09:59,450",1.3,콘돔 씌워.,"잠깐, 괜찮아요?",빨리.,중립·혼합형,,,사진 장면 확인 및 한국어 번역투·ASR 오역 교정,높음,58.0,96.0,50.0,92.0,42.0,0.41791,12.61,22.0,0.0,0.0,0.7551,씌워.,콘돔 씌워.,사진 장면 확인 및 한국어 번역투·ASR 오역 교정,18.62,T4,구조검사 통과 시 유지,,14.020270270270272,16.69,P4,회귀검사 통과 시 유지
SSIS-652,사진 대조 재번역본,401,"00:47:08,170 --> 00:47:09,450",1.28,아파.,먹고 싶어?,아파?,반응형,,,,,45.0,80.0,50.0,78.0,55.0,0.16005,13.85,38.0,0.0,0.0,0.7654,배가 아파.,안쪽이 아파.,,18.59,T4,구조검사 통과 시 유지,,13.93581081081081,16.64,P4,회귀검사 통과 시 유지
SSIS-652,사진 대조 재번역본,284,"00:31:12,350 --> 00:31:13,870",1.52,뭐?,그럼 왜?,"안 마시면, 안 마실게요.",중립·혼합형,,,,,45.0,80.0,50.0,78.0,55.0,0.21573,0.0,38.0,0.0,0.0,0.3242,뭐? 아침에 졸려? 하고 바로…,뭐? 아침부터 졸리다고 해 놓고…,사진 장면 확인 및 한국어 번역투·ASR 오역 교정,18.44,T4,구조검사 통과 시 유지,,13.85135135135135,16.51,P4,회귀검사 통과 시 유지
SSIS-652,사진 대조 재번역본,69,"00:05:27,120 --> 00:05:29,200",2.08,땀나?,땀나고 있어?,잠깐만요.,중립·혼합형,,,사진 장면 확인 및 한국어 번역투·ASR 오역 교정,높음,58.0,96.0,50.0,92.0,42.0,0.46508,0.0,22.0,0.0,0.0,0.1453,괜찮으려나? 왜? 잘 닦이고 있나?,괜찮으려나? 왜? 잘 닦이고 있어?,일본어 원문 대조 + 자연스러운 한국어 대사 교정,18.41,T4,구조검사 통과 시 유지,,13.766891891891891,16.46,P4,회귀검사 통과 시 유지
SSIS-652,사진 대조 재번역본,153,"00:11:41,180 --> 00:11:42,360",1.18,멜론.,멜론.,단 거 좋아해?,중립·혼합형,,,,,45.0,80.0,50.0,78.0,55.0,0.21334,0.0,38.0,0.0,0.0,0.0047,안 돼.,"네, 놀랐어요.",타임스탬프 사진과 앞뒤 장면으로 대사 기능 복원,18.34,T4,구조검사 통과 시 유지,,13.640202702702704,16.37,P4,회귀검사 통과 시 유지
SSIS-652,사진 대조 재번역본,254,"00:27:51,120 --> 00:27:52,260",1.14,소리 내니까 멈췄네.,응.,붙잡으면 움직일 수가 없잖아.,반말형,,,사진 장면 확인 및 한국어 번역투·ASR 오역 교정,높음,58.0,96.0,50.0,92.0,42.0,0.46266,0.0,22.0,0.0,0.0,0.215,소리 내면 멈춰 버렸어.,소리 내니까 멈췄네.,사진 장면 확인 및 한국어 번역투·ASR 오역 교정,18.34,T4,구조검사 통과 시 유지,,13.640202702702704,16.37,P4,회귀검사 통과 시 유지
SSIS-652,사진 대조 재번역본,914,"01:33:53,720 --> 01:33:55,820",2.1,뭐야…,왜?,"잠깐, 저기…",반말형,,,,,45.0,80.0,50.0,78.0,55.0,0.21087,0.0,38.0,0.0,0.0,0.1752,"아, 아... 뭐야?","아, 아… 뭐야?",,18.24,T4,구조검사 통과 시 유지,,13.513513513513514,16.25,P4,회귀검사 통과 시 유지
SSIS-652,사진 대조 재번역본,156,"00:11:48,630 --> 00:11:49,090",0.46,달다.,단 거 좋아해?,푸딩.,중립·혼합형,,,,,45.0,80.0,50.0,78.0,55.0,0.20984,0.0,38.0,0.0,0.0,0.0587,달라고 했잖아.,씻어 달라고 했잖아.,타임스탬프 사진과 앞뒤 장면으로 대사 기능 복원,18.19,T4,구조검사 통과 시 유지,,13.429054054054054,16.19,P4,회귀검사 통과 시 유지
SSIS-652,사진 대조 재번역본,90,"00:07:09,420 --> 00:07:09,980",0.56,이쪽?,"아, 펭귄은 밖에 있구나.",이쪽?,중립·혼합형,,,,,45.0,80.0,50.0,78.0,55.0,0.20654,0.0,38.0,0.0,0.0,0.1436,이쪽...,이쪽…,,18.05,T4,구조검사 통과 시 유지,,13.344594594594595,16.07,P4,회귀검사 통과 시 유지
SSIS-652,사진 대조 재번역본,504,"00:55:21,160 --> 00:55:22,000",0.84,"아, 아.",아.,응.,반응형,,,,,45.0,80.0,50.0,78.0,55.0,0.18803,4.18,38.0,0.0,0.0,0.6848,"아, 아, 아, 아, 아, 아, 아,","아, 아, 아, 아, 아, 아, 아",,18.03,T4,구조검사 통과 시 유지,,13.260135135135135,16.03,P4,회귀검사 통과 시 유지
SSIS-652,사진 대조 재번역본,728,"01:12:14,160 --> 01:12:14,780",0.62,얍.,응?,아하.,중립·혼합형,,,,,45.0,80.0,50.0,78.0,55.0,0.20563,0.0,38.0,0.0,0.0,0.0061,안 돼.,"네, 놀랐어요.",타임스탬프 사진과 앞뒤 장면으로 대사 기능 복원,18.02,T4,구조검사 통과 시 유지,,13.175675675675674,15.99,P4,회귀검사 통과 시 유지
SSIS-652,사진 대조 재번역본,435,"00:50:29,520 --> 00:50:29,700",0.18,응.,안에.,들어갔지?,반응형,,,,,45.0,80.0,50.0,78.0,55.0,0.20537,0.0,38.0,0.0,0.0,0.4779,"하-, 응.",하아… 응.,,18.01,T4,구조검사 통과 시 유지,,13.091216216216218,15.94,P4,회귀검사 통과 시 유지
SSIS-652,사진 대조 재번역본,78,"00:06:15,670 --> 00:06:16,630",0.96,예쁘네요.,다정한 느낌이에요.,대단해.,반말형,,,,,45.0,80.0,50.0,78.0,55.0,0.20489,0.0,38.0,0.0,0.0,0.3745,이거 예쁘네.,손으로 가리지 마.,일본어 원문 + 타임스탬프 사진 + 장면 연속성,17.99,T4,구조검사 통과 시 유지,,13.006756756756758,15.9,P4,회귀검사 통과 시 유지
SSIS-652,사진 대조 재번역본,1098,"02:17:47,250 --> 02:17:47,370",0.12,응.,이미 주문해 줬잖아.,좋아하는 그거. 제일 자주 먹는 거.,반응형,,,,,45.0,80.0,50.0,78.0,55.0,0.14533,0.0,38.0,25.0,0.0,0.4779,"하-, 응.",하아… 응.,,17.98,T4,구조검사 통과 시 유지,borderline_cps,12.922297297297296,15.86,P4,회귀검사 통과 시 유지
SSIS-652,사진 대조 재번역본,61,"00:04:35,940 --> 00:04:41,860",5.92,"펭귄이 정말 귀엽지 않아요?
걷는 모습이 특히 귀여워요.","건물 안으로 들어가 엘리베이터를 타면
위층에 수족관이 있어요. 저는 펭귄을 좋아해요.",데려가고 싶어요.,반말형,,,사진 장면 확인 및 한국어 번역투·ASR 오역 교정,높음,58.0,96.0,50.0,92.0,42.0,0.37835,16.55,22.0,0.0,0.0,0.7879,펭귄 정말 좋아해요. 귀엽지 않아요? 걷는 모습이 귀여워요.,펭귄이 정말 귀엽지 않아요? 걷는 모습이 특히 귀여워요.,사진 장면 확인 및 한국어 번역투·ASR 오역 교정,17.94,T4,구조검사 통과 시 유지,,12.837837837837837,15.8,P4,회귀검사 통과 시 유지
SSIS-652,사진 대조 재번역본,1069,"02:14:43,850 --> 02:14:47,050",3.2,아아아!,아!,대단해. 봐.,반응형,,,,,45.0,80.0,50.0,78.0,55.0,0.20307,0.0,38.0,0.0,0.0,0.3573,아아아…,잠깐만.,일본어 원문 + 타임스탬프 사진 + 장면 연속성,17.91,T4,구조검사 통과 시 유지,,12.753378378378377,15.74,P4,회귀검사 통과 시 유지
SSIS-652,사진 대조 재번역본,999,"02:08:08,460 --> 02:08:08,780",0.32,아하하하.,치약도 있어.,"아, 젖꼭지는 안 돼요.",반응형,,,,,45.0,80.0,50.0,78.0,55.0,0.20261,0.0,38.0,0.0,0.0,0.0362,"아, 아, 아, 아, 아, 아, 아,","아, 아, 아, 아, 아, 아, 아",,17.89,T4,구조검사 통과 시 유지,,12.66891891891892,15.7,P4,회귀검사 통과 시 유지
SSIS-652,사진 대조 재번역본,431,"00:50:00,640 --> 00:50:01,160",0.52,좋아.,응?,좋아.,반응형,,,,,45.0,80.0,50.0,78.0,55.0,0.11332,20.74,38.0,0.0,0.0,0.8228,"아, 좋아.","아, 들어온다.",,17.87,T4,구조검사 통과 시 유지,,12.58445945945946,15.65,P4,회귀검사 통과 시 유지
SSIS-652,사진 대조 재번역본,716,"01:11:41,770 --> 01:11:42,330",0.56,맛있어.,영차.,맛있어.,반응형,,,,,45.0,80.0,50.0,78.0,55.0,0.1933,1.94,38.0,0.0,0.0,0.6662,"음-, 맛있어.",음… 맛있어.,,17.85,T4,구조검사 통과 시 유지,,12.5,15.6,P4,회귀검사 통과 시 유지
SSIS-652,사진 대조 재번역본,500,"00:55:09,300 --> 00:55:09,820",0.52,앗.,앗.,"앗, 안 돼.",반응형,,,,,45.0,80.0,50.0,78.0,55.0,0.20154,0.0,38.0,0.0,0.0,0.3654,앗...,앗…,,17.84,T4,구조검사 통과 시 유지,,12.41554054054054,15.56,P4,회귀검사 통과 시 유지
SSIS-652,사진 대조 재번역본,157,"00:11:49,670 --> 00:11:50,270",0.6,푸딩.,달다.,푸딩 말이지.,중립·혼합형,,,,,45.0,80.0,50.0,78.0,55.0,0.20032,0.0,38.0,0.0,0.0,0.2569,푸딩 팝?,푸딩도 살까?,사진 장면 확인 및 한국어 번역투·ASR 오역 교정,17.79,T4,구조검사 통과 시 유지,,12.33108108108108,15.5,P4,회귀검사 통과 시 유지
SSIS-652,사진 대조 재번역본,232,"00:26:53,170 --> 00:26:54,270",1.1,더우니까…,긴장했어?,안 돼요? 안 되는 건 아니에요.,중립·혼합형,,,,,45.0,80.0,50.0,78.0,55.0,0.19883,0.0,38.0,0.0,0.0,0.2014,내가 매일 닦아줄 테니까…,그럼 내가 매일 닦아 줄게.,일본어 원문 대조 + 자연스러운 한국어 대사 교정,17.73,T4,구조검사 통과 시 유지,,12.246621621621621,15.43,P4,회귀검사 통과 시 유지
SSIS-652,사진 대조 재번역본,671,"01:09:50,550 --> 01:09:52,570",2.02,이번엔 두 번째로.,"있잖아, 아직 제대로 못 했잖아.",두 번째?,중립·혼합형,,,사진 장면 확인 및 한국어 번역투·ASR 오역 교정,높음,58.0,96.0,50.0,92.0,42.0,0.44053,0.0,22.0,0.0,0.0,0.6487,"두 번째, 두 번째로.",이번엔 두 번째로.,사진 장면 확인 및 한국어 번역투·ASR 오역 교정,17.67,T4,구조검사 통과 시 유지,,12.162162162162163,15.36,P4,회귀검사 통과 시 유지
SSIS-652,사진 대조 재번역본,781,"01:19:48,050 --> 01:19:49,350",1.3,아직 갈 수 있지?,갈 수 있어.,갈 수 있지?,반응형,,,사진 장면 확인 및 한국어 번역투·ASR 오역 교정,높음,58.0,96.0,50.0,92.0,42.0,0.43915,0.0,22.0,0.0,0.0,0.3481,아직 잘 거지?,아직 갈 수 있지?,사진 장면 확인 및 한국어 번역투·ASR 오역 교정,17.63,T4,구조검사 통과 시 유지,,12.077702702702704,15.3,P4,회귀검사 통과 시 유지
SSIS-652,사진 대조 재번역본,315,"00:35:05,400 --> 00:35:06,300",0.9,맛있어.,맛있어.,뭐야?,반응형,,,,,45.0,80.0,50.0,78.0,55.0,0.1876,1.94,38.0,0.0,0.0,0.6662,"음-, 맛있어.",음… 맛있어.,,17.61,T4,구조검사 통과 시 유지,,11.993243243243242,15.25,P4,회귀검사 통과 시 유지
SSIS-652,사진 대조 재번역본,531,"00:57:16,310 --> 00:57:16,750",0.44,기대된다.,너무 빨라.,가져왔구나.,중립·혼합형,,,사진 장면 확인 및 한국어 번역투·ASR 오역 교정,높음,58.0,96.0,50.0,92.0,42.0,0.43613,0.0,22.0,0.0,0.0,0.0527,아… 기쁘다.,아… 드디어.,일본어 원문 대조 + 자연스러운 한국어 대사 교정,17.54,T4,구조검사 통과 시 유지,,11.908783783783784,15.17,P4,회귀검사 통과 시 유지
SSIS-652,사진 대조 재번역본,1038,"02:11:59,980 --> 02:12:00,820",0.84,어머.,아.,어머.,반응형,,,,,45.0,80.0,50.0,78.0,55.0,0.19255,0.0,38.0,0.0,0.0,0.3873,의외로 적극적인 면이 있어서 좀... 어머.,의외로 적극적인 면이 있어서 좀… 어머.,,17.47,T4,구조검사 통과 시 유지,,11.824324324324325,15.1,P4,회귀검사 통과 시 유지
SSIS-652,사진 대조 재번역본,325,"00:37:01,200 --> 00:37:05,160",3.96,끝도 없네.,"어, 미지근해.","봐, 이제 일어나자.",반말형,,,사진 장면 확인 및 한국어 번역투·ASR 오역 교정,높음,58.0,96.0,50.0,92.0,42.0,0.43353,0.0,22.0,0.0,0.0,0.3135,"있잖아, 전혀 못 했잖아. 별거 없네.","있잖아, 아직 제대로 못 했잖아.",사진 장면 확인 및 한국어 번역투·ASR 오역 교정,17.46,T4,구조검사 통과 시 유지,,11.739864864864865,15.06,P4,회귀검사 통과 시 유지
SSIS-652,사진 대조 재번역본,610,"01:03:51,380 --> 01:03:52,340",0.96,음.,음.,음.,중립·혼합형,,,,,45.0,80.0,50.0,78.0,55.0,0.13508,0.0,38.0,0.0,30.0,0.3866,음...,음…,,17.45,T4,구조검사 통과 시 유지,triple_identical_run,11.655405405405405,15.02,P4,회귀검사 통과 시 유지
SSIS-652,사진 대조 재번역본,609,"01:03:45,400 --> 01:03:47,400",2.0,음.,음.,음.,중립·혼합형,,,,,45.0,80.0,50.0,78.0,55.0,0.13487,0.0,38.0,0.0,30.0,0.3866,음...,음…,,17.44,T4,구조검사 통과 시 유지,triple_identical_run,11.570945945945946,14.97,P4,회귀검사 통과 시 유지
SSIS-652,사진 대조 재번역본,213,"00:25:40,080 --> 00:25:40,740",0.66,건배.,네.,건배.,중립·혼합형,,,,,45.0,80.0,50.0,78.0,55.0,0.19172,0.0,38.0,0.0,0.0,0.0455,여기서 하는 건 역시 좋아.,역시 가까이서 보니까 좋네요.,사진 장면 확인 및 한국어 번역투·ASR 오역 교정,17.43,T4,구조검사 통과 시 유지,,11.444256756756758,14.92,P4,회귀검사 통과 시 유지
SSIS-652,사진 대조 재번역본,898,"01:32:38,510 --> 01:32:50,840",12.33,"직원 방에 갈 사람처럼 굴더니,
방금 잠든 척한 거지?",그대로 두면 직원 방까지 걸어갈 사람 같아.,"그 입으로 그런 말만 안 했어도
정말 졸린 줄 알았을 텐데.",반말형,,,사진 장면 확인 및 한국어 번역투·ASR 오역 교정,높음,58.0,96.0,50.0,92.0,42.0,0.43272,0.0,22.0,0.0,0.0,0.438,직원 방에 가 버릴 사람. 방금 잠든 척했지.,"직원 방에 갈 사람처럼 굴더니, 방금 잠든 척한 거지?",사진 장면 확인 및 한국어 번역투·ASR 오역 교정,17.43,T4,구조검사 통과 시 유지,,11.444256756756758,14.92,P4,회귀검사 통과 시 유지
SSIS-652,사진 대조 재번역본,1064,"02:14:29,670 --> 02:14:30,250",0.58,갈 것 같아?,"아, 아, 갈 것 같아.","아아, 갈 것 같아.",반응형,,,,,45.0,80.0,50.0,78.0,55.0,0.1913,0.0,38.0,0.0,0.0,0.624,싸버릴 것 같아?,싸 버릴 것 같아?,,17.41,T4,구조검사 통과 시 유지,,11.317567567567567,14.85,P4,회귀검사 통과 시 유지
SSIS-652,사진 대조 재번역본,1114,"02:18:57,310 --> 02:18:57,810",0.5,맛있어.,별로야?,맛있어?,반응형,,,,,45.0,80.0,50.0,78.0,55.0,0.18225,1.94,38.0,0.0,0.0,0.6662,"음-, 맛있어.",음… 맛있어.,,17.38,T4,구조검사 통과 시 유지,,11.233108108108109,14.8,P4,회귀검사 통과 시 유지
SSIS-652,사진 대조 재번역본,146,"00:11:25,740 --> 00:11:26,440",0.7,맛있어요.,맛있어요.,제일 좋아하는 과일.,반응형,,,,,45.0,80.0,50.0,78.0,55.0,0.19031,0.0,38.0,0.0,0.0,0.2995,맛있어...,맛있어…,,17.37,T4,구조검사 통과 시 유지,,11.10641891891892,14.74,P4,회귀검사 통과 시 유지
SSIS-652,사진 대조 재번역본,434,"00:50:28,840 --> 00:50:28,940",0.1,안에.,나오고 있어?,응.,중립·혼합형,,,사진 장면 확인 및 한국어 번역투·ASR 오역 교정,높음,58.0,96.0,50.0,92.0,42.0,0.26402,0.0,22.0,70.0,0.0,0.164,여기에.,갑자기 여기서…,타임스탬프 사진과 앞뒤 장면으로 대사 기능 복원,17.37,T4,구조검사 통과 시 유지,high_cps,11.10641891891892,14.74,P4,회귀검사 통과 시 유지
SSIS-652,사진 대조 재번역본,608,"01:03:44,780 --> 01:03:45,400",0.62,음.,음.,음.,중립·혼합형,,,,,45.0,80.0,50.0,78.0,55.0,0.13281,0.0,38.0,0.0,30.0,0.3866,음...,음…,,17.36,T4,구조검사 통과 시 유지,triple_identical_run,10.89527027027027,14.64,P4,회귀검사 통과 시 유지
SSIS-652,사진 대조 재번역본,883,"01:31:22,780 --> 01:31:23,840",1.06,미안해요.,왜?,미안해요.,반말형,,,,,45.0,80.0,50.0,78.0,55.0,0.19011,0.0,38.0,0.0,0.0,0.3658,"하지 마. 미안, 미안해, 미안해.","잠깐만. 미안, 미안해.",일본어 원문 대조 + 자연스러운 한국어 대사 교정,17.36,T4,구조검사 통과 시 유지,,10.89527027027027,14.64,P4,회귀검사 통과 시 유지
SSIS-652,사진 대조 재번역본,1030,"02:11:26,710 --> 02:11:27,150",0.44,아.,금방 숨이 가빠지네.,"이거, 이거, 너.",반응형,,,,,45.0,80.0,50.0,78.0,55.0,0.18988,0.0,38.0,0.0,0.0,0.4335,"왠지, 아.","아, 뭐야.",일본어 원문 대조 + 자연스러운 한국어 대사 교정,17.36,T4,구조검사 통과 시 유지,,10.89527027027027,14.64,P4,회귀검사 통과 시 유지
SSIS-652,사진 대조 재번역본,876,"01:30:31,070 --> 01:30:31,670",0.6,응.,손이 귀여워?,건배할까?,반응형,,,,,45.0,80.0,50.0,78.0,55.0,0.18835,0.0,38.0,0.0,0.0,0.4779,"하-, 응.",하아… 응.,,17.29,T4,구조검사 통과 시 유지,,10.72635135135135,14.53,P4,회귀검사 통과 시 유지
SSIS-652,사진 대조 재번역본,314,"00:35:04,280 --> 00:35:05,100",0.82,맛있어.,"여보, 맛있어?",맛있어.,반응형,,,,,45.0,80.0,50.0,78.0,55.0,0.1798,1.94,38.0,0.0,0.0,0.6662,"음-, 맛있어.",음… 맛있어.,,17.28,T4,구조검사 통과 시 유지,,10.641891891891891,14.49,P4,회귀검사 통과 시 유지
SSIS-652,사진 대조 재번역본,1115,"02:19:10,600 --> 02:19:11,320",0.72,맛있어?,맛있어.,맛있어.,반응형,,,,,45.0,80.0,50.0,78.0,55.0,0.18745,0.0,38.0,0.0,0.0,0.3279,맛있어...,맛있어…,,17.25,T4,구조검사 통과 시 유지,,10.557432432432433,14.44,P4,회귀검사 통과 시 유지
SSIS-652,사진 대조 재번역본,1037,"02:11:50,900 --> 02:11:51,600",0.7,아.,네.,어머.,반응형,,,,,45.0,80.0,50.0,78.0,55.0,0.1872,0.0,38.0,0.0,0.0,0.4335,"왠지, 아.","아, 뭐야.",일본어 원문 대조 + 자연스러운 한국어 대사 교정,17.24,T4,구조검사 통과 시 유지,,10.472972972972974,14.4,P4,회귀검사 통과 시 유지
SSIS-652,사진 대조 재번역본,569,"01:00:02,220 --> 01:00:03,880",1.66,빨리 콘돔 꺼내.,너무 맛있어요.,네.,중립·혼합형,,,사진 장면 확인 및 한국어 번역투·ASR 오역 교정,높음,58.0,96.0,50.0,92.0,42.0,0.42448,0.0,22.0,0.0,0.0,0.5775,빨리 콘돔 빼.,빨리 콘돔 꺼내.,사진 장면 확인 및 한국어 번역투·ASR 오역 교정,17.18,T4,구조검사 통과 시 유지,,10.346283783783784,14.31,P4,회귀검사 통과 시 유지
SSIS-652,사진 대조 재번역본,812,"01:23:28,040 --> 01:23:28,400",0.36,잊었어?,아!,잊었어.,반응형,,,,,45.0,80.0,50.0,78.0,55.0,0.18561,0.0,38.0,0.0,0.0,0.1894,빨 생각하고 있었어?,아까부터 빨 생각만 했지?,일본어 원문 대조 + 자연스러운 한국어 대사 교정,17.18,T4,구조검사 통과 시 유지,,10.346283783783784,14.31,P4,회귀검사 통과 시 유지
SSIS-652,사진 대조 재번역본,459,"00:52:02,850 --> 00:52:06,220",3.37,아앗.,아아.,기분 좋아.,반응형,,,,,45.0,80.0,50.0,78.0,55.0,0.18499,0.0,38.0,0.0,0.0,0.0873,앗...,앗…,,17.15,T4,구조검사 통과 시 유지,,10.219594594594595,14.24,P4,회귀검사 통과 시 유지
SSIS-652,사진 대조 재번역본,404,"00:47:17,940 --> 00:47:24,870",6.93,아파?,아파?,좋아.,반응형,,,,,45.0,80.0,50.0,78.0,55.0,0.18463,0.0,38.0,0.0,0.0,0.1961,"아파, 아파, 아파...","아파, 아파, 아파…",,17.13,T4,구조검사 통과 시 유지,,10.135135135135135,14.19,P4,회귀검사 통과 시 유지
SSIS-652,사진 대조 재번역본,73,"00:05:38,260 --> 00:05:44,340",6.08,정말 덥네요.,맞아요.,그래도 안으로 들어가면 시원해요.,반말형,,,사진 장면 확인 및 한국어 번역투·ASR 오역 교정,높음,58.0,96.0,50.0,92.0,42.0,0.42171,0.0,22.0,0.0,0.0,0.2779,정말 좋아.,거기 좋아.,타임스탬프 사진과 장면 흐름으로 명백한 오인식 교정,17.1,T4,구조검사 통과 시 유지,,10.050675675675675,14.14,P4,회귀검사 통과 시 유지
SSIS-652,사진 대조 재번역본,104,"00:07:41,540 --> 00:07:42,380",0.84,빙글 돌아가네.,귀여워.,와.,반응형,,,사진 장면 확인 및 한국어 번역투·ASR 오역 교정,높음,58.0,96.0,50.0,92.0,42.0,0.42136,0.0,22.0,0.0,0.0,0.2065,두 번째 자세로 다시 돌아가 주세요.,두 번째 자세로 다시 해 주세요.,사진 속 자세 전환에 맞게 간결화,17.09,T4,구조검사 통과 시 유지,,9.923986486486488,14.08,P4,회귀검사 통과 시 유지
SSIS-652,사진 대조 재번역본,415,"00:48:19,840 --> 00:48:20,100",0.26,응.,네.,고개 숙여.,반응형,,,,,45.0,80.0,50.0,78.0,55.0,0.18346,0.0,38.0,0.0,0.0,0.4779,"하-, 응.",하아… 응.,,17.09,T4,구조검사 통과 시 유지,,9.923986486486488,14.08,P4,회귀검사 통과 시 유지
SSIS-652,사진 대조 재번역본,824,"01:24:37,020 --> 01:24:37,960",0.94,갈까요?,정말?,바로 가자.,존댓말형,,,,,45.0,80.0,50.0,78.0,55.0,0.18307,0.0,38.0,0.0,0.0,0.1856,우리는 누구일까요?,[불명],,17.07,T4,구조검사 통과 시 유지,,9.797297297297296,14.02,P4,회귀검사 통과 시 유지
SSIS-652,사진 대조 재번역본,406,"00:47:37,440 --> 00:47:38,340",0.9,손으로?,좋아.,네.,반응형,,,,,45.0,80.0,50.0,78.0,55.0,0.18274,0.0,38.0,0.0,0.0,0.3164,손으로 해줄까?,손으로 해 줄까?,,17.06,T4,구조검사 통과 시 유지,,9.712837837837837,13.97,P4,회귀검사 통과 시 유지
SSIS-652,사진 대조 재번역본,411,"00:48:02,320 --> 00:48:02,840",0.52,맛있어?,응.,네.,반응형,,,,,45.0,80.0,50.0,78.0,55.0,0.1822,0.0,38.0,0.0,0.0,0.3279,맛있어...,맛있어…,,17.03,T4,구조검사 통과 시 유지,,9.628378378378379,13.92,P4,회귀검사 통과 시 유지
SSIS-652,사진 대조 재번역본,607,"01:03:43,720 --> 01:03:44,680",0.96,음.,계속 핥아 줬으면 해요.,음.,중립·혼합형,,,,,45.0,80.0,50.0,78.0,55.0,0.18111,0.0,38.0,0.0,0.0,0.3866,음...,음…,,16.99,T4,구조검사 통과 시 유지,,9.50168918918919,13.84,P4,회귀검사 통과 시 유지
SSIS-652,사진 대조 재번역본,674,"01:09:57,050 --> 01:09:58,150",1.1,"잠깐, 괜찮아요?",네.,콘돔 씌워.,반응형,,,사진 장면 확인 및 한국어 번역투·ASR 오역 교정,높음,58.0,96.0,50.0,92.0,42.0,0.41809,0.0,22.0,0.0,0.0,0.41,빨아 줬으면 좋겠는데… 괜찮아요?,거기 좋아… 그대로 해 줘.,손상된 일본어 ASR + 타임스탬프 사진 + 앞뒤 문맥 추론,16.99,T4,구조검사 통과 시 유지,,9.50168918918919,13.84,P4,회귀검사 통과 시 유지
SSIS-652,사진 대조 재번역본,882,"01:31:22,460 --> 01:31:22,740",0.28,왜?,맛있었어?,미안해요.,중립·혼합형,,,,,45.0,80.0,50.0,78.0,55.0,0.17981,0.0,38.0,0.0,0.0,0.3109,괜찮으려나? 왜? 잘 닦이고 있나?,괜찮으려나? 왜? 잘 닦이고 있어?,일본어 원문 대조 + 자연스러운 한국어 대사 교정,16.93,T4,구조검사 통과 시 유지,,9.375,13.76,P4,회귀검사 통과 시 유지
SSIS-652,사진 대조 재번역본,575,"01:00:27,460 --> 01:00:27,560",0.1,네.,빨리 하고 싶지?,씌운 모습도 귀여워요.,반말형,,,,,45.0,80.0,50.0,78.0,55.0,0.08789,4.71,38.0,30.0,0.0,0.6892,"네, 네.",네.,불필요한 반복 제거,16.92,T4,구조검사 통과 시 유지,high_cps,9.29054054054054,13.72,P4,회귀검사 통과 시 유지
SSIS-652,사진 대조 재번역본,75,"00:05:53,260 --> 00:05:54,220",0.96,기다려.,그래도 안으로 들어가면 시원해요.,"아, 괜찮아요?",중립·혼합형,,,,,45.0,80.0,50.0,78.0,55.0,0.17927,0.0,38.0,0.0,0.0,0.5945,기다려...,기다려…,,16.91,T4,구조검사 통과 시 유지,,9.20608108108108,13.67,P4,회귀검사 통과 시 유지
SSIS-652,사진 대조 재번역본,780,"01:19:45,770 --> 01:19:48,010",2.24,갈 수 있어.,아직 갈 수 있지?,아직 갈 수 있지?,반응형,,,사진 장면 확인 및 한국어 번역투·ASR 오역 교정,높음,58.0,96.0,50.0,92.0,42.0,0.41457,0.0,22.0,0.0,0.0,0.5157,"응, 입을 수 있어.","응, 정말 잘 어울려.",타임스탬프 사진과 앞뒤 장면으로 대사 기능 복원,16.89,T4,구조검사 통과 시 유지,,9.121621621621621,13.63,P4,회귀검사 통과 시 유지
SSIS-652,사진 대조 재번역본,492,"00:54:43,440 --> 00:54:43,960",0.52,앗.,네.,앗.,반응형,,,,,45.0,80.0,50.0,78.0,55.0,0.17842,0.0,38.0,0.0,0.0,0.3654,앗...,앗…,,16.87,T4,구조검사 통과 시 유지,,9.037162162162163,13.58,P4,회귀검사 통과 시 유지
SSIS-652,사진 대조 재번역본,108,"00:07:56,600 --> 00:07:57,280",0.68,안 보이네.,와.,어라?,반말형,,,사진 장면 확인 및 한국어 번역투·ASR 오역 교정,높음,58.0,96.0,50.0,92.0,42.0,0.31307,23.45,22.0,0.0,0.0,0.8454,조금 보이네.,조금은 보이는 것 같아.,일본어 원문 대조 + 자연스러운 한국어 대사 교정,16.86,T4,구조검사 통과 시 유지,,8.952702702702704,13.54,P4,회귀검사 통과 시 유지
SSIS-652,사진 대조 재번역본,934,"01:49:37,320 --> 01:49:38,040",0.72,피곤해졌어요?,이제 좀 살려 주실 건가요?,피곤해졌어요.,반응형,,,,,45.0,80.0,50.0,78.0,55.0,0.17723,0.0,38.0,0.0,0.0,0.1409,말해 버렸어요?,소리 내 버렸어요?,사진 장면 확인 및 한국어 번역투·ASR 오역 교정,16.82,T4,구조검사 통과 시 유지,,8.868243243243242,13.48,P4,회귀검사 통과 시 유지
SSIS-652,사진 대조 재번역본,1077,"02:15:35,880 --> 02:15:36,600",0.72,시간이…,이번에도 안 돼? 이제 정말 안 돼?,배고프네. 배고파. 배고파졌어요. 밥 먹자.,중립·혼합형,,,,,45.0,80.0,50.0,78.0,55.0,0.17572,0.0,38.0,0.0,0.0,0.1721,마지막으로 진심을 나눌 시간이 필요합니다.,마지막으로 마음을 나눌 시간이 필요해요.,,16.76,T4,구조검사 통과 시 유지,,8.783783783783784,13.41,P4,회귀검사 통과 시 유지
SSIS-652,사진 대조 재번역본,484,"00:54:16,460 --> 00:54:17,080",0.62,물론이지.,네.,음.,반말형,,,,,45.0,80.0,50.0,78.0,55.0,0.17451,0.0,38.0,0.0,0.0,0.1238,전부 다 그러면 큰일이지. 그렇지 않아.,다 그러면 큰일 나죠. 저는 안 가요.,사진 장면 확인 및 한국어 번역투·ASR 오역 교정,16.71,T4,구조검사 통과 시 유지,,8.699324324324325,13.35,P4,회귀검사 통과 시 유지
SSIS-652,사진 대조 재번역본,412,"00:48:03,100 --> 00:48:03,220",0.12,네.,맛있어?,소리 내면서 고개를 더 숙여.,반말형,,,,,45.0,80.0,50.0,78.0,55.0,0.09385,4.71,38.0,25.0,0.0,0.6892,"네, 네.",네.,불필요한 반복 제거,16.67,T4,구조검사 통과 시 유지,borderline_cps,8.614864864864865,13.29,P4,회귀검사 통과 시 유지
SSIS-652,사진 대조 재번역본,215,"00:25:49,080 --> 00:25:49,960",0.88,맛있어?,건배.,"맛있어, 맛있어.",반응형,,,,,45.0,80.0,50.0,78.0,55.0,0.16937,0.0,38.0,0.0,0.0,0.3279,맛있어...,맛있어…,,16.49,T4,구조검사 통과 시 유지,,8.530405405405405,13.15,P4,회귀검사 통과 시 유지
SSIS-652,사진 대조 재번역본,981,"02:06:15,980 --> 02:06:29,800",13.82,괜찮아요?,알겠어요?,이런 속옷 좋아할 것 같아서 가져왔어요.,반응형,,,,,45.0,80.0,50.0,78.0,55.0,0.16893,0.0,38.0,0.0,0.0,0.5014,빨아 줬으면 좋겠는데… 괜찮아요?,거기 좋아… 그대로 해 줘.,손상된 일본어 ASR + 타임스탬프 사진 + 앞뒤 문맥 추론,16.48,T4,구조검사 통과 시 유지,,8.445945945945946,13.11,P4,회귀검사 통과 시 유지
SSIS-652,사진 대조 재번역본,253,"00:27:49,420 --> 00:27:49,600",0.18,응.,긴장도 풀렸으니까 소리 내도 돼.,소리 내니까 멈췄네.,반응형,,,,,45.0,80.0,50.0,78.0,55.0,0.16664,0.0,38.0,0.0,0.0,0.4779,"하-, 응.",하아… 응.,,16.38,T4,구조검사 통과 시 유지,,8.361486486486488,13.01,P4,회귀검사 통과 시 유지
SSIS-652,사진 대조 재번역본,420,"00:49:06,580 --> 00:49:06,880",0.3,응.,어이쿠.,앗!,반응형,,,,,45.0,80.0,50.0,78.0,55.0,0.16582,0.0,38.0,0.0,0.0,0.4779,"하-, 응.",하아… 응.,,16.34,T4,구조검사 통과 시 유지,,8.234797297297296,12.94,P4,회귀검사 통과 시 유지
SSIS-652,사진 대조 재번역본,890,"01:31:36,490 --> 01:31:36,610",0.12,네.,자러 갈까?,정말.,반말형,,,,,45.0,80.0,50.0,78.0,55.0,0.08611,4.71,38.0,25.0,0.0,0.6892,"네, 네.",네.,불필요한 반복 제거,16.34,T4,구조검사 통과 시 유지,borderline_cps,8.234797297297296,12.94,P4,회귀검사 통과 시 유지
SSIS-652,사진 대조 재번역본,105,"00:07:42,520 --> 00:07:48,360",5.84,와.,빙글 돌아가네.,"아, 갔다 갔다.",중립·혼합형,,,,,45.0,80.0,50.0,78.0,55.0,0.16332,0.0,38.0,0.0,0.0,0.4088,"후후후, 어서 와.","후후후, 차가워!",손상된 일본어 ASR + 타임스탬프 사진 + 앞뒤 문맥 추론,16.24,T4,구조검사 통과 시 유지,,8.065878378378379,12.81,P4,회귀검사 통과 시 유지
SSIS-652,사진 대조 재번역본,992,"02:07:30,360 --> 02:07:30,820",0.46,뭐?,칫솔도 챙겨 왔어요.,칫솔이요.,중립·혼합형,,,타임스탬프 사진과 앞뒤 장면으로 대사 기능 복원,중간,38.0,78.0,50.0,78.0,62.0,0.15332,0.0,38.0,0.0,0.0,0.3242,뭐? 아침에 졸려? 하고 바로…,뭐? 아침부터 졸리다고 해 놓고…,사진 장면 확인 및 한국어 번역투·ASR 오역 교정,16.24,T4,구조검사 통과 시 유지,,8.065878378378379,12.81,P4,회귀검사 통과 시 유지
SSIS-652,사진 대조 재번역본,422,"00:49:10,520 --> 00:49:10,920",0.4,앗!,앗!,앗!,반응형,,,,,45.0,80.0,50.0,78.0,55.0,0.10445,0.0,38.0,0.0,30.0,0.3644,먹어줬으면 해서... 앗!,먹어줬으면 해서… 앗!,,16.17,T4,구조검사 통과 시 유지,triple_identical_run,7.939189189189189,12.71,P4,회귀검사 통과 시 유지
SSIS-652,사진 대조 재번역본,598,"01:02:58,770 --> 01:02:59,470",0.7,뭐?,안 돼?,아직 안 돼.,중립·혼합형,,,,,45.0,80.0,50.0,78.0,55.0,0.1595,0.0,38.0,0.0,0.0,0.3242,뭐? 아침에 졸려? 하고 바로…,뭐? 아침부터 졸리다고 해 놓고…,사진 장면 확인 및 한국어 번역투·ASR 오역 교정,16.08,T4,구조검사 통과 시 유지,,7.85472972972973,12.63,P4,회귀검사 통과 시 유지
SSIS-652,사진 대조 재번역본,59,"00:04:11,740 --> 00:04:12,440",0.7,기네요.,다리가 길어요.,"건물 안으로 들어가 엘리베이터를 타면
위층에 수족관이 있어요. 저는 펭귄을 좋아해요.",반말형,,,,,45.0,80.0,50.0,78.0,55.0,0.159,0.0,38.0,0.0,0.0,0.1519,대단하네요.,바다다!,일본어 원문 대조 + 자연스러운 한국어 대사 교정,16.06,T4,구조검사 통과 시 유지,,7.72804054054054,12.56,P4,회귀검사 통과 시 유지
SSIS-652,사진 대조 재번역본,249,"00:27:41,570 --> 00:27:41,890",0.32,응.,기분 좋았지?,여기가 제일 약해?,반응형,,,,,45.0,80.0,50.0,78.0,55.0,0.15916,0.0,38.0,0.0,0.0,0.4779,"하-, 응.",하아… 응.,,16.06,T4,구조검사 통과 시 유지,,7.72804054054054,12.56,P4,회귀검사 통과 시 유지
SSIS-652,사진 대조 재번역본,779,"01:19:44,570 --> 01:19:45,770",1.2,아직 갈 수 있지?,갈 것 같아?,갈 수 있어.,반응형,,,사진 장면 확인 및 한국어 번역투·ASR 오역 교정,높음,58.0,96.0,50.0,92.0,42.0,0.3867,0.0,22.0,0.0,0.0,0.3481,아직 잘 거지?,아직 갈 수 있지?,사진 장면 확인 및 한국어 번역투·ASR 오역 교정,16.04,T4,구조검사 통과 시 유지,,7.601351351351352,12.5,P4,회귀검사 통과 시 유지
SSIS-652,사진 대조 재번역본,408,"00:47:44,900 --> 00:47:45,500",0.6,응.,네.,긴장돼.,반응형,,,,,45.0,80.0,50.0,78.0,55.0,0.15802,0.0,38.0,0.0,0.0,0.4779,"하-, 응.",하아… 응.,,16.02,T4,구조검사 통과 시 유지,,7.516891891891891,12.45,P4,회귀검사 통과 시 유지
SSIS-652,사진 대조 재번역본,742,"01:12:57,450 --> 01:12:57,890",0.44,네?,죄송해요.,뭐?,반말형,,,,,45.0,80.0,50.0,78.0,55.0,0.15488,0.0,38.0,0.0,0.0,0.2709,진짜네?,진짜?,일본어 원문 대조 + 자연스러운 한국어 대사 교정,15.89,T4,구조검사 통과 시 유지,,7.4324324324324325,12.34,P4,회귀검사 통과 시 유지
SSIS-652,사진 대조 재번역본,720,"01:11:47,670 --> 01:11:47,790",0.12,네.,그럼 샤워할까.,"얼굴이, 얼굴이 벌써 풀렸어.",반말형,,,,,45.0,80.0,50.0,78.0,55.0,0.07486,4.71,38.0,25.0,0.0,0.6892,"네, 네.",네.,불필요한 반복 제거,15.87,T4,구조검사 통과 시 유지,borderline_cps,7.347972972972973,12.29,P4,회귀검사 통과 시 유지
SSIS-652,사진 대조 재번역본,593,"01:02:37,890 --> 01:02:39,930",2.04,아하!,계속 그렇게 느껴 봐.,기분 좋아?,반응형,,,,,45.0,80.0,50.0,78.0,55.0,0.15015,0.0,38.0,0.0,0.0,0.0577,네! 어이!,"네, 잘 부탁드립니다!",사진 장면 확인 및 한국어 번역투·ASR 오역 교정,15.69,T4,구조검사 통과 시 유지,,7.263513513513513,12.15,P4,회귀검사 통과 시 유지
SSIS-652,사진 대조 재번역본,86,"00:06:51,920 --> 00:06:52,900",0.98,들켰다.,계속 보고 있으면 빠져들 것 같아.,빠르네.,중립·혼합형,,,사진 장면 확인 및 한국어 번역투·ASR 오역 교정,높음,58.0,96.0,50.0,92.0,42.0,0.37462,0.0,22.0,0.0,0.0,0.4081,"들켰다, 들켰어.",들켰다.,사진 장면 확인 및 한국어 번역투·ASR 오역 교정,15.68,T4,구조검사 통과 시 유지,,7.136824324324325,12.09,P4,회귀검사 통과 시 유지
SSIS-652,사진 대조 재번역본,402,"00:47:10,890 --> 00:47:11,850",0.96,아파?,아파.,아파?,반응형,,,,,45.0,80.0,50.0,78.0,55.0,0.14995,0.0,38.0,0.0,0.0,0.1961,"아파, 아파, 아파...","아파, 아파, 아파…",,15.68,T4,구조검사 통과 시 유지,,7.136824324324325,12.09,P4,회귀검사 통과 시 유지
SSIS-652,사진 대조 재번역본,5,"00:00:19,740 --> 00:00:20,800",1.06,후와 카에데입니다.,성함을 여쭤봐도 될까요?,수고하셨습니다.,중립·혼합형,,,사진 장면 확인 및 한국어 번역투·ASR 오역 교정,높음,58.0,96.0,50.0,92.0,42.0,0.3726,0.0,22.0,0.0,0.0,0.3392,카에데 후와 씨라는…,카에데 후우아 씨라는 분입니다.,출연자 이름 오인식 교정,15.62,T4,구조검사 통과 시 유지,,7.010135135135136,12.0,P4,회귀검사 통과 시 유지
SSIS-652,사진 대조 재번역본,611,"01:03:52,580 --> 01:03:53,240",0.66,음.,음.,이러다 갈 것 같아요.,중립·혼합형,,,,,45.0,80.0,50.0,78.0,55.0,0.14762,0.0,38.0,0.0,0.0,0.3866,음...,음…,,15.58,T4,구조검사 통과 시 유지,,6.925675675675675,11.95,P4,회귀검사 통과 시 유지
SSIS-652,사진 대조 재번역본,1022,"02:10:58,780 --> 02:10:59,160",0.38,아.,"아, 기분 좋아.",몸이 야하게 달라붙네.,반응형,,,,,45.0,80.0,50.0,78.0,55.0,0.14749,0.0,38.0,0.0,0.0,0.4335,"왠지, 아.","아, 뭐야.",일본어 원문 대조 + 자연스러운 한국어 대사 교정,15.57,T4,구조검사 통과 시 유지,,6.841216216216216,11.9,P4,회귀검사 통과 시 유지
SSIS-652,사진 대조 재번역본,485,"00:54:18,460 --> 00:54:19,220",0.76,음.,물론이지.,하지만 이걸로는 전혀 부족해.,중립·혼합형,,,,,45.0,80.0,50.0,78.0,55.0,0.14703,0.0,38.0,0.0,0.0,0.3866,음...,음…,,15.56,T4,구조검사 통과 시 유지,,6.756756756756757,11.86,P4,회귀검사 통과 시 유지
SSIS-652,사진 대조 재번역본,410,"00:47:48,340 --> 00:47:48,840",0.5,응.,긴장돼.,맛있어?,반응형,,,,,45.0,80.0,50.0,78.0,55.0,0.14692,0.0,38.0,0.0,0.0,0.4779,"하-, 응.",하아… 응.,,15.55,T4,구조검사 통과 시 유지,,6.672297297297297,11.82,P4,회귀검사 통과 시 유지
SSIS-652,사진 대조 재번역본,550,"00:58:29,860 --> 00:58:30,080",0.22,네.,기다렸지?,조금 어둡게 할까.,반말형,,,,,45.0,80.0,50.0,78.0,55.0,0.12143,4.71,38.0,0.0,0.0,0.6892,"네, 네.",네.,불필요한 반복 제거,15.33,T4,구조검사 통과 시 유지,,6.587837837837837,11.66,P4,회귀검사 통과 시 유지
SSIS-652,사진 대조 재번역본,637,"01:05:23,760 --> 01:05:24,460",0.7,앗!,더.,이렇게요?,반응형,,,,,45.0,80.0,50.0,78.0,55.0,0.14125,0.0,38.0,0.0,0.0,0.3644,먹어줬으면 해서... 앗!,먹어줬으면 해서… 앗!,,15.31,T4,구조검사 통과 시 유지,,6.461148648648648,11.59,P4,회귀검사 통과 시 유지
SSIS-652,사진 대조 재번역본,688,"01:10:30,830 --> 01:10:31,010",0.18,응.,한 번 더 할 거야.,두 번째도 싸 줘.,반응형,,,,,45.0,80.0,50.0,78.0,55.0,0.14115,0.0,38.0,0.0,0.0,0.4779,"하-, 응.",하아… 응.,,15.31,T4,구조검사 통과 시 유지,,6.461148648648648,11.59,P4,회귀검사 통과 시 유지
SSIS-652,사진 대조 재번역본,634,"01:05:14,760 --> 01:05:16,180",1.42,"앗, 앗!","앗, 살려 주세요.",앗.,반응형,,,,,45.0,80.0,50.0,78.0,55.0,0.14084,0.0,38.0,0.0,0.0,0.2809,먹어줬으면 해서... 앗!,먹어줬으면 해서… 앗!,,15.3,T4,구조검사 통과 시 유지,,6.33445945945946,11.53,P4,회귀검사 통과 시 유지
SSIS-652,사진 대조 재번역본,161,"00:11:57,170 --> 00:11:57,610",0.44,응.,오늘도 잔뜩 사자.,살 테니까.,반응형,,,,,45.0,80.0,50.0,78.0,55.0,0.13826,0.0,38.0,0.0,0.0,0.4779,"하-, 응.",하아… 응.,,15.19,T4,구조검사 통과 시 유지,,6.25,11.44,P4,회귀검사 통과 시 유지
SSIS-652,사진 대조 재번역본,496,"00:54:51,860 --> 00:54:52,020",0.16,네.,많이 나왔잖아.,앗.,반말형,,,,,45.0,80.0,50.0,78.0,55.0,0.118,4.71,38.0,0.0,0.0,0.6892,"네, 네.",네.,불필요한 반복 제거,15.18,T4,구조검사 통과 시 유지,,6.16554054054054,11.39,P4,회귀검사 통과 시 유지
SSIS-652,사진 대조 재번역본,774,"01:19:05,830 --> 01:19:06,670",0.84,"아직, 아직.",아직 갈 수 있지?,늦었어?,반응형,,,사진 장면 확인 및 한국어 번역투·ASR 오역 교정,높음,58.0,96.0,50.0,92.0,42.0,0.35785,0.0,22.0,0.0,0.0,0.5636,"아직, 아직 잘 거지?",아직 갈 수 있지?,사진 장면 확인 및 한국어 번역투·ASR 오역 교정,15.17,T4,구조검사 통과 시 유지,,6.081081081081082,11.35,P4,회귀검사 통과 시 유지
SSIS-652,사진 대조 재번역본,107,"00:07:54,360 --> 00:07:55,020",0.66,와.,"아, 갔다 갔다.",안 보이네.,중립·혼합형,,,,,45.0,80.0,50.0,78.0,55.0,0.13651,0.0,38.0,0.0,0.0,0.4088,"후후후, 어서 와.","후후후, 차가워!",손상된 일본어 ASR + 타임스탬프 사진 + 앞뒤 문맥 추론,15.11,T4,구조검사 통과 시 유지,,5.996621621621621,11.28,P4,회귀검사 통과 시 유지
SSIS-652,사진 대조 재번역본,297,"00:32:19,940 --> 00:32:20,260",0.32,네.,"거짓말, 거짓말.",엄청 젖어 버렸어.,반말형,,,,,45.0,80.0,50.0,78.0,55.0,0.11602,4.71,38.0,0.0,0.0,0.6892,"네, 네.",네.,불필요한 반복 제거,15.1,T4,구조검사 통과 시 유지,,5.912162162162162,11.24,P4,회귀검사 통과 시 유지
SSIS-652,사진 대조 재번역본,300,"00:33:15,040 --> 00:33:16,000",0.96,이제 저쪽으로.,이대로 눕혀 버리면…,이제 그건 안 돼.,반응형,,,사진 장면 확인 및 한국어 번역투·ASR 오역 교정,높음,58.0,96.0,50.0,92.0,42.0,0.3529,0.0,22.0,0.0,0.0,0.3116,이제 저쪽.,이제 저쪽으로.,사진 장면 확인 및 한국어 번역투·ASR 오역 교정,15.02,T4,구조검사 통과 시 유지,,5.785472972972973,11.14,P4,회귀검사 통과 시 유지
SSIS-652,사진 대조 재번역본,536,"00:57:48,550 --> 00:57:49,350",0.8,와!,기다렸지?,정말 귀여워요.,중립·혼합형,,,,,45.0,80.0,50.0,78.0,55.0,0.13432,0.0,38.0,0.0,0.0,0.2233,혹시... 우와!,혹시… 우와!,,15.02,T4,구조검사 통과 시 유지,,5.785472972972973,11.14,P4,회귀검사 통과 시 유지
SSIS-652,사진 대조 재번역본,113,"00:08:05,220 --> 00:08:06,900",1.68,와.,이거?,이게 뭐야?,중립·혼합형,,,,,45.0,80.0,50.0,78.0,55.0,0.13212,0.0,38.0,0.0,0.0,0.4088,"후후후, 어서 와.","후후후, 차가워!",손상된 일본어 ASR + 타임스탬프 사진 + 앞뒤 문맥 추론,14.93,T4,구조검사 통과 시 유지,,5.616554054054054,11.02,P4,회귀검사 통과 시 유지
SSIS-652,사진 대조 재번역본,1071,"02:14:55,830 --> 02:14:55,990",0.16,네.,대단해. 봐.,"잔뜩 나왔어, 봐.",반말형,,,,,45.0,80.0,50.0,78.0,55.0,0.11199,4.71,38.0,0.0,0.0,0.6892,"네, 네.",네.,불필요한 반복 제거,14.93,T4,구조검사 통과 시 유지,,5.616554054054054,11.02,P4,회귀검사 통과 시 유지
SSIS-652,사진 대조 재번역본,1015,"02:10:21,380 --> 02:10:21,770",0.39,응.,기분 좋아?,"응, 응. 큰일이야. 큰일.",반응형,,,,,45.0,80.0,50.0,78.0,55.0,0.1313,0.0,38.0,0.0,0.0,0.4779,"하-, 응.",하아… 응.,,14.89,T4,구조검사 통과 시 유지,,5.489864864864865,10.94,P4,회귀검사 통과 시 유지
SSIS-652,사진 대조 재번역본,632,"01:05:11,160 --> 01:05:11,680",0.52,앗!,앗!,"앗, 살려 주세요.",반응형,,,,,45.0,80.0,50.0,78.0,55.0,0.12564,0.0,38.0,0.0,0.0,0.3644,먹어줬으면 해서... 앗!,먹어줬으면 해서… 앗!,,14.66,T4,구조검사 통과 시 유지,,5.405405405405405,10.77,P4,회귀검사 통과 시 유지
SSIS-652,사진 대조 재번역본,141,"00:10:52,130 --> 00:10:52,610",0.48,뜨거워!,"아, 괜찮죠.",괜찮아? 세게 두드려.,중립·혼합형,,,,,45.0,80.0,50.0,78.0,55.0,0.12414,0.0,38.0,0.0,0.0,0.3248,"아니, 뜨거워.",몸이 뜨거워.,손상된 일본어 ASR + 타임스탬프 사진 + 앞뒤 문맥 추론,14.59,T4,구조검사 통과 시 유지,,5.320945945945946,10.7,P4,회귀검사 통과 시 유지
SSIS-652,사진 대조 재번역본,423,"00:49:19,200 --> 00:49:19,500",0.3,앗!,앗!,목이 막혀요.,반응형,,,,,45.0,80.0,50.0,78.0,55.0,0.12062,0.0,38.0,0.0,0.0,0.3644,먹어줬으면 해서... 앗!,먹어줬으면 해서… 앗!,,14.45,T4,구조검사 통과 시 유지,,5.236486486486487,10.58,P4,회귀검사 통과 시 유지
SSIS-652,사진 대조 재번역본,441,"00:50:37,740 --> 00:50:38,000",0.26,네.,이게 좋아?,엄청 많이 썼다고 적혀 있네.,반말형,,,,,45.0,80.0,50.0,78.0,55.0,0.09888,4.71,38.0,0.0,0.0,0.6892,"네, 네.",네.,불필요한 반복 제거,14.38,T4,구조검사 통과 시 유지,,5.109797297297297,10.49,P4,회귀검사 통과 시 유지
SSIS-652,사진 대조 재번역본,621,"01:04:17,500 --> 01:04:17,940",0.44,뭐?,뭐?,"좋잖아, 갈 것 같네.",중립·혼합형,,,,,45.0,80.0,50.0,78.0,55.0,0.11904,0.0,38.0,0.0,0.0,0.3242,뭐? 아침에 졸려? 하고 바로…,뭐? 아침부터 졸리다고 해 놓고…,사진 장면 확인 및 한국어 번역투·ASR 오역 교정,14.38,T4,구조검사 통과 시 유지,,5.109797297297297,10.49,P4,회귀검사 통과 시 유지
SSIS-652,사진 대조 재번역본,454,"00:51:50,160 --> 00:51:50,540",0.38,네.,넣을까?,처음부터 다시 넣어 볼게요.,반말형,,,,,45.0,80.0,50.0,78.0,55.0,0.0987,4.71,38.0,0.0,0.0,0.6892,"네, 네.",네.,불필요한 반복 제거,14.37,T4,구조검사 통과 시 유지,,4.983108108108108,10.43,P4,회귀검사 통과 시 유지
SSIS-652,사진 대조 재번역본,1170,"02:24:30,260 --> 02:24:30,420",0.16,응.,내가 낼 테니까 괜찮지?,어때요?,반응형,,,,,45.0,80.0,50.0,78.0,55.0,0.11841,0.0,38.0,0.0,0.0,0.4779,"하-, 응.",하아… 응.,,14.35,T4,구조검사 통과 시 유지,,4.898648648648648,10.38,P4,회귀검사 통과 시 유지
SSIS-652,사진 대조 재번역본,750,"01:13:15,680 --> 01:13:15,860",0.18,네.,힘낼래?,"힘낼게, 힘낼게.",반말형,,,,,45.0,80.0,50.0,78.0,55.0,0.09731,4.71,38.0,0.0,0.0,0.6892,"네, 네.",네.,불필요한 반복 제거,14.31,T4,구조검사 통과 시 유지,,4.8141891891891895,10.32,P4,회귀검사 통과 시 유지
SSIS-652,사진 대조 재번역본,414,"00:48:18,860 --> 00:48:19,260",0.4,네.,소리 내면서 고개를 더 숙여.,응.,반말형,,,,,45.0,80.0,50.0,78.0,55.0,0.09566,4.71,38.0,0.0,0.0,0.6892,"네, 네.",네.,불필요한 반복 제거,14.24,T4,구조검사 통과 시 유지,,4.72972972972973,10.25,P4,회귀검사 통과 시 유지
SSIS-652,사진 대조 재번역본,247,"00:27:36,250 --> 00:27:36,770",0.52,간지러워?,간지러워.,기분 좋았지?,반말형,,,사진 장면 확인 및 한국어 번역투·ASR 오역 교정,높음,58.0,96.0,50.0,92.0,42.0,0.32632,0.0,22.0,0.0,0.0,0.1554,"잠깐, 보여 줘 봐. 잠깐, 이쪽 봐봐. 부끄러워?",잠깐 보여 줘. 이쪽 봐봐. 부끄러워?,일본어 원문 대조 + 자연스러운 한국어 대사 교정,14.22,T4,구조검사 통과 시 유지,,4.64527027027027,10.2,P4,회귀검사 통과 시 유지
SSIS-652,사진 대조 재번역본,68,"00:05:12,790 --> 00:05:15,210",2.42,땀나고 있어?,수고하셨습니다.,땀나?,반응형,,,사진 장면 확인 및 한국어 번역투·ASR 오역 교정,높음,58.0,96.0,50.0,92.0,42.0,0.32507,0.0,22.0,0.0,0.0,0.3989,자고 있어?,땀나?,사진 장면 확인 및 한국어 번역투·ASR 오역 교정,14.18,T4,구조검사 통과 시 유지,,4.5608108108108105,10.14,P4,회귀검사 통과 시 유지
SSIS-652,사진 대조 재번역본,1032,"02:11:40,970 --> 02:11:41,810",0.84,네.,"이거, 이거, 너.",무슨 뜻이야?,반말형,,,,,45.0,80.0,50.0,78.0,55.0,0.09393,4.71,38.0,0.0,0.0,0.6892,"네, 네.",네.,불필요한 반복 제거,14.17,T4,구조검사 통과 시 유지,,4.476351351351352,10.1,P4,회귀검사 통과 시 유지
SSIS-652,사진 대조 재번역본,570,"01:00:04,380 --> 01:00:04,560",0.18,네.,빨리 콘돔 꺼내.,계속하자.,반말형,,,,,45.0,80.0,50.0,78.0,55.0,0.09355,4.71,38.0,0.0,0.0,0.6892,"네, 네.",네.,불필요한 반복 제거,14.16,T4,구조검사 통과 시 유지,,4.391891891891892,10.06,P4,회귀검사 통과 시 유지
SSIS-652,사진 대조 재번역본,735,"01:12:41,510 --> 01:12:41,950",0.44,네.,조금 힘이 빠진 것 같아.,조금 해 줄래?,반말형,,,,,45.0,80.0,50.0,78.0,55.0,0.0928,4.71,38.0,0.0,0.0,0.6892,"네, 네.",네.,불필요한 반복 제거,14.12,T4,구조검사 통과 시 유지,,4.3074324324324325,10.0,P4,회귀검사 통과 시 유지
SSIS-652,사진 대조 재번역본,43,"00:02:36,900 --> 00:02:37,080",0.18,네.,앞으로도 열심히 해 봅시다.,열심히 하겠습니다.,반말형,,,,,45.0,80.0,50.0,78.0,55.0,0.0915,4.71,38.0,0.0,0.0,0.6892,"네, 네.",네.,불필요한 반복 제거,14.07,T4,구조검사 통과 시 유지,,4.222972972972973,9.93,P4,회귀검사 통과 시 유지
SSIS-652,사진 대조 재번역본,503,"00:55:16,910 --> 00:55:17,350",0.44,아.,응.,"아, 아.",반응형,,,,,45.0,80.0,50.0,78.0,55.0,0.11145,0.0,38.0,0.0,0.0,0.4335,"왠지, 아.","아, 뭐야.",일본어 원문 대조 + 자연스러운 한국어 대사 교정,14.06,T4,구조검사 통과 시 유지,,4.138513513513513,9.89,P4,회귀검사 통과 시 유지
SSIS-652,사진 대조 재번역본,864,"01:28:33,180 --> 01:28:34,140",0.96,슉!,사이다도 있어.,슉!,중립·혼합형,,,,,45.0,80.0,50.0,78.0,55.0,0.10689,0.0,38.0,0.0,0.0,0.0721,네! 어이!,"네, 잘 부탁드립니다!",사진 장면 확인 및 한국어 번역투·ASR 오역 교정,13.87,T4,구조검사 통과 시 유지,,4.054054054054054,9.75,P4,회귀검사 통과 시 유지
SSIS-652,사진 대조 재번역본,738,"01:12:47,250 --> 01:12:47,690",0.44,네.,"그럼 이거, 이렇게 해 볼까?","응, 힘내면 돼.",반말형,,,,,45.0,80.0,50.0,78.0,55.0,0.08236,4.71,38.0,0.0,0.0,0.6892,"네, 네.",네.,불필요한 반복 제거,13.69,T4,구조검사 통과 시 유지,,3.9695945945945943,9.61,P4,회귀검사 통과 시 유지
SSIS-652,사진 대조 재번역본,602,"01:03:15,750 --> 01:03:16,030",0.28,네.,나도 기분 좋게 해 줄 거지?,참을게요.,반말형,,,,,45.0,80.0,50.0,78.0,55.0,0.08066,4.71,38.0,0.0,0.0,0.6892,"네, 네.",네.,불필요한 반복 제거,13.61,T4,구조검사 통과 시 유지,,3.885135135135135,9.53,P4,회귀검사 통과 시 유지
SSIS-652,사진 대조 재번역본,1068,"02:14:41,570 --> 02:14:43,850",2.28,아!,아아!,아아아!,반응형,,,,,45.0,80.0,50.0,78.0,55.0,0.10019,0.0,38.0,0.0,0.0,0.089,네! 어이!,"네, 잘 부탁드립니다!",사진 장면 확인 및 한국어 번역투·ASR 오역 교정,13.59,T4,구조검사 통과 시 유지,,3.800675675675676,9.48,P4,회귀검사 통과 시 유지
SSIS-652,사진 대조 재번역본,1067,"02:14:39,530 --> 02:14:41,190",1.66,아아!,아!,아!,반응형,,,,,45.0,80.0,50.0,78.0,55.0,0.0995,0.0,38.0,0.0,0.0,0.1871,아아아…,잠깐만.,일본어 원문 + 타임스탬프 사진 + 장면 연속성,13.56,T4,구조검사 통과 시 유지,,3.7162162162162162,9.43,P4,회귀검사 통과 시 유지
SSIS-652,사진 대조 재번역본,714,"01:11:40,310 --> 01:11:40,650",0.34,네.,정말일까?,영차.,반말형,,,,,45.0,80.0,50.0,78.0,55.0,0.07671,4.71,38.0,0.0,0.0,0.6892,"네, 네.",네.,불필요한 반복 제거,13.45,T4,구조검사 통과 시 유지,,3.6317567567567566,9.33,P4,회귀검사 통과 시 유지
SSIS-652,사진 대조 재번역본,810,"01:23:14,820 --> 01:23:15,700",0.88,아!,"장난치지 마, 이쪽 봐.",아!,반응형,,,,,45.0,80.0,50.0,78.0,55.0,0.0957,0.0,38.0,0.0,0.0,0.089,네! 어이!,"네, 잘 부탁드립니다!",사진 장면 확인 및 한국어 번역투·ASR 오역 교정,13.4,T4,구조검사 통과 시 유지,,3.5472972972972974,9.26,P4,회귀검사 통과 시 유지
SSIS-652,사진 대조 재번역본,236,"00:27:06,200 --> 00:27:06,420",0.22,네.,피부가…,네.,반말형,,,,,45.0,80.0,50.0,78.0,55.0,0.07501,4.71,38.0,0.0,0.0,0.6892,"네, 네.",네.,불필요한 반복 제거,13.38,T4,구조검사 통과 시 유지,,3.4628378378378377,9.21,P4,회귀검사 통과 시 유지
SSIS-652,사진 대조 재번역본,276,"00:30:41,120 --> 00:30:41,400",0.28,아!,만져도 돼?,뭘 만지는 거야!,반응형,,,,,45.0,80.0,50.0,78.0,55.0,0.09501,0.0,38.0,0.0,0.0,0.089,네! 어이!,"네, 잘 부탁드립니다!",사진 장면 확인 및 한국어 번역투·ASR 오역 교정,13.37,T4,구조검사 통과 시 유지,,3.3783783783783785,9.17,P4,회귀검사 통과 시 유지
SSIS-652,사진 대조 재번역본,243,"00:27:23,200 --> 00:27:23,440",0.24,네.,네.,귀여워.,반말형,,,,,45.0,80.0,50.0,78.0,55.0,0.07454,4.71,38.0,0.0,0.0,0.6892,"네, 네.",네.,불필요한 반복 제거,13.36,T4,구조검사 통과 시 유지,,3.2939189189189184,9.13,P4,회귀검사 통과 시 유지
SSIS-652,사진 대조 재번역본,539,"00:57:53,170 --> 00:57:53,370",0.2,네.,귀여워?,좋아?,반말형,,,,,45.0,80.0,50.0,78.0,55.0,0.07429,4.71,38.0,0.0,0.0,0.6892,"네, 네.",네.,불필요한 반복 제거,13.35,T4,구조검사 통과 시 유지,,3.16722972972973,9.07,P4,회귀검사 통과 시 유지
SSIS-652,사진 대조 재번역본,754,"01:14:07,600 --> 01:14:07,920",0.32,네.,같이 힘내자.,이제 몸 씻어 줄게.,반말형,,,,,45.0,80.0,50.0,78.0,55.0,0.07434,4.71,38.0,0.0,0.0,0.6892,"네, 네.",네.,불필요한 반복 제거,13.35,T4,구조검사 통과 시 유지,,3.16722972972973,9.07,P4,회귀검사 통과 시 유지
SSIS-652,사진 대조 재번역본,619,"01:04:13,660 --> 01:04:14,300",0.64,뭐?,"갈 것 같아, 갈 것 같아.",뭐?,중립·혼합형,,,,,45.0,80.0,50.0,78.0,55.0,0.09211,0.0,38.0,0.0,0.0,0.3242,뭐? 아침에 졸려? 하고 바로…,뭐? 아침부터 졸리다고 해 놓고…,사진 장면 확인 및 한국어 번역투·ASR 오역 교정,13.25,T4,구조검사 통과 시 유지,,3.040540540540541,8.96,P4,회귀검사 통과 시 유지
SSIS-652,사진 대조 재번역본,878,"01:30:38,420 --> 01:30:38,640",0.22,네.,건배할까?,건배.,반말형,,,,,45.0,80.0,50.0,78.0,55.0,0.06972,4.71,38.0,0.0,0.0,0.6892,"네, 네.",네.,불필요한 반복 제거,13.16,T4,구조검사 통과 시 유지,,2.956081081081081,8.87,P4,회귀검사 통과 시 유지
SSIS-652,사진 대조 재번역본,979,"02:06:04,300 --> 02:06:04,720",0.42,네.,속옷은?,알겠어요?,반말형,,,,,45.0,80.0,50.0,78.0,55.0,0.06909,4.71,38.0,0.0,0.0,0.6892,"네, 네.",네.,불필요한 반복 제거,13.13,T4,구조검사 통과 시 유지,,2.871621621621622,8.82,P4,회귀검사 통과 시 유지
SSIS-652,사진 대조 재번역본,393,"00:44:22,530 --> 00:44:22,670",0.14,네.,기분 좋아?,하고 싶어?,반말형,,,,,45.0,80.0,50.0,78.0,55.0,0.06779,4.71,38.0,0.0,0.0,0.6892,"네, 네.",네.,불필요한 반복 제거,13.07,T4,구조검사 통과 시 유지,,2.7871621621621623,8.75,P4,회귀검사 통과 시 유지
SSIS-652,사진 대조 재번역본,237,"00:27:09,660 --> 00:27:10,080",0.42,네.,네.,그렇지.,반말형,,,,,45.0,80.0,50.0,78.0,55.0,0.06603,4.71,38.0,0.0,0.0,0.6892,"네, 네.",네.,불필요한 반복 제거,13.0,T4,구조검사 통과 시 유지,,2.7027027027027026,8.68,P4,회귀검사 통과 시 유지
SSIS-652,사진 대조 재번역본,421,"00:49:09,380 --> 00:49:09,640",0.26,앗!,응.,앗!,반응형,,,,,45.0,80.0,50.0,78.0,55.0,0.08605,0.0,38.0,0.0,0.0,0.3644,먹어줬으면 해서... 앗!,먹어줬으면 해서… 앗!,,12.99,T4,구조검사 통과 시 유지,,2.5760135135135136,8.62,P4,회귀검사 통과 시 유지
SSIS-652,사진 대조 재번역본,723,"01:11:58,610 --> 01:11:58,750",0.14,네.,샤워하자.,응.,반말형,,,,,45.0,80.0,50.0,78.0,55.0,0.06573,4.71,38.0,0.0,0.0,0.6892,"네, 네.",네.,불필요한 반복 제거,12.99,T4,구조검사 통과 시 유지,,2.5760135135135136,8.62,P4,회귀검사 통과 시 유지
SSIS-652,사진 대조 재번역본,631,"01:05:07,540 --> 01:05:08,020",0.48,앗!,네.,앗!,반응형,,,,,45.0,80.0,50.0,78.0,55.0,0.08527,0.0,38.0,0.0,0.0,0.3644,먹어줬으면 해서... 앗!,먹어줬으면 해서… 앗!,,12.96,T4,구조검사 통과 시 유지,,2.449324324324324,8.55,P4,회귀검사 통과 시 유지
SSIS-652,사진 대조 재번역본,395,"00:44:32,770 --> 00:44:33,250",0.48,네.,하고 싶어?,기분 좋을까?,반말형,,,,,45.0,80.0,50.0,78.0,55.0,0.06315,4.71,38.0,0.0,0.0,0.6892,"네, 네.",네.,불필요한 반복 제거,12.88,T4,구조검사 통과 시 유지,,2.364864864864865,8.46,P4,회귀검사 통과 시 유지
SSIS-652,사진 대조 재번역본,837,"01:25:18,820 --> 01:25:19,220",0.4,네.,조금 천천히 가자.,네.,반말형,,,,,45.0,80.0,50.0,78.0,55.0,0.06253,4.71,38.0,0.0,0.0,0.6892,"네, 네.",네.,불필요한 반복 제거,12.85,T4,구조검사 통과 시 유지,,2.2804054054054053,8.41,P4,회귀검사 통과 시 유지
SSIS-652,사진 대조 재번역본,491,"00:54:38,360 --> 00:54:38,520",0.16,네.,한 번 뺄게.,앗.,반말형,,,,,45.0,80.0,50.0,78.0,55.0,0.06093,4.71,38.0,0.0,0.0,0.6892,"네, 네.",네.,불필요한 반복 제거,12.79,T4,구조검사 통과 시 유지,,2.195945945945946,8.34,P4,회귀검사 통과 시 유지
SSIS-652,사진 대조 재번역본,630,"01:05:05,520 --> 01:05:06,060",0.54,네.,네.,앗!,반말형,,,,,45.0,80.0,50.0,78.0,55.0,0.0604,4.71,38.0,0.0,0.0,0.6892,"네, 네.",네.,불필요한 반복 제거,12.76,T4,구조검사 통과 시 유지,,2.1114864864864864,8.29,P4,회귀검사 통과 시 유지
SSIS-652,사진 대조 재번역본,811,"01:23:16,580 --> 01:23:17,020",0.44,아!,아!,잊었어?,반응형,,,,,45.0,80.0,50.0,78.0,55.0,0.07946,0.0,38.0,0.0,0.0,0.089,네! 어이!,"네, 잘 부탁드립니다!",사진 장면 확인 및 한국어 번역투·ASR 오역 교정,12.72,T4,구조검사 통과 시 유지,,2.027027027027027,8.23,P4,회귀검사 통과 시 유지
SSIS-652,사진 대조 재번역본,625,"01:04:25,880 --> 01:04:26,100",0.22,네.,다음엔 뒤에서 넣어 줘.,"아, 거기 구멍 있어?",반말형,,,,,45.0,80.0,50.0,78.0,55.0,0.05836,4.71,38.0,0.0,0.0,0.6892,"네, 네.",네.,불필요한 반복 제거,12.68,T4,구조검사 통과 시 유지,,1.9425675675675675,8.17,P4,회귀검사 통과 시 유지
SSIS-652,사진 대조 재번역본,865,"01:28:35,180 --> 01:28:35,760",0.58,슉!,슉!,속옷을 안 입은 것처럼 보이네요.,중립·혼합형,,,,,45.0,80.0,50.0,78.0,55.0,0.07723,0.0,38.0,0.0,0.0,0.0721,네! 어이!,"네, 잘 부탁드립니다!",사진 장면 확인 및 한국어 번역투·ASR 오역 교정,12.62,T4,구조검사 통과 시 유지,,1.8581081081081081,8.1,P4,회귀검사 통과 시 유지
SSIS-652,사진 대조 재번역본,629,"01:05:01,240 --> 01:05:01,440",0.2,네.,빨리.,네.,반말형,,,,,45.0,80.0,50.0,78.0,55.0,0.05609,4.71,38.0,0.0,0.0,0.6892,"네, 네.",네.,불필요한 반복 제거,12.58,T4,구조검사 통과 시 유지,,1.7314189189189189,8.02,P4,회귀검사 통과 시 유지
SSIS-652,사진 대조 재번역본,1180,"02:25:42,620 --> 02:25:43,780",1.16,응! 좋아!,아침부터 밤까지.,괜찮아요?,반응형,,,,,45.0,80.0,50.0,78.0,55.0,0.0761,0.0,38.0,0.0,0.0,0.1156,"이런 거 좋아해? 좋아? 응, 좋아.","이런 거 좋아해? 응, 좋아.",중복 질문 정리,12.58,T4,구조검사 통과 시 유지,,1.7314189189189189,8.02,P4,회귀검사 통과 시 유지
SSIS-652,사진 대조 재번역본,439,"00:50:34,840 --> 00:50:35,160",0.32,네.,이거 늘 써?,이게 좋아?,반말형,,,,,45.0,80.0,50.0,78.0,55.0,0.05579,4.71,38.0,0.0,0.0,0.6892,"네, 네.",네.,불필요한 반복 제거,12.57,T4,구조검사 통과 시 유지,,1.6047297297297296,7.96,P4,회귀검사 통과 시 유지
SSIS-652,사진 대조 재번역본,483,"00:54:13,040 --> 00:54:13,340",0.3,네.,기분 좋았어?,물론이지.,반말형,,,,,45.0,80.0,50.0,78.0,55.0,0.05356,4.71,38.0,0.0,0.0,0.6892,"네, 네.",네.,불필요한 반복 제거,12.48,T4,구조검사 통과 시 유지,,1.5202702702702704,7.88,P4,회귀검사 통과 시 유지
SSIS-652,사진 대조 재번역본,990,"02:07:16,380 --> 02:07:16,880",0.5,네.,네.,칫솔도 챙겨 왔어요.,반말형,,,,,45.0,80.0,50.0,78.0,55.0,0.05334,4.71,38.0,0.0,0.0,0.6892,"네, 네.",네.,불필요한 반복 제거,12.47,T4,구조검사 통과 시 유지,,1.435810810810811,7.84,P4,회귀검사 통과 시 유지
SSIS-652,사진 대조 재번역본,1036,"02:11:49,980 --> 02:11:50,600",0.62,네.,네.,아.,반말형,,,,,45.0,80.0,50.0,78.0,55.0,0.053,4.71,38.0,0.0,0.0,0.6892,"네, 네.",네.,불필요한 반복 제거,12.45,T4,구조검사 통과 시 유지,,1.3513513513513513,7.79,P4,회귀검사 통과 시 유지
SSIS-652,사진 대조 재번역본,989,"02:07:01,640 --> 02:07:01,860",0.22,네.,할 수 있어?,네.,반말형,,,,,45.0,80.0,50.0,78.0,55.0,0.05266,4.71,38.0,0.0,0.0,0.6892,"네, 네.",네.,불필요한 반복 제거,12.44,T4,구조검사 통과 시 유지,,1.2668918918918919,7.75,P4,회귀검사 통과 시 유지
SSIS-652,사진 대조 재번역본,1002,"02:08:13,360 --> 02:08:13,620",0.26,네.,젖꼭지는 안 돼?,젖꼭지는 안 돼?,반말형,,,,,45.0,80.0,50.0,78.0,55.0,0.04953,4.71,38.0,0.0,0.0,0.6892,"네, 네.",네.,불필요한 반복 제거,12.31,T4,구조검사 통과 시 유지,,1.1824324324324325,7.64,P4,회귀검사 통과 시 유지
SSIS-652,사진 대조 재번역본,559,"00:58:55,800 --> 00:58:56,160",0.36,네.,잘 어울려요.,평소에는 이런 코스프레 안 하니까.,반말형,,,,,45.0,80.0,50.0,78.0,55.0,0.04846,4.71,38.0,0.0,0.0,0.6892,"네, 네.",네.,불필요한 반복 제거,12.26,T4,구조검사 통과 시 유지,,1.097972972972973,7.57,P4,회귀검사 통과 시 유지
SSIS-652,사진 대조 재번역본,932,"01:49:25,940 --> 01:49:26,200",0.26,네.,빨리?,이제 좀 살려 주실 건가요?,반말형,,,,,45.0,80.0,50.0,78.0,55.0,0.04813,4.71,38.0,0.0,0.0,0.6892,"네, 네.",네.,불필요한 반복 제거,12.25,T4,구조검사 통과 시 유지,,1.0135135135135136,7.53,P4,회귀검사 통과 시 유지
SSIS-652,사진 대조 재번역본,407,"00:47:38,340 --> 00:47:38,560",0.22,네.,손으로?,응.,반말형,,,,,45.0,80.0,50.0,78.0,55.0,0.0476,4.71,38.0,0.0,0.0,0.6892,"네, 네.",네.,불필요한 반복 제거,12.23,T4,구조검사 통과 시 유지,,0.9290540540540541,7.48,P4,회귀검사 통과 시 유지
SSIS-652,사진 대조 재번역본,673,"01:09:55,570 --> 01:09:56,190",0.62,네.,두 번째?,"잠깐, 괜찮아요?",반말형,,,,,45.0,80.0,50.0,78.0,55.0,0.04751,4.71,38.0,0.0,0.0,0.6892,"네, 네.",네.,불필요한 반복 제거,12.22,T4,구조검사 통과 시 유지,,0.8445945945945946,7.44,P4,회귀검사 통과 시 유지
SSIS-652,사진 대조 재번역본,242,"00:27:22,640 --> 00:27:23,060",0.42,네.,좋아하지?,네.,반말형,,,,,45.0,80.0,50.0,78.0,55.0,0.04569,4.71,38.0,0.0,0.0,0.6892,"네, 네.",네.,불필요한 반복 제거,12.15,T4,구조검사 통과 시 유지,,0.7601351351351352,7.37,P4,회귀검사 통과 시 유지
SSIS-652,사진 대조 재번역본,165,"00:12:22,400 --> 00:12:22,960",0.56,사람이요?,아까 사람이 좀 많았으니까.,조금 더 보고 싶었어요.,중립·혼합형,,,사진 장면 확인 및 한국어 번역투·ASR 오역 교정,높음,58.0,96.0,50.0,92.0,42.0,0.25618,0.0,22.0,0.0,0.0,0.2085,사람이 더 없어졌어.,사람이 완전히 없어졌네.,일본어 원문 대조 + 자연스러운 한국어 대사 교정,12.1,T4,구조검사 통과 시 유지,,0.6756756756756757,7.3,P4,회귀검사 통과 시 유지
SSIS-652,사진 대조 재번역본,261,"00:28:12,650 --> 00:28:12,990",0.34,네.,손톱으로 살살 긁어?,"아, 그래.",반말형,,,,,45.0,80.0,50.0,78.0,55.0,0.04217,4.71,38.0,0.0,0.0,0.6892,"네, 네.",네.,불필요한 반복 제거,12.0,T4,구조검사 통과 시 유지,,0.5489864864864865,7.19,P4,회귀검사 통과 시 유지
SSIS-652,사진 대조 재번역본,263,"00:28:21,650 --> 00:28:22,290",0.64,네.,"아, 그래.","아, 그 근처.",반말형,,,,,45.0,80.0,50.0,78.0,55.0,0.04226,4.71,38.0,0.0,0.0,0.6892,"네, 네.",네.,불필요한 반복 제거,12.0,T4,구조검사 통과 시 유지,,0.5489864864864865,7.19,P4,회귀검사 통과 시 유지
SSIS-652,사진 대조 재번역본,1035,"02:11:45,390 --> 02:11:46,230",0.84,네.,어떻게 가고 있는지.,네.,반말형,,,,,45.0,80.0,50.0,78.0,55.0,0.04076,4.71,38.0,0.0,0.0,0.6892,"네, 네.",네.,불필요한 반복 제거,11.94,T4,구조검사 통과 시 유지,,0.4222972972972973,7.1,P4,회귀검사 통과 시 유지
SSIS-652,사진 대조 재번역본,746,"01:13:05,250 --> 01:13:06,350",1.1,그대로?,그대로.,"안에 뭔가 있는 건가, 내가 하면.",중립·혼합형,,,사진 장면 확인 및 한국어 번역투·ASR 오역 교정,높음,58.0,96.0,50.0,92.0,42.0,0.24361,0.0,22.0,0.0,0.0,0.249,그럼 그대로...,그럼 그대로…,,11.72,T4,구조검사 통과 시 유지,,0.33783783783783783,6.94,P4,회귀검사 통과 시 유지
SSIS-652,사진 대조 재번역본,1066,"02:14:37,750 --> 02:14:39,530",1.78,아!,"아아, 갈 것 같아.",아아!,반응형,,,,,45.0,80.0,50.0,78.0,55.0,0.04689,0.0,38.0,0.0,0.0,0.089,네! 어이!,"네, 잘 부탁드립니다!",사진 장면 확인 및 한국어 번역투·ASR 오역 교정,11.35,T4,구조검사 통과 시 유지,,0.2533783783783784,6.69,P4,회귀검사 통과 시 유지
SSIS-652,사진 대조 재번역본,246,"00:27:35,310 --> 00:27:36,070",0.76,간지러워.,아까는…,간지러워?,반말형,,,사진 장면 확인 및 한국어 번역투·ASR 오역 교정,높음,58.0,96.0,50.0,92.0,42.0,0.22976,0.0,22.0,0.0,0.0,0.2252,시끄러워.,넣고 싶어.,,11.3,T4,구조검사 통과 시 유지,,0.16891891891891891,6.62,P4,회귀검사 통과 시 유지
SSIS-652,사진 대조 재번역본,745,"01:13:01,750 --> 01:13:04,410",2.66,그대로.,뭔가 잔뜩 있어.,그대로?,중립·혼합형,,,사진 장면 확인 및 한국어 번역투·ASR 오역 교정,높음,58.0,96.0,50.0,92.0,42.0,0.21649,0.0,22.0,0.0,0.0,0.5494,그럼 그대로...,그럼 그대로…,,10.9,T4,구조검사 통과 시 유지,,0.08445945945945946,6.36,P4,회귀검사 통과 시 유지
