title,stage,block,timecode,duration_seconds,text,prev_text,next_text,style_profile,frame_file,frame_difference_seconds,basis,evidence_confidence,source_meaning_confidence,scene_fit_confidence,speaker_confidence,korean_naturalness,hallucination_risk,model_change_probability,rule_risk,provenance_risk,timing_risk,continuity_risk,error_memory_similarity,nearest_prior_bad_text,nearest_prior_correction,nearest_prior_basis,final_risk,tier,recommended_action,flags,relative_risk_percentile,priority_score,review_band,priority_action
ABF-196,사진 대조 1차 교정본,533,"02:19:06,460 --> 02:19:06,480",0.02,어떻게 하지...,아직 아파...,엄청 맛있어.,반응형,sub_0533_8346.5s.jpg,0.04,,,25.0,90.0,50.0,78.0,75.0,0.87525,42.0,66.0,70.0,0.0,1.0,어떻게 하지...,어떻게 하지…,,66.38,T2,후보 3개 생성 후 증거 기반 판정,high_cps,100.0,80.5,P1,장면 패킷을 열고 후보 3개를 생성해 반증 검토
ABF-196,사진 대조 1차 교정본,353,"01:18:26,450 --> 01:18:56,130",29.68,아...,잠깐만...,확실히 전보다 더 커졌어.,반응형,sub_0353_4706.4s.jpg,0.05,,,25.0,90.0,50.0,78.0,75.0,0.97818,42.0,66.0,25.0,0.0,1.0,아...,아…,,66.2,T2,후보 3개 생성 후 증거 기반 판정,long_duration_short_text,99.86130374479889,80.34,P1,장면 패킷을 열고 후보 3개를 생성해 반증 검토
ABF-196,사진 대조 1차 교정본,415,"01:42:40,370 --> 01:43:34,040",53.67,아...,계속 네 옆에 있을게.,너 말이야...,반응형,sub_0415_6160.4s.jpg,0.03,,,25.0,90.0,50.0,78.0,75.0,0.97586,42.0,66.0,25.0,0.0,1.0,아...,아…,,66.11,T2,후보 3개 생성 후 증거 기반 판정,long_duration_short_text,99.72260748959778,80.23,P1,장면 패킷을 열고 후보 3개를 생성해 반증 검토
ABF-196,사진 대조 1차 교정본,622,"02:41:22,630 --> 02:41:52,760",30.13,아...,누워.,응.,반응형,sub_0622_9682.6s.jpg,0.03,,,25.0,90.0,50.0,78.0,75.0,0.96024,42.0,66.0,25.0,0.0,1.0,아...,아…,,65.45,T2,후보 3개 생성 후 증거 기반 판정,long_duration_short_text,99.58391123439667,79.79,P1,장면 패킷을 열고 후보 3개를 생성해 반증 검토
ABF-196,사진 대조 1차 교정본,429,"01:45:18,600 --> 01:45:58,110",39.51,아...,아파! 기다려!,첫 번째 자극이야.,반응형,sub_0429_6318.6s.jpg,0.0,,,25.0,90.0,50.0,78.0,75.0,0.94557,42.0,66.0,25.0,0.0,1.0,아...,아…,,64.83,T2,후보 3개 생성 후 증거 기반 판정,long_duration_short_text,99.44521497919555,79.37,P1,장면 패킷을 열고 후보 3개를 생성해 반증 검토
ABF-196,사진 대조 1차 교정본,328,"01:11:19,730 --> 01:11:19,850",0.12,숨을 들이마시세요.,"굉장해, 엄청나.",잠깐만...,존댓말형,sub_0328_4279.7s.jpg,0.03,,,25.0,90.0,50.0,78.0,75.0,0.74849,42.0,66.0,70.0,18.0,1.0,숨을 들이마시세요.,숨 좀 쉬어.,,62.5,T2,후보 3개 생성 후 증거 기반 판정,formality_shift;high_cps,99.30651872399446,77.96,P1,장면 패킷을 열고 후보 3개를 생성해 반증 검토
ABF-196,사진 대조 1차 교정본,469,"02:04:07,780 --> 02:04:12,720",4.94,"이거, 이거, 이거, 그거, 이거, 그 정도, 그 정도...",이거 간다...,"아, 좀 더 해 줘...",중립·혼합형,sub_0469_7447.8s.jpg,0.02,,,25.0,90.0,50.0,78.0,75.0,0.88011,42.0,66.0,0.0,0.0,1.0,"이거, 이거, 이거, 그거, 이거, 그 정도, 그 정도...","이거, 이거, 이거, 그거, 이거, 그 정도, 그 정도…",,59.58,T3,화자·문맥·자연스러움 집중 검토,,99.16782246879335,76.21,P1,장면 패킷을 열고 후보 3개를 생성해 반증 검토
ABF-196,사진 대조 1차 교정본,547,"02:21:51,640 --> 02:21:54,680",3.04,"아, 대단해. 엄청 단단하게 섰어...",아-...,아-...,반응형,sub_0547_8511.6s.jpg,0.04,,,25.0,90.0,50.0,78.0,75.0,0.83032,42.0,66.0,0.0,0.0,1.0,"아, 대단해. 엄청 단단하게 섰어...","아, 대단해. 엄청 단단하게 섰어…",,57.49,T3,화자·문맥·자연스러움 집중 검토,,99.02912621359224,74.94,P1,장면 패킷을 열고 후보 3개를 생성해 반증 검토
ABF-196,사진 대조 1차 교정본,372,"01:30:06,210 --> 01:30:06,350",0.14,수고하셨습니다.,조금만 더 해 줘.,"아, 거기로.",존댓말형,sub_0372_5406.2s.jpg,0.01,,,25.0,90.0,50.0,78.0,75.0,0.51241,66.0,66.0,70.0,18.0,1.0,수고하셨습니다.,[불명],,56.9,T3,화자·문맥·자연스러움 집중 검토,formal_scene_mistranslation;formality_shift;high_cps,98.89042995839112,74.54,P1,장면 패킷을 열고 후보 3개를 생성해 반증 검토
ABF-196,사진 대조 1차 교정본,39,"00:13:15,900 --> 00:13:16,260",0.36,조금 먹어볼게요.,괜찮아? 먹어볼게.,또 해 보면 알겠지.,반응형,sub_0039_795.9s.jpg,0.0,,,25.0,90.0,50.0,78.0,75.0,0.76692,17.12,66.0,41.11,0.0,0.7927,"또, 먹어볼게요.",다시 빨아 볼게요.,손상된 일본어 ASR + 타임스탬프 사진 + 앞뒤 문맥 추론,54.46,T3,화자·문맥·자연스러움 집중 검토,high_cps,98.75173370319001,73.06,P1,장면 패킷을 열고 후보 3개를 생성해 반증 검토
ABF-196,사진 대조 1차 교정본,53,"00:18:15,540 --> 00:18:17,300",1.76,조금 넣어볼까 하고 하는 거야.,"아, 대단해 대단해. 들어갈게.",먹어보세요.,반응형,sub_0053_1095.5s.jpg,0.04,,,25.0,90.0,50.0,78.0,79.0,0.91675,0.0,66.0,0.0,0.0,0.2977,싫은 거야.,싫어?,일본어 원문 대조 + 자연스러운 한국어 대사 교정,53.8,T3,화자·문맥·자연스러움 집중 검토,,98.6130374479889,72.62,P1,장면 패킷을 열고 후보 3개를 생성해 반증 검토
ABF-196,사진 대조 1차 교정본,601,"02:34:20,020 --> 02:34:49,700",29.68,안쪽이 좀 아파서 놀랐네.,이제 잠깐 쉬자.,여기,반응형,sub_0601_9260.0s.jpg,0.02,,,25.0,90.0,50.0,78.0,79.0,0.91641,0.0,66.0,0.0,0.0,0.4179,안쪽이 좋아.,대단하다.,일본어 원문 + 타임스탬프 사진 + 장면 연속성,53.79,T3,화자·문맥·자연스러움 집중 검토,,98.47434119278779,72.56,P1,장면 패킷을 열고 후보 3개를 생성해 반증 검토
ABF-196,사진 대조 1차 교정본,141,"00:33:08,970 --> 00:33:10,630",1.66,더 핥아주는 게 좋아?,"어이, 어이...",기분 좋아...,반응형,sub_0141_1989.0s.jpg,0.03,,,25.0,90.0,50.0,78.0,79.0,0.73457,42.0,66.0,0.0,0.0,1.0,더 핥아주는 게 좋아?,더 핥아 주는 게 좋아?,,53.71,T3,화자·문맥·자연스러움 집중 검토,,98.3356449375867,72.45,P1,장면 패킷을 열고 후보 3개를 생성해 반증 검토
ABF-196,사진 대조 1차 교정본,560,"02:25:11,120 --> 02:25:13,160",2.04,이제 좀 더 기분 좋게 해도 돼.,네 쪽에 둘게.,하아…,반말형,sub_0560_8711.1s.jpg,0.02,,,25.0,90.0,50.0,78.0,75.0,0.88227,0.0,66.0,0.0,0.0,0.3396,안 돼.,"네, 놀랐어요.",타임스탬프 사진과 앞뒤 장면으로 대사 기능 복원,52.12,T3,화자·문맥·자연스러움 집중 검토,,98.19694868238558,71.47,P2,앞뒤 5블록·사진·오류 기억을 함께 검토
ABF-196,사진 대조 1차 교정본,313,"01:06:42,870 --> 01:06:42,950",0.08,마음의 소리,잠깐만...,갈게... 갈게...,중립·혼합형,sub_0313_4002.9s.jpg,0.03,,,25.0,90.0,50.0,78.0,75.0,0.71396,0.0,66.0,70.0,0.0,0.2875,그런 소리 하지 마...,그런 소리 하지 마…,,52.05,T3,화자·문맥·자연스러움 집중 검토,high_cps,98.05825242718447,71.37,P2,앞뒤 5블록·사진·오류 기억을 함께 검토
ABF-196,사진 대조 1차 교정본,108,"00:27:39,260 --> 00:27:55,080",15.82,뭔가 엄청 기뻐.,오랜만이네...,괜찮아.,중립·혼합형,sub_0108_1659.3s.jpg,0.04,,,25.0,90.0,50.0,78.0,75.0,0.85664,5.58,66.0,0.0,0.0,0.6965,기뻐.,기쁘다.,일본어 원문 대조 + 자연스러운 한국어 대사 교정,52.04,T3,화자·문맥·자연스러움 집중 검토,,97.91955617198336,71.31,P2,앞뒤 5블록·사진·오류 기억을 함께 검토
ABF-196,사진 대조 1차 교정본,323,"01:09:12,100 --> 01:09:19,560",7.46,막혀 있을 때는...,아직 끝난 거 아니야.,첫 번째야.,중립·혼합형,sub_0323_4152.1s.jpg,0.0,,,25.0,90.0,50.0,78.0,79.0,0.69303,42.0,66.0,0.0,0.0,1.0,막혀 있을 때는...,막혀 있을 때는…,,51.97,T3,화자·문맥·자연스러움 집중 검토,,97.78085991678225,71.21,P2,앞뒤 5블록·사진·오류 기억을 함께 검토
ABF-196,사진 대조 1차 교정본,354,"01:18:56,530 --> 01:18:56,650",0.12,확실히 전보다 더 커졌어.,아...,맛있어?,반응형,sub_0354_4736.5s.jpg,0.03,,,25.0,90.0,50.0,78.0,75.0,0.70197,0.0,66.0,70.0,0.0,0.3622,확실히 졸업했어.,확실히 첫 경험을 한 거야.,반복되는 '졸업' 표현 자연화,51.54,T3,화자·문맥·자연스러움 집중 검토,high_cps,97.64216366158114,70.9,P2,앞뒤 5블록·사진·오류 기억을 함께 검토
ABF-196,사진 대조 1차 교정본,107,"00:26:45,720 --> 00:26:48,080",2.36,오랜만이네...,응...,뭔가 엄청 기뻐.,반말형,sub_0107_1605.7s.jpg,0.02,,,25.0,90.0,50.0,78.0,75.0,0.68457,42.0,66.0,0.0,0.0,1.0,오랜만이네...,오랜만이네…,,51.37,T3,화자·문맥·자연스러움 집중 검토,,97.50346740638003,70.75,P2,앞뒤 5블록·사진·오류 기억을 함께 검토
ABF-196,사진 대조 1차 교정본,470,"02:04:12,720 --> 02:04:40,510",27.79,"아, 좀 더 해 줘...","이거, 이거, 이거, 그거, 이거, 그 정도, 그 정도...",어떻게 움직이면 돼?,반응형,sub_0470_7452.7s.jpg,0.02,,,25.0,90.0,50.0,78.0,75.0,0.68353,42.0,66.0,0.0,0.0,1.0,"아, 좀 더 해 줘...","아, 좀 더 해 줘…",,51.33,T3,화자·문맥·자연스러움 집중 검토,,97.36477115117891,70.66,P2,앞뒤 5블록·사진·오류 기억을 함께 검토
ABF-196,사진 대조 1차 교정본,40,"00:14:46,800 --> 00:14:48,520",1.72,또 해 보면 알겠지.,조금 먹어볼게요.,잠깐만...,반말형,sub_0040_886.8s.jpg,0.0,,,25.0,90.0,50.0,78.0,75.0,0.86022,0.0,66.0,0.0,0.0,0.1769,부끄러웠겠지.,많이 부끄러웠지?,일본어 원문 대조 + 자연스러운 한국어 대사 교정,51.19,T3,화자·문맥·자연스러움 집중 검토,,97.2260748959778,70.53,P2,앞뒤 5블록·사진·오류 기억을 함께 검토
ABF-196,사진 대조 1차 교정본,339,"01:14:51,940 --> 01:14:53,140",1.2,안쪽까지 잔뜩 넣어 줘.,삼킬래? 응.,맛있습니다.,반응형,sub_0339_4491.9s.jpg,0.04,,,25.0,90.0,50.0,78.0,83.0,0.8139,0.0,66.0,0.0,18.0,0.586,안쪽까지 안 가?,더 안쪽까지 안 들어가?,일본어 원문 대조 + 자연스러운 한국어 대사 교정,51.16,T3,화자·문맥·자연스러움 집중 검토,formality_shift,97.0873786407767,70.45,P2,앞뒤 5블록·사진·오류 기억을 함께 검토
ABF-196,사진 대조 1차 교정본,360,"01:21:37,160 --> 01:21:40,000",2.84,걔 입 안에 넣어 줘.,걔 입 안에 싸도 돼.,"추워, 너무 추워.",반응형,sub_0360_4897.2s.jpg,0.04,,,25.0,90.0,50.0,78.0,79.0,0.85148,0.0,66.0,0.0,0.0,0.3363,입 안을 보여 줘.,입 안 보여 줘.,일본어 원문 대조 + 자연스러운 한국어 대사 교정,51.06,T3,화자·문맥·자연스러움 집중 검토,,96.9486823855756,70.33,P2,앞뒤 5블록·사진·오류 기억을 함께 검토
ABF-196,사진 대조 1차 교정본,525,"02:16:50,040 --> 02:16:50,140",0.1,직접 느껴 보고 있어.,그래도 요즘은...,넣을 때는 잘 몰랐어.,반응형,sub_0525_8210.0s.jpg,0.04,,,25.0,90.0,50.0,78.0,75.0,0.68365,0.0,66.0,70.0,0.0,0.3884,잘 보고 있어...,잘 보고 있어…,,50.77,T3,화자·문맥·자연스러움 집중 검토,high_cps,96.80998613037448,70.11,P2,앞뒤 5블록·사진·오류 기억을 함께 검토
ABF-196,사진 대조 1차 교정본,471,"02:04:41,150 --> 02:04:55,880",14.73,어떻게 움직이면 돼?,"아, 좀 더 해 줘...",해 보세요.,반응형,sub_0471_7481.1s.jpg,0.05,,,25.0,90.0,50.0,78.0,79.0,0.8364,0.0,66.0,0.0,0.0,0.3521,어떻게 먹는 게 좋아?,어떻게 해 주는 게 좋아?,일본어 원문 대조 + 자연스러운 한국어 대사 교정,50.43,T3,화자·문맥·자연스러움 집중 검토,,96.67128987517337,69.85,P2,앞뒤 5블록·사진·오류 기억을 함께 검토
ABF-196,사진 대조 1차 교정본,523,"02:16:02,830 --> 02:16:34,530",31.7,좋아하는 사람이 해 주고 있어.,잠깐만...,그래도 요즘은...,반응형,sub_0523_8162.8s.jpg,0.03,,,25.0,90.0,50.0,78.0,75.0,0.84027,0.0,66.0,0.0,0.0,0.3659,다리 좋아하는 남자.,다리 좋아하는 남자 많잖아.,일본어 원문 대조 + 자연스러운 한국어 대사 교정,50.35,T3,화자·문맥·자연스러움 집중 검토,,96.53259361997226,69.75,P2,앞뒤 5블록·사진·오류 기억을 함께 검토
ABF-196,사진 대조 1차 교정본,303,"01:04:26,890 --> 01:04:32,110",5.22,역시 이런 식으로 올라타는 게 좋네.,한 번 더. 다시 끼우고 있어.,대단해.,반말형,sub_0303_3866.9s.jpg,0.01,,,25.0,90.0,50.0,78.0,75.0,0.83752,0.0,66.0,0.0,0.0,0.3642,좋네.,좋아.,일본어 원문 대조 + 자연스러운 한국어 대사 교정,50.24,T3,화자·문맥·자연스러움 집중 검토,,96.39389736477115,69.62,P2,앞뒤 5블록·사진·오류 기억을 함께 검토
ABF-196,사진 대조 1차 교정본,197,"00:44:19,720 --> 00:44:21,220",1.5,이것도 그렇게...,먹자.,조금 더 해 줘.,중립·혼합형,sub_0197_2659.7s.jpg,0.02,,,25.0,90.0,50.0,78.0,75.0,0.65148,42.0,66.0,0.0,0.0,1.0,이것도 그렇게...,이것도 그렇게…,,49.98,T3,화자·문맥·자연스러움 집중 검토,,96.25520110957004,69.42,P2,앞뒤 5블록·사진·오류 기억을 함께 검토
ABF-196,사진 대조 1차 교정본,163,"00:37:39,330 --> 00:37:50,990",11.66,"갈게, 갈게... 멈추질 않네.",앗,"아, 잠깐만...",반말형,sub_0163_2259.3s.jpg,0.03,,,25.0,90.0,50.0,78.0,75.0,0.64837,42.0,66.0,0.0,0.0,1.0,"갈게, 갈게... 멈추질 않네.","갈게, 갈게… 멈추질 않네.",,49.85,T3,화자·문맥·자연스러움 집중 검토,,96.11650485436894,69.28,P2,앞뒤 5블록·사진·오류 기억을 함께 검토
ABF-196,사진 대조 1차 교정본,640,"02:46:38,450 --> 02:46:55,010",16.56,"아-, 기분 좋아. 아-, 기분 좋아.
아-, 기분 좋아...","아-, 굉장해. 아-, 장난 아냐.
아-, 기분 좋아. 더 핥아 줘.",나 좀 눕게 해 줘...,반말형,sub_0640_9998.5s.jpg,0.05,,,25.0,90.0,50.0,78.0,75.0,0.64782,42.0,66.0,0.0,0.0,1.0,"아-, 기분 좋아. 아-, 기분 좋아. 아-, 기분 좋아...","아-, 기분 좋아. 아-, 기분 좋아. 아-, 기분 좋아…",,49.83,T3,화자·문맥·자연스러움 집중 검토,,95.97780859916783,69.21,P2,앞뒤 5블록·사진·오류 기억을 함께 검토
ABF-196,사진 대조 1차 교정본,445,"01:51:19,070 --> 01:51:21,140",2.07,다리 뻗어 줘...,잠깐만...,다리 내려...,반응형,sub_0445_6679.1s.jpg,0.03,,,25.0,90.0,50.0,78.0,75.0,0.64694,42.0,66.0,0.0,0.0,1.0,다리 뻗어 줘...,다리 뻗어 줘…,,49.79,T3,화자·문맥·자연스러움 집중 검토,,95.83911234396672,69.13,P2,앞뒤 5블록·사진·오류 기억을 함께 검토
ABF-196,사진 대조 1차 교정본,613,"02:37:17,120 --> 02:37:18,400",1.28,땀까지 나서 흠뻑 젖었어.,아아------.,좋아!,반응형,sub_0613_9437.1s.jpg,0.02,,,25.0,90.0,50.0,78.0,79.0,0.813,0.0,66.0,0.0,0.0,0.393,허벅지까지 젖었어.,허벅지까지 흠뻑 젖었어.,일본어 원문 대조 + 자연스러운 한국어 대사 교정,49.45,T3,화자·문맥·자연스러움 집중 검토,,95.7004160887656,68.88,P2,앞뒤 5블록·사진·오류 기억을 함께 검토
ABF-196,사진 대조 1차 교정본,326,"01:10:32,650 --> 01:10:37,230",4.58,기분 좋아? 엉덩이도 좋아?,배를 움직여 봐.,"굉장해, 엄청나.",반응형,sub_0326_4232.6s.jpg,0.05,,,25.0,90.0,50.0,78.0,79.0,0.81292,0.0,66.0,0.0,0.0,0.5172,손가락도 엉덩이도 좋아? 이쪽도 빨아 줄까?,손가락도 엉덩이도 좋아? 이쪽도 핥아 줄까?,일본어 원문 대조 + 자연스러운 한국어 대사 교정,49.44,T3,화자·문맥·자연스러움 집중 검토,,95.5617198335645,68.81,P2,앞뒤 5블록·사진·오류 기억을 함께 검토
ABF-196,사진 대조 1차 교정본,380,"01:32:37,960 --> 01:32:45,980",8.02,다리 힘 좀 빼.,여기 더 부드럽네.,응... 기분 좋아.,중립·혼합형,sub_0380_5558.0s.jpg,0.04,,,25.0,90.0,50.0,78.0,79.0,0.81154,0.0,66.0,0.0,0.0,0.3659,빨리 콘돔 빼.,빨리 콘돔 꺼내.,사진 장면 확인 및 한국어 번역투·ASR 오역 교정,49.38,T3,화자·문맥·자연스러움 집중 검토,,95.42302357836338,68.72,P2,앞뒤 5블록·사진·오류 기억을 함께 검토
ABF-196,사진 대조 1차 교정본,258,"00:53:16,080 --> 00:53:51,110",35.03,"장난 아냐, 미치겠어.","윽, 장난 아냐.",대단해.,반응형,sub_0258_3196.1s.jpg,0.02,,,25.0,90.0,50.0,78.0,75.0,0.81229,0.0,66.0,0.0,0.0,0.3622,"노는 거 아냐, 아냐.",갖고 노는 거 아니야.,일본어 원문 대조 + 자연스러운 한국어 대사 교정,49.18,T3,화자·문맥·자연스러움 집중 검토,,95.28432732316227,68.54,P2,앞뒤 5블록·사진·오류 기억을 함께 검토
ABF-196,사진 대조 1차 교정본,199,"00:44:30,200 --> 00:44:36,800",6.6,아... 잠깐만...,조금 더 해 줘.,"하나씩, 하나씩.",반응형,sub_0199_2670.2s.jpg,0.0,,,25.0,90.0,50.0,78.0,75.0,0.69825,26.19,66.0,0.0,0.0,0.8683,잠깐만...,잠깐만…,,49.1,T3,화자·문맥·자연스러움 집중 검토,,95.14563106796116,68.44,P2,앞뒤 5블록·사진·오류 기억을 함께 검토
ABF-196,사진 대조 1차 교정본,216,"00:47:15,560 --> 00:47:15,780",0.22,아- 장난 아냐.,"아-----아, 장난 아냐.",무서워...,반응형,sub_0216_2835.6s.jpg,0.04,,,25.0,90.0,50.0,78.0,75.0,0.64182,0.0,66.0,70.0,0.0,0.4846,"아-----아, 장난 아냐.","아…아, 장난 아냐.",,49.02,T3,화자·문맥·자연스러움 집중 검토,high_cps,95.00693481276005,68.33,P2,앞뒤 5블록·사진·오류 기억을 함께 검토
ABF-196,사진 대조 1차 교정본,569,"02:27:46,390 --> 02:27:47,950",1.56,떨리고 있어... 기분 좋아?,가슴이네.,가슴.,반응형,sub_0569_8866.4s.jpg,0.01,,,25.0,90.0,50.0,78.0,75.0,0.62702,42.0,66.0,0.0,0.0,1.0,떨리고 있어... 기분 좋아?,떨리고 있어… 기분 좋아?,,48.95,T3,화자·문맥·자연스러움 집중 검토,,94.86823855755895,68.24,P2,앞뒤 5블록·사진·오류 기억을 함께 검토
ABF-196,사진 대조 1차 교정본,639,"02:45:59,490 --> 02:46:25,450",25.96,"아-, 굉장해. 아-, 장난 아냐.
아-, 기분 좋아. 더 핥아 줘.",이쪽...,"아-, 기분 좋아. 아-, 기분 좋아.
아-, 기분 좋아...",반말형,sub_0639_9959.5s.jpg,0.01,,,25.0,90.0,50.0,78.0,79.0,0.7528,11.1,66.0,0.0,0.0,0.7425,"아-, 굉장해.",아… 엄청나.,,48.92,T3,화자·문맥·자연스러움 집중 검토,,94.72954230235784,68.16,P2,앞뒤 5블록·사진·오류 기억을 함께 검토
ABF-196,사진 대조 1차 교정본,371,"01:28:42,560 --> 01:28:45,300",2.74,조금만 더 해 줘.,먹어보세요.,수고하셨습니다.,반말형,sub_0371_5322.6s.jpg,0.04,,,25.0,90.0,50.0,78.0,75.0,0.7272,2.76,66.0,0.0,35.0,0.673,조금만 더 해 주세요.,조금만 더 해 줘.,일본어 원문 대조 + 자연스러운 한국어 대사 교정,48.9,T3,화자·문맥·자연스러움 집중 검토,formality_jump,94.52149791955617,68.06,P2,앞뒤 5블록·사진·오류 기억을 함께 검토
ABF-196,사진 대조 1차 교정본,402,"01:39:53,280 --> 01:39:54,700",1.42,술 마시러 갈게...,누워.,술 냄새가 진하게 나.,중립·혼합형,sub_0402_5993.3s.jpg,0.02,,,25.0,90.0,50.0,78.0,75.0,0.62567,42.0,66.0,0.0,0.0,1.0,술 마시러 갈게...,술 마시러 갈게…,,48.9,T3,화자·문맥·자연스러움 집중 검토,,94.52149791955617,68.06,P2,앞뒤 5블록·사진·오류 기억을 함께 검토
ABF-196,사진 대조 1차 교정본,480,"02:07:40,670 --> 02:08:11,520",30.85,눈을 마주치면 더 즐거울지도 몰라.,아...,이제 둘이서 하자.,반말형,sub_0480_7660.7s.jpg,0.03,,,25.0,90.0,50.0,78.0,75.0,0.80186,0.0,66.0,0.0,0.0,0.2989,여기서 잘지도 몰라.,"응, 들어왔어.",일본어 원문 + 타임스탬프 사진 + 장면 연속성,48.74,T3,화자·문맥·자연스러움 집중 검토,,94.31345353675451,67.88,P2,앞뒤 5블록·사진·오류 기억을 함께 검토
ABF-196,사진 대조 1차 교정본,486,"02:08:39,080 --> 02:08:50,800",11.72,조금만 쉬었다가 다시 하자.,괜찮아.,잠깐만 기다려 줘.,중립·혼합형,sub_0486_7719.1s.jpg,0.02,,,25.0,90.0,50.0,78.0,75.0,0.80147,0.0,66.0,0.0,0.0,0.3759,조금만 쉬자.,조금 쉬자.,일본어 원문 대조 + 자연스러운 한국어 대사 교정,48.72,T3,화자·문맥·자연스러움 집중 검토,,94.1747572815534,67.81,P2,앞뒤 5블록·사진·오류 기억을 함께 검토
ABF-196,사진 대조 1차 교정본,139,"00:33:01,710 --> 00:33:05,970",4.26,엄청 축축해졌네...,아-----!,"어이, 어이...",반말형,sub_0139_1981.7s.jpg,0.01,,,25.0,90.0,50.0,78.0,75.0,0.61479,42.0,66.0,0.0,0.0,1.0,엄청 축축해졌네...,엄청 축축해졌네…,,48.44,T3,화자·문맥·자연스러움 집중 검토,,94.03606102635229,67.59,P2,앞뒤 5블록·사진·오류 기억을 함께 검토
ABF-196,사진 대조 1차 교정본,457,"01:58:51,560 --> 01:58:53,280",1.72,이제 좀 쉬자.,잠깐 쉬자.,지금 좀 쉬자.,중립·혼합형,sub_0457_7131.6s.jpg,0.04,,,25.0,90.0,50.0,78.0,75.0,0.67998,25.32,66.0,0.0,0.0,0.861,좀 쉬자.,이제 물에 들어가자.,일본어 원문 + 타임스탬프 사진 + 장면 연속성,48.18,T3,화자·문맥·자연스러움 집중 검토,,93.89736477115119,67.38,P2,앞뒤 5블록·사진·오류 기억을 함께 검토
ABF-196,사진 대조 1차 교정본,145,"00:33:31,140 --> 00:33:32,440",1.3,"자지, 미끈미끈하게 해 줄게.",응?,대단해.,반말형,sub_0145_2011.1s.jpg,0.04,,,25.0,90.0,50.0,78.0,75.0,0.78556,0.0,66.0,0.0,0.0,0.2656,"누나, 기분 좋게 해 줄게.",나도 기분 좋게 해 줄게.,사진 장면 확인 및 한국어 번역투·ASR 오역 교정,48.05,T3,화자·문맥·자연스러움 집중 검토,,93.75866851595008,67.25,P2,앞뒤 5블록·사진·오류 기억을 함께 검토
ABF-196,사진 대조 1차 교정본,169,"00:39:13,500 --> 00:39:15,240",1.74,"순간 어긋났더니, 장난 아냐.",하는 것…,와-.,반응형,sub_0169_2353.5s.jpg,0.0,,,25.0,90.0,50.0,78.0,75.0,0.78275,0.0,66.0,0.0,0.0,0.2578,장난 아냐... 기분 좋아.,장난 아냐… 기분 좋아.,,47.94,T3,화자·문맥·자연스러움 집중 검토,,93.61997226074897,67.13,P2,앞뒤 5블록·사진·오류 기억을 함께 검토
ABF-196,사진 대조 1차 교정본,704,"03:03:48,750 --> 03:03:52,090",3.34,"아~이거구나, 그거구나.",아... 미안해.,아~이거구나.,반응형,sub_0704_11028.8s.jpg,0.05,,,25.0,90.0,50.0,78.0,75.0,0.59938,42.0,66.0,0.0,0.0,1.0,"아~이거구나, 그거구나.","아…이거구나, 그거구나.",,47.79,T3,화자·문맥·자연스러움 집중 검토,,93.48127600554785,66.98,P2,앞뒤 5블록·사진·오류 기억을 함께 검토
ABF-196,사진 대조 1차 교정본,594,"02:31:37,190 --> 02:31:56,540",19.35,세 번째... 첫 번째... 다섯 번째...,"아, 좋아.",잠깐만...,중립·혼합형,sub_0594_9097.2s.jpg,0.01,,,25.0,90.0,50.0,78.0,75.0,0.59724,42.0,66.0,0.0,0.0,1.0,세 번째... 첫 번째... 다섯 번째...,세 번째… 첫 번째… 다섯 번째…,,47.7,T3,화자·문맥·자연스러움 집중 검토,,93.34257975034674,66.87,P2,앞뒤 5블록·사진·오류 기억을 함께 검토
ABF-196,사진 대조 1차 교정본,526,"02:17:02,380 --> 02:17:36,080",33.7,넣을 때는 잘 몰랐어.,직접 느껴 보고 있어.,그때는 많이 나왔어.,반응형,sub_0526_8222.4s.jpg,0.02,,,25.0,90.0,50.0,78.0,79.0,0.76835,0.0,66.0,0.0,0.0,0.2366,자지 안 넣을 거야.,아직은 안 넣을 거야.,손상된 일본어 ASR + 타임스탬프 사진 + 앞뒤 문맥 추론,47.57,T3,화자·문맥·자연스러움 집중 검토,,93.20388349514563,66.74,P2,앞뒤 5블록·사진·오류 기억을 함께 검토
ABF-196,사진 대조 1차 교정본,153,"00:34:41,780 --> 00:34:52,200",10.42,힘 좀 줘 봐.,조금 벌려서.,대단해.,중립·혼합형,sub_0153_2081.8s.jpg,0.02,,,25.0,90.0,50.0,78.0,75.0,0.7619,2.23,66.0,0.0,0.0,0.6686,힘 좀 줘 봐... 제대로 해 봐.,힘 좀 줘 봐… 제대로 해 봐.,,47.46,T3,화자·문맥·자연스러움 집중 검토,,93.06518723994452,66.61,P2,앞뒤 5블록·사진·오류 기억을 함께 검토
ABF-196,사진 대조 1차 교정본,215,"00:47:04,910 --> 00:47:15,060",10.15,"아-----아, 장난 아냐.",기다려...,아- 장난 아냐.,반응형,sub_0215_2824.9s.jpg,0.01,,,25.0,90.0,50.0,78.0,75.0,0.59032,42.0,66.0,0.0,0.0,1.0,"아-----아, 장난 아냐.","아…아, 장난 아냐.",,47.41,T3,화자·문맥·자연스러움 집중 검토,,92.92649098474341,66.53,P2,앞뒤 5블록·사진·오류 기억을 함께 검토
ABF-196,사진 대조 1차 교정본,562,"02:26:27,630 --> 02:26:30,890",3.26,하아…,하아…,하아…,반응형,sub_0562_8787.6s.jpg,0.03,,,25.0,90.0,50.0,78.0,75.0,0.53063,42.0,66.0,0.0,30.0,1.0,하아…,보여 줘.,일본어 원문 + 타임스탬프 사진 + 장면 연속성,47.31,T3,화자·문맥·자연스러움 집중 검토,triple_identical_run,92.7877947295423,66.41,P2,앞뒤 5블록·사진·오류 기억을 함께 검토
ABF-196,사진 대조 1차 교정본,115,"00:29:06,290 --> 00:29:09,790",3.5,아- 굉장해. 엄청 단단해.,이제 그거 붙이고 자지 마.,아까 잠들어 버렸네.,반응형,sub_0115_1746.3s.jpg,0.01,,,25.0,90.0,50.0,78.0,75.0,0.76257,0.0,66.0,0.0,0.0,0.5928,굉장해. 굉장해.,엄청나. 진짜 엄청나.,,47.09,T3,화자·문맥·자연스러움 집중 검토,,92.57975034674064,66.2,P2,앞뒤 5블록·사진·오류 기억을 함께 검토
ABF-196,사진 대조 1차 교정본,497,"02:12:25,160 --> 02:12:27,020",1.86,더 혀 내밀어.,"거기, 거기 해 줘.",네.,반응형,sub_0497_7945.2s.jpg,0.04,,,25.0,90.0,50.0,78.0,79.0,0.75697,0.0,66.0,0.0,0.0,0.5046,엉덩이를 더 내밀어...,엉덩이를 더 내밀어…,,47.09,T3,화자·문맥·자연스러움 집중 검토,,92.57975034674064,66.2,P2,앞뒤 5블록·사진·오류 기억을 함께 검토
ABF-196,사진 대조 1차 교정본,58,"00:19:54,650 --> 00:19:58,350",3.7,힘 좀 줘 봐... 제대로 해 봐.,기분 좋아...,"응, 그대로 해.",반말형,sub_0058_1194.7s.jpg,0.05,,,25.0,90.0,50.0,78.0,75.0,0.58181,42.0,66.0,0.0,0.0,1.0,힘 좀 줘 봐... 제대로 해 봐.,힘 좀 줘 봐… 제대로 해 봐.,,47.06,T3,화자·문맥·자연스러움 집중 검토,,92.37170596393898,66.09,P2,앞뒤 5블록·사진·오류 기억을 함께 검토
ABF-196,사진 대조 1차 교정본,164,"00:38:01,400 --> 00:38:04,880",3.48,"아, 잠깐만...","갈게, 갈게... 멈추질 않네.",잠깐 쉬자.,반응형,sub_0164_2281.4s.jpg,0.0,,,25.0,90.0,50.0,78.0,75.0,0.57917,42.0,66.0,0.0,0.0,1.0,"아, 잠깐만...","아, 잠깐만…",,46.95,T3,화자·문맥·자연스러움 집중 검토,,92.23300970873787,65.97,P2,앞뒤 5블록·사진·오류 기억을 함께 검토
ABF-196,사진 대조 1차 교정본,52,"00:17:52,620 --> 00:17:55,800",3.18,"아, 대단해 대단해. 들어갈게.","아, 잠깐만...",조금 넣어볼까 하고 하는 거야.,반응형,sub_0052_1072.6s.jpg,0.02,,,25.0,90.0,50.0,78.0,75.0,0.75915,0.0,66.0,0.0,0.0,0.5881,대단해.,기분 좋네.,일본어 원문 + 타임스탬프 사진 + 장면 연속성,46.94,T3,화자·문맥·자연스러움 집중 검토,,92.09431345353676,65.9,P2,앞뒤 5블록·사진·오류 기억을 함께 검토
ABF-196,사진 대조 1차 교정본,166,"00:38:29,870 --> 00:38:30,730",0.86,조금만 더...,잠깐 쉬자.,"아, 좋다.",중립·혼합형,sub_0166_2309.9s.jpg,0.03,,,25.0,90.0,50.0,78.0,75.0,0.57776,42.0,66.0,0.0,0.0,1.0,조금만 더...,조금만 더…,,46.89,T3,화자·문맥·자연스러움 집중 검토,,91.95561719833564,65.82,P2,앞뒤 5블록·사진·오류 기억을 함께 검토
ABF-196,사진 대조 1차 교정본,357,"01:20:23,340 --> 01:20:25,740",2.4,모이면 즐거워.,기뻐.,엄청 맛있어.,중립·혼합형,sub_0357_4823.3s.jpg,0.04,,,25.0,90.0,50.0,78.0,75.0,0.7496,0.0,66.0,0.0,0.0,0.2045,"아니, 뜨거워.",몸이 뜨거워.,손상된 일본어 ASR + 타임스탬프 사진 + 앞뒤 문맥 추론,46.54,T3,화자·문맥·자연스러움 집중 검토,,91.81692094313453,65.56,P2,앞뒤 5블록·사진·오류 기억을 함께 검토
ABF-196,사진 대조 1차 교정본,641,"02:46:55,450 --> 02:47:01,910",6.46,나 좀 눕게 해 줘...,"아-, 기분 좋아. 아-, 기분 좋아.
아-, 기분 좋아...","아아, 대단해.",반말형,sub_0641_10015.5s.jpg,0.05,,,25.0,90.0,50.0,78.0,75.0,0.56888,42.0,66.0,0.0,0.0,1.0,나 좀 눕게 해 줘...,나 좀 눕게 해 줘…,,46.51,T3,화자·문맥·자연스러움 집중 검토,,91.67822468793344,65.48,P2,앞뒤 5블록·사진·오류 기억을 함께 검토
ABF-196,사진 대조 1차 교정본,481,"02:08:11,560 --> 02:08:11,960",0.4,이제 둘이서 하자.,눈을 마주치면 더 즐거울지도 몰라.,괜찮아.,중립·혼합형,sub_0481_7691.6s.jpg,0.04,,,25.0,90.0,50.0,78.0,75.0,0.67218,0.0,66.0,30.0,0.0,0.3387,둘이서?,그래.,타임스탬프 사진으로 장면 불일치 확인 후 재복원,46.29,T3,화자·문맥·자연스러움 집중 검토,high_cps,91.53952843273233,65.29,P2,앞뒤 5블록·사진·오류 기억을 함께 검토
ABF-196,사진 대조 1차 교정본,165,"00:38:07,480 --> 00:38:10,200",2.72,잠깐 쉬자.,"아, 잠깐만...",조금만 더...,반응형,sub_0165_2287.5s.jpg,0.02,,,25.0,90.0,50.0,78.0,75.0,0.65019,21.72,66.0,0.0,0.0,0.831,쉬자.,너무 깊이 들어가.,일본어 원문 + 타임스탬프 사진 + 장면 연속성,46.28,T3,화자·문맥·자연스러움 집중 검토,,91.40083217753121,65.23,P2,앞뒤 5블록·사진·오류 기억을 함께 검토
ABF-196,사진 대조 1차 교정본,109,"00:27:57,900 --> 00:28:00,020",2.12,괜찮아.,뭔가 엄청 기뻐.,"좋아, 확실하네.",반응형,sub_0109_1677.9s.jpg,0.0,,,25.0,90.0,50.0,78.0,75.0,0.55906,42.0,66.0,0.0,0.0,1.0,괜찮아.,최고예요.,화면 영문 자막 대조,46.1,T3,화자·문맥·자연스러움 집중 검토,,91.2621359223301,65.07,P2,앞뒤 5블록·사진·오류 기억을 함께 검토
ABF-196,사진 대조 1차 교정본,51,"00:17:42,140 --> 00:17:51,900",9.76,"아, 잠깐만...","봐, 이렇게 하는 거야.","아, 대단해 대단해. 들어갈게.",반응형,sub_0051_1062.1s.jpg,0.04,,,25.0,90.0,50.0,78.0,75.0,0.55871,42.0,66.0,0.0,0.0,1.0,"아, 잠깐만...","아, 잠깐만…",,46.09,T3,화자·문맥·자연스러움 집중 검토,,91.05409153952844,64.97,P2,앞뒤 5블록·사진·오류 기억을 함께 검토
ABF-196,사진 대조 1차 교정본,173,"00:39:40,750 --> 00:39:42,650",1.9,응. 대단해.,조금만 더 해 줘.,"아, 대단해.",반응형,sub_0173_2380.8s.jpg,0.05,,,25.0,90.0,50.0,78.0,75.0,0.64364,22.2,66.0,0.0,0.0,0.835,대단해.,기분 좋네.,일본어 원문 + 타임스탬프 사진 + 장면 연속성,46.09,T3,화자·문맥·자연스러움 집중 검토,,91.05409153952844,64.97,P2,앞뒤 5블록·사진·오류 기억을 함께 검토
ABF-196,사진 대조 1차 교정본,405,"01:40:21,750 --> 01:40:22,430",0.68,"잠깐, 너무 많이 마시지 마.",술 좋아해서 마셨어.,첫 번째야.,반응형,sub_0405_6021.8s.jpg,0.05,,,25.0,90.0,50.0,78.0,75.0,0.67826,0.0,66.0,25.0,0.0,0.3082,하지 마.,잠깐만.,손상된 일본어 ASR + 타임스탬프 사진 + 앞뒤 문맥 추론,46.05,T3,화자·문맥·자연스러움 집중 검토,borderline_cps,90.84604715672677,64.86,P2,앞뒤 5블록·사진·오류 기억을 함께 검토
ABF-196,사진 대조 1차 교정본,392,"01:35:20,660 --> 01:35:22,720",2.06,해 줄 수 있어.,붙이고 있대.,잠깐만...,반응형,sub_0392_5720.7s.jpg,0.04,,,25.0,90.0,50.0,78.0,75.0,0.7374,0.0,66.0,0.0,0.0,0.4712,"응, 입을 수 있어.","응, 정말 잘 어울려.",타임스탬프 사진과 앞뒤 장면으로 대사 기능 복원,46.03,T3,화자·문맥·자연스러움 집중 검토,,90.70735090152566,64.79,P2,앞뒤 5블록·사진·오류 기억을 함께 검토
ABF-196,사진 대조 1차 교정본,458,"01:59:11,320 --> 01:59:13,720",2.4,지금 좀 쉬자.,이제 좀 쉬자.,치킨…,반말형,sub_0458_7151.3s.jpg,0.02,,,25.0,90.0,50.0,78.0,75.0,0.65612,17.81,66.0,0.0,0.0,0.7984,좀 쉬자.,이제 물에 들어가자.,일본어 원문 + 타임스탬프 사진 + 장면 연속성,45.82,T3,화자·문맥·자연스러움 집중 검토,,90.56865464632455,64.61,P2,앞뒤 5블록·사진·오류 기억을 함께 검토
ABF-196,사진 대조 1차 교정본,302,"01:04:17,570 --> 01:04:22,970",5.4,한 번 더. 다시 끼우고 있어.,맛있게 꽉 찼어.,역시 이런 식으로 올라타는 게 좋네.,중립·혼합형,sub_0302_3857.6s.jpg,0.03,,,25.0,90.0,50.0,78.0,75.0,0.73162,0.0,66.0,0.0,0.0,0.4061,끼우고 싶은데.,끼고 싶은데.,일본어 원문 대조 + 자연스러운 한국어 대사 교정,45.79,T3,화자·문맥·자연스러움 집중 검토,,90.42995839112345,64.54,P2,앞뒤 5블록·사진·오류 기억을 함께 검토
ABF-196,사진 대조 1차 교정본,325,"01:10:00,760 --> 01:10:13,410",12.65,배를 움직여 봐.,첫 번째야.,기분 좋아? 엉덩이도 좋아?,중립·혼합형,sub_0325_4200.8s.jpg,0.04,,,25.0,90.0,50.0,78.0,79.0,0.72425,0.0,66.0,0.0,0.0,0.4576,역시 움직여 줄게.,이제 움직여 줄게.,사진 장면 확인 및 한국어 번역투·ASR 오역 교정,45.72,T3,화자·문맥·자연스러움 집중 검토,,90.29126213592234,64.44,P2,앞뒤 5블록·사진·오류 기억을 함께 검토
ABF-196,사진 대조 1차 교정본,587,"02:29:35,660 --> 02:29:47,460",11.8,아빠... 엄마...,원해.,잠깐 기다려.,반응형,sub_0587_8975.7s.jpg,0.04,,,25.0,90.0,50.0,78.0,75.0,0.54862,42.0,66.0,0.0,0.0,1.0,아빠... 엄마...,아빠… 엄마…,,45.66,T3,화자·문맥·자연스러움 집중 검토,,90.15256588072123,64.35,P2,앞뒤 5블록·사진·오류 기억을 함께 검토
ABF-196,사진 대조 1차 교정본,563,"02:27:16,240 --> 02:27:24,660",8.42,하아…,하아…,으응.,반응형,sub_0563_8836.2s.jpg,0.04,,,25.0,90.0,50.0,78.0,75.0,0.54771,42.0,66.0,0.0,0.0,1.0,하아…,보여 줘.,일본어 원문 + 타임스탬프 사진 + 장면 연속성,45.62,T3,화자·문맥·자연스러움 집중 검토,,90.01386962552012,64.27,P2,앞뒤 5블록·사진·오류 기억을 함께 검토
ABF-196,사진 대조 1차 교정본,356,"01:20:04,160 --> 01:20:05,720",1.56,기뻐.,맛있어?,모이면 즐거워.,중립·혼합형,sub_0356_4804.2s.jpg,0.04,,,25.0,90.0,50.0,78.0,75.0,0.54577,42.0,66.0,0.0,0.0,1.0,기뻐.,기쁘다.,일본어 원문 대조 + 자연스러운 한국어 대사 교정,45.54,T3,화자·문맥·자연스러움 집중 검토,,89.80582524271846,64.13,P2,앞뒤 5블록·사진·오류 기억을 함께 검토
ABF-196,사진 대조 1차 교정본,379,"01:32:37,260 --> 01:32:37,960",0.7,여기 더 부드럽네.,아...,다리 힘 좀 빼.,반말형,sub_0379_5557.3s.jpg,0.04,,,25.0,90.0,50.0,78.0,75.0,0.72572,0.0,66.0,0.0,0.0,0.2567,부드럽게...,부드럽게…,,45.54,T3,화자·문맥·자연스러움 집중 검토,,89.80582524271846,64.13,P2,앞뒤 5블록·사진·오류 기억을 함께 검토
ABF-196,사진 대조 1차 교정본,413,"01:42:16,350 --> 01:42:17,670",1.32,네가 옆에 있으면 좋겠어.,괜찮으니까...,계속 네 옆에 있을게.,반응형,sub_0413_6136.4s.jpg,0.05,,,25.0,90.0,50.0,78.0,75.0,0.72422,0.0,66.0,0.0,0.0,0.3118,핥아줬으면 좋겠어...,핥아줬으면 좋겠어…,,45.48,T3,화자·문맥·자연스러움 집중 검토,,89.59778085991678,64.01,P2,앞뒤 5블록·사진·오류 기억을 함께 검토
ABF-196,사진 대조 1차 교정본,367,"01:27:20,180 --> 01:27:20,440",0.26,이쪽 좀 봐.,잠깐만...,안녕하세요.,중립·혼합형,sub_0367_5240.2s.jpg,0.02,,,25.0,90.0,50.0,78.0,75.0,0.66295,0.0,66.0,25.0,0.0,0.4014,엉덩이 좀 봐.,이 유카타 진짜 귀엽네.,일본어 원문 + 타임스탬프 사진 + 장면 연속성,45.4,T3,화자·문맥·자연스러움 집중 검토,borderline_cps,89.45908460471568,63.9,P2,앞뒤 5블록·사진·오류 기억을 함께 검토
ABF-196,사진 대조 1차 교정본,252,"00:51:59,010 --> 00:52:19,860",20.85,"아, 좋아... 안 돼, 안 돼...",대단해.,기분 좋아.,반말형,sub_0252_3119.0s.jpg,0.01,,,25.0,90.0,50.0,78.0,75.0,0.54084,42.0,66.0,0.0,0.0,1.0,"아, 좋아... 안 돼, 안 돼...","아, 좋아… 안 돼, 안 돼…",,45.34,T3,화자·문맥·자연스러움 집중 검토,,89.32038834951457,63.81,P2,앞뒤 5블록·사진·오류 기억을 함께 검토
ABF-196,사진 대조 1차 교정본,310,"01:06:08,770 --> 01:06:18,900",10.13,갈 것 같아도 아직 가면 안 돼.,응응,잠깐만...,중립·혼합형,sub_0310_3968.8s.jpg,0.03,,,25.0,90.0,50.0,78.0,75.0,0.71985,0.0,66.0,0.0,0.0,0.4049,안 돼.,"네, 놀랐어요.",타임스탬프 사진과 앞뒤 장면으로 대사 기능 복원,45.29,T3,화자·문맥·자연스러움 집중 검토,,89.18169209431346,63.72,P2,앞뒤 5블록·사진·오류 기억을 함께 검토
ABF-196,사진 대조 1차 교정본,414,"01:42:20,870 --> 01:42:40,370",19.5,계속 네 옆에 있을게.,네가 옆에 있으면 좋겠어.,아...,반말형,sub_0414_6140.9s.jpg,0.03,,,25.0,90.0,50.0,78.0,75.0,0.71857,0.0,66.0,0.0,0.0,0.1864,그래도 계속 하고 싶어.,그래도 계속하고 싶어.,손상된 일본어 ASR + 타임스탬프 사진 + 앞뒤 문맥 추론,45.24,T3,화자·문맥·자연스러움 집중 검토,,89.04299583911235,63.64,P2,앞뒤 5블록·사진·오류 기억을 함께 검토
ABF-196,사진 대조 1차 교정본,468,"02:04:02,280 --> 02:04:05,080",2.8,이거 간다...,치호치…,"이거, 이거, 이거, 그거, 이거, 그 정도, 그 정도...",중립·혼합형,sub_0468_7442.3s.jpg,0.02,,,25.0,90.0,50.0,78.0,75.0,0.53837,42.0,66.0,0.0,0.0,1.0,이거 간다...,이거 간다…,,45.23,T3,화자·문맥·자연스러움 집중 검토,,88.90429958391124,63.57,P2,앞뒤 5블록·사진·오류 기억을 함께 검토
ABF-196,사진 대조 1차 교정본,705,"03:03:52,150 --> 03:03:54,970",2.82,아~이거구나.,"아~이거구나, 그거구나.",갈게~.,반응형,sub_0705_11032.1s.jpg,0.05,,,25.0,90.0,50.0,78.0,75.0,0.53681,42.0,66.0,0.0,0.0,1.0,아~이거구나.,아…이거구나.,,45.17,T3,화자·문맥·자연스러움 집중 검토,,88.76560332871013,63.48,P2,앞뒤 5블록·사진·오류 기억을 함께 검토
ABF-196,사진 대조 1차 교정본,172,"00:39:38,690 --> 00:39:40,750",2.06,조금만 더 해 줘.,잘했어. 좋아.,응. 대단해.,반말형,sub_0172_2378.7s.jpg,0.01,,,25.0,90.0,50.0,78.0,75.0,0.70478,2.76,66.0,0.0,0.0,0.673,조금만 더 해 주세요.,조금만 더 해 줘.,일본어 원문 대조 + 자연스러운 한국어 대사 교정,45.16,T3,화자·문맥·자연스러움 집중 검토,,88.62690707350902,63.42,P2,앞뒤 5블록·사진·오류 기억을 함께 검토
ABF-196,사진 대조 1차 교정본,364,"01:23:40,600 --> 01:23:41,660",1.06,기분 좋았어?,기분 좋았어?,잠깐만...,반응형,sub_0364_5020.6s.jpg,0.0,,,25.0,90.0,50.0,78.0,75.0,0.71386,0.0,66.0,0.0,0.0,0.2815,안 남았어?,아직 남아 있어?,손상된 일본어 ASR + 타임스탬프 사진 + 앞뒤 문맥 추론,45.04,T3,화자·문맥·자연스러움 집중 검토,,88.4882108183079,63.29,P2,앞뒤 5블록·사진·오류 기억을 함께 검토
ABF-196,사진 대조 1차 교정본,241,"00:49:37,140 --> 00:49:42,400",5.26,"아, 안 돼 안 돼, 닿고 있어.",엉덩이가 닿았어.,"굉장해, 굉장해.",중립·혼합형,sub_0241_2977.1s.jpg,0.04,,,25.0,90.0,50.0,78.0,75.0,0.71235,0.0,66.0,0.0,0.0,0.4585,"아, 좋아... 안 돼, 안 돼...","아, 좋아… 안 돼, 안 돼…",,44.98,T3,화자·문맥·자연스러움 집중 검토,,88.3495145631068,63.2,P2,앞뒤 5블록·사진·오류 기억을 함께 검토
ABF-196,사진 대조 1차 교정본,126,"00:31:20,470 --> 00:31:22,890",2.42,기분 좋습니다.,굉장해.,잠깐만...,존댓말형,sub_0126_1880.5s.jpg,0.03,,,25.0,90.0,50.0,78.0,75.0,0.53208,33.81,66.0,0.0,18.0,0.9317,좋습니다.,좋아요.,,44.93,T3,화자·문맥·자연스러움 집중 검토,formality_shift,88.2108183079057,63.11,P2,앞뒤 5블록·사진·오류 기억을 함께 검토
ABF-196,사진 대조 1차 교정본,596,"02:32:53,500 --> 02:32:55,580",2.08,잠깐 쉬자.,잠깐만...,"아, 거기...",반응형,sub_0596_9173.5s.jpg,0.0,,,25.0,90.0,50.0,78.0,75.0,0.61566,21.72,66.0,0.0,0.0,0.831,쉬자.,너무 깊이 들어가.,일본어 원문 + 타임스탬프 사진 + 장면 연속성,44.83,T3,화자·문맥·자연스러움 집중 검토,,88.07212205270459,62.99,P2,앞뒤 5블록·사진·오류 기억을 함께 검토
ABF-196,사진 대조 1차 교정본,271,"00:59:16,030 --> 00:59:19,150",3.12,조금만 더 기다려 줘.,잠깐만...,잠깐 기다려.,중립·혼합형,sub_0271_3556.0s.jpg,0.03,,,25.0,90.0,50.0,78.0,75.0,0.70637,0.0,66.0,0.0,0.0,0.4992,조금만 기다려요.,잠깐만.,일본어 원문 대조 + 자연스러운 한국어 대사 교정,44.73,T3,화자·문맥·자연스러움 집중 검토,,87.93342579750347,62.88,P2,앞뒤 5블록·사진·오류 기억을 함께 검토
ABF-196,사진 대조 1차 교정본,218,"00:47:25,380 --> 00:47:26,960",1.58,뒤에서 다 보이잖아.,무서워...,대단해.,반응형,sub_0218_2845.4s.jpg,0.02,,,25.0,90.0,50.0,78.0,75.0,0.70524,0.0,66.0,0.0,0.0,0.3264,엄청 실을 늘리고 있어. 팬티가 맛있어 보이잖아...,엄청 실을 늘리고 있어. 팬티가 맛있어 보이잖아…,,44.68,T3,화자·문맥·자연스러움 집중 검토,,87.79472954230236,62.79,P2,앞뒤 5블록·사진·오류 기억을 함께 검토
ABF-196,사진 대조 1차 교정본,532,"02:18:58,490 --> 02:19:06,420",7.93,아직 아파...,아파... 잠깐만.,어떻게 하지...,반응형,sub_0532_8338.5s.jpg,0.01,,,25.0,90.0,50.0,78.0,75.0,0.5249,42.0,66.0,0.0,0.0,1.0,아직 아파...,아직 아파…,,44.67,T3,화자·문맥·자연스러움 집중 검토,,87.65603328710125,62.72,P2,앞뒤 5블록·사진·오류 기억을 함께 검토
ABF-196,사진 대조 1차 교정본,116,"00:29:13,630 --> 00:29:15,010",1.38,아까 잠들어 버렸네.,아- 굉장해. 엄청 단단해.,"아, 장난 아냐.",반응형,sub_0116_1753.6s.jpg,0.03,,,25.0,90.0,50.0,78.0,75.0,0.70446,0.0,66.0,0.0,0.0,0.4211,또 무직이 돼 버렸네.,또 갈 것 같아…,타임스탬프 사진으로 장면 불일치 확인 후 재복원,44.65,T3,화자·문맥·자연스러움 집중 검토,,87.51733703190014,62.65,P2,앞뒤 5블록·사진·오류 기억을 함께 검토
ABF-196,사진 대조 1차 교정본,621,"02:40:45,920 --> 02:40:46,080",0.16,누워.,좋네.,아...,중립·혼합형,sub_0621_9645.9s.jpg,0.02,,,25.0,90.0,50.0,78.0,75.0,0.46355,42.0,66.0,25.0,0.0,1.0,누워.,물 나온다.,,44.59,T3,화자·문맥·자연스러움 집중 검토,borderline_cps,87.37864077669903,62.56,P2,앞뒤 5블록·사진·오류 기억을 함께 검토
ABF-196,사진 대조 1차 교정본,292,"01:03:03,420 --> 01:03:05,620",2.2,"아, 기분 좋아. 기분 좋아?",엄청 단단해졌어,"아, 그거 몇 번이고 먹어 줘.",반응형,sub_0292_3783.4s.jpg,0.02,,,25.0,90.0,50.0,78.0,75.0,0.62883,16.24,66.0,0.0,0.0,0.7854,기분 좋아.,"아, 좋아.",화면 영문 자막 대조,44.39,T3,화자·문맥·자연스러움 집중 검토,,87.23994452149792,62.39,P2,앞뒤 5블록·사진·오류 기억을 함께 검토
ABF-196,사진 대조 1차 교정본,160,"00:36:38,240 --> 00:36:57,920",19.68,"한 번 더, 한 번 더.",엄청 기분 좋아.,"아, 깜짝이야. 들어갔어.",중립·혼합형,sub_0160_2198.2s.jpg,0.04,,,25.0,90.0,50.0,78.0,75.0,0.69741,0.0,66.0,0.0,0.0,0.5105,"한 번 더, 내려와 줘.",조금만 더 내려와 줘.,,44.35,T3,화자·문맥·자연스러움 집중 검토,,87.1012482662968,62.31,P2,앞뒤 5블록·사진·오류 기억을 함께 검토
ABF-196,사진 대조 1차 교정본,161,"00:36:59,060 --> 00:37:14,050",14.99,"아, 깜짝이야. 들어갔어.","한 번 더, 한 번 더.",앗,반응형,sub_0161_2219.1s.jpg,0.04,,,25.0,90.0,50.0,78.0,75.0,0.69666,0.0,66.0,0.0,0.0,0.621,안 들어갔어.,밖 좀 봐봐.,일본어 원문 + 타임스탬프 사진 + 장면 연속성,44.32,T3,화자·문맥·자연스러움 집중 검토,,86.9625520110957,62.23,P2,앞뒤 5블록·사진·오류 기억을 함께 검토
ABF-196,사진 대조 1차 교정본,370,"01:28:07,470 --> 01:28:08,890",1.42,먹어보세요.,먹어보세요.,조금만 더 해 줘.,반응형,sub_0370_5287.5s.jpg,0.03,,,25.0,90.0,50.0,78.0,75.0,0.51622,42.0,66.0,0.0,0.0,1.0,먹어보세요.,먹어 봐.,,44.3,T3,화자·문맥·자연스러움 집중 검토,,86.82385575589458,62.16,P2,앞뒤 5블록·사진·오류 기억을 함께 검토
ABF-196,사진 대조 1차 교정본,217,"00:47:15,780 --> 00:47:16,040",0.26,무서워...,아- 장난 아냐.,뒤에서 다 보이잖아.,중립·혼합형,sub_0217_2835.8s.jpg,0.02,,,25.0,90.0,50.0,78.0,75.0,0.40602,42.0,66.0,45.38,0.0,1.0,무서워...,무서워…,,44.21,T3,화자·문맥·자연스러움 집중 검토,high_cps,86.68515950069347,62.05,P2,앞뒤 5블록·사진·오류 기억을 함께 검토
ABF-196,사진 대조 1차 교정본,537,"02:19:28,700 --> 02:19:40,300",11.6,그거 맛있어...,이거 맛있어.,좋네.,반응형,sub_0537_8368.7s.jpg,0.0,,,25.0,90.0,50.0,78.0,75.0,0.51284,42.0,66.0,0.0,0.0,1.0,그거 맛있어...,그거 맛있어…,,44.16,T3,화자·문맥·자연스러움 집중 검토,,86.54646324549236,61.96,P2,앞뒤 5블록·사진·오류 기억을 함께 검토
ABF-196,사진 대조 1차 교정본,43,"00:15:31,050 --> 00:15:37,950",6.9,힘 빼도 돼?,맛있어.,힘 빼.,중립·혼합형,sub_0043_931.0s.jpg,0.05,,,25.0,90.0,50.0,78.0,79.0,0.68627,0.0,66.0,0.0,0.0,0.3176,더 해줘도 돼?,더 해 줘도 돼?,,44.12,T3,화자·문맥·자연스러움 집중 검토,,86.40776699029125,61.88,P2,앞뒤 5블록·사진·오류 기억을 함께 검토
ABF-196,사진 대조 1차 교정본,600,"02:34:00,080 --> 02:34:02,140",2.06,이제 잠깐 쉬자.,"아, 기분 좋아...",안쪽이 좀 아파서 놀랐네.,반응형,sub_0600_9240.1s.jpg,0.02,,,25.0,90.0,50.0,78.0,75.0,0.64975,9.81,66.0,0.0,0.0,0.7317,쉬자.,너무 깊이 들어가.,일본어 원문 + 타임스탬프 사진 + 장면 연속성,44.11,T3,화자·문맥·자연스러움 집중 검토,,86.26907073509015,61.82,P2,앞뒤 5블록·사진·오류 기억을 함께 검토
ABF-196,사진 대조 1차 교정본,684,"02:57:29,760 --> 02:57:47,040",17.28,"아, 거기에, 거기에, 거기에...",뭐라고 불러야 해?,"아아, 멈출 수가 없어.",반응형,sub_0684_10649.8s.jpg,0.04,,,25.0,90.0,50.0,78.0,75.0,0.51104,42.0,66.0,0.0,0.0,1.0,"아, 거기에, 거기에, 거기에...","아, 거기에, 거기에, 거기에…",,44.08,T3,화자·문맥·자연스러움 집중 검토,,86.13037447988904,61.74,P2,앞뒤 5블록·사진·오류 기억을 함께 검토
ABF-196,사진 대조 1차 교정본,307,"01:05:36,680 --> 01:05:45,860",9.18,첫 번째... 세 번째...,힘 빼.,"으음, 아직 가면 안 돼.",중립·혼합형,sub_0307_3936.7s.jpg,0.02,,,25.0,90.0,50.0,78.0,75.0,0.50969,42.0,66.0,0.0,0.0,1.0,첫 번째... 세 번째...,첫 번째… 세 번째…,,44.03,T3,화자·문맥·자연스러움 집중 검토,,85.99167822468793,61.65,P2,앞뒤 5블록·사진·오류 기억을 함께 검토
ABF-196,사진 대조 1차 교정본,198,"00:44:28,560 --> 00:44:30,200",1.64,조금 더 해 줘.,이것도 그렇게...,아... 잠깐만...,반말형,sub_0198_2668.6s.jpg,0.04,,,25.0,90.0,50.0,78.0,75.0,0.66983,3.95,66.0,0.0,0.0,0.6829,좀 더 해 줘.,보여?,일본어 원문 + 타임스탬프 사진 + 장면 연속성,43.9,T3,화자·문맥·자연스러움 집중 검토,,85.85298196948682,61.52,P2,앞뒤 5블록·사진·오류 기억을 함께 검토
ABF-196,사진 대조 1차 교정본,201,"00:44:51,600 --> 00:44:55,080",3.48,"갈게, 갈게... 한 번 더.","하나씩, 하나씩.","아, 좋아... 한 번 더.",중립·혼합형,sub_0201_2691.6s.jpg,0.0,,,25.0,90.0,50.0,78.0,75.0,0.50545,42.0,66.0,0.0,0.0,1.0,"갈게, 갈게... 한 번 더.","갈게, 갈게… 한 번 더.",,43.85,T3,화자·문맥·자연스러움 집중 검토,,85.71428571428571,61.43,P2,앞뒤 5블록·사진·오류 기억을 함께 검토
ABF-196,사진 대조 1차 교정본,113,"00:28:58,270 --> 00:29:02,610",4.34,으응... 자고 싶어.,"좋아, 더 해 줘.",이제 그거 붙이고 자지 마.,반응형,sub_0113_1738.3s.jpg,0.03,,,25.0,90.0,50.0,78.0,75.0,0.50437,42.0,66.0,0.0,0.0,1.0,으응... 자고 싶어.,으응… 자고 싶어.,,43.8,T3,화자·문맥·자연스러움 집중 검토,,85.5755894590846,61.35,P2,앞뒤 5블록·사진·오류 기억을 함께 검토
ABF-196,사진 대조 1차 교정본,19,"00:10:47,250 --> 00:10:51,470",4.22,수고하셨습니다.,잠깐만...,네.,존댓말형,sub_0019_647.2s.jpg,0.05,,,25.0,90.0,50.0,78.0,75.0,0.36604,66.0,66.0,0.0,18.0,1.0,수고하셨습니다.,[불명],,43.75,T3,화자·문맥·자연스러움 집중 검토,formal_scene_mistranslation;formality_shift,85.43689320388349,61.26,P2,앞뒤 5블록·사진·오류 기억을 함께 검토
ABF-196,사진 대조 1차 교정본,206,"00:46:01,420 --> 00:46:02,580",1.16,조금만 더 할까?,아...,아...,중립·혼합형,sub_0206_2761.4s.jpg,0.02,,,25.0,90.0,50.0,78.0,75.0,0.68247,0.0,66.0,0.0,0.0,0.6473,뭐 할까?,내가 먼저?,일본어 원문 + 타임스탬프 사진 + 장면 연속성,43.72,T3,화자·문맥·자연스러움 집중 검토,,85.29819694868237,61.18,P2,앞뒤 5블록·사진·오류 기억을 함께 검토
ABF-196,사진 대조 1차 교정본,599,"02:33:13,850 --> 02:33:14,890",1.04,"아, 기분 좋아...","아, 거기... 기분 좋아?",이제 잠깐 쉬자.,반응형,sub_0599_9193.9s.jpg,0.05,,,25.0,90.0,50.0,78.0,75.0,0.50201,42.0,66.0,0.0,0.0,1.0,"아, 기분 좋아...","아, 기분 좋아…",,43.7,T3,화자·문맥·자연스러움 집중 검토,,85.15950069348128,61.11,P2,앞뒤 5블록·사진·오류 기억을 함께 검토
ABF-196,사진 대조 1차 교정본,649,"02:49:14,060 --> 02:49:14,220",0.16,"아, 대단해.","아, 잠깐 멈춰.","아, 아, 아, 아.",반응형,sub_0649_10154.1s.jpg,0.04,,,25.0,90.0,50.0,78.0,75.0,0.38035,31.42,66.0,70.0,0.0,0.9118,대단해.,기분 좋네.,일본어 원문 + 타임스탬프 사진 + 장면 연속성,43.69,T3,화자·문맥·자연스러움 집중 검토,high_cps,85.02080443828017,61.05,P2,앞뒤 5블록·사진·오류 기억을 함께 검토
ABF-196,사진 대조 1차 교정본,119,"00:30:05,210 --> 00:30:15,070",9.86,"아, 장난 아냐. 기분 좋아.","아, 장난 아냐.",클리...,반응형,sub_0119_1805.2s.jpg,0.01,,,25.0,90.0,50.0,78.0,75.0,0.67205,2.21,66.0,0.0,0.0,0.6684,장난 아냐... 기분 좋아.,장난 아냐… 기분 좋아.,,43.68,T3,화자·문맥·자연스러움 집중 검토,,84.88210818307905,60.98,P2,앞뒤 5블록·사진·오류 기억을 함께 검토
ABF-196,사진 대조 1차 교정본,699,"03:03:01,960 --> 03:03:04,960",3.0,계속 보고 있어 줘.,그냥 흉내일 뿐이지만.,미안해.,반응형,sub_0699_10982.0s.jpg,0.04,,,25.0,90.0,50.0,78.0,75.0,0.68036,0.0,66.0,0.0,0.0,0.3608,잘 보고 있어...,잘 보고 있어…,,43.64,T3,화자·문맥·자연스러움 집중 검토,,84.74341192787794,60.9,P2,앞뒤 5블록·사진·오류 기억을 함께 검토
ABF-196,사진 대조 1차 교정본,617,"02:38:28,100 --> 02:39:09,430",41.33,그렇게 해 주니까 좋아.,그렇게 해 주니까 좋아.,올려 줘.,반응형,sub_0617_9508.1s.jpg,0.0,,,25.0,90.0,50.0,78.0,75.0,0.67904,0.0,66.0,0.0,0.0,0.3006,"아, 좋아.","아, 들어온다.",,43.58,T3,화자·문맥·자연스러움 집중 검토,,84.60471567267683,60.81,P2,앞뒤 5블록·사진·오류 기억을 함께 검토
ABF-196,사진 대조 1차 교정본,446,"01:51:23,420 --> 01:51:24,900",1.48,다리 내려...,다리 뻗어 줘...,내려 줘.,중립·혼합형,sub_0446_6683.4s.jpg,0.02,,,25.0,90.0,50.0,78.0,75.0,0.49766,42.0,66.0,0.0,0.0,1.0,다리 내려...,다리 내려…,,43.52,T3,화자·문맥·자연스러움 집중 검토,,84.46601941747572,60.72,P2,앞뒤 5블록·사진·오류 기억을 함께 검토
ABF-196,사진 대조 1차 교정본,240,"00:49:33,340 --> 00:49:34,740",1.4,엉덩이가 닿았어.,괜찮아?,"아, 안 돼 안 돼, 닿고 있어.",반응형,sub_0240_2973.3s.jpg,0.04,,,25.0,90.0,50.0,78.0,79.0,0.66975,0.0,66.0,0.0,0.0,0.5697,엄청 깊이 닿았어.,엄청 많이 묻혔네.,,43.43,T3,화자·문맥·자연스러움 집중 검토,,84.32732316227461,60.61,P2,앞뒤 5블록·사진·오류 기억을 함께 검토
ABF-196,사진 대조 1차 교정본,381,"01:32:45,980 --> 01:33:22,400",36.42,응... 기분 좋아.,다리 힘 좀 빼.,"아-, 좋아. 좋아.",반응형,sub_0381_5566.0s.jpg,0.02,,,25.0,90.0,50.0,78.0,75.0,0.49302,42.0,66.0,0.0,0.0,1.0,응... 기분 좋아.,응… 기분 좋아.,,43.33,T3,화자·문맥·자연스러움 집중 검토,,84.1886269070735,60.49,P2,앞뒤 5블록·사진·오류 기억을 함께 검토
ABF-196,사진 대조 1차 교정본,408,"01:41:04,240 --> 01:41:06,760",2.52,양쪽 다 먹어 줘.,너도 먹었지.,욕조에 들어갈게.,반응형,sub_0408_6064.2s.jpg,0.04,,,25.0,90.0,50.0,78.0,75.0,0.672,0.0,66.0,0.0,0.0,0.2479,이어 줘.,이제 둘 다 벗었네.,일본어 원문 + 타임스탬프 사진 + 장면 연속성,43.28,T3,화자·문맥·자연스러움 집중 검토,,84.0499306518724,60.4,P2,앞뒤 5블록·사진·오류 기억을 함께 검토
ABF-196,사진 대조 1차 교정본,38,"00:13:14,140 --> 00:13:15,020",0.88,괜찮아? 먹어볼게.,괜찮아? 먹어볼게.,조금 먹어볼게요.,반응형,sub_0038_794.1s.jpg,0.04,,,25.0,90.0,50.0,78.0,75.0,0.67116,0.0,66.0,0.0,0.0,0.3755,"또, 먹어볼게요.",다시 빨아 볼게요.,손상된 일본어 ASR + 타임스탬프 사진 + 앞뒤 문맥 추론,43.25,T3,화자·문맥·자연스러움 집중 검토,,83.84188626907073,60.3,P2,앞뒤 5블록·사진·오류 기억을 함께 검토
ABF-196,사진 대조 1차 교정본,495,"02:12:05,320 --> 02:12:13,200",7.88,"아, 아, 아, 굉장해. 따뜻한 느낌이야.",네.,"거기, 거기 해 줘.",반말형,sub_0495_7925.3s.jpg,0.02,,,25.0,90.0,50.0,78.0,75.0,0.67124,0.0,66.0,0.0,0.0,0.5633,"아, 굉장해.","아, 엄청나.",,43.25,T3,화자·문맥·자연스러움 집중 검토,,83.84188626907073,60.3,P2,앞뒤 5블록·사진·오류 기억을 함께 검토
ABF-196,사진 대조 1차 교정본,716,"03:05:32,910 --> 03:05:43,330",10.42,"아아, 대단해. 아아, 대단해.","아, 진짜 장난 아냐.","아, 기분 좋아.",반응형,sub_0716_11132.9s.jpg,0.01,,,25.0,90.0,50.0,78.0,75.0,0.60151,16.14,66.0,0.0,0.0,0.7845,대단해.,기분 좋네.,일본어 원문 + 타임스탬프 사진 + 장면 연속성,43.23,T3,화자·문맥·자연스러움 집중 검토,,83.63384188626907,60.2,P2,앞뒤 5블록·사진·오류 기억을 함께 검토
ABF-196,사진 대조 1차 교정본,322,"01:08:55,590 --> 01:08:57,510",1.92,아직 끝난 거 아니야.,기운 차렸네.,막혀 있을 때는...,반응형,sub_0322_4135.6s.jpg,0.01,,,25.0,90.0,50.0,78.0,75.0,0.66971,0.0,66.0,0.0,0.0,0.3159,- 이제 무리야... - 무리 아니야. 조금만 더.,- 이제 무리야… - 무리 아니야. 조금만 더.,,43.19,T3,화자·문맥·자연스러움 집중 검토,,83.49514563106796,60.12,P2,앞뒤 5블록·사진·오류 기억을 함께 검토
ABF-196,사진 대조 1차 교정본,612,"02:36:53,460 --> 02:36:55,240",1.78,아아------.,아아------.,땀까지 나서 흠뻑 젖었어.,반응형,sub_0612_9413.5s.jpg,0.04,,,25.0,90.0,50.0,78.0,75.0,0.48899,42.0,66.0,0.0,0.0,1.0,아아------.,아아…,,43.16,T3,화자·문맥·자연스러움 집중 검토,,83.35644937586684,60.04,P2,앞뒤 5블록·사진·오류 기억을 함께 검토
ABF-196,사진 대조 1차 교정본,140,"00:33:06,590 --> 00:33:08,330",1.74,"어이, 어이...",엄청 축축해졌네...,더 핥아주는 게 좋아?,반응형,sub_0140_1986.6s.jpg,0.01,,,25.0,90.0,50.0,78.0,75.0,0.4876,42.0,66.0,0.0,0.0,1.0,"어이, 어이...","어이, 어이…",,43.1,T3,화자·문맥·자연스러움 집중 검토,,83.21775312066573,59.95,P2,앞뒤 5블록·사진·오류 기억을 함께 검토
ABF-196,사진 대조 1차 교정본,609,"02:36:08,380 --> 02:36:08,820",0.44,가슴도 기분 좋아.,너무 기분 좋아.,우와-.,반응형,sub_0609_9368.4s.jpg,0.02,,,25.0,90.0,50.0,78.0,79.0,0.60167,0.0,66.0,25.0,0.0,0.5532,기분 좋아.,"아, 좋아.",화면 영문 자막 대조,43.07,T3,화자·문맥·자연스러움 집중 검토,borderline_cps,83.00970873786407,59.84,P2,앞뒤 5블록·사진·오류 기억을 함께 검토
ABF-196,사진 대조 1차 교정본,665,"02:53:55,890 --> 02:54:02,320",6.43,배가 좀 아파.,"응, 알겠어.",너무 아파!,반응형,sub_0665_10435.9s.jpg,0.01,,,25.0,90.0,50.0,78.0,75.0,0.5191,34.51,66.0,0.0,0.0,0.9376,배가 아파.,안쪽이 아파.,,43.07,T3,화자·문맥·자연스러움 집중 검토,,83.00970873786407,59.84,P2,앞뒤 5블록·사진·오류 기억을 함께 검토
ABF-196,사진 대조 1차 교정본,177,"00:41:11,590 --> 00:41:11,850",0.26,정말...,"아, 대단해.",앗...,중립·혼합형,sub_0177_2471.6s.jpg,0.01,,,25.0,90.0,50.0,78.0,75.0,0.42714,42.0,66.0,25.0,0.0,1.0,정말...,정말…,,43.06,T3,화자·문맥·자연스러움 집중 검토,borderline_cps,82.80166435506241,59.75,P2,앞뒤 5블록·사진·오류 기억을 함께 검토
ABF-196,사진 대조 1차 교정본,133,"00:32:30,270 --> 00:32:32,730",2.46,첫 번째 시작해.,잠깐만.,두 번째는 좀 쉬어.,반말형,sub_0133_1950.3s.jpg,0.03,,,25.0,90.0,50.0,78.0,75.0,0.66382,0.0,66.0,0.0,0.0,0.2186,"첫 번째 자세에서 네 번째로, 다시 두 번째로 바꿔 봐.",첫 번째 자세에서 네 번째로 다시 두 번째로 바꿔 봐.,,42.94,T3,화자·문맥·자연스러움 집중 검토,,82.6629680998613,59.62,P2,앞뒤 5블록·사진·오류 기억을 함께 검토
ABF-196,사진 대조 1차 교정본,707,"03:04:06,680 --> 03:04:25,380",18.7,그대로 받아 줘. 더 세게 할게.,갈게~.,기분 좋아...,중립·혼합형,sub_0707_11046.7s.jpg,0.02,,,25.0,90.0,50.0,78.0,75.0,0.66262,0.0,66.0,0.0,0.0,0.5059,더 세게 해 줘.,더 세게.,일본어 원문 대조 + 자연스러운 한국어 대사 교정,42.89,T3,화자·문맥·자연스러움 집중 검토,,82.52427184466019,59.54,P2,앞뒤 5블록·사진·오류 기억을 함께 검토
ABF-196,사진 대조 1차 교정본,350,"01:17:17,940 --> 01:17:23,780",5.84,힘 좀 줘.,"응, 좋아.",잠깐만...,중립·혼합형,sub_0350_4637.9s.jpg,0.04,,,25.0,90.0,50.0,78.0,75.0,0.66082,0.0,66.0,0.0,0.0,0.6137,좀 더 해 줘.,보여?,일본어 원문 + 타임스탬프 사진 + 장면 연속성,42.81,T3,화자·문맥·자연스러움 집중 검토,,82.38557558945908,59.43,P2,앞뒤 5블록·사진·오류 기억을 함께 검토
ABF-196,사진 대조 1차 교정본,485,"02:08:25,680 --> 02:08:26,960",1.28,괜찮아.,괜찮아.,조금만 쉬었다가 다시 하자.,반응형,sub_0485_7705.7s.jpg,0.02,,,25.0,90.0,50.0,78.0,75.0,0.48056,42.0,66.0,0.0,0.0,1.0,괜찮아.,최고예요.,화면 영문 자막 대조,42.8,T3,화자·문맥·자연스러움 집중 검토,,82.24687933425797,59.37,P2,앞뒤 5블록·사진·오류 기억을 함께 검토
ABF-196,사진 대조 1차 교정본,21,"00:11:03,490 --> 00:11:05,490",2.0,"자, 다들 여기 봐.",네.,"거기, 거기...",중립·혼합형,sub_0021_663.5s.jpg,0.01,,,25.0,90.0,50.0,78.0,75.0,0.66012,0.0,66.0,0.0,0.0,0.3568,여기 가까이 와 봐.,조금 더 가까이 와 봐.,손상된 일본어 ASR + 타임스탬프 사진 + 앞뒤 문맥 추론,42.79,T3,화자·문맥·자연스러움 집중 검토,,82.10818307905686,59.3,P2,앞뒤 5블록·사진·오류 기억을 함께 검토
ABF-196,사진 대조 1차 교정본,528,"02:17:36,840 --> 02:17:36,980",0.14,배에 있네.,그때는 많이 나왔어.,꽤 춥습니다.,반말형,sub_0528_8256.8s.jpg,0.04,,,25.0,90.0,50.0,78.0,75.0,0.45795,0.0,66.0,70.0,18.0,0.4406,제대로 돼 있네.,제대로 가려지네.,일본어 원문 대조 + 자연스러운 한국어 대사 교정,42.73,T3,화자·문맥·자연스러움 집중 검토,formality_shift;high_cps,81.96948682385575,59.21,P2,앞뒤 5블록·사진·오류 기억을 함께 검토
ABF-196,사진 대조 1차 교정본,320,"01:08:20,560 --> 01:08:38,850",18.29,"그래, 그대로 하면 돼.",끝까지 갔어. 미안해.,기운 차렸네.,중립·혼합형,sub_0320_4100.6s.jpg,0.04,,,25.0,90.0,50.0,78.0,75.0,0.65848,0.0,66.0,0.0,0.0,0.3693,천천히 하면 돼.,천천히 하면 괜찮아.,일본어 원문 대조 + 자연스러운 한국어 대사 교정,42.72,T3,화자·문맥·자연스러움 집중 검토,,81.83079056865465,59.15,P2,앞뒤 5블록·사진·오류 기억을 함께 검토
ABF-196,사진 대조 1차 교정본,487,"02:08:53,760 --> 02:08:55,120",1.36,잠깐만 기다려 줘.,조금만 쉬었다가 다시 하자.,빨리 시작하자.,반응형,sub_0487_7733.8s.jpg,0.04,,,25.0,90.0,50.0,78.0,75.0,0.65765,0.0,66.0,0.0,0.0,0.4391,기다려 주세요...,기다려 주세요…,,42.68,T3,화자·문맥·자연스러움 집중 검토,,81.69209431345354,59.07,P2,앞뒤 5블록·사진·오류 기억을 함께 검토
ABF-196,사진 대조 1차 교정본,114,"00:29:03,110 --> 00:29:04,630",1.52,이제 그거 붙이고 자지 마.,으응... 자고 싶어.,아- 굉장해. 엄청 단단해.,반말형,sub_0114_1743.1s.jpg,0.01,,,25.0,90.0,50.0,78.0,75.0,0.65619,0.0,66.0,0.0,0.0,0.3109,하지 마.,잠깐만.,손상된 일본어 ASR + 타임스탬프 사진 + 앞뒤 문맥 추론,42.62,T3,화자·문맥·자연스러움 집중 검토,,81.55339805825243,58.97,P2,앞뒤 5블록·사진·오류 기억을 함께 검토
ABF-196,사진 대조 1차 교정본,507,"02:13:42,960 --> 02:13:44,540",1.58,엄청 움찔움찔하고 있어.,기분 좋아?,기분 좋아?,반응형,sub_0507_8023.0s.jpg,0.04,,,25.0,90.0,50.0,78.0,75.0,0.6547,0.0,66.0,0.0,0.0,0.2558,계속 움찔거리고 있어.,계속 움찔거리고 있네.,일본어 원문 대조 + 자연스러운 한국어 대사 교정,42.56,T3,화자·문맥·자연스러움 집중 검토,,81.34535367545077,58.85,P2,앞뒤 5블록·사진·오류 기억을 함께 검토
ABF-196,사진 대조 1차 교정본,703,"03:03:46,610 --> 03:03:47,750",1.14,아... 미안해.,미안해.,"아~이거구나, 그거구나.",반응형,sub_0703_11026.6s.jpg,0.01,,,25.0,90.0,50.0,78.0,75.0,0.47472,42.0,66.0,0.0,0.0,1.0,아... 미안해.,아… 미안해.,,42.56,T3,화자·문맥·자연스러움 집중 검토,,81.34535367545077,58.85,P2,앞뒤 5블록·사진·오류 기억을 함께 검토
ABF-196,사진 대조 1차 교정본,50,"00:17:34,570 --> 00:17:39,900",5.33,"봐, 이렇게 하는 거야.","아, 아야...","아, 잠깐만...",반말형,sub_0050_1054.6s.jpg,0.03,,,25.0,90.0,50.0,78.0,75.0,0.65398,0.0,66.0,0.0,0.0,0.4411,나는 이렇게 하는 편이야.,나는 이렇게 만지는 편이야.,손상된 일본어 ASR + 타임스탬프 사진 + 앞뒤 문맥 추론,42.53,T3,화자·문맥·자연스러움 집중 검토,,81.13730929264909,58.75,P2,앞뒤 5블록·사진·오류 기억을 함께 검토
ABF-196,사진 대조 1차 교정본,142,"00:33:14,470 --> 00:33:22,470",8.0,기분 좋아...,더 핥아주는 게 좋아?,대단해!,반응형,sub_0142_1994.5s.jpg,0.03,,,25.0,90.0,50.0,78.0,75.0,0.47334,42.0,66.0,0.0,0.0,1.0,기분 좋아...,기분 좋아…,,42.5,T3,화자·문맥·자연스러움 집중 검토,,80.92926490984743,58.64,P2,앞뒤 5블록·사진·오류 기억을 함께 검토
ABF-196,사진 대조 1차 교정본,456,"01:58:32,060 --> 01:58:34,120",2.06,잠깐 쉬자.,첫 번째야.,이제 좀 쉬자.,반응형,sub_0456_7112.1s.jpg,0.04,,,25.0,90.0,50.0,78.0,75.0,0.56013,21.72,66.0,0.0,0.0,0.831,쉬자.,너무 깊이 들어가.,일본어 원문 + 타임스탬프 사진 + 장면 연속성,42.5,T3,화자·문맥·자연스러움 집중 검토,,80.92926490984743,58.64,P2,앞뒤 5블록·사진·오류 기억을 함께 검토
ABF-196,사진 대조 1차 교정본,102,"00:25:28,270 --> 00:25:30,790",2.52,"빛나고 있어, 뭔가",보너스: 자위 대결,먹어보자.,반응형,sub_0102_1528.3s.jpg,0.03,,,25.0,90.0,50.0,78.0,75.0,0.65287,0.0,66.0,0.0,0.0,0.2491,"신경이 예민해져 있어,",신경이 예민해져 있어,,42.48,T3,화자·문맥·자연스러움 집중 검토,,80.72122052704577,58.54,P2,앞뒤 5블록·사진·오류 기억을 함께 검토
ABF-196,사진 대조 1차 교정본,561,"02:26:25,470 --> 02:26:26,230",0.76,하아…,이제 좀 더 기분 좋게 해도 돼.,하아…,반응형,sub_0561_8785.5s.jpg,0.03,,,25.0,90.0,50.0,78.0,75.0,0.47232,42.0,66.0,0.0,0.0,1.0,하아…,보여 줘.,일본어 원문 + 타임스탬프 사진 + 장면 연속성,42.46,T3,화자·문맥·자연스러움 집중 검토,,80.58252427184466,58.47,P2,앞뒤 5블록·사진·오류 기억을 함께 검토
ABF-196,사진 대조 1차 교정본,604,"02:34:52,940 --> 02:34:53,460",0.52,정말 깊어...,아...,아...,반응형,sub_0604_9292.9s.jpg,0.04,,,25.0,90.0,50.0,78.0,75.0,0.47083,42.0,66.0,0.0,0.0,1.0,정말 깊어...,정말 깊어…,,42.39,T3,화자·문맥·자연스러움 집중 검토,,80.44382801664355,58.37,P2,앞뒤 5블록·사진·오류 기억을 함께 검토
ABF-196,사진 대조 1차 교정본,524,"02:16:48,640 --> 02:16:50,040",1.4,그래도 요즘은...,좋아하는 사람이 해 주고 있어.,직접 느껴 보고 있어.,중립·혼합형,sub_0524_8208.6s.jpg,0.04,,,25.0,90.0,50.0,78.0,75.0,0.46955,42.0,66.0,0.0,0.0,1.0,그래도 요즘은...,그래도 요즘은…,,42.34,T3,화자·문맥·자연스러움 집중 검토,,80.30513176144244,58.29,P2,앞뒤 5블록·사진·오류 기억을 함께 검토
ABF-196,사진 대조 1차 교정본,74,"00:21:23,340 --> 00:21:24,180",0.84,뭔가 조여오고 있어.,눈을 떠.,눈을 떠.,반응형,sub_0074_1283.3s.jpg,0.04,,,25.0,90.0,50.0,78.0,75.0,0.64808,0.0,66.0,0.0,0.0,0.2568,뒤에 있어.,뒤쪽도 보여 줘.,일본어 원문 대조 + 자연스러운 한국어 대사 교정,42.28,T3,화자·문맥·자연스러움 집중 검토,,80.16643550624133,58.19,P2,앞뒤 5블록·사진·오류 기억을 함께 검토
ABF-196,사진 대조 1차 교정본,698,"03:02:20,710 --> 03:02:26,690",5.98,그냥 흉내일 뿐이지만.,"어머, 엄청 좋아.",계속 보고 있어 줘.,반말형,sub_0698_10940.7s.jpg,0.01,,,25.0,90.0,50.0,78.0,75.0,0.64693,0.0,66.0,0.0,0.0,0.0878,하지만...,하지만…,,42.23,T3,화자·문맥·자연스러움 집중 검토,,80.02773925104022,58.11,P2,앞뒤 5블록·사진·오류 기억을 함께 검토
ABF-196,사진 대조 1차 교정본,134,"00:32:33,910 --> 00:32:34,790",0.88,두 번째는 좀 쉬어.,첫 번째 시작해.,쉴 수가 없네.,반응형,sub_0134_1953.9s.jpg,0.01,,,25.0,90.0,50.0,78.0,75.0,0.64295,0.0,66.0,0.0,0.0,0.6432,좀 쉬어.,물 다 받았어.,일본어 원문 + 타임스탬프 사진 + 장면 연속성,42.06,T3,화자·문맥·자연스러움 집중 검토,,79.8890429958391,57.95,P3,말투·질문응답·가독성 위주 검토
ABF-196,사진 대조 1차 교정본,559,"02:24:34,790 --> 02:24:42,250",7.46,네 쪽에 둘게.,아아.,이제 좀 더 기분 좋게 해도 돼.,반말형,sub_0559_8674.8s.jpg,0.01,,,25.0,90.0,50.0,78.0,75.0,0.6421,0.0,66.0,0.0,0.0,0.131,잠깐 시간을 둘게요...,잠깐 시간을 둘게요…,,42.03,T3,화자·문맥·자연스러움 집중 검토,,79.750346740638,57.87,P3,말투·질문응답·가독성 위주 검토
ABF-196,사진 대조 1차 교정본,711,"03:04:42,040 --> 03:04:42,240",0.2,눈 감아.,아...,엉망진창이야.,반응형,sub_0711_11082.0s.jpg,0.04,,,25.0,90.0,50.0,78.0,75.0,0.57044,0.0,66.0,30.0,0.0,0.4033,눈 감아 줄래.,눈 감고 있을게.,일본어 원문 대조 + 자연스러운 한국어 대사 교정,42.02,T3,화자·문맥·자연스러움 집중 검토,high_cps,79.6116504854369,57.81,P3,말투·질문응답·가독성 위주 검토
ABF-196,사진 대조 1차 교정본,101,"00:25:13,830 --> 00:25:25,910",12.08,보너스: 자위 대결,다음은 자위 대결이야.,"빛나고 있어, 뭔가",중립·혼합형,sub_0101_1513.8s.jpg,0.03,,,25.0,90.0,50.0,78.0,75.0,0.64091,0.0,66.0,0.0,0.0,0.1654,보너스 장면은 아직 남아 있어요…,아직 끝난 거 아니야.,타임스탬프 사진과 장면 흐름으로 명백한 오인식 교정,41.98,T3,화자·문맥·자연스러움 집중 검토,,79.47295423023579,57.73,P3,말투·질문응답·가독성 위주 검토
ABF-196,사진 대조 1차 교정본,227,"00:48:16,200 --> 00:48:16,980",0.78,이거 진동 오네.,있었어.,장난 아냐.,반말형,sub_0227_2896.2s.jpg,0.0,,,25.0,90.0,50.0,78.0,75.0,0.63834,0.0,66.0,0.0,0.0,0.2367,이거 예쁘네.,손으로 가리지 마.,일본어 원문 + 타임스탬프 사진 + 장면 연속성,41.87,T3,화자·문맥·자연스러움 집중 검토,,79.33425797503467,57.6,P3,말투·질문응답·가독성 위주 검토
ABF-196,사진 대조 1차 교정본,359,"01:20:41,460 --> 01:20:44,460",3.0,걔 입 안에 싸도 돼.,엄청 맛있어.,걔 입 안에 넣어 줘.,중립·혼합형,sub_0359_4841.5s.jpg,0.04,,,25.0,90.0,50.0,78.0,75.0,0.63768,0.0,66.0,0.0,0.0,0.3686,안 돼.,"네, 놀랐어요.",타임스탬프 사진과 앞뒤 장면으로 대사 기능 복원,41.84,T3,화자·문맥·자연스러움 집중 검토,,79.19556171983356,57.53,P3,말투·질문응답·가독성 위주 검토
ABF-196,사진 대조 1차 교정본,289,"01:02:05,200 --> 01:02:07,140",1.94,직접 만져줬으면 좋겠어.,직접 만져줬으면 해?,"와-, 굉장해",반응형,sub_0289_3725.2s.jpg,0.0,,,25.0,90.0,50.0,78.0,75.0,0.63744,0.0,66.0,0.0,0.0,0.3662,핥아줬으면 좋겠어...,핥아줬으면 좋겠어…,,41.83,T3,화자·문맥·자연스러움 집중 검토,,79.05686546463245,57.47,P3,말투·질문응답·가독성 위주 검토
ABF-196,사진 대조 1차 교정본,534,"02:19:12,860 --> 02:19:14,680",1.82,엄청 맛있어.,어떻게 하지...,대단해.,반응형,sub_0534_8352.9s.jpg,0.04,,,25.0,90.0,50.0,78.0,75.0,0.63618,0.0,66.0,0.0,0.0,0.5625,"음-, 맛있어.",음… 맛있어.,,41.78,T3,화자·문맥·자연스러움 집중 검토,,78.91816920943134,57.38,P3,말투·질문응답·가독성 위주 검토
ABF-196,사진 대조 1차 교정본,154,"00:35:22,920 --> 00:35:24,320",1.4,대단해.,힘 좀 줘 봐.,대단해.,반말형,sub_0154_2122.9s.jpg,0.02,,,25.0,90.0,50.0,78.0,75.0,0.44904,42.0,66.0,0.0,0.0,1.0,대단해.,기분 좋네.,일본어 원문 + 타임스탬프 사진 + 장면 연속성,41.48,T3,화자·문맥·자연스러움 집중 검토,,78.77947295423023,57.15,P3,말투·질문응답·가독성 위주 검토
ABF-196,사진 대조 1차 교정본,527,"02:17:36,080 --> 02:17:36,820",0.74,그때는 많이 나왔어.,넣을 때는 잘 몰랐어.,배에 있네.,반응형,sub_0527_8256.1s.jpg,0.02,,,25.0,90.0,50.0,78.0,75.0,0.62735,0.0,66.0,0.0,0.0,0.2851,나왔어…,"아, 물 나왔어…",,41.41,T3,화자·문맥·자연스러움 집중 검토,,78.57142857142857,57.02,P3,말투·질문응답·가독성 위주 검토
ABF-196,사진 대조 1차 교정본,619,"02:39:38,220 --> 02:39:40,340",2.12,잠깐만 기다려 줘.,올려 줘.,좋네.,반응형,sub_0619_9578.2s.jpg,0.02,,,25.0,90.0,50.0,78.0,75.0,0.62733,0.0,66.0,0.0,0.0,0.4391,기다려 주세요...,기다려 주세요…,,41.41,T3,화자·문맥·자연스러움 집중 검토,,78.57142857142857,57.02,P3,말투·질문응답·가독성 위주 검토
ABF-196,사진 대조 1차 교정본,10,"00:07:34,470 --> 00:07:36,030",1.56,숨을 들이마시세요.,좋아…,"아, 아...",존댓말형,sub_0010_454.5s.jpg,0.03,,,25.0,90.0,50.0,78.0,75.0,0.41244,42.0,66.0,0.0,18.0,1.0,숨을 들이마시세요.,숨 좀 쉬어.,,41.38,T3,화자·문맥·자연스러움 집중 검토,formality_shift,78.36338418862691,56.91,P3,말투·질문응답·가독성 위주 검토
ABF-196,사진 대조 1차 교정본,447,"01:51:28,860 --> 01:51:29,600",0.74,내려 줘.,다리 내려...,잠깐만...,중립·혼합형,sub_0447_6688.9s.jpg,0.04,,,25.0,90.0,50.0,78.0,75.0,0.62623,0.0,66.0,0.0,0.0,0.372,"한 번 더, 내려와 줘.",조금만 더 내려와 줘.,,41.36,T3,화자·문맥·자연스러움 집중 검토,,78.15533980582524,56.81,P3,말투·질문응답·가독성 위주 검토
ABF-196,사진 대조 1차 교정본,696,"03:01:40,110 --> 03:01:42,690",2.58,"어라, 아들...",온몸으로 느끼고 있네.,"어머, 엄청 좋아.",반응형,sub_0696_10900.1s.jpg,0.01,,,25.0,90.0,50.0,78.0,75.0,0.44613,42.0,66.0,0.0,0.0,1.0,"어라, 아들...","어라, 아들…",,41.36,T3,화자·문맥·자연스러움 집중 검토,,78.15533980582524,56.81,P3,말투·질문응답·가독성 위주 검토
ABF-196,사진 대조 1차 교정본,86,"00:23:08,640 --> 00:23:09,020",0.38,기분 좋아...,아...,여기...,반응형,sub_0086_1388.6s.jpg,0.04,,,25.0,90.0,50.0,78.0,75.0,0.38561,42.0,66.0,25.0,0.0,1.0,기분 좋아...,기분 좋아…,,41.32,T3,화자·문맥·자연스러움 집중 검토,borderline_cps,77.87794729542303,56.67,P3,말투·질문응답·가독성 위주 검토
ABF-196,사진 대조 1차 교정본,314,"01:07:20,890 --> 01:07:26,330",5.44,갈게... 갈게...,마음의 소리,첫 번째,중립·혼합형,sub_0314_4040.9s.jpg,0.01,,,25.0,90.0,50.0,78.0,75.0,0.44513,42.0,66.0,0.0,0.0,1.0,갈게... 갈게...,갈게… 갈게…,,41.32,T3,화자·문맥·자연스러움 집중 검토,,77.87794729542303,56.67,P3,말투·질문응답·가독성 위주 검토
ABF-196,사진 대조 1차 교정본,404,"01:40:11,650 --> 01:40:13,490",1.84,술 좋아해서 마셨어.,술 냄새가 진하게 나.,"잠깐, 너무 많이 마시지 마.",반응형,sub_0404_6011.6s.jpg,0.05,,,25.0,90.0,50.0,78.0,75.0,0.62435,0.0,66.0,0.0,0.0,0.1492,유두 좋아해?,젖꼭지 좋아해?,,41.28,T3,화자·문맥·자연스러움 집중 검토,,77.66990291262135,56.56,P3,말투·질문응답·가독성 위주 검토
ABF-196,사진 대조 1차 교정본,306,"01:04:59,590 --> 01:05:07,690",8.1,힘 빼.,좋아하는구나.,첫 번째... 세 번째...,중립·혼합형,sub_0306_3899.6s.jpg,0.01,,,25.0,90.0,50.0,78.0,79.0,0.61832,0.0,66.0,0.0,0.0,0.4365,빨리 콘돔 빼.,빨리 콘돔 꺼내.,사진 장면 확인 및 한국어 번역투·ASR 오역 교정,41.27,T3,화자·문맥·자연스러움 집중 검토,,77.53120665742024,56.5,P3,말투·질문응답·가독성 위주 검토
ABF-196,사진 대조 1차 교정본,330,"01:12:40,550 --> 01:12:41,730",1.18,"아, 그렇게 해.",잠깐만...,그렇게 해.,반응형,sub_0330_4360.6s.jpg,0.05,,,25.0,90.0,50.0,78.0,75.0,0.62197,0.0,66.0,0.0,0.0,0.3674,"아, 아, 아, 아, 아, 아, 아,","아, 아, 아, 아, 아, 아, 아",,41.18,T3,화자·문맥·자연스러움 집중 검토,,77.39251040221914,56.39,P3,말투·질문응답·가독성 위주 검토
ABF-196,사진 대조 1차 교정본,277,"01:00:20,050 --> 01:00:25,930",5.88,여기잖아. 잠깐 쉬고 싶어.,거기가 포인트야.,"아, 벌써 왔네.",반응형,sub_0277_3620.1s.jpg,0.05,,,25.0,90.0,50.0,78.0,75.0,0.61654,0.0,66.0,0.0,0.0,0.3187,넣고 싶어.,빨리 넣고 싶어.,일본어 원문 대조 + 자연스러운 한국어 대사 교정,40.95,T3,화자·문맥·자연스러움 집중 검토,,77.25381414701803,56.2,P3,말투·질문응답·가독성 위주 검토
ABF-196,사진 대조 1차 교정본,12,"00:07:51,390 --> 00:07:52,930",1.54,벌써 끝이 움찔거리고 있어.,"아, 아...",이게 두 번째야.,반응형,sub_0012_471.4s.jpg,0.01,,,25.0,90.0,50.0,78.0,75.0,0.56305,12.4,66.0,0.0,0.0,0.7534,계속 움찔거리고 있어.,계속 움찔거리고 있네.,일본어 원문 대조 + 자연스러운 한국어 대사 교정,40.94,T3,화자·문맥·자연스러움 집중 검토,,77.11511789181692,56.13,P3,말투·질문응답·가독성 위주 검토
ABF-196,사진 대조 1차 교정본,546,"02:21:50,940 --> 02:21:51,640",0.7,아-...,아-...,"아, 대단해. 엄청 단단하게 섰어...",반응형,sub_0546_8510.9s.jpg,0.04,,,25.0,90.0,50.0,78.0,75.0,0.43503,42.0,66.0,0.0,0.0,1.0,아-...,아-…,,40.89,T3,화자·문맥·자연스러움 집중 검토,,76.97642163661581,56.05,P3,말투·질문응답·가독성 위주 검토
ABF-196,사진 대조 1차 교정본,220,"00:47:58,640 --> 00:47:59,960",1.32,이것 좀 봐.,대단해.,이것 좀 봐.,중립·혼합형,sub_0220_2878.6s.jpg,0.04,,,25.0,90.0,50.0,78.0,75.0,0.61373,0.0,66.0,0.0,0.0,0.3931,엉덩이 좀 봐.,이 유카타 진짜 귀엽네.,일본어 원문 + 타임스탬프 사진 + 장면 연속성,40.84,T3,화자·문맥·자연스러움 집중 검토,,76.76837725381415,55.93,P3,말투·질문응답·가독성 위주 검토
ABF-196,사진 대조 1차 교정본,519,"02:15:08,650 --> 02:15:10,850",2.2,더 세게 해 줬으면 해?,더 해 줬으면 해?,뭐가 그렇게 좋아?,반응형,sub_0519_8108.6s.jpg,0.05,,,25.0,90.0,50.0,78.0,75.0,0.61373,0.0,66.0,0.0,0.0,0.5945,기억해 줬으면 해?,"여기, 기억해 줬으면 해요.",사진 장면 확인 및 한국어 번역투·ASR 오역 교정,40.84,T3,화자·문맥·자연스러움 집중 검토,,76.76837725381415,55.93,P3,말투·질문응답·가독성 위주 검토
ABF-196,사진 대조 1차 교정본,45,"00:15:53,400 --> 00:15:54,460",1.06,수고하셨습니다.,힘 빼.,아...,존댓말형,sub_0045_953.4s.jpg,0.0,,,25.0,90.0,50.0,78.0,75.0,0.33049,66.0,66.0,0.0,0.0,1.0,수고하셨습니다.,[불명],,40.82,T3,화자·문맥·자연스러움 집중 검토,formal_scene_mistranslation,76.56033287101248,55.83,P3,말투·질문응답·가독성 위주 검토
ABF-196,사진 대조 1차 교정본,390,"01:35:06,980 --> 01:35:08,460",1.48,멈춰 버릴 것 같아.,"이거, 이거, 이거.",붙이고 있대.,반응형,sub_0390_5707.0s.jpg,0.02,,,25.0,90.0,50.0,78.0,75.0,0.61288,0.0,66.0,0.0,0.0,0.5998,"싸버릴 것 같아, 싸 버릴 것 같아.","싸 버릴 것 같아, 싸 버릴 것 같아.",,40.8,T3,화자·문맥·자연스러움 집중 검토,,76.42163661581137,55.76,P3,말투·질문응답·가독성 위주 검토
ABF-196,사진 대조 1차 교정본,257,"00:52:41,930 --> 00:52:54,370",12.44,"윽, 장난 아냐.",기분 좋아.,"장난 아냐, 미치겠어.",반응형,sub_0257_3161.9s.jpg,0.03,,,25.0,90.0,50.0,78.0,75.0,0.61222,0.0,66.0,0.0,0.0,0.4143,장난 아냐... 기분 좋아.,장난 아냐… 기분 좋아.,,40.77,T3,화자·문맥·자연스러움 집중 검토,,76.28294036061027,55.69,P3,말투·질문응답·가독성 위주 검토
ABF-196,사진 대조 1차 교정본,152,"00:34:40,860 --> 00:34:41,780",0.92,조금 벌려서.,귀여워?,힘 좀 줘 봐.,중립·혼합형,sub_0152_2080.9s.jpg,0.04,,,25.0,90.0,50.0,78.0,75.0,0.60992,0.0,66.0,0.0,0.0,0.2042,조금 쉬세요.,잠깐만.,,40.68,T3,화자·문맥·자연스러움 집중 검토,,76.14424410540916,55.57,P3,말투·질문응답·가독성 위주 검토
ABF-196,사진 대조 1차 교정본,36,"00:12:39,570 --> 00:12:41,490",1.92,"아, 조금 좋아.",전부.,괜찮아? 먹어볼게.,반응형,sub_0036_759.6s.jpg,0.03,,,25.0,90.0,50.0,78.0,75.0,0.5528,12.26,66.0,0.0,0.0,0.7521,"아, 좋아.","아, 들어온다.",,40.48,T3,화자·문맥·자연스러움 집중 검토,,76.00554785020805,55.4,P3,말투·질문응답·가독성 위주 검토
ABF-196,사진 대조 1차 교정본,275,"01:00:09,230 --> 01:00:11,070",1.84,이것도 빨리 먹을 수 있겠네.,또 막혔네.,거기가 포인트야.,반말형,sub_0275_3609.2s.jpg,0.03,,,25.0,90.0,50.0,78.0,75.0,0.60489,0.0,66.0,0.0,0.0,0.3131,이것도 그렇게...,이것도 그렇게…,,40.47,T3,화자·문맥·자연스러움 집중 검토,,75.86685159500693,55.34,P3,말투·질문응답·가독성 위주 검토
ABF-196,사진 대조 1차 교정본,18,"00:10:36,990 --> 00:10:37,170",0.18,잠깐만...,아...,수고하셨습니다.,반응형,sub_0018_637.0s.jpg,0.01,,,25.0,90.0,50.0,78.0,75.0,0.25809,42.0,66.0,70.0,0.0,1.0,잠깐만...,잠깐만…,,40.46,T3,화자·문맥·자연스러움 집중 검토,high_cps,75.72815533980582,55.27,P3,말투·질문응답·가독성 위주 검토
ABF-196,사진 대조 1차 교정본,284,"01:01:31,090 --> 01:01:36,310",5.22,바로 깊숙이 넣을게.,"좋네, 첫 번째야.",좋습니다.,중립·혼합형,sub_0284_3691.1s.jpg,0.01,,,25.0,90.0,50.0,78.0,79.0,0.59845,0.0,66.0,0.0,0.0,0.2248,뜨거운 정액이 안쪽 깊숙이 한꺼번에 쏟아졌다.,뜨거운 정액이 보지 깊숙이 한꺼번에 쏟아졌다.,,40.43,T3,화자·문맥·자연스러움 집중 검토,,75.58945908460471,55.2,P3,말투·질문응답·가독성 위주 검토
ABF-196,사진 대조 1차 교정본,542,"02:21:15,230 --> 02:21:22,330",7.1,저쪽을 좀 봐.,응응!,응-...,중립·혼합형,sub_0542_8475.2s.jpg,0.03,,,25.0,90.0,50.0,78.0,75.0,0.60243,0.0,66.0,0.0,0.0,0.3107,엉덩이 좀 봐.,이 유카타 진짜 귀엽네.,일본어 원문 + 타임스탬프 사진 + 장면 연속성,40.36,T3,화자·문맥·자연스러움 집중 검토,,75.38141470180305,55.07,P3,말투·질문응답·가독성 위주 검토
ABF-196,사진 대조 1차 교정본,616,"02:38:24,320 --> 02:38:27,000",2.68,그렇게 해 주니까 좋아.,먹어줬으면 해?,그렇게 해 주니까 좋아.,반응형,sub_0616_9504.3s.jpg,0.02,,,25.0,90.0,50.0,78.0,75.0,0.6024,0.0,66.0,0.0,0.0,0.3006,"아, 좋아.","아, 들어온다.",,40.36,T3,화자·문맥·자연스러움 집중 검토,,75.38141470180305,55.07,P3,말투·질문응답·가독성 위주 검토
ABF-196,사진 대조 1차 교정본,72,"00:21:20,420 --> 00:21:21,880",1.46,뭔가 조여오고 있어.,응?,눈을 떠.,반응형,sub_0072_1280.4s.jpg,0.02,,,25.0,90.0,50.0,78.0,75.0,0.60014,0.0,66.0,0.0,0.0,0.2568,뒤에 있어.,뒤쪽도 보여 줘.,일본어 원문 대조 + 자연스러운 한국어 대사 교정,40.27,T3,화자·문맥·자연스러움 집중 검토,,75.17337031900139,54.93,P3,말투·질문응답·가독성 위주 검토
ABF-196,사진 대조 1차 교정본,423,"01:44:50,980 --> 01:44:51,700",0.72,조금만 더 힘내.,아...,"어이, 어이.",중립·혼합형,sub_0423_6291.0s.jpg,0.02,,,25.0,90.0,50.0,78.0,75.0,0.59937,0.0,66.0,0.0,0.0,0.4421,조금만 더 해 주세요.,조금만 더 해 줘.,일본어 원문 대조 + 자연스러운 한국어 대사 교정,40.23,T3,화자·문맥·자연스러움 집중 검토,,75.03467406380028,54.85,P3,말투·질문응답·가독성 위주 검토
ABF-196,사진 대조 1차 교정본,99,"00:24:59,630 --> 00:25:10,710",11.08,맛있습니다.,잠깐 쉬자.,다음은 자위 대결이야.,존댓말형,sub_0099_1499.6s.jpg,0.03,,,25.0,90.0,50.0,78.0,75.0,0.38392,42.0,66.0,0.0,18.0,1.0,맛있습니다.,맛있어.,,40.18,T3,화자·문맥·자연스러움 집중 검토,formality_shift,74.89597780859917,54.76,P3,말투·질문응답·가독성 위주 검토
ABF-196,사진 대조 1차 교정본,472,"02:06:29,920 --> 02:06:32,060",2.14,해 보세요.,어떻게 움직이면 돼?,실패했네.,중립·혼합형,sub_0472_7589.9s.jpg,0.02,,,25.0,90.0,50.0,78.0,75.0,0.59746,0.0,66.0,0.0,0.0,0.4671,"네, 아무 생각 말고 평소처럼 해 보세요.","네, 아무 생각하지 말고 평소처럼 해 보세요.",문법 교정,40.15,T3,화자·문맥·자연스러움 집중 검토,,74.75728155339806,54.69,P3,말투·질문응답·가독성 위주 검토
ABF-196,사진 대조 1차 교정본,171,"00:39:26,050 --> 00:39:38,230",12.18,잘했어. 좋아.,와-.,조금만 더 해 줘.,반응형,sub_0171_2366.1s.jpg,0.05,,,25.0,90.0,50.0,78.0,75.0,0.59629,0.0,66.0,0.0,0.0,0.3495,"아, 좋아.","아, 들어온다.",,40.1,T3,화자·문맥·자연스러움 집중 검토,,74.5492371705964,54.57,P3,말투·질문응답·가독성 위주 검토
ABF-196,사진 대조 1차 교정본,695,"03:01:33,940 --> 03:01:38,310",4.37,온몸으로 느끼고 있네.,"아아, 기분 좋아.","어라, 아들...",반응형,sub_0695_10893.9s.jpg,0.04,,,25.0,90.0,50.0,78.0,75.0,0.41622,42.0,66.0,0.0,0.0,1.0,온몸으로 느끼고 있네.,온몸으로 느끼네.,,40.1,T3,화자·문맥·자연스러움 집중 검토,,74.5492371705964,54.57,P3,말투·질문응답·가독성 위주 검토
ABF-196,사진 대조 1차 교정본,270,"00:58:35,320 --> 00:59:16,010",40.69,잠깐만...,아...,조금만 더 기다려 줘.,반응형,sub_0270_3515.3s.jpg,0.02,,,25.0,90.0,50.0,78.0,75.0,0.41584,42.0,66.0,0.0,0.0,1.0,잠깐만...,잠깐만…,,40.09,T3,화자·문맥·자연스러움 집중 검토,,74.27184466019418,54.45,P3,말투·질문응답·가독성 위주 검토
ABF-196,사진 대조 1차 교정본,332,"01:12:59,790 --> 01:13:00,590",0.8,"응, 그렇게 해.",그렇게 해.,아아...,반응형,sub_0332_4379.8s.jpg,0.01,,,25.0,90.0,50.0,78.0,75.0,0.59591,0.0,66.0,0.0,0.0,0.3069,"응, 더...","응, 더…",,40.09,T3,화자·문맥·자연스러움 집중 검토,,74.27184466019418,54.45,P3,말투·질문응답·가독성 위주 검토
ABF-196,사진 대조 1차 교정본,54,"00:19:22,060 --> 00:19:22,880",0.82,먹어보세요.,조금 넣어볼까 하고 하는 거야.,먹어보세요.,반응형,sub_0054_1162.1s.jpg,0.04,,,25.0,90.0,50.0,78.0,75.0,0.41578,42.0,66.0,0.0,0.0,1.0,먹어보세요.,먹어 봐.,,40.08,T3,화자·문맥·자연스러움 집중 검토,,74.06380027739252,54.35,P3,말투·질문응답·가독성 위주 검토
ABF-196,사진 대조 1차 교정본,219,"00:47:36,320 --> 00:47:36,640",0.32,대단해.,뒤에서 다 보이잖아.,이것 좀 봐.,반말형,sub_0219_2856.3s.jpg,0.02,,,25.0,90.0,50.0,78.0,75.0,0.41528,42.0,66.0,0.0,0.0,1.0,대단해.,기분 좋네.,일본어 원문 + 타임스탬프 사진 + 장면 연속성,40.06,T3,화자·문맥·자연스러움 집중 검토,,73.9251040221914,54.28,P3,말투·질문응답·가독성 위주 검토
ABF-196,사진 대조 1차 교정본,221,"00:48:00,120 --> 00:48:00,720",0.6,이것 좀 봐.,이것 좀 봐.,조여 오고 있어.,중립·혼합형,sub_0221_2880.1s.jpg,0.02,,,25.0,90.0,50.0,78.0,75.0,0.59465,0.0,66.0,0.0,0.0,0.3931,엉덩이 좀 봐.,이 유카타 진짜 귀엽네.,일본어 원문 + 타임스탬프 사진 + 장면 연속성,40.04,T3,화자·문맥·자연스러움 집중 검토,,73.7864077669903,54.21,P3,말투·질문응답·가독성 위주 검토
ABF-196,사진 대조 1차 교정본,263,"00:54:40,790 --> 00:54:43,190",2.4,"아아, 미치겠어.",뭔가 말하고 있네.,잔뜩 싸줘.,반응형,sub_0263_3280.8s.jpg,0.01,,,25.0,90.0,50.0,78.0,75.0,0.59396,0.0,66.0,0.0,0.0,0.3147,"아아, 같아.",갈 것 같아.,,40.01,T3,화자·문맥·자연스러움 집중 검토,,73.64771151178918,54.14,P3,말투·질문응답·가독성 위주 검토
ABF-196,사진 대조 1차 교정본,403,"01:40:06,960 --> 01:40:11,510",4.55,술 냄새가 진하게 나.,술 마시러 갈게...,술 좋아해서 마셨어.,중립·혼합형,sub_0403_6007.0s.jpg,0.04,,,25.0,90.0,50.0,78.0,75.0,0.59348,0.0,66.0,0.0,0.0,0.2637,"싫다면서, 너 어린 딸 냄새가 나잖아.",젊은 애 냄새가 나잖아.,,39.99,T3,화자·문맥·자연스러움 집중 검토,,73.50901525658807,54.07,P3,말투·질문응답·가독성 위주 검토
ABF-196,사진 대조 1차 교정본,690,"03:00:31,110 --> 03:00:38,430",7.32,"아아, 거기... 기분 좋아.",아...,아아...,반응형,sub_0690_10831.1s.jpg,0.01,,,25.0,90.0,50.0,78.0,75.0,0.41282,42.0,66.0,0.0,0.0,1.0,"아아, 거기... 기분 좋아.","아아, 거기… 기분 좋아.",,39.96,T3,화자·문맥·자연스러움 집중 검토,,73.37031900138696,53.99,P3,말투·질문응답·가독성 위주 검토
ABF-196,사진 대조 1차 교정본,503,"02:13:18,060 --> 02:13:19,560",1.5,엄청 기분 좋구나.,기분 좋아?,기분 좋아?,중립·혼합형,sub_0503_7998.1s.jpg,0.04,,,25.0,90.0,50.0,78.0,75.0,0.59074,0.0,66.0,0.0,0.0,0.2338,섰구나.,"응, 쭉 폈어.",일본어 원문 대조 + 자연스러운 한국어 대사 교정,39.87,T3,화자·문맥·자연스러움 집중 검토,,73.23162274618585,53.88,P3,말투·질문응답·가독성 위주 검토
ABF-196,사진 대조 1차 교정본,288,"01:02:03,220 --> 01:02:04,940",1.72,직접 만져줬으면 해?,장난 아냐,직접 만져줬으면 좋겠어.,반응형,sub_0288_3723.2s.jpg,0.02,,,25.0,90.0,50.0,78.0,75.0,0.59044,0.0,66.0,0.0,0.0,0.3169,기억해 줬으면 해?,"여기, 기억해 줬으면 해요.",사진 장면 확인 및 한국어 번역투·ASR 오역 교정,39.86,T3,화자·문맥·자연스러움 집중 검토,,73.02357836338419,53.79,P3,말투·질문응답·가독성 위주 검토
ABF-196,사진 대조 1차 교정본,293,"01:03:05,900 --> 01:03:08,560",2.66,"아, 그거 몇 번이고 먹어 줘.","아, 기분 좋아. 기분 좋아?","아, 기분 좋아?",중립·혼합형,sub_0293_3785.9s.jpg,0.0,,,25.0,90.0,50.0,78.0,75.0,0.59037,0.0,66.0,0.0,0.0,0.5099,"몇 번이고, 몇 번이고 가라.",이번엔 내가 핥아 줄게.,화면 영문 자막 대조,39.86,T3,화자·문맥·자연스러움 집중 검토,,73.02357836338419,53.79,P3,말투·질문응답·가독성 위주 검토
ABF-196,사진 대조 1차 교정본,327,"01:10:58,350 --> 01:10:59,230",0.88,"굉장해, 엄청나.",기분 좋아? 엉덩이도 좋아?,숨을 들이마시세요.,반말형,sub_0327_4258.4s.jpg,0.05,,,25.0,90.0,50.0,78.0,75.0,0.58919,0.0,66.0,0.0,0.0,0.2897,굉장해. 굉장해.,엄청나. 진짜 엄청나.,,39.81,T3,화자·문맥·자연스러움 집중 검토,,72.81553398058253,53.67,P3,말투·질문응답·가독성 위주 검토
ABF-196,사진 대조 1차 교정본,597,"02:32:57,680 --> 02:32:58,760",1.08,"아, 거기...",잠깐 쉬자.,"아, 거기... 기분 좋아?",반응형,sub_0597_9177.7s.jpg,0.02,,,25.0,90.0,50.0,78.0,75.0,0.4091,42.0,66.0,0.0,0.0,1.0,"아, 거기...","아, 거기…",,39.8,T3,화자·문맥·자연스러움 집중 검토,,72.67683772538142,53.61,P3,말투·질문응답·가독성 위주 검토
ABF-196,사진 대조 1차 교정본,552,"02:22:07,200 --> 02:22:09,420",2.22,응-...,아-...,잠깐만...,반응형,sub_0552_8527.2s.jpg,0.0,,,25.0,90.0,50.0,78.0,75.0,0.4086,42.0,66.0,0.0,0.0,1.0,응-...,응-…,,39.78,T3,화자·문맥·자연스러움 집중 검토,,72.5381414701803,53.54,P3,말투·질문응답·가독성 위주 검토
ABF-196,사진 대조 1차 교정본,49,"00:17:04,880 --> 00:17:06,120",1.24,"아, 아야...","아아아... 아, 아...","봐, 이렇게 하는 거야.",반응형,sub_0049_1024.9s.jpg,0.02,,,25.0,90.0,50.0,78.0,75.0,0.40838,42.0,66.0,0.0,0.0,1.0,"아, 아야...","아, 아야…",,39.77,T3,화자·문맥·자연스러움 집중 검토,,72.3994452149792,53.47,P3,말투·질문응답·가독성 위주 검토
ABF-196,사진 대조 1차 교정본,668,"02:54:08,180 --> 02:54:08,440",0.26,배가 아파.,정말 아파.,배가 너무 아파.,반응형,sub_0668_10448.2s.jpg,0.02,,,25.0,90.0,50.0,78.0,75.0,0.34599,42.0,66.0,25.0,0.0,1.0,배가 아파.,안쪽이 아파.,,39.65,T3,화자·문맥·자연스러움 집중 검토,borderline_cps,72.26074895977808,53.35,P3,말투·질문응답·가독성 위주 검토
ABF-196,사진 대조 1차 교정본,147,"00:33:57,600 --> 00:33:59,360",1.76,잔뜩 훑어주고 싶어.,대단해.,안 와?,반응형,sub_0147_2037.6s.jpg,0.0,,,25.0,90.0,50.0,78.0,75.0,0.58436,0.0,66.0,0.0,0.0,0.3237,넣고 싶어.,빨리 넣고 싶어.,일본어 원문 대조 + 자연스러운 한국어 대사 교정,39.6,T3,화자·문맥·자연스러움 집중 검토,,72.12205270457697,53.26,P3,말투·질문응답·가독성 위주 검토
ABF-196,사진 대조 1차 교정본,365,"01:26:25,140 --> 01:26:26,560",1.42,잠깐만...,기분 좋았어?,잠깐만...,반응형,sub_0365_5185.1s.jpg,0.04,,,25.0,90.0,50.0,78.0,75.0,0.4037,42.0,66.0,0.0,0.0,1.0,잠깐만...,잠깐만…,,39.58,T3,화자·문맥·자연스러움 집중 검토,,71.98335644937586,53.19,P3,말투·질문응답·가독성 위주 검토
ABF-196,사진 대조 1차 교정본,122,"00:30:31,950 --> 00:30:45,170",13.22,대단해. 기분 좋아.,"아, 기분 좋아.",정말 뜨거워.,반응형,sub_0122_1832.0s.jpg,0.05,,,25.0,90.0,50.0,78.0,75.0,0.51586,15.77,66.0,0.0,0.0,0.7814,대단해.,기분 좋네.,일본어 원문 + 타임스탬프 사진 + 장면 연속성,39.56,T3,화자·문맥·자연스러움 집중 검토,,71.7753120665742,53.09,P3,말투·질문응답·가독성 위주 검토
ABF-196,사진 대조 1차 교정본,317,"01:07:39,550 --> 01:07:41,110",1.56,"응, 갈게...",응?,소리 참아.,반응형,sub_0317_4059.6s.jpg,0.05,,,25.0,90.0,50.0,78.0,75.0,0.40333,42.0,66.0,0.0,0.0,1.0,"응, 갈게...","응, 갈게…",,39.56,T3,화자·문맥·자연스러움 집중 검토,,71.7753120665742,53.09,P3,말투·질문응답·가독성 위주 검토
ABF-196,사진 대조 1차 교정본,265,"00:54:54,870 --> 00:54:56,050",1.18,소리가 났어.,잔뜩 싸줘.,입에 싸줘.,반응형,sub_0265_3294.9s.jpg,0.03,,,25.0,90.0,50.0,78.0,75.0,0.58294,0.0,66.0,0.0,0.0,0.4367,소리가 다 들려.,소리가 다 들리네.,손상된 일본어 ASR + 타임스탬프 사진 + 앞뒤 문맥 추론,39.54,T3,화자·문맥·자연스러움 집중 검토,,71.56726768377254,52.99,P3,말투·질문응답·가독성 위주 검토
ABF-196,사진 대조 1차 교정본,669,"02:54:08,640 --> 02:54:10,000",1.36,배가 너무 아파.,배가 아파.,많이 아파?,반응형,sub_0669_10448.6s.jpg,0.04,,,25.0,90.0,50.0,78.0,75.0,0.47249,25.25,66.0,0.0,0.0,0.8604,배가 아파.,안쪽이 아파.,,39.45,T3,화자·문맥·자연스러움 집중 검토,,71.42857142857143,52.88,P3,말투·질문응답·가독성 위주 검토
ABF-196,사진 대조 1차 교정본,715,"03:05:05,350 --> 03:05:08,490",3.14,"아, 진짜 장난 아냐.",가자.,"아아, 대단해. 아아, 대단해.",반응형,sub_0715_11105.4s.jpg,0.05,,,25.0,90.0,50.0,78.0,75.0,0.58027,0.0,66.0,0.0,0.0,0.441,"아-----아, 장난 아냐.","아…아, 장난 아냐.",,39.43,T3,화자·문맥·자연스러움 집중 검토,,71.28987517337032,52.81,P3,말투·질문응답·가독성 위주 검토
ABF-196,사진 대조 1차 교정본,175,"00:40:17,520 --> 00:40:30,680",13.16,"아, 좋아.","아, 대단해.","아, 대단해.",반응형,sub_0175_2417.5s.jpg,0.02,,,25.0,90.0,50.0,78.0,75.0,0.40009,42.0,66.0,0.0,0.0,1.0,"아, 좋아.","아, 들어온다.",,39.42,T3,화자·문맥·자연스러움 집중 검토,,71.15117891816921,52.75,P3,말투·질문응답·가독성 위주 검토
ABF-196,사진 대조 1차 교정본,492,"02:09:39,320 --> 02:09:39,660",0.34,하아-.,하아-.,곤란해?,반응형,sub_0492_7779.3s.jpg,0.02,,,25.0,90.0,50.0,78.0,75.0,0.57974,0.0,66.0,0.0,0.0,0.1978,아-...,아-…,,39.41,T3,화자·문맥·자연스러움 집중 검토,,71.0124826629681,52.68,P3,말투·질문응답·가독성 위주 검토
ABF-196,사진 대조 1차 교정본,675,"02:56:05,550 --> 02:56:06,670",1.12,"아, 굉장해.",해 줬어.,"아, 굉장해.",반응형,sub_0675_10565.5s.jpg,0.05,,,25.0,90.0,50.0,78.0,75.0,0.39885,42.0,66.0,0.0,0.0,1.0,"아, 굉장해.","아, 엄청나.",,39.37,T3,화자·문맥·자연스러움 집중 검토,,70.87378640776699,52.6,P3,말투·질문응답·가독성 위주 검토
ABF-196,사진 대조 1차 교정본,455,"01:57:35,400 --> 01:57:36,200",0.8,첫 번째야.,우와아아...!,잠깐 쉬자.,반말형,sub_0455_7055.4s.jpg,0.0,,,25.0,90.0,50.0,78.0,75.0,0.543,8.22,66.0,0.0,0.0,0.7185,"자, 두 번째야.","자, 이번엔 두 번째야.",사진 장면 확인 및 한국어 번역투 교정,39.35,T3,화자·문맥·자연스러움 집중 검토,,70.73509015256589,52.53,P3,말투·질문응답·가독성 위주 검토
ABF-196,사진 대조 1차 교정본,159,"00:36:15,470 --> 00:36:18,890",3.42,엄청 기분 좋아.,하나 더.,"한 번 더, 한 번 더.",반응형,sub_0159_2175.5s.jpg,0.03,,,25.0,90.0,50.0,78.0,75.0,0.5161,14.24,66.0,0.0,0.0,0.7687,기분 좋아.,"아, 좋아.",화면 영문 자막 대조,39.3,T3,화자·문맥·자연스러움 집중 검토,,70.59639389736478,52.44,P3,말투·질문응답·가독성 위주 검토
ABF-196,사진 대조 1차 교정본,598,"02:33:09,030 --> 02:33:10,990",1.96,"아, 거기... 기분 좋아?","아, 거기...","아, 기분 좋아...",반응형,sub_0598_9189.0s.jpg,0.03,,,25.0,90.0,50.0,78.0,75.0,0.39667,42.0,66.0,0.0,0.0,1.0,"아, 거기... 기분 좋아?","아, 거기… 기분 좋아?",,39.28,T3,화자·문맥·자연스러움 집중 검토,,70.45769764216367,52.37,P3,말투·질문응답·가독성 위주 검토
ABF-196,사진 대조 1차 교정본,366,"01:26:28,100 --> 01:26:28,880",0.78,잠깐만...,잠깐만...,이쪽 좀 봐.,반응형,sub_0366_5188.1s.jpg,0.0,,,25.0,90.0,50.0,78.0,75.0,0.39635,42.0,66.0,0.0,0.0,1.0,잠깐만...,잠깐만…,,39.27,T3,화자·문맥·자연스러움 집중 검토,,70.31900138696255,52.31,P3,말투·질문응답·가독성 위주 검토
ABF-196,사진 대조 1차 교정본,362,"01:22:37,420 --> 01:22:40,700",3.28,춥네요~,"추워, 너무 추워.",기분 좋았어?,반말형,sub_0362_4957.4s.jpg,0.02,,,25.0,90.0,50.0,78.0,75.0,0.39519,42.0,66.0,0.0,0.0,1.0,춥네요~,춥네요…,,39.22,T3,화자·문맥·자연스러움 집중 검토,,70.18030513176144,52.22,P3,말투·질문응답·가독성 위주 검토
ABF-196,사진 대조 1차 교정본,2,"00:05:01,080 --> 00:05:02,400",1.32,응...,아...,잠깐만...,반응형,sub_0002_301.1s.jpg,0.02,,,25.0,90.0,50.0,78.0,75.0,0.39346,42.0,66.0,0.0,0.0,1.0,응...,응…,,39.15,T3,화자·문맥·자연스러움 집중 검토,,70.04160887656033,52.12,P3,말투·질문응답·가독성 위주 검토
ABF-196,사진 대조 1차 교정본,131,"00:32:19,130 --> 00:32:20,350",1.22,굉장해.,"이거, 이거.",잠깐만.,반말형,sub_0131_1939.1s.jpg,0.03,,,25.0,90.0,50.0,78.0,75.0,0.39336,42.0,66.0,0.0,0.0,1.0,굉장해. 굉장해.,엄청나. 진짜 엄청나.,,39.14,T3,화자·문맥·자연스러움 집중 검토,,69.90291262135922,52.06,P3,말투·질문응답·가독성 위주 검토
ABF-196,사진 대조 1차 교정본,278,"01:00:25,930 --> 01:00:34,510",8.58,"아, 벌써 왔네.",여기잖아. 잠깐 쉬고 싶어.,잠깐만...,반응형,sub_0278_3625.9s.jpg,0.03,,,25.0,90.0,50.0,78.0,75.0,0.57283,0.0,66.0,0.0,0.0,0.2866,"아, 아, 아, 아, 아, 아, 아,","아, 아, 아, 아, 아, 아, 아",,39.12,T3,화자·문맥·자연스러움 집중 검토,,69.76421636615811,51.99,P3,말투·질문응답·가독성 위주 검토
ABF-196,사진 대조 1차 교정본,44,"00:15:48,420 --> 00:15:49,520",1.1,힘 빼.,힘 빼도 돼?,수고하셨습니다.,중립·혼합형,sub_0044_948.4s.jpg,0.02,,,25.0,90.0,50.0,78.0,79.0,0.56658,0.0,66.0,0.0,0.0,0.4365,빨리 콘돔 빼.,빨리 콘돔 꺼내.,사진 장면 확인 및 한국어 번역투·ASR 오역 교정,39.1,T3,화자·문맥·자연스러움 집중 검토,,69.62552011095701,51.92,P3,말투·질문응답·가독성 위주 검토
ABF-196,사진 대조 1차 교정본,69,"00:20:54,730 --> 00:20:55,970",1.24,그거 장난 아냐.,기분 좋아.,"무서워, 무서워.",반응형,sub_0069_1254.7s.jpg,0.03,,,25.0,90.0,50.0,78.0,75.0,0.57199,0.0,66.0,0.0,0.0,0.4492,장난 아냐... 기분 좋아.,장난 아냐… 기분 좋아.,,39.08,T3,화자·문맥·자연스러움 집중 검토,,69.4868238557559,51.85,P3,말투·질문응답·가독성 위주 검토
ABF-196,사진 대조 1차 교정본,305,"01:04:34,050 --> 01:04:35,030",0.98,좋아하는구나.,대단해.,힘 빼.,반응형,sub_0305_3874.1s.jpg,0.05,,,25.0,90.0,50.0,78.0,75.0,0.49515,17.6,66.0,0.0,0.0,0.7966,하늘색 좋아하는구나.,이야…,일본어 원문 + 타임스탬프 사진 + 장면 연속성,39.02,T3,화자·문맥·자연스러움 집중 검토,,69.27877947295423,51.73,P3,말투·질문응답·가독성 위주 검토
ABF-196,사진 대조 1차 교정본,465,"02:03:05,010 --> 02:03:05,590",0.58,그리고 마무리해 줘.,제대로 해 보자.,응. 응. 응.,반말형,sub_0465_7385.0s.jpg,0.01,,,25.0,90.0,50.0,78.0,75.0,0.5705,0.0,66.0,0.0,0.0,0.3392,그리고 유두.,그리고 젖꼭지도.,,39.02,T3,화자·문맥·자연스러움 집중 검토,,69.27877947295423,51.73,P3,말투·질문응답·가독성 위주 검토
ABF-196,사진 대조 1차 교정본,478,"02:07:15,220 --> 02:07:27,100",11.88,"멍, 멍, 멍...",기다리고 있을게.,아...,중립·혼합형,sub_0478_7635.2s.jpg,0.02,,,25.0,90.0,50.0,78.0,75.0,0.3881,42.0,66.0,0.0,0.0,1.0,"멍, 멍, 멍...","멍, 멍, 멍…",,38.92,T3,화자·문맥·자연스러움 집중 검토,,69.07073509015257,51.58,P3,말투·질문응답·가독성 위주 검토
ABF-196,사진 대조 1차 교정본,16,"00:08:50,540 --> 00:08:51,800",1.26,배가 아파.,배가 아파.,아...,반응형,sub_0016_530.5s.jpg,0.04,,,25.0,90.0,50.0,78.0,75.0,0.38659,42.0,66.0,0.0,0.0,1.0,배가 아파.,안쪽이 아파.,,38.86,T3,화자·문맥·자연스러움 집중 검토,,68.86269070735091,51.46,P3,말투·질문응답·가독성 위주 검토
ABF-196,사진 대조 1차 교정본,417,"01:43:36,580 --> 01:43:37,820",1.24,기분 좋습니다.,너 말이야...,아...,존댓말형,sub_0417_6216.6s.jpg,0.02,,,25.0,90.0,50.0,78.0,75.0,0.38744,33.81,66.0,0.0,18.0,0.9317,좋습니다.,좋아요.,,38.86,T3,화자·문맥·자연스러움 집중 검토,formality_shift,68.86269070735091,51.46,P3,말투·질문응답·가독성 위주 검토
ABF-196,사진 대조 1차 교정본,290,"01:02:10,780 --> 01:02:12,780",2.0,"와-, 굉장해",직접 만져줬으면 좋겠어.,엄청 단단해졌어,반말형,sub_0290_3730.8s.jpg,0.02,,,25.0,90.0,50.0,78.0,75.0,0.56623,0.0,66.0,0.0,0.0,0.3365,"아-, 굉장해.",아… 엄청나.,,38.84,T3,화자·문맥·자연스러움 집중 검토,,68.58529819694868,51.33,P3,말투·질문응답·가독성 위주 검토
ABF-196,사진 대조 1차 교정본,409,"01:41:10,300 --> 01:41:12,180",1.88,욕조에 들어갈게.,양쪽 다 먹어 줘.,욕조에 들어와.,반응형,sub_0409_6070.3s.jpg,0.0,,,25.0,90.0,50.0,78.0,75.0,0.56624,0.0,66.0,0.0,0.0,0.2703,세 번째 자세로 넘어갈게.,이번엔 입으로 해 줘.,타임스탬프 사진과 장면 흐름으로 명백한 오인식 교정,38.84,T3,화자·문맥·자연스러움 집중 검토,,68.58529819694868,51.33,P3,말투·질문응답·가독성 위주 검토
ABF-196,사진 대조 1차 교정본,589,"02:30:24,400 --> 02:30:26,300",1.9,잠깐 기다려.,잠깐 기다려.,엄청 힘들어져.,반응형,sub_0589_9024.4s.jpg,0.0,,,25.0,90.0,50.0,78.0,75.0,0.56408,0.0,66.0,0.0,0.0,0.5124,기다려...,기다려…,,38.75,T3,화자·문맥·자연스러움 집중 검토,,68.37725381414702,51.19,P3,말투·질문응답·가독성 위주 검토
ABF-196,사진 대조 1차 교정본,308,"01:05:46,260 --> 01:06:01,540",15.28,"으음, 아직 가면 안 돼.",첫 번째... 세 번째...,응응,반응형,sub_0308_3946.3s.jpg,0.04,,,25.0,90.0,50.0,78.0,75.0,0.5638,0.0,66.0,0.0,0.0,0.4826,"으음, 으음...","으음, 으음…",,38.74,T3,화자·문맥·자연스러움 집중 검토,,68.16920943134535,51.1,P3,말투·질문응답·가독성 위주 검토
ABF-196,사진 대조 1차 교정본,637,"02:45:16,510 --> 02:45:20,350",3.84,기분 좋아... 숨이 가빠.,"아아, 기분 좋아.",이쪽...,반응형,sub_0637_9916.5s.jpg,0.01,,,25.0,90.0,50.0,78.0,75.0,0.38376,42.0,66.0,0.0,0.0,1.0,기분 좋아... 숨이 가빠.,기분 좋아… 숨이 가빠.,,38.74,T3,화자·문맥·자연스러움 집중 검토,,68.16920943134535,51.1,P3,말투·질문응답·가독성 위주 검토
ABF-196,사진 대조 1차 교정본,355,"01:19:19,900 --> 01:19:31,320",11.42,맛있어?,확실히 전보다 더 커졌어.,기뻐.,반응형,sub_0355_4759.9s.jpg,0.0,구강 성행위 장면과 대사 기능으로 교정,중간,38.0,90.0,50.0,78.0,62.0,0.65061,0.0,48.0,0.0,0.0,0.3287,맛있어...,맛있어…,,38.73,T3,화자·문맥·자연스러움 집중 검토,,67.96116504854369,51.01,P3,말투·질문응답·가독성 위주 검토
ABF-196,사진 대조 1차 교정본,98,"00:24:56,630 --> 00:24:58,730",2.1,잠깐 쉬자.,아...,맛있습니다.,반응형,sub_0098_1496.6s.jpg,0.03,,,25.0,90.0,50.0,78.0,75.0,0.4701,21.72,66.0,0.0,0.0,0.831,쉬자.,너무 깊이 들어가.,일본어 원문 + 타임스탬프 사진 + 장면 연속성,38.71,T3,화자·문맥·자연스러움 집중 검토,,67.82246879334258,50.94,P3,말투·질문응답·가독성 위주 검토
ABF-196,사진 대조 1차 교정본,412,"01:42:08,730 --> 01:42:15,470",6.74,괜찮으니까...,"아, 빨리 줘.",네가 옆에 있으면 좋겠어.,반응형,sub_0412_6128.7s.jpg,0.03,,,25.0,90.0,50.0,78.0,75.0,0.38252,42.0,66.0,0.0,0.0,1.0,괜찮으니까...,괜찮으니까…,,38.69,T3,화자·문맥·자연스러움 집중 검토,,67.68377253814147,50.87,P3,말투·질문응답·가독성 위주 검토
ABF-196,사진 대조 1차 교정본,13,"00:08:22,530 --> 00:08:24,530",2.0,이게 두 번째야.,벌써 끝이 움찔거리고 있어.,"아, 이걸 봐.",반말형,sub_0013_502.5s.jpg,0.03,,,25.0,90.0,50.0,78.0,75.0,0.51165,11.62,66.0,0.0,0.0,0.7468,"자, 두 번째야.","자, 이번엔 두 번째야.",사진 장면 확인 및 한국어 번역투 교정,38.64,T3,화자·문맥·자연스러움 집중 검토,,67.47572815533981,50.75,P3,말투·질문응답·가독성 위주 검토
ABF-196,사진 대조 1차 교정본,607,"02:35:13,440 --> 02:35:16,740",3.3,너무 기분 좋아.,엄청 단단해.,너무 기분 좋아.,반응형,sub_0607_9313.4s.jpg,0.04,,,25.0,90.0,50.0,78.0,75.0,0.51089,11.8,66.0,0.0,0.0,0.7484,기분 좋아.,"아, 좋아.",화면 영문 자막 대조,38.64,T3,화자·문맥·자연스러움 집중 검토,,67.47572815533981,50.75,P3,말투·질문응답·가독성 위주 검토
ABF-196,사진 대조 1차 교정본,22,"00:11:06,010 --> 00:11:10,050",4.04,"거기, 거기...","자, 다들 여기 봐.","거기, 거기.",중립·혼합형,sub_0022_666.0s.jpg,0.01,,,25.0,90.0,50.0,78.0,75.0,0.38032,42.0,66.0,0.0,0.0,1.0,"거기, 거기...","거기, 거기…",,38.59,T3,화자·문맥·자연스러움 집중 검토,,67.26768377253815,50.63,P3,말투·질문응답·가독성 위주 검토
ABF-196,사진 대조 1차 교정본,484,"02:08:16,360 --> 02:08:17,000",0.64,괜찮아.,괜찮아.,괜찮아.,반응형,sub_0484_7696.4s.jpg,0.04,,,25.0,90.0,50.0,78.0,75.0,0.32252,42.0,66.0,0.0,30.0,1.0,괜찮아.,최고예요.,화면 영문 자막 대조,38.57,T3,화자·문맥·자연스러움 집중 검토,triple_identical_run,67.12898751733704,50.56,P3,말투·질문응답·가독성 위주 검토
ABF-196,사진 대조 1차 교정본,247,"00:50:58,050 --> 00:50:59,230",1.18,기분 좋아.,대단해.,맛있어.,반응형,sub_0247_3058.1s.jpg,0.05,,,25.0,90.0,50.0,78.0,75.0,0.37953,42.0,66.0,0.0,0.0,1.0,기분 좋아.,"아, 좋아.",화면 영문 자막 대조,38.56,T3,화자·문맥·자연스러움 집중 검토,,66.99029126213593,50.5,P3,말투·질문응답·가독성 위주 검토
ABF-196,사진 대조 1차 교정본,545,"02:21:50,860 --> 02:21:50,940",0.08,아-...,응-...,아-...,반응형,sub_0545_8510.9s.jpg,0.04,,,25.0,90.0,50.0,78.0,75.0,0.21172,42.0,66.0,70.0,0.0,1.0,아-...,아-…,,38.51,T3,화자·문맥·자연스러움 집중 검토,high_cps,66.85159500693482,50.41,P3,말투·질문응답·가독성 위주 검토
ABF-196,사진 대조 1차 교정본,273,"00:59:39,180 --> 00:59:40,020",0.84,잠깐만 기다려 줘.,잠깐 기다려.,또 막혔네.,반응형,sub_0273_3579.2s.jpg,0.02,,,25.0,90.0,50.0,78.0,75.0,0.55603,0.0,66.0,0.0,0.0,0.4391,기다려 주세요...,기다려 주세요…,,38.41,T3,화자·문맥·자연스러움 집중 검토,,66.64355062413316,50.27,P3,말투·질문응답·가독성 위주 검토
ABF-196,사진 대조 1차 교정본,416,"01:43:34,960 --> 01:43:36,080",1.12,너 말이야...,아...,기분 좋습니다.,반말형,sub_0416_6215.0s.jpg,0.04,,,25.0,90.0,50.0,78.0,75.0,0.34178,42.0,66.0,0.0,18.0,1.0,너 말이야...,너 말이야…,,38.41,T3,화자·문맥·자연스러움 집중 검토,formality_shift,66.64355062413316,50.27,P3,말투·질문응답·가독성 위주 검토
ABF-196,사진 대조 1차 교정본,280,"01:00:39,630 --> 01:00:41,970",2.34,잠깐만...,잠깐만...,대단해.,반응형,sub_0280_3639.6s.jpg,0.03,,,25.0,90.0,50.0,78.0,75.0,0.3756,42.0,66.0,0.0,0.0,1.0,잠깐만...,잠깐만…,,38.4,T3,화자·문맥·자연스러움 집중 검토,,66.43550624133148,50.17,P3,말투·질문응답·가독성 위주 검토
ABF-196,사진 대조 1차 교정본,146,"00:33:32,580 --> 00:33:32,980",0.4,대단해.,"자지, 미끈미끈하게 해 줄게.",잔뜩 훑어주고 싶어.,반말형,sub_0146_2012.6s.jpg,0.02,,,25.0,90.0,50.0,78.0,75.0,0.37527,42.0,66.0,0.0,0.0,1.0,대단해.,기분 좋네.,일본어 원문 + 타임스탬프 사진 + 장면 연속성,38.38,T3,화자·문맥·자연스러움 집중 검토,,66.29680998613038,50.11,P3,말투·질문응답·가독성 위주 검토
ABF-196,사진 대조 1차 교정본,117,"00:29:35,120 --> 00:29:40,280",5.16,"아, 장난 아냐.",아까 잠들어 버렸네.,"아, 장난 아냐.",반응형,sub_0117_1775.1s.jpg,0.02,,,25.0,90.0,50.0,78.0,75.0,0.5548,0.0,66.0,0.0,0.0,0.5152,"아-----아, 장난 아냐.","아…아, 장난 아냐.",,38.36,T3,화자·문맥·자연스러움 집중 검토,,66.15811373092927,50.04,P3,말투·질문응답·가독성 위주 검토
ABF-196,사진 대조 1차 교정본,63,"00:20:27,870 --> 00:20:29,030",1.16,위험해.,위험해.,위험해.,반말형,sub_0063_1227.9s.jpg,0.03,,,25.0,90.0,50.0,78.0,75.0,0.31741,42.0,66.0,0.0,30.0,1.0,위험해.,큰일 나.,,38.35,T3,화자·문맥·자연스러움 집중 검토,triple_identical_run,66.01941747572816,49.97,P3,말투·질문응답·가독성 위주 검토
ABF-196,사진 대조 1차 교정본,228,"00:48:32,310 --> 00:48:33,530",1.22,장난 아냐.,이거 진동 오네.,이쪽?,반응형,sub_0228_2912.3s.jpg,0.01,,,25.0,90.0,50.0,78.0,75.0,0.554,0.0,66.0,0.0,0.0,0.5349,장난 아냐... 기분 좋아.,장난 아냐… 기분 좋아.,,38.33,T3,화자·문맥·자연스러움 집중 검토,,65.88072122052705,49.9,P3,말투·질문응답·가독성 위주 검토
ABF-196,사진 대조 1차 교정본,64,"00:20:30,330 --> 00:20:32,070",1.74,위험해.,위험해.,위험해.,반말형,sub_0064_1230.3s.jpg,0.03,,,25.0,90.0,50.0,78.0,75.0,0.31479,42.0,66.0,0.0,30.0,1.0,위험해.,큰일 나.,,38.24,T3,화자·문맥·자연스러움 집중 검토,triple_identical_run,65.74202496532594,49.79,P3,말투·질문응답·가독성 위주 검토
ABF-196,사진 대조 1차 교정본,96,"00:24:14,170 --> 00:24:15,950",1.78,응...,잠깐만...,아...,반응형,sub_0096_1454.2s.jpg,0.03,,,25.0,90.0,50.0,78.0,75.0,0.37161,42.0,66.0,0.0,0.0,1.0,응...,응…,,38.23,T3,화자·문맥·자연스러움 집중 검토,,65.60332871012483,49.73,P3,말투·질문응답·가독성 위주 검토
ABF-196,사진 대조 1차 교정본,361,"01:22:36,120 --> 01:22:37,180",1.06,"추워, 너무 추워.",걔 입 안에 넣어 줘.,춥네요~,중립·혼합형,sub_0361_4956.1s.jpg,0.02,,,25.0,90.0,50.0,78.0,75.0,0.55146,0.0,66.0,0.0,0.0,0.2005,한번에 하면 추워요.,한꺼번에 하면 아파요.,타임스탬프 사진과 장면 흐름으로 명백한 오인식 교정,38.22,T3,화자·문맥·자연스러움 집중 검토,,65.46463245492372,49.66,P3,말투·질문응답·가독성 위주 검토
ABF-196,사진 대조 1차 교정본,483,"02:08:13,040 --> 02:08:14,000",0.96,괜찮아.,괜찮아.,괜찮아.,반응형,sub_0483_7693.0s.jpg,0.04,,,25.0,90.0,50.0,78.0,75.0,0.31312,42.0,66.0,0.0,30.0,1.0,괜찮아.,최고예요.,화면 영문 자막 대조,38.17,T3,화자·문맥·자연스러움 집중 검토,triple_identical_run,65.3259361997226,49.58,P3,말투·질문응답·가독성 위주 검토
ABF-196,사진 대조 1차 교정본,505,"02:13:26,560 --> 02:13:26,960",0.4,엄청 섰어.,기분 좋아?,기분 좋아?,반응형,sub_0505_8006.6s.jpg,0.04,,,25.0,90.0,50.0,78.0,75.0,0.54995,0.0,66.0,0.0,0.0,0.4174,"아, 대단해. 엄청 단단하게 섰어...","아, 대단해. 엄청 단단하게 섰어…",,38.16,T3,화자·문맥·자연스러움 집중 검토,,65.18723994452151,49.51,P3,말투·질문응답·가독성 위주 검토
ABF-196,사진 대조 1차 교정본,301,"01:04:06,270 --> 01:04:08,070",1.8,맛있게 꽉 찼어.,앗,한 번 더. 다시 끼우고 있어.,반응형,sub_0301_3846.3s.jpg,0.03,,,25.0,90.0,50.0,78.0,75.0,0.54942,0.0,66.0,0.0,0.0,0.2358,위에서 찍으니까 솥밥도 진짜 맛있게 나오네.,솥밥도 위에서 찍어주니까 좋아하겠네.,,38.14,T3,화자·문맥·자연스러움 집중 검토,,65.0485436893204,49.44,P3,말투·질문응답·가독성 위주 검토
ABF-196,사진 대조 1차 교정본,319,"01:07:43,450 --> 01:07:44,950",1.5,끝까지 갔어. 미안해.,소리 참아.,"그래, 그대로 하면 돼.",반응형,sub_0319_4063.4s.jpg,0.05,,,25.0,90.0,50.0,78.0,75.0,0.54875,0.0,66.0,0.0,0.0,0.5216,아... 미안해.,아… 미안해.,,38.11,T3,화자·문맥·자연스러움 집중 검토,,64.90984743411929,49.37,P3,말투·질문응답·가독성 위주 검토
ABF-196,사진 대조 1차 교정본,720,"03:06:31,490 --> 03:06:31,690",0.2,아아...,잘했어.,아아...,반응형,sub_0720_11191.5s.jpg,0.01,,,25.0,90.0,50.0,78.0,75.0,0.23773,42.0,66.0,55.0,0.0,1.0,아아...,아아…,,38.1,T3,화자·문맥·자연스러움 집중 검토,high_cps,64.77115117891817,49.3,P3,말투·질문응답·가독성 위주 검토
ABF-196,사진 대조 1차 교정본,340,"01:15:11,230 --> 01:15:11,590",0.36,맛있습니다.,안쪽까지 잔뜩 넣어 줘.,여기는 좋아하는 거야?,존댓말형,sub_0340_4511.2s.jpg,0.03,,,25.0,90.0,50.0,78.0,75.0,0.24045,42.0,66.0,25.0,35.0,1.0,맛있습니다.,맛있어.,,38.02,T3,화자·문맥·자연스러움 집중 검토,borderline_cps;formality_jump,64.63245492371706,49.2,P3,말투·질문응답·가독성 위주 검토
ABF-196,사진 대조 1차 교정본,226,"00:48:13,780 --> 00:48:13,820",0.04,있었어.,"아, 거기 좋아.",이거 진동 오네.,반응형,sub_0226_2893.8s.jpg,0.02,,,25.0,90.0,50.0,78.0,75.0,0.30567,17.3,66.0,70.0,0.0,0.7941,누워 있었어.,더 뿜어봐.,,38.01,T3,화자·문맥·자연스러움 집중 검토,high_cps,64.49375866851595,49.13,P3,말투·질문응답·가독성 위주 검토
ABF-196,사진 대조 1차 교정본,80,"00:21:50,930 --> 00:21:51,250",0.32,좋네.,좋네.,좋네.,반말형,sub_0080_1310.9s.jpg,0.03,,,25.0,90.0,50.0,78.0,75.0,0.30879,42.0,66.0,0.0,30.0,1.0,좋네.,좋아.,일본어 원문 대조 + 자연스러운 한국어 대사 교정,37.99,T3,화자·문맥·자연스러움 집중 검토,triple_identical_run,64.35506241331484,49.06,P3,말투·질문응답·가독성 위주 검토
ABF-196,사진 대조 1차 교정본,183,"00:41:30,330 --> 00:41:31,850",1.52,"아아, 정말...",앗...,오오...,반응형,sub_0183_2490.3s.jpg,0.03,,,25.0,90.0,50.0,78.0,75.0,0.3644,42.0,66.0,0.0,0.0,1.0,"아아, 정말...","아아, 정말…",,37.92,T3,화자·문맥·자연스러움 집중 검토,,64.21636615811373,48.96,P3,말투·질문응답·가독성 위주 검토
ABF-196,사진 대조 1차 교정본,548,"02:21:54,680 --> 02:21:55,400",0.72,아-...,"아, 대단해. 엄청 단단하게 섰어...","아-, 기분 좋아?",반응형,sub_0548_8514.7s.jpg,0.02,,,25.0,90.0,50.0,78.0,75.0,0.36394,42.0,66.0,0.0,0.0,1.0,아-...,아-…,,37.91,T3,화자·문맥·자연스러움 집중 검토,,64.07766990291263,48.9,P3,말투·질문응답·가독성 위주 검토
ABF-196,사진 대조 1차 교정본,135,"00:32:42,390 --> 00:32:43,350",0.96,쉴 수가 없네.,두 번째는 좀 쉬어.,"아, 거기...",반말형,sub_0135_1962.4s.jpg,0.01,,,25.0,90.0,50.0,78.0,75.0,0.54378,0.0,66.0,0.0,0.0,0.2997,"있잖아, 전혀 못 했잖아. 별거 없네.","있잖아, 아직 제대로 못 했잖아.",사진 장면 확인 및 한국어 번역투·ASR 오역 교정,37.9,T3,화자·문맥·자연스러움 집중 검토,,63.938973647711514,48.84,P3,말투·질문응답·가독성 위주 검토
ABF-196,사진 대조 1차 교정본,214,"00:47:01,370 --> 00:47:02,790",1.42,기다려...,"잠깐, 잠깐만.","아-----아, 장난 아냐.",중립·혼합형,sub_0214_2821.4s.jpg,0.03,,,25.0,90.0,50.0,78.0,75.0,0.36355,42.0,66.0,0.0,0.0,1.0,기다려...,기다려…,,37.89,T3,화자·문맥·자연스러움 집중 검토,,63.80027739251041,48.77,P3,말투·질문응답·가독성 위주 검토
ABF-196,사진 대조 1차 교정본,401,"01:39:18,400 --> 01:39:20,720",2.32,누워.,조금만 기다려.,술 마시러 갈게...,중립·혼합형,sub_0401_5958.4s.jpg,0.0,,,25.0,90.0,50.0,78.0,75.0,0.36339,42.0,66.0,0.0,0.0,1.0,누워.,물 나온다.,,37.88,T3,화자·문맥·자연스러움 집중 검토,,63.59223300970874,48.68,P3,말투·질문응답·가독성 위주 검토
ABF-196,사진 대조 1차 교정본,448,"01:52:16,660 --> 01:52:19,200",2.54,잠깐만...,내려 줘.,기쁘네!,반응형,sub_0448_6736.7s.jpg,0.04,,,25.0,90.0,50.0,78.0,75.0,0.36345,42.0,66.0,0.0,0.0,1.0,잠깐만...,잠깐만…,,37.88,T3,화자·문맥·자연스러움 집중 검토,,63.59223300970874,48.68,P3,말투·질문응답·가독성 위주 검토
ABF-196,사진 대조 1차 교정본,174,"00:40:14,900 --> 00:40:16,240",1.34,"아, 대단해.",응. 대단해.,"아, 좋아.",반응형,sub_0174_2414.9s.jpg,0.0,,,25.0,90.0,50.0,78.0,75.0,0.40699,31.42,66.0,0.0,0.0,0.9118,대단해.,기분 좋네.,일본어 원문 + 타임스탬프 사진 + 장면 연속성,37.81,T3,화자·문맥·자연스러움 집중 검토,,63.24549237170597,48.49,P3,말투·질문응답·가독성 위주 검토
ABF-196,사진 대조 1차 교정본,411,"01:41:58,290 --> 01:42:05,270",6.98,"아, 빨리 줘.",욕조에 들어와.,괜찮으니까...,반응형,sub_0411_6118.3s.jpg,0.01,,,25.0,90.0,50.0,78.0,75.0,0.54159,0.0,66.0,0.0,0.0,0.4821,빨리 핥아 봐.,빨리 핥아 줘.,화자 말투 자연화,37.81,T3,화자·문맥·자연스러움 집중 검토,,63.24549237170597,48.49,P3,말투·질문응답·가독성 위주 검토
ABF-196,사진 대조 1차 교정본,531,"02:18:44,150 --> 02:18:58,150",14.0,아파... 잠깐만.,기분 좋아?,아직 아파...,반응형,sub_0531_8324.1s.jpg,0.05,,,25.0,90.0,50.0,78.0,75.0,0.53538,1.47,66.0,0.0,0.0,0.6623,아직 아파...,아직 아파…,,37.81,T3,화자·문맥·자연스러움 집중 검토,,63.24549237170597,48.49,P3,말투·질문응답·가독성 위주 검토
ABF-196,사진 대조 1차 교정본,176,"00:40:31,880 --> 00:40:33,280",1.4,"아, 대단해.","아, 좋아.",정말...,반응형,sub_0176_2431.9s.jpg,0.02,,,25.0,90.0,50.0,78.0,75.0,0.40691,31.42,66.0,0.0,0.0,0.9118,대단해.,기분 좋네.,일본어 원문 + 타임스탬프 사진 + 장면 연속성,37.8,T3,화자·문맥·자연스러움 집중 검토,,62.96809986130375,48.37,P3,말투·질문응답·가독성 위주 검토
ABF-196,사진 대조 1차 교정본,620,"02:39:44,480 --> 02:39:52,560",8.08,좋네.,잠깐만 기다려 줘.,누워.,반말형,sub_0620_9584.5s.jpg,0.02,,,25.0,90.0,50.0,78.0,75.0,0.36131,42.0,66.0,0.0,0.0,1.0,좋네.,좋아.,일본어 원문 대조 + 자연스러운 한국어 대사 교정,37.79,T3,화자·문맥·자연스러움 집중 검토,,62.82940360610264,48.31,P3,말투·질문응답·가독성 위주 검토
ABF-196,사진 대조 1차 교정본,222,"00:48:09,840 --> 00:48:11,040",1.2,조여 오고 있어.,이것 좀 봐.,"아, 닫혔어.",반응형,sub_0222_2889.8s.jpg,0.04,,,25.0,90.0,50.0,78.0,75.0,0.54015,0.0,66.0,0.0,0.0,0.3123,뒤에 있어.,뒤쪽도 보여 줘.,일본어 원문 대조 + 자연스러운 한국어 대사 교정,37.75,T3,화자·문맥·자연스러움 집중 검토,,62.69070735090153,48.23,P3,말투·질문응답·가독성 위주 검토
ABF-196,사진 대조 1차 교정본,625,"02:42:20,060 --> 02:42:35,520",15.46,"아, 대단해.","아, 기다려.",무서워...,반응형,sub_0625_9740.1s.jpg,0.04,,,25.0,90.0,50.0,78.0,75.0,0.40529,31.42,66.0,0.0,0.0,0.9118,대단해.,기분 좋네.,일본어 원문 + 타임스탬프 사진 + 장면 연속성,37.74,T3,화자·문맥·자연스러움 집중 검토,,62.55201109570042,48.16,P3,말투·질문응답·가독성 위주 검토
ABF-196,사진 대조 1차 교정본,351,"01:17:55,220 --> 01:17:57,000",1.78,잠깐만...,힘 좀 줘.,잠깐만...,반응형,sub_0351_4675.2s.jpg,0.02,,,25.0,90.0,50.0,78.0,75.0,0.35891,42.0,66.0,0.0,0.0,1.0,잠깐만...,잠깐만…,,37.69,T3,화자·문맥·자연스러움 집중 검토,,62.413314840499304,48.07,P3,말투·질문응답·가독성 위주 검토
ABF-196,사진 대조 1차 교정본,590,"02:30:31,680 --> 02:30:33,520",1.84,엄청 힘들어져.,잠깐 기다려.,"아, 이거.",반응형,sub_0590_9031.7s.jpg,0.02,,,25.0,90.0,50.0,78.0,75.0,0.53569,0.0,66.0,0.0,0.0,0.2481,걷기 힘들어.,응.,일본어 원문 + 타임스탬프 사진 + 장면 연속성,37.56,T3,화자·문맥·자연스러움 집중 검토,,62.27461858529819,47.94,P3,말투·질문응답·가독성 위주 검토
ABF-196,사진 대조 1차 교정본,520,"02:15:17,370 --> 02:15:21,180",3.81,뭐가 그렇게 좋아?,더 세게 해 줬으면 해?,입?,반응형,sub_0520_8117.4s.jpg,0.03,,,25.0,90.0,50.0,78.0,75.0,0.53402,0.0,66.0,0.0,0.0,0.3018,안쪽이 좋아?,안쪽도 좋아?,일본어 원문 대조 + 자연스러운 한국어 대사 교정,37.49,T3,화자·문맥·자연스러움 집중 검토,,62.13592233009708,47.84,P3,말투·질문응답·가독성 위주 검토
ABF-196,사진 대조 1차 교정본,421,"01:44:37,430 --> 01:44:38,730",1.3,이제 빨리 눕자.,조심하면 괜찮아.,아...,중립·혼합형,sub_0421_6277.4s.jpg,0.03,,,25.0,90.0,50.0,78.0,75.0,0.53354,0.0,66.0,0.0,0.0,0.3325,빨리 핥아 봐.,빨리 핥아 줘.,화자 말투 자연화,37.47,T3,화자·문맥·자연스러움 집중 검토,,61.99722607489597,47.77,P3,말투·질문응답·가독성 위주 검토
ABF-196,사진 대조 1차 교정본,491,"02:09:34,620 --> 02:09:37,540",2.92,하아-.,하아-.,하아-.,반응형,sub_0491_7774.6s.jpg,0.02,,,25.0,90.0,50.0,78.0,75.0,0.4761,0.0,66.0,0.0,30.0,0.1978,아-...,아-…,,37.46,T3,화자·문맥·자연스러움 집중 검토,triple_identical_run,61.858529819694866,47.71,P3,말투·질문응답·가독성 위주 검토
ABF-196,사진 대조 1차 교정본,111,"00:28:11,420 --> 00:28:33,720",22.3,피하면 안 되겠어.,"좋아, 확실하네.","좋아, 더 해 줘.",반응형,sub_0111_1691.4s.jpg,0.02,,,25.0,90.0,50.0,78.0,75.0,0.53236,0.0,66.0,0.0,0.0,0.1441,못 울겠어.,목이 막혀요.,사진 장면 확인 및 한국어 번역투·ASR 오역 교정,37.42,T3,화자·문맥·자연스러움 집중 검토,,61.6504854368932,47.6,P3,말투·질문응답·가독성 위주 검토
ABF-196,사진 대조 1차 교정본,391,"01:35:17,200 --> 01:35:20,660",3.46,붙이고 있대.,멈춰 버릴 것 같아.,해 줄 수 있어.,중립·혼합형,sub_0391_5717.2s.jpg,0.0,,,25.0,90.0,50.0,78.0,75.0,0.53249,0.0,66.0,0.0,0.0,0.1185,다 보이고 있어.,전부 다 보이네.,,37.42,T3,화자·문맥·자연스러움 집중 검토,,61.6504854368932,47.6,P3,말투·질문응답·가독성 위주 검토
ABF-196,사진 대조 1차 교정본,653,"02:50:06,550 --> 02:50:13,650",7.1,"아, 굉장해. 여기까지 왔어.","와아, 기분 좋아.","아, 기분 좋아.",반응형,sub_0653_10206.5s.jpg,0.05,,,25.0,90.0,50.0,78.0,75.0,0.53164,0.0,66.0,0.0,0.0,0.5759,"아, 굉장해.","아, 엄청나.",,37.39,T3,화자·문맥·자연스러움 집중 검토,,61.44244105409153,47.49,P3,말투·질문응답·가독성 위주 검토
ABF-196,사진 대조 1차 교정본,312,"01:06:32,380 --> 01:06:41,150",8.77,잠깐만...,잠깐만...,마음의 소리,반응형,sub_0312_3992.4s.jpg,0.02,,,25.0,90.0,50.0,78.0,75.0,0.35049,42.0,66.0,0.0,0.0,1.0,잠깐만...,잠깐만…,,37.34,T3,화자·문맥·자연스러움 집중 검토,,61.30374479889043,47.4,P3,말투·질문응답·가독성 위주 검토
ABF-196,사진 대조 1차 교정본,709,"03:04:35,620 --> 03:04:37,020",1.4,"자, 이제 계속할게.",기분 좋아...,아...,중립·혼합형,sub_0709_11075.6s.jpg,0.02,,,25.0,90.0,50.0,78.0,75.0,0.52995,0.0,66.0,0.0,0.0,0.4048,이제 안 할게.,이제 안 애태울게.,,37.32,T3,화자·문맥·자연스러움 집중 검토,,61.165048543689316,47.33,P3,말투·질문응답·가독성 위주 검토
ABF-196,사진 대조 1차 교정본,304,"01:04:32,990 --> 01:04:33,510",0.52,대단해.,역시 이런 식으로 올라타는 게 좋네.,좋아하는구나.,반말형,sub_0304_3873.0s.jpg,0.01,,,25.0,90.0,50.0,78.0,75.0,0.34884,42.0,66.0,0.0,0.0,1.0,대단해.,기분 좋네.,일본어 원문 + 타임스탬프 사진 + 장면 연속성,37.27,T3,화자·문맥·자연스러움 집중 검토,,61.026352288488205,47.25,P3,말투·질문응답·가독성 위주 검토
ABF-196,사진 대조 1차 교정본,443,"01:50:56,420 --> 01:50:57,740",1.32,기다려...,아아...,잠깐만...,중립·혼합형,sub_0443_6656.4s.jpg,0.02,,,25.0,90.0,50.0,78.0,75.0,0.34846,42.0,66.0,0.0,0.0,1.0,기다려...,기다려…,,37.26,T3,화자·문맥·자연스러움 집중 검토,,60.887656033287094,47.18,P3,말투·질문응답·가독성 위주 검토
ABF-196,사진 대조 1차 교정본,155,"00:35:31,930 --> 00:35:32,770",0.84,대단해.,대단해.,기분 좋아.,반말형,sub_0155_2131.9s.jpg,0.03,,,25.0,90.0,50.0,78.0,75.0,0.34819,42.0,66.0,0.0,0.0,1.0,대단해.,기분 좋네.,일본어 원문 + 타임스탬프 사진 + 장면 연속성,37.24,T3,화자·문맥·자연스러움 집중 검토,,60.679611650485434,47.08,P3,말투·질문응답·가독성 위주 검토
ABF-196,사진 대조 1차 교정본,281,"01:00:46,370 --> 01:00:47,070",0.7,대단해.,잠깐만...,첫 번째야.,반말형,sub_0281_3646.4s.jpg,0.03,,,25.0,90.0,50.0,78.0,75.0,0.34807,42.0,66.0,0.0,0.0,1.0,대단해.,기분 좋네.,일본어 원문 + 타임스탬프 사진 + 장면 연속성,37.24,T3,화자·문맥·자연스러움 집중 검토,,60.679611650485434,47.08,P3,말투·질문응답·가독성 위주 검토
ABF-196,사진 대조 1차 교정본,57,"00:19:52,610 --> 00:19:54,650",2.04,기분 좋아...,으응 에 우와!,힘 좀 줘 봐... 제대로 해 봐.,반응형,sub_0057_1192.6s.jpg,0.01,,,25.0,90.0,50.0,78.0,75.0,0.34756,42.0,66.0,0.0,0.0,1.0,기분 좋아...,기분 좋아…,,37.22,T3,화자·문맥·자연스러움 집중 검토,,60.40221914008321,46.96,P3,말투·질문응답·가독성 위주 검토
ABF-196,사진 대조 1차 교정본,393,"01:36:17,840 --> 01:36:19,100",1.26,잠깐만...,해 줄 수 있어.,잠깐만...,반응형,sub_0393_5777.8s.jpg,0.04,,,25.0,90.0,50.0,78.0,75.0,0.34751,42.0,66.0,0.0,0.0,1.0,잠깐만...,잠깐만…,,37.22,T3,화자·문맥·자연스러움 집중 검토,,60.40221914008321,46.96,P3,말투·질문응답·가독성 위주 검토
ABF-196,사진 대조 1차 교정본,15,"00:08:49,220 --> 00:08:50,540",1.32,배가 아파.,"아, 이걸 봐.",배가 아파.,반응형,sub_0015_529.2s.jpg,0.02,,,25.0,90.0,50.0,78.0,75.0,0.34589,42.0,66.0,0.0,0.0,1.0,배가 아파.,안쪽이 아파.,,37.15,T3,화자·문맥·자연스러움 집중 검토,,60.124826629680996,46.8,P3,말투·질문응답·가독성 위주 검토
ABF-196,사진 대조 1차 교정본,118,"00:29:40,660 --> 00:30:04,530",23.87,"아, 장난 아냐.","아, 장난 아냐.","아, 장난 아냐. 기분 좋아.",반응형,sub_0118_1780.7s.jpg,0.04,,,25.0,90.0,50.0,78.0,75.0,0.52586,0.0,66.0,0.0,0.0,0.5152,"아-----아, 장난 아냐.","아…아, 장난 아냐.",,37.15,T3,화자·문맥·자연스러움 집중 검토,,60.124826629680996,46.8,P3,말투·질문응답·가독성 위주 검토
ABF-196,사진 대조 1차 교정본,651,"02:49:23,880 --> 02:49:32,700",8.82,"아, 아, 아, 아, 굉장해.","아, 아, 아, 아.","와아, 기분 좋아.",반응형,sub_0651_10163.9s.jpg,0.02,,,25.0,90.0,50.0,78.0,75.0,0.27994,57.33,66.0,0.0,0.0,0.9278,"아, 굉장해.","아, 엄청나.",,37.14,T3,화자·문맥·자연스러움 집중 검토,token_repetition,59.91678224687933,46.71,P3,말투·질문응답·가독성 위주 검토
ABF-196,사진 대조 1차 교정본,295,"01:03:12,600 --> 01:03:22,520",9.92,"아, 배가 아파.","아, 기분 좋아?",앗.,반응형,sub_0295_3792.6s.jpg,0.0,,,25.0,90.0,50.0,78.0,75.0,0.3753,34.91,66.0,0.0,0.0,0.9409,배가 아파.,안쪽이 아파.,,37.11,T3,화자·문맥·자연스러움 집중 검토,,59.70873786407766,46.6,P3,말투·질문응답·가독성 위주 검토
ABF-196,사진 대조 1차 교정본,708,"03:04:25,380 --> 03:04:34,300",8.92,기분 좋아...,그대로 받아 줘. 더 세게 할게.,"자, 이제 계속할게.",반응형,sub_0708_11065.4s.jpg,0.02,,,25.0,90.0,50.0,78.0,75.0,0.34488,42.0,66.0,0.0,0.0,1.0,기분 좋아...,기분 좋아…,,37.11,T3,화자·문맥·자연스러움 집중 검토,,59.70873786407766,46.6,P3,말투·질문응답·가독성 위주 검토
ABF-196,사진 대조 1차 교정본,262,"00:54:00,830 --> 00:54:03,910",3.08,뭔가 말하고 있네.,아무래도 중국이네요.,"아아, 미치겠어.",반말형,sub_0262_3240.8s.jpg,0.03,,,25.0,90.0,50.0,78.0,75.0,0.52476,0.0,66.0,0.0,0.0,0.3317,제대로 돼 있네.,제대로 가려지네.,일본어 원문 대조 + 자연스러운 한국어 대사 교정,37.1,T3,화자·문맥·자연스러움 집중 검토,,59.500693481276,46.51,P3,말투·질문응답·가독성 위주 검토
ABF-196,사진 대조 1차 교정본,259,"00:53:51,110 --> 00:53:52,730",1.62,대단해.,"장난 아냐, 미치겠어.",어?,반말형,sub_0259_3231.1s.jpg,0.01,,,25.0,90.0,50.0,78.0,75.0,0.34371,42.0,66.0,0.0,0.0,1.0,대단해.,기분 좋네.,일본어 원문 + 타임스탬프 사진 + 장면 연속성,37.06,T3,화자·문맥·자연스러움 집중 검토,,59.36199722607489,46.43,P3,말투·질문응답·가독성 위주 검토
ABF-196,사진 대조 1차 교정본,436,"01:47:56,080 --> 01:48:00,760",4.68,"아빠, 이제 끝내고 싶어.",난 뭘 하면 돼?,잠깐만 기다려.,반응형,sub_0436_6476.1s.jpg,0.02,,,25.0,90.0,50.0,78.0,75.0,0.52295,0.0,66.0,0.0,0.0,0.3095,넣고 싶어.,빨리 넣고 싶어.,일본어 원문 대조 + 자연스러운 한국어 대사 교정,37.02,T3,화자·문맥·자연스러움 집중 검토,,59.22330097087378,46.35,P3,말투·질문응답·가독성 위주 검토
ABF-196,사진 대조 1차 교정본,235,"00:48:48,530 --> 00:48:52,150",3.62,"아, 잠깐...",라는 건…,아...,반응형,sub_0235_2928.5s.jpg,0.03,,,25.0,90.0,50.0,78.0,75.0,0.34251,42.0,66.0,0.0,0.0,1.0,"아, 잠깐...","아, 잠깐…",,37.01,T3,화자·문맥·자연스러움 집중 검토,,59.084604715672675,46.28,P3,말투·질문응답·가독성 위주 검토
ABF-196,사진 대조 1차 교정본,81,"00:21:51,410 --> 00:21:52,030",0.62,좋네.,좋네.,좋아!,반말형,sub_0081_1311.4s.jpg,0.01,,,25.0,90.0,50.0,78.0,75.0,0.3415,42.0,66.0,0.0,0.0,1.0,좋네.,좋아.,일본어 원문 대조 + 자연스러운 한국어 대사 교정,36.96,T3,화자·문맥·자연스러움 집중 검토,,58.87656033287101,46.16,P3,말투·질문응답·가독성 위주 검토
ABF-196,사진 대조 1차 교정본,410,"01:41:12,180 --> 01:41:12,960",0.78,욕조에 들어와.,욕조에 들어갈게.,"아, 빨리 줘.",반응형,sub_0410_6072.2s.jpg,0.02,,,25.0,90.0,50.0,78.0,75.0,0.52147,0.0,66.0,0.0,0.0,0.2223,앞에서 불어와.,이제 조금만 더.,일본어 원문 + 타임스탬프 사진 + 장면 연속성,36.96,T3,화자·문맥·자연스러움 집중 검토,,58.87656033287101,46.16,P3,말투·질문응답·가독성 위주 검토
ABF-196,사진 대조 1차 교정본,202,"00:45:10,700 --> 00:45:17,000",6.3,"아, 좋아... 한 번 더.","갈게, 갈게... 한 번 더.",아...,반응형,sub_0202_2710.7s.jpg,0.0,,,25.0,90.0,50.0,78.0,75.0,0.49225,6.59,66.0,0.0,0.0,0.7049,"아, 좋아...","아, 좋아…",,36.92,T3,화자·문맥·자연스러움 집중 검토,,58.66851595006934,46.05,P3,말투·질문응답·가독성 위주 검토
ABF-196,사진 대조 1차 교정본,654,"02:50:17,690 --> 02:50:19,350",1.66,"아, 기분 좋아.","아, 굉장해. 여기까지 왔어.",다리 들어 줘.,반응형,sub_0654_10217.7s.jpg,0.01,,,25.0,90.0,50.0,78.0,75.0,0.40383,26.65,66.0,0.0,0.0,0.8721,기분 좋아.,"아, 좋아.",화면 영문 자막 대조,36.82,T3,화자·문맥·자연스러움 집중 검토,,58.52981969486824,45.94,P3,말투·질문응답·가독성 위주 검토
ABF-196,사진 대조 1차 교정본,213,"00:46:45,000 --> 00:47:00,970",15.97,"잠깐, 잠깐만.","미안해, 아파!",기다려...,반응형,sub_0213_2805.0s.jpg,0.0,,,25.0,90.0,50.0,78.0,75.0,0.5168,0.0,66.0,0.0,0.0,0.5506,하아… 잠깐만.,목욕물 받아 놓은 거지?,일본어 원문 + 타임스탬프 사진 + 장면 연속성,36.77,T3,화자·문맥·자연스러움 집중 검토,,58.391123439667126,45.85,P3,말투·질문응답·가독성 위주 검토
ABF-196,사진 대조 1차 교정본,73,"00:21:22,180 --> 00:21:23,220",1.04,눈을 떠.,뭔가 조여오고 있어.,뭔가 조여오고 있어.,중립·혼합형,sub_0073_1282.2s.jpg,0.02,,,25.0,90.0,50.0,78.0,75.0,0.51659,0.0,66.0,0.0,0.0,0.0591,눈 감아 줄래.,눈 감고 있을게.,일본어 원문 대조 + 자연스러운 한국어 대사 교정,36.76,T3,화자·문맥·자연스러움 집중 검토,,58.252427184466015,45.79,P3,말투·질문응답·가독성 위주 검토
ABF-196,사진 대조 1차 교정본,210,"00:46:24,520 --> 00:46:25,480",0.96,무서워...,아...,아- 장난 아냐!,중립·혼합형,sub_0210_2784.5s.jpg,0.02,,,25.0,90.0,50.0,78.0,75.0,0.33565,42.0,66.0,0.0,0.0,1.0,무서워...,무서워…,,36.72,T3,화자·문맥·자연스러움 집중 검토,,58.113730929264904,45.71,P3,말투·질문응답·가독성 위주 검토
ABF-196,사진 대조 1차 교정본,123,"00:30:45,170 --> 00:30:47,630",2.46,정말 뜨거워.,대단해. 기분 좋아.,아...,중립·혼합형,sub_0123_1845.2s.jpg,0.03,,,25.0,90.0,50.0,78.0,75.0,0.47258,9.97,66.0,0.0,0.0,0.7331,"아니, 뜨거워.",몸이 뜨거워.,손상된 일본어 ASR + 타임스탬프 사진 + 앞뒤 문맥 추론,36.7,T3,화자·문맥·자연스러움 집중 검토,,57.9750346740638,45.64,P3,말투·질문응답·가독성 위주 검토
ABF-196,사진 대조 1차 교정본,685,"02:58:30,110 --> 02:58:43,790",13.68,"아아, 멈출 수가 없어.","아, 거기에, 거기에, 거기에...",기분 좋아.,반응형,sub_0685_10710.1s.jpg,0.01,,,25.0,90.0,50.0,78.0,75.0,0.51492,0.0,66.0,0.0,0.0,0.3887,끝이 없어.,끝도 없네.,사진 장면 확인 및 한국어 번역투·ASR 오역 교정,36.69,T3,화자·문맥·자연스러움 집중 검토,,57.83633841886269,45.57,P3,말투·질문응답·가독성 위주 검토
ABF-196,사진 대조 1차 교정본,477,"02:07:12,380 --> 02:07:15,220",2.84,기다리고 있을게.,또 실패했네.,"멍, 멍, 멍...",중립·혼합형,sub_0477_7632.4s.jpg,0.02,,,25.0,90.0,50.0,78.0,75.0,0.51384,0.0,66.0,0.0,0.0,0.4625,기다리고 있겠습니다.,잠깐만 기다려.,장면에 맞지 않는 격식체를 교정,36.64,T3,화자·문맥·자연스러움 집중 검토,,57.62829403606102,45.46,P3,말투·질문응답·가독성 위주 검토
ABF-196,사진 대조 1차 교정본,493,"02:11:55,180 --> 02:11:56,440",1.26,곤란해?,하아-.,네.,반말형,sub_0493_7915.2s.jpg,0.02,,,25.0,90.0,50.0,78.0,75.0,0.51387,0.0,66.0,0.0,0.0,0.2594,카메라에 안 찍히면 곤란해요.,카메라에 안 보이잖아.,손상된 일본어 ASR + 타임스탬프 사진 + 앞뒤 문맥 추론,36.64,T3,화자·문맥·자연스러움 집중 검토,,57.62829403606102,45.46,P3,말투·질문응답·가독성 위주 검토
ABF-196,사진 대조 1차 교정본,529,"02:17:39,000 --> 02:17:39,940",0.94,꽤 춥습니다.,배에 있네.,기분 좋아?,존댓말형,sub_0529_8259.0s.jpg,0.0,,,25.0,90.0,50.0,78.0,75.0,0.44692,0.0,66.0,0.0,35.0,0.2669,좋습니다.,좋아요.,,36.63,T3,화자·문맥·자연스러움 집중 검토,formality_jump,57.42024965325936,45.36,P3,말투·질문응답·가독성 위주 검토
ABF-196,사진 대조 1차 교정본,363,"01:23:39,260 --> 01:23:40,320",1.06,기분 좋았어?,춥네요~,기분 좋았어?,반응형,sub_0363_5019.3s.jpg,0.04,,,25.0,90.0,50.0,78.0,75.0,0.51322,0.0,66.0,0.0,0.0,0.2815,안 남았어?,아직 남아 있어?,손상된 일본어 ASR + 타임스탬프 사진 + 앞뒤 문맥 추론,36.62,T3,화자·문맥·자연스러움 집중 검토,,57.28155339805825,45.3,P3,말투·질문응답·가독성 위주 검토
ABF-196,사진 대조 1차 교정본,181,"00:41:25,770 --> 00:41:28,530",2.76,대단하네...,으응...,앗...,반말형,sub_0181_2485.8s.jpg,0.03,,,25.0,90.0,50.0,78.0,75.0,0.33285,42.0,66.0,0.0,0.0,1.0,대단하네...,대단하네…,,36.6,T3,화자·문맥·자연스러움 집중 검토,,57.14285714285714,45.23,P3,말투·질문응답·가독성 위주 검토
ABF-196,사진 대조 1차 교정본,688,"02:59:29,140 --> 02:59:29,840",0.7,엄청 기분 좋아.,기분 좋아.,아...,반응형,sub_0688_10769.1s.jpg,0.04,,,25.0,90.0,50.0,78.0,75.0,0.45078,14.24,66.0,0.0,0.0,0.7687,기분 좋아.,"아, 좋아.",화면 영문 자막 대조,36.56,T3,화자·문맥·자연스러움 집중 검토,,57.00416088765603,45.15,P3,말투·질문응답·가독성 위주 검토
ABF-196,사진 대조 1차 교정본,642,"02:47:59,520 --> 02:48:04,600",5.08,"아아, 대단해.",나 좀 눕게 해 줘...,"아아, 기분 좋아.",반응형,sub_0642_10079.5s.jpg,0.02,,,25.0,90.0,50.0,78.0,75.0,0.44242,16.14,66.0,0.0,0.0,0.7845,대단해.,기분 좋네.,일본어 원문 + 타임스탬프 사진 + 장면 연속성,36.55,T3,화자·문맥·자연스러움 집중 검토,,56.86546463245492,45.08,P3,말투·질문응답·가독성 위주 검토
ABF-196,사진 대조 1차 교정본,535,"02:19:20,780 --> 02:19:21,480",0.7,대단해.,엄청 맛있어.,이거 맛있어.,반말형,sub_0535_8360.8s.jpg,0.02,,,25.0,90.0,50.0,78.0,75.0,0.33052,42.0,66.0,0.0,0.0,1.0,대단해.,기분 좋네.,일본어 원문 + 타임스탬프 사진 + 장면 연속성,36.5,T3,화자·문맥·자연스러움 집중 검토,,56.72676837725381,45.0,P3,말투·질문응답·가독성 위주 검토
ABF-196,사진 대조 1차 교정본,48,"00:16:46,120 --> 00:17:04,280",18.16,"아아아... 아, 아...","아, 아, 아...","아, 아야...",반응형,sub_0048_1006.1s.jpg,0.02,,,25.0,90.0,50.0,78.0,75.0,0.32997,42.0,66.0,0.0,0.0,1.0,"아아아... 아, 아...","아아아… 아, 아…",,36.48,T3,화자·문맥·자연스러움 집중 검토,,56.5880721220527,44.93,P3,말투·질문응답·가독성 위주 검토
ABF-196,사진 대조 1차 교정본,276,"01:00:13,070 --> 01:00:15,990",2.92,거기가 포인트야.,이것도 빨리 먹을 수 있겠네.,여기잖아. 잠깐 쉬고 싶어.,반말형,sub_0276_3613.1s.jpg,0.03,,,25.0,90.0,50.0,78.0,75.0,0.50888,0.0,66.0,0.0,0.0,0.1119,"거기, 거기...","거기, 거기…",,36.43,T3,화자·문맥·자연스러움 집중 검토,,56.44937586685159,44.84,P3,말투·질문응답·가독성 위주 검토
ABF-196,사진 대조 1차 교정본,518,"02:15:06,550 --> 02:15:07,430",0.88,더 해 줬으면 해?,기분 좋아?,더 세게 해 줬으면 해?,반응형,sub_0518_8106.6s.jpg,0.05,,,25.0,90.0,50.0,78.0,75.0,0.48999,4.22,66.0,0.0,0.0,0.6852,기억해 줬으면 해?,"여기, 기억해 줬으면 해요.",사진 장면 확인 및 한국어 번역투·ASR 오역 교정,36.4,T3,화자·문맥·자연스러움 집중 검토,,56.310679611650485,44.76,P3,말투·질문응답·가독성 위주 검토
ABF-196,사진 대조 1차 교정본,318,"01:07:41,110 --> 01:07:42,750",1.64,소리 참아.,"응, 갈게...",끝까지 갔어. 미안해.,반응형,sub_0318_4061.1s.jpg,0.01,,,25.0,90.0,50.0,78.0,75.0,0.50761,0.0,66.0,0.0,0.0,0.2827,그런 소리 하지 마...,그런 소리 하지 마…,,36.38,T3,화자·문맥·자연스러움 집중 검토,,56.171983356449374,44.69,P3,말투·질문응답·가독성 위주 검토
ABF-196,사진 대조 1차 교정본,261,"00:53:55,610 --> 00:53:57,150",1.54,아무래도 중국이네요.,어?,뭔가 말하고 있네.,반응형,sub_0261_3235.6s.jpg,0.01,,,25.0,90.0,50.0,78.0,75.0,0.50637,0.0,66.0,0.0,0.0,0.2283,큰일이네요.,이러다 갈 것 같아요.,사진 장면 확인 및 한국어 번역투·ASR 오역 교정,36.33,T3,화자·문맥·자연스러움 집중 검토,,56.03328710124826,44.61,P3,말투·질문응답·가독성 위주 검토
ABF-196,사진 대조 1차 교정본,245,"00:50:16,330 --> 00:50:18,590",2.26,기분 좋아.,기분 좋아.,대단해.,반응형,sub_0245_3016.3s.jpg,0.03,,,25.0,90.0,50.0,78.0,75.0,0.326,42.0,66.0,0.0,0.0,1.0,기분 좋아.,"아, 좋아.",화면 영문 자막 대조,36.31,T3,화자·문맥·자연스러움 집중 검토,,55.89459084604715,44.54,P3,말투·질문응답·가독성 위주 검토
ABF-196,사진 대조 1차 교정본,432,"01:46:34,300 --> 01:46:34,380",0.08,괜찮습니다!,괜찮습니다.,괜찮습니다!,존댓말형,sub_0432_6394.3s.jpg,0.0,,,25.0,90.0,50.0,78.0,75.0,0.15782,42.0,66.0,70.0,0.0,1.0,괜찮습니다!,괜찮아!,,36.25,T3,화자·문맥·자연스러움 집중 검토,high_cps,55.68654646324549,44.41,P3,말투·질문응답·가독성 위주 검토
ABF-196,사진 대조 1차 교정본,464,"02:02:31,550 --> 02:02:59,760",28.21,제대로 해 보자.,"죄송해요, 배가 아파서.",그리고 마무리해 줘.,반말형,sub_0464_7351.6s.jpg,0.05,,,25.0,90.0,50.0,78.0,75.0,0.50445,0.0,66.0,0.0,0.0,0.5671,한번 보자.,밖을 봐 보자.,일본어 원문 + 타임스탬프 사진 + 장면 연속성,36.25,T3,화자·문맥·자연스러움 집중 검토,,55.68654646324549,44.41,P3,말투·질문응답·가독성 위주 검토
ABF-196,사진 대조 1차 교정본,555,"02:23:17,890 --> 02:23:21,990",4.1,"아, 기분 좋아.",잠깐만...,응.,반응형,sub_0555_8597.9s.jpg,0.01,,,25.0,90.0,50.0,78.0,75.0,0.38907,26.65,66.0,0.0,0.0,0.8721,기분 좋아.,"아, 좋아.",화면 영문 자막 대조,36.2,T3,화자·문맥·자연스러움 집중 검토,,55.40915395284327,44.27,P3,말투·질문응답·가독성 위주 검토
ABF-196,사진 대조 1차 교정본,648,"02:49:02,520 --> 02:49:14,060",11.54,"아, 잠깐 멈춰.",기분 좋아.,"아, 대단해.",반응형,sub_0648_10142.5s.jpg,0.02,,,25.0,90.0,50.0,78.0,75.0,0.5033,0.0,66.0,0.0,0.0,0.2995,"아, 아, 아, 아, 아, 아, 아,","아, 아, 아, 아, 아, 아, 아",,36.2,T3,화자·문맥·자연스러움 집중 검토,,55.40915395284327,44.27,P3,말투·질문응답·가독성 위주 검토
ABF-196,사진 대조 1차 교정본,396,"01:37:19,470 --> 01:37:22,870",3.4,잘 안 돼.,"으응, 으응.",기분 좋아?,중립·혼합형,sub_0396_5839.5s.jpg,0.03,,,25.0,90.0,50.0,78.0,75.0,0.3959,24.95,66.0,0.0,0.0,0.858,안 돼.,"네, 놀랐어요.",타임스탬프 사진과 앞뒤 장면으로 대사 기능 복원,36.18,T3,화자·문맥·자연스러움 집중 검토,,55.20110957004161,44.17,P3,말투·질문응답·가독성 위주 검토
ABF-196,사진 대조 1차 교정본,59,"00:19:58,350 --> 00:20:01,150",2.8,"응, 그대로 해.",힘 좀 줘 봐... 제대로 해 봐.,그렇게.,반응형,sub_0059_1198.3s.jpg,0.05,,,25.0,90.0,50.0,78.0,75.0,0.50262,0.0,66.0,0.0,0.0,0.3872,그대로 엉덩이 찍게 해줘.,그대로 엉덩이 찍게 해 줘.,,36.17,T3,화자·문맥·자연스러움 집중 검토,,55.0624133148405,44.1,P3,말투·질문응답·가독성 위주 검토
ABF-196,사진 대조 1차 교정본,608,"02:36:07,160 --> 02:36:08,380",1.22,너무 기분 좋아.,너무 기분 좋아.,가슴도 기분 좋아.,반응형,sub_0608_9367.2s.jpg,0.04,,,25.0,90.0,50.0,78.0,75.0,0.45165,11.8,66.0,0.0,0.0,0.7484,기분 좋아.,"아, 좋아.",화면 영문 자막 대조,36.15,T3,화자·문맥·자연스러움 집중 검토,,54.92371705963939,44.03,P3,말투·질문응답·가독성 위주 검토
ABF-196,사진 대조 1차 교정본,549,"02:21:56,480 --> 02:21:58,080",1.6,"아-, 기분 좋아?",아-...,응-...,반응형,sub_0549_8516.5s.jpg,0.02,,,25.0,90.0,50.0,78.0,75.0,0.44667,12.9,66.0,0.0,0.0,0.7575,"아-, 기분 좋아. 아-, 기분 좋아. 아-, 기분 좋아...","아-, 기분 좋아. 아-, 기분 좋아. 아-, 기분 좋아…",,36.14,T3,화자·문맥·자연스러움 집중 검토,,54.785020804438275,43.97,P3,말투·질문응답·가독성 위주 검토
ABF-196,사진 대조 1차 교정본,697,"03:01:45,110 --> 03:02:02,290",17.18,"어머, 엄청 좋아.","어라, 아들...",그냥 흉내일 뿐이지만.,반응형,sub_0697_10905.1s.jpg,0.01,,,25.0,90.0,50.0,78.0,75.0,0.50133,0.0,66.0,0.0,0.0,0.3415,"아, 좋아.","아, 들어온다.",,36.12,T3,화자·문맥·자연스러움 집중 검토,,54.64632454923717,43.9,P3,말투·질문응답·가독성 위주 검토
ABF-196,사진 대조 1차 교정본,406,"01:40:33,200 --> 01:40:40,920",7.72,첫 번째야.,"잠깐, 너무 많이 마시지 마.",너도 먹었지.,반말형,sub_0406_6033.2s.jpg,0.0,,,25.0,90.0,50.0,78.0,75.0,0.46592,8.22,66.0,0.0,0.0,0.7185,"자, 두 번째야.","자, 이번엔 두 번째야.",사진 장면 확인 및 한국어 번역투 교정,36.11,T3,화자·문맥·자연스러움 집중 검토,,54.50762829403606,43.84,P3,말투·질문응답·가독성 위주 검토
ABF-196,사진 대조 1차 교정본,700,"03:03:19,420 --> 03:03:20,340",0.92,미안해.,계속 보고 있어 줘.,너는 이미…,반말형,sub_0700_10999.4s.jpg,0.02,,,25.0,90.0,50.0,78.0,75.0,0.39288,25.2,66.0,0.0,0.0,0.86,아... 미안해.,아… 미안해.,,36.1,T3,화자·문맥·자연스러움 집중 검토,,54.36893203883495,43.77,P3,말투·질문응답·가독성 위주 검토
ABF-196,사진 대조 1차 교정본,136,"00:32:50,490 --> 00:32:50,990",0.5,"아, 거기...",쉴 수가 없네.,두 번째는 쉬면 안 돼.,반응형,sub_0136_1970.5s.jpg,0.01,,,25.0,90.0,50.0,78.0,75.0,0.32025,42.0,66.0,0.0,0.0,1.0,"아, 거기...","아, 거기…",,36.07,T3,화자·문맥·자연스러움 집중 검토,,54.23023578363384,43.7,P3,말투·질문응답·가독성 위주 검토
ABF-196,사진 대조 1차 교정본,180,"00:41:22,550 --> 00:41:25,770",3.22,으응...,앗...,대단하네...,반응형,sub_0180_2482.6s.jpg,0.05,,,25.0,90.0,50.0,78.0,75.0,0.3201,42.0,66.0,0.0,0.0,1.0,으응...,으응…,,36.06,T3,화자·문맥·자연스러움 집중 검토,,54.02219140083218,43.6,P3,말투·질문응답·가독성 위주 검토
ABF-196,사진 대조 1차 교정본,347,"01:16:23,520 --> 01:16:24,920",1.4,먹어보세요.,아파.,기분 좋아?,반응형,sub_0347_4583.5s.jpg,0.02,,,25.0,90.0,50.0,78.0,75.0,0.28563,42.0,66.0,0.0,18.0,1.0,먹어보세요.,먹어 봐.,,36.06,T3,화자·문맥·자연스러움 집중 검토,formality_shift,54.02219140083218,43.6,P3,말투·질문응답·가독성 위주 검토
ABF-196,사진 대조 1차 교정본,583,"02:29:08,200 --> 02:29:10,280",2.08,찌릿찌릿해? 기분 좋아?,아~.,으응.,반응형,sub_0583_8948.2s.jpg,0.0,,,25.0,90.0,50.0,78.0,75.0,0.49976,0.0,66.0,0.0,0.0,0.2492,"아, 거기... 기분 좋아?","아, 거기… 기분 좋아?",,36.05,T3,화자·문맥·자연스러움 집중 검토,,53.81414701803051,43.51,P3,말투·질문응답·가독성 위주 검토
ABF-196,사진 대조 1차 교정본,352,"01:17:57,800 --> 01:17:58,820",1.02,잠깐만...,잠깐만...,아...,반응형,sub_0352_4677.8s.jpg,0.0,,,25.0,90.0,50.0,78.0,75.0,0.31914,42.0,66.0,0.0,0.0,1.0,잠깐만...,잠깐만…,,36.02,T3,화자·문맥·자연스러움 집중 검토,,53.6754507628294,43.44,P3,말투·질문응답·가독성 위주 검토
ABF-196,사진 대조 1차 교정본,61,"00:20:08,030 --> 00:20:09,610",1.58,기분 좋아,그렇게.,위험해.,반응형,sub_0061_1208.0s.jpg,0.03,,,25.0,90.0,50.0,78.0,75.0,0.49808,0.0,66.0,0.0,0.0,0.5013,기분 좋아.,"아, 좋아.",화면 영문 자막 대조,35.98,T3,화자·문맥·자연스러움 집중 검토,,53.536754507628295,43.35,P3,말투·질문응답·가독성 위주 검토
ABF-196,사진 대조 1차 교정본,287,"01:01:55,970 --> 01:01:57,050",1.08,장난 아냐,응.,직접 만져줬으면 해?,반응형,sub_0287_3716.0s.jpg,0.03,,,25.0,90.0,50.0,78.0,75.0,0.49795,0.0,66.0,0.0,0.0,0.3862,장난 아냐... 기분 좋아.,장난 아냐… 기분 좋아.,,35.97,T3,화자·문맥·자연스러움 집중 검토,,53.398058252427184,43.29,P3,말투·질문응답·가독성 위주 검토
ABF-196,사진 대조 1차 교정본,272,"00:59:36,960 --> 00:59:38,600",1.64,잠깐 기다려.,조금만 더 기다려 줘.,잠깐만 기다려 줘.,반응형,sub_0272_3577.0s.jpg,0.04,,,25.0,90.0,50.0,78.0,75.0,0.49761,0.0,66.0,0.0,0.0,0.5124,기다려...,기다려…,,35.96,T3,화자·문맥·자연스러움 집중 검토,,53.25936199722607,43.23,P3,말투·질문응답·가독성 위주 검토
ABF-196,사진 대조 1차 교정본,342,"01:15:32,750 --> 01:15:33,590",0.84,맛있어 보여.,여기는 좋아하는 거야?,잠깐만...,반응형,sub_0342_4532.8s.jpg,0.05,,,25.0,90.0,50.0,78.0,75.0,0.49531,0.0,66.0,0.0,0.0,0.6239,잘 안 보여.,"응, 그렇네.",일본어 원문 + 타임스탬프 사진 + 장면 연속성,35.86,T3,화자·문맥·자연스러움 집중 검토,,53.12066574202496,43.11,P3,말투·질문응답·가독성 위주 검토
ABF-196,사진 대조 1차 교정본,504,"02:13:26,060 --> 02:13:26,560",0.5,기분 좋아?,엄청 기분 좋구나.,엄청 섰어.,반응형,sub_0504_8006.1s.jpg,0.04,,,25.0,90.0,50.0,78.0,75.0,0.49299,0.0,66.0,0.0,0.0,0.5949,"아, 거기... 기분 좋아?","아, 거기… 기분 좋아?",,35.77,T3,화자·문맥·자연스러움 집중 검토,,52.98196948682386,43.0,P3,말투·질문응답·가독성 위주 검토
ABF-196,사진 대조 1차 교정본,536,"02:19:23,440 --> 02:19:26,260",2.82,이거 맛있어.,대단해.,그거 맛있어...,반응형,sub_0536_8363.4s.jpg,0.04,,,25.0,90.0,50.0,78.0,75.0,0.49284,0.0,66.0,0.0,0.0,0.5479,"음-, 맛있어.",음… 맛있어.,,35.76,T3,화자·문맥·자연스러움 집중 검토,,52.843273231622746,42.93,P3,말투·질문응답·가독성 위주 검토
ABF-196,사진 대조 1차 교정본,70,"00:20:58,490 --> 00:20:59,950",1.46,"무서워, 무서워.",그거 장난 아냐.,응?,중립·혼합형,sub_0070_1258.5s.jpg,0.01,,,25.0,90.0,50.0,78.0,75.0,0.45535,8.69,66.0,0.0,0.0,0.7225,좀 더 무서워.,좀 무서워.,,35.75,T3,화자·문맥·자연스러움 집중 검토,,52.704576976421635,42.87,P3,말투·질문응답·가독성 위주 검토
ABF-196,사진 대조 1차 교정본,55,"00:19:27,710 --> 00:19:28,250",0.54,먹어보세요.,먹어보세요.,으응 에 우와!,반응형,sub_0055_1167.7s.jpg,0.01,,,25.0,90.0,50.0,78.0,75.0,0.31235,42.0,66.0,0.0,0.0,1.0,먹어보세요.,먹어 봐.,,35.74,T3,화자·문맥·자연스러움 집중 검토,,52.56588072122052,42.81,P3,말투·질문응답·가독성 위주 검토
ABF-196,사진 대조 1차 교정본,37,"00:13:07,500 --> 00:13:09,220",1.72,괜찮아? 먹어볼게.,"아, 조금 좋아.",괜찮아? 먹어볼게.,반응형,sub_0037_787.5s.jpg,0.0,,,25.0,90.0,50.0,78.0,75.0,0.49142,0.0,66.0,0.0,0.0,0.3755,"또, 먹어볼게요.",다시 빨아 볼게요.,손상된 일본어 ASR + 타임스탬프 사진 + 앞뒤 문맥 추론,35.7,T3,화자·문맥·자연스러움 집중 검토,,52.42718446601942,42.73,P3,말투·질문응답·가독성 위주 검토
ABF-196,사진 대조 1차 교정본,112,"00:28:33,720 --> 00:28:35,960",2.24,"좋아, 더 해 줘.",피하면 안 되겠어.,으응... 자고 싶어.,반응형,sub_0112_1713.7s.jpg,0.02,,,25.0,90.0,50.0,78.0,75.0,0.49118,0.0,66.0,0.0,0.0,0.5913,좀 더 해 줘.,보여?,일본어 원문 + 타임스탬프 사진 + 장면 연속성,35.69,T3,화자·문맥·자연스러움 집중 검토,,52.28848821081831,42.66,P3,말투·질문응답·가독성 위주 검토
ABF-196,사진 대조 1차 교정본,268,"00:55:27,490 --> 00:56:16,800",49.31,"아, 아, 아...","아, 거기.",아...,반응형,sub_0268_3327.5s.jpg,0.01,,,25.0,90.0,50.0,78.0,75.0,0.31042,42.0,66.0,0.0,0.0,1.0,"아, 아, 아...","아, 아, 아…",,35.66,T3,화자·문맥·자연스러움 집중 검토,,52.1497919556172,42.59,P3,말투·질문응답·가독성 위주 검토
ABF-196,사진 대조 1차 교정본,706,"03:04:03,540 --> 03:04:04,720",1.18,갈게~.,아~이거구나.,그대로 받아 줘. 더 세게 할게.,중립·혼합형,sub_0706_11043.5s.jpg,0.04,,,25.0,90.0,50.0,78.0,75.0,0.30969,42.0,66.0,0.0,0.0,1.0,갈게~.,갈게…,,35.63,T3,화자·문맥·자연스러움 집중 검토,,52.011095700416085,42.51,P3,말투·질문응답·가독성 위주 검토
ABF-196,사진 대조 1차 교정본,676,"02:56:06,930 --> 02:56:08,170",1.24,"아, 굉장해.","아, 굉장해.",싫어...,반응형,sub_0676_10566.9s.jpg,0.03,,,25.0,90.0,50.0,78.0,75.0,0.30942,42.0,66.0,0.0,0.0,1.0,"아, 굉장해.","아, 엄청나.",,35.62,T3,화자·문맥·자연스러움 집중 검토,,51.87239944521498,42.45,P3,말투·질문응답·가독성 위주 검토
ABF-196,사진 대조 1차 교정본,200,"00:44:37,480 --> 00:44:41,180",3.7,"하나씩, 하나씩.",아... 잠깐만...,"갈게, 갈게... 한 번 더.",중립·혼합형,sub_0200_2677.5s.jpg,0.02,,,25.0,90.0,50.0,78.0,75.0,0.48859,0.0,66.0,0.0,0.0,0.115,"아아, 이제 하나가 되고 싶다고.",이제 너와 하나가 되고 싶어.,화면 영문 자막 대조,35.58,T3,화자·문맥·자연스러움 집중 검토,,51.73370319001387,42.36,P3,말투·질문응답·가독성 위주 검토
ABF-196,사진 대조 1차 교정본,369,"01:28:03,430 --> 01:28:06,330",2.9,먹어보세요.,안녕하세요.,먹어보세요.,반응형,sub_0369_5283.4s.jpg,0.03,,,25.0,90.0,50.0,78.0,75.0,0.30816,42.0,66.0,0.0,0.0,1.0,먹어보세요.,먹어 봐.,,35.56,T3,화자·문맥·자연스러움 집중 검토,,51.59500693481276,42.29,P3,말투·질문응답·가독성 위주 검토
ABF-196,사진 대조 1차 교정본,476,"02:06:55,720 --> 02:06:56,740",1.02,또 실패했네.,실패했어.,기다리고 있을게.,반말형,sub_0476_7615.7s.jpg,0.02,,,25.0,90.0,50.0,78.0,75.0,0.48703,0.0,66.0,0.0,0.0,0.1859,오늘 진짜 엄청 했네.,오늘 진짜 실컷 했네.,일본어 원문 대조 + 자연스러운 한국어 대사 교정,35.52,T3,화자·문맥·자연스러움 집중 검토,,51.45631067961165,42.21,P3,말투·질문응답·가독성 위주 검토
ABF-196,사진 대조 1차 교정본,33,"00:12:20,470 --> 00:12:21,370",0.9,한 번 정도...,"아, 기분 좋아.",괜찮아?,중립·혼합형,sub_0033_740.5s.jpg,0.03,,,25.0,90.0,50.0,78.0,75.0,0.30548,42.0,66.0,0.0,0.0,1.0,한 번 정도...,한 번 정도…,,35.45,T3,화자·문맥·자연스러움 집중 검토,,51.31761442441054,42.11,P3,말투·질문응답·가독성 위주 검토
ABF-196,사진 대조 1차 교정본,496,"02:12:15,880 --> 02:12:17,440",1.56,"거기, 거기 해 줘.","아, 아, 아, 굉장해. 따뜻한 느낌이야.",더 혀 내밀어.,반말형,sub_0496_7935.9s.jpg,0.02,,,25.0,90.0,50.0,78.0,75.0,0.48529,0.0,66.0,0.0,0.0,0.604,"거기, 거기...","거기, 거기…",,35.44,T3,화자·문맥·자연스러움 집중 검토,,51.17891816920943,42.05,P3,말투·질문응답·가독성 위주 검토
ABF-196,사진 대조 1차 교정본,663,"02:52:31,110 --> 02:53:08,310",37.2,"아, 아, 아...","아, 기분 좋아.","응, 알겠어.",반응형,sub_0663_10351.1s.jpg,0.01,,,25.0,90.0,50.0,78.0,75.0,0.30405,42.0,66.0,0.0,0.0,1.0,"아, 아, 아...","아, 아, 아…",,35.39,T3,화자·문맥·자연스러움 집중 검토,,51.04022191400832,41.96,P3,말투·질문응답·가독성 위주 검토
ABF-196,사진 대조 1차 교정본,256,"00:52:40,470 --> 00:52:41,930",1.46,기분 좋아.,기분 좋아.,"윽, 장난 아냐.",반응형,sub_0256_3160.5s.jpg,0.03,,,25.0,90.0,50.0,78.0,75.0,0.30385,42.0,66.0,0.0,0.0,1.0,기분 좋아.,"아, 좋아.",화면 영문 자막 대조,35.38,T3,화자·문맥·자연스러움 집중 검토,,50.90152565880721,41.9,P3,말투·질문응답·가독성 위주 검토
ABF-196,사진 대조 1차 교정본,611,"02:36:14,500 --> 02:36:50,120",35.62,아아------.,우와-.,아아------.,반응형,sub_0611_9374.5s.jpg,0.0,,,25.0,90.0,50.0,78.0,75.0,0.30366,42.0,66.0,0.0,0.0,1.0,아아------.,아아…,,35.37,T3,화자·문맥·자연스러움 집중 검토,,50.762829403606105,41.83,P3,말투·질문응답·가독성 위주 검토
ABF-196,사진 대조 1차 교정본,341,"01:15:11,590 --> 01:15:12,370",0.78,여기는 좋아하는 거야?,맛있습니다.,맛있어 보여.,반응형,sub_0341_4511.6s.jpg,0.01,,,25.0,90.0,50.0,78.0,75.0,0.44791,0.0,66.0,0.0,18.0,0.3938,다리 좋아하는 남자.,다리 좋아하는 남자 많잖아.,일본어 원문 대조 + 자연스러운 한국어 대사 교정,35.31,T3,화자·문맥·자연스러움 집중 검토,formality_shift,50.624133148404994,41.74,P3,말투·질문응답·가독성 위주 검토
ABF-196,사진 대조 1차 교정본,463,"02:02:21,840 --> 02:02:31,550",9.71,"죄송해요, 배가 아파서.","아, 아, 아...",제대로 해 보자.,반응형,sub_0463_7341.8s.jpg,0.04,,,25.0,90.0,50.0,78.0,75.0,0.48185,0.0,66.0,0.0,0.0,0.3273,"하앗, 죄송해요.","하앗, 기분 좋아요.",장면·앞뒤 반응 복원,35.3,T3,화자·문맥·자연스러움 집중 검토,,50.48543689320388,41.68,P3,말투·질문응답·가독성 위주 검토
ABF-196,사진 대조 1차 교정본,591,"02:30:46,130 --> 02:30:57,150",11.02,"아, 이거.",엄청 힘들어져.,"아, 거기는.",반응형,sub_0591_9046.1s.jpg,0.03,,,25.0,90.0,50.0,78.0,75.0,0.41904,14.43,66.0,0.0,0.0,0.7702,"네, 이거.","네, 해 볼게요.",사진 장면 확인 및 한국어 번역투·ASR 오역 교정,35.26,T3,화자·문맥·자연스러움 집중 검토,,50.34674063800277,41.6,P3,말투·질문응답·가독성 위주 검토
ABF-196,사진 대조 1차 교정본,626,"02:42:35,520 --> 02:42:42,240",6.72,무서워...,"아, 대단해.","아, 역시 거기.",중립·혼합형,sub_0626_9755.5s.jpg,0.02,,,25.0,90.0,50.0,78.0,75.0,0.30075,42.0,66.0,0.0,0.0,1.0,무서워...,무서워…,,35.25,T3,화자·문맥·자연스러움 집중 검토,,50.13869625520111,41.5,P3,말투·질문응답·가독성 위주 검토
ABF-196,사진 대조 1차 교정본,664,"02:53:36,980 --> 02:53:38,500",1.52,"응, 알겠어.","아, 아, 아...",배가 좀 아파.,반응형,sub_0664_10417.0s.jpg,0.02,,,25.0,90.0,50.0,78.0,75.0,0.4435,8.66,66.0,0.0,0.0,0.7222,왠지 알겠어.,어떻게 알았어?,손상된 일본어 ASR + 타임스탬프 사진 + 앞뒤 문맥 추론,35.25,T3,화자·문맥·자연스러움 집중 검토,,50.13869625520111,41.5,P3,말투·질문응답·가독성 위주 검토
ABF-196,사진 대조 1차 교정본,538,"02:20:05,790 --> 02:20:07,290",1.5,좋네.,그거 맛있어...,응응...,반말형,sub_0538_8405.8s.jpg,0.01,,,25.0,90.0,50.0,78.0,75.0,0.3003,42.0,66.0,0.0,0.0,1.0,좋네.,좋아.,일본어 원문 대조 + 자연스러운 한국어 대사 교정,35.23,T3,화자·문맥·자연스러움 집중 검토,,49.930651872399444,41.4,P3,말투·질문응답·가독성 위주 검토
ABF-196,사진 대조 1차 교정본,438,"01:49:01,320 --> 01:49:02,980",1.66,잠깐만...,잠깐만 기다려.,아...,반응형,sub_0438_6541.3s.jpg,0.02,,,25.0,90.0,50.0,78.0,75.0,0.29953,42.0,66.0,0.0,0.0,1.0,잠깐만...,잠깐만…,,35.2,T3,화자·문맥·자연스러움 집중 검토,,49.79195561719833,41.33,P3,말투·질문응답·가독성 위주 검토
ABF-196,사진 대조 1차 교정본,266,"00:54:57,790 --> 00:54:59,090",1.3,입에 싸줘.,소리가 났어.,"아, 거기.",중립·혼합형,sub_0266_3297.8s.jpg,0.01,,,25.0,90.0,50.0,78.0,75.0,0.47902,0.0,66.0,0.0,0.0,0.3265,입에 넣어 봐...,입에 넣어 봐…,,35.18,T3,화자·문맥·자연스러움 집중 검토,,49.65325936199723,41.26,P3,말투·질문응답·가독성 위주 검토
ABF-196,사진 대조 1차 교정본,167,"00:38:32,610 --> 00:38:41,070",8.46,"아, 좋다.",조금만 더...,하는 것…,반응형,sub_0167_2312.6s.jpg,0.01,,,25.0,90.0,50.0,78.0,75.0,0.47868,0.0,66.0,0.0,0.0,0.3719,"아, 아, 아, 아, 아, 아, 아,","아, 아, 아, 아, 아, 아, 아",,35.16,T3,화자·문맥·자연스러움 집중 검토,,49.51456310679612,41.19,P3,말투·질문응답·가독성 위주 검토
ABF-196,사진 대조 1차 교정본,137,"00:32:50,990 --> 00:32:54,210",3.22,두 번째는 쉬면 안 돼.,"아, 거기...",아-----!,중립·혼합형,sub_0137_1971.0s.jpg,0.01,,,25.0,90.0,50.0,78.0,75.0,0.47809,0.0,66.0,0.0,0.0,0.4404,안 돼.,"네, 놀랐어요.",타임스탬프 사진과 앞뒤 장면으로 대사 기능 복원,35.14,T3,화자·문맥·자연스러움 집중 검토,,49.30651872399445,41.09,P3,말투·질문응답·가독성 위주 검토
ABF-196,사진 대조 1차 교정본,430,"01:46:29,480 --> 01:46:32,960",3.48,첫 번째 자극이야.,아...,괜찮습니다.,반말형,sub_0430_6389.5s.jpg,0.02,,,25.0,90.0,50.0,78.0,75.0,0.44379,0.0,66.0,0.0,18.0,0.2298,"아, 그게 여섯 번째 움직임이야.",자꾸 허리가 움직이네.,타임스탬프 사진과 장면 흐름으로 명백한 오인식 교정,35.14,T3,화자·문맥·자연스러움 집중 검토,formality_shift,49.30651872399445,41.09,P3,말투·질문응답·가독성 위주 검토
ABF-196,사진 대조 1차 교정본,490,"02:09:32,900 --> 02:09:34,600",1.7,하아-.,"빨리, 빨리!",하아-.,반응형,sub_0490_7772.9s.jpg,0.0,,,25.0,90.0,50.0,78.0,75.0,0.47732,0.0,66.0,0.0,0.0,0.1978,아-...,아-…,,35.11,T3,화자·문맥·자연스러움 집중 검토,,49.029126213592235,40.96,P3,말투·질문응답·가독성 위주 검토
ABF-196,사진 대조 1차 교정본,568,"02:27:45,570 --> 02:27:46,110",0.54,가슴이네.,아-.,떨리고 있어... 기분 좋아?,반말형,sub_0568_8865.6s.jpg,0.03,,,25.0,90.0,50.0,78.0,79.0,0.47174,0.0,66.0,0.0,0.0,0.6186,정말 예쁜 가슴이네...,정말 예쁜 가슴이네…,,35.11,T3,화자·문맥·자연스러움 집중 검토,,49.029126213592235,40.96,P3,말투·질문응답·가독성 위주 검토
ABF-196,사진 대조 1차 교정본,65,"00:20:32,130 --> 00:20:33,770",1.64,위험해.,위험해.,기분 좋아.,반말형,sub_0065_1232.1s.jpg,0.03,,,25.0,90.0,50.0,78.0,75.0,0.29673,42.0,66.0,0.0,0.0,1.0,위험해.,큰일 나.,,35.08,T3,화자·문맥·자연스러움 집중 검토,,48.82108183079057,40.85,P3,말투·질문응답·가독성 위주 검토
ABF-196,사진 대조 1차 교정본,329,"01:12:11,400 --> 01:12:13,420",2.02,잠깐만...,숨을 들이마시세요.,"아, 그렇게 해.",반응형,sub_0329_4331.4s.jpg,0.0,,,25.0,90.0,50.0,78.0,75.0,0.29616,42.0,66.0,0.0,0.0,1.0,잠깐만...,잠깐만…,,35.06,T3,화자·문맥·자연스러움 집중 검토,,48.68238557558946,40.78,P3,말투·질문응답·가독성 위주 검토
ABF-196,사진 대조 1차 교정본,615,"02:37:27,420 --> 02:37:28,880",1.46,먹어줬으면 해?,좋아!,그렇게 해 주니까 좋아.,반응형,sub_0615_9447.4s.jpg,0.02,,,25.0,90.0,50.0,78.0,75.0,0.47489,0.0,66.0,0.0,0.0,0.631,먹어줬으면 해서... 앗!,먹어줬으면 해서… 앗!,,35.01,T3,화자·문맥·자연스러움 집중 검토,,48.54368932038835,40.69,P3,말투·질문응답·가독성 위주 검토
ABF-196,사진 대조 1차 교정본,638,"02:45:53,790 --> 02:45:55,130",1.34,이쪽...,기분 좋아... 숨이 가빠.,"아-, 굉장해. 아-, 장난 아냐.
아-, 기분 좋아. 더 핥아 줘.",중립·혼합형,sub_0638_9953.8s.jpg,0.01,,,25.0,90.0,50.0,78.0,75.0,0.29386,42.0,66.0,0.0,0.0,1.0,이쪽...,이쪽…,,34.96,T4,구조검사 통과 시 유지,,48.40499306518724,40.61,P3,말투·질문응답·가독성 위주 검토
ABF-196,사진 대조 1차 교정본,62,"00:20:22,630 --> 00:20:25,430",2.8,위험해.,기분 좋아,위험해.,반말형,sub_0062_1222.6s.jpg,0.03,,,25.0,90.0,50.0,78.0,75.0,0.29366,42.0,66.0,0.0,0.0,1.0,위험해.,큰일 나.,,34.95,T4,구조검사 통과 시 유지,,48.26629680998613,40.54,P3,말투·질문응답·가독성 위주 검토
ABF-196,사진 대조 1차 교정본,628,"02:42:46,060 --> 02:43:20,060",34.0,"아, 기분 좋아.","아, 역시 거기.",무서워.,반응형,sub_0628_9766.1s.jpg,0.04,,,25.0,90.0,50.0,78.0,75.0,0.35908,26.65,66.0,0.0,0.0,0.8721,기분 좋아.,"아, 좋아.",화면 영문 자막 대조,34.94,T4,구조검사 통과 시 유지,,48.12760055478502,40.48,P3,말투·질문응답·가독성 위주 검토
ABF-196,사진 대조 1차 교정본,553,"02:22:09,420 --> 02:22:13,020",3.6,잠깐만...,응-...,잠깐만...,반응형,sub_0553_8529.4s.jpg,0.02,,,25.0,90.0,50.0,78.0,75.0,0.29137,42.0,66.0,0.0,0.0,1.0,잠깐만...,잠깐만…,,34.86,T4,구조검사 통과 시 유지,,47.988904299583915,40.37,P3,말투·질문응답·가독성 위주 검토
ABF-196,사진 대조 1차 교정본,420,"01:44:34,390 --> 01:44:37,430",3.04,조심하면 괜찮아.,아...,이제 빨리 눕자.,반응형,sub_0420_6274.4s.jpg,0.01,,,25.0,90.0,50.0,78.0,75.0,0.47105,0.0,66.0,0.0,0.0,0.5717,괜찮아.,최고예요.,화면 영문 자막 대조,34.84,T4,구조검사 통과 시 유지,,47.8502080443828,40.3,P3,말투·질문응답·가독성 위주 검토
ABF-196,사진 대조 1차 교정본,425,"01:45:04,320 --> 01:45:05,820",1.5,그게 기분 좋아.,"어이, 어이.","어이, 어이.",반응형,sub_0425_6304.3s.jpg,0.02,,,25.0,90.0,50.0,78.0,75.0,0.43994,7.14,66.0,0.0,0.0,0.7095,기분 좋아.,"아, 좋아.",화면 영문 자막 대조,34.82,T4,구조검사 통과 시 유지,,47.71151178918169,40.23,P3,말투·질문응답·가독성 위주 검토
ABF-196,사진 대조 1차 교정본,657,"02:51:47,120 --> 02:51:49,420",2.3,"네, 기분 좋아.","응, 좋아.","아, 대단해.",반응형,sub_0657_10307.1s.jpg,0.02,,,25.0,90.0,50.0,78.0,75.0,0.41859,12.04,66.0,0.0,0.0,0.7503,기분 좋아.,"아, 좋아.",화면 영문 자막 대조,34.81,T4,구조검사 통과 시 유지,,47.57281553398058,40.17,P3,말투·질문응답·가독성 위주 검토
ABF-196,사진 대조 1차 교정본,110,"00:28:09,920 --> 00:28:11,420",1.5,"좋아, 확실하네.",괜찮아.,피하면 안 되겠어.,반응형,sub_0110_1689.9s.jpg,0.02,,,25.0,90.0,50.0,78.0,75.0,0.46968,0.0,66.0,0.0,0.0,0.2681,"좋아, 조금만 더...","좋아, 조금만 더…",,34.79,T4,구조검사 통과 시 유지,,47.43411927877948,40.1,P3,말투·질문응답·가독성 위주 검토
ABF-196,사진 대조 1차 교정본,434,"01:46:36,120 --> 01:47:34,920",58.8,"아, 아, 아...",괜찮습니다!,난 뭘 하면 돼?,반응형,sub_0434_6396.1s.jpg,0.02,,,25.0,90.0,50.0,78.0,75.0,0.28942,42.0,66.0,0.0,0.0,1.0,"아, 아, 아...","아, 아, 아…",,34.78,T4,구조검사 통과 시 유지,,47.295423023578365,40.04,P3,말투·질문응답·가독성 위주 검토
ABF-196,사진 대조 1차 교정본,94,"00:24:08,390 --> 00:24:09,670",1.28,좋아...,맛있어...,잠깐만...,반응형,sub_0094_1448.4s.jpg,0.01,,,25.0,90.0,50.0,78.0,75.0,0.2892,42.0,66.0,0.0,0.0,1.0,좋아...,좋아…,,34.77,T4,구조검사 통과 시 유지,,47.156726768377254,39.97,P4,회귀검사 통과 시 유지
ABF-196,사진 대조 1차 교정본,11,"00:07:46,510 --> 00:07:49,870",3.36,"아, 아...",숨을 들이마시세요.,벌써 끝이 움찔거리고 있어.,반응형,sub_0011_466.5s.jpg,0.01,,,25.0,90.0,50.0,78.0,75.0,0.28861,42.0,66.0,0.0,0.0,1.0,"아, 아...","아, 아…",,34.74,T4,구조검사 통과 시 유지,,47.01803051317614,39.9,P4,회귀검사 통과 시 유지
ABF-196,사진 대조 1차 교정본,606,"02:34:53,880 --> 02:34:56,360",2.48,엄청 단단해.,아...,너무 기분 좋아.,반말형,sub_0606_9293.9s.jpg,0.02,,,25.0,90.0,50.0,78.0,75.0,0.46725,0.0,66.0,0.0,0.0,0.3644,"아, 대단해. 엄청 단단하게 섰어...","아, 대단해. 엄청 단단하게 섰어…",,34.68,T4,구조검사 통과 시 유지,,46.87933425797504,39.8,P4,회귀검사 통과 시 유지
ABF-196,사진 대조 1차 교정본,121,"00:30:19,390 --> 00:30:29,190",9.8,"아, 기분 좋아.",클리...,대단해. 기분 좋아.,반응형,sub_0121_1819.4s.jpg,0.01,,,25.0,90.0,50.0,78.0,75.0,0.35091,26.65,66.0,0.0,0.0,0.8721,기분 좋아.,"아, 좋아.",화면 영문 자막 대조,34.6,T4,구조검사 통과 시 유지,,46.74063800277393,39.7,P4,회귀검사 통과 시 유지
ABF-196,사진 대조 1차 교정본,506,"02:13:27,300 --> 02:13:29,320",2.02,기분 좋아?,엄청 섰어.,엄청 움찔움찔하고 있어.,반응형,sub_0506_8007.3s.jpg,0.0,,,25.0,90.0,50.0,78.0,75.0,0.46453,0.0,66.0,0.0,0.0,0.5949,"아, 거기... 기분 좋아?","아, 거기… 기분 좋아?",,34.57,T4,구조검사 통과 시 유지,,46.601941747572816,39.62,P4,회귀검사 통과 시 유지
ABF-196,사진 대조 1차 교정본,79,"00:21:49,330 --> 00:21:50,530",1.2,좋네.,무서워 무서워.,좋네.,반말형,sub_0079_1309.3s.jpg,0.03,,,25.0,90.0,50.0,78.0,75.0,0.28375,42.0,66.0,0.0,0.0,1.0,좋네.,좋아.,일본어 원문 대조 + 자연스러운 한국어 대사 교정,34.54,T4,구조검사 통과 시 유지,,46.463245492371705,39.55,P4,회귀검사 통과 시 유지
ABF-196,사진 대조 1차 교정본,543,"02:21:24,560 --> 02:21:44,900",20.34,응-...,저쪽을 좀 봐.,응-...,반응형,sub_0543_8484.6s.jpg,0.04,,,25.0,90.0,50.0,78.0,75.0,0.28365,42.0,66.0,0.0,0.0,1.0,응-...,응-…,,34.53,T4,구조검사 통과 시 유지,,46.3245492371706,39.48,P4,회귀검사 통과 시 유지
ABF-196,사진 대조 1차 교정본,338,"01:14:41,710 --> 01:14:51,880",10.17,삼킬래? 응.,아아...,안쪽까지 잔뜩 넣어 줘.,반응형,sub_0338_4481.7s.jpg,0.01,,,25.0,90.0,50.0,78.0,75.0,0.46161,0.0,66.0,0.0,0.0,0.1959,유두? 응.,젖꼭지? 응.,,34.45,T4,구조검사 통과 시 유지,,46.18585298196949,39.38,P4,회귀검사 통과 시 유지
ABF-196,사진 대조 1차 교정본,647,"02:49:01,060 --> 02:49:02,520",1.46,기분 좋아.,굉장해.,"아, 잠깐 멈춰.",반응형,sub_0647_10141.1s.jpg,0.04,,,25.0,90.0,50.0,78.0,75.0,0.28115,42.0,66.0,0.0,0.0,1.0,기분 좋아.,"아, 좋아.",화면 영문 자막 대조,34.43,T4,구조검사 통과 시 유지,,46.04715672676838,39.31,P4,회귀검사 통과 시 유지
ABF-196,사진 대조 1차 교정본,7,"00:06:03,890 --> 00:06:05,110",1.22,"아, 해버렸어.",아!,"아, 아, 아!",반응형,sub_0007_363.9s.jpg,0.01,,,25.0,90.0,50.0,78.0,75.0,0.28091,42.0,66.0,0.0,0.0,1.0,"아, 해버렸어.","아, 해 버렸어.",,34.42,T4,구조검사 통과 시 유지,,45.83911234396672,39.22,P4,회귀검사 통과 시 유지
ABF-196,사진 대조 1차 교정본,645,"02:48:43,330 --> 02:48:44,810",1.48,기분 좋아.,깨물 수 있어.,굉장해.,반응형,sub_0645_10123.3s.jpg,0.03,,,25.0,90.0,50.0,78.0,75.0,0.281,42.0,66.0,0.0,0.0,1.0,기분 좋아.,"아, 좋아.",화면 영문 자막 대조,34.42,T4,구조검사 통과 시 유지,,45.83911234396672,39.22,P4,회귀검사 통과 시 유지
ABF-196,사진 대조 1차 교정본,660,"02:52:03,310 --> 02:52:15,180",11.87,"아, 안 돼, 안 돼, 안 돼.","아, 아파.","아, 어디...",중립·혼합형,sub_0660_10323.3s.jpg,0.01,,,25.0,90.0,50.0,78.0,75.0,0.44523,3.46,66.0,0.0,0.0,0.6788,"아, 좋아... 안 돼, 안 돼...","아, 좋아… 안 돼, 안 돼…",,34.38,T4,구조검사 통과 시 유지,,45.63106796116505,39.11,P4,회귀검사 통과 시 유지
ABF-196,사진 대조 1차 교정본,570,"02:27:48,530 --> 02:27:49,150",0.62,가슴.,떨리고 있어... 기분 좋아?,아~.,중립·혼합형,sub_0570_8868.5s.jpg,0.03,,,25.0,90.0,50.0,78.0,79.0,0.45382,0.0,66.0,0.0,0.0,0.1433,가슴을 대고...,가슴을 대고…,,34.36,T4,구조검사 통과 시 유지,,45.423023578363384,39.01,P4,회귀검사 통과 시 유지
ABF-196,사진 대조 1차 교정본,673,"02:54:53,650 --> 02:54:54,980",1.33,"이제, 이제, 이제.",잠깐 기다려.,해 줬어.,중립·혼합형,sub_0673_10493.6s.jpg,0.05,,,25.0,90.0,50.0,78.0,75.0,0.45948,0.0,66.0,0.0,0.0,0.5326,"이제, 이제 무리예요.",이제 정말 무리예요.,사진 장면 확인 및 한국어 번역투·ASR 오역 교정,34.36,T4,구조검사 통과 시 유지,,45.423023578363384,39.01,P4,회귀검사 통과 시 유지
ABF-196,사진 대조 1차 교정본,539,"02:20:28,350 --> 02:20:30,050",1.7,응응...,좋네.,응응!,반응형,sub_0539_8428.4s.jpg,0.05,,,25.0,90.0,50.0,78.0,75.0,0.27934,42.0,66.0,0.0,0.0,1.0,응응...,응응…,,34.35,T4,구조검사 통과 시 유지,,45.214979195561725,38.91,P4,회귀검사 통과 시 유지
ABF-196,사진 대조 1차 교정본,178,"00:41:15,310 --> 00:41:16,890",1.58,앗...,정말...,앗...,반응형,sub_0178_2475.3s.jpg,0.01,,,25.0,90.0,50.0,78.0,75.0,0.2788,42.0,66.0,0.0,0.0,1.0,앗...,앗…,,34.33,T4,구조검사 통과 시 유지,,45.07628294036061,38.84,P4,회귀검사 통과 시 유지
ABF-196,사진 대조 1차 교정본,246,"00:50:20,590 --> 00:50:21,410",0.82,대단해.,기분 좋아.,기분 좋아.,반말형,sub_0246_3020.6s.jpg,0.01,,,25.0,90.0,50.0,78.0,75.0,0.27798,42.0,66.0,0.0,0.0,1.0,대단해.,기분 좋네.,일본어 원문 + 타임스탬프 사진 + 장면 연속성,34.3,T4,구조검사 통과 시 유지,,44.868238557558946,38.74,P4,회귀검사 통과 시 유지
ABF-196,사진 대조 1차 교정본,588,"02:29:58,860 --> 02:29:59,880",1.02,잠깐 기다려.,아빠... 엄마...,잠깐 기다려.,반응형,sub_0588_8998.9s.jpg,0.04,,,25.0,90.0,50.0,78.0,75.0,0.45817,0.0,66.0,0.0,0.0,0.5124,기다려...,기다려…,,34.3,T4,구조검사 통과 시 유지,,44.868238557558946,38.74,P4,회귀검사 통과 시 유지
ABF-196,사진 대조 1차 교정본,713,"03:04:58,280 --> 03:05:00,190",1.91,"왜, 기분 좋아?",엉망진창이야.,가자.,반응형,sub_0713_11098.3s.jpg,0.02,,,25.0,90.0,50.0,78.0,75.0,0.45772,0.0,66.0,0.0,0.0,0.4196,"아, 거기... 기분 좋아?","아, 거기… 기분 좋아?",,34.28,T4,구조검사 통과 시 유지,,44.66019417475729,38.64,P4,회귀검사 통과 시 유지
ABF-196,사진 대조 1차 교정본,595,"02:32:14,580 --> 02:32:21,810",7.23,잠깐만...,세 번째... 첫 번째... 다섯 번째...,잠깐 쉬자.,반응형,sub_0595_9134.6s.jpg,0.02,,,25.0,90.0,50.0,78.0,75.0,0.2763,42.0,66.0,0.0,0.0,1.0,잠깐만...,잠깐만…,,34.22,T4,구조검사 통과 시 유지,,44.521497919556175,38.55,P4,회귀검사 통과 시 유지
ABF-196,사진 대조 1차 교정본,78,"00:21:34,700 --> 00:21:35,760",1.06,무서워 무서워.,좋아.,좋네.,중립·혼합형,sub_0078_1294.7s.jpg,0.0,,,25.0,90.0,50.0,78.0,75.0,0.38673,15.58,66.0,0.0,0.0,0.7798,좀 더 무서워.,좀 무서워.,,34.11,T4,구조검사 통과 시 유지,,44.31345353675451,38.4,P4,회귀검사 통과 시 유지
ABF-196,사진 대조 1차 교정본,701,"03:03:20,800 --> 03:03:21,900",1.1,너는 이미…,미안해.,미안해.,중립·혼합형,sub_0701_11000.8s.jpg,0.0,,,25.0,90.0,50.0,78.0,75.0,0.45368,0.0,66.0,0.0,0.0,0.0945,이미 넘어가 버린 것 같네...,이미 넘어가 버린 것 같네…,,34.11,T4,구조검사 통과 시 유지,,44.31345353675451,38.4,P4,회귀검사 통과 시 유지
ABF-196,사진 대조 1차 교정본,466,"02:03:13,630 --> 02:03:21,780",8.15,응. 응. 응.,그리고 마무리해 줘.,치호치…,반응형,sub_0466_7393.6s.jpg,0.03,,,25.0,90.0,50.0,78.0,75.0,0.45237,0.0,66.0,0.0,0.0,0.4951,"하-, 응.",하아… 응.,,34.06,T4,구조검사 통과 시 유지,,44.10540915395285,38.28,P4,회귀검사 통과 시 유지
ABF-196,사진 대조 1차 교정본,407,"01:40:48,740 --> 01:41:03,380",14.64,너도 먹었지.,첫 번째야.,양쪽 다 먹어 줘.,반말형,sub_0407_6048.7s.jpg,0.04,,,25.0,90.0,50.0,78.0,75.0,0.45196,0.0,66.0,0.0,0.0,0.2498,너도 기분 좋지!,너도 좋지?,대화체 자연화,34.04,T4,구조검사 통과 시 유지,,43.89736477115118,38.18,P4,회귀검사 통과 시 유지
ABF-196,사진 대조 1차 교정본,482,"02:08:11,960 --> 02:08:12,240",0.28,괜찮아.,이제 둘이서 하자.,괜찮아.,반응형,sub_0482_7692.0s.jpg,0.04,,,25.0,90.0,50.0,78.0,75.0,0.27183,42.0,66.0,0.0,0.0,1.0,괜찮아.,최고예요.,화면 영문 자막 대조,34.04,T4,구조검사 통과 시 유지,,43.89736477115118,38.18,P4,회귀검사 통과 시 유지
ABF-196,사진 대조 1차 교정본,291,"01:02:19,060 --> 01:02:20,500",1.44,엄청 단단해졌어,"와-, 굉장해","아, 기분 좋아. 기분 좋아?",반응형,sub_0291_3739.1s.jpg,0.04,,,25.0,90.0,50.0,78.0,75.0,0.45136,0.0,66.0,0.0,0.0,0.2181,"아, 대단해. 엄청 단단하게 섰어...","아, 대단해. 엄청 단단하게 섰어…",,34.02,T4,구조검사 통과 시 유지,,43.689320388349515,38.08,P4,회귀검사 통과 시 유지
ABF-196,사진 대조 1차 교정본,577,"02:28:07,590 --> 02:28:08,090",0.5,굉장해.,으~.,아~.,반말형,sub_0577_8887.6s.jpg,0.01,,,25.0,90.0,50.0,78.0,75.0,0.27033,42.0,66.0,0.0,0.0,1.0,굉장해. 굉장해.,엄청나. 진짜 엄청나.,,33.97,T4,구조검사 통과 시 유지,,43.5506241331484,37.99,P4,회귀검사 통과 시 유지
ABF-196,사진 대조 1차 교정본,488,"02:08:56,220 --> 02:08:57,440",1.22,빨리 시작하자.,잠깐만 기다려 줘.,"빨리, 빨리!",중립·혼합형,sub_0488_7736.2s.jpg,0.02,,,25.0,90.0,50.0,78.0,75.0,0.44897,0.0,66.0,0.0,0.0,0.2959,빨리 핥아 봐.,빨리 핥아 줘.,화자 말투 자연화,33.92,T4,구조검사 통과 시 유지,,43.27323162274618,37.85,P4,회귀검사 통과 시 유지
ABF-196,사진 대조 1차 교정본,557,"02:23:51,760 --> 02:23:53,800",2.04,"아, 기분 좋아서 미안.",응.,아아.,반응형,sub_0557_8631.8s.jpg,0.04,,,25.0,90.0,50.0,78.0,75.0,0.44901,0.0,66.0,0.0,0.0,0.5916,정말 미안.,미안해.,일본어 원문 대조 + 자연스러운 한국어 대사 교정,33.92,T4,구조검사 통과 시 유지,,43.27323162274618,37.85,P4,회귀검사 통과 시 유지
ABF-196,사진 대조 1차 교정본,576,"02:28:06,770 --> 02:28:07,490",0.72,으~.,으응.,굉장해.,반응형,sub_0576_8886.8s.jpg,0.03,,,25.0,90.0,50.0,78.0,75.0,0.26917,42.0,66.0,0.0,0.0,1.0,으~.,으…,,33.92,T4,구조검사 통과 시 유지,,43.27323162274618,37.85,P4,회귀검사 통과 시 유지
ABF-196,사진 대조 1차 교정본,105,"00:26:21,520 --> 00:26:22,320",0.8,기분 좋아...,아...,응...,반응형,sub_0105_1581.5s.jpg,0.02,,,25.0,90.0,50.0,78.0,75.0,0.26587,42.0,66.0,0.0,0.0,1.0,기분 좋아...,기분 좋아…,,33.79,T4,구조검사 통과 시 유지,,42.857142857142854,37.6,P4,회귀검사 통과 시 유지
ABF-196,사진 대조 1차 교정본,618,"02:39:09,470 --> 02:39:24,120",14.65,올려 줘.,그렇게 해 주니까 좋아.,잠깐만 기다려 줘.,중립·혼합형,sub_0618_9549.5s.jpg,0.03,,,25.0,90.0,50.0,78.0,75.0,0.44593,0.0,66.0,0.0,0.0,0.322,좀 더 해 줘.,보여?,일본어 원문 + 타임스탬프 사진 + 장면 연속성,33.79,T4,구조검사 통과 시 유지,,42.857142857142854,37.6,P4,회귀검사 통과 시 유지
ABF-196,사진 대조 1차 교정본,712,"03:04:51,460 --> 03:04:57,910",6.45,엉망진창이야.,눈 감아.,"왜, 기분 좋아?",반말형,sub_0712_11091.5s.jpg,0.04,,,25.0,90.0,50.0,78.0,75.0,0.44585,0.0,66.0,0.0,0.0,0.1395,유두 말이야.,젖꼭지 말이야.,,33.79,T4,구조검사 통과 시 유지,,42.857142857142854,37.6,P4,회귀검사 통과 시 유지
ABF-196,사진 대조 1차 교정본,194,"00:43:17,620 --> 00:43:22,750",5.13,"아, 배가 아파.","아, 기분 좋아.",굉장해.,반응형,sub_0194_2597.6s.jpg,0.02,,,25.0,90.0,50.0,78.0,75.0,0.29603,34.91,66.0,0.0,0.0,0.9409,배가 아파.,안쪽이 아파.,,33.78,T4,구조검사 통과 시 유지,,42.57975034674064,37.48,P4,회귀검사 통과 시 유지
ABF-196,사진 대조 1차 교정본,264,"00:54:51,970 --> 00:54:52,950",0.98,잔뜩 싸줘.,"아아, 미치겠어.",소리가 났어.,중립·혼합형,sub_0264_3292.0s.jpg,0.03,,,25.0,90.0,50.0,78.0,75.0,0.44515,0.0,66.0,0.0,0.0,0.3876,잔뜩 쌀 거야.,걱정 마.,화면 영문 자막 대조,33.76,T4,구조검사 통과 시 유지,,42.44105409153953,37.41,P4,회귀검사 통과 시 유지
ABF-196,사진 대조 1차 교정본,157,"00:35:39,030 --> 00:35:40,890",1.86,기분 좋아.,기분 좋아.,하나 더.,반응형,sub_0157_2139.0s.jpg,0.03,,,25.0,90.0,50.0,78.0,75.0,0.26495,42.0,66.0,0.0,0.0,1.0,기분 좋아.,"아, 좋아.",화면 영문 자막 대조,33.75,T4,구조검사 통과 시 유지,,42.23300970873786,37.31,P4,회귀검사 통과 시 유지
ABF-196,사진 대조 1차 교정본,714,"03:05:00,810 --> 03:05:00,910",0.1,가자.,"왜, 기분 좋아?","아, 진짜 장난 아냐.",중립·혼합형,sub_0714_11100.8s.jpg,0.01,,,25.0,90.0,50.0,78.0,75.0,0.27825,0.0,66.0,70.0,0.0,0.2675,가자!,잘 부탁해!,사진 장면 확인 및 한국어 번역투·ASR 오역 교정,33.75,T4,구조검사 통과 시 유지,high_cps,42.23300970873786,37.31,P4,회귀검사 통과 시 유지
ABF-196,사진 대조 1차 교정본,678,"02:56:16,300 --> 02:56:18,600",2.3,"이거, 기분 좋아.",싫어...,힘들지?,반응형,sub_0678_10576.3s.jpg,0.0,,,25.0,90.0,50.0,78.0,75.0,0.44482,0.0,66.0,0.0,0.0,0.6149,"이거, 이거, 이거, 그거, 이거, 그 정도, 그 정도...","이거, 이거, 이거, 그거, 이거, 그 정도, 그 정도…",,33.74,T4,구조검사 통과 시 유지,,42.0249653259362,37.22,P4,회귀검사 통과 시 유지
ABF-196,사진 대조 1차 교정본,4,"00:05:22,860 --> 00:05:24,680",1.82,잠깐만...,잠깐만...,아!,반응형,sub_0004_322.9s.jpg,0.04,,,25.0,90.0,50.0,78.0,75.0,0.26407,42.0,66.0,0.0,0.0,1.0,잠깐만...,잠깐만…,,33.71,T4,구조검사 통과 시 유지,,41.88626907073509,37.14,P4,회귀검사 통과 시 유지
ABF-196,사진 대조 1차 교정본,156,"00:35:34,010 --> 00:35:35,450",1.44,기분 좋아.,대단해.,기분 좋아.,반응형,sub_0156_2134.0s.jpg,0.01,,,25.0,90.0,50.0,78.0,75.0,0.26339,42.0,66.0,0.0,0.0,1.0,기분 좋아.,"아, 좋아.",화면 영문 자막 대조,33.68,T4,구조검사 통과 시 유지,,41.67822468793342,37.04,P4,회귀검사 통과 시 유지
ABF-196,사진 대조 1차 교정본,444,"01:50:57,740 --> 01:51:12,920",15.18,잠깐만...,기다려...,다리 뻗어 줘...,반응형,sub_0444_6657.7s.jpg,0.04,,,25.0,90.0,50.0,78.0,75.0,0.26338,42.0,66.0,0.0,0.0,1.0,잠깐만...,잠깐만…,,33.68,T4,구조검사 통과 시 유지,,41.67822468793342,37.04,P4,회귀검사 통과 시 유지
ABF-196,사진 대조 1차 교정본,394,"01:36:42,300 --> 01:36:48,580",6.28,잠깐만...,잠깐만...,"으응, 으응.",반응형,sub_0394_5802.3s.jpg,0.0,,,25.0,90.0,50.0,78.0,75.0,0.26239,42.0,66.0,0.0,0.0,1.0,잠깐만...,잠깐만…,,33.64,T4,구조검사 통과 시 유지,,41.47018030513176,36.93,P4,회귀검사 통과 시 유지
ABF-196,사진 대조 1차 교정본,3,"00:05:20,060 --> 00:05:22,860",2.8,잠깐만...,응...,잠깐만...,반응형,sub_0003_320.1s.jpg,0.04,,,25.0,90.0,50.0,78.0,75.0,0.26182,42.0,66.0,0.0,0.0,1.0,잠깐만...,잠깐만…,,33.62,T4,구조검사 통과 시 유지,,41.33148404993065,36.86,P4,회귀검사 통과 시 유지
ABF-196,사진 대조 1차 교정본,238,"00:49:11,170 --> 00:49:11,290",0.12,괜찮아?,괜찮아?,괜찮아?,반응형,sub_0238_2951.2s.jpg,0.03,,,25.0,90.0,50.0,78.0,75.0,0.21692,0.0,66.0,70.0,30.0,0.5323,더 해줘도 돼? 더 해줘. 괜찮아?,더 해 줘도 돼? 더 해 줘. 괜찮아?,,33.57,T4,구조검사 통과 시 유지,high_cps;triple_identical_run,41.19278779472954,36.77,P4,회귀검사 통과 시 유지
ABF-196,사진 대조 1차 교정본,168,"00:38:41,070 --> 00:38:41,890",0.82,하는 것…,"아, 좋다.","순간 어긋났더니, 장난 아냐.",중립·혼합형,sub_0168_2321.1s.jpg,0.03,,,25.0,90.0,50.0,78.0,75.0,0.44032,0.0,66.0,0.0,0.0,0.2463,뭐라고 하는 거야?,뭐라고 말해야 해?,일본어 원문 대조 + 자연스러운 한국어 대사 교정,33.55,T4,구조검사 통과 시 유지,,41.05409153952843,36.7,P4,회귀검사 통과 시 유지
ABF-196,사진 대조 1차 교정본,41,"00:14:52,680 --> 00:14:54,140",1.46,잠깐만...,또 해 보면 알겠지.,맛있어.,반응형,sub_0041_892.7s.jpg,0.02,,,25.0,90.0,50.0,78.0,75.0,0.25933,42.0,66.0,0.0,0.0,1.0,잠깐만...,잠깐만…,,33.51,T4,구조검사 통과 시 유지,,40.84604715672677,36.59,P4,회귀검사 통과 시 유지
ABF-196,사진 대조 1차 교정본,90,"00:23:30,230 --> 00:23:32,270",2.04,조금만 기다려.,"아, 이제 거기야.",잠깐만...,중립·혼합형,sub_0090_1410.2s.jpg,0.03,,,25.0,90.0,50.0,78.0,75.0,0.43918,0.0,66.0,0.0,0.0,0.5293,조금만 기다려요.,잠깐만.,일본어 원문 대조 + 자연스러운 한국어 대사 교정,33.51,T4,구조검사 통과 시 유지,,40.84604715672677,36.59,P4,회귀검사 통과 시 유지
ABF-196,사진 대조 1차 교정본,358,"01:20:34,080 --> 01:20:35,380",1.3,엄청 맛있어.,모이면 즐거워.,걔 입 안에 싸도 돼.,반응형,sub_0358_4834.1s.jpg,0.02,,,25.0,90.0,50.0,78.0,75.0,0.43798,0.0,66.0,0.0,0.0,0.5625,"음-, 맛있어.",음… 맛있어.,,33.46,T4,구조검사 통과 시 유지,,40.6380027739251,36.47,P4,회귀검사 통과 시 유지
ABF-196,사진 대조 1차 교정본,243,"00:49:56,980 --> 00:49:57,720",0.74,"굉장해, 굉장해.","굉장해, 굉장해.",기분 좋아.,반말형,sub_0243_2997.0s.jpg,0.02,,,25.0,90.0,50.0,78.0,75.0,0.36025,17.9,66.0,0.0,0.0,0.7992,굉장해. 굉장해.,엄청나. 진짜 엄청나.,,33.41,T4,구조검사 통과 시 유지,,40.49930651872399,36.39,P4,회귀검사 통과 시 유지
ABF-196,사진 대조 1차 교정본,47,"00:16:07,640 --> 00:16:39,700",32.06,"아, 아, 아...",아...,"아아아... 아, 아...",반응형,sub_0047_967.6s.jpg,0.04,,,25.0,90.0,50.0,78.0,75.0,0.25573,42.0,66.0,0.0,0.0,1.0,"아, 아, 아...","아, 아, 아…",,33.36,T4,구조검사 통과 시 유지,,40.36061026352289,36.3,P4,회귀검사 통과 시 유지
ABF-196,사진 대조 1차 교정본,91,"00:23:45,720 --> 00:23:46,360",0.64,잠깐만...,조금만 기다려.,아...,반응형,sub_0091_1425.7s.jpg,0.02,,,25.0,90.0,50.0,78.0,75.0,0.25531,42.0,66.0,0.0,0.0,1.0,잠깐만...,잠깐만…,,33.34,T4,구조검사 통과 시 유지,,40.15256588072122,36.2,P4,회귀검사 통과 시 유지
ABF-196,사진 대조 1차 교정본,331,"01:12:57,390 --> 01:12:59,350",1.96,그렇게 해.,"아, 그렇게 해.","응, 그렇게 해.",반말형,sub_0331_4377.4s.jpg,0.01,,,25.0,90.0,50.0,78.0,75.0,0.43534,0.0,66.0,0.0,0.0,0.3415,그렇게 하면 안쪽이 꽉 차는 것 같아.,그렇게 하니까 안이 꽉 차네.,손상된 일본어 ASR + 타임스탬프 사진 + 앞뒤 문맥 추론,33.34,T4,구조검사 통과 시 유지,,40.15256588072122,36.2,P4,회귀검사 통과 시 유지
ABF-196,사진 대조 1차 교정본,674,"02:55:12,880 --> 02:55:14,300",1.42,해 줬어.,"이제, 이제, 이제.","아, 굉장해.",반응형,sub_0674_10512.9s.jpg,0.02,,,25.0,90.0,50.0,78.0,75.0,0.43502,0.0,66.0,0.0,0.0,0.1424,좀 더 해 줘.,보여?,일본어 원문 + 타임스탬프 사진 + 장면 연속성,33.33,T4,구조검사 통과 시 유지,,39.94452149791955,36.11,P4,회귀검사 통과 시 유지
ABF-196,사진 대조 1차 교정본,14,"00:08:24,530 --> 00:08:41,020",16.49,"아, 이걸 봐.",이게 두 번째야.,배가 아파.,반응형,sub_0014_504.5s.jpg,0.03,,,25.0,90.0,50.0,78.0,75.0,0.43477,0.0,66.0,0.0,0.0,0.3884,"아, 아, 아, 아, 아, 아, 아,","아, 아, 아, 아, 아, 아, 아",,33.32,T4,구조검사 통과 시 유지,,39.73647711511789,36.01,P4,회귀검사 통과 시 유지
ABF-196,사진 대조 1차 교정본,655,"02:50:37,150 --> 02:50:44,070",6.92,다리 들어 줘.,"아, 기분 좋아.","응, 좋아.",반응형,sub_0655_10237.1s.jpg,0.05,,,25.0,90.0,50.0,78.0,75.0,0.4347,0.0,66.0,0.0,0.0,0.4462,다리 뻗어 줘...,다리 뻗어 줘…,,33.32,T4,구조검사 통과 시 유지,,39.73647711511789,36.01,P4,회귀검사 통과 시 유지
ABF-196,사진 대조 1차 교정본,459,"01:59:29,120 --> 01:59:36,870",7.75,치킨…,지금 좀 쉬자.,치키치키,중립·혼합형,sub_0459_7169.1s.jpg,0.02,,,25.0,90.0,50.0,78.0,75.0,0.43408,0.0,66.0,0.0,0.0,0.055,치아도 예쁘네.,입 냄새도 상쾌하네.,일본어 원문 대조 + 자연스러운 한국어 대사 교정,33.29,T4,구조검사 통과 시 유지,,39.528432732316226,35.91,P4,회귀검사 통과 시 유지
ABF-196,사진 대조 1차 교정본,185,"00:41:43,080 --> 00:41:45,350",2.27,우와...,오오...,우와아...,중립·혼합형,sub_0185_2503.1s.jpg,0.02,,,25.0,90.0,50.0,78.0,75.0,0.25183,42.0,66.0,0.0,0.0,1.0,우와...,우와…,,33.2,T4,구조검사 통과 시 유지,,39.389736477115115,35.8,P4,회귀검사 통과 시 유지
ABF-196,사진 대조 1차 교정본,103,"00:25:34,630 --> 00:25:36,690",2.06,먹어보자.,"빛나고 있어, 뭔가",아...,반응형,sub_0103_1534.6s.jpg,0.03,,,25.0,90.0,50.0,78.0,75.0,0.43037,0.0,66.0,0.0,0.0,0.2965,먹어보세요.,먹어 봐.,,33.14,T4,구조검사 통과 시 유지,,39.25104022191401,35.71,P4,회귀검사 통과 시 유지
ABF-196,사진 대조 1차 교정본,687,"02:59:28,460 --> 02:59:29,140",0.68,기분 좋아.,기분 좋아.,엄청 기분 좋아.,반응형,sub_0687_10768.5s.jpg,0.04,,,25.0,90.0,50.0,78.0,75.0,0.25005,42.0,66.0,0.0,0.0,1.0,기분 좋아.,"아, 좋아.",화면 영문 자막 대조,33.12,T4,구조검사 통과 시 유지,,39.1123439667129,35.64,P4,회귀검사 통과 시 유지
ABF-196,사진 대조 1차 교정본,683,"02:57:22,080 --> 02:57:23,620",1.54,뭐라고 불러야 해?,저건 뭐야?,"아, 거기에, 거기에, 거기에...",반말형,sub_0683_10642.1s.jpg,0.02,,,25.0,90.0,50.0,78.0,75.0,0.42905,0.0,66.0,0.0,0.0,0.4618,뭐라고 해야 돼?,뭐라고 말하면 돼?,일본어 원문 대조 + 자연스러운 한국어 대사 교정,33.08,T4,구조검사 통과 시 유지,,38.97364771151179,35.56,P4,회귀검사 통과 시 유지
ABF-196,사진 대조 1차 교정본,582,"02:28:25,790 --> 02:28:43,400",17.61,아~.,아~.,찌릿찌릿해? 기분 좋아?,반응형,sub_0582_8905.8s.jpg,0.01,,,25.0,90.0,50.0,78.0,75.0,0.24873,42.0,66.0,0.0,0.0,1.0,아~.,아…,,33.07,T4,구조검사 통과 시 유지,,38.83495145631068,35.49,P4,회귀검사 통과 시 유지
ABF-196,사진 대조 1차 교정본,702,"03:03:24,400 --> 03:03:41,810",17.41,미안해.,너는 이미…,아... 미안해.,반말형,sub_0702_11004.4s.jpg,0.0,,,25.0,90.0,50.0,78.0,75.0,0.31964,25.2,66.0,0.0,0.0,0.86,아... 미안해.,아… 미안해.,,33.02,T4,구조검사 통과 시 유지,,38.69625520110957,35.4,P4,회귀검사 통과 시 유지
ABF-196,사진 대조 1차 교정본,138,"00:32:54,210 --> 00:32:55,850",1.64,아-----!,두 번째는 쉬면 안 돼.,엄청 축축해졌네...,반응형,sub_0138_1974.2s.jpg,0.01,,,25.0,90.0,50.0,78.0,75.0,0.24744,42.0,66.0,0.0,0.0,1.0,아-----!,아…!,,33.01,T4,구조검사 통과 시 유지,,38.55755894590846,35.34,P4,회귀검사 통과 시 유지
ABF-196,사진 대조 1차 교정본,672,"02:54:45,280 --> 02:54:46,480",1.2,잠깐 기다려.,아잇!,"이제, 이제, 이제.",반응형,sub_0672_10485.3s.jpg,0.02,,,25.0,90.0,50.0,78.0,75.0,0.42651,0.0,66.0,0.0,0.0,0.5124,기다려...,기다려…,,32.97,T4,구조검사 통과 시 유지,,38.41886269070735,35.26,P4,회귀검사 통과 시 유지
ABF-196,사진 대조 1차 교정본,179,"00:41:20,850 --> 00:41:22,550",1.7,앗...,앗...,으응...,반응형,sub_0179_2480.8s.jpg,0.05,,,25.0,90.0,50.0,78.0,75.0,0.24523,42.0,66.0,0.0,0.0,1.0,앗...,앗…,,32.92,T4,구조검사 통과 시 유지,,38.21081830790568,35.14,P4,회귀검사 통과 시 유지
ABF-196,사진 대조 1차 교정본,399,"01:38:14,910 --> 01:38:16,850",1.94,두 번째 거야.,"응, 좋아.",조금만 기다려.,반말형,sub_0399_5894.9s.jpg,0.01,,,25.0,90.0,50.0,78.0,75.0,0.42519,0.0,66.0,0.0,0.0,0.488,싫은 거야.,싫어?,일본어 원문 대조 + 자연스러운 한국어 대사 교정,32.92,T4,구조검사 통과 시 유지,,38.21081830790568,35.14,P4,회귀검사 통과 시 유지
ABF-196,사진 대조 1차 교정본,501,"02:12:54,380 --> 02:12:55,520",1.14,맛있습니다.,맛있어?,기분 좋아?,존댓말형,sub_0501_7974.4s.jpg,0.02,,,25.0,90.0,50.0,78.0,75.0,0.21062,42.0,66.0,0.0,18.0,1.0,맛있습니다.,맛있어.,,32.91,T4,구조검사 통과 시 유지,formality_shift,38.00277392510402,35.05,P4,회귀검사 통과 시 유지
ABF-196,사진 대조 1차 교정본,68,"00:20:49,430 --> 00:20:50,890",1.46,기분 좋아.,"아, 아파.",그거 장난 아냐.,반응형,sub_0068_1249.4s.jpg,0.03,,,25.0,90.0,50.0,78.0,75.0,0.24478,42.0,66.0,0.0,0.0,1.0,기분 좋아.,"아, 좋아.",화면 영문 자막 대조,32.9,T4,구조검사 통과 시 유지,,37.7253814147018,34.93,P4,회귀검사 통과 시 유지
ABF-196,사진 대조 1차 교정본,158,"00:35:56,850 --> 00:35:59,750",2.9,하나 더.,기분 좋아.,엄청 기분 좋아.,중립·혼합형,sub_0158_2156.8s.jpg,0.05,,,25.0,90.0,50.0,78.0,75.0,0.42481,0.0,66.0,0.0,0.0,0.2345,"갈게, 갈게... 한 번 더.","갈게, 갈게… 한 번 더.",,32.9,T4,구조검사 통과 시 유지,,37.7253814147018,34.93,P4,회귀검사 통과 시 유지
ABF-196,사진 대조 1차 교정본,602,"02:34:50,440 --> 02:34:50,740",0.3,여기,안쪽이 좀 아파서 놀랐네.,아...,중립·혼합형,sub_0602_9290.4s.jpg,0.04,,,25.0,90.0,50.0,78.0,75.0,0.42467,0.0,66.0,0.0,0.0,0.4441,여기 가까이 와 봐.,조금 더 가까이 와 봐.,손상된 일본어 ASR + 타임스탬프 사진 + 앞뒤 문맥 추론,32.9,T4,구조검사 통과 시 유지,,37.7253814147018,34.93,P4,회귀검사 통과 시 유지
ABF-196,사진 대조 1차 교정본,75,"00:21:24,220 --> 00:21:24,860",0.64,눈을 떠.,뭔가 조여오고 있어.,눈을 떠.,중립·혼합형,sub_0075_1284.2s.jpg,0.02,,,25.0,90.0,50.0,78.0,75.0,0.42451,0.0,66.0,0.0,0.0,0.0591,눈 감아 줄래.,눈 감고 있을게.,일본어 원문 대조 + 자연스러운 한국어 대사 교정,32.89,T4,구조검사 통과 시 유지,,37.447988904299585,34.8,P4,회귀검사 통과 시 유지
ABF-196,사진 대조 1차 교정본,255,"00:52:32,630 --> 00:52:38,040",5.41,기분 좋아.,기분 좋아.,기분 좋아.,반응형,sub_0255_3152.6s.jpg,0.03,,,25.0,90.0,50.0,78.0,75.0,0.1864,42.0,66.0,0.0,30.0,1.0,기분 좋아.,"아, 좋아.",화면 영문 자막 대조,32.85,T4,구조검사 통과 시 유지,triple_identical_run,37.309292649098474,34.72,P4,회귀검사 통과 시 유지
ABF-196,사진 대조 1차 교정본,254,"00:52:31,490 --> 00:52:32,630",1.14,기분 좋아.,기분 좋아.,기분 좋아.,반응형,sub_0254_3151.5s.jpg,0.01,,,25.0,90.0,50.0,78.0,75.0,0.18215,42.0,66.0,0.0,30.0,1.0,기분 좋아.,"아, 좋아.",화면 영문 자막 대조,32.67,T4,구조검사 통과 시 유지,triple_identical_run,37.10124826629681,34.53,P4,회귀검사 통과 시 유지
ABF-196,사진 대조 1차 교정본,454,"01:55:36,320 --> 01:56:29,740",53.42,우와아아...!,다섯 번째야.,첫 번째야.,반응형,sub_0454_6936.3s.jpg,0.02,,,25.0,90.0,50.0,78.0,75.0,0.23939,42.0,66.0,0.0,0.0,1.0,우와아아...!,우와아아…!,,32.67,T4,구조검사 통과 시 유지,,37.10124826629681,34.53,P4,회귀검사 통과 시 유지
ABF-196,사진 대조 1차 교정본,554,"02:22:54,290 --> 02:22:56,330",2.04,잠깐만...,잠깐만...,"아, 기분 좋아.",반응형,sub_0554_8574.3s.jpg,0.01,,,25.0,90.0,50.0,78.0,75.0,0.23837,42.0,66.0,0.0,0.0,1.0,잠깐만...,잠깐만…,,32.63,T4,구조검사 통과 시 유지,,36.89320388349515,34.42,P4,회귀검사 통과 시 유지
ABF-196,사진 대조 1차 교정본,88,"00:23:09,420 --> 00:23:17,960",8.54,"아, 좋아...",여기...,"아, 이제 거기야.",반응형,sub_0088_1389.4s.jpg,0.02,,,25.0,90.0,50.0,78.0,75.0,0.23812,42.0,66.0,0.0,0.0,1.0,"아, 좋아...","아, 좋아…",,32.62,T4,구조검사 통과 시 유지,,36.754507628294036,34.36,P4,회귀검사 통과 시 유지
ABF-196,사진 대조 1차 교정본,721,"03:06:35,850 --> 03:06:38,650",2.8,아아...,아아...,,반응형,sub_0721_11195.9s.jpg,0.05,,,25.0,90.0,50.0,78.0,75.0,0.2373,42.0,66.0,0.0,0.0,1.0,아아...,아아…,,32.59,T4,구조검사 통과 시 유지,,36.615811373092924,34.28,P4,회귀검사 통과 시 유지
ABF-196,사진 대조 1차 교정본,334,"01:13:38,620 --> 01:13:44,240",5.62,아아...,아아...,아...,반응형,sub_0334_4418.6s.jpg,0.02,,,25.0,90.0,50.0,78.0,75.0,0.23629,42.0,66.0,0.0,0.0,1.0,아아...,아아…,,32.54,T4,구조검사 통과 시 유지,,36.47711511789182,34.19,P4,회귀검사 통과 시 유지
ABF-196,사진 대조 1차 교정본,544,"02:21:44,900 --> 02:21:50,860",5.96,응-...,응-...,아-...,반응형,sub_0544_8504.9s.jpg,0.0,,,25.0,90.0,50.0,78.0,75.0,0.23417,42.0,66.0,0.0,0.0,1.0,응-...,응-…,,32.45,T4,구조검사 통과 시 유지,,36.33841886269071,34.08,P4,회귀검사 통과 시 유지
ABF-196,사진 대조 1차 교정본,424,"01:44:53,640 --> 01:45:03,540",9.9,"어이, 어이.",조금만 더 힘내.,그게 기분 좋아.,반응형,sub_0424_6293.6s.jpg,0.04,,,25.0,90.0,50.0,78.0,75.0,0.36342,11.75,66.0,0.0,0.0,0.7479,"어이, 어이...","어이, 어이…",,32.44,T4,구조검사 통과 시 유지,,36.1997226074896,34.02,P4,회귀검사 통과 시 유지
ABF-196,사진 대조 1차 교정본,283,"01:01:24,650 --> 01:01:27,230",2.58,"좋네, 첫 번째야.",첫 번째야.,바로 깊숙이 넣을게.,반말형,sub_0283_3684.7s.jpg,0.05,,,25.0,90.0,50.0,78.0,75.0,0.41368,0.0,66.0,0.0,0.0,0.5496,"자, 두 번째야.","자, 이번엔 두 번째야.",사진 장면 확인 및 한국어 번역투 교정,32.43,T4,구조검사 통과 시 유지,,35.99167822468793,33.93,P4,회귀검사 통과 시 유지
ABF-196,사진 대조 1차 교정본,551,"02:22:04,520 --> 02:22:06,440",1.92,아-...,응-...,응-...,반응형,sub_0551_8524.5s.jpg,0.02,,,25.0,90.0,50.0,78.0,75.0,0.23361,42.0,66.0,0.0,0.0,1.0,아-...,아-…,,32.43,T4,구조검사 통과 시 유지,,35.99167822468793,33.93,P4,회귀검사 통과 시 유지
ABF-196,사진 대조 1차 교정본,451,"01:54:16,820 --> 01:54:26,840",10.02,네 번째야.,잘하네!,세 번째야.,반말형,sub_0451_6856.8s.jpg,0.02,,,25.0,90.0,50.0,78.0,75.0,0.37505,8.88,66.0,0.0,0.0,0.724,"자, 두 번째야.","자, 이번엔 두 번째야.",사진 장면 확인 및 한국어 번역투 교정,32.41,T4,구조검사 통과 시 유지,,35.78363384188627,33.83,P4,회귀검사 통과 시 유지
ABF-196,사진 대조 1차 교정본,368,"01:27:22,680 --> 01:27:24,760",2.08,안녕하세요.,이쪽 좀 봐.,먹어보세요.,존댓말형,sub_0368_5242.7s.jpg,0.02,,,25.0,90.0,50.0,78.0,75.0,0.41277,0.0,66.0,0.0,0.0,0.5507,"아, 안녕하세요. 정말 아름다운 분이 와 주셨네요.","아, 안녕하세요. 정말 아름다운 분이 오셨네요.",첫 만남 대사 자연화,32.4,T4,구조검사 통과 시 유지,,35.64493758668516,33.76,P4,회귀검사 통과 시 유지
ABF-196,사진 대조 1차 교정본,97,"00:24:36,780 --> 00:24:38,000",1.22,아...,응...,잠깐 쉬자.,반응형,sub_0097_1476.8s.jpg,0.02,,,25.0,90.0,50.0,78.0,75.0,0.23187,42.0,66.0,0.0,0.0,1.0,아...,아…,,32.36,T4,구조검사 통과 시 유지,,35.50624133148405,33.68,P4,회귀검사 통과 시 유지
ABF-196,사진 대조 1차 교정본,661,"02:52:15,640 --> 02:52:18,320",2.68,"아, 어디...","아, 안 돼, 안 돼, 안 돼.","아, 기분 좋아.",반응형,sub_0661_10335.6s.jpg,0.04,,,25.0,90.0,50.0,78.0,75.0,0.23172,42.0,66.0,0.0,0.0,1.0,"아, 어디...","아, 어디…",,32.35,T4,구조검사 통과 시 유지,,35.367545076282944,33.62,P4,회귀검사 통과 시 유지
ABF-196,사진 대조 1차 교정본,580,"02:28:22,170 --> 02:28:23,130",0.96,아~.,아~.,아~.,반응형,sub_0580_8902.2s.jpg,0.03,,,25.0,90.0,50.0,78.0,75.0,0.17428,42.0,66.0,0.0,30.0,1.0,아~.,아…,,32.34,T4,구조검사 통과 시 유지,triple_identical_run,35.22884882108183,33.55,P4,회귀검사 통과 시 유지
ABF-196,사진 대조 1차 교정본,274,"01:00:07,530 --> 01:00:09,150",1.62,또 막혔네.,잠깐만 기다려 줘.,이것도 빨리 먹을 수 있겠네.,반말형,sub_0274_3607.5s.jpg,0.03,,,25.0,90.0,50.0,78.0,75.0,0.4112,0.0,66.0,0.0,0.0,0.1412,또 만나요.,[불명],,32.33,T4,구조검사 통과 시 유지,,35.09015256588072,33.49,P4,회귀검사 통과 시 유지
ABF-196,사진 대조 1차 교정본,572,"02:27:57,470 --> 02:27:59,030",1.56,제대로 비벼지고 있어?,아~.,기분 좋아?,반응형,sub_0572_8877.5s.jpg,0.03,,,25.0,90.0,50.0,78.0,75.0,0.41068,0.0,66.0,0.0,0.0,0.3697,가지고 있어?,집에 가지고 있어?,일본어 원문 대조 + 자연스러운 한국어 대사 교정,32.31,T4,구조검사 통과 시 유지,,34.95145631067961,33.42,P4,회귀검사 통과 시 유지
ABF-196,사진 대조 1차 교정본,579,"02:28:11,750 --> 02:28:14,450",2.7,아~.,아~.,아~.,반응형,sub_0579_8891.8s.jpg,0.05,,,25.0,90.0,50.0,78.0,75.0,0.17303,42.0,66.0,0.0,30.0,1.0,아~.,아…,,32.29,T4,구조검사 통과 시 유지,triple_identical_run,34.812760055478506,33.35,P4,회귀검사 통과 시 유지
ABF-196,사진 대조 1차 교정본,125,"00:31:12,420 --> 00:31:14,160",1.74,굉장해.,아...,기분 좋습니다.,반말형,sub_0125_1872.4s.jpg,0.02,,,25.0,90.0,50.0,78.0,75.0,0.19568,42.0,66.0,0.0,18.0,1.0,굉장해. 굉장해.,엄청나. 진짜 엄청나.,,32.28,T4,구조검사 통과 시 유지,formality_shift,34.60471567267684,33.26,P4,회귀검사 통과 시 유지
ABF-196,사진 대조 1차 교정본,285,"01:01:36,810 --> 01:01:37,830",1.02,좋습니다.,바로 깊숙이 넣을게.,응.,존댓말형,sub_0285_3696.8s.jpg,0.01,,,25.0,90.0,50.0,78.0,75.0,0.23006,42.0,66.0,0.0,0.0,1.0,좋습니다.,좋아요.,,32.28,T4,구조검사 통과 시 유지,,34.60471567267684,33.26,P4,회귀검사 통과 시 유지
ABF-196,사진 대조 1차 교정본,321,"01:08:40,850 --> 01:08:48,150",7.3,기운 차렸네.,"그래, 그대로 하면 돼.",아직 끝난 거 아니야.,반말형,sub_0321_4120.9s.jpg,0.05,,,25.0,90.0,50.0,78.0,75.0,0.40844,0.0,66.0,0.0,0.0,0.1874,와버렸네.,결국 와 버렸네.,일본어 원문 대조 + 자연스러운 한국어 대사 교정,32.21,T4,구조검사 통과 시 유지,,34.32732316227462,33.1,P4,회귀검사 통과 시 유지
ABF-196,사진 대조 1차 교정본,462,"02:00:40,530 --> 02:01:09,570",29.04,"아, 아, 아...","아, 좋아…","죄송해요, 배가 아파서.",반응형,sub_0462_7240.5s.jpg,0.03,,,25.0,90.0,50.0,78.0,75.0,0.22824,42.0,66.0,0.0,0.0,1.0,"아, 아, 아...","아, 아, 아…",,32.21,T4,구조검사 통과 시 유지,,34.32732316227462,33.1,P4,회귀검사 통과 시 유지
ABF-196,사진 대조 1차 교정본,23,"00:11:10,050 --> 00:11:13,670",3.62,"거기, 거기.","거기, 거기...",거기가 특히 좋아.,중립·혼합형,sub_0023_670.0s.jpg,0.05,,,25.0,90.0,50.0,78.0,75.0,0.35734,11.77,66.0,0.0,0.0,0.7481,"거기, 거기...","거기, 거기…",,32.19,T4,구조검사 통과 시 유지,,34.11927877947296,33.0,P4,회귀검사 통과 시 유지
ABF-196,사진 대조 1차 교정본,473,"02:06:32,060 --> 02:06:32,500",0.44,실패했네.,해 보세요.,실패!,반말형,sub_0473_7592.1s.jpg,0.04,,,25.0,90.0,50.0,78.0,75.0,0.40681,0.0,66.0,0.0,0.0,0.1973,오늘 진짜 엄청 했네.,오늘 진짜 실컷 했네.,일본어 원문 대조 + 자연스러운 한국어 대사 교정,32.15,T4,구조검사 통과 시 유지,,33.91123439667129,32.89,P4,회귀검사 통과 시 유지
ABF-196,사진 대조 1차 교정본,585,"02:29:16,520 --> 02:29:17,920",1.4,주세요.,으응.,원해.,존댓말형,sub_0585_8956.5s.jpg,0.02,,,25.0,90.0,50.0,78.0,75.0,0.31517,13.38,66.0,0.0,18.0,0.7615,쉬어 주세요.,잠깐 쉬게 해 주세요.,사진 장면 확인 및 한국어 번역투·ASR 오역 교정,32.15,T4,구조검사 통과 시 유지,formality_shift,33.91123439667129,32.89,P4,회귀검사 통과 시 유지
ABF-196,사진 대조 1차 교정본,24,"00:11:13,750 --> 00:11:15,170",1.42,거기가 특히 좋아.,"거기, 거기.","우와, 기분 좋아.",반응형,sub_0024_673.8s.jpg,0.05,,,25.0,90.0,50.0,78.0,75.0,0.4059,0.0,66.0,0.0,0.0,0.3025,"아, 좋아.","아, 들어온다.",,32.11,T4,구조검사 통과 시 유지,,33.633841886269074,32.75,P4,회귀검사 통과 시 유지
ABF-196,사진 대조 1차 교정본,581,"02:28:24,390 --> 02:28:25,290",0.9,아~.,아~.,아~.,반응형,sub_0581_8904.4s.jpg,0.01,,,25.0,90.0,50.0,78.0,75.0,0.16886,42.0,66.0,0.0,30.0,1.0,아~.,아…,,32.11,T4,구조검사 통과 시 유지,triple_identical_run,33.633841886269074,32.75,P4,회귀검사 통과 시 유지
ABF-196,사진 대조 1차 교정본,333,"01:13:26,900 --> 01:13:28,900",2.0,아아...,"응, 그렇게 해.",아아...,반응형,sub_0333_4406.9s.jpg,0.0,,,25.0,90.0,50.0,78.0,75.0,0.22561,42.0,66.0,0.0,0.0,1.0,아아...,아아…,,32.1,T4,구조검사 통과 시 유지,,33.42579750346741,32.66,P4,회귀검사 통과 시 유지
ABF-196,사진 대조 1차 교정본,337,"01:14:06,540 --> 01:14:08,440",1.9,아아...,아아...,삼킬래? 응.,반응형,sub_0337_4446.5s.jpg,0.04,,,25.0,90.0,50.0,78.0,75.0,0.22496,42.0,66.0,0.0,0.0,1.0,아아...,아아…,,32.07,T4,구조검사 통과 시 유지,,33.287101248266296,32.58,P4,회귀검사 통과 시 유지
ABF-196,사진 대조 1차 교정본,593,"02:31:00,470 --> 02:31:02,070",1.6,"아, 좋아.","아, 거기는.",세 번째... 첫 번째... 다섯 번째...,반응형,sub_0593_9060.5s.jpg,0.03,,,25.0,90.0,50.0,78.0,75.0,0.22171,42.0,66.0,0.0,0.0,1.0,"아, 좋아.","아, 들어온다.",,31.93,T4,구조검사 통과 시 유지,,33.14840499306519,32.44,P4,회귀검사 통과 시 유지
ABF-196,사진 대조 1차 교정본,186,"00:41:46,490 --> 00:41:47,490",1.0,우와아...,우와...,아아.,반응형,sub_0186_2506.5s.jpg,0.01,,,25.0,90.0,50.0,78.0,75.0,0.22091,42.0,66.0,0.0,0.0,1.0,우와아...,우와아…,,31.9,T4,구조검사 통과 시 유지,,33.00970873786408,32.37,P4,회귀검사 통과 시 유지
ABF-196,사진 대조 1차 교정본,522,"02:15:22,860 --> 02:15:24,060",1.2,잠깐만...,입?,좋아하는 사람이 해 주고 있어.,반응형,sub_0522_8122.9s.jpg,0.04,,,25.0,90.0,50.0,78.0,75.0,0.22075,42.0,66.0,0.0,0.0,1.0,잠깐만...,잠깐만…,,31.89,T4,구조검사 통과 시 유지,,32.801664355062414,32.27,P4,회귀검사 통과 시 유지
ABF-196,사진 대조 1차 교정본,652,"02:49:32,700 --> 02:49:34,840",2.14,"와아, 기분 좋아.","아, 아, 아, 아, 굉장해.","아, 굉장해. 여기까지 왔어.",반응형,sub_0652_10172.7s.jpg,0.0,,,25.0,90.0,50.0,78.0,75.0,0.40064,0.0,66.0,0.0,0.0,0.5675,기분 좋아.,"아, 좋아.",화면 영문 자막 대조,31.89,T4,구조검사 통과 시 유지,,32.801664355062414,32.27,P4,회귀검사 통과 시 유지
ABF-196,사진 대조 1차 교정본,646,"02:48:56,160 --> 02:48:56,840",0.68,굉장해.,기분 좋아.,기분 좋아.,반말형,sub_0646_10136.2s.jpg,0.04,,,25.0,90.0,50.0,78.0,75.0,0.21871,42.0,66.0,0.0,0.0,1.0,굉장해. 굉장해.,엄청나. 진짜 엄청나.,,31.81,T4,구조검사 통과 시 유지,,32.593619972260754,32.14,P4,회귀검사 통과 시 유지
ABF-196,사진 대조 1차 교정본,670,"02:54:29,860 --> 02:54:30,620",0.76,많이 아파?,배가 너무 아파.,아잇!,반응형,sub_0670_10469.9s.jpg,0.04,,,25.0,90.0,50.0,78.0,75.0,0.3985,0.0,66.0,0.0,0.0,0.2361,많이 핥아줘...,많이 핥아줘…,,31.8,T4,구조검사 통과 시 유지,,32.45492371705964,32.08,P4,회귀검사 통과 시 유지
ABF-196,사진 대조 1차 교정본,182,"00:41:28,530 --> 00:41:30,330",1.8,앗...,대단하네...,"아아, 정말...",반응형,sub_0182_2488.5s.jpg,0.03,,,25.0,90.0,50.0,78.0,75.0,0.21838,42.0,66.0,0.0,0.0,1.0,앗...,앗…,,31.79,T4,구조검사 통과 시 유지,,32.31622746185853,32.01,P4,회귀검사 통과 시 유지
ABF-196,사진 대조 1차 교정본,132,"00:32:25,210 --> 00:32:26,790",1.58,잠깐만.,굉장해.,첫 번째 시작해.,반응형,sub_0132_1945.2s.jpg,0.01,,,25.0,90.0,50.0,78.0,75.0,0.36048,8.64,66.0,0.0,0.0,0.722,하아… 잠깐만.,목욕물 받아 놓은 거지?,일본어 원문 + 타임스탬프 사진 + 장면 연속성,31.75,T4,구조검사 통과 시 유지,,32.17753120665742,31.93,P4,회귀검사 통과 시 유지
ABF-196,사진 대조 1차 교정본,233,"00:48:46,270 --> 00:48:47,470",1.2,이제 됐네.,이제 됐네.,라는 건…,반말형,sub_0233_2926.3s.jpg,0.03,,,25.0,90.0,50.0,78.0,75.0,0.39305,0.96,66.0,0.0,0.0,0.658,좀 쉬게 됐네.,이제 좀 쉬자.,,31.74,T4,구조검사 통과 시 유지,,32.038834951456316,31.87,P4,회귀검사 통과 시 유지
ABF-196,사진 대조 1차 교정본,550,"02:21:59,960 --> 02:22:02,200",2.24,응-...,"아-, 기분 좋아?",아-...,반응형,sub_0550_8520.0s.jpg,0.04,,,25.0,90.0,50.0,78.0,75.0,0.21621,42.0,66.0,0.0,0.0,1.0,응-...,응-…,,31.7,T4,구조검사 통과 시 유지,,31.900138696255205,31.78,P4,회귀검사 통과 시 유지
ABF-196,사진 대조 1차 교정본,120,"00:30:17,790 --> 00:30:19,390",1.6,클리...,"아, 장난 아냐. 기분 좋아.","아, 기분 좋아.",중립·혼합형,sub_0120_1817.8s.jpg,0.01,,,25.0,90.0,50.0,78.0,75.0,0.21452,42.0,66.0,0.0,0.0,1.0,클리...,클리…,,31.63,T4,구조검사 통과 시 유지,,31.692094313453538,31.66,P4,회귀검사 통과 시 유지
ABF-196,사진 대조 1차 교정본,193,"00:43:12,520 --> 00:43:16,480",3.96,"아, 기분 좋아.","아, 대단해.","아, 배가 아파.",반응형,sub_0193_2592.5s.jpg,0.02,,,25.0,90.0,50.0,78.0,75.0,0.2803,26.65,66.0,0.0,0.0,0.8721,기분 좋아.,"아, 좋아.",화면 영문 자막 대조,31.63,T4,구조검사 통과 시 유지,,31.692094313453538,31.66,P4,회귀검사 통과 시 유지
ABF-196,사진 대조 1차 교정본,231,"00:48:42,390 --> 00:48:43,610",1.22,이제 됐어.,응.,이제 됐네.,반응형,sub_0231_2922.4s.jpg,0.01,,,25.0,90.0,50.0,78.0,75.0,0.39422,0.0,66.0,0.0,0.0,0.4241,온몸이 엉망이 됐어.,몸에 다 묻었네.,일본어 원문 대조 + 자연스러운 한국어 대사 교정,31.62,T4,구조검사 통과 시 유지,,31.345353675450767,31.5,P4,회귀검사 통과 시 유지
ABF-196,사진 대조 1차 교정본,315,"01:07:26,330 --> 01:07:31,410",5.08,첫 번째,갈게... 갈게...,응?,중립·혼합형,sub_0315_4046.3s.jpg,0.03,,,25.0,90.0,50.0,78.0,75.0,0.39434,0.0,66.0,0.0,0.0,0.3895,"첫 번째 자세에서 네 번째로, 다시 두 번째로 바꿔 봐.",첫 번째 자세에서 네 번째로 다시 두 번째로 바꿔 봐.,,31.62,T4,구조검사 통과 시 유지,,31.345353675450767,31.5,P4,회귀검사 통과 시 유지
ABF-196,사진 대조 1차 교정본,400,"01:38:49,140 --> 01:38:53,080",3.94,조금만 기다려.,두 번째 거야.,누워.,중립·혼합형,sub_0400_5929.1s.jpg,0.04,장면에 맞지 않는 격식체를 교정,중간,38.0,90.0,50.0,78.0,62.0,0.48145,0.0,48.0,0.0,0.0,0.5293,조금만 기다려요.,잠깐만.,일본어 원문 대조 + 자연스러운 한국어 대사 교정,31.62,T4,구조검사 통과 시 유지,,31.345353675450767,31.5,P4,회귀검사 통과 시 유지
ABF-196,사진 대조 1차 교정본,244,"00:50:11,350 --> 00:50:12,510",1.16,기분 좋아.,"굉장해, 굉장해.",기분 좋아.,반응형,sub_0244_3011.3s.jpg,0.05,,,25.0,90.0,50.0,78.0,75.0,0.21364,42.0,66.0,0.0,0.0,1.0,기분 좋아.,"아, 좋아.",화면 영문 자막 대조,31.59,T4,구조검사 통과 시 유지,,31.06796116504854,31.37,P4,회귀검사 통과 시 유지
ABF-196,사진 대조 1차 교정본,95,"00:24:09,670 --> 00:24:12,230",2.56,잠깐만...,좋아...,응...,반응형,sub_0095_1449.7s.jpg,0.03,,,25.0,90.0,50.0,78.0,75.0,0.21288,42.0,66.0,0.0,0.0,1.0,잠깐만...,잠깐만…,,31.56,T4,구조검사 통과 시 유지,,30.929264909847433,31.3,P4,회귀검사 통과 시 유지
ABF-196,사진 대조 1차 교정본,294,"01:03:09,520 --> 01:03:10,900",1.38,"아, 기분 좋아?","아, 그거 몇 번이고 먹어 줘.","아, 배가 아파.",반응형,sub_0294_3789.5s.jpg,0.02,,,25.0,90.0,50.0,78.0,75.0,0.38497,1.36,66.0,0.0,0.0,0.6613,"아, 거기... 기분 좋아?","아, 거기… 기분 좋아?",,31.47,T4,구조검사 통과 시 유지,,30.79056865464632,31.18,P4,회귀검사 통과 시 유지
ABF-196,사진 대조 1차 교정본,578,"02:28:10,750 --> 02:28:11,710",0.96,아~.,굉장해.,아~.,반응형,sub_0578_8890.8s.jpg,0.05,,,25.0,90.0,50.0,78.0,75.0,0.21042,42.0,66.0,0.0,0.0,1.0,아~.,아…,,31.46,T4,구조검사 통과 시 유지,,30.651872399445214,31.12,P4,회귀검사 통과 시 유지
ABF-196,사진 대조 1차 교정본,650,"02:49:14,220 --> 02:49:23,880",9.66,"아, 아, 아, 아.","아, 대단해.","아, 아, 아, 아, 굉장해.",반응형,sub_0650_10154.2s.jpg,0.02,,,25.0,90.0,50.0,78.0,75.0,0.28224,25.12,66.0,0.0,0.0,0.8594,"아, 아, 아, 아, 아, 아, 아,","아, 아, 아, 아, 아, 아, 아",,31.44,T4,구조검사 통과 시 유지,,30.513176144244103,31.05,P4,회귀검사 통과 시 유지
ABF-196,사진 대조 1차 교정본,282,"01:01:21,610 --> 01:01:23,770",2.16,첫 번째야.,대단해.,"좋네, 첫 번째야.",반말형,sub_0282_3681.6s.jpg,0.01,,,25.0,90.0,50.0,78.0,75.0,0.35388,8.22,66.0,0.0,0.0,0.7185,"자, 두 번째야.","자, 이번엔 두 번째야.",사진 장면 확인 및 한국어 번역투 교정,31.4,T4,구조검사 통과 시 유지,,30.374479889042995,30.97,P4,회귀검사 통과 시 유지
ABF-196,사진 대조 1차 교정본,205,"00:45:43,970 --> 00:45:44,270",0.3,아...,아...,조금만 더 할까?,반응형,sub_0205_2744.0s.jpg,0.03,,,25.0,90.0,50.0,78.0,75.0,0.20856,42.0,66.0,0.0,0.0,1.0,아...,아…,,31.38,T4,구조검사 통과 시 유지,,30.235783633841883,30.9,P4,회귀검사 통과 시 유지
ABF-196,사진 대조 1차 교정본,442,"01:50:44,800 --> 01:50:54,720",9.92,아아...,아...,기다려...,반응형,sub_0442_6644.8s.jpg,0.0,,,25.0,90.0,50.0,78.0,75.0,0.20796,42.0,66.0,0.0,0.0,1.0,아아...,아아…,,31.35,T4,구조검사 통과 시 유지,,30.02773925104022,30.79,P4,회귀검사 통과 시 유지
ABF-196,사진 대조 1차 교정본,586,"02:29:17,920 --> 02:29:18,160",0.24,원해.,주세요.,아빠... 엄마...,반말형,sub_0586_8957.9s.jpg,0.02,,,25.0,90.0,50.0,78.0,75.0,0.35351,0.0,66.0,0.0,18.0,0.3848,시원해.,끝.,일본어 원문 + 타임스탬프 사진 + 장면 연속성,31.35,T4,구조검사 통과 시 유지,formality_shift,30.02773925104022,30.79,P4,회귀검사 통과 시 유지
ABF-196,사진 대조 1차 교정본,682,"02:56:54,480 --> 02:57:01,860",7.38,저건 뭐야?,그거야.,뭐라고 불러야 해?,반말형,sub_0682_10614.5s.jpg,0.02,,,25.0,90.0,50.0,78.0,75.0,0.38609,0.0,66.0,0.0,0.0,0.5846,"아, 아... 뭐야?","아, 아… 뭐야?",,31.28,T4,구조검사 통과 시 유지,,29.819694868238557,30.67,P4,회귀검사 통과 시 유지
ABF-196,사진 대조 1차 교정본,378,"01:32:23,410 --> 01:32:36,600",13.19,아...,아...,여기 더 부드럽네.,반응형,sub_0378_5543.4s.jpg,0.01,,,25.0,90.0,50.0,78.0,75.0,0.20586,42.0,66.0,0.0,0.0,1.0,아...,아…,,31.27,T4,구조검사 통과 시 유지,,29.680998613037445,30.6,P4,회귀검사 통과 시 유지
ABF-196,사진 대조 1차 교정본,1,"00:04:39,500 --> 00:04:39,680",0.18,아...,,응...,반응형,sub_0001_279.5s.jpg,0.0,,,25.0,90.0,50.0,78.0,75.0,0.10572,42.0,66.0,41.11,0.0,1.0,아...,아…,,31.17,T4,구조검사 통과 시 유지,high_cps,29.472954230235782,30.46,P4,회귀검사 통과 시 유지
ABF-196,사진 대조 1차 교정본,32,"00:12:19,710 --> 00:12:20,470",0.76,"아, 기분 좋아.",기분 좋아.,한 번 정도...,반응형,sub_0032_739.7s.jpg,0.01,,,25.0,90.0,50.0,78.0,75.0,0.26938,26.65,66.0,0.0,0.0,0.8721,기분 좋아.,"아, 좋아.",화면 영문 자막 대조,31.17,T4,구조검사 통과 시 유지,,29.472954230235782,30.46,P4,회귀검사 통과 시 유지
ABF-196,사진 대조 1차 교정본,605,"02:34:53,460 --> 02:34:53,880",0.42,아...,정말 깊어...,엄청 단단해.,반응형,sub_0605_9293.5s.jpg,0.04,,,25.0,90.0,50.0,78.0,75.0,0.20223,42.0,66.0,0.0,0.0,1.0,아...,아…,,31.11,T4,구조검사 통과 시 유지,,29.26490984743412,30.34,P4,회귀검사 통과 시 유지
ABF-196,사진 대조 1차 교정본,627,"02:42:43,140 --> 02:42:44,760",1.62,"아, 역시 거기.",무서워...,"아, 기분 좋아.",반응형,sub_0627_9763.1s.jpg,0.04,,,25.0,90.0,50.0,78.0,75.0,0.38156,0.0,66.0,0.0,0.0,0.4448,아… 기분 좋아. 아… 거기 거기.,"아… 좋아. 거기, 거기.",일본어 원문 대조 + 자연스러운 한국어 대사 교정,31.09,T4,구조검사 통과 시 유지,,29.126213592233007,30.27,P4,회귀검사 통과 시 유지
ABF-196,사진 대조 1차 교정본,658,"02:51:49,680 --> 02:51:50,400",0.72,"아, 대단해.","네, 기분 좋아.","아, 아파.",반응형,sub_0658_10309.7s.jpg,0.02,,,25.0,90.0,50.0,78.0,75.0,0.24608,31.42,66.0,0.0,0.0,0.9118,대단해.,기분 좋네.,일본어 원문 + 타임스탬프 사진 + 장면 연속성,31.05,T4,구조검사 통과 시 유지,,28.9875173370319,30.18,P4,회귀검사 통과 시 유지
ABF-196,사진 대조 1차 교정본,324,"01:09:45,340 --> 01:09:46,880",1.54,첫 번째야.,막혀 있을 때는...,배를 움직여 봐.,반말형,sub_0324_4185.3s.jpg,0.04,,,25.0,90.0,50.0,78.0,75.0,0.34515,8.22,66.0,0.0,0.0,0.7185,"자, 두 번째야.","자, 이번엔 두 번째야.",사진 장면 확인 및 한국어 번역투 교정,31.04,T4,구조검사 통과 시 유지,,28.84882108183079,30.12,P4,회귀검사 통과 시 유지
ABF-196,사진 대조 1차 교정본,42,"00:15:24,000 --> 00:15:26,800",2.8,맛있어.,잠깐만...,힘 빼도 돼?,반응형,sub_0042_924.0s.jpg,0.0,,,25.0,90.0,50.0,78.0,75.0,0.37082,2.15,66.0,0.0,0.0,0.6679,"음-, 맛있어.",음… 맛있어.,,31.02,T4,구조검사 통과 시 유지,,28.71012482662968,30.05,P4,회귀검사 통과 시 유지
ABF-196,사진 대조 1차 교정본,150,"00:34:18,180 --> 00:34:28,740",10.56,응응응응응,긴장돼.,귀여워?,반응형,sub_0150_2058.2s.jpg,0.02,,,25.0,90.0,50.0,78.0,75.0,0.3791,0.0,66.0,0.0,0.0,0.2111,응응...,응응…,,30.98,T4,구조검사 통과 시 유지,,28.57142857142857,29.97,P4,회귀검사 통과 시 유지
ABF-196,사진 대조 1차 교정본,439,"01:50:33,680 --> 01:50:37,360",3.68,아...,잠깐만...,아...,반응형,sub_0439_6633.7s.jpg,0.02,,,25.0,90.0,50.0,78.0,75.0,0.19855,42.0,66.0,0.0,0.0,1.0,아...,아…,,30.96,T4,구조검사 통과 시 유지,,28.43273231622746,29.9,P4,회귀검사 통과 시 유지
ABF-196,사진 대조 1차 교정본,17,"00:09:32,510 --> 00:09:36,410",3.9,아...,배가 아파.,잠깐만...,반응형,sub_0017_572.5s.jpg,0.01,,,25.0,90.0,50.0,78.0,75.0,0.19786,42.0,66.0,0.0,0.0,1.0,아...,아…,,30.93,T4,구조검사 통과 시 유지,,28.29403606102635,29.82,P4,회귀검사 통과 시 유지
ABF-196,사진 대조 1차 교정본,656,"02:51:18,750 --> 02:51:21,730",2.98,"응, 좋아.",다리 들어 줘.,"네, 기분 좋아.",반응형,sub_0656_10278.8s.jpg,0.05,,,25.0,90.0,50.0,78.0,75.0,0.37733,0.0,66.0,0.0,0.0,0.5567,"아, 좋아.","아, 들어온다.",,30.91,T4,구조검사 통과 시 유지,,28.155339805825243,29.75,P4,회귀검사 통과 시 유지
ABF-196,사진 대조 1차 교정본,192,"00:43:04,700 --> 00:43:11,280",6.58,"아, 대단해.","아아, 기분 좋아.","아, 기분 좋아.",반응형,sub_0192_2584.7s.jpg,0.0,,,25.0,90.0,50.0,78.0,75.0,0.24248,31.42,66.0,0.0,0.0,0.9118,대단해.,기분 좋네.,일본어 원문 + 타임스탬프 사진 + 장면 연속성,30.9,T4,구조검사 통과 시 유지,,28.01664355062413,29.69,P4,회귀검사 통과 시 유지
ABF-196,사진 대조 1차 교정본,718,"03:05:52,570 --> 03:05:57,290",4.72,"아, 기분 좋아.","아, 기분 좋아.",잘했어.,반응형,sub_0718_11152.6s.jpg,0.03,,,25.0,90.0,50.0,78.0,75.0,0.26264,26.65,66.0,0.0,0.0,0.8721,기분 좋아.,"아, 좋아.",화면 영문 자막 대조,30.89,T4,구조검사 통과 시 유지,,27.877947295423024,29.62,P4,회귀검사 통과 시 유지
ABF-196,사진 대조 1차 교정본,87,"00:23:09,020 --> 00:23:09,420",0.4,여기...,기분 좋아...,"아, 좋아...",중립·혼합형,sub_0087_1389.0s.jpg,0.02,,,25.0,90.0,50.0,78.0,75.0,0.19617,42.0,66.0,0.0,0.0,1.0,여기...,여기…,,30.86,T4,구조검사 통과 시 유지,,27.739251040221912,29.55,P4,회귀검사 통과 시 유지
ABF-196,사진 대조 1차 교정본,225,"00:48:13,280 --> 00:48:13,780",0.5,"아, 거기 좋아.",맛있어.,있었어.,반응형,sub_0225_2893.3s.jpg,0.02,,,25.0,90.0,50.0,78.0,75.0,0.34851,6.08,66.0,0.0,0.0,0.7007,"아, 좋아.","아, 들어온다.",,30.79,T4,구조검사 통과 시 유지,,27.53120665742025,29.42,P4,회귀검사 통과 시 유지
ABF-196,사진 대조 1차 교정본,239,"00:49:11,610 --> 00:49:12,070",0.46,괜찮아?,괜찮아?,엉덩이가 닿았어.,반응형,sub_0239_2951.6s.jpg,0.01,,,25.0,90.0,50.0,78.0,75.0,0.3746,0.0,66.0,0.0,0.0,0.5323,더 해줘도 돼? 더 해줘. 괜찮아?,더 해 줘도 돼? 더 해 줘. 괜찮아?,,30.79,T4,구조검사 통과 시 유지,,27.53120665742025,29.42,P4,회귀검사 통과 시 유지
ABF-196,사진 대조 1차 교정본,624,"02:41:59,890 --> 02:42:01,670",1.78,"아, 기다려.",응.,"아, 대단해.",반응형,sub_0624_9719.9s.jpg,0.01,,,25.0,90.0,50.0,78.0,75.0,0.37383,0.0,66.0,0.0,0.0,0.5505,기다려...,기다려…,,30.76,T4,구조검사 통과 시 유지,,27.323162274618586,29.32,P4,회귀검사 통과 시 유지
ABF-196,사진 대조 1차 교정본,211,"00:46:32,220 --> 00:46:33,180",0.96,아- 장난 아냐!,무서워...,"미안해, 아파!",반응형,sub_0211_2792.2s.jpg,0.02,,,25.0,90.0,50.0,78.0,75.0,0.37334,0.0,66.0,0.0,0.0,0.2892,아- 기분 좋아…,아… 기분 좋아…,,30.74,T4,구조검사 통과 시 유지,,27.184466019417474,29.25,P4,회귀검사 통과 시 유지
ABF-196,사진 대조 1차 교정본,517,"02:15:05,910 --> 02:15:06,550",0.64,기분 좋아?,기분 좋아?,더 해 줬으면 해?,반응형,sub_0517_8105.9s.jpg,0.01,,,25.0,90.0,50.0,78.0,75.0,0.37209,0.0,66.0,0.0,0.0,0.5949,"아, 거기... 기분 좋아?","아, 거기… 기분 좋아?",,30.69,T4,구조검사 통과 시 유지,,27.045769764216367,29.16,P4,회귀검사 통과 시 유지
ABF-196,사진 대조 1차 교정본,395,"01:36:49,020 --> 01:36:54,420",5.4,"으응, 으응.",잠깐만...,잘 안 돼.,반응형,sub_0395_5809.0s.jpg,0.02,,,25.0,90.0,50.0,78.0,75.0,0.37172,0.0,66.0,0.0,0.0,0.4287,으응...,으응…,,30.67,T4,구조검사 통과 시 유지,,26.907073509015255,29.09,P4,회귀검사 통과 시 유지
ABF-196,사진 대조 1차 교정본,479,"02:07:27,100 --> 02:07:40,670",13.57,아...,"멍, 멍, 멍...",눈을 마주치면 더 즐거울지도 몰라.,반응형,sub_0479_7647.1s.jpg,0.0,,,25.0,90.0,50.0,78.0,75.0,0.19144,42.0,66.0,0.0,0.0,1.0,아...,아…,,30.66,T4,구조검사 통과 시 유지,,26.768377253814148,29.03,P4,회귀검사 통과 시 유지
ABF-196,사진 대조 1차 교정본,184,"00:41:31,850 --> 00:41:34,550",2.7,오오...,"아아, 정말...",우와...,중립·혼합형,sub_0184_2491.8s.jpg,0.05,,,25.0,90.0,50.0,78.0,75.0,0.1902,42.0,66.0,0.0,0.0,1.0,오오...,오오…,,30.61,T4,구조검사 통과 시 유지,,26.56033287101248,28.91,P4,회귀검사 통과 시 유지
ABF-196,사진 대조 1차 교정본,603,"02:34:50,740 --> 02:34:52,940",2.2,아...,여기,정말 깊어...,반응형,sub_0603_9290.7s.jpg,0.04,,,25.0,90.0,50.0,78.0,75.0,0.19013,42.0,66.0,0.0,0.0,1.0,아...,아…,,30.61,T4,구조검사 통과 시 유지,,26.56033287101248,28.91,P4,회귀검사 통과 시 유지
ABF-196,사진 대조 1차 교정본,93,"00:24:07,190 --> 00:24:08,390",1.2,맛있어...,아...,좋아...,반응형,sub_0093_1447.2s.jpg,0.01,,,25.0,90.0,50.0,78.0,75.0,0.18962,42.0,66.0,0.0,0.0,1.0,맛있어...,맛있어…,,30.58,T4,구조검사 통과 시 유지,,26.352288488210817,28.8,P4,회귀검사 통과 시 유지
ABF-196,사진 대조 1차 교정본,571,"02:27:49,370 --> 02:27:56,350",6.98,아~.,가슴.,제대로 비벼지고 있어?,반응형,sub_0571_8869.4s.jpg,0.03,,,25.0,90.0,50.0,78.0,75.0,0.18892,42.0,66.0,0.0,0.0,1.0,아~.,아…,,30.55,T4,구조검사 통과 시 유지,,26.21359223300971,28.73,P4,회귀검사 통과 시 유지
ABF-196,사진 대조 1차 교정본,195,"00:43:23,270 --> 00:43:24,230",0.96,굉장해.,"아, 배가 아파.",먹자.,반말형,sub_0195_2603.3s.jpg,0.03,,,25.0,90.0,50.0,78.0,75.0,0.18803,42.0,66.0,0.0,0.0,1.0,굉장해. 굉장해.,엄청나. 진짜 엄청나.,,30.52,T4,구조검사 통과 시 유지,,26.0748959778086,28.65,P4,회귀검사 통과 시 유지
ABF-196,사진 대조 1차 교정본,223,"00:48:11,440 --> 00:48:12,180",0.74,"아, 닫혔어.",조여 오고 있어.,맛있어.,반응형,sub_0223_2891.4s.jpg,0.04,,,25.0,90.0,50.0,78.0,75.0,0.3677,0.0,66.0,0.0,0.0,0.287,"아, 아, 아, 아, 아, 아, 아,","아, 아, 아, 아, 아, 아, 아",,30.5,T4,구조검사 통과 시 유지,,25.93619972260749,28.58,P4,회귀검사 통과 시 유지
ABF-196,사진 대조 1차 교정본,643,"02:48:07,040 --> 02:48:12,940",5.9,"아아, 기분 좋아.","아아, 대단해.",깨물 수 있어.,반응형,sub_0643_10087.0s.jpg,0.04,,,25.0,90.0,50.0,78.0,75.0,0.33522,7.49,66.0,0.0,0.0,0.7125,기분 좋아.,"아, 좋아.",화면 영문 자막 대조,30.49,T4,구조검사 통과 시 유지,,25.79750346740638,28.52,P4,회귀검사 통과 시 유지
ABF-196,사진 대조 1차 교정본,66,"00:20:39,970 --> 00:20:41,370",1.4,기분 좋아.,위험해.,"아, 아파.",반응형,sub_0066_1240.0s.jpg,0.03,,,25.0,90.0,50.0,78.0,75.0,0.18656,42.0,66.0,0.0,0.0,1.0,기분 좋아.,"아, 좋아.",화면 영문 자막 대조,30.46,T4,구조검사 통과 시 유지,,25.65880721220527,28.44,P4,회귀검사 통과 시 유지
ABF-196,사진 대조 1차 교정본,437,"01:48:24,100 --> 01:48:26,160",2.06,잠깐만 기다려.,"아빠, 이제 끝내고 싶어.",잠깐만...,반응형,sub_0437_6504.1s.jpg,0.0,장면에 맞지 않는 격식체를 교정,중간,38.0,90.0,50.0,78.0,62.0,0.45314,0.0,48.0,0.0,0.0,0.4632,기다려...,기다려…,,30.43,T4,구조검사 통과 시 유지,,25.52011095700416,28.37,P4,회귀검사 통과 시 유지
ABF-196,사진 대조 1차 교정본,106,"00:26:22,320 --> 00:26:23,900",1.58,응...,기분 좋아...,오랜만이네...,반응형,sub_0106_1582.3s.jpg,0.02,,,25.0,90.0,50.0,78.0,75.0,0.18562,42.0,66.0,0.0,0.0,1.0,응...,응…,,30.42,T4,구조검사 통과 시 유지,,25.381414701803052,28.3,P4,회귀검사 통과 시 유지
ABF-196,사진 대조 1차 교정본,127,"00:31:57,030 --> 00:31:59,550",2.52,잠깐만...,기분 좋습니다.,으응.,반응형,sub_0127_1917.0s.jpg,0.03,,,25.0,90.0,50.0,78.0,75.0,0.18497,42.0,66.0,0.0,0.0,1.0,잠깐만...,잠깐만…,,30.39,T4,구조검사 통과 시 유지,,25.24271844660194,28.23,P4,회귀검사 통과 시 유지
ABF-196,사진 대조 1차 교정본,196,"00:43:32,940 --> 00:43:33,620",0.68,먹자.,굉장해.,이것도 그렇게...,중립·혼합형,sub_0196_2612.9s.jpg,0.04,,,25.0,90.0,50.0,78.0,75.0,0.36262,0.0,66.0,0.0,0.0,0.5008,"아아, 또 다른 미분으로 먹자.",[불명],,30.29,T4,구조검사 통과 시 유지,,25.104022191400833,28.11,P4,회귀검사 통과 시 유지
ABF-196,사진 대조 1차 교정본,349,"01:16:42,580 --> 01:16:43,460",0.88,"응, 좋아.",기분 좋아?,힘 좀 줘.,반응형,sub_0349_4602.6s.jpg,0.02,앞뒤 반응과 장면 흐름으로 교정,중간,38.0,90.0,50.0,78.0,62.0,0.4496,0.0,48.0,0.0,0.0,0.5567,"아, 좋아.","아, 들어온다.",,30.28,T4,구조검사 통과 시 유지,,24.965325936199722,28.05,P4,회귀검사 통과 시 유지
ABF-196,사진 대조 1차 교정본,452,"01:54:43,770 --> 01:54:46,230",2.46,세 번째야.,네 번째야.,다섯 번째야.,반말형,sub_0452_6883.8s.jpg,0.03,,,25.0,90.0,50.0,78.0,75.0,0.32821,7.7,66.0,0.0,0.0,0.7142,"자, 두 번째야.","자, 이번엔 두 번째야.",사진 장면 확인 및 한국어 번역투 교정,30.23,T4,구조검사 통과 시 유지,,24.826629680998614,27.96,P4,회귀검사 통과 시 유지
ABF-196,사진 대조 1차 교정본,382,"01:33:22,400 --> 01:33:32,300",9.9,"아-, 좋아. 좋아.",응... 기분 좋아.,"아, 기분 좋아.",반응형,sub_0382_5602.4s.jpg,0.0,,,25.0,90.0,50.0,78.0,75.0,0.26152,22.9,66.0,0.0,0.0,0.8408,"아-, 기분 좋아. 아-, 기분 좋아. 아-, 기분 좋아...","아-, 기분 좋아. 아-, 기분 좋아. 아-, 기분 좋아…",,30.17,T4,구조검사 통과 시 유지,,24.687933425797503,27.87,P4,회귀검사 통과 시 유지
ABF-196,사진 대조 1차 교정본,188,"00:41:49,430 --> 00:41:50,370",0.94,"아아, 안 돼 그거.",아아.,"아아, 미치겠어.",반응형,sub_0188_2509.4s.jpg,0.03,,,25.0,90.0,50.0,78.0,75.0,0.35899,0.0,66.0,0.0,0.0,0.3436,"아아, 같아.",갈 것 같아.,,30.14,T4,구조검사 통과 시 유지,,24.549237170596395,27.79,P4,회귀검사 통과 시 유지
ABF-196,사진 대조 1차 교정본,269,"00:57:15,840 --> 00:57:17,240",1.4,아...,"아, 아, 아...",잠깐만...,반응형,sub_0269_3435.8s.jpg,0.04,,,25.0,90.0,50.0,78.0,75.0,0.17869,42.0,66.0,0.0,0.0,1.0,아...,아…,,30.13,T4,구조검사 통과 시 유지,,24.410540915395284,27.73,P4,회귀검사 통과 시 유지
ABF-196,사진 대조 1차 교정본,343,"01:15:33,590 --> 01:15:42,610",9.02,잠깐만...,맛있어 보여.,아파.,반응형,sub_0343_4533.6s.jpg,0.01,,,25.0,90.0,50.0,78.0,75.0,0.17865,42.0,66.0,0.0,0.0,1.0,잠깐만...,잠깐만…,,30.12,T4,구조검사 통과 시 유지,,24.271844660194176,27.66,P4,회귀검사 통과 시 유지
ABF-196,사진 대조 1차 교정본,453,"01:54:49,940 --> 01:54:58,980",9.04,다섯 번째야.,세 번째야.,우와아아...!,반말형,sub_0453_6889.9s.jpg,0.04,,,25.0,90.0,50.0,78.0,75.0,0.35573,0.0,66.0,0.0,0.0,0.6276,"자, 두 번째야.","자, 이번엔 두 번째야.",사진 장면 확인 및 한국어 번역투 교정,30.0,T4,구조검사 통과 시 유지,,24.06380027739251,27.51,P4,회귀검사 통과 시 유지
ABF-196,사진 대조 1차 교정본,667,"02:54:07,260 --> 02:54:08,180",0.92,정말 아파.,너무 아파!,배가 아파.,반응형,sub_0667_10447.3s.jpg,0.04,,,25.0,90.0,50.0,78.0,75.0,0.35583,0.0,66.0,0.0,0.0,0.5952,배가 아파.,안쪽이 아파.,,30.0,T4,구조검사 통과 시 유지,,24.06380027739251,27.51,P4,회귀검사 통과 시 유지
ABF-196,사진 대조 1차 교정본,89,"00:23:18,420 --> 00:23:19,860",1.44,"아, 이제 거기야.","아, 좋아...",조금만 기다려.,반응형,sub_0089_1398.4s.jpg,0.02,,,25.0,90.0,50.0,78.0,75.0,0.35522,0.0,66.0,0.0,0.0,0.2802,"아, 아, 아, 아, 아, 아, 아,","아, 아, 아, 아, 아, 아, 아",,29.98,T4,구조검사 통과 시 유지,,23.855755894590846,27.41,P4,회귀검사 통과 시 유지
ABF-196,사진 대조 1차 교정본,386,"01:34:05,560 --> 01:34:37,460",31.9,"아, 기분 좋아.",기분 좋아.,"아, 기분 좋아.",반응형,sub_0386_5645.6s.jpg,0.04,,,25.0,90.0,50.0,78.0,75.0,0.24073,26.65,66.0,0.0,0.0,0.8721,기분 좋아.,"아, 좋아.",화면 영문 자막 대조,29.97,T4,구조검사 통과 시 유지,,23.71705963938974,27.34,P4,회귀검사 통과 시 유지
ABF-196,사진 대조 1차 교정본,251,"00:51:50,590 --> 00:51:51,990",1.4,대단해.,맛있어.,"아, 좋아... 안 돼, 안 돼...",반말형,sub_0251_3110.6s.jpg,0.01,,,25.0,90.0,50.0,78.0,75.0,0.17439,42.0,66.0,0.0,0.0,1.0,대단해.,기분 좋네.,일본어 원문 + 타임스탬프 사진 + 장면 연속성,29.94,T4,구조검사 통과 시 유지,,23.578363384188627,27.27,P4,회귀검사 통과 시 유지
ABF-196,사진 대조 1차 교정본,336,"01:14:06,000 --> 01:14:06,540",0.54,아아...,아...,아아...,반응형,sub_0336_4446.0s.jpg,0.0,,,25.0,90.0,50.0,78.0,75.0,0.17323,42.0,66.0,0.0,0.0,1.0,아아...,아아…,,29.9,T4,구조검사 통과 시 유지,,23.43966712898752,27.19,P4,회귀검사 통과 시 유지
ABF-196,사진 대조 1차 교정본,311,"01:06:18,900 --> 01:06:24,680",5.78,잠깐만...,갈 것 같아도 아직 가면 안 돼.,잠깐만...,반응형,sub_0311_3978.9s.jpg,0.0,,,25.0,90.0,50.0,78.0,75.0,0.17217,42.0,66.0,0.0,0.0,1.0,잠깐만...,잠깐만…,,29.85,T4,구조검사 통과 시 유지,,23.300970873786408,27.1,P4,회귀검사 통과 시 유지
ABF-196,사진 대조 1차 교정본,419,"01:44:12,090 --> 01:44:31,090",19.0,아...,아...,조심하면 괜찮아.,반응형,sub_0419_6252.1s.jpg,0.01,,,25.0,90.0,50.0,78.0,75.0,0.17176,42.0,66.0,0.0,0.0,1.0,아...,아…,,29.83,T4,구조검사 통과 시 유지,,23.1622746185853,27.03,P4,회귀검사 통과 시 유지
ABF-196,사진 대조 1차 교정본,232,"00:48:44,370 --> 00:48:45,610",1.24,이제 됐네.,이제 됐어.,이제 됐네.,반말형,sub_0232_2924.4s.jpg,0.03,,,25.0,90.0,50.0,78.0,75.0,0.34707,0.96,66.0,0.0,0.0,0.658,좀 쉬게 됐네.,이제 좀 쉬자.,,29.81,T4,구조검사 통과 시 유지,,23.02357836338419,26.96,P4,회귀검사 통과 시 유지
ABF-196,사진 대조 1차 교정본,710,"03:04:37,020 --> 03:04:42,040",5.02,아...,"자, 이제 계속할게.",눈 감아.,반응형,sub_0710_11077.0s.jpg,0.02,,,25.0,90.0,50.0,78.0,75.0,0.17072,42.0,66.0,0.0,0.0,1.0,아...,아…,,29.79,T4,구조검사 통과 시 유지,,22.88488210818308,26.89,P4,회귀검사 통과 시 유지
ABF-196,사진 대조 1차 교정본,383,"01:33:51,300 --> 01:33:54,640",3.34,"아, 기분 좋아.","아-, 좋아. 좋아.",기분 좋아.,반응형,sub_0383_5631.3s.jpg,0.0,,,25.0,90.0,50.0,78.0,75.0,0.23547,26.65,66.0,0.0,0.0,0.8721,기분 좋아.,"아, 좋아.",화면 영문 자막 대조,29.75,T4,구조검사 통과 시 유지,,22.676837725381414,26.78,P4,회귀검사 통과 시 유지
ABF-196,사진 대조 1차 교정본,629,"02:43:20,580 --> 02:43:21,500",0.92,무서워.,"아, 기분 좋아.",빨리.,중립·혼합형,sub_0629_9800.6s.jpg,0.02,,,25.0,90.0,50.0,78.0,75.0,0.22006,30.29,66.0,0.0,0.0,0.9024,좀 더 무서워.,좀 무서워.,,29.75,T4,구조검사 통과 시 유지,,22.676837725381414,26.78,P4,회귀검사 통과 시 유지
ABF-196,사진 대조 1차 교정본,191,"00:42:34,320 --> 00:42:54,860",20.54,"아아, 기분 좋아.","아아, 기분 좋아.","아, 대단해.",반응형,sub_0191_2554.3s.jpg,0.02,,,25.0,90.0,50.0,78.0,75.0,0.31663,7.49,66.0,0.0,0.0,0.7125,기분 좋아.,"아, 좋아.",화면 영문 자막 대조,29.71,T4,구조검사 통과 시 유지,,22.399445214979195,26.64,P4,회귀검사 통과 시 유지
ABF-196,사진 대조 1차 교정본,592,"02:30:57,350 --> 02:30:57,610",0.26,"아, 거기는.","아, 이거.","아, 좋아.",반응형,sub_0592_9057.4s.jpg,0.05,,,25.0,90.0,50.0,78.0,75.0,0.24086,0.0,66.0,45.38,0.0,0.2983,"아, 아, 아, 아, 아, 아, 아,","아, 아, 아, 아, 아, 아, 아",,29.71,T4,구조검사 통과 시 유지,high_cps,22.399445214979195,26.64,P4,회귀검사 통과 시 유지
ABF-196,사진 대조 1차 교정본,212,"00:46:39,920 --> 00:46:43,400",3.48,"미안해, 아파!",아- 장난 아냐!,"잠깐, 잠깐만.",반응형,sub_0212_2799.9s.jpg,0.02,,,25.0,90.0,50.0,78.0,75.0,0.34839,0.0,66.0,0.0,0.0,0.5412,"하지 마. 미안, 미안해, 미안해.","잠깐만. 미안, 미안해.",일본어 원문 대조 + 자연스러운 한국어 대사 교정,29.69,T4,구조검사 통과 시 유지,,22.191400832177532,26.54,P4,회귀검사 통과 시 유지
ABF-196,사진 대조 1차 교정본,694,"03:01:12,420 --> 03:01:33,940",21.52,"아아, 기분 좋아.","아아, 기분 좋아.",온몸으로 느끼고 있네.,반응형,sub_0694_10872.4s.jpg,0.02,,,25.0,90.0,50.0,78.0,75.0,0.31603,7.49,66.0,0.0,0.0,0.7125,기분 좋아.,"아, 좋아.",화면 영문 자막 대조,29.68,T4,구조검사 통과 시 유지,,22.052704576976424,26.48,P4,회귀검사 통과 시 유지
ABF-196,사진 대조 1차 교정본,686,"02:59:12,160 --> 02:59:13,900",1.74,기분 좋아.,"아아, 멈출 수가 없어.",기분 좋아.,반응형,sub_0686_10752.2s.jpg,0.04,,,25.0,90.0,50.0,78.0,75.0,0.1664,42.0,66.0,0.0,0.0,1.0,기분 좋아.,"아, 좋아.",화면 영문 자막 대조,29.61,T4,구조검사 통과 시 유지,,21.914008321775313,26.38,P4,회귀검사 통과 시 유지
ABF-196,사진 대조 1차 교정본,717,"03:05:45,610 --> 03:05:50,130",4.52,"아, 기분 좋아.","아아, 대단해. 아아, 대단해.","아, 기분 좋아.",반응형,sub_0717_11145.6s.jpg,0.01,,,25.0,90.0,50.0,78.0,75.0,0.23149,26.65,66.0,0.0,0.0,0.8721,기분 좋아.,"아, 좋아.",화면 영문 자막 대조,29.58,T4,구조검사 통과 시 유지,,21.7753120665742,26.3,P4,회귀검사 통과 시 유지
ABF-196,사진 대조 1차 교정본,162,"00:37:17,490 --> 00:37:18,010",0.52,앗,"아, 깜짝이야. 들어갔어.","갈게, 갈게... 멈추질 않네.",반응형,sub_0162_2237.5s.jpg,0.01,,,25.0,90.0,50.0,78.0,75.0,0.34492,0.0,66.0,0.0,0.0,0.1546,앗...,앗…,,29.55,T4,구조검사 통과 시 유지,,21.56726768377254,26.2,P4,회귀검사 통과 시 유지
ABF-196,사진 대조 1차 교정본,385,"01:34:00,460 --> 01:34:00,880",0.42,기분 좋아.,기분 좋아.,"아, 기분 좋아.",반응형,sub_0385_5640.5s.jpg,0.04,,,25.0,90.0,50.0,78.0,75.0,0.16501,42.0,66.0,0.0,0.0,1.0,기분 좋아.,"아, 좋아.",화면 영문 자막 대조,29.55,T4,구조검사 통과 시 유지,,21.56726768377254,26.2,P4,회귀검사 통과 시 유지
ABF-196,사진 대조 1차 교정본,250,"00:51:31,600 --> 00:51:38,250",6.65,맛있어.,맛있어.,대단해.,반응형,sub_0250_3091.6s.jpg,0.0,,,25.0,90.0,50.0,78.0,75.0,0.33548,2.15,66.0,0.0,0.0,0.6679,"음-, 맛있어.",음… 맛있어.,,29.54,T4,구조검사 통과 시 유지,,21.35922330097087,26.1,P4,회귀검사 통과 시 유지
ABF-196,사진 대조 1차 교정본,279,"01:00:34,510 --> 01:00:37,070",2.56,잠깐만...,"아, 벌써 왔네.",잠깐만...,반응형,sub_0279_3634.5s.jpg,0.01,,,25.0,90.0,50.0,78.0,75.0,0.16439,42.0,66.0,0.0,0.0,1.0,잠깐만...,잠깐만…,,29.52,T4,구조검사 통과 시 유지,,21.220527045769764,26.03,P4,회귀검사 통과 시 유지
ABF-196,사진 대조 1차 교정본,151,"00:34:28,740 --> 00:34:30,060",1.32,귀여워?,응응응응응,조금 벌려서.,중립·혼합형,sub_0151_2068.7s.jpg,0.04,,,25.0,90.0,50.0,78.0,75.0,0.34326,0.0,66.0,0.0,0.0,0.5025,"민낯은 귀여운 계열이네. 에이, 안 귀여워?","민낯은 귀여운 느낌이네. 에이, 안 귀여워?",일본어 원문 대조 + 자연스러운 한국어 대사 교정,29.48,T4,구조검사 통과 시 유지,,21.081830790568652,25.95,P4,회귀검사 통과 시 유지
ABF-196,사진 대조 1차 교정본,449,"01:52:35,050 --> 01:52:41,290",6.24,기쁘네!,잠깐만...,잘하네!,반말형,sub_0449_6755.1s.jpg,0.05,,,25.0,90.0,50.0,78.0,75.0,0.34265,0.0,66.0,0.0,0.0,0.4179,기쁘네.,좋아.,일본어 원문 대조 + 자연스러운 한국어 대사 교정,29.45,T4,구조검사 통과 시 유지,,20.943134535367545,25.88,P4,회귀검사 통과 시 유지
ABF-196,사진 대조 1차 교정본,515,"02:14:51,770 --> 02:14:52,610",0.84,기분 좋아?,기분 좋아?,기분 좋아?,반응형,sub_0515_8091.8s.jpg,0.03,,,25.0,90.0,50.0,78.0,75.0,0.28524,0.0,66.0,0.0,30.0,0.5949,"아, 거기... 기분 좋아?","아, 거기… 기분 좋아?",,29.44,T4,구조검사 통과 시 유지,triple_identical_run,20.804438280166433,25.81,P4,회귀검사 통과 시 유지
ABF-196,사진 대조 1차 교정본,92,"00:23:59,330 --> 00:24:04,490",5.16,아...,잠깐만...,맛있어...,반응형,sub_0092_1439.3s.jpg,0.03,,,25.0,90.0,50.0,78.0,75.0,0.16122,42.0,66.0,0.0,0.0,1.0,아...,아…,,29.39,T4,구조검사 통과 시 유지,,20.665742024965326,25.73,P4,회귀검사 통과 시 유지
ABF-196,사진 대조 1차 교정본,144,"00:33:23,470 --> 00:33:23,930",0.46,응?,대단해!,"자지, 미끈미끈하게 해 줄게.",반응형,sub_0144_2003.5s.jpg,0.03,,,25.0,90.0,50.0,78.0,75.0,0.33887,0.0,66.0,0.0,0.0,0.4776,응? 잠깐 기다려…,응? 잠깐만…,일본어 원문 대조 + 자연스러운 한국어 대사 교정,29.29,T4,구조검사 통과 시 유지,,20.527045769764214,25.61,P4,회귀검사 통과 시 유지
ABF-196,사진 대조 1차 교정본,677,"02:56:14,460 --> 02:56:16,300",1.84,싫어...,"아, 굉장해.","이거, 기분 좋아.",반응형,sub_0677_10574.5s.jpg,0.04,,,25.0,90.0,50.0,78.0,75.0,0.15814,42.0,66.0,0.0,0.0,1.0,싫어...,싫어…,,29.26,T4,구조검사 통과 시 유지,,20.388349514563107,25.53,P4,회귀검사 통과 시 유지
ABF-196,사진 대조 1차 교정본,207,"00:46:10,580 --> 00:46:12,220",1.64,아...,조금만 더 할까?,아...,반응형,sub_0207_2770.6s.jpg,0.02,,,25.0,90.0,50.0,78.0,75.0,0.15269,42.0,66.0,0.0,0.0,1.0,아...,아…,,29.03,T4,구조검사 통과 시 유지,,20.249653259361995,25.34,P4,회귀검사 통과 시 유지
ABF-196,사진 대조 1차 교정본,662,"02:52:19,280 --> 02:52:24,440",5.16,"아, 기분 좋아.","아, 어디...","아, 아, 아...",반응형,sub_0662_10339.3s.jpg,0.02,,,25.0,90.0,50.0,78.0,75.0,0.21721,26.65,66.0,0.0,0.0,0.8721,기분 좋아.,"아, 좋아.",화면 영문 자막 대조,28.98,T4,구조검사 통과 시 유지,,20.110957004160888,25.26,P4,회귀검사 통과 시 유지
ABF-196,사진 대조 1차 교정본,77,"00:21:32,700 --> 00:21:33,500",0.8,좋아.,눈을 떠.,무서워 무서워.,반응형,sub_0077_1292.7s.jpg,0.0,,,25.0,90.0,50.0,78.0,75.0,0.24854,19.19,66.0,0.0,0.0,0.8099,"아, 좋아.","아, 들어온다.",,28.95,T4,구조검사 통과 시 유지,,19.972260748959776,25.18,P4,회귀검사 통과 시 유지
ABF-196,사진 대조 1차 교정본,384,"01:33:59,380 --> 01:34:00,460",1.08,기분 좋아.,"아, 기분 좋아.",기분 좋아.,반응형,sub_0384_5639.4s.jpg,0.02,,,25.0,90.0,50.0,78.0,75.0,0.14879,42.0,66.0,0.0,0.0,1.0,기분 좋아.,"아, 좋아.",화면 영문 자막 대조,28.87,T4,구조검사 통과 시 유지,,19.764216366158113,25.05,P4,회귀검사 통과 시 유지
ABF-196,사진 대조 1차 교정본,388,"01:34:51,480 --> 01:35:03,300",11.82,"우와, 기분 좋아.","아, 기분 좋아.","이거, 이거, 이거.",반응형,sub_0388_5691.5s.jpg,0.02,,,25.0,90.0,50.0,78.0,75.0,0.32877,0.0,66.0,0.0,0.0,0.5713,기분 좋아.,"아, 좋아.",화면 영문 자막 대조,28.87,T4,구조검사 통과 시 유지,,19.764216366158113,25.05,P4,회귀검사 통과 시 유지
ABF-196,사진 대조 1차 교정본,229,"00:48:33,930 --> 00:48:35,110",1.18,이쪽?,장난 아냐.,응.,중립·혼합형,sub_0229_2913.9s.jpg,0.03,,,25.0,90.0,50.0,78.0,75.0,0.32742,0.0,66.0,0.0,0.0,0.1508,이쪽...,이쪽…,,28.81,T4,구조검사 통과 시 유지,,19.55617198335645,24.92,P4,회귀검사 통과 시 유지
ABF-196,사진 대조 1차 교정본,514,"02:14:33,670 --> 02:14:35,370",1.7,기분 좋아?,기분 좋아?,기분 좋아?,반응형,sub_0514_8073.7s.jpg,0.03,,,25.0,90.0,50.0,78.0,75.0,0.27002,0.0,66.0,0.0,30.0,0.5949,"아, 거기... 기분 좋아?","아, 거기… 기분 좋아?",,28.8,T4,구조검사 통과 시 유지,triple_identical_run,19.41747572815534,24.86,P4,회귀검사 통과 시 유지
ABF-196,사진 대조 1차 교정본,435,"01:47:51,460 --> 01:47:55,680",4.22,난 뭘 하면 돼?,"아, 아, 아...","아빠, 이제 끝내고 싶어.",중립·혼합형,sub_0435_6471.5s.jpg,0.04,,,25.0,90.0,50.0,78.0,75.0,0.32669,0.0,66.0,0.0,0.0,0.2896,천천히 하면 돼.,천천히 하면 괜찮아.,일본어 원문 대조 + 자연스러운 한국어 대사 교정,28.78,T4,구조검사 통과 시 유지,,19.209431345353675,24.76,P4,회귀검사 통과 시 유지
ABF-196,사진 대조 1차 교정본,511,"02:14:17,070 --> 02:14:18,810",1.74,기분 좋아?,기분 좋아?,기분 좋아?,반응형,sub_0511_8057.1s.jpg,0.03,,,25.0,90.0,50.0,78.0,75.0,0.26958,0.0,66.0,0.0,30.0,0.5949,"아, 거기... 기분 좋아?","아, 거기… 기분 좋아?",,28.78,T4,구조검사 통과 시 유지,triple_identical_run,19.209431345353675,24.76,P4,회귀검사 통과 시 유지
ABF-196,사진 대조 1차 교정본,516,"02:15:04,890 --> 02:15:05,910",1.02,기분 좋아?,기분 좋아?,기분 좋아?,반응형,sub_0516_8104.9s.jpg,0.01,,,25.0,90.0,50.0,78.0,75.0,0.2694,0.0,66.0,0.0,30.0,0.5949,"아, 거기... 기분 좋아?","아, 거기… 기분 좋아?",,28.77,T4,구조검사 통과 시 유지,triple_identical_run,19.00138696255201,24.67,P4,회귀검사 통과 시 유지
ABF-196,사진 대조 1차 교정본,20,"00:11:02,670 --> 00:11:03,190",0.52,네.,수고하셨습니다.,"자, 다들 여기 봐.",반말형,sub_0020_662.7s.jpg,0.03,,,25.0,90.0,50.0,78.0,75.0,0.24783,9.95,66.0,0.0,18.0,0.7329,"네, 네.",네.,불필요한 반복 제거,28.7,T4,구조검사 통과 시 유지,formality_shift,18.793342579750348,24.54,P4,회귀검사 통과 시 유지
ABF-196,사진 대조 1차 교정본,510,"02:14:04,960 --> 02:14:09,790",4.83,기분 좋아?,기분 좋아?,기분 좋아?,반응형,sub_0510_8045.0s.jpg,0.04,,,25.0,90.0,50.0,78.0,75.0,0.26771,0.0,66.0,0.0,30.0,0.5949,"아, 거기... 기분 좋아?","아, 거기… 기분 좋아?",,28.7,T4,구조검사 통과 시 유지,triple_identical_run,18.793342579750348,24.54,P4,회귀검사 통과 시 유지
ABF-196,사진 대조 1차 교정본,26,"00:11:37,600 --> 00:11:48,460",10.86,"아, 안 돼.","우와, 기분 좋아.","아, 기분 좋아.",반응형,sub_0026_697.6s.jpg,0.0,,,25.0,90.0,50.0,78.0,75.0,0.21197,26.14,66.0,0.0,0.0,0.8678,안 돼.,"네, 놀랐어요.",타임스탬프 사진과 앞뒤 장면으로 대사 기능 복원,28.67,T4,구조검사 통과 시 유지,,18.58529819694868,24.43,P4,회귀검사 통과 시 유지
ABF-196,사진 대조 1차 교정본,422,"01:44:47,740 --> 01:44:50,920",3.18,아...,이제 빨리 눕자.,조금만 더 힘내.,반응형,sub_0422_6287.7s.jpg,0.04,,,25.0,90.0,50.0,78.0,75.0,0.14384,42.0,66.0,0.0,0.0,1.0,아...,아…,,28.66,T4,구조검사 통과 시 유지,,18.377253814147018,24.34,P4,회귀검사 통과 시 유지
ABF-196,사진 대조 1차 교정본,502,"02:13:15,420 --> 02:13:16,920",1.5,기분 좋아?,맛있습니다.,엄청 기분 좋구나.,반응형,sub_0502_7995.4s.jpg,0.02,,,25.0,90.0,50.0,78.0,75.0,0.28959,0.0,66.0,0.0,18.0,0.5949,"아, 거기... 기분 좋아?","아, 거기… 기분 좋아?",,28.66,T4,구조검사 통과 시 유지,formality_shift,18.377253814147018,24.34,P4,회귀검사 통과 시 유지
ABF-196,사진 대조 1차 교정본,512,"02:14:26,230 --> 02:14:28,610",2.38,기분 좋아?,기분 좋아?,기분 좋아?,반응형,sub_0512_8066.2s.jpg,0.03,,,25.0,90.0,50.0,78.0,75.0,0.26639,0.0,66.0,0.0,30.0,0.5949,"아, 거기... 기분 좋아?","아, 거기… 기분 좋아?",,28.65,T4,구조검사 통과 시 유지,triple_identical_run,18.169209431345354,24.25,P4,회귀검사 통과 시 유지
ABF-196,사진 대조 1차 교정본,234,"00:48:47,470 --> 00:48:48,530",1.06,라는 건…,이제 됐네.,"아, 잠깐...",중립·혼합형,sub_0234_2927.5s.jpg,0.03,,,25.0,90.0,50.0,78.0,75.0,0.32279,0.0,66.0,0.0,0.0,0.1164,핥아주길 바라는 거야?,핥아 주길 바라는 거야?,,28.62,T4,구조검사 통과 시 유지,,18.030513176144243,24.17,P4,회귀검사 통과 시 유지
ABF-196,사진 대조 1차 교정본,76,"00:21:25,580 --> 00:21:30,840",5.26,눈을 떠.,눈을 떠.,좋아.,중립·혼합형,sub_0076_1285.6s.jpg,0.02,,,25.0,90.0,50.0,78.0,75.0,0.32167,0.0,66.0,0.0,0.0,0.0591,눈 감아 줄래.,눈 감고 있을게.,일본어 원문 대조 + 자연스러운 한국어 대사 교정,28.57,T4,구조검사 통과 시 유지,,17.891816920943135,24.09,P4,회귀검사 통과 시 유지
ABF-196,사진 대조 1차 교정본,124,"00:30:48,370 --> 00:30:56,510",8.14,아...,정말 뜨거워.,굉장해.,반응형,sub_0124_1848.4s.jpg,0.03,,,25.0,90.0,50.0,78.0,75.0,0.14003,42.0,66.0,0.0,0.0,1.0,아...,아…,,28.5,T4,구조검사 통과 시 유지,,17.753120665742024,23.99,P4,회귀검사 통과 시 유지
ABF-196,사진 대조 1차 교정본,31,"00:12:12,970 --> 00:12:14,110",1.14,기분 좋아.,아파.,"아, 기분 좋아.",반응형,sub_0031_733.0s.jpg,0.03,,,25.0,90.0,50.0,78.0,75.0,0.13918,42.0,66.0,0.0,0.0,1.0,기분 좋아.,"아, 좋아.",화면 영문 자막 대조,28.47,T4,구조검사 통과 시 유지,,17.614424410540916,23.91,P4,회귀검사 통과 시 유지
ABF-196,사진 대조 1차 교정본,644,"02:48:31,990 --> 02:48:41,370",9.38,깨물 수 있어.,"아아, 기분 좋아.",기분 좋아.,반응형,sub_0644_10112.0s.jpg,0.01,,,25.0,90.0,50.0,78.0,75.0,0.31861,0.0,66.0,0.0,0.0,0.3936,"응, 입을 수 있어.","응, 정말 잘 어울려.",타임스탬프 사진과 앞뒤 장면으로 대사 기능 복원,28.44,T4,구조검사 통과 시 유지,,17.475728155339805,23.84,P4,회귀검사 통과 시 유지
ABF-196,사진 대조 1차 교정본,475,"02:06:54,080 --> 02:06:55,440",1.36,실패했어.,실패!,또 실패했네.,반응형,sub_0475_7614.1s.jpg,0.02,,,25.0,90.0,50.0,78.0,75.0,0.31843,0.0,66.0,0.0,0.0,0.1537,계속 생각했어.,부끄러워? 뭔가 야하네.,일본어 원문 + 타임스탬프 사진 + 장면 연속성,28.43,T4,구조검사 통과 시 유지,,17.337031900138697,23.77,P4,회귀검사 통과 시 유지
ABF-196,사진 대조 1차 교정본,509,"02:14:00,340 --> 02:14:02,680",2.34,기분 좋아?,기분 좋아?,기분 좋아?,반응형,sub_0509_8040.3s.jpg,0.04,,,25.0,90.0,50.0,78.0,75.0,0.26031,0.0,66.0,0.0,30.0,0.5949,"아, 거기... 기분 좋아?","아, 거기… 기분 좋아?",,28.39,T4,구조검사 통과 시 유지,triple_identical_run,17.198335644937586,23.69,P4,회귀검사 통과 시 유지
ABF-196,사진 대조 1차 교정본,71,"00:21:11,970 --> 00:21:12,370",0.4,응?,"무서워, 무서워.",뭔가 조여오고 있어.,반응형,sub_0071_1272.0s.jpg,0.03,,,25.0,90.0,50.0,78.0,75.0,0.317,0.0,66.0,0.0,0.0,0.4776,응? 잠깐 기다려…,응? 잠깐만…,일본어 원문 대조 + 자연스러운 한국어 대사 교정,28.37,T4,구조검사 통과 시 유지,,16.990291262135923,23.59,P4,회귀검사 통과 시 유지
ABF-196,사진 대조 1차 교정본,204,"00:45:39,210 --> 00:45:39,530",0.32,아...,아...,아...,반응형,sub_0204_2739.2s.jpg,0.01,,,25.0,90.0,50.0,78.0,75.0,0.07978,42.0,66.0,0.0,30.0,1.0,아...,아…,,28.37,T4,구조검사 통과 시 유지,triple_identical_run,16.990291262135923,23.59,P4,회귀검사 통과 시 유지
ABF-196,사진 대조 1차 교정본,513,"02:14:31,650 --> 02:14:33,050",1.4,기분 좋아?,기분 좋아?,기분 좋아?,반응형,sub_0513_8071.6s.jpg,0.05,,,25.0,90.0,50.0,78.0,75.0,0.25946,0.0,66.0,0.0,30.0,0.5949,"아, 거기... 기분 좋아?","아, 거기… 기분 좋아?",,28.36,T4,구조검사 통과 시 유지,triple_identical_run,16.78224687933426,23.5,P4,회귀검사 통과 시 유지
ABF-196,사진 대조 1차 교정본,208,"00:46:14,700 --> 00:46:15,300",0.6,아...,아...,아...,반응형,sub_0208_2774.7s.jpg,0.0,,,25.0,90.0,50.0,78.0,75.0,0.07896,42.0,66.0,0.0,30.0,1.0,아...,아…,,28.34,T4,구조검사 통과 시 유지,triple_identical_run,16.643550624133148,23.43,P4,회귀검사 통과 시 유지
ABF-196,사진 대조 1차 교정본,84,"00:23:07,660 --> 00:23:08,380",0.72,아...,아...,아...,반응형,sub_0084_1387.7s.jpg,0.04,,,25.0,90.0,50.0,78.0,75.0,0.0757,42.0,66.0,0.0,30.0,1.0,아...,아…,,28.2,T4,구조검사 통과 시 유지,triple_identical_run,16.435506241331485,23.26,P4,회귀검사 통과 시 유지
ABF-196,사진 대조 1차 교정본,440,"01:50:37,460 --> 01:50:38,220",0.76,아...,아...,아...,반응형,sub_0440_6637.5s.jpg,0.04,,,25.0,90.0,50.0,78.0,75.0,0.07574,42.0,66.0,0.0,30.0,1.0,아...,아…,,28.2,T4,구조검사 통과 시 유지,triple_identical_run,16.435506241331485,23.26,P4,회귀검사 통과 시 유지
ABF-196,사진 대조 1차 교정본,521,"02:15:22,400 --> 02:15:22,860",0.46,입?,뭐가 그렇게 좋아?,잠깐만...,중립·혼합형,sub_0521_8122.4s.jpg,0.0,,,25.0,90.0,50.0,78.0,75.0,0.30977,0.0,66.0,0.0,0.0,0.0695,안 입었어.,안 보이네.,사진 장면 확인 및 한국어 번역투·ASR 오역 교정,28.07,T4,구조검사 통과 시 유지,,16.22746185852982,23.1,P4,회귀검사 통과 시 유지
ABF-196,사진 대조 1차 교정본,104,"00:26:13,660 --> 00:26:21,440",7.78,아...,먹어보자.,기분 좋아...,반응형,sub_0104_1573.7s.jpg,0.04,,,25.0,90.0,50.0,78.0,75.0,0.12822,42.0,66.0,0.0,0.0,1.0,아...,아…,,28.01,T4,구조검사 통과 시 유지,,16.08876560332871,23.0,P4,회귀검사 통과 시 유지
ABF-196,사진 대조 1차 교정본,267,"00:55:02,370 --> 00:55:03,410",1.04,"아, 거기.",입에 싸줘.,"아, 아, 아...",반응형,sub_0267_3302.4s.jpg,0.03,,,25.0,90.0,50.0,78.0,75.0,0.30775,0.0,66.0,0.0,0.0,0.5545,아… 기분 좋아. 아… 거기 거기.,"아… 좋아. 거기, 거기.",일본어 원문 대조 + 자연스러운 한국어 대사 교정,27.99,T4,구조검사 통과 시 유지,,15.950069348127602,22.93,P4,회귀검사 통과 시 유지
ABF-196,사진 대조 1차 교정본,253,"00:52:29,050 --> 00:52:30,930",1.88,기분 좋아.,"아, 좋아... 안 돼, 안 돼...",기분 좋아.,반응형,sub_0253_3149.1s.jpg,0.05,,,25.0,90.0,50.0,78.0,75.0,0.1273,42.0,66.0,0.0,0.0,1.0,기분 좋아.,"아, 좋아.",화면 영문 자막 대조,27.97,T4,구조검사 통과 시 유지,,15.811373092926493,22.86,P4,회귀검사 통과 시 유지
ABF-196,사진 대조 1차 교정본,389,"01:35:03,300 --> 01:35:05,080",1.78,"이거, 이거, 이거.","우와, 기분 좋아.",멈춰 버릴 것 같아.,중립·혼합형,sub_0389_5703.3s.jpg,0.0,,,25.0,90.0,50.0,78.0,75.0,0.28759,4.53,66.0,0.0,0.0,0.6878,"이거, 이거, 이거, 그거, 이거, 그 정도, 그 정도...","이거, 이거, 이거, 그거, 이거, 그 정도, 그 정도…",,27.95,T4,구조검사 통과 시 유지,,15.672676837725383,22.79,P4,회귀검사 통과 시 유지
ABF-196,사진 대조 1차 교정본,373,"01:30:11,010 --> 01:30:12,190",1.18,"아, 거기로.",수고하셨습니다.,맛있어.,반응형,sub_0373_5411.0s.jpg,0.01,,,25.0,90.0,50.0,78.0,75.0,0.30459,0.0,66.0,0.0,0.0,0.299,"아, 아, 아, 아, 아, 아, 아,","아, 아, 아, 아, 아, 아, 아",,27.85,T4,구조검사 통과 시 유지,,15.53398058252427,22.68,P4,회귀검사 통과 시 유지
ABF-196,사진 대조 1차 교정본,489,"02:08:57,440 --> 02:08:57,860",0.42,"빨리, 빨리!",빨리 시작하자.,하아-.,중립·혼합형,sub_0489_7737.4s.jpg,0.04,,,25.0,90.0,50.0,78.0,75.0,0.30338,0.0,66.0,0.0,0.0,0.2424,빨리 핥아 봐.,빨리 핥아 줘.,화자 말투 자연화,27.8,T4,구조검사 통과 시 유지,,15.39528432732316,22.59,P4,회귀검사 통과 시 유지
ABF-196,사진 대조 1차 교정본,130,"00:32:15,550 --> 00:32:16,570",1.02,"이거, 이거.",좋아.,굉장해.,중립·혼합형,sub_0130_1935.5s.jpg,0.05,,,25.0,90.0,50.0,78.0,75.0,0.30266,0.0,66.0,0.0,0.0,0.6393,"네, 이거.","네, 해 볼게요.",사진 장면 확인 및 한국어 번역투·ASR 오역 교정,27.77,T4,구조검사 통과 시 유지,,15.187239944521497,22.49,P4,회귀검사 통과 시 유지
ABF-196,사진 대조 1차 교정본,508,"02:13:56,660 --> 02:13:58,020",1.36,기분 좋아?,엄청 움찔움찔하고 있어.,기분 좋아?,반응형,sub_0508_8036.7s.jpg,0.04,,,25.0,90.0,50.0,78.0,75.0,0.30272,0.0,66.0,0.0,0.0,0.5949,"아, 거기... 기분 좋아?","아, 거기… 기분 좋아?",,27.77,T4,구조검사 통과 시 유지,,15.187239944521497,22.49,P4,회귀검사 통과 시 유지
ABF-196,사진 대조 1차 교정본,564,"02:27:24,660 --> 02:27:25,240",0.58,으응.,하아…,으응.,반응형,sub_0564_8844.7s.jpg,0.04,,,25.0,90.0,50.0,78.0,75.0,0.30151,0.0,66.0,0.0,0.0,0.5144,으응...,으응…,,27.72,T4,구조검사 통과 시 유지,,14.979195561719832,22.37,P4,회귀검사 통과 시 유지
ABF-196,사진 대조 1차 교정본,148,"00:33:59,960 --> 00:34:00,680",0.72,안 와?,잔뜩 훑어주고 싶어.,긴장돼.,중립·혼합형,sub_0148_2040.0s.jpg,0.04,,,25.0,90.0,50.0,78.0,75.0,0.30122,0.0,66.0,0.0,0.0,0.2114,안 돼.,"네, 놀랐어요.",타임스탬프 사진과 앞뒤 장면으로 대사 기능 복원,27.71,T4,구조검사 통과 시 유지,,14.840499306518723,22.3,P4,회귀검사 통과 시 유지
ABF-196,사진 대조 1차 교정본,27,"00:11:52,110 --> 00:11:53,410",1.3,"아, 기분 좋아.","아, 안 돼.",아파.,반응형,sub_0027_712.1s.jpg,0.01,,,25.0,90.0,50.0,78.0,75.0,0.18642,26.65,66.0,0.0,0.0,0.8721,기분 좋아.,"아, 좋아.",화면 영문 자막 대조,27.69,T4,구조검사 통과 시 유지,,14.701803051317613,22.23,P4,회귀검사 통과 시 유지
ABF-196,사진 대조 1차 교정본,170,"00:39:17,240 --> 00:39:17,980",0.74,와-.,"순간 어긋났더니, 장난 아냐.",잘했어. 좋아.,중립·혼합형,sub_0170_2357.2s.jpg,0.04,,,25.0,90.0,50.0,78.0,75.0,0.29902,0.0,66.0,0.0,0.0,0.1401,아--.,아…,,27.62,T4,구조검사 통과 시 유지,,14.563106796116504,22.14,P4,회귀검사 통과 시 유지
ABF-196,사진 대조 1차 교정본,659,"02:51:51,740 --> 02:51:59,220",7.48,"아, 아파.","아, 대단해.","아, 안 돼, 안 돼, 안 돼.",반응형,sub_0659_10311.7s.jpg,0.04,,,25.0,90.0,50.0,78.0,75.0,0.28385,3.39,66.0,0.0,0.0,0.6783,배가 아파.,안쪽이 아파.,,27.59,T4,구조검사 통과 시 유지,,14.424410540915394,22.06,P4,회귀검사 통과 시 유지
ABF-196,사진 대조 1차 교정본,209,"00:46:21,720 --> 00:46:24,520",2.8,아...,아...,무서워...,반응형,sub_0209_2781.7s.jpg,0.02,,,25.0,90.0,50.0,78.0,75.0,0.11797,42.0,66.0,0.0,0.0,1.0,아...,아…,,27.57,T4,구조검사 통과 시 유지,,14.285714285714285,21.99,P4,회귀검사 통과 시 유지
ABF-196,사진 대조 1차 교정본,433,"01:46:34,780 --> 01:46:36,120",1.34,괜찮습니다!,괜찮습니다!,"아, 아, 아...",존댓말형,sub_0433_6394.8s.jpg,0.02,,,25.0,90.0,50.0,78.0,75.0,0.1171,42.0,66.0,0.0,0.0,1.0,괜찮습니다!,괜찮아!,,27.54,T4,구조검사 통과 시 유지,,14.147018030513175,21.91,P4,회귀검사 통과 시 유지
ABF-196,사진 대조 1차 교정본,387,"01:34:38,880 --> 01:34:40,860",1.98,"아, 기분 좋아.","아, 기분 좋아.","우와, 기분 좋아.",반응형,sub_0387_5678.9s.jpg,0.02,,,25.0,90.0,50.0,78.0,75.0,0.18133,26.65,66.0,0.0,0.0,0.8721,기분 좋아.,"아, 좋아.",화면 영문 자막 대조,27.47,T4,구조검사 통과 시 유지,,14.008321775312066,21.82,P4,회귀검사 통과 시 유지
ABF-196,사진 대조 1차 교정본,242,"00:49:54,180 --> 00:49:55,300",1.12,"굉장해, 굉장해.","아, 안 돼 안 돼, 닿고 있어.","굉장해, 굉장해.",반말형,sub_0242_2994.2s.jpg,0.02,,,25.0,90.0,50.0,78.0,75.0,0.21856,17.9,66.0,0.0,0.0,0.7992,굉장해. 굉장해.,엄청나. 진짜 엄청나.,,27.46,T4,구조검사 통과 시 유지,,13.869625520110956,21.75,P4,회귀검사 통과 시 유지
ABF-196,사진 대조 1차 교정본,335,"01:13:53,380 --> 01:14:06,000",12.62,아...,아아...,아아...,반응형,sub_0335_4433.4s.jpg,0.02,,,25.0,90.0,50.0,78.0,75.0,0.115,42.0,66.0,0.0,0.0,1.0,아...,아…,,27.45,T4,구조검사 통과 시 유지,,13.730929264909847,21.69,P4,회귀검사 통과 시 유지
ABF-196,사진 대조 1차 교정본,467,"02:03:54,180 --> 02:03:55,720",1.54,치호치…,응. 응. 응.,이거 간다...,중립·혼합형,sub_0467_7434.2s.jpg,0.02,,,25.0,90.0,50.0,78.0,75.0,0.29089,0.0,66.0,0.0,0.0,0.0457,치아도 예쁘네.,입 냄새도 상쾌하네.,일본어 원문 대조 + 자연스러운 한국어 대사 교정,27.28,T4,구조검사 통과 시 유지,,13.592233009708737,21.53,P4,회귀검사 통과 시 유지
ABF-196,사진 대조 1차 교정본,635,"02:44:39,250 --> 02:44:40,670",1.42,"아, 기분 좋아.",아...,"아아, 기분 좋아.",반응형,sub_0635_9879.2s.jpg,0.05,,,25.0,90.0,50.0,78.0,75.0,0.1743,26.65,66.0,0.0,0.0,0.8721,기분 좋아.,"아, 좋아.",화면 영문 자막 대조,27.18,T4,구조검사 통과 시 유지,,13.453536754507628,21.41,P4,회귀검사 통과 시 유지
ABF-196,사진 대조 1차 교정본,426,"01:45:07,560 --> 01:45:12,840",5.28,"어이, 어이.",그게 기분 좋아.,아파!,반응형,sub_0426_6307.6s.jpg,0.04,,,25.0,90.0,50.0,78.0,75.0,0.23731,11.75,66.0,0.0,0.0,0.7479,"어이, 어이...","어이, 어이…",,27.14,T4,구조검사 통과 시 유지,,13.314840499306518,21.33,P4,회귀검사 통과 시 유지
ABF-196,사진 대조 1차 교정본,25,"00:11:33,900 --> 00:11:35,900",2.0,"우와, 기분 좋아.",거기가 특히 좋아.,"아, 안 돼.",반응형,sub_0025_693.9s.jpg,0.0,,,25.0,90.0,50.0,78.0,75.0,0.2814,0.0,66.0,0.0,0.0,0.5713,기분 좋아.,"아, 좋아.",화면 영문 자막 대조,26.88,T4,구조검사 통과 시 유지,,13.0374479889043,21.07,P4,회귀검사 통과 시 유지
ABF-196,사진 대조 1차 교정본,129,"00:32:09,610 --> 00:32:10,990",1.38,좋아.,으응.,"이거, 이거.",반응형,sub_0129_1929.6s.jpg,0.01,,,25.0,90.0,50.0,78.0,75.0,0.19918,19.19,66.0,0.0,0.0,0.8099,"아, 좋아.","아, 들어온다.",,26.88,T4,구조검사 통과 시 유지,,13.0374479889043,21.07,P4,회귀검사 통과 시 유지
ABF-196,사진 대조 1차 교정본,693,"03:01:01,760 --> 03:01:10,180",8.42,"아아, 기분 좋아.","아아, 기분 좋아.","아아, 기분 좋아.",반응형,sub_0693_10861.8s.jpg,0.04,,,25.0,90.0,50.0,78.0,75.0,0.19205,7.49,66.0,0.0,30.0,0.7125,기분 좋아.,"아, 좋아.",화면 영문 자막 대조,26.88,T4,구조검사 통과 시 유지,triple_identical_run,13.0374479889043,21.07,P4,회귀검사 통과 시 유지
ABF-196,사진 대조 1차 교정본,441,"01:50:38,480 --> 01:50:44,800",6.32,아...,아...,아아...,반응형,sub_0441_6638.5s.jpg,0.02,,,25.0,90.0,50.0,78.0,75.0,0.10062,42.0,66.0,0.0,0.0,1.0,아...,아…,,26.85,T4,구조검사 통과 시 유지,,12.76005547850208,20.93,P4,회귀검사 통과 시 유지
ABF-196,사진 대조 1차 교정본,680,"02:56:24,700 --> 02:56:28,160",3.46,아...,힘들지?,그거야.,반응형,sub_0680_10584.7s.jpg,0.0,,,25.0,90.0,50.0,78.0,75.0,0.10029,42.0,66.0,0.0,0.0,1.0,아...,아…,,26.83,T4,구조검사 통과 시 유지,,12.62135922330097,20.86,P4,회귀검사 통과 시 유지
ABF-196,사진 대조 1차 교정본,375,"01:31:34,690 --> 01:31:49,810",15.12,"아아, 기분 좋아.",맛있어.,"아아, 아깝다.",반응형,sub_0375_5494.7s.jpg,0.01,,,25.0,90.0,50.0,78.0,75.0,0.24604,7.49,66.0,0.0,0.0,0.7125,기분 좋아.,"아, 좋아.",화면 영문 자막 대조,26.74,T4,구조검사 통과 시 유지,,12.482662968099861,20.75,P4,회귀검사 통과 시 유지
ABF-196,사진 대조 1차 교정본,567,"02:27:43,610 --> 02:27:44,090",0.48,아-.,아-.,가슴이네.,반응형,sub_0567_8863.6s.jpg,0.01,,,25.0,90.0,50.0,78.0,75.0,0.27691,0.0,66.0,0.0,0.0,0.4577,아-...,아-…,,26.69,T4,구조검사 통과 시 유지,,12.343966712898752,20.66,P4,회귀검사 통과 시 유지
ABF-196,사진 대조 1차 교정본,56,"00:19:42,780 --> 00:19:43,180",0.4,으응 에 우와!,먹어보세요.,기분 좋아...,반응형,sub_0056_1182.8s.jpg,0.02,,,25.0,90.0,50.0,78.0,75.0,0.27637,0.0,66.0,0.0,0.0,0.4498,혹시... 우와!,혹시… 우와!,,26.67,T4,구조검사 통과 시 유지,,12.205270457697642,20.59,P4,회귀검사 통과 시 유지
ABF-196,사진 대조 1차 교정본,636,"02:44:42,510 --> 02:44:59,700",17.19,"아아, 기분 좋아.","아, 기분 좋아.",기분 좋아... 숨이 가빠.,반응형,sub_0636_9882.5s.jpg,0.01,,,25.0,90.0,50.0,78.0,75.0,0.24285,7.49,66.0,0.0,0.0,0.7125,기분 좋아.,"아, 좋아.",화면 영문 자막 대조,26.61,T4,구조검사 통과 시 유지,,12.066574202496533,20.5,P4,회귀검사 통과 시 유지
ABF-196,사진 대조 1차 교정본,128,"00:31:59,550 --> 00:32:00,030",0.48,으응.,잠깐만...,좋아.,반응형,sub_0128_1919.5s.jpg,0.05,,,25.0,90.0,50.0,78.0,75.0,0.2725,0.0,66.0,0.0,0.0,0.5144,으응...,으응…,,26.51,T4,구조검사 통과 시 유지,,11.927877947295423,20.39,P4,회귀검사 통과 시 유지
ABF-196,사진 대조 1차 교정본,346,"01:15:47,990 --> 01:15:50,210",2.22,아파.,아파.,먹어보세요.,반응형,sub_0346_4548.0s.jpg,0.01,,,25.0,90.0,50.0,78.0,75.0,0.21792,12.11,66.0,0.0,0.0,0.7509,배가 아파.,안쪽이 아파.,,26.39,T4,구조검사 통과 시 유지,,11.789181692094314,20.26,P4,회귀검사 통과 시 유지
ABF-196,사진 대조 1차 교정본,236,"00:48:53,050 --> 00:48:54,510",1.46,아...,"아, 잠깐...",괜찮아?,반응형,sub_0236_2933.1s.jpg,0.05,,,25.0,90.0,50.0,78.0,75.0,0.08702,42.0,66.0,0.0,0.0,1.0,아...,아…,,26.27,T4,구조검사 통과 시 유지,,11.58113730929265,20.1,P4,회귀검사 통과 시 유지
ABF-196,사진 대조 1차 교정본,249,"00:51:28,260 --> 00:51:31,060",2.8,맛있어.,맛있어.,맛있어.,반응형,sub_0249_3088.3s.jpg,0.04,,,25.0,90.0,50.0,78.0,75.0,0.20065,2.15,66.0,0.0,30.0,0.6679,"음-, 맛있어.",음… 맛있어.,,26.27,T4,구조검사 통과 시 유지,triple_identical_run,11.58113730929265,20.1,P4,회귀검사 통과 시 유지
ABF-196,사진 대조 1차 교정본,298,"01:03:51,140 --> 01:03:52,540",1.4,앗,앗,앗,반응형,sub_0298_3831.1s.jpg,0.04,,,25.0,90.0,50.0,78.0,75.0,0.20864,0.0,66.0,0.0,30.0,0.1546,앗...,앗…,,26.22,T4,구조검사 통과 시 유지,triple_identical_run,11.373092926490985,19.98,P4,회귀검사 통과 시 유지
ABF-196,사진 대조 1차 교정본,691,"03:00:39,330 --> 03:00:44,430",5.1,아아...,"아아, 거기... 기분 좋아.","아아, 기분 좋아.",반응형,sub_0691_10839.3s.jpg,0.03,,,25.0,90.0,50.0,78.0,75.0,0.08527,42.0,66.0,0.0,0.0,1.0,아아...,아아…,,26.2,T4,구조검사 통과 시 유지,,11.234396671289876,19.91,P4,회귀검사 통과 시 유지
ABF-196,사진 대조 1차 교정본,149,"00:34:04,830 --> 00:34:05,850",1.02,긴장돼.,안 와?,응응응응응,중립·혼합형,sub_0149_2044.8s.jpg,0.03,,,25.0,90.0,50.0,78.0,75.0,0.26359,0.0,66.0,0.0,0.0,0.1792,긴장 풀어요.,긴장 풀어.,일본어 원문 대조 + 자연스러운 한국어 대사 교정,26.13,T4,구조검사 통과 시 유지,,11.095700416088766,19.82,P4,회귀검사 통과 시 유지
ABF-196,사진 대조 1차 교정본,474,"02:06:32,660 --> 02:06:32,840",0.18,실패!,실패했네.,실패했어.,중립·혼합형,sub_0474_7592.7s.jpg,0.04,,,25.0,90.0,50.0,78.0,75.0,0.20352,0.0,66.0,25.0,0.0,0.0549,네! 어이!,"네, 잘 부탁드립니다!",사진 장면 확인 및 한국어 번역투·ASR 오역 교정,26.11,T4,구조검사 통과 시 유지,borderline_cps,10.957004160887656,19.75,P4,회귀검사 통과 시 유지
ABF-196,사진 대조 1차 교정본,299,"01:03:52,540 --> 01:03:53,280",0.74,앗,앗,앗,반응형,sub_0299_3832.5s.jpg,0.04,,,25.0,90.0,50.0,78.0,75.0,0.20465,0.0,66.0,0.0,30.0,0.1546,앗...,앗…,,26.06,T4,구조검사 통과 시 유지,triple_identical_run,10.818307905686545,19.66,P4,회귀검사 통과 시 유지
ABF-196,사진 대조 1차 교정본,190,"00:42:09,380 --> 00:42:33,200",23.82,"아아, 기분 좋아.","아아, 미치겠어.","아아, 기분 좋아.",반응형,sub_0190_2529.4s.jpg,0.02,,,25.0,90.0,50.0,78.0,75.0,0.22873,7.49,66.0,0.0,0.0,0.7125,기분 좋아.,"아, 좋아.",화면 영문 자막 대조,26.02,T4,구조검사 통과 시 유지,,10.679611650485436,19.58,P4,회귀검사 통과 시 유지
ABF-196,사진 대조 1차 교정본,85,"00:23:08,380 --> 00:23:08,640",0.26,아...,아...,기분 좋아...,반응형,sub_0085_1388.4s.jpg,0.02,,,25.0,90.0,50.0,78.0,75.0,0.07834,42.0,66.0,0.0,0.0,1.0,아...,아…,,25.91,T4,구조검사 통과 시 유지,,10.540915395284326,19.45,P4,회귀검사 통과 시 유지
ABF-196,사진 대조 1차 교정본,29,"00:11:56,690 --> 00:11:57,190",0.5,아파.,아파.,아파.,반응형,sub_0029_716.7s.jpg,0.01,,,25.0,90.0,50.0,78.0,75.0,0.14602,12.11,66.0,0.0,30.0,0.7509,배가 아파.,안쪽이 아파.,,25.77,T4,구조검사 통과 시 유지,triple_identical_run,10.402219140083217,19.32,P4,회귀검사 통과 시 유지
ABF-196,사진 대조 1차 교정본,345,"01:15:46,170 --> 01:15:47,910",1.74,아파.,아파.,아파.,반응형,sub_0345_4546.2s.jpg,0.03,,,25.0,90.0,50.0,78.0,75.0,0.14383,12.11,66.0,0.0,30.0,0.7509,배가 아파.,안쪽이 아파.,,25.68,T4,구조검사 통과 시 유지,triple_identical_run,10.194174757281553,19.18,P4,회귀검사 통과 시 유지
ABF-196,사진 대조 1차 교정본,584,"02:29:10,520 --> 02:29:10,980",0.46,으응.,찌릿찌릿해? 기분 좋아?,주세요.,반응형,sub_0584_8950.5s.jpg,0.02,,,25.0,90.0,50.0,78.0,75.0,0.25277,0.0,66.0,0.0,0.0,0.5144,으응...,으응…,,25.68,T4,구조검사 통과 시 유지,,10.194174757281553,19.18,P4,회귀검사 통과 시 유지
ABF-196,사진 대조 1차 교정본,530,"02:17:56,920 --> 02:17:58,260",1.34,기분 좋아?,꽤 춥습니다.,아파... 잠깐만.,반응형,sub_0530_8276.9s.jpg,0.02,성행위 장면과 충돌한 인사말 오인식 교정,중간,38.0,90.0,50.0,78.0,62.0,0.30445,0.0,48.0,0.0,18.0,0.5949,"아, 거기... 기분 좋아?","아, 거기… 기분 좋아?",,25.63,T4,구조검사 통과 시 유지,formality_shift,9.986130374479888,19.06,P4,회귀검사 통과 시 유지
ABF-196,사진 대조 1차 교정본,689,"02:59:41,860 --> 02:59:43,620",1.76,아...,엄청 기분 좋아.,"아아, 거기... 기분 좋아.",반응형,sub_0689_10781.9s.jpg,0.04,,,25.0,90.0,50.0,78.0,75.0,0.07035,42.0,66.0,0.0,0.0,1.0,아...,아…,,25.57,T4,구조검사 통과 시 유지,,9.847434119278779,18.97,P4,회귀검사 통과 시 유지
ABF-196,사진 대조 1차 교정본,344,"01:15:44,410 --> 01:15:46,050",1.64,아파.,잠깐만...,아파.,반응형,sub_0344_4544.4s.jpg,0.01,,,25.0,90.0,50.0,78.0,75.0,0.19544,12.11,66.0,0.0,0.0,0.7509,배가 아파.,안쪽이 아파.,,25.45,T4,구조검사 통과 시 유지,,9.70873786407767,18.84,P4,회귀검사 통과 시 유지
ABF-196,사진 대조 1차 교정본,418,"01:43:37,880 --> 01:43:39,220",1.34,아...,기분 좋습니다.,아...,반응형,sub_0418_6217.9s.jpg,0.02,,,25.0,90.0,50.0,78.0,75.0,0.06095,42.0,66.0,0.0,0.0,1.0,아...,아…,,25.18,T4,구조검사 통과 시 유지,,9.57004160887656,18.62,P4,회귀검사 통과 시 유지
ABF-196,사진 대조 1차 교정본,498,"02:12:27,240 --> 02:12:27,700",0.46,네.,더 혀 내밀어.,네.,반말형,sub_0498_7947.2s.jpg,0.04,,,25.0,90.0,50.0,78.0,75.0,0.19641,9.95,66.0,0.0,0.0,0.7329,"네, 네.",네.,불필요한 반복 제거,25.1,T4,구조검사 통과 시 유지,,9.43134535367545,18.52,P4,회귀검사 통과 시 유지
ABF-196,사진 대조 1차 교정본,631,"02:43:41,190 --> 02:43:43,450",2.26,"아아, 기분 좋아.",빨리.,아아!,반응형,sub_0631_9821.2s.jpg,0.01,,,25.0,90.0,50.0,78.0,75.0,0.20471,7.49,66.0,0.0,0.0,0.7125,기분 좋아.,"아, 좋아.",화면 영문 자막 대조,25.01,T4,구조검사 통과 시 유지,,9.29264909847434,18.41,P4,회귀검사 통과 시 유지
ABF-196,사진 대조 1차 교정본,460,"01:59:57,520 --> 01:59:58,560",1.04,치키치키,치킨…,"아, 좋아…",중립·혼합형,sub_0460_7197.5s.jpg,0.02,,,25.0,90.0,50.0,78.0,75.0,0.23667,0.0,66.0,0.0,0.0,0.0431,치아도 예쁘네.,입 냄새도 상쾌하네.,일본어 원문 대조 + 자연스러운 한국어 대사 교정,25.0,T4,구조검사 통과 시 유지,,9.084604715672677,18.32,P4,회귀검사 통과 시 유지
ABF-196,사진 대조 1차 교정본,558,"02:23:55,920 --> 02:23:56,320",0.4,아아.,"아, 기분 좋아서 미안.",네 쪽에 둘게.,반응형,sub_0558_8635.9s.jpg,0.02,,,25.0,90.0,50.0,78.0,75.0,0.23672,0.0,66.0,0.0,0.0,0.4581,아아...,아아…,,25.0,T4,구조검사 통과 시 유지,,9.084604715672677,18.32,P4,회귀검사 통과 시 유지
ABF-196,사진 대조 1차 교정본,83,"00:23:07,220 --> 00:23:07,660",0.44,아...,좋아!,아...,반응형,sub_0083_1387.2s.jpg,0.02,,,25.0,90.0,50.0,78.0,75.0,0.05654,42.0,66.0,0.0,0.0,1.0,아...,아…,,24.99,T4,구조검사 통과 시 유지,,8.876560332871012,18.22,P4,회귀검사 통과 시 유지
ABF-196,사진 대조 1차 교정본,34,"00:12:26,110 --> 00:12:26,870",0.76,괜찮아?,한 번 정도...,전부.,반응형,sub_0034_746.1s.jpg,0.01,,,25.0,90.0,50.0,78.0,75.0,0.2362,0.0,66.0,0.0,0.0,0.5323,더 해줘도 돼? 더 해줘. 괜찮아?,더 해 줘도 돼? 더 해 줘. 괜찮아?,,24.98,T4,구조검사 통과 시 유지,,8.737864077669903,18.16,P4,회귀검사 통과 시 유지
ABF-196,사진 대조 1차 교정본,286,"01:01:41,490 --> 01:01:41,850",0.36,응.,좋습니다.,장난 아냐,반응형,sub_0286_3701.5s.jpg,0.01,,,25.0,90.0,50.0,78.0,75.0,0.23604,0.0,66.0,0.0,0.0,0.4951,"하-, 응.",하아… 응.,,24.97,T4,구조검사 통과 시 유지,,8.599167822468793,18.09,P4,회귀검사 통과 시 유지
ABF-196,사진 대조 1차 교정본,67,"00:20:41,650 --> 00:20:43,410",1.76,"아, 아파.",기분 좋아.,기분 좋아.,반응형,sub_0067_1241.7s.jpg,0.05,,,25.0,90.0,50.0,78.0,75.0,0.22047,3.39,66.0,0.0,0.0,0.6783,배가 아파.,안쪽이 아파.,,24.93,T4,구조검사 통과 시 유지,,8.460471567267684,18.01,P4,회귀검사 통과 시 유지
ABF-196,사진 대조 1차 교정본,499,"02:12:28,160 --> 02:12:28,680",0.52,네.,네.,맛있어?,반말형,sub_0499_7948.2s.jpg,0.04,,,25.0,90.0,50.0,78.0,75.0,0.19017,9.95,66.0,0.0,0.0,0.7329,"네, 네.",네.,불필요한 반복 제거,24.84,T4,구조검사 통과 시 유지,,8.321775312066574,17.9,P4,회귀검사 통과 시 유지
ABF-196,사진 대조 1차 교정본,60,"00:20:01,150 --> 00:20:06,290",5.14,그렇게.,"응, 그대로 해.",기분 좋아,중립·혼합형,sub_0060_1201.2s.jpg,0.05,,,25.0,90.0,50.0,78.0,75.0,0.2314,0.0,66.0,0.0,0.0,0.4771,이것도 그렇게...,이것도 그렇게…,,24.78,T4,구조검사 통과 시 유지,,8.183079056865465,17.81,P4,회귀검사 통과 시 유지
ABF-196,사진 대조 1차 교정본,634,"02:44:17,890 --> 02:44:20,690",2.8,아...,아아!,"아, 기분 좋아.",반응형,sub_0634_9857.9s.jpg,0.01,,,25.0,90.0,50.0,78.0,75.0,0.05123,42.0,66.0,0.0,0.0,1.0,아...,아…,,24.77,T4,구조검사 통과 시 유지,,8.044382801664355,17.75,P4,회귀검사 통과 시 유지
ABF-196,사진 대조 1차 교정본,189,"00:41:51,530 --> 00:41:52,850",1.32,"아아, 미치겠어.","아아, 안 돼 그거.","아아, 기분 좋아.",반응형,sub_0189_2511.5s.jpg,0.03,,,25.0,90.0,50.0,78.0,75.0,0.23041,0.0,66.0,0.0,0.0,0.3147,"아아, 같아.",갈 것 같아.,,24.74,T4,구조검사 통과 시 유지,,7.905686546463246,17.67,P4,회귀검사 통과 시 유지
ABF-196,사진 대조 1차 교정본,565,"02:27:27,060 --> 02:27:27,300",0.24,으응.,으응.,아-.,반응형,sub_0565_8847.1s.jpg,0.04,,,25.0,90.0,50.0,78.0,75.0,0.22873,0.0,66.0,0.0,0.0,0.5144,으응...,으응…,,24.67,T4,구조검사 통과 시 유지,,7.766990291262135,17.57,P4,회귀검사 통과 시 유지
ABF-196,사진 대조 1차 교정본,575,"02:28:04,510 --> 02:28:05,450",0.94,으응.,으응.,으~.,반응형,sub_0575_8884.5s.jpg,0.01,,,25.0,90.0,50.0,78.0,75.0,0.22639,0.0,66.0,0.0,0.0,0.5144,으응...,으응…,,24.57,T4,구조검사 통과 시 유지,,7.628294036061026,17.45,P4,회귀검사 통과 시 유지
ABF-196,사진 대조 1차 교정본,230,"00:48:35,550 --> 00:48:36,090",0.54,응.,이쪽?,이제 됐어.,반응형,sub_0230_2915.6s.jpg,0.05,,,25.0,90.0,50.0,78.0,75.0,0.2241,0.0,66.0,0.0,0.0,0.4951,"하-, 응.",하아… 응.,,24.47,T4,구조검사 통과 시 유지,,7.489597780859916,17.34,P4,회귀검사 통과 시 유지
ABF-196,사진 대조 1차 교정본,450,"01:53:46,350 --> 01:53:47,870",1.52,잘하네!,기쁘네!,네 번째야.,반말형,sub_0450_6826.4s.jpg,0.05,,,25.0,90.0,50.0,78.0,75.0,0.22331,0.0,66.0,0.0,0.0,0.3642,잘하네...,잘하네…,,24.44,T4,구조검사 통과 시 유지,,7.281553398058252,17.23,P4,회귀검사 통과 시 유지
ABF-196,사진 대조 1차 교정본,666,"02:54:02,900 --> 02:54:04,060",1.16,너무 아파!,배가 좀 아파.,정말 아파.,반응형,sub_0666_10442.9s.jpg,0.0,,,25.0,90.0,50.0,78.0,75.0,0.22327,0.0,66.0,0.0,0.0,0.2551,"아, 대단해. 너무 좋아...","아, 대단해. 너무 좋아…",,24.44,T4,구조검사 통과 시 유지,,7.281553398058252,17.23,P4,회귀검사 통과 시 유지
ABF-196,사진 대조 1차 교정본,203,"00:45:37,370 --> 00:45:37,990",0.62,아...,"아, 좋아... 한 번 더.",아...,반응형,sub_0203_2737.4s.jpg,0.03,,,25.0,90.0,50.0,78.0,75.0,0.04275,42.0,66.0,0.0,0.0,1.0,아...,아…,,24.42,T4,구조검사 통과 시 유지,,7.073509015256588,17.13,P4,회귀검사 통과 시 유지
ABF-196,사진 대조 1차 교정본,46,"00:16:07,340 --> 00:16:07,640",0.3,아...,수고하셨습니다.,"아, 아, 아...",반응형,sub_0046_967.3s.jpg,0.04,,,25.0,90.0,50.0,78.0,75.0,0.04246,42.0,66.0,0.0,0.0,1.0,아...,아…,,24.4,T4,구조검사 통과 시 유지,,6.934812760055478,17.06,P4,회귀검사 통과 시 유지
ABF-196,사진 대조 1차 교정본,377,"01:32:06,680 --> 01:32:23,410",16.73,아...,"아아, 아깝다.",아...,반응형,sub_0377_5526.7s.jpg,0.02,,,25.0,90.0,50.0,78.0,75.0,0.0399,42.0,66.0,0.0,0.0,1.0,아...,아…,,24.3,T4,구조검사 통과 시 유지,,6.796116504854369,16.95,P4,회귀검사 통과 시 유지
ABF-196,사진 대조 1차 교정본,309,"01:06:07,810 --> 01:06:08,770",0.96,응응,"으음, 아직 가면 안 돼.",갈 것 같아도 아직 가면 안 돼.,반응형,sub_0309_3967.8s.jpg,0.01,,,25.0,90.0,50.0,78.0,75.0,0.21774,0.0,66.0,0.0,0.0,0.2787,응응...,응응…,,24.2,T4,구조검사 통과 시 유지,,6.657420249653259,16.83,P4,회귀검사 통과 시 유지
ABF-196,사진 대조 1차 교정본,679,"02:56:19,160 --> 02:56:24,700",5.54,힘들지?,"이거, 기분 좋아.",아...,반말형,sub_0679_10579.2s.jpg,0.04,,,25.0,90.0,50.0,78.0,75.0,0.21691,0.0,66.0,0.0,0.0,0.1522,걷기 힘들어.,응.,일본어 원문 + 타임스탬프 사진 + 장면 연속성,24.17,T4,구조검사 통과 시 유지,,6.51872399445215,16.76,P4,회귀검사 통과 시 유지
ABF-196,사진 대조 1차 교정본,431,"01:46:33,300 --> 01:46:34,040",0.74,괜찮습니다.,첫 번째 자극이야.,괜찮습니다!,존댓말형,sub_0431_6393.3s.jpg,0.0,,,25.0,90.0,50.0,78.0,75.0,0.19916,3.67,66.0,0.0,0.0,0.6806,이번 저주가 괜찮습니다.,[불명],,24.09,T4,구조검사 통과 시 유지,,6.38002773925104,16.65,P4,회귀검사 통과 시 유지
ABF-196,사진 대조 1차 교정본,692,"03:00:45,210 --> 03:00:49,090",3.88,"아아, 기분 좋아.",아아...,"아아, 기분 좋아.",반응형,sub_0692_10845.2s.jpg,0.01,,,25.0,90.0,50.0,78.0,75.0,0.18255,7.49,66.0,0.0,0.0,0.7125,기분 좋아.,"아, 좋아.",화면 영문 자막 대조,24.08,T4,구조검사 통과 시 유지,,6.2413314840499305,16.59,P4,회귀검사 통과 시 유지
ABF-196,사진 대조 1차 교정본,376,"01:31:51,830 --> 01:32:06,680",14.85,"아아, 아깝다.","아아, 기분 좋아.",아...,반응형,sub_0376_5511.8s.jpg,0.03,,,25.0,90.0,50.0,78.0,75.0,0.21119,0.0,66.0,0.0,0.0,0.335,"아아, 같아.",갈 것 같아.,,23.93,T4,구조검사 통과 시 유지,,6.102635228848821,16.44,P4,회귀검사 통과 시 유지
ABF-196,사진 대조 1차 교정본,494,"02:11:56,880 --> 02:11:57,480",0.6,네.,곤란해?,"아, 아, 아, 굉장해. 따뜻한 느낌이야.",반말형,sub_0494_7916.9s.jpg,0.02,,,25.0,90.0,50.0,78.0,75.0,0.16808,9.95,66.0,0.0,0.0,0.7329,"네, 네.",네.,불필요한 반복 제거,23.91,T4,구조검사 통과 시 유지,,5.9639389736477115,16.37,P4,회귀검사 통과 시 유지
ABF-196,사진 대조 1차 교정본,297,"01:03:46,720 --> 01:03:47,180",0.46,앗,앗.,앗,반응형,sub_0297_3826.7s.jpg,0.02,,,25.0,90.0,50.0,78.0,75.0,0.21016,0.0,66.0,0.0,0.0,0.1546,앗...,앗…,,23.89,T4,구조검사 통과 시 유지,,5.825242718446602,16.3,P4,회귀검사 통과 시 유지
ABF-196,사진 대조 1차 교정본,30,"00:11:57,350 --> 00:11:57,990",0.64,아파.,아파.,기분 좋아.,반응형,sub_0030_717.4s.jpg,0.05,,,25.0,90.0,50.0,78.0,75.0,0.15682,12.11,66.0,0.0,0.0,0.7509,배가 아파.,안쪽이 아파.,,23.83,T4,구조검사 통과 시 유지,,5.6865464632454925,16.21,P4,회귀검사 통과 시 유지
ABF-196,사진 대조 1차 교정본,398,"01:37:41,110 --> 01:37:43,130",2.02,"응, 좋아.",기분 좋아?,두 번째 거야.,반응형,sub_0398_5861.1s.jpg,0.01,앞뒤 반응과 장면 흐름으로 교정,중간,38.0,90.0,50.0,78.0,62.0,0.29117,0.0,48.0,0.0,0.0,0.5567,"아, 좋아.","아, 들어온다.",,23.63,T4,구조검사 통과 시 유지,,5.547850208044383,16.04,P4,회귀검사 통과 시 유지
ABF-196,사진 대조 1차 교정본,260,"00:53:52,910 --> 00:53:53,790",0.88,어?,대단해.,아무래도 중국이네요.,반응형,sub_0260_3232.9s.jpg,0.01,,,25.0,90.0,50.0,78.0,75.0,0.20246,0.0,66.0,0.0,0.0,0.3599,어? 벗기고 싶다고? 응.,해 줬으면 좋겠어? 응.,손상된 일본어 ASR + 타임스탬프 사진 + 앞뒤 문맥 추론,23.56,T4,구조검사 통과 시 유지,,5.409153952843273,15.94,P4,회귀검사 통과 시 유지
ABF-196,사진 대조 1차 교정본,610,"02:36:13,220 --> 02:36:14,500",1.28,우와-.,가슴도 기분 좋아.,아아------.,중립·혼합형,sub_0610_9373.2s.jpg,0.02,,,25.0,90.0,50.0,78.0,75.0,0.19537,0.0,66.0,0.0,0.0,0.1817,우와~ 우와우와야. 우와.,우와… 우와우와야. 우와.,,23.27,T4,구조검사 통과 시 유지,,5.270457697642163,15.71,P4,회귀검사 통과 시 유지
ABF-196,사진 대조 1차 교정본,681,"02:56:42,860 --> 02:56:44,900",2.04,그거야.,아...,저건 뭐야?,반말형,sub_0681_10602.9s.jpg,0.04,,,25.0,90.0,50.0,78.0,75.0,0.19531,0.0,66.0,0.0,0.0,0.2642,싫은 거야.,싫어?,일본어 원문 대조 + 자연스러운 한국어 대사 교정,23.26,T4,구조검사 통과 시 유지,,5.131761442441054,15.65,P4,회귀검사 통과 시 유지
ABF-196,사진 대조 1차 교정본,573,"02:27:59,950 --> 02:28:00,990",1.04,기분 좋아?,제대로 비벼지고 있어?,으응.,반응형,sub_0573_8880.0s.jpg,0.05,,,25.0,90.0,50.0,78.0,75.0,0.19416,0.0,66.0,0.0,0.0,0.5949,"아, 거기... 기분 좋아?","아, 거기… 기분 좋아?",,23.21,T4,구조검사 통과 시 유지,,4.923717059639389,15.53,P4,회귀검사 통과 시 유지
ABF-196,사진 대조 1차 교정본,614,"02:37:18,520 --> 02:37:19,260",0.74,좋아!,땀까지 나서 흠뻑 젖었어.,먹어줬으면 해?,반응형,sub_0614_9438.5s.jpg,0.02,,,25.0,90.0,50.0,78.0,75.0,0.19403,0.0,66.0,0.0,0.0,0.1278,"아, 좋아.","아, 들어온다.",,23.21,T4,구조검사 통과 시 유지,,4.923717059639389,15.53,P4,회귀검사 통과 시 유지
ABF-196,사진 대조 1차 교정본,500,"02:12:53,440 --> 02:12:54,340",0.9,맛있어?,네.,맛있습니다.,반응형,sub_0500_7973.4s.jpg,0.04,,,25.0,90.0,50.0,78.0,75.0,0.19348,0.0,66.0,0.0,0.0,0.3287,맛있어...,맛있어…,,23.19,T4,구조검사 통과 시 유지,,4.715672676837725,15.43,P4,회귀검사 통과 시 유지
ABF-196,사진 대조 1차 교정본,300,"01:03:53,280 --> 01:03:55,140",1.86,앗,앗,맛있게 꽉 찼어.,반응형,sub_0300_3833.3s.jpg,0.02,,,25.0,90.0,50.0,78.0,75.0,0.19344,0.0,66.0,0.0,0.0,0.1546,앗...,앗…,,23.18,T4,구조검사 통과 시 유지,,4.5769764216366156,15.37,P4,회귀검사 통과 시 유지
ABF-196,사진 대조 1차 교정본,719,"03:06:03,310 --> 03:06:04,490",1.18,잘했어.,"아, 기분 좋아.",아아...,반응형,sub_0719_11163.3s.jpg,0.01,,,25.0,90.0,50.0,78.0,75.0,0.1895,0.0,66.0,0.0,0.0,0.1873,계속 생각했어.,부끄러워? 뭔가 야하네.,일본어 원문 + 타임스탬프 사진 + 장면 연속성,23.02,T4,구조검사 통과 시 유지,,4.438280166435506,15.22,P4,회귀검사 통과 시 유지
ABF-196,사진 대조 1차 교정본,35,"00:12:28,350 --> 00:12:29,110",0.76,전부.,괜찮아?,"아, 조금 좋아.",중립·혼합형,sub_0035_748.4s.jpg,0.05,,,25.0,90.0,50.0,78.0,75.0,0.18864,0.0,66.0,0.0,0.0,0.5762,전부요. 위아래로 전부.,전부요. 위쪽도 아래쪽도.,사진 장면 확인 및 한국어 번역투·ASR 오역 교정,22.98,T4,구조검사 통과 시 유지,,4.2995839112343965,15.13,P4,회귀검사 통과 시 유지
ABF-196,사진 대조 1차 교정본,237,"00:49:08,390 --> 00:49:09,390",1.0,괜찮아?,아...,괜찮아?,반응형,sub_0237_2948.4s.jpg,0.01,,,25.0,90.0,50.0,78.0,75.0,0.18583,0.0,66.0,0.0,0.0,0.5323,더 해줘도 돼? 더 해줘. 괜찮아?,더 해 줘도 돼? 더 해 줘. 괜찮아?,,22.86,T4,구조검사 통과 시 유지,,4.160887656033287,15.01,P4,회귀검사 통과 시 유지
ABF-196,사진 대조 1차 교정본,541,"02:20:34,210 --> 02:20:34,970",0.76,응응!,응응!,저쪽을 좀 봐.,반응형,sub_0541_8434.2s.jpg,0.01,,,25.0,90.0,50.0,78.0,75.0,0.18555,0.0,66.0,0.0,0.0,0.2158,응응...,응응…,,22.85,T4,구조검사 통과 시 유지,,4.0221914008321775,14.94,P4,회귀검사 통과 시 유지
ABF-196,사진 대조 1차 교정본,566,"02:27:41,350 --> 02:27:41,690",0.34,아-.,으응.,아-.,반응형,sub_0566_8861.4s.jpg,0.05,,,25.0,90.0,50.0,78.0,75.0,0.18331,0.0,66.0,0.0,0.0,0.4577,아-...,아-…,,22.76,T4,구조검사 통과 시 유지,,3.8834951456310676,14.83,P4,회귀검사 통과 시 유지
ABF-196,사진 대조 1차 교정본,248,"00:51:16,480 --> 00:51:18,460",1.98,맛있어.,기분 좋아.,맛있어.,반응형,sub_0248_3076.5s.jpg,0.02,,,25.0,90.0,50.0,78.0,75.0,0.16331,2.15,66.0,0.0,0.0,0.6679,"음-, 맛있어.",음… 맛있어.,,22.31,T4,구조검사 통과 시 유지,,3.744798890429958,14.51,P4,회귀검사 통과 시 유지
ABF-196,사진 대조 1차 교정본,316,"01:07:31,410 --> 01:07:32,210",0.8,응?,첫 번째,"응, 갈게...",반응형,sub_0316_4051.4s.jpg,0.01,,,25.0,90.0,50.0,78.0,75.0,0.17236,0.0,66.0,0.0,0.0,0.4776,응? 잠깐 기다려…,응? 잠깐만…,일본어 원문 대조 + 자연스러운 한국어 대사 교정,22.3,T4,구조검사 통과 시 유지,,3.6061026352288486,14.45,P4,회귀검사 통과 시 유지
ABF-196,사진 대조 1차 교정본,82,"00:22:47,860 --> 00:22:48,660",0.8,좋아!,좋네.,아...,반응형,sub_0082_1367.9s.jpg,0.04,,,25.0,90.0,50.0,78.0,75.0,0.17206,0.0,66.0,0.0,0.0,0.1278,"아, 좋아.","아, 들어온다.",,22.29,T4,구조검사 통과 시 유지,,3.467406380027739,14.38,P4,회귀검사 통과 시 유지
ABF-196,사진 대조 1차 교정본,630,"02:43:37,550 --> 02:43:39,330",1.78,빨리.,무서워.,"아아, 기분 좋아.",중립·혼합형,sub_0630_9817.5s.jpg,0.05,,,25.0,90.0,50.0,78.0,75.0,0.16792,0.0,66.0,0.0,0.0,0.2203,빨리 핥아 봐.,빨리 핥아 줘.,화자 말투 자연화,22.11,T4,구조검사 통과 시 유지,,3.3287101248266295,14.22,P4,회귀검사 통과 시 유지
ABF-196,사진 대조 1차 교정본,574,"02:28:02,210 --> 02:28:02,770",0.56,으응.,기분 좋아?,으응.,반응형,sub_0574_8882.2s.jpg,0.01,,,25.0,90.0,50.0,78.0,75.0,0.16643,0.0,66.0,0.0,0.0,0.5144,으응...,으응…,,22.05,T4,구조검사 통과 시 유지,,3.19001386962552,14.13,P4,회귀검사 통과 시 유지
ABF-196,사진 대조 1차 교정본,671,"02:54:30,620 --> 02:54:31,380",0.76,아잇!,많이 아파?,잠깐 기다려.,반응형,sub_0671_10470.6s.jpg,0.02,,,25.0,90.0,50.0,78.0,75.0,0.16095,0.0,66.0,0.0,0.0,0.055,네! 어이!,"네, 잘 부탁드립니다!",사진 장면 확인 및 한국어 번역투·ASR 오역 교정,21.82,T4,구조검사 통과 시 유지,,3.0513176144244105,13.94,P4,회귀검사 통과 시 유지
ABF-196,사진 대조 1차 교정본,8,"00:06:05,290 --> 00:06:29,390",24.1,"아, 아, 아!","아, 해버렸어.",좋아…,반응형,sub_0008_365.3s.jpg,0.01,,,25.0,90.0,50.0,78.0,75.0,0.14135,4.5,66.0,0.0,0.0,0.6875,"아, 아, 아, 아, 아, 아, 아,","아, 아, 아, 아, 아, 아, 아",,21.81,T4,구조검사 통과 시 유지,,2.912621359223301,13.87,P4,회귀검사 통과 시 유지
ABF-196,사진 대조 1차 교정본,623,"02:41:52,760 --> 02:41:53,060",0.3,응.,아...,"아, 기다려.",반응형,sub_0623_9712.8s.jpg,0.04,,,25.0,90.0,50.0,78.0,75.0,0.1559,0.0,66.0,0.0,0.0,0.4951,"하-, 응.",하아… 응.,,21.61,T4,구조검사 통과 시 유지,,2.7739251040221915,13.7,P4,회귀검사 통과 시 유지
ABF-196,사진 대조 1차 교정본,296,"01:03:44,660 --> 01:03:46,060",1.4,앗.,"아, 배가 아파.",앗,반응형,sub_0296_3824.7s.jpg,0.04,,,25.0,90.0,50.0,78.0,75.0,0.14963,0.0,66.0,0.0,0.0,0.4048,앗...,앗…,,21.34,T4,구조검사 통과 시 유지,,2.6352288488210815,13.48,P4,회귀검사 통과 시 유지
ABF-196,사진 대조 1차 교정본,28,"00:11:54,530 --> 00:11:55,290",0.76,아파.,"아, 기분 좋아.",아파.,반응형,sub_0028_714.5s.jpg,0.03,,,25.0,90.0,50.0,78.0,75.0,0.09651,12.11,66.0,0.0,0.0,0.7509,배가 아파.,안쪽이 아파.,,21.29,T4,구조검사 통과 시 유지,,2.496532593619972,13.4,P4,회귀검사 통과 시 유지
ABF-196,사진 대조 1차 교정본,374,"01:30:39,840 --> 01:30:40,340",0.5,맛있어.,"아, 거기로.","아아, 기분 좋아.",반응형,sub_0374_5439.8s.jpg,0.04,,,25.0,90.0,50.0,78.0,75.0,0.13524,2.15,66.0,0.0,0.0,0.6679,"음-, 맛있어.",음… 맛있어.,,21.13,T4,구조검사 통과 시 유지,,2.3578363384188625,13.25,P4,회귀검사 통과 시 유지
ABF-196,사진 대조 1차 교정본,224,"00:48:12,180 --> 00:48:12,480",0.3,맛있어.,"아, 닫혔어.","아, 거기 좋아.",반응형,sub_0224_2892.2s.jpg,0.02,,,25.0,90.0,50.0,78.0,75.0,0.13443,2.15,66.0,0.0,0.0,0.6679,"음-, 맛있어.",음… 맛있어.,,21.09,T4,구조검사 통과 시 유지,,2.219140083217753,13.16,P4,회귀검사 통과 시 유지
ABF-196,사진 대조 1차 교정본,348,"01:16:39,520 --> 01:16:42,120",2.6,기분 좋아?,먹어보세요.,"응, 좋아.",반응형,sub_0348_4599.5s.jpg,0.02,성행위 장면과 충돌한 인사말 오인식 교정,중간,38.0,90.0,50.0,78.0,62.0,0.22902,0.0,48.0,0.0,0.0,0.5949,"아, 거기... 기분 좋아?","아, 거기… 기분 좋아?",,21.02,T4,구조검사 통과 시 유지,,2.0804438280166435,13.07,P4,회귀검사 통과 시 유지
ABF-196,사진 대조 1차 교정본,556,"02:23:45,700 --> 02:23:46,100",0.4,응.,"아, 기분 좋아.","아, 기분 좋아서 미안.",반응형,sub_0556_8625.7s.jpg,0.0,,,25.0,90.0,50.0,78.0,75.0,0.1415,0.0,66.0,0.0,0.0,0.4951,"하-, 응.",하아… 응.,,21.0,T4,구조검사 통과 시 유지,,1.9417475728155338,13.0,P4,회귀검사 통과 시 유지
ABF-196,사진 대조 1차 교정본,461,"02:00:22,070 --> 02:00:28,790",6.72,"아, 좋아…",치키치키,"아, 아, 아...",반응형,sub_0461_7222.1s.jpg,0.03,성행위 장면과 충돌한 인사말 오인식 교정,중간,38.0,90.0,50.0,78.0,62.0,0.21308,1.74,48.0,0.0,0.0,0.6645,아- 기분 좋아…,아… 기분 좋아…,,20.66,T4,구조검사 통과 시 유지,,1.8030513176144243,12.74,P4,회귀검사 통과 시 유지
ABF-196,사진 대조 1차 교정본,143,"00:33:22,470 --> 00:33:23,470",1.0,대단해!,기분 좋아...,응?,반말형,sub_0143_2002.5s.jpg,0.03,,,25.0,90.0,50.0,78.0,75.0,0.12737,0.0,66.0,0.0,0.0,0.3318,대단해.,기분 좋네.,일본어 원문 + 타임스탬프 사진 + 장면 연속성,20.41,T4,구조검사 통과 시 유지,,1.6643550624133148,12.54,P4,회귀검사 통과 시 유지
ABF-196,사진 대조 1차 교정본,5,"00:05:59,850 --> 00:06:00,190",0.34,아!,잠깐만...,아!,반응형,sub_0005_359.9s.jpg,0.05,,,25.0,90.0,50.0,78.0,75.0,0.12476,0.0,66.0,0.0,0.0,0.0855,네! 어이!,"네, 잘 부탁드립니다!",사진 장면 확인 및 한국어 번역투·ASR 오역 교정,20.3,T4,구조검사 통과 시 유지,,1.5256588072122053,12.41,P4,회귀검사 통과 시 유지
ABF-196,사진 대조 1차 교정본,187,"00:41:47,490 --> 00:41:48,990",1.5,아아.,우와아...,"아아, 안 돼 그거.",반응형,sub_0187_2507.5s.jpg,0.01,,,25.0,90.0,50.0,78.0,75.0,0.12216,0.0,66.0,0.0,0.0,0.4581,아아...,아아…,,20.19,T4,구조검사 통과 시 유지,,1.3869625520110958,12.29,P4,회귀검사 통과 시 유지
ABF-196,사진 대조 1차 교정본,9,"00:06:41,970 --> 00:06:44,330",2.36,좋아…,"아, 아, 아!",숨을 들이마시세요.,반응형,sub_0009_402.0s.jpg,0.03,성행위 장면과 충돌한 인사말 오인식 교정,중간,38.0,90.0,50.0,78.0,62.0,0.1366,7.9,48.0,0.0,18.0,0.7158,아- 기분 좋아…,아… 기분 좋아…,,20.0,T4,구조검사 통과 시 유지,formality_shift,1.248266296809986,12.12,P4,회귀검사 통과 시 유지
ABF-196,사진 대조 1차 교정본,633,"02:43:48,430 --> 02:43:49,830",1.4,아아!,아아!,아...,반응형,sub_0633_9828.4s.jpg,0.03,,,25.0,90.0,50.0,78.0,75.0,0.11675,0.0,66.0,0.0,0.0,0.149,"아아-, 아아…",아아… 아아…,,19.96,T4,구조검사 통과 시 유지,,1.1095700416088765,12.04,P4,회귀검사 통과 시 유지
ABF-196,사진 대조 1차 교정본,540,"02:20:31,790 --> 02:20:33,630",1.84,응응!,응응...,응응!,반응형,sub_0540_8431.8s.jpg,0.01,,,25.0,90.0,50.0,78.0,75.0,0.1078,0.0,66.0,0.0,0.0,0.2158,응응...,응응…,,19.59,T4,구조검사 통과 시 유지,,0.9708737864077669,11.77,P4,회귀검사 통과 시 유지
ABF-196,사진 대조 1차 교정본,397,"01:37:28,490 --> 01:37:29,810",1.32,기분 좋아?,잘 안 돼.,"응, 좋아.",반응형,sub_0397_5848.5s.jpg,0.01,장면과 충돌한 인사말 오인식 교정,중간,38.0,90.0,50.0,78.0,62.0,0.19135,0.0,48.0,0.0,0.0,0.5949,"아, 거기... 기분 좋아?","아, 거기… 기분 좋아?",,19.44,T4,구조검사 통과 시 유지,,0.8321775312066574,11.62,P4,회귀검사 통과 시 유지
ABF-196,사진 대조 1차 교정본,428,"01:45:17,140 --> 01:45:18,600",1.46,아파! 기다려!,아파!,아...,반응형,sub_0428_6317.1s.jpg,0.04,,,25.0,90.0,50.0,78.0,75.0,0.10071,0.0,66.0,0.0,0.0,0.1987,기다려...,기다려…,,19.29,T4,구조검사 통과 시 유지,,0.6934812760055479,11.48,P4,회귀검사 통과 시 유지
ABF-196,사진 대조 1차 교정본,100,"00:25:12,430 --> 00:25:13,830",1.4,다음은 자위 대결이야.,맛있습니다.,보너스: 자위 대결,반말형,sub_0100_1512.4s.jpg,0.03,다음 블록의 코너명과 장면 흐름으로 교정,높음,58.0,96.0,50.0,78.0,42.0,0.45705,0.0,22.0,0.0,18.0,0.2881,다음은 앞쪽이에요.,다음은 이쪽이에요.,타임스탬프 사진과 앞뒤 장면으로 대사 기능 복원,19.21,T4,구조검사 통과 시 유지,formality_shift,0.5547850208044383,11.37,P4,회귀검사 통과 시 유지
ABF-196,사진 대조 1차 교정본,427,"01:45:13,180 --> 01:45:16,840",3.66,아파!,"어이, 어이.",아파! 기다려!,반응형,sub_0427_6313.2s.jpg,0.02,,,25.0,90.0,50.0,78.0,75.0,0.08749,0.0,66.0,0.0,0.0,0.1562,"아파, 아파, 아파...","아파, 아파, 아파…",,18.73,T4,구조검사 통과 시 유지,,0.4160887656033287,11.04,P4,회귀검사 통과 시 유지
ABF-196,사진 대조 1차 교정본,6,"00:06:01,450 --> 00:06:02,130",0.68,아!,아!,"아, 해버렸어.",반응형,sub_0006_361.4s.jpg,0.05,,,25.0,90.0,50.0,78.0,75.0,0.08719,0.0,66.0,0.0,0.0,0.0855,네! 어이!,"네, 잘 부탁드립니다!",사진 장면 확인 및 한국어 번역투·ASR 오역 교정,18.72,T4,구조검사 통과 시 유지,,0.27739251040221913,10.97,P4,회귀검사 통과 시 유지
ABF-196,사진 대조 1차 교정본,632,"02:43:44,010 --> 02:43:45,010",1.0,아아!,"아아, 기분 좋아.",아아!,반응형,sub_0632_9824.0s.jpg,0.01,,,25.0,90.0,50.0,78.0,75.0,0.04093,0.0,66.0,0.0,0.0,0.149,"아아-, 아아…",아아… 아아…,,16.78,T4,구조검사 통과 시 유지,,0.13869625520110956,9.79,P4,회귀검사 통과 시 유지
