before,after,basis,confidence,source_file
위에서 찍으니까 솥밥도 진짜 맛있게 나오네.,솥밥도 위에서 찍어주니까 좋아하겠네.,,,/mnt/data/ABF-169.final-natural-verified-ko.v8.changes.csv
여러 번 가능한 사람.,여러 번 할 수 있는 사람.,,,/mnt/data/ABF-169.final-natural-verified-ko.v8.changes.csv
역에서 구매할 때의 금액과 다를 수 있으니 양해 바랍니다.,차내에서 구매하면 역 판매 금액과 다를 수 있으니 양해 바랍니다.,,,/mnt/data/ABF-169.final-natural-verified-ko.v8.changes.csv
오-!,오!,,,/mnt/data/ABF-169.final-natural-verified-ko.v8.changes.csv
"잠깐, 이쪽으로 더 갈 수 있나?",그냥 여기서 살까?,,,/mnt/data/ABF-169.final-natural-verified-ko.v8.changes.csv
촬영이긴 해도.,촬영 중이긴 하지만 말이야.,,,/mnt/data/ABF-169.final-natural-verified-ko.v8.changes.csv
"음-, 싫어.",음… 싫어.,,,/mnt/data/ABF-169.final-natural-verified-ko.v8.changes.csv
"음-, 왜 그래?",음… 왜 그래?,,,/mnt/data/ABF-169.final-natural-verified-ko.v8.changes.csv
-읏.,읏.,,,/mnt/data/ABF-169.final-natural-verified-ko.v8.changes.csv
아- 기분 좋아…,아… 기분 좋아…,,,/mnt/data/ABF-169.final-natural-verified-ko.v8.changes.csv
"하-, 아--, 응.",하아… 아아… 응.,,,/mnt/data/ABF-169.final-natural-verified-ko.v8.changes.csv
"하-, 응.",하아… 응.,,,/mnt/data/ABF-169.final-natural-verified-ko.v8.changes.csv
"응-, 아-…",응… 아아…,,,/mnt/data/ABF-169.final-natural-verified-ko.v8.changes.csv
기분 좋아.,기분 안 좋아?,,,/mnt/data/ABF-169.final-natural-verified-ko.v8.changes.csv
고환도 핥아주고.,불알도 핥아주고.,,,/mnt/data/ABF-169.final-natural-verified-ko.v8.changes.csv
점점 더 단단해지네. 그러게. 난 아직 핥아주기만 했는데.,점점 더 단단해지네. 그러게.,,,/mnt/data/ABF-169.final-natural-verified-ko.v8.changes.csv
아직 제대로 시작도 안 했는데. 우리 식스나인 하자.,난 아직 안 빨아줬잖아. 우리 식스나인 하자.,,,/mnt/data/ABF-169.final-natural-verified-ko.v8.changes.csv
침대가 이제 여기 없잖아.,침대가 여기까지 밀렸잖아.,,,/mnt/data/ABF-169.final-natural-verified-ko.v8.changes.csv
왜 없지?,어라?,,,/mnt/data/ABF-169.final-natural-verified-ko.v8.changes.csv
"그러게, 어디 갔지?",완전 비스듬해졌네.,,,/mnt/data/ABF-169.final-natural-verified-ko.v8.changes.csv
"안 돼, 그만해.","배 아파, 그만해.",,,/mnt/data/ABF-169.final-natural-verified-ko.v8.changes.csv
"한 번 더, 내려와 줘.",조금만 더 내려와 줘.,,,/mnt/data/ABF-169.final-natural-verified-ko.v8.changes.csv
"아아-, 아아…",아아… 아아…,,,/mnt/data/ABF-169.final-natural-verified-ko.v8.changes.csv
땀까지 살짝 핥았네. 좋아?,땀이 살짝 튀었네. 기분 좋아?,,,/mnt/data/ABF-169.final-natural-verified-ko.v8.changes.csv
너 이런 거 좋아하잖아.,이렇게 묶이는 거 좋아하잖아.,,,/mnt/data/ABF-169.final-natural-verified-ko.v8.changes.csv
이런 거 좋아하지?,묶여 있는 거 좋아하지?,,,/mnt/data/ABF-169.final-natural-verified-ko.v8.changes.csv
"아, 말해버렸어.","아, 넣고 싶다고 말해버렸어.",,,/mnt/data/ABF-169.final-natural-verified-ko.v8.changes.csv
이제 안 할게.,이제 안 애태울게.,,,/mnt/data/ABF-169.final-natural-verified-ko.v8.changes.csv
시끄러워.,넣고 싶어.,,,/mnt/data/ABF-169.final-natural-verified-ko.v8.changes.csv
엄청 적극적으로 들이대네.,바로 위로 올라타네.,,,/mnt/data/ABF-169.final-natural-verified-ko.v8.changes.csv
바로 밀어붙이네.,바로 갖다 대네.,,,/mnt/data/ABF-169.final-natural-verified-ko.v8.changes.csv
자면 안 돼. 자면 안 돼.,가면 안 돼. 아직 가면 안 돼.,,,/mnt/data/ABF-169.final-natural-verified-ko.v8.changes.csv
"음-, 맛있어.",음… 맛있어.,,,/mnt/data/ABF-169.final-natural-verified-ko.v8.changes.csv
위험해.,큰일 나.,,,/mnt/data/ABF-169.final-natural-verified-ko.v8.changes.csv
"아, 위험해.","아, 큰일 나.",,,/mnt/data/ABF-169.final-natural-verified-ko.v8.changes.csv
"아, 좋아.","아, 들어온다.",,,/mnt/data/ABF-169.final-natural-verified-ko.v8.changes.csv
"아, 굉장해.","아, 엄청나.",,,/mnt/data/ABF-169.final-natural-verified-ko.v8.changes.csv
굉장해.,엄청나.,,,/mnt/data/ABF-169.final-natural-verified-ko.v8.changes.csv
"아-, 굉장해.",아… 엄청나.,,,/mnt/data/ABF-169.final-natural-verified-ko.v8.changes.csv
손에 싸도 돼?,엉덩이에 싸도 돼?,,,/mnt/data/ABF-169.final-natural-verified-ko.v8.changes.csv
"아-, 엄청…",아… 엄청…,,,/mnt/data/ABF-169.final-natural-verified-ko.v8.changes.csv
절대 귀엽잖아.,분명 귀여울 텐데.,,,/mnt/data/ABF-169.final-natural-verified-ko.v8.changes.csv
엄청 깊이 닿았어.,엄청 많이 묻혔네.,,,/mnt/data/ABF-169.final-natural-verified-ko.v8.changes.csv
"민낯에 머리 올린 모습, 그런 느낌.","민낯에 정액 묻힌 모습, 이런 느낌.",,,/mnt/data/ABF-169.final-natural-verified-ko.v8.changes.csv
앨리스잖아.,앨리스도 그렇잖아.,,,/mnt/data/ABF-169.final-natural-verified-ko.v8.changes.csv
에--,에…,,,/mnt/data/ABF-169.final-natural-verified-ko.v8.changes.csv
왜 계속 흔들고 있어?,왜 계속 자지 흔들고 있어?,,,/mnt/data/ABF-169.final-natural-verified-ko.v8.changes.csv
왜 계속 흔들고 있어?,왜 자꾸 흔들고 있어?,,,/mnt/data/ABF-169.final-natural-verified-ko.v8.changes.csv
더 크게 만들려고.,진짜 더 커졌네.,,,/mnt/data/ABF-169.final-natural-verified-ko.v8.changes.csv
더 크게 만들어버렸네.,계속 커지고 있어.,,,/mnt/data/ABF-169.final-natural-verified-ko.v8.changes.csv
엄청 두근거리는데.,엄청 펄떡거리는데.,,,/mnt/data/ABF-169.final-natural-verified-ko.v8.changes.csv
얼굴 보니까 또 흥분해 버렸어.,얼굴 보니까 또 서버렸어.,,,/mnt/data/ABF-169.final-natural-verified-ko.v8.changes.csv
굉장해. 굉장해.,엄청나. 진짜 엄청나.,,,/mnt/data/ABF-169.final-natural-verified-ko.v8.changes.csv
뭔가 귀엽게 보이기도 했어.,얼굴 보느라 넋 놓고 있었어.,,,/mnt/data/ABF-169.final-natural-verified-ko.v8.changes.csv
나온다…,나올 것 같아…,,,/mnt/data/ABF-169.final-natural-verified-ko.v8.changes.csv
나왔어…,"아, 물 나왔어…",,,/mnt/data/ABF-169.final-natural-verified-ko.v8.changes.csv
누워 있었어.,더 뿜어봐.,,,/mnt/data/ABF-169.final-natural-verified-ko.v8.changes.csv
누워.,물 나온다.,,,/mnt/data/ABF-169.final-natural-verified-ko.v8.changes.csv
같이 좀 가요.,그럼 같이 가요.,일본어 원문 대조 + 자연스러운 한국어 대사 교정,높음,/mnt/data/ABF-303_photo_verified_retranslation/ABF-303.final-photo-verified-retranslated-ko.v1.changes.csv
매번 지금까지는 항상 계셨는데 말이죠.,지금까지는 만날 때마다 바로 해 버렸으니까요.,일본어 원문 대조 + 자연스러운 한국어 대사 교정,높음,/mnt/data/ABF-303_photo_verified_retranslation/ABF-303.final-photo-verified-retranslated-ko.v1.changes.csv
어느 쪽으로 가도 경치가 좋네.,어느 쪽을 봐도 경치가 좋네.,일본어 원문 대조 + 자연스러운 한국어 대사 교정,높음,/mnt/data/ABF-303_photo_verified_retranslation/ABF-303.final-photo-verified-retranslated-ko.v1.changes.csv
지금 속도가 어느 정도야?,지금 속도가 얼마나 되지?,일본어 원문 대조 + 자연스러운 한국어 대사 교정,높음,/mnt/data/ABF-303_photo_verified_retranslation/ABF-303.final-photo-verified-retranslated-ko.v1.changes.csv
몇 킬로 정도예요? 시속.,시속 몇 킬로쯤이에요?,일본어 원문 대조 + 자연스러운 한국어 대사 교정,높음,/mnt/data/ABF-303_photo_verified_retranslation/ABF-303.final-photo-verified-retranslated-ko.v1.changes.csv
"지금, 시속.",지금 속도요?,일본어 원문 대조 + 자연스러운 한국어 대사 교정,높음,/mnt/data/ABF-303_photo_verified_retranslation/ABF-303.final-photo-verified-retranslated-ko.v1.changes.csv
시속은?,시속으로는?,일본어 원문 대조 + 자연스러운 한국어 대사 교정,높음,/mnt/data/ABF-303_photo_verified_retranslation/ABF-303.final-photo-verified-retranslated-ko.v1.changes.csv
"아, 해 버렸다.","아, 찍혔다.",일본어 원문 대조 + 자연스러운 한국어 대사 교정,높음,/mnt/data/ABF-303_photo_verified_retranslation/ABF-303.final-photo-verified-retranslated-ko.v1.changes.csv
"그다음에는, 그다음에는…",그리고 또 어디 갔어?,손상된 일본어 ASR + 타임스탬프 사진 + 앞뒤 문맥 추론,중간,/mnt/data/ABF-303_photo_verified_retranslation/ABF-303.final-photo-verified-retranslated-ko.v1.changes.csv
"이탈리아, 여기에 이탈리아.",이탈리아요.,일본어 원문 대조 + 자연스러운 한국어 대사 교정,높음,/mnt/data/ABF-303_photo_verified_retranslation/ABF-303.final-photo-verified-retranslated-ko.v1.changes.csv
"- 얼마나 오래 갔던 거야? 패러글라이딩도 했다고? - 네, 강사님과 함께 탔어요.",패러글라이딩까지 했다고? 강사랑 같이 탄 거지?,일본어 원문 대조 + 자연스러운 한국어 대사 교정,높음,/mnt/data/ABF-303_photo_verified_retranslation/ABF-303.final-photo-verified-retranslated-ko.v1.changes.csv
맞아요. 그래서 강사분이 너무 당황해서 불시착하고…,맞아요. 강사분도 당황할 만큼 아찔한 순간이 있었어요.,손상된 일본어 ASR + 타임스탬프 사진 + 앞뒤 문맥 추론,중간,/mnt/data/ABF-303_photo_verified_retranslation/ABF-303.final-photo-verified-retranslated-ko.v1.changes.csv
카메라 보고 말해 봐.,카메라 보고 얘기해 봐.,일본어 원문 대조 + 자연스러운 한국어 대사 교정,높음,/mnt/data/ABF-303_photo_verified_retranslation/ABF-303.final-photo-verified-retranslated-ko.v1.changes.csv
"다짱, 고마워.",고마워.,일본어 원문 대조 + 자연스러운 한국어 대사 교정,높음,/mnt/data/ABF-303_photo_verified_retranslation/ABF-303.final-photo-verified-retranslated-ko.v1.changes.csv
두근두근해 버려.,심장이 두근거리잖아.,일본어 원문 대조 + 자연스러운 한국어 대사 교정,높음,/mnt/data/ABF-303_photo_verified_retranslation/ABF-303.final-photo-verified-retranslated-ko.v1.changes.csv
진짜로?,그래?,일본어 원문 대조 + 자연스러운 한국어 대사 교정,높음,/mnt/data/ABF-303_photo_verified_retranslation/ABF-303.final-photo-verified-retranslated-ko.v1.changes.csv
"어, 좀 지쳐 보이는데요?",좀 피곤해 보여요.,일본어 원문 대조 + 자연스러운 한국어 대사 교정,높음,/mnt/data/ABF-303_photo_verified_retranslation/ABF-303.final-photo-verified-retranslated-ko.v1.changes.csv
"왠지, 아.","아, 뭐야.",일본어 원문 대조 + 자연스러운 한국어 대사 교정,높음,/mnt/data/ABF-303_photo_verified_retranslation/ABF-303.final-photo-verified-retranslated-ko.v1.changes.csv
어때? 맛은?,어때? 맛 평가해 줘.,일본어 원문 대조 + 자연스러운 한국어 대사 교정,높음,/mnt/data/ABF-303_photo_verified_retranslation/ABF-303.final-photo-verified-retranslated-ko.v1.changes.csv
진짜네?,진짜?,일본어 원문 대조 + 자연스러운 한국어 대사 교정,높음,/mnt/data/ABF-303_photo_verified_retranslation/ABF-303.final-photo-verified-retranslated-ko.v1.changes.csv
이게 제 꿈이었어요!,이게 제 로망이었어요!,일본어 원문 대조 + 자연스러운 한국어 대사 교정,높음,/mnt/data/ABF-303_photo_verified_retranslation/ABF-303.final-photo-verified-retranslated-ko.v1.changes.csv
몇 개나 먹는 거야!,몇 개째야!,일본어 원문 대조 + 자연스러운 한국어 대사 교정,높음,/mnt/data/ABF-303_photo_verified_retranslation/ABF-303.final-photo-verified-retranslated-ko.v1.changes.csv
몇 마리야?,이게 무슨 부위지?,손상된 일본어 ASR + 타임스탬프 사진 + 앞뒤 문맥 추론,중간,/mnt/data/ABF-303_photo_verified_retranslation/ABF-303.final-photo-verified-retranslated-ko.v1.changes.csv
없어?,남자친구 없어?,일본어 원문 대조 + 자연스러운 한국어 대사 교정,높음,/mnt/data/ABF-303_photo_verified_retranslation/ABF-303.final-photo-verified-retranslated-ko.v1.changes.csv
없어?,진짜로?,일본어 원문 대조 + 자연스러운 한국어 대사 교정,높음,/mnt/data/ABF-303_photo_verified_retranslation/ABF-303.final-photo-verified-retranslated-ko.v1.changes.csv
정말 없어요!,정말 없어요.,일본어 원문 대조 + 자연스러운 한국어 대사 교정,높음,/mnt/data/ABF-303_photo_verified_retranslation/ABF-303.final-photo-verified-retranslated-ko.v1.changes.csv
몇 마리야?,몇 명 정도 사귀어 봤어?,손상된 일본어 ASR + 타임스탬프 사진 + 앞뒤 문맥 추론,중간,/mnt/data/ABF-303_photo_verified_retranslation/ABF-303.final-photo-verified-retranslated-ko.v1.changes.csv
몇 마리나 있어?,몇 명쯤?,손상된 일본어 ASR + 타임스탬프 사진 + 앞뒤 문맥 추론,중간,/mnt/data/ABF-303_photo_verified_retranslation/ABF-303.final-photo-verified-retranslated-ko.v1.changes.csv
몇 마리야?,대충 몇 명?,손상된 일본어 ASR + 타임스탬프 사진 + 앞뒤 문맥 추론,중간,/mnt/data/ABF-303_photo_verified_retranslation/ABF-303.final-photo-verified-retranslated-ko.v1.changes.csv
이상하지 않았어?,오래 사귄 사람은 없었어?,손상된 일본어 ASR + 타임스탬프 사진 + 앞뒤 문맥 추론,중간,/mnt/data/ABF-303_photo_verified_retranslation/ABF-303.final-photo-verified-retranslated-ko.v1.changes.csv
이상하지 않았어?,오래 만난 사람은?,손상된 일본어 ASR + 타임스탬프 사진 + 앞뒤 문맥 추론,중간,/mnt/data/ABF-303_photo_verified_retranslation/ABF-303.final-photo-verified-retranslated-ko.v1.changes.csv
왠지 별로 사귄 적이 없어서…,많이 사귀어 본 편이 아니라서…,일본어 원문 대조 + 자연스러운 한국어 대사 교정,높음,/mnt/data/ABF-303_photo_verified_retranslation/ABF-303.final-photo-verified-retranslated-ko.v1.changes.csv
"맞아요, 2달 정도, 별로…","네, 길어야 두세 달 정도라…",일본어 원문 대조 + 자연스러운 한국어 대사 교정,높음,/mnt/data/ABF-303_photo_verified_retranslation/ABF-303.final-photo-verified-retranslated-ko.v1.changes.csv
사귀어 본 적이 별로 없어서…,오래 사귀어 본 적이 없어요.,일본어 원문 대조 + 자연스러운 한국어 대사 교정,높음,/mnt/data/ABF-303_photo_verified_retranslation/ABF-303.final-photo-verified-retranslated-ko.v1.changes.csv
진짜 한 100명 있는 거 아냐?,그래도 한 백 명쯤 되는 거 아냐?,일본어 원문 대조 + 자연스러운 한국어 대사 교정,높음,/mnt/data/ABF-303_photo_verified_retranslation/ABF-303.final-photo-verified-retranslated-ko.v1.changes.csv
"아뇨, 2달, 100명이라뇨…",아니에요. 백 명이라뇨…,일본어 원문 대조 + 자연스러운 한국어 대사 교정,높음,/mnt/data/ABF-303_photo_verified_retranslation/ABF-303.final-photo-verified-retranslated-ko.v1.changes.csv
3달 정도밖에 안 사귀어 봐서…,제일 길어도 석 달 정도였어요.,일본어 원문 대조 + 자연스러운 한국어 대사 교정,높음,/mnt/data/ABF-303_photo_verified_retranslation/ABF-303.final-photo-verified-retranslated-ko.v1.changes.csv
다 합쳐서…,전부 합쳐도요…,일본어 원문 대조 + 자연스러운 한국어 대사 교정,높음,/mnt/data/ABF-303_photo_verified_retranslation/ABF-303.final-photo-verified-retranslated-ko.v1.changes.csv
"아뇨, 집순이였어서…",장거리 연애였어서…,일본어 원문 대조 + 자연스러운 한국어 대사 교정,높음,/mnt/data/ABF-303_photo_verified_retranslation/ABF-303.final-photo-verified-retranslated-ko.v1.changes.csv
호텔?,러브호텔?,일본어 원문 대조 + 자연스러운 한국어 대사 교정,높음,/mnt/data/ABF-303_photo_verified_retranslation/ABF-303.final-photo-verified-retranslated-ko.v1.changes.csv
러브호텔 가고…,러브호텔에 가고…,일본어 원문 대조 + 자연스러운 한국어 대사 교정,높음,/mnt/data/ABF-303_photo_verified_retranslation/ABF-303.final-photo-verified-retranslated-ko.v1.changes.csv
왼쪽으로 도는 거야?,그다음엔?,손상된 일본어 ASR + 타임스탬프 사진 + 앞뒤 문맥 추론,중간,/mnt/data/ABF-303_photo_verified_retranslation/ABF-303.final-photo-verified-retranslated-ko.v1.changes.csv
그걸 먹고…,뭐 좀 먹고…,일본어 원문 대조 + 자연스러운 한국어 대사 교정,높음,/mnt/data/ABF-303_photo_verified_retranslation/ABF-303.final-photo-verified-retranslated-ko.v1.changes.csv
잠깐…,그리고…,일본어 원문 대조 + 자연스러운 한국어 대사 교정,높음,/mnt/data/ABF-303_photo_verified_retranslation/ABF-303.final-photo-verified-retranslated-ko.v1.changes.csv
맥주로 시원하게…,맥주도 시원하게 마시고…,일본어 원문 대조 + 자연스러운 한국어 대사 교정,높음,/mnt/data/ABF-303_photo_verified_retranslation/ABF-303.final-photo-verified-retranslated-ko.v1.changes.csv
술고래 같은 느낌…,완전 술 좋아하는 사람 같네.,일본어 원문 대조 + 자연스러운 한국어 대사 교정,높음,/mnt/data/ABF-303_photo_verified_retranslation/ABF-303.final-photo-verified-retranslated-ko.v1.changes.csv
맥주를 쭉 마시고…,맥주를 쭉 들이켜고…,일본어 원문 대조 + 자연스러운 한국어 대사 교정,높음,/mnt/data/ABF-303_photo_verified_retranslation/ABF-303.final-photo-verified-retranslated-ko.v1.changes.csv
쭉 마시고…,한 번에 쭉…,일본어 원문 대조 + 자연스러운 한국어 대사 교정,높음,/mnt/data/ABF-303_photo_verified_retranslation/ABF-303.final-photo-verified-retranslated-ko.v1.changes.csv
불꽃축제 끝난 뒤에…,불꽃축제가 끝난 뒤라든가…,일본어 원문 대조 + 자연스러운 한국어 대사 교정,높음,/mnt/data/ABF-303_photo_verified_retranslation/ABF-303.final-photo-verified-retranslated-ko.v1.changes.csv
분위기 있지.,그런 분위기 좋지.,일본어 원문 대조 + 자연스러운 한국어 대사 교정,높음,/mnt/data/ABF-303_photo_verified_retranslation/ABF-303.final-photo-verified-retranslated-ko.v1.changes.csv
그런 불꽃축제 뒤라던가…,불꽃축제가 끝난 뒤에 말이야…,일본어 원문 대조 + 자연스러운 한국어 대사 교정,높음,/mnt/data/ABF-303_photo_verified_retranslation/ABF-303.final-photo-verified-retranslated-ko.v1.changes.csv
감성 돋네…,진짜 분위기 있겠다.,일본어 원문 대조 + 자연스러운 한국어 대사 교정,높음,/mnt/data/ABF-303_photo_verified_retranslation/ABF-303.final-photo-verified-retranslated-ko.v1.changes.csv
그 뒤에 제대로 하고 싶네…,그 뒤에 제대로 해 보고 싶네.,일본어 원문 대조 + 자연스러운 한국어 대사 교정,높음,/mnt/data/ABF-303_photo_verified_retranslation/ABF-303.final-photo-verified-retranslated-ko.v1.changes.csv
대단하네요.,바다다!,일본어 원문 대조 + 자연스러운 한국어 대사 교정,높음,/mnt/data/ABF-303_photo_verified_retranslation/ABF-303.final-photo-verified-retranslated-ko.v1.changes.csv
바다 더럽네.,바다 예쁘다.,일본어 원문 대조 + 자연스러운 한국어 대사 교정,높음,/mnt/data/ABF-303_photo_verified_retranslation/ABF-303.final-photo-verified-retranslated-ko.v1.changes.csv
바다 더럽네.,진짜 예쁘네.,일본어 원문 대조 + 자연스러운 한국어 대사 교정,높음,/mnt/data/ABF-303_photo_verified_retranslation/ABF-303.final-photo-verified-retranslated-ko.v1.changes.csv
조심해. 지금은 안 되니까.,조심해. 아직 내려가면 안 돼.,일본어 원문 대조 + 자연스러운 한국어 대사 교정,높음,/mnt/data/ABF-303_photo_verified_retranslation/ABF-303.final-photo-verified-retranslated-ko.v1.changes.csv
그래도 바다 더럽네.,그래도 바다 좋네.,일본어 원문 대조 + 자연스러운 한국어 대사 교정,높음,/mnt/data/ABF-303_photo_verified_retranslation/ABF-303.final-photo-verified-retranslated-ko.v1.changes.csv
맛있다.,바람 좋다.,일본어 원문 대조 + 자연스러운 한국어 대사 교정,높음,/mnt/data/ABF-303_photo_verified_retranslation/ABF-303.final-photo-verified-retranslated-ko.v1.changes.csv
넓다…!,넓다!,일본어 원문 대조 + 자연스러운 한국어 대사 교정,높음,/mnt/data/ABF-303_photo_verified_retranslation/ABF-303.final-photo-verified-retranslated-ko.v1.changes.csv
부활했어?,다시 섰어?,일본어 원문 대조 + 자연스러운 한국어 대사 교정,높음,/mnt/data/ABF-303_photo_verified_retranslation/ABF-303.final-photo-verified-retranslated-ko.v1.changes.csv
체크인 전에 잠깐 해 버리자.,체크인 전에 잠깐 하고 가자.,일본어 원문 대조 + 자연스러운 한국어 대사 교정,높음,/mnt/data/ABF-303_photo_verified_retranslation/ABF-303.final-photo-verified-retranslated-ko.v1.changes.csv
러브호텔 가 버릴까.,러브호텔부터 갈까?,일본어 원문 대조 + 자연스러운 한국어 대사 교정,높음,/mnt/data/ABF-303_photo_verified_retranslation/ABF-303.final-photo-verified-retranslated-ko.v1.changes.csv
일단은 말이야.,일단 가 볼까?,일본어 원문 대조 + 자연스러운 한국어 대사 교정,높음,/mnt/data/ABF-303_photo_verified_retranslation/ABF-303.final-photo-verified-retranslated-ko.v1.changes.csv
만약 만실이면 포기할 테니까.,만실이면 포기할게.,일본어 원문 대조 + 자연스러운 한국어 대사 교정,높음,/mnt/data/ABF-303_photo_verified_retranslation/ABF-303.final-photo-verified-retranslated-ko.v1.changes.csv
사람이 더 없어졌어.,사람이 완전히 없어졌네.,일본어 원문 대조 + 자연스러운 한국어 대사 교정,높음,/mnt/data/ABF-303_photo_verified_retranslation/ABF-303.final-photo-verified-retranslated-ko.v1.changes.csv
와버렸네.,결국 와 버렸네.,일본어 원문 대조 + 자연스러운 한국어 대사 교정,높음,/mnt/data/ABF-303_photo_verified_retranslation/ABF-303.final-photo-verified-retranslated-ko.v1.changes.csv
하지 마.,잠깐만.,손상된 일본어 ASR + 타임스탬프 사진 + 앞뒤 문맥 추론,중간,/mnt/data/ABF-303_photo_verified_retranslation/ABF-303.final-photo-verified-retranslated-ko.v1.changes.csv
"뭐, 먹으러.",벌써부터 그러지 마.,손상된 일본어 ASR + 타임스탬프 사진 + 앞뒤 문맥 추론,중간,/mnt/data/ABF-303_photo_verified_retranslation/ABF-303.final-photo-verified-retranslated-ko.v1.changes.csv
정말로.,진짜로.,일본어 원문 대조 + 자연스러운 한국어 대사 교정,높음,/mnt/data/ABF-303_photo_verified_retranslation/ABF-303.final-photo-verified-retranslated-ko.v1.changes.csv
"잠깐, 여기서 웃고 있어.",지금 웃고 있잖아.,손상된 일본어 ASR + 타임스탬프 사진 + 앞뒤 문맥 추론,중간,/mnt/data/ABF-303_photo_verified_retranslation/ABF-303.final-photo-verified-retranslated-ko.v1.changes.csv
"하지 마, 하지 마, 하지 마, 하지 마.","잠깐, 잠깐, 잠깐.",일본어 원문 대조 + 자연스러운 한국어 대사 교정,높음,/mnt/data/ABF-303_photo_verified_retranslation/ABF-303.final-photo-verified-retranslated-ko.v1.changes.csv
"하지 마. 미안, 미안해, 미안해.","잠깐만. 미안, 미안해.",일본어 원문 대조 + 자연스러운 한국어 대사 교정,높음,/mnt/data/ABF-303_photo_verified_retranslation/ABF-303.final-photo-verified-retranslated-ko.v1.changes.csv
어느 쪽이지?,어느 쪽부터 할까?,일본어 원문 대조 + 자연스러운 한국어 대사 교정,높음,/mnt/data/ABF-303_photo_verified_retranslation/ABF-303.final-photo-verified-retranslated-ko.v1.changes.csv
이 고개 숙인 얼굴.,고개 숙인 얼굴도 귀여워.,일본어 원문 대조 + 자연스러운 한국어 대사 교정,높음,/mnt/data/ABF-303_photo_verified_retranslation/ABF-303.final-photo-verified-retranslated-ko.v1.changes.csv
부끄러워하며 보여주는 거.,부끄러워하면서도 보여 주네.,일본어 원문 대조 + 자연스러운 한국어 대사 교정,높음,/mnt/data/ABF-303_photo_verified_retranslation/ABF-303.final-photo-verified-retranslated-ko.v1.changes.csv
부끄러웠겠지.,많이 부끄러웠지?,일본어 원문 대조 + 자연스러운 한국어 대사 교정,높음,/mnt/data/ABF-303_photo_verified_retranslation/ABF-303.final-photo-verified-retranslated-ko.v1.changes.csv
부끄러운가 봐.,아직도 부끄러운가 봐.,일본어 원문 대조 + 자연스러운 한국어 대사 교정,높음,/mnt/data/ABF-303_photo_verified_retranslation/ABF-303.final-photo-verified-retranslated-ko.v1.changes.csv
빨고 싶다고 생각했어.,계속 빨아 보고 싶었어.,일본어 원문 대조 + 자연스러운 한국어 대사 교정,높음,/mnt/data/ABF-303_photo_verified_retranslation/ABF-303.final-photo-verified-retranslated-ko.v1.changes.csv
만지면 기분 좋을 것 같아.,만지기만 해도 기분 좋을 것 같아.,일본어 원문 대조 + 자연스러운 한국어 대사 교정,높음,/mnt/data/ABF-303_photo_verified_retranslation/ABF-303.final-photo-verified-retranslated-ko.v1.changes.csv
좀 만지고 싶었거든.,아까부터 만져 보고 싶었거든.,일본어 원문 대조 + 자연스러운 한국어 대사 교정,높음,/mnt/data/ABF-303_photo_verified_retranslation/ABF-303.final-photo-verified-retranslated-ko.v1.changes.csv
더 커지진 않을지도 몰라.,더 커질지도 모르겠네.,일본어 원문 대조 + 자연스러운 한국어 대사 교정,높음,/mnt/data/ABF-303_photo_verified_retranslation/ABF-303.final-photo-verified-retranslated-ko.v1.changes.csv
몸이 저절로 움직여.,몸이 저절로 움직이네.,손상된 일본어 ASR + 타임스탬프 사진 + 앞뒤 문맥 추론,중간,/mnt/data/ABF-303_photo_verified_retranslation/ABF-303.final-photo-verified-retranslated-ko.v1.changes.csv
분위기에 휩쓸려서 열심히 하고 있어.,벌써 몸이 반응하고 있어.,손상된 일본어 ASR + 타임스탬프 사진 + 앞뒤 문맥 추론,중간,/mnt/data/ABF-303_photo_verified_retranslation/ABF-303.final-photo-verified-retranslated-ko.v1.changes.csv
위에 올라탔어.,그대로 위에 올라타 봐.,일본어 원문 대조 + 자연스러운 한국어 대사 교정,높음,/mnt/data/ABF-303_photo_verified_retranslation/ABF-303.final-photo-verified-retranslated-ko.v1.changes.csv
오늘은 이런 느낌이야.,오늘은 네가 하고 싶은 대로 해.,손상된 일본어 ASR + 타임스탬프 사진 + 앞뒤 문맥 추론,중간,/mnt/data/ABF-303_photo_verified_retranslation/ABF-303.final-photo-verified-retranslated-ko.v1.changes.csv
처음엔 편하게 해도 돼.,처음엔 천천히 해도 돼.,일본어 원문 대조 + 자연스러운 한국어 대사 교정,높음,/mnt/data/ABF-303_photo_verified_retranslation/ABF-303.final-photo-verified-retranslated-ko.v1.changes.csv
오늘은 서로 원하는 대로 해 보려고.,서로 하고 싶은 대로 해 보자.,손상된 일본어 ASR + 타임스탬프 사진 + 앞뒤 문맥 추론,중간,/mnt/data/ABF-303_photo_verified_retranslation/ABF-303.final-photo-verified-retranslated-ko.v1.changes.csv
누가 발견하면 딱 걸리겠지.,누가 보면 바로 들키겠지.,일본어 원문 대조 + 자연스러운 한국어 대사 교정,높음,/mnt/data/ABF-303_photo_verified_retranslation/ABF-303.final-photo-verified-retranslated-ko.v1.changes.csv
이상하다. 장난기 있네.,장난기 가득한 표정이네.,손상된 일본어 ASR + 타임스탬프 사진 + 앞뒤 문맥 추론,중간,/mnt/data/ABF-303_photo_verified_retranslation/ABF-303.final-photo-verified-retranslated-ko.v1.changes.csv
이대로 해도 괜찮아.,그대로 해도 돼.,일본어 원문 대조 + 자연스러운 한국어 대사 교정,높음,/mnt/data/ABF-303_photo_verified_retranslation/ABF-303.final-photo-verified-retranslated-ko.v1.changes.csv
이대로 해도 괜찮아.,"응, 그대로.",일본어 원문 대조 + 자연스러운 한국어 대사 교정,높음,/mnt/data/ABF-303_photo_verified_retranslation/ABF-303.final-photo-verified-retranslated-ko.v1.changes.csv
부족하지 않았어.,아직 부족하지?,손상된 일본어 ASR + 타임스탬프 사진 + 앞뒤 문맥 추론,중간,/mnt/data/ABF-303_photo_verified_retranslation/ABF-303.final-photo-verified-retranslated-ko.v1.changes.csv
뭐라고 하는 거야?,뭐라고 말해야 해?,일본어 원문 대조 + 자연스러운 한국어 대사 교정,높음,/mnt/data/ABF-303_photo_verified_retranslation/ABF-303.final-photo-verified-retranslated-ko.v1.changes.csv
부탁해 봐.,말로 부탁해 봐.,일본어 원문 대조 + 자연스러운 한국어 대사 교정,높음,/mnt/data/ABF-303_photo_verified_retranslation/ABF-303.final-photo-verified-retranslated-ko.v1.changes.csv
부탁하는 거야?,부탁할 거야?,일본어 원문 대조 + 자연스러운 한국어 대사 교정,높음,/mnt/data/ABF-303_photo_verified_retranslation/ABF-303.final-photo-verified-retranslated-ko.v1.changes.csv
"엄청난 표정이었어, 방금.",방금 표정 엄청 야했어.,일본어 원문 대조 + 자연스러운 한국어 대사 교정,높음,/mnt/data/ABF-303_photo_verified_retranslation/ABF-303.final-photo-verified-retranslated-ko.v1.changes.csv
눈 감아 줄래.,눈 감아 줄게.,일본어 원문 대조 + 자연스러운 한국어 대사 교정,높음,/mnt/data/ABF-303_photo_verified_retranslation/ABF-303.final-photo-verified-retranslated-ko.v1.changes.csv
눈 감아 줄래.,눈 감고 있을게.,일본어 원문 대조 + 자연스러운 한국어 대사 교정,높음,/mnt/data/ABF-303_photo_verified_retranslation/ABF-303.final-photo-verified-retranslated-ko.v1.changes.csv
부디 부탁해.,그러니까 해 줘.,일본어 원문 대조 + 자연스러운 한국어 대사 교정,높음,/mnt/data/ABF-303_photo_verified_retranslation/ABF-303.final-photo-verified-retranslated-ko.v1.changes.csv
끝이네.,다 했어?,일본어 원문 대조 + 자연스러운 한국어 대사 교정,높음,/mnt/data/ABF-303_photo_verified_retranslation/ABF-303.final-photo-verified-retranslated-ko.v1.changes.csv
잠깐 쉬었다 갈게요.,잠깐 쉬었다 할게.,일본어 원문 대조 + 자연스러운 한국어 대사 교정,높음,/mnt/data/ABF-303_photo_verified_retranslation/ABF-303.final-photo-verified-retranslated-ko.v1.changes.csv
잠깐 쉬었다 갈게요.,조금만 쉬자.,일본어 원문 대조 + 자연스러운 한국어 대사 교정,높음,/mnt/data/ABF-303_photo_verified_retranslation/ABF-303.final-photo-verified-retranslated-ko.v1.changes.csv
조금만 더 해 주세요.,조금만 더 해 줘.,일본어 원문 대조 + 자연스러운 한국어 대사 교정,높음,/mnt/data/ABF-303_photo_verified_retranslation/ABF-303.final-photo-verified-retranslated-ko.v1.changes.csv
"조금만 더, 빨아주세요.",조금만 더 빨아 줘.,일본어 원문 대조 + 자연스러운 한국어 대사 교정,높음,/mnt/data/ABF-303_photo_verified_retranslation/ABF-303.final-photo-verified-retranslated-ko.v1.changes.csv
어떻게 먹는 게 좋아?,어떻게 해 주는 게 좋아?,일본어 원문 대조 + 자연스러운 한국어 대사 교정,높음,/mnt/data/ABF-303_photo_verified_retranslation/ABF-303.final-photo-verified-retranslated-ko.v1.changes.csv
어떻게 먹는 거?,어떤 식으로?,일본어 원문 대조 + 자연스러운 한국어 대사 교정,높음,/mnt/data/ABF-303_photo_verified_retranslation/ABF-303.final-photo-verified-retranslated-ko.v1.changes.csv
세 가지로 해 볼 테니까.,세 가지로 해 볼게.,일본어 원문 대조 + 자연스러운 한국어 대사 교정,높음,/mnt/data/ABF-303_photo_verified_retranslation/ABF-303.final-photo-verified-retranslated-ko.v1.changes.csv
어디가 좋은지 모르겠어?,어디가 좋은지 아직 모르겠어?,일본어 원문 대조 + 자연스러운 한국어 대사 교정,높음,/mnt/data/ABF-303_photo_verified_retranslation/ABF-303.final-photo-verified-retranslated-ko.v1.changes.csv
체온이 높은 편이야?,몸이 원래 이렇게 뜨거워?,일본어 원문 대조 + 자연스러운 한국어 대사 교정,높음,/mnt/data/ABF-303_photo_verified_retranslation/ABF-303.final-photo-verified-retranslated-ko.v1.changes.csv
잠깐만요.,잠깐만.,일본어 원문 대조 + 자연스러운 한국어 대사 교정,높음,/mnt/data/ABF-303_photo_verified_retranslation/ABF-303.final-photo-verified-retranslated-ko.v1.changes.csv
눈물이 고였어.,눈물까지 고였어.,일본어 원문 대조 + 자연스러운 한국어 대사 교정,높음,/mnt/data/ABF-303_photo_verified_retranslation/ABF-303.final-photo-verified-retranslated-ko.v1.changes.csv
안 졸려? 안 졸려?,아직 안 졸리지?,일본어 원문 대조 + 자연스러운 한국어 대사 교정,높음,/mnt/data/ABF-303_photo_verified_retranslation/ABF-303.final-photo-verified-retranslated-ko.v1.changes.csv
빠는 것도 잘하는 편이지?,빠는 것도 잘하지?,일본어 원문 대조 + 자연스러운 한국어 대사 교정,높음,/mnt/data/ABF-303_photo_verified_retranslation/ABF-303.final-photo-verified-retranslated-ko.v1.changes.csv
잘 빠네.,정말 잘 빠네.,일본어 원문 대조 + 자연스러운 한국어 대사 교정,높음,/mnt/data/ABF-303_photo_verified_retranslation/ABF-303.final-photo-verified-retranslated-ko.v1.changes.csv
잘 빠네.,잘한다.,일본어 원문 대조 + 자연스러운 한국어 대사 교정,높음,/mnt/data/ABF-303_photo_verified_retranslation/ABF-303.final-photo-verified-retranslated-ko.v1.changes.csv
잘 빨아?,이렇게 빠는 거 좋아해?,일본어 원문 대조 + 자연스러운 한국어 대사 교정,높음,/mnt/data/ABF-303_photo_verified_retranslation/ABF-303.final-photo-verified-retranslated-ko.v1.changes.csv
잘 빨아?,더 빨고 싶어?,일본어 원문 대조 + 자연스러운 한국어 대사 교정,높음,/mnt/data/ABF-303_photo_verified_retranslation/ABF-303.final-photo-verified-retranslated-ko.v1.changes.csv
잘 빨고 싶어?,계속 빨고 싶어?,일본어 원문 대조 + 자연스러운 한국어 대사 교정,높음,/mnt/data/ABF-303_photo_verified_retranslation/ABF-303.final-photo-verified-retranslated-ko.v1.changes.csv
빨 생각하고 있었어?,아까부터 빨 생각만 했지?,일본어 원문 대조 + 자연스러운 한국어 대사 교정,높음,/mnt/data/ABF-303_photo_verified_retranslation/ABF-303.final-photo-verified-retranslated-ko.v1.changes.csv
생각하고 있었구나.,역시 생각하고 있었구나.,일본어 원문 대조 + 자연스러운 한국어 대사 교정,높음,/mnt/data/ABF-303_photo_verified_retranslation/ABF-303.final-photo-verified-retranslated-ko.v1.changes.csv
거기서부터 빠는 거야?,거기부터 핥는 거야?,일본어 원문 대조 + 자연스러운 한국어 대사 교정,높음,/mnt/data/ABF-303_photo_verified_retranslation/ABF-303.final-photo-verified-retranslated-ko.v1.changes.csv
혀로 핥아.,혀로 천천히 핥아.,일본어 원문 대조 + 자연스러운 한국어 대사 교정,높음,/mnt/data/ABF-303_photo_verified_retranslation/ABF-303.final-photo-verified-retranslated-ko.v1.changes.csv
혀로 핥아.,"그래, 혀로.",일본어 원문 대조 + 자연스러운 한국어 대사 교정,높음,/mnt/data/ABF-303_photo_verified_retranslation/ABF-303.final-photo-verified-retranslated-ko.v1.changes.csv
혀로 핥아.,그대로 핥아 줘.,일본어 원문 대조 + 자연스러운 한국어 대사 교정,높음,/mnt/data/ABF-303_photo_verified_retranslation/ABF-303.final-photo-verified-retranslated-ko.v1.changes.csv
아래에서부터 핥아 주는 거지?,아래쪽부터 핥아 주는 거지?,일본어 원문 대조 + 자연스러운 한국어 대사 교정,높음,/mnt/data/ABF-303_photo_verified_retranslation/ABF-303.final-photo-verified-retranslated-ko.v1.changes.csv
자지 끝 바로 밑?,귀두 바로 밑?,일본어 원문 대조 + 자연스러운 한국어 대사 교정,높음,/mnt/data/ABF-303_photo_verified_retranslation/ABF-303.final-photo-verified-retranslated-ko.v1.changes.csv
그 밑부분?,그 밑줄기?,일본어 원문 대조 + 자연스러운 한국어 대사 교정,높음,/mnt/data/ABF-303_photo_verified_retranslation/ABF-303.final-photo-verified-retranslated-ko.v1.changes.csv
계속 움찔거리고 있어.,계속 움찔거리고 있네.,일본어 원문 대조 + 자연스러운 한국어 대사 교정,높음,/mnt/data/ABF-303_photo_verified_retranslation/ABF-303.final-photo-verified-retranslated-ko.v1.changes.csv
벌써 끝부분이…,벌써 끝이…,손상된 일본어 ASR + 타임스탬프 사진 + 앞뒤 문맥 추론,중간,/mnt/data/ABF-303_photo_verified_retranslation/ABF-303.final-photo-verified-retranslated-ko.v1.changes.csv
깨끗하지 않아.,아직 깨끗하지 않지.,손상된 일본어 ASR + 타임스탬프 사진 + 앞뒤 문맥 추론,중간,/mnt/data/ABF-303_photo_verified_retranslation/ABF-303.final-photo-verified-retranslated-ko.v1.changes.csv
나로만 꽉 차면 돼.,나만 생각하면 돼.,일본어 원문 대조 + 자연스러운 한국어 대사 교정,높음,/mnt/data/ABF-303_photo_verified_retranslation/ABF-303.final-photo-verified-retranslated-ko.v1.changes.csv
정말 미안.,미안해.,일본어 원문 대조 + 자연스러운 한국어 대사 교정,높음,/mnt/data/ABF-303_photo_verified_retranslation/ABF-303.final-photo-verified-retranslated-ko.v1.changes.csv
"크네, 완전히.",완전히 커졌네.,일본어 원문 대조 + 자연스러운 한국어 대사 교정,높음,/mnt/data/ABF-303_photo_verified_retranslation/ABF-303.final-photo-verified-retranslated-ko.v1.changes.csv
천천히 하면 돼.,천천히 하면 괜찮아.,일본어 원문 대조 + 자연스러운 한국어 대사 교정,높음,/mnt/data/ABF-303_photo_verified_retranslation/ABF-303.final-photo-verified-retranslated-ko.v1.changes.csv
멈춰 있어.,가만히 있어.,일본어 원문 대조 + 자연스러운 한국어 대사 교정,높음,/mnt/data/ABF-303_photo_verified_retranslation/ABF-303.final-photo-verified-retranslated-ko.v1.changes.csv
이쪽 보면서 할 수 있어.,이쪽 보면서 해 줘.,일본어 원문 대조 + 자연스러운 한국어 대사 교정,높음,/mnt/data/ABF-303_photo_verified_retranslation/ABF-303.final-photo-verified-retranslated-ko.v1.changes.csv
이쪽이 더 커.,이쪽이 더 굵어.,일본어 원문 대조 + 자연스러운 한국어 대사 교정,높음,/mnt/data/ABF-303_photo_verified_retranslation/ABF-303.final-photo-verified-retranslated-ko.v1.changes.csv
아슬아슬했어.,아슬아슬하게 들어갔어.,손상된 일본어 ASR + 타임스탬프 사진 + 앞뒤 문맥 추론,중간,/mnt/data/ABF-303_photo_verified_retranslation/ABF-303.final-photo-verified-retranslated-ko.v1.changes.csv
깜짝 놀라지 않았어.,놀랐어?,일본어 원문 대조 + 자연스러운 한국어 대사 교정,높음,/mnt/data/ABF-303_photo_verified_retranslation/ABF-303.final-photo-verified-retranslated-ko.v1.changes.csv
엄청 적극적이네.,오늘은 꽤 적극적이네.,일본어 원문 대조 + 자연스러운 한국어 대사 교정,높음,/mnt/data/ABF-303_photo_verified_retranslation/ABF-303.final-photo-verified-retranslated-ko.v1.changes.csv
신나 버렸어.,재미있어졌어.,일본어 원문 대조 + 자연스러운 한국어 대사 교정,높음,/mnt/data/ABF-303_photo_verified_retranslation/ABF-303.final-photo-verified-retranslated-ko.v1.changes.csv
다리 예쁘단 말 듣는 거 싫어?,다리 예쁘다는 말 싫어?,일본어 원문 대조 + 자연스러운 한국어 대사 교정,높음,/mnt/data/ABF-303_photo_verified_retranslation/ABF-303.final-photo-verified-retranslated-ko.v1.changes.csv
다리 좋아하는 남자.,다리 좋아하는 남자 많잖아.,일본어 원문 대조 + 자연스러운 한국어 대사 교정,높음,/mnt/data/ABF-303_photo_verified_retranslation/ABF-303.final-photo-verified-retranslated-ko.v1.changes.csv
안대 쓰고 있는 모습 보니까 진짜 좋네.,안대 쓴 모습 보니까 더 야하네.,일본어 원문 대조 + 자연스러운 한국어 대사 교정,높음,/mnt/data/ABF-303_photo_verified_retranslation/ABF-303.final-photo-verified-retranslated-ko.v1.changes.csv
제대로 돼 있네.,제대로 가려지네.,일본어 원문 대조 + 자연스러운 한국어 대사 교정,높음,/mnt/data/ABF-303_photo_verified_retranslation/ABF-303.final-photo-verified-retranslated-ko.v1.changes.csv
조금 보이네.,조금은 보이는 것 같아.,일본어 원문 대조 + 자연스러운 한국어 대사 교정,높음,/mnt/data/ABF-303_photo_verified_retranslation/ABF-303.final-photo-verified-retranslated-ko.v1.changes.csv
원해?,만져 줬으면 해?,일본어 원문 대조 + 자연스러운 한국어 대사 교정,높음,/mnt/data/ABF-303_photo_verified_retranslation/ABF-303.final-photo-verified-retranslated-ko.v1.changes.csv
"아, 커 보이네.","와, 크게 보이네.",일본어 원문 대조 + 자연스러운 한국어 대사 교정,높음,/mnt/data/ABF-303_photo_verified_retranslation/ABF-303.final-photo-verified-retranslated-ko.v1.changes.csv
너도.,너도 보여.,일본어 원문 대조 + 자연스러운 한국어 대사 교정,높음,/mnt/data/ABF-303_photo_verified_retranslation/ABF-303.final-photo-verified-retranslated-ko.v1.changes.csv
느리네.,천천히 해.,손상된 일본어 ASR + 타임스탬프 사진 + 앞뒤 문맥 추론,중간,/mnt/data/ABF-303_photo_verified_retranslation/ABF-303.final-photo-verified-retranslated-ko.v1.changes.csv
밀어 넣는 소리가 나.,안에서 소리 나.,손상된 일본어 ASR + 타임스탬프 사진 + 앞뒤 문맥 추론,중간,/mnt/data/ABF-303_photo_verified_retranslation/ABF-303.final-photo-verified-retranslated-ko.v1.changes.csv
소리가 다 들려.,소리가 다 들리네.,손상된 일본어 ASR + 타임스탬프 사진 + 앞뒤 문맥 추론,중간,/mnt/data/ABF-303_photo_verified_retranslation/ABF-303.final-photo-verified-retranslated-ko.v1.changes.csv
더 밀어 넣어.,더 깊이 넣어.,일본어 원문 대조 + 자연스러운 한국어 대사 교정,높음,/mnt/data/ABF-303_photo_verified_retranslation/ABF-303.final-photo-verified-retranslated-ko.v1.changes.csv
배까지 젖었어. 엄청나졌어.,배까지 다 젖었어.,일본어 원문 대조 + 자연스러운 한국어 대사 교정,높음,/mnt/data/ABF-303_photo_verified_retranslation/ABF-303.final-photo-verified-retranslated-ko.v1.changes.csv
손가락도 엉덩이도 좋아? 이쪽도 빨아 줄까?,손가락도 엉덩이도 좋아? 이쪽도 핥아 줄까?,일본어 원문 대조 + 자연스러운 한국어 대사 교정,높음,/mnt/data/ABF-303_photo_verified_retranslation/ABF-303.final-photo-verified-retranslated-ko.v1.changes.csv
엉덩이?,엉덩이도?,일본어 원문 대조 + 자연스러운 한국어 대사 교정,높음,/mnt/data/ABF-303_photo_verified_retranslation/ABF-303.final-photo-verified-retranslated-ko.v1.changes.csv
엉덩이?,"응, 엉덩이.",일본어 원문 대조 + 자연스러운 한국어 대사 교정,높음,/mnt/data/ABF-303_photo_verified_retranslation/ABF-303.final-photo-verified-retranslated-ko.v1.changes.csv
"아, 아플 것 같아.","아, 조금 아파.",일본어 원문 대조 + 자연스러운 한국어 대사 교정,높음,/mnt/data/ABF-303_photo_verified_retranslation/ABF-303.final-photo-verified-retranslated-ko.v1.changes.csv
아쉬웠어?,거의 갔어?,일본어 원문 대조 + 자연스러운 한국어 대사 교정,높음,/mnt/data/ABF-303_photo_verified_retranslation/ABF-303.final-photo-verified-retranslated-ko.v1.changes.csv
평소처럼 앉아서 움직여 줘.,평소처럼 앉아서 움직여 봐.,일본어 원문 대조 + 자연스러운 한국어 대사 교정,높음,/mnt/data/ABF-303_photo_verified_retranslation/ABF-303.final-photo-verified-retranslated-ko.v1.changes.csv
배예요.,배 쪽이요.,일본어 원문 대조 + 자연스러운 한국어 대사 교정,높음,/mnt/data/ABF-303_photo_verified_retranslation/ABF-303.final-photo-verified-retranslated-ko.v1.changes.csv
아프게 됐어?,아팠어?,일본어 원문 대조 + 자연스러운 한국어 대사 교정,높음,/mnt/data/ABF-303_photo_verified_retranslation/ABF-303.final-photo-verified-retranslated-ko.v1.changes.csv
"저기, 다른 여자랑도 해 본 적 있어?",다른 여자들이랑도 많이 해 봤어?,손상된 일본어 ASR + 타임스탬프 사진 + 앞뒤 문맥 추론,중간,/mnt/data/ABF-303_photo_verified_retranslation/ABF-303.final-photo-verified-retranslated-ko.v1.changes.csv
해 본 적 있어?,해 봤어?,일본어 원문 대조 + 자연스러운 한국어 대사 교정,높음,/mnt/data/ABF-303_photo_verified_retranslation/ABF-303.final-photo-verified-retranslated-ko.v1.changes.csv
몇 명이에요?,몇 명이랑 했어요?,일본어 원문 대조 + 자연스러운 한국어 대사 교정,높음,/mnt/data/ABF-303_photo_verified_retranslation/ABF-303.final-photo-verified-retranslated-ko.v1.changes.csv
대답을 못 하겠어.,그건 대답 못 하겠네.,일본어 원문 대조 + 자연스러운 한국어 대사 교정,높음,/mnt/data/ABF-303_photo_verified_retranslation/ABF-303.final-photo-verified-retranslated-ko.v1.changes.csv
둘 다 감도가 좋네.,둘 다 잘 느끼네.,일본어 원문 대조 + 자연스러운 한국어 대사 교정,높음,/mnt/data/ABF-303_photo_verified_retranslation/ABF-303.final-photo-verified-retranslated-ko.v1.changes.csv
나는 이렇게 하는 편이야.,나는 이렇게 만지는 편이야.,손상된 일본어 ASR + 타임스탬프 사진 + 앞뒤 문맥 추론,중간,/mnt/data/ABF-303_photo_verified_retranslation/ABF-303.final-photo-verified-retranslated-ko.v1.changes.csv
클리 쪽이 더 잘 느끼려나.,클리 쪽이 더 잘 느끼는 것 같아.,일본어 원문 대조 + 자연스러운 한국어 대사 교정,높음,/mnt/data/ABF-303_photo_verified_retranslation/ABF-303.final-photo-verified-retranslated-ko.v1.changes.csv
엄청 흥분되는 거네.,이거 엄청 세네.,손상된 일본어 ASR + 타임스탬프 사진 + 앞뒤 문맥 추론,중간,/mnt/data/ABF-303_photo_verified_retranslation/ABF-303.final-photo-verified-retranslated-ko.v1.changes.csv
안쪽이 좋아?,안쪽도 좋아?,일본어 원문 대조 + 자연스러운 한국어 대사 교정,높음,/mnt/data/ABF-303_photo_verified_retranslation/ABF-303.final-photo-verified-retranslated-ko.v1.changes.csv
안은 어느 쪽이 좋아?,안에서는 어디가 좋아?,일본어 원문 대조 + 자연스러운 한국어 대사 교정,높음,/mnt/data/ABF-303_photo_verified_retranslation/ABF-303.final-photo-verified-retranslated-ko.v1.changes.csv
어디로 가?,어디가 좋아?,일본어 원문 대조 + 자연스러운 한국어 대사 교정,높음,/mnt/data/ABF-303_photo_verified_retranslation/ABF-303.final-photo-verified-retranslated-ko.v1.changes.csv
어디로 가?,어디?,일본어 원문 대조 + 자연스러운 한국어 대사 교정,높음,/mnt/data/ABF-303_photo_verified_retranslation/ABF-303.final-photo-verified-retranslated-ko.v1.changes.csv
어디로 가?,여기?,일본어 원문 대조 + 자연스러운 한국어 대사 교정,높음,/mnt/data/ABF-303_photo_verified_retranslation/ABF-303.final-photo-verified-retranslated-ko.v1.changes.csv
"네, 배예요.","네, 거기예요.",손상된 일본어 ASR + 타임스탬프 사진 + 앞뒤 문맥 추론,중간,/mnt/data/ABF-303_photo_verified_retranslation/ABF-303.final-photo-verified-retranslated-ko.v1.changes.csv
부탁해.,그대로 해 줘.,손상된 일본어 ASR + 타임스탬프 사진 + 앞뒤 문맥 추론,중간,/mnt/data/ABF-303_photo_verified_retranslation/ABF-303.final-photo-verified-retranslated-ko.v1.changes.csv
안을 팍팍 쑤셔도 돼?,안쪽을 세게 쑤셔도 돼?,일본어 원문 대조 + 자연스러운 한국어 대사 교정,높음,/mnt/data/ABF-303_photo_verified_retranslation/ABF-303.final-photo-verified-retranslated-ko.v1.changes.csv
갈 것 같아.,진짜 갈 것 같아.,일본어 원문 대조 + 자연스러운 한국어 대사 교정,높음,/mnt/data/ABF-303_photo_verified_retranslation/ABF-303.final-photo-verified-retranslated-ko.v1.changes.csv
허벅지까지 젖었어.,허벅지까지 흠뻑 젖었어.,일본어 원문 대조 + 자연스러운 한국어 대사 교정,높음,/mnt/data/ABF-303_photo_verified_retranslation/ABF-303.final-photo-verified-retranslated-ko.v1.changes.csv
나와 버렸어?,또 나와 버렸어?,일본어 원문 대조 + 자연스러운 한국어 대사 교정,높음,/mnt/data/ABF-303_photo_verified_retranslation/ABF-303.final-photo-verified-retranslated-ko.v1.changes.csv
"저기, 옆구리가 축축해져 있네…",옆구리까지 다 젖었네…,손상된 일본어 ASR + 타임스탬프 사진 + 앞뒤 문맥 추론,중간,/mnt/data/ABF-303_photo_verified_retranslation/ABF-303.final-photo-verified-retranslated-ko.v1.changes.csv
뭐라고 해야 돼?,뭐라고 말하면 돼?,일본어 원문 대조 + 자연스러운 한국어 대사 교정,높음,/mnt/data/ABF-303_photo_verified_retranslation/ABF-303.final-photo-verified-retranslated-ko.v1.changes.csv
핥아 달라고 할래?,핥아 달라고 말해 봐.,일본어 원문 대조 + 자연스러운 한국어 대사 교정,높음,/mnt/data/ABF-303_photo_verified_retranslation/ABF-303.final-photo-verified-retranslated-ko.v1.changes.csv
왠지 알겠어.,어떻게 알았어?,손상된 일본어 ASR + 타임스탬프 사진 + 앞뒤 문맥 추론,중간,/mnt/data/ABF-303_photo_verified_retranslation/ABF-303.final-photo-verified-retranslated-ko.v1.changes.csv
조금만 기다려요.,잠깐만.,일본어 원문 대조 + 자연스러운 한국어 대사 교정,높음,/mnt/data/ABF-303_photo_verified_retranslation/ABF-303.final-photo-verified-retranslated-ko.v1.changes.csv
무사히 끝났네.,끝난 줄 알았지?,손상된 일본어 ASR + 타임스탬프 사진 + 앞뒤 문맥 추론,중간,/mnt/data/ABF-303_photo_verified_retranslation/ABF-303.final-photo-verified-retranslated-ko.v1.changes.csv
안녕히 주무세요.,조금 쉬자.,일본어 원문 대조 + 자연스러운 한국어 대사 교정,높음,/mnt/data/ABF-303_photo_verified_retranslation/ABF-303.final-photo-verified-retranslated-ko.v1.changes.csv
뒤에 있어.,뒤쪽도 보여 줘.,일본어 원문 대조 + 자연스러운 한국어 대사 교정,높음,/mnt/data/ABF-303_photo_verified_retranslation/ABF-303.final-photo-verified-retranslated-ko.v1.changes.csv
숨이 차.,숨이 막힐 것 같아.,일본어 원문 대조 + 자연스러운 한국어 대사 교정,높음,/mnt/data/ABF-303_photo_verified_retranslation/ABF-303.final-photo-verified-retranslated-ko.v1.changes.csv
넣고 싶어.,빨리 넣고 싶어.,일본어 원문 대조 + 자연스러운 한국어 대사 교정,높음,/mnt/data/ABF-303_photo_verified_retranslation/ABF-303.final-photo-verified-retranslated-ko.v1.changes.csv
이걸 끼우는 거야?,콘돔 끼는 거야?,일본어 원문 대조 + 자연스러운 한국어 대사 교정,높음,/mnt/data/ABF-303_photo_verified_retranslation/ABF-303.final-photo-verified-retranslated-ko.v1.changes.csv
끼워?,낄까?,일본어 원문 대조 + 자연스러운 한국어 대사 교정,높음,/mnt/data/ABF-303_photo_verified_retranslation/ABF-303.final-photo-verified-retranslated-ko.v1.changes.csv
끼우는 거야?,끼는 거지?,일본어 원문 대조 + 자연스러운 한국어 대사 교정,높음,/mnt/data/ABF-303_photo_verified_retranslation/ABF-303.final-photo-verified-retranslated-ko.v1.changes.csv
끼우고 싶은데.,끼고 싶은데.,일본어 원문 대조 + 자연스러운 한국어 대사 교정,높음,/mnt/data/ABF-303_photo_verified_retranslation/ABF-303.final-photo-verified-retranslated-ko.v1.changes.csv
아… 기쁘다.,아… 드디어.,일본어 원문 대조 + 자연스러운 한국어 대사 교정,높음,/mnt/data/ABF-303_photo_verified_retranslation/ABF-303.final-photo-verified-retranslated-ko.v1.changes.csv
기쁘네.,좋다.,일본어 원문 대조 + 자연스러운 한국어 대사 교정,높음,/mnt/data/ABF-303_photo_verified_retranslation/ABF-303.final-photo-verified-retranslated-ko.v1.changes.csv
기쁘네.,좋아.,일본어 원문 대조 + 자연스러운 한국어 대사 교정,높음,/mnt/data/ABF-303_photo_verified_retranslation/ABF-303.final-photo-verified-retranslated-ko.v1.changes.csv
안쪽까지 안 가?,더 안쪽까지 안 들어가?,일본어 원문 대조 + 자연스러운 한국어 대사 교정,높음,/mnt/data/ABF-303_photo_verified_retranslation/ABF-303.final-photo-verified-retranslated-ko.v1.changes.csv
일단 해 줘.,일단 넣어 줘.,일본어 원문 대조 + 자연스러운 한국어 대사 교정,높음,/mnt/data/ABF-303_photo_verified_retranslation/ABF-303.final-photo-verified-retranslated-ko.v1.changes.csv
기뻐.,좋아.,일본어 원문 대조 + 자연스러운 한국어 대사 교정,높음,/mnt/data/ABF-303_photo_verified_retranslation/ABF-303.final-photo-verified-retranslated-ko.v1.changes.csv
기뻐.,정말 좋아.,일본어 원문 대조 + 자연스러운 한국어 대사 교정,높음,/mnt/data/ABF-303_photo_verified_retranslation/ABF-303.final-photo-verified-retranslated-ko.v1.changes.csv
"어라, 안 들어갔어.","어라, 아직 안 들어갔어.",일본어 원문 대조 + 자연스러운 한국어 대사 교정,높음,/mnt/data/ABF-303_photo_verified_retranslation/ABF-303.final-photo-verified-retranslated-ko.v1.changes.csv
왠지 엉덩이가.,엉덩이가 걸리네.,일본어 원문 대조 + 자연스러운 한국어 대사 교정,높음,/mnt/data/ABF-303_photo_verified_retranslation/ABF-303.final-photo-verified-retranslated-ko.v1.changes.csv
아… 좁네.,아… 엄청 조이네.,일본어 원문 대조 + 자연스러운 한국어 대사 교정,높음,/mnt/data/ABF-303_photo_verified_retranslation/ABF-303.final-photo-verified-retranslated-ko.v1.changes.csv
기뻐.,기분 좋아.,일본어 원문 대조 + 자연스러운 한국어 대사 교정,높음,/mnt/data/ABF-303_photo_verified_retranslation/ABF-303.final-photo-verified-retranslated-ko.v1.changes.csv
엉덩이 좀 봐.,엉덩이 좀 들어 봐.,일본어 원문 대조 + 자연스러운 한국어 대사 교정,높음,/mnt/data/ABF-303_photo_verified_retranslation/ABF-303.final-photo-verified-retranslated-ko.v1.changes.csv
"아… 대단해, 쑥 들어갔어.","와, 깊이 들어갔어.",일본어 원문 대조 + 자연스러운 한국어 대사 교정,높음,/mnt/data/ABF-303_photo_verified_retranslation/ABF-303.final-photo-verified-retranslated-ko.v1.changes.csv
정말로 섹스하고 싶다고 생각했어서…,진짜 하고 싶었어.,일본어 원문 대조 + 자연스러운 한국어 대사 교정,높음,/mnt/data/ABF-303_photo_verified_retranslation/ABF-303.final-photo-verified-retranslated-ko.v1.changes.csv
생각하고 있었어…,계속 생각하고 있었어.,일본어 원문 대조 + 자연스러운 한국어 대사 교정,높음,/mnt/data/ABF-303_photo_verified_retranslation/ABF-303.final-photo-verified-retranslated-ko.v1.changes.csv
아아아아아아아아…,아아아…,일본어 원문 대조 + 자연스러운 한국어 대사 교정,높음,/mnt/data/ABF-303_photo_verified_retranslation/ABF-303.final-photo-verified-retranslated-ko.v1.changes.csv
"둘째 날도, 셋째 날도…",아… 거기…,손상된 일본어 ASR + 타임스탬프 사진 + 앞뒤 문맥 추론,중간,/mnt/data/ABF-303_photo_verified_retranslation/ABF-303.final-photo-verified-retranslated-ko.v1.changes.csv
같은 자리에서 잠들고.,그렇게 해 줘.,손상된 일본어 ASR + 타임스탬프 사진 + 앞뒤 문맥 추론,중간,/mnt/data/ABF-303_photo_verified_retranslation/ABF-303.final-photo-verified-retranslated-ko.v1.changes.csv
"이틀째, 사흘째… 계속 반복했어.","계속, 계속…",손상된 일본어 ASR + 타임스탬프 사진 + 앞뒤 문맥 추론,중간,/mnt/data/ABF-303_photo_verified_retranslation/ABF-303.final-photo-verified-retranslated-ko.v1.changes.csv
"하아, 맛봐 줘.",하아… 더 해 줘.,손상된 일본어 ASR + 타임스탬프 사진 + 앞뒤 문맥 추론,중간,/mnt/data/ABF-303_photo_verified_retranslation/ABF-303.final-photo-verified-retranslated-ko.v1.changes.csv
말해도 괜찮아요.,"괜찮아, 계속해.",일본어 원문 대조 + 자연스러운 한국어 대사 교정,높음,/mnt/data/ABF-303_photo_verified_retranslation/ABF-303.final-photo-verified-retranslated-ko.v1.changes.csv
"아, 진짜 웃겨.",아… 거기 좋아.,일본어 원문 대조 + 자연스러운 한국어 대사 교정,높음,/mnt/data/ABF-303_photo_verified_retranslation/ABF-303.final-photo-verified-retranslated-ko.v1.changes.csv
드디어 하고 싶어진 건가.,이제 네가 위로 올라와.,일본어 원문 대조 + 자연스러운 한국어 대사 교정,높음,/mnt/data/ABF-303_photo_verified_retranslation/ABF-303.final-photo-verified-retranslated-ko.v1.changes.csv
위에 올라탔어.,그대로 올라타.,일본어 원문 대조 + 자연스러운 한국어 대사 교정,높음,/mnt/data/ABF-303_photo_verified_retranslation/ABF-303.final-photo-verified-retranslated-ko.v1.changes.csv
덜덜 떨려.,몸이 덜덜 떨려.,일본어 원문 대조 + 자연스러운 한국어 대사 교정,높음,/mnt/data/ABF-303_photo_verified_retranslation/ABF-303.final-photo-verified-retranslated-ko.v1.changes.csv
오오!,오오…!,일본어 원문 대조 + 자연스러운 한국어 대사 교정,높음,/mnt/data/ABF-303_photo_verified_retranslation/ABF-303.final-photo-verified-retranslated-ko.v1.changes.csv
하아… 잠깐만.,하아… 잠깐.,일본어 원문 대조 + 자연스러운 한국어 대사 교정,높음,/mnt/data/ABF-303_photo_verified_retranslation/ABF-303.final-photo-verified-retranslated-ko.v1.changes.csv
조금만 쉬자.,조금 쉬자.,일본어 원문 대조 + 자연스러운 한국어 대사 교정,높음,/mnt/data/ABF-303_photo_verified_retranslation/ABF-303.final-photo-verified-retranslated-ko.v1.changes.csv
조금 무서워졌어.,아… 너무 깊어.,손상된 일본어 ASR + 타임스탬프 사진 + 앞뒤 문맥 추론,중간,/mnt/data/ABF-303_photo_verified_retranslation/ABF-303.final-photo-verified-retranslated-ko.v1.changes.csv
빨아 줬으면 좋겠는데… 괜찮아요?,거기 좋아… 그대로 해 줘.,손상된 일본어 ASR + 타임스탬프 사진 + 앞뒤 문맥 추론,중간,/mnt/data/ABF-303_photo_verified_retranslation/ABF-303.final-photo-verified-retranslated-ko.v1.changes.csv
빨아 주고 싶으니까 해 볼게요.,"응, 계속해.",손상된 일본어 ASR + 타임스탬프 사진 + 앞뒤 문맥 추론,중간,/mnt/data/ABF-303_photo_verified_retranslation/ABF-303.final-photo-verified-retranslated-ko.v1.changes.csv
"아, 아, 아, 아…","아, 아, 아…",일본어 원문 대조 + 자연스러운 한국어 대사 교정,높음,/mnt/data/ABF-303_photo_verified_retranslation/ABF-303.final-photo-verified-retranslated-ko.v1.changes.csv
잠깐만요.,조금만 기다려.,일본어 원문 대조 + 자연스러운 한국어 대사 교정,높음,/mnt/data/ABF-303_photo_verified_retranslation/ABF-303.final-photo-verified-retranslated-ko.v1.changes.csv
"하아, 부끄러워…",하아… 부끄러워.,일본어 원문 대조 + 자연스러운 한국어 대사 교정,높음,/mnt/data/ABF-303_photo_verified_retranslation/ABF-303.final-photo-verified-retranslated-ko.v1.changes.csv
카메라에 안 찍히면 곤란해요.,카메라에 안 보이잖아.,손상된 일본어 ASR + 타임스탬프 사진 + 앞뒤 문맥 추론,중간,/mnt/data/ABF-303_photo_verified_retranslation/ABF-303.final-photo-verified-retranslated-ko.v1.changes.csv
계속해서…,그대로 계속해.,손상된 일본어 ASR + 타임스탬프 사진 + 앞뒤 문맥 추론,중간,/mnt/data/ABF-303_photo_verified_retranslation/ABF-303.final-photo-verified-retranslated-ko.v1.changes.csv
오오… 됐어!,아… 나올 것 같아.,손상된 일본어 ASR + 타임스탬프 사진 + 앞뒤 문맥 추론,중간,/mnt/data/ABF-303_photo_verified_retranslation/ABF-303.final-photo-verified-retranslated-ko.v1.changes.csv
해외여행은 가끔 가요.,아… 많이 나왔네.,손상된 일본어 ASR + 타임스탬프 사진 + 앞뒤 문맥 추론,중간,/mnt/data/ABF-303_photo_verified_retranslation/ABF-303.final-photo-verified-retranslated-ko.v1.changes.csv
무슨 얘기였더라?,무슨 맛이었어?,일본어 원문 대조 + 자연스러운 한국어 대사 교정,높음,/mnt/data/ABF-303_photo_verified_retranslation/ABF-303.final-photo-verified-retranslated-ko.v1.changes.csv
뭔가 짭짤해.,뭔가… 짭짤해!,일본어 원문 대조 + 자연스러운 한국어 대사 교정,높음,/mnt/data/ABF-303_photo_verified_retranslation/ABF-303.final-photo-verified-retranslated-ko.v1.changes.csv
좀 틀렸다.,조금 사레들렸어.,손상된 일본어 ASR + 타임스탬프 사진 + 앞뒤 문맥 추론,중간,/mnt/data/ABF-303_photo_verified_retranslation/ABF-303.final-photo-verified-retranslated-ko.v1.changes.csv
틀렸어!,잘못 삼켰어!,손상된 일본어 ASR + 타임스탬프 사진 + 앞뒤 문맥 추론,중간,/mnt/data/ABF-303_photo_verified_retranslation/ABF-303.final-photo-verified-retranslated-ko.v1.changes.csv
아… 잠깐만요.,아… 잠깐만.,일본어 원문 대조 + 자연스러운 한국어 대사 교정,높음,/mnt/data/ABF-303_photo_verified_retranslation/ABF-303.final-photo-verified-retranslated-ko.v1.changes.csv
뭐 할까.,이제 뭐 할까?,일본어 원문 대조 + 자연스러운 한국어 대사 교정,높음,/mnt/data/ABF-303_photo_verified_retranslation/ABF-303.final-photo-verified-retranslated-ko.v1.changes.csv
뭐 할래?,뭐 하고 싶어?,일본어 원문 대조 + 자연스러운 한국어 대사 교정,높음,/mnt/data/ABF-303_photo_verified_retranslation/ABF-303.final-photo-verified-retranslated-ko.v1.changes.csv
여기서 잘지도.,여기서 바로 잠들 것 같아.,일본어 원문 대조 + 자연스러운 한국어 대사 교정,높음,/mnt/data/ABF-303_photo_verified_retranslation/ABF-303.final-photo-verified-retranslated-ko.v1.changes.csv
"잠깐만, 아타미까지 왔잖아.",그래도 아타미까지 왔잖아.,손상된 일본어 ASR + 타임스탬프 사진 + 앞뒤 문맥 추론,중간,/mnt/data/ABF-303_photo_verified_retranslation/ABF-303.final-photo-verified-retranslated-ko.v1.changes.csv
취소하는 거야?,일정 취소하려고?,손상된 일본어 ASR + 타임스탬프 사진 + 앞뒤 문맥 추론,중간,/mnt/data/ABF-303_photo_verified_retranslation/ABF-303.final-photo-verified-retranslated-ko.v1.changes.csv
딱 20분만.,딱 20분만 자자.,일본어 원문 대조 + 자연스러운 한국어 대사 교정,높음,/mnt/data/ABF-303_photo_verified_retranslation/ABF-303.final-photo-verified-retranslated-ko.v1.changes.csv
패치가 떨어졌네.,유카타가 좀 흘러내렸네.,일본어 원문 대조 + 자연스러운 한국어 대사 교정,높음,/mnt/data/ABF-303_photo_verified_retranslation/ABF-303.final-photo-verified-retranslated-ko.v1.changes.csv
패치 있어.,괜찮아.,일본어 원문 대조 + 자연스러운 한국어 대사 교정,높음,/mnt/data/ABF-303_photo_verified_retranslation/ABF-303.final-photo-verified-retranslated-ko.v1.changes.csv
알 것 같아.,보일지도 몰라.,일본어 원문 대조 + 자연스러운 한국어 대사 교정,높음,/mnt/data/ABF-303_photo_verified_retranslation/ABF-303.final-photo-verified-retranslated-ko.v1.changes.csv
들어가고 싶네요.,다리가 진짜 예쁘네요.,일본어 원문 대조 + 자연스러운 한국어 대사 교정,높음,/mnt/data/ABF-303_photo_verified_retranslation/ABF-303.final-photo-verified-retranslated-ko.v1.changes.csv
낮에 갈래?,여기서 벗을 생각은 아니지?,일본어 원문 대조 + 자연스러운 한국어 대사 교정,높음,/mnt/data/ABF-303_photo_verified_retranslation/ABF-303.final-photo-verified-retranslated-ko.v1.changes.csv
안 되잖아.,안 되지.,일본어 원문 대조 + 자연스러운 한국어 대사 교정,높음,/mnt/data/ABF-303_photo_verified_retranslation/ABF-303.final-photo-verified-retranslated-ko.v1.changes.csv
벗으면 안 돼.,여기서 벗으면 안 돼.,일본어 원문 대조 + 자연스러운 한국어 대사 교정,높음,/mnt/data/ABF-303_photo_verified_retranslation/ABF-303.final-photo-verified-retranslated-ko.v1.changes.csv
괜찮아.,알았어.,일본어 원문 대조 + 자연스러운 한국어 대사 교정,높음,/mnt/data/ABF-303_photo_verified_retranslation/ABF-303.final-photo-verified-retranslated-ko.v1.changes.csv
"오, 대단해.","오, 대단하다.",일본어 원문 + 타임스탬프 사진 + 장면 연속성,높음,/mnt/data/ABF-303_photo_verified_retranslation/ABF-303.final-photo-verified-retranslated-ko.v1.changes.csv
"오, 대단해.","와, 진짜 대단해.",일본어 원문 + 타임스탬프 사진 + 장면 연속성,높음,/mnt/data/ABF-303_photo_verified_retranslation/ABF-303.final-photo-verified-retranslated-ko.v1.changes.csv
기분 좋아.,소파도 엄청 튼튼해 보이네.,일본어 원문 + 타임스탬프 사진 + 장면 연속성,높음,/mnt/data/ABF-303_photo_verified_retranslation/ABF-303.final-photo-verified-retranslated-ko.v1.changes.csv
기분 좋아.,대단하다.,일본어 원문 + 타임스탬프 사진 + 장면 연속성,높음,/mnt/data/ABF-303_photo_verified_retranslation/ABF-303.final-photo-verified-retranslated-ko.v1.changes.csv
한번 열어볼까.,한번 열어 볼게.,일본어 원문 + 타임스탬프 사진 + 장면 연속성,높음,/mnt/data/ABF-303_photo_verified_retranslation/ABF-303.final-photo-verified-retranslated-ko.v1.changes.csv
열어볼까.,열어 볼게.,일본어 원문 + 타임스탬프 사진 + 장면 연속성,높음,/mnt/data/ABF-303_photo_verified_retranslation/ABF-303.final-photo-verified-retranslated-ko.v1.changes.csv
한번 보자.,밖을 봐 보자.,일본어 원문 + 타임스탬프 사진 + 장면 연속성,높음,/mnt/data/ABF-303_photo_verified_retranslation/ABF-303.final-photo-verified-retranslated-ko.v1.changes.csv
대단해.,"와, 대단해.",일본어 원문 + 타임스탬프 사진 + 장면 연속성,높음,/mnt/data/ABF-303_photo_verified_retranslation/ABF-303.final-photo-verified-retranslated-ko.v1.changes.csv
"와, 짱이다.","와, 아담하다.",일본어 원문 + 타임스탬프 사진 + 장면 연속성,중간,/mnt/data/ABF-303_photo_verified_retranslation/ABF-303.final-photo-verified-retranslated-ko.v1.changes.csv
"봐봐, 봐봐, 봐봐, 봐봐.","봐봐, 봐봐.",일본어 원문 + 타임스탬프 사진 + 장면 연속성,높음,/mnt/data/ABF-303_photo_verified_retranslation/ABF-303.final-photo-verified-retranslated-ko.v1.changes.csv
"오, 예쁘다.","와, 예쁘다.",일본어 원문 + 타임스탬프 사진 + 장면 연속성,높음,/mnt/data/ABF-303_photo_verified_retranslation/ABF-303.final-photo-verified-retranslated-ko.v1.changes.csv
안쪽이 좋아.,대단하다.,일본어 원문 + 타임스탬프 사진 + 장면 연속성,높음,/mnt/data/ABF-303_photo_verified_retranslation/ABF-303.final-photo-verified-retranslated-ko.v1.changes.csv
좀 더 해 줘.,보여?,일본어 원문 + 타임스탬프 사진 + 장면 연속성,높음,/mnt/data/ABF-303_photo_verified_retranslation/ABF-303.final-photo-verified-retranslated-ko.v1.changes.csv
기뻐.,"응, 보여.",일본어 원문 + 타임스탬프 사진 + 장면 연속성,높음,/mnt/data/ABF-303_photo_verified_retranslation/ABF-303.final-photo-verified-retranslated-ko.v1.changes.csv
기뻐.,조금 더 안쪽으로 가 볼까?,일본어 원문 + 타임스탬프 사진 + 장면 연속성,높음,/mnt/data/ABF-303_photo_verified_retranslation/ABF-303.final-photo-verified-retranslated-ko.v1.changes.csv
기뻐.,안쪽까지.,일본어 원문 + 타임스탬프 사진 + 장면 연속성,높음,/mnt/data/ABF-303_photo_verified_retranslation/ABF-303.final-photo-verified-retranslated-ko.v1.changes.csv
안 들어갔어.,밖 좀 봐봐.,일본어 원문 + 타임스탬프 사진 + 장면 연속성,높음,/mnt/data/ABF-303_photo_verified_retranslation/ABF-303.final-photo-verified-retranslated-ko.v1.changes.csv
엉덩이가…,갈 수 있어?,일본어 원문 + 타임스탬프 사진 + 장면 연속성,높음,/mnt/data/ABF-303_photo_verified_retranslation/ABF-303.final-photo-verified-retranslated-ko.v1.changes.csv
기뻐.,"그래, 그래.",일본어 원문 + 타임스탬프 사진 + 장면 연속성,높음,/mnt/data/ABF-303_photo_verified_retranslation/ABF-303.final-photo-verified-retranslated-ko.v1.changes.csv
"와, 엄청 벌어졌네. 예쁘다. 최고야… 기분 좋아.","와, 야경 진짜 예쁘다. 최고네, 기분 좋다.",일본어 원문 + 타임스탬프 사진 + 장면 연속성,높음,/mnt/data/ABF-303_photo_verified_retranslation/ABF-303.final-photo-verified-retranslated-ko.v1.changes.csv
좁네.,목욕하자. 천천히 들어가. 물도 꽤 따뜻해.,일본어 원문 + 타임스탬프 사진 + 장면 연속성,중간,/mnt/data/ABF-303_photo_verified_retranslation/ABF-303.final-photo-verified-retranslated-ko.v1.changes.csv
기뻐.,벌레 들어오면 싫잖아.,일본어 원문 + 타임스탬프 사진 + 장면 연속성,중간,/mnt/data/ABF-303_photo_verified_retranslation/ABF-303.final-photo-verified-retranslated-ko.v1.changes.csv
엉덩이 좀 봐.,이 유카타 진짜 귀엽네.,일본어 원문 + 타임스탬프 사진 + 장면 연속성,높음,/mnt/data/ABF-303_photo_verified_retranslation/ABF-303.final-photo-verified-retranslated-ko.v1.changes.csv
"와, 깊이 들어갔어.",목욕하려면 이제 벗어야지.,일본어 원문 + 타임스탬프 사진 + 장면 연속성,높음,/mnt/data/ABF-303_photo_verified_retranslation/ABF-303.final-photo-verified-retranslated-ko.v1.changes.csv
정말 하고 싶었어.,봐도 돼?,일본어 원문 + 타임스탬프 사진 + 장면 연속성,높음,/mnt/data/ABF-303_photo_verified_retranslation/ABF-303.final-photo-verified-retranslated-ko.v1.changes.csv
계속 생각했어.,부끄러워? 뭔가 야하네.,일본어 원문 + 타임스탬프 사진 + 장면 연속성,높음,/mnt/data/ABF-303_photo_verified_retranslation/ABF-303.final-photo-verified-retranslated-ko.v1.changes.csv
아아아…,잠깐만.,일본어 원문 + 타임스탬프 사진 + 장면 연속성,높음,/mnt/data/ABF-303_photo_verified_retranslation/ABF-303.final-photo-verified-retranslated-ko.v1.changes.csv
계속…,이거 어떻게 푸는 거였지?,일본어 원문 + 타임스탬프 사진 + 장면 연속성,중간,/mnt/data/ABF-303_photo_verified_retranslation/ABF-303.final-photo-verified-retranslated-ko.v1.changes.csv
하아…,와.,일본어 원문 + 타임스탬프 사진 + 장면 연속성,높음,/mnt/data/ABF-303_photo_verified_retranslation/ABF-303.final-photo-verified-retranslated-ko.v1.changes.csv
"하아, 맛봐 줘.","와, 엄청 예쁘잖아.",일본어 원문 + 타임스탬프 사진 + 장면 연속성,높음,/mnt/data/ABF-303_photo_verified_retranslation/ABF-303.final-photo-verified-retranslated-ko.v1.changes.csv
천천히 해 줘.,"좋네. 잠깐, 어떻게 돼 있었지?",일본어 원문 + 타임스탬프 사진 + 장면 연속성,중간,/mnt/data/ABF-303_photo_verified_retranslation/ABF-303.final-photo-verified-retranslated-ko.v1.changes.csv
"아, 진짜 웃겨.",어? 무슨 말이야?,일본어 원문 + 타임스탬프 사진 + 장면 연속성,높음,/mnt/data/ABF-303_photo_verified_retranslation/ABF-303.final-photo-verified-retranslated-ko.v1.changes.csv
귀엽네.,그냥 벗었을 뿐이야.,일본어 원문 + 타임스탬프 사진 + 장면 연속성,중간,/mnt/data/ABF-303_photo_verified_retranslation/ABF-303.final-photo-verified-retranslated-ko.v1.changes.csv
드디어 하고 싶어진 거야?,와.,일본어 원문 + 타임스탬프 사진 + 장면 연속성,높음,/mnt/data/ABF-303_photo_verified_retranslation/ABF-303.final-photo-verified-retranslated-ko.v1.changes.csv
위에 올라타.,대단하다.,일본어 원문 + 타임스탬프 사진 + 장면 연속성,높음,/mnt/data/ABF-303_photo_verified_retranslation/ABF-303.final-photo-verified-retranslated-ko.v1.changes.csv
덜덜 떨려.,왜 그래?,일본어 원문 + 타임스탬프 사진 + 장면 연속성,중간,/mnt/data/ABF-303_photo_verified_retranslation/ABF-303.final-photo-verified-retranslated-ko.v1.changes.csv
"아, 가 버렸어.",끈이 아직 남아 있어요.,일본어 원문 + 타임스탬프 사진 + 장면 연속성,높음,/mnt/data/ABF-303_photo_verified_retranslation/ABF-303.final-photo-verified-retranslated-ko.v1.changes.csv
하아…,응.,일본어 원문 + 타임스탬프 사진 + 장면 연속성,높음,/mnt/data/ABF-303_photo_verified_retranslation/ABF-303.final-photo-verified-retranslated-ko.v1.changes.csv
좀 쉬어.,물 다 받았어.,일본어 원문 + 타임스탬프 사진 + 장면 연속성,높음,/mnt/data/ABF-303_photo_verified_retranslation/ABF-303.final-photo-verified-retranslated-ko.v1.changes.csv
하아… 잠깐만.,목욕물 받아 놓은 거지?,일본어 원문 + 타임스탬프 사진 + 장면 연속성,높음,/mnt/data/ABF-303_photo_verified_retranslation/ABF-303.final-photo-verified-retranslated-ko.v1.changes.csv
잘 안 보여.,"응, 그렇네.",일본어 원문 + 타임스탬프 사진 + 장면 연속성,높음,/mnt/data/ABF-303_photo_verified_retranslation/ABF-303.final-photo-verified-retranslated-ko.v1.changes.csv
좀 더 천천히.,기억해 둘게.,일본어 원문 + 타임스탬프 사진 + 장면 연속성,높음,/mnt/data/ABF-303_photo_verified_retranslation/ABF-303.final-photo-verified-retranslated-ko.v1.changes.csv
하아…,보여 줘.,일본어 원문 + 타임스탬프 사진 + 장면 연속성,높음,/mnt/data/ABF-303_photo_verified_retranslation/ABF-303.final-photo-verified-retranslated-ko.v1.changes.csv
잠깐만…,제대로 열어 봐. 예쁘네.,일본어 원문 + 타임스탬프 사진 + 장면 연속성,높음,/mnt/data/ABF-303_photo_verified_retranslation/ABF-303.final-photo-verified-retranslated-ko.v1.changes.csv
잠깐만…,나만 벗는 거야?,일본어 원문 + 타임스탬프 사진 + 장면 연속성,높음,/mnt/data/ABF-303_photo_verified_retranslation/ABF-303.final-photo-verified-retranslated-ko.v1.changes.csv
"하아, 부끄러워.",부끄러워? 팬티도 벗어야지.,일본어 원문 + 타임스탬프 사진 + 장면 연속성,높음,/mnt/data/ABF-303_photo_verified_retranslation/ABF-303.final-photo-verified-retranslated-ko.v1.changes.csv
이거 예쁘네.,손으로 가리지 마.,일본어 원문 + 타임스탬프 사진 + 장면 연속성,중간,/mnt/data/ABF-303_photo_verified_retranslation/ABF-303.final-photo-verified-retranslated-ko.v1.changes.csv
잘하는 것만 빼고…,"응, 괜찮아.",일본어 원문 + 타임스탬프 사진 + 장면 연속성,높음,/mnt/data/ABF-303_photo_verified_retranslation/ABF-303.final-photo-verified-retranslated-ko.v1.changes.csv
촬영해야 해.,나도 벗을게.,일본어 원문 + 타임스탬프 사진 + 장면 연속성,중간,/mnt/data/ABF-303_photo_verified_retranslation/ABF-303.final-photo-verified-retranslated-ko.v1.changes.csv
이어 줘.,이제 둘 다 벗었네.,일본어 원문 + 타임스탬프 사진 + 장면 연속성,중간,/mnt/data/ABF-303_photo_verified_retranslation/ABF-303.final-photo-verified-retranslated-ko.v1.changes.csv
아아…,"와, 진짜 많이 커졌어.",일본어 원문 + 타임스탬프 사진 + 장면 연속성,중간,/mnt/data/ABF-303_photo_verified_retranslation/ABF-303.final-photo-verified-retranslated-ko.v1.changes.csv
고마워.,손으로 잡아 줘.,일본어 원문 + 타임스탬프 사진 + 장면 연속성,중간,/mnt/data/ABF-303_photo_verified_retranslation/ABF-303.final-photo-verified-retranslated-ko.v1.changes.csv
해외여행은 가끔 가요.,"와, 진짜 크다.",일본어 원문 + 타임스탬프 사진 + 장면 연속성,중간,/mnt/data/ABF-303_photo_verified_retranslation/ABF-303.final-photo-verified-retranslated-ko.v1.changes.csv
무슨 얘기였지?,어때?,일본어 원문 + 타임스탬프 사진 + 장면 연속성,중간,/mnt/data/ABF-303_photo_verified_retranslation/ABF-303.final-photo-verified-retranslated-ko.v1.changes.csv
뭔가 짭짤해.,응?,일본어 원문 + 타임스탬프 사진 + 장면 연속성,높음,/mnt/data/ABF-303_photo_verified_retranslation/ABF-303.final-photo-verified-retranslated-ko.v1.changes.csv
조금 틀렸어.,"잠깐, 잠깐.",일본어 원문 + 타임스탬프 사진 + 장면 연속성,높음,/mnt/data/ABF-303_photo_verified_retranslation/ABF-303.final-photo-verified-retranslated-ko.v1.changes.csv
틀렸어!,조금만 더.,일본어 원문 + 타임스탬프 사진 + 장면 연속성,높음,/mnt/data/ABF-303_photo_verified_retranslation/ABF-303.final-photo-verified-retranslated-ko.v1.changes.csv
쉬자.,너무 깊이 들어가.,일본어 원문 + 타임스탬프 사진 + 장면 연속성,중간,/mnt/data/ABF-303_photo_verified_retranslation/ABF-303.final-photo-verified-retranslated-ko.v1.changes.csv
좀 쉬자.,이제 물에 들어가자.,일본어 원문 + 타임스탬프 사진 + 장면 연속성,높음,/mnt/data/ABF-303_photo_verified_retranslation/ABF-303.final-photo-verified-retranslated-ko.v1.changes.csv
"아, 좀 쉬어.","아, 여기로 들어가면 되나?",일본어 원문 + 타임스탬프 사진 + 장면 연속성,중간,/mnt/data/ABF-303_photo_verified_retranslation/ABF-303.final-photo-verified-retranslated-ko.v1.changes.csv
뭐 할까?,내가 먼저?,일본어 원문 + 타임스탬프 사진 + 장면 연속성,중간,/mnt/data/ABF-303_photo_verified_retranslation/ABF-303.final-photo-verified-retranslated-ko.v1.changes.csv
뭐 할래?,"응, 이쪽으로.",일본어 원문 + 타임스탬프 사진 + 장면 연속성,중간,/mnt/data/ABF-303_photo_verified_retranslation/ABF-303.final-photo-verified-retranslated-ko.v1.changes.csv
낮잠 좀 잘까?,들어갔어.,일본어 원문 + 타임스탬프 사진 + 장면 연속성,높음,/mnt/data/ABF-303_photo_verified_retranslation/ABF-303.final-photo-verified-retranslated-ko.v1.changes.csv
좋네.,들어왔어.,일본어 원문 + 타임스탬프 사진 + 장면 연속성,높음,/mnt/data/ABF-303_photo_verified_retranslation/ABF-303.final-photo-verified-retranslated-ko.v1.changes.csv
여기서 잘지도 몰라.,"응, 들어왔어.",일본어 원문 + 타임스탬프 사진 + 장면 연속성,높음,/mnt/data/ABF-303_photo_verified_retranslation/ABF-303.final-photo-verified-retranslated-ko.v1.changes.csv
"잠깐만, 아타미까지 왔잖아.",이쪽 단이 있는 곳으로 들어와.,일본어 원문 + 타임스탬프 사진 + 장면 연속성,높음,/mnt/data/ABF-303_photo_verified_retranslation/ABF-303.final-photo-verified-retranslated-ko.v1.changes.csv
취소하는 거야?,최고다.,일본어 원문 + 타임스탬프 사진 + 장면 연속성,높음,/mnt/data/ABF-303_photo_verified_retranslation/ABF-303.final-photo-verified-retranslated-ko.v1.changes.csv
그건 안 돼.,여기로 와.,일본어 원문 + 타임스탬프 사진 + 장면 연속성,높음,/mnt/data/ABF-303_photo_verified_retranslation/ABF-303.final-photo-verified-retranslated-ko.v1.changes.csv
딱 20분만.,기분 좋아.,일본어 원문 + 타임스탬프 사진 + 장면 연속성,높음,/mnt/data/ABF-303_photo_verified_retranslation/ABF-303.final-photo-verified-retranslated-ko.v1.changes.csv
대단해.,온천 좋네.,일본어 원문 + 타임스탬프 사진 + 장면 연속성,높음,/mnt/data/ABF-303_photo_verified_retranslation/ABF-303.final-photo-verified-retranslated-ko.v1.changes.csv
대단해.,오랜만인 것 같아.,일본어 원문 + 타임스탬프 사진 + 장면 연속성,높음,/mnt/data/ABF-303_photo_verified_retranslation/ABF-303.final-photo-verified-retranslated-ko.v1.changes.csv
정말 잘 어울려.,평소에도 목욕 자주 해?,일본어 원문 + 타임스탬프 사진 + 장면 연속성,높음,/mnt/data/ABF-303_photo_verified_retranslation/ABF-303.final-photo-verified-retranslated-ko.v1.changes.csv
엄청 귀여워.,매일 목욕해.,일본어 원문 + 타임스탬프 사진 + 장면 연속성,높음,/mnt/data/ABF-303_photo_verified_retranslation/ABF-303.final-photo-verified-retranslated-ko.v1.changes.csv
기뻐?,샤워만 하는 날도 있어?,일본어 원문 + 타임스탬프 사진 + 장면 연속성,높음,/mnt/data/ABF-303_photo_verified_retranslation/ABF-303.final-photo-verified-retranslated-ko.v1.changes.csv
기뻐.,목욕하는 날이 더 많아.,일본어 원문 + 타임스탬프 사진 + 장면 연속성,높음,/mnt/data/ABF-303_photo_verified_retranslation/ABF-303.final-photo-verified-retranslated-ko.v1.changes.csv
정말.,매일 하면 귀찮잖아.,일본어 원문 + 타임스탬프 사진 + 장면 연속성,높음,/mnt/data/ABF-303_photo_verified_retranslation/ABF-303.final-photo-verified-retranslated-ko.v1.changes.csv
한 걸음씩.,응.,일본어 원문 + 타임스탬프 사진 + 장면 연속성,높음,/mnt/data/ABF-303_photo_verified_retranslation/ABF-303.final-photo-verified-retranslated-ko.v1.changes.csv
이 색 잘 어울려.,혼자 살지?,일본어 원문 + 타임스탬프 사진 + 장면 연속성,높음,/mnt/data/ABF-303_photo_verified_retranslation/ABF-303.final-photo-verified-retranslated-ko.v1.changes.csv
정말?,응.,일본어 원문 + 타임스탬프 사진 + 장면 연속성,높음,/mnt/data/ABF-303_photo_verified_retranslation/ABF-303.final-photo-verified-retranslated-ko.v1.changes.csv
엄청 잘 어울려.,응.,일본어 원문 + 타임스탬프 사진 + 장면 연속성,높음,/mnt/data/ABF-303_photo_verified_retranslation/ABF-303.final-photo-verified-retranslated-ko.v1.changes.csv
하늘색 좋아하는구나.,이야…,일본어 원문 + 타임스탬프 사진 + 장면 연속성,높음,/mnt/data/ABF-303_photo_verified_retranslation/ABF-303.final-photo-verified-retranslated-ko.v1.changes.csv
대단해.,기분 좋네.,일본어 원문 + 타임스탬프 사진 + 장면 연속성,높음,/mnt/data/ABF-303_photo_verified_retranslation/ABF-303.final-photo-verified-retranslated-ko.v1.changes.csv
뜨거운 물이 나오는 것 같아.,같이 목욕하니까 좋다.,일본어 원문 + 타임스탬프 사진 + 장면 연속성,높음,/mnt/data/ABF-303_photo_verified_retranslation/ABF-303.final-photo-verified-retranslated-ko.v1.changes.csv
뜨거운가?,어?,일본어 원문 + 타임스탬프 사진 + 장면 연속성,높음,/mnt/data/ABF-303_photo_verified_retranslation/ABF-303.final-photo-verified-retranslated-ko.v1.changes.csv
한번 만져 봐.,안 돼.,일본어 원문 + 타임스탬프 사진 + 장면 연속성,높음,/mnt/data/ABF-303_photo_verified_retranslation/ABF-303.final-photo-verified-retranslated-ko.v1.changes.csv
따뜻해.,안 돼.,일본어 원문 + 타임스탬프 사진 + 장면 연속성,높음,/mnt/data/ABF-303_photo_verified_retranslation/ABF-303.final-photo-verified-retranslated-ko.v1.changes.csv
온천인 거야?,안 돼.,일본어 원문 + 타임스탬프 사진 + 장면 연속성,높음,/mnt/data/ABF-303_photo_verified_retranslation/ABF-303.final-photo-verified-retranslated-ko.v1.changes.csv
온천 아니야?,뭔가…,일본어 원문 + 타임스탬프 사진 + 장면 연속성,중간,/mnt/data/ABF-303_photo_verified_retranslation/ABF-303.final-photo-verified-retranslated-ko.v1.changes.csv
온천이네.,어?,일본어 원문 + 타임스탬프 사진 + 장면 연속성,높음,/mnt/data/ABF-303_photo_verified_retranslation/ABF-303.final-photo-verified-retranslated-ko.v1.changes.csv
온천도 있구나.,목욕탕에서…,일본어 원문 + 타임스탬프 사진 + 장면 연속성,중간,/mnt/data/ABF-303_photo_verified_retranslation/ABF-303.final-photo-verified-retranslated-ko.v1.changes.csv
그러게.,목욕하면서 이러는 거…,일본어 원문 + 타임스탬프 사진 + 장면 연속성,중간,/mnt/data/ABF-303_photo_verified_retranslation/ABF-303.final-photo-verified-retranslated-ko.v1.changes.csv
비틀거리고 있어.,좋아.,일본어 원문 + 타임스탬프 사진 + 장면 연속성,높음,/mnt/data/ABF-303_photo_verified_retranslation/ABF-303.final-photo-verified-retranslated-ko.v1.changes.csv
내가 잡아 줄게.,목욕하면서…,일본어 원문 + 타임스탬프 사진 + 장면 연속성,중간,/mnt/data/ABF-303_photo_verified_retranslation/ABF-303.final-photo-verified-retranslated-ko.v1.changes.csv
걷기 힘들어.,응.,일본어 원문 + 타임스탬프 사진 + 장면 연속성,높음,/mnt/data/ABF-303_photo_verified_retranslation/ABF-303.final-photo-verified-retranslated-ko.v1.changes.csv
시원하네.,응.,일본어 원문 + 타임스탬프 사진 + 장면 연속성,높음,/mnt/data/ABF-303_photo_verified_retranslation/ABF-303.final-photo-verified-retranslated-ko.v1.changes.csv
해가 지니까 역시.,몸이 점점 달아오르네.,일본어 원문 + 타임스탬프 사진 + 장면 연속성,중간,/mnt/data/ABF-303_photo_verified_retranslation/ABF-303.final-photo-verified-retranslated-ko.v1.changes.csv
바람 쐬는 사람들이 있네.,이쪽도 해 줘.,일본어 원문 + 타임스탬프 사진 + 장면 연속성,중간,/mnt/data/ABF-303_photo_verified_retranslation/ABF-303.final-photo-verified-retranslated-ko.v1.changes.csv
젖어 버려.,다리에 힘이 풀려.,일본어 원문 + 타임스탬프 사진 + 장면 연속성,중간,/mnt/data/ABF-303_photo_verified_retranslation/ABF-303.final-photo-verified-retranslated-ko.v1.changes.csv
여기 오니까 시원하네.,입 막지 마.,일본어 원문 + 타임스탬프 사진 + 장면 연속성,높음,/mnt/data/ABF-303_photo_verified_retranslation/ABF-303.final-photo-verified-retranslated-ko.v1.changes.csv
시원해.,끝.,일본어 원문 + 타임스탬프 사진 + 장면 연속성,높음,/mnt/data/ABF-303_photo_verified_retranslation/ABF-303.final-photo-verified-retranslated-ko.v1.changes.csv
바람이 기분 좋네.,아… 한 번 더.,일본어 원문 + 타임스탬프 사진 + 장면 연속성,중간,/mnt/data/ABF-303_photo_verified_retranslation/ABF-303.final-photo-verified-retranslated-ko.v1.changes.csv
앞에서 불어와.,이제 조금만 더.,일본어 원문 + 타임스탬프 사진 + 장면 연속성,중간,/mnt/data/ABF-303_photo_verified_retranslation/ABF-303.final-photo-verified-retranslated-ko.v1.changes.csv
바닷물 차가워?,잠깐 사이에 끼워 줘.,일본어 원문 + 타임스탬프 사진 + 장면 연속성,중간,/mnt/data/ABF-303_photo_verified_retranslation/ABF-303.final-photo-verified-retranslated-ko.v1.changes.csv
차가워.,할 수 있겠어?,일본어 원문 + 타임스탬프 사진 + 장면 연속성,중간,/mnt/data/ABF-303_photo_verified_retranslation/ABF-303.final-photo-verified-retranslated-ko.v1.changes.csv
날씬해서 추위를 많이 타지 않아?,이거 얼마 안 남았는데.,일본어 원문 + 타임스탬프 사진 + 장면 연속성,중간,/mnt/data/ABF-303_photo_verified_retranslation/ABF-303.final-photo-verified-retranslated-ko.v1.changes.csv
추운 게 더 나아.,뭐라고 해?,일본어 원문 + 타임스탬프 사진 + 장면 연속성,중간,/mnt/data/ABF-303_photo_verified_retranslation/ABF-303.final-photo-verified-retranslated-ko.v1.changes.csv
그렇구나.,손 정말 잘 쓰네.,일본어 원문 + 타임스탬프 사진 + 장면 연속성,높음,/mnt/data/ABF-303_photo_verified_retranslation/ABF-303.final-photo-verified-retranslated-ko.v1.changes.csv
"8,200엔.","오, 잘한다.",일본어 원문 + 타임스탬프 사진 + 장면 연속성,높음,/mnt/data/ABF-303_photo_verified_retranslation/ABF-303.final-photo-verified-retranslated-ko.v1.changes.csv
"8,200엔.",나올 것 같아.,일본어 원문 + 타임스탬프 사진 + 장면 연속성,중간,/mnt/data/ABF-303_photo_verified_retranslation/ABF-303.final-photo-verified-retranslated-ko.v1.changes.csv
별채가 따로 있네.,조금 취한 거 아니야?,일본어 원문 + 타임스탬프 사진 + 장면 연속성,높음,/mnt/data/ABF-303_photo_verified_retranslation/ABF-303.final-photo-verified-retranslated-ko.v1.changes.csv
별채도 있어.,많이 하고 있지?,일본어 원문 + 타임스탬프 사진 + 장면 연속성,중간,/mnt/data/ABF-303_photo_verified_retranslation/ABF-303.final-photo-verified-retranslated-ko.v1.changes.csv
알 것 같아.,조금만 더 해 줘.,일본어 원문 + 타임스탬프 사진 + 장면 연속성,중간,/mnt/data/ABF-303_photo_verified_retranslation/ABF-303.final-photo-verified-retranslated-ko.v1.changes.csv
엉덩이를 쑥 내밀고 있어.,엉덩이를 쑥 내밀고 있네.,일본어 원문 대조 + 자연스러운 한국어 대사 교정,높음,/mnt/data/ABF-303_photo_verified_retranslation/ABF-303.final-photo-verified-retranslated-ko.v1.changes.csv
앞에서 때려줘. 때려줬으면 좋겠어.,엉덩이 때려 줘. 맞고 싶어.,손상된 일본어 ASR + 타임스탬프 사진 + 앞뒤 문맥 추론,중간,/mnt/data/ABF-303_photo_verified_retranslation/ABF-303.final-photo-verified-retranslated-ko.v1.changes.csv
힘을 빼고…,힘 빼고…,일본어 원문 대조 + 자연스러운 한국어 대사 교정,높음,/mnt/data/ABF-303_photo_verified_retranslation/ABF-303.final-photo-verified-retranslated-ko.v1.changes.csv
거짓말. 거짓말. 거짓말. 거짓말.,말도 안 돼…,손상된 일본어 ASR + 타임스탬프 사진 + 앞뒤 문맥 추론,중간,/mnt/data/ABF-303_photo_verified_retranslation/ABF-303.final-photo-verified-retranslated-ko.v1.changes.csv
얼굴을 대고 뒤에서 할 수 있어?,얼굴 보이게 뒤에서 해도 돼?,손상된 일본어 ASR + 타임스탬프 사진 + 앞뒤 문맥 추론,중간,/mnt/data/ABF-303_photo_verified_retranslation/ABF-303.final-photo-verified-retranslated-ko.v1.changes.csv
엉덩이를 치면서 하고 있어.,엉덩이를 밀면서 하고 있어.,손상된 일본어 ASR + 타임스탬프 사진 + 앞뒤 문맥 추론,중간,/mnt/data/ABF-303_photo_verified_retranslation/ABF-303.final-photo-verified-retranslated-ko.v1.changes.csv
"아니, 뜨거워.",몸이 뜨거워.,손상된 일본어 ASR + 타임스탬프 사진 + 앞뒤 문맥 추론,중간,/mnt/data/ABF-303_photo_verified_retranslation/ABF-303.final-photo-verified-retranslated-ko.v1.changes.csv
이게 좋아.,이렇게 하는 게 좋아.,손상된 일본어 ASR + 타임스탬프 사진 + 앞뒤 문맥 추론,중간,/mnt/data/ABF-303_photo_verified_retranslation/ABF-303.final-photo-verified-retranslated-ko.v1.changes.csv
그래도 계속 하고 싶어.,그래도 계속하고 싶어.,손상된 일본어 ASR + 타임스탬프 사진 + 앞뒤 문맥 추론,중간,/mnt/data/ABF-303_photo_verified_retranslation/ABF-303.final-photo-verified-retranslated-ko.v1.changes.csv
아직 계속돼?,아직 계속 서 있어?,손상된 일본어 ASR + 타임스탬프 사진 + 앞뒤 문맥 추론,중간,/mnt/data/ABF-303_photo_verified_retranslation/ABF-303.final-photo-verified-retranslated-ko.v1.changes.csv
계속 유지되고 있어!,계속 단단하네!,손상된 일본어 ASR + 타임스탬프 사진 + 앞뒤 문맥 추론,중간,/mnt/data/ABF-303_photo_verified_retranslation/ABF-303.final-photo-verified-retranslated-ko.v1.changes.csv
그다음도 이 정도가 딱 좋아.,그 정도 깊이가 딱 좋아.,손상된 일본어 ASR + 타임스탬프 사진 + 앞뒤 문맥 추론,중간,/mnt/data/ABF-303_photo_verified_retranslation/ABF-303.final-photo-verified-retranslated-ko.v1.changes.csv
이대로 조금 더 해 주세요.,그대로 조금 더 해 줘.,손상된 일본어 ASR + 타임스탬프 사진 + 앞뒤 문맥 추론,중간,/mnt/data/ABF-303_photo_verified_retranslation/ABF-303.final-photo-verified-retranslated-ko.v1.changes.csv
배에 힘을 주세요.,배에 힘 줘.,일본어 원문 대조 + 자연스러운 한국어 대사 교정,높음,/mnt/data/ABF-303_photo_verified_retranslation/ABF-303.final-photo-verified-retranslated-ko.v1.changes.csv
배에 힘을 주세요.,힘 줘.,일본어 원문 대조 + 자연스러운 한국어 대사 교정,높음,/mnt/data/ABF-303_photo_verified_retranslation/ABF-303.final-photo-verified-retranslated-ko.v1.changes.csv
조금 쉴게요.,조금 쉴게.,일본어 원문 대조 + 자연스러운 한국어 대사 교정,높음,/mnt/data/ABF-303_photo_verified_retranslation/ABF-303.final-photo-verified-retranslated-ko.v1.changes.csv
하아… 이제 좀 정신이 드네.,하아… 이제 좀 정신이 들어.,일본어 원문 대조 + 자연스러운 한국어 대사 교정,높음,/mnt/data/ABF-303_photo_verified_retranslation/ABF-303.final-photo-verified-retranslated-ko.v1.changes.csv
대박이다. 장난 아니었어. 엄청나게 좋았어.,대박이었어. 진짜 너무 좋았어.,일본어 원문 대조 + 자연스러운 한국어 대사 교정,높음,/mnt/data/ABF-303_photo_verified_retranslation/ABF-303.final-photo-verified-retranslated-ko.v1.changes.csv
안 남았어?,아직 남아 있어?,손상된 일본어 ASR + 타임스탬프 사진 + 앞뒤 문맥 추론,중간,/mnt/data/ABF-303_photo_verified_retranslation/ABF-303.final-photo-verified-retranslated-ko.v1.changes.csv
남았었을지도.,조금 남았을지도.,손상된 일본어 ASR + 타임스탬프 사진 + 앞뒤 문맥 추론,중간,/mnt/data/ABF-303_photo_verified_retranslation/ABF-303.final-photo-verified-retranslated-ko.v1.changes.csv
이 자세가 좋은가 봐.,신진대사가 좋은가 봐.,일본어 원문 대조 + 자연스러운 한국어 대사 교정,높음,/mnt/data/ABF-303_photo_verified_retranslation/ABF-303.final-photo-verified-retranslated-ko.v1.changes.csv
이 자세가 좋은 거야?,내가 신진대사가 좋은 건가?,일본어 원문 대조 + 자연스러운 한국어 대사 교정,높음,/mnt/data/ABF-303_photo_verified_retranslation/ABF-303.final-photo-verified-retranslated-ko.v1.changes.csv
대단하네.,땀이 엄청나네.,손상된 일본어 ASR + 타임스탬프 사진 + 앞뒤 문맥 추론,중간,/mnt/data/ABF-303_photo_verified_retranslation/ABF-303.final-photo-verified-retranslated-ko.v1.changes.csv
섰어?,다리 폈어?,일본어 원문 대조 + 자연스러운 한국어 대사 교정,높음,/mnt/data/ABF-303_photo_verified_retranslation/ABF-303.final-photo-verified-retranslated-ko.v1.changes.csv
섰어?,쭉 편 거야?,일본어 원문 대조 + 자연스러운 한국어 대사 교정,높음,/mnt/data/ABF-303_photo_verified_retranslation/ABF-303.final-photo-verified-retranslated-ko.v1.changes.csv
섰구나.,"응, 쭉 폈어.",일본어 원문 대조 + 자연스러운 한국어 대사 교정,높음,/mnt/data/ABF-303_photo_verified_retranslation/ABF-303.final-photo-verified-retranslated-ko.v1.changes.csv
"어, 뭐 좀 해 줘.",양치 좀 해 줘.,손상된 일본어 ASR + 타임스탬프 사진 + 앞뒤 문맥 추론,중간,/mnt/data/ABF-303_photo_verified_retranslation/ABF-303.final-photo-verified-retranslated-ko.v1.changes.csv
초밥은?,칫솔은?,일본어 원문 대조 + 자연스러운 한국어 대사 교정,높음,/mnt/data/ABF-303_photo_verified_retranslation/ABF-303.final-photo-verified-retranslated-ko.v1.changes.csv
완전 초보.,입 벌려.,손상된 일본어 ASR + 타임스탬프 사진 + 앞뒤 문맥 추론,중간,/mnt/data/ABF-303_photo_verified_retranslation/ABF-303.final-photo-verified-retranslated-ko.v1.changes.csv
엄마가 닦아줬었어? 응.,어릴 때 엄마가 닦아 줬어? 응.,일본어 원문 대조 + 자연스러운 한국어 대사 교정,높음,/mnt/data/ABF-303_photo_verified_retranslation/ABF-303.final-photo-verified-retranslated-ko.v1.changes.csv
내가 매일 닦아줄 테니까…,그럼 내가 매일 닦아 줄게.,일본어 원문 대조 + 자연스러운 한국어 대사 교정,높음,/mnt/data/ABF-303_photo_verified_retranslation/ABF-303.final-photo-verified-retranslated-ko.v1.changes.csv
괜찮으려나? 왜? 잘 닦이고 있나?,괜찮으려나? 왜? 잘 닦이고 있어?,일본어 원문 대조 + 자연스러운 한국어 대사 교정,높음,/mnt/data/ABF-303_photo_verified_retranslation/ABF-303.final-photo-verified-retranslated-ko.v1.changes.csv
잘 닦이고 있어. 점점 새하얗게 되고 있어.,잘 닦이고 있어. 점점 새하얘지고 있네.,일본어 원문 대조 + 자연스러운 한국어 대사 교정,높음,/mnt/data/ABF-303_photo_verified_retranslation/ABF-303.final-photo-verified-retranslated-ko.v1.changes.csv
치아도 예쁘네.,입 냄새도 상쾌하네.,일본어 원문 대조 + 자연스러운 한국어 대사 교정,높음,/mnt/data/ABF-303_photo_verified_retranslation/ABF-303.final-photo-verified-retranslated-ko.v1.changes.csv
마지막으로 앞니도 닦아 줘.,마지막으로 앞니도 닦자.,일본어 원문 대조 + 자연스러운 한국어 대사 교정,높음,/mnt/data/ABF-303_photo_verified_retranslation/ABF-303.final-photo-verified-retranslated-ko.v1.changes.csv
"좋은 느낌? 응, 좋은 느낌.","괜찮아? 응, 좋아.",일본어 원문 대조 + 자연스러운 한국어 대사 교정,높음,/mnt/data/ABF-303_photo_verified_retranslation/ABF-303.final-photo-verified-retranslated-ko.v1.changes.csv
"이거 할래? 응, 벗기고 싶어.","이것도 해 줄까? 응, 해 줘.",손상된 일본어 ASR + 타임스탬프 사진 + 앞뒤 문맥 추론,중간,/mnt/data/ABF-303_photo_verified_retranslation/ABF-303.final-photo-verified-retranslated-ko.v1.changes.csv
어? 벗기고 싶다고? 응.,해 줬으면 좋겠어? 응.,손상된 일본어 ASR + 타임스탬프 사진 + 앞뒤 문맥 추론,중간,/mnt/data/ABF-303_photo_verified_retranslation/ABF-303.final-photo-verified-retranslated-ko.v1.changes.csv
안 변해? 응.,별로 안 달라 보여? 응.,손상된 일본어 ASR + 타임스탬프 사진 + 앞뒤 문맥 추론,중간,/mnt/data/ABF-303_photo_verified_retranslation/ABF-303.final-photo-verified-retranslated-ko.v1.changes.csv
뭘 떨어뜨렸다면? 응.,뭐 떨어뜨렸어? 응.,손상된 일본어 ASR + 타임스탬프 사진 + 앞뒤 문맥 추론,중간,/mnt/data/ABF-303_photo_verified_retranslation/ABF-303.final-photo-verified-retranslated-ko.v1.changes.csv
클렌징 오일. 응.,클렌징 오일이야. 응.,일본어 원문 대조 + 자연스러운 한국어 대사 교정,높음,/mnt/data/ABF-303_photo_verified_retranslation/ABF-303.final-photo-verified-retranslated-ko.v1.changes.csv
응? 잠깐 기다려…,응? 잠깐만…,일본어 원문 대조 + 자연스러운 한국어 대사 교정,높음,/mnt/data/ABF-303_photo_verified_retranslation/ABF-303.final-photo-verified-retranslated-ko.v1.changes.csv
피부가 쫀득쫀득하네.,피부가 진짜 쫀득쫀득하네.,일본어 원문 대조 + 자연스러운 한국어 대사 교정,높음,/mnt/data/ABF-303_photo_verified_retranslation/ABF-303.final-photo-verified-retranslated-ko.v1.changes.csv
"후후후, 어서 와.","후후후, 차가워!",손상된 일본어 ASR + 타임스탬프 사진 + 앞뒤 문맥 추론,중간,/mnt/data/ABF-303_photo_verified_retranslation/ABF-303.final-photo-verified-retranslated-ko.v1.changes.csv
피부가 쫀득쫀득하네…,피부가 쫀득쫀득해…,일본어 원문 대조 + 자연스러운 한국어 대사 교정,높음,/mnt/data/ABF-303_photo_verified_retranslation/ABF-303.final-photo-verified-retranslated-ko.v1.changes.csv
피부가 쫀득쫀득…,진짜 쫀득쫀득하네.,일본어 원문 대조 + 자연스러운 한국어 대사 교정,높음,/mnt/data/ABF-303_photo_verified_retranslation/ABF-303.final-photo-verified-retranslated-ko.v1.changes.csv
"잠깐, 보여 줘 봐. 잠깐, 이쪽 봐봐. 부끄러워?",잠깐 보여 줘. 이쪽 봐봐. 부끄러워?,일본어 원문 대조 + 자연스러운 한국어 대사 교정,높음,/mnt/data/ABF-303_photo_verified_retranslation/ABF-303.final-photo-verified-retranslated-ko.v1.changes.csv
싫어. 부탁이야.,싫어. 제발.,일본어 원문 대조 + 자연스러운 한국어 대사 교정,높음,/mnt/data/ABF-303_photo_verified_retranslation/ABF-303.final-photo-verified-retranslated-ko.v1.changes.csv
귀여워. 가까워.,귀여워. 너무 가까워.,일본어 원문 대조 + 자연스러운 한국어 대사 교정,높음,/mnt/data/ABF-303_photo_verified_retranslation/ABF-303.final-photo-verified-retranslated-ko.v1.changes.csv
"민낯은 귀여운 계열이네. 에이, 안 귀여워?","민낯은 귀여운 느낌이네. 에이, 안 귀여워?",일본어 원문 대조 + 자연스러운 한국어 대사 교정,높음,/mnt/data/ABF-303_photo_verified_retranslation/ABF-303.final-photo-verified-retranslated-ko.v1.changes.csv
"귀여워, 진짜로.","귀여워, 진짜야.",일본어 원문 대조 + 자연스러운 한국어 대사 교정,높음,/mnt/data/ABF-303_photo_verified_retranslation/ABF-303.final-photo-verified-retranslated-ko.v1.changes.csv
너무 졸리지 않아?,눈썹도 예쁘네. 너무 진하지도 않고.,손상된 일본어 ASR + 타임스탬프 사진 + 앞뒤 문맥 추론,중간,/mnt/data/ABF-303_photo_verified_retranslation/ABF-303.final-photo-verified-retranslated-ko.v1.changes.csv
"이게 뭐야, 어떻게 이렇게 쫀득쫀득해져?",어떻게 이렇게 피부가 쫀득해?,일본어 원문 대조 + 자연스러운 한국어 대사 교정,높음,/mnt/data/ABF-303_photo_verified_retranslation/ABF-303.final-photo-verified-retranslated-ko.v1.changes.csv
화장수 뭔지 알려줘.,무슨 화장수 쓰는지 알려 줘.,일본어 원문 대조 + 자연스러운 한국어 대사 교정,높음,/mnt/data/ABF-303_photo_verified_retranslation/ABF-303.final-photo-verified-retranslated-ko.v1.changes.csv
"어, 예쁜데?",피부 진짜 예쁜데?,일본어 원문 대조 + 자연스러운 한국어 대사 교정,높음,/mnt/data/ABF-303_photo_verified_retranslation/ABF-303.final-photo-verified-retranslated-ko.v1.changes.csv
피부가 밝아졌어.,피부가 더 밝아졌어.,손상된 일본어 ASR + 타임스탬프 사진 + 앞뒤 문맥 추론,중간,/mnt/data/ABF-303_photo_verified_retranslation/ABF-303.final-photo-verified-retranslated-ko.v1.changes.csv
"노는 거 아냐, 아냐.",갖고 노는 거 아니야.,일본어 원문 대조 + 자연스러운 한국어 대사 교정,높음,/mnt/data/ABF-303_photo_verified_retranslation/ABF-303.final-photo-verified-retranslated-ko.v1.changes.csv
엄청나게.,엄청나네.,일본어 원문 대조 + 자연스러운 한국어 대사 교정,높음,/mnt/data/ABF-303_photo_verified_retranslation/ABF-303.final-photo-verified-retranslated-ko.v1.changes.csv
서 있는 거 아냐?,완전히 선 거 아니야?,일본어 원문 대조 + 자연스러운 한국어 대사 교정,높음,/mnt/data/ABF-303_photo_verified_retranslation/ABF-303.final-photo-verified-retranslated-ko.v1.changes.csv
서 있잖아.,완전히 서 있잖아.,일본어 원문 대조 + 자연스러운 한국어 대사 교정,높음,/mnt/data/ABF-303_photo_verified_retranslation/ABF-303.final-photo-verified-retranslated-ko.v1.changes.csv
너무 빳빳한 거 아냐?,너무 단단한 거 아니야?,일본어 원문 대조 + 자연스러운 한국어 대사 교정,높음,/mnt/data/ABF-303_photo_verified_retranslation/ABF-303.final-photo-verified-retranslated-ko.v1.changes.csv
너무 빳빳한 거 아냐?,엄청 단단하네.,일본어 원문 대조 + 자연스러운 한국어 대사 교정,높음,/mnt/data/ABF-303_photo_verified_retranslation/ABF-303.final-photo-verified-retranslated-ko.v1.changes.csv
너무 빳빳하잖아.,계속 단단하잖아.,일본어 원문 대조 + 자연스러운 한국어 대사 교정,높음,/mnt/data/ABF-303_photo_verified_retranslation/ABF-303.final-photo-verified-retranslated-ko.v1.changes.csv
완전 빳빳하지?,완전히 섰지?,일본어 원문 대조 + 자연스러운 한국어 대사 교정,높음,/mnt/data/ABF-303_photo_verified_retranslation/ABF-303.final-photo-verified-retranslated-ko.v1.changes.csv
정말.,정말…,일본어 원문 대조 + 자연스러운 한국어 대사 교정,높음,/mnt/data/ABF-303_photo_verified_retranslation/ABF-303.final-photo-verified-retranslated-ko.v1.changes.csv
좋다고 생각해.,좋은 것 같아.,일본어 원문 대조 + 자연스러운 한국어 대사 교정,높음,/mnt/data/ABF-303_photo_verified_retranslation/ABF-303.final-photo-verified-retranslated-ko.v1.changes.csv
싫은 거야.,싫어?,일본어 원문 대조 + 자연스러운 한국어 대사 교정,높음,/mnt/data/ABF-303_photo_verified_retranslation/ABF-303.final-photo-verified-retranslated-ko.v1.changes.csv
온몸이 엉망이 됐어.,몸에 다 묻었네.,일본어 원문 대조 + 자연스러운 한국어 대사 교정,높음,/mnt/data/ABF-303_photo_verified_retranslation/ABF-303.final-photo-verified-retranslated-ko.v1.changes.csv
"조금만 더… 아, 기분 좋아…","조금만 더… 아, 좋아…",손상된 일본어 ASR + 타임스탬프 사진 + 앞뒤 문맥 추론,중간,/mnt/data/ABF-303_photo_verified_retranslation/ABF-303.final-photo-verified-retranslated-ko.v1.changes.csv
왠지 좀 아쉽네.,벌써 끝나서 조금 아쉽네.,손상된 일본어 ASR + 타임스탬프 사진 + 앞뒤 문맥 추론,중간,/mnt/data/ABF-303_photo_verified_retranslation/ABF-303.final-photo-verified-retranslated-ko.v1.changes.csv
그래도 기분은 좋아요.,그래도 기분 좋았어요.,손상된 일본어 ASR + 타임스탬프 사진 + 앞뒤 문맥 추론,중간,/mnt/data/ABF-303_photo_verified_retranslation/ABF-303.final-photo-verified-retranslated-ko.v1.changes.csv
"또, 먹어볼게요.",다시 빨아 볼게요.,손상된 일본어 ASR + 타임스탬프 사진 + 앞뒤 문맥 추론,중간,/mnt/data/ABF-303_photo_verified_retranslation/ABF-303.final-photo-verified-retranslated-ko.v1.changes.csv
어렵네.,생각보다 어렵네.,손상된 일본어 ASR + 타임스탬프 사진 + 앞뒤 문맥 추론,중간,/mnt/data/ABF-303_photo_verified_retranslation/ABF-303.final-photo-verified-retranslated-ko.v1.changes.csv
잠깐 보고 있어줘.,잠깐 보고 있어 줘.,일본어 원문 대조 + 자연스러운 한국어 대사 교정,높음,/mnt/data/ABF-303_photo_verified_retranslation/ABF-303.final-photo-verified-retranslated-ko.v1.changes.csv
잠깐 보고 있어줘.,그대로 보고 있어 줘.,일본어 원문 대조 + 자연스러운 한국어 대사 교정,높음,/mnt/data/ABF-303_photo_verified_retranslation/ABF-303.final-photo-verified-retranslated-ko.v1.changes.csv
턱에 나와 버려.,턱에 싸 버릴 것 같아.,일본어 원문 대조 + 자연스러운 한국어 대사 교정,높음,/mnt/data/ABF-303_photo_verified_retranslation/ABF-303.final-photo-verified-retranslated-ko.v1.changes.csv
입 안을 보여 줘.,입 안 보여 줘.,일본어 원문 대조 + 자연스러운 한국어 대사 교정,높음,/mnt/data/ABF-303_photo_verified_retranslation/ABF-303.final-photo-verified-retranslated-ko.v1.changes.csv
기뻐.,기쁘다.,일본어 원문 대조 + 자연스러운 한국어 대사 교정,높음,/mnt/data/ABF-303_photo_verified_retranslation/ABF-303.final-photo-verified-retranslated-ko.v1.changes.csv
"봐봐, 꽁냥꽁냥하자.",이리 와. 꽁냥꽁냥하자.,일본어 원문 대조 + 자연스러운 한국어 대사 교정,높음,/mnt/data/ABF-303_photo_verified_retranslation/ABF-303.final-photo-verified-retranslated-ko.v1.changes.csv
아아… 아직 자고 있네.,아… 아직 자고 있네.,일본어 원문 대조 + 자연스러운 한국어 대사 교정,높음,/mnt/data/ABF-303_photo_verified_retranslation/ABF-303.final-photo-verified-retranslated-ko.v1.changes.csv
아직 축축하게 젖어 있네.,아직 축축하네.,일본어 원문 대조 + 자연스러운 한국어 대사 교정,높음,/mnt/data/ABF-303_photo_verified_retranslation/ABF-303.final-photo-verified-retranslated-ko.v1.changes.csv
네 몸은 네가 잘 알지.,네 몸은 네가 제일 잘 알지.,일본어 원문 대조 + 자연스러운 한국어 대사 교정,높음,/mnt/data/ABF-303_photo_verified_retranslation/ABF-303.final-photo-verified-retranslated-ko.v1.changes.csv
그렇게 하면 안쪽이 꽉 차는 것 같아.,그렇게 하니까 안이 꽉 차네.,손상된 일본어 ASR + 타임스탬프 사진 + 앞뒤 문맥 추론,중간,/mnt/data/ABF-303_photo_verified_retranslation/ABF-303.final-photo-verified-retranslated-ko.v1.changes.csv
여기 가까이 와 봐.,조금 더 가까이 와 봐.,손상된 일본어 ASR + 타임스탬프 사진 + 앞뒤 문맥 추론,중간,/mnt/data/ABF-303_photo_verified_retranslation/ABF-303.final-photo-verified-retranslated-ko.v1.changes.csv
이건 좀 대단하네.,"와, 이건 대단하네.",손상된 일본어 ASR + 타임스탬프 사진 + 앞뒤 문맥 추론,중간,/mnt/data/ABF-303_photo_verified_retranslation/ABF-303.final-photo-verified-retranslated-ko.v1.changes.csv
나도 어떻게 됐는지 보고 싶어.,나도 어떻게 되는지 보고 싶어.,손상된 일본어 ASR + 타임스탬프 사진 + 앞뒤 문맥 추론,중간,/mnt/data/ABF-303_photo_verified_retranslation/ABF-303.final-photo-verified-retranslated-ko.v1.changes.csv
여기서 뭘 보여 줄까?,뭘 보여 줄까?,손상된 일본어 ASR + 타임스탬프 사진 + 앞뒤 문맥 추론,중간,/mnt/data/ABF-303_photo_verified_retranslation/ABF-303.final-photo-verified-retranslated-ko.v1.changes.csv
축축하게 나오고 있어.,계속 축축하게 나오네.,일본어 원문 대조 + 자연스러운 한국어 대사 교정,높음,/mnt/data/ABF-303_photo_verified_retranslation/ABF-303.final-photo-verified-retranslated-ko.v1.changes.csv
뭘 찍게 한 거야?,뭘 찍은 거야?,손상된 일본어 ASR + 타임스탬프 사진 + 앞뒤 문맥 추론,중간,/mnt/data/ABF-303_photo_verified_retranslation/ABF-303.final-photo-verified-retranslated-ko.v1.changes.csv
"벌려봐, 스스로.",스스로 벌려 봐.,일본어 원문 대조 + 자연스러운 한국어 대사 교정,높음,/mnt/data/ABF-303_photo_verified_retranslation/ABF-303.final-photo-verified-retranslated-ko.v1.changes.csv
가지고 있어?,집에 가지고 있어?,일본어 원문 대조 + 자연스러운 한국어 대사 교정,높음,/mnt/data/ABF-303_photo_verified_retranslation/ABF-303.final-photo-verified-retranslated-ko.v1.changes.csv
성인용품은 어떤 걸 가지고 있어?,어떤 성인용품 가지고 있어?,일본어 원문 대조 + 자연스러운 한국어 대사 교정,높음,/mnt/data/ABF-303_photo_verified_retranslation/ABF-303.final-photo-verified-retranslated-ko.v1.changes.csv
평소에 어느 정도 하는 거야?,평소엔 얼마나 자주 해?,일본어 원문 대조 + 자연스러운 한국어 대사 교정,높음,/mnt/data/ABF-303_photo_verified_retranslation/ABF-303.final-photo-verified-retranslated-ko.v1.changes.csv
스스로 쥐고 있어?,네가 직접 잡고 있어?,일본어 원문 대조 + 자연스러운 한국어 대사 교정,높음,/mnt/data/ABF-303_photo_verified_retranslation/ABF-303.final-photo-verified-retranslated-ko.v1.changes.csv
어느 부위에 대고 있는 거야?,어디에 대고 있는 거야?,일본어 원문 대조 + 자연스러운 한국어 대사 교정,높음,/mnt/data/ABF-303_photo_verified_retranslation/ABF-303.final-photo-verified-retranslated-ko.v1.changes.csv
완전히 고개를 돌리네.,완전히 얼굴을 돌리네.,손상된 일본어 ASR + 타임스탬프 사진 + 앞뒤 문맥 추론,중간,/mnt/data/ABF-303_photo_verified_retranslation/ABF-303.final-photo-verified-retranslated-ko.v1.changes.csv
이거 가지고 있어?,이런 거 가지고 있어?,일본어 원문 대조 + 자연스러운 한국어 대사 교정,높음,/mnt/data/ABF-303_photo_verified_retranslation/ABF-303.final-photo-verified-retranslated-ko.v1.changes.csv
완전히 얼굴을 돌리고 있어.,완전히 얼굴 돌렸네.,일본어 원문 대조 + 자연스러운 한국어 대사 교정,높음,/mnt/data/ABF-303_photo_verified_retranslation/ABF-303.final-photo-verified-retranslated-ko.v1.changes.csv
몸이 떨리는 거 보여?,몸 떨리는 거 보여?,손상된 일본어 ASR + 타임스탬프 사진 + 앞뒤 문맥 추론,중간,/mnt/data/ABF-303_photo_verified_retranslation/ABF-303.final-photo-verified-retranslated-ko.v1.changes.csv
깊이 들어왔어.,엄청 깊이 들어갔어.,손상된 일본어 ASR + 타임스탬프 사진 + 앞뒤 문맥 추론,중간,/mnt/data/ABF-303_photo_verified_retranslation/ABF-303.final-photo-verified-retranslated-ko.v1.changes.csv
안쪽이 계속 조이고 있어.,안쪽이 계속 조여.,손상된 일본어 ASR + 타임스탬프 사진 + 앞뒤 문맥 추론,중간,/mnt/data/ABF-303_photo_verified_retranslation/ABF-303.final-photo-verified-retranslated-ko.v1.changes.csv
"자지는 안 넣을 거야, 그 근처로만 갈게.",아직 자지는 안 넣을 거야. 그 근처만 자극할게.,손상된 일본어 ASR + 타임스탬프 사진 + 앞뒤 문맥 추론,중간,/mnt/data/ABF-303_photo_verified_retranslation/ABF-303.final-photo-verified-retranslated-ko.v1.changes.csv
어느 쪽이야?,어디가 좋아?,손상된 일본어 ASR + 타임스탬프 사진 + 앞뒤 문맥 추론,중간,/mnt/data/ABF-303_photo_verified_retranslation/ABF-303.final-photo-verified-retranslated-ko.v1.changes.csv
좋지?,여기 좋지?,일본어 원문 대조 + 자연스러운 한국어 대사 교정,높음,/mnt/data/ABF-303_photo_verified_retranslation/ABF-303.final-photo-verified-retranslated-ko.v1.changes.csv
자지는 다음에 넣자.,자지는 조금 있다가 넣자.,손상된 일본어 ASR + 타임스탬프 사진 + 앞뒤 문맥 추론,중간,/mnt/data/ABF-303_photo_verified_retranslation/ABF-303.final-photo-verified-retranslated-ko.v1.changes.csv
바이브레이터도 있으면 좋지 않아?,바이브레이터도 같이 쓰면 좋겠지?,일본어 원문 대조 + 자연스러운 한국어 대사 교정,높음,/mnt/data/ABF-303_photo_verified_retranslation/ABF-303.final-photo-verified-retranslated-ko.v1.changes.csv
자지 안 넣을 거야.,아직은 안 넣을 거야.,손상된 일본어 ASR + 타임스탬프 사진 + 앞뒤 문맥 추론,중간,/mnt/data/ABF-303_photo_verified_retranslation/ABF-303.final-photo-verified-retranslated-ko.v1.changes.csv
괜찮아.,"응, 괜찮아.",일본어 원문 대조 + 자연스러운 한국어 대사 교정,높음,/mnt/data/ABF-303_photo_verified_retranslation/ABF-303.final-photo-verified-retranslated-ko.v1.changes.csv
옆으로 돌아누워 주세요.,옆으로 돌아누워 줘.,일본어 원문 대조 + 자연스러운 한국어 대사 교정,높음,/mnt/data/ABF-303_photo_verified_retranslation/ABF-303.final-photo-verified-retranslated-ko.v1.changes.csv
허리를 조금 들어 주세요.,허리를 조금 들어 줘.,일본어 원문 대조 + 자연스러운 한국어 대사 교정,높음,/mnt/data/ABF-303_photo_verified_retranslation/ABF-303.final-photo-verified-retranslated-ko.v1.changes.csv
잠깐만요…,잠깐만…,일본어 원문 대조 + 자연스러운 한국어 대사 교정,높음,/mnt/data/ABF-303_photo_verified_retranslation/ABF-303.final-photo-verified-retranslated-ko.v1.changes.csv
힘 빼세요.,힘 빼.,일본어 원문 대조 + 자연스러운 한국어 대사 교정,높음,/mnt/data/ABF-303_photo_verified_retranslation/ABF-303.final-photo-verified-retranslated-ko.v1.changes.csv
긴장 풀어요.,긴장 풀어.,일본어 원문 대조 + 자연스러운 한국어 대사 교정,높음,/mnt/data/ABF-303_photo_verified_retranslation/ABF-303.final-photo-verified-retranslated-ko.v1.changes.csv
싫다고 해도 나와 버려.,싫다고 해도 또 나와 버려.,손상된 일본어 ASR + 타임스탬프 사진 + 앞뒤 문맥 추론,중간,/mnt/data/ABF-303_photo_verified_retranslation/ABF-303.final-photo-verified-retranslated-ko.v1.changes.csv
더 세게 해 줘.,더 세게.,일본어 원문 대조 + 자연스러운 한국어 대사 교정,높음,/mnt/data/ABF-303_photo_verified_retranslation/ABF-303.final-photo-verified-retranslated-ko.v1.changes.csv
잠깐만… 배에 싸 주세요.,잠깐만… 배에 싸 줘.,손상된 일본어 ASR + 타임스탬프 사진 + 앞뒤 문맥 추론,중간,/mnt/data/ABF-303_photo_verified_retranslation/ABF-303.final-photo-verified-retranslated-ko.v1.changes.csv
지금 스스로 손을 집어넣은 거지?,지금 네가 직접 손가락 넣은 거지?,손상된 일본어 ASR + 타임스탬프 사진 + 앞뒤 문맥 추론,중간,/mnt/data/ABF-303_photo_verified_retranslation/ABF-303.final-photo-verified-retranslated-ko.v1.changes.csv
하아 역시.,하아… 역시.,일본어 원문 대조 + 자연스러운 한국어 대사 교정,높음,/mnt/data/ABF-303_photo_verified_retranslation/ABF-303.final-photo-verified-retranslated-ko.v1.changes.csv
하아 기분 좋아.,"하아, 기분 좋아.",일본어 원문 대조 + 자연스러운 한국어 대사 교정,높음,/mnt/data/ABF-303_photo_verified_retranslation/ABF-303.final-photo-verified-retranslated-ko.v1.changes.csv
"하아, 들어가 버려.",하아… 들어가.,일본어 원문 대조 + 자연스러운 한국어 대사 교정,높음,/mnt/data/ABF-303_photo_verified_retranslation/ABF-303.final-photo-verified-retranslated-ko.v1.changes.csv
왜 자꾸 이러는 거예요…?,왜 자꾸 그러는 거예요…?,손상된 일본어 ASR + 타임스탬프 사진 + 앞뒤 문맥 추론,중간,/mnt/data/ABF-303_photo_verified_retranslation/ABF-303.final-photo-verified-retranslated-ko.v1.changes.csv
"아프고, 아프고, 아프고.",아파… 아파…,일본어 원문 대조 + 자연스러운 한국어 대사 교정,높음,/mnt/data/ABF-303_photo_verified_retranslation/ABF-303.final-photo-verified-retranslated-ko.v1.changes.csv
빼낸 적이 있었나?,아까 뺐던가?,손상된 일본어 ASR + 타임스탬프 사진 + 앞뒤 문맥 추론,중간,/mnt/data/ABF-303_photo_verified_retranslation/ABF-303.final-photo-verified-retranslated-ko.v1.changes.csv
졸려… 기분 좋아…,졸려… 그래도 기분 좋아…,일본어 원문 대조 + 자연스러운 한국어 대사 교정,높음,/mnt/data/ABF-303_photo_verified_retranslation/ABF-303.final-photo-verified-retranslated-ko.v1.changes.csv
아… 기분 좋아. 아… 거기 거기.,"아… 좋아. 거기, 거기.",일본어 원문 대조 + 자연스러운 한국어 대사 교정,높음,/mnt/data/ABF-303_photo_verified_retranslation/ABF-303.final-photo-verified-retranslated-ko.v1.changes.csv
"싫어, 아… 아… 아…",싫어… 아… 아…,일본어 원문 대조 + 자연스러운 한국어 대사 교정,높음,/mnt/data/ABF-303_photo_verified_retranslation/ABF-303.final-photo-verified-retranslated-ko.v1.changes.csv
스스로 좋은 곳을 찾아 봐요.,네가 직접 좋은 곳을 찾아 봐.,손상된 일본어 ASR + 타임스탬프 사진 + 앞뒤 문맥 추론,중간,/mnt/data/ABF-303_photo_verified_retranslation/ABF-303.final-photo-verified-retranslated-ko.v1.changes.csv
들키면 안 돼.,소리 내면 안 돼.,손상된 일본어 ASR + 타임스탬프 사진 + 앞뒤 문맥 추론,중간,/mnt/data/ABF-303_photo_verified_retranslation/ABF-303.final-photo-verified-retranslated-ko.v1.changes.csv
하아… 숨 좀 쉬자.,하아… 숨 좀 돌리자.,손상된 일본어 ASR + 타임스탬프 사진 + 앞뒤 문맥 추론,중간,/mnt/data/ABF-303_photo_verified_retranslation/ABF-303.final-photo-verified-retranslated-ko.v1.changes.csv
"자, 여기요…","자, 여기…",손상된 일본어 ASR + 타임스탬프 사진 + 앞뒤 문맥 추론,중간,/mnt/data/ABF-303_photo_verified_retranslation/ABF-303.final-photo-verified-retranslated-ko.v1.changes.csv
그만둬 버릴까?,그만할까?,손상된 일본어 ASR + 타임스탬프 사진 + 앞뒤 문맥 추론,중간,/mnt/data/ABF-303_photo_verified_retranslation/ABF-303.final-photo-verified-retranslated-ko.v1.changes.csv
그만할 거야.,진짜 그만할 거야.,손상된 일본어 ASR + 타임스탬프 사진 + 앞뒤 문맥 추론,중간,/mnt/data/ABF-303_photo_verified_retranslation/ABF-303.final-photo-verified-retranslated-ko.v1.changes.csv
좋네.,좋아.,일본어 원문 대조 + 자연스러운 한국어 대사 교정,높음,/mnt/data/ABF-303_photo_verified_retranslation/ABF-303.final-photo-verified-retranslated-ko.v1.changes.csv
숨쉬기 힘들어…,하아… 숨이 안 쉬어져.,손상된 일본어 ASR + 타임스탬프 사진 + 앞뒤 문맥 추론,중간,/mnt/data/ABF-303_photo_verified_retranslation/ABF-303.final-photo-verified-retranslated-ko.v1.changes.csv
탕에 들어갈래?,같이 들어갈래?,일본어 원문 대조 + 자연스러운 한국어 대사 교정,높음,/mnt/data/ABF-303_photo_verified_retranslation/ABF-303.final-photo-verified-retranslated-ko.v1.changes.csv
오늘 진짜 엄청 했네.,오늘 진짜 실컷 했네.,일본어 원문 대조 + 자연스러운 한국어 대사 교정,높음,/mnt/data/ABF-303_photo_verified_retranslation/ABF-303.final-photo-verified-retranslated-ko.v1.changes.csv
"아, 바꿔 주세요.",후와 카에데입니다.,사진 장면 확인 및 한국어 번역투·ASR 오역 교정,높음,/mnt/data/SSIS_908_652_photo_guided_retranslation/SSIS-652.final-photo-guided-retranslated-ko.v1.changes.csv
"M-O 군을 괴롭혔는데, 정말 기분 좋아해 줬고 사정도 여러 번 시킬 수 있어서 좋았어요.","M-O 군을 괴롭혔는데 정말 좋아해 줬고, 여러 번 싸게 할 수 있어서 좋았어요.",사진 장면 확인 및 한국어 번역투·ASR 오역 교정,높음,/mnt/data/SSIS_908_652_photo_guided_retranslation/SSIS-652.final-photo-guided-retranslated-ko.v1.changes.csv
오늘 기획은 요즘 S1에서 하는 1박 2일 숙박물이죠.,오늘 기획은 요즘 S1에서 많이 하는 1박 2일 숙박 촬영이죠.,사진 장면 확인 및 한국어 번역투·ASR 오역 교정,높음,/mnt/data/SSIS_908_652_photo_guided_retranslation/SSIS-652.final-photo-guided-retranslated-ko.v1.changes.csv
"몇 번 싸게 한 다음 욕실에서 같이 씻었어요. 이제 무리라고 했는데도 또 해 줘서, 나름 성공한 것 같아요.",몇 번 싸게 한 다음 욕실에서 같이 씻었어요. 이제 무리라는데도 한 번 더 해서 만족했어요.,사진 장면 확인 및 한국어 번역투·ASR 오역 교정,높음,/mnt/data/SSIS_908_652_photo_guided_retranslation/SSIS-652.final-photo-guided-retranslated-ko.v1.changes.csv
요즘은 암반욕이나 사우나에 가는 거예요.,요즘 빠져 있는 건 암반욕이나 사우나예요.,사진 장면 확인 및 한국어 번역투·ASR 오역 교정,높음,/mnt/data/SSIS_908_652_photo_guided_retranslation/SSIS-652.final-photo-guided-retranslated-ko.v1.changes.csv
채소와 과일이요.,좋아하는 음식은 채소와 과일이에요.,사진 장면 확인 및 한국어 번역투·ASR 오역 교정,높음,/mnt/data/SSIS_908_652_photo_guided_retranslation/SSIS-652.final-photo-guided-retranslated-ko.v1.changes.csv
그런 음식은 없어요.,싫어하는 음식은 딱히 없어요.,사진 장면 확인 및 한국어 번역투·ASR 오역 교정,높음,/mnt/data/SSIS_908_652_photo_guided_retranslation/SSIS-652.final-photo-guided-retranslated-ko.v1.changes.csv
"제 타입은 다정하고 재미있고, 이야기를 잘 들어주는 사람이에요.","이상형은 다정하고 재미있고, 제 이야기를 잘 들어주는 사람이에요.",사진 장면 확인 및 한국어 번역투·ASR 오역 교정,높음,/mnt/data/SSIS_908_652_photo_guided_retranslation/SSIS-652.final-photo-guided-retranslated-ko.v1.changes.csv
고등학교 2학년 때요.,첫 경험은 고등학교 2학년 때였어요.,사진 장면 확인 및 한국어 번역투·ASR 오역 교정,높음,/mnt/data/SSIS_908_652_photo_guided_retranslation/SSIS-652.final-photo-guided-retranslated-ko.v1.changes.csv
친구 커플이 옆에 있는 곳에서요.,친구 커플이 옆방에 있었어요.,사진 장면 확인 및 한국어 번역투·ASR 오역 교정,높음,/mnt/data/SSIS_908_652_photo_guided_retranslation/SSIS-652.final-photo-guided-retranslated-ko.v1.changes.csv
그래도 지금 일을 오래 계속할 수 있도록요.,지금 일을 오래 계속하는 게 목표예요.,사진 장면 확인 및 한국어 번역투·ASR 오역 교정,높음,/mnt/data/SSIS_908_652_photo_guided_retranslation/SSIS-652.final-photo-guided-retranslated-ko.v1.changes.csv
제가 주도한 다른 작품도 있지만 이번 작품은 달라요.,"제가 주도한 작품도 있었지만, 이번 작품은 분위기가 조금 달라요.",사진 장면 확인 및 한국어 번역투·ASR 오역 교정,높음,/mnt/data/SSIS_908_652_photo_guided_retranslation/SSIS-652.final-photo-guided-retranslated-ko.v1.changes.csv
이번 작품에는 실제로 넣는 장면도 있어요.,이번에는 실제로 삽입하는 장면도 있어요.,사진 장면 확인 및 한국어 번역투·ASR 오역 교정,높음,/mnt/data/SSIS_908_652_photo_guided_retranslation/SSIS-652.final-photo-guided-retranslated-ko.v1.changes.csv
그런 장면도 꼭 봐 주셨으면 해요.,그 장면도 꼭 봐 주셨으면 해요.,사진 장면 확인 및 한국어 번역투·ASR 오역 교정,높음,/mnt/data/SSIS_908_652_photo_guided_retranslation/SSIS-652.final-photo-guided-retranslated-ko.v1.changes.csv
보는 분들도 제가 상대하는 기분을 느껴 주셨으면 해요.,보는 분들도 제가 상대해 주는 기분을 느껴 주셨으면 좋겠어요.,사진 장면 확인 및 한국어 번역투·ASR 오역 교정,높음,/mnt/data/SSIS_908_652_photo_guided_retranslation/SSIS-652.final-photo-guided-retranslated-ko.v1.changes.csv
기쁠 것 같아요.,그러면 기쁠 것 같아요.,사진 장면 확인 및 한국어 번역투·ASR 오역 교정,높음,/mnt/data/SSIS_908_652_photo_guided_retranslation/SSIS-652.final-photo-guided-retranslated-ko.v1.changes.csv
그러니까 아직 안 왔어요.,아직 안 왔네요.,사진 장면 확인 및 한국어 번역투·ASR 오역 교정,높음,/mnt/data/SSIS_908_652_photo_guided_retranslation/SSIS-652.final-photo-guided-retranslated-ko.v1.changes.csv
이 건물 안에 있나 봐요. 그렇네요. 저쪽에 엘리베이터가 있고 위로 올라가면 수족관에 펭귄이 있어요. 저 펭귄 정말 좋아해요.,건물 안으로 들어가 엘리베이터를 타면 위층에 수족관이 있어요. 저는 펭귄을 좋아해요.,사진 장면 확인 및 한국어 번역투·ASR 오역 교정,높음,/mnt/data/SSIS_908_652_photo_guided_retranslation/SSIS-652.final-photo-guided-retranslated-ko.v1.changes.csv
펭귄 정말 좋아해요. 귀엽지 않아요? 걷는 모습이 귀여워요.,펭귄이 정말 귀엽지 않아요? 걷는 모습이 특히 귀여워요.,사진 장면 확인 및 한국어 번역투·ASR 오역 교정,높음,/mnt/data/SSIS_908_652_photo_guided_retranslation/SSIS-652.final-photo-guided-retranslated-ko.v1.changes.csv
한 번.,일단 올라가 볼게요.,사진 장면 확인 및 한국어 번역투·ASR 오역 교정,높음,/mnt/data/SSIS_908_652_photo_guided_retranslation/SSIS-652.final-photo-guided-retranslated-ko.v1.changes.csv
이 층은 앞서 안내드린 곳입니다. 위로 올라가겠습니다.,"이쪽은 앞서 안내한 층이고, 한 층 더 올라가겠습니다.",사진 장면 확인 및 한국어 번역투·ASR 오역 교정,높음,/mnt/data/SSIS_908_652_photo_guided_retranslation/SSIS-652.final-photo-guided-retranslated-ko.v1.changes.csv
여기서 자고 있어?,땀나고 있어?,사진 장면 확인 및 한국어 번역투·ASR 오역 교정,높음,/mnt/data/SSIS_908_652_photo_guided_retranslation/SSIS-652.final-photo-guided-retranslated-ko.v1.changes.csv
자고 있어?,땀나?,사진 장면 확인 및 한국어 번역투·ASR 오역 교정,높음,/mnt/data/SSIS_908_652_photo_guided_retranslation/SSIS-652.final-photo-guided-retranslated-ko.v1.changes.csv
더워요.,정말 덥네요.,사진 장면 확인 및 한국어 번역투·ASR 오역 교정,높음,/mnt/data/SSIS_908_652_photo_guided_retranslation/SSIS-652.final-photo-guided-retranslated-ko.v1.changes.csv
여기서 하는 건 역시 좋아.,역시 가까이서 보니까 좋네요.,사진 장면 확인 및 한국어 번역투·ASR 오역 교정,높음,/mnt/data/SSIS_908_652_photo_guided_retranslation/SSIS-652.final-photo-guided-retranslated-ko.v1.changes.csv
누가 보면 흐트러져 버리겠어.,계속 보고 있으면 빠져들 것 같아.,사진 장면 확인 및 한국어 번역투·ASR 오역 교정,높음,/mnt/data/SSIS_908_652_photo_guided_retranslation/SSIS-652.final-photo-guided-retranslated-ko.v1.changes.csv
"들켰다, 들켰어.",들켰다.,사진 장면 확인 및 한국어 번역투·ASR 오역 교정,높음,/mnt/data/SSIS_908_652_photo_guided_retranslation/SSIS-652.final-photo-guided-retranslated-ko.v1.changes.csv
스르륵 돌아서.,빙글 돌아가네.,사진 장면 확인 및 한국어 번역투·ASR 오역 교정,높음,/mnt/data/SSIS_908_652_photo_guided_retranslation/SSIS-652.final-photo-guided-retranslated-ko.v1.changes.csv
안 입었어.,안 보이네.,사진 장면 확인 및 한국어 번역투·ASR 오역 교정,높음,/mnt/data/SSIS_908_652_photo_guided_retranslation/SSIS-652.final-photo-guided-retranslated-ko.v1.changes.csv
몸을 만져 보고 싶었어요.,한번 만져 보고 싶었어요.,사진 장면 확인 및 한국어 번역투·ASR 오역 교정,높음,/mnt/data/SSIS_908_652_photo_guided_retranslation/SSIS-652.final-photo-guided-retranslated-ko.v1.changes.csv
한 번.,일단 내려가 볼게요.,사진 장면 확인 및 한국어 번역투·ASR 오역 교정,높음,/mnt/data/SSIS_908_652_photo_guided_retranslation/SSIS-652.final-photo-guided-retranslated-ko.v1.changes.csv
튜브가 좀 그랬으니까.,아까 사람이 좀 많았으니까.,사진 장면 확인 및 한국어 번역투·ASR 오역 교정,높음,/mnt/data/SSIS_908_652_photo_guided_retranslation/SSIS-652.final-photo-guided-retranslated-ko.v1.changes.csv
튜브?,사람이요?,사진 장면 확인 및 한국어 번역투·ASR 오역 교정,높음,/mnt/data/SSIS_908_652_photo_guided_retranslation/SSIS-652.final-photo-guided-retranslated-ko.v1.changes.csv
더 하고 싶었어요.,조금 더 보고 싶었어요.,사진 장면 확인 및 한국어 번역투·ASR 오역 교정,높음,/mnt/data/SSIS_908_652_photo_guided_retranslation/SSIS-652.final-photo-guided-retranslated-ko.v1.changes.csv
안 돼.,"네, 놀랐어요.",타임스탬프 사진과 앞뒤 장면으로 대사 기능 복원,중간,/mnt/data/SSIS_908_652_photo_guided_retranslation/SSIS-652.final-photo-guided-retranslated-ko.v1.changes.csv
여기에.,갑자기 여기서…,타임스탬프 사진과 앞뒤 장면으로 대사 기능 복원,중간,/mnt/data/SSIS_908_652_photo_guided_retranslation/SSIS-652.final-photo-guided-retranslated-ko.v1.changes.csv
이럴 때 가는 거야.,키스할 줄은 몰랐어요.,타임스탬프 사진과 앞뒤 장면으로 대사 기능 복원,중간,/mnt/data/SSIS_908_652_photo_guided_retranslation/SSIS-652.final-photo-guided-retranslated-ko.v1.changes.csv
남자 좋아하세요?,그래도 싫지는 않았죠?,타임스탬프 사진과 앞뒤 장면으로 대사 기능 복원,중간,/mnt/data/SSIS_908_652_photo_guided_retranslation/SSIS-652.final-photo-guided-retranslated-ko.v1.changes.csv
쉽게 걸려들지 않는 곳.,"네, 싫진 않았어요.",타임스탬프 사진과 앞뒤 장면으로 대사 기능 복원,중간,/mnt/data/SSIS_908_652_photo_guided_retranslation/SSIS-652.final-photo-guided-retranslated-ko.v1.changes.csv
깜짝 놀랐어.,정말 놀랐어요.,타임스탬프 사진과 앞뒤 장면으로 대사 기능 복원,중간,/mnt/data/SSIS_908_652_photo_guided_retranslation/SSIS-652.final-photo-guided-retranslated-ko.v1.changes.csv
좀 더 잠수해도 돼요?,조금 더 내려가도 돼요?,타임스탬프 사진과 앞뒤 장면으로 대사 기능 복원,중간,/mnt/data/SSIS_908_652_photo_guided_retranslation/SSIS-652.final-photo-guided-retranslated-ko.v1.changes.csv
"네, 메가.","네, 괜찮아요.",타임스탬프 사진과 앞뒤 장면으로 대사 기능 복원,중간,/mnt/data/SSIS_908_652_photo_guided_retranslation/SSIS-652.final-photo-guided-retranslated-ko.v1.changes.csv
쇼핑. 느낌 괜찮아? 그러게.,쇼핑도 즐거웠어요. 분위기도 좋았고요.,사진 장면 확인 및 한국어 번역투·ASR 오역 교정,높음,/mnt/data/SSIS_908_652_photo_guided_retranslation/SSIS-652.final-photo-guided-retranslated-ko.v1.changes.csv
"호텔, 아, 참고로 말이죠. 네, 가 볼게요.","그럼 이제 호텔로 갈까요? 네, 가요.",사진 장면 확인 및 한국어 번역투·ASR 오역 교정,높음,/mnt/data/SSIS_908_652_photo_guided_retranslation/SSIS-652.final-photo-guided-retranslated-ko.v1.changes.csv
토헤산?,이거 샴페인이에요?,사진 장면 확인 및 한국어 번역투·ASR 오역 교정,높음,/mnt/data/SSIS_908_652_photo_guided_retranslation/SSIS-652.final-photo-guided-retranslated-ko.v1.changes.csv
샴페인이 뭐라고?,샴페인 이름이 뭐였지?,사진 장면 확인 및 한국어 번역투·ASR 오역 교정,높음,/mnt/data/SSIS_908_652_photo_guided_retranslation/SSIS-652.final-photo-guided-retranslated-ko.v1.changes.csv
토헤산을 마시고 있어.,이거 마셔 보고 싶었어요.,사진 장면 확인 및 한국어 번역투·ASR 오역 교정,높음,/mnt/data/SSIS_908_652_photo_guided_retranslation/SSIS-652.final-photo-guided-retranslated-ko.v1.changes.csv
평소에도 샴페인을 마셔서 알아요.,평소에도 샴페인을 마셔 봐서 알아요.,사진 장면 확인 및 한국어 번역투·ASR 오역 교정,높음,/mnt/data/SSIS_908_652_photo_guided_retranslation/SSIS-652.final-photo-guided-retranslated-ko.v1.changes.csv
"그럭저럭, 가끔. 정말 의외인데. 혼자서? 혼자서. 게다가 혼자서. 집에서 말이야. 맛은 잘 모르지만. 좋잖아.",가끔 마셔요. 의외죠? 집에서 혼자 마실 때도 있어요.,사진 장면 확인 및 한국어 번역투·ASR 오역 교정,높음,/mnt/data/SSIS_908_652_photo_guided_retranslation/SSIS-652.final-photo-guided-retranslated-ko.v1.changes.csv
술은 혼자서는 안 마시는데. 혼자서는 안 마시는데.,그래도 혼자서는 자주 안 마셔요.,사진 장면 확인 및 한국어 번역투·ASR 오역 교정,높음,/mnt/data/SSIS_908_652_photo_guided_retranslation/SSIS-652.final-photo-guided-retranslated-ko.v1.changes.csv
전부 다 그러면 큰일이지. 그렇지 않아.,다 그러면 큰일 나죠. 저는 안 가요.,사진 장면 확인 및 한국어 번역투·ASR 오역 교정,높음,/mnt/data/SSIS_908_652_photo_guided_retranslation/SSIS-652.final-photo-guided-retranslated-ko.v1.changes.csv
"보통일 거야, 아마.","술은 보통 정도예요, 아마.",사진 장면 확인 및 한국어 번역투·ASR 오역 교정,높음,/mnt/data/SSIS_908_652_photo_guided_retranslation/SSIS-652.final-photo-guided-retranslated-ko.v1.changes.csv
"숨 쉬어, 이따가.",조금씩 마셔. 천천히.,사진 장면 확인 및 한국어 번역투·ASR 오역 교정,높음,/mnt/data/SSIS_908_652_photo_guided_retranslation/SSIS-652.final-photo-guided-retranslated-ko.v1.changes.csv
숨은 전혀 안 차네.,아직 전혀 안 취했네.,사진 장면 확인 및 한국어 번역투·ASR 오역 교정,높음,/mnt/data/SSIS_908_652_photo_guided_retranslation/SSIS-652.final-photo-guided-retranslated-ko.v1.changes.csv
로지로.,간지러워.,사진 장면 확인 및 한국어 번역투·ASR 오역 교정,높음,/mnt/data/SSIS_908_652_photo_guided_retranslation/SSIS-652.final-photo-guided-retranslated-ko.v1.changes.csv
로지?,간지러워?,사진 장면 확인 및 한국어 번역투·ASR 오역 교정,높음,/mnt/data/SSIS_908_652_photo_guided_retranslation/SSIS-652.final-photo-guided-retranslated-ko.v1.changes.csv
"귀여워서 긴장이 많이 풀렸으니까, 소리 내 봐.",긴장도 풀렸으니까 소리 내도 돼.,사진 장면 확인 및 한국어 번역투·ASR 오역 교정,높음,/mnt/data/SSIS_908_652_photo_guided_retranslation/SSIS-652.final-photo-guided-retranslated-ko.v1.changes.csv
소리 내면 멈춰 버렸어.,소리 내니까 멈췄네.,사진 장면 확인 및 한국어 번역투·ASR 오역 교정,높음,/mnt/data/SSIS_908_652_photo_guided_retranslation/SSIS-652.final-photo-guided-retranslated-ko.v1.changes.csv
"그래, 붙잡아 버리니까 어떡하지.",붙잡으면 움직일 수가 없잖아.,사진 장면 확인 및 한국어 번역투·ASR 오역 교정,높음,/mnt/data/SSIS_908_652_photo_guided_retranslation/SSIS-652.final-photo-guided-retranslated-ko.v1.changes.csv
이제 꽤 했으니 잠깐 쉬어요.,이제 꽤 했으니 잠깐 쉬자.,사진 장면 확인 및 한국어 번역투·ASR 오역 교정,높음,/mnt/data/SSIS_908_652_photo_guided_retranslation/SSIS-652.final-photo-guided-retranslated-ko.v1.changes.csv
너무 많이 지워 버렸어.,엄청 젖어 버렸어.,사진 장면 확인 및 한국어 번역투·ASR 오역 교정,높음,/mnt/data/SSIS_908_652_photo_guided_retranslation/SSIS-652.final-photo-guided-retranslated-ko.v1.changes.csv
완전히 쓰러뜨리면 이제.,이대로 눕혀 버리면…,사진 장면 확인 및 한국어 번역투·ASR 오역 교정,높음,/mnt/data/SSIS_908_652_photo_guided_retranslation/SSIS-652.final-photo-guided-retranslated-ko.v1.changes.csv
이제 저쪽.,이제 저쪽으로.,사진 장면 확인 및 한국어 번역투·ASR 오역 교정,높음,/mnt/data/SSIS_908_652_photo_guided_retranslation/SSIS-652.final-photo-guided-retranslated-ko.v1.changes.csv
숨소리가 섞여 있어.,숨소리까지 다 들려.,사진 장면 확인 및 한국어 번역투·ASR 오역 교정,높음,/mnt/data/SSIS_908_652_photo_guided_retranslation/SSIS-652.final-photo-guided-retranslated-ko.v1.changes.csv
이걸 사고는 할 말이 없어.,이걸로는 할 말이 없네.,사진 장면 확인 및 한국어 번역투·ASR 오역 교정,높음,/mnt/data/SSIS_908_652_photo_guided_retranslation/SSIS-652.final-photo-guided-retranslated-ko.v1.changes.csv
끝이 없어.,끝도 없네.,사진 장면 확인 및 한국어 번역투·ASR 오역 교정,높음,/mnt/data/SSIS_908_652_photo_guided_retranslation/SSIS-652.final-photo-guided-retranslated-ko.v1.changes.csv
"네, 한 번 하나가 되면 더는 참을 수 없어서.",한 번 가 버리면 더는 못 참겠어요.,사진 장면 확인 및 한국어 번역투·ASR 오역 교정,높음,/mnt/data/SSIS_908_652_photo_guided_retranslation/SSIS-652.final-photo-guided-retranslated-ko.v1.changes.csv
참을 수 없으면 그렇게 돼 버리니까.,못 참으면 계속 가 버리니까.,사진 장면 확인 및 한국어 번역투·ASR 오역 교정,높음,/mnt/data/SSIS_908_652_photo_guided_retranslation/SSIS-652.final-photo-guided-retranslated-ko.v1.changes.csv
그게 두 번째예요.,방금 두 번째였어요.,사진 장면 확인 및 한국어 번역투·ASR 오역 교정,높음,/mnt/data/SSIS_908_652_photo_guided_retranslation/SSIS-652.final-photo-guided-retranslated-ko.v1.changes.csv
빠르지 않아? 아까도 힘이 빠졌잖아.,너무 빠르지 않아? 아까도 한 번 갔잖아.,사진 장면 확인 및 한국어 번역투·ASR 오역 교정,높음,/mnt/data/SSIS_908_652_photo_guided_retranslation/SSIS-652.final-photo-guided-retranslated-ko.v1.changes.csv
자 버리겠네. 자 버리겠네.,가 버리겠네.,사진 장면 확인 및 한국어 번역투·ASR 오역 교정,높음,/mnt/data/SSIS_908_652_photo_guided_retranslation/SSIS-652.final-photo-guided-retranslated-ko.v1.changes.csv
자 버리겠네.,가 버리겠네.,사진 장면 확인 및 한국어 번역투·ASR 오역 교정,높음,/mnt/data/SSIS_908_652_photo_guided_retranslation/SSIS-652.final-photo-guided-retranslated-ko.v1.changes.csv
자 버리겠네.,또 가 버리겠네.,사진 장면 확인 및 한국어 번역투·ASR 오역 교정,높음,/mnt/data/SSIS_908_652_photo_guided_retranslation/SSIS-652.final-photo-guided-retranslated-ko.v1.changes.csv
"손이 아니라, 손은 아니에요.",손 말고 혀로 해 주세요.,사진 장면 확인 및 한국어 번역투·ASR 오역 교정,높음,/mnt/data/SSIS_908_652_photo_guided_retranslation/SSIS-652.final-photo-guided-retranslated-ko.v1.changes.csv
못 울겠어.,목이 막혀요.,사진 장면 확인 및 한국어 번역투·ASR 오역 교정,높음,/mnt/data/SSIS_908_652_photo_guided_retranslation/SSIS-652.final-photo-guided-retranslated-ko.v1.changes.csv
못 울겠어?,목이 막혀?,사진 장면 확인 및 한국어 번역투·ASR 오역 교정,높음,/mnt/data/SSIS_908_652_photo_guided_retranslation/SSIS-652.final-photo-guided-retranslated-ko.v1.changes.csv
첫 번째부터 다시 해 볼게요.,처음부터 다시 넣어 볼게요.,사진 장면 확인 및 한국어 번역투·ASR 오역 교정,높음,/mnt/data/SSIS_908_652_photo_guided_retranslation/SSIS-652.final-photo-guided-retranslated-ko.v1.changes.csv
씌워 달라고 할게요.,다시 씌워 주세요.,사진 장면 확인 및 한국어 번역투·ASR 오역 교정,높음,/mnt/data/SSIS_908_652_photo_guided_retranslation/SSIS-652.final-photo-guided-retranslated-ko.v1.changes.csv
휴식? 휴식 같은 건 없어.,쉬어? 쉴 틈은 없어.,사진 장면 확인 및 한국어 번역투·ASR 오역 교정,높음,/mnt/data/SSIS_908_652_photo_guided_retranslation/SSIS-652.final-photo-guided-retranslated-ko.v1.changes.csv
휴식?,쉬고 싶어?,사진 장면 확인 및 한국어 번역투·ASR 오역 교정,높음,/mnt/data/SSIS_908_652_photo_guided_retranslation/SSIS-652.final-photo-guided-retranslated-ko.v1.changes.csv
휴식도 열심히 하겠다고 했었나?,아까 열심히 하겠다고 했지?,사진 장면 확인 및 한국어 번역투·ASR 오역 교정,높음,/mnt/data/SSIS_908_652_photo_guided_retranslation/SSIS-652.final-photo-guided-retranslated-ko.v1.changes.csv
"네, 말했어요.","네, 그랬어요.",사진 장면 확인 및 한국어 번역투·ASR 오역 교정,높음,/mnt/data/SSIS_908_652_photo_guided_retranslation/SSIS-652.final-photo-guided-retranslated-ko.v1.changes.csv
평상복으로 갈아입고 올게.,다른 옷으로 갈아입고 올게.,사진 장면 확인 및 한국어 번역투·ASR 오역 교정,높음,/mnt/data/SSIS_908_652_photo_guided_retranslation/SSIS-652.final-photo-guided-retranslated-ko.v1.changes.csv
응. 전혀 부족하니까 갈아입고 올게.,아직 부족하니까 갈아입고 올게.,사진 장면 확인 및 한국어 번역투·ASR 오역 교정,높음,/mnt/data/SSIS_908_652_photo_guided_retranslation/SSIS-652.final-photo-guided-retranslated-ko.v1.changes.csv
축하해.,기대된다.,사진 장면 확인 및 한국어 번역투·ASR 오역 교정,높음,/mnt/data/SSIS_908_652_photo_guided_retranslation/SSIS-652.final-photo-guided-retranslated-ko.v1.changes.csv
바로 즐길게요.,벌써 기대돼요.,사진 장면 확인 및 한국어 번역투·ASR 오역 교정,높음,/mnt/data/SSIS_908_652_photo_guided_retranslation/SSIS-652.final-photo-guided-retranslated-ko.v1.changes.csv
뭔가 분위기가 달라진 느낌이에요.,분위기가 확 달라졌어요.,사진 장면 확인 및 한국어 번역투·ASR 오역 교정,높음,/mnt/data/SSIS_908_652_photo_guided_retranslation/SSIS-652.final-photo-guided-retranslated-ko.v1.changes.csv
빨리 콘돔 빼.,빨리 콘돔 꺼내.,사진 장면 확인 및 한국어 번역투·ASR 오역 교정,높음,/mnt/data/SSIS_908_652_photo_guided_retranslation/SSIS-652.final-photo-guided-retranslated-ko.v1.changes.csv
전부요. 위아래로 전부.,전부요. 위쪽도 아래쪽도.,사진 장면 확인 및 한국어 번역투·ASR 오역 교정,높음,/mnt/data/SSIS_908_652_photo_guided_retranslation/SSIS-652.final-photo-guided-retranslated-ko.v1.changes.csv
기억해 줬으면 해?,"여기, 기억해 줬으면 해요.",사진 장면 확인 및 한국어 번역투·ASR 오역 교정,높음,/mnt/data/SSIS_908_652_photo_guided_retranslation/SSIS-652.final-photo-guided-retranslated-ko.v1.changes.csv
역시 움직여 줄게.,이제 움직여 줄게.,사진 장면 확인 및 한국어 번역투·ASR 오역 교정,높음,/mnt/data/SSIS_908_652_photo_guided_retranslation/SSIS-652.final-photo-guided-retranslated-ko.v1.changes.csv
가까운 곳도 핥아 줄 수 있어요?,아래쪽도 핥아 줄 수 있어요?,사진 장면 확인 및 한국어 번역투·ASR 오역 교정,높음,/mnt/data/SSIS_908_652_photo_guided_retranslation/SSIS-652.final-photo-guided-retranslated-ko.v1.changes.csv
정말 맛있는 그대로예요.,그대로 핥아 주면 기분 좋아요.,사진 장면 확인 및 한국어 번역투·ASR 오역 교정,높음,/mnt/data/SSIS_908_652_photo_guided_retranslation/SSIS-652.final-photo-guided-retranslated-ko.v1.changes.csv
저는 핥아 주셨으면 해서.,계속 핥아 줬으면 해요.,사진 장면 확인 및 한국어 번역투·ASR 오역 교정,높음,/mnt/data/SSIS_908_652_photo_guided_retranslation/SSIS-652.final-photo-guided-retranslated-ko.v1.changes.csv
큰일이네요.,이러다 갈 것 같아요.,사진 장면 확인 및 한국어 번역투·ASR 오역 교정,높음,/mnt/data/SSIS_908_652_photo_guided_retranslation/SSIS-652.final-photo-guided-retranslated-ko.v1.changes.csv
난 아직 거기는 해금 안 했어.,아직 거기는 허락 안 했어.,사진 장면 확인 및 한국어 번역투·ASR 오역 교정,높음,/mnt/data/SSIS_908_652_photo_guided_retranslation/SSIS-652.final-photo-guided-retranslated-ko.v1.changes.csv
말해 버렸어요?,소리 내 버렸어요?,사진 장면 확인 및 한국어 번역투·ASR 오역 교정,높음,/mnt/data/SSIS_908_652_photo_guided_retranslation/SSIS-652.final-photo-guided-retranslated-ko.v1.changes.csv
"그래, 정말 무거울 리가 없잖아.",그래도 그렇게 무겁진 않잖아.,사진 장면 확인 및 한국어 번역투·ASR 오역 교정,높음,/mnt/data/SSIS_908_652_photo_guided_retranslation/SSIS-652.final-photo-guided-retranslated-ko.v1.changes.csv
옮겨 줘.,자세 바꿔 줘.,사진 장면 확인 및 한국어 번역투·ASR 오역 교정,높음,/mnt/data/SSIS_908_652_photo_guided_retranslation/SSIS-652.final-photo-guided-retranslated-ko.v1.changes.csv
쉬어 주세요.,잠깐 쉬게 해 주세요.,사진 장면 확인 및 한국어 번역투·ASR 오역 교정,높음,/mnt/data/SSIS_908_652_photo_guided_retranslation/SSIS-652.final-photo-guided-retranslated-ko.v1.changes.csv
"대박이에요, 기분 좋아요?",대단하네요. 기분 좋아요?,사진 장면 확인 및 한국어 번역투·ASR 오역 교정,높음,/mnt/data/SSIS_908_652_photo_guided_retranslation/SSIS-652.final-photo-guided-retranslated-ko.v1.changes.csv
내 가슴도 내려가고.,가슴도 흔들리고.,사진 장면 확인 및 한국어 번역투·ASR 오역 교정,높음,/mnt/data/SSIS_908_652_photo_guided_retranslation/SSIS-652.final-photo-guided-retranslated-ko.v1.changes.csv
"그럼 한 번만 더, 정말 한 번만.",그럼 정말 한 번만 더.,사진 장면 확인 및 한국어 번역투·ASR 오역 교정,높음,/mnt/data/SSIS_908_652_photo_guided_retranslation/SSIS-652.final-photo-guided-retranslated-ko.v1.changes.csv
"네, 이제 세 번, 세 번…","네, 이제 세 번째예요…",사진 장면 확인 및 한국어 번역투·ASR 오역 교정,높음,/mnt/data/SSIS_908_652_photo_guided_retranslation/SSIS-652.final-photo-guided-retranslated-ko.v1.changes.csv
"네, 이거.","네, 해 볼게요.",사진 장면 확인 및 한국어 번역투·ASR 오역 교정,높음,/mnt/data/SSIS_908_652_photo_guided_retranslation/SSIS-652.final-photo-guided-retranslated-ko.v1.changes.csv
"있잖아, 전혀 못 했잖아. 별거 없네.","있잖아, 아직 제대로 못 했잖아.",사진 장면 확인 및 한국어 번역투·ASR 오역 교정,높음,/mnt/data/SSIS_908_652_photo_guided_retranslation/SSIS-652.final-photo-guided-retranslated-ko.v1.changes.csv
"두 번째, 두 번째로.",이번엔 두 번째로.,사진 장면 확인 및 한국어 번역투·ASR 오역 교정,높음,/mnt/data/SSIS_908_652_photo_guided_retranslation/SSIS-652.final-photo-guided-retranslated-ko.v1.changes.csv
"잠깐, 어때요?","잠깐, 괜찮아요?",사진 장면 확인 및 한국어 번역투·ASR 오역 교정,높음,/mnt/data/SSIS_908_652_photo_guided_retranslation/SSIS-652.final-photo-guided-retranslated-ko.v1.changes.csv
씌워.,콘돔 씌워.,사진 장면 확인 및 한국어 번역투·ASR 오역 교정,높음,/mnt/data/SSIS_908_652_photo_guided_retranslation/SSIS-652.final-photo-guided-retranslated-ko.v1.changes.csv
안 씌우면 멈춰 주지 않을 거야.,안 씌우면 멈추지 않을 거야.,사진 장면 확인 및 한국어 번역투·ASR 오역 교정,높음,/mnt/data/SSIS_908_652_photo_guided_retranslation/SSIS-652.final-photo-guided-retranslated-ko.v1.changes.csv
두 번째도 가 줘.,두 번째도 싸 줘.,사진 장면 확인 및 한국어 번역투·ASR 오역 교정,높음,/mnt/data/SSIS_908_652_photo_guided_retranslation/SSIS-652.final-photo-guided-retranslated-ko.v1.changes.csv
아까 전혀 안 나왔잖아.,아까 거의 안 나왔잖아.,사진 장면 확인 및 한국어 번역투·ASR 오역 교정,높음,/mnt/data/SSIS_908_652_photo_guided_retranslation/SSIS-652.final-photo-guided-retranslated-ko.v1.changes.csv
이제 바로 누워.,일단 바로 누워.,사진 장면 확인 및 한국어 번역투·ASR 오역 교정,높음,/mnt/data/SSIS_908_652_photo_guided_retranslation/SSIS-652.final-photo-guided-retranslated-ko.v1.changes.csv
"한심하네, 정말.","체력이 약하네, 정말.",사진 장면 확인 및 한국어 번역투·ASR 오역 교정,높음,/mnt/data/SSIS_908_652_photo_guided_retranslation/SSIS-652.final-photo-guided-retranslated-ko.v1.changes.csv
다음엔 열심히 할게요.,다음엔 더 열심히 할게요.,사진 장면 확인 및 한국어 번역투·ASR 오역 교정,높음,/mnt/data/SSIS_908_652_photo_guided_retranslation/SSIS-652.final-photo-guided-retranslated-ko.v1.changes.csv
"이거 말이야, 할 수 있는 게.",이렇게도 할 수 있네.,사진 장면 확인 및 한국어 번역투·ASR 오역 교정,높음,/mnt/data/SSIS_908_652_photo_guided_retranslation/SSIS-652.final-photo-guided-retranslated-ko.v1.changes.csv
조금 빠질 것 같아.,조금 힘이 빠진 것 같아.,사진 장면 확인 및 한국어 번역투·ASR 오역 교정,높음,/mnt/data/SSIS_908_652_photo_guided_retranslation/SSIS-652.final-photo-guided-retranslated-ko.v1.changes.csv
"네, 힘내면 돼.","응, 힘내면 돼.",사진 장면 확인 및 한국어 번역투·ASR 오역 교정,높음,/mnt/data/SSIS_908_652_photo_guided_retranslation/SSIS-652.final-photo-guided-retranslated-ko.v1.changes.csv
맘마.,그대로.,사진 장면 확인 및 한국어 번역투·ASR 오역 교정,높음,/mnt/data/SSIS_908_652_photo_guided_retranslation/SSIS-652.final-photo-guided-retranslated-ko.v1.changes.csv
맘마.,그대로?,사진 장면 확인 및 한국어 번역투·ASR 오역 교정,높음,/mnt/data/SSIS_908_652_photo_guided_retranslation/SSIS-652.final-photo-guided-retranslated-ko.v1.changes.csv
그리고 여덟 번째 옷은… 그때가 딱 좋겠네.,이제 몸 씻어 줄게.,타임스탬프 사진과 앞뒤 장면으로 대사 기능 복원,중간,/mnt/data/SSIS_908_652_photo_guided_retranslation/SSIS-652.final-photo-guided-retranslated-ko.v1.changes.csv
"저기, 우리가 손톱이라고 말한 건 아니잖아.",아까 손톱으로 긁은 건 아니잖아.,타임스탬프 사진과 앞뒤 장면으로 대사 기능 복원,중간,/mnt/data/SSIS_908_652_photo_guided_retranslation/SSIS-652.final-photo-guided-retranslated-ko.v1.changes.csv
"아, 그렇게까지 심하진 않고.",그렇게 세게 하진 않았어.,타임스탬프 사진과 앞뒤 장면으로 대사 기능 복원,중간,/mnt/data/SSIS_908_652_photo_guided_retranslation/SSIS-652.final-photo-guided-retranslated-ko.v1.changes.csv
한쪽 사람이 하는 것보다 낫잖아.,혼자 씻는 것보단 낫지?,타임스탬프 사진과 앞뒤 장면으로 대사 기능 복원,중간,/mnt/data/SSIS_908_652_photo_guided_retranslation/SSIS-652.final-photo-guided-retranslated-ko.v1.changes.csv
정말 잘 어울려요.,물 온도 괜찮아요.,타임스탬프 사진과 앞뒤 장면으로 대사 기능 복원,중간,/mnt/data/SSIS_908_652_photo_guided_retranslation/SSIS-652.final-photo-guided-retranslated-ko.v1.changes.csv
달라고 했잖아.,씻어 달라고 했잖아.,타임스탬프 사진과 앞뒤 장면으로 대사 기능 복원,중간,/mnt/data/SSIS_908_652_photo_guided_retranslation/SSIS-652.final-photo-guided-retranslated-ko.v1.changes.csv
말해도 돼요?,이제 해도 돼요?,타임스탬프 사진과 앞뒤 장면으로 대사 기능 복원,중간,/mnt/data/SSIS_908_652_photo_guided_retranslation/SSIS-652.final-photo-guided-retranslated-ko.v1.changes.csv
감사합니다.,고마워요.,타임스탬프 사진과 앞뒤 장면으로 대사 기능 복원,중간,/mnt/data/SSIS_908_652_photo_guided_retranslation/SSIS-652.final-photo-guided-retranslated-ko.v1.changes.csv
"아직, 아직 잘 거지?",아직 갈 수 있지?,사진 장면 확인 및 한국어 번역투·ASR 오역 교정,높음,/mnt/data/SSIS_908_652_photo_guided_retranslation/SSIS-652.final-photo-guided-retranslated-ko.v1.changes.csv
아직 잘 거지?,아직 갈 수 있지?,사진 장면 확인 및 한국어 번역투·ASR 오역 교정,높음,/mnt/data/SSIS_908_652_photo_guided_retranslation/SSIS-652.final-photo-guided-retranslated-ko.v1.changes.csv
잘 거지.,갈 수 있어.,사진 장면 확인 및 한국어 번역투·ASR 오역 교정,높음,/mnt/data/SSIS_908_652_photo_guided_retranslation/SSIS-652.final-photo-guided-retranslated-ko.v1.changes.csv
자고 있어. 잘 거지?,아직 갈 수 있지?,사진 장면 확인 및 한국어 번역투·ASR 오역 교정,높음,/mnt/data/SSIS_908_652_photo_guided_retranslation/SSIS-652.final-photo-guided-retranslated-ko.v1.changes.csv
잘 거지?,갈 수 있지?,사진 장면 확인 및 한국어 번역투·ASR 오역 교정,높음,/mnt/data/SSIS_908_652_photo_guided_retranslation/SSIS-652.final-photo-guided-retranslated-ko.v1.changes.csv
대충.,대충 골라 보자.,사진 장면 확인 및 한국어 번역투·ASR 오역 교정,높음,/mnt/data/SSIS_908_652_photo_guided_retranslation/SSIS-652.final-photo-guided-retranslated-ko.v1.changes.csv
대충 알아.,대충 알겠어.,사진 장면 확인 및 한국어 번역투·ASR 오역 교정,높음,/mnt/data/SSIS_908_652_photo_guided_retranslation/SSIS-652.final-photo-guided-retranslated-ko.v1.changes.csv
푸딩 팝?,푸딩도 살까?,사진 장면 확인 및 한국어 번역투·ASR 오역 교정,높음,/mnt/data/SSIS_908_652_photo_guided_retranslation/SSIS-652.final-photo-guided-retranslated-ko.v1.changes.csv
안 입은 것처럼 보이네요.,속옷을 안 입은 것처럼 보이네요.,사진 장면 확인 및 한국어 번역투·ASR 오역 교정,높음,/mnt/data/SSIS_908_652_photo_guided_retranslation/SSIS-652.final-photo-guided-retranslated-ko.v1.changes.csv
"네. 야호. 어? 아, 어느 쪽이었지?",네. 어? 어느 쪽이었지?,사진 장면 확인 및 한국어 번역투·ASR 오역 교정,높음,/mnt/data/SSIS_908_652_photo_guided_retranslation/SSIS-652.final-photo-guided-retranslated-ko.v1.changes.csv
한 번에 하자. 뭔가…,이제 자자. 불도 조금 어둡게 해 줘.,사진 장면 확인 및 한국어 번역투·ASR 오역 교정,높음,/mnt/data/SSIS_908_652_photo_guided_retranslation/SSIS-652.final-photo-guided-retranslated-ko.v1.changes.csv
잘 자요. 빠르다. 빠르네. 금방 말하네. 바로 잠드는 사람이구나.,잘 자요. 빠르네. 말하자마자 바로 잠드는구나.,사진 장면 확인 및 한국어 번역투·ASR 오역 교정,높음,/mnt/data/SSIS_908_652_photo_guided_retranslation/SSIS-652.final-photo-guided-retranslated-ko.v1.changes.csv
그대로 두면 직원 방까지 가 버릴 사람.,그대로 두면 직원 방까지 걸어갈 사람 같아.,사진 장면 확인 및 한국어 번역투·ASR 오역 교정,높음,/mnt/data/SSIS_908_652_photo_guided_retranslation/SSIS-652.final-photo-guided-retranslated-ko.v1.changes.csv
직원 방에 가 버릴 사람. 방금 잠든 척했지.,"직원 방에 갈 사람처럼 굴더니, 방금 잠든 척한 거지?",사진 장면 확인 및 한국어 번역투·ASR 오역 교정,높음,/mnt/data/SSIS_908_652_photo_guided_retranslation/SSIS-652.final-photo-guided-retranslated-ko.v1.changes.csv
그 입으로 그렇게 말하지 않았으면 졸렸을 텐데.,그 입으로 그런 말만 안 했어도 정말 졸린 줄 알았을 텐데.,사진 장면 확인 및 한국어 번역투·ASR 오역 교정,높음,/mnt/data/SSIS_908_652_photo_guided_retranslation/SSIS-652.final-photo-guided-retranslated-ko.v1.changes.csv
뭐? 아침에 졸려? 하고 바로…,뭐? 아침부터 졸리다고 해 놓고…,사진 장면 확인 및 한국어 번역투·ASR 오역 교정,높음,/mnt/data/SSIS_908_652_photo_guided_retranslation/SSIS-652.final-photo-guided-retranslated-ko.v1.changes.csv
"그런 게 아니라, 말하자면…","그게 아니라, 말하자면…",사진 장면 확인 및 한국어 번역투·ASR 오역 교정,높음,/mnt/data/SSIS_908_652_photo_guided_retranslation/SSIS-652.final-photo-guided-retranslated-ko.v1.changes.csv
"이제, 이제 무리예요.",이제 정말 무리예요.,사진 장면 확인 및 한국어 번역투·ASR 오역 교정,높음,/mnt/data/SSIS_908_652_photo_guided_retranslation/SSIS-652.final-photo-guided-retranslated-ko.v1.changes.csv
첫 번째예요.,이번이 첫 번째예요.,사진 장면 확인 및 한국어 번역투·ASR 오역 교정,높음,/mnt/data/SSIS_908_652_photo_guided_retranslation/SSIS-652.final-photo-guided-retranslated-ko.v1.changes.csv
이제 살려 주실 건가요?,이제 좀 살려 주실 건가요?,사진 장면 확인 및 한국어 번역투·ASR 오역 교정,높음,/mnt/data/SSIS_908_652_photo_guided_retranslation/SSIS-652.final-photo-guided-retranslated-ko.v1.changes.csv
한 번 더 나가 봅시다.,한 번 더 해 볼게요.,사진 장면 확인 및 한국어 번역투·ASR 오역 교정,높음,/mnt/data/SSIS_908_652_photo_guided_retranslation/SSIS-652.final-photo-guided-retranslated-ko.v1.changes.csv
많이 하는 게 좋겠다고 생각한 날.,이런 속옷 좋아할 것 같아서 가져왔어요.,타임스탬프 사진과 앞뒤 장면으로 대사 기능 복원,중간,/mnt/data/SSIS_908_652_photo_guided_retranslation/SSIS-652.final-photo-guided-retranslated-ko.v1.changes.csv
일본 사람이 아닌 것 같다는 말을 자주 들어요.,일본인 같지 않은 몸매라는 말을 자주 들어요.,타임스탬프 사진과 앞뒤 장면으로 대사 기능 복원,중간,/mnt/data/SSIS_908_652_photo_guided_retranslation/SSIS-652.final-photo-guided-retranslated-ko.v1.changes.csv
"응, 입을 수 있어.","응, 정말 잘 어울려.",타임스탬프 사진과 앞뒤 장면으로 대사 기능 복원,중간,/mnt/data/SSIS_908_652_photo_guided_retranslation/SSIS-652.final-photo-guided-retranslated-ko.v1.changes.csv
저도 그런 말을 들어 보고 싶어요.,그런 말 들으면 기분 좋아요.,타임스탬프 사진과 앞뒤 장면으로 대사 기능 복원,중간,/mnt/data/SSIS_908_652_photo_guided_retranslation/SSIS-652.final-photo-guided-retranslated-ko.v1.changes.csv
아직 한 10분 정도. 10년 정도.,조금 어려 보이지 않아요?,타임스탬프 사진과 앞뒤 장면으로 대사 기능 복원,중간,/mnt/data/SSIS_908_652_photo_guided_retranslation/SSIS-652.final-photo-guided-retranslated-ko.v1.changes.csv
10년. 10년.,"응, 훨씬 어려 보여.",타임스탬프 사진과 앞뒤 장면으로 대사 기능 복원,중간,/mnt/data/SSIS_908_652_photo_guided_retranslation/SSIS-652.final-photo-guided-retranslated-ko.v1.changes.csv
가방에 코스프레 의상도 넣어 두면 좋겠네요.,칫솔도 챙겨 왔어요.,타임스탬프 사진과 앞뒤 장면으로 대사 기능 복원,중간,/mnt/data/SSIS_908_652_photo_guided_retranslation/SSIS-652.final-photo-guided-retranslated-ko.v1.changes.csv
당연하잖아.,당연히 가져왔지.,타임스탬프 사진과 앞뒤 장면으로 대사 기능 복원,중간,/mnt/data/SSIS_908_652_photo_guided_retranslation/SSIS-652.final-photo-guided-retranslated-ko.v1.changes.csv
당연하지.,그렇지.,타임스탬프 사진과 앞뒤 장면으로 대사 기능 복원,중간,/mnt/data/SSIS_908_652_photo_guided_retranslation/SSIS-652.final-photo-guided-retranslated-ko.v1.changes.csv
당연하지.,그럼 같이 닦자.,타임스탬프 사진과 앞뒤 장면으로 대사 기능 복원,중간,/mnt/data/SSIS_908_652_photo_guided_retranslation/SSIS-652.final-photo-guided-retranslated-ko.v1.changes.csv
영차.,자.,타임스탬프 사진과 앞뒤 장면으로 대사 기능 복원,중간,/mnt/data/SSIS_908_652_photo_guided_retranslation/SSIS-652.final-photo-guided-retranslated-ko.v1.changes.csv
트레이너.,치약도 있어.,타임스탬프 사진과 앞뒤 장면으로 대사 기능 복원,중간,/mnt/data/SSIS_908_652_photo_guided_retranslation/SSIS-652.final-photo-guided-retranslated-ko.v1.changes.csv
뭔가 야하게 달라붙어?,몸이 야하게 달라붙네.,사진 장면 확인 및 한국어 번역투·ASR 오역 교정,높음,/mnt/data/SSIS_908_652_photo_guided_retranslation/SSIS-652.final-photo-guided-retranslated-ko.v1.changes.csv
안쪽에 넣을 테니 바깥쪽을 중심으로 해 주세요.,"안쪽은 내가 할 테니까, 바깥쪽을 계속 만져 줘.",타임스탬프 사진과 앞뒤 장면으로 대사 기능 복원,중간,/mnt/data/SSIS_908_652_photo_guided_retranslation/SSIS-652.final-photo-guided-retranslated-ko.v1.changes.csv
높이를 조금씩 맞춰 갈게요.,조금씩 더 깊이 해 볼게.,타임스탬프 사진과 앞뒤 장면으로 대사 기능 복원,중간,/mnt/data/SSIS_908_652_photo_guided_retranslation/SSIS-652.final-photo-guided-retranslated-ko.v1.changes.csv
남은 부분도 부드럽게 정리할게요.,그대로 천천히 움직일게.,타임스탬프 사진과 앞뒤 장면으로 대사 기능 복원,중간,/mnt/data/SSIS_908_652_photo_guided_retranslation/SSIS-652.final-photo-guided-retranslated-ko.v1.changes.csv
이제 여기까지 정리됐어요.,여기까지 들어갔어요.,타임스탬프 사진과 앞뒤 장면으로 대사 기능 복원,중간,/mnt/data/SSIS_908_652_photo_guided_retranslation/SSIS-652.final-photo-guided-retranslated-ko.v1.changes.csv
다음은 앞쪽이에요.,다음은 이쪽이에요.,타임스탬프 사진과 앞뒤 장면으로 대사 기능 복원,중간,/mnt/data/SSIS_908_652_photo_guided_retranslation/SSIS-652.final-photo-guided-retranslated-ko.v1.changes.csv
어느 것도.,어때?,타임스탬프 사진과 앞뒤 장면으로 대사 기능 복원,중간,/mnt/data/SSIS_908_652_photo_guided_retranslation/SSIS-652.final-photo-guided-retranslated-ko.v1.changes.csv
"어느 것도, 네가 누군지 알잖아.",어디가 좋은지 알지?,타임스탬프 사진과 앞뒤 장면으로 대사 기능 복원,중간,/mnt/data/SSIS_908_652_photo_guided_retranslation/SSIS-652.final-photo-guided-retranslated-ko.v1.changes.csv
어느 쪽이든 안으로 들어가 버려요.,그대로 안쪽까지 들어가요.,타임스탬프 사진과 앞뒤 장면으로 대사 기능 복원,중간,/mnt/data/SSIS_908_652_photo_guided_retranslation/SSIS-652.final-photo-guided-retranslated-ko.v1.changes.csv
"자, 우선 움직여 볼게요.","자, 우선 먹어 볼게요.",타임스탬프 사진과 앞뒤 장면으로 대사 기능 복원,중간,/mnt/data/SSIS_908_652_photo_guided_retranslation/SSIS-652.final-photo-guided-retranslated-ko.v1.changes.csv
경력.,어때요?,타임스탬프 사진과 앞뒤 장면으로 대사 기능 복원,중간,/mnt/data/SSIS_908_652_photo_guided_retranslation/SSIS-652.final-photo-guided-retranslated-ko.v1.changes.csv
그게 아니라 조금씩 정리해.,그게 아니라 조금씩 먹어.,타임스탬프 사진과 앞뒤 장면으로 대사 기능 복원,중간,/mnt/data/SSIS_908_652_photo_guided_retranslation/SSIS-652.final-photo-guided-retranslated-ko.v1.changes.csv
이걸 입기도 하고.,이것도 먹어 봐.,타임스탬프 사진과 앞뒤 장면으로 대사 기능 복원,중간,/mnt/data/SSIS_908_652_photo_guided_retranslation/SSIS-652.final-photo-guided-retranslated-ko.v1.changes.csv
그래도 꽤 많이 해야 거짓말이 아니지.,그래도 조금은 더 먹어야지.,타임스탬프 사진과 앞뒤 장면으로 대사 기능 복원,중간,/mnt/data/SSIS_908_652_photo_guided_retranslation/SSIS-652.final-photo-guided-retranslated-ko.v1.changes.csv
응. 부르는 거 좋아하잖아.,"응, 이런 거 좋아하잖아.",타임스탬프 사진과 앞뒤 장면으로 대사 기능 복원,중간,/mnt/data/SSIS_908_652_photo_guided_retranslation/SSIS-652.final-photo-guided-retranslated-ko.v1.changes.csv
빨리 누워 주세요.,"자, 여기 누워 봐.",타임스탬프 사진과 앞뒤 장면으로 대사 기능 복원,중간,/mnt/data/SSIS_908_652_photo_guided_retranslation/SSIS-652.final-photo-guided-retranslated-ko.v1.changes.csv
또 건강해져 버릴까?,또 섰어?,타임스탬프 사진과 앞뒤 장면으로 대사 기능 복원,중간,/mnt/data/SSIS_908_652_photo_guided_retranslation/SSIS-652.final-photo-guided-retranslated-ko.v1.changes.csv
네기무.,벗어.,사진 장면 확인 및 한국어 번역투·ASR 오역 교정,높음,/mnt/data/SSIS_908_652_photo_guided_retranslation/SSIS-908.final-photo-guided-retranslated-ko.v1.changes.csv
"음, 오케이. 됐어, 소요. 잠깐 이리 와.","됐어. 후아, 잠깐 이리 와.",사진 장면 확인 및 한국어 번역투·ASR 오역 교정,높음,/mnt/data/SSIS_908_652_photo_guided_retranslation/SSIS-908.final-photo-guided-retranslated-ko.v1.changes.csv
가자!,잘 부탁해!,사진 장면 확인 및 한국어 번역투·ASR 오역 교정,높음,/mnt/data/SSIS_908_652_photo_guided_retranslation/SSIS-908.final-photo-guided-retranslated-ko.v1.changes.csv
다행이다!,환영해!,사진 장면 확인 및 한국어 번역투·ASR 오역 교정,높음,/mnt/data/SSIS_908_652_photo_guided_retranslation/SSIS-908.final-photo-guided-retranslated-ko.v1.changes.csv
에에!,건배!,사진 장면 확인 및 한국어 번역투·ASR 오역 교정,높음,/mnt/data/SSIS_908_652_photo_guided_retranslation/SSIS-908.final-photo-guided-retranslated-ko.v1.changes.csv
에에!,마셔!,사진 장면 확인 및 한국어 번역투·ASR 오역 교정,높음,/mnt/data/SSIS_908_652_photo_guided_retranslation/SSIS-908.final-photo-guided-retranslated-ko.v1.changes.csv
에에!,좋아!,사진 장면 확인 및 한국어 번역투·ASR 오역 교정,높음,/mnt/data/SSIS_908_652_photo_guided_retranslation/SSIS-908.final-photo-guided-retranslated-ko.v1.changes.csv
"하지메 군, 잘 부탁해!","하지메 군, 앞으로 잘 부탁해!",사진 장면 확인 및 한국어 번역투·ASR 오역 교정,높음,/mnt/data/SSIS_908_652_photo_guided_retranslation/SSIS-908.final-photo-guided-retranslated-ko.v1.changes.csv
네! 어이!,"네, 잘 부탁드립니다!",사진 장면 확인 및 한국어 번역투·ASR 오역 교정,높음,/mnt/data/SSIS_908_652_photo_guided_retranslation/SSIS-908.final-photo-guided-retranslated-ko.v1.changes.csv
맛있어!,맛있다!,사진 장면 확인 및 한국어 번역투·ASR 오역 교정,높음,/mnt/data/SSIS_908_652_photo_guided_retranslation/SSIS-908.final-photo-guided-retranslated-ko.v1.changes.csv
"저기부터. 미안해, 하지메 군 환영회인데. 아냐, 내가 잘 어울리지 못하는 것뿐이야. 넌 옛날부터 말주변이 없었잖아.",아까부터 조용하네. 하지메 군 환영회인데 미안해. 아냐. 내가 사람들하고 잘 못 어울리는 것뿐이야.,사진 장면 확인 및 한국어 번역투·ASR 오역 교정,높음,/mnt/data/SSIS_908_652_photo_guided_retranslation/SSIS-908.final-photo-guided-retranslated-ko.v1.changes.csv
"이제 가 줘. 아, 가고 싶어. 여기, 여기. 앉아, 앉으라고.",이리 와. 여기 앉아. 앉으라고.,사진 장면 확인 및 한국어 번역투·ASR 오역 교정,높음,/mnt/data/SSIS_908_652_photo_guided_retranslation/SSIS-908.final-photo-guided-retranslated-ko.v1.changes.csv
끝났다.,얘기 끝났어.,사진 장면 확인 및 한국어 번역투·ASR 오역 교정,높음,/mnt/data/SSIS_908_652_photo_guided_retranslation/SSIS-908.final-photo-guided-retranslated-ko.v1.changes.csv
어떻게 깨끗하게 할까?,이거 어떻게 닦지?,사진 장면 확인 및 한국어 번역투·ASR 오역 교정,높음,/mnt/data/SSIS_908_652_photo_guided_retranslation/SSIS-908.final-photo-guided-retranslated-ko.v1.changes.csv
이따가 어떻게 해야 할지 가르쳐 줬잖아. 전부 깨끗하게 해.,아까 어떻게 하라고 했지? 전부 깨끗이 해.,사진 장면 확인 및 한국어 번역투·ASR 오역 교정,높음,/mnt/data/SSIS_908_652_photo_guided_retranslation/SSIS-908.final-photo-guided-retranslated-ko.v1.changes.csv
네 엉덩이 구멍을 핥게 해 줘.,네 엉덩이까지 깨끗이 핥아.,사진 장면 확인 및 한국어 번역투·ASR 오역 교정,높음,/mnt/data/SSIS_908_652_photo_guided_retranslation/SSIS-908.final-photo-guided-retranslated-ko.v1.changes.csv
"더, 더 핥게 해 줘.","더 깊이, 더 깨끗이 핥아.",사진 장면 확인 및 한국어 번역투·ASR 오역 교정,높음,/mnt/data/SSIS_908_652_photo_guided_retranslation/SSIS-908.final-photo-guided-retranslated-ko.v1.changes.csv
"자, 그만둬, 그만둬. 더, 더, 더.","멈추지 마. 더, 더.",사진 장면 확인 및 한국어 번역투·ASR 오역 교정,높음,/mnt/data/SSIS_908_652_photo_guided_retranslation/SSIS-908.final-photo-guided-retranslated-ko.v1.changes.csv
"자, 혀를 더. 연필처럼.",혀를 뾰족하게 세워.,사진 장면 확인 및 한국어 번역투·ASR 오역 교정,높음,/mnt/data/SSIS_908_652_photo_guided_retranslation/SSIS-908.final-photo-guided-retranslated-ko.v1.changes.csv
너희 사이니까 한 번 나눠 보자고.,둘이 번갈아 해 봐.,사진 장면 확인 및 한국어 번역투·ASR 오역 교정,높음,/mnt/data/SSIS_908_652_photo_guided_retranslation/SSIS-908.final-photo-guided-retranslated-ko.v1.changes.csv
아버지는 어때?,후지 씨는 어때?,사진 장면 확인 및 한국어 번역투·ASR 오역 교정,높음,/mnt/data/SSIS_908_652_photo_guided_retranslation/SSIS-908.final-photo-guided-retranslated-ko.v1.changes.csv
"누나, 기분 좋게 해 줄게.",내가 기분 좋게 해 줄게.,사진 장면 확인 및 한국어 번역투·ASR 오역 교정,높음,/mnt/data/SSIS_908_652_photo_guided_retranslation/SSIS-908.final-photo-guided-retranslated-ko.v1.changes.csv
"너희들, 그만하세요. 너희들.",둘이서 계속해.,사진 장면 확인 및 한국어 번역투·ASR 오역 교정,높음,/mnt/data/SSIS_908_652_photo_guided_retranslation/SSIS-908.final-photo-guided-retranslated-ko.v1.changes.csv
"자, 가져가세요.","자, 더 세게.",사진 장면 확인 및 한국어 번역투·ASR 오역 교정,높음,/mnt/data/SSIS_908_652_photo_guided_retranslation/SSIS-908.final-photo-guided-retranslated-ko.v1.changes.csv
"조금만 더, 그다음에.",조금만 더. 그대로.,사진 장면 확인 및 한국어 번역투·ASR 오역 교정,높음,/mnt/data/SSIS_908_652_photo_guided_retranslation/SSIS-908.final-photo-guided-retranslated-ko.v1.changes.csv
떨어졌다!,빠졌다!,사진 장면 확인 및 한국어 번역투·ASR 오역 교정,높음,/mnt/data/SSIS_908_652_photo_guided_retranslation/SSIS-908.final-photo-guided-retranslated-ko.v1.changes.csv
"더 부탁한다고 해야지. 자, 자, 하지메 군을 위한 거 아니야?",더 해 달라고 말해야지. 하지메 군을 위해서 하는 거잖아?,사진 장면 확인 및 한국어 번역투·ASR 오역 교정,높음,/mnt/data/SSIS_908_652_photo_guided_retranslation/SSIS-908.final-photo-guided-retranslated-ko.v1.changes.csv
제대로 닫으라고.,제대로 조여.,사진 장면 확인 및 한국어 번역투·ASR 오역 교정,높음,/mnt/data/SSIS_908_652_photo_guided_retranslation/SSIS-908.final-photo-guided-retranslated-ko.v1.changes.csv
1년 정도의 일이야.,아… 잠깐만…,타임스탬프 사진으로 장면 불일치 확인 후 재복원,중간,/mnt/data/SSIS_908_652_photo_guided_retranslation/SSIS-908.final-photo-guided-retranslated-ko.v1.changes.csv
잘 자.,안 돼…,타임스탬프 사진으로 장면 불일치 확인 후 재복원,중간,/mnt/data/SSIS_908_652_photo_guided_retranslation/SSIS-908.final-photo-guided-retranslated-ko.v1.changes.csv
잘 자.,잠깐…,타임스탬프 사진으로 장면 불일치 확인 후 재복원,중간,/mnt/data/SSIS_908_652_photo_guided_retranslation/SSIS-908.final-photo-guided-retranslated-ko.v1.changes.csv
쉬어.,조금만 천천히…,타임스탬프 사진으로 장면 불일치 확인 후 재복원,중간,/mnt/data/SSIS_908_652_photo_guided_retranslation/SSIS-908.final-photo-guided-retranslated-ko.v1.changes.csv
위험할 정도로 기다리고 있어.,아… 더는 못 참겠어.,타임스탬프 사진으로 장면 불일치 확인 후 재복원,중간,/mnt/data/SSIS_908_652_photo_guided_retranslation/SSIS-908.final-photo-guided-retranslated-ko.v1.changes.csv
"있잖아, 곤란하네. 너 일 잘하는데, 지금 그만두면 곤란하다고.",아… 잠깐만…,타임스탬프 사진으로 장면 불일치 확인 후 재복원,중간,/mnt/data/SSIS_908_652_photo_guided_retranslation/SSIS-908.final-photo-guided-retranslated-ko.v1.changes.csv
그럼 왜 그런 영상을 보낸 거예요?,너무 세…,타임스탬프 사진으로 장면 불일치 확인 후 재복원,중간,/mnt/data/SSIS_908_652_photo_guided_retranslation/SSIS-908.final-photo-guided-retranslated-ko.v1.changes.csv
"아니, 재미있을까 해서 말이야. 네가 얼마나 참을 수 있는지도 알고 싶었고.",조금만 천천히…,타임스탬프 사진으로 장면 불일치 확인 후 재복원,중간,/mnt/data/SSIS_908_652_photo_guided_retranslation/SSIS-908.final-photo-guided-retranslated-ko.v1.changes.csv
그 아이를 줄 테니까 일해. 중고라 미안하지만.,안 돼… 이대로는…,타임스탬프 사진으로 장면 불일치 확인 후 재복원,중간,/mnt/data/SSIS_908_652_photo_guided_retranslation/SSIS-908.final-photo-guided-retranslated-ko.v1.changes.csv
안 돼!,아… 또 갈 것 같아…,타임스탬프 사진으로 장면 불일치 확인 후 재복원,중간,/mnt/data/SSIS_908_652_photo_guided_retranslation/SSIS-908.final-photo-guided-retranslated-ko.v1.changes.csv
역시 넌 해고야. 사장님을 때리면 안 되지.,"잠깐, 잠깐만…",타임스탬프 사진으로 장면 불일치 확인 후 재복원,중간,/mnt/data/SSIS_908_652_photo_guided_retranslation/SSIS-908.final-photo-guided-retranslated-ko.v1.changes.csv
"그래서, 넌? 남을 거야, 그만둘 거야?",계속해…,타임스탬프 사진으로 장면 불일치 확인 후 재복원,중간,/mnt/data/SSIS_908_652_photo_guided_retranslation/SSIS-908.final-photo-guided-retranslated-ko.v1.changes.csv
"그 사람, 격투기 했었거든.",아… 좋아…,타임스탬프 사진으로 장면 불일치 확인 후 재복원,중간,/mnt/data/SSIS_908_652_photo_guided_retranslation/SSIS-908.final-photo-guided-retranslated-ko.v1.changes.csv
이길 수 있을 리가 없지.,더 깊이…,타임스탬프 사진으로 장면 불일치 확인 후 재복원,중간,/mnt/data/SSIS_908_652_photo_guided_retranslation/SSIS-908.final-photo-guided-retranslated-ko.v1.changes.csv
이길 수 있을 거라고는 생각하지 않았지만.,"아, 거기…",타임스탬프 사진으로 장면 불일치 확인 후 재복원,중간,/mnt/data/SSIS_908_652_photo_guided_retranslation/SSIS-908.final-photo-guided-retranslated-ko.v1.changes.csv
머리에 피가 쏠려서 말이야.,하아… 안 돼…,타임스탬프 사진으로 장면 불일치 확인 후 재복원,중간,/mnt/data/SSIS_908_652_photo_guided_retranslation/SSIS-908.final-photo-guided-retranslated-ko.v1.changes.csv
하아.,조금만…,타임스탬프 사진으로 장면 불일치 확인 후 재복원,중간,/mnt/data/SSIS_908_652_photo_guided_retranslation/SSIS-908.final-photo-guided-retranslated-ko.v1.changes.csv
또 무직이 돼 버렸네.,또 갈 것 같아…,타임스탬프 사진으로 장면 불일치 확인 후 재복원,중간,/mnt/data/SSIS_908_652_photo_guided_retranslation/SSIS-908.final-photo-guided-retranslated-ko.v1.changes.csv
나도.,나도…,타임스탬프 사진으로 장면 불일치 확인 후 재복원,중간,/mnt/data/SSIS_908_652_photo_guided_retranslation/SSIS-908.final-photo-guided-retranslated-ko.v1.changes.csv
그래도 둘이서라면 어떻게든 될 거야.,같이 가자…,타임스탬프 사진으로 장면 불일치 확인 후 재복원,중간,/mnt/data/SSIS_908_652_photo_guided_retranslation/SSIS-908.final-photo-guided-retranslated-ko.v1.changes.csv
내가 네 곁에 없었으면 어쩔 뻔했어.,아… 이제 한계야…,타임스탬프 사진으로 장면 불일치 확인 후 재복원,중간,/mnt/data/SSIS_908_652_photo_guided_retranslation/SSIS-908.final-photo-guided-retranslated-ko.v1.changes.csv
우리 둘이서?,응…,타임스탬프 사진으로 장면 불일치 확인 후 재복원,중간,/mnt/data/SSIS_908_652_photo_guided_retranslation/SSIS-908.final-photo-guided-retranslated-ko.v1.changes.csv
둘이서?,더…,타임스탬프 사진으로 장면 불일치 확인 후 재복원,중간,/mnt/data/SSIS_908_652_photo_guided_retranslation/SSIS-908.final-photo-guided-retranslated-ko.v1.changes.csv
셋이서?,세게…,타임스탬프 사진으로 장면 불일치 확인 후 재복원,중간,/mnt/data/SSIS_908_652_photo_guided_retranslation/SSIS-908.final-photo-guided-retranslated-ko.v1.changes.csv
한 명의?,아…,타임스탬프 사진으로 장면 불일치 확인 후 재복원,중간,/mnt/data/SSIS_908_652_photo_guided_retranslation/SSIS-908.final-photo-guided-retranslated-ko.v1.changes.csv
"누나, 기분 좋게 해 줄게.",나도 기분 좋게 해 줄게.,사진 장면 확인 및 한국어 번역투·ASR 오역 교정,높음,/mnt/data/SSIS_908_652_photo_guided_retranslation/SSIS-908.final-photo-guided-retranslated-ko.v1.changes.csv
잘 자.,안 돼… 너무 깊어…,타임스탬프 사진으로 장면 불일치 확인 후 재복원,중간,/mnt/data/SSIS_908_652_photo_guided_retranslation/SSIS-908.final-photo-guided-retranslated-ko.v1.changes.csv
잘 자.,조금만 천천히…,타임스탬프 사진으로 장면 불일치 확인 후 재복원,중간,/mnt/data/SSIS_908_652_photo_guided_retranslation/SSIS-908.final-photo-guided-retranslated-ko.v1.changes.csv
쉬어.,아… 그대로…,타임스탬프 사진으로 장면 불일치 확인 후 재복원,중간,/mnt/data/SSIS_908_652_photo_guided_retranslation/SSIS-908.final-photo-guided-retranslated-ko.v1.changes.csv
내가 네 곁에 없었으면 어쩔 뻔했어.,응.,타임스탬프 사진으로 장면 불일치 확인 후 재복원,중간,/mnt/data/SSIS_908_652_photo_guided_retranslation/SSIS-908.final-photo-guided-retranslated-ko.v1.changes.csv
우리 둘이서?,둘이서.,타임스탬프 사진으로 장면 불일치 확인 후 재복원,중간,/mnt/data/SSIS_908_652_photo_guided_retranslation/SSIS-908.final-photo-guided-retranslated-ko.v1.changes.csv
둘이서?,그래.,타임스탬프 사진으로 장면 불일치 확인 후 재복원,중간,/mnt/data/SSIS_908_652_photo_guided_retranslation/SSIS-908.final-photo-guided-retranslated-ko.v1.changes.csv
셋이서?,앞으로도.,타임스탬프 사진으로 장면 불일치 확인 후 재복원,중간,/mnt/data/SSIS_908_652_photo_guided_retranslation/SSIS-908.final-photo-guided-retranslated-ko.v1.changes.csv
한 명의?,함께.,타임스탬프 사진으로 장면 불일치 확인 후 재복원,중간,/mnt/data/SSIS_908_652_photo_guided_retranslation/SSIS-908.final-photo-guided-retranslated-ko.v1.changes.csv
다 보이고 있어.,전부 다 보이네.,,,/mnt/data/final_20_deep_natural_v5/all-files.third-pass-changes.csv
강가도 다 찍히고 있어.,창밖도 다 찍히고 있어.,,,/mnt/data/final_20_deep_natural_v5/all-files.third-pass-changes.csv
제법 익숙해졌어.,이제 꽤 익숙해졌지.,,,/mnt/data/final_20_deep_natural_v5/all-files.third-pass-changes.csv
사적으로는 어디까지 해봤어?,사적으로는 어디까지 해 봤어?,,,/mnt/data/final_20_deep_natural_v5/all-files.third-pass-changes.csv
사적으로는 어디까지 해봤는데?,어디에서 해 봤는데?,,,/mnt/data/final_20_deep_natural_v5/all-files.third-pass-changes.csv
여러 번 할 수 있는 사람.,그런 사람이 좋아.,,,/mnt/data/final_20_deep_natural_v5/all-files.third-pass-changes.csv
너무 자연스럽게 받아주는데? 괜찮아?,되게 자연스럽게 받네. 괜찮아?,,,/mnt/data/final_20_deep_natural_v5/all-files.third-pass-changes.csv
시즈카의 가족이 되었어.,시즈카한테도 가족이 생겼어.,,,/mnt/data/final_20_deep_natural_v5/all-files.third-pass-changes.csv
보지가 경련하고 있네.,보지가 움찔거리네.,,,/mnt/data/final_20_deep_natural_v5/all-files.third-pass-changes.csv
이거 가지고 있어?,집에도 있어?,,,/mnt/data/final_20_deep_natural_v5/all-files.third-pass-changes.csv
이거 가지고 있어?,이런 거 써 봤어?,,,/mnt/data/final_20_deep_natural_v5/all-files.third-pass-changes.csv
성인용품.,성인용품 말이야.,,,/mnt/data/final_20_deep_natural_v5/all-files.third-pass-changes.csv
너무 자연스럽게 받아주네.,되게 자연스럽게 받네.,,,/mnt/data/final_20_deep_natural_v5/all-files.third-pass-changes.csv
천천히 받아들여 주세요.,천천히 받아 줘요.,,,/mnt/data/final_20_deep_natural_v5/all-files.third-pass-changes.csv
기립.,기립!,,,/mnt/data/final_20_deep_natural_v5/all-files.third-pass-changes.csv
경례.,경례!,,,/mnt/data/final_20_deep_natural_v5/all-files.third-pass-changes.csv
잘 부탁드립니다.,좋은 아침입니다.,,,/mnt/data/final_20_deep_natural_v5/all-files.third-pass-changes.csv
착석.,좋은 아침입니다.,,,/mnt/data/final_20_deep_natural_v5/all-files.third-pass-changes.csv
세게 깨물었으니까.,어느 쪽부터 베어 먹었을까?,,,/mnt/data/final_20_deep_natural_v5/all-files.third-pass-changes.csv
"싫다고 거절하면 전부 혼자 먹으면 되지, 그렇게 생각하면서.","거절당하면 혼자 다 먹으면 된다고 생각하면서,",,,/mnt/data/final_20_deep_natural_v5/all-files.third-pass-changes.csv
자기 목소리에서도 사과 향이 나고 사과 맛이 날 게 분명하다고 생각했다.,자기 입에서도 사과 향과 맛이 날 거라고 생각했다.,,,/mnt/data/final_20_deep_natural_v5/all-files.third-pass-changes.csv
그녀의 입과 같은 향과 맛일 거라고 생각했다.,그녀의 입과 같은 향과 맛일 거라고.,,,/mnt/data/final_20_deep_natural_v5/all-files.third-pass-changes.csv
"자, 시작할게요.",좋은 아침입니다.,,,/mnt/data/final_20_deep_natural_v5/all-files.third-pass-changes.csv
"자, 시작합니다.",좋은 아침.,,,/mnt/data/final_20_deep_natural_v5/all-files.third-pass-changes.csv
"자, 시작합니다.",좋은 아침입니다.,,,/mnt/data/final_20_deep_natural_v5/all-files.third-pass-changes.csv
"자, 시작합니다.",♪,,,/mnt/data/final_20_deep_natural_v5/all-files.third-pass-changes.csv
좋은 아침입니다.,♪,,,/mnt/data/final_20_deep_natural_v5/all-files.third-pass-changes.csv
"아, 정말 기분 좋아.",아… 조금 좋아.,,,/mnt/data/final_20_deep_natural_v5/all-files.third-pass-changes.csv
지금은 일을 그만둔 상태다.,지금은 일을 그만뒀다.,,,/mnt/data/final_20_deep_natural_v5/all-files.third-pass-changes.csv
힘을 빼고 천천히 받아들여 봐.,힘 빼고 천천히 받아 줘.,,,/mnt/data/final_20_deep_natural_v5/all-files.third-pass-changes.csv
분위기를 알게 된 상태에서…,이제는 기술도 분위기도 어느 정도 알게 됐으니…,,,/mnt/data/final_20_deep_natural_v5/all-files.third-pass-changes.csv
성관계도 즐길 수 있었어?,섹스도 즐거웠어?,,,/mnt/data/final_20_deep_natural_v5/all-files.third-pass-changes.csv
성관계 외에도 함께 술을 마시며 친해진 일이 계기였던 것 같습니다.,섹스뿐 아니라 같이 술도 마시면서 가까워진 게 계기였던 것 같아요.,,,/mnt/data/final_20_deep_natural_v5/all-files.third-pass-changes.csv
성관계를 좋아하시네요.,섹스 좋아하시네요.,,,/mnt/data/final_20_deep_natural_v5/all-files.third-pass-changes.csv
"봐 주신 팬 여러분께 감사합니다. 처음 보는 기획이라 불안해 보였겠지만, 저 나름대로 열심히 했고 성관계의 즐거움도 전하고 싶었습니다.","봐 주신 팬 여러분, 감사합니다. 처음 보는 기획이라 불안해 보였을 텐데, 저도 제 나름대로 열심히 했고 섹스의 즐거움도 보여 드리고 싶었어요.",,,/mnt/data/final_20_deep_natural_v5/all-files.third-pass-changes.csv
친구 같은 여성과 먼저 가까워지면 자연스럽게 성관계까지 할 수 있다고 생각합니다. 너무 깊이 고민하지 말고 연애와 성관계를 많이 경험해 보세요.,친구처럼 편한 여자와 먼저 가까워지면 자연스럽게 잠자리까지 갈 수 있다고 생각해요. 너무 고민하지 말고 연애도 섹스도 많이 경험해 보세요.,,,/mnt/data/final_20_deep_natural_v5/all-files.third-pass-changes.csv
힘을 빼고 받아들여.,힘 빼고 천천히 받아.,,,/mnt/data/final_20_deep_natural_v5/all-files.third-pass-changes.csv
이제 전부 받아들였군.,이제 끝까지 다 들어갔네.,,,/mnt/data/final_20_deep_natural_v5/all-files.third-pass-changes.csv
금방 하아 하고.,금방 숨이 가빠지네.,,,/mnt/data/final_20_deep_natural_v5/all-files.third-pass-changes.csv
어떤 식으로 가고 있는지.,어떻게 가고 있는지.,,,/mnt/data/final_20_deep_natural_v5/all-files.third-pass-changes.csv
상자 안에 넣을 테니 바깥쪽 털을 중심으로 해 주세요.,안쪽에 넣을 테니 바깥쪽을 중심으로 해 주세요.,,,/mnt/data/final_20_deep_natural_v5/all-files.third-pass-changes.csv
조금 쉬어 주세요.,잠깐 쉬어 갈게요.,,,/mnt/data/final_20_deep_natural_v5/all-files.third-pass-changes.csv
몸을 살짝 넣을 수 있어요.,조금만 안에 넣어도 돼요.,,,/mnt/data/final_20_deep_natural_v5/all-files.third-pass-changes.csv
몸을 살짝 넣을 수 있어요.,조금만요.,,,/mnt/data/final_20_deep_natural_v5/all-files.third-pass-changes.csv
단차를 만들어 갈게요.,높이를 조금씩 맞춰 갈게요.,,,/mnt/data/final_20_deep_natural_v5/all-files.third-pass-changes.csv
남은 부분은 부드럽게 해 갈게요.,남은 부분도 부드럽게 정리할게요.,,,/mnt/data/final_20_deep_natural_v5/all-files.third-pass-changes.csv
그리고 여기까지 할 수 있게 됐어요.,이제 여기까지 정리됐어요.,,,/mnt/data/final_20_deep_natural_v5/all-files.third-pass-changes.csv
다음은 문 앞쪽이에요.,다음은 앞쪽이에요.,,,/mnt/data/final_20_deep_natural_v5/all-files.third-pass-changes.csv
"네, 흐름을 돌려 볼게요.","네, 방향을 바꿔 볼게요.",,,/mnt/data/final_20_deep_natural_v5/all-files.third-pass-changes.csv
하지만 내가 사랑하는 건 너뿐이니까 괜찮잖아.,너만 사랑한다니까.,,,/mnt/data/final_20_deep_natural_v5/all-files.third-pass-changes.csv
두 번째입니다.,벌써 두 번째예요.,사진 장면 확인 및 한국어 번역투 교정,높음,/mnt/data/new4_photo_guided_pass1/SSIS-642.photo-guided-pass1-changes.csv
"자, 술도 깼으니 그 차가운 가면을 벗고 감정을 드러내 봐.",이제 술도 깼으니 그 무표정한 얼굴 말고 솔직한 표정 좀 보여 봐.,사진 장면 확인 및 한국어 번역투 교정,높음,/mnt/data/new4_photo_guided_pass1/SSIS-642.photo-guided-pass1-changes.csv
"자, 두 번째야.","자, 이번엔 두 번째야.",사진 장면 확인 및 한국어 번역투 교정,높음,/mnt/data/new4_photo_guided_pass1/SSIS-642.photo-guided-pass1-changes.csv
"아, 그게 여섯 번째 움직임이야.",자꾸 허리가 움직이네.,타임스탬프 사진과 장면 흐름으로 명백한 오인식 교정,높음,/mnt/data/new4_photo_guided_pass1/SSIS-400.photo-guided-pass1-changes.csv
그 안쪽은 두 번째야.,안쪽이 더 좋아?,타임스탬프 사진과 장면 흐름으로 명백한 오인식 교정,중간,/mnt/data/new4_photo_guided_pass1/SSIS-400.photo-guided-pass1-changes.csv
세 번째 자세로 넘어갈게.,이번엔 입으로 해 줘.,타임스탬프 사진과 장면 흐름으로 명백한 오인식 교정,중간,/mnt/data/new4_photo_guided_pass1/SSIS-400.photo-guided-pass1-changes.csv
배가 아파요…,입이 아파요…,타임스탬프 사진과 장면 흐름으로 명백한 오인식 교정,중간,/mnt/data/new4_photo_guided_pass1/SSIS-400.photo-guided-pass1-changes.csv
여러 곳을 움직이면서 할까?,손도 같이 움직여 볼까?,타임스탬프 사진과 장면 흐름으로 명백한 오인식 교정,중간,/mnt/data/new4_photo_guided_pass1/SSIS-400.photo-guided-pass1-changes.csv
괜찮아. 자세는 아직 무너지지 않았어.,"괜찮아, 아직 할 수 있잖아.",타임스탬프 사진과 장면 흐름으로 명백한 오인식 교정,중간,/mnt/data/new4_photo_guided_pass1/SSIS-400.photo-guided-pass1-changes.csv
배가 다시 아파요. 너무 조이고 아파요.,너무 깊어서 아파요…,타임스탬프 사진과 장면 흐름으로 명백한 오인식 교정,중간,/mnt/data/new4_photo_guided_pass1/SSIS-400.photo-guided-pass1-changes.csv
어서 오세요.,거기 좋아요…,타임스탬프 사진과 장면 흐름으로 명백한 오인식 교정,중간,/mnt/data/new4_photo_guided_pass1/SSIS-400.photo-guided-pass1-changes.csv
한번에 하면 추워요.,한꺼번에 하면 아파요.,타임스탬프 사진과 장면 흐름으로 명백한 오인식 교정,중간,/mnt/data/new4_photo_guided_pass1/SSIS-400.photo-guided-pass1-changes.csv
보너스 장면은 아직 남아 있어요…,아직 끝난 거 아니야.,타임스탬프 사진과 장면 흐름으로 명백한 오인식 교정,중간,/mnt/data/new4_photo_guided_pass1/SSIS-400.photo-guided-pass1-changes.csv
보너스 장면으로 다시 돌아왔어요.,이번엔 네가 위에서 해 봐.,타임스탬프 사진과 장면 흐름으로 명백한 오인식 교정,중간,/mnt/data/new4_photo_guided_pass1/SSIS-400.photo-guided-pass1-changes.csv
계속 간 채로 있잖아…,계속 느끼고 있잖아…,타임스탬프 사진과 장면 흐름으로 명백한 오인식 교정,중간,/mnt/data/new4_photo_guided_pass1/SSIS-400.photo-guided-pass1-changes.csv
엄마?,왜?,타임스탬프 사진과 장면 흐름으로 명백한 오인식 교정,중간,/mnt/data/new4_photo_guided_pass1/SSIS-400.photo-guided-pass1-changes.csv
가 봐. 아직 조금 남았지?,움직여 봐. 아직 할 수 있지?,타임스탬프 사진과 장면 흐름으로 명백한 오인식 교정,중간,/mnt/data/new4_photo_guided_pass1/SSIS-400.photo-guided-pass1-changes.csv
일하고 나서.,이번엔 네가 해 줘.,타임스탬프 사진과 장면 흐름으로 명백한 오인식 교정,중간,/mnt/data/new4_photo_guided_pass1/SSIS-400.photo-guided-pass1-changes.csv
이제 시작할게.,"자, 시작해 봐.",타임스탬프 사진과 장면 흐름으로 명백한 오인식 교정,중간,/mnt/data/new4_photo_guided_pass1/SSIS-400.photo-guided-pass1-changes.csv
일이 되면…,제대로 핥아 줘.,타임스탬프 사진과 장면 흐름으로 명백한 오인식 교정,중간,/mnt/data/new4_photo_guided_pass1/SSIS-400.photo-guided-pass1-changes.csv
아무도 없어요.,아무도 안 보잖아.,타임스탬프 사진과 장면 흐름으로 명백한 오인식 교정,중간,/mnt/data/new4_photo_guided_pass1/SSIS-400.photo-guided-pass1-changes.csv
정말 좋아.,거기 좋아.,타임스탬프 사진과 장면 흐름으로 명백한 오인식 교정,중간,/mnt/data/new4_photo_guided_pass1/SSIS-400.photo-guided-pass1-changes.csv
저는…,더 해 줘.,타임스탬프 사진과 장면 흐름으로 명백한 오인식 교정,중간,/mnt/data/new4_photo_guided_pass1/SSIS-400.photo-guided-pass1-changes.csv
그렇군요.,네…,타임스탬프 사진과 장면 흐름으로 명백한 오인식 교정,높음,/mnt/data/new4_photo_guided_pass1/SSIS-400.photo-guided-pass1-changes.csv
마음이 편하네.,기분 좋네.,타임스탬프 사진과 장면 흐름으로 명백한 오인식 교정,중간,/mnt/data/new4_photo_guided_pass1/SSIS-400.photo-guided-pass1-changes.csv
"아, 정말인가…","아, 좋아…",타임스탬프 사진과 장면 흐름으로 명백한 오인식 교정,중간,/mnt/data/new4_photo_guided_pass1/SSIS-400.photo-guided-pass1-changes.csv
첫 바람에 4년 만의 섹스니까.,첫 외도에 4년 만의 섹스니까.,타임스탬프 사진과 장면 흐름으로 명백한 오인식 교정,높음,/mnt/data/new4_photo_guided_pass1/ADN-789.photo-guided-pass1-changes.csv
두 번째로 가게 해 줘…,한 번 더 가게 해 줘…,타임스탬프 사진과 장면 흐름으로 명백한 오인식 교정,높음,/mnt/data/new4_photo_guided_pass1/ADN-789.photo-guided-pass1-changes.csv
더 보지 소리 들려주지 않을래?,더 좋은 소리 들려주지 않을래?,타임스탬프 사진과 장면 흐름으로 명백한 오인식 교정,높음,/mnt/data/new4_photo_guided_pass1/ADN-789.photo-guided-pass1-changes.csv
스물넷.,아…,타임스탬프 사진과 장면 흐름으로 명백한 오인식 교정,중간,/mnt/data/new4_photo_guided_pass1/ADN-789.photo-guided-pass1-changes.csv
스물넷…,응…,타임스탬프 사진과 장면 흐름으로 명백한 오인식 교정,중간,/mnt/data/new4_photo_guided_pass1/ADN-789.photo-guided-pass1-changes.csv
스물…,하아…,타임스탬프 사진과 장면 흐름으로 명백한 오인식 교정,중간,/mnt/data/new4_photo_guided_pass1/ADN-789.photo-guided-pass1-changes.csv
스물여덟…,"아, 좋아…",타임스탬프 사진과 장면 흐름으로 명백한 오인식 교정,중간,/mnt/data/new4_photo_guided_pass1/ADN-789.photo-guided-pass1-changes.csv
스물…,아아…,타임스탬프 사진과 장면 흐름으로 명백한 오인식 교정,중간,/mnt/data/new4_photo_guided_pass1/ADN-789.photo-guided-pass1-changes.csv
서른여덟.,잠깐만…,타임스탬프 사진과 장면 흐름으로 명백한 오인식 교정,중간,/mnt/data/new4_photo_guided_pass1/ADN-789.photo-guided-pass1-changes.csv
자네만 괜찮다면 지난번 일의 계속도…,자네만 괜찮다면 지난번 일도 계속하고 싶은데…,타임스탬프 사진과 장면 흐름으로 명백한 오인식 교정,높음,/mnt/data/new4_photo_guided_pass1/ADN-789.photo-guided-pass1-changes.csv
경기 때문에 와 주셨습니다.,경기 건으로 와 주셨습니다.,사진 장면 확인 및 한국어 번역투 교정,높음,/mnt/data/new4_photo_guided_pass1/new4.photo-guided-pass1-all-changes.csv
오늘은 여기까지 모셔다드리죠.,오늘은 여기까지 모시겠습니다.,사진 장면 확인 및 한국어 번역투 교정,높음,/mnt/data/new4_photo_guided_pass1/new4.photo-guided-pass1-all-changes.csv
마음에 든 모양이군.,마음에 드신 모양이군.,사진 장면 확인 및 한국어 번역투 교정,높음,/mnt/data/new4_photo_guided_pass1/new4.photo-guided-pass1-all-changes.csv
"이번 기회는 너에게도, 방송국에도, 물론 나에게도 두 번 다시 없을 기회야.","이번 기회는 너에게도, 방송국에도, 나에게도 두 번 다시 없을 기회야.",사진 장면 확인 및 한국어 번역투 교정,높음,/mnt/data/new4_photo_guided_pass1/new4.photo-guided-pass1-all-changes.csv
나도 조건이 있어.,대신 조건이 하나 있어.,사진 장면 확인 및 한국어 번역투 교정,높음,/mnt/data/new4_photo_guided_pass1/new4.photo-guided-pass1-all-changes.csv
넣고 나서였어.,넣고 나니까 어때?,사진 장면 확인 및 한국어 번역투 교정,높음,/mnt/data/new4_photo_guided_pass1/new4.photo-guided-pass1-all-changes.csv
잘 부탁해. 많이 들어가네.,잘 부탁해. 깊이 들어가네.,사진 장면 확인 및 한국어 번역투 교정,높음,/mnt/data/new4_photo_guided_pass1/new4.photo-guided-pass1-all-changes.csv
멈추지 말고 계속하자.,멈추지 말고 계속해.,사진 장면 확인 및 한국어 번역투 교정,높음,/mnt/data/new4_photo_guided_pass1/new4.photo-guided-pass1-all-changes.csv
다음 주 중요한 현장에 쓸 자료를 어제 회사에서 스즈모리랑 둘이 야근하며 만들었지.,다음 주 중요한 현장에 쓸 자료를 어제 스즈모리와 둘이 야근하며 만들었지.,내레이션 어순 및 조사 교정,높음,/mnt/data/ABF337_ABF328_photo_guided_pass1/ABF-328.photo-guided-pass1-changes.csv
결국 일을 못 끝냈고 회사 문 닫을 시간까지 됐어.,"결국 일을 끝내지 못한 채 회사 문을 닫을 시간이 됐고,",내레이션 연결 자연화,높음,/mnt/data/ABF337_ABF328_photo_guided_pass1/ABF-328.photo-guided-pass1-changes.csv
둘 다 막차 시간도 놓쳐 버렸어.,둘 다 막차까지 놓쳐 버렸다.,내레이션 시제 일관성 교정,높음,/mnt/data/ABF337_ABF328_photo_guided_pass1/ABF-328.photo-guided-pass1-changes.csv
"나는 집이 멀고 스즈모리 집은 택시로 금방이라, 그 집에서 계속하기로 했지.",나는 집이 멀었고 스즈모리 집은 가까워 그 집에서 계속 작업하기로 했다.,긴 내레이션 압축 및 자연화,높음,/mnt/data/ABF337_ABF328_photo_guided_pass1/ABF-328.photo-guided-pass1-changes.csv
그러다 스즈모리 집에서 작업하다가 어느새 잠든 건가.,그러다 스즈모리 집에서 작업하다 나도 모르게 잠들었나 보다.,내레이션 자연화,높음,/mnt/data/ABF337_ABF328_photo_guided_pass1/ABF-328.photo-guided-pass1-changes.csv
얘도 자고 있는 걸 보니 둘 다 그대로 잠들어 버린 거군.,얘도 자고 있는 걸 보니 둘 다 그대로 잠들어 버렸나 봐.,부자연스러운 줄바꿈 교정,높음,/mnt/data/ABF337_ABF328_photo_guided_pass1/ABF-328.photo-guided-pass1-changes.csv
"- 아까 제대로 해 주지도 않았잖아. 괜찮잖아, 조금만. 이미 이렇게 됐고. - 정말 안 돼. 뭐가 괜찮아? 네가 멋대로 그런 거잖아.",- 아까 제대로 해 주지도 않았잖아. 조금만 하자. - 안 돼. 네가 멋대로 시작한 거잖아.,지나치게 긴 두 화자 대사 압축,중간,/mnt/data/ABF337_ABF328_photo_guided_pass1/ABF-328.photo-guided-pass1-changes.csv
핥아달라고 졸라대면서 '그때 가서'가 뭐야?,핥아 달라고 졸라대면서 '그때 가서'가 뭐야?,긴 문장 줄바꿈 및 자연화,높음,/mnt/data/ABF337_ABF328_photo_guided_pass1/ABF-328.photo-guided-pass1-changes.csv
얼굴에 묻었는데 바로 닦지를 못했어.,얼굴에 묻었는데 바로 닦아 주지 못했어.,한국어 목적어·서술어 자연화,중간,/mnt/data/ABF337_ABF328_photo_guided_pass1/ABF-328.photo-guided-pass1-changes.csv
오늘 색다른 경험을 다 해 보네.,오늘 색다른 경험은 다 해 보네.,조사 교정,높음,/mnt/data/ABF337_ABF328_photo_guided_pass1/ABF-328.photo-guided-pass1-changes.csv
끝까지 잘 해냈어.,끝까지 잘 해냈네.,대화체 종결 자연화,높음,/mnt/data/ABF337_ABF328_photo_guided_pass1/ABF-328.photo-guided-pass1-changes.csv
"아, 안녕하세요. 정말 아름다운 분이 와 주셨네요.","아, 안녕하세요. 정말 아름다운 분이 오셨네요.",첫 만남 대사 자연화,높음,/mnt/data/ABF337_ABF328_photo_guided_pass1/ABF337_ABF328.all-changes.csv
괜찮으시다면 오늘 데이트하는 느낌으로 해 볼게요.,괜찮으시다면 오늘은 데이트하는 느낌으로 진행할게요.,데이트 장면 문장 자연화,높음,/mnt/data/ABF337_ABF328_photo_guided_pass1/ABF337_ABF328.all-changes.csv
차를 세웠는데도 긴장되네요.,차에 타니까 더 긴장되네요.,차량 장면과 문장 불일치 교정,높음,/mnt/data/ABF337_ABF328_photo_guided_pass1/ABF337_ABF328.all-changes.csv
엄청나네요.,"와, 정말 크네요.",대형 선박 장면에 맞는 표현 교정,높음,/mnt/data/ABF337_ABF328_photo_guided_pass1/ABF337_ABF328.all-changes.csv
저쪽에 엔진이 있네요.,저쪽이 엔진실인가 봐요.,선박 관람 장면 표현 자연화,중간,/mnt/data/ABF337_ABF328_photo_guided_pass1/ABF337_ABF328.all-changes.csv
여기엔 아직 부족하다고 적혀 있나요?,여기엔 뭐라고 적혀 있어요?,의미가 깨진 안내문 관련 문장 교정,중간,/mnt/data/ABF337_ABF328_photo_guided_pass1/ABF337_ABF328.all-changes.csv
차 안에는 따로 아무것도 없나요?,배 안에는 따로 볼 게 없나요?,'차 안' 사물 오인식 교정,높음,/mnt/data/ABF337_ABF328_photo_guided_pass1/ABF337_ABF328.all-changes.csv
평소와 다른 반응을 보이는 것 같아요.,평소와는 반응이 좀 다른 것 같아요.,한국어 어순 자연화,높음,/mnt/data/ABF337_ABF328_photo_guided_pass1/ABF337_ABF328.all-changes.csv
거기 앉으면 안 돼.,거기 앉으면 안 돼요.,앞 장면 존댓말 일관성 교정,높음,/mnt/data/ABF337_ABF328_photo_guided_pass1/ABF337_ABF328.all-changes.csv
지금 표정이 어때? 억지로 안 참아도 돼…,지금 표정이 어때? 억지로 참지 않아도 돼.,반복 표현과 어순 교정,높음,/mnt/data/ABF337_ABF328_photo_guided_pass1/ABF337_ABF328.all-changes.csv
대단하네요. 예쁘신데 대화도 잘 통하네요.,정말 대단하네요. 예쁘신 데다 대화도 잘 통하고요.,긴 칭찬 문장 자연화,높음,/mnt/data/ABF337_ABF328_photo_guided_pass1/ABF337_ABF328.all-changes.csv
집에 가족이 있을 때는 조심해야 해요.,집에 가족이 있을 땐 조심해야 해요.,마지막 조언 문장 자연화,높음,/mnt/data/ABF337_ABF328_photo_guided_pass1/ABF337_ABF328.all-changes.csv
저는 엄청 비를 몰고 다니는 편인데 오늘은 맑아서 다행이에요. 도착했습니다.,저 원래 비를 몰고 다니는 편인데 오늘은 맑아서 다행이에요. 도착했네요.,,,/mnt/data/final_20_deep_natural_v4/all-files.second-pass-changes.csv
온몸으로 느끼고 있네.,온몸으로 느끼네.,,,/mnt/data/final_20_deep_natural_v4/all-files.second-pass-changes.csv
가능해?,할 수 있어?,,,/mnt/data/final_20_deep_natural_v4/all-files.second-pass-changes.csv
유두도.,젖꼭지도.,,,/mnt/data/final_20_deep_natural_v4/all-files.second-pass-changes.csv
유두에 닿고 있어요.,젖꼭지에 닿아요.,,,/mnt/data/final_20_deep_natural_v4/all-files.second-pass-changes.csv
유두? 응.,젖꼭지? 응.,,,/mnt/data/final_20_deep_natural_v4/all-files.second-pass-changes.csv
항문.,엉덩이 구멍.,,,/mnt/data/final_20_deep_natural_v4/all-files.second-pass-changes.csv
"대박, 유두는 커져 있어.","대박, 젖꼭지도 딱 섰네.",,,/mnt/data/final_20_deep_natural_v4/all-files.second-pass-changes.csv
"그럼, 먼저 유두를 한 번 더 할까…",그럼 젖꼭지부터 한 번 더 핥아 줄까…,,,/mnt/data/final_20_deep_natural_v4/all-files.second-pass-changes.csv
유두 넣고 있는 것 같아.,젖꼭지가 자지에 닿아 있네.,,,/mnt/data/final_20_deep_natural_v4/all-files.second-pass-changes.csv
유두가 딱딱하잖아.,젖꼭지도 딱딱해졌잖아.,,,/mnt/data/final_20_deep_natural_v4/all-files.second-pass-changes.csv
이렇게나 되었네…,이렇게 됐네…,,,/mnt/data/final_20_deep_natural_v4/all-files.second-pass-changes.csv
엄청 느끼고 있잖아.,엄청 좋아하잖아.,,,/mnt/data/final_20_deep_natural_v4/all-files.second-pass-changes.csv
자지 핥은 것만으로 이렇게 되었잖아…,자지 좀 핥았다고 이렇게 됐잖아…,,,/mnt/data/final_20_deep_natural_v4/all-files.second-pass-changes.csv
안과 입에 박힌 자지는 갈수록 거칠게 움직였다.,보지 안과 입에 들어온 자지는 갈수록 거칠게 움직였다.,,,/mnt/data/final_20_deep_natural_v4/all-files.second-pass-changes.csv
안쪽은 사정없이 헤집어졌고 목구멍 깊숙이 찔렸다.,안쪽은 사정없이 헤집어졌고 목구멍까지 깊숙이 찔렸다.,,,/mnt/data/final_20_deep_natural_v4/all-files.second-pass-changes.csv
뜨거운 정액이 안쪽 깊숙이 한꺼번에 쏟아졌다.,뜨거운 정액이 보지 깊숙이 한꺼번에 쏟아졌다.,,,/mnt/data/final_20_deep_natural_v4/all-files.second-pass-changes.csv
원치 않는 쾌감이 점점 커졌다.,싫은데도 몸은 점점 더 달아올랐다.,,,/mnt/data/final_20_deep_natural_v4/all-files.second-pass-changes.csv
레이지에게 받은 애무 탓일지도 모른다.,레이지에게 받은 애무 탓인지도 몰랐다.,,,/mnt/data/final_20_deep_natural_v4/all-files.second-pass-changes.csv
하지만 더 견디기 힘든 건 따로 있었다.,하지만 정말 견디기 힘든 건 따로 있었다.,,,/mnt/data/final_20_deep_natural_v4/all-files.second-pass-changes.csv
억지로 입으로 하게 만든 남자는 멋대로 명령했다.,입으로 하게 만든 남자는 제멋대로 명령했다.,,,/mnt/data/final_20_deep_natural_v4/all-files.second-pass-changes.csv
제멋대로인 말을 계속 퍼부었다.,자기 좋을 대로 말을 쏟아냈다.,,,/mnt/data/final_20_deep_natural_v4/all-files.second-pass-changes.csv
자지 끝을 밀어내려다 오히려 혀로 자극하고 말았다.,자지 끝을 밀어내려 했지만 오히려 혀로 자극하고 말았다.,,,/mnt/data/final_20_deep_natural_v4/all-files.second-pass-changes.csv
결국 남자만 더 기분 좋게 만들고 있었다.,결국 남자를 더 흥분시킬 뿐이었다.,,,/mnt/data/final_20_deep_natural_v4/all-files.second-pass-changes.csv
왕복 속도가 점점 빨라졌다.,움직임이 점점 빨라졌다.,,,/mnt/data/final_20_deep_natural_v4/all-files.second-pass-changes.csv
거친 움직임에 쾌감이 점점 커졌다.,거칠게 움직일수록 몸은 더 달아올랐다.,,,/mnt/data/final_20_deep_natural_v4/all-files.second-pass-changes.csv
억눌렀던 목소리가 새어 나왔다.,억눌렀던 신음이 새어 나왔다.,,,/mnt/data/final_20_deep_natural_v4/all-files.second-pass-changes.csv
이 비정상적인 상황 속에서 정신이 흐려졌다.,비정상적인 상황에 정신이 아득해졌다.,,,/mnt/data/final_20_deep_natural_v4/all-files.second-pass-changes.csv
아야카의 이성은 이미 무너지고 있었다.,아야카의 이성은 이미 무너져 내리고 있었다.,,,/mnt/data/final_20_deep_natural_v4/all-files.second-pass-changes.csv
정신은 붕괴 직전까지 몰렸다.,정신은 한계까지 몰렸다.,,,/mnt/data/final_20_deep_natural_v4/all-files.second-pass-changes.csv
어느덧 거친 숨소리가 섞여 있었다.,어느새 거친 숨소리까지 섞였다.,,,/mnt/data/final_20_deep_natural_v4/all-files.second-pass-changes.csv
하츠네도 치어리더 음악에 맞춰 하고 있는 걸까.,하츠네도 치어리더 음악에 맞춰 움직이고 있는 걸까.,,,/mnt/data/final_20_deep_natural_v4/all-files.second-pass-changes.csv
남자는 갑자기 일어나 입을 닦았다.,남자는 갑자기 몸을 일으키며 입에서 자지를 뺐다.,,,/mnt/data/final_20_deep_natural_v4/all-files.second-pass-changes.csv
“하는 게 당연하잖아.”,“당연히 하는 거지.”,,,/mnt/data/final_20_deep_natural_v4/all-files.second-pass-changes.csv
“저렇게 좋은 애랑 사귀면서.”,“저렇게 좋은 여자랑 사귀면서.”,,,/mnt/data/final_20_deep_natural_v4/all-files.second-pass-changes.csv
연인이 당하는 모습을 보며 혼자 사정한 마사토도 다르지 않았다.,연인이 당하는 모습을 보며 혼자 사정한 마사토도 결국 다르지 않았다.,,,/mnt/data/final_20_deep_natural_v4/all-files.second-pass-changes.csv
결국 이곳의 야구부원들과 같은 인간일지도 몰랐다.,그 역시 이곳의 야구부원들과 같은 인간인지도 몰랐다.,,,/mnt/data/final_20_deep_natural_v4/all-files.second-pass-changes.csv
그도 욕망에 휘둘리는 남자였을 뿐이다.,욕망에 휘둘리는 남자일 뿐이었다.,,,/mnt/data/final_20_deep_natural_v4/all-files.second-pass-changes.csv
상처는 마음속 깊이 남았다.,그 상처는 마음 깊이 남았다.,,,/mnt/data/final_20_deep_natural_v4/all-files.second-pass-changes.csv
안과 입에 박힌 자지는 계속 거칠게 움직였다.,보지와 입을 채운 자지는 계속 거칠게 움직였다.,,,/mnt/data/final_20_deep_natural_v4/all-files.second-pass-changes.csv
안에 박힌 자지가 뜨겁게 움직일 때마다 쾌감이 번졌다.,안에서 뜨겁게 움직일 때마다 온몸이 달아올랐다.,,,/mnt/data/final_20_deep_natural_v4/all-files.second-pass-changes.csv
안쪽을 세게 쑤실 때마다 몸이 떨렸다.,깊숙이 찌를 때마다 몸이 떨렸다.,,,/mnt/data/final_20_deep_natural_v4/all-files.second-pass-changes.csv
자지에서 풍기는 냄새마저 자극적으로 느껴졌다.,자지에서 나는 냄새마저 자극적으로 느껴졌다.,,,/mnt/data/final_20_deep_natural_v4/all-files.second-pass-changes.csv
그에게서 풍기는 체취마저 이상하게 흥분을 더했다.,남자의 체취까지 이상하게 흥분을 더했다.,,,/mnt/data/final_20_deep_natural_v4/all-files.second-pass-changes.csv
그 냄새마저 쾌감을 키웠다.,그 냄새까지 몸을 더 달아오르게 했다.,,,/mnt/data/final_20_deep_natural_v4/all-files.second-pass-changes.csv
조미료가 돼 있었다.,마치 자극을 더하는 양념 같았다.,,,/mnt/data/final_20_deep_natural_v4/all-files.second-pass-changes.csv
의식이 몽롱해지면서 나도 모르게 허리를 들썩이고 있었다.,의식이 흐려지자 나도 모르게 허리를 들썩였다.,,,/mnt/data/final_20_deep_natural_v4/all-files.second-pass-changes.csv
좋습니다.,좋아요.,,,/mnt/data/final_20_deep_natural_v4/all-files.second-pass-changes.csv
어째서?,왜?,,,/mnt/data/final_20_deep_natural_v4/all-files.second-pass-changes.csv
어째서.,왜 그러지?,,,/mnt/data/final_20_deep_natural_v4/all-files.second-pass-changes.csv
서로 다른 방식으로 해 보려고.,오늘은 서로 원하는 대로 해 보려고.,,,/mnt/data/final_20_deep_natural_v4/all-files.second-pass-changes.csv
고환 좋아해?,불알 좋아해?,,,/mnt/data/final_20_deep_natural_v4/all-files.second-pass-changes.csv
고환 좋아해.,불알 좋아해.,,,/mnt/data/final_20_deep_natural_v4/all-files.second-pass-changes.csv
아…. 아…. 아….,아… 아… 아…,,,/mnt/data/final_20_deep_natural_v4/all-files.second-pass-changes.csv
아….,아…,,,/mnt/data/final_20_deep_natural_v4/all-files.second-pass-changes.csv
아……,아…,,,/mnt/data/final_20_deep_natural_v4/all-files.second-pass-changes.csv
아아….,아아…,,,/mnt/data/final_20_deep_natural_v4/all-files.second-pass-changes.csv
"싫어, 아…. 아… 아….","싫어, 아… 아… 아…",,,/mnt/data/final_20_deep_natural_v4/all-files.second-pass-changes.csv
눈치채지 마.,들키면 안 돼.,,,/mnt/data/final_20_deep_natural_v4/all-files.second-pass-changes.csv
"아, 기절할 것 같은 모습.",와… 기절할 것 같아.,,,/mnt/data/final_20_deep_natural_v4/all-files.second-pass-changes.csv
들어가지 않네.,잘 안 들어가네.,,,/mnt/data/final_20_deep_natural_v4/all-files.second-pass-changes.csv
진짜 엄청나게 섹스했네.,오늘 진짜 엄청 했네.,,,/mnt/data/final_20_deep_natural_v4/all-files.second-pass-changes.csv
술꾼들이 마시는 방식이에요.,술 좋아하는 사람들은 이렇게 천천히 먹어요.,,,/mnt/data/final_20_deep_natural_v4/all-files.second-pass-changes.csv
그런 방식이거든.,그렇게 구분하는 거야.,,,/mnt/data/final_20_deep_natural_v4/all-files.second-pass-changes.csv
이렇게 하면 두 배로 느껴져요.,향까지 나니까 두 배로 좋아요.,,,/mnt/data/final_20_deep_natural_v4/all-files.second-pass-changes.csv
그래도 멈출 생각은 없어요.,그래도 멈추진 않을 거예요.,,,/mnt/data/final_20_deep_natural_v4/all-files.second-pass-changes.csv
좀 더 편하게 말해 줘.,편하게 말해 줘.,,,/mnt/data/final_20_deep_natural_v4/all-files.second-pass-changes.csv
그리고…,그리고 거기도…,,,/mnt/data/final_20_deep_natural_v4/all-files.second-pass-changes.csv
좀 쉬게 됐네.,이제 좀 쉬자.,,,/mnt/data/final_20_deep_natural_v4/all-files.second-pass-changes.csv
잘 받아주고 있네.,너무 자연스럽게 받아주네.,,,/mnt/data/final_20_deep_natural_v4/all-files.second-pass-changes.csv
이번에는 네가 좋아하는 방식으로 해 줄게.,이번엔 네가 좋아하는 대로 해 줄게.,,,/mnt/data/final_20_deep_natural_v4/all-files.second-pass-changes.csv
그리고 이 자세로 바꿉니다.,이 자세로 바꿔 볼게요.,,,/mnt/data/final_20_deep_natural_v4/all-files.second-pass-changes.csv
너와 함께 맛보고 싶다는 뜻이야.,너와 같이 느끼고 싶다는 뜻이야.,,,/mnt/data/final_20_deep_natural_v4/all-files.second-pass-changes.csv
몸을 생각하면 제대로 하는 게 맞아요.,몸에 무리가 가지 않게 제대로 해야 해요.,,,/mnt/data/final_20_deep_natural_v4/all-files.second-pass-changes.csv
너무 놀라지는 않았어요.,그렇게 놀라진 않았어요.,,,/mnt/data/final_20_deep_natural_v4/all-files.second-pass-changes.csv
배를 채우고 나니 몸에 남은 냄새가 느껴져요.,배에 힘을 빼니까 안쪽까지 잘 느껴져요.,,,/mnt/data/final_20_deep_natural_v4/all-files.second-pass-changes.csv
숨을 참으면 배에 힘이 들어간다는 뜻이에요.,숨을 참으면 배에 힘이 들어가요.,,,/mnt/data/final_20_deep_natural_v4/all-files.second-pass-changes.csv
수고하셨습니다.,수고했어요.,,,/mnt/data/final_20_deep_natural_v4/all-files.second-pass-changes.csv
너도 느끼고 있었잖아.,너도 좋아했잖아.,,,/mnt/data/final_20_deep_natural_v4/all-files.second-pass-changes.csv
유두도 좋아?,젖꼭지도 좋아?,,,/mnt/data/final_20_deep_natural_v4/all-files.second-pass-changes.csv
유두 말이야.,젖꼭지 말이야.,,,/mnt/data/final_20_deep_natural_v4/all-files.second-pass-changes.csv
유두를 좋아하니까.,젖꼭지를 좋아하니까.,,,/mnt/data/final_20_deep_natural_v4/all-files.second-pass-changes.csv
그리고…,그리고 이제…,,,/mnt/data/final_20_deep_natural_v4/all-files.second-pass-changes.csv
여기서도 떨리는 게 느껴져요.,여기도 떨리고 있어요.,,,/mnt/data/final_20_deep_natural_v4/all-files.second-pass-changes.csv
"제가 제일 좋아하는 방식인데, 상대가 남자가 아니라서 좀 하기 어렵네요.","제가 제일 좋아하는 자세인데, 남자 없이 하려니 좀 어렵네요.",,,/mnt/data/final_20_deep_natural_v4/all-files.second-pass-changes.csv
일단 한번 빼겠습니다.,일단 빼 볼게요.,,,/mnt/data/final_20_deep_natural_v4/all-files.second-pass-changes.csv
남아 있는 끈을 빼겠습니다.,남은 끈을 빼 볼게요.,,,/mnt/data/final_20_deep_natural_v4/all-files.second-pass-changes.csv
나머지도 정리하고 끈을 빼겠습니다.,나머지도 정리하고 끈을 뺄게요.,,,/mnt/data/final_20_deep_natural_v4/all-files.second-pass-changes.csv
오른쪽 아래쪽 끈도 빼겠습니다.,오른쪽 아래 끈도 뺄게요.,,,/mnt/data/final_20_deep_natural_v4/all-files.second-pass-changes.csv
유두를 좋아해요.,젖꼭지를 좋아해요.,,,/mnt/data/final_20_deep_natural_v4/all-files.second-pass-changes.csv
유두가 서 있네.,젖꼭지가 딱 섰네.,,,/mnt/data/final_20_deep_natural_v4/all-files.second-pass-changes.csv
이 자세가 더 잘 느껴져요.,이 자세가 더 좋아요.,,,/mnt/data/final_20_deep_natural_v4/all-files.second-pass-changes.csv
하지만…,그래도…,,,/mnt/data/final_20_deep_natural_v4/all-files.second-pass-changes.csv
유두도 좋아.,젖꼭지도 좋아.,,,/mnt/data/final_20_deep_natural_v4/all-files.second-pass-changes.csv
잘 느껴져요?,어디가 좋은지 느껴져요?,,,/mnt/data/final_20_deep_natural_v4/all-files.second-pass-changes.csv
이대로 서로 움직여 보는 게 중요해.,이대로 서로 움직여 봐야 해.,,,/mnt/data/final_20_deep_natural_v4/all-files.second-pass-changes.csv
느끼고 있어.,좋아하고 있어.,,,/mnt/data/final_20_deep_natural_v4/all-files.second-pass-changes.csv
예정되었던 회의가 연기됐어.,잡혀 있던 회의가 미뤄졌어.,,,/mnt/data/final_20_deep_natural_v4/all-files.second-pass-changes.csv
일정이 취소되었단다.,일정이 취소됐단다.,,,/mnt/data/final_20_deep_natural_v4/all-files.second-pass-changes.csv
따뜻해… 엄청 느껴지네요.,따뜻해… 안쪽까지 느껴져요.,,,/mnt/data/final_20_deep_natural_v4/all-files.second-pass-changes.csv
그 후로 우리 두 사람의 기묘한 관계는 계속되었다.,그 뒤로도 우리 둘의 이상한 관계는 계속됐다.,,,/mnt/data/final_20_deep_natural_v4/all-files.second-pass-changes.csv
아이를 갖는 큰일을 겪으면 사람도 달라지지.,아이를 낳고 나면 사람도 달라지지.,,,/mnt/data/final_20_deep_natural_v4/all-files.second-pass-changes.csv
불가능해요.,그건 안 돼요.,,,/mnt/data/final_20_deep_natural_v4/all-files.second-pass-changes.csv
그런 뜻이 아니라 임신은 불가능하다고요.,"그 말이 아니라, 저희는 임신 자체가 안 된다고요.",,,/mnt/data/final_20_deep_natural_v4/all-files.second-pass-changes.csv
부장님과는 그날이 마지막이었다. 남편과의 섹스리스는 계속됐지만 이제 괜찮았다.,부장님과의 관계는 그날로 끝났다. 남편과의 섹스리스는 계속됐지만 이제는 괜찮았다.,,,/mnt/data/final_20_deep_natural_v4/all-files.second-pass-changes.csv
유두도 만져 봐.,젖꼭지도 만져 봐.,,,/mnt/data/final_20_deep_natural_v4/all-files.second-pass-changes.csv
유두 좋아해?,젖꼭지 좋아해?,,,/mnt/data/final_20_deep_natural_v4/all-files.second-pass-changes.csv
유두도 입에 넣어 봐.,젖꼭지도 입에 넣어 봐.,,,/mnt/data/final_20_deep_natural_v4/all-files.second-pass-changes.csv
유두하고…,젖꼭지하고…,,,/mnt/data/final_20_deep_natural_v4/all-files.second-pass-changes.csv
정말 느껴져요.,확실히 느껴져요.,,,/mnt/data/final_20_deep_natural_v4/all-files.second-pass-changes.csv
마음을 열어 주었고 정말 친해져서 성관계도 할 수 있게 됐습니다.,"마음을 열어 줬고, 이제는 정말 가까워져서 잠자리까지 가질 수 있었어요.",,,/mnt/data/final_20_deep_natural_v4/all-files.second-pass-changes.csv
"마지막 날이니 오늘도 함께하고, 끝에는 둘 다 웃으며 작별하고 싶습니다.","마지막 날인 만큼 오늘도 함께하고, 끝에는 둘 다 웃으면서 헤어지고 싶어요.",,,/mnt/data/final_20_deep_natural_v4/all-files.second-pass-changes.csv
열심히 하겠습니다.,힘내 볼게요.,,,/mnt/data/final_20_deep_natural_v4/all-files.second-pass-changes.csv
처음 만났을 때와 달리 이제는 서로에게 익숙해졌습니다.,처음 만났을 때와 달리 이제는 서로 많이 편해졌어요.,,,/mnt/data/final_20_deep_natural_v4/all-files.second-pass-changes.csv
마지막으로 진심을 나눌 시간이 필요합니다.,마지막으로 마음을 나눌 시간이 필요해요.,,,/mnt/data/final_20_deep_natural_v4/all-files.second-pass-changes.csv
그런 마음이라고 합니다.,그런 마음인 것 같아요.,,,/mnt/data/final_20_deep_natural_v4/all-files.second-pass-changes.csv
고환도 마찬가지야. 이쪽도 전부 제대로 빨아.,불알도 똑같이. 여기도 제대로 빨아.,,,/mnt/data/final_20_deep_natural_v4/all-files.second-pass-changes.csv
유두를 이렇게 세우고.,젖꼭지도 이렇게 세우고.,,,/mnt/data/final_20_deep_natural_v4/all-files.second-pass-changes.csv
유두에도 침을 잔뜩 묻혀.,젖꼭지에도 침 잔뜩 묻혀.,,,/mnt/data/final_20_deep_natural_v4/all-files.second-pass-changes.csv
남자친구와 통화하면서 몸을 핥아 주니 느끼고 있었던 거지.,남자친구랑 통화하는 동안 핥아 주니까 좋아했잖아.,,,/mnt/data/final_20_deep_natural_v4/all-files.second-pass-changes.csv
"상대가 기분 좋아지지 않으면 의미가 없다고 생각해서, 조금 대화도 하면서 자극하는 게 제 방식이에요.","상대가 좋아하지 않으면 의미가 없으니까, 대화하면서 천천히 자극하는 편이에요.",,,/mnt/data/final_20_deep_natural_v4/all-files.second-pass-changes.csv
"여러 번 사정시킨 뒤 욕실에 가서 둘이 몸을 씻었어요. 본인은 이제 무리라고 했는데 그 뒤에도 또 해 줘서, 그건 성공한 것 같아요.","몇 번 싸게 한 다음 욕실에서 같이 씻었어요. 이제 무리라고 했는데도 또 해 줘서, 나름 성공한 것 같아요.",,,/mnt/data/final_20_deep_natural_v4/all-files.second-pass-changes.csv
그리고 유두.,그리고 젖꼭지도.,,,/mnt/data/final_20_deep_natural_v4/all-files.second-pass-changes.csv
"아, 유두는 안 돼요.","아, 젖꼭지는 안 돼요.",,,/mnt/data/final_20_deep_natural_v4/all-files.second-pass-changes.csv
유두는 안 돼?,젖꼭지는 안 돼?,,,/mnt/data/final_20_deep_natural_v4/all-files.second-pass-changes.csv
"저, 전 직장에서는 디지털 쇼 하청업체에서 개인정보를 다루는 시스템 프로그램을 구축했습니다. 격무로 몸이 상해 잠시 휴직 중이었습니다.",전 직장에서는 IT 하청업체에서 개인정보를 다루는 시스템을 만들었습니다. 일이 너무 힘들어 몸을 망치고 잠시 쉬고 있었습니다.,,,/mnt/data/final_20_deep_natural_v4/all-files.second-pass-changes.csv
"어, 벌써 느끼고 있잖아.","어, 벌써 좋아하고 있잖아.",,,/mnt/data/final_20_deep_natural_v4/all-files.second-pass-changes.csv
"그 사람, 격투기를 했었거든.","그 사람, 격투기 했었거든.",,,/mnt/data/final_20_deep_natural_v4/all-files.second-pass-changes.csv
해방된 사람에게 힘을 실어줍니다.,[불명],,,/mnt/data/final_natural_ko_bundle/all-files.changes.csv
"앨리스, 근무 중에는 말이야...","앨리스, 근무 중에는 말이야…",,,/mnt/data/final_natural_ko_bundle/all-files.changes.csv
"유리 옆을, 유리 옆을 올려주세요.",[불명],,,/mnt/data/final_natural_ko_bundle/all-files.changes.csv
하아...,하아…,,,/mnt/data/final_natural_ko_bundle/all-files.changes.csv
으응...,으응…,,,/mnt/data/final_natural_ko_bundle/all-files.changes.csv
으음...,으음…,,,/mnt/data/final_natural_ko_bundle/all-files.changes.csv
먹어봤습니다.,먹어 볼게요.,,,/mnt/data/final_natural_ko_bundle/all-files.changes.csv
이제 가겠습니다.,이제 갈 것 같아요.,,,/mnt/data/final_natural_ko_bundle/all-files.changes.csv
당신을 위해 도망치겠습니다.,[불명],,,/mnt/data/final_natural_ko_bundle/all-files.changes.csv
식사를 하게 해주세요.,먹게 해 주세요.,,,/mnt/data/final_natural_ko_bundle/all-files.changes.csv
그게 뭔지 찾아보세요.,어디가 좋은지 찾아봐요.,,,/mnt/data/final_natural_ko_bundle/all-files.changes.csv
"그건, 뭔지 찾아보세요.",어디가 좋은지 찾아봐요.,,,/mnt/data/final_natural_ko_bundle/all-files.changes.csv
파워.,더 세게…,,,/mnt/data/final_natural_ko_bundle/all-files.changes.csv
우리는 그걸 시도해보고 있지만...,이렇게 해 보니까…,,,/mnt/data/final_natural_ko_bundle/all-files.changes.csv
아...,아…,,,/mnt/data/final_natural_ko_bundle/all-files.changes.csv
"아--, 아--, 진짜로...","아…, 아…, 진짜로…",,,/mnt/data/final_natural_ko_bundle/all-files.changes.csv
"아---, 아--, 아---","아…, 아…, 아…",,,/mnt/data/final_natural_ko_bundle/all-files.changes.csv
"잠깐만,",잠깐만,,,/mnt/data/final_natural_ko_bundle/all-files.changes.csv
...4,[불명],,,/mnt/data/final_natural_ko_bundle/all-files.changes.csv
"아, 안녕. 저기 말야, 지난번 일을 사과하려고... 내가 좀 폐를 끼쳤지?","아, 안녕. 저기 말야, 지난번 일을 사과하려고… 내가 좀 폐를 끼쳤지?",,,/mnt/data/final_natural_ko_bundle/all-files.changes.csv
"다음부터 시급도 제대로 조금 올려줄 테니까, 응?",다음부터 시급도 제대로 조금 올려줄 테니까 응?,,,/mnt/data/final_natural_ko_bundle/all-files.changes.csv
좀처럼 누가 안 가르쳐주잖아?,좀처럼 누가 안 가르쳐 주잖아?,,,/mnt/data/final_natural_ko_bundle/all-files.changes.csv
모두.,전부…,,,/mnt/data/final_natural_ko_bundle/all-files.changes.csv
으...,으…,,,/mnt/data/final_natural_ko_bundle/all-files.changes.csv
정말 예쁜 가슴이네...,정말 예쁜 가슴이네…,,,/mnt/data/final_natural_ko_bundle/all-files.changes.csv
남한테 별로 주물러진 적 없지...,남한테 별로 주물러진 적 없지…,,,/mnt/data/final_natural_ko_bundle/all-files.changes.csv
"봐봐, 또 가르쳐 줄 테니까...","봐봐, 또 가르쳐 줄 테니까…",,,/mnt/data/final_natural_ko_bundle/all-files.changes.csv
"자, 혀를 조금 내밀어봐...","자, 혀를 조금 내밀어봐…",,,/mnt/data/final_natural_ko_bundle/all-files.changes.csv
입안도 달콤하네...,입안도 달콤하네…,,,/mnt/data/final_natural_ko_bundle/all-files.changes.csv
기다려 주세요...,기다려 주세요…,,,/mnt/data/final_natural_ko_bundle/all-files.changes.csv
그만해...,그만해…,,,/mnt/data/final_natural_ko_bundle/all-files.changes.csv
겨드랑이 밑도...,겨드랑이 밑도…,,,/mnt/data/final_natural_ko_bundle/all-files.changes.csv
이렇게 좋은 향기 나는 건 처음이다...,이렇게 좋은 향기 나는 건 처음이다…,,,/mnt/data/final_natural_ko_bundle/all-files.changes.csv
"어머니, 핥아본 적 없지...",보지 핥아본 적 없지…,,,/mnt/data/final_natural_ko_bundle/all-files.changes.csv
응...,응…,,,/mnt/data/final_natural_ko_bundle/all-files.changes.csv
이렇게나 되었네...,이렇게나 되었네…,,,/mnt/data/final_natural_ko_bundle/all-files.changes.csv
"으음, 어린아이 맛이라 맛있네...",젊은 애라 맛있네…,,,/mnt/data/final_natural_ko_bundle/all-files.changes.csv
"싫다면서, 너 어린 딸 냄새가 나잖아.",젊은 애 냄새가 나잖아.,,,/mnt/data/final_natural_ko_bundle/all-files.changes.csv
"싫지 않은 거잖아, 흠뻑 젖어있는 게 보이는데 말이지.","싫지 않은 거잖아, 흠뻑 젖어 있는 게 보이는데 말이지.",,,/mnt/data/final_natural_ko_bundle/all-files.changes.csv
엄청 실을 늘리고 있어. 팬티가 맛있어 보이잖아...,엄청 실을 늘리고 있어. 팬티가 맛있어 보이잖아…,,,/mnt/data/final_natural_ko_bundle/all-files.changes.csv
"보지 흠뻑 젖어있네, 너.","보지가 흠뻑 젖어 있네, 너.",,,/mnt/data/final_natural_ko_bundle/all-files.changes.csv
몸을 떨고 있어봐.,계속 떨고 있네.,,,/mnt/data/final_natural_ko_bundle/all-files.changes.csv
보여줘. 똥꼬도 엄청 깨끗하네.,보여 줘. 똥꼬도 엄청 깨끗하네.,,,/mnt/data/final_natural_ko_bundle/all-files.changes.csv
엉덩이를 먹을게.,엉덩이도 핥아 줄게.,,,/mnt/data/final_natural_ko_bundle/all-files.changes.csv
엉덩이를 먹는다.,엉덩이도 핥아 줄게.,,,/mnt/data/final_natural_ko_bundle/all-files.changes.csv
좋았다.,좋지?,,,/mnt/data/final_natural_ko_bundle/all-files.changes.csv
"잠깐 핥아보고 나서, 내 몸, 혀를 써서 내가 핥았던 것처럼 가르쳐 줄 테니까 더 빨고 해봐.",내가 핥았던 것처럼 혀를 써서 더 빨아 봐. 내가 가르쳐 줄게.,,,/mnt/data/final_natural_ko_bundle/all-files.changes.csv
"이런 건 좀처럼 가르쳐주지 않으니까, 모처럼이니까, 자, 자지 빠는 법도 봐봐.","이런 건 좀처럼 가르쳐 주지 않으니까 모처럼이니까, 자, 자지 빠는 법도 봐봐.",,,/mnt/data/final_natural_ko_bundle/all-files.changes.csv
"자, 이렇게 되어서, 우리도.",[불명],,,/mnt/data/final_natural_ko_bundle/all-files.changes.csv
오-...,오-…,,,/mnt/data/final_natural_ko_bundle/all-files.changes.csv
엄청 깊이 들어가잖아...,엄청 깊이 들어가잖아…,,,/mnt/data/final_natural_ko_bundle/all-files.changes.csv
자지 핥은 것만으로 이렇게 되었잖아...,자지 핥은 것만으로 이렇게 되었잖아…,,,/mnt/data/final_natural_ko_bundle/all-files.changes.csv
팽팽하네...,팽팽하네…,,,/mnt/data/final_natural_ko_bundle/all-files.changes.csv
그럼 더 가르쳐 줄 테니까 침대 좀 쓸게...,그럼 더 가르쳐 줄 테니까 침대 좀 쓸게…,,,/mnt/data/final_natural_ko_bundle/all-files.changes.csv
"와봐, 어른의 맛을 가르쳐 줄 테니까...","와봐, 어른의 맛을 가르쳐 줄 테니까…",,,/mnt/data/final_natural_ko_bundle/all-files.changes.csv
"엉덩이 핥아주고, 봐봐...","엉덩이 핥아 주고, 봐봐…",,,/mnt/data/final_natural_ko_bundle/all-files.changes.csv
자...,자…,,,/mnt/data/final_natural_ko_bundle/all-files.changes.csv
"낼름낼름 핥아봐, 자...","낼름낼름 핥아봐, 자…",,,/mnt/data/final_natural_ko_bundle/all-files.changes.csv
손으로 자지 쥐고 있어...,손으로 자지 쥐고 있어…,,,/mnt/data/final_natural_ko_bundle/all-files.changes.csv
"하아, 더 낼름낼름낼름... 밑에서부터...","하아, 더 낼름낼름낼름… 밑에서부터…",,,/mnt/data/final_natural_ko_bundle/all-files.changes.csv
"하아, 너무 기분 좋아...","하아, 너무 기분 좋아…",,,/mnt/data/final_natural_ko_bundle/all-files.changes.csv
"오-, 엄청 느낀다...","오-, 엄청 느낀다…",,,/mnt/data/final_natural_ko_bundle/all-files.changes.csv
"하아, 하아...","하아, 하아…",,,/mnt/data/final_natural_ko_bundle/all-files.changes.csv
안에 넣고 싶어도 괜찮아.,넣어도 괜찮지?,,,/mnt/data/final_natural_ko_bundle/all-files.changes.csv
"앗, 안 돼. 그렇게 하면 나와버려.","앗, 안 돼. 그렇게 하면 나와 버려.",,,/mnt/data/final_natural_ko_bundle/all-files.changes.csv
"오-, 어린애는 대단하네.",젊어서 그런지 대단하네.,,,/mnt/data/final_natural_ko_bundle/all-files.changes.csv
"하아, 으음. 이러기 쉬워.",이러면 더 잘 느끼지?,,,/mnt/data/final_natural_ko_bundle/all-files.changes.csv
넣었다 뺐다 하는 걸 나한테 보여줘봐.,넣었다 뺐다 하는 걸 나한테 보여 줘봐.,,,/mnt/data/final_natural_ko_bundle/all-files.changes.csv
"자, 더 해줄 테니까.","자, 더 해 줄 테니까.",,,/mnt/data/final_natural_ko_bundle/all-files.changes.csv
"이런 이런, 구멍까지 젖어있잖아.","이런 이런, 구멍까지 젖어 있잖아.",,,/mnt/data/final_natural_ko_bundle/all-files.changes.csv
으---.,으…,,,/mnt/data/final_natural_ko_bundle/all-files.changes.csv
으--.,으…,,,/mnt/data/final_natural_ko_bundle/all-files.changes.csv
수고하셨습니다.,[불명],,,/mnt/data/final_natural_ko_bundle/all-files.changes.csv
우리는 누구일까요?,[불명],,,/mnt/data/final_natural_ko_bundle/all-files.changes.csv
"이제 참는 것도 한계잖아. 싸도 된다고, 자지에.",이제 한계잖아. 싸도 돼.,,,/mnt/data/final_natural_ko_bundle/all-files.changes.csv
이쪽으로 오세요. 베개로 가라.,베개 쪽으로 가.,,,/mnt/data/final_natural_ko_bundle/all-files.changes.csv
이렇게 해버려.,이렇게 해 버려.,,,/mnt/data/final_natural_ko_bundle/all-files.changes.csv
입으로 깨끗하게 해줘.,입으로 깨끗하게 해 줘.,,,/mnt/data/final_natural_ko_bundle/all-files.changes.csv
해줘.,해 줘.,,,/mnt/data/final_natural_ko_bundle/all-files.changes.csv
"저기 말야, 여기서 좀 빨아주지 않을래?","저기 말야, 여기서 좀 빨아 주지 않을래?",,,/mnt/data/final_natural_ko_bundle/all-files.changes.csv
무리에요. 조금만.,무리예요. 조금만.,,,/mnt/data/final_natural_ko_bundle/all-files.changes.csv
"아니, 역시 그건 무리에요. 괜찮아, 괜찮아.","아니, 역시 그건 무리예요. 괜찮아 괜찮아.",,,/mnt/data/final_natural_ko_bundle/all-files.changes.csv
"앨리스 양, 여기 봐봐...","앨리스 양, 여기 봐봐…",,,/mnt/data/final_natural_ko_bundle/all-files.changes.csv
"아, 넣고, 넣고, 거기 보면서 해봐.","아, 넣고, 넣고, 거기 보면서 해 봐.",,,/mnt/data/final_natural_ko_bundle/all-files.changes.csv
마사토는 연인이 범해지는 모습을 보며 혼자 사정한 것이다.,[불명],,,/mnt/data/final_natural_ko_bundle/all-files.changes.csv
"질 깊은 곳에 뜨거운 정액을 불어넣어 짐과 동시에,",질 깊은 곳에 뜨거운 정액을 불어넣어 짐과 동시에,,,/mnt/data/final_natural_ko_bundle/all-files.changes.csv
"성기가 안쪽까지 파고들어,",성기가 안쪽까지 파고들어,,,/mnt/data/final_natural_ko_bundle/all-files.changes.csv
"신경이 예민해져 있어,",신경이 예민해져 있어,,,/mnt/data/final_natural_ko_bundle/all-files.changes.csv
"그건 그렇다 치고,",그건 그렇다 치고,,,/mnt/data/final_natural_ko_bundle/all-files.changes.csv
"아는 사람에게 당하면서 느껴 버리는 건,",아는 사람에게 당하면서 느껴 버리는 건,,,/mnt/data/final_natural_ko_bundle/all-files.changes.csv
"억지로 오랄을 시키고 있는 남자가,",억지로 오랄을 시키고 있는 남자가,,,/mnt/data/final_natural_ko_bundle/all-files.changes.csv
"따를 생각은 없지만,",따를 생각은 없지만,,,/mnt/data/final_natural_ko_bundle/all-files.changes.csv
"목구멍 안쪽을 찍히다 보면,",목구멍 안쪽을 찍히다 보면,,,/mnt/data/final_natural_ko_bundle/all-files.changes.csv
"무의식중에,",무의식중에,,,/mnt/data/final_natural_ko_bundle/all-files.changes.csv
혀로 귀두를 밀어내려고 하게 되어버린다.,혀로 귀두를 밀어내려고 하게 돼 버린다.,,,/mnt/data/final_natural_ko_bundle/all-files.changes.csv
"그 움직임이 결과적으로,",그 움직임이 결과적으로,,,/mnt/data/final_natural_ko_bundle/all-files.changes.csv
"""아, 자지가...""","""아, 자지가…""",,,/mnt/data/final_natural_ko_bundle/all-files.changes.csv
"너무나도 고통스러운 나머지,",너무나도 고통스러운 나머지,,,/mnt/data/final_natural_ko_bundle/all-files.changes.csv
"전신의 근육에,",전신의 근육에,,,/mnt/data/final_natural_ko_bundle/all-files.changes.csv
"그러자 괄약근도 조여지는 모양인지,",그러자 괄약근도 조여지는 모양인지,,,/mnt/data/final_natural_ko_bundle/all-files.changes.csv
"성기를 움직이고 있는 남자가,",성기를 움직이고 있는 남자가,,,/mnt/data/final_natural_ko_bundle/all-files.changes.csv
"왕복 속도를,",왕복 속도를,,,/mnt/data/final_natural_ko_bundle/all-files.changes.csv
"격렬해진 쾌감이 커지고,",격렬해진 쾌감이 커지고,,,/mnt/data/final_natural_ko_bundle/all-files.changes.csv
"참아왔던 신음이,",참아왔던 신음이,,,/mnt/data/final_natural_ko_bundle/all-files.changes.csv
"페니스를 물고 있지 않았더라면,",페니스를 물고 있지 않았더라면,,,/mnt/data/final_natural_ko_bundle/all-files.changes.csv
"이상한 상황 속에서,",이상한 상황 속에서,,,/mnt/data/final_natural_ko_bundle/all-files.changes.csv
"아야카의 이성은,",아야카의 이성은,,,/mnt/data/final_natural_ko_bundle/all-files.changes.csv
"붕괴 직전까지,",붕괴 직전까지,,,/mnt/data/final_natural_ko_bundle/all-files.changes.csv
"이건,",이건,,,/mnt/data/final_natural_ko_bundle/all-files.changes.csv
"지즈오카에게도,",지즈오카에게도,,,/mnt/data/final_natural_ko_bundle/all-files.changes.csv
"""자, 이거보다 더 잘해보라고.""","""자, 이거보다 더 잘해 보라고.""",,,/mnt/data/final_natural_ko_bundle/all-files.changes.csv
"마음속으로 옹호하면,",마음속으로 옹호하면,,,/mnt/data/final_natural_ko_bundle/all-files.changes.csv
"마사토는 연인이 범해지는 모습을 보며 혼자 사정한 것은,",마사토는 연인이 범해지는 모습을 보며 혼자 사정한 것은,,,/mnt/data/final_natural_ko_bundle/all-files.changes.csv
"본질적으로는 여기에 있는 야구부원들과 마찬가지로,",본질적으로는 여기에 있는 야구부원들과 마찬가지로,,,/mnt/data/final_natural_ko_bundle/all-files.changes.csv
"연인에 대한 실망감이,",연인에 대한 실망감이,,,/mnt/data/final_natural_ko_bundle/all-files.changes.csv
"""나도 싸버릴지도.""","""나도 싸 버릴지도.""",,,/mnt/data/final_natural_ko_bundle/all-files.changes.csv
"계속 질과 입에 처박힌 페니스가,",계속 질과 입에 처박힌 페니스가,,,/mnt/data/final_natural_ko_bundle/all-files.changes.csv
"귀두가 밀착되듯 헤집어지면서,",귀두가 밀착되듯 헤집어지면서,,,/mnt/data/final_natural_ko_bundle/all-files.changes.csv
"숨 막힐 정도로 괴로운데도,",숨 막힐 정도로 괴로운데도,,,/mnt/data/final_natural_ko_bundle/all-files.changes.csv
"질에 삽입된 페니스를,",질에 삽입된 페니스를,,,/mnt/data/final_natural_ko_bundle/all-files.changes.csv
"뜨겁게 쑤셔지면,",뜨겁게 쑤셔지면,,,/mnt/data/final_natural_ko_bundle/all-files.changes.csv
"금방이라도,",금방이라도,,,/mnt/data/final_natural_ko_bundle/all-files.changes.csv
"자지에서,",자지에서,,,/mnt/data/final_natural_ko_bundle/all-files.changes.csv
"그에게서 풍기는 냄새마저도,",그에게서 풍기는 냄새마저도,,,/mnt/data/final_natural_ko_bundle/all-files.changes.csv
"왜인지 흥분을 높이는,",왜인지 흥분을 높이는,,,/mnt/data/final_natural_ko_bundle/all-files.changes.csv
조미료가 되어 있었다.,조미료가 돼 있었다.,,,/mnt/data/final_natural_ko_bundle/all-files.changes.csv
싸버릴 것 같아?,싸 버릴 것 같아?,,,/mnt/data/final_natural_ko_bundle/all-files.changes.csv
에에~!!,에에…!!,,,/mnt/data/final_natural_ko_bundle/all-files.changes.csv
"자, 전 일 때문에 다시 재생해 둘게요.",[불명],,,/mnt/data/final_natural_ko_bundle/all-files.changes.csv
당신을 먹었습니다.,맛있게 먹었어요.,,,/mnt/data/final_natural_ko_bundle/all-files.changes.csv
맛있어...,맛있어…,,,/mnt/data/final_natural_ko_bundle/all-files.changes.csv
이번엔 저도 애무해 주세요...,이번엔 저도 애무해 주세요…,,,/mnt/data/final_natural_ko_bundle/all-files.changes.csv
많이 핥아줘...,많이 핥아줘…,,,/mnt/data/final_natural_ko_bundle/all-files.changes.csv
아~ 기분 좋아~,아… 기분 좋아…,,,/mnt/data/final_natural_ko_bundle/all-files.changes.csv
맛있어~,맛있어…,,,/mnt/data/final_natural_ko_bundle/all-files.changes.csv
보지 너무 맛있어~,보지 너무 맛있어…,,,/mnt/data/final_natural_ko_bundle/all-files.changes.csv
대단해~,대단해…,,,/mnt/data/final_natural_ko_bundle/all-files.changes.csv
아~ 대단해~,아… 대단해…,,,/mnt/data/final_natural_ko_bundle/all-files.changes.csv
"저 녀석, 그대로 가버려.",그대로 가 버려.,,,/mnt/data/final_natural_ko_bundle/all-files.changes.csv
아이.,아…,,,/mnt/data/final_natural_ko_bundle/all-files.changes.csv
"아, 아, 아, 아, 아, 아, 아,","아, 아, 아, 아, 아, 아, 아",,,/mnt/data/final_natural_ko_bundle/all-files.changes.csv
아--.,아…,,,/mnt/data/final_natural_ko_bundle/all-files.changes.csv
"아--, 혀가.","아…, 혀가.",,,/mnt/data/final_natural_ko_bundle/all-files.changes.csv
아파지면 자지 넣어주셨으면 좋겠네.,이제 자지 넣어 줬으면 좋겠어요.,,,/mnt/data/final_natural_ko_bundle/all-files.changes.csv
자지의 모습이 처음 그대로 왕처럼 당당하네...,처음처럼 당당하게 서 있네…,,,/mnt/data/final_natural_ko_bundle/all-files.changes.csv
모두의 축복 속에 살아가는 느낌이야.,[불명],,,/mnt/data/final_natural_ko_bundle/all-files.changes.csv
조금씩 맛보면서 나한테 물어봐...,조금씩 맛보면서 어디가 좋은지 말해 줘…,,,/mnt/data/final_natural_ko_bundle/all-files.changes.csv
"할머니, 저 노란 자지.",[불명],,,/mnt/data/final_natural_ko_bundle/all-files.changes.csv
앨리스의 좋은 보지.,앨리스 보지에…,,,/mnt/data/final_natural_ko_bundle/all-files.changes.csv
앨리스에 자고 싶어...,앨리스 안에 넣고 싶어…,,,/mnt/data/final_natural_ko_bundle/all-files.changes.csv
젖어서 넣고 싶어.,젖어 있으니 넣고 싶어.,,,/mnt/data/final_natural_ko_bundle/all-files.changes.csv
먹고 싶다고 강하게 원하고 있는 것.,먹고 싶어 죽겠어.,,,/mnt/data/final_natural_ko_bundle/all-files.changes.csv
"오-, 인증됐어.",[불명],,,/mnt/data/final_natural_ko_bundle/all-files.changes.csv
대단해...,대단해…,,,/mnt/data/final_natural_ko_bundle/all-files.changes.csv
어떻게든 되었다고.,어떻게 된 거야?,,,/mnt/data/final_natural_ko_bundle/all-files.changes.csv
"아아, 같아.",갈 것 같아.,,,/mnt/data/final_natural_ko_bundle/all-files.changes.csv
"잠깐만, 보였어.","잠깐만, 보여.",,,/mnt/data/final_natural_ko_bundle/all-files.changes.csv
여기까지 대단해.,여기까지 들어왔어.,,,/mnt/data/final_natural_ko_bundle/all-files.changes.csv
대단해. 열려있는 곳 보여.,대단해. 벌어진 데가 보여.,,,/mnt/data/final_natural_ko_bundle/all-files.changes.csv
"더, 더 차가워.","더, 더 세게.",,,/mnt/data/final_natural_ko_bundle/all-files.changes.csv
슬프게.,[불명],,,/mnt/data/final_natural_ko_bundle/all-files.changes.csv
"쉬고 나서 해줄게. 잠깐만, 기다려봐. 이거 너무 기분 좋아.","쉬고 나서 해 줄게. 잠깐만, 기다려봐. 이거 너무 기분 좋아.",,,/mnt/data/final_natural_ko_bundle/all-files.changes.csv
기분 좋아. 안 돼요. 가득 차서 나와버려요.,기분 좋아. 안 돼요. 가득 차서 나와 버려요.,,,/mnt/data/final_natural_ko_bundle/all-files.changes.csv
안 돼. 안 돼. 안 돼... (반복),안 돼. 안 돼. 안 돼…,,,/mnt/data/final_natural_ko_bundle/all-files.changes.csv
아침에 소리의 유혹...,[불명],,,/mnt/data/final_natural_ko_bundle/all-files.changes.csv
우리 10분...,우리 10분…,,,/mnt/data/final_natural_ko_bundle/all-files.changes.csv
"어떻게든 있어, 다음은...",[불명],,,/mnt/data/final_natural_ko_bundle/all-files.changes.csv
무엇을 노래하고 있습니다.,[불명],,,/mnt/data/final_natural_ko_bundle/all-files.changes.csv
사용할까...,이거 쓸까…,,,/mnt/data/final_natural_ko_bundle/all-files.changes.csv
"아아, 대단해, 휴식해 주세요.","아, 대단해. 잠깐만.",,,/mnt/data/final_natural_ko_bundle/all-files.changes.csv
무서워서.,무서워…,,,/mnt/data/final_natural_ko_bundle/all-files.changes.csv
천천히 좀 해줘.,천천히 좀 해 줘.,,,/mnt/data/final_natural_ko_bundle/all-files.changes.csv
손을 벗을 때는 좋네요.,[불명],,,/mnt/data/final_natural_ko_bundle/all-files.changes.csv
"아아, 그건 없었습니다.","아, 그건 아니야.",,,/mnt/data/final_natural_ko_bundle/all-files.changes.csv
"아아, 또 다른 미분으로 먹자.",[불명],,,/mnt/data/final_natural_ko_bundle/all-files.changes.csv
뭐라는 거야... 뭐라고 그러는 거야...,뭐라는 거야… 뭐라고 그러는 거야…,,,/mnt/data/final_natural_ko_bundle/all-files.changes.csv
어느 쪽이 밖에 있어도 날아가는 모양도.,[불명],,,/mnt/data/final_natural_ko_bundle/all-files.changes.csv
조금 춥게 해볼까요.,[불명],,,/mnt/data/final_natural_ko_bundle/all-files.changes.csv
우와 이해했어!!,"우와, 알겠어!",,,/mnt/data/final_natural_ko_bundle/all-files.changes.csv
좀 더 무서워.,좀 무서워.,,,/mnt/data/final_natural_ko_bundle/all-files.changes.csv
"나는..., 나.",나는…,,,/mnt/data/final_natural_ko_bundle/all-files.changes.csv
안녕히 주무세요.,[불명],,,/mnt/data/final_natural_ko_bundle/all-files.changes.csv
이번의 그... 지나쳐 봅시다.,[불명],,,/mnt/data/final_natural_ko_bundle/all-files.changes.csv
이번 저주가 괜찮습니다.,[불명],,,/mnt/data/final_natural_ko_bundle/all-files.changes.csv
"그렇게, 최근에는 긴장해 주세요...",[불명],,,/mnt/data/final_natural_ko_bundle/all-files.changes.csv
하고 싶어졌습니다.,하고 싶어졌어요.,,,/mnt/data/final_natural_ko_bundle/all-files.changes.csv
용기 내어 주실래요?,조금만 더 해 줄래요?,,,/mnt/data/final_natural_ko_bundle/all-files.changes.csv
이제 알았어...,[불명],,,/mnt/data/final_natural_ko_bundle/all-files.changes.csv
이제 알겠어...,[불명],,,/mnt/data/final_natural_ko_bundle/all-files.changes.csv
"하지만, 시간은 울리지 않아...",[불명],,,/mnt/data/final_natural_ko_bundle/all-files.changes.csv
너무 울렸어...,[불명],,,/mnt/data/final_natural_ko_bundle/all-files.changes.csv
축하합니다.,[불명],,,/mnt/data/final_natural_ko_bundle/all-files.changes.csv
정말 나는 없어.,[불명],,,/mnt/data/final_natural_ko_bundle/all-files.changes.csv
매우 깊은 아침이 왔습니다.,[불명],,,/mnt/data/final_natural_ko_bundle/all-files.changes.csv
"이야-, 가득 나와버렸네....","이야-, 가득 나와 버렸네…",,,/mnt/data/final_natural_ko_bundle/all-files.changes.csv
"이젠, 한 번 싸버렸으니 나도 아저씨라 말이지. 어이 어이, 잠깐만.","이젠, 한 번 싸 버렸으니 나도 아저씨라 말이지. 어이 어이, 잠깐만.",,,/mnt/data/final_natural_ko_bundle/all-files.changes.csv
"아, 아, 아...","아, 아, 아…",,,/mnt/data/final_natural_ko_bundle/all-files.changes.csv
다리를 꼬아 푹 삶아준다.,[불명],,,/mnt/data/final_natural_ko_bundle/all-files.changes.csv
자수 형태의 문양이 있습니다.,[불명],,,/mnt/data/final_natural_ko_bundle/all-files.changes.csv
잘 건너가봅시다.,[불명],,,/mnt/data/final_natural_ko_bundle/all-files.changes.csv
스마트폰 제거로 진행합니다.,[불명],,,/mnt/data/final_natural_ko_bundle/all-files.changes.csv
또 만납시다.,또 보자.,,,/mnt/data/final_natural_ko_bundle/all-files.changes.csv
얼굴 구멍은 태우고 있습니다.,[불명],,,/mnt/data/final_natural_ko_bundle/all-files.changes.csv
잠시 정지...,잠깐…,,,/mnt/data/final_natural_ko_bundle/all-files.changes.csv
어라... 아...,어라… 아…,,,/mnt/data/final_natural_ko_bundle/all-files.changes.csv
여기가 어디지...?,여기가 어디지…?,,,/mnt/data/final_natural_ko_bundle/all-files.changes.csv
뭐야...?,뭐야…?,,,/mnt/data/final_natural_ko_bundle/all-files.changes.csv
스즈모리가 왜...?,스즈모리가 왜…?,,,/mnt/data/final_natural_ko_bundle/all-files.changes.csv
그런데 얘랑 단둘이 자고 있었던 건가...,그런데 얘랑 단둘이 자고 있었던 건가…,,,/mnt/data/final_natural_ko_bundle/all-files.changes.csv
조금만 더 잘까...,조금만 더 잘까…,,,/mnt/data/final_natural_ko_bundle/all-files.changes.csv
얘도 나도 애인이 없고...,얘도 나도 애인이 없고…,,,/mnt/data/final_natural_ko_bundle/all-files.changes.csv
"좋아, 조금만 더...","좋아, 조금만 더…",,,/mnt/data/final_natural_ko_bundle/all-files.changes.csv
너도 딱 붙어 있잖아...,너도 딱 붙어 있잖아…,,,/mnt/data/final_natural_ko_bundle/all-files.changes.csv
무슨 소리야? 진짜...,무슨 소리야? 진짜…,,,/mnt/data/final_natural_ko_bundle/all-files.changes.csv
너도 기분 좋잖아...,너도 기분 좋잖아…,,,/mnt/data/final_natural_ko_bundle/all-files.changes.csv
좋지 않아...,좋지 않아…,,,/mnt/data/final_natural_ko_bundle/all-files.changes.csv
너 오래된 거 아니야?,너 오래 참은 거 아니야?,,,/mnt/data/final_natural_ko_bundle/all-files.changes.csv
남자친구는 없지만...,남자친구는 없지만…,,,/mnt/data/final_natural_ko_bundle/all-files.changes.csv
'괜찮다'니 무슨 뜻이야? 정말...,'괜찮다'니 무슨 뜻이야? 정말…,,,/mnt/data/final_natural_ko_bundle/all-files.changes.csv
잠깐만...,잠깐만…,,,/mnt/data/final_natural_ko_bundle/all-files.changes.csv
안 들어갔거든...,안 들어갔거든…,,,/mnt/data/final_natural_ko_bundle/all-files.changes.csv
있잖아...,있잖아…,,,/mnt/data/final_natural_ko_bundle/all-files.changes.csv
잠깐 기다려봐...,잠깐 기다려봐…,,,/mnt/data/final_natural_ko_bundle/all-files.changes.csv
지루하잖아.,지겹잖아.,,,/mnt/data/final_natural_ko_bundle/all-files.changes.csv
정말...,정말…,,,/mnt/data/final_natural_ko_bundle/all-files.changes.csv
이거 기분 좋네...,이거 기분 좋네…,,,/mnt/data/final_natural_ko_bundle/all-files.changes.csv
잠깐...,잠깐…,,,/mnt/data/final_natural_ko_bundle/all-files.changes.csv
뒤에서...,뒤에서…,,,/mnt/data/final_natural_ko_bundle/all-files.changes.csv
저기...,저기…,,,/mnt/data/final_natural_ko_bundle/all-files.changes.csv
깼어...,깼어…,,,/mnt/data/final_natural_ko_bundle/all-files.changes.csv
오늘 왜 이러는지 나도 모르겠어...,오늘 왜 이러는지 나도 모르겠어…,,,/mnt/data/final_natural_ko_bundle/all-files.changes.csv
"잠깐만, 아주 조금만...","잠깐만, 아주 조금만…",,,/mnt/data/final_natural_ko_bundle/all-files.changes.csv
조금만이라니...,조금만이라니…,,,/mnt/data/final_natural_ko_bundle/all-files.changes.csv
좀 더 세게 해줘.,좀 더 세게 해 줘.,,,/mnt/data/final_natural_ko_bundle/all-files.changes.csv
거기... 거기도.,거기… 거기도.,,,/mnt/data/final_natural_ko_bundle/all-files.changes.csv
"아, 이거...","아, 이거…",,,/mnt/data/final_natural_ko_bundle/all-files.changes.csv
손으로 해줄까?,손으로 해 줄까?,,,/mnt/data/final_natural_ko_bundle/all-files.changes.csv
기분 좋기는 하네...,기분 좋기는 하네…,,,/mnt/data/final_natural_ko_bundle/all-files.changes.csv
"아, 더, 더...","아, 더, 더…",,,/mnt/data/final_natural_ko_bundle/all-files.changes.csv
- 이제 무리야... - 무리 아니야. 조금만 더.,- 이제 무리야… - 무리 아니야. 조금만 더.,,,/mnt/data/final_natural_ko_bundle/all-files.changes.csv
이제 못 자잖아...,이제 못 자잖아…,,,/mnt/data/final_natural_ko_bundle/all-files.changes.csv
- 큰일 났다... - 뭐가 큰일인데?,- 큰일 났다… - 뭐가 큰일인데?,,,/mnt/data/final_natural_ko_bundle/all-files.changes.csv
나 싸버릴 것 같아.,나 싸 버릴 것 같아.,,,/mnt/data/final_natural_ko_bundle/all-files.changes.csv
잠깐만...!,잠깐만…!,,,/mnt/data/final_natural_ko_bundle/all-files.changes.csv
솔직하게 말해봐.,솔직하게 말해 봐.,,,/mnt/data/final_natural_ko_bundle/all-files.changes.csv
내가 스즈모리한테 맡겼다고 해버려서 그런가...,내가 스즈모리한테 맡겼다고 해 버려서 그런가…,,,/mnt/data/final_natural_ko_bundle/all-files.changes.csv
죄송합니다...,죄송합니다…,,,/mnt/data/final_natural_ko_bundle/all-files.changes.csv
"네, 죄송합니다. 피곤하냐고요? 아닙니다, 괜찮습니다. 아무 일도 아닙니다!","네, 죄송합니다. 피곤하냐고요? 아닙니다 괜찮습니다. 아무 일도 아닙니다!",,,/mnt/data/final_natural_ko_bundle/all-files.changes.csv
하지 말라니까 진짜...,하지 말라니까 진짜…,,,/mnt/data/final_natural_ko_bundle/all-files.changes.csv
그래도...,그래도…,,,/mnt/data/final_natural_ko_bundle/all-files.changes.csv
이대로 계속하면 나 진짜 싸버릴지도...,이대로 계속하면 나 진짜 싸 버릴지도…,,,/mnt/data/final_natural_ko_bundle/all-files.changes.csv
"아, 싸버릴 것 같아.","아, 싸 버릴 것 같아.",,,/mnt/data/final_natural_ko_bundle/all-files.changes.csv
거기... 갈 것 같아.,거기… 갈 것 같아.,,,/mnt/data/final_natural_ko_bundle/all-files.changes.csv
거기도 더 해줘.,거기도 더 해 줘.,,,/mnt/data/final_natural_ko_bundle/all-files.changes.csv
그거 최고야...,그거 최고야…,,,/mnt/data/final_natural_ko_bundle/all-files.changes.csv
"아, 거기...","아, 거기…",,,/mnt/data/final_natural_ko_bundle/all-files.changes.csv
"대체 뭐야, 정말...","대체 뭐야, 정말…",,,/mnt/data/final_natural_ko_bundle/all-files.changes.csv
"""컵라면을 먹게 해 주세요, 스즈모리 님~"" 해 봐.","""컵라면을 먹게 해 주세요 스즈모리 님…"" 해 봐.",,,/mnt/data/final_natural_ko_bundle/all-files.changes.csv
생각해 보니 너 나보다...,생각해 보니 너 나보다…,,,/mnt/data/final_natural_ko_bundle/all-files.changes.csv
"있잖아, 잠깐만...","있잖아, 잠깐만…",,,/mnt/data/final_natural_ko_bundle/all-files.changes.csv
이제 그만해...,이제 그만해…,,,/mnt/data/final_natural_ko_bundle/all-files.changes.csv
"대체 뭐야, 진짜...","대체 뭐야, 진짜…",,,/mnt/data/final_natural_ko_bundle/all-files.changes.csv
살살...,살살…,,,/mnt/data/final_natural_ko_bundle/all-files.changes.csv
진짜...,진짜…,,,/mnt/data/final_natural_ko_bundle/all-files.changes.csv
아까부터 물어봤잖아. 이렇게나 많이...,아까부터 물어봤잖아. 이렇게나 많이…,,,/mnt/data/final_natural_ko_bundle/all-files.changes.csv
여기도 해줘.,여기도 해 줘.,,,/mnt/data/final_natural_ko_bundle/all-files.changes.csv
너도 네 멋대로 했으니까 나도 기분 좋게 해줘.,너도 네 멋대로 했으니까 나도 기분 좋게 해 줘.,,,/mnt/data/final_natural_ko_bundle/all-files.changes.csv
기분 좋아...,기분 좋아…,,,/mnt/data/final_natural_ko_bundle/all-files.changes.csv
진짜 엄청 좋아...,진짜 엄청 좋아…,,,/mnt/data/final_natural_ko_bundle/all-files.changes.csv
이제 가슴으로는 안 해줄 거야.,이제 가슴으로는 안 해 줄 거야.,,,/mnt/data/final_natural_ko_bundle/all-files.changes.csv
으음... 잠깐만.,으음… 잠깐만.,,,/mnt/data/final_natural_ko_bundle/all-files.changes.csv
진짜 제대로 집중해봐.,진짜 제대로 집중해 봐.,,,/mnt/data/final_natural_ko_bundle/all-files.changes.csv
"아니, 이제 안 기다려도 되긴 하지만...","아니, 이제 안 기다려도 되긴 하지만…",,,/mnt/data/final_natural_ko_bundle/all-files.changes.csv
이제 그만...,이제 그만…,,,/mnt/data/final_natural_ko_bundle/all-files.changes.csv
전혀...,전혀…,,,/mnt/data/final_natural_ko_bundle/all-files.changes.csv
"기다려, 더 부드럽게 해줘.","기다려, 더 부드럽게 해 줘.",,,/mnt/data/final_natural_ko_bundle/all-files.changes.csv
그럼 네가 갈 수 있게 내가 노력해볼게.,그럼 네가 갈 수 있게 내가 노력해 볼게.,,,/mnt/data/final_natural_ko_bundle/all-files.changes.csv
글쎄... 조금 더 해봐야 알 것 같아.,글쎄… 조금 더 해 봐야 알 것 같아.,,,/mnt/data/final_natural_ko_bundle/all-files.changes.csv
안 돼...,안 돼…,,,/mnt/data/final_natural_ko_bundle/all-files.changes.csv
"아니, 그런 뜻이 아니라...","아니, 그런 뜻이 아니라…",,,/mnt/data/final_natural_ko_bundle/all-files.changes.csv
"잠깐만, 솔직하게 말해봐.","잠깐만, 솔직하게 말해 봐.",,,/mnt/data/final_natural_ko_bundle/all-files.changes.csv
이렇게 귀여운 여자를 혼자 두고 가버리려고?,이렇게 귀여운 여자를 혼자 두고 가 버리려고?,,,/mnt/data/final_natural_ko_bundle/all-files.changes.csv
입으로 해줄게...,입으로 해 줄게…,,,/mnt/data/final_natural_ko_bundle/all-files.changes.csv
나는 집에 가려고 했는데...,나는 집에 가려고 했는데…,,,/mnt/data/final_natural_ko_bundle/all-files.changes.csv
싫은 건 아니지만...,싫은 건 아니지만…,,,/mnt/data/final_natural_ko_bundle/all-files.changes.csv
그런 소리 하지 마...,그런 소리 하지 마…,,,/mnt/data/final_natural_ko_bundle/all-files.changes.csv
부끄러워...,부끄러워…,,,/mnt/data/final_natural_ko_bundle/all-files.changes.csv
아직 더...,아직 더…,,,/mnt/data/final_natural_ko_bundle/all-files.changes.csv
으으으...,으으으…,,,/mnt/data/final_natural_ko_bundle/all-files.changes.csv
"아, 잠깐... 뭐야...","아, 잠깐… 뭐야…",,,/mnt/data/final_natural_ko_bundle/all-files.changes.csv
으윽...,으윽…,,,/mnt/data/final_natural_ko_bundle/all-files.changes.csv
으으음...,으으음…,,,/mnt/data/final_natural_ko_bundle/all-files.changes.csv
손으로도 해줄게...,손으로도 해 줄게…,,,/mnt/data/final_natural_ko_bundle/all-files.changes.csv
"아, 나 싸버릴 것 같아.","아, 나 싸 버릴 것 같아.",,,/mnt/data/final_natural_ko_bundle/all-files.changes.csv
조금만 더...,조금만 더…,,,/mnt/data/final_natural_ko_bundle/all-files.changes.csv
스즈모리...,스즈모리…,,,/mnt/data/final_natural_ko_bundle/all-files.changes.csv
하아아...,하아아…,,,/mnt/data/final_natural_ko_bundle/all-files.changes.csv
오오오...,오오오…,,,/mnt/data/final_natural_ko_bundle/all-files.changes.csv
"아, 위험해...","아, 위험해…",,,/mnt/data/final_natural_ko_bundle/all-files.changes.csv
"아, 싸버린다!","아, 싸 버린다!",,,/mnt/data/final_natural_ko_bundle/all-files.changes.csv
아아아아...,아아아아…,,,/mnt/data/final_natural_ko_bundle/all-files.changes.csv
...,…,,,/mnt/data/final_natural_ko_bundle/all-files.changes.csv
잘하네...,잘하네…,,,/mnt/data/final_natural_ko_bundle/all-files.changes.csv
멈춰봐...,멈춰봐…,,,/mnt/data/final_natural_ko_bundle/all-files.changes.csv
"자, 장난은 그만하고...","자, 장난은 그만하고…",,,/mnt/data/final_natural_ko_bundle/all-files.changes.csv
아아아...,아아아…,,,/mnt/data/final_natural_ko_bundle/all-files.changes.csv
"첫 번째 자세에서 네 번째로, 다시 두 번째로 바꿔 봐.",첫 번째 자세에서 네 번째로 다시 두 번째로 바꿔 봐.,,,/mnt/data/final_natural_ko_bundle/all-files.changes.csv
어두워...,어두워…,,,/mnt/data/final_natural_ko_bundle/all-files.changes.csv
앞이 잘 안 보여...,앞이 잘 안 보여…,,,/mnt/data/final_natural_ko_bundle/all-files.changes.csv
조금 비켜봐...,조금 비켜봐…,,,/mnt/data/final_natural_ko_bundle/all-files.changes.csv
강아지처럼...,강아지처럼…,,,/mnt/data/final_natural_ko_bundle/all-files.changes.csv
뭔가...,뭔가…,,,/mnt/data/final_natural_ko_bundle/all-files.changes.csv
방금...,방금…,,,/mnt/data/final_natural_ko_bundle/all-files.changes.csv
부드럽게...,부드럽게…,,,/mnt/data/final_natural_ko_bundle/all-files.changes.csv
대체 진짜...,대체 진짜…,,,/mnt/data/final_natural_ko_bundle/all-files.changes.csv
"자, 입으로 해줘.","자, 입으로 해 줘.",,,/mnt/data/final_natural_ko_bundle/all-files.changes.csv
다시 할 수 있을 때...,다시 할 수 있을 때…,,,/mnt/data/final_natural_ko_bundle/all-files.changes.csv
다섯 번째 자세...,다섯 번째 자세…,,,/mnt/data/final_natural_ko_bundle/all-files.changes.csv
오오... 윽...,오오… 윽…,,,/mnt/data/final_natural_ko_bundle/all-files.changes.csv
오오...,오오…,,,/mnt/data/final_natural_ko_bundle/all-files.changes.csv
아아...,아아…,,,/mnt/data/final_natural_ko_bundle/all-files.changes.csv
오늘 색다른 경험을 다 해보네.,오늘 색다른 경험을 다 해 보네.,,,/mnt/data/final_natural_ko_bundle/all-files.changes.csv
그리고...,그리고…,,,/mnt/data/final_natural_ko_bundle/all-files.changes.csv
시청해 주셔서 감사합니다.,봐 주셔서 감사합니다.,,,/mnt/data/final_natural_ko_bundle/all-files.changes.csv
괜찮으시다면 오늘 데이트하는 느낌으로 해볼게요.,괜찮으시다면 오늘 데이트하는 느낌으로 해 볼게요.,,,/mnt/data/final_natural_ko_bundle/all-files.changes.csv
이렇게 아름다운 분이...,이렇게 아름다운 분이…,,,/mnt/data/final_natural_ko_bundle/all-files.changes.csv
매끈매끈하네...,매끈매끈하네…,,,/mnt/data/final_natural_ko_bundle/all-files.changes.csv
우와...,우와…,,,/mnt/data/final_natural_ko_bundle/all-files.changes.csv
엄청 젖었네...,엄청 젖었네…,,,/mnt/data/final_natural_ko_bundle/all-files.changes.csv
벌써 흘러넘치고 있어...,벌써 흘러넘치고 있어…,,,/mnt/data/final_natural_ko_bundle/all-files.changes.csv
지금 표정이 어때? 억지로 안 참아도 돼...,지금 표정이 어때? 억지로 안 참아도 돼…,,,/mnt/data/final_natural_ko_bundle/all-files.changes.csv
이쪽으로 넣어 주세요...,이쪽으로 넣어 주세요…,,,/mnt/data/final_natural_ko_bundle/all-files.changes.csv
잠깐 쉬어 주세요.,잠깐만요.,,,/mnt/data/final_natural_ko_bundle/all-files.changes.csv
조금 쉬어요.,잠깐만요.,,,/mnt/data/final_natural_ko_bundle/all-files.changes.csv
혹시... 우와!,혹시… 우와!,,,/mnt/data/final_natural_ko_bundle/all-files.changes.csv
엄청...,엄청…,,,/mnt/data/final_natural_ko_bundle/all-files.changes.csv
확 퍼져...,확 퍼져…,,,/mnt/data/final_natural_ko_bundle/all-files.changes.csv
갈 것 같아...,갈 것 같아…,,,/mnt/data/final_natural_ko_bundle/all-files.changes.csv
간다...,간다…,,,/mnt/data/final_natural_ko_bundle/all-files.changes.csv
네가 갈 때쯤.,네가 갈 것 같을 때…,,,/mnt/data/final_natural_ko_bundle/all-files.changes.csv
시청해 주셔서 감사합니다.,[불명],,,/mnt/data/final_natural_ko_bundle/all-files.changes.csv
"오, 오... 계속해 봐.","오, 오… 계속해 봐.",,,/mnt/data/final_natural_ko_bundle/all-files.changes.csv
괜찮을 줄 알았는데 차갑네...,괜찮을 줄 알았는데 차갑네…,,,/mnt/data/final_natural_ko_bundle/all-files.changes.csv
몸을 돌려 보세요...,몸을 돌려 보세요…,,,/mnt/data/final_natural_ko_bundle/all-files.changes.csv
네 번째가 끝나면 세 번째로 넘어갑니다.,[불명],,,/mnt/data/final_natural_ko_bundle/all-files.changes.csv
우리끼리 계속하자...,우리끼리 계속하자…,,,/mnt/data/final_natural_ko_bundle/all-files.changes.csv
천천히 움직여 줘요...,천천히 움직여 줘요…,,,/mnt/data/final_natural_ko_bundle/all-files.changes.csv
입에 넣어 봐...,입에 넣어 봐…,,,/mnt/data/final_natural_ko_bundle/all-files.changes.csv
자지가 정말...,자지가 정말…,,,/mnt/data/final_natural_ko_bundle/all-files.changes.csv
남자친구 거랑은...,남자친구 거랑은…,,,/mnt/data/final_natural_ko_bundle/all-files.changes.csv
내 손 안으로 들어오는 모습을 봐...,내 손 안으로 들어오는 모습을 봐…,,,/mnt/data/final_natural_ko_bundle/all-files.changes.csv
"아, 대단해. 너무 좋아...","아, 대단해. 너무 좋아…",,,/mnt/data/final_natural_ko_bundle/all-files.changes.csv
"아, 큰일이야...","아, 큰일이야…",,,/mnt/data/final_natural_ko_bundle/all-files.changes.csv
"아, 아...","아, 아…",,,/mnt/data/final_natural_ko_bundle/all-files.changes.csv
"아, 그게...","아, 그게…",,,/mnt/data/final_natural_ko_bundle/all-files.changes.csv
"아, 그것도...","아, 그것도…",,,/mnt/data/final_natural_ko_bundle/all-files.changes.csv
좋아하는...,좋아하는…,,,/mnt/data/final_natural_ko_bundle/all-files.changes.csv
"아, 잘하네...","아, 잘하네…",,,/mnt/data/final_natural_ko_bundle/all-files.changes.csv
잘해...,잘해…,,,/mnt/data/final_natural_ko_bundle/all-files.changes.csv
"아, 아... 뭐야?","아, 아… 뭐야?",,,/mnt/data/final_natural_ko_bundle/all-files.changes.csv
안으로 들어가는 곳...,안으로 들어가는 곳…,,,/mnt/data/final_natural_ko_bundle/all-files.changes.csv
"그렇다면,",그렇다면,,,/mnt/data/final_natural_ko_bundle/all-files.changes.csv
두 번째도 횟수를 세면서 해볼게요.,두 번째도 횟수를 세면서 해 볼게요.,,,/mnt/data/final_natural_ko_bundle/all-files.changes.csv
이쪽 봐. 얼굴 좀 보여 줘. 장난감만으로도 가버리겠네.,이쪽 봐. 얼굴 좀 보여 줘. 장난감만으로도 가 버리겠네.,,,/mnt/data/final_natural_ko_bundle/all-files.changes.csv
어... 그러니까.,어… 그러니까.,,,/mnt/data/final_natural_ko_bundle/all-files.changes.csv
기분 좋다기보다는 계속...,기분 좋다기보다는 계속…,,,/mnt/data/final_natural_ko_bundle/all-files.changes.csv
어... 찾아봐요.,어… 찾아봐요.,,,/mnt/data/final_natural_ko_bundle/all-files.changes.csv
어...,어…,,,/mnt/data/final_natural_ko_bundle/all-files.changes.csv
그게...,그게…,,,/mnt/data/final_natural_ko_bundle/all-files.changes.csv
몸매가 정말...,몸매가 정말…,,,/mnt/data/final_natural_ko_bundle/all-files.changes.csv
그럼...,그럼…,,,/mnt/data/final_natural_ko_bundle/all-files.changes.csv
아무 생각 없이 하면...,아무 생각 없이 하면…,,,/mnt/data/final_natural_ko_bundle/all-files.changes.csv
그럼 조금...,그럼 조금…,,,/mnt/data/final_natural_ko_bundle/all-files.changes.csv
이렇게...,이렇게…,,,/mnt/data/final_natural_ko_bundle/all-files.changes.csv
이런 식으로...,이런 식으로…,,,/mnt/data/final_natural_ko_bundle/all-files.changes.csv
이렇게 몸을 낮춘 채 앞뒤로 움직이는 게...,이렇게 몸을 낮춘 채 앞뒤로 움직이는 게…,,,/mnt/data/final_natural_ko_bundle/all-files.changes.csv
이런 느낌으로요...,이런 느낌으로요…,,,/mnt/data/final_natural_ko_bundle/all-files.changes.csv
그럼 그대로...,그럼 그대로…,,,/mnt/data/final_natural_ko_bundle/all-files.changes.csv
위아래로 움직이는 느낌...,위아래로 움직이는 느낌…,,,/mnt/data/final_natural_ko_bundle/all-files.changes.csv
위아래로...,위아래로…,,,/mnt/data/final_natural_ko_bundle/all-files.changes.csv
뒤쪽의 둥근 모양이...,뒤쪽의 둥근 모양이…,,,/mnt/data/final_natural_ko_bundle/all-files.changes.csv
"뒤를 보고, 잠깐...","뒤를 보고, 잠깐…",,,/mnt/data/final_natural_ko_bundle/all-files.changes.csv
이렇게 다시 보니까...,이렇게 다시 보니까…,,,/mnt/data/final_natural_ko_bundle/all-files.changes.csv
엉덩이가...,엉덩이가…,,,/mnt/data/final_natural_ko_bundle/all-files.changes.csv
이건 역시...,이건 역시…,,,/mnt/data/final_natural_ko_bundle/all-files.changes.csv
왠지 기분 좋아 보여요...,왠지 기분 좋아 보여요…,,,/mnt/data/final_natural_ko_bundle/all-files.changes.csv
그 투명한...,그 투명한…,,,/mnt/data/final_natural_ko_bundle/all-files.changes.csv
투명한 모형이...,투명한 모형이…,,,/mnt/data/final_natural_ko_bundle/all-files.changes.csv
음...,음…,,,/mnt/data/final_natural_ko_bundle/all-files.changes.csv
"오, 오...","오, 오…",,,/mnt/data/final_natural_ko_bundle/all-files.changes.csv
조금 더 천천히...,조금 더 천천히…,,,/mnt/data/final_natural_ko_bundle/all-files.changes.csv
"아, 느껴져요...","아, 느껴져요…",,,/mnt/data/final_natural_ko_bundle/all-files.changes.csv
조금 힘들어요...,조금 힘들어요…,,,/mnt/data/final_natural_ko_bundle/all-files.changes.csv
잠깐 시간을 둘게요...,잠깐 시간을 둘게요…,,,/mnt/data/final_natural_ko_bundle/all-files.changes.csv
숨을 내쉬고...,숨을 내쉬고…,,,/mnt/data/final_natural_ko_bundle/all-files.changes.csv
점점 단단해지네...,점점 단단해지네…,,,/mnt/data/final_natural_ko_bundle/all-files.changes.csv
"안 돼요, 안쪽에...","안 돼요, 안쪽에…",,,/mnt/data/final_natural_ko_bundle/all-files.changes.csv
잠깐만요...,잠깐만요…,,,/mnt/data/final_natural_ko_bundle/all-files.changes.csv
조금 쉬어 주세요.,잠깐만요.,,,/mnt/data/final_natural_ko_bundle/all-files.changes.csv
하지만...,하지만…,,,/mnt/data/final_natural_ko_bundle/all-files.changes.csv
잘 자요.,[불명],,,/mnt/data/final_natural_ko_bundle/all-files.changes.csv
"아, 카, 카, 카...","아, 카, 카, 카…",,,/mnt/data/final_natural_ko_bundle/all-files.changes.csv
"더 야하게 해 봐. 음, 음, 음... 그렇지!","더 야하게 해 봐. 음, 음, 음… 그렇지!",,,/mnt/data/final_natural_ko_bundle/all-files.changes.csv
그만...,그만…,,,/mnt/data/final_natural_ko_bundle/all-files.changes.csv
제발...,제발…,,,/mnt/data/final_natural_ko_bundle/all-files.changes.csv
하아... 으음...,하아… 으음…,,,/mnt/data/final_natural_ko_bundle/all-files.changes.csv
으으...,으으…,,,/mnt/data/final_natural_ko_bundle/all-files.changes.csv
이제 본격적으로 시작해 볼까...,이제 본격적으로 시작해 볼까…,,,/mnt/data/final_natural_ko_bundle/all-files.changes.csv
이미 넘어가 버린 것 같네...,이미 넘어가 버린 것 같네…,,,/mnt/data/final_natural_ko_bundle/all-files.changes.csv
네...,네…,,,/mnt/data/final_natural_ko_bundle/all-files.changes.csv
"아, 네...","아, 네…",,,/mnt/data/final_natural_ko_bundle/all-files.changes.csv
오...,오…,,,/mnt/data/final_natural_ko_bundle/all-files.changes.csv
아앙... 으응...,아앙… 으응…,,,/mnt/data/final_natural_ko_bundle/all-files.changes.csv
다리를 벌려...,다리를 벌려…,,,/mnt/data/final_natural_ko_bundle/all-files.changes.csv
"으음, 으음...","으음, 으음…",,,/mnt/data/final_natural_ko_bundle/all-files.changes.csv
"오, 오, 오...","오, 오, 오…",,,/mnt/data/final_natural_ko_bundle/all-files.changes.csv
부장님...,부장님…,,,/mnt/data/final_natural_ko_bundle/all-files.changes.csv
싫은 일은... 싫은 일...,싫은 일은… 싫은 일…,,,/mnt/data/final_natural_ko_bundle/all-files.changes.csv
안 돼요...,안 돼요…,,,/mnt/data/final_natural_ko_bundle/all-files.changes.csv
한 잔 더 마시면 돼...,한 잔 더 마시면 돼…,,,/mnt/data/final_natural_ko_bundle/all-files.changes.csv
더 취해 버리면...,더 취해 버리면…,,,/mnt/data/final_natural_ko_bundle/all-files.changes.csv
다음 영상에서 만나요.,[불명],,,/mnt/data/final_natural_ko_bundle/all-files.changes.csv
계속 움직이면서 전부 침투성이로 만들어.,계속 움직여서 침범벅으로 만들어.,,,/mnt/data/final_natural_ko_bundle/all-files.changes.csv
더 깊이 물어야 성기를 넣어 주지.,더 깊이 빨아야 자지 넣어 주지.,,,/mnt/data/final_natural_ko_bundle/all-files.changes.csv
엉덩이를 더 내밀어...,엉덩이를 더 내밀어…,,,/mnt/data/final_natural_ko_bundle/all-files.changes.csv
그래...,그래…,,,/mnt/data/final_natural_ko_bundle/all-files.changes.csv
그 자세로...,그 자세로…,,,/mnt/data/final_natural_ko_bundle/all-files.changes.csv
"더, 더, 더...","더, 더, 더…",,,/mnt/data/final_natural_ko_bundle/all-files.changes.csv
그래. 이런 건 평소엔 안 하지만...,그래. 이런 건 평소엔 안 하지만…,,,/mnt/data/final_natural_ko_bundle/all-files.changes.csv
허리를 더 흔들어...,허리를 더 흔들어…,,,/mnt/data/final_natural_ko_bundle/all-files.changes.csv
아아아아아...,아아아아아…,,,/mnt/data/final_natural_ko_bundle/all-files.changes.csv
"갑자기... 안 돼, 안 돼.","갑자기… 안 돼, 안 돼.",,,/mnt/data/final_natural_ko_bundle/all-files.changes.csv
"제가 주도하는 작품은 다른 것도 나와 있지만,",제가 주도하는 작품은 다른 것도 나와 있지만,,,/mnt/data/final_natural_ko_bundle/all-files.changes.csv
"이번에는 삽입 장면도 있는 작품이라서,",이번에는 삽입 장면도 있는 작품이라서,,,/mnt/data/final_natural_ko_bundle/all-files.changes.csv
"그런 부분도 봐 주셨으면 하고,",그런 부분도 봐 주셨으면 하고,,,/mnt/data/final_natural_ko_bundle/all-files.changes.csv
"오늘 카에데 후와 씨를 만나는데요,",오늘 카에데 후와 씨를 만나는데요,,,/mnt/data/final_natural_ko_bundle/all-files.changes.csv
이제 너무 지났으니 조금 쉬어 주세요.,이제 꽤 했으니 잠깐 쉬어요.,,,/mnt/data/final_natural_ko_bundle/all-files.changes.csv
"아니, 그래도 저는 여길 보고,","아니, 그래도 저는 여길 보고",,,/mnt/data/final_natural_ko_bundle/all-files.changes.csv
휴식은 없습니다.,쉴 틈은 없어.,,,/mnt/data/final_natural_ko_bundle/all-files.changes.csv
"네, 조금 쉬어 주세요.","네, 잠깐만요.",,,/mnt/data/final_natural_ko_bundle/all-files.changes.csv
[안전상 번역 불가],[불명],,,/mnt/data/final_natural_ko_bundle/all-files.changes.csv
응… [안전상 번역 불가]…,응… [불명]…,,,/mnt/data/final_natural_ko_bundle/all-files.changes.csv
나왔어…? [안전상 번역 불가]… 나왔어?,나왔어…? [불명]… 나왔어?,,,/mnt/data/final_natural_ko_bundle/all-files.changes.csv
더 [안전상 번역 불가]. 이쪽으로 엉덩이를 돌려.,더 [불명]. 이쪽으로 엉덩이를 돌려.,,,/mnt/data/final_natural_ko_bundle/all-files.changes.csv
"누나, 기분 좋게 해줄게.","누나, 기분 좋게 해 줄게.",,,/mnt/data/final_natural_ko_bundle/all-files.changes.csv
또 무직이 돼버렸네.,또 무직이 돼 버렸네.,,,/mnt/data/final_natural_ko_bundle/all-files.changes.csv
네 엉덩이를 핥게 해줘.,네 엉덩이를 핥게 해 줘.,,,/mnt/data/final_natural_ko_bundle/all-files.changes.csv
핥게 해줘.,핥게 해 줘.,,,/mnt/data/final_natural_ko_bundle/all-files.changes.csv
"더, 더 핥게 해줘.","더, 더 핥게 해 줘.",,,/mnt/data/final_natural_ko_bundle/all-files.changes.csv
"아, 자, [안전상 번역 불가].","아, 자, [불명].",,,/mnt/data/final_natural_ko_bundle/all-files.changes.csv
"아니, 어머니는 여러분께 [안전상 번역 불가]시켜주세요.","아니, 어머니는 여러분께 [불명]시켜주세요.",,,/mnt/data/final_natural_ko_bundle/all-files.changes.csv
"너희들, [안전상 번역 불가]해.","너희들, [불명]해.",,,/mnt/data/final_natural_ko_bundle/all-files.changes.csv
"이제 곧 약속 장소에 도착해서, 그쪽으로 가 보려고 합니다.",이제 곧 약속 장소에 도착해서 그쪽으로 가 보려고 합니다.,,,/mnt/data/final_natural_ko_bundle/all-files.changes.csv
"존댓말 쓰면 말이지,",존댓말 쓰면 말이지,,,/mnt/data/final_natural_ko_bundle/all-files.changes.csv
"벌칙 게임 시작하기 전에,",벌칙 게임 시작하기 전에,,,/mnt/data/final_natural_ko_bundle/all-files.changes.csv
"그럼 일단,",그럼 일단,,,/mnt/data/final_natural_ko_bundle/all-files.changes.csv
가면서 전철에서 생각해보자.,가면서 전철에서 생각해 보자.,,,/mnt/data/final_natural_ko_bundle/all-files.changes.csv
"응, 생각해보자.","응, 생각해 보자.",,,/mnt/data/final_natural_ko_bundle/all-files.changes.csv
"제법 오랫동안 했던 것 같아. 그래도 사람이 별로 없어서,",제법 오랫동안 했던 것 같아. 그래도 사람이 별로 없어서,,,/mnt/data/final_natural_ko_bundle/all-files.changes.csv
"화장실은 4호차, 6호차, 8호차, 9호차, 11호차에도 있습니다.","화장실은 4호차, 6호차, 8호차 9호차, 11호차에도 있습니다.",,,/mnt/data/final_natural_ko_bundle/all-files.changes.csv
스킨십 받아들이는 게 너무 자연스러운데. 괜찮아?,너무 자연스럽게 받아주는데? 괜찮아?,,,/mnt/data/final_natural_ko_bundle/all-files.changes.csv
좀 위험한데. 나 발기했어.,좀 위험한데. 나 완전히 섰어.,,,/mnt/data/final_natural_ko_bundle/all-files.changes.csv
확인해보고 싶어.,확인해 보고 싶어.,,,/mnt/data/final_natural_ko_bundle/all-files.changes.csv
만져봐서 확인해볼래.,만져봐서 확인해 볼래.,,,/mnt/data/final_natural_ko_bundle/all-files.changes.csv
"주차장에서부터 조금 걸어왔더니,",주차장에서부터 조금 걸어왔더니,,,/mnt/data/final_natural_ko_bundle/all-files.changes.csv
어느 쪽이 좋은지 말해줘.,어느 쪽이 좋은지 말해 줘.,,,/mnt/data/final_natural_ko_bundle/all-files.changes.csv
좀 자세히 들여다보게 해줘.,좀 자세히 들여다보게 해 줘.,,,/mnt/data/final_natural_ko_bundle/all-files.changes.csv
"싸버릴 것 같아, 싸 버릴 것 같아.","싸 버릴 것 같아, 싸 버릴 것 같아.",,,/mnt/data/final_natural_ko_bundle/all-files.changes.csv
"가, 가버릴 것 같아…!","가, 가 버릴 것 같아…!",,,/mnt/data/final_natural_ko_bundle/all-files.changes.csv
싸버릴 것 같아.,싸 버릴 것 같아.,,,/mnt/data/final_natural_ko_bundle/all-files.changes.csv
이대로 해방되어 버리겠네.,이대로 가 버리겠네.,,,/mnt/data/final_natural_ko_bundle/all-files.changes.csv
완전히 해방되어 버려.,그대로 가 버려.,,,/mnt/data/final_natural_ko_bundle/all-files.changes.csv
"풀어졌다, 우와.",풀렸네. 우와.,,,/mnt/data/final_natural_ko_bundle/all-files.changes.csv
확인해볼게.,확인해 볼게.,,,/mnt/data/final_natural_ko_bundle/all-files.changes.csv
적어.,젖었어.,,,/mnt/data/final_natural_ko_bundle/all-files.changes.csv
핥아주길 바라는 거야?,핥아 주길 바라는 거야?,,,/mnt/data/final_natural_ko_bundle/all-files.changes.csv
"싸버릴 것 같아, 가버릴 것 같다고.","싸 버릴 것 같아, 가 버릴 것 같다고.",,,/mnt/data/final_natural_ko_bundle/all-files.changes.csv
바로 눈앞에서 직관하게 해줘.,바로 눈앞에서 직관하게 해 줘.,,,/mnt/data/final_natural_ko_bundle/all-files.changes.csv
거기에 그대로 자세 유지해줘.,거기에 그대로 자세 유지해 줘.,,,/mnt/data/final_natural_ko_bundle/all-files.changes.csv
이런 경험 처음 당해봐?,이런 경험 처음 당해 봐?,,,/mnt/data/final_natural_ko_bundle/all-files.changes.csv
가게 업소에서 서비스할 때처럼 해줘.,가게 업소에서 서비스할 때처럼 해 줘.,,,/mnt/data/final_natural_ko_bundle/all-files.changes.csv
"진짜 맛있지. 맛도 있고 귀엽기도 하고. 요리해 먹어도 맛있고,",진짜 맛있지. 맛도 있고 귀엽기도 하고. 요리해 먹어도 맛있고,,,/mnt/data/final_natural_ko_bundle/all-files.changes.csv
"야한 교성 소리를 그렇게 크게 내면,",야한 교성 소리를 그렇게 크게 내면,,,/mnt/data/final_natural_ko_bundle/all-files.changes.csv
나 잠깐 그 플레이 해보고 싶어.,나 잠깐 그 플레이 해 보고 싶어.,,,/mnt/data/final_natural_ko_bundle/all-files.changes.csv
해보는 거 처음이야?,해 보는 거 처음이야?,,,/mnt/data/final_natural_ko_bundle/all-files.changes.csv
언젠가 꼭 경험해보게 될 거야.,언젠가 꼭 경험해 보게 될 거야.,,,/mnt/data/final_natural_ko_bundle/all-files.changes.csv
"다리 사이에 넣고,",다리 사이에 넣고,,,/mnt/data/final_natural_ko_bundle/all-files.changes.csv
"그리고,",그리고,,,/mnt/data/final_natural_ko_bundle/all-files.changes.csv
해줄까?,해 줄까?,,,/mnt/data/final_natural_ko_bundle/all-files.changes.csv
그럼 이번엔 내가 좋아하는 체위부터 해볼게.,그럼 이번엔 내가 좋아하는 체위부터 해 볼게.,,,/mnt/data/final_natural_ko_bundle/all-files.changes.csv
또 만나요.,[불명],,,/mnt/data/final_natural_ko_bundle/all-files.changes.csv
조금 쉬세요.,잠깐만.,,,/mnt/data/final_natural_ko_bundle/all-files.changes.csv
"아, 해버렸어.","아, 해 버렸어.",,,/mnt/data/final_natural_ko_bundle/all-files.changes.csv
숨을 들이마시세요.,숨 좀 쉬어.,,,/mnt/data/final_natural_ko_bundle/all-files.changes.csv
이게 두 번째입니다.,두 번째야.,,,/mnt/data/final_natural_ko_bundle/all-files.changes.csv
배가 아파.,안쪽이 아파.,,,/mnt/data/final_natural_ko_bundle/all-files.changes.csv
"거기, 거기...","거기, 거기…",,,/mnt/data/final_natural_ko_bundle/all-files.changes.csv
한 번 정도...,한 번 정도…,,,/mnt/data/final_natural_ko_bundle/all-files.changes.csv
"아아아... 아, 아...","아아아… 아, 아…",,,/mnt/data/final_natural_ko_bundle/all-files.changes.csv
"아, 아야...","아, 아야…",,,/mnt/data/final_natural_ko_bundle/all-files.changes.csv
"아, 잠깐만...","아, 잠깐만…",,,/mnt/data/final_natural_ko_bundle/all-files.changes.csv
먹어보세요.,먹어 봐.,,,/mnt/data/final_natural_ko_bundle/all-files.changes.csv
힘 좀 줘 봐... 제대로 해 봐.,힘 좀 줘 봐… 제대로 해 봐.,,,/mnt/data/final_natural_ko_bundle/all-files.changes.csv
여기...,여기…,,,/mnt/data/final_natural_ko_bundle/all-files.changes.csv
"아, 좋아...","아, 좋아…",,,/mnt/data/final_natural_ko_bundle/all-files.changes.csv
좋아...,좋아…,,,/mnt/data/final_natural_ko_bundle/all-files.changes.csv
맛있습니다.,맛있어.,,,/mnt/data/final_natural_ko_bundle/all-files.changes.csv
오랜만이네...,오랜만이네…,,,/mnt/data/final_natural_ko_bundle/all-files.changes.csv
으응... 자고 싶어.,으응… 자고 싶어.,,,/mnt/data/final_natural_ko_bundle/all-files.changes.csv
클리...,클리…,,,/mnt/data/final_natural_ko_bundle/all-files.changes.csv
아-----!,아…!,,,/mnt/data/final_natural_ko_bundle/all-files.changes.csv
엄청 축축해졌네...,엄청 축축해졌네…,,,/mnt/data/final_natural_ko_bundle/all-files.changes.csv
"어이, 어이...","어이, 어이…",,,/mnt/data/final_natural_ko_bundle/all-files.changes.csv
더 핥아주는 게 좋아?,더 핥아 주는 게 좋아?,,,/mnt/data/final_natural_ko_bundle/all-files.changes.csv
"갈게, 갈게... 멈추질 않네.","갈게, 갈게… 멈추질 않네.",,,/mnt/data/final_natural_ko_bundle/all-files.changes.csv
앗...,앗…,,,/mnt/data/final_natural_ko_bundle/all-files.changes.csv
대단하네...,대단하네…,,,/mnt/data/final_natural_ko_bundle/all-files.changes.csv
"아아, 정말...","아아, 정말…",,,/mnt/data/final_natural_ko_bundle/all-files.changes.csv
우와아...,우와아…,,,/mnt/data/final_natural_ko_bundle/all-files.changes.csv
이것도 그렇게...,이것도 그렇게…,,,/mnt/data/final_natural_ko_bundle/all-files.changes.csv
"아, 조금 쉬세요.",잠깐만.,,,/mnt/data/final_natural_ko_bundle/all-files.changes.csv
"갈게, 갈게... 한 번 더.","갈게, 갈게… 한 번 더.",,,/mnt/data/final_natural_ko_bundle/all-files.changes.csv
"그럼, 오늘도 봐 주세요.",그럼 오늘도 잘 봐 줘.,,,/mnt/data/final_natural_ko_bundle/all-files.changes.csv
무서워...,무서워…,,,/mnt/data/final_natural_ko_bundle/all-files.changes.csv
기다려...,기다려…,,,/mnt/data/final_natural_ko_bundle/all-files.changes.csv
"아-----아, 장난 아냐.","아…아, 장난 아냐.",,,/mnt/data/final_natural_ko_bundle/all-files.changes.csv
"아, 잠깐...","아, 잠깐…",,,/mnt/data/final_natural_ko_bundle/all-files.changes.csv
"아, 좋아... 안 돼, 안 돼...","아, 좋아… 안 돼, 안 돼…",,,/mnt/data/final_natural_ko_bundle/all-files.changes.csv
첫 번째... 세 번째...,첫 번째… 세 번째…,,,/mnt/data/final_natural_ko_bundle/all-files.changes.csv
갈게... 갈게...,갈게… 갈게…,,,/mnt/data/final_natural_ko_bundle/all-files.changes.csv
"응, 갈게...","응, 갈게…",,,/mnt/data/final_natural_ko_bundle/all-files.changes.csv
막혀 있을 때는...,막혀 있을 때는…,,,/mnt/data/final_natural_ko_bundle/all-files.changes.csv
춥네요~,춥네요…,,,/mnt/data/final_natural_ko_bundle/all-files.changes.csv
응... 기분 좋아.,응… 기분 좋아.,,,/mnt/data/final_natural_ko_bundle/all-files.changes.csv
술 마시러 갈게...,술 마시러 갈게…,,,/mnt/data/final_natural_ko_bundle/all-files.changes.csv
괜찮으니까...,괜찮으니까…,,,/mnt/data/final_natural_ko_bundle/all-files.changes.csv
너 말이야...,너 말이야…,,,/mnt/data/final_natural_ko_bundle/all-files.changes.csv
괜찮습니다!,괜찮아!,,,/mnt/data/final_natural_ko_bundle/all-files.changes.csv
다리 뻗어 줘...,다리 뻗어 줘…,,,/mnt/data/final_natural_ko_bundle/all-files.changes.csv
다리 내려...,다리 내려…,,,/mnt/data/final_natural_ko_bundle/all-files.changes.csv
우와아아...!,우와아아…!,,,/mnt/data/final_natural_ko_bundle/all-files.changes.csv
이거 간다...,이거 간다…,,,/mnt/data/final_natural_ko_bundle/all-files.changes.csv
"이거, 이거, 이거, 그거, 이거, 그 정도, 그 정도...","이거, 이거, 이거, 그거, 이거, 그 정도, 그 정도…",,,/mnt/data/final_natural_ko_bundle/all-files.changes.csv
"아, 좀 더 해 줘...","아, 좀 더 해 줘…",,,/mnt/data/final_natural_ko_bundle/all-files.changes.csv
"멍, 멍, 멍...","멍, 멍, 멍…",,,/mnt/data/final_natural_ko_bundle/all-files.changes.csv
그래도 요즘은...,그래도 요즘은…,,,/mnt/data/final_natural_ko_bundle/all-files.changes.csv
아파... 잠깐 쉬어.,아파… 잠깐 쉬어.,,,/mnt/data/final_natural_ko_bundle/all-files.changes.csv
아직 아파...,아직 아파…,,,/mnt/data/final_natural_ko_bundle/all-files.changes.csv
어떻게 하지...,어떻게 하지…,,,/mnt/data/final_natural_ko_bundle/all-files.changes.csv
그거 맛있어...,그거 맛있어…,,,/mnt/data/final_natural_ko_bundle/all-files.changes.csv
응응...,응응…,,,/mnt/data/final_natural_ko_bundle/all-files.changes.csv
응-...,응-…,,,/mnt/data/final_natural_ko_bundle/all-files.changes.csv
아-...,아-…,,,/mnt/data/final_natural_ko_bundle/all-files.changes.csv
"아, 대단해. 엄청 단단하게 섰어...","아, 대단해. 엄청 단단하게 섰어…",,,/mnt/data/final_natural_ko_bundle/all-files.changes.csv
떨리고 있어... 기분 좋아?,떨리고 있어… 기분 좋아?,,,/mnt/data/final_natural_ko_bundle/all-files.changes.csv
아~.,아…,,,/mnt/data/final_natural_ko_bundle/all-files.changes.csv
으~.,으…,,,/mnt/data/final_natural_ko_bundle/all-files.changes.csv
아빠... 엄마...,아빠… 엄마…,,,/mnt/data/final_natural_ko_bundle/all-files.changes.csv
세 번째... 첫 번째... 다섯 번째...,세 번째… 첫 번째… 다섯 번째…,,,/mnt/data/final_natural_ko_bundle/all-files.changes.csv
"아, 거기... 기분 좋아?","아, 거기… 기분 좋아?",,,/mnt/data/final_natural_ko_bundle/all-files.changes.csv
"아, 기분 좋아...","아, 기분 좋아…",,,/mnt/data/final_natural_ko_bundle/all-files.changes.csv
정말 깊어...,정말 깊어…,,,/mnt/data/final_natural_ko_bundle/all-files.changes.csv
아아------.,아아…,,,/mnt/data/final_natural_ko_bundle/all-files.changes.csv
기분 좋아... 숨이 가빠.,기분 좋아… 숨이 가빠.,,,/mnt/data/final_natural_ko_bundle/all-files.changes.csv
이쪽...,이쪽…,,,/mnt/data/final_natural_ko_bundle/all-files.changes.csv
"아-, 기분 좋아. 아-, 기분 좋아. 아-, 기분 좋아...","아-, 기분 좋아. 아-, 기분 좋아. 아-, 기분 좋아…",,,/mnt/data/final_natural_ko_bundle/all-files.changes.csv
나 좀 눕게 해 줘...,나 좀 눕게 해 줘…,,,/mnt/data/final_natural_ko_bundle/all-files.changes.csv
"아, 어디...","아, 어디…",,,/mnt/data/final_natural_ko_bundle/all-files.changes.csv
싫어...,싫어…,,,/mnt/data/final_natural_ko_bundle/all-files.changes.csv
"아, 거기에, 거기에, 거기에...","아, 거기에, 거기에, 거기에…",,,/mnt/data/final_natural_ko_bundle/all-files.changes.csv
"아아, 거기... 기분 좋아.","아아, 거기… 기분 좋아.",,,/mnt/data/final_natural_ko_bundle/all-files.changes.csv
"어라, 아들...","어라, 아들…",,,/mnt/data/final_natural_ko_bundle/all-files.changes.csv
아... 미안해.,아… 미안해.,,,/mnt/data/final_natural_ko_bundle/all-files.changes.csv
"아~이거구나, 그거구나.","아…이거구나, 그거구나.",,,/mnt/data/final_natural_ko_bundle/all-files.changes.csv
아~이거구나.,아…이거구나.,,,/mnt/data/final_natural_ko_bundle/all-files.changes.csv
갈게~.,갈게…,,,/mnt/data/final_natural_ko_bundle/all-files.changes.csv
사진 촬영...,사진 촬영…,,,/mnt/data/final_natural_ko_bundle/all-files.changes.csv
죄송해요. 좀 추운 곳으로 잡아서...,죄송해요. 좀 추운 곳으로 잡아서…,,,/mnt/data/final_natural_ko_bundle/all-files.changes.csv
평소엔 자고 있어서...,평소엔 자고 있어서…,,,/mnt/data/final_natural_ko_bundle/all-files.changes.csv
"음, 셀프 네일 하는 거랑...","음, 셀프 네일 하는 거랑…",,,/mnt/data/final_natural_ko_bundle/all-files.changes.csv
전부 혼자서 하는 거네...,전부 혼자서 하는 거네…,,,/mnt/data/final_natural_ko_bundle/all-files.changes.csv
그거 하는 거랑...,그거 하는 거랑…,,,/mnt/data/final_natural_ko_bundle/all-files.changes.csv
또 게임도 좋아하고...,또 게임도 좋아하고…,,,/mnt/data/final_natural_ko_bundle/all-files.changes.csv
컴퓨터로 게임하는데...,컴퓨터로 게임하는데…,,,/mnt/data/final_natural_ko_bundle/all-files.changes.csv
PC 게임이랑...,PC 게임이랑…,,,/mnt/data/final_natural_ko_bundle/all-files.changes.csv
그리고 역시 공룡 관련 지식 배우는 것도 좋아하고...,그리고 역시 공룡 관련 지식 배우는 것도 좋아하고…,,,/mnt/data/final_natural_ko_bundle/all-files.changes.csv
최근엔 일 때문에 좀 안 타려고 하고 있지만...,최근엔 일 때문에 좀 안 타려고 하고 있지만…,,,/mnt/data/final_natural_ko_bundle/all-files.changes.csv
"아니, 보통. 250에서 400cc 정도...","아니, 보통. 250에서 400cc 정도…",,,/mnt/data/final_natural_ko_bundle/all-files.changes.csv
아~ 이런.,아… 이런.,,,/mnt/data/final_natural_ko_bundle/all-files.changes.csv
이런 고전적인 수법에...,이런 고전적인 수법에…,,,/mnt/data/final_natural_ko_bundle/all-files.changes.csv
"뭔가 아까보다 더 추워져서, 팔짱뿐만 아니라... 손도 잡았으면 하는데. 손이 너무 차가워서 미안해요.","뭔가 아까보다 더 추워져서, 팔짱뿐만 아니라… 손도 잡았으면 하는데. 손이 너무 차가워서 미안해요.",,,/mnt/data/final_natural_ko_bundle/all-files.changes.csv
"신경 안 쓰여? 별로. 별로 안 쓰여. 뭐랄까? 눈 쪽이... 엄청 예뻐, 여기. 우와~ 발견해 버렸다. 와, 좋네요 이거. 대박. 어, 엄청 예쁘다. 반대로 좀 무섭네. 바닥. 와, 대박. 여기 봐봐. 좋네요.","신경 안 쓰여? 별로. 별로 안 쓰여. 뭐랄까? 눈 쪽이… 엄청 예뻐, 여기. 우와… 발견해 버렸다. 와, 좋네요 이거. 대박. 어, 엄청 예쁘다. 반대로 좀 무섭네. 바닥. 와, 대박. 여기 봐봐. 좋네요.",,,/mnt/data/final_natural_ko_bundle/all-files.changes.csv
의외로 적극적인 면이 있어서 좀... 어머.,의외로 적극적인 면이 있어서 좀… 어머.,,,/mnt/data/final_natural_ko_bundle/all-files.changes.csv
오~ 대박 대박 대박. 장난 아니네.,오… 대박 대박 대박. 장난 아니네.,,,/mnt/data/final_natural_ko_bundle/all-files.changes.csv
우와~ 우와우와야. 우와.,우와… 우와우와야. 우와.,,,/mnt/data/final_natural_ko_bundle/all-files.changes.csv
뭔가... 앗. 이런 말 하면 안 되려나.,뭔가… 앗. 이런 말 하면 안 되려나.,,,/mnt/data/final_natural_ko_bundle/all-files.changes.csv
말해버렸잖아?,말해 버렸잖아?,,,/mnt/data/final_natural_ko_bundle/all-files.changes.csv
우와~ 왔다 왔다 왔다.,우와… 왔다 왔다 왔다.,,,/mnt/data/final_natural_ko_bundle/all-files.changes.csv
우와우와우와~,우와우와우와…,,,/mnt/data/final_natural_ko_bundle/all-files.changes.csv
그런 거 집에서 해봐.,그런 거 집에서 해 봐.,,,/mnt/data/final_natural_ko_bundle/all-files.changes.csv
좀 마사지 해줘서 펴주고.,좀 마사지 해 줘서 펴주고.,,,/mnt/data/final_natural_ko_bundle/all-files.changes.csv
헤헤~.,헤헤…,,,/mnt/data/final_natural_ko_bundle/all-files.changes.csv
우응...,우응…,,,/mnt/data/final_natural_ko_bundle/all-files.changes.csv
이거...,이거…,,,/mnt/data/final_natural_ko_bundle/all-files.changes.csv
예쁘게 해서...,예쁘게 해서…,,,/mnt/data/final_natural_ko_bundle/all-files.changes.csv
빨아줄게.,빨아 줄게.,,,/mnt/data/final_natural_ko_bundle/all-files.changes.csv
장난 아냐... 기분 좋아.,장난 아냐… 기분 좋아.,,,/mnt/data/final_natural_ko_bundle/all-files.changes.csv
우와~!,우와…!,,,/mnt/data/final_natural_ko_bundle/all-files.changes.csv
먹어줬으면 해서... 앗!,먹어줬으면 해서… 앗!,,,/mnt/data/final_natural_ko_bundle/all-files.changes.csv
음식 말하는 거 아니야~.,음식 말하는 거 아니야…,,,/mnt/data/final_natural_ko_bundle/all-files.changes.csv
"근데 뭔가 사람들이랑 밥 먹으러 갈 때, '전 이거 못 먹어요'라든가,","근데 뭔가 사람들이랑 밥 먹으러 갈 때, '전 이거 못 먹어요'라든가",,,/mnt/data/final_natural_ko_bundle/all-files.changes.csv
"응, 뭔가 꾹 참고 맛없다고 생각하면서도 계속 먹다 보니까,","응, 뭔가 꾹 참고 맛없다고 생각하면서도 계속 먹다 보니까",,,/mnt/data/final_natural_ko_bundle/all-files.changes.csv
아~ 근데 나도 좋아할지도.,아… 근데 나도 좋아할지도.,,,/mnt/data/final_natural_ko_bundle/all-files.changes.csv
'먹고 싶어'라고 하면 착한 시짱은 어떻게 해줄 거야?,'먹고 싶어'라고 하면 착한 시짱은 어떻게 해 줄 거야?,,,/mnt/data/final_natural_ko_bundle/all-files.changes.csv
함박스테이크 먹고 싶어~ 라고 하면.,함박스테이크 먹고 싶어… 라고 하면.,,,/mnt/data/final_natural_ko_bundle/all-files.changes.csv
"나, 한입에 가버릴 테니까.","나, 한입에 가 버릴 테니까.",,,/mnt/data/final_natural_ko_bundle/all-files.changes.csv
"자, 아~.","자, 아…",,,/mnt/data/final_natural_ko_bundle/all-files.changes.csv
오~ 대박. 한입이네.,오… 대박. 한입이네.,,,/mnt/data/final_natural_ko_bundle/all-files.changes.csv
앙~.,앙…,,,/mnt/data/final_natural_ko_bundle/all-files.changes.csv
에~ 대박.,에… 대박.,,,/mnt/data/final_natural_ko_bundle/all-files.changes.csv
에에...,에에…,,,/mnt/data/final_natural_ko_bundle/all-files.changes.csv
"아니, 진짜 엄청...","아니, 진짜 엄청…",,,/mnt/data/final_natural_ko_bundle/all-files.changes.csv
"오, 벌써...","오, 벌써…",,,/mnt/data/final_natural_ko_bundle/all-files.changes.csv
물 흘려버렸네.,물 흘려 버렸네.,,,/mnt/data/final_natural_ko_bundle/all-files.changes.csv
온도가...,온도가…,,,/mnt/data/final_natural_ko_bundle/all-files.changes.csv
헤헤...,헤헤…,,,/mnt/data/final_natural_ko_bundle/all-files.changes.csv
이렇게 하니까 역시...,이렇게 하니까 역시…,,,/mnt/data/final_natural_ko_bundle/all-files.changes.csv
아~ 대박. 기분 좋아.,아… 대박. 기분 좋아.,,,/mnt/data/final_natural_ko_bundle/all-files.changes.csv
네~.,네…,,,/mnt/data/final_natural_ko_bundle/all-files.changes.csv
열심히 했어... 마셔도 돼?,열심히 했어… 마셔도 돼?,,,/mnt/data/final_natural_ko_bundle/all-files.changes.csv
오래 기다렸지~.,오래 기다렸지…,,,/mnt/data/final_natural_ko_bundle/all-files.changes.csv
장난 아니네~.,장난 아니네…,,,/mnt/data/final_natural_ko_bundle/all-files.changes.csv
"에? 다시 한번, 다시 한번 말해봐 뭐?","에? 다시 한번, 다시 한번 말해 봐 뭐?",,,/mnt/data/final_natural_ko_bundle/all-files.changes.csv
그대로 엉덩이 찍게 해줘.,그대로 엉덩이 찍게 해 줘.,,,/mnt/data/final_natural_ko_bundle/all-files.changes.csv
벗을 수 있게 되어 있네. 응.,벗을 수 있게 돼 있네. 응.,,,/mnt/data/final_natural_ko_bundle/all-files.changes.csv
더 해줘도 돼?,더 해 줘도 돼?,,,/mnt/data/final_natural_ko_bundle/all-files.changes.csv
천천히 해줘.,천천히 해 줘.,,,/mnt/data/final_natural_ko_bundle/all-files.changes.csv
기분 좋아... 기분 좋아...,기분 좋아… 기분 좋아…,,,/mnt/data/final_natural_ko_bundle/all-files.changes.csv
엄청 부드러워...,엄청 부드러워…,,,/mnt/data/final_natural_ko_bundle/all-files.changes.csv
엄청 해줘...,엄청 해 줘…,,,/mnt/data/final_natural_ko_bundle/all-files.changes.csv
엎드려서...,엎드려서…,,,/mnt/data/final_natural_ko_bundle/all-files.changes.csv
하이야...,하이야…,,,/mnt/data/final_natural_ko_bundle/all-files.changes.csv
더 해줘도 돼? 더 해줘. 괜찮아?,더 해 줘도 돼? 더 해 줘. 괜찮아?,,,/mnt/data/final_natural_ko_bundle/all-files.changes.csv
발로 해줘도 괜찮아.,발로 해 줘도 괜찮아.,,,/mnt/data/final_natural_ko_bundle/all-files.changes.csv
기분 좋아... 갈 것 같아... 아파...,기분 좋아… 갈 것 같아… 아파…,,,/mnt/data/final_natural_ko_bundle/all-files.changes.csv
"아파, 아파, 아파...","아파, 아파, 아파…",,,/mnt/data/final_natural_ko_bundle/all-files.changes.csv
대박. 이렇게 되어 있구나 싶어.,대박. 이렇게 돼 있구나 싶어.,,,/mnt/data/final_natural_ko_bundle/all-files.changes.csv
저쪽에서도 해볼래?,저쪽에서도 해 볼래?,,,/mnt/data/final_natural_ko_bundle/all-files.changes.csv
가버려.,가 버려.,,,/mnt/data/final_natural_ko_bundle/all-files.changes.csv
싸버리면 끝나잖아.,싸 버리면 끝나잖아.,,,/mnt/data/final_natural_ko_bundle/all-files.changes.csv
"밥 먹고, 데이트하고,","밥 먹고, 데이트하고",,,/mnt/data/final_natural_ko_bundle/all-files.changes.csv
좀 더 보여줘 봐.,좀 더 보여 줘 봐.,,,/mnt/data/final_natural_ko_bundle/all-files.changes.csv
좀 더 뒤로 향하게 해봐.,좀 더 뒤로 향하게 해 봐.,,,/mnt/data/final_natural_ko_bundle/all-files.changes.csv
그래. 좀 더 보여줘.,그래. 좀 더 보여 줘.,,,/mnt/data/final_natural_ko_bundle/all-files.changes.csv
달아오른 얼굴 잘 보여줘 봐.,달아오른 얼굴 잘 보여 줘 봐.,,,/mnt/data/final_natural_ko_bundle/all-files.changes.csv
보지. 기분 좋아서 젖어버렸어.,보지. 기분 좋아서 젖어 버렸어.,,,/mnt/data/final_natural_ko_bundle/all-files.changes.csv
기분 좋아... 더 해줘...,기분 좋아… 더 해 줘…,,,/mnt/data/final_natural_ko_bundle/all-files.changes.csv
"응, 더...","응, 더…",,,/mnt/data/final_natural_ko_bundle/all-files.changes.csv
나한테 잔뜩 보여줘 봐.,나한테 잔뜩 보여 줘 봐.,,,/mnt/data/final_natural_ko_bundle/all-files.changes.csv
"바닥에 서서, 엉덩이 쪽 향해봐.","바닥에 서서, 엉덩이 쪽 향해 봐.",,,/mnt/data/final_natural_ko_bundle/all-files.changes.csv
"아, 아, 아, 아, 아, 아, 아, 아, 아, 아, 아, 아, 아, 아, 아, 아, 아, 아, 아, 아, 아, 아, 아, 아, 아, 아, 아, 아, 아, 아, 아, 아, 아, 아, 아, 아, 아, 아, 아, 아, 아, 아, 아, 아, 아, 아, 아, 아, 아, 아, 아, 아, 아, 아, 아, 아, 아, 아, 아, 아, 아, 아, 아, 아, 아, 아, 아, 아, 아, 아, 아, 아, 아, 아, 아, 아, 아, 아, 아, 아, 아, 아, 아, 아, 아, 아, 아, 아, 아, 아, 아, 아, 아, 아, 아, 아, 아, 아, 아, 아, 아, 아, 아, 아, 아, 아, 아, 아, 아, 아, 아, 아",아아아…!,,,/mnt/data/final_natural_ko_bundle/all-files.changes.csv
"하면서, 역시 갈 것 같다고 말하게 돼...","하면서, 역시 갈 것 같다고 말하게 돼…",,,/mnt/data/final_natural_ko_bundle/all-files.changes.csv
혀를 움직이는 편이 하기 편하네...,혀를 움직이는 편이 하기 편하네…,,,/mnt/data/final_natural_ko_bundle/all-files.changes.csv
대박... 엄청 커져 있어...,대박… 엄청 커져 있어…,,,/mnt/data/final_natural_ko_bundle/all-files.changes.csv
"그럼, 아직 팬티 위에서 해버릴까...","그럼, 아직 팬티 위에서 해 버릴까…",,,/mnt/data/final_natural_ko_bundle/all-files.changes.csv
대박... 엄청 커져버려서...,대박… 엄청 커져버려서…,,,/mnt/data/final_natural_ko_bundle/all-files.changes.csv
"근데, 이렇게 세운 건 누굴까...","근데, 이렇게 세운 건 누굴까…",,,/mnt/data/final_natural_ko_bundle/all-files.changes.csv
누굴까...,누굴까…,,,/mnt/data/final_natural_ko_bundle/all-files.changes.csv
점점 더 딱딱해지네...,점점 더 딱딱해지네…,,,/mnt/data/final_natural_ko_bundle/all-files.changes.csv
점점 더...,점점 더…,,,/mnt/data/final_natural_ko_bundle/all-files.changes.csv
딱딱해진 것 같아...,딱딱해진 것 같아…,,,/mnt/data/final_natural_ko_bundle/all-files.changes.csv
"그렇게 당하면, 당장 만져달라고 하고 싶어져...","그렇게 당하면, 당장 만져달라고 하고 싶어져…",,,/mnt/data/final_natural_ko_bundle/all-files.changes.csv
아직...,아직…,,,/mnt/data/final_natural_ko_bundle/all-files.changes.csv
기분 좋은 곳을 아네...,기분 좋은 곳을 아네…,,,/mnt/data/final_natural_ko_bundle/all-files.changes.csv
"그럼, 맨자지 봐버릴까...","그럼, 맨자지 봐버릴까…",,,/mnt/data/final_natural_ko_bundle/all-files.changes.csv
엄청 커...,엄청 커…,,,/mnt/data/final_natural_ko_bundle/all-files.changes.csv
대박...,대박…,,,/mnt/data/final_natural_ko_bundle/all-files.changes.csv
기분 좋네...,기분 좋네…,,,/mnt/data/final_natural_ko_bundle/all-files.changes.csv
직접 만지는 게 더 기분 좋아...,직접 만지는 게 더 기분 좋아…,,,/mnt/data/final_natural_ko_bundle/all-files.changes.csv
불알도 빵빵해...,불알도 빵빵해…,,,/mnt/data/final_natural_ko_bundle/all-files.changes.csv
불알도...,불알도…,,,/mnt/data/final_natural_ko_bundle/all-files.changes.csv
그런 말도 해주는구나...,그런 말도 해주는구나…,,,/mnt/data/final_natural_ko_bundle/all-files.changes.csv
핥아줬으면 좋겠어...,핥아줬으면 좋겠어…,,,/mnt/data/final_natural_ko_bundle/all-files.changes.csv
"그럼, 먼저 유두를 한 번 더 할까...","그럼, 먼저 유두를 한 번 더 할까…",,,/mnt/data/final_natural_ko_bundle/all-files.changes.csv
가슴을 대고...,가슴을 대고…,,,/mnt/data/final_natural_ko_bundle/all-files.changes.csv
참을 수 있을까...,참을 수 있을까…,,,/mnt/data/final_natural_ko_bundle/all-files.changes.csv
우왓...,우왓…,,,/mnt/data/final_natural_ko_bundle/all-files.changes.csv
잘 보고 있어...,잘 보고 있어…,,,/mnt/data/final_natural_ko_bundle/all-files.changes.csv
미끌미끌하게 해주는구나...,미끌미끌하게 해주는구나…,,,/mnt/data/final_natural_ko_bundle/all-files.changes.csv
자지 질척질척해졌어...,자지 질척질척해졌어…,,,/mnt/data/final_natural_ko_bundle/all-files.changes.csv
딱딱해...,딱딱해…,,,/mnt/data/final_natural_ko_bundle/all-files.changes.csv
자지...,자지…,,,/mnt/data/final_natural_ko_bundle/all-files.changes.csv
엄청 크고...,엄청 크고…,,,/mnt/data/final_natural_ko_bundle/all-files.changes.csv
엄청 딱딱해...,엄청 딱딱해…,,,/mnt/data/final_natural_ko_bundle/all-files.changes.csv
조금 벌 받아도 돼...,조금 벌 받아도 돼…,,,/mnt/data/final_natural_ko_bundle/all-files.changes.csv
"에, 그만해, 가버려.","에, 그만해, 가 버려.",,,/mnt/data/final_natural_ko_bundle/all-files.changes.csv
지금은 혼자 가버리겠네. 그건 안 되지.,지금은 혼자 가 버리겠네. 그건 안 되지.,,,/mnt/data/final_natural_ko_bundle/all-files.changes.csv
역시 앞으로 뻗게 해줘.,역시 앞으로 뻗게 해 줘.,,,/mnt/data/final_natural_ko_bundle/all-files.changes.csv
에에에에...,에에에에…,,,/mnt/data/final_natural_ko_bundle/all-files.changes.csv
이것도...,이것도…,,,/mnt/data/final_natural_ko_bundle/all-files.changes.csv
얼굴 좀 보여줘 봐.,얼굴 좀 보여 줘 봐.,,,/mnt/data/final_natural_ko_bundle/all-files.changes.csv
카에데 후와 씨라는…,카에데 후우아 씨라는 분입니다.,출연자 이름 오인식 교정,높음,/mnt/data/SSIS-575_photo_guided_pass1/SSIS-575.photo-guided-pass1-changes.csv
후와 씨와 어떤 졸업을 맞고 싶어요?,후우아 씨와 어떤 식으로 첫 경험을 마무리하고 싶어요?,이름 및 질문 문장 자연화,높음,/mnt/data/SSIS-575_photo_guided_pass1/SSIS-575.photo-guided-pass1-changes.csv
이 영상은 나중에 후와 씨에게도 보여 줄 텐데요.,이 영상은 나중에 후우아 씨에게도 보여 드릴 텐데요.,출연자 이름 오인식 교정,높음,/mnt/data/SSIS-575_photo_guided_pass1/SSIS-575.photo-guided-pass1-changes.csv
후와 씨가 스물한 살이죠?,후우아 씨가 스물한 살이죠?,출연자 이름 오인식 교정,높음,/mnt/data/SSIS-575_photo_guided_pass1/SSIS-575.photo-guided-pass1-changes.csv
후와 씨 나이에…,후우아 씨 나이 때 한 번 도전했다가…,이름 및 문장 연결 교정,높음,/mnt/data/SSIS-575_photo_guided_pass1/SSIS-575.photo-guided-pass1-changes.csv
후와 씨가 이끄는 거예요.,이번에는 후우아 씨가 이끌어 주는 거예요.,이름 및 문장 자연화,높음,/mnt/data/SSIS-575_photo_guided_pass1/SSIS-575.photo-guided-pass1-changes.csv
후와 씨에게도 들어 볼까요?,후우아 씨의 각오도 들어 볼까요?,이름 및 문장 자연화,높음,/mnt/data/SSIS-575_photo_guided_pass1/SSIS-575.photo-guided-pass1-changes.csv
"그래도 제가 만들게요. 사 오시게요? 네, 다녀올게요. 죄송합니다.","제가 만들게요. 필요한 건 사 오실래요? 네, 다녀올게요. 죄송합니다.",화자 분리 및 대화 흐름 정리,높음,/mnt/data/SSIS-575_photo_guided_pass1/SSIS-575.photo-guided-pass1-changes.csv
"실제로 보니 신기하죠? 네, 정말 본인이네요. 제 작품도 아세요? 네.",실제로 보니 신기하죠? 정말 본인이네요. 제 작품도 아세요? 네.,화자 분리 및 중복 제거,높음,/mnt/data/SSIS-575_photo_guided_pass1/SSIS-575.photo-guided-pass1-changes.csv
뭐든 괜찮지만… 후와 씨?,뭐든 괜찮지만… 후우아 씨라고 부를까요?,출연자 이름 오인식 교정,높음,/mnt/data/SSIS-575_photo_guided_pass1/SSIS-575.photo-guided-pass1-changes.csv
"후와 씨요. 그럼 후, 후와 씨는 쉬고 계세요.",후우아 씨요. 그럼 쉬고 계세요.,출연자 이름 및 반복 교정,높음,/mnt/data/SSIS-575_photo_guided_pass1/SSIS-575.photo-guided-pass1-changes.csv
순서를 잘못 잡거나 서로 속도가 맞지 않아 무섭게 한 것 같다는 거죠?,순서를 서두르고 서로 속도를 맞추지 못해 상대를 무섭게 한 것 같다는 거죠?,긴 번역투 문장 자연화,높음,/mnt/data/SSIS-575_photo_guided_pass1/SSIS-575.photo-guided-pass1-changes.csv
"한 달 동안 같이 지낼 기회가 있으니, 저는 좀 더 친해져서 여러 가지를 함께하고 싶어요. 저와 친하게 지내 줄래요?",한 달 동안 좀 더 친해져서 여러 가지를 함께하고 싶어요. 저와 친하게 지내 줄래요?,화자·문장 구조 정리,높음,/mnt/data/SSIS-575_photo_guided_pass1/SSIS-575.photo-guided-pass1-changes.csv
마지막에는 졸업시켜 줄 수 있도록 하겠습니다.,마지막에는 제대로 첫 경험을 마칠 수 있도록 도와줄게요.,부자연스러운 '졸업시켜 주다' 표현 완화,중간,/mnt/data/SSIS-575_photo_guided_pass1/SSIS-575.photo-guided-pass1-changes.csv
좀처럼 마음을 열어 주지 않아서 막막해요.,좀처럼 마음을 열어 주지 않아 막막해요.,한국어 자연화,높음,/mnt/data/SSIS-575_photo_guided_pass1/SSIS-575.photo-guided-pass1-changes.csv
산책하면서 친해진 뒤 좀 더 적극적으로 하라고요.,산책하며 가까워진 뒤 조금 더 적극적으로 다가가라고요?,문장 호흡 정리,높음,/mnt/data/SSIS-575_photo_guided_pass1/SSIS-575.photo-guided-pass1-changes.csv
지금 함께 지내는 것도 꽤 괜찮아. 그러니 좀 더 자신감을 가져.,지금 함께 지내는 것도 꽤 괜찮잖아. 그러니 좀 더 자신감을 가져.,화자 분리 및 줄바꿈,높음,/mnt/data/SSIS-575_photo_guided_pass1/SSIS-575.photo-guided-pass1-changes.csv
지난번엔 입으로 해 주다가 제가 못 참고 가 버렸어요. 조금 약하게 할 걸 그랬나 봐요.,지난번엔 입으로 해 주다가 못 참고 가 버렸어요. 조금 약하게 할 걸 그랬나 봐요.,화자 분리 및 문장 자연화,높음,/mnt/data/SSIS-575_photo_guided_pass1/SSIS-575.photo-guided-pass1-changes.csv
네. 오늘은 졸업시켜 보겠습니다.,오늘은 첫 경험까지 갈 수 있도록 해 볼게요.,장면 목표 표현 자연화,중간,/mnt/data/SSIS-575_photo_guided_pass1/SSIS-575.photo-guided-pass1-changes.csv
이제 졸업했네.,이제 첫 경험을 마쳤네.,반복되는 '졸업' 표현 자연화,중간,/mnt/data/SSIS-575_photo_guided_pass1/SSIS-575.photo-guided-pass1-changes.csv
졸업.,드디어 했어요.,반복되는 '졸업' 표현 자연화,중간,/mnt/data/SSIS-575_photo_guided_pass1/SSIS-575.photo-guided-pass1-changes.csv
확실히 졸업했어.,확실히 첫 경험을 한 거야.,반복되는 '졸업' 표현 자연화,중간,/mnt/data/SSIS-575_photo_guided_pass1/SSIS-575.photo-guided-pass1-changes.csv
후와 씨는 요리를 자주 해요?,후우아 씨는 요리를 자주 해요?,출연자 이름 오인식 교정,높음,/mnt/data/SSIS-575_photo_guided_pass1/SSIS-575.photo-guided-pass1-changes.csv
후와 씨는 마셔요?,후우아 씨는 술 자주 마셔요?,출연자 이름 및 문장 자연화,높음,/mnt/data/SSIS-575_photo_guided_pass1/SSIS-575.photo-guided-pass1-changes.csv
"그래도 행동력이 있잖아. 아, 그런가요.","그래도 직접 지원할 만큼 행동력이 있잖아. 아, 그런가요.",화자 분리 및 문장 자연화,높음,/mnt/data/SSIS-575_photo_guided_pass1/SSIS-575.photo-guided-pass1-changes.csv
감독님이나 트위터로.,감독님께 말하거나 트위터로 알려 줘.,누락된 서술어 복원,높음,/mnt/data/SSIS-575_photo_guided_pass1/SSIS-575.photo-guided-pass1-changes.csv
후와 씨가 빠르게 해 줘서…,후우아 씨가 빠르게 해 줘서…,출연자 이름 오인식 교정,높음,/mnt/data/SSIS-575_photo_guided_pass1/SSIS-575.photo-guided-pass1-changes.csv
후와 씨를…,후우아 씨를 기분 좋게 해 주고 싶어요.,이름 및 다음 블록과 문장 결합,높음,/mnt/data/SSIS-575_photo_guided_pass1/SSIS-575.photo-guided-pass1-changes.csv
기분 좋게 해 주고 싶어요.,제가 해 볼게요.,앞 블록과 중복된 문장 정리,중간,/mnt/data/SSIS-575_photo_guided_pass1/SSIS-575.photo-guided-pass1-changes.csv
다음 영상에서 만나요.,조금은 잘하게 된 것 같아?,목욕 장면과 충돌한 메타 문장 교체,중간,/mnt/data/SSIS-575_photo_guided_pass1/SSIS-575.photo-guided-pass1-changes.csv
그에게 배운 대로 했어요.,알려 준 대로 해 봤어요.,장면에 맞게 문장 자연화,중간,/mnt/data/SSIS-575_photo_guided_pass1/SSIS-575.photo-guided-pass1-changes.csv
여러 정보를 찾아봤습니다.,인터넷에서도 이것저것 찾아봤어요.,앞뒤 대화 연결 자연화,중간,/mnt/data/SSIS-575_photo_guided_pass1/SSIS-575.photo-guided-pass1-changes.csv
"이런 거 좋아해? 좋아? 응, 좋아.","이런 거 좋아해? 응, 좋아.",중복 질문 정리,높음,/mnt/data/SSIS-575_photo_guided_pass1/SSIS-575.photo-guided-pass1-changes.csv
눕혀도 돼? 응.,이대로 눕혀도 돼? 응.,화자 분리 및 문장 자연화,높음,/mnt/data/SSIS-575_photo_guided_pass1/SSIS-575.photo-guided-pass1-changes.csv
엉덩이가 보고 싶어. 엉덩이를 좋아하거든. 그래? 좋아.,엉덩이가 보고 싶어. 내가 엉덩이를 좋아하거든. 그래? 좋아.,화자 분리 및 줄바꿈,높음,/mnt/data/SSIS-575_photo_guided_pass1/SSIS-575.photo-guided-pass1-changes.csv
찍고 싶어. 나 엉덩이를 좋아해. 정말 좋아.,찍고 싶어. 나 엉덩이를 정말 좋아해.,반복 표현 정리,높음,/mnt/data/SSIS-575_photo_guided_pass1/SSIS-575.photo-guided-pass1-changes.csv
"후와 씨, 좋아해요.","후우아 씨, 좋아해요.",출연자 이름 오인식 교정,높음,/mnt/data/SSIS-575_photo_guided_pass1/SSIS-575.photo-guided-pass1-changes.csv
"마음을 열어 줬고, 이제는 정말 가까워져서 잠자리까지 가질 수 있었어요.","그래도 어떻게든 마음을 열어 줬고, 이제는 정말 가까워져 잠자리까지 가졌어요.",내레이션 줄바꿈 및 번역투 제거,높음,/mnt/data/SSIS-575_photo_guided_pass1/SSIS-575.photo-guided-pass1-changes.csv
"마지막 날인 만큼 오늘도 함께하고, 끝에는 둘 다 웃으면서 헤어지고 싶어요.","마지막 날인 만큼 오늘도 함께하고, 끝에는 둘 다 웃으며 헤어지고 싶어요.",내레이션 줄바꿈 및 자연화,높음,/mnt/data/SSIS-575_photo_guided_pass1/SSIS-575.photo-guided-pass1-changes.csv
후와 씨를 만나서…,후우아 씨를 만나서…,출연자 이름 오인식 교정,높음,/mnt/data/SSIS-575_photo_guided_pass1/SSIS-575.photo-guided-pass1-changes.csv
봤어? 상자가 꽤 비었더라. 끼울게.,상자가 꽤 비었더라. 내가 끼울게.,대화 호흡 정리,높음,/mnt/data/SSIS-575_photo_guided_pass1/SSIS-575.photo-guided-pass1-changes.csv
"갑자기 빨라졌어. 잠깐만. 안 돼, 미안해. 갈 것 같아? 응, 갈 것 같아.","갑자기 빨라졌어. 잠깐만, 미안해. 갈 것 같아? 응, 갈 것 같아.",화자 분리 및 줄바꿈,높음,/mnt/data/SSIS-575_photo_guided_pass1/SSIS-575.photo-guided-pass1-changes.csv
‘정말 잘한다’고 말하면 꽤 기뻐했어요. 실제로도 잘했고요. 그렇게 칭찬받아 기뻐한 일과…,"'정말 잘한다'고 말하면 꽤 기뻐했어요. 실제로도 잘했고, 칭찬받는 걸 좋아했어요.",화자·문장 구조 정리,높음,/mnt/data/SSIS-575_photo_guided_pass1/SSIS-575.photo-guided-pass1-changes.csv
"봐 주신 팬 여러분, 감사합니다. 처음 보는 기획이라 불안해 보였을 텐데, 저도 제 나름대로 열심히 했고 섹스의 즐거움도 보여 드리고 싶었어요.","봐 주신 팬 여러분, 감사합니다. 저도 제 나름대로 열심히 했어요.",지나치게 긴 문장 분리,중간,/mnt/data/SSIS-575_photo_guided_pass1/SSIS-575.photo-guided-pass1-changes.csv
"그리고 전국의 동정 남성들은 너무 많이 고민하지 말고, 친한 여성이나 마음을 편하게 나눌 수 있는…","전국의 동정 남성들도 너무 많이 고민하지 말고, 마음을 편하게 나눌 수 있는 여성과…",긴 문장 자연화,중간,/mnt/data/SSIS-575_photo_guided_pass1/SSIS-575.photo-guided-pass1-changes.csv
친구처럼 편한 여자와 가까워지다 보면 자연스럽게 잠자리까지 갈 수 있어요. 너무 고민하지 말고 연애도 섹스도 많이 경험해 보세요.,친구처럼 가까워지다 보면 자연스럽게 이어질 수 있어요. 너무 고민하지 말고 연애도 많이 경험해 보세요.,마지막 조언 문장 자연화,중간,/mnt/data/SSIS-575_photo_guided_pass1/SSIS-575.photo-guided-pass1-changes.csv
이번엔 이틀만 자고 가는 거냐? 좀 더 쉬다 가면 좋을 텐데.,이번엔 이틀만 있다 가는 거냐? 좀 더 쉬었다 가면 좋을 텐데.,한국어 자연화,높음,/mnt/data/ADN-503_photo_english_verified_pass1/ADN-503.photo-english-verified-changes.csv
우리도 그러고 싶죠. 그치?,저희도 그러고 싶어요. 그렇지?,한국어 자연화,높음,/mnt/data/ADN-503_photo_english_verified_pass1/ADN-503.photo-english-verified-changes.csv
"반년 전, 마지막으로 이곳에 온 뒤로 기후가 조금 껄끄러워졌다.","반년 전 마지막으로 이곳에 온 뒤, 시아버지와 조금 어색해졌다.",문맥상 명백한 오역 교정,높음,/mnt/data/ADN-503_photo_english_verified_pass1/ADN-503.photo-english-verified-changes.csv
"그날 이후로, 마치 아무 일도 없었던 것처럼,","그날 이후 우리는 아무 일도 없었던 것처럼 지냈고,",내레이션 연결 자연화,높음,/mnt/data/ADN-503_photo_english_verified_pass1/ADN-503.photo-english-verified-changes.csv
남편에게는 말하지 못했다.,나는 남편에게 아무 말도 하지 못했다.,내레이션 자연화,높음,/mnt/data/ADN-503_photo_english_verified_pass1/ADN-503.photo-english-verified-changes.csv
취했을 때 아주 잠깐 한 실수라는 걸.,술김에 저지른 잠깐의 실수였다는 것도 알고 있었다.,내레이션 자연화,높음,/mnt/data/ADN-503_photo_english_verified_pass1/ADN-503.photo-english-verified-changes.csv
그래도 역시 불편했다.,그래도 불편한 건 어쩔 수 없었다.,내레이션 자연화,높음,/mnt/data/ADN-503_photo_english_verified_pass1/ADN-503.photo-english-verified-changes.csv
여기 오면 항상 즐기는 거니까요.,여기 오면 늘 낚시를 즐기거든요.,대화체 자연화,높음,/mnt/data/ADN-503_photo_english_verified_pass1/ADN-503.photo-english-verified-changes.csv
"아버님, 식사는 어떻게 하실래요?","아버님, 아침은 어떻게 하실래요?",시간대·장면 문맥 반영,높음,/mnt/data/ADN-503_photo_english_verified_pass1/ADN-503.photo-english-verified-changes.csv
유타랑은?,유타하고는 잘 지내니?,화면 영문 자막 대조,높음,/mnt/data/ADN-503_photo_english_verified_pass1/ADN-503.photo-english-verified-changes.csv
"뭐, 잘 지내는 것 같아요.","네, 뭐… 잘 지내는 것 같아요.",대화체 자연화,높음,/mnt/data/ADN-503_photo_english_verified_pass1/ADN-503.photo-english-verified-changes.csv
"그나저나, 아이가 안 생기는 건 무슨 이유라도 있는 거냐?",그런데 아직 아이가 없는 건 무슨 이유라도 있는 거냐?,대화체 자연화,높음,/mnt/data/ADN-503_photo_english_verified_pass1/ADN-503.photo-english-verified-changes.csv
부부니까 어려운 때도 있는 법이지.,부부 사이엔 이런저런 일이 있는 법이지.,대화체 자연화,높음,/mnt/data/ADN-503_photo_english_verified_pass1/ADN-503.photo-english-verified-changes.csv
이것저것 참고 있는 거 아니냐?,사고 싶은 것도 참고 사는 거 아니냐?,돈·가방 장면 문맥 반영,높음,/mnt/data/ADN-503_photo_english_verified_pass1/ADN-503.photo-english-verified-changes.csv
솔직히 간절할 정도로 돈이 필요했다.,솔직히 나는 돈이 절실했다.,내레이션 자연화,높음,/mnt/data/ADN-503_photo_english_verified_pass1/ADN-503.photo-english-verified-changes.csv
친구들과의 점심 모임에서 창피를 당하는 건 지긋지긋했다.,친구들과 점심을 먹을 때마다 초라해지는 것도 지긋지긋했다.,내레이션 자연화,중간,/mnt/data/ADN-503_photo_english_verified_pass1/ADN-503.photo-english-verified-changes.csv
혀가 나오고 있잖아.,혀가 나와 있잖아.,한국어 자연화,높음,/mnt/data/ADN-503_photo_english_verified_pass1/ADN-503.photo-english-verified-changes.csv
말할 리가 없잖아.,들킬 리가 없잖아.,앞뒤 대사 문맥 교정,중간,/mnt/data/ADN-503_photo_english_verified_pass1/ADN-503.photo-english-verified-changes.csv
"너도 기분 좋지? 안 그래, 사야.","너도 좋지? 그렇지, 사야?",대화체 자연화,높음,/mnt/data/ADN-503_photo_english_verified_pass1/ADN-503.photo-english-verified-changes.csv
"언제든 좋지, 사야!","여기도 좋지, 사야?",장면 문맥상 오역 교정,중간,/mnt/data/ADN-503_photo_english_verified_pass1/ADN-503.photo-english-verified-changes.csv
속이 기분 좋네.,안쪽이 기분 좋네.,신체 부위 표현 교정,중간,/mnt/data/ADN-503_photo_english_verified_pass1/ADN-503.photo-english-verified-changes.csv
"뜨거워져선, 느끼고 있다는 증거야.",뜨거워졌네. 느끼고 있다는 증거야.,한국어 자연화,높음,/mnt/data/ADN-503_photo_english_verified_pass1/ADN-503.photo-english-verified-changes.csv
이쯤에서 그만둬도 되는 거냐?,정말 이쯤에서 그만둬도 되겠어?,화면 영문 자막 대조,높음,/mnt/data/ADN-503_photo_english_verified_pass1/ADN-503.photo-english-verified-changes.csv
빨리 핥아 봐.,빨리 핥아 줘.,화자 말투 자연화,중간,/mnt/data/ADN-503_photo_english_verified_pass1/ADN-503.photo-english-verified-changes.csv
물도 나오잖아.,애액도 나오잖아.,장면에 맞는 표현 복원,중간,/mnt/data/ADN-503_photo_english_verified_pass1/ADN-503.photo-english-verified-changes.csv
너도 기분 좋지!,너도 좋지?,대화체 자연화,높음,/mnt/data/ADN-503_photo_english_verified_pass1/ADN-503.photo-english-verified-changes.csv
"아아, 맛있냐?",맛있어?,대화체 자연화,높음,/mnt/data/ADN-503_photo_english_verified_pass1/ADN-503.photo-english-verified-changes.csv
네가 가주면 좋지.,네가 느껴 주면 나도 좋지.,앞뒤 장면·대사 기능 복원,중간,/mnt/data/ADN-503_photo_english_verified_pass1/ADN-503.photo-english-verified-changes.csv
"아아, 이제 하나가 되고 싶다고.",이제 너와 하나가 되고 싶어.,화면 영문 자막 대조,높음,/mnt/data/ADN-503_photo_english_verified_pass1/ADN-503.photo-english-verified-changes.csv
가요.,갈 것 같아요.,성인 장면 관용 표현 교정,중간,/mnt/data/ADN-503_photo_english_verified_pass1/ADN-503.photo-english-verified-changes.csv
쉬세요.,가 주세요.,장면과 충돌한 '쉬세요' 오역 교정,중간,/mnt/data/ADN-503_photo_english_verified_pass1/ADN-503.photo-english-verified-changes.csv
좀 쉬세요.,어서 가 주세요.,장면과 충돌한 '쉬세요' 오역 교정,중간,/mnt/data/ADN-503_photo_english_verified_pass1/ADN-503.photo-english-verified-changes.csv
아주 훌륭한 움직임이야.,엉덩이 움직이는 게 정말 좋구나.,화면 영문 자막 대조,높음,/mnt/data/ADN-503_photo_english_verified_pass1/ADN-503.photo-english-verified-changes.csv
이 움직임...,이렇게 움직이면…,화면 영문 자막·연속 장면 대조,중간,/mnt/data/ADN-503_photo_english_verified_pass1/ADN-503.photo-english-verified-changes.csv
커요...,야해요…,화면 영문 자막·연속 장면 대조,중간,/mnt/data/ADN-503_photo_english_verified_pass1/ADN-503.photo-english-verified-changes.csv
크지.,야하지.,화면 영문 자막 대조,높음,/mnt/data/ADN-503_photo_english_verified_pass1/ADN-503.photo-english-verified-changes.csv
안보다...,"아, 더…",장면·발화 기능 추론,중간,/mnt/data/ADN-503_photo_english_verified_pass1/ADN-503.photo-english-verified-changes.csv
"이게 제일 흥분되잖아, 너도.",이렇게 하는 게 제일 흥분되잖아. 너도 그렇지?,대화체 자연화,중간,/mnt/data/ADN-503_photo_english_verified_pass1/ADN-503.photo-english-verified-changes.csv
"- 오래 기다렸지? 빠진 물건 없어? - 응. - 차 돌려서 올게. 또 연락할게요. - 응, 가요.","- 오래 기다렸지? 빠뜨린 건 없어? / 응. - 차 돌려 올게. 또 연락할게. / 응, 가요.",4줄 대화를 2줄로 재배치,높음,/mnt/data/ADN-503_photo_english_verified_pass1/ADN-503.photo-english-verified-changes.csv
"그날로부터 오늘로 딱 한 달. 나는, 또...",그날로부터 정확히 한 달. 나는 다시 이곳에 왔다.,사진 장면과 내레이션 연결 복원,높음,/mnt/data/ADN-503_photo_english_verified_pass1/ADN-503.photo-english-verified-changes.csv
"자, 와라. 바디워시는 안 쓸 거다.","자, 이리 와. 바디워시는 쓰지 마.",화면 영문 자막·장면 대조,높음,/mnt/data/ADN-503_photo_english_verified_pass1/ADN-503.photo-english-verified-changes.csv
- 사야 냄새가 지워지니까. - 그래도 제대로 씻어야죠.,- 네 냄새가 지워지니까. - 그래도 깨끗이 씻어야죠.,화면 영문 자막 대조,높음,/mnt/data/ADN-503_photo_english_verified_pass1/ADN-503.photo-english-verified-changes.csv
거기도 씻겨라.,거기도 씻어 줘.,한국어 자연화,중간,/mnt/data/ADN-503_photo_english_verified_pass1/ADN-503.photo-english-verified-changes.csv
야하네.,여긴 지저분하네.,화면 영문 자막 대조,높음,/mnt/data/ADN-503_photo_english_verified_pass1/ADN-503.photo-english-verified-changes.csv
씻어라.,안 씻었어요.,화면 영문 자막 대조,높음,/mnt/data/ADN-503_photo_english_verified_pass1/ADN-503.photo-english-verified-changes.csv
내 물을 마실 수 있겠냐.,사야.,화면 영문 자막 대조,높음,/mnt/data/ADN-503_photo_english_verified_pass1/ADN-503.photo-english-verified-changes.csv
수고하셨어요.,기분 좋으세요?,성행위 장면과 충돌한 표현 교정,중간,/mnt/data/ADN-503_photo_english_verified_pass1/ADN-503.photo-english-verified-changes.csv
기분 좋아요.,"아, 좋아요.",화면 영문 자막 대조,높음,/mnt/data/ADN-503_photo_english_verified_pass1/ADN-503.photo-english-verified-changes.csv
속이 뜨거워요.,"그래, 사야.",화면 영문 자막 대조,높음,/mnt/data/ADN-503_photo_english_verified_pass1/ADN-503.photo-english-verified-changes.csv
기분 좋아.,"아, 좋아.",화면 영문 자막 대조,높음,/mnt/data/ADN-503_photo_english_verified_pass1/ADN-503.photo-english-verified-changes.csv
잔뜩 쌀 거야.,걱정 마.,화면 영문 자막 대조,높음,/mnt/data/ADN-503_photo_english_verified_pass1/ADN-503.photo-english-verified-changes.csv
기분 좋지?,흥분되면 말해 봐.,화면 영문 자막 대조,높음,/mnt/data/ADN-503_photo_english_verified_pass1/ADN-503.photo-english-verified-changes.csv
"하앗, 죄송해요.","하앗, 기분 좋아요.",장면·앞뒤 반응 복원,중간,/mnt/data/ADN-503_photo_english_verified_pass1/ADN-503.photo-english-verified-changes.csv
"아아, 두 번째예요.","아, 좋아요.",화면 영문 자막 대조,높음,/mnt/data/ADN-503_photo_english_verified_pass1/ADN-503.photo-english-verified-changes.csv
정말 끝까지 찔러주세요.,키스해 주세요.,화면 영문 자막 대조,높음,/mnt/data/ADN-503_photo_english_verified_pass1/ADN-503.photo-english-verified-changes.csv
최고다. 몇 번이고 가는 거지?,"아, 좋아.",화면 영문 자막 대조,높음,/mnt/data/ADN-503_photo_english_verified_pass1/ADN-503.photo-english-verified-changes.csv
"몇 번이고, 몇 번이고 가라.",이번엔 내가 핥아 줄게.,화면 영문 자막 대조,높음,/mnt/data/ADN-503_photo_english_verified_pass1/ADN-503.photo-english-verified-changes.csv
"기분 좋아, 몇 번이고.",핥아 주고 싶어.,화면 영문 자막 대조,높음,/mnt/data/ADN-503_photo_english_verified_pass1/ADN-503.photo-english-verified-changes.csv
"아, 몇 번이고 가는 편이 좋지.","아, 너무 좋아요!",화면 영문 자막 대조,높음,/mnt/data/ADN-503_photo_english_verified_pass1/ADN-503.photo-english-verified-changes.csv
넣어.,말해 봐.,화면 영문 자막 대조,높음,/mnt/data/ADN-503_photo_english_verified_pass1/ADN-503.photo-english-verified-changes.csv
괜찮아.,"아, 너무…",화면 영문 자막 대조,높음,/mnt/data/ADN-503_photo_english_verified_pass1/ADN-503.photo-english-verified-changes.csv
괜찮아.,"아, 너무 좋아요…",화면 영문 자막·연속 대사 복원,중간,/mnt/data/ADN-503_photo_english_verified_pass1/ADN-503.photo-english-verified-changes.csv
괜찮아.,최고예요.,화면 영문 자막 대조,높음,/mnt/data/ADN-503_photo_english_verified_pass1/ADN-503.photo-english-verified-changes.csv
"가게 해줘요, 저.","저, 가게 해 주세요.",한국어 어순 교정,높음,/mnt/data/ADN-503_photo_english_verified_pass1/ADN-503.photo-english-verified-changes.csv
이상해질 것 같아요.,너무 세서 이상해질 것 같아요.,화면 영문 자막 대조,높음,/mnt/data/ADN-503_photo_english_verified_pass1/ADN-503.photo-english-verified-changes.csv
이상해질 것 같아요.,정말 이상해질 것 같아요.,중복 대사 자연화,중간,/mnt/data/ADN-503_photo_english_verified_pass1/ADN-503.photo-english-verified-changes.csv
"아, 그래.",간다.,화면 영문 자막 대조,높음,/mnt/data/ADN-503_photo_english_verified_pass1/ADN-503.photo-english-verified-changes.csv
"이대로 가다간, 전 계속 이상해질 거예요.",이대로면 계속 가 버릴 것 같아요.,성인 장면 관용 표현 교정,중간,/mnt/data/ADN-503_photo_english_verified_pass1/ADN-503.photo-english-verified-changes.csv
어서요!,가요!,화면 영문 자막 대조,높음,/mnt/data/ADN-503_photo_english_verified_pass1/ADN-503.photo-english-verified-changes.csv
나는 아내 실격이다. 하지만 당분간은 그만두지 못할 것 같다.,나는 아내로서 실격이다. 그래도 당분간은 그만두지 못할 것 같다.,마지막 내레이션 자연화,높음,/mnt/data/ADN-503_photo_english_verified_pass1/ADN-503.photo-english-verified-changes.csv
안녕히 주무세요.,좋아…,성행위 장면과 충돌한 인사말 오인식 교정,중간,/mnt/data/ABF305_ABF303_ABF196_photo_guided/ABF-196.photo-guided-pass1-changes.csv
다음 예고,다음은 자위 대결이야.,다음 블록의 코너명과 장면 흐름으로 교정,높음,/mnt/data/ABF305_ABF303_ABF196_photo_guided/ABF-196.photo-guided-pass1-changes.csv
안녕히 주무세요.,기분 좋아?,성행위 장면과 충돌한 인사말 오인식 교정,중간,/mnt/data/ABF305_ABF303_ABF196_photo_guided/ABF-196.photo-guided-pass1-changes.csv
안녕히 주무세요.,"응, 좋아.",앞뒤 반응과 장면 흐름으로 교정,중간,/mnt/data/ABF305_ABF303_ABF196_photo_guided/ABF-196.photo-guided-pass1-changes.csv
안녕히 주무세요.,맛있어?,구강 성행위 장면과 대사 기능으로 교정,중간,/mnt/data/ABF305_ABF303_ABF196_photo_guided/ABF-196.photo-guided-pass1-changes.csv
기다리고 있겠습니다.,조금만 기다려.,장면에 맞지 않는 격식체를 교정,중간,/mnt/data/ABF305_ABF303_ABF196_photo_guided/ABF-196.photo-guided-pass1-changes.csv
기다리고 있겠습니다.,잠깐만 기다려.,장면에 맞지 않는 격식체를 교정,중간,/mnt/data/ABF305_ABF303_ABF196_photo_guided/ABF-196.photo-guided-pass1-changes.csv
안녕히 주무세요.,"아, 좋아…",성행위 장면과 충돌한 인사말 오인식 교정,중간,/mnt/data/ABF305_ABF303_ABF196_photo_guided/ABF-196.photo-guided-pass1-changes.csv
[불명],먹는 것도 정말 중요하잖아.,앞뒤 식생활 대화와 사진 문맥으로 복원,중간,/mnt/data/ABF305_ABF303_ABF196_photo_guided/ABF-305.photo-guided-pass1-changes.csv
"이제부터 시작이지. 앞으로가 중요해요. 앗, 벌써 해산? 아니야. 잘못 말했다. 잘못 말했어?","이제부터가 중요해. 어, 벌써 해산? 아니야, 말 잘못했어.",3줄 이상 자막을 자연스럽게 정리,높음,/mnt/data/ABF305_ABF303_ABF196_photo_guided/ABF-305.photo-guided-pass1-changes.csv
[불명],맛있네. 잘 먹었다.,식사 장면의 미복원 블록을 보수적으로 복원,중간,/mnt/data/ABF305_ABF303_ABF196_photo_guided/ABF-305.photo-guided-pass1-changes.csv
- 땀도 흘렸으니 슬슬 샤워하러 갈까? - 좋은 냄새 나는데? - 정수리 냄새 맡지 마. - 그럼 샤워하러 가자.,- 땀도 흘렸으니 슬슬 샤워하러 갈까? - 응. 정수리 냄새는 맡지 마.,4줄 대화를 2줄로 재배치,높음,/mnt/data/ABF305_ABF303_ABF196_photo_guided/ABF-305.photo-guided-pass1-changes.csv
[불명],여기도 만져 줘.,목욕 장면과 신체 접촉을 근거로 복원,중간,/mnt/data/ABF305_ABF303_ABF196_photo_guided/ABF-305.photo-guided-pass1-changes.csv
[불명],또 갈 것 같아…,앞뒤 절정 대사와 장면 흐름으로 복원,중간,/mnt/data/ABF305_ABF303_ABF196_photo_guided/ABF-305.photo-guided-pass1-changes.csv
주변을 쥐고 있습니다.,거기 꽉 조이고 있어.,성행위 장면과 부자연스러운 직역 교정,중간,/mnt/data/ABF305_ABF303_ABF196_photo_guided/ABF-305.photo-guided-pass1-changes.csv
내 배를 쥐고 있습니다.,배에 힘이 들어가.,사진 속 반응과 문장 기능을 근거로 교정,중간,/mnt/data/ABF305_ABF303_ABF196_photo_guided/ABF-305.photo-guided-pass1-changes.csv
저는 무엇을 움직이나요?,어떻게 움직이면 돼?,의미가 깨진 질문을 장면에 맞게 교정,중간,/mnt/data/ABF305_ABF303_ABF196_photo_guided/ABF-305.photo-guided-pass1-changes.csv
[불명],더 움직여 줘.,미복원 블록을 장면 흐름으로 복원,중간,/mnt/data/ABF305_ABF303_ABF196_photo_guided/ABF-305.photo-guided-pass1-changes.csv
"슬슬, 가면 이 세상을 잊지 못할 거예요.",슬슬 갈 것 같아. 이 느낌은 잊지 못할 것 같아.,의미가 깨진 긴 문장을 장면에 맞게 교정,중간,/mnt/data/ABF305_ABF303_ABF196_photo_guided/ABF-305.photo-guided-pass1-changes.csv
"있잖아, 역시 하나 가르쳐 주면, 네 이야기를 하고 싶어지는 법이야.",이렇게 하니까 네 목소리가 더 듣고 싶어져.,의미가 깨진 문장을 앞뒤 대화로 정리,중간,/mnt/data/ABF305_ABF303_ABF196_photo_guided/ABF-305.photo-guided-pass1-changes.csv
"하지만 앨리스, 이걸 사랑해 줘.","앨리스, 더 느껴 줘.",부자연스러운 명령문을 장면에 맞게 교정,중간,/mnt/data/ABF305_ABF303_ABF196_photo_guided/ABF-305.photo-guided-pass1-changes.csv
[불명],기분 좋아…,미복원 블록을 반응 대사로 복원,중간,/mnt/data/ABF305_ABF303_ABF196_photo_guided/ABF-305.photo-guided-pass1-changes.csv
그건 다리 안쪽 깊숙이.,안쪽 깊숙이 와.,부자연스러운 신체 표현을 자연화,중간,/mnt/data/ABF305_ABF303_ABF196_photo_guided/ABF-305.photo-guided-pass1-changes.csv
친구처럼 편한 여자와 먼저 가까워지면 자연스럽게 잠자리까지 갈 수 있다고 생각해요. 너무 고민하지 말고 연애도 섹스도 많이 경험해 보세요.,친구처럼 편한 여자와 가까워지다 보면 자연스럽게 잠자리까지 갈 수 있어요. 너무 고민하지 말고 연애도 섹스도 많이 경험해 보세요.,,,/mnt/data/final_20_deep_natural_v6/all-files.final-readability-changes.csv
전 직장에서는 IT 하청업체에서 개인정보를 다루는 시스템을 만들었습니다. 일이 너무 힘들어 몸을 망치고 잠시 쉬고 있었습니다.,전 직장에서는 IT 하청업체에서 개인정보 시스템을 만들었습니다. 일이 너무 힘들어 몸을 망치고 잠시 쉬고 있었습니다.,,,/mnt/data/final_20_deep_natural_v6/all-files.final-readability-changes.csv
"이제 가 줘. 아, 가고 싶어. 여기, 여기, 여기, 여기. 앉아, 앉으라고.","이제 가 줘. 아, 가고 싶어. 여기, 여기. 앉아, 앉으라고.",,,/mnt/data/final_20_deep_natural_v6/all-files.final-readability-changes.csv
"머, 뭐 하는 거야? 학원은? 늦겠어.","뭐, 뭐 하는 거야? 학원은? 늦겠어.",오탈자 및 줄바꿈 교정,높음,/mnt/data/ADN746_ADN622_ABF338_photo_guided_pass1/ADN-622.photo-guided-pass1-changes.csv
잠깐만 쉬게 해 주세요.,잠깐만… 그만해.,장면과 충돌한 '쉬게 해 주세요' 교정,중간,/mnt/data/ADN746_ADN622_ABF338_photo_guided_pass1/ADN-622.photo-guided-pass1-changes.csv
보여주세요.,보여 줘.,화자 말투와 앞뒤 명령문 통일,중간,/mnt/data/ADN746_ADN622_ABF338_photo_guided_pass1/ADN-622.photo-guided-pass1-changes.csv
이쪽도 보여주세요.,이쪽도 보여 줘.,화자 말투 통일,중간,/mnt/data/ADN746_ADN622_ABF338_photo_guided_pass1/ADN-622.photo-guided-pass1-changes.csv
"잠깐, 잠깐만 쉬게 해 주세요.","잠깐, 잠깐만… 그만해.",장면과 충돌한 표현 교정,중간,/mnt/data/ADN746_ADN622_ABF338_photo_guided_pass1/ADN-622.photo-guided-pass1-changes.csv
쉬게 해 주세요.,그만해.,장면과 충돌한 표현 교정,중간,/mnt/data/ADN746_ADN622_ABF338_photo_guided_pass1/ADN-622.photo-guided-pass1-changes.csv
"저, 저기, 잠깐만 쉬게 해 주세요.","저기, 잠깐만… 그만해.",장면과 충돌한 긴 반복 자막 교정,중간,/mnt/data/ADN746_ADN622_ABF338_photo_guided_pass1/ADN-622.photo-guided-pass1-changes.csv
잠깐만 쉬게 해 주세요.,"잠깐만, 그만해.",장면과 충돌한 표현 교정,중간,/mnt/data/ADN746_ADN622_ABF338_photo_guided_pass1/ADN-622.photo-guided-pass1-changes.csv
이렇게 질퍽해져 놓고선.,이렇게 젖어 놓고선.,직역투 제거,높음,/mnt/data/ADN746_ADN622_ABF338_photo_guided_pass1/ADN-622.photo-guided-pass1-changes.csv
질퍽질퍽 소리가 나잖아.,질척질척 소리 나잖아.,자연스러운 의성 표현으로 교정,중간,/mnt/data/ADN746_ADN622_ABF338_photo_guided_pass1/ADN-622.photo-guided-pass1-changes.csv
카레를 다 같이 먹으니까 맛있네. 그러게요.,- 셋이 같이 카레 먹으니까 맛있네. - 그러게요.,식사 장면 화자 분리,높음,/mnt/data/ADN746_ADN622_ABF338_photo_guided_pass1/ADN-622.photo-guided-pass1-changes.csv
이거 너무 기분 좋아. 여기 들어가서 진짜 대박이야.,안쪽까지 들어오니까 정말 좋아.,성인 장면의 부자연스러운 문장 교정,중간,/mnt/data/ADN746_ADN622_ABF338_photo_guided_pass1/ADN-622.photo-guided-pass1-changes.csv
"아, 네. 빈티지 옷도 괜찮으세요?","아, 네. 빈티지 옷도 괜찮으신가요?",한국어 높임말 자연화,높음,/mnt/data/ADN746_ADN622_ABF338_photo_guided_pass1/ADN746_ADN622_ABF338.all-changes.csv
"아, 괜찮으세요?","아, 괜찮으시군요.",앞뒤 문답 관계 교정,높음,/mnt/data/ADN746_ADN622_ABF338_photo_guided_pass1/ADN746_ADN622_ABF338.all-changes.csv
그럼 들어가 보겠습니다.,그럼 이만 가 보겠습니다.,퇴장 장면에 맞는 표현 교정,높음,/mnt/data/ADN746_ADN622_ABF338_photo_guided_pass1/ADN746_ADN622_ABF338.all-changes.csv
"네, 감사합니다. 저기, 여기에 사인만 해 주세요. 네 성함만 적어 주시면 돼요. 감사합니다. 다음에 또 뵙겠습니다.","네, 감사합니다. 여기 사인만 부탁드릴게요. 성함만 적어 주시면 됩니다. 다음에 또 뵐게요.",긴 매장 대사를 실제 한국어 응대로 정리,높음,/mnt/data/ADN746_ADN622_ABF338_photo_guided_pass1/ADN746_ADN622_ABF338.all-changes.csv
"- 아, 죄송해요. 농담이었어요. 신경 쓰지 마세요. - 좋아요.",- 죄송해요. 농담이었어요. 신경 쓰지 마세요. - 좋아요.,화자 분리 및 대화 호흡 교정,높음,/mnt/data/ADN746_ADN622_ABF338_photo_guided_pass1/ADN746_ADN622_ABF338.all-changes.csv
가 보겠습니다.,그럼 가 볼게요.,대화체 자연화,높음,/mnt/data/ADN746_ADN622_ABF338_photo_guided_pass1/ADN746_ADN622_ABF338.all-changes.csv
다다음 주에 해.,다다음 주에 열어.,가게 가오픈 장면의 목적어 복원,높음,/mnt/data/ADN746_ADN622_ABF338_photo_guided_pass1/ADN746_ADN622_ABF338.all-changes.csv
그럼 오늘은 잘 먹었어.,그럼 오늘은 잘 먹었어요.,식사 후 인사말 자연화,중간,/mnt/data/ADN746_ADN622_ABF338_photo_guided_pass1/ADN746_ADN622_ABF338.all-changes.csv
"아니, 시로미네 씨를 좋아했지만 일적인 관계끼리는 연애 안 하신다고 해서…","시로미네 씨를 좋아했지만, 일로 엮인 사람과는 연애 안 한다고 하셔서…",번역투 제거,높음,/mnt/data/ADN746_ADN622_ABF338_photo_guided_pass1/ADN746_ADN622_ABF338.all-changes.csv
고작 한번 차였다고 포기하지 마.,고작 한 번 차였다고 포기하지 마.,띄어쓰기 및 구어체 교정,높음,/mnt/data/ADN746_ADN622_ABF338_photo_guided_pass1/ADN746_ADN622_ABF338.all-changes.csv
"네, 네.",네.,불필요한 반복 제거,높음,/mnt/data/ADN746_ADN622_ABF338_photo_guided_pass1/ADN746_ADN622_ABF338.all-changes.csv
그럼 각도를 찾는 과정이 먼저 들어가는군요.,그럼 먼저 각도를 찾는군요.,인터뷰 문장 자연화,높음,/mnt/data/ADN746_ADN622_ABF338_photo_guided_pass1/ADN746_ADN622_ABF338.all-changes.csv
정말 바로 시작이네요. 알겠습니다.,정말 바로 시작하네요. 알겠습니다.,한국어 어순 교정,높음,/mnt/data/ADN746_ADN622_ABF338_photo_guided_pass1/ADN746_ADN622_ABF338.all-changes.csv
"네, 아무 생각 말고 평소처럼 해 보세요.","네, 아무 생각하지 말고 평소처럼 해 보세요.",문법 교정,높음,/mnt/data/ADN746_ADN622_ABF338_photo_guided_pass1/ADN746_ADN622_ABF338.all-changes.csv
들어가는 순간에는 아무 말도 안 하네요.,들어가는 순간엔 아무 말도 안 하네요.,한국어 호흡 교정,높음,/mnt/data/ADN746_ADN622_ABF338_photo_guided_pass1/ADN746_ADN622_ABF338.all-changes.csv
뭐라고 해야 하지.,뭐라고 해야 할지…,문장 종결 자연화,높음,/mnt/data/ADN746_ADN622_ABF338_photo_guided_pass1/ADN746_ADN622_ABF338.all-changes.csv
"아, 한 번 그걸 해 봐도 되겠네요. 뒤돌아서 하는 자세요.","아, 그 자세도 해 보면 되겠네요. 뒤돌아서 하는 자세예요.",자세 설명의 번역투 제거,높음,/mnt/data/ADN746_ADN622_ABF338_photo_guided_pass1/ADN746_ADN622_ABF338.all-changes.csv
두 번째 자세로 다시 돌아가 주세요.,두 번째 자세로 다시 해 주세요.,사진 속 자세 전환에 맞게 간결화,높음,/mnt/data/ADN746_ADN622_ABF338_photo_guided_pass1/ADN746_ADN622_ABF338.all-changes.csv
"아, 그게 두 번째예요.","아, 이게 두 번째 자세예요.",사진 속 자세 설명 명확화,높음,/mnt/data/ADN746_ADN622_ABF338_photo_guided_pass1/ADN746_ADN622_ABF338.all-changes.csv
이렇게 몸을 빼 주세요.,이렇게 몸을 뒤로 빼 주세요.,동작 방향 명확화,중간,/mnt/data/ADN746_ADN622_ABF338_photo_guided_pass1/ADN746_ADN622_ABF338.all-changes.csv
제대로 쉬어 주세요.,잠깐 제대로 쉬어요.,부자연스러운 높임말 교정,중간,/mnt/data/ADN746_ADN622_ABF338_photo_guided_pass1/ADN746_ADN622_ABF338.all-changes.csv
두 번째 자세로 바꿔 다시 움직여요.,두 번째 자세로 바꿔서 다시 움직여요.,자세 전환 문장 자연화,높음,/mnt/data/ADN746_ADN622_ABF338_photo_guided_pass1/ADN746_ADN622_ABF338.all-changes.csv
세 번째 자세까지 이어 갈게요.,이어서 세 번째 자세로 갈게요.,자세 전환 문장 자연화,높음,/mnt/data/ADN746_ADN622_ABF338_photo_guided_pass1/ADN746_ADN622_ABF338.all-changes.csv
