title,stage,block,timecode,duration_seconds,text,prev_text,next_text,style_profile,frame_file,frame_difference_seconds,basis,evidence_confidence,source_meaning_confidence,scene_fit_confidence,speaker_confidence,korean_naturalness,hallucination_risk,model_change_probability,rule_risk,provenance_risk,timing_risk,continuity_risk,error_memory_similarity,nearest_prior_bad_text,nearest_prior_correction,nearest_prior_basis,final_risk,tier,recommended_action,flags,relative_risk_percentile,priority_score,review_band,priority_action
SSIS-575,사진 대조 1차 교정본,1,"00:00:01,140 --> 00:00:04,140",3.0,안녕하세요. 잘 부탁드립니다.,,정말 오랜만이네요… 오랜만이에요.,존댓말형,sub_0001_1.1s.jpg,0.04,,,25.0,90.0,50.0,78.0,75.0,0.53312,11.84,66.0,0.0,0.0,0.7486,잘 부탁드립니다.,좋은 아침입니다.,,39.58,T3,화자·문맥·자연스러움 집중 검토,,70.73940486925157,52.67,P3,말투·질문응답·가독성 위주 검토
SSIS-575,사진 대조 1차 교정본,2,"00:00:05,200 --> 00:00:08,220",3.02,정말 오랜만이네요… 오랜만이에요.,안녕하세요. 잘 부탁드립니다.,"VR 촬영 때는 아직 풋풋한 느낌이었죠?
네, 그랬죠.",중립·혼합형,sub_0002_5.2s.jpg,0.0,,,25.0,90.0,50.0,78.0,75.0,0.48737,0.0,66.0,0.0,0.0,0.5145,오랜만이네...,오랜만이네…,,35.53,T3,화자·문맥·자연스러움 집중 검토,,53.71956717763751,43.17,P3,말투·질문응답·가독성 위주 검토
SSIS-575,사진 대조 1차 교정본,3,"00:00:08,900 --> 00:00:11,320",2.42,"VR 촬영 때는 아직 풋풋한 느낌이었죠?
네, 그랬죠.",정말 오랜만이네요… 오랜만이에요.,여성스러운 분위기가 정말… 많이 달라졌나요?,반말형,sub_0003_8.9s.jpg,0.0,화자 분리,높음,25.0,90.0,86.0,78.0,75.0,0.51561,0.0,22.0,0.0,18.0,0.1599,"네, 네.",네.,불필요한 반복 제거,22.4,T4,구조검사 통과 시 유지,formality_shift,12.736699729486023,18.34,P4,회귀검사 통과 시 유지
SSIS-575,사진 대조 1차 교정본,4,"00:00:13,160 --> 00:00:16,560",3.4,여성스러운 분위기가 정말… 많이 달라졌나요?,"VR 촬영 때는 아직 풋풋한 느낌이었죠?
네, 그랬죠.","이제 말도 잘하고, 뭔가…",존댓말형,sub_0004_13.2s.jpg,0.04,,,25.0,90.0,50.0,78.0,75.0,0.7264,0.0,66.0,0.0,18.0,0.2834,뭔가 분위기가 달라진 느낌이에요.,분위기가 확 달라졌어요.,사진 장면 확인 및 한국어 번역투·ASR 오역 교정,47.01,T3,화자·문맥·자연스러움 집중 검토,formality_shift,92.01983769161407,65.91,P2,앞뒤 5블록·사진·오류 기억을 함께 검토
SSIS-575,사진 대조 1차 교정본,5,"00:00:17,500 --> 00:00:20,000",2.5,"이제 말도 잘하고, 뭔가…",여성스러운 분위기가 정말… 많이 달라졌나요?,예전에는 말을 잘 못 했던 이미지가 있는데…,중립·혼합형,sub_0005_17.5s.jpg,0.0,,,25.0,90.0,50.0,78.0,75.0,0.64834,0.0,66.0,0.0,0.0,0.3179,한 번에 하자. 뭔가…,이제 자자. 불도 조금 어둡게 해 줘.,사진 장면 확인 및 한국어 번역투·ASR 오역 교정,42.29,T3,화자·문맥·자연스러움 집중 검토,,79.93688007213706,58.1,P2,앞뒤 5블록·사진·오류 기억을 함께 검토
SSIS-575,사진 대조 1차 교정본,6,"00:00:20,000 --> 00:00:22,760",2.76,예전에는 말을 잘 못 했던 이미지가 있는데…,"이제 말도 잘하고, 뭔가…",맞아요.,반말형,sub_0006_20.0s.jpg,0.0,,,25.0,90.0,50.0,78.0,75.0,0.79907,0.0,66.0,0.0,0.0,0.1187,저도 그런 말을 들어 보고 싶어요.,그런 말 들으면 기분 좋아요.,타임스탬프 사진과 앞뒤 장면으로 대사 기능 복원,48.62,T3,화자·문맥·자연스러움 집중 검토,,94.72497745716862,67.98,P2,앞뒤 5블록·사진·오류 기억을 함께 검토
SSIS-575,사진 대조 1차 교정본,7,"00:00:23,200 --> 00:00:23,820",0.62,맞아요.,예전에는 말을 잘 못 했던 이미지가 있는데…,그렇죠.,반응형,sub_0007_23.2s.jpg,0.0,,,25.0,90.0,50.0,78.0,75.0,0.32772,0.0,66.0,0.0,0.0,0.5197,몸을 생각하면 제대로 하는 게 맞아요.,몸에 무리가 가지 않게 제대로 해야 해요.,,28.82,T4,구조검사 통과 시 유지,,28.53922452660054,28.7,P4,회귀검사 통과 시 유지
SSIS-575,사진 대조 1차 교정본,8,"00:00:24,020 --> 00:00:24,420",0.4,그렇죠.,맞아요.,"이번 기획은 대략 전달받았을 텐데, 들으셨죠?",중립·혼합형,sub_0008_24.0s.jpg,0.02,,,25.0,90.0,50.0,78.0,75.0,0.28335,0.0,66.0,0.0,0.0,0.1036,그렇구나.,손 정말 잘 쓰네.,일본어 원문 + 타임스탬프 사진 + 장면 연속성,26.96,T4,구조검사 통과 시 유지,,23.038773669972947,25.31,P4,회귀검사 통과 시 유지
SSIS-575,사진 대조 1차 교정본,9,"00:00:25,080 --> 00:00:29,560",4.48,"이번 기획은 대략 전달받았을 텐데, 들으셨죠?",그렇죠.,한 달 정도 걸리는 장기 기획이라고…,중립·혼합형,sub_0009_25.1s.jpg,0.02,,,25.0,90.0,50.0,78.0,75.0,0.79453,0.0,66.0,0.0,0.0,0.1251,오늘 기획은 요즘 S1에서 하는 1박 2일 숙박물이죠.,오늘 기획은 요즘 S1에서 많이 하는 1박 2일 숙박 촬영이죠.,사진 장면 확인 및 한국어 번역투·ASR 오역 교정,48.43,T3,화자·문맥·자연스러움 집중 검토,,94.43192064923355,67.75,P2,앞뒤 5블록·사진·오류 기억을 함께 검토
SSIS-575,사진 대조 1차 교정본,10,"00:00:30,680 --> 00:00:34,000",3.32,한 달 정도 걸리는 장기 기획이라고…,"이번 기획은 대략 전달받았을 텐데, 들으셨죠?",그 정도만 들었어요.,중립·혼합형,sub_0010_30.7s.jpg,0.02,,,25.0,90.0,50.0,78.0,75.0,0.67867,0.0,66.0,0.0,0.0,0.1242,평소에 어느 정도 하는 거야?,평소엔 얼마나 자주 해?,일본어 원문 대조 + 자연스러운 한국어 대사 교정,43.56,T3,화자·문맥·자연스러움 집중 검토,,83.92696122633004,60.51,P2,앞뒤 5블록·사진·오류 기억을 함께 검토
SSIS-575,사진 대조 1차 교정본,11,"00:00:34,540 --> 00:00:36,440",1.9,그 정도만 들었어요.,한 달 정도 걸리는 장기 기획이라고…,맞습니다.,반응형,sub_0011_34.5s.jpg,0.04,,,25.0,90.0,50.0,78.0,75.0,0.4973,0.0,66.0,0.0,0.0,0.2133,더 하고 싶었어요.,조금 더 보고 싶었어요.,사진 장면 확인 및 한국어 번역투·ASR 오역 교정,35.95,T3,화자·문맥·자연스러움 집중 검토,,55.41027953110911,44.12,P3,말투·질문응답·가독성 위주 검토
SSIS-575,사진 대조 1차 교정본,12,"00:00:36,660 --> 00:00:37,460",0.8,맞습니다.,그 정도만 들었어요.,함께 지낼 남자를 골라서…,존댓말형,sub_0012_36.7s.jpg,0.04,,,25.0,90.0,50.0,78.0,75.0,0.27506,0.0,66.0,0.0,18.0,0.2579,좋습니다.,좋아요.,,28.05,T4,구조검사 통과 시 유지,formality_shift,26.307484220018036,27.32,P4,회귀검사 통과 시 유지
SSIS-575,사진 대조 1차 교정본,13,"00:00:38,260 --> 00:00:40,420",2.16,함께 지낼 남자를 골라서…,맞습니다.,동정 남자요?,반말형,sub_0013_38.3s.jpg,0.04,,,25.0,90.0,50.0,78.0,75.0,0.52555,0.0,66.0,0.0,18.0,0.1385,"한 달 동안 같이 지낼 기회가 있으니, 저는 좀 더 친해져서 여러 가지를 함께하고 싶어요. 저와 친하게 지내 줄래요?",한 달 동안 좀 더 친해져서 여러 가지를 함께하고 싶어요. 저와 친하게 지내 줄래요?,화자·문장 구조 정리,38.57,T3,화자·문맥·자연스러움 집중 검토,formality_shift,66.14066726780884,50.15,P3,말투·질문응답·가독성 위주 검토
SSIS-575,사진 대조 1차 교정본,14,"00:00:41,780 --> 00:00:42,520",0.74,동정 남자요?,함께 지낼 남자를 골라서…,네. 한 달 동안.,중립·혼합형,sub_0014_41.8s.jpg,0.02,,,25.0,90.0,50.0,78.0,75.0,0.42252,0.0,66.0,0.0,0.0,0.131,남자 좋아하세요?,그래도 싫지는 않았죠?,타임스탬프 사진과 앞뒤 장면으로 대사 기능 복원,32.81,T4,구조검사 통과 시 유지,,43.237150586113614,37.19,P4,회귀검사 통과 시 유지
SSIS-575,사진 대조 1차 교정본,15,"00:00:42,700 --> 00:00:44,080",1.38,네. 한 달 동안.,동정 남자요?,첫 경험을 시켜 주는 건가요?,반말형,sub_0015_42.7s.jpg,0.0,,,25.0,90.0,50.0,78.0,75.0,0.40177,0.0,66.0,0.0,0.0,0.2011,"네, 네.",네.,불필요한 반복 제거,31.93,T4,구조검사 통과 시 유지,,39.74301172227232,35.21,P4,회귀검사 통과 시 유지
SSIS-575,사진 대조 1차 교정본,16,"00:00:44,760 --> 00:00:45,740",0.98,첫 경험을 시켜 주는 건가요?,네. 한 달 동안.,네.,중립·혼합형,sub_0016_44.8s.jpg,0.04,,,25.0,90.0,50.0,78.0,75.0,0.53113,0.0,66.0,0.0,0.0,0.4121,이제 살려 주실 건가요?,이제 좀 살려 주실 건가요?,사진 장면 확인 및 한국어 번역투·ASR 오역 교정,37.37,T3,화자·문맥·자연스러움 집중 검토,,60.685302073940484,47.16,P3,말투·질문응답·가독성 위주 검토
SSIS-575,사진 대조 1차 교정본,17,"00:00:45,940 --> 00:00:46,040",0.1,네.,첫 경험을 시켜 주는 건가요?,동거하는 거예요?,반말형,sub_0017_45.9s.jpg,0.04,,,25.0,90.0,50.0,78.0,75.0,0.00644,0.0,66.0,25.0,18.0,0.6489,"네, 네.",네.,불필요한 반복 제거,19.27,T4,구조검사 통과 시 유지,borderline_cps;formality_shift,9.963931469792605,15.36,P4,회귀검사 통과 시 유지
SSIS-575,사진 대조 1차 교정본,18,"00:00:46,720 --> 00:00:47,860",1.14,동거하는 거예요?,네.,동거요?,존댓말형,sub_0018_46.7s.jpg,0.02,,,25.0,90.0,50.0,78.0,75.0,0.41599,0.0,66.0,0.0,18.0,0.3523,그럼 왜 그런 영상을 보낸 거예요?,너무 세…,타임스탬프 사진으로 장면 불일치 확인 후 재복원,33.97,T4,구조검사 통과 시 유지,formality_shift,47.65554553651939,39.72,P4,회귀검사 통과 시 유지
SSIS-575,사진 대조 1차 교정본,19,"00:00:48,560 --> 00:00:49,240",0.68,동거요?,동거하는 거예요?,네.,중립·혼합형,sub_0019_48.6s.jpg,0.04,,,25.0,90.0,50.0,78.0,75.0,0.25583,0.0,66.0,0.0,0.0,0.0546,말해도 돼요?,이제 해도 돼요?,타임스탬프 사진과 앞뒤 장면으로 대사 기능 복원,25.81,T4,구조검사 통과 시 유지,,19.116321009918845,23.0,P4,회귀검사 통과 시 유지
SSIS-575,사진 대조 1차 교정본,20,"00:00:50,220 --> 00:00:50,660",0.44,네.,동거요?,괜찮으시겠어요?,반말형,sub_0020_50.2s.jpg,0.02,,,25.0,90.0,50.0,78.0,75.0,0.00675,0.0,66.0,0.0,0.0,0.6489,"네, 네.",네.,불필요한 반복 제거,15.34,T4,구조검사 통과 시 유지,,1.3074842200180343,9.45,P4,회귀검사 통과 시 유지
SSIS-575,사진 대조 1차 교정본,21,"00:00:53,540 --> 00:00:54,580",1.04,괜찮으시겠어요?,네.,그러게요. 괜찮을까요?,반응형,sub_0021_53.5s.jpg,0.04,,,25.0,90.0,50.0,78.0,75.0,0.34878,0.0,66.0,0.0,0.0,0.193,"아, 괜찮으세요?","아, 괜찮으시군요.",앞뒤 문답 관계 교정,29.71,T4,구조검사 통과 시 유지,,31.379621280432822,30.41,P4,회귀검사 통과 시 유지
SSIS-575,사진 대조 1차 교정본,22,"00:00:54,920 --> 00:00:57,620",2.7,그러게요. 괜찮을까요?,괜찮으시겠어요?,저…,존댓말형,sub_0022_54.9s.jpg,0.02,,,25.0,90.0,50.0,78.0,75.0,0.53438,0.0,66.0,0.0,0.0,0.302,카레를 다 같이 먹으니까 맛있네. 그러게요.,- 셋이 같이 카레 먹으니까 맛있네. - 그러게요.,식사 장면 화자 분리,37.5,T3,화자·문맥·자연스러움 집중 검토,,61.54192966636609,47.6,P3,말투·질문응답·가독성 위주 검토
SSIS-575,사진 대조 1차 교정본,23,"00:00:57,720 --> 00:00:58,180",0.46,저…,그러게요. 괜찮을까요?,생활 공간에 남이 함께 있어도 괜찮아요?,중립·혼합형,sub_0023_57.7s.jpg,0.02,,,25.0,90.0,50.0,78.0,75.0,0.21322,0.0,66.0,0.0,0.0,0.1057,저는…,더 해 줘.,타임스탬프 사진과 장면 흐름으로 명백한 오인식 교정,24.02,T4,구조검사 통과 시 유지,,15.284039675383228,20.35,P4,회귀검사 통과 시 유지
SSIS-575,사진 대조 1차 교정본,24,"00:00:59,320 --> 00:01:01,900",2.58,생활 공간에 남이 함께 있어도 괜찮아요?,저…,동거해 본 적이 없어서…,반말형,sub_0024_59.3s.jpg,0.02,,,25.0,90.0,50.0,78.0,75.0,0.772,0.0,66.0,0.0,0.0,0.2444,빨아 줬으면 좋겠는데… 괜찮아요?,거기 좋아… 그대로 해 줘.,손상된 일본어 ASR + 타임스탬프 사진 + 앞뒤 문맥 추론,47.48,T3,화자·문맥·자연스러움 집중 검토,,92.98917944093779,66.59,P2,앞뒤 5블록·사진·오류 기억을 함께 검토
SSIS-575,사진 대조 1차 교정본,25,"00:01:03,200 --> 00:01:05,220",2.02,동거해 본 적이 없어서…,생활 공간에 남이 함께 있어도 괜찮아요?,정말요?,반응형,sub_0025_63.2s.jpg,0.0,,,25.0,90.0,50.0,78.0,75.0,0.58246,0.0,66.0,0.0,0.0,0.5868,사귀어 본 적이 별로 없어서…,오래 사귀어 본 적이 없어요.,일본어 원문 대조 + 자연스러운 한국어 대사 교정,39.52,T3,화자·문맥·자연스러움 집중 검토,,70.26600541027953,52.43,P3,말투·질문응답·가독성 위주 검토
SSIS-575,사진 대조 1차 교정본,26,"00:01:05,220 --> 00:01:05,860",0.64,정말요?,동거해 본 적이 없어서…,네.,중립·혼합형,sub_0026_65.2s.jpg,0.02,,,25.0,90.0,50.0,78.0,75.0,0.30628,0.0,66.0,0.0,0.0,0.1495,정말?,응.,일본어 원문 + 타임스탬프 사진 + 장면 연속성,27.92,T4,구조검사 통과 시 유지,,25.90171325518485,27.07,P4,회귀검사 통과 시 유지
SSIS-575,사진 대조 1차 교정본,27,"00:01:06,060 --> 00:01:06,200",0.14,네.,정말요?,진짜예요!,반말형,sub_0027_66.1s.jpg,0.04,,,25.0,90.0,50.0,78.0,75.0,0.0077,0.0,66.0,0.0,18.0,0.6489,"네, 네.",네.,불필요한 반복 제거,16.82,T4,구조검사 통과 시 유지,formality_shift,8.543733092876465,13.34,P4,회귀검사 통과 시 유지
SSIS-575,사진 대조 1차 교정본,28,"00:01:06,600 --> 00:01:07,220",0.62,진짜예요!,네.,정말이에요?,존댓말형,sub_0028_66.6s.jpg,0.0,,,25.0,90.0,50.0,78.0,75.0,0.14796,0.0,66.0,0.0,0.0,0.1354,어서요!,가요!,화면 영문 자막 대조,21.27,T4,구조검사 통과 시 유지,,11.361587015329125,17.11,P4,회귀검사 통과 시 유지
SSIS-575,사진 대조 1차 교정본,29,"00:01:08,720 --> 00:01:09,760",1.04,정말이에요?,진짜예요!,정말요?,존댓말형,sub_0029_68.7s.jpg,0.02,,,25.0,90.0,50.0,78.0,75.0,0.29081,0.0,66.0,0.0,0.0,0.3641,몇 명이에요?,몇 명이랑 했어요?,일본어 원문 대조 + 자연스러운 한국어 대사 교정,27.27,T4,구조검사 통과 시 유지,,24.12082957619477,25.95,P4,회귀검사 통과 시 유지
SSIS-575,사진 대조 1차 교정본,30,"00:01:09,960 --> 00:01:10,320",0.36,정말요?,정말이에요?,그럼 남자와 사는 건 처음이고…,중립·혼합형,sub_0030_70.0s.jpg,0.04,,,25.0,90.0,50.0,78.0,75.0,0.24804,0.0,66.0,0.0,0.0,0.1495,정말?,응.,일본어 원문 + 타임스탬프 사진 + 장면 연속성,25.48,T4,구조검사 통과 시 유지,,18.755635707844906,22.66,P4,회귀검사 통과 시 유지
SSIS-575,사진 대조 1차 교정본,31,"00:01:11,160 --> 00:01:13,240",2.08,그럼 남자와 사는 건 처음이고…,정말요?,처음이에요…,중립·혼합형,sub_0031_71.2s.jpg,0.04,,,25.0,90.0,50.0,78.0,75.0,0.66101,0.0,66.0,0.0,0.0,0.1626,이렇게 좋은 향기 나는 건 처음이다...,이렇게 좋은 향기 나는 건 처음이다…,,42.82,T3,화자·문맥·자연스러움 집중 검토,,81.89810640216412,59.23,P2,앞뒤 5블록·사진·오류 기억을 함께 검토
SSIS-575,사진 대조 1차 교정본,32,"00:01:13,240 --> 00:01:14,920",1.68,처음이에요…,그럼 남자와 사는 건 처음이고…,그렇군요.,존댓말형,sub_0032_73.2s.jpg,0.04,,,25.0,90.0,50.0,78.0,75.0,0.31756,0.0,66.0,0.0,0.0,0.1843,해보는 거 처음이야?,해 보는 거 처음이야?,,28.4,T4,구조검사 통과 시 유지,,27.321911632100992,27.95,P4,회귀검사 통과 시 유지
SSIS-575,사진 대조 1차 교정본,33,"00:01:14,920 --> 00:01:15,260",0.34,그렇군요.,처음이에요…,일단 계속…,중립·혼합형,sub_0033_74.9s.jpg,0.02,,,25.0,90.0,50.0,78.0,75.0,0.48168,42.0,66.0,0.0,0.0,1.0,그렇군요.,네…,타임스탬프 사진과 장면 흐름으로 명백한 오인식 교정,42.85,T3,화자·문맥·자연스러움 집중 검토,,82.05590622182146,59.32,P2,앞뒤 5블록·사진·오류 기억을 함께 검토
SSIS-575,사진 대조 1차 교정본,34,"00:01:16,040 --> 00:01:17,500",1.46,일단 계속…,그렇군요.,카메라로 줄곧 촬영할 거라서…,중립·혼합형,sub_0034_76.0s.jpg,0.04,,,25.0,90.0,50.0,78.0,75.0,0.62986,15.56,66.0,0.0,0.0,0.7796,계속…,이거 어떻게 푸는 거였지?,일본어 원문 + 타임스탬프 사진 + 장면 연속성,44.31,T3,화자·문맥·자연스러움 집중 검토,,86.04598737601444,61.84,P2,앞뒤 5블록·사진·오류 기억을 함께 검토
SSIS-575,사진 대조 1차 교정본,35,"00:01:17,900 --> 00:01:21,240",3.34,카메라로 줄곧 촬영할 거라서…,일단 계속…,큰일이 생기지는 않을 것 같지만…,중립·혼합형,sub_0035_77.9s.jpg,0.0,,,25.0,90.0,50.0,78.0,75.0,0.76991,0.0,66.0,0.0,0.0,0.1657,카메라 보고 말해 봐.,카메라 보고 얘기해 봐.,일본어 원문 대조 + 자연스러운 한국어 대사 교정,47.4,T3,화자·문맥·자연스러움 집중 검토,,92.80883678990082,66.47,P2,앞뒤 5블록·사진·오류 기억을 함께 검토
SSIS-575,사진 대조 1차 교정본,36,"00:01:21,240 --> 00:01:24,060",2.82,큰일이 생기지는 않을 것 같지만…,카메라로 줄곧 촬영할 거라서…,네.,반말형,sub_0036_81.2s.jpg,0.04,,,25.0,90.0,50.0,78.0,75.0,0.69328,0.0,66.0,0.0,0.0,0.1819,하지만…,그래도…,,44.18,T3,화자·문맥·자연스러움 집중 검토,,85.7980162308386,61.66,P2,앞뒤 5블록·사진·오류 기억을 함께 검토
SSIS-575,사진 대조 1차 교정본,37,"00:01:24,460 --> 00:01:24,820",0.36,네.,큰일이 생기지는 않을 것 같지만…,한 달 동안 제대로 해 주셨으면 합니다.,반말형,sub_0037_84.5s.jpg,0.04,,,25.0,90.0,50.0,78.0,75.0,0.00547,0.0,66.0,0.0,0.0,0.6489,"네, 네.",네.,불필요한 반복 제거,15.29,T4,구조검사 통과 시 유지,,0.563570784490532,9.1,P4,회귀검사 통과 시 유지
SSIS-575,사진 대조 1차 교정본,38,"00:01:24,820 --> 00:01:27,300",2.48,한 달 동안 제대로 해 주셨으면 합니다.,네.,그래서 미리 남성을 골라 뒀어요.,중립·혼합형,sub_0038_84.8s.jpg,0.02,,,25.0,90.0,50.0,78.0,75.0,0.65123,0.0,66.0,0.0,0.0,0.3798,저는 핥아 주셨으면 해서.,계속 핥아 줬으면 해요.,사진 장면 확인 및 한국어 번역투·ASR 오역 교정,42.41,T3,화자·문맥·자연스러움 집중 검토,,80.20739404869252,58.28,P2,앞뒤 5블록·사진·오류 기억을 함께 검토
SSIS-575,사진 대조 1차 교정본,39,"00:01:27,300 --> 00:01:30,880",3.58,그래서 미리 남성을 골라 뒀어요.,한 달 동안 제대로 해 주셨으면 합니다.,네.,반응형,sub_0039_87.3s.jpg,0.0,,,25.0,90.0,50.0,78.0,75.0,0.57466,0.0,66.0,0.0,0.0,0.1319,맞아요. 그래서 강사분이 너무 당황해서 불시착하고…,맞아요. 강사분도 당황할 만큼 아찔한 순간이 있었어요.,손상된 일본어 ASR + 타임스탬프 사진 + 앞뒤 문맥 추론,39.2,T3,화자·문맥·자연스러움 집중 검토,,68.73309287646528,51.6,P3,말투·질문응답·가독성 위주 검토
SSIS-575,사진 대조 1차 교정본,40,"00:01:31,260 --> 00:01:31,280",0.02,네.,그래서 미리 남성을 골라 뒀어요.,네.,반말형,sub_0040_91.3s.jpg,0.04,,,25.0,90.0,50.0,78.0,75.0,0.00893,0.0,66.0,70.0,0.0,0.6489,"네, 네.",네.,불필요한 반복 제거,22.44,T4,구조검사 통과 시 유지,high_cps,12.804328223624886,18.39,P4,회귀검사 통과 시 유지
SSIS-575,사진 대조 1차 교정본,41,"00:01:31,760 --> 00:01:31,940",0.18,네.,네.,면접 장면을 잠깐…,반말형,sub_0041_91.8s.jpg,0.04,,,25.0,90.0,50.0,78.0,75.0,0.01387,0.0,66.0,0.0,0.0,0.6489,"네, 네.",네.,불필요한 반복 제거,15.64,T4,구조검사 통과 시 유지,,4.531109107303878,10.97,P4,회귀검사 통과 시 유지
SSIS-575,사진 대조 1차 교정본,42,"00:01:33,520 --> 00:01:36,660",3.14,면접 장면을 잠깐…,네.,보여 드릴 테니…,반응형,sub_0042_93.5s.jpg,0.02,,,25.0,90.0,50.0,78.0,75.0,0.55565,0.0,66.0,0.0,0.0,0.5358,잠깐…,그리고…,일본어 원문 대조 + 자연스러운 한국어 대사 교정,38.4,T3,화자·문맥·자연스러움 집중 검토,,65.4643823264202,49.77,P3,말투·질문응답·가독성 위주 검토
SSIS-575,사진 대조 1차 교정본,43,"00:01:36,660 --> 00:01:37,540",0.88,보여 드릴 테니…,면접 장면을 잠깐…,네.,중립·혼합형,sub_0043_96.7s.jpg,0.04,,,25.0,90.0,50.0,78.0,75.0,0.53815,0.0,66.0,0.0,0.0,0.2203,입 안을 보여 줘.,입 안 보여 줘.,일본어 원문 대조 + 자연스러운 한국어 대사 교정,37.66,T3,화자·문맥·자연스러움 집중 검토,,62.39855725879171,48.05,P3,말투·질문응답·가독성 위주 검토
SSIS-575,사진 대조 1차 교정본,44,"00:01:37,540 --> 00:01:37,620",0.08,네.,보여 드릴 테니…,감상이나 여러 이야기를 들려주시면…,반말형,sub_0044_97.5s.jpg,0.04,,,25.0,90.0,50.0,78.0,75.0,0.00938,0.0,66.0,55.0,0.0,0.6489,"네, 네.",네.,불필요한 반복 제거,20.95,T4,구조검사 통과 시 유지,high_cps,10.9107303877367,16.73,P4,회귀검사 통과 시 유지
SSIS-575,사진 대조 1차 교정본,45,"00:01:38,100 --> 00:01:40,680",2.58,감상이나 여러 이야기를 들려주시면…,네.,면접까지 했어요?,반말형,sub_0045_98.1s.jpg,0.0,,,25.0,90.0,50.0,78.0,75.0,0.65879,0.0,66.0,0.0,0.0,0.1904,"있잖아, 역시 하나 가르쳐 주면, 네 이야기를 하고 싶어지는 법이야.",이렇게 하니까 네 목소리가 더 듣고 싶어져.,의미가 깨진 문장을 앞뒤 대화로 정리,42.73,T3,화자·문맥·자연스러움 집중 검토,,81.65013525698828,59.08,P2,앞뒤 5블록·사진·오류 기억을 함께 검토
SSIS-575,사진 대조 1차 교정본,46,"00:01:40,680 --> 00:01:41,960",1.28,면접까지 했어요?,감상이나 여러 이야기를 들려주시면…,"네, 몇 명을 면접했습니다.",반응형,sub_0046_100.7s.jpg,0.02,,,25.0,90.0,50.0,78.0,75.0,0.41392,0.0,66.0,0.0,0.0,0.1531,그에게 배운 대로 했어요.,알려 준 대로 해 봤어요.,장면에 맞게 문장 자연화,32.44,T4,구조검사 통과 시 유지,,41.34355275022543,36.18,P4,회귀검사 통과 시 유지
SSIS-575,사진 대조 1차 교정본,47,"00:01:41,960 --> 00:01:43,700",1.74,"네, 몇 명을 면접했습니다.",면접까지 했어요?,괜찮으시죠? 잠깐…,중립·혼합형,sub_0047_102.0s.jpg,0.04,,,25.0,90.0,50.0,78.0,75.0,0.64126,0.0,66.0,0.0,0.0,0.2379,"네, 네.",네.,불필요한 반복 제거,41.99,T3,화자·문맥·자연스러움 집중 검토,,79.01262398557259,57.54,P3,말투·질문응답·가독성 위주 검토
SSIS-575,사진 대조 1차 교정본,48,"00:01:44,340 --> 00:01:45,500",1.16,괜찮으시죠? 잠깐…,"네, 몇 명을 면접했습니다.",네.,반응형,sub_0048_104.3s.jpg,0.04,,,25.0,90.0,50.0,78.0,75.0,0.47289,0.0,66.0,0.0,0.0,0.4805,잠깐…,그리고…,일본어 원문 대조 + 자연스러운 한국어 대사 교정,34.92,T4,구조검사 통과 시 유지,,51.26239855725879,41.78,P3,말투·질문응답·가독성 위주 검토
SSIS-575,사진 대조 1차 교정본,49,"00:01:45,500 --> 00:01:45,640",0.14,네.,괜찮으시죠? 잠깐…,안녕하세요.,반말형,sub_0049_105.5s.jpg,0.0,,,25.0,90.0,50.0,78.0,75.0,0.01042,0.0,66.0,0.0,18.0,0.6489,"네, 네.",네.,불필요한 반복 제거,16.94,T4,구조검사 통과 시 유지,formality_shift,8.656447249774573,13.46,P4,회귀검사 통과 시 유지
SSIS-575,사진 대조 1차 교정본,50,"00:01:49,680 --> 00:01:50,560",0.88,안녕하세요.,네.,"먼저 이름, 나이, 직업을 말씀해 주세요.",존댓말형,sub_0050_109.7s.jpg,0.02,,,25.0,90.0,50.0,78.0,75.0,0.30378,0.0,66.0,0.0,18.0,0.5417,"아, 안녕하세요. 정말 아름다운 분이 와 주셨네요.","아, 안녕하세요. 정말 아름다운 분이 오셨네요.",첫 만남 대사 자연화,29.26,T4,구조검사 통과 시 유지,formality_shift,30.027051397655548,29.58,P4,회귀검사 통과 시 유지
SSIS-575,사진 대조 1차 교정본,51,"00:01:51,240 --> 00:01:54,140",2.9,"먼저 이름, 나이, 직업을 말씀해 주세요.",안녕하세요.,이름은 사사키 코이치입니다.,중립·혼합형,sub_0051_111.2s.jpg,0.04,,,25.0,90.0,50.0,78.0,75.0,0.73039,0.0,66.0,0.0,0.0,0.2477,쉬어 주세요.,잠깐 쉬게 해 주세요.,사진 장면 확인 및 한국어 번역투·ASR 오역 교정,45.74,T3,화자·문맥·자연스러움 집중 검토,,89.17944093778178,63.98,P2,앞뒤 5블록·사진·오류 기억을 함께 검토
SSIS-575,사진 대조 1차 교정본,52,"00:01:56,240 --> 00:01:59,000",2.76,이름은 사사키 코이치입니다.,"먼저 이름, 나이, 직업을 말씀해 주세요.",나이는 스물아홉 살입니다.,중립·혼합형,sub_0052_116.2s.jpg,0.04,,,25.0,90.0,50.0,78.0,75.0,0.58835,0.0,66.0,0.0,0.0,0.1745,좋은 아침입니다.,♪,,39.77,T3,화자·문맥·자연스러움 집중 검토,,71.14517583408477,52.95,P3,말투·질문응답·가독성 위주 검토
SSIS-575,사진 대조 1차 교정본,53,"00:01:59,840 --> 00:02:01,740",1.9,나이는 스물아홉 살입니다.,이름은 사사키 코이치입니다.,웹 디자이너로 일합니다.,반응형,sub_0053_119.8s.jpg,0.04,,,25.0,90.0,50.0,78.0,75.0,0.52429,0.0,66.0,0.0,0.0,0.1771,두 번째입니다.,벌써 두 번째예요.,사진 장면 확인 및 한국어 번역투 교정,37.08,T3,화자·문맥·자연스러움 집중 검토,,59.715960324616766,46.59,P3,말투·질문응답·가독성 위주 검토
SSIS-575,사진 대조 1차 교정본,54,"00:02:02,140 --> 00:02:05,080",2.94,웹 디자이너로 일합니다.,나이는 스물아홉 살입니다.,광고 페이지를 만들거나…,존댓말형,sub_0054_122.1s.jpg,0.04,,,25.0,90.0,50.0,78.0,75.0,0.51063,0.0,66.0,0.0,18.0,0.17,감사합니다.,고마워요.,타임스탬프 사진과 앞뒤 장면으로 대사 기능 복원,37.95,T3,화자·문맥·자연스러움 집중 검토,formality_shift,63.751127141568986,48.79,P3,말투·질문응답·가독성 위주 검토
SSIS-575,사진 대조 1차 교정본,55,"00:02:05,900 --> 00:02:09,800",3.9,광고 페이지를 만들거나…,웹 디자이너로 일합니다.,컴퓨터로 보는 홈페이지 같은 것을…,반말형,sub_0055_125.9s.jpg,0.0,,,25.0,90.0,50.0,78.0,75.0,0.48706,0.0,66.0,0.0,0.0,0.071,단차를 만들어 갈게요.,높이를 조금씩 맞춰 갈게요.,,35.52,T3,화자·문맥·자연스러움 집중 검토,,53.65193868349864,43.14,P3,말투·질문응답·가독성 위주 검토
SSIS-575,사진 대조 1차 교정본,56,"00:02:10,640 --> 00:02:14,120",3.48,컴퓨터로 보는 홈페이지 같은 것을…,광고 페이지를 만들거나…,회사에서 제작합니다.,반말형,sub_0056_130.6s.jpg,0.04,,,25.0,90.0,50.0,78.0,75.0,0.60111,0.0,66.0,0.0,0.0,0.3251,컴퓨터로 게임하는데...,컴퓨터로 게임하는데…,,40.31,T3,화자·문맥·자연스러움 집중 검토,,73.28674481514878,54.16,P3,말투·질문응답·가독성 위주 검토
SSIS-575,사진 대조 1차 교정본,57,"00:02:14,120 --> 00:02:15,460",1.34,회사에서 제작합니다.,컴퓨터로 보는 홈페이지 같은 것을…,이번 동거 기획 말인데요…,존댓말형,sub_0057_134.1s.jpg,0.02,,,25.0,90.0,50.0,78.0,75.0,0.47143,0.0,66.0,0.0,18.0,0.3305,"자, 시작합니다.",♪,,36.3,T3,화자·문맥·자연스러움 집중 검토,formality_shift,56.53742110009017,44.8,P3,말투·질문응답·가독성 위주 검토
SSIS-575,사진 대조 1차 교정본,58,"00:02:16,060 --> 00:02:19,620",3.56,이번 동거 기획 말인데요…,회사에서 제작합니다.,네.,중립·혼합형,sub_0058_136.1s.jpg,0.04,,,25.0,90.0,50.0,78.0,75.0,0.55365,0.0,66.0,0.0,0.0,0.1247,이번 저주가 괜찮습니다.,[불명],,38.31,T3,화자·문맥·자연스러움 집중 검토,,65.05861136158701,49.54,P3,말투·질문응답·가독성 위주 검토
SSIS-575,사진 대조 1차 교정본,59,"00:02:19,620 --> 00:02:19,740",0.12,네.,이번 동거 기획 말인데요…,한 달 동안 함께 지내는 기획입니다.,반말형,sub_0059_139.6s.jpg,0.02,,,25.0,90.0,50.0,78.0,75.0,0.00733,0.0,66.0,25.0,0.0,0.6489,"네, 네.",네.,불필요한 반복 제거,17.87,T4,구조검사 통과 시 유지,borderline_cps,9.15238954012624,14.21,P4,회귀검사 통과 시 유지
SSIS-575,사진 대조 1차 교정본,60,"00:02:20,500 --> 00:02:22,680",2.18,한 달 동안 함께 지내는 기획입니다.,네.,직장은 괜찮으세요?,반말형,sub_0060_140.5s.jpg,0.0,,,25.0,90.0,50.0,78.0,75.0,0.60071,0.0,66.0,0.0,0.0,0.2784,"뭐, 잘 지내는 것 같아요.","네, 뭐… 잘 지내는 것 같아요.",대화체 자연화,40.29,T3,화자·문맥·자연스러움 집중 검토,,73.12894499549142,54.08,P3,말투·질문응답·가독성 위주 검토
SSIS-575,사진 대조 1차 교정본,61,"00:02:22,780 --> 00:02:23,900",1.12,직장은 괜찮으세요?,한 달 동안 함께 지내는 기획입니다.,"아, 네.",반응형,sub_0061_142.8s.jpg,0.02,,,25.0,90.0,50.0,78.0,75.0,0.30548,11.03,66.0,0.0,35.0,0.7419,"아, 괜찮으세요?","아, 괜찮으시군요.",앞뒤 문답 관계 교정,32.68,T4,구조검사 통과 시 유지,formality_jump,42.60595130748422,36.85,P4,회귀검사 통과 시 유지
SSIS-575,사진 대조 1차 교정본,62,"00:02:24,440 --> 00:02:24,900",0.46,"아, 네.",직장은 괜찮으세요?,회사에는 출퇴근할 수 있어서 괜찮습니다.,반응형,sub_0062_144.4s.jpg,0.04,,,25.0,90.0,50.0,78.0,75.0,0.23273,11.22,66.0,0.0,35.0,0.7435,"아, 아, 아, 아, 아, 아, 아,","아, 아, 아, 아, 아, 아, 아",,29.65,T4,구조검사 통과 시 유지,formality_jump,31.199278629395856,30.3,P4,회귀검사 통과 시 유지
SSIS-575,사진 대조 1차 교정본,63,"00:02:25,600 --> 00:02:27,980",2.38,회사에는 출퇴근할 수 있어서 괜찮습니다.,"아, 네.",왜 지금까지 동정을 벗어나지 못했나요?,반응형,sub_0063_145.6s.jpg,0.0,,,25.0,90.0,50.0,78.0,75.0,0.63258,0.0,66.0,0.0,35.0,0.351,이번 저주가 괜찮습니다.,[불명],,44.43,T3,화자·문맥·자연스러움 집중 검토,formality_jump,86.24887285843101,61.99,P2,앞뒤 5블록·사진·오류 기억을 함께 검토
SSIS-575,사진 대조 1차 교정본,64,"00:02:28,480 --> 00:02:34,240",5.76,왜 지금까지 동정을 벗어나지 못했나요?,회사에는 출퇴근할 수 있어서 괜찮습니다.,대학교에 다닐 때…,반응형,sub_0064_148.5s.jpg,0.02,,,25.0,90.0,50.0,78.0,75.0,0.68618,0.0,66.0,0.0,0.0,0.1622,매번 지금까지는 항상 계셨는데 말이죠.,지금까지는 만날 때마다 바로 해 버렸으니까요.,일본어 원문 대조 + 자연스러운 한국어 대사 교정,43.88,T3,화자·문맥·자연스러움 집중 검토,,85.03155996393147,61.16,P2,앞뒤 5블록·사진·오류 기억을 함께 검토
SSIS-575,사진 대조 1차 교정본,65,"00:02:36,740 --> 00:02:40,160",3.42,대학교에 다닐 때…,왜 지금까지 동정을 벗어나지 못했나요?,여자친구가 한 번 있었는데…,중립·혼합형,sub_0065_156.7s.jpg,0.04,,,25.0,90.0,50.0,78.0,75.0,0.52368,0.0,66.0,0.0,0.0,0.0513,고등학교 2학년 때요.,첫 경험은 고등학교 2학년 때였어요.,사진 장면 확인 및 한국어 번역투·ASR 오역 교정,37.05,T3,화자·문맥·자연스러움 집중 검토,,59.58070333633905,46.51,P3,말투·질문응답·가독성 위주 검토
SSIS-575,사진 대조 1차 교정본,66,"00:02:40,640 --> 00:02:43,200",2.56,여자친구가 한 번 있었는데…,대학교에 다닐 때…,그런 분위기가 됐을 때…,중립·혼합형,sub_0066_160.6s.jpg,0.04,,,25.0,90.0,50.0,78.0,75.0,0.67408,0.0,66.0,0.0,0.0,0.1272,한 번 정도...,한 번 정도…,,43.37,T3,화자·문맥·자연스러움 집중 검토,,83.22813345356177,60.11,P2,앞뒤 5블록·사진·오류 기억을 함께 검토
SSIS-575,사진 대조 1차 교정본,67,"00:02:45,040 --> 00:02:49,580",4.54,그런 분위기가 됐을 때…,여자친구가 한 번 있었는데…,제가 좀…,중립·혼합형,sub_0067_165.0s.jpg,0.04,,,25.0,90.0,50.0,78.0,75.0,0.64396,0.0,66.0,0.0,0.0,0.3757,뭔가 분위기가 달라진 느낌이에요.,분위기가 확 달라졌어요.,사진 장면 확인 및 한국어 번역투·ASR 오역 교정,42.11,T3,화자·문맥·자연스러움 집중 검토,,79.59873760144274,57.86,P3,말투·질문응답·가독성 위주 검토
SSIS-575,사진 대조 1차 교정본,68,"00:02:52,180 --> 00:02:53,700",1.52,제가 좀…,그런 분위기가 됐을 때…,처음이다 보니…,중립·혼합형,sub_0068_172.2s.jpg,0.02,,,25.0,90.0,50.0,78.0,75.0,0.47739,0.0,66.0,0.0,0.0,0.1623,"제가 제일 좋아하는 방식인데, 상대가 남자가 아니라서 좀 하기 어렵네요.","제가 제일 좋아하는 자세인데, 남자 없이 하려니 좀 어렵네요.",,35.11,T3,화자·문맥·자연스러움 집중 검토,,51.93868349864743,42.18,P3,말투·질문응답·가독성 위주 검토
SSIS-575,사진 대조 1차 교정본,69,"00:02:53,700 --> 00:02:56,520",2.82,처음이다 보니…,제가 좀…,너무 달려들었다고 할까…,중립·혼합형,sub_0069_173.7s.jpg,0.0,,,25.0,90.0,50.0,78.0,75.0,0.5428,0.0,66.0,0.0,0.0,0.2873,이렇게 좋은 향기 나는 건 처음이다...,이렇게 좋은 향기 나는 건 처음이다…,,37.86,T3,화자·문맥·자연스러움 집중 검토,,63.007213706041476,48.42,P3,말투·질문응답·가독성 위주 검토
SSIS-575,사진 대조 1차 교정본,70,"00:02:56,520 --> 00:02:59,300",2.78,너무 달려들었다고 할까…,처음이다 보니…,그래서…,중립·혼합형,sub_0070_176.5s.jpg,0.02,,,25.0,90.0,50.0,78.0,75.0,0.68028,0.0,66.0,0.0,0.0,0.2258,"그럼, 먼저 유두를 한 번 더 할까…",그럼 젖꼭지부터 한 번 더 핥아 줄까…,,43.63,T3,화자·문맥·자연스러움 집중 검토,,84.06221821460775,60.61,P2,앞뒤 5블록·사진·오류 기억을 함께 검토
SSIS-575,사진 대조 1차 교정본,71,"00:02:59,300 --> 00:03:00,100",0.8,그래서…,너무 달려들었다고 할까…,무서워했다고 할까…,중립·혼합형,sub_0071_179.3s.jpg,0.0,,,25.0,90.0,50.0,78.0,75.0,0.37827,0.0,66.0,0.0,0.0,0.1672,"그래서, 넌? 남을 거야, 그만둘 거야?",계속해…,타임스탬프 사진으로 장면 불일치 확인 후 재복원,30.95,T4,구조검사 통과 시 유지,,35.79801623083859,32.99,P4,회귀검사 통과 시 유지
SSIS-575,사진 대조 1차 교정본,72,"00:03:00,100 --> 00:03:02,020",1.92,무서워했다고 할까…,그래서…,그런 경험이 있고 나서…,중립·혼합형,sub_0072_180.1s.jpg,0.0,,,25.0,90.0,50.0,78.0,75.0,0.56939,0.0,66.0,0.0,0.0,0.2386,"그럼, 먼저 유두를 한 번 더 할까…",그럼 젖꼭지부터 한 번 더 핥아 줄까…,,38.97,T3,화자·문맥·자연스러움 집중 검토,,67.74120829576195,51.05,P3,말투·질문응답·가독성 위주 검토
SSIS-575,사진 대조 1차 교정본,73,"00:03:02,020 --> 00:03:04,200",2.18,그런 경험이 있고 나서…,무서워했다고 할까…,그 뒤로는…,중립·혼합형,sub_0073_182.0s.jpg,0.02,,,25.0,90.0,50.0,78.0,75.0,0.63958,0.0,66.0,0.0,0.0,0.1895,후와 씨를 만나서…,후우아 씨를 만나서…,출연자 이름 오인식 교정,41.92,T3,화자·문맥·자연스러움 집중 검토,,78.89990982867448,57.45,P3,말투·질문응답·가독성 위주 검토
SSIS-575,사진 대조 1차 교정본,74,"00:03:05,360 --> 00:03:06,280",0.92,그 뒤로는…,그런 경험이 있고 나서…,여성과 어떻게 지내야 하는지…,중립·혼합형,sub_0074_185.4s.jpg,0.04,,,25.0,90.0,50.0,78.0,75.0,0.4956,0.0,66.0,0.0,0.0,0.1461,저는…,더 해 줘.,타임스탬프 사진과 장면 흐름으로 명백한 오인식 교정,35.88,T3,화자·문맥·자연스러움 집중 검토,,55.18485121731289,43.99,P3,말투·질문응답·가독성 위주 검토
SSIS-575,사진 대조 1차 교정본,75,"00:03:06,900 --> 00:03:10,160",3.26,여성과 어떻게 지내야 하는지…,그 뒤로는…,여자친구를 어떻게 사귀는지…,반응형,sub_0075_186.9s.jpg,0.0,,,25.0,90.0,50.0,78.0,75.0,0.71198,0.0,66.0,0.0,0.0,0.22,어떻게 먹는 게 좋아?,어떻게 해 주는 게 좋아?,일본어 원문 대조 + 자연스러운 한국어 대사 교정,44.96,T3,화자·문맥·자연스러움 집중 검토,,87.66907123534716,62.9,P2,앞뒤 5블록·사진·오류 기억을 함께 검토
SSIS-575,사진 대조 1차 교정본,76,"00:03:12,360 --> 00:03:13,960",1.6,여자친구를 어떻게 사귀는지…,여성과 어떻게 지내야 하는지…,잘 모르겠게 됐습니다.,반응형,sub_0076_192.4s.jpg,0.04,,,25.0,90.0,50.0,78.0,75.0,0.67617,0.0,66.0,0.0,0.0,0.2107,어떻게 먹는 게 좋아?,어떻게 해 주는 게 좋아?,일본어 원문 대조 + 자연스러운 한국어 대사 교정,43.46,T3,화자·문맥·자연스러움 집중 검토,,83.54373309287647,60.3,P2,앞뒤 5블록·사진·오류 기억을 함께 검토
SSIS-575,사진 대조 1차 교정본,77,"00:03:13,960 --> 00:03:16,420",2.46,잘 모르겠게 됐습니다.,여자친구를 어떻게 사귀는지…,얼마나 심하게 달려들었어요?,존댓말형,sub_0077_194.0s.jpg,0.04,,,25.0,90.0,50.0,78.0,75.0,0.57818,0.0,66.0,0.0,18.0,0.2721,마음을 열어 주었고 정말 친해져서 성관계도 할 수 있게 됐습니다.,"마음을 열어 줬고, 이제는 정말 가까워져서 잠자리까지 가질 수 있었어요.",,40.78,T3,화자·문맥·자연스러움 집중 검토,formality_shift,75.18034265103697,55.23,P3,말투·질문응답·가독성 위주 검토
SSIS-575,사진 대조 1차 교정본,78,"00:03:16,760 --> 00:03:17,900",1.14,얼마나 심하게 달려들었어요?,잘 모르겠게 됐습니다.,‘으랏차!’ 하면서 덤볐어요?,반응형,sub_0078_196.8s.jpg,0.04,,,25.0,90.0,50.0,78.0,75.0,0.58228,0.0,66.0,0.0,25.0,0.1468,"아니, 재미있을까 해서 말이야. 네가 얼마나 참을 수 있는지도 알고 싶었고.",조금만 천천히…,타임스탬프 사진으로 장면 불일치 확인 후 재복원,41.52,T3,화자·문맥·자연스러움 집중 검토,question_answer_checksum,77.59242560865644,56.67,P3,말투·질문응답·가독성 위주 검토
SSIS-575,사진 대조 1차 교정본,79,"00:03:18,740 --> 00:03:19,740",1.0,‘으랏차!’ 하면서 덤볐어요?,얼마나 심하게 달려들었어요?,그게…,반응형,sub_0079_198.7s.jpg,0.04,,,25.0,90.0,50.0,78.0,75.0,0.44038,0.0,66.0,0.0,0.0,0.0891,"상대가 기분 좋아지지 않으면 의미가 없다고 생각해서, 조금 대화도 하면서 자극하는 게 제 방식이에요.","상대가 좋아하지 않으면 의미가 없으니까, 대화하면서 천천히 자극하는 편이에요.",,33.56,T4,구조검사 통과 시 유지,,45.94229035166817,38.76,P4,회귀검사 통과 시 유지
SSIS-575,사진 대조 1차 교정본,80,"00:03:21,780 --> 00:03:22,420",0.64,그게…,‘으랏차!’ 하면서 덤볐어요?,멋있게 보이지 않았나 싶기도 하고…,중립·혼합형,sub_0080_201.8s.jpg,0.02,,,25.0,90.0,50.0,78.0,75.0,0.31095,0.0,66.0,0.0,0.0,0.1847,그게...,그게…,,28.12,T4,구조검사 통과 시 유지,,26.487826871055002,27.43,P4,회귀검사 통과 시 유지
SSIS-575,사진 대조 1차 교정본,81,"00:03:22,420 --> 00:03:24,220",1.8,멋있게 보이지 않았나 싶기도 하고…,그게…,친구들에게도…,반말형,sub_0081_202.4s.jpg,0.02,,,25.0,90.0,50.0,78.0,75.0,0.78633,0.0,66.0,0.0,0.0,0.1346,유두하고…,젖꼭지하고…,,48.09,T3,화자·문맥·자연스러움 집중 검토,,93.86834986474301,67.32,P2,앞뒤 5블록·사진·오류 기억을 함께 검토
SSIS-575,사진 대조 1차 교정본,82,"00:03:24,840 --> 00:03:26,400",1.56,친구들에게도…,멋있게 보이지 않았나 싶기도 하고…,이렇게 하면 된다는 조언을 듣기는 했는데…,중립·혼합형,sub_0082_204.8s.jpg,0.04,,,25.0,90.0,50.0,78.0,75.0,0.44273,0.0,66.0,0.0,0.0,0.109,친구들과의 점심 모임에서 창피를 당하는 건 지긋지긋했다.,친구들과 점심을 먹을 때마다 초라해지는 것도 지긋지긋했다.,내레이션 자연화,33.65,T4,구조검사 통과 시 유지,,46.14517583408476,38.9,P4,회귀검사 통과 시 유지
SSIS-575,사진 대조 1차 교정본,83,"00:03:26,400 --> 00:03:29,020",2.62,이렇게 하면 된다는 조언을 듣기는 했는데…,친구들에게도…,막상 여성 앞에 서면…,중립·혼합형,sub_0083_206.4s.jpg,0.0,,,25.0,90.0,50.0,78.0,75.0,0.83155,0.0,66.0,0.0,0.0,0.2099,이렇게 하면 두 배로 느껴져요.,향까지 나니까 두 배로 좋아요.,,49.99,T3,화자·문맥·자연스러움 집중 검토,,95.94229035166816,69.29,P2,앞뒤 5블록·사진·오류 기억을 함께 검토
SSIS-575,사진 대조 1차 교정본,84,"00:03:29,020 --> 00:03:30,480",1.46,막상 여성 앞에 서면…,이렇게 하면 된다는 조언을 듣기는 했는데…,완전히 달라져 버렸어요?,중립·혼합형,sub_0084_209.0s.jpg,0.02,,,25.0,90.0,50.0,78.0,75.0,0.68447,0.0,66.0,0.0,0.0,0.1076,앞에서 불어와.,이제 조금만 더.,일본어 원문 + 타임스탬프 사진 + 장면 연속성,43.81,T3,화자·문맥·자연스러움 집중 검토,,84.69341749323715,60.98,P2,앞뒤 5블록·사진·오류 기억을 함께 검토
SSIS-575,사진 대조 1차 교정본,85,"00:03:30,480 --> 00:03:31,040",0.56,완전히 달라져 버렸어요?,막상 여성 앞에 서면…,그렇습니다…,반응형,sub_0085_210.5s.jpg,0.02,,,25.0,90.0,50.0,78.0,75.0,0.68373,0.0,66.0,25.0,0.0,0.5328,말해 버렸어요?,소리 내 버렸어요?,사진 장면 확인 및 한국어 번역투·ASR 오역 교정,46.28,T3,화자·문맥·자연스러움 집중 검토,borderline_cps,90.48692515779983,64.85,P2,앞뒤 5블록·사진·오류 기억을 함께 검토
SSIS-575,사진 대조 1차 교정본,86,"00:03:32,640 --> 00:03:33,280",0.64,그렇습니다…,완전히 달라져 버렸어요?,강하게 밀어붙였어요…,존댓말형,sub_0086_212.6s.jpg,0.04,,,25.0,90.0,50.0,78.0,75.0,0.38367,0.0,66.0,0.0,0.0,0.1094,나온다…,나올 것 같아…,,31.17,T4,구조검사 통과 시 유지,,36.74481514878269,33.51,P4,회귀검사 통과 시 유지
SSIS-575,사진 대조 1차 교정본,87,"00:03:33,280 --> 00:03:34,920",1.64,강하게 밀어붙였어요…,그렇습니다…,다정하게 하지 못하고…,반응형,sub_0087_213.3s.jpg,0.02,,,25.0,90.0,50.0,78.0,75.0,0.6737,0.0,66.0,0.0,0.0,0.2284,먹고 싶다고 강하게 원하고 있는 것.,먹고 싶어 죽겠어.,,43.36,T3,화자·문맥·자연스러움 집중 검토,,83.13796212804328,60.07,P2,앞뒤 5블록·사진·오류 기억을 함께 검토
SSIS-575,사진 대조 1차 교정본,88,"00:03:34,920 --> 00:03:35,960",1.04,다정하게 하지 못하고…,강하게 밀어붙였어요…,워낙 오래전이라 자세히 기억나지는 않지만…,반말형,sub_0088_214.9s.jpg,0.02,,,25.0,90.0,50.0,78.0,75.0,0.75103,0.0,66.0,0.0,0.0,0.2268,하지 마.,잠깐만.,손상된 일본어 ASR + 타임스탬프 사진 + 앞뒤 문맥 추론,46.6,T3,화자·문맥·자연스러움 집중 검토,,91.23083859332732,65.34,P2,앞뒤 5블록·사진·오류 기억을 함께 검토
SSIS-575,사진 대조 1차 교정본,89,"00:03:35,960 --> 00:03:37,840",1.88,워낙 오래전이라 자세히 기억나지는 않지만…,다정하게 하지 못하고…,몇 년 전이에요?,반말형,sub_0089_216.0s.jpg,0.04,,,25.0,90.0,50.0,78.0,75.0,0.84902,0.0,66.0,0.0,0.0,0.1837,좀 자세히 들여다보게 해줘.,좀 자세히 들여다보게 해 줘.,,50.72,T3,화자·문맥·자연스러움 집중 검토,,97.29486023444545,70.28,P2,앞뒤 5블록·사진·오류 기억을 함께 검토
SSIS-575,사진 대조 1차 교정본,90,"00:03:37,840 --> 00:03:38,860",1.02,몇 년 전이에요?,워낙 오래전이라 자세히 기억나지는 않지만…,스물한 살 때였으니까…,존댓말형,sub_0090_217.8s.jpg,0.04,,,25.0,90.0,50.0,78.0,75.0,0.54206,0.0,66.0,0.0,18.0,0.4405,몇 명이에요?,몇 명이랑 했어요?,일본어 원문 대조 + 자연스러운 한국어 대사 교정,39.27,T3,화자·문맥·자연스러움 집중 검토,formality_shift,69.34174932371506,51.9,P3,말투·질문응답·가독성 위주 검토
SSIS-575,사진 대조 1차 교정본,91,"00:03:40,680 --> 00:03:42,220",1.54,스물한 살 때였으니까…,몇 년 전이에요?,8년쯤 전입니다…,반응형,sub_0091_220.7s.jpg,0.02,,,25.0,90.0,50.0,78.0,75.0,0.48858,0.0,66.0,0.0,0.0,0.2819,후와 씨가 스물한 살이죠?,후우아 씨가 스물한 살이죠?,출연자 이름 오인식 교정,35.58,T3,화자·문맥·자연스러움 집중 검토,,53.877366997294864,43.26,P3,말투·질문응답·가독성 위주 검토
SSIS-575,사진 대조 1차 교정본,92,"00:03:42,220 --> 00:03:44,380",2.16,8년쯤 전입니다…,스물한 살 때였으니까…,정말 오래됐네요?,중립·혼합형,sub_0092_222.2s.jpg,0.02,,,25.0,90.0,50.0,78.0,75.0,0.53195,0.0,66.0,0.0,0.0,0.0868,나온다…,나올 것 같아…,,37.4,T3,화자·문맥·자연스러움 집중 검토,,60.93327321911632,47.28,P3,말투·질문응답·가독성 위주 검토
SSIS-575,사진 대조 1차 교정본,93,"00:03:44,380 --> 00:03:45,820",1.44,정말 오래됐네요?,8년쯤 전입니다…,그렇죠…,반말형,sub_0093_224.4s.jpg,0.02,,,25.0,90.0,50.0,78.0,75.0,0.4333,0.0,66.0,0.0,0.0,0.1891,정말 좋아.,거기 좋아.,타임스탬프 사진과 장면 흐름으로 명백한 오인식 교정,33.26,T4,구조검사 통과 시 유지,,44.950405770964835,38.17,P4,회귀검사 통과 시 유지
SSIS-575,사진 대조 1차 교정본,94,"00:03:47,420 --> 00:03:48,260",0.84,그렇죠…,정말 오래됐네요?,한 번…,중립·혼합형,sub_0094_227.4s.jpg,0.02,,,25.0,90.0,50.0,78.0,75.0,0.22083,0.0,66.0,0.0,0.0,0.091,그렇구나.,손 정말 잘 쓰네.,일본어 원문 + 타임스탬프 사진 + 장면 연속성,24.33,T4,구조검사 통과 시 유지,,15.915238954012622,20.8,P4,회귀검사 통과 시 유지
SSIS-575,사진 대조 1차 교정본,95,"00:03:48,260 --> 00:03:49,300",1.04,한 번…,그렇죠…,업소에는 가 본 적이 있지만…,중립·혼합형,sub_0095_228.3s.jpg,0.04,,,25.0,90.0,50.0,78.0,75.0,0.29989,0.0,66.0,0.0,0.0,0.4511,"네, 이제 세 번, 세 번…","네, 이제 세 번째예요…",사진 장면 확인 및 한국어 번역투·ASR 오역 교정,27.66,T4,구조검사 통과 시 유지,,25.18034265103697,26.62,P4,회귀검사 통과 시 유지
SSIS-575,사진 대조 1차 교정본,96,"00:03:49,300 --> 00:03:54,220",4.92,업소에는 가 본 적이 있지만…,한 번…,업소는 아니라고 봐야죠?,반말형,sub_0096_229.3s.jpg,0.0,,,25.0,90.0,50.0,78.0,75.0,0.5238,0.0,66.0,0.0,0.0,0.211,사귀어 본 적이 별로 없어서…,오래 사귀어 본 적이 없어요.,일본어 원문 대조 + 자연스러운 한국어 대사 교정,37.06,T3,화자·문맥·자연스러움 집중 검토,,59.64833183047791,46.55,P3,말투·질문응답·가독성 위주 검토
SSIS-575,사진 대조 1차 교정본,97,"00:03:54,220 --> 00:03:54,800",0.58,업소는 아니라고 봐야죠?,업소에는 가 본 적이 있지만…,뭐…,반응형,sub_0097_234.2s.jpg,0.02,,,25.0,90.0,50.0,78.0,75.0,0.53069,0.0,66.0,25.0,0.0,0.1365,"아니, 그런 뜻이 아니라...","아니, 그런 뜻이 아니라…",,39.85,T3,화자·문맥·자연스러움 집중 검토,borderline_cps,71.39314697926059,53.1,P3,말투·질문응답·가독성 위주 검토
SSIS-575,사진 대조 1차 교정본,98,"00:03:55,100 --> 00:03:56,660",1.56,뭐…,업소는 아니라고 봐야죠?,유흥업소 같은 곳이라고 할까…,중립·혼합형,sub_0098_235.1s.jpg,0.0,,,25.0,90.0,50.0,78.0,75.0,0.22546,0.0,66.0,0.0,0.0,0.0757,뭐 할까?,내가 먼저?,일본어 원문 + 타임스탬프 사진 + 장면 연속성,24.53,T4,구조검사 통과 시 유지,,16.456266907123535,21.14,P4,회귀검사 통과 시 유지
SSIS-575,사진 대조 1차 교정본,99,"00:03:57,900 --> 00:04:00,120",2.22,유흥업소 같은 곳이라고 할까…,뭐…,그런 건…,중립·혼합형,sub_0099_237.9s.jpg,0.0,,,25.0,90.0,50.0,78.0,75.0,0.66929,0.0,66.0,0.0,0.0,0.2192,"그럼, 먼저 유두를 한 번 더 할까…",그럼 젖꼭지부터 한 번 더 핥아 줄까…,,43.17,T3,화자·문맥·자연스러움 집중 검토,,82.7321911632101,59.79,P2,앞뒤 5블록·사진·오류 기억을 함께 검토
SSIS-575,사진 대조 1차 교정본,100,"00:04:00,120 --> 00:04:00,780",0.66,그런 건…,유흥업소 같은 곳이라고 할까…,뭔가 다르다고 생각해서…,중립·혼합형,sub_0100_240.1s.jpg,0.02,,,25.0,90.0,50.0,78.0,75.0,0.54796,0.0,66.0,0.0,0.0,0.2258,그런 거 집에서 해봐.,그런 거 집에서 해 봐.,,38.07,T3,화자·문맥·자연스러움 집중 검토,,64.15689810640217,49.03,P3,말투·질문응답·가독성 위주 검토
SSIS-575,사진 대조 1차 교정본,101,"00:04:00,780 --> 00:04:02,960",2.18,뭔가 다르다고 생각해서…,그런 건…,네…,반말형,sub_0101_240.8s.jpg,0.02,,,25.0,90.0,50.0,78.0,75.0,0.75789,0.0,66.0,0.0,0.0,0.202,좋다고 생각해.,좋은 것 같아.,일본어 원문 대조 + 자연스러운 한국어 대사 교정,46.89,T3,화자·문맥·자연스러움 집중 검토,,91.81695220919748,65.76,P2,앞뒤 5블록·사진·오류 기억을 함께 검토
SSIS-575,사진 대조 1차 교정본,102,"00:04:03,720 --> 00:04:04,120",0.4,네…,뭔가 다르다고 생각해서…,정말로…,반말형,sub_0102_243.7s.jpg,0.02,,,25.0,90.0,50.0,78.0,75.0,0.40607,0.0,66.0,0.0,0.0,0.213,감성 돋네…,진짜 분위기 있겠다.,일본어 원문 대조 + 자연스러운 한국어 대사 교정,32.11,T4,구조검사 통과 시 유지,,40.441839495040576,35.61,P4,회귀검사 통과 시 유지
SSIS-575,사진 대조 1차 교정본,103,"00:04:04,120 --> 00:04:05,120",1.0,정말로…,네…,여성과 그런…,중립·혼합형,sub_0103_244.1s.jpg,0.02,,,25.0,90.0,50.0,78.0,75.0,0.37652,0.0,66.0,0.0,0.0,0.3353,정말로.,진짜로.,일본어 원문 대조 + 자연스러운 한국어 대사 교정,30.87,T4,구조검사 통과 시 유지,,35.369702434625786,32.76,P4,회귀검사 통과 시 유지
SSIS-575,사진 대조 1차 교정본,104,"00:04:05,120 --> 00:04:06,880",1.76,여성과 그런…,정말로…,섹스한 적은 없습니다.,중립·혼합형,sub_0104_245.1s.jpg,0.02,,,25.0,90.0,50.0,78.0,75.0,0.37976,0.0,66.0,0.0,0.0,0.1651,친구 같은 여성과 먼저 가까워지면 자연스럽게 성관계까지 할 수 있다고 생각합니다. 너무 깊이 고민하지 말고 연애와 성관계를 많이 경험해 보세요.,친구처럼 편한 여자와 먼저 가까워지면 자연스럽게 잠자리까지 갈 수 있다고 생각해요. 너무 고민하지 말고 연애도 섹스도 많이 경험해 보세요.,,31.01,T4,구조검사 통과 시 유지,,35.95581605049594,33.09,P4,회귀검사 통과 시 유지
SSIS-575,사진 대조 1차 교정본,105,"00:04:06,880 --> 00:04:09,200",2.32,섹스한 적은 없습니다.,여성과 그런…,음…,존댓말형,sub_0105_246.9s.jpg,0.02,,,25.0,90.0,50.0,78.0,75.0,0.44687,0.0,66.0,0.0,0.0,0.473,휴식은 없습니다.,쉴 틈은 없어.,,33.83,T4,구조검사 통과 시 유지,,47.137060414788095,39.42,P4,회귀검사 통과 시 유지
SSIS-575,사진 대조 1차 교정본,106,"00:04:09,200 --> 00:04:09,960",0.76,음…,섹스한 적은 없습니다.,S1 작품도 봐요?,중립·혼합형,sub_0106_249.2s.jpg,0.0,,,25.0,90.0,50.0,78.0,75.0,0.11027,0.0,66.0,0.0,0.0,0.1026,음...,음…,,19.69,T4,구조검사 통과 시 유지,,10.144274120829575,15.68,P4,회귀검사 통과 시 유지
SSIS-575,사진 대조 1차 교정본,107,"00:04:10,440 --> 00:04:11,320",0.88,S1 작품도 봐요?,음…,아… 네…,중립·혼합형,sub_0107_250.4s.jpg,0.04,,,25.0,90.0,50.0,78.0,75.0,0.56872,0.0,66.0,0.0,0.0,0.2676,제가 주도한 다른 작품도 있지만 이번 작품은 달라요.,"제가 주도한 작품도 있었지만, 이번 작품은 분위기가 조금 달라요.",사진 장면 확인 및 한국어 번역투·ASR 오역 교정,38.95,T3,화자·문맥·자연스러움 집중 검토,,67.65103697024347,51.0,P3,말투·질문응답·가독성 위주 검토
SSIS-575,사진 대조 1차 교정본,108,"00:04:12,040 --> 00:04:13,080",1.04,아… 네…,S1 작품도 봐요?,정말…,반응형,sub_0108_252.0s.jpg,0.04,,,25.0,90.0,50.0,78.0,75.0,0.32796,0.0,66.0,0.0,0.0,0.5273,"싫어, 아… 아… 아…",싫어… 아… 아…,일본어 원문 대조 + 자연스러운 한국어 대사 교정,28.83,T4,구조검사 통과 시 유지,,28.606853020739404,28.74,P4,회귀검사 통과 시 유지
SSIS-575,사진 대조 1차 교정본,109,"00:04:13,080 --> 00:04:14,020",0.94,정말…,아… 네…,아름다운 분이 많으시고…,중립·혼합형,sub_0109_253.1s.jpg,0.02,,,25.0,90.0,50.0,78.0,75.0,0.32565,0.0,66.0,0.0,0.0,0.1495,정말 좋아.,거기 좋아.,타임스탬프 사진과 장면 흐름으로 명백한 오인식 교정,28.74,T4,구조검사 통과 시 유지,,28.246167718665465,28.53,P4,회귀검사 통과 시 유지
SSIS-575,사진 대조 1차 교정본,110,"00:04:14,020 --> 00:04:15,860",1.84,아름다운 분이 많으시고…,정말…,이번 상대는…,반응형,sub_0110_254.0s.jpg,0.02,,,25.0,90.0,50.0,78.0,75.0,0.6074,0.0,66.0,0.0,0.0,0.4732,이렇게 아름다운 분이...,이렇게 아름다운 분이…,,40.57,T3,화자·문맥·자연스러움 집중 검토,,74.34625788999098,54.76,P3,말투·질문응답·가독성 위주 검토
SSIS-575,사진 대조 1차 교정본,111,"00:04:16,340 --> 00:04:17,420",1.08,이번 상대는…,아름다운 분이 많으시고…,S1 전속인…,중립·혼합형,sub_0111_256.3s.jpg,0.04,,,25.0,90.0,50.0,78.0,75.0,0.47831,0.0,66.0,0.0,0.0,0.1758,이번 저주가 괜찮습니다.,[불명],,35.15,T3,화자·문맥·자연스러움 집중 검토,,52.1190261496844,42.28,P3,말투·질문응답·가독성 위주 검토
SSIS-575,사진 대조 1차 교정본,112,"00:04:17,420 --> 00:04:18,440",1.02,S1 전속인…,이번 상대는…,카에데 후우아 씨라는 분입니다.,중립·혼합형,sub_0112_257.4s.jpg,0.02,,,25.0,90.0,50.0,78.0,75.0,0.50616,0.0,66.0,0.0,0.0,0.0772,오늘 기획은 요즘 S1에서 하는 1박 2일 숙박물이죠.,오늘 기획은 요즘 S1에서 많이 하는 1박 2일 숙박 촬영이죠.,사진 장면 확인 및 한국어 번역투·ASR 오역 교정,36.32,T3,화자·문맥·자연스러움 집중 검토,,56.58250676284942,44.83,P3,말투·질문응답·가독성 위주 검토
SSIS-575,사진 대조 1차 교정본,113,"00:04:18,440 --> 00:04:19,860",1.42,카에데 후우아 씨라는 분입니다.,S1 전속인…,분입니다.,반응형,sub_0113_258.4s.jpg,0.04,출연자 이름 오인식 교정,높음,25.0,90.0,50.0,78.0,75.0,0.61376,0.0,22.0,0.0,0.0,0.489,카에데 후와 씨라는…,카에데 후우아 씨라는 분입니다.,출연자 이름 오인식 교정,24.33,T4,구조검사 통과 시 유지,,15.915238954012622,20.8,P4,회귀검사 통과 시 유지
SSIS-575,사진 대조 1차 교정본,114,"00:04:20,700 --> 00:04:21,940",1.24,분입니다.,카에데 후우아 씨라는 분입니다.,네…,중립·혼합형,sub_0114_260.7s.jpg,0.0,,,25.0,90.0,50.0,78.0,75.0,0.30544,0.0,66.0,0.0,0.0,0.2925,두 번째입니다.,벌써 두 번째예요.,사진 장면 확인 및 한국어 번역투 교정,27.89,T4,구조검사 통과 시 유지,,25.721370604147882,26.98,P4,회귀검사 통과 시 유지
SSIS-575,사진 대조 1차 교정본,115,"00:04:21,940 --> 00:04:22,500",0.56,네…,분입니다.,굉장한 미인이에요.,반말형,sub_0115_261.9s.jpg,0.04,,,25.0,90.0,50.0,78.0,75.0,0.15453,0.0,66.0,0.0,18.0,0.213,감성 돋네…,진짜 분위기 있겠다.,일본어 원문 대조 + 자연스러운 한국어 대사 교정,22.99,T4,구조검사 통과 시 유지,formality_shift,13.39044183949504,18.96,P4,회귀검사 통과 시 유지
SSIS-575,사진 대조 1차 교정본,116,"00:04:22,500 --> 00:04:24,440",1.94,굉장한 미인이에요.,네…,네…,존댓말형,sub_0116_262.5s.jpg,0.0,,,25.0,90.0,50.0,78.0,75.0,0.53141,0.0,66.0,0.0,35.0,0.167,다음은 앞쪽이에요.,다음은 이쪽이에요.,타임스탬프 사진과 앞뒤 장면으로 대사 기능 복원,40.18,T3,화자·문맥·자연스러움 집중 검토,formality_jump,72.72317403065826,53.85,P3,말투·질문응답·가독성 위주 검토
SSIS-575,사진 대조 1차 교정본,117,"00:04:24,440 --> 00:04:24,820",0.38,네…,굉장한 미인이에요.,괜찮겠어요?,반말형,sub_0117_264.4s.jpg,0.04,,,25.0,90.0,50.0,78.0,75.0,0.16531,0.0,66.0,0.0,18.0,0.213,감성 돋네…,진짜 분위기 있겠다.,일본어 원문 대조 + 자연스러운 한국어 대사 교정,23.44,T4,구조검사 통과 시 유지,formality_shift,14.179440937781784,19.55,P4,회귀검사 통과 시 유지
SSIS-575,사진 대조 1차 교정본,118,"00:04:25,560 --> 00:04:25,900",0.34,괜찮겠어요?,네…,주눅 들지 않을까요?,반응형,sub_0118_265.6s.jpg,0.04,,,25.0,90.0,50.0,78.0,75.0,0.34418,0.0,66.0,25.0,0.0,0.1311,말해 버렸어요?,소리 내 버렸어요?,사진 장면 확인 및 한국어 번역투·ASR 오역 교정,32.02,T4,구조검사 통과 시 유지,borderline_cps,40.01352569882777,35.38,P4,회귀검사 통과 시 유지
SSIS-575,사진 대조 1차 교정본,119,"00:04:27,140 --> 00:04:27,920",0.78,주눅 들지 않을까요?,괜찮겠어요?,긴장하겠죠?,중립·혼합형,sub_0119_267.1s.jpg,0.04,,,25.0,90.0,50.0,78.0,75.0,0.50346,0.0,66.0,0.0,0.0,0.1115,후와 씨에게도 들어 볼까요?,후우아 씨의 각오도 들어 볼까요?,이름 및 문장 자연화,36.21,T3,화자·문맥·자연스러움 집중 검토,,56.31199278629396,44.65,P3,말투·질문응답·가독성 위주 검토
SSIS-575,사진 대조 1차 교정본,120,"00:04:28,860 --> 00:04:29,460",0.6,긴장하겠죠?,주눅 들지 않을까요?,"그, 그렇겠죠…",중립·혼합형,sub_0120_268.9s.jpg,0.04,,,25.0,90.0,50.0,78.0,75.0,0.29387,0.0,66.0,0.0,0.0,0.1129,긴장 풀어요.,긴장 풀어.,일본어 원문 대조 + 자연스러운 한국어 대사 교정,27.4,T4,구조검사 통과 시 유지,,24.346257889990984,26.12,P4,회귀검사 통과 시 유지
SSIS-575,사진 대조 1차 교정본,121,"00:04:29,740 --> 00:04:30,840",1.1,"그, 그렇겠죠…",긴장하겠죠?,조금…,중립·혼합형,sub_0121_269.7s.jpg,0.04,,,25.0,90.0,50.0,78.0,75.0,0.46696,0.0,66.0,0.0,0.0,0.0748,그렇구나.,손 정말 잘 쓰네.,일본어 원문 + 타임스탬프 사진 + 장면 연속성,34.67,T4,구조검사 통과 시 유지,,50.76645626690712,41.43,P3,말투·질문응답·가독성 위주 검토
SSIS-575,사진 대조 1차 교정본,122,"00:04:30,840 --> 00:04:31,860",1.02,조금…,"그, 그렇겠죠…",네…,중립·혼합형,sub_0122_270.8s.jpg,0.04,,,25.0,90.0,50.0,78.0,75.0,0.37415,0.0,66.0,0.0,0.0,0.1246,조금 쉬어요.,잠깐만요.,,30.77,T4,구조검사 통과 시 유지,,35.009017132551854,32.55,P4,회귀검사 통과 시 유지
SSIS-575,사진 대조 1차 교정본,123,"00:04:31,860 --> 00:04:33,100",1.24,네…,조금…,음…,반말형,sub_0123_271.9s.jpg,0.04,,,25.0,90.0,50.0,78.0,75.0,0.22426,0.0,66.0,0.0,0.0,0.213,감성 돋네…,진짜 분위기 있겠다.,일본어 원문 대조 + 자연스러운 한국어 대사 교정,24.48,T4,구조검사 통과 시 유지,,16.36609558160505,21.07,P4,회귀검사 통과 시 유지
SSIS-575,사진 대조 1차 교정본,124,"00:04:33,100 --> 00:04:33,180",0.08,음…,네…,어떤 식으로…,중립·혼합형,sub_0124_273.1s.jpg,0.0,,,25.0,90.0,50.0,78.0,75.0,0.20453,0.0,66.0,55.0,0.0,0.1026,음...,음…,,29.15,T4,구조검사 통과 시 유지,high_cps,29.801623083859337,29.42,P4,회귀검사 통과 시 유지
SSIS-575,사진 대조 1차 교정본,125,"00:04:33,180 --> 00:04:34,360",1.18,어떤 식으로…,음…,"후우아 씨와 어떤 식으로 첫 경험을
마무리하고 싶어요?",반응형,sub_0125_273.2s.jpg,0.02,,,25.0,90.0,50.0,78.0,75.0,0.28163,0.0,66.0,0.0,0.0,0.4142,어떤 식으로 가고 있는지.,어떻게 가고 있는지.,,26.89,T4,구조검사 통과 시 유지,,22.76825969341749,25.16,P4,회귀검사 통과 시 유지
SSIS-575,사진 대조 1차 교정본,126,"00:04:34,360 --> 00:04:36,700",2.34,"후우아 씨와 어떤 식으로 첫 경험을
마무리하고 싶어요?",어떤 식으로…,이상적인 모습이 있나요?,중립·혼합형,sub_0126_274.4s.jpg,0.04,이름 및 질문 문장 자연화,높음,25.0,90.0,50.0,92.0,75.0,0.53857,0.0,22.0,0.0,0.0,0.415,후와 씨와 어떤 졸업을 맞고 싶어요?,후우아 씨와 어떤 식으로 첫 경험을 마무리하고 싶어요?,이름 및 질문 문장 자연화,22.06,T4,구조검사 통과 시 유지,,12.30838593327322,17.96,P4,회귀검사 통과 시 유지
SSIS-575,사진 대조 1차 교정본,127,"00:04:37,320 --> 00:04:38,040",0.72,이상적인 모습이 있나요?,"후우아 씨와 어떤 식으로 첫 경험을
마무리하고 싶어요?",뭐…,존댓말형,sub_0127_277.3s.jpg,0.02,,,25.0,90.0,50.0,78.0,75.0,0.52173,0.0,66.0,0.0,0.0,0.2762,여기엔 아직 부족하다고 적혀 있나요?,여기엔 뭐라고 적혀 있어요?,의미가 깨진 안내문 관련 문장 교정,36.97,T3,화자·문맥·자연스러움 집중 검토,,58.994589720468895,46.22,P3,말투·질문응답·가독성 위주 검토
SSIS-575,사진 대조 1차 교정본,128,"00:04:38,040 --> 00:04:38,900",0.86,뭐…,이상적인 모습이 있나요?,그게…,중립·혼합형,sub_0128_278.0s.jpg,0.04,,,25.0,90.0,50.0,78.0,75.0,0.23403,0.0,66.0,0.0,0.0,0.0757,뭐 할까?,내가 먼저?,일본어 원문 + 타임스탬프 사진 + 장면 연속성,24.89,T4,구조검사 통과 시 유지,,17.335437330928766,21.72,P4,회귀검사 통과 시 유지
SSIS-575,사진 대조 1차 교정본,129,"00:04:40,000 --> 00:04:40,880",0.88,그게…,뭐…,이상이라면…,중립·혼합형,sub_0129_280.0s.jpg,0.0,,,25.0,90.0,50.0,78.0,75.0,0.30595,0.0,66.0,0.0,0.0,0.1847,그게...,그게…,,27.91,T4,구조검사 통과 시 유지,,25.83408476104599,27.04,P4,회귀검사 통과 시 유지
SSIS-575,사진 대조 1차 교정본,130,"00:04:40,880 --> 00:04:42,400",1.52,이상이라면…,그게…,뭐…,중립·혼합형,sub_0130_280.9s.jpg,0.02,,,25.0,90.0,50.0,78.0,75.0,0.35828,0.0,66.0,0.0,0.0,0.0996,일이 되면…,제대로 핥아 줘.,타임스탬프 사진과 장면 흐름으로 명백한 오인식 교정,30.11,T4,구조검사 통과 시 유지,,32.61947700631199,31.16,P4,회귀검사 통과 시 유지
SSIS-575,사진 대조 1차 교정본,131,"00:04:42,400 --> 00:04:42,940",0.54,뭐…,이상이라면…,역시…,중립·혼합형,sub_0131_282.4s.jpg,0.0,,,25.0,90.0,50.0,78.0,75.0,0.28655,0.0,66.0,0.0,0.0,0.0757,뭐 할까?,내가 먼저?,일본어 원문 + 타임스탬프 사진 + 장면 연속성,27.09,T4,구조검사 통과 시 유지,,23.489630297565377,25.58,P4,회귀검사 통과 시 유지
SSIS-575,사진 대조 1차 교정본,132,"00:04:42,940 --> 00:04:44,040",1.1,역시…,뭐…,어떻게 말해야 할지…,중립·혼합형,sub_0132_282.9s.jpg,0.04,,,25.0,90.0,50.0,78.0,75.0,0.37942,0.0,66.0,0.0,0.0,0.1822,하아 역시.,하아… 역시.,일본어 원문 대조 + 자연스러운 한국어 대사 교정,31.0,T4,구조검사 통과 시 유지,,35.888187556357074,33.05,P4,회귀검사 통과 시 유지
SSIS-575,사진 대조 1차 교정본,133,"00:04:44,640 --> 00:04:45,720",1.08,어떻게 말해야 할지…,역시…,그냥…,반응형,sub_0133_284.6s.jpg,0.04,,,25.0,90.0,50.0,78.0,75.0,0.65435,0.0,66.0,0.0,0.0,0.2889,어떻게 먹는 게 좋아?,어떻게 해 주는 게 좋아?,일본어 원문 대조 + 자연스러운 한국어 대사 교정,42.54,T3,화자·문맥·자연스러움 집중 검토,,80.95130748422001,58.67,P2,앞뒤 5블록·사진·오류 기억을 함께 검토
SSIS-575,사진 대조 1차 교정본,134,"00:04:45,720 --> 00:04:46,180",0.46,그냥…,어떻게 말해야 할지…,너무…,중립·혼합형,sub_0134_285.7s.jpg,0.02,,,25.0,90.0,50.0,78.0,75.0,0.36594,0.0,66.0,0.0,0.0,0.0402,그리고…,그리고 이제…,,30.43,T4,구조검사 통과 시 유지,,33.72407574391343,31.81,P4,회귀검사 통과 시 유지
SSIS-575,사진 대조 1차 교정본,135,"00:04:46,180 --> 00:04:46,960",0.78,너무…,그냥…,실수하고 싶지 않다는 생각이 커서…,중립·혼합형,sub_0135_286.2s.jpg,0.02,,,25.0,90.0,50.0,78.0,75.0,0.38785,0.0,66.0,0.0,0.0,0.1166,"하아, 너무 기분 좋아...","하아, 너무 기분 좋아…",,31.35,T4,구조검사 통과 시 유지,,37.150586113615866,33.79,P4,회귀검사 통과 시 유지
SSIS-575,사진 대조 1차 교정본,136,"00:04:46,960 --> 00:04:50,160",3.2,실수하고 싶지 않다는 생각이 커서…,너무…,뭔가…,반말형,sub_0136_287.0s.jpg,0.04,,,25.0,90.0,50.0,78.0,75.0,0.81921,0.0,66.0,0.0,0.0,0.0965,정말로 섹스하고 싶다고 생각했어서…,진짜 하고 싶었어.,일본어 원문 대조 + 자연스러운 한국어 대사 교정,49.47,T3,화자·문맥·자연스러움 집중 검토,,95.40126239855726,68.76,P2,앞뒤 5블록·사진·오류 기억을 함께 검토
SSIS-575,사진 대조 1차 교정본,137,"00:04:50,160 --> 00:04:51,500",1.34,뭔가…,실수하고 싶지 않다는 생각이 커서…,잘못하면…,중립·혼합형,sub_0137_290.2s.jpg,0.04,,,25.0,90.0,50.0,78.0,75.0,0.40439,0.0,66.0,0.0,0.0,0.5997,한 번에 하자. 뭔가…,이제 자자. 불도 조금 어둡게 해 줘.,사진 장면 확인 및 한국어 번역투·ASR 오역 교정,32.04,T4,구조검사 통과 시 유지,,40.10369702434626,35.43,P4,회귀검사 통과 시 유지
SSIS-575,사진 대조 1차 교정본,138,"00:04:51,500 --> 00:04:52,500",1.0,잘못하면…,뭔가…,굉장히 부끄러울 것 같고…,중립·혼합형,sub_0138_291.5s.jpg,0.0,,,25.0,90.0,50.0,78.0,75.0,0.37447,0.0,66.0,0.0,0.0,0.1113,일이 되면…,제대로 핥아 줘.,타임스탬프 사진과 장면 흐름으로 명백한 오인식 교정,30.79,T4,구조검사 통과 시 유지,,35.14427412082958,32.62,P4,회귀검사 통과 시 유지
SSIS-575,사진 대조 1차 교정본,139,"00:04:52,500 --> 00:04:54,200",1.7,굉장히 부끄러울 것 같고…,잘못하면…,그래서…,중립·혼합형,sub_0139_292.5s.jpg,0.0,,,25.0,90.0,50.0,78.0,75.0,0.66932,0.0,66.0,0.0,0.0,0.1525,부끄러워...,부끄러워…,,43.17,T3,화자·문맥·자연스러움 집중 검토,,82.7321911632101,59.79,P2,앞뒤 5블록·사진·오류 기억을 함께 검토
SSIS-575,사진 대조 1차 교정본,140,"00:04:54,680 --> 00:04:55,220",0.54,그래서…,굉장히 부끄러울 것 같고…,뭔가…,중립·혼합형,sub_0140_294.7s.jpg,0.02,,,25.0,90.0,50.0,78.0,75.0,0.40103,0.0,66.0,0.0,0.0,0.1672,"그래서, 넌? 남을 거야, 그만둘 거야?",계속해…,타임스탬프 사진으로 장면 불일치 확인 후 재복원,31.9,T4,구조검사 통과 시 유지,,39.56266907123535,35.12,P4,회귀검사 통과 시 유지
SSIS-575,사진 대조 1차 교정본,141,"00:04:56,020 --> 00:04:56,660",0.64,뭔가…,그래서…,하지만…,중립·혼합형,sub_0141_296.0s.jpg,0.02,,,25.0,90.0,50.0,78.0,75.0,0.41266,0.0,66.0,0.0,0.0,0.5997,한 번에 하자. 뭔가…,이제 자자. 불도 조금 어둡게 해 줘.,사진 장면 확인 및 한국어 번역투·ASR 오역 교정,32.39,T4,구조검사 통과 시 유지,,41.2082957619477,36.09,P4,회귀검사 통과 시 유지
SSIS-575,사진 대조 1차 교정본,142,"00:04:56,660 --> 00:04:56,680",0.02,하지만…,뭔가…,즐겁게 하고 싶고…,반말형,sub_0142_296.7s.jpg,0.04,,,25.0,90.0,50.0,78.0,75.0,0.67432,42.0,66.0,70.0,0.0,1.0,하지만…,그래도…,,57.94,T3,화자·문맥·자연스러움 집중 검토,high_cps,99.81965734896303,75.53,P1,장면 패킷을 열고 후보 3개를 생성해 반증 검토
SSIS-575,사진 대조 1차 교정본,143,"00:04:56,680 --> 00:04:58,240",1.56,즐겁게 하고 싶고…,하지만…,졸업하고 싶습니다…,중립·혼합형,sub_0143_296.7s.jpg,0.02,,,25.0,90.0,50.0,78.0,75.0,0.63595,0.0,66.0,0.0,0.0,0.1666,정말 하고 싶었어.,봐도 돼?,일본어 원문 + 타임스탬프 사진 + 장면 연속성,41.77,T3,화자·문맥·자연스러움 집중 검토,,78.69702434625789,57.28,P3,말투·질문응답·가독성 위주 검토
SSIS-575,사진 대조 1차 교정본,144,"00:04:58,580 --> 00:04:59,900",1.32,졸업하고 싶습니다…,즐겁게 하고 싶고…,네…,존댓말형,sub_0144_298.6s.jpg,0.02,,,25.0,90.0,50.0,78.0,75.0,0.61224,0.0,66.0,0.0,18.0,0.1917,"마지막 날이니 오늘도 함께하고, 끝에는 둘 다 웃으며 작별하고 싶습니다.","마지막 날인 만큼 오늘도 함께하고, 끝에는 둘 다 웃으면서 헤어지고 싶어요.",,42.21,T3,화자·문맥·자연스러움 집중 검토,formality_shift,79.73399458972047,57.97,P3,말투·질문응답·가독성 위주 검토
SSIS-575,사진 대조 1차 교정본,145,"00:04:59,900 --> 00:05:00,160",0.26,네…,졸업하고 싶습니다…,네…,반말형,sub_0145_299.9s.jpg,0.0,,,25.0,90.0,50.0,78.0,75.0,0.24514,0.0,66.0,0.0,0.0,0.213,감성 돋네…,진짜 분위기 있겠다.,일본어 원문 대조 + 자연스러운 한국어 대사 교정,25.36,T4,구조검사 통과 시 유지,,18.575293056807933,22.51,P4,회귀검사 통과 시 유지
SSIS-575,사진 대조 1차 교정본,146,"00:05:00,160 --> 00:05:01,040",0.88,네…,네…,"이 영상은 나중에 후우아 씨에게도
보여 드릴 텐데요.",반말형,sub_0146_300.2s.jpg,0.04,,,25.0,90.0,50.0,78.0,75.0,0.28916,0.0,66.0,0.0,0.0,0.213,감성 돋네…,진짜 분위기 있겠다.,일본어 원문 대조 + 자연스러운 한국어 대사 교정,27.2,T4,구조검사 통과 시 유지,,23.872858431018937,25.8,P4,회귀검사 통과 시 유지
SSIS-575,사진 대조 1차 교정본,147,"00:05:01,780 --> 00:05:04,040",2.26,"이 영상은 나중에 후우아 씨에게도
보여 드릴 텐데요.",네…,마지막으로 하고 싶은 말을 한마디 해 주세요.,중립·혼합형,sub_0147_301.8s.jpg,0.02,출연자 이름 오인식 교정,높음,25.0,90.0,50.0,78.0,75.0,0.75623,23.29,22.0,0.0,0.0,0.8441,이 영상은 나중에 후와 씨에게도 보여 줄 텐데요.,이 영상은 나중에 후우아 씨에게도 보여 드릴 텐데요.,출연자 이름 오인식 교정,31.66,T4,구조검사 통과 시 유지,,38.30027051397656,34.45,P4,회귀검사 통과 시 유지
SSIS-575,사진 대조 1차 교정본,148,"00:05:05,160 --> 00:05:08,020",2.86,마지막으로 하고 싶은 말을 한마디 해 주세요.,"이 영상은 나중에 후우아 씨에게도
보여 드릴 텐데요.",하고 싶은 말이요…,중립·혼합형,sub_0148_305.2s.jpg,0.04,,,25.0,90.0,50.0,78.0,75.0,0.86652,0.0,66.0,0.0,0.0,0.3446,마지막으로 앞니도 닦아 줘.,마지막으로 앞니도 닦자.,일본어 원문 대조 + 자연스러운 한국어 대사 교정,51.45,T3,화자·문맥·자연스러움 집중 검토,,98.01623083859333,71.01,P2,앞뒤 5블록·사진·오류 기억을 함께 검토
SSIS-575,사진 대조 1차 교정본,149,"00:05:09,020 --> 00:05:10,240",1.22,하고 싶은 말이요…,마지막으로 하고 싶은 말을 한마디 해 주세요.,네.,중립·혼합형,sub_0149_309.0s.jpg,0.02,,,25.0,90.0,50.0,78.0,75.0,0.64352,0.0,66.0,0.0,0.0,0.1717,정말 하고 싶었어.,봐도 돼?,일본어 원문 + 타임스탬프 사진 + 장면 연속성,42.09,T3,화자·문맥·자연스러움 집중 검토,,79.48602344454464,57.8,P3,말투·질문응답·가독성 위주 검토
SSIS-575,사진 대조 1차 교정본,150,"00:05:10,240 --> 00:05:10,560",0.32,네.,하고 싶은 말이요…,각오 한마디 해 주세요.,반말형,sub_0150_310.2s.jpg,0.04,,,25.0,90.0,50.0,78.0,75.0,0.0132,0.0,66.0,0.0,0.0,0.6489,"네, 네.",네.,불필요한 반복 제거,15.61,T4,구조검사 통과 시 유지,,4.260595130748422,10.84,P4,회귀검사 통과 시 유지
SSIS-575,사진 대조 1차 교정본,151,"00:05:10,560 --> 00:05:11,840",1.28,각오 한마디 해 주세요.,네.,음…,중립·혼합형,sub_0151_310.6s.jpg,0.04,,,25.0,90.0,50.0,78.0,75.0,0.59787,0.0,66.0,0.0,0.0,0.4097,쉬게 해 주세요.,그만해.,장면과 충돌한 표현 교정,40.17,T3,화자·문맥·자연스러움 집중 검토,,72.65554553651938,53.81,P3,말투·질문응답·가독성 위주 검토
SSIS-575,사진 대조 1차 교정본,152,"00:05:13,780 --> 00:05:14,740",0.96,음…,각오 한마디 해 주세요.,처음 뵙겠습니다.,중립·혼합형,sub_0152_313.8s.jpg,0.02,,,25.0,90.0,50.0,78.0,75.0,0.17335,0.0,66.0,0.0,0.0,0.1026,음...,음…,,22.34,T4,구조검사 통과 시 유지,,12.578899909828674,18.24,P4,회귀검사 통과 시 유지
SSIS-575,사진 대조 1차 교정본,153,"00:05:14,740 --> 00:05:16,500",1.76,처음 뵙겠습니다.,음…,저…,존댓말형,sub_0153_314.7s.jpg,0.04,,,25.0,90.0,50.0,78.0,75.0,0.34654,0.0,66.0,0.0,0.0,0.3305,가 보겠습니다.,그럼 가 볼게요.,대화체 자연화,29.61,T4,구조검사 통과 시 유지,,31.01893597835888,30.2,P4,회귀검사 통과 시 유지
SSIS-575,사진 대조 1차 교정본,154,"00:05:16,500 --> 00:05:18,020",1.52,저…,처음 뵙겠습니다.,서른 살이 되기 전에…,중립·혼합형,sub_0154_316.5s.jpg,0.0,,,25.0,90.0,50.0,78.0,75.0,0.19456,0.0,66.0,0.0,0.0,0.1057,저는…,더 해 줘.,타임스탬프 사진과 장면 흐름으로 명백한 오인식 교정,23.23,T4,구조검사 통과 시 유지,,13.841298467087466,19.29,P4,회귀검사 통과 시 유지
SSIS-575,사진 대조 1차 교정본,155,"00:05:18,880 --> 00:05:22,020",3.14,서른 살이 되기 전에…,저…,제 약점을 극복하고 싶고…,중립·혼합형,sub_0155_318.9s.jpg,0.02,,,25.0,90.0,50.0,78.0,75.0,0.61079,0.0,66.0,0.0,0.0,0.1093,서른여덟.,잠깐만…,타임스탬프 사진과 장면 흐름으로 명백한 오인식 교정,40.71,T3,화자·문맥·자연스러움 집중 검토,,75.0,55.11,P3,말투·질문응답·가독성 위주 검토
SSIS-575,사진 대조 1차 교정본,156,"00:05:22,540 --> 00:05:24,840",2.3,제 약점을 극복하고 싶고…,서른 살이 되기 전에…,그렇다고 할까…,중립·혼합형,sub_0156_322.5s.jpg,0.04,,,25.0,90.0,50.0,78.0,75.0,0.67978,0.0,66.0,0.0,0.0,0.0773,힘을 빼고…,힘 빼고…,일본어 원문 대조 + 자연스러운 한국어 대사 교정,43.61,T3,화자·문맥·자연스러움 집중 검토,,83.9945897204689,60.57,P2,앞뒤 5블록·사진·오류 기억을 함께 검토
SSIS-575,사진 대조 1차 교정본,157,"00:05:24,840 --> 00:05:25,300",0.46,그렇다고 할까…,제 약점을 극복하고 싶고…,뭐…,중립·혼합형,sub_0157_324.8s.jpg,0.04,,,25.0,90.0,50.0,78.0,75.0,0.56527,0.0,66.0,0.0,0.0,0.3042,"그럼, 먼저 유두를 한 번 더 할까…",그럼 젖꼭지부터 한 번 더 핥아 줄까…,,38.8,T3,화자·문맥·자연스러움 집중 검토,,67.29035166816952,50.77,P3,말투·질문응답·가독성 위주 검토
SSIS-575,사진 대조 1차 교정본,158,"00:05:25,300 --> 00:05:26,220",0.92,뭐…,그렇다고 할까…,남자로서…,중립·혼합형,sub_0158_325.3s.jpg,0.0,,,25.0,90.0,50.0,78.0,75.0,0.34848,0.0,66.0,0.0,0.0,0.0757,뭐 할까?,내가 먼저?,일본어 원문 + 타임스탬프 사진 + 장면 연속성,29.7,T4,구조검사 통과 시 유지,,31.28944995491434,30.37,P4,회귀검사 통과 시 유지
SSIS-575,사진 대조 1차 교정본,159,"00:05:26,220 --> 00:05:28,420",2.2,남자로서…,뭐…,한 단계 성장하고 싶다는…,중립·혼합형,sub_0159_326.2s.jpg,0.02,,,25.0,90.0,50.0,78.0,75.0,0.32171,0.0,66.0,0.0,0.0,0.0973,다리 좋아하는 남자.,다리 좋아하는 남자 많잖아.,일본어 원문 대조 + 자연스러운 한국어 대사 교정,28.57,T4,구조검사 통과 시 유지,,27.592425608656445,28.16,P4,회귀검사 통과 시 유지
SSIS-575,사진 대조 1차 교정본,160,"00:05:28,420 --> 00:05:29,940",1.52,한 단계 성장하고 싶다는…,남자로서…,생각이 있습니다.,중립·혼합형,sub_0160_328.4s.jpg,0.02,,,25.0,90.0,50.0,78.0,75.0,0.57838,0.0,66.0,0.0,0.0,0.1395,너와 함께 맛보고 싶다는 뜻이야.,너와 같이 느끼고 싶다는 뜻이야.,,39.35,T3,화자·문맥·자연스러움 집중 검토,,69.61226330027051,52.06,P3,말투·질문응답·가독성 위주 검토
SSIS-575,사진 대조 1차 교정본,161,"00:05:29,940 --> 00:05:32,020",2.08,생각이 있습니다.,한 단계 성장하고 싶다는…,그러니…,존댓말형,sub_0161_329.9s.jpg,0.04,,,25.0,90.0,50.0,78.0,75.0,0.43484,0.0,66.0,0.0,0.0,0.4773,내 배를 쥐고 있습니다.,배에 힘이 들어가.,사진 속 반응과 문장 기능을 근거로 교정,33.32,T4,구조검사 통과 시 유지,,45.1307484220018,38.28,P4,회귀검사 통과 시 유지
SSIS-575,사진 대조 1차 교정본,162,"00:05:32,840 --> 00:05:33,420",0.58,그러니…,생각이 있습니다.,"꼭, 꼭…",중립·혼합형,sub_0162_332.8s.jpg,0.04,,,25.0,90.0,50.0,78.0,75.0,0.24042,0.0,66.0,0.0,0.0,0.251,어... 그러니까.,어… 그러니까.,,25.16,T4,구조검사 통과 시 유지,,17.921550946798916,22.12,P4,회귀검사 통과 시 유지
SSIS-575,사진 대조 1차 교정본,163,"00:05:33,420 --> 00:05:34,660",1.24,"꼭, 꼭…",그러니…,잘 부탁드립니다.,중립·혼합형,sub_0163_333.4s.jpg,0.02,,,25.0,90.0,50.0,78.0,75.0,0.27117,0.0,66.0,0.0,0.0,0.0825,그런 장면도 꼭 봐 주셨으면 해요.,그 장면도 꼭 봐 주셨으면 해요.,사진 장면 확인 및 한국어 번역투·ASR 오역 교정,26.45,T4,구조검사 통과 시 유지,,21.190261496844006,24.24,P4,회귀검사 통과 시 유지
SSIS-575,사진 대조 1차 교정본,164,"00:05:34,660 --> 00:05:36,020",1.36,잘 부탁드립니다.,"꼭, 꼭…",오…,존댓말형,sub_0164_334.7s.jpg,0.04,,,25.0,90.0,50.0,78.0,75.0,0.51854,42.0,66.0,0.0,0.0,1.0,잘 부탁드립니다.,좋은 아침입니다.,,44.4,T3,화자·문맥·자연스러움 집중 검토,,86.20378719567178,61.96,P2,앞뒤 5블록·사진·오류 기억을 함께 검토
SSIS-575,사진 대조 1차 교정본,165,"00:05:40,000 --> 00:05:40,880",0.88,오…,잘 부탁드립니다.,오…,중립·혼합형,sub_0165_340.0s.jpg,0.0,,,25.0,90.0,50.0,78.0,75.0,0.21932,0.0,66.0,0.0,0.0,0.2695,오오… 됐어!,아… 나올 것 같아.,손상된 일본어 ASR + 타임스탬프 사진 + 앞뒤 문맥 추론,24.27,T4,구조검사 통과 시 유지,,15.64472497745717,20.65,P4,회귀검사 통과 시 유지
SSIS-575,사진 대조 1차 교정본,166,"00:05:40,880 --> 00:05:41,140",0.26,오…,오…,어때요?,중립·혼합형,sub_0166_340.9s.jpg,0.02,,,25.0,90.0,50.0,78.0,75.0,0.25635,0.0,66.0,0.0,0.0,0.2695,오오… 됐어!,아… 나올 것 같아.,손상된 일본어 ASR + 타임스탬프 사진 + 앞뒤 문맥 추론,25.83,T4,구조검사 통과 시 유지,,19.274120829576194,23.08,P4,회귀검사 통과 시 유지
SSIS-575,사진 대조 1차 교정본,167,"00:05:41,140 --> 00:05:41,500",0.36,어때요?,오…,그렇구나…,반응형,sub_0167_341.1s.jpg,0.04,,,25.0,90.0,50.0,78.0,75.0,0.30764,17.59,66.0,0.0,0.0,0.7965,"잠깐, 어때요?","잠깐, 괜찮아요?",사진 장면 확인 및 한국어 번역투·ASR 오역 교정,31.15,T4,구조검사 통과 시 유지,,36.677186654643826,33.47,P4,회귀검사 통과 시 유지
SSIS-575,사진 대조 1차 교정본,168,"00:05:42,120 --> 00:05:42,840",0.72,그렇구나…,어때요?,제법 야무져 보이죠?,중립·혼합형,sub_0168_342.1s.jpg,0.02,,,25.0,90.0,50.0,78.0,75.0,0.22254,0.0,66.0,0.0,0.0,0.4984,그렇구나.,손 정말 잘 쓰네.,일본어 원문 + 타임스탬프 사진 + 장면 연속성,24.41,T4,구조검사 통과 시 유지,,16.23083859332732,20.97,P4,회귀검사 통과 시 유지
SSIS-575,사진 대조 1차 교정본,169,"00:05:42,840 --> 00:05:44,740",1.9,제법 야무져 보이죠?,그렇구나…,성실해 보여요.,반말형,sub_0169_342.8s.jpg,0.04,,,25.0,90.0,50.0,78.0,75.0,0.49221,0.0,66.0,0.0,0.0,0.2052,제법 익숙해졌어.,이제 꽤 익숙해졌지.,,35.73,T3,화자·문맥·자연스러움 집중 검토,,54.62128043282236,43.66,P3,말투·질문응답·가독성 위주 검토
SSIS-575,사진 대조 1차 교정본,170,"00:05:45,300 --> 00:05:46,580",1.28,성실해 보여요.,제법 야무져 보이죠?,성실하네요.,반말형,sub_0170_345.3s.jpg,0.0,,,25.0,90.0,50.0,78.0,75.0,0.36988,0.0,66.0,0.0,0.0,0.343,왠지 기분 좋아 보여요...,왠지 기분 좋아 보여요…,,30.6,T4,구조검사 통과 시 유지,,34.265103697024344,32.14,P4,회귀검사 통과 시 유지
SSIS-575,사진 대조 1차 교정본,171,"00:05:46,580 --> 00:05:47,120",0.54,성실하네요.,성실해 보여요.,네.,반말형,sub_0171_346.6s.jpg,0.02,,,25.0,90.0,50.0,78.0,75.0,0.26393,0.0,66.0,0.0,0.0,0.2955,대단하네요.,바다다!,일본어 원문 대조 + 자연스러운 한국어 대사 교정,26.14,T4,구조검사 통과 시 유지,,20.24346257889991,23.66,P4,회귀검사 통과 시 유지
SSIS-575,사진 대조 1차 교정본,172,"00:05:47,260 --> 00:05:47,780",0.52,네.,성실하네요.,이분인데요.,반말형,sub_0172_347.3s.jpg,0.04,,,25.0,90.0,50.0,78.0,75.0,0.00675,0.0,66.0,0.0,0.0,0.6489,"네, 네.",네.,불필요한 반복 제거,15.34,T4,구조검사 통과 시 유지,,1.3074842200180343,9.45,P4,회귀검사 통과 시 유지
SSIS-575,사진 대조 1차 교정본,173,"00:05:47,780 --> 00:05:49,020",1.24,이분인데요.,네.,네.,중립·혼합형,sub_0173_347.8s.jpg,0.02,,,25.0,90.0,50.0,78.0,75.0,0.27947,0.0,66.0,0.0,0.0,0.0897,이 영상은 나중에 후와 씨에게도 보여 줄 텐데요.,이 영상은 나중에 후우아 씨에게도 보여 드릴 텐데요.,출연자 이름 오인식 교정,26.8,T4,구조검사 통과 시 유지,,22.20468890892696,24.87,P4,회귀검사 통과 시 유지
SSIS-575,사진 대조 1차 교정본,174,"00:05:49,020 --> 00:05:51,060",2.04,네.,이분인데요.,스물아홉 살.,반말형,sub_0174_349.0s.jpg,0.02,,,25.0,90.0,50.0,78.0,75.0,0.00778,0.0,66.0,0.0,0.0,0.6489,"네, 네.",네.,불필요한 반복 제거,15.39,T4,구조검사 통과 시 유지,,1.7357980162308388,9.66,P4,회귀검사 통과 시 유지
SSIS-575,사진 대조 1차 교정본,175,"00:05:52,020 --> 00:05:52,440",0.42,스물아홉 살.,네.,스물아홉 살이요.,반응형,sub_0175_352.0s.jpg,0.02,,,25.0,90.0,50.0,78.0,75.0,0.39603,0.0,66.0,0.0,0.0,0.1581,스물…,아아…,타임스탬프 사진과 장면 흐름으로 명백한 오인식 교정,31.69,T4,구조검사 통과 시 유지,,38.36789900811542,34.49,P4,회귀검사 통과 시 유지
SSIS-575,사진 대조 1차 교정본,176,"00:05:52,440 --> 00:05:53,020",0.58,스물아홉 살이요.,스물아홉 살.,곧 서른이 되는 거죠?,반응형,sub_0176_352.4s.jpg,0.04,,,25.0,90.0,50.0,78.0,75.0,0.49156,0.0,66.0,0.0,0.0,0.17,후와 씨가 스물한 살이죠?,후우아 씨가 스물한 살이죠?,출연자 이름 오인식 교정,35.71,T3,화자·문맥·자연스러움 집중 검토,,54.50856627592425,43.61,P3,말투·질문응답·가독성 위주 검토
SSIS-575,사진 대조 1차 교정본,177,"00:05:53,020 --> 00:05:53,900",0.88,곧 서른이 되는 거죠?,스물아홉 살이요.,네.,중립·혼합형,sub_0177_353.0s.jpg,0.02,,,25.0,90.0,50.0,78.0,75.0,0.54044,0.0,66.0,0.0,0.0,0.1963,순서를 잘못 잡거나 서로 속도가 맞지 않아 무섭게 한 것 같다는 거죠?,순서를 서두르고 서로 속도를 맞추지 못해 상대를 무섭게 한 것 같다는 거죠?,긴 번역투 문장 자연화,37.76,T3,화자·문맥·자연스러움 집중 검토,,62.759242560865644,48.26,P3,말투·질문응답·가독성 위주 검토
SSIS-575,사진 대조 1차 교정본,178,"00:05:54,160 --> 00:05:55,060",0.9,네.,곧 서른이 되는 거죠?,후우아 씨가 스물한 살이죠?,반말형,sub_0178_354.2s.jpg,0.04,,,25.0,90.0,50.0,78.0,75.0,0.00812,0.0,66.0,0.0,0.0,0.6489,"네, 네.",네.,불필요한 반복 제거,15.4,T4,구조검사 통과 시 유지,,1.8935978358881875,9.73,P4,회귀검사 통과 시 유지
SSIS-575,사진 대조 1차 교정본,179,"00:05:58,400 --> 00:05:59,920",1.52,후우아 씨가 스물한 살이죠?,네.,후우아 씨 나이 때 한 번 도전했다가…,반응형,sub_0179_358.4s.jpg,0.0,출연자 이름 오인식 교정,높음,25.0,90.0,50.0,78.0,75.0,0.59633,23.17,22.0,0.0,0.0,0.8431,후와 씨가 스물한 살이죠?,후우아 씨가 스물한 살이죠?,출연자 이름 오인식 교정,26.81,T4,구조검사 통과 시 유지,,22.272317403065824,24.9,P4,회귀검사 통과 시 유지
SSIS-575,사진 대조 1차 교정본,180,"00:06:00,300 --> 00:06:01,840",1.54,후우아 씨 나이 때 한 번 도전했다가…,후우아 씨가 스물한 살이죠?,한 번 도전했는데…,중립·혼합형,sub_0180_360.3s.jpg,0.0,이름 및 문장 연결 교정,높음,25.0,90.0,50.0,78.0,75.0,0.70881,0.0,22.0,0.0,0.0,0.1905,후와 씨 나이에…,후우아 씨 나이 때 한 번 도전했다가…,이름 및 문장 연결 교정,27.21,T4,구조검사 통과 시 유지,,23.9404869251578,25.84,P4,회귀검사 통과 시 유지
SSIS-575,사진 대조 1차 교정본,181,"00:06:01,840 --> 00:06:03,480",1.64,한 번 도전했는데…,후우아 씨 나이 때 한 번 도전했다가…,그 뒤로 8년.,중립·혼합형,sub_0181_361.8s.jpg,0.04,,,25.0,90.0,50.0,78.0,75.0,0.5401,0.0,66.0,0.0,0.0,0.1507,한 번 정도...,한 번 정도…,,37.74,T3,화자·문맥·자연스러움 집중 검토,,62.66907123534716,48.21,P3,말투·질문응답·가독성 위주 검토
SSIS-575,사진 대조 1차 교정본,182,"00:06:03,800 --> 00:06:05,040",1.24,그 뒤로 8년.,한 번 도전했는데…,올림픽이 두 번 지날 동안…,중립·혼합형,sub_0182_363.8s.jpg,0.0,,,25.0,90.0,50.0,78.0,75.0,0.65295,0.0,66.0,0.0,0.0,0.2433,좀 더 뒤로 향하게 해봐.,좀 더 뒤로 향하게 해 봐.,,42.48,T3,화자·문맥·자연스러움 집중 검토,,80.65825067628494,58.51,P2,앞뒤 5블록·사진·오류 기억을 함께 검토
SSIS-575,사진 대조 1차 교정본,183,"00:06:05,040 --> 00:06:06,420",1.38,올림픽이 두 번 지날 동안…,그 뒤로 8년.,아직 그대로인 거죠.,반말형,sub_0183_365.0s.jpg,0.04,,,25.0,90.0,50.0,78.0,75.0,0.59035,0.0,66.0,0.0,0.0,0.1219,"두 번째, 두 번째로.",이번엔 두 번째로.,사진 장면 확인 및 한국어 번역투·ASR 오역 교정,39.85,T3,화자·문맥·자연스러움 집중 검토,,71.39314697926059,53.1,P3,말투·질문응답·가독성 위주 검토
SSIS-575,사진 대조 1차 교정본,184,"00:06:06,420 --> 00:06:07,280",0.86,아직 그대로인 거죠.,올림픽이 두 번 지날 동안…,그렇네요.,반응형,sub_0184_366.4s.jpg,0.02,,,25.0,90.0,50.0,78.0,75.0,0.44115,0.0,66.0,0.0,0.0,0.201,아직 잘 거지?,아직 갈 수 있지?,사진 장면 확인 및 한국어 번역투·ASR 오역 교정,33.59,T4,구조검사 통과 시 유지,,46.03246167718665,38.82,P4,회귀검사 통과 시 유지
SSIS-575,사진 대조 1차 교정본,185,"00:06:07,280 --> 00:06:08,120",0.84,그렇네요.,아직 그대로인 거죠.,못 했다는 거고.,반말형,sub_0185_367.3s.jpg,0.02,,,25.0,90.0,50.0,78.0,75.0,0.2335,0.0,66.0,0.0,0.0,0.2933,이 건물 안에 있나 봐요. 그렇네요. 저쪽에 엘리베이터가 있고 위로 올라가면 수족관에 펭귄이 있어요. 저 펭귄 정말 좋아해요.,건물 안으로 들어가 엘리베이터를 타면 위층에 수족관이 있어요. 저는 펭귄을 좋아해요.,사진 장면 확인 및 한국어 번역투·ASR 오역 교정,24.87,T4,구조검사 통과 시 유지,,17.2678088367899,21.68,P4,회귀검사 통과 시 유지
SSIS-575,사진 대조 1차 교정본,186,"00:06:08,900 --> 00:06:10,320",1.42,못 했다는 거고.,그렇네요.,"네, 맞습니다.",중립·혼합형,sub_0186_368.9s.jpg,0.0,,,25.0,90.0,50.0,78.0,75.0,0.39532,0.0,66.0,0.0,0.0,0.1099,못 울겠어.,목이 막혀요.,사진 장면 확인 및 한국어 번역투·ASR 오역 교정,31.66,T4,구조검사 통과 시 유지,,38.30027051397656,34.45,P4,회귀검사 통과 시 유지
SSIS-575,사진 대조 1차 교정본,187,"00:06:10,320 --> 00:06:10,930",0.61,"네, 맞습니다.",못 했다는 거고.,그리고…,중립·혼합형,sub_0187_370.3s.jpg,0.02,,,25.0,90.0,50.0,78.0,75.0,0.46067,0.0,66.0,0.0,0.0,0.3539,"네, 네.",네.,불필요한 반복 제거,34.41,T4,구조검사 통과 시 유지,,49.413886384129846,40.71,P3,말투·질문응답·가독성 위주 검토
SSIS-575,사진 대조 1차 교정본,188,"00:06:11,840 --> 00:06:12,260",0.42,그리고…,"네, 맞습니다.",참고로 물어보겠는데…,중립·혼합형,sub_0188_371.8s.jpg,0.04,,,25.0,90.0,50.0,78.0,75.0,0.27471,42.0,66.0,0.0,0.0,1.0,그리고…,그리고 이제…,,34.16,T4,구조검사 통과 시 유지,,48.33183047790803,40.11,P3,말투·질문응답·가독성 위주 검토
SSIS-575,사진 대조 1차 교정본,189,"00:06:12,260 --> 00:06:13,240",0.98,참고로 물어보겠는데…,그리고…,이제 묻겠습니다.,반응형,sub_0189_372.3s.jpg,0.04,,,25.0,90.0,50.0,78.0,75.0,0.46056,0.0,66.0,0.0,0.0,0.233,"호텔, 아, 참고로 말이죠. 네, 가 볼게요.","그럼 이제 호텔로 갈까요? 네, 가요.",사진 장면 확인 및 한국어 번역투·ASR 오역 교정,34.4,T4,구조검사 통과 시 유지,,49.32371505861136,40.67,P3,말투·질문응답·가독성 위주 검토
SSIS-575,사진 대조 1차 교정본,190,"00:06:13,240 --> 00:06:13,990",0.75,이제 묻겠습니다.,참고로 물어보겠는데…,네.,존댓말형,sub_0190_373.2s.jpg,0.04,,,25.0,90.0,50.0,78.0,75.0,0.40253,0.0,66.0,0.0,18.0,0.4684,이제 가겠습니다.,이제 갈 것 같아요.,,33.41,T4,구조검사 통과 시 유지,formality_shift,45.356176735798016,38.43,P4,회귀검사 통과 시 유지
SSIS-575,사진 대조 1차 교정본,191,"00:06:13,990 --> 00:06:14,350",0.36,네.,이제 묻겠습니다.,동정 남자의 첫 경험을 도와준 적이 있습니까?,반말형,sub_0191_374.0s.jpg,0.01,,,25.0,90.0,50.0,78.0,75.0,0.00424,0.0,66.0,0.0,18.0,0.6489,"네, 네.",네.,불필요한 반복 제거,16.68,T4,구조검사 통과 시 유지,formality_shift,8.29576194770063,13.16,P4,회귀검사 통과 시 유지
SSIS-575,사진 대조 1차 교정본,192,"00:06:14,350 --> 00:06:16,550",2.2,동정 남자의 첫 경험을 도와준 적이 있습니까?,네.,없어요.,중립·혼합형,sub_0192_374.4s.jpg,0.05,,,25.0,90.0,50.0,78.0,75.0,0.72589,0.0,66.0,0.0,0.0,0.1762,오늘 색다른 경험을 다 해 보네.,오늘 색다른 경험은 다 해 보네.,조사 교정,45.55,T3,화자·문맥·자연스러움 집중 검토,,88.81875563570784,63.72,P2,앞뒤 5블록·사진·오류 기억을 함께 검토
SSIS-575,사진 대조 1차 교정본,193,"00:06:17,230 --> 00:06:18,390",1.16,없어요.,동정 남자의 첫 경험을 도와준 적이 있습니까?,어머.,반응형,sub_0193_377.2s.jpg,0.03,,,25.0,90.0,50.0,78.0,75.0,0.23262,1.81,66.0,0.0,0.0,0.6651,아무도 없어요.,아무도 안 보잖아.,타임스탬프 사진과 장면 흐름으로 명백한 오인식 교정,25.16,T4,구조검사 통과 시 유지,,17.921550946798916,22.12,P4,회귀검사 통과 시 유지
SSIS-575,사진 대조 1차 교정본,194,"00:06:18,390 --> 00:06:19,250",0.86,어머.,없어요.,없습니다.,반응형,sub_0194_378.4s.jpg,0.01,,,25.0,90.0,50.0,78.0,75.0,0.21827,0.0,66.0,0.0,0.0,0.4085,의외로 적극적인 면이 있어서 좀... 어머.,의외로 적극적인 면이 있어서 좀… 어머.,,24.23,T4,구조검사 통과 시 유지,,15.599639314697928,20.61,P4,회귀검사 통과 시 유지
SSIS-575,사진 대조 1차 교정본,195,"00:06:19,810 --> 00:06:20,870",1.06,없습니다.,어머.,어떤 식으로요?,존댓말형,sub_0195_379.8s.jpg,0.01,,,25.0,90.0,50.0,78.0,75.0,0.1915,8.44,66.0,0.0,0.0,0.7203,휴식은 없습니다.,쉴 틈은 없어.,,24.62,T4,구조검사 통과 시 유지,,16.749323715058612,21.31,P4,회귀검사 통과 시 유지
SSIS-575,사진 대조 1차 교정본,196,"00:06:20,870 --> 00:06:21,410",0.54,어떤 식으로요?,없습니다.,첫 경험인 상대는…,반응형,sub_0196_380.9s.jpg,0.03,,,25.0,90.0,50.0,78.0,75.0,0.31818,0.0,66.0,0.0,0.0,0.3748,어떤 식으로 가고 있는지.,어떻게 가고 있는지.,,28.42,T4,구조검사 통과 시 유지,,27.389540126239854,27.99,P4,회귀검사 통과 시 유지
SSIS-575,사진 대조 1차 교정본,197,"00:06:21,470 --> 00:06:22,730",1.26,첫 경험인 상대는…,어떤 식으로요?,아…,중립·혼합형,sub_0197_381.5s.jpg,0.03,,,25.0,90.0,50.0,78.0,75.0,0.38084,0.0,66.0,0.0,0.0,0.1112,저는…,더 해 줘.,타임스탬프 사진과 장면 흐름으로 명백한 오인식 교정,31.06,T4,구조검사 통과 시 유지,,36.339044183949504,33.28,P4,회귀검사 통과 시 유지
SSIS-575,사진 대조 1차 교정본,198,"00:06:22,730 --> 00:06:23,350",0.62,아…,첫 경험인 상대는…,만난 적은…,반응형,sub_0198_382.7s.jpg,0.03,,,25.0,90.0,50.0,78.0,75.0,0.18009,14.76,66.0,0.0,0.0,0.773,"싫어, 아… 아… 아…",싫어… 아… 아…,일본어 원문 대조 + 자연스러운 한국어 대사 교정,25.28,T4,구조검사 통과 시 유지,,18.282236248872856,22.34,P4,회귀검사 통과 시 유지
SSIS-575,사진 대조 1차 교정본,199,"00:06:23,890 --> 00:06:24,790",0.9,만난 적은…,아…,있어요.,중립·혼합형,sub_0199_383.9s.jpg,0.01,,,25.0,90.0,50.0,78.0,75.0,0.2902,0.0,66.0,0.0,0.0,0.071,그리고 여덟 번째 옷은… 그때가 딱 좋겠네.,이제 몸 씻어 줄게.,타임스탬프 사진과 앞뒤 장면으로 대사 기능 복원,27.25,T4,구조검사 통과 시 유지,,24.075743913435527,25.92,P4,회귀검사 통과 시 유지
SSIS-575,사진 대조 1차 교정본,200,"00:06:24,790 --> 00:06:25,990",1.2,있어요.,만난 적은…,"아, 하지만…",반응형,sub_0200_384.8s.jpg,0.01,,,25.0,90.0,50.0,78.0,75.0,0.21433,0.0,66.0,0.0,0.0,0.5235,몸을 살짝 넣을 수 있어요.,조금만요.,,24.06,T4,구조검사 통과 시 유지,,15.374211000901713,20.41,P4,회귀검사 통과 시 유지
SSIS-575,사진 대조 1차 교정본,201,"00:06:25,990 --> 00:06:27,030",1.04,"아, 하지만…",있어요.,저도 처음이라서…,반응형,sub_0201_386.0s.jpg,0.01,,,25.0,90.0,50.0,78.0,75.0,0.35413,32.46,66.0,0.0,0.0,0.9205,하지만…,그래도…,,35.78,T3,화자·문맥·자연스러움 집중 검토,,54.77908025247971,43.76,P3,말투·질문응답·가독성 위주 검토
SSIS-575,사진 대조 1차 교정본,202,"00:06:27,030 --> 00:06:28,290",1.26,저도 처음이라서…,"아, 하지만…",그런 경우밖에 없었어요.,중립·혼합형,sub_0202_387.0s.jpg,0.03,,,25.0,90.0,50.0,78.0,75.0,0.40913,0.0,66.0,0.0,0.0,0.1701,저도 그런 말을 들어 보고 싶어요.,그런 말 들으면 기분 좋아요.,타임스탬프 사진과 앞뒤 장면으로 대사 기능 복원,32.24,T4,구조검사 통과 시 유지,,40.84761045987376,35.86,P4,회귀검사 통과 시 유지
SSIS-575,사진 대조 1차 교정본,203,"00:06:28,290 --> 00:06:29,990",1.7,그런 경우밖에 없었어요.,저도 처음이라서…,그럼 지금은 여러…,반응형,sub_0203_388.3s.jpg,0.01,,,25.0,90.0,50.0,78.0,75.0,0.55701,0.0,66.0,0.0,0.0,0.1842,더 하고 싶었어요.,조금 더 보고 싶었어요.,사진 장면 확인 및 한국어 번역투·ASR 오역 교정,38.45,T3,화자·문맥·자연스러움 집중 검토,,65.59963931469792,49.85,P3,말투·질문응답·가독성 위주 검토
SSIS-575,사진 대조 1차 교정본,204,"00:06:30,550 --> 00:06:31,770",1.22,그럼 지금은 여러…,그런 경우밖에 없었어요.,기술이나…,반말형,sub_0204_390.6s.jpg,0.05,,,25.0,90.0,50.0,78.0,75.0,0.41968,0.0,66.0,0.0,0.0,0.2913,조심해. 지금은 안 되니까.,조심해. 아직 내려가면 안 돼.,일본어 원문 대조 + 자연스러운 한국어 대사 교정,32.69,T4,구조검사 통과 시 유지,,42.6961226330027,36.89,P4,회귀검사 통과 시 유지
SSIS-575,사진 대조 1차 교정본,205,"00:06:31,770 --> 00:06:33,110",1.34,기술이나…,그럼 지금은 여러…,이제는 기술도 분위기도 어느 정도 알게 됐으니…,중립·혼합형,sub_0205_391.8s.jpg,0.03,,,25.0,90.0,50.0,78.0,75.0,0.35562,0.0,66.0,0.0,0.0,0.032,저는 무엇을 움직이나요?,어떻게 움직이면 돼?,의미가 깨진 질문을 장면에 맞게 교정,30.0,T4,구조검사 통과 시 유지,,32.34896302975654,30.99,P4,회귀검사 통과 시 유지
SSIS-575,사진 대조 1차 교정본,206,"00:06:33,110 --> 00:06:35,010",1.9,이제는 기술도 분위기도 어느 정도 알게 됐으니…,기술이나…,하는 건…,중립·혼합형,sub_0206_393.1s.jpg,0.01,,,25.0,90.0,50.0,78.0,75.0,0.88399,0.0,66.0,0.0,0.0,0.2189,분위기를 알게 된 상태에서…,이제는 기술도 분위기도 어느 정도 알게 됐으니…,,52.19,T3,화자·문맥·자연스러움 집중 검토,,98.60234445446348,71.68,P2,앞뒤 5블록·사진·오류 기억을 함께 검토
SSIS-575,사진 대조 1차 교정본,207,"00:06:35,010 --> 00:06:35,970",0.96,하는 건…,이제는 기술도 분위기도 어느 정도 알게 됐으니…,처음이고…,중립·혼합형,sub_0207_395.0s.jpg,0.01,,,25.0,90.0,50.0,78.0,75.0,0.57104,0.0,66.0,0.0,0.0,0.2759,여기서 하는 건 역시 좋아.,역시 가까이서 보니까 좋네요.,사진 장면 확인 및 한국어 번역투·ASR 오역 교정,39.04,T3,화자·문맥·자연스러움 집중 검토,,68.05680793507665,51.23,P3,말투·질문응답·가독성 위주 검토
SSIS-575,사진 대조 1차 교정본,208,"00:06:35,970 --> 00:06:36,650",0.68,처음이고…,하는 건…,처음인 거네요.,중립·혼합형,sub_0208_396.0s.jpg,0.03,,,25.0,90.0,50.0,78.0,75.0,0.31275,0.0,66.0,0.0,0.0,0.2077,해보는 거 처음이야?,해 보는 거 처음이야?,,28.2,T4,구조검사 통과 시 유지,,26.62308385933273,27.54,P4,회귀검사 통과 시 유지
SSIS-575,사진 대조 1차 교정본,209,"00:06:36,650 --> 00:06:37,190",0.54,처음인 거네요.,처음이고…,그렇게 이해하면…,반말형,sub_0209_396.6s.jpg,0.05,,,25.0,90.0,50.0,78.0,75.0,0.46664,0.0,66.0,0.0,0.0,0.1072,대단하네요.,바다다!,일본어 원문 대조 + 자연스러운 한국어 대사 교정,34.66,T4,구조검사 통과 시 유지,,50.69882777276826,41.4,P3,말투·질문응답·가독성 위주 검토
SSIS-575,사진 대조 1차 교정본,210,"00:06:37,190 --> 00:06:38,230",1.04,그렇게 이해하면…,처음인 거네요.,네.,반말형,sub_0210_397.2s.jpg,0.01,,,25.0,90.0,50.0,78.0,75.0,0.38164,0.0,66.0,0.0,0.0,0.2112,그렇게 하면 안쪽이 꽉 차는 것 같아.,그렇게 하니까 안이 꽉 차네.,손상된 일본어 ASR + 타임스탬프 사진 + 앞뒤 문맥 추론,31.09,T4,구조검사 통과 시 유지,,36.40667267808837,33.32,P4,회귀검사 통과 시 유지
SSIS-575,사진 대조 1차 교정본,211,"00:06:38,230 --> 00:06:39,630",1.4,네.,그렇게 이해하면…,오히려 두근거리겠네요.,반말형,sub_0211_398.2s.jpg,0.03,,,25.0,90.0,50.0,78.0,75.0,0.00801,0.0,66.0,0.0,0.0,0.6489,"네, 네.",네.,불필요한 반복 제거,15.4,T4,구조검사 통과 시 유지,,1.8935978358881875,9.73,P4,회귀검사 통과 시 유지
SSIS-575,사진 대조 1차 교정본,212,"00:06:39,630 --> 00:06:40,650",1.02,오히려 두근거리겠네요.,네.,이번에는 후우아 씨가 이끌어 주는 거예요.,반말형,sub_0212_399.6s.jpg,0.03,,,25.0,90.0,50.0,78.0,75.0,0.48219,0.0,66.0,0.0,0.0,0.3206,엄청 두근거리는데.,엄청 펄떡거리는데.,,35.31,T3,화자·문맥·자연스러움 집중 검토,,52.72768259693418,42.63,P3,말투·질문응답·가독성 위주 검토
SSIS-575,사진 대조 1차 교정본,213,"00:06:40,650 --> 00:06:41,710",1.06,이번에는 후우아 씨가 이끌어 주는 거예요.,오히려 두근거리겠네요.,네.,존댓말형,sub_0213_400.6s.jpg,0.05,이름 및 문장 자연화,높음,25.0,90.0,50.0,92.0,75.0,0.73326,0.0,22.0,25.0,35.0,0.4103,후와 씨가 이끄는 거예요.,이번에는 후우아 씨가 이끌어 주는 거예요.,이름 및 문장 자연화,31.76,T4,구조검사 통과 시 유지,borderline_cps;formality_jump,38.68349864743011,34.67,P4,회귀검사 통과 시 유지
SSIS-575,사진 대조 1차 교정본,214,"00:06:41,710 --> 00:06:42,690",0.98,네.,이번에는 후우아 씨가 이끌어 주는 거예요.,주도해야 해요.,반말형,sub_0214_401.7s.jpg,0.01,,,25.0,90.0,50.0,78.0,75.0,0.00802,0.0,66.0,0.0,0.0,0.6489,"네, 네.",네.,불필요한 반복 제거,15.4,T4,구조검사 통과 시 유지,,1.8935978358881875,9.73,P4,회귀검사 통과 시 유지
SSIS-575,사진 대조 1차 교정본,215,"00:06:42,690 --> 00:06:43,530",0.84,주도해야 해요.,네.,네.,반말형,sub_0215_402.7s.jpg,0.01,,,25.0,90.0,50.0,78.0,75.0,0.42887,0.0,66.0,0.0,0.0,0.2329,집에 가족이 있을 때는 조심해야 해요.,집에 가족이 있을 땐 조심해야 해요.,마지막 조언 문장 자연화,33.07,T4,구조검사 통과 시 유지,,44.3868349864743,37.82,P4,회귀검사 통과 시 유지
SSIS-575,사진 대조 1차 교정본,216,"00:06:43,530 --> 00:06:44,830",1.3,네.,주도해야 해요.,열심히 하겠습니다.,반말형,sub_0216_403.5s.jpg,0.03,,,25.0,90.0,50.0,78.0,75.0,0.00828,0.0,66.0,0.0,0.0,0.6489,"네, 네.",네.,불필요한 반복 제거,15.41,T4,구조검사 통과 시 유지,,2.0513976555455367,9.8,P4,회귀검사 통과 시 유지
SSIS-575,사진 대조 1차 교정본,217,"00:06:44,830 --> 00:06:45,930",1.1,열심히 하겠습니다.,네.,네.,존댓말형,sub_0217_404.8s.jpg,0.03,,,25.0,90.0,50.0,78.0,75.0,0.47606,42.0,66.0,0.0,35.0,1.0,열심히 하겠습니다.,힘내 볼게요.,,45.41,T3,화자·문맥·자연스러움 집중 검토,formality_jump,88.59332732191163,63.55,P2,앞뒤 5블록·사진·오류 기억을 함께 검토
SSIS-575,사진 대조 1차 교정본,218,"00:06:45,930 --> 00:06:46,990",1.06,네.,열심히 하겠습니다.,그런데…,반말형,sub_0218_405.9s.jpg,0.03,,,25.0,90.0,50.0,78.0,75.0,0.00932,0.0,66.0,0.0,18.0,0.6489,"네, 네.",네.,불필요한 반복 제거,16.89,T4,구조검사 통과 시 유지,formality_shift,8.61136158701533,13.41,P4,회귀검사 통과 시 유지
SSIS-575,사진 대조 1차 교정본,219,"00:06:48,750 --> 00:06:49,450",0.7,그런데…,네.,일정이 꽤…,중립·혼합형,sub_0219_408.8s.jpg,0.05,,,25.0,90.0,50.0,78.0,75.0,0.28566,0.0,66.0,0.0,0.0,0.168,그런데 얘랑 단둘이 자고 있었던 건가...,그런데 얘랑 단둘이 자고 있었던 건가…,,27.06,T4,구조검사 통과 시 유지,,23.399458972046887,25.52,P4,회귀검사 통과 시 유지
SSIS-575,사진 대조 1차 교정본,220,"00:06:49,450 --> 00:06:51,350",1.9,일정이 꽤…,그런데…,다음 주예요.,중립·혼합형,sub_0220_409.4s.jpg,0.05,,,25.0,90.0,50.0,78.0,75.0,0.4495,0.0,66.0,0.0,0.0,0.3758,일정이 취소되었단다.,일정이 취소됐단다.,,33.94,T4,구조검사 통과 시 유지,,47.5653742110009,39.66,P4,회귀검사 통과 시 유지
SSIS-575,사진 대조 1차 교정본,221,"00:06:51,350 --> 00:06:52,110",0.76,다음 주예요.,일정이 꽤…,다음 주부터요.,존댓말형,sub_0221_411.4s.jpg,0.05,,,25.0,90.0,50.0,78.0,75.0,0.44369,0.0,66.0,0.0,0.0,0.3232,다음 예고,다음은 자위 대결이야.,다음 블록의 코너명과 장면 흐름으로 교정,33.69,T4,구조검사 통과 시 유지,,46.43823264201984,39.04,P4,회귀검사 통과 시 유지
SSIS-575,사진 대조 1차 교정본,222,"00:06:52,110 --> 00:06:53,770",1.66,다음 주부터요.,다음 주예요.,네.,중립·혼합형,sub_0222_412.1s.jpg,0.01,,,25.0,90.0,50.0,78.0,75.0,0.45861,0.0,66.0,0.0,0.0,0.2773,다음 예고,다음은 자위 대결이야.,다음 블록의 코너명과 장면 흐름으로 교정,34.32,T4,구조검사 통과 시 유지,,48.963029756537416,40.47,P3,말투·질문응답·가독성 위주 검토
SSIS-575,사진 대조 1차 교정본,223,"00:06:53,770 --> 00:06:53,990",0.22,네.,다음 주부터요.,빠르네요.,반말형,sub_0223_413.8s.jpg,0.03,,,25.0,90.0,50.0,78.0,75.0,0.006,0.0,66.0,0.0,0.0,0.6489,"네, 네.",네.,불필요한 반복 제거,15.31,T4,구조검사 통과 시 유지,,0.8566275924256086,9.24,P4,회귀검사 통과 시 유지
SSIS-575,사진 대조 1차 교정본,224,"00:06:54,590 --> 00:06:55,610",1.02,빠르네요.,네.,정말 빠르네요.,반말형,sub_0224_414.6s.jpg,0.01,,,25.0,90.0,50.0,78.0,75.0,0.22198,0.0,66.0,0.0,0.0,0.2273,잘 자요. 빠르다. 빠르네. 금방 말하네. 바로 잠드는 사람이구나.,잘 자요. 빠르네. 말하자마자 바로 잠드는구나.,사진 장면 확인 및 한국어 번역투·ASR 오역 교정,24.38,T4,구조검사 통과 시 유지,,16.073038773669975,20.89,P4,회귀검사 통과 시 유지
SSIS-575,사진 대조 1차 교정본,225,"00:06:55,610 --> 00:06:56,630",1.02,정말 빠르네요.,빠르네요.,금방이에요.,반말형,sub_0225_415.6s.jpg,0.01,,,25.0,90.0,50.0,78.0,75.0,0.34594,0.0,66.0,0.0,0.0,0.2308,정말 좋아.,거기 좋아.,타임스탬프 사진과 장면 흐름으로 명백한 오인식 교정,29.59,T4,구조검사 통과 시 유지,,30.973850315599638,30.17,P4,회귀검사 통과 시 유지
SSIS-575,사진 대조 1차 교정본,226,"00:06:56,630 --> 00:06:57,550",0.92,금방이에요.,정말 빠르네요.,벌써…,존댓말형,sub_0226_416.6s.jpg,0.03,,,25.0,90.0,50.0,78.0,75.0,0.2471,0.0,66.0,0.0,18.0,0.2843,"금방이라도,",금방이라도,,26.88,T4,구조검사 통과 시 유지,formality_shift,22.72317403065825,25.13,P4,회귀검사 통과 시 유지
SSIS-575,사진 대조 1차 교정본,227,"00:06:57,550 --> 00:06:57,590",0.04,벌써…,금방이에요.,네.,중립·혼합형,sub_0227_417.6s.jpg,0.05,,,25.0,90.0,50.0,78.0,75.0,0.2436,0.0,66.0,70.0,0.0,0.1672,"오, 벌써...","오, 벌써…",,32.29,T4,구조검사 통과 시 유지,high_cps,40.892696122633005,35.9,P4,회귀검사 통과 시 유지
SSIS-575,사진 대조 1차 교정본,228,"00:06:57,590 --> 00:06:58,610",1.02,네.,벌써…,그럼…,반말형,sub_0228_417.6s.jpg,0.01,,,25.0,90.0,50.0,78.0,75.0,0.00889,0.0,66.0,0.0,0.0,0.6489,"네, 네.",네.,불필요한 반복 제거,15.43,T4,구조검사 통과 시 유지,,2.479711451758341,9.99,P4,회귀검사 통과 시 유지
SSIS-575,사진 대조 1차 교정본,229,"00:06:58,610 --> 00:06:59,970",1.36,그럼…,네.,잠깐…,중립·혼합형,sub_0229_418.6s.jpg,0.01,,,25.0,90.0,50.0,78.0,75.0,0.35794,0.0,66.0,0.0,0.0,0.1104,"그럼 일단,",그럼 일단,,30.09,T4,구조검사 통과 시 유지,,32.484220018034264,31.1,P4,회귀검사 통과 시 유지
SSIS-575,사진 대조 1차 교정본,230,"00:06:59,970 --> 00:07:00,770",0.8,잠깐…,그럼…,각오를…,반응형,sub_0230_420.0s.jpg,0.03,,,25.0,90.0,50.0,78.0,75.0,0.37332,42.0,66.0,0.0,0.0,1.0,잠깐…,그리고…,일본어 원문 대조 + 자연스러운 한국어 대사 교정,38.3,T3,화자·문맥·자연스러움 집중 검토,,64.96844003606853,49.5,P3,말투·질문응답·가독성 위주 검토
SSIS-575,사진 대조 1차 교정본,231,"00:07:00,770 --> 00:07:01,270",0.5,각오를…,잠깐…,후우아 씨의 각오도 들어 볼까요?,중립·혼합형,sub_0231_420.8s.jpg,0.03,,,25.0,90.0,50.0,78.0,75.0,0.42466,0.0,66.0,0.0,0.0,0.1613,후와 씨를…,후우아 씨를 기분 좋게 해 주고 싶어요.,이름 및 다음 블록과 문장 결합,32.9,T4,구조검사 통과 시 유지,,43.55275022542832,37.37,P4,회귀검사 통과 시 유지
SSIS-575,사진 대조 1차 교정본,232,"00:07:01,510 --> 00:07:02,490",0.98,후우아 씨의 각오도 들어 볼까요?,각오를…,각오랄 것까지는 없는데!,반응형,sub_0232_421.5s.jpg,0.01,이름 및 문장 자연화,높음,25.0,90.0,50.0,92.0,75.0,0.74346,0.0,22.0,0.0,18.0,0.4586,후와 씨에게도 들어 볼까요?,후우아 씨의 각오도 들어 볼까요?,이름 및 문장 자연화,29.29,T4,구조검사 통과 시 유지,formality_shift,30.184851217312897,29.67,P4,회귀검사 통과 시 유지
SSIS-575,사진 대조 1차 교정본,233,"00:07:03,030 --> 00:07:03,970",0.94,각오랄 것까지는 없는데!,후우아 씨의 각오도 들어 볼까요?,갑자기 말하라니 곤란하지만…,반말형,sub_0233_423.0s.jpg,0.03,,,25.0,90.0,50.0,78.0,75.0,0.40752,0.0,66.0,0.0,0.0,0.0954,매번 지금까지는 항상 계셨는데 말이죠.,지금까지는 만날 때마다 바로 해 버렸으니까요.,일본어 원문 대조 + 자연스러운 한국어 대사 교정,32.18,T4,구조검사 통과 시 유지,,40.62218214607755,35.73,P4,회귀검사 통과 시 유지
SSIS-575,사진 대조 1차 교정본,234,"00:07:04,110 --> 00:07:06,070",1.96,갑자기 말하라니 곤란하지만…,각오랄 것까지는 없는데!,부탁드립니다.,반말형,sub_0234_424.1s.jpg,0.01,,,25.0,90.0,50.0,78.0,75.0,0.54819,0.0,66.0,0.0,0.0,0.3216,하지만…,그래도…,,38.08,T3,화자·문맥·자연스러움 집중 검토,,64.22452660054103,49.06,P3,말투·질문응답·가독성 위주 검토
SSIS-575,사진 대조 1차 교정본,235,"00:07:06,070 --> 00:07:07,090",1.02,부탁드립니다.,갑자기 말하라니 곤란하지만…,네.,존댓말형,sub_0235_426.1s.jpg,0.03,,,25.0,90.0,50.0,78.0,75.0,0.28239,38.24,66.0,0.0,35.0,0.9686,잘 부탁드립니다.,좋은 아침입니다.,,36.6,T3,화자·문맥·자연스러움 집중 검토,formality_jump,57.61947700631199,45.43,P3,말투·질문응답·가독성 위주 검토
SSIS-575,사진 대조 1차 교정본,236,"00:07:07,090 --> 00:07:07,890",0.8,네.,부탁드립니다.,음…,반말형,sub_0236_427.1s.jpg,0.01,,,25.0,90.0,50.0,78.0,75.0,0.00486,0.0,66.0,0.0,18.0,0.6489,"네, 네.",네.,불필요한 반복 제거,16.7,T4,구조검사 통과 시 유지,formality_shift,8.340847610459875,13.19,P4,회귀검사 통과 시 유지
SSIS-575,사진 대조 1차 교정본,237,"00:07:07,890 --> 00:07:09,430",1.54,음…,네.,면접…,중립·혼합형,sub_0237_427.9s.jpg,0.01,,,25.0,90.0,50.0,78.0,75.0,0.13026,0.0,66.0,0.0,0.0,0.1026,음...,음…,,20.53,T4,구조검사 통과 시 유지,,10.595130748422003,16.36,P4,회귀검사 통과 시 유지
SSIS-575,사진 대조 1차 교정본,238,"00:07:09,430 --> 00:07:10,270",0.84,면접…,음…,장면을 본 느낌으로는…,중립·혼합형,sub_0238_429.4s.jpg,0.03,,,25.0,90.0,50.0,78.0,75.0,0.15917,0.0,66.0,0.0,0.0,0.038,의외로 적극적인 면이 있어서 좀... 어머.,의외로 적극적인 면이 있어서 좀… 어머.,,21.75,T4,구조검사 통과 시 유지,,11.947700631199279,17.63,P4,회귀검사 통과 시 유지
SSIS-575,사진 대조 1차 교정본,239,"00:07:10,650 --> 00:07:13,210",2.56,장면을 본 느낌으로는…,면접…,좋은 분 같아서…,반응형,sub_0239_430.6s.jpg,0.05,,,25.0,90.0,50.0,78.0,75.0,0.49457,0.0,66.0,0.0,0.0,0.2732,이런 느낌으로요...,이런 느낌으로요…,,35.83,T3,화자·문맥·자연스러움 집중 검토,,54.95942290351669,43.86,P3,말투·질문응답·가독성 위주 검토
SSIS-575,사진 대조 1차 교정본,240,"00:07:13,210 --> 00:07:15,910",2.7,좋은 분 같아서…,장면을 본 느낌으로는…,그…,반응형,sub_0240_433.2s.jpg,0.01,,,25.0,90.0,50.0,78.0,75.0,0.44163,0.0,66.0,0.0,0.0,0.2255,"좋은 느낌? 응, 좋은 느낌.","괜찮아? 응, 좋아.",일본어 원문 대조 + 자연스러운 한국어 대사 교정,33.61,T4,구조검사 통과 시 유지,,46.077547339945895,38.85,P4,회귀검사 통과 시 유지
SSIS-575,사진 대조 1차 교정본,241,"00:07:15,910 --> 00:07:16,550",0.64,그…,좋은 분 같아서…,동정을…,중립·혼합형,sub_0241_435.9s.jpg,0.01,,,25.0,90.0,50.0,78.0,75.0,0.26904,0.0,66.0,0.0,0.0,0.054,그리고…,그리고 이제…,,26.36,T4,구조검사 통과 시 유지,,20.91974752028855,24.08,P4,회귀검사 통과 시 유지
SSIS-575,사진 대조 1차 교정본,242,"00:07:16,550 --> 00:07:17,590",1.04,동정을…,그…,제대로 졸업시킬 수 있도록…,중립·혼합형,sub_0242_436.6s.jpg,0.05,,,25.0,90.0,50.0,78.0,75.0,0.20271,0.0,66.0,0.0,0.0,0.0608,"그리고 전국의 동정 남성들은 너무 많이 고민하지 말고, 친한 여성이나 마음을 편하게 나눌 수 있는…","전국의 동정 남성들도 너무 많이 고민하지 말고, 마음을 편하게 나눌 수 있는 여성과…",긴 문장 자연화,23.57,T4,구조검사 통과 시 유지,,14.472497745716861,19.75,P4,회귀검사 통과 시 유지
SSIS-575,사진 대조 1차 교정본,243,"00:07:17,590 --> 00:07:19,590",2.0,제대로 졸업시킬 수 있도록…,동정을…,제가 이끌면서…,중립·혼합형,sub_0243_437.6s.jpg,0.01,,,25.0,90.0,50.0,78.0,75.0,0.57901,0.0,66.0,0.0,0.0,0.2719,제대로 돼 있네.,제대로 가려지네.,일본어 원문 대조 + 자연스러운 한국어 대사 교정,39.38,T3,화자·문맥·자연스러움 집중 검토,,69.90532010820559,52.2,P3,말투·질문응답·가독성 위주 검토
SSIS-575,사진 대조 1차 교정본,244,"00:07:19,590 --> 00:07:21,470",1.88,제가 이끌면서…,제대로 졸업시킬 수 있도록…,열심히 하겠습니다!,중립·혼합형,sub_0244_439.6s.jpg,0.01,,,25.0,90.0,50.0,78.0,75.0,0.42885,0.0,66.0,0.0,0.0,0.1013,"제가 주도하는 작품은 다른 것도 나와 있지만,",제가 주도하는 작품은 다른 것도 나와 있지만,,33.07,T4,구조검사 통과 시 유지,,44.3868349864743,37.82,P4,회귀검사 통과 시 유지
SSIS-575,사진 대조 1차 교정본,245,"00:07:22,310 --> 00:07:23,230",0.92,열심히 하겠습니다!,제가 이끌면서…,네.,존댓말형,sub_0245_442.3s.jpg,0.01,,,25.0,90.0,50.0,78.0,75.0,0.3681,13.99,66.0,0.0,18.0,0.7666,열심히 하겠습니다.,힘내 볼게요.,,34.48,T4,구조검사 통과 시 유지,formality_shift,49.571686203787195,40.82,P3,말투·질문응답·가독성 위주 검토
SSIS-575,사진 대조 1차 교정본,246,"00:07:24,170 --> 00:07:25,170",1.0,네.,열심히 하겠습니다!,네.,반말형,sub_0246_444.2s.jpg,0.03,,,25.0,90.0,50.0,78.0,75.0,0.00698,0.0,66.0,0.0,0.0,0.6489,"네, 네.",네.,불필요한 반복 제거,15.35,T4,구조검사 통과 시 유지,,1.4201983769161406,9.5,P4,회귀검사 통과 시 유지
SSIS-575,사진 대조 1차 교정본,247,"00:07:26,010 --> 00:07:27,030",1.02,네.,네.,네.,반말형,sub_0247_446.0s.jpg,0.01,,,25.0,90.0,50.0,78.0,75.0,0.00613,0.0,66.0,0.0,30.0,0.6489,"네, 네.",네.,불필요한 반복 제거,17.72,T4,구조검사 통과 시 유지,triple_identical_run,8.881875563570784,14.01,P4,회귀검사 통과 시 유지
SSIS-575,사진 대조 1차 교정본,248,"00:07:27,030 --> 00:07:27,490",0.46,네.,네.,네.,반말형,sub_0248_447.0s.jpg,0.03,,,25.0,90.0,50.0,78.0,75.0,0.00615,0.0,66.0,0.0,30.0,0.6489,"네, 네.",네.,불필요한 반복 제거,17.72,T4,구조검사 통과 시 유지,triple_identical_run,8.881875563570784,14.01,P4,회귀검사 통과 시 유지
SSIS-575,사진 대조 1차 교정본,249,"00:07:27,490 --> 00:07:27,990",0.5,네.,네.,귀엽네요.,반말형,sub_0249_447.5s.jpg,0.01,,,25.0,90.0,50.0,78.0,75.0,0.00729,0.0,66.0,0.0,0.0,0.6489,"네, 네.",네.,불필요한 반복 제거,15.37,T4,구조검사 통과 시 유지,,1.6005410279531107,9.59,P4,회귀검사 통과 시 유지
SSIS-575,사진 대조 1차 교정본,250,"00:07:27,990 --> 00:07:29,070",1.08,귀엽네요.,네.,그럼 다음 주부터…,반말형,sub_0250_448.0s.jpg,0.01,,,25.0,90.0,50.0,78.0,75.0,0.28283,0.0,66.0,0.0,0.0,0.4133,귀엽네.,그냥 벗었을 뿐이야.,일본어 원문 + 타임스탬프 사진 + 장면 연속성,26.94,T4,구조검사 통과 시 유지,,22.948602344454464,25.26,P4,회귀검사 통과 시 유지
SSIS-575,사진 대조 1차 교정본,251,"00:07:29,070 --> 00:07:30,410",1.34,그럼 다음 주부터…,귀엽네요.,잘 부탁드립니다!,중립·혼합형,sub_0251_449.1s.jpg,0.03,,,25.0,90.0,50.0,78.0,75.0,0.50211,0.0,66.0,0.0,0.0,0.2763,다음 예고,다음은 자위 대결이야.,다음 블록의 코너명과 장면 흐름으로 교정,36.15,T3,화자·문맥·자연스러움 집중 검토,,56.22182146077548,44.58,P3,말투·질문응답·가독성 위주 검토
SSIS-575,사진 대조 1차 교정본,252,"00:07:30,410 --> 00:07:30,750",0.34,잘 부탁드립니다!,그럼 다음 주부터…,"네, 감사합니다!",존댓말형,sub_0252_450.4s.jpg,0.01,,,25.0,90.0,50.0,78.0,75.0,0.31957,10.65,66.0,47.65,0.0,0.7387,잘 부탁드립니다.,좋은 아침입니다.,,35.16,T3,화자·문맥·자연스러움 집중 검토,high_cps,52.16411181244365,42.3,P3,말투·질문응답·가독성 위주 검토
SSIS-575,사진 대조 1차 교정본,253,"00:07:31,430 --> 00:07:31,870",0.44,"네, 감사합니다!",잘 부탁드립니다!,감사합니다!,중립·혼합형,sub_0253_451.4s.jpg,0.03,,,25.0,90.0,50.0,78.0,75.0,0.27326,0.0,66.0,25.0,0.0,0.604,감사합니다.,고마워요.,타임스탬프 사진과 앞뒤 장면으로 대사 기능 복원,29.04,T4,구조검사 통과 시 유지,borderline_cps,29.41839495040577,29.2,P4,회귀검사 통과 시 유지
SSIS-575,사진 대조 1차 교정본,254,"00:07:32,370 --> 00:07:32,590",0.22,감사합니다!,"네, 감사합니다!",오늘 날씨가 좋네요.,존댓말형,sub_0254_452.4s.jpg,0.03,,,25.0,90.0,50.0,78.0,75.0,0.16771,0.0,66.0,66.36,18.0,0.6479,감사합니다.,고마워요.,타임스탬프 사진과 앞뒤 장면으로 대사 기능 복원,30.18,T4,구조검사 통과 시 유지,formality_shift;high_cps,32.86744815148783,31.31,P4,회귀검사 통과 시 유지
SSIS-575,사진 대조 1차 교정본,255,"00:07:34,510 --> 00:07:53,090",18.58,오늘 날씨가 좋네요.,감사합니다!,오늘은…,반말형,sub_0255_454.5s.jpg,0.01,,,25.0,90.0,50.0,78.0,75.0,0.5739,0.0,66.0,0.0,18.0,0.3728,손을 벗을 때는 좋네요.,[불명],,40.6,T3,화자·문맥·자연스러움 집중 검토,formality_shift,74.48151487826871,54.83,P3,말투·질문응답·가독성 위주 검토
SSIS-575,사진 대조 1차 교정본,256,"00:07:55,550 --> 00:08:43,950",48.4,오늘은…,오늘 날씨가 좋네요.,아!,중립·혼합형,sub_0256_475.6s.jpg,0.05,,,25.0,90.0,50.0,78.0,75.0,0.9823,0.0,66.0,25.0,0.0,0.2304,그럼 오늘은 잘 먹었어.,그럼 오늘은 잘 먹었어요.,식사 후 인사말 자연화,58.82,T3,화자·문맥·자연스러움 집중 검토,long_duration_short_text,99.86474301172227,76.06,P1,장면 패킷을 열고 후보 3개를 생성해 반증 검토
SSIS-575,사진 대조 1차 교정본,257,"00:08:43,950 --> 00:08:44,370",0.42,아!,오늘은…,여기군요!,반응형,sub_0257_524.0s.jpg,0.05,,,25.0,90.0,50.0,78.0,75.0,0.1611,0.0,66.0,0.0,0.0,0.0882,네! 어이!,"네, 잘 부탁드립니다!",사진 장면 확인 및 한국어 번역투·ASR 오역 교정,21.83,T4,구조검사 통과 시 유지,,12.082957619477007,17.74,P4,회귀검사 통과 시 유지
SSIS-575,사진 대조 1차 교정본,258,"00:08:45,450 --> 00:08:46,450",1.0,여기군요!,아!,실례하겠습니다!,중립·혼합형,sub_0258_525.5s.jpg,0.05,,,25.0,90.0,50.0,78.0,75.0,0.15434,0.0,66.0,0.0,0.0,0.1356,어서요!,가요!,화면 영문 자막 대조,21.54,T4,구조검사 통과 시 유지,,11.76735798016231,17.44,P4,회귀검사 통과 시 유지
SSIS-575,사진 대조 1차 교정본,259,"00:09:00,110 --> 00:09:02,350",2.24,실례하겠습니다!,여기군요!,영차!,존댓말형,sub_0259_540.1s.jpg,0.01,,,25.0,90.0,50.0,78.0,75.0,0.23418,0.0,66.0,0.0,0.0,0.3292,괜찮습니다!,괜찮아!,,24.9,T4,구조검사 통과 시 유지,,17.42560865644725,21.76,P4,회귀검사 통과 시 유지
SSIS-575,사진 대조 1차 교정본,260,"00:09:04,470 --> 00:09:05,190",0.72,영차!,실례하겠습니다!,어…,중립·혼합형,sub_0260_544.5s.jpg,0.03,,,25.0,90.0,50.0,78.0,75.0,0.12599,0.0,66.0,0.0,0.0,0.274,영차.,자.,타임스탬프 사진과 앞뒤 장면으로 대사 기능 복원,20.35,T4,구조검사 통과 시 유지,,10.527502254283137,16.22,P4,회귀검사 통과 시 유지
SSIS-575,사진 대조 1차 교정본,261,"00:09:06,130 --> 00:09:07,230",1.1,어…,영차!,아무도 없네…,반응형,sub_0261_546.1s.jpg,0.03,,,25.0,90.0,50.0,78.0,75.0,0.14995,0.0,66.0,0.0,0.0,0.2598,나왔어…,"아, 물 나왔어…",,21.36,T4,구조검사 통과 시 유지,,11.429215509467989,17.19,P4,회귀검사 통과 시 유지
SSIS-575,사진 대조 1차 교정본,262,"00:09:07,890 --> 00:09:09,230",1.34,아무도 없네…,어…,음…,반응형,sub_0262_547.9s.jpg,0.01,,,25.0,90.0,50.0,78.0,75.0,0.22064,0.0,66.0,0.0,0.0,0.5483,아무도 없어요.,아무도 안 보잖아.,타임스탬프 사진과 장면 흐름으로 명백한 오인식 교정,24.33,T4,구조검사 통과 시 유지,,15.915238954012622,20.8,P4,회귀검사 통과 시 유지
SSIS-575,사진 대조 1차 교정본,263,"00:09:12,030 --> 00:09:13,230",1.2,음…,아무도 없네…,대단하다!,중립·혼합형,sub_0263_552.0s.jpg,0.03,,,25.0,90.0,50.0,78.0,75.0,0.10682,0.0,66.0,0.0,0.0,0.1026,음...,음…,,19.55,T4,구조검사 통과 시 유지,,10.054102795311092,15.56,P4,회귀검사 통과 시 유지
SSIS-575,사진 대조 1차 교정본,264,"00:09:17,940 --> 00:09:18,280",0.34,대단하다!,음…,집이 정말 제대로 갖춰져 있네요.,중립·혼합형,sub_0264_557.9s.jpg,0.04,,,25.0,90.0,50.0,78.0,75.0,0.08916,0.0,66.0,0.0,0.0,0.2785,대단하네.,땀이 엄청나네.,손상된 일본어 ASR + 타임스탬프 사진 + 앞뒤 문맥 추론,18.8,T4,구조검사 통과 시 유지,,9.783588818755636,15.01,P4,회귀검사 통과 시 유지
SSIS-575,사진 대조 1차 교정본,265,"00:09:23,720 --> 00:09:26,000",2.28,집이 정말 제대로 갖춰져 있네요.,대단하다!,영차…,반말형,sub_0265_563.7s.jpg,0.02,,,25.0,90.0,50.0,78.0,75.0,0.55503,0.0,66.0,0.0,0.0,0.3491,제대로 돼 있네.,제대로 가려지네.,일본어 원문 대조 + 자연스러운 한국어 대사 교정,38.37,T3,화자·문맥·자연스러움 집중 검토,,65.32912533814248,49.69,P3,말투·질문응답·가독성 위주 검토
SSIS-575,사진 대조 1차 교정본,266,"00:09:30,920 --> 00:09:32,420",1.5,영차…,집이 정말 제대로 갖춰져 있네요.,아!,중립·혼합형,sub_0266_570.9s.jpg,0.02,,,25.0,90.0,50.0,78.0,75.0,0.13842,0.0,66.0,0.0,0.0,0.2757,영차.,자.,타임스탬프 사진과 앞뒤 장면으로 대사 기능 복원,20.87,T4,구조검사 통과 시 유지,,10.865644724977457,16.67,P4,회귀검사 통과 시 유지
SSIS-575,사진 대조 1차 교정본,267,"00:09:36,630 --> 00:09:37,070",0.44,아!,영차…,물건도 엄청 많아…,반응형,sub_0267_576.6s.jpg,0.03,,,25.0,90.0,50.0,78.0,75.0,0.15915,0.0,66.0,0.0,0.0,0.0882,네! 어이!,"네, 잘 부탁드립니다!",사진 장면 확인 및 한국어 번역투·ASR 오역 교정,21.74,T4,구조검사 통과 시 유지,,11.902614968440037,17.61,P4,회귀검사 통과 시 유지
SSIS-575,사진 대조 1차 교정본,268,"00:09:46,310 --> 00:09:48,390",2.08,물건도 엄청 많아…,아!,정말 좋은 집이다…,반응형,sub_0268_586.3s.jpg,0.01,,,25.0,90.0,50.0,78.0,75.0,0.57514,0.0,66.0,0.0,0.0,0.1837,엄청 귀여워.,매일 목욕해.,일본어 원문 + 타임스탬프 사진 + 장면 연속성,39.22,T3,화자·문맥·자연스러움 집중 검토,,68.89089269612263,51.68,P3,말투·질문응답·가독성 위주 검토
SSIS-575,사진 대조 1차 교정본,269,"00:09:52,550 --> 00:09:54,030",1.48,정말 좋은 집이다…,물건도 엄청 많아…,조금 기다릴까…,중립·혼합형,sub_0269_592.5s.jpg,0.05,,,25.0,90.0,50.0,78.0,75.0,0.6612,0.0,66.0,0.0,0.0,0.2316,정말 좋아.,거기 좋아.,타임스탬프 사진과 장면 흐름으로 명백한 오인식 교정,42.83,T3,화자·문맥·자연스러움 집중 검토,,81.9882777276826,59.28,P2,앞뒤 5블록·사진·오류 기억을 함께 검토
SSIS-575,사진 대조 1차 교정본,270,"00:09:55,430 --> 00:10:48,600",53.17,조금 기다릴까…,정말 좋은 집이다…,기다려 봐야겠다…,중립·혼합형,sub_0270_595.4s.jpg,0.03,,,25.0,90.0,50.0,78.0,75.0,0.57385,0.0,66.0,0.0,0.0,0.1559,조금 쉬어요.,잠깐만요.,,39.16,T3,화자·문맥·자연스러움 집중 검토,,68.41749323715058,51.45,P3,말투·질문응답·가독성 위주 검토
SSIS-575,사진 대조 1차 교정본,271,"00:10:48,600 --> 00:10:51,340",2.74,기다려 봐야겠다…,조금 기다릴까…,실례하겠습니다…,반말형,sub_0271_648.6s.jpg,0.0,,,25.0,90.0,50.0,78.0,75.0,0.40221,0.0,66.0,0.0,18.0,0.3505,기다려 주세요...,기다려 주세요…,,33.39,T4,구조검사 통과 시 유지,formality_shift,45.28854824165916,38.39,P4,회귀검사 통과 시 유지
SSIS-575,사진 대조 1차 교정본,272,"00:10:59,040 --> 00:11:04,560",5.52,실례하겠습니다…,기다려 봐야겠다…,죄송합니다…,존댓말형,sub_0272_659.0s.jpg,0.04,,,25.0,90.0,50.0,78.0,75.0,0.37719,0.0,66.0,0.0,0.0,0.2863,열심히 하겠습니다.,힘내 볼게요.,,30.9,T4,구조검사 통과 시 유지,,35.572587917042384,32.86,P4,회귀검사 통과 시 유지
SSIS-575,사진 대조 1차 교정본,273,"00:13:50,470 --> 00:13:51,590",1.12,죄송합니다…,실례하겠습니다…,죄송해요! 잠들어 버렸어요…,존댓말형,sub_0273_830.5s.jpg,0.03,,,25.0,90.0,50.0,78.0,75.0,0.41461,0.0,66.0,0.0,0.0,0.532,죄송합니다...,죄송합니다…,,32.47,T4,구조검사 통과 시 유지,,41.5238954012624,36.27,P4,회귀검사 통과 시 유지
SSIS-575,사진 대조 1차 교정본,274,"00:13:53,450 --> 00:13:55,250",1.8,죄송해요! 잠들어 버렸어요…,죄송합니다…,"아뇨, 괜찮아요. 계속 주무셔도 됐는데.",반응형,sub_0274_833.5s.jpg,0.05,,,25.0,90.0,50.0,78.0,75.0,0.40113,0.0,66.0,0.0,0.0,0.2766,"하앗, 죄송해요.","하앗, 기분 좋아요.",장면·앞뒤 반응 복원,31.91,T4,구조검사 통과 시 유지,,39.65284039675383,35.16,P4,회귀검사 통과 시 유지
SSIS-575,사진 대조 1차 교정본,275,"00:13:55,250 --> 00:13:57,930",2.68,"아뇨, 괜찮아요. 계속 주무셔도 됐는데.",죄송해요! 잠들어 버렸어요…,괜찮아요…,반응형,sub_0275_835.2s.jpg,0.05,,,25.0,90.0,50.0,78.0,75.0,0.7662,0.0,66.0,0.0,0.0,0.3401,말해도 괜찮아요.,"괜찮아, 계속해.",일본어 원문 대조 + 자연스러운 한국어 대사 교정,47.24,T3,화자·문맥·자연스러움 집중 검토,,92.56086564472497,66.27,P2,앞뒤 5블록·사진·오류 기억을 함께 검토
SSIS-575,사진 대조 1차 교정본,276,"00:13:57,930 --> 00:14:03,970",6.04,괜찮아요…,"아뇨, 괜찮아요. 계속 주무셔도 됐는데.",죄송합니다…,반응형,sub_0276_837.9s.jpg,0.03,,,25.0,90.0,50.0,78.0,75.0,0.29216,0.0,66.0,0.0,0.0,0.3409,말해도 괜찮아요.,"괜찮아, 계속해.",일본어 원문 대조 + 자연스러운 한국어 대사 교정,27.33,T4,구조검사 통과 시 유지,,24.211000901713255,26.02,P4,회귀검사 통과 시 유지
SSIS-575,사진 대조 1차 교정본,277,"00:14:10,790 --> 00:14:14,910",4.12,죄송합니다…,괜찮아요…,사사키 코이치입니다.,존댓말형,sub_0277_850.8s.jpg,0.01,,,25.0,90.0,50.0,78.0,75.0,0.22591,0.0,66.0,0.0,18.0,0.532,죄송합니다...,죄송합니다…,,25.99,T4,구조검사 통과 시 유지,formality_shift,19.815148782687107,23.4,P4,회귀검사 통과 시 유지
SSIS-575,사진 대조 1차 교정본,278,"00:14:17,690 --> 00:14:20,550",2.86,사사키 코이치입니다.,죄송합니다…,사사키 코이치 씨.,중립·혼합형,sub_0278_857.7s.jpg,0.01,,,25.0,90.0,50.0,78.0,75.0,0.41626,0.0,66.0,0.0,0.0,0.1921,두 번째입니다.,벌써 두 번째예요.,사진 장면 확인 및 한국어 번역투 교정,32.54,T4,구조검사 통과 시 유지,,41.92966636609558,36.48,P4,회귀검사 통과 시 유지
SSIS-575,사진 대조 1차 교정본,279,"00:14:20,670 --> 00:14:22,350",1.68,사사키 코이치 씨.,사사키 코이치입니다.,네.,중립·혼합형,sub_0279_860.7s.jpg,0.03,,,25.0,90.0,50.0,78.0,75.0,0.43933,0.0,66.0,0.0,0.0,0.0604,패치 있어.,괜찮아.,일본어 원문 대조 + 자연스러운 한국어 대사 교정,33.51,T4,구조검사 통과 시 유지,,45.64923354373309,38.61,P4,회귀검사 통과 시 유지
SSIS-575,사진 대조 1차 교정본,280,"00:14:22,730 --> 00:14:23,130",0.4,네.,사사키 코이치 씨.,뭐라고 부르면 될까요?,반말형,sub_0280_862.7s.jpg,0.03,,,25.0,90.0,50.0,78.0,75.0,0.00731,0.0,66.0,0.0,18.0,0.6489,"네, 네.",네.,불필요한 반복 제거,16.81,T4,구조검사 통과 시 유지,formality_shift,8.476104598737603,13.31,P4,회귀검사 통과 시 유지
SSIS-575,사진 대조 1차 교정본,281,"00:14:24,910 --> 00:14:26,670",1.76,뭐라고 부르면 될까요?,네.,"아, 뭐든 괜찮아요.",존댓말형,sub_0281_864.9s.jpg,0.01,,,25.0,90.0,50.0,78.0,75.0,0.44398,0.0,66.0,0.0,35.0,0.3532,뭐라고 해야 돼?,뭐라고 말하면 돼?,일본어 원문 대조 + 자연스러운 한국어 대사 교정,36.51,T3,화자·문맥·자연스러움 집중 검토,formality_jump,57.16862037871957,45.19,P3,말투·질문응답·가독성 위주 검토
SSIS-575,사진 대조 1차 교정본,282,"00:14:28,130 --> 00:14:32,630",4.5,"아, 뭐든 괜찮아요.",뭐라고 부르면 될까요?,뭐든지요?,반응형,sub_0282_868.1s.jpg,0.03,,,25.0,90.0,50.0,78.0,75.0,0.43069,0.0,66.0,0.0,0.0,0.5694,말해도 괜찮아요.,"괜찮아, 계속해.",일본어 원문 대조 + 자연스러운 한국어 대사 교정,33.15,T4,구조검사 통과 시 유지,,44.58972046889089,37.95,P4,회귀검사 통과 시 유지
SSIS-575,사진 대조 1차 교정본,283,"00:14:32,690 --> 00:14:33,230",0.54,뭐든지요?,"아, 뭐든 괜찮아요.",어떻게 부를까.,반말형,sub_0283_872.7s.jpg,0.01,,,25.0,90.0,50.0,78.0,75.0,0.27951,0.0,66.0,0.0,0.0,0.1074,뭐든 괜찮지만… 후와 씨?,뭐든 괜찮지만… 후우아 씨라고 부를까요?,출연자 이름 오인식 교정,26.8,T4,구조검사 통과 시 유지,,22.20468890892696,24.87,P4,회귀검사 통과 시 유지
SSIS-575,사진 대조 1차 교정본,284,"00:14:35,210 --> 00:14:36,610",1.4,어떻게 부를까.,뭐든지요?,코이치 씨라고 해도 돼요?,반응형,sub_0284_875.2s.jpg,0.01,,,25.0,90.0,50.0,78.0,75.0,0.54173,0.0,66.0,0.0,0.0,0.3124,어떻게 먹는 게 좋아?,어떻게 해 주는 게 좋아?,일본어 원문 대조 + 자연스러운 한국어 대사 교정,37.81,T3,화자·문맥·자연스러움 집중 검토,,62.87195671776375,48.34,P3,말투·질문응답·가독성 위주 검토
SSIS-575,사진 대조 1차 교정본,285,"00:14:37,090 --> 00:14:40,510",3.42,코이치 씨라고 해도 돼요?,어떻게 부를까.,네.,반말형,sub_0285_877.1s.jpg,0.01,,,25.0,90.0,50.0,78.0,75.0,0.69338,0.0,66.0,0.0,0.0,0.3701,말해도 돼요?,이제 해도 돼요?,타임스탬프 사진과 앞뒤 장면으로 대사 기능 복원,44.18,T3,화자·문맥·자연스러움 집중 검토,,85.7980162308386,61.66,P2,앞뒤 5블록·사진·오류 기억을 함께 검토
SSIS-575,사진 대조 1차 교정본,286,"00:14:41,390 --> 00:14:41,690",0.3,네.,코이치 씨라고 해도 돼요?,네.,반말형,sub_0286_881.4s.jpg,0.01,,,25.0,90.0,50.0,78.0,75.0,0.00668,0.0,66.0,0.0,0.0,0.6489,"네, 네.",네.,불필요한 반복 제거,15.34,T4,구조검사 통과 시 유지,,1.3074842200180343,9.45,P4,회귀검사 통과 시 유지
SSIS-575,사진 대조 1차 교정본,287,"00:14:41,690 --> 00:14:41,850",0.16,네.,네.,이쪽으로 안 오실래요?,반말형,sub_0287_881.7s.jpg,0.01,,,25.0,90.0,50.0,78.0,75.0,0.00407,0.0,66.0,0.0,0.0,0.6489,"네, 네.",네.,불필요한 반복 제거,15.23,T4,구조검사 통과 시 유지,,0.15779981965734896,8.9,P4,회귀검사 통과 시 유지
SSIS-575,사진 대조 1차 교정본,288,"00:14:43,730 --> 00:14:44,450",0.72,이쪽으로 안 오실래요?,네.,"아뇨, 아직…",반응형,sub_0288_883.7s.jpg,0.03,,,25.0,90.0,50.0,78.0,75.0,0.39385,0.0,66.0,0.0,0.0,0.3563,이쪽으로 넣어 주세요...,이쪽으로 넣어 주세요…,,31.6,T4,구조검사 통과 시 유지,,38.052299368800725,34.31,P4,회귀검사 통과 시 유지
SSIS-575,사진 대조 1차 교정본,289,"00:14:45,350 --> 00:14:47,830",2.48,"아뇨, 아직…",이쪽으로 안 오실래요?,아직요?,반응형,sub_0289_885.4s.jpg,0.05,,,25.0,90.0,50.0,78.0,75.0,0.26737,0.0,66.0,0.0,0.0,0.3007,"아뇨, 집순이였어서…",장거리 연애였어서…,일본어 원문 대조 + 자연스러운 한국어 대사 교정,26.29,T4,구조검사 통과 시 유지,,20.807033363390442,23.99,P4,회귀검사 통과 시 유지
SSIS-575,사진 대조 1차 교정본,290,"00:14:48,250 --> 00:14:48,490",0.24,아직요?,"아뇨, 아직…","에이, 이왕이니 오세요.",반응형,sub_0290_888.2s.jpg,0.05,,,25.0,90.0,50.0,78.0,75.0,0.3035,0.0,66.0,25.0,0.0,0.1414,"아직, 아직 잘 거지?",아직 갈 수 있지?,사진 장면 확인 및 한국어 번역투·ASR 오역 교정,30.31,T4,구조검사 통과 시 유지,borderline_cps,33.3633904418395,31.59,P4,회귀검사 통과 시 유지
SSIS-575,사진 대조 1차 교정본,291,"00:14:50,250 --> 00:14:52,590",2.34,"에이, 이왕이니 오세요.",아직요?,아직은 좀…,존댓말형,sub_0291_890.2s.jpg,0.05,,,25.0,90.0,50.0,78.0,75.0,0.61968,0.0,66.0,0.0,0.0,0.4363,어서 오세요.,거기 좋아요…,타임스탬프 사진과 장면 흐름으로 명백한 오인식 교정,41.09,T3,화자·문맥·자연스러움 집중 검토,,76.10459873760145,55.8,P3,말투·질문응답·가독성 위주 검토
SSIS-575,사진 대조 1차 교정본,292,"00:14:56,380 --> 00:14:57,480",1.1,아직은 좀…,"에이, 이왕이니 오세요.",그럼 식사는 하셨어요?,반응형,sub_0292_896.4s.jpg,0.02,,,25.0,90.0,50.0,78.0,75.0,0.41485,0.0,66.0,0.0,0.0,0.123,"아직, 아직 잘 거지?",아직 갈 수 있지?,사진 장면 확인 및 한국어 번역투·ASR 오역 교정,32.48,T4,구조검사 통과 시 유지,,41.59152389540126,36.31,P4,회귀검사 통과 시 유지
SSIS-575,사진 대조 1차 교정본,293,"00:15:03,290 --> 00:15:06,170",2.88,그럼 식사는 하셨어요?,아직은 좀…,식사요?,반응형,sub_0293_903.3s.jpg,0.01,,,25.0,90.0,50.0,78.0,75.0,0.54564,0.0,66.0,0.0,0.0,0.2931,"아버님, 식사는 어떻게 하실래요?","아버님, 아침은 어떻게 하실래요?",시간대·장면 문맥 반영,37.98,T3,화자·문맥·자연스러움 집중 검토,,63.84129846708747,48.84,P3,말투·질문응답·가독성 위주 검토
SSIS-575,사진 대조 1차 교정본,294,"00:15:07,510 --> 00:15:08,190",0.68,식사요?,그럼 식사는 하셨어요?,"아뇨, 아직.",중립·혼합형,sub_0294_907.5s.jpg,0.01,,,25.0,90.0,50.0,78.0,75.0,0.28506,0.0,66.0,0.0,0.0,0.1417,식사를 하게 해주세요.,먹게 해 주세요.,,27.03,T4,구조검사 통과 시 유지,,23.354373309287645,25.49,P4,회귀검사 통과 시 유지
SSIS-575,사진 대조 1차 교정본,295,"00:15:09,050 --> 00:15:10,810",1.76,"아뇨, 아직.",식사요?,아직 안 먹었어요.,반응형,sub_0295_909.0s.jpg,0.05,,,25.0,90.0,50.0,78.0,75.0,0.3977,0.0,66.0,0.0,0.0,0.3379,아직...,아직…,,31.76,T4,구조검사 통과 시 유지,,38.68349864743011,34.67,P4,회귀검사 통과 시 유지
SSIS-575,사진 대조 1차 교정본,296,"00:15:10,810 --> 00:15:11,430",0.62,아직 안 먹었어요.,"아뇨, 아직.",이왕 온 거 제가 뭘 만들어 볼까 했는데.,반응형,sub_0296_910.8s.jpg,0.01,,,25.0,90.0,50.0,78.0,75.0,0.57436,0.0,66.0,0.0,0.0,0.2766,그럼 오늘은 잘 먹었어.,그럼 오늘은 잘 먹었어요.,식사 후 인사말 자연화,39.18,T3,화자·문맥·자연스러움 집중 검토,,68.57529305680794,51.53,P3,말투·질문응답·가독성 위주 검토
SSIS-575,사진 대조 1차 교정본,297,"00:15:12,190 --> 00:15:16,030",3.84,이왕 온 거 제가 뭘 만들어 볼까 했는데.,아직 안 먹었어요.,뭐라도 만들어 드릴까요?,중립·혼합형,sub_0297_912.2s.jpg,0.01,,,25.0,90.0,50.0,78.0,75.0,0.75855,0.0,66.0,0.0,0.0,0.2347,단차를 만들어 갈게요.,높이를 조금씩 맞춰 갈게요.,,46.92,T3,화자·문맥·자연스러움 집중 검토,,91.9522091974752,65.83,P2,앞뒤 5블록·사진·오류 기억을 함께 검토
SSIS-575,사진 대조 1차 교정본,298,"00:15:16,990 --> 00:15:18,810",1.82,뭐라도 만들어 드릴까요?,이왕 온 거 제가 뭘 만들어 볼까 했는데.,"아, 아뇨. 괜찮으세요?",반응형,sub_0298_917.0s.jpg,0.01,,,25.0,90.0,50.0,78.0,75.0,0.54393,0.0,66.0,0.0,0.0,0.2619,단차를 만들어 갈게요.,높이를 조금씩 맞춰 갈게요.,,37.91,T3,화자·문맥·자연스러움 집중 검토,,63.66095581605049,48.73,P3,말투·질문응답·가독성 위주 검토
SSIS-575,사진 대조 1차 교정본,299,"00:15:20,470 --> 00:15:22,870",2.4,"아, 아뇨. 괜찮으세요?",뭐라도 만들어 드릴까요?,그냥 쉬고 계세요.,반응형,sub_0299_920.5s.jpg,0.03,,,25.0,90.0,50.0,78.0,75.0,0.54321,20.89,66.0,0.0,0.0,0.8241,"아, 괜찮으세요?","아, 괜찮으시군요.",앞뒤 문답 관계 교정,41.63,T3,화자·문맥·자연스러움 집중 검토,,78.11091073038774,56.95,P3,말투·질문응답·가독성 위주 검토
SSIS-575,사진 대조 1차 교정본,300,"00:15:23,330 --> 00:15:24,830",1.5,그냥 쉬고 계세요.,"아, 아뇨. 괜찮으세요?",제가 쉬어도 돼요?,존댓말형,sub_0300_923.3s.jpg,0.03,,,25.0,90.0,50.0,78.0,75.0,0.48404,0.0,66.0,0.0,0.0,0.4867,"후와 씨요. 그럼 후, 후와 씨는 쉬고 계세요.",후우아 씨요. 그럼 쉬고 계세요.,출연자 이름 및 반복 교정,35.39,T3,화자·문맥·자연스러움 집중 검토,,52.99819657348963,42.79,P3,말투·질문응답·가독성 위주 검토
SSIS-575,사진 대조 1차 교정본,301,"00:15:25,270 --> 00:15:26,630",1.36,제가 쉬어도 돼요?,그냥 쉬고 계세요.,뭐라도 사 올까요?,반응형,sub_0301_925.3s.jpg,0.03,,,25.0,90.0,50.0,78.0,75.0,0.53703,0.0,66.0,0.0,0.0,0.3743,말해도 돼요?,이제 해도 돼요?,타임스탬프 사진과 앞뒤 장면으로 대사 기능 복원,37.62,T3,화자·문맥·자연스러움 집중 검토,,62.08295761947701,47.89,P3,말투·질문응답·가독성 위주 검토
SSIS-575,사진 대조 1차 교정본,302,"00:15:26,950 --> 00:15:29,050",2.1,뭐라도 사 올까요?,제가 쉬어도 돼요?,"제가 만들게요. 필요한 건 사 오실래요?
네, 다녀올게요. 죄송합니다.",존댓말형,sub_0302_927.0s.jpg,0.05,,,25.0,90.0,50.0,78.0,75.0,0.42535,0.0,66.0,0.0,0.0,0.118,뭐라고 해야 돼?,뭐라고 말하면 돼?,일본어 원문 대조 + 자연스러운 한국어 대사 교정,32.92,T4,구조검사 통과 시 유지,,43.6429215509468,37.42,P4,회귀검사 통과 시 유지
SSIS-575,사진 대조 1차 교정본,303,"00:15:30,870 --> 00:15:40,730",9.86,"제가 만들게요. 필요한 건 사 오실래요?
네, 다녀올게요. 죄송합니다.",뭐라도 사 올까요?,"실제로 보니 신기하죠? 정말 본인이네요.
제 작품도 아세요? 네.",중립·혼합형,sub_0303_930.9s.jpg,0.03,화자 분리 및 대화 흐름 정리,높음,25.0,90.0,86.0,78.0,75.0,0.49187,6.23,22.0,0.0,0.0,0.7019,"그래도 제가 만들게요. 사 오시게요? 네, 다녀올게요. 죄송합니다.","제가 만들게요. 필요한 건 사 오실래요? 네, 다녀올게요. 죄송합니다.",화자 분리 및 대화 흐름 정리,21.46,T4,구조검사 통과 시 유지,,11.58701532912534,17.31,P4,회귀검사 통과 시 유지
SSIS-575,사진 대조 1차 교정본,304,"00:15:45,050 --> 00:15:56,050",11.0,"실제로 보니 신기하죠? 정말 본인이네요.
제 작품도 아세요? 네.","제가 만들게요. 필요한 건 사 오실래요?
네, 다녀올게요. 죄송합니다.",긴장했어요? 많이?,중립·혼합형,sub_0304_945.0s.jpg,0.05,화자 분리 및 중복 제거,높음,25.0,90.0,86.0,78.0,75.0,0.51654,40.13,22.0,0.0,0.0,0.9844,"실제로 보니 신기하죠? 네, 정말 본인이네요. 제 작품도 아세요? 네.",실제로 보니 신기하죠? 정말 본인이네요. 제 작품도 아세요? 네.,화자 분리 및 중복 제거,26.6,T4,구조검사 통과 시 유지,,21.68620378719567,24.54,P4,회귀검사 통과 시 유지
SSIS-575,사진 대조 1차 교정본,305,"00:16:02,780 --> 00:16:07,040",4.26,긴장했어요? 많이?,"실제로 보니 신기하죠? 정말 본인이네요.
제 작품도 아세요? 네.",저는 뭐라고 부르면 돼요?,반응형,sub_0305_962.8s.jpg,0.02,,,25.0,90.0,50.0,78.0,75.0,0.35562,0.0,66.0,0.0,0.0,0.1296,엉덩이?,"응, 엉덩이.",일본어 원문 대조 + 자연스러운 한국어 대사 교정,30.0,T4,구조검사 통과 시 유지,,32.34896302975654,30.99,P4,회귀검사 통과 시 유지
SSIS-575,사진 대조 1차 교정본,306,"00:16:09,880 --> 00:16:11,940",2.06,저는 뭐라고 부르면 돼요?,긴장했어요? 많이?,뭐든 괜찮지만… 후우아 씨라고 부를까요?,중립·혼합형,sub_0306_969.9s.jpg,0.02,,,25.0,90.0,50.0,78.0,75.0,0.62705,0.0,66.0,0.0,0.0,0.3873,뭐라고 해야 돼?,뭐라고 말하면 돼?,일본어 원문 대조 + 자연스러운 한국어 대사 교정,41.4,T3,화자·문맥·자연스러움 집중 검토,,77.09648331830478,56.39,P3,말투·질문응답·가독성 위주 검토
SSIS-575,사진 대조 1차 교정본,307,"00:16:14,100 --> 00:16:20,260",6.16,뭐든 괜찮지만… 후우아 씨라고 부를까요?,저는 뭐라고 부르면 돼요?,후우아 씨요. 그럼 쉬고 계세요.,반응형,sub_0307_974.1s.jpg,0.0,출연자 이름 오인식 교정,높음,25.0,90.0,50.0,78.0,75.0,0.73143,0.0,22.0,0.0,0.0,0.5296,뭐든 괜찮지만… 후와 씨?,뭐든 괜찮지만… 후우아 씨라고 부를까요?,출연자 이름 오인식 교정,27.89,T4,구조검사 통과 시 유지,,25.721370604147882,26.98,P4,회귀검사 통과 시 유지
SSIS-575,사진 대조 1차 교정본,308,"00:16:20,880 --> 00:16:28,640",7.76,후우아 씨요. 그럼 쉬고 계세요.,뭐든 괜찮지만… 후우아 씨라고 부를까요?,정말 가시는 거예요? 못 먹는 음식 같은 건 있어요?,반응형,sub_0308_980.9s.jpg,0.02,출연자 이름 및 반복 교정,높음,25.0,90.0,50.0,78.0,75.0,0.71285,3.84,22.0,0.0,0.0,0.682,"후와 씨요. 그럼 후, 후와 씨는 쉬고 계세요.",후우아 씨요. 그럼 쉬고 계세요.,출연자 이름 및 반복 교정,27.83,T4,구조검사 통과 시 유지,,25.473399458972047,26.84,P4,회귀검사 통과 시 유지
SSIS-575,사진 대조 1차 교정본,309,"00:16:30,560 --> 00:16:35,040",4.48,정말 가시는 거예요? 못 먹는 음식 같은 건 있어요?,후우아 씨요. 그럼 쉬고 계세요.,"아뇨, 뭐든 먹어요. 잠깐 다녀올게요. 네.",존댓말형,sub_0309_990.6s.jpg,0.04,,,25.0,90.0,50.0,78.0,75.0,0.83187,0.0,66.0,0.0,0.0,0.2631,그럼 왜 그런 영상을 보낸 거예요?,너무 세…,타임스탬프 사진으로 장면 불일치 확인 후 재복원,50.0,T3,화자·문맥·자연스러움 집중 검토,,96.00991884580704,69.32,P2,앞뒤 5블록·사진·오류 기억을 함께 검토
SSIS-575,사진 대조 1차 교정본,310,"00:16:35,080 --> 00:16:39,500",4.42,"아뇨, 뭐든 먹어요. 잠깐 다녀올게요. 네.",정말 가시는 거예요? 못 먹는 음식 같은 건 있어요?,네. 그럼 부탁할게요.,반말형,sub_0310_995.1s.jpg,0.02,,,25.0,90.0,50.0,78.0,75.0,0.7528,0.0,66.0,0.0,0.0,0.3452,"그래도 제가 만들게요. 사 오시게요? 네, 다녀올게요. 죄송합니다.","제가 만들게요. 필요한 건 사 오실래요? 네, 다녀올게요. 죄송합니다.",화자 분리 및 대화 흐름 정리,46.68,T3,화자·문맥·자연스러움 집중 검토,,91.43372407574391,65.48,P2,앞뒤 5블록·사진·오류 기억을 함께 검토
SSIS-575,사진 대조 1차 교정본,311,"00:16:39,820 --> 00:16:41,680",1.86,네. 그럼 부탁할게요.,"아뇨, 뭐든 먹어요. 잠깐 다녀올게요. 네.","기다리게 했죠? 아뇨, 전혀 안 기다렸어요.",반말형,sub_0311_999.8s.jpg,0.02,,,25.0,90.0,50.0,78.0,75.0,0.64262,0.0,66.0,0.0,0.0,0.2438,"자, 시작할게요.",좋은 아침입니다.,,42.05,T3,화자·문맥·자연스러움 집중 검토,,79.30568079350766,57.7,P3,말투·질문응답·가독성 위주 검토
SSIS-575,사진 대조 1차 교정본,312,"00:19:41,080 --> 00:19:45,480",4.4,"기다리게 했죠? 아뇨, 전혀 안 기다렸어요.",네. 그럼 부탁할게요.,안 기다렸어요? 네.,중립·혼합형,sub_0312_1181.1s.jpg,0.02,,,25.0,90.0,50.0,78.0,79.0,0.884,0.0,66.0,0.0,0.0,0.163,"아뇨, 집순이였어서…",장거리 연애였어서…,일본어 원문 대조 + 자연스러운 한국어 대사 교정,52.43,T3,화자·문맥·자연스러움 집중 검토,,98.76014427412083,71.89,P2,앞뒤 5블록·사진·오류 기억을 함께 검토
SSIS-575,사진 대조 1차 교정본,313,"00:19:46,000 --> 00:19:48,020",2.02,안 기다렸어요? 네.,"기다리게 했죠? 아뇨, 전혀 안 기다렸어요.","목욕 기분 좋았어요. 씻었어요? 아, 네. 씻었습니다.",반응형,sub_0313_1186.0s.jpg,0.0,,,25.0,90.0,50.0,78.0,75.0,0.2828,0.0,66.0,0.0,0.0,0.3362,말해 버렸어요?,소리 내 버렸어요?,사진 장면 확인 및 한국어 번역투·ASR 오역 교정,26.94,T4,구조검사 통과 시 유지,,22.948602344454464,25.26,P4,회귀검사 통과 시 유지
SSIS-575,사진 대조 1차 교정본,314,"00:19:48,260 --> 00:19:53,760",5.5,"목욕 기분 좋았어요. 씻었어요? 아, 네. 씻었습니다.",안 기다렸어요? 네.,이왕이니 면접 영상을 봤는데요.,중립·혼합형,sub_0314_1188.3s.jpg,0.04,,,25.0,90.0,50.0,78.0,83.0,0.90994,0.0,66.0,0.0,0.0,0.2098,"아아, 그건 없었습니다.","아, 그건 아니야.",,53.76,T3,화자·문맥·자연스러움 집중 검토,,99.23354373309287,72.86,P1,장면 패킷을 열고 후보 3개를 생성해 반증 검토
SSIS-575,사진 대조 1차 교정본,315,"00:19:59,770 --> 00:20:07,710",7.94,이왕이니 면접 영상을 봤는데요.,"목욕 기분 좋았어요. 씻었어요? 아, 네. 씻었습니다.",예전 연애 이야기를 좀 듣고 싶어서요.,중립·혼합형,sub_0315_1199.8s.jpg,0.03,,,25.0,90.0,50.0,78.0,75.0,0.54035,0.0,66.0,0.0,0.0,0.2444,그럼 왜 그런 영상을 보낸 거예요?,너무 세…,타임스탬프 사진으로 장면 불일치 확인 후 재복원,37.75,T3,화자·문맥·자연스러움 집중 검토,,62.714156898106395,48.23,P3,말투·질문응답·가독성 위주 검토
SSIS-575,사진 대조 1차 교정본,316,"00:20:07,710 --> 00:20:15,590",7.88,예전 연애 이야기를 좀 듣고 싶어서요.,이왕이니 면접 영상을 봤는데요.,뭐였죠? 스물한 살 때 여자친구와 헤어졌나요?,반말형,sub_0316_1207.7s.jpg,0.01,,,25.0,90.0,50.0,78.0,75.0,0.69735,0.0,66.0,0.0,18.0,0.2291,"있잖아, 역시 하나 가르쳐 주면, 네 이야기를 하고 싶어지는 법이야.",이렇게 하니까 네 목소리가 더 듣고 싶어져.,의미가 깨진 문장을 앞뒤 대화로 정리,45.79,T3,화자·문맥·자연스러움 집중 검토,formality_shift,89.38232642019838,64.1,P2,앞뒤 5블록·사진·오류 기억을 함께 검토
SSIS-575,사진 대조 1차 교정본,317,"00:20:18,250 --> 00:20:25,230",6.98,뭐였죠? 스물한 살 때 여자친구와 헤어졌나요?,예전 연애 이야기를 좀 듣고 싶어서요.,"네, 맞아요. 처음 사귄 사람이었어요.",존댓말형,sub_0317_1218.2s.jpg,0.05,,,25.0,90.0,50.0,78.0,75.0,0.73794,0.0,66.0,0.0,35.0,0.2497,후와 씨가 스물한 살이죠?,후우아 씨가 스물한 살이죠?,출연자 이름 오인식 교정,48.85,T3,화자·문맥·자연스러움 집중 검토,formality_jump,95.04057709648332,68.25,P2,앞뒤 5블록·사진·오류 기억을 함께 검토
SSIS-575,사진 대조 1차 교정본,318,"00:20:26,590 --> 00:20:30,110",3.52,"네, 맞아요. 처음 사귄 사람이었어요.",뭐였죠? 스물한 살 때 여자친구와 헤어졌나요?,스물한 살 때 처음으로 연애를…,반응형,sub_0318_1226.6s.jpg,0.01,,,25.0,90.0,50.0,78.0,75.0,0.64646,0.0,66.0,0.0,18.0,0.2531,몸을 생각하면 제대로 하는 게 맞아요.,몸에 무리가 가지 않게 제대로 해야 해요.,,43.65,T3,화자·문맥·자연스러움 집중 검토,formality_shift,84.17493237150586,60.67,P2,앞뒤 5블록·사진·오류 기억을 함께 검토
SSIS-575,사진 대조 1차 교정본,319,"00:20:30,370 --> 00:20:36,690",6.32,스물한 살 때 처음으로 연애를…,"네, 맞아요. 처음 사귄 사람이었어요.",했군요. 그렇구나.,반응형,sub_0319_1230.4s.jpg,0.03,,,25.0,90.0,50.0,78.0,75.0,0.62616,0.0,66.0,0.0,0.0,0.2578,후와 씨가 스물한 살이죠?,후우아 씨가 스물한 살이죠?,출연자 이름 오인식 교정,41.36,T3,화자·문맥·자연스러움 집중 검토,,76.87105500450858,56.27,P3,말투·질문응답·가독성 위주 검토
SSIS-575,사진 대조 1차 교정본,320,"00:20:37,530 --> 00:20:39,310",1.78,했군요. 그렇구나.,스물한 살 때 처음으로 연애를…,꽤 적극적으로 나갔어요? 제 생각에는 그렇게까지…,중립·혼합형,sub_0320_1237.5s.jpg,0.03,,,25.0,90.0,50.0,78.0,75.0,0.46133,5.73,66.0,0.0,0.0,0.6978,그렇구나.,손 정말 잘 쓰네.,일본어 원문 + 타임스탬프 사진 + 장면 연속성,35.47,T3,화자·문맥·자연스러움 집중 검토,,53.268710550045085,42.95,P3,말투·질문응답·가독성 위주 검토
SSIS-575,사진 대조 1차 교정본,321,"00:20:45,430 --> 00:20:57,190",11.76,꽤 적극적으로 나갔어요? 제 생각에는 그렇게까지…,했군요. 그렇구나.,네. 별로 잘하지 못했어요.,반말형,sub_0321_1245.4s.jpg,0.03,,,25.0,90.0,50.0,78.0,75.0,0.78033,0.0,66.0,0.0,0.0,0.2875,엄청 적극적으로 들이대네.,바로 위로 올라타네.,,47.83,T3,화자·문맥·자연스러움 집중 검토,,93.66546438232642,67.08,P2,앞뒤 5블록·사진·오류 기억을 함께 검토
SSIS-575,사진 대조 1차 교정본,322,"00:20:57,330 --> 00:21:02,830",5.5,네. 별로 잘하지 못했어요.,꽤 적극적으로 나갔어요? 제 생각에는 그렇게까지…,잘하지 못했다기보다는…,반응형,sub_0322_1257.3s.jpg,0.03,,,25.0,90.0,50.0,78.0,75.0,0.62656,0.0,66.0,0.0,0.0,0.216,"네, 말했어요.","네, 그랬어요.",사진 장면 확인 및 한국어 번역투·ASR 오역 교정,41.38,T3,화자·문맥·자연스러움 집중 검토,,76.96122633002706,56.32,P3,말투·질문응답·가독성 위주 검토
SSIS-575,사진 대조 1차 교정본,323,"00:21:03,550 --> 00:21:08,470",4.92,잘하지 못했다기보다는…,네. 별로 잘하지 못했어요.,조금 잘 안 풀렸어요.,반말형,sub_0323_1263.5s.jpg,0.05,,,25.0,90.0,50.0,78.0,75.0,0.55068,0.0,66.0,0.0,0.0,0.2688,기분 좋다기보다는 계속...,기분 좋다기보다는 계속…,,38.19,T3,화자·문맥·자연스러움 집중 검토,,64.44995491433724,49.22,P3,말투·질문응답·가독성 위주 검토
SSIS-575,사진 대조 1차 교정본,324,"00:21:08,830 --> 00:21:11,470",2.64,조금 잘 안 풀렸어요.,잘하지 못했다기보다는…,네. 그랬군요.,반응형,sub_0324_1268.8s.jpg,0.03,,,25.0,90.0,50.0,78.0,75.0,0.60798,0.0,66.0,0.0,0.0,0.2557,조금 쉬어요.,잠깐만요.,,40.6,T3,화자·문맥·자연스러움 집중 검토,,74.48151487826871,54.83,P3,말투·질문응답·가독성 위주 검토
SSIS-575,사진 대조 1차 교정본,325,"00:21:11,470 --> 00:21:13,390",1.92,네. 그랬군요.,조금 잘 안 풀렸어요.,대학교 친구들은…,반말형,sub_0325_1271.5s.jpg,0.03,,,25.0,90.0,50.0,78.0,75.0,0.42252,0.0,66.0,0.0,0.0,0.2023,그렇군요.,네…,타임스탬프 사진과 장면 흐름으로 명백한 오인식 교정,32.81,T4,구조검사 통과 시 유지,,43.237150586113614,37.19,P4,회귀검사 통과 시 유지
SSIS-575,사진 대조 1차 교정본,326,"00:21:14,050 --> 00:21:19,550",5.5,대학교 친구들은…,네. 그랬군요.,여자친구도 생기고…,중립·혼합형,sub_0326_1274.0s.jpg,0.05,,,25.0,90.0,50.0,78.0,75.0,0.53761,0.0,66.0,0.0,0.0,0.1048,친구들과의 점심 모임에서 창피를 당하는 건 지긋지긋했다.,친구들과 점심을 먹을 때마다 초라해지는 것도 지긋지긋했다.,내레이션 자연화,37.64,T3,화자·문맥·자연스러움 집중 검토,,62.21821460775473,47.96,P3,말투·질문응답·가독성 위주 검토
SSIS-575,사진 대조 1차 교정본,327,"00:21:19,550 --> 00:21:25,510",5.96,여자친구도 생기고…,대학교 친구들은…,그런 일도 하잖아요.,중립·혼합형,sub_0327_1279.5s.jpg,0.05,,,25.0,90.0,50.0,78.0,75.0,0.60675,0.0,66.0,0.0,0.0,0.079,그리고…,그리고 이제…,,40.54,T3,화자·문맥·자연스러움 집중 검토,,74.21100090171325,54.68,P3,말투·질문응답·가독성 위주 검토
SSIS-575,사진 대조 1차 교정본,328,"00:21:28,470 --> 00:21:32,630",4.16,그런 일도 하잖아요.,여자친구도 생기고…,그래서 저만 뒤처진 것 같았고요.,반응형,sub_0328_1288.5s.jpg,0.03,,,25.0,90.0,50.0,78.0,75.0,0.64233,0.0,66.0,0.0,0.0,0.1567,그런 음식은 없어요.,싫어하는 음식은 딱히 없어요.,사진 장면 확인 및 한국어 번역투·ASR 오역 교정,42.04,T3,화자·문맥·자연스러움 집중 검토,,79.26059513074843,57.67,P3,말투·질문응답·가독성 위주 검토
SSIS-575,사진 대조 1차 교정본,329,"00:21:33,110 --> 00:21:37,570",4.46,그래서 저만 뒤처진 것 같았고요.,그런 일도 하잖아요.,"아, 그랬군요. 조급했어요?",중립·혼합형,sub_0329_1293.1s.jpg,0.01,,,25.0,90.0,50.0,78.0,75.0,0.62788,0.0,66.0,0.0,0.0,0.1309,맞아요. 그래서 강사분이 너무 당황해서 불시착하고…,맞아요. 강사분도 당황할 만큼 아찔한 순간이 있었어요.,손상된 일본어 ASR + 타임스탬프 사진 + 앞뒤 문맥 추론,41.43,T3,화자·문맥·자연스러움 집중 검토,,77.23174030658251,56.47,P3,말투·질문응답·가독성 위주 검토
SSIS-575,사진 대조 1차 교정본,330,"00:21:38,430 --> 00:21:41,650",3.22,"아, 그랬군요. 조급했어요?",그래서 저만 뒤처진 것 같았고요.,호기심이었는지 조급함이었는지 모르겠어요.,반응형,sub_0330_1298.4s.jpg,0.03,,,25.0,90.0,50.0,78.0,75.0,0.59593,0.0,66.0,0.0,0.0,0.2148,"아, 아, 아, 아, 아, 아, 아,","아, 아, 아, 아, 아, 아, 아",,40.09,T3,화자·문맥·자연스러움 집중 검토,,72.38503155996393,53.65,P3,말투·질문응답·가독성 위주 검토
SSIS-575,사진 대조 1차 교정본,331,"00:21:41,810 --> 00:21:42,570",0.76,호기심이었는지 조급함이었는지 모르겠어요.,"아, 그랬군요. 조급했어요?",네. 그럴 수 있죠.,반응형,sub_0331_1301.8s.jpg,0.01,,,25.0,90.0,50.0,78.0,75.0,0.73136,0.0,66.0,61.58,0.0,0.1968,오늘 왜 이러는지 나도 모르겠어...,오늘 왜 이러는지 나도 모르겠어…,,51.94,T3,화자·문맥·자연스러움 집중 검토,high_cps,98.37691614066728,71.44,P2,앞뒤 5블록·사진·오류 기억을 함께 검토
SSIS-575,사진 대조 1차 교정본,332,"00:21:44,350 --> 00:21:47,310",2.96,네. 그럴 수 있죠.,호기심이었는지 조급함이었는지 모르겠어요.,알 것 같아요. 미안해요.,반말형,sub_0332_1304.3s.jpg,0.05,,,25.0,90.0,50.0,78.0,75.0,0.59244,0.0,66.0,0.0,0.0,0.1794,"네, 네.",네.,불필요한 반복 제거,39.94,T3,화자·문맥·자연스러움 집중 검토,,71.77637511271415,53.31,P3,말투·질문응답·가독성 위주 검토
SSIS-575,사진 대조 1차 교정본,333,"00:21:48,370 --> 00:21:49,930",1.56,알 것 같아요. 미안해요.,네. 그럴 수 있죠.,그러다 보니…,반응형,sub_0333_1308.4s.jpg,0.03,,,25.0,90.0,50.0,78.0,75.0,0.5533,0.0,66.0,0.0,0.0,0.4447,기쁠 것 같아요.,그러면 기쁠 것 같아요.,사진 장면 확인 및 한국어 번역투·ASR 오역 교정,38.3,T3,화자·문맥·자연스러움 집중 검토,,64.96844003606853,49.5,P3,말투·질문응답·가독성 위주 검토
SSIS-575,사진 대조 1차 교정본,334,"00:21:50,630 --> 00:21:53,970",3.34,그러다 보니…,알 것 같아요. 미안해요.,조급해져 버렸어요.,중립·혼합형,sub_0334_1310.6s.jpg,0.03,,,25.0,90.0,50.0,78.0,75.0,0.38912,0.0,66.0,0.0,0.0,0.2391,그러다 스즈모리 집에서 작업하다가 어느새 잠든 건가.,그러다 스즈모리 집에서 작업하다 나도 모르게 잠들었나 보다.,내레이션 자연화,31.4,T4,구조검사 통과 시 유지,,37.443642921550946,33.94,P4,회귀검사 통과 시 유지
SSIS-575,사진 대조 1차 교정본,335,"00:21:53,970 --> 00:21:55,690",1.72,조급해져 버렸어요.,그러다 보니…,"순서를 서두르고 서로 속도를 맞추지 못해
상대를 무섭게 한 것 같다는 거죠?",반응형,sub_0335_1314.0s.jpg,0.03,,,25.0,90.0,50.0,78.0,75.0,0.499,0.0,66.0,0.0,0.0,0.3314,말해 버렸어요?,소리 내 버렸어요?,사진 장면 확인 및 한국어 번역투·ASR 오역 교정,36.02,T3,화자·문맥·자연스러움 집중 검토,,55.770964833183044,44.32,P3,말투·질문응답·가독성 위주 검토
SSIS-575,사진 대조 1차 교정본,336,"00:21:56,890 --> 00:22:13,570",16.68,"순서를 서두르고 서로 속도를 맞추지 못해
상대를 무섭게 한 것 같다는 거죠?",조급해져 버렸어요.,그렇습니다. 그 뒤로는 제대로 못 했고요.,반말형,sub_0336_1316.9s.jpg,0.01,긴 번역투 문장 자연화,높음,25.0,90.0,50.0,92.0,75.0,0.5861,0.0,22.0,0.0,0.0,0.5429,순서를 잘못 잡거나 서로 속도가 맞지 않아 무섭게 한 것 같다는 거죠?,순서를 서두르고 서로 속도를 맞추지 못해 상대를 무섭게 한 것 같다는 거죠?,긴 번역투 문장 자연화,23.5,T4,구조검사 통과 시 유지,,14.42741208295762,19.69,P4,회귀검사 통과 시 유지
SSIS-575,사진 대조 1차 교정본,337,"00:22:18,450 --> 00:22:23,870",5.42,그렇습니다. 그 뒤로는 제대로 못 했고요.,"순서를 서두르고 서로 속도를 맞추지 못해
상대를 무섭게 한 것 같다는 거죠?",일할 때는 대화도 전혀 문제없는데…,존댓말형,sub_0337_1338.5s.jpg,0.05,,,25.0,90.0,50.0,78.0,75.0,0.65823,0.0,66.0,0.0,18.0,0.2436,그 뒤에 제대로 하고 싶네…,그 뒤에 제대로 해 보고 싶네.,일본어 원문 대조 + 자연스러운 한국어 대사 교정,44.15,T3,화자·문맥·자연스러움 집중 검토,formality_shift,85.68530207394048,61.59,P2,앞뒤 5블록·사진·오류 기억을 함께 검토
SSIS-575,사진 대조 1차 교정본,338,"00:22:27,570 --> 00:22:33,690",6.12,일할 때는 대화도 전혀 문제없는데…,그렇습니다. 그 뒤로는 제대로 못 했고요.,막상 연애를 어떻게 해야 할지 모르겠게 돼서…,중립·혼합형,sub_0338_1347.6s.jpg,0.03,,,25.0,90.0,50.0,78.0,79.0,0.82815,0.0,66.0,0.0,0.0,0.1801,대단하네요. 예쁘신데 대화도 잘 통하네요.,정말 대단하네요. 예쁘신 데다 대화도 잘 통하고요.,긴 칭찬 문장 자연화,50.08,T3,화자·문맥·자연스러움 집중 검토,,96.23534715960325,69.47,P2,앞뒤 5블록·사진·오류 기억을 함께 검토
SSIS-575,사진 대조 1차 교정본,339,"00:22:35,450 --> 00:22:46,770",11.32,막상 연애를 어떻게 해야 할지 모르겠게 돼서…,일할 때는 대화도 전혀 문제없는데…,네.,반말형,sub_0339_1355.5s.jpg,0.05,,,25.0,90.0,50.0,78.0,75.0,0.83941,0.0,66.0,0.0,0.0,0.2435,이따가 어떻게 해야 할지 가르쳐 줬잖아. 전부 깨끗하게 해.,아까 어떻게 하라고 했지? 전부 깨끗이 해.,사진 장면 확인 및 한국어 번역투·ASR 오역 교정,50.32,T3,화자·문맥·자연스러움 집중 검토,,96.68620378719567,69.79,P2,앞뒤 5블록·사진·오류 기억을 함께 검토
SSIS-575,사진 대조 1차 교정본,340,"00:22:46,770 --> 00:22:47,130",0.36,네.,막상 연애를 어떻게 해야 할지 모르겠게 돼서…,일도 꽤 바빴고…,반말형,sub_0340_1366.8s.jpg,0.03,,,25.0,90.0,50.0,78.0,75.0,0.01983,0.0,66.0,0.0,0.0,0.6489,"네, 네.",네.,불필요한 반복 제거,15.89,T4,구조검사 통과 시 유지,,6.086564472497746,11.77,P4,회귀검사 통과 시 유지
SSIS-575,사진 대조 1차 교정본,341,"00:22:50,850 --> 00:22:54,010",3.16,일도 꽤 바빴고…,네.,네.,중립·혼합형,sub_0341_1370.8s.jpg,0.05,,,25.0,90.0,50.0,78.0,75.0,0.48835,0.0,66.0,0.0,0.0,0.1285,"그날 이후로, 마치 아무 일도 없었던 것처럼,","그날 이후 우리는 아무 일도 없었던 것처럼 지냈고,",내레이션 연결 자연화,35.57,T3,화자·문맥·자연스러움 집중 검토,,53.832281334535615,43.24,P3,말투·질문응답·가독성 위주 검토
SSIS-575,사진 대조 1차 교정본,342,"00:22:54,010 --> 00:22:54,610",0.6,네.,일도 꽤 바빴고…,그러다 계속 미루게 됐어요.,반말형,sub_0342_1374.0s.jpg,0.01,,,25.0,90.0,50.0,78.0,75.0,0.01148,0.0,66.0,0.0,0.0,0.6489,"네, 네.",네.,불필요한 반복 제거,15.54,T4,구조검사 통과 시 유지,,3.5843101893597837,10.52,P4,회귀검사 통과 시 유지
SSIS-575,사진 대조 1차 교정본,343,"00:22:57,570 --> 00:22:58,810",1.24,그러다 계속 미루게 됐어요.,네.,질질 끌다가…,반응형,sub_0343_1377.6s.jpg,0.03,,,25.0,90.0,50.0,78.0,75.0,0.72356,0.0,66.0,0.0,0.0,0.2704,그리고 여기까지 할 수 있게 됐어요.,이제 여기까지 정리됐어요.,,45.45,T3,화자·문맥·자연스러움 집중 검토,,88.63841298467088,63.59,P2,앞뒤 5블록·사진·오류 기억을 함께 검토
SSIS-575,사진 대조 1차 교정본,344,"00:22:58,990 --> 00:23:00,090",1.1,질질 끌다가…,그러다 계속 미루게 됐어요.,못 한 채로…,중립·혼합형,sub_0344_1379.0s.jpg,0.01,,,25.0,90.0,50.0,78.0,75.0,0.52232,0.0,66.0,0.0,0.0,0.0961,엉덩이가…,갈 수 있어?,일본어 원문 + 타임스탬프 사진 + 장면 연속성,37.0,T3,화자·문맥·자연스러움 집중 검토,,59.31018935978359,46.37,P3,말투·질문응답·가독성 위주 검토
SSIS-575,사진 대조 1차 교정본,345,"00:23:00,090 --> 00:23:02,650",2.56,못 한 채로…,질질 끌다가…,스물아홉 살이 됐습니다.,중립·혼합형,sub_0345_1380.1s.jpg,0.01,,,25.0,90.0,50.0,78.0,75.0,0.4365,0.0,66.0,0.0,0.0,0.1863,계속 간 채로 있잖아…,계속 느끼고 있잖아…,타임스탬프 사진과 장면 흐름으로 명백한 오인식 교정,33.39,T4,구조검사 통과 시 유지,,45.28854824165916,38.39,P4,회귀검사 통과 시 유지
SSIS-575,사진 대조 1차 교정본,346,"00:23:02,650 --> 00:23:04,650",2.0,스물아홉 살이 됐습니다.,못 한 채로…,서른이 되기 전에는 하고 싶다는 거네요.,반응형,sub_0346_1382.7s.jpg,0.05,,,25.0,90.0,50.0,78.0,75.0,0.49694,0.0,66.0,0.0,18.0,0.2424,마음을 열어 주었고 정말 친해져서 성관계도 할 수 있게 됐습니다.,"마음을 열어 줬고, 이제는 정말 가까워져서 잠자리까지 가질 수 있었어요.",,37.37,T3,화자·문맥·자연스러움 집중 검토,formality_shift,60.685302073940484,47.16,P3,말투·질문응답·가독성 위주 검토
SSIS-575,사진 대조 1차 교정본,347,"00:23:06,530 --> 00:23:11,910",5.38,서른이 되기 전에는 하고 싶다는 거네요.,스물아홉 살이 됐습니다.,네.,반말형,sub_0347_1386.5s.jpg,0.03,,,25.0,90.0,50.0,78.0,75.0,0.6553,0.0,66.0,0.0,0.0,0.2034,너와 함께 맛보고 싶다는 뜻이야.,너와 같이 느끼고 싶다는 뜻이야.,,42.58,T3,화자·문맥·자연스러움 집중 검토,,81.10910730387737,58.76,P2,앞뒤 5블록·사진·오류 기억을 함께 검토
SSIS-575,사진 대조 1차 교정본,348,"00:23:13,090 --> 00:23:13,270",0.18,네.,서른이 되기 전에는 하고 싶다는 거네요.,네.,반말형,sub_0348_1393.1s.jpg,0.01,,,25.0,90.0,50.0,78.0,75.0,0.00549,0.0,66.0,0.0,0.0,0.6489,"네, 네.",네.,불필요한 반복 제거,15.29,T4,구조검사 통과 시 유지,,0.563570784490532,9.1,P4,회귀검사 통과 시 유지
SSIS-575,사진 대조 1차 교정본,349,"00:23:13,270 --> 00:23:13,290",0.02,네.,네.,할 수 있다면…,반말형,sub_0349_1393.3s.jpg,0.03,,,25.0,90.0,50.0,78.0,75.0,0.01577,0.0,66.0,70.0,0.0,0.6489,"네, 네.",네.,불필요한 반복 제거,22.72,T4,구조검사 통과 시 유지,high_cps,13.097385031559963,18.68,P4,회귀검사 통과 시 유지
SSIS-575,사진 대조 1차 교정본,350,"00:23:14,050 --> 00:23:17,290",3.24,할 수 있다면…,네.,뭔가 하나의 전환점까지는 아니지만…,중립·혼합형,sub_0350_1394.0s.jpg,0.05,,,25.0,90.0,50.0,78.0,75.0,0.56766,0.0,66.0,0.0,0.0,0.1793,이쪽 보면서 할 수 있어.,이쪽 보면서 해 줘.,일본어 원문 대조 + 자연스러운 한국어 대사 교정,38.9,T3,화자·문맥·자연스러움 집중 검토,,67.49323715058611,50.91,P3,말투·질문응답·가독성 위주 검토
SSIS-575,사진 대조 1차 교정본,351,"00:23:18,290 --> 00:23:20,430",2.14,뭔가 하나의 전환점까지는 아니지만…,할 수 있다면…,그런 경험을 해 두면…,반응형,sub_0351_1398.3s.jpg,0.01,,,25.0,90.0,50.0,78.0,75.0,0.77307,0.0,66.0,0.0,0.0,0.2196,싫은 건 아니지만...,싫은 건 아니지만…,,47.53,T3,화자·문맥·자연스러움 집중 검토,,93.14697926059513,66.69,P2,앞뒤 5블록·사진·오류 기억을 함께 검토
SSIS-575,사진 대조 1차 교정본,352,"00:23:25,860 --> 00:23:29,000",3.14,그런 경험을 해 두면…,뭔가 하나의 전환점까지는 아니지만…,네.,반말형,sub_0352_1405.9s.jpg,0.04,,,25.0,90.0,50.0,78.0,75.0,0.65609,0.0,66.0,0.0,0.0,0.3287,오늘 색다른 경험을 다 해 보네.,오늘 색다른 경험은 다 해 보네.,조사 교정,42.62,T3,화자·문맥·자연스러움 집중 검토,,81.3570784490532,58.89,P2,앞뒤 5블록·사진·오류 기억을 함께 검토
SSIS-575,사진 대조 1차 교정본,353,"00:23:29,800 --> 00:23:30,160",0.36,네.,그런 경험을 해 두면…,저 자신도 속이 후련해진다고 할까…,반말형,sub_0353_1409.8s.jpg,0.0,,,25.0,90.0,50.0,78.0,75.0,0.01299,0.0,66.0,0.0,0.0,0.6489,"네, 네.",네.,불필요한 반복 제거,15.61,T4,구조검사 통과 시 유지,,4.260595130748422,10.84,P4,회귀검사 통과 시 유지
SSIS-575,사진 대조 1차 교정본,354,"00:23:31,760 --> 00:23:35,840",4.08,저 자신도 속이 후련해진다고 할까…,네.,마음속에…,반말형,sub_0354_1411.8s.jpg,0.04,,,25.0,90.0,50.0,78.0,75.0,0.74001,0.0,66.0,0.0,0.0,0.2172,속이 기분 좋네.,안쪽이 기분 좋네.,신체 부위 표현 교정,46.14,T3,화자·문맥·자연스러움 집중 검토,,90.17132551848512,64.63,P2,앞뒤 5블록·사진·오류 기억을 함께 검토
SSIS-575,사진 대조 1차 교정본,355,"00:23:36,620 --> 00:23:37,900",1.28,마음속에…,저 자신도 속이 후련해진다고 할까…,쌓인 답답함이…,중립·혼합형,sub_0355_1416.6s.jpg,0.02,,,25.0,90.0,50.0,78.0,75.0,0.39179,0.0,66.0,0.0,0.0,0.1873,상처는 마음속 깊이 남았다.,그 상처는 마음 깊이 남았다.,,31.52,T4,구조검사 통과 시 유지,,37.78178539224527,34.15,P4,회귀검사 통과 시 유지
SSIS-575,사진 대조 1차 교정본,356,"00:23:38,140 --> 00:23:39,740",1.6,쌓인 답답함이…,마음속에…,네.,중립·혼합형,sub_0356_1418.1s.jpg,0.04,,,25.0,90.0,50.0,78.0,75.0,0.47383,0.0,66.0,0.0,0.0,0.085,벌써 끝부분이…,벌써 끝이…,손상된 일본어 ASR + 타임스탬프 사진 + 앞뒤 문맥 추론,34.96,T4,구조검사 통과 시 유지,,51.42019837691614,41.87,P3,말투·질문응답·가독성 위주 검토
SSIS-575,사진 대조 1차 교정본,357,"00:23:39,880 --> 00:23:40,120",0.24,네.,쌓인 답답함이…,없어지면 좋겠다고…,반말형,sub_0357_1419.9s.jpg,0.02,,,25.0,90.0,50.0,78.0,75.0,0.01315,0.0,66.0,0.0,0.0,0.6489,"네, 네.",네.,불필요한 반복 제거,15.61,T4,구조검사 통과 시 유지,,4.260595130748422,10.84,P4,회귀검사 통과 시 유지
SSIS-575,사진 대조 1차 교정본,358,"00:23:41,440 --> 00:23:42,380",0.94,없어지면 좋겠다고…,네.,음.,반응형,sub_0358_1421.4s.jpg,0.04,,,25.0,90.0,50.0,78.0,75.0,0.46628,0.0,66.0,0.0,0.0,0.2665,많이 하는 게 좋겠다고 생각한 날.,이런 속옷 좋아할 것 같아서 가져왔어요.,타임스탬프 사진과 앞뒤 장면으로 대사 기능 복원,34.64,T4,구조검사 통과 시 유지,,50.586113615870154,41.34,P3,말투·질문응답·가독성 위주 검토
SSIS-575,사진 대조 1차 교정본,359,"00:23:42,380 --> 00:23:44,720",2.34,음.,없어지면 좋겠다고…,계속 생각했어요.,중립·혼합형,sub_0359_1422.4s.jpg,0.02,,,25.0,90.0,50.0,78.0,75.0,0.33837,0.0,66.0,0.0,0.0,0.3913,음...,음…,,29.27,T4,구조검사 통과 시 유지,,30.11722272317403,29.63,P4,회귀검사 통과 시 유지
SSIS-575,사진 대조 1차 교정본,360,"00:23:45,060 --> 00:23:47,140",2.08,계속 생각했어요.,음.,네.,반응형,sub_0360_1425.1s.jpg,0.04,,,25.0,90.0,50.0,78.0,75.0,0.50718,0.0,66.0,0.0,0.0,0.6395,계속 생각했어.,부끄러워? 뭔가 야하네.,일본어 원문 + 타임스탬프 사진 + 장면 연속성,36.36,T3,화자·문맥·자연스러움 집중 검토,,56.71776375112714,44.91,P3,말투·질문응답·가독성 위주 검토
SSIS-575,사진 대조 1차 교정본,361,"00:23:47,540 --> 00:23:47,640",0.1,네.,계속 생각했어요.,그런데 어떻게 해야 할지도 모르고…,반말형,sub_0361_1427.5s.jpg,0.04,,,25.0,90.0,50.0,78.0,75.0,0.0222,0.0,66.0,25.0,0.0,0.6489,"네, 네.",네.,불필요한 반복 제거,18.49,T4,구조검사 통과 시 유지,borderline_cps,9.513074842200181,14.72,P4,회귀검사 통과 시 유지
SSIS-575,사진 대조 1차 교정본,362,"00:23:49,240 --> 00:23:51,740",2.5,그런데 어떻게 해야 할지도 모르고…,네.,누구에게 상담하기도…,반응형,sub_0362_1429.2s.jpg,0.04,,,25.0,90.0,50.0,78.0,75.0,0.80239,0.0,66.0,0.0,0.0,0.2262,이따가 어떻게 해야 할지 가르쳐 줬잖아. 전부 깨끗하게 해.,아까 어떻게 하라고 했지? 전부 깨끗이 해.,사진 장면 확인 및 한국어 번역투·ASR 오역 교정,48.76,T3,화자·문맥·자연스러움 집중 검토,,94.86023444544635,68.12,P2,앞뒤 5블록·사진·오류 기억을 함께 검토
SSIS-575,사진 대조 1차 교정본,363,"00:23:52,860 --> 00:23:55,580",2.72,누구에게 상담하기도…,그런데 어떻게 해야 할지도 모르고…,그렇죠.,중립·혼합형,sub_0363_1432.9s.jpg,0.04,,,25.0,90.0,50.0,78.0,75.0,0.66268,0.0,66.0,0.0,0.0,0.0831,우리는 누구일까요?,[불명],,42.89,T3,화자·문맥·자연스러움 집중 검토,,82.23624887285843,59.42,P2,앞뒤 5블록·사진·오류 기억을 함께 검토
SSIS-575,사진 대조 1차 교정본,364,"00:23:56,060 --> 00:23:56,700",0.64,그렇죠.,누구에게 상담하기도…,이런 얘기는 하기 어렵죠.,중립·혼합형,sub_0364_1436.1s.jpg,0.04,,,25.0,90.0,50.0,78.0,75.0,0.31275,0.0,66.0,0.0,0.0,0.1036,그렇구나.,손 정말 잘 쓰네.,일본어 원문 + 타임스탬프 사진 + 장면 연속성,28.2,T4,구조검사 통과 시 유지,,26.62308385933273,27.54,P4,회귀검사 통과 시 유지
SSIS-575,사진 대조 1차 교정본,365,"00:23:57,280 --> 00:23:58,540",1.26,이런 얘기는 하기 어렵죠.,그렇죠.,이 나이가 되고 나니 더 그렇고.,반응형,sub_0365_1437.3s.jpg,0.02,,,25.0,90.0,50.0,78.0,75.0,0.67734,0.0,66.0,0.0,0.0,0.1399,혀를 움직이는 편이 하기 편하네...,혀를 움직이는 편이 하기 편하네…,,43.51,T3,화자·문맥·자연스러움 집중 검토,,83.76916140667268,60.42,P2,앞뒤 5블록·사진·오류 기억을 함께 검토
SSIS-575,사진 대조 1차 교정본,366,"00:23:58,860 --> 00:24:00,360",1.5,이 나이가 되고 나니 더 그렇고.,이런 얘기는 하기 어렵죠.,네.,중립·혼합형,sub_0366_1438.9s.jpg,0.04,,,25.0,90.0,50.0,78.0,75.0,0.72105,0.0,66.0,0.0,0.0,0.1961,"아아, 이제 하나가 되고 싶다고.",이제 너와 하나가 되고 싶어.,화면 영문 자막 대조,45.34,T3,화자·문맥·자연스러움 집중 검토,,88.45807033363391,63.45,P2,앞뒤 5블록·사진·오류 기억을 함께 검토
SSIS-575,사진 대조 1차 교정본,367,"00:24:00,620 --> 00:24:00,820",0.2,네.,이 나이가 되고 나니 더 그렇고.,네.,반말형,sub_0367_1440.6s.jpg,0.02,,,25.0,90.0,50.0,78.0,75.0,0.00777,0.0,66.0,0.0,0.0,0.6489,"네, 네.",네.,불필요한 반복 제거,15.39,T4,구조검사 통과 시 유지,,1.7357980162308388,9.66,P4,회귀검사 통과 시 유지
SSIS-575,사진 대조 1차 교정본,368,"00:24:00,820 --> 00:24:00,960",0.14,네.,네.,그렇죠.,반말형,sub_0368_1440.8s.jpg,0.02,,,25.0,90.0,50.0,78.0,75.0,0.00879,0.0,66.0,0.0,0.0,0.6489,"네, 네.",네.,불필요한 반복 제거,15.43,T4,구조검사 통과 시 유지,,2.479711451758341,9.99,P4,회귀검사 통과 시 유지
SSIS-575,사진 대조 1차 교정본,369,"00:24:01,140 --> 00:24:01,520",0.38,그렇죠.,네.,그렇네요.,중립·혼합형,sub_0369_1441.1s.jpg,0.04,,,25.0,90.0,50.0,78.0,75.0,0.20297,0.0,66.0,0.0,0.0,0.1036,그렇구나.,손 정말 잘 쓰네.,일본어 원문 + 타임스탬프 사진 + 장면 연속성,23.58,T4,구조검사 통과 시 유지,,14.517583408476103,19.77,P4,회귀검사 통과 시 유지
SSIS-575,사진 대조 1차 교정본,370,"00:24:02,300 --> 00:24:03,340",1.04,그렇네요.,그렇죠.,네.,반말형,sub_0370_1442.3s.jpg,0.0,,,25.0,90.0,50.0,78.0,75.0,0.22047,0.0,66.0,0.0,0.0,0.2933,이 건물 안에 있나 봐요. 그렇네요. 저쪽에 엘리베이터가 있고 위로 올라가면 수족관에 펭귄이 있어요. 저 펭귄 정말 좋아해요.,건물 안으로 들어가 엘리베이터를 타면 위층에 수족관이 있어요. 저는 펭귄을 좋아해요.,사진 장면 확인 및 한국어 번역투·ASR 오역 교정,24.32,T4,구조검사 통과 시 유지,,15.82506762849414,20.75,P4,회귀검사 통과 시 유지
SSIS-575,사진 대조 1차 교정본,371,"00:24:04,020 --> 00:24:04,180",0.16,네.,그렇네요.,네.,반말형,sub_0371_1444.0s.jpg,0.02,,,25.0,90.0,50.0,78.0,75.0,0.00435,0.0,66.0,0.0,0.0,0.6489,"네, 네.",네.,불필요한 반복 제거,15.24,T4,구조검사 통과 시 유지,,0.2254283137962128,8.93,P4,회귀검사 통과 시 유지
SSIS-575,사진 대조 1차 교정본,372,"00:24:06,100 --> 00:24:06,360",0.26,네.,네.,네.,반말형,sub_0372_1446.1s.jpg,0.0,,,25.0,90.0,50.0,78.0,75.0,0.00634,0.0,66.0,0.0,30.0,0.6489,"네, 네.",네.,불필요한 반복 제거,17.73,T4,구조검사 통과 시 유지,triple_identical_run,8.994589720468891,14.06,P4,회귀검사 통과 시 유지
SSIS-575,사진 대조 1차 교정본,373,"00:24:07,840 --> 00:24:08,080",0.24,네.,네.,너무 많이…,반말형,sub_0373_1447.8s.jpg,0.04,,,25.0,90.0,50.0,78.0,75.0,0.01046,0.0,66.0,0.0,0.0,0.6489,"네, 네.",네.,불필요한 반복 제거,15.5,T4,구조검사 통과 시 유지,,3.3363390441839496,10.39,P4,회귀검사 통과 시 유지
SSIS-575,사진 대조 1차 교정본,374,"00:24:09,080 --> 00:24:11,360",2.28,너무 많이…,네.,생각하는 것 같기도 해요.,중립·혼합형,sub_0374_1449.1s.jpg,0.02,,,25.0,90.0,50.0,78.0,75.0,0.40467,0.0,66.0,0.0,0.0,0.2964,너무 많이 지워 버렸어.,엄청 젖어 버렸어.,사진 장면 확인 및 한국어 번역투·ASR 오역 교정,32.06,T4,구조검사 통과 시 유지,,40.19386834986474,35.48,P4,회귀검사 통과 시 유지
SSIS-575,사진 대조 1차 교정본,375,"00:24:12,040 --> 00:24:14,040",2.0,생각하는 것 같기도 해요.,너무 많이…,네.,반말형,sub_0375_1452.0s.jpg,0.04,,,25.0,90.0,50.0,78.0,75.0,0.63536,0.0,66.0,0.0,0.0,0.1837,몸을 생각하면 제대로 하는 게 맞아요.,몸에 무리가 가지 않게 제대로 해야 해요.,,41.75,T3,화자·문맥·자연스러움 집중 검토,,78.62939585211902,57.24,P3,말투·질문응답·가독성 위주 검토
SSIS-575,사진 대조 1차 교정본,376,"00:24:15,000 --> 00:24:15,220",0.22,네.,생각하는 것 같기도 해요.,억지로 해 버렸다고…,반말형,sub_0376_1455.0s.jpg,0.0,,,25.0,90.0,50.0,78.0,75.0,0.01337,0.0,66.0,0.0,0.0,0.6489,"네, 네.",네.,불필요한 반복 제거,15.62,T4,구조검사 통과 시 유지,,4.3958521190261495,10.91,P4,회귀검사 통과 시 유지
SSIS-575,사진 대조 1차 교정본,377,"00:24:17,980 --> 00:24:20,020",2.04,억지로 해 버렸다고…,네.,말했지만…,반말형,sub_0377_1458.0s.jpg,0.02,,,25.0,90.0,50.0,78.0,75.0,0.67397,0.0,66.0,0.0,0.0,0.3059,"아, 해 버렸다.","아, 찍혔다.",일본어 원문 대조 + 자연스러운 한국어 대사 교정,43.37,T3,화자·문맥·자연스러움 집중 검토,,83.22813345356177,60.11,P2,앞뒤 5블록·사진·오류 기억을 함께 검토
SSIS-575,사진 대조 1차 교정본,378,"00:24:20,200 --> 00:24:21,260",1.06,말했지만…,억지로 해 버렸다고…,네.,반말형,sub_0378_1460.2s.jpg,0.0,,,25.0,90.0,50.0,78.0,75.0,0.42259,0.0,66.0,0.0,0.0,0.2846,하지만…,그래도…,,32.81,T4,구조검사 통과 시 유지,,43.237150586113614,37.19,P4,회귀검사 통과 시 유지
SSIS-575,사진 대조 1차 교정본,379,"00:24:22,620 --> 00:24:22,800",0.18,네.,말했지만…,그렇게까지 심하지는 않았을지도 몰라요.,반말형,sub_0379_1462.6s.jpg,0.02,,,25.0,90.0,50.0,78.0,75.0,0.0142,0.0,66.0,0.0,0.0,0.6489,"네, 네.",네.,불필요한 반복 제거,15.66,T4,구조검사 통과 시 유지,,4.733994589720469,11.07,P4,회귀검사 통과 시 유지
SSIS-575,사진 대조 1차 교정본,380,"00:24:23,580 --> 00:24:25,240",1.66,그렇게까지 심하지는 않았을지도 몰라요.,네.,괜찮아요.,반말형,sub_0380_1463.6s.jpg,0.02,,,25.0,90.0,50.0,78.0,75.0,0.77422,0.0,66.0,0.0,0.0,0.3709,"아, 그렇게까지 심하진 않고.",그렇게 세게 하진 않았어.,타임스탬프 사진과 앞뒤 장면으로 대사 기능 복원,47.58,T3,화자·문맥·자연스러움 집중 검토,,93.28223624887286,66.77,P2,앞뒤 5블록·사진·오류 기억을 함께 검토
SSIS-575,사진 대조 1차 교정본,381,"00:24:26,140 --> 00:24:26,940",0.8,괜찮아요.,그렇게까지 심하지는 않았을지도 몰라요.,네?,반응형,sub_0381_1466.1s.jpg,0.04,,,25.0,90.0,50.0,78.0,75.0,0.36543,11.21,66.0,0.0,0.0,0.7434,말해도 괜찮아요.,"괜찮아, 계속해.",일본어 원문 대조 + 자연스러운 한국어 대사 교정,32.43,T4,구조검사 통과 시 유지,,41.298467087466186,36.15,P4,회귀검사 통과 시 유지
SSIS-575,사진 대조 1차 교정본,382,"00:24:27,560 --> 00:24:27,800",0.24,네?,괜찮아요.,네?,반말형,sub_0382_1467.6s.jpg,0.04,,,25.0,90.0,50.0,78.0,75.0,0.19407,0.0,66.0,0.0,0.0,0.2517,진짜네?,진짜?,일본어 원문 대조 + 자연스러운 한국어 대사 교정,23.21,T4,구조검사 통과 시 유지,,13.796212804328222,19.26,P4,회귀검사 통과 시 유지
SSIS-575,사진 대조 1차 교정본,383,"00:24:29,720 --> 00:24:30,100",0.38,네?,네?,아…,반말형,sub_0383_1469.7s.jpg,0.02,,,25.0,90.0,50.0,78.0,75.0,0.22116,0.0,66.0,0.0,0.0,0.2517,진짜네?,진짜?,일본어 원문 대조 + 자연스러운 한국어 대사 교정,24.35,T4,구조검사 통과 시 유지,,16.00541027953111,20.85,P4,회귀검사 통과 시 유지
SSIS-575,사진 대조 1차 교정본,384,"00:24:31,880 --> 00:24:32,180",0.3,아…,네?,"그, 그렇다면…",반응형,sub_0384_1471.9s.jpg,0.02,,,25.0,90.0,50.0,78.0,75.0,0.19814,14.76,66.0,0.0,0.0,0.773,"싫어, 아… 아… 아…",싫어… 아… 아…,일본어 원문 대조 + 자연스러운 한국어 대사 교정,26.04,T4,구조검사 통과 시 유지,,19.95040577096483,23.48,P4,회귀검사 통과 시 유지
SSIS-575,사진 대조 1차 교정본,385,"00:24:34,460 --> 00:24:35,900",1.44,"그, 그렇다면…",아…,하지만…,중립·혼합형,sub_0385_1474.5s.jpg,0.04,,,25.0,90.0,50.0,78.0,75.0,0.46496,0.0,66.0,0.0,0.0,0.4615,"그렇다면,",그렇다면,,34.59,T4,구조검사 통과 시 유지,,50.270513976555456,41.18,P3,말투·질문응답·가독성 위주 검토
SSIS-575,사진 대조 1차 교정본,386,"00:24:36,900 --> 00:24:37,060",0.16,하지만…,"그, 그렇다면…",뭔가…,반말형,sub_0386_1476.9s.jpg,0.0,,,25.0,90.0,50.0,78.0,75.0,0.38236,42.0,66.0,55.0,0.0,1.0,하지만…,그래도…,,44.18,T3,화자·문맥·자연스러움 집중 검토,high_cps,85.7980162308386,61.66,P2,앞뒤 5블록·사진·오류 기억을 함께 검토
SSIS-575,사진 대조 1차 교정본,387,"00:24:38,720 --> 00:24:38,880",0.16,뭔가…,하지만…,네.,중립·혼합형,sub_0387_1478.7s.jpg,0.02,,,25.0,90.0,50.0,78.0,75.0,0.36274,0.0,66.0,25.0,0.0,0.5997,한 번에 하자. 뭔가…,이제 자자. 불도 조금 어둡게 해 줘.,사진 장면 확인 및 한국어 번역투·ASR 오역 교정,32.8,T4,구조검사 통과 시 유지,borderline_cps,43.14697926059513,37.15,P4,회귀검사 통과 시 유지
SSIS-575,사진 대조 1차 교정본,388,"00:24:39,440 --> 00:24:39,560",0.12,네.,뭔가…,잘 모르겠어요.,반말형,sub_0388_1479.4s.jpg,0.04,,,25.0,90.0,50.0,78.0,75.0,0.01509,0.0,66.0,25.0,0.0,0.6489,"네, 네.",네.,불필요한 반복 제거,18.19,T4,구조검사 통과 시 유지,borderline_cps,9.287646528403966,14.45,P4,회귀검사 통과 시 유지
SSIS-575,사진 대조 1차 교정본,389,"00:24:39,940 --> 00:24:40,740",0.8,잘 모르겠어요.,네.,저도 모르겠게 됐어요.,반응형,sub_0389_1479.9s.jpg,0.04,,,25.0,90.0,50.0,78.0,75.0,0.54077,0.0,66.0,0.0,0.0,0.3429,어디가 좋은지 모르겠어?,어디가 좋은지 아직 모르겠어?,일본어 원문 대조 + 자연스러운 한국어 대사 교정,37.77,T3,화자·문맥·자연스러움 집중 검토,,62.804328223624886,48.28,P3,말투·질문응답·가독성 위주 검토
SSIS-575,사진 대조 1차 교정본,390,"00:24:42,920 --> 00:24:43,820",0.9,저도 모르겠게 됐어요.,잘 모르겠어요.,그…,반응형,sub_0390_1482.9s.jpg,0.02,,,25.0,90.0,50.0,78.0,75.0,0.69261,0.0,66.0,0.0,0.0,0.2979,그리고 여기까지 할 수 있게 됐어요.,이제 여기까지 정리됐어요.,,44.15,T3,화자·문맥·자연스러움 집중 검토,,85.68530207394048,61.59,P2,앞뒤 5블록·사진·오류 기억을 함께 검토
SSIS-575,사진 대조 1차 교정본,391,"00:24:48,580 --> 00:24:48,780",0.2,그…,저도 모르겠게 됐어요.,갑자기…,중립·혼합형,sub_0391_1488.6s.jpg,0.02,,,25.0,90.0,50.0,78.0,75.0,0.26306,0.0,66.0,0.0,0.0,0.054,그리고…,그리고 이제…,,26.11,T4,구조검사 통과 시 유지,,20.198376916140667,23.63,P4,회귀검사 통과 시 유지
SSIS-575,사진 대조 1차 교정본,392,"00:24:49,880 --> 00:24:50,460",0.58,갑자기…,그…,뭐라고 해야 하지.,중립·혼합형,sub_0392_1489.9s.jpg,0.02,,,25.0,90.0,50.0,78.0,75.0,0.29128,0.0,66.0,0.0,0.0,0.2712,"갑자기... 안 돼, 안 돼.","갑자기… 안 돼, 안 돼.",,27.29,T4,구조검사 통과 시 유지,,24.165915238954014,25.98,P4,회귀검사 통과 시 유지
SSIS-575,사진 대조 1차 교정본,393,"00:24:50,780 --> 00:24:51,600",0.82,뭐라고 해야 하지.,갑자기…,멀어졌어요.,반말형,sub_0393_1490.8s.jpg,0.02,,,25.0,90.0,50.0,78.0,75.0,0.51705,42.0,66.0,0.0,0.0,1.0,뭐라고 해야 하지.,뭐라고 해야 할지…,문장 종결 자연화,44.34,T3,화자·문맥·자연스러움 집중 검토,,86.1136158701533,61.88,P2,앞뒤 5블록·사진·오류 기억을 함께 검토
SSIS-575,사진 대조 1차 교정본,394,"00:24:52,980 --> 00:24:53,440",0.46,멀어졌어요.,뭐라고 해야 하지.,네.,반응형,sub_0394_1493.0s.jpg,0.02,,,25.0,90.0,50.0,78.0,75.0,0.34116,0.0,66.0,0.0,0.0,0.1295,사람이 더 없어졌어.,사람이 완전히 없어졌네.,일본어 원문 대조 + 자연스러운 한국어 대사 교정,29.39,T4,구조검사 통과 시 유지,,30.432822362488725,29.83,P4,회귀검사 통과 시 유지
SSIS-575,사진 대조 1차 교정본,395,"00:24:53,800 --> 00:24:54,100",0.3,네.,멀어졌어요.,상대가 물러났다고 해야 할까요.,반말형,sub_0395_1493.8s.jpg,0.0,,,25.0,90.0,50.0,78.0,75.0,0.01038,0.0,66.0,0.0,0.0,0.6489,"네, 네.",네.,불필요한 반복 제거,15.5,T4,구조검사 통과 시 유지,,3.3363390441839496,10.39,P4,회귀검사 통과 시 유지
SSIS-575,사진 대조 1차 교정본,396,"00:24:54,300 --> 00:24:55,820",1.52,상대가 물러났다고 해야 할까요.,네.,그 짧은 순간만 아주 선명하게 남아 있어서요.,중립·혼합형,sub_0396_1494.3s.jpg,0.0,,,25.0,90.0,50.0,78.0,75.0,0.74838,0.0,66.0,0.0,0.0,0.1642,뭐라고 해야 돼?,뭐라고 말하면 돼?,일본어 원문 대조 + 자연스러운 한국어 대사 교정,46.49,T3,화자·문맥·자연스러움 집중 검토,,91.02795311091073,65.2,P2,앞뒤 5블록·사진·오류 기억을 함께 검토
SSIS-575,사진 대조 1차 교정본,397,"00:24:56,320 --> 00:24:58,840",2.52,그 짧은 순간만 아주 선명하게 남아 있어서요.,상대가 물러났다고 해야 할까요.,"아, 그렇군요.",중립·혼합형,sub_0397_1496.3s.jpg,0.02,,,25.0,90.0,50.0,78.0,75.0,0.83111,0.0,66.0,0.0,0.0,0.1433,보너스 장면은 아직 남아 있어요…,아직 끝난 거 아니야.,타임스탬프 사진과 장면 흐름으로 명백한 오인식 교정,49.97,T3,화자·문맥·자연스러움 집중 검토,,95.89720468890893,69.26,P2,앞뒤 5블록·사진·오류 기억을 함께 검토
SSIS-575,사진 대조 1차 교정본,398,"00:24:58,920 --> 00:25:00,280",1.36,"아, 그렇군요.",그 짧은 순간만 아주 선명하게 남아 있어서요.,계속 떠오른다고 할까.,반응형,sub_0398_1498.9s.jpg,0.02,,,25.0,90.0,50.0,78.0,75.0,0.59333,34.83,66.0,0.0,0.0,0.9403,그렇군요.,네…,타임스탬프 사진과 장면 흐름으로 명백한 오인식 교정,46.25,T3,화자·문맥·자연스러움 집중 검토,,90.3516681695221,64.77,P2,앞뒤 5블록·사진·오류 기억을 함께 검토
SSIS-575,사진 대조 1차 교정본,399,"00:25:00,280 --> 00:25:02,540",2.26,계속 떠오른다고 할까.,"아, 그렇군요.",그런 느낌이에요.,중립·혼합형,sub_0399_1500.3s.jpg,0.02,,,25.0,90.0,50.0,78.0,75.0,0.52954,0.0,66.0,0.0,0.0,0.397,뭐 할까.,이제 뭐 할까?,일본어 원문 대조 + 자연스러운 한국어 대사 교정,37.3,T3,화자·문맥·자연스러움 집중 검토,,60.324616771866545,46.97,P3,말투·질문응답·가독성 위주 검토
SSIS-575,사진 대조 1차 교정본,400,"00:25:03,780 --> 00:25:04,460",0.68,그런 느낌이에요.,계속 떠오른다고 할까.,뭐랄까…,존댓말형,sub_0400_1503.8s.jpg,0.02,,,25.0,90.0,50.0,78.0,75.0,0.49892,0.0,66.0,0.0,0.0,0.5556,뭔가 분위기가 달라진 느낌이에요.,분위기가 확 달라졌어요.,사진 장면 확인 및 한국어 번역투·ASR 오역 교정,36.01,T3,화자·문맥·자연스러움 집중 검토,,55.68079350766456,44.27,P3,말투·질문응답·가독성 위주 검토
SSIS-575,사진 대조 1차 교정본,401,"00:25:04,600 --> 00:25:05,060",0.46,뭐랄까…,그런 느낌이에요.,괜찮아.,중립·혼합형,sub_0401_1504.6s.jpg,0.0,,,25.0,90.0,50.0,78.0,75.0,0.21381,0.0,66.0,0.0,0.0,0.0972,"신경 안 쓰여? 별로. 별로 안 쓰여. 뭐랄까? 눈 쪽이... 엄청 예뻐, 여기. 우와~ 발견해 버렸다. 와, 좋네요 이거. 대박. 어, 엄청 예쁘다. 반대로 좀 무섭네. 바닥. 와, 대박. 여기 봐봐. 좋네요.","신경 안 쓰여? 별로. 별로 안 쓰여. 뭐랄까? 눈 쪽이… 엄청 예뻐, 여기. 우와… 발견해 버렸다. 와, 좋네요 이거. 대박. 어, 엄청 예쁘다. 반대로 좀 무섭네. 바닥. 와, 대박. 여기 봐봐. 좋네요.",,24.04,T4,구조검사 통과 시 유지,,15.329125338142472,20.38,P4,회귀검사 통과 시 유지
SSIS-575,사진 대조 1차 교정본,402,"00:25:05,060 --> 00:25:05,460",0.4,괜찮아.,뭐랄까…,괜찮아?,반응형,sub_0402_1505.1s.jpg,0.04,,,25.0,90.0,50.0,78.0,75.0,0.19669,42.0,66.0,0.0,0.0,1.0,괜찮아.,최고예요.,화면 영문 자막 대조,30.88,T4,구조검사 통과 시 유지,,35.482416591523894,32.81,P4,회귀검사 통과 시 유지
SSIS-575,사진 대조 1차 교정본,403,"00:25:08,160 --> 00:25:08,660",0.5,괜찮아?,괜찮아.,정말 괜찮아?,반응형,sub_0403_1508.2s.jpg,0.04,,,25.0,90.0,50.0,78.0,75.0,0.18035,0.0,66.0,0.0,0.0,0.4653,더 해줘도 돼? 더 해줘. 괜찮아?,더 해 줘도 돼? 더 해 줘. 괜찮아?,,22.63,T4,구조검사 통과 시 유지,,12.939585211902616,18.56,P4,회귀검사 통과 시 유지
SSIS-575,사진 대조 1차 교정본,404,"00:25:09,080 --> 00:25:09,420",0.34,정말 괜찮아?,괜찮아?,괜찮다니까.,반응형,sub_0404_1509.1s.jpg,0.02,,,25.0,90.0,50.0,78.0,75.0,0.39638,0.0,66.0,25.0,0.0,0.3989,더 해줘도 돼? 더 해줘. 괜찮아?,더 해 줘도 돼? 더 해 줘. 괜찮아?,,34.21,T4,구조검사 통과 시 유지,borderline_cps,48.557258791704236,40.24,P3,말투·질문응답·가독성 위주 검토
SSIS-575,사진 대조 1차 교정본,405,"00:25:10,000 --> 00:25:10,140",0.14,괜찮다니까.,정말 괜찮아?,조금 놀랐어요.,중립·혼합형,sub_0405_1510.0s.jpg,0.0,,,25.0,90.0,50.0,78.0,75.0,0.35895,0.0,66.0,70.0,0.0,0.1488,"자, 더 해줄 테니까.","자, 더 해 줄 테니까.",,37.14,T3,화자·문맥·자연스러움 집중 검토,high_cps,59.918845807033364,46.71,P3,말투·질문응답·가독성 위주 검토
SSIS-575,사진 대조 1차 교정본,406,"00:25:13,260 --> 00:25:14,400",1.14,조금 놀랐어요.,괜찮다니까.,"아, 미안해요.",반응형,sub_0406_1513.3s.jpg,0.04,,,25.0,90.0,50.0,78.0,75.0,0.355,0.0,66.0,0.0,0.0,0.3385,깜짝 놀랐어.,정말 놀랐어요.,타임스탬프 사진과 앞뒤 장면으로 대사 기능 복원,29.97,T4,구조검사 통과 시 유지,,32.19116321009919,30.9,P4,회귀검사 통과 시 유지
SSIS-575,사진 대조 1차 교정본,407,"00:25:14,600 --> 00:25:15,380",0.78,"아, 미안해요.",조금 놀랐어요.,죄송합니다.,반응형,sub_0407_1514.6s.jpg,0.0,,,25.0,90.0,50.0,78.0,75.0,0.27494,0.0,66.0,0.0,18.0,0.3448,"하지 마. 미안, 미안해, 미안해.","잠깐만. 미안, 미안해.",일본어 원문 대조 + 자연스러운 한국어 대사 교정,28.05,T4,구조검사 통과 시 유지,formality_shift,26.307484220018036,27.32,P4,회귀검사 통과 시 유지
SSIS-575,사진 대조 1차 교정본,408,"00:25:15,380 --> 00:25:17,300",1.92,죄송합니다.,"아, 미안해요.","한 달 동안 좀 더 친해져서 여러 가지를
함께하고 싶어요. 저와 친하게 지내 줄래요?",존댓말형,sub_0408_1515.4s.jpg,0.02,,,25.0,90.0,50.0,78.0,75.0,0.18068,10.66,66.0,0.0,35.0,0.7388,죄송합니다...,죄송합니다…,,27.37,T4,구조검사 통과 시 유지,formality_jump,24.278629395852118,26.07,P4,회귀검사 통과 시 유지
SSIS-575,사진 대조 1차 교정본,409,"00:25:27,770 --> 00:25:49,290",21.52,"한 달 동안 좀 더 친해져서 여러 가지를
함께하고 싶어요. 저와 친하게 지내 줄래요?",죄송합니다.,어?,반말형,sub_0409_1527.8s.jpg,0.03,화자·문장 구조 정리,높음,25.0,90.0,86.0,78.0,75.0,0.61485,23.05,22.0,0.0,18.0,0.8421,"한 달 동안 같이 지낼 기회가 있으니, 저는 좀 더 친해져서 여러 가지를 함께하고 싶어요. 저와 친하게 지내 줄래요?",한 달 동안 좀 더 친해져서 여러 가지를 함께하고 싶어요. 저와 친하게 지내 줄래요?,화자·문장 구조 정리,28.39,T4,구조검사 통과 시 유지,formality_shift,27.23174030658251,27.9,P4,회귀검사 통과 시 유지
SSIS-575,사진 대조 1차 교정본,410,"00:25:49,930 --> 00:25:50,330",0.4,어?,"한 달 동안 좀 더 친해져서 여러 가지를
함께하고 싶어요. 저와 친하게 지내 줄래요?","네, 조금…",반응형,sub_0410_1549.9s.jpg,0.03,,,25.0,90.0,50.0,78.0,75.0,0.19979,0.0,66.0,0.0,0.0,0.3482,어? 벗기고 싶다고? 응.,해 줬으면 좋겠어? 응.,손상된 일본어 ASR + 타임스탬프 사진 + 앞뒤 문맥 추론,23.45,T4,구조검사 통과 시 유지,,14.26961226330027,19.59,P4,회귀검사 통과 시 유지
SSIS-575,사진 대조 1차 교정본,411,"00:25:52,590 --> 00:25:53,350",0.76,"네, 조금…",어?,"네, 네.",반말형,sub_0411_1552.6s.jpg,0.01,,,25.0,90.0,50.0,78.0,75.0,0.27667,0.0,66.0,0.0,0.0,0.4337,"네, 네.",네.,불필요한 반복 제거,26.68,T4,구조검사 통과 시 유지,,21.79891794409378,24.63,P4,회귀검사 통과 시 유지
SSIS-575,사진 대조 1차 교정본,412,"00:25:54,330 --> 00:25:54,990",0.66,"네, 네.","네, 조금…",네.,반말형,sub_0412_1554.3s.jpg,0.03,,,25.0,90.0,50.0,78.0,75.0,0.22254,42.0,66.0,0.0,0.0,1.0,"네, 네.",네.,불필요한 반복 제거,31.97,T4,구조검사 통과 시 유지,,39.85572587917042,35.28,P4,회귀검사 통과 시 유지
SSIS-575,사진 대조 1차 교정본,413,"00:25:55,290 --> 00:25:55,590",0.3,네.,"네, 네.",괜찮아요?,반말형,sub_0413_1555.3s.jpg,0.01,,,25.0,90.0,50.0,78.0,75.0,0.00629,0.0,66.0,0.0,0.0,0.6489,"네, 네.",네.,불필요한 반복 제거,15.32,T4,구조검사 통과 시 유지,,1.0144274120829575,9.31,P4,회귀검사 통과 시 유지
SSIS-575,사진 대조 1차 교정본,414,"00:25:56,750 --> 00:25:57,150",0.4,괜찮아요?,네.,오늘은 이제 잘까요?,반응형,sub_0414_1556.8s.jpg,0.05,,,25.0,90.0,50.0,78.0,75.0,0.22192,0.0,66.0,0.0,0.0,0.5119,빨아 줬으면 좋겠는데… 괜찮아요?,거기 좋아… 그대로 해 줘.,손상된 일본어 ASR + 타임스탬프 사진 + 앞뒤 문맥 추론,24.38,T4,구조검사 통과 시 유지,,16.073038773669975,20.89,P4,회귀검사 통과 시 유지
SSIS-575,사진 대조 1차 교정본,415,"00:25:58,330 --> 00:26:01,450",3.12,오늘은 이제 잘까요?,괜찮아요?,잘래요?,존댓말형,sub_0415_1558.3s.jpg,0.03,,,25.0,90.0,50.0,78.0,75.0,0.45602,0.0,66.0,0.0,18.0,0.32,그럼 오늘은 잘 먹었어.,그럼 오늘은 잘 먹었어요.,식사 후 인사말 자연화,35.65,T3,화자·문맥·자연스러움 집중 검토,formality_shift,54.30568079350766,43.49,P3,말투·질문응답·가독성 위주 검토
SSIS-575,사진 대조 1차 교정본,416,"00:26:01,590 --> 00:26:01,910",0.32,잘래요?,오늘은 이제 잘까요?,"네, 자겠습니다.",중립·혼합형,sub_0416_1561.6s.jpg,0.01,,,25.0,90.0,50.0,78.0,75.0,0.18941,0.0,66.0,0.0,0.0,0.1768,용기 내어 주실래요?,조금만 더 해 줄래요?,,23.02,T4,구조검사 통과 시 유지,,13.458070333633904,19.0,P4,회귀검사 통과 시 유지
SSIS-575,사진 대조 1차 교정본,417,"00:26:02,010 --> 00:26:02,310",0.3,"네, 자겠습니다.",잘래요?,쉬면서 잘까요?,중립·혼합형,sub_0417_1562.0s.jpg,0.01,,,25.0,90.0,50.0,78.0,75.0,0.38692,0.0,66.0,63.33,0.0,0.3431,가 보겠습니다.,그럼 가 볼게요.,대화체 자연화,37.64,T3,화자·문맥·자연스러움 집중 검토,high_cps,62.21821460775473,47.96,P3,말투·질문응답·가독성 위주 검토
SSIS-575,사진 대조 1차 교정본,418,"00:26:02,930 --> 00:26:03,690",0.76,쉬면서 잘까요?,"네, 자겠습니다.",저는 소파에서 잘게요.,존댓말형,sub_0418_1562.9s.jpg,0.03,,,25.0,90.0,50.0,78.0,75.0,0.40714,0.0,66.0,0.0,0.0,0.1277,낮잠 좀 잘까?,들어갔어.,일본어 원문 + 타임스탬프 사진 + 장면 연속성,32.16,T4,구조검사 통과 시 유지,,40.53201082055906,35.68,P4,회귀검사 통과 시 유지
SSIS-575,사진 대조 1차 교정본,419,"00:26:05,410 --> 00:26:06,810",1.4,저는 소파에서 잘게요.,쉬면서 잘까요?,소파에서 자려고요?,중립·혼합형,sub_0419_1565.4s.jpg,0.01,,,25.0,90.0,50.0,78.0,75.0,0.57399,0.0,66.0,0.0,0.0,0.1375,저는 핥아 주셨으면 해서.,계속 핥아 줬으면 해요.,사진 장면 확인 및 한국어 번역투·ASR 오역 교정,39.17,T3,화자·문맥·자연스러움 집중 검토,,68.50766456266906,51.49,P3,말투·질문응답·가독성 위주 검토
SSIS-575,사진 대조 1차 교정본,420,"00:26:06,810 --> 00:26:07,590",0.78,소파에서 자려고요?,저는 소파에서 잘게요.,침대는 쓰세요.,중립·혼합형,sub_0420_1566.8s.jpg,0.01,,,25.0,90.0,50.0,78.0,75.0,0.5162,0.0,66.0,0.0,0.0,0.0539,그런 거 집에서 해봐.,그런 거 집에서 해 봐.,,36.74,T3,화자·문맥·자연스러움 집중 검토,,58.431018935978365,45.85,P3,말투·질문응답·가독성 위주 검토
SSIS-575,사진 대조 1차 교정본,421,"00:26:07,910 --> 00:26:08,950",1.04,침대는 쓰세요.,소파에서 자려고요?,안녕히 주무세요.,존댓말형,sub_0421_1567.9s.jpg,0.01,,,25.0,90.0,50.0,78.0,75.0,0.53414,0.0,66.0,0.0,0.0,0.1227,침대가 이제 여기 없잖아.,침대가 여기까지 밀렸잖아.,,37.49,T3,화자·문맥·자연스러움 집중 검토,,61.49684400360685,47.57,P3,말투·질문응답·가독성 위주 검토
SSIS-575,사진 대조 1차 교정본,422,"00:26:31,070 --> 00:26:32,510",1.44,안녕히 주무세요.,침대는 쓰세요.,잘 자요.,존댓말형,sub_0422_1591.1s.jpg,0.03,,,25.0,90.0,50.0,78.0,75.0,0.59526,42.0,66.0,0.0,0.0,1.0,안녕히 주무세요.,"아, 좋아…",성행위 장면과 충돌한 인사말 오인식 교정,47.62,T3,화자·문맥·자연스러움 집중 검토,,93.3273219116321,66.82,P2,앞뒤 5블록·사진·오류 기억을 함께 검토
SSIS-575,사진 대조 1차 교정본,423,"00:26:33,910 --> 00:26:34,850",0.94,잘 자요.,안녕히 주무세요.,너무 밀어붙였나 봐요.,중립·혼합형,sub_0423_1593.9s.jpg,0.01,,,25.0,90.0,50.0,78.0,75.0,0.54812,42.0,66.0,0.0,0.0,1.0,잘 자요.,[불명],,45.64,T3,화자·문맥·자연스러움 집중 검토,,89.04418394950406,63.87,P2,앞뒤 5블록·사진·오류 기억을 함께 검토
SSIS-575,사진 대조 1차 교정본,424,"00:27:26,040 --> 00:27:27,580",1.54,너무 밀어붙였나 봐요.,잘 자요.,어렵네요.,반응형,sub_0424_1646.0s.jpg,0.04,,,25.0,90.0,50.0,78.0,75.0,0.62765,0.0,66.0,0.0,0.0,0.2218,스스로 좋은 곳을 찾아 봐요.,네가 직접 좋은 곳을 찾아 봐.,손상된 일본어 ASR + 타임스탬프 사진 + 앞뒤 문맥 추론,41.42,T3,화자·문맥·자연스러움 집중 검토,,77.18665464382326,56.44,P3,말투·질문응답·가독성 위주 검토
SSIS-575,사진 대조 1차 교정본,425,"00:27:34,510 --> 00:27:35,670",1.16,어렵네요.,너무 밀어붙였나 봐요.,조금씩 대화가 되기 시작했어요.,반응형,sub_0425_1654.5s.jpg,0.01,,,25.0,90.0,50.0,78.0,75.0,0.27086,0.0,66.0,0.0,0.0,0.4051,어렵네.,생각보다 어렵네.,손상된 일본어 ASR + 타임스탬프 사진 + 앞뒤 문맥 추론,26.44,T4,구조검사 통과 시 유지,,21.12263300270514,24.21,P4,회귀검사 통과 시 유지
SSIS-575,사진 대조 1차 교정본,426,"00:27:42,170 --> 00:27:44,470",2.3,조금씩 대화가 되기 시작했어요.,어렵네요.,내일부터는 더 가까워지고 싶어요.,반응형,sub_0426_1662.2s.jpg,0.03,,,25.0,90.0,50.0,78.0,75.0,0.61665,0.0,66.0,0.0,0.0,0.2233,높이를 조금씩 맞춰 갈게요.,조금씩 더 깊이 해 볼게.,타임스탬프 사진과 앞뒤 장면으로 대사 기능 복원,40.96,T3,화자·문맥·자연스러움 집중 검토,,75.56357078449054,55.49,P3,말투·질문응답·가독성 위주 검토
SSIS-575,사진 대조 1차 교정본,427,"00:27:46,230 --> 00:27:47,370",1.14,내일부터는 더 가까워지고 싶어요.,조금씩 대화가 되기 시작했어요.,조금씩 더 친해져 볼게요.,반응형,sub_0427_1666.2s.jpg,0.03,,,25.0,90.0,50.0,78.0,75.0,0.75586,0.0,66.0,0.0,0.0,0.2346,기분 좋게 해 주고 싶어요.,제가 해 볼게요.,앞 블록과 중복된 문장 정리,46.81,T3,화자·문맥·자연스러움 집중 검토,,91.70423805229937,65.67,P2,앞뒤 5블록·사진·오류 기억을 함께 검토
SSIS-575,사진 대조 1차 교정본,428,"00:27:48,830 --> 00:27:51,250",2.42,조금씩 더 친해져 볼게요.,내일부터는 더 가까워지고 싶어요.,"마지막에는 제대로 첫 경험을
마칠 수 있도록 도와줄게요.",반말형,sub_0428_1668.8s.jpg,0.03,,,25.0,90.0,50.0,78.0,75.0,0.67867,0.0,66.0,0.0,0.0,0.3291,높이를 조금씩 맞춰 갈게요.,조금씩 더 깊이 해 볼게.,타임스탬프 사진과 앞뒤 장면으로 대사 기능 복원,43.56,T3,화자·문맥·자연스러움 집중 검토,,83.92696122633004,60.51,P2,앞뒤 5블록·사진·오류 기억을 함께 검토
SSIS-575,사진 대조 1차 교정본,429,"00:27:51,990 --> 00:27:55,790",3.8,"마지막에는 제대로 첫 경험을
마칠 수 있도록 도와줄게요.",조금씩 더 친해져 볼게요.,안녕히 주무세요.,반말형,sub_0429_1672.0s.jpg,0.01,부자연스러운 '졸업시켜 주다' 표현 완화,중간,25.0,90.0,50.0,78.0,75.0,0.6519,0.0,48.0,0.0,0.0,0.4246,마지막에는 졸업시켜 줄 수 있도록 하겠습니다.,마지막에는 제대로 첫 경험을 마칠 수 있도록 도와줄게요.,부자연스러운 '졸업시켜 주다' 표현 완화,39.56,T3,화자·문맥·자연스러움 집중 검토,,70.69431920649234,52.64,P3,말투·질문응답·가독성 위주 검토
SSIS-575,사진 대조 1차 교정본,430,"00:28:02,110 --> 00:28:03,510",1.4,안녕히 주무세요.,"마지막에는 제대로 첫 경험을
마칠 수 있도록 도와줄게요.",좋은 아침이에요.,존댓말형,sub_0430_1682.1s.jpg,0.01,,,25.0,90.0,50.0,78.0,75.0,0.50512,42.0,66.0,0.0,0.0,1.0,안녕히 주무세요.,"아, 좋아…",성행위 장면과 충돌한 인사말 오인식 교정,43.84,T3,화자·문맥·자연스러움 집중 검토,,84.89630297565374,61.08,P2,앞뒤 5블록·사진·오류 기억을 함께 검토
SSIS-575,사진 대조 1차 교정본,431,"00:28:49,750 --> 00:28:50,790",1.04,좋은 아침이에요.,안녕히 주무세요.,"아, 좋은 아침.",반응형,sub_0431_1729.8s.jpg,0.05,,,25.0,90.0,50.0,78.0,75.0,0.50919,0.0,66.0,0.0,0.0,0.2538,좋은 아침입니다.,♪,,36.45,T3,화자·문맥·자연스러움 집중 검토,,56.9882777276826,45.08,P3,말투·질문응답·가독성 위주 검토
SSIS-575,사진 대조 1차 교정본,432,"00:28:51,410 --> 00:28:52,570",1.16,"아, 좋은 아침.",좋은 아침이에요.,밥은 조금만 기다려 줘.,반응형,sub_0432_1731.4s.jpg,0.01,,,25.0,90.0,50.0,78.0,75.0,0.46264,0.0,66.0,0.0,0.0,0.3746,"아, 아, 아, 아, 아, 아, 아,","아, 아, 아, 아, 아, 아, 아",,34.49,T4,구조검사 통과 시 유지,,49.639314697926054,40.85,P3,말투·질문응답·가독성 위주 검토
SSIS-575,사진 대조 1차 교정본,433,"00:28:53,830 --> 00:28:56,350",2.52,밥은 조금만 기다려 줘.,"아, 좋은 아침.",굉장하네요.,중립·혼합형,sub_0433_1733.8s.jpg,0.03,,,25.0,90.0,50.0,78.0,75.0,0.57587,0.0,66.0,0.0,0.0,0.4654,조금만 기다려요.,잠깐만.,일본어 원문 대조 + 자연스러운 한국어 대사 교정,39.25,T3,화자·문맥·자연스러움 집중 검토,,69.13886384129847,51.8,P3,말투·질문응답·가독성 위주 검토
SSIS-575,사진 대조 1차 교정본,434,"00:29:12,540 --> 00:29:13,500",0.96,굉장하네요.,밥은 조금만 기다려 줘.,"아, 고마워.",반말형,sub_0434_1752.5s.jpg,0.04,,,25.0,90.0,50.0,78.0,75.0,0.3329,0.0,66.0,0.0,0.0,0.3277,대단하네요.,바다다!,일본어 원문 대조 + 자연스러운 한국어 대사 교정,29.04,T4,구조검사 통과 시 유지,,29.41839495040577,29.2,P4,회귀검사 통과 시 유지
SSIS-575,사진 대조 1차 교정본,435,"00:29:13,900 --> 00:29:14,820",0.92,"아, 고마워.",굉장하네요.,잘 먹겠습니다.,반응형,sub_0435_1753.9s.jpg,0.0,,,25.0,90.0,50.0,78.0,75.0,0.36193,32.31,66.0,0.0,0.0,0.9193,고마워.,손으로 잡아 줘.,일본어 원문 + 타임스탬프 사진 + 장면 연속성,36.08,T3,화자·문맥·자연스러움 집중 검토,,55.97385031559964,44.44,P3,말투·질문응답·가독성 위주 검토
SSIS-575,사진 대조 1차 교정본,436,"00:29:16,620 --> 00:29:17,580",0.96,잘 먹겠습니다.,"아, 고마워.",잘 먹겠습니다.,존댓말형,sub_0436_1756.6s.jpg,0.02,,,25.0,90.0,50.0,78.0,75.0,0.31799,0.0,66.0,0.0,0.0,0.3633,가 보겠습니다.,그럼 가 볼게요.,대화체 자연화,28.42,T4,구조검사 통과 시 유지,,27.389540126239854,27.99,P4,회귀검사 통과 시 유지
SSIS-575,사진 대조 1차 교정본,437,"00:29:18,520 --> 00:29:19,060",0.54,잘 먹겠습니다.,잘 먹겠습니다.,왜 그래?,존댓말형,sub_0437_1758.5s.jpg,0.02,,,25.0,90.0,50.0,78.0,75.0,0.40054,0.0,66.0,0.0,0.0,0.3633,가 보겠습니다.,그럼 가 볼게요.,대화체 자연화,31.88,T4,구조검사 통과 시 유지,,39.404869251578,35.04,P4,회귀검사 통과 시 유지
SSIS-575,사진 대조 1차 교정본,438,"00:29:41,420 --> 00:29:42,180",0.76,왜 그래?,잘 먹겠습니다.,"아뇨, 정말 맛있어요.",중립·혼합형,sub_0438_1781.4s.jpg,0.02,,,25.0,90.0,50.0,78.0,75.0,0.30412,5.96,66.0,0.0,0.0,0.6997,"음-, 왜 그래?",음… 왜 그래?,,28.91,T4,구조검사 통과 시 유지,,29.01262398557259,28.95,P4,회귀검사 통과 시 유지
SSIS-575,사진 대조 1차 교정본,439,"00:29:42,400 --> 00:29:44,300",1.9,"아뇨, 정말 맛있어요.",왜 그래?,맛있어?,반응형,sub_0439_1782.4s.jpg,0.0,,,25.0,90.0,50.0,78.0,75.0,0.50549,0.0,66.0,0.0,0.0,0.2581,"아뇨, 집순이였어서…",장거리 연애였어서…,일본어 원문 대조 + 자연스러운 한국어 대사 교정,36.29,T3,화자·문맥·자연스러움 집중 검토,,56.469792605951305,44.77,P3,말투·질문응답·가독성 위주 검토
SSIS-575,사진 대조 1차 교정본,440,"00:29:44,780 --> 00:29:45,400",0.62,맛있어?,"아뇨, 정말 맛있어요.",네.,반응형,sub_0440_1784.8s.jpg,0.02,,,25.0,90.0,50.0,78.0,75.0,0.20731,0.0,66.0,0.0,0.0,0.357,맛있어!,맛있다!,사진 장면 확인 및 한국어 번역투·ASR 오역 교정,23.77,T4,구조검사 통과 시 유지,,14.743011722272318,19.98,P4,회귀검사 통과 시 유지
SSIS-575,사진 대조 1차 교정본,441,"00:29:45,580 --> 00:29:45,740",0.16,네.,맛있어?,다행이다.,반말형,sub_0441_1785.6s.jpg,0.02,,,25.0,90.0,50.0,78.0,75.0,0.00367,0.0,66.0,0.0,0.0,0.6489,"네, 네.",네.,불필요한 반복 제거,15.21,T4,구조검사 통과 시 유지,,0.045085662759242556,8.84,P4,회귀검사 통과 시 유지
SSIS-575,사진 대조 1차 교정본,442,"00:29:45,920 --> 00:29:46,460",0.54,다행이다.,네.,사실 요리를 자주 하지는 않지만.,중립·혼합형,sub_0442_1785.9s.jpg,0.02,,,25.0,90.0,50.0,78.0,75.0,0.21622,0.0,66.0,0.0,0.0,0.5547,다행이다!,환영해!,사진 장면 확인 및 한국어 번역투·ASR 오역 교정,24.14,T4,구조검사 통과 시 유지,,15.419296663660957,20.48,P4,회귀검사 통과 시 유지
SSIS-575,사진 대조 1차 교정본,443,"00:29:48,400 --> 00:29:50,780",2.38,사실 요리를 자주 하지는 않지만.,다행이다.,"아, 그렇군요.",반말형,sub_0443_1788.4s.jpg,0.0,,,25.0,90.0,50.0,78.0,75.0,0.53441,0.0,66.0,0.0,0.0,0.3975,후와 씨는 요리를 자주 해요?,후우아 씨는 요리를 자주 해요?,출연자 이름 오인식 교정,37.51,T3,화자·문맥·자연스러움 집중 검토,,61.60955816050496,47.63,P3,말투·질문응답·가독성 위주 검토
SSIS-575,사진 대조 1차 교정본,444,"00:29:50,880 --> 00:29:52,160",1.28,"아, 그렇군요.",사실 요리를 자주 하지는 않지만.,저도 요리를 안 해요.,반응형,sub_0444_1790.9s.jpg,0.02,,,25.0,90.0,50.0,78.0,75.0,0.3886,34.83,66.0,0.0,0.0,0.9403,그렇군요.,네…,타임스탬프 사진과 장면 흐름으로 명백한 오인식 교정,37.65,T3,화자·문맥·자연스러움 집중 검토,,62.33092876465284,48.02,P3,말투·질문응답·가독성 위주 검토
SSIS-575,사진 대조 1차 교정본,445,"00:29:54,240 --> 00:29:55,860",1.62,저도 요리를 안 해요.,"아, 그렇군요.","아, 그래?",반말형,sub_0445_1794.2s.jpg,0.04,,,25.0,90.0,50.0,78.0,75.0,0.43147,0.0,66.0,0.0,0.0,0.4389,후와 씨는 요리를 자주 해요?,후우아 씨는 요리를 자주 해요?,출연자 이름 오인식 교정,33.18,T4,구조검사 통과 시 유지,,44.702434625789,38.02,P4,회귀검사 통과 시 유지
SSIS-575,사진 대조 1차 교정본,446,"00:29:56,040 --> 00:29:56,820",0.78,"아, 그래?",저도 요리를 안 해요.,"아, 정말 맛있다.",반응형,sub_0446_1796.0s.jpg,0.04,,,25.0,90.0,50.0,78.0,75.0,0.33199,0.0,66.0,0.0,0.0,0.5419,"음-, 왜 그래?",음… 왜 그래?,,29.0,T4,구조검사 통과 시 유지,,29.28313796212804,29.12,P4,회귀검사 통과 시 유지
SSIS-575,사진 대조 1차 교정본,447,"00:29:57,740 --> 00:29:58,500",0.76,"아, 정말 맛있다.","아, 그래?",못 먹는 음식은 없어?,반응형,sub_0447_1797.7s.jpg,0.04,,,25.0,90.0,50.0,78.0,75.0,0.62642,25.88,66.0,0.0,0.0,0.8657,맛있다.,바람 좋다.,일본어 원문 대조 + 자연스러운 한국어 대사 교정,46.03,T3,화자·문맥·자연스러움 집중 검토,,90.03606853020739,64.51,P2,앞뒤 5블록·사진·오류 기억을 함께 검토
SSIS-575,사진 대조 1차 교정본,448,"00:30:10,670 --> 00:30:12,130",1.46,못 먹는 음식은 없어?,"아, 정말 맛있다.",못 먹는 음식이요?,반응형,sub_0448_1810.7s.jpg,0.03,,,25.0,90.0,50.0,78.0,75.0,0.64795,0.0,66.0,0.0,0.0,0.5445,그런 음식은 없어요.,싫어하는 음식은 딱히 없어요.,사진 장면 확인 및 한국어 번역투·ASR 오역 교정,42.27,T3,화자·문맥·자연스러움 집중 검토,,79.8692515779982,58.06,P2,앞뒤 5블록·사진·오류 기억을 함께 검토
SSIS-575,사진 대조 1차 교정본,449,"00:30:13,390 --> 00:30:17,610",4.22,못 먹는 음식이요?,못 먹는 음식은 없어?,응.,중립·혼합형,sub_0449_1813.4s.jpg,0.01,,,25.0,90.0,50.0,78.0,75.0,0.62816,0.0,66.0,0.0,0.0,0.2442,어떻게 먹는 거?,어떤 식으로?,일본어 원문 대조 + 자연스러운 한국어 대사 교정,41.44,T3,화자·문맥·자연스러움 집중 검토,,77.27682596934174,56.49,P3,말투·질문응답·가독성 위주 검토
SSIS-575,사진 대조 1차 교정본,450,"00:30:17,950 --> 00:30:18,030",0.08,응.,못 먹는 음식이요?,고수 같은 것?,반응형,sub_0450_1818.0s.jpg,0.05,,,25.0,90.0,50.0,78.0,75.0,0.02211,0.0,66.0,55.0,0.0,0.4021,"하-, 응.",하아… 응.,,21.49,T4,구조검사 통과 시 유지,high_cps,11.677186654643823,17.37,P4,회귀검사 통과 시 유지
SSIS-575,사진 대조 1차 교정본,451,"00:30:23,720 --> 00:30:24,920",1.2,고수 같은 것?,응.,"아, 고수요.",중립·혼합형,sub_0451_1823.7s.jpg,0.02,,,25.0,90.0,50.0,78.0,75.0,0.36185,0.0,66.0,0.0,0.0,0.1907,"아, 기절할 것 같은 모습.",와… 기절할 것 같아.,,30.26,T4,구조검사 통과 시 유지,,33.1605049594229,31.48,P4,회귀검사 통과 시 유지
SSIS-575,사진 대조 1차 교정본,452,"00:30:24,940 --> 00:30:26,120",1.18,"아, 고수요.",고수 같은 것?,싫어해?,반응형,sub_0452_1824.9s.jpg,0.04,,,25.0,90.0,50.0,78.0,75.0,0.30972,0.0,66.0,0.0,0.0,0.3302,"아, 아, 아, 아, 아, 아, 아,","아, 아, 아, 아, 아, 아, 아",,28.07,T4,구조검사 통과 시 유지,,26.39765554553652,27.37,P4,회귀검사 통과 시 유지
SSIS-575,사진 대조 1차 교정본,453,"00:30:26,680 --> 00:30:27,840",1.16,싫어해?,"아, 고수요.",나도 그건 못 먹어.,반응형,sub_0453_1826.7s.jpg,0.02,,,25.0,90.0,50.0,78.0,75.0,0.27318,0.0,66.0,0.0,0.0,0.1881,싫어...,싫어…,,26.53,T4,구조검사 통과 시 유지,,21.505861136158703,24.42,P4,회귀검사 통과 시 유지
SSIS-575,사진 대조 1차 교정본,454,"00:30:27,840 --> 00:30:29,840",2.0,나도 그건 못 먹어.,싫어해?,같네요.,반응형,sub_0454_1827.8s.jpg,0.04,,,25.0,90.0,50.0,78.0,75.0,0.52157,0.0,66.0,0.0,0.0,0.3442,그건 안 돼.,여기로 와.,일본어 원문 + 타임스탬프 사진 + 장면 연속성,36.97,T3,화자·문맥·자연스러움 집중 검토,,58.994589720468895,46.22,P3,말투·질문응답·가독성 위주 검토
SSIS-575,사진 대조 1차 교정본,455,"00:30:31,000 --> 00:30:31,960",0.96,같네요.,나도 그건 못 먹어.,똑같네요.,반말형,sub_0455_1831.0s.jpg,0.0,,,25.0,90.0,50.0,78.0,75.0,0.24365,0.0,66.0,0.0,0.0,0.148,대단하네요.,바다다!,일본어 원문 대조 + 자연스러운 한국어 대사 교정,25.29,T4,구조검사 통과 시 유지,,18.34986474301172,22.38,P4,회귀검사 통과 시 유지
SSIS-575,사진 대조 1차 교정본,456,"00:30:32,000 --> 00:30:32,440",0.44,똑같네요.,같네요.,오늘 몇 시에 돌아와요?,반말형,sub_0456_1832.0s.jpg,0.0,,,25.0,90.0,50.0,78.0,75.0,0.22906,0.0,66.0,0.0,0.0,0.1172,대단하네요.,바다다!,일본어 원문 대조 + 자연스러운 한국어 대사 교정,24.68,T4,구조검사 통과 시 유지,,16.90712353471596,21.42,P4,회귀검사 통과 시 유지
SSIS-575,사진 대조 1차 교정본,457,"00:30:48,540 --> 00:30:51,400",2.86,오늘 몇 시에 돌아와요?,똑같네요.,오늘은…,반응형,sub_0457_1848.5s.jpg,0.04,,,25.0,90.0,50.0,78.0,75.0,0.59595,0.0,66.0,0.0,0.0,0.1597,오늘 진짜 엄청 했네.,오늘 진짜 실컷 했네.,일본어 원문 대조 + 자연스러운 한국어 대사 교정,40.09,T3,화자·문맥·자연스러움 집중 검토,,72.38503155996393,53.65,P3,말투·질문응답·가독성 위주 검토
SSIS-575,사진 대조 1차 교정본,458,"00:30:53,000 --> 00:30:54,960",1.96,오늘은…,오늘 몇 시에 돌아와요?,퇴근하면 몇 시쯤 돼요?,중립·혼합형,sub_0458_1853.0s.jpg,0.0,,,25.0,90.0,50.0,78.0,75.0,0.30618,0.0,66.0,0.0,0.0,0.2304,그럼 오늘은 잘 먹었어.,그럼 오늘은 잘 먹었어요.,식사 후 인사말 자연화,27.92,T4,구조검사 통과 시 유지,,25.90171325518485,27.07,P4,회귀검사 통과 시 유지
SSIS-575,사진 대조 1차 교정본,459,"00:30:58,910 --> 00:31:00,370",1.46,퇴근하면 몇 시쯤 돼요?,오늘은…,네.,중립·혼합형,sub_0459_1858.9s.jpg,0.01,,,25.0,90.0,50.0,78.0,75.0,0.61553,0.0,66.0,0.0,0.0,0.2808,말해도 돼요?,이제 해도 돼요?,타임스탬프 사진과 앞뒤 장면으로 대사 기능 복원,40.91,T3,화자·문맥·자연스러움 집중 검토,,75.47339945897204,55.43,P3,말투·질문응답·가독성 위주 검토
SSIS-575,사진 대조 1차 교정본,460,"00:31:00,650 --> 00:31:00,790",0.14,네.,퇴근하면 몇 시쯤 돼요?,8시쯤일 것 같아요.,반말형,sub_0460_1860.7s.jpg,0.05,,,25.0,90.0,50.0,78.0,75.0,0.00604,0.0,66.0,0.0,0.0,0.6489,"네, 네.",네.,불필요한 반복 제거,15.31,T4,구조검사 통과 시 유지,,0.8566275924256086,9.24,P4,회귀검사 통과 시 유지
SSIS-575,사진 대조 1차 교정본,461,"00:31:01,710 --> 00:31:03,070",1.36,8시쯤일 것 같아요.,네.,8시?,반응형,sub_0461_1861.7s.jpg,0.01,,,25.0,90.0,50.0,78.0,75.0,0.56273,0.0,66.0,0.0,0.0,0.4197,기쁠 것 같아요.,그러면 기쁠 것 같아요.,사진 장면 확인 및 한국어 번역투·ASR 오역 교정,38.69,T3,화자·문맥·자연스러움 집중 검토,,66.81695220919748,50.5,P3,말투·질문응답·가독성 위주 검토
SSIS-575,사진 대조 1차 교정본,462,"00:31:03,230 --> 00:31:03,790",0.56,8시?,8시쯤일 것 같아요.,네.,중립·혼합형,sub_0462_1863.2s.jpg,0.03,,,25.0,90.0,50.0,78.0,75.0,0.37407,0.0,66.0,0.0,0.0,0.0509,"8,200엔.",나올 것 같아.,일본어 원문 + 타임스탬프 사진 + 장면 연속성,30.77,T4,구조검사 통과 시 유지,,35.009017132551854,32.55,P4,회귀검사 통과 시 유지
SSIS-575,사진 대조 1차 교정본,463,"00:31:03,790 --> 00:31:04,250",0.46,네.,8시?,정말?,반말형,sub_0463_1863.8s.jpg,0.01,,,25.0,90.0,50.0,78.0,75.0,0.00706,0.0,66.0,0.0,0.0,0.6489,"네, 네.",네.,불필요한 반복 제거,15.36,T4,구조검사 통과 시 유지,,1.5103697024346259,9.54,P4,회귀검사 통과 시 유지
SSIS-575,사진 대조 1차 교정본,464,"00:31:04,330 --> 00:31:05,090",0.76,정말?,네.,나도 비슷한 시간에 돌아와.,중립·혼합형,sub_0464_1864.3s.jpg,0.03,,,25.0,90.0,50.0,78.0,75.0,0.16325,42.0,66.0,0.0,0.0,1.0,정말?,응.,일본어 원문 + 타임스탬프 사진 + 장면 연속성,29.48,T4,구조검사 통과 시 유지,,30.63570784490532,29.97,P4,회귀검사 통과 시 유지
SSIS-575,사진 대조 1차 교정본,465,"00:31:05,650 --> 00:31:08,470",2.82,나도 비슷한 시간에 돌아와.,정말?,네.,반응형,sub_0465_1865.7s.jpg,0.05,,,25.0,90.0,50.0,78.0,75.0,0.57909,0.0,66.0,0.0,0.0,0.1342,나도 조건이 있어.,대신 조건이 하나 있어.,사진 장면 확인 및 한국어 번역투 교정,39.38,T3,화자·문맥·자연스러움 집중 검토,,69.90532010820559,52.2,P3,말투·질문응답·가독성 위주 검토
SSIS-575,사진 대조 1차 교정본,466,"00:31:10,190 --> 00:31:10,670",0.48,네.,나도 비슷한 시간에 돌아와.,같이 장을 보거나 밤에 산책하지 않을래?,반말형,sub_0466_1870.2s.jpg,0.01,,,25.0,90.0,50.0,78.0,75.0,0.00878,0.0,66.0,0.0,0.0,0.6489,"네, 네.",네.,불필요한 반복 제거,15.43,T4,구조검사 통과 시 유지,,2.479711451758341,9.99,P4,회귀검사 통과 시 유지
SSIS-575,사진 대조 1차 교정본,467,"00:31:10,850 --> 00:31:14,950",4.1,같이 장을 보거나 밤에 산책하지 않을래?,네.,산책이요?,반말형,sub_0467_1870.8s.jpg,0.05,,,25.0,90.0,50.0,78.0,75.0,0.73866,0.0,66.0,0.0,0.0,0.2965,더 보지 소리 들려주지 않을래?,더 좋은 소리 들려주지 않을래?,타임스탬프 사진과 장면 흐름으로 명백한 오인식 교정,46.08,T3,화자·문맥·자연스러움 집중 검토,,90.08115419296664,64.56,P2,앞뒤 5블록·사진·오류 기억을 함께 검토
SSIS-575,사진 대조 1차 교정본,468,"00:31:16,110 --> 00:31:16,970",0.86,산책이요?,같이 장을 보거나 밤에 산책하지 않을래?,응.,중립·혼합형,sub_0468_1876.1s.jpg,0.01,,,25.0,90.0,50.0,78.0,75.0,0.29424,0.0,66.0,0.0,0.0,0.083,산책하면서 친해진 뒤 좀 더 적극적으로 하라고요.,산책하며 가까워진 뒤 조금 더 적극적으로 다가가라고요?,문장 호흡 정리,27.42,T4,구조검사 통과 시 유지,,24.481514878268708,26.19,P4,회귀검사 통과 시 유지
SSIS-575,사진 대조 1차 교정본,469,"00:31:17,070 --> 00:31:17,250",0.18,응.,산책이요?,아…,반응형,sub_0469_1877.1s.jpg,0.03,,,25.0,90.0,50.0,78.0,75.0,0.01216,0.0,66.0,0.0,0.0,0.4021,"하-, 응.",하아… 응.,,15.57,T4,구조검사 통과 시 유지,,3.899909828674482,10.67,P4,회귀검사 통과 시 유지
SSIS-575,사진 대조 1차 교정본,470,"00:31:18,870 --> 00:31:18,970",0.1,아…,응.,괜찮아?,반응형,sub_0470_1878.9s.jpg,0.03,,,25.0,90.0,50.0,78.0,75.0,0.16133,14.76,66.0,25.0,0.0,0.773,"싫어, 아… 아… 아…",싫어… 아… 아…,일본어 원문 대조 + 자연스러운 한국어 대사 교정,26.99,T4,구조검사 통과 시 유지,borderline_cps,23.10640216411181,25.36,P4,회귀검사 통과 시 유지
SSIS-575,사진 대조 1차 교정본,471,"00:31:19,710 --> 00:31:19,950",0.24,괜찮아?,아…,네.,반응형,sub_0471_1879.7s.jpg,0.01,,,25.0,90.0,50.0,78.0,75.0,0.12576,0.0,66.0,25.0,0.0,0.4653,더 해줘도 돼? 더 해줘. 괜찮아?,더 해 줘도 돼? 더 해 줘. 괜찮아?,,22.84,T4,구조검사 통과 시 유지,borderline_cps,13.300270513976557,18.83,P4,회귀검사 통과 시 유지
SSIS-575,사진 대조 1차 교정본,472,"00:31:20,410 --> 00:31:20,890",0.48,네.,괜찮아?,그럼 일 열심히 해.,반말형,sub_0472_1880.4s.jpg,0.01,,,25.0,90.0,50.0,78.0,75.0,0.01341,0.0,66.0,0.0,0.0,0.6489,"네, 네.",네.,불필요한 반복 제거,15.62,T4,구조검사 통과 시 유지,,4.3958521190261495,10.91,P4,회귀검사 통과 시 유지
SSIS-575,사진 대조 1차 교정본,473,"00:31:46,650 --> 00:31:49,990",3.34,그럼 일 열심히 해.,네.,"네, 다녀오겠습니다.",반말형,sub_0473_1906.7s.jpg,0.05,,,25.0,90.0,50.0,78.0,75.0,0.58294,0.0,66.0,0.0,0.0,0.401,열심히 하겠습니다.,힘내 볼게요.,,39.54,T3,화자·문맥·자연스러움 집중 검토,,70.4463480613165,52.52,P3,말투·질문응답·가독성 위주 검토
SSIS-575,사진 대조 1차 교정본,474,"00:31:51,150 --> 00:31:52,090",0.94,"네, 다녀오겠습니다.",그럼 일 열심히 해.,조심해서 다녀와.,중립·혼합형,sub_0474_1911.2s.jpg,0.05,,,25.0,90.0,50.0,78.0,75.0,0.49575,0.0,66.0,0.0,0.0,0.2967,가 보겠습니다.,그럼 가 볼게요.,대화체 자연화,35.88,T3,화자·문맥·자연스러움 집중 검토,,55.18485121731289,43.99,P3,말투·질문응답·가독성 위주 검토
SSIS-575,사진 대조 1차 교정본,475,"00:31:53,510 --> 00:31:54,170",0.66,조심해서 다녀와.,"네, 다녀오겠습니다.",네.,반말형,sub_0475_1913.5s.jpg,0.01,,,25.0,90.0,50.0,78.0,75.0,0.36619,0.0,66.0,0.0,0.0,0.1817,조심해. 지금은 안 되니까.,조심해. 아직 내려가면 안 돼.,일본어 원문 대조 + 자연스러운 한국어 대사 교정,30.44,T4,구조검사 통과 시 유지,,33.7917042380523,31.85,P4,회귀검사 통과 시 유지
SSIS-575,사진 대조 1차 교정본,476,"00:32:00,430 --> 00:32:01,070",0.64,네.,조심해서 다녀와.,네.,반말형,sub_0476_1920.4s.jpg,0.03,,,25.0,90.0,50.0,78.0,75.0,0.00636,0.0,66.0,0.0,0.0,0.6489,"네, 네.",네.,불필요한 반복 제거,15.33,T4,구조검사 통과 시 유지,,1.1722272317403066,9.38,P4,회귀검사 통과 시 유지
SSIS-575,사진 대조 1차 교정본,477,"00:32:06,090 --> 00:32:06,730",0.64,네.,네.,"아, 여보세요. 감독님이세요?",반말형,sub_0477_1926.1s.jpg,0.01,,,25.0,90.0,50.0,78.0,75.0,0.00614,0.0,66.0,0.0,0.0,0.6489,"네, 네.",네.,불필요한 반복 제거,15.32,T4,구조검사 통과 시 유지,,1.0144274120829575,9.31,P4,회귀검사 통과 시 유지
SSIS-575,사진 대조 1차 교정본,478,"00:32:39,060 --> 00:32:42,000",2.94,"아, 여보세요. 감독님이세요?",네.,방금 사사키 씨가 출근했는데요.,반응형,sub_0478_1959.1s.jpg,0.04,,,25.0,90.0,50.0,78.0,75.0,0.56782,0.0,66.0,0.0,18.0,0.2619,감독님이나 트위터로.,감독님께 말하거나 트위터로 알려 줘.,누락된 서술어 복원,40.35,T3,화자·문맥·자연스러움 집중 검토,formality_shift,73.48963029756538,54.27,P3,말투·질문응답·가독성 위주 검토
SSIS-575,사진 대조 1차 교정본,479,"00:32:44,600 --> 00:32:49,740",5.14,방금 사사키 씨가 출근했는데요.,"아, 여보세요. 감독님이세요?",저 나름대로 말을 걸어 보고 있는데요.,중립·혼합형,sub_0479_1964.6s.jpg,0.0,,,25.0,90.0,50.0,78.0,75.0,0.58025,0.0,66.0,0.0,0.0,0.142,직원 방에 가 버릴 사람. 방금 잠든 척했지.,"직원 방에 갈 사람처럼 굴더니, 방금 잠든 척한 거지?",사진 장면 확인 및 한국어 번역투·ASR 오역 교정,39.43,T3,화자·문맥·자연스러움 집중 검토,,70.01803426510371,52.28,P3,말투·질문응답·가독성 위주 검토
SSIS-575,사진 대조 1차 교정본,480,"00:32:51,440 --> 00:32:55,220",3.78,저 나름대로 말을 걸어 보고 있는데요.,방금 사사키 씨가 출근했는데요.,좀처럼 마음을 열어 주지 않아 막막해요.,중립·혼합형,sub_0480_1971.4s.jpg,0.04,,,25.0,90.0,50.0,78.0,75.0,0.74799,0.0,66.0,0.0,0.0,0.2751,저도 그런 말을 들어 보고 싶어요.,그런 말 들으면 기분 좋아요.,타임스탬프 사진과 앞뒤 장면으로 대사 기능 복원,46.48,T3,화자·문맥·자연스러움 집중 검토,,90.96032461677187,65.16,P2,앞뒤 5블록·사진·오류 기억을 함께 검토
SSIS-575,사진 대조 1차 교정본,481,"00:32:55,600 --> 00:32:59,640",4.04,좀처럼 마음을 열어 주지 않아 막막해요.,저 나름대로 말을 걸어 보고 있는데요.,어떻게 해야 할지 모르겠어요.,반말형,sub_0481_1975.6s.jpg,0.0,한국어 자연화,높음,25.0,90.0,50.0,92.0,75.0,0.8252,29.63,22.0,0.0,0.0,0.8969,좀처럼 마음을 열어 주지 않아서 막막해요.,좀처럼 마음을 열어 주지 않아 막막해요.,한국어 자연화,34.57,T4,구조검사 통과 시 유지,,50.06762849413886,41.08,P3,말투·질문응답·가독성 위주 검토
SSIS-575,사진 대조 1차 교정본,482,"00:33:00,700 --> 00:33:02,340",1.64,어떻게 해야 할지 모르겠어요.,좀처럼 마음을 열어 주지 않아 막막해요.,제가 좀 더 적극적으로 밀어붙이는 게 좋을까요?,반응형,sub_0482_1980.7s.jpg,0.0,,,25.0,90.0,50.0,78.0,75.0,0.74423,0.0,66.0,0.0,0.0,0.3251,이따가 어떻게 해야 할지 가르쳐 줬잖아. 전부 깨끗하게 해.,아까 어떻게 하라고 했지? 전부 깨끗이 해.,사진 장면 확인 및 한국어 번역투·ASR 오역 교정,46.32,T3,화자·문맥·자연스러움 집중 검토,,90.57709648331831,64.91,P2,앞뒤 5블록·사진·오류 기억을 함께 검토
SSIS-575,사진 대조 1차 교정본,483,"00:33:10,750 --> 00:33:13,850",3.1,제가 좀 더 적극적으로 밀어붙이는 게 좋을까요?,어떻게 해야 할지 모르겠어요.,네.,존댓말형,sub_0483_1990.8s.jpg,0.05,,,25.0,90.0,50.0,78.0,75.0,0.84595,0.0,66.0,0.0,35.0,0.3126,엄청 적극적으로 들이대네.,바로 위로 올라타네.,,53.39,T3,화자·문맥·자연스러움 집중 검토,formality_jump,99.09828674481514,72.59,P1,장면 패킷을 열고 후보 3개를 생성해 반증 검토
SSIS-575,사진 대조 1차 교정본,484,"00:33:13,850 --> 00:33:14,850",1.0,네.,제가 좀 더 적극적으로 밀어붙이는 게 좋을까요?,그럼 밤 산책이요?,반말형,sub_0484_1993.8s.jpg,0.05,,,25.0,90.0,50.0,78.0,75.0,0.0071,0.0,66.0,0.0,18.0,0.6489,"네, 네.",네.,불필요한 반복 제거,16.8,T4,구조검사 통과 시 유지,formality_shift,8.431018935978358,13.29,P4,회귀검사 통과 시 유지
SSIS-575,사진 대조 1차 교정본,485,"00:33:25,520 --> 00:33:27,180",1.66,그럼 밤 산책이요?,네.,네.,중립·혼합형,sub_0485_2005.5s.jpg,0.02,,,25.0,90.0,50.0,78.0,75.0,0.45329,0.0,66.0,0.0,0.0,0.1587,"그럼 일단,",그럼 일단,,34.1,T4,구조검사 통과 시 유지,,48.12894499549144,39.99,P4,회귀검사 통과 시 유지
SSIS-575,사진 대조 1차 교정본,486,"00:33:28,860 --> 00:33:29,380",0.52,네.,그럼 밤 산책이요?,밤에 산책하면서요?,반말형,sub_0486_2008.9s.jpg,0.04,,,25.0,90.0,50.0,78.0,75.0,0.00628,0.0,66.0,0.0,0.0,0.6489,"네, 네.",네.,불필요한 반복 제거,15.32,T4,구조검사 통과 시 유지,,1.0144274120829575,9.31,P4,회귀검사 통과 시 유지
SSIS-575,사진 대조 1차 교정본,487,"00:33:30,280 --> 00:33:31,060",0.78,밤에 산책하면서요?,네.,"산책하며 가까워진 뒤
조금 더 적극적으로 다가가라고요?",중립·혼합형,sub_0487_2010.3s.jpg,0.02,,,25.0,90.0,50.0,78.0,75.0,0.48984,0.0,66.0,0.0,0.0,0.3057,산책하면서 친해진 뒤 좀 더 적극적으로 하라고요.,산책하며 가까워진 뒤 조금 더 적극적으로 다가가라고요?,문장 호흡 정리,35.63,T3,화자·문맥·자연스러움 집중 검토,,54.17042380522994,43.42,P3,말투·질문응답·가독성 위주 검토
SSIS-575,사진 대조 1차 교정본,488,"00:33:31,300 --> 00:33:36,780",5.48,"산책하며 가까워진 뒤
조금 더 적극적으로 다가가라고요?",밤에 산책하면서요?,네.,중립·혼합형,sub_0488_2011.3s.jpg,0.0,문장 호흡 정리,높음,25.0,90.0,50.0,78.0,75.0,0.58455,0.0,22.0,0.0,0.0,0.3876,산책하면서 친해진 뒤 좀 더 적극적으로 하라고요.,산책하며 가까워진 뒤 조금 더 적극적으로 다가가라고요?,문장 호흡 정리,23.45,T4,구조검사 통과 시 유지,,14.26961226330027,19.59,P4,회귀검사 통과 시 유지
SSIS-575,사진 대조 1차 교정본,489,"00:33:39,140 --> 00:33:39,660",0.52,네.,"산책하며 가까워진 뒤
조금 더 적극적으로 다가가라고요?",그럼 오늘은 조금 더 적극적으로 해 볼게요.,반말형,sub_0489_2019.1s.jpg,0.04,,,25.0,90.0,50.0,78.0,75.0,0.01469,0.0,66.0,0.0,0.0,0.6489,"네, 네.",네.,불필요한 반복 제거,15.68,T4,구조검사 통과 시 유지,,4.959422903516682,11.18,P4,회귀검사 통과 시 유지
SSIS-575,사진 대조 1차 교정본,490,"00:33:44,980 --> 00:33:49,540",4.56,그럼 오늘은 조금 더 적극적으로 해 볼게요.,네.,네.,반말형,sub_0490_2025.0s.jpg,0.02,,,25.0,90.0,50.0,78.0,75.0,0.86673,0.0,66.0,0.0,0.0,0.3947,엄청 적극적으로 들이대네.,바로 위로 올라타네.,,51.46,T3,화자·문맥·자연스러움 집중 검토,,98.06131650135256,71.03,P2,앞뒤 5블록·사진·오류 기억을 함께 검토
SSIS-575,사진 대조 1차 교정본,491,"00:33:50,760 --> 00:33:51,280",0.52,네.,그럼 오늘은 조금 더 적극적으로 해 볼게요.,네.,반말형,sub_0491_2030.8s.jpg,0.04,,,25.0,90.0,50.0,78.0,75.0,0.01215,0.0,66.0,0.0,0.0,0.6489,"네, 네.",네.,불필요한 반복 제거,15.57,T4,구조검사 통과 시 유지,,3.899909828674482,10.67,P4,회귀검사 통과 시 유지
SSIS-575,사진 대조 1차 교정본,492,"00:33:53,580 --> 00:33:53,980",0.4,네.,네.,알겠습니다. 열심히 할게요.,반말형,sub_0492_2033.6s.jpg,0.02,,,25.0,90.0,50.0,78.0,75.0,0.01022,0.0,66.0,0.0,0.0,0.6489,"네, 네.",네.,불필요한 반복 제거,15.49,T4,구조검사 통과 시 유지,,3.2461677186654643,10.35,P4,회귀검사 통과 시 유지
SSIS-575,사진 대조 1차 교정본,493,"00:33:53,980 --> 00:33:55,520",1.54,알겠습니다. 열심히 할게요.,네.,네.,존댓말형,sub_0493_2034.0s.jpg,0.02,,,25.0,90.0,50.0,78.0,75.0,0.64298,0.0,66.0,0.0,35.0,0.5725,다음엔 열심히 할게요.,다음엔 더 열심히 할게요.,사진 장면 확인 및 한국어 번역투·ASR 오역 교정,44.87,T3,화자·문맥·자연스러움 집중 검토,formality_jump,87.39855725879171,62.73,P2,앞뒤 5블록·사진·오류 기억을 함께 검토
SSIS-575,사진 대조 1차 교정본,494,"00:33:57,800 --> 00:33:58,200",0.4,네.,알겠습니다. 열심히 할게요.,같이 산책하자.,반말형,sub_0494_2037.8s.jpg,0.0,,,25.0,90.0,50.0,78.0,75.0,0.01119,0.0,66.0,0.0,18.0,0.6489,"네, 네.",네.,불필요한 반복 제거,16.97,T4,구조검사 통과 시 유지,formality_shift,8.701532912533814,13.5,P4,회귀검사 통과 시 유지
SSIS-575,사진 대조 1차 교정본,495,"00:34:24,220 --> 00:34:25,520",1.3,같이 산책하자.,네.,미안해요.,중립·혼합형,sub_0495_2064.2s.jpg,0.02,,,25.0,90.0,50.0,78.0,75.0,0.43924,0.0,66.0,0.0,0.0,0.2348,같이 좀 가요.,그럼 같이 가요.,일본어 원문 대조 + 자연스러운 한국어 대사 교정,33.51,T4,구조검사 통과 시 유지,,45.64923354373309,38.61,P4,회귀검사 통과 시 유지
SSIS-575,사진 대조 1차 교정본,496,"00:34:26,820 --> 00:34:27,380",0.56,미안해요.,같이 산책하자.,출퇴근길은 안 추웠어요?,반말형,sub_0496_2066.8s.jpg,0.02,,,25.0,90.0,50.0,78.0,75.0,0.23692,0.0,66.0,0.0,0.0,0.3564,"하지 마. 미안, 미안해, 미안해.","잠깐만. 미안, 미안해.",일본어 원문 대조 + 자연스러운 한국어 대사 교정,25.01,T4,구조검사 통과 시 유지,,17.651036970243464,21.92,P4,회귀검사 통과 시 유지
SSIS-575,사진 대조 1차 교정본,497,"00:34:40,140 --> 00:34:42,060",1.92,출퇴근길은 안 추웠어요?,미안해요.,"아, 전혀 안 추워.",반응형,sub_0497_2080.1s.jpg,0.04,,,25.0,90.0,50.0,78.0,75.0,0.39933,0.0,66.0,0.0,0.0,0.0908,말해 버렸어요?,소리 내 버렸어요?,사진 장면 확인 및 한국어 번역투·ASR 오역 교정,31.83,T4,구조검사 통과 시 유지,,39.0892696122633,34.88,P4,회귀검사 통과 시 유지
SSIS-575,사진 대조 1차 교정본,498,"00:34:51,020 --> 00:34:52,740",1.72,"아, 전혀 안 추워.",출퇴근길은 안 추웠어요?,조금 더 이쪽으로 붙어.,반응형,sub_0498_2091.0s.jpg,0.02,,,25.0,90.0,50.0,78.0,79.0,0.58117,0.0,66.0,0.0,0.0,0.3213,"아, 아, 아, 아, 아, 아, 아,","아, 아, 아, 아, 아, 아, 아",,39.71,T3,화자·문맥·자연스러움 집중 검토,,70.91974752028854,52.82,P3,말투·질문응답·가독성 위주 검토
SSIS-575,사진 대조 1차 교정본,499,"00:34:55,200 --> 00:34:57,160",1.96,조금 더 이쪽으로 붙어.,"아, 전혀 안 추워.",괜찮아?,반응형,sub_0499_2095.2s.jpg,0.0,,,25.0,90.0,50.0,78.0,75.0,0.43889,0.0,66.0,0.0,0.0,0.4089,"잠깐, 이쪽으로 더 갈 수 있나?",그냥 여기서 살까?,,33.49,T4,구조검사 통과 시 유지,,45.58160504959423,38.57,P4,회귀검사 통과 시 유지
SSIS-575,사진 대조 1차 교정본,500,"00:35:10,010 --> 00:35:10,490",0.48,괜찮아?,조금 더 이쪽으로 붙어.,어때?,반응형,sub_0500_2110.0s.jpg,0.01,,,25.0,90.0,50.0,78.0,75.0,0.11938,0.0,66.0,0.0,0.0,0.4653,더 해줘도 돼? 더 해줘. 괜찮아?,더 해 줘도 돼? 더 해 줘. 괜찮아?,,20.07,T4,구조검사 통과 시 유지,,10.279531109107303,15.96,P4,회귀검사 통과 시 유지
SSIS-575,사진 대조 1차 교정본,501,"00:35:11,230 --> 00:35:15,520",4.29,어때?,괜찮아?,일하느라 피곤했어?,반응형,sub_0501_2111.2s.jpg,0.03,,,25.0,90.0,50.0,78.0,75.0,0.19715,0.0,66.0,0.0,0.0,0.6352,어때? 맛은?,어때? 맛 평가해 줘.,일본어 원문 대조 + 자연스러운 한국어 대사 교정,23.34,T4,구조검사 통과 시 유지,,13.931469792605952,19.39,P4,회귀검사 통과 시 유지
SSIS-575,사진 대조 1차 교정본,502,"00:35:20,870 --> 00:35:22,250",1.38,일하느라 피곤했어?,어때?,조금 길었어요.,반응형,sub_0502_2120.9s.jpg,0.03,,,25.0,90.0,50.0,78.0,75.0,0.39627,0.0,66.0,0.0,0.0,0.1291,부활했어?,다시 섰어?,일본어 원문 대조 + 자연스러운 한국어 대사 교정,31.7,T4,구조검사 통과 시 유지,,38.412984670874664,34.52,P4,회귀검사 통과 시 유지
SSIS-575,사진 대조 1차 교정본,503,"00:35:23,530 --> 00:35:24,710",1.18,조금 길었어요.,일하느라 피곤했어?,그렇지.,반응형,sub_0503_2123.5s.jpg,0.03,,,25.0,90.0,50.0,78.0,75.0,0.40098,0.0,66.0,0.0,0.0,0.27,조금 쉬어요.,잠깐만요.,,31.9,T4,구조검사 통과 시 유지,,39.56266907123535,35.12,P4,회귀검사 통과 시 유지
SSIS-575,사진 대조 1차 교정본,504,"00:35:24,970 --> 00:35:25,850",0.88,그렇지.,조금 길었어요.,야근도 자주 해?,반말형,sub_0504_2125.0s.jpg,0.03,,,25.0,90.0,50.0,78.0,75.0,0.23115,0.0,66.0,0.0,0.0,0.2319,전부 다 그러면 큰일이지. 그렇지 않아.,다 그러면 큰일 나죠. 저는 안 가요.,사진 장면 확인 및 한국어 번역투·ASR 오역 교정,24.77,T4,구조검사 통과 시 유지,,17.11000901713255,21.55,P4,회귀검사 통과 시 유지
SSIS-575,사진 대조 1차 교정본,505,"00:35:26,330 --> 00:35:28,230",1.9,야근도 자주 해?,그렇지.,"네, 역시 마감이 있으면요.",반말형,sub_0505_2126.3s.jpg,0.03,,,25.0,90.0,50.0,78.0,75.0,0.48615,0.0,66.0,0.0,0.0,0.2051,후와 씨는 요리를 자주 해요?,후우아 씨는 요리를 자주 해요?,출연자 이름 오인식 교정,35.48,T3,화자·문맥·자연스러움 집중 검토,,53.35888187556357,42.99,P3,말투·질문응답·가독성 위주 검토
SSIS-575,사진 대조 1차 교정본,506,"00:35:29,550 --> 00:35:31,390",1.84,"네, 역시 마감이 있으면요.",야근도 자주 해?,마감?,반응형,sub_0506_2129.6s.jpg,0.05,,,25.0,90.0,50.0,78.0,75.0,0.62868,0.0,66.0,0.0,0.0,0.2361,"네, 네.",네.,불필요한 반복 제거,41.46,T3,화자·문맥·자연스러움 집중 검토,,77.4346257889991,56.57,P3,말투·질문응답·가독성 위주 검토
SSIS-575,사진 대조 1차 교정본,507,"00:35:31,630 --> 00:35:32,050",0.42,마감?,"네, 역시 마감이 있으면요.",우리 한 달 동안 같이 지내는 기획이잖아.,중립·혼합형,sub_0507_2131.6s.jpg,0.03,,,25.0,90.0,50.0,78.0,75.0,0.271,0.0,66.0,0.0,0.0,0.0435,하지 마.,잠깐만.,손상된 일본어 ASR + 타임스탬프 사진 + 앞뒤 문맥 추론,26.44,T4,구조검사 통과 시 유지,,21.12263300270514,24.21,P4,회귀검사 통과 시 유지
SSIS-575,사진 대조 1차 교정본,508,"00:36:15,650 --> 00:36:19,290",3.64,우리 한 달 동안 같이 지내는 기획이잖아.,마감?,네.,반말형,sub_0508_2175.7s.jpg,0.05,,,25.0,90.0,50.0,78.0,75.0,0.7663,0.0,66.0,0.0,0.0,0.2736,"뭐, 잘 지내는 것 같아요.","네, 뭐… 잘 지내는 것 같아요.",대화체 자연화,47.24,T3,화자·문맥·자연스러움 집중 검토,,92.56086564472497,66.27,P2,앞뒤 5블록·사진·오류 기억을 함께 검토
SSIS-575,사진 대조 1차 교정본,509,"00:36:19,290 --> 00:36:19,810",0.52,네.,우리 한 달 동안 같이 지내는 기획이잖아.,그래서 마음에 품고 있는 생각이나 불만이 있으면 말해 줬으면 해.,반말형,sub_0509_2179.3s.jpg,0.01,,,25.0,90.0,50.0,78.0,75.0,0.01142,0.0,66.0,0.0,0.0,0.6489,"네, 네.",네.,불필요한 반복 제거,15.54,T4,구조검사 통과 시 유지,,3.5843101893597837,10.52,P4,회귀검사 통과 시 유지
SSIS-575,사진 대조 1차 교정본,510,"00:36:20,690 --> 00:36:31,210",10.52,그래서 마음에 품고 있는 생각이나 불만이 있으면 말해 줬으면 해.,네.,제가 생각하는 거요?,반말형,sub_0510_2180.7s.jpg,0.01,,,25.0,90.0,50.0,78.0,75.0,0.92934,0.0,66.0,0.0,0.0,0.2335,기억해 줬으면 해?,"여기, 기억해 줬으면 해요.",사진 장면 확인 및 한국어 번역투·ASR 오역 교정,54.09,T3,화자·문맥·자연스러움 집중 검토,,99.41388638412985,73.13,P1,장면 패킷을 열고 후보 3개를 생성해 반증 검토
SSIS-575,사진 대조 1차 교정본,511,"00:36:38,590 --> 00:36:39,630",1.04,제가 생각하는 거요?,그래서 마음에 품고 있는 생각이나 불만이 있으면 말해 줬으면 해.,응.,중립·혼합형,sub_0511_2198.6s.jpg,0.01,,,25.0,90.0,50.0,78.0,75.0,0.6498,0.0,66.0,0.0,0.0,0.2037,몸을 생각하면 제대로 하는 게 맞아요.,몸에 무리가 가지 않게 제대로 해야 해요.,,42.35,T3,화자·문맥·자연스러움 집중 검토,,80.09467989179441,58.2,P2,앞뒤 5블록·사진·오류 기억을 함께 검토
SSIS-575,사진 대조 1차 교정본,512,"00:36:39,790 --> 00:36:40,070",0.28,응.,제가 생각하는 거요?,네.,반응형,sub_0512_2199.8s.jpg,0.01,,,25.0,90.0,50.0,78.0,75.0,0.02061,0.0,66.0,0.0,0.0,0.4021,"하-, 응.",하아… 응.,,15.93,T4,구조검사 통과 시 유지,,6.469792605951308,11.96,P4,회귀검사 통과 시 유지
SSIS-575,사진 대조 1차 교정본,513,"00:36:40,070 --> 00:36:40,150",0.08,네.,응.,나는 전혀 불만이 없는데.,반말형,sub_0513_2200.1s.jpg,0.03,,,25.0,90.0,50.0,78.0,75.0,0.00589,0.0,66.0,55.0,0.0,0.6489,"네, 네.",네.,불필요한 반복 제거,20.81,T4,구조검사 통과 시 유지,high_cps,10.775473399458972,16.6,P4,회귀검사 통과 시 유지
SSIS-575,사진 대조 1차 교정본,514,"00:36:42,370 --> 00:36:44,790",2.42,나는 전혀 불만이 없는데.,네.,없어요?,중립·혼합형,sub_0514_2202.4s.jpg,0.03,,,25.0,90.0,50.0,78.0,79.0,0.70552,0.0,66.0,0.0,0.0,0.2235,정말 나는 없어.,[불명],,44.93,T3,화자·문맥·자연스러움 집중 검토,,87.57889990982868,62.84,P2,앞뒤 5블록·사진·오류 기억을 함께 검토
SSIS-575,사진 대조 1차 교정본,515,"00:36:47,440 --> 00:36:48,180",0.74,없어요?,나는 전혀 불만이 없는데.,응.,반응형,sub_0515_2207.4s.jpg,0.04,,,25.0,90.0,50.0,78.0,75.0,0.22027,0.0,66.0,0.0,0.0,0.3152,정말 없어요!,정말 없어요.,일본어 원문 대조 + 자연스러운 한국어 대사 교정,24.31,T4,구조검사 통과 시 유지,,15.734896302975654,20.71,P4,회귀검사 통과 시 유지
SSIS-575,사진 대조 1차 교정본,516,"00:36:48,580 --> 00:36:48,760",0.18,응.,없어요?,그냥…,반응형,sub_0516_2208.6s.jpg,0.02,,,25.0,90.0,50.0,78.0,75.0,0.02252,0.0,66.0,0.0,0.0,0.4021,"하-, 응.",하아… 응.,,16.01,T4,구조검사 통과 시 유지,,6.87556357078449,12.17,P4,회귀검사 통과 시 유지
SSIS-575,사진 대조 1차 교정본,517,"00:36:50,060 --> 00:36:50,500",0.44,그냥…,응.,제가 지원해서…,중립·혼합형,sub_0517_2210.1s.jpg,0.04,,,25.0,90.0,50.0,78.0,75.0,0.3489,0.0,66.0,0.0,0.0,0.0402,그리고…,그리고 이제…,,29.71,T4,구조검사 통과 시 유지,,31.379621280432822,30.41,P4,회귀검사 통과 시 유지
SSIS-575,사진 대조 1차 교정본,518,"00:37:11,870 --> 00:37:14,310",2.44,제가 지원해서…,그냥…,지원은 했지만…,반말형,sub_0518_2231.9s.jpg,0.03,,,25.0,90.0,50.0,78.0,75.0,0.60122,0.0,66.0,0.0,0.0,0.2239,계속해서…,그대로 계속해.,손상된 일본어 ASR + 타임스탬프 사진 + 앞뒤 문맥 추론,40.31,T3,화자·문맥·자연스러움 집중 검토,,73.28674481514878,54.16,P3,말투·질문응답·가독성 위주 검토
SSIS-575,사진 대조 1차 교정본,519,"00:37:15,250 --> 00:37:16,110",0.86,지원은 했지만…,제가 지원해서…,직접 지원해 놓고도…,반말형,sub_0519_2235.2s.jpg,0.05,,,25.0,90.0,50.0,78.0,75.0,0.5604,0.0,66.0,0.0,0.0,0.2476,하지만…,그래도…,,38.6,T3,화자·문맥·자연스러움 집중 검토,,66.34355275022543,50.25,P3,말투·질문응답·가독성 위주 검토
SSIS-575,사진 대조 1차 교정본,520,"00:37:16,890 --> 00:37:17,330",0.44,직접 지원해 놓고도…,지원은 했지만…,"네, 지원했지만…",반말형,sub_0520_2236.9s.jpg,0.01,,,25.0,90.0,50.0,78.0,75.0,0.59106,0.0,66.0,32.27,0.0,0.169,직접 만지는 게 더 기분 좋아...,직접 만지는 게 더 기분 좋아…,,43.11,T3,화자·문맥·자연스러움 집중 검토,high_cps,82.64201983769162,59.71,P2,앞뒤 5블록·사진·오류 기억을 함께 검토
SSIS-575,사진 대조 1차 교정본,521,"00:37:17,330 --> 00:37:18,190",0.86,"네, 지원했지만…",직접 지원해 놓고도…,마음이 아직 따라가지 못한다고 할까.,반말형,sub_0521_2237.3s.jpg,0.03,,,25.0,90.0,50.0,78.0,75.0,0.63309,0.0,66.0,0.0,0.0,0.2731,"네, 네.",네.,불필요한 반복 제거,41.65,T3,화자·문맥·자연스러움 집중 검토,,78.29125338142471,57.04,P3,말투·질문응답·가독성 위주 검토
SSIS-575,사진 대조 1차 교정본,522,"00:37:38,370 --> 00:37:40,030",1.66,마음이 아직 따라가지 못한다고 할까.,"네, 지원했지만…",일하면서 한 달 동안 이 기획도 병행해야 하잖아요.,반응형,sub_0522_2258.4s.jpg,0.03,,,25.0,90.0,50.0,78.0,75.0,0.84623,0.0,66.0,0.0,0.0,0.3191,뭐 할까.,이제 뭐 할까?,일본어 원문 대조 + 자연스러운 한국어 대사 교정,50.6,T3,화자·문맥·자연스러움 집중 검토,,97.06943192064924,70.12,P2,앞뒤 5블록·사진·오류 기억을 함께 검토
SSIS-575,사진 대조 1차 교정본,523,"00:37:41,230 --> 00:37:42,350",1.12,일하면서 한 달 동안 이 기획도 병행해야 하잖아요.,마음이 아직 따라가지 못한다고 할까.,한 달 동안 이런 기획에 참여하는 거니까요.,반말형,sub_0523_2261.2s.jpg,0.03,,,25.0,90.0,50.0,78.0,75.0,0.85035,0.0,66.0,25.0,0.0,0.1005,"한 달 동안 같이 지낼 기회가 있으니, 저는 좀 더 친해져서 여러 가지를 함께하고 싶어요. 저와 친하게 지내 줄래요?",한 달 동안 좀 더 친해져서 여러 가지를 함께하고 싶어요. 저와 친하게 지내 줄래요?,화자·문장 구조 정리,53.27,T3,화자·문맥·자연스러움 집중 검토,borderline_cps,99.00811541929666,72.48,P1,장면 패킷을 열고 후보 3개를 생성해 반증 검토
SSIS-575,사진 대조 1차 교정본,524,"00:37:43,350 --> 00:37:51,060",7.71,한 달 동안 이런 기획에 참여하는 거니까요.,일하면서 한 달 동안 이 기획도 병행해야 하잖아요.,네.,존댓말형,sub_0524_2263.3s.jpg,0.05,,,25.0,90.0,50.0,78.0,75.0,0.7265,0.0,66.0,0.0,35.0,0.3383,여기 오면 항상 즐기는 거니까요.,여기 오면 늘 낚시를 즐기거든요.,대화체 자연화,48.37,T3,화자·문맥·자연스러움 집중 검토,formality_jump,94.25157799819658,67.64,P2,앞뒤 5블록·사진·오류 기억을 함께 검토
SSIS-575,사진 대조 1차 교정본,525,"00:37:51,060 --> 00:37:51,400",0.34,네.,한 달 동안 이런 기획에 참여하는 거니까요.,그런데 제가 너무 한심하다고 할까.,반말형,sub_0525_2271.1s.jpg,0.04,,,25.0,90.0,50.0,78.0,75.0,0.00765,0.0,66.0,0.0,18.0,0.6489,"네, 네.",네.,불필요한 반복 제거,16.82,T4,구조검사 통과 시 유지,formality_shift,8.543733092876465,13.34,P4,회귀검사 통과 시 유지
SSIS-575,사진 대조 1차 교정본,526,"00:37:51,920 --> 00:38:15,070",23.15,그런데 제가 너무 한심하다고 할까.,네.,그런 생각까지 해?,중립·혼합형,sub_0526_2271.9s.jpg,0.02,,,25.0,90.0,50.0,78.0,75.0,0.81567,0.0,66.0,0.0,0.0,0.3498,뭐 할까.,이제 뭐 할까?,일본어 원문 대조 + 자연스러운 한국어 대사 교정,49.32,T3,화자·문맥·자연스러움 집중 검토,,95.31109107303878,68.64,P2,앞뒤 5블록·사진·오류 기억을 함께 검토
SSIS-575,사진 대조 1차 교정본,527,"00:38:16,050 --> 00:38:17,670",1.62,그런 생각까지 해?,그런데 제가 너무 한심하다고 할까.,남자로서…,반말형,sub_0527_2296.1s.jpg,0.05,,,25.0,90.0,50.0,78.0,75.0,0.67299,0.0,66.0,0.0,0.0,0.1756,기억해 줬으면 해?,"여기, 기억해 줬으면 해요.",사진 장면 확인 및 한국어 번역투·ASR 오역 교정,43.33,T3,화자·문맥·자연스러움 집중 검토,,83.09287646528404,60.03,P2,앞뒤 5블록·사진·오류 기억을 함께 검토
SSIS-575,사진 대조 1차 교정본,528,"00:38:21,210 --> 00:38:22,610",1.4,남자로서…,그런 생각까지 해?,뭐라고 해야 할지…,중립·혼합형,sub_0528_2301.2s.jpg,0.01,,,25.0,90.0,50.0,78.0,75.0,0.39889,0.0,66.0,0.0,0.0,0.0973,다리 좋아하는 남자.,다리 좋아하는 남자 많잖아.,일본어 원문 대조 + 자연스러운 한국어 대사 교정,31.81,T4,구조검사 통과 시 유지,,39.04418394950406,34.85,P4,회귀검사 통과 시 유지
SSIS-575,사진 대조 1차 교정본,529,"00:38:23,950 --> 00:38:24,670",0.72,뭐라고 해야 할지…,남자로서…,자꾸 피하게 돼요.,반말형,sub_0529_2303.9s.jpg,0.05,,,25.0,90.0,50.0,78.0,75.0,0.61539,0.59,66.0,0.0,0.0,0.6549,뭐라고 해야 돼?,뭐라고 말하면 돼?,일본어 원문 대조 + 자연스러운 한국어 대사 교정,41.01,T3,화자·문맥·자연스러움 집중 검토,,75.76645626690713,55.61,P3,말투·질문응답·가독성 위주 검토
SSIS-575,사진 대조 1차 교정본,530,"00:38:25,990 --> 00:38:27,170",1.18,자꾸 피하게 돼요.,뭐라고 해야 할지…,제가 나이도 더 많은데 자꾸 피하게 돼요.,중립·혼합형,sub_0530_2306.0s.jpg,0.01,,,25.0,90.0,50.0,78.0,75.0,0.60584,0.0,66.0,0.0,0.0,0.3044,"아, 유두는 안 돼요.","아, 젖꼭지는 안 돼요.",,40.51,T3,화자·문맥·자연스러움 집중 검토,,74.0532010820559,54.6,P3,말투·질문응답·가독성 위주 검토
SSIS-575,사진 대조 1차 교정본,531,"00:38:29,650 --> 00:38:34,370",4.72,제가 나이도 더 많은데 자꾸 피하게 돼요.,자꾸 피하게 돼요.,한심하다는 생각이 들어서요.,중립·혼합형,sub_0531_2309.7s.jpg,0.05,,,25.0,90.0,50.0,78.0,75.0,0.83506,0.0,66.0,0.0,0.0,0.2054,"아, 유두는 안 돼요.","아, 젖꼭지는 안 돼요.",,50.13,T3,화자·문맥·자연스러움 집중 검토,,96.43823264201984,69.58,P2,앞뒤 5블록·사진·오류 기억을 함께 검토
SSIS-575,사진 대조 1차 교정본,532,"00:38:38,630 --> 00:38:40,470",1.84,한심하다는 생각이 들어서요.,제가 나이도 더 많은데 자꾸 피하게 돼요.,후후후.,반응형,sub_0532_2318.6s.jpg,0.03,,,25.0,90.0,50.0,78.0,75.0,0.73074,0.0,66.0,0.0,0.0,0.1869,"한심하네, 정말.","체력이 약하네, 정말.",사진 장면 확인 및 한국어 번역투·ASR 오역 교정,45.75,T3,화자·문맥·자연스러움 집중 검토,,89.24706943192065,64.02,P2,앞뒤 5블록·사진·오류 기억을 함께 검토
SSIS-575,사진 대조 1차 교정본,533,"00:38:40,470 --> 00:38:44,070",3.6,후후후.,한심하다는 생각이 들어서요.,후후.,중립·혼합형,sub_0533_2320.5s.jpg,0.03,,,25.0,90.0,50.0,78.0,75.0,0.40249,0.0,66.0,0.0,0.0,0.3327,"후후후, 어서 와.","후후후, 차가워!",손상된 일본어 ASR + 타임스탬프 사진 + 앞뒤 문맥 추론,31.96,T4,구조검사 통과 시 유지,,39.81064021641118,35.26,P4,회귀검사 통과 시 유지
SSIS-575,사진 대조 1차 교정본,534,"00:38:52,080 --> 00:38:52,620",0.54,후후.,후후후.,전에 여자친구 이야기도 들었잖아.,중립·혼합형,sub_0534_2332.1s.jpg,0.02,,,25.0,90.0,50.0,78.0,75.0,0.35116,0.0,66.0,0.0,0.0,0.2038,"후후후, 어서 와.","후후후, 차가워!",손상된 일본어 ASR + 타임스탬프 사진 + 앞뒤 문맥 추론,29.81,T4,구조검사 통과 시 유지,,31.89810640216411,30.69,P4,회귀검사 통과 시 유지
SSIS-575,사진 대조 1차 교정본,535,"00:38:52,640 --> 00:38:55,120",2.48,전에 여자친구 이야기도 들었잖아.,후후.,네.,반응형,sub_0535_2332.6s.jpg,0.04,,,25.0,90.0,50.0,78.0,75.0,0.76626,0.0,66.0,0.0,0.0,0.1808,너도 느끼고 있었잖아.,너도 좋아했잖아.,,47.24,T3,화자·문맥·자연스러움 집중 검토,,92.56086564472497,66.27,P2,앞뒤 5블록·사진·오류 기억을 함께 검토
SSIS-575,사진 대조 1차 교정본,536,"00:38:55,600 --> 00:38:56,040",0.44,네.,전에 여자친구 이야기도 들었잖아.,응.,반말형,sub_0536_2335.6s.jpg,0.0,,,25.0,90.0,50.0,78.0,75.0,0.01102,0.0,66.0,0.0,0.0,0.6489,"네, 네.",네.,불필요한 반복 제거,15.52,T4,구조검사 통과 시 유지,,3.4490532010820556,10.45,P4,회귀검사 통과 시 유지
SSIS-575,사진 대조 1차 교정본,537,"00:38:56,880 --> 00:38:57,080",0.2,응.,네.,그런 일을 겪었어도 지금은 나쁘지 않잖아.,반응형,sub_0537_2336.9s.jpg,0.02,,,25.0,90.0,50.0,78.0,75.0,0.01661,0.0,66.0,0.0,0.0,0.4021,"하-, 응.",하아… 응.,,15.76,T4,구조검사 통과 시 유지,,5.207394048692516,11.33,P4,회귀검사 통과 시 유지
SSIS-575,사진 대조 1차 교정본,538,"00:38:57,340 --> 00:38:58,400",1.06,그런 일을 겪었어도 지금은 나쁘지 않잖아.,응.,"지금 함께 지내는 것도 꽤 괜찮잖아.
그러니 좀 더 자신감을 가져.",반말형,sub_0538_2337.3s.jpg,0.04,,,25.0,90.0,50.0,78.0,75.0,0.73363,0.0,66.0,25.0,0.0,0.2769,지금은 일을 그만둔 상태다.,지금은 일을 그만뒀다.,,48.37,T3,화자·문맥·자연스러움 집중 검토,borderline_cps,94.25157799819658,67.64,P2,앞뒤 5블록·사진·오류 기억을 함께 검토
SSIS-575,사진 대조 1차 교정본,539,"00:38:59,540 --> 00:39:12,080",12.54,"지금 함께 지내는 것도 꽤 괜찮잖아.
그러니 좀 더 자신감을 가져.",그런 일을 겪었어도 지금은 나쁘지 않잖아.,이런 기회는 좀처럼 없잖아.,반말형,sub_0539_2339.5s.jpg,0.04,화자 분리 및 줄바꿈,높음,25.0,90.0,86.0,78.0,75.0,0.60648,28.29,22.0,0.0,0.0,0.8857,지금 함께 지내는 것도 꽤 괜찮아. 그러니 좀 더 자신감을 가져.,지금 함께 지내는 것도 꽤 괜찮잖아. 그러니 좀 더 자신감을 가져.,화자 분리 및 줄바꿈,27.78,T4,구조검사 통과 시 유지,,25.360685302073943,26.76,P4,회귀검사 통과 시 유지
SSIS-575,사진 대조 1차 교정본,540,"00:39:16,520 --> 00:39:19,020",2.5,이런 기회는 좀처럼 없잖아.,"지금 함께 지내는 것도 꽤 괜찮잖아.
그러니 좀 더 자신감을 가져.",그러니까 같이 즐거운 시간을 보내고 싶어.,반응형,sub_0540_2356.5s.jpg,0.02,,,25.0,90.0,50.0,78.0,75.0,0.58117,0.0,66.0,0.0,0.0,0.3817,말할 리가 없잖아.,들킬 리가 없잖아.,앞뒤 대사 문맥 교정,39.47,T3,화자·문맥·자연스러움 집중 검토,,70.06311992786294,52.32,P3,말투·질문응답·가독성 위주 검토
SSIS-575,사진 대조 1차 교정본,541,"00:39:20,420 --> 00:39:31,300",10.88,그러니까 같이 즐거운 시간을 보내고 싶어.,이런 기회는 좀처럼 없잖아.,저도 그렇게 생각해요.,중립·혼합형,sub_0541_2360.4s.jpg,0.02,,,25.0,90.0,50.0,78.0,75.0,0.73267,0.0,66.0,0.0,0.0,0.3279,그러니까 아직 안 왔어요.,아직 안 왔네요.,사진 장면 확인 및 한국어 번역투·ASR 오역 교정,45.83,T3,화자·문맥·자연스러움 집중 검토,,89.49504057709649,64.17,P2,앞뒤 5블록·사진·오류 기억을 함께 검토
SSIS-575,사진 대조 1차 교정본,542,"00:39:36,180 --> 00:39:38,460",2.28,저도 그렇게 생각해요.,그러니까 같이 즐거운 시간을 보내고 싶어.,그렇게 생각했어?,반말형,sub_0542_2376.2s.jpg,0.02,,,25.0,90.0,50.0,78.0,75.0,0.53522,0.0,66.0,0.0,0.0,0.2196,친구처럼 편한 여자와 먼저 가까워지면 자연스럽게 잠자리까지 갈 수 있다고 생각해요. 너무 고민하지 말고 연애도 섹스도 많이 경험해 보세요.,친구처럼 편한 여자와 가까워지다 보면 자연스럽게 잠자리까지 갈 수 있어요. 너무 고민하지 말고 연애도 섹스도 많이 경험해 보세요.,,37.54,T3,화자·문맥·자연스러움 집중 검토,,61.72227231740307,47.7,P3,말투·질문응답·가독성 위주 검토
SSIS-575,사진 대조 1차 교정본,543,"00:39:38,460 --> 00:39:38,860",0.4,그렇게 생각했어?,저도 그렇게 생각해요.,하지만 어떻게 말해야 할지 모르겠어요.,반응형,sub_0543_2378.5s.jpg,0.04,,,25.0,90.0,50.0,78.0,75.0,0.61737,0.0,66.0,25.0,0.0,0.4146,계속 생각했어.,부끄러워? 뭔가 야하네.,일본어 원문 + 타임스탬프 사진 + 장면 연속성,43.49,T3,화자·문맥·자연스러움 집중 검토,borderline_cps,83.6789900811542,60.37,P2,앞뒤 5블록·사진·오류 기억을 함께 검토
SSIS-575,사진 대조 1차 교정본,544,"00:39:49,850 --> 00:39:57,840",7.99,하지만 어떻게 말해야 할지 모르겠어요.,그렇게 생각했어?,잘 모르겠어요.,반응형,sub_0544_2389.8s.jpg,0.05,,,25.0,90.0,50.0,78.0,75.0,0.83373,0.0,66.0,0.0,0.0,0.2511,어떻게 하지...,어떻게 하지…,,50.08,T3,화자·문맥·자연스러움 집중 검토,,96.23534715960325,69.47,P2,앞뒤 5블록·사진·오류 기억을 함께 검토
SSIS-575,사진 대조 1차 교정본,545,"00:40:00,420 --> 00:40:01,160",0.74,잘 모르겠어요.,하지만 어떻게 말해야 할지 모르겠어요.,그게 걱정돼서 조금 조급해져요.,반응형,sub_0545_2400.4s.jpg,0.02,,,25.0,90.0,50.0,78.0,75.0,0.59682,0.0,66.0,0.0,0.0,0.3429,어디가 좋은지 모르겠어?,어디가 좋은지 아직 모르겠어?,일본어 원문 대조 + 자연스러운 한국어 대사 교정,40.13,T3,화자·문맥·자연스러움 집중 검토,,72.54283137962128,53.74,P3,말투·질문응답·가독성 위주 검토
SSIS-575,사진 대조 1차 교정본,546,"00:40:04,100 --> 00:40:08,880",4.78,그게 걱정돼서 조금 조급해져요.,잘 모르겠어요.,이번 기획에서는 내가 이끌어 줄게.,반말형,sub_0546_2404.1s.jpg,0.0,,,25.0,90.0,50.0,78.0,75.0,0.75855,0.0,66.0,0.0,0.0,0.1499,그게 두 번째예요.,방금 두 번째였어요.,사진 장면 확인 및 한국어 번역투·ASR 오역 교정,46.92,T3,화자·문맥·자연스러움 집중 검토,,91.9522091974752,65.83,P2,앞뒤 5블록·사진·오류 기억을 함께 검토
SSIS-575,사진 대조 1차 교정본,547,"00:40:12,320 --> 00:40:17,720",5.4,이번 기획에서는 내가 이끌어 줄게.,그게 걱정돼서 조금 조급해져요.,그러니 불안해하지 마.,반응형,sub_0547_2412.3s.jpg,0.02,,,25.0,90.0,50.0,78.0,75.0,0.82574,0.0,66.0,0.0,0.0,0.3952,내가 잡아 줄게.,목욕하면서…,일본어 원문 + 타임스탬프 사진 + 장면 연속성,49.74,T3,화자·문맥·자연스러움 집중 검토,,95.7619477006312,69.07,P2,앞뒤 5블록·사진·오류 기억을 함께 검토
SSIS-575,사진 대조 1차 교정본,548,"00:40:18,820 --> 00:40:22,300",3.48,그러니 불안해하지 마.,이번 기획에서는 내가 이끌어 줄게.,함께 지냈으면 해.,반말형,sub_0548_2418.8s.jpg,0.02,,,25.0,90.0,50.0,78.0,75.0,0.73502,0.0,66.0,0.0,0.0,0.3532,하지 마.,잠깐만.,손상된 일본어 ASR + 타임스탬프 사진 + 앞뒤 문맥 추론,45.93,T3,화자·문맥·자연스러움 집중 검토,,89.85572587917042,64.38,P2,앞뒤 5블록·사진·오류 기억을 함께 검토
SSIS-575,사진 대조 1차 교정본,549,"00:40:24,600 --> 00:40:26,760",2.16,함께 지냈으면 해.,그러니 불안해하지 마.,나한테 맡겨 줄래?,반응형,sub_0549_2424.6s.jpg,0.0,,,25.0,90.0,50.0,78.0,75.0,0.69152,0.0,66.0,0.0,0.0,0.1516,너와 함께 맛보고 싶다는 뜻이야.,너와 같이 느끼고 싶다는 뜻이야.,,44.1,T3,화자·문맥·자연스러움 집중 검토,,85.52750225428314,61.5,P2,앞뒤 5블록·사진·오류 기억을 함께 검토
SSIS-575,사진 대조 1차 교정본,550,"00:40:30,860 --> 00:40:32,060",1.2,나한테 맡겨 줄래?,함께 지냈으면 해.,네.,중립·혼합형,sub_0550_2430.9s.jpg,0.04,,,25.0,90.0,50.0,78.0,75.0,0.59319,0.0,66.0,0.0,0.0,0.3696,나한테 잔뜩 보여줘 봐.,나한테 잔뜩 보여 줘 봐.,,39.97,T3,화자·문맥·자연스러움 집중 검토,,71.9341749323715,53.39,P3,말투·질문응답·가독성 위주 검토
SSIS-575,사진 대조 1차 교정본,551,"00:40:35,610 --> 00:40:36,070",0.46,네.,나한테 맡겨 줄래?,네.,반말형,sub_0551_2435.6s.jpg,0.01,,,25.0,90.0,50.0,78.0,75.0,0.00638,0.0,66.0,0.0,0.0,0.6489,"네, 네.",네.,불필요한 반복 제거,15.33,T4,구조검사 통과 시 유지,,1.1722272317403066,9.38,P4,회귀검사 통과 시 유지
SSIS-575,사진 대조 1차 교정본,552,"00:40:36,450 --> 00:40:36,670",0.22,네.,네.,하고 싶어?,반말형,sub_0552_2436.4s.jpg,0.05,,,25.0,90.0,50.0,78.0,75.0,0.00851,0.0,66.0,0.0,0.0,0.6489,"네, 네.",네.,불필요한 반복 제거,15.42,T4,구조검사 통과 시 유지,,2.254283137962128,9.89,P4,회귀검사 통과 시 유지
SSIS-575,사진 대조 1차 교정본,553,"00:40:43,420 --> 00:40:43,920",0.5,하고 싶어?,네.,말하기 어려워?,반응형,sub_0553_2443.4s.jpg,0.02,,,25.0,90.0,50.0,78.0,75.0,0.42612,0.0,66.0,0.0,0.0,0.5895,잘 빨고 싶어?,계속 빨고 싶어?,일본어 원문 대조 + 자연스러운 한국어 대사 교정,32.96,T4,구조검사 통과 시 유지,,43.84580703336339,37.53,P4,회귀검사 통과 시 유지
SSIS-575,사진 대조 1차 교정본,554,"00:40:47,570 --> 00:40:48,350",0.78,말하기 어려워?,하고 싶어?,열심히 하고 싶어요.,반응형,sub_0554_2447.6s.jpg,0.03,,,25.0,90.0,50.0,78.0,75.0,0.5324,0.0,66.0,0.0,0.0,0.1107,끼워?,낄까?,일본어 원문 대조 + 자연스러운 한국어 대사 교정,37.42,T3,화자·문맥·자연스러움 집중 검토,,61.04598737601443,47.34,P3,말투·질문응답·가독성 위주 검토
SSIS-575,사진 대조 1차 교정본,555,"00:40:49,310 --> 00:40:50,110",0.8,열심히 하고 싶어요.,말하기 어려워?,열심히 하고 싶다니 정말 기특하네.,반응형,sub_0555_2449.3s.jpg,0.01,,,25.0,90.0,50.0,78.0,75.0,0.6602,0.0,66.0,0.0,0.0,0.401,기분 좋게 해 주고 싶어요.,제가 해 볼게요.,앞 블록과 중복된 문장 정리,42.79,T3,화자·문맥·자연스러움 집중 검토,,81.78539224526601,59.17,P2,앞뒤 5블록·사진·오류 기억을 함께 검토
SSIS-575,사진 대조 1차 교정본,556,"00:40:50,450 --> 00:40:53,090",2.64,열심히 하고 싶다니 정말 기특하네.,열심히 하고 싶어요.,나도 열심히 해야겠다.,반말형,sub_0556_2450.4s.jpg,0.05,,,25.0,90.0,50.0,78.0,75.0,0.79433,0.0,66.0,0.0,0.0,0.2533,열심히 하겠습니다.,힘내 볼게요.,,48.42,T3,화자·문맥·자연스러움 집중 검토,,94.36429215509467,67.72,P2,앞뒤 5블록·사진·오류 기억을 함께 검토
SSIS-575,사진 대조 1차 교정본,557,"00:40:55,230 --> 00:40:56,990",1.76,나도 열심히 해야겠다.,열심히 하고 싶다니 정말 기특하네.,마지막까지 다정하게 지내며 함께 성공하자.,반말형,sub_0557_2455.2s.jpg,0.03,,,25.0,90.0,50.0,78.0,75.0,0.74998,0.0,66.0,0.0,0.0,0.3214,열심히 하겠습니다.,힘내 볼게요.,,46.56,T3,화자·문맥·자연스러움 집중 검토,,91.16321009918846,65.29,P2,앞뒤 5블록·사진·오류 기억을 함께 검토
SSIS-575,사진 대조 1차 교정본,558,"00:41:03,040 --> 00:41:05,660",2.62,마지막까지 다정하게 지내며 함께 성공하자.,나도 열심히 해야겠다.,함께 성공하자.,반말형,sub_0558_2463.0s.jpg,0.04,,,25.0,90.0,50.0,78.0,75.0,0.83198,0.0,66.0,0.0,0.0,0.1149,지금 함께 지내는 것도 꽤 괜찮아. 그러니 좀 더 자신감을 가져.,지금 함께 지내는 것도 꽤 괜찮잖아. 그러니 좀 더 자신감을 가져.,화자 분리 및 줄바꿈,50.0,T3,화자·문맥·자연스러움 집중 검토,,96.00991884580704,69.32,P2,앞뒤 5블록·사진·오류 기억을 함께 검토
SSIS-575,사진 대조 1차 교정본,559,"00:41:05,660 --> 00:41:08,380",2.72,함께 성공하자.,마지막까지 다정하게 지내며 함께 성공하자.,네.,중립·혼합형,sub_0559_2465.7s.jpg,0.04,,,25.0,90.0,50.0,78.0,75.0,0.54365,0.0,66.0,0.0,0.0,0.1699,한 번에 하자. 뭔가…,이제 자자. 불도 조금 어둡게 해 줘.,사진 장면 확인 및 한국어 번역투·ASR 오역 교정,37.89,T3,화자·문맥·자연스러움 집중 검토,,63.36789900811542,48.59,P3,말투·질문응답·가독성 위주 검토
SSIS-575,사진 대조 1차 교정본,560,"00:41:08,500 --> 00:41:09,900",1.4,네.,함께 성공하자.,잠깐만요.,반말형,sub_0560_2468.5s.jpg,0.0,,,25.0,90.0,50.0,78.0,75.0,0.01761,0.0,66.0,0.0,0.0,0.6489,"네, 네.",네.,불필요한 반복 제거,15.8,T4,구조검사 통과 시 유지,,5.432822362488729,11.45,P4,회귀검사 통과 시 유지
SSIS-575,사진 대조 1차 교정본,561,"00:41:15,960 --> 00:41:17,800",1.84,잠깐만요.,네.,괜찮아?,반응형,sub_0561_2476.0s.jpg,0.04,,,25.0,90.0,50.0,78.0,75.0,0.43875,42.0,66.0,0.0,0.0,1.0,잠깐만요.,조금만 기다려.,일본어 원문 대조 + 자연스러운 한국어 대사 교정,41.05,T3,화자·문맥·자연스러움 집중 검토,,75.87917042380523,55.68,P3,말투·질문응답·가독성 위주 검토
SSIS-575,사진 대조 1차 교정본,562,"00:41:23,200 --> 00:41:23,720",0.52,괜찮아?,잠깐만요.,정말 괜찮아?,반응형,sub_0562_2483.2s.jpg,0.0,,,25.0,90.0,50.0,78.0,75.0,0.24493,0.0,66.0,0.0,0.0,0.4653,더 해줘도 돼? 더 해줘. 괜찮아?,더 해 줘도 돼? 더 해 줘. 괜찮아?,,25.35,T4,구조검사 통과 시 유지,,18.50766456266907,22.48,P4,회귀검사 통과 시 유지
SSIS-575,사진 대조 1차 교정본,563,"00:41:23,720 --> 00:41:23,840",0.12,정말 괜찮아?,괜찮아?,일 때문에 피곤할 것 같아서.,반응형,sub_0563_2483.7s.jpg,0.02,,,25.0,90.0,50.0,78.0,75.0,0.36218,0.0,66.0,70.0,0.0,0.3989,더 해줘도 돼? 더 해줘. 괜찮아?,더 해 줘도 돼? 더 해 줘. 괜찮아?,,37.27,T3,화자·문맥·자연스러움 집중 검토,high_cps,60.256988277727686,46.92,P3,말투·질문응답·가독성 위주 검토
SSIS-575,사진 대조 1차 교정본,564,"00:41:32,920 --> 00:41:35,160",2.24,일 때문에 피곤할 것 같아서.,정말 괜찮아?,오늘은 같이 붙어 자면서 일찍 쉬자.,반응형,sub_0564_2492.9s.jpg,0.02,,,25.0,90.0,50.0,78.0,75.0,0.68107,0.0,66.0,0.0,0.0,0.2899,"자, 전 일 때문에 다시 재생해 둘게요.",[불명],,43.66,T3,화자·문맥·자연스러움 집중 검토,,84.2200180342651,60.7,P2,앞뒤 5블록·사진·오류 기억을 함께 검토
SSIS-575,사진 대조 1차 교정본,565,"00:41:35,380 --> 00:41:39,440",4.06,오늘은 같이 붙어 자면서 일찍 쉬자.,일 때문에 피곤할 것 같아서.,알겠습니다.,중립·혼합형,sub_0565_2495.4s.jpg,0.02,,,25.0,90.0,50.0,78.0,75.0,0.70814,0.0,66.0,0.0,0.0,0.4189,쉬자.,너무 깊이 들어가.,일본어 원문 + 타임스탬프 사진 + 장면 연속성,44.8,T3,화자·문맥·자연스러움 집중 검토,,87.19567177637512,62.61,P2,앞뒤 5블록·사진·오류 기억을 함께 검토
SSIS-575,사진 대조 1차 교정본,566,"00:41:45,120 --> 00:41:45,960",0.84,알겠습니다.,오늘은 같이 붙어 자면서 일찍 쉬자.,그럼 슬슬 갈까?,존댓말형,sub_0566_2505.1s.jpg,0.02,,,25.0,90.0,50.0,78.0,75.0,0.36828,0.0,66.0,0.0,0.0,0.5849,정말 바로 시작이네요. 알겠습니다.,정말 바로 시작하네요. 알겠습니다.,한국어 어순 교정,30.53,T4,구조검사 통과 시 유지,,34.17493237150586,32.06,P4,회귀검사 통과 시 유지
SSIS-575,사진 대조 1차 교정본,567,"00:41:50,600 --> 00:41:52,160",1.56,그럼 슬슬 갈까?,알겠습니다.,아직 긴장돼?,중립·혼합형,sub_0567_2510.6s.jpg,0.0,,,25.0,90.0,50.0,78.0,75.0,0.47881,0.0,66.0,0.0,0.0,0.3266,- 땀도 흘렸으니 슬슬 샤워하러 갈까? - 좋은 냄새 나는데? - 정수리 냄새 맡지 마. - 그럼 샤워하러 가자.,- 땀도 흘렸으니 슬슬 샤워하러 갈까? - 응. 정수리 냄새는 맡지 마.,4줄 대화를 2줄로 재배치,35.17,T3,화자·문맥·자연스러움 집중 검토,,52.209197475202885,42.33,P3,말투·질문응답·가독성 위주 검토
SSIS-575,사진 대조 1차 교정본,568,"00:42:02,430 --> 00:42:03,830",1.4,아직 긴장돼?,그럼 슬슬 갈까?,"네, 조금요.",반응형,sub_0568_2522.4s.jpg,0.03,,,25.0,90.0,50.0,78.0,75.0,0.44283,0.0,66.0,0.0,0.0,0.2834,아직 계속돼?,아직 계속 서 있어?,손상된 일본어 ASR + 타임스탬프 사진 + 앞뒤 문맥 추론,33.66,T4,구조검사 통과 시 유지,,46.23534715960324,38.94,P4,회귀검사 통과 시 유지
SSIS-575,사진 대조 1차 교정본,569,"00:42:05,790 --> 00:42:07,510",1.72,"네, 조금요.",아직 긴장돼?,산책하고 나니 조금 진정됐어요.,반말형,sub_0569_2525.8s.jpg,0.01,,,25.0,90.0,50.0,78.0,75.0,0.3648,0.0,66.0,0.0,0.0,0.3576,"네, 네.",네.,불필요한 반복 제거,30.38,T4,구조검사 통과 시 유지,,33.63390441839495,31.75,P4,회귀검사 통과 시 유지
SSIS-575,사진 대조 1차 교정본,570,"00:42:09,470 --> 00:42:12,130",2.66,산책하고 나니 조금 진정됐어요.,"네, 조금요.",진정됐다니 다행이야. 즐거웠지?,반응형,sub_0570_2529.5s.jpg,0.03,,,25.0,90.0,50.0,78.0,75.0,0.54757,0.0,66.0,0.0,0.0,0.1747,조금 쉬어요.,잠깐만요.,,38.06,T3,화자·문맥·자연스러움 집중 검토,,64.11181244364292,49.0,P3,말투·질문응답·가독성 위주 검토
SSIS-575,사진 대조 1차 교정본,571,"00:42:12,150 --> 00:42:15,050",2.9,진정됐다니 다행이야. 즐거웠지?,산책하고 나니 조금 진정됐어요.,네.,반말형,sub_0571_2532.2s.jpg,0.05,,,25.0,90.0,50.0,78.0,75.0,0.51188,0.0,66.0,0.0,0.0,0.1572,다행이다!,환영해!,사진 장면 확인 및 한국어 번역투·ASR 오역 교정,36.56,T3,화자·문맥·자연스러움 집중 검토,,57.4165915238954,45.32,P3,말투·질문응답·가독성 위주 검토
SSIS-575,사진 대조 1차 교정본,572,"00:42:15,050 --> 00:42:15,650",0.6,네.,진정됐다니 다행이야. 즐거웠지?,무서워하지 않아도 돼.,반말형,sub_0572_2535.1s.jpg,0.05,,,25.0,90.0,50.0,78.0,75.0,0.00825,0.0,66.0,0.0,0.0,0.6489,"네, 네.",네.,불필요한 반복 제거,15.41,T4,구조검사 통과 시 유지,,2.0513976555455367,9.8,P4,회귀검사 통과 시 유지
SSIS-575,사진 대조 1차 교정본,573,"00:42:20,640 --> 00:42:22,620",1.98,무서워하지 않아도 돼.,네.,네.,반응형,sub_0573_2540.6s.jpg,0.04,,,25.0,90.0,50.0,78.0,75.0,0.63142,0.0,66.0,0.0,0.0,0.2675,안 돼.,"네, 놀랐어요.",타임스탬프 사진과 앞뒤 장면으로 대사 기능 복원,41.58,T3,화자·문맥·자연스러움 집중 검토,,77.95311091073039,56.86,P3,말투·질문응답·가독성 위주 검토
SSIS-575,사진 대조 1차 교정본,574,"00:42:24,260 --> 00:42:24,800",0.54,네.,무서워하지 않아도 돼.,잠깐 심호흡해도 될까요?,반말형,sub_0574_2544.3s.jpg,0.04,,,25.0,90.0,50.0,78.0,75.0,0.01289,0.0,66.0,0.0,0.0,0.6489,"네, 네.",네.,불필요한 반복 제거,15.6,T4,구조검사 통과 시 유지,,4.147880973850315,10.79,P4,회귀검사 통과 시 유지
SSIS-575,사진 대조 1차 교정본,575,"00:42:29,420 --> 00:42:31,300",1.88,잠깐 심호흡해도 될까요?,네.,응.,반응형,sub_0575_2549.4s.jpg,0.02,,,25.0,90.0,50.0,78.0,75.0,0.5847,0.0,66.0,0.0,0.0,0.1467,잠깐 쉬어 주세요.,잠깐만요.,,39.62,T3,화자·문맥·자연스러움 집중 검토,,70.78449053201082,52.71,P3,말투·질문응답·가독성 위주 검토
SSIS-575,사진 대조 1차 교정본,576,"00:42:31,860 --> 00:42:32,140",0.28,응.,잠깐 심호흡해도 될까요?,괜찮아?,반응형,sub_0576_2551.9s.jpg,0.04,,,25.0,90.0,50.0,78.0,75.0,0.02193,0.0,66.0,0.0,0.0,0.4021,"하-, 응.",하아… 응.,,15.98,T4,구조검사 통과 시 유지,,6.807935076645627,12.13,P4,회귀검사 통과 시 유지
SSIS-575,사진 대조 1차 교정본,577,"00:42:36,450 --> 00:42:36,990",0.54,괜찮아?,응.,네.,반응형,sub_0577_2556.4s.jpg,0.05,,,25.0,90.0,50.0,78.0,75.0,0.12323,0.0,66.0,0.0,0.0,0.4653,더 해줘도 돼? 더 해줘. 괜찮아?,더 해 줘도 돼? 더 해 줘. 괜찮아?,,20.24,T4,구조검사 통과 시 유지,,10.414788097385031,16.11,P4,회귀검사 통과 시 유지
SSIS-575,사진 대조 1차 교정본,578,"00:42:39,510 --> 00:42:40,050",0.54,네.,괜찮아?,진정해도 돼?,반말형,sub_0578_2559.5s.jpg,0.01,,,25.0,90.0,50.0,78.0,75.0,0.00638,0.0,66.0,0.0,0.0,0.6489,"네, 네.",네.,불필요한 반복 제거,15.33,T4,구조검사 통과 시 유지,,1.1722272317403066,9.38,P4,회귀검사 통과 시 유지
SSIS-575,사진 대조 1차 교정본,579,"00:42:42,650 --> 00:42:43,670",1.02,진정해도 돼?,네.,네.,반말형,sub_0579_2562.7s.jpg,0.05,,,25.0,90.0,50.0,78.0,75.0,0.36392,0.0,66.0,0.0,0.0,0.2109,더 해줘도 돼?,더 해 줘도 돼?,,30.34,T4,구조검사 통과 시 유지,,33.43101893597836,31.64,P4,회귀검사 통과 시 유지
SSIS-575,사진 대조 1차 교정본,580,"00:42:46,530 --> 00:42:47,070",0.54,네.,진정해도 돼?,네.,반말형,sub_0580_2566.5s.jpg,0.03,,,25.0,90.0,50.0,78.0,75.0,0.00536,0.0,66.0,0.0,0.0,0.6489,"네, 네.",네.,불필요한 반복 제거,15.29,T4,구조검사 통과 시 유지,,0.563570784490532,9.1,P4,회귀검사 통과 시 유지
SSIS-575,사진 대조 1차 교정본,581,"00:43:00,970 --> 00:43:01,490",0.52,네.,네.,네.,반말형,sub_0581_2581.0s.jpg,0.03,,,25.0,90.0,50.0,78.0,75.0,0.00693,0.0,66.0,0.0,30.0,0.6489,"네, 네.",네.,불필요한 반복 제거,17.75,T4,구조검사 통과 시 유지,triple_identical_run,9.107303877366997,14.12,P4,회귀검사 통과 시 유지
SSIS-575,사진 대조 1차 교정본,582,"00:43:12,510 --> 00:43:13,030",0.52,네.,네.,키스는 어때?,반말형,sub_0582_2592.5s.jpg,0.01,,,25.0,90.0,50.0,78.0,75.0,0.00708,0.0,66.0,0.0,0.0,0.6489,"네, 네.",네.,불필요한 반복 제거,15.36,T4,구조검사 통과 시 유지,,1.5103697024346259,9.54,P4,회귀검사 통과 시 유지
SSIS-575,사진 대조 1차 교정본,583,"00:43:16,430 --> 00:43:17,430",1.0,키스는 어때?,네.,싫어하지 않아?,반응형,sub_0583_2596.4s.jpg,0.03,,,25.0,90.0,50.0,78.0,79.0,0.59745,0.0,66.0,0.0,0.0,0.3951,어때? 맛은?,어때? 맛 평가해 줘.,일본어 원문 대조 + 자연스러운 한국어 대사 교정,40.39,T3,화자·문맥·자연스러움 집중 검토,,73.57980162308387,54.33,P3,말투·질문응답·가독성 위주 검토
SSIS-575,사진 대조 1차 교정본,584,"00:43:19,490 --> 00:43:20,630",1.14,싫어하지 않아?,키스는 어때?,더워요.,반응형,sub_0584_2599.5s.jpg,0.01,,,25.0,90.0,50.0,78.0,75.0,0.39096,0.0,66.0,0.0,0.0,0.2997,너무 졸리지 않아?,눈썹도 예쁘네. 너무 진하지도 않고.,손상된 일본어 ASR + 타임스탬프 사진 + 앞뒤 문맥 추론,31.48,T4,구조검사 통과 시 유지,,37.69161406672678,34.09,P4,회귀검사 통과 시 유지
SSIS-575,사진 대조 1차 교정본,585,"00:43:21,510 --> 00:43:22,290",0.78,더워요.,싫어하지 않아?,더워?,중립·혼합형,sub_0585_2601.5s.jpg,0.01,,,25.0,90.0,50.0,78.0,75.0,0.30946,42.0,66.0,0.0,0.0,1.0,더워요.,정말 덥네요.,사진 장면 확인 및 한국어 번역투·ASR 오역 교정,35.62,T3,화자·문맥·자연스러움 집중 검토,,54.102795311091064,43.38,P3,말투·질문응답·가독성 위주 검토
SSIS-575,사진 대조 1차 교정본,586,"00:43:42,250 --> 00:43:43,050",0.8,더워?,더워요.,다음에는…,중립·혼합형,sub_0586_2622.2s.jpg,0.05,,,25.0,90.0,50.0,78.0,75.0,0.28006,0.0,66.0,0.0,0.0,0.2373,더워요.,정말 덥네요.,사진 장면 확인 및 한국어 번역투·ASR 오역 교정,26.82,T4,구조검사 통과 시 유지,,22.33994589720469,24.94,P4,회귀검사 통과 시 유지
SSIS-575,사진 대조 1차 교정본,587,"00:43:49,070 --> 00:43:50,110",1.04,다음에는…,더워?,내 가슴도 만져 봐.,중립·혼합형,sub_0587_2629.1s.jpg,0.03,,,25.0,90.0,50.0,78.0,75.0,0.34711,0.0,66.0,0.0,0.0,0.5448,"그다음에는, 그다음에는…",그리고 또 어디 갔어?,손상된 일본어 ASR + 타임스탬프 사진 + 앞뒤 문맥 추론,29.64,T4,구조검사 통과 시 유지,,31.154192966636607,30.28,P4,회귀검사 통과 시 유지
SSIS-575,사진 대조 1차 교정본,588,"00:43:50,350 --> 00:43:52,550",2.2,내 가슴도 만져 봐.,다음에는…,만질게요.,중립·혼합형,sub_0588_2630.3s.jpg,0.05,,,25.0,90.0,50.0,78.0,79.0,0.81488,0.0,66.0,0.0,0.0,0.4958,내 가슴도 내려가고.,가슴도 흔들리고.,사진 장면 확인 및 한국어 번역투·ASR 오역 교정,49.52,T3,화자·문맥·자연스러움 집중 검토,,95.46889089269612,68.82,P2,앞뒤 5블록·사진·오류 기억을 함께 검토
SSIS-575,사진 대조 1차 교정본,589,"00:44:00,860 --> 00:44:01,480",0.62,만질게요.,내 가슴도 만져 봐.,후후.,중립·혼합형,sub_0589_2640.9s.jpg,0.04,,,25.0,90.0,50.0,78.0,75.0,0.47703,0.0,66.0,0.0,0.0,0.1234,조금 쉴게요.,조금 쉴게.,일본어 원문 대조 + 자연스러운 한국어 대사 교정,35.1,T3,화자·문맥·자연스러움 집중 검토,,51.848512173128945,42.13,P3,말투·질문응답·가독성 위주 검토
SSIS-575,사진 대조 1차 교정본,590,"00:44:05,420 --> 00:44:06,540",1.12,후후.,만질게요.,어때?,중립·혼합형,sub_0590_2645.4s.jpg,0.02,,,25.0,90.0,50.0,78.0,75.0,0.28091,0.0,66.0,0.0,0.0,0.2038,"후후후, 어서 와.","후후후, 차가워!",손상된 일본어 ASR + 타임스탬프 사진 + 앞뒤 문맥 추론,26.86,T4,구조검사 통과 시 유지,,22.633002705139766,25.08,P4,회귀검사 통과 시 유지
SSIS-575,사진 대조 1차 교정본,591,"00:44:07,380 --> 00:44:07,940",0.56,어때?,후후.,"어, 어떠냐고요?",반응형,sub_0591_2647.4s.jpg,0.02,,,25.0,90.0,50.0,78.0,75.0,0.22229,0.0,66.0,0.0,0.0,0.6352,어때? 맛은?,어때? 맛 평가해 줘.,일본어 원문 대조 + 자연스러운 한국어 대사 교정,24.4,T4,구조검사 통과 시 유지,,16.163210099188458,20.94,P4,회귀검사 통과 시 유지
SSIS-575,사진 대조 1차 교정본,592,"00:44:09,760 --> 00:44:11,640",1.88,"어, 어떠냐고요?",어때?,만져 본 느낌은?,반응형,sub_0592_2649.8s.jpg,0.04,,,25.0,90.0,50.0,78.0,75.0,0.42918,0.0,66.0,0.0,0.0,0.2331,"어, 뭐 좀 해 줘.",양치 좀 해 줘.,손상된 일본어 ASR + 타임스탬프 사진 + 앞뒤 문맥 추론,33.09,T4,구조검사 통과 시 유지,,44.499549143372406,37.88,P4,회귀검사 통과 시 유지
SSIS-575,사진 대조 1차 교정본,593,"00:44:12,740 --> 00:44:14,540",1.8,만져 본 느낌은?,"어, 어떠냐고요?","부, 부드러워요.",중립·혼합형,sub_0593_2652.7s.jpg,0.04,,,25.0,90.0,50.0,78.0,75.0,0.4952,0.0,66.0,0.0,0.0,0.2917,한번 만져 봐.,안 돼.,일본어 원문 + 타임스탬프 사진 + 장면 연속성,35.86,T3,화자·문맥·자연스러움 집중 검토,,55.04959422903517,43.92,P3,말투·질문응답·가독성 위주 검토
SSIS-575,사진 대조 1차 교정본,594,"00:44:17,580 --> 00:44:19,760",2.18,"부, 부드러워요.",만져 본 느낌은?,괜찮아.,중립·혼합형,sub_0594_2657.6s.jpg,0.02,,,25.0,90.0,50.0,78.0,75.0,0.55728,0.0,66.0,0.0,0.0,0.3855,엄청 부드러워...,엄청 부드러워…,,38.47,T3,화자·문맥·자연스러움 집중 검토,,65.7799819657349,49.94,P3,말투·질문응답·가독성 위주 검토
SSIS-575,사진 대조 1차 교정본,595,"00:44:21,760 --> 00:44:22,820",1.06,괜찮아.,"부, 부드러워요.",아프지 않아?,반응형,sub_0595_2661.8s.jpg,0.04,,,25.0,90.0,50.0,78.0,75.0,0.27077,42.0,66.0,0.0,0.0,1.0,괜찮아.,최고예요.,화면 영문 자막 대조,33.99,T4,구조검사 통과 시 유지,,47.790802524797115,39.79,P4,회귀검사 통과 시 유지
SSIS-575,사진 대조 1차 교정본,596,"00:44:34,910 --> 00:44:36,070",1.16,아프지 않아?,괜찮아.,전혀 안 아파.,반응형,sub_0596_2674.9s.jpg,0.01,,,25.0,90.0,50.0,78.0,75.0,0.3606,0.0,66.0,0.0,0.0,0.3554,너무 졸리지 않아?,눈썹도 예쁘네. 너무 진하지도 않고.,손상된 일본어 ASR + 타임스탬프 사진 + 앞뒤 문맥 추론,30.21,T4,구조검사 통과 시 유지,,33.00270513976555,31.38,P4,회귀검사 통과 시 유지
SSIS-575,사진 대조 1차 교정본,597,"00:44:36,550 --> 00:44:38,170",1.62,전혀 안 아파.,아프지 않아?,조금 더 세게 잡아 봐.,반응형,sub_0597_2676.6s.jpg,0.05,,,25.0,90.0,50.0,78.0,79.0,0.58806,0.0,66.0,0.0,0.0,0.5816,배가 아파.,안쪽이 아파.,,40.0,T3,화자·문맥·자연스러움 집중 검토,,72.1370604147881,53.5,P3,말투·질문응답·가독성 위주 검토
SSIS-575,사진 대조 1차 교정본,598,"00:44:45,650 --> 00:44:47,350",1.7,조금 더 세게 잡아 봐.,전혀 안 아파.,조금 더 세게.,반응형,sub_0598_2685.7s.jpg,0.05,,,25.0,90.0,50.0,78.0,75.0,0.51568,0.0,66.0,0.0,0.0,0.4665,더 세게 해 줘.,더 세게.,일본어 원문 대조 + 자연스러운 한국어 대사 교정,36.72,T3,화자·문맥·자연스러움 집중 검토,,58.31830477908026,45.79,P3,말투·질문응답·가독성 위주 검토
SSIS-575,사진 대조 1차 교정본,599,"00:44:47,350 --> 00:44:48,910",1.56,조금 더 세게.,조금 더 세게 잡아 봐.,응.,중립·혼합형,sub_0599_2687.3s.jpg,0.05,,,25.0,90.0,50.0,78.0,75.0,0.53511,0.0,66.0,0.0,0.0,0.3426,더 세게 해 줘.,더 세게.,일본어 원문 대조 + 자연스러운 한국어 대사 교정,37.53,T3,화자·문맥·자연스러움 집중 검토,,61.677186654643826,47.67,P3,말투·질문응답·가독성 위주 검토
SSIS-575,사진 대조 1차 교정본,600,"00:44:49,010 --> 00:44:49,310",0.3,응.,조금 더 세게.,이렇게요?,반응형,sub_0600_2689.0s.jpg,0.01,,,25.0,90.0,50.0,78.0,75.0,0.02671,0.0,66.0,0.0,0.0,0.4021,"하-, 응.",하아… 응.,,16.18,T4,구조검사 통과 시 유지,,7.439134355275022,12.51,P4,회귀검사 통과 시 유지
SSIS-575,사진 대조 1차 교정본,601,"00:44:50,910 --> 00:44:51,730",0.82,이렇게요?,응.,손이 따뜻하네.,중립·혼합형,sub_0601_2690.9s.jpg,0.01,,,25.0,90.0,50.0,78.0,75.0,0.28403,0.0,66.0,0.0,0.0,0.2101,이렇게...,이렇게…,,26.99,T4,구조검사 통과 시 유지,,23.10640216411181,25.36,P4,회귀검사 통과 시 유지
SSIS-575,사진 대조 1차 교정본,602,"00:45:03,640 --> 00:45:04,760",1.12,손이 따뜻하네.,이렇게요?,후후.,반말형,sub_0602_2703.6s.jpg,0.04,,,25.0,90.0,50.0,78.0,75.0,0.51607,0.0,66.0,0.0,0.0,0.2035,"손이 아니라, 손은 아니에요.",손 말고 혀로 해 주세요.,사진 장면 확인 및 한국어 번역투·ASR 오역 교정,36.73,T3,화자·문맥·자연스러움 집중 검토,,58.385933273219116,45.83,P3,말투·질문응답·가독성 위주 검토
SSIS-575,사진 대조 1차 교정본,603,"00:45:05,680 --> 00:45:06,460",0.78,후후.,손이 따뜻하네.,더워요?,중립·혼합형,sub_0603_2705.7s.jpg,0.02,,,25.0,90.0,50.0,78.0,75.0,0.21,0.0,66.0,0.0,0.0,0.2038,"후후후, 어서 와.","후후후, 차가워!",손상된 일본어 ASR + 타임스탬프 사진 + 앞뒤 문맥 추론,23.88,T4,구조검사 통과 시 유지,,15.036068530207395,20.17,P4,회귀검사 통과 시 유지
SSIS-575,사진 대조 1차 교정본,604,"00:45:07,040 --> 00:45:07,820",0.78,더워요?,후후.,손에 땀이 좀 나서요.,중립·혼합형,sub_0604_2707.0s.jpg,0.04,,,25.0,90.0,50.0,78.0,75.0,0.29535,0.0,66.0,0.0,0.0,0.4563,더워요.,정말 덥네요.,사진 장면 확인 및 한국어 번역투·ASR 오역 교정,27.46,T4,구조검사 통과 시 유지,,24.66185752930568,26.28,P4,회귀검사 통과 시 유지
SSIS-575,사진 대조 1차 교정본,605,"00:45:07,980 --> 00:45:08,600",0.62,손에 땀이 좀 나서요.,더워요?,기분 좋아.,중립·혼합형,sub_0605_2708.0s.jpg,0.02,,,25.0,90.0,50.0,78.0,75.0,0.48374,0.0,66.0,0.0,0.0,0.3043,손에 싸도 돼?,엉덩이에 싸도 돼?,,35.38,T3,화자·문맥·자연스러움 집중 검토,,52.93056807935077,42.75,P3,말투·질문응답·가독성 위주 검토
SSIS-575,사진 대조 1차 교정본,606,"00:45:08,620 --> 00:45:09,700",1.08,기분 좋아.,손에 땀이 좀 나서요.,직접 만져 보게 할까.,반응형,sub_0606_2708.6s.jpg,0.02,,,25.0,90.0,50.0,78.0,75.0,0.36366,42.0,66.0,0.0,0.0,1.0,기분 좋아.,"아, 좋아.",화면 영문 자막 대조,37.89,T3,화자·문맥·자연스러움 집중 검토,,63.36789900811542,48.59,P3,말투·질문응답·가독성 위주 검토
SSIS-575,사진 대조 1차 교정본,607,"00:45:28,310 --> 00:45:29,950",1.64,직접 만져 보게 할까.,기분 좋아.,괜찮아요?,중립·혼합형,sub_0607_2728.3s.jpg,0.01,,,25.0,90.0,50.0,78.0,75.0,0.62964,0.0,66.0,0.0,0.0,0.4742,뭐 할까.,이제 뭐 할까?,일본어 원문 대조 + 자연스러운 한국어 대사 교정,41.5,T3,화자·문맥·자연스러움 집중 검토,,77.50225428313796,56.62,P3,말투·질문응답·가독성 위주 검토
SSIS-575,사진 대조 1차 교정본,608,"00:45:32,350 --> 00:45:32,950",0.6,괜찮아요?,직접 만져 보게 할까.,닿았어요.,반응형,sub_0608_2732.3s.jpg,0.05,,,25.0,90.0,50.0,78.0,75.0,0.31667,0.0,66.0,0.0,0.0,0.5119,빨아 줬으면 좋겠는데… 괜찮아요?,거기 좋아… 그대로 해 줘.,손상된 일본어 ASR + 타임스탬프 사진 + 앞뒤 문맥 추론,28.36,T4,구조검사 통과 시 유지,,27.028854824165915,27.8,P4,회귀검사 통과 시 유지
SSIS-575,사진 대조 1차 교정본,609,"00:45:34,230 --> 00:45:34,630",0.4,닿았어요.,괜찮아요?,이걸 직접 만져 봐.,반응형,sub_0609_2734.2s.jpg,0.03,,,25.0,90.0,50.0,78.0,75.0,0.3554,0.0,66.0,0.0,0.0,0.3816,엄청 깊이 닿았어.,엄청 많이 묻혔네.,,29.99,T4,구조검사 통과 시 유지,,32.281334535617674,30.95,P4,회귀검사 통과 시 유지
SSIS-575,사진 대조 1차 교정본,610,"00:45:34,830 --> 00:45:58,040",23.21,이걸 직접 만져 봐.,닿았어요.,이렇게요?,중립·혼합형,sub_0610_2734.8s.jpg,0.03,,,25.0,90.0,50.0,78.0,75.0,0.72844,0.0,66.0,0.0,0.0,0.5163,한번 만져 봐.,안 돼.,일본어 원문 + 타임스탬프 사진 + 장면 연속성,45.65,T3,화자·문맥·자연스러움 집중 검토,,89.0892696122633,63.89,P2,앞뒤 5블록·사진·오류 기억을 함께 검토
SSIS-575,사진 대조 1차 교정본,611,"00:46:20,090 --> 00:46:21,070",0.98,이렇게요?,이걸 직접 만져 봐.,응.,중립·혼합형,sub_0611_2780.1s.jpg,0.01,,,25.0,90.0,50.0,78.0,75.0,0.44504,0.0,66.0,0.0,0.0,0.2101,이렇게...,이렇게…,,33.75,T4,구조검사 통과 시 유지,,46.68620378719567,39.18,P4,회귀검사 통과 시 유지
SSIS-575,사진 대조 1차 교정본,612,"00:46:21,290 --> 00:46:21,550",0.26,응.,이렇게요?,"그래, 그래.",반응형,sub_0612_2781.3s.jpg,0.01,,,25.0,90.0,50.0,78.0,75.0,0.01955,0.0,66.0,0.0,0.0,0.4021,"하-, 응.",하아… 응.,,15.88,T4,구조검사 통과 시 유지,,6.0414788097385035,11.75,P4,회귀검사 통과 시 유지
SSIS-575,사진 대조 1차 교정본,613,"00:46:21,850 --> 00:46:22,570",0.72,"그래, 그래.",응.,기분 좋아.,중립·혼합형,sub_0613_2781.8s.jpg,0.05,,,25.0,90.0,50.0,78.0,75.0,0.24593,4.34,66.0,0.0,0.0,0.6862,"아, 그래.",간다.,화면 영문 자막 대조,26.17,T4,구조검사 통과 시 유지,,20.37871956717764,23.74,P4,회귀검사 통과 시 유지
SSIS-575,사진 대조 1차 교정본,614,"00:46:29,420 --> 00:46:31,200",1.78,기분 좋아.,"그래, 그래.",기분 좋아요?,반응형,sub_0614_2789.4s.jpg,0.02,,,25.0,90.0,50.0,78.0,75.0,0.1777,42.0,66.0,0.0,0.0,1.0,기분 좋아.,"아, 좋아.",화면 영문 자막 대조,30.08,T4,구조검사 통과 시 유지,,32.4165915238954,31.06,P4,회귀검사 통과 시 유지
SSIS-575,사진 대조 1차 교정본,615,"00:46:31,460 --> 00:46:32,300",0.84,기분 좋아요?,기분 좋아.,후후.,반응형,sub_0615_2791.5s.jpg,0.04,,,25.0,90.0,50.0,78.0,75.0,0.37672,0.0,66.0,0.0,0.0,0.5671,"대박이에요, 기분 좋아요?",대단하네요. 기분 좋아요?,사진 장면 확인 및 한국어 번역투·ASR 오역 교정,30.88,T4,구조검사 통과 시 유지,,35.482416591523894,32.81,P4,회귀검사 통과 시 유지
SSIS-575,사진 대조 1차 교정본,616,"00:46:38,710 --> 00:46:40,790",2.08,후후.,기분 좋아요?,젖꼭지도 만져 봐.,중립·혼합형,sub_0616_2798.7s.jpg,0.01,,,25.0,90.0,50.0,78.0,75.0,0.27656,0.0,66.0,0.0,0.0,0.2038,"후후후, 어서 와.","후후후, 차가워!",손상된 일본어 ASR + 타임스탬프 사진 + 앞뒤 문맥 추론,26.68,T4,구조검사 통과 시 유지,,21.79891794409378,24.63,P4,회귀검사 통과 시 유지
SSIS-575,사진 대조 1차 교정본,617,"00:46:41,430 --> 00:46:43,250",1.82,젖꼭지도 만져 봐.,후후.,정말 예뻐요.,반말형,sub_0617_2801.4s.jpg,0.03,,,25.0,90.0,50.0,78.0,79.0,0.79865,0.0,66.0,0.0,0.0,0.4592,한번 만져 봐.,안 돼.,일본어 원문 + 타임스탬프 사진 + 장면 연속성,48.84,T3,화자·문맥·자연스러움 집중 검토,,94.99549143372408,68.23,P2,앞뒤 5블록·사진·오류 기억을 함께 검토
SSIS-575,사진 대조 1차 교정본,618,"00:46:53,860 --> 00:47:13,310",19.45,정말 예뻐요.,젖꼭지도 만져 봐.,예뻐? 고마워.,중립·혼합형,sub_0618_2813.9s.jpg,0.04,,,25.0,90.0,50.0,78.0,75.0,0.62389,0.0,66.0,0.0,0.0,0.2424,정말 좋아.,거기 좋아.,타임스탬프 사진과 장면 흐름으로 명백한 오인식 교정,41.26,T3,화자·문맥·자연스러움 집중 검토,,76.62308385933272,56.11,P3,말투·질문응답·가독성 위주 검토
SSIS-575,사진 대조 1차 교정본,619,"00:47:13,370 --> 00:47:14,830",1.46,예뻐? 고마워.,정말 예뻐요.,살짝 꼬집어 볼래?,중립·혼합형,sub_0619_2833.4s.jpg,0.03,,,25.0,90.0,50.0,78.0,75.0,0.58029,4.4,66.0,0.0,0.0,0.6866,고마워.,손으로 잡아 줘.,일본어 원문 + 타임스탬프 사진 + 장면 연속성,40.22,T3,화자·문맥·자연스러움 집중 검토,,72.85843101893597,53.93,P3,말투·질문응답·가독성 위주 검토
SSIS-575,사진 대조 1차 교정본,620,"00:47:16,850 --> 00:47:18,070",1.22,살짝 꼬집어 볼래?,예뻐? 고마워.,네.,반응형,sub_0620_2836.8s.jpg,0.05,,,25.0,90.0,50.0,78.0,75.0,0.63053,0.0,66.0,0.0,0.0,0.2435,몸을 살짝 넣을 수 있어요.,조금만요.,,41.54,T3,화자·문맥·자연스러움 집중 검토,,77.6600541027953,56.71,P3,말투·질문응답·가독성 위주 검토
SSIS-575,사진 대조 1차 교정본,621,"00:47:20,210 --> 00:47:20,810",0.6,네.,살짝 꼬집어 볼래?,"네, 네.",반말형,sub_0621_2840.2s.jpg,0.01,,,25.0,90.0,50.0,78.0,75.0,0.00686,0.0,66.0,0.0,0.0,0.6489,"네, 네.",네.,불필요한 반복 제거,15.35,T4,구조검사 통과 시 유지,,1.4201983769161406,9.5,P4,회귀검사 통과 시 유지
SSIS-575,사진 대조 1차 교정본,622,"00:47:20,810 --> 00:47:21,930",1.12,"네, 네.",네.,오랜만이지? 핥아 본 적 있어?,반말형,sub_0622_2840.8s.jpg,0.01,,,25.0,90.0,50.0,78.0,75.0,0.25099,42.0,66.0,0.0,0.0,1.0,"네, 네.",네.,불필요한 반복 제거,33.16,T4,구조검사 통과 시 유지,,44.63480613165014,37.98,P4,회귀검사 통과 시 유지
SSIS-575,사진 대조 1차 교정본,623,"00:48:04,690 --> 00:48:06,890",2.2,오랜만이지? 핥아 본 적 있어?,"네, 네.",아뇨.,반응형,sub_0623_2884.7s.jpg,0.01,,,25.0,90.0,50.0,78.0,79.0,0.76801,0.0,66.0,0.0,0.0,0.4864,해 본 적 있어?,해 봤어?,일본어 원문 대조 + 자연스러운 한국어 대사 교정,47.56,T3,화자·문맥·자연스러움 집중 검토,,93.21460775473399,66.73,P2,앞뒤 5블록·사진·오류 기억을 함께 검토
SSIS-575,사진 대조 1차 교정본,624,"00:48:07,590 --> 00:48:08,030",0.44,아뇨.,오랜만이지? 핥아 본 적 있어?,별로 없지?,반응형,sub_0624_2887.6s.jpg,0.01,,,25.0,90.0,50.0,78.0,75.0,0.22734,0.0,66.0,0.0,0.0,0.1003,"아뇨, 집순이였어서…",장거리 연애였어서…,일본어 원문 대조 + 자연스러운 한국어 대사 교정,24.61,T4,구조검사 통과 시 유지,,16.68169522091975,21.28,P4,회귀검사 통과 시 유지
SSIS-575,사진 대조 1차 교정본,625,"00:48:08,570 --> 00:48:09,310",0.74,별로 없지?,아뇨.,"응, 거의 없어요.",반말형,sub_0625_2888.6s.jpg,0.03,,,25.0,90.0,50.0,78.0,75.0,0.34593,7.96,66.0,0.0,0.0,0.7164,왜 없지?,어라?,,31.02,T4,구조검사 통과 시 유지,,36.04598737601442,33.13,P4,회귀검사 통과 시 유지
SSIS-575,사진 대조 1차 교정본,626,"00:48:10,650 --> 00:48:12,610",1.96,"응, 거의 없어요.",별로 없지?,그럼 핥아 볼래?,반응형,sub_0626_2890.7s.jpg,0.05,,,25.0,90.0,50.0,78.0,75.0,0.53083,0.0,66.0,0.0,0.0,0.4647,아무도 없어요.,아무도 안 보잖아.,타임스탬프 사진과 장면 흐름으로 명백한 오인식 교정,37.35,T3,화자·문맥·자연스러움 집중 검토,,60.595130748422,47.11,P3,말투·질문응답·가독성 위주 검토
SSIS-575,사진 대조 1차 교정본,627,"00:48:15,090 --> 00:48:16,010",0.92,그럼 핥아 볼래?,"응, 거의 없어요.",잘하네.,반응형,sub_0627_2895.1s.jpg,0.01,,,25.0,90.0,50.0,78.0,79.0,0.71516,0.0,66.0,0.0,0.0,0.3072,핥아 달라고 할래?,핥아 달라고 말해 봐.,일본어 원문 대조 + 자연스러운 한국어 대사 교정,45.34,T3,화자·문맥·자연스러움 집중 검토,,88.45807033363391,63.45,P2,앞뒤 5블록·사진·오류 기억을 함께 검토
SSIS-575,사진 대조 1차 교정본,628,"00:48:44,870 --> 00:48:45,590",0.72,잘하네.,그럼 핥아 볼래?,잘해요?,반말형,sub_0628_2924.9s.jpg,0.03,,,25.0,90.0,50.0,78.0,75.0,0.32713,0.41,66.0,0.0,0.0,0.6534,잘하네...,잘하네…,,28.87,T4,구조검사 통과 시 유지,,28.74211000901713,28.82,P4,회귀검사 통과 시 유지
SSIS-575,사진 대조 1차 교정본,629,"00:48:49,010 --> 00:48:50,050",1.04,잘해요?,잘하네.,이쪽도?,반말형,sub_0629_2929.0s.jpg,0.01,,,25.0,90.0,50.0,78.0,75.0,0.26428,0.0,66.0,0.0,0.0,0.1864,잘해...,잘해…,,26.16,T4,구조검사 통과 시 유지,,20.311091073038774,23.7,P4,회귀검사 통과 시 유지
SSIS-575,사진 대조 1차 교정본,630,"00:49:20,190 --> 00:49:21,190",1.0,이쪽도?,잘해요?,기분 좋아.,중립·혼합형,sub_0630_2960.2s.jpg,0.01,,,25.0,90.0,50.0,78.0,75.0,0.23031,0.0,66.0,0.0,0.0,0.2476,이쪽도 보여주세요.,이쪽도 보여 줘.,화자 말투 통일,24.73,T4,구조검사 통과 시 유지,,17.04238052299369,21.5,P4,회귀검사 통과 시 유지
SSIS-575,사진 대조 1차 교정본,631,"00:50:06,480 --> 00:50:07,760",1.28,기분 좋아.,이쪽도?,이번에는 내가 핥아도 돼?,반응형,sub_0631_3006.5s.jpg,0.02,,,25.0,90.0,50.0,78.0,75.0,0.21853,42.0,66.0,0.0,0.0,1.0,기분 좋아.,"아, 좋아.",화면 영문 자막 대조,31.8,T4,구조검사 통과 시 유지,,38.976555455365194,34.81,P4,회귀검사 통과 시 유지
SSIS-575,사진 대조 1차 교정본,632,"00:50:16,170 --> 00:50:18,110",1.94,이번에는 내가 핥아도 돼?,기분 좋아.,네.,반응형,sub_0632_3016.2s.jpg,0.03,,,25.0,90.0,50.0,78.0,79.0,0.65067,0.0,66.0,0.0,0.0,0.3354,이번에는 네가 좋아하는 방식으로 해 줄게.,이번엔 네가 좋아하는 대로 해 줄게.,,42.63,T3,화자·문맥·자연스러움 집중 검토,,81.44724977457169,58.93,P2,앞뒤 5블록·사진·오류 기억을 함께 검토
SSIS-575,사진 대조 1차 교정본,633,"00:50:20,690 --> 00:50:21,250",0.56,네.,이번에는 내가 핥아도 돼?,편하게 누워.,반말형,sub_0633_3020.7s.jpg,0.01,,,25.0,90.0,50.0,78.0,75.0,0.00866,0.0,66.0,0.0,0.0,0.6489,"네, 네.",네.,불필요한 반복 제거,15.42,T4,구조검사 통과 시 유지,,2.254283137962128,9.89,P4,회귀검사 통과 시 유지
SSIS-575,사진 대조 1차 교정본,634,"00:50:22,130 --> 00:50:23,230",1.1,편하게 누워.,네.,울게 해도 돼?,중립·혼합형,sub_0634_3022.1s.jpg,0.03,,,25.0,90.0,50.0,78.0,75.0,0.54926,5.09,66.0,0.0,0.0,0.6924,누워.,물 나온다.,,39.04,T3,화자·문맥·자연스러움 집중 검토,,68.05680793507665,51.23,P3,말투·질문응답·가독성 위주 검토
SSIS-575,사진 대조 1차 교정본,635,"00:50:55,340 --> 00:50:56,960",1.62,울게 해도 돼?,편하게 누워.,괜찮아요.,반말형,sub_0635_3055.3s.jpg,0.04,,,25.0,90.0,50.0,78.0,75.0,0.60831,0.0,66.0,0.0,0.0,0.2736,더 해줘도 돼?,더 해 줘도 돼?,,40.61,T3,화자·문맥·자연스러움 집중 검토,,74.59422903516682,54.88,P3,말투·질문응답·가독성 위주 검토
SSIS-575,사진 대조 1차 교정본,636,"00:50:58,500 --> 00:50:59,240",0.74,괜찮아요.,울게 해도 돼?,부끄러워?,반응형,sub_0636_3058.5s.jpg,0.0,,,25.0,90.0,50.0,78.0,75.0,0.28545,11.21,66.0,0.0,0.0,0.7434,말해도 괜찮아요.,"괜찮아, 계속해.",일본어 원문 대조 + 자연스러운 한국어 대사 교정,29.07,T4,구조검사 통과 시 유지,,29.57619477006312,29.28,P4,회귀검사 통과 시 유지
SSIS-575,사진 대조 1차 교정본,637,"00:51:00,400 --> 00:51:00,920",0.52,부끄러워?,괜찮아요.,조금 낯설어요.,중립·혼합형,sub_0637_3060.4s.jpg,0.0,,,25.0,90.0,50.0,78.0,75.0,0.2705,0.0,66.0,0.0,0.0,0.4966,"잠깐, 보여 줘 봐. 잠깐, 이쪽 봐봐. 부끄러워?",잠깐 보여 줘. 이쪽 봐봐. 부끄러워?,일본어 원문 대조 + 자연스러운 한국어 대사 교정,26.42,T4,구조검사 통과 시 유지,,21.055004508566274,24.17,P4,회귀검사 통과 시 유지
SSIS-575,사진 대조 1차 교정본,638,"00:51:02,400 --> 00:51:03,540",1.14,조금 낯설어요.,부끄러워?,괜찮아.,반응형,sub_0638_3062.4s.jpg,0.0,,,25.0,90.0,50.0,78.0,75.0,0.48681,0.0,66.0,0.0,0.0,0.251,조금 쉬어요.,잠깐만요.,,35.51,T3,화자·문맥·자연스러움 집중 검토,,53.60685302073941,43.11,P3,말투·질문응답·가독성 위주 검토
SSIS-575,사진 대조 1차 교정본,639,"00:51:03,540 --> 00:51:04,820",1.28,괜찮아.,조금 낯설어요.,누워 있어도 돼.,반응형,sub_0639_3063.5s.jpg,0.04,,,25.0,90.0,50.0,78.0,75.0,0.23475,42.0,66.0,0.0,0.0,1.0,괜찮아.,최고예요.,화면 영문 자막 대조,32.48,T4,구조검사 통과 시 유지,,41.59152389540126,36.31,P4,회귀검사 통과 시 유지
SSIS-575,사진 대조 1차 교정본,640,"00:51:24,070 --> 00:51:25,350",1.28,누워 있어도 돼.,괜찮아.,부끄러워?,반응형,sub_0640_3084.1s.jpg,0.03,,,25.0,90.0,50.0,78.0,75.0,0.56286,0.0,66.0,0.0,0.0,0.3837,안 돼.,"네, 놀랐어요.",타임스탬프 사진과 앞뒤 장면으로 대사 기능 복원,38.7,T3,화자·문맥·자연스러움 집중 검토,,66.86203787195672,50.53,P3,말투·질문응답·가독성 위주 검토
SSIS-575,사진 대조 1차 교정본,641,"00:51:27,590 --> 00:51:28,410",0.82,부끄러워?,누워 있어도 돼.,부끄러워요.,중립·혼합형,sub_0641_3087.6s.jpg,0.01,,,25.0,90.0,50.0,78.0,75.0,0.26694,0.0,66.0,0.0,0.0,0.4966,"잠깐, 보여 줘 봐. 잠깐, 이쪽 봐봐. 부끄러워?",잠깐 보여 줘. 이쪽 봐봐. 부끄러워?,일본어 원문 대조 + 자연스러운 한국어 대사 교정,26.27,T4,구조검사 통과 시 유지,,20.716862037871955,23.94,P4,회귀검사 통과 시 유지
SSIS-575,사진 대조 1차 교정본,642,"00:51:29,590 --> 00:51:30,810",1.22,부끄러워요.,부끄러워?,괜찮아?,중립·혼합형,sub_0642_3089.6s.jpg,0.01,,,25.0,90.0,50.0,78.0,75.0,0.28969,0.0,66.0,0.0,0.0,0.3991,부끄러워...,부끄러워…,,27.23,T4,구조검사 통과 시 유지,,24.008115419296665,25.88,P4,회귀검사 통과 시 유지
SSIS-575,사진 대조 1차 교정본,643,"00:52:01,750 --> 00:52:02,170",0.42,괜찮아?,부끄러워요.,보고 있어?,반응형,sub_0643_3121.8s.jpg,0.05,,,25.0,90.0,50.0,78.0,75.0,0.14649,0.0,66.0,0.0,0.0,0.4653,더 해줘도 돼? 더 해줘. 괜찮아?,더 해 줘도 돼? 더 해 줘. 괜찮아?,,21.21,T4,구조검사 통과 시 유지,,11.316501352569883,17.05,P4,회귀검사 통과 시 유지
SSIS-575,사진 대조 1차 교정본,644,"00:52:06,260 --> 00:52:06,900",0.64,보고 있어?,괜찮아?,응. 편히 누워 있어.,반응형,sub_0644_3126.3s.jpg,0.04,,,25.0,90.0,50.0,78.0,75.0,0.36441,0.0,66.0,0.0,0.0,0.5616,자고 있어?,땀나?,사진 장면 확인 및 한국어 번역투·ASR 오역 교정,30.37,T4,구조검사 통과 시 유지,,33.543733092876465,31.7,P4,회귀검사 통과 시 유지
SSIS-575,사진 대조 1차 교정본,645,"00:52:06,940 --> 00:52:08,300",1.36,응. 편히 누워 있어.,보고 있어?,아프지 않아?,반응형,sub_0645_3126.9s.jpg,0.04,,,25.0,90.0,50.0,78.0,75.0,0.60017,0.0,66.0,0.0,0.0,0.3608,누워 있었어.,더 뿜어봐.,,40.27,T3,화자·문맥·자연스러움 집중 검토,,73.08385933273219,54.05,P3,말투·질문응답·가독성 위주 검토
SSIS-575,사진 대조 1차 교정본,646,"00:52:25,690 --> 00:52:26,910",1.22,아프지 않아?,응. 편히 누워 있어.,안 아파?,반응형,sub_0646_3145.7s.jpg,0.01,,,25.0,90.0,50.0,78.0,75.0,0.37133,0.0,66.0,0.0,0.0,0.3554,너무 졸리지 않아?,눈썹도 예쁘네. 너무 진하지도 않고.,손상된 일본어 ASR + 타임스탬프 사진 + 앞뒤 문맥 추론,30.66,T4,구조검사 통과 시 유지,,34.5356176735798,32.29,P4,회귀검사 통과 시 유지
SSIS-575,사진 대조 1차 교정본,647,"00:52:27,350 --> 00:52:28,170",0.82,안 아파?,아프지 않아?,네.,반응형,sub_0647_3147.3s.jpg,0.05,,,25.0,90.0,50.0,78.0,75.0,0.32328,0.0,66.0,0.0,0.0,0.1775,"아파, 아파, 아파...","아파, 아파, 아파…",,28.64,T4,구조검사 통과 시 유지,,27.862939585211905,28.31,P4,회귀검사 통과 시 유지
SSIS-575,사진 대조 1차 교정본,648,"00:52:28,290 --> 00:52:28,610",0.32,네.,안 아파?,핥아도 돼?,반말형,sub_0648_3148.3s.jpg,0.01,,,25.0,90.0,50.0,78.0,75.0,0.0056,0.0,66.0,0.0,0.0,0.6489,"네, 네.",네.,불필요한 반복 제거,15.3,T4,구조검사 통과 시 유지,,0.7439134355275023,9.19,P4,회귀검사 통과 시 유지
SSIS-575,사진 대조 1차 교정본,649,"00:52:34,210 --> 00:52:35,330",1.12,핥아도 돼?,네.,네?,반응형,sub_0649_3154.2s.jpg,0.01,,,25.0,90.0,50.0,78.0,79.0,0.57183,0.0,66.0,0.0,0.0,0.2706,더 해줘도 돼?,더 해 줘도 돼?,,39.32,T3,화자·문맥·자연스러움 집중 검토,,69.52209197475203,52.0,P3,말투·질문응답·가독성 위주 검토
SSIS-575,사진 대조 1차 교정본,650,"00:52:36,230 --> 00:52:36,550",0.32,네?,핥아도 돼?,정말 처음이구나.,반말형,sub_0650_3156.2s.jpg,0.03,,,25.0,90.0,50.0,78.0,75.0,0.2848,0.0,66.0,0.0,0.0,0.2517,진짜네?,진짜?,일본어 원문 대조 + 자연스러운 한국어 대사 교정,27.02,T4,구조검사 통과 시 유지,,23.264201983769162,25.44,P4,회귀검사 통과 시 유지
SSIS-575,사진 대조 1차 교정본,651,"00:52:36,990 --> 00:52:38,370",1.38,정말 처음이구나.,네?,후후.,중립·혼합형,sub_0651_3157.0s.jpg,0.01,,,25.0,90.0,50.0,78.0,75.0,0.64275,0.0,66.0,0.0,0.0,0.2066,정말 좋아.,거기 좋아.,타임스탬프 사진과 장면 흐름으로 명백한 오인식 교정,42.06,T3,화자·문맥·자연스러움 집중 검토,,79.35076645626691,57.72,P3,말투·질문응답·가독성 위주 검토
SSIS-575,사진 대조 1차 교정본,652,"00:52:38,930 --> 00:52:39,390",0.46,후후.,정말 처음이구나.,핥을게.,중립·혼합형,sub_0652_3158.9s.jpg,0.03,,,25.0,90.0,50.0,78.0,75.0,0.4195,0.0,66.0,0.0,0.0,0.2038,"후후후, 어서 와.","후후후, 차가워!",손상된 일본어 ASR + 타임스탬프 사진 + 앞뒤 문맥 추론,32.68,T4,구조검사 통과 시 유지,,42.60595130748422,36.85,P4,회귀검사 통과 시 유지
SSIS-575,사진 대조 1차 교정본,653,"00:52:40,930 --> 00:52:42,210",1.28,핥을게.,후후.,네.,중립·혼합형,sub_0653_3160.9s.jpg,0.03,,,25.0,90.0,50.0,78.0,79.0,0.57321,0.0,66.0,0.0,0.0,0.223,엉덩이를 먹을게.,엉덩이도 핥아 줄게.,,39.37,T3,화자·문맥·자연스러움 집중 검토,,69.79260595130748,52.15,P3,말투·질문응답·가독성 위주 검토
SSIS-575,사진 대조 1차 교정본,654,"00:52:43,230 --> 00:52:43,330",0.1,네.,핥을게.,기분 좋아?,반말형,sub_0654_3163.2s.jpg,0.03,,,25.0,90.0,50.0,78.0,75.0,0.01146,0.0,66.0,30.0,0.0,0.6489,"네, 네.",네.,불필요한 반복 제거,18.54,T4,구조검사 통과 시 유지,high_cps,9.603246167718666,14.79,P4,회귀검사 통과 시 유지
SSIS-575,사진 대조 1차 교정본,655,"00:53:01,500 --> 00:53:02,240",0.74,기분 좋아?,네.,괜찮아?,반응형,sub_0655_3181.5s.jpg,0.0,,,25.0,90.0,50.0,78.0,75.0,0.28594,0.0,66.0,0.0,0.0,0.561,"아, 거기... 기분 좋아?","아, 거기… 기분 좋아?",,27.07,T4,구조검사 통과 시 유지,,23.44454463480613,25.55,P4,회귀검사 통과 시 유지
SSIS-575,사진 대조 1차 교정본,656,"00:53:02,240 --> 00:53:02,280",0.04,괜찮아?,기분 좋아?,네.,반응형,sub_0656_3182.2s.jpg,0.04,,,25.0,90.0,50.0,78.0,75.0,0.20348,0.0,66.0,70.0,0.0,0.4653,더 해줘도 돼? 더 해줘. 괜찮아?,더 해 줘도 돼? 더 해 줘. 괜찮아?,,30.61,T4,구조검사 통과 시 유지,high_cps,34.37781785392245,32.19,P4,회귀검사 통과 시 유지
SSIS-575,사진 대조 1차 교정본,657,"00:53:03,440 --> 00:53:04,000",0.56,네.,괜찮아?,조금 힘을 빼.,반말형,sub_0657_3183.4s.jpg,0.04,,,25.0,90.0,50.0,78.0,75.0,0.00903,0.0,66.0,0.0,0.0,0.6489,"네, 네.",네.,불필요한 반복 제거,15.44,T4,구조검사 통과 시 유지,,2.6825969341749323,10.08,P4,회귀검사 통과 시 유지
SSIS-575,사진 대조 1차 교정본,658,"00:53:04,420 --> 00:53:04,800",0.38,조금 힘을 빼.,네.,기분 좋아요.,중립·혼합형,sub_0658_3184.4s.jpg,0.02,,,25.0,90.0,50.0,78.0,79.0,0.71513,0.0,66.0,0.0,0.0,0.4021,힘을 빼고…,힘 빼고…,일본어 원문 대조 + 자연스러운 한국어 대사 교정,45.34,T3,화자·문맥·자연스러움 집중 검토,,88.45807033363391,63.45,P2,앞뒤 5블록·사진·오류 기억을 함께 검토
SSIS-575,사진 대조 1차 교정본,659,"00:53:04,800 --> 00:53:05,720",0.92,기분 좋아요.,조금 힘을 빼.,잠깐만요…,반응형,sub_0659_3184.8s.jpg,0.0,,,25.0,90.0,50.0,78.0,75.0,0.61456,42.0,66.0,0.0,0.0,1.0,기분 좋아요.,"아, 좋아요.",화면 영문 자막 대조,48.43,T3,화자·문맥·자연스러움 집중 검토,,94.43192064923355,67.75,P2,앞뒤 5블록·사진·오류 기억을 함께 검토
SSIS-575,사진 대조 1차 교정본,660,"00:53:21,140 --> 00:53:22,720",1.58,잠깐만요…,기분 좋아요.,잠깐만…,반응형,sub_0660_3201.1s.jpg,0.04,,,25.0,90.0,50.0,78.0,75.0,0.57499,42.0,66.0,0.0,0.0,1.0,잠깐만요…,잠깐만…,일본어 원문 대조 + 자연스러운 한국어 대사 교정,46.77,T3,화자·문맥·자연스러움 집중 검토,,91.56898106402164,65.59,P2,앞뒤 5블록·사진·오류 기억을 함께 검토
SSIS-575,사진 대조 1차 교정본,661,"00:53:22,720 --> 00:53:24,640",1.92,잠깐만…,잠깐만요…,갈 것 같아?,반응형,sub_0661_3202.7s.jpg,0.02,,,25.0,90.0,50.0,78.0,75.0,0.43981,42.0,66.0,0.0,0.0,1.0,잠깐만…,나만 벗는 거야?,일본어 원문 + 타임스탬프 사진 + 장면 연속성,41.09,T3,화자·문맥·자연스러움 집중 검토,,76.10459873760145,55.8,P3,말투·질문응답·가독성 위주 검토
SSIS-575,사진 대조 1차 교정본,662,"00:53:24,640 --> 00:53:25,200",0.56,갈 것 같아?,잠깐만…,조금…,반응형,sub_0662_3204.6s.jpg,0.04,,,25.0,90.0,50.0,78.0,75.0,0.59489,0.0,66.0,0.0,0.0,0.5881,싸버릴 것 같아?,싸 버릴 것 같아?,,40.05,T3,화자·문맥·자연스러움 집중 검토,,72.20468890892697,53.55,P3,말투·질문응답·가독성 위주 검토
SSIS-575,사진 대조 1차 교정본,663,"00:53:25,440 --> 00:53:25,760",0.32,조금…,갈 것 같아?,네.,중립·혼합형,sub_0663_3205.4s.jpg,0.04,,,25.0,90.0,50.0,78.0,75.0,0.17216,0.0,66.0,0.0,0.0,0.1246,조금 쉬어요.,잠깐만요.,,22.29,T4,구조검사 통과 시 유지,,12.533814247069433,18.19,P4,회귀검사 통과 시 유지
SSIS-575,사진 대조 1차 교정본,664,"00:53:42,890 --> 00:53:43,450",0.56,네.,조금…,기분 좋아? 네.,반말형,sub_0664_3222.9s.jpg,0.01,,,25.0,90.0,50.0,78.0,75.0,0.00869,0.0,66.0,0.0,0.0,0.6489,"네, 네.",네.,불필요한 반복 제거,15.42,T4,구조검사 통과 시 유지,,2.254283137962128,9.89,P4,회귀검사 통과 시 유지
SSIS-575,사진 대조 1차 교정본,665,"00:53:46,150 --> 00:53:49,430",3.28,기분 좋아? 네.,네.,단단해졌네.,반응형,sub_0665_3226.2s.jpg,0.05,,,25.0,90.0,50.0,78.0,75.0,0.55159,0.0,66.0,0.0,0.0,0.5076,"아, 거기... 기분 좋아?","아, 거기… 기분 좋아?",,38.23,T3,화자·문맥·자연스러움 집중 검토,,64.58521190261497,49.3,P3,말투·질문응답·가독성 위주 검토
SSIS-575,사진 대조 1차 교정본,666,"00:54:13,190 --> 00:54:14,270",1.08,단단해졌네.,기분 좋아? 네.,굉장해요. 기분 좋은데요.,반말형,sub_0666_3253.2s.jpg,0.01,,,25.0,90.0,50.0,78.0,75.0,0.37502,0.0,66.0,0.0,0.0,0.2372,점점 단단해지네...,점점 단단해지네…,,30.81,T4,구조검사 통과 시 유지,,35.25698827772768,32.68,P4,회귀검사 통과 시 유지
SSIS-575,사진 대조 1차 교정본,667,"00:54:59,090 --> 00:55:02,730",3.64,굉장해요. 기분 좋은데요.,단단해졌네.,기분 좋아? 큰일이에요.,반말형,sub_0667_3299.1s.jpg,0.01,,,25.0,90.0,50.0,78.0,75.0,0.58295,0.0,66.0,0.0,0.0,0.2398,굉장해. 굉장해.,엄청나. 진짜 엄청나.,,39.54,T3,화자·문맥·자연스러움 집중 검토,,70.4463480613165,52.52,P3,말투·질문응답·가독성 위주 검토
SSIS-575,사진 대조 1차 교정본,668,"00:55:03,350 --> 00:55:05,230",1.88,기분 좋아? 큰일이에요.,굉장해요. 기분 좋은데요.,기분 좋아?,반응형,sub_0668_3303.3s.jpg,0.05,,,25.0,90.0,50.0,78.0,75.0,0.47632,0.0,66.0,0.0,0.0,0.2975,"아, 거기... 기분 좋아?","아, 거기… 기분 좋아?",,35.07,T3,화자·문맥·자연스러움 집중 검토,,51.66816952209198,42.04,P3,말투·질문응답·가독성 위주 검토
SSIS-575,사진 대조 1차 교정본,669,"00:55:49,870 --> 00:55:52,410",2.54,기분 좋아?,기분 좋아? 큰일이에요.,오른쪽 아래가 조금 아파요.,반응형,sub_0669_3349.9s.jpg,0.03,,,25.0,90.0,50.0,78.0,75.0,0.29762,0.0,66.0,0.0,0.0,0.561,"아, 거기... 기분 좋아?","아, 거기… 기분 좋아?",,27.56,T4,구조검사 통과 시 유지,,24.909828674481517,26.45,P4,회귀검사 통과 시 유지
SSIS-575,사진 대조 1차 교정본,670,"00:55:59,190 --> 00:56:00,290",1.1,오른쪽 아래가 조금 아파요.,기분 좋아?,알겠어.,반응형,sub_0670_3359.2s.jpg,0.01,,,25.0,90.0,50.0,78.0,75.0,0.71576,0.0,66.0,0.0,0.0,0.4625,배가 다시 아파요. 너무 조이고 아파요.,너무 깊어서 아파요…,타임스탬프 사진과 장면 흐름으로 명백한 오인식 교정,45.12,T3,화자·문맥·자연스러움 집중 검토,,87.96212804328223,63.11,P2,앞뒤 5블록·사진·오류 기억을 함께 검토
SSIS-575,사진 대조 1차 교정본,671,"00:56:00,630 --> 00:56:01,110",0.48,알겠어.,오른쪽 아래가 조금 아파요.,좋아.,반응형,sub_0671_3360.6s.jpg,0.03,,,25.0,90.0,50.0,78.0,75.0,0.31334,17.94,66.0,0.0,0.0,0.7995,왠지 알겠어.,어떻게 알았어?,손상된 일본어 ASR + 타임스탬프 사진 + 앞뒤 문맥 추론,31.45,T4,구조검사 통과 시 유지,,37.57889990982867,34.02,P4,회귀검사 통과 시 유지
SSIS-575,사진 대조 1차 교정본,672,"00:56:02,150 --> 00:56:02,410",0.26,좋아.,알겠어.,괜찮아.,반응형,sub_0672_3362.2s.jpg,0.05,,,25.0,90.0,50.0,78.0,75.0,0.20477,16.19,66.0,0.0,0.0,0.7849,"아, 좋아.","아, 들어온다.",,26.57,T4,구조검사 통과 시 유지,,21.618575293056807,24.49,P4,회귀검사 통과 시 유지
SSIS-575,사진 대조 1차 교정본,673,"00:56:04,190 --> 00:56:04,670",0.48,괜찮아.,좋아.,죄송합니다.,반응형,sub_0673_3364.2s.jpg,0.01,,,25.0,90.0,50.0,78.0,75.0,0.17045,42.0,66.0,0.0,0.0,1.0,괜찮아.,최고예요.,화면 영문 자막 대조,29.78,T4,구조검사 통과 시 유지,,31.6726780883679,30.57,P4,회귀검사 통과 시 유지
SSIS-575,사진 대조 1차 교정본,674,"00:56:08,550 --> 00:56:09,690",1.14,죄송합니다.,괜찮아.,나와 버렸어?,존댓말형,sub_0674_3368.6s.jpg,0.05,,,25.0,90.0,50.0,78.0,75.0,0.3255,10.66,66.0,0.0,18.0,0.7388,죄송합니다...,죄송합니다…,,32.09,T4,구조검사 통과 시 유지,formality_shift,40.28403967538323,35.53,P4,회귀검사 통과 시 유지
SSIS-575,사진 대조 1차 교정본,675,"00:56:10,690 --> 00:56:11,570",0.88,나와 버렸어?,죄송합니다.,네.,반응형,sub_0675_3370.7s.jpg,0.01,,,25.0,90.0,50.0,78.0,75.0,0.4324,42.0,66.0,0.0,0.0,1.0,나와 버렸어?,또 나와 버렸어?,일본어 원문 대조 + 자연스러운 한국어 대사 교정,40.78,T3,화자·문맥·자연스러움 집중 검토,,75.18034265103697,55.23,P3,말투·질문응답·가독성 위주 검토
SSIS-575,사진 대조 1차 교정본,676,"00:56:13,650 --> 00:56:14,130",0.48,네.,나와 버렸어?,기분 좋았어?,반말형,sub_0676_3373.7s.jpg,0.05,,,25.0,90.0,50.0,78.0,75.0,0.01305,0.0,66.0,0.0,0.0,0.6489,"네, 네.",네.,불필요한 반복 제거,15.61,T4,구조검사 통과 시 유지,,4.260595130748422,10.84,P4,회귀검사 통과 시 유지
SSIS-575,사진 대조 1차 교정본,677,"00:56:19,170 --> 00:56:20,050",0.88,기분 좋았어?,네.,네.,반응형,sub_0677_3379.2s.jpg,0.03,,,25.0,90.0,50.0,78.0,75.0,0.46067,0.0,66.0,0.0,0.0,0.2916,기분 좋아.,"아, 좋아.",화면 영문 자막 대조,34.41,T4,구조검사 통과 시 유지,,49.413886384129846,40.71,P3,말투·질문응답·가독성 위주 검토
SSIS-575,사진 대조 1차 교정본,678,"00:56:21,250 --> 00:56:21,710",0.46,네.,기분 좋았어?,정말 많이 나왔네.,반말형,sub_0678_3381.2s.jpg,0.05,,,25.0,90.0,50.0,78.0,75.0,0.01517,0.0,66.0,0.0,0.0,0.6489,"네, 네.",네.,불필요한 반복 제거,15.7,T4,구조검사 통과 시 유지,,5.004508566275924,11.21,P4,회귀검사 통과 시 유지
SSIS-575,사진 대조 1차 교정본,679,"00:56:26,710 --> 00:56:27,870",1.16,정말 많이 나왔네.,네.,죄송합니다.,반말형,sub_0679_3386.7s.jpg,0.01,,,25.0,90.0,50.0,78.0,75.0,0.52991,0.0,66.0,0.0,0.0,0.2469,정말 좋아.,거기 좋아.,타임스탬프 사진과 장면 흐름으로 명백한 오인식 교정,37.32,T3,화자·문맥·자연스러움 집중 검토,,60.41478809738503,47.02,P3,말투·질문응답·가독성 위주 검토
SSIS-575,사진 대조 1차 교정본,680,"00:56:28,930 --> 00:56:30,010",1.08,죄송합니다.,정말 많이 나왔네.,전혀 괜찮아.,존댓말형,sub_0680_3388.9s.jpg,0.03,,,25.0,90.0,50.0,78.0,75.0,0.28507,10.66,66.0,0.0,35.0,0.7388,죄송합니다...,죄송합니다…,,31.75,T4,구조검사 통과 시 유지,formality_jump,38.59332732191163,34.62,P4,회귀검사 통과 시 유지
SSIS-575,사진 대조 1차 교정본,681,"00:56:30,010 --> 00:56:31,670",1.66,전혀 괜찮아.,죄송합니다.,너무 기분 좋았어요.,반응형,sub_0681_3390.0s.jpg,0.01,,,25.0,90.0,50.0,78.0,79.0,0.53449,13.67,66.0,0.0,18.0,0.7639,괜찮아.,최고예요.,화면 영문 자막 대조,41.65,T3,화자·문맥·자연스러움 집중 검토,formality_shift,78.29125338142471,57.04,P3,말투·질문응답·가독성 위주 검토
SSIS-575,사진 대조 1차 교정본,682,"00:56:36,970 --> 00:56:38,450",1.48,너무 기분 좋았어요.,전혀 괜찮아.,한 번 더 할 수 있을 것 같아?,반응형,sub_0682_3397.0s.jpg,0.03,,,25.0,90.0,50.0,78.0,75.0,0.46661,0.0,66.0,0.0,0.0,0.3532,너무 놀라지는 않았어요.,그렇게 놀라진 않았어요.,,34.66,T4,구조검사 통과 시 유지,,50.69882777276826,41.4,P3,말투·질문응답·가독성 위주 검토
SSIS-575,사진 대조 1차 교정본,683,"00:56:43,250 --> 00:56:44,750",1.5,한 번 더 할 수 있을 것 같아?,너무 기분 좋았어요.,기분 좋아?,중립·혼합형,sub_0683_3403.2s.jpg,0.05,,,25.0,90.0,50.0,78.0,75.0,0.619,0.0,66.0,0.0,0.0,0.403,싸버릴 것 같아?,싸 버릴 것 같아?,,41.06,T3,화자·문맥·자연스러움 집중 검토,,75.92425608656447,55.7,P3,말투·질문응답·가독성 위주 검토
SSIS-575,사진 대조 1차 교정본,684,"00:56:49,050 --> 00:56:50,030",0.98,기분 좋아?,한 번 더 할 수 있을 것 같아?,오늘은 조금…,반응형,sub_0684_3409.1s.jpg,0.05,,,25.0,90.0,50.0,78.0,75.0,0.27374,0.0,66.0,0.0,0.0,0.561,"아, 거기... 기분 좋아?","아, 거기… 기분 좋아?",,26.56,T4,구조검사 통과 시 유지,,21.550946798917945,24.46,P4,회귀검사 통과 시 유지
SSIS-575,사진 대조 1차 교정본,685,"00:56:52,870 --> 00:56:54,230",1.36,오늘은 조금…,기분 좋아?,죄송합니다.,중립·혼합형,sub_0685_3412.9s.jpg,0.03,,,25.0,90.0,50.0,78.0,75.0,0.42123,0.0,66.0,0.0,0.0,0.3674,그럼 오늘은 잘 먹었어.,그럼 오늘은 잘 먹었어요.,식사 후 인사말 자연화,32.75,T4,구조검사 통과 시 유지,,42.966636609558165,37.04,P4,회귀검사 통과 시 유지
SSIS-575,사진 대조 1차 교정본,686,"00:56:54,230 --> 00:56:54,790",0.56,죄송합니다.,오늘은 조금…,고마워.,존댓말형,sub_0686_3414.2s.jpg,0.03,,,25.0,90.0,50.0,78.0,75.0,0.38299,10.66,66.0,0.0,0.0,0.7388,죄송합니다...,죄송합니다…,,33.06,T4,구조검사 통과 시 유지,,44.31920649233544,37.79,P4,회귀검사 통과 시 유지
SSIS-575,사진 대조 1차 교정본,687,"00:56:59,170 --> 00:56:59,690",0.52,고마워.,죄송합니다.,돌아왔어요.,중립·혼합형,sub_0687_3419.2s.jpg,0.03,,,25.0,90.0,50.0,78.0,75.0,0.2411,42.0,66.0,0.0,0.0,1.0,고마워.,손으로 잡아 줘.,일본어 원문 + 타임스탬프 사진 + 장면 연속성,32.75,T4,구조검사 통과 시 유지,,42.966636609558165,37.04,P4,회귀검사 통과 시 유지
SSIS-575,사진 대조 1차 교정본,688,"00:57:02,570 --> 00:57:03,630",1.06,돌아왔어요.,고마워.,괜찮아?,반응형,sub_0688_3422.6s.jpg,0.03,,,25.0,90.0,50.0,78.0,75.0,0.35897,0.0,66.0,0.0,0.0,0.6047,보너스 장면으로 다시 돌아왔어요.,이번엔 네가 위에서 해 봐.,타임스탬프 사진과 장면 흐름으로 명백한 오인식 교정,30.14,T4,구조검사 통과 시 유지,,32.687105500450855,31.21,P4,회귀검사 통과 시 유지
SSIS-575,사진 대조 1차 교정본,689,"00:57:36,370 --> 00:57:37,010",0.64,괜찮아?,돌아왔어요.,네.,반응형,sub_0689_3456.4s.jpg,0.03,,,25.0,90.0,50.0,78.0,75.0,0.13108,0.0,66.0,0.0,0.0,0.4653,더 해줘도 돼? 더 해줘. 괜찮아?,더 해 줘도 돼? 더 해 줘. 괜찮아?,,20.57,T4,구조검사 통과 시 유지,,10.640216411181244,16.4,P4,회귀검사 통과 시 유지
SSIS-575,사진 대조 1차 교정본,690,"00:57:38,690 --> 00:57:39,330",0.64,네.,괜찮아?,같이 잘래?,반말형,sub_0690_3458.7s.jpg,0.01,,,25.0,90.0,50.0,78.0,75.0,0.00791,0.0,66.0,0.0,0.0,0.6489,"네, 네.",네.,불필요한 반복 제거,15.39,T4,구조검사 통과 시 유지,,1.7357980162308388,9.66,P4,회귀검사 통과 시 유지
SSIS-575,사진 대조 1차 교정본,691,"00:57:59,380 --> 00:58:00,540",1.16,같이 잘래?,네.,응.,중립·혼합형,sub_0691_3479.4s.jpg,0.02,,,25.0,90.0,50.0,78.0,75.0,0.39337,0.0,66.0,0.0,0.0,0.302,같이 좀 가요.,그럼 같이 가요.,일본어 원문 대조 + 자연스러운 한국어 대사 교정,31.58,T4,구조검사 통과 시 유지,,37.93958521190262,34.25,P4,회귀검사 통과 시 유지
SSIS-575,사진 대조 1차 교정본,692,"00:58:04,620 --> 00:58:05,260",0.64,응.,같이 잘래?,"있잖아, 좀 쉬다가 잘까? 자도 돼?",반응형,sub_0692_3484.6s.jpg,0.02,,,25.0,90.0,50.0,78.0,75.0,0.02686,0.0,66.0,0.0,0.0,0.4021,"하-, 응.",하아… 응.,,16.19,T4,구조검사 통과 시 유지,,7.506762849413887,12.54,P4,회귀검사 통과 시 유지
SSIS-575,사진 대조 1차 교정본,693,"00:58:21,670 --> 00:58:25,530",3.86,"있잖아, 좀 쉬다가 잘까? 자도 돼?",응.,안녕하세요. 잘 지내며 열심히 하고 있습니까?,중립·혼합형,sub_0693_3501.7s.jpg,0.03,,,25.0,90.0,50.0,78.0,75.0,0.79322,0.0,66.0,0.0,0.0,0.3837,낮잠 좀 잘까?,들어갔어.,일본어 원문 + 타임스탬프 사진 + 장면 연속성,48.38,T3,화자·문맥·자연스러움 집중 검토,,94.31920649233544,67.67,P2,앞뒤 5블록·사진·오류 기억을 함께 검토
SSIS-575,사진 대조 1차 교정본,694,"00:58:52,150 --> 00:58:54,150",2.0,안녕하세요. 잘 지내며 열심히 하고 있습니까?,"있잖아, 좀 쉬다가 잘까? 자도 돼?",네. 오늘 일정이 있어서 이틀 만에 왔습니다.,중립·혼합형,sub_0694_3532.2s.jpg,0.05,,,25.0,90.0,50.0,78.0,75.0,0.82789,0.0,66.0,0.0,0.0,0.3057,"아, 안녕하세요. 정말 아름다운 분이 와 주셨네요.","아, 안녕하세요. 정말 아름다운 분이 오셨네요.",첫 만남 대사 자연화,49.83,T3,화자·문맥·자연스러움 집중 검토,,95.80703336339043,69.14,P2,앞뒤 5블록·사진·오류 기억을 함께 검토
SSIS-575,사진 대조 1차 교정본,695,"00:58:54,570 --> 00:59:00,930",6.36,네. 오늘 일정이 있어서 이틀 만에 왔습니다.,안녕하세요. 잘 지내며 열심히 하고 있습니까?,동정 하우스에요?,중립·혼합형,sub_0695_3534.6s.jpg,0.03,,,25.0,90.0,50.0,78.0,75.0,0.79684,0.0,66.0,0.0,0.0,0.3126,매우 깊은 아침이 왔습니다.,[불명],,48.53,T3,화자·문맥·자연스러움 집중 검토,,94.67989179440937,67.91,P2,앞뒤 5블록·사진·오류 기억을 함께 검토
SSIS-575,사진 대조 1차 교정본,696,"00:59:02,490 --> 00:59:03,450",0.96,동정 하우스에요?,네. 오늘 일정이 있어서 이틀 만에 왔습니다.,"네, 동정 하우스요.",중립·혼합형,sub_0696_3542.5s.jpg,0.01,,,25.0,90.0,50.0,78.0,75.0,0.38066,0.0,66.0,0.0,0.0,0.1495,몇 명이에요?,몇 명이랑 했어요?,일본어 원문 대조 + 자연스러운 한국어 대사 교정,31.05,T4,구조검사 통과 시 유지,,36.24887285843102,33.23,P4,회귀검사 통과 시 유지
SSIS-575,사진 대조 1차 교정본,697,"00:59:03,570 --> 00:59:04,310",0.74,"네, 동정 하우스요.",동정 하우스에요?,이틀 동안 함께 살아 보니 어때요?,반말형,sub_0697_3543.6s.jpg,0.03,,,25.0,90.0,50.0,78.0,75.0,0.45861,0.0,66.0,0.0,0.0,0.2698,"네, 네.",네.,불필요한 반복 제거,34.32,T4,구조검사 통과 시 유지,,48.963029756537416,40.47,P3,말투·질문응답·가독성 위주 검토
SSIS-575,사진 대조 1차 교정본,698,"00:59:07,470 --> 00:59:10,410",2.94,이틀 동안 함께 살아 보니 어때요?,"네, 동정 하우스요.","지난번엔 입으로 해 주다가 못 참고 가 버렸어요.
조금 약하게 할 걸 그랬나 봐요.",중립·혼합형,sub_0698_3547.5s.jpg,0.03,,,25.0,90.0,50.0,78.0,75.0,0.71601,0.0,66.0,0.0,0.0,0.4449,"잠깐, 어때요?","잠깐, 괜찮아요?",사진 장면 확인 및 한국어 번역투·ASR 오역 교정,45.13,T3,화자·문맥·자연스러움 집중 검토,,88.05229936880072,63.16,P2,앞뒤 5블록·사진·오류 기억을 함께 검토
SSIS-575,사진 대조 1차 교정본,699,"00:59:15,210 --> 00:59:28,810",13.6,"지난번엔 입으로 해 주다가 못 참고 가 버렸어요.
조금 약하게 할 걸 그랬나 봐요.",이틀 동안 함께 살아 보니 어때요?,꽤 강하게 했어요?,반말형,sub_0699_3555.2s.jpg,0.01,화자 분리 및 문장 자연화,높음,25.0,90.0,86.0,92.0,75.0,0.75761,39.72,22.0,0.0,0.0,0.981,지난번엔 입으로 해 주다가 제가 못 참고 가 버렸어요. 조금 약하게 할 걸 그랬나 봐요.,지난번엔 입으로 해 주다가 못 참고 가 버렸어요. 조금 약하게 할 걸 그랬나 봐요.,화자 분리 및 문장 자연화,33.83,T4,구조검사 통과 시 유지,,47.137060414788095,39.42,P4,회귀검사 통과 시 유지
SSIS-575,사진 대조 1차 교정본,700,"00:59:29,770 --> 00:59:31,030",1.26,꽤 강하게 했어요?,"지난번엔 입으로 해 주다가 못 참고 가 버렸어요.
조금 약하게 할 걸 그랬나 봐요.",그렇게까지는 아니고 부드럽게 했는데 금방 가 버렸어요.,반응형,sub_0700_3569.8s.jpg,0.03,,,25.0,90.0,50.0,78.0,75.0,0.56327,0.0,66.0,0.0,0.0,0.3059,먹고 싶다고 강하게 원하고 있는 것.,먹고 싶어 죽겠어.,,38.72,T3,화자·문맥·자연스러움 집중 검토,,66.9522091974752,50.58,P3,말투·질문응답·가독성 위주 검토
SSIS-575,사진 대조 1차 교정본,701,"00:59:31,030 --> 00:59:37,230",6.2,그렇게까지는 아니고 부드럽게 했는데 금방 가 버렸어요.,꽤 강하게 했어요?,아직 졸업은 못 했죠?,반말형,sub_0701_3571.0s.jpg,0.03,,,25.0,90.0,50.0,78.0,75.0,0.84011,0.0,66.0,0.0,0.0,0.2732,"기다려, 더 부드럽게 해줘.","기다려, 더 부드럽게 해 줘.",,50.34,T3,화자·문맥·자연스러움 집중 검토,,96.75383228133454,69.83,P2,앞뒤 5블록·사진·오류 기억을 함께 검토
SSIS-575,사진 대조 1차 교정본,702,"00:59:39,470 --> 00:59:40,910",1.44,아직 졸업은 못 했죠?,그렇게까지는 아니고 부드럽게 했는데 금방 가 버렸어요.,네. 게다가 그 뒤에 소리를 지르더라고요.,반응형,sub_0702_3579.5s.jpg,0.03,,,25.0,90.0,50.0,78.0,75.0,0.63111,0.0,66.0,0.0,0.0,0.1934,아직 잘 거지?,아직 갈 수 있지?,사진 장면 확인 및 한국어 번역투·ASR 오역 교정,41.57,T3,화자·문맥·자연스러움 집중 검토,,77.81785392245266,56.79,P3,말투·질문응답·가독성 위주 검토
SSIS-575,사진 대조 1차 교정본,703,"00:59:41,150 --> 00:59:46,590",5.44,네. 게다가 그 뒤에 소리를 지르더라고요.,아직 졸업은 못 했죠?,뭐라고요? 괜찮았어요?,반말형,sub_0703_3581.2s.jpg,0.05,,,25.0,90.0,50.0,78.0,75.0,0.77748,0.0,66.0,0.0,0.0,0.2359,뒤에 있어.,뒤쪽도 보여 줘.,일본어 원문 대조 + 자연스러운 한국어 대사 교정,47.71,T3,화자·문맥·자연스러움 집중 검토,,93.50766456266906,66.95,P2,앞뒤 5블록·사진·오류 기억을 함께 검토
SSIS-575,사진 대조 1차 교정본,704,"00:59:46,590 --> 00:59:49,090",2.5,뭐라고요? 괜찮았어요?,네. 게다가 그 뒤에 소리를 지르더라고요.,네?,반응형,sub_0704_3586.6s.jpg,0.01,,,25.0,90.0,50.0,78.0,75.0,0.53388,0.0,66.0,0.0,0.0,0.2107,뭐라고 해야 돼?,뭐라고 말하면 돼?,일본어 원문 대조 + 자연스러운 한국어 대사 교정,37.48,T3,화자·문맥·자연스러움 집중 검토,,61.40667267808837,47.53,P3,말투·질문응답·가독성 위주 검토
SSIS-575,사진 대조 1차 교정본,705,"00:59:49,650 --> 00:59:50,610",0.96,네?,뭐라고요? 괜찮았어요?,화를 내거나 싸우지는 않았어요?,반말형,sub_0705_3589.7s.jpg,0.05,,,25.0,90.0,50.0,78.0,75.0,0.24323,0.0,66.0,0.0,0.0,0.2517,진짜네?,진짜?,일본어 원문 대조 + 자연스러운 한국어 대사 교정,25.28,T4,구조검사 통과 시 유지,,18.282236248872856,22.34,P4,회귀검사 통과 시 유지
SSIS-575,사진 대조 1차 교정본,706,"00:59:52,750 --> 00:59:54,170",1.42,화를 내거나 싸우지는 않았어요?,네?,싸우지는 않았는데 조금 소리를 질렀어요.,반응형,sub_0706_3592.8s.jpg,0.05,,,25.0,90.0,50.0,78.0,75.0,0.74028,0.0,66.0,0.0,0.0,0.2537,너무 놀라지는 않았어요.,그렇게 놀라진 않았어요.,,46.15,T3,화자·문맥·자연스러움 집중 검토,,90.21641118124435,64.66,P2,앞뒤 5블록·사진·오류 기억을 함께 검토
SSIS-575,사진 대조 1차 교정본,707,"00:59:54,270 --> 00:59:57,330",3.06,싸우지는 않았는데 조금 소리를 질렀어요.,화를 내거나 싸우지는 않았어요?,왜 그랬대요?,반응형,sub_0707_3594.3s.jpg,0.03,,,25.0,90.0,50.0,78.0,75.0,0.79224,0.0,66.0,0.0,0.0,0.1686,"야한 교성 소리를 그렇게 크게 내면,",야한 교성 소리를 그렇게 크게 내면,,48.33,T3,화자·문맥·자연스러움 집중 검토,,94.13886384129847,67.57,P2,앞뒤 5블록·사진·오류 기억을 함께 검토
SSIS-575,사진 대조 1차 교정본,708,"00:59:57,530 --> 00:59:58,150",0.62,왜 그랬대요?,싸우지는 않았는데 조금 소리를 질렀어요.,끝난 뒤 혼자 욕실에 들어가서 소리를 지르더라고요.,중립·혼합형,sub_0708_3597.5s.jpg,0.03,,,25.0,90.0,50.0,78.0,75.0,0.49078,0.0,66.0,0.0,0.0,0.1672,왜 없지?,어라?,,35.67,T3,화자·문맥·자연스러움 집중 검토,,54.373309287646535,43.53,P3,말투·질문응답·가독성 위주 검토
SSIS-575,사진 대조 1차 교정본,709,"00:59:58,950 --> 01:00:05,370",6.42,끝난 뒤 혼자 욕실에 들어가서 소리를 지르더라고요.,왜 그랬대요?,뭐라고요?,반말형,sub_0709_3598.9s.jpg,0.05,,,25.0,90.0,50.0,78.0,75.0,0.8182,0.0,66.0,0.0,0.0,0.2056,이거 너무 기분 좋아. 여기 들어가서 진짜 대박이야.,안쪽까지 들어오니까 정말 좋아.,성인 장면의 부자연스러운 문장 교정,49.42,T3,화자·문맥·자연스러움 집중 검토,,95.35617673579802,68.71,P2,앞뒤 5블록·사진·오류 기억을 함께 검토
SSIS-575,사진 대조 1차 교정본,710,"01:00:06,110 --> 01:00:06,490",0.38,뭐라고요?,끝난 뒤 혼자 욕실에 들어가서 소리를 지르더라고요.,그러고는 미안하다고 하며 돌아왔어요.,중립·혼합형,sub_0710_3606.1s.jpg,0.01,,,25.0,90.0,50.0,78.0,75.0,0.29507,0.0,66.0,0.0,0.0,0.3132,뭐라고 해야 돼?,뭐라고 말하면 돼?,일본어 원문 대조 + 자연스러운 한국어 대사 교정,27.45,T4,구조검사 통과 시 유지,,24.61677186654644,26.26,P4,회귀검사 통과 시 유지
SSIS-575,사진 대조 1차 교정본,711,"01:00:06,830 --> 01:00:09,630",2.8,그러고는 미안하다고 하며 돌아왔어요.,뭐라고요?,조금 무섭네요. 정말 무섭다.,반응형,sub_0711_3606.8s.jpg,0.03,,,25.0,90.0,50.0,78.0,75.0,0.6541,0.0,66.0,0.0,0.0,0.3358,보너스 장면으로 다시 돌아왔어요.,이번엔 네가 위에서 해 봐.,타임스탬프 사진과 장면 흐름으로 명백한 오인식 교정,42.53,T3,화자·문맥·자연스러움 집중 검토,,80.86113615870153,58.63,P2,앞뒤 5블록·사진·오류 기억을 함께 검토
SSIS-575,사진 대조 1차 교정본,712,"01:00:13,030 --> 01:00:15,010",1.98,조금 무섭네요. 정말 무섭다.,그러고는 미안하다고 하며 돌아왔어요.,괜찮았어요?,반말형,sub_0712_3613.0s.jpg,0.03,,,25.0,90.0,50.0,78.0,75.0,0.58321,0.0,66.0,0.0,0.0,0.1593,정말 좋아.,거기 좋아.,타임스탬프 사진과 장면 흐름으로 명백한 오인식 교정,39.55,T3,화자·문맥·자연스러움 집중 검토,,70.60414788097385,52.59,P3,말투·질문응답·가독성 위주 검토
SSIS-575,사진 대조 1차 교정본,713,"01:00:15,010 --> 01:00:15,810",0.8,괜찮았어요?,조금 무섭네요. 정말 무섭다.,무슨 일을 당한 건 아니고요?,반응형,sub_0713_3615.0s.jpg,0.01,,,25.0,90.0,50.0,78.0,75.0,0.25357,0.0,66.0,0.0,0.0,0.1384,말해 버렸어요?,소리 내 버렸어요?,사진 장면 확인 및 한국어 번역투·ASR 오역 교정,25.71,T4,구조검사 통과 시 유지,,18.935978358881876,22.86,P4,회귀검사 통과 시 유지
SSIS-575,사진 대조 1차 교정본,714,"01:00:16,190 --> 01:00:16,950",0.76,무슨 일을 당한 건 아니고요?,괜찮았어요?,전혀요.,반응형,sub_0714_3616.2s.jpg,0.01,,,25.0,90.0,50.0,78.0,75.0,0.57604,0.0,66.0,0.0,0.0,0.1881,무슨 얘기였지?,어때?,일본어 원문 + 타임스탬프 사진 + 장면 연속성,39.25,T3,화자·문맥·자연스러움 집중 검토,,69.13886384129847,51.8,P3,말투·질문응답·가독성 위주 검토
SSIS-575,사진 대조 1차 교정본,715,"01:00:17,150 --> 01:00:17,670",0.52,전혀요.,무슨 일을 당한 건 아니고요?,그냥 바로 나왔습니다.,중립·혼합형,sub_0715_3617.2s.jpg,0.05,,,25.0,90.0,50.0,78.0,79.0,0.30968,0.0,66.0,0.0,0.0,0.1427,전혀...,전혀…,,28.31,T4,구조검사 통과 시 유지,,26.871055004508566,27.71,P4,회귀검사 통과 시 유지
SSIS-575,사진 대조 1차 교정본,716,"01:00:18,690 --> 01:00:19,830",1.14,그냥 바로 나왔습니다.,전혀요.,정말 대단하네요.,존댓말형,sub_0716_3618.7s.jpg,0.01,,,25.0,90.0,50.0,78.0,75.0,0.51188,0.0,66.0,0.0,18.0,0.2589,매우 깊은 아침이 왔습니다.,[불명],,38.0,T3,화자·문맥·자연스러움 집중 검토,formality_shift,63.93146979260595,48.89,P3,말투·질문응답·가독성 위주 검토
SSIS-575,사진 대조 1차 교정본,717,"01:00:21,030 --> 01:00:21,930",0.9,정말 대단하네요.,그냥 바로 나왔습니다.,마음이 강해요.,반말형,sub_0717_3621.0s.jpg,0.03,,,25.0,90.0,50.0,78.0,75.0,0.41816,34.15,66.0,0.0,0.0,0.9346,대단하네요.,바다다!,일본어 원문 대조 + 자연스러운 한국어 대사 교정,38.77,T3,화자·문맥·자연스러움 집중 검토,,67.13255184851218,50.68,P3,말투·질문응답·가독성 위주 검토
SSIS-575,사진 대조 1차 교정본,718,"01:00:23,250 --> 01:00:24,250",1.0,마음이 강해요.,정말 대단하네요.,강심장이네요.,반말형,sub_0718_3623.2s.jpg,0.05,,,25.0,90.0,50.0,78.0,75.0,0.4589,0.0,66.0,0.0,0.0,0.4146,마음이 편하네.,기분 좋네.,타임스탬프 사진과 장면 흐름으로 명백한 오인식 교정,34.33,T4,구조검사 통과 시 유지,,49.075743913435524,40.52,P3,말투·질문응답·가독성 위주 검토
SSIS-575,사진 대조 1차 교정본,719,"01:00:24,450 --> 01:00:25,030",0.58,강심장이네요.,마음이 강해요.,정말 강해요.,반말형,sub_0719_3624.4s.jpg,0.05,,,25.0,90.0,50.0,78.0,75.0,0.27291,0.0,66.0,0.0,0.0,0.2485,큰일이네요.,이러다 갈 것 같아요.,사진 장면 확인 및 한국어 번역투·ASR 오역 교정,26.52,T4,구조검사 통과 시 유지,,21.438232642019837,24.39,P4,회귀검사 통과 시 유지
SSIS-575,사진 대조 1차 교정본,720,"01:00:25,030 --> 01:00:27,910",2.88,정말 강해요.,강심장이네요.,그런 일이 있었군요.,반말형,sub_0720_3625.0s.jpg,0.03,,,25.0,90.0,50.0,78.0,75.0,0.34691,0.0,66.0,0.0,0.0,0.2647,정말 좋아.,거기 좋아.,타임스탬프 사진과 장면 흐름으로 명백한 오인식 교정,29.63,T4,구조검사 통과 시 유지,,31.086564472497745,30.24,P4,회귀검사 통과 시 유지
SSIS-575,사진 대조 1차 교정본,721,"01:00:28,850 --> 01:00:29,810",0.96,그런 일이 있었군요.,정말 강해요.,아무 일도 없었다면 다행이네요.,중립·혼합형,sub_0721_3628.8s.jpg,0.05,,,25.0,90.0,50.0,78.0,75.0,0.38892,0.0,66.0,0.0,0.0,0.2269,일이 되면…,제대로 핥아 줘.,타임스탬프 사진과 장면 흐름으로 명백한 오인식 교정,31.39,T4,구조검사 통과 시 유지,,37.35347159603246,33.89,P4,회귀검사 통과 시 유지
SSIS-575,사진 대조 1차 교정본,722,"01:00:30,270 --> 01:00:31,830",1.56,아무 일도 없었다면 다행이네요.,그런 일이 있었군요.,네.,반응형,sub_0722_3630.3s.jpg,0.03,,,25.0,90.0,50.0,78.0,75.0,0.48603,0.0,66.0,0.0,0.0,0.2231,"그날 이후로, 마치 아무 일도 없었던 것처럼,","그날 이후 우리는 아무 일도 없었던 것처럼 지냈고,",내레이션 연결 자연화,35.47,T3,화자·문맥·자연스러움 집중 검토,,53.268710550045085,42.95,P3,말투·질문응답·가독성 위주 검토
SSIS-575,사진 대조 1차 교정본,723,"01:00:31,930 --> 01:00:32,250",0.32,네.,아무 일도 없었다면 다행이네요.,지금도 괜찮아 보이고요?,반말형,sub_0723_3631.9s.jpg,0.03,,,25.0,90.0,50.0,78.0,75.0,0.00414,0.0,66.0,0.0,0.0,0.6489,"네, 네.",네.,불필요한 반복 제거,15.23,T4,구조검사 통과 시 유지,,0.15779981965734896,8.9,P4,회귀검사 통과 시 유지
SSIS-575,사진 대조 1차 교정본,724,"01:00:33,190 --> 01:00:33,990",0.8,지금도 괜찮아 보이고요?,네.,"네, 전혀 문제없어요.",반응형,sub_0724_3633.2s.jpg,0.01,,,25.0,90.0,50.0,78.0,75.0,0.42141,0.0,66.0,0.0,0.0,0.2352,다 보이고 있어.,전부 다 보이네.,,32.76,T4,구조검사 통과 시 유지,,43.05680793507665,37.08,P4,회귀검사 통과 시 유지
SSIS-575,사진 대조 1차 교정본,725,"01:00:34,210 --> 01:00:34,950",0.74,"네, 전혀 문제없어요.",지금도 괜찮아 보이고요?,그럼 사사키 씨에게…,반응형,sub_0725_3634.2s.jpg,0.01,,,25.0,90.0,50.0,78.0,79.0,0.61403,0.0,66.0,0.0,0.0,0.2719,"네, 네.",네.,불필요한 반복 제거,41.09,T3,화자·문맥·자연스러움 집중 검토,,76.10459873760145,55.8,P3,말투·질문응답·가독성 위주 검토
SSIS-575,사진 대조 1차 교정본,726,"01:00:36,450 --> 01:00:38,990",2.54,그럼 사사키 씨에게…,"네, 전혀 문제없어요.",네.,중립·혼합형,sub_0726_3636.4s.jpg,0.05,,,25.0,90.0,50.0,78.0,75.0,0.39654,0.0,66.0,0.0,0.0,0.188,후와 씨에게도 들어 볼까요?,후우아 씨의 각오도 들어 볼까요?,이름 및 문장 자연화,31.71,T4,구조검사 통과 시 유지,,38.458070333633906,34.54,P4,회귀검사 통과 시 유지
SSIS-575,사진 대조 1차 교정본,727,"01:00:38,990 --> 01:00:39,150",0.16,네.,그럼 사사키 씨에게…,오늘도 돌아가 보죠.,반말형,sub_0727_3639.0s.jpg,0.01,,,25.0,90.0,50.0,78.0,75.0,0.01,0.0,66.0,0.0,0.0,0.6489,"네, 네.",네.,불필요한 반복 제거,15.48,T4,구조검사 통과 시 유지,,3.1785392245266006,10.31,P4,회귀검사 통과 시 유지
SSIS-575,사진 대조 1차 교정본,728,"01:00:39,350 --> 01:00:40,510",1.16,오늘도 돌아가 보죠.,네.,오늘은 첫 경험까지 갈 수 있도록 해 볼게요.,반응형,sub_0728_3639.3s.jpg,0.05,,,25.0,90.0,50.0,78.0,75.0,0.68697,0.0,66.0,0.0,0.0,0.3149,"그럼, 오늘도 봐 주세요.",그럼 오늘도 잘 봐 줘.,,43.91,T3,화자·문맥·자연스러움 집중 검토,,85.14427412082958,61.23,P2,앞뒤 5블록·사진·오류 기억을 함께 검토
SSIS-575,사진 대조 1차 교정본,729,"01:00:40,630 --> 01:00:45,050",4.42,오늘은 첫 경험까지 갈 수 있도록 해 볼게요.,오늘도 돌아가 보죠.,"네, 열심히 하겠습니다.",반말형,sub_0729_3640.6s.jpg,0.03,장면 목표 표현 자연화,중간,38.0,90.0,50.0,84.0,62.0,0.85123,0.0,48.0,0.0,0.0,0.3107,첫 번째부터 다시 해 볼게요.,처음부터 다시 넣어 볼게요.,사진 장면 확인 및 한국어 번역투·ASR 오역 교정,47.15,T3,화자·문맥·자연스러움 집중 검토,,92.33543733092876,66.13,P2,앞뒤 5블록·사진·오류 기억을 함께 검토
SSIS-575,사진 대조 1차 교정본,730,"01:00:45,690 --> 01:00:47,610",1.92,"네, 열심히 하겠습니다.",오늘은 첫 경험까지 갈 수 있도록 해 볼게요.,오.,중립·혼합형,sub_0730_3645.7s.jpg,0.01,,,25.0,90.0,50.0,78.0,75.0,0.69508,34.54,66.0,0.0,0.0,0.9378,열심히 하겠습니다.,힘내 볼게요.,,50.47,T3,화자·문맥·자연스러움 집중 검토,,96.84400360685302,69.95,P2,앞뒤 5블록·사진·오류 기억을 함께 검토
SSIS-575,사진 대조 1차 교정본,731,"01:00:47,710 --> 01:00:48,810",1.1,오.,"네, 열심히 하겠습니다.",그럼 동정 하우스로 다녀오세요.,중립·혼합형,sub_0731_3647.7s.jpg,0.01,,,25.0,90.0,50.0,78.0,75.0,0.26161,0.0,66.0,0.0,0.0,0.362,오...,오…,,26.05,T4,구조검사 통과 시 유지,,20.040577096483318,23.53,P4,회귀검사 통과 시 유지
SSIS-575,사진 대조 1차 교정본,732,"01:00:49,270 --> 01:00:51,350",2.08,그럼 동정 하우스로 다녀오세요.,오.,"네, 다녀오겠습니다.",존댓말형,sub_0732_3649.3s.jpg,0.03,,,25.0,90.0,50.0,78.0,75.0,0.60472,0.0,66.0,0.0,0.0,0.2418,어서 오세요.,거기 좋아요…,타임스탬프 사진과 장면 흐름으로 명백한 오인식 교정,40.46,T3,화자·문맥·자연스러움 집중 검토,,73.89540126239855,54.5,P3,말투·질문응답·가독성 위주 검토
SSIS-575,사진 대조 1차 교정본,733,"01:00:51,550 --> 01:00:53,190",1.64,"네, 다녀오겠습니다.",그럼 동정 하우스로 다녀오세요.,어서 와.,중립·혼합형,sub_0733_3651.6s.jpg,0.05,,,25.0,90.0,50.0,78.0,75.0,0.46077,0.0,66.0,0.0,0.0,0.2967,가 보겠습니다.,그럼 가 볼게요.,대화체 자연화,34.41,T4,구조검사 통과 시 유지,,49.413886384129846,40.71,P3,말투·질문응답·가독성 위주 검토
SSIS-575,사진 대조 1차 교정본,734,"01:01:31,350 --> 01:01:32,550",1.2,어서 와.,"네, 다녀오겠습니다.",다녀왔어요.,반응형,sub_0734_3691.3s.jpg,0.05,,,25.0,90.0,50.0,78.0,75.0,0.31656,0.0,66.0,0.0,0.0,0.6167,"후후후, 어서 와.","후후후, 차가워!",손상된 일본어 ASR + 타임스탬프 사진 + 앞뒤 문맥 추론,28.36,T4,구조검사 통과 시 유지,,27.028854824165915,27.8,P4,회귀검사 통과 시 유지
SSIS-575,사진 대조 1차 교정본,735,"01:01:33,790 --> 01:01:34,450",0.66,다녀왔어요.,어서 와.,일하느라 피곤했어?,반응형,sub_0735_3693.8s.jpg,0.01,,,25.0,90.0,50.0,78.0,75.0,0.25283,0.0,66.0,0.0,0.0,0.2189,그러니까 아직 안 왔어요.,아직 안 왔네요.,사진 장면 확인 및 한국어 번역투·ASR 오역 교정,25.68,T4,구조검사 통과 시 유지,,18.84580703336339,22.81,P4,회귀검사 통과 시 유지
SSIS-575,사진 대조 1차 교정본,736,"01:01:48,040 --> 01:01:49,460",1.42,일하느라 피곤했어?,다녀왔어요.,오늘은 조금 바빴어요.,반응형,sub_0736_3708.0s.jpg,0.04,,,25.0,90.0,50.0,78.0,75.0,0.42716,0.0,66.0,0.0,0.0,0.1291,부활했어?,다시 섰어?,일본어 원문 대조 + 자연스러운 한국어 대사 교정,33.0,T4,구조검사 통과 시 유지,,44.093778178539225,37.66,P4,회귀검사 통과 시 유지
SSIS-575,사진 대조 1차 교정본,737,"01:01:51,220 --> 01:01:52,720",1.5,오늘은 조금 바빴어요.,일하느라 피곤했어?,그랬구나.,반응형,sub_0737_3711.2s.jpg,0.02,,,25.0,90.0,50.0,78.0,75.0,0.6273,0.0,66.0,0.0,0.0,0.2706,그럼 오늘은 잘 먹었어.,그럼 오늘은 잘 먹었어요.,식사 후 인사말 자연화,41.41,T3,화자·문맥·자연스러움 집중 검토,,77.14156898106403,56.42,P3,말투·질문응답·가독성 위주 검토
SSIS-575,사진 대조 1차 교정본,738,"01:01:52,840 --> 01:01:53,980",1.14,그랬구나.,오늘은 조금 바빴어요.,수고했어. 오랜만이네.,중립·혼합형,sub_0738_3712.8s.jpg,0.04,,,25.0,90.0,50.0,78.0,75.0,0.33189,0.0,66.0,0.0,0.0,0.2392,그렇구나.,손 정말 잘 쓰네.,일본어 원문 + 타임스탬프 사진 + 장면 연속성,29.0,T4,구조검사 통과 시 유지,,29.28313796212804,29.12,P4,회귀검사 통과 시 유지
SSIS-575,사진 대조 1차 교정본,739,"01:01:59,490 --> 01:02:01,290",1.8,수고했어. 오랜만이네.,그랬구나.,그러게. 오랜만이야.,반응형,sub_0739_3719.5s.jpg,0.01,,,25.0,90.0,50.0,78.0,75.0,0.58882,0.0,66.0,0.0,0.0,0.5707,오랜만이네...,오랜만이네…,,39.79,T3,화자·문맥·자연스러움 집중 검토,,71.23534715960325,53.0,P3,말투·질문응답·가독성 위주 검토
SSIS-575,사진 대조 1차 교정본,740,"01:02:01,470 --> 01:02:02,930",1.46,그러게. 오랜만이야.,수고했어. 오랜만이네.,며칠 만이네.,반말형,sub_0740_3721.5s.jpg,0.03,,,25.0,90.0,50.0,78.0,75.0,0.55195,0.0,66.0,0.0,0.0,0.5802,그러게.,목욕하면서 이러는 거…,일본어 원문 + 타임스탬프 사진 + 장면 연속성,38.24,T3,화자·문맥·자연스러움 집중 검토,,64.65284039675383,49.33,P3,말투·질문응답·가독성 위주 검토
SSIS-575,사진 대조 1차 교정본,741,"01:02:03,430 --> 01:02:04,670",1.24,며칠 만이네.,그러게. 오랜만이야.,그러게.,반말형,sub_0741_3723.4s.jpg,0.03,,,25.0,90.0,50.0,78.0,75.0,0.52877,0.0,66.0,0.0,0.0,0.2223,오랜만이네...,오랜만이네…,,37.27,T3,화자·문맥·자연스러움 집중 검토,,60.256988277727686,46.92,P3,말투·질문응답·가독성 위주 검토
SSIS-575,사진 대조 1차 교정본,742,"01:02:05,310 --> 01:02:06,030",0.72,그러게.,며칠 만이네.,"있잖아, 여기 앉아.",중립·혼합형,sub_0742_3725.3s.jpg,0.01,,,25.0,90.0,50.0,78.0,75.0,0.37818,42.0,66.0,0.0,0.0,1.0,그러게.,목욕하면서 이러는 거…,일본어 원문 + 타임스탬프 사진 + 장면 연속성,38.5,T3,화자·문맥·자연스러움 집중 검토,,65.91523895401262,50.01,P3,말투·질문응답·가독성 위주 검토
SSIS-575,사진 대조 1차 교정본,743,"01:02:10,070 --> 01:02:11,530",1.46,"있잖아, 여기 앉아.",그러게.,아직도 조금 긴장돼?,반응형,sub_0743_3730.1s.jpg,0.03,,,25.0,90.0,50.0,78.0,75.0,0.70193,0.0,66.0,0.0,0.0,0.4181,"있잖아, 잠깐만...","있잖아, 잠깐만…",,44.54,T3,화자·문맥·자연스러움 집중 검토,,86.6546438232642,62.23,P2,앞뒤 5블록·사진·오류 기억을 함께 검토
SSIS-575,사진 대조 1차 교정본,744,"01:02:25,370 --> 01:02:27,370",2.0,아직도 조금 긴장돼?,"있잖아, 여기 앉아.",많이요.,반응형,sub_0744_3745.4s.jpg,0.03,,,25.0,90.0,50.0,78.0,75.0,0.65184,0.0,66.0,0.0,0.0,0.166,가 봐. 아직 조금 남았지?,움직여 봐. 아직 할 수 있지?,타임스탬프 사진과 장면 흐름으로 명백한 오인식 교정,42.44,T3,화자·문맥·자연스러움 집중 검토,,80.34265103697025,58.36,P2,앞뒤 5블록·사진·오류 기억을 함께 검토
SSIS-575,사진 대조 1차 교정본,745,"01:02:29,030 --> 01:02:29,690",0.66,많이요.,아직도 조금 긴장돼?,이제 좀 풀렸어?,중립·혼합형,sub_0745_3749.0s.jpg,0.03,,,25.0,90.0,50.0,78.0,75.0,0.36814,0.0,66.0,0.0,0.0,0.161,채소와 과일이요.,좋아하는 음식은 채소와 과일이에요.,사진 장면 확인 및 한국어 번역투·ASR 오역 교정,30.52,T4,구조검사 통과 시 유지,,34.12984670874662,32.04,P4,회귀검사 통과 시 유지
SSIS-575,사진 대조 1차 교정본,746,"01:02:30,110 --> 01:02:31,130",1.02,이제 좀 풀렸어?,많이요.,네.,반응형,sub_0746_3750.1s.jpg,0.01,,,25.0,90.0,50.0,78.0,75.0,0.54347,0.0,66.0,0.0,0.0,0.2181,나와 버렸어?,또 나와 버렸어?,일본어 원문 대조 + 자연스러운 한국어 대사 교정,37.89,T3,화자·문맥·자연스러움 집중 검토,,63.36789900811542,48.59,P3,말투·질문응답·가독성 위주 검토
SSIS-575,사진 대조 1차 교정본,747,"01:02:31,350 --> 01:02:31,610",0.26,네.,이제 좀 풀렸어?,그래도 아직 눈을 보는 건 어렵네요.,반말형,sub_0747_3751.3s.jpg,0.05,,,25.0,90.0,50.0,78.0,75.0,0.00978,0.0,66.0,0.0,0.0,0.6489,"네, 네.",네.,불필요한 반복 제거,15.47,T4,구조검사 통과 시 유지,,3.043282236248873,10.25,P4,회귀검사 통과 시 유지
SSIS-575,사진 대조 1차 교정본,748,"01:02:33,190 --> 01:02:38,770",5.58,그래도 아직 눈을 보는 건 어렵네요.,네.,네.,반말형,sub_0748_3753.2s.jpg,0.01,,,25.0,90.0,50.0,78.0,75.0,0.72619,0.0,66.0,0.0,0.0,0.2513,어렵네.,생각보다 어렵네.,손상된 일본어 ASR + 타임스탬프 사진 + 앞뒤 문맥 추론,45.56,T3,화자·문맥·자연스러움 집중 검토,,88.86384129846708,63.75,P2,앞뒤 5블록·사진·오류 기억을 함께 검토
SSIS-575,사진 대조 1차 교정본,749,"01:02:39,030 --> 01:02:39,250",0.22,네.,그래도 아직 눈을 보는 건 어렵네요.,그러고 보니 지난번에 욕실에서 소리 질렀잖아.,반말형,sub_0749_3759.0s.jpg,0.03,,,25.0,90.0,50.0,78.0,75.0,0.00987,0.0,66.0,0.0,0.0,0.6489,"네, 네.",네.,불필요한 반복 제거,15.47,T4,구조검사 통과 시 유지,,3.043282236248873,10.25,P4,회귀검사 통과 시 유지
SSIS-575,사진 대조 1차 교정본,750,"01:02:41,930 --> 01:02:48,570",6.64,그러고 보니 지난번에 욕실에서 소리 질렀잖아.,네.,"아, 네.",반말형,sub_0750_3761.9s.jpg,0.03,,,25.0,90.0,50.0,78.0,75.0,0.74488,0.0,66.0,0.0,0.0,0.1759,우리도 그러고 싶죠. 그치?,저희도 그러고 싶어요. 그렇지?,한국어 자연화,46.34,T3,화자·문맥·자연스러움 집중 검토,,90.62218214607755,64.94,P2,앞뒤 5블록·사진·오류 기억을 함께 검토
SSIS-575,사진 대조 1차 교정본,751,"01:02:50,010 --> 01:02:50,530",0.52,"아, 네.",그러고 보니 지난번에 욕실에서 소리 질렀잖아.,괜찮았어?,반응형,sub_0751_3770.0s.jpg,0.01,,,25.0,90.0,50.0,78.0,75.0,0.37928,11.22,66.0,0.0,0.0,0.7435,"아, 아, 아, 아, 아, 아, 아,","아, 아, 아, 아, 아, 아, 아",,33.01,T4,구조검사 통과 시 유지,,44.138863841298466,37.68,P4,회귀검사 통과 시 유지
SSIS-575,사진 대조 1차 교정본,752,"01:02:51,030 --> 01:02:52,070",1.04,괜찮았어?,"아, 네.","아, 전혀 신경 쓰지 마세요.",반응형,sub_0752_3771.0s.jpg,0.03,,,25.0,90.0,50.0,78.0,75.0,0.22929,0.0,66.0,0.0,0.0,0.2344,안 남았어?,아직 남아 있어?,손상된 일본어 ASR + 타임스탬프 사진 + 앞뒤 문맥 추론,24.69,T4,구조검사 통과 시 유지,,16.952209197475206,21.44,P4,회귀검사 통과 시 유지
SSIS-575,사진 대조 1차 교정본,753,"01:02:52,690 --> 01:02:55,530",2.84,"아, 전혀 신경 쓰지 마세요.",괜찮았어?,정말?,반응형,sub_0753_3772.7s.jpg,0.01,,,25.0,90.0,50.0,78.0,79.0,0.78215,0.0,66.0,0.0,0.0,0.5329,"- 아, 죄송해요. 농담이었어요. 신경 쓰지 마세요. - 좋아요.",- 죄송해요. 농담이었어요. 신경 쓰지 마세요. - 좋아요.,화자 분리 및 대화 호흡 교정,48.15,T3,화자·문맥·자연스러움 집중 검토,,94.00360685302074,67.41,P2,앞뒤 5블록·사진·오류 기억을 함께 검토
SSIS-575,사진 대조 1차 교정본,754,"01:02:56,310 --> 01:02:56,950",0.64,정말?,"아, 전혀 신경 쓰지 마세요.",뭔가 마음이 복잡해서요.,중립·혼합형,sub_0754_3776.3s.jpg,0.01,,,25.0,90.0,50.0,78.0,75.0,0.19373,42.0,66.0,0.0,0.0,1.0,정말?,응.,일본어 원문 + 타임스탬프 사진 + 장면 연속성,30.76,T4,구조검사 통과 시 유지,,34.918845807033364,32.51,P4,회귀검사 통과 시 유지
SSIS-575,사진 대조 1차 교정본,755,"01:02:58,030 --> 01:03:01,150",3.12,뭔가 마음이 복잡해서요.,정말?,아…,반말형,sub_0755_3778.0s.jpg,0.03,,,25.0,90.0,50.0,78.0,75.0,0.61782,0.0,66.0,0.0,0.0,0.3063,마음이 편하네.,기분 좋네.,타임스탬프 사진과 장면 흐름으로 명백한 오인식 교정,41.01,T3,화자·문맥·자연스러움 집중 검토,,75.76645626690713,55.61,P3,말투·질문응답·가독성 위주 검토
SSIS-575,사진 대조 1차 교정본,756,"01:03:01,170 --> 01:03:02,030",0.86,아…,뭔가 마음이 복잡해서요.,조금 쌓였던 게…,반응형,sub_0756_3781.2s.jpg,0.03,,,25.0,90.0,50.0,78.0,75.0,0.289,14.76,66.0,0.0,0.0,0.773,"싫어, 아… 아… 아…",싫어… 아… 아…,일본어 원문 대조 + 자연스러운 한국어 대사 교정,29.86,T4,구조검사 통과 시 유지,,32.01082055906222,30.76,P4,회귀검사 통과 시 유지
SSIS-575,사진 대조 1차 교정본,757,"01:03:02,470 --> 01:03:06,150",3.68,조금 쌓였던 게…,아…,터져 버렸어요.,중립·혼합형,sub_0757_3782.5s.jpg,0.03,,,25.0,90.0,50.0,78.0,75.0,0.53553,0.0,66.0,0.0,0.0,0.1649,조금 쉬어요.,잠깐만요.,,37.55,T3,화자·문맥·자연스러움 집중 검토,,61.76735798016231,47.72,P3,말투·질문응답·가독성 위주 검토
SSIS-575,사진 대조 1차 교정본,758,"01:03:06,330 --> 01:03:07,070",0.74,터져 버렸어요.,조금 쌓였던 게…,조금 놀랐거든.,반응형,sub_0758_3786.3s.jpg,0.03,,,25.0,90.0,50.0,78.0,75.0,0.55705,0.0,66.0,0.0,0.0,0.3909,말해 버렸어요?,소리 내 버렸어요?,사진 장면 확인 및 한국어 번역투·ASR 오역 교정,38.46,T3,화자·문맥·자연스러움 집중 검토,,65.68981064021641,49.9,P3,말투·질문응답·가독성 위주 검토
SSIS-575,사진 대조 1차 교정본,759,"01:03:08,650 --> 01:03:10,470",1.82,조금 놀랐거든.,터져 버렸어요.,죄송합니다.,중립·혼합형,sub_0759_3788.7s.jpg,0.05,,,25.0,90.0,50.0,78.0,75.0,0.45045,0.0,66.0,0.0,0.0,0.1804,그런 방식이거든.,그렇게 구분하는 거야.,,33.98,T4,구조검사 통과 시 유지,,47.72317403065825,39.75,P4,회귀검사 통과 시 유지
SSIS-575,사진 대조 1차 교정본,760,"01:03:10,770 --> 01:03:11,550",0.78,죄송합니다.,조금 놀랐거든.,그랬구나.,존댓말형,sub_0760_3790.8s.jpg,0.03,,,25.0,90.0,50.0,78.0,75.0,0.30391,10.66,66.0,0.0,0.0,0.7388,죄송합니다...,죄송합니다…,,29.74,T4,구조검사 통과 시 유지,,31.51487826871055,30.49,P4,회귀검사 통과 시 유지
SSIS-575,사진 대조 1차 교정본,761,"01:03:12,950 --> 01:03:13,570",0.62,그랬구나.,죄송합니다.,응.,중립·혼합형,sub_0761_3792.9s.jpg,0.05,,,25.0,90.0,50.0,78.0,75.0,0.26138,0.0,66.0,0.0,0.0,0.2392,그렇구나.,손 정말 잘 쓰네.,일본어 원문 + 타임스탬프 사진 + 장면 연속성,26.04,T4,구조검사 통과 시 유지,,19.95040577096483,23.48,P4,회귀검사 통과 시 유지
SSIS-575,사진 대조 1차 교정본,762,"01:03:13,570 --> 01:03:14,290",0.72,응.,그랬구나.,네.,반응형,sub_0762_3793.6s.jpg,0.03,,,25.0,90.0,50.0,78.0,75.0,0.02314,0.0,66.0,0.0,0.0,0.4021,"하-, 응.",하아… 응.,,16.03,T4,구조검사 통과 시 유지,,7.010820559062219,12.24,P4,회귀검사 통과 시 유지
SSIS-575,사진 대조 1차 교정본,763,"01:03:14,290 --> 01:03:14,570",0.28,네.,응.,가끔은 그렇게 감정을 내보내지 않으면 지치잖아.,반말형,sub_0763_3794.3s.jpg,0.01,,,25.0,90.0,50.0,78.0,75.0,0.01172,0.0,66.0,0.0,0.0,0.6489,"네, 네.",네.,불필요한 반복 제거,15.55,T4,구조검사 통과 시 유지,,3.719567177637511,10.58,P4,회귀검사 통과 시 유지
SSIS-575,사진 대조 1차 교정본,764,"01:03:14,910 --> 01:03:19,210",4.3,가끔은 그렇게 감정을 내보내지 않으면 지치잖아.,네.,네.,반말형,sub_0764_3794.9s.jpg,0.01,,,25.0,90.0,50.0,78.0,75.0,0.84576,0.0,66.0,0.0,0.0,0.1569,"자, 술도 깼으니 그 차가운 가면을 벗고 감정을 드러내 봐.",이제 술도 깼으니 그 무표정한 얼굴 말고 솔직한 표정 좀 보여 봐.,사진 장면 확인 및 한국어 번역투 교정,50.58,T3,화자·문맥·자연스러움 집중 검토,,96.97926059513074,70.07,P2,앞뒤 5블록·사진·오류 기억을 함께 검토
SSIS-575,사진 대조 1차 교정본,765,"01:03:19,470 --> 01:03:19,610",0.14,네.,가끔은 그렇게 감정을 내보내지 않으면 지치잖아.,그러게.,반말형,sub_0765_3799.5s.jpg,0.03,,,25.0,90.0,50.0,78.0,75.0,0.01677,0.0,66.0,0.0,0.0,0.6489,"네, 네.",네.,불필요한 반복 제거,15.76,T4,구조검사 통과 시 유지,,5.207394048692516,11.33,P4,회귀검사 통과 시 유지
SSIS-575,사진 대조 1차 교정본,766,"01:03:19,610 --> 01:03:20,190",0.58,그러게.,네.,조금 그랬어요.,중립·혼합형,sub_0766_3799.6s.jpg,0.01,,,25.0,90.0,50.0,78.0,75.0,0.32079,42.0,66.0,0.0,0.0,1.0,그러게.,목욕하면서 이러는 거…,일본어 원문 + 타임스탬프 사진 + 장면 연속성,36.09,T3,화자·문맥·자연스러움 집중 검토,,56.064021641118124,44.48,P3,말투·질문응답·가독성 위주 검토
SSIS-575,사진 대조 1차 교정본,767,"01:03:20,570 --> 01:03:23,050",2.48,조금 그랬어요.,그러게.,조금 더 이쪽으로 와.,반응형,sub_0767_3800.6s.jpg,0.03,,,25.0,90.0,50.0,78.0,75.0,0.42389,0.0,66.0,0.0,0.0,0.2689,조금 쉬어요.,잠깐만요.,,32.86,T4,구조검사 통과 시 유지,,43.50766456266907,37.33,P4,회귀검사 통과 시 유지
SSIS-575,사진 대조 1차 교정본,768,"01:03:25,690 --> 01:03:27,070",1.38,조금 더 이쪽으로 와.,조금 그랬어요.,네.,반응형,sub_0768_3805.7s.jpg,0.01,,,25.0,90.0,50.0,78.0,75.0,0.45463,0.0,66.0,0.0,0.0,0.4618,"잠깐, 이쪽으로 더 갈 수 있나?",그냥 여기서 살까?,,34.15,T4,구조검사 통과 시 유지,,48.28674481514878,40.09,P3,말투·질문응답·가독성 위주 검토
SSIS-575,사진 대조 1차 교정본,769,"01:03:28,230 --> 01:03:28,770",0.54,네.,조금 더 이쪽으로 와.,피곤해?,반말형,sub_0769_3808.2s.jpg,0.03,,,25.0,90.0,50.0,78.0,75.0,0.00495,0.0,66.0,0.0,0.0,0.6489,"네, 네.",네.,불필요한 반복 제거,15.27,T4,구조검사 통과 시 유지,,0.3155996393146979,8.99,P4,회귀검사 통과 시 유지
SSIS-575,사진 대조 1차 교정본,770,"01:03:32,130 --> 01:03:33,010",0.88,피곤해?,네.,조금 피곤해요.,반말형,sub_0770_3812.1s.jpg,0.03,,,25.0,90.0,50.0,78.0,75.0,0.23864,0.0,66.0,0.0,0.0,0.1253,원해?,만져 줬으면 해?,일본어 원문 대조 + 자연스러운 한국어 대사 교정,25.08,T4,구조검사 통과 시 유지,,17.763751127141568,22.01,P4,회귀검사 통과 시 유지
SSIS-575,사진 대조 1차 교정본,771,"01:03:34,850 --> 01:03:36,070",1.22,조금 피곤해요.,피곤해?,피곤했구나.,반말형,sub_0771_3814.8s.jpg,0.05,,,25.0,90.0,50.0,78.0,75.0,0.44627,0.0,66.0,0.0,0.0,0.1933,조금 쉬어요.,잠깐만요.,,33.8,T4,구조검사 통과 시 유지,,46.91163210099189,39.31,P4,회귀검사 통과 시 유지
SSIS-575,사진 대조 1차 교정본,772,"01:03:36,570 --> 01:03:37,430",0.86,피곤했구나.,조금 피곤해요.,그랬겠네.,중립·혼합형,sub_0772_3816.6s.jpg,0.03,,,25.0,90.0,50.0,78.0,75.0,0.32911,0.0,66.0,0.0,0.0,0.184,그렇구나.,손 정말 잘 쓰네.,일본어 원문 + 타임스탬프 사진 + 장면 연속성,28.88,T4,구조검사 통과 시 유지,,28.83228133453562,28.86,P4,회귀검사 통과 시 유지
SSIS-575,사진 대조 1차 교정본,773,"01:03:37,430 --> 01:03:37,630",0.2,그랬겠네.,피곤했구나.,밥은 어디서 먹었어?,반말형,sub_0773_3817.4s.jpg,0.03,,,25.0,90.0,50.0,78.0,75.0,0.39087,0.0,66.0,55.0,0.0,0.1811,자 버리겠네. 자 버리겠네.,가 버리겠네.,사진 장면 확인 및 한국어 번역투·ASR 오역 교정,36.98,T3,화자·문맥·자연스러움 집중 검토,high_cps,59.15238954012624,46.29,P3,말투·질문응답·가독성 위주 검토
SSIS-575,사진 대조 1차 교정본,774,"01:03:39,790 --> 01:03:41,190",1.4,밥은 어디서 먹었어?,그랬겠네.,아직 안 먹었어요.,반응형,sub_0774_3819.8s.jpg,0.01,,,25.0,90.0,50.0,78.0,75.0,0.51097,0.0,66.0,0.0,0.0,0.2303,그럼 오늘은 잘 먹었어.,그럼 오늘은 잘 먹었어요.,식사 후 인사말 자연화,36.52,T3,화자·문맥·자연스러움 집중 검토,,57.23624887285843,45.22,P3,말투·질문응답·가독성 위주 검토
SSIS-575,사진 대조 1차 교정본,775,"01:03:41,450 --> 01:03:43,730",2.28,아직 안 먹었어요.,밥은 어디서 먹었어?,기다렸어?,반응형,sub_0775_3821.4s.jpg,0.05,,,25.0,90.0,50.0,78.0,75.0,0.52285,0.0,66.0,0.0,0.0,0.2766,그럼 오늘은 잘 먹었어.,그럼 오늘은 잘 먹었어요.,식사 후 인사말 자연화,37.02,T3,화자·문맥·자연스러움 집중 검토,,59.400360685302076,46.42,P3,말투·질문응답·가독성 위주 검토
SSIS-575,사진 대조 1차 교정본,776,"01:03:44,530 --> 01:03:45,250",0.72,기다렸어?,아직 안 먹었어요.,아…,반응형,sub_0776_3824.5s.jpg,0.03,,,25.0,90.0,50.0,78.0,75.0,0.26648,0.0,66.0,0.0,0.0,0.2381,나와 버렸어?,또 나와 버렸어?,일본어 원문 대조 + 자연스러운 한국어 대사 교정,26.25,T4,구조검사 통과 시 유지,,20.581605049594227,23.87,P4,회귀검사 통과 시 유지
SSIS-575,사진 대조 1차 교정본,777,"01:03:45,250 --> 01:03:46,090",0.84,아…,기다렸어?,저는 먹고 왔어요.,반응형,sub_0777_3825.2s.jpg,0.05,,,25.0,90.0,50.0,78.0,75.0,0.17959,14.76,66.0,0.0,0.0,0.773,"싫어, 아… 아… 아…",싫어… 아… 아…,일본어 원문 대조 + 자연스러운 한국어 대사 교정,25.26,T4,구조검사 통과 시 유지,,18.14697926059513,22.27,P4,회귀검사 통과 시 유지
SSIS-575,사진 대조 1차 교정본,778,"01:03:48,070 --> 01:03:49,350",1.28,저는 먹고 왔어요.,아…,참고 기다렸어?,반응형,sub_0778_3828.1s.jpg,0.03,,,25.0,90.0,50.0,78.0,75.0,0.46853,0.0,66.0,0.0,0.0,0.4339,그러니까 아직 안 왔어요.,아직 안 왔네요.,사진 장면 확인 및 한국어 번역투·ASR 오역 교정,34.74,T4,구조검사 통과 시 유지,,50.90171325518485,41.53,P3,말투·질문응답·가독성 위주 검토
SSIS-575,사진 대조 1차 교정본,779,"01:03:49,430 --> 01:03:49,970",0.54,참고 기다렸어?,저는 먹고 왔어요.,기다렸던 거야?,반응형,sub_0779_3829.4s.jpg,0.03,,,25.0,90.0,50.0,78.0,75.0,0.39371,0.0,66.0,0.0,0.0,0.2062,나와 버렸어?,또 나와 버렸어?,일본어 원문 대조 + 자연스러운 한국어 대사 교정,31.6,T4,구조검사 통과 시 유지,,38.052299368800725,34.31,P4,회귀검사 통과 시 유지
SSIS-575,사진 대조 1차 교정본,780,"01:03:50,870 --> 01:03:51,770",0.9,기다렸던 거야?,참고 기다렸어?,그렇구나.,반말형,sub_0780_3830.9s.jpg,0.03,,,25.0,90.0,50.0,78.0,75.0,0.4584,0.0,66.0,0.0,0.0,0.2856,뭐라고 하는 거야?,뭐라고 말해야 해?,일본어 원문 대조 + 자연스러운 한국어 대사 교정,34.31,T4,구조검사 통과 시 유지,,48.87285843101893,40.43,P3,말투·질문응답·가독성 위주 검토
SSIS-575,사진 대조 1차 교정본,781,"01:03:52,210 --> 01:03:52,870",0.66,그렇구나.,기다렸던 거야?,오실 줄 몰랐어요.,중립·혼합형,sub_0781_3832.2s.jpg,0.01,,,25.0,90.0,50.0,78.0,75.0,0.28555,42.0,66.0,0.0,0.0,1.0,그렇구나.,손 정말 잘 쓰네.,일본어 원문 + 타임스탬프 사진 + 장면 연속성,34.61,T4,구조검사 통과 시 유지,,50.40577096483319,41.24,P3,말투·질문응답·가독성 위주 검토
SSIS-575,사진 대조 1차 교정본,782,"01:03:53,150 --> 01:03:54,590",1.44,오실 줄 몰랐어요.,그렇구나.,그렇지.,반응형,sub_0782_3833.2s.jpg,0.05,,,25.0,90.0,50.0,78.0,75.0,0.55415,0.0,66.0,0.0,0.0,0.0898,가까운 곳도 핥아 줄 수 있어요?,아래쪽도 핥아 줄 수 있어요?,사진 장면 확인 및 한국어 번역투·ASR 오역 교정,38.33,T3,화자·문맥·자연스러움 집중 검토,,65.17132551848512,49.6,P3,말투·질문응답·가독성 위주 검토
SSIS-575,사진 대조 1차 교정본,783,"01:03:54,710 --> 01:03:55,290",0.58,그렇지.,오실 줄 몰랐어요.,미안해.,반말형,sub_0783_3834.7s.jpg,0.01,,,25.0,90.0,50.0,78.0,75.0,0.28101,0.0,66.0,0.0,0.0,0.2319,전부 다 그러면 큰일이지. 그렇지 않아.,다 그러면 큰일 나죠. 저는 안 가요.,사진 장면 확인 및 한국어 번역투·ASR 오역 교정,26.86,T4,구조검사 통과 시 유지,,22.633002705139766,25.08,P4,회귀검사 통과 시 유지
SSIS-575,사진 대조 1차 교정본,784,"01:03:55,590 --> 01:03:56,050",0.46,미안해.,그렇지.,알겠어.,반말형,sub_0784_3835.6s.jpg,0.01,,,25.0,90.0,50.0,78.0,75.0,0.36332,16.48,66.0,0.0,0.0,0.7873,아... 미안해.,아… 미안해.,,33.29,T4,구조검사 통과 시 유지,,45.04057709648332,38.23,P4,회귀검사 통과 시 유지
SSIS-575,사진 대조 1차 교정본,785,"01:03:56,450 --> 01:03:56,970",0.52,알겠어.,미안해.,고마워.,반응형,sub_0785_3836.4s.jpg,0.05,,,25.0,90.0,50.0,78.0,75.0,0.45616,17.94,66.0,0.0,0.0,0.7995,왠지 알겠어.,어떻게 알았어?,손상된 일본어 ASR + 타임스탬프 사진 + 앞뒤 문맥 추론,37.45,T3,화자·문맥·자연스러움 집중 검토,,61.248872858431014,47.45,P3,말투·질문응답·가독성 위주 검토
SSIS-575,사진 대조 1차 교정본,786,"01:04:03,870 --> 01:04:04,310",0.44,고마워.,알겠어.,피곤하세요?,중립·혼합형,sub_0786_3843.9s.jpg,0.03,,,25.0,90.0,50.0,78.0,75.0,0.3595,42.0,66.0,0.0,0.0,1.0,고마워.,손으로 잡아 줘.,일본어 원문 + 타임스탬프 사진 + 장면 연속성,37.72,T3,화자·문맥·자연스러움 집중 검토,,62.60144274120829,48.17,P3,말투·질문응답·가독성 위주 검토
SSIS-575,사진 대조 1차 교정본,787,"01:04:05,550 --> 01:04:06,450",0.9,피곤하세요?,고마워.,조금.,존댓말형,sub_0787_3845.6s.jpg,0.05,,,25.0,90.0,50.0,78.0,75.0,0.38041,0.0,66.0,0.0,0.0,0.3146,남자 좋아하세요?,그래도 싫지는 않았죠?,타임스탬프 사진과 앞뒤 장면으로 대사 기능 복원,31.04,T4,구조검사 통과 시 유지,,36.13615870153291,33.18,P4,회귀검사 통과 시 유지
SSIS-575,사진 대조 1차 교정본,788,"01:04:06,950 --> 01:04:07,750",0.8,조금.,피곤하세요?,조금만.,중립·혼합형,sub_0788_3846.9s.jpg,0.05,,,25.0,90.0,50.0,78.0,75.0,0.29992,0.0,66.0,0.0,0.0,0.3955,그럼 조금...,그럼 조금…,,27.66,T4,구조검사 통과 시 유지,,25.18034265103697,26.62,P4,회귀검사 통과 시 유지
SSIS-575,사진 대조 1차 교정본,789,"01:04:07,750 --> 01:04:08,750",1.0,조금만.,조금.,응.,중립·혼합형,sub_0789_3847.8s.jpg,0.05,,,25.0,90.0,50.0,78.0,75.0,0.38279,0.0,66.0,0.0,0.0,0.6319,무리에요. 조금만.,무리예요. 조금만.,,31.14,T4,구조검사 통과 시 유지,,36.587015329125336,33.43,P4,회귀검사 통과 시 유지
SSIS-575,사진 대조 1차 교정본,790,"01:04:08,910 --> 01:04:09,030",0.12,응.,조금만.,나도 오늘 일하고 왔거든.,반응형,sub_0790_3848.9s.jpg,0.01,,,25.0,90.0,50.0,78.0,75.0,0.03325,0.0,66.0,25.0,0.0,0.4021,"하-, 응.",하아… 응.,,18.96,T4,구조검사 통과 시 유지,borderline_cps,9.87376014427412,15.14,P4,회귀검사 통과 시 유지
SSIS-575,사진 대조 1차 교정본,791,"01:04:09,470 --> 01:04:11,570",2.1,나도 오늘 일하고 왔거든.,응.,수고하셨어요.,중립·혼합형,sub_0791_3849.5s.jpg,0.03,,,25.0,90.0,50.0,78.0,75.0,0.62292,0.0,66.0,0.0,0.0,0.3844,일하고 나서.,이번엔 네가 해 줘.,타임스탬프 사진과 장면 흐름으로 명백한 오인식 교정,41.22,T3,화자·문맥·자연스러움 집중 검토,,76.53291253381424,56.05,P3,말투·질문응답·가독성 위주 검토
SSIS-575,사진 대조 1차 교정본,792,"01:04:12,650 --> 01:04:13,630",0.98,수고하셨어요.,나도 오늘 일하고 왔거든.,귀여워.,반응형,sub_0792_3852.7s.jpg,0.05,,,25.0,90.0,50.0,78.0,75.0,0.39255,66.0,66.0,0.0,0.0,1.0,수고하셨어요.,기분 좋으세요?,성행위 장면과 충돌한 표현 교정,43.43,T3,화자·문맥·자연스러움 집중 검토,known_odd_phrase,83.45356176735798,60.24,P2,앞뒤 5블록·사진·오류 기억을 함께 검토
SSIS-575,사진 대조 1차 교정본,793,"01:04:29,040 --> 01:04:29,840",0.8,귀여워.,수고하셨어요.,정말 귀여워요.,중립·혼합형,sub_0793_3869.0s.jpg,0.04,,,25.0,90.0,50.0,78.0,75.0,0.33159,26.4,66.0,0.0,0.0,0.87,엄청 귀여워.,매일 목욕해.,일본어 원문 + 타임스탬프 사진 + 장면 연속성,33.74,T4,구조검사 통과 시 유지,,46.61857529305681,39.15,P4,회귀검사 통과 시 유지
SSIS-575,사진 대조 1차 교정본,794,"01:04:31,360 --> 01:04:32,520",1.16,정말 귀여워요.,귀여워.,혀… 혀를 넣어도 돼요?,중립·혼합형,sub_0794_3871.4s.jpg,0.04,,,25.0,90.0,50.0,78.0,75.0,0.50829,0.0,66.0,0.0,0.0,0.5051,펭귄 정말 좋아해요. 귀엽지 않아요? 걷는 모습이 귀여워요.,펭귄이 정말 귀엽지 않아요? 걷는 모습이 특히 귀여워요.,사진 장면 확인 및 한국어 번역투·ASR 오역 교정,36.41,T3,화자·문맥·자연스러움 집중 검토,,56.89810640216412,45.02,P3,말투·질문응답·가독성 위주 검토
SSIS-575,사진 대조 1차 교정본,795,"01:04:50,120 --> 01:04:52,460",2.34,혀… 혀를 넣어도 돼요?,정말 귀여워요.,넣고 싶어?,반응형,sub_0795_3890.1s.jpg,0.02,,,25.0,90.0,50.0,78.0,87.0,0.91949,0.0,66.0,0.0,0.0,0.3118,말해도 돼요?,이제 해도 돼요?,타임스탬프 사진과 앞뒤 장면으로 대사 기능 복원,54.4,T3,화자·문맥·자연스러움 집중 검토,,99.54914337240758,73.36,P1,장면 패킷을 열고 후보 3개를 생성해 반증 검토
SSIS-575,사진 대조 1차 교정본,796,"01:04:52,980 --> 01:04:53,720",0.74,넣고 싶어?,혀… 혀를 넣어도 돼요?,네.,반응형,sub_0796_3893.0s.jpg,0.02,,,25.0,90.0,50.0,78.0,79.0,0.51661,0.0,66.0,0.0,0.0,0.6038,넣고 싶어.,빨리 넣고 싶어.,일본어 원문 대조 + 자연스러운 한국어 대사 교정,37.0,T3,화자·문맥·자연스러움 집중 검토,,59.31018935978359,46.37,P3,말투·질문응답·가독성 위주 검토
SSIS-575,사진 대조 1차 교정본,797,"01:04:55,160 --> 01:04:55,620",0.46,네.,넣고 싶어?,좋아.,반말형,sub_0797_3895.2s.jpg,0.04,,,25.0,90.0,50.0,78.0,75.0,0.00533,0.0,66.0,0.0,0.0,0.6489,"네, 네.",네.,불필요한 반복 제거,15.28,T4,구조검사 통과 시 유지,,0.38322813345356177,9.02,P4,회귀검사 통과 시 유지
SSIS-575,사진 대조 1차 교정본,798,"01:04:56,380 --> 01:04:56,880",0.5,좋아.,네.,키스도 거의 처음이지?,반응형,sub_0798_3896.4s.jpg,0.02,,,25.0,90.0,50.0,78.0,75.0,0.12874,16.19,66.0,0.0,0.0,0.7849,"아, 좋아.","아, 들어온다.",,23.38,T4,구조검사 통과 시 유지,,14.021641118124437,19.45,P4,회귀검사 통과 시 유지
SSIS-575,사진 대조 1차 교정본,799,"01:05:34,350 --> 01:05:35,930",1.58,키스도 거의 처음이지?,좋아.,정말요?,반말형,sub_0799_3934.3s.jpg,0.05,,,25.0,90.0,50.0,78.0,79.0,0.6949,0.0,66.0,0.0,0.0,0.1759,어느 쪽이지?,어느 쪽부터 할까?,일본어 원문 대조 + 자연스러운 한국어 대사 교정,44.49,T3,화자·문맥·자연스러움 집중 검토,,86.51938683498648,62.14,P2,앞뒤 5블록·사진·오류 기억을 함께 검토
SSIS-575,사진 대조 1차 교정본,800,"01:05:36,510 --> 01:05:37,290",0.78,정말요?,키스도 거의 처음이지?,뜨거워?,중립·혼합형,sub_0800_3936.5s.jpg,0.01,,,25.0,90.0,50.0,78.0,75.0,0.32189,0.0,66.0,0.0,0.0,0.1495,정말?,응.,일본어 원문 + 타임스탬프 사진 + 장면 연속성,28.58,T4,구조검사 통과 시 유지,,27.637511271415686,28.18,P4,회귀검사 통과 시 유지
SSIS-575,사진 대조 1차 교정본,801,"01:06:53,620 --> 01:06:54,280",0.66,뜨거워?,정말요?,뜨거워요.,중립·혼합형,sub_0801_4013.6s.jpg,0.02,,,25.0,90.0,50.0,78.0,75.0,0.34927,0.0,66.0,0.0,0.0,0.3239,"아니, 뜨거워.",몸이 뜨거워.,손상된 일본어 ASR + 타임스탬프 사진 + 앞뒤 문맥 추론,29.73,T4,구조검사 통과 시 유지,,31.46979260595131,30.46,P4,회귀검사 통과 시 유지
SSIS-575,사진 대조 1차 교정본,802,"01:06:55,280 --> 01:06:56,040",0.76,뜨거워요.,뜨거워?,조금 위험했네.,중립·혼합형,sub_0802_4015.3s.jpg,0.02,,,25.0,90.0,50.0,78.0,75.0,0.34376,24.04,66.0,0.0,0.0,0.8503,속이 뜨거워요.,"그래, 사야.",화면 영문 자막 대조,33.82,T4,구조검사 통과 시 유지,,47.024346257889995,39.37,P4,회귀검사 통과 시 유지
SSIS-575,사진 대조 1차 교정본,803,"01:06:56,800 --> 01:06:58,040",1.24,조금 위험했네.,뜨거워요.,이거 뒤쪽 거야?,반말형,sub_0803_4016.8s.jpg,0.0,,,25.0,90.0,50.0,78.0,75.0,0.50193,0.0,66.0,0.0,0.0,0.1868,조금 보이네.,조금은 보이는 것 같아.,일본어 원문 대조 + 자연스러운 한국어 대사 교정,36.14,T3,화자·문맥·자연스러움 집중 검토,,56.15419296663661,44.55,P3,말투·질문응답·가독성 위주 검토
SSIS-575,사진 대조 1차 교정본,804,"01:06:59,780 --> 01:07:00,920",1.14,이거 뒤쪽 거야?,조금 위험했네.,네.,반말형,sub_0804_4019.8s.jpg,0.02,,,25.0,90.0,50.0,78.0,75.0,0.58176,0.0,66.0,0.0,0.0,0.3228,뭐라고 하는 거야?,뭐라고 말해야 해?,일본어 원문 대조 + 자연스러운 한국어 대사 교정,39.49,T3,화자·문맥·자연스러움 집중 검토,,70.10820559062219,52.35,P3,말투·질문응답·가독성 위주 검토
SSIS-575,사진 대조 1차 교정본,805,"01:07:01,320 --> 01:07:01,780",0.46,네.,이거 뒤쪽 거야?,지퍼 내려 줄래?,반말형,sub_0805_4021.3s.jpg,0.02,,,25.0,90.0,50.0,78.0,75.0,0.00961,0.0,66.0,0.0,0.0,0.6489,"네, 네.",네.,불필요한 반복 제거,15.46,T4,구조검사 통과 시 유지,,2.8854824165915236,10.18,P4,회귀검사 통과 시 유지
SSIS-575,사진 대조 1차 교정본,806,"01:07:02,260 --> 01:07:03,520",1.26,지퍼 내려 줄래?,네.,됐어?,반말형,sub_0806_4022.3s.jpg,0.04,,,25.0,90.0,50.0,78.0,75.0,0.57415,0.0,66.0,0.0,0.0,0.1263,눈 감아 줄래.,눈 감고 있을게.,일본어 원문 대조 + 자연스러운 한국어 대사 교정,39.17,T3,화자·문맥·자연스러움 집중 검토,,68.50766456266906,51.49,P3,말투·질문응답·가독성 위주 검토
SSIS-575,사진 대조 1차 교정본,807,"01:07:13,190 --> 01:07:13,890",0.7,됐어?,지퍼 내려 줄래?,단추가…,반응형,sub_0807_4033.2s.jpg,0.01,,,25.0,90.0,50.0,78.0,75.0,0.39682,0.37,66.0,0.0,0.0,0.6531,아프게 됐어?,아팠어?,일본어 원문 대조 + 자연스러운 한국어 대사 교정,31.79,T4,구조검사 통과 시 유지,,38.86384129846709,34.76,P4,회귀검사 통과 시 유지
SSIS-575,사진 대조 1차 교정본,808,"01:07:15,330 --> 01:07:16,190",0.86,단추가…,됐어?,네.,중립·혼합형,sub_0808_4035.3s.jpg,0.03,,,25.0,90.0,50.0,78.0,75.0,0.38216,0.0,66.0,0.0,0.0,0.1144,엉덩이가…,갈 수 있어?,일본어 원문 + 타임스탬프 사진 + 장면 연속성,31.11,T4,구조검사 통과 시 유지,,36.47430117222723,33.36,P4,회귀검사 통과 시 유지
SSIS-575,사진 대조 1차 교정본,809,"01:07:18,330 --> 01:07:18,790",0.46,네.,단추가…,뜨겁지 않아?,반말형,sub_0809_4038.3s.jpg,0.03,,,25.0,90.0,50.0,78.0,75.0,0.01252,0.0,66.0,0.0,0.0,0.6489,"네, 네.",네.,불필요한 반복 제거,15.59,T4,구조검사 통과 시 유지,,4.080252479711452,10.76,P4,회귀검사 통과 시 유지
SSIS-575,사진 대조 1차 교정본,810,"01:07:28,580 --> 01:07:29,480",0.9,뜨겁지 않아?,네.,조금 뜨거워요.,반응형,sub_0810_4048.6s.jpg,0.02,,,25.0,90.0,50.0,78.0,75.0,0.44031,0.0,66.0,0.0,0.0,0.3243,너무 졸리지 않아?,눈썹도 예쁘네. 너무 진하지도 않고.,손상된 일본어 ASR + 타임스탬프 사진 + 앞뒤 문맥 추론,33.55,T4,구조검사 통과 시 유지,,45.89720468890893,38.74,P4,회귀검사 통과 시 유지
SSIS-575,사진 대조 1차 교정본,811,"01:07:30,560 --> 01:07:31,820",1.26,조금 뜨거워요.,뜨겁지 않아?,내가 벗겨도 돼?,중립·혼합형,sub_0811_4050.6s.jpg,0.04,,,25.0,90.0,50.0,78.0,75.0,0.44592,16.28,66.0,0.0,0.0,0.7857,속이 뜨거워요.,"그래, 사야.",화면 영문 자막 대조,36.72,T3,화자·문맥·자연스러움 집중 검토,,58.31830477908026,45.79,P3,말투·질문응답·가독성 위주 검토
SSIS-575,사진 대조 1차 교정본,812,"01:07:34,620 --> 01:07:35,980",1.36,내가 벗겨도 돼?,조금 뜨거워요.,네.,중립·혼합형,sub_0812_4054.6s.jpg,0.02,,,25.0,90.0,50.0,78.0,75.0,0.45198,0.0,66.0,0.0,0.0,0.2281,내가 잡아 줄게.,목욕하면서…,일본어 원문 + 타임스탬프 사진 + 장면 연속성,34.04,T4,구조검사 통과 시 유지,,48.06131650135257,39.93,P4,회귀검사 통과 시 유지
SSIS-575,사진 대조 1차 교정본,813,"01:07:37,040 --> 01:07:37,420",0.38,네.,내가 벗겨도 돼?,정장도 잘 어울리네.,반말형,sub_0813_4057.0s.jpg,0.04,,,25.0,90.0,50.0,78.0,75.0,0.00479,0.0,66.0,0.0,0.0,0.6489,"네, 네.",네.,불필요한 반복 제거,15.26,T4,구조검사 통과 시 유지,,0.2705139765554554,8.96,P4,회귀검사 통과 시 유지
SSIS-575,사진 대조 1차 교정본,814,"01:07:52,670 --> 01:07:54,270",1.6,정장도 잘 어울리네.,네.,"아뇨, 전혀 안 어울려요.",반응형,sub_0814_4072.7s.jpg,0.03,,,25.0,90.0,50.0,78.0,75.0,0.40729,0.0,66.0,0.0,0.0,0.1796,정말 잘 어울려.,평소에도 목욕 자주 해?,일본어 원문 + 타임스탬프 사진 + 장면 연속성,32.17,T4,구조검사 통과 시 유지,,40.5770964833183,35.7,P4,회귀검사 통과 시 유지
SSIS-575,사진 대조 1차 교정본,815,"01:07:55,050 --> 01:07:56,330",1.28,"아뇨, 전혀 안 어울려요.",정장도 잘 어울리네.,지금 벗겨도 돼?,반응형,sub_0815_4075.1s.jpg,0.05,,,25.0,90.0,50.0,78.0,79.0,0.69845,3.33,66.0,0.0,0.0,0.6777,정말 잘 어울려요.,물 온도 괜찮아요.,타임스탬프 사진과 앞뒤 장면으로 대사 기능 복원,45.23,T3,화자·문맥·자연스러움 집중 검토,,88.27772768259693,63.31,P2,앞뒤 5블록·사진·오류 기억을 함께 검토
SSIS-575,사진 대조 1차 교정본,816,"01:09:02,950 --> 01:09:04,370",1.42,지금 벗겨도 돼?,"아뇨, 전혀 안 어울려요.",네.,반말형,sub_0816_4142.9s.jpg,0.05,,,25.0,90.0,50.0,78.0,75.0,0.49353,0.0,66.0,0.0,0.0,0.2199,더 해줘도 돼?,더 해 줘도 돼?,,35.79,T3,화자·문맥·자연스러움 집중 검토,,54.82416591523895,43.78,P3,말투·질문응답·가독성 위주 검토
SSIS-575,사진 대조 1차 교정본,817,"01:09:04,870 --> 01:09:05,330",0.46,네.,지금 벗겨도 돼?,괜찮아.,반말형,sub_0817_4144.9s.jpg,0.03,,,25.0,90.0,50.0,78.0,75.0,0.00946,0.0,66.0,0.0,0.0,0.6489,"네, 네.",네.,불필요한 반복 제거,15.46,T4,구조검사 통과 시 유지,,2.8854824165915236,10.18,P4,회귀검사 통과 시 유지
SSIS-575,사진 대조 1차 교정본,818,"01:09:05,330 --> 01:09:06,330",1.0,괜찮아.,네.,좋아.,반응형,sub_0818_4145.3s.jpg,0.03,,,25.0,90.0,50.0,78.0,75.0,0.21846,42.0,66.0,0.0,0.0,1.0,괜찮아.,최고예요.,화면 영문 자막 대조,31.8,T4,구조검사 통과 시 유지,,38.976555455365194,34.81,P4,회귀검사 통과 시 유지
SSIS-575,사진 대조 1차 교정본,819,"01:09:21,940 --> 01:09:21,980",0.04,좋아.,괜찮아.,젖꼭지 좋아해?,반응형,sub_0819_4161.9s.jpg,0.04,,,25.0,90.0,50.0,78.0,75.0,0.16089,16.19,66.0,70.0,0.0,0.7849,"아, 좋아.","아, 들어온다.",,31.73,T4,구조검사 통과 시 유지,high_cps,38.52569882777277,34.58,P4,회귀검사 통과 시 유지
SSIS-575,사진 대조 1차 교정본,820,"01:09:21,980 --> 01:09:22,960",0.98,젖꼭지 좋아해?,좋아.,네.,반응형,sub_0820_4162.0s.jpg,0.02,,,25.0,90.0,50.0,78.0,79.0,0.49212,0.0,66.0,0.0,0.0,0.5419,유두 좋아해?,젖꼭지 좋아해?,,35.97,T3,화자·문맥·자연스러움 집중 검토,,55.455365193868346,44.15,P3,말투·질문응답·가독성 위주 검토
SSIS-575,사진 대조 1차 교정본,821,"01:09:23,980 --> 01:09:24,560",0.58,네.,젖꼭지 좋아해?,기분 좋아?,반말형,sub_0821_4164.0s.jpg,0.02,,,25.0,90.0,50.0,78.0,75.0,0.00625,0.0,66.0,0.0,0.0,0.6489,"네, 네.",네.,불필요한 반복 제거,15.32,T4,구조검사 통과 시 유지,,1.0144274120829575,9.31,P4,회귀검사 통과 시 유지
SSIS-575,사진 대조 1차 교정본,822,"01:09:25,720 --> 01:09:26,800",1.08,기분 좋아?,네.,네.,반응형,sub_0822_4165.7s.jpg,0.02,,,25.0,90.0,50.0,78.0,75.0,0.28261,0.0,66.0,0.0,0.0,0.561,"아, 거기... 기분 좋아?","아, 거기… 기분 좋아?",,26.93,T4,구조검사 통과 시 유지,,22.858431018935978,25.22,P4,회귀검사 통과 시 유지
SSIS-575,사진 대조 1차 교정본,823,"01:09:27,600 --> 01:09:28,180",0.58,네.,기분 좋아?,벗겨도 될까요?,반말형,sub_0823_4167.6s.jpg,0.0,,,25.0,90.0,50.0,78.0,75.0,0.00787,0.0,66.0,0.0,0.0,0.6489,"네, 네.",네.,불필요한 반복 제거,15.39,T4,구조검사 통과 시 유지,,1.7357980162308388,9.66,P4,회귀검사 통과 시 유지
SSIS-575,사진 대조 1차 교정본,824,"01:09:58,070 --> 01:09:59,370",1.3,벗겨도 될까요?,네.,웃음이 나?,존댓말형,sub_0824_4198.1s.jpg,0.03,,,25.0,90.0,50.0,78.0,75.0,0.43627,0.0,66.0,0.0,18.0,0.1199,후와 씨에게도 들어 볼까요?,후우아 씨의 각오도 들어 볼까요?,이름 및 문장 자연화,34.82,T4,구조검사 통과 시 유지,formality_shift,51.01442741208295,41.62,P3,말투·질문응답·가독성 위주 검토
SSIS-575,사진 대조 1차 교정본,825,"01:10:00,070 --> 01:10:00,650",0.58,웃음이 나?,벗겨도 될까요?,괜찮아.,중립·혼합형,sub_0825_4200.1s.jpg,0.03,,,25.0,90.0,50.0,78.0,75.0,0.47929,0.0,66.0,0.0,0.0,0.1157,괜찮으려나? 왜? 잘 닦이고 있나?,괜찮으려나? 왜? 잘 닦이고 있어?,일본어 원문 대조 + 자연스러운 한국어 대사 교정,35.19,T3,화자·문맥·자연스러움 집중 검토,,52.29936880072137,42.38,P3,말투·질문응답·가독성 위주 검토
SSIS-575,사진 대조 1차 교정본,826,"01:10:01,210 --> 01:10:01,690",0.48,괜찮아.,웃음이 나?,어려워?,반응형,sub_0826_4201.2s.jpg,0.01,,,25.0,90.0,50.0,78.0,75.0,0.27714,42.0,66.0,0.0,0.0,1.0,괜찮아.,최고예요.,화면 영문 자막 대조,34.26,T4,구조검사 통과 시 유지,,48.73760144274121,40.34,P3,말투·질문응답·가독성 위주 검토
SSIS-575,사진 대조 1차 교정본,827,"01:10:11,420 --> 01:10:12,580",1.16,어려워?,괜찮아.,딱딱해요.,반응형,sub_0827_4211.4s.jpg,0.02,,,25.0,90.0,50.0,78.0,75.0,0.33569,0.0,66.0,0.0,0.0,0.147,끼워?,낄까?,일본어 원문 대조 + 자연스러운 한국어 대사 교정,29.16,T4,구조검사 통과 시 유지,,29.846708746618578,29.45,P4,회귀검사 통과 시 유지
SSIS-575,사진 대조 1차 교정본,828,"01:10:13,540 --> 01:10:14,300",0.76,딱딱해요.,어려워?,괜찮아?,반말형,sub_0828_4213.5s.jpg,0.04,,,25.0,90.0,50.0,78.0,75.0,0.27402,0.0,66.0,0.0,0.0,0.3522,딱딱해...,딱딱해…,,26.57,T4,구조검사 통과 시 유지,,21.618575293056807,24.49,P4,회귀검사 통과 시 유지
SSIS-575,사진 대조 1차 교정본,829,"01:10:18,670 --> 01:10:19,830",1.16,괜찮아?,딱딱해요.,"오, 벗겼네요.",반응형,sub_0829_4218.7s.jpg,0.03,,,25.0,90.0,50.0,78.0,75.0,0.1845,0.0,66.0,0.0,0.0,0.4653,더 해줘도 돼? 더 해줘. 괜찮아?,더 해 줘도 돼? 더 해 줘. 괜찮아?,,22.81,T4,구조검사 통과 시 유지,,13.255184851217313,18.8,P4,회귀검사 통과 시 유지
SSIS-575,사진 대조 1차 교정본,830,"01:10:19,830 --> 01:10:22,310",2.48,"오, 벗겼네요.",괜찮아?,기분 좋아.,반말형,sub_0830_4219.8s.jpg,0.03,,,25.0,90.0,50.0,78.0,75.0,0.50469,0.0,66.0,0.0,0.0,0.3361,"오, 오, 오...","오, 오, 오…",,36.26,T3,화자·문맥·자연스러움 집중 검토,,56.402164111812446,44.72,P3,말투·질문응답·가독성 위주 검토
SSIS-575,사진 대조 1차 교정본,831,"01:11:38,270 --> 01:11:40,510",2.24,기분 좋아.,"오, 벗겼네요.",대단해.,반응형,sub_0831_4298.3s.jpg,0.03,,,25.0,90.0,50.0,78.0,75.0,0.47099,42.0,66.0,0.0,0.0,1.0,기분 좋아.,"아, 좋아.",화면 영문 자막 대조,42.4,T3,화자·문맥·자연스러움 집중 검토,,80.16230838593327,58.26,P2,앞뒤 5블록·사진·오류 기억을 함께 검토
SSIS-575,사진 대조 1차 교정본,832,"01:11:43,330 --> 01:11:44,170",0.84,대단해.,기분 좋아.,그대로 해도 돼?,반말형,sub_0832_4303.3s.jpg,0.03,,,25.0,90.0,50.0,78.0,75.0,0.23606,42.0,66.0,0.0,0.0,1.0,대단해.,기분 좋네.,일본어 원문 + 타임스탬프 사진 + 장면 연속성,32.53,T4,구조검사 통과 시 유지,,41.88458070333634,36.46,P4,회귀검사 통과 시 유지
SSIS-575,사진 대조 1차 교정본,833,"01:11:48,690 --> 01:11:50,050",1.36,그대로 해도 돼?,대단해.,네.,반말형,sub_0833_4308.7s.jpg,0.01,,,25.0,90.0,50.0,78.0,75.0,0.49255,0.0,66.0,0.0,0.0,0.3655,그대로 엉덩이 찍게 해줘.,그대로 엉덩이 찍게 해 줘.,,35.75,T3,화자·문맥·자연스러움 집중 검토,,54.68890892696122,43.7,P3,말투·질문응답·가독성 위주 검토
SSIS-575,사진 대조 1차 교정본,834,"01:11:51,190 --> 01:11:52,130",0.94,네.,그대로 해도 돼?,괜찮아?,반말형,sub_0834_4311.2s.jpg,0.01,,,25.0,90.0,50.0,78.0,75.0,0.00559,0.0,66.0,0.0,0.0,0.6489,"네, 네.",네.,불필요한 반복 제거,15.29,T4,구조검사 통과 시 유지,,0.563570784490532,9.1,P4,회귀검사 통과 시 유지
SSIS-575,사진 대조 1차 교정본,835,"01:12:05,170 --> 01:12:06,330",1.16,괜찮아?,네.,네.,반응형,sub_0835_4325.2s.jpg,0.03,,,25.0,90.0,50.0,78.0,75.0,0.14502,0.0,66.0,0.0,0.0,0.4653,더 해줘도 돼? 더 해줘. 괜찮아?,더 해 줘도 돼? 더 해 줘. 괜찮아?,,21.15,T4,구조검사 통과 시 유지,,11.226330027051398,16.98,P4,회귀검사 통과 시 유지
SSIS-575,사진 대조 1차 교정본,836,"01:12:06,910 --> 01:12:07,270",0.36,네.,괜찮아?,정말 괜찮아?,반말형,sub_0836_4326.9s.jpg,0.01,,,25.0,90.0,50.0,78.0,75.0,0.00884,0.0,66.0,0.0,0.0,0.6489,"네, 네.",네.,불필요한 반복 제거,15.43,T4,구조검사 통과 시 유지,,2.479711451758341,9.99,P4,회귀검사 통과 시 유지
SSIS-575,사진 대조 1차 교정본,837,"01:12:08,570 --> 01:12:09,730",1.16,정말 괜찮아?,네.,네.,반응형,sub_0837_4328.6s.jpg,0.03,,,25.0,90.0,50.0,78.0,75.0,0.37422,0.0,66.0,0.0,0.0,0.3989,더 해줘도 돼? 더 해줘. 괜찮아?,더 해 줘도 돼? 더 해 줘. 괜찮아?,,30.78,T4,구조검사 통과 시 유지,,35.07664562669071,32.58,P4,회귀검사 통과 시 유지
SSIS-575,사진 대조 1차 교정본,838,"01:12:10,230 --> 01:12:10,270",0.04,네.,정말 괜찮아?,뭔가 온몸이 짜릿해졌어요.,반말형,sub_0838_4330.2s.jpg,0.03,,,25.0,90.0,50.0,78.0,75.0,0.01287,0.0,66.0,70.0,0.0,0.6489,"네, 네.",네.,불필요한 반복 제거,22.6,T4,구조검사 통과 시 유지,high_cps,12.894499549143374,18.52,P4,회귀검사 통과 시 유지
SSIS-575,사진 대조 1차 교정본,839,"01:12:11,010 --> 01:12:14,270",3.26,뭔가 온몸이 짜릿해졌어요.,네.,좋아해요.,반응형,sub_0839_4331.0s.jpg,0.01,,,25.0,90.0,50.0,78.0,75.0,0.54708,0.0,66.0,0.0,0.0,0.3025,온몸이 엉망이 됐어.,몸에 다 묻었네.,일본어 원문 대조 + 자연스러운 한국어 대사 교정,38.04,T3,화자·문맥·자연스러움 집중 검토,,64.02164111812444,48.95,P3,말투·질문응답·가독성 위주 검토
SSIS-575,사진 대조 1차 교정본,840,"01:12:35,410 --> 01:12:38,370",2.96,좋아해요.,뭔가 온몸이 짜릿해졌어요.,젖꼭지도 입에 넣어 봐.,반응형,sub_0840_4355.4s.jpg,0.01,,,25.0,90.0,50.0,78.0,75.0,0.29637,9.73,66.0,0.0,0.0,0.731,유두를 좋아해요.,젖꼭지를 좋아해요.,,29.26,T4,구조검사 통과 시 유지,,30.027051397655548,29.58,P4,회귀검사 통과 시 유지
SSIS-575,사진 대조 1차 교정본,841,"01:12:40,850 --> 01:12:49,070",8.22,젖꼭지도 입에 넣어 봐.,좋아해요.,점점 뜨거워지네.,반응형,sub_0841_4360.9s.jpg,0.05,,,25.0,90.0,50.0,78.0,83.0,0.85253,0.0,66.0,0.0,0.0,0.527,유두도 입에 넣어 봐.,젖꼭지도 입에 넣어 봐.,,51.35,T3,화자·문맥·자연스러움 집중 검토,,97.97114517583408,70.93,P2,앞뒤 5블록·사진·오류 기억을 함께 검토
SSIS-575,사진 대조 1차 교정본,842,"01:12:58,410 --> 01:12:59,810",1.4,점점 뜨거워지네.,젖꼭지도 입에 넣어 봐.,기분 좋아?,반말형,sub_0842_4378.4s.jpg,0.01,,,25.0,90.0,50.0,78.0,75.0,0.5335,0.0,66.0,0.0,0.0,0.2695,점점 더...,점점 더…,,37.47,T3,화자·문맥·자연스러움 집중 검토,,61.31650135256989,47.49,P3,말투·질문응답·가독성 위주 검토
SSIS-575,사진 대조 1차 교정본,843,"01:13:13,770 --> 01:13:14,710",0.94,기분 좋아?,점점 뜨거워지네.,네.,반응형,sub_0843_4393.8s.jpg,0.03,,,25.0,90.0,50.0,78.0,75.0,0.32948,0.0,66.0,0.0,0.0,0.561,"아, 거기... 기분 좋아?","아, 거기… 기분 좋아?",,28.9,T4,구조검사 통과 시 유지,,28.944995491433723,28.92,P4,회귀검사 통과 시 유지
SSIS-575,사진 대조 1차 교정본,844,"01:13:15,650 --> 01:13:16,130",0.48,네.,기분 좋아?,다음에는…,반말형,sub_0844_4395.6s.jpg,0.05,,,25.0,90.0,50.0,78.0,75.0,0.01002,0.0,66.0,0.0,0.0,0.6489,"네, 네.",네.,불필요한 반복 제거,15.48,T4,구조검사 통과 시 유지,,3.1785392245266006,10.31,P4,회귀검사 통과 시 유지
SSIS-575,사진 대조 1차 교정본,845,"01:14:01,510 --> 01:14:02,670",1.16,다음에는…,네.,손가락으로 해 본 적 있어?,중립·혼합형,sub_0845_4441.5s.jpg,0.01,,,25.0,90.0,50.0,78.0,75.0,0.2873,0.0,66.0,0.0,0.0,0.5448,"그다음에는, 그다음에는…",그리고 또 어디 갔어?,손상된 일본어 ASR + 타임스탬프 사진 + 앞뒤 문맥 추론,27.13,T4,구조검사 통과 시 유지,,23.6248872858431,25.66,P4,회귀검사 통과 시 유지
SSIS-575,사진 대조 1차 교정본,846,"01:14:08,390 --> 01:14:10,530",2.14,손가락으로 해 본 적 있어?,다음에는…,손가락이요?,반응형,sub_0846_4448.4s.jpg,0.01,,,25.0,90.0,50.0,78.0,75.0,0.59203,0.0,66.0,0.0,0.0,0.5884,해 본 적 있어?,해 봤어?,일본어 원문 대조 + 자연스러운 한국어 대사 교정,39.93,T3,화자·문맥·자연스러움 집중 검토,,71.73128944995491,53.29,P3,말투·질문응답·가독성 위주 검토
SSIS-575,사진 대조 1차 교정본,847,"01:14:11,430 --> 01:14:12,830",1.4,손가락이요?,손가락으로 해 본 적 있어?,없어요.,중립·혼합형,sub_0847_4451.4s.jpg,0.03,,,25.0,90.0,50.0,78.0,75.0,0.27215,0.0,66.0,0.0,0.0,0.1778,손가락도 엉덩이도 좋아? 이쪽도 빨아 줄까?,손가락도 엉덩이도 좋아? 이쪽도 핥아 줄까?,일본어 원문 대조 + 자연스러운 한국어 대사 교정,26.49,T4,구조검사 통과 시 유지,,21.37060414788097,24.34,P4,회귀검사 통과 시 유지
SSIS-575,사진 대조 1차 교정본,848,"01:14:14,750 --> 01:14:15,870",1.12,없어요.,손가락이요?,없어?,반응형,sub_0848_4454.8s.jpg,0.05,,,25.0,90.0,50.0,78.0,75.0,0.3266,1.81,66.0,0.0,0.0,0.6651,아무도 없어요.,아무도 안 보잖아.,타임스탬프 사진과 장면 흐름으로 명백한 오인식 교정,29.1,T4,구조검사 통과 시 유지,,29.711451758340846,29.36,P4,회귀검사 통과 시 유지
SSIS-575,사진 대조 1차 교정본,849,"01:14:16,010 --> 01:14:16,170",0.16,없어?,없어요.,해 줘도 될까?,반응형,sub_0849_4456.0s.jpg,0.01,,,25.0,90.0,50.0,78.0,75.0,0.40195,42.0,66.0,25.0,0.0,1.0,없어?,진짜로?,일본어 원문 대조 + 자연스러운 한국어 대사 교정,42.0,T3,화자·문맥·자연스러움 집중 검토,borderline_cps,79.08025247971146,57.57,P3,말투·질문응답·가독성 위주 검토
SSIS-575,사진 대조 1차 교정본,850,"01:14:17,130 --> 01:14:18,710",1.58,해 줘도 될까?,없어?,네.,반말형,sub_0850_4457.1s.jpg,0.03,,,25.0,90.0,50.0,78.0,75.0,0.66229,0.0,66.0,0.0,0.0,0.1931,더 해줘도 돼?,더 해 줘도 돼?,,42.88,T3,화자·문맥·자연스러움 집중 검토,,82.19116321009918,59.39,P2,앞뒤 5블록·사진·오류 기억을 함께 검토
SSIS-575,사진 대조 1차 교정본,851,"01:14:20,150 --> 01:14:20,790",0.64,네.,해 줘도 될까?,네.,반말형,sub_0851_4460.1s.jpg,0.05,,,25.0,90.0,50.0,78.0,75.0,0.00838,0.0,66.0,0.0,0.0,0.6489,"네, 네.",네.,불필요한 반복 제거,15.41,T4,구조검사 통과 시 유지,,2.0513976555455367,9.8,P4,회귀검사 통과 시 유지
SSIS-575,사진 대조 1차 교정본,852,"01:14:22,070 --> 01:14:22,630",0.56,네.,네.,네.,반말형,sub_0852_4462.1s.jpg,0.03,,,25.0,90.0,50.0,78.0,75.0,0.00618,0.0,66.0,0.0,30.0,0.6489,"네, 네.",네.,불필요한 반복 제거,17.72,T4,구조검사 통과 시 유지,triple_identical_run,8.881875563570784,14.01,P4,회귀검사 통과 시 유지
SSIS-575,사진 대조 1차 교정본,853,"01:14:22,890 --> 01:14:23,390",0.5,네.,네.,영차.,반말형,sub_0853_4462.9s.jpg,0.01,,,25.0,90.0,50.0,78.0,75.0,0.00878,0.0,66.0,0.0,0.0,0.6489,"네, 네.",네.,불필요한 반복 제거,15.43,T4,구조검사 통과 시 유지,,2.479711451758341,9.99,P4,회귀검사 통과 시 유지
SSIS-575,사진 대조 1차 교정본,854,"01:14:23,390 --> 01:14:23,790",0.4,영차.,네.,어딘지 알겠어?,중립·혼합형,sub_0854_4463.4s.jpg,0.01,,,25.0,90.0,50.0,78.0,75.0,0.35796,42.0,66.0,0.0,0.0,1.0,영차.,자.,타임스탬프 사진과 앞뒤 장면으로 대사 기능 복원,37.65,T3,화자·문맥·자연스러움 집중 검토,,62.33092876465284,48.02,P3,말투·질문응답·가독성 위주 검토
SSIS-575,사진 대조 1차 교정본,855,"01:14:52,220 --> 01:14:53,340",1.12,어딘지 알겠어?,영차.,네.,반응형,sub_0855_4492.2s.jpg,0.02,,,25.0,90.0,50.0,78.0,75.0,0.57002,0.0,66.0,0.0,0.0,0.2674,왠지 알겠어.,어떻게 알았어?,손상된 일본어 ASR + 타임스탬프 사진 + 앞뒤 문맥 추론,39.0,T3,화자·문맥·자연스러움 집중 검토,,67.87646528403968,51.13,P3,말투·질문응답·가독성 위주 검토
SSIS-575,사진 대조 1차 교정본,856,"01:14:54,900 --> 01:14:55,460",0.56,네.,어딘지 알겠어?,"아, 굉장해.",반말형,sub_0856_4494.9s.jpg,0.0,,,25.0,90.0,50.0,78.0,75.0,0.00944,0.0,66.0,0.0,0.0,0.6489,"네, 네.",네.,불필요한 반복 제거,15.46,T4,구조검사 통과 시 유지,,2.8854824165915236,10.18,P4,회귀검사 통과 시 유지
SSIS-575,사진 대조 1차 교정본,857,"01:14:56,280 --> 01:15:02,610",6.33,"아, 굉장해.",네.,두 개.,반응형,sub_0857_4496.3s.jpg,0.02,,,25.0,90.0,50.0,78.0,75.0,0.31497,42.0,66.0,0.0,0.0,1.0,"아, 굉장해.","아, 엄청나.",,35.85,T3,화자·문맥·자연스러움 집중 검토,,55.00450856627592,43.89,P3,말투·질문응답·가독성 위주 검토
SSIS-575,사진 대조 1차 교정본,858,"01:15:09,890 --> 01:15:10,490",0.6,두 개.,"아, 굉장해.",넣을 수 있을까?,중립·혼합형,sub_0858_4509.9s.jpg,0.01,,,25.0,90.0,50.0,78.0,75.0,0.33943,0.0,66.0,0.0,0.0,0.2126,"두 번째, 두 번째로.",이번엔 두 번째로.,사진 장면 확인 및 한국어 번역투·ASR 오역 교정,29.32,T4,구조검사 통과 시 유지,,30.320108205590625,29.74,P4,회귀검사 통과 시 유지
SSIS-575,사진 대조 1차 교정본,859,"01:15:13,520 --> 01:15:14,760",1.24,넣을 수 있을까?,두 개.,봐도 돼요?,중립·혼합형,sub_0859_4513.5s.jpg,0.02,,,25.0,90.0,50.0,78.0,79.0,0.64694,0.0,66.0,0.0,0.0,0.3279,참을 수 있을까...,참을 수 있을까…,,42.47,T3,화자·문맥·자연스러움 집중 검토,,80.56807935076645,58.47,P2,앞뒤 5블록·사진·오류 기억을 함께 검토
SSIS-575,사진 대조 1차 교정본,860,"01:15:20,590 --> 01:15:21,750",1.16,봐도 돼요?,넣을 수 있을까?,괜찮아. 부끄럽지만.,중립·혼합형,sub_0860_4520.6s.jpg,0.01,,,25.0,90.0,50.0,78.0,75.0,0.41717,0.0,66.0,0.0,0.0,0.4929,말해도 돼요?,이제 해도 돼요?,타임스탬프 사진과 앞뒤 장면으로 대사 기능 복원,32.58,T4,구조검사 통과 시 유지,,42.20018034265104,36.62,P4,회귀검사 통과 시 유지
SSIS-575,사진 대조 1차 교정본,861,"01:15:22,490 --> 01:15:25,010",2.52,괜찮아. 부끄럽지만.,봐도 돼요?,부끄러워요.,반응형,sub_0861_4522.5s.jpg,0.01,,,25.0,90.0,50.0,78.0,75.0,0.50233,0.0,66.0,0.0,0.0,0.4662,괜찮아.,최고예요.,화면 영문 자막 대조,36.16,T3,화자·문맥·자연스러움 집중 검토,,56.266907123534715,44.6,P3,말투·질문응답·가독성 위주 검토
SSIS-575,사진 대조 1차 교정본,862,"01:15:46,890 --> 01:15:48,470",1.58,부끄러워요.,괜찮아. 부끄럽지만.,조금 미끈거리네.,중립·혼합형,sub_0862_4546.9s.jpg,0.01,,,25.0,90.0,50.0,78.0,75.0,0.34376,0.0,66.0,0.0,0.0,0.3991,부끄러워...,부끄러워…,,29.5,T4,구조검사 통과 시 유지,,30.748422001803426,30.02,P4,회귀검사 통과 시 유지
SSIS-575,사진 대조 1차 교정본,863,"01:15:48,470 --> 01:15:50,050",1.58,조금 미끈거리네.,부끄러워요.,들어갔어?,반말형,sub_0863_4548.5s.jpg,0.03,,,25.0,90.0,50.0,78.0,75.0,0.57274,0.0,66.0,0.0,0.0,0.1873,느리네.,천천히 해.,손상된 일본어 ASR + 타임스탬프 사진 + 앞뒤 문맥 추론,39.11,T3,화자·문맥·자연스러움 집중 검토,,68.30477908025247,51.37,P3,말투·질문응답·가독성 위주 검토
SSIS-575,사진 대조 1차 교정본,864,"01:15:54,540 --> 01:15:55,560",1.02,들어갔어?,조금 미끈거리네.,그런 것 같아요.,반응형,sub_0864_4554.5s.jpg,0.04,,,25.0,90.0,50.0,78.0,75.0,0.38416,0.0,66.0,0.0,0.0,0.5216,안 들어갔어.,밖 좀 봐봐.,일본어 원문 + 타임스탬프 사진 + 장면 연속성,31.19,T4,구조검사 통과 시 유지,,36.81244364292155,33.55,P4,회귀검사 통과 시 유지
SSIS-575,사진 대조 1차 교정본,865,"01:15:57,620 --> 01:15:58,740",1.12,그런 것 같아요.,들어갔어?,천천히 넣어 봐.,반응형,sub_0865_4557.6s.jpg,0.02,,,25.0,90.0,50.0,78.0,75.0,0.69761,0.0,66.0,0.0,0.0,0.6358,기쁠 것 같아요.,그러면 기쁠 것 같아요.,사진 장면 확인 및 한국어 번역투·ASR 오역 교정,44.36,T3,화자·문맥·자연스러움 집중 검토,,86.15870153291253,61.92,P2,앞뒤 5블록·사진·오류 기억을 함께 검토
SSIS-575,사진 대조 1차 교정본,866,"01:16:03,090 --> 01:16:05,650",2.56,천천히 넣어 봐.,그런 것 같아요.,어때?,반응형,sub_0866_4563.1s.jpg,0.01,,,25.0,90.0,50.0,78.0,79.0,0.75223,0.0,66.0,0.0,0.0,0.5614,천천히 해 줘.,"좋네. 잠깐, 어떻게 돼 있었지?",일본어 원문 + 타임스탬프 사진 + 장면 연속성,46.89,T3,화자·문맥·자연스러움 집중 검토,,91.81695220919748,65.76,P2,앞뒤 5블록·사진·오류 기억을 함께 검토
SSIS-575,사진 대조 1차 교정본,867,"01:16:21,580 --> 01:16:22,140",0.56,어때?,천천히 넣어 봐.,"꽉, 꽉 조이는 느낌인데 아프지 않아요?",반응형,sub_0867_4581.6s.jpg,0.02,,,25.0,90.0,50.0,78.0,75.0,0.26482,0.0,66.0,0.0,0.0,0.6352,어때? 맛은?,어때? 맛 평가해 줘.,일본어 원문 대조 + 자연스러운 한국어 대사 교정,26.18,T4,구조검사 통과 시 유지,,20.42380522993688,23.76,P4,회귀검사 통과 시 유지
SSIS-575,사진 대조 1차 교정본,868,"01:16:27,260 --> 01:16:39,760",12.5,"꽉, 꽉 조이는 느낌인데 아프지 않아요?",어때?,안 아파.,반말형,sub_0868_4587.3s.jpg,0.04,,,25.0,90.0,50.0,78.0,75.0,0.56172,0.0,66.0,0.0,0.0,0.1768,펭귄 정말 좋아해요. 귀엽지 않아요? 걷는 모습이 귀여워요.,펭귄이 정말 귀엽지 않아요? 걷는 모습이 특히 귀여워요.,사진 장면 확인 및 한국어 번역투·ASR 오역 교정,38.65,T3,화자·문맥·자연스러움 집중 검토,,66.726780883679,50.44,P3,말투·질문응답·가독성 위주 검토
SSIS-575,사진 대조 1차 교정본,869,"01:16:39,900 --> 01:16:40,620",0.72,안 아파.,"꽉, 꽉 조이는 느낌인데 아프지 않아요?",그대로 천천히 움직여 봐.,반응형,sub_0869_4599.9s.jpg,0.0,,,25.0,90.0,50.0,78.0,75.0,0.29066,6.9,66.0,0.0,0.0,0.7075,배가 아파.,안쪽이 아파.,,28.51,T4,구조검사 통과 시 유지,,27.547339945897203,28.11,P4,회귀검사 통과 시 유지
SSIS-575,사진 대조 1차 교정본,870,"01:16:46,310 --> 01:16:48,890",2.58,그대로 천천히 움직여 봐.,안 아파.,네.,중립·혼합형,sub_0870_4606.3s.jpg,0.01,,,25.0,90.0,50.0,78.0,79.0,0.70175,0.0,66.0,0.0,0.0,0.5694,천천히 움직여 줘요...,천천히 움직여 줘요…,,44.77,T3,화자·문맥·자연스러움 집중 검토,,87.03787195671777,62.52,P2,앞뒤 5블록·사진·오류 기억을 함께 검토
SSIS-575,사진 대조 1차 교정본,871,"01:16:49,890 --> 01:16:50,230",0.34,네.,그대로 천천히 움직여 봐.,기분 좋아.,반말형,sub_0871_4609.9s.jpg,0.01,,,25.0,90.0,50.0,78.0,75.0,0.00728,0.0,66.0,0.0,0.0,0.6489,"네, 네.",네.,불필요한 반복 제거,15.37,T4,구조검사 통과 시 유지,,1.6005410279531107,9.59,P4,회귀검사 통과 시 유지
SSIS-575,사진 대조 1차 교정본,872,"01:17:10,800 --> 01:17:12,260",1.46,기분 좋아.,네.,기분 좋아요.,반응형,sub_0872_4630.8s.jpg,0.0,,,25.0,90.0,50.0,78.0,75.0,0.24616,42.0,66.0,0.0,0.0,1.0,기분 좋아.,"아, 좋아.",화면 영문 자막 대조,32.96,T4,구조검사 통과 시 유지,,43.84580703336339,37.53,P4,회귀검사 통과 시 유지
SSIS-575,사진 대조 1차 교정본,873,"01:17:17,190 --> 01:17:19,990",2.8,기분 좋아요.,기분 좋아.,위쪽은 오돌토돌해.,반응형,sub_0873_4637.2s.jpg,0.01,,,25.0,90.0,50.0,78.0,75.0,0.4726,42.0,66.0,0.0,0.0,1.0,기분 좋아요.,"아, 좋아요.",화면 영문 자막 대조,42.47,T3,화자·문맥·자연스러움 집중 검토,,80.56807935076645,58.47,P2,앞뒤 5블록·사진·오류 기억을 함께 검토
SSIS-575,사진 대조 1차 교정본,874,"01:17:28,650 --> 01:17:31,610",2.96,위쪽은 오돌토돌해.,기분 좋아요.,오돌토돌해요.,반말형,sub_0874_4648.6s.jpg,0.05,,,25.0,90.0,50.0,78.0,75.0,0.55983,0.0,66.0,0.0,0.0,0.0868,그 안쪽은 두 번째야.,안쪽이 더 좋아?,타임스탬프 사진과 장면 흐름으로 명백한 오인식 교정,38.57,T3,화자·문맥·자연스러움 집중 검토,,66.14066726780884,50.15,P3,말투·질문응답·가독성 위주 검토
SSIS-575,사진 대조 1차 교정본,875,"01:17:42,370 --> 01:17:43,090",0.72,오돌토돌해요.,위쪽은 오돌토돌해.,기분 좋아.,반말형,sub_0875_4662.4s.jpg,0.03,,,25.0,90.0,50.0,78.0,75.0,0.29415,0.0,66.0,0.0,0.0,0.0876,유두를 좋아해요.,젖꼭지를 좋아해요.,,27.41,T4,구조검사 통과 시 유지,,24.391343552750225,26.14,P4,회귀검사 통과 시 유지
SSIS-575,사진 대조 1차 교정본,876,"01:17:43,090 --> 01:17:44,350",1.26,기분 좋아.,오돌토돌해요.,어때?,반응형,sub_0876_4663.1s.jpg,0.01,,,25.0,90.0,50.0,78.0,75.0,0.18795,42.0,66.0,0.0,0.0,1.0,기분 좋아.,"아, 좋아.",화면 영문 자막 대조,30.51,T4,구조검사 통과 시 유지,,34.08476104598738,32.01,P4,회귀검사 통과 시 유지
SSIS-575,사진 대조 1차 교정본,877,"01:18:13,950 --> 01:18:14,670",0.72,어때?,기분 좋아.,그렇게 어렵지 않지?,반응형,sub_0877_4693.9s.jpg,0.05,,,25.0,90.0,50.0,78.0,75.0,0.22999,0.0,66.0,0.0,0.0,0.6352,어때? 맛은?,어때? 맛 평가해 줘.,일본어 원문 대조 + 자연스러운 한국어 대사 교정,24.72,T4,구조검사 통과 시 유지,,16.997294860234447,21.48,P4,회귀검사 통과 시 유지
SSIS-575,사진 대조 1차 교정본,878,"01:18:16,270 --> 01:18:18,350",2.08,그렇게 어렵지 않지?,어때?,다음에는 이걸 핥아 본 적 있어?,반응형,sub_0878_4696.3s.jpg,0.03,,,25.0,90.0,50.0,78.0,75.0,0.55504,0.0,66.0,0.0,0.0,0.192,그렇게 하면 안쪽이 꽉 차는 것 같아.,그렇게 하니까 안이 꽉 차네.,손상된 일본어 ASR + 타임스탬프 사진 + 앞뒤 문맥 추론,38.37,T3,화자·문맥·자연스러움 집중 검토,,65.32912533814248,49.69,P3,말투·질문응답·가독성 위주 검토
SSIS-575,사진 대조 1차 교정본,879,"01:18:22,930 --> 01:18:27,370",4.44,다음에는 이걸 핥아 본 적 있어?,그렇게 어렵지 않지?,핥아 본 적.,중립·혼합형,sub_0879_4702.9s.jpg,0.03,,,25.0,90.0,50.0,78.0,79.0,0.84112,0.0,66.0,0.0,0.0,0.5139,해 본 적 있어?,해 봤어?,일본어 원문 대조 + 자연스러운 한국어 대사 교정,50.63,T3,화자·문맥·자연스러움 집중 검토,,97.2497745716862,70.21,P2,앞뒤 5블록·사진·오류 기억을 함께 검토
SSIS-575,사진 대조 1차 교정본,880,"01:18:28,430 --> 01:18:29,730",1.3,핥아 본 적.,다음에는 이걸 핥아 본 적 있어?,없어?,반응형,sub_0880_4708.4s.jpg,0.03,,,25.0,90.0,50.0,78.0,79.0,0.75732,0.0,66.0,0.0,0.0,0.3336,빨리 핥아 봐.,빨리 핥아 줘.,화자 말투 자연화,47.11,T3,화자·문맥·자연스러움 집중 검토,,92.22272317403066,66.06,P2,앞뒤 5블록·사진·오류 기억을 함께 검토
SSIS-575,사진 대조 1차 교정본,881,"01:18:30,210 --> 01:18:30,850",0.64,없어?,핥아 본 적.,없어요.,반응형,sub_0881_4710.2s.jpg,0.01,,,25.0,90.0,50.0,78.0,75.0,0.35297,42.0,66.0,0.0,0.0,1.0,없어?,진짜로?,일본어 원문 대조 + 자연스러운 한국어 대사 교정,37.44,T3,화자·문맥·자연스러움 집중 검토,,61.181244364292155,47.41,P3,말투·질문응답·가독성 위주 검토
SSIS-575,사진 대조 1차 교정본,882,"01:18:31,110 --> 01:18:31,570",0.46,없어요.,없어?,해 볼래?,반응형,sub_0882_4711.1s.jpg,0.01,,,25.0,90.0,50.0,78.0,75.0,0.41179,1.81,66.0,0.0,0.0,0.6651,아무도 없어요.,아무도 안 보잖아.,타임스탬프 사진과 장면 흐름으로 명백한 오인식 교정,32.68,T4,구조검사 통과 시 유지,,42.60595130748422,36.85,P4,회귀검사 통과 시 유지
SSIS-575,사진 대조 1차 교정본,883,"01:18:32,930 --> 01:18:33,950",1.02,해 볼래?,없어요.,네.,반말형,sub_0883_4712.9s.jpg,0.03,,,25.0,90.0,50.0,78.0,75.0,0.43546,0.0,66.0,0.0,0.0,0.2761,저쪽에서도 해볼래?,저쪽에서도 해 볼래?,,33.35,T4,구조검사 통과 시 유지,,45.17583408476105,38.32,P4,회귀검사 통과 시 유지
SSIS-575,사진 대조 1차 교정본,884,"01:18:35,450 --> 01:18:36,090",0.64,네.,해 볼래?,어느 쪽을요?,반말형,sub_0884_4715.4s.jpg,0.05,,,25.0,90.0,50.0,78.0,75.0,0.0127,0.0,66.0,0.0,0.0,0.6489,"네, 네.",네.,불필요한 반복 제거,15.59,T4,구조검사 통과 시 유지,,4.080252479711452,10.76,P4,회귀검사 통과 시 유지
SSIS-575,사진 대조 1차 교정본,885,"01:18:36,810 --> 01:18:52,390",15.58,어느 쪽을요?,네.,나는…,반응형,sub_0885_4716.8s.jpg,0.01,,,25.0,90.0,50.0,78.0,75.0,0.39957,0.0,66.0,0.0,0.0,0.2869,어느 쪽이야?,어디가 좋아?,손상된 일본어 ASR + 타임스탬프 사진 + 앞뒤 문맥 추론,31.84,T4,구조검사 통과 시 유지,,39.15689810640217,34.91,P4,회귀검사 통과 시 유지
SSIS-575,사진 대조 1차 교정본,886,"01:18:55,390 --> 01:18:56,310",0.92,나는…,어느 쪽을요?,천천히 하면 알겠어?,중립·혼합형,sub_0886_4735.4s.jpg,0.01,,,25.0,90.0,50.0,78.0,75.0,0.335,0.0,66.0,0.0,0.0,0.1923,저는…,더 해 줘.,타임스탬프 사진과 장면 흐름으로 명백한 오인식 교정,29.13,T4,구조검사 통과 시 유지,,29.756537421100088,29.39,P4,회귀검사 통과 시 유지
SSIS-575,사진 대조 1차 교정본,887,"01:18:56,430 --> 01:18:59,250",2.82,천천히 하면 알겠어?,나는…,여기를 핥아 주는 걸 좋아해.,반응형,sub_0887_4736.4s.jpg,0.03,,,25.0,90.0,50.0,78.0,75.0,0.63286,0.0,66.0,0.0,0.0,0.6134,천천히 하면 돼.,천천히 하면 괜찮아.,일본어 원문 대조 + 자연스러운 한국어 대사 교정,41.64,T3,화자·문맥·자연스러움 집중 검토,,78.20108205590623,57.0,P3,말투·질문응답·가독성 위주 검토
SSIS-575,사진 대조 1차 교정본,888,"01:19:06,100 --> 01:19:09,080",2.98,여기를 핥아 주는 걸 좋아해.,천천히 하면 알겠어?,알겠습니다.,반응형,sub_0888_4746.1s.jpg,0.0,,,25.0,90.0,50.0,78.0,79.0,0.83565,0.0,66.0,0.0,18.0,0.3996,고환 좋아해.,불알 좋아해.,,51.84,T3,화자·문맥·자연스러움 집중 검토,formality_shift,98.1965734896303,71.31,P2,앞뒤 5블록·사진·오류 기억을 함께 검토
SSIS-575,사진 대조 1차 교정본,889,"01:19:10,000 --> 01:19:10,800",0.8,알겠습니다.,여기를 핥아 주는 걸 좋아해.,"그래, 잘하네.",존댓말형,sub_0889_4750.0s.jpg,0.0,,,25.0,90.0,50.0,78.0,75.0,0.27282,0.0,66.0,0.0,35.0,0.5849,정말 바로 시작이네요. 알겠습니다.,정말 바로 시작하네요. 알겠습니다.,한국어 어순 교정,29.32,T4,구조검사 통과 시 유지,formality_jump,30.320108205590625,29.74,P4,회귀검사 통과 시 유지
SSIS-575,사진 대조 1차 교정본,890,"01:19:28,660 --> 01:19:29,460",0.8,"그래, 잘하네.",알겠습니다.,기분 좋아.,반말형,sub_0890_4768.7s.jpg,0.04,,,25.0,90.0,50.0,78.0,75.0,0.3808,0.0,66.0,0.0,0.0,0.4924,잘하네...,잘하네…,,31.05,T4,구조검사 통과 시 유지,,36.24887285843102,33.23,P4,회귀검사 통과 시 유지
SSIS-575,사진 대조 1차 교정본,891,"01:20:15,330 --> 01:20:16,890",1.56,기분 좋아.,"그래, 잘하네.",기분 좋아.,반응형,sub_0891_4815.3s.jpg,0.03,,,25.0,90.0,50.0,78.0,75.0,0.18117,42.0,66.0,0.0,0.0,1.0,기분 좋아.,"아, 좋아.",화면 영문 자막 대조,30.23,T4,구조검사 통과 시 유지,,33.047790802524794,31.41,P4,회귀검사 통과 시 유지
SSIS-575,사진 대조 1차 교정본,892,"01:20:16,890 --> 01:20:17,010",0.12,기분 좋아.,기분 좋아.,여기예요?,반응형,sub_0892_4816.9s.jpg,0.01,,,25.0,90.0,50.0,78.0,75.0,0.24126,42.0,66.0,70.0,0.0,1.0,기분 좋아.,"아, 좋아.",화면 영문 자막 대조,39.75,T3,화자·문맥·자연스러움 집중 검토,high_cps,71.05500450856627,52.9,P3,말투·질문응답·가독성 위주 검토
SSIS-575,사진 대조 1차 교정본,893,"01:20:18,230 --> 01:20:18,990",0.76,여기예요?,기분 좋아.,응.,존댓말형,sub_0893_4818.2s.jpg,0.03,,,25.0,90.0,50.0,78.0,75.0,0.23525,0.0,66.0,0.0,18.0,0.1397,그럼 왜 그런 영상을 보낸 거예요?,너무 세…,타임스탬프 사진으로 장면 불일치 확인 후 재복원,26.38,T4,구조검사 통과 시 유지,formality_shift,21.009918845807032,24.12,P4,회귀검사 통과 시 유지
SSIS-575,사진 대조 1차 교정본,894,"01:20:19,390 --> 01:20:19,650",0.26,응.,여기예요?,응.,반응형,sub_0894_4819.4s.jpg,0.01,,,25.0,90.0,50.0,78.0,75.0,0.01675,0.0,66.0,0.0,0.0,0.4021,"하-, 응.",하아… 응.,,15.76,T4,구조검사 통과 시 유지,,5.207394048692516,11.33,P4,회귀검사 통과 시 유지
SSIS-575,사진 대조 1차 교정본,895,"01:20:22,790 --> 01:20:23,590",0.8,응.,응.,그대로 해.,반응형,sub_0895_4822.8s.jpg,0.01,,,25.0,90.0,50.0,78.0,75.0,0.01784,0.0,66.0,0.0,0.0,0.4021,"하-, 응.",하아… 응.,,15.81,T4,구조검사 통과 시 유지,,5.522993688007214,11.49,P4,회귀검사 통과 시 유지
SSIS-575,사진 대조 1차 교정본,896,"01:21:03,760 --> 01:21:05,680",1.92,그대로 해.,응.,응.,반말형,sub_0896_4863.8s.jpg,0.04,,,25.0,90.0,50.0,78.0,75.0,0.36376,0.0,66.0,0.0,0.0,0.4395,그대로 엉덩이 찍게 해줘.,그대로 엉덩이 찍게 해 줘.,,30.34,T4,구조검사 통과 시 유지,,33.43101893597836,31.64,P4,회귀검사 통과 시 유지
SSIS-575,사진 대조 1차 교정본,897,"01:21:05,680 --> 01:21:06,280",0.6,응.,그대로 해.,"계속, 계속.",반응형,sub_0897_4865.7s.jpg,0.02,,,25.0,90.0,50.0,78.0,75.0,0.03054,0.0,66.0,0.0,0.0,0.4021,"하-, 응.",하아… 응.,,16.34,T4,구조검사 통과 시 유지,,7.8449053201082055,12.77,P4,회귀검사 통과 시 유지
SSIS-575,사진 대조 1차 교정본,898,"01:21:41,300 --> 01:21:43,300",2.0,"계속, 계속.",응.,수고했어.,중립·혼합형,sub_0898_4901.3s.jpg,0.0,,,25.0,90.0,50.0,78.0,75.0,0.5301,0.0,66.0,0.0,0.0,0.2158,기분 좋다기보다는 계속...,기분 좋다기보다는 계속…,,37.32,T3,화자·문맥·자연스러움 집중 검토,,60.41478809738503,47.02,P3,말투·질문응답·가독성 위주 검토
SSIS-575,사진 대조 1차 교정본,899,"01:21:50,280 --> 01:21:53,100",2.82,수고했어.,"계속, 계속.",정말 잘했어.,반응형,sub_0899_4910.3s.jpg,0.02,,,25.0,90.0,50.0,78.0,75.0,0.49818,0.0,66.0,0.0,0.0,0.1577,계속 생각했어.,부끄러워? 뭔가 야하네.,일본어 원문 + 타임스탬프 사진 + 장면 연속성,35.98,T3,화자·문맥·자연스러움 집중 검토,,55.52299368800722,44.19,P3,말투·질문응답·가독성 위주 검토
SSIS-575,사진 대조 1차 교정본,900,"01:21:53,320 --> 01:21:54,600",1.28,정말 잘했어.,수고했어.,정말요?,반응형,sub_0900_4913.3s.jpg,0.02,,,25.0,90.0,50.0,78.0,75.0,0.48965,0.0,66.0,0.0,0.0,0.2573,정말 좋아.,거기 좋아.,타임스탬프 사진과 장면 흐름으로 명백한 오인식 교정,35.63,T3,화자·문맥·자연스러움 집중 검토,,54.17042380522994,43.42,P3,말투·질문응답·가독성 위주 검토
SSIS-575,사진 대조 1차 교정본,901,"01:21:54,860 --> 01:21:55,580",0.72,정말요?,정말 잘했어.,자지 핥아도 돼?,중립·혼합형,sub_0901_4914.9s.jpg,0.04,,,25.0,90.0,50.0,78.0,75.0,0.27546,0.0,66.0,0.0,0.0,0.1495,정말?,응.,일본어 원문 + 타임스탬프 사진 + 장면 연속성,26.63,T4,구조검사 통과 시 유지,,21.731289449954915,24.57,P4,회귀검사 통과 시 유지
SSIS-575,사진 대조 1차 교정본,902,"01:22:03,030 --> 01:22:04,250",1.22,자지 핥아도 돼?,정말요?,네.,반응형,sub_0902_4923.0s.jpg,0.03,,,25.0,90.0,50.0,78.0,79.0,0.64337,0.0,66.0,0.0,0.0,0.2536,자지 안 넣을 거야.,아직은 안 넣을 거야.,손상된 일본어 ASR + 타임스탬프 사진 + 앞뒤 문맥 추론,42.32,T3,화자·문맥·자연스러움 집중 검토,,79.98196573489629,58.14,P2,앞뒤 5블록·사진·오류 기억을 함께 검토
SSIS-575,사진 대조 1차 교정본,903,"01:22:06,130 --> 01:22:06,650",0.52,네.,자지 핥아도 돼?,금방 또 서려나?,반말형,sub_0903_4926.1s.jpg,0.03,,,25.0,90.0,50.0,78.0,75.0,0.00893,0.0,66.0,0.0,0.0,0.6489,"네, 네.",네.,불필요한 반복 제거,15.44,T4,구조검사 통과 시 유지,,2.6825969341749323,10.08,P4,회귀검사 통과 시 유지
SSIS-575,사진 대조 1차 교정본,904,"01:23:02,420 --> 01:23:03,860",1.44,금방 또 서려나?,네.,한 번 더 여기 누워.,중립·혼합형,sub_0904_4982.4s.jpg,0.02,,,25.0,90.0,50.0,78.0,75.0,0.56073,0.0,66.0,0.0,0.0,0.2808,금방 하아 하고.,금방 숨이 가빠지네.,,38.61,T3,화자·문맥·자연스러움 집중 검토,,66.45626690712353,50.31,P3,말투·질문응답·가독성 위주 검토
SSIS-575,사진 대조 1차 교정본,905,"01:23:04,480 --> 01:23:07,420",2.94,한 번 더 여기 누워.,금방 또 서려나?,응.,중립·혼합형,sub_0905_4984.5s.jpg,0.02,,,25.0,90.0,50.0,78.0,75.0,0.58296,4.48,66.0,0.0,0.0,0.6873,누워.,물 나온다.,,40.35,T3,화자·문맥·자연스러움 집중 검토,,73.48963029756538,54.27,P3,말투·질문응답·가독성 위주 검토
SSIS-575,사진 대조 1차 교정본,906,"01:23:08,500 --> 01:23:08,680",0.18,응.,한 번 더 여기 누워.,누워 있어.,반응형,sub_0906_4988.5s.jpg,0.0,,,25.0,90.0,50.0,78.0,75.0,0.0294,0.0,66.0,0.0,0.0,0.4021,"하-, 응.",하아… 응.,,16.29,T4,구조검사 통과 시 유지,,7.664562669071236,12.67,P4,회귀검사 통과 시 유지
SSIS-575,사진 대조 1차 교정본,907,"01:23:19,990 --> 01:23:20,650",0.66,누워 있어.,응.,편하게 누워.,반응형,sub_0907_5000.0s.jpg,0.01,,,25.0,90.0,50.0,78.0,75.0,0.5148,0.0,66.0,0.0,0.0,0.5073,누워 있었어.,더 뿜어봐.,,36.68,T3,화자·문맥·자연스러움 집중 검토,,58.0477908025248,45.65,P3,말투·질문응답·가독성 위주 검토
SSIS-575,사진 대조 1차 교정본,908,"01:23:21,870 --> 01:23:22,670",0.8,편하게 누워.,누워 있어.,흥분했어?,중립·혼합형,sub_0908_5001.9s.jpg,0.03,,,25.0,90.0,50.0,78.0,75.0,0.54382,5.09,66.0,0.0,0.0,0.6924,누워.,물 나온다.,,38.82,T3,화자·문맥·자연스러움 집중 검토,,67.40306582506763,50.82,P3,말투·질문응답·가독성 위주 검토
SSIS-575,사진 대조 1차 교정본,909,"01:23:26,570 --> 01:23:27,570",1.0,흥분했어?,편하게 누워.,위로 섰네.,반응형,sub_0909_5006.6s.jpg,0.03,,,25.0,90.0,50.0,78.0,75.0,0.49321,0.0,66.0,0.0,0.0,0.1715,부활했어?,다시 섰어?,일본어 원문 대조 + 자연스러운 한국어 대사 교정,35.77,T3,화자·문맥·자연스러움 집중 검토,,54.73399458972047,43.73,P3,말투·질문응답·가독성 위주 검토
SSIS-575,사진 대조 1차 교정본,910,"01:24:21,310 --> 01:24:22,290",0.98,위로 섰네.,흥분했어?,너무 세게 하지는 않을게.,반말형,sub_0910_5061.3s.jpg,0.01,,,25.0,90.0,50.0,78.0,75.0,0.58243,0.0,66.0,0.0,0.0,0.1583,이 층은 앞서 안내드린 곳입니다. 위로 올라가겠습니다.,"이쪽은 앞서 안내한 층이고, 한 층 더 올라가겠습니다.",사진 장면 확인 및 한국어 번역투·ASR 오역 교정,39.52,T3,화자·문맥·자연스러움 집중 검토,,70.26600541027953,52.43,P3,말투·질문응답·가독성 위주 검토
SSIS-575,사진 대조 1차 교정본,911,"01:24:22,670 --> 01:24:25,350",2.68,너무 세게 하지는 않을게.,위로 섰네.,나올 것 같아?,반말형,sub_0911_5062.7s.jpg,0.03,,,25.0,90.0,50.0,78.0,75.0,0.60915,0.0,66.0,0.0,0.0,0.2879,더 세게 해 줘.,더 세게.,일본어 원문 대조 + 자연스러운 한국어 대사 교정,40.64,T3,화자·문맥·자연스러움 집중 검토,,74.79711451758341,54.99,P3,말투·질문응답·가독성 위주 검토
SSIS-575,사진 대조 1차 교정본,912,"01:24:25,630 --> 01:24:26,150",0.52,나올 것 같아?,너무 세게 하지는 않을게.,또 나올 것 같아요.,반응형,sub_0912_5065.6s.jpg,0.03,,,25.0,90.0,50.0,78.0,75.0,0.3888,0.0,66.0,0.0,0.0,0.4901,싸버릴 것 같아?,싸 버릴 것 같아?,,31.39,T4,구조검사 통과 시 유지,,37.35347159603246,33.89,P4,회귀검사 통과 시 유지
SSIS-575,사진 대조 1차 교정본,913,"01:24:26,750 --> 01:24:27,690",0.94,또 나올 것 같아요.,나올 것 같아?,천천히 할게.,반응형,sub_0913_5066.8s.jpg,0.05,,,25.0,90.0,50.0,78.0,75.0,0.59302,0.0,66.0,0.0,0.0,0.5311,기쁠 것 같아요.,그러면 기쁠 것 같아요.,사진 장면 확인 및 한국어 번역투·ASR 오역 교정,39.97,T3,화자·문맥·자연스러움 집중 검토,,71.9341749323715,53.39,P3,말투·질문응답·가독성 위주 검토
SSIS-575,사진 대조 1차 교정본,914,"01:24:28,910 --> 01:24:29,950",1.04,천천히 할게.,또 나올 것 같아요.,천천히 핥을게.,중립·혼합형,sub_0914_5068.9s.jpg,0.01,,,25.0,90.0,50.0,78.0,75.0,0.57602,0.0,66.0,0.0,0.0,0.5783,이제 안 할게.,이제 안 애태울게.,,39.25,T3,화자·문맥·자연스러움 집중 검토,,69.13886384129847,51.8,P3,말투·질문응답·가독성 위주 검토
SSIS-575,사진 대조 1차 교정본,915,"01:24:32,290 --> 01:24:33,770",1.48,천천히 핥을게.,천천히 할게.,네.,중립·혼합형,sub_0915_5072.3s.jpg,0.01,,,25.0,90.0,50.0,78.0,79.0,0.81931,0.0,66.0,0.0,0.0,0.4674,천천히 해 줘.,"좋네. 잠깐, 어떻게 돼 있었지?",일본어 원문 + 타임스탬프 사진 + 장면 연속성,49.71,T3,화자·문맥·자연스러움 집중 검토,,95.67177637511271,69.01,P2,앞뒤 5블록·사진·오류 기억을 함께 검토
SSIS-575,사진 대조 1차 교정본,916,"01:24:34,370 --> 01:24:34,590",0.22,네.,천천히 핥을게.,기분 좋아?,반말형,sub_0916_5074.4s.jpg,0.03,,,25.0,90.0,50.0,78.0,75.0,0.01827,0.0,66.0,0.0,0.0,0.6489,"네, 네.",네.,불필요한 반복 제거,15.83,T4,구조검사 통과 시 유지,,5.770964833183047,11.61,P4,회귀검사 통과 시 유지
SSIS-575,사진 대조 1차 교정본,917,"01:25:10,810 --> 01:25:11,490",0.68,기분 좋아?,네.,네.,반응형,sub_0917_5110.8s.jpg,0.01,,,25.0,90.0,50.0,78.0,75.0,0.32492,0.0,66.0,0.0,0.0,0.561,"아, 거기... 기분 좋아?","아, 거기… 기분 좋아?",,28.71,T4,구조검사 통과 시 유지,,28.088367899008116,28.45,P4,회귀검사 통과 시 유지
SSIS-575,사진 대조 1차 교정본,918,"01:25:11,950 --> 01:25:12,430",0.48,네.,기분 좋아?,조금 너무 기분 좋아서…,반말형,sub_0918_5111.9s.jpg,0.05,,,25.0,90.0,50.0,78.0,75.0,0.00902,0.0,66.0,0.0,0.0,0.6489,"네, 네.",네.,불필요한 반복 제거,15.44,T4,구조검사 통과 시 유지,,2.6825969341749323,10.08,P4,회귀검사 통과 시 유지
SSIS-575,사진 대조 1차 교정본,919,"01:25:13,150 --> 01:25:14,490",1.34,조금 너무 기분 좋아서…,네.,콘돔 낄까?,반응형,sub_0919_5113.1s.jpg,0.05,,,25.0,90.0,50.0,78.0,75.0,0.55344,0.0,66.0,0.0,0.0,0.3142,"하아, 너무 기분 좋아...","하아, 너무 기분 좋아…",,38.3,T3,화자·문맥·자연스러움 집중 검토,,64.96844003606853,49.5,P3,말투·질문응답·가독성 위주 검토
SSIS-575,사진 대조 1차 교정본,920,"01:25:16,870 --> 01:25:17,990",1.12,콘돔 낄까?,조금 너무 기분 좋아서…,좋아요.,중립·혼합형,sub_0920_5116.9s.jpg,0.03,,,25.0,90.0,50.0,78.0,75.0,0.48612,0.0,66.0,0.0,0.0,0.365,빨리 콘돔 빼.,빨리 콘돔 꺼내.,사진 장면 확인 및 한국어 번역투·ASR 오역 교정,35.48,T3,화자·문맥·자연스러움 집중 검토,,53.35888187556357,42.99,P3,말투·질문응답·가독성 위주 검토
SSIS-575,사진 대조 1차 교정본,921,"01:25:52,810 --> 01:25:53,390",0.58,좋아요.,콘돔 낄까?,제대로 된 거야?,반응형,sub_0921_5152.8s.jpg,0.01,,,25.0,90.0,50.0,78.0,75.0,0.2471,28.09,66.0,0.0,0.0,0.8841,기분 좋아요.,"아, 좋아요.",화면 영문 자막 대조,30.49,T4,구조검사 통과 시 유지,,34.039675383228136,31.98,P4,회귀검사 통과 시 유지
SSIS-575,사진 대조 1차 교정본,922,"01:25:53,390 --> 01:25:53,690",0.3,제대로 된 거야?,좋아요.,아마도요.,반말형,sub_0922_5153.4s.jpg,0.01,,,25.0,90.0,50.0,78.0,75.0,0.4011,0.0,66.0,46.67,0.0,0.4365,제대로 돼 있네.,제대로 가려지네.,일본어 원문 대조 + 자연스러운 한국어 대사 교정,36.57,T3,화자·문맥·자연스러움 집중 검토,high_cps,57.50676284941388,45.36,P3,말투·질문응답·가독성 위주 검토
SSIS-575,사진 대조 1차 교정본,923,"01:25:54,450 --> 01:25:55,710",1.26,아마도요.,제대로 된 거야?,아프지 않아?,반응형,sub_0923_5154.4s.jpg,0.05,,,25.0,90.0,50.0,78.0,75.0,0.20451,0.0,66.0,0.0,0.0,0.1154,"보통일 거야, 아마.","술은 보통 정도예요, 아마.",사진 장면 확인 및 한국어 번역투·ASR 오역 교정,23.65,T4,구조검사 통과 시 유지,,14.562669071235348,19.83,P4,회귀검사 통과 시 유지
SSIS-575,사진 대조 1차 교정본,924,"01:25:58,970 --> 01:26:00,010",1.04,아프지 않아?,아마도요.,네.,반응형,sub_0924_5159.0s.jpg,0.03,,,25.0,90.0,50.0,78.0,75.0,0.39389,0.0,66.0,0.0,0.0,0.3554,너무 졸리지 않아?,눈썹도 예쁘네. 너무 진하지도 않고.,손상된 일본어 ASR + 타임스탬프 사진 + 앞뒤 문맥 추론,31.6,T4,구조검사 통과 시 유지,,38.052299368800725,34.31,P4,회귀검사 통과 시 유지
SSIS-575,사진 대조 1차 교정본,925,"01:26:01,030 --> 01:26:01,230",0.2,네.,아프지 않아?,내가 위에 올라갈게.,반말형,sub_0925_5161.0s.jpg,0.03,,,25.0,90.0,50.0,78.0,75.0,0.02008,0.0,66.0,0.0,0.0,0.6489,"네, 네.",네.,불필요한 반복 제거,15.9,T4,구조검사 통과 시 유지,,6.176735798016231,11.82,P4,회귀검사 통과 시 유지
SSIS-575,사진 대조 1차 교정본,926,"01:26:39,230 --> 01:26:41,170",1.94,내가 위에 올라갈게.,네.,"좋아, 누워.",중립·혼합형,sub_0926_5199.2s.jpg,0.03,,,25.0,90.0,50.0,78.0,75.0,0.65497,0.0,66.0,0.0,0.0,0.3218,위에 올라타.,대단하다.,일본어 원문 + 타임스탬프 사진 + 장면 연속성,42.57,T3,화자·문맥·자연스러움 집중 검토,,81.06402164111812,58.74,P2,앞뒤 5블록·사진·오류 기억을 함께 검토
SSIS-575,사진 대조 1차 교정본,927,"01:26:45,580 --> 01:26:46,800",1.22,"좋아, 누워.",내가 위에 올라갈게.,천천히 넣을게.,반응형,sub_0927_5205.6s.jpg,0.02,,,25.0,90.0,50.0,78.0,75.0,0.61323,13.59,66.0,0.0,0.0,0.7633,누워.,물 나온다.,,43.26,T3,화자·문맥·자연스러움 집중 검토,,82.98016230838593,59.94,P2,앞뒤 5블록·사진·오류 기억을 함께 검토
SSIS-575,사진 대조 1차 교정본,928,"01:27:03,470 --> 01:27:04,850",1.38,천천히 넣을게.,"좋아, 누워.",네.,중립·혼합형,sub_0928_5223.5s.jpg,0.03,,,25.0,90.0,50.0,78.0,79.0,0.69422,0.0,66.0,0.0,0.0,0.4765,천천히 해 줘.,"좋네. 잠깐, 어떻게 돼 있었지?",일본어 원문 + 타임스탬프 사진 + 장면 연속성,44.46,T3,화자·문맥·자연스러움 집중 검토,,86.33904418394951,62.05,P2,앞뒤 5블록·사진·오류 기억을 함께 검토
SSIS-575,사진 대조 1차 교정본,929,"01:27:06,150 --> 01:27:06,570",0.42,네.,천천히 넣을게.,괜찮아?,반말형,sub_0929_5226.1s.jpg,0.05,,,25.0,90.0,50.0,78.0,75.0,0.01404,0.0,66.0,0.0,0.0,0.6489,"네, 네.",네.,불필요한 반복 제거,15.65,T4,구조검사 통과 시 유지,,4.6212804328223624,11.02,P4,회귀검사 통과 시 유지
SSIS-575,사진 대조 1차 교정본,930,"01:27:17,980 --> 01:27:18,700",0.72,괜찮아?,네.,네.,반응형,sub_0930_5238.0s.jpg,0.02,,,25.0,90.0,50.0,78.0,75.0,0.14465,0.0,66.0,0.0,0.0,0.4653,더 해줘도 돼? 더 해줘. 괜찮아?,더 해 줘도 돼? 더 해 줘. 괜찮아?,,21.14,T4,구조검사 통과 시 유지,,11.181244364292155,16.96,P4,회귀검사 통과 시 유지
SSIS-575,사진 대조 1차 교정본,931,"01:27:19,120 --> 01:27:19,400",0.28,네.,괜찮아?,정말 괜찮아?,반말형,sub_0931_5239.1s.jpg,0.02,,,25.0,90.0,50.0,78.0,75.0,0.00916,0.0,66.0,0.0,0.0,0.6489,"네, 네.",네.,불필요한 반복 제거,15.44,T4,구조검사 통과 시 유지,,2.6825969341749323,10.08,P4,회귀검사 통과 시 유지
SSIS-575,사진 대조 1차 교정본,932,"01:27:27,420 --> 01:27:28,000",0.58,정말 괜찮아?,네.,응.,반응형,sub_0932_5247.4s.jpg,0.02,,,25.0,90.0,50.0,78.0,75.0,0.35998,0.0,66.0,0.0,0.0,0.3989,더 해줘도 돼? 더 해줘. 괜찮아?,더 해 줘도 돼? 더 해 줘. 괜찮아?,,30.18,T4,구조검사 통과 시 유지,,32.86744815148783,31.31,P4,회귀검사 통과 시 유지
SSIS-575,사진 대조 1차 교정본,933,"01:27:29,860 --> 01:27:30,440",0.58,응.,정말 괜찮아?,네.,반응형,sub_0933_5249.9s.jpg,0.04,,,25.0,90.0,50.0,78.0,75.0,0.01915,0.0,66.0,0.0,0.0,0.4021,"하-, 응.",하아… 응.,,15.86,T4,구조검사 통과 시 유지,,5.99639314697926,11.72,P4,회귀검사 통과 시 유지
SSIS-575,사진 대조 1차 교정본,934,"01:27:40,170 --> 01:27:40,610",0.44,네.,응.,네.,반말형,sub_0934_5260.2s.jpg,0.03,,,25.0,90.0,50.0,78.0,75.0,0.00556,0.0,66.0,0.0,0.0,0.6489,"네, 네.",네.,불필요한 반복 제거,15.29,T4,구조검사 통과 시 유지,,0.563570784490532,9.1,P4,회귀검사 통과 시 유지
SSIS-575,사진 대조 1차 교정본,935,"01:27:51,890 --> 01:27:52,330",0.44,네.,네.,네.,반말형,sub_0935_5271.9s.jpg,0.01,,,25.0,90.0,50.0,78.0,75.0,0.00657,0.0,66.0,0.0,30.0,0.6489,"네, 네.",네.,불필요한 반복 제거,17.74,T4,구조검사 통과 시 유지,triple_identical_run,9.062218214607755,14.1,P4,회귀검사 통과 시 유지
SSIS-575,사진 대조 1차 교정본,936,"01:27:53,290 --> 01:27:53,730",0.44,네.,네.,네.,반말형,sub_0936_5273.3s.jpg,0.01,,,25.0,90.0,50.0,78.0,75.0,0.00633,0.0,66.0,0.0,30.0,0.6489,"네, 네.",네.,불필요한 반복 제거,17.73,T4,구조검사 통과 시 유지,triple_identical_run,8.994589720468891,14.06,P4,회귀검사 통과 시 유지
SSIS-575,사진 대조 1차 교정본,937,"01:27:59,140 --> 01:27:59,580",0.44,네.,네.,들어갔어요?,반말형,sub_0937_5279.1s.jpg,0.04,,,25.0,90.0,50.0,78.0,75.0,0.01138,0.0,66.0,0.0,0.0,0.6489,"네, 네.",네.,불필요한 반복 제거,15.54,T4,구조검사 통과 시 유지,,3.5843101893597837,10.52,P4,회귀검사 통과 시 유지
SSIS-575,사진 대조 1차 교정본,938,"01:27:59,960 --> 01:28:00,420",0.46,들어갔어요?,네.,응.,반응형,sub_0938_5280.0s.jpg,0.04,,,25.0,90.0,50.0,78.0,75.0,0.35837,0.0,66.0,0.0,0.0,0.484,안 들어갔어.,밖 좀 봐봐.,일본어 원문 + 타임스탬프 사진 + 장면 연속성,30.11,T4,구조검사 통과 시 유지,,32.61947700631199,31.16,P4,회귀검사 통과 시 유지
SSIS-575,사진 대조 1차 교정본,939,"01:28:00,600 --> 01:28:00,800",0.2,응.,들어갔어요?,들어갔어.,반응형,sub_0939_5280.6s.jpg,0.0,,,25.0,90.0,50.0,78.0,75.0,0.04953,0.0,66.0,0.0,0.0,0.4021,"하-, 응.",하아… 응.,,17.14,T4,구조검사 통과 시 유지,,8.746618575293057,13.61,P4,회귀검사 통과 시 유지
SSIS-575,사진 대조 1차 교정본,940,"01:28:01,460 --> 01:28:02,100",0.64,들어갔어.,응.,천천히 움직일게.,반응형,sub_0940_5281.5s.jpg,0.04,,,25.0,90.0,50.0,78.0,75.0,0.54747,37.0,66.0,0.0,0.0,0.9583,안 들어갔어.,밖 좀 봐봐.,일본어 원문 + 타임스탬프 사진 + 장면 연속성,44.71,T3,화자·문맥·자연스러움 집중 검토,,86.92515779981966,62.44,P2,앞뒤 5블록·사진·오류 기억을 함께 검토
SSIS-575,사진 대조 1차 교정본,941,"01:28:04,200 --> 01:28:05,500",1.3,천천히 움직일게.,들어갔어.,네.,중립·혼합형,sub_0941_5284.2s.jpg,0.0,,,25.0,90.0,50.0,78.0,79.0,0.83375,0.0,66.0,0.0,0.0,0.4205,천천히 해 줘.,"좋네. 잠깐, 어떻게 돼 있었지?",일본어 원문 + 타임스탬프 사진 + 장면 연속성,50.32,T3,화자·문맥·자연스러움 집중 검토,,96.68620378719567,69.79,P2,앞뒤 5블록·사진·오류 기억을 함께 검토
SSIS-575,사진 대조 1차 교정본,942,"01:28:05,840 --> 01:28:06,080",0.24,네.,천천히 움직일게.,기분 좋아?,반말형,sub_0942_5285.8s.jpg,0.04,,,25.0,90.0,50.0,78.0,75.0,0.01163,0.0,66.0,0.0,0.0,0.6489,"네, 네.",네.,불필요한 반복 제거,15.55,T4,구조검사 통과 시 유지,,3.719567177637511,10.58,P4,회귀검사 통과 시 유지
SSIS-575,사진 대조 1차 교정본,943,"01:28:06,960 --> 01:28:25,180",18.22,기분 좋아?,네.,굉장해요.,반응형,sub_0943_5287.0s.jpg,0.04,,,25.0,90.0,50.0,78.0,75.0,0.26169,0.0,66.0,0.0,0.0,0.561,"아, 거기... 기분 좋아?","아, 거기… 기분 좋아?",,26.05,T4,구조검사 통과 시 유지,,20.040577096483318,23.53,P4,회귀검사 통과 시 유지
SSIS-575,사진 대조 1차 교정본,944,"01:28:25,340 --> 01:28:25,780",0.44,굉장해요.,기분 좋아?,정말 기분 좋아 보이네.,반말형,sub_0944_5305.3s.jpg,0.04,,,25.0,90.0,50.0,78.0,75.0,0.25625,0.0,66.0,0.0,0.0,0.3808,굉장해. 굉장해.,엄청나. 진짜 엄청나.,,25.82,T4,구조검사 통과 시 유지,,19.18394950405771,23.03,P4,회귀검사 통과 시 유지
SSIS-575,사진 대조 1차 교정본,945,"01:28:30,200 --> 01:28:31,540",1.34,정말 기분 좋아 보이네.,굉장해요.,네.,반응형,sub_0945_5310.2s.jpg,0.0,,,25.0,90.0,50.0,78.0,75.0,0.52422,3.01,66.0,0.0,0.0,0.6751,조금 보이네.,조금은 보이는 것 같아.,일본어 원문 대조 + 자연스러운 한국어 대사 교정,37.62,T3,화자·문맥·자연스러움 집중 검토,,62.08295761947701,47.89,P3,말투·질문응답·가독성 위주 검토
SSIS-575,사진 대조 1차 교정본,946,"01:28:31,540 --> 01:28:32,140",0.6,네.,정말 기분 좋아 보이네.,정말 따뜻해요.,반말형,sub_0946_5311.5s.jpg,0.04,,,25.0,90.0,50.0,78.0,75.0,0.00835,0.0,66.0,0.0,0.0,0.6489,"네, 네.",네.,불필요한 반복 제거,15.41,T4,구조검사 통과 시 유지,,2.0513976555455367,9.8,P4,회귀검사 통과 시 유지
SSIS-575,사진 대조 1차 교정본,947,"01:28:33,100 --> 01:28:34,200",1.1,정말 따뜻해요.,네.,괜찮아?,반말형,sub_0947_5313.1s.jpg,0.0,,,25.0,90.0,50.0,78.0,75.0,0.43137,0.0,66.0,0.0,0.0,0.3683,따뜻해.,안 돼.,일본어 원문 + 타임스탬프 사진 + 장면 연속성,33.18,T4,구조검사 통과 시 유지,,44.702434625789,38.02,P4,회귀검사 통과 시 유지
SSIS-575,사진 대조 1차 교정본,948,"01:28:34,280 --> 01:28:35,100",0.82,괜찮아?,정말 따뜻해요.,아…,반응형,sub_0948_5314.3s.jpg,0.02,,,25.0,90.0,50.0,78.0,75.0,0.14595,0.0,66.0,0.0,0.0,0.4653,더 해줘도 돼? 더 해줘. 괜찮아?,더 해 줘도 돼? 더 해 줘. 괜찮아?,,21.19,T4,구조검사 통과 시 유지,,11.27141568981064,17.02,P4,회귀검사 통과 시 유지
SSIS-575,사진 대조 1차 교정본,949,"01:28:35,100 --> 01:28:36,140",1.04,아…,괜찮아?,기분 좋아.,반응형,sub_0949_5315.1s.jpg,0.0,,,25.0,90.0,50.0,78.0,75.0,0.15695,14.76,66.0,0.0,0.0,0.773,"싫어, 아… 아… 아…",싫어… 아… 아…,일본어 원문 대조 + 자연스러운 한국어 대사 교정,24.31,T4,구조검사 통과 시 유지,,15.734896302975654,20.71,P4,회귀검사 통과 시 유지
SSIS-575,사진 대조 1차 교정본,950,"01:29:35,890 --> 01:29:36,810",0.92,기분 좋아.,아…,"잠깐만. 천천히, 천천히.",반응형,sub_0950_5375.9s.jpg,0.01,,,25.0,90.0,50.0,78.0,75.0,0.50392,42.0,66.0,0.0,0.0,1.0,기분 좋아.,"아, 좋아.",화면 영문 자막 대조,43.78,T3,화자·문맥·자연스러움 집중 검토,,84.55816050495942,60.91,P2,앞뒤 5블록·사진·오류 기억을 함께 검토
SSIS-575,사진 대조 1차 교정본,951,"01:29:37,670 --> 01:29:39,050",1.38,"잠깐만. 천천히, 천천히.",기분 좋아.,천천히.,반응형,sub_0951_5377.7s.jpg,0.03,,,25.0,90.0,50.0,78.0,75.0,0.70749,0.0,66.0,0.0,0.0,0.6244,좀 더 천천히.,기억해 둘게.,일본어 원문 + 타임스탬프 사진 + 장면 연속성,44.77,T3,화자·문맥·자연스러움 집중 검토,,87.03787195671777,62.52,P2,앞뒤 5블록·사진·오류 기억을 함께 검토
SSIS-575,사진 대조 1차 교정본,952,"01:29:39,490 --> 01:29:40,250",0.76,천천히.,"잠깐만. 천천히, 천천히.","빨리 해도 돼요. 아니, 천천히요.",중립·혼합형,sub_0952_5379.5s.jpg,0.01,,,25.0,90.0,50.0,78.0,75.0,0.52367,30.01,66.0,0.0,0.0,0.9001,좀 더 천천히.,기억해 둘게.,일본어 원문 + 타임스탬프 사진 + 장면 연속성,42.46,T3,화자·문맥·자연스러움 집중 검토,,80.45536519386835,58.42,P2,앞뒤 5블록·사진·오류 기억을 함께 검토
SSIS-575,사진 대조 1차 교정본,953,"01:29:41,150 --> 01:29:42,590",1.44,"빨리 해도 돼요. 아니, 천천히요.",천천히.,더 깊이.,반응형,sub_0953_5381.1s.jpg,0.05,,,25.0,90.0,50.0,78.0,75.0,0.82056,0.0,66.0,0.0,0.0,0.2572,"아, 유두는 안 돼요.","아, 젖꼭지는 안 돼요.",,49.52,T3,화자·문맥·자연스러움 집중 검토,,95.46889089269612,68.82,P2,앞뒤 5블록·사진·오류 기억을 함께 검토
SSIS-575,사진 대조 1차 교정본,954,"01:29:43,010 --> 01:29:58,330",15.32,더 깊이.,"빨리 해도 돼요. 아니, 천천히요.","아, 굉장해.",중립·혼합형,sub_0954_5383.0s.jpg,0.01,,,25.0,90.0,50.0,78.0,75.0,0.47227,0.0,66.0,0.0,0.0,0.1814,아이.,아…,,34.9,T4,구조검사 통과 시 유지,,51.21731289449954,41.75,P3,말투·질문응답·가독성 위주 검토
SSIS-575,사진 대조 1차 교정본,955,"01:30:02,050 --> 01:30:19,520",17.47,"아, 굉장해.",더 깊이.,기분 좋아?,반응형,sub_0955_5402.1s.jpg,0.05,,,25.0,90.0,50.0,78.0,75.0,0.37207,42.0,66.0,0.0,0.0,1.0,"아, 굉장해.","아, 엄청나.",,38.25,T3,화자·문맥·자연스러움 집중 검토,,64.76555455365194,49.39,P3,말투·질문응답·가독성 위주 검토
SSIS-575,사진 대조 1차 교정본,956,"01:30:19,520 --> 01:30:28,410",8.89,기분 좋아?,"아, 굉장해.","네, 정말 기분 좋아요.",반응형,sub_0956_5419.5s.jpg,0.02,,,25.0,90.0,50.0,78.0,75.0,0.29591,0.0,66.0,0.0,0.0,0.561,"아, 거기... 기분 좋아?","아, 거기… 기분 좋아?",,27.49,T4,구조검사 통과 시 유지,,24.752028854824164,26.34,P4,회귀검사 통과 시 유지
SSIS-575,사진 대조 1차 교정본,957,"01:30:28,690 --> 01:30:31,770",3.08,"네, 정말 기분 좋아요.",기분 좋아?,잠깐…,반응형,sub_0957_5428.7s.jpg,0.01,,,25.0,90.0,50.0,78.0,75.0,0.7188,19.46,66.0,0.0,0.0,0.8121,기분 좋아요.,"아, 좋아요.",화면 영문 자막 대조,48.75,T3,화자·문맥·자연스러움 집중 검토,,94.8151487826871,68.1,P2,앞뒤 5블록·사진·오류 기억을 함께 검토
SSIS-575,사진 대조 1차 교정본,958,"01:30:55,190 --> 01:30:55,710",0.52,잠깐…,"네, 정말 기분 좋아요.",점점 빨라져요.,반응형,sub_0958_5455.2s.jpg,0.01,,,25.0,90.0,50.0,78.0,75.0,0.35722,42.0,66.0,0.0,0.0,1.0,잠깐…,그리고…,일본어 원문 대조 + 자연스러운 한국어 대사 교정,37.62,T3,화자·문맥·자연스러움 집중 검토,,62.08295761947701,47.89,P3,말투·질문응답·가독성 위주 검토
SSIS-575,사진 대조 1차 교정본,959,"01:30:57,690 --> 01:30:59,090",1.4,점점 빨라져요.,잠깐…,기분 좋아.,중립·혼합형,sub_0959_5457.7s.jpg,0.01,,,25.0,90.0,50.0,78.0,75.0,0.55225,0.0,66.0,0.0,0.0,0.2938,점점 더...,점점 더…,,38.25,T3,화자·문맥·자연스러움 집중 검토,,64.76555455365194,49.39,P3,말투·질문응답·가독성 위주 검토
SSIS-575,사진 대조 1차 교정본,960,"01:31:00,470 --> 01:31:01,670",1.2,기분 좋아.,점점 빨라져요.,굉장해.,반응형,sub_0960_5460.5s.jpg,0.03,,,25.0,90.0,50.0,78.0,75.0,0.27152,42.0,66.0,0.0,0.0,1.0,기분 좋아.,"아, 좋아.",화면 영문 자막 대조,34.02,T4,구조검사 통과 시 유지,,47.92605951307484,39.86,P4,회귀검사 통과 시 유지
SSIS-575,사진 대조 1차 교정본,961,"01:31:23,690 --> 01:31:24,210",0.52,굉장해.,기분 좋아.,정말 대단해.,반말형,sub_0961_5483.7s.jpg,0.01,,,25.0,90.0,50.0,78.0,75.0,0.39392,42.0,66.0,0.0,0.0,1.0,굉장해. 굉장해.,엄청나. 진짜 엄청나.,,39.16,T3,화자·문맥·자연스러움 집중 검토,,68.41749323715058,51.45,P3,말투·질문응답·가독성 위주 검토
SSIS-575,사진 대조 1차 교정본,962,"01:31:24,210 --> 01:31:24,310",0.1,정말 대단해.,굉장해.,기분 좋아.,반말형,sub_0962_5484.2s.jpg,0.01,,,25.0,90.0,50.0,78.0,75.0,0.62499,29.44,66.0,70.0,0.0,0.8953,대단해.,기분 좋네.,일본어 원문 + 타임스탬프 사진 + 장면 연속성,53.61,T3,화자·문맥·자연스러움 집중 검토,high_cps,99.14337240757439,72.73,P1,장면 패킷을 열고 후보 3개를 생성해 반증 검토
SSIS-575,사진 대조 1차 교정본,963,"01:31:31,100 --> 01:31:33,420",2.32,기분 좋아.,정말 대단해.,정액 나왔어?,반응형,sub_0963_5491.1s.jpg,0.0,,,25.0,90.0,50.0,78.0,75.0,0.34034,42.0,66.0,0.0,0.0,1.0,기분 좋아.,"아, 좋아.",화면 영문 자막 대조,36.91,T3,화자·문맥·자연스러움 집중 검토,,58.656447249774565,46.04,P3,말투·질문응답·가독성 위주 검토
SSIS-575,사진 대조 1차 교정본,964,"01:31:35,040 --> 01:31:36,640",1.6,정액 나왔어?,기분 좋아.,나왔어요.,반응형,sub_0964_5495.0s.jpg,0.04,,,25.0,90.0,50.0,78.0,75.0,0.29877,0.0,66.0,0.0,0.0,0.4074,나왔어…? [안전상 번역 불가]… 나왔어?,나왔어…? [불명]… 나왔어?,,27.61,T4,구조검사 통과 시 유지,,25.022542831379624,26.52,P4,회귀검사 통과 시 유지
SSIS-575,사진 대조 1차 교정본,965,"01:31:36,820 --> 01:31:37,300",0.48,나왔어요.,정액 나왔어?,기분 좋았어?,반응형,sub_0965_5496.8s.jpg,0.02,,,25.0,90.0,50.0,78.0,75.0,0.3339,0.0,66.0,0.0,0.0,0.337,나왔어…,"아, 물 나왔어…",,29.08,T4,구조검사 통과 시 유지,,29.643823264201984,29.32,P4,회귀검사 통과 시 유지
SSIS-575,사진 대조 1차 교정본,966,"01:31:57,360 --> 01:31:58,600",1.24,기분 좋았어?,나왔어요.,아프지 않아?,반응형,sub_0966_5517.4s.jpg,0.04,,,25.0,90.0,50.0,78.0,75.0,0.46474,0.0,66.0,0.0,0.0,0.2916,기분 좋아.,"아, 좋아.",화면 영문 자막 대조,34.58,T4,구조검사 통과 시 유지,,50.15779981965734,41.12,P3,말투·질문응답·가독성 위주 검토
SSIS-575,사진 대조 1차 교정본,967,"01:32:01,420 --> 01:32:02,560",1.14,아프지 않아?,기분 좋았어?,네.,반응형,sub_0967_5521.4s.jpg,0.02,,,25.0,90.0,50.0,78.0,75.0,0.47142,0.0,66.0,0.0,0.0,0.3554,너무 졸리지 않아?,눈썹도 예쁘네. 너무 진하지도 않고.,손상된 일본어 ASR + 타임스탬프 사진 + 앞뒤 문맥 추론,34.86,T4,구조검사 통과 시 유지,,51.149684400360684,41.7,P3,말투·질문응답·가독성 위주 검토
SSIS-575,사진 대조 1차 교정본,968,"01:32:03,240 --> 01:32:03,480",0.24,네.,아프지 않아?,조금 무서워요.,반말형,sub_0968_5523.2s.jpg,0.04,,,25.0,90.0,50.0,78.0,75.0,0.00975,0.0,66.0,0.0,0.0,0.6489,"네, 네.",네.,불필요한 반복 제거,15.47,T4,구조검사 통과 시 유지,,3.043282236248873,10.25,P4,회귀검사 통과 시 유지
SSIS-575,사진 대조 1차 교정본,969,"01:32:12,790 --> 01:32:13,530",0.74,조금 무서워요.,네.,뺄게.,중립·혼합형,sub_0969_5532.8s.jpg,0.01,,,25.0,90.0,50.0,78.0,75.0,0.50775,0.0,66.0,0.0,0.0,0.3659,조금 무서워졌어.,아… 너무 깊어.,손상된 일본어 ASR + 타임스탬프 사진 + 앞뒤 문맥 추론,36.39,T3,화자·문맥·자연스러움 집중 검토,,56.85302073940487,44.98,P3,말투·질문응답·가독성 위주 검토
SSIS-575,사진 대조 1차 교정본,970,"01:32:15,050 --> 01:32:15,910",0.86,뺄게.,조금 무서워요.,네.,중립·혼합형,sub_0970_5535.1s.jpg,0.05,,,25.0,90.0,50.0,78.0,75.0,0.29418,0.0,66.0,0.0,0.0,0.1041,그러게.,목욕하면서 이러는 거…,일본어 원문 + 타임스탬프 사진 + 장면 연속성,27.42,T4,구조검사 통과 시 유지,,24.481514878268708,26.19,P4,회귀검사 통과 시 유지
SSIS-575,사진 대조 1차 교정본,971,"01:32:16,290 --> 01:32:16,570",0.28,네.,뺄게.,많이 나왔네.,반말형,sub_0971_5536.3s.jpg,0.01,,,25.0,90.0,50.0,78.0,75.0,0.01432,0.0,66.0,0.0,0.0,0.6489,"네, 네.",네.,불필요한 반복 제거,15.66,T4,구조검사 통과 시 유지,,4.733994589720469,11.07,P4,회귀검사 통과 시 유지
SSIS-575,사진 대조 1차 교정본,972,"01:32:25,910 --> 01:32:27,270",1.36,많이 나왔네.,네.,좋아.,반말형,sub_0972_5545.9s.jpg,0.01,,,25.0,90.0,50.0,78.0,75.0,0.42277,0.0,66.0,0.0,0.0,0.1856,너무 많이 지워 버렸어.,엄청 젖어 버렸어.,사진 장면 확인 및 한국어 번역투·ASR 오역 교정,32.82,T4,구조검사 통과 시 유지,,43.3273219116321,37.23,P4,회귀검사 통과 시 유지
SSIS-575,사진 대조 1차 교정본,973,"01:32:27,550 --> 01:32:28,030",0.48,좋아.,많이 나왔네.,정말 많이 나왔어.,반응형,sub_0973_5547.6s.jpg,0.05,,,25.0,90.0,50.0,78.0,75.0,0.17246,16.19,66.0,0.0,0.0,0.7849,"아, 좋아.","아, 들어온다.",,25.22,T4,구조검사 통과 시 유지,,18.034265103697024,22.2,P4,회귀검사 통과 시 유지
SSIS-575,사진 대조 1차 교정본,974,"01:32:30,750 --> 01:32:31,750",1.0,정말 많이 나왔어.,좋아.,좋아.,반응형,sub_0974_5550.8s.jpg,0.05,,,25.0,90.0,50.0,78.0,75.0,0.5097,0.0,66.0,0.0,0.0,0.3039,나왔어…,"아, 물 나왔어…",,36.47,T3,화자·문맥·자연스러움 집중 검토,,57.07844905320108,45.13,P3,말투·질문응답·가독성 위주 검토
SSIS-575,사진 대조 1차 교정본,975,"01:32:33,230 --> 01:32:33,750",0.52,좋아.,정말 많이 나왔어.,이제 첫 경험을 마쳤네.,반응형,sub_0975_5553.2s.jpg,0.03,,,25.0,90.0,50.0,78.0,75.0,0.1269,16.19,66.0,0.0,0.0,0.7849,"아, 좋아.","아, 들어온다.",,23.3,T4,구조검사 통과 시 유지,,13.88638412984671,19.35,P4,회귀검사 통과 시 유지
SSIS-575,사진 대조 1차 교정본,976,"01:32:35,830 --> 01:32:37,350",1.52,이제 첫 경험을 마쳤네.,좋아.,드디어 했어요.,반말형,sub_0976_5555.8s.jpg,0.03,반복되는 '졸업' 표현 자연화,중간,25.0,90.0,50.0,84.0,75.0,0.56686,0.0,48.0,0.0,0.0,0.2739,오늘 색다른 경험을 다 해 보네.,오늘 색다른 경험은 다 해 보네.,조사 교정,35.99,T3,화자·문맥·자연스러움 집중 검토,,55.59062218214608,44.22,P3,말투·질문응답·가독성 위주 검토
SSIS-575,사진 대조 1차 교정본,977,"01:32:38,070 --> 01:32:38,890",0.82,드디어 했어요.,이제 첫 경험을 마쳤네.,응.,반응형,sub_0977_5558.1s.jpg,0.03,반복되는 '졸업' 표현 자연화,중간,25.0,90.0,50.0,84.0,75.0,0.44169,0.0,48.0,0.0,0.0,0.4464,드디어 하고 싶어진 거야?,와.,일본어 원문 + 타임스탬프 사진 + 장면 연속성,30.73,T4,구조검사 통과 시 유지,,34.71596032461677,32.4,P4,회귀검사 통과 시 유지
SSIS-575,사진 대조 1차 교정본,978,"01:32:39,630 --> 01:32:39,770",0.14,응.,드디어 했어요.,확실히 첫 경험을 한 거야.,반응형,sub_0978_5559.6s.jpg,0.03,,,25.0,90.0,50.0,78.0,75.0,0.01799,0.0,66.0,0.0,0.0,0.4021,"하-, 응.",하아… 응.,,15.82,T4,구조검사 통과 시 유지,,5.613165013525699,11.53,P4,회귀검사 통과 시 유지
SSIS-575,사진 대조 1차 교정본,979,"01:32:40,090 --> 01:32:41,090",1.0,확실히 첫 경험을 한 거야.,응.,전혀 참지 못했어요.,반말형,sub_0979_5560.1s.jpg,0.01,반복되는 '졸업' 표현 자연화,중간,25.0,90.0,50.0,84.0,75.0,0.48516,0.0,48.0,0.0,0.0,0.3854,확실히 졸업했어.,확실히 첫 경험을 한 거야.,반복되는 '졸업' 표현 자연화,32.56,T4,구조검사 통과 시 유지,,42.019837691614065,36.53,P4,회귀검사 통과 시 유지
SSIS-575,사진 대조 1차 교정본,980,"01:32:44,330 --> 01:32:46,290",1.96,전혀 참지 못했어요.,확실히 첫 경험을 한 거야.,괜찮아. 정말 기분 좋았어.,반응형,sub_0980_5564.3s.jpg,0.03,,,25.0,90.0,50.0,78.0,79.0,0.71405,0.0,66.0,0.0,0.0,0.2164,"네, 말했어요.","네, 그랬어요.",사진 장면 확인 및 한국어 번역투·ASR 오역 교정,45.29,T3,화자·문맥·자연스러움 집중 검토,,88.32281334535618,63.36,P2,앞뒤 5블록·사진·오류 기억을 함께 검토
SSIS-575,사진 대조 1차 교정본,981,"01:32:47,730 --> 01:32:50,190",2.46,괜찮아. 정말 기분 좋았어.,전혀 참지 못했어요.,정말요?,반응형,sub_0981_5567.7s.jpg,0.03,,,25.0,90.0,50.0,78.0,75.0,0.6647,0.0,66.0,0.0,0.0,0.5562,괜찮아.,최고예요.,화면 영문 자막 대조,42.98,T3,화자·문맥·자연스러움 집중 검토,,82.4165915238954,59.54,P2,앞뒤 5블록·사진·오류 기억을 함께 검토
SSIS-575,사진 대조 1차 교정본,982,"01:32:50,790 --> 01:32:51,510",0.72,정말요?,괜찮아. 정말 기분 좋았어.,휴지?,중립·혼합형,sub_0982_5570.8s.jpg,0.01,,,25.0,90.0,50.0,78.0,75.0,0.36483,0.0,66.0,0.0,0.0,0.1495,정말?,응.,일본어 원문 + 타임스탬프 사진 + 장면 연속성,30.38,T4,구조검사 통과 시 유지,,33.63390441839495,31.75,P4,회귀검사 통과 시 유지
SSIS-575,사진 대조 1차 교정본,983,"01:33:06,490 --> 01:33:07,110",0.62,휴지?,정말요?,휴지 줄까?,반말형,sub_0983_5586.5s.jpg,0.01,,,25.0,90.0,50.0,78.0,75.0,0.30733,0.0,66.0,0.0,0.0,0.1437,좋지?,여기 좋지?,일본어 원문 대조 + 자연스러운 한국어 대사 교정,27.97,T4,구조검사 통과 시 유지,,26.149684400360684,27.21,P4,회귀검사 통과 시 유지
SSIS-575,사진 대조 1차 교정본,984,"01:33:07,190 --> 01:33:07,450",0.26,휴지 줄까?,휴지?,잘하네.,반말형,sub_0984_5587.2s.jpg,0.01,,,25.0,90.0,50.0,78.0,75.0,0.56629,0.0,66.0,25.0,0.0,0.4517,여기서 뭘 보여 줄까?,뭘 보여 줄까?,손상된 일본어 ASR + 타임스탬프 사진 + 앞뒤 문맥 추론,41.34,T3,화자·문맥·자연스러움 집중 검토,borderline_cps,76.82596934174933,56.24,P3,말투·질문응답·가독성 위주 검토
SSIS-575,사진 대조 1차 교정본,985,"01:33:20,040 --> 01:33:21,320",1.28,잘하네.,휴지 줄까?,부끄러워요.,반말형,sub_0985_5600.0s.jpg,0.04,,,25.0,90.0,50.0,78.0,75.0,0.34279,0.41,66.0,0.0,0.0,0.6534,잘하네...,잘하네…,,29.53,T4,구조검사 통과 시 유지,,30.81605049594229,30.07,P4,회귀검사 통과 시 유지
SSIS-575,사진 대조 1차 교정본,986,"01:33:23,020 --> 01:33:24,080",1.06,부끄러워요.,잘하네.,정말?,중립·혼합형,sub_0986_5603.0s.jpg,0.02,,,25.0,90.0,50.0,78.0,75.0,0.2846,0.0,66.0,0.0,0.0,0.3991,부끄러워...,부끄러워…,,27.01,T4,구조검사 통과 시 유지,,23.17403065825068,25.4,P4,회귀검사 통과 시 유지
SSIS-575,사진 대조 1차 교정본,987,"01:33:24,240 --> 01:33:24,560",0.32,정말?,부끄러워요.,기분 좋았어.,중립·혼합형,sub_0987_5604.2s.jpg,0.04,,,25.0,90.0,50.0,78.0,75.0,0.23192,42.0,66.0,0.0,0.0,1.0,정말?,응.,일본어 원문 + 타임스탬프 사진 + 장면 연속성,32.36,T4,구조검사 통과 시 유지,,41.07303877366997,36.02,P4,회귀검사 통과 시 유지
SSIS-575,사진 대조 1차 교정본,988,"01:33:25,340 --> 01:33:26,960",1.62,기분 좋았어.,정말?,정말요?,반응형,sub_0988_5605.3s.jpg,0.04,,,25.0,90.0,50.0,78.0,75.0,0.47109,0.0,66.0,0.0,0.0,0.3652,대박이다. 장난 아니었어. 엄청나게 좋았어.,대박이었어. 진짜 너무 좋았어.,일본어 원문 대조 + 자연스러운 한국어 대사 교정,34.85,T4,구조검사 통과 시 유지,,51.082055906221825,41.67,P3,말투·질문응답·가독성 위주 검토
SSIS-575,사진 대조 1차 교정본,989,"01:33:27,500 --> 01:33:28,460",0.96,정말요?,기분 좋았어.,진짜요?,중립·혼합형,sub_0989_5607.5s.jpg,0.0,,,25.0,90.0,50.0,78.0,75.0,0.28766,0.0,66.0,0.0,0.0,0.1495,정말?,응.,일본어 원문 + 타임스탬프 사진 + 장면 연속성,27.14,T4,구조검사 통과 시 유지,,23.692515779981964,25.69,P4,회귀검사 통과 시 유지
SSIS-575,사진 대조 1차 교정본,990,"01:33:28,560 --> 01:33:30,340",1.78,진짜요?,정말요?,감사합니다.,중립·혼합형,sub_0990_5608.6s.jpg,0.04,,,25.0,90.0,50.0,78.0,75.0,0.20972,0.0,66.0,0.0,0.0,0.1505,진짜...,진짜…,,23.87,T4,구조검사 통과 시 유지,,14.94589720468891,20.12,P4,회귀검사 통과 시 유지
SSIS-575,사진 대조 1차 교정본,991,"01:33:31,620 --> 01:33:32,220",0.6,감사합니다.,진짜요?,잘까요?,존댓말형,sub_0991_5611.6s.jpg,0.02,,,25.0,90.0,50.0,78.0,75.0,0.25206,42.0,66.0,0.0,0.0,1.0,감사합니다.,고마워요.,타임스탬프 사진과 앞뒤 장면으로 대사 기능 복원,33.21,T4,구조검사 통과 시 유지,,44.792605951307486,38.07,P4,회귀검사 통과 시 유지
SSIS-575,사진 대조 1차 교정본,992,"01:33:43,030 --> 01:33:43,990",0.96,잘까요?,감사합니다.,잘래?,존댓말형,sub_0992_5623.0s.jpg,0.03,,,25.0,90.0,50.0,78.0,75.0,0.26645,0.0,66.0,0.0,0.0,0.1775,낮잠 좀 잘까?,들어갔어.,일본어 원문 + 타임스탬프 사진 + 장면 연속성,26.25,T4,구조검사 통과 시 유지,,20.581605049594227,23.87,P4,회귀검사 통과 시 유지
SSIS-575,사진 대조 1차 교정본,993,"01:33:44,090 --> 01:33:44,370",0.28,잘래?,잘까요?,응.,중립·혼합형,sub_0993_5624.1s.jpg,0.01,,,25.0,90.0,50.0,78.0,75.0,0.23325,0.0,66.0,0.0,0.0,0.1468,뭐 할래?,"응, 이쪽으로.",일본어 원문 + 타임스탬프 사진 + 장면 연속성,24.86,T4,구조검사 통과 시 유지,,17.22272317403066,21.65,P4,회귀검사 통과 시 유지
SSIS-575,사진 대조 1차 교정본,994,"01:33:44,990 --> 01:33:45,290",0.3,응.,잘래?,응.,반응형,sub_0994_5625.0s.jpg,0.01,,,25.0,90.0,50.0,78.0,75.0,0.01459,0.0,66.0,0.0,0.0,0.4021,"하-, 응.",하아… 응.,,15.67,T4,구조검사 통과 시 유지,,4.869251577998197,11.13,P4,회귀검사 통과 시 유지
SSIS-575,사진 대조 1차 교정본,995,"01:33:45,290 --> 01:33:45,510",0.22,응.,응.,이대로 같이 자자.,반응형,sub_0995_5625.3s.jpg,0.01,,,25.0,90.0,50.0,78.0,75.0,0.02576,0.0,66.0,0.0,0.0,0.4021,"하-, 응.",하아… 응.,,16.14,T4,구조검사 통과 시 유지,,7.281334535617674,12.42,P4,회귀검사 통과 시 유지
SSIS-575,사진 대조 1차 교정본,996,"01:33:46,870 --> 01:33:48,290",1.42,이대로 같이 자자.,응.,좀 쉬자.,중립·혼합형,sub_0996_5626.9s.jpg,0.03,,,25.0,90.0,50.0,78.0,75.0,0.68776,0.0,66.0,0.0,0.0,0.3825,이대로 해도 괜찮아.,"응, 그대로.",일본어 원문 대조 + 자연스러운 한국어 대사 교정,43.95,T3,화자·문맥·자연스러움 집중 검토,,85.25698827772769,61.3,P2,앞뒤 5블록·사진·오류 기억을 함께 검토
SSIS-575,사진 대조 1차 교정본,997,"01:33:58,850 --> 01:33:59,510",0.66,좀 쉬자.,이대로 같이 자자.,그럼 다녀오겠습니다.,중립·혼합형,sub_0997_5638.9s.jpg,0.05,,,25.0,90.0,50.0,78.0,75.0,0.48214,42.0,66.0,0.0,0.0,1.0,좀 쉬자.,이제 물에 들어가자.,일본어 원문 + 타임스탬프 사진 + 장면 연속성,42.87,T3,화자·문맥·자연스러움 집중 검토,,82.12353471596032,59.36,P2,앞뒤 5블록·사진·오류 기억을 함께 검토
SSIS-575,사진 대조 1차 교정본,998,"01:34:09,280 --> 01:34:10,540",1.26,그럼 다녀오겠습니다.,좀 쉬자.,일 열심히 해.,존댓말형,sub_0998_5649.3s.jpg,0.02,,,25.0,90.0,50.0,78.0,75.0,0.61961,0.0,66.0,0.0,18.0,0.3542,그럼 들어가 보겠습니다.,그럼 이만 가 보겠습니다.,퇴장 장면에 맞는 표현 교정,42.52,T3,화자·문맥·자연스러움 집중 검토,formality_shift,80.79350766456267,58.59,P2,앞뒤 5블록·사진·오류 기억을 함께 검토
SSIS-575,사진 대조 1차 교정본,999,"01:34:10,820 --> 01:34:12,020",1.2,일 열심히 해.,그럼 다녀오겠습니다.,네.,반말형,sub_0999_5650.8s.jpg,0.02,,,25.0,90.0,50.0,78.0,75.0,0.48922,0.0,66.0,0.0,0.0,0.4487,열심히 하겠습니다.,힘내 볼게요.,,35.61,T3,화자·문맥·자연스러움 집중 검토,,54.01262398557258,43.34,P3,말투·질문응답·가독성 위주 검토
SSIS-575,사진 대조 1차 교정본,1000,"01:34:12,780 --> 01:34:12,880",0.1,네.,일 열심히 해.,조금 놀랐네.,반말형,sub_1000_5652.8s.jpg,0.02,,,25.0,90.0,50.0,78.0,75.0,0.01827,0.0,66.0,25.0,0.0,0.6489,"네, 네.",네.,불필요한 반복 제거,18.33,T4,구조검사 통과 시 유지,borderline_cps,9.467989179440938,14.61,P4,회귀검사 통과 시 유지
SSIS-575,사진 대조 1차 교정본,1001,"01:34:23,070 --> 01:34:24,310",1.24,조금 놀랐네.,네.,열심히 할게.,반말형,sub_1001_5663.1s.jpg,0.03,,,25.0,90.0,50.0,78.0,75.0,0.61074,0.0,66.0,0.0,0.0,0.2085,조금 보이네.,조금은 보이는 것 같아.,일본어 원문 대조 + 자연스러운 한국어 대사 교정,40.71,T3,화자·문맥·자연스러움 집중 검토,,75.0,55.11,P3,말투·질문응답·가독성 위주 검토
SSIS-575,사진 대조 1차 교정본,1002,"01:34:25,610 --> 01:34:26,590",0.98,열심히 할게.,조금 놀랐네.,다녀오겠습니다.,중립·혼합형,sub_1002_5665.6s.jpg,0.01,,,25.0,90.0,50.0,78.0,75.0,0.52578,0.0,66.0,0.0,0.0,0.5794,이제 안 할게.,이제 안 애태울게.,,37.14,T3,화자·문맥·자연스러움 집중 검토,,59.918845807033364,46.71,P3,말투·질문응답·가독성 위주 검토
SSIS-575,사진 대조 1차 교정본,1003,"01:34:27,170 --> 01:34:28,430",1.26,다녀오겠습니다.,열심히 할게.,네.,존댓말형,sub_1003_5667.2s.jpg,0.03,,,25.0,90.0,50.0,78.0,75.0,0.3691,0.0,66.0,0.0,18.0,0.3142,가 보겠습니다.,그럼 가 볼게요.,대화체 자연화,32.0,T4,구조검사 통과 시 유지,formality_shift,39.92335437330929,35.33,P4,회귀검사 통과 시 유지
SSIS-575,사진 대조 1차 교정본,1004,"01:34:28,430 --> 01:34:28,810",0.38,네.,다녀오겠습니다.,조심해서 다녀와.,반말형,sub_1004_5668.4s.jpg,0.03,,,25.0,90.0,50.0,78.0,75.0,0.00592,0.0,66.0,0.0,0.0,0.6489,"네, 네.",네.,불필요한 반복 제거,15.31,T4,구조검사 통과 시 유지,,0.8566275924256086,9.24,P4,회귀검사 통과 시 유지
SSIS-575,사진 대조 1차 교정본,1005,"01:34:30,110 --> 01:34:31,230",1.12,조심해서 다녀와.,네.,뭐 만들고 있어?,반말형,sub_1005_5670.1s.jpg,0.01,,,25.0,90.0,50.0,78.0,75.0,0.44673,0.0,66.0,0.0,0.0,0.1817,조심해. 지금은 안 되니까.,조심해. 아직 내려가면 안 돼.,일본어 원문 대조 + 자연스러운 한국어 대사 교정,33.82,T4,구조검사 통과 시 유지,,47.024346257889995,39.37,P4,회귀검사 통과 시 유지
SSIS-575,사진 대조 1차 교정본,1006,"01:34:51,930 --> 01:34:53,230",1.3,뭐 만들고 있어?,조심해서 다녀와.,응?,반응형,sub_1006_5691.9s.jpg,0.03,,,25.0,90.0,50.0,78.0,75.0,0.47735,0.0,66.0,0.0,0.0,0.3909,자고 있어?,땀나?,사진 장면 확인 및 한국어 번역투·ASR 오역 교정,35.11,T3,화자·문맥·자연스러움 집중 검토,,51.93868349864743,42.18,P3,말투·질문응답·가독성 위주 검토
SSIS-575,사진 대조 1차 교정본,1007,"01:34:53,730 --> 01:34:53,930",0.2,응?,뭐 만들고 있어?,응.,반응형,sub_1007_5693.7s.jpg,0.03,,,25.0,90.0,50.0,78.0,75.0,0.14259,0.0,66.0,0.0,0.0,0.4446,응? 잠깐 기다려…,응? 잠깐만…,일본어 원문 대조 + 자연스러운 한국어 대사 교정,21.05,T4,구조검사 통과 시 유지,,10.955816050495942,16.81,P4,회귀검사 통과 시 유지
SSIS-575,사진 대조 1차 교정본,1008,"01:34:54,310 --> 01:34:54,590",0.28,응.,응?,파스타.,반응형,sub_1008_5694.3s.jpg,0.01,,,25.0,90.0,50.0,78.0,75.0,0.01864,0.0,66.0,0.0,0.0,0.4021,"하-, 응.",하아… 응.,,15.84,T4,구조검사 통과 시 유지,,5.906221821460775,11.67,P4,회귀검사 통과 시 유지
SSIS-575,사진 대조 1차 교정본,1009,"01:34:55,270 --> 01:34:55,910",0.64,파스타.,응.,파스타야.,중립·혼합형,sub_1009_5695.3s.jpg,0.03,,,25.0,90.0,50.0,78.0,75.0,0.28081,0.0,66.0,0.0,0.0,0.1363,위에 올라타.,대단하다.,일본어 원문 + 타임스탬프 사진 + 장면 연속성,26.85,T4,구조검사 통과 시 유지,,22.52028854824166,25.03,P4,회귀검사 통과 시 유지
SSIS-575,사진 대조 1차 교정본,1010,"01:34:56,350 --> 01:34:56,930",0.58,파스타야.,파스타.,파스타?,반말형,sub_1010_5696.4s.jpg,0.05,,,25.0,90.0,50.0,78.0,75.0,0.30653,0.0,66.0,0.0,0.0,0.0718,파워.,더 세게…,,27.93,T4,구조검사 통과 시 유지,,25.991884580703335,27.12,P4,회귀검사 통과 시 유지
SSIS-575,사진 대조 1차 교정본,1011,"01:34:57,230 --> 01:34:57,690",0.46,파스타?,파스타야.,페투치네.,중립·혼합형,sub_1011_5697.2s.jpg,0.03,,,25.0,90.0,50.0,78.0,75.0,0.26554,0.0,66.0,0.0,0.0,0.0768,파워.,더 세게…,,26.21,T4,구조검사 통과 시 유지,,20.468890892696123,23.8,P4,회귀검사 통과 시 유지
SSIS-575,사진 대조 1차 교정본,1012,"01:34:57,830 --> 01:34:58,450",0.62,페투치네.,파스타?,정말 좋아해요.,반말형,sub_1012_5697.8s.jpg,0.03,,,25.0,90.0,50.0,78.0,75.0,0.22754,0.0,66.0,0.0,0.0,0.0512,"네, 네.",네.,불필요한 반복 제거,24.62,T4,구조검사 통과 시 유지,,16.749323715058612,21.31,P4,회귀검사 통과 시 유지
SSIS-575,사진 대조 1차 교정본,1013,"01:34:58,730 --> 01:34:59,490",0.76,정말 좋아해요.,페투치네.,좋아해?,반응형,sub_1013_5698.7s.jpg,0.03,,,25.0,90.0,50.0,78.0,75.0,0.33205,1.55,66.0,0.0,0.0,0.6629,유두를 좋아해요.,젖꼭지를 좋아해요.,,29.29,T4,구조검사 통과 시 유지,,30.184851217312897,29.67,P4,회귀검사 통과 시 유지
SSIS-575,사진 대조 1차 교정본,1014,"01:35:00,010 --> 01:35:00,570",0.56,좋아해?,정말 좋아해요.,네.,반응형,sub_1014_5700.0s.jpg,0.01,,,25.0,90.0,50.0,78.0,75.0,0.181,18.16,66.0,0.0,0.0,0.8013,유두 좋아해?,젖꼭지 좋아해?,,25.93,T4,구조검사 통과 시 유지,,19.634806131650134,23.29,P4,회귀검사 통과 시 유지
SSIS-575,사진 대조 1차 교정본,1015,"01:35:00,770 --> 01:35:01,050",0.28,네.,좋아해?,정말?,반말형,sub_1015_5700.8s.jpg,0.03,,,25.0,90.0,50.0,78.0,75.0,0.00522,0.0,66.0,0.0,0.0,0.6489,"네, 네.",네.,불필요한 반복 제거,15.28,T4,구조검사 통과 시 유지,,0.38322813345356177,9.02,P4,회귀검사 통과 시 유지
SSIS-575,사진 대조 1차 교정본,1016,"01:35:01,130 --> 01:35:01,350",0.22,정말?,네.,제가 도울 일 있어요?,중립·혼합형,sub_1016_5701.1s.jpg,0.03,,,25.0,90.0,50.0,78.0,75.0,0.12487,42.0,66.0,0.0,0.0,1.0,정말?,응.,일본어 원문 + 타임스탬프 사진 + 장면 연속성,27.86,T4,구조검사 통과 시 유지,,25.60865644724977,26.91,P4,회귀검사 통과 시 유지
SSIS-575,사진 대조 1차 교정본,1017,"01:35:03,130 --> 01:35:04,970",1.84,제가 도울 일 있어요?,정말?,그럼 뭘 부탁할까.,반응형,sub_1017_5703.1s.jpg,0.03,,,25.0,90.0,50.0,78.0,75.0,0.56346,0.0,66.0,0.0,0.0,0.3157,가까운 곳도 핥아 줄 수 있어요?,아래쪽도 핥아 줄 수 있어요?,사진 장면 확인 및 한국어 번역투·ASR 오역 교정,38.73,T3,화자·문맥·자연스러움 집중 검토,,66.99729486023445,50.6,P3,말투·질문응답·가독성 위주 검토
SSIS-575,사진 대조 1차 교정본,1018,"01:35:05,690 --> 01:35:07,390",1.7,그럼 뭘 부탁할까.,제가 도울 일 있어요?,이걸 삶아 줘.,중립·혼합형,sub_1018_5705.7s.jpg,0.01,,,25.0,90.0,50.0,78.0,75.0,0.63531,0.0,66.0,0.0,0.0,0.2485,뭐 할까.,이제 뭐 할까?,일본어 원문 대조 + 자연스러운 한국어 대사 교정,41.74,T3,화자·문맥·자연스러움 집중 검토,,78.58431018935978,57.21,P3,말투·질문응답·가독성 위주 검토
SSIS-575,사진 대조 1차 교정본,1019,"01:35:08,650 --> 01:35:10,910",2.26,이걸 삶아 줘.,그럼 뭘 부탁할까.,괜찮지?,반응형,sub_1019_5708.6s.jpg,0.05,,,25.0,90.0,50.0,78.0,75.0,0.7043,0.0,66.0,0.0,0.0,0.3141,"하지만 앨리스, 이걸 사랑해 줘.","앨리스, 더 느껴 줘.",부자연스러운 명령문을 장면에 맞게 교정,44.64,T3,화자·문맥·자연스러움 집중 검토,,86.74481514878268,62.32,P2,앞뒤 5블록·사진·오류 기억을 함께 검토
SSIS-575,사진 대조 1차 교정본,1020,"01:35:11,530 --> 01:35:11,810",0.28,괜찮지?,이걸 삶아 줘.,네.,반말형,sub_1020_5711.5s.jpg,0.03,,,25.0,90.0,50.0,78.0,75.0,0.41431,0.0,66.0,0.0,0.0,0.2308,뭐든 괜찮지만… 후와 씨?,뭐든 괜찮지만… 후우아 씨라고 부를까요?,출연자 이름 오인식 교정,32.46,T4,구조검사 통과 시 유지,,41.456266907123535,36.24,P4,회귀검사 통과 시 유지
SSIS-575,사진 대조 1차 교정본,1021,"01:35:12,070 --> 01:35:12,290",0.22,네.,괜찮지?,열심히 했습니다.,반말형,sub_1021_5712.1s.jpg,0.03,,,25.0,90.0,50.0,78.0,75.0,0.00849,0.0,66.0,0.0,0.0,0.6489,"네, 네.",네.,불필요한 반복 제거,15.42,T4,구조검사 통과 시 유지,,2.254283137962128,9.89,P4,회귀검사 통과 시 유지
SSIS-575,사진 대조 1차 교정본,1022,"01:35:12,490 --> 01:35:12,970",0.48,열심히 했습니다.,네.,후우아 씨는 요리를 자주 해요?,존댓말형,sub_1022_5712.5s.jpg,0.01,,,25.0,90.0,50.0,78.0,75.0,0.44834,0.0,66.0,25.0,35.0,0.5352,열심히 하겠습니다.,힘내 볼게요.,,39.19,T3,화자·문맥·자연스러움 집중 검토,borderline_cps;formality_jump,68.6429215509468,51.56,P3,말투·질문응답·가독성 위주 검토
SSIS-575,사진 대조 1차 교정본,1023,"01:35:17,190 --> 01:35:19,010",1.82,후우아 씨는 요리를 자주 해요?,열심히 했습니다.,요리?,반응형,sub_1023_5717.2s.jpg,0.01,출연자 이름 오인식 교정,높음,25.0,90.0,50.0,78.0,75.0,0.63925,21.99,22.0,0.0,18.0,0.8332,후와 씨는 요리를 자주 해요?,후우아 씨는 요리를 자주 해요?,출연자 이름 오인식 교정,28.99,T4,구조검사 통과 시 유지,formality_shift,29.215509467989182,29.08,P4,회귀검사 통과 시 유지
SSIS-575,사진 대조 1차 교정본,1024,"01:35:19,150 --> 01:35:19,710",0.56,요리?,후우아 씨는 요리를 자주 해요?,가끔 해.,중립·혼합형,sub_1024_5719.1s.jpg,0.05,,,25.0,90.0,50.0,78.0,75.0,0.32637,0.0,66.0,0.0,0.0,0.1514,후와 씨는 요리를 자주 해요?,후우아 씨는 요리를 자주 해요?,출연자 이름 오인식 교정,28.77,T4,구조검사 통과 시 유지,,28.40396753832281,28.62,P4,회귀검사 통과 시 유지
SSIS-575,사진 대조 1차 교정본,1025,"01:35:19,710 --> 01:35:23,530",3.82,가끔 해.,요리?,"와, 대단하네요.",반말형,sub_1025_5719.7s.jpg,0.01,,,25.0,90.0,50.0,78.0,75.0,0.45119,0.0,66.0,0.0,0.0,0.3589,해외여행은 가끔 가요.,"와, 진짜 크다.",일본어 원문 + 타임스탬프 사진 + 장면 연속성,34.01,T4,구조검사 통과 시 유지,,47.8809738503156,39.84,P4,회귀검사 통과 시 유지
SSIS-575,사진 대조 1차 교정본,1026,"01:35:24,950 --> 01:35:26,110",1.16,"와, 대단하네요.",가끔 해.,매일 하지는 않지만.,반말형,sub_1026_5724.9s.jpg,0.05,,,25.0,90.0,50.0,78.0,75.0,0.537,26.76,66.0,0.0,0.0,0.873,대단하네요.,바다다!,일본어 원문 대조 + 자연스러운 한국어 대사 교정,42.43,T3,화자·문맥·자연스러움 집중 검토,,80.27502254283138,58.32,P2,앞뒤 5블록·사진·오류 기억을 함께 검토
SSIS-575,사진 대조 1차 교정본,1027,"01:35:26,550 --> 01:35:28,170",1.62,매일 하지는 않지만.,"와, 대단하네요.",요리는 할 수 있는 편이 좋죠.,반말형,sub_1027_5726.6s.jpg,0.05,,,25.0,90.0,50.0,78.0,75.0,0.52058,0.0,66.0,0.0,0.0,0.2048,내가 매일 닦아줄 테니까…,그럼 내가 매일 닦아 줄게.,일본어 원문 대조 + 자연스러운 한국어 대사 교정,36.92,T3,화자·문맥·자연스러움 집중 검토,,58.746618575293056,46.09,P3,말투·질문응답·가독성 위주 검토
SSIS-575,사진 대조 1차 교정본,1028,"01:35:30,250 --> 01:35:31,990",1.74,요리는 할 수 있는 편이 좋죠.,매일 하지는 않지만.,그렇지.,중립·혼합형,sub_1028_5730.2s.jpg,0.05,,,25.0,90.0,50.0,78.0,75.0,0.67713,0.0,66.0,0.0,0.0,0.249,여러 번 할 수 있는 사람.,그런 사람이 좋아.,,43.5,T3,화자·문맥·자연스러움 집중 검토,,83.72407574391345,60.39,P2,앞뒤 5블록·사진·오류 기억을 함께 검토
SSIS-575,사진 대조 1차 교정본,1029,"01:35:32,450 --> 01:35:33,030",0.58,그렇지.,요리는 할 수 있는 편이 좋죠.,전혀 못 해요.,반말형,sub_1029_5732.4s.jpg,0.05,,,25.0,90.0,50.0,78.0,75.0,0.22299,0.0,66.0,0.0,0.0,0.2319,전부 다 그러면 큰일이지. 그렇지 않아.,다 그러면 큰일 나죠. 저는 안 가요.,사진 장면 확인 및 한국어 번역투·ASR 오역 교정,24.43,T4,구조검사 통과 시 유지,,16.321009918845807,21.02,P4,회귀검사 통과 시 유지
SSIS-575,사진 대조 1차 교정본,1030,"01:35:33,790 --> 01:35:34,270",0.48,전혀 못 해요.,그렇지.,이거요?,반말형,sub_1030_5733.8s.jpg,0.01,,,25.0,90.0,50.0,78.0,79.0,0.58364,0.0,66.0,0.0,0.0,0.288,"있잖아, 전혀 못 했잖아. 별거 없네.","있잖아, 아직 제대로 못 했잖아.",사진 장면 확인 및 한국어 번역투·ASR 오역 교정,39.81,T3,화자·문맥·자연스러움 집중 검토,,71.2804328223625,53.03,P3,말투·질문응답·가독성 위주 검토
SSIS-575,사진 대조 1차 교정본,1031,"01:35:34,850 --> 01:35:34,970",0.12,이거요?,전혀 못 해요.,"응, 그거.",중립·혼합형,sub_1031_5734.9s.jpg,0.05,,,25.0,90.0,50.0,78.0,75.0,0.20403,0.0,66.0,70.0,0.0,0.1355,"네, 이거.","네, 해 볼게요.",사진 장면 확인 및 한국어 번역투·ASR 오역 교정,30.63,T4,구조검사 통과 시 유지,high_cps,34.49053201082056,32.25,P4,회귀검사 통과 시 유지
SSIS-575,사진 대조 1차 교정본,1032,"01:35:35,790 --> 01:35:36,170",0.38,"응, 그거.",이거요?,"어, 잠깐?",반응형,sub_1032_5735.8s.jpg,0.01,,,25.0,90.0,50.0,78.0,75.0,0.38315,0.0,66.0,0.0,0.0,0.253,"응, 더...","응, 더…",,31.15,T4,구조검사 통과 시 유지,,36.677186654643826,33.47,P4,회귀검사 통과 시 유지
SSIS-575,사진 대조 1차 교정본,1033,"01:35:37,930 --> 01:35:38,790",0.86,"어, 잠깐?","응, 그거.",이건…,반응형,sub_1033_5737.9s.jpg,0.03,,,25.0,90.0,50.0,78.0,75.0,0.42644,0.0,66.0,0.0,0.0,0.3169,"어, 뭐 좀 해 줘.",양치 좀 해 줘.,손상된 일본어 ASR + 타임스탬프 사진 + 앞뒤 문맥 추론,32.97,T4,구조검사 통과 시 유지,,43.95852119026149,37.59,P4,회귀검사 통과 시 유지
SSIS-575,사진 대조 1차 교정본,1034,"01:35:39,050 --> 01:35:39,810",0.76,이건…,"어, 잠깐?",파프리카?,중립·혼합형,sub_1034_5739.1s.jpg,0.05,,,25.0,90.0,50.0,78.0,75.0,0.30511,0.0,66.0,0.0,0.0,0.197,"이건,",이건,,27.87,T4,구조검사 통과 시 유지,,25.653742110009013,26.94,P4,회귀검사 통과 시 유지
SSIS-575,사진 대조 1차 교정본,1035,"01:35:41,290 --> 01:35:41,870",0.58,파프리카?,이건…,넣어도 돼요?,중립·혼합형,sub_1035_5741.3s.jpg,0.01,,,25.0,90.0,50.0,78.0,75.0,0.25935,0.0,66.0,0.0,0.0,0.0648,파워.,더 세게…,,25.95,T4,구조검사 통과 시 유지,,19.702434625789,23.33,P4,회귀검사 통과 시 유지
SSIS-575,사진 대조 1차 교정본,1036,"01:35:41,870 --> 01:35:46,470",4.6,넣어도 돼요?,파프리카?,젓가락으로 해.,반응형,sub_1036_5741.9s.jpg,0.03,,,25.0,90.0,50.0,78.0,79.0,0.5843,0.0,66.0,0.0,0.0,0.4214,말해도 돼요?,이제 해도 돼요?,타임스탬프 사진과 앞뒤 장면으로 대사 기능 복원,39.84,T3,화자·문맥·자연스러움 집중 검토,,71.32551848512173,53.06,P3,말투·질문응답·가독성 위주 검토
SSIS-575,사진 대조 1차 교정본,1037,"01:35:47,930 --> 01:35:49,080",1.15,젓가락으로 해.,넣어도 돼요?,평소 식사는?,반응형,sub_1037_5747.9s.jpg,0.03,,,25.0,90.0,50.0,78.0,75.0,0.40558,0.0,66.0,0.0,0.0,0.1288,촬영해야 해.,나도 벗을게.,일본어 원문 + 타임스탬프 사진 + 장면 연속성,32.09,T4,구조검사 통과 시 유지,,40.28403967538323,35.53,P4,회귀검사 통과 시 유지
SSIS-575,사진 대조 1차 교정본,1038,"01:35:54,590 --> 01:35:55,430",0.84,평소 식사는?,젓가락으로 해.,사 먹는 게 대부분이에요.,중립·혼합형,sub_1038_5754.6s.jpg,0.01,,,25.0,90.0,50.0,78.0,75.0,0.47387,0.0,66.0,0.0,0.0,0.194,"아버님, 식사는 어떻게 하실래요?","아버님, 아침은 어떻게 하실래요?",시간대·장면 문맥 반영,34.96,T4,구조검사 통과 시 유지,,51.42019837691614,41.87,P3,말투·질문응답·가독성 위주 검토
SSIS-575,사진 대조 1차 교정본,1039,"01:35:56,550 --> 01:35:57,950",1.4,사 먹는 게 대부분이에요.,평소 식사는?,역시 일이 바빠서요.,존댓말형,sub_1039_5756.6s.jpg,0.05,,,25.0,90.0,50.0,78.0,75.0,0.61179,0.0,66.0,0.0,0.0,0.2772,어떻게 먹는 게 좋아?,어떻게 해 주는 게 좋아?,일본어 원문 대조 + 자연스러운 한국어 대사 교정,40.76,T3,화자·문맥·자연스러움 집중 검토,,75.09017132551848,55.18,P3,말투·질문응답·가독성 위주 검토
SSIS-575,사진 대조 1차 교정본,1040,"01:35:58,090 --> 01:35:59,990",1.9,역시 일이 바빠서요.,사 먹는 게 대부분이에요.,편의점?,중립·혼합형,sub_1040_5758.1s.jpg,0.01,,,25.0,90.0,50.0,78.0,75.0,0.5542,0.0,66.0,0.0,0.0,0.2125,일이 되면…,제대로 핥아 줘.,타임스탬프 사진과 장면 흐름으로 명백한 오인식 교정,38.34,T3,화자·문맥·자연스러움 집중 검토,,65.23895401262398,49.64,P3,말투·질문응답·가독성 위주 검토
SSIS-575,사진 대조 1차 교정본,1041,"01:36:00,270 --> 01:36:00,710",0.44,편의점?,역시 일이 바빠서요.,편의점이나 가끔 배달 음식이요.,중립·혼합형,sub_1041_5760.3s.jpg,0.03,,,25.0,90.0,50.0,78.0,75.0,0.32869,0.0,66.0,0.0,0.0,0.0425,혀를 움직이는 편이 하기 편하네...,혀를 움직이는 편이 하기 편하네…,,28.87,T4,구조검사 통과 시 유지,,28.74211000901713,28.82,P4,회귀검사 통과 시 유지
SSIS-575,사진 대조 1차 교정본,1042,"01:36:01,190 --> 01:36:05,650",4.46,편의점이나 가끔 배달 음식이요.,편의점?,"아, 배달.",중립·혼합형,sub_1042_5761.2s.jpg,0.01,,,25.0,90.0,50.0,78.0,75.0,0.63206,0.0,66.0,0.0,0.0,0.1431,해외여행은 가끔 가요.,"와, 진짜 크다.",일본어 원문 + 타임스탬프 사진 + 장면 연속성,41.61,T3,화자·문맥·자연스러움 집중 검토,,78.04328223624887,56.91,P3,말투·질문응답·가독성 위주 검토
SSIS-575,사진 대조 1차 교정본,1043,"01:36:05,890 --> 01:36:08,270",2.38,"아, 배달.",편의점이나 가끔 배달 음식이요.,그래도 직접 만든 게 맛있죠.,반응형,sub_1043_5765.9s.jpg,0.01,,,25.0,90.0,50.0,78.0,75.0,0.4379,0.0,66.0,0.0,0.0,0.3686,"아, 아, 아, 아, 아, 아, 아,","아, 아, 아, 아, 아, 아, 아",,33.45,T4,구조검사 통과 시 유지,,45.49143372407574,38.51,P4,회귀검사 통과 시 유지
SSIS-575,사진 대조 1차 교정본,1044,"01:36:12,020 --> 01:36:13,480",1.46,그래도 직접 만든 게 맛있죠.,"아, 배달.",얼마나 더 삶아야 해?,중립·혼합형,sub_1044_5772.0s.jpg,0.02,,,25.0,90.0,50.0,78.0,75.0,0.66673,0.0,66.0,0.0,0.0,0.2428,직접 만지는 게 더 기분 좋아...,직접 만지는 게 더 기분 좋아…,,43.06,T3,화자·문맥·자연스러움 집중 검토,,82.48422001803426,59.62,P2,앞뒤 5블록·사진·오류 기억을 함께 검토
SSIS-575,사진 대조 1차 교정본,1045,"01:36:16,080 --> 01:36:17,360",1.28,얼마나 더 삶아야 해?,그래도 직접 만든 게 맛있죠.,5분 정도?,반응형,sub_1045_5776.1s.jpg,0.02,,,25.0,90.0,50.0,78.0,75.0,0.62374,0.0,66.0,0.0,0.0,0.1968,"아니, 재미있을까 해서 말이야. 네가 얼마나 참을 수 있는지도 알고 싶었고.",조금만 천천히…,타임스탬프 사진으로 장면 불일치 확인 후 재복원,41.26,T3,화자·문맥·자연스러움 집중 검토,,76.62308385933272,56.11,P3,말투·질문응답·가독성 위주 검토
SSIS-575,사진 대조 1차 교정본,1046,"01:36:18,760 --> 01:36:19,820",1.06,5분 정도?,얼마나 더 삶아야 해?,5분?,중립·혼합형,sub_1046_5778.8s.jpg,0.04,,,25.0,90.0,50.0,78.0,75.0,0.58004,0.0,66.0,0.0,0.0,0.1121,아직 한 10분 정도. 10년 정도.,조금 어려 보이지 않아요?,타임스탬프 사진과 앞뒤 장면으로 대사 기능 복원,39.42,T3,화자·문맥·자연스러움 집중 검토,,69.97294860234446,52.25,P3,말투·질문응답·가독성 위주 검토
SSIS-575,사진 대조 1차 교정본,1047,"01:36:20,040 --> 01:36:20,400",0.36,5분?,5분 정도?,응.,중립·혼합형,sub_1047_5780.0s.jpg,0.04,,,25.0,90.0,50.0,78.0,75.0,0.52655,0.0,66.0,0.0,0.0,0.1764,그 밑부분?,그 밑줄기?,일본어 원문 대조 + 자연스러운 한국어 대사 교정,37.17,T3,화자·문맥·자연스러움 집중 검토,,60.14427412082958,46.82,P3,말투·질문응답·가독성 위주 검토
SSIS-575,사진 대조 1차 교정본,1048,"01:36:20,400 --> 01:36:20,740",0.34,응.,5분?,시간 잴까요?,반응형,sub_1048_5780.4s.jpg,0.0,,,25.0,90.0,50.0,78.0,75.0,0.01384,0.0,66.0,0.0,0.0,0.4021,"하-, 응.",하아… 응.,,15.64,T4,구조검사 통과 시 유지,,4.531109107303878,10.97,P4,회귀검사 통과 시 유지
SSIS-575,사진 대조 1차 교정본,1049,"01:36:21,620 --> 01:36:22,360",0.74,시간 잴까요?,응.,응.,존댓말형,sub_1049_5781.6s.jpg,0.02,,,25.0,90.0,50.0,78.0,75.0,0.29984,0.0,66.0,0.0,0.0,0.1164,우리는 누구일까요?,[불명],,27.65,T4,구조검사 통과 시 유지,,25.090171325518483,26.57,P4,회귀검사 통과 시 유지
SSIS-575,사진 대조 1차 교정본,1050,"01:36:23,160 --> 01:36:23,580",0.42,응.,시간 잴까요?,이제 됐어요.,반응형,sub_1050_5783.2s.jpg,0.04,,,25.0,90.0,50.0,78.0,75.0,0.01146,0.0,66.0,0.0,0.0,0.4021,"하-, 응.",하아… 응.,,15.54,T4,구조검사 통과 시 유지,,3.5843101893597837,10.52,P4,회귀검사 통과 시 유지
SSIS-575,사진 대조 1차 교정본,1051,"01:36:23,880 --> 01:36:24,180",0.3,이제 됐어요.,응.,완성됐네.,반응형,sub_1051_5783.9s.jpg,0.02,,,25.0,90.0,50.0,78.0,75.0,0.39216,0.0,66.0,25.0,0.0,0.4321,그리고 여기까지 할 수 있게 됐어요.,이제 여기까지 정리됐어요.,,34.03,T4,구조검사 통과 시 유지,borderline_cps,47.993688007213706,39.89,P4,회귀검사 통과 시 유지
SSIS-575,사진 대조 1차 교정본,1052,"01:36:24,580 --> 01:36:25,100",0.52,완성됐네.,이제 됐어요.,다 됐다.,반말형,sub_1052_5784.6s.jpg,0.02,,,25.0,90.0,50.0,78.0,75.0,0.28214,0.0,66.0,0.0,0.0,0.2381,좀 쉬게 됐네.,이제 좀 쉬자.,,26.91,T4,구조검사 통과 시 유지,,22.813345356176736,25.19,P4,회귀검사 통과 시 유지
SSIS-575,사진 대조 1차 교정본,1053,"01:36:25,640 --> 01:36:26,200",0.56,다 됐다.,완성됐네.,완성.,중립·혼합형,sub_1053_5785.6s.jpg,0.04,,,25.0,90.0,50.0,78.0,75.0,0.519,0.0,66.0,0.0,0.0,0.1369,다 보이고 있어.,전부 다 보이네.,,36.86,T3,화자·문맥·자연스러움 집중 검토,,58.56627592425608,45.98,P3,말투·질문응답·가독성 위주 검토
SSIS-575,사진 대조 1차 교정본,1054,"01:36:26,200 --> 01:36:26,240",0.04,완성.,다 됐다.,소스도 다 됐죠?,중립·혼합형,sub_1054_5786.2s.jpg,0.0,,,25.0,90.0,50.0,78.0,75.0,0.43051,0.0,66.0,70.0,0.0,0.0628,완전 초보.,입 벌려.,손상된 일본어 ASR + 타임스탬프 사진 + 앞뒤 문맥 추론,40.14,T3,화자·문맥·자연스러움 집중 검토,high_cps,72.58791704238052,53.77,P3,말투·질문응답·가독성 위주 검토
SSIS-575,사진 대조 1차 교정본,1055,"01:36:29,040 --> 01:36:30,660",1.62,소스도 다 됐죠?,완성.,아직 조금 더.,중립·혼합형,sub_1055_5789.0s.jpg,0.04,,,25.0,90.0,50.0,78.0,75.0,0.63121,0.0,66.0,0.0,0.0,0.1133,소리가 다 들려.,소리가 다 들리네.,손상된 일본어 ASR + 타임스탬프 사진 + 앞뒤 문맥 추론,41.57,T3,화자·문맥·자연스러움 집중 검토,,77.81785392245266,56.79,P3,말투·질문응답·가독성 위주 검토
SSIS-575,사진 대조 1차 교정본,1056,"01:36:30,820 --> 01:36:31,900",1.08,아직 조금 더.,소스도 다 됐죠?,어떻게 하지?,반응형,sub_1056_5790.8s.jpg,0.02,,,25.0,90.0,50.0,78.0,75.0,0.65694,0.0,66.0,0.0,0.0,0.499,아직 더...,아직 더…,,42.65,T3,화자·문맥·자연스러움 집중 검토,,81.58250676284942,59.0,P2,앞뒤 5블록·사진·오류 기억을 함께 검토
SSIS-575,사진 대조 1차 교정본,1057,"01:36:32,200 --> 01:36:32,740",0.54,어떻게 하지?,아직 조금 더.,정말 다정하네.,반응형,sub_1057_5792.2s.jpg,0.0,,,25.0,90.0,50.0,78.0,75.0,0.61043,0.0,66.0,0.0,0.0,0.4571,어떻게 하지...,어떻게 하지…,,40.7,T3,화자·문맥·자연스러움 집중 검토,,74.90982867448152,55.07,P3,말투·질문응답·가독성 위주 검토
SSIS-575,사진 대조 1차 교정본,1058,"01:36:38,150 --> 01:36:39,610",1.46,정말 다정하네.,어떻게 하지?,도와주고 있으니까.,반말형,sub_1058_5798.1s.jpg,0.05,,,25.0,90.0,50.0,78.0,75.0,0.57166,0.0,66.0,0.0,0.0,0.2292,정말 좋아.,거기 좋아.,타임스탬프 사진과 장면 흐름으로 명백한 오인식 교정,39.07,T3,화자·문맥·자연스러움 집중 검토,,68.19206492335438,51.3,P3,말투·질문응답·가독성 위주 검토
SSIS-575,사진 대조 1차 교정본,1059,"01:36:39,910 --> 01:36:41,370",1.46,도와주고 있으니까.,정말 다정하네.,뭔가 실수하고 있어도 아무 말 안 하시고…,반응형,sub_1059_5799.9s.jpg,0.01,,,25.0,90.0,50.0,78.0,75.0,0.57061,0.0,66.0,0.0,0.0,0.2058,세게 깨물었으니까.,어느 쪽부터 베어 먹었을까?,,39.03,T3,화자·문맥·자연스러움 집중 검토,,67.98917944093779,51.19,P3,말투·질문응답·가독성 위주 검토
SSIS-575,사진 대조 1차 교정본,1060,"01:36:43,030 --> 01:36:48,190",5.16,뭔가 실수하고 있어도 아무 말 안 하시고…,도와주고 있으니까.,저는 다정하다는 말을 별로 못 들어요.,중립·혼합형,sub_1060_5803.0s.jpg,0.03,,,25.0,90.0,50.0,78.0,75.0,0.77664,0.0,66.0,0.0,0.0,0.1688,쭉 마시고…,한 번에 쭉…,일본어 원문 대조 + 자연스러운 한국어 대사 교정,47.68,T3,화자·문맥·자연스러움 집중 검토,,93.41749323715058,66.89,P2,앞뒤 5블록·사진·오류 기억을 함께 검토
SSIS-575,사진 대조 1차 교정본,1061,"01:36:53,430 --> 01:36:55,370",1.94,저는 다정하다는 말을 별로 못 들어요.,뭔가 실수하고 있어도 아무 말 안 하시고…,못 들어?,중립·혼합형,sub_1061_5813.4s.jpg,0.03,,,25.0,90.0,50.0,78.0,75.0,0.78156,0.0,66.0,0.0,0.0,0.3322,일본 사람이 아닌 것 같다는 말을 자주 들어요.,일본인 같지 않은 몸매라는 말을 자주 들어요.,타임스탬프 사진과 앞뒤 장면으로 대사 기능 복원,47.89,T3,화자·문맥·자연스러움 집중 검토,,93.77817853922453,67.16,P2,앞뒤 5블록·사진·오류 기억을 함께 검토
SSIS-575,사진 대조 1차 교정본,1062,"01:36:55,410 --> 01:36:55,950",0.54,못 들어?,저는 다정하다는 말을 별로 못 들어요.,무뚝뚝해 보인다는 말을 많이 들어서요.,반응형,sub_1062_5815.4s.jpg,0.01,,,25.0,90.0,50.0,78.0,75.0,0.45971,0.0,66.0,0.0,0.0,0.2284,못 울겠어?,목이 막혀?,사진 장면 확인 및 한국어 번역투·ASR 오역 교정,34.37,T4,구조검사 통과 시 유지,,49.23354373309288,40.61,P3,말투·질문응답·가독성 위주 검토
SSIS-575,사진 대조 1차 교정본,1063,"01:36:56,170 --> 01:37:01,990",5.82,무뚝뚝해 보인다는 말을 많이 들어서요.,못 들어?,그래도 배려를 많이 하잖아.,반응형,sub_1063_5816.2s.jpg,0.03,,,25.0,90.0,50.0,78.0,75.0,0.84557,0.0,66.0,0.0,0.0,0.1791,저도 그런 말을 들어 보고 싶어요.,그런 말 들으면 기분 좋아요.,타임스탬프 사진과 앞뒤 장면으로 대사 기능 복원,50.57,T3,화자·문맥·자연스러움 집중 검토,,96.9341749323715,70.04,P2,앞뒤 5블록·사진·오류 기억을 함께 검토
SSIS-575,사진 대조 1차 교정본,1064,"01:37:09,980 --> 01:37:11,300",1.32,그래도 배려를 많이 하잖아.,무뚝뚝해 보인다는 말을 많이 들어서요.,위험해? 괜찮아?,반응형,sub_1064_5830.0s.jpg,0.02,,,25.0,90.0,50.0,78.0,75.0,0.75432,0.0,66.0,0.0,0.0,0.2532,그래도 계속 하고 싶어.,그래도 계속하고 싶어.,손상된 일본어 ASR + 타임스탬프 사진 + 앞뒤 문맥 추론,46.74,T3,화자·문맥·자연스러움 집중 검토,,91.5238954012624,65.55,P2,앞뒤 5블록·사진·오류 기억을 함께 검토
SSIS-575,사진 대조 1차 교정본,1065,"01:37:11,440 --> 01:37:12,600",1.16,위험해? 괜찮아?,그래도 배려를 많이 하잖아.,그럼 나중에 더 해 보자.,반응형,sub_1065_5831.4s.jpg,0.04,,,25.0,90.0,50.0,78.0,75.0,0.62983,0.0,66.0,0.0,0.0,0.3527,위험해.,큰일 나.,,41.51,T3,화자·문맥·자연스러움 집중 검토,,77.5473399458972,56.65,P3,말투·질문응답·가독성 위주 검토
SSIS-575,사진 대조 1차 교정본,1066,"01:37:14,100 --> 01:37:15,660",1.56,그럼 나중에 더 해 보자.,위험해? 괜찮아?,이거 맛있네요.,반말형,sub_1066_5834.1s.jpg,0.0,,,25.0,90.0,50.0,78.0,75.0,0.65211,0.0,66.0,0.0,0.0,0.4612,한번 보자.,밖을 봐 보자.,일본어 원문 + 타임스탬프 사진 + 장면 연속성,42.45,T3,화자·문맥·자연스러움 집중 검토,,80.38773669972949,58.38,P2,앞뒤 5블록·사진·오류 기억을 함께 검토
SSIS-575,사진 대조 1차 교정본,1067,"01:37:29,810 --> 01:37:31,050",1.24,이거 맛있네요.,그럼 나중에 더 해 보자.,"응, 맛있어.",반말형,sub_1067_5849.8s.jpg,0.01,,,25.0,90.0,50.0,78.0,75.0,0.44934,0.0,66.0,0.0,0.0,0.2513,저쪽에 엔진이 있네요.,저쪽이 엔진실인가 봐요.,선박 관람 장면 표현 자연화,33.93,T4,구조검사 통과 시 유지,,47.52028854824166,39.64,P4,회귀검사 통과 시 유지
SSIS-575,사진 대조 1차 교정본,1068,"01:37:31,150 --> 01:37:32,290",1.14,"응, 맛있어.",이거 맛있네요.,어디서 샀어요?,반응형,sub_1068_5851.1s.jpg,0.05,,,25.0,90.0,50.0,78.0,75.0,0.30657,0.0,66.0,0.0,0.0,0.6247,"음-, 맛있어.",음… 맛있어.,,27.94,T4,구조검사 통과 시 유지,,26.0595130748422,27.15,P4,회귀검사 통과 시 유지
SSIS-575,사진 대조 1차 교정본,1069,"01:37:32,470 --> 01:37:34,170",1.7,어디서 샀어요?,"응, 맛있어.",그냥 근처 슈퍼에서.,반응형,sub_1069_5852.5s.jpg,0.03,,,25.0,90.0,50.0,78.0,75.0,0.32896,0.0,66.0,0.0,0.0,0.1249,말해 버렸어요?,소리 내 버렸어요?,사진 장면 확인 및 한국어 번역투·ASR 오역 교정,28.88,T4,구조검사 통과 시 유지,,28.83228133453562,28.86,P4,회귀검사 통과 시 유지
SSIS-575,사진 대조 1차 교정본,1070,"01:37:34,410 --> 01:37:36,870",2.46,그냥 근처 슈퍼에서.,어디서 샀어요?,처음 봤어요.,중립·혼합형,sub_1070_5854.4s.jpg,0.01,,,25.0,90.0,50.0,78.0,75.0,0.45846,0.0,66.0,0.0,0.0,0.0954,뒤에서...,뒤에서…,,34.32,T4,구조검사 통과 시 유지,,48.963029756537416,40.47,P3,말투·질문응답·가독성 위주 검토
SSIS-575,사진 대조 1차 교정본,1071,"01:37:36,870 --> 01:37:38,610",1.74,처음 봤어요.,그냥 근처 슈퍼에서.,나도 이건 처음 마시는 것 같아.,반응형,sub_1071_5856.9s.jpg,0.03,,,25.0,90.0,50.0,78.0,75.0,0.41696,0.0,66.0,0.0,0.0,0.1971,이런 경험 처음 당해봐?,이런 경험 처음 당해 봐?,,32.57,T4,구조검사 통과 시 유지,,42.08746618575293,36.57,P4,회귀검사 통과 시 유지
SSIS-575,사진 대조 1차 교정본,1072,"01:37:39,710 --> 01:37:41,670",1.96,나도 이건 처음 마시는 것 같아.,처음 봤어요.,평소에 술 마셔?,중립·혼합형,sub_1072_5859.7s.jpg,0.01,,,25.0,90.0,50.0,78.0,75.0,0.67752,0.0,66.0,0.0,0.0,0.3897,갈 것 같아.,진짜 갈 것 같아.,일본어 원문 대조 + 자연스러운 한국어 대사 교정,43.52,T3,화자·문맥·자연스러움 집중 검토,,83.81424706943193,60.44,P2,앞뒤 5블록·사진·오류 기억을 함께 검토
SSIS-575,사진 대조 1차 교정본,1073,"01:37:42,630 --> 01:37:44,370",1.74,평소에 술 마셔?,나도 이건 처음 마시는 것 같아.,집에서는 별로 안 마셔.,중립·혼합형,sub_1073_5862.6s.jpg,0.03,,,25.0,90.0,50.0,78.0,75.0,0.48409,0.0,66.0,0.0,0.0,0.4024,평소에 어느 정도 하는 거야?,평소엔 얼마나 자주 해?,일본어 원문 대조 + 자연스러운 한국어 대사 교정,35.39,T3,화자·문맥·자연스러움 집중 검토,,52.99819657348963,42.79,P3,말투·질문응답·가독성 위주 검토
SSIS-575,사진 대조 1차 교정본,1074,"01:37:46,310 --> 01:37:48,030",1.72,집에서는 별로 안 마셔.,평소에 술 마셔?,선배들과 밥 먹으러 갈 때는 마시지만 자주는 아니에요.,중립·혼합형,sub_1074_5866.3s.jpg,0.01,,,25.0,90.0,50.0,78.0,75.0,0.49022,0.0,66.0,0.0,0.0,0.2106,그런 거 집에서 해봐.,그런 거 집에서 해 봐.,,35.65,T3,화자·문맥·자연스러움 집중 검토,,54.30568079350766,43.49,P3,말투·질문응답·가독성 위주 검토
SSIS-575,사진 대조 1차 교정본,1075,"01:37:48,590 --> 01:37:54,430",5.84,선배들과 밥 먹으러 갈 때는 마시지만 자주는 아니에요.,집에서는 별로 안 마셔.,후우아 씨는 술 자주 마셔요?,반말형,sub_1075_5868.6s.jpg,0.01,,,25.0,90.0,50.0,78.0,75.0,0.75808,0.0,66.0,0.0,0.0,0.2697,"손이 아니라, 손은 아니에요.",손 말고 혀로 해 주세요.,사진 장면 확인 및 한국어 번역투·ASR 오역 교정,46.9,T3,화자·문맥·자연스러움 집중 검토,,91.88458070333634,65.79,P2,앞뒤 5블록·사진·오류 기억을 함께 검토
SSIS-575,사진 대조 1차 교정본,1076,"01:37:55,770 --> 01:37:56,590",0.82,후우아 씨는 술 자주 마셔요?,선배들과 밥 먹으러 갈 때는 마시지만 자주는 아니에요.,"응, 꽤 마시는 편일지도.",반응형,sub_1076_5875.8s.jpg,0.03,출연자 이름 및 문장 자연화,높음,25.0,90.0,50.0,92.0,75.0,0.54837,2.9,22.0,0.0,0.0,0.6742,후와 씨는 마셔요?,후우아 씨는 술 자주 마셔요?,출연자 이름 및 문장 자연화,22.73,T4,구조검사 통과 시 유지,,13.165013525698827,18.71,P4,회귀검사 통과 시 유지
SSIS-575,사진 대조 1차 교정본,1077,"01:37:57,470 --> 01:37:58,830",1.36,"응, 꽤 마시는 편일지도.",후우아 씨는 술 자주 마셔요?,어떤 술을 좋아해요?,반응형,sub_1077_5877.5s.jpg,0.03,,,25.0,90.0,50.0,78.0,75.0,0.44597,0.0,66.0,0.0,0.0,0.2217,술꾼들이 마시는 방식이에요.,술 좋아하는 사람들은 이렇게 천천히 먹어요.,,33.79,T4,구조검사 통과 시 유지,,46.84400360685302,39.27,P4,회귀검사 통과 시 유지
SSIS-575,사진 대조 1차 교정본,1078,"01:37:59,670 --> 01:38:00,710",1.04,어떤 술을 좋아해요?,"응, 꽤 마시는 편일지도.","음, 술은…",반응형,sub_1078_5879.7s.jpg,0.03,,,25.0,90.0,50.0,78.0,75.0,0.40568,0.0,66.0,0.0,0.0,0.2809,유두를 좋아해요.,젖꼭지를 좋아해요.,,32.1,T4,구조검사 통과 시 유지,,40.37421100090171,35.58,P4,회귀검사 통과 시 유지
SSIS-575,사진 대조 1차 교정본,1079,"01:38:01,310 --> 01:38:02,510",1.2,"음, 술은…",어떤 술을 좋아해요?,맥주도 마시고 웬만한 건 다 마셔.,중립·혼합형,sub_1079_5881.3s.jpg,0.01,,,25.0,90.0,50.0,78.0,75.0,0.3172,0.0,66.0,0.0,0.0,0.3032,"더 야하게 해 봐. 음, 음, 음... 그렇지!","더 야하게 해 봐. 음, 음, 음… 그렇지!",,28.38,T4,구조검사 통과 시 유지,,27.141568981064022,27.86,P4,회귀검사 통과 시 유지
SSIS-575,사진 대조 1차 교정본,1080,"01:38:03,470 --> 01:38:09,750",6.28,맥주도 마시고 웬만한 건 다 마셔.,"음, 술은…",와인도요?,중립·혼합형,sub_1080_5883.5s.jpg,0.03,,,25.0,90.0,50.0,78.0,75.0,0.73179,0.0,66.0,0.0,0.0,0.241,토헤산을 마시고 있어.,이거 마셔 보고 싶었어요.,사진 장면 확인 및 한국어 번역투·ASR 오역 교정,45.79,T3,화자·문맥·자연스러움 집중 검토,,89.38232642019838,64.1,P2,앞뒤 5블록·사진·오류 기억을 함께 검토
SSIS-575,사진 대조 1차 교정본,1081,"01:38:10,330 --> 01:38:11,990",1.66,와인도요?,맥주도 마시고 웬만한 건 다 마셔.,응.,중립·혼합형,sub_1081_5890.3s.jpg,0.03,,,25.0,90.0,50.0,78.0,75.0,0.29583,0.0,66.0,0.0,0.0,0.0453,말해도 돼요?,이제 해도 돼요?,타임스탬프 사진과 앞뒤 장면으로 대사 기능 복원,27.48,T4,구조검사 통과 시 유지,,24.706943192064923,26.32,P4,회귀검사 통과 시 유지
SSIS-575,사진 대조 1차 교정본,1082,"01:38:12,070 --> 01:38:12,270",0.2,응.,와인도요?,일본주도.,반응형,sub_1082_5892.1s.jpg,0.03,,,25.0,90.0,50.0,78.0,75.0,0.01413,0.0,66.0,0.0,0.0,0.4021,"하-, 응.",하아… 응.,,15.65,T4,구조검사 통과 시 유지,,4.6212804328223624,11.02,P4,회귀검사 통과 시 유지
SSIS-575,사진 대조 1차 교정본,1083,"01:38:13,830 --> 01:38:14,470",0.64,일본주도.,응.,일본주까지요? 대단하다.,중립·혼합형,sub_1083_5893.8s.jpg,0.03,,,25.0,90.0,50.0,78.0,75.0,0.19958,0.0,66.0,0.0,0.0,0.1088,너도.,너도 보여.,일본어 원문 대조 + 자연스러운 한국어 대사 교정,23.44,T4,구조검사 통과 시 유지,,14.179440937781784,19.55,P4,회귀검사 통과 시 유지
SSIS-575,사진 대조 1차 교정본,1084,"01:38:14,470 --> 01:38:15,450",0.98,일본주까지요? 대단하다.,일본주도.,너도 마실 수 있어?,반말형,sub_1084_5894.5s.jpg,0.03,,,25.0,90.0,50.0,78.0,75.0,0.41902,0.0,66.0,0.0,0.0,0.1754,대단하네.,땀이 엄청나네.,손상된 일본어 ASR + 타임스탬프 사진 + 앞뒤 문맥 추론,32.66,T4,구조검사 통과 시 유지,,42.470694319206494,36.78,P4,회귀검사 통과 시 유지
SSIS-575,사진 대조 1차 교정본,1085,"01:38:15,650 --> 01:38:16,090",0.44,너도 마실 수 있어?,일본주까지요? 대단하다.,저는 와인은 별로고 일본주는 가끔 마셔요.,반응형,sub_1085_5895.6s.jpg,0.05,,,25.0,90.0,50.0,78.0,75.0,0.49125,0.0,66.0,25.0,0.0,0.3743,자고 있어?,땀나?,사진 장면 확인 및 한국어 번역투·ASR 오역 교정,38.19,T3,화자·문맥·자연스러움 집중 검토,borderline_cps,64.44995491433724,49.22,P3,말투·질문응답·가독성 위주 검토
SSIS-575,사진 대조 1차 교정본,1086,"01:38:16,590 --> 01:38:22,170",5.58,저는 와인은 별로고 일본주는 가끔 마셔요.,너도 마실 수 있어?,그렇게 술이 약한 편은 아니구나.,중립·혼합형,sub_1086_5896.6s.jpg,0.01,,,25.0,90.0,50.0,78.0,75.0,0.78678,0.0,66.0,0.0,0.0,0.1643,후와 씨는 마셔요?,후우아 씨는 술 자주 마셔요?,출연자 이름 및 문장 자연화,48.1,T3,화자·문맥·자연스러움 집중 검토,,93.91343552750226,67.34,P2,앞뒤 5블록·사진·오류 기억을 함께 검토
SSIS-575,사진 대조 1차 교정본,1087,"01:38:22,610 --> 01:38:25,850",3.24,그렇게 술이 약한 편은 아니구나.,저는 와인은 별로고 일본주는 가끔 마셔요.,네. 술 마시면서 이야기하는 분위기를 좋아해요.,반응형,sub_1087_5902.6s.jpg,0.01,,,25.0,90.0,50.0,78.0,75.0,0.66371,0.0,66.0,0.0,0.0,0.189,그렇구나.,손 정말 잘 쓰네.,일본어 원문 + 타임스탬프 사진 + 장면 연속성,42.94,T3,화자·문맥·자연스러움 집중 검토,,82.30387736699728,59.47,P2,앞뒤 5블록·사진·오류 기억을 함께 검토
SSIS-575,사진 대조 1차 교정본,1088,"01:38:25,850 --> 01:38:29,410",3.56,네. 술 마시면서 이야기하는 분위기를 좋아해요.,그렇게 술이 약한 편은 아니구나.,그렇구나.,반말형,sub_1088_5905.9s.jpg,0.05,,,25.0,90.0,50.0,78.0,75.0,0.76751,0.0,66.0,0.0,0.0,0.3113,유두를 좋아해요.,젖꼭지를 좋아해요.,,47.3,T3,화자·문맥·자연스러움 집중 검토,,92.74120829576195,66.39,P2,앞뒤 5블록·사진·오류 기억을 함께 검토
SSIS-575,사진 대조 1차 교정본,1089,"01:38:29,490 --> 01:38:29,890",0.4,그렇구나.,네. 술 마시면서 이야기하는 분위기를 좋아해요.,그런 분위기 있잖아요. 아세요?,중립·혼합형,sub_1089_5909.5s.jpg,0.01,,,25.0,90.0,50.0,78.0,75.0,0.25747,42.0,66.0,0.0,0.0,1.0,그렇구나.,손 정말 잘 쓰네.,일본어 원문 + 타임스탬프 사진 + 장면 연속성,33.43,T4,구조검사 통과 시 유지,,45.40126239855726,38.46,P4,회귀검사 통과 시 유지
SSIS-575,사진 대조 1차 교정본,1090,"01:38:30,910 --> 01:38:32,050",1.14,그런 분위기 있잖아요. 아세요?,그렇구나.,알지. 즐겁잖아.,반응형,sub_1090_5910.9s.jpg,0.01,,,25.0,90.0,50.0,78.0,75.0,0.68136,0.0,66.0,0.0,18.0,0.3902,분위기 있지.,그런 분위기 좋지.,일본어 원문 대조 + 자연스러운 한국어 대사 교정,45.12,T3,화자·문맥·자연스러움 집중 검토,formality_shift,87.96212804328223,63.11,P2,앞뒤 5블록·사진·오류 기억을 함께 검토
SSIS-575,사진 대조 1차 교정본,1091,"01:38:32,050 --> 01:38:35,070",3.02,알지. 즐겁잖아.,그런 분위기 있잖아요. 아세요?,네.,반응형,sub_1091_5912.1s.jpg,0.05,,,25.0,90.0,50.0,78.0,75.0,0.44837,0.0,66.0,0.0,0.0,0.3662,네 몸은 네가 잘 알지.,네 몸은 네가 제일 잘 알지.,일본어 원문 대조 + 자연스러운 한국어 대사 교정,33.89,T4,구조검사 통과 시 유지,,47.45266005410279,39.59,P4,회귀검사 통과 시 유지
SSIS-575,사진 대조 1차 교정본,1092,"01:38:35,490 --> 01:38:35,550",0.06,네.,알지. 즐겁잖아.,밖에서도 자주 마셔요?,반말형,sub_1092_5915.5s.jpg,0.01,,,25.0,90.0,50.0,78.0,75.0,0.00801,0.0,66.0,70.0,0.0,0.6489,"네, 네.",네.,불필요한 반복 제거,22.4,T4,구조검사 통과 시 유지,high_cps,12.736699729486023,18.34,P4,회귀검사 통과 시 유지
SSIS-575,사진 대조 1차 교정본,1093,"01:38:38,330 --> 01:38:40,070",1.74,밖에서도 자주 마셔요?,네.,밖에서도 마시고 집에서 혼자 마실 때도 있어.,중립·혼합형,sub_1093_5918.3s.jpg,0.03,,,25.0,90.0,50.0,78.0,75.0,0.4475,0.0,66.0,0.0,0.0,0.4697,후와 씨는 마셔요?,후우아 씨는 술 자주 마셔요?,출연자 이름 및 문장 자연화,33.85,T4,구조검사 통과 시 유지,,47.2497745716862,39.48,P4,회귀검사 통과 시 유지
SSIS-575,사진 대조 1차 교정본,1094,"01:38:40,290 --> 01:38:44,270",3.98,밖에서도 마시고 집에서 혼자 마실 때도 있어.,밖에서도 자주 마셔요?,주로 어느 동네에서요?,중립·혼합형,sub_1094_5920.3s.jpg,0.01,,,25.0,90.0,50.0,78.0,75.0,0.75184,0.0,66.0,0.0,0.0,0.3259,토헤산을 마시고 있어.,이거 마셔 보고 싶었어요.,사진 장면 확인 및 한국어 번역투·ASR 오역 교정,46.64,T3,화자·문맥·자연스러움 집중 검토,,91.34355275022543,65.42,P2,앞뒤 5블록·사진·오류 기억을 함께 검토
SSIS-575,사진 대조 1차 교정본,1095,"01:38:45,110 --> 01:38:49,370",4.26,주로 어느 동네에서요?,밖에서도 마시고 집에서 혼자 마실 때도 있어.,저는 회사가 가까워서 이케부쿠로에 자주 가요. 퇴근길에 들르기도 하고.,반응형,sub_1095_5925.1s.jpg,0.01,,,25.0,90.0,50.0,78.0,75.0,0.56972,0.0,66.0,0.0,0.0,0.1985,어느 것도.,어때?,타임스탬프 사진과 앞뒤 장면으로 대사 기능 복원,38.99,T3,화자·문맥·자연스러움 집중 검토,,67.80883678990082,51.09,P3,말투·질문응답·가독성 위주 검토
SSIS-575,사진 대조 1차 교정본,1096,"01:38:50,430 --> 01:38:59,130",8.7,저는 회사가 가까워서 이케부쿠로에 자주 가요. 퇴근길에 들르기도 하고.,주로 어느 동네에서요?,이케부쿠로는 사람이 많지 않아?,중립·혼합형,sub_1096_5930.4s.jpg,0.03,,,25.0,90.0,50.0,78.0,75.0,0.9393,0.0,66.0,0.0,0.0,0.2537,가요.,갈 것 같아요.,성인 장면 관용 표현 교정,54.51,T3,화자·문맥·자연스러움 집중 검토,,99.61677186654644,73.45,P1,장면 패킷을 열고 후보 3개를 생성해 반증 검토
SSIS-575,사진 대조 1차 교정본,1097,"01:38:59,770 --> 01:39:01,970",2.2,이케부쿠로는 사람이 많지 않아?,저는 회사가 가까워서 이케부쿠로에 자주 가요. 퇴근길에 들르기도 하고.,그렇죠.,반응형,sub_1097_5939.8s.jpg,0.03,,,25.0,90.0,50.0,78.0,75.0,0.72131,0.0,66.0,0.0,0.0,0.2264,사람이 더 없어졌어.,사람이 완전히 없어졌네.,일본어 원문 대조 + 자연스러운 한국어 대사 교정,45.35,T3,화자·문맥·자연스러움 집중 검토,,88.5482416591524,63.49,P2,앞뒤 5블록·사진·오류 기억을 함께 검토
SSIS-575,사진 대조 1차 교정본,1098,"01:39:02,490 --> 01:39:02,790",0.3,그렇죠.,이케부쿠로는 사람이 많지 않아?,그래도 뒷골목 쪽에는 숨은 가게 같은 데가 있어요.,중립·혼합형,sub_1098_5942.5s.jpg,0.01,,,25.0,90.0,50.0,78.0,75.0,0.25271,0.0,66.0,0.0,0.0,0.1036,그렇구나.,손 정말 잘 쓰네.,일본어 원문 + 타임스탬프 사진 + 장면 연속성,25.67,T4,구조검사 통과 시 유지,,18.800721370604148,22.78,P4,회귀검사 통과 시 유지
SSIS-575,사진 대조 1차 교정본,1099,"01:39:03,010 --> 01:39:06,470",3.46,그래도 뒷골목 쪽에는 숨은 가게 같은 데가 있어요.,그렇죠.,그런 곳도 있구나.,중립·혼합형,sub_1099_5943.0s.jpg,0.01,,,25.0,90.0,50.0,78.0,75.0,0.84625,0.0,66.0,0.0,0.0,0.185,숨은 전혀 안 차네.,아직 전혀 안 취했네.,사진 장면 확인 및 한국어 번역투·ASR 오역 교정,50.6,T3,화자·문맥·자연스러움 집중 검토,,97.06943192064924,70.12,P2,앞뒤 5블록·사진·오류 기억을 함께 검토
SSIS-575,사진 대조 1차 교정본,1100,"01:39:06,650 --> 01:39:07,510",0.86,그런 곳도 있구나.,그래도 뒷골목 쪽에는 숨은 가게 같은 데가 있어요.,누가 알려 줬어요?,중립·혼합형,sub_1100_5946.6s.jpg,0.05,,,25.0,90.0,50.0,78.0,75.0,0.55379,0.0,66.0,0.0,0.0,0.5545,온천도 있구나.,목욕탕에서…,일본어 원문 + 타임스탬프 사진 + 장면 연속성,38.32,T3,화자·문맥·자연스러움 집중 검토,,65.10369702434626,49.57,P3,말투·질문응답·가독성 위주 검토
SSIS-575,사진 대조 1차 교정본,1101,"01:39:07,650 --> 01:39:08,430",0.78,누가 알려 줬어요?,그런 곳도 있구나.,이케부쿠로는 잘 몰랐네.,반응형,sub_1101_5947.6s.jpg,0.05,,,25.0,90.0,50.0,78.0,75.0,0.60871,0.0,66.0,0.0,0.0,0.1727,좀처럼 누가 안 가르쳐주잖아?,좀처럼 누가 안 가르쳐 주잖아?,,40.63,T3,화자·문맥·자연스러움 집중 검토,,74.6844003606853,54.93,P3,말투·질문응답·가독성 위주 검토
SSIS-575,사진 대조 1차 교정본,1102,"01:39:08,570 --> 01:39:11,310",2.74,이케부쿠로는 잘 몰랐네.,누가 알려 줬어요?,제멋대로 떠올린 이미지를 말해도 돼요?,반말형,sub_1102_5948.6s.jpg,0.03,,,25.0,90.0,50.0,78.0,75.0,0.55719,0.0,66.0,0.0,0.0,0.0999,잘 자.,조금만 천천히…,타임스탬프 사진으로 장면 불일치 확인 후 재복원,38.46,T3,화자·문맥·자연스러움 집중 검토,,65.68981064021641,49.9,P3,말투·질문응답·가독성 위주 검토
SSIS-575,사진 대조 1차 교정본,1103,"01:39:14,930 --> 01:39:16,550",1.62,제멋대로 떠올린 이미지를 말해도 돼요?,이케부쿠로는 잘 몰랐네.,응.,반말형,sub_1103_5954.9s.jpg,0.03,,,25.0,90.0,50.0,78.0,75.0,0.67636,0.0,66.0,0.0,0.0,0.5121,말해도 돼요?,이제 해도 돼요?,타임스탬프 사진과 앞뒤 장면으로 대사 기능 복원,43.47,T3,화자·문맥·자연스러움 집중 검토,,83.58881875563571,60.32,P2,앞뒤 5블록·사진·오류 기억을 함께 검토
SSIS-575,사진 대조 1차 교정본,1104,"01:39:17,210 --> 01:39:17,490",0.28,응.,제멋대로 떠올린 이미지를 말해도 돼요?,괜찮아.,반응형,sub_1104_5957.2s.jpg,0.01,,,25.0,90.0,50.0,78.0,75.0,0.02109,0.0,66.0,0.0,0.0,0.4021,"하-, 응.",하아… 응.,,15.95,T4,구조검사 통과 시 유지,,6.627592425608657,12.03,P4,회귀검사 통과 시 유지
SSIS-575,사진 대조 1차 교정본,1105,"01:39:17,490 --> 01:39:18,530",1.04,괜찮아.,응.,정말 실례일 수도 있는데요.,반응형,sub_1105_5957.5s.jpg,0.01,,,25.0,90.0,50.0,78.0,75.0,0.25375,42.0,66.0,0.0,0.0,1.0,괜찮아.,최고예요.,화면 영문 자막 대조,33.28,T4,구조검사 통과 시 유지,,44.99549143372408,38.2,P4,회귀검사 통과 시 유지
SSIS-575,사진 대조 1차 교정본,1106,"01:39:18,570 --> 01:39:21,850",3.28,정말 실례일 수도 있는데요.,괜찮아.,응.,중립·혼합형,sub_1106_5958.6s.jpg,0.03,,,25.0,90.0,50.0,78.0,75.0,0.70032,0.0,66.0,0.0,0.0,0.1664,정말 좋아.,거기 좋아.,타임스탬프 사진과 장면 흐름으로 명백한 오인식 교정,44.47,T3,화자·문맥·자연스러움 집중 검토,,86.38412984670875,62.07,P2,앞뒤 5블록·사진·오류 기억을 함께 검토
SSIS-575,사진 대조 1차 교정본,1107,"01:39:22,570 --> 01:39:22,690",0.12,응.,정말 실례일 수도 있는데요.,듣고 싶어. 그런 이미지.,반응형,sub_1107_5962.6s.jpg,0.03,,,25.0,90.0,50.0,78.0,75.0,0.01755,0.0,66.0,25.0,0.0,0.4021,"하-, 응.",하아… 응.,,18.3,T4,구조검사 통과 시 유지,borderline_cps,9.422903516681695,14.57,P4,회귀검사 통과 시 유지
SSIS-575,사진 대조 1차 교정본,1108,"01:39:22,870 --> 01:39:24,030",1.16,듣고 싶어. 그런 이미지.,응.,제가 떠올린 인상이요.,반응형,sub_1108_5962.9s.jpg,0.03,,,25.0,90.0,50.0,78.0,75.0,0.46818,0.0,66.0,0.0,0.0,0.3144,넣고 싶어.,빨리 넣고 싶어.,일본어 원문 대조 + 자연스러운 한국어 대사 교정,34.72,T4,구조검사 통과 시 유지,,50.85662759242561,41.5,P3,말투·질문응답·가독성 위주 검토
SSIS-575,사진 대조 1차 교정본,1109,"01:39:25,290 --> 01:39:25,750",0.46,제가 떠올린 인상이요.,듣고 싶어. 그런 이미지.,편견은 아닌데…,중립·혼합형,sub_1109_5965.3s.jpg,0.01,,,25.0,90.0,50.0,78.0,75.0,0.50057,0.0,66.0,38.7,0.0,0.0933,채소와 과일이요.,좋아하는 음식은 채소와 과일이에요.,사진 장면 확인 및 한국어 번역투·ASR 오역 교정,39.95,T3,화자·문맥·자연스러움 집중 검토,high_cps,71.8214607754734,53.34,P3,말투·질문응답·가독성 위주 검토
SSIS-575,사진 대조 1차 교정본,1110,"01:39:25,750 --> 01:39:27,850",2.1,편견은 아닌데…,제가 떠올린 인상이요.,"응, 응.",반응형,sub_1110_5965.8s.jpg,0.05,,,25.0,90.0,50.0,78.0,75.0,0.35339,0.0,66.0,0.0,0.0,0.074,일본 사람이 아닌 것 같다는 말을 자주 들어요.,일본인 같지 않은 몸매라는 말을 자주 들어요.,타임스탬프 사진과 앞뒤 장면으로 대사 기능 복원,29.9,T4,구조검사 통과 시 유지,,32.05590622182146,30.81,P4,회귀검사 통과 시 유지
SSIS-575,사진 대조 1차 교정본,1111,"01:39:28,130 --> 01:39:28,530",0.4,"응, 응.",편견은 아닌데…,역시 가부키초 같은 데서…,반응형,sub_1111_5968.1s.jpg,0.03,,,25.0,90.0,50.0,78.0,75.0,0.28466,0.0,66.0,0.0,0.0,0.4283,"응, 더...","응, 더…",,27.02,T4,구조검사 통과 시 유지,,23.264201983769162,25.44,P4,회귀검사 통과 시 유지
SSIS-575,사진 대조 1차 교정본,1112,"01:39:29,250 --> 01:39:34,650",5.4,역시 가부키초 같은 데서…,"응, 응.",가부키초?,중립·혼합형,sub_1112_5969.2s.jpg,0.05,,,25.0,90.0,50.0,78.0,75.0,0.5152,0.0,66.0,0.0,0.0,0.1741,역시 움직여 줄게.,이제 움직여 줄게.,사진 장면 확인 및 한국어 번역투·ASR 오역 교정,36.7,T3,화자·문맥·자연스러움 집중 검토,,58.20559062218214,45.73,P3,말투·질문응답·가독성 위주 검토
SSIS-575,사진 대조 1차 교정본,1113,"01:39:34,890 --> 01:39:35,570",0.68,가부키초?,역시 가부키초 같은 데서…,네. 아니면 돈 많은 사람이 많은 곳에서 마실 것 같았어요.,중립·혼합형,sub_1113_5974.9s.jpg,0.01,,,25.0,90.0,50.0,78.0,75.0,0.24275,0.0,66.0,0.0,0.0,0.0306,가요.,갈 것 같아요.,성인 장면 관용 표현 교정,25.26,T4,구조검사 통과 시 유지,,18.14697926059513,22.27,P4,회귀검사 통과 시 유지
SSIS-575,사진 대조 1차 교정본,1114,"01:39:36,210 --> 01:39:40,930",4.72,네. 아니면 돈 많은 사람이 많은 곳에서 마실 것 같았어요.,가부키초?,장소 말이야?,반말형,sub_1114_5976.2s.jpg,0.01,,,25.0,90.0,50.0,78.0,75.0,0.8329,0.0,66.0,0.0,0.0,0.1847,일본 사람이 아닌 것 같다는 말을 자주 들어요.,일본인 같지 않은 몸매라는 말을 자주 들어요.,타임스탬프 사진과 앞뒤 장면으로 대사 기능 복원,50.04,T3,화자·문맥·자연스러움 집중 검토,,96.12263300270514,69.39,P2,앞뒤 5블록·사진·오류 기억을 함께 검토
SSIS-575,사진 대조 1차 교정본,1115,"01:39:41,730 --> 01:39:42,450",0.72,장소 말이야?,네. 아니면 돈 많은 사람이 많은 곳에서 마실 것 같았어요.,"네, 그런가요?",반말형,sub_1115_5981.7s.jpg,0.03,,,25.0,90.0,50.0,78.0,75.0,0.35804,0.0,66.0,0.0,0.0,0.2597,유두 말이야.,젖꼭지 말이야.,,30.1,T4,구조검사 통과 시 유지,,32.55184851217313,31.13,P4,회귀검사 통과 시 유지
SSIS-575,사진 대조 1차 교정본,1116,"01:39:42,450 --> 01:39:42,590",0.14,"네, 그런가요?",장소 말이야?,AV 배우는 몸을 드러내는 과감한 일을 하잖아요.,반말형,sub_1116_5982.4s.jpg,0.05,,,25.0,90.0,50.0,78.0,75.0,0.48979,0.0,66.0,70.0,0.0,0.3202,"네, 네.",네.,불필요한 반복 제거,42.63,T3,화자·문맥·자연스러움 집중 검토,high_cps,81.44724977457169,58.93,P2,앞뒤 5블록·사진·오류 기억을 함께 검토
SSIS-575,사진 대조 1차 교정본,1117,"01:39:42,610 --> 01:39:52,450",9.84,AV 배우는 몸을 드러내는 과감한 일을 하잖아요.,"네, 그런가요?",술도 호쾌하게 마실 것 같다고 생각했어요.,중립·혼합형,sub_1117_5982.6s.jpg,0.01,,,25.0,90.0,50.0,78.0,75.0,0.80319,0.0,66.0,0.0,0.0,0.1574,그리고 역시 공룡 관련 지식 배우는 것도 좋아하고...,그리고 역시 공룡 관련 지식 배우는 것도 좋아하고…,,48.79,T3,화자·문맥·자연스러움 집중 검토,,94.95040577096484,68.18,P2,앞뒤 5블록·사진·오류 기억을 함께 검토
SSIS-575,사진 대조 1차 교정본,1118,"01:39:52,870 --> 01:39:57,690",4.82,술도 호쾌하게 마실 것 같다고 생각했어요.,AV 배우는 몸을 드러내는 과감한 일을 하잖아요.,그런 곳에서 마시는 이미지예요.,반말형,sub_1118_5992.9s.jpg,0.03,,,25.0,90.0,50.0,78.0,75.0,0.77028,0.0,66.0,0.0,0.0,0.2581,계속 생각했어.,부끄러워? 뭔가 야하네.,일본어 원문 + 타임스탬프 사진 + 장면 연속성,47.41,T3,화자·문맥·자연스러움 집중 검토,,92.87646528403968,66.51,P2,앞뒤 5블록·사진·오류 기억을 함께 검토
SSIS-575,사진 대조 1차 교정본,1119,"01:39:57,870 --> 01:40:00,450",2.58,그런 곳에서 마시는 이미지예요.,술도 호쾌하게 마실 것 같다고 생각했어요.,그냥 이미지예요!,중립·혼합형,sub_1119_5997.9s.jpg,0.03,,,25.0,90.0,50.0,78.0,75.0,0.68492,0.0,66.0,0.0,0.0,0.208,술꾼들이 마시는 방식이에요.,술 좋아하는 사람들은 이렇게 천천히 먹어요.,,43.83,T3,화자·문맥·자연스러움 집중 검토,,84.80613165013526,61.04,P2,앞뒤 5블록·사진·오류 기억을 함께 검토
SSIS-575,사진 대조 1차 교정본,1120,"01:40:00,450 --> 01:40:01,550",1.1,그냥 이미지예요!,그런 곳에서 마시는 이미지예요.,정말 상상일 뿐이에요.,중립·혼합형,sub_1120_6000.4s.jpg,0.05,,,25.0,90.0,50.0,78.0,75.0,0.28705,0.0,66.0,0.0,0.0,0.1135,어서요!,가요!,화면 영문 자막 대조,27.12,T4,구조검사 통과 시 유지,,23.57980162308386,25.63,P4,회귀검사 통과 시 유지
SSIS-575,사진 대조 1차 교정본,1121,"01:40:01,710 --> 01:40:02,070",0.36,정말 상상일 뿐이에요.,그냥 이미지예요!,구체적인 근거가 있는 건 아니고요.,존댓말형,sub_1121_6001.7s.jpg,0.01,,,25.0,90.0,50.0,78.0,75.0,0.54052,0.0,66.0,68.89,0.0,0.1782,정말 좋아.,거기 좋아.,타임스탬프 사진과 장면 흐름으로 명백한 오인식 교정,44.65,T3,화자·문맥·자연스러움 집중 검토,high_cps,86.81244364292155,62.36,P2,앞뒤 5블록·사진·오류 기억을 함께 검토
SSIS-575,사진 대조 1차 교정본,1122,"01:40:02,330 --> 01:40:03,950",1.62,구체적인 근거가 있는 건 아니고요.,정말 상상일 뿐이에요.,실제로는 어떤지 궁금했어요.,반응형,sub_1122_6002.3s.jpg,0.03,,,25.0,90.0,50.0,78.0,75.0,0.64207,0.0,66.0,0.0,0.0,0.1177,서 있는 거 아냐?,완전히 선 거 아니야?,일본어 원문 대조 + 자연스러운 한국어 대사 교정,42.03,T3,화자·문맥·자연스러움 집중 검토,,79.19296663660957,57.64,P3,말투·질문응답·가독성 위주 검토
SSIS-575,사진 대조 1차 교정본,1123,"01:40:04,430 --> 01:40:05,510",1.08,실제로는 어떤지 궁금했어요.,구체적인 근거가 있는 건 아니고요.,그런 느낌이에요.,반응형,sub_1123_6004.4s.jpg,0.03,,,25.0,90.0,50.0,78.0,75.0,0.43899,0.0,66.0,0.0,18.0,0.1573,이번 작품에는 실제로 넣는 장면도 있어요.,이번에는 실제로 삽입하는 장면도 있어요.,사진 장면 확인 및 한국어 번역투·ASR 오역 교정,34.94,T4,구조검사 통과 시 유지,formality_shift,51.33002705139765,41.82,P3,말투·질문응답·가독성 위주 검토
SSIS-575,사진 대조 1차 교정본,1124,"01:40:05,770 --> 01:40:06,410",0.64,그런 느낌이에요.,실제로는 어떤지 궁금했어요.,하지만 가부키초에는 별로 안 가.,존댓말형,sub_1124_6005.8s.jpg,0.03,,,25.0,90.0,50.0,78.0,75.0,0.29542,0.0,66.0,0.0,35.0,0.5556,뭔가 분위기가 달라진 느낌이에요.,분위기가 확 달라졌어요.,사진 장면 확인 및 한국어 번역투·ASR 오역 교정,30.27,T4,구조검사 통과 시 유지,formality_jump,33.25067628494139,31.52,P4,회귀검사 통과 시 유지
SSIS-575,사진 대조 1차 교정본,1125,"01:40:06,410 --> 01:40:10,630",4.22,하지만 가부키초에는 별로 안 가.,그런 느낌이에요.,가부키초를 ‘가부키’라고 부르는군요. 익숙해 보여요.,반말형,sub_1125_6006.4s.jpg,0.01,,,25.0,90.0,50.0,78.0,75.0,0.5255,0.0,66.0,0.0,0.0,0.1751,하지만…,그래도…,,37.13,T3,화자·문맥·자연스러움 집중 검토,,59.80613165013525,46.65,P3,말투·질문응답·가독성 위주 검토
SSIS-575,사진 대조 1차 교정본,1126,"01:40:10,630 --> 01:40:15,370",4.74,가부키초를 ‘가부키’라고 부르는군요. 익숙해 보여요.,하지만 가부키초에는 별로 안 가.,가부키초 말이야?,반말형,sub_1126_6010.6s.jpg,0.03,,,25.0,90.0,50.0,78.0,75.0,0.82084,0.0,66.0,0.0,0.0,0.1673,왠지 기분 좋아 보여요...,왠지 기분 좋아 보여요…,,49.54,T3,화자·문맥·자연스러움 집중 검토,,95.53651938683498,68.86,P2,앞뒤 5블록·사진·오류 기억을 함께 검토
SSIS-575,사진 대조 1차 교정본,1127,"01:40:15,530 --> 01:40:19,010",3.48,가부키초 말이야?,가부키초를 ‘가부키’라고 부르는군요. 익숙해 보여요.,롯폰기? 롯폰기도.,반말형,sub_1127_6015.5s.jpg,0.03,,,25.0,90.0,50.0,78.0,75.0,0.51471,0.0,66.0,0.0,0.0,0.2166,유두 말이야.,젖꼭지 말이야.,,36.68,T3,화자·문맥·자연스러움 집중 검토,,58.0477908025248,45.65,P3,말투·질문응답·가독성 위주 검토
SSIS-575,사진 대조 1차 교정본,1128,"01:40:20,450 --> 01:40:22,510",2.06,롯폰기? 롯폰기도.,가부키초 말이야?,요즘은 거의 안 가. 아주 가끔.,중립·혼합형,sub_1128_6020.4s.jpg,0.05,,,25.0,90.0,50.0,78.0,75.0,0.51195,0.0,66.0,0.0,0.0,0.1311,거기... 거기도.,거기… 거기도.,,36.56,T3,화자·문맥·자연스러움 집중 검토,,57.4165915238954,45.32,P3,말투·질문응답·가독성 위주 검토
SSIS-575,사진 대조 1차 교정본,1129,"01:40:22,770 --> 01:40:26,410",3.64,요즘은 거의 안 가. 아주 가끔.,롯폰기? 롯폰기도.,의외로 서민적인 동네를 좋아하나? 서민 동네요?,중립·혼합형,sub_1129_6022.8s.jpg,0.03,,,25.0,90.0,50.0,78.0,75.0,0.57666,0.0,66.0,0.0,0.0,0.2388,요즘은 암반욕이나 사우나에 가는 거예요.,요즘 빠져 있는 건 암반욕이나 사우나예요.,사진 장면 확인 및 한국어 번역투·ASR 오역 교정,39.28,T3,화자·문맥·자연스러움 집중 검토,,69.43192064923355,51.94,P3,말투·질문응답·가독성 위주 검토
SSIS-575,사진 대조 1차 교정본,1130,"01:40:27,390 --> 01:40:30,110",2.72,의외로 서민적인 동네를 좋아하나? 서민 동네요?,요즘은 거의 안 가. 아주 가끔.,아사쿠사 같은 곳. 몬자야키도 있잖아.,반말형,sub_1130_6027.4s.jpg,0.01,,,25.0,90.0,50.0,78.0,75.0,0.70972,0.0,66.0,0.0,0.0,0.1872,의외로 적극적인 면이 있어서 좀... 어머.,의외로 적극적인 면이 있어서 좀… 어머.,,44.87,T3,화자·문맥·자연스러움 집중 검토,,87.39855725879171,62.73,P2,앞뒤 5블록·사진·오류 기억을 함께 검토
SSIS-575,사진 대조 1차 교정본,1131,"01:40:30,430 --> 01:40:37,090",6.66,아사쿠사 같은 곳. 몬자야키도 있잖아.,의외로 서민적인 동네를 좋아하나? 서민 동네요?,그런 몬자야키 가게에서 마신 적도 있는 것 같아.,반응형,sub_1131_6030.4s.jpg,0.03,,,25.0,90.0,50.0,78.0,75.0,0.65158,0.0,66.0,0.0,0.0,0.3333,서 있잖아.,완전히 서 있잖아.,일본어 원문 대조 + 자연스러운 한국어 대사 교정,42.43,T3,화자·문맥·자연스러움 집중 검토,,80.27502254283138,58.32,P2,앞뒤 5블록·사진·오류 기억을 함께 검토
SSIS-575,사진 대조 1차 교정본,1132,"01:40:37,090 --> 01:40:42,090",5.0,그런 몬자야키 가게에서 마신 적도 있는 것 같아.,아사쿠사 같은 곳. 몬자야키도 있잖아.,몬자야키도 먹어요? 그건 너무 실례잖아.,반말형,sub_1132_6037.1s.jpg,0.01,,,25.0,90.0,50.0,78.0,75.0,0.80786,0.0,66.0,0.0,0.0,0.2688,갈 것 같아.,진짜 갈 것 같아.,일본어 원문 대조 + 자연스러운 한국어 대사 교정,48.99,T3,화자·문맥·자연스러움 집중 검토,,95.08566275924257,68.35,P2,앞뒤 5블록·사진·오류 기억을 함께 검토
SSIS-575,사진 대조 1차 교정본,1133,"01:40:42,590 --> 01:40:46,710",4.12,몬자야키도 먹어요? 그건 너무 실례잖아.,그런 몬자야키 가게에서 마신 적도 있는 것 같아.,그런 건 안 먹을 것 같아서요. 고급 프랑스 요리 같은 이미지였어요.,반응형,sub_1133_6042.6s.jpg,0.01,,,25.0,90.0,50.0,78.0,75.0,0.65619,0.0,66.0,0.0,0.0,0.1932,그건 안 돼.,여기로 와.,일본어 원문 + 타임스탬프 사진 + 장면 연속성,42.62,T3,화자·문맥·자연스러움 집중 검토,,81.3570784490532,58.89,P2,앞뒤 5블록·사진·오류 기억을 함께 검토
SSIS-575,사진 대조 1차 교정본,1134,"01:40:46,810 --> 01:40:54,050",7.24,그런 건 안 먹을 것 같아서요. 고급 프랑스 요리 같은 이미지였어요.,몬자야키도 먹어요? 그건 너무 실례잖아.,그것도 맛있지만 난 뭐든 잘 먹어.,반말형,sub_1134_6046.8s.jpg,0.01,,,25.0,90.0,50.0,78.0,75.0,0.86382,0.0,66.0,0.0,0.0,0.1185,그런 음식은 없어요.,싫어하는 음식은 딱히 없어요.,사진 장면 확인 및 한국어 번역투·ASR 오역 교정,51.34,T3,화자·문맥·자연스러움 집중 검토,,97.92605951307483,70.91,P2,앞뒤 5블록·사진·오류 기억을 함께 검토
SSIS-575,사진 대조 1차 교정본,1135,"01:40:54,950 --> 01:40:58,430",3.48,그것도 맛있지만 난 뭐든 잘 먹어.,그런 건 안 먹을 것 같아서요. 고급 프랑스 요리 같은 이미지였어요.,싫어하는 음식이 거의 없어.,반말형,sub_1135_6054.9s.jpg,0.05,,,25.0,90.0,50.0,78.0,75.0,0.56869,0.0,66.0,0.0,0.0,0.1997,"아, 그것도...","아, 그것도…",,38.95,T3,화자·문맥·자연스러움 집중 검토,,67.65103697024347,51.0,P3,말투·질문응답·가독성 위주 검토
SSIS-575,사진 대조 1차 교정본,1136,"01:40:58,810 --> 01:41:01,670",2.86,싫어하는 음식이 거의 없어.,그것도 맛있지만 난 뭐든 잘 먹어.,그렇군요. 요시노야 같은 데도 가요?,반응형,sub_1136_6058.8s.jpg,0.01,,,25.0,90.0,50.0,78.0,75.0,0.53158,0.0,66.0,0.0,0.0,0.3145,끝이 없어.,끝도 없네.,사진 장면 확인 및 한국어 번역투·ASR 오역 교정,37.39,T3,화자·문맥·자연스러움 집중 검토,,60.820559062218216,47.23,P3,말투·질문응답·가독성 위주 검토
SSIS-575,사진 대조 1차 교정본,1137,"01:41:01,670 --> 01:41:05,550",3.88,그렇군요. 요시노야 같은 데도 가요?,싫어하는 음식이 거의 없어.,응. 싸잖아.,반말형,sub_1137_6061.7s.jpg,0.03,,,25.0,90.0,50.0,78.0,75.0,0.63501,0.0,66.0,0.0,0.0,0.5254,그렇군요.,네…,타임스탬프 사진과 장면 흐름으로 명백한 오인식 교정,41.73,T3,화자·문맥·자연스러움 집중 검토,,78.51668169522092,57.18,P3,말투·질문응답·가독성 위주 검토
SSIS-575,사진 대조 1차 교정본,1138,"01:41:05,890 --> 01:41:07,570",1.68,응. 싸잖아.,그렇군요. 요시노야 같은 데도 가요?,"당연히 먹지. 와, 의외네요.",반응형,sub_1138_6065.9s.jpg,0.01,,,25.0,90.0,50.0,78.0,75.0,0.26919,0.0,66.0,0.0,0.0,0.1851,응. 부르는 거 좋아하잖아.,"응, 이런 거 좋아하잖아.",타임스탬프 사진과 앞뒤 장면으로 대사 기능 복원,26.37,T4,구조검사 통과 시 유지,,20.96483318304779,24.1,P4,회귀검사 통과 시 유지
SSIS-575,사진 대조 1차 교정본,1139,"01:41:07,670 --> 01:41:10,070",2.4,"당연히 먹지. 와, 의외네요.",응. 싸잖아.,의외라니. 그것도 네 이미지잖아.,반말형,sub_1139_6067.7s.jpg,0.03,,,25.0,90.0,50.0,78.0,75.0,0.53383,0.0,66.0,0.0,0.0,0.1635,"와, 짱이다.","와, 아담하다.",일본어 원문 + 타임스탬프 사진 + 장면 연속성,37.48,T3,화자·문맥·자연스러움 집중 검토,,61.40667267808837,47.53,P3,말투·질문응답·가독성 위주 검토
SSIS-575,사진 대조 1차 교정본,1140,"01:41:10,310 --> 01:41:13,570",3.26,의외라니. 그것도 네 이미지잖아.,"당연히 먹지. 와, 의외네요.",그러게요. 고급 프랑스 요리라니 너무 멋대로 생각했네요.,반응형,sub_1140_6070.3s.jpg,0.01,,,25.0,90.0,50.0,78.0,75.0,0.63266,0.0,66.0,0.0,0.0,0.175,"아, 그것도...","아, 그것도…",,41.63,T3,화자·문맥·자연스러움 집중 검토,,78.11091073038774,56.95,P3,말투·질문응답·가독성 위주 검토
SSIS-575,사진 대조 1차 교정본,1141,"01:41:14,170 --> 01:41:19,670",5.5,그러게요. 고급 프랑스 요리라니 너무 멋대로 생각했네요.,의외라니. 그것도 네 이미지잖아.,그런 이미지가 머리에 박혀 있었어요.,반말형,sub_1141_6074.2s.jpg,0.03,,,25.0,90.0,50.0,78.0,75.0,0.83461,0.0,66.0,0.0,0.0,0.1983,카레를 다 같이 먹으니까 맛있네. 그러게요.,- 셋이 같이 카레 먹으니까 맛있네. - 그러게요.,식사 장면 화자 분리,50.11,T3,화자·문맥·자연스러움 집중 검토,,96.32551848512173,69.52,P2,앞뒤 5블록·사진·오류 기억을 함께 검토
SSIS-575,사진 대조 1차 교정본,1142,"01:41:19,670 --> 01:41:21,850",2.18,그런 이미지가 머리에 박혀 있었어요.,그러게요. 고급 프랑스 요리라니 너무 멋대로 생각했네요.,그래도 오늘 처음 같이 술을 마셨잖아요.,반응형,sub_1142_6079.7s.jpg,0.03,,,25.0,90.0,50.0,78.0,79.0,0.84428,0.0,66.0,0.0,0.0,0.2664,머리에 피가 쏠려서 말이야.,하아… 안 돼…,타임스탬프 사진으로 장면 불일치 확인 후 재복원,50.76,T3,화자·문맥·자연스러움 집중 검토,,97.38503155996393,70.34,P2,앞뒤 5블록·사진·오류 기억을 함께 검토
SSIS-575,사진 대조 1차 교정본,1143,"01:41:26,230 --> 01:41:30,310",4.08,그래도 오늘 처음 같이 술을 마셨잖아요.,그런 이미지가 머리에 박혀 있었어요.,응. 조금 더 친근하게 느껴졌어요.,중립·혼합형,sub_1143_6086.2s.jpg,0.03,,,25.0,90.0,50.0,78.0,75.0,0.74978,0.0,66.0,0.0,0.0,0.2362,그래도 기분은 좋아요.,그래도 기분 좋았어요.,손상된 일본어 ASR + 타임스탬프 사진 + 앞뒤 문맥 추론,46.55,T3,화자·문맥·자연스러움 집중 검토,,91.11812443642921,65.27,P2,앞뒤 5블록·사진·오류 기억을 함께 검토
SSIS-575,사진 대조 1차 교정본,1144,"01:41:30,630 --> 01:41:33,410",2.78,응. 조금 더 친근하게 느껴졌어요.,그래도 오늘 처음 같이 술을 마셨잖아요.,뭐랄까.,반응형,sub_1144_6090.6s.jpg,0.03,,,25.0,90.0,50.0,78.0,75.0,0.76516,0.0,66.0,0.0,0.0,0.1785,조금 쉬어요.,잠깐만요.,,47.2,T3,화자·문맥·자연스러움 집중 검토,,92.42560865644724,66.19,P2,앞뒤 5블록·사진·오류 기억을 함께 검토
SSIS-575,사진 대조 1차 교정본,1145,"01:41:33,610 --> 01:41:35,150",1.54,뭐랄까.,응. 조금 더 친근하게 느껴졌어요.,제가 직접 지원해 놓고 이런 말도 이상하지만…,중립·혼합형,sub_1145_6093.6s.jpg,0.01,,,25.0,90.0,50.0,78.0,75.0,0.32779,0.0,66.0,0.0,0.0,0.1465,뭐 할까.,이제 뭐 할까?,일본어 원문 대조 + 자연스러운 한국어 대사 교정,28.83,T4,구조검사 통과 시 유지,,28.606853020739404,28.74,P4,회귀검사 통과 시 유지
SSIS-575,사진 대조 1차 교정본,1146,"01:41:35,370 --> 01:41:39,290",3.92,제가 직접 지원해 놓고 이런 말도 이상하지만…,뭐랄까.,"그래도 직접 지원할 만큼 행동력이 있잖아.
아, 그런가요.",반말형,sub_1146_6095.4s.jpg,0.03,,,25.0,90.0,50.0,78.0,75.0,0.80875,0.0,66.0,0.0,0.0,0.3076,하지만…,그래도…,,49.03,T3,화자·문맥·자연스러움 집중 검토,,95.15329125338143,68.4,P2,앞뒤 5블록·사진·오류 기억을 함께 검토
SSIS-575,사진 대조 1차 교정본,1147,"01:41:40,290 --> 01:41:43,710",3.42,"그래도 직접 지원할 만큼 행동력이 있잖아.
아, 그런가요.",제가 직접 지원해 놓고 이런 말도 이상하지만…,꽤 조급해서 뭐라도 해야겠다고 생각했어요.,반말형,sub_1147_6100.3s.jpg,0.01,화자 분리 및 문장 자연화,높음,25.0,90.0,86.0,92.0,75.0,0.74247,20.99,22.0,0.0,0.0,0.8249,"그래도 행동력이 있잖아. 아, 그런가요.","그래도 직접 지원할 만큼 행동력이 있잖아. 아, 그런가요.",화자 분리 및 문장 자연화,30.95,T4,구조검사 통과 시 유지,,35.79801623083859,32.99,P4,회귀검사 통과 시 유지
SSIS-575,사진 대조 1차 교정본,1148,"01:41:44,030 --> 01:41:48,830",4.8,꽤 조급해서 뭐라도 해야겠다고 생각했어요.,"그래도 직접 지원할 만큼 행동력이 있잖아.
아, 그런가요.",서른 살이라는 나이도 있고요.,반응형,sub_1148_6104.0s.jpg,0.03,,,25.0,90.0,50.0,78.0,75.0,0.79555,0.0,66.0,0.0,0.0,0.2457,계속 생각했어.,부끄러워? 뭔가 야하네.,일본어 원문 + 타임스탬프 사진 + 장면 연속성,48.47,T3,화자·문맥·자연스러움 집중 검토,,94.4995491433724,67.8,P2,앞뒤 5블록·사진·오류 기억을 함께 검토
SSIS-575,사진 대조 1차 교정본,1149,"01:41:48,830 --> 01:41:52,590",3.76,서른 살이라는 나이도 있고요.,꽤 조급해서 뭐라도 해야겠다고 생각했어요.,마음 한구석에서 계속 신경 쓰였어요.,중립·혼합형,sub_1149_6108.8s.jpg,0.03,,,25.0,90.0,50.0,78.0,75.0,0.71689,0.0,66.0,0.0,0.0,0.089,서른여덟.,잠깐만…,타임스탬프 사진과 장면 흐름으로 명백한 오인식 교정,45.17,T3,화자·문맥·자연스러움 집중 검토,,88.18755635707845,63.24,P2,앞뒤 5블록·사진·오류 기억을 함께 검토
SSIS-575,사진 대조 1차 교정본,1150,"01:41:52,590 --> 01:41:54,170",1.58,마음 한구석에서 계속 신경 쓰였어요.,서른 살이라는 나이도 있고요.,용기라고 해야 하나? 무모함?,반응형,sub_1150_6112.6s.jpg,0.01,,,25.0,90.0,50.0,78.0,75.0,0.76097,0.0,66.0,0.0,0.0,0.1473,"- 아, 죄송해요. 농담이었어요. 신경 쓰지 마세요. - 좋아요.",- 죄송해요. 농담이었어요. 신경 쓰지 마세요. - 좋아요.,화자 분리 및 대화 호흡 교정,47.02,T3,화자·문맥·자연스러움 집중 검토,,92.0649233543733,65.94,P2,앞뒤 5블록·사진·오류 기억을 함께 검토
SSIS-575,사진 대조 1차 교정본,1151,"01:41:54,490 --> 01:41:56,890",2.4,용기라고 해야 하나? 무모함?,마음 한구석에서 계속 신경 쓰였어요.,용기가 없지는 않지. 그래도 조급함이 컸구나.,반말형,sub_1151_6114.5s.jpg,0.01,,,25.0,90.0,50.0,78.0,75.0,0.73283,0.0,66.0,0.0,0.0,0.2197,뭐라고 해야 돼?,뭐라고 말하면 돼?,일본어 원문 대조 + 자연스러운 한국어 대사 교정,45.84,T3,화자·문맥·자연스러움 집중 검토,,89.58521190261497,64.21,P2,앞뒤 5블록·사진·오류 기억을 함께 검토
SSIS-575,사진 대조 1차 교정본,1152,"01:41:56,890 --> 01:42:01,930",5.04,용기가 없지는 않지. 그래도 조급함이 컸구나.,용기라고 해야 하나? 무모함?,"네, 조급함이 정말 컸어요.",반말형,sub_1152_6116.9s.jpg,0.01,,,25.0,90.0,50.0,78.0,75.0,0.83337,0.0,66.0,0.0,0.0,0.1652,그래도 계속 하고 싶어.,그래도 계속하고 싶어.,손상된 일본어 ASR + 타임스탬프 사진 + 앞뒤 문맥 추론,50.06,T3,화자·문맥·자연스러움 집중 검토,,96.16771866546439,69.43,P2,앞뒤 5블록·사진·오류 기억을 함께 검토
SSIS-575,사진 대조 1차 교정본,1153,"01:42:01,930 --> 01:42:03,790",1.86,"네, 조급함이 정말 컸어요.",용기가 없지는 않지. 그래도 조급함이 컸구나.,그랬구나. 대단하네.,반응형,sub_1153_6121.9s.jpg,0.03,,,25.0,90.0,50.0,78.0,75.0,0.72965,0.0,66.0,0.0,0.0,0.2487,"네, 네.",네.,불필요한 반복 제거,45.71,T3,화자·문맥·자연스러움 집중 검토,,89.13435527502254,63.95,P2,앞뒤 5블록·사진·오류 기억을 함께 검토
SSIS-575,사진 대조 1차 교정본,1154,"01:42:04,190 --> 01:42:06,330",2.14,그랬구나. 대단하네.,"네, 조급함이 정말 컸어요.",지원자가 많이 있었다고 들었어요.,반말형,sub_1154_6124.2s.jpg,0.01,,,25.0,90.0,50.0,78.0,75.0,0.559,0.97,66.0,0.0,0.0,0.658,대단하네.,땀이 엄청나네.,손상된 일본어 ASR + 타임스탬프 사진 + 앞뒤 문맥 추론,38.71,T3,화자·문맥·자연스러움 집중 검토,,66.90712353471596,50.55,P3,말투·질문응답·가독성 위주 검토
SSIS-575,사진 대조 1차 교정본,1155,"01:42:06,370 --> 01:42:11,050",4.68,지원자가 많이 있었다고 들었어요.,그랬구나. 대단하네.,"응, 응.",반응형,sub_1155_6126.4s.jpg,0.03,,,25.0,90.0,50.0,78.0,75.0,0.68982,0.0,66.0,0.0,0.0,0.1699,더 하고 싶었어요.,조금 더 보고 싶었어요.,사진 장면 확인 및 한국어 번역투·ASR 오역 교정,44.03,T3,화자·문맥·자연스러움 집중 검토,,85.48241659152389,61.44,P2,앞뒤 5블록·사진·오류 기억을 함께 검토
SSIS-575,사진 대조 1차 교정본,1156,"01:42:11,310 --> 01:42:12,570",1.26,"응, 응.",지원자가 많이 있었다고 들었어요.,그래서 제가 뽑힐 줄 몰랐어요.,반응형,sub_1156_6131.3s.jpg,0.01,,,25.0,90.0,50.0,78.0,75.0,0.26287,0.0,66.0,0.0,0.0,0.4283,"응, 더...","응, 더…",,26.1,T4,구조검사 통과 시 유지,,20.130748422001805,23.59,P4,회귀검사 통과 시 유지
SSIS-575,사진 대조 1차 교정본,1157,"01:42:12,570 --> 01:42:14,410",1.84,그래서 제가 뽑힐 줄 몰랐어요.,"응, 응.",뽑혔다고 해야 할지…,반응형,sub_1157_6132.6s.jpg,0.03,,,25.0,90.0,50.0,78.0,75.0,0.692,0.0,66.0,0.0,0.0,0.1468,맞아요. 그래서 강사분이 너무 당황해서 불시착하고…,맞아요. 강사분도 당황할 만큼 아찔한 순간이 있었어요.,손상된 일본어 ASR + 타임스탬프 사진 + 앞뒤 문맥 추론,44.12,T3,화자·문맥·자연스러움 집중 검토,,85.61767357980162,61.55,P2,앞뒤 5블록·사진·오류 기억을 함께 검토
SSIS-575,사진 대조 1차 교정본,1158,"01:42:14,530 --> 01:42:15,770",1.24,뽑혔다고 해야 할지…,그래서 제가 뽑힐 줄 몰랐어요.,감회가 새로워요. 그렇게까지?,반말형,sub_1158_6134.5s.jpg,0.03,,,25.0,90.0,50.0,78.0,75.0,0.575,0.0,66.0,0.0,0.0,0.2056,뭐라고 해야 돼?,뭐라고 말하면 돼?,일본어 원문 대조 + 자연스러운 한국어 대사 교정,39.21,T3,화자·문맥·자연스러움 집중 검토,,68.82326420198378,51.65,P3,말투·질문응답·가독성 위주 검토
SSIS-575,사진 대조 1차 교정본,1159,"01:42:18,650 --> 01:42:21,590",2.94,감회가 새로워요. 그렇게까지?,뽑혔다고 해야 할지…,축하해.,반말형,sub_1159_6138.6s.jpg,0.05,,,25.0,90.0,50.0,78.0,75.0,0.74126,0.0,66.0,0.0,0.0,0.2521,"아, 그렇게까지 심하진 않고.",그렇게 세게 하진 않았어.,타임스탬프 사진과 앞뒤 장면으로 대사 기능 복원,46.19,T3,화자·문맥·자연스러움 집중 검토,,90.2614968440036,64.7,P2,앞뒤 5블록·사진·오류 기억을 함께 검토
SSIS-575,사진 대조 1차 교정본,1160,"01:42:23,570 --> 01:42:24,650",1.08,축하해.,감회가 새로워요. 그렇게까지?,아직 한 달이 끝나지는 않았지만 지금 같이 살고 있잖아. 어때?,반말형,sub_1160_6143.6s.jpg,0.03,,,25.0,90.0,50.0,78.0,75.0,0.31962,42.0,66.0,0.0,0.0,1.0,축하해.,기대된다.,사진 장면 확인 및 한국어 번역투·ASR 오역 교정,36.04,T3,화자·문맥·자연스러움 집중 검토,,55.81605049594229,44.35,P3,말투·질문응답·가독성 위주 검토
SSIS-575,사진 대조 1차 교정본,1161,"01:42:28,990 --> 01:42:36,750",7.76,아직 한 달이 끝나지는 않았지만 지금 같이 살고 있잖아. 어때?,축하해.,첫날보다 지금이 훨씬 좋아요.,반말형,sub_1161_6149.0s.jpg,0.01,,,25.0,90.0,50.0,78.0,75.0,0.89523,0.0,66.0,0.0,0.0,0.2987,서 있잖아.,완전히 서 있잖아.,일본어 원문 대조 + 자연스러운 한국어 대사 교정,52.66,T3,화자·문맥·자연스러움 집중 검토,,98.96302975653742,72.11,P1,장면 패킷을 열고 후보 3개를 생성해 반증 검토
SSIS-575,사진 대조 1차 교정본,1162,"01:42:41,190 --> 01:42:46,030",4.84,첫날보다 지금이 훨씬 좋아요.,아직 한 달이 끝나지는 않았지만 지금 같이 살고 있잖아. 어때?,좋아졌구나. 긴장도 많이 풀렸지?,반응형,sub_1162_6161.2s.jpg,0.01,,,25.0,90.0,50.0,78.0,75.0,0.68119,0.0,66.0,0.0,0.0,0.3645,기분 좋아요.,"아, 좋아요.",화면 영문 자막 대조,43.67,T3,화자·문맥·자연스러움 집중 검토,,84.26510369702434,60.72,P2,앞뒤 5블록·사진·오류 기억을 함께 검토
SSIS-575,사진 대조 1차 교정본,1163,"01:42:46,510 --> 01:42:51,970",5.46,좋아졌구나. 긴장도 많이 풀렸지?,첫날보다 지금이 훨씬 좋아요.,가족처럼 편하다는 건 아니지만 정말 좋은 사람이라는 생각이 들어요.,반응형,sub_1163_6166.5s.jpg,0.01,,,25.0,90.0,50.0,78.0,75.0,0.68694,0.0,66.0,0.0,0.0,0.159,"귀여워서 긴장이 많이 풀렸으니까, 소리 내 봐.",긴장도 풀렸으니까 소리 내도 돼.,사진 장면 확인 및 한국어 번역투·ASR 오역 교정,43.91,T3,화자·문맥·자연스러움 집중 검토,,85.14427412082958,61.23,P2,앞뒤 5블록·사진·오류 기억을 함께 검토
SSIS-575,사진 대조 1차 교정본,1164,"01:42:52,610 --> 01:43:04,550",11.94,가족처럼 편하다는 건 아니지만 정말 좋은 사람이라는 생각이 들어요.,좋아졌구나. 긴장도 많이 풀렸지?,이런 여자친구가 있으면 좋겠다는 느낌이요.,반말형,sub_1164_6172.6s.jpg,0.01,,,25.0,90.0,50.0,78.0,75.0,0.89496,0.0,66.0,0.0,0.0,0.24,일본 사람이 아닌 것 같다는 말을 자주 들어요.,일본인 같지 않은 몸매라는 말을 자주 들어요.,타임스탬프 사진과 앞뒤 장면으로 대사 기능 복원,52.65,T3,화자·문맥·자연스러움 집중 검토,,98.91794409377817,72.08,P1,장면 패킷을 열고 후보 3개를 생성해 반증 검토
SSIS-575,사진 대조 1차 교정본,1165,"01:43:05,050 --> 01:43:07,730",2.68,이런 여자친구가 있으면 좋겠다는 느낌이요.,가족처럼 편하다는 건 아니지만 정말 좋은 사람이라는 생각이 들어요.,사생활에서도요.,반응형,sub_1165_6185.1s.jpg,0.05,,,25.0,90.0,50.0,78.0,75.0,0.71612,0.0,66.0,0.0,0.0,0.2152,오늘은 이런 느낌이야.,오늘은 네가 하고 싶은 대로 해.,손상된 일본어 ASR + 타임스탬프 사진 + 앞뒤 문맥 추론,45.14,T3,화자·문맥·자연스러움 집중 검토,,88.09738503155997,63.18,P2,앞뒤 5블록·사진·오류 기억을 함께 검토
SSIS-575,사진 대조 1차 교정본,1166,"01:43:08,650 --> 01:43:09,490",0.84,사생활에서도요.,이런 여자친구가 있으면 좋겠다는 느낌이요.,이 기획이 끝난 뒤에도 노력해야겠다고 생각해요. 이런 기회를 받았으니까요.,중립·혼합형,sub_1166_6188.6s.jpg,0.05,,,25.0,90.0,50.0,78.0,75.0,0.34359,0.0,66.0,0.0,0.0,0.0723,저쪽에서도 해볼래?,저쪽에서도 해 볼래?,,29.49,T4,구조검사 통과 시 유지,,30.703336339044185,30.0,P4,회귀검사 통과 시 유지
SSIS-575,사진 대조 1차 교정본,1167,"01:43:11,430 --> 01:43:16,990",5.56,이 기획이 끝난 뒤에도 노력해야겠다고 생각해요. 이런 기회를 받았으니까요.,사생활에서도요.,정말 긍정적으로 변했네.,반말형,sub_1167_6191.4s.jpg,0.03,,,25.0,90.0,50.0,78.0,75.0,0.9334,0.0,66.0,0.0,0.0,0.1433,불꽃축제 끝난 뒤에…,불꽃축제가 끝난 뒤라든가…,일본어 원문 대조 + 자연스러운 한국어 대사 교정,54.26,T3,화자·문맥·자연스러움 집중 검토,,99.45897204688909,73.24,P1,장면 패킷을 열고 후보 3개를 생성해 반증 검토
SSIS-575,사진 대조 1차 교정본,1168,"01:43:17,570 --> 01:43:20,750",3.18,정말 긍정적으로 변했네.,이 기획이 끝난 뒤에도 노력해야겠다고 생각해요. 이런 기회를 받았으니까요.,저는 원래 진지한 편이에요.,반응형,sub_1168_6197.6s.jpg,0.03,,,25.0,90.0,50.0,78.0,75.0,0.55796,0.0,66.0,0.0,0.0,0.1611,정말 좋아.,거기 좋아.,타임스탬프 사진과 장면 흐름으로 명백한 오인식 교정,38.49,T3,화자·문맥·자연스러움 집중 검토,,65.87015329125339,49.99,P3,말투·질문응답·가독성 위주 검토
SSIS-575,사진 대조 1차 교정본,1169,"01:43:21,070 --> 01:43:22,990",1.92,저는 원래 진지한 편이에요.,정말 긍정적으로 변했네.,아주 좋은 것 같아.,중립·혼합형,sub_1169_6201.1s.jpg,0.03,,,25.0,90.0,50.0,78.0,75.0,0.58739,0.0,66.0,0.0,0.0,0.1578,저는 엄청 비를 몰고 다니는 편인데 오늘은 맑아서 다행이에요. 도착했습니다.,저 원래 비를 몰고 다니는 편인데 오늘은 맑아서 다행이에요. 도착했네요.,,39.73,T3,화자·문맥·자연스러움 집중 검토,,70.96483318304779,52.85,P3,말투·질문응답·가독성 위주 검토
SSIS-575,사진 대조 1차 교정본,1170,"01:43:24,510 --> 01:43:25,210",0.7,아주 좋은 것 같아.,저는 원래 진지한 편이에요.,금방 할 수 있을 거야.,반응형,sub_1170_6204.5s.jpg,0.01,,,25.0,90.0,50.0,78.0,75.0,0.465,0.0,66.0,0.0,0.0,0.548,갈 것 같아.,진짜 갈 것 같아.,일본어 원문 대조 + 자연스러운 한국어 대사 교정,34.59,T4,구조검사 통과 시 유지,,50.270513976555456,41.18,P3,말투·질문응답·가독성 위주 검토
SSIS-575,사진 대조 1차 교정본,1171,"01:43:29,470 --> 01:43:30,590",1.12,금방 할 수 있을 거야.,아주 좋은 것 같아.,아직 자신은 없어요.,반말형,sub_1171_6209.5s.jpg,0.03,,,25.0,90.0,50.0,78.0,75.0,0.55258,0.0,66.0,0.0,0.0,0.3854,싫은 거야.,싫어?,일본어 원문 대조 + 자연스러운 한국어 대사 교정,38.27,T3,화자·문맥·자연스러움 집중 검토,,64.87826871055005,49.45,P3,말투·질문응답·가독성 위주 검토
SSIS-575,사진 대조 1차 교정본,1172,"01:43:35,730 --> 01:43:36,510",0.78,아직 자신은 없어요.,금방 할 수 있을 거야.,그래도 보름 정도 남았으니 노력해서 자신감을 붙이겠습니다.,반응형,sub_1172_6215.7s.jpg,0.03,,,25.0,90.0,50.0,78.0,75.0,0.56109,0.0,66.0,0.0,0.0,0.4085,아무도 없어요.,아무도 안 보잖아.,타임스탬프 사진과 장면 흐름으로 명백한 오인식 교정,38.63,T3,화자·문맥·자연스러움 집중 검토,,66.61406672678089,50.38,P3,말투·질문응답·가독성 위주 검토
SSIS-575,사진 대조 1차 교정본,1173,"01:43:40,570 --> 01:43:45,290",4.72,그래도 보름 정도 남았으니 노력해서 자신감을 붙이겠습니다.,아직 자신은 없어요.,힘내.,중립·혼합형,sub_1173_6220.6s.jpg,0.03,,,25.0,90.0,50.0,78.0,75.0,0.88981,0.0,66.0,0.0,0.0,0.211,지금 함께 지내는 것도 꽤 괜찮아. 그러니 좀 더 자신감을 가져.,지금 함께 지내는 것도 꽤 괜찮잖아. 그러니 좀 더 자신감을 가져.,화자 분리 및 줄바꿈,52.43,T3,화자·문맥·자연스러움 집중 검토,,98.76014427412083,71.89,P2,앞뒤 5블록·사진·오류 기억을 함께 검토
SSIS-575,사진 대조 1차 교정본,1174,"01:43:45,450 --> 01:43:46,170",0.72,힘내.,그래도 보름 정도 남았으니 노력해서 자신감을 붙이겠습니다.,네.,중립·혼합형,sub_1174_6225.4s.jpg,0.05,,,25.0,90.0,50.0,78.0,75.0,0.30284,0.0,66.0,0.0,0.0,0.2107,"네, 힘내면 돼.","응, 힘내면 돼.",사진 장면 확인 및 한국어 번역투·ASR 오역 교정,27.78,T4,구조검사 통과 시 유지,,25.360685302073943,26.76,P4,회귀검사 통과 시 유지
SSIS-575,사진 대조 1차 교정본,1175,"01:43:46,590 --> 01:43:46,850",0.26,네.,힘내.,나중에 여자친구가 생기면 소식 알려 줘.,반말형,sub_1175_6226.6s.jpg,0.01,,,25.0,90.0,50.0,78.0,75.0,0.01443,0.0,66.0,0.0,0.0,0.6489,"네, 네.",네.,불필요한 반복 제거,15.67,T4,구조검사 통과 시 유지,,4.869251577998197,11.13,P4,회귀검사 통과 시 유지
SSIS-575,사진 대조 1차 교정본,1176,"01:43:47,870 --> 01:43:51,270",3.4,나중에 여자친구가 생기면 소식 알려 줘.,네.,감독님께 알려야 하나요?,중립·혼합형,sub_1176_6227.9s.jpg,0.03,,,25.0,90.0,50.0,78.0,75.0,0.80985,0.0,66.0,0.0,0.0,0.1648,이 영상은 나중에 후와 씨에게도 보여 줄 텐데요.,이 영상은 나중에 후우아 씨에게도 보여 드릴 텐데요.,출연자 이름 오인식 교정,49.07,T3,화자·문맥·자연스러움 집중 검토,,95.26600541027953,68.47,P2,앞뒤 5블록·사진·오류 기억을 함께 검토
SSIS-575,사진 대조 1차 교정본,1177,"01:43:51,270 --> 01:43:54,150",2.88,감독님께 알려야 하나요?,나중에 여자친구가 생기면 소식 알려 줘.,감독님께 말하거나 트위터로 알려 줘.,중립·혼합형,sub_1177_6231.3s.jpg,0.03,,,25.0,90.0,50.0,78.0,75.0,0.68956,0.0,66.0,0.0,0.0,0.1538,감독님이나 트위터로.,감독님께 말하거나 트위터로 알려 줘.,누락된 서술어 복원,44.02,T3,화자·문맥·자연스러움 집중 검토,,85.43733092876465,61.42,P2,앞뒤 5블록·사진·오류 기억을 함께 검토
SSIS-575,사진 대조 1차 교정본,1178,"01:43:54,230 --> 01:43:57,970",3.74,감독님께 말하거나 트위터로 알려 줘.,감독님께 알려야 하나요?,아!,중립·혼합형,sub_1178_6234.2s.jpg,0.03,누락된 서술어 복원,높음,25.0,90.0,50.0,78.0,75.0,0.73498,0.0,22.0,0.0,0.0,0.3852,감독님이나 트위터로.,감독님께 말하거나 트위터로 알려 줘.,누락된 서술어 복원,28.0,T4,구조검사 통과 시 유지,,26.21731289449955,27.25,P4,회귀검사 통과 시 유지
SSIS-575,사진 대조 1차 교정본,1179,"01:43:58,350 --> 01:43:58,490",0.14,아!,감독님께 말하거나 트위터로 알려 줘.,SNS도 하세요?,반응형,sub_1179_6238.4s.jpg,0.05,,,25.0,90.0,50.0,78.0,75.0,0.12215,0.0,66.0,0.0,0.0,0.0882,네! 어이!,"네, 잘 부탁드립니다!",사진 장면 확인 및 한국어 번역투·ASR 오역 교정,20.19,T4,구조검사 통과 시 유지,,10.324616771866546,16.05,P4,회귀검사 통과 시 유지
SSIS-575,사진 대조 1차 교정본,1180,"01:43:59,670 --> 01:44:01,350",1.68,SNS도 하세요?,아!,응.,존댓말형,sub_1180_6239.7s.jpg,0.03,,,25.0,90.0,50.0,78.0,75.0,0.35083,0.0,66.0,0.0,0.0,0.2703,남자 좋아하세요?,그래도 싫지는 않았죠?,타임스탬프 사진과 앞뒤 장면으로 대사 기능 복원,29.79,T4,구조검사 통과 시 유지,,31.74030658250676,30.61,P4,회귀검사 통과 시 유지
SSIS-575,사진 대조 1차 교정본,1181,"01:44:01,450 --> 01:44:01,630",0.18,응.,SNS도 하세요?,그렇구나.,반응형,sub_1181_6241.4s.jpg,0.05,,,25.0,90.0,50.0,78.0,75.0,0.02155,0.0,66.0,0.0,0.0,0.4021,"하-, 응.",하아… 응.,,15.96,T4,구조검사 통과 시 유지,,6.7177637511271415,12.08,P4,회귀검사 통과 시 유지
SSIS-575,사진 대조 1차 교정본,1182,"01:44:01,850 --> 01:44:02,510",0.66,그렇구나.,응.,트위터 해?,중립·혼합형,sub_1182_6241.9s.jpg,0.05,,,25.0,90.0,50.0,78.0,75.0,0.3056,42.0,66.0,0.0,0.0,1.0,그렇구나.,손 정말 잘 쓰네.,일본어 원문 + 타임스탬프 사진 + 장면 연속성,35.46,T3,화자·문맥·자연스러움 집중 검토,,53.20108205590623,42.91,P3,말투·질문응답·가독성 위주 검토
SSIS-575,사진 대조 1차 교정본,1183,"01:44:03,830 --> 01:44:05,090",1.26,트위터 해?,그렇구나.,트위터요?,반말형,sub_1183_6243.8s.jpg,0.03,,,25.0,90.0,50.0,78.0,75.0,0.41321,0.0,66.0,0.0,0.0,0.2633,감독님이나 트위터로.,감독님께 말하거나 트위터로 알려 줘.,누락된 서술어 복원,32.41,T4,구조검사 통과 시 유지,,41.253381424706944,36.12,P4,회귀검사 통과 시 유지
SSIS-575,사진 대조 1차 교정본,1184,"01:44:05,890 --> 01:44:06,710",0.82,트위터요?,트위터 해?,보기만 해요.,중립·혼합형,sub_1184_6245.9s.jpg,0.01,,,25.0,90.0,50.0,78.0,75.0,0.20577,0.0,66.0,0.0,0.0,0.2331,감독님이나 트위터로.,감독님께 말하거나 트위터로 알려 줘.,누락된 서술어 복원,23.7,T4,구조검사 통과 시 유지,,14.652840396753833,19.9,P4,회귀검사 통과 시 유지
SSIS-575,사진 대조 1차 교정본,1185,"01:44:07,250 --> 01:44:08,950",1.7,보기만 해요.,트위터요?,보는 전용 계정이구나.,반말형,sub_1185_6247.2s.jpg,0.05,,,25.0,90.0,50.0,78.0,75.0,0.38002,0.0,66.0,0.0,0.0,0.2105,그런 장면도 꼭 봐 주셨으면 해요.,그 장면도 꼭 봐 주셨으면 해요.,사진 장면 확인 및 한국어 번역투·ASR 오역 교정,31.02,T4,구조검사 통과 시 유지,,36.04598737601442,33.13,P4,회귀검사 통과 시 유지
SSIS-575,사진 대조 1차 교정본,1186,"01:44:09,190 --> 01:44:10,950",1.76,보는 전용 계정이구나.,보기만 해요.,"네, 보기만 해요.",중립·혼합형,sub_1186_6249.2s.jpg,0.01,,,25.0,90.0,50.0,78.0,75.0,0.51525,0.0,66.0,0.0,0.0,0.1508,그렇구나.,손 정말 잘 쓰네.,일본어 원문 + 타임스탬프 사진 + 장면 연속성,36.7,T3,화자·문맥·자연스러움 집중 검토,,58.20559062218214,45.73,P3,말투·질문응답·가독성 위주 검토
SSIS-575,사진 대조 1차 교정본,1187,"01:44:11,010 --> 01:44:12,290",1.28,"네, 보기만 해요.",보는 전용 계정이구나.,글은 올리지 않아요.,반말형,sub_1187_6251.0s.jpg,0.01,,,25.0,90.0,50.0,78.0,75.0,0.54384,0.0,66.0,0.0,0.0,0.3259,"네, 네.",네.,불필요한 반복 제거,37.9,T3,화자·문맥·자연스러움 집중 검토,,63.548241659152396,48.67,P3,말투·질문응답·가독성 위주 검토
SSIS-575,사진 대조 1차 교정본,1188,"01:44:12,290 --> 01:44:14,270",1.98,글은 올리지 않아요.,"네, 보기만 해요.",그렇구나.,반응형,sub_1188_6252.3s.jpg,0.01,,,25.0,90.0,50.0,78.0,75.0,0.54899,0.0,66.0,0.0,0.0,0.174,너무 졸리지 않아?,눈썹도 예쁘네. 너무 진하지도 않고.,손상된 일본어 ASR + 타임스탬프 사진 + 앞뒤 문맥 추론,38.12,T3,화자·문맥·자연스러움 집중 검토,,64.2921550946799,49.11,P3,말투·질문응답·가독성 위주 검토
SSIS-575,사진 대조 1차 교정본,1189,"01:44:14,390 --> 01:44:15,010",0.62,그렇구나.,글은 올리지 않아요.,그냥 보고 대단하다고 생각해요.,중립·혼합형,sub_1189_6254.4s.jpg,0.01,,,25.0,90.0,50.0,78.0,75.0,0.31431,42.0,66.0,0.0,0.0,1.0,그렇구나.,손 정말 잘 쓰네.,일본어 원문 + 타임스탬프 사진 + 장면 연속성,35.82,T3,화자·문맥·자연스러움 집중 검토,,54.891794409377816,43.83,P3,말투·질문응답·가독성 위주 검토
SSIS-575,사진 대조 1차 교정본,1190,"01:44:15,330 --> 01:44:17,090",1.76,그냥 보고 대단하다고 생각해요.,그렇구나.,내 계정도 본 적 있어?,반말형,sub_1190_6255.3s.jpg,0.03,,,25.0,90.0,50.0,78.0,75.0,0.63123,0.0,66.0,0.0,0.0,0.205,좋다고 생각해.,좋은 것 같아.,일본어 원문 대조 + 자연스러운 한국어 대사 교정,41.57,T3,화자·문맥·자연스러움 집중 검토,,77.81785392245266,56.79,P3,말투·질문응답·가독성 위주 검토
SSIS-575,사진 대조 1차 교정본,1191,"01:44:17,650 --> 01:44:18,690",1.04,내 계정도 본 적 있어?,그냥 보고 대단하다고 생각해요.,조금 찾아봤어요.,반응형,sub_1191_6257.6s.jpg,0.05,,,25.0,90.0,50.0,78.0,75.0,0.53822,0.0,66.0,0.0,0.0,0.6061,해 본 적 있어?,해 봤어?,일본어 원문 대조 + 자연스러운 한국어 대사 교정,37.67,T3,화자·문맥·자연스러움 집중 검토,,62.443642921550946,48.07,P3,말투·질문응답·가독성 위주 검토
SSIS-575,사진 대조 1차 교정본,1192,"01:44:19,150 --> 01:44:19,990",0.84,조금 찾아봤어요.,내 계정도 본 적 있어?,연락받고 나서 어떤 분인지 궁금해서요.,반응형,sub_1192_6259.1s.jpg,0.05,,,25.0,90.0,50.0,78.0,75.0,0.43303,0.0,66.0,0.0,0.0,0.2422,조금 쉬어요.,잠깐만요.,,33.25,T4,구조검사 통과 시 유지,,44.90532010820559,38.15,P4,회귀검사 통과 시 유지
SSIS-575,사진 대조 1차 교정본,1193,"01:44:21,770 --> 01:44:25,450",3.68,연락받고 나서 어떤 분인지 궁금해서요.,조금 찾아봤어요.,그럼 작품도?,반응형,sub_1193_6261.8s.jpg,0.03,,,25.0,90.0,50.0,78.0,75.0,0.70936,0.0,66.0,0.0,0.0,0.1175,어떤 식으로 가고 있는지.,어떻게 가고 있는지.,,44.85,T3,화자·문맥·자연스러움 집중 검토,,87.33092876465284,62.69,P2,앞뒤 5블록·사진·오류 기억을 함께 검토
SSIS-575,사진 대조 1차 교정본,1194,"01:44:25,570 --> 01:44:27,430",1.86,그럼 작품도?,연락받고 나서 어떤 분인지 궁금해서요.,"네, 샀어요.",중립·혼합형,sub_1194_6265.6s.jpg,0.03,,,25.0,90.0,50.0,78.0,75.0,0.38167,0.0,66.0,0.0,0.0,0.2153,제가 주도한 다른 작품도 있지만 이번 작품은 달라요.,"제가 주도한 작품도 있었지만, 이번 작품은 분위기가 조금 달라요.",사진 장면 확인 및 한국어 번역투·ASR 오역 교정,31.09,T4,구조검사 통과 시 유지,,36.40667267808837,33.32,P4,회귀검사 통과 시 유지
SSIS-575,사진 대조 1차 교정본,1195,"01:44:28,470 --> 01:44:30,390",1.92,"네, 샀어요.",그럼 작품도?,봤어?,반응형,sub_1195_6268.5s.jpg,0.03,,,25.0,90.0,50.0,78.0,75.0,0.32258,0.0,66.0,0.0,0.0,0.3671,"네, 네.",네.,불필요한 반복 제거,28.61,T4,구조검사 통과 시 유지,,27.77276825969342,28.26,P4,회귀검사 통과 시 유지
SSIS-575,사진 대조 1차 교정본,1196,"01:44:30,590 --> 01:44:30,830",0.24,봤어?,"네, 샀어요.",고마워.,반응형,sub_1196_6270.6s.jpg,0.01,,,25.0,90.0,50.0,78.0,75.0,0.25483,0.0,66.0,0.0,0.0,0.3907,봤어? 상자가 꽤 비었더라. 끼울게.,상자가 꽤 비었더라. 내가 끼울게.,대화 호흡 정리,25.76,T4,구조검사 통과 시 유지,,19.026149684400362,22.93,P4,회귀검사 통과 시 유지
SSIS-575,사진 대조 1차 교정본,1197,"01:44:30,990 --> 01:44:31,330",0.34,고마워.,봤어?,아니에요. 본인 앞에서는 좀 부끄럽네요.,중립·혼합형,sub_1197_6271.0s.jpg,0.01,,,25.0,90.0,50.0,78.0,75.0,0.25423,42.0,66.0,0.0,0.0,1.0,고마워.,손으로 잡아 줘.,일본어 원문 + 타임스탬프 사진 + 장면 연속성,33.3,T4,구조검사 통과 시 유지,,45.08566275924256,38.25,P4,회귀검사 통과 시 유지
SSIS-575,사진 대조 1차 교정본,1198,"01:44:33,110 --> 01:44:34,810",1.7,아니에요. 본인 앞에서는 좀 부끄럽네요.,고마워.,직접 만나고 있으니까요.,반응형,sub_1198_6273.1s.jpg,0.01,,,25.0,90.0,50.0,78.0,75.0,0.72746,0.0,66.0,0.0,18.0,0.3233,"손이 아니라, 손은 아니에요.",손 말고 혀로 해 주세요.,사진 장면 확인 및 한국어 번역투·ASR 오역 교정,47.05,T3,화자·문맥·자연스러움 집중 검토,formality_shift,92.11000901713255,65.98,P2,앞뒤 5블록·사진·오류 기억을 함께 검토
SSIS-575,사진 대조 1차 교정본,1199,"01:44:35,090 --> 01:44:36,210",1.12,직접 만나고 있으니까요.,아니에요. 본인 앞에서는 좀 부끄럽네요.,부끄러워?,반응형,sub_1199_6275.1s.jpg,0.01,,,25.0,90.0,50.0,78.0,75.0,0.50137,0.0,66.0,0.0,18.0,0.1796,직접 만지는 게 더 기분 좋아...,직접 만지는 게 더 기분 좋아…,,37.56,T3,화자·문맥·자연스러움 집중 검토,formality_shift,61.85752930568079,47.76,P3,말투·질문응답·가독성 위주 검토
SSIS-575,사진 대조 1차 교정본,1200,"01:44:36,210 --> 01:44:36,790",0.58,부끄러워?,직접 만나고 있으니까요.,부끄럽네요.,중립·혼합형,sub_1200_6276.2s.jpg,0.01,,,25.0,90.0,50.0,78.0,75.0,0.22696,0.0,66.0,0.0,0.0,0.4966,"잠깐, 보여 줘 봐. 잠깐, 이쪽 봐봐. 부끄러워?",잠깐 보여 줘. 이쪽 봐봐. 부끄러워?,일본어 원문 대조 + 자연스러운 한국어 대사 교정,24.59,T4,구조검사 통과 시 유지,,16.56898106402164,21.22,P4,회귀검사 통과 시 유지
SSIS-575,사진 대조 1차 교정본,1201,"01:44:37,150 --> 01:44:38,010",0.86,부끄럽네요.,부끄러워?,그래도 기뻐.,반말형,sub_1201_6277.1s.jpg,0.05,,,25.0,90.0,50.0,78.0,75.0,0.54678,0.0,66.0,0.0,0.0,0.1145,대단하네요.,바다다!,일본어 원문 대조 + 자연스러운 한국어 대사 교정,38.02,T3,화자·문맥·자연스러움 집중 검토,,63.976555455365194,48.92,P3,말투·질문응답·가독성 위주 검토
SSIS-575,사진 대조 1차 교정본,1202,"01:44:38,130 --> 01:44:38,770",0.64,그래도 기뻐.,부끄럽네요.,강아지를 키운다고 했죠?,중립·혼합형,sub_1202_6278.1s.jpg,0.03,,,25.0,90.0,50.0,78.0,75.0,0.70738,10.16,66.0,0.0,0.0,0.7347,기뻐.,기쁘다.,일본어 원문 대조 + 자연스러운 한국어 대사 교정,46.6,T3,화자·문맥·자연스러움 집중 검토,,91.23083859332732,65.34,P2,앞뒤 5블록·사진·오류 기억을 함께 검토
SSIS-575,사진 대조 1차 교정본,1203,"01:44:39,550 --> 01:44:40,790",1.24,강아지를 키운다고 했죠?,그래도 기뻐.,응.,반응형,sub_1203_6279.6s.jpg,0.05,,,25.0,90.0,50.0,78.0,75.0,0.8254,0.0,66.0,0.0,0.0,0.1849,강아지처럼...,강아지처럼…,,49.73,T3,화자·문맥·자연스러움 집중 검토,,95.71686203787195,69.04,P2,앞뒤 5블록·사진·오류 기억을 함께 검토
SSIS-575,사진 대조 1차 교정본,1204,"01:44:40,990 --> 01:44:41,430",0.44,응.,강아지를 키운다고 했죠?,좋겠네요.,반응형,sub_1204_6281.0s.jpg,0.01,,,25.0,90.0,50.0,78.0,75.0,0.01236,0.0,66.0,0.0,0.0,0.4021,"하-, 응.",하아… 응.,,15.58,T4,구조검사 통과 시 유지,,3.990081154192967,10.71,P4,회귀검사 통과 시 유지
SSIS-575,사진 대조 1차 교정본,1205,"01:44:41,430 --> 01:44:42,150",0.72,좋겠네요.,응.,저는 반려동물을 정말 좋아해서요.,반말형,sub_1205_6281.4s.jpg,0.03,,,25.0,90.0,50.0,78.0,75.0,0.2169,0.0,66.0,0.0,0.0,0.4561,가방에 코스프레 의상도 넣어 두면 좋겠네요.,칫솔도 챙겨 왔어요.,타임스탬프 사진과 앞뒤 장면으로 대사 기능 복원,24.17,T4,구조검사 통과 시 유지,,15.50946798917944,20.53,P4,회귀검사 통과 시 유지
SSIS-575,사진 대조 1차 교정본,1206,"01:44:42,210 --> 01:44:43,390",1.18,저는 반려동물을 정말 좋아해서요.,좋겠네요.,지금은 안 키워?,반응형,sub_1206_6282.2s.jpg,0.01,,,25.0,90.0,50.0,78.0,75.0,0.5788,0.0,66.0,0.0,0.0,0.1923,정말 좋아.,거기 좋아.,타임스탬프 사진과 장면 흐름으로 명백한 오인식 교정,39.37,T3,화자·문맥·자연스러움 집중 검토,,69.79260595130748,52.15,P3,말투·질문응답·가독성 위주 검토
SSIS-575,사진 대조 1차 교정본,1207,"01:44:43,670 --> 01:44:45,430",1.76,지금은 안 키워?,저는 반려동물을 정말 좋아해서요.,본가에서 키워요.,반말형,sub_1207_6283.7s.jpg,0.03,,,25.0,90.0,50.0,78.0,75.0,0.41103,0.0,66.0,0.0,0.0,0.3476,조심해. 지금은 안 되니까.,조심해. 아직 내려가면 안 돼.,일본어 원문 대조 + 자연스러운 한국어 대사 교정,32.32,T4,구조검사 통과 시 유지,,40.93778178539225,35.94,P4,회귀검사 통과 시 유지
SSIS-575,사진 대조 1차 교정본,1208,"01:44:45,890 --> 01:44:46,810",0.92,본가에서 키워요.,지금은 안 키워?,강아지?,중립·혼합형,sub_1208_6285.9s.jpg,0.01,,,25.0,90.0,50.0,78.0,75.0,0.39838,0.0,66.0,0.0,0.0,0.1487,더워요.,정말 덥네요.,사진 장면 확인 및 한국어 번역투·ASR 오역 교정,31.79,T4,구조검사 통과 시 유지,,38.86384129846709,34.76,P4,회귀검사 통과 시 유지
SSIS-575,사진 대조 1차 교정본,1209,"01:44:47,430 --> 01:44:48,170",0.74,강아지?,본가에서 키워요.,고양이요.,반응형,sub_1209_6287.4s.jpg,0.03,,,25.0,90.0,50.0,78.0,75.0,0.24229,0.0,66.0,0.0,0.0,0.3073,강아지처럼...,강아지처럼…,,25.24,T4,구조검사 통과 시 유지,,18.07935076645627,22.23,P4,회귀검사 통과 시 유지
SSIS-575,사진 대조 1차 교정본,1210,"01:44:48,570 --> 01:44:49,130",0.56,고양이요.,강아지?,"아, 고양이구나.",중립·혼합형,sub_1210_6288.6s.jpg,0.03,,,25.0,90.0,50.0,78.0,75.0,0.28974,0.0,66.0,0.0,0.0,0.131,채소와 과일이요.,좋아하는 음식은 채소와 과일이에요.,사진 장면 확인 및 한국어 번역투·ASR 오역 교정,27.23,T4,구조검사 통과 시 유지,,24.008115419296665,25.88,P4,회귀검사 통과 시 유지
SSIS-575,사진 대조 1차 교정본,1211,"01:44:49,550 --> 01:44:50,150",0.6,"아, 고양이구나.",고양이요.,고양이도 귀엽지.,반응형,sub_1211_6289.6s.jpg,0.05,,,25.0,90.0,50.0,78.0,75.0,0.48533,0.0,66.0,0.0,0.0,0.2728,"아, 아, 아, 아, 아, 아, 아,","아, 아, 아, 아, 아, 아, 아",,35.44,T3,화자·문맥·자연스러움 집중 검토,,53.11091073038774,42.86,P3,말투·질문응답·가독성 위주 검토
SSIS-575,사진 대조 1차 교정본,1212,"01:44:50,490 --> 01:44:51,590",1.1,고양이도 귀엽지.,"아, 고양이구나.",그렇구나.,반말형,sub_1212_6290.5s.jpg,0.01,,,25.0,90.0,50.0,78.0,75.0,0.49622,0.0,66.0,0.0,0.0,0.1343,펭귄 정말 좋아해요. 귀엽지 않아요? 걷는 모습이 귀여워요.,펭귄이 정말 귀엽지 않아요? 걷는 모습이 특히 귀여워요.,사진 장면 확인 및 한국어 번역투·ASR 오역 교정,35.9,T3,화자·문맥·자연스러움 집중 검토,,55.27502254283137,44.04,P3,말투·질문응답·가독성 위주 검토
SSIS-575,사진 대조 1차 교정본,1213,"01:44:51,850 --> 01:44:52,010",0.16,그렇구나.,고양이도 귀엽지.,좋네.,중립·혼합형,sub_1213_6291.9s.jpg,0.05,,,25.0,90.0,50.0,78.0,75.0,0.39586,42.0,66.0,70.0,0.0,1.0,그렇구나.,손 정말 잘 쓰네.,일본어 원문 + 타임스탬프 사진 + 장면 연속성,46.25,T3,화자·문맥·자연스러움 집중 검토,high_cps,90.3516681695221,64.77,P2,앞뒤 5블록·사진·오류 기억을 함께 검토
SSIS-575,사진 대조 1차 교정본,1214,"01:44:53,950 --> 01:44:54,330",0.38,좋네.,그렇구나.,귀엽지.,반말형,sub_1214_6293.9s.jpg,0.05,,,25.0,90.0,50.0,78.0,75.0,0.33659,42.0,66.0,0.0,0.0,1.0,좋네.,좋아.,일본어 원문 대조 + 자연스러운 한국어 대사 교정,36.76,T3,화자·문맥·자연스러움 집중 검토,,58.498647430117224,45.89,P3,말투·질문응답·가독성 위주 검토
SSIS-575,사진 대조 1차 교정본,1215,"01:44:55,410 --> 01:44:56,230",0.82,귀엽지.,좋네.,맛있다.,반말형,sub_1215_6295.4s.jpg,0.01,,,25.0,90.0,50.0,78.0,75.0,0.36424,0.0,66.0,0.0,0.0,0.1996,펭귄 정말 좋아해요. 귀엽지 않아요? 걷는 모습이 귀여워요.,펭귄이 정말 귀엽지 않아요? 걷는 모습이 특히 귀여워요.,사진 장면 확인 및 한국어 번역투·ASR 오역 교정,30.36,T4,구조검사 통과 시 유지,,33.498647430117224,31.68,P4,회귀검사 통과 시 유지
SSIS-575,사진 대조 1차 교정본,1216,"01:45:07,610 --> 01:45:08,410",0.8,맛있다.,귀엽지.,네?,중립·혼합형,sub_1216_6307.6s.jpg,0.01,,,25.0,90.0,50.0,78.0,75.0,0.32554,42.0,66.0,0.0,0.0,1.0,맛있다.,바람 좋다.,일본어 원문 대조 + 자연스러운 한국어 대사 교정,36.29,T3,화자·문맥·자연스러움 집중 검토,,56.469792605951305,44.77,P3,말투·질문응답·가독성 위주 검토
SSIS-575,사진 대조 1차 교정본,1217,"01:45:13,230 --> 01:45:13,630",0.4,네?,맛있다.,응?,반말형,sub_1217_6313.2s.jpg,0.03,,,25.0,90.0,50.0,78.0,75.0,0.20978,0.0,66.0,0.0,0.0,0.2517,진짜네?,진짜?,일본어 원문 대조 + 자연스러운 한국어 대사 교정,23.87,T4,구조검사 통과 시 유지,,14.94589720468891,20.12,P4,회귀검사 통과 시 유지
SSIS-575,사진 대조 1차 교정본,1218,"01:45:14,590 --> 01:45:14,990",0.4,응?,네?,키스해도 돼요?,반응형,sub_1218_6314.6s.jpg,0.01,,,25.0,90.0,50.0,78.0,75.0,0.17347,0.0,66.0,0.0,0.0,0.4446,응? 잠깐 기다려…,응? 잠깐만…,일본어 원문 대조 + 자연스러운 한국어 대사 교정,22.35,T4,구조검사 통과 시 유지,,12.646528403967539,18.27,P4,회귀검사 통과 시 유지
SSIS-575,사진 대조 1차 교정본,1219,"01:45:26,330 --> 01:45:27,670",1.34,키스해도 돼요?,응?,키스?,반말형,sub_1219_6326.3s.jpg,0.03,,,25.0,90.0,50.0,78.0,79.0,0.52488,0.0,66.0,0.0,0.0,0.4379,말해도 돼요?,이제 해도 돼요?,타임스탬프 사진과 앞뒤 장면으로 대사 기능 복원,37.34,T3,화자·문맥·자연스러움 집중 검토,,60.55004508566276,47.09,P3,말투·질문응답·가독성 위주 검토
SSIS-575,사진 대조 1차 교정본,1220,"01:45:27,770 --> 01:45:28,070",0.3,키스?,키스해도 돼요?,좋아.,중립·혼합형,sub_1220_6327.8s.jpg,0.03,,,25.0,90.0,50.0,78.0,79.0,0.3015,0.0,66.0,0.0,0.0,0.0393,그 냄새마저 쾌감을 키웠다.,그 냄새까지 몸을 더 달아오르게 했다.,,27.96,T4,구조검사 통과 시 유지,,26.104598737601442,27.18,P4,회귀검사 통과 시 유지
SSIS-575,사진 대조 1차 교정본,1221,"01:45:28,430 --> 01:45:29,790",1.36,좋아.,키스?,직접 먼저 해 줬네.,반응형,sub_1221_6328.4s.jpg,0.03,,,25.0,90.0,50.0,78.0,75.0,0.13081,16.19,66.0,0.0,0.0,0.7849,"아, 좋아.","아, 들어온다.",,23.47,T4,구조검사 통과 시 유지,,14.382326420198376,19.65,P4,회귀검사 통과 시 유지
SSIS-575,사진 대조 1차 교정본,1222,"01:45:50,320 --> 01:45:54,440",4.12,직접 먼저 해 줬네.,좋아.,그러게.,반말형,sub_1222_6350.3s.jpg,0.02,,,25.0,90.0,50.0,78.0,75.0,0.66723,0.0,66.0,0.0,0.0,0.2081,직접 만지는 게 더 기분 좋아...,직접 만지는 게 더 기분 좋아…,,43.08,T3,화자·문맥·자연스러움 집중 검토,,82.55184851217314,59.66,P2,앞뒤 5블록·사진·오류 기억을 함께 검토
SSIS-575,사진 대조 1차 교정본,1223,"01:45:54,900 --> 01:45:54,960",0.06,그러게.,직접 먼저 해 줬네.,성장하고 있어요.,중립·혼합형,sub_1223_6354.9s.jpg,0.0,,,25.0,90.0,50.0,78.0,75.0,0.37872,42.0,66.0,70.0,0.0,1.0,그러게.,목욕하면서 이러는 거…,일본어 원문 + 타임스탬프 사진 + 장면 연속성,45.53,T3,화자·문맥·자연스러움 집중 검토,high_cps,88.7736699729486,63.69,P2,앞뒤 5블록·사진·오류 기억을 함께 검토
SSIS-575,사진 대조 1차 교정본,1224,"01:45:56,780 --> 01:45:58,320",1.54,성장하고 있어요.,그러게.,성장했네.,반응형,sub_1224_6356.8s.jpg,0.02,,,25.0,90.0,50.0,78.0,75.0,0.52333,0.0,66.0,0.0,0.0,0.2998,유두에 닿고 있어요.,젖꼭지에 닿아요.,,37.04,T3,화자·문맥·자연스러움 집중 검토,,59.513074842200176,46.48,P3,말투·질문응답·가독성 위주 검토
SSIS-575,사진 대조 1차 교정본,1225,"01:45:58,320 --> 01:45:59,100",0.78,성장했네.,성장하고 있어요.,기뻐. 이번에는 이쪽으로.,반말형,sub_1225_6358.3s.jpg,0.02,,,25.0,90.0,50.0,78.0,75.0,0.3257,0.0,66.0,0.0,0.0,0.1783,오늘 진짜 엄청 했네.,오늘 진짜 실컷 했네.,일본어 원문 대조 + 자연스러운 한국어 대사 교정,28.74,T4,구조검사 통과 시 유지,,28.246167718665465,28.53,P4,회귀검사 통과 시 유지
SSIS-575,사진 대조 1차 교정본,1226,"01:46:00,300 --> 01:46:01,720",1.42,기뻐. 이번에는 이쪽으로.,성장했네.,먼저 키스해 줬어.,반응형,sub_1226_6360.3s.jpg,0.0,,,25.0,90.0,50.0,78.0,75.0,0.70781,0.0,66.0,0.0,0.0,0.441,기뻐.,기쁘다.,일본어 원문 대조 + 자연스러운 한국어 대사 교정,44.79,T3,화자·문맥·자연스러움 집중 검토,,87.15058611361587,62.58,P2,앞뒤 5블록·사진·오류 기억을 함께 검토
SSIS-575,사진 대조 1차 교정본,1227,"01:46:04,780 --> 01:46:05,780",1.0,먼저 키스해 줬어.,기뻐. 이번에는 이쪽으로.,더 가르쳐 주세요.,반응형,sub_1227_6364.8s.jpg,0.02,,,25.0,90.0,50.0,78.0,79.0,0.81357,0.0,66.0,0.0,18.0,0.1843,"그럼, 먼저 유두를 한 번 더 할까…",그럼 젖꼭지부터 한 번 더 핥아 줄까…,,50.91,T3,화자·문맥·자연스러움 집중 검토,formality_shift,97.61045987376015,70.52,P2,앞뒤 5블록·사진·오류 기억을 함께 검토
SSIS-575,사진 대조 1차 교정본,1228,"01:46:44,750 --> 01:46:46,270",1.52,더 가르쳐 주세요.,먼저 키스해 줬어.,굉장히 적극적이네.,존댓말형,sub_1228_6404.8s.jpg,0.05,,,25.0,90.0,50.0,78.0,75.0,0.61371,0.0,66.0,0.0,35.0,0.4709,조금만 더 해 주세요.,조금만 더 해 줘.,일본어 원문 대조 + 자연스러운 한국어 대사 교정,43.64,T3,화자·문맥·자연스러움 집중 검토,formality_jump,84.12984670874661,60.65,P2,앞뒤 5블록·사진·오류 기억을 함께 검토
SSIS-575,사진 대조 1차 교정본,1229,"01:46:47,750 --> 01:46:49,050",1.3,굉장히 적극적이네.,더 가르쳐 주세요.,좋아.,반말형,sub_1229_6407.8s.jpg,0.05,,,25.0,90.0,50.0,78.0,75.0,0.47409,14.11,66.0,0.0,0.0,0.7676,엄청 적극적이네.,오늘은 꽤 적극적이네.,일본어 원문 대조 + 자연스러운 한국어 대사 교정,37.51,T3,화자·문맥·자연스러움 집중 검토,,61.60955816050496,47.63,P3,말투·질문응답·가독성 위주 검토
SSIS-575,사진 대조 1차 교정본,1230,"01:46:50,190 --> 01:46:50,510",0.32,좋아.,굉장히 적극적이네.,어떻게 하면 돼요?,반응형,sub_1230_6410.2s.jpg,0.01,,,25.0,90.0,50.0,78.0,75.0,0.12085,16.19,66.0,0.0,0.0,0.7849,"아, 좋아.","아, 들어온다.",,23.05,T4,구조검사 통과 시 유지,,13.525698827772766,19.05,P4,회귀검사 통과 시 유지
SSIS-575,사진 대조 1차 교정본,1231,"01:46:51,450 --> 01:46:52,510",1.06,어떻게 하면 돼요?,좋아.,어떻게 하고 싶어?,반응형,sub_1231_6411.4s.jpg,0.05,,,25.0,90.0,50.0,78.0,75.0,0.50846,0.0,66.0,0.0,0.0,0.408,말해도 돼요?,이제 해도 돼요?,타임스탬프 사진과 앞뒤 장면으로 대사 기능 복원,36.42,T3,화자·문맥·자연스러움 집중 검토,,56.94319206492335,45.04,P3,말투·질문응답·가독성 위주 검토
SSIS-575,사진 대조 1차 교정본,1232,"01:46:53,250 --> 01:46:53,770",0.52,어떻게 하고 싶어?,어떻게 하면 돼요?,그럼 키스할 때는 혀를 더 내밀어.,반응형,sub_1232_6413.2s.jpg,0.05,,,25.0,90.0,50.0,78.0,75.0,0.57505,0.0,66.0,0.0,0.0,0.4631,잘 빨고 싶어?,계속 빨고 싶어?,일본어 원문 대조 + 자연스러운 한국어 대사 교정,39.21,T3,화자·문맥·자연스러움 집중 검토,,68.82326420198378,51.65,P3,말투·질문응답·가독성 위주 검토
SSIS-575,사진 대조 1차 교정본,1233,"01:46:56,150 --> 01:47:02,170",6.02,그럼 키스할 때는 혀를 더 내밀어.,어떻게 하고 싶어?,혀요?,중립·혼합형,sub_1233_6416.1s.jpg,0.05,,,25.0,90.0,50.0,78.0,83.0,0.92788,0.0,66.0,0.0,0.0,0.3501,엉덩이를 더 내밀어...,엉덩이를 더 내밀어…,,54.51,T3,화자·문맥·자연스러움 집중 검토,,99.61677186654644,73.45,P1,장면 패킷을 열고 후보 3개를 생성해 반증 검토
SSIS-575,사진 대조 1차 교정본,1234,"01:47:02,570 --> 01:47:03,050",0.48,혀요?,그럼 키스할 때는 혀를 더 내밀어.,응.,중립·혼합형,sub_1234_6422.6s.jpg,0.03,,,25.0,90.0,50.0,78.0,79.0,0.41109,0.0,66.0,0.0,0.0,0.0739,혀로 핥아.,그대로 핥아 줘.,일본어 원문 대조 + 자연스러운 한국어 대사 교정,32.57,T4,구조검사 통과 시 유지,,42.08746618575293,36.57,P4,회귀검사 통과 시 유지
SSIS-575,사진 대조 1차 교정본,1235,"01:47:03,290 --> 01:47:03,490",0.2,응.,혀요?,핥아도 돼요?,반응형,sub_1235_6423.3s.jpg,0.01,,,25.0,90.0,50.0,78.0,75.0,0.02155,0.0,66.0,0.0,0.0,0.4021,"하-, 응.",하아… 응.,,15.96,T4,구조검사 통과 시 유지,,6.7177637511271415,12.08,P4,회귀검사 통과 시 유지
SSIS-575,사진 대조 1차 교정본,1236,"01:47:42,390 --> 01:47:47,100",4.71,핥아도 돼요?,응.,좋아.,반응형,sub_1236_6462.4s.jpg,0.01,,,25.0,90.0,50.0,78.0,79.0,0.5505,0.0,66.0,0.0,0.0,0.4345,말해도 돼요?,이제 해도 돼요?,타임스탬프 사진과 앞뒤 장면으로 대사 기능 복원,38.42,T3,화자·문맥·자연스러움 집중 검토,,65.50946798917944,49.8,P3,말투·질문응답·가독성 위주 검토
SSIS-575,사진 대조 1차 교정본,1237,"01:47:47,580 --> 01:47:47,980",0.4,좋아.,핥아도 돼요?,좋네.,반응형,sub_1237_6467.6s.jpg,0.02,,,25.0,90.0,50.0,78.0,75.0,0.15089,16.19,66.0,0.0,0.0,0.7849,"아, 좋아.","아, 들어온다.",,24.31,T4,구조검사 통과 시 유지,,15.734896302975654,20.71,P4,회귀검사 통과 시 유지
SSIS-575,사진 대조 1차 교정본,1238,"01:48:30,780 --> 01:48:31,220",0.44,좋네.,좋아.,나는 귀가 민감하거든.,반말형,sub_1238_6510.8s.jpg,0.02,,,25.0,90.0,50.0,78.0,75.0,0.30919,42.0,66.0,0.0,0.0,1.0,좋네.,좋아.,일본어 원문 대조 + 자연스러운 한국어 대사 교정,35.61,T3,화자·문맥·자연스러움 집중 검토,,54.01262398557258,43.34,P3,말투·질문응답·가독성 위주 검토
SSIS-575,사진 대조 1차 교정본,1239,"01:48:31,220 --> 01:48:32,300",1.08,나는 귀가 민감하거든.,좋네.,기분 좋아요?,중립·혼합형,sub_1239_6511.2s.jpg,0.02,,,25.0,90.0,50.0,78.0,75.0,0.58208,0.0,66.0,0.0,0.0,0.2052,엉덩이가 보고 싶어. 엉덩이를 좋아하거든. 그래? 좋아.,엉덩이가 보고 싶어. 내가 엉덩이를 좋아하거든. 그래? 좋아.,화자 분리 및 줄바꿈,39.51,T3,화자·문맥·자연스러움 집중 검토,,70.17583408476105,52.39,P3,말투·질문응답·가독성 위주 검토
SSIS-575,사진 대조 1차 교정본,1240,"01:48:46,570 --> 01:48:47,510",0.94,기분 좋아요?,나는 귀가 민감하거든.,더 해 줬으면 좋겠어.,반응형,sub_1240_6526.6s.jpg,0.03,,,25.0,90.0,50.0,78.0,75.0,0.48634,0.0,66.0,0.0,0.0,0.5671,"대박이에요, 기분 좋아요?",대단하네요. 기분 좋아요?,사진 장면 확인 및 한국어 번역투·ASR 오역 교정,35.49,T3,화자·문맥·자연스러움 집중 검토,,53.44905320108205,43.03,P3,말투·질문응답·가독성 위주 검토
SSIS-575,사진 대조 1차 교정본,1241,"01:48:48,810 --> 01:48:49,910",1.1,더 해 줬으면 좋겠어.,기분 좋아요?,더요?,반응형,sub_1241_6528.8s.jpg,0.01,,,25.0,90.0,50.0,78.0,75.0,0.60603,0.0,66.0,0.0,0.0,0.4655,핥아줬으면 좋겠어...,핥아줬으면 좋겠어…,,40.51,T3,화자·문맥·자연스러움 집중 검토,,74.0532010820559,54.6,P3,말투·질문응답·가독성 위주 검토
SSIS-575,사진 대조 1차 교정본,1242,"01:48:50,070 --> 01:48:50,430",0.36,더요?,더 해 줬으면 좋겠어.,좋아.,중립·혼합형,sub_1242_6530.1s.jpg,0.03,,,25.0,90.0,50.0,78.0,75.0,0.28487,0.0,66.0,0.0,0.0,0.0756,좀 더 잠수해도 돼요?,조금 더 내려가도 돼요?,타임스탬프 사진과 앞뒤 장면으로 대사 기능 복원,27.02,T4,구조검사 통과 시 유지,,23.264201983769162,25.44,P4,회귀검사 통과 시 유지
SSIS-575,사진 대조 1차 교정본,1243,"01:48:50,670 --> 01:48:51,530",0.86,좋아.,더요?,좋아.,반응형,sub_1243_6530.7s.jpg,0.03,,,25.0,90.0,50.0,78.0,75.0,0.06836,16.19,66.0,0.0,0.0,0.7849,"아, 좋아.","아, 들어온다.",,20.85,T4,구조검사 통과 시 유지,,10.820559062218214,16.64,P4,회귀검사 통과 시 유지
SSIS-575,사진 대조 1차 교정본,1244,"01:49:47,430 --> 01:49:48,270",0.84,좋아.,좋아.,좋네.,반응형,sub_1244_6587.4s.jpg,0.03,,,25.0,90.0,50.0,78.0,75.0,0.15923,16.19,66.0,0.0,0.0,0.7849,"아, 좋아.","아, 들어온다.",,24.66,T4,구조검사 통과 시 유지,,16.862037871956716,21.38,P4,회귀검사 통과 시 유지
SSIS-575,사진 대조 1차 교정본,1245,"01:49:48,410 --> 01:49:48,530",0.12,좋네.,좋아.,좋아.,반말형,sub_1245_6588.4s.jpg,0.01,,,25.0,90.0,50.0,78.0,75.0,0.24123,42.0,66.0,55.0,0.0,1.0,좋네.,좋아.,일본어 원문 대조 + 자연스러운 한국어 대사 교정,38.25,T3,화자·문맥·자연스러움 집중 검토,high_cps,64.76555455365194,49.39,P3,말투·질문응답·가독성 위주 검토
SSIS-575,사진 대조 1차 교정본,1246,"01:49:48,530 --> 01:49:49,010",0.48,좋아.,좋네.,잠깐…,반응형,sub_1246_6588.5s.jpg,0.03,,,25.0,90.0,50.0,78.0,75.0,0.2276,16.19,66.0,0.0,0.0,0.7849,"아, 좋아.","아, 들어온다.",,27.53,T4,구조검사 통과 시 유지,,24.797114517583406,26.38,P4,회귀검사 통과 시 유지
SSIS-575,사진 대조 1차 교정본,1247,"01:49:49,190 --> 01:49:49,610",0.42,잠깐…,좋아.,벗길까?,반응형,sub_1247_6589.2s.jpg,0.01,,,25.0,90.0,50.0,78.0,75.0,0.33118,42.0,66.0,0.0,0.0,1.0,잠깐…,그리고…,일본어 원문 대조 + 자연스러운 한국어 대사 교정,36.53,T3,화자·문맥·자연스러움 집중 검토,,57.30387736699729,45.26,P3,말투·질문응답·가독성 위주 검토
SSIS-575,사진 대조 1차 교정본,1248,"01:49:51,500 --> 01:49:52,500",1.0,벗길까?,잠깐…,서 있네. 여기에 올라가도 돼?,중립·혼합형,sub_1248_6591.5s.jpg,0.0,,,25.0,90.0,50.0,78.0,75.0,0.56069,0.0,66.0,0.0,0.0,0.1061,뭐 할까?,내가 먼저?,일본어 원문 + 타임스탬프 사진 + 장면 연속성,38.61,T3,화자·문맥·자연스러움 집중 검토,,66.45626690712353,50.31,P3,말투·질문응답·가독성 위주 검토
SSIS-575,사진 대조 1차 교정본,1249,"01:50:44,850 --> 01:51:11,760",26.91,서 있네. 여기에 올라가도 돼?,벗길까?,좋아하는 만큼 잔뜩 해 줘. 기분 좋아?,반말형,sub_1249_6644.9s.jpg,0.05,,,25.0,90.0,50.0,78.0,75.0,0.85426,0.0,66.0,0.0,0.0,0.3128,유두가 서 있네.,젖꼭지가 딱 섰네.,,50.94,T3,화자·문맥·자연스러움 집중 검토,,97.70063119927863,70.58,P2,앞뒤 5블록·사진·오류 기억을 함께 검토
SSIS-575,사진 대조 1차 교정본,1250,"01:51:53,300 --> 01:52:25,770",32.47,좋아하는 만큼 잔뜩 해 줘. 기분 좋아?,서 있네. 여기에 올라가도 돼?,기분 좋아?,반말형,sub_1250_6713.3s.jpg,0.0,,,25.0,90.0,50.0,78.0,75.0,0.87949,0.0,66.0,0.0,0.0,0.3681,다리 좋아하는 남자.,다리 좋아하는 남자 많잖아.,일본어 원문 대조 + 자연스러운 한국어 대사 교정,52.0,T3,화자·문맥·자연스러움 집중 검토,,98.46708746618576,71.52,P2,앞뒤 5블록·사진·오류 기억을 함께 검토
SSIS-575,사진 대조 1차 교정본,1251,"01:53:02,320 --> 01:53:03,300",0.98,기분 좋아?,좋아하는 만큼 잔뜩 해 줘. 기분 좋아?,네.,반응형,sub_1251_6782.3s.jpg,0.02,,,25.0,90.0,50.0,78.0,75.0,0.35024,0.0,66.0,0.0,0.0,0.561,"아, 거기... 기분 좋아?","아, 거기… 기분 좋아?",,29.77,T4,구조검사 통과 시 유지,,31.582506762849416,30.53,P4,회귀검사 통과 시 유지
SSIS-575,사진 대조 1차 교정본,1252,"01:53:04,220 --> 01:53:04,660",0.44,네.,기분 좋아?,여기는?,반말형,sub_1252_6784.2s.jpg,0.02,,,25.0,90.0,50.0,78.0,75.0,0.01039,0.0,66.0,0.0,0.0,0.6489,"네, 네.",네.,불필요한 반복 제거,15.5,T4,구조검사 통과 시 유지,,3.3363390441839496,10.39,P4,회귀검사 통과 시 유지
SSIS-575,사진 대조 1차 교정본,1253,"01:53:14,550 --> 01:53:15,210",0.66,여기는?,네.,기분 좋아?,중립·혼합형,sub_1253_6794.6s.jpg,0.05,,,25.0,90.0,50.0,78.0,75.0,0.31276,0.0,66.0,0.0,0.0,0.1144,여기...,여기…,,28.2,T4,구조검사 통과 시 유지,,26.62308385933273,27.54,P4,회귀검사 통과 시 유지
SSIS-575,사진 대조 1차 교정본,1254,"01:53:20,300 --> 01:53:21,240",0.94,기분 좋아?,여기는?,굉장해요.,반응형,sub_1254_6800.3s.jpg,0.0,,,25.0,90.0,50.0,78.0,75.0,0.30397,0.0,66.0,0.0,0.0,0.561,"아, 거기... 기분 좋아?","아, 거기… 기분 좋아?",,27.83,T4,구조검사 통과 시 유지,,25.473399458972047,26.84,P4,회귀검사 통과 시 유지
SSIS-575,사진 대조 1차 교정본,1255,"01:53:21,960 --> 01:53:22,400",0.44,굉장해요.,기분 좋아?,더 빨리 하는 게 좋아?,반말형,sub_1255_6802.0s.jpg,0.04,,,25.0,90.0,50.0,78.0,75.0,0.36685,0.0,66.0,0.0,0.0,0.3808,굉장해. 굉장해.,엄청나. 진짜 엄청나.,,30.47,T4,구조검사 통과 시 유지,,33.97204688908927,31.94,P4,회귀검사 통과 시 유지
SSIS-575,사진 대조 1차 교정본,1256,"01:54:21,170 --> 01:54:22,650",1.48,더 빨리 하는 게 좋아?,굉장해요.,빨리 하니까 큰일이에요.,반응형,sub_1256_6861.2s.jpg,0.03,,,25.0,90.0,50.0,78.0,75.0,0.57164,0.0,66.0,0.0,0.0,0.4075,더 핥아주는 게 좋아?,더 핥아 주는 게 좋아?,,39.07,T3,화자·문맥·자연스러움 집중 검토,,68.19206492335438,51.3,P3,말투·질문응답·가독성 위주 검토
SSIS-575,사진 대조 1차 교정본,1257,"01:54:23,510 --> 01:54:25,670",2.16,빨리 하니까 큰일이에요.,더 빨리 하는 게 좋아?,갈 것 같아?,존댓말형,sub_1257_6863.5s.jpg,0.01,,,25.0,90.0,50.0,78.0,75.0,0.44243,0.0,66.0,0.0,18.0,0.3106,이렇게 하니까 역시...,이렇게 하니까 역시…,,35.08,T3,화자·문맥·자연스러움 집중 검토,formality_shift,51.75834084761046,42.08,P3,말투·질문응답·가독성 위주 검토
SSIS-575,사진 대조 1차 교정본,1258,"01:54:26,630 --> 01:54:27,530",0.9,갈 것 같아?,빨리 하니까 큰일이에요.,갈 것 같아요.,반응형,sub_1258_6866.6s.jpg,0.03,,,25.0,90.0,50.0,78.0,75.0,0.23124,0.0,66.0,0.0,0.0,0.5881,싸버릴 것 같아?,싸 버릴 것 같아?,,24.77,T4,구조검사 통과 시 유지,,17.11000901713255,21.55,P4,회귀검사 통과 시 유지
SSIS-575,사진 대조 1차 교정본,1259,"01:54:28,350 --> 01:54:30,270",1.92,갈 것 같아요.,갈 것 같아?,"잠깐만요, 큰일이에요.",반응형,sub_1259_6868.4s.jpg,0.05,,,25.0,90.0,50.0,78.0,75.0,0.41637,2.24,66.0,0.0,0.0,0.6687,기쁠 것 같아요.,그러면 기쁠 것 같아요.,사진 장면 확인 및 한국어 번역투·ASR 오역 교정,32.95,T4,구조검사 통과 시 유지,,43.77817853922453,37.5,P4,회귀검사 통과 시 유지
SSIS-575,사진 대조 1차 교정본,1260,"01:54:41,590 --> 01:54:42,850",1.26,"잠깐만요, 큰일이에요.",갈 것 같아요.,잠깐만요.,반응형,sub_1260_6881.6s.jpg,0.01,,,25.0,90.0,50.0,78.0,75.0,0.61442,0.0,66.0,0.0,0.0,0.3517,잠깐만요.,조금만 기다려.,일본어 원문 대조 + 자연스러운 한국어 대사 교정,40.87,T3,화자·문맥·자연스러움 집중 검토,,75.4283137962128,55.38,P3,말투·질문응답·가독성 위주 검토
SSIS-575,사진 대조 1차 교정본,1261,"01:54:43,950 --> 01:54:44,610",0.66,잠깐만요.,"잠깐만요, 큰일이에요.",조금…,반응형,sub_1261_6883.9s.jpg,0.05,,,25.0,90.0,50.0,78.0,75.0,0.51162,42.0,66.0,0.0,0.0,1.0,잠깐만요.,조금만 기다려.,일본어 원문 대조 + 자연스러운 한국어 대사 교정,44.11,T3,화자·문맥·자연스러움 집중 검토,,85.57258791704237,61.52,P2,앞뒤 5블록·사진·오류 기억을 함께 검토
SSIS-575,사진 대조 1차 교정본,1262,"01:55:04,000 --> 01:55:04,560",0.56,조금…,잠깐만요.,세게 하면…,중립·혼합형,sub_1262_6904.0s.jpg,0.0,,,25.0,90.0,50.0,78.0,75.0,0.44417,0.0,66.0,0.0,0.0,0.1246,조금 쉬어요.,잠깐만요.,,33.72,T4,구조검사 통과 시 유지,,46.55094679891794,39.11,P4,회귀검사 통과 시 유지
SSIS-575,사진 대조 1차 교정본,1263,"01:55:04,560 --> 01:55:05,860",1.3,세게 하면…,조금…,잠깐…,중립·혼합형,sub_1263_6904.6s.jpg,0.04,,,25.0,90.0,50.0,78.0,75.0,0.52768,0.0,66.0,0.0,0.0,0.4182,더 세게 해 줘.,더 세게.,일본어 원문 대조 + 자연스러운 한국어 대사 교정,37.22,T3,화자·문맥·자연스러움 집중 검토,,60.18935978358881,46.87,P3,말투·질문응답·가독성 위주 검토
SSIS-575,사진 대조 1차 교정본,1264,"01:55:06,560 --> 01:55:07,940",1.38,잠깐…,세게 하면…,누워 버릴까?,반응형,sub_1264_6906.6s.jpg,0.04,,,25.0,90.0,50.0,78.0,75.0,0.35172,42.0,66.0,0.0,0.0,1.0,잠깐…,그리고…,일본어 원문 대조 + 자연스러운 한국어 대사 교정,37.39,T3,화자·문맥·자연스러움 집중 검토,,60.820559062218216,47.23,P3,말투·질문응답·가독성 위주 검토
SSIS-575,사진 대조 1차 교정본,1265,"01:55:08,560 --> 01:55:09,840",1.28,누워 버릴까?,잠깐…,큰일이에요…,중립·혼합형,sub_1265_6908.6s.jpg,0.04,,,25.0,90.0,50.0,78.0,75.0,0.61632,0.0,66.0,0.0,0.0,0.621,그만둬 버릴까?,그만할까?,손상된 일본어 ASR + 타임스탬프 사진 + 앞뒤 문맥 추론,40.95,T3,화자·문맥·자연스러움 집중 검토,,75.51848512173129,55.47,P3,말투·질문응답·가독성 위주 검토
SSIS-575,사진 대조 1차 교정본,1266,"01:55:12,960 --> 01:55:14,980",2.02,큰일이에요…,누워 버릴까?,"잠깐, 잠깐만요. 굉장해요…",존댓말형,sub_1266_6913.0s.jpg,0.04,,,25.0,90.0,50.0,78.0,75.0,0.44622,0.0,66.0,0.0,18.0,0.2248,큰일이네요.,이러다 갈 것 같아요.,사진 장면 확인 및 한국어 번역투·ASR 오역 교정,35.24,T3,화자·문맥·자연스러움 집중 검토,formality_shift,52.479711451758334,42.48,P3,말투·질문응답·가독성 위주 검토
SSIS-575,사진 대조 1차 교정본,1267,"01:55:16,500 --> 01:55:20,120",3.62,"잠깐, 잠깐만요. 굉장해요…",큰일이에요…,여기?,반응형,sub_1267_6916.5s.jpg,0.0,,,25.0,90.0,50.0,78.0,75.0,0.71459,0.0,66.0,0.0,18.0,0.6117,잠깐만요.,조금만 기다려.,일본어 원문 대조 + 자연스러운 한국어 대사 교정,46.51,T3,화자·문맥·자연스러움 집중 검토,formality_shift,91.07303877366996,65.23,P2,앞뒤 5블록·사진·오류 기억을 함께 검토
SSIS-575,사진 대조 1차 교정본,1268,"01:55:20,120 --> 01:55:20,560",0.44,여기?,"잠깐, 잠깐만요. 굉장해요…",잠깐…,중립·혼합형,sub_1268_6920.1s.jpg,0.02,,,25.0,90.0,50.0,78.0,75.0,0.50062,0.0,66.0,0.0,0.0,0.1552,여기...,여기…,,36.09,T3,화자·문맥·자연스러움 집중 검토,,56.064021641118124,44.48,P3,말투·질문응답·가독성 위주 검토
SSIS-575,사진 대조 1차 교정본,1269,"01:55:21,700 --> 01:55:25,350",3.65,잠깐…,여기?,괜찮아?,반응형,sub_1269_6921.7s.jpg,0.0,,,25.0,90.0,50.0,78.0,75.0,0.35564,42.0,66.0,0.0,0.0,1.0,잠깐…,그리고…,일본어 원문 대조 + 자연스러운 한국어 대사 교정,37.56,T3,화자·문맥·자연스러움 집중 검토,,61.85752930568079,47.76,P3,말투·질문응답·가독성 위주 검토
SSIS-575,사진 대조 1차 교정본,1270,"01:55:25,890 --> 01:55:27,450",1.56,괜찮아?,잠깐…,잠깐… 잠깐만요…,반응형,sub_1270_6925.9s.jpg,0.01,,,25.0,90.0,50.0,78.0,75.0,0.32384,0.0,66.0,0.0,0.0,0.4653,더 해줘도 돼? 더 해줘. 괜찮아?,더 해 줘도 돼? 더 해 줘. 괜찮아?,,28.66,T4,구조검사 통과 시 유지,,27.908025247971146,28.34,P4,회귀검사 통과 시 유지
SSIS-575,사진 대조 1차 교정본,1271,"01:55:28,530 --> 01:55:30,970",2.44,잠깐… 잠깐만요…,괜찮아?,"아, 갈 것 같아!",반응형,sub_1271_6928.5s.jpg,0.03,,,25.0,90.0,50.0,78.0,75.0,0.43758,24.66,66.0,0.0,0.0,0.8555,잠깐만요…,잠깐만…,일본어 원문 대조 + 자연스러운 한국어 대사 교정,37.88,T3,화자·문맥·자연스러움 집중 검토,,63.21009918845807,48.52,P3,말투·질문응답·가독성 위주 검토
SSIS-575,사진 대조 1차 교정본,1272,"01:55:35,110 --> 01:55:39,030",3.92,"아, 갈 것 같아!",잠깐… 잠깐만요…,"네, 갈게요!",반응형,sub_1272_6935.1s.jpg,0.01,,,25.0,90.0,50.0,78.0,75.0,0.44675,0.0,66.0,0.0,0.0,0.4347,갈 것 같아.,진짜 갈 것 같아.,일본어 원문 대조 + 자연스러운 한국어 대사 교정,33.82,T4,구조검사 통과 시 유지,,47.024346257889995,39.37,P4,회귀검사 통과 시 유지
SSIS-575,사진 대조 1차 교정본,1273,"01:55:39,390 --> 01:55:39,850",0.46,"네, 갈게요!","아, 갈 것 같아!",앗!,반말형,sub_1273_6939.4s.jpg,0.01,,,25.0,90.0,50.0,78.0,75.0,0.16882,0.0,66.0,0.0,0.0,0.3399,"네, 네.",네.,불필요한 반복 제거,22.15,T4,구조검사 통과 시 유지,,12.398557258791703,18.05,P4,회귀검사 통과 시 유지
SSIS-575,사진 대조 1차 교정본,1274,"01:55:40,750 --> 01:55:41,070",0.32,앗!,"네, 갈게요!",굉장해!,반응형,sub_1274_6940.8s.jpg,0.05,,,25.0,90.0,50.0,78.0,75.0,0.16538,0.0,66.0,0.0,0.0,0.4104,먹어줬으면 해서... 앗!,먹어줬으면 해서… 앗!,,22.01,T4,구조검사 통과 시 유지,,12.218214607754733,17.9,P4,회귀검사 통과 시 유지
SSIS-575,사진 대조 1차 교정본,1275,"01:55:42,350 --> 01:55:42,490",0.14,굉장해!,앗!,잠깐! 너무 기분 좋아요!,반말형,sub_1275_6942.4s.jpg,0.05,,,25.0,90.0,50.0,78.0,75.0,0.17413,0.0,66.0,70.0,0.0,0.3568,굉장해. 굉장해.,엄청나. 진짜 엄청나.,,29.37,T4,구조검사 통과 시 유지,high_cps,30.387736699729484,29.8,P4,회귀검사 통과 시 유지
SSIS-575,사진 대조 1차 교정본,1276,"01:55:45,770 --> 01:55:47,850",2.08,잠깐! 너무 기분 좋아요!,굉장해!,멈췄어.,반응형,sub_1276_6945.8s.jpg,0.03,,,25.0,90.0,50.0,78.0,75.0,0.27178,0.0,66.0,0.0,0.0,0.3114,기분 좋아요.,"아, 좋아요.",화면 영문 자막 대조,26.47,T4,구조검사 통과 시 유지,,21.28043282236249,24.29,P4,회귀검사 통과 시 유지
SSIS-575,사진 대조 1차 교정본,1277,"01:55:48,710 --> 01:55:50,270",1.56,멈췄어.,잠깐! 너무 기분 좋아요!,굉장해요.,반응형,sub_1277_6948.7s.jpg,0.01,,,25.0,90.0,50.0,78.0,75.0,0.25621,0.0,66.0,0.0,0.0,0.1196,멈춰 있어.,가만히 있어.,일본어 원문 대조 + 자연스러운 한국어 대사 교정,25.82,T4,구조검사 통과 시 유지,,19.18394950405771,23.03,P4,회귀검사 통과 시 유지
SSIS-575,사진 대조 1차 교정본,1278,"01:55:51,530 --> 01:55:52,190",0.66,굉장해요.,멈췄어.,대단해요.,반말형,sub_1278_6951.5s.jpg,0.03,,,25.0,90.0,50.0,78.0,75.0,0.27818,0.0,66.0,0.0,0.0,0.3808,굉장해. 굉장해.,엄청나. 진짜 엄청나.,,26.74,T4,구조검사 통과 시 유지,,21.956717763751126,24.73,P4,회귀검사 통과 시 유지
SSIS-575,사진 대조 1차 교정본,1279,"01:55:52,830 --> 01:55:53,130",0.3,대단해요.,굉장해요.,그리고… 부끄러워요…,반말형,sub_1279_6952.8s.jpg,0.03,,,25.0,90.0,50.0,78.0,75.0,0.32283,0.0,66.0,25.0,0.0,0.3494,대단해.,기분 좋네.,일본어 원문 + 타임스탬프 사진 + 장면 연속성,31.12,T4,구조검사 통과 시 유지,borderline_cps,36.51938683498647,33.39,P4,회귀검사 통과 시 유지
SSIS-575,사진 대조 1차 교정본,1280,"01:55:53,790 --> 01:55:57,570",3.78,그리고… 부끄러워요…,대단해요.,너무 잘해요… 잘한다기보다…,중립·혼합형,sub_1280_6953.8s.jpg,0.01,,,25.0,90.0,50.0,78.0,75.0,0.46321,0.0,66.0,0.0,0.0,0.6136,그리고…,그리고 이제…,,34.51,T4,구조검사 통과 시 유지,,49.75202885482417,40.91,P3,말투·질문응답·가독성 위주 검토
SSIS-575,사진 대조 1차 교정본,1281,"01:55:58,290 --> 01:56:02,290",4.0,너무 잘해요… 잘한다기보다…,그리고… 부끄러워요…,이제 그만해. 기분 좋았어.,반말형,sub_1281_6958.3s.jpg,0.01,,,25.0,90.0,50.0,78.0,75.0,0.59632,0.0,66.0,0.0,0.0,0.1524,기분 좋다기보다는 계속...,기분 좋다기보다는 계속…,,40.11,T3,화자·문맥·자연스러움 집중 검토,,72.49774571686204,53.71,P3,말투·질문응답·가독성 위주 검토
SSIS-575,사진 대조 1차 교정본,1282,"01:56:03,210 --> 01:56:08,150",4.94,이제 그만해. 기분 좋았어.,너무 잘해요… 잘한다기보다…,"네, 기분 좋았어요.",반응형,sub_1282_6963.2s.jpg,0.01,,,25.0,90.0,50.0,78.0,75.0,0.62675,0.0,66.0,0.0,0.0,0.5297,"안 돼, 그만해.","배 아파, 그만해.",,41.38,T3,화자·문맥·자연스러움 집중 검토,,76.96122633002706,56.32,P3,말투·질문응답·가독성 위주 검토
SSIS-575,사진 대조 1차 교정본,1283,"01:56:09,270 --> 01:56:10,710",1.44,"네, 기분 좋았어요.",이제 그만해. 기분 좋았어.,어떻게 그렇게 할 수 있어?,반응형,sub_1283_6969.3s.jpg,0.03,,,25.0,90.0,50.0,78.0,75.0,0.58813,0.0,66.0,0.0,0.0,0.3458,"네, 네.",네.,불필요한 반복 제거,39.76,T3,화자·문맥·자연스러움 집중 검토,,71.10009017132552,52.92,P3,말투·질문응답·가독성 위주 검토
SSIS-575,사진 대조 1차 교정본,1284,"01:56:23,290 --> 01:56:24,370",1.08,어떻게 그렇게 할 수 있어?,"네, 기분 좋았어요.",굉장히 많이 나왔네.,반응형,sub_1284_6983.3s.jpg,0.01,,,25.0,90.0,50.0,78.0,75.0,0.70052,0.0,66.0,0.0,0.0,0.3513,어떻게 먹는 게 좋아?,어떻게 해 주는 게 좋아?,일본어 원문 대조 + 자연스러운 한국어 대사 교정,44.48,T3,화자·문맥·자연스러움 집중 검토,,86.429215509468,62.1,P2,앞뒤 5블록·사진·오류 기억을 함께 검토
SSIS-575,사진 대조 1차 교정본,1285,"01:56:28,610 --> 01:56:29,870",1.26,굉장히 많이 나왔네.,어떻게 그렇게 할 수 있어?,휴지 가져올까?,반말형,sub_1285_6988.6s.jpg,0.01,,,25.0,90.0,50.0,78.0,75.0,0.66013,0.0,66.0,0.0,0.0,0.1441,너무 많이 지워 버렸어.,엄청 젖어 버렸어.,사진 장면 확인 및 한국어 번역투·ASR 오역 교정,42.79,T3,화자·문맥·자연스러움 집중 검토,,81.78539224526601,59.17,P2,앞뒤 5블록·사진·오류 기억을 함께 검토
SSIS-575,사진 대조 1차 교정본,1286,"01:56:31,810 --> 01:56:33,330",1.52,휴지 가져올까?,굉장히 많이 나왔네.,가져올까?,반말형,sub_1286_6991.8s.jpg,0.01,,,25.0,90.0,50.0,78.0,75.0,0.5141,0.0,66.0,0.0,0.0,0.0928,"자, 가져가세요.","자, 더 세게.",사진 장면 확인 및 한국어 번역투·ASR 오역 교정,36.65,T3,화자·문맥·자연스러움 집중 검토,,57.84490532010821,45.55,P3,말투·질문응답·가독성 위주 검토
SSIS-575,사진 대조 1차 교정본,1287,"01:56:33,630 --> 01:56:35,810",2.18,가져올까?,휴지 가져올까?,휴지 가져올게.,중립·혼합형,sub_1287_6993.6s.jpg,0.03,,,25.0,90.0,50.0,78.0,75.0,0.3665,0.0,66.0,0.0,0.0,0.1069,"자, 가져가세요.","자, 더 세게.",사진 장면 확인 및 한국어 번역투·ASR 오역 교정,30.45,T4,구조검사 통과 시 유지,,33.85933273219116,31.88,P4,회귀검사 통과 시 유지
SSIS-575,사진 대조 1차 교정본,1288,"01:56:35,810 --> 01:56:36,910",1.1,휴지 가져올게.,가져올까?,죄송합니다.,반말형,sub_1288_6995.8s.jpg,0.01,,,25.0,90.0,50.0,78.0,75.0,0.39843,0.0,66.0,0.0,18.0,0.1271,평상복으로 갈아입고 올게.,다른 옷으로 갈아입고 올게.,사진 장면 확인 및 한국어 번역투·ASR 오역 교정,33.23,T4,구조검사 통과 시 유지,formality_shift,44.860234445446345,38.11,P4,회귀검사 통과 시 유지
SSIS-575,사진 대조 1차 교정본,1289,"01:56:38,730 --> 01:56:39,950",1.22,죄송합니다.,휴지 가져올게.,감사합니다.,존댓말형,sub_1289_6998.7s.jpg,0.03,,,25.0,90.0,50.0,78.0,75.0,0.27932,10.66,66.0,0.0,0.0,0.7388,죄송합니다...,죄송합니다…,,28.71,T4,구조검사 통과 시 유지,,28.088367899008116,28.45,P4,회귀검사 통과 시 유지
SSIS-575,사진 대조 1차 교정본,1290,"01:56:54,330 --> 01:56:54,790",0.46,감사합니다.,죄송합니다.,후우아 씨가 빠르게 해 줘서…,존댓말형,sub_1290_7014.3s.jpg,0.03,,,25.0,90.0,50.0,78.0,75.0,0.39605,42.0,66.0,0.0,0.0,1.0,감사합니다.,고마워요.,타임스탬프 사진과 앞뒤 장면으로 대사 기능 복원,39.25,T3,화자·문맥·자연스러움 집중 검토,,69.13886384129847,51.8,P3,말투·질문응답·가독성 위주 검토
SSIS-575,사진 대조 1차 교정본,1291,"01:57:00,860 --> 01:57:05,580",4.72,후우아 씨가 빠르게 해 줘서…,감사합니다.,그래서 나왔네.,반응형,sub_1291_7020.9s.jpg,0.04,출연자 이름 오인식 교정,높음,25.0,90.0,50.0,78.0,75.0,0.75554,21.84,22.0,0.0,0.0,0.832,후와 씨가 빠르게 해 줘서…,후우아 씨가 빠르게 해 줘서…,출연자 이름 오인식 교정,31.45,T4,구조검사 통과 시 유지,,37.57889990982867,34.02,P4,회귀검사 통과 시 유지
SSIS-575,사진 대조 1차 교정본,1292,"01:57:06,520 --> 01:57:07,780",1.26,그래서 나왔네.,후우아 씨가 빠르게 해 줘서…,평소에는 이렇게 많이 안 나와요.,반말형,sub_1292_7026.5s.jpg,0.02,,,25.0,90.0,50.0,78.0,75.0,0.56672,0.0,66.0,0.0,0.0,0.2022,맞아요. 그래서 강사분이 너무 당황해서 불시착하고…,맞아요. 강사분도 당황할 만큼 아찔한 순간이 있었어요.,손상된 일본어 ASR + 타임스탬프 사진 + 앞뒤 문맥 추론,38.86,T3,화자·문맥·자연스러움 집중 검토,,67.44815148782686,50.87,P3,말투·질문응답·가독성 위주 검토
SSIS-575,사진 대조 1차 교정본,1293,"01:57:08,700 --> 01:57:09,860",1.16,평소에는 이렇게 많이 안 나와요.,그래서 나왔네.,기분 좋아 보였거든.,중립·혼합형,sub_1293_7028.7s.jpg,0.0,,,25.0,90.0,50.0,78.0,75.0,0.68903,0.0,66.0,0.0,0.0,0.2103,이렇게 몸을 빼 주세요.,이렇게 몸을 뒤로 빼 주세요.,동작 방향 명확화,44.0,T3,화자·문맥·자연스러움 집중 검토,,85.3922452660054,61.38,P2,앞뒤 5블록·사진·오류 기억을 함께 검토
SSIS-575,사진 대조 1차 교정본,1294,"01:57:10,080 --> 01:57:13,040",2.96,기분 좋아 보였거든.,평소에는 이렇게 많이 안 나와요.,굉장하네요.,반응형,sub_1294_7030.1s.jpg,0.02,,,25.0,90.0,50.0,78.0,75.0,0.48918,0.0,66.0,0.0,0.0,0.2581,기분 좋아.,"아, 좋아.",화면 영문 자막 대조,35.61,T3,화자·문맥·자연스러움 집중 검토,,54.01262398557258,43.34,P3,말투·질문응답·가독성 위주 검토
SSIS-575,사진 대조 1차 교정본,1295,"01:57:14,580 --> 01:57:15,340",0.76,굉장하네요.,기분 좋아 보였거든.,술을 마셔서 머리가 좀 멍해요.,반말형,sub_1295_7034.6s.jpg,0.02,,,25.0,90.0,50.0,78.0,75.0,0.27776,0.0,66.0,0.0,0.0,0.3277,대단하네요.,바다다!,일본어 원문 대조 + 자연스러운 한국어 대사 교정,26.73,T4,구조검사 통과 시 유지,,21.911632100991884,24.71,P4,회귀검사 통과 시 유지
SSIS-575,사진 대조 1차 교정본,1296,"01:57:18,560 --> 01:57:20,180",1.62,술을 마셔서 머리가 좀 멍해요.,굉장하네요.,대단해.,반말형,sub_1296_7038.6s.jpg,0.04,,,25.0,90.0,50.0,78.0,75.0,0.73388,0.0,66.0,0.0,0.0,0.2241,평소에도 샴페인을 마셔서 알아요.,평소에도 샴페인을 마셔 봐서 알아요.,사진 장면 확인 및 한국어 번역투·ASR 오역 교정,45.88,T3,화자·문맥·자연스러움 집중 검토,,89.72046889089269,64.29,P2,앞뒤 5블록·사진·오류 기억을 함께 검토
SSIS-575,사진 대조 1차 교정본,1297,"01:57:21,960 --> 01:57:22,160",0.2,대단해.,술을 마셔서 머리가 좀 멍해요.,조금 쉬자.,반말형,sub_1297_7042.0s.jpg,0.04,,,25.0,90.0,50.0,78.0,75.0,0.45857,42.0,66.0,30.0,0.0,1.0,대단해.,기분 좋네.,일본어 원문 + 타임스탬프 사진 + 장면 연속성,44.88,T3,화자·문맥·자연스러움 집중 검토,high_cps,87.46618575293057,62.77,P2,앞뒤 5블록·사진·오류 기억을 함께 검토
SSIS-575,사진 대조 1차 교정본,1298,"01:57:22,680 --> 01:57:23,880",1.2,조금 쉬자.,대단해.,응.,중립·혼합형,sub_1298_7042.7s.jpg,0.02,,,25.0,90.0,50.0,78.0,75.0,0.62911,24.98,66.0,0.0,0.0,0.8582,쉬자.,너무 깊이 들어가.,일본어 원문 + 타임스탬프 사진 + 장면 연속성,45.98,T3,화자·문맥·자연스러움 집중 검토,,89.9458972046889,64.45,P2,앞뒤 5블록·사진·오류 기억을 함께 검토
SSIS-575,사진 대조 1차 교정본,1299,"01:57:24,480 --> 01:57:24,620",0.14,응.,조금 쉬자.,목욕도 좋아한다고 했죠?,반응형,sub_1299_7044.5s.jpg,0.02,,,25.0,90.0,50.0,78.0,75.0,0.02968,0.0,66.0,0.0,0.0,0.4021,"하-, 응.",하아… 응.,,16.31,T4,구조검사 통과 시 유지,,7.7772768259693414,12.73,P4,회귀검사 통과 시 유지
SSIS-575,사진 대조 1차 교정본,1300,"01:57:38,610 --> 01:57:39,890",1.28,목욕도 좋아한다고 했죠?,응.,이 시간에는 조금 붐비는 것 같아.,반응형,sub_1300_7058.6s.jpg,0.01,,,25.0,90.0,50.0,78.0,75.0,0.45052,0.0,66.0,0.0,0.0,0.088,"더 부탁한다고 해야지. 자, 자, 하지메 군을 위한 거 아니야?",더 해 달라고 말해야지. 하지메 군을 위해서 하는 거잖아?,사진 장면 확인 및 한국어 번역투·ASR 오역 교정,33.98,T4,구조검사 통과 시 유지,,47.72317403065825,39.75,P4,회귀검사 통과 시 유지
SSIS-575,사진 대조 1차 교정본,1301,"01:57:39,890 --> 01:57:41,630",1.74,이 시간에는 조금 붐비는 것 같아.,목욕도 좋아한다고 했죠?,간신히 들어갈 만큼 좁아.,중립·혼합형,sub_1301_7059.9s.jpg,0.01,,,25.0,90.0,50.0,78.0,75.0,0.65303,0.0,66.0,0.0,0.0,0.3407,조금 빠질 것 같아.,조금 힘이 빠진 것 같아.,사진 장면 확인 및 한국어 번역투·ASR 오역 교정,42.49,T3,화자·문맥·자연스러움 집중 검토,,80.72587917042381,58.55,P2,앞뒤 5블록·사진·오류 기억을 함께 검토
SSIS-575,사진 대조 1차 교정본,1302,"01:57:42,530 --> 01:57:44,770",2.24,간신히 들어갈 만큼 좁아.,이 시간에는 조금 붐비는 것 같아.,목욕을 좋아하나 보네.,반응형,sub_1302_7062.5s.jpg,0.03,,,25.0,90.0,50.0,78.0,75.0,0.55108,0.0,66.0,0.0,0.0,0.1662,탕에 들어갈래?,같이 들어갈래?,일본어 원문 대조 + 자연스러운 한국어 대사 교정,38.21,T3,화자·문맥·자연스러움 집중 검토,,64.51758340847611,49.26,P3,말투·질문응답·가독성 위주 검토
SSIS-575,사진 대조 1차 교정본,1303,"01:57:46,930 --> 01:57:48,290",1.36,목욕을 좋아하나 보네.,간신히 들어갈 만큼 좁아.,그렇지?,반응형,sub_1303_7066.9s.jpg,0.03,,,25.0,90.0,50.0,78.0,75.0,0.5438,0.0,66.0,0.0,0.0,0.2546,오늘 색다른 경험을 다 해 보네.,오늘 색다른 경험은 다 해 보네.,조사 교정,37.9,T3,화자·문맥·자연스러움 집중 검토,,63.548241659152396,48.67,P3,말투·질문응답·가독성 위주 검토
SSIS-575,사진 대조 1차 교정본,1304,"01:57:48,750 --> 01:57:49,310",0.56,그렇지?,목욕을 좋아하나 보네.,물에 오래 있으면 피부가 쭈글쭈글해지지.,반말형,sub_1304_7068.8s.jpg,0.05,,,25.0,90.0,50.0,78.0,75.0,0.32859,0.0,66.0,0.0,0.0,0.1734,전부 다 그러면 큰일이지. 그렇지 않아.,다 그러면 큰일 나죠. 저는 안 가요.,사진 장면 확인 및 한국어 번역투·ASR 오역 교정,28.86,T4,구조검사 통과 시 유지,,28.67448151487827,28.78,P4,회귀검사 통과 시 유지
SSIS-575,사진 대조 1차 교정본,1305,"01:57:51,440 --> 01:57:52,520",1.08,물에 오래 있으면 피부가 쭈글쭈글해지지.,그렇지?,온천에도 자주 가?,반응형,sub_1305_7071.4s.jpg,0.04,,,25.0,90.0,50.0,78.0,75.0,0.80797,0.0,66.0,25.0,0.0,0.21,피부가 밝아졌어.,피부가 더 밝아졌어.,손상된 일본어 ASR + 타임스탬프 사진 + 앞뒤 문맥 추론,51.49,T3,화자·문맥·자연스러움 집중 검토,borderline_cps,98.15148782687105,71.09,P2,앞뒤 5블록·사진·오류 기억을 함께 검토
SSIS-575,사진 대조 1차 교정본,1306,"01:57:52,960 --> 01:57:54,600",1.64,온천에도 자주 가?,물에 오래 있으면 피부가 쭈글쭈글해지지.,가끔 센다이에 가면요.,중립·혼합형,sub_1306_7073.0s.jpg,0.04,,,25.0,90.0,50.0,78.0,75.0,0.62022,0.0,66.0,0.0,0.0,0.23,어디로 가?,여기?,일본어 원문 대조 + 자연스러운 한국어 대사 교정,41.11,T3,화자·문맥·자연스러움 집중 검토,,76.21731289449954,55.86,P3,말투·질문응답·가독성 위주 검토
SSIS-575,사진 대조 1차 교정본,1307,"01:57:54,600 --> 01:57:56,480",1.88,가끔 센다이에 가면요.,온천에도 자주 가?,센다이에 가요? 집에서는 욕조에 안 들어가고?,중립·혼합형,sub_1307_7074.6s.jpg,0.0,,,25.0,90.0,50.0,78.0,75.0,0.52216,0.0,66.0,0.0,0.0,0.1843,해외여행은 가끔 가요.,"와, 진짜 크다.",일본어 원문 + 타임스탬프 사진 + 장면 연속성,36.99,T3,화자·문맥·자연스러움 집중 검토,,59.24256086564472,46.34,P3,말투·질문응답·가독성 위주 검토
SSIS-575,사진 대조 1차 교정본,1308,"01:57:56,480 --> 01:57:58,920",2.44,센다이에 가요? 집에서는 욕조에 안 들어가고?,가끔 센다이에 가면요.,온천 말이야?,중립·혼합형,sub_1308_7076.5s.jpg,0.02,,,25.0,90.0,50.0,78.0,75.0,0.77641,0.0,66.0,0.0,0.0,0.2093,들어가고 싶네요.,다리가 진짜 예쁘네요.,일본어 원문 대조 + 자연스러운 한국어 대사 교정,47.67,T3,화자·문맥·자연스러움 집중 검토,,93.37240757439135,66.87,P2,앞뒤 5블록·사진·오류 기억을 함께 검토
SSIS-575,사진 대조 1차 교정본,1309,"01:57:59,100 --> 01:57:59,560",0.46,온천 말이야?,센다이에 가요? 집에서는 욕조에 안 들어가고?,목욕하러 갔다가 큰일이 난 적도 있어요.,반말형,sub_1309_7079.1s.jpg,0.0,,,25.0,90.0,50.0,78.0,75.0,0.32547,0.0,66.0,0.0,0.0,0.4503,온천 아니야?,뭔가…,일본어 원문 + 타임스탬프 사진 + 장면 연속성,28.73,T4,구조검사 통과 시 유지,,28.1785392245266,28.5,P4,회귀검사 통과 시 유지
SSIS-575,사진 대조 1차 교정본,1310,"01:58:00,440 --> 01:58:05,560",5.12,목욕하러 갔다가 큰일이 난 적도 있어요.,온천 말이야?,그래도 매일 집에서 씻죠.,중립·혼합형,sub_1310_7080.4s.jpg,0.04,,,25.0,90.0,50.0,78.0,75.0,0.7553,0.0,66.0,0.0,0.0,0.1825,몸을 살짝 넣을 수 있어요.,조금만요.,,46.78,T3,화자·문맥·자연스러움 집중 검토,,91.63660955816052,65.62,P2,앞뒤 5블록·사진·오류 기억을 함께 검토
SSIS-575,사진 대조 1차 교정본,1311,"01:58:05,760 --> 01:58:07,660",1.9,그래도 매일 집에서 씻죠.,목욕하러 갔다가 큰일이 난 적도 있어요.,매일?,중립·혼합형,sub_1311_7085.8s.jpg,0.04,,,25.0,90.0,50.0,78.0,79.0,0.72901,0.0,66.0,0.0,0.0,0.3313,그런 거 집에서 해봐.,그런 거 집에서 해 봐.,,45.92,T3,화자·문맥·자연스러움 집중 검토,,89.81064021641119,64.35,P2,앞뒤 5블록·사진·오류 기억을 함께 검토
SSIS-575,사진 대조 1차 교정본,1312,"01:58:07,740 --> 01:58:08,300",0.56,매일?,그래도 매일 집에서 씻죠.,대단하네.,중립·혼합형,sub_1312_7087.7s.jpg,0.04,,,25.0,90.0,50.0,78.0,75.0,0.34448,0.0,66.0,0.0,0.0,0.1564,내가 매일 닦아줄 테니까…,그럼 내가 매일 닦아 줄게.,일본어 원문 대조 + 자연스러운 한국어 대사 교정,29.53,T4,구조검사 통과 시 유지,,30.81605049594229,30.07,P4,회귀검사 통과 시 유지
SSIS-575,사진 대조 1차 교정본,1313,"01:58:08,740 --> 01:58:09,560",0.82,대단하네.,매일?,온천은 자주 안 가.,반말형,sub_1313_7088.7s.jpg,0.04,,,25.0,90.0,50.0,78.0,75.0,0.30241,42.0,66.0,0.0,0.0,1.0,대단하네.,땀이 엄청나네.,손상된 일본어 ASR + 타임스탬프 사진 + 앞뒤 문맥 추론,35.32,T3,화자·문맥·자연스러움 집중 검토,,52.79531109107304,42.66,P3,말투·질문응답·가독성 위주 검토
SSIS-575,사진 대조 1차 교정본,1314,"01:58:10,140 --> 01:58:10,960",0.82,온천은 자주 안 가.,대단하네.,몸이 따뜻해져.,중립·혼합형,sub_1314_7090.1s.jpg,0.04,,,25.0,90.0,50.0,78.0,75.0,0.57882,0.0,66.0,0.0,0.0,0.1824,후와 씨는 요리를 자주 해요?,후우아 씨는 요리를 자주 해요?,출연자 이름 오인식 교정,39.37,T3,화자·문맥·자연스러움 집중 검토,,69.79260595130748,52.15,P3,말투·질문응답·가독성 위주 검토
SSIS-575,사진 대조 1차 교정본,1315,"01:58:12,160 --> 01:58:13,700",1.54,몸이 따뜻해져.,온천은 자주 안 가.,따뜻해져.,반말형,sub_1315_7092.2s.jpg,0.04,,,25.0,90.0,50.0,78.0,75.0,0.4171,0.0,66.0,0.0,0.0,0.3228,따뜻해.,안 돼.,일본어 원문 + 타임스탬프 사진 + 장면 연속성,32.58,T4,구조검사 통과 시 유지,,42.20018034265104,36.62,P4,회귀검사 통과 시 유지
SSIS-575,사진 대조 1차 교정본,1316,"01:58:13,840 --> 01:58:14,560",0.72,따뜻해져.,몸이 따뜻해져.,정말 따뜻하잖아.,반말형,sub_1316_7093.8s.jpg,0.04,,,25.0,90.0,50.0,78.0,75.0,0.38868,0.0,66.0,0.0,0.0,0.3623,따뜻해.,안 돼.,일본어 원문 + 타임스탬프 사진 + 장면 연속성,31.38,T4,구조검사 통과 시 유지,,37.240757439134356,33.84,P4,회귀검사 통과 시 유지
SSIS-575,사진 대조 1차 교정본,1317,"01:58:14,680 --> 01:58:14,880",0.2,정말 따뜻하잖아.,따뜻해져.,따뜻해?,반응형,sub_1317_7094.7s.jpg,0.02,,,25.0,90.0,50.0,78.0,75.0,0.62589,0.0,66.0,70.0,0.0,0.2662,당연하잖아.,당연히 가져왔지.,타임스탬프 사진과 앞뒤 장면으로 대사 기능 복원,48.35,T3,화자·문맥·자연스러움 집중 검토,high_cps,94.18394950405771,67.6,P2,앞뒤 5블록·사진·오류 기억을 함께 검토
SSIS-575,사진 대조 1차 교정본,1318,"01:58:15,200 --> 01:58:16,180",0.98,따뜻해?,정말 따뜻하잖아.,거짓말.,반말형,sub_1318_7095.2s.jpg,0.0,,,25.0,90.0,50.0,78.0,75.0,0.33344,0.0,66.0,0.0,0.0,0.4146,따뜻해.,안 돼.,일본어 원문 + 타임스탬프 사진 + 장면 연속성,29.06,T4,구조검사 통과 시 유지,,29.50856627592426,29.25,P4,회귀검사 통과 시 유지
SSIS-575,사진 대조 1차 교정본,1319,"01:58:16,300 --> 01:58:16,560",0.26,거짓말.,따뜻해?,목욕물이 뜨거우니까.,중립·혼합형,sub_1319_7096.3s.jpg,0.0,,,25.0,90.0,50.0,78.0,75.0,0.33672,42.0,66.0,0.0,0.0,1.0,거짓말. 거짓말. 거짓말. 거짓말.,말도 안 돼…,손상된 일본어 ASR + 타임스탬프 사진 + 앞뒤 문맥 추론,36.76,T3,화자·문맥·자연스러움 집중 검토,,58.498647430117224,45.89,P3,말투·질문응답·가독성 위주 검토
SSIS-575,사진 대조 1차 교정본,1320,"01:58:17,820 --> 01:58:19,120",1.3,목욕물이 뜨거우니까.,거짓말.,피부가 매끈매끈해?,중립·혼합형,sub_1320_7097.8s.jpg,0.02,,,25.0,90.0,50.0,78.0,75.0,0.54575,0.0,66.0,0.0,0.0,0.1413,뜨거운 물이 나오는 것 같아.,같이 목욕하니까 좋다.,일본어 원문 + 타임스탬프 사진 + 장면 연속성,37.98,T3,화자·문맥·자연스러움 집중 검토,,63.84129846708747,48.84,P3,말투·질문응답·가독성 위주 검토
SSIS-575,사진 대조 1차 교정본,1321,"01:58:20,180 --> 01:58:20,980",0.8,피부가 매끈매끈해?,목욕물이 뜨거우니까.,대단하네. 벌써 몇 년은 젊어진 것 같아. 반대인가?,반말형,sub_1321_7100.2s.jpg,0.02,,,25.0,90.0,50.0,78.0,75.0,0.54313,0.0,66.0,0.0,0.0,0.3809,매끈매끈하네...,매끈매끈하네…,,37.87,T3,화자·문맥·자연스러움 집중 검토,,63.09738503155996,48.47,P3,말투·질문응답·가독성 위주 검토
SSIS-575,사진 대조 1차 교정본,1322,"01:58:21,480 --> 01:58:28,500",7.02,대단하네. 벌써 몇 년은 젊어진 것 같아. 반대인가?,피부가 매끈매끈해?,젊어 보인다는 뜻이야. 알겠어?,반말형,sub_1322_7101.5s.jpg,0.02,,,25.0,90.0,50.0,78.0,75.0,0.87716,0.0,66.0,0.0,0.0,0.4277,대단하네.,땀이 엄청나네.,손상된 일본어 ASR + 타임스탬프 사진 + 앞뒤 문맥 추론,51.9,T3,화자·문맥·자연스러움 집중 검토,,98.28674481514878,71.38,P2,앞뒤 5블록·사진·오류 기억을 함께 검토
SSIS-575,사진 대조 1차 교정본,1323,"01:58:29,440 --> 01:58:33,320",3.88,젊어 보인다는 뜻이야. 알겠어?,대단하네. 벌써 몇 년은 젊어진 것 같아. 반대인가?,알아. 전부 기뻐. 정말 기뻐.,반응형,sub_1323_7109.4s.jpg,0.04,,,25.0,90.0,50.0,78.0,75.0,0.87783,0.0,66.0,0.0,0.0,0.3146,너와 함께 맛보고 싶다는 뜻이야.,너와 같이 느끼고 싶다는 뜻이야.,,51.93,T3,화자·문맥·자연스러움 집중 검토,,98.33183047790803,71.42,P2,앞뒤 5블록·사진·오류 기억을 함께 검토
SSIS-575,사진 대조 1차 교정본,1324,"01:58:33,920 --> 01:58:40,400",6.48,알아. 전부 기뻐. 정말 기뻐.,젊어 보인다는 뜻이야. 알겠어?,손톱이 굉장하네.,반응형,sub_1324_7113.9s.jpg,0.02,,,25.0,90.0,50.0,78.0,75.0,0.88476,9.52,66.0,0.0,0.0,0.7294,기뻐.,기쁘다.,일본어 원문 대조 + 자연스러운 한국어 대사 교정,53.93,T3,화자·문맥·자연스러움 집중 검토,,99.3688007213706,73.01,P1,장면 패킷을 열고 후보 3개를 생성해 반증 검토
SSIS-575,사진 대조 1차 교정본,1325,"01:58:41,760 --> 01:58:43,020",1.26,손톱이 굉장하네.,알아. 전부 기뻐. 정말 기뻐.,이건 가게에서 받는 거야?,반말형,sub_1325_7121.8s.jpg,0.04,,,25.0,90.0,50.0,78.0,75.0,0.77854,0.0,66.0,0.0,0.0,0.1766,"저기, 우리가 손톱이라고 말한 건 아니잖아.",아까 손톱으로 긁은 건 아니잖아.,타임스탬프 사진과 앞뒤 장면으로 대사 기능 복원,47.76,T3,화자·문맥·자연스러움 집중 검토,,93.59783588818755,67.01,P2,앞뒤 5블록·사진·오류 기억을 함께 검토
SSIS-575,사진 대조 1차 교정본,1326,"01:58:44,900 --> 01:58:45,980",1.08,이건 가게에서 받는 거야?,손톱이 굉장하네.,응.,반말형,sub_1326_7124.9s.jpg,0.0,,,25.0,90.0,50.0,78.0,75.0,0.57789,0.0,66.0,0.0,0.0,0.2486,뭐라고 하는 거야?,뭐라고 말해야 해?,일본어 원문 대조 + 자연스러운 한국어 대사 교정,39.33,T3,화자·문맥·자연스러움 집중 검토,,69.56717763751126,52.03,P3,말투·질문응답·가독성 위주 검토
SSIS-575,사진 대조 1차 교정본,1327,"01:58:45,980 --> 01:58:46,160",0.18,응.,이건 가게에서 받는 거야?,테마는?,반응형,sub_1327_7126.0s.jpg,0.02,,,25.0,90.0,50.0,78.0,75.0,0.02131,0.0,66.0,0.0,0.0,0.4021,"하-, 응.",하아… 응.,,15.96,T4,구조검사 통과 시 유지,,6.7177637511271415,12.08,P4,회귀검사 통과 시 유지
SSIS-575,사진 대조 1차 교정본,1328,"01:58:49,180 --> 01:58:50,260",1.08,테마는?,응.,디자인에 주제가 있어?,중립·혼합형,sub_1328_7129.2s.jpg,0.02,,,25.0,90.0,50.0,78.0,75.0,0.2574,0.0,66.0,0.0,0.0,0.043,"자, 더 해줄 테니까.","자, 더 해 줄 테니까.",,25.87,T4,구조검사 통과 시 유지,,19.47700631199279,23.18,P4,회귀검사 통과 시 유지
SSIS-575,사진 대조 1차 교정본,1329,"01:58:50,860 --> 01:58:52,300",1.44,디자인에 주제가 있어?,테마는?,남자는 네일숍에 안 가니까 말해 본 적 없지.,반응형,sub_1329_7130.9s.jpg,0.04,,,25.0,90.0,50.0,78.0,75.0,0.46431,0.0,66.0,0.0,0.0,0.2631,자고 있어?,땀나?,사진 장면 확인 및 한국어 번역투·ASR 오역 교정,34.56,T4,구조검사 통과 시 유지,,50.0,41.04,P3,말투·질문응답·가독성 위주 검토
SSIS-575,사진 대조 1차 교정본,1330,"01:58:52,700 --> 01:58:55,440",2.74,남자는 네일숍에 안 가니까 말해 본 적 없지.,디자인에 주제가 있어?,나는 귀여운 디자인을 인스타그램에서 찾아.,반말형,sub_1330_7132.7s.jpg,0.0,,,25.0,90.0,50.0,78.0,75.0,0.75226,0.0,66.0,0.0,0.0,0.2172,이길 수 있을 리가 없지.,더 깊이…,타임스탬프 사진으로 장면 불일치 확인 후 재복원,46.66,T3,화자·문맥·자연스러움 집중 검토,,91.38863841298466,65.45,P2,앞뒤 5블록·사진·오류 기억을 함께 검토
SSIS-575,사진 대조 1차 교정본,1331,"01:58:55,920 --> 01:59:03,740",7.82,나는 귀여운 디자인을 인스타그램에서 찾아.,남자는 네일숍에 안 가니까 말해 본 적 없지.,이런 식으로 해 달라고 보여 줘?,반응형,sub_1331_7135.9s.jpg,0.02,,,25.0,90.0,50.0,78.0,75.0,0.69632,0.0,66.0,0.0,0.0,0.1651,"민낯은 귀여운 계열이네. 에이, 안 귀여워?","민낯은 귀여운 느낌이네. 에이, 안 귀여워?",일본어 원문 대조 + 자연스러운 한국어 대사 교정,44.31,T3,화자·문맥·자연스러움 집중 검토,,86.04598737601444,61.84,P2,앞뒤 5블록·사진·오류 기억을 함께 검토
SSIS-575,사진 대조 1차 교정본,1332,"01:59:04,260 --> 01:59:05,720",1.46,이런 식으로 해 달라고 보여 줘?,나는 귀여운 디자인을 인스타그램에서 찾아.,"응, 이런 느낌으로 하고 싶다고.",반말형,sub_1332_7144.3s.jpg,0.04,,,25.0,90.0,50.0,78.0,75.0,0.63421,0.0,66.0,0.0,0.0,0.3301,달라고 했잖아.,씻어 달라고 했잖아.,타임스탬프 사진과 앞뒤 장면으로 대사 기능 복원,41.7,T3,화자·문맥·자연스러움 집중 검토,,78.40396753832282,57.12,P3,말투·질문응답·가독성 위주 검토
SSIS-575,사진 대조 1차 교정본,1333,"01:59:05,980 --> 01:59:07,600",1.62,"응, 이런 느낌으로 하고 싶다고.",이런 식으로 해 달라고 보여 줘?,대단하다.,반응형,sub_1333_7146.0s.jpg,0.02,,,25.0,90.0,50.0,78.0,75.0,0.58315,0.0,66.0,0.0,0.0,0.3917,이런 느낌으로요...,이런 느낌으로요…,,39.55,T3,화자·문맥·자연스러움 집중 검토,,70.60414788097385,52.59,P3,말투·질문응답·가독성 위주 검토
SSIS-575,사진 대조 1차 교정본,1334,"01:59:09,320 --> 01:59:10,740",1.42,대단하다.,"응, 이런 느낌으로 하고 싶다고.",좀 부끄럽지?,중립·혼합형,sub_1334_7149.3s.jpg,0.02,,,25.0,90.0,50.0,78.0,75.0,0.23885,0.0,66.0,0.0,0.0,0.303,대단하네.,땀이 엄청나네.,손상된 일본어 ASR + 타임스탬프 사진 + 앞뒤 문맥 추론,25.09,T4,구조검사 통과 시 유지,,17.831379621280433,22.04,P4,회귀검사 통과 시 유지
SSIS-575,사진 대조 1차 교정본,1335,"01:59:11,180 --> 01:59:12,300",1.12,좀 부끄럽지?,대단하다.,왜?,반말형,sub_1335_7151.2s.jpg,0.02,,,25.0,90.0,50.0,78.0,75.0,0.3667,0.0,66.0,0.0,0.0,0.1306,좀 더 해 줘.,보여?,일본어 원문 + 타임스탬프 사진 + 장면 연속성,30.46,T4,구조검사 통과 시 유지,,33.90441839495041,31.91,P4,회귀검사 통과 시 유지
SSIS-575,사진 대조 1차 교정본,1336,"01:59:13,400 --> 01:59:14,360",0.96,왜?,좀 부끄럽지?,왜 그래?,중립·혼합형,sub_1336_7153.4s.jpg,0.0,,,25.0,90.0,50.0,78.0,75.0,0.26426,0.0,66.0,0.0,0.0,0.3369,괜찮으려나? 왜? 잘 닦이고 있나?,괜찮으려나? 왜? 잘 닦이고 있어?,일본어 원문 대조 + 자연스러운 한국어 대사 교정,26.16,T4,구조검사 통과 시 유지,,20.311091073038774,23.7,P4,회귀검사 통과 시 유지
SSIS-575,사진 대조 1차 교정본,1337,"01:59:14,520 --> 01:59:14,820",0.3,왜 그래?,왜?,남자도 네일을 받는 사람이 있어?,중립·혼합형,sub_1337_7154.5s.jpg,0.02,,,25.0,90.0,50.0,78.0,75.0,0.36308,5.96,66.0,0.0,0.0,0.6997,"음-, 왜 그래?",음… 왜 그래?,,31.38,T4,구조검사 통과 시 유지,,37.240757439134356,33.84,P4,회귀검사 통과 시 유지
SSIS-575,사진 대조 1차 교정본,1338,"01:59:15,320 --> 01:59:16,540",1.22,남자도 네일을 받는 사람이 있어?,왜 그래?,응.,반응형,sub_1338_7155.3s.jpg,0.02,,,25.0,90.0,50.0,78.0,75.0,0.63137,0.0,66.0,0.0,0.0,0.243,사람이 더 없어졌어.,사람이 완전히 없어졌네.,일본어 원문 대조 + 자연스러운 한국어 대사 교정,41.58,T3,화자·문맥·자연스러움 집중 검토,,77.95311091073039,56.86,P3,말투·질문응답·가독성 위주 검토
SSIS-575,사진 대조 1차 교정본,1339,"01:59:17,000 --> 01:59:18,080",1.08,응.,남자도 네일을 받는 사람이 있어?,요즘 젊은 남자 중에도 있지.,반응형,sub_1339_7157.0s.jpg,0.0,,,25.0,90.0,50.0,78.0,75.0,0.01753,0.0,66.0,0.0,0.0,0.4021,"하-, 응.",하아… 응.,,15.8,T4,구조검사 통과 시 유지,,5.432822362488729,11.45,P4,회귀검사 통과 시 유지
SSIS-575,사진 대조 1차 교정본,1340,"01:59:18,120 --> 01:59:19,740",1.62,요즘 젊은 남자 중에도 있지.,응.,"맞아, 투명하게 하는 사람도 있어.",반말형,sub_1340_7158.1s.jpg,0.02,,,25.0,90.0,50.0,78.0,75.0,0.65666,0.0,66.0,0.0,0.0,0.3079,분위기 있지.,그런 분위기 좋지.,일본어 원문 대조 + 자연스러운 한국어 대사 교정,42.64,T3,화자·문맥·자연스러움 집중 검토,,81.51487826871056,58.97,P2,앞뒤 5블록·사진·오류 기억을 함께 검토
SSIS-575,사진 대조 1차 교정본,1341,"01:59:19,860 --> 01:59:21,980",2.12,"맞아, 투명하게 하는 사람도 있어.",요즘 젊은 남자 중에도 있지.,괜찮대.,반응형,sub_1341_7159.9s.jpg,0.04,,,25.0,90.0,50.0,78.0,75.0,0.72477,0.0,66.0,0.0,0.0,0.2018,뒤에 있어.,뒤쪽도 보여 줘.,일본어 원문 대조 + 자연스러운 한국어 대사 교정,45.5,T3,화자·문맥·자연스러움 집중 검토,,88.72858431018936,63.66,P2,앞뒤 5블록·사진·오류 기억을 함께 검토
SSIS-575,사진 대조 1차 교정본,1342,"01:59:23,100 --> 01:59:23,780",0.68,괜찮대.,"맞아, 투명하게 하는 사람도 있어.",직장에서는 눈에 띄겠지만.,중립·혼합형,sub_1342_7163.1s.jpg,0.0,,,25.0,90.0,50.0,78.0,75.0,0.31909,0.0,66.0,0.0,0.0,0.1206,괜찮아.,최고예요.,화면 영문 자막 대조,28.46,T4,구조검사 통과 시 유지,,27.45716862037872,28.04,P4,회귀검사 통과 시 유지
SSIS-575,사진 대조 1차 교정본,1343,"01:59:23,820 --> 01:59:25,100",1.28,직장에서는 눈에 띄겠지만.,괜찮대.,"아, 그렇지.",반말형,sub_1343_7163.8s.jpg,0.02,,,25.0,90.0,50.0,78.0,75.0,0.53379,0.0,66.0,0.0,0.0,0.1993,전 직장에서는 IT 하청업체에서 개인정보를 다루는 시스템을 만들었습니다. 일이 너무 힘들어 몸을 망치고 잠시 쉬고 있었습니다.,전 직장에서는 IT 하청업체에서 개인정보 시스템을 만들었습니다. 일이 너무 힘들어 몸을 망치고 잠시 쉬고 있었습니다.,,37.48,T3,화자·문맥·자연스러움 집중 검토,,61.40667267808837,47.53,P3,말투·질문응답·가독성 위주 검토
SSIS-575,사진 대조 1차 교정본,1344,"01:59:26,080 --> 01:59:27,560",1.48,"아, 그렇지.",직장에서는 눈에 띄겠지만.,컴퓨터를 쓰니까.,반응형,sub_1344_7166.1s.jpg,0.02,,,25.0,90.0,50.0,78.0,75.0,0.37834,0.0,66.0,0.0,0.0,0.3778,"아, 아, 아, 아, 아, 아, 아,","아, 아, 아, 아, 아, 아, 아",,30.95,T4,구조검사 통과 시 유지,,35.79801623083859,32.99,P4,회귀검사 통과 시 유지
SSIS-575,사진 대조 1차 교정본,1345,"01:59:27,740 --> 01:59:28,860",1.12,컴퓨터를 쓰니까.,"아, 그렇지.",그러게.,중립·혼합형,sub_1345_7167.7s.jpg,0.04,,,25.0,90.0,50.0,78.0,75.0,0.50463,0.0,66.0,0.0,0.0,0.1892,컴퓨터로 게임하는데...,컴퓨터로 게임하는데…,,36.25,T3,화자·문맥·자연스러움 집중 검토,,56.3570784490532,44.69,P3,말투·질문응답·가독성 위주 검토
SSIS-575,사진 대조 1차 교정본,1346,"01:59:28,960 --> 01:59:29,520",0.56,그러게.,컴퓨터를 쓰니까.,거기도.,중립·혼합형,sub_1346_7169.0s.jpg,0.04,,,25.0,90.0,50.0,78.0,75.0,0.37498,42.0,66.0,0.0,0.0,1.0,그러게.,목욕하면서 이러는 거…,일본어 원문 + 타임스탬프 사진 + 장면 연속성,38.37,T3,화자·문맥·자연스러움 집중 검토,,65.32912533814248,49.69,P3,말투·질문응답·가독성 위주 검토
SSIS-575,사진 대조 1차 교정본,1347,"01:59:29,520 --> 01:59:30,520",1.0,거기도.,그러게.,거기도 해 줘.,중립·혼합형,sub_1347_7169.5s.jpg,0.02,,,25.0,90.0,50.0,78.0,75.0,0.42363,13.46,66.0,0.0,0.0,0.7621,거기... 거기도.,거기… 거기도.,,35.27,T3,화자·문맥·자연스러움 집중 검토,,52.569882777276824,42.54,P3,말투·질문응답·가독성 위주 검토
SSIS-575,사진 대조 1차 교정본,1348,"01:59:31,020 --> 01:59:31,520",0.5,거기도 해 줘.,거기도.,거기.,반말형,sub_1348_7171.0s.jpg,0.02,,,25.0,90.0,50.0,78.0,75.0,0.60149,6.31,66.0,0.0,0.0,0.7026,거기도 더 해줘.,거기도 더 해 줘.,,41.46,T3,화자·문맥·자연스러움 집중 검토,,77.4346257889991,56.57,P3,말투·질문응답·가독성 위주 검토
SSIS-575,사진 대조 1차 교정본,1349,"01:59:32,440 --> 01:59:37,020",4.58,거기.,거기도 해 줘.,응.,중립·혼합형,sub_1349_7172.4s.jpg,0.04,,,25.0,90.0,50.0,78.0,75.0,0.35513,0.0,66.0,0.0,0.0,0.6197,아… 기분 좋아. 아… 거기 거기.,"아… 좋아. 거기, 거기.",일본어 원문 대조 + 자연스러운 한국어 대사 교정,29.98,T4,구조검사 통과 시 유지,,32.23624887285843,30.93,P4,회귀검사 통과 시 유지
SSIS-575,사진 대조 1차 교정본,1350,"01:59:37,420 --> 01:59:37,440",0.02,응.,거기.,좀 더 강하게.,반응형,sub_1350_7177.4s.jpg,0.02,,,25.0,90.0,50.0,78.0,75.0,0.06135,0.0,66.0,70.0,0.0,0.4021,"하-, 응.",하아… 응.,,24.64,T4,구조검사 통과 시 유지,high_cps,16.816952209197474,21.35,P4,회귀검사 통과 시 유지
SSIS-575,사진 대조 1차 교정본,1351,"01:59:46,650 --> 01:59:47,790",1.14,좀 더 강하게.,응.,응.,중립·혼합형,sub_1351_7186.6s.jpg,0.05,,,25.0,90.0,50.0,78.0,75.0,0.63498,0.0,66.0,0.0,0.0,0.2644,좀 더 해 줘.,보여?,일본어 원문 + 타임스탬프 사진 + 장면 연속성,41.73,T3,화자·문맥·자연스러움 집중 검토,,78.51668169522092,57.18,P3,말투·질문응답·가독성 위주 검토
SSIS-575,사진 대조 1차 교정본,1352,"01:59:47,910 --> 01:59:48,130",0.22,응.,좀 더 강하게.,거기도.,반응형,sub_1352_7187.9s.jpg,0.01,,,25.0,90.0,50.0,78.0,75.0,0.0384,0.0,66.0,0.0,0.0,0.4021,"하-, 응.",하아… 응.,,16.67,T4,구조검사 통과 시 유지,,8.250676284941388,13.13,P4,회귀검사 통과 시 유지
SSIS-575,사진 대조 1차 교정본,1353,"01:59:48,990 --> 01:59:49,750",0.76,거기도.,응.,잠깐…,중립·혼합형,sub_1353_7189.0s.jpg,0.01,,,25.0,90.0,50.0,78.0,75.0,0.42267,13.46,66.0,0.0,0.0,0.7621,거기... 거기도.,거기… 거기도.,,35.23,T3,화자·문맥·자연스러움 집중 검토,,52.38954012623985,42.44,P3,말투·질문응답·가독성 위주 검토
SSIS-575,사진 대조 1차 교정본,1354,"01:59:50,210 --> 01:59:50,670",0.46,잠깐…,거기도.,후우아 씨를 기분 좋게 해 주고 싶어요.,반응형,sub_1354_7190.2s.jpg,0.01,,,25.0,90.0,50.0,78.0,75.0,0.32,42.0,66.0,0.0,0.0,1.0,잠깐…,그리고…,일본어 원문 대조 + 자연스러운 한국어 대사 교정,36.06,T3,화자·문맥·자연스러움 집중 검토,,55.906221821460775,44.4,P3,말투·질문응답·가독성 위주 검토
SSIS-575,사진 대조 1차 교정본,1355,"01:59:50,670 --> 01:59:51,670",1.0,후우아 씨를 기분 좋게 해 주고 싶어요.,잠깐…,응.,반말형,sub_1355_7190.7s.jpg,0.03,이름 및 다음 블록과 문장 결합,높음,25.0,90.0,50.0,78.0,75.0,0.82254,15.45,22.0,0.0,0.0,0.7787,기분 좋게 해 주고 싶어요.,제가 해 볼게요.,앞 블록과 중복된 문장 정리,32.65,T4,구조검사 통과 시 유지,,42.42560865644725,36.76,P4,회귀검사 통과 시 유지
SSIS-575,사진 대조 1차 교정본,1356,"01:59:51,810 --> 01:59:52,030",0.22,응.,후우아 씨를 기분 좋게 해 주고 싶어요.,제가 해 볼게요.,반응형,sub_1356_7191.8s.jpg,0.01,,,25.0,90.0,50.0,78.0,75.0,0.03787,0.0,66.0,0.0,0.0,0.4021,"하-, 응.",하아… 응.,,16.65,T4,구조검사 통과 시 유지,,8.205590622182147,13.1,P4,회귀검사 통과 시 유지
SSIS-575,사진 대조 1차 교정본,1357,"01:59:52,030 --> 01:59:54,910",2.88,제가 해 볼게요.,응.,할 수 있겠어?,반말형,sub_1357_7192.0s.jpg,0.03,앞 블록과 중복된 문장 정리,중간,25.0,90.0,50.0,78.0,75.0,0.68787,0.0,48.0,0.0,0.0,0.4693,첫 번째부터 다시 해 볼게요.,처음부터 다시 넣어 볼게요.,사진 장면 확인 및 한국어 번역투·ASR 오역 교정,41.07,T3,화자·문맥·자연스러움 집중 검토,,75.96934174932372,55.73,P3,말투·질문응답·가독성 위주 검토
SSIS-575,사진 대조 1차 교정본,1358,"01:59:55,390 --> 01:59:56,150",0.76,할 수 있겠어?,제가 해 볼게요.,괜찮을 것 같은데?,반응형,sub_1358_7195.4s.jpg,0.01,,,25.0,90.0,50.0,78.0,75.0,0.65571,0.0,66.0,0.0,0.0,0.2213,못 울겠어?,목이 막혀?,사진 장면 확인 및 한국어 번역투·ASR 오역 교정,42.6,T3,화자·문맥·자연스러움 집중 검토,,81.26690712353472,58.84,P2,앞뒤 5블록·사진·오류 기억을 함께 검토
SSIS-575,사진 대조 1차 교정본,1359,"01:59:57,290 --> 01:59:58,350",1.06,괜찮을 것 같은데?,할 수 있겠어?,후후후.,중립·혼합형,sub_1359_7197.3s.jpg,0.01,,,25.0,90.0,50.0,78.0,75.0,0.60832,0.0,66.0,0.0,0.0,0.258,괜찮을 줄 알았는데 차갑네...,괜찮을 줄 알았는데 차갑네…,,40.61,T3,화자·문맥·자연스러움 집중 검토,,74.59422903516682,54.88,P3,말투·질문응답·가독성 위주 검토
SSIS-575,사진 대조 1차 교정본,1360,"01:59:58,930 --> 02:00:00,210",1.28,후후후.,괜찮을 것 같은데?,좋지 않을까?,중립·혼합형,sub_1360_7198.9s.jpg,0.03,,,25.0,90.0,50.0,78.0,75.0,0.33805,0.0,66.0,0.0,0.0,0.3327,"후후후, 어서 와.","후후후, 차가워!",손상된 일본어 ASR + 타임스탬프 사진 + 앞뒤 문맥 추론,29.26,T4,구조검사 통과 시 유지,,30.027051397655548,29.58,P4,회귀검사 통과 시 유지
SSIS-575,사진 대조 1차 교정본,1361,"02:00:01,790 --> 02:00:02,810",1.02,좋지 않을까?,후후후.,괜찮아.,반말형,sub_1361_7201.8s.jpg,0.01,,,25.0,90.0,50.0,78.0,75.0,0.56998,0.0,66.0,0.0,0.0,0.3069,좋지 않아...,좋지 않아…,,39.0,T3,화자·문맥·자연스러움 집중 검토,,67.87646528403968,51.13,P3,말투·질문응답·가독성 위주 검토
SSIS-575,사진 대조 1차 교정본,1362,"02:00:03,070 --> 02:00:03,170",0.1,괜찮아.,좋지 않을까?,"응, 좋아.",반응형,sub_1362_7203.1s.jpg,0.03,,,25.0,90.0,50.0,78.0,75.0,0.25203,42.0,66.0,70.0,0.0,1.0,괜찮아.,최고예요.,화면 영문 자막 대조,40.21,T3,화자·문맥·자연스러움 집중 검토,high_cps,72.81334535617674,53.9,P3,말투·질문응답·가독성 위주 검토
SSIS-575,사진 대조 1차 교정본,1363,"02:00:03,170 --> 02:00:04,190",1.02,"응, 좋아.",괜찮아.,어디가…,반응형,sub_1363_7203.2s.jpg,0.03,,,25.0,90.0,50.0,78.0,75.0,0.45733,0.0,66.0,0.0,0.0,0.5809,"아, 좋아.","아, 들어온다.",,34.27,T4,구조검사 통과 시 유지,,48.78268710550045,40.37,P3,말투·질문응답·가독성 위주 검토
SSIS-575,사진 대조 1차 교정본,1364,"02:00:05,730 --> 02:00:07,210",1.48,어디가…,"응, 좋아.",민감해요?,반응형,sub_1364_7205.7s.jpg,0.03,,,25.0,90.0,50.0,78.0,75.0,0.19816,0.0,66.0,0.0,0.0,0.242,어디가 좋은지 모르겠어?,어디가 좋은지 아직 모르겠어?,일본어 원문 대조 + 자연스러운 한국어 대사 교정,23.38,T4,구조검사 통과 시 유지,,14.021641118124437,19.45,P4,회귀검사 통과 시 유지
SSIS-575,사진 대조 1차 교정본,1365,"02:00:08,210 --> 02:00:08,830",0.62,민감해요?,어디가…,성감대?,반말형,sub_1365_7208.2s.jpg,0.01,,,25.0,90.0,50.0,78.0,75.0,0.32504,0.0,66.0,0.0,0.0,0.1421,후와 씨는 요리를 자주 해요?,후우아 씨는 요리를 자주 해요?,출연자 이름 오인식 교정,28.71,T4,구조검사 통과 시 유지,,28.088367899008116,28.45,P4,회귀검사 통과 시 유지
SSIS-575,사진 대조 1차 교정본,1366,"02:00:08,830 --> 02:00:09,930",1.1,성감대?,민감해요?,응.,중립·혼합형,sub_1366_7208.8s.jpg,0.03,,,25.0,90.0,50.0,78.0,75.0,0.18794,0.0,66.0,0.0,0.0,0.0365,성인용품.,성인용품 말이야.,,22.95,T4,구조검사 통과 시 유지,,13.345356176735798,18.92,P4,회귀검사 통과 시 유지
SSIS-575,사진 대조 1차 교정본,1367,"02:00:10,230 --> 02:00:10,510",0.28,응.,성감대?,음…,반응형,sub_1367_7210.2s.jpg,0.03,,,25.0,90.0,50.0,78.0,75.0,0.01192,0.0,66.0,0.0,0.0,0.4021,"하-, 응.",하아… 응.,,15.56,T4,구조검사 통과 시 유지,,3.8097385031559963,10.62,P4,회귀검사 통과 시 유지
SSIS-575,사진 대조 1차 교정본,1368,"02:00:10,510 --> 02:00:11,910",1.4,음…,응.,젖꼭지하고…,중립·혼합형,sub_1368_7210.5s.jpg,0.01,,,25.0,90.0,50.0,78.0,75.0,0.17065,0.0,66.0,0.0,0.0,0.1026,음...,음…,,22.23,T4,구조검사 통과 시 유지,,12.48872858431019,18.14,P4,회귀검사 통과 시 유지
SSIS-575,사진 대조 1차 교정본,1369,"02:00:12,230 --> 02:00:12,970",0.74,젖꼭지하고…,음…,응.,반말형,sub_1369_7212.2s.jpg,0.03,,,25.0,90.0,50.0,78.0,79.0,0.38924,0.0,66.0,0.0,0.0,0.1928,유두하고…,젖꼭지하고…,,31.65,T4,구조검사 통과 시 유지,,38.23264201983769,34.41,P4,회귀검사 통과 시 유지
SSIS-575,사진 대조 1차 교정본,1370,"02:00:13,270 --> 02:00:13,370",0.1,응.,젖꼭지하고…,입으로 받는 것도 좋아해.,반응형,sub_1370_7213.3s.jpg,0.03,,,25.0,90.0,50.0,78.0,75.0,0.0161,0.0,66.0,30.0,0.0,0.4021,"하-, 응.",하아… 응.,,18.74,T4,구조검사 통과 시 유지,high_cps,9.738503155996394,14.96,P4,회귀검사 통과 시 유지
SSIS-575,사진 대조 1차 교정본,1371,"02:00:17,290 --> 02:00:18,570",1.28,입으로 받는 것도 좋아해.,응.,응.,반응형,sub_1371_7217.3s.jpg,0.01,,,25.0,90.0,50.0,78.0,75.0,0.44493,0.0,66.0,0.0,0.0,0.4234,고환 좋아해.,불알 좋아해.,,33.75,T4,구조검사 통과 시 유지,,46.68620378719567,39.18,P4,회귀검사 통과 시 유지
SSIS-575,사진 대조 1차 교정본,1372,"02:00:18,950 --> 02:00:19,190",0.24,응.,입으로 받는 것도 좋아해.,특이한 곳도 있어?,반응형,sub_1372_7218.9s.jpg,0.05,,,25.0,90.0,50.0,78.0,75.0,0.01104,0.0,66.0,0.0,0.0,0.4021,"하-, 응.",하아… 응.,,15.52,T4,구조검사 통과 시 유지,,3.4490532010820556,10.45,P4,회귀검사 통과 시 유지
SSIS-575,사진 대조 1차 교정본,1373,"02:00:20,530 --> 02:00:21,830",1.3,특이한 곳도 있어?,응.,특이한 곳이요?,반응형,sub_1373_7220.5s.jpg,0.03,,,25.0,90.0,50.0,78.0,75.0,0.40855,0.0,66.0,0.0,0.0,0.3192,자고 있어?,땀나?,사진 장면 확인 및 한국어 번역투·ASR 오역 교정,32.22,T4,구조검사 통과 시 유지,,40.80252479711452,35.82,P4,회귀검사 통과 시 유지
SSIS-575,사진 대조 1차 교정본,1374,"02:00:22,210 --> 02:00:23,230",1.02,특이한 곳이요?,특이한 곳도 있어?,예를 들면 눈 같은?,중립·혼합형,sub_1374_7222.2s.jpg,0.01,,,25.0,90.0,50.0,78.0,75.0,0.39756,0.0,66.0,0.0,0.0,0.0526,가까운 곳도 핥아 줄 수 있어요?,아래쪽도 핥아 줄 수 있어요?,사진 장면 확인 및 한국어 번역투·ASR 오역 교정,31.76,T4,구조검사 통과 시 유지,,38.68349864743011,34.67,P4,회귀검사 통과 시 유지
SSIS-575,사진 대조 1차 교정본,1375,"02:00:23,490 --> 02:00:24,170",0.68,예를 들면 눈 같은?,특이한 곳이요?,네? 그런 곳이요?,중립·혼합형,sub_1375_7223.5s.jpg,0.01,,,25.0,90.0,50.0,78.0,75.0,0.49881,0.0,66.0,0.0,0.0,0.1381,눈 감아 줄래.,눈 감고 있을게.,일본어 원문 대조 + 자연스러운 한국어 대사 교정,36.01,T3,화자·문맥·자연스러움 집중 검토,,55.68079350766456,44.27,P3,말투·질문응답·가독성 위주 검토
SSIS-575,사진 대조 1차 교정본,1376,"02:00:24,930 --> 02:00:25,770",0.84,네? 그런 곳이요?,예를 들면 눈 같은?,뭐라고요?,반말형,sub_1376_7224.9s.jpg,0.03,,,25.0,90.0,50.0,78.0,75.0,0.46355,0.0,66.0,0.0,0.0,0.1475,그런 거 집에서 해봐.,그런 거 집에서 해 봐.,,34.53,T4,구조검사 통과 시 유지,,49.864743011722275,40.97,P3,말투·질문응답·가독성 위주 검토
SSIS-575,사진 대조 1차 교정본,1377,"02:00:25,890 --> 02:00:26,190",0.3,뭐라고요?,네? 그런 곳이요?,나는 귀가 약하니까.,중립·혼합형,sub_1377_7225.9s.jpg,0.01,,,25.0,90.0,50.0,78.0,75.0,0.24031,0.0,66.0,25.0,0.0,0.3132,뭐라고 해야 돼?,뭐라고 말하면 돼?,일본어 원문 대조 + 자연스러운 한국어 대사 교정,27.65,T4,구조검사 통과 시 유지,borderline_cps,25.090171325518483,26.57,P4,회귀검사 통과 시 유지
SSIS-575,사진 대조 1차 교정본,1378,"02:00:27,670 --> 02:00:29,690",2.02,나는 귀가 약하니까.,뭐라고요?,응.,중립·혼합형,sub_1378_7227.7s.jpg,0.03,,,25.0,90.0,50.0,78.0,75.0,0.48532,0.0,66.0,0.0,0.0,0.2762,유두를 좋아하니까.,젖꼭지를 좋아하니까.,,35.44,T3,화자·문맥·자연스러움 집중 검토,,53.11091073038774,42.86,P3,말투·질문응답·가독성 위주 검토
SSIS-575,사진 대조 1차 교정본,1379,"02:00:29,810 --> 02:00:30,010",0.2,응.,나는 귀가 약하니까.,그런 느낌의 다른 곳은?,반응형,sub_1379_7229.8s.jpg,0.01,,,25.0,90.0,50.0,78.0,75.0,0.01823,0.0,66.0,0.0,0.0,0.4021,"하-, 응.",하아… 응.,,15.83,T4,구조검사 통과 시 유지,,5.770964833183047,11.61,P4,회귀검사 통과 시 유지
SSIS-575,사진 대조 1차 교정본,1380,"02:00:30,390 --> 02:00:31,490",1.1,그런 느낌의 다른 곳은?,응.,글쎄요.,중립·혼합형,sub_1380_7230.4s.jpg,0.01,,,25.0,90.0,50.0,78.0,75.0,0.54378,0.0,66.0,0.0,0.0,0.1496,서로 다른 방식으로 해 보려고.,오늘은 서로 원하는 대로 해 보려고.,,37.9,T3,화자·문맥·자연스러움 집중 검토,,63.548241659152396,48.67,P3,말투·질문응답·가독성 위주 검토
SSIS-575,사진 대조 1차 교정본,1381,"02:00:32,050 --> 02:00:33,010",0.96,글쎄요.,그런 느낌의 다른 곳은?,그래도 나도 귀가 약해.,중립·혼합형,sub_1381_7232.1s.jpg,0.05,,,25.0,90.0,50.0,78.0,75.0,0.33617,0.0,66.0,0.0,0.0,0.1514,글쎄... 조금 더 해봐야 알 것 같아.,글쎄… 조금 더 해 봐야 알 것 같아.,,29.18,T4,구조검사 통과 시 유지,,29.89179440937782,29.48,P4,회귀검사 통과 시 유지
SSIS-575,사진 대조 1차 교정본,1382,"02:00:33,070 --> 02:00:34,410",1.34,그래도 나도 귀가 약해.,글쎄요.,귀요?,반말형,sub_1382_7233.1s.jpg,0.03,,,25.0,90.0,50.0,78.0,75.0,0.68034,0.0,66.0,0.0,0.0,0.2841,그래도 계속 하고 싶어.,그래도 계속하고 싶어.,손상된 일본어 ASR + 타임스탬프 사진 + 앞뒤 문맥 추론,43.63,T3,화자·문맥·자연스러움 집중 검토,,84.06221821460775,60.61,P2,앞뒤 5블록·사진·오류 기억을 함께 검토
SSIS-575,사진 대조 1차 교정본,1383,"02:00:34,890 --> 02:00:35,290",0.4,귀요?,그래도 나도 귀가 약해.,응.,중립·혼합형,sub_1383_7234.9s.jpg,0.01,,,25.0,90.0,50.0,78.0,75.0,0.34307,0.0,66.0,0.0,0.0,0.0672,펭귄 정말 좋아해요. 귀엽지 않아요? 걷는 모습이 귀여워요.,펭귄이 정말 귀엽지 않아요? 걷는 모습이 특히 귀여워요.,사진 장면 확인 및 한국어 번역투·ASR 오역 교정,29.47,T4,구조검사 통과 시 유지,,30.568079350766457,29.93,P4,회귀검사 통과 시 유지
SSIS-575,사진 대조 1차 교정본,1384,"02:00:35,430 --> 02:00:35,670",0.24,응.,귀요?,민감한 것 같아.,반응형,sub_1384_7235.4s.jpg,0.03,,,25.0,90.0,50.0,78.0,75.0,0.01451,0.0,66.0,0.0,0.0,0.4021,"하-, 응.",하아… 응.,,15.67,T4,구조검사 통과 시 유지,,4.869251577998197,11.13,P4,회귀검사 통과 시 유지
SSIS-575,사진 대조 1차 교정본,1385,"02:00:36,510 --> 02:00:37,490",0.98,민감한 것 같아.,응.,그럴지도 몰라.,반응형,sub_1385_7236.5s.jpg,0.01,,,25.0,90.0,50.0,78.0,75.0,0.57327,0.0,66.0,0.0,0.0,0.483,갈 것 같아.,진짜 갈 것 같아.,일본어 원문 대조 + 자연스러운 한국어 대사 교정,39.14,T3,화자·문맥·자연스러움 집중 검토,,68.34986474301172,51.41,P3,말투·질문응답·가독성 위주 검토
SSIS-575,사진 대조 1차 교정본,1386,"02:00:38,010 --> 02:00:38,790",0.78,그럴지도 몰라.,민감한 것 같아.,귀가 약해.,반말형,sub_1386_7238.0s.jpg,0.01,,,25.0,90.0,50.0,78.0,75.0,0.5593,0.0,66.0,0.0,0.0,0.4332,여기서 잘지도 몰라.,"응, 들어왔어.",일본어 원문 + 타임스탬프 사진 + 장면 연속성,38.55,T3,화자·문맥·자연스러움 집중 검토,,66.05049594229035,50.1,P3,말투·질문응답·가독성 위주 검토
SSIS-575,사진 대조 1차 교정본,1387,"02:00:38,950 --> 02:00:39,650",0.7,귀가 약해.,그럴지도 몰라.,얼마나 약한지 해 볼까?,반말형,sub_1387_7238.9s.jpg,0.05,,,25.0,90.0,50.0,78.0,75.0,0.59992,0.0,66.0,0.0,0.0,0.0805,굉장해. 굉장해.,엄청나. 진짜 엄청나.,,40.26,T3,화자·문맥·자연스러움 집중 검토,,73.03877366997294,54.03,P3,말투·질문응답·가독성 위주 검토
SSIS-575,사진 대조 1차 교정본,1388,"02:00:39,970 --> 02:00:41,170",1.2,얼마나 약한지 해 볼까?,귀가 약해.,기분 좋게 해 줄 거야?,반말형,sub_1388_7240.0s.jpg,0.03,,,25.0,90.0,50.0,78.0,75.0,0.69863,0.0,66.0,0.0,25.0,0.1796,"아니, 재미있을까 해서 말이야. 네가 얼마나 참을 수 있는지도 알고 싶었고.",조금만 천천히…,타임스탬프 사진으로 장면 불일치 확인 후 재복원,46.4,T3,화자·문맥·자연스러움 집중 검토,question_answer_checksum,90.73489630297566,65.02,P2,앞뒤 5블록·사진·오류 기억을 함께 검토
SSIS-575,사진 대조 1차 교정본,1389,"02:00:43,070 --> 02:00:44,710",1.64,기분 좋게 해 줄 거야?,얼마나 약한지 해 볼까?,응.,반말형,sub_1389_7243.1s.jpg,0.03,,,25.0,90.0,50.0,78.0,75.0,0.66417,0.0,66.0,0.0,0.0,0.4434,기분 좋게 해 주고 싶어요.,제가 해 볼게요.,앞 블록과 중복된 문장 정리,42.96,T3,화자·문맥·자연스러움 집중 검토,,82.37150586113616,59.51,P2,앞뒤 5블록·사진·오류 기억을 함께 검토
SSIS-575,사진 대조 1차 교정본,1390,"02:00:45,450 --> 02:00:45,650",0.2,응.,기분 좋게 해 줄 거야?,기대되네.,반응형,sub_1390_7245.4s.jpg,0.05,,,25.0,90.0,50.0,78.0,75.0,0.02631,0.0,66.0,0.0,0.0,0.4021,"하-, 응.",하아… 응.,,16.16,T4,구조검사 통과 시 유지,,7.371505861136159,12.47,P4,회귀검사 통과 시 유지
SSIS-575,사진 대조 1차 교정본,1391,"02:00:47,450 --> 02:00:48,970",1.52,기대되네.,응.,기분 좋아질 준비는 했지?,반말형,sub_1391_7247.4s.jpg,0.05,,,25.0,90.0,50.0,78.0,75.0,0.24148,0.0,66.0,0.0,0.0,0.0523,"네, 네.",네.,불필요한 반복 제거,25.2,T4,구조검사 통과 시 유지,,17.989179440937782,22.17,P4,회귀검사 통과 시 유지
SSIS-575,사진 대조 1차 교정본,1392,"02:00:49,890 --> 02:00:52,410",2.52,기분 좋아질 준비는 했지?,기대되네.,준비는 같이 해야죠.,반응형,sub_1392_7249.9s.jpg,0.01,,,25.0,90.0,50.0,78.0,75.0,0.60911,0.0,66.0,0.0,0.0,0.2245,기분 좋아.,"아, 좋아.",화면 영문 자막 대조,40.64,T3,화자·문맥·자연스러움 집중 검토,,74.79711451758341,54.99,P3,말투·질문응답·가독성 위주 검토
SSIS-575,사진 대조 1차 교정본,1393,"02:00:53,710 --> 02:00:54,670",0.96,준비는 같이 해야죠.,기분 좋아질 준비는 했지?,얼굴이 안 보여.,반말형,sub_1393_7253.7s.jpg,0.01,,,25.0,90.0,50.0,78.0,75.0,0.53108,0.0,66.0,0.0,0.0,0.2047,같이 좀 가요.,그럼 같이 가요.,일본어 원문 대조 + 자연스러운 한국어 대사 교정,37.37,T3,화자·문맥·자연스러움 집중 검토,,60.685302073940484,47.16,P3,말투·질문응답·가독성 위주 검토
SSIS-575,사진 대조 1차 교정본,1394,"02:01:20,470 --> 02:01:21,130",0.66,얼굴이 안 보여.,준비는 같이 해야죠.,네?,중립·혼합형,sub_1394_7280.5s.jpg,0.03,,,25.0,90.0,50.0,78.0,75.0,0.54374,0.0,66.0,0.0,0.0,0.6187,잘 안 보여.,"응, 그렇네.",일본어 원문 + 타임스탬프 사진 + 장면 연속성,37.9,T3,화자·문맥·자연스러움 집중 검토,,63.548241659152396,48.67,P3,말투·질문응답·가독성 위주 검토
SSIS-575,사진 대조 1차 교정본,1395,"02:01:21,610 --> 02:01:22,030",0.42,네?,얼굴이 안 보여.,네.,반말형,sub_1395_7281.6s.jpg,0.01,,,25.0,90.0,50.0,78.0,75.0,0.15195,0.0,66.0,0.0,0.0,0.2517,진짜네?,진짜?,일본어 원문 대조 + 자연스러운 한국어 대사 교정,21.44,T4,구조검사 통과 시 유지,,11.541929666366094,17.28,P4,회귀검사 통과 시 유지
SSIS-575,사진 대조 1차 교정본,1396,"02:01:28,050 --> 02:01:28,450",0.4,네.,네?,귀부터.,반말형,sub_1396_7288.1s.jpg,0.05,,,25.0,90.0,50.0,78.0,75.0,0.00938,0.0,66.0,0.0,0.0,0.6489,"네, 네.",네.,불필요한 반복 제거,15.45,T4,구조검사 통과 시 유지,,2.7953110910730388,10.14,P4,회귀검사 통과 시 유지
SSIS-575,사진 대조 1차 교정본,1397,"02:01:29,110 --> 02:01:29,510",0.4,귀부터.,네.,귀부터 시작해?,중립·혼합형,sub_1397_7289.1s.jpg,0.01,,,25.0,90.0,50.0,78.0,75.0,0.22713,0.0,66.0,0.0,0.0,0.1151,"저기부터. 미안해, 하지메 군 환영회인데. 아냐, 내가 잘 어울리지 못하는 것뿐이야. 넌 옛날부터 말주변이 없었잖아.",아까부터 조용하네. 하지메 군 환영회인데 미안해. 아냐. 내가 사람들하고 잘 못 어울리는 것뿐이야.,사진 장면 확인 및 한국어 번역투·ASR 오역 교정,24.6,T4,구조검사 통과 시 유지,,16.636609558160504,21.26,P4,회귀검사 통과 시 유지
SSIS-575,사진 대조 1차 교정본,1398,"02:01:29,790 --> 02:01:30,170",0.38,귀부터 시작해?,귀부터.,뭐?,반말형,sub_1398_7289.8s.jpg,0.01,,,25.0,90.0,50.0,78.0,75.0,0.42691,0.0,66.0,25.0,0.0,0.1726,이제 본격적으로 시작해 볼까...,이제 본격적으로 시작해 볼까…,,35.49,T3,화자·문맥·자연스러움 집중 검토,borderline_cps,53.44905320108205,43.03,P3,말투·질문응답·가독성 위주 검토
SSIS-575,사진 대조 1차 교정본,1399,"02:01:32,290 --> 02:01:32,690",0.4,뭐?,귀부터 시작해?,왜?,중립·혼합형,sub_1399_7292.3s.jpg,0.01,,,25.0,90.0,50.0,78.0,75.0,0.21201,0.0,66.0,0.0,0.0,0.3622,뭐? 아침에 졸려? 하고 바로…,뭐? 아침부터 졸리다고 해 놓고…,사진 장면 확인 및 한국어 번역투·ASR 오역 교정,23.96,T4,구조검사 통과 시 유지,,15.193868349864742,20.28,P4,회귀검사 통과 시 유지
SSIS-575,사진 대조 1차 교정본,1400,"02:01:32,690 --> 02:01:32,910",0.22,왜?,뭐?,좋아!,중립·혼합형,sub_1400_7292.7s.jpg,0.01,,,25.0,90.0,50.0,78.0,75.0,0.16949,0.0,66.0,0.0,0.0,0.3369,괜찮으려나? 왜? 잘 닦이고 있나?,괜찮으려나? 왜? 잘 닦이고 있어?,일본어 원문 대조 + 자연스러운 한국어 대사 교정,22.18,T4,구조검사 통과 시 유지,,12.443642921550948,18.09,P4,회귀검사 통과 시 유지
SSIS-575,사진 대조 1차 교정본,1401,"02:01:33,250 --> 02:01:34,090",0.84,좋아!,왜?,조금 축축하네.,반응형,sub_1401_7293.2s.jpg,0.05,,,25.0,90.0,50.0,78.0,75.0,0.16603,0.0,66.0,0.0,0.0,0.1219,"아, 좋아.","아, 들어온다.",,22.03,T4,구조검사 통과 시 유지,,12.263300270513977,17.93,P4,회귀검사 통과 시 유지
SSIS-575,사진 대조 1차 교정본,1402,"02:01:40,970 --> 02:01:41,950",0.98,조금 축축하네.,좋아!,응?,반말형,sub_1402_7301.0s.jpg,0.03,,,25.0,90.0,50.0,78.0,75.0,0.47151,0.0,66.0,0.0,0.0,0.2902,아직 축축하게 젖어 있네.,아직 축축하네.,일본어 원문 대조 + 자연스러운 한국어 대사 교정,34.86,T4,구조검사 통과 시 유지,,51.149684400360684,41.7,P3,말투·질문응답·가독성 위주 검토
SSIS-575,사진 대조 1차 교정본,1403,"02:01:42,010 --> 02:01:42,090",0.08,응?,조금 축축하네.,굉장하네!,반응형,sub_1403_7302.0s.jpg,0.01,,,25.0,90.0,50.0,78.0,75.0,0.29395,0.0,66.0,55.0,0.0,0.4446,응? 잠깐 기다려…,응? 잠깐만…,일본어 원문 대조 + 자연스러운 한국어 대사 교정,32.91,T4,구조검사 통과 시 유지,high_cps,43.59783588818756,37.4,P4,회귀검사 통과 시 유지
SSIS-575,사진 대조 1차 교정본,1404,"02:01:42,330 --> 02:01:42,750",0.42,굉장하네!,응?,귀가 작지 않아?,반말형,sub_1404_7302.3s.jpg,0.03,,,25.0,90.0,50.0,78.0,75.0,0.15884,0.0,66.0,0.0,0.0,0.1692,네! 어이!,"네, 잘 부탁드립니다!",사진 장면 확인 및 한국어 번역투·ASR 오역 교정,21.73,T4,구조검사 통과 시 유지,,11.857529305680794,17.58,P4,회귀검사 통과 시 유지
SSIS-575,사진 대조 1차 교정본,1405,"02:01:45,530 --> 02:01:46,470",0.94,귀가 작지 않아?,굉장하네!,정말 작은데.,반응형,sub_1405_7305.5s.jpg,0.03,,,25.0,90.0,50.0,78.0,75.0,0.55722,0.0,66.0,0.0,0.0,0.3283,너무 졸리지 않아?,눈썹도 예쁘네. 너무 진하지도 않고.,손상된 일본어 ASR + 타임스탬프 사진 + 앞뒤 문맥 추론,38.46,T3,화자·문맥·자연스러움 집중 검토,,65.68981064021641,49.9,P3,말투·질문응답·가독성 위주 검토
SSIS-575,사진 대조 1차 교정본,1406,"02:01:46,550 --> 02:01:47,470",0.92,정말 작은데.,귀가 작지 않아?,엄청 귀여워!,중립·혼합형,sub_1406_7306.6s.jpg,0.05,,,25.0,90.0,50.0,78.0,75.0,0.5829,0.0,66.0,0.0,0.0,0.2384,끼우고 싶은데.,끼고 싶은데.,일본어 원문 대조 + 자연스러운 한국어 대사 교정,39.54,T3,화자·문맥·자연스러움 집중 검토,,70.4463480613165,52.52,P3,말투·질문응답·가독성 위주 검토
SSIS-575,사진 대조 1차 교정본,1407,"02:01:47,470 --> 02:01:49,050",1.58,엄청 귀여워!,정말 작은데.,후후.,중립·혼합형,sub_1407_7307.5s.jpg,0.03,,,25.0,90.0,50.0,78.0,75.0,0.42813,0.0,66.0,0.0,0.0,0.507,엄청 귀여워.,매일 목욕해.,일본어 원문 + 타임스탬프 사진 + 장면 연속성,33.04,T4,구조검사 통과 시 유지,,44.183949504057715,37.72,P4,회귀검사 통과 시 유지
SSIS-575,사진 대조 1차 교정본,1408,"02:01:49,490 --> 02:01:49,690",0.2,후후.,엄청 귀여워!,귀가 귀엽다는 말은 처음 듣지?,중립·혼합형,sub_1408_7309.5s.jpg,0.01,,,25.0,90.0,50.0,78.0,75.0,0.39077,0.0,66.0,0.0,0.0,0.2038,"후후후, 어서 와.","후후후, 차가워!",손상된 일본어 ASR + 타임스탬프 사진 + 앞뒤 문맥 추론,31.47,T4,구조검사 통과 시 유지,,37.64652840396754,34.06,P4,회귀검사 통과 시 유지
SSIS-575,사진 대조 1차 교정본,1409,"02:01:50,970 --> 02:01:52,690",1.72,귀가 귀엽다는 말은 처음 듣지?,후후.,정말 귀엽지 않아?,반말형,sub_1409_7311.0s.jpg,0.03,,,25.0,90.0,50.0,78.0,75.0,0.78698,0.0,66.0,0.0,0.0,0.1204,이런 경험 처음 당해봐?,이런 경험 처음 당해 봐?,,48.11,T3,화자·문맥·자연스러움 집중 검토,,93.95852119026151,67.37,P2,앞뒤 5블록·사진·오류 기억을 함께 검토
SSIS-575,사진 대조 1차 교정본,1410,"02:01:52,810 --> 02:01:53,650",0.84,정말 귀엽지 않아?,귀가 귀엽다는 말은 처음 듣지?,처음 듣는 말이에요.,반응형,sub_1410_7312.8s.jpg,0.01,,,25.0,90.0,50.0,78.0,75.0,0.57648,0.0,66.0,0.0,0.0,0.3961,펭귄 정말 좋아해요. 귀엽지 않아요? 걷는 모습이 귀여워요.,펭귄이 정말 귀엽지 않아요? 걷는 모습이 특히 귀여워요.,사진 장면 확인 및 한국어 번역투·ASR 오역 교정,39.27,T3,화자·문맥·자연스러움 집중 검토,,69.34174932371506,51.9,P3,말투·질문응답·가독성 위주 검토
SSIS-575,사진 대조 1차 교정본,1411,"02:01:54,750 --> 02:01:55,950",1.2,처음 듣는 말이에요.,정말 귀엽지 않아?,기분 좋아?,존댓말형,sub_1411_7314.8s.jpg,0.05,,,25.0,90.0,50.0,78.0,75.0,0.57369,0.0,66.0,0.0,35.0,0.2302,다리 예쁘단 말 듣는 거 싫어?,다리 예쁘다는 말 싫어?,일본어 원문 대조 + 자연스러운 한국어 대사 교정,41.95,T3,화자·문맥·자연스러움 집중 검토,formality_jump,78.94499549143373,57.49,P3,말투·질문응답·가독성 위주 검토
SSIS-575,사진 대조 1차 교정본,1412,"02:02:15,510 --> 02:02:17,070",1.56,기분 좋아?,처음 듣는 말이에요.,"응, 기분 좋아.",반응형,sub_1412_7335.5s.jpg,0.01,,,25.0,90.0,50.0,78.0,75.0,0.19815,0.0,66.0,0.0,0.0,0.561,"아, 거기... 기분 좋아?","아, 거기… 기분 좋아?",,23.38,T4,구조검사 통과 시 유지,,14.021641118124437,19.45,P4,회귀검사 통과 시 유지
SSIS-575,사진 대조 1차 교정본,1413,"02:02:17,090 --> 02:02:18,530",1.44,"응, 기분 좋아.",기분 좋아?,아파?,반응형,sub_1413_7337.1s.jpg,0.01,,,25.0,90.0,50.0,78.0,75.0,0.35436,16.81,66.0,0.0,0.0,0.7901,기분 좋아.,"아, 좋아.",화면 영문 자막 대조,32.97,T4,구조검사 통과 시 유지,,43.95852119026149,37.59,P4,회귀검사 통과 시 유지
SSIS-575,사진 대조 1차 교정본,1414,"02:02:21,530 --> 02:02:22,030",0.5,아파?,"응, 기분 좋아.",이건 괜찮아?,반응형,sub_1414_7341.5s.jpg,0.03,,,25.0,90.0,50.0,78.0,75.0,0.17348,0.0,66.0,0.0,0.0,0.1882,"아파, 아파, 아파...","아파, 아파, 아파…",,22.35,T4,구조검사 통과 시 유지,,12.646528403967539,18.27,P4,회귀검사 통과 시 유지
SSIS-575,사진 대조 1차 교정본,1415,"02:02:23,150 --> 02:02:23,990",0.84,이건 괜찮아?,아파?,찌릿해?,반응형,sub_1415_7343.1s.jpg,0.05,,,25.0,90.0,50.0,78.0,75.0,0.38082,0.0,66.0,0.0,0.0,0.3536,더 해줘도 돼? 더 해줘. 괜찮아?,더 해 줘도 돼? 더 해 줘. 괜찮아?,,31.05,T4,구조검사 통과 시 유지,,36.24887285843102,33.23,P4,회귀검사 통과 시 유지
SSIS-575,사진 대조 1차 교정본,1416,"02:02:24,810 --> 02:02:25,310",0.5,찌릿해?,이건 괜찮아?,참을 수 있어?,반말형,sub_1416_7344.8s.jpg,0.01,,,25.0,90.0,50.0,78.0,75.0,0.25507,0.0,66.0,0.0,0.0,0.1146,원해?,만져 줬으면 해?,일본어 원문 대조 + 자연스러운 한국어 대사 교정,25.77,T4,구조검사 통과 시 유지,,19.071235347159604,22.96,P4,회귀검사 통과 시 유지
SSIS-575,사진 대조 1차 교정본,1417,"02:02:27,030 --> 02:02:28,090",1.06,참을 수 있어?,찌릿해?,괜찮아?,반응형,sub_1417_7347.0s.jpg,0.03,,,25.0,90.0,50.0,78.0,75.0,0.40826,0.0,66.0,0.0,0.0,0.4497,자고 있어?,땀나?,사진 장면 확인 및 한국어 번역투·ASR 오역 교정,32.21,T4,구조검사 통과 시 유지,,40.734896302975656,35.79,P4,회귀검사 통과 시 유지
SSIS-575,사진 대조 1차 교정본,1418,"02:02:33,650 --> 02:02:34,170",0.52,괜찮아?,참을 수 있어?,정말 괜찮아?,반응형,sub_1418_7353.6s.jpg,0.05,,,25.0,90.0,50.0,78.0,75.0,0.13599,0.0,66.0,0.0,0.0,0.4653,더 해줘도 돼? 더 해줘. 괜찮아?,더 해 줘도 돼? 더 해 줘. 괜찮아?,,20.77,T4,구조검사 통과 시 유지,,10.73038773669973,16.55,P4,회귀검사 통과 시 유지
SSIS-575,사진 대조 1차 교정본,1419,"02:02:35,750 --> 02:02:36,230",0.48,정말 괜찮아?,괜찮아?,괜찮지?,반응형,sub_1419_7355.8s.jpg,0.05,,,25.0,90.0,50.0,78.0,75.0,0.41538,0.0,66.0,0.0,0.0,0.3989,더 해줘도 돼? 더 해줘. 괜찮아?,더 해 줘도 돼? 더 해 줘. 괜찮아?,,32.51,T4,구조검사 통과 시 유지,,41.74932371505861,36.39,P4,회귀검사 통과 시 유지
SSIS-575,사진 대조 1차 교정본,1420,"02:02:44,430 --> 02:02:44,910",0.48,괜찮지?,정말 괜찮아?,조금 공부했어?,반말형,sub_1420_7364.4s.jpg,0.03,,,25.0,90.0,50.0,78.0,75.0,0.32606,0.0,66.0,0.0,0.0,0.2308,뭐든 괜찮지만… 후와 씨?,뭐든 괜찮지만… 후우아 씨라고 부를까요?,출연자 이름 오인식 교정,28.75,T4,구조검사 통과 시 유지,,28.313796212804327,28.57,P4,회귀검사 통과 시 유지
SSIS-575,사진 대조 1차 교정본,1421,"02:02:49,450 --> 02:02:50,690",1.24,조금 공부했어?,괜찮지?,공부한 거야?,반응형,sub_1421_7369.4s.jpg,0.05,,,25.0,90.0,50.0,78.0,75.0,0.47677,0.0,66.0,0.0,0.0,0.1581,부활했어?,다시 섰어?,일본어 원문 대조 + 자연스러운 한국어 대사 교정,35.08,T3,화자·문맥·자연스러움 집중 검토,,51.75834084761046,42.08,P3,말투·질문응답·가독성 위주 검토
SSIS-575,사진 대조 1차 교정본,1422,"02:02:51,070 --> 02:02:52,230",1.16,공부한 거야?,조금 공부했어?,그대로 따라 해 볼게.,반말형,sub_1422_7371.1s.jpg,0.03,,,25.0,90.0,50.0,78.0,75.0,0.46481,0.0,66.0,0.0,0.0,0.3277,뭘 찍게 한 거야?,뭘 찍은 거야?,손상된 일본어 ASR + 타임스탬프 사진 + 앞뒤 문맥 추론,34.58,T4,구조검사 통과 시 유지,,50.15779981965734,41.12,P3,말투·질문응답·가독성 위주 검토
SSIS-575,사진 대조 1차 교정본,1423,"02:02:52,990 --> 02:02:54,330",1.34,그대로 따라 해 볼게.,공부한 거야?,어디서 배웠어?,반말형,sub_1423_7373.0s.jpg,0.01,,,25.0,90.0,50.0,78.0,75.0,0.62547,0.0,66.0,0.0,0.0,0.2818,그대로 엉덩이 찍게 해줘.,그대로 엉덩이 찍게 해 줘.,,41.33,T3,화자·문맥·자연스러움 집중 검토,,76.78088367899008,56.22,P3,말투·질문응답·가독성 위주 검토
SSIS-575,사진 대조 1차 교정본,1424,"02:02:55,730 --> 02:02:57,270",1.54,어디서 배웠어?,그대로 따라 해 볼게.,인터넷에 적혀 있었어요.,반응형,sub_1424_7375.7s.jpg,0.03,,,25.0,90.0,50.0,78.0,75.0,0.41393,0.0,66.0,0.0,0.0,0.1956,아쉬웠어?,거의 갔어?,일본어 원문 대조 + 자연스러운 한국어 대사 교정,32.45,T4,구조검사 통과 시 유지,,41.38863841298467,36.2,P4,회귀검사 통과 시 유지
SSIS-575,사진 대조 1차 교정본,1425,"02:02:57,790 --> 02:02:58,970",1.18,인터넷에 적혀 있었어요.,어디서 배웠어?,인터넷?,반응형,sub_1425_7377.8s.jpg,0.01,,,25.0,90.0,50.0,78.0,79.0,0.69909,0.0,66.0,0.0,0.0,0.2017,"마음을 열어 줬고, 이제는 정말 가까워져서 잠자리까지 가질 수 있었어요.","그래도 어떻게든 마음을 열어 줬고, 이제는 정말 가까워져 잠자리까지 가졌어요.",내레이션 줄바꿈 및 번역투 제거,44.66,T3,화자·문맥·자연스러움 집중 검토,,86.88007213706041,62.39,P2,앞뒤 5블록·사진·오류 기억을 함께 검토
SSIS-575,사진 대조 1차 교정본,1426,"02:02:58,970 --> 02:02:59,330",0.36,인터넷?,인터넷에 적혀 있었어요.,맞게 하고 있어?,중립·혼합형,sub_1426_7379.0s.jpg,0.03,,,25.0,90.0,50.0,78.0,75.0,0.21751,0.0,66.0,0.0,0.0,0.0447,"오-, 인증됐어.",[불명],,24.2,T4,구조검사 통과 시 유지,,15.554553651938683,20.57,P4,회귀검사 통과 시 유지
SSIS-575,사진 대조 1차 교정본,1427,"02:03:01,610 --> 02:03:02,290",0.68,맞게 하고 있어?,인터넷?,응.,반응형,sub_1427_7381.6s.jpg,0.01,,,25.0,90.0,50.0,78.0,75.0,0.51449,0.0,66.0,0.0,0.0,0.4236,자고 있어?,땀나?,사진 장면 확인 및 한국어 번역투·ASR 오역 교정,36.67,T3,화자·문맥·자연스러움 집중 검토,,57.95761947700632,45.61,P3,말투·질문응답·가독성 위주 검토
SSIS-575,사진 대조 1차 교정본,1428,"02:03:03,070 --> 02:03:03,510",0.44,응.,맞게 하고 있어?,잘하네.,반응형,sub_1428_7383.1s.jpg,0.03,,,25.0,90.0,50.0,78.0,75.0,0.02309,0.0,66.0,0.0,0.0,0.4021,"하-, 응.",하아… 응.,,16.03,T4,구조검사 통과 시 유지,,7.010820559062219,12.24,P4,회귀검사 통과 시 유지
SSIS-575,사진 대조 1차 교정본,1429,"02:03:03,510 --> 02:03:05,490",1.98,잘하네.,응.,좋아.,반말형,sub_1429_7383.5s.jpg,0.01,,,25.0,90.0,50.0,78.0,75.0,0.20741,0.41,66.0,0.0,0.0,0.6534,잘하네...,잘하네…,,23.85,T4,구조검사 통과 시 유지,,14.855725879170423,20.07,P4,회귀검사 통과 시 유지
SSIS-575,사진 대조 1차 교정본,1430,"02:03:11,880 --> 02:03:13,180",1.3,좋아.,잘하네.,내 반응을 잘 봐.,반응형,sub_1430_7391.9s.jpg,0.02,,,25.0,90.0,50.0,78.0,75.0,0.12363,16.19,66.0,0.0,0.0,0.7849,"아, 좋아.","아, 들어온다.",,23.17,T4,구조검사 통과 시 유지,,13.706041478809738,19.2,P4,회귀검사 통과 시 유지
SSIS-575,사진 대조 1차 교정본,1431,"02:03:13,180 --> 02:03:15,180",2.0,내 반응을 잘 봐.,좋아.,손가락 같은 것도…,반응형,sub_1431_7393.2s.jpg,0.02,,,25.0,90.0,50.0,78.0,75.0,0.63588,0.0,66.0,0.0,0.0,0.3839,평소와 다른 반응을 보이는 것 같아요.,평소와는 반응이 좀 다른 것 같아요.,한국어 어순 자연화,41.77,T3,화자·문맥·자연스러움 집중 검토,,78.69702434625789,57.28,P3,말투·질문응답·가독성 위주 검토
SSIS-575,사진 대조 1차 교정본,1432,"02:05:22,870 --> 02:05:24,510",1.64,손가락 같은 것도…,내 반응을 잘 봐.,어떻게 할까?,중립·혼합형,sub_1432_7522.9s.jpg,0.03,,,25.0,90.0,50.0,78.0,75.0,0.75534,0.0,66.0,0.0,0.0,0.1665,손가락도 엉덩이도 좋아? 이쪽도 빨아 줄까?,손가락도 엉덩이도 좋아? 이쪽도 핥아 줄까?,일본어 원문 대조 + 자연스러운 한국어 대사 교정,46.78,T3,화자·문맥·자연스러움 집중 검토,,91.63660955816052,65.62,P2,앞뒤 5블록·사진·오류 기억을 함께 검토
SSIS-575,사진 대조 1차 교정본,1433,"02:05:26,410 --> 02:05:27,290",0.88,어떻게 할까?,손가락 같은 것도…,어떻게 해 줄까?,반응형,sub_1433_7526.4s.jpg,0.01,,,25.0,90.0,50.0,78.0,75.0,0.58693,5.14,66.0,0.0,0.0,0.6928,어떻게 깨끗하게 할까?,이거 어떻게 닦지?,사진 장면 확인 및 한국어 번역투·ASR 오역 교정,40.64,T3,화자·문맥·자연스러움 집중 검토,,74.79711451758341,54.99,P3,말투·질문응답·가독성 위주 검토
SSIS-575,사진 대조 1차 교정본,1434,"02:05:28,270 --> 02:05:28,830",0.56,어떻게 해 줄까?,어떻게 할까?,굉장하네.,반응형,sub_1434_7528.3s.jpg,0.03,,,25.0,90.0,50.0,78.0,75.0,0.70209,0.0,66.0,0.0,0.0,0.4369,여기서 뭘 보여 줄까?,뭘 보여 줄까?,손상된 일본어 ASR + 타임스탬프 사진 + 앞뒤 문맥 추론,44.55,T3,화자·문맥·자연스러움 집중 검토,,86.69972948602344,62.25,P2,앞뒤 5블록·사진·오류 기억을 함께 검토
SSIS-575,사진 대조 1차 교정본,1435,"02:05:29,030 --> 02:05:31,730",2.7,굉장하네.,어떻게 해 줄까?,대단해.,반말형,sub_1435_7529.0s.jpg,0.03,,,25.0,90.0,50.0,78.0,75.0,0.53616,0.0,66.0,0.0,0.0,0.1794,대단하네.,땀이 엄청나네.,손상된 일본어 ASR + 타임스탬프 사진 + 앞뒤 문맥 추론,37.58,T3,화자·문맥·자연스러움 집중 검토,,61.992786293958524,47.83,P3,말투·질문응답·가독성 위주 검토
SSIS-575,사진 대조 1차 교정본,1436,"02:05:32,410 --> 02:05:33,210",0.8,대단해.,굉장하네.,벗겨 주세요.,반말형,sub_1436_7532.4s.jpg,0.01,,,25.0,90.0,50.0,78.0,75.0,0.4405,42.0,66.0,0.0,0.0,1.0,대단해.,기분 좋네.,일본어 원문 + 타임스탬프 사진 + 장면 연속성,41.12,T3,화자·문맥·자연스러움 집중 검토,,76.30748422001803,55.9,P3,말투·질문응답·가독성 위주 검토
SSIS-575,사진 대조 1차 교정본,1437,"02:05:37,510 --> 02:05:38,490",0.98,벗겨 주세요.,대단해.,이쪽은 내려.,존댓말형,sub_1437_7537.5s.jpg,0.01,,,25.0,90.0,50.0,78.0,75.0,0.63512,0.0,66.0,0.0,18.0,0.5264,쉬어 주세요.,잠깐 쉬게 해 주세요.,사진 장면 확인 및 한국어 번역투·ASR 오역 교정,43.17,T3,화자·문맥·자연스러움 집중 검토,formality_shift,82.7321911632101,59.79,P2,앞뒤 5블록·사진·오류 기억을 함께 검토
SSIS-575,사진 대조 1차 교정본,1438,"02:05:43,430 --> 02:05:45,930",2.5,이쪽은 내려.,벗겨 주세요.,어렵네요.,중립·혼합형,sub_1438_7543.4s.jpg,0.03,,,25.0,90.0,50.0,78.0,75.0,0.49664,0.0,66.0,0.0,0.0,0.2964,다리 내려...,다리 내려…,,35.92,T3,화자·문맥·자연스러움 집중 검토,,55.36519386834986,44.09,P3,말투·질문응답·가독성 위주 검토
SSIS-575,사진 대조 1차 교정본,1439,"02:05:51,190 --> 02:05:59,170",7.98,어렵네요.,이쪽은 내려.,점점 오고 있는 것 같아.,반응형,sub_1439_7551.2s.jpg,0.01,,,25.0,90.0,50.0,78.0,75.0,0.25893,0.0,66.0,0.0,0.0,0.4051,어렵네.,생각보다 어렵네.,손상된 일본어 ASR + 타임스탬프 사진 + 앞뒤 문맥 추론,25.93,T4,구조검사 통과 시 유지,,19.634806131650134,23.29,P4,회귀검사 통과 시 유지
SSIS-575,사진 대조 1차 교정본,1440,"02:06:02,650 --> 02:06:09,330",6.68,점점 오고 있는 것 같아.,어렵네요.,뭐가?,반응형,sub_1440_7562.6s.jpg,0.05,,,25.0,90.0,50.0,78.0,75.0,0.59053,0.0,66.0,0.0,0.0,0.4634,유두 넣고 있는 것 같아.,젖꼭지가 자지에 닿아 있네.,,39.86,T3,화자·문맥·자연스러움 집중 검토,,71.46077547339947,53.13,P3,말투·질문응답·가독성 위주 검토
SSIS-575,사진 대조 1차 교정본,1441,"02:06:14,470 --> 02:07:03,020",48.55,뭐가?,점점 오고 있는 것 같아.,음…,중립·혼합형,sub_1441_7574.5s.jpg,0.03,,,25.0,90.0,50.0,78.0,75.0,0.98306,0.0,66.0,25.0,0.0,0.1559,어디로 가?,여기?,일본어 원문 대조 + 자연스러운 한국어 대사 교정,58.85,T3,화자·문맥·자연스러움 집중 검토,long_duration_short_text,99.90982867448152,76.1,P1,장면 패킷을 열고 후보 3개를 생성해 반증 검토
SSIS-575,사진 대조 1차 교정본,1442,"02:07:03,360 --> 02:07:04,620",1.26,음…,뭐가?,들어가네!,중립·혼합형,sub_1442_7623.4s.jpg,0.04,,,25.0,90.0,50.0,78.0,75.0,0.14343,0.0,66.0,0.0,0.0,0.1026,음...,음…,,21.08,T4,구조검사 통과 시 유지,,11.023444544634806,16.86,P4,회귀검사 통과 시 유지
SSIS-575,사진 대조 1차 교정본,1443,"02:07:10,950 --> 02:07:11,830",0.88,들어가네!,음…,그만할까?,반응형,sub_1443_7630.9s.jpg,0.05,,,25.0,90.0,50.0,78.0,75.0,0.12606,0.0,66.0,0.0,0.0,0.363,잘 부탁해. 많이 들어가네.,잘 부탁해. 깊이 들어가네.,사진 장면 확인 및 한국어 번역투 교정,20.35,T4,구조검사 통과 시 유지,,10.527502254283137,16.22,P4,회귀검사 통과 시 유지
SSIS-575,사진 대조 1차 교정본,1444,"02:07:15,170 --> 02:07:15,790",0.62,그만할까?,들어가네!,멈춰?,중립·혼합형,sub_1444_7635.2s.jpg,0.03,,,25.0,90.0,50.0,78.0,75.0,0.30802,0.0,66.0,0.0,0.0,0.3299,그만할 거야.,진짜 그만할 거야.,손상된 일본어 ASR + 타임스탬프 사진 + 앞뒤 문맥 추론,28.0,T4,구조검사 통과 시 유지,,26.21731289449955,27.25,P4,회귀검사 통과 시 유지
SSIS-575,사진 대조 1차 교정본,1445,"02:07:15,970 --> 02:07:16,590",0.62,멈춰?,그만할까?,응.,중립·혼합형,sub_1445_7636.0s.jpg,0.03,,,25.0,90.0,50.0,78.0,75.0,0.30182,0.0,66.0,0.0,0.0,0.2717,멈춰 있어.,가만히 있어.,일본어 원문 대조 + 자연스러운 한국어 대사 교정,27.74,T4,구조검사 통과 시 유지,,25.293056807935077,26.71,P4,회귀검사 통과 시 유지
SSIS-575,사진 대조 1차 교정본,1446,"02:07:18,030 --> 02:07:18,390",0.36,응.,멈춰?,여자는 좀처럼 못 가는 거야?,반응형,sub_1446_7638.0s.jpg,0.03,,,25.0,90.0,50.0,78.0,75.0,0.02027,0.0,66.0,0.0,0.0,0.4021,"하-, 응.",하아… 응.,,15.91,T4,구조검사 통과 시 유지,,6.2669071235347165,11.86,P4,회귀검사 통과 시 유지
SSIS-575,사진 대조 1차 교정본,1447,"02:07:18,950 --> 02:07:20,070",1.12,여자는 좀처럼 못 가는 거야?,응.,여자는 가기 어려워?,반말형,sub_1447_7638.9s.jpg,0.05,,,25.0,90.0,50.0,78.0,75.0,0.58752,0.0,66.0,0.0,0.0,0.2541,뭐라고 하는 거야?,뭐라고 말해야 해?,일본어 원문 대조 + 자연스러운 한국어 대사 교정,39.74,T3,화자·문맥·자연스러움 집중 검토,,71.00991884580704,52.87,P3,말투·질문응답·가독성 위주 검토
SSIS-575,사진 대조 1차 교정본,1448,"02:07:20,170 --> 02:07:20,810",0.64,여자는 가기 어려워?,여자는 좀처럼 못 가는 거야?,딱 맞물리면…,반응형,sub_1448_7640.2s.jpg,0.03,,,25.0,90.0,50.0,78.0,75.0,0.55912,0.0,66.0,0.0,0.0,0.0995,끼워?,낄까?,일본어 원문 대조 + 자연스러운 한국어 대사 교정,38.54,T3,화자·문맥·자연스러움 집중 검토,,65.98286744815148,50.07,P3,말투·질문응답·가독성 위주 검토
SSIS-575,사진 대조 1차 교정본,1449,"02:07:22,350 --> 02:07:23,410",1.06,딱 맞물리면…,여자는 가기 어려워?,항상 필요한 건 아니야.,중립·혼합형,sub_1449_7642.4s.jpg,0.05,,,25.0,90.0,50.0,78.0,75.0,0.45083,0.0,66.0,0.0,0.0,0.1157,딱 20분만.,기분 좋아.,일본어 원문 + 타임스탬프 사진 + 장면 연속성,34.0,T4,구조검사 통과 시 유지,,47.83588818755636,39.81,P4,회귀검사 통과 시 유지
SSIS-575,사진 대조 1차 교정본,1450,"02:07:56,130 --> 02:07:56,850",0.72,항상 필요한 건 아니야.,딱 맞물리면…,하지만 아까부터 계속 서 있잖아.,반응형,sub_1450_7676.1s.jpg,0.03,,,25.0,90.0,50.0,78.0,75.0,0.66752,0.0,66.0,0.0,0.0,0.2644,- 이제 무리야... - 무리 아니야. 조금만 더.,- 이제 무리야… - 무리 아니야. 조금만 더.,,43.1,T3,화자·문맥·자연스러움 집중 검토,,82.59693417493237,59.69,P2,앞뒤 5블록·사진·오류 기억을 함께 검토
SSIS-575,사진 대조 1차 교정본,1451,"02:07:57,350 --> 02:07:59,890",2.54,하지만 아까부터 계속 서 있잖아.,항상 필요한 건 아니야.,응.,반응형,sub_1451_7677.4s.jpg,0.05,,,25.0,90.0,50.0,78.0,75.0,0.676,0.0,66.0,0.0,0.0,0.5306,서 있잖아.,완전히 서 있잖아.,일본어 원문 대조 + 자연스러운 한국어 대사 교정,43.45,T3,화자·문맥·자연스러움 집중 검토,,83.49864743011722,60.27,P2,앞뒤 5블록·사진·오류 기억을 함께 검토
SSIS-575,사진 대조 1차 교정본,1452,"02:08:00,410 --> 02:08:00,770",0.36,응.,하지만 아까부터 계속 서 있잖아.,그건 꽤 좋은 신호야.,반응형,sub_1452_7680.4s.jpg,0.01,,,25.0,90.0,50.0,78.0,75.0,0.02351,0.0,66.0,0.0,0.0,0.4021,"하-, 응.",하아… 응.,,16.05,T4,구조검사 통과 시 유지,,7.123534715960325,12.3,P4,회귀검사 통과 시 유지
SSIS-575,사진 대조 1차 교정본,1453,"02:08:01,570 --> 02:08:02,770",1.2,그건 꽤 좋은 신호야.,응.,나 좀 늘었어?,반말형,sub_1453_7681.6s.jpg,0.03,,,25.0,90.0,50.0,78.0,75.0,0.60113,0.0,66.0,0.0,0.0,0.2879,그건 안 돼.,여기로 와.,일본어 원문 + 타임스탬프 사진 + 장면 연속성,40.31,T3,화자·문맥·자연스러움 집중 검토,,73.28674481514878,54.16,P3,말투·질문응답·가독성 위주 검토
SSIS-575,사진 대조 1차 교정본,1454,"02:08:06,950 --> 02:08:08,370",1.42,나 좀 늘었어?,그건 꽤 좋은 신호야.,잘하게 됐어?,반응형,sub_1454_7686.9s.jpg,0.05,,,25.0,90.0,50.0,78.0,75.0,0.63325,0.0,66.0,0.0,0.0,0.1811,나 좀 눕게 해 줘...,나 좀 눕게 해 줘…,,41.66,T3,화자·문맥·자연스러움 집중 검토,,78.35888187556357,57.07,P3,말투·질문응답·가독성 위주 검토
SSIS-575,사진 대조 1차 교정본,1455,"02:08:08,650 --> 02:09:32,890",84.24,잘하게 됐어?,나 좀 늘었어?,조금은 잘하게 된 것 같아?,반응형,sub_1455_7688.6s.jpg,0.05,,,25.0,90.0,50.0,78.0,75.0,0.70446,0.0,66.0,0.0,0.0,0.4693,아프게 됐어?,아팠어?,일본어 원문 대조 + 자연스러운 한국어 대사 교정,44.65,T3,화자·문맥·자연스러움 집중 검토,,86.81244364292155,62.36,P2,앞뒤 5블록·사진·오류 기억을 함께 검토
SSIS-575,사진 대조 1차 교정본,1456,"02:09:59,930 --> 02:10:01,490",1.56,조금은 잘하게 된 것 같아?,잘하게 됐어?,알려 준 대로 해 봤어요.,반응형,sub_1456_7799.9s.jpg,0.03,목욕 장면과 충돌한 메타 문장 교체,중간,38.0,90.0,50.0,78.0,62.0,0.7302,0.0,48.0,0.0,0.0,0.3302,싸버릴 것 같아?,싸 버릴 것 같아?,,42.07,T3,화자·문맥·자연스러움 집중 검토,,79.39585211902615,57.75,P3,말투·질문응답·가독성 위주 검토
SSIS-575,사진 대조 1차 교정본,1457,"02:10:25,750 --> 02:10:26,590",0.84,알려 준 대로 해 봤어요.,조금은 잘하게 된 것 같아?,인터넷에서도 이것저것 찾아봤어요.,반응형,sub_1457_7825.8s.jpg,0.05,장면에 맞게 문장 자연화,중간,38.0,90.0,50.0,84.0,62.0,0.57806,0.0,48.0,0.0,0.0,0.2033,그에게 배운 대로 했어요.,알려 준 대로 해 봤어요.,장면에 맞게 문장 자연화,35.68,T3,화자·문맥·자연스러움 집중 검토,,54.440937781785394,43.56,P3,말투·질문응답·가독성 위주 검토
SSIS-575,사진 대조 1차 교정본,1458,"02:10:27,970 --> 02:10:28,750",0.78,인터넷에서도 이것저것 찾아봤어요.,알려 준 대로 해 봤어요.,네.,반응형,sub_1458_7828.0s.jpg,0.03,앞뒤 대화 연결 자연화,중간,25.0,90.0,50.0,84.0,75.0,0.64652,0.0,48.0,32.56,0.0,0.3176,이것저것 참고 있는 거 아니냐?,사고 싶은 것도 참고 사는 거 아니냐?,돈·가방 장면 문맥 반영,42.59,T3,화자·문맥·자연스러움 집중 검토,high_cps,81.17673579801622,58.8,P2,앞뒤 5블록·사진·오류 기억을 함께 검토
SSIS-575,사진 대조 1차 교정본,1459,"02:11:12,800 --> 02:11:13,240",0.44,네.,인터넷에서도 이것저것 찾아봤어요.,움직여 볼게요.,반말형,sub_1459_7872.8s.jpg,0.0,,,25.0,90.0,50.0,78.0,75.0,0.01179,0.0,66.0,0.0,0.0,0.6489,"네, 네.",네.,불필요한 반복 제거,15.56,T4,구조검사 통과 시 유지,,3.8097385031559963,10.62,P4,회귀검사 통과 시 유지
SSIS-575,사진 대조 1차 교정본,1460,"02:11:29,380 --> 02:11:30,760",1.38,움직여 볼게요.,네.,천천히요.,중립·혼합형,sub_1460_7889.4s.jpg,0.02,,,25.0,90.0,50.0,78.0,79.0,0.77319,14.94,66.0,0.0,0.0,0.7745,"자, 우선 움직여 볼게요.","자, 우선 먹어 볼게요.",타임스탬프 사진과 앞뒤 장면으로 대사 기능 복원,50.46,T3,화자·문맥·자연스러움 집중 검토,,96.79891794409377,69.92,P2,앞뒤 5블록·사진·오류 기억을 함께 검토
SSIS-575,사진 대조 1차 교정본,1461,"02:11:32,040 --> 02:11:32,580",0.54,천천히요.,움직여 볼게요.,열심히 할 수 있어요.,중립·혼합형,sub_1461_7892.0s.jpg,0.04,,,25.0,90.0,50.0,78.0,75.0,0.44617,0.0,66.0,0.0,0.0,0.3183,천천히 해 줘.,"좋네. 잠깐, 어떻게 돼 있었지?",일본어 원문 + 타임스탬프 사진 + 장면 연속성,33.8,T4,구조검사 통과 시 유지,,46.91163210099189,39.31,P4,회귀검사 통과 시 유지
SSIS-575,사진 대조 1차 교정본,1462,"02:11:32,780 --> 02:11:33,000",0.22,열심히 할 수 있어요.,천천히요.,코이치 씨.,반응형,sub_1462_7892.8s.jpg,0.02,,,25.0,90.0,50.0,78.0,75.0,0.72608,0.0,66.0,70.0,0.0,0.4015,몸을 살짝 넣을 수 있어요.,조금만요.,,52.56,T3,화자·문맥·자연스러움 집중 검토,high_cps,98.82777276825969,71.99,P2,앞뒤 5블록·사진·오류 기억을 함께 검토
SSIS-575,사진 대조 1차 교정본,1463,"02:11:33,000 --> 02:11:33,020",0.02,코이치 씨.,열심히 할 수 있어요.,전혀 이상하지 않아요.,중립·혼합형,sub_1463_7893.0s.jpg,0.0,,,25.0,90.0,50.0,78.0,75.0,0.79678,0.0,66.0,70.0,0.0,0.0765,패치 있어.,괜찮아.,일본어 원문 대조 + 자연스러운 한국어 대사 교정,55.52,T3,화자·문맥·자연스러움 집중 검토,high_cps,99.72948602344455,74.09,P1,장면 패킷을 열고 후보 3개를 생성해 반증 검토
SSIS-575,사진 대조 1차 교정본,1464,"02:11:34,040 --> 02:11:34,960",0.92,전혀 이상하지 않아요.,코이치 씨.,잠깐 보여 줄래요?,반응형,sub_1464_7894.0s.jpg,0.04,,,25.0,90.0,50.0,78.0,79.0,0.79713,0.0,66.0,0.0,0.0,0.5048,이상하지 않았어?,오래 만난 사람은?,손상된 일본어 ASR + 타임스탬프 사진 + 앞뒤 문맥 추론,48.78,T3,화자·문맥·자연스러움 집중 검토,,94.90532010820559,68.15,P2,앞뒤 5블록·사진·오류 기억을 함께 검토
SSIS-575,사진 대조 1차 교정본,1465,"02:11:35,940 --> 02:11:36,740",0.8,잠깐 보여 줄래요?,전혀 이상하지 않아요.,원래 이런 거예요.,반응형,sub_1465_7895.9s.jpg,0.04,,,25.0,90.0,50.0,78.0,75.0,0.59072,0.0,66.0,0.0,0.0,0.2384,"한 달 동안 같이 지낼 기회가 있으니, 저는 좀 더 친해져서 여러 가지를 함께하고 싶어요. 저와 친하게 지내 줄래요?",한 달 동안 좀 더 친해져서 여러 가지를 함께하고 싶어요. 저와 친하게 지내 줄래요?,화자·문장 구조 정리,39.87,T3,화자·문맥·자연스러움 집중 검토,,71.52840396753832,53.17,P3,말투·질문응답·가독성 위주 검토
SSIS-575,사진 대조 1차 교정본,1466,"02:11:36,800 --> 02:11:37,000",0.2,원래 이런 거예요.,잠깐 보여 줄래요?,중요하네.,존댓말형,sub_1466_7896.8s.jpg,0.0,,,25.0,90.0,50.0,78.0,75.0,0.53151,0.0,66.0,70.0,18.0,0.3999,후와 씨가 이끄는 거예요.,이번에는 후우아 씨가 이끌어 주는 거예요.,이름 및 문장 자연화,45.82,T3,화자·문맥·자연스러움 집중 검토,formality_shift;high_cps,89.44995491433724,64.14,P2,앞뒤 5블록·사진·오류 기억을 함께 검토
SSIS-575,사진 대조 1차 교정본,1467,"02:11:37,000 --> 02:11:37,300",0.3,중요하네.,원래 이런 거예요.,오.,반말형,sub_1467_7897.0s.jpg,0.0,,,25.0,90.0,50.0,78.0,75.0,0.27853,0.0,66.0,25.0,18.0,0.1593,대단하네.,땀이 엄청나네.,손상된 일본어 ASR + 타임스탬프 사진 + 앞뒤 문맥 추론,30.7,T4,구조검사 통과 시 유지,borderline_cps;formality_shift,34.58070333633904,32.33,P4,회귀검사 통과 시 유지
SSIS-575,사진 대조 1차 교정본,1468,"02:11:37,300 --> 02:11:37,520",0.22,오.,중요하네.,확실히 느껴져요.,중립·혼합형,sub_1468_7897.3s.jpg,0.0,,,25.0,90.0,50.0,78.0,75.0,0.2564,0.0,66.0,0.0,0.0,0.362,오...,오…,,25.83,T4,구조검사 통과 시 유지,,19.274120829576194,23.08,P4,회귀검사 통과 시 유지
SSIS-575,사진 대조 1차 교정본,1469,"02:11:37,520 --> 02:11:37,840",0.32,확실히 느껴져요.,오.,수고하셨습니다.,중립·혼합형,sub_1469_7897.5s.jpg,0.02,,,25.0,90.0,50.0,78.0,75.0,0.44813,5.83,66.0,55.0,0.0,0.6986,정말 느껴져요.,확실히 느껴져요.,,40.43,T3,화자·문맥·자연스러움 집중 검토,high_cps,73.73760144274121,54.42,P3,말투·질문응답·가독성 위주 검토
SSIS-575,사진 대조 1차 교정본,1470,"02:12:09,090 --> 02:12:10,590",1.5,수고하셨습니다.,확실히 느껴져요.,수고하셨습니다.,존댓말형,sub_1470_7929.1s.jpg,0.01,,,25.0,90.0,50.0,78.0,75.0,0.22986,66.0,66.0,0.0,0.0,1.0,수고하셨습니다.,[불명],,36.59,T3,화자·문맥·자연스러움 집중 검토,formal_scene_mistranslation,57.574391343552755,45.4,P3,말투·질문응답·가독성 위주 검토
SSIS-575,사진 대조 1차 교정본,1471,"02:12:11,090 --> 02:12:15,410",4.32,수고하셨습니다.,수고하셨습니다.,수고하셨습니다.,존댓말형,sub_1471_7931.1s.jpg,0.01,,,25.0,90.0,50.0,78.0,75.0,0.2246,66.0,66.0,0.0,30.0,1.0,수고하셨습니다.,[불명],,38.77,T3,화자·문맥·자연스러움 집중 검토,formal_scene_mistranslation;triple_identical_run,67.13255184851218,50.68,P3,말투·질문응답·가독성 위주 검토
SSIS-575,사진 대조 1차 교정본,1472,"02:12:16,810 --> 02:12:17,950",1.14,수고하셨습니다.,수고하셨습니다.,부끄러워요.,존댓말형,sub_1472_7936.8s.jpg,0.01,,,25.0,90.0,50.0,78.0,75.0,0.26281,66.0,66.0,0.0,0.0,1.0,수고하셨습니다.,[불명],,37.98,T3,화자·문맥·자연스러움 집중 검토,formal_scene_mistranslation,63.84129846708747,48.84,P3,말투·질문응답·가독성 위주 검토
SSIS-575,사진 대조 1차 교정본,1473,"02:12:19,490 --> 02:12:20,630",1.14,부끄러워요.,수고하셨습니다.,오랜만이야!,중립·혼합형,sub_1473_7939.5s.jpg,0.01,,,25.0,90.0,50.0,78.0,75.0,0.24731,0.0,66.0,0.0,0.0,0.3991,부끄러워...,부끄러워…,,25.45,T4,구조검사 통과 시 유지,,18.710550045085665,22.62,P4,회귀검사 통과 시 유지
SSIS-575,사진 대조 1차 교정본,1474,"02:12:42,130 --> 02:12:43,290",1.16,오랜만이야!,부끄러워요.,무슨 일이야?,반말형,sub_1474_7962.1s.jpg,0.03,,,25.0,90.0,50.0,78.0,75.0,0.19853,0.0,66.0,0.0,0.0,0.38,오랜만이네...,오랜만이네…,,23.4,T4,구조검사 통과 시 유지,,14.11181244364292,19.5,P4,회귀검사 통과 시 유지
SSIS-575,사진 대조 1차 교정본,1475,"02:12:44,650 --> 02:12:45,890",1.24,무슨 일이야?,오랜만이야!,카메라를 들고 있네.,반말형,sub_1475_7964.6s.jpg,0.05,,,25.0,90.0,50.0,78.0,75.0,0.54354,0.0,66.0,0.0,0.0,0.2828,'괜찮다'니 무슨 뜻이야? 정말...,'괜찮다'니 무슨 뜻이야? 정말…,,37.89,T3,화자·문맥·자연스러움 집중 검토,,63.36789900811542,48.59,P3,말투·질문응답·가독성 위주 검토
SSIS-575,사진 대조 1차 교정본,1476,"02:12:46,390 --> 02:12:47,430",1.04,카메라를 들고 있네.,무슨 일이야?,한번 찍어 보고 싶어서.,반말형,sub_1476_7966.4s.jpg,0.01,,,25.0,90.0,50.0,78.0,75.0,0.70857,0.0,66.0,0.0,0.0,0.3003,제대로 돼 있네.,제대로 가려지네.,일본어 원문 대조 + 자연스러운 한국어 대사 교정,44.82,T3,화자·문맥·자연스러움 집중 검토,,87.24075743913436,62.64,P2,앞뒤 5블록·사진·오류 기억을 함께 검토
SSIS-575,사진 대조 1차 교정본,1477,"02:12:48,830 --> 02:12:50,150",1.32,한번 찍어 보고 싶어서.,카메라를 들고 있네.,직접 찍어 보고 싶었어요.,반응형,sub_1477_7968.8s.jpg,0.03,,,25.0,90.0,50.0,78.0,75.0,0.61742,0.0,66.0,0.0,0.0,0.2817,한번 보자.,밖을 봐 보자.,일본어 원문 + 타임스탬프 사진 + 장면 연속성,40.99,T3,화자·문맥·자연스러움 집중 검토,,75.65374211000902,55.55,P3,말투·질문응답·가독성 위주 검토
SSIS-575,사진 대조 1차 교정본,1478,"02:12:51,270 --> 02:12:52,830",1.56,직접 찍어 보고 싶었어요.,한번 찍어 보고 싶어서.,부끄러워.,반응형,sub_1478_7971.3s.jpg,0.03,,,25.0,90.0,50.0,78.0,75.0,0.62831,0.0,66.0,0.0,0.0,0.5929,몸을 만져 보고 싶었어요.,한번 만져 보고 싶었어요.,사진 장면 확인 및 한국어 번역투·ASR 오역 교정,41.45,T3,화자·문맥·자연스러움 집중 검토,,77.34445446348062,56.53,P3,말투·질문응답·가독성 위주 검토
SSIS-575,사진 대조 1차 교정본,1479,"02:12:55,450 --> 02:12:56,330",0.88,부끄러워.,직접 찍어 보고 싶었어요.,정말 예뻐. 엄청 귀여워.,중립·혼합형,sub_1479_7975.4s.jpg,0.05,,,25.0,90.0,50.0,78.0,75.0,0.35265,20.59,66.0,0.0,0.0,0.8216,"하아, 부끄러워.",부끄러워? 팬티도 벗어야지.,일본어 원문 + 타임스탬프 사진 + 장면 연속성,33.58,T4,구조검사 통과 시 유지,,45.98737601442741,38.79,P4,회귀검사 통과 시 유지
SSIS-575,사진 대조 1차 교정본,1480,"02:12:56,990 --> 02:12:58,410",1.42,정말 예뻐. 엄청 귀여워.,부끄러워.,오랜만이야.,중립·혼합형,sub_1480_7977.0s.jpg,0.01,,,25.0,90.0,50.0,78.0,75.0,0.72946,12.52,66.0,0.0,0.0,0.7544,엄청 귀여워.,매일 목욕해.,일본어 원문 + 타임스탬프 사진 + 장면 연속성,47.95,T3,화자·문맥·자연스러움 집중 검토,,93.82326420198378,67.22,P2,앞뒤 5블록·사진·오류 기억을 함께 검토
SSIS-575,사진 대조 1차 교정본,1481,"02:12:58,630 --> 02:12:59,330",0.7,오랜만이야.,정말 예뻐. 엄청 귀여워.,카메라는 어렵네.,반말형,sub_1481_7978.6s.jpg,0.03,,,25.0,90.0,50.0,78.0,75.0,0.44289,0.0,66.0,0.0,0.0,0.421,오랜만이네...,오랜만이네…,,33.66,T4,구조검사 통과 시 유지,,46.23534715960324,38.94,P4,회귀검사 통과 시 유지
SSIS-575,사진 대조 1차 교정본,1482,"02:13:07,350 --> 02:13:08,790",1.44,카메라는 어렵네.,오랜만이야.,어렵지.,반응형,sub_1482_7987.4s.jpg,0.05,,,25.0,90.0,50.0,78.0,75.0,0.50803,1.23,66.0,0.0,0.0,0.6602,어렵네.,생각보다 어렵네.,손상된 일본어 ASR + 타임스탬프 사진 + 앞뒤 문맥 추론,36.62,T3,화자·문맥·자연스러움 집중 검토,,57.70964833183048,45.48,P3,말투·질문응답·가독성 위주 검토
SSIS-575,사진 대조 1차 교정본,1483,"02:13:09,210 --> 02:13:10,050",0.84,어렵지.,카메라는 어렵네.,촬영이 계속돼서 외로웠어.,반응형,sub_1483_7989.2s.jpg,0.01,,,25.0,90.0,50.0,78.0,75.0,0.4011,0.0,66.0,0.0,0.0,0.1686,어렵네.,생각보다 어렵네.,손상된 일본어 ASR + 타임스탬프 사진 + 앞뒤 문맥 추론,31.91,T4,구조검사 통과 시 유지,,39.65284039675383,35.16,P4,회귀검사 통과 시 유지
SSIS-575,사진 대조 1차 교정본,1484,"02:13:20,590 --> 02:13:25,390",4.8,촬영이 계속돼서 외로웠어.,어렵지.,꽤 오래였지.,반응형,sub_1484_8000.6s.jpg,0.01,,,25.0,90.0,50.0,78.0,75.0,0.68588,0.0,66.0,0.0,0.0,0.1976,아직 계속돼?,아직 계속 서 있어?,손상된 일본어 ASR + 타임스탬프 사진 + 앞뒤 문맥 추론,43.87,T3,화자·문맥·자연스러움 집중 검토,,84.98647430117224,61.14,P2,앞뒤 5블록·사진·오류 기억을 함께 검토
SSIS-575,사진 대조 1차 교정본,1485,"02:13:26,950 --> 02:13:28,030",1.08,꽤 오래였지.,촬영이 계속돼서 외로웠어.,와 줘서 기뻤어.,반말형,sub_1485_8006.9s.jpg,0.05,,,25.0,90.0,50.0,78.0,75.0,0.53223,0.0,66.0,0.0,0.0,0.1084,그래도 꽤 많이 해야 거짓말이 아니지.,그래도 조금은 더 먹어야지.,타임스탬프 사진과 앞뒤 장면으로 대사 기능 복원,37.41,T3,화자·문맥·자연스러움 집중 검토,,61.00090171325518,47.32,P3,말투·질문응답·가독성 위주 검토
SSIS-575,사진 대조 1차 교정본,1486,"02:13:28,110 --> 02:13:28,750",0.64,와 줘서 기뻤어.,꽤 오래였지.,그동안 뭐 했어?,반응형,sub_1486_8008.1s.jpg,0.01,,,25.0,90.0,50.0,78.0,75.0,0.50678,0.0,66.0,0.0,0.0,0.122,후와 씨가 빠르게 해 줘서…,후우아 씨가 빠르게 해 줘서…,출연자 이름 오인식 교정,36.34,T3,화자·문맥·자연스러움 집중 검토,,56.6726780883679,44.88,P3,말투·질문응답·가독성 위주 검토
SSIS-575,사진 대조 1차 교정본,1487,"02:13:42,850 --> 02:13:44,210",1.36,그동안 뭐 했어?,와 줘서 기뻤어.,그냥 쉬었어요.,반응형,sub_1487_8022.9s.jpg,0.05,,,25.0,90.0,50.0,78.0,75.0,0.48658,0.0,66.0,0.0,0.0,0.184,뭐 할까?,내가 먼저?,일본어 원문 + 타임스탬프 사진 + 장면 연속성,35.5,T3,화자·문맥·자연스러움 집중 검토,,53.539224526600535,43.08,P3,말투·질문응답·가독성 위주 검토
SSIS-575,사진 대조 1차 교정본,1488,"02:13:48,240 --> 02:13:49,440",1.2,그냥 쉬었어요.,그동안 뭐 했어?,응.,반응형,sub_1488_8028.2s.jpg,0.04,,,25.0,90.0,50.0,78.0,75.0,0.39947,0.0,66.0,0.0,0.0,0.2444,더 하고 싶었어요.,조금 더 보고 싶었어요.,사진 장면 확인 및 한국어 번역투·ASR 오역 교정,31.84,T4,구조검사 통과 시 유지,,39.15689810640217,34.91,P4,회귀검사 통과 시 유지
SSIS-575,사진 대조 1차 교정본,1489,"02:13:49,600 --> 02:13:49,940",0.34,응.,그냥 쉬었어요.,한가했어?,반응형,sub_1489_8029.6s.jpg,0.0,,,25.0,90.0,50.0,78.0,75.0,0.01842,0.0,66.0,0.0,0.0,0.4021,"하-, 응.",하아… 응.,,15.83,T4,구조검사 통과 시 유지,,5.770964833183047,11.61,P4,회귀검사 통과 시 유지
SSIS-575,사진 대조 1차 교정본,1490,"02:13:54,000 --> 02:13:54,360",0.36,한가했어?,응.,응.,반응형,sub_1490_8034.0s.jpg,0.0,,,25.0,90.0,50.0,78.0,75.0,0.2451,0.0,66.0,0.0,0.0,0.1702,부활했어?,다시 섰어?,일본어 원문 대조 + 자연스러운 한국어 대사 교정,25.35,T4,구조검사 통과 시 유지,,18.50766456266907,22.48,P4,회귀검사 통과 시 유지
SSIS-575,사진 대조 1차 교정본,1491,"02:13:54,740 --> 02:13:54,900",0.16,응.,한가했어?,이렇게 찍는 건가.,반응형,sub_1491_8034.7s.jpg,0.04,,,25.0,90.0,50.0,78.0,75.0,0.02074,0.0,66.0,0.0,0.0,0.4021,"하-, 응.",하아… 응.,,15.93,T4,구조검사 통과 시 유지,,6.469792605951308,11.96,P4,회귀검사 통과 시 유지
SSIS-575,사진 대조 1차 교정본,1492,"02:13:58,540 --> 02:13:59,120",0.58,이렇게 찍는 건가.,응.,기뻐.,중립·혼합형,sub_1492_8038.5s.jpg,0.04,,,25.0,90.0,50.0,78.0,75.0,0.78865,0.0,66.0,0.0,0.0,0.3431,드디어 하고 싶어진 건가.,이제 네가 위로 올라와.,일본어 원문 대조 + 자연스러운 한국어 대사 교정,48.18,T3,화자·문맥·자연스러움 집중 검토,,94.04869251577999,67.44,P2,앞뒤 5블록·사진·오류 기억을 함께 검토
SSIS-575,사진 대조 1차 교정본,1493,"02:14:33,170 --> 02:14:33,850",0.68,기뻐.,이렇게 찍는 건가.,외로웠구나.,중립·혼합형,sub_1493_8073.2s.jpg,0.03,,,25.0,90.0,50.0,78.0,75.0,0.59288,42.0,66.0,0.0,0.0,1.0,기뻐.,기쁘다.,일본어 원문 대조 + 자연스러운 한국어 대사 교정,47.52,T3,화자·문맥·자연스러움 집중 검토,,93.10189359783588,66.66,P2,앞뒤 5블록·사진·오류 기억을 함께 검토
SSIS-575,사진 대조 1차 교정본,1494,"02:14:53,210 --> 02:14:54,350",1.14,외로웠구나.,기뻐.,응.,중립·혼합형,sub_1494_8093.2s.jpg,0.01,,,25.0,90.0,50.0,78.0,75.0,0.76341,0.0,66.0,0.0,0.0,0.1811,그렇구나.,손 정말 잘 쓰네.,일본어 원문 + 타임스탬프 사진 + 장면 연속성,47.12,T3,화자·문맥·자연스러움 집중 검토,,92.29035166816952,66.09,P2,앞뒤 5블록·사진·오류 기억을 함께 검토
SSIS-575,사진 대조 1차 교정본,1495,"02:14:54,750 --> 02:14:54,950",0.2,응.,외로웠구나.,"좋아, 마음껏 찍어.",반응형,sub_1495_8094.8s.jpg,0.05,,,25.0,90.0,50.0,78.0,75.0,0.01738,0.0,66.0,0.0,0.0,0.4021,"하-, 응.",하아… 응.,,15.79,T4,구조검사 통과 시 유지,,5.342651036970243,11.4,P4,회귀검사 통과 시 유지
SSIS-575,사진 대조 1차 교정본,1496,"02:15:04,950 --> 02:15:06,190",1.24,"좋아, 마음껏 찍어.",응.,괜찮아.,반응형,sub_1496_8104.9s.jpg,0.05,,,25.0,90.0,50.0,78.0,75.0,0.49887,0.0,66.0,0.0,0.0,0.2368,"좋아, 조금만 더...","좋아, 조금만 더…",,36.01,T3,화자·문맥·자연스러움 집중 검토,,55.68079350766456,44.27,P3,말투·질문응답·가독성 위주 검토
SSIS-575,사진 대조 1차 교정본,1497,"02:15:06,990 --> 02:15:07,330",0.34,괜찮아.,"좋아, 마음껏 찍어.",좋아.,반응형,sub_1497_8107.0s.jpg,0.01,,,25.0,90.0,50.0,78.0,75.0,0.17403,42.0,66.0,0.0,0.0,1.0,괜찮아.,최고예요.,화면 영문 자막 대조,29.93,T4,구조검사 통과 시 유지,,32.1009918845807,30.84,P4,회귀검사 통과 시 유지
SSIS-575,사진 대조 1차 교정본,1498,"02:15:07,510 --> 02:15:08,270",0.76,좋아.,괜찮아.,정말?,반응형,sub_1498_8107.5s.jpg,0.01,,,25.0,90.0,50.0,78.0,75.0,0.13066,16.19,66.0,0.0,0.0,0.7849,"아, 좋아.","아, 들어온다.",,23.46,T4,구조검사 통과 시 유지,,14.337240757439135,19.63,P4,회귀검사 통과 시 유지
SSIS-575,사진 대조 1차 교정본,1499,"02:15:08,270 --> 02:15:08,890",0.62,정말?,좋아.,응.,중립·혼합형,sub_1499_8108.3s.jpg,0.03,,,25.0,90.0,50.0,78.0,75.0,0.12422,42.0,66.0,0.0,0.0,1.0,정말?,응.,일본어 원문 + 타임스탬프 사진 + 장면 연속성,27.84,T4,구조검사 통과 시 유지,,25.56357078449053,26.88,P4,회귀검사 통과 시 유지
SSIS-575,사진 대조 1차 교정본,1500,"02:15:08,950 --> 02:15:09,150",0.2,응.,정말?,굉장해.,반응형,sub_1500_8108.9s.jpg,0.05,,,25.0,90.0,50.0,78.0,75.0,0.0201,0.0,66.0,0.0,0.0,0.4021,"하-, 응.",하아… 응.,,15.9,T4,구조검사 통과 시 유지,,6.176735798016231,11.82,P4,회귀검사 통과 시 유지
SSIS-575,사진 대조 1차 교정본,1501,"02:15:10,970 --> 02:15:11,410",0.44,굉장해.,응.,찍히고 있어.,반말형,sub_1501_8111.0s.jpg,0.03,,,25.0,90.0,50.0,78.0,75.0,0.24302,42.0,66.0,0.0,0.0,1.0,굉장해. 굉장해.,엄청나. 진짜 엄청나.,,32.83,T4,구조검사 통과 시 유지,,43.41749323715058,37.28,P4,회귀검사 통과 시 유지
SSIS-575,사진 대조 1차 교정본,1502,"02:15:14,330 --> 02:15:15,190",0.86,찍히고 있어.,굉장해.,잘 찍혀?,반응형,sub_1502_8114.3s.jpg,0.03,,,25.0,90.0,50.0,78.0,75.0,0.44707,6.35,66.0,0.0,0.0,0.7029,강가도 다 찍히고 있어.,창밖도 다 찍히고 있어.,,34.98,T4,구조검사 통과 시 유지,,51.487826871055006,41.91,P3,말투·질문응답·가독성 위주 검토
SSIS-575,사진 대조 1차 교정본,1503,"02:15:15,630 --> 02:15:16,190",0.56,잘 찍혀?,찍히고 있어.,찍히고 있어?,중립·혼합형,sub_1503_8115.6s.jpg,0.03,,,25.0,90.0,50.0,78.0,79.0,0.54596,0.0,66.0,0.0,0.0,0.1751,잘 자.,조금만 천천히…,타임스탬프 사진으로 장면 불일치 확인 후 재복원,38.23,T3,화자·문맥·자연스러움 집중 검토,,64.58521190261497,49.3,P3,말투·질문응답·가독성 위주 검토
SSIS-575,사진 대조 1차 교정본,1504,"02:15:16,210 --> 02:15:16,750",0.54,찍히고 있어?,잘 찍혀?,어?,반응형,sub_1504_8116.2s.jpg,0.01,,,25.0,90.0,50.0,78.0,75.0,0.33107,0.0,66.0,0.0,0.0,0.5391,강가도 다 찍히고 있어.,창밖도 다 찍히고 있어.,,28.96,T4,구조검사 통과 시 유지,,29.10279531109107,29.02,P4,회귀검사 통과 시 유지
SSIS-575,사진 대조 1차 교정본,1505,"02:15:17,190 --> 02:15:17,790",0.6,어?,찍히고 있어?,"아, 찍히네.",반응형,sub_1505_8117.2s.jpg,0.01,,,25.0,90.0,50.0,78.0,75.0,0.14323,0.0,66.0,0.0,0.0,0.3482,어? 벗기고 싶다고? 응.,해 줬으면 좋겠어? 응.,손상된 일본어 ASR + 타임스탬프 사진 + 앞뒤 문맥 추론,21.08,T4,구조검사 통과 시 유지,,11.023444544634806,16.86,P4,회귀검사 통과 시 유지
SSIS-575,사진 대조 1차 교정본,1506,"02:15:19,890 --> 02:15:20,570",0.68,"아, 찍히네.",어?,잘 나오고 있어.,반응형,sub_1506_8119.9s.jpg,0.01,,,25.0,90.0,50.0,78.0,75.0,0.31551,0.0,66.0,0.0,0.0,0.3345,"아, 아, 아, 아, 아, 아, 아,","아, 아, 아, 아, 아, 아, 아",,28.31,T4,구조검사 통과 시 유지,,26.871055004508566,27.71,P4,회귀검사 통과 시 유지
SSIS-575,사진 대조 1차 교정본,1507,"02:15:20,750 --> 02:15:21,130",0.38,잘 나오고 있어.,"아, 찍히네.",위에서 찍으니 이렇게 보이는구나.,반응형,sub_1507_8120.8s.jpg,0.05,,,25.0,90.0,50.0,78.0,75.0,0.55531,1.79,66.0,25.0,0.0,0.6649,축축하게 나오고 있어.,계속 축축하게 나오네.,일본어 원문 대조 + 자연스러운 한국어 대사 교정,41.2,T3,화자·문맥·자연스러움 집중 검토,borderline_cps,76.46528403967538,56.01,P3,말투·질문응답·가독성 위주 검토
SSIS-575,사진 대조 1차 교정본,1508,"02:15:25,100 --> 02:15:27,280",2.18,위에서 찍으니 이렇게 보이는구나.,잘 나오고 있어.,응.,반응형,sub_1508_8125.1s.jpg,0.0,,,25.0,90.0,50.0,78.0,75.0,0.7468,0.0,66.0,0.0,0.0,0.2854,위에서 찍으니까 솥밥도 진짜 맛있게 나오네.,솥밥도 위에서 찍어주니까 좋아하겠네.,,46.43,T3,화자·문맥·자연스러움 집중 검토,,90.84761045987376,65.09,P2,앞뒤 5블록·사진·오류 기억을 함께 검토
SSIS-575,사진 대조 1차 교정본,1509,"02:15:31,380 --> 02:15:31,540",0.16,응.,위에서 찍으니 이렇게 보이는구나.,하하하.,반응형,sub_1509_8131.4s.jpg,0.02,,,25.0,90.0,50.0,78.0,75.0,0.02941,0.0,66.0,0.0,0.0,0.4021,"하-, 응.",하아… 응.,,16.3,T4,구조검사 통과 시 유지,,7.709648331830478,12.69,P4,회귀검사 통과 시 유지
SSIS-575,사진 대조 1차 교정본,1510,"02:15:31,760 --> 02:15:32,540",0.78,하하하.,응.,어렵다.,중립·혼합형,sub_1510_8131.8s.jpg,0.04,,,25.0,90.0,50.0,78.0,75.0,0.26747,0.0,66.0,0.0,0.0,0.033,금방 하아 하고.,금방 숨이 가빠지네.,,26.29,T4,구조검사 통과 시 유지,,20.807033363390442,23.99,P4,회귀검사 통과 시 유지
SSIS-575,사진 대조 1차 교정본,1511,"02:15:33,380 --> 02:15:33,980",0.6,어렵다.,하하하.,응?,반응형,sub_1511_8133.4s.jpg,0.02,,,25.0,90.0,50.0,78.0,75.0,0.25968,0.0,66.0,0.0,0.0,0.1689,어렵네.,생각보다 어렵네.,손상된 일본어 ASR + 타임스탬프 사진 + 앞뒤 문맥 추론,25.97,T4,구조검사 통과 시 유지,,19.74752028854824,23.36,P4,회귀검사 통과 시 유지
SSIS-575,사진 대조 1차 교정본,1512,"02:15:35,760 --> 02:15:36,200",0.44,응?,어렵다.,울고 있지 않아?,반응형,sub_1512_8135.8s.jpg,0.04,,,25.0,90.0,50.0,78.0,75.0,0.20858,0.0,66.0,0.0,0.0,0.4446,응? 잠깐 기다려…,응? 잠깐만…,일본어 원문 대조 + 자연스러운 한국어 대사 교정,23.82,T4,구조검사 통과 시 유지,,14.78809738503156,20.03,P4,회귀검사 통과 시 유지
SSIS-575,사진 대조 1차 교정본,1513,"02:15:42,730 --> 02:15:45,780",3.05,울고 있지 않아?,응?,아니.,반응형,sub_1513_8142.7s.jpg,0.03,,,25.0,90.0,50.0,78.0,75.0,0.45529,0.0,66.0,0.0,0.0,0.3253,너무 졸리지 않아?,눈썹도 예쁘네. 너무 진하지도 않고.,손상된 일본어 ASR + 타임스탬프 사진 + 앞뒤 문맥 추론,34.18,T4,구조검사 통과 시 유지,,48.46708746618575,40.18,P3,말투·질문응답·가독성 위주 검토
SSIS-575,사진 대조 1차 교정본,1514,"02:15:48,680 --> 02:15:49,200",0.52,아니.,울고 있지 않아?,이거 흘러내리겠어.,반응형,sub_1514_8148.7s.jpg,0.02,,,25.0,90.0,50.0,78.0,75.0,0.34482,0.0,66.0,0.0,0.0,0.1288,"아니, 그런 뜻이 아니라...","아니, 그런 뜻이 아니라…",,29.54,T4,구조검사 통과 시 유지,,30.883678990081155,30.1,P4,회귀검사 통과 시 유지
SSIS-575,사진 대조 1차 교정본,1515,"02:15:49,200 --> 02:15:50,120",0.92,이거 흘러내리겠어.,아니.,이건 아직 보여 주지 않았네.,반응형,sub_1515_8149.2s.jpg,0.0,,,25.0,90.0,50.0,78.0,75.0,0.65689,0.0,66.0,0.0,0.0,0.1933,누가 보면 흐트러져 버리겠어.,계속 보고 있으면 빠져들 것 같아.,사진 장면 확인 및 한국어 번역투·ASR 오역 교정,42.65,T3,화자·문맥·자연스러움 집중 검토,,81.58250676284942,59.0,P2,앞뒤 5블록·사진·오류 기억을 함께 검토
SSIS-575,사진 대조 1차 교정본,1516,"02:16:00,700 --> 02:16:02,400",1.7,이건 아직 보여 주지 않았네.,이거 흘러내리겠어.,할 수 있어?,반응형,sub_1516_8160.7s.jpg,0.0,,,25.0,90.0,50.0,78.0,75.0,0.77388,0.0,66.0,0.0,0.0,0.2168,이건 좀 대단하네.,"와, 이건 대단하네.",손상된 일본어 ASR + 타임스탬프 사진 + 앞뒤 문맥 추론,47.56,T3,화자·문맥·자연스러움 집중 검토,,93.21460775473399,66.73,P2,앞뒤 5블록·사진·오류 기억을 함께 검토
SSIS-575,사진 대조 1차 교정본,1517,"02:16:11,890 --> 02:16:12,450",0.56,할 수 있어?,이건 아직 보여 주지 않았네.,이건 장식인가?,반응형,sub_1517_8171.9s.jpg,0.01,,,25.0,90.0,50.0,78.0,75.0,0.58852,0.0,66.0,0.0,0.0,0.5412,자고 있어?,땀나?,사진 장면 확인 및 한국어 번역투·ASR 오역 교정,39.78,T3,화자·문맥·자연스러움 집중 검토,,71.190261496844,52.97,P3,말투·질문응답·가독성 위주 검토
SSIS-575,사진 대조 1차 교정본,1518,"02:16:12,870 --> 02:16:14,970",2.1,이건 장식인가?,할 수 있어?,잠깐만.,중립·혼합형,sub_1518_8172.9s.jpg,0.03,,,25.0,90.0,50.0,78.0,75.0,0.60814,0.0,66.0,0.0,0.0,0.2092,이건 좀 대단하네.,"와, 이건 대단하네.",손상된 일본어 ASR + 타임스탬프 사진 + 앞뒤 문맥 추론,40.6,T3,화자·문맥·자연스러움 집중 검토,,74.48151487826871,54.83,P3,말투·질문응답·가독성 위주 검토
SSIS-575,사진 대조 1차 교정본,1519,"02:16:15,230 --> 02:16:15,830",0.6,잠깐만.,이건 장식인가?,장식 같아.,반응형,sub_1519_8175.2s.jpg,0.03,,,25.0,90.0,50.0,78.0,75.0,0.41971,10.88,66.0,0.0,0.0,0.7406,하아… 잠깐만.,목욕물 받아 놓은 거지?,일본어 원문 + 타임스탬프 사진 + 장면 연속성,34.65,T4,구조검사 통과 시 유지,,50.63119927862939,41.36,P3,말투·질문응답·가독성 위주 검토
SSIS-575,사진 대조 1차 교정본,1520,"02:16:16,010 --> 02:16:16,610",0.6,장식 같아.,잠깐만.,장식이야?,반응형,sub_1520_8176.0s.jpg,0.01,,,25.0,90.0,50.0,78.0,75.0,0.59288,0.0,66.0,0.0,0.0,0.4629,갈 것 같아.,진짜 갈 것 같아.,일본어 원문 대조 + 자연스러운 한국어 대사 교정,39.96,T3,화자·문맥·자연스러움 집중 검토,,71.86654643823263,53.36,P3,말투·질문응답·가독성 위주 검토
SSIS-575,사진 대조 1차 교정본,1521,"02:16:16,810 --> 02:16:17,510",0.7,장식이야?,장식 같아.,흔들리지 않는 건가.,반말형,sub_1521_8176.8s.jpg,0.01,,,25.0,90.0,50.0,78.0,75.0,0.34875,0.0,66.0,0.0,0.0,0.1913,어느 쪽이야?,어디가 좋아?,손상된 일본어 ASR + 타임스탬프 사진 + 앞뒤 문맥 추론,29.71,T4,구조검사 통과 시 유지,,31.379621280432822,30.41,P4,회귀검사 통과 시 유지
SSIS-575,사진 대조 1차 교정본,1522,"02:16:17,810 --> 02:16:19,970",2.16,흔들리지 않는 건가.,장식이야?,할 수 있어?,반말형,sub_1522_8177.8s.jpg,0.01,,,25.0,90.0,50.0,78.0,75.0,0.60749,0.0,66.0,0.0,0.0,0.2783,드디어 하고 싶어진 건가.,이제 네가 위로 올라와.,일본어 원문 대조 + 자연스러운 한국어 대사 교정,40.57,T3,화자·문맥·자연스러움 집중 검토,,74.34625788999098,54.76,P3,말투·질문응답·가독성 위주 검토
SSIS-575,사진 대조 1차 교정본,1523,"02:16:21,990 --> 02:16:22,350",0.36,할 수 있어?,흔들리지 않는 건가.,괜찮아?,반응형,sub_1523_8182.0s.jpg,0.01,,,25.0,90.0,50.0,78.0,75.0,0.45505,0.0,66.0,0.0,0.0,0.5412,자고 있어?,땀나?,사진 장면 확인 및 한국어 번역투·ASR 오역 교정,34.17,T4,구조검사 통과 시 유지,,48.39945897204689,40.15,P3,말투·질문응답·가독성 위주 검토
SSIS-575,사진 대조 1차 교정본,1524,"02:16:24,990 --> 02:16:25,870",0.88,괜찮아?,할 수 있어?,눕고 싶었어?,반응형,sub_1524_8185.0s.jpg,0.01,,,25.0,90.0,50.0,78.0,75.0,0.12275,0.0,66.0,0.0,0.0,0.4653,더 해줘도 돼? 더 해줘. 괜찮아?,더 해 줘도 돼? 더 해 줘. 괜찮아?,,20.22,T4,구조검사 통과 시 유지,,10.36970243462579,16.08,P4,회귀검사 통과 시 유지
SSIS-575,사진 대조 1차 교정본,1525,"02:16:26,650 --> 02:16:27,570",0.92,눕고 싶었어?,괜찮아?,응.,반응형,sub_1525_8186.6s.jpg,0.05,,,25.0,90.0,50.0,78.0,75.0,0.3226,0.0,66.0,0.0,0.0,0.2894,정말 하고 싶었어.,봐도 돼?,일본어 원문 + 타임스탬프 사진 + 장면 연속성,28.61,T4,구조검사 통과 시 유지,,27.77276825969342,28.26,P4,회귀검사 통과 시 유지
SSIS-575,사진 대조 1차 교정본,1526,"02:16:28,890 --> 02:16:29,330",0.44,응.,눕고 싶었어?,그래.,반응형,sub_1526_8188.9s.jpg,0.01,,,25.0,90.0,50.0,78.0,75.0,0.01783,0.0,66.0,0.0,0.0,0.4021,"하-, 응.",하아… 응.,,15.81,T4,구조검사 통과 시 유지,,5.522993688007214,11.49,P4,회귀검사 통과 시 유지
SSIS-575,사진 대조 1차 교정본,1527,"02:16:29,330 --> 02:16:29,930",0.6,그래.,응.,후후.,중립·혼합형,sub_1527_8189.3s.jpg,0.03,,,25.0,90.0,50.0,78.0,75.0,0.35209,28.85,66.0,0.0,0.0,0.8904,"아, 그래.",간다.,화면 영문 자막 대조,35.04,T3,화자·문맥·자연스러움 집중 검토,,51.62308385933273,42.0,P3,말투·질문응답·가독성 위주 검토
SSIS-575,사진 대조 1차 교정본,1528,"02:16:29,930 --> 02:16:30,750",0.82,후후.,그래.,응.,중립·혼합형,sub_1528_8189.9s.jpg,0.03,,,25.0,90.0,50.0,78.0,75.0,0.29744,0.0,66.0,0.0,0.0,0.2038,"후후후, 어서 와.","후후후, 차가워!",손상된 일본어 ASR + 타임스탬프 사진 + 앞뒤 문맥 추론,27.55,T4,구조검사 통과 시 유지,,24.84220018034265,26.41,P4,회귀검사 통과 시 유지
SSIS-575,사진 대조 1차 교정본,1529,"02:16:31,310 --> 02:16:31,530",0.22,응.,후후.,응.,반응형,sub_1529_8191.3s.jpg,0.01,,,25.0,90.0,50.0,78.0,75.0,0.02037,0.0,66.0,0.0,0.0,0.4021,"하-, 응.",하아… 응.,,15.92,T4,구조검사 통과 시 유지,,6.33453561767358,11.89,P4,회귀검사 통과 시 유지
SSIS-575,사진 대조 1차 교정본,1530,"02:16:33,090 --> 02:16:34,050",0.96,응.,응.,응.,반응형,sub_1530_8193.1s.jpg,0.01,,,25.0,90.0,50.0,78.0,75.0,0.01347,0.0,66.0,0.0,30.0,0.4021,"하-, 응.",하아… 응.,,18.03,T4,구조검사 통과 시 유지,triple_identical_run,9.220018034265104,14.33,P4,회귀검사 통과 시 유지
SSIS-575,사진 대조 1차 교정본,1531,"02:16:34,790 --> 02:16:35,370",0.58,응.,응.,응.,반응형,sub_1531_8194.8s.jpg,0.01,,,25.0,90.0,50.0,78.0,75.0,0.01361,0.0,66.0,0.0,30.0,0.4021,"하-, 응.",하아… 응.,,18.03,T4,구조검사 통과 시 유지,triple_identical_run,9.220018034265104,14.33,P4,회귀검사 통과 시 유지
SSIS-575,사진 대조 1차 교정본,1532,"02:16:38,770 --> 02:16:39,730",0.96,응.,응.,"아, 굉장해.",반응형,sub_1532_8198.8s.jpg,0.03,,,25.0,90.0,50.0,78.0,75.0,0.01236,0.0,66.0,0.0,0.0,0.4021,"하-, 응.",하아… 응.,,15.58,T4,구조검사 통과 시 유지,,3.990081154192967,10.71,P4,회귀검사 통과 시 유지
SSIS-575,사진 대조 1차 교정본,1533,"02:16:39,990 --> 02:16:40,510",0.52,"아, 굉장해.",응.,잘 찍히고 있어?,반응형,sub_1533_8200.0s.jpg,0.01,,,25.0,90.0,50.0,78.0,75.0,0.26723,42.0,66.0,0.0,0.0,1.0,"아, 굉장해.","아, 엄청나.",,33.84,T4,구조검사 통과 시 유지,,47.20468890892696,39.45,P4,회귀검사 통과 시 유지
SSIS-575,사진 대조 1차 교정본,1534,"02:16:40,970 --> 02:16:41,610",0.64,잘 찍히고 있어?,"아, 굉장해.",색이 정말 선명해.,반응형,sub_1534_8201.0s.jpg,0.03,,,25.0,90.0,50.0,78.0,75.0,0.45887,0.0,66.0,0.0,0.0,0.5133,강가도 다 찍히고 있어.,창밖도 다 찍히고 있어.,,34.33,T4,구조검사 통과 시 유지,,49.075743913435524,40.52,P3,말투·질문응답·가독성 위주 검토
SSIS-575,사진 대조 1차 교정본,1535,"02:16:42,890 --> 02:16:43,930",1.04,색이 정말 선명해.,잘 찍히고 있어?,네.,반말형,sub_1535_8202.9s.jpg,0.01,,,25.0,90.0,50.0,78.0,75.0,0.51963,0.0,66.0,0.0,0.0,0.197,정말 좋아.,거기 좋아.,타임스탬프 사진과 장면 흐름으로 명백한 오인식 교정,36.88,T3,화자·문맥·자연스러움 집중 검토,,58.61136158701533,46.01,P3,말투·질문응답·가독성 위주 검토
SSIS-575,사진 대조 1차 교정본,1536,"02:16:43,930 --> 02:16:44,110",0.18,네.,색이 정말 선명해.,현관에서부터 벗고 있어요.,반말형,sub_1536_8203.9s.jpg,0.03,,,25.0,90.0,50.0,78.0,75.0,0.00865,0.0,66.0,0.0,0.0,0.6489,"네, 네.",네.,불필요한 반복 제거,15.42,T4,구조검사 통과 시 유지,,2.254283137962128,9.89,P4,회귀검사 통과 시 유지
SSIS-575,사진 대조 1차 교정본,1537,"02:16:50,810 --> 02:16:52,050",1.24,현관에서부터 벗고 있어요.,네.,오랜만에 보는 가슴이네.,반응형,sub_1537_8210.8s.jpg,0.01,,,25.0,90.0,50.0,78.0,75.0,0.54742,0.0,66.0,0.0,0.0,0.2409,아래에서부터 핥아 주는 거지?,아래쪽부터 핥아 주는 거지?,일본어 원문 대조 + 자연스러운 한국어 대사 교정,38.05,T3,화자·문맥·자연스러움 집중 검토,,64.06672678088367,48.98,P3,말투·질문응답·가독성 위주 검토
SSIS-575,사진 대조 1차 교정본,1538,"02:17:21,380 --> 02:17:22,840",1.46,오랜만에 보는 가슴이네.,현관에서부터 벗고 있어요.,오랜만이야. 정말 기다렸어.,반말형,sub_1538_8241.4s.jpg,0.02,,,25.0,90.0,50.0,78.0,79.0,0.74821,0.0,66.0,0.0,0.0,0.4211,정말 예쁜 가슴이네...,정말 예쁜 가슴이네…,,46.72,T3,화자·문맥·자연스러움 집중 검토,,91.47880973850316,65.52,P2,앞뒤 5블록·사진·오류 기억을 함께 검토
SSIS-575,사진 대조 1차 교정본,1539,"02:17:23,040 --> 02:17:25,860",2.82,오랜만이야. 정말 기다렸어.,오랜만에 보는 가슴이네.,벌써 벗기는 거야?,반응형,sub_1539_8243.0s.jpg,0.04,,,25.0,90.0,50.0,78.0,75.0,0.63641,0.0,66.0,0.0,0.0,0.3044,오랜만이네...,오랜만이네…,,41.79,T3,화자·문맥·자연스러움 집중 검토,,78.78719567177637,57.33,P3,말투·질문응답·가독성 위주 검토
SSIS-575,사진 대조 1차 교정본,1540,"02:17:32,490 --> 02:17:33,650",1.16,벌써 벗기는 거야?,오랜만이야. 정말 기다렸어.,안 돼.,반말형,sub_1540_8252.5s.jpg,0.01,,,25.0,90.0,50.0,78.0,75.0,0.52625,0.0,66.0,0.0,0.0,0.2923,뭐라고 하는 거야?,뭐라고 말해야 해?,일본어 원문 대조 + 자연스러운 한국어 대사 교정,37.16,T3,화자·문맥·자연스러움 집중 검토,,60.07664562669072,46.78,P3,말투·질문응답·가독성 위주 검토
SSIS-575,사진 대조 1차 교정본,1541,"02:17:34,370 --> 02:17:34,930",0.56,안 돼.,벌써 벗기는 거야?,좋아.,중립·혼합형,sub_1541_8254.4s.jpg,0.03,,,25.0,90.0,50.0,78.0,75.0,0.30173,42.0,66.0,0.0,0.0,1.0,안 돼.,"네, 놀랐어요.",타임스탬프 사진과 앞뒤 장면으로 대사 기능 복원,35.29,T3,화자·문맥·자연스러움 집중 검토,,52.66005410279531,42.59,P3,말투·질문응답·가독성 위주 검토
SSIS-575,사진 대조 1차 교정본,1542,"02:17:36,190 --> 02:17:36,810",0.62,좋아.,안 돼.,괜찮아?,반응형,sub_1542_8256.2s.jpg,0.01,,,25.0,90.0,50.0,78.0,75.0,0.08396,16.19,66.0,0.0,0.0,0.7849,"아, 좋아.","아, 들어온다.",,21.5,T4,구조검사 통과 시 유지,,11.722272317403066,17.39,P4,회귀검사 통과 시 유지
SSIS-575,사진 대조 1차 교정본,1543,"02:17:37,130 --> 02:17:37,250",0.12,괜찮아?,좋아.,응.,반응형,sub_1543_8257.1s.jpg,0.03,,,25.0,90.0,50.0,78.0,75.0,0.11257,0.0,66.0,70.0,0.0,0.4653,더 해줘도 돼? 더 해줘. 괜찮아?,더 해 줘도 돼? 더 해 줘. 괜찮아?,,26.79,T4,구조검사 통과 시 유지,high_cps,22.114517583408478,24.83,P4,회귀검사 통과 시 유지
SSIS-575,사진 대조 1차 교정본,1544,"02:17:37,250 --> 02:17:37,350",0.1,응.,괜찮아?,그럼 내려 주세요.,반응형,sub_1544_8257.2s.jpg,0.05,,,25.0,90.0,50.0,78.0,75.0,0.02279,0.0,66.0,25.0,0.0,0.4021,"하-, 응.",하아… 응.,,18.52,T4,구조검사 통과 시 유지,borderline_cps,9.558160504959423,14.76,P4,회귀검사 통과 시 유지
SSIS-575,사진 대조 1차 교정본,1545,"02:17:42,380 --> 02:17:43,660",1.28,그럼 내려 주세요.,응.,이거?,존댓말형,sub_1545_8262.4s.jpg,0.02,,,25.0,90.0,50.0,78.0,75.0,0.51208,0.0,66.0,0.0,0.0,0.4855,쉬어 주세요.,잠깐 쉬게 해 주세요.,사진 장면 확인 및 한국어 번역투·ASR 오역 교정,36.57,T3,화자·문맥·자연스러움 집중 검토,,57.50676284941388,45.36,P3,말투·질문응답·가독성 위주 검토
SSIS-575,사진 대조 1차 교정본,1546,"02:17:45,020 --> 02:17:45,540",0.52,이거?,그럼 내려 주세요.,내릴게.,중립·혼합형,sub_1546_8265.0s.jpg,0.02,,,25.0,90.0,50.0,78.0,75.0,0.28896,0.0,66.0,0.0,0.0,0.2118,어떻게 먹는 거?,어떤 식으로?,일본어 원문 대조 + 자연스러운 한국어 대사 교정,27.2,T4,구조검사 통과 시 유지,,23.872858431018937,25.8,P4,회귀검사 통과 시 유지
SSIS-575,사진 대조 1차 교정본,1547,"02:17:49,020 --> 02:17:49,920",0.9,내릴게.,이거?,정말 예뻐.,중립·혼합형,sub_1547_8269.0s.jpg,0.02,,,25.0,90.0,50.0,78.0,75.0,0.40076,0.0,66.0,0.0,0.0,0.0979,내가 잡아 줄게.,목욕하면서…,일본어 원문 + 타임스탬프 사진 + 장면 연속성,31.89,T4,구조검사 통과 시 유지,,39.49504057709648,35.08,P4,회귀검사 통과 시 유지
SSIS-575,사진 대조 1차 교정본,1548,"02:17:50,020 --> 02:17:50,760",0.74,정말 예뻐.,내릴게.,벗길게.,중립·혼합형,sub_1548_8270.0s.jpg,0.02,,,25.0,90.0,50.0,78.0,75.0,0.65479,0.0,66.0,0.0,0.0,0.2947,정말 좋아.,거기 좋아.,타임스탬프 사진과 장면 흐름으로 명백한 오인식 교정,42.56,T3,화자·문맥·자연스러움 집중 검토,,81.01893597835888,58.71,P2,앞뒤 5블록·사진·오류 기억을 함께 검토
SSIS-575,사진 대조 1차 교정본,1549,"02:17:56,860 --> 02:17:57,740",0.88,벗길게.,정말 예뻐.,벗긴다. 벗길게.,중립·혼합형,sub_1549_8276.9s.jpg,0.04,,,25.0,90.0,50.0,78.0,75.0,0.48529,0.0,66.0,0.0,0.0,0.087,그러게.,목욕하면서 이러는 거…,일본어 원문 + 타임스탬프 사진 + 장면 연속성,35.44,T3,화자·문맥·자연스러움 집중 검토,,53.11091073038774,42.86,P3,말투·질문응답·가독성 위주 검토
SSIS-575,사진 대조 1차 교정본,1550,"02:17:57,980 --> 02:17:59,080",1.1,벗긴다. 벗길게.,벗길게.,벗겨 줘.,중립·혼합형,sub_1550_8278.0s.jpg,0.02,,,25.0,90.0,50.0,78.0,75.0,0.68804,0.0,66.0,0.0,0.0,0.0611,그러게.,목욕하면서 이러는 거…,일본어 원문 + 타임스탬프 사진 + 장면 연속성,43.96,T3,화자·문맥·자연스러움 집중 검토,,85.34715960324617,61.34,P2,앞뒤 5블록·사진·오류 기억을 함께 검토
SSIS-575,사진 대조 1차 교정본,1551,"02:17:59,720 --> 02:18:00,240",0.52,벗겨 줘.,벗긴다. 벗길게.,많이 능숙해졌네.,중립·혼합형,sub_1551_8279.7s.jpg,0.02,,,25.0,90.0,50.0,78.0,75.0,0.68208,0.0,66.0,0.0,0.0,0.3867,옮겨 줘.,자세 바꿔 줘.,사진 장면 확인 및 한국어 번역투·ASR 오역 교정,43.71,T3,화자·문맥·자연스러움 집중 검토,,84.40036068530208,60.8,P2,앞뒤 5블록·사진·오류 기억을 함께 검토
SSIS-575,사진 대조 1차 교정본,1552,"02:18:40,370 --> 02:18:42,070",1.7,많이 능숙해졌네.,벗겨 줘.,정말?,반말형,sub_1552_8320.4s.jpg,0.03,,,25.0,90.0,50.0,78.0,75.0,0.66091,0.0,66.0,0.0,0.0,0.1915,엄청 축축해졌네...,엄청 축축해졌네…,,42.82,T3,화자·문맥·자연스러움 집중 검토,,81.89810640216412,59.23,P2,앞뒤 5블록·사진·오류 기억을 함께 검토
SSIS-575,사진 대조 1차 교정본,1553,"02:18:42,070 --> 02:18:42,890",0.82,정말?,많이 능숙해졌네.,응.,중립·혼합형,sub_1553_8322.1s.jpg,0.03,,,25.0,90.0,50.0,78.0,75.0,0.24156,42.0,66.0,0.0,0.0,1.0,정말?,응.,일본어 원문 + 타임스탬프 사진 + 장면 연속성,32.77,T4,구조검사 통과 시 유지,,43.10189359783589,37.11,P4,회귀검사 통과 시 유지
SSIS-575,사진 대조 1차 교정본,1554,"02:18:43,030 --> 02:18:43,250",0.22,응.,정말?,기뻐.,반응형,sub_1554_8323.0s.jpg,0.03,,,25.0,90.0,50.0,78.0,75.0,0.08381,0.0,66.0,0.0,0.0,0.4021,"하-, 응.",하아… 응.,,18.58,T4,구조검사 통과 시 유지,,9.670874661857528,14.84,P4,회귀검사 통과 시 유지
SSIS-575,사진 대조 1차 교정본,1555,"02:18:43,730 --> 02:18:44,530",0.8,기뻐.,응.,아래쪽도 봐도 돼?,중립·혼합형,sub_1555_8323.7s.jpg,0.03,,,25.0,90.0,50.0,78.0,75.0,0.54663,42.0,66.0,0.0,0.0,1.0,기뻐.,기쁘다.,일본어 원문 대조 + 자연스러운 한국어 대사 교정,45.58,T3,화자·문맥·자연스러움 집중 검토,,88.95401262398556,63.8,P2,앞뒤 5블록·사진·오류 기억을 함께 검토
SSIS-575,사진 대조 1차 교정본,1556,"02:19:35,910 --> 02:19:36,950",1.04,아래쪽도 봐도 돼?,기뻐.,좋아.,반응형,sub_1556_8375.9s.jpg,0.01,,,25.0,90.0,50.0,78.0,75.0,0.76575,0.0,66.0,0.0,0.0,0.1996,오른쪽 아래쪽 끈도 빼겠습니다.,오른쪽 아래 끈도 뺄게요.,,47.22,T3,화자·문맥·자연스러움 집중 검토,,92.47069431920649,66.23,P2,앞뒤 5블록·사진·오류 기억을 함께 검토
SSIS-575,사진 대조 1차 교정본,1557,"02:19:38,350 --> 02:19:39,130",0.78,좋아.,아래쪽도 봐도 돼?,정말 예쁘다.,반응형,sub_1557_8378.4s.jpg,0.05,,,25.0,90.0,50.0,78.0,75.0,0.1371,16.19,66.0,0.0,0.0,0.7849,"아, 좋아.","아, 들어온다.",,23.73,T4,구조검사 통과 시 유지,,14.697926059513074,19.94,P4,회귀검사 통과 시 유지
SSIS-575,사진 대조 1차 교정본,1558,"02:19:56,060 --> 02:19:57,580",1.52,정말 예쁘다.,좋아.,알몸도 이 카메라로 찍을 거야?,중립·혼합형,sub_1558_8396.1s.jpg,0.04,,,25.0,90.0,50.0,78.0,75.0,0.48907,16.83,66.0,0.0,0.0,0.7903,"오, 예쁘다.","와, 예쁘다.",일본어 원문 + 타임스탬프 사진 + 장면 연속성,38.63,T3,화자·문맥·자연스러움 집중 검토,,66.61406672678089,50.38,P3,말투·질문응답·가독성 위주 검토
SSIS-575,사진 대조 1차 교정본,1559,"02:19:58,540 --> 02:20:00,180",1.64,알몸도 이 카메라로 찍을 거야?,정말 예쁘다.,응?,반말형,sub_1559_8398.5s.jpg,0.04,,,25.0,90.0,50.0,78.0,75.0,0.69595,0.0,66.0,0.0,0.0,0.231,뭘 찍게 한 거야?,뭘 찍은 거야?,손상된 일본어 ASR + 타임스탬프 사진 + 앞뒤 문맥 추론,44.29,T3,화자·문맥·자연스러움 집중 검토,,85.97835888187556,61.8,P2,앞뒤 5블록·사진·오류 기억을 함께 검토
SSIS-575,사진 대조 1차 교정본,1560,"02:20:00,660 --> 02:20:00,820",0.16,응?,알몸도 이 카메라로 찍을 거야?,"좋아. 아니, 안 돼.",반응형,sub_1560_8400.7s.jpg,0.04,,,25.0,90.0,50.0,78.0,75.0,0.14999,0.0,66.0,0.0,0.0,0.4446,응? 잠깐 기다려…,응? 잠깐만…,일본어 원문 대조 + 자연스러운 한국어 대사 교정,21.36,T4,구조검사 통과 시 유지,,11.429215509467989,17.19,P4,회귀검사 통과 시 유지
SSIS-575,사진 대조 1차 교정본,1561,"02:20:02,040 --> 02:20:02,840",0.8,"좋아. 아니, 안 돼.",응?,부끄러워.,반응형,sub_1561_8402.0s.jpg,0.04,,,25.0,90.0,50.0,78.0,75.0,0.47511,0.0,66.0,0.0,0.0,0.564,안 돼.,"네, 놀랐어요.",타임스탬프 사진과 앞뒤 장면으로 대사 기능 복원,35.01,T3,화자·문맥·자연스러움 집중 검토,,51.55545536519387,41.96,P3,말투·질문응답·가독성 위주 검토
SSIS-575,사진 대조 1차 교정본,1562,"02:20:03,020 --> 02:20:03,720",0.7,부끄러워.,"좋아. 아니, 안 돼.",뭐?,중립·혼합형,sub_1562_8403.0s.jpg,0.02,,,25.0,90.0,50.0,78.0,75.0,0.23619,20.59,66.0,0.0,0.0,0.8216,"하아, 부끄러워.",부끄러워? 팬티도 벗어야지.,일본어 원문 + 타임스탬프 사진 + 장면 연속성,28.69,T4,구조검사 통과 시 유지,,27.99819657348963,28.4,P4,회귀검사 통과 시 유지
SSIS-575,사진 대조 1차 교정본,1563,"02:20:04,500 --> 02:20:04,900",0.4,뭐?,부끄러워.,어렵네. 안 되는구나.,중립·혼합형,sub_1563_8404.5s.jpg,0.0,,,25.0,90.0,50.0,78.0,75.0,0.33924,0.0,66.0,0.0,0.0,0.3622,뭐? 아침에 졸려? 하고 바로…,뭐? 아침부터 졸리다고 해 놓고…,사진 장면 확인 및 한국어 번역투·ASR 오역 교정,29.31,T4,구조검사 통과 시 유지,,30.25247971145176,29.71,P4,회귀검사 통과 시 유지
SSIS-575,사진 대조 1차 교정본,1564,"02:20:05,560 --> 02:20:06,620",1.06,어렵네. 안 되는구나.,뭐?,못 하겠어.,반응형,sub_1564_8405.6s.jpg,0.04,,,25.0,90.0,50.0,78.0,75.0,0.68782,0.0,66.0,0.0,0.0,0.6099,어렵네.,생각보다 어렵네.,손상된 일본어 ASR + 타임스탬프 사진 + 앞뒤 문맥 추론,43.95,T3,화자·문맥·자연스러움 집중 검토,,85.25698827772769,61.3,P2,앞뒤 5블록·사진·오류 기억을 함께 검토
SSIS-575,사진 대조 1차 교정본,1565,"02:20:06,980 --> 02:20:07,420",0.44,못 하겠어.,어렵네. 안 되는구나.,하…,반응형,sub_1565_8407.0s.jpg,0.02,,,25.0,90.0,50.0,78.0,75.0,0.58803,8.11,66.0,0.0,0.0,0.7176,대답을 못 하겠어.,그건 대답 못 하겠네.,일본어 원문 대조 + 자연스러운 한국어 대사 교정,41.22,T3,화자·문맥·자연스러움 집중 검토,,76.53291253381424,56.05,P3,말투·질문응답·가독성 위주 검토
SSIS-575,사진 대조 1차 교정본,1566,"02:20:12,230 --> 02:20:12,670",0.44,하…,못 하겠어.,으응.,중립·혼합형,sub_1566_8412.2s.jpg,0.03,,,25.0,90.0,50.0,78.0,75.0,0.32206,0.0,66.0,0.0,0.0,0.0814,하아…,보여 줘.,일본어 원문 + 타임스탬프 사진 + 장면 연속성,28.59,T4,구조검사 통과 시 유지,,27.68259693417493,28.21,P4,회귀검사 통과 시 유지
SSIS-575,사진 대조 1차 교정본,1567,"02:20:16,170 --> 02:20:17,350",1.18,으응.,하…,으으.,반응형,sub_1567_8416.2s.jpg,0.03,,,25.0,90.0,50.0,78.0,75.0,0.26282,0.0,66.0,0.0,0.0,0.516,으응...,으응…,,26.1,T4,구조검사 통과 시 유지,,20.130748422001805,23.59,P4,회귀검사 통과 시 유지
SSIS-575,사진 대조 1차 교정본,1568,"02:20:18,830 --> 02:20:19,350",0.52,으으.,으응.,으으으.,반응형,sub_1568_8418.8s.jpg,0.03,,,25.0,90.0,50.0,78.0,75.0,0.23738,0.0,66.0,0.0,0.0,0.494,으으...,으으…,,25.03,T4,구조검사 통과 시 유지,,17.718665464382326,21.96,P4,회귀검사 통과 시 유지
SSIS-575,사진 대조 1차 교정본,1569,"02:20:21,230 --> 02:20:21,690",0.46,으으으.,으으.,"굉장해, 부드러워.",반응형,sub_1569_8421.2s.jpg,0.03,,,25.0,90.0,50.0,78.0,75.0,0.3144,0.0,66.0,0.0,0.0,0.6482,으으으...,으으으…,,28.26,T4,구조검사 통과 시 유지,,26.78088367899008,27.64,P4,회귀검사 통과 시 유지
SSIS-575,사진 대조 1차 교정본,1570,"02:20:21,990 --> 02:20:22,950",0.96,"굉장해, 부드러워.",으으으.,정말 부드러워.,반말형,sub_1570_8422.0s.jpg,0.01,,,25.0,90.0,50.0,78.0,75.0,0.54285,0.0,66.0,0.0,0.0,0.4924,엄청 부드러워...,엄청 부드러워…,,37.86,T3,화자·문맥·자연스러움 집중 검토,,63.007213706041476,48.42,P3,말투·질문응답·가독성 위주 검토
SSIS-575,사진 대조 1차 교정본,1571,"02:20:23,090 --> 02:20:23,790",0.7,정말 부드러워.,"굉장해, 부드러워.",굉장해.,중립·혼합형,sub_1571_8423.1s.jpg,0.01,,,25.0,90.0,50.0,78.0,75.0,0.57539,0.0,66.0,0.0,0.0,0.6209,엄청 부드러워...,엄청 부드러워…,,39.23,T3,화자·문맥·자연스러움 집중 검토,,68.98106402164112,51.73,P3,말투·질문응답·가독성 위주 검토
SSIS-575,사진 대조 1차 교정본,1572,"02:20:23,850 --> 02:20:24,130",0.28,굉장해.,정말 부드러워.,으으으.,반말형,sub_1572_8423.9s.jpg,0.05,,,25.0,90.0,50.0,78.0,75.0,0.35027,42.0,66.0,0.0,0.0,1.0,굉장해. 굉장해.,엄청나. 진짜 엄청나.,,37.33,T3,화자·문맥·자연스러움 집중 검토,,60.50495942290352,47.06,P3,말투·질문응답·가독성 위주 검토
SSIS-575,사진 대조 1차 교정본,1573,"02:20:32,040 --> 02:20:33,680",1.64,으으으.,굉장해.,으으으.,반응형,sub_1573_8432.0s.jpg,0.04,,,25.0,90.0,50.0,78.0,75.0,0.23402,0.0,66.0,0.0,0.0,0.6482,으으으...,으으으…,,24.89,T4,구조검사 통과 시 유지,,17.335437330928766,21.72,P4,회귀검사 통과 시 유지
SSIS-575,사진 대조 1차 교정본,1574,"02:20:33,680 --> 02:20:36,180",2.5,으으으.,으으으.,이제 안 돼.,반응형,sub_1574_8433.7s.jpg,0.02,,,25.0,90.0,50.0,78.0,75.0,0.2112,0.0,66.0,0.0,0.0,0.6482,으으으...,으으으…,,23.93,T4,구조검사 통과 시 유지,,15.103697024346257,20.22,P4,회귀검사 통과 시 유지
SSIS-575,사진 대조 1차 교정본,1575,"02:20:36,280 --> 02:20:36,980",0.7,이제 안 돼.,으으으.,다리를 들어.,중립·혼합형,sub_1575_8436.3s.jpg,0.02,,,25.0,90.0,50.0,78.0,75.0,0.53767,14.15,66.0,0.0,0.0,0.768,안 돼.,"네, 놀랐어요.",타임스탬프 사진과 앞뒤 장면으로 대사 기능 복원,40.19,T3,화자·문맥·자연스러움 집중 검토,,72.76825969341749,53.87,P3,말투·질문응답·가독성 위주 검토
SSIS-575,사진 대조 1차 교정본,1576,"02:21:43,370 --> 02:21:44,290",0.92,다리를 들어.,이제 안 돼.,괜찮아? 이쪽으로?,반응형,sub_1576_8503.4s.jpg,0.03,,,25.0,90.0,50.0,78.0,75.0,0.42128,0.0,66.0,0.0,0.0,0.4345,다리를 벌려...,다리를 벌려…,,32.75,T4,구조검사 통과 시 유지,,42.966636609558165,37.04,P4,회귀검사 통과 시 유지
SSIS-575,사진 대조 1차 교정본,1577,"02:21:44,290 --> 02:21:45,730",1.44,괜찮아? 이쪽으로?,다리를 들어.,그리운 느낌이네.,반응형,sub_1577_8504.3s.jpg,0.01,,,25.0,90.0,50.0,78.0,75.0,0.40381,0.0,66.0,0.0,0.0,0.2925,이쪽으로 넣어 주세요...,이쪽으로 넣어 주세요…,,32.02,T4,구조검사 통과 시 유지,,40.01352569882777,35.38,P4,회귀검사 통과 시 유지
SSIS-575,사진 대조 1차 교정본,1578,"02:21:56,950 --> 02:21:57,970",1.02,그리운 느낌이네.,괜찮아? 이쪽으로?,그리워?,반말형,sub_1578_8517.0s.jpg,0.05,,,25.0,90.0,50.0,78.0,75.0,0.35991,0.0,66.0,0.0,0.0,0.1825,오늘은 이런 느낌이야.,오늘은 네가 하고 싶은 대로 해.,손상된 일본어 ASR + 타임스탬프 사진 + 앞뒤 문맥 추론,30.18,T4,구조검사 통과 시 유지,,32.86744815148783,31.31,P4,회귀검사 통과 시 유지
SSIS-575,사진 대조 1차 교정본,1579,"02:21:58,190 --> 02:21:58,590",0.4,그리워?,그리운 느낌이네.,천천히 해.,중립·혼합형,sub_1579_8518.2s.jpg,0.01,,,25.0,90.0,50.0,78.0,75.0,0.44777,0.0,66.0,0.0,0.0,0.1426,그리고…,그리고 이제…,,33.87,T4,구조검사 통과 시 유지,,47.31740306582507,39.52,P4,회귀검사 통과 시 유지
SSIS-575,사진 대조 1차 교정본,1580,"02:22:29,820 --> 02:22:30,460",0.64,천천히 해.,그리워?,좋네!,반말형,sub_1580_8549.8s.jpg,0.02,,,25.0,90.0,50.0,78.0,75.0,0.67085,7.08,66.0,0.0,0.0,0.709,천천히 해 줘.,"좋네. 잠깐, 어떻게 돼 있었지?",일본어 원문 + 타임스탬프 사진 + 장면 연속성,44.51,T3,화자·문맥·자연스러움 집중 검토,,86.60955816050496,62.19,P2,앞뒤 5블록·사진·오류 기억을 함께 검토
SSIS-575,사진 대조 1차 교정본,1581,"02:22:47,450 --> 02:22:48,090",0.64,좋네!,천천히 해.,속마음이 들리는 것 같아.,반말형,sub_1581_8567.5s.jpg,0.05,,,25.0,90.0,50.0,78.0,75.0,0.22507,0.0,66.0,0.0,0.0,0.2327,좋네.,좋아.,일본어 원문 대조 + 자연스러운 한국어 대사 교정,24.51,T4,구조검사 통과 시 유지,,16.411181244364293,21.11,P4,회귀검사 통과 시 유지
SSIS-575,사진 대조 1차 교정본,1582,"02:22:48,550 --> 02:22:49,190",0.64,속마음이 들리는 것 같아.,좋네!,힘을 빼 볼게.,반응형,sub_1582_8568.5s.jpg,0.05,,,25.0,90.0,50.0,78.0,75.0,0.67338,0.0,66.0,25.0,0.0,0.3564,갈 것 같아.,진짜 갈 것 같아.,일본어 원문 대조 + 자연스러운 한국어 대사 교정,45.84,T3,화자·문맥·자연스러움 집중 검토,borderline_cps,89.58521190261497,64.21,P2,앞뒤 5블록·사진·오류 기억을 함께 검토
SSIS-575,사진 대조 1차 교정본,1583,"02:22:49,190 --> 02:22:49,290",0.1,힘을 빼 볼게.,속마음이 들리는 것 같아.,이제 움직일게!,중립·혼합형,sub_1583_8569.2s.jpg,0.01,,,25.0,90.0,50.0,78.0,79.0,0.70648,0.0,66.0,70.0,0.0,0.3718,힘을 빼고…,힘 빼고…,일본어 원문 대조 + 자연스러운 한국어 대사 교정,51.97,T3,화자·문맥·자연스러움 집중 검토,high_cps,98.42200180342651,71.48,P2,앞뒤 5블록·사진·오류 기억을 함께 검토
SSIS-575,사진 대조 1차 교정본,1584,"02:22:49,290 --> 02:22:50,110",0.82,이제 움직일게!,힘을 빼 볼게.,괜찮아?,중립·혼합형,sub_1584_8569.3s.jpg,0.01,,,25.0,90.0,50.0,78.0,79.0,0.44236,0.0,66.0,0.0,0.0,0.1808,이제 안 할게.,이제 안 애태울게.,,33.88,T4,구조검사 통과 시 유지,,47.38503155996393,39.55,P4,회귀검사 통과 시 유지
SSIS-575,사진 대조 1차 교정본,1585,"02:22:58,920 --> 02:22:59,560",0.64,괜찮아?,이제 움직일게!,정말?,반응형,sub_1585_8578.9s.jpg,0.02,,,25.0,90.0,50.0,78.0,75.0,0.10155,0.0,66.0,0.0,0.0,0.4653,더 해줘도 돼? 더 해줘. 괜찮아?,더 해 줘도 돼? 더 해 줘. 괜찮아?,,19.33,T4,구조검사 통과 시 유지,,10.009017132551849,15.42,P4,회귀검사 통과 시 유지
SSIS-575,사진 대조 1차 교정본,1586,"02:23:00,320 --> 02:23:00,640",0.32,정말?,괜찮아?,부끄러운 거야?,중립·혼합형,sub_1586_8580.3s.jpg,0.02,,,25.0,90.0,50.0,78.0,75.0,0.17787,42.0,66.0,0.0,0.0,1.0,정말?,응.,일본어 원문 + 타임스탬프 사진 + 장면 연속성,30.09,T4,구조검사 통과 시 유지,,32.484220018034264,31.1,P4,회귀검사 통과 시 유지
SSIS-575,사진 대조 1차 교정본,1587,"02:23:05,480 --> 02:23:06,780",1.3,부끄러운 거야?,정말?,말해 줘…,반말형,sub_1587_8585.5s.jpg,0.02,,,25.0,90.0,50.0,78.0,75.0,0.45597,0.0,66.0,0.0,0.0,0.4419,부끄러운가 봐.,아직도 부끄러운가 봐.,일본어 원문 대조 + 자연스러운 한국어 대사 교정,34.21,T4,구조검사 통과 시 유지,,48.557258791704236,40.24,P3,말투·질문응답·가독성 위주 검토
SSIS-575,사진 대조 1차 교정본,1588,"02:23:07,620 --> 02:23:08,840",1.22,말해 줘…,부끄러운 거야?,넣어 버렸어…,반말형,sub_1588_8587.6s.jpg,0.02,,,25.0,90.0,50.0,78.0,75.0,0.44012,0.0,66.0,0.0,0.0,0.4072,두 번째로 가게 해 줘…,한 번 더 가게 해 줘…,타임스탬프 사진과 장면 흐름으로 명백한 오인식 교정,33.54,T4,구조검사 통과 시 유지,,45.807033363390445,38.69,P4,회귀검사 통과 시 유지
SSIS-575,사진 대조 1차 교정본,1589,"02:23:42,100 --> 02:23:43,840",1.74,넣어 버렸어…,말해 줘…,"아, 천천히 하면 돼.",반응형,sub_1589_8622.1s.jpg,0.0,,,25.0,90.0,50.0,78.0,79.0,0.70708,0.0,66.0,0.0,0.0,0.273,"아, 가 버렸어.",끈이 아직 남아 있어요.,일본어 원문 + 타임스탬프 사진 + 장면 연속성,45.0,T3,화자·문맥·자연스러움 집중 검토,,87.78178539224527,62.97,P2,앞뒤 5블록·사진·오류 기억을 함께 검토
SSIS-575,사진 대조 1차 교정본,1590,"02:24:06,330 --> 02:24:31,790",25.46,"아, 천천히 하면 돼.",넣어 버렸어…,안쪽까지 깊이…,반응형,sub_1590_8646.3s.jpg,0.03,,,25.0,90.0,50.0,78.0,75.0,0.6856,34.81,66.0,0.0,0.0,0.9401,천천히 하면 돼.,천천히 하면 괜찮아.,일본어 원문 대조 + 자연스러운 한국어 대사 교정,50.12,T3,화자·문맥·자연스러움 집중 검토,,96.39314697926059,69.55,P2,앞뒤 5블록·사진·오류 기억을 함께 검토
SSIS-575,사진 대조 1차 교정본,1591,"02:24:31,790 --> 02:24:54,030",22.24,안쪽까지 깊이…,"아, 천천히 하면 돼.",돌아 봐.,반말형,sub_1591_8671.8s.jpg,0.01,,,25.0,90.0,50.0,78.0,79.0,0.66871,0.0,66.0,0.0,0.0,0.6199,안쪽까지 안 가?,더 안쪽까지 안 들어가?,일본어 원문 대조 + 자연스러운 한국어 대사 교정,43.39,T3,화자·문맥·자연스러움 집중 검토,,83.40847610459873,60.2,P2,앞뒤 5블록·사진·오류 기억을 함께 검토
SSIS-575,사진 대조 1차 교정본,1592,"02:24:54,030 --> 02:24:55,510",1.48,돌아 봐.,안쪽까지 깊이…,왜 그래?,반응형,sub_1592_8694.0s.jpg,0.03,,,25.0,90.0,50.0,78.0,75.0,0.44344,0.0,66.0,0.0,0.0,0.3207,빨리 핥아 봐.,빨리 핥아 줘.,화자 말투 자연화,33.68,T4,구조검사 통과 시 유지,,46.34806131650136,39.0,P4,회귀검사 통과 시 유지
SSIS-575,사진 대조 1차 교정본,1593,"02:24:55,510 --> 02:24:56,250",0.74,왜 그래?,돌아 봐.,"응, 굉장히 깊이 들어가 있어.",중립·혼합형,sub_1593_8695.5s.jpg,0.01,,,25.0,90.0,50.0,78.0,75.0,0.39436,5.96,66.0,0.0,0.0,0.6997,"음-, 왜 그래?",음… 왜 그래?,,32.7,T4,구조검사 통과 시 유지,,42.74120829576194,36.92,P4,회귀검사 통과 시 유지
SSIS-575,사진 대조 1차 교정본,1594,"02:24:56,550 --> 02:25:00,310",3.76,"응, 굉장히 깊이 들어가 있어.",왜 그래?,그랬어?,반응형,sub_1594_8696.5s.jpg,0.05,,,25.0,90.0,50.0,78.0,75.0,0.64653,0.0,66.0,0.0,0.0,0.3435,"응, 입을 수 있어.","응, 정말 잘 어울려.",타임스탬프 사진과 앞뒤 장면으로 대사 기능 복원,42.21,T3,화자·문맥·자연스러움 집중 검토,,79.73399458972047,57.97,P3,말투·질문응답·가독성 위주 검토
SSIS-575,사진 대조 1차 교정본,1595,"02:25:00,310 --> 02:25:00,910",0.6,그랬어?,"응, 굉장히 깊이 들어가 있어.",벌써 안쪽까지 갔어.,반응형,sub_1595_8700.3s.jpg,0.01,,,25.0,90.0,50.0,78.0,75.0,0.23441,0.0,66.0,0.0,0.0,0.0938,없어?,진짜로?,일본어 원문 대조 + 자연스러운 한국어 대사 교정,24.91,T4,구조검사 통과 시 유지,,17.515779981965736,21.8,P4,회귀검사 통과 시 유지
SSIS-575,사진 대조 1차 교정본,1596,"02:25:00,910 --> 02:25:01,830",0.92,벌써 안쪽까지 갔어.,그랬어?,"이런 거 좋아해? 응, 좋아.",반응형,sub_1596_8700.9s.jpg,0.01,,,25.0,90.0,50.0,78.0,79.0,0.54829,0.0,66.0,0.0,0.0,0.5776,안쪽까지 안 가?,더 안쪽까지 안 들어가?,일본어 원문 대조 + 자연스러운 한국어 대사 교정,38.33,T3,화자·문맥·자연스러움 집중 검토,,65.17132551848512,49.6,P3,말투·질문응답·가독성 위주 검토
SSIS-575,사진 대조 1차 교정본,1597,"02:25:04,190 --> 02:25:08,830",4.64,"이런 거 좋아해? 응, 좋아.",벌써 안쪽까지 갔어.,이대로 눕혀도 돼? 응.,반응형,sub_1597_8704.2s.jpg,0.01,중복 질문 정리,높음,25.0,90.0,50.0,78.0,75.0,0.47725,33.81,22.0,0.0,0.0,0.9318,"이런 거 좋아해? 좋아? 응, 좋아.","이런 거 좋아해? 응, 좋아.",중복 질문 정리,24.59,T4,구조검사 통과 시 유지,,16.56898106402164,21.22,P4,회귀검사 통과 시 유지
SSIS-575,사진 대조 1차 교정본,1598,"02:25:25,620 --> 02:25:27,280",1.66,이대로 눕혀도 돼? 응.,"이런 거 좋아해? 응, 좋아.","잠깐, 다리. 미안해.",반응형,sub_1598_8725.6s.jpg,0.02,화자 분리 및 문장 자연화,높음,25.0,90.0,86.0,92.0,79.0,0.65425,22.24,22.0,0.0,0.0,0.8353,눕혀도 돼? 응.,이대로 눕혀도 돼? 응.,화자 분리 및 문장 자연화,28.61,T4,구조검사 통과 시 유지,,27.77276825969342,28.26,P4,회귀검사 통과 시 유지
SSIS-575,사진 대조 1차 교정본,1599,"02:25:36,920 --> 02:25:39,100",2.18,"잠깐, 다리. 미안해.",이대로 눕혀도 돼? 응.,카메라를 보고 있었어.,반응형,sub_1599_8736.9s.jpg,0.02,,,25.0,90.0,50.0,78.0,75.0,0.58291,0.0,66.0,0.0,0.0,0.4845,아... 미안해.,아… 미안해.,,39.54,T3,화자·문맥·자연스러움 집중 검토,,70.4463480613165,52.52,P3,말투·질문응답·가독성 위주 검토
SSIS-575,사진 대조 1차 교정본,1600,"02:25:39,920 --> 02:25:41,040",1.12,카메라를 보고 있었어.,"잠깐, 다리. 미안해.",카메라 들고 있었어.,반응형,sub_1600_8739.9s.jpg,0.02,,,25.0,90.0,50.0,78.0,75.0,0.61706,0.0,66.0,0.0,0.0,0.4894,누워 있었어.,더 뿜어봐.,,40.98,T3,화자·문맥·자연스러움 집중 검토,,75.60865644724977,55.52,P3,말투·질문응답·가독성 위주 검토
SSIS-575,사진 대조 1차 교정본,1601,"02:25:42,760 --> 02:25:44,060",1.3,카메라 들고 있었어.,카메라를 보고 있었어.,카메라를 들고 있었지.,반응형,sub_1601_8742.8s.jpg,0.04,,,25.0,90.0,50.0,78.0,75.0,0.59338,0.0,66.0,0.0,0.0,0.5173,누워 있었어.,더 뿜어봐.,,39.98,T3,화자·문맥·자연스러움 집중 검토,,72.02434625788999,53.44,P3,말투·질문응답·가독성 위주 검토
SSIS-575,사진 대조 1차 교정본,1602,"02:26:08,510 --> 02:26:17,330",8.82,카메라를 들고 있었지.,카메라 들고 있었어.,이상한 느낌이야?,반말형,sub_1602_8768.5s.jpg,0.01,,,25.0,90.0,50.0,78.0,75.0,0.59966,0.0,66.0,0.0,0.0,0.2182,카메라 보고 말해 봐.,카메라 보고 얘기해 봐.,일본어 원문 대조 + 자연스러운 한국어 대사 교정,40.25,T3,화자·문맥·자연스러움 집중 검토,,72.97114517583408,53.99,P3,말투·질문응답·가독성 위주 검토
SSIS-575,사진 대조 1차 교정본,1603,"02:26:17,330 --> 02:26:18,350",1.02,이상한 느낌이야?,카메라를 들고 있었지.,잘 찍혀?,반말형,sub_1603_8777.3s.jpg,0.03,,,25.0,90.0,50.0,78.0,75.0,0.4265,0.0,66.0,0.0,0.0,0.3586,오늘은 이런 느낌이야.,오늘은 네가 하고 싶은 대로 해.,손상된 일본어 ASR + 타임스탬프 사진 + 앞뒤 문맥 추론,32.97,T4,구조검사 통과 시 유지,,43.95852119026149,37.59,P4,회귀검사 통과 시 유지
SSIS-575,사진 대조 1차 교정본,1604,"02:26:18,930 --> 02:26:19,890",0.96,잘 찍혀?,이상한 느낌이야?,정말 예쁘게 찍히고 있어.,중립·혼합형,sub_1604_8778.9s.jpg,0.03,,,25.0,90.0,50.0,78.0,79.0,0.55395,0.0,66.0,0.0,0.0,0.1751,잘 자.,조금만 천천히…,타임스탬프 사진으로 장면 불일치 확인 후 재복원,38.57,T3,화자·문맥·자연스러움 집중 검토,,66.14066726780884,50.15,P3,말투·질문응답·가독성 위주 검토
SSIS-575,사진 대조 1차 교정본,1605,"02:26:20,130 --> 02:26:21,550",1.42,정말 예쁘게 찍히고 있어.,잘 찍혀?,엄청 기분 좋아.,반응형,sub_1605_8780.1s.jpg,0.03,,,25.0,90.0,50.0,78.0,75.0,0.63087,0.0,66.0,0.0,0.0,0.5081,강가도 다 찍히고 있어.,창밖도 다 찍히고 있어.,,41.56,T3,화자·문맥·자연스러움 집중 검토,,77.72768259693417,56.75,P3,말투·질문응답·가독성 위주 검토
SSIS-575,사진 대조 1차 교정본,1606,"02:26:55,960 --> 02:26:57,620",1.66,엄청 기분 좋아.,정말 예쁘게 찍히고 있어.,카메라를 들고 있었어.,반응형,sub_1606_8816.0s.jpg,0.04,,,25.0,90.0,50.0,78.0,75.0,0.53803,13.58,66.0,0.0,0.0,0.7632,기분 좋아.,"아, 좋아.",화면 영문 자막 대조,40.1,T3,화자·문맥·자연스러움 집중 검토,,72.4526600541028,53.69,P3,말투·질문응답·가독성 위주 검토
SSIS-575,사진 대조 1차 교정본,1607,"02:26:57,620 --> 02:27:01,840",4.22,카메라를 들고 있었어.,엄청 기분 좋아.,지금은 옆에서.,반응형,sub_1607_8817.6s.jpg,0.02,,,25.0,90.0,50.0,78.0,75.0,0.58661,0.0,66.0,0.0,0.0,0.4771,누워 있었어.,더 뿜어봐.,,39.7,T3,화자·문맥·자연스러움 집중 검토,,70.8746618575293,52.79,P3,말투·질문응답·가독성 위주 검토
SSIS-575,사진 대조 1차 교정본,1608,"02:27:34,860 --> 02:27:36,240",1.38,지금은 옆에서.,카메라를 들고 있었어.,후후.,반말형,sub_1608_8854.9s.jpg,0.04,,,25.0,90.0,50.0,78.0,75.0,0.53178,0.0,66.0,0.0,0.0,0.2846,조심해. 지금은 안 되니까.,조심해. 아직 내려가면 안 돼.,일본어 원문 대조 + 자연스러운 한국어 대사 교정,37.39,T3,화자·문맥·자연스러움 집중 검토,,60.820559062218216,47.23,P3,말투·질문응답·가독성 위주 검토
SSIS-575,사진 대조 1차 교정본,1609,"02:27:36,240 --> 02:27:36,420",0.18,후후.,지금은 옆에서.,이런 식으로 보여. 봐.,중립·혼합형,sub_1609_8856.2s.jpg,0.04,,,25.0,90.0,50.0,78.0,75.0,0.2381,0.0,66.0,25.0,0.0,0.2038,"후후후, 어서 와.","후후후, 차가워!",손상된 일본어 ASR + 타임스탬프 사진 + 앞뒤 문맥 추론,27.56,T4,구조검사 통과 시 유지,borderline_cps,24.909828674481517,26.45,P4,회귀검사 통과 시 유지
SSIS-575,사진 대조 1차 교정본,1610,"02:27:42,520 --> 02:27:43,860",1.34,이런 식으로 보여. 봐.,후후.,응?,반응형,sub_1610_8862.5s.jpg,0.02,,,25.0,90.0,50.0,78.0,75.0,0.61765,0.0,66.0,0.0,0.0,0.5118,잘 안 보여.,"응, 그렇네.",일본어 원문 + 타임스탬프 사진 + 장면 연속성,41.0,T3,화자·문맥·자연스러움 집중 검토,,75.69882777276827,55.57,P3,말투·질문응답·가독성 위주 검토
SSIS-575,사진 대조 1차 교정본,1611,"02:27:44,360 --> 02:27:44,700",0.34,응?,이런 식으로 보여. 봐.,이렇게인가? 어떻게 됐지?,반응형,sub_1611_8864.4s.jpg,0.04,,,25.0,90.0,50.0,78.0,75.0,0.25795,0.0,66.0,0.0,0.0,0.4446,응? 잠깐 기다려…,응? 잠깐만…,일본어 원문 대조 + 자연스러운 한국어 대사 교정,25.89,T4,구조검사 통과 시 유지,,19.52209197475203,23.22,P4,회귀검사 통과 시 유지
SSIS-575,사진 대조 1차 교정본,1612,"02:27:46,360 --> 02:27:47,940",1.58,이렇게인가? 어떻게 됐지?,응?,큰일이야. 벌써 넣고 싶어.,반응형,sub_1612_8866.4s.jpg,0.04,,,25.0,90.0,50.0,78.0,75.0,0.57846,0.0,66.0,0.0,0.0,0.2421,어떻게 먹는 게 좋아?,어떻게 해 주는 게 좋아?,일본어 원문 대조 + 자연스러운 한국어 대사 교정,39.36,T3,화자·문맥·자연스러움 집중 검토,,69.67989179440937,52.09,P3,말투·질문응답·가독성 위주 검토
SSIS-575,사진 대조 1차 교정본,1613,"02:28:10,790 --> 02:28:11,870",1.08,큰일이야. 벌써 넣고 싶어.,이렇게인가? 어떻게 됐지?,흥분하기 시작했어.,반응형,sub_1613_8890.8s.jpg,0.01,,,25.0,90.0,50.0,78.0,79.0,0.79084,0.0,66.0,0.0,0.0,0.5892,넣고 싶어.,빨리 넣고 싶어.,일본어 원문 대조 + 자연스러운 한국어 대사 교정,48.52,T3,화자·문맥·자연스러움 집중 검토,,94.63480613165014,67.89,P2,앞뒤 5블록·사진·오류 기억을 함께 검토
SSIS-575,사진 대조 1차 교정본,1614,"02:28:14,670 --> 02:28:15,890",1.22,흥분하기 시작했어.,큰일이야. 벌써 넣고 싶어.,아직 준비가 안 됐어.,반응형,sub_1614_8894.7s.jpg,0.03,,,25.0,90.0,50.0,78.0,75.0,0.43015,0.0,66.0,0.0,0.0,0.1295,"벌칙 게임 시작하기 전에,",벌칙 게임 시작하기 전에,,33.13,T4,구조검사 통과 시 유지,,44.54463480613165,37.92,P4,회귀검사 통과 시 유지
SSIS-575,사진 대조 1차 교정본,1615,"02:28:17,990 --> 02:28:19,150",1.16,아직 준비가 안 됐어.,흥분하기 시작했어.,"기다려, 기다려.",반응형,sub_1615_8898.0s.jpg,0.01,,,25.0,90.0,50.0,78.0,75.0,0.55659,0.0,66.0,0.0,0.0,0.2758,온몸이 엉망이 됐어.,몸에 다 묻었네.,일본어 원문 대조 + 자연스러운 한국어 대사 교정,38.44,T3,화자·문맥·자연스러움 집중 검토,,65.55455365193869,49.83,P3,말투·질문응답·가독성 위주 검토
SSIS-575,사진 대조 1차 교정본,1616,"02:28:20,010 --> 02:28:21,690",1.68,"기다려, 기다려.",아직 준비가 안 됐어.,넣을 수 있어?,중립·혼합형,sub_1616_8900.0s.jpg,0.01,,,25.0,90.0,50.0,78.0,75.0,0.35058,0.0,66.0,0.0,0.0,0.5261,"기다려, 더 부드럽게 해줘.","기다려, 더 부드럽게 해 줘.",,29.78,T4,구조검사 통과 시 유지,,31.6726780883679,30.57,P4,회귀검사 통과 시 유지
SSIS-575,사진 대조 1차 교정본,1617,"02:28:23,210 --> 02:28:23,970",0.76,넣을 수 있어?,"기다려, 기다려.",콘돔 가져올까?,반응형,sub_1617_8903.2s.jpg,0.01,,,25.0,90.0,50.0,78.0,79.0,0.61469,0.0,66.0,0.0,0.0,0.4659,몸을 살짝 넣을 수 있어요.,조금만요.,,41.12,T3,화자·문맥·자연스러움 집중 검토,,76.30748422001803,55.9,P3,말투·질문응답·가독성 위주 검토
SSIS-575,사진 대조 1차 교정본,1618,"02:28:24,850 --> 02:28:26,790",1.94,콘돔 가져올까?,넣을 수 있어?,"응. 잠깐만, 정말 큰일이야.",중립·혼합형,sub_1618_8904.9s.jpg,0.05,,,25.0,90.0,50.0,78.0,75.0,0.56833,0.0,66.0,0.0,0.0,0.3122,빨리 콘돔 빼.,빨리 콘돔 꺼내.,사진 장면 확인 및 한국어 번역투·ASR 오역 교정,38.93,T3,화자·문맥·자연스러움 집중 검토,,67.53832281334536,50.95,P3,말투·질문응답·가독성 위주 검토
SSIS-575,사진 대조 1차 교정본,1619,"02:28:29,470 --> 02:28:30,950",1.48,"응. 잠깐만, 정말 큰일이야.",콘돔 가져올까?,갈 것 같아? 벌써 가?,반응형,sub_1619_8909.5s.jpg,0.03,,,25.0,90.0,50.0,78.0,75.0,0.6594,0.0,66.0,0.0,0.0,0.589,"잠깐만,",잠깐만,,42.75,T3,화자·문맥·자연스러움 집중 검토,,81.69522091974753,59.11,P2,앞뒤 5블록·사진·오류 기억을 함께 검토
SSIS-575,사진 대조 1차 교정본,1620,"02:28:32,290 --> 02:28:34,110",1.82,갈 것 같아? 벌써 가?,"응. 잠깐만, 정말 큰일이야.","큰일이야, 정말.",반응형,sub_1620_8912.3s.jpg,0.01,,,25.0,90.0,50.0,78.0,75.0,0.64386,0.0,66.0,0.0,0.0,0.4101,싸버릴 것 같아?,싸 버릴 것 같아?,,42.1,T3,화자·문맥·자연스러움 집중 검토,,79.53110910730388,57.82,P3,말투·질문응답·가독성 위주 검토
SSIS-575,사진 대조 1차 교정본,1621,"02:28:34,310 --> 02:28:35,510",1.2,"큰일이야, 정말.",갈 것 같아? 벌써 가?,그럼 이쪽?,반말형,sub_1621_8914.3s.jpg,0.01,,,25.0,90.0,50.0,78.0,75.0,0.39238,0.0,66.0,0.0,0.0,0.5483,정말.,정말…,일본어 원문 대조 + 자연스러운 한국어 대사 교정,31.54,T4,구조검사 통과 시 유지,,37.82687105500451,34.18,P4,회귀검사 통과 시 유지
SSIS-575,사진 대조 1차 교정본,1622,"02:28:36,690 --> 02:28:37,550",0.86,그럼 이쪽?,"큰일이야, 정말.",이쪽으로.,중립·혼합형,sub_1622_8916.7s.jpg,0.01,,,25.0,90.0,50.0,78.0,75.0,0.37795,0.0,66.0,0.0,0.0,0.2256,"그럼 일단,",그럼 일단,,30.93,T4,구조검사 통과 시 유지,,35.68530207394049,32.93,P4,회귀검사 통과 시 유지
SSIS-575,사진 대조 1차 교정본,1623,"02:28:37,930 --> 02:28:38,450",0.52,이쪽으로.,그럼 이쪽?,여기도 찍어?,반응형,sub_1623_8917.9s.jpg,0.03,,,25.0,90.0,50.0,78.0,75.0,0.26677,0.0,66.0,0.0,0.0,0.3636,이쪽으로 넣어 주세요...,이쪽으로 넣어 주세요…,,26.26,T4,구조검사 통과 시 유지,,20.649233543733093,23.9,P4,회귀검사 통과 시 유지
SSIS-575,사진 대조 1차 교정본,1624,"02:28:58,220 --> 02:28:59,060",0.84,여기도 찍어?,이쪽으로.,이쪽도 찍을까?,반응형,sub_1624_8938.2s.jpg,0.02,,,25.0,90.0,50.0,78.0,75.0,0.39845,0.0,66.0,0.0,0.0,0.5348,여기도 해줘.,여기도 해 줘.,,31.79,T4,구조검사 통과 시 유지,,38.86384129846709,34.76,P4,회귀검사 통과 시 유지
SSIS-575,사진 대조 1차 교정본,1625,"02:28:59,200 --> 02:28:59,860",0.66,이쪽도 찍을까?,여기도 찍어?,응.,중립·혼합형,sub_1625_8939.2s.jpg,0.0,,,25.0,90.0,50.0,78.0,75.0,0.4567,0.0,66.0,0.0,0.0,0.3412,이쪽도 보여주세요.,이쪽도 보여 줘.,화자 말투 통일,34.24,T4,구조검사 통과 시 유지,,48.647430117222726,40.29,P3,말투·질문응답·가독성 위주 검토
SSIS-575,사진 대조 1차 교정본,1626,"02:28:59,860 --> 02:28:59,940",0.08,응.,이쪽도 찍을까?,벗을까?,반응형,sub_1626_8939.9s.jpg,0.04,,,25.0,90.0,50.0,78.0,75.0,0.02937,0.0,66.0,55.0,0.0,0.4021,"하-, 응.",하아… 응.,,21.79,T4,구조검사 통과 시 유지,high_cps,11.99278629395852,17.68,P4,회귀검사 통과 시 유지
SSIS-575,사진 대조 1차 교정본,1627,"02:29:44,500 --> 02:29:45,080",0.58,벗을까?,응.,벗어야겠다. 더워.,중립·혼합형,sub_1627_8984.5s.jpg,0.0,,,25.0,90.0,50.0,78.0,75.0,0.34233,0.0,66.0,0.0,0.0,0.1609,벗을 수 있게 되어 있네. 응.,벗을 수 있게 돼 있네. 응.,,29.44,T4,구조검사 통과 시 유지,,30.47790802524797,29.88,P4,회귀검사 통과 시 유지
SSIS-575,사진 대조 1차 교정본,1628,"02:29:45,460 --> 02:29:47,380",1.92,벗어야겠다. 더워.,벗을까?,큰일이야.,반응형,sub_1628_8985.5s.jpg,0.04,,,25.0,90.0,50.0,78.0,75.0,0.56159,0.0,66.0,0.0,0.0,0.1322,더워요.,정말 덥네요.,사진 장면 확인 및 한국어 번역투·ASR 오역 교정,38.65,T3,화자·문맥·자연스러움 집중 검토,,66.726780883679,50.44,P3,말투·질문응답·가독성 위주 검토
SSIS-575,사진 대조 1차 교정본,1629,"02:30:13,520 --> 02:30:14,880",1.36,큰일이야.,벗어야겠다. 더워.,갈 것 같아?,반말형,sub_1629_9013.5s.jpg,0.02,,,25.0,90.0,50.0,78.0,75.0,0.23048,1.5,66.0,0.0,0.0,0.6625,"아, 큰일이야...","아, 큰일이야…",,25.01,T4,구조검사 통과 시 유지,,17.651036970243464,21.92,P4,회귀검사 통과 시 유지
SSIS-575,사진 대조 1차 교정본,1630,"02:30:14,900 --> 02:30:15,640",0.74,갈 것 같아?,큰일이야.,갈 것 같아?,반응형,sub_1630_9014.9s.jpg,0.0,,,25.0,90.0,50.0,78.0,75.0,0.25694,0.0,66.0,0.0,0.0,0.5881,싸버릴 것 같아?,싸 버릴 것 같아?,,25.85,T4,구조검사 통과 시 유지,,19.36429215509468,23.13,P4,회귀검사 통과 시 유지
SSIS-575,사진 대조 1차 교정본,1631,"02:30:15,640 --> 02:30:16,180",0.54,갈 것 같아?,갈 것 같아?,다리를 정말 잘 벌리네.,반응형,sub_1631_9015.6s.jpg,0.04,,,25.0,90.0,50.0,78.0,75.0,0.34841,0.0,66.0,0.0,0.0,0.5881,싸버릴 것 같아?,싸 버릴 것 같아?,,29.69,T4,구조검사 통과 시 유지,,31.244364292155097,30.34,P4,회귀검사 통과 시 유지
SSIS-575,사진 대조 1차 교정본,1632,"02:30:16,620 --> 02:30:30,870",14.25,다리를 정말 잘 벌리네.,갈 것 같아?,아니야?,반말형,sub_1632_9016.6s.jpg,0.02,,,25.0,90.0,50.0,78.0,75.0,0.59183,0.0,66.0,0.0,0.0,0.3636,다리를 벌려...,다리를 벌려…,,39.92,T3,화자·문맥·자연스러움 집중 검토,,71.66366095581606,53.25,P3,말투·질문응답·가독성 위주 검토
SSIS-575,사진 대조 1차 교정본,1633,"02:30:31,490 --> 02:30:32,950",1.46,아니야?,다리를 정말 잘 벌리네.,잘해?,반응형,sub_1633_9031.5s.jpg,0.01,,,25.0,90.0,50.0,78.0,75.0,0.35155,16.12,66.0,0.0,0.0,0.7843,온천 아니야?,뭔가…,일본어 원문 + 타임스탬프 사진 + 장면 연속성,32.73,T4,구조검사 통과 시 유지,,42.83137962128043,36.97,P4,회귀검사 통과 시 유지
SSIS-575,사진 대조 1차 교정본,1634,"02:30:33,950 --> 02:30:34,570",0.62,잘해?,아니야?,"응, 잘해.",반말형,sub_1634_9034.0s.jpg,0.05,,,25.0,90.0,50.0,78.0,75.0,0.25721,0.0,66.0,0.0,0.0,0.214,잘해...,잘해…,,25.86,T4,구조검사 통과 시 유지,,19.431920649233543,23.16,P4,회귀검사 통과 시 유지
SSIS-575,사진 대조 1차 교정본,1635,"02:30:35,150 --> 02:30:35,870",0.72,"응, 잘해.",잘해?,고마워.,반응형,sub_1635_9035.1s.jpg,0.05,,,25.0,90.0,50.0,78.0,75.0,0.51522,0.0,66.0,0.0,0.0,0.43,잘해...,잘해…,,36.7,T3,화자·문맥·자연스러움 집중 검토,,58.20559062218214,45.73,P3,말투·질문응답·가독성 위주 검토
SSIS-575,사진 대조 1차 교정본,1636,"02:30:54,580 --> 02:30:55,140",0.56,고마워.,"응, 잘해.",괜찮아.,중립·혼합형,sub_1636_9054.6s.jpg,0.02,,,25.0,90.0,50.0,78.0,75.0,0.38447,42.0,66.0,0.0,0.0,1.0,고마워.,손으로 잡아 줘.,일본어 원문 + 타임스탬프 사진 + 장면 연속성,38.77,T3,화자·문맥·자연스러움 집중 검토,,67.13255184851218,50.68,P3,말투·질문응답·가독성 위주 검토
SSIS-575,사진 대조 1차 교정본,1637,"02:30:55,540 --> 02:30:56,080",0.54,괜찮아.,고마워.,오늘은 뒤에서 넣어 보고 싶어요.,반응형,sub_1637_9055.5s.jpg,0.04,,,25.0,90.0,50.0,78.0,75.0,0.27333,42.0,66.0,0.0,0.0,1.0,괜찮아.,최고예요.,화면 영문 자막 대조,34.1,T4,구조검사 통과 시 유지,,48.12894499549144,39.99,P4,회귀검사 통과 시 유지
SSIS-575,사진 대조 1차 교정본,1638,"02:31:01,450 --> 02:31:05,650",4.2,오늘은 뒤에서 넣어 보고 싶어요.,괜찮아.,괜찮아요?,반응형,sub_1638_9061.5s.jpg,0.05,,,25.0,90.0,50.0,78.0,79.0,0.81636,0.0,66.0,0.0,0.0,0.389,저도 그런 말을 들어 보고 싶어요.,그런 말 들으면 기분 좋아요.,타임스탬프 사진과 앞뒤 장면으로 대사 기능 복원,49.59,T3,화자·문맥·자연스러움 집중 검토,,95.58160504959423,68.91,P2,앞뒤 5블록·사진·오류 기억을 함께 검토
SSIS-575,사진 대조 1차 교정본,1639,"02:31:06,010 --> 02:31:06,550",0.54,괜찮아요?,오늘은 뒤에서 넣어 보고 싶어요.,뒤에서?,반응형,sub_1639_9066.0s.jpg,0.01,,,25.0,90.0,50.0,78.0,75.0,0.24459,0.0,66.0,0.0,0.0,0.5119,빨아 줬으면 좋겠는데… 괜찮아요?,거기 좋아… 그대로 해 줘.,손상된 일본어 ASR + 타임스탬프 사진 + 앞뒤 문맥 추론,25.33,T4,구조검사 통과 시 유지,,18.44003606853021,22.44,P4,회귀검사 통과 시 유지
SSIS-575,사진 대조 1차 교정본,1640,"02:31:07,570 --> 02:31:07,930",0.36,뒤에서?,괜찮아요?,응.,중립·혼합형,sub_1640_9067.6s.jpg,0.03,,,25.0,90.0,50.0,78.0,75.0,0.24422,0.0,66.0,0.0,0.0,0.3113,뒤에서...,뒤에서…,,25.32,T4,구조검사 통과 시 유지,,18.394950405770967,22.41,P4,회귀검사 통과 시 유지
SSIS-575,사진 대조 1차 교정본,1641,"02:31:08,210 --> 02:31:08,390",0.18,응.,뒤에서?,좋아.,반응형,sub_1641_9068.2s.jpg,0.01,,,25.0,90.0,50.0,78.0,75.0,0.01647,0.0,66.0,0.0,0.0,0.4021,"하-, 응.",하아… 응.,,15.75,T4,구조검사 통과 시 유지,,5.09467989179441,11.27,P4,회귀검사 통과 시 유지
SSIS-575,사진 대조 1차 교정본,1642,"02:31:08,950 --> 02:31:09,830",0.88,좋아.,응.,처음 도전이네.,반응형,sub_1642_9069.0s.jpg,0.05,,,25.0,90.0,50.0,78.0,75.0,0.10905,16.19,66.0,0.0,0.0,0.7849,"아, 좋아.","아, 들어온다.",,22.55,T4,구조검사 통과 시 유지,,12.84941388638413,18.48,P4,회귀검사 통과 시 유지
SSIS-575,사진 대조 1차 교정본,1643,"02:31:13,090 --> 02:31:14,190",1.1,처음 도전이네.,좋아.,첫 도전.,반말형,sub_1643_9073.1s.jpg,0.01,,,25.0,90.0,50.0,78.0,75.0,0.4157,0.0,66.0,0.0,0.0,0.159,이런 경험 처음 당해봐?,이런 경험 처음 당해 봐?,,32.52,T4,구조검사 통과 시 유지,,41.81695220919748,36.42,P4,회귀검사 통과 시 유지
SSIS-575,사진 대조 1차 교정본,1644,"02:31:14,430 --> 02:31:15,470",1.04,첫 도전.,처음 도전이네.,정말 예뻐.,중립·혼합형,sub_1644_9074.4s.jpg,0.03,,,25.0,90.0,50.0,78.0,75.0,0.53268,0.0,66.0,0.0,0.0,0.1564,첫 번째예요.,이번이 첫 번째예요.,사진 장면 확인 및 한국어 번역투·ASR 오역 교정,37.43,T3,화자·문맥·자연스러움 집중 검토,,61.113615870153296,47.38,P3,말투·질문응답·가독성 위주 검토
SSIS-575,사진 대조 1차 교정본,1645,"02:31:16,470 --> 02:31:17,790",1.32,정말 예뻐.,첫 도전.,부끄러워.,중립·혼합형,sub_1645_9076.5s.jpg,0.03,,,25.0,90.0,50.0,78.0,75.0,0.56477,0.0,66.0,0.0,0.0,0.2947,정말 좋아.,거기 좋아.,타임스탬프 사진과 장면 흐름으로 명백한 오인식 교정,38.78,T3,화자·문맥·자연스러움 집중 검토,,67.22272317403066,50.73,P3,말투·질문응답·가독성 위주 검토
SSIS-575,사진 대조 1차 교정본,1646,"02:31:18,570 --> 02:31:19,370",0.8,부끄러워.,정말 예뻐.,좋아.,중립·혼합형,sub_1646_9078.6s.jpg,0.03,,,25.0,90.0,50.0,78.0,75.0,0.37484,20.59,66.0,0.0,0.0,0.8216,"하아, 부끄러워.",부끄러워? 팬티도 벗어야지.,일본어 원문 + 타임스탬프 사진 + 장면 연속성,34.51,T4,구조검사 통과 시 유지,,49.75202885482417,40.91,P3,말투·질문응답·가독성 위주 검토
SSIS-575,사진 대조 1차 교정본,1647,"02:31:19,370 --> 02:31:19,390",0.02,좋아.,부끄러워.,누울 수 있어?,반응형,sub_1647_9079.4s.jpg,0.03,,,25.0,90.0,50.0,78.0,75.0,0.21895,16.19,66.0,70.0,0.0,0.7849,"아, 좋아.","아, 들어온다.",,34.17,T4,구조검사 통과 시 유지,high_cps,48.39945897204689,40.15,P3,말투·질문응답·가독성 위주 검토
SSIS-575,사진 대조 1차 교정본,1648,"02:31:27,070 --> 02:31:27,890",0.82,누울 수 있어?,좋아.,"아, 찍고 있었지.",반응형,sub_1648_9087.1s.jpg,0.03,,,25.0,90.0,50.0,78.0,75.0,0.28839,0.0,66.0,0.0,0.0,0.4174,자고 있어?,땀나?,사진 장면 확인 및 한국어 번역투·ASR 오역 교정,27.17,T4,구조검사 통과 시 유지,,23.76014427412083,25.74,P4,회귀검사 통과 시 유지
SSIS-575,사진 대조 1차 교정본,1649,"02:31:31,370 --> 02:31:33,550",2.18,"아, 찍고 있었지.",누울 수 있어?,이제 끝났나.,반응형,sub_1649_9091.4s.jpg,0.03,,,25.0,90.0,50.0,78.0,75.0,0.41928,0.0,66.0,0.0,0.0,0.3063,"아, 아, 아, 아, 아, 아, 아,","아, 아, 아, 아, 아, 아, 아",,32.67,T4,구조검사 통과 시 유지,,42.515779981965736,36.81,P4,회귀검사 통과 시 유지
SSIS-575,사진 대조 1차 교정본,1650,"02:32:09,370 --> 02:32:11,010",1.64,이제 끝났나.,"아, 찍고 있었지.",큰일이야.,중립·혼합형,sub_1650_9129.4s.jpg,0.03,,,25.0,90.0,50.0,78.0,75.0,0.37334,0.0,66.0,0.0,0.0,0.2065,이제 안 할게.,이제 안 애태울게.,,30.74,T4,구조검사 통과 시 유지,,34.78358881875563,32.44,P4,회귀검사 통과 시 유지
SSIS-575,사진 대조 1차 교정본,1651,"02:32:11,450 --> 02:32:12,230",0.78,큰일이야.,이제 끝났나.,응.,반말형,sub_1651_9131.5s.jpg,0.05,,,25.0,90.0,50.0,78.0,75.0,0.27386,1.5,66.0,0.0,0.0,0.6625,"아, 큰일이야...","아, 큰일이야…",,26.83,T4,구조검사 통과 시 유지,,22.40757439134355,24.97,P4,회귀검사 통과 시 유지
SSIS-575,사진 대조 1차 교정본,1652,"02:32:12,230 --> 02:32:13,370",1.14,응.,큰일이야.,오오…,반응형,sub_1652_9132.2s.jpg,0.03,,,25.0,90.0,50.0,78.0,75.0,0.03103,0.0,66.0,0.0,0.0,0.4021,"하-, 응.",하아… 응.,,16.36,T4,구조검사 통과 시 유지,,7.91253381424707,12.81,P4,회귀검사 통과 시 유지
SSIS-575,사진 대조 1차 교정본,1653,"02:32:14,330 --> 02:32:18,230",3.9,오오…,응.,으으.,중립·혼합형,sub_1653_9134.3s.jpg,0.03,,,25.0,90.0,50.0,78.0,75.0,0.30608,5.53,66.0,0.0,0.0,0.6961,오오… 됐어!,아… 나올 것 같아.,손상된 일본어 ASR + 타임스탬프 사진 + 앞뒤 문맥 추론,28.91,T4,구조검사 통과 시 유지,,29.01262398557259,28.95,P4,회귀검사 통과 시 유지
SSIS-575,사진 대조 1차 교정본,1654,"02:32:22,050 --> 02:32:23,490",1.44,으으.,오오…,혼자라 외로웠어.,반응형,sub_1654_9142.0s.jpg,0.05,,,25.0,90.0,50.0,78.0,75.0,0.35986,0.0,66.0,0.0,0.0,0.494,으으...,으으…,,30.17,T4,구조검사 통과 시 유지,,32.777276825969345,31.27,P4,회귀검사 통과 시 유지
SSIS-575,사진 대조 1차 교정본,1655,"02:32:49,100 --> 02:32:49,660",0.56,혼자라 외로웠어.,으으.,촬영할 일이 너무 많아서 조금…,반응형,sub_1655_9169.1s.jpg,0.0,,,25.0,90.0,50.0,78.0,75.0,0.56921,0.0,66.0,0.0,0.0,0.084,전부 혼자서 하는 거네...,전부 혼자서 하는 거네…,,38.97,T3,화자·문맥·자연스러움 집중 검토,,67.74120829576195,51.05,P3,말투·질문응답·가독성 위주 검토
SSIS-575,사진 대조 1차 교정본,1656,"02:32:49,660 --> 02:32:50,980",1.32,촬영할 일이 너무 많아서 조금…,혼자라 외로웠어.,응.,반응형,sub_1656_9169.7s.jpg,0.04,,,25.0,90.0,50.0,78.0,75.0,0.68408,0.0,66.0,0.0,0.0,0.1929,일이 되면…,제대로 핥아 줘.,타임스탬프 사진과 장면 흐름으로 명백한 오인식 교정,43.79,T3,화자·문맥·자연스러움 집중 검토,,84.62578899909829,60.94,P2,앞뒤 5블록·사진·오류 기억을 함께 검토
SSIS-575,사진 대조 1차 교정본,1657,"02:32:51,280 --> 02:32:51,480",0.2,응.,촬영할 일이 너무 많아서 조금…,큰일이야.,반응형,sub_1657_9171.3s.jpg,0.02,,,25.0,90.0,50.0,78.0,75.0,0.02791,0.0,66.0,0.0,0.0,0.4021,"하-, 응.",하아… 응.,,16.23,T4,구조검사 통과 시 유지,,7.596934174932371,12.6,P4,회귀검사 통과 시 유지
SSIS-575,사진 대조 1차 교정본,1658,"02:33:01,730 --> 02:33:02,850",1.12,큰일이야.,응.,으으.,반말형,sub_1658_9181.7s.jpg,0.03,,,25.0,90.0,50.0,78.0,75.0,0.26493,1.5,66.0,0.0,0.0,0.6625,"아, 큰일이야...","아, 큰일이야…",,26.46,T4,구조검사 통과 시 유지,,21.235347159603247,24.27,P4,회귀검사 통과 시 유지
SSIS-575,사진 대조 1차 교정본,1659,"02:33:19,390 --> 02:33:20,390",1.0,으으.,큰일이야.,"아, 좋아.",반응형,sub_1659_9199.4s.jpg,0.01,,,25.0,90.0,50.0,78.0,75.0,0.15573,0.0,66.0,0.0,0.0,0.494,으으...,으으…,,21.6,T4,구조검사 통과 시 유지,,11.81244364292155,17.49,P4,회귀검사 통과 시 유지
SSIS-575,사진 대조 1차 교정본,1660,"02:33:20,390 --> 02:33:20,590",0.2,"아, 좋아.",으으.,기분 좋아.,반응형,sub_1660_9200.4s.jpg,0.01,,,25.0,90.0,50.0,78.0,75.0,0.22756,42.0,66.0,55.0,0.0,1.0,"아, 좋아.","아, 들어온다.",,37.68,T3,화자·문맥·자연스러움 집중 검토,high_cps,62.488728584310195,48.1,P3,말투·질문응답·가독성 위주 검토
SSIS-575,사진 대조 1차 교정본,1661,"02:33:21,210 --> 02:33:22,290",1.08,기분 좋아.,"아, 좋아.",정말 좋네.,반응형,sub_1661_9201.2s.jpg,0.01,,,25.0,90.0,50.0,78.0,75.0,0.21805,42.0,66.0,0.0,0.0,1.0,기분 좋아.,"아, 좋아.",화면 영문 자막 대조,31.78,T4,구조검사 통과 시 유지,,38.7736699729486,34.72,P4,회귀검사 통과 시 유지
SSIS-575,사진 대조 1차 교정본,1662,"02:33:23,290 --> 02:33:24,350",1.06,정말 좋네.,기분 좋아.,괜찮아?,반말형,sub_1662_9203.3s.jpg,0.01,,,25.0,90.0,50.0,78.0,75.0,0.44113,23.6,66.0,0.0,0.0,0.8467,좋네.,좋아.,일본어 원문 대조 + 자연스러운 한국어 대사 교정,37.84,T3,화자·문맥·자연스러움 집중 검토,,62.93958521190262,48.38,P3,말투·질문응답·가독성 위주 검토
SSIS-575,사진 대조 1차 교정본,1663,"02:33:42,810 --> 02:33:43,590",0.78,괜찮아?,정말 좋네.,내려놓자. 카메라 내려놨어.,반응형,sub_1663_9222.8s.jpg,0.01,,,25.0,90.0,50.0,78.0,75.0,0.22245,0.0,66.0,0.0,0.0,0.4653,더 해줘도 돼? 더 해줘. 괜찮아?,더 해 줘도 돼? 더 해 줘. 괜찮아?,,24.4,T4,구조검사 통과 시 유지,,16.163210099188458,20.94,P4,회귀검사 통과 시 유지
SSIS-575,사진 대조 1차 교정본,1664,"02:33:44,110 --> 02:33:48,010",3.9,내려놓자. 카메라 내려놨어.,괜찮아?,넣을 거야?,반응형,sub_1664_9224.1s.jpg,0.01,,,25.0,90.0,50.0,78.0,75.0,0.59191,0.0,66.0,0.0,0.0,0.2897,카메라 보고 말해 봐.,카메라 보고 얘기해 봐.,일본어 원문 대조 + 자연스러운 한국어 대사 교정,39.92,T3,화자·문맥·자연스러움 집중 검토,,71.66366095581606,53.25,P3,말투·질문응답·가독성 위주 검토
SSIS-575,사진 대조 1차 교정본,1665,"02:33:52,530 --> 02:33:54,330",1.8,넣을 거야?,내려놓자. 카메라 내려놨어.,응.,반말형,sub_1665_9232.5s.jpg,0.03,,,25.0,90.0,50.0,78.0,79.0,0.56879,0.0,66.0,0.0,0.0,0.4915,자지 안 넣을 거야.,아직은 안 넣을 거야.,손상된 일본어 ASR + 타임스탬프 사진 + 앞뒤 문맥 추론,39.19,T3,화자·문맥·자연스러움 집중 검토,,68.6429215509468,51.56,P3,말투·질문응답·가독성 위주 검토
SSIS-575,사진 대조 1차 교정본,1666,"02:33:54,330 --> 02:33:54,730",0.4,응.,넣을 거야?,천천히 넣어.,반응형,sub_1666_9234.3s.jpg,0.03,,,25.0,90.0,50.0,78.0,75.0,0.03402,0.0,66.0,0.0,0.0,0.4021,"하-, 응.",하아… 응.,,16.49,T4,구조검사 통과 시 유지,,8.070333633904418,12.95,P4,회귀검사 통과 시 유지
SSIS-575,사진 대조 1차 교정본,1667,"02:34:36,170 --> 02:34:44,920",8.75,천천히 넣어.,응.,잠깐 쉬어.,반응형,sub_1667_9276.2s.jpg,0.03,,,25.0,90.0,50.0,78.0,79.0,0.87661,8.63,66.0,0.0,0.0,0.7219,넣어.,말해 봐.,화면 영문 자막 대조,53.67,T3,화자·문맥·자연스러움 집중 검토,,99.18845807033362,72.79,P1,장면 패킷을 열고 후보 3개를 생성해 반증 검토
SSIS-575,사진 대조 1차 교정본,1668,"02:34:46,460 --> 02:34:48,200",1.74,잠깐 쉬어.,천천히 넣어.,잠시 쉬어.,반응형,sub_1668_9286.5s.jpg,0.04,,,25.0,90.0,50.0,78.0,75.0,0.74811,19.64,66.0,0.0,0.0,0.8137,쉬어.,아… 그대로…,타임스탬프 사진으로 장면 불일치 확인 후 재복원,50.02,T3,화자·문맥·자연스러움 집중 검토,,96.0775473399459,69.36,P2,앞뒤 5블록·사진·오류 기억을 함께 검토
SSIS-575,사진 대조 1차 교정본,1669,"02:34:58,440 --> 02:35:00,140",1.7,잠시 쉬어.,잠깐 쉬어.,"좋아, 잠깐 쉬자.",반응형,sub_1669_9298.4s.jpg,0.04,,,25.0,90.0,50.0,78.0,75.0,0.70052,10.76,66.0,0.0,0.0,0.7397,쉬어.,아… 그대로…,타임스탬프 사진으로 장면 불일치 확인 후 재복원,46.42,T3,화자·문맥·자연스러움 집중 검토,,90.80252479711451,65.06,P2,앞뒤 5블록·사진·오류 기억을 함께 검토
SSIS-575,사진 대조 1차 교정본,1670,"02:35:08,620 --> 02:35:10,440",1.82,"좋아, 잠깐 쉬자.",잠시 쉬어.,좋은 아침이에요.,반응형,sub_1670_9308.6s.jpg,0.02,,,25.0,90.0,50.0,78.0,75.0,0.67908,3.15,66.0,0.0,18.0,0.6762,쉬자.,너무 깊이 들어가.,일본어 원문 + 타임스탬프 사진 + 장면 연속성,45.59,T3,화자·문맥·자연스러움 집중 검토,formality_shift,88.99909828674481,63.82,P2,앞뒤 5블록·사진·오류 기억을 함께 검토
SSIS-575,사진 대조 1차 교정본,1671,"02:36:05,090 --> 02:36:05,730",0.64,좋은 아침이에요.,"좋아, 잠깐 쉬자.",좋은 아침.,반응형,sub_1671_9365.1s.jpg,0.01,,,25.0,90.0,50.0,78.0,75.0,0.51588,0.0,66.0,0.0,18.0,0.2538,좋은 아침입니다.,♪,,38.17,T3,화자·문맥·자연스러움 집중 검토,formality_shift,64.38232642019838,49.18,P3,말투·질문응답·가독성 위주 검토
SSIS-575,사진 대조 1차 교정본,1672,"02:36:08,930 --> 02:36:09,510",0.58,좋은 아침.,좋은 아침이에요.,오늘은 뒤에서 하는 모습을 보고 싶으니까.,반응형,sub_1672_9368.9s.jpg,0.03,,,25.0,90.0,50.0,78.0,75.0,0.47774,0.0,66.0,0.0,0.0,0.3265,좋은 아침입니다.,♪,,35.13,T3,화자·문맥·자연스러움 집중 검토,,52.07394048692516,42.25,P3,말투·질문응답·가독성 위주 검토
SSIS-575,사진 대조 1차 교정본,1673,"02:36:11,230 --> 02:36:11,570",0.34,오늘은 뒤에서 하는 모습을 보고 싶으니까.,좋은 아침.,그 자세로 해 보자.,중립·혼합형,sub_1673_9371.2s.jpg,0.03,,,25.0,90.0,50.0,78.0,75.0,0.8858,0.0,66.0,100.0,0.0,0.2605,빨아 주고 싶으니까 해 볼게요.,"응, 계속해.",손상된 일본어 ASR + 타임스탬프 사진 + 앞뒤 문맥 추론,62.26,T2,후보 3개 생성 후 증거 기반 판정,high_cps;short_duration_long_text,100.0,78.11,P1,장면 패킷을 열고 후보 3개를 생성해 반증 검토
SSIS-575,사진 대조 1차 교정본,1674,"02:36:11,590 --> 02:36:11,730",0.14,그 자세로 해 보자.,오늘은 뒤에서 하는 모습을 보고 싶으니까.,다시 한번 자세를 잡아 줘.,반말형,sub_1674_9371.6s.jpg,0.01,,,25.0,90.0,50.0,78.0,75.0,0.80173,0.0,66.0,70.0,0.0,0.5112,한번 보자.,밖을 봐 보자.,일본어 원문 + 타임스탬프 사진 + 장면 연속성,55.73,T3,화자·문맥·자연스러움 집중 검토,high_cps,99.77457168620379,74.23,P1,장면 패킷을 열고 후보 3개를 생성해 반증 검토
SSIS-575,사진 대조 1차 교정본,1675,"02:36:49,390 --> 02:36:52,730",3.34,다시 한번 자세를 잡아 줘.,그 자세로 해 보자.,단단히 힘줘.,반응형,sub_1675_9409.4s.jpg,0.01,,,25.0,90.0,50.0,78.0,75.0,0.8526,0.0,66.0,0.0,0.0,0.3505,"에? 다시 한번, 다시 한번 말해봐 뭐?","에? 다시 한번, 다시 한번 말해 봐 뭐?",,50.87,T3,화자·문맥·자연스러움 집중 검토,,97.5653742110009,70.48,P2,앞뒤 5블록·사진·오류 기억을 함께 검토
SSIS-575,사진 대조 1차 교정본,1676,"02:36:52,930 --> 02:36:53,750",0.82,단단히 힘줘.,다시 한번 자세를 잡아 줘.,그럼 다리를 벌려.,중립·혼합형,sub_1676_9412.9s.jpg,0.03,,,25.0,90.0,50.0,78.0,75.0,0.64217,0.0,66.0,0.0,0.0,0.1168,점점 단단해지네...,점점 단단해지네…,,42.03,T3,화자·문맥·자연스러움 집중 검토,,79.19296663660957,57.64,P3,말투·질문응답·가독성 위주 검토
SSIS-575,사진 대조 1차 교정본,1677,"02:37:02,450 --> 02:37:03,570",1.12,그럼 다리를 벌려.,단단히 힘줘.,누워도 돼?,중립·혼합형,sub_1677_9422.5s.jpg,0.05,,,25.0,90.0,50.0,78.0,75.0,0.61615,0.56,66.0,0.0,0.0,0.6547,다리를 벌려...,다리를 벌려…,,41.04,T3,화자·문맥·자연스러움 집중 검토,,75.83408476104599,55.65,P3,말투·질문응답·가독성 위주 검토
SSIS-575,사진 대조 1차 교정본,1678,"02:37:03,570 --> 02:37:04,030",0.46,누워도 돼?,그럼 다리를 벌려.,"엉덩이가 보고 싶어. 내가 엉덩이를 좋아하거든.
그래? 좋아.",중립·혼합형,sub_1678_9423.6s.jpg,0.03,,,25.0,90.0,50.0,78.0,75.0,0.41804,0.0,66.0,0.0,0.0,0.2533,더 해줘도 돼?,더 해 줘도 돼?,,32.62,T4,구조검사 통과 시 유지,,42.312894499549145,36.69,P4,회귀검사 통과 시 유지
SSIS-575,사진 대조 1차 교정본,1679,"02:37:19,960 --> 02:37:26,720",6.76,"엉덩이가 보고 싶어. 내가 엉덩이를 좋아하거든.
그래? 좋아.",누워도 돼?,보여?,반말형,sub_1679_9440.0s.jpg,0.04,화자 분리 및 줄바꿈,높음,25.0,90.0,86.0,78.0,83.0,0.88634,38.68,22.0,0.0,0.0,0.9723,엉덩이가 보고 싶어. 엉덩이를 좋아하거든. 그래? 좋아.,엉덩이가 보고 싶어. 내가 엉덩이를 좋아하거든. 그래? 좋아.,화자 분리 및 줄바꿈,37.94,T3,화자·문맥·자연스러움 집중 검토,,63.70604147880974,48.76,P3,말투·질문응답·가독성 위주 검토
SSIS-575,사진 대조 1차 교정본,1680,"02:37:33,950 --> 02:37:34,750",0.8,보여?,"엉덩이가 보고 싶어. 내가 엉덩이를 좋아하거든.
그래? 좋아.",잠깐. 그거 좀 가져와.,중립·혼합형,sub_1680_9454.0s.jpg,0.05,,,25.0,90.0,50.0,78.0,75.0,0.24573,0.0,66.0,0.0,0.0,0.5745,몸이 떨리는 거 보여?,몸 떨리는 거 보여?,손상된 일본어 ASR + 타임스탬프 사진 + 앞뒤 문맥 추론,25.38,T4,구조검사 통과 시 유지,,18.620378719567178,22.54,P4,회귀검사 통과 시 유지
SSIS-575,사진 대조 1차 교정본,1681,"02:37:37,690 --> 02:37:40,230",2.54,잠깐. 그거 좀 가져와.,보여?,찍고 싶어. 나 엉덩이를 정말 좋아해.,반응형,sub_1681_9457.7s.jpg,0.01,,,25.0,90.0,50.0,78.0,75.0,0.5217,0.0,66.0,0.0,0.0,0.2328,잠깐...,잠깐…,,36.97,T3,화자·문맥·자연스러움 집중 검토,,58.994589720468895,46.22,P3,말투·질문응답·가독성 위주 검토
SSIS-575,사진 대조 1차 교정본,1682,"02:37:42,390 --> 02:37:47,490",5.1,찍고 싶어. 나 엉덩이를 정말 좋아해.,잠깐. 그거 좀 가져와.,"보여? 응, 보여. 이렇게?",반말형,sub_1682_9462.4s.jpg,0.01,반복 표현 정리,높음,25.0,90.0,50.0,78.0,79.0,0.79884,37.88,22.0,0.0,0.0,0.9657,찍고 싶어. 나 엉덩이를 좋아해. 정말 좋아.,찍고 싶어. 나 엉덩이를 정말 좋아해.,반복 표현 정리,35.01,T3,화자·문맥·자연스러움 집중 검토,,51.55545536519387,41.96,P3,말투·질문응답·가독성 위주 검토
SSIS-575,사진 대조 1차 교정본,1683,"02:37:50,990 --> 02:37:54,190",3.2,"보여? 응, 보여. 이렇게?",찍고 싶어. 나 엉덩이를 정말 좋아해.,잘 보여? 응.,반응형,sub_1683_9471.0s.jpg,0.01,,,25.0,90.0,50.0,78.0,75.0,0.38535,0.0,66.0,0.0,0.0,0.48,잘 안 보여.,"응, 그렇네.",일본어 원문 + 타임스탬프 사진 + 장면 연속성,31.24,T4,구조검사 통과 시 유지,,36.9702434625789,33.65,P4,회귀검사 통과 시 유지
SSIS-575,사진 대조 1차 교정본,1684,"02:37:55,430 --> 02:37:56,710",1.28,잘 보여? 응.,"보여? 응, 보여. 이렇게?","아, 굉장해. 깊이 들어갔어.",반응형,sub_1684_9475.4s.jpg,0.03,,,25.0,90.0,50.0,78.0,75.0,0.47774,0.0,66.0,0.0,0.0,0.4872,몸이 떨리는 거 보여?,몸 떨리는 거 보여?,손상된 일본어 ASR + 타임스탬프 사진 + 앞뒤 문맥 추론,35.12,T3,화자·문맥·자연스러움 집중 검토,,52.02885482416592,42.22,P3,말투·질문응답·가독성 위주 검토
SSIS-575,사진 대조 1차 교정본,1685,"02:38:08,350 --> 02:38:11,010",2.66,"아, 굉장해. 깊이 들어갔어.",잘 보여? 응.,기분 좋아. 엉덩이 만져 줘.,반응형,sub_1685_9488.4s.jpg,0.05,,,25.0,90.0,50.0,78.0,75.0,0.73781,7.98,66.0,0.0,0.0,0.7165,"와, 깊이 들어갔어.",목욕하려면 이제 벗어야지.,일본어 원문 + 타임스탬프 사진 + 장면 연속성,47.48,T3,화자·문맥·자연스러움 집중 검토,,92.98917944093779,66.59,P2,앞뒤 5블록·사진·오류 기억을 함께 검토
SSIS-575,사진 대조 1차 교정본,1686,"02:38:23,590 --> 02:38:31,860",8.27,기분 좋아. 엉덩이 만져 줘.,"아, 굉장해. 깊이 들어갔어.",정말 기분 좋아. 엄청 좋아.,반응형,sub_1686_9503.6s.jpg,0.01,,,25.0,90.0,50.0,78.0,79.0,0.88747,0.0,66.0,0.0,0.0,0.5034,기분 좋아.,"아, 좋아.",화면 영문 자막 대조,52.57,T3,화자·문맥·자연스러움 집중 검토,,98.87285843101894,72.02,P1,장면 패킷을 열고 후보 3개를 생성해 반증 검토
SSIS-575,사진 대조 1차 교정본,1687,"02:38:33,220 --> 02:38:54,170",20.95,정말 기분 좋아. 엄청 좋아.,기분 좋아. 엉덩이 만져 줘.,"아, 기분 좋아.",반응형,sub_1687_9513.2s.jpg,0.02,,,25.0,90.0,50.0,78.0,75.0,0.66492,15.91,66.0,0.0,0.0,0.7826,정말 좋아.,거기 좋아.,타임스탬프 사진과 장면 흐름으로 명백한 오인식 교정,45.85,T3,화자·문맥·자연스러움 집중 검토,,89.67538322813346,64.26,P2,앞뒤 5블록·사진·오류 기억을 함께 검토
SSIS-575,사진 대조 1차 교정본,1688,"02:38:54,170 --> 02:38:58,370",4.2,"아, 기분 좋아.",정말 기분 좋아. 엄청 좋아.,"잠깐, 뭐?",반응형,sub_1688_9534.2s.jpg,0.03,,,25.0,90.0,50.0,78.0,75.0,0.40884,26.36,66.0,0.0,0.0,0.8696,"아, 정말 기분 좋아.",아… 조금 좋아.,,36.98,T3,화자·문맥·자연스러움 집중 검토,,59.15238954012624,46.29,P3,말투·질문응답·가독성 위주 검토
SSIS-575,사진 대조 1차 교정본,1689,"02:38:58,370 --> 02:38:58,490",0.12,"잠깐, 뭐?","아, 기분 좋아.","이렇게 해도 돼? 응, 좋아.",반응형,sub_1689_9538.4s.jpg,0.03,,,25.0,90.0,50.0,78.0,75.0,0.32965,0.0,66.0,70.0,0.0,0.4715,"잠깐, 어때요?","잠깐, 괜찮아요?",사진 장면 확인 및 한국어 번역투·ASR 오역 교정,35.91,T3,화자·문맥·자연스러움 집중 검토,high_cps,55.32010820559062,44.06,P3,말투·질문응답·가독성 위주 검토
SSIS-575,사진 대조 1차 교정본,1690,"02:38:59,830 --> 02:39:02,910",3.08,"이렇게 해도 돼? 응, 좋아.","잠깐, 뭐?","오, 굉장해.",반응형,sub_1690_9539.8s.jpg,0.03,,,25.0,90.0,50.0,78.0,75.0,0.7008,0.0,66.0,0.0,0.0,0.3374,"이런 거 좋아해? 좋아? 응, 좋아.","이런 거 좋아해? 응, 좋아.",중복 질문 정리,44.49,T3,화자·문맥·자연스러움 집중 검토,,86.51938683498648,62.14,P2,앞뒤 5블록·사진·오류 기억을 함께 검토
SSIS-575,사진 대조 1차 교정본,1691,"02:39:07,810 --> 02:39:09,110",1.3,"오, 굉장해.","이렇게 해도 돼? 응, 좋아.",이거 위험해. 정말 깊이 들어가.,반말형,sub_1691_9547.8s.jpg,0.01,,,25.0,90.0,50.0,78.0,75.0,0.53247,20.3,66.0,0.0,0.0,0.8192,굉장해. 굉장해.,엄청나. 진짜 엄청나.,,41.08,T3,화자·문맥·자연스러움 집중 검토,,76.01442741208295,55.75,P3,말투·질문응답·가독성 위주 검토
SSIS-575,사진 대조 1차 교정본,1692,"02:39:10,010 --> 02:39:32,210",22.2,이거 위험해. 정말 깊이 들어가.,"오, 굉장해.","잠깐만, 멈춰!",반응형,sub_1692_9550.0s.jpg,0.01,,,25.0,90.0,50.0,78.0,75.0,0.88389,0.0,66.0,0.0,0.0,0.5813,위험해.,큰일 나.,,52.18,T3,화자·문맥·자연스러움 집중 검토,,98.55725879170424,71.66,P2,앞뒤 5블록·사진·오류 기억을 함께 검토
SSIS-575,사진 대조 1차 교정본,1693,"02:39:42,200 --> 02:39:43,720",1.52,"잠깐만, 멈춰!",이거 위험해. 정말 깊이 들어가.,큰일이야.,반응형,sub_1693_9582.2s.jpg,0.0,,,25.0,90.0,50.0,78.0,75.0,0.46334,0.39,66.0,0.0,0.0,0.6532,"잠깐만,",잠깐만,,34.59,T4,구조검사 통과 시 유지,,50.270513976555456,41.18,P3,말투·질문응답·가독성 위주 검토
SSIS-575,사진 대조 1차 교정본,1694,"02:39:44,180 --> 02:39:44,880",0.7,큰일이야.,"잠깐만, 멈춰!",안 돼?,반말형,sub_1694_9584.2s.jpg,0.02,,,25.0,90.0,50.0,78.0,75.0,0.35527,1.5,66.0,0.0,0.0,0.6625,"아, 큰일이야...","아, 큰일이야…",,30.25,T4,구조검사 통과 시 유지,,33.092876465284036,31.44,P4,회귀검사 통과 시 유지
SSIS-575,사진 대조 1차 교정본,1695,"02:39:46,120 --> 02:39:46,920",0.8,안 돼?,큰일이야.,너무 기분 좋아.,중립·혼합형,sub_1695_9586.1s.jpg,0.02,,,25.0,90.0,50.0,78.0,75.0,0.2542,0.0,66.0,0.0,0.0,0.5598,유두는 안 돼?,젖꼭지는 안 돼?,,25.74,T4,구조검사 통과 시 유지,,18.981064021641117,22.9,P4,회귀검사 통과 시 유지
SSIS-575,사진 대조 1차 교정본,1696,"02:39:48,220 --> 02:39:49,620",1.4,너무 기분 좋아.,안 돼?,참을 수 있어.,반응형,sub_1696_9588.2s.jpg,0.02,,,25.0,90.0,50.0,78.0,75.0,0.33584,14.94,66.0,0.0,0.0,0.7745,기분 좋아.,"아, 좋아.",화면 영문 자막 대조,31.85,T4,구조검사 통과 시 유지,,39.24706943192065,34.96,P4,회귀검사 통과 시 유지
SSIS-575,사진 대조 1차 교정본,1697,"02:39:49,620 --> 02:39:51,020",1.4,참을 수 있어.,너무 기분 좋아.,괜찮아?,반응형,sub_1697_9589.6s.jpg,0.02,,,25.0,90.0,50.0,78.0,75.0,0.38854,0.0,66.0,0.0,0.0,0.4625,"응, 입을 수 있어.","응, 정말 잘 어울려.",타임스탬프 사진과 앞뒤 장면으로 대사 기능 복원,31.38,T4,구조검사 통과 시 유지,,37.240757439134356,33.84,P4,회귀검사 통과 시 유지
SSIS-575,사진 대조 1차 교정본,1698,"02:39:55,100 --> 02:39:55,500",0.4,괜찮아?,참을 수 있어.,"좋아, 괜찮아.",반응형,sub_1698_9595.1s.jpg,0.0,,,25.0,90.0,50.0,78.0,75.0,0.11754,0.0,66.0,0.0,0.0,0.4653,더 해줘도 돼? 더 해줘. 괜찮아?,더 해 줘도 돼? 더 해 줘. 괜찮아?,,20.0,T4,구조검사 통과 시 유지,,10.18935978358882,15.88,P4,회귀검사 통과 시 유지
SSIS-575,사진 대조 1차 교정본,1699,"02:39:56,080 --> 02:39:56,640",0.56,"좋아, 괜찮아.",괜찮아?,정말 괜찮아?,반응형,sub_1699_9596.1s.jpg,0.02,,,25.0,90.0,50.0,78.0,75.0,0.41034,9.63,66.0,0.0,0.0,0.7303,괜찮아.,최고예요.,화면 영문 자막 대조,34.03,T4,구조검사 통과 시 유지,,47.993688007213706,39.89,P4,회귀검사 통과 시 유지
SSIS-575,사진 대조 1차 교정본,1700,"02:39:57,180 --> 02:39:57,580",0.4,정말 괜찮아?,"좋아, 괜찮아.",기분 좋아?,반응형,sub_1700_9597.2s.jpg,0.02,,,25.0,90.0,50.0,78.0,75.0,0.40831,0.0,66.0,0.0,0.0,0.3989,더 해줘도 돼? 더 해줘. 괜찮아?,더 해 줘도 돼? 더 해 줘. 괜찮아?,,32.21,T4,구조검사 통과 시 유지,,40.734896302975656,35.79,P4,회귀검사 통과 시 유지
SSIS-575,사진 대조 1차 교정본,1701,"02:40:33,330 --> 02:40:34,330",1.0,기분 좋아?,정말 괜찮아?,엄청 기분 좋아.,반응형,sub_1701_9633.3s.jpg,0.03,,,25.0,90.0,50.0,78.0,75.0,0.31545,0.0,66.0,0.0,0.0,0.561,"아, 거기... 기분 좋아?","아, 거기… 기분 좋아?",,28.31,T4,구조검사 통과 시 유지,,26.871055004508566,27.71,P4,회귀검사 통과 시 유지
SSIS-575,사진 대조 1차 교정본,1702,"02:40:34,610 --> 02:40:35,430",0.82,엄청 기분 좋아.,기분 좋아?,"더, 더, 더.",반응형,sub_1702_9634.6s.jpg,0.01,,,25.0,90.0,50.0,78.0,75.0,0.55061,13.58,66.0,0.0,0.0,0.7632,기분 좋아.,"아, 좋아.",화면 영문 자막 대조,40.63,T3,화자·문맥·자연스러움 집중 검토,,74.6844003606853,54.93,P3,말투·질문응답·가독성 위주 검토
SSIS-575,사진 대조 1차 교정본,1703,"02:40:38,590 --> 02:40:39,590",1.0,"더, 더, 더.",엄청 기분 좋아.,으으.,중립·혼합형,sub_1703_9638.6s.jpg,0.01,,,25.0,90.0,50.0,78.0,75.0,0.39496,15.48,66.0,0.0,0.0,0.779,"더, 더, 더...","더, 더, 더…",,34.43,T4,구조검사 통과 시 유지,,49.50405770964833,40.76,P3,말투·질문응답·가독성 위주 검토
SSIS-575,사진 대조 1차 교정본,1704,"02:40:39,590 --> 02:40:42,350",2.76,으으.,"더, 더, 더.","아, 갈 것 같아…",반응형,sub_1704_9639.6s.jpg,0.01,,,25.0,90.0,50.0,78.0,75.0,0.21158,0.0,66.0,0.0,0.0,0.494,으으...,으으…,,23.95,T4,구조검사 통과 시 유지,,15.1487826871055,20.25,P4,회귀검사 통과 시 유지
SSIS-575,사진 대조 1차 교정본,1705,"02:40:48,900 --> 02:40:51,080",2.18,"아, 갈 것 같아…",으으.,계속해.,반응형,sub_1705_9648.9s.jpg,0.0,,,25.0,90.0,50.0,78.0,75.0,0.43764,0.0,66.0,0.0,0.0,0.4561,갈 것 같아.,진짜 갈 것 같아.,일본어 원문 대조 + 자연스러운 한국어 대사 교정,33.44,T4,구조검사 통과 시 유지,,45.4463480613165,38.48,P4,회귀검사 통과 시 유지
SSIS-575,사진 대조 1차 교정본,1706,"02:40:53,390 --> 02:40:53,890",0.5,계속해.,"아, 갈 것 같아…",좋아.,반말형,sub_1706_9653.4s.jpg,0.01,,,25.0,90.0,50.0,78.0,75.0,0.19368,0.0,66.0,0.0,0.0,0.3313,계속해서…,그대로 계속해.,손상된 일본어 ASR + 타임스탬프 사진 + 앞뒤 문맥 추론,23.19,T4,구조검사 통과 시 유지,,13.75112714156898,19.23,P4,회귀검사 통과 시 유지
SSIS-575,사진 대조 1차 교정본,1707,"02:40:54,570 --> 02:40:55,430",0.86,좋아.,계속해.,가 버렸어.,반응형,sub_1707_9654.6s.jpg,0.03,,,25.0,90.0,50.0,78.0,75.0,0.22534,16.19,66.0,0.0,0.0,0.7849,"아, 좋아.","아, 들어온다.",,27.44,T4,구조검사 통과 시 유지,,24.571686203787195,26.24,P4,회귀검사 통과 시 유지
SSIS-575,사진 대조 1차 교정본,1708,"02:41:09,410 --> 02:41:10,410",1.0,가 버렸어.,좋아.,정말 많이 나왔어요.,반응형,sub_1708_9669.4s.jpg,0.01,,,25.0,90.0,50.0,78.0,75.0,0.48648,32.7,66.0,0.0,0.0,0.9225,"아, 가 버렸어.",끈이 아직 남아 있어요.,일본어 원문 + 타임스탬프 사진 + 장면 연속성,41.38,T3,화자·문맥·자연스러움 집중 검토,,76.96122633002706,56.32,P3,말투·질문응답·가독성 위주 검토
SSIS-575,사진 대조 1차 교정본,1709,"02:41:18,440 --> 02:41:26,120",7.68,정말 많이 나왔어요.,가 버렸어.,부끄러워…,반응형,sub_1709_9678.4s.jpg,0.04,,,25.0,90.0,50.0,78.0,75.0,0.6532,0.0,66.0,0.0,0.0,0.2815,나왔어…,"아, 물 나왔어…",,42.49,T3,화자·문맥·자연스러움 집중 검토,,80.72587917042381,58.55,P2,앞뒤 5블록·사진·오류 기억을 함께 검토
SSIS-575,사진 대조 1차 교정본,1710,"02:41:27,120 --> 02:41:29,440",2.32,부끄러워…,정말 많이 나왔어요.,어떡하지.,중립·혼합형,sub_1710_9687.1s.jpg,0.02,,,25.0,90.0,50.0,78.0,75.0,0.27466,23.81,66.0,0.0,0.0,0.8485,"하아, 부끄러워…",하아… 부끄러워.,일본어 원문 대조 + 자연스러운 한국어 대사 교정,30.88,T4,구조검사 통과 시 유지,,35.482416591523894,32.81,P4,회귀검사 통과 시 유지
SSIS-575,사진 대조 1차 교정본,1711,"02:41:29,440 --> 02:41:30,200",0.76,어떡하지.,부끄러워…,그럼 꼭 끌어안는 자세로 하자.,반응형,sub_1711_9689.4s.jpg,0.04,,,25.0,90.0,50.0,78.0,75.0,0.31746,0.0,66.0,0.0,0.0,0.5868,"그래, 붙잡아 버리니까 어떡하지.",붙잡으면 움직일 수가 없잖아.,사진 장면 확인 및 한국어 번역투·ASR 오역 교정,28.39,T4,구조검사 통과 시 유지,,27.23174030658251,27.9,P4,회귀검사 통과 시 유지
SSIS-575,사진 대조 1차 교정본,1712,"02:41:32,840 --> 02:41:34,380",1.54,그럼 꼭 끌어안는 자세로 하자.,어떡하지.,괜찮아? 피곤해?,반응형,sub_1712_9692.8s.jpg,0.04,,,25.0,90.0,50.0,78.0,75.0,0.64411,0.0,66.0,0.0,0.0,0.2559,한 번에 하자. 뭔가…,이제 자자. 불도 조금 어둡게 해 줘.,사진 장면 확인 및 한국어 번역투·ASR 오역 교정,42.11,T3,화자·문맥·자연스러움 집중 검토,,79.59873760144274,57.86,P3,말투·질문응답·가독성 위주 검토
SSIS-575,사진 대조 1차 교정본,1713,"02:41:40,600 --> 02:41:41,480",0.88,괜찮아? 피곤해?,그럼 꼭 끌어안는 자세로 하자.,어떻게 해야 하지? 다리는 이렇게?,반응형,sub_1713_9700.6s.jpg,0.0,,,25.0,90.0,50.0,78.0,75.0,0.55214,0.0,66.0,0.0,0.0,0.2607,더 해줘도 돼? 더 해줘. 괜찮아?,더 해 줘도 돼? 더 해 줘. 괜찮아?,,38.25,T3,화자·문맥·자연스러움 집중 검토,,64.76555455365194,49.39,P3,말투·질문응답·가독성 위주 검토
SSIS-575,사진 대조 1차 교정본,1714,"02:42:00,670 --> 02:42:03,430",2.76,어떻게 해야 하지? 다리는 이렇게?,괜찮아? 피곤해?,여기?,반응형,sub_1714_9720.7s.jpg,0.03,,,25.0,90.0,50.0,78.0,75.0,0.77257,0.0,66.0,0.0,0.0,0.2624,어떻게 하지...,어떻게 하지…,,47.51,T3,화자·문맥·자연스러움 집중 검토,,93.05680793507665,66.64,P2,앞뒤 5블록·사진·오류 기억을 함께 검토
SSIS-575,사진 대조 1차 교정본,1715,"02:42:03,430 --> 02:42:03,510",0.08,여기?,어떻게 해야 하지? 다리는 이렇게?,이쪽으로 와. 이렇게인가?,중립·혼합형,sub_1715_9723.4s.jpg,0.03,,,25.0,90.0,50.0,78.0,75.0,0.31409,0.0,66.0,70.0,0.0,0.1552,여기...,여기…,,35.25,T3,화자·문맥·자연스러움 집중 검토,high_cps,52.52479711451758,42.51,P3,말투·질문응답·가독성 위주 검토
SSIS-575,사진 대조 1차 교정본,1716,"02:42:06,850 --> 02:42:10,810",3.96,이쪽으로 와. 이렇게인가?,여기?,움직일 수 있어?,반응형,sub_1716_9726.9s.jpg,0.05,,,25.0,90.0,50.0,78.0,75.0,0.46322,0.0,66.0,0.0,0.0,0.324,이쪽으로 넣어 주세요...,이쪽으로 넣어 주세요…,,34.52,T4,구조검사 통과 시 유지,,49.819657348963034,40.95,P3,말투·질문응답·가독성 위주 검토
SSIS-575,사진 대조 1차 교정본,1717,"02:42:17,060 --> 02:42:17,980",0.92,움직일 수 있어?,이쪽으로 와. 이렇게인가?,응.,반응형,sub_1717_9737.1s.jpg,0.04,,,25.0,90.0,50.0,78.0,79.0,0.50604,0.0,66.0,0.0,0.0,0.3767,자고 있어?,땀나?,사진 장면 확인 및 한국어 번역투·ASR 오역 교정,36.55,T3,화자·문맥·자연스러움 집중 검토,,57.34896302975654,45.29,P3,말투·질문응답·가독성 위주 검토
SSIS-575,사진 대조 1차 교정본,1718,"02:42:19,020 --> 02:42:19,140",0.12,응.,움직일 수 있어?,"잠깐, 귀는…",반응형,sub_1718_9739.0s.jpg,0.02,,,25.0,90.0,50.0,78.0,75.0,0.01748,0.0,66.0,25.0,0.0,0.4021,"하-, 응.",하아… 응.,,18.29,T4,구조검사 통과 시 유지,borderline_cps,9.377817853922453,14.55,P4,회귀검사 통과 시 유지
SSIS-575,사진 대조 1차 교정본,1719,"02:42:44,210 --> 02:42:45,830",1.62,"잠깐, 귀는…",응.,"잠깐만, 귀도…",반응형,sub_1719_9764.2s.jpg,0.01,,,25.0,90.0,50.0,78.0,75.0,0.62026,0.0,66.0,0.0,0.0,0.3797,"잠깐, 어때요?","잠깐, 괜찮아요?",사진 장면 확인 및 한국어 번역투·ASR 오역 교정,41.11,T3,화자·문맥·자연스러움 집중 검토,,76.21731289449954,55.86,P3,말투·질문응답·가독성 위주 검토
SSIS-575,사진 대조 1차 교정본,1720,"02:42:58,140 --> 02:42:59,380",1.24,"잠깐만, 귀도…","잠깐, 귀는…",기분 좋아?,반응형,sub_1720_9778.1s.jpg,0.04,,,25.0,90.0,50.0,78.0,75.0,0.5942,1.63,66.0,0.0,0.0,0.6636,"잠깐만,",잠깐만,,40.31,T3,화자·문맥·자연스러움 집중 검토,,73.28674481514878,54.16,P3,말투·질문응답·가독성 위주 검토
SSIS-575,사진 대조 1차 교정본,1721,"02:43:02,280 --> 02:43:04,160",1.88,기분 좋아?,"잠깐만, 귀도…",기분 좋아?,반응형,sub_1721_9782.3s.jpg,0.02,,,25.0,90.0,50.0,78.0,75.0,0.38053,0.0,66.0,0.0,0.0,0.561,"아, 거기... 기분 좋아?","아, 거기… 기분 좋아?",,31.04,T4,구조검사 통과 시 유지,,36.13615870153291,33.18,P4,회귀검사 통과 시 유지
SSIS-575,사진 대조 1차 교정본,1722,"02:43:04,200 --> 02:43:04,940",0.74,기분 좋아?,기분 좋아?,"잠깐만, 기다려.",반응형,sub_1722_9784.2s.jpg,0.0,,,25.0,90.0,50.0,78.0,75.0,0.39139,0.0,66.0,0.0,0.0,0.561,"아, 거기... 기분 좋아?","아, 거기… 기분 좋아?",,31.5,T4,구조검사 통과 시 유지,,37.73669972948602,34.12,P4,회귀검사 통과 시 유지
SSIS-575,사진 대조 1차 교정본,1723,"02:43:23,950 --> 02:43:25,830",1.88,"잠깐만, 기다려.",기분 좋아?,괜찮아?,반응형,sub_1723_9804.0s.jpg,0.05,,,25.0,90.0,50.0,78.0,75.0,0.54664,0.61,66.0,0.0,0.0,0.6551,"잠깐만,",잠깐만,,38.13,T3,화자·문맥·자연스러움 집중 검토,,64.33724075743913,49.14,P3,말투·질문응답·가독성 위주 검토
SSIS-575,사진 대조 1차 교정본,1724,"02:43:25,830 --> 02:43:26,430",0.6,괜찮아?,"잠깐만, 기다려.",괜찮아?,반응형,sub_1724_9805.8s.jpg,0.03,,,25.0,90.0,50.0,78.0,75.0,0.15261,0.0,66.0,0.0,0.0,0.4653,더 해줘도 돼? 더 해줘. 괜찮아?,더 해 줘도 돼? 더 해 줘. 괜찮아?,,21.47,T4,구조검사 통과 시 유지,,11.632100991884581,17.34,P4,회귀검사 통과 시 유지
SSIS-575,사진 대조 1차 교정본,1725,"02:43:28,610 --> 02:43:29,330",0.72,괜찮아?,괜찮아?,정말 괜찮아?,반응형,sub_1725_9808.6s.jpg,0.01,,,25.0,90.0,50.0,78.0,75.0,0.15068,0.0,66.0,0.0,0.0,0.4653,더 해줘도 돼? 더 해줘. 괜찮아?,더 해 줘도 돼? 더 해 줘. 괜찮아?,,21.39,T4,구조검사 통과 시 유지,,11.496844003606853,17.23,P4,회귀검사 통과 시 유지
SSIS-575,사진 대조 1차 교정본,1726,"02:43:29,330 --> 02:43:29,470",0.14,정말 괜찮아?,괜찮아?,괜찮지?,반응형,sub_1726_9809.3s.jpg,0.03,,,25.0,90.0,50.0,78.0,75.0,0.44663,0.0,66.0,70.0,0.0,0.3989,더 해줘도 돼? 더 해줘. 괜찮아?,더 해 줘도 돼? 더 해 줘. 괜찮아?,,40.82,T3,화자·문맥·자연스러움 집중 검토,high_cps,75.33814247069431,55.32,P3,말투·질문응답·가독성 위주 검토
SSIS-575,사진 대조 1차 교정본,1727,"02:43:34,690 --> 02:43:35,290",0.6,괜찮지?,정말 괜찮아?,귀가 민감하니까.,반말형,sub_1727_9814.7s.jpg,0.01,,,25.0,90.0,50.0,78.0,75.0,0.30414,0.0,66.0,0.0,0.0,0.2308,뭐든 괜찮지만… 후와 씨?,뭐든 괜찮지만… 후우아 씨라고 부를까요?,출연자 이름 오인식 교정,27.83,T4,구조검사 통과 시 유지,,25.473399458972047,26.84,P4,회귀검사 통과 시 유지
SSIS-575,사진 대조 1차 교정본,1728,"02:43:46,350 --> 02:43:47,650",1.3,귀가 민감하니까.,괜찮지?,그래도 그건 마지막에 해.,중립·혼합형,sub_1728_9826.4s.jpg,0.05,,,25.0,90.0,50.0,78.0,75.0,0.68521,0.0,66.0,0.0,0.0,0.2694,유두를 좋아하니까.,젖꼭지를 좋아하니까.,,43.84,T3,화자·문맥·자연스러움 집중 검토,,84.89630297565374,61.08,P2,앞뒤 5블록·사진·오류 기억을 함께 검토
SSIS-575,사진 대조 1차 교정본,1729,"02:43:48,130 --> 02:43:50,390",2.26,그래도 그건 마지막에 해.,귀가 민감하니까.,정말 약하네.,반말형,sub_1729_9828.1s.jpg,0.03,,,25.0,90.0,50.0,78.0,75.0,0.79566,0.0,66.0,0.0,0.0,0.2988,그건 안 돼.,여기로 와.,일본어 원문 + 타임스탬프 사진 + 장면 연속성,48.48,T3,화자·문맥·자연스러움 집중 검토,,94.54463480613165,67.83,P2,앞뒤 5블록·사진·오류 기억을 함께 검토
SSIS-575,사진 대조 1차 교정본,1730,"02:43:51,530 --> 02:43:52,590",1.06,정말 약하네.,그래도 그건 마지막에 해.,역시 귀가 약해.,반말형,sub_1730_9831.5s.jpg,0.03,,,25.0,90.0,50.0,78.0,75.0,0.70068,0.0,66.0,0.0,0.0,0.2572,정말 좋아.,거기 좋아.,타임스탬프 사진과 장면 흐름으로 명백한 오인식 교정,44.49,T3,화자·문맥·자연스러움 집중 검토,,86.51938683498648,62.14,P2,앞뒤 5블록·사진·오류 기억을 함께 검토
SSIS-575,사진 대조 1차 교정본,1731,"02:43:52,690 --> 02:43:53,610",0.92,역시 귀가 약해.,정말 약하네.,뺄게.,반말형,sub_1731_9832.7s.jpg,0.01,,,25.0,90.0,50.0,78.0,75.0,0.68277,0.0,66.0,0.0,0.0,0.2417,역시 움직여 줄게.,이제 움직여 줄게.,사진 장면 확인 및 한국어 번역투·ASR 오역 교정,43.74,T3,화자·문맥·자연스러움 집중 검토,,84.49053201082056,60.86,P2,앞뒤 5블록·사진·오류 기억을 함께 검토
SSIS-575,사진 대조 1차 교정본,1732,"02:43:56,430 --> 02:43:57,310",0.88,뺄게.,역시 귀가 약해.,가득 찼어.,중립·혼합형,sub_1732_9836.4s.jpg,0.03,,,25.0,90.0,50.0,78.0,75.0,0.3334,0.0,66.0,0.0,0.0,0.1041,그러게.,목욕하면서 이러는 거…,일본어 원문 + 타임스탬프 사진 + 장면 연속성,29.06,T4,구조검사 통과 시 유지,,29.50856627592426,29.25,P4,회귀검사 통과 시 유지
SSIS-575,사진 대조 1차 교정본,1733,"02:44:04,170 --> 02:44:05,030",0.86,가득 찼어.,뺄게.,"아, 누워 버렸네.",반응형,sub_1733_9844.2s.jpg,0.03,,,25.0,90.0,50.0,78.0,75.0,0.42578,0.0,66.0,0.0,0.0,0.225,기분 좋아. 안 돼요. 가득 차서 나와버려요.,기분 좋아. 안 돼요. 가득 차서 나와 버려요.,,32.94,T4,구조검사 통과 시 유지,,43.733092876465285,37.47,P4,회귀검사 통과 시 유지
SSIS-575,사진 대조 1차 교정본,1734,"02:44:05,030 --> 02:44:06,210",1.18,"아, 누워 버렸네.",가득 찼어.,"잠깐만, 빼야 해.",반응형,sub_1734_9845.0s.jpg,0.03,,,25.0,90.0,50.0,78.0,75.0,0.66127,0.0,66.0,0.0,0.0,0.4957,또 무직이 돼 버렸네.,또 갈 것 같아…,타임스탬프 사진으로 장면 불일치 확인 후 재복원,42.83,T3,화자·문맥·자연스러움 집중 검토,,81.9882777276826,59.28,P2,앞뒤 5블록·사진·오류 기억을 함께 검토
SSIS-575,사진 대조 1차 교정본,1735,"02:44:09,610 --> 02:44:10,730",1.12,"잠깐만, 빼야 해.","아, 누워 버렸네.","응, 빼 줘.",반응형,sub_1735_9849.6s.jpg,0.01,,,25.0,90.0,50.0,78.0,79.0,0.82929,4.56,66.0,0.0,0.0,0.688,"잠깐만,",잠깐만,,50.95,T3,화자·문맥·자연스러움 집중 검토,,97.74571686203787,70.6,P2,앞뒤 5블록·사진·오류 기억을 함께 검토
SSIS-575,사진 대조 1차 교정본,1736,"02:44:11,290 --> 02:44:12,170",0.88,"응, 빼 줘.","잠깐만, 빼야 해.",고마워.,반응형,sub_1736_9851.3s.jpg,0.01,,,25.0,90.0,50.0,78.0,79.0,0.85468,0.0,66.0,0.0,0.0,0.3595,좀 더 해 줘.,보여?,일본어 원문 + 타임스탬프 사진 + 장면 연속성,51.2,T3,화자·문맥·자연스러움 집중 검토,,97.8809738503156,70.81,P2,앞뒤 5블록·사진·오류 기억을 함께 검토
SSIS-575,사진 대조 1차 교정본,1737,"02:44:12,610 --> 02:44:12,810",0.2,고마워.,"응, 빼 줘.",잔뜩 나왔어.,중립·혼합형,sub_1737_9852.6s.jpg,0.01,,,25.0,90.0,50.0,78.0,75.0,0.3614,42.0,66.0,30.0,0.0,1.0,고마워.,손으로 잡아 줘.,일본어 원문 + 타임스탬프 사진 + 장면 연속성,40.8,T3,화자·문맥·자연스러움 집중 검토,high_cps,75.27051397655545,55.28,P3,말투·질문응답·가독성 위주 검토
SSIS-575,사진 대조 1차 교정본,1738,"02:44:23,390 --> 02:44:23,710",0.32,잔뜩 나왔어.,고마워.,별로…,반응형,sub_1738_9863.4s.jpg,0.01,,,25.0,90.0,50.0,78.0,75.0,0.6042,0.0,66.0,25.0,0.0,0.3801,잔뜩 쌀 거야.,걱정 마.,화면 영문 자막 대조,42.94,T3,화자·문맥·자연스러움 집중 검토,borderline_cps,82.30387736699728,59.47,P2,앞뒤 5블록·사진·오류 기억을 함께 검토
SSIS-575,사진 대조 1차 교정본,1739,"02:44:25,190 --> 02:44:25,690",0.5,별로…,잔뜩 나왔어.,별로 안 나왔어.,중립·혼합형,sub_1739_9865.2s.jpg,0.01,,,25.0,90.0,50.0,78.0,75.0,0.24664,0.0,66.0,0.0,0.0,0.4894,"맞아요, 2달 정도, 별로…","네, 길어야 두세 달 정도라…",일본어 원문 대조 + 자연스러운 한국어 대사 교정,25.42,T4,구조검사 통과 시 유지,,18.665464382326423,22.58,P4,회귀검사 통과 시 유지
SSIS-575,사진 대조 1차 교정본,1740,"02:44:26,170 --> 02:44:26,430",0.26,별로 안 나왔어.,별로…,보여 줄게.,반응형,sub_1740_9866.2s.jpg,0.03,,,25.0,90.0,50.0,78.0,75.0,0.59334,0.0,66.0,64.62,0.0,0.301,나왔어…,"아, 물 나왔어…",,46.44,T3,화자·문맥·자연스러움 집중 검토,high_cps,90.892696122633,65.11,P2,앞뒤 5블록·사진·오류 기억을 함께 검토
SSIS-575,사진 대조 1차 교정본,1741,"02:44:28,790 --> 02:44:29,830",1.04,보여 줄게.,별로 안 나왔어.,누워 있어.,중립·혼합형,sub_1741_9868.8s.jpg,0.01,,,25.0,90.0,50.0,78.0,75.0,0.46005,0.0,66.0,0.0,0.0,0.5193,역시 움직여 줄게.,이제 움직여 줄게.,사진 장면 확인 및 한국어 번역투·ASR 오역 교정,34.38,T4,구조검사 통과 시 유지,,49.27862939585212,40.64,P3,말투·질문응답·가독성 위주 검토
SSIS-575,사진 대조 1차 교정본,1742,"02:44:30,330 --> 02:44:31,230",0.9,누워 있어.,보여 줄게.,그대로 누워 있어.,반응형,sub_1742_9870.3s.jpg,0.03,,,25.0,90.0,50.0,78.0,75.0,0.35193,0.0,66.0,0.0,0.0,0.5073,누워 있었어.,더 뿜어봐.,,29.84,T4,구조검사 통과 시 유지,,31.965734896302976,30.73,P4,회귀검사 통과 시 유지
SSIS-575,사진 대조 1차 교정본,1743,"02:44:32,190 --> 02:44:33,010",0.82,그대로 누워 있어.,누워 있어.,"아, 휴지.",반응형,sub_1743_9872.2s.jpg,0.01,,,25.0,90.0,50.0,78.0,75.0,0.4034,0.0,66.0,0.0,0.0,0.3866,누워 있었어.,더 뿜어봐.,,32.0,T4,구조검사 통과 시 유지,,39.92335437330929,35.33,P4,회귀검사 통과 시 유지
SSIS-575,사진 대조 1차 교정본,1744,"02:44:34,330 --> 02:44:36,250",1.92,"아, 휴지.",그대로 누워 있어.,고마워.,반응형,sub_1744_9874.3s.jpg,0.03,,,25.0,90.0,50.0,78.0,75.0,0.33378,0.0,66.0,0.0,0.0,0.3964,"아, 아, 아, 아, 아, 아, 아,","아, 아, 아, 아, 아, 아, 아",,29.08,T4,구조검사 통과 시 유지,,29.643823264201984,29.32,P4,회귀검사 통과 시 유지
SSIS-575,사진 대조 1차 교정본,1745,"02:44:38,990 --> 02:44:39,350",0.36,고마워.,"아, 휴지.","아, 나와 버렸어.",중립·혼합형,sub_1745_9879.0s.jpg,0.01,,,25.0,90.0,50.0,78.0,75.0,0.28606,42.0,66.0,0.0,0.0,1.0,고마워.,손으로 잡아 줘.,일본어 원문 + 타임스탬프 사진 + 장면 연속성,34.63,T4,구조검사 통과 시 유지,,50.518485121731295,41.3,P3,말투·질문응답·가독성 위주 검토
SSIS-575,사진 대조 1차 교정본,1746,"02:44:42,630 --> 02:44:43,630",1.0,"아, 나와 버렸어.",고마워.,콘돔이 의미가 없네.,반응형,sub_1746_9882.6s.jpg,0.03,,,25.0,90.0,50.0,78.0,75.0,0.60223,15.8,66.0,0.0,0.0,0.7817,"아, 가 버렸어.",끈이 아직 남아 있어요.,일본어 원문 + 타임스탬프 사진 + 장면 연속성,43.2,T3,화자·문맥·자연스러움 집중 검토,,82.82236248872859,59.84,P2,앞뒤 5블록·사진·오류 기억을 함께 검토
SSIS-575,사진 대조 1차 교정본,1747,"02:44:44,430 --> 02:44:45,590",1.16,콘돔이 의미가 없네.,"아, 나와 버렸어.",나왔어?,반말형,sub_1747_9884.4s.jpg,0.03,,,25.0,90.0,50.0,78.0,75.0,0.51046,0.0,66.0,0.0,0.0,0.2328,"있잖아, 전혀 못 했잖아. 별거 없네.","있잖아, 아직 제대로 못 했잖아.",사진 장면 확인 및 한국어 번역투·ASR 오역 교정,36.5,T3,화자·문맥·자연스러움 집중 검토,,57.123534715960325,45.16,P3,말투·질문응답·가독성 위주 검토
SSIS-575,사진 대조 1차 교정본,1748,"02:44:46,050 --> 02:44:46,910",0.86,나왔어?,콘돔이 의미가 없네.,더 하고 싶었어?,반응형,sub_1748_9886.0s.jpg,0.05,,,25.0,90.0,50.0,78.0,75.0,0.26023,0.0,66.0,0.0,0.0,0.5184,나왔어…? [안전상 번역 불가]… 나왔어?,나왔어…? [불명]… 나왔어?,,25.99,T4,구조검사 통과 시 유지,,19.815148782687107,23.4,P4,회귀검사 통과 시 유지
SSIS-575,사진 대조 1차 교정본,1749,"02:44:49,050 --> 02:44:50,210",1.16,더 하고 싶었어?,나왔어?,응.,반응형,sub_1749_9889.0s.jpg,0.05,,,25.0,90.0,50.0,78.0,75.0,0.48033,0.0,66.0,0.0,0.0,0.5622,더 하고 싶었어요.,조금 더 보고 싶었어요.,사진 장면 확인 및 한국어 번역투·ASR 오역 교정,35.23,T3,화자·문맥·자연스러움 집중 검토,,52.38954012623985,42.44,P3,말투·질문응답·가독성 위주 검토
SSIS-575,사진 대조 1차 교정본,1750,"02:44:51,530 --> 02:44:52,010",0.48,응.,더 하고 싶었어?,어떤 걸 하고 싶었어?,반응형,sub_1750_9891.5s.jpg,0.03,,,25.0,90.0,50.0,78.0,75.0,0.02103,0.0,66.0,0.0,0.0,0.4021,"하-, 응.",하아… 응.,,15.94,T4,구조검사 통과 시 유지,,6.582506762849413,12.01,P4,회귀검사 통과 시 유지
SSIS-575,사진 대조 1차 교정본,1751,"02:44:52,590 --> 02:44:53,670",1.08,어떤 걸 하고 싶었어?,응.,정상위로 하고 싶었어.,반응형,sub_1751_9892.6s.jpg,0.01,,,25.0,90.0,50.0,78.0,75.0,0.57475,0.0,66.0,0.0,0.0,0.4019,정말 하고 싶었어.,봐도 돼?,일본어 원문 + 타임스탬프 사진 + 장면 연속성,39.2,T3,화자·문맥·자연스러움 집중 검토,,68.73309287646528,51.6,P3,말투·질문응답·가독성 위주 검토
SSIS-575,사진 대조 1차 교정본,1752,"02:44:55,310 --> 02:44:56,490",1.18,정상위로 하고 싶었어.,어떤 걸 하고 싶었어?,"아, 정상위가 하고 싶었어?",반응형,sub_1752_9895.3s.jpg,0.01,,,25.0,90.0,50.0,78.0,75.0,0.53271,0.0,66.0,0.0,0.0,0.6296,정말 하고 싶었어.,봐도 돼?,일본어 원문 + 타임스탬프 사진 + 장면 연속성,37.43,T3,화자·문맥·자연스러움 집중 검토,,61.113615870153296,47.38,P3,말투·질문응답·가독성 위주 검토
SSIS-575,사진 대조 1차 교정본,1753,"02:44:56,770 --> 02:44:58,790",2.02,"아, 정상위가 하고 싶었어?",정상위로 하고 싶었어.,응.,반응형,sub_1753_9896.8s.jpg,0.03,,,25.0,90.0,50.0,78.0,75.0,0.6129,0.0,66.0,0.0,0.0,0.3377,정말 하고 싶었어.,봐도 돼?,일본어 원문 + 타임스탬프 사진 + 장면 연속성,40.8,T3,화자·문맥·자연스러움 집중 검토,,75.27051397655545,55.28,P3,말투·질문응답·가독성 위주 검토
SSIS-575,사진 대조 1차 교정본,1754,"02:44:58,950 --> 02:44:59,050",0.1,응.,"아, 정상위가 하고 싶었어?",그래.,반응형,sub_1754_9899.0s.jpg,0.05,,,25.0,90.0,50.0,78.0,75.0,0.01899,0.0,66.0,30.0,0.0,0.4021,"하-, 응.",하아… 응.,,18.86,T4,구조검사 통과 시 유지,high_cps,9.828674481514877,15.07,P4,회귀검사 통과 시 유지
SSIS-575,사진 대조 1차 교정본,1755,"02:45:02,270 --> 02:45:02,750",0.48,그래.,응.,그럼 할까?,중립·혼합형,sub_1755_9902.3s.jpg,0.03,,,25.0,90.0,50.0,78.0,75.0,0.37075,28.85,66.0,0.0,0.0,0.8904,"아, 그래.",간다.,화면 영문 자막 대조,35.82,T3,화자·문맥·자연스러움 집중 검토,,54.891794409377816,43.83,P3,말투·질문응답·가독성 위주 검토
SSIS-575,사진 대조 1차 교정본,1756,"02:45:02,750 --> 02:45:02,990",0.24,그럼 할까?,그래.,응.,중립·혼합형,sub_1756_9902.8s.jpg,0.05,,,25.0,90.0,50.0,78.0,75.0,0.54912,7.41,66.0,34.17,0.0,0.7118,뭐 할까?,내가 먼저?,일본어 원문 + 타임스탬프 사진 + 장면 연속성,42.87,T3,화자·문맥·자연스러움 집중 검토,high_cps,82.12353471596032,59.36,P2,앞뒤 5블록·사진·오류 기억을 함께 검토
SSIS-575,사진 대조 1차 교정본,1757,"02:45:05,930 --> 02:45:06,410",0.48,응.,그럼 할까?,후후후.,반응형,sub_1757_9905.9s.jpg,0.03,,,25.0,90.0,50.0,78.0,75.0,0.03693,0.0,66.0,0.0,0.0,0.4021,"하-, 응.",하아… 응.,,16.61,T4,구조검사 통과 시 유지,,8.160504959422903,13.06,P4,회귀검사 통과 시 유지
SSIS-575,사진 대조 1차 교정본,1758,"02:45:06,750 --> 02:45:08,550",1.8,후후후.,응.,결국 계속할 거야?,중립·혼합형,sub_1758_9906.8s.jpg,0.05,,,25.0,90.0,50.0,78.0,75.0,0.35467,0.0,66.0,0.0,0.0,0.3327,"후후후, 어서 와.","후후후, 차가워!",손상된 일본어 ASR + 타임스탬프 사진 + 앞뒤 문맥 추론,29.96,T4,구조검사 통과 시 유지,,32.14607754733995,30.88,P4,회귀검사 통과 시 유지
SSIS-575,사진 대조 1차 교정본,1759,"02:45:09,190 --> 02:45:10,630",1.44,결국 계속할 거야?,후후후.,좋네.,반말형,sub_1759_9909.2s.jpg,0.01,,,25.0,90.0,50.0,78.0,75.0,0.66022,0.0,66.0,0.0,0.0,0.3033,그래도 지금 일을 오래 계속할 수 있도록요.,지금 일을 오래 계속하는 게 목표예요.,사진 장면 확인 및 한국어 번역투·ASR 오역 교정,42.79,T3,화자·문맥·자연스러움 집중 검토,,81.78539224526601,59.17,P2,앞뒤 5블록·사진·오류 기억을 함께 검토
SSIS-575,사진 대조 1차 교정본,1760,"02:45:10,950 --> 02:45:11,450",0.5,좋네.,결국 계속할 거야?,그럼 뭐였지?,반말형,sub_1760_9911.0s.jpg,0.05,,,25.0,90.0,50.0,78.0,75.0,0.35202,42.0,66.0,0.0,0.0,1.0,좋네.,좋아.,일본어 원문 대조 + 자연스러운 한국어 대사 교정,37.4,T3,화자·문맥·자연스러움 집중 검토,,60.93327321911632,47.28,P3,말투·질문응답·가독성 위주 검토
SSIS-575,사진 대조 1차 교정본,1761,"02:45:18,600 --> 02:45:19,580",0.98,그럼 뭐였지?,좋네.,정말?,반말형,sub_1761_9918.6s.jpg,0.0,,,25.0,90.0,50.0,78.0,75.0,0.49209,0.0,66.0,0.0,0.0,0.2309,무슨 얘기였지?,어때?,일본어 원문 + 타임스탬프 사진 + 장면 연속성,35.73,T3,화자·문맥·자연스러움 집중 검토,,54.62128043282236,43.66,P3,말투·질문응답·가독성 위주 검토
SSIS-575,사진 대조 1차 교정본,1762,"02:45:20,120 --> 02:45:20,560",0.44,정말?,그럼 뭐였지?,응.,중립·혼합형,sub_1762_9920.1s.jpg,0.02,,,25.0,90.0,50.0,78.0,75.0,0.19287,42.0,66.0,0.0,0.0,1.0,정말?,응.,일본어 원문 + 타임스탬프 사진 + 장면 연속성,30.72,T4,구조검사 통과 시 유지,,34.64833183047791,32.37,P4,회귀검사 통과 시 유지
SSIS-575,사진 대조 1차 교정본,1763,"02:45:20,880 --> 02:45:21,040",0.16,응.,정말?,다시 설 때까지.,반응형,sub_1763_9920.9s.jpg,0.02,,,25.0,90.0,50.0,78.0,75.0,0.01672,0.0,66.0,0.0,0.0,0.4021,"하-, 응.",하아… 응.,,15.76,T4,구조검사 통과 시 유지,,5.207394048692516,11.33,P4,회귀검사 통과 시 유지
SSIS-575,사진 대조 1차 교정본,1764,"02:45:21,640 --> 02:45:22,680",1.04,다시 설 때까지.,응.,처음이야?,반말형,sub_1764_9921.6s.jpg,0.04,,,25.0,90.0,50.0,78.0,75.0,0.5654,0.0,66.0,0.0,0.0,0.2044,다시 할 수 있을 때...,다시 할 수 있을 때…,,38.81,T3,화자·문맥·자연스러움 집중 검토,,67.35798016230838,50.8,P3,말투·질문응답·가독성 위주 검토
SSIS-575,사진 대조 1차 교정본,1765,"02:45:39,070 --> 02:45:40,190",1.12,처음이야?,다시 설 때까지.,이건 처음?,반말형,sub_1765_9939.1s.jpg,0.03,,,25.0,90.0,50.0,78.0,75.0,0.37467,12.5,66.0,0.0,0.0,0.7542,해보는 거 처음이야?,해 보는 거 처음이야?,,33.05,T4,구조검사 통과 시 유지,,44.251577998196574,37.75,P4,회귀검사 통과 시 유지
SSIS-575,사진 대조 1차 교정본,1766,"02:45:41,370 --> 02:45:42,250",0.88,이건 처음?,처음이야?,응.,중립·혼합형,sub_1766_9941.4s.jpg,0.03,,,25.0,90.0,50.0,78.0,75.0,0.48911,0.0,66.0,0.0,0.0,0.2718,이건 좀 대단하네.,"와, 이건 대단하네.",손상된 일본어 ASR + 타임스탬프 사진 + 앞뒤 문맥 추론,35.6,T3,화자·문맥·자연스러움 집중 검토,,53.9224526600541,43.3,P3,말투·질문응답·가독성 위주 검토
SSIS-575,사진 대조 1차 교정본,1767,"02:45:42,530 --> 02:45:42,610",0.08,응.,이건 처음?,잔뜩 핥아 줄게.,반응형,sub_1767_9942.5s.jpg,0.03,,,25.0,90.0,50.0,78.0,75.0,0.03586,0.0,66.0,55.0,0.0,0.4021,"하-, 응.",하아… 응.,,22.07,T4,구조검사 통과 시 유지,high_cps,12.353471596032461,17.99,P4,회귀검사 통과 시 유지
SSIS-575,사진 대조 1차 교정본,1768,"02:45:53,050 --> 02:45:54,370",1.32,잔뜩 핥아 줄게.,응.,응.,반응형,sub_1768_9953.0s.jpg,0.05,,,25.0,90.0,50.0,78.0,79.0,0.75922,0.0,66.0,0.0,0.0,0.4403,내가 잡아 줄게.,목욕하면서…,일본어 원문 + 타임스탬프 사진 + 장면 연속성,47.19,T3,화자·문맥·자연스러움 집중 검토,,92.380522993688,66.17,P2,앞뒤 5블록·사진·오류 기억을 함께 검토
SSIS-575,사진 대조 1차 교정본,1769,"02:45:54,950 --> 02:45:55,030",0.08,응.,잔뜩 핥아 줄게.,기분 좋아?,반응형,sub_1769_9955.0s.jpg,0.05,,,25.0,90.0,50.0,78.0,75.0,0.03302,0.0,66.0,55.0,0.0,0.4021,"하-, 응.",하아… 응.,,21.95,T4,구조검사 통과 시 유지,high_cps,12.173128944995492,17.84,P4,회귀검사 통과 시 유지
SSIS-575,사진 대조 1차 교정본,1770,"02:46:18,340 --> 02:46:18,880",0.54,기분 좋아?,응.,응.,반응형,sub_1770_9978.3s.jpg,0.04,,,25.0,90.0,50.0,78.0,75.0,0.28044,0.0,66.0,0.0,0.0,0.561,"아, 거기... 기분 좋아?","아, 거기… 기분 좋아?",,26.84,T4,구조검사 통과 시 유지,,22.452660054102797,25.0,P4,회귀검사 통과 시 유지
SSIS-575,사진 대조 1차 교정본,1771,"02:46:19,280 --> 02:46:19,800",0.52,응.,기분 좋아?,잠깐만.,반응형,sub_1771_9979.3s.jpg,0.02,,,25.0,90.0,50.0,78.0,75.0,0.03091,0.0,66.0,0.0,0.0,0.4021,"하-, 응.",하아… 응.,,16.36,T4,구조검사 통과 시 유지,,7.91253381424707,12.81,P4,회귀검사 통과 시 유지
SSIS-575,사진 대조 1차 교정본,1772,"02:46:25,470 --> 02:46:26,410",0.94,잠깐만.,응.,큰일이야.,반응형,sub_1772_9985.5s.jpg,0.03,,,25.0,90.0,50.0,78.0,75.0,0.38168,10.88,66.0,0.0,0.0,0.7406,하아… 잠깐만.,목욕물 받아 놓은 거지?,일본어 원문 + 타임스탬프 사진 + 장면 연속성,33.05,T4,구조검사 통과 시 유지,,44.251577998196574,37.75,P4,회귀검사 통과 시 유지
SSIS-575,사진 대조 1차 교정본,1773,"02:46:26,410 --> 02:46:28,190",1.78,큰일이야.,잠깐만.,조금씩 다시 서기 시작했어?,반말형,sub_1773_9986.4s.jpg,0.01,,,25.0,90.0,50.0,78.0,75.0,0.34441,1.5,66.0,0.0,0.0,0.6625,"아, 큰일이야...","아, 큰일이야…",,29.8,T4,구조검사 통과 시 유지,,31.807935076645627,30.64,P4,회귀검사 통과 시 유지
SSIS-575,사진 대조 1차 교정본,1774,"02:46:32,890 --> 02:46:34,430",1.54,조금씩 다시 서기 시작했어?,큰일이야.,"응, 돌아왔어.",반응형,sub_1774_9992.9s.jpg,0.01,,,25.0,90.0,50.0,78.0,75.0,0.57717,0.0,66.0,0.0,0.0,0.2355,그게 아니라 조금씩 정리해.,그게 아니라 조금씩 먹어.,타임스탬프 사진과 앞뒤 장면으로 대사 기능 복원,39.3,T3,화자·문맥·자연스러움 집중 검토,,69.47700631199278,51.97,P3,말투·질문응답·가독성 위주 검토
SSIS-575,사진 대조 1차 교정본,1775,"02:46:34,610 --> 02:46:35,750",1.14,"응, 돌아왔어.",조금씩 다시 서기 시작했어?,정말?,반응형,sub_1775_9994.6s.jpg,0.01,,,25.0,90.0,50.0,78.0,75.0,0.38574,0.0,66.0,0.0,0.0,0.3206,보너스 장면으로 다시 돌아왔어요.,이번엔 네가 위에서 해 봐.,타임스탬프 사진과 장면 흐름으로 명백한 오인식 교정,31.26,T4,구조검사 통과 시 유지,,37.01532912533814,33.68,P4,회귀검사 통과 시 유지
SSIS-575,사진 대조 1차 교정본,1776,"02:46:35,810 --> 02:46:36,090",0.28,정말?,"응, 돌아왔어.","아, 할 수 있을 것 같아.",중립·혼합형,sub_1776_9995.8s.jpg,0.01,,,25.0,90.0,50.0,78.0,75.0,0.14428,42.0,66.0,0.0,0.0,1.0,정말?,응.,일본어 원문 + 타임스탬프 사진 + 장면 연속성,28.68,T4,구조검사 통과 시 유지,,27.953110910730388,28.37,P4,회귀검사 통과 시 유지
SSIS-575,사진 대조 1차 교정본,1777,"02:46:58,780 --> 02:47:00,020",1.24,"아, 할 수 있을 것 같아.",정말?,정말?,중립·혼합형,sub_1777_10018.8s.jpg,0.02,,,25.0,90.0,50.0,78.0,75.0,0.60166,0.0,66.0,0.0,0.0,0.5251,갈 것 같아.,진짜 갈 것 같아.,일본어 원문 대조 + 자연스러운 한국어 대사 교정,40.33,T3,화자·문맥·자연스러움 집중 검토,,73.39945897204689,54.22,P3,말투·질문응답·가독성 위주 검토
SSIS-575,사진 대조 1차 교정본,1778,"02:47:00,260 --> 02:47:00,580",0.32,정말?,"아, 할 수 있을 것 같아.",응.,중립·혼합형,sub_1778_10020.3s.jpg,0.04,,,25.0,90.0,50.0,78.0,75.0,0.13689,42.0,66.0,0.0,0.0,1.0,정말?,응.,일본어 원문 + 타임스탬프 사진 + 장면 연속성,28.37,T4,구조검사 통과 시 유지,,27.09648331830478,27.84,P4,회귀검사 통과 시 유지
SSIS-575,사진 대조 1차 교정본,1779,"02:47:00,820 --> 02:47:00,960",0.14,응.,정말?,할 수 있어?,반응형,sub_1779_10020.8s.jpg,0.02,,,25.0,90.0,50.0,78.0,75.0,0.0208,0.0,66.0,0.0,0.0,0.4021,"하-, 응.",하아… 응.,,15.93,T4,구조검사 통과 시 유지,,6.469792605951308,11.96,P4,회귀검사 통과 시 유지
SSIS-575,사진 대조 1차 교정본,1780,"02:47:01,140 --> 02:47:01,560",0.42,할 수 있어?,응.,많이 할래?,반응형,sub_1780_10021.1s.jpg,0.04,,,25.0,90.0,50.0,78.0,75.0,0.57863,0.0,66.0,0.0,0.0,0.5412,자고 있어?,땀나?,사진 장면 확인 및 한국어 번역투·ASR 오역 교정,39.36,T3,화자·문맥·자연스러움 집중 검토,,69.67989179440937,52.09,P3,말투·질문응답·가독성 위주 검토
SSIS-575,사진 대조 1차 교정본,1781,"02:47:02,000 --> 02:47:05,020",3.02,많이 할래?,할 수 있어?,할래.,중립·혼합형,sub_1781_10022.0s.jpg,0.0,,,25.0,90.0,50.0,78.0,75.0,0.54428,11.81,66.0,0.0,0.0,0.7484,뭐 할래?,"응, 이쪽으로.",일본어 원문 + 타임스탬프 사진 + 장면 연속성,40.05,T3,화자·문맥·자연스러움 집중 검토,,72.20468890892697,53.55,P3,말투·질문응답·가독성 위주 검토
SSIS-575,사진 대조 1차 교정본,1782,"02:47:05,420 --> 02:47:05,860",0.44,할래.,많이 할래?,잔뜩 묻었네.,중립·혼합형,sub_1782_10025.4s.jpg,0.02,,,25.0,90.0,50.0,78.0,75.0,0.46752,0.0,66.0,0.0,0.0,0.2461,뭐 할래?,"응, 이쪽으로.",일본어 원문 + 타임스탬프 사진 + 장면 연속성,34.7,T4,구조검사 통과 시 유지,,50.81154192966637,41.47,P3,말투·질문응답·가독성 위주 검토
SSIS-575,사진 대조 1차 교정본,1783,"02:47:21,590 --> 02:47:22,750",1.16,잔뜩 묻었네.,할래.,돌려 봐.,반말형,sub_1783_10041.6s.jpg,0.01,,,25.0,90.0,50.0,78.0,75.0,0.58251,0.0,66.0,0.0,0.0,0.3446,잔뜩 쌀 거야.,걱정 마.,화면 영문 자막 대조,39.53,T3,화자·문맥·자연스러움 집중 검토,,70.33363390441839,52.47,P3,말투·질문응답·가독성 위주 검토
SSIS-575,사진 대조 1차 교정본,1784,"02:47:23,550 --> 02:47:24,510",0.96,돌려 봐.,잔뜩 묻었네.,"아, 될 것 같아.",중립·혼합형,sub_1784_10043.5s.jpg,0.05,,,25.0,90.0,50.0,78.0,75.0,0.33127,0.0,66.0,0.0,0.0,0.4095,몸을 돌려 보세요...,몸을 돌려 보세요…,,28.97,T4,구조검사 통과 시 유지,,29.170423805229937,29.05,P4,회귀검사 통과 시 유지
SSIS-575,사진 대조 1차 교정본,1785,"02:47:24,510 --> 02:47:27,550",3.04,"아, 될 것 같아.",돌려 봐.,빨아 볼까.,반응형,sub_1785_10044.5s.jpg,0.01,,,25.0,90.0,50.0,78.0,75.0,0.64331,0.0,66.0,0.0,0.0,0.6222,갈 것 같아.,진짜 갈 것 같아.,일본어 원문 대조 + 자연스러운 한국어 대사 교정,42.08,T3,화자·문맥·자연스러움 집중 검토,,79.4409377817854,57.77,P3,말투·질문응답·가독성 위주 검토
SSIS-575,사진 대조 1차 교정본,1786,"02:47:30,650 --> 02:47:30,670",0.02,빨아 볼까.,"아, 될 것 같아.","아, 빨아도 될 것 같아.",반응형,sub_1786_10050.6s.jpg,0.05,,,25.0,90.0,50.0,78.0,75.0,0.74507,0.0,66.0,70.0,0.0,0.275,열어볼까.,열어 볼게.,일본어 원문 + 타임스탬프 사진 + 장면 연속성,53.35,T3,화자·문맥·자연스러움 집중 검토,high_cps,99.0532010820559,72.55,P1,장면 패킷을 열고 후보 3개를 생성해 반증 검토
SSIS-575,사진 대조 1차 교정본,1787,"02:47:30,670 --> 02:47:31,050",0.38,"아, 빨아도 될 것 같아.",빨아 볼까.,정말?,반응형,sub_1787_10050.7s.jpg,0.03,,,25.0,90.0,50.0,78.0,75.0,0.71202,0.0,66.0,61.58,0.0,0.443,갈 것 같아.,진짜 갈 것 같아.,일본어 원문 대조 + 자연스러운 한국어 대사 교정,51.12,T3,화자·문맥·자연스러움 집중 검토,high_cps,97.83588818755635,70.74,P2,앞뒤 5블록·사진·오류 기억을 함께 검토
SSIS-575,사진 대조 1차 교정본,1788,"02:47:31,050 --> 02:47:31,990",0.94,정말?,"아, 빨아도 될 것 같아.",응.,중립·혼합형,sub_1788_10051.0s.jpg,0.05,,,25.0,90.0,50.0,78.0,75.0,0.14673,42.0,66.0,0.0,0.0,1.0,정말?,응.,일본어 원문 + 타임스탬프 사진 + 장면 연속성,28.78,T4,구조검사 통과 시 유지,,28.44905320108206,28.64,P4,회귀검사 통과 시 유지
SSIS-575,사진 대조 1차 교정본,1789,"02:47:31,990 --> 02:47:32,090",0.1,응.,정말?,좋아.,반응형,sub_1789_10052.0s.jpg,0.01,,,25.0,90.0,50.0,78.0,75.0,0.01513,0.0,66.0,25.0,0.0,0.4021,"하-, 응.",하아… 응.,,18.2,T4,구조검사 통과 시 유지,borderline_cps,9.332732191163212,14.48,P4,회귀검사 통과 시 유지
SSIS-575,사진 대조 1차 교정본,1790,"02:47:56,620 --> 02:47:57,720",1.1,좋아.,응.,그럼 내가 누워도 돼?,반응형,sub_1790_10076.6s.jpg,0.02,,,25.0,90.0,50.0,78.0,75.0,0.09239,16.19,66.0,0.0,0.0,0.7849,"아, 좋아.","아, 들어온다.",,21.85,T4,구조검사 통과 시 유지,,12.128043282236249,17.77,P4,회귀검사 통과 시 유지
SSIS-575,사진 대조 1차 교정본,1791,"02:47:58,160 --> 02:47:59,440",1.28,그럼 내가 누워도 돼?,좋아.,응.,중립·혼합형,sub_1791_10078.2s.jpg,0.04,,,25.0,90.0,50.0,78.0,75.0,0.4456,0.0,66.0,0.0,0.0,0.2415,그럼 네가 갈 수 있게 내가 노력해볼게.,그럼 네가 갈 수 있게 내가 노력해 볼게.,,33.78,T4,구조검사 통과 시 유지,,46.776375112714156,39.24,P4,회귀검사 통과 시 유지
SSIS-575,사진 대조 1차 교정본,1792,"02:47:59,800 --> 02:48:00,100",0.3,응.,그럼 내가 누워도 돼?,그럼 넣을게.,반응형,sub_1792_10079.8s.jpg,0.0,,,25.0,90.0,50.0,78.0,75.0,0.02308,0.0,66.0,0.0,0.0,0.4021,"하-, 응.",하아… 응.,,16.03,T4,구조검사 통과 시 유지,,7.010820559062219,12.24,P4,회귀검사 통과 시 유지
SSIS-575,사진 대조 1차 교정본,1793,"02:48:23,920 --> 02:48:24,780",0.86,그럼 넣을게.,응.,응.,중립·혼합형,sub_1793_10103.9s.jpg,0.02,,,25.0,90.0,50.0,78.0,79.0,0.67574,0.0,66.0,0.0,0.0,0.2068,엉덩이를 먹을게.,엉덩이도 핥아 줄게.,,43.68,T3,화자·문맥·자연스러움 집중 검토,,84.31018935978359,60.74,P2,앞뒤 5블록·사진·오류 기억을 함께 검토
SSIS-575,사진 대조 1차 교정본,1794,"02:48:24,940 --> 02:48:25,200",0.26,응.,그럼 넣을게.,응.,반응형,sub_1794_10104.9s.jpg,0.04,,,25.0,90.0,50.0,78.0,75.0,0.01814,0.0,66.0,0.0,0.0,0.4021,"하-, 응.",하아… 응.,,15.82,T4,구조검사 통과 시 유지,,5.613165013525699,11.53,P4,회귀검사 통과 시 유지
SSIS-575,사진 대조 1차 교정본,1795,"02:48:25,200 --> 02:48:25,260",0.06,응.,응.,기분 좋아.,반응형,sub_1795_10105.2s.jpg,0.0,,,25.0,90.0,50.0,78.0,75.0,0.01631,0.0,66.0,70.0,0.0,0.4021,"하-, 응.",하아… 응.,,22.74,T4,구조검사 통과 시 유지,high_cps,13.210099188458072,18.74,P4,회귀검사 통과 시 유지
SSIS-575,사진 대조 1차 교정본,1796,"02:48:57,110 --> 02:48:57,870",0.76,기분 좋아.,응.,그런 각도까지 찍고 있어?,반응형,sub_1796_10137.1s.jpg,0.01,,,25.0,90.0,50.0,78.0,75.0,0.22432,42.0,66.0,0.0,0.0,1.0,기분 좋아.,"아, 좋아.",화면 영문 자막 대조,32.04,T4,구조검사 통과 시 유지,,40.10369702434626,35.43,P4,회귀검사 통과 시 유지
SSIS-575,사진 대조 1차 교정본,1797,"02:49:00,710 --> 02:49:02,890",2.18,그런 각도까지 찍고 있어?,기분 좋아.,응. 정말 예쁘게 찍고 있어.,반응형,sub_1797_10140.7s.jpg,0.01,,,25.0,90.0,50.0,78.0,75.0,0.50197,0.0,66.0,0.0,0.0,0.2927,자고 있어?,땀나?,사진 장면 확인 및 한국어 번역투·ASR 오역 교정,36.14,T3,화자·문맥·자연스러움 집중 검토,,56.15419296663661,44.55,P3,말투·질문응답·가독성 위주 검토
SSIS-575,사진 대조 1차 교정본,1798,"02:49:03,290 --> 02:49:05,270",1.98,응. 정말 예쁘게 찍고 있어.,그런 각도까지 찍고 있어?,기분 좋아.,반응형,sub_1798_10143.3s.jpg,0.01,,,25.0,90.0,50.0,78.0,75.0,0.59365,0.0,66.0,0.0,0.0,0.4296,예쁘게 해서...,예쁘게 해서…,,39.99,T3,화자·문맥·자연스러움 집중 검토,,72.09197475202885,53.47,P3,말투·질문응답·가독성 위주 검토
SSIS-575,사진 대조 1차 교정본,1799,"02:49:25,480 --> 02:49:26,960",1.48,기분 좋아.,응. 정말 예쁘게 찍고 있어.,기분 좋아.,반응형,sub_1799_10165.5s.jpg,0.02,,,25.0,90.0,50.0,78.0,75.0,0.18187,42.0,66.0,0.0,0.0,1.0,기분 좋아.,"아, 좋아.",화면 영문 자막 대조,30.26,T4,구조검사 통과 시 유지,,33.1605049594229,31.48,P4,회귀검사 통과 시 유지
SSIS-575,사진 대조 1차 교정본,1800,"02:49:58,680 --> 02:50:00,180",1.5,기분 좋아.,기분 좋아.,기분 좋아.,반응형,sub_1800_10198.7s.jpg,0.02,,,25.0,90.0,50.0,78.0,75.0,0.17937,42.0,66.0,0.0,30.0,1.0,기분 좋아.,"아, 좋아.",화면 영문 자막 대조,32.55,T4,구조검사 통과 시 유지,triple_identical_run,41.97475202885482,36.51,P4,회귀검사 통과 시 유지
SSIS-575,사진 대조 1차 교정본,1801,"02:50:01,400 --> 02:50:02,540",1.14,기분 좋아.,기분 좋아.,기분 좋아.,반응형,sub_1801_10201.4s.jpg,0.0,,,25.0,90.0,50.0,78.0,75.0,0.16325,42.0,66.0,0.0,30.0,1.0,기분 좋아.,"아, 좋아.",화면 영문 자막 대조,31.88,T4,구조검사 통과 시 유지,triple_identical_run,39.404869251578,35.04,P4,회귀검사 통과 시 유지
SSIS-575,사진 대조 1차 교정본,1802,"02:50:15,620 --> 02:50:16,680",1.06,기분 좋아.,기분 좋아.,기분 좋아.,반응형,sub_1802_10215.6s.jpg,0.02,,,25.0,90.0,50.0,78.0,75.0,0.16454,42.0,66.0,0.0,30.0,1.0,기분 좋아.,"아, 좋아.",화면 영문 자막 대조,31.93,T4,구조검사 통과 시 유지,triple_identical_run,39.74301172227232,35.21,P4,회귀검사 통과 시 유지
SSIS-575,사진 대조 1차 교정본,1803,"02:50:16,680 --> 02:50:16,760",0.08,기분 좋아.,기분 좋아.,기분 좋아.,반응형,sub_1803_10216.7s.jpg,0.02,,,25.0,90.0,50.0,78.0,75.0,0.1957,42.0,66.0,70.0,30.0,1.0,기분 좋아.,"아, 좋아.",화면 영문 자막 대조,40.24,T3,화자·문맥·자연스러움 집중 검토,high_cps;triple_identical_run,72.90351668169522,53.96,P3,말투·질문응답·가독성 위주 검토
SSIS-575,사진 대조 1차 교정본,1804,"02:50:17,320 --> 02:50:17,640",0.32,기분 좋아.,기분 좋아.,기분 좋아.,반응형,sub_1804_10217.3s.jpg,0.02,,,25.0,90.0,50.0,78.0,75.0,0.16266,42.0,66.0,0.0,30.0,1.0,기분 좋아.,"아, 좋아.",화면 영문 자막 대조,31.85,T4,구조검사 통과 시 유지,triple_identical_run,39.24706943192065,34.96,P4,회귀검사 통과 시 유지
SSIS-575,사진 대조 1차 교정본,1805,"02:50:19,200 --> 02:50:19,880",0.68,기분 좋아.,기분 좋아.,기분 좋아.,반응형,sub_1805_10219.2s.jpg,0.0,,,25.0,90.0,50.0,78.0,75.0,0.15736,42.0,66.0,0.0,30.0,1.0,기분 좋아.,"아, 좋아.",화면 영문 자막 대조,31.63,T4,구조검사 통과 시 유지,triple_identical_run,38.18755635707845,34.38,P4,회귀검사 통과 시 유지
SSIS-575,사진 대조 1차 교정본,1806,"02:50:19,880 --> 02:50:20,160",0.28,기분 좋아.,기분 좋아.,그대로 움직이면서 서로의 반응을 맞춰 가자.,반응형,sub_1806_10219.9s.jpg,0.02,,,25.0,90.0,50.0,78.0,75.0,0.14322,42.0,66.0,25.0,0.0,1.0,기분 좋아.,"아, 좋아.",화면 영문 자막 대조,31.14,T4,구조검사 통과 시 유지,borderline_cps,36.587015329125336,33.43,P4,회귀검사 통과 시 유지
SSIS-575,사진 대조 1차 교정본,1807,"02:50:29,600 --> 02:50:30,240",0.64,그대로 움직이면서 서로의 반응을 맞춰 가자.,기분 좋아.,아직 괜찮아?!,중립·혼합형,sub_1807_10229.6s.jpg,0.0,,,25.0,90.0,50.0,78.0,79.0,0.79025,0.0,66.0,70.0,0.0,0.382,여러 곳을 움직이면서 할까?,손도 같이 움직여 볼까?,타임스탬프 사진과 장면 흐름으로 명백한 오인식 교정,55.49,T3,화자·문맥·자연스러움 집중 검토,high_cps,99.6844003606853,74.05,P1,장면 패킷을 열고 후보 3개를 생성해 반증 검토
SSIS-575,사진 대조 1차 교정본,1808,"02:50:30,240 --> 02:50:30,640",0.4,아직 괜찮아?!,그대로 움직이면서 서로의 반응을 맞춰 가자.,조금 천천히 할까?,반응형,sub_1808_10230.2s.jpg,0.04,,,25.0,90.0,50.0,78.0,75.0,0.30086,0.0,66.0,25.0,0.0,0.2297,괜찮아.,최고예요.,화면 영문 자막 대조,30.2,T4,구조검사 통과 시 유지,borderline_cps,32.95761947700631,31.36,P4,회귀검사 통과 시 유지
SSIS-575,사진 대조 1차 교정본,1809,"02:51:03,010 --> 02:51:03,530",0.52,조금 천천히 할까?,아직 괜찮아?!,그대로 계속하면 둘 다 금방 갈 것 같아.,중립·혼합형,sub_1809_10263.0s.jpg,0.01,,,25.0,90.0,50.0,78.0,75.0,0.63466,0.0,66.0,0.0,0.0,0.5484,뭐 할까?,내가 먼저?,일본어 원문 + 타임스탬프 사진 + 장면 연속성,41.72,T3,화자·문맥·자연스러움 집중 검토,,78.44905320108205,57.15,P3,말투·질문응답·가독성 위주 검토
SSIS-575,사진 대조 1차 교정본,1810,"02:51:06,350 --> 02:51:07,430",1.08,그대로 계속하면 둘 다 금방 갈 것 같아.,조금 천천히 할까?,너무 좋아.,중립·혼합형,sub_1810_10266.4s.jpg,0.05,,,25.0,90.0,50.0,78.0,75.0,0.79621,0.0,66.0,0.0,0.0,0.4447,갈 것 같아.,진짜 갈 것 같아.,일본어 원문 대조 + 자연스러운 한국어 대사 교정,48.5,T3,화자·문맥·자연스러움 집중 검토,,94.58972046889089,67.86,P2,앞뒤 5블록·사진·오류 기억을 함께 검토
SSIS-575,사진 대조 1차 교정본,1811,"02:51:08,310 --> 02:51:08,970",0.66,너무 좋아.,그대로 계속하면 둘 다 금방 갈 것 같아.,어떻게 할까?,반응형,sub_1811_10268.3s.jpg,0.01,,,25.0,90.0,50.0,78.0,75.0,0.38422,0.0,66.0,0.0,0.0,0.5356,"아, 좋아.","아, 들어온다.",,31.2,T4,구조검사 통과 시 유지,,36.902614968440034,33.6,P4,회귀검사 통과 시 유지
SSIS-575,사진 대조 1차 교정본,1812,"02:51:08,970 --> 02:51:10,850",1.88,어떻게 할까?,너무 좋아.,갈 것 같아?,반응형,sub_1812_10269.0s.jpg,0.03,,,25.0,90.0,50.0,78.0,75.0,0.40103,5.14,66.0,0.0,0.0,0.6928,어떻게 깨끗하게 할까?,이거 어떻게 닦지?,사진 장면 확인 및 한국어 번역투·ASR 오역 교정,32.83,T4,구조검사 통과 시 유지,,43.41749323715058,37.28,P4,회귀검사 통과 시 유지
SSIS-575,사진 대조 1차 교정본,1813,"02:51:20,620 --> 02:51:22,300",1.68,갈 것 같아?,어떻게 할까?,어떻게 하면 좋겠어?,반응형,sub_1813_10280.6s.jpg,0.02,,,25.0,90.0,50.0,78.0,75.0,0.52603,0.0,66.0,0.0,0.0,0.5881,싸버릴 것 같아?,싸 버릴 것 같아?,,37.15,T3,화자·문맥·자연스러움 집중 검토,,60.00901713255185,46.75,P3,말투·질문응답·가독성 위주 검토
SSIS-575,사진 대조 1차 교정본,1814,"02:51:24,980 --> 02:51:26,780",1.8,어떻게 하면 좋겠어?,갈 것 같아?,기분 좋아.,반응형,sub_1814_10285.0s.jpg,0.02,,,25.0,90.0,50.0,78.0,75.0,0.46383,0.0,66.0,0.0,0.0,0.3296,어떻게 먹는 게 좋아?,어떻게 해 주는 게 좋아?,일본어 원문 대조 + 자연스러운 한국어 대사 교정,34.54,T4,구조검사 통과 시 유지,,49.90982867448152,41.0,P3,말투·질문응답·가독성 위주 검토
SSIS-575,사진 대조 1차 교정본,1815,"02:51:28,620 --> 02:51:30,260",1.64,기분 좋아.,어떻게 하면 좋겠어?,정말 좋아.,반응형,sub_1815_10288.6s.jpg,0.02,,,25.0,90.0,50.0,78.0,75.0,0.27603,42.0,66.0,0.0,0.0,1.0,기분 좋아.,"아, 좋아.",화면 영문 자막 대조,34.21,T4,구조검사 통과 시 유지,,48.557258791704236,40.24,P3,말투·질문응답·가독성 위주 검토
SSIS-575,사진 대조 1차 교정본,1816,"02:51:44,570 --> 02:51:45,730",1.16,정말 좋아.,기분 좋아.,갈 것 같아.,반응형,sub_1816_10304.6s.jpg,0.03,,,25.0,90.0,50.0,78.0,75.0,0.312,42.0,66.0,0.0,0.0,1.0,정말 좋아.,거기 좋아.,타임스탬프 사진과 장면 흐름으로 명백한 오인식 교정,35.72,T3,화자·문맥·자연스러움 집중 검토,,54.5536519386835,43.63,P3,말투·질문응답·가독성 위주 검토
SSIS-575,사진 대조 1차 교정본,1817,"02:51:46,670 --> 02:51:53,330",6.66,갈 것 같아.,정말 좋아.,늘 그렇듯이.,반응형,sub_1817_10306.7s.jpg,0.03,,,25.0,90.0,50.0,78.0,75.0,0.42686,42.0,66.0,0.0,0.0,1.0,갈 것 같아.,진짜 갈 것 같아.,일본어 원문 대조 + 자연스러운 한국어 대사 교정,40.55,T3,화자·문맥·자연스러움 집중 검토,,74.2560865644725,54.71,P3,말투·질문응답·가독성 위주 검토
SSIS-575,사진 대조 1차 교정본,1818,"02:52:20,180 --> 02:52:21,360",1.18,늘 그렇듯이.,갈 것 같아.,어떻게 하지?,중립·혼합형,sub_1818_10340.2s.jpg,0.02,,,25.0,90.0,50.0,78.0,75.0,0.51092,0.0,66.0,0.0,0.0,0.126,아이.,아…,,36.52,T3,화자·문맥·자연스러움 집중 검토,,57.23624887285843,45.22,P3,말투·질문응답·가독성 위주 검토
SSIS-575,사진 대조 1차 교정본,1819,"02:52:25,920 --> 02:52:26,940",1.02,어떻게 하지?,늘 그렇듯이.,이건 아니야?,반응형,sub_1819_10345.9s.jpg,0.02,,,25.0,90.0,50.0,78.0,75.0,0.56032,0.0,66.0,0.0,0.0,0.4571,어떻게 하지...,어떻게 하지…,,38.59,T3,화자·문맥·자연스러움 집중 검토,,66.25338142470694,50.21,P3,말투·질문응답·가독성 위주 검토
SSIS-575,사진 대조 1차 교정본,1820,"02:52:28,280 --> 02:52:28,820",0.54,이건 아니야?,어떻게 하지?,그럼 이렇게 하고 싶어.,반응형,sub_1820_10348.3s.jpg,0.02,,,25.0,90.0,50.0,78.0,75.0,0.55716,1.04,66.0,0.0,0.0,0.6587,온천 아니야?,뭔가…,일본어 원문 + 타임스탬프 사진 + 장면 연속성,38.65,T3,화자·문맥·자연스러움 집중 검토,,66.726780883679,50.44,P3,말투·질문응답·가독성 위주 검토
SSIS-575,사진 대조 1차 교정본,1821,"02:52:29,380 --> 02:52:30,170",0.79,그럼 이렇게 하고 싶어.,이건 아니야?,"아, 들어갔어.",반응형,sub_1821_10349.4s.jpg,0.02,,,25.0,90.0,50.0,78.0,75.0,0.73883,0.0,66.0,0.0,0.0,0.4761,그래도 계속 하고 싶어.,그래도 계속하고 싶어.,손상된 일본어 ASR + 타임스탬프 사진 + 앞뒤 문맥 추론,46.09,T3,화자·문맥·자연스러움 집중 검토,,90.12623985572587,64.59,P2,앞뒤 5블록·사진·오류 기억을 함께 검토
SSIS-575,사진 대조 1차 교정본,1822,"02:52:34,440 --> 02:52:53,350",18.91,"아, 들어갔어.",그럼 이렇게 하고 싶어.,좋아.,반응형,sub_1822_10354.4s.jpg,0.04,,,25.0,90.0,50.0,78.0,75.0,0.60269,29.98,66.0,0.0,0.0,0.8998,안 들어갔어.,밖 좀 봐봐.,일본어 원문 + 타임스탬프 사진 + 장면 연속성,45.77,T3,화자·문맥·자연스러움 집중 검토,,89.31469792605952,64.06,P2,앞뒤 5블록·사진·오류 기억을 함께 검토
SSIS-575,사진 대조 1차 교정본,1823,"02:53:31,030 --> 02:53:31,570",0.54,좋아.,"아, 들어갔어.",나올 것 같아?,반응형,sub_1823_10411.0s.jpg,0.03,,,25.0,90.0,50.0,78.0,75.0,0.15351,16.19,66.0,0.0,0.0,0.7849,"아, 좋아.","아, 들어온다.",,24.42,T4,구조검사 통과 시 유지,,16.275924256086565,21.0,P4,회귀검사 통과 시 유지
SSIS-575,사진 대조 1차 교정본,1824,"02:53:32,750 --> 02:53:33,570",0.82,나올 것 같아?,좋아.,많이 나올 것 같아.,반응형,sub_1824_10412.8s.jpg,0.05,,,25.0,90.0,50.0,78.0,75.0,0.3593,0.0,66.0,0.0,0.0,0.4901,싸버릴 것 같아?,싸 버릴 것 같아?,,30.15,T4,구조검사 통과 시 유지,,32.7321911632101,31.23,P4,회귀검사 통과 시 유지
SSIS-575,사진 대조 1차 교정본,1825,"02:53:34,290 --> 02:53:34,930",0.64,많이 나올 것 같아.,나올 것 같아?,갈 거야?,반응형,sub_1825_10414.3s.jpg,0.01,,,25.0,90.0,50.0,78.0,75.0,0.50949,0.0,66.0,0.0,0.0,0.5299,갈 것 같아.,진짜 갈 것 같아.,일본어 원문 대조 + 자연스러운 한국어 대사 교정,36.46,T3,화자·문맥·자연스러움 집중 검토,,57.033363390441835,45.1,P3,말투·질문응답·가독성 위주 검토
SSIS-575,사진 대조 1차 교정본,1826,"02:53:35,190 --> 02:53:35,490",0.3,갈 거야?,많이 나올 것 같아.,한 번 더 나올 것 같아.,반말형,sub_1826_10415.2s.jpg,0.01,,,25.0,90.0,50.0,78.0,75.0,0.3425,0.0,66.0,0.0,0.0,0.4884,뭐라고 하는 거야?,뭐라고 말해야 해?,일본어 원문 대조 + 자연스러운 한국어 대사 교정,29.45,T4,구조검사 통과 시 유지,,30.522993688007215,29.9,P4,회귀검사 통과 시 유지
SSIS-575,사진 대조 1차 교정본,1827,"02:53:35,770 --> 02:53:36,730",0.96,한 번 더 나올 것 같아.,갈 거야?,좋아.,중립·혼합형,sub_1827_10415.8s.jpg,0.03,,,25.0,90.0,50.0,78.0,75.0,0.48262,0.0,66.0,0.0,0.0,0.5098,갈 것 같아.,진짜 갈 것 같아.,일본어 원문 대조 + 자연스러운 한국어 대사 교정,35.33,T3,화자·문맥·자연스러움 집중 검토,,52.84039675383229,42.68,P3,말투·질문응답·가독성 위주 검토
SSIS-575,사진 대조 1차 교정본,1828,"02:53:37,630 --> 02:53:37,990",0.36,좋아.,한 번 더 나올 것 같아.,어디에 싸고 싶어?,반응형,sub_1828_10417.6s.jpg,0.03,,,25.0,90.0,50.0,78.0,75.0,0.09161,16.19,66.0,0.0,0.0,0.7849,"아, 좋아.","아, 들어온다.",,21.82,T4,구조검사 통과 시 유지,,12.037871956717764,17.71,P4,회귀검사 통과 시 유지
SSIS-575,사진 대조 1차 교정본,1829,"02:53:42,190 --> 02:53:44,230",2.04,어디에 싸고 싶어?,좋아.,가슴에.,반응형,sub_1829_10422.2s.jpg,0.01,,,25.0,90.0,50.0,78.0,75.0,0.44582,0.0,66.0,0.0,0.0,0.3694,잘 빨고 싶어?,계속 빨고 싶어?,일본어 원문 대조 + 자연스러운 한국어 대사 교정,33.78,T4,구조검사 통과 시 유지,,46.776375112714156,39.24,P4,회귀검사 통과 시 유지
SSIS-575,사진 대조 1차 교정본,1830,"02:53:46,250 --> 02:53:46,910",0.66,가슴에.,어디에 싸고 싶어?,가슴에 하고 싶어.,중립·혼합형,sub_1830_10426.2s.jpg,0.05,,,25.0,90.0,50.0,78.0,79.0,0.42646,0.0,66.0,0.0,0.0,0.1461,여기에.,갑자기 여기서…,타임스탬프 사진과 앞뒤 장면으로 대사 기능 복원,33.21,T4,구조검사 통과 시 유지,,44.792605951307486,38.07,P4,회귀검사 통과 시 유지
SSIS-575,사진 대조 1차 교정본,1831,"02:53:47,170 --> 02:53:47,750",0.58,가슴에 하고 싶어.,가슴에.,괜찮아?,반응형,sub_1831_10427.2s.jpg,0.03,,,25.0,90.0,50.0,78.0,79.0,0.66837,0.0,66.0,0.0,0.0,0.4328,그래도 계속 하고 싶어.,그래도 계속하고 싶어.,손상된 일본어 ASR + 타임스탬프 사진 + 앞뒤 문맥 추론,43.37,T3,화자·문맥·자연스러움 집중 검토,,83.22813345356177,60.11,P2,앞뒤 5블록·사진·오류 기억을 함께 검토
SSIS-575,사진 대조 1차 교정본,1832,"02:53:47,870 --> 02:53:48,090",0.22,괜찮아?,가슴에 하고 싶어.,응.,반응형,sub_1832_10427.9s.jpg,0.03,,,25.0,90.0,50.0,78.0,75.0,0.13011,0.0,66.0,25.0,0.0,0.4653,더 해줘도 돼? 더 해줘. 괜찮아?,더 해 줘도 돼? 더 해 줘. 괜찮아?,,23.02,T4,구조검사 통과 시 유지,borderline_cps,13.458070333633904,19.0,P4,회귀검사 통과 시 유지
SSIS-575,사진 대조 1차 교정본,1833,"02:53:48,350 --> 02:53:48,710",0.36,응.,괜찮아?,"아, 아직 안 돼.",반응형,sub_1833_10428.4s.jpg,0.05,,,25.0,90.0,50.0,78.0,75.0,0.01357,0.0,66.0,0.0,0.0,0.4021,"하-, 응.",하아… 응.,,15.63,T4,구조검사 통과 시 유지,,4.4634806131650135,10.94,P4,회귀검사 통과 시 유지
SSIS-575,사진 대조 1차 교정본,1834,"02:54:00,220 --> 02:54:05,960",5.74,"아, 아직 안 돼.",응.,"그래, 그거야.",반응형,sub_1834_10440.2s.jpg,0.02,,,25.0,90.0,50.0,78.0,75.0,0.40658,2.68,66.0,0.0,0.0,0.6723,안 돼.,"네, 놀랐어요.",타임스탬프 사진과 앞뒤 장면으로 대사 기능 복원,32.62,T4,구조검사 통과 시 유지,,42.312894499549145,36.69,P4,회귀검사 통과 시 유지
SSIS-575,사진 대조 1차 교정본,1835,"02:54:09,960 --> 02:54:31,810",21.85,"그래, 그거야.","아, 아직 안 돼.",좋아.,반말형,sub_1835_10450.0s.jpg,0.04,,,25.0,90.0,50.0,78.0,75.0,0.30968,0.0,66.0,0.0,0.0,0.3366,"너도 기분 좋지? 안 그래, 사야.","너도 좋지? 그렇지, 사야?",대화체 자연화,28.07,T4,구조검사 통과 시 유지,,26.39765554553652,27.37,P4,회귀검사 통과 시 유지
SSIS-575,사진 대조 1차 교정본,1836,"02:54:32,230 --> 02:54:33,790",1.56,좋아.,"그래, 그거야.","좋아, 좋아.",반응형,sub_1836_10472.2s.jpg,0.03,,,25.0,90.0,50.0,78.0,75.0,0.04925,16.19,66.0,0.0,0.0,0.7849,"아, 좋아.","아, 들어온다.",,20.04,T4,구조검사 통과 시 유지,,10.234445446348062,15.92,P4,회귀검사 통과 시 유지
SSIS-575,사진 대조 1차 교정본,1837,"02:54:40,960 --> 02:54:50,960",10.0,"좋아, 좋아.",좋아.,할 수 있어.,반응형,sub_1837_10481.0s.jpg,0.04,,,25.0,90.0,50.0,78.0,75.0,0.22953,1.16,66.0,0.0,0.0,0.6596,"아, 좋아.","아, 들어온다.",,24.91,T4,구조검사 통과 시 유지,,17.515779981965736,21.8,P4,회귀검사 통과 시 유지
SSIS-575,사진 대조 1차 교정본,1838,"02:54:52,320 --> 02:54:54,220",1.9,할 수 있어.,"좋아, 좋아.",조금 더 앞으로 움직여.,반응형,sub_1838_10492.3s.jpg,0.02,,,25.0,90.0,50.0,78.0,75.0,0.40561,0.0,66.0,0.0,0.0,0.5836,이쪽 보면서 할 수 있어.,이쪽 보면서 해 줘.,일본어 원문 대조 + 자연스러운 한국어 대사 교정,32.1,T4,구조검사 통과 시 유지,,40.37421100090171,35.58,P4,회귀검사 통과 시 유지
SSIS-575,사진 대조 1차 교정본,1839,"02:54:54,220 --> 02:55:13,160",18.94,조금 더 앞으로 움직여.,할 수 있어.,어디가 좋은지 잘 모르겠어. 어렵네.,반응형,sub_1839_10494.2s.jpg,0.02,,,25.0,90.0,50.0,78.0,79.0,0.87903,0.0,66.0,0.0,0.0,0.4753,몸이 저절로 움직여.,몸이 저절로 움직이네.,손상된 일본어 ASR + 타임스탬프 사진 + 앞뒤 문맥 추론,52.22,T3,화자·문맥·자연스러움 집중 검토,,98.64743011722273,71.72,P2,앞뒤 5블록·사진·오류 기억을 함께 검토
SSIS-575,사진 대조 1차 교정본,1840,"02:55:14,660 --> 02:55:17,700",3.04,어디가 좋은지 잘 모르겠어. 어렵네.,조금 더 앞으로 움직여.,허리를 잡고 이렇게 해 봐.,반응형,sub_1840_10514.7s.jpg,0.04,,,25.0,90.0,50.0,78.0,75.0,0.83759,4.25,66.0,0.0,0.0,0.6854,어디가 좋은지 모르겠어?,어디가 좋은지 아직 모르겠어?,일본어 원문 대조 + 자연스러운 한국어 대사 교정,51.0,T3,화자·문맥·자연스러움 집중 검토,,97.79080252479712,70.65,P2,앞뒤 5블록·사진·오류 기억을 함께 검토
SSIS-575,사진 대조 1차 교정본,1841,"02:55:18,800 --> 02:55:23,220",4.42,허리를 잡고 이렇게 해 봐.,어디가 좋은지 잘 모르겠어. 어렵네.,"아, 미안!",반말형,sub_1841_10518.8s.jpg,0.0,,,25.0,90.0,50.0,78.0,75.0,0.76708,0.0,66.0,0.0,0.0,0.41,허리를 조금 들어 주세요.,허리를 조금 들어 줘.,일본어 원문 대조 + 자연스러운 한국어 대사 교정,47.28,T3,화자·문맥·자연스러움 집중 검토,,92.65103697024347,66.34,P2,앞뒤 5블록·사진·오류 기억을 함께 검토
SSIS-575,사진 대조 1차 교정본,1842,"02:55:23,220 --> 02:55:24,480",1.26,"아, 미안!",허리를 잡고 이렇게 해 봐.,이상한 곳에 묻어 버렸어…,반응형,sub_1842_10523.2s.jpg,0.02,,,25.0,90.0,50.0,78.0,75.0,0.28764,0.0,66.0,0.0,0.0,0.3728,"아, 아, 아, 아, 아, 아, 아,","아, 아, 아, 아, 아, 아, 아",,27.14,T4,구조검사 통과 시 유지,,23.692515779981964,25.69,P4,회귀검사 통과 시 유지
SSIS-575,사진 대조 1차 교정본,1843,"02:55:26,620 --> 02:55:29,360",2.74,이상한 곳에 묻어 버렸어…,"아, 미안!","와, 굉장해.",반응형,sub_1843_10526.6s.jpg,0.02,,,25.0,90.0,50.0,78.0,75.0,0.50739,0.0,66.0,0.0,0.0,0.286,"이상한 상황 속에서,",이상한 상황 속에서,,36.37,T3,화자·문맥·자연스러움 집중 검토,,56.762849413886386,44.93,P3,말투·질문응답·가독성 위주 검토
SSIS-575,사진 대조 1차 교정본,1844,"02:55:29,360 --> 02:55:30,580",1.22,"와, 굉장해.",이상한 곳에 묻어 버렸어…,깔아야 해. 잠깐만.,반말형,sub_1844_10529.4s.jpg,0.04,,,25.0,90.0,50.0,78.0,75.0,0.54231,18.32,66.0,0.0,0.0,0.8027,굉장해. 굉장해.,엄청나. 진짜 엄청나.,,41.13,T3,화자·문맥·자연스러움 집중 검토,,76.3751127141569,55.93,P3,말투·질문응답·가독성 위주 검토
SSIS-575,사진 대조 1차 교정본,1845,"02:55:31,440 --> 02:55:33,420",1.98,깔아야 해. 잠깐만.,"와, 굉장해.",침대에 나왔어. 괜찮아?,반응형,sub_1845_10531.4s.jpg,0.04,,,25.0,90.0,50.0,78.0,75.0,0.60515,0.0,66.0,0.0,0.0,0.4406,하아… 잠깐만.,목욕물 받아 놓은 거지?,일본어 원문 + 타임스탬프 사진 + 장면 연속성,40.48,T3,화자·문맥·자연스러움 집중 검토,,73.9404869251578,54.53,P3,말투·질문응답·가독성 위주 검토
SSIS-575,사진 대조 1차 교정본,1846,"02:55:34,000 --> 02:55:35,700",1.7,침대에 나왔어. 괜찮아?,깔아야 해. 잠깐만.,"괜찮아? 응, 괜찮아.",반응형,sub_1846_10534.0s.jpg,0.0,,,25.0,90.0,50.0,78.0,75.0,0.63051,0.0,66.0,0.0,0.0,0.225,나왔어…,"아, 물 나왔어…",,41.54,T3,화자·문맥·자연스러움 집중 검토,,77.6600541027953,56.71,P3,말투·질문응답·가독성 위주 검토
SSIS-575,사진 대조 1차 교정본,1847,"02:55:36,640 --> 02:55:38,160",1.52,"괜찮아? 응, 괜찮아.",침대에 나왔어. 괜찮아?,굉장해.,반응형,sub_1847_10536.6s.jpg,0.04,,,25.0,90.0,50.0,78.0,75.0,0.47041,12.87,66.0,0.0,0.0,0.7573,괜찮아.,최고예요.,화면 영문 자막 대조,37.13,T3,화자·문맥·자연스러움 집중 검토,,59.80613165013525,46.65,P3,말투·질문응답·가독성 위주 검토
SSIS-575,사진 대조 1차 교정본,1848,"02:55:39,220 --> 02:55:39,520",0.3,굉장해.,"괜찮아? 응, 괜찮아.",입으로만 해 줘.,반말형,sub_1848_10539.2s.jpg,0.02,,,25.0,90.0,50.0,78.0,75.0,0.30994,42.0,66.0,0.0,0.0,1.0,굉장해. 굉장해.,엄청나. 진짜 엄청나.,,35.64,T3,화자·문맥·자연스러움 집중 검토,,54.2380522993688,43.45,P3,말투·질문응답·가독성 위주 검토
SSIS-575,사진 대조 1차 교정본,1849,"02:55:39,860 --> 02:55:41,340",1.48,입으로만 해 줘.,굉장해.,이렇게 나왔어.,반응형,sub_1849_10539.9s.jpg,0.04,,,25.0,90.0,50.0,78.0,75.0,0.60735,0.0,66.0,0.0,0.0,0.3502,좀 더 해 줘.,보여?,일본어 원문 + 타임스탬프 사진 + 장면 연속성,40.57,T3,화자·문맥·자연스러움 집중 검토,,74.34625788999098,54.76,P3,말투·질문응답·가독성 위주 검토
SSIS-575,사진 대조 1차 교정본,1850,"02:55:41,440 --> 02:55:42,300",0.86,이렇게 나왔어.,입으로만 해 줘.,침대는 나중에 정리하면 돼.,반응형,sub_1850_10541.4s.jpg,0.04,,,25.0,90.0,50.0,78.0,75.0,0.536,0.0,66.0,0.0,0.0,0.3156,이렇게 해버려.,이렇게 해 버려.,,37.57,T3,화자·문맥·자연스러움 집중 검토,,61.947700631199275,47.81,P3,말투·질문응답·가독성 위주 검토
SSIS-575,사진 대조 1차 교정본,1851,"02:55:42,800 --> 02:55:44,000",1.2,침대는 나중에 정리하면 돼.,이렇게 나왔어.,괜찮아?,중립·혼합형,sub_1851_10542.8s.jpg,0.0,,,25.0,90.0,50.0,78.0,75.0,0.63845,0.0,66.0,0.0,0.0,0.245,안 돼.,"네, 놀랐어요.",타임스탬프 사진과 앞뒤 장면으로 대사 기능 복원,41.87,T3,화자·문맥·자연스러움 집중 검토,,78.85482416591523,57.4,P3,말투·질문응답·가독성 위주 검토
SSIS-575,사진 대조 1차 교정본,1852,"02:55:44,080 --> 02:55:44,580",0.5,괜찮아?,침대는 나중에 정리하면 돼.,정말 많이 나왔어.,반응형,sub_1852_10544.1s.jpg,0.02,,,25.0,90.0,50.0,78.0,75.0,0.18244,0.0,66.0,0.0,0.0,0.4653,더 해줘도 돼? 더 해줘. 괜찮아?,더 해 줘도 돼? 더 해 줘. 괜찮아?,,22.72,T4,구조검사 통과 시 유지,,13.097385031559963,18.68,P4,회귀검사 통과 시 유지
SSIS-575,사진 대조 1차 교정본,1853,"02:55:46,000 --> 02:55:47,080",1.08,정말 많이 나왔어.,괜찮아?,많이 나왔네.,반응형,sub_1853_10546.0s.jpg,0.0,,,25.0,90.0,50.0,78.0,75.0,0.57538,0.0,66.0,0.0,0.0,0.3039,나왔어…,"아, 물 나왔어…",,39.23,T3,화자·문맥·자연스러움 집중 검토,,68.98106402164112,51.73,P3,말투·질문응답·가독성 위주 검토
SSIS-575,사진 대조 1차 교정본,1854,"02:55:47,140 --> 02:55:47,740",0.6,많이 나왔네.,정말 많이 나왔어.,큰일이다.,반말형,sub_1854_10547.1s.jpg,0.04,,,25.0,90.0,50.0,78.0,75.0,0.50043,0.0,66.0,0.0,0.0,0.1856,너무 많이 지워 버렸어.,엄청 젖어 버렸어.,사진 장면 확인 및 한국어 번역투·ASR 오역 교정,36.08,T3,화자·문맥·자연스러움 집중 검토,,55.97385031559964,44.44,P3,말투·질문응답·가독성 위주 검토
SSIS-575,사진 대조 1차 교정본,1855,"02:55:48,640 --> 02:55:49,200",0.56,큰일이다.,많이 나왔네.,한동안 하지 않았으니까.,중립·혼합형,sub_1855_10548.6s.jpg,0.04,,,25.0,90.0,50.0,78.0,75.0,0.41109,0.0,66.0,0.0,0.0,0.2601,큰일이네요.,이러다 갈 것 같아요.,사진 장면 확인 및 한국어 번역투·ASR 오역 교정,32.33,T4,구조검사 통과 시 유지,,40.98286744815149,35.96,P4,회귀검사 통과 시 유지
SSIS-575,사진 대조 1차 교정본,1856,"02:55:50,920 --> 02:55:52,400",1.48,한동안 하지 않았으니까.,큰일이다.,계속 못 해서 많이 쌓였던 거야?,반응형,sub_1856_10550.9s.jpg,0.02,,,25.0,90.0,50.0,78.0,75.0,0.72463,0.0,66.0,0.0,0.0,0.2151,하지 마.,잠깐만.,손상된 일본어 ASR + 타임스탬프 사진 + 앞뒤 문맥 추론,45.49,T3,화자·문맥·자연스러움 집중 검토,,88.68349864743011,63.63,P2,앞뒤 5블록·사진·오류 기억을 함께 검토
SSIS-575,사진 대조 1차 교정본,1857,"02:55:52,400 --> 02:55:56,360",3.96,계속 못 해서 많이 쌓였던 거야?,한동안 하지 않았으니까.,두 번이나 다시 섰잖아.,반말형,sub_1857_10552.4s.jpg,0.0,,,25.0,90.0,50.0,78.0,75.0,0.82802,0.0,66.0,0.0,0.0,0.2321,뭐라고 하는 거야?,뭐라고 말해야 해?,일본어 원문 대조 + 자연스러운 한국어 대사 교정,49.84,T3,화자·문맥·자연스러움 집중 검토,,95.85211902614968,69.17,P2,앞뒤 5블록·사진·오류 기억을 함께 검토
SSIS-575,사진 대조 1차 교정본,1858,"02:55:57,460 --> 02:55:59,440",1.98,두 번이나 다시 섰잖아.,계속 못 해서 많이 쌓였던 거야?,그만해.,반응형,sub_1858_10557.5s.jpg,0.04,,,25.0,90.0,50.0,78.0,75.0,0.74257,0.0,66.0,0.0,0.0,0.2086,두 번째 자세로 다시 돌아가 주세요.,두 번째 자세로 다시 해 주세요.,사진 속 자세 전환에 맞게 간결화,46.25,T3,화자·문맥·자연스러움 집중 검토,,90.3516681695221,64.77,P2,앞뒤 5블록·사진·오류 기억을 함께 검토
SSIS-575,사진 대조 1차 교정본,1859,"02:56:01,400 --> 02:56:02,060",0.66,그만해.,두 번이나 다시 섰잖아.,"괜찮아? 응, 전혀 문제없어.",반말형,sub_1859_10561.4s.jpg,0.0,,,25.0,90.0,50.0,78.0,75.0,0.24232,18.13,66.0,0.0,0.0,0.8011,"안 돼, 그만해.","배 아파, 그만해.",,28.5,T4,구조검사 통과 시 유지,,27.50225428313796,28.08,P4,회귀검사 통과 시 유지
SSIS-575,사진 대조 1차 교정본,1860,"02:56:02,980 --> 02:56:04,760",1.78,"괜찮아? 응, 전혀 문제없어.",그만해.,배에 묻었네.,반응형,sub_1860_10563.0s.jpg,0.02,,,25.0,90.0,50.0,78.0,79.0,0.75738,0.0,66.0,0.0,0.0,0.2046,더 해줘도 돼? 더 해줘. 괜찮아?,더 해 줘도 돼? 더 해 줘. 괜찮아?,,47.11,T3,화자·문맥·자연스러움 집중 검토,,92.22272317403066,66.06,P2,앞뒤 5블록·사진·오류 기억을 함께 검토
SSIS-575,사진 대조 1차 교정본,1861,"02:56:05,720 --> 02:56:06,640",0.92,배에 묻었네.,"괜찮아? 응, 전혀 문제없어.",기분 좋았어.,반말형,sub_1861_10565.7s.jpg,0.02,,,25.0,90.0,50.0,78.0,75.0,0.42544,0.0,66.0,0.0,0.0,0.3104,배에 힘을 주세요.,힘 줘.,일본어 원문 대조 + 자연스러운 한국어 대사 교정,32.93,T4,구조검사 통과 시 유지,,43.688007213706044,37.45,P4,회귀검사 통과 시 유지
SSIS-575,사진 대조 1차 교정본,1862,"02:56:10,200 --> 02:56:11,340",1.14,기분 좋았어.,배에 묻었네.,정말 좋아해요.,반응형,sub_1862_10570.2s.jpg,0.0,,,25.0,90.0,50.0,78.0,75.0,0.45757,0.0,66.0,0.0,0.0,0.3652,대박이다. 장난 아니었어. 엄청나게 좋았어.,대박이었어. 진짜 너무 좋았어.,일본어 원문 대조 + 자연스러운 한국어 대사 교정,34.28,T4,구조검사 통과 시 유지,,48.82777276825969,40.39,P3,말투·질문응답·가독성 위주 검토
SSIS-575,사진 대조 1차 교정본,1863,"02:56:26,350 --> 02:56:27,370",1.02,정말 좋아해요.,기분 좋았어.,한 번 더.,반응형,sub_1863_10586.4s.jpg,0.05,,,25.0,90.0,50.0,78.0,75.0,0.41165,1.55,66.0,0.0,0.0,0.6629,유두를 좋아해요.,젖꼭지를 좋아해요.,,32.63,T4,구조검사 통과 시 유지,,42.38052299368801,36.73,P4,회귀검사 통과 시 유지
SSIS-575,사진 대조 1차 교정본,1864,"02:56:29,970 --> 02:56:30,650",0.68,한 번 더.,정말 좋아해요.,정말 부끄럽네.,중립·혼합형,sub_1864_10590.0s.jpg,0.03,,,25.0,90.0,50.0,78.0,75.0,0.43565,0.0,66.0,0.0,0.0,0.4872,"갈게, 갈게... 한 번 더.","갈게, 갈게… 한 번 더.",,33.36,T4,구조검사 통과 시 유지,,45.22091974752029,38.34,P4,회귀검사 통과 시 유지
SSIS-575,사진 대조 1차 교정본,1865,"02:56:31,730 --> 02:56:33,070",1.34,정말 부끄럽네.,한 번 더.,"후우아 씨, 좋아해요.",반말형,sub_1865_10591.7s.jpg,0.03,,,25.0,90.0,50.0,78.0,75.0,0.41177,0.0,66.0,0.0,0.0,0.2283,정말 좋아.,거기 좋아.,타임스탬프 사진과 장면 흐름으로 명백한 오인식 교정,32.35,T4,구조검사 통과 시 유지,,41.02795311091073,35.99,P4,회귀검사 통과 시 유지
SSIS-575,사진 대조 1차 교정본,1866,"02:56:34,410 --> 02:56:35,710",1.3,"후우아 씨, 좋아해요.",정말 부끄럽네.,기뻐.,반응형,sub_1866_10594.4s.jpg,0.01,출연자 이름 오인식 교정,높음,25.0,90.0,50.0,78.0,75.0,0.77045,12.84,22.0,0.0,0.0,0.757,"후와 씨, 좋아해요.","후우아 씨, 좋아해요.",출연자 이름 오인식 교정,30.74,T4,구조검사 통과 시 유지,,34.78358881875563,32.44,P4,회귀검사 통과 시 유지
SSIS-575,사진 대조 1차 교정본,1867,"02:56:36,850 --> 02:56:37,630",0.78,기뻐.,"후우아 씨, 좋아해요.",좋은 아침입니다.,중립·혼합형,sub_1867_10596.9s.jpg,0.05,,,25.0,90.0,50.0,78.0,75.0,0.34111,42.0,66.0,0.0,0.0,1.0,기뻐.,기쁘다.,일본어 원문 대조 + 자연스러운 한국어 대사 교정,36.95,T3,화자·문맥·자연스러움 집중 검토,,58.88187556357079,46.16,P3,말투·질문응답·가독성 위주 검토
SSIS-575,사진 대조 1차 교정본,1868,"02:56:46,750 --> 02:56:48,090",1.34,좋은 아침입니다.,기뻐.,오늘은 마지막 날 아침입니다.,반응형,sub_1868_10606.8s.jpg,0.05,,,25.0,90.0,50.0,78.0,75.0,0.66612,42.0,66.0,0.0,0.0,1.0,좋은 아침입니다.,♪,,50.6,T3,화자·문맥·자연스러움 집중 검토,,97.06943192064924,70.12,P2,앞뒤 5블록·사진·오류 기억을 함께 검토
SSIS-575,사진 대조 1차 교정본,1869,"02:56:51,570 --> 02:56:53,830",2.26,오늘은 마지막 날 아침입니다.,좋은 아침입니다.,드디어 마지막 날이 됐습니다.,반응형,sub_1869_10611.6s.jpg,0.03,,,25.0,90.0,50.0,78.0,75.0,0.68023,1.46,66.0,0.0,0.0,0.6622,좋은 아침입니다.,♪,,43.89,T3,화자·문맥·자연스러움 집중 검토,,85.07664562669072,61.19,P2,앞뒤 5블록·사진·오류 기억을 함께 검토
SSIS-575,사진 대조 1차 교정본,1870,"02:56:55,190 --> 02:56:57,690",2.5,드디어 마지막 날이 됐습니다.,오늘은 마지막 날 아침입니다.,처음엔 좀처럼 마음을 열지 않아서 걱정했어요.,반응형,sub_1870_10615.2s.jpg,0.01,,,25.0,90.0,50.0,78.0,75.0,0.71073,0.0,66.0,0.0,0.0,0.3166,드디어 하고 싶어진 거야?,와.,일본어 원문 + 타임스탬프 사진 + 장면 연속성,44.91,T3,화자·문맥·자연스러움 집중 검토,,87.5112714156898,62.8,P2,앞뒤 5블록·사진·오류 기억을 함께 검토
SSIS-575,사진 대조 1차 교정본,1871,"02:57:01,450 --> 02:57:06,850",5.4,처음엔 좀처럼 마음을 열지 않아서 걱정했어요.,드디어 마지막 날이 됐습니다.,친해지지 못할지도 모른다고 생각했는데요.,반말형,sub_1871_10621.5s.jpg,0.05,,,25.0,90.0,50.0,78.0,75.0,0.86711,0.0,66.0,0.0,0.0,0.4644,좀처럼 마음을 열어 주지 않아서 막막해요.,좀처럼 마음을 열어 주지 않아 막막해요.,한국어 자연화,51.48,T3,화자·문맥·자연스러움 집중 검토,,98.10640216411181,71.06,P2,앞뒤 5블록·사진·오류 기억을 함께 검토
SSIS-575,사진 대조 1차 교정본,1872,"02:57:08,430 --> 02:57:11,410",2.98,친해지지 못할지도 모른다고 생각했는데요.,처음엔 좀처럼 마음을 열지 않아서 걱정했어요.,그래도 어떻게든…,반말형,sub_1872_10628.4s.jpg,0.03,,,25.0,90.0,50.0,78.0,75.0,0.85088,0.0,66.0,0.0,0.0,0.1342,빨고 싶다고 생각했어.,계속 빨아 보고 싶었어.,일본어 원문 대조 + 자연스러운 한국어 대사 교정,50.8,T3,화자·문맥·자연스러움 집중 검토,,97.4526600541028,70.39,P2,앞뒤 5블록·사진·오류 기억을 함께 검토
SSIS-575,사진 대조 1차 교정본,1873,"02:57:11,670 --> 02:57:14,470",2.8,그래도 어떻게든…,친해지지 못할지도 모른다고 생각했는데요.,"그래도 어떻게든 마음을 열어 줬고,
이제는 정말 가까워져 잠자리까지 가졌어요.",반응형,sub_1873_10631.7s.jpg,0.03,,,25.0,90.0,50.0,78.0,75.0,0.64778,0.0,66.0,0.0,0.0,0.3932,그래도 둘이서라면 어떻게든 될 거야.,같이 가자…,타임스탬프 사진으로 장면 불일치 확인 후 재복원,42.27,T3,화자·문맥·자연스러움 집중 검토,,79.8692515779982,58.06,P2,앞뒤 5블록·사진·오류 기억을 함께 검토
SSIS-575,사진 대조 1차 교정본,1874,"02:57:15,790 --> 02:57:23,270",7.48,"그래도 어떻게든 마음을 열어 줬고,
이제는 정말 가까워져 잠자리까지 가졌어요.",그래도 어떻게든…,"마지막 날인 만큼 오늘도 함께하고,
끝에는 둘 다 웃으며 헤어지고 싶어요.",반말형,sub_1874_10635.8s.jpg,0.01,내레이션 줄바꿈 및 번역투 제거,높음,25.0,90.0,50.0,78.0,75.0,0.81923,1.56,22.0,0.0,0.0,0.663,"마음을 열어 줬고, 이제는 정말 가까워져서 잠자리까지 가질 수 있었어요.","그래도 어떻게든 마음을 열어 줬고, 이제는 정말 가까워져 잠자리까지 가졌어요.",내레이션 줄바꿈 및 번역투 제거,30.75,T4,구조검사 통과 시 유지,,34.8512173128945,32.47,P4,회귀검사 통과 시 유지
SSIS-575,사진 대조 1차 교정본,1875,"02:57:24,790 --> 02:57:35,970",11.18,"마지막 날인 만큼 오늘도 함께하고,
끝에는 둘 다 웃으며 헤어지고 싶어요.","그래도 어떻게든 마음을 열어 줬고,
이제는 정말 가까워져 잠자리까지 가졌어요.",힘내 볼게요.,반말형,sub_1875_10644.8s.jpg,0.01,내레이션 줄바꿈 및 자연화,높음,25.0,90.0,50.0,92.0,75.0,0.83015,28.9,22.0,0.0,0.0,0.8908,"마지막 날인 만큼 오늘도 함께하고, 끝에는 둘 다 웃으면서 헤어지고 싶어요.","마지막 날인 만큼 오늘도 함께하고, 끝에는 둘 다 웃으며 헤어지고 싶어요.",내레이션 줄바꿈 및 자연화,34.62,T4,구조검사 통과 시 유지,,50.45085662759242,41.27,P3,말투·질문응답·가독성 위주 검토
SSIS-575,사진 대조 1차 교정본,1876,"02:57:39,920 --> 02:57:40,740",0.82,힘내 볼게요.,"마지막 날인 만큼 오늘도 함께하고,
끝에는 둘 다 웃으며 헤어지고 싶어요.",힘낼게요.,중립·혼합형,sub_1876_10659.9s.jpg,0.02,,,25.0,90.0,50.0,78.0,75.0,0.62685,0.0,66.0,0.0,0.0,0.4209,"자, 우선 움직여 볼게요.","자, 우선 먹어 볼게요.",타임스탬프 사진과 앞뒤 장면으로 대사 기능 복원,41.39,T3,화자·문맥·자연스러움 집중 검토,,77.05139765554554,56.37,P3,말투·질문응답·가독성 위주 검토
SSIS-575,사진 대조 1차 교정본,1877,"02:57:40,740 --> 02:57:41,040",0.3,힘낼게요.,힘내 볼게요.,오늘이 마지막 날이네.,중립·혼합형,sub_1877_10660.7s.jpg,0.04,,,25.0,90.0,50.0,78.0,75.0,0.51661,0.0,66.0,25.0,0.0,0.1239,조금 쉴게요.,조금 쉴게.,일본어 원문 대조 + 자연스러운 한국어 대사 교정,39.26,T3,화자·문맥·자연스러움 집중 검토,borderline_cps,69.25157799819658,51.86,P3,말투·질문응답·가독성 위주 검토
SSIS-575,사진 대조 1차 교정본,1878,"02:57:51,030 --> 02:57:53,130",2.1,오늘이 마지막 날이네.,힘낼게요.,그러게.,반말형,sub_1878_10671.0s.jpg,0.03,,,25.0,90.0,50.0,78.0,75.0,0.71569,0.0,66.0,0.0,0.0,0.2275,"마지막 날이니 오늘도 함께하고, 끝에는 둘 다 웃으며 작별하고 싶습니다.","마지막 날인 만큼 오늘도 함께하고, 끝에는 둘 다 웃으면서 헤어지고 싶어요.",,45.12,T3,화자·문맥·자연스러움 집중 검토,,87.96212804328223,63.11,P2,앞뒤 5블록·사진·오류 기억을 함께 검토
SSIS-575,사진 대조 1차 교정본,1879,"02:57:54,110 --> 02:57:55,190",1.08,그러게.,오늘이 마지막 날이네.,긴장돼?,중립·혼합형,sub_1879_10674.1s.jpg,0.01,,,25.0,90.0,50.0,78.0,75.0,0.35897,42.0,66.0,0.0,0.0,1.0,그러게.,목욕하면서 이러는 거…,일본어 원문 + 타임스탬프 사진 + 장면 연속성,37.7,T3,화자·문맥·자연스러움 집중 검토,,62.53381424706943,48.13,P3,말투·질문응답·가독성 위주 검토
SSIS-575,사진 대조 1차 교정본,1880,"02:57:59,730 --> 02:58:01,170",1.44,긴장돼?,그러게.,"후후, 긴장돼.",중립·혼합형,sub_1880_10679.7s.jpg,0.03,,,25.0,90.0,50.0,78.0,75.0,0.36682,0.0,66.0,0.0,0.0,0.1608,긴장 풀어요.,긴장 풀어.,일본어 원문 대조 + 자연스러운 한국어 대사 교정,30.47,T4,구조검사 통과 시 유지,,33.97204688908927,31.94,P4,회귀검사 통과 시 유지
SSIS-575,사진 대조 1차 교정본,1881,"02:58:01,230 --> 02:58:01,790",0.56,"후후, 긴장돼.",긴장돼?,후후.,중립·혼합형,sub_1881_10681.2s.jpg,0.03,,,25.0,90.0,50.0,78.0,75.0,0.53002,0.0,66.0,0.0,0.0,0.3271,"후후후, 어서 와.","후후후, 차가워!",손상된 일본어 ASR + 타임스탬프 사진 + 앞뒤 문맥 추론,37.32,T3,화자·문맥·자연스러움 집중 검토,,60.41478809738503,47.02,P3,말투·질문응답·가독성 위주 검토
SSIS-575,사진 대조 1차 교정본,1882,"02:58:01,790 --> 02:58:01,850",0.06,후후.,"후후, 긴장돼.",오히려?,중립·혼합형,sub_1882_10681.8s.jpg,0.01,,,25.0,90.0,50.0,78.0,75.0,0.36894,0.0,66.0,70.0,0.0,0.2038,"후후후, 어서 와.","후후후, 차가워!",손상된 일본어 ASR + 타임스탬프 사진 + 앞뒤 문맥 추론,37.56,T3,화자·문맥·자연스러움 집중 검토,high_cps,61.85752930568079,47.76,P3,말투·질문응답·가독성 위주 검토
SSIS-575,사진 대조 1차 교정본,1883,"02:58:01,910 --> 02:58:02,450",0.54,오히려?,후후.,마지막이라 오히려 긴장돼.,중립·혼합형,sub_1883_10681.9s.jpg,0.01,,,25.0,90.0,50.0,78.0,75.0,0.37025,0.0,66.0,0.0,0.0,0.1849,안 졸려? 안 졸려?,아직 안 졸리지?,일본어 원문 대조 + 자연스러운 한국어 대사 교정,30.61,T4,구조검사 통과 시 유지,,34.37781785392245,32.19,P4,회귀검사 통과 시 유지
SSIS-575,사진 대조 1차 교정본,1884,"02:58:02,630 --> 02:58:03,890",1.26,마지막이라 오히려 긴장돼.,오히려?,저…,반말형,sub_1884_10682.6s.jpg,0.03,,,25.0,90.0,50.0,78.0,75.0,0.67424,0.0,66.0,0.0,0.0,0.1773,자지 끝을 밀어내려다 오히려 혀로 자극하고 말았다.,자지 끝을 밀어내려 했지만 오히려 혀로 자극하고 말았다.,,43.38,T3,화자·문맥·자연스러움 집중 검토,,83.34084761045987,60.16,P2,앞뒤 5블록·사진·오류 기억을 함께 검토
SSIS-575,사진 대조 1차 교정본,1885,"02:58:06,190 --> 02:58:06,630",0.44,저…,마지막이라 오히려 긴장돼.,응.,중립·혼합형,sub_1885_10686.2s.jpg,0.01,,,25.0,90.0,50.0,78.0,75.0,0.28295,0.0,66.0,0.0,0.0,0.1057,저는…,더 해 줘.,타임스탬프 사진과 장면 흐름으로 명백한 오인식 교정,26.94,T4,구조검사 통과 시 유지,,22.948602344454464,25.26,P4,회귀검사 통과 시 유지
SSIS-575,사진 대조 1차 교정본,1886,"02:58:06,630 --> 02:58:07,030",0.4,응.,저…,응.,반응형,sub_1886_10686.6s.jpg,0.03,,,25.0,90.0,50.0,78.0,75.0,0.01425,0.0,66.0,0.0,0.0,0.4021,"하-, 응.",하아… 응.,,15.66,T4,구조검사 통과 시 유지,,4.733994589720469,11.07,P4,회귀검사 통과 시 유지
SSIS-575,사진 대조 1차 교정본,1887,"02:58:08,250 --> 02:58:08,650",0.4,응.,응.,이상하고 특별한 한 달이었지만…,반응형,sub_1887_10688.2s.jpg,0.05,,,25.0,90.0,50.0,78.0,75.0,0.02569,0.0,66.0,0.0,0.0,0.4021,"하-, 응.",하아… 응.,,16.14,T4,구조검사 통과 시 유지,,7.281334535617674,12.42,P4,회귀검사 통과 시 유지
SSIS-575,사진 대조 1차 교정본,1888,"02:58:10,790 --> 02:58:15,230",4.44,이상하고 특별한 한 달이었지만…,응.,한 달이었지.,반말형,sub_1888_10690.8s.jpg,0.01,,,25.0,90.0,50.0,78.0,75.0,0.61418,0.0,66.0,0.0,0.0,0.1695,하지만…,그래도…,,40.86,T3,화자·문맥·자연스러움 집중 검토,,75.38322813345356,55.36,P3,말투·질문응답·가독성 위주 검토
SSIS-575,사진 대조 1차 교정본,1889,"02:58:15,370 --> 02:58:16,150",0.78,한 달이었지.,이상하고 특별한 한 달이었지만…,응.,반말형,sub_1889_10695.4s.jpg,0.03,,,25.0,90.0,50.0,78.0,75.0,0.43826,0.0,66.0,0.0,0.0,0.1187,한 번.,일단 내려가 볼게요.,사진 장면 확인 및 한국어 번역투·ASR 오역 교정,33.47,T4,구조검사 통과 시 유지,,45.53651938683498,38.54,P4,회귀검사 통과 시 유지
SSIS-575,사진 대조 1차 교정본,1890,"02:58:18,770 --> 02:58:18,830",0.06,응.,한 달이었지.,제 안에서는…,반응형,sub_1890_10698.8s.jpg,0.03,,,25.0,90.0,50.0,78.0,75.0,0.01545,0.0,66.0,70.0,0.0,0.4021,"하-, 응.",하아… 응.,,22.71,T4,구조검사 통과 시 유지,high_cps,13.0297565374211,18.64,P4,회귀검사 통과 시 유지
SSIS-575,사진 대조 1차 교정본,1891,"02:58:20,010 --> 02:58:23,500",3.49,제 안에서는…,응.,응.,중립·혼합형,sub_1891_10700.0s.jpg,0.01,,,25.0,90.0,50.0,78.0,75.0,0.33711,0.0,66.0,0.0,0.0,0.1285,저는…,더 해 줘.,타임스탬프 사진과 장면 흐름으로 명백한 오인식 교정,29.22,T4,구조검사 통과 시 유지,,29.93688007213706,29.52,P4,회귀검사 통과 시 유지
SSIS-575,사진 대조 1차 교정본,1892,"02:58:24,460 --> 02:58:24,860",0.4,응.,제 안에서는…,후우아 씨를 만나서…,반응형,sub_1892_10704.5s.jpg,0.04,,,25.0,90.0,50.0,78.0,75.0,0.02477,0.0,66.0,0.0,0.0,0.4021,"하-, 응.",하아… 응.,,16.1,T4,구조검사 통과 시 유지,,7.21370604147881,12.37,P4,회귀검사 통과 시 유지
SSIS-575,사진 대조 1차 교정본,1893,"02:58:24,860 --> 02:58:27,880",3.02,후우아 씨를 만나서…,응.,응.,반응형,sub_1893_10704.9s.jpg,0.04,출연자 이름 오인식 교정,높음,25.0,90.0,50.0,78.0,75.0,0.57505,16.26,22.0,0.0,0.0,0.7855,후와 씨를 만나서…,후우아 씨를 만나서…,출연자 이름 오인식 교정,25.27,T4,구조검사 통과 시 유지,,18.214607754733994,22.31,P4,회귀검사 통과 시 유지
SSIS-575,사진 대조 1차 교정본,1894,"02:58:30,830 --> 02:58:31,170",0.34,응.,후우아 씨를 만나서…,정말 다행이었어요.,반응형,sub_1894_10710.8s.jpg,0.03,,,25.0,90.0,50.0,78.0,75.0,0.02056,0.0,66.0,0.0,0.0,0.4021,"하-, 응.",하아… 응.,,15.92,T4,구조검사 통과 시 유지,,6.33453561767358,11.89,P4,회귀검사 통과 시 유지
SSIS-575,사진 대조 1차 교정본,1895,"02:58:31,170 --> 02:58:32,450",1.28,정말 다행이었어요.,응.,다행이었어?,반응형,sub_1895_10711.2s.jpg,0.03,,,25.0,90.0,50.0,78.0,75.0,0.3842,0.0,66.0,0.0,0.0,0.2463,다행이다!,환영해!,사진 장면 확인 및 한국어 번역투·ASR 오역 교정,31.2,T4,구조검사 통과 시 유지,,36.902614968440034,33.6,P4,회귀검사 통과 시 유지
SSIS-575,사진 대조 1차 교정본,1896,"02:58:32,510 --> 02:58:32,910",0.4,다행이었어?,정말 다행이었어요.,정말?,반응형,sub_1896_10712.5s.jpg,0.01,,,25.0,90.0,50.0,78.0,75.0,0.23657,0.0,66.0,0.0,0.0,0.2617,다행이다!,환영해!,사진 장면 확인 및 한국어 번역투·ASR 오역 교정,25.0,T4,구조검사 통과 시 유지,,17.583408476104598,21.89,P4,회귀검사 통과 시 유지
SSIS-575,사진 대조 1차 교정본,1897,"02:58:33,250 --> 02:58:33,550",0.3,정말?,다행이었어?,진짜야?,중립·혼합형,sub_1897_10713.2s.jpg,0.05,,,25.0,90.0,50.0,78.0,75.0,0.15087,42.0,66.0,0.0,0.0,1.0,정말?,응.,일본어 원문 + 타임스탬프 사진 + 장면 연속성,28.96,T4,구조검사 통과 시 유지,,29.10279531109107,29.02,P4,회귀검사 통과 시 유지
SSIS-575,사진 대조 1차 교정본,1898,"02:58:34,110 --> 02:58:34,470",0.36,진짜야?,정말?,진심이에요.,반말형,sub_1898_10714.1s.jpg,0.01,,,25.0,90.0,50.0,78.0,75.0,0.20449,0.0,66.0,0.0,18.0,0.1486,진짜...,진짜…,,25.09,T4,구조검사 통과 시 유지,formality_shift,17.831379621280433,22.04,P4,회귀검사 통과 시 유지
SSIS-575,사진 대조 1차 교정본,1899,"02:58:34,990 --> 02:58:35,610",0.62,진심이에요.,진짜야?,정말?,존댓말형,sub_1899_10715.0s.jpg,0.01,,,25.0,90.0,50.0,78.0,75.0,0.24671,0.0,66.0,0.0,18.0,0.2055,다음은 앞쪽이에요.,다음은 이쪽이에요.,타임스탬프 사진과 앞뒤 장면으로 대사 기능 복원,26.86,T4,구조검사 통과 시 유지,formality_shift,22.633002705139766,25.08,P4,회귀검사 통과 시 유지
SSIS-575,사진 대조 1차 교정본,1900,"02:58:35,710 --> 02:58:35,890",0.18,정말?,진심이에요.,나야말로 고마워.,중립·혼합형,sub_1900_10715.7s.jpg,0.01,,,25.0,90.0,50.0,78.0,75.0,0.22572,42.0,66.0,25.0,0.0,1.0,정말?,응.,일본어 원문 + 타임스탬프 사진 + 장면 연속성,34.6,T4,구조검사 통과 시 유지,borderline_cps,50.36068530207394,41.22,P3,말투·질문응답·가독성 위주 검토
SSIS-575,사진 대조 1차 교정본,1901,"02:58:36,670 --> 02:58:37,990",1.32,나야말로 고마워.,정말?,즐거웠지.,반말형,sub_1901_10716.7s.jpg,0.03,,,25.0,90.0,50.0,78.0,75.0,0.52093,0.0,66.0,0.0,0.0,0.6045,고마워.,손으로 잡아 줘.,일본어 원문 + 타임스탬프 사진 + 장면 연속성,36.94,T3,화자·문맥·자연스러움 집중 검토,,58.83678990081154,46.14,P3,말투·질문응답·가독성 위주 검토
SSIS-575,사진 대조 1차 교정본,1902,"02:58:39,350 --> 02:58:40,230",0.88,즐거웠지.,나야말로 고마워.,네.,반말형,sub_1902_10719.4s.jpg,0.05,,,25.0,90.0,50.0,78.0,75.0,0.35085,0.0,66.0,0.0,0.0,0.0788,잘 거지.,갈 수 있어.,사진 장면 확인 및 한국어 번역투·ASR 오역 교정,29.8,T4,구조검사 통과 시 유지,,31.807935076645627,30.64,P4,회귀검사 통과 시 유지
SSIS-575,사진 대조 1차 교정본,1903,"02:58:41,270 --> 02:58:41,490",0.22,네.,즐거웠지.,정말 좋아해요.,반말형,sub_1903_10721.3s.jpg,0.03,,,25.0,90.0,50.0,78.0,75.0,0.00567,0.0,66.0,0.0,0.0,0.6489,"네, 네.",네.,불필요한 반복 제거,15.3,T4,구조검사 통과 시 유지,,0.7439134355275023,9.19,P4,회귀검사 통과 시 유지
SSIS-575,사진 대조 1차 교정본,1904,"02:58:42,390 --> 02:58:43,370",0.98,정말 좋아해요.,네.,고마워. 기뻐.,반응형,sub_1904_10722.4s.jpg,0.01,,,25.0,90.0,50.0,78.0,75.0,0.64758,1.55,66.0,0.0,0.0,0.6629,유두를 좋아해요.,젖꼭지를 좋아해요.,,42.54,T3,화자·문맥·자연스러움 집중 검토,,80.95130748422001,58.67,P2,앞뒤 5블록·사진·오류 기억을 함께 검토
SSIS-575,사진 대조 1차 교정본,1905,"02:58:45,510 --> 02:58:46,590",1.08,고마워. 기뻐.,정말 좋아해요.,눈 깜짝할 사이였네.,중립·혼합형,sub_1905_10725.5s.jpg,0.01,,,25.0,90.0,50.0,78.0,75.0,0.66283,15.84,66.0,0.0,0.0,0.782,고마워.,손으로 잡아 줘.,일본어 원문 + 타임스탬프 사진 + 장면 연속성,45.75,T3,화자·문맥·자연스러움 집중 검토,,89.24706943192065,64.02,P2,앞뒤 5블록·사진·오류 기억을 함께 검토
SSIS-575,사진 대조 1차 교정본,1906,"02:58:49,510 --> 02:58:50,550",1.04,눈 깜짝할 사이였네.,고마워. 기뻐.,그러게.,반말형,sub_1906_10729.5s.jpg,0.01,,,25.0,90.0,50.0,78.0,75.0,0.83671,0.0,66.0,0.0,0.0,0.1326,깜짝 놀랐어.,정말 놀랐어요.,타임스탬프 사진과 앞뒤 장면으로 대사 기능 복원,50.2,T3,화자·문맥·자연스러움 집중 검토,,96.48331830477908,69.64,P2,앞뒤 5블록·사진·오류 기억을 함께 검토
SSIS-575,사진 대조 1차 교정본,1907,"02:58:54,710 --> 02:58:55,890",1.18,그러게.,눈 깜짝할 사이였네.,초반으로 돌아가고 싶어.,중립·혼합형,sub_1907_10734.7s.jpg,0.01,,,25.0,90.0,50.0,78.0,75.0,0.27901,42.0,66.0,0.0,0.0,1.0,그러게.,목욕하면서 이러는 거…,일본어 원문 + 타임스탬프 사진 + 장면 연속성,34.34,T4,구조검사 통과 시 유지,,49.14337240757439,40.56,P3,말투·질문응답·가독성 위주 검토
SSIS-575,사진 대조 1차 교정본,1908,"02:58:56,730 --> 02:58:58,030",1.3,초반으로 돌아가고 싶어.,그러게.,오히려 돌아가고 싶어요.,반응형,sub_1908_10736.7s.jpg,0.03,,,25.0,90.0,50.0,78.0,75.0,0.52055,0.0,66.0,0.0,0.0,0.2737,넣고 싶어.,빨리 넣고 싶어.,일본어 원문 대조 + 자연스러운 한국어 대사 교정,36.92,T3,화자·문맥·자연스러움 집중 검토,,58.746618575293056,46.09,P3,말투·질문응답·가독성 위주 검토
SSIS-575,사진 대조 1차 교정본,1909,"02:58:58,810 --> 02:58:59,610",0.8,오히려 돌아가고 싶어요.,초반으로 돌아가고 싶어.,처음부터 다시 하고 싶어.,반응형,sub_1909_10738.8s.jpg,0.01,,,25.0,90.0,50.0,78.0,75.0,0.48658,0.0,66.0,0.0,0.0,0.2932,기분 좋게 해 주고 싶어요.,제가 해 볼게요.,앞 블록과 중복된 문장 정리,35.5,T3,화자·문맥·자연스러움 집중 검토,,53.539224526600535,43.08,P3,말투·질문응답·가독성 위주 검토
SSIS-575,사진 대조 1차 교정본,1910,"02:58:59,610 --> 02:59:00,670",1.06,처음부터 다시 하고 싶어.,오히려 돌아가고 싶어요.,다시 시작하고 싶어요.,반응형,sub_1910_10739.6s.jpg,0.01,,,25.0,90.0,50.0,78.0,75.0,0.51388,0.0,66.0,0.0,0.0,0.3557,그래도 계속 하고 싶어.,그래도 계속하고 싶어.,손상된 일본어 ASR + 타임스탬프 사진 + 앞뒤 문맥 추론,36.64,T3,화자·문맥·자연스러움 집중 검토,,57.75473399458973,45.51,P3,말투·질문응답·가독성 위주 검토
SSIS-575,사진 대조 1차 교정본,1911,"02:59:00,670 --> 02:59:01,250",0.58,다시 시작하고 싶어요.,처음부터 다시 하고 싶어.,다시 해 보고 싶어요.,반응형,sub_1911_10740.7s.jpg,0.03,,,25.0,90.0,50.0,78.0,75.0,0.50128,0.0,66.0,25.0,0.0,0.3254,기분 좋게 해 주고 싶어요.,제가 해 볼게요.,앞 블록과 중복된 문장 정리,38.61,T3,화자·문맥·자연스러움 집중 검토,borderline_cps,66.45626690712353,50.31,P3,말투·질문응답·가독성 위주 검토
SSIS-575,사진 대조 1차 교정본,1912,"02:59:01,810 --> 02:59:02,530",0.72,다시 해 보고 싶어요.,다시 시작하고 싶어요.,그렇구나.,반응형,sub_1912_10741.8s.jpg,0.01,,,25.0,90.0,50.0,78.0,75.0,0.56099,0.0,66.0,0.0,0.0,0.5114,저도 그런 말을 들어 보고 싶어요.,그런 말 들으면 기분 좋아요.,타임스탬프 사진과 앞뒤 장면으로 대사 기능 복원,38.62,T3,화자·문맥·자연스러움 집중 검토,,66.54643823264202,50.35,P3,말투·질문응답·가독성 위주 검토
SSIS-575,사진 대조 1차 교정본,1913,"02:59:02,530 --> 02:59:03,110",0.58,그렇구나.,다시 해 보고 싶어요.,그래도 후회가 남지 않도록.,중립·혼합형,sub_1913_10742.5s.jpg,0.03,,,25.0,90.0,50.0,78.0,75.0,0.37915,42.0,66.0,0.0,0.0,1.0,그렇구나.,손 정말 잘 쓰네.,일본어 원문 + 타임스탬프 사진 + 장면 연속성,38.54,T3,화자·문맥·자연스러움 집중 검토,,65.98286744815148,50.07,P3,말투·질문응답·가독성 위주 검토
SSIS-575,사진 대조 1차 교정본,1914,"02:59:03,470 --> 02:59:05,350",1.88,그래도 후회가 남지 않도록.,그렇구나.,응.,반말형,sub_1914_10743.5s.jpg,0.03,,,25.0,90.0,50.0,78.0,75.0,0.7461,0.0,66.0,0.0,0.0,0.2078,그래도 계속 하고 싶어.,그래도 계속하고 싶어.,손상된 일본어 ASR + 타임스탬프 사진 + 앞뒤 문맥 추론,46.4,T3,화자·문맥·자연스러움 집중 검토,,90.73489630297566,65.02,P2,앞뒤 5블록·사진·오류 기억을 함께 검토
SSIS-575,사진 대조 1차 교정본,1915,"02:59:05,450 --> 02:59:05,650",0.2,응.,그래도 후회가 남지 않도록.,마지막으로 한 번 더 함께하고 싶어.,반응형,sub_1915_10745.5s.jpg,0.05,,,25.0,90.0,50.0,78.0,75.0,0.03223,0.0,66.0,0.0,0.0,0.4021,"하-, 응.",하아… 응.,,16.41,T4,구조검사 통과 시 유지,,7.980162308385934,12.87,P4,회귀검사 통과 시 유지
SSIS-575,사진 대조 1차 교정본,1916,"02:59:09,450 --> 02:59:10,810",1.36,마지막으로 한 번 더 함께하고 싶어.,응.,마음껏 사랑하자.,반말형,sub_1916_10749.5s.jpg,0.05,,,25.0,90.0,50.0,78.0,75.0,0.73689,0.0,66.0,0.0,0.0,0.3914,마지막으로 앞니도 닦아 줘.,마지막으로 앞니도 닦자.,일본어 원문 대조 + 자연스러운 한국어 대사 교정,46.01,T3,화자·문맥·자연스러움 집중 검토,,89.99098286744815,64.48,P2,앞뒤 5블록·사진·오류 기억을 함께 검토
SSIS-575,사진 대조 1차 교정본,1917,"02:59:12,710 --> 02:59:13,770",1.06,마음껏 사랑하자.,마지막으로 한 번 더 함께하고 싶어.,오늘은 네가 원하는 대로 해도 돼.,중립·혼합형,sub_1917_10752.7s.jpg,0.01,,,25.0,90.0,50.0,78.0,75.0,0.57157,0.0,66.0,0.0,0.0,0.1565,하지만 내가 사랑하는 건 너뿐이니까 괜찮잖아.,너만 사랑한다니까.,,39.07,T3,화자·문맥·자연스러움 집중 검토,,68.19206492335438,51.3,P3,말투·질문응답·가독성 위주 검토
SSIS-575,사진 대조 1차 교정본,1918,"02:59:16,070 --> 02:59:17,910",1.84,오늘은 네가 원하는 대로 해도 돼.,마음껏 사랑하자.,알겠어.,반말형,sub_1918_10756.1s.jpg,0.03,,,25.0,90.0,50.0,78.0,75.0,0.82424,0.0,66.0,0.0,0.0,0.5911,오늘은 서로 원하는 대로 해 보려고.,서로 하고 싶은 대로 해 보자.,손상된 일본어 ASR + 타임스탬프 사진 + 앞뒤 문맥 추론,49.68,T3,화자·문맥·자연스러움 집중 검토,,95.62669071235347,68.98,P2,앞뒤 5블록·사진·오류 기억을 함께 검토
SSIS-575,사진 대조 1차 교정본,1919,"02:59:19,810 --> 02:59:20,230",0.42,알겠어.,오늘은 네가 원하는 대로 해도 돼.,좋아?,반응형,sub_1919_10759.8s.jpg,0.01,,,25.0,90.0,50.0,78.0,75.0,0.41126,17.94,66.0,0.0,0.0,0.7995,왠지 알겠어.,어떻게 알았어?,손상된 일본어 ASR + 타임스탬프 사진 + 앞뒤 문맥 추론,35.56,T3,화자·문맥·자연스러움 집중 검토,,53.78719567177638,43.22,P3,말투·질문응답·가독성 위주 검토
SSIS-575,사진 대조 1차 교정본,1920,"02:59:20,310 --> 02:59:20,710",0.4,좋아?,알겠어.,뭔가 정말 긴장돼요.,반응형,sub_1920_10760.3s.jpg,0.01,,,25.0,90.0,50.0,78.0,75.0,0.44992,0.0,66.0,0.0,0.0,0.58,안쪽이 좋아?,안쪽도 좋아?,일본어 원문 대조 + 자연스러운 한국어 대사 교정,33.96,T4,구조검사 통과 시 유지,,47.61045987376015,39.69,P4,회귀검사 통과 시 유지
SSIS-575,사진 대조 1차 교정본,1921,"03:00:01,860 --> 03:00:03,540",1.68,뭔가 정말 긴장돼요.,좋아?,긴장돼?,중립·혼합형,sub_1921_10801.9s.jpg,0.04,,,25.0,90.0,50.0,78.0,75.0,0.68166,0.0,66.0,0.0,0.0,0.2051,정말 좋아.,거기 좋아.,타임스탬프 사진과 장면 흐름으로 명백한 오인식 교정,43.69,T3,화자·문맥·자연스러움 집중 검토,,84.35527502254283,60.77,P2,앞뒤 5블록·사진·오류 기억을 함께 검토
SSIS-575,사진 대조 1차 교정본,1922,"03:00:03,580 --> 03:00:04,580",1.0,긴장돼?,뭔가 정말 긴장돼요.,응.,중립·혼합형,sub_1922_10803.6s.jpg,0.02,,,25.0,90.0,50.0,78.0,75.0,0.345,0.0,66.0,0.0,0.0,0.1608,긴장 풀어요.,긴장 풀어.,일본어 원문 대조 + 자연스러운 한국어 대사 교정,29.55,T4,구조검사 통과 시 유지,,30.928764652840396,30.13,P4,회귀검사 통과 시 유지
SSIS-575,사진 대조 1차 교정본,1923,"03:00:05,000 --> 03:00:05,160",0.16,응.,긴장돼?,즐기자.,반응형,sub_1923_10805.0s.jpg,0.0,,,25.0,90.0,50.0,78.0,75.0,0.02063,0.0,66.0,0.0,0.0,0.4021,"하-, 응.",하아… 응.,,15.93,T4,구조검사 통과 시 유지,,6.469792605951308,11.96,P4,회귀검사 통과 시 유지
SSIS-575,사진 대조 1차 교정본,1924,"03:00:05,780 --> 03:00:06,640",0.86,즐기자.,응.,응.,중립·혼합형,sub_1924_10805.8s.jpg,0.02,,,25.0,90.0,50.0,78.0,75.0,0.26692,0.0,66.0,0.0,0.0,0.1359,잘 자.,조금만 천천히…,타임스탬프 사진으로 장면 불일치 확인 후 재복원,26.27,T4,구조검사 통과 시 유지,,20.716862037871955,23.94,P4,회귀검사 통과 시 유지
SSIS-575,사진 대조 1차 교정본,1925,"03:00:06,880 --> 03:00:07,300",0.42,응.,즐기자.,벗을까?,반응형,sub_1925_10806.9s.jpg,0.02,,,25.0,90.0,50.0,78.0,75.0,0.02969,0.0,66.0,0.0,0.0,0.4021,"하-, 응.",하아… 응.,,16.31,T4,구조검사 통과 시 유지,,7.7772768259693414,12.73,P4,회귀검사 통과 시 유지
SSIS-575,사진 대조 1차 교정본,1926,"03:00:39,210 --> 03:00:39,730",0.52,벗을까?,응.,이 흰색 귀엽다.,중립·혼합형,sub_1926_10839.2s.jpg,0.01,,,25.0,90.0,50.0,78.0,75.0,0.38904,0.0,66.0,0.0,0.0,0.1609,벗을 수 있게 되어 있네. 응.,벗을 수 있게 돼 있네. 응.,,31.4,T4,구조검사 통과 시 유지,,37.443642921550946,33.94,P4,회귀검사 통과 시 유지
SSIS-575,사진 대조 1차 교정본,1927,"03:01:01,720 --> 03:01:03,000",1.28,이 흰색 귀엽다.,벗을까?,정말 잘 어울려.,중립·혼합형,sub_1927_10861.7s.jpg,0.02,,,25.0,90.0,50.0,78.0,75.0,0.74295,0.0,66.0,0.0,0.0,0.1357,귀엽네.,그냥 벗었을 뿐이야.,일본어 원문 + 타임스탬프 사진 + 장면 연속성,46.26,T3,화자·문맥·자연스러움 집중 검토,,90.44183949504058,64.82,P2,앞뒤 5블록·사진·오류 기억을 함께 검토
SSIS-575,사진 대조 1차 교정본,1928,"03:01:03,900 --> 03:01:04,940",1.04,정말 잘 어울려.,이 흰색 귀엽다.,마지막 날에는 흰색을 입고 싶었어.,반응형,sub_1928_10863.9s.jpg,0.0,,,25.0,90.0,50.0,78.0,75.0,0.66349,42.0,66.0,0.0,0.0,1.0,정말 잘 어울려.,평소에도 목욕 자주 해?,일본어 원문 + 타임스탬프 사진 + 장면 연속성,50.49,T3,화자·문맥·자연스러움 집중 검토,,96.88908926961226,69.98,P2,앞뒤 5블록·사진·오류 기억을 함께 검토
SSIS-575,사진 대조 1차 교정본,1929,"03:01:05,220 --> 03:01:06,780",1.56,마지막 날에는 흰색을 입고 싶었어.,정말 잘 어울려.,벗었어.,반응형,sub_1929_10865.2s.jpg,0.02,,,25.0,90.0,50.0,78.0,75.0,0.83456,0.0,66.0,0.0,0.0,0.3864,정말 하고 싶었어.,봐도 돼?,일본어 원문 + 타임스탬프 사진 + 장면 연속성,50.11,T3,화자·문맥·자연스러움 집중 검토,,96.32551848512173,69.52,P2,앞뒤 5블록·사진·오류 기억을 함께 검토
SSIS-575,사진 대조 1차 교정본,1930,"03:01:39,400 --> 03:01:40,240",0.84,벗었어.,마지막 날에는 흰색을 입고 싶었어.,응.,반응형,sub_1930_10899.4s.jpg,0.0,,,25.0,90.0,50.0,78.0,75.0,0.37782,0.0,66.0,0.0,0.0,0.2008,누워 있었어.,더 뿜어봐.,,30.93,T4,구조검사 통과 시 유지,,35.68530207394049,32.93,P4,회귀검사 통과 시 유지
SSIS-575,사진 대조 1차 교정본,1931,"03:01:53,670 --> 03:01:54,310",0.64,응.,벗었어.,응.,반응형,sub_1931_10913.7s.jpg,0.03,,,25.0,90.0,50.0,78.0,75.0,0.0226,0.0,66.0,0.0,0.0,0.4021,"하-, 응.",하아… 응.,,16.01,T4,구조검사 통과 시 유지,,6.87556357078449,12.17,P4,회귀검사 통과 시 유지
SSIS-575,사진 대조 1차 교정본,1932,"03:02:13,210 --> 03:02:13,850",0.64,응.,응.,마지막이야.,반응형,sub_1932_10933.2s.jpg,0.01,,,25.0,90.0,50.0,78.0,75.0,0.03317,0.0,66.0,0.0,0.0,0.4021,"하-, 응.",하아… 응.,,16.45,T4,구조검사 통과 시 유지,,8.025247971145175,12.91,P4,회귀검사 통과 시 유지
SSIS-575,사진 대조 1차 교정본,1933,"03:02:27,000 --> 03:02:27,920",0.92,마지막이야.,응.,정말 마지막.,반말형,sub_1933_10947.0s.jpg,0.0,,,25.0,90.0,50.0,78.0,75.0,0.46595,0.0,66.0,0.0,0.0,0.1657,유두 말이야.,젖꼭지 말이야.,,34.63,T4,구조검사 통과 시 유지,,50.518485121731295,41.3,P3,말투·질문응답·가독성 위주 검토
SSIS-575,사진 대조 1차 교정본,1934,"03:02:29,100 --> 03:02:29,740",0.64,정말 마지막.,마지막이야.,뭔가 아깝네.,반말형,sub_1934_10949.1s.jpg,0.0,,,25.0,90.0,50.0,78.0,75.0,0.64582,0.0,66.0,0.0,0.0,0.2473,정말 좋아.,거기 좋아.,타임스탬프 사진과 장면 흐름으로 명백한 오인식 교정,42.18,T3,화자·문맥·자연스러움 집중 검토,,79.66636609558161,57.92,P3,말투·질문응답·가독성 위주 검토
SSIS-575,사진 대조 1차 교정본,1935,"03:02:30,260 --> 03:02:31,880",1.62,뭔가 아깝네.,정말 마지막.,아쉬워.,반응형,sub_1935_10950.3s.jpg,0.04,,,25.0,90.0,50.0,78.0,75.0,0.62401,0.0,66.0,0.0,0.0,0.2175,뭔가 짭짤해.,응?,일본어 원문 + 타임스탬프 사진 + 장면 연속성,41.27,T3,화자·문맥·자연스러움 집중 검토,,76.6907123534716,56.15,P3,말투·질문응답·가독성 위주 검토
SSIS-575,사진 대조 1차 교정본,1936,"03:02:32,180 --> 03:02:33,360",1.18,아쉬워.,뭔가 아깝네.,정말 아깝다.,반응형,sub_1936_10952.2s.jpg,0.02,,,25.0,90.0,50.0,78.0,75.0,0.40474,0.0,66.0,0.0,0.0,0.2127,"하아, 으음. 이러기 쉬워.",이러면 더 잘 느끼지?,,32.06,T4,구조검사 통과 시 유지,,40.19386834986474,35.48,P4,회귀검사 통과 시 유지
SSIS-575,사진 대조 1차 교정본,1937,"03:02:33,700 --> 03:02:34,020",0.32,정말 아깝다.,아쉬워.,서로 손을 잡고 있어요.,반응형,sub_1937_10953.7s.jpg,0.0,,,25.0,90.0,50.0,78.0,75.0,0.31419,0.0,66.0,25.0,0.0,0.2405,정말 좋아.,거기 좋아.,타임스탬프 사진과 장면 흐름으로 명백한 오인식 교정,30.76,T4,구조검사 통과 시 유지,borderline_cps,34.918845807033364,32.51,P4,회귀검사 통과 시 유지
SSIS-575,사진 대조 1차 교정본,1938,"03:02:34,020 --> 03:03:41,350",67.33,서로 손을 잡고 있어요.,정말 아깝다.,처음 만났을 때와 달리 이제는 서로 많이 편해졌어요.,반응형,sub_1938_10954.0s.jpg,0.02,,,25.0,90.0,50.0,78.0,75.0,0.59524,0.0,66.0,0.0,0.0,0.2977,몸을 살짝 넣을 수 있어요.,조금만요.,,40.06,T3,화자·문맥·자연스러움 집중 검토,,72.29486023444545,53.6,P3,말투·질문응답·가독성 위주 검토
SSIS-575,사진 대조 1차 교정본,1939,"03:03:41,910 --> 03:03:44,570",2.66,처음 만났을 때와 달리 이제는 서로 많이 편해졌어요.,서로 손을 잡고 있어요.,마지막으로 마음을 나눌 시간이 필요해요.,반말형,sub_1939_11021.9s.jpg,0.01,,,25.0,90.0,50.0,78.0,75.0,0.76734,0.0,66.0,0.0,0.0,0.5412,처음 만났을 때와 달리 이제는 서로에게 익숙해졌습니다.,처음 만났을 때와 달리 이제는 서로 많이 편해졌어요.,,47.29,T3,화자·문맥·자연스러움 집중 검토,,92.69612263300272,66.36,P2,앞뒤 5블록·사진·오류 기억을 함께 검토
SSIS-575,사진 대조 1차 교정본,1940,"03:03:45,130 --> 03:03:45,630",0.5,마지막으로 마음을 나눌 시간이 필요해요.,처음 만났을 때와 달리 이제는 서로 많이 편해졌어요.,그런 마음인 것 같아요.,반응형,sub_1940_11025.1s.jpg,0.03,,,25.0,90.0,50.0,78.0,75.0,0.75534,0.0,66.0,70.0,0.0,0.5784,마지막으로 진심을 나눌 시간이 필요합니다.,마지막으로 마음을 나눌 시간이 필요해요.,,53.78,T3,화자·문맥·자연스러움 집중 검토,high_cps,99.30117222723173,72.9,P1,장면 패킷을 열고 후보 3개를 생성해 반증 검토
SSIS-575,사진 대조 1차 교정본,1941,"03:03:48,830 --> 03:03:49,590",0.76,그런 마음인 것 같아요.,마지막으로 마음을 나눌 시간이 필요해요.,카메라 켜 주세요.,반응형,sub_1941_11028.8s.jpg,0.03,,,25.0,90.0,50.0,78.0,75.0,0.74804,0.0,66.0,0.0,0.0,0.4598,기쁠 것 같아요.,그러면 기쁠 것 같아요.,사진 장면 확인 및 한국어 번역투·ASR 오역 교정,46.48,T3,화자·문맥·자연스러움 집중 검토,,90.96032461677187,65.16,P2,앞뒤 5블록·사진·오류 기억을 함께 검토
SSIS-575,사진 대조 1차 교정본,1942,"03:05:27,300 --> 03:05:28,180",0.88,카메라 켜 주세요.,그런 마음인 것 같아요.,죄송합니다.,존댓말형,sub_1942_11127.3s.jpg,0.0,,,25.0,90.0,50.0,78.0,75.0,0.64956,0.0,66.0,0.0,0.0,0.4735,카메라 보고 말해 봐.,카메라 보고 얘기해 봐.,일본어 원문 대조 + 자연스러운 한국어 대사 교정,42.34,T3,화자·문맥·자연스러움 집중 검토,,80.02705139765554,58.17,P2,앞뒤 5블록·사진·오류 기억을 함께 검토
SSIS-575,사진 대조 1차 교정본,1943,"03:05:28,180 --> 03:05:52,840",24.66,죄송합니다.,카메라 켜 주세요.,정말?,존댓말형,sub_1943_11128.2s.jpg,0.02,,,25.0,90.0,50.0,78.0,75.0,0.3341,10.66,66.0,0.0,0.0,0.7388,죄송합니다...,죄송합니다…,,31.01,T4,구조검사 통과 시 유지,,35.95581605049594,33.09,P4,회귀검사 통과 시 유지
SSIS-575,사진 대조 1차 교정본,1944,"03:06:19,120 --> 03:06:23,680",4.56,정말?,죄송합니다.,한 장으로…,중립·혼합형,sub_1944_11179.1s.jpg,0.02,,,25.0,90.0,50.0,78.0,75.0,0.23212,42.0,66.0,0.0,0.0,1.0,정말?,응.,일본어 원문 + 타임스탬프 사진 + 장면 연속성,32.37,T4,구조검사 통과 시 유지,,41.11812443642921,36.04,P4,회귀검사 통과 시 유지
SSIS-575,사진 대조 1차 교정본,1945,"03:08:40,170 --> 03:09:01,190",21.02,한 장으로…,정말?,"아, 한 장만…",반응형,sub_1945_11320.2s.jpg,0.03,,,25.0,90.0,50.0,78.0,75.0,0.49551,0.0,66.0,0.0,0.0,0.125,한 번.,일단 내려가 볼게요.,사진 장면 확인 및 한국어 번역투·ASR 오역 교정,35.87,T3,화자·문맥·자연스러움 집중 검토,,55.09467989179441,43.94,P3,말투·질문응답·가독성 위주 검토
SSIS-575,사진 대조 1차 교정본,1946,"03:09:01,190 --> 03:09:07,140",5.95,"아, 한 장만…",한 장으로…,죄송해요.,반응형,sub_1946_11341.2s.jpg,0.01,,,25.0,90.0,50.0,78.0,75.0,0.31393,0.0,66.0,0.0,0.0,0.3596,"아, 아, 아, 아, 아, 아, 아,","아, 아, 아, 아, 아, 아, 아",,28.25,T4,구조검사 통과 시 유지,,26.735798016230838,27.61,P4,회귀검사 통과 시 유지
SSIS-575,사진 대조 1차 교정본,1947,"03:09:18,430 --> 03:09:19,450",1.02,죄송해요.,"아, 한 장만…",잠깐만요.,반말형,sub_1947_11358.4s.jpg,0.03,,,25.0,90.0,50.0,78.0,75.0,0.33733,11.37,66.0,0.0,0.0,0.7448,"하앗, 죄송해요.","하앗, 기분 좋아요.",장면·앞뒤 반응 복원,31.28,T4,구조검사 통과 시 유지,,37.06041478809738,33.71,P4,회귀검사 통과 시 유지
SSIS-575,사진 대조 1차 교정본,1948,"03:09:56,210 --> 03:10:15,470",19.26,잠깐만요.,죄송해요.,귀여워.,반응형,sub_1948_11396.2s.jpg,0.01,,,25.0,90.0,50.0,78.0,75.0,0.50781,42.0,66.0,0.0,0.0,1.0,잠깐만요.,조금만 기다려.,일본어 원문 대조 + 자연스러운 한국어 대사 교정,43.95,T3,화자·문맥·자연스러움 집중 검토,,85.25698827772769,61.3,P2,앞뒤 5블록·사진·오류 기억을 함께 검토
SSIS-575,사진 대조 1차 교정본,1949,"03:11:26,940 --> 03:11:28,300",1.36,귀여워.,잠깐만요.,조금 쉬자.,중립·혼합형,sub_1949_11486.9s.jpg,0.04,,,25.0,90.0,50.0,78.0,75.0,0.66526,26.4,66.0,0.0,0.0,0.87,엄청 귀여워.,매일 목욕해.,일본어 원문 + 타임스탬프 사진 + 장면 연속성,47.75,T3,화자·문맥·자연스러움 집중 검토,,93.55275022542831,66.99,P2,앞뒤 5블록·사진·오류 기억을 함께 검토
SSIS-575,사진 대조 1차 교정본,1950,"03:11:29,080 --> 03:11:31,420",2.34,조금 쉬자.,귀여워.,정말 좋아해.,중립·혼합형,sub_1950_11489.1s.jpg,0.02,,,25.0,90.0,50.0,78.0,75.0,0.5048,24.98,66.0,0.0,0.0,0.8582,쉬자.,너무 깊이 들어가.,일본어 원문 + 타임스탬프 사진 + 장면 연속성,40.76,T3,화자·문맥·자연스러움 집중 검토,,75.09017132551848,55.18,P3,말투·질문응답·가독성 위주 검토
SSIS-575,사진 대조 1차 교정본,1951,"03:11:35,720 --> 03:11:36,160",0.44,정말 좋아해.,조금 쉬자.,아주 많이 좋아해.,반응형,sub_1951_11495.7s.jpg,0.02,,,25.0,90.0,50.0,78.0,75.0,0.45829,1.45,66.0,0.0,0.0,0.6621,고환 좋아해.,불알 좋아해.,,34.57,T4,구조검사 통과 시 유지,,50.06762849413886,41.08,P3,말투·질문응답·가독성 위주 검토
SSIS-575,사진 대조 1차 교정본,1952,"03:11:36,160 --> 03:11:36,880",0.72,아주 많이 좋아해.,정말 좋아해.,기뻐.,반응형,sub_1952_11496.2s.jpg,0.04,,,25.0,90.0,50.0,78.0,75.0,0.68455,0.0,66.0,0.0,0.0,0.5341,고환 좋아해.,불알 좋아해.,,43.81,T3,화자·문맥·자연스러움 집중 검토,,84.69341749323715,60.98,P2,앞뒤 5블록·사진·오류 기억을 함께 검토
SSIS-575,사진 대조 1차 교정본,1953,"03:11:38,780 --> 03:11:39,460",0.68,기뻐.,아주 많이 좋아해.,이 자세로 해도 돼?,중립·혼합형,sub_1953_11498.8s.jpg,0.02,,,25.0,90.0,50.0,78.0,75.0,0.53188,42.0,66.0,0.0,0.0,1.0,기뻐.,기쁘다.,일본어 원문 대조 + 자연스러운 한국어 대사 교정,44.96,T3,화자·문맥·자연스러움 집중 검토,,87.66907123534716,62.9,P2,앞뒤 5블록·사진·오류 기억을 함께 검토
SSIS-575,사진 대조 1차 교정본,1954,"03:13:06,570 --> 03:13:07,710",1.14,이 자세로 해도 돼?,기뻐.,무서워?,반말형,sub_1954_11586.6s.jpg,0.03,,,25.0,90.0,50.0,78.0,75.0,0.87656,0.0,66.0,0.0,0.0,0.3884,그리고 이 자세로 바꿉니다.,이 자세로 바꿔 볼게요.,,51.88,T3,화자·문맥·자연스러움 집중 검토,,98.24165915238953,71.35,P2,앞뒤 5블록·사진·오류 기억을 함께 검토
SSIS-575,사진 대조 1차 교정본,1955,"03:13:27,080 --> 03:13:27,740",0.66,무서워?,이 자세로 해도 돼?,기분 좋아?,중립·혼합형,sub_1955_11607.1s.jpg,0.02,,,25.0,90.0,50.0,78.0,75.0,0.37471,0.0,66.0,0.0,0.0,0.3595,좀 더 무서워.,좀 무서워.,,30.8,T4,구조검사 통과 시 유지,,35.21190261496844,32.65,P4,회귀검사 통과 시 유지
SSIS-575,사진 대조 1차 교정본,1956,"03:14:16,000 --> 03:14:16,820",0.82,기분 좋아?,무서워?,너무 기분 좋아.,반응형,sub_1956_11656.0s.jpg,0.0,,,25.0,90.0,50.0,78.0,75.0,0.28882,0.0,66.0,0.0,0.0,0.561,"아, 거기... 기분 좋아?","아, 거기… 기분 좋아?",,27.19,T4,구조검사 통과 시 유지,,23.805229936880075,25.77,P4,회귀검사 통과 시 유지
SSIS-575,사진 대조 1차 교정본,1957,"03:14:16,940 --> 03:14:18,140",1.2,너무 기분 좋아.,기분 좋아?,여전히 능숙하네.,반응형,sub_1957_11656.9s.jpg,0.04,,,25.0,90.0,50.0,78.0,75.0,0.49156,14.94,66.0,0.0,0.0,0.7745,기분 좋아.,"아, 좋아.",화면 영문 자막 대조,38.39,T3,화자·문맥·자연스러움 집중 검토,,65.41929666366096,49.74,P3,말투·질문응답·가독성 위주 검토
SSIS-575,사진 대조 1차 교정본,1958,"03:14:19,740 --> 03:14:22,300",2.56,여전히 능숙하네.,너무 기분 좋아.,각자 움직여 보자.,반말형,sub_1958_11659.7s.jpg,0.04,,,25.0,90.0,50.0,78.0,75.0,0.44785,0.0,66.0,0.0,0.0,0.1235,대단하네.,땀이 엄청나네.,손상된 일본어 ASR + 타임스탬프 사진 + 앞뒤 문맥 추론,33.87,T4,구조검사 통과 시 유지,,47.31740306582507,39.52,P4,회귀검사 통과 시 유지
SSIS-575,사진 대조 1차 교정본,1959,"03:14:24,780 --> 03:14:25,340",0.56,각자 움직여 보자.,여전히 능숙하네.,한 가지 부탁해도 돼?,중립·혼합형,sub_1959_11664.8s.jpg,0.02,,,25.0,90.0,50.0,78.0,79.0,0.78329,0.0,66.0,0.0,0.0,0.4512,한번 보자.,밖을 봐 보자.,일본어 원문 + 타임스탬프 사진 + 장면 연속성,48.2,T3,화자·문맥·자연스러움 집중 검토,,94.09377817853922,67.48,P2,앞뒤 5블록·사진·오류 기억을 함께 검토
SSIS-575,사진 대조 1차 교정본,1960,"03:15:35,890 --> 03:15:37,550",1.66,한 가지 부탁해도 돼?,각자 움직여 보자.,응. 뭔데?,반말형,sub_1960_11735.9s.jpg,0.01,,,25.0,90.0,50.0,78.0,75.0,0.64967,0.0,66.0,0.0,0.0,0.3087,부탁해.,그대로 해 줘.,손상된 일본어 ASR + 타임스탬프 사진 + 앞뒤 문맥 추론,42.35,T3,화자·문맥·자연스러움 집중 검토,,80.09467989179441,58.2,P2,앞뒤 5블록·사진·오류 기억을 함께 검토
SSIS-575,사진 대조 1차 교정본,1961,"03:15:37,710 --> 03:15:38,670",0.96,응. 뭔데?,한 가지 부탁해도 돼?,가슴 사이에 끼워 줬으면 해.,반응형,sub_1961_11737.7s.jpg,0.01,,,25.0,90.0,50.0,78.0,75.0,0.48749,0.0,66.0,0.0,0.0,0.156,유두? 응.,젖꼭지? 응.,,35.53,T3,화자·문맥·자연스러움 집중 검토,,53.71956717763751,43.17,P3,말투·질문응답·가독성 위주 검토
SSIS-575,사진 대조 1차 교정본,1962,"03:15:40,490 --> 03:15:43,070",2.58,가슴 사이에 끼워 줬으면 해.,응. 뭔데?,가슴으로?,반응형,sub_1962_11740.5s.jpg,0.01,,,25.0,90.0,50.0,78.0,79.0,0.84067,0.0,66.0,0.0,0.0,0.3543,"다리 사이에 넣고,",다리 사이에 넣고,,50.61,T3,화자·문맥·자연스러움 집중 검토,,97.15960324616772,70.16,P2,앞뒤 5블록·사진·오류 기억을 함께 검토
SSIS-575,사진 대조 1차 교정본,1963,"03:15:43,070 --> 03:15:44,390",1.32,가슴으로?,가슴 사이에 끼워 줬으면 해.,좋아.,반응형,sub_1963_11743.1s.jpg,0.03,,,25.0,90.0,50.0,78.0,79.0,0.49411,0.0,66.0,0.0,0.0,0.3968,이제 가슴으로는 안 해줄 거야.,이제 가슴으로는 안 해 줄 거야.,,36.05,T3,화자·문맥·자연스러움 집중 검토,,55.86113615870153,44.37,P3,말투·질문응답·가독성 위주 검토
SSIS-575,사진 대조 1차 교정본,1964,"03:15:44,650 --> 03:15:45,850",1.2,좋아.,가슴으로?,해 줄게.,반응형,sub_1964_11744.6s.jpg,0.05,,,25.0,90.0,50.0,78.0,75.0,0.15686,16.19,66.0,0.0,0.0,0.7849,"아, 좋아.","아, 들어온다.",,24.56,T4,구조검사 통과 시 유지,,16.501352569882776,21.18,P4,회귀검사 통과 시 유지
SSIS-575,사진 대조 1차 교정본,1965,"03:15:45,850 --> 03:15:46,790",0.94,해 줄게.,좋아.,어떻게 하면 돼?,반말형,sub_1965_11745.9s.jpg,0.05,,,25.0,90.0,50.0,78.0,75.0,0.44004,0.0,66.0,0.0,0.0,0.5949,내가 잡아 줄게.,목욕하면서…,일본어 원문 + 타임스탬프 사진 + 장면 연속성,33.54,T4,구조검사 통과 시 유지,,45.807033363390445,38.69,P4,회귀검사 통과 시 유지
SSIS-575,사진 대조 1차 교정본,1966,"03:15:48,070 --> 03:15:51,350",3.28,어떻게 하면 돼?,해 줄게.,정신이 번쩍 들 것 같아.,반응형,sub_1966_11748.1s.jpg,0.03,,,25.0,90.0,50.0,78.0,75.0,0.52628,0.0,66.0,0.0,0.0,0.4136,어떻게 먹는 게 좋아?,어떻게 해 주는 게 좋아?,일본어 원문 대조 + 자연스러운 한국어 대사 교정,37.16,T3,화자·문맥·자연스러움 집중 검토,,60.07664562669072,46.78,P3,말투·질문응답·가독성 위주 검토
SSIS-575,사진 대조 1차 교정본,1967,"03:15:54,160 --> 03:15:55,080",0.92,정신이 번쩍 들 것 같아.,어떻게 하면 돼?,해 보고 싶었어?,반응형,sub_1967_11754.2s.jpg,0.04,,,25.0,90.0,50.0,78.0,75.0,0.57163,0.0,66.0,0.0,0.0,0.3923,갈 것 같아.,진짜 갈 것 같아.,일본어 원문 대조 + 자연스러운 한국어 대사 교정,39.07,T3,화자·문맥·자연스러움 집중 검토,,68.19206492335438,51.3,P3,말투·질문응답·가독성 위주 검토
SSIS-575,사진 대조 1차 교정본,1968,"03:16:01,170 --> 03:16:02,670",1.5,해 보고 싶었어?,정신이 번쩍 들 것 같아.,응.,반응형,sub_1968_11761.2s.jpg,0.03,,,25.0,90.0,50.0,78.0,75.0,0.39692,0.0,66.0,0.0,0.0,0.4105,몸을 만져 보고 싶었어요.,한번 만져 보고 싶었어요.,사진 장면 확인 및 한국어 번역투·ASR 오역 교정,31.73,T4,구조검사 통과 시 유지,,38.52569882777277,34.58,P4,회귀검사 통과 시 유지
SSIS-575,사진 대조 1차 교정본,1969,"03:16:03,010 --> 03:16:03,430",0.42,응.,해 보고 싶었어?,계속.,반응형,sub_1969_11763.0s.jpg,0.01,,,25.0,90.0,50.0,78.0,75.0,0.02624,0.0,66.0,0.0,0.0,0.4021,"하-, 응.",하아… 응.,,16.16,T4,구조검사 통과 시 유지,,7.371505861136159,12.47,P4,회귀검사 통과 시 유지
SSIS-575,사진 대조 1차 교정본,1970,"03:16:04,270 --> 03:16:04,730",0.46,계속.,응.,좋아.,중립·혼합형,sub_1970_11764.3s.jpg,0.03,,,25.0,90.0,50.0,78.0,75.0,0.29319,0.0,66.0,0.0,0.0,0.2684,기분 좋다기보다는 계속...,기분 좋다기보다는 계속…,,27.37,T4,구조검사 통과 시 유지,,24.278629395852118,26.07,P4,회귀검사 통과 시 유지
SSIS-575,사진 대조 1차 교정본,1971,"03:16:05,070 --> 03:16:05,930",0.86,좋아.,계속.,괜찮아.,반응형,sub_1971_11765.1s.jpg,0.03,,,25.0,90.0,50.0,78.0,75.0,0.2024,16.19,66.0,0.0,0.0,0.7849,"아, 좋아.","아, 들어온다.",,26.48,T4,구조검사 통과 시 유지,,21.32551848512173,24.32,P4,회귀검사 통과 시 유지
SSIS-575,사진 대조 1차 교정본,1972,"03:16:05,930 --> 03:16:06,090",0.16,괜찮아.,좋아.,이렇게 할게.,반응형,sub_1972_11765.9s.jpg,0.03,,,25.0,90.0,50.0,78.0,75.0,0.3104,42.0,66.0,55.0,0.0,1.0,괜찮아.,최고예요.,화면 영문 자막 대조,41.16,T3,화자·문맥·자연스러움 집중 검토,high_cps,76.42019837691613,55.97,P3,말투·질문응답·가독성 위주 검토
SSIS-575,사진 대조 1차 교정본,1973,"03:16:12,130 --> 03:16:13,630",1.5,이렇게 할게.,괜찮아.,이렇게.,중립·혼합형,sub_1973_11772.1s.jpg,0.03,,,25.0,90.0,50.0,78.0,75.0,0.59062,0.0,66.0,0.0,0.0,0.6355,이제 안 할게.,이제 안 애태울게.,,39.87,T3,화자·문맥·자연스러움 집중 검토,,71.52840396753832,53.17,P3,말투·질문응답·가독성 위주 검토
SSIS-575,사진 대조 1차 교정본,1974,"03:16:13,630 --> 03:16:14,170",0.54,이렇게.,이렇게 할게.,응.,중립·혼합형,sub_1974_11773.6s.jpg,0.03,,,25.0,90.0,50.0,78.0,75.0,0.41233,0.0,66.0,0.0,0.0,0.5803,이렇게...,이렇게…,,32.38,T4,구조검사 통과 시 유지,,41.163210099188454,36.07,P4,회귀검사 통과 시 유지
SSIS-575,사진 대조 1차 교정본,1975,"03:16:14,330 --> 03:16:14,570",0.24,응.,이렇게.,"오, 굉장해.",반응형,sub_1975_11774.3s.jpg,0.03,,,25.0,90.0,50.0,78.0,75.0,0.05343,0.0,66.0,0.0,0.0,0.4021,"하-, 응.",하아… 응.,,17.3,T4,구조검사 통과 시 유지,,8.791704238052299,13.73,P4,회귀검사 통과 시 유지
SSIS-575,사진 대조 1차 교정본,1976,"03:16:18,770 --> 03:16:20,170",1.4,"오, 굉장해.",응.,아직 제대로 끼우지도 않았는데.,반말형,sub_1976_11778.8s.jpg,0.03,,,25.0,90.0,50.0,78.0,75.0,0.56844,20.3,66.0,0.0,0.0,0.8192,굉장해. 굉장해.,엄청나. 진짜 엄청나.,,42.59,T3,화자·문맥·자연스러움 집중 검토,,81.17673579801622,58.8,P2,앞뒤 5블록·사진·오류 기억을 함께 검토
SSIS-575,사진 대조 1차 교정본,1977,"03:16:20,950 --> 03:16:22,150",1.2,아직 제대로 끼우지도 않았는데.,"오, 굉장해.",영상에서 본 거야.,반응형,sub_1977_11781.0s.jpg,0.05,,,25.0,90.0,50.0,78.0,75.0,0.74503,0.0,66.0,0.0,0.0,0.263,아직 제대로 시작도 안 했는데. 우리 식스나인 하자.,난 아직 안 빨아줬잖아. 우리 식스나인 하자.,,46.35,T3,화자·문맥·자연스러움 집중 검토,,90.6672678088368,64.96,P2,앞뒤 5블록·사진·오류 기억을 함께 검토
SSIS-575,사진 대조 1차 교정본,1978,"03:16:22,770 --> 03:16:24,070",1.3,영상에서 본 거야.,아직 제대로 끼우지도 않았는데.,본 적 있는 거.,반말형,sub_1978_11782.8s.jpg,0.03,,,25.0,90.0,50.0,78.0,75.0,0.48017,0.0,66.0,0.0,0.0,0.5368,다음 영상에서 만나요.,조금은 잘하게 된 것 같아?,목욕 장면과 충돌한 메타 문장 교체,35.23,T3,화자·문맥·자연스러움 집중 검토,,52.38954012623985,42.44,P3,말투·질문응답·가독성 위주 검토
SSIS-575,사진 대조 1차 교정본,1979,"03:16:24,670 --> 03:16:25,930",1.26,본 적 있는 거.,영상에서 본 거야.,그 장면이야.,중립·혼합형,sub_1979_11784.7s.jpg,0.03,,,25.0,90.0,50.0,78.0,75.0,0.49581,0.0,66.0,0.0,0.0,0.4356,해 본 적 있어?,해 봤어?,일본어 원문 대조 + 자연스러운 한국어 대사 교정,35.88,T3,화자·문맥·자연스러움 집중 검토,,55.18485121731289,43.99,P3,말투·질문응답·가독성 위주 검토
SSIS-575,사진 대조 1차 교정본,1980,"03:16:28,990 --> 03:16:29,170",0.18,그 장면이야.,본 적 있는 거.,"아, 큰일이야.",반말형,sub_1980_11789.0s.jpg,0.01,,,25.0,90.0,50.0,78.0,75.0,0.42866,0.0,66.0,70.0,0.0,0.166,유두 말이야.,젖꼭지 말이야.,,40.06,T3,화자·문맥·자연스러움 집중 검토,high_cps,72.29486023444545,53.6,P3,말투·질문응답·가독성 위주 검토
SSIS-575,사진 대조 1차 교정본,1981,"03:16:29,170 --> 03:16:30,810",1.64,"아, 큰일이야.",그 장면이야.,이렇게 해도 괜찮아?,반응형,sub_1981_11789.2s.jpg,0.03,,,25.0,90.0,50.0,78.0,75.0,0.5041,9.15,66.0,0.0,0.0,0.7263,"아, 큰일이야...","아, 큰일이야…",,37.88,T3,화자·문맥·자연스러움 집중 검토,,63.21009918845807,48.52,P3,말투·질문응답·가독성 위주 검토
SSIS-575,사진 대조 1차 교정본,1982,"03:16:34,130 --> 03:16:35,810",1.68,이렇게 해도 괜찮아?,"아, 큰일이야.",위험할지도.,반응형,sub_1982_11794.1s.jpg,0.03,,,25.0,90.0,50.0,78.0,75.0,0.59979,0.0,66.0,0.0,0.0,0.3929,이대로 해도 괜찮아.,"응, 그대로.",일본어 원문 대조 + 자연스러운 한국어 대사 교정,40.25,T3,화자·문맥·자연스러움 집중 검토,,72.97114517583408,53.99,P3,말투·질문응답·가독성 위주 검토
SSIS-575,사진 대조 1차 교정본,1983,"03:16:36,130 --> 03:16:37,010",0.88,위험할지도.,이렇게 해도 괜찮아?,작품에서 봤어?,반말형,sub_1983_11796.1s.jpg,0.03,,,25.0,90.0,50.0,78.0,75.0,0.37625,0.0,66.0,0.0,0.0,0.2955,아~ 근데 나도 좋아할지도.,아… 근데 나도 좋아할지도.,,30.86,T4,구조검사 통과 시 유지,,35.30207394048693,32.73,P4,회귀검사 통과 시 유지
SSIS-575,사진 대조 1차 교정본,1984,"03:17:01,980 --> 03:17:03,300",1.32,작품에서 봤어?,위험할지도.,응.,반응형,sub_1984_11822.0s.jpg,0.02,,,25.0,90.0,50.0,78.0,75.0,0.46285,0.0,66.0,0.0,0.0,0.2363,봤어? 상자가 꽤 비었더라. 끼울게.,상자가 꽤 비었더라. 내가 끼울게.,대화 호흡 정리,34.5,T4,구조검사 통과 시 유지,,49.6844003606853,40.88,P3,말투·질문응답·가독성 위주 검토
SSIS-575,사진 대조 1차 교정본,1985,"03:17:03,900 --> 03:17:04,340",0.44,응.,작품에서 봤어?,들켰네.,반응형,sub_1985_11823.9s.jpg,0.0,,,25.0,90.0,50.0,78.0,75.0,0.01584,0.0,66.0,0.0,0.0,0.4021,"하-, 응.",하아… 응.,,15.73,T4,구조검사 통과 시 유지,,5.049594229035167,11.24,P4,회귀검사 통과 시 유지
SSIS-575,사진 대조 1차 교정본,1986,"03:17:06,980 --> 03:17:07,720",0.74,들켰네.,응.,여러 가지 해 줬으면 좋겠어.,반말형,sub_1986_11827.0s.jpg,0.02,,,25.0,90.0,50.0,78.0,75.0,0.3433,0.0,66.0,0.0,0.0,0.2301,"들켰다, 들켰어.",들켰다.,사진 장면 확인 및 한국어 번역투·ASR 오역 교정,29.48,T4,구조검사 통과 시 유지,,30.63570784490532,29.97,P4,회귀검사 통과 시 유지
SSIS-575,사진 대조 1차 교정본,1987,"03:17:09,620 --> 03:17:19,950",10.33,여러 가지 해 줬으면 좋겠어.,들켰네.,좋아.,반응형,sub_1987_11829.6s.jpg,0.02,,,25.0,90.0,50.0,78.0,75.0,0.70759,0.0,66.0,0.0,0.0,0.3961,핥아줬으면 좋겠어...,핥아줬으면 좋겠어…,,44.78,T3,화자·문맥·자연스러움 집중 검토,,87.10550045085664,62.56,P2,앞뒤 5블록·사진·오류 기억을 함께 검토
SSIS-575,사진 대조 1차 교정본,1988,"03:17:19,970 --> 03:17:20,350",0.38,좋아.,여러 가지 해 줬으면 좋겠어.,"아, 굉장해.",반응형,sub_1988_11840.0s.jpg,0.03,,,25.0,90.0,50.0,78.0,75.0,0.13999,16.19,66.0,0.0,0.0,0.7849,"아, 좋아.","아, 들어온다.",,23.85,T4,구조검사 통과 시 유지,,14.855725879170423,20.07,P4,회귀검사 통과 시 유지
SSIS-575,사진 대조 1차 교정본,1989,"03:17:25,260 --> 03:17:26,020",0.76,"아, 굉장해.",좋아.,기분 좋아.,반응형,sub_1989_11845.3s.jpg,0.04,,,25.0,90.0,50.0,78.0,75.0,0.26007,42.0,66.0,0.0,0.0,1.0,"아, 굉장해.","아, 엄청나.",,33.54,T4,구조검사 통과 시 유지,,45.807033363390445,38.69,P4,회귀검사 통과 시 유지
SSIS-575,사진 대조 1차 교정본,1990,"03:17:28,420 --> 03:17:29,260",0.84,기분 좋아.,"아, 굉장해.",꿈꾸던 거야.,반응형,sub_1990_11848.4s.jpg,0.02,,,25.0,90.0,50.0,78.0,75.0,0.1493,42.0,66.0,0.0,0.0,1.0,기분 좋아.,"아, 좋아.",화면 영문 자막 대조,28.89,T4,구조검사 통과 시 유지,,28.89990982867448,28.89,P4,회귀검사 통과 시 유지
SSIS-575,사진 대조 1차 교정본,1991,"03:17:30,400 --> 03:17:31,180",0.78,꿈꾸던 거야.,기분 좋아.,어때?,반말형,sub_1991_11850.4s.jpg,0.0,,,25.0,90.0,50.0,78.0,75.0,0.29783,0.0,66.0,0.0,0.0,0.3847,싫은 거야.,싫어?,일본어 원문 대조 + 자연스러운 한국어 대사 교정,27.57,T4,구조검사 통과 시 유지,,24.97745716862038,26.48,P4,회귀검사 통과 시 유지
SSIS-575,사진 대조 1차 교정본,1992,"03:17:33,980 --> 03:17:34,400",0.42,어때?,꿈꾸던 거야.,그거 정말 위험해.,반응형,sub_1992_11854.0s.jpg,0.02,,,25.0,90.0,50.0,78.0,75.0,0.23418,0.0,66.0,0.0,0.0,0.6352,어때? 맛은?,어때? 맛 평가해 줘.,일본어 원문 대조 + 자연스러운 한국어 대사 교정,24.9,T4,구조검사 통과 시 유지,,17.42560865644725,21.76,P4,회귀검사 통과 시 유지
SSIS-575,사진 대조 1차 교정본,1993,"03:17:35,220 --> 03:17:36,020",0.8,그거 정말 위험해.,어때?,잠깐 직접 해 봐도 돼?,반말형,sub_1993_11855.2s.jpg,0.02,,,25.0,90.0,50.0,78.0,75.0,0.60124,17.03,66.0,0.0,0.0,0.7919,위험해.,큰일 나.,,43.38,T3,화자·문맥·자연스러움 집중 검토,,83.34084761045987,60.16,P2,앞뒤 5블록·사진·오류 기억을 함께 검토
SSIS-575,사진 대조 1차 교정본,1994,"03:17:38,760 --> 03:17:40,020",1.26,잠깐 직접 해 봐도 돼?,그거 정말 위험해.,응.,반응형,sub_1994_11858.8s.jpg,0.04,,,25.0,90.0,50.0,78.0,75.0,0.68525,0.0,66.0,0.0,0.0,0.2368,더 해줘도 돼?,더 해 줘도 돼?,,43.84,T3,화자·문맥·자연스러움 집중 검토,,84.89630297565374,61.08,P2,앞뒤 5블록·사진·오류 기억을 함께 검토
SSIS-575,사진 대조 1차 교정본,1995,"03:17:40,560 --> 03:17:40,780",0.22,응.,잠깐 직접 해 봐도 돼?,스스로 만지고 싶어.,반응형,sub_1995_11860.6s.jpg,0.04,,,25.0,90.0,50.0,78.0,75.0,0.01833,0.0,66.0,0.0,0.0,0.4021,"하-, 응.",하아… 응.,,15.83,T4,구조검사 통과 시 유지,,5.770964833183047,11.61,P4,회귀검사 통과 시 유지
SSIS-575,사진 대조 1차 교정본,1996,"03:17:41,980 --> 03:17:43,120",1.14,스스로 만지고 싶어.,응.,만지고 싶어.,반응형,sub_1996_11862.0s.jpg,0.02,,,25.0,90.0,50.0,78.0,75.0,0.41708,0.0,66.0,0.0,0.0,0.4433,스스로 쥐고 있어?,네가 직접 잡고 있어?,일본어 원문 대조 + 자연스러운 한국어 대사 교정,32.58,T4,구조검사 통과 시 유지,,42.20018034265104,36.62,P4,회귀검사 통과 시 유지
SSIS-575,사진 대조 1차 교정본,1997,"03:17:43,320 --> 03:17:43,820",0.5,만지고 싶어.,스스로 만지고 싶어.,어떻게 하는 거야?,반응형,sub_1997_11863.3s.jpg,0.02,,,25.0,90.0,50.0,78.0,75.0,0.44255,0.0,66.0,0.0,0.0,0.4836,좀 만지고 싶었거든.,아까부터 만져 보고 싶었거든.,일본어 원문 대조 + 자연스러운 한국어 대사 교정,33.65,T4,구조검사 통과 시 유지,,46.14517583408476,38.9,P4,회귀검사 통과 시 유지
SSIS-575,사진 대조 1차 교정본,1998,"03:17:48,020 --> 03:17:49,320",1.3,어떻게 하는 거야?,만지고 싶어.,"아, 굉장해.",반응형,sub_1998_11868.0s.jpg,0.02,,,25.0,90.0,50.0,78.0,75.0,0.5141,0.0,66.0,0.0,0.0,0.5596,뭐라고 하는 거야?,뭐라고 말해야 해?,일본어 원문 대조 + 자연스러운 한국어 대사 교정,36.65,T3,화자·문맥·자연스러움 집중 검토,,57.84490532010821,45.55,P3,말투·질문응답·가독성 위주 검토
SSIS-575,사진 대조 1차 교정본,1999,"03:17:50,540 --> 03:17:51,300",0.76,"아, 굉장해.",어떻게 하는 거야?,스스로 해도 기분 좋아?,반응형,sub_1999_11870.5s.jpg,0.04,,,25.0,90.0,50.0,78.0,75.0,0.4726,42.0,66.0,0.0,0.0,1.0,"아, 굉장해.","아, 엄청나.",,42.47,T3,화자·문맥·자연스러움 집중 검토,,80.56807935076645,58.47,P2,앞뒤 5블록·사진·오류 기억을 함께 검토
SSIS-575,사진 대조 1차 교정본,2000,"03:17:55,180 --> 03:17:56,900",1.72,스스로 해도 기분 좋아?,"아, 굉장해.",아아아아아…,반응형,sub_2000_11875.2s.jpg,0.02,,,25.0,90.0,50.0,78.0,75.0,0.6949,0.0,66.0,0.0,0.0,0.4861,스스로 쥐고 있어?,네가 직접 잡고 있어?,일본어 원문 대조 + 자연스러운 한국어 대사 교정,44.25,T3,화자·문맥·자연스러움 집중 검토,,85.93327321911633,61.76,P2,앞뒤 5블록·사진·오류 기억을 함께 검토
SSIS-575,사진 대조 1차 교정본,2001,"03:17:56,900 --> 03:18:30,400",33.5,아아아아아…,스스로 해도 기분 좋아?,그럼 반대 방향으로 하는 건 어때?,반응형,sub_2001_11876.9s.jpg,0.0,,,25.0,90.0,50.0,78.0,75.0,0.43929,38.02,66.0,0.0,0.0,0.9669,아아아아아아아아…,아아아…,일본어 원문 대조 + 자연스러운 한국어 대사 교정,40.35,T3,화자·문맥·자연스러움 집중 검토,,73.48963029756538,54.27,P3,말투·질문응답·가독성 위주 검토
SSIS-575,사진 대조 1차 교정본,2002,"03:18:36,260 --> 03:18:40,320",4.06,그럼 반대 방향으로 하는 건 어때?,아아아아아…,자리를 바꿀까?,중립·혼합형,sub_2002_11916.3s.jpg,0.04,,,25.0,90.0,50.0,78.0,75.0,0.80872,0.0,66.0,0.0,0.0,0.2744,어때? 맛은?,어때? 맛 평가해 줘.,일본어 원문 대조 + 자연스러운 한국어 대사 교정,49.03,T3,화자·문맥·자연스러움 집중 검토,,95.15329125338143,68.4,P2,앞뒤 5블록·사진·오류 기억을 함께 검토
SSIS-575,사진 대조 1차 교정본,2003,"03:18:40,480 --> 03:18:41,340",0.86,자리를 바꿀까?,그럼 반대 방향으로 하는 건 어때?,"그래, 그래.",중립·혼합형,sub_2003_11920.5s.jpg,0.02,,,25.0,90.0,50.0,78.0,75.0,0.45956,0.0,66.0,0.0,0.0,0.0904,같은 자리에서 잠들고.,그렇게 해 줘.,손상된 일본어 ASR + 타임스탬프 사진 + 앞뒤 문맥 추론,34.36,T4,구조검사 통과 시 유지,,49.18845807033364,40.59,P3,말투·질문응답·가독성 위주 검토
SSIS-575,사진 대조 1차 교정본,2004,"03:18:41,580 --> 03:18:42,340",0.76,"그래, 그래.",자리를 바꿀까?,괜찮아?,중립·혼합형,sub_2004_11921.6s.jpg,0.02,,,25.0,90.0,50.0,78.0,75.0,0.32821,4.34,66.0,0.0,0.0,0.6862,"아, 그래.",간다.,화면 영문 자막 대조,29.63,T4,구조검사 통과 시 유지,,31.086564472497745,30.24,P4,회귀검사 통과 시 유지
SSIS-575,사진 대조 1차 교정본,2005,"03:18:42,420 --> 03:18:42,600",0.18,괜찮아?,"그래, 그래.",내가 이쪽을 볼게.,반응형,sub_2005_11922.4s.jpg,0.02,,,25.0,90.0,50.0,78.0,75.0,0.16315,0.0,66.0,41.11,0.0,0.4653,더 해줘도 돼? 더 해줘. 괜찮아?,더 해 줘도 돼? 더 해 줘. 괜찮아?,,26.02,T4,구조검사 통과 시 유지,high_cps,19.88277727682597,23.44,P4,회귀검사 통과 시 유지
SSIS-575,사진 대조 1차 교정본,2006,"03:18:45,480 --> 03:18:46,700",1.22,내가 이쪽을 볼게.,괜찮아?,"아, 그렇구나.",중립·혼합형,sub_2006_11925.5s.jpg,0.02,,,25.0,90.0,50.0,78.0,75.0,0.52355,0.0,66.0,0.0,0.0,0.2608,그럼 네가 갈 수 있게 내가 노력해볼게.,그럼 네가 갈 수 있게 내가 노력해 볼게.,,37.05,T3,화자·문맥·자연스러움 집중 검토,,59.58070333633905,46.51,P3,말투·질문응답·가독성 위주 검토
SSIS-575,사진 대조 1차 교정본,2007,"03:18:46,840 --> 03:18:47,280",0.44,"아, 그렇구나.",내가 이쪽을 볼게.,여기?,반응형,sub_2007_11926.8s.jpg,0.04,,,25.0,90.0,50.0,78.0,75.0,0.53585,34.22,66.0,0.0,0.0,0.9352,그렇구나.,손 정말 잘 쓰네.,일본어 원문 + 타임스탬프 사진 + 장면 연속성,43.73,T3,화자·문맥·자연스러움 집중 검토,,84.44544634806131,60.83,P2,앞뒤 5블록·사진·오류 기억을 함께 검토
SSIS-575,사진 대조 1차 교정본,2008,"03:18:48,960 --> 03:18:49,320",0.36,여기?,"아, 그렇구나.","응, 누운 채로.",중립·혼합형,sub_2008_11929.0s.jpg,0.04,,,25.0,90.0,50.0,78.0,75.0,0.26766,0.0,66.0,0.0,0.0,0.1552,여기...,여기…,,26.3,T4,구조검사 통과 시 유지,,20.874661857529304,24.02,P4,회귀검사 통과 시 유지
SSIS-575,사진 대조 1차 교정본,2009,"03:18:50,720 --> 03:18:52,440",1.72,"응, 누운 채로.",여기?,영차.,반응형,sub_2009_11930.7s.jpg,0.02,,,25.0,90.0,50.0,78.0,75.0,0.59788,0.0,66.0,0.0,0.0,0.1992,"응, 더...","응, 더…",,40.17,T3,화자·문맥·자연스러움 집중 검토,,72.65554553651938,53.81,P3,말투·질문응답·가독성 위주 검토
SSIS-575,사진 대조 1차 교정본,2010,"03:18:57,460 --> 03:18:58,300",0.84,영차.,"응, 누운 채로.",잠깐만.,중립·혼합형,sub_2010_11937.5s.jpg,0.04,,,25.0,90.0,50.0,78.0,75.0,0.38024,42.0,66.0,0.0,0.0,1.0,영차.,자.,타임스탬프 사진과 앞뒤 장면으로 대사 기능 복원,38.59,T3,화자·문맥·자연스러움 집중 검토,,66.25338142470694,50.21,P3,말투·질문응답·가독성 위주 검토
SSIS-575,사진 대조 1차 교정본,2011,"03:19:00,360 --> 03:19:01,880",1.52,잠깐만.,영차.,응.,반응형,sub_2011_11940.4s.jpg,0.04,,,25.0,90.0,50.0,78.0,75.0,0.40177,10.88,66.0,0.0,0.0,0.7406,하아… 잠깐만.,목욕물 받아 놓은 거지?,일본어 원문 + 타임스탬프 사진 + 장면 연속성,33.89,T4,구조검사 통과 시 유지,,47.45266005410279,39.59,P4,회귀검사 통과 시 유지
SSIS-575,사진 대조 1차 교정본,2012,"03:19:01,880 --> 03:19:02,020",0.14,응.,잠깐만.,"와, 굉장해.",반응형,sub_2012_11941.9s.jpg,0.02,,,25.0,90.0,50.0,78.0,75.0,0.02697,0.0,66.0,0.0,0.0,0.4021,"하-, 응.",하아… 응.,,16.19,T4,구조검사 통과 시 유지,,7.506762849413887,12.54,P4,회귀검사 통과 시 유지
SSIS-575,사진 대조 1차 교정본,2013,"03:19:05,610 --> 03:19:07,410",1.8,"와, 굉장해.",응.,힘들지 않아? 괜찮아?,반말형,sub_2013_11945.6s.jpg,0.01,,,25.0,90.0,50.0,78.0,75.0,0.36096,18.32,66.0,0.0,0.0,0.8027,굉장해. 굉장해.,엄청나. 진짜 엄청나.,,33.52,T4,구조검사 통과 시 유지,,45.716862037871955,38.64,P4,회귀검사 통과 시 유지
SSIS-575,사진 대조 1차 교정본,2014,"03:19:09,030 --> 03:19:10,590",1.56,힘들지 않아? 괜찮아?,"와, 굉장해.",괜찮아.,반응형,sub_2014_11949.0s.jpg,0.03,,,25.0,90.0,50.0,78.0,75.0,0.53755,0.0,66.0,0.0,0.0,0.3096,너무 졸리지 않아?,눈썹도 예쁘네. 너무 진하지도 않고.,손상된 일본어 ASR + 타임스탬프 사진 + 앞뒤 문맥 추론,37.64,T3,화자·문맥·자연스러움 집중 검토,,62.21821460775473,47.96,P3,말투·질문응답·가독성 위주 검토
SSIS-575,사진 대조 1차 교정본,2015,"03:19:10,950 --> 03:19:11,150",0.2,괜찮아.,힘들지 않아? 괜찮아?,어때?,반응형,sub_2015_11951.0s.jpg,0.05,,,25.0,90.0,50.0,78.0,75.0,0.26264,42.0,66.0,30.0,0.0,1.0,괜찮아.,최고예요.,화면 영문 자막 대조,36.65,T3,화자·문맥·자연스러움 집중 검토,high_cps,57.84490532010821,45.55,P3,말투·질문응답·가독성 위주 검토
SSIS-575,사진 대조 1차 교정본,2016,"03:19:40,350 --> 03:19:41,030",0.68,어때?,괜찮아.,엉덩이 좋아해?,반응형,sub_2016_11980.4s.jpg,0.05,,,25.0,90.0,50.0,78.0,75.0,0.28676,0.0,66.0,0.0,0.0,0.6352,어때? 맛은?,어때? 맛 평가해 줘.,일본어 원문 대조 + 자연스러운 한국어 대사 교정,27.1,T4,구조검사 통과 시 유지,,23.53471596032462,25.6,P4,회귀검사 통과 시 유지
SSIS-575,사진 대조 1차 교정본,2017,"03:19:41,950 --> 03:19:43,210",1.26,엉덩이 좋아해?,어때?,엉덩이가 좋아?,반응형,sub_2017_11982.0s.jpg,0.05,,,25.0,90.0,50.0,78.0,79.0,0.69414,0.0,66.0,0.0,0.0,0.601,유두 좋아해?,젖꼭지 좋아해?,,44.45,T3,화자·문맥·자연스러움 집중 검토,,86.29395852119026,62.02,P2,앞뒤 5블록·사진·오류 기억을 함께 검토
SSIS-575,사진 대조 1차 교정본,2018,"03:19:43,370 --> 03:19:44,270",0.9,엉덩이가 좋아?,엉덩이 좋아해?,응.,반응형,sub_2018_11983.4s.jpg,0.03,,,25.0,90.0,50.0,78.0,79.0,0.7086,0.0,66.0,0.0,0.0,0.5034,엉덩이가 보고 싶어. 엉덩이를 좋아하거든. 그래? 좋아.,엉덩이가 보고 싶어. 내가 엉덩이를 좋아하거든. 그래? 좋아.,화자 분리 및 줄바꿈,45.06,T3,화자·문맥·자연스러움 집중 검토,,87.87195671776375,63.04,P2,앞뒤 5블록·사진·오류 기억을 함께 검토
SSIS-575,사진 대조 1차 교정본,2019,"03:19:44,270 --> 03:19:44,390",0.12,응.,엉덩이가 좋아?,"아, 기분 좋아.",반응형,sub_2019_11984.3s.jpg,0.03,,,25.0,90.0,50.0,78.0,75.0,0.02438,0.0,66.0,25.0,0.0,0.4021,"하-, 응.",하아… 응.,,18.58,T4,구조검사 통과 시 유지,borderline_cps,9.670874661857528,14.84,P4,회귀검사 통과 시 유지
SSIS-575,사진 대조 1차 교정본,2020,"03:20:13,010 --> 03:20:14,710",1.7,"아, 기분 좋아.",응.,"아, 기분 좋아.",반응형,sub_2020_12013.0s.jpg,0.01,,,25.0,90.0,50.0,78.0,75.0,0.23831,26.36,66.0,0.0,0.0,0.8696,"아, 정말 기분 좋아.",아… 조금 좋아.,,29.81,T4,구조검사 통과 시 유지,,31.89810640216411,30.69,P4,회귀검사 통과 시 유지
SSIS-575,사진 대조 1차 교정본,2021,"03:20:19,190 --> 03:20:25,950",6.76,"아, 기분 좋아.","아, 기분 좋아.",윽.,반응형,sub_2021_12019.2s.jpg,0.01,,,25.0,90.0,50.0,78.0,75.0,0.29519,26.36,66.0,0.0,0.0,0.8696,"아, 정말 기분 좋아.",아… 조금 좋아.,,32.2,T4,구조검사 통과 시 유지,,40.66726780883679,35.76,P4,회귀검사 통과 시 유지
SSIS-575,사진 대조 1차 교정본,2022,"03:20:30,280 --> 03:20:31,120",0.84,윽.,"아, 기분 좋아.",하아…,중립·혼합형,sub_2022_12030.3s.jpg,0.02,,,25.0,90.0,50.0,78.0,75.0,0.27994,0.0,66.0,0.0,0.0,0.2904,오오... 윽...,오오… 윽…,,26.82,T4,구조검사 통과 시 유지,,22.33994589720469,24.94,P4,회귀검사 통과 시 유지
SSIS-575,사진 대조 1차 교정본,2023,"03:20:31,120 --> 03:20:31,360",0.24,하아…,윽.,오…,반응형,sub_2023_12031.1s.jpg,0.02,,,25.0,90.0,50.0,78.0,75.0,0.57648,42.0,66.0,0.0,0.0,1.0,하아…,보여 줘.,일본어 원문 + 타임스탬프 사진 + 장면 연속성,46.83,T3,화자·문맥·자연스러움 집중 검토,,91.74932371505861,65.7,P2,앞뒤 5블록·사진·오류 기억을 함께 검토
SSIS-575,사진 대조 1차 교정본,2024,"03:20:52,110 --> 03:20:53,950",1.84,오…,하아…,좋아…,중립·혼합형,sub_2024_12052.1s.jpg,0.01,,,25.0,90.0,50.0,78.0,75.0,0.41514,0.0,66.0,0.0,0.0,0.2695,오오… 됐어!,아… 나올 것 같아.,손상된 일본어 ASR + 타임스탬프 사진 + 앞뒤 문맥 추론,32.5,T4,구조검사 통과 시 유지,,41.68169522091974,36.36,P4,회귀검사 통과 시 유지
SSIS-575,사진 대조 1차 교정본,2025,"03:21:01,000 --> 03:21:02,220",1.22,좋아…,오…,계속해…,반응형,sub_2025_12061.0s.jpg,0.0,,,25.0,90.0,50.0,78.0,75.0,0.34928,3.97,66.0,0.0,0.0,0.6831,아- 기분 좋아…,아… 기분 좋아…,,30.44,T4,구조검사 통과 시 유지,,33.7917042380523,31.85,P4,회귀검사 통과 시 유지
SSIS-575,사진 대조 1차 교정본,2026,"03:21:02,220 --> 03:21:03,580",1.36,계속해…,좋아…,여기?,반말형,sub_2026_12062.2s.jpg,0.02,,,25.0,90.0,50.0,78.0,75.0,0.3702,0.0,66.0,0.0,0.0,0.3228,계속해서…,그대로 계속해.,손상된 일본어 ASR + 타임스탬프 사진 + 앞뒤 문맥 추론,30.61,T4,구조검사 통과 시 유지,,34.37781785392245,32.19,P4,회귀검사 통과 시 유지
SSIS-575,사진 대조 1차 교정본,2027,"03:21:05,300 --> 03:21:06,180",0.88,여기?,계속해…,응…,중립·혼합형,sub_2027_12065.3s.jpg,0.0,,,25.0,90.0,50.0,78.0,75.0,0.47901,0.0,66.0,0.0,0.0,0.1552,여기...,여기…,,35.18,T3,화자·문맥·자연스러움 집중 검토,,52.25428313796213,42.35,P3,말투·질문응답·가독성 위주 검토
SSIS-575,사진 대조 1차 교정본,2028,"03:21:06,180 --> 03:21:06,980",0.8,응…,여기?,"아, 기분 좋아.",반응형,sub_2028_12066.2s.jpg,0.02,,,25.0,90.0,50.0,78.0,75.0,0.19164,0.0,66.0,0.0,0.0,0.3882,응… [안전상 번역 불가]…,응… [불명]…,,23.11,T4,구조검사 통과 시 유지,,13.593327321911634,19.11,P4,회귀검사 통과 시 유지
SSIS-575,사진 대조 1차 교정본,2029,"03:21:10,060 --> 03:21:14,760",4.7,"아, 기분 좋아.",응…,아아아아!,반응형,sub_2029_12070.1s.jpg,0.04,,,25.0,90.0,50.0,78.0,75.0,0.42864,26.36,66.0,0.0,0.0,0.8696,"아, 정말 기분 좋아.",아… 조금 좋아.,,37.81,T3,화자·문맥·자연스러움 집중 검토,,62.87195671776375,48.34,P3,말투·질문응답·가독성 위주 검토
SSIS-575,사진 대조 1차 교정본,2030,"03:21:18,540 --> 03:21:27,680",9.14,아아아아!,"아, 기분 좋아.",기분 좋아. 너도 좋아?,반응형,sub_2030_12078.5s.jpg,0.04,,,25.0,90.0,50.0,78.0,75.0,0.13427,0.0,66.0,0.0,0.0,0.5406,아아아아아아아아…,아아아…,일본어 원문 대조 + 자연스러운 한국어 대사 교정,20.7,T4,구조검사 통과 시 유지,,10.685302073940486,16.49,P4,회귀검사 통과 시 유지
SSIS-575,사진 대조 1차 교정본,2031,"03:21:43,670 --> 03:21:50,830",7.16,기분 좋아. 너도 좋아?,아아아아!,굉장해.,반응형,sub_2031_12103.7s.jpg,0.03,,,25.0,90.0,50.0,78.0,75.0,0.55438,0.75,66.0,0.0,0.0,0.6562,기분 좋아.,"아, 좋아.",화면 영문 자막 대조,38.48,T3,화자·문맥·자연스러움 집중 검토,,65.82506762849414,49.96,P3,말투·질문응답·가독성 위주 검토
SSIS-575,사진 대조 1차 교정본,2032,"03:21:51,050 --> 03:21:51,490",0.44,굉장해.,기분 좋아. 너도 좋아?,"했어, 드디어 했어.",반말형,sub_2032_12111.0s.jpg,0.05,,,25.0,90.0,50.0,78.0,75.0,0.30213,42.0,66.0,0.0,0.0,1.0,굉장해. 굉장해.,엄청나. 진짜 엄청나.,,35.31,T3,화자·문맥·자연스러움 집중 검토,,52.72768259693418,42.63,P3,말투·질문응답·가독성 위주 검토
SSIS-575,사진 대조 1차 교정본,2033,"03:22:08,000 --> 03:22:09,720",1.72,"했어, 드디어 했어.",굉장해.,눕고 싶어?,반응형,sub_2033_12128.0s.jpg,0.0,,,25.0,90.0,50.0,78.0,75.0,0.52319,0.0,66.0,0.0,0.0,0.3609,드디어 하고 싶어진 거야?,와.,일본어 원문 + 타임스탬프 사진 + 장면 연속성,37.03,T3,화자·문맥·자연스러움 집중 검토,,59.46798917944094,46.45,P3,말투·질문응답·가독성 위주 검토
SSIS-575,사진 대조 1차 교정본,2034,"03:22:10,180 --> 03:22:11,060",0.88,눕고 싶어?,"했어, 드디어 했어.","응, 눕고 싶어.",반응형,sub_2034_12130.2s.jpg,0.02,,,25.0,90.0,50.0,78.0,75.0,0.31279,0.0,66.0,0.0,0.0,0.5044,잘 빨고 싶어?,계속 빨고 싶어?,일본어 원문 대조 + 자연스러운 한국어 대사 교정,28.2,T4,구조검사 통과 시 유지,,26.62308385933273,27.54,P4,회귀검사 통과 시 유지
SSIS-575,사진 대조 1차 교정본,2035,"03:22:11,740 --> 03:22:12,260",0.52,"응, 눕고 싶어.",눕고 싶어?,이런 자세로.,반응형,sub_2035_12131.7s.jpg,0.04,,,25.0,90.0,50.0,78.0,75.0,0.38415,0.0,66.0,0.0,0.0,0.4389,넣고 싶어.,빨리 넣고 싶어.,일본어 원문 대조 + 자연스러운 한국어 대사 교정,31.19,T4,구조검사 통과 시 유지,,36.81244364292155,33.55,P4,회귀검사 통과 시 유지
SSIS-575,사진 대조 1차 교정본,2036,"03:22:15,060 --> 03:22:15,680",0.62,이런 자세로.,"응, 눕고 싶어.","마지막이니까 직접 끼워 줬으면 해.
좋아.",중립·혼합형,sub_2036_12135.1s.jpg,0.04,,,25.0,90.0,50.0,78.0,75.0,0.42041,0.0,66.0,0.0,0.0,0.5104,그 자세로...,그 자세로…,,32.72,T4,구조검사 통과 시 유지,,42.786293958521185,36.95,P4,회귀검사 통과 시 유지
SSIS-575,사진 대조 1차 교정본,2037,"03:22:22,970 --> 03:22:26,450",3.48,"마지막이니까 직접 끼워 줬으면 해.
좋아.",이런 자세로.,부탁해. 알겠어.,반말형,sub_2037_12143.0s.jpg,0.03,화자 분리,높음,25.0,90.0,86.0,78.0,75.0,0.73879,0.0,22.0,0.0,0.0,0.254,기억해 줬으면 해?,"여기, 기억해 줬으면 해요.",사진 장면 확인 및 한국어 번역투·ASR 오역 교정,28.12,T4,구조검사 통과 시 유지,,26.487826871055002,27.43,P4,회귀검사 통과 시 유지
SSIS-575,사진 대조 1차 교정본,2038,"03:22:27,610 --> 03:22:31,530",3.92,부탁해. 알겠어.,"마지막이니까 직접 끼워 줬으면 해.
좋아.",이쪽? 여기?,반응형,sub_2038_12147.6s.jpg,0.01,화자 분리,높음,25.0,90.0,86.0,78.0,75.0,0.65356,10.16,22.0,0.0,0.0,0.7347,부탁해.,그대로 해 줘.,손상된 일본어 ASR + 타임스탬프 사진 + 앞뒤 문맥 추론,26.85,T4,구조검사 통과 시 유지,,22.52028854824166,25.03,P4,회귀검사 통과 시 유지
SSIS-575,사진 대조 1차 교정본,2039,"03:22:31,730 --> 03:22:33,630",1.9,이쪽? 여기?,부탁해. 알겠어.,"콘돔이 많이 줄었네.
그러게.",중립·혼합형,sub_2039_12151.7s.jpg,0.03,,,25.0,90.0,50.0,78.0,75.0,0.6848,0.0,66.0,0.0,0.0,0.1062,여기서 자고 있어?,땀나고 있어?,사진 장면 확인 및 한국어 번역투·ASR 오역 교정,43.82,T3,화자·문맥·자연스러움 집중 검토,,84.76104598737602,61.02,P2,앞뒤 5블록·사진·오류 기억을 함께 검토
SSIS-575,사진 대조 1차 교정본,2040,"03:22:41,250 --> 03:22:44,010",2.76,"콘돔이 많이 줄었네.
그러게.",이쪽? 여기?,상자가 꽤 비었더라. 내가 끼울게.,반말형,sub_2040_12161.2s.jpg,0.05,화자 분리,높음,25.0,90.0,86.0,78.0,75.0,0.60781,0.0,22.0,0.0,0.0,0.497,그러게.,목욕하면서 이러는 거…,일본어 원문 + 타임스탬프 사진 + 장면 연속성,24.15,T4,구조검사 통과 시 유지,,15.464382326420198,20.5,P4,회귀검사 통과 시 유지
SSIS-575,사진 대조 1차 교정본,2041,"03:22:44,990 --> 03:22:49,330",4.34,상자가 꽤 비었더라. 내가 끼울게.,"콘돔이 많이 줄었네.
그러게.",응. 네가 끼워 주는 것도 마지막일지 모르겠네.,중립·혼합형,sub_2041_12165.0s.jpg,0.01,대화 호흡 정리,높음,25.0,90.0,50.0,78.0,75.0,0.83691,28.42,22.0,0.0,0.0,0.8868,봤어? 상자가 꽤 비었더라. 끼울게.,상자가 꽤 비었더라. 내가 끼울게.,대화 호흡 정리,34.77,T4,구조검사 통과 시 유지,,50.94679891794409,41.56,P3,말투·질문응답·가독성 위주 검토
SSIS-575,사진 대조 1차 교정본,2042,"03:22:49,330 --> 03:23:02,220",12.89,응. 네가 끼워 주는 것도 마지막일지 모르겠네.,상자가 꽤 비었더라. 내가 끼울게.,생각해 보니 그렇네.,반말형,sub_2042_12169.3s.jpg,0.03,,,25.0,90.0,50.0,78.0,75.0,0.88306,0.0,66.0,0.0,0.0,0.1336,"어느 것도, 네가 누군지 알잖아.",어디가 좋은지 알지?,타임스탬프 사진과 앞뒤 장면으로 대사 기능 복원,52.15,T3,화자·문맥·자연스러움 집중 검토,,98.512173128945,71.62,P2,앞뒤 5블록·사진·오류 기억을 함께 검토
SSIS-575,사진 대조 1차 교정본,2043,"03:23:05,240 --> 03:23:06,060",0.82,생각해 보니 그렇네.,응. 네가 끼워 주는 것도 마지막일지 모르겠네.,보통은 남자가 끼우지? 어떨까.,반말형,sub_2043_12185.2s.jpg,0.04,,,25.0,90.0,50.0,78.0,75.0,0.71793,0.0,66.0,0.0,0.0,0.4442,생각해 보니 너 나보다...,생각해 보니 너 나보다…,,45.21,T3,화자·문맥·자연스러움 집중 검토,,88.2326420198377,63.28,P2,앞뒤 5블록·사진·오류 기억을 함께 검토
SSIS-575,사진 대조 1차 교정본,2044,"03:23:08,040 --> 03:23:12,120",4.08,보통은 남자가 끼우지? 어떨까.,생각해 보니 그렇네.,그래도 상대가 끼워 줄 때도 있겠지.,반응형,sub_2044_12188.0s.jpg,0.04,,,25.0,90.0,50.0,78.0,75.0,0.80147,0.0,66.0,0.0,0.0,0.1416,"제가 제일 좋아하는 방식인데, 상대가 남자가 아니라서 좀 하기 어렵네요.","제가 제일 좋아하는 자세인데, 남자 없이 하려니 좀 어렵네요.",,48.72,T3,화자·문맥·자연스러움 집중 검토,,94.77006311992785,68.06,P2,앞뒤 5블록·사진·오류 기억을 함께 검토
SSIS-575,사진 대조 1차 교정본,2045,"03:23:13,080 --> 03:23:15,780",2.7,그래도 상대가 끼워 줄 때도 있겠지.,보통은 남자가 끼우지? 어떨까.,응.,반말형,sub_2045_12193.1s.jpg,0.02,,,25.0,90.0,50.0,78.0,75.0,0.83765,0.0,66.0,0.0,0.0,0.2082,그래도 계속 하고 싶어.,그래도 계속하고 싶어.,손상된 일본어 ASR + 타임스탬프 사진 + 앞뒤 문맥 추론,50.24,T3,화자·문맥·자연스러움 집중 검토,,96.52840396753832,69.68,P2,앞뒤 5블록·사진·오류 기억을 함께 검토
SSIS-575,사진 대조 1차 교정본,2046,"03:23:18,520 --> 03:23:18,620",0.1,응.,그래도 상대가 끼워 줄 때도 있겠지.,고마워. 괜찮아.,반응형,sub_2046_12198.5s.jpg,0.02,,,25.0,90.0,50.0,78.0,75.0,0.0486,0.0,66.0,25.0,0.0,0.4021,"하-, 응.",하아… 응.,,19.6,T4,구조검사 통과 시 유지,borderline_cps,10.099188458070333,15.61,P4,회귀검사 통과 시 유지
SSIS-575,사진 대조 1차 교정본,2047,"03:23:19,000 --> 03:23:20,100",1.1,고마워. 괜찮아.,응.,뭐부터 할까?,반응형,sub_2047_12199.0s.jpg,0.0,,,25.0,90.0,50.0,78.0,75.0,0.64585,16.46,66.0,0.0,0.0,0.7871,고마워.,손으로 잡아 줘.,일본어 원문 + 타임스탬프 사진 + 장면 연속성,45.15,T3,화자·문맥·자연스러움 집중 검토,,88.14247069431921,63.21,P2,앞뒤 5블록·사진·오류 기억을 함께 검토
SSIS-575,사진 대조 1차 교정본,2048,"03:23:41,390 --> 03:23:42,430",1.04,뭐부터 할까?,고마워. 괜찮아.,네가 엉덩이를 좋아하니까.,중립·혼합형,sub_2048_12221.4s.jpg,0.01,,,25.0,90.0,50.0,78.0,75.0,0.56529,0.0,66.0,0.0,0.0,0.5624,뭐 할까?,내가 먼저?,일본어 원문 + 타임스탬프 사진 + 장면 연속성,38.8,T3,화자·문맥·자연스러움 집중 검토,,67.29035166816952,50.77,P3,말투·질문응답·가독성 위주 검토
SSIS-575,사진 대조 1차 교정본,2049,"03:23:45,790 --> 03:23:47,770",1.98,네가 엉덩이를 좋아하니까.,뭐부터 할까?,그 취향이 티가 나나?,반응형,sub_2049_12225.8s.jpg,0.01,,,25.0,90.0,50.0,78.0,79.0,0.77453,0.0,66.0,0.0,0.0,0.623,유두를 좋아하니까.,젖꼭지를 좋아하니까.,,47.83,T3,화자·문맥·자연스러움 집중 검토,,93.66546438232642,67.08,P2,앞뒤 5블록·사진·오류 기억을 함께 검토
SSIS-575,사진 대조 1차 교정본,2050,"03:23:49,770 --> 03:23:51,550",1.78,그 취향이 티가 나나?,네가 엉덩이를 좋아하니까.,그럼 어떻게 할까.,중립·혼합형,sub_2050_12229.8s.jpg,0.03,,,25.0,90.0,50.0,78.0,75.0,0.66657,0.0,66.0,0.0,0.0,0.0839,괜찮으려나? 왜? 잘 닦이고 있나?,괜찮으려나? 왜? 잘 닦이고 있어?,일본어 원문 대조 + 자연스러운 한국어 대사 교정,43.06,T3,화자·문맥·자연스러움 집중 검토,,82.48422001803426,59.62,P2,앞뒤 5블록·사진·오류 기억을 함께 검토
SSIS-575,사진 대조 1차 교정본,2051,"03:23:51,730 --> 03:23:53,350",1.62,그럼 어떻게 할까.,그 취향이 티가 나나?,뒤에서 하는 자세로.,반응형,sub_2051_12231.7s.jpg,0.03,,,25.0,90.0,50.0,78.0,75.0,0.72633,0.0,66.0,0.0,0.0,0.5741,뭐 할까.,이제 뭐 할까?,일본어 원문 대조 + 자연스러운 한국어 대사 교정,45.57,T3,화자·문맥·자연스러움 집중 검토,,88.90892696122633,63.77,P2,앞뒤 5블록·사진·오류 기억을 함께 검토
SSIS-575,사진 대조 1차 교정본,2052,"03:23:53,350 --> 03:23:55,350",2.0,뒤에서 하는 자세로.,그럼 어떻게 할까.,알겠어.,중립·혼합형,sub_2052_12233.4s.jpg,0.05,,,25.0,90.0,50.0,78.0,75.0,0.77052,0.0,66.0,0.0,0.0,0.419,그 자세로...,그 자세로…,,47.42,T3,화자·문맥·자연스러움 집중 검토,,92.92155094679892,66.53,P2,앞뒤 5블록·사진·오류 기억을 함께 검토
SSIS-575,사진 대조 1차 교정본,2053,"03:23:55,350 --> 03:23:55,950",0.6,알겠어.,뒤에서 하는 자세로.,잠깐 기다려도 돼.,반응형,sub_2053_12235.4s.jpg,0.05,,,25.0,90.0,50.0,78.0,75.0,0.43765,17.94,66.0,0.0,0.0,0.7995,왠지 알겠어.,어떻게 알았어?,손상된 일본어 ASR + 타임스탬프 사진 + 앞뒤 문맥 추론,36.67,T3,화자·문맥·자연스러움 집중 검토,,57.95761947700632,45.61,P3,말투·질문응답·가독성 위주 검토
SSIS-575,사진 대조 1차 교정본,2054,"03:23:56,850 --> 03:23:58,190",1.34,잠깐 기다려도 돼.,알겠어.,나왔네.,반응형,sub_2054_12236.9s.jpg,0.05,,,25.0,90.0,50.0,78.0,75.0,0.67072,0.0,66.0,0.0,0.0,0.4432,"아니, 이제 안 기다려도 되긴 하지만...","아니, 이제 안 기다려도 되긴 하지만…",,43.23,T3,화자·문맥·자연스러움 집중 검토,,82.86744815148782,59.88,P2,앞뒤 5블록·사진·오류 기억을 함께 검토
SSIS-575,사진 대조 1차 교정본,2055,"03:23:58,430 --> 03:23:59,210",0.78,나왔네.,잠깐 기다려도 돼.,응.,반말형,sub_2055_12238.4s.jpg,0.03,,,25.0,90.0,50.0,78.0,75.0,0.30115,0.0,66.0,0.0,0.0,0.1561,나왔어…,"아, 물 나왔어…",,27.71,T4,구조검사 통과 시 유지,,25.247971145175836,26.68,P4,회귀검사 통과 시 유지
SSIS-575,사진 대조 1차 교정본,2056,"03:23:59,530 --> 03:23:59,730",0.2,응.,나왔네.,영차.,반응형,sub_2056_12239.5s.jpg,0.03,,,25.0,90.0,50.0,78.0,75.0,0.02424,0.0,66.0,0.0,0.0,0.4021,"하-, 응.",하아… 응.,,16.08,T4,구조검사 통과 시 유지,,7.1686203787195675,12.34,P4,회귀검사 통과 시 유지
SSIS-575,사진 대조 1차 교정본,2057,"03:24:01,470 --> 03:24:01,830",0.36,영차.,응.,들어가도 돼?,중립·혼합형,sub_2057_12241.5s.jpg,0.03,,,25.0,90.0,50.0,78.0,75.0,0.23525,42.0,66.0,0.0,0.0,1.0,영차.,자.,타임스탬프 사진과 앞뒤 장면으로 대사 기능 복원,32.5,T4,구조검사 통과 시 유지,,41.68169522091974,36.36,P4,회귀검사 통과 시 유지
SSIS-575,사진 대조 1차 교정본,2058,"03:24:13,340 --> 03:24:13,940",0.6,들어가도 돼?,영차.,응.,반응형,sub_2058_12253.3s.jpg,0.04,,,25.0,90.0,50.0,78.0,75.0,0.40008,0.0,66.0,0.0,0.0,0.2265,더 해줘도 돼?,더 해 줘도 돼?,,31.86,T4,구조검사 통과 시 유지,,39.31469792605951,34.99,P4,회귀검사 통과 시 유지
SSIS-575,사진 대조 1차 교정본,2059,"03:24:14,620 --> 03:24:14,880",0.26,응.,들어가도 돼?,이 자세 좋아?,반응형,sub_2059_12254.6s.jpg,0.02,,,25.0,90.0,50.0,78.0,75.0,0.02004,0.0,66.0,0.0,0.0,0.4021,"하-, 응.",하아… 응.,,15.9,T4,구조검사 통과 시 유지,,6.176735798016231,11.82,P4,회귀검사 통과 시 유지
SSIS-575,사진 대조 1차 교정본,2060,"03:24:47,120 --> 03:24:49,920",2.8,이 자세 좋아?,응.,평소처럼?,반응형,sub_2060_12287.1s.jpg,0.02,,,25.0,90.0,50.0,78.0,75.0,0.4773,0.0,66.0,0.0,0.0,0.3854,안쪽이 좋아?,안쪽도 좋아?,일본어 원문 대조 + 자연스러운 한국어 대사 교정,35.11,T3,화자·문맥·자연스러움 집중 검토,,51.93868349864743,42.18,P3,말투·질문응답·가독성 위주 검토
SSIS-575,사진 대조 1차 교정본,2061,"03:24:50,720 --> 03:24:50,900",0.18,평소처럼?,이 자세 좋아?,좋아.,중립·혼합형,sub_2061_12290.7s.jpg,0.02,,,25.0,90.0,50.0,78.0,75.0,0.26492,0.0,66.0,68.89,0.0,0.3842,평소처럼 앉아서 움직여 줘.,평소처럼 앉아서 움직여 봐.,일본어 원문 대조 + 자연스러운 한국어 대사 교정,33.08,T4,구조검사 통과 시 유지,high_cps,44.454463480613164,37.86,P4,회귀검사 통과 시 유지
SSIS-575,사진 대조 1차 교정본,2062,"03:24:51,420 --> 03:24:51,520",0.1,좋아.,평소처럼?,괜찮아.,반응형,sub_2062_12291.4s.jpg,0.02,,,25.0,90.0,50.0,78.0,75.0,0.14123,16.19,66.0,70.0,0.0,0.7849,"아, 좋아.","아, 들어온다.",,30.91,T4,구조검사 통과 시 유지,high_cps,35.617673579801625,32.89,P4,회귀검사 통과 시 유지
SSIS-575,사진 대조 1차 교정본,2063,"03:24:51,560 --> 03:24:53,180",1.62,괜찮아.,좋아.,좋아.,반응형,sub_2063_12291.6s.jpg,0.04,,,25.0,90.0,50.0,78.0,75.0,0.22058,42.0,66.0,0.0,0.0,1.0,괜찮아.,최고예요.,화면 영문 자막 대조,31.88,T4,구조검사 통과 시 유지,,39.404869251578,35.04,P4,회귀검사 통과 시 유지
SSIS-575,사진 대조 1차 교정본,2064,"03:25:23,340 --> 03:25:34,230",10.89,좋아.,괜찮아.,"갑자기 빨라졌어. 잠깐만, 미안해.
갈 것 같아? 응, 갈 것 같아.",반응형,sub_2064_12323.3s.jpg,0.04,,,25.0,90.0,50.0,78.0,75.0,0.14285,16.19,66.0,0.0,0.0,0.7849,"아, 좋아.","아, 들어온다.",,23.97,T4,구조검사 통과 시 유지,,15.238954012623985,20.3,P4,회귀검사 통과 시 유지
SSIS-575,사진 대조 1차 교정본,2065,"03:25:39,450 --> 03:25:48,870",9.42,"갑자기 빨라졌어. 잠깐만, 미안해.
갈 것 같아? 응, 갈 것 같아.",좋아.,놀랐어. 가 버릴 것 같아.,반말형,sub_2065_12339.5s.jpg,0.05,화자 분리 및 줄바꿈,높음,25.0,90.0,86.0,78.0,75.0,0.511,27.77,22.0,0.0,0.0,0.8814,"갑자기 빨라졌어. 잠깐만. 안 돼, 미안해. 갈 것 같아? 응, 갈 것 같아.","갑자기 빨라졌어. 잠깐만, 미안해. 갈 것 같아? 응, 갈 것 같아.",화자 분리 및 줄바꿈,24.83,T4,구조검사 통과 시 유지,,17.177637511271413,21.62,P4,회귀검사 통과 시 유지
SSIS-575,사진 대조 1차 교정본,2066,"03:25:51,090 --> 03:25:52,730",1.64,놀랐어. 가 버릴 것 같아.,"갑자기 빨라졌어. 잠깐만, 미안해.
갈 것 같아? 응, 갈 것 같아.",기분 좋아?,반응형,sub_2066_12351.1s.jpg,0.01,,,25.0,90.0,50.0,78.0,75.0,0.6045,0.0,66.0,0.0,0.0,0.5933,깜짝 놀랐어.,정말 놀랐어요.,타임스탬프 사진과 앞뒤 장면으로 대사 기능 복원,40.45,T3,화자·문맥·자연스러움 집중 검토,,73.82777276825969,54.47,P3,말투·질문응답·가독성 위주 검토
SSIS-575,사진 대조 1차 교정본,2067,"03:26:11,000 --> 03:26:12,000",1.0,기분 좋아?,놀랐어. 가 버릴 것 같아.,엄청 기분 좋아.,반응형,sub_2067_12371.0s.jpg,0.0,,,25.0,90.0,50.0,78.0,75.0,0.27745,0.0,66.0,0.0,0.0,0.561,"아, 거기... 기분 좋아?","아, 거기… 기분 좋아?",,26.71,T4,구조검사 통과 시 유지,,21.866546438232643,24.68,P4,회귀검사 통과 시 유지
SSIS-575,사진 대조 1차 교정본,2068,"03:26:13,520 --> 03:26:14,440",0.92,엄청 기분 좋아.,기분 좋아?,기분 좋아.,반응형,sub_2068_12373.5s.jpg,0.02,,,25.0,90.0,50.0,78.0,75.0,0.46375,13.58,66.0,0.0,0.0,0.7632,기분 좋아.,"아, 좋아.",화면 영문 자막 대조,36.98,T3,화자·문맥·자연스러움 집중 검토,,59.15238954012624,46.29,P3,말투·질문응답·가독성 위주 검토
SSIS-575,사진 대조 1차 교정본,2069,"03:26:48,430 --> 03:26:49,090",0.66,기분 좋아.,엄청 기분 좋아.,이쪽도 조금 아파.,반응형,sub_2069_12408.4s.jpg,0.03,,,25.0,90.0,50.0,78.0,75.0,0.23564,42.0,66.0,0.0,0.0,1.0,기분 좋아.,"아, 좋아.",화면 영문 자막 대조,32.52,T4,구조검사 통과 시 유지,,41.81695220919748,36.42,P4,회귀검사 통과 시 유지
SSIS-575,사진 대조 1차 교정본,2070,"03:26:49,930 --> 03:26:51,090",1.16,이쪽도 조금 아파.,기분 좋아.,반대로 할까?,반응형,sub_2070_12409.9s.jpg,0.03,,,25.0,90.0,50.0,78.0,75.0,0.47659,0.0,66.0,0.0,0.0,0.4946,배가 아파.,안쪽이 아파.,,35.08,T3,화자·문맥·자연스러움 집중 검토,,51.75834084761046,42.08,P3,말투·질문응답·가독성 위주 검토
SSIS-575,사진 대조 1차 교정본,2071,"03:26:52,390 --> 03:26:53,210",0.82,반대로 할까?,이쪽도 조금 아파.,응.,중립·혼합형,sub_2071_12412.4s.jpg,0.01,,,25.0,90.0,50.0,78.0,75.0,0.4231,0.0,66.0,0.0,0.0,0.5509,뭐 할까?,내가 먼저?,일본어 원문 + 타임스탬프 사진 + 장면 연속성,32.83,T4,구조검사 통과 시 유지,,43.41749323715058,37.28,P4,회귀검사 통과 시 유지
SSIS-575,사진 대조 1차 교정본,2072,"03:26:53,430 --> 03:26:53,610",0.18,응.,반대로 할까?,그대로 가 버릴 것 같아.,반응형,sub_2072_12413.4s.jpg,0.03,,,25.0,90.0,50.0,78.0,75.0,0.01888,0.0,66.0,0.0,0.0,0.4021,"하-, 응.",하아… 응.,,15.85,T4,구조검사 통과 시 유지,,5.951307484220019,11.69,P4,회귀검사 통과 시 유지
SSIS-575,사진 대조 1차 교정본,2073,"03:26:55,750 --> 03:26:56,950",1.2,그대로 가 버릴 것 같아.,응.,좋아.,반응형,sub_2073_12415.8s.jpg,0.05,,,25.0,90.0,50.0,78.0,75.0,0.4434,0.0,66.0,0.0,0.0,0.5422,"싸버릴 것 같아, 싸 버릴 것 같아.","싸 버릴 것 같아, 싸 버릴 것 같아.",,33.68,T4,구조검사 통과 시 유지,,46.34806131650136,39.0,P4,회귀검사 통과 시 유지
SSIS-575,사진 대조 1차 교정본,2074,"03:26:57,070 --> 03:26:57,710",0.64,좋아.,그대로 가 버릴 것 같아.,같이.,반응형,sub_2074_12417.1s.jpg,0.03,,,25.0,90.0,50.0,78.0,75.0,0.07441,16.19,66.0,0.0,0.0,0.7849,"아, 좋아.","아, 들어온다.",,21.1,T4,구조검사 통과 시 유지,,11.09107303877367,16.9,P4,회귀검사 통과 시 유지
SSIS-575,사진 대조 1차 교정본,2075,"03:27:01,430 --> 03:27:02,230",0.8,같이.,좋아.,좋아.,중립·혼합형,sub_2075_12421.4s.jpg,0.03,,,25.0,90.0,50.0,78.0,75.0,0.19257,0.0,66.0,0.0,0.0,0.1982,아이.,아…,,23.15,T4,구조검사 통과 시 유지,,13.660955816050496,19.16,P4,회귀검사 통과 시 유지
SSIS-575,사진 대조 1차 교정본,2076,"03:27:13,480 --> 03:27:14,620",1.14,좋아.,같이.,"아, 한 손으로.",반응형,sub_2076_12433.5s.jpg,0.02,,,25.0,90.0,50.0,78.0,75.0,0.07455,16.19,66.0,0.0,0.0,0.7849,"아, 좋아.","아, 들어온다.",,21.11,T4,구조검사 통과 시 유지,,11.136158701532912,16.92,P4,회귀검사 통과 시 유지
SSIS-575,사진 대조 1차 교정본,2077,"03:27:54,490 --> 03:27:57,870",3.38,"아, 한 손으로.",좋아.,한 손.,반응형,sub_2077_12474.5s.jpg,0.01,,,25.0,90.0,50.0,78.0,75.0,0.33223,0.0,66.0,0.0,0.0,0.3274,"아, 아, 아, 아, 아, 아, 아,","아, 아, 아, 아, 아, 아, 아",,29.01,T4,구조검사 통과 시 유지,,29.350766456266907,29.15,P4,회귀검사 통과 시 유지
SSIS-575,사진 대조 1차 교정본,2078,"03:27:59,230 --> 03:28:00,350",1.12,한 손.,"아, 한 손으로.",좋지?,중립·혼합형,sub_2078_12479.2s.jpg,0.03,,,25.0,90.0,50.0,78.0,75.0,0.31734,0.0,66.0,0.0,0.0,0.1902,한 번.,일단 내려가 볼게요.,사진 장면 확인 및 한국어 번역투·ASR 오역 교정,28.39,T4,구조검사 통과 시 유지,,27.23174030658251,27.9,P4,회귀검사 통과 시 유지
SSIS-575,사진 대조 1차 교정본,2079,"03:28:00,350 --> 03:28:00,550",0.2,좋지?,한 손.,좋아.,반말형,sub_2079_12480.4s.jpg,0.05,,,25.0,90.0,50.0,78.0,75.0,0.24667,42.0,66.0,0.0,0.0,1.0,좋지?,여기 좋지?,일본어 원문 대조 + 자연스러운 한국어 대사 교정,32.98,T4,구조검사 통과 시 유지,,44.04869251577998,37.63,P4,회귀검사 통과 시 유지
SSIS-575,사진 대조 1차 교정본,2080,"03:28:00,810 --> 03:28:03,130",2.32,좋아.,좋지?,좋네.,반응형,sub_2080_12480.8s.jpg,0.01,,,25.0,90.0,50.0,78.0,75.0,0.20338,16.19,66.0,0.0,0.0,0.7849,"아, 좋아.","아, 들어온다.",,26.52,T4,구조검사 통과 시 유지,,21.438232642019837,24.39,P4,회귀검사 통과 시 유지
SSIS-575,사진 대조 1차 교정본,2081,"03:28:34,650 --> 03:28:35,530",0.88,좋네.,좋아.,천천히.,반말형,sub_2081_12514.6s.jpg,0.05,,,25.0,90.0,50.0,78.0,75.0,0.44532,42.0,66.0,0.0,0.0,1.0,좋네.,좋아.,일본어 원문 대조 + 자연스러운 한국어 대사 교정,41.32,T3,화자·문맥·자연스러움 집중 검토,,76.73579801623085,56.19,P3,말투·질문응답·가독성 위주 검토
SSIS-575,사진 대조 1차 교정본,2082,"03:28:35,530 --> 03:28:36,230",0.7,천천히.,좋네.,두 번째야.,중립·혼합형,sub_2082_12515.5s.jpg,0.03,,,25.0,90.0,50.0,78.0,75.0,0.39576,30.01,66.0,0.0,0.0,0.9001,좀 더 천천히.,기억해 둘게.,일본어 원문 + 타임스탬프 사진 + 장면 연속성,37.08,T3,화자·문맥·자연스러움 집중 검토,,59.715960324616766,46.59,P3,말투·질문응답·가독성 위주 검토
SSIS-575,사진 대조 1차 교정본,2083,"03:28:55,720 --> 03:28:56,540",0.82,두 번째야.,천천히.,첫 번째였어.,반말형,sub_2083_12535.7s.jpg,0.02,,,25.0,90.0,50.0,78.0,75.0,0.50155,29.56,66.0,0.0,0.0,0.8963,"자, 두 번째야.","자, 이번엔 두 번째야.",사진 장면 확인 및 한국어 번역투 교정,41.45,T3,화자·문맥·자연스러움 집중 검토,,77.34445446348062,56.53,P3,말투·질문응답·가독성 위주 검토
SSIS-575,사진 대조 1차 교정본,2084,"03:29:21,090 --> 03:29:23,570",2.48,첫 번째였어.,두 번째야.,이전처럼 손도 같이 써.,반응형,sub_2084_12561.1s.jpg,0.01,,,25.0,90.0,50.0,78.0,75.0,0.36478,0.0,66.0,0.0,0.0,0.2262,첫 번째예요.,이번이 첫 번째예요.,사진 장면 확인 및 한국어 번역투·ASR 오역 교정,30.38,T4,구조검사 통과 시 유지,,33.63390441839495,31.75,P4,회귀검사 통과 시 유지
SSIS-575,사진 대조 1차 교정본,2085,"03:29:24,910 --> 03:29:26,770",1.86,이전처럼 손도 같이 써.,첫 번째였어.,이번이 두 번째야.,중립·혼합형,sub_2085_12564.9s.jpg,0.01,,,25.0,90.0,50.0,78.0,75.0,0.47051,0.0,66.0,0.0,0.0,0.1923,같이 좀 가요.,그럼 같이 가요.,일본어 원문 대조 + 자연스러운 한국어 대사 교정,34.82,T4,구조검사 통과 시 유지,,51.01442741208295,41.62,P3,말투·질문응답·가독성 위주 검토
SSIS-575,사진 대조 1차 교정본,2086,"03:29:26,770 --> 03:29:35,560",8.79,이번이 두 번째야.,이전처럼 손도 같이 써.,맛있어?,반말형,sub_2086_12566.8s.jpg,0.03,,,25.0,90.0,50.0,78.0,75.0,0.37647,3.92,66.0,0.0,0.0,0.6827,"자, 두 번째야.","자, 이번엔 두 번째야.",사진 장면 확인 및 한국어 번역투 교정,31.58,T4,구조검사 통과 시 유지,,37.93958521190262,34.25,P4,회귀검사 통과 시 유지
SSIS-575,사진 대조 1차 교정본,2087,"03:29:50,300 --> 03:29:51,500",1.2,맛있어?,이번이 두 번째야.,안쪽이 아직 비어 있어…,반응형,sub_2087_12590.3s.jpg,0.0,,,25.0,90.0,50.0,78.0,75.0,0.25862,0.0,66.0,0.0,0.0,0.357,맛있어!,맛있다!,사진 장면 확인 및 한국어 번역투·ASR 오역 교정,25.92,T4,구조검사 통과 시 유지,,19.56717763751127,23.25,P4,회귀검사 통과 시 유지
SSIS-575,사진 대조 1차 교정본,2088,"03:29:54,320 --> 03:29:55,940",1.62,안쪽이 아직 비어 있어…,맛있어?,좋아해. 정말 많이 좋아해.,반응형,sub_2088_12594.3s.jpg,0.02,,,25.0,90.0,50.0,78.0,79.0,0.75711,0.0,66.0,0.0,0.0,0.4696,안쪽이 좋아.,대단하다.,일본어 원문 + 타임스탬프 사진 + 장면 연속성,47.1,T3,화자·문맥·자연스러움 집중 검토,,92.15509467989179,66.02,P2,앞뒤 5블록·사진·오류 기억을 함께 검토
SSIS-575,사진 대조 1차 교정본,2089,"03:30:14,940 --> 03:30:20,640",5.7,좋아해. 정말 많이 좋아해.,안쪽이 아직 비어 있어…,몸이 반응하고 있어.,반응형,sub_2089_12614.9s.jpg,0.04,,,25.0,90.0,50.0,78.0,75.0,0.62159,2.65,66.0,0.0,0.0,0.6721,고환 좋아해.,불알 좋아해.,,41.64,T3,화자·문맥·자연스러움 집중 검토,,78.20108205590623,57.0,P3,말투·질문응답·가독성 위주 검토
SSIS-575,사진 대조 1차 교정본,2090,"03:30:32,240 --> 03:30:45,660",13.42,몸이 반응하고 있어.,좋아해. 정말 많이 좋아해.,괜찮아?,반응형,sub_2090_12632.2s.jpg,0.04,,,25.0,90.0,50.0,78.0,75.0,0.52566,0.0,66.0,0.0,0.0,0.264,뒤에 있어.,뒤쪽도 보여 줘.,일본어 원문 대조 + 자연스러운 한국어 대사 교정,37.14,T3,화자·문맥·자연스러움 집중 검토,,59.918845807033364,46.71,P3,말투·질문응답·가독성 위주 검토
SSIS-575,사진 대조 1차 교정본,2091,"03:31:03,050 --> 03:31:03,590",0.54,괜찮아?,몸이 반응하고 있어.,긴장하면 몸에 힘이 들어가서 아파.,반응형,sub_2091_12663.0s.jpg,0.05,,,25.0,90.0,50.0,78.0,75.0,0.12518,0.0,66.0,0.0,0.0,0.4653,더 해줘도 돼? 더 해줘. 괜찮아?,더 해 줘도 돼? 더 해 줘. 괜찮아?,,20.32,T4,구조검사 통과 시 유지,,10.459873760144275,16.18,P4,회귀검사 통과 시 유지
SSIS-575,사진 대조 1차 교정본,2092,"03:31:22,760 --> 03:31:49,630",26.87,긴장하면 몸에 힘이 들어가서 아파.,괜찮아?,조심해.,반응형,sub_2092_12682.8s.jpg,0.04,,,25.0,90.0,50.0,78.0,75.0,0.68385,0.0,66.0,0.0,0.0,0.3124,배가 아파.,안쪽이 아파.,,43.78,T3,화자·문맥·자연스러움 집중 검토,,84.55816050495942,60.91,P2,앞뒤 5블록·사진·오류 기억을 함께 검토
SSIS-575,사진 대조 1차 교정본,2093,"03:31:52,390 --> 03:32:08,130",15.74,조심해.,긴장하면 몸에 힘이 들어가서 아파.,목에 뭐라도 둘러 줄까?,반말형,sub_2093_12712.4s.jpg,0.01,,,25.0,90.0,50.0,78.0,75.0,0.279,0.0,66.0,0.0,0.0,0.602,조심해. 지금은 안 되니까.,조심해. 아직 내려가면 안 돼.,일본어 원문 대조 + 자연스러운 한국어 대사 교정,26.78,T4,구조검사 통과 시 유지,,22.046889089269612,24.79,P4,회귀검사 통과 시 유지
SSIS-575,사진 대조 1차 교정본,2094,"03:32:12,990 --> 03:32:26,070",13.08,목에 뭐라도 둘러 줄까?,조심해.,이렇게 말해 주는 거야?,중립·혼합형,sub_2094_12733.0s.jpg,0.01,,,25.0,90.0,50.0,78.0,75.0,0.69391,0.0,66.0,0.0,0.0,0.3014,여기서 뭘 보여 줄까?,뭘 보여 줄까?,손상된 일본어 ASR + 타임스탬프 사진 + 앞뒤 문맥 추론,44.2,T3,화자·문맥·자연스러움 집중 검토,,85.88818755635708,61.71,P2,앞뒤 5블록·사진·오류 기억을 함께 검토
SSIS-575,사진 대조 1차 교정본,2095,"03:32:39,530 --> 03:32:40,850",1.32,이렇게 말해 주는 거야?,목에 뭐라도 둘러 줄까?,정말 귀여워.,반말형,sub_2095_12759.5s.jpg,0.03,,,25.0,90.0,50.0,78.0,75.0,0.73526,0.0,66.0,0.0,0.0,0.3077,뭐라고 하는 거야?,뭐라고 말해야 해?,일본어 원문 대조 + 자연스러운 한국어 대사 교정,45.94,T3,화자·문맥·자연스러움 집중 검토,,89.90081154192967,64.4,P2,앞뒤 5블록·사진·오류 기억을 함께 검토
SSIS-575,사진 대조 1차 교정본,2096,"03:33:17,700 --> 03:33:42,290",24.59,정말 귀여워.,이렇게 말해 주는 거야?,정말 힘들어.,중립·혼합형,sub_2096_12797.7s.jpg,0.0,,,25.0,90.0,50.0,78.0,75.0,0.6597,17.44,66.0,0.0,0.0,0.7953,엄청 귀여워.,매일 목욕해.,일본어 원문 + 타임스탬프 사진 + 장면 연속성,45.91,T3,화자·문맥·자연스러움 집중 검토,,89.76555455365194,64.33,P2,앞뒤 5블록·사진·오류 기억을 함께 검토
SSIS-575,사진 대조 1차 교정본,2097,"03:33:43,590 --> 03:33:44,570",0.98,정말 힘들어.,정말 귀여워.,너무 힘들어.,반응형,sub_2097_12823.6s.jpg,0.01,,,25.0,90.0,50.0,78.0,75.0,0.60928,7.59,66.0,0.0,0.0,0.7132,걷기 힘들어.,응.,일본어 원문 + 타임스탬프 사진 + 장면 연속성,42.02,T3,화자·문맥·자연스러움 집중 검토,,79.1253381424707,57.6,P3,말투·질문응답·가독성 위주 검토
SSIS-575,사진 대조 1차 교정본,2098,"03:34:03,770 --> 03:34:04,650",0.88,너무 힘들어.,정말 힘들어.,"좋아, 정말 좋아.",반응형,sub_2098_12843.8s.jpg,0.03,,,25.0,90.0,50.0,78.0,75.0,0.55045,4.23,66.0,0.0,0.0,0.6853,걷기 힘들어.,응.,일본어 원문 + 타임스탬프 사진 + 장면 연속성,38.94,T3,화자·문맥·자연스러움 집중 검토,,67.5834084761046,50.97,P3,말투·질문응답·가독성 위주 검토
SSIS-575,사진 대조 1차 교정본,2099,"03:34:41,330 --> 03:34:41,790",0.46,"좋아, 정말 좋아.",너무 힘들어.,정말 좋아.,반응형,sub_2099_12881.3s.jpg,0.03,,,25.0,90.0,50.0,78.0,75.0,0.41213,11.94,66.0,25.0,0.0,0.7495,정말 좋아.,거기 좋아.,타임스탬프 사진과 장면 흐름으로 명백한 오인식 교정,37.02,T3,화자·문맥·자연스러움 집중 검토,borderline_cps,59.400360685302076,46.42,P3,말투·질문응답·가독성 위주 검토
SSIS-575,사진 대조 1차 교정본,2100,"03:34:41,790 --> 03:35:46,300",64.51,정말 좋아.,"좋아, 정말 좋아.",아!,반응형,sub_2100_12881.8s.jpg,0.01,,,25.0,90.0,50.0,78.0,75.0,0.38403,42.0,66.0,0.0,0.0,1.0,정말 좋아.,거기 좋아.,타임스탬프 사진과 장면 흐름으로 명백한 오인식 교정,38.75,T3,화자·문맥·자연스러움 집중 검토,,67.04238052299368,50.63,P3,말투·질문응답·가독성 위주 검토
SSIS-575,사진 대조 1차 교정본,2101,"03:35:47,500 --> 03:35:48,060",0.56,아!,정말 좋아.,힘이 풀리기 시작했어.,반응형,sub_2101_12947.5s.jpg,0.0,,,25.0,90.0,50.0,78.0,75.0,0.09545,0.0,66.0,0.0,0.0,0.0882,네! 어이!,"네, 잘 부탁드립니다!",사진 장면 확인 및 한국어 번역투·ASR 오역 교정,19.07,T4,구조검사 통과 시 유지,,9.918845807033364,15.23,P4,회귀검사 통과 시 유지
SSIS-575,사진 대조 1차 교정본,2102,"03:36:09,920 --> 03:36:11,140",1.22,힘이 풀리기 시작했어.,아!,큰일이다.,반응형,sub_2102_12969.9s.jpg,0.02,,,25.0,90.0,50.0,78.0,75.0,0.46239,0.0,66.0,0.0,0.0,0.1295,빠르지 않아? 아까도 힘이 빠졌잖아.,너무 빠르지 않아? 아까도 한 번 갔잖아.,사진 장면 확인 및 한국어 번역투·ASR 오역 교정,34.48,T4,구조검사 통과 시 유지,,49.571686203787195,40.82,P3,말투·질문응답·가독성 위주 검토
SSIS-575,사진 대조 1차 교정본,2103,"03:36:11,940 --> 03:36:12,500",0.56,큰일이다.,힘이 풀리기 시작했어.,한 번 가면 거의 끝일 것 같아.,중립·혼합형,sub_2103_12971.9s.jpg,0.04,,,25.0,90.0,50.0,78.0,75.0,0.20991,0.0,66.0,0.0,0.0,0.2601,큰일이네요.,이러다 갈 것 같아요.,사진 장면 확인 및 한국어 번역투·ASR 오역 교정,23.88,T4,구조검사 통과 시 유지,,15.036068530207395,20.17,P4,회귀검사 통과 시 유지
SSIS-575,사진 대조 1차 교정본,2104,"03:36:15,080 --> 03:36:17,400",2.32,한 번 가면 거의 끝일 것 같아.,큰일이다.,"응, 기분 좋아.",중립·혼합형,sub_2104_12975.1s.jpg,0.02,,,25.0,90.0,50.0,78.0,75.0,0.49821,0.0,66.0,0.0,0.0,0.3942,갈 것 같아.,진짜 갈 것 같아.,일본어 원문 대조 + 자연스러운 한국어 대사 교정,35.98,T3,화자·문맥·자연스러움 집중 검토,,55.52299368800722,44.19,P3,말투·질문응답·가독성 위주 검토
SSIS-575,사진 대조 1차 교정본,2105,"03:36:18,780 --> 03:36:19,900",1.12,"응, 기분 좋아.",한 번 가면 거의 끝일 것 같아.,지금 자세도 정말 기분 좋아.,반응형,sub_2105_12978.8s.jpg,0.02,,,25.0,90.0,50.0,78.0,75.0,0.34882,16.81,66.0,0.0,0.0,0.7901,기분 좋아.,"아, 좋아.",화면 영문 자막 대조,32.74,T4,구조검사 통과 시 유지,,42.876465284039675,37.0,P4,회귀검사 통과 시 유지
SSIS-575,사진 대조 1차 교정본,2106,"03:36:28,660 --> 03:36:31,580",2.92,지금 자세도 정말 기분 좋아.,"응, 기분 좋아.",이번에는 반대쪽에서.,반응형,sub_2106_12988.7s.jpg,0.04,,,25.0,90.0,50.0,78.0,75.0,0.5482,0.0,66.0,0.0,0.0,0.5132,"아, 정말 기분 좋아.",아… 조금 좋아.,,38.08,T3,화자·문맥·자연스러움 집중 검토,,64.22452660054103,49.06,P3,말투·질문응답·가독성 위주 검토
SSIS-575,사진 대조 1차 교정본,2107,"03:36:34,820 --> 03:36:36,360",1.54,이번에는 반대쪽에서.,지금 자세도 정말 기분 좋아.,갈 것 같아. 괜찮아? 괜찮지?,중립·혼합형,sub_2107_12994.8s.jpg,0.02,,,25.0,90.0,50.0,78.0,75.0,0.41418,0.0,66.0,0.0,0.0,0.2812,이번에는 네가 좋아하는 방식으로 해 줄게.,이번엔 네가 좋아하는 대로 해 줄게.,,32.46,T4,구조검사 통과 시 유지,,41.456266907123535,36.24,P4,회귀검사 통과 시 유지
SSIS-575,사진 대조 1차 교정본,2108,"03:37:08,520 --> 03:37:14,540",6.02,갈 것 같아. 괜찮아? 괜찮지?,이번에는 반대쪽에서.,많이 쌀 것 같아. 어디에 쌀까? 어디가 좋아?,반응형,sub_2108_13028.5s.jpg,0.02,,,25.0,90.0,50.0,78.0,75.0,0.65395,0.0,66.0,0.0,0.0,0.5348,갈 것 같아.,진짜 갈 것 같아.,일본어 원문 대조 + 자연스러운 한국어 대사 교정,42.53,T3,화자·문맥·자연스러움 집중 검토,,80.86113615870153,58.63,P2,앞뒤 5블록·사진·오류 기억을 함께 검토
SSIS-575,사진 대조 1차 교정본,2109,"03:37:23,640 --> 03:37:39,360",15.72,많이 쌀 것 같아. 어디에 쌀까? 어디가 좋아?,갈 것 같아. 괜찮아? 괜찮지?,얼굴에 해도 돼? 얼굴?,반말형,sub_2109_13043.6s.jpg,0.04,,,25.0,90.0,50.0,78.0,75.0,0.80904,0.0,66.0,0.0,0.0,0.2852,갈 것 같아.,진짜 갈 것 같아.,일본어 원문 대조 + 자연스러운 한국어 대사 교정,49.04,T3,화자·문맥·자연스러움 집중 검토,,95.2209197475203,68.44,P2,앞뒤 5블록·사진·오류 기억을 함께 검토
SSIS-575,사진 대조 1차 교정본,2110,"03:37:41,560 --> 03:37:43,520",1.96,얼굴에 해도 돼? 얼굴?,많이 쌀 것 같아. 어디에 쌀까? 어디가 좋아?,얼굴 괜찮아?,반말형,sub_2110_13061.6s.jpg,0.04,,,25.0,90.0,50.0,78.0,75.0,0.58559,0.0,66.0,0.0,0.0,0.2899,얼굴에 묻었는데 바로 닦지를 못했어.,얼굴에 묻었는데 바로 닦아 주지 못했어.,한국어 목적어·서술어 자연화,39.65,T3,화자·문맥·자연스러움 집중 검토,,70.82957619477006,52.75,P3,말투·질문응답·가독성 위주 검토
SSIS-575,사진 대조 1차 교정본,2111,"03:37:43,640 --> 03:37:44,240",0.6,얼굴 괜찮아?,얼굴에 해도 돼? 얼굴?,정말 괜찮아?,반응형,sub_2111_13063.6s.jpg,0.04,,,25.0,90.0,50.0,78.0,75.0,0.39315,0.0,66.0,0.0,0.0,0.3749,얼굴 좀 보여줘 봐.,얼굴 좀 보여 줘 봐.,,31.57,T4,구조검사 통과 시 유지,,37.87195671776375,34.22,P4,회귀검사 통과 시 유지
SSIS-575,사진 대조 1차 교정본,2112,"03:37:44,820 --> 03:37:45,000",0.18,정말 괜찮아?,얼굴 괜찮아?,응.,반응형,sub_2112_13064.8s.jpg,0.02,,,25.0,90.0,50.0,78.0,75.0,0.37274,0.0,66.0,70.0,0.0,0.3989,더 해줘도 돼? 더 해줘. 괜찮아?,더 해 줘도 돼? 더 해 줘. 괜찮아?,,37.72,T3,화자·문맥·자연스러움 집중 검토,high_cps,62.60144274120829,48.17,P3,말투·질문응답·가독성 위주 검토
SSIS-575,사진 대조 1차 교정본,2113,"03:37:45,460 --> 03:37:45,780",0.32,응.,정말 괜찮아?,할 수 있을까?,반응형,sub_2113_13065.5s.jpg,0.04,,,25.0,90.0,50.0,78.0,75.0,0.02308,0.0,66.0,0.0,0.0,0.4021,"하-, 응.",하아… 응.,,16.03,T4,구조검사 통과 시 유지,,7.010820559062219,12.24,P4,회귀검사 통과 시 유지
SSIS-575,사진 대조 1차 교정본,2114,"03:37:47,620 --> 03:37:48,520",0.9,할 수 있을까?,응.,조금 힘내 보자.,중립·혼합형,sub_2114_13067.6s.jpg,0.02,,,25.0,90.0,50.0,78.0,75.0,0.58205,0.0,66.0,0.0,0.0,0.3399,참을 수 있을까...,참을 수 있을까…,,39.51,T3,화자·문맥·자연스러움 집중 검토,,70.17583408476105,52.39,P3,말투·질문응답·가독성 위주 검토
SSIS-575,사진 대조 1차 교정본,2115,"03:37:50,500 --> 03:37:51,600",1.1,조금 힘내 보자.,할 수 있을까?,누울래?,중립·혼합형,sub_2115_13070.5s.jpg,0.0,,,25.0,90.0,50.0,78.0,75.0,0.67108,0.0,66.0,0.0,0.0,0.5367,한번 보자.,밖을 봐 보자.,일본어 원문 + 타임스탬프 사진 + 장면 연속성,43.25,T3,화자·문맥·자연스러움 집중 검토,,82.91253381424707,59.91,P2,앞뒤 5블록·사진·오류 기억을 함께 검토
SSIS-575,사진 대조 1차 교정본,2116,"03:38:34,320 --> 03:38:34,960",0.64,누울래?,조금 힘내 보자.,쉬고 싶어?,중립·혼합형,sub_2116_13114.3s.jpg,0.02,,,25.0,90.0,50.0,78.0,75.0,0.44389,0.0,66.0,0.0,0.0,0.1172,뭐 할래?,"응, 이쪽으로.",일본어 원문 + 타임스탬프 사진 + 장면 연속성,33.7,T4,구조검사 통과 시 유지,,46.48331830477908,39.07,P4,회귀검사 통과 시 유지
SSIS-575,사진 대조 1차 교정본,2117,"03:39:01,850 --> 03:39:03,370",1.52,쉬고 싶어?,누울래?,또 이쪽으로 가 버렸네.,반응형,sub_2117_13141.9s.jpg,0.05,,,25.0,90.0,50.0,78.0,75.0,0.37276,0.0,66.0,0.0,0.0,0.5303,잘 빨고 싶어?,계속 빨고 싶어?,일본어 원문 대조 + 자연스러운 한국어 대사 교정,30.72,T4,구조검사 통과 시 유지,,34.64833183047791,32.37,P4,회귀검사 통과 시 유지
SSIS-575,사진 대조 1차 교정본,2118,"03:39:08,650 --> 03:39:09,890",1.24,또 이쪽으로 가 버렸네.,쉬고 싶어?,여기에 뿌릴게.,반응형,sub_2118_13148.6s.jpg,0.05,,,25.0,90.0,50.0,78.0,75.0,0.57632,0.0,66.0,0.0,0.0,0.5135,또 무직이 돼 버렸네.,또 갈 것 같아…,타임스탬프 사진으로 장면 불일치 확인 후 재복원,39.27,T3,화자·문맥·자연스러움 집중 검토,,69.34174932371506,51.9,P3,말투·질문응답·가독성 위주 검토
SSIS-575,사진 대조 1차 교정본,2119,"03:39:10,670 --> 03:39:12,450",1.78,여기에 뿌릴게.,또 이쪽으로 가 버렸네.,여기 조금 묻었어.,중립·혼합형,sub_2119_13150.7s.jpg,0.03,,,25.0,90.0,50.0,78.0,75.0,0.53321,0.0,66.0,0.0,0.0,0.2544,여기에.,갑자기 여기서…,타임스탬프 사진과 앞뒤 장면으로 대사 기능 복원,37.45,T3,화자·문맥·자연스러움 집중 검토,,61.248872858431014,47.45,P3,말투·질문응답·가독성 위주 검토
SSIS-575,사진 대조 1차 교정본,2120,"03:39:12,690 --> 03:39:14,170",1.48,여기 조금 묻었어.,여기에 뿌릴게.,이제 못 하겠어.,반응형,sub_2120_13152.7s.jpg,0.01,,,25.0,90.0,50.0,78.0,75.0,0.71355,0.0,66.0,0.0,0.0,0.2069,여기 가까이 와 봐.,조금 더 가까이 와 봐.,손상된 일본어 ASR + 타임스탬프 사진 + 앞뒤 문맥 추론,45.03,T3,화자·문맥·자연스러움 집중 검토,,87.8268710550045,63.0,P2,앞뒤 5블록·사진·오류 기억을 함께 검토
SSIS-575,사진 대조 1차 교정본,2121,"03:39:16,030 --> 03:39:17,070",1.04,이제 못 하겠어.,여기 조금 묻었어.,기분 좋아.,반응형,sub_2121_13156.0s.jpg,0.03,,,25.0,90.0,50.0,78.0,75.0,0.60454,0.0,66.0,0.0,0.0,0.6452,대답을 못 하겠어.,그건 대답 못 하겠네.,일본어 원문 대조 + 자연스러운 한국어 대사 교정,40.45,T3,화자·문맥·자연스러움 집중 검토,,73.82777276825969,54.47,P3,말투·질문응답·가독성 위주 검토
SSIS-575,사진 대조 1차 교정본,2122,"03:39:17,930 --> 03:39:19,050",1.12,기분 좋아.,이제 못 하겠어.,닦아 줘.,반응형,sub_2122_13157.9s.jpg,0.03,,,25.0,90.0,50.0,78.0,75.0,0.32646,42.0,66.0,0.0,0.0,1.0,기분 좋아.,"아, 좋아.",화면 영문 자막 대조,36.33,T3,화자·문맥·자연스러움 집중 검토,,56.627592425608654,44.85,P3,말투·질문응답·가독성 위주 검토
SSIS-575,사진 대조 1차 교정본,2123,"03:39:19,530 --> 03:39:19,830",0.3,닦아 줘.,기분 좋아.,전부 닦지는 마.,반응형,sub_2123_13159.5s.jpg,0.03,,,25.0,90.0,50.0,78.0,75.0,0.54328,0.0,66.0,0.0,0.0,0.5001,마지막으로 앞니도 닦아 줘.,마지막으로 앞니도 닦자.,일본어 원문 대조 + 자연스러운 한국어 대사 교정,37.88,T3,화자·문맥·자연스러움 집중 검토,,63.21009918845807,48.52,P3,말투·질문응답·가독성 위주 검토
SSIS-575,사진 대조 1차 교정본,2124,"03:39:21,010 --> 03:39:22,270",1.26,전부 닦지는 마.,닦아 줘.,기분 좋았어.,반말형,sub_2124_13161.0s.jpg,0.01,,,25.0,90.0,50.0,78.0,75.0,0.71266,0.0,66.0,0.0,0.0,0.3328,하지 마.,잠깐만.,손상된 일본어 ASR + 타임스탬프 사진 + 앞뒤 문맥 추론,44.99,T3,화자·문맥·자연스러움 집중 검토,,87.73669972948602,62.94,P2,앞뒤 5블록·사진·오류 기억을 함께 검토
SSIS-575,사진 대조 1차 교정본,2125,"03:39:23,030 --> 03:39:24,370",1.34,기분 좋았어.,전부 닦지는 마.,응.,반응형,sub_2125_13163.0s.jpg,0.03,,,25.0,90.0,50.0,78.0,75.0,0.58308,0.0,66.0,0.0,0.0,0.3652,대박이다. 장난 아니었어. 엄청나게 좋았어.,대박이었어. 진짜 너무 좋았어.,일본어 원문 대조 + 자연스러운 한국어 대사 교정,39.55,T3,화자·문맥·자연스러움 집중 검토,,70.60414788097385,52.59,P3,말투·질문응답·가독성 위주 검토
SSIS-575,사진 대조 1차 교정본,2126,"03:39:24,810 --> 03:39:25,330",0.52,응.,기분 좋았어.,좋았어.,반응형,sub_2126_13164.8s.jpg,0.01,,,25.0,90.0,50.0,78.0,75.0,0.03464,0.0,66.0,0.0,0.0,0.4021,"하-, 응.",하아… 응.,,16.51,T4,구조검사 통과 시 유지,,8.11541929666366,12.98,P4,회귀검사 통과 시 유지
SSIS-575,사진 대조 1차 교정본,2127,"03:39:26,150 --> 03:39:26,530",0.38,좋았어.,응.,정말이네.,반응형,sub_2127_13166.1s.jpg,0.05,,,25.0,90.0,50.0,78.0,75.0,0.32723,0.0,66.0,0.0,0.0,0.4035,대박이다. 장난 아니었어. 엄청나게 좋았어.,대박이었어. 진짜 너무 좋았어.,일본어 원문 대조 + 자연스러운 한국어 대사 교정,28.8,T4,구조검사 통과 시 유지,,28.4941388638413,28.67,P4,회귀검사 통과 시 유지
SSIS-575,사진 대조 1차 교정본,2128,"03:39:27,210 --> 03:39:28,090",0.88,정말이네.,좋았어.,닦아 줘.,반말형,sub_2128_13167.2s.jpg,0.01,,,25.0,90.0,50.0,78.0,75.0,0.40682,0.0,66.0,0.0,0.0,0.1914,끝이네.,다 했어?,일본어 원문 대조 + 자연스러운 한국어 대사 교정,32.15,T4,구조검사 통과 시 유지,,40.48692515779982,35.65,P4,회귀검사 통과 시 유지
SSIS-575,사진 대조 1차 교정본,2129,"03:39:29,550 --> 03:39:29,950",0.4,닦아 줘.,정말이네.,누울래?,반응형,sub_2129_13169.5s.jpg,0.05,,,25.0,90.0,50.0,78.0,75.0,0.49092,0.0,66.0,0.0,0.0,0.5001,마지막으로 앞니도 닦아 줘.,마지막으로 앞니도 닦자.,일본어 원문 대조 + 자연스러운 한국어 대사 교정,35.68,T3,화자·문맥·자연스러움 집중 검토,,54.440937781785394,43.56,P3,말투·질문응답·가독성 위주 검토
SSIS-575,사진 대조 1차 교정본,2130,"03:39:30,750 --> 03:39:31,430",0.68,누울래?,닦아 줘.,괜찮아.,중립·혼합형,sub_2130_13170.8s.jpg,0.05,,,25.0,90.0,50.0,78.0,75.0,0.45373,0.0,66.0,0.0,0.0,0.1172,뭐 할래?,"응, 이쪽으로.",일본어 원문 + 타임스탬프 사진 + 장면 연속성,34.12,T4,구조검사 통과 시 유지,,48.196573489630296,40.03,P3,말투·질문응답·가독성 위주 검토
SSIS-575,사진 대조 1차 교정본,2131,"03:39:32,050 --> 03:39:32,930",0.88,괜찮아.,누울래?,정말 괜찮아.,반응형,sub_2131_13172.0s.jpg,0.05,,,25.0,90.0,50.0,78.0,75.0,0.29325,42.0,66.0,0.0,0.0,1.0,괜찮아.,최고예요.,화면 영문 자막 대조,34.94,T4,구조검사 통과 시 유지,,51.33002705139765,41.82,P3,말투·질문응답·가독성 위주 검토
SSIS-575,사진 대조 1차 교정본,2132,"03:39:33,230 --> 03:39:33,570",0.34,정말 괜찮아.,괜찮아.,괜찮아.,반응형,sub_2132_13173.2s.jpg,0.03,,,25.0,90.0,50.0,78.0,75.0,0.57712,24.93,66.0,25.0,0.0,0.8578,괜찮아.,최고예요.,화면 영문 자막 대조,46.29,T3,화자·문맥·자연스러움 집중 검토,borderline_cps,90.53201082055907,64.87,P2,앞뒤 5블록·사진·오류 기억을 함께 검토
SSIS-575,사진 대조 1차 교정본,2133,"03:39:40,690 --> 03:39:41,070",0.38,괜찮아.,정말 괜찮아.,잠깐 미안해.,반응형,sub_2133_13180.7s.jpg,0.01,,,25.0,90.0,50.0,78.0,75.0,0.38053,42.0,66.0,0.0,0.0,1.0,괜찮아.,최고예요.,화면 영문 자막 대조,38.6,T3,화자·문맥·자연스러움 집중 검토,,66.34355275022543,50.25,P3,말투·질문응답·가독성 위주 검토
SSIS-575,사진 대조 1차 교정본,2134,"03:39:41,070 --> 03:39:41,430",0.36,잠깐 미안해.,괜찮아.,좋아.,반응형,sub_2134_13181.1s.jpg,0.03,,,25.0,90.0,50.0,78.0,75.0,0.55447,4.05,66.0,25.0,0.0,0.6837,아... 미안해.,아… 미안해.,,41.58,T3,화자·문맥·자연스러움 집중 검토,borderline_cps,77.95311091073039,56.86,P3,말투·질문응답·가독성 위주 검토
SSIS-575,사진 대조 1차 교정본,2135,"03:39:45,030 --> 03:39:45,430",0.4,좋아.,잠깐 미안해.,괜찮잖아.,반응형,sub_2135_13185.0s.jpg,0.03,,,25.0,90.0,50.0,78.0,75.0,0.1876,16.19,66.0,0.0,0.0,0.7849,"아, 좋아.","아, 들어온다.",,25.85,T4,구조검사 통과 시 유지,,19.36429215509468,23.13,P4,회귀검사 통과 시 유지
SSIS-575,사진 대조 1차 교정본,2136,"03:39:45,690 --> 03:39:46,850",1.16,괜찮잖아.,좋아.,다행이다.,반응형,sub_2136_13185.7s.jpg,0.01,,,25.0,90.0,50.0,78.0,75.0,0.18119,0.0,66.0,0.0,0.0,0.4656,하지만 내가 사랑하는 건 너뿐이니까 괜찮잖아.,너만 사랑한다니까.,,22.67,T4,구조검사 통과 시 유지,,12.984670874661857,18.6,P4,회귀검사 통과 시 유지
SSIS-575,사진 대조 1차 교정본,2137,"03:39:47,050 --> 03:39:47,710",0.66,다행이다.,괜찮잖아.,정말 좋아해.,중립·혼합형,sub_2137_13187.0s.jpg,0.05,,,25.0,90.0,50.0,78.0,75.0,0.2051,0.0,66.0,0.0,0.0,0.5547,다행이다!,환영해!,사진 장면 확인 및 한국어 번역투·ASR 오역 교정,23.67,T4,구조검사 통과 시 유지,,14.607754733994591,19.86,P4,회귀검사 통과 시 유지
SSIS-575,사진 대조 1차 교정본,2138,"03:39:49,290 --> 03:39:50,530",1.24,정말 좋아해.,다행이다.,부끄러워.,반응형,sub_2138_13189.3s.jpg,0.01,,,25.0,90.0,50.0,78.0,75.0,0.31031,1.45,66.0,0.0,0.0,0.6621,고환 좋아해.,불알 좋아해.,,28.35,T4,구조검사 통과 시 유지,,26.96122633002705,27.77,P4,회귀검사 통과 시 유지
SSIS-575,사진 대조 1차 교정본,2139,"03:39:52,870 --> 03:39:53,530",0.66,부끄러워.,정말 좋아해.,정말 좋아.,중립·혼합형,sub_2139_13192.9s.jpg,0.03,,,25.0,90.0,50.0,78.0,75.0,0.27393,20.59,66.0,0.0,0.0,0.8216,"하아, 부끄러워.",부끄러워? 팬티도 벗어야지.,일본어 원문 + 타임스탬프 사진 + 장면 연속성,30.27,T4,구조검사 통과 시 유지,,33.25067628494139,31.52,P4,회귀검사 통과 시 유지
SSIS-575,사진 대조 1차 교정본,2140,"03:39:53,590 --> 03:39:54,330",0.74,정말 좋아.,부끄러워.,부끄럽다니까.,반응형,sub_2140_13193.6s.jpg,0.01,,,25.0,90.0,50.0,78.0,75.0,0.43059,42.0,66.0,0.0,0.0,1.0,정말 좋아.,거기 좋아.,타임스탬프 사진과 장면 흐름으로 명백한 오인식 교정,40.7,T3,화자·문맥·자연스러움 집중 검토,,74.90982867448152,55.07,P3,말투·질문응답·가독성 위주 검토
SSIS-575,사진 대조 1차 교정본,2141,"03:39:55,450 --> 03:39:56,310",0.86,부끄럽다니까.,정말 좋아.,"아, 잠깐…",중립·혼합형,sub_2141_13195.5s.jpg,0.05,,,25.0,90.0,50.0,78.0,75.0,0.38753,0.0,66.0,0.0,0.0,0.132,"자, 더 해줄 테니까.","자, 더 해 줄 테니까.",,31.34,T4,구조검사 통과 시 유지,,37.105500450856624,33.76,P4,회귀검사 통과 시 유지
SSIS-575,사진 대조 1차 교정본,2142,"03:39:57,270 --> 03:39:58,510",1.24,"아, 잠깐…",부끄럽다니까.,잠깐만.,반응형,sub_2142_13197.3s.jpg,0.03,,,25.0,90.0,50.0,78.0,75.0,0.54884,28.62,66.0,0.0,0.0,0.8885,잠깐…,그리고…,일본어 원문 대조 + 자연스러운 한국어 대사 교정,43.26,T3,화자·문맥·자연스러움 집중 검토,,82.98016230838593,59.94,P2,앞뒤 5블록·사진·오류 기억을 함께 검토
SSIS-575,사진 대조 1차 교정본,2143,"03:39:58,910 --> 03:39:59,070",0.16,잠깐만.,"아, 잠깐…",기분 좋았어?,반응형,sub_2143_13198.9s.jpg,0.01,,,25.0,90.0,50.0,78.0,75.0,0.46355,10.88,66.0,55.0,0.0,0.7406,하아… 잠깐만.,목욕물 받아 놓은 거지?,일본어 원문 + 타임스탬프 사진 + 장면 연속성,41.99,T3,화자·문맥·자연스러움 집중 검토,high_cps,79.01262398557259,57.54,P3,말투·질문응답·가독성 위주 검토
SSIS-575,사진 대조 1차 교정본,2144,"03:40:01,290 --> 03:40:02,790",1.5,기분 좋았어?,잠깐만.,응.,반응형,sub_2144_13201.3s.jpg,0.01,,,25.0,90.0,50.0,78.0,75.0,0.5755,0.0,66.0,0.0,0.0,0.2916,기분 좋아.,"아, 좋아.",화면 영문 자막 대조,39.23,T3,화자·문맥·자연스러움 집중 검토,,68.98106402164112,51.73,P3,말투·질문응답·가독성 위주 검토
SSIS-575,사진 대조 1차 교정본,2145,"03:40:03,170 --> 03:40:03,330",0.16,응.,기분 좋았어?,한 달 동안 감사했습니다.,반응형,sub_2145_13203.2s.jpg,0.03,,,25.0,90.0,50.0,78.0,75.0,0.01844,0.0,66.0,0.0,0.0,0.4021,"하-, 응.",하아… 응.,,15.83,T4,구조검사 통과 시 유지,,5.770964833183047,11.61,P4,회귀검사 통과 시 유지
SSIS-575,사진 대조 1차 교정본,2146,"03:40:06,110 --> 03:40:07,850",1.74,한 달 동안 감사했습니다.,응.,감사합니다.,존댓말형,sub_2146_13206.1s.jpg,0.01,,,25.0,90.0,50.0,78.0,75.0,0.51512,0.0,66.0,0.0,0.0,0.1964,감사합니다.,고마워요.,타임스탬프 사진과 앞뒤 장면으로 대사 기능 복원,36.69,T3,화자·문맥·자연스러움 집중 검토,,58.11541929666366,45.69,P3,말투·질문응답·가독성 위주 검토
SSIS-575,사진 대조 1차 교정본,2147,"03:40:08,750 --> 03:40:09,390",0.64,감사합니다.,한 달 동안 감사했습니다.,고마워.,존댓말형,sub_2147_13208.8s.jpg,0.05,,,25.0,90.0,50.0,78.0,75.0,0.30131,42.0,66.0,0.0,0.0,1.0,감사합니다.,고마워요.,타임스탬프 사진과 앞뒤 장면으로 대사 기능 복원,35.28,T3,화자·문맥·자연스러움 집중 검토,,52.61496844003607,42.56,P3,말투·질문응답·가독성 위주 검토
SSIS-575,사진 대조 1차 교정본,2148,"03:40:10,770 --> 03:40:11,290",0.52,고마워.,감사합니다.,즐거웠지.,중립·혼합형,sub_2148_13210.8s.jpg,0.03,,,25.0,90.0,50.0,78.0,75.0,0.30355,42.0,66.0,0.0,0.0,1.0,고마워.,손으로 잡아 줘.,일본어 원문 + 타임스탬프 사진 + 장면 연속성,35.37,T3,화자·문맥·자연스러움 집중 검토,,52.88548241659152,42.73,P3,말투·질문응답·가독성 위주 검토
SSIS-575,사진 대조 1차 교정본,2149,"03:40:12,350 --> 03:40:13,550",1.2,즐거웠지.,고마워.,즐거웠어요.,반말형,sub_2149_13212.4s.jpg,0.05,,,25.0,90.0,50.0,78.0,75.0,0.30566,0.0,66.0,0.0,0.0,0.0788,잘 거지.,갈 수 있어.,사진 장면 확인 및 한국어 번역투·ASR 오역 교정,27.9,T4,구조검사 통과 시 유지,,25.788999098286748,27.01,P4,회귀검사 통과 시 유지
SSIS-575,사진 대조 1차 교정본,2150,"03:40:14,410 --> 03:40:15,230",0.82,즐거웠어요.,즐거웠지.,"응, 후후.",반응형,sub_2150_13214.4s.jpg,0.01,,,25.0,90.0,50.0,78.0,75.0,0.2793,0.0,66.0,0.0,0.0,0.0892,조금 쉬어요.,잠깐만요.,,26.79,T4,구조검사 통과 시 유지,,22.114517583408478,24.83,P4,회귀검사 통과 시 유지
SSIS-575,사진 대조 1차 교정본,2151,"03:40:26,310 --> 03:40:28,310",2.0,"응, 후후.",즐거웠어요.,섹스도 즐거웠어?,반응형,sub_2151_13226.3s.jpg,0.01,,,25.0,90.0,50.0,78.0,75.0,0.45682,0.0,66.0,0.0,0.0,0.2846,"응, 더...","응, 더…",,34.25,T4,구조검사 통과 시 유지,,48.69251577998197,40.32,P3,말투·질문응답·가독성 위주 검토
SSIS-575,사진 대조 1차 교정본,2152,"03:40:39,720 --> 03:40:41,160",1.44,섹스도 즐거웠어?,"응, 후후.",응.,반응형,sub_2152_13239.7s.jpg,0.02,,,25.0,90.0,50.0,78.0,75.0,0.51301,0.0,66.0,0.0,0.0,0.1819,아쉬웠어?,거의 갔어?,일본어 원문 대조 + 자연스러운 한국어 대사 교정,36.61,T3,화자·문맥·자연스러움 집중 검토,,57.66456266907124,45.45,P3,말투·질문응답·가독성 위주 검토
SSIS-575,사진 대조 1차 교정본,2153,"03:40:42,260 --> 03:40:42,740",0.48,응.,섹스도 즐거웠어?,앞으로도 힘낼 수 있겠어?,반응형,sub_2153_13242.3s.jpg,0.04,,,25.0,90.0,50.0,78.0,75.0,0.02774,0.0,66.0,0.0,0.0,0.4021,"하-, 응.",하아… 응.,,16.23,T4,구조검사 통과 시 유지,,7.596934174932371,12.6,P4,회귀검사 통과 시 유지
SSIS-575,사진 대조 1차 교정본,2154,"03:40:47,640 --> 03:40:48,500",0.86,앞으로도 힘낼 수 있겠어?,응.,좋은 마음으로 서른 살을 맞을 수 있을 것 같아요.,반응형,sub_2154_13247.6s.jpg,0.04,,,25.0,90.0,50.0,78.0,75.0,0.60639,0.0,66.0,0.0,0.0,0.1832,역시 앞으로 뻗게 해줘.,역시 앞으로 뻗게 해 줘.,,40.53,T3,화자·문맥·자연스러움 집중 검토,,74.16591523895401,54.66,P3,말투·질문응답·가독성 위주 검토
SSIS-575,사진 대조 1차 교정본,2155,"03:40:50,560 --> 03:40:52,980",2.42,좋은 마음으로 서른 살을 맞을 수 있을 것 같아요.,앞으로도 힘낼 수 있겠어?,정말 노력했어. 응원할게.,중립·혼합형,sub_2155_13250.6s.jpg,0.04,,,25.0,90.0,50.0,78.0,75.0,0.85219,0.0,66.0,0.0,0.0,0.3038,기쁠 것 같아요.,그러면 기쁠 것 같아요.,사진 장면 확인 및 한국어 번역투·ASR 오역 교정,50.85,T3,화자·문맥·자연스러움 집중 검토,,97.52028854824167,70.45,P2,앞뒤 5블록·사진·오류 기억을 함께 검토
SSIS-575,사진 대조 1차 교정본,2156,"03:40:54,120 --> 03:40:57,640",3.52,정말 노력했어. 응원할게.,좋은 마음으로 서른 살을 맞을 수 있을 것 같아요.,후후.,반응형,sub_2156_13254.1s.jpg,0.02,,,25.0,90.0,50.0,78.0,75.0,0.63643,0.0,66.0,0.0,0.0,0.1792,이제 안 할게.,이제 안 애태울게.,,41.79,T3,화자·문맥·자연스러움 집중 검토,,78.78719567177637,57.33,P3,말투·질문응답·가독성 위주 검토
SSIS-575,사진 대조 1차 교정본,2157,"03:40:57,640 --> 03:40:59,640",2.0,후후.,정말 노력했어. 응원할게.,힘내.,중립·혼합형,sub_2157_13257.6s.jpg,0.04,,,25.0,90.0,50.0,78.0,75.0,0.36284,0.0,66.0,0.0,0.0,0.2038,"후후후, 어서 와.","후후후, 차가워!",손상된 일본어 ASR + 타임스탬프 사진 + 앞뒤 문맥 추론,30.3,T4,구조검사 통과 시 유지,,33.31830477908026,31.57,P4,회귀검사 통과 시 유지
SSIS-575,사진 대조 1차 교정본,2158,"03:41:02,220 --> 03:41:03,400",1.18,힘내.,후후.,후후.,중립·혼합형,sub_2158_13262.2s.jpg,0.02,,,25.0,90.0,50.0,78.0,75.0,0.39421,0.0,66.0,0.0,0.0,0.2107,"네, 힘내면 돼.","응, 힘내면 돼.",사진 장면 확인 및 한국어 번역투·ASR 오역 교정,31.62,T4,구조검사 통과 시 유지,,38.14247069431921,34.36,P4,회귀검사 통과 시 유지
SSIS-575,사진 대조 1차 교정본,2159,"03:41:03,480 --> 03:41:05,640",2.16,후후.,힘내.,옷 닦을까?,중립·혼합형,sub_2159_13263.5s.jpg,0.02,,,25.0,90.0,50.0,78.0,75.0,0.30641,0.0,66.0,0.0,0.0,0.2038,"후후후, 어서 와.","후후후, 차가워!",손상된 일본어 ASR + 타임스탬프 사진 + 앞뒤 문맥 추론,27.93,T4,구조검사 통과 시 유지,,25.991884580703335,27.12,P4,회귀검사 통과 시 유지
SSIS-575,사진 대조 1차 교정본,2160,"03:41:06,300 --> 03:41:07,180",0.88,옷 닦을까?,후후.,옷을요?,중립·혼합형,sub_2160_13266.3s.jpg,0.0,,,25.0,90.0,50.0,78.0,75.0,0.45407,0.0,66.0,0.0,0.0,0.0968,뭐 할까?,내가 먼저?,일본어 원문 + 타임스탬프 사진 + 장면 연속성,34.13,T4,구조검사 통과 시 유지,,48.24165915238954,40.06,P3,말투·질문응답·가독성 위주 검토
SSIS-575,사진 대조 1차 교정본,2161,"03:41:07,360 --> 03:41:07,540",0.18,옷을요?,옷 닦을까?,"응, 닦아야겠다.",중립·혼합형,sub_2161_13267.4s.jpg,0.04,,,25.0,90.0,50.0,78.0,75.0,0.25238,0.0,66.0,41.11,0.0,0.0752,"아, 네. 빈티지 옷도 괜찮으세요?","아, 네. 빈티지 옷도 괜찮으신가요?",한국어 높임말 자연화,29.77,T4,구조검사 통과 시 유지,high_cps,31.582506762849416,30.53,P4,회귀검사 통과 시 유지
SSIS-575,사진 대조 1차 교정본,2162,"03:41:15,670 --> 03:41:17,090",1.42,"응, 닦아야겠다.",옷을요?,너무 가까이 묻지는 않았네.,반응형,sub_2162_13275.7s.jpg,0.03,,,25.0,90.0,50.0,78.0,75.0,0.50759,0.0,66.0,0.0,0.0,0.1757,"응, 더...","응, 더…",,36.38,T3,화자·문맥·자연스러움 집중 검토,,56.80793507664562,44.96,P3,말투·질문응답·가독성 위주 검토
SSIS-575,사진 대조 1차 교정본,2163,"03:41:17,470 --> 03:41:18,530",1.06,너무 가까이 묻지는 않았네.,"응, 닦아야겠다.",정말?,반말형,sub_2163_13277.5s.jpg,0.03,,,25.0,90.0,50.0,78.0,75.0,0.67266,0.0,66.0,0.0,0.0,0.3769,여기 가까이 와 봐.,조금 더 가까이 와 봐.,손상된 일본어 ASR + 타임스탬프 사진 + 앞뒤 문맥 추론,43.31,T3,화자·문맥·자연스러움 집중 검토,,83.0477908025248,60.0,P2,앞뒤 5블록·사진·오류 기억을 함께 검토
SSIS-575,사진 대조 1차 교정본,2164,"03:41:19,430 --> 03:41:19,830",0.4,정말?,너무 가까이 묻지는 않았네.,미안해.,중립·혼합형,sub_2164_13279.4s.jpg,0.03,,,25.0,90.0,50.0,78.0,75.0,0.26324,42.0,66.0,0.0,0.0,1.0,정말?,응.,일본어 원문 + 타임스탬프 사진 + 장면 연속성,33.68,T4,구조검사 통과 시 유지,,46.34806131650136,39.0,P4,회귀검사 통과 시 유지
SSIS-575,사진 대조 1차 교정본,2165,"03:41:20,070 --> 03:41:20,710",0.64,미안해.,정말?,멋있게 마무리하고 싶었는데.,반말형,sub_2165_13280.1s.jpg,0.03,,,25.0,90.0,50.0,78.0,75.0,0.29962,16.48,66.0,0.0,0.0,0.7873,아... 미안해.,아… 미안해.,,30.61,T4,구조검사 통과 시 유지,,34.37781785392245,32.19,P4,회귀검사 통과 시 유지
SSIS-575,사진 대조 1차 교정본,2166,"03:41:21,930 --> 03:41:23,530",1.6,멋있게 마무리하고 싶었는데.,미안해.,가슴은 정말 대단하구나.,중립·혼합형,sub_2166_13281.9s.jpg,0.03,,,25.0,90.0,50.0,78.0,75.0,0.73292,0.0,66.0,0.0,0.0,0.121,정말 하고 싶었어.,봐도 돼?,일본어 원문 + 타임스탬프 사진 + 장면 연속성,45.84,T3,화자·문맥·자연스러움 집중 검토,,89.58521190261497,64.21,P2,앞뒤 5블록·사진·오류 기억을 함께 검토
SSIS-575,사진 대조 1차 교정본,2167,"03:41:27,350 --> 03:41:29,090",1.74,가슴은 정말 대단하구나.,멋있게 마무리하고 싶었는데.,"하하, 그 얘기야?",중립·혼합형,sub_2167_13287.4s.jpg,0.05,,,25.0,90.0,50.0,78.0,79.0,0.83344,0.0,66.0,0.0,0.0,0.2005,대단하네.,땀이 엄청나네.,손상된 일본어 ASR + 타임스탬프 사진 + 앞뒤 문맥 추론,50.3,T3,화자·문맥·자연스러움 집중 검토,,96.61857529305681,69.75,P2,앞뒤 5블록·사진·오류 기억을 함께 검토
SSIS-575,사진 대조 1차 교정본,2168,"03:41:29,630 --> 03:41:30,610",0.98,"하하, 그 얘기야?",가슴은 정말 대단하구나.,하하하.,반말형,sub_2168_13289.6s.jpg,0.03,,,25.0,90.0,50.0,78.0,75.0,0.60107,0.0,66.0,0.0,0.0,0.1238,무슨 얘기였지?,어때?,일본어 원문 + 타임스탬프 사진 + 장면 연속성,40.3,T3,화자·문맥·자연스러움 집중 검토,,73.17403065825067,54.11,P3,말투·질문응답·가독성 위주 검토
SSIS-575,사진 대조 1차 교정본,2169,"03:41:30,610 --> 03:41:31,690",1.08,하하하.,"하하, 그 얘기야?",흉내 내려고 해도 쉽지 않네.,중립·혼합형,sub_2169_13290.6s.jpg,0.01,,,25.0,90.0,50.0,78.0,75.0,0.32624,0.0,66.0,0.0,0.0,0.033,금방 하아 하고.,금방 숨이 가빠지네.,,28.76,T4,구조검사 통과 시 유지,,28.35888187556357,28.59,P4,회귀검사 통과 시 유지
SSIS-575,사진 대조 1차 교정본,2170,"03:41:32,250 --> 03:41:34,210",1.96,흉내 내려고 해도 쉽지 않네.,하하하.,AV도 본다고 했지.,반말형,sub_2170_13292.2s.jpg,0.05,,,25.0,90.0,50.0,78.0,75.0,0.67815,0.0,66.0,0.0,0.0,0.3024,들어가지 않네.,잘 안 들어가네.,,43.54,T3,화자·문맥·자연스러움 집중 검토,,83.85933273219116,60.47,P2,앞뒤 5블록·사진·오류 기억을 함께 검토
SSIS-575,사진 대조 1차 교정본,2171,"03:41:34,450 --> 03:41:36,230",1.78,AV도 본다고 했지.,흉내 내려고 해도 쉽지 않네.,앞으로도 볼 거야?,반말형,sub_2171_13294.5s.jpg,0.05,,,25.0,90.0,50.0,78.0,75.0,0.60623,0.0,66.0,0.0,0.0,0.1495,"나는 집이 멀고 스즈모리 집은 택시로 금방이라, 그 집에서 계속하기로 했지.",나는 집이 멀었고 스즈모리 집은 가까워 그 집에서 계속 작업하기로 했다.,긴 내레이션 압축 및 자연화,40.52,T3,화자·문맥·자연스러움 집중 검토,,74.12082957619477,54.63,P3,말투·질문응답·가독성 위주 검토
SSIS-575,사진 대조 1차 교정본,2172,"03:41:37,610 --> 03:41:39,030",1.42,앞으로도 볼 거야?,AV도 본다고 했지.,내 작품만 봐 줘.,반응형,sub_2172_13297.6s.jpg,0.01,,,25.0,90.0,50.0,78.0,75.0,0.543,0.0,66.0,0.0,0.0,0.2727,뭐라고 하는 거야?,뭐라고 말해야 해?,일본어 원문 대조 + 자연스러운 한국어 대사 교정,37.87,T3,화자·문맥·자연스러움 집중 검토,,63.09738503155996,48.47,P3,말투·질문응답·가독성 위주 검토
SSIS-575,사진 대조 1차 교정본,2173,"03:41:39,950 --> 03:41:42,250",2.3,내 작품만 봐 줘.,앞으로도 볼 거야?,농담이야.,중립·혼합형,sub_2173_13300.0s.jpg,0.05,,,25.0,90.0,50.0,78.0,75.0,0.60565,0.0,66.0,0.0,0.0,0.2472,좀 더 해 줘.,보여?,일본어 원문 + 타임스탬프 사진 + 장면 연속성,40.5,T3,화자·문맥·자연스러움 집중 검토,,73.98557258791705,54.56,P3,말투·질문응답·가독성 위주 검토
SSIS-575,사진 대조 1차 교정본,2174,"03:41:43,990 --> 03:41:45,010",1.02,농담이야.,내 작품만 봐 줘.,"아뇨, 그렇게 할게요.",반말형,sub_2174_13304.0s.jpg,0.01,,,25.0,90.0,50.0,78.0,75.0,0.37649,0.0,66.0,0.0,0.0,0.1988,"- 아, 죄송해요. 농담이었어요. 신경 쓰지 마세요. - 좋아요.",- 죄송해요. 농담이었어요. 신경 쓰지 마세요. - 좋아요.,화자 분리 및 대화 호흡 교정,30.87,T4,구조검사 통과 시 유지,,35.369702434625786,32.76,P4,회귀검사 통과 시 유지
SSIS-575,사진 대조 1차 교정본,2175,"03:41:46,210 --> 03:41:47,110",0.9,"아뇨, 그렇게 할게요.",농담이야.,많이 봐 줘.,반응형,sub_2175_13306.2s.jpg,0.01,,,25.0,90.0,50.0,78.0,75.0,0.70669,0.0,66.0,0.0,0.0,0.3988,씌워 달라고 할게요.,다시 씌워 주세요.,사진 장면 확인 및 한국어 번역투·ASR 오역 교정,44.74,T3,화자·문맥·자연스러움 집중 검토,,86.9702434625789,62.48,P2,앞뒤 5블록·사진·오류 기억을 함께 검토
SSIS-575,사진 대조 1차 교정본,2176,"03:41:47,490 --> 03:41:48,430",0.94,많이 봐 줘.,"아뇨, 그렇게 할게요.",응.,중립·혼합형,sub_2176_13307.5s.jpg,0.01,,,25.0,90.0,50.0,78.0,75.0,0.60389,0.0,66.0,0.0,0.0,0.3744,좀 더 해 줘.,보여?,일본어 원문 + 타임스탬프 사진 + 장면 연속성,40.42,T3,화자·문맥·자연스러움 집중 검토,,73.66997294860235,54.38,P3,말투·질문응답·가독성 위주 검토
SSIS-575,사진 대조 1차 교정본,2177,"03:41:48,850 --> 03:41:48,990",0.14,응.,많이 봐 줘.,"좋아, 좋아.",반응형,sub_2177_13308.9s.jpg,0.05,,,25.0,90.0,50.0,78.0,75.0,0.01748,0.0,66.0,0.0,0.0,0.4021,"하-, 응.",하아… 응.,,15.79,T4,구조검사 통과 시 유지,,5.342651036970243,11.4,P4,회귀검사 통과 시 유지
SSIS-575,사진 대조 1차 교정본,2178,"03:41:52,480 --> 03:41:53,460",0.98,"좋아, 좋아.",응.,고마워.,반응형,sub_2178_13312.5s.jpg,0.02,,,25.0,90.0,50.0,78.0,75.0,0.26077,1.16,66.0,0.0,0.0,0.6596,"아, 좋아.","아, 들어온다.",,26.22,T4,구조검사 통과 시 유지,,20.513976555455365,23.82,P4,회귀검사 통과 시 유지
SSIS-575,사진 대조 1차 교정본,2179,"03:41:58,900 --> 03:41:59,300",0.4,고마워.,"좋아, 좋아.",응.,중립·혼합형,sub_2179_13318.9s.jpg,0.0,,,25.0,90.0,50.0,78.0,75.0,0.20978,42.0,66.0,0.0,0.0,1.0,고마워.,손으로 잡아 줘.,일본어 원문 + 타임스탬프 사진 + 장면 연속성,31.43,T4,구조검사 통과 시 유지,,37.51127141568981,33.98,P4,회귀검사 통과 시 유지
SSIS-575,사진 대조 1차 교정본,2180,"03:41:59,840 --> 03:41:59,880",0.04,응.,고마워.,한 달 동안 감사했습니다.,반응형,sub_2180_13319.8s.jpg,0.04,,,25.0,90.0,50.0,78.0,75.0,0.0251,0.0,66.0,70.0,0.0,0.4021,"하-, 응.",하아… 응.,,23.11,T4,구조검사 통과 시 유지,high_cps,13.593327321911634,19.11,P4,회귀검사 통과 시 유지
SSIS-575,사진 대조 1차 교정본,2181,"03:42:00,780 --> 03:42:01,500",0.72,한 달 동안 감사했습니다.,응.,감사합니다.,존댓말형,sub_2181_13320.8s.jpg,0.02,,,25.0,90.0,50.0,78.0,75.0,0.5205,0.0,66.0,0.0,0.0,0.1964,감사합니다.,고마워요.,타임스탬프 사진과 앞뒤 장면으로 대사 기능 복원,36.92,T3,화자·문맥·자연스러움 집중 검토,,58.746618575293056,46.09,P3,말투·질문응답·가독성 위주 검토
SSIS-575,사진 대조 1차 교정본,2182,"03:42:01,500 --> 03:42:01,700",0.2,감사합니다.,한 달 동안 감사했습니다.,마지막으로 키스할까?,존댓말형,sub_2182_13321.5s.jpg,0.0,,,25.0,90.0,50.0,78.0,75.0,0.32992,42.0,66.0,70.0,0.0,1.0,감사합니다.,고마워요.,타임스탬프 사진과 앞뒤 장면으로 대사 기능 복원,43.48,T3,화자·문맥·자연스러움 집중 검토,high_cps,83.63390441839496,60.34,P2,앞뒤 5블록·사진·오류 기억을 함께 검토
SSIS-575,사진 대조 1차 교정본,2183,"03:42:04,000 --> 03:42:05,820",1.82,마지막으로 키스할까?,감사합니다.,어떻게 할까?,반응형,sub_2183_13324.0s.jpg,0.0,,,25.0,90.0,50.0,78.0,79.0,0.8066,0.0,66.0,0.0,18.0,0.4052,마지막으로 앞니도 닦아 줘.,마지막으로 앞니도 닦자.,일본어 원문 대조 + 자연스러운 한국어 대사 교정,50.62,T3,화자·문맥·자연스러움 집중 검토,formality_shift,97.20468890892697,70.19,P2,앞뒤 5블록·사진·오류 기억을 함께 검토
SSIS-575,사진 대조 1차 교정본,2184,"03:42:31,100 --> 03:42:31,820",0.72,어떻게 할까?,마지막으로 키스할까?,뭐 하고 싶어?,반응형,sub_2184_13351.1s.jpg,0.0,,,25.0,90.0,50.0,78.0,75.0,0.63373,5.14,66.0,0.0,0.0,0.6928,어떻게 깨끗하게 할까?,이거 어떻게 닦지?,사진 장면 확인 및 한국어 번역투·ASR 오역 교정,42.6,T3,화자·문맥·자연스러움 집중 검토,,81.26690712353472,58.84,P2,앞뒤 5블록·사진·오류 기억을 함께 검토
SSIS-575,사진 대조 1차 교정본,2185,"03:42:33,340 --> 03:42:33,920",0.58,뭐 하고 싶어?,어떻게 할까?,밥이라도 먹으러 갈까?,반응형,sub_2185_13353.3s.jpg,0.04,,,25.0,90.0,50.0,78.0,75.0,0.65248,0.0,66.0,0.0,0.0,0.5238,잘 빨고 싶어?,계속 빨고 싶어?,일본어 원문 대조 + 자연스러운 한국어 대사 교정,42.46,T3,화자·문맥·자연스러움 집중 검토,,80.45536519386835,58.42,P2,앞뒤 5블록·사진·오류 기억을 함께 검토
SSIS-575,사진 대조 1차 교정본,2186,"03:42:35,080 --> 03:42:36,000",0.92,밥이라도 먹으러 갈까?,뭐 하고 싶어?,같이 밥 먹으러 갈래?,반응형,sub_2186_13355.1s.jpg,0.02,,,25.0,90.0,50.0,78.0,75.0,0.6473,0.0,66.0,0.0,0.0,0.2098,"뭐, 먹으러.",벌써부터 그러지 마.,손상된 일본어 ASR + 타임스탬프 사진 + 앞뒤 문맥 추론,42.25,T3,화자·문맥·자연스러움 집중 검토,,79.80162308385933,58.02,P2,앞뒤 5블록·사진·오류 기억을 함께 검토
SSIS-575,사진 대조 1차 교정본,2187,"03:42:36,240 --> 03:42:36,960",0.72,같이 밥 먹으러 갈래?,밥이라도 먹으러 갈까?,마지막으로.,반응형,sub_2187_13356.2s.jpg,0.04,,,25.0,90.0,50.0,78.0,75.0,0.70913,0.0,66.0,0.0,0.0,0.4505,낮에 갈래?,여기서 벗을 생각은 아니지?,일본어 원문 대조 + 자연스러운 한국어 대사 교정,44.84,T3,화자·문맥·자연스러움 집중 검토,,87.2858431018936,62.67,P2,앞뒤 5블록·사진·오류 기억을 함께 검토
SSIS-575,사진 대조 1차 교정본,2188,"03:42:38,020 --> 03:42:38,680",0.66,마지막으로.,같이 밥 먹으러 갈래?,"한 달에 걸친 장기 기획, 수고하셨습니다.",반응형,sub_2188_13358.0s.jpg,0.02,,,25.0,90.0,50.0,78.0,75.0,0.34032,0.0,66.0,0.0,18.0,0.4254,마지막으로 앞니도 닦아 줘.,마지막으로 앞니도 닦자.,일본어 원문 대조 + 자연스러운 한국어 대사 교정,30.79,T4,구조검사 통과 시 유지,formality_shift,35.14427412082958,32.62,P4,회귀검사 통과 시 유지
SSIS-575,사진 대조 1차 교정본,2189,"03:42:41,660 --> 03:42:44,140",2.48,"한 달에 걸친 장기 기획, 수고하셨습니다.",마지막으로.,수고하셨습니다.,존댓말형,sub_2189_13361.7s.jpg,0.04,,,25.0,90.0,50.0,78.0,75.0,0.74801,24.0,66.0,0.0,0.0,0.6304,수고하셨습니다.,[불명],,50.8,T3,화자·문맥·자연스러움 집중 검토,formal_scene_mistranslation,97.4526600541028,70.39,P2,앞뒤 5블록·사진·오류 기억을 함께 검토
SSIS-575,사진 대조 1차 교정본,2190,"03:42:44,140 --> 03:42:45,600",1.46,수고하셨습니다.,"한 달에 걸친 장기 기획, 수고하셨습니다.",표정이 아주 밝아졌네요.,존댓말형,sub_2190_13364.1s.jpg,0.04,,,25.0,90.0,50.0,78.0,75.0,0.23887,66.0,66.0,0.0,0.0,1.0,수고하셨습니다.,[불명],,36.97,T3,화자·문맥·자연스러움 집중 검토,formal_scene_mistranslation,58.994589720468895,46.22,P3,말투·질문응답·가독성 위주 검토
SSIS-575,사진 대조 1차 교정본,2191,"03:42:48,060 --> 03:42:50,320",2.26,표정이 아주 밝아졌네요.,수고하셨습니다.,네.,반응형,sub_2191_13368.1s.jpg,0.04,,,25.0,90.0,50.0,78.0,75.0,0.46394,0.0,66.0,0.0,0.0,0.2302,피부가 밝아졌어.,피부가 더 밝아졌어.,손상된 일본어 ASR + 타임스탬프 사진 + 앞뒤 문맥 추론,34.55,T4,구조검사 통과 시 유지,,49.95491433724076,41.02,P3,말투·질문응답·가독성 위주 검토
SSIS-575,사진 대조 1차 교정본,2192,"03:42:50,640 --> 03:42:50,820",0.18,네.,표정이 아주 밝아졌네요.,좋은 느낌이었나요?,반말형,sub_2192_13370.6s.jpg,0.04,,,25.0,90.0,50.0,78.0,75.0,0.00556,0.0,66.0,0.0,0.0,0.6489,"네, 네.",네.,불필요한 반복 제거,15.29,T4,구조검사 통과 시 유지,,0.563570784490532,9.1,P4,회귀검사 통과 시 유지
SSIS-575,사진 대조 1차 교정본,2193,"03:42:53,060 --> 03:42:53,880",0.82,좋은 느낌이었나요?,네.,"처음에는 어떻게 될지 걱정했지만, 결과적으로 좋았습니다.",존댓말형,sub_2193_13373.1s.jpg,0.04,,,25.0,90.0,50.0,78.0,75.0,0.37753,0.0,66.0,0.0,35.0,0.2911,"좋은 느낌? 응, 좋은 느낌.","괜찮아? 응, 좋아.",일본어 원문 대조 + 자연스러운 한국어 대사 교정,33.72,T4,구조검사 통과 시 유지,formality_jump,46.55094679891794,39.11,P4,회귀검사 통과 시 유지
SSIS-575,사진 대조 1차 교정본,2194,"03:42:54,780 --> 03:43:01,720",6.94,"처음에는 어떻게 될지 걱정했지만, 결과적으로 좋았습니다.",좋은 느낌이었나요?,"이 기획에 대해 여러 가지 묻고 싶은데, 어려웠던 점이 있었나요?",중립·혼합형,sub_2194_13374.8s.jpg,0.02,,,25.0,90.0,50.0,78.0,75.0,0.77681,0.0,66.0,0.0,0.0,0.2662,"그 움직임이 결과적으로,",그 움직임이 결과적으로,,47.69,T3,화자·문맥·자연스러움 집중 검토,,93.46257889990983,66.91,P2,앞뒤 5블록·사진·오류 기억을 함께 검토
SSIS-575,사진 대조 1차 교정본,2195,"03:43:02,480 --> 03:43:07,520",5.04,"이 기획에 대해 여러 가지 묻고 싶은데, 어려웠던 점이 있었나요?","처음에는 어떻게 될지 걱정했지만, 결과적으로 좋았습니다.","예전 여자친구에게 상처받은 탓에
제게 마음을 열지 못한 점이 가장 어려웠습니다.",중립·혼합형,sub_2195_13382.5s.jpg,0.02,,,25.0,90.0,50.0,78.0,75.0,0.84963,0.0,66.0,0.0,0.0,0.1363,끼우고 싶은데.,끼고 싶은데.,일본어 원문 대조 + 자연스러운 한국어 대사 교정,50.74,T3,화자·문맥·자연스러움 집중 검토,,97.3399458972047,70.31,P2,앞뒤 5블록·사진·오류 기억을 함께 검토
SSIS-575,사진 대조 1차 교정본,2196,"03:43:09,520 --> 03:43:31,540",22.02,"예전 여자친구에게 상처받은 탓에
제게 마음을 열지 못한 점이 가장 어려웠습니다.","이 기획에 대해 여러 가지 묻고 싶은데, 어려웠던 점이 있었나요?",네.,중립·혼합형,sub_2196_13389.5s.jpg,0.02,인터뷰 줄바꿈,높음,25.0,90.0,50.0,78.0,75.0,0.65871,0.0,22.0,0.0,0.0,0.1263,마음을 열어 주었고 정말 친해져서 성관계도 할 수 있게 됐습니다.,"마음을 열어 줬고, 이제는 정말 가까워져서 잠자리까지 가질 수 있었어요.",,25.69,T4,구조검사 통과 시 유지,,18.890892696122634,22.83,P4,회귀검사 통과 시 유지
SSIS-575,사진 대조 1차 교정본,2197,"03:43:31,920 --> 03:43:32,280",0.36,네.,"예전 여자친구에게 상처받은 탓에
제게 마음을 열지 못한 점이 가장 어려웠습니다.",마음을 열게 된 계기가 있었나요?,반말형,sub_2197_13411.9s.jpg,0.02,,,25.0,90.0,50.0,78.0,75.0,0.0059,0.0,66.0,0.0,18.0,0.6489,"네, 네.",네.,불필요한 반복 제거,16.75,T4,구조검사 통과 시 유지,formality_shift,8.385933273219116,13.24,P4,회귀검사 통과 시 유지
SSIS-575,사진 대조 1차 교정본,2198,"03:43:33,020 --> 03:43:35,720",2.7,마음을 열게 된 계기가 있었나요?,네.,계기요…,존댓말형,sub_2198_13413.0s.jpg,0.02,,,25.0,90.0,50.0,78.0,75.0,0.67698,0.0,66.0,0.0,18.0,0.1685,좀처럼 마음을 열어 주지 않아서 막막해요.,좀처럼 마음을 열어 주지 않아 막막해요.,한국어 자연화,44.93,T3,화자·문맥·자연스러움 집중 검토,formality_shift,87.57889990982868,62.84,P2,앞뒤 5블록·사진·오류 기억을 함께 검토
SSIS-575,사진 대조 1차 교정본,2199,"03:43:36,360 --> 03:43:37,460",1.1,계기요…,마음을 열게 된 계기가 있었나요?,다정하게 가르쳐 주거나 칭찬한 일이요.,중립·혼합형,sub_2199_13416.4s.jpg,0.04,,,25.0,90.0,50.0,78.0,75.0,0.27833,0.0,66.0,0.0,0.0,0.3388,"자, 여기요…","자, 여기…",손상된 일본어 ASR + 타임스탬프 사진 + 앞뒤 문맥 추론,26.75,T4,구조검사 통과 시 유지,,22.00180342651037,24.76,P4,회귀검사 통과 시 유지
SSIS-575,사진 대조 1차 교정본,2200,"03:43:38,660 --> 03:43:47,220",8.56,다정하게 가르쳐 주거나 칭찬한 일이요.,계기요…,"'정말 잘한다'고 말하면 꽤 기뻐했어요.
실제로도 잘했고, 칭찬받는 걸 좋아했어요.",중립·혼합형,sub_2200_13418.7s.jpg,0.04,,,25.0,90.0,50.0,78.0,75.0,0.78109,0.0,66.0,0.0,0.0,0.1858,"봐봐, 또 가르쳐 줄 테니까...","봐봐, 또 가르쳐 줄 테니까…",,47.87,T3,화자·문맥·자연스러움 집중 검토,,93.73309287646528,67.13,P2,앞뒤 5블록·사진·오류 기억을 함께 검토
SSIS-575,사진 대조 1차 교정본,2201,"03:43:48,260 --> 03:44:00,360",12.1,"'정말 잘한다'고 말하면 꽤 기뻐했어요.
실제로도 잘했고, 칭찬받는 걸 좋아했어요.",다정하게 가르쳐 주거나 칭찬한 일이요.,섹스뿐 아니라 같이 술도 마시면서 가까워진 게 계기였던 것 같아요.,반말형,sub_2201_13428.3s.jpg,0.04,화자·문장 구조 정리,높음,25.0,90.0,86.0,78.0,75.0,0.71577,0.0,22.0,0.0,0.0,0.5099,‘정말 잘한다’고 말하면 꽤 기뻐했어요. 실제로도 잘했고요. 그렇게 칭찬받아 기뻐한 일과…,"'정말 잘한다'고 말하면 꽤 기뻐했어요. 실제로도 잘했고, 칭찬받는 걸 좋아했어요.",화자·문장 구조 정리,27.42,T4,구조검사 통과 시 유지,,24.481514878268708,26.19,P4,회귀검사 통과 시 유지
SSIS-575,사진 대조 1차 교정본,2202,"03:44:02,740 --> 03:44:13,320",10.58,섹스뿐 아니라 같이 술도 마시면서 가까워진 게 계기였던 것 같아요.,"'정말 잘한다'고 말하면 꽤 기뻐했어요.
실제로도 잘했고, 칭찬받는 걸 좋아했어요.",그분도 정말 기뻐했어요.,중립·혼합형,sub_2202_13442.7s.jpg,0.04,,,25.0,90.0,50.0,78.0,75.0,0.92188,0.0,66.0,0.0,0.0,0.2494,성관계 외에도 함께 술을 마시며 친해진 일이 계기였던 것 같습니다.,섹스뿐 아니라 같이 술도 마시면서 가까워진 게 계기였던 것 같아요.,,53.78,T3,화자·문맥·자연스러움 집중 검토,,99.30117222723173,72.9,P1,장면 패킷을 열고 후보 3개를 생성해 반증 검토
SSIS-575,사진 대조 1차 교정본,2203,"03:44:14,040 --> 03:44:15,660",1.62,그분도 정말 기뻐했어요.,섹스뿐 아니라 같이 술도 마시면서 가까워진 게 계기였던 것 같아요.,정말요? 기쁘네요.,반응형,sub_2203_13454.0s.jpg,0.04,,,25.0,90.0,50.0,78.0,75.0,0.60349,0.0,66.0,0.0,0.0,0.3046,‘정말 잘한다’고 말하면 꽤 기뻐했어요. 실제로도 잘했고요. 그렇게 칭찬받아 기뻐한 일과…,"'정말 잘한다'고 말하면 꽤 기뻐했어요. 실제로도 잘했고, 칭찬받는 걸 좋아했어요.",화자·문장 구조 정리,40.41,T3,화자·문맥·자연스러움 집중 검토,,73.6248872858431,54.36,P3,말투·질문응답·가독성 위주 검토
SSIS-575,사진 대조 1차 교정본,2204,"03:44:15,920 --> 03:44:17,960",2.04,정말요? 기쁘네요.,그분도 정말 기뻐했어요.,처음 만났을 때와 비교하면 얼굴에 표정이 생겼다고 할까. 역시 대단하네요.,반말형,sub_2204_13455.9s.jpg,0.02,,,25.0,90.0,50.0,78.0,75.0,0.59323,0.0,66.0,0.0,0.0,0.3326,기쁘네.,좋아.,일본어 원문 대조 + 자연스러운 한국어 대사 교정,39.98,T3,화자·문맥·자연스러움 집중 검토,,72.02434625788999,53.44,P3,말투·질문응답·가독성 위주 검토
SSIS-575,사진 대조 1차 교정본,2205,"03:44:19,260 --> 03:44:27,660",8.4,처음 만났을 때와 비교하면 얼굴에 표정이 생겼다고 할까. 역시 대단하네요.,정말요? 기쁘네요.,감사합니다.,반말형,sub_2205_13459.3s.jpg,0.04,,,25.0,90.0,50.0,78.0,75.0,0.93606,0.0,66.0,0.0,0.0,0.3914,대단하네요.,바다다!,일본어 원문 대조 + 자연스러운 한국어 대사 교정,54.37,T3,화자·문맥·자연스러움 집중 검토,,99.50405770964834,73.33,P1,장면 패킷을 열고 후보 3개를 생성해 반증 검토
SSIS-575,사진 대조 1차 교정본,2206,"03:44:28,340 --> 03:44:30,400",2.06,감사합니다.,처음 만났을 때와 비교하면 얼굴에 표정이 생겼다고 할까. 역시 대단하네요.,콘돔 상자도 살펴봤는데 꽤 많이 사용했더군요.,존댓말형,sub_2206_13468.3s.jpg,0.04,,,25.0,90.0,50.0,78.0,75.0,0.37663,42.0,66.0,0.0,18.0,1.0,감사합니다.,고마워요.,타임스탬프 사진과 앞뒤 장면으로 대사 기능 복원,39.88,T3,화자·문맥·자연스러움 집중 검토,formality_shift,71.59603246167718,53.2,P3,말투·질문응답·가독성 위주 검토
SSIS-575,사진 대조 1차 교정본,2207,"03:44:32,520 --> 03:44:37,440",4.92,콘돔 상자도 살펴봤는데 꽤 많이 사용했더군요.,감사합니다.,네. 한 달이나 있었으니까 꽤 열심히 했습니다.,중립·혼합형,sub_2207_13472.5s.jpg,0.02,,,25.0,90.0,50.0,78.0,75.0,0.75115,0.0,66.0,0.0,0.0,0.1771,빨리 콘돔 빼.,빨리 콘돔 꺼내.,사진 장면 확인 및 한국어 번역투·ASR 오역 교정,46.61,T3,화자·문맥·자연스러움 집중 검토,,91.29846708746618,65.38,P2,앞뒤 5블록·사진·오류 기억을 함께 검토
SSIS-575,사진 대조 1차 교정본,2208,"03:44:37,620 --> 03:44:42,860",5.24,네. 한 달이나 있었으니까 꽤 열심히 했습니다.,콘돔 상자도 살펴봤는데 꽤 많이 사용했더군요.,섹스 좋아하시네요.,중립·혼합형,sub_2208_13477.6s.jpg,0.02,,,25.0,90.0,50.0,78.0,75.0,0.72079,0.0,66.0,0.0,0.0,0.3182,열심히 하겠습니다.,힘내 볼게요.,,45.33,T3,화자·문맥·자연스러움 집중 검토,,88.36789900811543,63.41,P2,앞뒤 5블록·사진·오류 기억을 함께 검토
SSIS-575,사진 대조 1차 교정본,2209,"03:44:45,280 --> 03:44:45,960",0.68,섹스 좋아하시네요.,네. 한 달이나 있었으니까 꽤 열심히 했습니다.,네.,반응형,sub_2209_13485.3s.jpg,0.02,,,25.0,90.0,50.0,78.0,75.0,0.35224,4.0,66.0,0.0,0.0,0.6833,성관계를 좋아하시네요.,섹스 좋아하시네요.,,30.57,T4,구조검사 통과 시 유지,,34.2200180342651,32.1,P4,회귀검사 통과 시 유지
SSIS-575,사진 대조 1차 교정본,2210,"03:44:46,420 --> 03:44:46,600",0.18,네.,섹스 좋아하시네요.,죄송합니다. 실례했습니다.,반말형,sub_2210_13486.4s.jpg,0.02,,,25.0,90.0,50.0,78.0,75.0,0.00381,0.0,66.0,0.0,0.0,0.6489,"네, 네.",네.,불필요한 반복 제거,15.22,T4,구조검사 통과 시 유지,,0.09017132551848511,8.87,P4,회귀검사 통과 시 유지
SSIS-575,사진 대조 1차 교정본,2211,"03:44:47,280 --> 03:44:49,100",1.82,죄송합니다. 실례했습니다.,네.,마지막으로 시청자와 전국의 동정 남성들에게 한마디 부탁드립니다.,존댓말형,sub_2211_13487.3s.jpg,0.02,,,25.0,90.0,50.0,78.0,75.0,0.5362,0.0,66.0,0.0,18.0,0.4701,죄송합니다...,죄송합니다…,,39.02,T3,화자·문맥·자연스러움 집중 검토,formality_shift,67.94409377817854,51.17,P3,말투·질문응답·가독성 위주 검토
SSIS-575,사진 대조 1차 교정본,2212,"03:44:51,060 --> 03:45:01,560",10.5,마지막으로 시청자와 전국의 동정 남성들에게 한마디 부탁드립니다.,죄송합니다. 실례했습니다.,네.,중립·혼합형,sub_2212_13491.1s.jpg,0.04,,,25.0,90.0,50.0,78.0,75.0,0.88514,0.0,66.0,0.0,0.0,0.4479,잘 부탁드립니다.,좋은 아침입니다.,,52.24,T3,화자·문맥·자연스러움 집중 검토,,98.69251577998197,71.75,P2,앞뒤 5블록·사진·오류 기억을 함께 검토
SSIS-575,사진 대조 1차 교정본,2213,"03:45:01,560 --> 03:45:02,300",0.74,네.,마지막으로 시청자와 전국의 동정 남성들에게 한마디 부탁드립니다.,"봐 주신 팬 여러분, 감사합니다.
저도 제 나름대로 열심히 했어요.",반말형,sub_2213_13501.6s.jpg,0.04,,,25.0,90.0,50.0,78.0,75.0,0.00981,0.0,66.0,0.0,0.0,0.6489,"네, 네.",네.,불필요한 반복 제거,15.47,T4,구조검사 통과 시 유지,,3.043282236248873,10.25,P4,회귀검사 통과 시 유지
SSIS-575,사진 대조 1차 교정본,2214,"03:45:03,280 --> 03:45:31,520",28.24,"봐 주신 팬 여러분, 감사합니다.
저도 제 나름대로 열심히 했어요.",네.,그런 모습도 많이 봐 주셨으면 합니다.,중립·혼합형,sub_2214_13503.3s.jpg,0.02,지나치게 긴 문장 분리,중간,25.0,90.0,50.0,78.0,75.0,0.67259,0.0,48.0,0.0,0.0,0.5917,"봐 주신 팬 여러분, 감사합니다. 처음 보는 기획이라 불안해 보였을 텐데, 저도 제 나름대로 열심히 했고 섹스의 즐거움도 보여 드리고 싶었어요.","봐 주신 팬 여러분, 감사합니다. 저도 제 나름대로 열심히 했어요.",지나치게 긴 문장 분리,40.43,T3,화자·문맥·자연스러움 집중 검토,,73.73760144274121,54.42,P3,말투·질문응답·가독성 위주 검토
SSIS-575,사진 대조 1차 교정본,2215,"03:45:31,520 --> 03:45:37,820",6.3,그런 모습도 많이 봐 주셨으면 합니다.,"봐 주신 팬 여러분, 감사합니다.
저도 제 나름대로 열심히 했어요.","전국의 동정 남성들도 너무 많이 고민하지 말고,
마음을 편하게 나눌 수 있는 여성과…",존댓말형,sub_2215_13531.5s.jpg,0.02,,,25.0,90.0,50.0,78.0,75.0,0.8039,0.0,66.0,0.0,18.0,0.4646,"그런 부분도 봐 주셨으면 하고,",그런 부분도 봐 주셨으면 하고,,50.26,T3,화자·문맥·자연스러움 집중 검토,formality_shift,96.57348963029756,69.71,P2,앞뒤 5블록·사진·오류 기억을 함께 검토
SSIS-575,사진 대조 1차 교정본,2216,"03:45:39,820 --> 03:45:55,280",15.46,"전국의 동정 남성들도 너무 많이 고민하지 말고,
마음을 편하게 나눌 수 있는 여성과…",그런 모습도 많이 봐 주셨으면 합니다.,"친구처럼 가까워지다 보면 자연스럽게 이어질 수 있어요.
너무 고민하지 말고 연애도 많이 경험해 보세요.",반말형,sub_2216_13539.8s.jpg,0.02,긴 문장 자연화,중간,25.0,90.0,50.0,84.0,75.0,0.78192,5.22,48.0,0.0,18.0,0.6935,"그리고 전국의 동정 남성들은 너무 많이 고민하지 말고, 친한 여성이나 마음을 편하게 나눌 수 있는…","전국의 동정 남성들도 너무 많이 고민하지 말고, 마음을 편하게 나눌 수 있는 여성과…",긴 문장 자연화,47.4,T3,화자·문맥·자연스러움 집중 검토,formality_shift,92.80883678990082,66.47,P2,앞뒤 5블록·사진·오류 기억을 함께 검토
SSIS-575,사진 대조 1차 교정본,2217,"03:45:56,100 --> 03:46:18,740",22.64,"친구처럼 가까워지다 보면 자연스럽게 이어질 수 있어요.
너무 고민하지 말고 연애도 많이 경험해 보세요.","전국의 동정 남성들도 너무 많이 고민하지 말고,
마음을 편하게 나눌 수 있는 여성과…",좋은 말씀 감사합니다. 한 달 동안 수고하셨습니다. 감사합니다.,반말형,sub_2217_13556.1s.jpg,0.0,마지막 조언 문장 자연화,중간,25.0,90.0,50.0,84.0,75.0,0.8422,18.74,48.0,0.0,0.0,0.8062,친구처럼 편한 여자와 가까워지다 보면 자연스럽게 잠자리까지 갈 수 있어요. 너무 고민하지 말고 연애도 섹스도 많이 경험해 보세요.,친구처럼 가까워지다 보면 자연스럽게 이어질 수 있어요. 너무 고민하지 말고 연애도 많이 경험해 보세요.,마지막 조언 문장 자연화,50.93,T3,화자·문맥·자연스러움 집중 검토,,97.65554553651938,70.55,P2,앞뒤 5블록·사진·오류 기억을 함께 검토
SSIS-575,사진 대조 1차 교정본,2218,"03:46:20,880 --> 03:46:25,160",4.28,좋은 말씀 감사합니다. 한 달 동안 수고하셨습니다. 감사합니다.,"친구처럼 가까워지다 보면 자연스럽게 이어질 수 있어요.
너무 고민하지 말고 연애도 많이 경험해 보세요.",,존댓말형,sub_2218_13580.9s.jpg,0.02,,,25.0,90.0,50.0,78.0,75.0,0.87861,32.28,66.0,0.0,18.0,0.719,감사합니다.,고마워요.,타임스탬프 사진과 앞뒤 장면으로 대사 기능 복원,59.21,T3,화자·문맥·자연스러움 집중 검토,formal_scene_mistranslation;formality_shift,99.95491433724075,76.32,P1,장면 패킷을 열고 후보 3개를 생성해 반증 검토
