title,stage,block,timecode,duration_seconds,text,prev_text,next_text,style_profile,frame_file,frame_difference_seconds,basis,evidence_confidence,source_meaning_confidence,scene_fit_confidence,speaker_confidence,korean_naturalness,hallucination_risk,model_change_probability,rule_risk,provenance_risk,timing_risk,continuity_risk,error_memory_similarity,nearest_prior_bad_text,nearest_prior_correction,nearest_prior_basis,final_risk,tier,recommended_action,flags,relative_risk_percentile,priority_score,review_band,priority_action
ABF-328,사진 대조 1차 교정본,556,"01:18:36,760 --> 01:18:37,520",0.76,이제 가슴으로는 안 해 줄 거야.,그래도 해주고 있잖아.,혀 그렇게 현란하게 굴리지 마.,반말형,sub_0556_4716.8s.jpg,0.04,,,25.0,90.0,50.0,78.0,79.0,0.89466,29.41,66.0,25.0,0.0,0.8951,이제 가슴으로는 안 해줄 거야.,이제 가슴으로는 안 해 줄 거야.,,60.67,T2,후보 3개 생성 후 증거 기반 판정,borderline_cps,100.0,77.19,P1,장면 패킷을 열고 후보 3개를 생성해 반증 검토
ABF-328,사진 대조 1차 교정본,918,"02:31:33,800 --> 02:31:34,260",0.46,숨 가라앉을 때까지 잠시 쉬어.,다시 할 수 있을 때…,잠시만 쉬자.,반응형,sub_0918_9093.8s.jpg,0.0,,,25.0,90.0,50.0,78.0,75.0,0.88973,0.0,66.0,70.0,0.0,0.395,쉬어.,아… 그대로…,타임스탬프 사진으로 장면 불일치 확인 후 재복원,59.43,T3,화자·문맥·자연스러움 집중 검토,high_cps,99.89373007438896,76.42,P1,장면 패킷을 열고 후보 3개를 생성해 반증 검토
ABF-328,사진 대조 1차 교정본,797,"01:54:10,390 --> 01:56:00,060",109.67,으으으…,아직 더…,"아, 잠깐… 뭐야…",반응형,sub_0797_6850.4s.jpg,0.01,,,25.0,90.0,50.0,78.0,75.0,0.99564,0.0,66.0,25.0,0.0,0.3741,으으으...,으으으…,,59.38,T3,화자·문맥·자연스러움 집중 검토,long_duration_short_text,99.7874601487779,76.35,P1,장면 패킷을 열고 후보 3개를 생성해 반증 검토
ABF-328,사진 대조 1차 교정본,817,"02:00:41,890 --> 02:01:52,710",70.82,오오오…,하아아…,"아, 위험해…",중립·혼합형,sub_0817_7241.9s.jpg,0.01,,,25.0,90.0,50.0,78.0,75.0,0.99405,0.0,66.0,25.0,0.0,0.4404,오오… 됐어!,아… 나올 것 같아.,손상된 일본어 ASR + 타임스탬프 사진 + 앞뒤 문맥 추론,59.31,T3,화자·문맥·자연스러움 집중 검토,long_duration_short_text,99.68119022316685,76.27,P1,장면 패킷을 열고 후보 3개를 생성해 반증 검토
ABF-328,사진 대조 1차 교정본,911,"02:27:25,400 --> 02:27:25,560",0.16,잠깐 쉬어.,"자, 입으로 해 줘.",응?,반응형,sub_0911_8845.4s.jpg,0.0,,,25.0,90.0,50.0,78.0,75.0,0.80358,18.76,66.0,70.0,0.0,0.8063,쉬어.,아… 그대로…,타임스탬프 사진으로 장면 불일치 확인 후 재복원,59.19,T3,화자·문맥·자연스러움 집중 검토,high_cps,99.57492029755579,76.15,P1,장면 패킷을 열고 후보 3개를 생성해 반증 검토
ABF-328,사진 대조 1차 교정본,520,"01:14:49,250 --> 01:15:14,400",25.15,그만해…,정말 시끄럽네.,너 대체 얼마나 혈기왕성한 거야?,반말형,sub_0520_4489.2s.jpg,0.05,,,25.0,90.0,50.0,78.0,75.0,0.98692,0.0,66.0,25.0,0.0,0.2872,그만해...,그만해…,,59.01,T3,화자·문맥·자연스러움 집중 검토,long_duration_short_text,99.46865037194475,76.0,P1,장면 패킷을 열고 후보 3개를 생성해 반증 검토
ABF-328,사진 대조 1차 교정본,922,"02:34:59,430 --> 02:34:59,930",0.5,얼굴에 묻었는데 바로 닦아 주지 못했어.,오오… 윽…,오오…,반말형,sub_0922_9299.4s.jpg,0.03,한국어 목적어·서술어 자연화,중간,25.0,90.0,50.0,84.0,75.0,0.85028,18.37,48.0,70.0,0.0,0.8031,얼굴에 묻었는데 바로 닦지를 못했어.,얼굴에 묻었는데 바로 닦아 주지 못했어.,한국어 목적어·서술어 자연화,58.2,T3,화자·문맥·자연스러움 집중 검토,high_cps,99.36238044633369,75.49,P1,장면 패킷을 열고 후보 3개를 생성해 반증 검토
ABF-328,사진 대조 1차 교정본,332,"00:51:33,300 --> 00:51:33,780",0.48,이대로 계속하면 나 진짜 싸 버릴지도…,나 진짜 갈 것 같아.,"시끄러워, 진짜.",반말형,sub_0332_3093.3s.jpg,0.0,,,25.0,90.0,50.0,78.0,75.0,0.78016,0.0,66.0,100.0,0.0,0.6425,이대로 계속하면 나 진짜 싸버릴지도...,이대로 계속하면 나 진짜 싸 버릴지도…,,57.83,T3,화자·문맥·자연스러움 집중 검토,high_cps;short_duration_long_text,99.25611052072264,75.23,P1,장면 패킷을 열고 후보 3개를 생성해 반증 검토
ABF-328,사진 대조 1차 교정본,608,"01:22:14,640 --> 01:22:14,820",0.18,속 안쪽 말이야.,"- 안쪽?
- 그게 무슨 뜻이야?","잠깐만, 뭐 하는 거야?!",반말형,sub_0608_4934.6s.jpg,0.04,,,25.0,90.0,50.0,78.0,79.0,0.84566,0.0,66.0,70.0,0.0,0.5864,유두 말이야.,젖꼭지 말이야.,,57.82,T3,화자·문맥·자연스러움 집중 검토,high_cps,99.14984059511158,75.18,P1,장면 패킷을 열고 후보 3개를 생성해 반증 검토
ABF-328,사진 대조 1차 교정본,910,"02:25:29,100 --> 02:25:48,760",19.66,"자, 입으로 해 줘.",편하게 누워.,잠깐 쉬어.,반응형,sub_0910_8729.1s.jpg,0.0,,,25.0,90.0,50.0,78.0,75.0,0.93126,15.91,66.0,0.0,0.0,0.7826,"자, 입으로 해줘.","자, 입으로 해 줘.",,57.04,T3,화자·문맥·자연스러움 집중 검토,,99.04357066950054,74.68,P1,장면 패킷을 열고 후보 3개를 생성해 반증 검토
ABF-328,사진 대조 1차 교정본,840,"02:10:16,330 --> 02:10:16,430",0.1,나 더 이상 못 참겠어.,강아지처럼…,야옹.,반응형,sub_0840_7816.3s.jpg,0.03,,,25.0,90.0,50.0,78.0,75.0,0.80438,0.0,66.0,70.0,0.0,0.2668,못 울겠어.,목이 막혀요.,사진 장면 확인 및 한국어 번역투·ASR 오역 교정,55.84,T3,화자·문맥·자연스러움 집중 검토,high_cps,98.93730074388948,73.94,P1,장면 패킷을 열고 후보 3개를 생성해 반증 검토
ABF-328,사진 대조 1차 교정본,731,"01:36:54,550 --> 01:36:56,950",2.4,이렇게 귀여운 여자를 혼자 두고 가 버리려고?,어라? 너 자고 있었잖아.,뭐 하는 거야?,중립·혼합형,sub_0731_5814.6s.jpg,0.05,,,25.0,90.0,50.0,78.0,75.0,0.84829,28.14,66.0,0.0,0.0,0.8845,이렇게 귀여운 여자를 혼자 두고 가버리려고?,이렇게 귀여운 여자를 혼자 두고 가 버리려고?,,55.75,T3,화자·문맥·자연스러움 집중 검토,,98.83103081827844,73.84,P1,장면 패킷을 열고 후보 3개를 생성해 반증 검토
ABF-328,사진 대조 1차 교정본,509,"01:13:12,960 --> 01:13:15,040",2.08,너도 네 멋대로 했으니까 나도 기분 좋게 해 줘.,너도 기분 좋았잖아.,"- 괜찮으니까.
- 뭐가 괜찮다는 거야?",반말형,sub_0509_4393.0s.jpg,0.04,,,25.0,90.0,50.0,78.0,75.0,0.82943,32.28,66.0,0.0,0.0,0.919,너도 네 멋대로 했으니까 나도 기분 좋게 해줘.,너도 네 멋대로 했으니까 나도 기분 좋게 해 줘.,,55.71,T3,화자·문맥·자연스러움 집중 검토,,98.72476089266738,73.78,P1,장면 패킷을 열고 후보 3개를 생성해 반증 검토
ABF-328,사진 대조 1차 교정본,131,"00:29:02,740 --> 00:29:02,880",0.14,"알았어, 움직여 줘.","거짓말, 거짓말.",너 진짜 야하다.,반응형,sub_0131_1742.7s.jpg,0.04,,,25.0,90.0,50.0,78.0,79.0,0.78165,0.0,66.0,70.0,0.0,0.356,역시 움직여 줄게.,이제 움직여 줄게.,사진 장면 확인 및 한국어 번역투·ASR 오역 교정,55.13,T3,화자·문맥·자연스러움 집중 검토,high_cps,98.56535600425079,73.37,P1,장면 패킷을 열고 후보 3개를 생성해 반증 검토
ABF-328,사진 대조 1차 교정본,855,"02:13:06,840 --> 02:13:09,060",2.22,그럼 자세 바꿔서 다시 움직여볼게.,조금 쉬어.,이 자세로 계속하자.,중립·혼합형,sub_0855_7986.8s.jpg,0.04,,,25.0,90.0,50.0,78.0,79.0,0.94834,0.0,66.0,0.0,0.0,0.2868,두 번째 자세로 바꿔 다시 움직여요.,두 번째 자세로 바꿔서 다시 움직여요.,자세 전환 문장 자연화,55.13,T3,화자·문맥·자연스러움 집중 검토,,98.56535600425079,73.37,P1,장면 패킷을 열고 후보 3개를 생성해 반증 검토
ABF-328,사진 대조 1차 교정본,548,"01:17:03,890 --> 01:17:05,510",1.62,그러면서 엄청 원한다는 듯이 핥고 있잖아.,별로 하고 싶지 않았거든!,시끄러워.,중립·혼합형,sub_0548_4623.9s.jpg,0.01,,,25.0,90.0,50.0,78.0,79.0,0.93934,0.0,66.0,0.0,0.0,0.313,엄청 느끼고 있잖아.,엄청 좋아하잖아.,,54.75,T3,화자·문맥·자연스러움 집중 검토,,98.40595111583423,73.09,P1,장면 패킷을 열고 후보 3개를 생성해 반증 검토
ABF-328,사진 대조 1차 교정본,331,"00:51:32,240 --> 00:51:32,460",0.22,나 진짜 갈 것 같아.,이거 진짜 위험한데.,이대로 계속하면 나 진짜 싸 버릴지도…,반응형,sub_0331_3092.2s.jpg,0.04,,,25.0,90.0,50.0,78.0,75.0,0.69498,17.03,66.0,70.0,0.0,0.7919,갈 것 같아.,진짜 갈 것 같아.,일본어 원문 대조 + 자연스러운 한국어 대사 교정,54.31,T3,화자·문맥·자연스러움 집중 검토,high_cps,98.29968119022317,72.79,P1,장면 패킷을 열고 후보 3개를 생성해 반증 검토
ABF-328,사진 대조 1차 교정본,659,"01:27:30,430 --> 01:27:35,170",4.74,'열심히 움직여라'니 엄청 도도하게 구네.,열심히 움직여봐.,네가 원하는 대로 써도 되니까.,반말형,sub_0659_5250.4s.jpg,0.03,,,25.0,90.0,50.0,78.0,79.0,0.91671,0.0,66.0,0.0,0.0,0.1256,열심히 하겠습니다.,힘내 볼게요.,,53.8,T3,화자·문맥·자연스러움 집중 검토,,98.19341126461212,72.45,P1,장면 패킷을 열고 후보 3개를 생성해 반증 검토
ABF-328,사진 대조 1차 교정본,231,"00:39:26,370 --> 00:39:28,610",2.24,자꾸 귀찮게 구니까 됐어. 나 샤워나 할 거야.,뭔데?,요코야마 부장님 전화다.,반말형,sub_0231_2366.4s.jpg,0.03,,,25.0,90.0,50.0,78.0,79.0,0.91491,0.0,66.0,0.0,0.0,0.2072,싫은 거야.,싫어?,일본어 원문 대조 + 자연스러운 한국어 대사 교정,53.73,T3,화자·문맥·자연스러움 집중 검토,,98.08714133900106,72.36,P1,장면 패킷을 열고 후보 3개를 생성해 반증 검토
ABF-328,사진 대조 1차 교정본,596,"01:21:48,740 --> 01:21:50,940",2.2,너 엉덩이가 진짜 예쁘다 싶어서.,뭐 하냐고.,그렇게 엉덩이가 좋아?,반응형,sub_0596_4908.7s.jpg,0.04,,,25.0,90.0,50.0,78.0,79.0,0.91173,0.0,66.0,0.0,0.0,0.3101,엉덩이가 보고 싶어. 엉덩이를 좋아하거든. 그래? 좋아.,엉덩이가 보고 싶어. 내가 엉덩이를 좋아하거든. 그래? 좋아.,화자 분리 및 줄바꿈,53.59,T3,화자·문맥·자연스러움 집중 검토,,97.98087141339002,72.23,P1,장면 패킷을 열고 후보 3개를 생성해 반증 검토
ABF-328,사진 대조 1차 교정본,247,"00:41:07,810 --> 00:41:20,300",12.49,내가 스즈모리한테 맡겼다고 해 버려서 그런가…,요코야마 부장님?,"잠깐, 지금 뭐 하는 거야?!",반말형,sub_0247_2467.8s.jpg,0.01,,,25.0,90.0,50.0,78.0,75.0,0.86484,10.14,66.0,0.0,0.0,0.7345,내가 스즈모리한테 맡겼다고 해버려서 그런가...,내가 스즈모리한테 맡겼다고 해 버려서 그런가…,,53.21,T3,화자·문맥·자연스러움 집중 검토,,97.87460148777896,71.97,P2,앞뒤 5블록·사진·오류 기억을 함께 검토
ABF-328,사진 대조 1차 교정본,723,"01:35:15,580 --> 01:35:16,740",1.16,"잠깐만, 솔직하게 말해 봐.",진짜 있어?,"봐봐, 없으면서.",반응형,sub_0723_5715.6s.jpg,0.02,,,25.0,90.0,50.0,78.0,75.0,0.8304,17.25,66.0,0.0,0.0,0.7937,"잠깐만, 솔직하게 말해봐.","잠깐만, 솔직하게 말해 봐.",,53.04,T3,화자·문맥·자연스러움 집중 검토,,97.76833156216792,71.83,P2,앞뒤 5블록·사진·오류 기억을 함께 검토
ABF-328,사진 대조 1차 교정본,926,"02:35:03,150 --> 02:36:00,250",57.1,너무 거칠게 하면 아프니까 천천히 하자.,후우.,조금 아쉽네.,중립·혼합형,sub_0926_9303.1s.jpg,0.05,,,25.0,90.0,50.0,78.0,75.0,0.90004,0.0,66.0,0.0,0.0,0.4478,천천히 하면 돼.,천천히 하면 괜찮아.,일본어 원문 대조 + 자연스러운 한국어 대사 교정,52.86,T3,화자·문맥·자연스러움 집중 검토,,97.66206163655686,71.68,P2,앞뒤 5블록·사진·오류 기억을 함께 검토
ABF-328,사진 대조 1차 교정본,750,"01:39:38,870 --> 01:39:39,910",1.04,너 이렇게 손목 꽉 잡히는 것도 좋아하잖아.,잠깐만…,"아니, 나 집에 간다니까.",반말형,sub_0750_5978.9s.jpg,0.03,,,25.0,90.0,50.0,78.0,75.0,0.83979,0.0,66.0,25.0,0.0,0.5127,너 이런 거 좋아하잖아.,이렇게 묶이는 거 좋아하잖아.,,52.83,T3,화자·문맥·자연스러움 집중 검토,borderline_cps,97.55579171094581,71.61,P2,앞뒤 5블록·사진·오류 기억을 함께 검토
ABF-328,사진 대조 1차 교정본,599,"01:22:00,660 --> 01:22:01,880",1.22,솔직히 너 엉덩이만 좋아하는 거지?,응. 진짜 너무 예쁜 엉덩이야.,어느 쪽이야?,반응형,sub_0599_4920.7s.jpg,0.04,,,25.0,90.0,50.0,78.0,79.0,0.8921,0.0,66.0,0.0,0.0,0.3663,잘 거지?,갈 수 있지?,사진 장면 확인 및 한국어 번역투·ASR 오역 교정,52.77,T3,화자·문맥·자연스러움 집중 검토,,97.44952178533475,71.54,P2,앞뒤 5블록·사진·오류 기억을 함께 검토
ABF-328,사진 대조 1차 교정본,676,"01:30:17,900 --> 01:30:20,140",2.24,그럼 네가 갈 수 있게 내가 노력해 볼게.,여자도 마찬가지고.,조금만 더 하자.,반말형,sub_0676_5417.9s.jpg,0.0,,,25.0,90.0,50.0,78.0,75.0,0.85183,10.45,66.0,0.0,0.0,0.7371,그럼 네가 갈 수 있게 내가 노력해볼게.,그럼 네가 갈 수 있게 내가 노력해 볼게.,,52.72,T3,화자·문맥·자연스러움 집중 검토,,97.3432518597237,71.46,P2,앞뒤 5블록·사진·오류 기억을 함께 검토
ABF-328,사진 대조 1차 교정본,743,"01:38:02,680 --> 01:38:03,060",0.38,아까부터 계속 참고 있었단 말이야.,응?,"잠깐, 잠깐만!",반응형,sub_0743_5882.7s.jpg,0.02,,,25.0,90.0,50.0,78.0,75.0,0.7221,0.0,66.0,70.0,0.0,0.3721,유두 말이야.,젖꼭지 말이야.,,52.39,T3,화자·문맥·자연스러움 집중 검토,high_cps,97.23698193411265,71.23,P2,앞뒤 5블록·사진·오류 기억을 함께 검토
ABF-328,사진 대조 1차 교정본,62,"00:24:18,840 --> 00:24:20,320",1.48,벌써 깊이 들어갔어.,잠깐만…,안 들어갔거든…,반응형,sub_0062_1458.8s.jpg,0.04,,,25.0,90.0,50.0,78.0,75.0,0.81704,16.45,66.0,0.0,0.0,0.7871,"와, 깊이 들어갔어.",목욕하려면 이제 벗어야지.,일본어 원문 + 타임스탬프 사진 + 장면 연속성,52.34,T3,화자·문맥·자연스러움 집중 검토,,97.13071200850159,71.15,P2,앞뒤 5블록·사진·오류 기억을 함께 검토
ABF-328,사진 대조 1차 교정본,651,"01:26:30,520 --> 01:26:52,820",22.3,"기다려, 더 부드럽게 해 줘.",허리를 꽉 잡아줘.,흘러내리고 있어.,반말형,sub_0651_5190.5s.jpg,0.02,,,25.0,90.0,50.0,78.0,75.0,0.76481,28.21,66.0,0.0,0.0,0.8851,"기다려, 더 부드럽게 해줘.","기다려, 더 부드럽게 해 줘.",,52.26,T3,화자·문맥·자연스러움 집중 검토,,97.02444208289054,71.06,P2,앞뒤 5블록·사진·오류 기억을 함께 검토
ABF-328,사진 대조 1차 교정본,367,"00:57:25,430 --> 00:57:28,590",3.16,아까보다 더 흠뻑 젖었잖아.,더 아래!,"아, 진짜 기분 좋았어.",반응형,sub_0367_3445.4s.jpg,0.03,,,25.0,90.0,50.0,78.0,79.0,0.87204,0.0,66.0,0.0,0.0,0.2097,"뭔가 아까보다 더 추워져서, 팔짱뿐만 아니라... 손도 잡았으면 하는데. 손이 너무 차가워서 미안해요.","뭔가 아까보다 더 추워져서, 팔짱뿐만 아니라… 손도 잡았으면 하는데. 손이 너무 차가워서 미안해요.",,51.93,T3,화자·문맥·자연스러움 집중 검토,,96.91817215727949,70.83,P2,앞뒤 5블록·사진·오류 기억을 함께 검토
ABF-328,사진 대조 1차 교정본,420,"01:00:24,560 --> 01:00:26,120",1.56,여기 완전히 젖어 있잖아.,처음부터 다시 만들어야 하나?,"아, 찾았다!",반응형,sub_0420_3624.6s.jpg,0.04,,,25.0,90.0,50.0,78.0,79.0,0.87066,0.0,66.0,0.0,0.0,0.4351,서 있잖아.,완전히 서 있잖아.,일본어 원문 대조 + 자연스러운 한국어 대사 교정,51.87,T3,화자·문맥·자연스러움 집중 검토,,96.75876726886291,70.72,P2,앞뒤 5블록·사진·오류 기억을 함께 검토
ABF-328,사진 대조 1차 교정본,711,"01:34:46,420 --> 01:34:50,140",3.72,그러게. 라면 국물 사건 때는 어떻게 되나 했어.,그래도 오늘 안에 마무리돼서 다행이야.,미안해.,반말형,sub_0711_5686.4s.jpg,0.02,,,25.0,90.0,50.0,78.0,75.0,0.87649,0.0,66.0,0.0,0.0,0.4459,그러게.,목욕하면서 이러는 거…,일본어 원문 + 타임스탬프 사진 + 장면 연속성,51.87,T3,화자·문맥·자연스러움 집중 검토,,96.75876726886291,70.72,P2,앞뒤 5블록·사진·오류 기억을 함께 검토
ABF-328,사진 대조 1차 교정본,545,"01:16:38,870 --> 01:16:40,450",1.58,너 사실 핥고 싶었던 거 아니야?,"허리 흔들지 마, 진짜!",아니거든.,반말형,sub_0545_4598.9s.jpg,0.03,,,25.0,90.0,50.0,78.0,79.0,0.86652,0.0,66.0,0.0,0.0,0.4191,너 오래된 거 아니야?,너 오래 참은 거 아니야?,,51.69,T3,화자·문맥·자연스러움 집중 검토,,96.59936238044634,70.55,P2,앞뒤 5블록·사진·오류 기억을 함께 검토
ABF-328,사진 대조 1차 교정본,673,"01:30:04,200 --> 01:30:07,060",2.86,안 갔다고 했으면 아직 더 해도 된다는 뜻이지?,"무슨 소리야, 섹스 중에?",역시 가는 게 더 기분 좋잖아.,반말형,sub_0673_5404.2s.jpg,0.0,,,25.0,90.0,50.0,78.0,75.0,0.87132,0.0,66.0,0.0,0.0,0.1883,아직 잘 거지?,아직 갈 수 있지?,사진 장면 확인 및 한국어 번역투·ASR 오역 교정,51.66,T3,화자·문맥·자연스러움 집중 검토,,96.49309245483528,70.49,P2,앞뒤 5블록·사진·오류 기억을 함께 검토
ABF-328,사진 대조 1차 교정본,908,"02:23:16,640 --> 02:23:16,880",0.24,둘이 박자 잘 맞추면 돼.,너무 무리해서는 안 돼.,편하게 누워.,중립·혼합형,sub_0908_8596.6s.jpg,0.04,,,25.0,90.0,50.0,78.0,75.0,0.70241,0.0,66.0,70.0,0.0,0.2842,안 돼.,"네, 놀랐어요.",타임스탬프 사진과 앞뒤 장면으로 대사 기능 복원,51.56,T3,화자·문맥·자연스러움 집중 검토,high_cps,96.38682252922422,70.39,P2,앞뒤 5블록·사진·오류 기억을 함께 검토
ABF-328,사진 대조 1차 교정본,598,"01:21:56,460 --> 01:21:58,820",2.36,응. 진짜 너무 예쁜 엉덩이야.,그렇게 엉덩이가 좋아?,솔직히 너 엉덩이만 좋아하는 거지?,반응형,sub_0598_4916.5s.jpg,0.04,,,25.0,90.0,50.0,78.0,79.0,0.85999,0.0,66.0,0.0,0.0,0.2291,이거 너무 기분 좋아. 여기 들어가서 진짜 대박이야.,안쪽까지 들어오니까 정말 좋아.,성인 장면의 부자연스러운 문장 교정,51.42,T3,화자·문맥·자연스러움 집중 검토,,96.28055260361317,70.26,P2,앞뒤 5블록·사진·오류 기억을 함께 검토
ABF-328,사진 대조 1차 교정본,456,"01:05:45,570 --> 01:05:48,690",3.12,아까부터 물어봤잖아. 이렇게나 많이…,"아니, 완전히 젖어 있잖아.",기분 좋아?,반응형,sub_0456_3945.6s.jpg,0.03,,,25.0,90.0,50.0,78.0,75.0,0.77697,20.23,66.0,0.0,0.0,0.8186,아까부터 물어봤잖아. 이렇게나 많이...,아까부터 물어봤잖아. 이렇게나 많이…,,51.33,T3,화자·문맥·자연스러움 집중 검토,,96.17428267800211,70.16,P2,앞뒤 5블록·사진·오류 기억을 함께 검토
ABF-328,사진 대조 1차 교정본,646,"01:25:44,530 --> 01:25:46,330",1.8,안쪽 깊숙이 세게 문지르는 거 좋아하지?,"응, 넣을게.",이제 그만 말해.,반말형,sub_0646_5144.5s.jpg,0.03,,,25.0,90.0,50.0,78.0,79.0,0.85393,0.0,66.0,0.0,0.0,0.4925,이런 거 좋아하지?,묶여 있는 거 좋아하지?,,51.17,T3,화자·문맥·자연스러움 집중 검토,,96.06801275239107,70.03,P2,앞뒤 5블록·사진·오류 기억을 함께 검토
ABF-328,사진 대조 1차 교정본,553,"01:18:24,940 --> 01:18:27,820",2.88,가슴으로 해달라고? 진짜 제멋대로라니까.,가슴에 대고 해도 돼?,"대체 뭐야, 정말…",반응형,sub_0553_4704.9s.jpg,0.04,,,25.0,90.0,50.0,78.0,79.0,0.85379,0.0,66.0,0.0,0.0,0.2253,이제 가슴으로는 안 해줄 거야.,이제 가슴으로는 안 해 줄 거야.,,51.16,T3,화자·문맥·자연스러움 집중 검토,,95.96174282678001,69.98,P2,앞뒤 5블록·사진·오류 기억을 함께 검토
ABF-328,사진 대조 1차 교정본,101,"00:26:27,680 --> 00:26:29,300",1.62,그래도 이렇게 하니까 더 기분 좋잖아.,정말…,엄청 떨고 있네.,중립·혼합형,sub_0101_1587.7s.jpg,0.02,,,25.0,90.0,50.0,78.0,75.0,0.85934,0.0,66.0,0.0,0.0,0.4739,이렇게 하니까 역시...,이렇게 하니까 역시…,,51.15,T3,화자·문맥·자연스러움 집중 검토,,95.85547290116897,69.93,P2,앞뒤 5블록·사진·오류 기억을 함께 검토
ABF-328,사진 대조 1차 교정본,557,"01:18:41,100 --> 01:18:43,380",2.28,혀 그렇게 현란하게 굴리지 마.,이제 가슴으로는 안 해 줄 거야.,정말 요구사항도 참 많아.,반말형,sub_0557_4721.1s.jpg,0.0,,,25.0,90.0,50.0,78.0,79.0,0.85328,0.0,66.0,0.0,0.0,0.2307,하지 마.,잠깐만.,손상된 일본어 ASR + 타임스탬프 사진 + 앞뒤 문맥 추론,51.14,T3,화자·문맥·자연스러움 집중 검토,,95.7492029755579,69.88,P2,앞뒤 5블록·사진·오류 기억을 함께 검토
ABF-328,사진 대조 1차 교정본,697,"01:33:44,920 --> 01:34:01,730",16.81,여기 안까지 다 젖었어.,"안 돼, 진짜 안 돼!",이건 어디에 둬야 해?,반응형,sub_0697_5624.9s.jpg,0.02,,,25.0,90.0,50.0,78.0,79.0,0.85271,0.0,66.0,0.0,0.0,0.4188,허벅지까지 젖었어.,허벅지까지 흠뻑 젖었어.,일본어 원문 대조 + 자연스러운 한국어 대사 교정,51.11,T3,화자·문맥·자연스러움 집중 검토,,95.64293304994686,69.81,P2,앞뒤 5블록·사진·오류 기억을 함께 검토
ABF-328,사진 대조 1차 교정본,455,"01:05:43,430 --> 01:05:45,130",1.7,"아니, 완전히 젖어 있잖아.",뭐?,아까부터 물어봤잖아. 이렇게나 많이…,반응형,sub_0455_3943.4s.jpg,0.03,,,25.0,90.0,50.0,78.0,79.0,0.85228,0.0,66.0,0.0,0.0,0.4222,서 있잖아.,완전히 서 있잖아.,일본어 원문 대조 + 자연스러운 한국어 대사 교정,51.1,T3,화자·문맥·자연스러움 집중 검토,,95.5366631243358,69.76,P2,앞뒤 5블록·사진·오류 기억을 함께 검토
ABF-328,사진 대조 1차 교정본,40,"00:22:38,300 --> 00:22:41,360",3.06,이제 와서 빼기도 좀 그렇잖아.,대체 뭐 하는 거야?,네가 그런 자세로 자고 있었잖아.,반응형,sub_0040_1358.3s.jpg,0.0,,,25.0,90.0,50.0,78.0,79.0,0.84322,0.0,66.0,0.0,0.0,0.1337,침대가 이제 여기 없잖아.,침대가 여기까지 밀렸잖아.,,50.72,T3,화자·문맥·자연스러움 집중 검토,,95.43039319872476,69.5,P2,앞뒤 5블록·사진·오류 기억을 함께 검토
ABF-328,사진 대조 1차 교정본,597,"01:21:53,320 --> 01:21:55,220",1.9,그렇게 엉덩이가 좋아?,너 엉덩이가 진짜 예쁘다 싶어서.,응. 진짜 너무 예쁜 엉덩이야.,반응형,sub_0597_4913.3s.jpg,0.02,,,25.0,90.0,50.0,78.0,79.0,0.8426,0.0,66.0,0.0,0.0,0.4177,엉덩이가 보고 싶어. 엉덩이를 좋아하거든. 그래? 좋아.,엉덩이가 보고 싶어. 내가 엉덩이를 좋아하거든. 그래? 좋아.,화자 분리 및 줄바꿈,50.69,T3,화자·문맥·자연스러움 집중 검토,,95.3241232731137,69.44,P2,앞뒤 5블록·사진·오류 기억을 함께 검토
ABF-328,사진 대조 1차 교정본,115,"00:27:21,150 --> 00:27:22,750",1.6,계속 나만 움직이고 있었다고.,나만 계속 움직였잖아.,피곤해.,중립·혼합형,sub_0115_1641.2s.jpg,0.05,,,25.0,90.0,50.0,78.0,79.0,0.83593,0.0,66.0,0.0,0.0,0.318,"성기를 움직이고 있는 남자가,",성기를 움직이고 있는 남자가,,50.41,T3,화자·문맥·자연스러움 집중 검토,,95.21785334750265,69.23,P2,앞뒤 5블록·사진·오류 기억을 함께 검토
ABF-328,사진 대조 1차 교정본,935,"02:41:35,760 --> 02:41:37,160",1.4,이제 떨어져서 조금 쉬자.,끝까지 잘 해냈네.,그러고 다시 돌아오면 돼.,반응형,sub_0935_9695.8s.jpg,0.04,,,25.0,90.0,50.0,78.0,75.0,0.84104,0.0,66.0,0.0,0.0,0.5047,쉬자.,너무 깊이 들어가.,일본어 원문 + 타임스탬프 사진 + 장면 연속성,50.38,T3,화자·문맥·자연스러움 집중 검토,,95.11158342189161,69.17,P2,앞뒤 5블록·사진·오류 기억을 함께 검토
ABF-328,사진 대조 1차 교정본,906,"02:23:05,110 --> 02:23:06,070",0.96,몸에 너무 무리 가지 않게 조심하고.,축하해.,너무 무리해서는 안 돼.,반말형,sub_0906_8585.1s.jpg,0.01,,,25.0,90.0,50.0,78.0,75.0,0.84053,0.0,66.0,0.0,0.0,0.1489,- 이제 무리야... - 무리 아니야. 조금만 더.,- 이제 무리야… - 무리 아니야. 조금만 더.,,50.36,T3,화자·문맥·자연스러움 집중 검토,,95.00531349628055,69.11,P2,앞뒤 5블록·사진·오류 기억을 함께 검토
ABF-328,사진 대조 1차 교정본,198,"00:36:22,940 --> 00:36:27,640",4.7,왜 목소리가 그래? 아침이라 목이 잠겼어?,강한 게 좋아?,"어 조금, 건조한가 봐.",중립·혼합형,sub_0198_2182.9s.jpg,0.04,,,25.0,90.0,50.0,78.0,75.0,0.83963,0.0,66.0,0.0,0.0,0.2562,억눌렀던 목소리가 새어 나왔다.,억눌렀던 신음이 새어 나왔다.,,50.32,T3,화자·문맥·자연스러움 집중 검토,,94.8990435706695,69.04,P2,앞뒤 5블록·사진·오류 기억을 함께 검토
ABF-328,사진 대조 1차 교정본,125,"00:28:00,210 --> 00:28:02,530",2.32,안쪽을 계속 비비고 있잖아.,뭐?,내가 일부러 비비는 게 아니야!,반응형,sub_0125_1680.2s.jpg,0.01,,,25.0,90.0,50.0,78.0,79.0,0.83338,0.0,66.0,0.0,0.0,0.385,서 있잖아.,완전히 서 있잖아.,일본어 원문 대조 + 자연스러운 한국어 대사 교정,50.3,T3,화자·문맥·자연스러움 집중 검토,,94.79277364505845,68.99,P2,앞뒤 5블록·사진·오류 기억을 함께 검토
ABF-328,사진 대조 1차 교정본,316,"00:50:41,320 --> 00:50:44,080",2.76,정말 무슨 소리 하는지 모르겠다.,이거 뭔가 야하지 않아?,너도 좋아했잖아.,반말형,sub_0316_3041.3s.jpg,0.02,,,25.0,90.0,50.0,78.0,75.0,0.83729,0.0,66.0,0.0,0.0,0.1921,오늘 왜 이러는지 나도 모르겠어...,오늘 왜 이러는지 나도 모르겠어…,,50.23,T3,화자·문맥·자연스러움 집중 검토,,94.6865037194474,68.9,P2,앞뒤 5블록·사진·오류 기억을 함께 검토
ABF-328,사진 대조 1차 교정본,856,"02:13:09,380 --> 02:13:09,480",0.1,이 자세로 계속하자.,그럼 자세 바꿔서 다시 움직여볼게.,"아, 또 흘러나오네.",중립·혼합형,sub_0856_7989.4s.jpg,0.02,,,25.0,90.0,50.0,78.0,75.0,0.67055,0.0,66.0,70.0,0.0,0.5586,멈추지 말고 계속하자.,멈추지 말고 계속해.,사진 장면 확인 및 한국어 번역투 교정,50.22,T3,화자·문맥·자연스러움 집중 검토,high_cps,94.58023379383634,68.85,P2,앞뒤 5블록·사진·오류 기억을 함께 검토
ABF-328,사진 대조 1차 교정본,443,"01:04:06,620 --> 01:04:08,440",1.82,이제 그만 움직여.,잠깐만…,"기다려, 기다려봐.",중립·혼합형,sub_0443_3846.6s.jpg,0.02,,,25.0,90.0,50.0,78.0,79.0,0.8308,0.0,66.0,0.0,0.0,0.5299,몸이 저절로 움직여.,몸이 저절로 움직이네.,손상된 일본어 ASR + 타임스탬프 사진 + 앞뒤 문맥 추론,50.19,T3,화자·문맥·자연스러움 집중 검토,,94.4739638682253,68.79,P2,앞뒤 5블록·사진·오류 기억을 함께 검토
ABF-328,사진 대조 1차 교정본,916,"02:31:21,090 --> 02:31:21,870",0.78,딱 2분만 쉬면 돼.,잠깐 누워서 쉬자.,다시 할 수 있을 때…,중립·혼합형,sub_0916_9081.1s.jpg,0.01,,,25.0,90.0,50.0,78.0,75.0,0.83535,0.0,66.0,0.0,0.0,0.3122,안 돼.,"네, 놀랐어요.",타임스탬프 사진과 앞뒤 장면으로 대사 기능 복원,50.14,T3,화자·문맥·자연스러움 집중 검토,,94.36769394261424,68.72,P2,앞뒤 5블록·사진·오류 기억을 함께 검토
ABF-328,사진 대조 1차 교정본,29,"00:05:03,460 --> 00:05:05,320",1.86,"괜찮겠지, 자고 있으니까.",조금만 더 잘까…,얘도 나도 애인이 없고…,반응형,sub_0029_303.5s.jpg,0.04,,,25.0,90.0,50.0,78.0,75.0,0.83417,0.0,66.0,0.0,0.0,0.2132,자고 있어?,땀나?,사진 장면 확인 및 한국어 번역투·ASR 오역 교정,50.1,T3,화자·문맥·자연스러움 집중 검토,,94.2614240170032,68.65,P2,앞뒤 5블록·사진·오류 기억을 함께 검토
ABF-328,사진 대조 1차 교정본,118,"00:27:29,290 --> 00:27:30,090",0.8,네가 직접 넣어봐.,그러니까.,"잠깐만, 아주 조금만…",반응형,sub_0118_1649.3s.jpg,0.01,,,25.0,90.0,50.0,78.0,79.0,0.82202,0.0,66.0,0.0,0.0,0.233,직접 만지는 게 더 기분 좋아...,직접 만지는 게 더 기분 좋아…,,49.82,T3,화자·문맥·자연스러움 집중 검토,,94.15515409139213,68.44,P2,앞뒤 5블록·사진·오류 기억을 함께 검토
ABF-328,사진 대조 1차 교정본,59,"00:23:55,680 --> 00:23:58,520",2.84,'괜찮다'니 무슨 뜻이야? 정말…,그럼 괜찮잖아.,나도 애인 없으니 괜찮잖아.,반말형,sub_0059_1435.7s.jpg,0.02,,,25.0,90.0,50.0,78.0,75.0,0.72798,22.99,66.0,0.0,0.0,0.8416,'괜찮다'니 무슨 뜻이야? 정말...,'괜찮다'니 무슨 뜻이야? 정말…,,49.77,T3,화자·문맥·자연스러움 집중 검토,,94.04888416578109,68.37,P2,앞뒤 5블록·사진·오류 기억을 함께 검토
ABF-328,사진 대조 1차 교정본,60,"00:23:59,340 --> 00:24:01,400",2.06,나도 애인 없으니 괜찮잖아.,'괜찮다'니 무슨 뜻이야? 정말…,잠깐만…,반응형,sub_0060_1439.3s.jpg,0.04,,,25.0,90.0,50.0,78.0,75.0,0.82483,0.0,66.0,0.0,0.0,0.2719,하지만 내가 사랑하는 건 너뿐이니까 괜찮잖아.,너만 사랑한다니까.,,49.7,T3,화자·문맥·자연스러움 집중 검토,,93.94261424017003,68.28,P2,앞뒤 5블록·사진·오류 기억을 함께 검토
ABF-328,사진 대조 1차 교정본,249,"00:41:51,620 --> 00:41:53,800",2.18,큰일 났어. 부장님 두 분한테 다 전화 왔다고.,"잠깐, 지금 뭐 하는 거야?!",뭐?,중립·혼합형,sub_0249_2511.6s.jpg,0.02,,,25.0,90.0,50.0,78.0,75.0,0.82453,0.0,66.0,0.0,0.0,0.1656,우와~ 왔다 왔다 왔다.,우와… 왔다 왔다 왔다.,,49.69,T3,화자·문맥·자연스러움 집중 검토,,93.83634431455899,68.23,P2,앞뒤 5블록·사진·오류 기억을 함께 검토
ABF-328,사진 대조 1차 교정본,564,"01:19:06,500 --> 01:19:08,260",1.76,처음이라면서 어쩜 이렇게 자연스럽게 잘해?,처음이거든!,침이 좀 말랐어.,반응형,sub_0564_4746.5s.jpg,0.0,,,25.0,90.0,50.0,78.0,75.0,0.82398,0.0,66.0,0.0,0.0,0.3336,너무 자연스럽게 받아주네.,되게 자연스럽게 받네.,,49.67,T3,화자·문맥·자연스러움 집중 검토,,93.73007438894793,68.18,P2,앞뒤 5블록·사진·오류 기억을 함께 검토
ABF-328,사진 대조 1차 교정본,889,"02:15:18,820 --> 02:15:21,840",3.02,뭐라고 하시든 자료는 일단 완성했으니까.,틀림없어.,괜찮아.,반응형,sub_0889_8118.8s.jpg,0.02,,,25.0,90.0,50.0,78.0,75.0,0.82061,0.0,66.0,0.0,0.0,0.2576,뭐라고 하는 거야?,뭐라고 말해야 해?,일본어 원문 대조 + 자연스러운 한국어 대사 교정,49.53,T3,화자·문맥·자연스러움 집중 검토,,93.62380446333688,68.05,P2,앞뒤 5블록·사진·오류 기억을 함께 검토
ABF-328,사진 대조 1차 교정본,303,"00:49:53,450 --> 00:49:55,430",1.98,그래도 분명 이상하게 생각하셨을 거야.,우리 부장님은 둔해서 절대 눈치 못 채.,너 진짜 어쩌려고 그래?,반말형,sub_0303_2993.4s.jpg,0.05,,,25.0,90.0,50.0,78.0,75.0,0.82033,0.0,66.0,0.0,0.0,0.222,싫은 거야.,싫어?,일본어 원문 대조 + 자연스러운 한국어 대사 교정,49.51,T3,화자·문맥·자연스러움 집중 검토,,93.51753453772582,67.99,P2,앞뒤 5블록·사진·오류 기억을 함께 검토
ABF-328,사진 대조 1차 교정본,99,"00:26:17,510 --> 00:26:20,870",3.36,오늘 왜 이러는지 나도 모르겠어…,그럼 많이 하자.,정말…,반응형,sub_0099_1577.5s.jpg,0.01,,,25.0,90.0,50.0,78.0,75.0,0.75251,15.23,66.0,0.0,0.0,0.7769,오늘 왜 이러는지 나도 모르겠어...,오늘 왜 이러는지 나도 모르겠어…,,49.41,T3,화자·문맥·자연스러움 집중 검토,,93.41126461211478,67.89,P2,앞뒤 5블록·사진·오류 기억을 함께 검토
ABF-328,사진 대조 1차 교정본,217,"00:38:52,690 --> 00:38:54,410",1.72,둘 다 기분 좋았으면 된 거잖아.,미안하다고 끝날 일이 아니잖아!,말도 안 되는 소리 하지 마.,중립·혼합형,sub_0217_2332.7s.jpg,0.01,,,25.0,90.0,50.0,78.0,75.0,0.81391,0.0,66.0,0.0,0.0,0.225,기분 좋아.,"아, 좋아.",화면 영문 자막 대조,49.24,T3,화자·문맥·자연스러움 집중 검토,,93.30499468650372,67.75,P2,앞뒤 5블록·사진·오류 기억을 함께 검토
ABF-328,사진 대조 1차 교정본,941,"02:46:22,220 --> 02:46:23,640",1.42,봐 주셔서 감사합니다.,그리고 이제…,,존댓말형,sub_0941_9982.2s.jpg,0.02,,,25.0,90.0,50.0,78.0,75.0,0.73493,18.14,66.0,0.0,0.0,0.8012,시청해 주셔서 감사합니다.,[불명],,49.19,T3,화자·문맥·자연스러움 집중 검토,,93.19872476089267,67.67,P2,앞뒤 5블록·사진·오류 기억을 함께 검토
ABF-328,사진 대조 1차 교정본,69,"00:24:39,240 --> 00:24:40,400",1.16,계속 같은 자세만 하고 있잖아.,잠깐 기다려봐…,지겹잖아.,반응형,sub_0069_1479.2s.jpg,0.04,,,25.0,90.0,50.0,78.0,75.0,0.81121,0.0,66.0,0.0,0.0,0.4037,서 있잖아.,완전히 서 있잖아.,일본어 원문 대조 + 자연스러운 한국어 대사 교정,49.13,T3,화자·문맥·자연스러움 집중 검토,,93.09245483528161,67.59,P2,앞뒤 5블록·사진·오류 기억을 함께 검토
ABF-328,사진 대조 1차 교정본,374,"00:58:19,420 --> 00:58:21,620",2.2,"'그거라도 먹자'라니, 웬 생색이야?",그럼 그거 먹자.,"""컵라면을 먹게 해 주세요
스즈모리 님…"" 해 봐.",반말형,sub_0374_3499.4s.jpg,0.02,,,25.0,90.0,50.0,78.0,75.0,0.81101,0.0,66.0,0.0,0.0,0.0955,어느 쪽이야?,어디가 좋아?,손상된 일본어 ASR + 타임스탬프 사진 + 앞뒤 문맥 추론,49.12,T3,화자·문맥·자연스러움 집중 검토,,92.98618490967057,67.54,P2,앞뒤 5블록·사진·오류 기억을 함께 검토
ABF-328,사진 대조 1차 교정본,30,"00:20:41,180 --> 00:20:44,880",3.7,얘도 나도 애인이 없고…,"괜찮겠지, 자고 있으니까.","뭐, 상관없나.",중립·혼합형,sub_0030_1241.2s.jpg,0.02,,,25.0,90.0,50.0,78.0,75.0,0.77761,7.4,66.0,0.0,0.0,0.7117,얘도 나도 애인이 없고...,얘도 나도 애인이 없고…,,49.05,T3,화자·문맥·자연스러움 집중 검토,,92.87991498405951,67.46,P2,앞뒤 5블록·사진·오류 기억을 함께 검토
ABF-328,사진 대조 1차 교정본,710,"01:34:43,580 --> 01:34:46,000",2.42,그래도 오늘 안에 마무리돼서 다행이야.,진짜 피곤하네.,그러게. 라면 국물 사건 때는 어떻게 되나 했어.,반말형,sub_0710_5683.6s.jpg,0.02,,,25.0,90.0,50.0,78.0,75.0,0.80823,0.0,66.0,0.0,0.0,0.188,다행이다!,환영해!,사진 장면 확인 및 한국어 번역투·ASR 오역 교정,49.01,T3,화자·문맥·자연스러움 집중 검토,,92.77364505844847,67.39,P2,앞뒤 5블록·사진·오류 기억을 함께 검토
ABF-328,사진 대조 1차 교정본,302,"00:49:49,470 --> 00:49:51,970",2.5,우리 부장님은 둔해서 절대 눈치 못 채.,"핥아 달라고 졸라대면서
'그때 가서'가 뭐야?",그래도 분명 이상하게 생각하셨을 거야.,반말형,sub_0302_2989.5s.jpg,0.03,,,25.0,90.0,50.0,78.0,75.0,0.80733,0.0,66.0,0.0,0.0,0.192,절대 귀엽잖아.,분명 귀여울 텐데.,,48.97,T3,화자·문맥·자연스러움 집중 검토,,92.6673751328374,67.32,P2,앞뒤 5블록·사진·오류 기억을 함께 검토
ABF-328,사진 대조 1차 교정본,123,"00:27:56,850 --> 00:27:57,730",0.88,역시 안쪽 자극받는 거 좋아하네.,이렇게 하면 돼?,뭐?,반응형,sub_0123_1676.8s.jpg,0.05,,,25.0,90.0,50.0,78.0,79.0,0.80136,0.0,66.0,0.0,0.0,0.1997,여기서 하는 건 역시 좋아.,역시 가까이서 보니까 좋네요.,사진 장면 확인 및 한국어 번역투·ASR 오역 교정,48.96,T3,화자·문맥·자연스러움 집중 검토,,92.50797024442083,67.25,P2,앞뒤 5블록·사진·오류 기억을 함께 검토
ABF-328,사진 대조 1차 교정본,698,"01:34:01,730 --> 01:34:02,210",0.48,이건 어디에 둬야 해?,여기 안까지 다 젖었어.,"잠깐, 그거 아까 만든 자료잖아. 최악이야!",반응형,sub_0698_5641.7s.jpg,0.03,,,25.0,90.0,50.0,78.0,75.0,0.7477,0.0,66.0,25.0,0.0,0.2373,이건 역시...,이건 역시…,,48.96,T3,화자·문맥·자연스러움 집중 검토,borderline_cps,92.50797024442083,67.25,P2,앞뒤 5블록·사진·오류 기억을 함께 검토
ABF-328,사진 대조 1차 교정본,606,"01:22:11,320 --> 01:22:12,740",1.42,"그래도 난 안쪽 깊숙이
들어오는 느낌이 더 좋을지도.",후후.,"- 안쪽?
- 그게 무슨 뜻이야?",반말형,sub_0606_4931.3s.jpg,0.02,,,25.0,90.0,50.0,78.0,79.0,0.80046,0.0,66.0,0.0,0.0,0.2674,내 손 안으로 들어오는 모습을 봐...,내 손 안으로 들어오는 모습을 봐…,,48.92,T3,화자·문맥·자연스러움 집중 검토,,92.34856535600426,67.16,P2,앞뒤 5블록·사진·오류 기억을 함께 검토
ABF-328,사진 대조 1차 교정본,26,"00:03:39,290 --> 00:03:43,650",4.36,얘가 깰 때까지 작업 좀 더 해둘까.,자료도 아직 안 끝난 것 같고.,"음, 아직 졸리네.",반말형,sub_0026_219.3s.jpg,0.01,,,25.0,90.0,50.0,78.0,75.0,0.80573,0.0,66.0,0.0,0.0,0.1726,좀 더 해 줘.,보여?,일본어 원문 + 타임스탬프 사진 + 장면 연속성,48.9,T3,화자·문맥·자연스러움 집중 검토,,92.2422954303932,67.1,P2,앞뒤 5블록·사진·오류 기억을 함께 검토
ABF-328,사진 대조 1차 교정본,558,"01:18:44,900 --> 01:18:46,500",1.6,정말 요구사항도 참 많아.,혀 그렇게 현란하게 굴리지 마.,알았어.,반응형,sub_0558_4724.9s.jpg,0.0,,,25.0,90.0,50.0,78.0,75.0,0.80547,0.0,66.0,0.0,0.0,0.2232,정말 좋아.,거기 좋아.,타임스탬프 사진과 장면 흐름으로 명백한 오인식 교정,48.89,T3,화자·문맥·자연스러움 집중 검토,,92.13602550478215,67.05,P2,앞뒤 5블록·사진·오류 기억을 함께 검토
ABF-328,사진 대조 1차 교정본,10,"00:01:16,470 --> 00:01:19,910",3.44,'어디까지 했더라? 좀 제대로 해.',"큰일이네. 하나도 모르겠어.
어떡하지?",아까 그 데이터?,반응형,sub_0010_76.5s.jpg,0.03,,,25.0,90.0,50.0,78.0,75.0,0.80531,0.0,66.0,0.0,0.0,0.2204,제대로 돼 있네.,제대로 가려지네.,일본어 원문 대조 + 자연스러운 한국어 대사 교정,48.88,T3,화자·문맥·자연스러움 집중 검토,,92.0297555791711,67.0,P2,앞뒤 5블록·사진·오류 기억을 함께 검토
ABF-328,사진 대조 1차 교정본,915,"02:31:18,050 --> 02:31:21,050",3.0,잠깐 누워서 쉬자.,윽.,딱 2분만 쉬면 돼.,반응형,sub_0915_9078.0s.jpg,0.05,,,25.0,90.0,50.0,78.0,75.0,0.80452,0.0,66.0,0.0,0.0,0.601,쉬자.,너무 깊이 들어가.,일본어 원문 + 타임스탬프 사진 + 장면 연속성,48.85,T3,화자·문맥·자연스러움 집중 검토,,91.92348565356005,66.94,P2,앞뒤 5블록·사진·오류 기억을 함께 검토
ABF-328,사진 대조 1차 교정본,513,"01:13:21,980 --> 01:13:23,180",1.2,그래도 기분만 좋으면 됐잖아.,정말 자기중심적이네.,응.,반응형,sub_0513_4402.0s.jpg,0.02,,,25.0,90.0,50.0,78.0,75.0,0.80314,0.0,66.0,0.0,0.0,0.2267,그래도 기분은 좋아요.,그래도 기분 좋았어요.,손상된 일본어 ASR + 타임스탬프 사진 + 앞뒤 문맥 추론,48.79,T3,화자·문맥·자연스러움 집중 검토,,91.81721572794899,66.86,P2,앞뒤 5블록·사진·오류 기억을 함께 검토
ABF-328,사진 대조 1차 교정본,824,"02:06:42,060 --> 02:06:48,260",6.2,누워서 조금 쉬어.,멈춰봐…,"자, 장난은 그만하고…",반응형,sub_0824_7602.1s.jpg,0.04,,,25.0,90.0,50.0,78.0,75.0,0.8025,0.0,66.0,0.0,0.0,0.568,쉬어.,아… 그대로…,타임스탬프 사진으로 장면 불일치 확인 후 재복원,48.76,T3,화자·문맥·자연스러움 집중 검토,,91.71094580233795,66.8,P2,앞뒤 5블록·사진·오류 기억을 함께 검토
ABF-328,사진 대조 1차 교정본,137,"00:29:49,840 --> 00:29:51,000",1.16,방금은 네가 직접 넣었잖아.,멋대로 넣어놓고는.,그건 다르지!,반응형,sub_0137_1789.8s.jpg,0.04,,,25.0,90.0,50.0,78.0,79.0,0.79592,0.0,66.0,0.0,0.0,0.1958,직접 만지는 게 더 기분 좋아...,직접 만지는 게 더 기분 좋아…,,48.73,T3,화자·문맥·자연스러움 집중 검토,,91.60467587672689,66.74,P2,앞뒤 5블록·사진·오류 기억을 함께 검토
ABF-328,사진 대조 1차 교정본,32,"00:22:13,660 --> 00:22:18,540",4.88,"잠깐, 하시모토? 뭐 하는 거야?","뭐, 상관없나.",어?,반응형,sub_0032_1333.7s.jpg,0.04,,,25.0,90.0,50.0,78.0,75.0,0.80002,0.0,66.0,0.0,0.0,0.3397,뭐라고 하는 거야?,뭐라고 말해야 해?,일본어 원문 대조 + 자연스러운 한국어 대사 교정,48.66,T3,화자·문맥·자연스러움 집중 검토,,91.44527098831031,66.63,P2,앞뒤 5블록·사진·오류 기억을 함께 검토
ABF-328,사진 대조 1차 교정본,552,"01:18:21,000 --> 01:18:24,320",3.32,가슴에 대고 해도 돼?,진짜 엄청 좋아…,가슴으로 해달라고? 진짜 제멋대로라니까.,반말형,sub_0552_4701.0s.jpg,0.0,,,25.0,90.0,50.0,78.0,79.0,0.79432,0.0,66.0,0.0,0.0,0.2417,더 해줘도 돼?,더 해 줘도 돼?,,48.66,T3,화자·문맥·자연스러움 집중 검토,,91.44527098831031,66.63,P2,앞뒤 5블록·사진·오류 기억을 함께 검토
ABF-328,사진 대조 1차 교정본,938,"02:43:17,950 --> 02:43:31,310",13.36,이제 남은 것도 거의 끝났어.,축하해!,알겠어.,반응형,sub_0938_9798.0s.jpg,0.05,,,25.0,90.0,50.0,78.0,75.0,0.79623,0.0,66.0,0.0,0.0,0.1617,남은 부분은 부드럽게 해 갈게요.,남은 부분도 부드럽게 정리할게요.,,48.5,T3,화자·문맥·자연스러움 집중 검토,,91.28586609989372,66.47,P2,앞뒤 5블록·사진·오류 기억을 함께 검토
ABF-328,사진 대조 1차 교정본,830,"02:08:02,830 --> 02:08:19,540",16.71,천천히 하면 돼.,어때?,앗!,중립·혼합형,sub_0830_7682.8s.jpg,0.03,,,25.0,90.0,50.0,78.0,75.0,0.61519,42.0,66.0,0.0,0.0,1.0,천천히 하면 돼.,천천히 하면 괜찮아.,일본어 원문 대조 + 자연스러운 한국어 대사 교정,48.46,T3,화자·문맥·자연스러움 집중 검토,,91.17959617428268,66.4,P2,앞뒤 5블록·사진·오류 기억을 함께 검토
ABF-328,사진 대조 1차 교정본,218,"00:38:54,410 --> 00:38:55,770",1.36,말도 안 되는 소리 하지 마.,둘 다 기분 좋았으면 된 거잖아.,"그래도 좋았잖아, 응?",반말형,sub_0218_2334.4s.jpg,0.01,,,25.0,90.0,50.0,78.0,75.0,0.79239,0.0,66.0,0.0,0.0,0.5611,하지 마.,잠깐만.,손상된 일본어 ASR + 타임스탬프 사진 + 앞뒤 문맥 추론,48.34,T3,화자·문맥·자연스러움 집중 검토,,91.07332624867162,66.29,P2,앞뒤 5블록·사진·오류 기억을 함께 검토
ABF-328,사진 대조 1차 교정본,419,"01:00:15,020 --> 01:00:16,100",1.08,처음부터 다시 만들어야 하나?,진짜 큰일인데.,여기 완전히 젖어 있잖아.,반응형,sub_0419_3615.0s.jpg,0.02,,,25.0,90.0,50.0,78.0,75.0,0.79217,0.0,66.0,0.0,0.0,0.162,첫 번째부터 다시 해 볼게요.,처음부터 다시 넣어 볼게요.,사진 장면 확인 및 한국어 번역투·ASR 오역 교정,48.33,T3,화자·문맥·자연스러움 집중 검토,,90.96705632306058,66.24,P2,앞뒤 5블록·사진·오류 기억을 함께 검토
ABF-328,사진 대조 1차 교정본,350,"00:53:20,830 --> 00:53:23,430",2.6,역시 꼭지도 핥아 줘.,"그래, 거기가 좋아.",정말 요구사항도 많다.,반응형,sub_0350_3200.8s.jpg,0.03,,,25.0,90.0,50.0,78.0,79.0,0.78401,0.0,66.0,0.0,0.0,0.2535,빨리 핥아 봐.,빨리 핥아 줘.,화자 말투 자연화,48.23,T3,화자·문맥·자연스러움 집중 검토,,90.86078639744952,66.13,P2,앞뒤 5블록·사진·오류 기억을 함께 검토
ABF-328,사진 대조 1차 교정본,845,"02:11:29,810 --> 02:11:31,990",2.18,숨 내쉬면서 힘 빼봐.,우리 둘이 하나로 이어진 느낌이야.,참는 게 있으면 말해.,중립·혼합형,sub_0845_7889.8s.jpg,0.01,,,25.0,90.0,50.0,78.0,79.0,0.78232,0.0,66.0,0.0,0.0,0.1806,힘 빼세요.,힘 빼.,일본어 원문 대조 + 자연스러운 한국어 대사 교정,48.16,T3,화자·문맥·자연스러움 집중 검토,,90.75451647183847,66.05,P2,앞뒤 5블록·사진·오류 기억을 함께 검토
ABF-328,사진 대조 1차 교정본,660,"01:27:38,880 --> 01:27:40,160",1.28,네가 원하는 대로 써도 되니까.,'열심히 움직여라'니 엄청 도도하게 구네.,정말 짜증 나.,반말형,sub_0660_5258.9s.jpg,0.02,,,25.0,90.0,50.0,78.0,75.0,0.78718,0.0,66.0,0.0,0.0,0.3536,오늘은 서로 원하는 대로 해 보려고.,서로 하고 싶은 대로 해 보자.,손상된 일본어 ASR + 타임스탬프 사진 + 앞뒤 문맥 추론,48.12,T3,화자·문맥·자연스러움 집중 검토,,90.64824654622741,65.98,P2,앞뒤 5블록·사진·오류 기억을 함께 검토
ABF-328,사진 대조 1차 교정본,715,"01:34:57,180 --> 01:34:59,480",2.3,전에 추천해주고 싶은 영화가 있다고 했잖아.,갑자기 무슨 소리야?,"아, 그랬었지.",반말형,sub_0715_5697.2s.jpg,0.02,,,25.0,90.0,50.0,78.0,75.0,0.78448,0.0,66.0,0.0,0.0,0.2857,달라고 했잖아.,씻어 달라고 했잖아.,타임스탬프 사진과 앞뒤 장면으로 대사 기능 복원,48.01,T3,화자·문맥·자연스러움 집중 검토,,90.54197662061637,65.87,P2,앞뒤 5블록·사진·오류 기억을 함께 검토
ABF-328,사진 대조 1차 교정본,670,"01:29:30,410 --> 01:29:33,290",2.88,내가 이렇게나 기분 좋게 해주고 있는데.,"- ‘간다’고 들렸는데.
- 잘못 들었어.","대체 뭐야, 정말.",반말형,sub_0670_5370.4s.jpg,0.01,,,25.0,90.0,50.0,78.0,75.0,0.78411,0.0,66.0,0.0,0.0,0.3273,이렇게나 되었네…,이렇게 됐네…,,47.99,T3,화자·문맥·자연스러움 집중 검토,,90.43570669500531,65.82,P2,앞뒤 5블록·사진·오류 기억을 함께 검토
ABF-328,사진 대조 1차 교정본,379,"00:58:36,580 --> 00:58:39,800",3.22,맞아. 넌 동기 중에서도 일을 제일 못하니까.,일 훨씬 잘하잖아.,그건 너무하네! 그래도 스가보다는 내가 낫지.,반말형,sub_0379_3516.6s.jpg,0.02,,,25.0,90.0,50.0,78.0,75.0,0.78313,0.0,66.0,0.0,0.0,0.1776,유두를 좋아하니까.,젖꼭지를 좋아하니까.,,47.95,T3,화자·문맥·자연스러움 집중 검토,,90.32943676939426,65.75,P2,앞뒤 5블록·사진·오류 기억을 함께 검토
ABF-328,사진 대조 1차 교정본,42,"00:22:46,360 --> 00:22:47,980",1.62,이렇게 붙어 있으면 참을 수 없다고.,네가 그런 자세로 자고 있었잖아.,"아니, 진짜 들어간다니까.",중립·혼합형,sub_0042_1366.4s.jpg,0.04,,,25.0,90.0,50.0,78.0,75.0,0.78249,0.0,66.0,0.0,0.0,0.254,참을 수 없으면 그렇게 돼 버리니까.,못 참으면 계속 가 버리니까.,사진 장면 확인 및 한국어 번역투·ASR 오역 교정,47.92,T3,화자·문맥·자연스러움 집중 검토,,90.2231668437832,65.69,P2,앞뒤 5블록·사진·오류 기억을 함께 검토
ABF-328,사진 대조 1차 교정본,511,"01:13:18,640 --> 01:13:18,940",0.3,'괜찮다'니 대체 뭐가?,"- 괜찮으니까.
- 뭐가 괜찮다는 거야?",정말 자기중심적이네.,중립·혼합형,sub_0511_4398.6s.jpg,0.04,,,25.0,90.0,50.0,78.0,75.0,0.61557,0.0,66.0,70.0,0.0,0.5607,'괜찮다'니 무슨 뜻이야? 정말...,'괜찮다'니 무슨 뜻이야? 정말…,,47.91,T3,화자·문맥·자연스러움 집중 검토,high_cps,90.11689691817216,65.64,P2,앞뒤 5블록·사진·오류 기억을 함께 검토
ABF-328,사진 대조 1차 교정본,526,"01:15:24,340 --> 01:15:24,880",0.54,좀 가라앉혀봐.,그래도 너무 정력이 넘치잖아.,그만 좀 세워.,중립·혼합형,sub_0526_4524.3s.jpg,0.04,,,25.0,90.0,50.0,78.0,79.0,0.77505,0.0,66.0,0.0,0.0,0.1374,엉덩이 좀 봐.,이 유카타 진짜 귀엽네.,일본어 원문 + 타임스탬프 사진 + 장면 연속성,47.85,T3,화자·문맥·자연스러움 집중 검토,,90.0106269925611,65.56,P2,앞뒤 5블록·사진·오류 기억을 함께 검토
ABF-328,사진 대조 1차 교정본,664,"01:28:40,480 --> 01:28:41,560",1.08,'장난 아니다'라는 건 기분 좋다는 뜻이지.,방금 ‘큰일’이라고 했지?,"기다려, 기다려봐!",반말형,sub_0664_5320.5s.jpg,0.02,,,25.0,90.0,50.0,78.0,75.0,0.72087,0.0,66.0,25.0,0.0,0.134,기분 좋아.,"아, 좋아.",화면 영문 자막 대조,47.84,T3,화자·문맥·자연스러움 집중 검토,borderline_cps,89.90435706695006,65.51,P2,앞뒤 5블록·사진·오류 기억을 함께 검토
ABF-328,사진 대조 1차 교정본,471,"01:09:24,320 --> 01:09:26,400",2.08,네가 자꾸 핥아대니까 그렇지. 잠깐만!,그런데 정말 좋아졌어.,너 아까 무슨 라면 먹고 있었냐?,반응형,sub_0471_4164.3s.jpg,0.02,,,25.0,90.0,50.0,78.0,79.0,0.7739,0.0,66.0,0.0,0.0,0.1433,네 몸은 네가 잘 알지.,네 몸은 네가 제일 잘 알지.,일본어 원문 대조 + 자연스러운 한국어 대사 교정,47.8,T3,화자·문맥·자연스러움 집중 검토,,89.798087141339,65.44,P2,앞뒤 5블록·사진·오류 기억을 함께 검토
ABF-328,사진 대조 1차 교정본,114,"00:27:19,410 --> 00:27:20,390",0.98,나만 계속 움직였잖아.,"대체 뭐야, 정말.",계속 나만 움직이고 있었다고.,반응형,sub_0114_1639.4s.jpg,0.01,,,25.0,90.0,50.0,78.0,79.0,0.77329,0.0,66.0,0.0,0.0,0.2159,안과 입에 박힌 자지는 계속 거칠게 움직였다.,보지와 입을 채운 자지는 계속 거칠게 움직였다.,,47.78,T3,화자·문맥·자연스러움 집중 검토,,89.69181721572795,65.38,P2,앞뒤 5블록·사진·오류 기억을 함께 검토
ABF-328,사진 대조 1차 교정본,315,"00:50:37,700 --> 00:50:39,080",1.38,이거 뭔가 야하지 않아?,괜찮잖아.,정말 무슨 소리 하는지 모르겠다.,반응형,sub_0315_3037.7s.jpg,0.0,,,25.0,90.0,50.0,78.0,75.0,0.7772,0.0,66.0,0.0,0.0,0.3196,너무 졸리지 않아?,눈썹도 예쁘네. 너무 진하지도 않고.,손상된 일본어 ASR + 타임스탬프 사진 + 앞뒤 문맥 추론,47.7,T3,화자·문맥·자연스러움 집중 검토,,89.58554729011689,65.29,P2,앞뒤 5블록·사진·오류 기억을 함께 검토
ABF-328,사진 대조 1차 교정본,525,"01:15:21,840 --> 01:15:23,620",1.78,그래도 너무 정력이 넘치잖아.,"그런 모습을 보면
당연히 설 수밖에 없잖아.",좀 가라앉혀봐.,반응형,sub_0525_4521.8s.jpg,0.04,,,25.0,90.0,50.0,78.0,75.0,0.77689,0.0,66.0,0.0,0.0,0.23,"그래도 행동력이 있잖아. 아, 그런가요.","그래도 직접 지원할 만큼 행동력이 있잖아. 아, 그런가요.",화자 분리 및 문장 자연화,47.69,T3,화자·문맥·자연스러움 집중 검토,,89.47927736450585,65.24,P2,앞뒤 5블록·사진·오류 기억을 함께 검토
ABF-328,사진 대조 1차 교정본,430,"01:01:28,890 --> 01:01:39,440",10.55,"잠깐, 너 진짜 뭐 하는 짓이야?",이봐!,이제 그만해…,반말형,sub_0430_3688.9s.jpg,0.01,,,25.0,90.0,50.0,78.0,75.0,0.7763,0.0,66.0,0.0,0.0,0.2653,"잠깐, 보여 줘 봐. 잠깐, 이쪽 봐봐. 부끄러워?",잠깐 보여 줘. 이쪽 봐봐. 부끄러워?,일본어 원문 대조 + 자연스러운 한국어 대사 교정,47.66,T3,화자·문맥·자연스러움 집중 검토,,89.37300743889479,65.18,P2,앞뒤 5블록·사진·오류 기억을 함께 검토
ABF-328,사진 대조 1차 교정본,168,"00:32:30,020 --> 00:32:32,000",1.98,"그럼 됐잖아, 솔직해지지 그래.",기분 좋기는 하네…,후후.,반응형,sub_0168_1950.0s.jpg,0.02,,,25.0,90.0,50.0,78.0,75.0,0.77553,0.0,66.0,0.0,0.0,0.4042,"아, 그래.",간다.,화면 영문 자막 대조,47.63,T3,화자·문맥·자연스러움 집중 검토,,89.21360255047821,65.1,P2,앞뒤 5블록·사진·오류 기억을 함께 검토
ABF-328,사진 대조 1차 교정본,825,"02:07:01,300 --> 02:07:04,180",2.88,"자, 장난은 그만하고…",누워서 조금 쉬어.,기다려!,중립·혼합형,sub_0825_7621.3s.jpg,0.0,,,25.0,90.0,50.0,78.0,75.0,0.75334,5.18,66.0,0.0,0.0,0.6931,"자, 장난은 그만하고...","자, 장난은 그만하고…",,47.63,T3,화자·문맥·자연스러움 집중 검토,,89.21360255047821,65.1,P2,앞뒤 5블록·사진·오류 기억을 함께 검토
ABF-328,사진 대조 1차 교정본,704,"01:34:15,130 --> 01:34:18,090",2.96,"그런데 이거, 아까 찾던 자료 아니야?",USB에 저장해 둔 거 있잖아.,앗!,반말형,sub_0704_5655.1s.jpg,0.03,,,25.0,90.0,50.0,78.0,75.0,0.77259,0.0,66.0,0.0,0.0,0.3723,"이거, 이거, 이거, 그거, 이거, 그 정도, 그 정도...","이거, 이거, 이거, 그거, 이거, 그 정도, 그 정도…",,47.51,T3,화자·문맥·자연스러움 집중 검토,,89.05419766206164,64.96,P2,앞뒤 5블록·사진·오류 기억을 함께 검토
ABF-328,사진 대조 1차 교정본,19,"00:02:19,990 --> 00:02:22,790",2.8,그런데 얘랑 단둘이 자고 있었던 건가…,"얘도 자고 있는 걸 보니
둘 다 그대로 잠들어 버렸나 봐.","아니, 설마 그럴 리 없지.",중립·혼합형,sub_0019_140.0s.jpg,0.01,,,25.0,90.0,50.0,78.0,75.0,0.68939,19.24,66.0,0.0,0.0,0.8104,그런데 얘랑 단둘이 자고 있었던 건가...,그런데 얘랑 단둘이 자고 있었던 건가…,,47.48,T3,화자·문맥·자연스러움 집중 검토,,88.94792773645058,64.9,P2,앞뒤 5블록·사진·오류 기억을 함께 검토
ABF-328,사진 대조 1차 교정본,543,"01:16:24,740 --> 01:16:25,820",1.08,"응, 핥아 줘.",핥아줬으면 좋겠어?,"허리 흔들지 마, 진짜!",반응형,sub_0543_4584.7s.jpg,0.04,,,25.0,90.0,50.0,78.0,79.0,0.7649,0.0,66.0,0.0,0.0,0.3708,빨리 핥아 봐.,빨리 핥아 줘.,화자 말투 자연화,47.43,T3,화자·문맥·자연스러움 집중 검토,,88.84165781083954,64.82,P2,앞뒤 5블록·사진·오류 기억을 함께 검토
ABF-328,사진 대조 1차 교정본,424,"01:00:49,770 --> 01:00:51,130",1.36,자료 진짜 찾은 거 맞아?,갑자기 뭐 하는 거야?,잠깐만…,반응형,sub_0424_3649.8s.jpg,0.03,,,25.0,90.0,50.0,78.0,75.0,0.76893,0.0,66.0,0.0,0.0,0.1616,진짜 엄청 좋아...,진짜 엄청 좋아…,,47.36,T3,화자·문맥·자연스러움 집중 검토,,88.73538788522848,64.74,P2,앞뒤 5블록·사진·오류 기억을 함께 검토
ABF-328,사진 대조 1차 교정본,713,"01:34:52,480 --> 01:34:55,800",3.32,완성 기념으로 영화라도 한 편 보자.,미안해.,갑자기 무슨 소리야?,중립·혼합형,sub_0713_5692.5s.jpg,0.02,,,25.0,90.0,50.0,78.0,75.0,0.76751,0.0,66.0,0.0,0.0,0.321,한번 보자.,밖을 봐 보자.,일본어 원문 + 타임스탬프 사진 + 장면 연속성,47.3,T3,화자·문맥·자연스러움 집중 검토,,88.62911795961743,64.66,P2,앞뒤 5블록·사진·오류 기억을 함께 검토
ABF-328,사진 대조 1차 교정본,263,"00:44:30,400 --> 00:44:34,660",4.26,처리 방법을 확인해서 다시 연락드리겠습니다.,기다리시게 해서 죄송합니다.,수정할 부분을 말씀해 주십시오.,중립·혼합형,sub_0263_2670.4s.jpg,0.0,,,25.0,90.0,50.0,78.0,75.0,0.76598,0.0,66.0,0.0,0.0,0.1954,가 보겠습니다.,그럼 가 볼게요.,대화체 자연화,47.23,T3,화자·문맥·자연스러움 집중 검토,,88.52284803400637,64.57,P2,앞뒤 5블록·사진·오류 기억을 함께 검토
ABF-328,사진 대조 1차 교정본,542,"01:16:22,800 --> 01:16:23,960",1.16,핥아줬으면 좋겠어?,기분 좋으니까.,"응, 핥아 줘.",반응형,sub_0542_4582.8s.jpg,0.0,,,25.0,90.0,50.0,78.0,79.0,0.7232,8.43,66.0,0.0,0.0,0.7202,핥아줬으면 좋겠어...,핥아줬으면 좋겠어…,,47.19,T3,화자·문맥·자연스러움 집중 검토,,88.41657810839533,64.51,P2,앞뒤 5블록·사진·오류 기억을 함께 검토
ABF-328,사진 대조 1차 교정본,34,"00:22:23,980 --> 00:22:25,600",1.62,손을 어디에 넣는 거야?,어?,"- 뭐 하냐고?
- 그냥 하자고.",반응형,sub_0034_1344.0s.jpg,0.02,,,25.0,90.0,50.0,78.0,79.0,0.75862,0.0,66.0,0.0,0.0,0.2468,뭐라고 하는 거야?,뭐라고 말해야 해?,일본어 원문 대조 + 자연스러운 한국어 대사 교정,47.16,T3,화자·문맥·자연스러움 집중 검토,,88.31030818278427,64.44,P2,앞뒤 5블록·사진·오류 기억을 함께 검토
ABF-328,사진 대조 1차 교정본,674,"01:30:11,820 --> 01:30:14,440",2.62,역시 가는 게 더 기분 좋잖아.,안 갔다고 했으면 아직 더 해도 된다는 뜻이지?,여자도 마찬가지고.,중립·혼합형,sub_0674_5411.8s.jpg,0.02,,,25.0,90.0,50.0,78.0,75.0,0.76402,0.0,66.0,0.0,0.0,0.4482,너도 기분 좋잖아...,너도 기분 좋잖아…,,47.15,T3,화자·문맥·자연스러움 집중 검토,,88.20403825717322,64.39,P2,앞뒤 5블록·사진·오류 기억을 함께 검토
ABF-328,사진 대조 1차 교정본,440,"01:03:24,480 --> 01:03:27,500",3.02,잠깐만…,자료는?,살살…,반응형,sub_0440_3804.5s.jpg,0.02,,,25.0,90.0,50.0,78.0,75.0,0.5823,42.0,66.0,0.0,0.0,1.0,잠깐만…,나만 벗는 거야?,일본어 원문 + 타임스탬프 사진 + 장면 연속성,47.08,T3,화자·문맥·자연스러움 집중 검토,,88.09776833156216,64.31,P2,앞뒤 5블록·사진·오류 기억을 함께 검토
ABF-328,사진 대조 1차 교정본,25,"00:03:35,470 --> 00:03:38,170",2.7,자료도 아직 안 끝난 것 같고.,어쩌지.,얘가 깰 때까지 작업 좀 더 해둘까.,중립·혼합형,sub_0025_215.5s.jpg,0.03,,,25.0,90.0,50.0,78.0,75.0,0.76081,0.0,66.0,0.0,0.0,0.1932,불꽃축제 끝난 뒤에…,불꽃축제가 끝난 뒤라든가…,일본어 원문 대조 + 자연스러운 한국어 대사 교정,47.01,T3,화자·문맥·자연스러움 집중 검토,,87.99149840595112,64.22,P2,앞뒤 5블록·사진·오류 기억을 함께 검토
ABF-328,사진 대조 1차 교정본,643,"01:24:58,940 --> 01:25:02,180",3.24,"잠깐만, 너무 강하게 찌르면 나 죽어!",뭐?,잠깐만.,중립·혼합형,sub_0643_5098.9s.jpg,0.04,,,25.0,90.0,50.0,78.0,75.0,0.75999,0.0,66.0,0.0,0.0,0.4223,"잠깐만,",잠깐만,,46.98,T3,화자·문맥·자연스러움 집중 검토,,87.88522848034006,64.16,P2,앞뒤 5블록·사진·오류 기억을 함께 검토
ABF-328,사진 대조 1차 교정본,461,"01:06:46,600 --> 01:06:48,600",2.0,이런 거 때문에 젖은 거 아니거든!,"계속 흘러넘치고 있어.
무슨 소리야, 정말.",기다려봐.,중립·혼합형,sub_0461_4006.6s.jpg,0.0,,,25.0,90.0,50.0,78.0,79.0,0.75133,0.0,66.0,0.0,0.0,0.2403,경기 때문에 와 주셨습니다.,경기 건으로 와 주셨습니다.,사진 장면 확인 및 한국어 번역투 교정,46.86,T3,화자·문맥·자연스러움 집중 검토,,87.72582359192349,64.02,P2,앞뒤 5블록·사진·오류 기억을 함께 검토
ABF-328,사진 대조 1차 교정본,919,"02:33:16,490 --> 02:33:17,890",1.4,잠시만 쉬자.,숨 가라앉을 때까지 잠시 쉬어.,다섯 번째 자세…,중립·혼합형,sub_0919_9196.5s.jpg,0.01,,,25.0,90.0,50.0,78.0,75.0,0.7572,0.0,66.0,0.0,0.0,0.6478,쉬자.,너무 깊이 들어가.,일본어 원문 + 타임스탬프 사진 + 장면 연속성,46.86,T3,화자·문맥·자연스러움 집중 검토,,87.72582359192349,64.02,P2,앞뒤 5블록·사진·오류 기억을 함께 검토
ABF-328,사진 대조 1차 교정본,886,"02:15:14,800 --> 02:15:17,040",2.24,아마 자료 때문에 전화하신 거겠지.,그러게 말이야.,역시.,반응형,sub_0886_8114.8s.jpg,0.0,,,25.0,90.0,50.0,78.0,75.0,0.75592,0.0,66.0,0.0,0.0,0.2087,경기 때문에 와 주셨습니다.,경기 건으로 와 주셨습니다.,사진 장면 확인 및 한국어 번역투 교정,46.81,T3,화자·문맥·자연스러움 집중 검토,,87.56641870350691,63.93,P2,앞뒤 5블록·사진·오류 기억을 함께 검토
ABF-328,사진 대조 1차 교정본,398,"00:59:26,240 --> 00:59:27,060",0.82,그럼 잘 만드는 요리는 뭔데?,그렇구나.,잘하는 요리?,중립·혼합형,sub_0398_3566.2s.jpg,0.04,,,25.0,90.0,50.0,78.0,75.0,0.75575,0.0,66.0,0.0,0.0,0.1609,그럼 오늘은 잘 먹었어.,그럼 오늘은 잘 먹었어요.,식사 후 인사말 자연화,46.8,T3,화자·문맥·자연스러움 집중 검토,,87.46014877789585,63.88,P2,앞뒤 5블록·사진·오류 기억을 함께 검토
ABF-328,사진 대조 1차 교정본,658,"01:27:28,430 --> 01:27:29,250",0.82,열심히 움직여봐.,응.,'열심히 움직여라'니 엄청 도도하게 구네.,중립·혼합형,sub_0658_5248.4s.jpg,0.03,,,25.0,90.0,50.0,78.0,79.0,0.74869,0.0,66.0,0.0,0.0,0.3582,열심히 하겠습니다.,힘내 볼게요.,,46.75,T3,화자·문맥·자연스러움 집중 검토,,87.35387885228481,63.8,P2,앞뒤 5블록·사진·오류 기억을 함께 검토
ABF-328,사진 대조 1차 교정본,569,"01:19:50,320 --> 01:19:52,680",2.36,대단해. 저절로 움직이네.,"기다려, 기다려봐!",움직이고 싶어져.,반말형,sub_0569_4790.3s.jpg,0.02,,,25.0,90.0,50.0,78.0,79.0,0.74835,0.0,66.0,0.0,0.0,0.5097,대단해.,기분 좋네.,일본어 원문 + 타임스탬프 사진 + 장면 연속성,46.73,T3,화자·문맥·자연스러움 집중 검토,,87.24760892667375,63.75,P2,앞뒤 5블록·사진·오류 기억을 함께 검토
ABF-328,사진 대조 1차 교정본,416,"01:00:03,520 --> 01:00:05,500",1.98,"와, 이거 장난 아니네. 속옷 다 비치잖아.",애써 만들었는데.,자료가 안 보이네. 왜 없지?,반말형,sub_0416_3603.5s.jpg,0.02,,,25.0,90.0,50.0,78.0,75.0,0.75286,0.0,66.0,0.0,0.0,0.3356,오~ 대박 대박 대박. 장난 아니네.,오… 대박 대박 대박. 장난 아니네.,,46.68,T3,화자·문맥·자연스러움 집중 검토,,87.1413390010627,63.67,P2,앞뒤 5블록·사진·오류 기억을 함께 검토
ABF-328,사진 대조 1차 교정본,453,"01:05:41,130 --> 01:05:41,910",0.78,흠뻑 젖었어.,진짜…,뭐?,반응형,sub_0453_3941.1s.jpg,0.03,,,25.0,90.0,50.0,78.0,79.0,0.7467,0.0,66.0,0.0,0.0,0.4538,허벅지까지 젖었어.,허벅지까지 흠뻑 젖었어.,일본어 원문 대조 + 자연스러운 한국어 대사 교정,46.66,T3,화자·문맥·자연스러움 집중 검토,,87.03506907545164,63.62,P2,앞뒤 5블록·사진·오류 기억을 함께 검토
ABF-328,사진 대조 1차 교정본,209,"00:37:51,980 --> 00:37:53,360",1.38,안 싸고는 끝낼 수가 없잖아.,응.,그래도 기분 좋았지?,반응형,sub_0209_2272.0s.jpg,0.02,,,25.0,90.0,50.0,78.0,75.0,0.75225,0.0,66.0,0.0,0.0,0.3165,말할 리가 없잖아.,들킬 리가 없잖아.,앞뒤 대사 문맥 교정,46.65,T3,화자·문맥·자연스러움 집중 검토,,86.9287991498406,63.57,P2,앞뒤 5블록·사진·오류 기억을 함께 검토
ABF-328,사진 대조 1차 교정본,308,"00:50:22,780 --> 00:50:25,180",2.4,요코야마 부장님한테 다시 전화할까?,자.,무리야.,반말형,sub_0308_3022.8s.jpg,0.02,,,25.0,90.0,50.0,78.0,75.0,0.75097,0.0,66.0,0.0,0.0,0.1842,뭐 할까?,내가 먼저?,일본어 원문 + 타임스탬프 사진 + 장면 연속성,46.6,T3,화자·문맥·자연스러움 집중 검토,,86.76939426142401,63.47,P2,앞뒤 5블록·사진·오류 기억을 함께 검토
ABF-328,사진 대조 1차 교정본,342,"00:52:15,740 --> 00:52:16,900",1.16,핥아 달라는 거야?,젖꼭지 말이야.,만져줘.,반응형,sub_0342_3135.7s.jpg,0.04,,,25.0,90.0,50.0,78.0,79.0,0.74526,0.0,66.0,0.0,0.0,0.3503,핥아주길 바라는 거야?,핥아 주길 바라는 거야?,,46.6,T3,화자·문맥·자연스러움 집중 검토,,86.76939426142401,63.47,P2,앞뒤 5블록·사진·오류 기억을 함께 검토
ABF-328,사진 대조 1차 교정본,133,"00:29:38,940 --> 00:29:41,480",2.54,좀 더 세게 해 줘.,너 진짜 야하다.,더 세게?,반말형,sub_0133_1778.9s.jpg,0.04,,,25.0,90.0,50.0,78.0,75.0,0.60489,34.02,66.0,0.0,0.0,0.9335,더 세게 해 줘.,더 세게.,일본어 원문 대조 + 자연스러운 한국어 대사 교정,46.59,T3,화자·문맥·자연스러움 집중 검토,,86.60998937300744,63.4,P2,앞뒤 5블록·사진·오류 기억을 함께 검토
ABF-328,사진 대조 1차 교정본,624,"01:23:06,020 --> 01:23:20,840",14.82,"아니, 이제 안 기다려도 되긴 하지만…",기다리라니까!,대체 누가 제멋대로라는 거야?,반말형,sub_0624_4986.0s.jpg,0.02,,,25.0,90.0,50.0,78.0,75.0,0.67803,16.33,66.0,0.0,0.0,0.786,"아니, 이제 안 기다려도 되긴 하지만...","아니, 이제 안 기다려도 되긴 하지만…",,46.48,T3,화자·문맥·자연스러움 집중 검토,,86.50371944739639,63.29,P2,앞뒤 5블록·사진·오류 기억을 함께 검토
ABF-328,사진 대조 1차 교정본,672,"01:29:42,580 --> 01:29:43,540",0.96,"무슨 소리야, 섹스 중에?","대체 뭐야, 정말.",안 갔다고 했으면 아직 더 해도 된다는 뜻이지?,반말형,sub_0672_5382.6s.jpg,0.02,,,25.0,90.0,50.0,78.0,75.0,0.74566,0.0,66.0,0.0,0.0,0.2991,무슨 소리야? 진짜...,무슨 소리야? 진짜…,,46.38,T3,화자·문맥·자연스러움 집중 검토,,86.39744952178533,63.19,P2,앞뒤 5블록·사진·오류 기억을 함께 검토
ABF-328,사진 대조 1차 교정본,472,"01:09:31,960 --> 01:09:33,260",1.3,너 아까 무슨 라면 먹고 있었냐?,네가 자꾸 핥아대니까 그렇지. 잠깐만!,뭐?,중립·혼합형,sub_0472_4172.0s.jpg,0.04,,,25.0,90.0,50.0,78.0,75.0,0.74559,0.0,66.0,0.0,0.0,0.1479,먹고 싶다고 강하게 원하고 있는 것.,먹고 싶어 죽겠어.,,46.37,T3,화자·문맥·자연스러움 집중 검토,,86.29117959617429,63.14,P2,앞뒤 5블록·사진·오류 기억을 함께 검토
ABF-328,사진 대조 1차 교정본,164,"00:31:11,150 --> 00:31:15,030",3.88,움직이느라 피곤할까 봐.,응.,"- 방금 말했지? 분명 들었어.
- 안 했다니까.",중립·혼합형,sub_0164_1871.2s.jpg,0.05,,,25.0,90.0,50.0,78.0,79.0,0.73963,0.0,66.0,0.0,0.0,0.1321,여러 곳을 움직이면서 할까?,손도 같이 움직여 볼까?,타임스탬프 사진과 장면 흐름으로 명백한 오인식 교정,46.36,T3,화자·문맥·자연스러움 집중 검토,,86.1317747077577,63.06,P2,앞뒤 5블록·사진·오류 기억을 함께 검토
ABF-328,사진 대조 1차 교정본,355,"00:54:36,830 --> 00:54:40,090",3.26,아래쪽도 전부 핥아 줘.,그쪽도 손으로 문질러줘.,"맞아, 바로 거기야.",반응형,sub_0355_3276.8s.jpg,0.03,,,25.0,90.0,50.0,78.0,79.0,0.73948,0.0,66.0,0.0,0.0,0.2321,빨리 핥아 봐.,빨리 핥아 줘.,화자 말투 자연화,46.36,T3,화자·문맥·자연스러움 집중 검토,,86.1317747077577,63.06,P2,앞뒤 5블록·사진·오류 기억을 함께 검토
ABF-328,사진 대조 1차 교정본,936,"02:41:53,440 --> 02:41:56,260",2.82,그러고 다시 돌아오면 돼.,이제 떨어져서 조금 쉬자.,축하해!,반응형,sub_0936_9713.4s.jpg,0.04,,,25.0,90.0,50.0,78.0,75.0,0.74491,0.0,66.0,0.0,0.0,0.2657,안 돼.,"네, 놀랐어요.",타임스탬프 사진과 앞뒤 장면으로 대사 기능 복원,46.35,T3,화자·문맥·자연스러움 집중 검토,,85.97236981934113,62.99,P2,앞뒤 5블록·사진·오류 기억을 함께 검토
ABF-328,사진 대조 1차 교정본,917,"02:31:22,950 --> 02:31:26,820",3.87,다시 할 수 있을 때…,딱 2분만 쉬면 돼.,숨 가라앉을 때까지 잠시 쉬어.,중립·혼합형,sub_0917_9083.0s.jpg,0.05,,,25.0,90.0,50.0,78.0,75.0,0.74478,0.0,66.0,0.0,0.0,0.6067,다시 할 수 있을 때...,다시 할 수 있을 때…,,46.34,T3,화자·문맥·자연스러움 집중 검토,,85.86609989373008,62.94,P2,앞뒤 5블록·사진·오류 기억을 함께 검토
ABF-328,사진 대조 1차 교정본,920,"02:33:17,910 --> 02:33:57,360",39.45,다섯 번째 자세…,잠시만 쉬자.,오오… 윽…,중립·혼합형,sub_0920_9197.9s.jpg,0.01,,,25.0,90.0,50.0,78.0,75.0,0.74406,0.0,66.0,0.0,0.0,0.5276,다섯 번째 자세...,다섯 번째 자세…,,46.31,T3,화자·문맥·자연스러움 집중 검토,,85.75982996811902,62.88,P2,앞뒤 5블록·사진·오류 기억을 함께 검토
ABF-328,사진 대조 1차 교정본,466,"01:07:43,750 --> 01:07:45,630",1.88,아까부터 내 말 듣고는 있는 거야?,완전히 엉망진창이 됐네.,집에선 브라 안 하는구나.,반말형,sub_0466_4063.8s.jpg,0.05,,,25.0,90.0,50.0,78.0,75.0,0.74312,0.0,66.0,0.0,0.0,0.2568,아까부터 물어봤잖아. 이렇게나 많이...,아까부터 물어봤잖아. 이렇게나 많이…,,46.27,T3,화자·문맥·자연스러움 집중 검토,,85.65356004250798,62.81,P2,앞뒤 5블록·사진·오류 기억을 함께 검토
ABF-328,사진 대조 1차 교정본,353,"00:54:23,100 --> 00:54:27,810",4.71,점점 더 젖고 있잖아.,거기… 갈 것 같아.,그쪽도 손으로 문질러줘.,반응형,sub_0353_3263.1s.jpg,0.0,,,25.0,90.0,50.0,78.0,79.0,0.73724,0.0,66.0,0.0,0.0,0.4863,서 있잖아.,완전히 서 있잖아.,일본어 원문 대조 + 자연스러운 한국어 대사 교정,46.26,T3,화자·문맥·자연스러움 집중 검토,,85.54729011689692,62.76,P2,앞뒤 5블록·사진·오류 기억을 함께 검토
ABF-328,사진 대조 1차 교정본,304,"00:49:55,670 --> 00:49:57,270",1.6,너 진짜 어쩌려고 그래?,그래도 분명 이상하게 생각하셨을 거야.,더 딱딱해졌잖아.,반응형,sub_0304_2995.7s.jpg,0.03,,,25.0,90.0,50.0,78.0,75.0,0.74271,0.0,66.0,0.0,0.0,0.288,"음-, 왜 그래?",음… 왜 그래?,,46.25,T3,화자·문맥·자연스러움 집중 검토,,85.44102019128587,62.71,P2,앞뒤 5블록·사진·오류 기억을 함께 검토
ABF-328,사진 대조 1차 교정본,570,"01:19:52,760 --> 01:19:53,940",1.18,움직이고 싶어져.,대단해. 저절로 움직이네.,정말 대단하네.,반응형,sub_0570_4792.8s.jpg,0.04,,,25.0,90.0,50.0,78.0,79.0,0.73316,0.0,66.0,0.0,0.0,0.3669,"성기를 움직이고 있는 남자가,",성기를 움직이고 있는 남자가,,46.09,T3,화자·문맥·자연스러움 집중 검토,,85.33475026567481,62.57,P2,앞뒤 5블록·사진·오류 기억을 함께 검토
ABF-328,사진 대조 1차 교정본,530,"01:15:33,800 --> 01:15:35,260",1.46,이미 이렇게 됐는데 어떡해.,"대체 이게 뭐야, 정말.",계속 팽팽하게 서 있잖아.,반응형,sub_0530_4533.8s.jpg,0.0,,,25.0,90.0,50.0,78.0,75.0,0.73799,0.0,66.0,0.0,0.0,0.2071,이렇게 해버려.,이렇게 해 버려.,,46.06,T3,화자·문맥·자연스러움 집중 검토,,85.17534537725824,62.49,P2,앞뒤 5블록·사진·오류 기억을 함께 검토
ABF-328,사진 대조 1차 교정본,904,"02:20:59,980 --> 02:21:15,380",15.4,그것도 계속 참고 있었던 거야?,으음.,축하해.,반말형,sub_0904_8460.0s.jpg,0.02,,,25.0,90.0,50.0,78.0,75.0,0.73802,0.0,66.0,0.0,0.0,0.2382,"아, 그것도...","아, 그것도…",,46.06,T3,화자·문맥·자연스러움 집중 검토,,85.17534537725824,62.49,P2,앞뒤 5블록·사진·오류 기억을 함께 검토
ABF-328,사진 대조 1차 교정본,870,"02:14:43,200 --> 02:14:44,260",1.06,전화 한 번 확인해 볼게.,잠깐만.,뭐?,반말형,sub_0870_8083.2s.jpg,0.0,,,25.0,90.0,50.0,78.0,75.0,0.73623,0.0,66.0,0.0,0.0,0.4032,확인해볼게.,확인해 볼게.,,45.98,T3,화자·문맥·자연스러움 집중 검토,,85.01594048884165,62.38,P2,앞뒤 5블록·사진·오류 기억을 함께 검토
ABF-328,사진 대조 1차 교정본,47,"00:22:58,960 --> 00:22:59,980",1.02,그래도 이미 들어갔잖아.,전혀 아니거든!,겁먹지 마.,반응형,sub_0047_1379.0s.jpg,0.04,,,25.0,90.0,50.0,78.0,75.0,0.7339,0.0,66.0,0.0,0.0,0.2312,그래도 계속 하고 싶어.,그래도 계속하고 싶어.,손상된 일본어 ASR + 타임스탬프 사진 + 앞뒤 문맥 추론,45.88,T3,화자·문맥·자연스러움 집중 검토,,84.85653560042508,62.25,P2,앞뒤 5블록·사진·오류 기억을 함께 검토
ABF-328,사진 대조 1차 교정본,426,"01:00:56,920 --> 01:01:01,180",4.26,뭐 하는 거야?,잠깐만…,"있잖아, 잠깐만…",반말형,sub_0426_3656.9s.jpg,0.02,,,25.0,90.0,50.0,78.0,75.0,0.72342,2.44,66.0,0.0,0.0,0.6703,뭐라고 하는 거야?,뭐라고 말해야 해?,일본어 원문 대조 + 자연스러운 한국어 대사 교정,45.88,T3,화자·문맥·자연스러움 집중 검토,,84.85653560042508,62.25,P2,앞뒤 5블록·사진·오류 기억을 함께 검토
ABF-328,사진 대조 1차 교정본,733,"01:37:01,990 --> 01:37:03,650",1.66,어차피 집에 가도 할 일 없잖아.,뭐 하는 거야?,"뭐, 그렇긴 하지만.",중립·혼합형,sub_0733_5822.0s.jpg,0.01,,,25.0,90.0,50.0,78.0,75.0,0.73092,0.0,66.0,0.0,0.0,0.324,말할 리가 없잖아.,들킬 리가 없잖아.,앞뒤 대사 문맥 교정,45.76,T3,화자·문맥·자연스러움 집중 검토,,84.6971307120085,62.11,P2,앞뒤 5블록·사진·오류 기억을 함께 검토
ABF-328,사진 대조 1차 교정본,632,"01:24:09,540 --> 01:24:10,460",0.92,위험해.,왜 그래?,잠깐만…,반말형,sub_0632_5049.5s.jpg,0.04,,,25.0,90.0,50.0,78.0,75.0,0.5499,42.0,66.0,0.0,0.0,1.0,위험해.,큰일 나.,,45.72,T3,화자·문맥·자연스러움 집중 검토,,84.59086078639744,62.05,P2,앞뒤 5블록·사진·오류 기억을 함께 검토
ABF-328,사진 대조 1차 교정본,128,"00:28:09,690 --> 00:28:11,130",1.44,그럼 안 움직일게.,그럼 이렇게 꾹꾹 누르는 건 뭔데?,"농담이야, 농담.",중립·혼합형,sub_0128_1689.7s.jpg,0.01,,,25.0,90.0,50.0,78.0,79.0,0.72407,0.0,66.0,0.0,0.0,0.1779,"그럼 일단,",그럼 일단,,45.71,T3,화자·문맥·자연스러움 집중 검토,,84.4845908607864,62.0,P2,앞뒤 5블록·사진·오류 기억을 함께 검토
ABF-328,사진 대조 1차 교정본,724,"01:35:17,880 --> 01:35:22,890",5.01,"봐봐, 없으면서.","잠깐만, 솔직하게 말해 봐.",그럼 같이 영화 보자.,반응형,sub_0724_5717.9s.jpg,0.02,,,25.0,90.0,50.0,78.0,75.0,0.72893,0.0,66.0,0.0,0.0,0.5423,"봐봐, 봐봐, 봐봐, 봐봐.","봐봐, 봐봐.",일본어 원문 + 타임스탬프 사진 + 장면 연속성,45.68,T3,화자·문맥·자연스러움 집중 검토,,84.37832093517534,61.93,P2,앞뒤 5블록·사진·오류 기억을 함께 검토
ABF-328,사진 대조 1차 교정본,587,"01:21:27,130 --> 01:21:29,030",1.9,라면 국물 묻어서 더러워졌으니까 닦아준 거야.,응.,"- 국물? 묻어 있었어?
- 응, 묻었어.",반말형,sub_0587_4887.1s.jpg,0.03,,,25.0,90.0,50.0,78.0,75.0,0.7266,0.0,66.0,0.0,0.0,0.1895,싫은 거야.,싫어?,일본어 원문 대조 + 자연스러운 한국어 대사 교정,45.58,T3,화자·문맥·자연스러움 집중 검토,,84.2720510095643,61.83,P2,앞뒤 5블록·사진·오류 기억을 함께 검토
ABF-328,사진 대조 1차 교정본,600,"01:22:02,660 --> 01:22:03,160",0.5,어느 쪽이야?,솔직히 너 엉덩이만 좋아하는 거지?,대체 어느 쪽인데?,반응형,sub_0600_4922.7s.jpg,0.04,,,25.0,90.0,50.0,78.0,75.0,0.54547,42.0,66.0,0.0,0.0,1.0,어느 쪽이야?,어디가 좋아?,손상된 일본어 ASR + 타임스탬프 사진 + 앞뒤 문맥 추론,45.53,T3,화자·문맥·자연스러움 집중 검토,,84.16578108395323,61.76,P2,앞뒤 5블록·사진·오류 기억을 함께 검토
ABF-328,사진 대조 1차 교정본,55,"00:23:44,660 --> 00:23:46,060",1.4,너 오래 참은 거 아니야?,좋지 않아…,남자친구도 없잖아?,반응형,sub_0055_1424.7s.jpg,0.04,,,25.0,90.0,50.0,78.0,75.0,0.72484,0.0,66.0,0.0,0.0,0.6075,너 오래된 거 아니야?,너 오래 참은 거 아니야?,,45.5,T3,화자·문맥·자연스러움 집중 검토,,84.05951115834219,61.69,P2,앞뒤 5블록·사진·오류 기억을 함께 검토
ABF-328,사진 대조 1차 교정본,695,"01:33:38,900 --> 01:33:39,920",1.02,"잠깐만, 너무 많이 흘러.","안 돼, 전부 묻어 버렸잖아!","안 돼, 진짜 안 돼!",반응형,sub_0695_5618.9s.jpg,0.0,,,25.0,90.0,50.0,78.0,75.0,0.72418,0.0,66.0,0.0,0.0,0.5619,"잠깐만,",잠깐만,,45.48,T3,화자·문맥·자연스러움 집중 검토,,83.95324123273113,61.64,P2,앞뒤 5블록·사진·오류 기억을 함께 검토
ABF-328,사진 대조 1차 교정본,844,"02:11:15,630 --> 02:11:17,270",1.64,우리 둘이 하나로 이어진 느낌이야.,방금…,숨 내쉬면서 힘 빼봐.,반응형,sub_0844_7875.6s.jpg,0.03,,,25.0,90.0,50.0,78.0,75.0,0.72224,0.0,66.0,0.0,0.0,0.4287,오늘은 이런 느낌이야.,오늘은 네가 하고 싶은 대로 해.,손상된 일본어 ASR + 타임스탬프 사진 + 앞뒤 문맥 추론,45.39,T3,화자·문맥·자연스러움 집중 검토,,83.84697130712009,61.54,P2,앞뒤 5블록·사진·오류 기억을 함께 검토
ABF-328,사진 대조 1차 교정본,299,"00:49:39,250 --> 00:49:41,070",1.82,부장님이 눈치채시면 어떡할 건데?,으음.,그때 가서 생각하지 뭐.,반응형,sub_0299_2979.2s.jpg,0.05,,,25.0,90.0,50.0,78.0,75.0,0.72133,0.0,66.0,0.0,0.0,0.203,눈치채지 마.,들키면 안 돼.,,45.36,T3,화자·문맥·자연스러움 집중 검토,,83.74070138150903,61.48,P2,앞뒤 5블록·사진·오류 기억을 함께 검토
ABF-328,사진 대조 1차 교정본,219,"00:38:57,830 --> 00:39:00,010",2.18,"그래도 좋았잖아, 응?",말도 안 되는 소리 하지 마.,나는 좋았어.,반응형,sub_0219_2337.8s.jpg,0.03,,,25.0,90.0,50.0,78.0,75.0,0.71989,0.0,66.0,0.0,0.0,0.2541,그래도 계속 하고 싶어.,그래도 계속하고 싶어.,손상된 일본어 ASR + 타임스탬프 사진 + 앞뒤 문맥 추론,45.3,T3,화자·문맥·자연스러움 집중 검토,,83.58129649309245,61.38,P2,앞뒤 5블록·사진·오류 기억을 함께 검토
ABF-328,사진 대조 1차 교정본,828,"02:07:46,420 --> 02:08:02,150",15.73,"첫 번째 자세에서 네 번째로
다시 두 번째로 바꿔 봐.",아아아…,어때?,반말형,sub_0828_7666.4s.jpg,0.02,,,25.0,90.0,50.0,78.0,75.0,0.58444,31.65,66.0,0.0,0.0,0.9137,"첫 번째 자세에서 네 번째로, 다시 두 번째로 바꿔 봐.",첫 번째 자세에서 네 번째로 다시 두 번째로 바꿔 봐.,,45.3,T3,화자·문맥·자연스러움 집중 검토,,83.58129649309245,61.38,P2,앞뒤 5블록·사진·오류 기억을 함께 검토
ABF-328,사진 대조 1차 교정본,119,"00:27:32,370 --> 00:27:33,390",1.02,"잠깐만, 아주 조금만…",네가 직접 넣어봐.,조금만이라니…,반응형,sub_0119_1652.4s.jpg,0.03,,,25.0,90.0,50.0,78.0,75.0,0.71982,0.0,66.0,0.0,0.0,0.6274,"잠깐만, 아주 조금만...","잠깐만, 아주 조금만…",,45.29,T3,화자·문맥·자연스러움 집중 검토,,83.42189160467588,61.31,P2,앞뒤 5블록·사진·오류 기억을 함께 검토
ABF-328,사진 대조 1차 교정본,434,"01:02:35,820 --> 01:02:40,980",5.16,너 느껴서 반응하고 있잖아?,"대체 뭐야, 진짜…",잠깐…,반응형,sub_0434_3755.8s.jpg,0.02,,,25.0,90.0,50.0,78.0,75.0,0.71723,0.0,66.0,0.0,0.0,0.1816,서 있잖아.,완전히 서 있잖아.,일본어 원문 대조 + 자연스러운 한국어 대사 교정,45.18,T3,화자·문맥·자연스러움 집중 검토,,83.31562167906482,61.2,P2,앞뒤 5블록·사진·오류 기억을 함께 검토
ABF-328,사진 대조 1차 교정본,226,"00:39:16,890 --> 00:39:18,190",1.3,끈질기게 물으니까 말한 것뿐이야.,그럼 됐잖아.,기분 좋았으면 된 거지 뭐.,반응형,sub_0226_2356.9s.jpg,0.01,,,25.0,90.0,50.0,78.0,75.0,0.71597,0.0,66.0,0.0,0.0,0.1748,"저기부터. 미안해, 하지메 군 환영회인데. 아냐, 내가 잘 어울리지 못하는 것뿐이야. 넌 옛날부터 말주변이 없었잖아.",아까부터 조용하네. 하지메 군 환영회인데 미안해. 아냐. 내가 사람들하고 잘 못 어울리는 것뿐이야.,사진 장면 확인 및 한국어 번역투·ASR 오역 교정,45.13,T3,화자·문맥·자연스러움 집중 검토,,83.20935175345377,61.12,P2,앞뒤 5블록·사진·오류 기억을 함께 검토
ABF-328,사진 대조 1차 교정본,76,"00:24:59,570 --> 00:25:01,550",1.98,이렇게 말하고 있잖아.,이거 기분 좋네…,잘하네.,반응형,sub_0076_1499.6s.jpg,0.03,,,25.0,90.0,50.0,78.0,75.0,0.71406,0.0,66.0,0.0,0.0,0.4789,서 있잖아.,완전히 서 있잖아.,일본어 원문 대조 + 자연스러운 한국어 대사 교정,45.05,T3,화자·문맥·자연스러움 집중 검토,,83.0499468650372,61.01,P2,앞뒤 5블록·사진·오류 기억을 함께 검토
ABF-328,사진 대조 1차 교정본,410,"00:59:54,460 --> 00:59:55,300",0.84,그 그래프 들어간 자료.,자료 어디 갔지?,그거 엄청 중요하잖아.,반응형,sub_0410_3594.5s.jpg,0.04,,,25.0,90.0,50.0,78.0,75.0,0.71411,0.0,66.0,0.0,0.0,0.112,숨을 참으면 배에 힘이 들어간다는 뜻이에요.,숨을 참으면 배에 힘이 들어가요.,,45.05,T3,화자·문맥·자연스러움 집중 검토,,83.0499468650372,61.01,P2,앞뒤 5블록·사진·오류 기억을 함께 검토
ABF-328,사진 대조 1차 교정본,43,"00:22:47,980 --> 00:22:50,300",2.32,"아니, 진짜 들어간다니까.",이렇게 붙어 있으면 참을 수 없다고.,"잠깐, 잠깐만!",반응형,sub_0043_1368.0s.jpg,0.02,,,25.0,90.0,50.0,78.0,75.0,0.71376,0.0,66.0,0.0,0.0,0.3155,"아니, 진짜 엄청...","아니, 진짜 엄청…",,45.04,T3,화자·문맥·자연스러움 집중 검토,,82.89054197662061,60.94,P2,앞뒤 5블록·사진·오류 기억을 함께 검토
ABF-328,사진 대조 1차 교정본,683,"01:31:06,460 --> 01:31:08,720",2.26,나만 기분 좋아지는 건 미안하잖아.,글쎄… 조금 더 해 봐야 알 것 같아.,"괜찮아, 너는 마음껏 느껴.",반응형,sub_0683_5466.5s.jpg,0.04,,,25.0,90.0,50.0,78.0,75.0,0.7133,0.0,66.0,0.0,0.0,0.238,기분 좋아.,"아, 좋아.",화면 영문 자막 대조,45.02,T3,화자·문맥·자연스러움 집중 검토,,82.78427205100957,60.88,P2,앞뒤 5블록·사진·오류 기억을 함께 검토
ABF-328,사진 대조 1차 교정본,896,"02:15:29,940 --> 02:15:31,040",1.1,그럼 한 번 더 할까?,괜찮아.,정말 기운 넘치네.,중립·혼합형,sub_0896_8129.9s.jpg,0.04,,,25.0,90.0,50.0,78.0,75.0,0.71274,0.08,66.0,0.0,0.0,0.6507,뭐 할까?,내가 먼저?,일본어 원문 + 타임스탬프 사진 + 장면 연속성,45.01,T3,화자·문맥·자연스러움 집중 검토,,82.6780021253985,60.83,P2,앞뒤 5블록·사진·오류 기억을 함께 검토
ABF-328,사진 대조 1차 교정본,650,"01:26:11,380 --> 01:26:12,560",1.18,허리를 꽉 잡아줘.,"조금만 천천히 해.
속옷 찢어질 것 같아.","기다려, 더 부드럽게 해 줘.",반응형,sub_0650_5171.4s.jpg,0.02,,,25.0,90.0,50.0,78.0,75.0,0.71291,0.0,66.0,0.0,0.0,0.3828,허리를 조금 들어 주세요.,허리를 조금 들어 줘.,일본어 원문 대조 + 자연스러운 한국어 대사 교정,45.0,T3,화자·문맥·자연스러움 집중 검토,,82.57173219978746,60.78,P2,앞뒤 5블록·사진·오류 기억을 함께 검토
ABF-328,사진 대조 1차 교정본,277,"00:47:44,770 --> 00:47:47,970",3.2,아 진짜 가만히 좀 있어!,잠깐만…,이미 어쩔 수 없잖아.,반응형,sub_0277_2864.8s.jpg,0.03,,,25.0,90.0,50.0,78.0,75.0,0.71181,0.0,66.0,0.0,0.0,0.295,계속 유지되고 있어!,계속 단단하네!,손상된 일본어 ASR + 타임스탬프 사진 + 앞뒤 문맥 추론,44.96,T3,화자·문맥·자연스러움 집중 검토,,82.4654622741764,60.71,P2,앞뒤 5블록·사진·오류 기억을 함께 검토
ABF-328,사진 대조 1차 교정본,618,"01:22:36,070 --> 01:22:37,490",1.42,이렇게 된 이상 어쩔 수 없잖아.,으음.,"네가 이렇게 야한 옷차림을
하고 있으니까 그렇지.",중립·혼합형,sub_0618_4956.1s.jpg,0.03,,,25.0,90.0,50.0,78.0,75.0,0.71178,0.0,66.0,0.0,0.0,0.3389,말할 리가 없잖아.,들킬 리가 없잖아.,앞뒤 대사 문맥 교정,44.95,T3,화자·문맥·자연스러움 집중 검토,,82.35919234856536,60.66,P2,앞뒤 5블록·사진·오류 기억을 함께 검토
ABF-328,사진 대조 1차 교정본,699,"01:34:02,210 --> 01:34:07,210",5.0,"잠깐, 그거 아까 만든 자료잖아. 최악이야!",이건 어디에 둬야 해?,진짜 대형 사고네.,반말형,sub_0699_5642.2s.jpg,0.01,,,25.0,90.0,50.0,78.0,75.0,0.71106,0.0,66.0,0.0,0.0,0.1852,"잠깐, 보여 줘 봐. 잠깐, 이쪽 봐봐. 부끄러워?",잠깐 보여 줘. 이쪽 봐봐. 부끄러워?,일본어 원문 대조 + 자연스러운 한국어 대사 교정,44.92,T3,화자·문맥·자연스러움 집중 검토,,82.2529224229543,60.6,P2,앞뒤 5블록·사진·오류 기억을 함께 검토
ABF-328,사진 대조 1차 교정본,357,"00:54:56,020 --> 00:54:57,860",1.84,거기도 더 해 줘.,"맞아, 바로 거기야.",그거 최고야…,반말형,sub_0357_3296.0s.jpg,0.02,,,25.0,90.0,50.0,78.0,75.0,0.65288,13.2,66.0,0.0,0.0,0.76,거기도 더 해줘.,거기도 더 해 줘.,,44.86,T3,화자·문맥·자연스러움 집중 검토,,82.14665249734325,60.52,P2,앞뒤 5블록·사진·오류 기억을 함께 검토
ABF-328,사진 대조 1차 교정본,382,"00:58:47,460 --> 00:58:51,820",4.36,아무리 그래도 걔보다는 내가 낫지.,내가 보기엔 도진개진이야.,걔는 그냥 덩치만 크고.,반응형,sub_0382_3527.5s.jpg,0.04,,,25.0,90.0,50.0,78.0,75.0,0.70849,0.0,66.0,0.0,0.0,0.1906,그래도 계속 하고 싶어.,그래도 계속하고 싶어.,손상된 일본어 ASR + 타임스탬프 사진 + 앞뒤 문맥 추론,44.82,T3,화자·문맥·자연스러움 집중 검토,,82.0403825717322,60.45,P2,앞뒤 5블록·사진·오류 기억을 함께 검토
ABF-328,사진 대조 1차 교정본,38,"00:22:34,240 --> 00:22:35,820",1.58,이미 살짝 들어가 버렸는데.,어쩔 수 없잖아.,대체 뭐 하는 거야?,반응형,sub_0038_1354.2s.jpg,0.04,,,25.0,90.0,50.0,78.0,75.0,0.70827,0.0,66.0,0.0,0.0,0.3006,"하아, 들어가 버려.",하아… 들어가.,일본어 원문 대조 + 자연스러운 한국어 대사 교정,44.81,T3,화자·문맥·자연스러움 집중 검토,,81.93411264612115,60.4,P2,앞뒤 5블록·사진·오류 기억을 함께 검토
ABF-328,사진 대조 1차 교정본,50,"00:23:23,000 --> 00:23:24,740",1.74,너도 딱 붙어 있잖아…,"좋아, 조금만 더…",무슨 소리야? 진짜…,반응형,sub_0050_1403.0s.jpg,0.0,,,25.0,90.0,50.0,78.0,75.0,0.68989,4.06,66.0,0.0,0.0,0.6838,너도 딱 붙어 있잖아...,너도 딱 붙어 있잖아…,,44.77,T3,화자·문맥·자연스러움 집중 검토,,81.82784272051009,60.33,P2,앞뒤 5블록·사진·오류 기억을 함께 검토
ABF-328,사진 대조 1차 교정본,27,"00:03:50,340 --> 00:03:53,900",3.56,"음, 아직 졸리네.",얘가 깰 때까지 작업 좀 더 해둘까.,조금만 더 잘까…,반응형,sub_0027_230.3s.jpg,0.04,,,25.0,90.0,50.0,78.0,75.0,0.70637,0.0,66.0,0.0,0.0,0.2638,"더 야하게 해 봐. 음, 음, 음... 그렇지!","더 야하게 해 봐. 음, 음, 음… 그렇지!",,44.73,T3,화자·문맥·자연스러움 집중 검토,,81.72157279489905,60.27,P2,앞뒤 5블록·사진·오류 기억을 함께 검토
ABF-328,사진 대조 1차 교정본,427,"01:01:03,960 --> 01:01:07,940",3.98,"있잖아, 잠깐만…",뭐 하는 거야?,자료는?,반응형,sub_0427_3664.0s.jpg,0.04,,,25.0,90.0,50.0,78.0,75.0,0.67881,6.24,66.0,0.0,0.0,0.702,잠깐만…,나만 벗는 거야?,일본어 원문 + 타임스탬프 사진 + 장면 연속성,44.69,T3,화자·문맥·자연스러움 집중 검토,,81.45589798087141,60.13,P2,앞뒤 5블록·사진·오류 기억을 함께 검토
ABF-328,사진 대조 1차 교정본,641,"01:24:55,380 --> 01:24:55,680",0.3,엄청 미끄럽네.,너무 거칠어!,뭐?,반말형,sub_0641_5095.4s.jpg,0.02,,,25.0,90.0,50.0,78.0,75.0,0.5944,0.0,66.0,46.67,0.0,0.1897,오늘 진짜 엄청 했네.,오늘 진짜 실컷 했네.,일본어 원문 대조 + 자연스러운 한국어 대사 교정,44.69,T3,화자·문맥·자연스러움 집중 검토,high_cps,81.45589798087141,60.13,P2,앞뒤 5블록·사진·오류 기억을 함께 검토
ABF-328,사진 대조 1차 교정본,666,"01:29:12,500 --> 01:29:14,480",1.98,방금 분명 '간다'고 했잖아.,"기다려, 기다려봐!","- 뭐? 무슨 소리 들렸어?
- 뭘 들었다는 거야?",반응형,sub_0666_5352.5s.jpg,0.0,,,25.0,90.0,50.0,78.0,75.0,0.70539,0.0,66.0,0.0,0.0,0.3412,달라고 했잖아.,씻어 달라고 했잖아.,타임스탬프 사진과 앞뒤 장면으로 대사 기능 복원,44.69,T3,화자·문맥·자연스러움 집중 검토,,81.45589798087141,60.13,P2,앞뒤 5블록·사진·오류 기억을 함께 검토
ABF-328,사진 대조 1차 교정본,725,"01:35:23,650 --> 01:35:24,470",0.82,그럼 같이 영화 보자.,"봐봐, 없으면서.",시간 진짜 빨리 갔네.,중립·혼합형,sub_0725_5723.6s.jpg,0.05,,,25.0,90.0,50.0,78.0,75.0,0.70537,0.0,66.0,0.0,0.0,0.4554,한번 보자.,밖을 봐 보자.,일본어 원문 + 타임스탬프 사진 + 장면 연속성,44.69,T3,화자·문맥·자연스러움 집중 검토,,81.45589798087141,60.13,P2,앞뒤 5블록·사진·오류 기억을 함께 검토
ABF-328,사진 대조 1차 교정본,156,"00:30:49,850 --> 00:30:50,030",0.18,왜 안 되는데?,왜?,왜 그래?,중립·혼합형,sub_0156_1849.8s.jpg,0.05,,,25.0,90.0,50.0,78.0,75.0,0.53862,0.0,66.0,70.0,0.0,0.1609,왜 없지?,어라?,,44.68,T3,화자·문맥·자연스러움 집중 검토,high_cps,81.13708820403825,59.99,P2,앞뒤 5블록·사진·오류 기억을 함께 검토
ABF-328,사진 대조 1차 교정본,927,"02:36:00,410 --> 02:36:06,970",6.56,조금 아쉽네.,너무 거칠게 하면 아프니까 천천히 하자.,아…,반응형,sub_0927_9360.4s.jpg,0.01,,,25.0,90.0,50.0,78.0,75.0,0.66163,10.19,66.0,0.0,0.0,0.7349,왠지 좀 아쉽네.,벌써 끝나서 조금 아쉽네.,손상된 일본어 ASR + 타임스탬프 사진 + 앞뒤 문맥 추론,44.68,T3,화자·문맥·자연스러움 집중 검토,,81.13708820403825,59.99,P2,앞뒤 5블록·사진·오류 기억을 함께 검토
ABF-328,사진 대조 1차 교정본,503,"01:13:02,280 --> 01:13:04,120",1.84,내가 시끄럽게 한 게 아니거든?,그만해.,있잖아.,반응형,sub_0503_4382.3s.jpg,0.02,,,25.0,90.0,50.0,78.0,75.0,0.7049,0.0,66.0,0.0,0.0,0.1365,내가 잡아 줄게.,목욕하면서…,일본어 원문 + 타임스탬프 사진 + 장면 연속성,44.67,T3,화자·문맥·자연스러움 집중 검토,,80.97768331562168,59.92,P2,앞뒤 5블록·사진·오류 기억을 함께 검토
ABF-328,사진 대조 1차 교정본,224,"00:39:12,750 --> 00:39:14,070",1.32,아까 기분 좋았다고 했잖아.,그저 그랬어.,그럼 됐잖아.,반응형,sub_0224_2352.8s.jpg,0.05,,,25.0,90.0,50.0,78.0,75.0,0.70479,0.0,66.0,0.0,0.0,0.4148,달라고 했잖아.,씻어 달라고 했잖아.,타임스탬프 사진과 앞뒤 장면으로 대사 기능 복원,44.66,T3,화자·문맥·자연스러움 집중 검토,,80.87141339001063,59.87,P2,앞뒤 5블록·사진·오류 기억을 함께 검토
ABF-328,사진 대조 1차 교정본,897,"02:15:31,980 --> 02:15:33,400",1.42,정말 기운 넘치네.,그럼 한 번 더 할까?,응.,반말형,sub_0897_8132.0s.jpg,0.02,,,25.0,90.0,50.0,78.0,75.0,0.70399,0.0,66.0,0.0,0.0,0.2339,정말 좋아.,거기 좋아.,타임스탬프 사진과 장면 흐름으로 명백한 오인식 교정,44.63,T3,화자·문맥·자연스러움 집중 검토,,80.76514346439959,59.81,P2,앞뒤 5블록·사진·오류 기억을 함께 검토
ABF-328,사진 대조 1차 교정본,821,"02:05:12,890 --> 02:05:13,230",0.34,…,아아아아…,잘하네…,중립·혼합형,sub_0821_7512.9s.jpg,0.01,,,25.0,90.0,50.0,78.0,75.0,0.70363,0.0,66.0,0.0,0.0,0.0625,"싫어, 아… 아… 아…",싫어… 아… 아…,일본어 원문 대조 + 자연스러운 한국어 대사 교정,44.61,T3,화자·문맥·자연스러움 집중 검토,,80.65887353878853,59.75,P2,앞뒤 5블록·사진·오류 기억을 함께 검토
ABF-328,사진 대조 1차 교정본,782,"01:48:15,650 --> 01:48:17,210",1.56,난 거기까지는 못 하겠어.,도망가지 마!,아…,반응형,sub_0782_6495.6s.jpg,0.05,,,25.0,90.0,50.0,78.0,75.0,0.70171,0.0,66.0,0.0,0.0,0.4573,대답을 못 하겠어.,그건 대답 못 하겠네.,일본어 원문 대조 + 자연스러운 한국어 대사 교정,44.53,T3,화자·문맥·자연스러움 집중 검토,,80.55260361317748,59.66,P2,앞뒤 5블록·사진·오류 기억을 함께 검토
ABF-328,사진 대조 1차 교정본,891,"02:15:22,900 --> 02:15:24,020",1.12,필요한 부분도 다 만들었고.,괜찮아.,"그래, 다 끝났어.",중립·혼합형,sub_0891_8122.9s.jpg,0.0,,,25.0,90.0,50.0,78.0,75.0,0.70134,0.0,66.0,0.0,0.0,0.254,"그런 부분도 봐 주셨으면 하고,",그런 부분도 봐 주셨으면 하고,,44.52,T3,화자·문맥·자연스러움 집중 검토,,80.44633368756642,59.61,P2,앞뒤 5블록·사진·오류 기억을 함께 검토
ABF-328,사진 대조 1차 교정본,127,"00:28:07,850 --> 00:28:09,570",1.72,그럼 이렇게 꾹꾹 누르는 건 뭔데?,내가 일부러 비비는 게 아니야!,그럼 안 움직일게.,중립·혼합형,sub_0127_1687.8s.jpg,0.05,,,25.0,90.0,50.0,78.0,75.0,0.70097,0.0,66.0,0.0,0.0,0.1915,이렇게 해버려.,이렇게 해 버려.,,44.5,T3,화자·문맥·자연스러움 집중 검토,,80.28692879914983,59.53,P2,앞뒤 5블록·사진·오류 기억을 함께 검토
ABF-328,사진 대조 1차 교정본,521,"01:15:14,640 --> 01:15:15,880",1.24,너 대체 얼마나 혈기왕성한 거야?,그만해…,어쩔 수 없잖아.,반말형,sub_0521_4514.6s.jpg,0.04,,,25.0,90.0,50.0,78.0,75.0,0.70099,0.0,66.0,0.0,0.0,0.2102,"- 얼마나 오래 갔던 거야? 패러글라이딩도 했다고? - 네, 강사님과 함께 탔어요.",패러글라이딩까지 했다고? 강사랑 같이 탄 거지?,일본어 원문 대조 + 자연스러운 한국어 대사 교정,44.5,T3,화자·문맥·자연스러움 집중 검토,,80.28692879914983,59.53,P2,앞뒤 5블록·사진·오류 기억을 함께 검토
ABF-328,사진 대조 1차 교정본,437,"01:03:03,620 --> 01:03:05,380",1.76,그래프 들어간 자료 어디 있어?,그만해…,저기…,반응형,sub_0437_3783.6s.jpg,0.02,,,25.0,90.0,50.0,78.0,75.0,0.69989,0.0,66.0,0.0,0.0,0.3171,자고 있어?,땀나?,사진 장면 확인 및 한국어 번역투·ASR 오역 교정,44.46,T3,화자·문맥·자연스러움 집중 검토,,80.12752391073327,59.44,P2,앞뒤 5블록·사진·오류 기억을 함께 검토
ABF-328,사진 대조 1차 교정본,45,"00:22:52,720 --> 00:22:56,180",3.46,너도 조금은 흥분한 거 아니야?,"잠깐, 잠깐만!",전혀 아니거든!,반응형,sub_0045_1372.7s.jpg,0.02,,,25.0,90.0,50.0,78.0,75.0,0.69933,0.0,66.0,0.0,0.0,0.3768,온천 아니야?,뭔가…,일본어 원문 + 타임스탬프 사진 + 장면 연속성,44.43,T3,화자·문맥·자연스러움 집중 검토,,80.02125398512221,59.38,P2,앞뒤 5블록·사진·오류 기억을 함께 검토
ABF-328,사진 대조 1차 교정본,290,"00:48:48,200 --> 00:48:49,080",0.88,핥아 줘.,뭐 하는 거야!,뭐?,반응형,sub_0290_2928.2s.jpg,0.0,,,25.0,90.0,50.0,78.0,79.0,0.69251,0.0,66.0,0.0,0.0,0.4579,빨리 핥아 봐.,빨리 핥아 줘.,화자 말투 자연화,44.39,T3,화자·문맥·자연스러움 집중 검토,,79.91498405951117,59.31,P2,앞뒤 5블록·사진·오류 기억을 함께 검토
ABF-328,사진 대조 1차 교정본,372,"00:58:12,090 --> 00:58:13,370",1.28,컵라면 하나 있지 않아?,그러게.,그럼 그거 먹자.,반응형,sub_0372_3492.1s.jpg,0.01,,,25.0,90.0,50.0,78.0,75.0,0.69583,0.0,66.0,0.0,0.0,0.2989,너무 졸리지 않아?,눈썹도 예쁘네. 너무 진하지도 않고.,손상된 일본어 ASR + 타임스탬프 사진 + 앞뒤 문맥 추론,44.29,T3,화자·문맥·자연스러움 집중 검토,,79.80871413390011,59.21,P2,앞뒤 5블록·사진·오류 기억을 함께 검토
ABF-328,사진 대조 1차 교정본,880,"02:15:03,320 --> 02:15:04,940",1.62,이제 더 이상 전화 안 오겠지.,괜찮아.,설마 또 오겠어?,반말형,sub_0880_8103.3s.jpg,0.02,,,25.0,90.0,50.0,78.0,75.0,0.69578,0.0,66.0,0.0,0.0,0.1973,이제 안 할게.,이제 안 애태울게.,,44.28,T3,화자·문맥·자연스러움 집중 검토,,79.70244420828905,59.16,P2,앞뒤 5블록·사진·오류 기억을 함께 검토
ABF-328,사진 대조 1차 교정본,320,"00:51:00,320 --> 00:51:01,420",1.1,엄청 찌릿찌릿 떨고 있었잖아.,안 느꼈거든!,"- 기분 좋았어?
- 응.",반응형,sub_0320_3060.3s.jpg,0.02,,,25.0,90.0,50.0,78.0,75.0,0.69521,0.0,66.0,0.0,0.0,0.3911,너도 느끼고 있었잖아.,너도 좋아했잖아.,,44.26,T3,화자·문맥·자연스러움 집중 검토,,79.596174282678,59.1,P2,앞뒤 5블록·사진·오류 기억을 함께 검토
ABF-328,사진 대조 1차 교정본,411,"00:59:55,600 --> 00:59:56,500",0.9,그거 엄청 중요하잖아.,그 그래프 들어간 자료.,맞아.,반응형,sub_0411_3595.6s.jpg,0.0,,,25.0,90.0,50.0,78.0,75.0,0.69494,0.0,66.0,0.0,0.0,0.2174,엄청 느끼고 있잖아.,엄청 좋아하잖아.,,44.25,T3,화자·문맥·자연스러움 집중 검토,,79.43676939426142,59.03,P2,앞뒤 5블록·사진·오류 기억을 함께 검토
ABF-328,사진 대조 1차 교정본,909,"02:23:22,850 --> 02:23:23,330",0.48,편하게 누워.,둘이 박자 잘 맞추면 돼.,"자, 입으로 해 줘.",중립·혼합형,sub_0909_8602.9s.jpg,0.05,,,25.0,90.0,50.0,78.0,75.0,0.66702,6.52,66.0,0.0,0.0,0.7043,누워.,물 나온다.,,44.25,T3,화자·문맥·자연스러움 집중 검토,,79.43676939426142,59.03,P2,앞뒤 5블록·사진·오류 기억을 함께 검토
ABF-328,사진 대조 1차 교정본,297,"00:49:20,430 --> 00:49:21,010",0.58,핥아 줘.,그래도…,으음.,반응형,sub_0297_2960.4s.jpg,0.03,,,25.0,90.0,50.0,78.0,79.0,0.68878,0.0,66.0,0.0,0.0,0.4579,빨리 핥아 봐.,빨리 핥아 줘.,화자 말투 자연화,44.23,T3,화자·문맥·자연스러움 집중 검토,,79.27736450584484,58.95,P2,앞뒤 5블록·사진·오류 기억을 함께 검토
ABF-328,사진 대조 1차 교정본,184,"00:34:26,410 --> 00:34:28,850",2.44,아까부터 대체 왜 자꾸 그런 걸 물어봐?,기분 좋아서?,기분 좋은 편이 좋잖아.,중립·혼합형,sub_0184_2066.4s.jpg,0.01,,,25.0,90.0,50.0,78.0,75.0,0.69405,0.0,66.0,0.0,0.0,0.2861,아까부터 물어봤잖아. 이렇게나 많이...,아까부터 물어봤잖아. 이렇게나 많이…,,44.21,T3,화자·문맥·자연스러움 집중 검토,,79.17109458023378,58.89,P2,앞뒤 5블록·사진·오류 기억을 함께 검토
ABF-328,사진 대조 1차 교정본,167,"00:32:10,230 --> 00:32:25,760",15.53,기분 좋기는 하네…,"봐, 엄청 떨고 있잖아.","그럼 됐잖아, 솔직해지지 그래.",반말형,sub_0167_1930.2s.jpg,0.03,,,25.0,90.0,50.0,78.0,75.0,0.69378,0.0,66.0,0.0,0.0,0.643,기분 좋기는 하네...,기분 좋기는 하네…,,44.2,T3,화자·문맥·자연스러움 집중 검토,,79.06482465462274,58.84,P2,앞뒤 5블록·사진·오류 기억을 함께 검토
ABF-328,사진 대조 1차 교정본,221,"00:39:06,250 --> 00:39:07,810",1.56,왜 너만 기분 좋은 건데?,나는 좋았어.,너는 어땠는데?,중립·혼합형,sub_0221_2346.2s.jpg,0.05,,,25.0,90.0,50.0,78.0,75.0,0.6936,0.0,66.0,0.0,0.0,0.254,기분 좋은 곳을 아네...,기분 좋은 곳을 아네…,,44.19,T3,화자·문맥·자연스러움 집중 검토,,78.95855472901168,58.79,P2,앞뒤 5블록·사진·오류 기억을 함께 검토
ABF-328,사진 대조 1차 교정본,341,"00:52:14,200 --> 00:52:14,660",0.46,젖꼭지 말이야.,꼭지?,핥아 달라는 거야?,반말형,sub_0341_3134.2s.jpg,0.0,,,25.0,90.0,50.0,78.0,79.0,0.68687,0.0,66.0,0.0,0.0,0.5296,유두 말이야.,젖꼭지 말이야.,,44.15,T3,화자·문맥·자연스러움 집중 검토,,78.7991498405951,58.7,P2,앞뒤 5블록·사진·오류 기억을 함께 검토
ABF-328,사진 대조 1차 교정본,682,"01:30:58,380 --> 01:31:00,700",2.32,글쎄… 조금 더 해 봐야 알 것 같아.,갈 수 있을 것 같아?,나만 기분 좋아지는 건 미안하잖아.,반말형,sub_0682_5458.4s.jpg,0.02,,,25.0,90.0,50.0,78.0,75.0,0.69258,0.0,66.0,0.0,0.0,0.5501,글쎄... 조금 더 해봐야 알 것 같아.,글쎄… 조금 더 해 봐야 알 것 같아.,,44.15,T3,화자·문맥·자연스러움 집중 검토,,78.7991498405951,58.7,P2,앞뒤 5블록·사진·오류 기억을 함께 검토
ABF-328,사진 대조 1차 교정본,388,"00:59:12,720 --> 00:59:14,940",2.22,그런데 스즈모리 너 요리도 해?,좀 뺏어 먹을 수도 있지.,뭐?,반말형,sub_0388_3552.7s.jpg,0.02,,,25.0,90.0,50.0,78.0,75.0,0.69207,0.0,66.0,0.0,0.0,0.2635,스즈모리...,스즈모리…,,44.13,T3,화자·문맥·자연스러움 집중 검토,,78.586609989373,58.6,P2,앞뒤 5블록·사진·오류 기억을 함께 검토
ABF-328,사진 대조 1차 교정본,517,"01:14:25,040 --> 01:14:26,740",1.7,내가 좋아하는 곳도 이제 알잖아.,말 좀 그만해.,시끄러워.,반응형,sub_0517_4465.0s.jpg,0.04,,,25.0,90.0,50.0,78.0,75.0,0.69213,0.0,66.0,0.0,0.0,0.3283,다리 좋아하는 남자.,다리 좋아하는 남자 많잖아.,일본어 원문 대조 + 자연스러운 한국어 대사 교정,44.13,T3,화자·문맥·자연스러움 집중 검토,,78.586609989373,58.6,P2,앞뒤 5블록·사진·오류 기억을 함께 검토
ABF-328,사진 대조 1차 교정본,714,"01:34:56,020 --> 01:34:56,520",0.5,갑자기 무슨 소리야?,완성 기념으로 영화라도 한 편 보자.,전에 추천해주고 싶은 영화가 있다고 했잖아.,반말형,sub_0714_5696.0s.jpg,0.02,,,25.0,90.0,50.0,78.0,75.0,0.63216,0.0,66.0,25.0,0.0,0.59,무슨 소리야? 진짜...,무슨 소리야? 진짜…,,44.11,T3,화자·문맥·자연스러움 집중 검토,borderline_cps,78.42720510095643,58.52,P2,앞뒤 5블록·사진·오류 기억을 함께 검토
ABF-328,사진 대조 1차 교정본,53,"00:23:34,880 --> 00:23:36,160",1.28,기분 좋지?,너도 기분 좋잖아…,좋지 않아…,반말형,sub_0053_1414.9s.jpg,0.02,,,25.0,90.0,50.0,78.0,75.0,0.51083,42.0,66.0,0.0,0.0,1.0,기분 좋지?,흥분되면 말해 봐.,화면 영문 자막 대조,44.08,T3,화자·문맥·자연스러움 집중 검토,,78.26780021253985,58.44,P2,앞뒤 5블록·사진·오류 기억을 함께 검토
ABF-328,사진 대조 1차 교정본,354,"00:54:27,810 --> 00:54:36,350",8.54,그쪽도 손으로 문질러줘.,점점 더 젖고 있잖아.,아래쪽도 전부 핥아 줘.,반응형,sub_0354_3267.8s.jpg,0.01,,,25.0,90.0,50.0,78.0,75.0,0.69089,0.0,66.0,0.0,0.0,0.2752,손으로 해줄까?,손으로 해 줄까?,,44.08,T3,화자·문맥·자연스러움 집중 검토,,78.26780021253985,58.44,P2,앞뒤 5블록·사진·오류 기억을 함께 검토
ABF-328,사진 대조 1차 교정본,507,"01:13:09,340 --> 01:13:10,180",0.84,여기도 해 줘.,이쪽도.,너도 기분 좋았잖아.,반말형,sub_0507_4389.3s.jpg,0.04,,,25.0,90.0,50.0,78.0,75.0,0.63814,12.11,66.0,0.0,0.0,0.7509,여기도 해줘.,여기도 해 줘.,,44.04,T3,화자·문맥·자연스러움 집중 검토,,78.10839532412326,58.35,P2,앞뒤 5블록·사진·오류 기억을 함께 검토
ABF-328,사진 대조 1차 교정본,104,"00:27:06,690 --> 00:27:07,570",0.88,잠깐 이쪽 좀 봐.,"아니거든, 안 떨거든!",뭔데?,반응형,sub_0104_1626.7s.jpg,0.01,,,25.0,90.0,50.0,78.0,75.0,0.68936,0.0,66.0,0.0,0.0,0.3884,"잠깐, 보여 줘 봐. 잠깐, 이쪽 봐봐. 부끄러워?",잠깐 보여 줘. 이쪽 봐봐. 부끄러워?,일본어 원문 대조 + 자연스러운 한국어 대사 교정,44.01,T3,화자·문맥·자연스러움 집중 검토,,77.9489904357067,58.26,P2,앞뒤 5블록·사진·오류 기억을 함께 검토
ABF-328,사진 대조 1차 교정본,645,"01:25:03,000 --> 01:25:04,880",1.88,"응, 넣을게.",잠깐만.,안쪽 깊숙이 세게 문지르는 거 좋아하지?,반응형,sub_0645_5103.0s.jpg,0.0,,,25.0,90.0,50.0,78.0,79.0,0.68369,0.0,66.0,0.0,0.0,0.2489,"응, 갈게...","응, 갈게…",,44.01,T3,화자·문맥·자연스러움 집중 검토,,77.9489904357067,58.26,P2,앞뒤 5블록·사진·오류 기억을 함께 검토
ABF-328,사진 대조 1차 교정본,166,"00:31:56,760 --> 00:31:59,300",2.54,"봐, 엄청 떨고 있잖아.","- 방금 말했지? 분명 들었어.
- 안 했다니까.",기분 좋기는 하네…,반응형,sub_0166_1916.8s.jpg,0.04,,,25.0,90.0,50.0,78.0,75.0,0.68887,0.0,66.0,0.0,0.0,0.5085,엄청 느끼고 있잖아.,엄청 좋아하잖아.,,43.99,T3,화자·문맥·자연스러움 집중 검토,,77.7364505844846,58.16,P2,앞뒤 5블록·사진·오류 기억을 함께 검토
ABF-328,사진 대조 1차 교정본,728,"01:36:04,360 --> 01:36:07,990",3.63,피곤했을 테니 어쩔 수 없나.,왜 거기서 자?,벌써 가려고?,반응형,sub_0728_5764.4s.jpg,0.04,,,25.0,90.0,50.0,78.0,75.0,0.68882,0.0,66.0,0.0,0.0,0.1278,내가 네 곁에 없었으면 어쩔 뻔했어.,응.,타임스탬프 사진으로 장면 불일치 확인 후 재복원,43.99,T3,화자·문맥·자연스러움 집중 검토,,77.7364505844846,58.16,P2,앞뒤 5블록·사진·오류 기억을 함께 검토
ABF-328,사진 대조 1차 교정본,847,"02:11:33,230 --> 02:11:33,990",0.76,후 내쉬면서 그대로 있어.,참는 게 있으면 말해.,천천히 숨 내쉬어봐.,반응형,sub_0847_7893.2s.jpg,0.03,,,25.0,90.0,50.0,78.0,75.0,0.68764,0.0,66.0,0.0,0.0,0.2487,그대로 엉덩이 찍게 해줘.,그대로 엉덩이 찍게 해 줘.,,43.94,T3,화자·문맥·자연스러움 집중 검토,,77.57704569606801,58.07,P2,앞뒤 5블록·사진·오류 기억을 함께 검토
ABF-328,사진 대조 1차 교정본,655,"01:27:11,200 --> 01:27:12,140",0.94,엉덩이 쪽?,반대쪽으로 바꿀까?,둘 다 좋지만.,중립·혼합형,sub_0655_5231.2s.jpg,0.0,,,25.0,90.0,50.0,78.0,79.0,0.68147,0.0,66.0,0.0,0.0,0.5832,엉덩이 좀 봐.,이 유카타 진짜 귀엽네.,일본어 원문 + 타임스탬프 사진 + 장면 연속성,43.92,T3,화자·문맥·자연스러움 집중 검토,,77.47077577045695,58.01,P2,앞뒤 5블록·사진·오류 기억을 함께 검토
ABF-328,사진 대조 1차 교정본,661,"01:27:41,740 --> 01:27:43,180",1.44,정말 짜증 나.,네가 원하는 대로 써도 되니까.,후후후.,중립·혼합형,sub_0661_5261.7s.jpg,0.04,,,25.0,90.0,50.0,78.0,75.0,0.68615,0.0,66.0,0.0,0.0,0.2964,정말 좋아.,거기 좋아.,타임스탬프 사진과 장면 흐름으로 명백한 오인식 교정,43.88,T3,화자·문맥·자연스러움 집중 검토,,77.36450584484591,57.94,P3,말투·질문응답·가독성 위주 검토
ABF-328,사진 대조 1차 교정본,413,"00:59:57,700 --> 00:59:59,500",1.8,그게 없으면 진짜 큰일인데.,맞아.,진짜 그렇다니까.,반응형,sub_0413_3597.7s.jpg,0.0,,,25.0,90.0,50.0,78.0,75.0,0.68445,0.0,66.0,0.0,0.0,0.2891,- 큰일 났다... - 뭐가 큰일인데?,- 큰일 났다… - 뭐가 큰일인데?,,43.81,T3,화자·문맥·자연스러움 집중 검토,,77.25823591923485,57.86,P3,말투·질문응답·가독성 위주 검토
ABF-328,사진 대조 1차 교정본,136,"00:29:46,320 --> 00:29:48,820",2.5,멋대로 넣어놓고는.,뭐라고?,방금은 네가 직접 넣었잖아.,반응형,sub_0136_1786.3s.jpg,0.02,,,25.0,90.0,50.0,78.0,79.0,0.67868,0.0,66.0,0.0,0.0,0.2028,너도 네 멋대로 했으니까 나도 기분 좋게 해줘.,너도 네 멋대로 했으니까 나도 기분 좋게 해 줘.,,43.8,T3,화자·문맥·자연스러움 집중 검토,,77.1519659936238,57.81,P3,말투·질문응답·가독성 위주 검토
ABF-328,사진 대조 1차 교정본,339,"00:52:06,120 --> 00:52:06,980",0.86,젖꼭지도 좋아?,진짜 장난 아니다.,꼭지?,반응형,sub_0339_3126.1s.jpg,0.02,,,25.0,90.0,50.0,78.0,79.0,0.67642,0.0,66.0,0.0,0.0,0.308,유두도 좋아?,젖꼭지도 좋아?,,43.71,T3,화자·문맥·자연스러움 집중 검토,,77.04569606801275,57.71,P3,말투·질문응답·가독성 위주 검토
ABF-328,사진 대조 1차 교정본,61,"00:24:01,400 --> 00:24:02,620",1.22,잠깐만…,나도 애인 없으니 괜찮잖아.,벌써 깊이 들어갔어.,반응형,sub_0061_1441.4s.jpg,0.0,,,25.0,90.0,50.0,78.0,75.0,0.50137,42.0,66.0,0.0,0.0,1.0,잠깐만…,나만 벗는 거야?,일본어 원문 + 타임스탬프 사진 + 장면 연속성,43.68,T3,화자·문맥·자연스러움 집중 검토,,76.9394261424017,57.65,P3,말투·질문응답·가독성 위주 검토
ABF-328,사진 대조 1차 교정본,66,"00:24:35,780 --> 00:24:37,200",1.42,자세 좀 바꿔볼까?,됐다니까.,있잖아…,중립·혼합형,sub_0066_1475.8s.jpg,0.02,,,25.0,90.0,50.0,78.0,75.0,0.68062,0.0,66.0,0.0,0.0,0.1506,거기에 그대로 자세 유지해줘.,거기에 그대로 자세 유지해 줘.,,43.65,T3,화자·문맥·자연스러움 집중 검토,,76.83315621679064,57.59,P3,말투·질문응답·가독성 위주 검토
ABF-328,사진 대조 1차 교정본,179,"00:34:13,410 --> 00:34:16,970",3.56,졸리면 그냥 누워 있어.,"- 이제 무리야…
- 무리 아니야. 조금만 더.",이제 못 자잖아…,반응형,sub_0179_2053.4s.jpg,0.01,,,25.0,90.0,50.0,78.0,75.0,0.68029,0.0,66.0,0.0,0.0,0.3228,누워 있었어.,더 뿜어봐.,,43.63,T3,화자·문맥·자연스러움 집중 검토,,76.7268862911796,57.53,P3,말투·질문응답·가독성 위주 검토
ABF-328,사진 대조 1차 교정본,601,"01:22:03,900 --> 01:22:04,840",0.94,대체 어느 쪽인데?,어느 쪽이야?,둘 다 엄청 좋아해.,반응형,sub_0601_4923.9s.jpg,0.0,,,25.0,90.0,50.0,78.0,75.0,0.67951,0.0,66.0,0.0,0.0,0.2638,어느 쪽이야?,어디가 좋아?,손상된 일본어 ASR + 타임스탬프 사진 + 앞뒤 문맥 추론,43.6,T3,화자·문맥·자연스러움 집중 검토,,76.62061636556854,57.47,P3,말투·질문응답·가독성 위주 검토
ABF-328,사진 대조 1차 교정본,31,"00:20:46,940 --> 00:20:47,800",0.86,"뭐, 상관없나.",얘도 나도 애인이 없고…,"잠깐, 하시모토? 뭐 하는 거야?",중립·혼합형,sub_0031_1246.9s.jpg,0.04,,,25.0,90.0,50.0,78.0,75.0,0.67807,0.0,66.0,0.0,0.0,0.2122,"뭐, 먹으러.",벌써부터 그러지 마.,손상된 일본어 ASR + 타임스탬프 사진 + 앞뒤 문맥 추론,43.54,T3,화자·문맥·자연스러움 집중 검토,,76.51434643995749,57.39,P3,말투·질문응답·가독성 위주 검토
ABF-328,사진 대조 1차 교정본,730,"01:36:51,070 --> 01:36:53,150",2.08,어라? 너 자고 있었잖아.,벌써 가려고?,이렇게 귀여운 여자를 혼자 두고 가 버리려고?,반응형,sub_0730_5811.1s.jpg,0.03,,,25.0,90.0,50.0,78.0,75.0,0.67629,0.0,66.0,0.0,0.0,0.4906,너도 느끼고 있었잖아.,너도 좋아했잖아.,,43.46,T3,화자·문맥·자연스러움 집중 검토,,76.40807651434643,57.3,P3,말투·질문응답·가독성 위주 검토
ABF-328,사진 대조 1차 교정본,158,"00:30:59,720 --> 00:31:01,040",1.32,움직이니까 덥잖아.,왜 그래?,손 줘봐.,반응형,sub_0158_1859.7s.jpg,0.02,,,25.0,90.0,50.0,78.0,79.0,0.66975,0.0,66.0,0.0,0.0,0.1488,하지만 내가 사랑하는 건 너뿐이니까 괜찮잖아.,너만 사랑한다니까.,,43.43,T3,화자·문맥·자연스러움 집중 검토,,76.30180658873539,57.24,P3,말투·질문응답·가독성 위주 검토
ABF-328,사진 대조 1차 교정본,325,"00:51:15,600 --> 00:51:16,660",1.06,난 엄청 기분 좋은데.,뭐가?,야해라.,중립·혼합형,sub_0325_3075.6s.jpg,0.0,,,25.0,90.0,50.0,78.0,75.0,0.67509,0.0,66.0,0.0,0.0,0.2268,기분 좋아.,"아, 좋아.",화면 영문 자막 대조,43.41,T3,화자·문맥·자연스러움 집중 검토,,76.19553666312433,57.18,P3,말투·질문응답·가독성 위주 검토
ABF-328,사진 대조 1차 교정본,51,"00:23:25,520 --> 00:23:27,300",1.78,무슨 소리야? 진짜…,너도 딱 붙어 있잖아…,너도 기분 좋잖아…,반말형,sub_0051_1405.5s.jpg,0.02,,,25.0,90.0,50.0,78.0,75.0,0.66352,2.48,66.0,0.0,0.0,0.6707,무슨 소리야? 진짜...,무슨 소리야? 진짜…,,43.37,T3,화자·문맥·자연스러움 집중 검토,,76.08926673751328,57.11,P3,말투·질문응답·가독성 위주 검토
ABF-328,사진 대조 1차 교정본,694,"01:33:28,460 --> 01:33:38,600",10.14,"안 돼, 전부 묻어 버렸잖아!",기다려!,"잠깐만, 너무 많이 흘러.",반응형,sub_0694_5608.5s.jpg,0.04,,,25.0,90.0,50.0,78.0,75.0,0.67388,0.0,66.0,0.0,0.0,0.2353,"안 돼, 그만해.","배 아파, 그만해.",,43.36,T3,화자·문맥·자연스러움 집중 검토,,75.98299681190224,57.06,P3,말투·질문응답·가독성 위주 검토
ABF-328,사진 대조 1차 교정본,98,"00:26:16,010 --> 00:26:17,510",1.5,그럼 많이 하자.,응…,오늘 왜 이러는지 나도 모르겠어…,중립·혼합형,sub_0098_1576.0s.jpg,0.01,,,25.0,90.0,50.0,78.0,75.0,0.67324,0.0,66.0,0.0,0.0,0.3783,한 번에 하자. 뭔가…,이제 자자. 불도 조금 어둡게 해 줘.,사진 장면 확인 및 한국어 번역투·ASR 오역 교정,43.34,T3,화자·문맥·자연스러움 집중 검토,,75.82359192348565,56.98,P3,말투·질문응답·가독성 위주 검토
ABF-328,사진 대조 1차 교정본,433,"01:02:28,000 --> 01:02:34,940",6.94,"대체 뭐야, 진짜…",잠깐만…,너 느껴서 반응하고 있잖아?,반말형,sub_0433_3748.0s.jpg,0.0,,,25.0,90.0,50.0,78.0,75.0,0.67326,0.0,66.0,0.0,0.0,0.5875,"대체 뭐야, 진짜...","대체 뭐야, 진짜…",,43.34,T3,화자·문맥·자연스러움 집중 검토,,75.82359192348565,56.98,P3,말투·질문응답·가독성 위주 검토
ABF-328,사진 대조 1차 교정본,313,"00:50:33,880 --> 00:50:35,460",1.58,왜 통화 중에 그런 짓을 한 거야?,괜찮아?,괜찮잖아.,반말형,sub_0313_3033.9s.jpg,0.02,,,25.0,90.0,50.0,78.0,75.0,0.67315,0.0,66.0,0.0,0.0,0.2797,뭘 찍게 한 거야?,뭘 찍은 거야?,손상된 일본어 ASR + 타임스탬프 사진 + 앞뒤 문맥 추론,43.33,T3,화자·문맥·자연스러움 집중 검토,,75.66418703506908,56.91,P3,말투·질문응답·가독성 위주 검토
ABF-328,사진 대조 1차 교정본,820,"02:03:59,740 --> 02:04:30,660",30.92,아아아아…,"아, 싸 버린다!",…,반응형,sub_0820_7439.7s.jpg,0.04,,,25.0,90.0,50.0,78.0,75.0,0.56851,24.0,66.0,0.0,0.0,0.85,아아아아아아아아…,아아아…,일본어 원문 대조 + 자연스러운 한국어 대사 교정,43.26,T3,화자·문맥·자연스러움 집중 검토,,75.55791710945803,56.83,P3,말투·질문응답·가독성 위주 검토
ABF-328,사진 대조 1차 교정본,327,"00:51:24,680 --> 00:51:25,800",1.12,게다가 너 진짜 잘하네.,야해라.,이제 그만 말해.,반말형,sub_0327_3084.7s.jpg,0.02,,,25.0,90.0,50.0,78.0,75.0,0.66806,0.0,66.0,0.0,0.0,0.4204,잘하네...,잘하네…,,43.12,T3,화자·문맥·자연스러움 집중 검토,,75.45164718384697,56.7,P3,말투·질문응답·가독성 위주 검토
ABF-328,사진 대조 1차 교정본,199,"00:36:28,340 --> 00:36:31,240",2.9,"어 조금, 건조한가 봐.",왜 목소리가 그래? 아침이라 목이 잠겼어?,"- 큰일 났다…
- 뭐가 큰일인데?",반응형,sub_0199_2188.3s.jpg,0.04,,,25.0,90.0,50.0,78.0,75.0,0.66668,0.0,66.0,0.0,0.0,0.1479,가 봐. 아직 조금 남았지?,움직여 봐. 아직 할 수 있지?,타임스탬프 사진과 장면 흐름으로 명백한 오인식 교정,43.06,T3,화자·문맥·자연스러움 집중 검토,,75.34537725823593,56.62,P3,말투·질문응답·가독성 위주 검토
ABF-328,사진 대조 1차 교정본,778,"01:47:53,710 --> 01:47:56,350",2.64,그리고 입 벌려 봐.,부끄러워…,알겠어.,중립·혼합형,sub_0778_6473.7s.jpg,0.01,,,25.0,90.0,50.0,78.0,75.0,0.66494,0.0,66.0,0.0,0.0,0.3874,그리고 유두.,그리고 젖꼭지도.,,42.99,T3,화자·문맥·자연스러움 집중 검토,,75.23910733262487,56.53,P3,말투·질문응답·가독성 위주 검토
ABF-328,사진 대조 1차 교정본,213,"00:38:26,800 --> 00:38:27,700",0.9,솔직하게 말해 봐.,사실은 기분 좋았으면서.,"끈질기게 진짜! 기분 좋았어, 됐어?!",반말형,sub_0213_2306.8s.jpg,0.0,,,25.0,90.0,50.0,78.0,75.0,0.63026,8.03,66.0,0.0,0.0,0.7169,솔직하게 말해봐.,솔직하게 말해 봐.,,42.98,T3,화자·문맥·자연스러움 집중 검토,,75.13283740701382,56.48,P3,말투·질문응답·가독성 위주 검토
ABF-328,사진 대조 1차 교정본,192,"00:34:59,810 --> 00:35:01,110",1.3,정신이 완전 또렷해졌잖아.,못 자겠어.,이제 도저히 못 자.,반응형,sub_0192_2099.8s.jpg,0.01,,,25.0,90.0,50.0,78.0,75.0,0.66435,0.0,66.0,0.0,0.0,0.2716,하아… 이제 좀 정신이 드네.,하아… 이제 좀 정신이 들어.,일본어 원문 대조 + 자연스러운 한국어 대사 교정,42.96,T3,화자·문맥·자연스러움 집중 검토,,75.02656748140276,56.43,P3,말투·질문응답·가독성 위주 검토
ABF-328,사진 대조 1차 교정본,470,"01:09:21,880 --> 01:09:22,960",1.08,그런데 정말 좋아졌어.,아무것도 아니야.,네가 자꾸 핥아대니까 그렇지. 잠깐만!,반응형,sub_0470_4161.9s.jpg,0.02,,,25.0,90.0,50.0,78.0,75.0,0.66404,0.0,66.0,0.0,0.0,0.2957,피부가 밝아졌어.,피부가 더 밝아졌어.,손상된 일본어 ASR + 타임스탬프 사진 + 앞뒤 문맥 추론,42.95,T3,화자·문맥·자연스러움 집중 검토,,74.92029755579172,56.38,P3,말투·질문응답·가독성 위주 검토
ABF-328,사진 대조 1차 교정본,718,"01:35:04,960 --> 01:35:07,440",2.48,일도 다 끝났는데 이제 집에 가야지.,"그래, 그거 보자.",하지만 심심하잖아.,반말형,sub_0718_5705.0s.jpg,0.04,,,25.0,90.0,50.0,78.0,75.0,0.66215,0.0,66.0,0.0,0.0,0.1437,나는 집에 가려고 했는데...,나는 집에 가려고 했는데…,,42.87,T3,화자·문맥·자연스러움 집중 검토,,74.81402763018066,56.29,P3,말투·질문응답·가독성 위주 검토
ABF-328,사진 대조 1차 교정본,671,"01:29:38,960 --> 01:29:40,040",1.08,"대체 뭐야, 정말.",내가 이렇게나 기분 좋게 해주고 있는데.,"무슨 소리야, 섹스 중에?",반말형,sub_0671_5379.0s.jpg,0.04,,,25.0,90.0,50.0,78.0,75.0,0.61114,11.83,66.0,0.0,0.0,0.7486,"대체 뭐야, 정말...","대체 뭐야, 정말…",,42.86,T3,화자·문맥·자연스러움 집중 검토,,74.70775770456962,56.24,P3,말투·질문응답·가독성 위주 검토
ABF-328,사진 대조 1차 교정본,592,"01:21:38,370 --> 01:21:40,850",2.48,그런가? 안 더러웠던 것 같은데.,응.,뭐 하는 거야?,중립·혼합형,sub_0592_4898.4s.jpg,0.03,,,25.0,90.0,50.0,78.0,75.0,0.66101,0.0,66.0,0.0,0.0,0.1386,끼우고 싶은데.,끼고 싶은데.,일본어 원문 대조 + 자연스러운 한국어 대사 교정,42.82,T3,화자·문맥·자연스러움 집중 검토,,74.60148777895856,56.17,P3,말투·질문응답·가독성 위주 검토
ABF-328,사진 대조 1차 교정본,614,"01:22:24,760 --> 01:22:26,220",1.46,전혀 어쩔 수 없는 일 아니거든!,"이미 이렇게 서 버렸는데
어떡하라고.",으음.,중립·혼합형,sub_0614_4944.8s.jpg,0.04,,,25.0,90.0,50.0,78.0,79.0,0.65505,0.0,66.0,0.0,0.0,0.1835,숨은 전혀 안 차네.,아직 전혀 안 취했네.,사진 장면 확인 및 한국어 번역투·ASR 오역 교정,42.81,T3,화자·문맥·자연스러움 집중 검토,,74.49521785334751,56.12,P3,말투·질문응답·가독성 위주 검토
ABF-328,사진 대조 1차 교정본,140,"00:29:56,480 --> 00:29:57,800",1.32,"아, 거기 위험해.","대체 뭐야, 정말.",이거 좋아?,반응형,sub_0140_1796.5s.jpg,0.02,,,25.0,90.0,50.0,78.0,75.0,0.54678,26.4,66.0,0.0,0.0,0.87,"아, 위험해.","아, 큰일 나.",,42.78,T3,화자·문맥·자연스러움 집중 검토,,74.38894792773645,56.06,P3,말투·질문응답·가독성 위주 검토
ABF-328,사진 대조 1차 교정본,49,"00:23:05,520 --> 00:23:09,880",4.36,"좋아, 조금만 더…",겁먹지 마.,너도 딱 붙어 있잖아…,반응형,sub_0049_1385.5s.jpg,0.02,,,25.0,90.0,50.0,78.0,75.0,0.6437,3.68,66.0,0.0,0.0,0.6807,"좋아, 조금만 더...","좋아, 조금만 더…",,42.76,T3,화자·문맥·자연스러움 집중 검토,,74.28267800212541,56.0,P3,말투·질문응답·가독성 위주 검토
ABF-328,사진 대조 1차 교정본,359,"00:55:27,960 --> 00:55:29,180",1.22,기분 좋아.,그거 최고야…,아래쪽 한 번 더.,반응형,sub_0359_3328.0s.jpg,0.04,,,25.0,90.0,50.0,78.0,75.0,0.47823,42.0,66.0,0.0,0.0,1.0,기분 좋아.,"아, 좋아.",화면 영문 자막 대조,42.71,T3,화자·문맥·자연스러움 집중 검토,,74.17640807651435,55.93,P3,말투·질문응답·가독성 위주 검토
ABF-328,사진 대조 1차 교정본,450,"01:05:30,690 --> 01:05:32,790",2.1,아까부터 말하고 있잖아.,있잖아.,잠깐.,반응형,sub_0450_3930.7s.jpg,0.01,,,25.0,90.0,50.0,78.0,75.0,0.6573,0.0,66.0,0.0,0.0,0.415,서 있잖아.,완전히 서 있잖아.,일본어 원문 대조 + 자연스러운 한국어 대사 교정,42.67,T3,화자·문맥·자연스러움 집중 검토,,74.0701381509033,55.86,P3,말투·질문응답·가독성 위주 검토
ABF-328,사진 대조 1차 교정본,635,"01:24:21,340 --> 01:24:22,520",1.18,"뭐냐니, 서서 뒤치기하는 거지.","대체 뭐야, 정말!",이제 그만…,반말형,sub_0635_5061.3s.jpg,0.04,,,25.0,90.0,50.0,78.0,75.0,0.65655,0.0,66.0,0.0,0.0,0.355,잘 거지.,갈 수 있어.,사진 장면 확인 및 한국어 번역투·ASR 오역 교정,42.64,T3,화자·문맥·자연스러움 집중 검토,,73.96386822529225,55.8,P3,말투·질문응답·가독성 위주 검토
ABF-328,사진 대조 1차 교정본,763,"01:45:13,950 --> 01:45:21,820",7.87,그런 소리 하지 마…,"추워, 추워.",기분 좋아.,반말형,sub_0763_6313.9s.jpg,0.05,,,25.0,90.0,50.0,78.0,75.0,0.65534,0.0,66.0,0.0,0.0,0.6042,그런 소리 하지 마...,그런 소리 하지 마…,,42.58,T3,화자·문맥·자연스러움 집중 검토,,73.8575982996812,55.72,P3,말투·질문응답·가독성 위주 검토
ABF-328,사진 대조 1차 교정본,602,"01:22:05,660 --> 01:22:06,860",1.2,둘 다 엄청 좋아해.,대체 어느 쪽인데?,후후후.,반응형,sub_0602_4925.7s.jpg,0.04,,,25.0,90.0,50.0,78.0,75.0,0.6547,0.0,66.0,0.0,0.0,0.5955,고환 좋아해.,불알 좋아해.,,42.56,T3,화자·문맥·자연스러움 집중 검토,,73.75132837407014,55.66,P3,말투·질문응답·가독성 위주 검토
ABF-328,사진 대조 1차 교정본,846,"02:11:32,030 --> 02:11:32,550",0.52,참는 게 있으면 말해.,숨 내쉬면서 힘 빼봐.,후 내쉬면서 그대로 있어.,반응형,sub_0846_7892.0s.jpg,0.03,,,25.0,90.0,50.0,78.0,75.0,0.595,0.0,66.0,25.0,0.0,0.2375,바이브레이터도 있으면 좋지 않아?,바이브레이터도 같이 쓰면 좋겠지?,일본어 원문 대조 + 자연스러운 한국어 대사 교정,42.55,T3,화자·문맥·자연스러움 집중 검토,borderline_cps,73.64505844845908,55.61,P3,말투·질문응답·가독성 위주 검토
ABF-328,사진 대조 1차 교정본,874,"02:14:48,920 --> 02:14:51,080",2.16,이 벨 소리 어떻게 끄지?,대체 진짜…,끈질기게 자꾸 울리네.,반응형,sub_0874_8088.9s.jpg,0.02,,,25.0,90.0,50.0,78.0,75.0,0.65366,0.0,66.0,0.0,0.0,0.3206,어떻게 먹는 게 좋아?,어떻게 해 주는 게 좋아?,일본어 원문 대조 + 자연스러운 한국어 대사 교정,42.51,T3,화자·문맥·자연스러움 집중 검토,,73.53878852284804,55.54,P3,말투·질문응답·가독성 위주 검토
ABF-328,사진 대조 1차 교정본,431,"01:01:39,440 --> 01:01:43,240",3.8,이제 그만해…,"잠깐, 너 진짜 뭐 하는 짓이야?",잠깐만…,반말형,sub_0431_3699.4s.jpg,0.04,,,25.0,90.0,50.0,78.0,75.0,0.65235,0.0,66.0,0.0,0.0,0.4041,이제 그만해...,이제 그만해…,,42.46,T3,화자·문맥·자연스러움 집중 검토,,73.43251859723698,55.47,P3,말투·질문응답·가독성 위주 검토
ABF-328,사진 대조 1차 교정본,464,"01:07:20,620 --> 01:07:22,480",1.86,"대체 뭐야, 정말.","- 라면보다 이쪽이 더 맛있어.
- 무슨 소리야.",완전히 엉망진창이 됐네.,반말형,sub_0464_4040.6s.jpg,0.02,,,25.0,90.0,50.0,78.0,75.0,0.60033,11.83,66.0,0.0,0.0,0.7486,"대체 뭐야, 정말...","대체 뭐야, 정말…",,42.4,T3,화자·문맥·자연스러움 집중 검토,,73.2731137088204,55.37,P3,말투·질문응답·가독성 위주 검토
ABF-328,사진 대조 1차 교정본,748,"01:38:49,330 --> 01:38:50,690",1.36,싫은 건 아니지만…,안 돼?,잠깐만…,반응형,sub_0748_5929.3s.jpg,0.03,,,25.0,90.0,50.0,78.0,75.0,0.65084,0.0,66.0,0.0,0.0,0.6369,싫은 건 아니지만...,싫은 건 아니지만…,,42.4,T3,화자·문맥·자연스러움 집중 검토,,73.2731137088204,55.37,P3,말투·질문응답·가독성 위주 검토
ABF-328,사진 대조 1차 교정본,940,"02:44:02,870 --> 02:44:06,520",3.65,그리고 이제…,알겠어.,봐 주셔서 감사합니다.,중립·혼합형,sub_0940_9842.9s.jpg,0.03,,,25.0,90.0,50.0,78.0,75.0,0.65054,0.0,66.0,0.0,0.0,0.4157,그리고 유두.,그리고 젖꼭지도.,,42.38,T3,화자·문맥·자연스러움 집중 검토,,73.11370882040382,55.29,P3,말투·질문응답·가독성 위주 검토
ABF-328,사진 대조 1차 교정본,102,"00:26:57,990 --> 00:26:59,590",1.6,엄청 떨고 있네.,그래도 이렇게 하니까 더 기분 좋잖아.,"아니거든, 안 떨거든!",반말형,sub_0102_1618.0s.jpg,0.01,,,25.0,90.0,50.0,78.0,75.0,0.64924,0.0,66.0,0.0,0.0,0.3925,제대로 돼 있네.,제대로 가려지네.,일본어 원문 대조 + 자연스러운 한국어 대사 교정,42.33,T3,화자·문맥·자연스러움 집중 검토,,72.95430393198725,55.19,P3,말투·질문응답·가독성 위주 검토
ABF-328,사진 대조 1차 교정본,833,"02:10:02,220 --> 02:10:04,180",1.96,앞이 잘 안 보여…,어두워…,조금 비켜봐…,중립·혼합형,sub_0833_7802.2s.jpg,0.02,,,25.0,90.0,50.0,78.0,75.0,0.64917,0.0,66.0,0.0,0.0,0.4982,앞이 잘 안 보여...,앞이 잘 안 보여…,,42.33,T3,화자·문맥·자연스러움 집중 검토,,72.95430393198725,55.19,P3,말투·질문응답·가독성 위주 검토
ABF-328,사진 대조 1차 교정본,508,"01:13:11,420 --> 01:13:12,720",1.3,너도 기분 좋았잖아.,여기도 해 줘.,너도 네 멋대로 했으니까 나도 기분 좋게 해 줘.,반응형,sub_0508_4391.4s.jpg,0.02,,,25.0,90.0,50.0,78.0,75.0,0.64749,0.0,66.0,0.0,0.0,0.3696,너도 기분 좋잖아...,너도 기분 좋잖아…,,42.25,T3,화자·문맥·자연스러움 집중 검토,,72.74176408076515,55.06,P3,말투·질문응답·가독성 위주 검토
ABF-328,사진 대조 1차 교정본,531,"01:15:37,040 --> 01:15:38,020",0.98,계속 팽팽하게 서 있잖아.,이미 이렇게 됐는데 어떡해.,"- 아, 기분 좋아.
- 다 좋아?",반응형,sub_0531_4537.0s.jpg,0.04,,,25.0,90.0,50.0,78.0,75.0,0.64731,0.0,66.0,0.0,0.0,0.544,서 있잖아.,완전히 서 있잖아.,일본어 원문 대조 + 자연스러운 한국어 대사 교정,42.25,T3,화자·문맥·자연스러움 집중 검토,,72.74176408076515,55.06,P3,말투·질문응답·가독성 위주 검토
ABF-328,사진 대조 1차 교정본,345,"00:52:22,280 --> 00:52:23,240",0.96,젖꼭지를 좋아하니까.,정말 제멋대로라니까.,아…,반응형,sub_0345_3142.3s.jpg,0.02,,,25.0,90.0,50.0,78.0,79.0,0.64037,0.0,66.0,0.0,0.0,0.6061,유두를 좋아하니까.,젖꼭지를 좋아하니까.,,42.2,T3,화자·문맥·자연스러움 집중 검토,,72.58235919234856,54.96,P3,말투·질문응답·가독성 위주 검토
ABF-328,사진 대조 1차 교정본,227,"00:39:18,470 --> 00:39:19,650",1.18,기분 좋았으면 된 거지 뭐.,끈질기게 물으니까 말한 것뿐이야.,됐거든? 이제 그만해.,반응형,sub_0227_2358.5s.jpg,0.03,,,25.0,90.0,50.0,78.0,75.0,0.64367,0.0,66.0,0.0,0.0,0.2002,기분 좋아.,"아, 좋아.",화면 영문 자막 대조,42.09,T3,화자·문맥·자연스러움 집중 검토,,72.36981934112646,54.81,P3,말투·질문응답·가독성 위주 검토
ABF-328,사진 대조 1차 교정본,370,"00:58:03,920 --> 00:58:05,280",1.36,그런데 배고프지 않아?,"대체 뭐야, 정말…",그러게.,반응형,sub_0370_3483.9s.jpg,0.02,,,25.0,90.0,50.0,78.0,75.0,0.6435,0.0,66.0,0.0,0.0,0.2787,너무 졸리지 않아?,눈썹도 예쁘네. 너무 진하지도 않고.,손상된 일본어 ASR + 타임스탬프 사진 + 앞뒤 문맥 추론,42.09,T3,화자·문맥·자연스러움 집중 검토,,72.36981934112646,54.81,P3,말투·질문응답·가독성 위주 검토
ABF-328,사진 대조 1차 교정본,611,"01:22:20,320 --> 01:22:21,800",1.48,왜 멋대로 집어넣어?,"기다려, 이제 그만해!",정말…,반응형,sub_0611_4940.3s.jpg,0.02,,,25.0,90.0,50.0,78.0,79.0,0.63784,0.0,66.0,0.0,0.0,0.218,너도 네 멋대로 했으니까 나도 기분 좋게 해줘.,너도 네 멋대로 했으니까 나도 기분 좋게 해 줘.,,42.09,T3,화자·문맥·자연스러움 집중 검토,,72.36981934112646,54.81,P3,말투·질문응답·가독성 위주 검토
ABF-328,사진 대조 1차 교정본,368,"00:57:36,540 --> 00:57:37,900",1.36,"아, 진짜 기분 좋았어.",아까보다 더 흠뻑 젖었잖아.,"대체 뭐야, 정말…",반응형,sub_0368_3456.5s.jpg,0.04,,,25.0,90.0,50.0,78.0,75.0,0.64324,0.0,66.0,0.0,0.0,0.3305,대박이다. 장난 아니었어. 엄청나게 좋았어.,대박이었어. 진짜 너무 좋았어.,일본어 원문 대조 + 자연스러운 한국어 대사 교정,42.08,T3,화자·문맥·자연스러움 집중 검토,,72.15727948990435,54.71,P3,말투·질문응답·가독성 위주 검토
ABF-328,사진 대조 1차 교정본,788,"01:51:35,360 --> 01:51:36,620",1.26,"기다려, 기다려봐.","- 왜? 처음이라서 그래? 거짓말.
- 나도 기분 좋게 해 줘.",응?,중립·혼합형,sub_0788_6695.4s.jpg,0.04,,,25.0,90.0,50.0,78.0,75.0,0.643,0.0,66.0,0.0,0.0,0.5445,잠깐 기다려봐...,잠깐 기다려봐…,,42.07,T3,화자·문맥·자연스러움 집중 검토,,72.0510095642933,54.66,P3,말투·질문응답·가독성 위주 검토
ABF-328,사진 대조 1차 교정본,188,"00:34:48,570 --> 00:34:50,110",1.54,잠이 깨버렸어.,못 자겠어.,못 자겠다고.,반응형,sub_0188_2088.6s.jpg,0.03,,,25.0,90.0,50.0,78.0,75.0,0.64253,0.0,66.0,0.0,0.0,0.3742,"아, 가 버렸어.",끈이 아직 남아 있어요.,일본어 원문 + 타임스탬프 사진 + 장면 연속성,42.05,T3,화자·문맥·자연스러움 집중 검토,,71.89160467587674,54.58,P3,말투·질문응답·가독성 위주 검토
ABF-328,사진 대조 1차 교정본,823,"02:06:25,980 --> 02:06:28,040",2.06,멈춰봐…,잘하네…,누워서 조금 쉬어.,중립·혼합형,sub_0823_7586.0s.jpg,0.02,,,25.0,90.0,50.0,78.0,75.0,0.64273,0.0,66.0,0.0,0.0,0.3808,멈춰봐...,멈춰봐…,,42.05,T3,화자·문맥·자연스러움 집중 검토,,71.89160467587674,54.58,P3,말투·질문응답·가독성 위주 검토
ABF-328,사진 대조 1차 교정본,465,"01:07:39,250 --> 01:07:40,370",1.12,완전히 엉망진창이 됐네.,"대체 뭐야, 정말.",아까부터 내 말 듣고는 있는 거야?,반말형,sub_0465_4059.2s.jpg,0.05,,,25.0,90.0,50.0,78.0,75.0,0.64046,0.0,66.0,0.0,0.0,0.3592,좀 쉬게 됐네.,이제 좀 쉬자.,,41.96,T3,화자·문맥·자연스러움 집중 검토,,71.73219978746015,54.46,P3,말투·질문응답·가독성 위주 검토
ABF-328,사진 대조 1차 교정본,519,"01:14:45,230 --> 01:14:47,230",2.0,정말 시끄럽네.,시끄러워.,그만해…,반말형,sub_0519_4485.2s.jpg,0.03,,,25.0,90.0,50.0,78.0,75.0,0.6403,0.0,66.0,0.0,0.0,0.2618,정말 좋아.,거기 좋아.,타임스탬프 사진과 장면 흐름으로 명백한 오인식 교정,41.95,T3,화자·문맥·자연스러움 집중 검토,,71.51965993623804,54.37,P3,말투·질문응답·가독성 위주 검토
ABF-328,사진 대조 1차 교정본,703,"01:34:12,990 --> 01:34:14,650",1.66,USB에 저장해 둔 거 있잖아.,제대로 치워 둬야지.,"그런데 이거, 아까 찾던 자료 아니야?",반말형,sub_0703_5653.0s.jpg,0.01,,,25.0,90.0,50.0,78.0,75.0,0.64023,0.0,66.0,0.0,0.0,0.3305,서 있잖아.,완전히 서 있잖아.,일본어 원문 대조 + 자연스러운 한국어 대사 교정,41.95,T3,화자·문맥·자연스러움 집중 검토,,71.51965993623804,54.37,P3,말투·질문응답·가독성 위주 검토
ABF-328,사진 대조 1차 교정본,755,"01:41:29,860 --> 01:41:32,040",2.18,진짜 체력이 좋네.,기분 좋아?,기분 좋아…,반말형,sub_0755_6089.9s.jpg,0.04,,,25.0,90.0,50.0,78.0,75.0,0.64013,0.0,66.0,0.0,0.0,0.5398,좋네.,좋아.,일본어 원문 대조 + 자연스러운 한국어 대사 교정,41.95,T3,화자·문맥·자연스러움 집중 검토,,71.51965993623804,54.37,P3,말투·질문응답·가독성 위주 검토
ABF-328,사진 대조 1차 교정본,764,"01:45:38,330 --> 01:45:39,370",1.04,기분 좋아.,그런 소리 하지 마…,으음…,반응형,sub_0764_6338.3s.jpg,0.03,,,25.0,90.0,50.0,78.0,75.0,0.45892,42.0,66.0,0.0,0.0,1.0,기분 좋아.,"아, 좋아.",화면 영문 자막 대조,41.89,T3,화자·문맥·자연스러움 집중 검토,,71.30712008501594,54.25,P3,말투·질문응답·가독성 위주 검토
ABF-328,사진 대조 1차 교정본,524,"01:15:19,360 --> 01:15:21,840",2.48,"그런 모습을 보면
당연히 설 수밖에 없잖아.",정말…,그래도 너무 정력이 넘치잖아.,중립·혼합형,sub_0524_4519.4s.jpg,0.04,,,25.0,90.0,50.0,78.0,75.0,0.63597,0.0,66.0,0.0,0.0,0.2459,말할 리가 없잖아.,들킬 리가 없잖아.,앞뒤 대사 문맥 교정,41.77,T3,화자·문맥·자연스러움 집중 검토,,71.2008501594049,54.13,P3,말투·질문응답·가독성 위주 검토
ABF-328,사진 대조 1차 교정본,854,"02:12:00,540 --> 02:12:04,500",3.96,조금 쉬어.,"좋아, 그대로.",그럼 자세 바꿔서 다시 움직여볼게.,반응형,sub_0854_7920.5s.jpg,0.04,,,25.0,90.0,50.0,78.0,75.0,0.54821,20.31,66.0,0.0,0.0,0.8193,쉬어.,아… 그대로…,타임스탬프 사진으로 장면 불일치 확인 후 재복원,41.74,T3,화자·문맥·자연스러움 집중 검토,,71.09458023379383,54.07,P3,말투·질문응답·가독성 위주 검토
ABF-328,사진 대조 1차 교정본,52,"00:23:31,880 --> 00:23:33,100",1.22,너도 기분 좋잖아…,무슨 소리야? 진짜…,기분 좋지?,반응형,sub_0052_1411.9s.jpg,0.02,,,25.0,90.0,50.0,78.0,75.0,0.63458,0.0,66.0,0.0,0.0,0.5681,너도 기분 좋잖아...,너도 기분 좋잖아…,,41.71,T3,화자·문맥·자연스러움 집중 검토,,70.93517534537726,53.98,P3,말투·질문응답·가독성 위주 검토
ABF-328,사진 대조 1차 교정본,196,"00:35:31,760 --> 00:35:32,880",1.12,세게 하면 기분 좋잖아.,강하게 하는 게 좋아.,강한 게 좋아?,반응형,sub_0196_2131.8s.jpg,0.04,,,25.0,90.0,50.0,78.0,75.0,0.63458,0.0,66.0,0.0,0.0,0.4846,너도 기분 좋잖아...,너도 기분 좋잖아…,,41.71,T3,화자·문맥·자연스러움 집중 검토,,70.93517534537726,53.98,P3,말투·질문응답·가독성 위주 검토
ABF-328,사진 대조 1차 교정본,351,"00:53:24,770 --> 00:53:28,890",4.12,정말 요구사항도 많다.,역시 꼭지도 핥아 줘.,거기… 갈 것 같아.,중립·혼합형,sub_0351_3204.8s.jpg,0.03,,,25.0,90.0,50.0,78.0,75.0,0.63298,0.0,66.0,0.0,0.0,0.1999,정말 좋아.,거기 좋아.,타임스탬프 사진과 장면 흐름으로 명백한 오인식 교정,41.65,T3,화자·문맥·자연스러움 집중 검토,,70.77577045696069,53.88,P3,말투·질문응답·가독성 위주 검토
ABF-328,사진 대조 1차 교정본,417,"01:00:08,580 --> 01:00:10,000",1.42,자료가 안 보이네. 왜 없지?,"와, 이거 장난 아니네. 속옷 다 비치잖아.",진짜 큰일인데.,반말형,sub_0417_3608.6s.jpg,0.02,,,25.0,90.0,50.0,78.0,75.0,0.63267,0.0,66.0,0.0,0.0,0.5627,왜 없지?,어라?,,41.63,T3,화자·문맥·자연스러움 집중 검토,,70.66950053134963,53.83,P3,말투·질문응답·가독성 위주 검토
ABF-328,사진 대조 1차 교정본,79,"00:25:07,030 --> 00:25:07,710",0.68,뒤에서 하는 거 좋아해?,잠깐…,응?,반응형,sub_0079_1507.0s.jpg,0.03,,,25.0,90.0,50.0,78.0,75.0,0.63211,0.0,66.0,0.0,0.0,0.5548,유두 좋아해?,젖꼭지 좋아해?,,41.61,T3,화자·문맥·자연스러움 집중 검토,,70.56323060573858,53.77,P3,말투·질문응답·가독성 위주 검토
ABF-328,사진 대조 1차 교정본,201,"00:36:47,560 --> 00:36:48,640",1.08,나 싸 버릴 것 같아.,"- 큰일 났다…
- 뭐가 큰일인데?","- 더 하고 싶다는 거야?
- 아니, 그런 뜻이 아니야.",반응형,sub_0201_2207.6s.jpg,0.04,,,25.0,90.0,50.0,78.0,75.0,0.58074,11.89,66.0,0.0,0.0,0.7491,"싸버릴 것 같아, 싸 버릴 것 같아.","싸 버릴 것 같아, 싸 버릴 것 같아.",,41.59,T3,화자·문맥·자연스러움 집중 검토,,70.45696068012752,53.71,P3,말투·질문응답·가독성 위주 검토
ABF-328,사진 대조 1차 교정본,108,"00:27:11,870 --> 00:27:12,810",0.94,네가 직접 움직여봐.,뭐야? 이제 그만해.,뭐?,반말형,sub_0108_1631.9s.jpg,0.03,,,25.0,90.0,50.0,78.0,79.0,0.62556,0.0,66.0,0.0,0.0,0.2195,직접 만지는 게 더 기분 좋아...,직접 만지는 게 더 기분 좋아…,,41.57,T3,화자·문맥·자연스러움 집중 검토,,70.29755579171095,53.64,P3,말투·질문응답·가독성 위주 검토
ABF-328,사진 대조 1차 교정본,474,"01:09:35,640 --> 01:09:36,460",0.82,그런 라면 있잖아.,뭐?,뭐라고?,반응형,sub_0474_4175.6s.jpg,0.04,,,25.0,90.0,50.0,78.0,75.0,0.63113,0.0,66.0,0.0,0.0,0.5627,서 있잖아.,완전히 서 있잖아.,일본어 원문 대조 + 자연스러운 한국어 대사 교정,41.57,T3,화자·문맥·자연스러움 집중 검토,,70.29755579171095,53.64,P3,말투·질문응답·가독성 위주 검토
ABF-328,사진 대조 1차 교정본,352,"00:54:08,190 --> 00:54:09,370",1.18,거기… 갈 것 같아.,정말 요구사항도 많다.,점점 더 젖고 있잖아.,반응형,sub_0352_3248.2s.jpg,0.01,,,25.0,90.0,50.0,78.0,75.0,0.6103,4.8,66.0,0.0,0.0,0.69,갈 것 같아.,진짜 갈 것 같아.,일본어 원문 대조 + 자연스러운 한국어 대사 교정,41.56,T3,화자·문맥·자연스러움 집중 검토,,70.13815090329437,53.56,P3,말투·질문응답·가독성 위주 검토
ABF-328,사진 대조 1차 교정본,285,"00:48:27,460 --> 00:48:28,940",1.48,하지 말라니까 진짜…,정말 싫어.,아…,반말형,sub_0285_2907.5s.jpg,0.04,,,25.0,90.0,50.0,78.0,75.0,0.60782,5.22,66.0,0.0,0.0,0.6935,하지 말라니까 진짜...,하지 말라니까 진짜…,,41.53,T3,화자·문맥·자연스러움 집중 검토,,69.97874601487779,53.48,P3,말투·질문응답·가독성 위주 검토
ABF-328,사진 대조 1차 교정본,560,"01:18:52,840 --> 01:18:53,680",0.84,어떻게 하는지는 아네.,알았어.,아까부터 진짜 시끄럽네!,반응형,sub_0560_4732.8s.jpg,0.04,,,25.0,90.0,50.0,78.0,75.0,0.63017,0.0,66.0,0.0,0.0,0.3153,어떻게 먹는 게 좋아?,어떻게 해 주는 게 좋아?,일본어 원문 대조 + 자연스러운 한국어 대사 교정,41.53,T3,화자·문맥·자연스러움 집중 검토,,69.97874601487779,53.48,P3,말투·질문응답·가독성 위주 검토
ABF-328,사진 대조 1차 교정본,512,"01:13:19,900 --> 01:13:21,280",1.38,정말 자기중심적이네.,'괜찮다'니 대체 뭐가?,그래도 기분만 좋으면 됐잖아.,반말형,sub_0512_4399.9s.jpg,0.0,,,25.0,90.0,50.0,78.0,75.0,0.62987,0.0,66.0,0.0,0.0,0.2544,엄청 적극적이네.,오늘은 꽤 적극적이네.,일본어 원문 대조 + 자연스러운 한국어 대사 교정,41.51,T3,화자·문맥·자연스러움 집중 검토,,69.76620616365568,53.38,P3,말투·질문응답·가독성 위주 검토
ABF-328,사진 대조 1차 교정본,649,"01:25:52,870 --> 01:25:55,350",2.48,"조금만 천천히 해.
속옷 찢어질 것 같아.","- 멈추지 마.
- 왜?",허리를 꽉 잡아줘.,반말형,sub_0649_5152.9s.jpg,0.03,,,25.0,90.0,50.0,78.0,75.0,0.62985,0.0,66.0,0.0,0.0,0.3682,천천히 해 줘.,"좋네. 잠깐, 어떻게 돼 있었지?",일본어 원문 + 타임스탬프 사진 + 장면 연속성,41.51,T3,화자·문맥·자연스러움 집중 검토,,69.76620616365568,53.38,P3,말투·질문응답·가독성 위주 검토
ABF-328,사진 대조 1차 교정본,381,"00:58:44,780 --> 00:58:46,800",2.02,내가 보기엔 도진개진이야.,그건 너무하네! 그래도 스가보다는 내가 낫지.,아무리 그래도 걔보다는 내가 낫지.,반말형,sub_0381_3524.8s.jpg,0.02,,,25.0,90.0,50.0,78.0,75.0,0.62895,0.0,66.0,0.0,0.0,0.126,내가 잡아 줄게.,목욕하면서…,일본어 원문 + 타임스탬프 사진 + 장면 연속성,41.48,T3,화자·문맥·자연스러움 집중 검토,,69.55366631243358,53.27,P3,말투·질문응답·가독성 위주 검토
ABF-328,사진 대조 1차 교정본,441,"01:03:53,240 --> 01:03:55,580",2.34,살살…,잠깐만…,잠깐만…,중립·혼합형,sub_0441_3833.2s.jpg,0.04,,,25.0,90.0,50.0,78.0,75.0,0.6291,0.0,66.0,0.0,0.0,0.2376,살살...,살살…,,41.48,T3,화자·문맥·자연스러움 집중 검토,,69.55366631243358,53.27,P3,말투·질문응답·가독성 위주 검토
ABF-328,사진 대조 1차 교정본,83,"00:25:11,310 --> 00:25:12,390",1.08,뒤로 받는 거 말이야.,뭐?,저기…,반말형,sub_0083_1511.3s.jpg,0.01,,,25.0,90.0,50.0,78.0,75.0,0.62856,0.0,66.0,0.0,0.0,0.4994,유두 말이야.,젖꼭지 말이야.,,41.46,T3,화자·문맥·자연스러움 집중 검토,,69.34112646121147,53.17,P3,말투·질문응답·가독성 위주 검토
ABF-328,사진 대조 1차 교정본,317,"00:50:50,680 --> 00:50:51,580",0.9,너도 좋아했잖아.,정말 무슨 소리 하는지 모르겠다.,소리도 냈으면서.,반응형,sub_0317_3050.7s.jpg,0.02,,,25.0,90.0,50.0,78.0,75.0,0.62866,0.0,66.0,0.0,0.0,0.2778,달라고 했잖아.,씻어 달라고 했잖아.,타임스탬프 사진과 앞뒤 장면으로 대사 기능 복원,41.46,T3,화자·문맥·자연스러움 집중 검토,,69.34112646121147,53.17,P3,말투·질문응답·가독성 위주 검토
ABF-328,사진 대조 1차 교정본,375,"00:58:23,320 --> 00:58:26,440",3.12,"""컵라면을 먹게 해 주세요
스즈모리 님…"" 해 봐.","'그거라도 먹자'라니, 웬 생색이야?",뭐야 그게?,중립·혼합형,sub_0375_3503.3s.jpg,0.02,,,25.0,90.0,50.0,78.0,75.0,0.58869,9.12,66.0,0.0,0.0,0.726,"""컵라면을 먹게 해 주세요, 스즈모리 님~"" 해 봐.","""컵라면을 먹게 해 주세요 스즈모리 님…"" 해 봐.",,41.43,T3,화자·문맥·자연스러움 집중 검토,,69.1817215727949,53.09,P3,말투·질문응답·가독성 위주 검토
ABF-328,사진 대조 1차 교정본,380,"00:58:40,940 --> 00:58:44,080",3.14,그건 너무하네! 그래도 스가보다는 내가 낫지.,맞아. 넌 동기 중에서도 일을 제일 못하니까.,내가 보기엔 도진개진이야.,반말형,sub_0380_3520.9s.jpg,0.04,,,25.0,90.0,50.0,78.0,75.0,0.62758,0.0,66.0,0.0,0.0,0.1919,그건 안 돼.,여기로 와.,일본어 원문 + 타임스탬프 사진 + 장면 연속성,41.42,T3,화자·문맥·자연스러움 집중 검토,,69.02231668437832,53.01,P3,말투·질문응답·가독성 위주 검토
ABF-328,사진 대조 1차 교정본,914,"02:30:15,030 --> 02:30:21,220",6.19,윽.,응?,잠깐 누워서 쉬자.,중립·혼합형,sub_0914_9015.0s.jpg,0.03,,,25.0,90.0,50.0,78.0,75.0,0.62769,0.0,66.0,0.0,0.0,0.2889,오오... 윽...,오오… 윽…,,41.42,T3,화자·문맥·자연스러움 집중 검토,,69.02231668437832,53.01,P3,말투·질문응답·가독성 위주 검토
ABF-328,사진 대조 1차 교정본,621,"01:22:41,990 --> 01:22:48,570",6.58,"집이니까 노브라인 건 어쩔 수 없잖아.
티팬티를 입은 것도 아니고.",별로 야한 차림 아니거든!,"그만, 기다려봐.",중립·혼합형,sub_0621_4962.0s.jpg,0.01,,,25.0,90.0,50.0,78.0,75.0,0.62702,0.0,66.0,0.0,0.0,0.1873,말할 리가 없잖아.,들킬 리가 없잖아.,앞뒤 대사 문맥 교정,41.39,T3,화자·문맥·자연스러움 집중 검토,,68.86291179596175,52.93,P3,말투·질문응답·가독성 위주 검토
ABF-328,사진 대조 1차 교정본,245,"00:40:40,100 --> 00:40:44,320",4.22,"너무 무서워서 자료 완성을 아직
못 했다고는 말을 못 했네.",아…,요코야마 부장님?,반말형,sub_0245_2440.1s.jpg,0.0,,,25.0,90.0,50.0,78.0,75.0,0.62671,0.0,66.0,0.0,0.0,0.2798,무서워서.,무서워…,,41.38,T3,화자·문맥·자연스러움 집중 검토,,68.75664187035069,52.88,P3,말투·질문응답·가독성 위주 검토
ABF-328,사진 대조 1차 교정본,629,"01:24:00,180 --> 01:24:01,280",1.1,"아, 속옷 살짝 찢어졌네.",안 냈어.,아프잖아!,반응형,sub_0629_5040.2s.jpg,0.02,,,25.0,90.0,50.0,78.0,75.0,0.62651,0.0,66.0,0.0,0.0,0.2659,패치가 떨어졌네.,유카타가 좀 흘러내렸네.,일본어 원문 대조 + 자연스러운 한국어 대사 교정,41.37,T3,화자·문맥·자연스러움 집중 검토,,68.65037194473965,52.83,P3,말투·질문응답·가독성 위주 검토
ABF-328,사진 대조 1차 교정본,572,"01:19:57,380 --> 01:20:04,490",7.11,어때? 너무 혈기왕성해?,정말 대단하네.,"- 그건 서로 마찬가지잖아.
- 아니거든.",반응형,sub_0572_4797.4s.jpg,0.02,,,25.0,90.0,50.0,78.0,75.0,0.62572,0.0,66.0,0.0,0.0,0.3038,어때? 맛은?,어때? 맛 평가해 줘.,일본어 원문 대조 + 자연스러운 한국어 대사 교정,41.34,T3,화자·문맥·자연스러움 집중 검토,,68.54410201912859,52.77,P3,말투·질문응답·가독성 위주 검토
ABF-328,사진 대조 1차 교정본,708,"01:34:38,800 --> 01:34:39,820",1.02,드디어 끝났다.,최악이다.,진짜 피곤하네.,반응형,sub_0708_5678.8s.jpg,0.0,,,25.0,90.0,50.0,78.0,75.0,0.58074,10.46,66.0,0.0,0.0,0.7371,끝났다.,얘기 끝났어.,사진 장면 확인 및 한국어 번역투·ASR 오역 교정,41.33,T3,화자·문맥·자연스러움 집중 검토,,68.43783209351754,52.72,P3,말투·질문응답·가독성 위주 검토
ABF-328,사진 대조 1차 교정본,110,"00:27:14,370 --> 00:27:14,950",0.58,움직여 보라고.,뭐?,내가 움직이라고?,중립·혼합형,sub_0110_1634.4s.jpg,0.03,,,25.0,90.0,50.0,78.0,79.0,0.61949,0.0,66.0,0.0,0.0,0.3831,역시 움직여 줄게.,이제 움직여 줄게.,사진 장면 확인 및 한국어 번역투·ASR 오역 교정,41.32,T3,화자·문맥·자연스러움 집중 검토,,68.33156216790648,52.66,P3,말투·질문응답·가독성 위주 검토
ABF-328,사진 대조 1차 교정본,172,"00:32:47,040 --> 00:32:48,760",1.72,제대로 말을 안 하면 모르잖아.,왜?,"아, 더, 더…",반응형,sub_0172_1967.0s.jpg,0.04,,,25.0,90.0,50.0,78.0,75.0,0.62466,0.0,66.0,0.0,0.0,0.2903,제대로 돼 있네.,제대로 가려지네.,일본어 원문 대조 + 자연스러운 한국어 대사 교정,41.3,T3,화자·문맥·자연스러움 집중 검토,,68.22529224229544,52.61,P3,말투·질문응답·가독성 위주 검토
ABF-328,사진 대조 1차 교정본,805,"01:57:26,840 --> 01:57:35,700",8.86,손으로도 해 줄게…,우웩!,기분 좋아?,반응형,sub_0805_7046.8s.jpg,0.04,,,25.0,90.0,50.0,78.0,75.0,0.62464,0.0,66.0,0.0,0.0,0.5453,손으로도 해줄게...,손으로도 해 줄게…,,41.29,T3,화자·문맥·자연스러움 집중 검토,,68.11902231668438,52.56,P3,말투·질문응답·가독성 위주 검토
ABF-328,사진 대조 1차 교정본,238,"00:40:10,320 --> 00:40:13,620",3.3,그 건은 전부 스즈모리한테 맡겨둬서요.,"아, 죄송합니다!","네, 그렇습니다.",중립·혼합형,sub_0238_2410.3s.jpg,0.02,,,25.0,90.0,50.0,78.0,75.0,0.62372,0.0,66.0,0.0,0.0,0.3348,내가 스즈모리한테 맡겼다고 해버려서 그런가...,내가 스즈모리한테 맡겼다고 해 버려서 그런가…,,41.26,T3,화자·문맥·자연스러움 집중 검토,,68.01275239107333,52.5,P3,말투·질문응답·가독성 위주 검토
ABF-328,사진 대조 1차 교정본,425,"01:00:55,820 --> 01:00:56,920",1.1,잠깐만…,자료 진짜 찾은 거 맞아?,뭐 하는 거야?,반응형,sub_0425_3655.8s.jpg,0.02,,,25.0,90.0,50.0,78.0,75.0,0.44362,42.0,66.0,0.0,0.0,1.0,잠깐만…,나만 벗는 거야?,일본어 원문 + 타임스탬프 사진 + 장면 연속성,41.25,T3,화자·문맥·자연스러움 집중 검토,,67.90648246546228,52.45,P3,말투·질문응답·가독성 위주 검토
ABF-328,사진 대조 1차 교정본,278,"00:47:48,050 --> 00:47:49,410",1.36,이미 어쩔 수 없잖아.,아 진짜 가만히 좀 있어!,뭐가 어쩔 수 없다는 거야!,반응형,sub_0278_2868.1s.jpg,0.05,,,25.0,90.0,50.0,78.0,75.0,0.62305,0.0,66.0,0.0,0.0,0.407,말할 리가 없잖아.,들킬 리가 없잖아.,앞뒤 대사 문맥 교정,41.23,T3,화자·문맥·자연스러움 집중 검토,,67.80021253985123,52.39,P3,말투·질문응답·가독성 위주 검토
ABF-328,사진 대조 1차 교정본,924,"02:35:00,070 --> 02:35:00,130",0.06,후후.,오오…,후우.,중립·혼합형,sub_0924_9300.1s.jpg,0.03,,,25.0,90.0,50.0,78.0,75.0,0.45579,0.0,66.0,70.0,0.0,0.2135,"후후후, 어서 와.","후후후, 차가워!",손상된 일본어 ASR + 타임스탬프 사진 + 앞뒤 문맥 추론,41.2,T3,화자·문맥·자연스러움 집중 검토,high_cps,67.69394261424017,52.33,P3,말투·질문응답·가독성 위주 검토
ABF-328,사진 대조 1차 교정본,726,"01:35:45,470 --> 01:35:47,670",2.2,시간 진짜 빨리 갔네.,그럼 같이 영화 보자.,왜 거기서 자?,반말형,sub_0726_5745.5s.jpg,0.03,,,25.0,90.0,50.0,78.0,75.0,0.62197,0.0,66.0,0.0,0.0,0.3088,빨리 핥아 봐.,빨리 핥아 줘.,화자 말투 자연화,41.18,T3,화자·문맥·자연스러움 집중 검토,,67.58767268862911,52.27,P3,말투·질문응답·가독성 위주 검토
ABF-328,사진 대조 1차 교정본,653,"01:27:04,760 --> 01:27:06,880",2.12,너 너무 느끼는 거 아니야?,흘러내리고 있어.,반대쪽으로 바꿀까?,반응형,sub_0653_5224.8s.jpg,0.04,,,25.0,90.0,50.0,78.0,75.0,0.61947,0.0,66.0,0.0,0.0,0.4946,너 오래된 거 아니야?,너 오래 참은 거 아니야?,,41.08,T3,화자·문맥·자연스러움 집중 검토,,67.48140276301807,52.17,P3,말투·질문응답·가독성 위주 검토
ABF-328,사진 대조 1차 교정본,337,"00:51:39,860 --> 00:51:40,560",0.7,"아, 싸 버릴 것 같아.",응.,진짜 장난 아니다.,반응형,sub_0337_3099.9s.jpg,0.04,,,25.0,90.0,50.0,78.0,75.0,0.55076,15.93,66.0,0.0,0.0,0.7827,"싸버릴 것 같아, 싸 버릴 것 같아.","싸 버릴 것 같아, 싸 버릴 것 같아.",,41.06,T3,화자·문맥·자연스러움 집중 검토,,67.37513283740701,52.11,P3,말투·질문응답·가독성 위주 검토
ABF-328,사진 대조 1차 교정본,207,"00:37:16,480 --> 00:37:49,400",32.92,왜 멋대로 안에 싸는 거야?!,잠깐만…!,응.,반말형,sub_0207_2236.5s.jpg,0.02,,,25.0,90.0,50.0,78.0,75.0,0.61892,0.0,66.0,0.0,0.0,0.2096,너도 네 멋대로 했으니까 나도 기분 좋게 해줘.,너도 네 멋대로 했으니까 나도 기분 좋게 해 줘.,,41.05,T3,화자·문맥·자연스러움 집중 검토,,67.21572794899043,52.04,P3,말투·질문응답·가독성 위주 검토
ABF-328,사진 대조 1차 교정본,849,"02:11:39,690 --> 02:11:46,780",7.09,속으로 깊숙이 느껴봐.,천천히 숨 내쉬어봐.,좋아.,반응형,sub_0849_7899.7s.jpg,0.01,,,25.0,90.0,50.0,78.0,75.0,0.61874,0.0,66.0,0.0,0.0,0.1917,뜨거운 정액이 안쪽 깊숙이 한꺼번에 쏟아졌다.,뜨거운 정액이 보지 깊숙이 한꺼번에 쏟아졌다.,,41.05,T3,화자·문맥·자연스러움 집중 검토,,67.21572794899043,52.04,P3,말투·질문응답·가독성 위주 검토
ABF-328,사진 대조 1차 교정본,565,"01:19:21,840 --> 01:19:23,240",1.4,침이 좀 말랐어.,처음이라면서 어쩜 이렇게 자연스럽게 잘해?,이쪽.,반응형,sub_0565_4761.8s.jpg,0.04,,,25.0,90.0,50.0,78.0,75.0,0.61866,0.0,66.0,0.0,0.0,0.1949,깜짝 놀랐어.,정말 놀랐어요.,타임스탬프 사진과 앞뒤 장면으로 대사 기능 복원,41.04,T3,화자·문맥·자연스러움 집중 검토,,67.05632306057385,51.97,P3,말투·질문응답·가독성 위주 검토
ABF-328,사진 대조 1차 교정본,383,"00:58:52,000 --> 00:58:53,140",1.14,걔는 그냥 덩치만 크고.,아무리 그래도 걔보다는 내가 낫지.,맛있네.,중립·혼합형,sub_0383_3532.0s.jpg,0.0,,,25.0,90.0,50.0,78.0,75.0,0.61729,0.0,66.0,0.0,0.0,0.2601,엄청 크고...,엄청 크고…,,40.99,T3,화자·문맥·자연스러움 집중 검토,,66.9500531349628,51.89,P3,말투·질문응답·가독성 위주 검토
ABF-328,사진 대조 1차 교정본,386,"00:59:07,400 --> 00:59:09,660",2.26,그거 내가 제일 좋아하는 라면인데.,응.,좀 뺏어 먹을 수도 있지.,반응형,sub_0386_3547.4s.jpg,0.0,,,25.0,90.0,50.0,78.0,75.0,0.61692,0.0,66.0,0.0,0.0,0.2885,다리 좋아하는 남자.,다리 좋아하는 남자 많잖아.,일본어 원문 대조 + 자연스러운 한국어 대사 교정,40.97,T3,화자·문맥·자연스러움 집중 검토,,66.84378320935174,51.84,P3,말투·질문응답·가독성 위주 검토
ABF-328,사진 대조 1차 교정본,246,"00:41:05,650 --> 00:41:06,590",0.94,요코야마 부장님?,"너무 무서워서 자료 완성을 아직
못 했다고는 말을 못 했네.",내가 스즈모리한테 맡겼다고 해 버려서 그런가…,반말형,sub_0246_2465.7s.jpg,0.05,,,25.0,90.0,50.0,78.0,75.0,0.6162,0.0,66.0,0.0,0.0,0.2069,부장님...,부장님…,,40.94,T3,화자·문맥·자연스러움 집중 검토,,66.68437832093518,51.75,P3,말투·질문응답·가독성 위주 검토
ABF-328,사진 대조 1차 교정본,857,"02:13:09,480 --> 02:13:40,840",31.36,"아, 또 흘러나오네.",이 자세로 계속하자.,잘하고 있어.,반응형,sub_0857_7989.5s.jpg,0.02,,,25.0,90.0,50.0,78.0,75.0,0.61618,0.0,66.0,0.0,0.0,0.2473,"아, 아, 아, 아, 아, 아, 아,","아, 아, 아, 아, 아, 아, 아",,40.94,T3,화자·문맥·자연스러움 집중 검토,,66.68437832093518,51.75,P3,말투·질문응답·가독성 위주 검토
ABF-328,사진 대조 1차 교정본,111,"00:27:15,310 --> 00:27:16,250",0.94,내가 움직이라고?,움직여 보라고.,응.,중립·혼합형,sub_0111_1635.3s.jpg,0.01,,,25.0,90.0,50.0,78.0,79.0,0.60989,0.0,66.0,0.0,0.0,0.1695,내가 잡아 줄게.,목욕하면서…,일본어 원문 + 타임스탬프 사진 + 장면 연속성,40.92,T3,화자·문맥·자연스러움 집중 검토,,66.52497343251859,51.67,P3,말투·질문응답·가독성 위주 검토
ABF-328,사진 대조 1차 교정본,23,"00:02:58,880 --> 00:03:01,140",2.26,침대로 옮겨 줄까?,그냥 회사 동기일 뿐이잖아.,어쩌지.,중립·혼합형,sub_0023_178.9s.jpg,0.02,,,25.0,90.0,50.0,78.0,75.0,0.61467,0.0,66.0,0.0,0.0,0.4613,옮겨 줘.,자세 바꿔 줘.,사진 장면 확인 및 한국어 번역투·ASR 오역 교정,40.88,T3,화자·문맥·자연스러움 집중 검토,,66.41870350690755,51.61,P3,말투·질문응답·가독성 위주 검토
ABF-328,사진 대조 1차 교정본,37,"00:22:31,520 --> 00:22:34,240",2.72,어쩔 수 없잖아.,뭐? 무슨 짓이야?,이미 살짝 들어가 버렸는데.,반응형,sub_0037_1351.5s.jpg,0.02,,,25.0,90.0,50.0,78.0,75.0,0.61325,0.0,66.0,0.0,0.0,0.4716,말할 리가 없잖아.,들킬 리가 없잖아.,앞뒤 대사 문맥 교정,40.82,T3,화자·문맥·자연스러움 집중 검토,,66.31243358129649,51.53,P3,말투·질문응답·가독성 위주 검토
ABF-328,사진 대조 1차 교정본,696,"01:33:43,460 --> 01:33:44,920",1.46,"안 돼, 진짜 안 돼!","잠깐만, 너무 많이 흘러.",여기 안까지 다 젖었어.,중립·혼합형,sub_0696_5623.5s.jpg,0.04,,,25.0,90.0,50.0,78.0,75.0,0.56785,10.55,66.0,0.0,0.0,0.7379,안 돼!,아… 또 갈 것 같아…,타임스탬프 사진으로 장면 불일치 확인 후 재복원,40.81,T3,화자·문맥·자연스러움 집중 검토,,66.20616365568544,51.48,P3,말투·질문응답·가독성 위주 검토
ABF-328,사진 대조 1차 교정본,663,"01:28:37,640 --> 01:28:38,400",0.76,방금 ‘큰일’이라고 했지?,후후후.,'장난 아니다'라는 건 기분 좋다는 뜻이지.,반말형,sub_0663_5317.6s.jpg,0.04,,,25.0,90.0,50.0,78.0,75.0,0.6118,0.0,66.0,0.0,0.0,0.1261,직원 방에 가 버릴 사람. 방금 잠든 척했지.,"직원 방에 갈 사람처럼 굴더니, 방금 잠든 척한 거지?",사진 장면 확인 및 한국어 번역투·ASR 오역 교정,40.76,T3,화자·문맥·자연스러움 집중 검토,,66.09989373007438,51.4,P3,말투·질문응답·가독성 위주 검토
ABF-328,사진 대조 1차 교정본,212,"00:38:23,840 --> 00:38:24,960",1.12,사실은 기분 좋았으면서.,전혀 안 좋았거든!,솔직하게 말해 봐.,반응형,sub_0212_2303.8s.jpg,0.04,,,25.0,90.0,50.0,78.0,75.0,0.61167,0.0,66.0,0.0,0.0,0.1794,기분 좋아.,"아, 좋아.",화면 영문 자막 대조,40.75,T3,화자·문맥·자연스러움 집중 검토,,65.99362380446334,51.35,P3,말투·질문응답·가독성 위주 검토
ABF-328,사진 대조 1차 교정본,36,"00:22:28,220 --> 00:22:30,320",2.1,뭐? 무슨 짓이야?,"- 뭐 하냐고?
- 그냥 하자고.",어쩔 수 없잖아.,반말형,sub_0036_1348.2s.jpg,0.02,,,25.0,90.0,50.0,78.0,75.0,0.61142,0.0,66.0,0.0,0.0,0.2347,'괜찮다'니 무슨 뜻이야? 정말...,'괜찮다'니 무슨 뜻이야? 정말…,,40.74,T3,화자·문맥·자연스러움 집중 검토,,65.88735387885228,51.3,P3,말투·질문응답·가독성 위주 검토
ABF-328,사진 대조 1차 교정본,656,"01:27:14,960 --> 01:27:16,280",1.32,둘 다 좋지만.,엉덩이 쪽?,응.,반말형,sub_0656_5235.0s.jpg,0.04,,,25.0,90.0,50.0,78.0,75.0,0.61108,0.0,66.0,0.0,0.0,0.2247,둘 다 감도가 좋네.,둘 다 잘 느끼네.,일본어 원문 대조 + 자연스러운 한국어 대사 교정,40.73,T3,화자·문맥·자연스러움 집중 검토,,65.78108395324124,51.25,P3,말투·질문응답·가독성 위주 검토
ABF-328,사진 대조 1차 교정본,75,"00:24:48,060 --> 00:24:54,120",6.06,이거 기분 좋네…,정말…,이렇게 말하고 있잖아.,반말형,sub_0075_1488.1s.jpg,0.04,,,25.0,90.0,50.0,78.0,75.0,0.60951,0.0,66.0,0.0,0.0,0.4828,이거 기분 좋네...,이거 기분 좋네…,,40.66,T3,화자·문맥·자연스러움 집중 검토,,65.62167906482466,51.14,P3,말투·질문응답·가독성 위주 검토
ABF-328,사진 대조 1차 교정본,467,"01:07:56,180 --> 01:07:57,800",1.62,집에선 브라 안 하는구나.,아까부터 내 말 듣고는 있는 거야?,그런 게 아니야.,중립·혼합형,sub_0467_4076.2s.jpg,0.02,,,25.0,90.0,50.0,78.0,75.0,0.60961,0.0,66.0,0.0,0.0,0.3623,하늘색 좋아하는구나.,이야…,일본어 원문 + 타임스탬프 사진 + 장면 연속성,40.66,T3,화자·문맥·자연스러움 집중 검토,,65.62167906482466,51.14,P3,말투·질문응답·가독성 위주 검토
ABF-328,사진 대조 1차 교정본,882,"02:15:08,840 --> 02:15:10,420",1.58,내일 연락드리면 되겠지 뭐.,설마 또 오겠어?,응.,반말형,sub_0882_8108.8s.jpg,0.04,,,25.0,90.0,50.0,78.0,75.0,0.6088,0.0,66.0,0.0,0.0,0.0662,싸버리면 끝나잖아.,싸 버리면 끝나잖아.,,40.63,T3,화자·문맥·자연스러움 집중 검토,,65.46227417640807,51.06,P3,말투·질문응답·가독성 위주 검토
ABF-328,사진 대조 1차 교정본,195,"00:35:25,970 --> 00:35:26,730",0.76,강하게 하는 게 좋아.,이런 기분이라.,세게 하면 기분 좋잖아.,반응형,sub_0195_2126.0s.jpg,0.03,,,25.0,90.0,50.0,78.0,75.0,0.60853,0.0,66.0,0.0,0.0,0.3715,"아, 좋아.","아, 들어온다.",,40.62,T3,화자·문맥·자연스러움 집중 검토,,65.35600425079703,51.01,P3,말투·질문응답·가독성 위주 검토
ABF-328,사진 대조 1차 교정본,720,"01:35:10,020 --> 01:35:11,380",1.36,너도 딱히 약속 없지?,하지만 심심하잖아.,나는 있어.,반말형,sub_0720_5710.0s.jpg,0.02,,,25.0,90.0,50.0,78.0,75.0,0.60695,0.0,66.0,0.0,0.0,0.5059,왜 없지?,어라?,,40.55,T3,화자·문맥·자연스러움 집중 검토,,65.24973432518597,50.92,P3,말투·질문응답·가독성 위주 검토
ABF-328,사진 대조 1차 교정본,310,"00:50:28,440 --> 00:50:29,860",1.42,아직 통화 중이잖아.,무리야.,이제 통화 끝났어.,반응형,sub_0310_3028.4s.jpg,0.04,,,25.0,90.0,50.0,78.0,75.0,0.60649,0.0,66.0,0.0,0.0,0.2061,아직 더...,아직 더…,,40.53,T3,화자·문맥·자연스러움 집중 검토,,65.14346439957492,50.87,P3,말투·질문응답·가독성 위주 검토
ABF-328,사진 대조 1차 교정본,28,"00:03:54,880 --> 00:03:56,520",1.64,조금만 더 잘까…,"음, 아직 졸리네.","괜찮겠지, 자고 있으니까.",중립·혼합형,sub_0028_234.9s.jpg,0.02,,,25.0,90.0,50.0,78.0,75.0,0.60521,0.0,66.0,0.0,0.0,0.5148,조금만 더 잘까...,조금만 더 잘까…,,40.48,T3,화자·문맥·자연스러움 집중 검토,,65.03719447396386,50.79,P3,말투·질문응답·가독성 위주 검토
ABF-328,사진 대조 1차 교정본,48,"00:23:01,140 --> 00:23:01,860",0.72,겁먹지 마.,그래도 이미 들어갔잖아.,"좋아, 조금만 더…",반말형,sub_0048_1381.1s.jpg,0.04,,,25.0,90.0,50.0,78.0,75.0,0.60469,0.0,66.0,0.0,0.0,0.3667,하지 마.,잠깐만.,손상된 일본어 ASR + 타임스탬프 사진 + 앞뒤 문맥 추론,40.46,T3,화자·문맥·자연스러움 집중 검토,,64.87778958554729,50.72,P3,말투·질문응답·가독성 위주 검토
ABF-328,사진 대조 1차 교정본,132,"00:29:34,720 --> 00:29:36,000",1.28,너 진짜 야하다.,"알았어, 움직여 줘.",좀 더 세게 해 줘.,반말형,sub_0132_1774.7s.jpg,0.02,,,25.0,90.0,50.0,78.0,75.0,0.6047,0.0,66.0,0.0,0.0,0.1914,야하네.,여긴 지저분하네.,화면 영문 자막 대조,40.46,T3,화자·문맥·자연스러움 집중 검토,,64.87778958554729,50.72,P3,말투·질문응답·가독성 위주 검토
ABF-328,사진 대조 1차 교정본,39,"00:22:37,380 --> 00:22:38,300",0.92,대체 뭐 하는 거야?,이미 살짝 들어가 버렸는데.,이제 와서 빼기도 좀 그렇잖아.,반말형,sub_0039_1357.4s.jpg,0.02,,,25.0,90.0,50.0,78.0,75.0,0.60462,0.0,66.0,0.0,0.0,0.5588,뭐라고 하는 거야?,뭐라고 말해야 해?,일본어 원문 대조 + 자연스러운 한국어 대사 교정,40.45,T3,화자·문맥·자연스러움 집중 검토,,64.66524973432519,50.62,P3,말투·질문응답·가독성 위주 검토
ABF-328,사진 대조 1차 교정본,254,"00:42:21,720 --> 00:42:24,040",2.32,"네, 최대한 빨리 만들고 있습니다.","네, 지금 바로 작성 중입니다.",죄송합니다. 정말 죄송합니다.,중립·혼합형,sub_0254_2541.7s.jpg,0.02,,,25.0,90.0,50.0,78.0,75.0,0.6046,0.0,66.0,0.0,0.0,0.3427,내 배를 쥐고 있습니다.,배에 힘이 들어가.,사진 속 반응과 문장 기능을 근거로 교정,40.45,T3,화자·문맥·자연스러움 집중 검토,,64.66524973432519,50.62,P3,말투·질문응답·가독성 위주 검토
ABF-328,사진 대조 1차 교정본,300,"00:49:43,550 --> 00:49:45,470",1.92,그때 가서 생각하지 뭐.,부장님이 눈치채시면 어떡할 건데?,"핥아 달라고 졸라대면서
'그때 가서'가 뭐야?",반말형,sub_0300_2983.6s.jpg,0.05,,,25.0,90.0,50.0,78.0,75.0,0.60395,0.0,66.0,0.0,0.0,0.3053,이길 수 있을 거라고는 생각하지 않았지만.,"아, 거기…",타임스탬프 사진으로 장면 불일치 확인 후 재복원,40.43,T3,화자·문맥·자연스러움 집중 검토,,64.50584484590861,50.54,P3,말투·질문응답·가독성 위주 검토
ABF-328,사진 대조 1차 교정본,113,"00:27:17,110 --> 00:27:19,190",2.08,"대체 뭐야, 정말.",응.,나만 계속 움직였잖아.,반말형,sub_0113_1637.1s.jpg,0.01,,,25.0,90.0,50.0,78.0,75.0,0.55301,11.83,66.0,0.0,0.0,0.7486,"대체 뭐야, 정말...","대체 뭐야, 정말…",,40.42,T3,화자·문맥·자연스러움 집중 검토,,64.39957492029755,50.49,P3,말투·질문응답·가독성 위주 검토
ABF-328,사진 대조 1차 교정본,305,"00:49:58,010 --> 00:49:58,550",0.54,더 딱딱해졌잖아.,너 진짜 어쩌려고 그래?,있잖아…,반응형,sub_0305_2998.0s.jpg,0.01,,,25.0,90.0,50.0,78.0,75.0,0.6026,0.0,66.0,0.0,0.0,0.2738,딱딱해...,딱딱해…,,40.37,T3,화자·문맥·자연스러움 집중 검토,,64.29330499468651,50.42,P3,말투·질문응답·가독성 위주 검토
ABF-328,사진 대조 1차 교정본,626,"01:23:23,860 --> 01:23:26,400",2.54,난 아무 말도 안 했거든.,대체 누가 제멋대로라는 거야?,방금 소리 냈지?,반응형,sub_0626_5003.9s.jpg,0.04,,,25.0,90.0,50.0,78.0,75.0,0.6021,0.0,66.0,0.0,0.0,0.2638,들어가는 순간에는 아무 말도 안 하네요.,들어가는 순간엔 아무 말도 안 하네요.,한국어 호흡 교정,40.35,T3,화자·문맥·자연스러움 집중 검토,,64.18703506907545,50.36,P3,말투·질문응답·가독성 위주 검토
ABF-328,사진 대조 1차 교정본,130,"00:29:02,320 --> 00:29:02,720",0.4,"거짓말, 거짓말.","농담이야, 농담.","알았어, 움직여 줘.",중립·혼합형,sub_0130_1742.3s.jpg,0.02,,,25.0,90.0,50.0,78.0,75.0,0.45793,19.69,66.0,25.0,0.0,0.8141,거짓말. 거짓말. 거짓말. 거짓말.,말도 안 돼…,손상된 일본어 ASR + 타임스탬프 사진 + 앞뒤 문맥 추론,40.34,T3,화자·문맥·자연스러움 집중 검토,borderline_cps,64.02763018065887,50.29,P3,말투·질문응답·가독성 위주 검토
ABF-328,사진 대조 1차 교정본,139,"00:29:53,780 --> 00:29:55,300",1.52,"대체 뭐야, 정말.",그건 다르지!,"아, 거기 위험해.",반말형,sub_0139_1793.8s.jpg,0.02,,,25.0,90.0,50.0,78.0,75.0,0.55125,11.83,66.0,0.0,0.0,0.7486,"대체 뭐야, 정말...","대체 뭐야, 정말…",,40.34,T3,화자·문맥·자연스러움 집중 검토,,64.02763018065887,50.29,P3,말투·질문응답·가독성 위주 검토
ABF-328,사진 대조 1차 교정본,529,"01:15:31,280 --> 01:15:32,640",1.36,"대체 이게 뭐야, 정말.",으음.,이미 이렇게 됐는데 어떡해.,반말형,sub_0529_4531.3s.jpg,0.02,,,25.0,90.0,50.0,78.0,75.0,0.59053,2.24,66.0,0.0,0.0,0.6687,"대체 뭐야, 정말...","대체 뭐야, 정말…",,40.27,T3,화자·문맥·자연스러움 집중 검토,,63.8682252922423,50.18,P3,말투·질문응답·가독성 위주 검토
ABF-328,사진 대조 1차 교정본,356,"00:54:40,310 --> 00:54:42,110",1.8,"맞아, 바로 거기야.",아래쪽도 전부 핥아 줘.,거기도 더 해 줘.,반응형,sub_0356_3280.3s.jpg,0.01,,,25.0,90.0,50.0,78.0,75.0,0.59913,0.0,66.0,0.0,0.0,0.2108,이제 바로 누워.,일단 바로 누워.,사진 장면 확인 및 한국어 번역투·ASR 오역 교정,40.22,T3,화자·문맥·자연스러움 집중 검토,,63.76195536663124,50.11,P3,말투·질문응답·가독성 위주 검토
ABF-328,사진 대조 1차 교정본,700,"01:34:07,550 --> 01:34:10,910",3.36,진짜 대형 사고네.,"잠깐, 그거 아까 만든 자료잖아. 최악이야!",뭐 하는 거야?,반말형,sub_0700_5647.6s.jpg,0.05,,,25.0,90.0,50.0,78.0,75.0,0.59857,0.0,66.0,0.0,0.0,0.1658,오늘 진짜 엄청 했네.,오늘 진짜 실컷 했네.,일본어 원문 대조 + 자연스러운 한국어 대사 교정,40.2,T3,화자·문맥·자연스러움 집중 검토,,63.655685441020196,50.05,P3,말투·질문응답·가독성 위주 검토
ABF-328,사진 대조 1차 교정본,551,"01:17:28,130 --> 01:17:57,860",29.73,진짜 엄청 좋아…,기분 좋아…,가슴에 대고 해도 돼?,반응형,sub_0551_4648.1s.jpg,0.03,,,25.0,90.0,50.0,78.0,75.0,0.598,0.0,66.0,0.0,0.0,0.5493,진짜 엄청 좋아...,진짜 엄청 좋아…,,40.18,T3,화자·문맥·자연스러움 집중 검토,,63.54941551540914,50.0,P3,말투·질문응답·가독성 위주 검토
ABF-328,사진 대조 1차 교정본,68,"00:24:38,240 --> 00:24:39,240",1.0,잠깐 기다려봐…,있잖아…,계속 같은 자세만 하고 있잖아.,반응형,sub_0068_1478.2s.jpg,0.04,,,25.0,90.0,50.0,78.0,75.0,0.59754,0.0,66.0,0.0,0.0,0.5033,잠깐 기다려봐...,잠깐 기다려봐…,,40.16,T3,화자·문맥·자연스러움 집중 검토,,63.44314558979809,49.94,P3,말투·질문응답·가독성 위주 검토
ABF-328,사진 대조 1차 교정본,242,"00:40:21,500 --> 00:40:22,800",1.3,"네, 잘 부탁드립니다.",죄송합니다.,죄송합니다. 그럼 실례하겠습니다.,중립·혼합형,sub_0242_2421.5s.jpg,0.0,,,25.0,90.0,50.0,78.0,75.0,0.4449,35.55,66.0,0.0,0.0,0.9462,잘 부탁드립니다.,좋은 아침입니다.,,40.14,T3,화자·문맥·자연스러움 집중 검토,,63.33687566418703,49.88,P3,말투·질문응답·가독성 위주 검토
ABF-328,사진 대조 1차 교정본,745,"01:38:40,950 --> 01:38:42,710",1.76,입으로 해 줄게…,"잠깐, 잠깐만!",나는 집에 가려고 했는데…,반응형,sub_0745_5920.9s.jpg,0.05,,,25.0,90.0,50.0,78.0,75.0,0.59612,0.0,66.0,0.0,0.0,0.4532,"자, 입으로 해줘.","자, 입으로 해 줘.",,40.1,T3,화자·문맥·자연스러움 집중 검토,,63.23060573857598,49.81,P3,말투·질문응답·가독성 위주 검토
ABF-328,사진 대조 1차 교정본,96,"00:26:12,690 --> 00:26:13,370",0.68,정신 좀 들어?,깼어…,응…,반응형,sub_0096_1572.7s.jpg,0.01,,,25.0,90.0,50.0,78.0,75.0,0.59584,0.0,66.0,0.0,0.0,0.1756,하아… 이제 좀 정신이 드네.,하아… 이제 좀 정신이 들어.,일본어 원문 대조 + 자연스러운 한국어 대사 교정,40.09,T3,화자·문맥·자연스러움 집중 검토,,63.12433581296493,49.76,P3,말투·질문응답·가독성 위주 검토
ABF-328,사진 대조 1차 교정본,17,"00:02:08,120 --> 00:02:11,200",3.08,"와, 하나도 안 끝났네.","그러다 스즈모리 집에서 작업하다
나도 모르게 잠들었나 보다.","얘도 자고 있는 걸 보니
둘 다 그대로 잠들어 버렸나 봐.",반말형,sub_0017_128.1s.jpg,0.02,,,25.0,90.0,50.0,78.0,75.0,0.59507,0.0,66.0,0.0,0.0,0.4957,무사히 끝났네.,끝난 줄 알았지?,손상된 일본어 ASR + 타임스탬프 사진 + 앞뒤 문맥 추론,40.05,T3,화자·문맥·자연스러움 집중 검토,,62.964930924548355,49.67,P3,말투·질문응답·가독성 위주 검토
ABF-328,사진 대조 1차 교정본,22,"00:02:43,550 --> 00:02:46,490",2.94,그냥 회사 동기일 뿐이잖아.,얘는 정장도 제대로 입고 있고.,침대로 옮겨 줄까?,반응형,sub_0022_163.6s.jpg,0.05,,,25.0,90.0,50.0,78.0,75.0,0.59494,0.0,66.0,0.0,0.0,0.1292,결국 일을 못 끝냈고 회사 문 닫을 시간까지 됐어.,"결국 일을 끝내지 못한 채 회사 문을 닫을 시간이 됐고,",내레이션 연결 자연화,40.05,T3,화자·문맥·자연스러움 집중 검토,,62.964930924548355,49.67,P3,말투·질문응답·가독성 위주 검토
ABF-328,사진 대조 1차 교정본,193,"00:35:02,650 --> 00:35:04,290",1.64,이제 도저히 못 자.,정신이 완전 또렷해졌잖아.,이런 기분이라.,중립·혼합형,sub_0193_2102.7s.jpg,0.05,,,25.0,90.0,50.0,78.0,75.0,0.59303,0.0,66.0,0.0,0.0,0.3414,잘 자.,조금만 천천히…,타임스탬프 사진으로 장면 불일치 확인 후 재복원,39.97,T3,화자·문맥·자연스러움 집중 검토,,62.80552603613177,49.56,P3,말투·질문응답·가독성 위주 검토
ABF-328,사진 대조 1차 교정본,633,"01:24:13,140 --> 01:24:15,440",2.3,잠깐만…,위험해.,"대체 뭐야, 정말!",반응형,sub_0633_5053.1s.jpg,0.04,,,25.0,90.0,50.0,78.0,75.0,0.41287,42.0,66.0,0.0,0.0,1.0,잠깐만…,나만 벗는 거야?,일본어 원문 + 타임스탬프 사진 + 장면 연속성,39.96,T3,화자·문맥·자연스러움 집중 검토,,62.69925611052072,49.51,P3,말투·질문응답·가독성 위주 검토
ABF-328,사진 대조 1차 교정본,812,"01:59:32,800 --> 01:59:52,290",19.49,넘칠 것 같아.,조금만 더…,으으음…,반응형,sub_0812_7172.8s.jpg,0.0,,,25.0,90.0,50.0,78.0,75.0,0.59209,0.0,66.0,0.0,0.0,0.5702,갈 것 같아.,진짜 갈 것 같아.,일본어 원문 대조 + 자연스러운 한국어 대사 교정,39.93,T3,화자·문맥·자연스러움 집중 검토,,62.59298618490967,49.45,P3,말투·질문응답·가독성 위주 검토
ABF-328,사진 대조 1차 교정본,323,"00:51:10,580 --> 00:51:11,280",0.7,진짜 좋았어?,응…,뭐가?,반응형,sub_0323_3070.6s.jpg,0.02,,,25.0,90.0,50.0,78.0,75.0,0.59196,0.0,66.0,0.0,0.0,0.2695,안 남았어?,아직 남아 있어?,손상된 일본어 ASR + 타임스탬프 사진 + 앞뒤 문맥 추론,39.92,T3,화자·문맥·자연스러움 집중 검토,,62.48671625929861,49.4,P3,말투·질문응답·가독성 위주 검토
ABF-328,사진 대조 1차 교정본,295,"00:48:56,800 --> 00:49:17,850",21.05,"- 아까 제대로 해 주지도 않았잖아. 조금만 하자.
- 안 돼. 네가 멋대로 시작한 거잖아.",왜 내가?,그래도…,반말형,sub_0295_2936.8s.jpg,0.0,지나치게 긴 두 화자 대사 압축,중간,25.0,90.0,86.0,78.0,75.0,0.66008,0.0,48.0,0.0,0.0,0.6437,"- 아까 제대로 해 주지도 않았잖아. 괜찮잖아, 조금만. 이미 이렇게 됐고. - 정말 안 돼. 뭐가 괜찮아? 네가 멋대로 그런 거잖아.",- 아까 제대로 해 주지도 않았잖아. 조금만 하자. - 안 돼. 네가 멋대로 시작한 거잖아.,지나치게 긴 두 화자 대사 압축,39.9,T3,화자·문맥·자연스러움 집중 검토,,62.32731137088204,49.32,P3,말투·질문응답·가독성 위주 검토
ABF-328,사진 대조 1차 교정본,668,"01:29:18,860 --> 01:29:19,760",0.9,뭘 들었다는 건데?,"- 뭐? 무슨 소리 들렸어?
- 뭘 들었다는 거야?","- ‘간다’고 들렸는데.
- 잘못 들었어.",중립·혼합형,sub_0668_5358.9s.jpg,0.04,,,25.0,90.0,50.0,78.0,75.0,0.59133,0.0,66.0,0.0,0.0,0.1577,뭘 찍게 한 거야?,뭘 찍은 거야?,손상된 일본어 ASR + 타임스탬프 사진 + 앞뒤 문맥 추론,39.9,T3,화자·문맥·자연스러움 집중 검토,,62.32731137088204,49.32,P3,말투·질문응답·가독성 위주 검토
ABF-328,사진 대조 1차 교정본,905,"02:21:15,380 --> 02:21:23,010",7.63,축하해.,그것도 계속 참고 있었던 거야?,몸에 너무 무리 가지 않게 조심하고.,반말형,sub_0905_8475.4s.jpg,0.02,,,25.0,90.0,50.0,78.0,75.0,0.41111,42.0,66.0,0.0,0.0,1.0,축하해.,기대된다.,사진 장면 확인 및 한국어 번역투·ASR 오역 교정,39.89,T3,화자·문맥·자연스러움 집중 검토,,62.16790648246546,49.25,P3,말투·질문응답·가독성 위주 검토
ABF-328,사진 대조 1차 교정본,677,"01:30:20,760 --> 01:30:21,520",0.76,조금만 더 하자.,그럼 네가 갈 수 있게 내가 노력해 볼게.,진짜 느낌 좋다.,중립·혼합형,sub_0677_5420.8s.jpg,0.04,,,25.0,90.0,50.0,78.0,75.0,0.59089,0.0,66.0,0.0,0.0,0.5239,조금만 쉬자.,조금 쉬자.,일본어 원문 대조 + 자연스러운 한국어 대사 교정,39.88,T3,화자·문맥·자연스러움 집중 검토,,62.0616365568544,49.2,P3,말투·질문응답·가독성 위주 검토
ABF-328,사진 대조 1차 교정본,929,"02:37:42,360 --> 02:37:43,320",0.96,"아, 갈 것 같아.",아…,아아…,반응형,sub_0929_9462.4s.jpg,0.04,,,25.0,90.0,50.0,78.0,75.0,0.45972,30.49,66.0,0.0,0.0,0.9041,갈 것 같아.,진짜 갈 것 같아.,일본어 원문 대조 + 자연스러운 한국어 대사 교정,39.86,T3,화자·문맥·자연스러움 집중 검토,,61.95536663124336,49.14,P3,말투·질문응답·가독성 위주 검토
ABF-328,사진 대조 1차 교정본,555,"01:18:35,380 --> 01:18:36,760",1.38,그래도 해주고 있잖아.,"대체 뭐야, 정말…",이제 가슴으로는 안 해 줄 거야.,반응형,sub_0555_4715.4s.jpg,0.02,,,25.0,90.0,50.0,78.0,75.0,0.58997,0.0,66.0,0.0,0.0,0.4677,서 있잖아.,완전히 서 있잖아.,일본어 원문 대조 + 자연스러운 한국어 대사 교정,39.84,T3,화자·문맥·자연스러움 집중 검토,,61.84909670563231,49.08,P3,말투·질문응답·가독성 위주 검토
ABF-328,사진 대조 1차 교정본,248,"00:41:49,060 --> 00:41:51,560",2.5,"잠깐, 지금 뭐 하는 거야?!",내가 스즈모리한테 맡겼다고 해 버려서 그런가…,큰일 났어. 부장님 두 분한테 다 전화 왔다고.,반응형,sub_0248_2509.1s.jpg,0.04,,,25.0,90.0,50.0,78.0,75.0,0.58975,0.0,66.0,0.0,0.0,0.3016,뭐라고 하는 거야?,뭐라고 말해야 해?,일본어 원문 대조 + 자연스러운 한국어 대사 교정,39.83,T3,화자·문맥·자연스러움 집중 검토,,61.63655685441021,48.99,P3,말투·질문응답·가독성 위주 검토
ABF-328,사진 대조 1차 교정본,329,"00:51:29,860 --> 00:51:30,840",0.98,"아, 갈 것 같아.",이제 그만 말해.,이거 진짜 위험한데.,반응형,sub_0329_3089.9s.jpg,0.04,,,25.0,90.0,50.0,78.0,75.0,0.45906,30.49,66.0,0.0,0.0,0.9041,갈 것 같아.,진짜 갈 것 같아.,일본어 원문 대조 + 자연스러운 한국어 대사 교정,39.83,T3,화자·문맥·자연스러움 집중 검토,,61.63655685441021,48.99,P3,말투·질문응답·가독성 위주 검토
ABF-328,사진 대조 1차 교정본,787,"01:48:46,690 --> 01:49:04,880",18.19,"- 왜? 처음이라서 그래? 거짓말.
- 나도 기분 좋게 해 줘.","- 부끄럽다고 했잖아.
- 진짜 부끄러워?","기다려, 기다려봐.",반말형,sub_0787_6526.7s.jpg,0.01,,,25.0,90.0,72.0,78.0,75.0,0.58971,0.0,66.0,0.0,0.0,0.4638,거짓말. 거짓말. 거짓말. 거짓말.,말도 안 돼…,손상된 일본어 ASR + 타임스탬프 사진 + 앞뒤 문맥 추론,39.83,T3,화자·문맥·자연스러움 집중 검토,,61.63655685441021,48.99,P3,말투·질문응답·가독성 위주 검토
ABF-328,사진 대조 1차 교정본,547,"01:16:45,600 --> 01:16:46,680",1.08,별로 하고 싶지 않았거든!,아니거든.,그러면서 엄청 원한다는 듯이 핥고 있잖아.,반말형,sub_0547_4605.6s.jpg,0.0,,,25.0,90.0,50.0,78.0,75.0,0.58852,0.0,66.0,0.0,0.0,0.1522,왠지 별로 사귄 적이 없어서…,많이 사귀어 본 편이 아니라서…,일본어 원문 대조 + 자연스러운 한국어 대사 교정,39.78,T3,화자·문맥·자연스러움 집중 검토,,61.424017003188105,48.87,P3,말투·질문응답·가독성 위주 검토
ABF-328,사진 대조 1차 교정본,497,"01:12:12,420 --> 01:12:17,020",4.6,"- 계속 젖어 있잖아.
- 그런 거 아니야.","- 내밀었어.
- 응.","- 그래?
- 응.",반말형,sub_0497_4332.4s.jpg,0.02,,,25.0,90.0,72.0,78.0,79.0,0.58223,0.0,66.0,0.0,0.0,0.3728,서 있잖아.,완전히 서 있잖아.,일본어 원문 대조 + 자연스러운 한국어 대사 교정,39.75,T3,화자·문맥·자연스러움 집중 검토,,61.317747077577046,48.81,P3,말투·질문응답·가독성 위주 검토
ABF-328,사진 대조 1차 교정본,722,"01:35:13,640 --> 01:35:14,760",1.12,진짜 있어?,나는 있어.,"잠깐만, 솔직하게 말해 봐.",반응형,sub_0722_5713.6s.jpg,0.04,,,25.0,90.0,50.0,78.0,75.0,0.58749,0.0,66.0,0.0,0.0,0.6163,자고 있어?,땀나?,사진 장면 확인 및 한국어 번역투·ASR 오역 교정,39.73,T3,화자·문맥·자연스러움 집중 검토,,61.211477151966,48.75,P3,말투·질문응답·가독성 위주 검토
ABF-328,사진 대조 1차 교정본,595,"01:21:47,580 --> 01:21:48,440",0.86,뭐 하냐고.,응?,너 엉덩이가 진짜 예쁘다 싶어서.,중립·혼합형,sub_0595_4907.6s.jpg,0.02,,,25.0,90.0,50.0,78.0,75.0,0.58723,0.0,66.0,0.0,0.0,0.1409,뭐 할까?,내가 먼저?,일본어 원문 + 타임스탬프 사진 + 장면 연속성,39.72,T3,화자·문맥·자연스러움 집중 검토,,61.10520722635494,48.7,P3,말투·질문응답·가독성 위주 검토
ABF-328,사진 대조 1차 교정본,709,"01:34:41,660 --> 01:34:43,100",1.44,진짜 피곤하네.,드디어 끝났다.,그래도 오늘 안에 마무리돼서 다행이야.,반말형,sub_0709_5681.7s.jpg,0.04,,,25.0,90.0,50.0,78.0,75.0,0.58693,0.0,66.0,0.0,0.0,0.1848,오늘 진짜 엄청 했네.,오늘 진짜 실컷 했네.,일본어 원문 대조 + 자연스러운 한국어 대사 교정,39.71,T3,화자·문맥·자연스러움 집중 검토,,60.9989373007439,48.65,P3,말투·질문응답·가독성 위주 검토
ABF-328,사진 대조 1차 교정본,884,"02:15:12,880 --> 02:15:13,820",0.94,무슨 일이었을까.,응.,그러게 말이야.,중립·혼합형,sub_0884_8112.9s.jpg,0.02,,,25.0,90.0,50.0,78.0,75.0,0.58634,0.0,66.0,0.0,0.0,0.1565,무슨 얘기였지?,어때?,일본어 원문 + 타임스탬프 사진 + 장면 연속성,39.69,T3,화자·문맥·자연스러움 집중 검토,,60.89266737513284,48.6,P3,말투·질문응답·가독성 위주 검토
ABF-328,사진 대조 1차 교정본,334,"00:51:36,000 --> 00:51:36,980",0.98,"아, 더 세게.","시끄러워, 진짜.",계속해 줘.,반응형,sub_0334_3096.0s.jpg,0.0,,,25.0,90.0,50.0,78.0,75.0,0.58532,0.0,66.0,0.0,0.0,0.3801,"아, 아, 아, 아, 아, 아, 아,","아, 아, 아, 아, 아, 아, 아",,39.64,T3,화자·문맥·자연스러움 집중 검토,,60.73326248671626,48.5,P3,말투·질문응답·가독성 위주 검토
ABF-328,사진 대조 1차 교정본,373,"00:58:17,220 --> 00:58:18,380",1.16,그럼 그거 먹자.,컵라면 하나 있지 않아?,"'그거라도 먹자'라니, 웬 생색이야?",중립·혼합형,sub_0373_3497.2s.jpg,0.02,,,25.0,90.0,50.0,78.0,75.0,0.58516,0.0,66.0,0.0,0.0,0.3627,"아아, 또 다른 미분으로 먹자.",[불명],,39.64,T3,화자·문맥·자연스러움 집중 검토,,60.73326248671626,48.5,P3,말투·질문응답·가독성 위주 검토
ABF-328,사진 대조 1차 교정본,775,"01:47:24,580 --> 01:47:25,800",1.22,도망가지 마.,부끄럽다고?,기분 좋아?,반말형,sub_0775_6444.6s.jpg,0.02,,,25.0,90.0,50.0,78.0,75.0,0.58442,0.0,66.0,0.0,0.0,0.3403,하지 마.,잠깐만.,손상된 일본어 ASR + 타임스탬프 사진 + 앞뒤 문맥 추론,39.61,T3,화자·문맥·자연스러움 집중 검토,,60.52072263549415,48.39,P3,말투·질문응답·가독성 위주 검토
ABF-328,사진 대조 1차 교정본,808,"01:58:49,830 --> 01:58:50,910",1.08,"아, 나 싸 버릴 것 같아.",좋아?,"아, 안 돼.",중립·혼합형,sub_0808_7129.8s.jpg,0.03,,,25.0,90.0,50.0,78.0,75.0,0.53785,10.91,66.0,0.0,0.0,0.7409,"싸버릴 것 같아, 싸 버릴 것 같아.","싸 버릴 것 같아, 싸 버릴 것 같아.",,39.61,T3,화자·문맥·자연스러움 집중 검토,,60.52072263549415,48.39,P3,말투·질문응답·가독성 위주 검토
ABF-328,사진 대조 1차 교정본,262,"00:44:08,160 --> 00:44:10,800",2.64,기다리시게 해서 죄송합니다.,잠시만 기다려 주십시오.,처리 방법을 확인해서 다시 연락드리겠습니다.,중립·혼합형,sub_0262_2648.2s.jpg,0.04,,,25.0,90.0,50.0,78.0,75.0,0.58339,0.0,66.0,0.0,0.0,0.4371,죄송합니다...,죄송합니다…,,39.56,T3,화자·문맥·자연스러움 집중 검토,,60.36131774707758,48.3,P3,말투·질문응답·가독성 위주 검토
ABF-328,사진 대조 1차 교정본,851,"02:11:50,400 --> 02:11:51,120",0.72,천천히.,좋아.,부드럽게…,중립·혼합형,sub_0851_7910.4s.jpg,0.0,,,25.0,90.0,50.0,78.0,75.0,0.44642,31.63,66.0,0.0,0.0,0.9136,좀 더 천천히.,기억해 둘게.,일본어 원문 + 타임스탬프 사진 + 장면 연속성,39.5,T3,화자·문맥·자연스러움 집중 검토,,60.255047821466526,48.22,P3,말투·질문응답·가독성 위주 검토
ABF-328,사진 대조 1차 교정본,210,"00:38:12,150 --> 00:38:13,250",1.1,그래도 기분 좋았지?,안 싸고는 끝낼 수가 없잖아.,전혀 안 좋았거든!,반말형,sub_0210_2292.2s.jpg,0.05,,,25.0,90.0,50.0,78.0,75.0,0.58157,0.0,66.0,0.0,0.0,0.2912,그래도 기분은 좋아요.,그래도 기분 좋았어요.,손상된 일본어 ASR + 타임스탬프 사진 + 앞뒤 문맥 추론,39.49,T3,화자·문맥·자연스러움 집중 검토,,60.148777895855474,48.17,P3,말투·질문응답·가독성 위주 검토
ABF-328,사진 대조 1차 교정본,571,"01:19:56,380 --> 01:19:57,380",1.0,정말 대단하네.,움직이고 싶어져.,어때? 너무 혈기왕성해?,반말형,sub_0571_4796.4s.jpg,0.02,,,25.0,90.0,50.0,78.0,75.0,0.45,30.56,66.0,0.0,0.0,0.9047,대단하네.,땀이 엄청나네.,손상된 일본어 ASR + 타임스탬프 사진 + 앞뒤 문맥 추론,39.46,T3,화자·문맥·자연스러움 집중 검토,,60.042507970244415,48.1,P3,말투·질문응답·가독성 위주 검토
ABF-328,사진 대조 1차 교정본,333,"00:51:33,780 --> 00:51:35,580",1.8,"시끄러워, 진짜.",이대로 계속하면 나 진짜 싸 버릴지도…,"아, 더 세게.",중립·혼합형,sub_0333_3093.8s.jpg,0.02,,,25.0,90.0,50.0,78.0,75.0,0.58054,0.0,66.0,0.0,0.0,0.4287,시끄러워.,넣고 싶어.,,39.44,T3,화자·문맥·자연스러움 집중 검토,,59.93623804463337,48.05,P3,말투·질문응답·가독성 위주 검토
ABF-328,사진 대조 1차 교정본,148,"00:30:32,480 --> 00:30:33,080",0.6,옷 때문에 방해돼.,뭐?,옷이 방해된다고?,반말형,sub_0148_1832.5s.jpg,0.02,,,25.0,90.0,50.0,78.0,75.0,0.5791,0.0,66.0,0.0,0.0,0.2882,경기 때문에 와 주셨습니다.,경기 건으로 와 주셨습니다.,사진 장면 확인 및 한국어 번역투 교정,39.38,T3,화자·문맥·자연스러움 집중 검토,,59.82996811902231,47.97,P3,말투·질문응답·가독성 위주 검토
ABF-328,사진 대조 1차 교정본,604,"01:22:09,220 --> 01:22:09,780",0.56,무슨 뜻이야?,후후후.,후후.,반말형,sub_0604_4929.2s.jpg,0.02,,,25.0,90.0,50.0,78.0,75.0,0.5785,0.0,66.0,0.0,0.0,0.5554,'괜찮다'니 무슨 뜻이야? 정말...,'괜찮다'니 무슨 뜻이야? 정말…,,39.36,T3,화자·문맥·자연스러움 집중 검토,,59.723698193411266,47.91,P3,말투·질문응답·가독성 위주 검토
ABF-328,사진 대조 1차 교정본,579,"01:20:50,610 --> 01:20:52,870",2.26,진짜 제대로 집중해 봐.,으음… 잠깐만.,"- 으음.
- 비밀이야.",반말형,sub_0579_4850.6s.jpg,0.01,,,25.0,90.0,50.0,78.0,75.0,0.5685,2.3,66.0,0.0,0.0,0.6692,진짜 제대로 집중해봐.,진짜 제대로 집중해 봐.,,39.35,T3,화자·문맥·자연스러움 집중 검토,,59.61742826780021,47.86,P3,말투·질문응답·가독성 위주 검토
ABF-328,사진 대조 1차 교정본,377,"00:58:29,280 --> 00:58:32,140",2.86,생각해 보니 너 나보다…,뭐야 그게?,일 훨씬 잘하잖아.,반말형,sub_0377_3509.3s.jpg,0.02,,,25.0,90.0,50.0,78.0,75.0,0.56619,2.77,66.0,0.0,0.0,0.6731,생각해 보니 너 나보다...,생각해 보니 너 나보다…,,39.34,T3,화자·문맥·자연스러움 집중 검토,,59.51115834218916,47.81,P3,말투·질문응답·가독성 위주 검토
ABF-328,사진 대조 1차 교정본,160,"00:31:06,730 --> 00:31:07,730",1.0,손으로 해 줄까?,손 줘봐.,뭐?,반응형,sub_0160_1866.7s.jpg,0.03,,,25.0,90.0,50.0,78.0,75.0,0.56901,2.07,66.0,0.0,0.0,0.6673,손으로 해줄까?,손으로 해 줄까?,,39.33,T3,화자·문맥·자연스러움 집중 검토,,59.4048884165781,47.76,P3,말투·질문응답·가독성 위주 검토
ABF-328,사진 대조 1차 교정본,638,"01:24:47,630 --> 01:24:48,030",0.4,이제 충분하잖아.,전혀…,하하.,반응형,sub_0638_5087.6s.jpg,0.03,,,25.0,90.0,50.0,78.0,75.0,0.50593,0.0,66.0,30.0,0.0,0.2289,당연하잖아.,당연히 가져왔지.,타임스탬프 사진과 앞뒤 장면으로 대사 기능 복원,39.31,T3,화자·문맥·자연스러움 집중 검토,high_cps,59.29861849096706,47.71,P3,말투·질문응답·가독성 위주 검토
ABF-328,사진 대조 1차 교정본,875,"02:14:53,380 --> 02:14:54,180",0.8,끈질기게 자꾸 울리네.,이 벨 소리 어떻게 끄지?,급한 전화인가? 큰일인가?,반말형,sub_0875_8093.4s.jpg,0.02,,,25.0,90.0,50.0,78.0,75.0,0.57489,0.0,66.0,0.0,0.0,0.1715,느리네.,천천히 해.,손상된 일본어 ASR + 타임스탬프 사진 + 앞뒤 문맥 추론,39.21,T3,화자·문맥·자연스러움 집중 검토,,59.192348565356,47.6,P3,말투·질문응답·가독성 위주 검토
ABF-328,사진 대조 1차 교정본,358,"00:54:57,860 --> 00:54:58,760",0.9,그거 최고야…,거기도 더 해 줘.,기분 좋아.,반말형,sub_0358_3297.9s.jpg,0.04,,,25.0,90.0,50.0,78.0,75.0,0.57444,0.0,66.0,0.0,0.0,0.5034,그거 최고야...,그거 최고야…,,39.19,T3,화자·문맥·자연스러움 집중 검토,,59.086078639744954,47.55,P3,말투·질문응답·가독성 위주 검토
ABF-328,사진 대조 1차 교정본,103,"00:26:59,610 --> 00:27:00,750",1.14,"아니거든, 안 떨거든!",엄청 떨고 있네.,잠깐 이쪽 좀 봐.,반응형,sub_0103_1619.6s.jpg,0.01,,,25.0,90.0,50.0,78.0,75.0,0.5743,0.0,66.0,0.0,0.0,0.0949,안 돼!,아… 또 갈 것 같아…,타임스탬프 사진으로 장면 불일치 확인 후 재복원,39.18,T3,화자·문맥·자연스러움 집중 검토,,58.92667375132837,47.47,P3,말투·질문응답·가독성 위주 검토
ABF-328,사진 대조 1차 교정본,432,"01:02:03,460 --> 01:02:06,460",3.0,잠깐만…,이제 그만해…,"대체 뭐야, 진짜…",반응형,sub_0432_3723.5s.jpg,0.04,,,25.0,90.0,50.0,78.0,75.0,0.39423,42.0,66.0,0.0,0.0,1.0,잠깐만…,나만 벗는 거야?,일본어 원문 + 타임스탬프 사진 + 장면 연속성,39.18,T3,화자·문맥·자연스러움 집중 검토,,58.92667375132837,47.47,P3,말투·질문응답·가독성 위주 검토
ABF-328,사진 대조 1차 교정본,479,"01:09:42,540 --> 01:09:42,940",0.4,난 탄멘 먹었어.,"응, 그거.",뭐?,반응형,sub_0479_4182.5s.jpg,0.04,,,25.0,90.0,50.0,78.0,75.0,0.51371,0.0,66.0,25.0,0.0,0.5022,그럼 오늘은 잘 먹었어.,그럼 오늘은 잘 먹었어요.,식사 후 인사말 자연화,39.14,T3,화자·문맥·자연스러움 집중 검토,borderline_cps,58.76726886291179,47.38,P3,말투·질문응답·가독성 위주 검토
ABF-328,사진 대조 1차 교정본,515,"01:14:14,120 --> 01:14:14,560",0.44,시끄러워.,응.,말 좀 그만해.,중립·혼합형,sub_0515_4454.1s.jpg,0.02,,,25.0,90.0,50.0,78.0,75.0,0.3932,42.0,66.0,0.0,0.0,1.0,시끄러워.,넣고 싶어.,,39.13,T3,화자·문맥·자연스러움 집중 검토,,58.66099893730075,47.33,P3,말투·질문응답·가독성 위주 검토
ABF-328,사진 대조 1차 교정본,652,"01:26:59,380 --> 01:27:01,800",2.42,흘러내리고 있어.,"기다려, 더 부드럽게 해 줘.",너 너무 느끼는 거 아니야?,반응형,sub_0652_5219.4s.jpg,0.02,,,25.0,90.0,50.0,78.0,75.0,0.57272,0.0,66.0,0.0,0.0,0.2617,뒤에 있어.,뒤쪽도 보여 줘.,일본어 원문 대조 + 자연스러운 한국어 대사 교정,39.11,T3,화자·문맥·자연스러움 집중 검토,,58.55472901168969,47.28,P3,말투·질문응답·가독성 위주 검토
ABF-328,사진 대조 1차 교정본,448,"01:05:24,450 --> 01:05:25,770",1.32,내 말 들려?,위험하다고.,있잖아.,중립·혼합형,sub_0448_3924.4s.jpg,0.05,,,25.0,90.0,50.0,78.0,75.0,0.57155,0.0,66.0,0.0,0.0,0.1876,안 졸려? 안 졸려?,아직 안 졸리지?,일본어 원문 대조 + 자연스러운 한국어 대사 교정,39.06,T3,화자·문맥·자연스러움 집중 검토,,58.44845908607864,47.2,P3,말투·질문응답·가독성 위주 검토
ABF-328,사진 대조 1차 교정본,460,"01:06:37,960 --> 01:06:43,840",5.88,"계속 흘러넘치고 있어.
무슨 소리야, 정말.",뭐라고?,이런 거 때문에 젖은 거 아니거든!,반말형,sub_0460_3998.0s.jpg,0.04,,,25.0,90.0,50.0,78.0,75.0,0.57024,0.0,66.0,0.0,0.0,0.5423,벌써 흘러넘치고 있어...,벌써 흘러넘치고 있어…,,39.01,T3,화자·문맥·자연스러움 집중 검토,,58.34218916046758,47.13,P3,말투·질문응답·가독성 위주 검토
ABF-328,사진 대조 1차 교정본,746,"01:38:43,050 --> 01:38:44,370",1.32,나는 집에 가려고 했는데…,입으로 해 줄게…,안 돼?,중립·혼합형,sub_0746_5923.1s.jpg,0.05,,,25.0,90.0,50.0,78.0,75.0,0.55388,3.72,66.0,0.0,0.0,0.681,나는 집에 가려고 했는데...,나는 집에 가려고 했는데…,,38.99,T3,화자·문맥·자연스러움 집중 검토,,58.23591923485654,47.07,P3,말투·질문응답·가독성 위주 검토
ABF-328,사진 대조 1차 교정본,371,"00:58:05,720 --> 00:58:06,460",0.74,그러게.,그런데 배고프지 않아?,컵라면 하나 있지 않아?,중립·혼합형,sub_0371_3485.7s.jpg,0.02,,,25.0,90.0,50.0,78.0,75.0,0.38935,42.0,66.0,0.0,0.0,1.0,그러게.,목욕하면서 이러는 거…,일본어 원문 + 타임스탬프 사진 + 장면 연속성,38.97,T3,화자·문맥·자연스러움 집중 검토,,58.07651434643996,46.99,P3,말투·질문응답·가독성 위주 검토
ABF-328,사진 대조 1차 교정본,907,"02:23:15,960 --> 02:23:16,640",0.68,너무 무리해서는 안 돼.,몸에 너무 무리 가지 않게 조심하고.,둘이 박자 잘 맞추면 돼.,반말형,sub_0907_8596.0s.jpg,0.04,,,25.0,90.0,50.0,78.0,75.0,0.56921,0.0,66.0,0.0,0.0,0.3859,안 돼.,"네, 놀랐어요.",타임스탬프 사진과 앞뒤 장면으로 대사 기능 복원,38.97,T3,화자·문맥·자연스러움 집중 검토,,58.07651434643996,46.99,P3,말투·질문응답·가독성 위주 검토
ABF-328,사진 대조 1차 교정본,56,"00:23:48,240 --> 00:23:49,060",0.82,남자친구도 없잖아?,너 오래 참은 거 아니야?,남자친구는 없지만…,반응형,sub_0056_1428.2s.jpg,0.04,,,25.0,90.0,50.0,78.0,75.0,0.56911,0.0,66.0,0.0,0.0,0.3006,남자친구는 없지만...,남자친구는 없지만…,,38.96,T3,화자·문맥·자연스러움 집중 검토,,57.917109458023376,46.92,P3,말투·질문응답·가독성 위주 검토
ABF-328,사진 대조 1차 교정본,848,"02:11:34,830 --> 02:11:35,870",1.04,천천히 숨 내쉬어봐.,후 내쉬면서 그대로 있어.,속으로 깊숙이 느껴봐.,반응형,sub_0848_7894.8s.jpg,0.03,,,25.0,90.0,50.0,78.0,75.0,0.56844,0.0,66.0,0.0,0.0,0.4274,천천히 해 줘.,"좋네. 잠깐, 어떻게 돼 있었지?",일본어 원문 + 타임스탬프 사진 + 장면 연속성,38.93,T3,화자·문맥·자연스러움 집중 검토,,57.81083953241233,46.86,P3,말투·질문응답·가독성 위주 검토
ABF-328,사진 대조 1차 교정본,476,"01:09:38,160 --> 01:09:39,480",1.32,"대체 뭐야, 진짜.",뭐라고?,그런 라면이라니?,반말형,sub_0476_4178.2s.jpg,0.04,,,25.0,90.0,50.0,78.0,75.0,0.52687,9.51,66.0,0.0,0.0,0.7293,"대체 뭐야, 진짜...","대체 뭐야, 진짜…",,38.9,T3,화자·문맥·자연스러움 집중 검토,,57.59829968119023,46.75,P3,말투·질문응답·가독성 위주 검토
ABF-328,사진 대조 1차 교정본,607,"01:22:12,800 --> 01:22:14,120",1.32,"- 안쪽?
- 그게 무슨 뜻이야?","그래도 난 안쪽 깊숙이
들어오는 느낌이 더 좋을지도.",속 안쪽 말이야.,반말형,sub_0607_4932.8s.jpg,0.0,,,25.0,90.0,72.0,78.0,79.0,0.56202,0.0,66.0,0.0,0.0,0.3758,'괜찮다'니 무슨 뜻이야? 정말...,'괜찮다'니 무슨 뜻이야? 정말…,,38.9,T3,화자·문맥·자연스러움 집중 검토,,57.59829968119023,46.75,P3,말투·질문응답·가독성 위주 검토
ABF-328,사진 대조 1차 교정본,675,"01:30:14,780 --> 01:30:16,140",1.36,여자도 마찬가지고.,역시 가는 게 더 기분 좋잖아.,그럼 네가 갈 수 있게 내가 노력해 볼게.,반말형,sub_0675_5414.8s.jpg,0.02,,,25.0,90.0,50.0,78.0,75.0,0.56761,0.0,66.0,0.0,0.0,0.2282,고환도 마찬가지야. 이쪽도 전부 제대로 빨아.,불알도 똑같이. 여기도 제대로 빨아.,,38.9,T3,화자·문맥·자연스러움 집중 검토,,57.59829968119023,46.75,P3,말투·질문응답·가독성 위주 검토
ABF-328,사진 대조 1차 교정본,878,"02:14:59,360 --> 02:15:01,400",2.04,안 받아도 괜찮을까?,어쩌지.,괜찮아.,반응형,sub_0878_8099.4s.jpg,0.04,,,25.0,90.0,50.0,78.0,75.0,0.5674,0.0,66.0,0.0,0.0,0.3706,조금 벌 받아도 돼...,조금 벌 받아도 돼…,,38.89,T3,화자·문맥·자연스러움 집중 검토,,57.38575982996812,46.66,P3,말투·질문응답·가독성 위주 검토
ABF-328,사진 대조 1차 교정본,625,"01:23:22,220 --> 01:23:23,860",1.64,대체 누가 제멋대로라는 거야?,"아니, 이제 안 기다려도 되긴 하지만…",난 아무 말도 안 했거든.,반말형,sub_0625_5002.2s.jpg,0.02,,,25.0,90.0,50.0,78.0,75.0,0.56664,0.0,66.0,0.0,0.0,0.2212,제멋대로인 말을 계속 퍼부었다.,자기 좋을 대로 말을 쏟아냈다.,,38.86,T3,화자·문맥·자연스러움 집중 검토,,57.279489904357064,46.6,P3,말투·질문응답·가독성 위주 검토
ABF-328,사진 대조 1차 교정본,685,"01:31:13,920 --> 01:31:19,480",5.56,"그래도 같이 느껴야지. 내가 노력할게.
너 갈 때까지 안 멈출 거야.","괜찮아, 너는 마음껏 느껴.",대단하시네.,반말형,sub_0685_5473.9s.jpg,0.02,,,25.0,90.0,50.0,78.0,75.0,0.56636,0.0,66.0,0.0,0.0,0.248,그래도 멈출 생각은 없어요.,그래도 멈추진 않을 거예요.,,38.85,T3,화자·문맥·자연스러움 집중 검토,,57.17321997874601,46.55,P3,말투·질문응답·가독성 위주 검토
ABF-328,사진 대조 1차 교정본,554,"01:18:29,300 --> 01:18:34,560",5.26,"대체 뭐야, 정말…",가슴으로 해달라고? 진짜 제멋대로라니까.,그래도 해주고 있잖아.,반말형,sub_0554_4709.3s.jpg,0.0,,,25.0,90.0,50.0,78.0,75.0,0.56623,0.0,66.0,0.0,0.0,0.609,"대체 뭐야, 정말...","대체 뭐야, 정말…",,38.84,T3,화자·문맥·자연스러움 집중 검토,,57.06695005313497,46.5,P3,말투·질문응답·가독성 위주 검토
ABF-328,사진 대조 1차 교정본,73,"00:24:45,760 --> 00:24:46,920",1.16,잠깐만…,으음…,정말…,반응형,sub_0073_1485.8s.jpg,0.04,,,25.0,90.0,50.0,78.0,75.0,0.38484,42.0,66.0,0.0,0.0,1.0,잠깐만…,나만 벗는 거야?,일본어 원문 + 타임스탬프 사진 + 장면 연속성,38.78,T3,화자·문맥·자연스러움 집중 검토,,56.907545164718385,46.39,P3,말투·질문응답·가독성 위주 검토
ABF-328,사진 대조 1차 교정본,654,"01:27:08,840 --> 01:27:10,200",1.36,반대쪽으로 바꿀까?,너 너무 느끼는 거 아니야?,엉덩이 쪽?,반응형,sub_0654_5228.8s.jpg,0.04,,,25.0,90.0,50.0,78.0,75.0,0.56486,0.0,66.0,0.0,0.0,0.1365,왼쪽으로 도는 거야?,그다음엔?,손상된 일본어 ASR + 타임스탬프 사진 + 앞뒤 문맥 추론,38.78,T3,화자·문맥·자연스러움 집중 검토,,56.907545164718385,46.39,P3,말투·질문응답·가독성 위주 검토
ABF-328,사진 대조 1차 교정본,609,"01:22:14,860 --> 01:22:15,620",0.76,"잠깐만, 뭐 하는 거야?!",속 안쪽 말이야.,"기다려, 이제 그만해!",반응형,sub_0609_4934.9s.jpg,0.04,,,25.0,90.0,50.0,78.0,75.0,0.56277,0.0,66.0,0.0,0.0,0.592,"잠깐만,",잠깐만,,38.7,T3,화자·문맥·자연스러움 집중 검토,,56.748140276301804,46.28,P3,말투·질문응답·가독성 위주 검토
ABF-328,사진 대조 1차 교정본,126,"00:28:03,610 --> 00:28:06,070",2.46,내가 일부러 비비는 게 아니야!,안쪽을 계속 비비고 있잖아.,그럼 이렇게 꾹꾹 누르는 건 뭔데?,반응형,sub_0126_1683.6s.jpg,0.01,,,25.0,90.0,50.0,78.0,75.0,0.56245,0.0,66.0,0.0,0.0,0.1295,내가 잡아 줄게.,목욕하면서…,일본어 원문 + 타임스탬프 사진 + 장면 연속성,38.68,T3,화자·문맥·자연스러움 집중 검토,,56.58873538788522,46.2,P3,말투·질문응답·가독성 위주 검토
ABF-328,사진 대조 1차 교정본,678,"01:30:24,520 --> 01:30:26,220",1.7,진짜 느낌 좋다.,조금만 더 하자.,이 자세도 괜찮아?,중립·혼합형,sub_0678_5424.5s.jpg,0.02,,,25.0,90.0,50.0,78.0,75.0,0.56246,0.0,66.0,0.0,0.0,0.222,쇼핑. 느낌 괜찮아? 그러게.,쇼핑도 즐거웠어요. 분위기도 좋았고요.,사진 장면 확인 및 한국어 번역투·ASR 오역 교정,38.68,T3,화자·문맥·자연스러움 집중 검토,,56.58873538788522,46.2,P3,말투·질문응답·가독성 위주 검토
ABF-328,사진 대조 1차 교정본,46,"00:22:56,180 --> 00:22:58,440",2.26,전혀 아니거든!,너도 조금은 흥분한 거 아니야?,그래도 이미 들어갔잖아.,반응형,sub_0046_1376.2s.jpg,0.02,,,25.0,90.0,50.0,78.0,79.0,0.55587,0.0,66.0,0.0,0.0,0.2427,숨은 전혀 안 차네.,아직 전혀 안 취했네.,사진 장면 확인 및 한국어 번역투·ASR 오역 교정,38.65,T3,화자·문맥·자연스러움 집중 검토,,56.429330499468655,46.12,P3,말투·질문응답·가독성 위주 검토
ABF-328,사진 대조 1차 교정본,243,"00:40:23,580 --> 00:40:25,700",2.12,죄송합니다. 그럼 실례하겠습니다.,"네, 잘 부탁드립니다.",아…,존댓말형,sub_0243_2423.6s.jpg,0.02,,,25.0,90.0,50.0,78.0,75.0,0.56031,0.0,66.0,0.0,0.0,0.4331,죄송합니다...,죄송합니다…,,38.59,T3,화자·문맥·자연스러움 집중 검토,,56.21679064824655,45.99,P3,말투·질문응답·가독성 위주 검토
ABF-328,사진 대조 1차 교정본,349,"00:52:51,930 --> 00:52:54,870",2.94,"그래, 거기가 좋아.",으…,역시 꼭지도 핥아 줘.,반응형,sub_0349_3171.9s.jpg,0.03,,,25.0,90.0,50.0,78.0,75.0,0.56028,0.0,66.0,0.0,0.0,0.357,"아, 좋아.","아, 들어온다.",,38.59,T3,화자·문맥·자연스러움 집중 검토,,56.21679064824655,45.99,P3,말투·질문응답·가독성 위주 검토
ABF-328,사진 대조 1차 교정본,612,"01:22:22,080 --> 01:22:22,100",0.02,정말…,왜 멋대로 집어넣어?,"이미 이렇게 서 버렸는데
어떡하라고.",중립·혼합형,sub_0612_4942.1s.jpg,0.02,,,25.0,90.0,50.0,78.0,75.0,0.39364,0.0,66.0,70.0,0.0,0.192,정말.,정말…,일본어 원문 대조 + 자연스러운 한국어 대사 교정,38.59,T3,화자·문맥·자연스러움 집중 검토,high_cps,56.21679064824655,45.99,P3,말투·질문응답·가독성 위주 검토
ABF-328,사진 대조 1차 교정본,892,"02:15:24,080 --> 02:15:24,740",0.66,"그래, 다 끝났어.",필요한 부분도 다 만들었고.,이제 끝났으니까.,반응형,sub_0892_8124.1s.jpg,0.02,,,25.0,90.0,50.0,78.0,75.0,0.55955,0.0,66.0,0.0,0.0,0.2847,"너도 기분 좋지? 안 그래, 사야.","너도 좋지? 그렇지, 사야?",대화체 자연화,38.56,T3,화자·문맥·자연스러움 집중 검토,,56.00425079702445,45.89,P3,말투·질문응답·가독성 위주 검토
ABF-328,사진 대조 1차 교정본,751,"01:39:41,290 --> 01:39:42,530",1.24,"아니, 나 집에 간다니까.",너 이렇게 손목 꽉 잡히는 것도 좋아하잖아.,좋아.,반응형,sub_0751_5981.3s.jpg,0.01,,,25.0,90.0,50.0,78.0,75.0,0.55926,0.0,66.0,0.0,0.0,0.2345,"아니, 뜨거워.",몸이 뜨거워.,손상된 일본어 ASR + 타임스탬프 사진 + 앞뒤 문맥 추론,38.55,T3,화자·문맥·자연스러움 집중 검토,,55.89798087141339,45.84,P3,말투·질문응답·가독성 위주 검토
ABF-328,사진 대조 1차 교정본,255,"00:42:26,180 --> 00:42:49,950",23.77,죄송합니다. 정말 죄송합니다.,"네, 최대한 빨리 만들고 있습니다.",네?,존댓말형,sub_0255_2546.2s.jpg,0.02,,,25.0,90.0,50.0,78.0,75.0,0.49442,7.07,66.0,0.0,18.0,0.7089,죄송합니다...,죄송합니다…,,38.54,T3,화자·문맥·자연스러움 집중 검토,formality_shift,55.79171094580234,45.79,P3,말투·질문응답·가독성 위주 검토
ABF-328,사진 대조 1차 교정본,311,"00:50:30,220 --> 00:50:31,420",1.2,이제 통화 끝났어.,아직 통화 중이잖아.,괜찮아?,반응형,sub_0311_3030.2s.jpg,0.02,,,25.0,90.0,50.0,78.0,75.0,0.55878,0.0,66.0,0.0,0.0,0.1608,이제 안 할게.,이제 안 애태울게.,,38.53,T3,화자·문맥·자연스러움 집중 검토,,55.685441020191284,45.74,P3,말투·질문응답·가독성 위주 검토
ABF-328,사진 대조 1차 교정본,423,"01:00:42,010 --> 01:00:43,050",1.04,갑자기 뭐 하는 거야?,"아, 미안, 미안해.",자료 진짜 찾은 거 맞아?,반말형,sub_0423_3642.0s.jpg,0.01,,,25.0,90.0,50.0,78.0,75.0,0.55792,0.0,66.0,0.0,0.0,0.461,뭐라고 하는 거야?,뭐라고 말해야 해?,일본어 원문 대조 + 자연스러운 한국어 대사 교정,38.49,T3,화자·문맥·자연스러움 집중 검토,,55.5260361317747,45.65,P3,말투·질문응답·가독성 위주 검토
ABF-328,사진 대조 1차 교정본,549,"01:17:07,050 --> 01:17:09,690",2.64,시끄러워.,그러면서 엄청 원한다는 듯이 핥고 있잖아.,기분 좋아…,중립·혼합형,sub_0549_4627.1s.jpg,0.05,,,25.0,90.0,50.0,78.0,75.0,0.37793,42.0,66.0,0.0,0.0,1.0,시끄러워.,넣고 싶어.,,38.49,T3,화자·문맥·자연스러움 집중 검토,,55.5260361317747,45.65,P3,말투·질문응답·가독성 위주 검토
ABF-328,사진 대조 1차 교정본,477,"01:09:39,680 --> 01:09:40,000",0.32,그런 라면이라니?,"대체 뭐야, 진짜.","응, 그거.",중립·혼합형,sub_0477_4179.7s.jpg,0.02,,,25.0,90.0,50.0,78.0,75.0,0.42667,0.0,66.0,55.0,0.0,0.132,그런 거 집에서 해봐.,그런 거 집에서 해 봐.,,38.48,T3,화자·문맥·자연스러움 집중 검토,high_cps,55.366631243358135,45.57,P3,말투·질문응답·가독성 위주 검토
ABF-328,사진 대조 1차 교정본,387,"00:59:10,420 --> 00:59:11,380",0.96,좀 뺏어 먹을 수도 있지.,그거 내가 제일 좋아하는 라면인데.,그런데 스즈모리 너 요리도 해?,반응형,sub_0387_3550.4s.jpg,0.02,,,25.0,90.0,50.0,78.0,75.0,0.55721,0.0,66.0,0.0,0.0,0.338,분위기 있지.,그런 분위기 좋지.,일본어 원문 대조 + 자연스러운 한국어 대사 교정,38.46,T3,화자·문맥·자연스러움 집중 검토,,55.260361317747076,45.52,P3,말투·질문응답·가독성 위주 검토
ABF-328,사진 대조 1차 교정본,527,"01:15:25,340 --> 01:15:26,020",0.68,그만 좀 세워.,좀 가라앉혀봐.,으음.,중립·혼합형,sub_0527_4525.3s.jpg,0.04,,,25.0,90.0,50.0,78.0,75.0,0.55681,0.0,66.0,0.0,0.0,0.1736,좀 더 무서워.,좀 무서워.,,38.45,T3,화자·문맥·자연스러움 집중 검토,,55.15409139213603,45.47,P3,말투·질문응답·가독성 위주 검토
ABF-328,사진 대조 1차 교정본,211,"00:38:14,450 --> 00:38:15,150",0.7,전혀 안 좋았거든!,그래도 기분 좋았지?,사실은 기분 좋았으면서.,중립·혼합형,sub_0211_2294.4s.jpg,0.05,,,25.0,90.0,50.0,78.0,79.0,0.55097,0.0,66.0,0.0,0.0,0.2617,숨은 전혀 안 차네.,아직 전혀 안 취했네.,사진 장면 확인 및 한국어 번역투·ASR 오역 교정,38.44,T3,화자·문맥·자연스러움 집중 검토,,55.04782146652497,45.42,P3,말투·질문응답·가독성 위주 검토
ABF-328,사진 대조 1차 교정본,439,"01:03:09,900 --> 01:03:10,740",0.84,자료는?,저기…,잠깐만…,중립·혼합형,sub_0439_3789.9s.jpg,0.0,,,25.0,90.0,50.0,78.0,75.0,0.55604,0.0,66.0,0.0,0.0,0.0445,다음 주 중요한 현장에 쓸 자료를 어제 회사에서 스즈모리랑 둘이 야근하며 만들었지.,다음 주 중요한 현장에 쓸 자료를 어제 스즈모리와 둘이 야근하며 만들었지.,내레이션 어순 및 조사 교정,38.41,T3,화자·문맥·자연스러움 집중 검토,,54.94155154091393,45.35,P3,말투·질문응답·가독성 위주 검토
ABF-328,사진 대조 1차 교정본,347,"00:52:46,450 --> 00:52:46,490",0.04,후후.,아…,으…,중립·혼합형,sub_0347_3166.4s.jpg,0.05,,,25.0,90.0,50.0,78.0,75.0,0.38861,0.0,66.0,70.0,0.0,0.2135,"후후후, 어서 와.","후후후, 차가워!",손상된 일본어 ASR + 타임스탬프 사진 + 앞뒤 문맥 추론,38.38,T3,화자·문맥·자연스러움 집중 검토,high_cps,54.83528161530287,45.29,P3,말투·질문응답·가독성 위주 검토
ABF-328,사진 대조 1차 교정본,215,"00:38:48,410 --> 00:38:49,450",1.04,그러니까 미안하다고.,"끈질기게 진짜! 기분 좋았어, 됐어?!",미안하다고 끝날 일이 아니잖아!,중립·혼합형,sub_0215_2328.4s.jpg,0.01,,,25.0,90.0,50.0,78.0,75.0,0.55469,0.0,66.0,0.0,0.0,0.3942,그러니까 아직 안 왔어요.,아직 안 왔네요.,사진 장면 확인 및 한국어 번역투·ASR 오역 교정,38.36,T3,화자·문맥·자연스러움 집중 검토,,54.729011689691816,45.23,P3,말투·질문응답·가독성 위주 검토
ABF-328,사진 대조 1차 교정본,21,"00:02:39,930 --> 00:02:41,610",1.68,얘는 정장도 제대로 입고 있고.,"아니, 설마 그럴 리 없지.",그냥 회사 동기일 뿐이잖아.,중립·혼합형,sub_0021_159.9s.jpg,0.03,,,25.0,90.0,50.0,78.0,75.0,0.55358,0.0,66.0,0.0,0.0,0.2719,제대로 돼 있네.,제대로 가려지네.,일본어 원문 대조 + 자연스러운 한국어 대사 교정,38.31,T3,화자·문맥·자연스러움 집중 검토,,54.622741764080764,45.16,P3,말투·질문응답·가독성 위주 검토
ABF-328,사진 대조 1차 교정본,63,"00:24:20,320 --> 00:24:33,420",13.1,안 들어갔거든…,벌써 깊이 들어갔어.,"괜찮아, 괜찮아.",반응형,sub_0063_1460.3s.jpg,0.02,,,25.0,90.0,50.0,78.0,75.0,0.55261,0.0,66.0,0.0,0.0,0.5568,안 들어갔거든...,안 들어갔거든…,,38.27,T3,화자·문맥·자연스러움 집중 검토,,54.51647183846971,45.09,P3,말투·질문응답·가독성 위주 검토
ABF-328,사진 대조 1차 교정본,57,"00:23:50,440 --> 00:23:52,860",2.42,남자친구는 없지만…,남자친구도 없잖아?,그럼 괜찮잖아.,반말형,sub_0057_1430.4s.jpg,0.04,,,25.0,90.0,50.0,78.0,75.0,0.51928,7.73,66.0,0.0,0.0,0.7144,남자친구는 없지만...,남자친구는 없지만…,,38.26,T3,화자·문맥·자연스러움 집중 검토,,54.41020191285866,45.04,P3,말투·질문응답·가독성 위주 검토
ABF-328,사진 대조 1차 교정본,732,"01:36:58,790 --> 01:37:00,650",1.86,뭐 하는 거야?,이렇게 귀여운 여자를 혼자 두고 가 버리려고?,어차피 집에 가도 할 일 없잖아.,반말형,sub_0732_5818.8s.jpg,0.01,,,25.0,90.0,50.0,78.0,75.0,0.54087,2.44,66.0,0.0,0.0,0.6703,뭐라고 하는 거야?,뭐라고 말해야 해?,일본어 원문 대조 + 자연스러운 한국어 대사 교정,38.22,T3,화자·문맥·자연스러움 집중 검토,,54.30393198724761,44.98,P3,말투·질문응답·가독성 위주 검토
ABF-328,사진 대조 1차 교정본,772,"01:47:09,060 --> 01:47:13,960",4.9,이렇게 하면 돼?,괜찮으니까.,부끄러워.,중립·혼합형,sub_0772_6429.1s.jpg,0.04,,,25.0,90.0,50.0,78.0,75.0,0.55052,0.0,66.0,0.0,0.0,0.4333,이렇게 하면 두 배로 느껴져요.,향까지 나니까 두 배로 좋아요.,,38.18,T3,화자·문맥·자연스러움 집중 검토,,54.19766206163656,44.91,P3,말투·질문응답·가독성 위주 검토
ABF-328,사진 대조 1차 교정본,921,"02:34:29,740 --> 02:34:53,180",23.44,오오… 윽…,다섯 번째 자세…,얼굴에 묻었는데 바로 닦아 주지 못했어.,중립·혼합형,sub_0921_9269.7s.jpg,0.04,,,25.0,90.0,50.0,78.0,75.0,0.54898,0.0,66.0,0.0,0.0,0.5337,오오… 됐어!,아… 나올 것 같아.,손상된 일본어 ASR + 타임스탬프 사진 + 앞뒤 문맥 추론,38.12,T3,화자·문맥·자연스러움 집중 검토,,54.091392136025505,44.83,P3,말투·질문응답·가독성 위주 검토
ABF-328,사진 대조 1차 교정본,834,"02:10:04,180 --> 02:10:06,240",2.06,조금 비켜봐…,앞이 잘 안 보여…,잠깐만.,중립·혼합형,sub_0834_7804.2s.jpg,0.02,,,25.0,90.0,50.0,78.0,75.0,0.54875,0.0,66.0,0.0,0.0,0.4812,조금 비켜봐...,조금 비켜봐…,,38.11,T3,화자·문맥·자연스러움 집중 검토,,53.985122210414445,44.78,P3,말투·질문응답·가독성 위주 검토
ABF-328,사진 대조 1차 교정본,58,"00:23:53,600 --> 00:23:54,860",1.26,그럼 괜찮잖아.,남자친구는 없지만…,'괜찮다'니 무슨 뜻이야? 정말…,반응형,sub_0058_1433.6s.jpg,0.0,,,25.0,90.0,50.0,78.0,75.0,0.54662,0.0,66.0,0.0,0.0,0.3989,하지만 내가 사랑하는 건 너뿐이니까 괜찮잖아.,너만 사랑한다니까.,,38.02,T3,화자·문맥·자연스러움 집중 검토,,53.8788522848034,44.68,P3,말투·질문응답·가독성 위주 검토
ABF-328,사진 대조 1차 교정본,619,"01:22:37,830 --> 01:22:39,730",1.9,"네가 이렇게 야한 옷차림을
하고 있으니까 그렇지.",이렇게 된 이상 어쩔 수 없잖아.,별로 야한 차림 아니거든!,반말형,sub_0619_4957.8s.jpg,0.03,,,25.0,90.0,50.0,78.0,75.0,0.54524,0.0,66.0,0.0,0.0,0.1723,이렇게 하니까 역시...,이렇게 하니까 역시…,,37.96,T3,화자·문맥·자연스러움 집중 검토,,53.77258235919234,44.6,P3,말투·질문응답·가독성 위주 검토
ABF-328,사진 대조 1차 교정본,232,"00:39:51,720 --> 00:39:53,000",1.28,요코야마 부장님 전화다.,자꾸 귀찮게 구니까 됐어. 나 샤워나 할 거야.,"아, 안녕하세요!",반말형,sub_0232_2391.7s.jpg,0.02,,,25.0,90.0,50.0,78.0,75.0,0.54494,0.0,66.0,0.0,0.0,0.1824,부장님...,부장님…,,37.95,T3,화자·문맥·자연스러움 집중 검토,,53.6663124335813,44.55,P3,말투·질문응답·가독성 위주 검토
ABF-328,사진 대조 1차 교정본,469,"01:08:20,660 --> 01:08:21,420",0.76,아무것도 아니야.,그런 게 아니야.,그런데 정말 좋아졌어.,반응형,sub_0469_4100.7s.jpg,0.04,,,25.0,90.0,50.0,78.0,75.0,0.54444,0.0,66.0,0.0,0.0,0.4073,차 안에는 따로 아무것도 없나요?,배 안에는 따로 볼 게 없나요?,'차 안' 사물 오인식 교정,37.93,T3,화자·문맥·자연스러움 집중 검토,,53.506907545164715,44.47,P3,말투·질문응답·가독성 위주 검토
ABF-328,사진 대조 1차 교정본,684,"01:31:10,420 --> 01:31:12,220",1.8,"괜찮아, 너는 마음껏 느껴.",나만 기분 좋아지는 건 미안하잖아.,"그래도 같이 느껴야지. 내가 노력할게.
너 갈 때까지 안 멈출 거야.",반응형,sub_0684_5470.4s.jpg,0.02,,,25.0,90.0,50.0,78.0,75.0,0.54462,0.0,66.0,0.0,0.0,0.2758,"아니, 역시 그건 무리에요. 괜찮아, 괜찮아.","아니, 역시 그건 무리예요. 괜찮아 괜찮아.",,37.93,T3,화자·문맥·자연스러움 집중 검토,,53.506907545164715,44.47,P3,말투·질문응답·가독성 위주 검토
ABF-328,사진 대조 1차 교정본,769,"01:47:00,260 --> 01:47:01,340",1.08,엎드려 볼래?,있잖아.,엎드리라고?,중립·혼합형,sub_0769_6420.3s.jpg,0.04,,,25.0,90.0,50.0,78.0,75.0,0.54427,0.0,66.0,0.0,0.0,0.3054,엎드려서...,엎드려서…,,37.92,T3,화자·문맥·자연스러움 집중 검토,,53.347502656748134,44.4,P3,말투·질문응답·가독성 위주 검토
ABF-328,사진 대조 1차 교정본,422,"01:00:35,790 --> 01:00:41,790",6.0,"아, 미안, 미안해.","아, 찾았다!",갑자기 뭐 하는 거야?,반응형,sub_0422_3635.8s.jpg,0.01,,,25.0,90.0,50.0,78.0,75.0,0.47389,16.19,66.0,0.0,0.0,0.7849,"하지 마. 미안, 미안해, 미안해.","잠깐만. 미안, 미안해.",일본어 원문 대조 + 자연스러운 한국어 대사 교정,37.88,T3,화자·문맥·자연스러움 집중 검토,,53.24123273113709,44.33,P3,말투·질문응답·가독성 위주 검토
ABF-328,사진 대조 1차 교정본,228,"00:39:21,950 --> 00:39:23,090",1.14,됐거든? 이제 그만해.,기분 좋았으면 된 거지 뭐.,뭐? 왜?,반말형,sub_0228_2361.9s.jpg,0.05,,,25.0,90.0,50.0,78.0,75.0,0.54289,0.0,66.0,0.0,0.0,0.4599,"안 돼, 그만해.","배 아파, 그만해.",,37.86,T3,화자·문맥·자연스러움 집중 검토,,53.028692879914985,44.23,P3,말투·질문응답·가독성 위주 검토
ABF-328,사진 대조 1차 교정본,442,"01:03:55,580 --> 01:04:00,180",4.6,잠깐만…,살살…,이제 그만 움직여.,반응형,sub_0442_3835.6s.jpg,0.02,,,25.0,90.0,50.0,78.0,75.0,0.36295,42.0,66.0,0.0,0.0,1.0,잠깐만…,나만 벗는 거야?,일본어 원문 + 타임스탬프 사진 + 장면 연속성,37.86,T3,화자·문맥·자연스러움 집중 검토,,53.028692879914985,44.23,P3,말투·질문응답·가독성 위주 검토
ABF-328,사진 대조 1차 교정본,681,"01:30:55,940 --> 01:30:56,860",0.92,갈 수 있을 것 같아?,어때?,글쎄… 조금 더 해 봐야 알 것 같아.,반응형,sub_0681_5455.9s.jpg,0.04,,,25.0,90.0,50.0,78.0,75.0,0.54291,0.0,66.0,0.0,0.0,0.504,싸버릴 것 같아?,싸 버릴 것 같아?,,37.86,T3,화자·문맥·자연스러움 집중 검토,,53.028692879914985,44.23,P3,말투·질문응답·가독성 위주 검토
ABF-328,사진 대조 1차 교정본,197,"00:35:52,270 --> 00:35:52,910",0.64,강한 게 좋아?,세게 하면 기분 좋잖아.,왜 목소리가 그래? 아침이라 목이 잠겼어?,반응형,sub_0197_2152.3s.jpg,0.03,,,25.0,90.0,50.0,78.0,75.0,0.54198,0.0,66.0,0.0,0.0,0.4113,어떻게 먹는 게 좋아?,어떻게 해 주는 게 좋아?,일본어 원문 대조 + 자연스러운 한국어 대사 교정,37.82,T3,화자·문맥·자연스러움 집중 검토,,52.81615302869288,44.12,P3,말투·질문응답·가독성 위주 검토
ABF-328,사진 대조 1차 교정본,865,"02:14:15,340 --> 02:14:16,280",0.94,"괜찮아, 이제 됐어.",나오는 게 나을까?,괜찮지?,반응형,sub_0865_8055.3s.jpg,0.04,,,25.0,90.0,50.0,78.0,75.0,0.54057,0.0,66.0,0.0,0.0,0.3862,"아니, 역시 그건 무리에요. 괜찮아, 괜찮아.","아니, 역시 그건 무리예요. 괜찮아 괜찮아.",,37.76,T3,화자·문맥·자연스러움 집중 검토,,52.70988310308182,44.04,P3,말투·질문응답·가독성 위주 검토
ABF-328,사진 대조 1차 교정본,265,"00:44:50,870 --> 00:46:00,860",69.99,"네, 죄송합니다. 피곤하냐고요? 아닙니다
괜찮습니다. 아무 일도 아닙니다!",수정할 부분을 말씀해 주십시오.,죄송합니다. 네.,중립·혼합형,sub_0265_2690.9s.jpg,0.03,,,25.0,90.0,50.0,78.0,75.0,0.39053,34.86,66.0,0.0,0.0,0.9405,"네, 죄송합니다. 피곤하냐고요? 아닙니다, 괜찮습니다. 아무 일도 아닙니다!","네, 죄송합니다. 피곤하냐고요? 아닙니다 괜찮습니다. 아무 일도 아닙니다!",,37.74,T3,화자·문맥·자연스러움 집중 검토,,52.60361317747078,43.98,P3,말투·질문응답·가독성 위주 검토
ABF-328,사진 대조 1차 교정본,754,"01:40:57,960 --> 01:40:59,420",1.46,기분 좋아?,괜찮아.,진짜 체력이 좋네.,반응형,sub_0754_6058.0s.jpg,0.04,,,25.0,90.0,50.0,78.0,75.0,0.53893,0.0,66.0,0.0,0.0,0.5942,"아, 거기... 기분 좋아?","아, 거기… 기분 좋아?",,37.69,T3,화자·문맥·자연스러움 집중 검토,,52.49734325185972,43.91,P3,말투·질문응답·가독성 위주 검토
ABF-328,사진 대조 1차 교정본,216,"00:38:50,110 --> 00:38:51,270",1.16,미안하다고 끝날 일이 아니잖아!,그러니까 미안하다고.,둘 다 기분 좋았으면 된 거잖아.,반응형,sub_0216_2330.1s.jpg,0.01,,,25.0,90.0,50.0,78.0,75.0,0.53789,0.0,66.0,0.0,0.0,0.1751,일이 되면…,제대로 핥아 줘.,타임스탬프 사진과 장면 흐름으로 명백한 오인식 교정,37.65,T3,화자·문맥·자연스러움 집중 검토,,52.33793836344315,43.82,P3,말투·질문응답·가독성 위주 검토
ABF-328,사진 대조 1차 교정본,414,"00:59:59,920 --> 01:00:01,380",1.46,진짜 그렇다니까.,그게 없으면 진짜 큰일인데.,애써 만들었는데.,중립·혼합형,sub_0414_3599.9s.jpg,0.02,,,25.0,90.0,50.0,78.0,75.0,0.53787,0.0,66.0,0.0,0.0,0.2381,"그렇다면,",그렇다면,,37.65,T3,화자·문맥·자연스러움 집중 검토,,52.33793836344315,43.82,P3,말투·질문응답·가독성 위주 검토
ABF-328,사진 대조 1차 교정본,702,"01:34:12,170 --> 01:34:12,770",0.6,제대로 치워 둬야지.,뭐 하는 거야?,USB에 저장해 둔 거 있잖아.,반말형,sub_0702_5652.2s.jpg,0.03,,,25.0,90.0,50.0,78.0,75.0,0.53663,0.0,66.0,0.0,0.0,0.3073,제대로 돼 있네.,제대로 가려지네.,일본어 원문 대조 + 자연스러운 한국어 대사 교정,37.6,T3,화자·문맥·자연스러움 집중 검토,,52.17853347502657,43.72,P3,말투·질문응답·가독성 위주 검토
ABF-328,사진 대조 1차 교정본,406,"00:59:45,950 --> 00:59:47,050",1.1,뭐 하는 거야?,이봐.,맛있다.,반말형,sub_0406_3585.9s.jpg,0.05,,,25.0,90.0,50.0,78.0,75.0,0.52456,2.44,66.0,0.0,0.0,0.6703,뭐라고 하는 거야?,뭐라고 말해야 해?,일본어 원문 대조 + 자연스러운 한국어 대사 교정,37.53,T3,화자·문맥·자연스러움 집중 검토,,52.072263549415524,43.64,P3,말투·질문응답·가독성 위주 검토
ABF-328,사진 대조 1차 교정본,1,"00:00:27,580 --> 00:00:31,120",3.54,잠깐…,,어라… 아…,반응형,sub_0001_27.6s.jpg,0.02,,,25.0,90.0,50.0,78.0,75.0,0.35461,42.0,66.0,0.0,0.0,1.0,잠깐…,그리고…,일본어 원문 대조 + 자연스러운 한국어 대사 교정,37.51,T3,화자·문맥·자연스러움 집중 검토,,51.91285866099894,43.56,P3,말투·질문응답·가독성 위주 검토
ABF-328,사진 대조 1차 교정본,185,"00:34:32,430 --> 00:34:33,510",1.08,기분 좋은 편이 좋잖아.,아까부터 대체 왜 자꾸 그런 걸 물어봐?,잠이 안 와.,반응형,sub_0185_2072.4s.jpg,0.03,,,25.0,90.0,50.0,78.0,75.0,0.53461,0.0,66.0,0.0,0.0,0.4788,너도 기분 좋잖아...,너도 기분 좋잖아…,,37.51,T3,화자·문맥·자연스러움 집중 검토,,51.91285866099894,43.56,P3,말투·질문응답·가독성 위주 검토
ABF-328,사진 대조 1차 교정본,489,"01:10:49,150 --> 01:10:49,970",0.82,왜 자꾸 맛보라고 해?,이제 됐어.,"- 소금 라면 먹었어?
- 안 먹었어!",반말형,sub_0489_4249.1s.jpg,0.05,,,25.0,90.0,50.0,78.0,75.0,0.53422,0.0,66.0,0.0,0.0,0.2375,왜 자꾸 이러는 거예요…?,왜 자꾸 그러는 거예요…?,손상된 일본어 ASR + 타임스탬프 사진 + 앞뒤 문맥 추론,37.5,T3,화자·문맥·자연스러움 집중 검토,,51.70031880977683,43.46,P3,말투·질문응답·가독성 위주 검토
ABF-328,사진 대조 1차 교정본,749,"01:39:17,530 --> 01:39:19,030",1.5,잠깐만…,싫은 건 아니지만…,너 이렇게 손목 꽉 잡히는 것도 좋아하잖아.,반응형,sub_0749_5957.5s.jpg,0.03,,,25.0,90.0,50.0,78.0,75.0,0.35418,42.0,66.0,0.0,0.0,1.0,잠깐만…,나만 벗는 거야?,일본어 원문 + 타임스탬프 사진 + 장면 연속성,37.5,T3,화자·문맥·자연스러움 집중 검토,,51.70031880977683,43.46,P3,말투·질문응답·가독성 위주 검토
ABF-328,사진 대조 1차 교정본,190,"00:34:54,710 --> 00:34:55,230",0.52,잠이 안 와.,못 자겠다고.,못 자겠어.,중립·혼합형,sub_0190_2094.7s.jpg,0.01,,,25.0,90.0,50.0,78.0,75.0,0.53412,0.0,66.0,0.0,0.0,0.2824,"후후후, 어서 와.","후후후, 차가워!",손상된 일본어 ASR + 타임스탬프 사진 + 앞뒤 문맥 추론,37.49,T3,화자·문맥·자연스러움 집중 검토,,51.54091392136026,43.39,P3,말투·질문응답·가독성 위주 검토
ABF-328,사진 대조 1차 교정본,885,"02:15:13,860 --> 02:15:14,800",0.94,그러게 말이야.,무슨 일이었을까.,아마 자료 때문에 전화하신 거겠지.,반말형,sub_0885_8113.9s.jpg,0.04,,,25.0,90.0,50.0,78.0,75.0,0.53328,0.0,66.0,0.0,0.0,0.56,유두 말이야.,젖꼭지 말이야.,,37.46,T3,화자·문맥·자연스러움 집중 검토,,51.434643995749205,43.33,P3,말투·질문응답·가독성 위주 검토
ABF-328,사진 대조 1차 교정본,2,"00:00:32,580 --> 00:00:34,820",2.24,어라… 아…,잠깐…,여기가 어디지…?,반응형,sub_0002_32.6s.jpg,0.02,,,25.0,90.0,50.0,78.0,75.0,0.5331,0.0,66.0,0.0,0.0,0.3816,"싫어, 아… 아… 아…",싫어… 아… 아…,일본어 원문 대조 + 자연스러운 한국어 대사 교정,37.45,T3,화자·문맥·자연스러움 집중 검토,,51.32837407013815,43.28,P3,말투·질문응답·가독성 위주 검토
ABF-328,사진 대조 1차 교정본,567,"01:19:25,480 --> 01:19:44,680",19.2,젖었잖아.,이쪽.,"기다려, 기다려봐!",반응형,sub_0567_4765.5s.jpg,0.02,,,25.0,90.0,50.0,78.0,79.0,0.52682,0.0,66.0,0.0,0.0,0.2785,너도 느끼고 있었잖아.,너도 좋아했잖아.,,37.43,T3,화자·문맥·자연스러움 집중 검토,,51.2221041445271,43.22,P3,말투·질문응답·가독성 위주 검토
ABF-328,사진 대조 1차 교정본,890,"02:15:22,380 --> 02:15:22,680",0.3,괜찮아.,뭐라고 하시든 자료는 일단 완성했으니까.,필요한 부분도 다 만들었고.,반응형,sub_0890_8122.4s.jpg,0.02,,,25.0,90.0,50.0,78.0,75.0,0.35088,42.0,66.0,0.0,0.0,1.0,괜찮아.,최고예요.,화면 영문 자막 대조,37.36,T3,화자·문맥·자연스러움 집중 검토,,51.11583421891604,43.14,P3,말투·질문응답·가독성 위주 검토
ABF-328,사진 대조 1차 교정본,264,"00:44:34,660 --> 00:44:36,420",1.76,수정할 부분을 말씀해 주십시오.,처리 방법을 확인해서 다시 연락드리겠습니다.,"네, 죄송합니다. 피곤하냐고요? 아닙니다
괜찮습니다. 아무 일도 아닙니다!",반말형,sub_0264_2674.7s.jpg,0.04,,,25.0,90.0,50.0,78.0,75.0,0.49632,0.0,66.0,0.0,18.0,0.0706,남은 부분은 부드럽게 해 갈게요.,남은 부분도 부드럽게 정리할게요.,,37.35,T3,화자·문맥·자연스러움 집중 검토,formality_shift,51.009564293305,43.09,P3,말투·질문응답·가독성 위주 검토
ABF-328,사진 대조 1차 교정본,435,"01:02:40,980 --> 01:02:43,520",2.54,잠깐…,너 느껴서 반응하고 있잖아?,그만해…,반응형,sub_0435_3761.0s.jpg,0.02,,,25.0,90.0,50.0,78.0,75.0,0.35041,42.0,66.0,0.0,0.0,1.0,잠깐…,그리고…,일본어 원문 대조 + 자연스러운 한국어 대사 교정,37.34,T3,화자·문맥·자연스러움 집중 검토,,50.90329436769394,43.04,P3,말투·질문응답·가독성 위주 검토
ABF-328,사진 대조 1차 교정본,276,"00:47:41,010 --> 00:47:42,110",1.1,잠깐만…,실례하겠습니다.,아 진짜 가만히 좀 있어!,반응형,sub_0276_2861.0s.jpg,0.01,,,25.0,90.0,50.0,78.0,75.0,0.35007,42.0,66.0,0.0,0.0,1.0,잠깐만…,나만 벗는 거야?,일본어 원문 + 타임스탬프 사진 + 장면 연속성,37.32,T3,화자·문맥·자연스러움 집중 검토,,50.79702444208289,42.98,P3,말투·질문응답·가독성 위주 검토
ABF-328,사진 대조 1차 교정본,689,"01:32:29,220 --> 01:32:30,560",1.34,흘러넘칠 것 같아.,"무서워, 무서워.",안 돼…,반응형,sub_0689_5549.2s.jpg,0.02,,,25.0,90.0,50.0,78.0,75.0,0.52975,0.0,66.0,0.0,0.0,0.4351,갈 것 같아.,진짜 갈 것 같아.,일본어 원문 대조 + 자연스러운 한국어 대사 교정,37.31,T3,화자·문맥·자연스러움 집중 검토,,50.690754516471834,42.93,P3,말투·질문응답·가독성 위주 검토
ABF-328,사진 대조 1차 교정본,468,"01:08:11,200 --> 01:08:18,840",7.64,그런 게 아니야.,집에선 브라 안 하는구나.,아무것도 아니야.,반응형,sub_0468_4091.2s.jpg,0.0,,,25.0,90.0,50.0,78.0,75.0,0.52946,0.0,66.0,0.0,0.0,0.3559,- 이제 무리야... - 무리 아니야. 조금만 더.,- 이제 무리야… - 무리 아니야. 조금만 더.,,37.3,T3,화자·문맥·자연스러움 집중 검토,,50.58448459086079,42.88,P3,말투·질문응답·가독성 위주 검토
ABF-328,사진 대조 1차 교정본,780,"01:48:11,930 --> 01:48:12,150",0.22,후후후.,알겠어.,도망가지 마!,중립·혼합형,sub_0780_6491.9s.jpg,0.03,,,25.0,90.0,50.0,78.0,75.0,0.46934,0.0,66.0,25.0,0.0,0.342,"후후후, 어서 와.","후후후, 차가워!",손상된 일본어 ASR + 타임스탬프 사진 + 앞뒤 문맥 추론,37.27,T3,화자·문맥·자연스러움 집중 검토,borderline_cps,50.47821466524973,42.82,P3,말투·질문응답·가독성 위주 검토
ABF-328,사진 대조 1차 교정본,154,"00:30:47,050 --> 00:30:48,630",1.58,벗기지 마.,왜?,왜?,반말형,sub_0154_1847.0s.jpg,0.05,,,25.0,90.0,50.0,78.0,75.0,0.52766,0.0,66.0,0.0,0.0,0.3776,하지 마.,잠깐만.,손상된 일본어 ASR + 타임스탬프 사진 + 앞뒤 문맥 추론,37.22,T3,화자·문맥·자연스러움 집중 검토,,50.371944739638685,42.74,P3,말투·질문응답·가독성 위주 검토
ABF-328,사진 대조 1차 교정본,186,"00:34:33,510 --> 00:34:36,430",2.92,잠이 안 와.,기분 좋은 편이 좋잖아.,못 자겠어.,중립·혼합형,sub_0186_2073.5s.jpg,0.01,,,25.0,90.0,50.0,78.0,75.0,0.52733,0.0,66.0,0.0,0.0,0.2824,"후후후, 어서 와.","후후후, 차가워!",손상된 일본어 ASR + 타임스탬프 사진 + 앞뒤 문맥 추론,37.21,T3,화자·문맥·자연스러움 집중 검토,,50.265674814027626,42.69,P3,말투·질문응답·가독성 위주 검토
ABF-328,사진 대조 1차 교정본,837,"02:10:12,330 --> 02:10:13,530",1.2,"아, 좋아.",후후.,그대로 날 놓지 마.,반응형,sub_0837_7812.3s.jpg,0.03,,,25.0,90.0,50.0,78.0,75.0,0.34634,42.0,66.0,0.0,0.0,1.0,"아, 좋아.","아, 들어온다.",,37.17,T3,화자·문맥·자연스러움 집중 검토,,50.15940488841658,42.63,P3,말투·질문응답·가독성 위주 검토
ABF-328,사진 대조 1차 교정본,292,"00:48:51,520 --> 00:48:52,680",1.16,말도 안 돼.,뭐?,핥아달라고.,중립·혼합형,sub_0292_2931.5s.jpg,0.02,,,25.0,90.0,50.0,78.0,75.0,0.5023,5.11,66.0,0.0,0.0,0.6926,안 돼.,"네, 놀랐어요.",타임스탬프 사진과 앞뒤 장면으로 대사 기능 복원,37.08,T3,화자·문맥·자연스러움 집중 검토,,50.0,42.51,P3,말투·질문응답·가독성 위주 검토
ABF-328,사진 대조 1차 교정본,390,"00:59:16,260 --> 00:59:18,740",2.48,이게 두 개나 있길래.,뭐?,음.,중립·혼합형,sub_0390_3556.3s.jpg,0.04,,,25.0,90.0,50.0,78.0,75.0,0.52429,0.0,66.0,0.0,0.0,0.2836,이게 좋아.,이렇게 하는 게 좋아.,손상된 일본어 ASR + 타임스탬프 사진 + 앞뒤 문맥 추론,37.08,T3,화자·문맥·자연스러움 집중 검토,,50.0,42.51,P3,말투·질문응답·가독성 위주 검토
ABF-328,사진 대조 1차 교정본,501,"01:12:57,040 --> 01:12:58,760",1.72,시끄러워.,"- 국물 묻어서 더러워진다니까.
- 시끄러워.",그만해.,중립·혼합형,sub_0501_4377.0s.jpg,0.04,,,25.0,90.0,50.0,78.0,75.0,0.34348,42.0,66.0,0.0,0.0,1.0,시끄러워.,넣고 싶어.,,37.05,T3,화자·문맥·자연스러움 집중 검토,,49.840595111583426,42.42,P3,말투·질문응답·가독성 위주 검토
ABF-328,사진 대조 1차 교정본,261,"00:43:49,730 --> 00:43:52,590",2.86,잠시만 기다려 주십시오.,메모요?,기다리시게 해서 죄송합니다.,중립·혼합형,sub_0261_2629.7s.jpg,0.03,,,25.0,90.0,50.0,78.0,75.0,0.52271,0.0,66.0,0.0,0.0,0.3159,기다려 주세요...,기다려 주세요…,,37.01,T3,화자·문맥·자연스러움 집중 검토,,49.734325185972374,42.35,P3,말투·질문응답·가독성 위주 검토
ABF-328,사진 대조 1차 교정본,281,"00:48:04,380 --> 00:48:05,840",1.46,뭐 하는 거야?,있잖아.,안 된다니까.,반말형,sub_0281_2884.4s.jpg,0.02,,,25.0,90.0,50.0,78.0,75.0,0.51191,2.44,66.0,0.0,0.0,0.6703,뭐라고 하는 거야?,뭐라고 말해야 해?,일본어 원문 대조 + 자연스러운 한국어 대사 교정,37.0,T3,화자·문맥·자연스러움 집중 검토,,49.62805526036132,42.3,P3,말투·질문응답·가독성 위주 검토
ABF-328,사진 대조 1차 교정본,397,"00:59:24,880 --> 00:59:25,400",0.52,그렇구나.,응.,그럼 잘 만드는 요리는 뭔데?,중립·혼합형,sub_0397_3564.9s.jpg,0.02,,,25.0,90.0,50.0,78.0,75.0,0.34196,42.0,66.0,0.0,0.0,1.0,그렇구나.,손 정말 잘 쓰네.,일본어 원문 + 타임스탬프 사진 + 장면 연속성,36.98,T3,화자·문맥·자연스러움 집중 검토,,49.46865037194474,42.23,P3,말투·질문응답·가독성 위주 검토
ABF-328,사진 대조 1차 교정본,734,"01:37:04,910 --> 01:37:06,710",1.8,"뭐, 그렇긴 하지만.",어차피 집에 가도 할 일 없잖아.,뭐야?,반말형,sub_0734_5824.9s.jpg,0.01,,,25.0,90.0,50.0,78.0,75.0,0.52191,0.0,66.0,0.0,0.0,0.3854,하지만...,하지만…,,36.98,T3,화자·문맥·자연스러움 집중 검토,,49.46865037194474,42.23,P3,말투·질문응답·가독성 위주 검토
ABF-328,사진 대조 1차 교정본,428,"01:01:14,850 --> 01:01:16,270",1.42,자료는?,"있잖아, 잠깐만…",이봐!,중립·혼합형,sub_0428_3674.8s.jpg,0.05,,,25.0,90.0,50.0,78.0,75.0,0.52173,0.0,66.0,0.0,0.0,0.0445,다음 주 중요한 현장에 쓸 자료를 어제 회사에서 스즈모리랑 둘이 야근하며 만들었지.,다음 주 중요한 현장에 쓸 자료를 어제 스즈모리와 둘이 야근하며 만들었지.,내레이션 어순 및 조사 교정,36.97,T3,화자·문맥·자연스러움 집중 검토,,49.309245483528166,42.15,P3,말투·질문응답·가독성 위주 검토
ABF-328,사진 대조 1차 교정본,541,"01:16:15,990 --> 01:16:16,870",0.88,기분 좋으니까.,진짜 쌩쌩하네.,핥아줬으면 좋겠어?,반응형,sub_0541_4576.0s.jpg,0.01,,,25.0,90.0,50.0,78.0,75.0,0.52131,0.0,66.0,0.0,0.0,0.2506,기분 좋아.,"아, 좋아.",화면 영문 자막 대조,36.95,T3,화자·문맥·자연스러움 집중 검토,,49.202975557917114,42.1,P3,말투·질문응답·가독성 위주 검토
ABF-328,사진 대조 1차 교정본,293,"00:48:52,880 --> 00:48:53,840",0.96,핥아달라고.,말도 안 돼.,왜 내가?,반응형,sub_0293_2932.9s.jpg,0.02,,,25.0,90.0,50.0,78.0,79.0,0.51514,0.0,66.0,0.0,0.0,0.3623,핥아달라고 졸라대면서 '그때 가서'가 뭐야?,핥아 달라고 졸라대면서 '그때 가서'가 뭐야?,긴 문장 줄바꿈 및 자연화,36.94,T3,화자·문맥·자연스러움 집중 검토,,49.09670563230606,42.05,P3,말투·질문응답·가독성 위주 검토
ABF-328,사진 대조 1차 교정본,835,"02:10:06,240 --> 02:10:06,960",0.72,잠깐만.,조금 비켜봐…,후후.,반응형,sub_0835_7806.2s.jpg,0.04,,,25.0,90.0,50.0,78.0,75.0,0.47615,10.3,66.0,0.0,0.0,0.7358,하아… 잠깐만.,목욕물 받아 놓은 거지?,일본어 원문 + 타임스탬프 사진 + 장면 연속성,36.91,T3,화자·문맥·자연스러움 집중 검토,,48.99043570669501,41.98,P3,말투·질문응답·가독성 위주 검토
ABF-328,사진 대조 1차 교정본,54,"00:23:39,320 --> 00:23:41,080",1.76,좋지 않아…,기분 좋지?,너 오래 참은 거 아니야?,반응형,sub_0054_1419.3s.jpg,0.02,,,25.0,90.0,50.0,78.0,75.0,0.51919,0.0,66.0,0.0,0.0,0.4602,좋지 않아...,좋지 않아…,,36.87,T3,화자·문맥·자연스러움 집중 검토,,48.88416578108396,41.92,P3,말투·질문응답·가독성 위주 검토
ABF-328,사진 대조 1차 교정본,516,"01:14:14,820 --> 01:14:20,900",6.08,말 좀 그만해.,시끄러워.,내가 좋아하는 곳도 이제 알잖아.,반말형,sub_0516_4454.8s.jpg,0.02,,,25.0,90.0,50.0,78.0,75.0,0.50099,4.17,66.0,0.0,0.0,0.6847,"안 돼, 그만해.","배 아파, 그만해.",,36.85,T3,화자·문맥·자연스러움 집중 검토,,48.777895855472906,41.86,P3,말투·질문응답·가독성 위주 검토
ABF-328,사진 대조 1차 교정본,149,"00:30:33,360 --> 00:30:33,920",0.56,옷이 방해된다고?,옷 때문에 방해돼.,뭐?,반말형,sub_0149_1833.4s.jpg,0.04,,,25.0,90.0,50.0,78.0,75.0,0.51837,0.0,66.0,0.0,0.0,0.141,어? 벗기고 싶다고? 응.,해 줬으면 좋겠어? 응.,손상된 일본어 ASR + 타임스탬프 사진 + 앞뒤 문맥 추론,36.83,T3,화자·문맥·자연스러움 집중 검토,,48.618490967056324,41.78,P3,말투·질문응답·가독성 위주 검토
ABF-328,사진 대조 1차 교정본,187,"00:34:45,630 --> 00:34:48,190",2.56,못 자겠어.,잠이 안 와.,잠이 깨버렸어.,반응형,sub_0187_2085.6s.jpg,0.03,,,25.0,90.0,50.0,78.0,75.0,0.5183,0.0,66.0,0.0,0.0,0.3415,못 울겠어.,목이 막혀요.,사진 장면 확인 및 한국어 번역투·ASR 오역 교정,36.83,T3,화자·문맥·자연스러움 집중 검토,,48.618490967056324,41.78,P3,말투·질문응답·가독성 위주 검토
ABF-328,사진 대조 1차 교정본,444,"01:05:02,580 --> 01:05:05,440",2.86,"기다려, 기다려봐.",이제 그만 움직여.,또 국물 쏟아질라.,중립·혼합형,sub_0444_3902.6s.jpg,0.02,,,25.0,90.0,50.0,78.0,75.0,0.51796,0.0,66.0,0.0,0.0,0.5445,잠깐 기다려봐...,잠깐 기다려봐…,,36.81,T3,화자·문맥·자연스러움 집중 검토,,48.45908607863974,41.7,P3,말투·질문응답·가독성 위주 검토
ABF-328,사진 대조 1차 교정본,220,"00:39:04,650 --> 00:39:05,810",1.16,나는 좋았어.,"그래도 좋았잖아, 응?",왜 너만 기분 좋은 건데?,반응형,sub_0220_2344.7s.jpg,0.05,,,25.0,90.0,50.0,78.0,75.0,0.51703,0.0,66.0,0.0,0.0,0.357,대박이다. 장난 아니었어. 엄청나게 좋았어.,대박이었어. 진짜 너무 좋았어.,일본어 원문 대조 + 자연스러운 한국어 대사 교정,36.78,T3,화자·문맥·자연스러움 집중 검토,,48.35281615302869,41.64,P3,말투·질문응답·가독성 위주 검토
ABF-328,사진 대조 1차 교정본,768,"01:46:57,600 --> 01:46:58,240",0.64,있잖아.,조금 방해돼.,엎드려 볼래?,반응형,sub_0768_6417.6s.jpg,0.0,,,25.0,90.0,50.0,78.0,75.0,0.40803,25.39,66.0,0.0,0.0,0.8616,서 있잖아.,완전히 서 있잖아.,일본어 원문 대조 + 자연스러운 한국어 대사 교정,36.77,T3,화자·문맥·자연스러움 집중 검토,,48.24654622741764,41.59,P3,말투·질문응답·가독성 위주 검토
ABF-328,사진 대조 1차 교정본,506,"01:13:08,120 --> 01:13:08,760",0.64,이쪽도.,잠깐만.,여기도 해 줘.,중립·혼합형,sub_0506_4388.1s.jpg,0.02,,,25.0,90.0,50.0,78.0,75.0,0.51645,0.0,66.0,0.0,0.0,0.2707,이쪽도 보여주세요.,이쪽도 보여 줘.,화자 말투 통일,36.75,T3,화자·문맥·자연스러움 집중 검토,,48.08714133900106,41.51,P3,말투·질문응답·가독성 위주 검토
ABF-328,사진 대조 1차 교정본,850,"02:11:48,880 --> 02:11:49,020",0.14,좋아.,속으로 깊숙이 느껴봐.,천천히.,반응형,sub_0850_7908.9s.jpg,0.02,,,25.0,90.0,50.0,78.0,75.0,0.34066,20.37,66.0,37.14,0.0,0.8198,"아, 좋아.","아, 들어온다.",,36.75,T3,화자·문맥·자연스러움 집중 검토,high_cps,48.08714133900106,41.51,P3,말투·질문응답·가독성 위주 검토
ABF-328,사진 대조 1차 교정본,376,"00:58:26,920 --> 00:58:27,680",0.76,뭐야 그게?,"""컵라면을 먹게 해 주세요
스즈모리 님…"" 해 봐.",생각해 보니 너 나보다…,반말형,sub_0376_3506.9s.jpg,0.02,,,25.0,90.0,50.0,78.0,75.0,0.51554,0.0,66.0,0.0,0.0,0.1425,그게...,그게…,,36.71,T3,화자·문맥·자연스러움 집중 검토,,47.92773645058448,41.42,P3,말투·질문응답·가독성 위주 검토
ABF-328,사진 대조 1차 교정본,493,"01:11:31,680 --> 01:11:33,600",1.92,"- 혀 내밀어 봐.
- 왜?",알았어.,"- 괜찮잖아.
- 뭐가 괜찮아?",반응형,sub_0493_4291.7s.jpg,0.02,,,25.0,90.0,72.0,78.0,79.0,0.5094,0.0,66.0,0.0,0.0,0.2451,"자, 혀를 조금 내밀어봐...","자, 혀를 조금 내밀어봐…",,36.69,T3,화자·문맥·자연스러움 집중 검토,,47.82146652497343,41.37,P3,말투·질문응답·가독성 위주 검토
ABF-328,사진 대조 1차 교정본,399,"00:59:27,800 --> 00:59:28,600",0.8,잘하는 요리?,그럼 잘 만드는 요리는 뭔데?,응.,중립·혼합형,sub_0399_3567.8s.jpg,0.0,,,25.0,90.0,50.0,78.0,75.0,0.51463,0.0,66.0,0.0,0.0,0.3782,잘하는 것만 빼고…,"응, 괜찮아.",일본어 원문 + 타임스탬프 사진 + 장면 연속성,36.67,T3,화자·문맥·자연스러움 집중 검토,,47.71519659936238,41.31,P3,말투·질문응답·가독성 위주 검토
ABF-328,사진 대조 1차 교정본,194,"00:35:04,290 --> 00:35:05,030",0.74,이런 기분이라.,이제 도저히 못 자.,강하게 하는 게 좋아.,중립·혼합형,sub_0194_2104.3s.jpg,0.01,,,25.0,90.0,50.0,78.0,75.0,0.51302,0.0,66.0,0.0,0.0,0.1883,이런 거 좋아하지?,묶여 있는 거 좋아하지?,,36.61,T3,화자·문맥·자연스러움 집중 검토,,47.60892667375133,41.23,P3,말투·질문응답·가독성 위주 검토
ABF-328,사진 대조 1차 교정본,522,"01:15:16,420 --> 01:15:18,380",1.96,어쩔 수 없잖아.,너 대체 얼마나 혈기왕성한 거야?,정말…,반응형,sub_0522_4516.4s.jpg,0.02,,,25.0,90.0,50.0,78.0,75.0,0.51177,0.0,66.0,0.0,0.0,0.4716,말할 리가 없잖아.,들킬 리가 없잖아.,앞뒤 대사 문맥 교정,36.55,T3,화자·문맥·자연스러움 집중 검토,,47.502656748140275,41.15,P3,말투·질문응답·가독성 위주 검토
ABF-328,사진 대조 1차 교정본,344,"00:52:20,920 --> 00:52:22,280",1.36,정말 제멋대로라니까.,만져줘.,젖꼭지를 좋아하니까.,중립·혼합형,sub_0344_3140.9s.jpg,0.02,,,25.0,90.0,50.0,78.0,75.0,0.51096,0.0,66.0,0.0,0.0,0.2396,제멋대로인 말을 계속 퍼부었다.,자기 좋을 대로 말을 쏟아냈다.,,36.52,T3,화자·문맥·자연스러움 집중 검토,,47.29011689691817,41.04,P3,말투·질문응답·가독성 위주 검토
ABF-328,사진 대조 1차 교정본,500,"01:12:51,840 --> 01:12:57,040",5.2,"- 국물 묻어서 더러워진다니까.
- 시끄러워.","- 그럼 이 소리는 뭔데?
- 몰라.",시끄러워.,반응형,sub_0500_4371.8s.jpg,0.04,,,25.0,90.0,72.0,78.0,75.0,0.51099,0.0,66.0,0.0,0.0,0.4643,시끄러워.,넣고 싶어.,,36.52,T3,화자·문맥·자연스러움 집중 검토,,47.29011689691817,41.04,P3,말투·질문응답·가독성 위주 검토
ABF-328,사진 대조 1차 교정본,895,"02:15:27,280 --> 02:15:27,540",0.26,괜찮아.,응.,그럼 한 번 더 할까?,반응형,sub_0895_8127.3s.jpg,0.02,,,25.0,90.0,50.0,78.0,75.0,0.33093,42.0,66.0,0.0,0.0,1.0,괜찮아.,최고예요.,화면 영문 자막 대조,36.52,T3,화자·문맥·자연스러움 집중 검토,,47.29011689691817,41.04,P3,말투·질문응답·가독성 위주 검토
ABF-328,사진 대조 1차 교정본,369,"00:57:39,540 --> 00:57:40,980",1.44,"대체 뭐야, 정말…","아, 진짜 기분 좋았어.",그런데 배고프지 않아?,반말형,sub_0369_3459.5s.jpg,0.04,,,25.0,90.0,50.0,78.0,75.0,0.51061,0.0,66.0,0.0,0.0,0.609,"대체 뭐야, 정말...","대체 뭐야, 정말…",,36.51,T3,화자·문맥·자연스러움 집중 검토,,47.07757704569607,40.95,P3,말투·질문응답·가독성 위주 검토
ABF-328,사진 대조 1차 교정본,644,"01:25:02,600 --> 01:25:03,000",0.4,잠깐만.,"잠깐만, 너무 강하게 찌르면 나 죽어!","응, 넣을게.",반응형,sub_0644_5102.6s.jpg,0.0,,,25.0,90.0,50.0,78.0,75.0,0.46641,10.3,66.0,0.0,0.0,0.7358,하아… 잠깐만.,목욕물 받아 놓은 거지?,일본어 원문 + 타임스탬프 사진 + 장면 연속성,36.5,T3,화자·문맥·자연스러움 집중 검토,,46.971307120085015,40.9,P3,말투·질문응답·가독성 위주 검토
ABF-328,사진 대조 1차 교정본,89,"00:25:40,780 --> 00:25:41,200",0.42,뭐라고 했냐니까?,으음…,으음…,중립·혼합형,sub_0089_1540.8s.jpg,0.02,,,25.0,90.0,50.0,78.0,75.0,0.45018,0.0,66.0,25.0,0.0,0.3636,뭐라고 하는 거야?,뭐라고 말해야 해?,일본어 원문 대조 + 자연스러운 한국어 대사 교정,36.47,T3,화자·문맥·자연스러움 집중 검토,borderline_cps,46.86503719447396,40.84,P3,말투·질문응답·가독성 위주 검토
ABF-328,사진 대조 1차 교정본,853,"02:11:59,500 --> 02:12:00,540",1.04,"좋아, 그대로.",부드럽게…,조금 쉬어.,반응형,sub_0853_7919.5s.jpg,0.0,,,25.0,90.0,50.0,78.0,75.0,0.50934,0.0,66.0,0.0,0.0,0.4524,그럼 그대로...,그럼 그대로…,,36.45,T3,화자·문맥·자연스러움 집중 검토,,46.75876726886291,40.78,P3,말투·질문응답·가독성 위주 검토
ABF-328,사진 대조 1차 교정본,253,"00:42:13,270 --> 00:42:15,410",2.14,"네, 지금 바로 작성 중입니다.",여보세요? 네. 죄송합니다.,"네, 최대한 빨리 만들고 있습니다.",반말형,sub_0253_2533.3s.jpg,0.03,,,25.0,90.0,50.0,78.0,75.0,0.47467,0.0,66.0,0.0,18.0,0.2343,"네, 네.",네.,불필요한 반복 제거,36.44,T3,화자·문맥·자연스러움 집중 검토,formality_shift,46.65249734325186,40.73,P3,말투·질문응답·가독성 위주 검토
ABF-328,사진 대조 1차 교정본,779,"01:47:56,350 --> 01:47:58,470",2.12,알겠어.,그리고 입 벌려 봐.,후후후.,반응형,sub_0779_6476.4s.jpg,0.05,,,25.0,90.0,50.0,78.0,75.0,0.42061,20.36,66.0,0.0,0.0,0.8196,왠지 알겠어.,어떻게 알았어?,손상된 일본어 ASR + 타임스탬프 사진 + 앞뒤 문맥 추론,36.39,T3,화자·문맥·자연스러움 집중 검토,,46.54622741764081,40.66,P3,말투·질문응답·가독성 위주 검토
ABF-328,사진 대조 1차 교정본,318,"00:50:51,980 --> 00:50:52,800",0.82,소리도 냈으면서.,너도 좋아했잖아.,안 느꼈거든!,반응형,sub_0318_3052.0s.jpg,0.02,,,25.0,90.0,50.0,78.0,75.0,0.5077,0.0,66.0,0.0,0.0,0.0998,"싫다고 거절하면 전부 혼자 먹으면 되지, 그렇게 생각하면서.","거절당하면 혼자 다 먹으면 된다고 생각하면서,",,36.38,T3,화자·문맥·자연스러움 집중 검토,,46.439957492029755,40.61,P3,말투·질문응답·가독성 위주 검토
ABF-328,사진 대조 1차 교정본,415,"01:00:01,520 --> 01:00:03,520",2.0,애써 만들었는데.,진짜 그렇다니까.,"와, 이거 장난 아니네. 속옷 다 비치잖아.",중립·혼합형,sub_0415_3601.5s.jpg,0.02,,,25.0,90.0,50.0,78.0,75.0,0.5073,0.0,66.0,0.0,0.0,0.1189,엄청 두근거리는데.,엄청 펄떡거리는데.,,36.37,T3,화자·문맥·자연스러움 집중 검토,,46.3336875664187,40.55,P3,말투·질문응답·가독성 위주 검토
ABF-328,사진 대조 1차 교정본,279,"00:47:53,810 --> 00:47:55,310",1.5,뭐가 어쩔 수 없다는 거야!,이미 어쩔 수 없잖아.,있잖아.,반응형,sub_0279_2873.8s.jpg,0.01,,,25.0,90.0,50.0,78.0,75.0,0.50725,0.0,66.0,0.0,0.0,0.3277,몇 개나 먹는 거야!,몇 개째야!,일본어 원문 대조 + 자연스러운 한국어 대사 교정,36.36,T3,화자·문맥·자연스러움 집중 검토,,46.17428267800213,40.48,P3,말투·질문응답·가독성 위주 검토
ABF-328,사진 대조 1차 교정본,338,"00:51:40,560 --> 00:51:42,120",1.56,진짜 장난 아니다.,"아, 싸 버릴 것 같아.",젖꼭지도 좋아?,반응형,sub_0338_3100.6s.jpg,0.04,,,25.0,90.0,50.0,78.0,75.0,0.50704,0.0,66.0,0.0,0.0,0.3052,장난 아니네~.,장난 아니네…,,36.36,T3,화자·문맥·자연스러움 집중 검토,,46.17428267800213,40.48,P3,말투·질문응답·가독성 위주 검토
ABF-328,사진 대조 1차 교정본,222,"00:39:08,350 --> 00:39:09,070",0.72,너는 어땠는데?,왜 너만 기분 좋은 건데?,그저 그랬어.,반응형,sub_0222_2348.3s.jpg,0.05,,,25.0,90.0,50.0,78.0,75.0,0.50662,0.0,66.0,0.0,0.0,0.136,사적으로는 어디까지 해봤는데?,어디에서 해 봤는데?,,36.34,T3,화자·문맥·자연스러움 집중 검토,,46.01487778958555,40.4,P3,말투·질문응답·가독성 위주 검토
ABF-328,사진 대조 1차 교정본,445,"01:05:08,020 --> 01:05:10,960",2.94,또 국물 쏟아질라.,"기다려, 기다려봐.",제발 기다려.,반응형,sub_0445_3908.0s.jpg,0.02,,,25.0,90.0,50.0,78.0,75.0,0.50584,0.0,66.0,0.0,0.0,0.108,또 만나요.,[불명],,36.31,T3,화자·문맥·자연스러움 집중 검토,,45.85547290116897,40.32,P3,말투·질문응답·가독성 위주 검토
ABF-328,사진 대조 1차 교정본,876,"02:14:54,740 --> 02:14:55,920",1.18,급한 전화인가? 큰일인가?,끈질기게 자꾸 울리네.,어쩌지.,중립·혼합형,sub_0876_8094.7s.jpg,0.04,,,25.0,90.0,50.0,78.0,75.0,0.50607,0.0,66.0,0.0,0.0,0.1509,- 큰일 났다... - 뭐가 큰일인데?,- 큰일 났다… - 뭐가 큰일인데?,,36.31,T3,화자·문맥·자연스러움 집중 검토,,45.85547290116897,40.32,P3,말투·질문응답·가독성 위주 검토
ABF-328,사진 대조 1차 교정본,20,"00:02:36,410 --> 00:02:38,070",1.66,"아니, 설마 그럴 리 없지.",그런데 얘랑 단둘이 자고 있었던 건가…,얘는 정장도 제대로 입고 있고.,반응형,sub_0020_156.4s.jpg,0.01,,,25.0,90.0,50.0,78.0,75.0,0.50495,0.0,66.0,0.0,0.0,0.3243,이길 수 있을 리가 없지.,더 깊이…,타임스탬프 사진으로 장면 불일치 확인 후 재복원,36.27,T3,화자·문맥·자연스러움 집중 검토,,45.69606801275239,40.23,P3,말투·질문응답·가독성 위주 검토
ABF-328,사진 대조 1차 교정본,692,"01:32:36,440 --> 01:32:38,420",1.98,"아니, 그런 뜻이 아니라…","안 돼, 안 돼!",기다려!,반응형,sub_0692_5556.4s.jpg,0.04,,,25.0,90.0,50.0,78.0,75.0,0.50396,0.0,66.0,0.0,0.0,0.623,"아니, 그런 뜻이 아니라...","아니, 그런 뜻이 아니라…",,36.23,T3,화자·문맥·자연스러움 집중 검토,,45.58979808714134,40.16,P3,말투·질문응답·가독성 위주 검토
ABF-328,사진 대조 1차 교정본,273,"00:47:29,280 --> 00:47:32,900",3.62,"네, 알겠습니다. 죄송합니다.",죄송합니다.,네.,중립·혼합형,sub_0273_2849.3s.jpg,0.02,,,25.0,90.0,50.0,78.0,75.0,0.50315,0.0,66.0,0.0,0.0,0.4936,죄송합니다...,죄송합니다…,,36.19,T3,화자·문맥·자연스러움 집중 검토,,45.43039319872476,40.07,P3,말투·질문응답·가독성 위주 검토
ABF-328,사진 대조 1차 교정본,861,"02:14:05,880 --> 02:14:06,420",0.54,싸 버릴 것 같아?,왜?,아니.,반응형,sub_0861_8045.9s.jpg,0.02,,,25.0,90.0,50.0,78.0,75.0,0.47773,5.92,66.0,0.0,0.0,0.6994,싸버릴 것 같아?,싸 버릴 것 같아?,,36.19,T3,화자·문맥·자연스러움 집중 검토,,45.43039319872476,40.07,P3,말투·질문응답·가독성 위주 검토
ABF-328,사진 대조 1차 교정본,378,"00:58:32,640 --> 00:58:34,460",1.82,일 훨씬 잘하잖아.,생각해 보니 너 나보다…,맞아. 넌 동기 중에서도 일을 제일 못하니까.,반응형,sub_0378_3512.6s.jpg,0.04,,,25.0,90.0,50.0,78.0,75.0,0.50292,0.0,66.0,0.0,0.0,0.2269,당연하잖아.,당연히 가져왔지.,타임스탬프 사진과 앞뒤 장면으로 대사 기능 복원,36.18,T3,화자·문맥·자연스러움 집중 검토,,45.270988310308184,40.0,P4,회귀검사 통과 시 유지
ABF-328,사진 대조 1차 교정본,753,"01:40:34,040 --> 01:40:49,560",15.52,괜찮아.,좋아.,기분 좋아?,반응형,sub_0753_6034.0s.jpg,0.04,,,25.0,90.0,50.0,78.0,75.0,0.32258,42.0,66.0,0.0,0.0,1.0,괜찮아.,최고예요.,화면 영문 자막 대조,36.17,T3,화자·문맥·자연스러움 집중 검토,,45.16471838469713,39.95,P4,회귀검사 통과 시 유지
ABF-328,사진 대조 1차 교정본,544,"01:16:27,640 --> 01:16:30,260",2.62,"허리 흔들지 마, 진짜!","응, 핥아 줘.",너 사실 핥고 싶었던 거 아니야?,반말형,sub_0544_4587.6s.jpg,0.04,,,25.0,90.0,50.0,78.0,75.0,0.50209,0.0,66.0,0.0,0.0,0.323,"하지 마, 하지 마, 하지 마, 하지 마.","잠깐, 잠깐, 잠깐.",일본어 원문 대조 + 자연스러운 한국어 대사 교정,36.15,T3,화자·문맥·자연스러움 집중 검토,,45.00531349628055,39.87,P4,회귀검사 통과 시 유지
ABF-328,사진 대조 1차 교정본,762,"01:45:07,710 --> 01:45:09,190",1.48,"추워, 추워.",엄청 좋아.,그런 소리 하지 마…,중립·혼합형,sub_0762_6307.7s.jpg,0.01,,,25.0,90.0,50.0,78.0,75.0,0.50212,0.0,66.0,0.0,0.0,0.2151,한번에 하면 추워요.,한꺼번에 하면 아파요.,타임스탬프 사진과 장면 흐름으로 명백한 오인식 교정,36.15,T3,화자·문맥·자연스러움 집중 검토,,45.00531349628055,39.87,P4,회귀검사 통과 시 유지
ABF-328,사진 대조 1차 교정본,634,"01:24:15,920 --> 01:24:19,180",3.26,"대체 뭐야, 정말!",잠깐만…,"뭐냐니, 서서 뒤치기하는 거지.",반말형,sub_0634_5055.9s.jpg,0.02,,,25.0,90.0,50.0,78.0,75.0,0.50155,0.0,66.0,0.0,0.0,0.5642,"대체 뭐야, 정말...","대체 뭐야, 정말…",,36.13,T3,화자·문맥·자연스러움 집중 검토,,44.845908607863976,39.79,P4,회귀검사 통과 시 유지
ABF-328,사진 대조 1차 교정본,134,"00:29:41,540 --> 00:29:43,060",1.52,더 세게?,좀 더 세게 해 줘.,뭐라고?,중립·혼합형,sub_0134_1781.5s.jpg,0.04,,,25.0,90.0,50.0,78.0,75.0,0.50134,0.0,66.0,0.0,0.0,0.3422,더 세게 해 줘.,더 세게.,일본어 원문 대조 + 자연스러운 한국어 대사 교정,36.12,T3,화자·문맥·자연스러움 집중 검토,,44.739638682252924,39.74,P4,회귀검사 통과 시 유지
ABF-328,사진 대조 1차 교정본,180,"00:34:18,530 --> 00:34:19,990",1.46,이제 못 자잖아…,졸리면 그냥 누워 있어.,잠이 안 와?,반응형,sub_0180_2058.5s.jpg,0.03,,,25.0,90.0,50.0,78.0,75.0,0.50105,0.0,66.0,0.0,0.0,0.5528,이제 못 자잖아...,이제 못 자잖아…,,36.1,T3,화자·문맥·자연스러움 집중 검토,,44.52709883103082,39.64,P4,회귀검사 통과 시 유지
ABF-328,사진 대조 1차 교정본,189,"00:34:53,650 --> 00:34:54,710",1.06,못 자겠다고.,잠이 깨버렸어.,잠이 안 와.,중립·혼합형,sub_0189_2093.7s.jpg,0.05,,,25.0,90.0,50.0,78.0,75.0,0.50102,0.0,66.0,0.0,0.0,0.1347,어떻게든 되었다고.,어떻게 된 거야?,,36.1,T3,화자·문맥·자연스러움 집중 검토,,44.52709883103082,39.64,P4,회귀검사 통과 시 유지
ABF-328,사진 대조 1차 교정본,223,"00:39:09,910 --> 00:39:10,530",0.62,그저 그랬어.,너는 어땠는데?,아까 기분 좋았다고 했잖아.,반응형,sub_0223_2349.9s.jpg,0.01,,,25.0,90.0,50.0,78.0,75.0,0.50093,0.0,66.0,0.0,0.0,0.0964,튜브가 좀 그랬으니까.,아까 사람이 좀 많았으니까.,사진 장면 확인 및 한국어 번역투·ASR 오역 교정,36.1,T3,화자·문맥·자연스러움 집중 검토,,44.52709883103082,39.64,P4,회귀검사 통과 시 유지
ABF-328,사진 대조 1차 교정본,535,"01:15:52,100 --> 01:15:52,560",0.46,"응, 맨살이 좋아.","- 직접? 맨살이 좋아?
- 응.",알았어.,반응형,sub_0535_4552.1s.jpg,0.0,,,25.0,90.0,50.0,78.0,75.0,0.44069,0.0,66.0,25.0,0.0,0.3751,"아, 좋아.","아, 들어온다.",,36.07,T3,화자·문맥·자연스러움 집중 검토,borderline_cps,44.314558979808716,39.53,P4,회귀검사 통과 시 유지
ABF-328,사진 대조 1차 교정본,736,"01:37:35,070 --> 01:37:36,550",1.48,이번엔 내 차례야.,뭐야?,뭐? 뭘 하려고?,반말형,sub_0736_5855.1s.jpg,0.03,,,25.0,90.0,50.0,78.0,75.0,0.49958,0.0,66.0,0.0,0.0,0.2875,이번엔 저도 애무해 주세요...,이번엔 저도 애무해 주세요…,,36.04,T3,화자·문맥·자연스러움 집중 검토,,44.208289054197664,39.47,P4,회귀검사 통과 시 유지
ABF-328,사진 대조 1차 교정본,275,"00:47:35,400 --> 00:47:36,180",0.78,실례하겠습니다.,네.,잠깐만…,존댓말형,sub_0275_2855.4s.jpg,0.0,,,25.0,90.0,50.0,78.0,75.0,0.4651,0.0,66.0,0.0,18.0,0.4465,열심히 하겠습니다.,힘내 볼게요.,,36.03,T3,화자·문맥·자연스러움 집중 검토,formality_shift,44.10201912858661,39.42,P4,회귀검사 통과 시 유지
ABF-328,사진 대조 1차 교정본,864,"02:14:09,400 --> 02:14:10,340",0.94,나오는 게 나을까?,안 나와?,"괜찮아, 이제 됐어.",중립·혼합형,sub_0864_8049.4s.jpg,0.0,,,25.0,90.0,50.0,78.0,75.0,0.49799,0.0,66.0,0.0,0.0,0.3414,뜨거운 물이 나오는 것 같아.,같이 목욕하니까 좋다.,일본어 원문 + 타임스탬프 사진 + 장면 연속성,35.98,T3,화자·문맥·자연스러움 집중 검토,,43.99574920297556,39.35,P4,회귀검사 통과 시 유지
ABF-328,사진 대조 1차 교정본,142,"00:30:00,240 --> 00:30:01,260",1.02,"아, 거기 엄청 느낌 와.",이거 좋아?,기분 좋아.,반응형,sub_0142_1800.2s.jpg,0.04,,,25.0,90.0,50.0,78.0,75.0,0.49797,0.0,66.0,0.0,0.0,0.2993,"아, 아, 아, 아, 아, 아, 아,","아, 아, 아, 아, 아, 아, 아",,35.97,T3,화자·문맥·자연스러움 집중 검토,,43.88947927736451,39.3,P4,회귀검사 통과 시 유지
ABF-328,사진 대조 1차 교정본,647,"01:25:48,890 --> 01:25:49,470",0.58,이제 그만 말해.,안쪽 깊숙이 세게 문지르는 거 좋아하지?,"- 멈추지 마.
- 왜?",반말형,sub_0647_5148.9s.jpg,0.01,,,25.0,90.0,50.0,78.0,75.0,0.49697,0.0,66.0,0.0,0.0,0.2873,이제 그만해...,이제 그만해…,,35.93,T3,화자·문맥·자연스러움 집중 검토,,43.783209351753456,39.23,P4,회귀검사 통과 시 유지
ABF-328,사진 대조 1차 교정본,822,"02:05:13,430 --> 02:05:29,230",15.8,잘하네…,…,멈춰봐…,반말형,sub_0822_7513.4s.jpg,0.03,,,25.0,90.0,50.0,78.0,75.0,0.49626,0.0,66.0,0.0,0.0,0.3509,잘하네...,잘하네…,,35.9,T3,화자·문맥·자연스러움 집중 검토,,43.676939426142404,39.17,P4,회귀검사 통과 시 유지
ABF-328,사진 대조 1차 교정본,841,"02:10:18,730 --> 02:10:19,550",0.82,야옹.,나 더 이상 못 참겠어.,뭔가…,반말형,sub_0841_7818.7s.jpg,0.03,,,25.0,90.0,50.0,78.0,75.0,0.49571,0.0,66.0,0.0,0.0,0.0669,야하네.,여긴 지저분하네.,화면 영문 자막 대조,35.88,T3,화자·문맥·자연스러움 집중 검토,,43.57066950053135,39.11,P4,회귀검사 통과 시 유지
ABF-328,사진 대조 1차 교정본,284,"00:48:12,900 --> 00:48:13,840",0.94,정말 싫어.,"싫어, 싫다고.",하지 말라니까 진짜…,반응형,sub_0284_2892.9s.jpg,0.0,,,25.0,90.0,50.0,78.0,75.0,0.49513,0.0,66.0,0.0,0.0,0.5723,"음-, 싫어.",음… 싫어.,,35.86,T3,화자·문맥·자연스러움 집중 검토,,43.41126461211477,39.03,P4,회귀검사 통과 시 유지
ABF-328,사진 대조 1차 교정본,407,"00:59:47,250 --> 00:59:47,530",0.28,맛있다.,뭐 하는 거야?,응?,중립·혼합형,sub_0407_3587.2s.jpg,0.05,,,25.0,90.0,50.0,78.0,75.0,0.31515,42.0,66.0,0.0,0.0,1.0,맛있다.,바람 좋다.,일본어 원문 대조 + 자연스러운 한국어 대사 교정,35.86,T3,화자·문맥·자연스러움 집중 검토,,43.41126461211477,39.03,P4,회귀검사 통과 시 유지
ABF-328,사진 대조 1차 교정본,923,"02:34:59,930 --> 02:35:00,070",0.14,오오…,얼굴에 묻었는데 바로 닦아 주지 못했어.,후후.,중립·혼합형,sub_0923_9299.9s.jpg,0.03,,,25.0,90.0,50.0,78.0,75.0,0.38442,5.07,66.0,37.14,0.0,0.6923,오오… 됐어!,아… 나올 것 같아.,손상된 일본어 ASR + 타임스탬프 사진 + 앞뒤 문맥 추론,35.83,T3,화자·문맥·자연스러움 집중 검토,high_cps,43.251859723698196,38.95,P4,회귀검사 통과 시 유지
ABF-328,사진 대조 1차 교정본,578,"01:20:45,350 --> 01:20:50,130",4.78,으음… 잠깐만.,"- 서 있잖아.
- 안 섰어.",진짜 제대로 집중해 봐.,반응형,sub_0578_4845.4s.jpg,0.05,,,25.0,90.0,50.0,78.0,75.0,0.49318,0.0,66.0,0.0,0.0,0.5751,으음... 잠깐만.,으음… 잠깐만.,,35.77,T3,화자·문맥·자연스러움 집중 검토,,43.145589798087144,38.87,P4,회귀검사 통과 시 유지
ABF-328,사진 대조 1차 교정본,806,"01:58:37,670 --> 01:58:38,890",1.22,기분 좋아?,손으로도 해 줄게…,좋아?,반응형,sub_0806_7117.7s.jpg,0.03,,,25.0,90.0,50.0,78.0,75.0,0.49255,0.0,66.0,0.0,0.0,0.5942,"아, 거기... 기분 좋아?","아, 거기… 기분 좋아?",,35.75,T3,화자·문맥·자연스러움 집중 검토,,43.03931987247609,38.81,P4,회귀검사 통과 시 유지
ABF-328,사진 대조 1차 교정본,177,"00:33:22,780 --> 00:33:23,460",0.68,더 느낄 것 같지?,뭐?,"- 이제 무리야…
- 무리 아니야. 조금만 더.",반말형,sub_0177_2002.8s.jpg,0.02,,,25.0,90.0,50.0,78.0,75.0,0.49124,0.0,66.0,0.0,0.0,0.1472,갈 것 같아.,진짜 갈 것 같아.,일본어 원문 대조 + 자연스러운 한국어 대사 교정,35.69,T3,화자·문맥·자연스러움 집중 검토,,42.93304994686504,38.73,P4,회귀검사 통과 시 유지
ABF-328,사진 대조 1차 교정본,796,"01:52:42,430 --> 01:52:55,450",13.02,아직 더…,응?,으으으…,반응형,sub_0796_6762.4s.jpg,0.03,,,25.0,90.0,50.0,78.0,75.0,0.49042,0.0,66.0,0.0,0.0,0.4011,아직 더...,아직 더…,,35.66,T3,화자·문맥·자연스러움 집중 검토,,42.82678002125399,38.67,P4,회귀검사 통과 시 유지
ABF-328,사진 대조 1차 교정본,11,"00:01:23,310 --> 00:01:24,210",0.9,아까 그 데이터?,'어디까지 했더라? 좀 제대로 해.',"이게 맞아? 응, 맞아.",반응형,sub_0011_83.3s.jpg,0.01,,,25.0,90.0,50.0,78.0,75.0,0.48943,0.0,66.0,0.0,0.0,0.1677,아까 전혀 안 나왔잖아.,아까 거의 안 나왔잖아.,사진 장면 확인 및 한국어 번역투·ASR 오역 교정,35.62,T3,화자·문맥·자연스러움 집중 검토,,42.720510095642936,38.6,P4,회귀검사 통과 시 유지
ABF-328,사진 대조 1차 교정본,409,"00:59:51,860 --> 00:59:52,800",0.94,자료 어디 갔지?,응?,그 그래프 들어간 자료.,반응형,sub_0409_3591.9s.jpg,0.04,,,25.0,90.0,50.0,78.0,75.0,0.48912,0.0,66.0,0.0,0.0,0.6334,"그러게, 어디 갔지?",완전 비스듬해졌네.,,35.6,T3,화자·문맥·자연스러움 집중 검토,,42.61424017003188,38.55,P4,회귀검사 통과 시 유지
ABF-328,사진 대조 1차 교정본,129,"00:28:11,130 --> 00:28:12,010",0.88,"농담이야, 농담.",그럼 안 움직일게.,"거짓말, 거짓말.",반말형,sub_0129_1691.1s.jpg,0.03,,,25.0,90.0,50.0,78.0,75.0,0.48763,0.0,66.0,0.0,0.0,0.1887,"- 아, 죄송해요. 농담이었어요. 신경 쓰지 마세요. - 좋아요.",- 죄송해요. 농담이었어요. 신경 쓰지 마세요. - 좋아요.,화자 분리 및 대화 호흡 교정,35.54,T3,화자·문맥·자연스러움 집중 검토,,42.4548352816153,38.44,P4,회귀검사 통과 시 유지
ABF-328,사진 대조 1차 교정본,550,"01:17:27,170 --> 01:17:28,130",0.96,기분 좋아…,시끄러워.,진짜 엄청 좋아…,반응형,sub_0550_4647.2s.jpg,0.03,,,25.0,90.0,50.0,78.0,75.0,0.41475,16.98,66.0,0.0,0.0,0.7915,아- 기분 좋아…,아… 기분 좋아…,,35.54,T3,화자·문맥·자연스러움 집중 검토,,42.4548352816153,38.44,P4,회귀검사 통과 시 유지
ABF-328,사진 대조 1차 교정본,214,"00:38:28,080 --> 00:38:31,480",3.4,"끈질기게 진짜! 기분 좋았어, 됐어?!",솔직하게 말해 봐.,그러니까 미안하다고.,반응형,sub_0214_2308.1s.jpg,0.02,,,25.0,90.0,50.0,78.0,75.0,0.48729,0.0,66.0,0.0,0.0,0.1727,아프게 됐어?,아팠어?,일본어 원문 대조 + 자연스러운 한국어 대사 교정,35.53,T3,화자·문맥·자연스러움 집중 검토,,42.29543039319872,38.37,P4,회귀검사 통과 시 유지
ABF-328,사진 대조 1차 교정본,679,"01:30:26,220 --> 01:30:45,840",19.62,이 자세도 괜찮아?,진짜 느낌 좋다.,어때?,반응형,sub_0679_5426.2s.jpg,0.02,,,25.0,90.0,50.0,78.0,75.0,0.48691,0.0,66.0,0.0,0.0,0.3647,더 해줘도 돼? 더 해줘. 괜찮아?,더 해 줘도 돼? 더 해 줘. 괜찮아?,,35.51,T3,화자·문맥·자연스러움 집중 검토,,42.18916046758767,38.32,P4,회귀검사 통과 시 유지
ABF-328,사진 대조 1차 교정본,827,"02:07:07,520 --> 02:07:11,040",3.52,아아아…,기다려!,"첫 번째 자세에서 네 번째로
다시 두 번째로 바꿔 봐.",반응형,sub_0827_7627.5s.jpg,0.02,,,25.0,90.0,50.0,78.0,75.0,0.30595,42.0,66.0,0.0,0.0,1.0,아아아…,잠깐만.,일본어 원문 + 타임스탬프 사진 + 장면 연속성,35.47,T3,화자·문맥·자연스러움 집중 검토,,42.08289054197662,38.25,P4,회귀검사 통과 시 유지
ABF-328,사진 대조 1차 교정본,518,"01:14:26,800 --> 01:14:30,520",3.72,시끄러워.,내가 좋아하는 곳도 이제 알잖아.,정말 시끄럽네.,중립·혼합형,sub_0518_4466.8s.jpg,0.0,,,25.0,90.0,50.0,78.0,75.0,0.30581,42.0,66.0,0.0,0.0,1.0,시끄러워.,넣고 싶어.,,35.46,T3,화자·문맥·자연스러움 집중 검토,,41.976620616365565,38.2,P4,회귀검사 통과 시 유지
ABF-328,사진 대조 1차 교정본,85,"00:25:13,370 --> 00:25:15,690",2.32,좋아하지 않아.,저기…,안 좋아한다고?,반응형,sub_0085_1513.4s.jpg,0.03,,,25.0,90.0,50.0,78.0,75.0,0.48462,0.0,66.0,0.0,0.0,0.4361,깨끗하지 않아.,아직 깨끗하지 않지.,손상된 일본어 ASR + 타임스탬프 사진 + 앞뒤 문맥 추론,35.41,T3,화자·문맥·자연스러움 집중 검토,,41.81721572794899,38.1,P4,회귀검사 통과 시 유지
ABF-328,사진 대조 1차 교정본,181,"00:34:21,510 --> 00:34:22,030",0.52,잠이 안 와?,이제 못 자잖아…,이제 잠 다 깼어.,중립·혼합형,sub_0181_2061.5s.jpg,0.01,,,25.0,90.0,50.0,78.0,75.0,0.48442,0.0,66.0,0.0,0.0,0.1451,안 돼.,"네, 놀랐어요.",타임스탬프 사진과 앞뒤 장면으로 대사 기능 복원,35.41,T3,화자·문맥·자연스러움 집중 검토,,41.81721572794899,38.1,P4,회귀검사 통과 시 유지
ABF-328,사진 대조 1차 교정본,939,"02:43:31,310 --> 02:43:43,510",12.2,알겠어.,이제 남은 것도 거의 끝났어.,그리고 이제…,반응형,sub_0939_9811.3s.jpg,0.01,,,25.0,90.0,50.0,78.0,75.0,0.39685,20.36,66.0,0.0,0.0,0.8196,왠지 알겠어.,어떻게 알았어?,손상된 일본어 ASR + 타임스탬프 사진 + 앞뒤 문맥 추론,35.39,T3,화자·문맥·자연스러움 집중 검토,,41.65781083953241,38.02,P4,회귀검사 통과 시 유지
ABF-328,사진 대조 1차 교정본,776,"01:47:42,200 --> 01:47:43,220",1.02,기분 좋아?,도망가지 마.,부끄러워…,반응형,sub_0776_6462.2s.jpg,0.0,,,25.0,90.0,50.0,78.0,75.0,0.48331,0.0,66.0,0.0,0.0,0.5942,"아, 거기... 기분 좋아?","아, 거기… 기분 좋아?",,35.36,T3,화자·문맥·자연스러움 집중 검토,,41.55154091392136,37.96,P4,회귀검사 통과 시 유지
ABF-328,사진 대조 1차 교정본,174,"00:33:05,120 --> 00:33:06,360",1.24,"아, 잠깐만.","아, 더, 더…",괜찮아?,반응형,sub_0174_1985.1s.jpg,0.02,,,25.0,90.0,50.0,78.0,75.0,0.47453,2.0,66.0,0.0,0.0,0.6667,하아… 잠깐만.,목욕물 받아 놓은 거지?,일본어 원문 + 타임스탬프 사진 + 장면 연속성,35.35,T3,화자·문맥·자연스러움 집중 검토,,41.445270988310305,37.91,P4,회귀검사 통과 시 유지
ABF-328,사진 대조 1차 교정본,613,"01:22:23,060 --> 01:22:24,680",1.62,"이미 이렇게 서 버렸는데
어떡하라고.",정말…,전혀 어쩔 수 없는 일 아니거든!,반응형,sub_0613_4943.1s.jpg,0.04,,,25.0,90.0,50.0,78.0,75.0,0.48205,0.0,66.0,0.0,0.0,0.1754,이렇게 해버려.,이렇게 해 버려.,,35.31,T3,화자·문맥·자연스러움 집중 검토,,41.33900106269925,37.84,P4,회귀검사 통과 시 유지
ABF-328,사진 대조 1차 교정본,269,"00:46:53,330 --> 00:46:54,910",1.58,"아, 그렇군요.","네, 네.",네.,반응형,sub_0269_2813.3s.jpg,0.03,,,25.0,90.0,50.0,78.0,75.0,0.3267,36.2,66.0,0.0,0.0,0.9517,그렇군요.,네…,타임스탬프 사진과 장면 흐름으로 명백한 오인식 교정,35.3,T3,화자·문맥·자연스러움 집중 검토,,41.2327311370882,37.79,P4,회귀검사 통과 시 유지
ABF-328,사진 대조 1차 교정본,627,"01:23:55,200 --> 01:23:55,820",0.62,방금 소리 냈지?,난 아무 말도 안 했거든.,안 냈어.,반말형,sub_0627_5035.2s.jpg,0.0,,,25.0,90.0,50.0,78.0,75.0,0.48135,0.0,66.0,0.0,0.0,0.2104,그런 소리 하지 마...,그런 소리 하지 마…,,35.28,T3,화자·문맥·자연스러움 집중 검토,,41.12646121147715,37.74,P4,회귀검사 통과 시 유지
ABF-328,사진 대조 1차 교정본,504,"01:13:04,120 --> 01:13:04,380",0.26,있잖아.,내가 시끄럽게 한 게 아니거든?,잠깐만.,반응형,sub_0504_4384.1s.jpg,0.02,,,25.0,90.0,50.0,78.0,75.0,0.37132,25.39,66.0,0.0,0.0,0.8616,서 있잖아.,완전히 서 있잖아.,일본어 원문 대조 + 자연스러운 한국어 대사 교정,35.23,T3,화자·문맥·자연스러움 집중 검토,,41.0201912858661,37.66,P4,회귀검사 통과 시 유지
ABF-328,사진 대조 1차 교정본,234,"00:39:57,200 --> 00:40:01,240",4.04,"네, 수고하십니다. 죄송합니다, 네.","아, 안녕하세요!","아, 그 건 말씀이시죠.",중립·혼합형,sub_0234_2397.2s.jpg,0.0,,,25.0,90.0,50.0,78.0,75.0,0.4797,0.0,66.0,0.0,0.0,0.3494,"네, 네.",네.,불필요한 반복 제거,35.21,T3,화자·문맥·자연스러움 집중 검토,,40.913921360255046,37.61,P4,회귀검사 통과 시 유지
ABF-328,사진 대조 1차 교정본,819,"02:02:22,610 --> 02:02:24,110",1.5,"아, 싸 버린다!","아, 위험해…",아아아아…,반응형,sub_0819_7342.6s.jpg,0.01,,,25.0,90.0,50.0,78.0,75.0,0.47964,0.0,66.0,0.0,0.0,0.6352,"아, 싸버린다!","아, 싸 버린다!",,35.2,T3,화자·문맥·자연스러움 집중 검토,,40.807651434643994,37.56,P4,회귀검사 통과 시 유지
ABF-328,사진 대조 1차 교정본,78,"00:25:04,990 --> 00:25:07,030",2.04,잠깐…,잘하네.,뒤에서 하는 거 좋아해?,반응형,sub_0078_1505.0s.jpg,0.01,,,25.0,90.0,50.0,78.0,75.0,0.29935,42.0,66.0,0.0,0.0,1.0,잠깐…,그리고…,일본어 원문 대조 + 자연스러운 한국어 대사 교정,35.19,T3,화자·문맥·자연스러움 집중 검토,,40.64824654622742,37.48,P4,회귀검사 통과 시 유지
ABF-328,사진 대조 1차 교정본,881,"02:15:05,160 --> 02:15:05,960",0.8,설마 또 오겠어?,이제 더 이상 전화 안 오겠지.,내일 연락드리면 되겠지 뭐.,반응형,sub_0881_8105.2s.jpg,0.04,,,25.0,90.0,50.0,78.0,75.0,0.47917,0.0,66.0,0.0,0.0,0.2007,못 울겠어?,목이 막혀?,사진 장면 확인 및 한국어 번역투·ASR 오역 교정,35.19,T3,화자·문맥·자연스러움 집중 검토,,40.64824654622742,37.48,P4,회귀검사 통과 시 유지
ABF-328,사진 대조 1차 교정본,727,"01:36:01,920 --> 01:36:03,360",1.44,왜 거기서 자?,시간 진짜 빨리 갔네.,피곤했을 테니 어쩔 수 없나.,중립·혼합형,sub_0727_5761.9s.jpg,0.02,,,25.0,90.0,50.0,78.0,75.0,0.47907,0.0,66.0,0.0,0.0,0.2391,거기서부터 빠는 거야?,거기부터 핥는 거야?,일본어 원문 대조 + 자연스러운 한국어 대사 교정,35.18,T3,화자·문맥·자연스러움 집중 검토,,40.48884165781084,37.41,P4,회귀검사 통과 시 유지
ABF-328,사진 대조 1차 교정본,486,"01:10:27,420 --> 01:10:28,940",1.52,"아니, 안 먹을 거야.",그런 것 같아.,정말?,반응형,sub_0486_4227.4s.jpg,0.02,,,25.0,90.0,50.0,78.0,75.0,0.47859,0.0,66.0,0.0,0.0,0.4016,자지 안 넣을 거야.,아직은 안 넣을 거야.,손상된 일본어 ASR + 타임스탬프 사진 + 앞뒤 문맥 추론,35.16,T3,화자·문맥·자연스러움 집중 검토,,40.32943676939426,37.33,P4,회귀검사 통과 시 유지
ABF-328,사진 대조 1차 교정본,873,"02:14:47,660 --> 02:14:48,480",0.82,대체 진짜…,응.,이 벨 소리 어떻게 끄지?,중립·혼합형,sub_0873_8087.7s.jpg,0.04,,,25.0,90.0,50.0,78.0,75.0,0.47854,0.0,66.0,0.0,0.0,0.3918,대체 진짜...,대체 진짜…,,35.16,T3,화자·문맥·자연스러움 집중 검토,,40.32943676939426,37.33,P4,회귀검사 통과 시 유지
ABF-328,사진 대조 1차 교정본,330,"00:51:30,900 --> 00:51:32,100",1.2,이거 진짜 위험한데.,"아, 갈 것 같아.",나 진짜 갈 것 같아.,중립·혼합형,sub_0330_3090.9s.jpg,0.0,,,25.0,90.0,50.0,78.0,75.0,0.4784,0.0,66.0,0.0,0.0,0.5808,좀 위험한데. 나 발기했어.,좀 위험한데. 나 완전히 섰어.,,35.15,T3,화자·문맥·자연스러움 집중 검토,,40.17003188097769,37.26,P4,회귀검사 통과 시 유지
ABF-328,사진 대조 1차 교정본,729,"01:36:49,390 --> 01:36:50,190",0.8,벌써 가려고?,피곤했을 테니 어쩔 수 없나.,어라? 너 자고 있었잖아.,중립·혼합형,sub_0729_5809.4s.jpg,0.01,,,25.0,90.0,50.0,78.0,75.0,0.47713,0.0,66.0,0.0,0.0,0.2619,"어, 벌써 느끼고 있잖아.","어, 벌써 좋아하고 있잖아.",,35.1,T3,화자·문맥·자연스러움 집중 검토,,40.06376195536664,37.18,P4,회귀검사 통과 시 유지
ABF-328,사진 대조 1차 교정본,482,"01:09:59,150 --> 01:09:59,810",0.66,탄멘 맛이 나?,음.,조금.,중립·혼합형,sub_0482_4199.1s.jpg,0.05,,,25.0,90.0,50.0,78.0,75.0,0.47606,0.0,66.0,0.0,0.0,0.1418,자기 목소리에서도 사과 향이 나고 사과 맛이 날 게 분명하다고 생각했다.,자기 입에서도 사과 향과 맛이 날 거라고 생각했다.,,35.05,T3,화자·문맥·자연스러움 집중 검토,,39.957492029755585,37.11,P4,회귀검사 통과 시 유지
ABF-328,사진 대조 1차 교정본,165,"00:31:52,140 --> 00:31:56,760",4.62,"- 방금 말했지? 분명 들었어.
- 안 했다니까.",움직이느라 피곤할까 봐.,"봐, 엄청 떨고 있잖아.",반말형,sub_0165_1912.1s.jpg,0.04,,,25.0,90.0,72.0,78.0,75.0,0.4756,0.0,66.0,0.0,0.0,0.1323,안 입었어.,안 보이네.,사진 장면 확인 및 한국어 번역투·ASR 오역 교정,35.04,T3,화자·문맥·자연스러움 집중 검토,,39.851222104144526,37.06,P4,회귀검사 통과 시 유지
ABF-328,사진 대조 1차 교정본,225,"00:39:15,650 --> 00:39:16,630",0.98,그럼 됐잖아.,아까 기분 좋았다고 했잖아.,끈질기게 물으니까 말한 것뿐이야.,반응형,sub_0225_2355.7s.jpg,0.05,,,25.0,90.0,50.0,78.0,75.0,0.47494,0.0,66.0,0.0,0.0,0.2305,"그럼 일단,",그럼 일단,,35.01,T3,화자·문맥·자연스러움 집중 검토,,39.744952178533474,37.0,P4,회귀검사 통과 시 유지
ABF-328,사진 대조 1차 교정본,64,"00:24:33,420 --> 00:24:34,820",1.4,"괜찮아, 괜찮아.",안 들어갔거든…,됐다니까.,반응형,sub_0064_1473.4s.jpg,0.02,,,25.0,90.0,50.0,78.0,75.0,0.39657,18.24,66.0,0.0,0.0,0.802,괜찮아.,최고예요.,화면 영문 자막 대조,35.0,T3,화자·문맥·자연스러움 집중 검토,,39.63868225292242,36.95,P4,회귀검사 통과 시 유지
ABF-328,사진 대조 1차 교정본,737,"01:37:37,310 --> 01:37:39,750",2.44,뭐? 뭘 하려고?,이번엔 내 차례야.,응?,중립·혼합형,sub_0737_5857.3s.jpg,0.01,,,25.0,90.0,50.0,78.0,75.0,0.47461,0.0,66.0,0.0,0.0,0.1825,뭘 찍게 한 거야?,뭘 찍은 거야?,손상된 일본어 ASR + 타임스탬프 사진 + 앞뒤 문맥 추론,34.99,T4,구조검사 통과 시 유지,,39.53241232731137,36.9,P4,회귀검사 통과 시 유지
ABF-328,사진 대조 1차 교정본,77,"00:25:02,970 --> 00:25:04,990",2.02,잘하네.,이렇게 말하고 있잖아.,잠깐…,반말형,sub_0077_1503.0s.jpg,0.03,,,25.0,90.0,50.0,78.0,75.0,0.46608,1.66,66.0,0.0,0.0,0.6638,잘하네...,잘하네…,,34.93,T4,구조검사 통과 시 유지,,39.37300743889479,36.8,P4,회귀검사 통과 시 유지
ABF-328,사진 대조 1차 교정본,87,"00:25:37,980 --> 00:25:38,720",0.74,방금 뭐라고 했어?,안 좋아한다고?,으음…,반응형,sub_0087_1538.0s.jpg,0.02,,,25.0,90.0,50.0,78.0,75.0,0.47301,0.0,66.0,0.0,0.0,0.4313,뭐라고 하는 거야?,뭐라고 말해야 해?,일본어 원문 대조 + 자연스러운 한국어 대사 교정,34.93,T4,구조검사 통과 시 유지,,39.37300743889479,36.8,P4,회귀검사 통과 시 유지
ABF-328,사진 대조 1차 교정본,86,"00:25:17,890 --> 00:25:18,870",0.98,안 좋아한다고?,좋아하지 않아.,방금 뭐라고 했어?,반응형,sub_0086_1517.9s.jpg,0.01,,,25.0,90.0,50.0,78.0,75.0,0.47283,0.0,66.0,0.0,0.0,0.1613,어? 벗기고 싶다고? 응.,해 줬으면 좋겠어? 응.,손상된 일본어 ASR + 타임스탬프 사진 + 앞뒤 문맥 추론,34.92,T4,구조검사 통과 시 유지,,39.213602550478214,36.72,P4,회귀검사 통과 시 유지
ABF-328,사진 대조 1차 교정본,162,"00:31:09,570 --> 00:31:10,470",0.9,손으로 해달라는 거야?,뭐?,응.,반응형,sub_0162_1869.6s.jpg,0.03,,,25.0,90.0,50.0,78.0,75.0,0.47263,0.0,66.0,0.0,0.0,0.3517,손으로 해줄까?,손으로 해 줄까?,,34.91,T4,구조검사 통과 시 유지,,39.05419766206163,36.65,P4,회귀검사 통과 시 유지
ABF-328,사진 대조 1차 교정본,559,"01:18:50,980 --> 01:18:51,360",0.38,알았어.,정말 요구사항도 참 많아.,어떻게 하는지는 아네.,반응형,sub_0559_4731.0s.jpg,0.02,,,25.0,90.0,50.0,78.0,75.0,0.47252,0.0,66.0,0.0,0.0,0.6115,이제 알았어...,[불명],,34.91,T4,구조검사 통과 시 유지,,39.05419766206163,36.65,P4,회귀검사 통과 시 유지
ABF-328,사진 대조 1차 교정본,335,"00:51:38,460 --> 00:51:38,940",0.48,계속해 줘.,"아, 더 세게.",응.,반말형,sub_0335_3098.5s.jpg,0.04,,,25.0,90.0,50.0,78.0,75.0,0.47237,0.0,66.0,0.0,0.0,0.5386,"오, 오... 계속해 봐.","오, 오… 계속해 봐.",,34.9,T4,구조검사 통과 시 유지,,38.89479277364506,36.58,P4,회귀검사 통과 시 유지
ABF-328,사진 대조 1차 교정본,326,"00:51:17,380 --> 00:51:17,600",0.22,야해라.,난 엄청 기분 좋은데.,게다가 너 진짜 잘하네.,반말형,sub_0326_3077.4s.jpg,0.02,,,25.0,90.0,50.0,78.0,75.0,0.41234,0.0,66.0,25.0,0.0,0.1025,씻어라.,안 씻었어요.,화면 영문 자막 대조,34.88,T4,구조검사 통과 시 유지,borderline_cps,38.788522848034006,36.52,P4,회귀검사 통과 시 유지
ABF-328,사진 대조 1차 교정본,761,"01:44:50,000 --> 01:44:51,380",1.38,엄청 좋아.,기분 좋아?,"추워, 추워.",반응형,sub_0761_6290.0s.jpg,0.0,,,25.0,90.0,50.0,78.0,75.0,0.47129,0.0,66.0,0.0,0.0,0.595,"아, 좋아.","아, 들어온다.",,34.85,T4,구조검사 통과 시 유지,,38.629117959617425,36.44,P4,회귀검사 통과 시 유지
ABF-328,사진 대조 1차 교정본,816,"02:00:33,750 --> 02:00:35,430",1.68,하아아…,스즈모리…,오오오…,반응형,sub_0816_7233.8s.jpg,0.05,,,25.0,90.0,50.0,78.0,75.0,0.47131,0.0,66.0,0.0,0.0,0.4134,아아…,"와, 진짜 많이 커졌어.",일본어 원문 + 타임스탬프 사진 + 장면 연속성,34.85,T4,구조검사 통과 시 유지,,38.629117959617425,36.44,P4,회귀검사 통과 시 유지
ABF-328,사진 대조 1차 교정본,394,"00:59:22,100 --> 00:59:22,400",0.3,그거 말이야?,응.,"아, 그래?",반말형,sub_0394_3562.1s.jpg,0.0,,,25.0,90.0,50.0,78.0,75.0,0.41131,0.0,66.0,25.0,0.0,0.2756,유두 말이야.,젖꼭지 말이야.,,34.83,T4,구조검사 통과 시 유지,borderline_cps,38.46971307120085,36.36,P4,회귀검사 통과 시 유지
ABF-328,사진 대조 1차 교정본,774,"01:47:19,480 --> 01:47:20,740",1.26,부끄럽다고?,부끄러워.,도망가지 마.,중립·혼합형,sub_0774_6439.5s.jpg,0.02,,,25.0,90.0,50.0,78.0,75.0,0.47045,0.0,66.0,0.0,0.0,0.1644,어? 벗기고 싶다고? 응.,해 줬으면 좋겠어? 응.,손상된 일본어 ASR + 타임스탬프 사진 + 앞뒤 문맥 추론,34.82,T4,구조검사 통과 시 유지,,38.3634431455898,36.31,P4,회귀검사 통과 시 유지
ABF-328,사진 대조 1차 교정본,879,"02:15:01,980 --> 02:15:02,380",0.4,괜찮아.,안 받아도 괜찮을까?,이제 더 이상 전화 안 오겠지.,반응형,sub_0879_8102.0s.jpg,0.02,,,25.0,90.0,50.0,78.0,75.0,0.28973,42.0,66.0,0.0,0.0,1.0,괜찮아.,최고예요.,화면 영문 자막 대조,34.79,T4,구조검사 통과 시 유지,,38.257173219978746,36.25,P4,회귀검사 통과 시 유지
ABF-328,사진 대조 1차 교정본,622,"01:22:49,030 --> 01:22:51,590",2.56,"그만, 기다려봐.","집이니까 노브라인 건 어쩔 수 없잖아.
티팬티를 입은 것도 아니고.",기다리라니까!,중립·혼합형,sub_0622_4969.0s.jpg,0.03,,,25.0,90.0,50.0,78.0,75.0,0.46921,0.0,66.0,0.0,0.0,0.489,잠깐 기다려봐...,잠깐 기다려봐…,,34.77,T4,구조검사 통과 시 유지,,38.150903294367694,36.19,P4,회귀검사 통과 시 유지
ABF-328,사진 대조 1차 교정본,505,"01:13:06,460 --> 01:13:06,760",0.3,잠깐만.,있잖아.,이쪽도.,반응형,sub_0505_4386.5s.jpg,0.04,,,25.0,90.0,50.0,78.0,75.0,0.42412,10.3,66.0,0.0,0.0,0.7358,하아… 잠깐만.,목욕물 받아 놓은 거지?,일본어 원문 + 타임스탬프 사진 + 장면 연속성,34.73,T4,구조검사 통과 시 유지,,37.93836344314559,36.08,P4,회귀검사 통과 시 유지
ABF-328,사진 대조 1차 교정본,688,"01:32:04,990 --> 01:32:16,410",11.42,"무서워, 무서워.",어때?,흘러넘칠 것 같아.,중립·혼합형,sub_0688_5525.0s.jpg,0.01,,,25.0,90.0,50.0,78.0,75.0,0.41866,11.57,66.0,0.0,0.0,0.7464,좀 더 무서워.,좀 무서워.,,34.73,T4,구조검사 통과 시 유지,,37.93836344314559,36.08,P4,회귀검사 통과 시 유지
ABF-328,사진 대조 1차 교정본,756,"01:42:08,850 --> 01:42:21,750",12.9,기분 좋아…,진짜 체력이 좋네.,"- 기분 좋아?
- 응, 너무 좋아.",반응형,sub_0756_6128.9s.jpg,0.05,,,25.0,90.0,50.0,78.0,75.0,0.39545,16.98,66.0,0.0,0.0,0.7915,아- 기분 좋아…,아… 기분 좋아…,,34.73,T4,구조검사 통과 시 유지,,37.93836344314559,36.08,P4,회귀검사 통과 시 유지
ABF-328,사진 대조 1차 교정본,485,"01:10:02,890 --> 01:10:03,270",0.38,그런 것 같아.,조금?,"아니, 안 먹을 거야.",반응형,sub_0485_4202.9s.jpg,0.01,,,25.0,90.0,50.0,78.0,75.0,0.44353,5.39,66.0,0.0,0.0,0.6949,갈 것 같아.,진짜 갈 것 같아.,일본어 원문 대조 + 자연스러운 한국어 대사 교정,34.66,T4,구조검사 통과 시 유지,,37.619553666312434,35.9,P4,회귀검사 통과 시 유지
ABF-328,사진 대조 1차 교정본,562,"01:19:00,560 --> 01:19:01,680",1.12,해 본 적 있지?,아까부터 진짜 시끄럽네!,처음이거든!,반말형,sub_0562_4740.6s.jpg,0.04,,,25.0,90.0,50.0,78.0,75.0,0.46665,0.0,66.0,0.0,0.0,0.5319,해 본 적 있어?,해 봤어?,일본어 원문 대조 + 자연스러운 한국어 대사 교정,34.66,T4,구조검사 통과 시 유지,,37.619553666312434,35.9,P4,회귀검사 통과 시 유지
ABF-328,사진 대조 1차 교정본,811,"01:59:12,550 --> 01:59:13,250",0.7,조금만 더…,진짜 나올 것 같아!,넘칠 것 같아.,중립·혼합형,sub_0811_7152.6s.jpg,0.05,,,25.0,90.0,50.0,78.0,75.0,0.42763,9.08,66.0,0.0,0.0,0.7257,"조금만 더… 아, 기분 좋아…","조금만 더… 아, 좋아…",손상된 일본어 ASR + 타임스탬프 사진 + 앞뒤 문맥 추론,34.66,T4,구조검사 통과 시 유지,,37.619553666312434,35.9,P4,회귀검사 통과 시 유지
ABF-328,사진 대조 1차 교정본,74,"00:24:46,920 --> 00:24:47,420",0.5,정말…,잠깐만…,이거 기분 좋네…,중립·혼합형,sub_0074_1486.9s.jpg,0.02,,,25.0,90.0,50.0,78.0,75.0,0.46523,0.0,66.0,0.0,0.0,0.192,정말.,정말…,일본어 원문 대조 + 자연스러운 한국어 대사 교정,34.6,T4,구조검사 통과 시 유지,,37.40701381509033,35.78,P4,회귀검사 통과 시 유지
ABF-328,사진 대조 1차 교정본,120,"00:27:34,450 --> 00:27:35,590",1.14,조금만이라니…,"잠깐만, 아주 조금만…","와, 대단한데.",중립·혼합형,sub_0120_1654.5s.jpg,0.05,,,25.0,90.0,50.0,78.0,75.0,0.4645,0.0,66.0,0.0,0.0,0.5864,조금만이라니...,조금만이라니…,,34.57,T4,구조검사 통과 시 유지,,37.30074388947928,35.72,P4,회귀검사 통과 시 유지
ABF-328,사진 대조 1차 교정본,401,"00:59:31,440 --> 00:59:38,550",7.11,빨리 감기.,응.,앗!,중립·혼합형,sub_0401_3571.4s.jpg,0.04,,,25.0,90.0,50.0,78.0,75.0,0.46311,0.0,66.0,0.0,0.0,0.3797,빨리 핥아 봐.,빨리 핥아 줘.,화자 말투 자연화,34.51,T4,구조검사 통과 시 유지,,37.141339001062704,35.62,P4,회귀검사 통과 시 유지
ABF-328,사진 대조 1차 교정본,540,"01:16:13,330 --> 01:16:15,210",1.88,진짜 쌩쌩하네.,"시끄러워, 진짜!",기분 좋으니까.,반말형,sub_0540_4573.3s.jpg,0.03,,,25.0,90.0,50.0,78.0,75.0,0.46315,0.0,66.0,0.0,0.0,0.1763,오늘 진짜 엄청 했네.,오늘 진짜 실컷 했네.,일본어 원문 대조 + 자연스러운 한국어 대사 교정,34.51,T4,구조검사 통과 시 유지,,37.141339001062704,35.62,P4,회귀검사 통과 시 유지
ABF-328,사진 대조 1차 교정본,809,"01:59:08,610 --> 01:59:10,230",1.62,"아, 안 돼.","아, 나 싸 버릴 것 같아.",진짜 나올 것 같아!,반응형,sub_0809_7148.6s.jpg,0.01,,,25.0,90.0,50.0,78.0,75.0,0.36542,22.68,66.0,0.0,0.0,0.839,안 돼.,"네, 놀랐어요.",타임스탬프 사진과 앞뒤 장면으로 대사 기능 복원,34.49,T4,구조검사 통과 시 유지,,36.98193411264612,35.54,P4,회귀검사 통과 시 유지
ABF-328,사진 대조 1차 교정본,767,"01:46:23,270 --> 01:46:24,070",0.8,조금 방해돼.,갈 것 같아?,있잖아.,반말형,sub_0767_6383.3s.jpg,0.03,,,25.0,90.0,50.0,78.0,75.0,0.46129,0.0,66.0,0.0,0.0,0.2028,조금 쉬세요.,잠깐만.,,34.43,T4,구조검사 통과 시 유지,,36.87566418703507,35.46,P4,회귀검사 통과 시 유지
ABF-328,사진 대조 1차 교정본,893,"02:15:25,120 --> 02:15:25,740",0.62,이제 끝났으니까.,"그래, 다 끝났어.",응.,반응형,sub_0893_8125.1s.jpg,0.02,,,25.0,90.0,50.0,78.0,75.0,0.46039,0.0,66.0,0.0,0.0,0.2148,세게 깨물었으니까.,어느 쪽부터 베어 먹었을까?,,34.4,T4,구조검사 통과 시 유지,,36.76939426142402,35.4,P4,회귀검사 통과 시 유지
ABF-328,사진 대조 1차 교정본,773,"01:47:17,520 --> 01:47:18,460",0.94,부끄러워.,이렇게 하면 돼?,부끄럽다고?,중립·혼합형,sub_0773_6437.5s.jpg,0.02,,,25.0,90.0,50.0,78.0,75.0,0.36491,22.15,66.0,0.0,0.0,0.8346,"하아, 부끄러워.",부끄러워? 팬티도 벗어야지.,일본어 원문 + 타임스탬프 사진 + 장면 연속성,34.37,T4,구조검사 통과 시 유지,,36.66312433581297,35.33,P4,회귀검사 통과 시 유지
ABF-328,사진 대조 1차 교정본,798,"01:56:00,060 --> 01:56:05,220",5.16,"아, 잠깐… 뭐야…",으으으…,으윽…,반응형,sub_0798_6960.1s.jpg,0.04,,,25.0,90.0,50.0,78.0,75.0,0.45943,0.0,66.0,0.0,0.0,0.6489,잠깐…,그리고…,일본어 원문 대조 + 자연스러운 한국어 대사 교정,34.36,T4,구조검사 통과 시 유지,,36.55685441020191,35.28,P4,회귀검사 통과 시 유지
ABF-328,사진 대조 1차 교정본,107,"00:27:09,570 --> 00:27:11,830",2.26,뭐야? 이제 그만해.,괜찮으니까.,네가 직접 움직여봐.,반말형,sub_0107_1629.6s.jpg,0.03,,,25.0,90.0,50.0,78.0,75.0,0.45893,0.0,66.0,0.0,0.0,0.5621,"안 돼, 그만해.","배 아파, 그만해.",,34.34,T4,구조검사 통과 시 유지,,36.450584484590856,35.23,P4,회귀검사 통과 시 유지
ABF-328,사진 대조 1차 교정본,3,"00:00:36,260 --> 00:00:38,440",2.18,여기가 어디지…?,어라… 아…,뭐야…?,반응형,sub_0003_36.3s.jpg,0.04,,,25.0,90.0,50.0,78.0,75.0,0.45872,0.0,66.0,0.0,0.0,0.4641,여기가 어디지...?,여기가 어디지…?,,34.33,T4,구조검사 통과 시 유지,,36.344314558979804,35.18,P4,회귀검사 통과 시 유지
ABF-328,사진 대조 1차 교정본,178,"00:33:23,460 --> 00:33:39,180",15.72,"- 이제 무리야…
- 무리 아니야. 조금만 더.",더 느낄 것 같지?,졸리면 그냥 누워 있어.,반말형,sub_0178_2003.5s.jpg,0.04,,,25.0,90.0,72.0,78.0,75.0,0.38624,16.48,66.0,0.0,0.0,0.7873,- 이제 무리야... - 무리 아니야. 조금만 더.,- 이제 무리야… - 무리 아니야. 조금만 더.,,34.25,T4,구조검사 통과 시 유지,,36.23804463336875,35.08,P4,회귀검사 통과 시 유지
ABF-328,사진 대조 1차 교정본,121,"00:27:49,330 --> 00:27:49,890",0.56,"와, 대단한데.",조금만이라니…,이렇게 하면 돼?,중립·혼합형,sub_0121_1669.3s.jpg,0.03,,,25.0,90.0,50.0,78.0,75.0,0.45675,0.0,66.0,0.0,0.0,0.2207,"와, 짱이다.","와, 아담하다.",일본어 원문 + 타임스탬프 사진 + 장면 연속성,34.24,T4,구조검사 통과 시 유지,,36.07863974495218,35.01,P4,회귀검사 통과 시 유지
ABF-328,사진 대조 1차 교정본,719,"01:35:08,180 --> 01:35:09,620",1.44,하지만 심심하잖아.,일도 다 끝났는데 이제 집에 가야지.,너도 딱히 약속 없지?,반응형,sub_0719_5708.2s.jpg,0.02,,,25.0,90.0,50.0,78.0,75.0,0.45658,0.0,66.0,0.0,0.0,0.2138,하지만 내가 사랑하는 건 너뿐이니까 괜찮잖아.,너만 사랑한다니까.,,34.24,T4,구조검사 통과 시 유지,,36.07863974495218,35.01,P4,회귀검사 통과 시 유지
ABF-328,사진 대조 1차 교정본,159,"00:31:01,180 --> 00:31:01,840",0.66,손 줘봐.,움직이니까 덥잖아.,손으로 해 줄까?,중립·혼합형,sub_0159_1861.2s.jpg,0.02,,,25.0,90.0,50.0,78.0,75.0,0.45633,0.0,66.0,0.0,0.0,0.1833,넣었다 뺐다 하는 걸 나한테 보여줘봐.,넣었다 뺐다 하는 걸 나한테 보여 줘봐.,,34.23,T4,구조검사 통과 시 유지,,35.919234856535596,34.94,P4,회귀검사 통과 시 유지
ABF-328,사진 대조 1차 교정본,12,"00:01:29,230 --> 00:01:32,310",3.08,"이게 맞아? 응, 맞아.",아까 그 데이터?,"결국 일을 끝내지 못한 채
회사 문을 닫을 시간이 됐고,",반응형,sub_0012_89.2s.jpg,0.03,,,25.0,90.0,50.0,78.0,75.0,0.45625,0.0,66.0,0.0,0.0,0.3296,이게 좋아.,이렇게 하는 게 좋아.,손상된 일본어 ASR + 타임스탬프 사진 + 앞뒤 문맥 추론,34.22,T4,구조검사 통과 시 유지,,35.812964930924544,34.89,P4,회귀검사 통과 시 유지
ABF-328,사진 대조 1차 교정본,191,"00:34:56,390 --> 00:34:58,010",1.62,못 자겠어.,잠이 안 와.,정신이 완전 또렷해졌잖아.,반응형,sub_0191_2096.4s.jpg,0.01,,,25.0,90.0,50.0,78.0,75.0,0.45556,0.0,66.0,0.0,0.0,0.3415,못 울겠어.,목이 막혀요.,사진 장면 확인 및 한국어 번역투·ASR 오역 교정,34.19,T4,구조검사 통과 시 유지,,35.65356004250797,34.8,P4,회귀검사 통과 시 유지
ABF-328,사진 대조 1차 교정본,637,"01:24:25,100 --> 01:24:28,880",3.78,전혀…,이제 그만…,이제 충분하잖아.,중립·혼합형,sub_0637_5065.1s.jpg,0.0,,,25.0,90.0,50.0,78.0,79.0,0.44982,0.0,66.0,0.0,0.0,0.1798,전혀...,전혀…,,34.19,T4,구조검사 통과 시 유지,,35.65356004250797,34.8,P4,회귀검사 통과 시 유지
ABF-328,사진 대조 1차 교정본,631,"01:24:07,320 --> 01:24:08,160",0.84,왜 그래?,아프잖아!,위험해.,중립·혼합형,sub_0631_5047.3s.jpg,0.02,,,25.0,90.0,50.0,78.0,75.0,0.43815,3.93,66.0,0.0,0.0,0.6828,"음-, 왜 그래?",음… 왜 그래?,,34.17,T4,구조검사 통과 시 유지,,35.441020191285865,34.7,P4,회귀검사 통과 시 유지
ABF-328,사진 대조 1차 교정본,662,"01:28:36,940 --> 01:28:37,640",0.7,후후후.,정말 짜증 나.,방금 ‘큰일’이라고 했지?,중립·혼합형,sub_0662_5316.9s.jpg,0.04,,,25.0,90.0,50.0,78.0,75.0,0.45503,0.0,66.0,0.0,0.0,0.342,"후후후, 어서 와.","후후후, 차가워!",손상된 일본어 ASR + 타임스탬프 사진 + 앞뒤 문맥 추론,34.17,T4,구조검사 통과 시 유지,,35.441020191285865,34.7,P4,회귀검사 통과 시 유지
ABF-328,사진 대조 1차 교정본,838,"02:10:13,530 --> 02:10:14,170",0.64,그대로 날 놓지 마.,"아, 좋아.",강아지처럼…,반말형,sub_0838_7813.5s.jpg,0.03,,,25.0,90.0,50.0,78.0,75.0,0.45416,0.0,66.0,0.0,0.0,0.3282,하지 마.,잠깐만.,손상된 일본어 ASR + 타임스탬프 사진 + 앞뒤 문맥 추론,34.13,T4,구조검사 통과 시 유지,,35.28161530286929,34.61,P4,회귀검사 통과 시 유지
ABF-328,사진 대조 1차 교정본,307,"00:50:02,880 --> 00:50:03,260",0.38,자.,있잖아…,요코야마 부장님한테 다시 전화할까?,중립·혼합형,sub_0307_3002.9s.jpg,0.02,,,25.0,90.0,50.0,78.0,75.0,0.35749,22.22,66.0,0.0,0.0,0.8351,잘 자.,조금만 천천히…,타임스탬프 사진으로 장면 불일치 확인 후 재복원,34.07,T4,구조검사 통과 시 유지,,35.17534537725824,34.53,P4,회귀검사 통과 시 유지
ABF-328,사진 대조 1차 교정본,712,"01:34:50,720 --> 01:34:51,660",0.94,미안해.,그러게. 라면 국물 사건 때는 어떻게 되나 했어.,완성 기념으로 영화라도 한 편 보자.,반말형,sub_0712_5690.7s.jpg,0.02,,,25.0,90.0,50.0,78.0,75.0,0.36802,19.25,66.0,0.0,0.0,0.8104,아... 미안해.,아… 미안해.,,33.98,T4,구조검사 통과 시 유지,,35.06907545164719,34.44,P4,회귀검사 통과 시 유지
ABF-328,사진 대조 1차 교정본,488,"01:10:46,090 --> 01:10:46,470",0.38,이제 됐어.,정말?,왜 자꾸 맛보라고 해?,반응형,sub_0488_4246.1s.jpg,0.01,,,25.0,90.0,50.0,78.0,75.0,0.44893,0.0,66.0,0.0,0.0,0.4098,온몸이 엉망이 됐어.,몸에 다 묻었네.,일본어 원문 대조 + 자연스러운 한국어 대사 교정,33.92,T4,구조검사 통과 시 유지,,34.962805526036135,34.36,P4,회귀검사 통과 시 유지
ABF-328,사진 대조 1차 교정본,589,"01:21:33,490 --> 01:21:34,190",0.7,"응, 묻어 있었어.","- 국물? 묻어 있었어?
- 응, 묻었어.","- 정말?
- 응.",반응형,sub_0589_4893.5s.jpg,0.01,,,25.0,90.0,50.0,78.0,75.0,0.44817,0.0,66.0,0.0,0.0,0.5728,누워 있었어.,더 뿜어봐.,,33.88,T4,구조검사 통과 시 유지,,34.85653560042508,34.29,P4,회귀검사 통과 시 유지
ABF-328,사진 대조 1차 교정본,499,"01:12:20,320 --> 01:12:22,360",2.04,"- 그럼 이 소리는 뭔데?
- 몰라.","- 그래?
- 응.","- 국물 묻어서 더러워진다니까.
- 시끄러워.",중립·혼합형,sub_0499_4340.3s.jpg,0.02,,,25.0,90.0,72.0,78.0,75.0,0.44302,0.0,66.0,0.0,0.0,0.304,여기서 잘지도 몰라.,"응, 들어왔어.",일본어 원문 + 타임스탬프 사진 + 장면 연속성,33.67,T4,구조검사 통과 시 유지,,34.75026567481403,34.12,P4,회귀검사 통과 시 유지
ABF-328,사진 대조 1차 교정본,446,"01:05:12,240 --> 01:05:13,860",1.62,제발 기다려.,또 국물 쏟아질라.,위험하다고.,중립·혼합형,sub_0446_3912.2s.jpg,0.04,,,25.0,90.0,50.0,78.0,75.0,0.44221,0.0,66.0,0.0,0.0,0.4559,기다려...,기다려…,,33.63,T4,구조검사 통과 시 유지,,34.64399574920298,34.06,P4,회귀검사 통과 시 유지
ABF-328,사진 대조 1차 교정본,152,"00:30:44,330 --> 00:30:44,990",0.66,안 벗을 거라고?,안 벗을 거야.,왜?,중립·혼합형,sub_0152_1844.3s.jpg,0.03,,,25.0,90.0,50.0,78.0,75.0,0.44191,0.0,66.0,0.0,0.0,0.2496,손을 벗을 때는 좋네요.,[불명],,33.62,T4,구조검사 통과 시 유지,,34.53772582359193,34.01,P4,회귀검사 통과 시 유지
ABF-328,사진 대조 1차 교정본,182,"00:34:22,350 --> 00:34:23,230",0.88,이제 잠 다 깼어.,잠이 안 와?,기분 좋아서?,반응형,sub_0182_2062.3s.jpg,0.05,,,25.0,90.0,50.0,78.0,75.0,0.44122,0.0,66.0,0.0,0.0,0.4118,깼어...,깼어…,,33.59,T4,구조검사 통과 시 유지,,34.431455897980875,33.94,P4,회귀검사 통과 시 유지
ABF-328,사진 대조 1차 교정본,205,"00:37:06,060 --> 00:37:07,800",1.74,나 진짜 한계야!,"- 진짜 한계야.
- 참아. 절대 싸지 마!",잠깐만…!,반말형,sub_0205_2226.1s.jpg,0.04,,,25.0,90.0,50.0,78.0,75.0,0.44015,0.0,66.0,0.0,0.0,0.1775,진짜 엄청 좋아...,진짜 엄청 좋아…,,33.55,T4,구조검사 통과 시 유지,,34.32518597236982,33.88,P4,회귀검사 통과 시 유지
ABF-328,사진 대조 1차 교정본,157,"00:30:50,150 --> 00:30:51,990",1.84,왜 그래?,왜 안 되는데?,움직이니까 덥잖아.,중립·혼합형,sub_0157_1850.2s.jpg,0.05,,,25.0,90.0,50.0,78.0,75.0,0.42227,3.93,66.0,0.0,0.0,0.6828,"음-, 왜 그래?",음… 왜 그래?,,33.5,T4,구조검사 통과 시 유지,,34.21891604675877,33.8,P4,회귀검사 통과 시 유지
ABF-328,사진 대조 1차 교정본,235,"00:40:02,660 --> 00:40:04,860",2.2,"아, 그 건 말씀이시죠.","네, 수고하십니다. 죄송합니다, 네.","네, 네.",반응형,sub_0235_2402.7s.jpg,0.04,,,25.0,90.0,50.0,78.0,75.0,0.43831,0.0,66.0,0.0,0.0,0.2324,"아, 아, 아, 아, 아, 아, 아,","아, 아, 아, 아, 아, 아, 아",,33.47,T4,구조검사 통과 시 유지,,34.05951115834219,33.72,P4,회귀검사 통과 시 유지
ABF-328,사진 대조 1차 교정본,933,"02:38:35,490 --> 02:38:40,330",4.84,오늘 색다른 경험은 다 해 보네.,오.,끝까지 잘 해냈네.,반말형,sub_0933_9515.5s.jpg,0.01,조사 교정,높음,25.0,90.0,50.0,78.0,75.0,0.8504,15.24,22.0,0.0,0.0,0.777,오늘 색다른 경험을 다 해 보네.,오늘 색다른 경험은 다 해 보네.,조사 교정,33.47,T4,구조검사 통과 시 유지,,34.05951115834219,33.72,P4,회귀검사 통과 시 유지
ABF-328,사진 대조 1차 교정본,863,"02:14:07,620 --> 02:14:08,000",0.38,안 나와?,아니.,나오는 게 나을까?,중립·혼합형,sub_0863_8047.6s.jpg,0.02,,,25.0,90.0,50.0,78.0,75.0,0.43721,0.0,66.0,0.0,0.0,0.1704,나와 버렸어?,또 나와 버렸어?,일본어 원문 대조 + 자연스러운 한국어 대사 교정,33.42,T4,구조검사 통과 시 유지,,33.900106269925615,33.62,P4,회귀검사 통과 시 유지
ABF-328,사진 대조 1차 교정본,280,"00:48:02,400 --> 00:48:03,380",0.98,있잖아.,뭐가 어쩔 수 없다는 거야!,뭐 하는 거야?,반응형,sub_0280_2882.4s.jpg,0.0,,,25.0,90.0,50.0,78.0,75.0,0.32815,25.39,66.0,0.0,0.0,0.8616,서 있잖아.,완전히 서 있잖아.,일본어 원문 대조 + 자연스러운 한국어 대사 교정,33.41,T4,구조검사 통과 시 유지,,33.793836344314556,33.57,P4,회귀검사 통과 시 유지
ABF-328,사진 대조 1차 교정본,628,"01:23:58,660 --> 01:23:59,320",0.66,안 냈어.,방금 소리 냈지?,"아, 속옷 살짝 찢어졌네.",반응형,sub_0628_5038.7s.jpg,0.04,,,25.0,90.0,50.0,78.0,75.0,0.43572,0.0,66.0,0.0,0.0,0.2682,끝까지 잘 해냈어.,끝까지 잘 해냈네.,대화체 종결 자연화,33.36,T4,구조검사 통과 시 유지,,33.687566418703504,33.5,P4,회귀검사 통과 시 유지
ABF-328,사진 대조 1차 교정본,842,"02:11:06,650 --> 02:11:06,950",0.3,뭔가…,야옹.,방금…,중립·혼합형,sub_0842_7866.6s.jpg,0.05,,,25.0,90.0,50.0,78.0,75.0,0.43391,0.0,66.0,0.0,0.0,0.6293,한 번에 하자. 뭔가…,이제 자자. 불도 조금 어둡게 해 줘.,사진 장면 확인 및 한국어 번역투·ASR 오역 교정,33.28,T4,구조검사 통과 시 유지,,33.58129649309245,33.41,P4,회귀검사 통과 시 유지
ABF-328,사진 대조 1차 교정본,475,"01:09:36,680 --> 01:09:36,860",0.18,뭐라고?,그런 라면 있잖아.,"대체 뭐야, 진짜.",중립·혼합형,sub_0475_4176.7s.jpg,0.02,,,25.0,90.0,50.0,78.0,75.0,0.33541,0.0,66.0,41.11,0.0,0.6306,샴페인이 뭐라고?,샴페인 이름이 뭐였지?,사진 장면 확인 및 한국어 번역투·ASR 오역 교정,33.26,T4,구조검사 통과 시 유지,high_cps,33.4750265674814,33.35,P4,회귀검사 통과 시 유지
ABF-328,사진 대조 1차 교정본,360,"00:55:36,640 --> 00:55:37,780",1.14,아래쪽 한 번 더.,기분 좋아.,"아래, 아래쪽.",반응형,sub_0360_3336.6s.jpg,0.04,,,25.0,90.0,50.0,78.0,75.0,0.43198,0.0,66.0,0.0,0.0,0.3712,오른쪽 아래쪽 끈도 빼겠습니다.,오른쪽 아래 끈도 뺄게요.,,33.2,T4,구조검사 통과 시 유지,,33.36875664187035,33.27,P4,회귀검사 통과 시 유지
ABF-328,사진 대조 1차 교정본,581,"01:21:14,260 --> 01:21:15,220",0.96,방금 왜 그래?,"- 으음.
- 비밀이야.",응?,중립·혼합형,sub_0581_4874.3s.jpg,0.04,,,25.0,90.0,50.0,78.0,75.0,0.43061,0.0,66.0,0.0,0.0,0.5426,"음-, 왜 그래?",음… 왜 그래?,,33.15,T4,구조검사 통과 시 유지,,33.262486716259296,33.2,P4,회귀검사 통과 시 유지
ABF-328,사진 대조 1차 교정본,716,"01:34:59,940 --> 01:35:02,240",2.3,"아, 그랬었지.",전에 추천해주고 싶은 영화가 있다고 했잖아.,"그래, 그거 보자.",반응형,sub_0716_5699.9s.jpg,0.04,,,25.0,90.0,50.0,78.0,75.0,0.43051,0.0,66.0,0.0,0.0,0.2877,"아, 아, 아, 아, 아, 아, 아,","아, 아, 아, 아, 아, 아, 아",,33.14,T4,구조검사 통과 시 유지,,33.156216790648244,33.15,P4,회귀검사 통과 시 유지
ABF-328,사진 대조 1차 교정본,70,"00:24:40,400 --> 00:24:41,140",0.74,지겹잖아.,계속 같은 자세만 하고 있잖아.,그렇지?,반응형,sub_0070_1480.4s.jpg,0.0,,,25.0,90.0,50.0,78.0,75.0,0.43027,0.0,66.0,0.0,0.0,0.1312,서 있잖아.,완전히 서 있잖아.,일본어 원문 대조 + 자연스러운 한국어 대사 교정,33.13,T4,구조검사 통과 시 유지,,32.99681190223167,33.07,P4,회귀검사 통과 시 유지
ABF-328,사진 대조 1차 교정본,576,"01:20:38,230 --> 01:20:41,270",3.04,"- 비밀.
- ‘비밀’이라는 말 참 좋아하네.","- 대체 뭐야.
- 안쪽이 좋아?","- 서 있잖아.
- 안 섰어.",반말형,sub_0576_4838.2s.jpg,0.03,,,25.0,90.0,72.0,78.0,75.0,0.43013,0.0,66.0,0.0,0.0,0.0903,야하네.,여긴 지저분하네.,화면 영문 자막 대조,33.13,T4,구조검사 통과 시 유지,,32.99681190223167,33.07,P4,회귀검사 통과 시 유지
ABF-328,사진 대조 1차 교정본,463,"01:07:17,400 --> 01:07:19,640",2.24,"- 라면보다 이쪽이 더 맛있어.
- 무슨 소리야.",기다려봐.,"대체 뭐야, 정말.",반말형,sub_0463_4037.4s.jpg,0.0,,,25.0,90.0,72.0,78.0,75.0,0.42962,0.0,66.0,0.0,0.0,0.329,이쪽이 더 커.,이쪽이 더 굵어.,일본어 원문 대조 + 자연스러운 한국어 대사 교정,33.1,T4,구조검사 통과 시 유지,,32.83740701381509,32.99,P4,회귀검사 통과 시 유지
ABF-328,사진 대조 1차 교정본,459,"01:06:36,560 --> 01:06:37,960",1.4,뭐라고?,뭐가?,"계속 흘러넘치고 있어.
무슨 소리야, 정말.",중립·혼합형,sub_0459_3996.6s.jpg,0.04,,,25.0,90.0,50.0,78.0,75.0,0.42819,0.0,66.0,0.0,0.0,0.6306,샴페인이 뭐라고?,샴페인 이름이 뭐였지?,사진 장면 확인 및 한국어 번역투·ASR 오역 교정,33.04,T4,구조검사 통과 시 유지,,32.731137088204036,32.91,P4,회귀검사 통과 시 유지
ABF-328,사진 대조 1차 교정본,610,"01:22:15,960 --> 01:22:17,220",1.26,"기다려, 이제 그만해!","잠깐만, 뭐 하는 거야?!",왜 멋대로 집어넣어?,반말형,sub_0610_4936.0s.jpg,0.04,,,25.0,90.0,50.0,78.0,75.0,0.42734,0.0,66.0,0.0,0.0,0.3748,"기다려, 더 부드럽게 해줘.","기다려, 더 부드럽게 해 줘.",,33.01,T4,구조검사 통과 시 유지,,32.624867162592984,32.85,P4,회귀검사 통과 시 유지
ABF-328,사진 대조 1차 교정본,478,"01:09:40,380 --> 01:09:40,900",0.52,"응, 그거.",그런 라면이라니?,난 탄멘 먹었어.,반응형,sub_0478_4180.4s.jpg,0.02,,,25.0,90.0,50.0,78.0,75.0,0.42529,0.0,66.0,0.0,0.0,0.29,"응, 더...","응, 더…",,32.92,T4,구조검사 통과 시 유지,,32.51859723698193,32.75,P4,회귀검사 통과 시 유지
ABF-328,사진 대조 1차 교정본,361,"00:55:38,380 --> 00:55:39,340",0.96,"아래, 아래쪽.",아래쪽 한 번 더.,아니.,반응형,sub_0361_3338.4s.jpg,0.02,,,25.0,90.0,50.0,78.0,75.0,0.42417,0.0,66.0,0.0,0.0,0.1958,오른쪽 아래쪽 끈도 빼겠습니다.,오른쪽 아래 끈도 뺄게요.,,32.88,T4,구조검사 통과 시 유지,,32.35919234856536,32.66,P4,회귀검사 통과 시 유지
ABF-328,사진 대조 1차 교정본,452,"01:05:37,410 --> 01:05:37,850",0.44,진짜…,잠깐.,흠뻑 젖었어.,중립·혼합형,sub_0452_3937.4s.jpg,0.01,,,25.0,90.0,50.0,78.0,75.0,0.42426,0.0,66.0,0.0,0.0,0.1434,진짜...,진짜…,,32.88,T4,구조검사 통과 시 유지,,32.35919234856536,32.66,P4,회귀검사 통과 시 유지
ABF-328,사진 대조 1차 교정본,143,"00:30:02,340 --> 00:30:04,300",1.96,기분 좋아.,"아, 거기 엄청 느낌 와.",거기… 거기도.,반응형,sub_0143_1802.3s.jpg,0.04,,,25.0,90.0,50.0,78.0,75.0,0.24389,42.0,66.0,0.0,0.0,1.0,기분 좋아.,"아, 좋아.",화면 영문 자막 대조,32.86,T4,구조검사 통과 시 유지,,32.146652497343254,32.56,P4,회귀검사 통과 시 유지
ABF-328,사진 대조 1차 교정본,252,"00:42:04,990 --> 00:42:10,930",5.94,여보세요? 네. 죄송합니다.,아마 자료 때문일 거야.,"네, 지금 바로 작성 중입니다.",중립·혼합형,sub_0252_2525.0s.jpg,0.01,,,25.0,90.0,50.0,78.0,75.0,0.38955,0.0,66.0,0.0,18.0,0.458,죄송합니다...,죄송합니다…,,32.86,T4,구조검사 통과 시 유지,formality_shift,32.146652497343254,32.56,P4,회귀검사 통과 시 유지
ABF-328,사진 대조 1차 교정본,721,"01:35:12,120 --> 01:35:13,200",1.08,나는 있어.,너도 딱히 약속 없지?,진짜 있어?,반응형,sub_0721_5712.1s.jpg,0.02,,,25.0,90.0,50.0,78.0,75.0,0.42352,0.0,66.0,0.0,0.0,0.4633,뒤에 있어.,뒤쪽도 보여 줘.,일본어 원문 대조 + 자연스러운 한국어 대사 교정,32.85,T4,구조검사 통과 시 유지,,31.987247608926673,32.49,P4,회귀검사 통과 시 유지
ABF-328,사진 대조 1차 교정본,405,"00:59:44,590 --> 00:59:44,870",0.28,이봐.,"잠깐, 잠깐만!",뭐 하는 거야?,중립·혼합형,sub_0405_3584.6s.jpg,0.01,,,25.0,90.0,50.0,78.0,75.0,0.42314,0.0,66.0,0.0,0.0,0.0932,엉덩이 좀 봐.,이 유카타 진짜 귀엽네.,일본어 원문 + 타임스탬프 사진 + 장면 연속성,32.83,T4,구조검사 통과 시 유지,,31.88097768331562,32.43,P4,회귀검사 통과 시 유지
ABF-328,사진 대조 1차 교정본,122,"00:27:53,910 --> 00:27:54,470",0.56,이렇게 하면 돼?,"와, 대단한데.",역시 안쪽 자극받는 거 좋아하네.,중립·혼합형,sub_0122_1673.9s.jpg,0.01,,,25.0,90.0,50.0,78.0,75.0,0.42287,0.0,66.0,0.0,0.0,0.4333,이렇게 하면 두 배로 느껴져요.,향까지 나니까 두 배로 좋아요.,,32.82,T4,구조검사 통과 시 유지,,31.77470775770457,32.38,P4,회귀검사 통과 시 유지
ABF-328,사진 대조 1차 교정본,105,"00:27:07,950 --> 00:27:08,610",0.66,뭔데?,잠깐 이쪽 좀 봐.,괜찮으니까.,중립·혼합형,sub_0105_1628.0s.jpg,0.05,,,25.0,90.0,50.0,78.0,75.0,0.4226,0.0,66.0,0.0,0.0,0.1256,"어, 예쁜데?",피부 진짜 예쁜데?,일본어 원문 대조 + 자연스러운 한국어 대사 교정,32.81,T4,구조검사 통과 시 유지,,31.668437832093517,32.33,P4,회귀검사 통과 시 유지
ABF-328,사진 대조 1차 교정본,418,"01:00:12,660 --> 01:00:14,260",1.6,진짜 큰일인데.,자료가 안 보이네. 왜 없지?,처음부터 다시 만들어야 하나?,중립·혼합형,sub_0418_3612.7s.jpg,0.04,,,25.0,90.0,50.0,78.0,75.0,0.42149,0.0,66.0,0.0,0.0,0.3728,- 큰일 났다... - 뭐가 큰일인데?,- 큰일 났다… - 뭐가 큰일인데?,,32.76,T4,구조검사 통과 시 유지,,31.562167906482465,32.26,P4,회귀검사 통과 시 유지
ABF-328,사진 대조 1차 교정본,251,"00:41:55,600 --> 00:41:57,560",1.96,아마 자료 때문일 거야.,뭐?,여보세요? 네. 죄송합니다.,반응형,sub_0251_2515.6s.jpg,0.0,,,25.0,90.0,50.0,78.0,75.0,0.38634,0.0,66.0,0.0,18.0,0.2984,싫은 거야.,싫어?,일본어 원문 대조 + 자연스러운 한국어 대사 교정,32.73,T4,구조검사 통과 시 유지,formality_shift,31.455897980871413,32.19,P4,회귀검사 통과 시 유지
ABF-328,사진 대조 1차 교정본,282,"00:48:06,140 --> 00:48:07,800",1.66,안 된다니까.,뭐 하는 거야?,"싫어, 싫다고.",중립·혼합형,sub_0282_2886.1s.jpg,0.04,,,25.0,90.0,50.0,78.0,75.0,0.41984,0.0,66.0,0.0,0.0,0.1479,조심해. 지금은 안 되니까.,조심해. 아직 내려가면 안 돼.,일본어 원문 대조 + 자연스러운 한국어 대사 교정,32.69,T4,구조검사 통과 시 유지,,31.34962805526036,32.13,P4,회귀검사 통과 시 유지
ABF-328,사진 대조 1차 교정본,887,"02:15:17,280 --> 02:15:18,220",0.94,역시.,아마 자료 때문에 전화하신 거겠지.,틀림없어.,중립·혼합형,sub_0887_8117.3s.jpg,0.02,,,25.0,90.0,50.0,78.0,75.0,0.33184,19.47,66.0,0.0,0.0,0.8122,하아 역시.,하아… 역시.,일본어 원문 대조 + 자연스러운 한국어 대사 교정,32.5,T4,구조검사 통과 시 유지,,31.243358129649305,31.97,P4,회귀검사 통과 시 유지
ABF-328,사진 대조 1차 교정본,537,"01:16:00,420 --> 01:16:01,020",0.6,상냥하네.,알았어.,시끄러.,반말형,sub_0537_4560.4s.jpg,0.02,,,25.0,90.0,50.0,78.0,75.0,0.41426,0.0,66.0,0.0,0.0,0.1713,야하네.,여긴 지저분하네.,화면 영문 자막 대조,32.46,T4,구조검사 통과 시 유지,,31.137088204038253,31.9,P4,회귀검사 통과 시 유지
ABF-328,사진 대조 1차 교정본,457,"01:06:18,300 --> 01:06:19,080",0.78,기분 좋아?,아까부터 물어봤잖아. 이렇게나 많이…,뭐가?,반응형,sub_0457_3978.3s.jpg,0.0,,,25.0,90.0,50.0,78.0,75.0,0.41376,0.0,66.0,0.0,0.0,0.5942,"아, 거기... 기분 좋아?","아, 거기… 기분 좋아?",,32.44,T4,구조검사 통과 시 유지,,31.0308182784272,31.85,P4,회귀검사 통과 시 유지
ABF-328,사진 대조 1차 교정본,888,"02:15:18,220 --> 02:15:18,580",0.36,틀림없어.,역시.,뭐라고 하시든 자료는 일단 완성했으니까.,반응형,sub_0888_8118.2s.jpg,0.02,,,25.0,90.0,50.0,78.0,75.0,0.41326,0.0,66.0,0.0,0.0,0.2142,끝이 없어.,끝도 없네.,사진 장면 확인 및 한국어 번역투·ASR 오역 교정,32.42,T4,구조검사 통과 시 유지,,30.924548352816156,31.79,P4,회귀검사 통과 시 유지
ABF-328,사진 대조 1차 교정본,294,"00:48:55,100 --> 00:48:55,800",0.7,왜 내가?,핥아달라고.,"- 아까 제대로 해 주지도 않았잖아. 조금만 하자.
- 안 돼. 네가 멋대로 시작한 거잖아.",중립·혼합형,sub_0294_2935.1s.jpg,0.0,,,25.0,90.0,50.0,78.0,75.0,0.41169,0.0,66.0,0.0,0.0,0.1988,왜 없지?,어라?,,32.35,T4,구조검사 통과 시 유지,,30.818278427205104,31.71,P4,회귀검사 통과 시 유지
ABF-328,사진 대조 1차 교정본,283,"00:48:07,980 --> 00:48:12,900",4.92,"싫어, 싫다고.",안 된다니까.,정말 싫어.,반응형,sub_0283_2888.0s.jpg,0.02,,,25.0,90.0,50.0,78.0,75.0,0.40953,0.0,66.0,0.0,0.0,0.4237,"싫어, 아… 아… 아…",싫어… 아… 아…,일본어 원문 대조 + 자연스러운 한국어 대사 교정,32.26,T4,구조검사 통과 시 유지,,30.658873538788523,31.59,P4,회귀검사 통과 시 유지
ABF-328,사진 대조 1차 교정본,328,"00:51:26,980 --> 00:51:29,860",2.88,이제 그만 말해.,게다가 너 진짜 잘하네.,"아, 갈 것 같아.",반말형,sub_0328_3087.0s.jpg,0.02,,,25.0,90.0,50.0,78.0,75.0,0.40946,0.0,66.0,0.0,0.0,0.2873,이제 그만해...,이제 그만해…,,32.26,T4,구조검사 통과 시 유지,,30.658873538788523,31.59,P4,회귀검사 통과 시 유지
ABF-328,사진 대조 1차 교정본,67,"00:24:37,500 --> 00:24:38,240",0.74,있잖아…,자세 좀 바꿔볼까?,잠깐 기다려봐…,반응형,sub_0067_1477.5s.jpg,0.0,,,25.0,90.0,50.0,78.0,75.0,0.40881,0.0,66.0,0.0,0.0,0.6345,계속 간 채로 있잖아…,계속 느끼고 있잖아…,타임스탬프 사진과 장면 흐름으로 명백한 오인식 교정,32.23,T4,구조검사 통과 시 유지,,30.44633368756642,31.48,P4,회귀검사 통과 시 유지
ABF-328,사진 대조 1차 교정본,593,"01:21:45,280 --> 01:21:46,420",1.14,뭐 하는 거야?,그런가? 안 더러웠던 것 같은데.,응?,반말형,sub_0593_4905.3s.jpg,0.02,,,25.0,90.0,50.0,78.0,75.0,0.39833,2.44,66.0,0.0,0.0,0.6703,뭐라고 하는 거야?,뭐라고 말해야 해?,일본어 원문 대조 + 자연스러운 한국어 대사 교정,32.23,T4,구조검사 통과 시 유지,,30.44633368756642,31.48,P4,회귀검사 통과 시 유지
ABF-328,사진 대조 1차 교정본,404,"00:59:39,730 --> 00:59:41,950",2.22,"잠깐, 잠깐만!",앗!,이봐.,반응형,sub_0404_3579.7s.jpg,0.03,,,25.0,90.0,50.0,78.0,75.0,0.40839,0.0,66.0,0.0,0.0,0.4596,"잠깐, 잠깐만 쉬게 해 주세요.","잠깐, 잠깐만… 그만해.",장면과 충돌한 표현 교정,32.21,T4,구조검사 통과 시 유지,,30.28692879914984,31.4,P4,회귀검사 통과 시 유지
ABF-328,사진 대조 1차 교정본,771,"01:47:05,560 --> 01:47:06,200",0.64,괜찮으니까.,엎드리라고?,이렇게 하면 돼?,반응형,sub_0771_6425.6s.jpg,0.04,,,25.0,90.0,50.0,78.0,75.0,0.34739,14.07,66.0,0.0,0.0,0.7673,괜찮으니까...,괜찮으니까…,,32.18,T4,구조검사 통과 시 유지,,30.18065887353879,31.34,P4,회귀검사 통과 시 유지
ABF-328,사진 대조 1차 교정본,229,"00:39:23,550 --> 00:39:24,630",1.08,뭐? 왜?,됐거든? 이제 그만해.,뭔데?,중립·혼합형,sub_0229_2363.6s.jpg,0.05,,,25.0,90.0,50.0,78.0,75.0,0.40296,0.0,66.0,0.0,0.0,0.2367,괜찮으려나? 왜? 잘 닦이고 있나?,괜찮으려나? 왜? 잘 닦이고 있어?,일본어 원문 대조 + 자연스러운 한국어 대사 교정,31.98,T4,구조검사 통과 시 유지,,30.074388947927737,31.18,P4,회귀검사 통과 시 유지
ABF-328,사진 대조 1차 교정본,766,"01:46:03,400 --> 01:46:04,440",1.04,갈 것 같아?,으음…,조금 방해돼.,반응형,sub_0766_6363.4s.jpg,0.0,,,25.0,90.0,50.0,78.0,75.0,0.40207,0.0,66.0,0.0,0.0,0.6334,싸버릴 것 같아?,싸 버릴 것 같아?,,31.95,T4,구조검사 통과 시 유지,,29.968119022316685,31.12,P4,회귀검사 통과 시 유지
ABF-328,사진 대조 1차 교정본,925,"02:35:00,130 --> 02:35:03,150",3.02,후우.,후후.,너무 거칠게 하면 아프니까 천천히 하자.,중립·혼합형,sub_0925_9300.1s.jpg,0.03,,,25.0,90.0,50.0,78.0,75.0,0.40146,0.0,66.0,0.0,0.0,0.0544,"후와 씨요. 그럼 후, 후와 씨는 쉬고 계세요.",후우아 씨요. 그럼 쉬고 계세요.,출연자 이름 및 반복 교정,31.92,T4,구조검사 통과 시 유지,,29.861849096705633,31.06,P4,회귀검사 통과 시 유지
ABF-328,사진 대조 1차 교정본,561,"01:18:56,760 --> 01:18:59,480",2.72,아까부터 진짜 시끄럽네!,어떻게 하는지는 아네.,해 본 적 있지?,반응형,sub_0561_4736.8s.jpg,0.04,,,25.0,90.0,50.0,78.0,75.0,0.39864,0.0,66.0,0.0,0.0,0.2611,아까부터 물어봤잖아. 이렇게나 많이...,아까부터 물어봤잖아. 이렇게나 많이…,,31.8,T4,구조검사 통과 시 유지,,29.75557917109458,30.94,P4,회귀검사 통과 시 유지
ABF-328,사진 대조 1차 교정본,395,"00:59:23,200 --> 00:59:23,920",0.72,"아, 그래?",그거 말이야?,응.,반응형,sub_0395_3563.2s.jpg,0.0,,,25.0,90.0,50.0,78.0,75.0,0.39843,0.0,66.0,0.0,0.0,0.5385,"음-, 왜 그래?",음… 왜 그래?,,31.79,T4,구조검사 통과 시 유지,,29.543039319872477,30.85,P4,회귀검사 통과 시 유지
ABF-328,사진 대조 1차 교정본,546,"01:16:41,130 --> 01:16:41,450",0.32,아니거든.,너 사실 핥고 싶었던 거 아니야?,별로 하고 싶지 않았거든!,반응형,sub_0546_4601.1s.jpg,0.03,,,25.0,90.0,50.0,78.0,75.0,0.39833,0.0,66.0,0.0,0.0,0.2207,그런 방식이거든.,그렇게 구분하는 거야.,,31.79,T4,구조검사 통과 시 유지,,29.543039319872477,30.85,P4,회귀검사 통과 시 유지
ABF-328,사진 대조 1차 교정본,575,"01:20:30,740 --> 01:20:33,720",2.98,"- 대체 뭐야.
- 안쪽이 좋아?","- 뭐? 시끄러워.
- 이제 그만해.","- 비밀.
- ‘비밀’이라는 말 참 좋아하네.",반응형,sub_0575_4830.7s.jpg,0.04,,,25.0,90.0,72.0,78.0,79.0,0.38686,1.37,66.0,0.0,0.0,0.6614,안쪽이 좋아?,안쪽도 좋아?,일본어 원문 대조 + 자연스러운 한국어 대사 교정,31.79,T4,구조검사 통과 시 유지,,29.543039319872477,30.85,P4,회귀검사 통과 시 유지
ABF-328,사진 대조 1차 교정본,289,"00:48:43,960 --> 00:48:44,800",0.84,뭐 하는 거야!,정말…,핥아 줘.,반말형,sub_0289_2924.0s.jpg,0.04,,,25.0,90.0,50.0,78.0,75.0,0.39688,0.0,66.0,0.0,0.0,0.4957,몇 개나 먹는 거야!,몇 개째야!,일본어 원문 대조 + 자연스러운 한국어 대사 교정,31.73,T4,구조검사 통과 시 유지,,29.330499468650373,30.72,P4,회귀검사 통과 시 유지
ABF-328,사진 대조 1차 교정본,620,"01:22:39,930 --> 01:22:41,290",1.36,별로 야한 차림 아니거든!,"네가 이렇게 야한 옷차림을
하고 있으니까 그렇지.","집이니까 노브라인 건 어쩔 수 없잖아.
티팬티를 입은 것도 아니고.",반응형,sub_0620_4959.9s.jpg,0.03,,,25.0,90.0,50.0,78.0,75.0,0.39639,0.0,66.0,0.0,0.0,0.1502,"야한 교성 소리를 그렇게 크게 내면,",야한 교성 소리를 그렇게 크게 내면,,31.71,T4,구조검사 통과 시 유지,,29.22422954303932,30.67,P4,회귀검사 통과 시 유지
ABF-328,사진 대조 1차 교정본,487,"01:10:29,000 --> 01:10:29,360",0.36,정말?,"아니, 안 먹을 거야.",이제 됐어.,중립·혼합형,sub_0487_4229.0s.jpg,0.0,,,25.0,90.0,50.0,78.0,75.0,0.21594,42.0,66.0,0.0,0.0,1.0,정말?,응.,일본어 원문 + 타임스탬프 사진 + 장면 연속성,31.69,T4,구조검사 통과 시 유지,,29.11795961742827,30.61,P4,회귀검사 통과 시 유지
ABF-328,사진 대조 1차 교정본,781,"01:48:14,580 --> 01:48:15,330",0.75,도망가지 마!,후후후.,난 거기까지는 못 하겠어.,반말형,sub_0781_6494.6s.jpg,0.02,,,25.0,90.0,50.0,78.0,75.0,0.39582,0.0,66.0,0.0,0.0,0.1044,당신을 위해 도망치겠습니다.,[불명],,31.68,T4,구조검사 통과 시 유지,,29.011689691817217,30.56,P4,회귀검사 통과 시 유지
ABF-328,사진 대조 1차 교정본,566,"01:19:23,540 --> 01:19:25,480",1.94,이쪽.,침이 좀 말랐어.,젖었잖아.,중립·혼합형,sub_0566_4763.5s.jpg,0.04,,,25.0,90.0,50.0,78.0,75.0,0.39349,0.0,66.0,0.0,0.0,0.459,이쪽...,이쪽…,,31.59,T4,구조검사 통과 시 유지,,28.905419766206165,30.46,P4,회귀검사 통과 시 유지
ABF-328,사진 대조 1차 교정본,449,"01:05:27,190 --> 01:05:27,850",0.66,있잖아.,내 말 들려?,아까부터 말하고 있잖아.,반응형,sub_0449_3927.2s.jpg,0.01,,,25.0,90.0,50.0,78.0,75.0,0.28409,25.39,66.0,0.0,0.0,0.8616,서 있잖아.,완전히 서 있잖아.,일본어 원문 대조 + 자연스러운 한국어 대사 교정,31.56,T4,구조검사 통과 시 유지,,28.799149840595113,30.4,P4,회귀검사 통과 시 유지
ABF-328,사진 대조 1차 교정본,202,"00:36:53,020 --> 00:36:58,500",5.48,"- 더 하고 싶다는 거야?
- 아니, 그런 뜻이 아니야.",나 싸 버릴 것 같아.,"- 못 참겠어?
- 안 돼, 안에 싸지 마!",반말형,sub_0202_2213.0s.jpg,0.02,,,25.0,90.0,72.0,78.0,75.0,0.39013,0.0,66.0,0.0,0.0,0.416,"아니, 그런 뜻이 아니라...","아니, 그런 뜻이 아니라…",,31.45,T4,구조검사 통과 시 유지,,28.639744952178532,30.27,P4,회귀검사 통과 시 유지
ABF-328,사진 대조 1차 교정본,492,"01:11:04,730 --> 01:11:05,130",0.4,알았어.,"- 조금 짜네.
- 정말 그만해.","- 혀 내밀어 봐.
- 왜?",반응형,sub_0492_4264.7s.jpg,0.03,,,25.0,90.0,50.0,78.0,75.0,0.39025,0.0,66.0,0.0,0.0,0.6115,이제 알았어...,[불명],,31.45,T4,구조검사 통과 시 유지,,28.639744952178532,30.27,P4,회귀검사 통과 시 유지
ABF-328,사진 대조 1차 교정본,151,"00:30:42,930 --> 00:30:44,090",1.16,안 벗을 거야.,뭐?,안 벗을 거라고?,반말형,sub_0151_1842.9s.jpg,0.03,,,25.0,90.0,50.0,78.0,75.0,0.38975,0.0,66.0,0.0,0.0,0.4897,자지 안 넣을 거야.,아직은 안 넣을 거야.,손상된 일본어 ASR + 타임스탬프 사진 + 앞뒤 문맥 추론,31.43,T4,구조검사 통과 시 유지,,28.42720510095643,30.17,P4,회귀검사 통과 시 유지
ABF-328,사진 대조 1차 교정본,701,"01:34:11,430 --> 01:34:12,170",0.74,뭐 하는 거야?,진짜 대형 사고네.,제대로 치워 둬야지.,반말형,sub_0701_5651.4s.jpg,0.03,,,25.0,90.0,50.0,78.0,75.0,0.37934,2.44,66.0,0.0,0.0,0.6703,뭐라고 하는 거야?,뭐라고 말해야 해?,일본어 원문 대조 + 자연스러운 한국어 대사 교정,31.43,T4,구조검사 통과 시 유지,,28.42720510095643,30.17,P4,회귀검사 통과 시 유지
ABF-328,사진 대조 1차 교정본,306,"00:49:58,550 --> 00:50:02,800",4.25,있잖아…,더 딱딱해졌잖아.,자.,반응형,sub_0306_2998.6s.jpg,0.05,,,25.0,90.0,50.0,78.0,75.0,0.38907,0.0,66.0,0.0,0.0,0.6345,계속 간 채로 있잖아…,계속 느끼고 있잖아…,타임스탬프 사진과 장면 흐름으로 명백한 오인식 교정,31.4,T4,구조검사 통과 시 유지,,28.26780021253985,30.08,P4,회귀검사 통과 시 유지
ABF-328,사진 대조 1차 교정본,669,"01:29:19,920 --> 01:29:24,340",4.42,"- ‘간다’고 들렸는데.
- 잘못 들었어.",뭘 들었다는 건데?,내가 이렇게나 기분 좋게 해주고 있는데.,반응형,sub_0669_5359.9s.jpg,0.02,,,25.0,90.0,72.0,78.0,75.0,0.38886,0.0,66.0,0.0,0.0,0.1047,"이제부터 시작이지. 앞으로가 중요해요. 앗, 벌써 해산? 아니야. 잘못 말했다. 잘못 말했어?","이제부터가 중요해. 어, 벌써 해산? 아니야, 말 잘못했어.",3줄 이상 자막을 자연스럽게 정리,31.39,T4,구조검사 통과 시 유지,,28.161530286928798,30.03,P4,회귀검사 통과 시 유지
ABF-328,사진 대조 1차 교정본,642,"01:24:58,440 --> 01:24:58,940",0.5,뭐?,엄청 미끄럽네.,"잠깐만, 너무 강하게 찌르면 나 죽어!",중립·혼합형,sub_0642_5098.4s.jpg,0.04,,,25.0,90.0,50.0,78.0,75.0,0.38823,0.0,66.0,0.0,0.0,0.3026,뭐? 아침에 졸려? 하고 바로…,뭐? 아침부터 졸리다고 해 놓고…,사진 장면 확인 및 한국어 번역투·ASR 오역 교정,31.37,T4,구조검사 통과 시 유지,,28.055260361317746,29.98,P4,회귀검사 통과 시 유지
ABF-328,사진 대조 1차 교정본,894,"02:15:26,040 --> 02:15:26,100",0.06,응.,이제 끝났으니까.,괜찮아.,반응형,sub_0894_8126.0s.jpg,0.04,,,25.0,90.0,50.0,78.0,75.0,0.21972,0.0,66.0,70.0,0.0,0.4695,"하-, 응.",하아… 응.,,31.29,T4,구조검사 통과 시 유지,high_cps,27.948990435706694,29.89,P4,회귀검사 통과 시 유지
ABF-328,사진 대조 1차 교정본,117,"00:27:26,090 --> 00:27:27,570",1.48,그러니까.,피곤해.,네가 직접 넣어봐.,중립·혼합형,sub_0117_1646.1s.jpg,0.01,,,25.0,90.0,50.0,78.0,75.0,0.2995,20.16,66.0,0.0,0.0,0.818,어... 그러니까.,어… 그러니까.,,31.27,T4,구조검사 통과 시 유지,,27.842720510095642,29.83,P4,회귀검사 통과 시 유지
ABF-328,사진 대조 1차 교정본,495,"01:11:38,880 --> 01:11:41,880",3.0,"- 혀가 짧네.
- 시끄러워.","- 괜찮잖아.
- 뭐가 괜찮아?","- 내밀었어.
- 응.",반말형,sub_0495_4298.9s.jpg,0.02,,,25.0,90.0,72.0,78.0,79.0,0.37948,0.0,66.0,0.0,0.0,0.6268,시끄러워.,넣고 싶어.,,31.24,T4,구조검사 통과 시 유지,,27.73645058448459,29.77,P4,회귀검사 통과 시 유지
ABF-328,사진 대조 1차 교정본,717,"01:35:02,580 --> 01:35:03,980",1.4,"그래, 그거 보자.","아, 그랬었지.",일도 다 끝났는데 이제 집에 가야지.,중립·혼합형,sub_0717_5702.6s.jpg,0.02,,,25.0,90.0,50.0,78.0,75.0,0.38495,0.0,66.0,0.0,0.0,0.4949,한번 보자.,밖을 봐 보자.,일본어 원문 + 타임스탬프 사진 + 장면 연속성,31.23,T4,구조검사 통과 시 유지,,27.630180658873538,29.72,P4,회귀검사 통과 시 유지
ABF-328,사진 대조 1차 교정본,667,"01:29:14,660 --> 01:29:18,320",3.66,"- 뭐? 무슨 소리 들렸어?
- 뭘 들었다는 거야?",방금 분명 '간다'고 했잖아.,뭘 들었다는 건데?,반말형,sub_0667_5354.7s.jpg,0.04,,,25.0,90.0,72.0,78.0,75.0,0.3847,0.0,66.0,0.0,0.0,0.2699,뭘 찍게 한 거야?,뭘 찍은 거야?,손상된 일본어 ASR + 타임스탬프 사진 + 앞뒤 문맥 추론,31.22,T4,구조검사 통과 시 유지,,27.523910733262486,29.67,P4,회귀검사 통과 시 유지
ABF-328,사진 대조 1차 교정본,324,"00:51:12,260 --> 00:51:12,720",0.46,뭐가?,진짜 좋았어?,난 엄청 기분 좋은데.,중립·혼합형,sub_0324_3072.3s.jpg,0.04,,,25.0,90.0,50.0,78.0,75.0,0.38383,0.0,66.0,0.0,0.0,0.1703,어디로 가?,여기?,일본어 원문 대조 + 자연스러운 한국어 대사 교정,31.18,T4,구조검사 통과 시 유지,,27.417640807651434,29.6,P4,회귀검사 통과 시 유지
ABF-328,사진 대조 1차 교정본,815,"02:00:32,210 --> 02:00:33,750",1.54,스즈모리…,으음…,하아아…,중립·혼합형,sub_0815_7232.2s.jpg,0.01,,,25.0,90.0,50.0,78.0,75.0,0.38347,0.0,66.0,0.0,0.0,0.3783,스즈모리...,스즈모리…,,31.17,T4,구조검사 통과 시 유지,,27.311370882040382,29.55,P4,회귀검사 통과 시 유지
ABF-328,사진 대조 1차 교정본,898,"02:17:19,730 --> 02:17:21,130",1.4,응.,정말 기운 넘치네.,하하하.,반응형,sub_0898_8239.7s.jpg,0.03,,,25.0,90.0,50.0,78.0,75.0,0.38318,0.0,66.0,0.0,0.0,0.4695,"하-, 응.",하아… 응.,,31.15,T4,구조검사 통과 시 유지,,27.20510095642933,29.49,P4,회귀검사 통과 시 유지
ABF-328,사진 대조 1차 교정본,777,"01:47:44,580 --> 01:47:45,800",1.22,부끄러워…,기분 좋아?,그리고 입 벌려 봐.,중립·혼합형,sub_0777_6464.6s.jpg,0.02,,,25.0,90.0,50.0,78.0,75.0,0.2758,24.94,66.0,0.0,0.0,0.8579,"하아, 부끄러워…",하아… 부끄러워.,일본어 원문 대조 + 자연스러운 한국어 대사 교정,31.13,T4,구조검사 통과 시 유지,,27.09883103081828,29.44,P4,회귀검사 통과 시 유지
ABF-328,사진 대조 1차 교정본,314,"00:50:36,300 --> 00:50:37,120",0.82,괜찮잖아.,왜 통화 중에 그런 짓을 한 거야?,이거 뭔가 야하지 않아?,반응형,sub_0314_3036.3s.jpg,0.0,,,25.0,90.0,50.0,78.0,75.0,0.3814,0.0,66.0,0.0,0.0,0.4493,하지만 내가 사랑하는 건 너뿐이니까 괜찮잖아.,너만 사랑한다니까.,,31.08,T4,구조검사 통과 시 유지,,26.992561105207223,29.36,P4,회귀검사 통과 시 유지
ABF-328,사진 대조 1차 교정본,239,"00:40:15,180 --> 00:40:16,380",1.2,"네, 그렇습니다.",그 건은 전부 스즈모리한테 맡겨둬서요.,네.,중립·혼합형,sub_0239_2415.2s.jpg,0.02,,,25.0,90.0,50.0,78.0,75.0,0.38046,0.0,66.0,0.0,0.0,0.3068,"네, 네.",네.,불필요한 반복 제거,31.04,T4,구조검사 통과 시 유지,,26.88629117959617,29.3,P4,회귀검사 통과 시 유지
ABF-328,사진 대조 1차 교정본,236,"00:40:05,740 --> 00:40:07,600",1.86,"네, 네.","아, 그 건 말씀이시죠.","아, 죄송합니다!",반말형,sub_0236_2405.7s.jpg,0.04,,,25.0,90.0,50.0,78.0,75.0,0.16569,42.0,66.0,0.0,18.0,1.0,"네, 네.",네.,불필요한 반복 제거,31.02,T4,구조검사 통과 시 유지,formality_shift,26.78002125398512,29.24,P4,회귀검사 통과 시 유지
ABF-328,사진 대조 1차 교정본,65,"00:24:35,340 --> 00:24:35,780",0.44,됐다니까.,"괜찮아, 괜찮아.",자세 좀 바꿔볼까?,중립·혼합형,sub_0065_1475.3s.jpg,0.04,,,25.0,90.0,50.0,78.0,75.0,0.3797,0.0,66.0,0.0,0.0,0.1504,"자, 더 해줄 테니까.","자, 더 해 줄 테니까.",,31.01,T4,구조검사 통과 시 유지,,26.673751328374067,29.19,P4,회귀검사 통과 시 유지
ABF-328,사진 대조 1차 교정본,869,"02:14:40,680 --> 02:14:41,960",1.28,잠깐만.,좋아.,전화 한 번 확인해 볼게.,반응형,sub_0869_8080.7s.jpg,0.02,,,25.0,90.0,50.0,78.0,75.0,0.3354,10.3,66.0,0.0,0.0,0.7358,하아… 잠깐만.,목욕물 받아 놓은 거지?,일본어 원문 + 타임스탬프 사진 + 장면 연속성,31.0,T4,구조검사 통과 시 유지,,26.567481402763015,29.14,P4,회귀검사 통과 시 유지
ABF-328,사진 대조 1차 교정본,770,"01:47:02,380 --> 01:47:03,060",0.68,엎드리라고?,엎드려 볼래?,괜찮으니까.,중립·혼합형,sub_0770_6422.4s.jpg,0.02,,,25.0,90.0,50.0,78.0,75.0,0.37929,0.0,66.0,0.0,0.0,0.1541,샴페인이 뭐라고?,샴페인 이름이 뭐였지?,사진 장면 확인 및 한국어 번역투·ASR 오역 교정,30.99,T4,구조검사 통과 시 유지,,26.461211477151963,29.09,P4,회귀검사 통과 시 유지
ABF-328,사진 대조 1차 교정본,301,"00:49:45,770 --> 00:49:48,950",3.18,"핥아 달라고 졸라대면서
'그때 가서'가 뭐야?",그때 가서 생각하지 뭐.,우리 부장님은 둔해서 절대 눈치 못 채.,반말형,sub_0301_2985.8s.jpg,0.03,긴 문장 줄바꿈 및 자연화,높음,25.0,90.0,50.0,92.0,79.0,0.71057,26.74,22.0,0.0,0.0,0.8728,핥아달라고 졸라대면서 '그때 가서'가 뭐야?,핥아 달라고 졸라대면서 '그때 가서'가 뭐야?,긴 문장 줄바꿈 및 자연화,30.9,T4,구조검사 통과 시 유지,,26.30180658873539,28.97,P4,회귀검사 통과 시 유지
ABF-328,사진 대조 1차 교정본,818,"02:02:09,820 --> 02:02:11,260",1.44,"아, 위험해…",오오오…,"아, 싸 버린다!",반응형,sub_0818_7329.8s.jpg,0.02,,,25.0,90.0,50.0,78.0,75.0,0.37714,0.0,66.0,0.0,0.0,0.4779,"아, 위험해.","아, 큰일 나.",,30.9,T4,구조검사 통과 시 유지,,26.30180658873539,28.97,P4,회귀검사 통과 시 유지
ABF-328,사진 대조 1차 교정본,868,"02:14:39,720 --> 02:14:40,140",0.42,좋아.,응.,잠깐만.,반응형,sub_0868_8079.7s.jpg,0.02,,,25.0,90.0,50.0,78.0,75.0,0.28905,20.37,66.0,0.0,0.0,0.8198,"아, 좋아.","아, 들어온다.",,30.87,T4,구조검사 통과 시 유지,,26.142401700318814,28.88,P4,회귀검사 통과 시 유지
ABF-328,사진 대조 1차 교정본,237,"00:40:08,320 --> 00:40:08,660",0.34,"아, 죄송합니다!","네, 네.",그 건은 전부 스즈모리한테 맡겨둬서요.,반응형,sub_0237_2408.3s.jpg,0.02,,,25.0,90.0,50.0,78.0,75.0,0.22787,0.0,66.0,47.65,18.0,0.4977,죄송합니다...,죄송합니다…,,30.84,T4,구조검사 통과 시 유지,formality_shift;high_cps,26.036131774707762,28.82,P4,회귀검사 통과 시 유지
ABF-328,사진 대조 1차 교정본,752,"01:40:19,380 --> 01:40:21,800",2.42,좋아.,"아니, 나 집에 간다니까.",괜찮아.,반응형,sub_0752_6019.4s.jpg,0.02,,,25.0,90.0,50.0,78.0,75.0,0.28821,20.37,66.0,0.0,0.0,0.8198,"아, 좋아.","아, 들어온다.",,30.83,T4,구조검사 통과 시 유지,,25.929861849096707,28.77,P4,회귀검사 통과 시 유지
ABF-328,사진 대조 1차 교정본,568,"01:19:48,480 --> 01:19:49,320",0.84,"기다려, 기다려봐!",젖었잖아.,대단해. 저절로 움직이네.,중립·혼합형,sub_0568_4788.5s.jpg,0.02,,,25.0,90.0,50.0,78.0,75.0,0.37475,0.0,66.0,0.0,0.0,0.4382,"기다려, 더 부드럽게 해줘.","기다려, 더 부드럽게 해 줘.",,30.8,T4,구조검사 통과 시 유지,,25.77045696068013,28.69,P4,회귀검사 통과 시 유지
ABF-328,사진 대조 1차 교정본,707,"01:34:23,190 --> 01:34:23,910",0.72,최악이다.,정말이네.,드디어 끝났다.,중립·혼합형,sub_0707_5663.2s.jpg,0.01,,,25.0,90.0,50.0,78.0,75.0,0.37475,0.0,66.0,0.0,0.0,0.1834,"와, 짱이다.","와, 아담하다.",일본어 원문 + 타임스탬프 사진 + 장면 연속성,30.8,T4,구조검사 통과 시 유지,,25.77045696068013,28.69,P4,회귀검사 통과 시 유지
ABF-328,사진 대조 1차 교정본,268,"00:46:38,310 --> 00:46:47,580",9.27,"네, 네.",괜찮습니다.,"아, 그렇군요.",반말형,sub_0268_2798.3s.jpg,0.01,,,25.0,90.0,50.0,78.0,75.0,0.1583,42.0,66.0,0.0,18.0,1.0,"네, 네.",네.,불필요한 반복 제거,30.71,T4,구조검사 통과 시 유지,formality_shift,25.5047821466525,28.52,P4,회귀검사 통과 시 유지
ABF-328,사진 대조 1차 교정본,636,"01:24:23,520 --> 01:24:25,100",1.58,이제 그만…,"뭐냐니, 서서 뒤치기하는 거지.",전혀…,중립·혼합형,sub_0636_5063.5s.jpg,0.02,,,25.0,90.0,50.0,78.0,75.0,0.37265,0.0,66.0,0.0,0.0,0.3159,이제 그만...,이제 그만…,,30.71,T4,구조검사 통과 시 유지,,25.5047821466525,28.52,P4,회귀검사 통과 시 유지
ABF-328,사진 대조 1차 교정본,858,"02:13:41,940 --> 02:14:01,880",19.94,잘하고 있어.,"아, 또 흘러나오네.",응?,반응형,sub_0858_8021.9s.jpg,0.04,,,25.0,90.0,50.0,78.0,75.0,0.37257,0.0,66.0,0.0,0.0,0.3627,뒤에 있어.,뒤쪽도 보여 줘.,일본어 원문 대조 + 자연스러운 한국어 대사 교정,30.71,T4,구조검사 통과 시 유지,,25.5047821466525,28.52,P4,회귀검사 통과 시 유지
ABF-328,사진 대조 1차 교정본,72,"00:24:42,420 --> 00:24:43,660",1.24,으음…,그렇지?,잠깐만…,반응형,sub_0072_1482.4s.jpg,0.02,,,25.0,90.0,50.0,78.0,75.0,0.37101,0.0,66.0,0.0,0.0,0.2458,"으음, 으음...","으음, 으음…",,30.64,T4,구조검사 통과 시 유지,,25.292242295430395,28.39,P4,회귀검사 통과 시 유지
ABF-328,사진 대조 1차 교정본,6,"00:00:49,330 --> 00:00:51,470",2.14,스즈모리가 왜…?,스즈모리?,"아, 맞다.",중립·혼합형,sub_0006_49.3s.jpg,0.03,,,25.0,90.0,50.0,78.0,75.0,0.37061,0.0,66.0,0.0,0.0,0.5425,스즈모리가 왜...?,스즈모리가 왜…?,,30.63,T4,구조검사 통과 시 유지,,25.132837407013813,28.32,P4,회귀검사 통과 시 유지
ABF-328,사진 대조 1차 교정본,603,"01:22:07,040 --> 01:22:07,740",0.7,후후후.,둘 다 엄청 좋아해.,무슨 뜻이야?,중립·혼합형,sub_0603_4927.0s.jpg,0.04,,,25.0,90.0,50.0,78.0,75.0,0.37068,0.0,66.0,0.0,0.0,0.342,"후후후, 어서 와.","후후후, 차가워!",손상된 일본어 ASR + 타임스탬프 사진 + 앞뒤 문맥 추론,30.63,T4,구조검사 통과 시 유지,,25.132837407013813,28.32,P4,회귀검사 통과 시 유지
ABF-328,사진 대조 1차 교정본,146,"00:30:29,920 --> 00:30:31,420",1.5,옷이 거슬리네.,"아, 이거…",뭐?,반말형,sub_0146_1829.9s.jpg,0.02,,,25.0,90.0,50.0,78.0,75.0,0.37037,0.0,66.0,0.0,0.0,0.1996,느리네.,천천히 해.,손상된 일본어 ASR + 타임스탬프 사진 + 앞뒤 문맥 추론,30.62,T4,구조검사 통과 시 유지,,24.920297555791713,28.23,P4,회귀검사 통과 시 유지
ABF-328,사진 대조 1차 교정본,640,"01:24:54,580 --> 01:24:55,180",0.6,너무 거칠어!,하하.,엄청 미끄럽네.,반응형,sub_0640_5094.6s.jpg,0.02,,,25.0,90.0,50.0,78.0,75.0,0.37049,0.0,66.0,0.0,0.0,0.1713,"하아, 너무 기분 좋아...","하아, 너무 기분 좋아…",,30.62,T4,구조검사 통과 시 유지,,24.920297555791713,28.23,P4,회귀검사 통과 시 유지
ABF-328,사진 대조 1차 교정본,309,"00:50:26,740 --> 00:50:27,180",0.44,무리야.,요코야마 부장님한테 다시 전화할까?,아직 통화 중이잖아.,반말형,sub_0309_3026.7s.jpg,0.04,,,25.0,90.0,50.0,78.0,75.0,0.37,0.0,66.0,0.0,0.0,0.4685,- 이제 무리야... - 무리 아니야. 조금만 더.,- 이제 무리야… - 무리 아니야. 조금만 더.,,30.6,T4,구조검사 통과 시 유지,,24.760892667375135,28.15,P4,회귀검사 통과 시 유지
ABF-328,사진 대조 1차 교정본,412,"00:59:56,700 --> 00:59:57,180",0.48,맞아.,그거 엄청 중요하잖아.,그게 없으면 진짜 큰일인데.,반응형,sub_0412_3596.7s.jpg,0.0,,,25.0,90.0,50.0,78.0,75.0,0.36927,0.0,66.0,0.0,0.0,0.1525,몸을 생각하면 제대로 하는 게 맞아요.,몸에 무리가 가지 않게 제대로 해야 해요.,,30.57,T4,구조검사 통과 시 유지,,24.654622741764083,28.09,P4,회귀검사 통과 시 유지
ABF-328,사진 대조 1차 교정본,839,"02:10:15,310 --> 02:10:16,330",1.02,강아지처럼…,그대로 날 놓지 마.,나 더 이상 못 참겠어.,반응형,sub_0839_7815.3s.jpg,0.01,,,25.0,90.0,50.0,78.0,75.0,0.3686,0.0,66.0,0.0,0.0,0.5799,강아지처럼...,강아지처럼…,,30.54,T4,구조검사 통과 시 유지,,24.54835281615303,28.02,P4,회귀검사 통과 시 유지
ABF-328,사진 대조 1차 교정본,930,"02:38:08,350 --> 02:38:10,230",1.88,아아…,"아, 갈 것 같아.",으음.,반응형,sub_0930_9488.4s.jpg,0.05,,,25.0,90.0,50.0,78.0,75.0,0.18801,42.0,66.0,0.0,0.0,1.0,아아…,"와, 진짜 많이 커졌어.",일본어 원문 + 타임스탬프 사진 + 장면 연속성,30.52,T4,구조검사 통과 시 유지,,24.44208289054198,27.97,P4,회귀검사 통과 시 유지
ABF-328,사진 대조 1차 교정본,514,"01:14:10,090 --> 01:14:10,410",0.32,응.,그래도 기분만 좋으면 됐잖아.,시끄러워.,반응형,sub_0514_4450.1s.jpg,0.01,,,25.0,90.0,50.0,78.0,75.0,0.36656,0.0,66.0,0.0,0.0,0.4695,"하-, 응.",하아… 응.,,30.46,T4,구조검사 통과 시 유지,,24.335812964930923,27.89,P4,회귀검사 통과 시 유지
ABF-328,사진 대조 1차 교정본,934,"02:39:13,340 --> 02:39:15,620",2.28,끝까지 잘 해냈네.,오늘 색다른 경험은 다 해 보네.,이제 떨어져서 조금 쉬자.,반말형,sub_0934_9553.3s.jpg,0.04,대화체 종결 자연화,높음,25.0,90.0,50.0,92.0,75.0,0.81528,0.0,22.0,0.0,0.0,0.5401,끝까지 잘 해냈어.,끝까지 잘 해냈네.,대화체 종결 자연화,30.43,T4,구조검사 통과 시 유지,,24.22954303931987,27.83,P4,회귀검사 통과 시 유지
ABF-328,사진 대조 1차 교정본,436,"01:02:43,520 --> 01:02:46,800",3.28,그만해…,잠깐…,그래프 들어간 자료 어디 있어?,반말형,sub_0436_3763.5s.jpg,0.02,,,25.0,90.0,50.0,78.0,75.0,0.36483,0.0,66.0,0.0,0.0,0.2872,그만해...,그만해…,,30.38,T4,구조검사 통과 시 유지,,24.070138150903293,27.73,P4,회귀검사 통과 시 유지
ABF-328,사진 대조 1차 교정본,502,"01:12:58,880 --> 01:12:59,200",0.32,그만해.,시끄러워.,내가 시끄럽게 한 게 아니거든?,반말형,sub_0502_4378.9s.jpg,0.02,,,25.0,90.0,50.0,78.0,75.0,0.28871,17.74,66.0,0.0,0.0,0.7979,"안 돼, 그만해.","배 아파, 그만해.",,30.38,T4,구조검사 통과 시 유지,,24.070138150903293,27.73,P4,회귀검사 통과 시 유지
ABF-328,사진 대조 1차 교정본,760,"01:44:48,060 --> 01:44:48,860",0.8,기분 좋아?,으음…,엄청 좋아.,반응형,sub_0760_6288.1s.jpg,0.04,,,25.0,90.0,50.0,78.0,75.0,0.36327,0.0,66.0,0.0,0.0,0.5942,"아, 거기... 기분 좋아?","아, 거기… 기분 좋아?",,30.32,T4,구조검사 통과 시 유지,,23.910733262486715,27.63,P4,회귀검사 통과 시 유지
ABF-328,사진 대조 1차 교정본,605,"01:22:09,780 --> 01:22:11,320",1.54,후후.,무슨 뜻이야?,"그래도 난 안쪽 깊숙이
들어오는 느낌이 더 좋을지도.",중립·혼합형,sub_0605_4929.8s.jpg,0.02,,,25.0,90.0,50.0,78.0,75.0,0.36107,0.0,66.0,0.0,0.0,0.2135,"후후후, 어서 와.","후후후, 차가워!",손상된 일본어 ASR + 타임스탬프 사진 + 앞뒤 문맥 추론,30.23,T4,구조검사 통과 시 유지,,23.804463336875664,27.53,P4,회귀검사 통과 시 유지
ABF-328,사진 대조 1차 교정본,173,"00:32:57,680 --> 00:33:00,640",2.96,"아, 더, 더…",제대로 말을 안 하면 모르잖아.,"아, 잠깐만.",반응형,sub_0173_1977.7s.jpg,0.02,,,25.0,90.0,50.0,78.0,75.0,0.3588,0.0,66.0,0.0,0.0,0.5227,"아, 더, 더...","아, 더, 더…",,30.13,T4,구조검사 통과 시 유지,,23.69819341126461,27.43,P4,회귀검사 통과 시 유지
ABF-328,사진 대조 1차 교정본,44,"00:22:50,880 --> 00:22:52,160",1.28,"잠깐, 잠깐만!","아니, 진짜 들어간다니까.",너도 조금은 흥분한 거 아니야?,반응형,sub_0044_1370.9s.jpg,0.02,,,25.0,90.0,50.0,78.0,75.0,0.35818,0.0,66.0,0.0,0.0,0.4596,"잠깐, 잠깐만 쉬게 해 주세요.","잠깐, 잠깐만… 그만해.",장면과 충돌한 표현 교정,30.1,T4,구조검사 통과 시 유지,,23.538788522848034,27.34,P4,회귀검사 통과 시 유지
ABF-328,사진 대조 1차 교정본,573,"01:20:06,570 --> 01:20:09,170",2.6,"- 그건 서로 마찬가지잖아.
- 아니거든.",어때? 너무 혈기왕성해?,"- 뭐? 시끄러워.
- 이제 그만해.",반응형,sub_0573_4806.6s.jpg,0.03,,,25.0,90.0,72.0,78.0,75.0,0.3582,0.0,66.0,0.0,0.0,0.2025,그건 안 돼.,여기로 와.,일본어 원문 + 타임스탬프 사진 + 장면 연속성,30.1,T4,구조검사 통과 시 유지,,23.538788522848034,27.34,P4,회귀검사 통과 시 유지
ABF-328,사진 대조 1차 교정본,740,"01:37:58,920 --> 01:37:58,960",0.04,응?,응?,응?,반응형,sub_0740_5878.9s.jpg,0.02,,,25.0,90.0,50.0,78.0,75.0,0.13246,0.0,66.0,70.0,30.0,0.4033,응? 잠깐 기다려…,응? 잠깐만…,일본어 원문 대조 + 자연스러운 한국어 대사 교정,30.02,T4,구조검사 통과 시 유지,high_cps;triple_identical_run,23.379383634431456,27.23,P4,회귀검사 통과 시 유지
ABF-328,사진 대조 1차 교정본,747,"01:38:47,350 --> 01:38:48,070",0.72,안 돼?,나는 집에 가려고 했는데…,싫은 건 아니지만…,중립·혼합형,sub_0747_5927.4s.jpg,0.05,,,25.0,90.0,50.0,78.0,75.0,0.35584,0.0,66.0,0.0,0.0,0.5908,유두는 안 돼?,젖꼭지는 안 돼?,,30.01,T4,구조검사 통과 시 유지,,23.273113708820404,27.18,P4,회귀검사 통과 시 유지
ABF-328,사진 대조 1차 교정본,319,"00:50:54,200 --> 00:50:54,780",0.58,안 느꼈거든!,소리도 냈으면서.,엄청 찌릿찌릿 떨고 있었잖아.,중립·혼합형,sub_0319_3054.2s.jpg,0.0,,,25.0,90.0,50.0,78.0,75.0,0.3554,0.0,66.0,0.0,0.0,0.1194,안 돼!,아… 또 갈 것 같아…,타임스탬프 사진으로 장면 불일치 확인 후 재복원,29.99,T4,구조검사 통과 시 유지,,23.16684378320935,27.12,P4,회귀검사 통과 시 유지
ABF-328,사진 대조 1차 교정본,363,"00:55:57,680 --> 00:55:59,140",1.46,더 아래쪽.,아니.,"아, 거기…",반응형,sub_0363_3357.7s.jpg,0.02,,,25.0,90.0,50.0,78.0,75.0,0.35475,0.0,66.0,0.0,0.0,0.2009,오른쪽 아래쪽 끈도 빼겠습니다.,오른쪽 아래 끈도 뺄게요.,,29.96,T4,구조검사 통과 시 유지,,23.0605738575983,27.06,P4,회귀검사 통과 시 유지
ABF-328,사진 대조 1차 교정본,106,"00:27:08,950 --> 00:27:09,570",0.62,괜찮으니까.,뭔데?,뭐야? 이제 그만해.,반응형,sub_0106_1629.0s.jpg,0.05,,,25.0,90.0,50.0,78.0,75.0,0.29327,14.07,66.0,0.0,0.0,0.7673,괜찮으니까...,괜찮으니까…,,29.91,T4,구조검사 통과 시 유지,,22.90116896918172,26.97,P4,회귀검사 통과 시 유지
ABF-328,사진 대조 1차 교정본,257,"00:42:52,570 --> 00:42:55,190",2.62,"아, 죄송합니다! 아무것도 아닙니다.",네?,죄송합니다…,반응형,sub_0257_2572.6s.jpg,0.03,,,25.0,90.0,50.0,78.0,75.0,0.35355,0.0,66.0,0.0,0.0,0.4849,"네, 죄송합니다. 피곤하냐고요? 아닙니다, 괜찮습니다. 아무 일도 아닙니다!","네, 죄송합니다. 피곤하냐고요? 아닙니다 괜찮습니다. 아무 일도 아닙니다!",,29.91,T4,구조검사 통과 시 유지,,22.90116896918172,26.97,P4,회귀검사 통과 시 유지
ABF-328,사진 대조 1차 교정본,421,"01:00:34,430 --> 01:00:35,350",0.92,"아, 찾았다!",여기 완전히 젖어 있잖아.,"아, 미안, 미안해.",반응형,sub_0421_3634.4s.jpg,0.03,,,25.0,90.0,50.0,78.0,75.0,0.35216,0.0,66.0,0.0,0.0,0.3099,"아, 아, 아, 아, 아, 아, 아,","아, 아, 아, 아, 아, 아, 아",,29.85,T4,구조검사 통과 시 유지,,22.741764080765144,26.86,P4,회귀검사 통과 시 유지
ABF-328,사진 대조 1차 교정본,902,"02:19:11,970 --> 02:19:12,010",0.04,응?,으음.,으음.,반응형,sub_0902_8352.0s.jpg,0.03,,,25.0,90.0,50.0,78.0,75.0,0.18434,0.0,66.0,70.0,0.0,0.4033,응? 잠깐 기다려…,응? 잠깐만…,일본어 원문 대조 + 자연스러운 한국어 대사 교정,29.8,T4,구조검사 통과 시 유지,high_cps,22.635494155154092,26.79,P4,회귀검사 통과 시 유지
ABF-328,사진 대조 1차 교정본,738,"01:37:40,290 --> 01:37:40,310",0.02,응?,뭐? 뭘 하려고?,응?,반응형,sub_0738_5860.3s.jpg,0.01,,,25.0,90.0,50.0,78.0,75.0,0.18372,0.0,66.0,70.0,0.0,0.4033,응? 잠깐 기다려…,응? 잠깐만…,일본어 원문 대조 + 자연스러운 한국어 대사 교정,29.78,T4,구조검사 통과 시 유지,high_cps,22.52922422954304,26.73,P4,회귀검사 통과 시 유지
ABF-328,사진 대조 1차 교정본,8,"00:00:55,130 --> 00:01:03,510",8.38,"다음 주 중요한 현장에 쓸 자료를
어제 스즈모리와 둘이 야근하며 만들었지.","아, 맞다.","큰일이네. 하나도 모르겠어.
어떡하지?",반말형,sub_0008_55.1s.jpg,0.03,내레이션 어순 및 조사 교정,높음,25.0,90.0,50.0,92.0,75.0,0.69591,22.62,22.0,0.0,0.0,0.8385,다음 주 중요한 현장에 쓸 자료를 어제 회사에서 스즈모리랑 둘이 야근하며 만들었지.,다음 주 중요한 현장에 쓸 자료를 어제 스즈모리와 둘이 야근하며 만들었지.,내레이션 어순 및 조사 교정,29.75,T4,구조검사 통과 시 유지,,22.422954303931988,26.67,P4,회귀검사 통과 시 유지
ABF-328,사진 대조 1차 교정본,7,"00:00:53,130 --> 00:00:54,510",1.38,"아, 맞다.",스즈모리가 왜…?,"다음 주 중요한 현장에 쓸 자료를
어제 스즈모리와 둘이 야근하며 만들었지.",반응형,sub_0007_53.1s.jpg,0.03,,,25.0,90.0,50.0,78.0,75.0,0.34945,0.0,66.0,0.0,0.0,0.3902,"아, 아, 아, 아, 아, 아, 아,","아, 아, 아, 아, 아, 아, 아",,29.74,T4,구조검사 통과 시 유지,,22.316684378320936,26.62,P4,회귀검사 통과 시 유지
ABF-328,사진 대조 1차 교정본,343,"00:52:17,500 --> 00:52:18,140",0.64,만져줘.,핥아 달라는 거야?,정말 제멋대로라니까.,중립·혼합형,sub_0343_3137.5s.jpg,0.0,,,25.0,90.0,50.0,78.0,75.0,0.34893,0.0,66.0,0.0,0.0,0.1872,한번 만져 봐.,안 돼.,일본어 원문 + 타임스탬프 사진 + 장면 연속성,29.71,T4,구조검사 통과 시 유지,,22.210414452709884,26.56,P4,회귀검사 통과 시 유지
ABF-328,사진 대조 1차 교정본,539,"01:16:04,260 --> 01:16:05,220",0.96,"시끄러워, 진짜!",시끄러.,진짜 쌩쌩하네.,중립·혼합형,sub_0539_4564.3s.jpg,0.04,,,25.0,90.0,50.0,78.0,75.0,0.34234,0.0,66.0,0.0,0.0,0.4208,시끄러워.,넣고 싶어.,,29.44,T4,구조검사 통과 시 유지,,22.104144527098832,26.36,P4,회귀검사 통과 시 유지
ABF-328,사진 대조 1차 교정본,451,"01:05:33,490 --> 01:05:33,910",0.42,잠깐.,아까부터 말하고 있잖아.,진짜…,반응형,sub_0451_3933.5s.jpg,0.01,,,25.0,90.0,50.0,78.0,75.0,0.34187,0.0,66.0,0.0,0.0,0.4292,잠깐...,잠깐…,,29.42,T4,구조검사 통과 시 유지,,21.99787460148778,26.3,P4,회귀검사 통과 시 유지
ABF-328,사진 대조 1차 교정본,153,"00:30:45,830 --> 00:30:46,670",0.84,왜?,안 벗을 거라고?,벗기지 마.,중립·혼합형,sub_0153_1845.8s.jpg,0.03,,,25.0,90.0,50.0,78.0,75.0,0.34136,0.0,66.0,0.0,0.0,0.301,괜찮으려나? 왜? 잘 닦이고 있나?,괜찮으려나? 왜? 잘 닦이고 있어?,일본어 원문 대조 + 자연스러운 한국어 대사 교정,29.4,T4,구조검사 통과 시 유지,,21.891604675876728,26.25,P4,회귀검사 통과 시 유지
ABF-328,사진 대조 1차 교정본,97,"00:26:13,430 --> 00:26:14,730",1.3,응…,정신 좀 들어?,그럼 많이 하자.,반응형,sub_0097_1573.4s.jpg,0.03,,,25.0,90.0,50.0,78.0,75.0,0.34084,0.0,66.0,0.0,0.0,0.3837,응… [안전상 번역 불가]…,응… [불명]…,,29.38,T4,구조검사 통과 시 유지,,21.785334750265676,26.19,P4,회귀검사 통과 시 유지
ABF-328,사진 대조 1차 교정본,648,"01:25:50,770 --> 01:25:52,390",1.62,"- 멈추지 마.
- 왜?",이제 그만 말해.,"조금만 천천히 해.
속옷 찢어질 것 같아.",반말형,sub_0648_5150.8s.jpg,0.03,,,25.0,90.0,72.0,78.0,75.0,0.34023,0.0,66.0,0.0,0.0,0.4102,멈추지 말고 계속하자.,멈추지 말고 계속해.,사진 장면 확인 및 한국어 번역투 교정,29.35,T4,구조검사 통과 시 유지,,21.679064824654624,26.13,P4,회귀검사 통과 시 유지
ABF-328,사진 대조 1차 교정본,141,"00:29:58,440 --> 00:29:59,660",1.22,이거 좋아?,"아, 거기 위험해.","아, 거기 엄청 느낌 와.",반응형,sub_0141_1798.4s.jpg,0.04,,,25.0,90.0,50.0,78.0,75.0,0.33919,0.0,66.0,0.0,0.0,0.4668,안쪽이 좋아?,안쪽도 좋아?,일본어 원문 대조 + 자연스러운 한국어 대사 교정,29.31,T4,구조검사 통과 시 유지,,21.572794899043572,26.06,P4,회귀검사 통과 시 유지
ABF-328,사진 대조 1차 교정본,155,"00:30:48,910 --> 00:30:49,150",0.24,왜?,벗기지 마.,왜 안 되는데?,중립·혼합형,sub_0155_1848.9s.jpg,0.01,,,25.0,90.0,50.0,78.0,75.0,0.33898,0.0,66.0,0.0,0.0,0.301,괜찮으려나? 왜? 잘 닦이고 있나?,괜찮으려나? 왜? 잘 닦이고 있어?,일본어 원문 대조 + 자연스러운 한국어 대사 교정,29.3,T4,구조검사 통과 시 유지,,21.46652497343252,26.01,P4,회귀검사 통과 시 유지
ABF-328,사진 대조 1차 교정본,744,"01:38:03,760 --> 01:38:05,680",1.92,"잠깐, 잠깐만!",아까부터 계속 참고 있었단 말이야.,입으로 해 줄게…,반응형,sub_0744_5883.8s.jpg,0.04,,,25.0,90.0,50.0,78.0,75.0,0.33869,0.0,66.0,0.0,0.0,0.4596,"잠깐, 잠깐만 쉬게 해 주세요.","잠깐, 잠깐만… 그만해.",장면과 충돌한 표현 교정,29.29,T4,구조검사 통과 시 유지,,21.360255047821468,25.96,P4,회귀검사 통과 시 유지
ABF-328,사진 대조 1차 교정본,169,"00:32:32,000 --> 00:32:33,720",1.72,후후.,"그럼 됐잖아, 솔직해지지 그래.",오?,중립·혼합형,sub_0169_1952.0s.jpg,0.0,,,25.0,90.0,50.0,78.0,75.0,0.33759,0.0,66.0,0.0,0.0,0.2135,"후후후, 어서 와.","후후후, 차가워!",손상된 일본어 ASR + 타임스탬프 사진 + 앞뒤 문맥 추론,29.24,T4,구조검사 통과 시 유지,,21.253985122210413,25.89,P4,회귀검사 통과 시 유지
ABF-328,사진 대조 1차 교정본,928,"02:37:41,480 --> 02:37:42,060",0.58,아…,조금 아쉽네.,"아, 갈 것 같아.",반응형,sub_0928_9461.5s.jpg,0.02,,,25.0,90.0,50.0,78.0,75.0,0.27277,14.91,66.0,0.0,0.0,0.7743,"싫어, 아… 아… 아…",싫어… 아… 아…,일본어 원문 대조 + 자연스러운 한국어 대사 교정,29.2,T4,구조검사 통과 시 유지,,21.14771519659936,25.82,P4,회귀검사 통과 시 유지
ABF-328,사진 대조 1차 교정본,932,"02:38:21,780 --> 02:38:22,400",0.62,오.,으음.,오늘 색다른 경험은 다 해 보네.,중립·혼합형,sub_0932_9501.8s.jpg,0.02,,,25.0,90.0,50.0,78.0,75.0,0.33519,0.0,66.0,0.0,0.0,0.3703,오...,오…,,29.14,T4,구조검사 통과 시 유지,,21.04144527098831,25.74,P4,회귀검사 통과 시 유지
ABF-328,사진 대조 1차 교정본,783,"01:48:20,470 --> 01:48:24,010",3.54,아…,난 거기까지는 못 하겠어.,"앗, 앗.",반응형,sub_0783_6500.5s.jpg,0.03,,,25.0,90.0,50.0,78.0,75.0,0.26978,14.91,66.0,0.0,0.0,0.7743,"싫어, 아… 아… 아…",싫어… 아… 아…,일본어 원문 대조 + 자연스러운 한국어 대사 교정,29.07,T4,구조검사 통과 시 유지,,20.935175345377257,25.65,P4,회귀검사 통과 시 유지
ABF-328,사진 대조 1차 교정본,538,"01:16:03,040 --> 01:16:03,620",0.58,시끄러.,상냥하네.,"시끄러워, 진짜!",중립·혼합형,sub_0538_4563.0s.jpg,0.04,,,25.0,90.0,50.0,78.0,75.0,0.33277,0.0,66.0,0.0,0.0,0.3341,시끄러워.,넣고 싶어.,,29.04,T4,구조검사 통과 시 유지,,20.828905419766205,25.59,P4,회귀검사 통과 시 유지
ABF-328,사진 대조 1차 교정본,100,"00:26:20,870 --> 00:26:22,130",1.26,정말…,오늘 왜 이러는지 나도 모르겠어…,그래도 이렇게 하니까 더 기분 좋잖아.,중립·혼합형,sub_0100_1580.9s.jpg,0.03,,,25.0,90.0,50.0,78.0,75.0,0.3326,0.0,66.0,0.0,0.0,0.192,정말.,정말…,일본어 원문 대조 + 자연스러운 한국어 대사 교정,29.03,T4,구조검사 통과 시 유지,,20.722635494155153,25.54,P4,회귀검사 통과 시 유지
ABF-328,사진 대조 1차 교정본,144,"00:30:04,300 --> 00:30:20,580",16.28,거기… 거기도.,기분 좋아.,"아, 이거…",중립·혼합형,sub_0144_1804.3s.jpg,0.0,,,25.0,90.0,50.0,78.0,75.0,0.33139,0.14,66.0,0.0,0.0,0.6512,거기... 거기도.,거기… 거기도.,,29.0,T4,구조검사 통과 시 유지,,20.6163655685441,25.48,P4,회귀검사 통과 시 유지
ABF-328,사진 대조 1차 교정본,786,"01:48:40,530 --> 01:48:45,190",4.66,"- 부끄럽다고 했잖아.
- 진짜 부끄러워?",하하하.,"- 왜? 처음이라서 그래? 거짓말.
- 나도 기분 좋게 해 줘.",반응형,sub_0786_6520.5s.jpg,0.03,,,25.0,90.0,72.0,78.0,75.0,0.32781,0.0,66.0,0.0,0.0,0.3254,"잠깐, 보여 줘 봐. 잠깐, 이쪽 봐봐. 부끄러워?",잠깐 보여 줘. 이쪽 봐봐. 부끄러워?,일본어 원문 대조 + 자연스러운 한국어 대사 교정,28.83,T4,구조검사 통과 시 유지,,20.51009564293305,25.34,P4,회귀검사 통과 시 유지
ABF-328,사진 대조 1차 교정본,810,"01:59:10,230 --> 01:59:11,990",1.76,진짜 나올 것 같아!,"아, 안 돼.",조금만 더…,반응형,sub_0810_7150.2s.jpg,0.03,,,25.0,90.0,50.0,78.0,75.0,0.32696,0.0,66.0,0.0,0.0,0.2238,갈 것 같아.,진짜 갈 것 같아.,일본어 원문 대조 + 자연스러운 한국어 대사 교정,28.79,T4,구조검사 통과 시 유지,,20.403825717321997,25.27,P4,회귀검사 통과 시 유지
ABF-328,사진 대조 1차 교정본,454,"01:05:42,530 --> 01:05:42,730",0.2,뭐?,흠뻑 젖었어.,"아니, 완전히 젖어 있잖아.",중립·혼합형,sub_0454_3942.5s.jpg,0.03,,,25.0,90.0,50.0,78.0,75.0,0.32496,0.0,66.0,0.0,0.0,0.3026,뭐? 아침에 졸려? 하고 바로…,뭐? 아침부터 졸리다고 해 놓고…,사진 장면 확인 및 한국어 번역투·ASR 오역 교정,28.71,T4,구조검사 통과 시 유지,,20.297555791710945,25.18,P4,회귀검사 통과 시 유지
ABF-328,사진 대조 1차 교정본,447,"01:05:20,530 --> 01:05:23,810",3.28,위험하다고.,제발 기다려.,내 말 들려?,중립·혼합형,sub_0447_3920.5s.jpg,0.03,,,25.0,90.0,50.0,78.0,75.0,0.32396,0.0,66.0,0.0,0.0,0.1588,"있잖아, 곤란하네. 너 일 잘하는데, 지금 그만두면 곤란하다고.",아… 잠깐만…,타임스탬프 사진으로 장면 불일치 확인 후 재복원,28.67,T4,구조검사 통과 시 유지,,20.191285866099896,25.11,P4,회귀검사 통과 시 유지
ABF-328,사진 대조 1차 교정본,170,"00:32:36,520 --> 00:32:38,120",1.6,오?,후후.,왜?,중립·혼합형,sub_0170_1956.5s.jpg,0.02,,,25.0,90.0,50.0,78.0,75.0,0.323,0.0,66.0,0.0,0.0,0.0856,"오, 오...","오, 오…",,28.63,T4,구조검사 통과 시 유지,,20.03188097768332,25.02,P4,회귀검사 통과 시 유지
ABF-328,사진 대조 1차 교정본,296,"00:49:17,850 --> 00:49:18,210",0.36,그래도…,"- 아까 제대로 해 주지도 않았잖아. 조금만 하자.
- 안 돼. 네가 멋대로 시작한 거잖아.",핥아 줘.,중립·혼합형,sub_0296_2957.8s.jpg,0.05,,,25.0,90.0,50.0,78.0,75.0,0.32316,0.0,66.0,0.0,0.0,0.2193,그래도...,그래도…,,28.63,T4,구조검사 통과 시 유지,,20.03188097768332,25.02,P4,회귀검사 통과 시 유지
ABF-328,사진 대조 1차 교정본,183,"00:34:23,930 --> 00:34:24,670",0.74,기분 좋아서?,이제 잠 다 깼어.,아까부터 대체 왜 자꾸 그런 걸 물어봐?,반응형,sub_0183_2063.9s.jpg,0.03,,,25.0,90.0,50.0,78.0,75.0,0.32192,0.0,66.0,0.0,0.0,0.3354,기분 좋아.,"아, 좋아.",화면 영문 자막 대조,28.58,T4,구조검사 통과 시 유지,,19.81934112646121,24.9,P4,회귀검사 통과 시 유지
ABF-328,사진 대조 1차 교정본,266,"00:46:00,860 --> 00:46:04,480",3.62,죄송합니다. 네.,"네, 죄송합니다. 피곤하냐고요? 아닙니다
괜찮습니다. 아무 일도 아닙니다!",괜찮습니다.,중립·혼합형,sub_0266_2760.9s.jpg,0.04,,,25.0,90.0,50.0,78.0,75.0,0.31039,2.69,66.0,0.0,0.0,0.6724,죄송합니다...,죄송합니다…,,28.58,T4,구조검사 통과 시 유지,,19.81934112646121,24.9,P4,회귀검사 통과 시 유지
ABF-328,사진 대조 1차 교정본,138,"00:29:51,260 --> 00:29:52,340",1.08,그건 다르지!,방금은 네가 직접 넣었잖아.,"대체 뭐야, 정말.",반말형,sub_0138_1791.3s.jpg,0.04,,,25.0,90.0,50.0,78.0,75.0,0.31962,0.0,66.0,0.0,0.0,0.325,그건 안 돼.,여기로 와.,일본어 원문 + 타임스탬프 사진 + 장면 연속성,28.48,T4,구조검사 통과 시 유지,,19.659936238044633,24.78,P4,회귀검사 통과 시 유지
ABF-328,사진 대조 1차 교정본,585,"01:21:21,080 --> 01:21:21,420",0.34,그래.,"- 아무 말도 안 했어?
- 응.",응.,중립·혼합형,sub_0585_4881.1s.jpg,0.02,,,25.0,90.0,50.0,78.0,75.0,0.19146,29.49,66.0,0.0,0.0,0.8958,"아, 그래.",간다.,화면 영문 자막 대조,28.41,T4,구조검사 통과 시 유지,,19.55366631243358,24.69,P4,회귀검사 통과 시 유지
ABF-328,사진 대조 1차 교정본,321,"00:51:02,580 --> 00:51:03,320",0.74,"- 기분 좋았어?
- 응.",엄청 찌릿찌릿 떨고 있었잖아.,응…,반응형,sub_0321_3062.6s.jpg,0.02,,,25.0,90.0,72.0,78.0,75.0,0.31575,0.0,66.0,0.0,0.0,0.2411,응... 기분 좋아.,응… 기분 좋아.,,28.32,T4,구조검사 통과 시 유지,,19.394261424017003,24.57,P4,회귀검사 통과 시 유지
ABF-328,사진 대조 1차 교정본,852,"02:11:53,100 --> 02:11:57,400",4.3,부드럽게…,천천히.,"좋아, 그대로.",중립·혼합형,sub_0852_7913.1s.jpg,0.0,,,25.0,90.0,50.0,78.0,75.0,0.31573,0.0,66.0,0.0,0.0,0.4617,부드럽게...,부드럽게…,,28.32,T4,구조검사 통과 시 유지,,19.394261424017003,24.57,P4,회귀검사 통과 시 유지
ABF-328,사진 대조 1차 교정본,24,"00:03:31,510 --> 00:03:33,250",1.74,어쩌지.,침대로 옮겨 줄까?,자료도 아직 안 끝난 것 같고.,반응형,sub_0024_211.5s.jpg,0.01,,,25.0,90.0,50.0,78.0,75.0,0.31543,0.0,66.0,0.0,0.0,0.0927,잘 거지.,갈 수 있어.,사진 장면 확인 및 한국어 번역투·ASR 오역 교정,28.31,T4,구조검사 통과 시 유지,,19.1817215727949,24.48,P4,회귀검사 통과 시 유지
ABF-328,사진 대조 1차 교정본,899,"02:18:21,890 --> 02:18:23,490",1.6,하하하.,응.,으음.,중립·혼합형,sub_0899_8301.9s.jpg,0.01,,,25.0,90.0,50.0,78.0,75.0,0.3155,0.0,66.0,0.0,0.0,0.0327,"하아, 하아...","하아, 하아…",,28.31,T4,구조검사 통과 시 유지,,19.1817215727949,24.48,P4,회귀검사 통과 시 유지
ABF-328,사진 대조 1차 교정본,286,"00:48:37,110 --> 00:48:39,510",2.4,아…,하지 말라니까 진짜…,으음.,반응형,sub_0286_2917.1s.jpg,0.01,,,25.0,90.0,50.0,78.0,75.0,0.25094,14.91,66.0,0.0,0.0,0.7743,"싫어, 아… 아… 아…",싫어… 아… 아…,일본어 원문 대조 + 자연스러운 한국어 대사 교정,28.28,T4,구조검사 통과 시 유지,,19.02231668437832,24.39,P4,회귀검사 통과 시 유지
ABF-328,사진 대조 1차 교정본,41,"00:22:41,360 --> 00:22:43,260",1.9,네가 그런 자세로 자고 있었잖아.,이제 와서 빼기도 좀 그렇잖아.,이렇게 붙어 있으면 참을 수 없다고.,반응형,sub_0041_1361.4s.jpg,0.04,부자연스러운 줄바꿈 제거,높음,25.0,90.0,50.0,78.0,75.0,0.74384,0.0,22.0,0.0,0.0,0.4524,너도 느끼고 있었잖아.,너도 좋아했잖아.,,28.27,T4,구조검사 통과 시 유지,,18.91604675876727,24.34,P4,회귀검사 통과 시 유지
ABF-328,사진 대조 1차 교정본,208,"00:37:49,400 --> 00:37:49,480",0.08,응.,왜 멋대로 안에 싸는 거야?!,안 싸고는 끝낼 수가 없잖아.,반응형,sub_0208_2269.4s.jpg,0.0,,,25.0,90.0,50.0,78.0,75.0,0.18179,0.0,66.0,55.0,0.0,0.4695,"하-, 응.",하아… 응.,,28.2,T4,구조검사 통과 시 유지,high_cps,18.809776833156217,24.26,P4,회귀검사 통과 시 유지
ABF-328,사진 대조 1차 교정본,396,"00:59:24,120 --> 00:59:24,200",0.08,응.,"아, 그래?",그렇구나.,반응형,sub_0396_3564.1s.jpg,0.02,,,25.0,90.0,50.0,78.0,75.0,0.18129,0.0,66.0,55.0,0.0,0.4695,"하-, 응.",하아… 응.,,28.17,T4,구조검사 통과 시 유지,high_cps,18.703506907545165,24.19,P4,회귀검사 통과 시 유지
ABF-328,사진 대조 1차 교정본,340,"00:52:13,100 --> 00:52:13,940",0.84,꼭지?,젖꼭지도 좋아?,젖꼭지 말이야.,반말형,sub_0340_3133.1s.jpg,0.0,,,25.0,90.0,50.0,78.0,75.0,0.31158,0.0,66.0,0.0,0.0,0.1442,좋지?,여기 좋지?,일본어 원문 대조 + 자연스러운 한국어 대사 교정,28.15,T4,구조검사 통과 시 유지,,18.597236981934113,24.14,P4,회귀검사 통과 시 유지
ABF-328,사진 대조 1차 교정본,364,"00:56:08,560 --> 00:56:32,190",23.63,"아, 거기…",더 아래쪽.,"- 냄새 안 나?
- 아래!",반응형,sub_0364_3368.6s.jpg,0.04,,,25.0,90.0,50.0,78.0,75.0,0.31105,0.0,66.0,0.0,0.0,0.4108,"아, 아, 아, 아, 아, 아, 아,","아, 아, 아, 아, 아, 아, 아",,28.12,T4,구조검사 통과 시 유지,,18.49096705632306,24.08,P4,회귀검사 통과 시 유지
ABF-328,사진 대조 1차 교정본,5,"00:00:45,020 --> 00:00:45,520",0.5,스즈모리?,뭐야…?,스즈모리가 왜…?,중립·혼합형,sub_0005_45.0s.jpg,0.02,,,25.0,90.0,50.0,78.0,75.0,0.31065,0.0,66.0,0.0,0.0,0.3844,스즈모리...,스즈모리…,,28.11,T4,구조검사 통과 시 유지,,18.278427205100954,23.98,P4,회귀검사 통과 시 유지
ABF-328,사진 대조 1차 교정본,322,"00:51:03,660 --> 00:51:03,940",0.28,응…,"- 기분 좋았어?
- 응.",진짜 좋았어?,반응형,sub_0322_3063.7s.jpg,0.04,,,25.0,90.0,50.0,78.0,75.0,0.31075,0.0,66.0,0.0,0.0,0.3837,응… [안전상 번역 불가]…,응… [불명]…,,28.11,T4,구조검사 통과 시 유지,,18.278427205100954,23.98,P4,회귀검사 통과 시 유지
ABF-328,사진 대조 1차 교정본,577,"01:20:41,270 --> 01:20:44,930",3.66,"- 서 있잖아.
- 안 섰어.","- 비밀.
- ‘비밀’이라는 말 참 좋아하네.",으음… 잠깐만.,반응형,sub_0577_4841.3s.jpg,0.03,,,25.0,90.0,72.0,78.0,75.0,0.31074,0.0,66.0,0.0,0.0,0.602,서 있잖아.,완전히 서 있잖아.,일본어 원문 대조 + 자연스러운 한국어 대사 교정,28.11,T4,구조검사 통과 시 유지,,18.278427205100954,23.98,P4,회귀검사 통과 시 유지
ABF-328,사진 대조 1차 교정본,691,"01:32:34,060 --> 01:32:35,680",1.62,"안 돼, 안 돼!",안 돼…,"아니, 그런 뜻이 아니라…",중립·혼합형,sub_0691_5554.1s.jpg,0.04,,,25.0,90.0,50.0,78.0,75.0,0.22405,19.93,66.0,0.0,0.0,0.8161,안 돼!,아… 또 갈 것 같아…,타임스탬프 사진으로 장면 불일치 확인 후 재복원,28.06,T4,구조검사 통과 시 유지,,18.06588735387885,23.86,P4,회귀검사 통과 시 유지
ABF-328,사진 대조 1차 교정본,510,"01:13:16,340 --> 01:13:18,100",1.76,"- 괜찮으니까.
- 뭐가 괜찮다는 거야?",너도 네 멋대로 했으니까 나도 기분 좋게 해 줘.,'괜찮다'니 대체 뭐가?,반응형,sub_0510_4396.3s.jpg,0.04,,,25.0,90.0,72.0,78.0,75.0,0.30883,0.0,66.0,0.0,0.0,0.5004,괜찮으니까...,괜찮으니까…,,28.03,T4,구조검사 통과 시 유지,,17.959617428267798,23.8,P4,회귀검사 통과 시 유지
ABF-328,사진 대조 1차 교정본,4,"00:00:38,440 --> 00:00:39,790",1.35,뭐야…?,여기가 어디지…?,스즈모리?,반말형,sub_0004_38.4s.jpg,0.04,,,25.0,90.0,50.0,78.0,75.0,0.3083,0.0,66.0,0.0,0.0,0.1278,"아, 아... 뭐야?","아, 아… 뭐야?",,28.01,T4,구조검사 통과 시 유지,,17.800212539851223,23.72,P4,회귀검사 통과 시 유지
ABF-328,사진 대조 1차 교정본,145,"00:30:24,260 --> 00:30:29,060",4.8,"아, 이거…",거기… 거기도.,옷이 거슬리네.,반응형,sub_0145_1824.3s.jpg,0.04,,,25.0,90.0,50.0,78.0,75.0,0.30834,0.0,66.0,0.0,0.0,0.3838,"아, 아, 아, 아, 아, 아, 아,","아, 아, 아, 아, 아, 아, 아",,28.01,T4,구조검사 통과 시 유지,,17.800212539851223,23.72,P4,회귀검사 통과 시 유지
ABF-328,사진 대조 1차 교정본,832,"02:08:49,560 --> 02:08:51,560",2.0,어두워…,앗!,앞이 잘 안 보여…,반응형,sub_0832_7729.6s.jpg,0.04,,,25.0,90.0,50.0,78.0,75.0,0.30805,0.0,66.0,0.0,0.0,0.3692,어두워...,어두워…,,28.0,T4,구조검사 통과 시 유지,,17.640807651434645,23.65,P4,회귀검사 통과 시 유지
ABF-328,사진 대조 1차 교정본,484,"01:10:02,570 --> 01:10:02,890",0.32,조금?,조금.,그런 것 같아.,중립·혼합형,sub_0484_4202.6s.jpg,0.03,,,25.0,90.0,50.0,78.0,75.0,0.30601,0.0,66.0,0.0,0.0,0.1192,조금 쉬세요.,잠깐만.,,27.91,T4,구조검사 통과 시 유지,,17.534537725823593,23.55,P4,회귀검사 통과 시 유지
ABF-328,사진 대조 1차 교정본,84,"00:25:12,990 --> 00:25:13,370",0.38,저기…,뒤로 받는 거 말이야.,좋아하지 않아.,중립·혼합형,sub_0084_1513.0s.jpg,0.01,,,25.0,90.0,50.0,78.0,75.0,0.3049,0.0,66.0,0.0,0.0,0.1992,저기...,저기…,,27.87,T4,구조검사 통과 시 유지,,17.42826780021254,23.48,P4,회귀검사 통과 시 유지
ABF-328,사진 대조 1차 교정본,687,"01:31:40,640 --> 01:31:42,040",1.4,어때?,대단하시네.,"무서워, 무서워.",반응형,sub_0687_5500.6s.jpg,0.04,,,25.0,90.0,50.0,78.0,75.0,0.30268,0.43,66.0,0.0,0.0,0.6536,어때? 맛은?,어때? 맛 평가해 줘.,일본어 원문 대조 + 자연스러운 한국어 대사 교정,27.85,T4,구조검사 통과 시 유지,,17.32199787460149,23.43,P4,회귀검사 통과 시 유지
ABF-328,사진 대조 1차 교정본,116,"00:27:22,870 --> 00:27:23,210",0.34,피곤해.,계속 나만 움직이고 있었다고.,그러니까.,반말형,sub_0116_1642.9s.jpg,0.03,,,25.0,90.0,50.0,78.0,75.0,0.30295,0.0,66.0,0.0,0.0,0.0833,대단해.,기분 좋네.,일본어 원문 + 타임스탬프 사진 + 장면 연속성,27.78,T4,구조검사 통과 시 유지,,17.215727948990438,23.34,P4,회귀검사 통과 시 유지
ABF-328,사진 대조 1차 교정본,241,"00:40:19,740 --> 00:40:21,200",1.46,죄송합니다.,네.,"네, 잘 부탁드립니다.",존댓말형,sub_0241_2419.7s.jpg,0.04,,,25.0,90.0,50.0,78.0,75.0,0.22442,10.24,66.0,0.0,18.0,0.7354,죄송합니다...,죄송합니다…,,27.77,T4,구조검사 통과 시 유지,formality_shift,17.109458023379386,23.29,P4,회귀검사 통과 시 유지
ABF-328,사진 대조 1차 교정본,574,"01:20:23,180 --> 01:20:26,540",3.36,"- 뭐? 시끄러워.
- 이제 그만해.","- 그건 서로 마찬가지잖아.
- 아니거든.","- 대체 뭐야.
- 안쪽이 좋아?",반말형,sub_0574_4823.2s.jpg,0.02,,,25.0,90.0,72.0,78.0,75.0,0.30116,0.0,66.0,0.0,0.0,0.6368,시끄러워.,넣고 싶어.,,27.71,T4,구조검사 통과 시 유지,,17.003188097768334,23.21,P4,회귀검사 통과 시 유지
ABF-328,사진 대조 1차 교정본,491,"01:10:54,030 --> 01:10:59,730",5.7,"- 조금 짜네.
- 정말 그만해.","- 소금 라면 먹었어?
- 안 먹었어!",알았어.,반말형,sub_0491_4254.0s.jpg,0.03,,,25.0,90.0,72.0,78.0,75.0,0.30056,0.0,66.0,0.0,0.0,0.4487,"안 돼, 그만해.","배 아파, 그만해.",,27.68,T4,구조검사 통과 시 유지,,16.896918172157278,23.15,P4,회귀검사 통과 시 유지
ABF-328,사진 대조 1차 교정본,161,"00:31:08,250 --> 00:31:08,350",0.1,뭐?,손으로 해 줄까?,손으로 해달라는 거야?,중립·혼합형,sub_0161_1868.2s.jpg,0.05,,,25.0,90.0,50.0,78.0,75.0,0.22834,0.0,66.0,30.0,0.0,0.3026,뭐? 아침에 졸려? 하고 바로…,뭐? 아침부터 졸리다고 해 놓고…,사진 장면 확인 및 한국어 번역투·ASR 오역 교정,27.65,T4,구조검사 통과 시 유지,high_cps,16.790648246546226,23.09,P4,회귀검사 통과 시 유지
ABF-328,사진 대조 1차 교정본,458,"01:06:19,080 --> 01:06:19,660",0.58,뭐가?,기분 좋아?,뭐라고?,중립·혼합형,sub_0458_3979.1s.jpg,0.02,,,25.0,90.0,50.0,78.0,75.0,0.29875,0.0,66.0,0.0,0.0,0.1703,어디로 가?,여기?,일본어 원문 대조 + 자연스러운 한국어 대사 교정,27.61,T4,구조검사 통과 시 유지,,16.684378320935174,23.02,P4,회귀검사 통과 시 유지
ABF-328,사진 대조 1차 교정본,462,"01:06:50,340 --> 01:06:51,200",0.86,기다려봐.,이런 거 때문에 젖은 거 아니거든!,"- 라면보다 이쪽이 더 맛있어.
- 무슨 소리야.",중립·혼합형,sub_0462_4010.3s.jpg,0.04,,,25.0,90.0,50.0,78.0,75.0,0.29581,0.0,66.0,0.0,0.0,0.6281,잠깐 기다려봐...,잠깐 기다려봐…,,27.48,T4,구조검사 통과 시 유지,,16.578108395324122,22.9,P4,회귀검사 통과 시 유지
ABF-328,사진 대조 1차 교정본,784,"01:48:31,220 --> 01:48:32,190",0.97,"앗, 앗.",아…,하하하.,반응형,sub_0784_6511.2s.jpg,0.02,,,25.0,90.0,50.0,78.0,75.0,0.29533,0.0,66.0,0.0,0.0,0.3305,앗...,앗…,,27.46,T4,구조검사 통과 시 유지,,16.47183846971307,22.84,P4,회귀검사 통과 시 유지
ABF-328,사진 대조 1차 교정본,15,"00:01:45,170 --> 00:01:53,390",8.22,"나는 집이 멀었고 스즈모리 집은 가까워
그 집에서 계속 작업하기로 했다.",둘 다 막차까지 놓쳐 버렸다.,"그러다 스즈모리 집에서 작업하다
나도 모르게 잠들었나 보다.",중립·혼합형,sub_0015_105.2s.jpg,0.03,긴 내레이션 압축 및 자연화,높음,25.0,90.0,50.0,92.0,75.0,0.71685,0.0,22.0,0.0,0.0,0.4795,"나는 집이 멀고 스즈모리 집은 택시로 금방이라, 그 집에서 계속하기로 했지.",나는 집이 멀었고 스즈모리 집은 가까워 그 집에서 계속 작업하기로 했다.,긴 내레이션 압축 및 자연화,27.45,T4,구조검사 통과 시 유지,,16.365568544102018,22.79,P4,회귀검사 통과 시 유지
ABF-328,사진 대조 1차 교정본,362,"00:55:40,700 --> 00:55:41,580",0.88,아니.,"아래, 아래쪽.",더 아래쪽.,반응형,sub_0362_3340.7s.jpg,0.0,,,25.0,90.0,50.0,78.0,75.0,0.29483,0.0,66.0,0.0,0.0,0.1186,"아니, 그런 뜻이 아니라...","아니, 그런 뜻이 아니라…",,27.44,T4,구조검사 통과 시 유지,,16.259298618490966,22.74,P4,회귀검사 통과 시 유지
ABF-328,사진 대조 1차 교정본,81,"00:25:09,390 --> 00:25:10,210",0.82,뒤에서…,응?,뭐?,중립·혼합형,sub_0081_1509.4s.jpg,0.01,,,25.0,90.0,50.0,78.0,75.0,0.29121,0.0,66.0,0.0,0.0,0.3342,뒤에서...,뒤에서…,,27.29,T4,구조검사 통과 시 유지,,16.153028692879914,22.61,P4,회귀검사 통과 시 유지
ABF-328,사진 대조 1차 교정본,71,"00:24:41,140 --> 00:24:42,420",1.28,그렇지?,지겹잖아.,으음…,반말형,sub_0071_1481.1s.jpg,0.04,,,25.0,90.0,50.0,78.0,75.0,0.28919,0.0,66.0,0.0,0.0,0.1865,전부 다 그러면 큰일이지. 그렇지 않아.,다 그러면 큰일 나죠. 저는 안 가요.,사진 장면 확인 및 한국어 번역투·ASR 오역 교정,27.21,T4,구조검사 통과 시 유지,,16.046758767268862,22.52,P4,회귀검사 통과 시 유지
ABF-328,사진 대조 1차 교정본,785,"01:48:37,730 --> 01:48:38,970",1.24,하하하.,"앗, 앗.","- 부끄럽다고 했잖아.
- 진짜 부끄러워?",중립·혼합형,sub_0785_6517.7s.jpg,0.03,,,25.0,90.0,50.0,78.0,75.0,0.28912,0.0,66.0,0.0,0.0,0.0327,"하아, 하아...","하아, 하아…",,27.2,T4,구조검사 통과 시 유지,,15.94048884165781,22.47,P4,회귀검사 통과 시 유지
ABF-328,사진 대조 1차 교정본,800,"01:56:12,720 --> 01:56:13,100",0.38,안 돼…,으윽…,으으음…,중립·혼합형,sub_0800_6972.7s.jpg,0.02,,,25.0,90.0,50.0,78.0,75.0,0.28886,0.0,66.0,0.0,0.0,0.3591,지금 표정이 어때? 억지로 안 참아도 돼…,지금 표정이 어때? 억지로 참지 않아도 돼.,반복 표현과 어순 교정,27.19,T4,구조검사 통과 시 유지,,15.834218916046758,22.42,P4,회귀검사 통과 시 유지
ABF-328,사진 대조 1차 교정본,639,"01:24:48,030 --> 01:24:48,350",0.32,하하.,이제 충분하잖아.,너무 거칠어!,중립·혼합형,sub_0639_5088.0s.jpg,0.03,,,25.0,90.0,50.0,78.0,75.0,0.28822,0.0,66.0,0.0,0.0,0.0408,"하아, 하아...","하아, 하아…",,27.17,T4,구조검사 통과 시 유지,,15.727948990435706,22.36,P4,회귀검사 통과 시 유지
ABF-328,사진 대조 1차 교정본,523,"01:15:18,580 --> 01:15:19,200",0.62,정말…,어쩔 수 없잖아.,"그런 모습을 보면
당연히 설 수밖에 없잖아.",중립·혼합형,sub_0523_4518.6s.jpg,0.02,,,25.0,90.0,50.0,78.0,75.0,0.28734,0.0,66.0,0.0,0.0,0.192,정말.,정말…,일본어 원문 대조 + 자연스러운 한국어 대사 교정,27.13,T4,구조검사 통과 시 유지,,15.621679064824653,22.3,P4,회귀검사 통과 시 유지
ABF-328,사진 대조 1차 교정본,33,"00:22:19,800 --> 00:22:20,280",0.48,어?,"잠깐, 하시모토? 뭐 하는 거야?",손을 어디에 넣는 거야?,반응형,sub_0033_1339.8s.jpg,0.0,,,25.0,90.0,50.0,78.0,75.0,0.28681,0.0,66.0,0.0,0.0,0.3622,어? 벗기고 싶다고? 응.,해 줬으면 좋겠어? 응.,손상된 일본어 ASR + 타임스탬프 사진 + 앞뒤 문맥 추론,27.11,T4,구조검사 통과 시 유지,,15.5154091392136,22.24,P4,회귀검사 통과 시 유지
ABF-328,사진 대조 1차 교정본,836,"02:10:06,960 --> 02:10:07,260",0.3,후후.,잠깐만.,"아, 좋아.",중립·혼합형,sub_0836_7807.0s.jpg,0.04,,,25.0,90.0,50.0,78.0,75.0,0.28547,0.0,66.0,0.0,0.0,0.2135,"후후후, 어서 와.","후후후, 차가워!",손상된 일본어 ASR + 타임스탬프 사진 + 앞뒤 문맥 추론,27.05,T4,구조검사 통과 시 유지,,15.409139213602552,22.16,P4,회귀검사 통과 시 유지
ABF-328,사진 대조 1차 교정본,14,"00:01:41,050 --> 00:01:43,750",2.7,둘 다 막차까지 놓쳐 버렸다.,"결국 일을 끝내지 못한 채
회사 문을 닫을 시간이 됐고,","나는 집이 멀었고 스즈모리 집은 가까워
그 집에서 계속 작업하기로 했다.",반말형,sub_0014_101.0s.jpg,0.05,내레이션 시제 일관성 교정,높음,25.0,90.0,50.0,78.0,75.0,0.7028,0.0,22.0,0.0,0.0,0.4817,"아, 해 버렸다.","아, 찍혔다.",일본어 원문 대조 + 자연스러운 한국어 대사 교정,27.03,T4,구조검사 통과 시 유지,,15.3028692879915,22.1,P4,회귀검사 통과 시 유지
ABF-328,사진 대조 1차 교정본,665,"01:28:42,820 --> 01:28:43,760",0.94,"기다려, 기다려봐!",'장난 아니다'라는 건 기분 좋다는 뜻이지.,방금 분명 '간다'고 했잖아.,중립·혼합형,sub_0665_5322.8s.jpg,0.02,,,25.0,90.0,50.0,78.0,75.0,0.28486,0.0,66.0,0.0,0.0,0.4382,"기다려, 더 부드럽게 해줘.","기다려, 더 부드럽게 해 줘.",,27.02,T4,구조검사 통과 시 유지,,15.196599362380447,22.05,P4,회귀검사 통과 시 유지
ABF-328,사진 대조 1차 교정본,267,"00:46:35,310 --> 00:46:36,910",1.6,괜찮습니다.,죄송합니다. 네.,"네, 네.",존댓말형,sub_0267_2795.3s.jpg,0.01,,,25.0,90.0,50.0,78.0,75.0,0.23051,4.13,66.0,0.0,18.0,0.6844,이번 저주가 괜찮습니다.,[불명],,26.92,T4,구조검사 통과 시 유지,formality_shift,15.090329436769395,21.95,P4,회귀검사 통과 시 유지
ABF-328,사진 대조 1차 교정본,400,"00:59:29,000 --> 00:59:29,160",0.16,응.,잘하는 요리?,빨리 감기.,반응형,sub_0400_3569.0s.jpg,0.0,,,25.0,90.0,50.0,78.0,75.0,0.28169,0.0,66.0,0.0,0.0,0.4695,"하-, 응.",하아… 응.,,26.89,T4,구조검사 통과 시 유지,,14.984059511158343,21.89,P4,회귀검사 통과 시 유지
ABF-328,사진 대조 1차 교정본,384,"00:59:04,460 --> 00:59:05,340",0.88,맛있네.,걔는 그냥 덩치만 크고.,응.,반말형,sub_0384_3544.5s.jpg,0.04,,,25.0,90.0,50.0,78.0,75.0,0.2815,0.0,66.0,0.0,0.0,0.4333,카레를 다 같이 먹으니까 맛있네. 그러게요.,- 셋이 같이 카레 먹으니까 맛있네. - 그러게요.,식사 장면 화자 분리,26.88,T4,구조검사 통과 시 유지,,14.87778958554729,21.84,P4,회귀검사 통과 시 유지
ABF-328,사진 대조 1차 교정본,843,"02:11:10,730 --> 02:11:11,330",0.6,방금…,뭔가…,우리 둘이 하나로 이어진 느낌이야.,중립·혼합형,sub_0843_7870.7s.jpg,0.03,,,25.0,90.0,50.0,78.0,75.0,0.27952,0.0,66.0,0.0,0.0,0.1857,방금...,방금…,,26.8,T4,구조검사 통과 시 유지,,14.771519659936239,21.75,P4,회귀검사 통과 시 유지
ABF-328,사진 대조 1차 교정본,346,"00:52:43,130 --> 00:52:43,390",0.26,아…,젖꼭지를 좋아하니까.,후후.,반응형,sub_0346_3163.1s.jpg,0.03,,,25.0,90.0,50.0,78.0,75.0,0.21523,14.91,66.0,0.0,0.0,0.7743,"싫어, 아… 아… 아…",싫어… 아… 아…,일본어 원문 대조 + 자연스러운 한국어 대사 교정,26.78,T4,구조검사 통과 시 유지,,14.665249734325187,21.69,P4,회귀검사 통과 시 유지
ABF-328,사진 대조 1차 교정본,912,"02:28:00,650 --> 02:28:02,050",1.4,응?,잠깐 쉬어.,응?,반응형,sub_0912_8880.6s.jpg,0.05,,,25.0,90.0,50.0,78.0,75.0,0.27763,0.0,66.0,0.0,0.0,0.4033,응? 잠깐 기다려…,응? 잠깐만…,일본어 원문 대조 + 자연스러운 한국어 대사 교정,26.72,T4,구조검사 통과 시 유지,,14.558979808714135,21.61,P4,회귀검사 통과 시 유지
ABF-328,사진 대조 1차 교정본,175,"00:33:19,380 --> 00:33:19,840",0.46,괜찮아?,"아, 잠깐만.",뭐?,반응형,sub_0175_1999.4s.jpg,0.02,,,25.0,90.0,50.0,78.0,75.0,0.27521,0.0,66.0,0.0,0.0,0.5365,더 해줘도 돼? 더 해줘. 괜찮아?,더 해 줘도 돼? 더 해 줘. 괜찮아?,,26.62,T4,구조검사 통과 시 유지,,14.452709883103083,21.51,P4,회귀검사 통과 시 유지
ABF-328,사진 대조 1차 교정본,230,"00:39:24,890 --> 00:39:25,650",0.76,뭔데?,뭐? 왜?,자꾸 귀찮게 구니까 됐어. 나 샤워나 할 거야.,중립·혼합형,sub_0230_2364.9s.jpg,0.01,,,25.0,90.0,50.0,78.0,75.0,0.27387,0.0,66.0,0.0,0.0,0.1256,"어, 예쁜데?",피부 진짜 예쁜데?,일본어 원문 대조 + 자연스러운 한국어 대사 교정,26.56,T4,구조검사 통과 시 유지,,14.34643995749203,21.43,P4,회귀검사 통과 시 유지
ABF-328,사진 대조 1차 교정본,496,"01:11:41,880 --> 01:11:44,140",2.26,"- 내밀었어.
- 응.","- 혀가 짧네.
- 시끄러워.","- 계속 젖어 있잖아.
- 그런 거 아니야.",반응형,sub_0496_4301.9s.jpg,0.02,,,25.0,90.0,72.0,78.0,75.0,0.27121,0.0,66.0,0.0,0.0,0.1713,"- 오래 기다렸지? 빠진 물건 없어? - 응. - 차 돌려서 올게. 또 연락할게요. - 응, 가요.","- 오래 기다렸지? 빠뜨린 건 없어? / 응. - 차 돌려 올게. 또 연락할게. / 응, 가요.",4줄 대화를 2줄로 재배치,26.45,T4,구조검사 통과 시 유지,,14.240170031880977,21.32,P4,회귀검사 통과 시 유지
ABF-328,사진 대조 1차 교정본,82,"00:25:10,210 --> 00:25:10,570",0.36,뭐?,뒤에서…,뒤로 받는 거 말이야.,중립·혼합형,sub_0082_1510.2s.jpg,0.01,,,25.0,90.0,50.0,78.0,75.0,0.26983,0.0,66.0,0.0,0.0,0.3026,뭐? 아침에 졸려? 하고 바로…,뭐? 아침부터 졸리다고 해 놓고…,사진 장면 확인 및 한국어 번역투·ASR 오역 교정,26.39,T4,구조검사 통과 시 유지,,14.080765143464399,21.22,P4,회귀검사 통과 시 유지
ABF-328,사진 대조 1차 교정본,366,"00:56:33,410 --> 00:56:33,770",0.36,더 아래!,"- 냄새 안 나?
- 아래!",아까보다 더 흠뻑 젖었잖아.,반응형,sub_0366_3393.4s.jpg,0.01,,,25.0,90.0,50.0,78.0,75.0,0.2697,0.0,66.0,0.0,0.0,0.1393,좀 더 해 줘.,보여?,일본어 원문 + 타임스탬프 사진 + 장면 연속성,26.39,T4,구조검사 통과 시 유지,,14.080765143464399,21.22,P4,회귀검사 통과 시 유지
ABF-328,사진 대조 1차 교정본,135,"00:29:44,020 --> 00:29:45,200",1.18,뭐라고?,더 세게?,멋대로 넣어놓고는.,중립·혼합형,sub_0135_1784.0s.jpg,0.02,,,25.0,90.0,50.0,78.0,75.0,0.26938,0.0,66.0,0.0,0.0,0.6306,샴페인이 뭐라고?,샴페인 이름이 뭐였지?,사진 장면 확인 및 한국어 번역투·ASR 오역 교정,26.37,T4,구조검사 통과 시 유지,,13.921360255047821,21.14,P4,회귀검사 통과 시 유지
ABF-328,사진 대조 1차 교정본,686,"01:31:21,000 --> 01:31:21,620",0.62,대단하시네.,"그래도 같이 느껴야지. 내가 노력할게.
너 갈 때까지 안 멈출 거야.",어때?,반말형,sub_0686_5481.0s.jpg,0.0,,,25.0,90.0,50.0,78.0,75.0,0.2642,0.0,66.0,0.0,0.0,0.2996,대단하네.,땀이 엄청나네.,손상된 일본어 ASR + 타임스탬프 사진 + 앞뒤 문맥 추론,26.16,T4,구조검사 통과 시 유지,,13.815090329436769,20.98,P4,회귀검사 통과 시 유지
ABF-328,사진 대조 1차 교정본,829,"02:08:02,150 --> 02:08:02,830",0.68,어때?,"첫 번째 자세에서 네 번째로
다시 두 번째로 바꿔 봐.",천천히 하면 돼.,반응형,sub_0829_7682.1s.jpg,0.05,,,25.0,90.0,50.0,78.0,75.0,0.26188,0.43,66.0,0.0,0.0,0.6536,어때? 맛은?,어때? 맛 평가해 줘.,일본어 원문 대조 + 자연스러운 한국어 대사 교정,26.14,T4,구조검사 통과 시 유지,,13.708820403825717,20.92,P4,회귀검사 통과 시 유지
ABF-328,사진 대조 1차 교정본,483,"01:10:00,530 --> 01:10:02,090",1.56,조금.,탄멘 맛이 나?,조금?,중립·혼합형,sub_0483_4200.5s.jpg,0.03,,,25.0,90.0,50.0,78.0,75.0,0.26221,0.0,66.0,0.0,0.0,0.4004,그럼 조금...,그럼 조금…,,26.07,T4,구조검사 통과 시 유지,,13.602550478214665,20.83,P4,회귀검사 통과 시 유지
ABF-328,사진 대조 1차 교정본,735,"01:37:12,710 --> 01:37:13,430",0.72,뭐야?,"뭐, 그렇긴 하지만.",이번엔 내 차례야.,반말형,sub_0735_5832.7s.jpg,0.01,,,25.0,90.0,50.0,78.0,75.0,0.24439,3.9,66.0,0.0,0.0,0.6825,"아, 아... 뭐야?","아, 아… 뭐야?",,26.03,T4,구조검사 통과 시 유지,,13.496280552603611,20.77,P4,회귀검사 통과 시 유지
ABF-328,사진 대조 1차 교정본,272,"00:47:16,290 --> 00:47:17,690",1.4,죄송합니다.,맞습니다.,"네, 알겠습니다. 죄송합니다.",존댓말형,sub_0272_2836.3s.jpg,0.01,,,25.0,90.0,50.0,78.0,75.0,0.21654,10.24,66.0,0.0,0.0,0.7354,죄송합니다...,죄송합니다…,,26.0,T4,구조검사 통과 시 유지,,13.39001062699256,20.7,P4,회귀검사 통과 시 유지
ABF-328,사진 대조 1차 교정본,244,"00:40:38,100 --> 00:40:39,580",1.48,아…,죄송합니다. 그럼 실례하겠습니다.,"너무 무서워서 자료 완성을 아직
못 했다고는 말을 못 했네.",반응형,sub_0244_2438.1s.jpg,0.0,,,25.0,90.0,50.0,78.0,75.0,0.19488,14.91,66.0,0.0,0.0,0.7743,"싫어, 아… 아… 아…",싫어… 아… 아…,일본어 원문 대조 + 자연스러운 한국어 대사 교정,25.93,T4,구조검사 통과 시 유지,,13.283740701381507,20.62,P4,회귀검사 통과 시 유지
ABF-328,사진 대조 1차 교정본,931,"02:38:15,740 --> 02:38:21,000",5.26,으음.,아아…,오.,반응형,sub_0931_9495.7s.jpg,0.04,,,25.0,90.0,50.0,78.0,75.0,0.25735,0.0,66.0,0.0,0.0,0.4764,으음...,으음…,,25.87,T4,구조검사 통과 시 유지,,13.177470775770455,20.54,P4,회귀검사 통과 시 유지
ABF-328,사진 대조 1차 교정본,826,"02:07:04,180 --> 02:07:05,920",1.74,기다려!,"자, 장난은 그만하고…",아아아…,중립·혼합형,sub_0826_7624.2s.jpg,0.02,,,25.0,90.0,50.0,78.0,75.0,0.25701,0.0,66.0,0.0,0.0,0.2474,기다려...,기다려…,,25.85,T4,구조검사 통과 시 유지,,13.071200850159407,20.48,P4,회귀검사 통과 시 유지
ABF-328,사진 대조 1차 교정본,274,"00:47:33,960 --> 00:47:34,520",0.56,네.,"네, 알겠습니다. 죄송합니다.",실례하겠습니다.,반말형,sub_0274_2854.0s.jpg,0.04,,,25.0,90.0,50.0,78.0,75.0,0.1477,9.86,66.0,0.0,35.0,0.7322,"네, 네.",네.,불필요한 반복 제거,25.84,T4,구조검사 통과 시 유지,formality_jump,12.964930924548353,20.43,P4,회귀검사 통과 시 유지
ABF-328,사진 대조 1차 교정본,903,"02:19:56,780 --> 02:19:58,700",1.92,으음.,응?,그것도 계속 참고 있었던 거야?,반응형,sub_0903_8396.8s.jpg,0.02,,,25.0,90.0,50.0,78.0,75.0,0.2539,0.0,66.0,0.0,0.0,0.4764,으음...,으음…,,25.72,T4,구조검사 통과 시 유지,,12.858660998937301,20.32,P4,회귀검사 통과 시 유지
ABF-328,사진 대조 1차 교정본,706,"01:34:21,270 --> 01:34:21,870",0.6,정말이네.,앗!,최악이다.,반말형,sub_0706_5661.3s.jpg,0.03,,,25.0,90.0,50.0,78.0,75.0,0.25137,0.0,66.0,0.0,0.0,0.2052,끝이네.,다 했어?,일본어 원문 대조 + 자연스러운 한국어 대사 교정,25.62,T4,구조검사 통과 시 유지,,12.75239107332625,20.22,P4,회귀검사 통과 시 유지
ABF-328,사진 대조 1차 교정본,617,"01:22:31,700 --> 01:22:32,240",0.54,으음.,으음.,이렇게 된 이상 어쩔 수 없잖아.,반응형,sub_0617_4951.7s.jpg,0.0,,,25.0,90.0,50.0,78.0,75.0,0.25022,0.0,66.0,0.0,0.0,0.4764,으음...,으음…,,25.57,T4,구조검사 통과 시 유지,,12.646121147715197,20.14,P4,회귀검사 통과 시 유지
ABF-328,사진 대조 1차 교정본,95,"00:26:11,650 --> 00:26:12,690",1.04,깼어…,응?,정신 좀 들어?,반응형,sub_0095_1571.7s.jpg,0.05,,,25.0,90.0,50.0,78.0,75.0,0.24905,0.0,66.0,0.0,0.0,0.2668,깼어...,깼어…,,25.52,T4,구조검사 통과 시 유지,,12.539851222104145,20.07,P4,회귀검사 통과 시 유지
ABF-328,사진 대조 1차 교정본,298,"00:49:22,170 --> 00:49:22,850",0.68,으음.,핥아 줘.,부장님이 눈치채시면 어떡할 건데?,반응형,sub_0298_2962.2s.jpg,0.03,,,25.0,90.0,50.0,78.0,75.0,0.24781,0.0,66.0,0.0,0.0,0.4764,으음...,으음…,,25.47,T4,구조검사 통과 시 유지,,12.433581296493093,19.99,P4,회귀검사 통과 시 유지
ABF-328,사진 대조 1차 교정본,877,"02:14:57,940 --> 02:14:58,600",0.66,어쩌지.,급한 전화인가? 큰일인가?,안 받아도 괜찮을까?,반응형,sub_0877_8097.9s.jpg,0.04,,,25.0,90.0,50.0,78.0,75.0,0.24772,0.0,66.0,0.0,0.0,0.0927,잘 거지.,갈 수 있어.,사진 장면 확인 및 한국어 번역투·ASR 오역 교정,25.46,T4,구조검사 통과 시 유지,,12.327311370882041,19.94,P4,회귀검사 통과 시 유지
ABF-328,사진 대조 1차 교정본,588,"01:21:31,810 --> 01:21:33,130",1.32,"- 국물? 묻어 있었어?
- 응, 묻었어.",라면 국물 묻어서 더러워졌으니까 닦아준 거야.,"응, 묻어 있었어.",반응형,sub_0588_4891.8s.jpg,0.01,,,25.0,90.0,72.0,78.0,75.0,0.24711,0.0,66.0,0.0,0.0,0.3117,빨 생각하고 있었어?,아까부터 빨 생각만 했지?,일본어 원문 대조 + 자연스러운 한국어 대사 교정,25.44,T4,구조검사 통과 시 유지,,12.22104144527099,19.89,P4,회귀검사 통과 시 유지
ABF-328,사진 대조 1차 교정본,657,"01:27:22,130 --> 01:27:22,470",0.34,응.,둘 다 좋지만.,열심히 움직여봐.,반응형,sub_0657_5242.1s.jpg,0.03,,,25.0,90.0,50.0,78.0,75.0,0.24514,0.0,66.0,0.0,0.0,0.4695,"하-, 응.",하아… 응.,,25.36,T4,구조검사 통과 시 유지,,12.114771519659936,19.8,P4,회귀검사 통과 시 유지
ABF-328,사진 대조 1차 교정본,438,"01:03:06,280 --> 01:03:06,940",0.66,저기…,그래프 들어간 자료 어디 있어?,자료는?,중립·혼합형,sub_0438_3786.3s.jpg,0.02,,,25.0,90.0,50.0,78.0,75.0,0.24479,0.0,66.0,0.0,0.0,0.1992,저기...,저기…,,25.34,T4,구조검사 통과 시 유지,,12.008501594048884,19.74,P4,회귀검사 통과 시 유지
ABF-328,사진 대조 1차 교정본,498,"01:12:18,300 --> 01:12:19,840",1.54,"- 그래?
- 응.","- 계속 젖어 있잖아.
- 그런 거 아니야.","- 그럼 이 소리는 뭔데?
- 몰라.",반응형,sub_0498_4338.3s.jpg,0.0,,,25.0,90.0,72.0,78.0,75.0,0.24375,0.0,66.0,0.0,0.0,0.4086,"음-, 왜 그래?",음… 왜 그래?,,25.3,T4,구조검사 통과 시 유지,,11.902231668437832,19.67,P4,회귀검사 통과 시 유지
ABF-328,사진 대조 1차 교정본,259,"00:43:30,210 --> 00:43:30,570",0.36,네.,죄송합니다…,메모요?,반말형,sub_0259_2610.2s.jpg,0.01,,,25.0,90.0,50.0,78.0,75.0,0.16599,9.86,66.0,0.0,18.0,0.7322,"네, 네.",네.,불필요한 반복 제거,25.25,T4,구조검사 통과 시 유지,formality_shift,11.79596174282678,19.6,P4,회귀검사 통과 시 유지
ABF-328,사진 대조 1차 교정본,473,"01:09:34,040 --> 01:09:34,320",0.28,뭐?,너 아까 무슨 라면 먹고 있었냐?,그런 라면 있잖아.,중립·혼합형,sub_0473_4174.0s.jpg,0.04,,,25.0,90.0,50.0,78.0,75.0,0.24123,0.0,66.0,0.0,0.0,0.3026,뭐? 아침에 졸려? 하고 바로…,뭐? 아침부터 졸리다고 해 놓고…,사진 장면 확인 및 한국어 번역투·ASR 오역 교정,25.19,T4,구조검사 통과 시 유지,,11.689691817215728,19.52,P4,회귀검사 통과 시 유지
ABF-328,사진 대조 1차 교정본,429,"01:01:17,510 --> 01:01:18,170",0.66,이봐!,자료는?,"잠깐, 너 진짜 뭐 하는 짓이야?",중립·혼합형,sub_0429_3677.5s.jpg,0.01,,,25.0,90.0,50.0,78.0,75.0,0.24044,0.0,66.0,0.0,0.0,0.0465,네! 어이!,"네, 잘 부탁드립니다!",사진 장면 확인 및 한국어 번역투·ASR 오역 교정,25.16,T4,구조검사 통과 시 유지,,11.583421891604676,19.46,P4,회귀검사 통과 시 유지
ABF-328,사진 대조 1차 교정본,759,"01:44:14,020 --> 01:44:14,820",0.8,으음…,응.,기분 좋아?,반응형,sub_0759_6254.0s.jpg,0.02,,,25.0,90.0,50.0,78.0,75.0,0.23905,0.0,66.0,0.0,0.0,0.2458,"으음, 으음...","으음, 으음…",,25.1,T4,구조검사 통과 시 유지,,11.477151965993624,19.38,P4,회귀검사 통과 시 유지
ABF-328,사진 대조 1차 교정본,536,"01:15:53,820 --> 01:15:54,520",0.7,알았어.,"응, 맨살이 좋아.",상냥하네.,반응형,sub_0536_4553.8s.jpg,0.02,,,25.0,90.0,50.0,78.0,75.0,0.23841,0.0,66.0,0.0,0.0,0.6115,이제 알았어...,[불명],,25.07,T4,구조검사 통과 시 유지,,11.370882040382572,19.32,P4,회귀검사 통과 시 유지
ABF-328,사진 대조 1차 교정본,866,"02:14:16,360 --> 02:14:16,680",0.32,괜찮지?,"괜찮아, 이제 됐어.",응.,반말형,sub_0866_8056.4s.jpg,0.04,,,25.0,90.0,50.0,78.0,75.0,0.23803,0.0,66.0,0.0,0.0,0.247,뭐든 괜찮지만… 후와 씨?,뭐든 괜찮지만… 후우아 씨라고 부를까요?,출연자 이름 오인식 교정,25.06,T4,구조검사 통과 시 유지,,11.26461211477152,19.27,P4,회귀검사 통과 시 유지
ABF-328,사진 대조 1차 교정본,18,"00:02:12,920 --> 00:02:17,160",4.24,"얘도 자고 있는 걸 보니
둘 다 그대로 잠들어 버렸나 봐.","와, 하나도 안 끝났네.",그런데 얘랑 단둘이 자고 있었던 건가…,중립·혼합형,sub_0018_132.9s.jpg,0.02,부자연스러운 줄바꿈 교정,높음,25.0,90.0,50.0,78.0,75.0,0.59429,10.09,22.0,0.0,0.0,0.7341,얘도 자고 있는 걸 보니 둘 다 그대로 잠들어 버린 거군.,얘도 자고 있는 걸 보니 둘 다 그대로 잠들어 버렸나 봐.,부자연스러운 줄바꿈 교정,25.05,T4,구조검사 통과 시 유지,,11.158342189160468,19.22,P4,회귀검사 통과 시 유지
ABF-328,사진 대조 1차 교정본,233,"00:39:55,680 --> 00:39:56,520",0.84,"아, 안녕하세요!",요코야마 부장님 전화다.,"네, 수고하십니다. 죄송합니다, 네.",반응형,sub_0233_2395.7s.jpg,0.02,,,25.0,90.0,50.0,78.0,75.0,0.17019,0.0,66.0,0.0,35.0,0.3967,"아, 안녕하세요. 정말 아름다운 분이 와 주셨네요.","아, 안녕하세요. 정말 아름다운 분이 오셨네요.",첫 만남 대사 자연화,25.01,T4,구조검사 통과 시 유지,formality_jump,11.052072263549416,19.15,P4,회귀검사 통과 시 유지
ABF-328,사진 대조 1차 교정본,831,"02:08:19,760 --> 02:08:42,570",22.81,앗!,천천히 하면 돼.,어두워…,반응형,sub_0831_7699.8s.jpg,0.04,,,25.0,90.0,50.0,78.0,75.0,0.23653,0.0,66.0,0.0,0.0,0.378,먹어줬으면 해서... 앗!,먹어줬으면 해서… 앗!,,24.99,T4,구조검사 통과 시 유지,,10.945802337938364,19.09,P4,회귀검사 통과 시 유지
ABF-328,사진 대조 1차 교정본,291,"00:48:49,900 --> 00:48:50,120",0.22,뭐?,핥아 줘.,말도 안 돼.,중립·혼합형,sub_0291_2929.9s.jpg,0.0,,,25.0,90.0,50.0,78.0,75.0,0.2338,0.0,66.0,0.0,0.0,0.3026,뭐? 아침에 졸려? 하고 바로…,뭐? 아침부터 졸리다고 해 놓고…,사진 장면 확인 및 한국어 번역투·ASR 오역 교정,24.88,T4,구조검사 통과 시 유지,,10.839532412327312,18.98,P4,회귀검사 통과 시 유지
ABF-328,사진 대조 1차 교정본,124,"00:27:58,610 --> 00:27:59,150",0.54,뭐?,역시 안쪽 자극받는 거 좋아하네.,안쪽을 계속 비비고 있잖아.,중립·혼합형,sub_0124_1678.6s.jpg,0.01,,,25.0,90.0,50.0,78.0,75.0,0.23308,0.0,66.0,0.0,0.0,0.3026,뭐? 아침에 졸려? 하고 바로…,뭐? 아침부터 졸리다고 해 놓고…,사진 장면 확인 및 한국어 번역투·ASR 오역 교정,24.85,T4,구조검사 통과 시 유지,,10.73326248671626,18.92,P4,회귀검사 통과 시 유지
ABF-328,사진 대조 1차 교정본,584,"01:21:19,780 --> 01:21:21,080",1.3,"- 아무 말도 안 했어?
- 응.","- 뭐라고 했어?
- 아무 말도 안 했어.",그래.,반응형,sub_0584_4879.8s.jpg,0.02,,,25.0,90.0,72.0,78.0,75.0,0.22876,0.0,66.0,0.0,0.0,0.2775,들어가는 순간에는 아무 말도 안 하네요.,들어가는 순간엔 아무 말도 안 하네요.,한국어 호흡 교정,24.67,T4,구조검사 통과 시 유지,,10.626992561105206,18.77,P4,회귀검사 통과 시 유지
ABF-328,사진 대조 1차 교정본,813,"02:00:09,560 --> 02:00:23,290",13.73,으으음…,넘칠 것 같아.,으음…,반응형,sub_0813_7209.6s.jpg,0.04,,,25.0,90.0,50.0,78.0,75.0,0.22845,0.0,66.0,0.0,0.0,0.3694,으으음...,으으음…,,24.66,T4,구조검사 통과 시 유지,,10.520722635494154,18.72,P4,회귀검사 통과 시 유지
ABF-328,사진 대조 1차 교정본,801,"01:56:42,990 --> 01:57:01,070",18.08,으으음…,안 돼…,으음…,반응형,sub_0801_7003.0s.jpg,0.01,,,25.0,90.0,50.0,78.0,75.0,0.22805,0.0,66.0,0.0,0.0,0.3694,으으음...,으으음…,,24.64,T4,구조검사 통과 시 유지,,10.414452709883102,18.67,P4,회귀검사 통과 시 유지
ABF-328,사진 대조 1차 교정본,288,"00:48:42,820 --> 00:48:43,780",0.96,정말…,으음.,뭐 하는 거야!,중립·혼합형,sub_0288_2922.8s.jpg,0.02,,,25.0,90.0,50.0,78.0,75.0,0.22779,0.0,66.0,0.0,0.0,0.192,정말.,정말…,일본어 원문 대조 + 자연스러운 한국어 대사 교정,24.63,T4,구조검사 통과 시 유지,,10.30818278427205,18.61,P4,회귀검사 통과 시 유지
ABF-328,사진 대조 1차 교정본,799,"01:56:07,040 --> 01:56:12,720",5.68,으윽…,"아, 잠깐… 뭐야…",안 돼…,반응형,sub_0799_6967.0s.jpg,0.04,,,25.0,90.0,50.0,78.0,75.0,0.2269,0.0,66.0,0.0,0.0,0.2267,으윽...,으윽…,,24.59,T4,구조검사 통과 시 유지,,10.201912858660998,18.55,P4,회귀검사 통과 시 유지
ABF-328,사진 대조 1차 교정본,528,"01:15:28,820 --> 01:15:29,460",0.64,으음.,그만 좀 세워.,"대체 이게 뭐야, 정말.",반응형,sub_0528_4528.8s.jpg,0.02,,,25.0,90.0,50.0,78.0,75.0,0.22503,0.0,66.0,0.0,0.0,0.4764,으음...,으음…,,24.51,T4,구조검사 통과 시 유지,,10.095642933049948,18.46,P4,회귀검사 통과 시 유지
ABF-328,사진 대조 1차 교정본,312,"00:50:32,880 --> 00:50:33,200",0.32,괜찮아?,이제 통화 끝났어.,왜 통화 중에 그런 짓을 한 거야?,반응형,sub_0312_3032.9s.jpg,0.02,,,25.0,90.0,50.0,78.0,75.0,0.22389,0.0,66.0,0.0,0.0,0.5365,더 해줘도 돼? 더 해줘. 괜찮아?,더 해 줘도 돼? 더 해 줘. 괜찮아?,,24.46,T4,구조검사 통과 시 유지,,9.989373007438896,18.38,P4,회귀검사 통과 시 유지
ABF-328,사진 대조 1차 교정본,9,"00:01:05,110 --> 00:01:09,890",4.78,"큰일이네. 하나도 모르겠어.
어떡하지?","다음 주 중요한 현장에 쓸 자료를
어제 스즈모리와 둘이 야근하며 만들었지.",'어디까지 했더라? 좀 제대로 해.',반응형,sub_0009_65.1s.jpg,0.01,내레이션 호흡 정리,높음,25.0,90.0,50.0,78.0,75.0,0.6176,0.0,22.0,0.0,0.0,0.294,큰일이네요.,이러다 갈 것 같아요.,사진 장면 확인 및 한국어 번역투·ASR 오역 교정,24.45,T4,구조검사 통과 시 유지,,9.883103081827842,18.33,P4,회귀검사 통과 시 유지
ABF-328,사진 대조 1차 교정본,16,"00:01:54,790 --> 00:02:01,930",7.14,"그러다 스즈모리 집에서 작업하다
나도 모르게 잠들었나 보다.","나는 집이 멀었고 스즈모리 집은 가까워
그 집에서 계속 작업하기로 했다.","와, 하나도 안 끝났네.",중립·혼합형,sub_0016_114.8s.jpg,0.01,내레이션 자연화,높음,25.0,90.0,50.0,92.0,75.0,0.61385,0.0,22.0,0.0,0.0,0.5063,그러다 스즈모리 집에서 작업하다가 어느새 잠든 건가.,그러다 스즈모리 집에서 작업하다 나도 모르게 잠들었나 보다.,내레이션 자연화,24.34,T4,구조검사 통과 시 유지,,9.723698193411265,18.2,P4,회귀검사 통과 시 유지
ABF-328,사진 대조 1차 교정본,616,"01:22:31,000 --> 01:22:31,640",0.64,으음.,으음.,으음.,반응형,sub_0616_4951.0s.jpg,0.0,,,25.0,90.0,50.0,78.0,75.0,0.16371,0.0,66.0,0.0,30.0,0.4764,으음...,으음…,,24.34,T4,구조검사 통과 시 유지,triple_identical_run,9.723698193411265,18.2,P4,회귀검사 통과 시 유지
ABF-328,사진 대조 1차 교정본,206,"00:37:07,800 --> 00:37:09,860",2.06,잠깐만…!,나 진짜 한계야!,왜 멋대로 안에 싸는 거야?!,반응형,sub_0206_2227.8s.jpg,0.0,,,25.0,90.0,50.0,78.0,75.0,0.21892,0.0,66.0,0.0,0.0,0.5071,잠깐만…,나만 벗는 거야?,일본어 원문 + 타임스탬프 사진 + 장면 연속성,24.25,T4,구조검사 통과 시 유지,,9.51115834218916,18.06,P4,회귀검사 통과 시 유지
ABF-328,사진 대조 1차 교정본,883,"02:15:10,540 --> 02:15:11,100",0.56,응.,내일 연락드리면 되겠지 뭐.,무슨 일이었을까.,반응형,sub_0883_8110.5s.jpg,0.04,,,25.0,90.0,50.0,78.0,75.0,0.21873,0.0,66.0,0.0,0.0,0.4695,"하-, 응.",하아… 응.,,24.25,T4,구조검사 통과 시 유지,,9.51115834218916,18.06,P4,회귀검사 통과 시 유지
ABF-328,사진 대조 1차 교정본,93,"00:26:07,950 --> 00:26:08,670",0.72,깼어?,뭐?,응?,반응형,sub_0093_1568.0s.jpg,0.05,,,25.0,90.0,50.0,78.0,75.0,0.21635,0.0,66.0,0.0,0.0,0.2822,깼어...,깼어…,,24.15,T4,구조검사 통과 시 유지,,9.24548352816153,17.89,P4,회귀검사 통과 시 유지
ABF-328,사진 대조 1차 교정본,240,"00:40:18,580 --> 00:40:18,980",0.4,네.,"네, 그렇습니다.",죄송합니다.,반말형,sub_0240_2418.6s.jpg,0.02,,,25.0,90.0,50.0,78.0,75.0,0.13994,9.86,66.0,0.0,18.0,0.7322,"네, 네.",네.,불필요한 반복 제거,24.15,T4,구조검사 통과 시 유지,formality_shift,9.24548352816153,17.89,P4,회귀검사 통과 시 유지
ABF-328,사진 대조 1차 교정본,391,"00:59:18,940 --> 00:59:19,220",0.28,음.,이게 두 개나 있길래.,요리?,중립·혼합형,sub_0391_3558.9s.jpg,0.04,,,25.0,90.0,50.0,78.0,75.0,0.21645,0.0,66.0,0.0,0.0,0.4046,음...,음…,,24.15,T4,구조검사 통과 시 유지,,9.24548352816153,17.89,P4,회귀검사 통과 시 유지
ABF-328,사진 대조 1차 교정본,532,"01:15:39,400 --> 01:15:43,160",3.76,"- 아, 기분 좋아.
- 다 좋아?",계속 팽팽하게 서 있잖아.,"- 기분 좋아.
- 직접 닿는 게 좋아.",반응형,sub_0532_4539.4s.jpg,0.0,,,25.0,90.0,72.0,78.0,75.0,0.21567,0.0,66.0,0.0,0.0,0.6144,기분 좋아.,"아, 좋아.",화면 영문 자막 대조,24.12,T4,구조검사 통과 시 유지,,9.032943676939425,17.78,P4,회귀검사 통과 시 유지
ABF-328,사진 대조 1차 교정본,260,"00:43:45,090 --> 00:43:48,110",3.02,메모요?,네.,잠시만 기다려 주십시오.,중립·혼합형,sub_0260_2625.1s.jpg,0.01,,,25.0,90.0,50.0,78.0,75.0,0.21546,0.0,66.0,0.0,0.0,0.081,"네, 메가.","네, 괜찮아요.",타임스탬프 사진과 앞뒤 장면으로 대사 기능 복원,24.11,T4,구조검사 통과 시 유지,,8.926673751328375,17.73,P4,회귀검사 통과 시 유지
ABF-328,사진 대조 1차 교정본,203,"00:36:58,520 --> 00:37:02,040",3.52,"- 못 참겠어?
- 안 돼, 안에 싸지 마!","- 더 하고 싶다는 거야?
- 아니, 그런 뜻이 아니야.","- 진짜 한계야.
- 참아. 절대 싸지 마!",반말형,sub_0203_2218.5s.jpg,0.02,,,25.0,90.0,72.0,78.0,75.0,0.21503,0.0,66.0,0.0,0.0,0.2296,못 울겠어?,목이 막혀?,사진 장면 확인 및 한국어 번역투·ASR 오역 교정,24.09,T4,구조검사 통과 시 유지,,8.820403825717323,17.68,P4,회귀검사 통과 시 유지
ABF-328,사진 대조 1차 교정본,393,"00:59:20,820 --> 00:59:21,140",0.32,응.,요리?,그거 말이야?,반응형,sub_0393_3560.8s.jpg,0.02,,,25.0,90.0,50.0,78.0,75.0,0.21476,0.0,66.0,0.0,0.0,0.4695,"하-, 응.",하아… 응.,,24.08,T4,구조검사 통과 시 유지,,8.71413390010627,17.63,P4,회귀검사 통과 시 유지
ABF-328,사진 대조 1차 교정본,807,"01:58:40,050 --> 01:58:41,390",1.34,좋아?,기분 좋아?,"아, 나 싸 버릴 것 같아.",반응형,sub_0807_7120.1s.jpg,0.05,,,25.0,90.0,50.0,78.0,75.0,0.21377,0.0,66.0,0.0,0.0,0.6171,안쪽이 좋아?,안쪽도 좋아?,일본어 원문 대조 + 자연스러운 한국어 대사 교정,24.04,T4,구조검사 통과 시 유지,,8.607863974495219,17.56,P4,회귀검사 통과 시 유지
ABF-328,사진 대조 1차 교정본,271,"00:47:15,030 --> 00:47:16,290",1.26,맞습니다.,네.,죄송합니다.,존댓말형,sub_0271_2835.0s.jpg,0.03,,,25.0,90.0,50.0,78.0,75.0,0.21333,0.0,66.0,0.0,0.0,0.2728,좋습니다.,좋아요.,,24.02,T4,구조검사 통과 시 유지,,8.501594048884167,17.5,P4,회귀검사 통과 시 유지
ABF-328,사진 대조 1차 교정본,937,"02:42:33,180 --> 02:42:37,660",4.48,축하해!,그러고 다시 돌아오면 돼.,이제 남은 것도 거의 끝났어.,반말형,sub_0937_9753.2s.jpg,0.02,,,25.0,90.0,50.0,78.0,75.0,0.21102,0.0,66.0,0.0,0.0,0.4358,축하해.,기대된다.,사진 장면 확인 및 한국어 번역투·ASR 오역 교정,23.92,T4,구조검사 통과 시 유지,,8.395324123273113,17.4,P4,회귀검사 통과 시 유지
ABF-328,사진 대조 1차 교정본,913,"02:28:07,760 --> 02:28:09,160",1.4,응?,응?,윽.,반응형,sub_0913_8887.8s.jpg,0.04,,,25.0,90.0,50.0,78.0,75.0,0.20683,0.0,66.0,0.0,0.0,0.4033,응? 잠깐 기다려…,응? 잠깐만…,일본어 원문 대조 + 자연스러운 한국어 대사 교정,23.75,T4,구조검사 통과 시 유지,,8.289054197662061,17.26,P4,회귀검사 통과 시 유지
ABF-328,사진 대조 1차 교정본,256,"00:42:50,350 --> 00:42:50,510",0.16,네?,죄송합니다. 정말 죄송합니다.,"아, 죄송합니다! 아무것도 아닙니다.",반말형,sub_0256_2570.3s.jpg,0.05,,,25.0,90.0,50.0,78.0,75.0,0.13968,0.0,66.0,0.0,35.0,0.2831,진짜네?,진짜?,일본어 원문 대조 + 자연스러운 한국어 대사 교정,23.73,T4,구조검사 통과 시 유지,formality_jump,8.182784272051009,17.2,P4,회귀검사 통과 시 유지
ABF-328,사진 대조 1차 교정본,872,"02:14:46,940 --> 02:14:47,220",0.28,응.,뭐?,대체 진짜…,반응형,sub_0872_8086.9s.jpg,0.04,,,25.0,90.0,50.0,78.0,75.0,0.20571,0.0,66.0,0.0,0.0,0.4695,"하-, 응.",하아… 응.,,23.7,T4,구조검사 통과 시 유지,,8.076514346439957,17.14,P4,회귀검사 통과 시 유지
ABF-328,사진 대조 1차 교정본,13,"00:01:36,230 --> 00:01:39,670",3.44,"결국 일을 끝내지 못한 채
회사 문을 닫을 시간이 됐고,","이게 맞아? 응, 맞아.",둘 다 막차까지 놓쳐 버렸다.,반말형,sub_0013_96.2s.jpg,0.03,내레이션 연결 자연화,높음,25.0,90.0,50.0,92.0,75.0,0.59218,0.0,22.0,0.0,0.0,0.4439,결국 일을 못 끝냈고 회사 문 닫을 시간까지 됐어.,"결국 일을 끝내지 못한 채 회사 문을 닫을 시간이 됐고,",내레이션 연결 자연화,23.68,T4,구조검사 통과 시 유지,,7.863974495217853,17.04,P4,회귀검사 통과 시 유지
ABF-328,사진 대조 1차 교정본,862,"02:14:06,700 --> 02:14:07,280",0.58,아니.,싸 버릴 것 같아?,안 나와?,반응형,sub_0862_8046.7s.jpg,0.0,,,25.0,90.0,50.0,78.0,75.0,0.20518,0.0,66.0,0.0,0.0,0.1186,"아니, 그런 뜻이 아니라...","아니, 그런 뜻이 아니라…",,23.68,T4,구조검사 통과 시 유지,,7.863974495217853,17.04,P4,회귀검사 통과 시 유지
ABF-328,사진 대조 1차 교정본,901,"02:19:10,090 --> 02:19:11,070",0.98,으음.,으음.,응?,반응형,sub_0901_8350.1s.jpg,0.01,,,25.0,90.0,50.0,78.0,75.0,0.20535,0.0,66.0,0.0,0.0,0.4764,으음...,으음…,,23.68,T4,구조검사 통과 시 유지,,7.863974495217853,17.04,P4,회귀검사 통과 시 유지
ABF-328,사진 대조 1차 교정본,204,"00:37:03,500 --> 00:37:05,720",2.22,"- 진짜 한계야.
- 참아. 절대 싸지 마!","- 못 참겠어?
- 안 돼, 안에 싸지 마!",나 진짜 한계야!,반말형,sub_0204_2223.5s.jpg,0.0,,,25.0,90.0,72.0,78.0,75.0,0.20498,0.0,66.0,0.0,0.0,0.217,절대 귀엽잖아.,분명 귀여울 텐데.,,23.67,T4,구조검사 통과 시 유지,,7.65143464399575,16.94,P4,회귀검사 통과 시 유지
ABF-328,사진 대조 1차 교정본,563,"01:19:02,760 --> 01:19:03,260",0.5,처음이거든!,해 본 적 있지?,처음이라면서 어쩜 이렇게 자연스럽게 잘해?,중립·혼합형,sub_0563_4742.8s.jpg,0.04,,,25.0,90.0,50.0,78.0,75.0,0.2042,0.0,66.0,0.0,0.0,0.2124,해보는 거 처음이야?,해 보는 거 처음이야?,,23.64,T4,구조검사 통과 시 유지,,7.545164718384697,16.88,P4,회귀검사 통과 시 유지
ABF-328,사진 대조 1차 교정본,270,"00:47:02,010 --> 00:47:02,630",0.62,네.,"아, 그렇군요.",맞습니다.,반말형,sub_0270_2822.0s.jpg,0.01,,,25.0,90.0,50.0,78.0,75.0,0.12369,9.86,66.0,0.0,18.0,0.7322,"네, 네.",네.,불필요한 반복 제거,23.47,T4,구조검사 통과 시 유지,formality_shift,7.438894792773645,16.74,P4,회귀검사 통과 시 유지
ABF-328,사진 대조 1차 교정본,871,"02:14:45,120 --> 02:14:45,720",0.6,뭐?,전화 한 번 확인해 볼게.,응.,중립·혼합형,sub_0871_8085.1s.jpg,0.02,,,25.0,90.0,50.0,78.0,75.0,0.19873,0.0,66.0,0.0,0.0,0.3026,뭐? 아침에 졸려? 하고 바로…,뭐? 아침부터 졸리다고 해 놓고…,사진 장면 확인 및 한국어 번역투·ASR 오역 교정,23.41,T4,구조검사 통과 시 유지,,7.332624867162593,16.66,P4,회귀검사 통과 시 유지
ABF-328,사진 대조 1차 교정본,336,"00:51:39,680 --> 00:51:39,860",0.18,응.,계속해 줘.,"아, 싸 버릴 것 같아.",반응형,sub_0336_3099.7s.jpg,0.02,,,25.0,90.0,50.0,78.0,75.0,0.1983,0.0,66.0,0.0,0.0,0.4695,"하-, 응.",하아… 응.,,23.39,T4,구조검사 통과 시 유지,,7.226354941551541,16.6,P4,회귀검사 통과 시 유지
ABF-328,사진 대조 1차 교정본,403,"00:59:39,270 --> 00:59:39,470",0.2,앗!,앗!,"잠깐, 잠깐만!",반응형,sub_0403_3579.3s.jpg,0.03,,,25.0,90.0,50.0,78.0,75.0,0.19792,0.0,66.0,0.0,0.0,0.378,먹어줬으면 해서... 앗!,먹어줬으면 해서… 앗!,,23.37,T4,구조검사 통과 시 유지,,7.1200850159404885,16.55,P4,회귀검사 통과 시 유지
ABF-328,사진 대조 1차 교정본,586,"01:21:22,000 --> 01:21:22,140",0.14,응.,그래.,라면 국물 묻어서 더러워졌으니까 닦아준 거야.,반응형,sub_0586_4882.0s.jpg,0.0,,,25.0,90.0,50.0,78.0,75.0,0.19688,0.0,66.0,0.0,0.0,0.4695,"하-, 응.",하아… 응.,,23.33,T4,구조검사 통과 시 유지,,7.0138150903294365,16.48,P4,회귀검사 통과 시 유지
ABF-328,사진 대조 1차 교정본,171,"00:32:39,460 --> 00:32:39,900",0.44,왜?,오?,제대로 말을 안 하면 모르잖아.,중립·혼합형,sub_0171_1959.5s.jpg,0.04,,,25.0,90.0,50.0,78.0,75.0,0.19664,0.0,66.0,0.0,0.0,0.301,괜찮으려나? 왜? 잘 닦이고 있나?,괜찮으려나? 왜? 잘 닦이고 있어?,일본어 원문 대조 + 자연스러운 한국어 대사 교정,23.32,T4,구조검사 통과 시 유지,,6.8544102019128585,16.4,P4,회귀검사 통과 시 유지
ABF-328,사진 대조 1차 교정본,287,"00:48:41,740 --> 00:48:42,220",0.48,으음.,아…,정말…,반응형,sub_0287_2921.7s.jpg,0.04,,,25.0,90.0,50.0,78.0,75.0,0.19669,0.0,66.0,0.0,0.0,0.4764,으음...,으음…,,23.32,T4,구조검사 통과 시 유지,,6.8544102019128585,16.4,P4,회귀검사 통과 시 유지
ABF-328,사진 대조 1차 교정본,348,"00:52:46,490 --> 00:52:51,830",5.34,으…,후후.,"그래, 거기가 좋아.",반응형,sub_0348_3166.5s.jpg,0.01,,,25.0,90.0,50.0,78.0,75.0,0.19585,0.0,66.0,0.0,0.0,0.0808,"으음, 으음...","으음, 으음…",,23.29,T4,구조검사 통과 시 유지,,6.69500531349628,16.32,P4,회귀검사 통과 시 유지
ABF-328,사진 대조 1차 교정본,594,"01:21:46,780 --> 01:21:46,960",0.18,응?,뭐 하는 거야?,뭐 하냐고.,반응형,sub_0594_4906.8s.jpg,0.02,,,25.0,90.0,50.0,78.0,75.0,0.19417,0.0,66.0,0.0,0.0,0.4033,응? 잠깐 기다려…,응? 잠깐만…,일본어 원문 대조 + 자연스러운 한국어 대사 교정,23.22,T4,구조검사 통과 시 유지,,6.588735387885228,16.23,P4,회귀검사 통과 시 유지
ABF-328,사진 대조 1차 교정본,91,"00:25:59,850 --> 00:26:00,990",1.14,으음…,으음…,뭐?,반응형,sub_0091_1559.8s.jpg,0.05,,,25.0,90.0,50.0,78.0,75.0,0.19347,0.0,66.0,0.0,0.0,0.2458,"으음, 으음...","으음, 으음…",,23.19,T4,구조검사 통과 시 유지,,6.482465462274177,16.17,P4,회귀검사 통과 시 유지
ABF-328,사진 대조 1차 교정본,630,"01:24:03,280 --> 01:24:04,980",1.7,아프잖아!,"아, 속옷 살짝 찢어졌네.",왜 그래?,반응형,sub_0630_5043.3s.jpg,0.02,,,25.0,90.0,50.0,78.0,75.0,0.1926,0.0,66.0,0.0,0.0,0.1429,"아프고, 아프고, 아프고.",아파… 아파…,일본어 원문 대조 + 자연스러운 한국어 대사 교정,23.15,T4,구조검사 통과 시 유지,,6.376195536663125,16.11,P4,회귀검사 통과 시 유지
ABF-328,사진 대조 1차 교정본,690,"01:32:32,540 --> 01:32:33,860",1.32,안 돼…,흘러넘칠 것 같아.,"안 돼, 안 돼!",중립·혼합형,sub_0690_5552.5s.jpg,0.04,,,25.0,90.0,50.0,78.0,75.0,0.19102,0.0,66.0,0.0,0.0,0.3591,지금 표정이 어때? 억지로 안 참아도 돼…,지금 표정이 어때? 억지로 참지 않아도 돼.,반복 표현과 어순 교정,23.08,T4,구조검사 통과 시 유지,,6.269925611052073,16.02,P4,회귀검사 통과 시 유지
ABF-328,사진 대조 1차 교정본,533,"01:15:43,500 --> 01:15:48,240",4.74,"- 기분 좋아.
- 직접 닿는 게 좋아.","- 아, 기분 좋아.
- 다 좋아?","- 직접? 맨살이 좋아?
- 응.",반말형,sub_0533_4543.5s.jpg,0.0,,,25.0,90.0,72.0,78.0,75.0,0.18923,0.0,66.0,0.0,0.0,0.6152,기분 좋아.,"아, 좋아.",화면 영문 자막 대조,23.01,T4,구조검사 통과 시 유지,,6.163655685441021,15.93,P4,회귀검사 통과 시 유지
ABF-328,사진 대조 1차 교정본,814,"02:00:23,290 --> 02:00:27,390",4.1,으음…,으으음…,스즈모리…,반응형,sub_0814_7223.3s.jpg,0.01,,,25.0,90.0,50.0,78.0,75.0,0.18718,0.0,66.0,0.0,0.0,0.2458,"으음, 으음...","으음, 으음…",,22.92,T4,구조검사 통과 시 유지,,6.057385759829968,15.84,P4,회귀검사 통과 시 유지
ABF-328,사진 대조 1차 교정본,757,"01:43:05,830 --> 01:43:08,590",2.76,"- 기분 좋아?
- 응, 너무 좋아.",기분 좋아…,응.,반응형,sub_0757_6185.8s.jpg,0.03,,,25.0,90.0,72.0,78.0,75.0,0.18694,0.0,66.0,0.0,0.0,0.5658,기분 좋아.,"아, 좋아.",화면 영문 자막 대조,22.91,T4,구조검사 통과 시 유지,,5.951115834218916,15.79,P4,회귀검사 통과 시 유지
ABF-328,사진 대조 1차 교정본,480,"01:09:45,480 --> 01:09:47,000",1.52,뭐?,난 탄멘 먹었어.,음.,중립·혼합형,sub_0480_4185.5s.jpg,0.02,,,25.0,90.0,50.0,78.0,75.0,0.18589,0.0,66.0,0.0,0.0,0.3026,뭐? 아침에 졸려? 하고 바로…,뭐? 아침부터 졸리다고 해 놓고…,사진 장면 확인 및 한국어 번역투·ASR 오역 교정,22.87,T4,구조검사 통과 시 유지,,5.791710945802338,15.7,P4,회귀검사 통과 시 유지
ABF-328,사진 대조 1차 교정본,900,"02:18:39,480 --> 02:18:40,880",1.4,으음.,하하하.,으음.,반응형,sub_0900_8319.5s.jpg,0.02,,,25.0,90.0,50.0,78.0,75.0,0.18607,0.0,66.0,0.0,0.0,0.4764,으음...,으음…,,22.87,T4,구조검사 통과 시 유지,,5.791710945802338,15.7,P4,회귀검사 통과 시 유지
ABF-328,사진 대조 1차 교정본,804,"01:57:05,650 --> 01:57:07,470",1.82,우웩!,우웩!,손으로도 해 줄게…,중립·혼합형,sub_0804_7025.6s.jpg,0.05,,,25.0,90.0,50.0,78.0,75.0,0.18581,0.0,66.0,0.0,0.0,0.0773,우와~!,우와…!,,22.86,T4,구조검사 통과 시 유지,,5.63230605738576,15.62,P4,회귀검사 통과 시 유지
ABF-328,사진 대조 1차 교정본,623,"01:23:01,960 --> 01:23:03,000",1.04,기다리라니까!,"그만, 기다려봐.","아니, 이제 안 기다려도 되긴 하지만…",중립·혼합형,sub_0623_4982.0s.jpg,0.04,,,25.0,90.0,50.0,78.0,75.0,0.18456,0.0,66.0,0.0,0.0,0.1577,기다리고 있겠습니다.,잠깐만 기다려.,장면에 맞지 않는 격식체를 교정,22.81,T4,구조검사 통과 시 유지,,5.526036131774708,15.55,P4,회귀검사 통과 시 유지
ABF-328,사진 대조 1차 교정본,88,"00:25:39,300 --> 00:25:40,780",1.48,으음…,방금 뭐라고 했어?,뭐라고 했냐니까?,반응형,sub_0088_1539.3s.jpg,0.0,,,25.0,90.0,50.0,78.0,75.0,0.18214,0.0,66.0,0.0,0.0,0.2458,"으음, 으음...","으음, 으음…",,22.71,T4,구조검사 통과 시 유지,,5.419766206163656,15.45,P4,회귀검사 통과 시 유지
ABF-328,사진 대조 1차 교정본,481,"01:09:48,980 --> 01:09:49,480",0.5,음.,뭐?,탄멘 맛이 나?,중립·혼합형,sub_0481_4189.0s.jpg,0.02,,,25.0,90.0,50.0,78.0,75.0,0.18118,0.0,66.0,0.0,0.0,0.4046,음...,음…,,22.67,T4,구조검사 통과 시 유지,,5.313496280552603,15.38,P4,회귀검사 통과 시 유지
ABF-328,사진 대조 1차 교정본,112,"00:27:16,530 --> 00:27:16,750",0.22,응.,내가 움직이라고?,"대체 뭐야, 정말.",반응형,sub_0112_1636.5s.jpg,0.03,,,25.0,90.0,50.0,78.0,75.0,0.18065,0.0,66.0,0.0,0.0,0.4695,"하-, 응.",하아… 응.,,22.65,T4,구조검사 통과 시 유지,,5.207226354941551,15.32,P4,회귀검사 통과 시 유지
ABF-328,사진 대조 1차 교정본,147,"00:30:31,780 --> 00:30:31,960",0.18,뭐?,옷이 거슬리네.,옷 때문에 방해돼.,중립·혼합형,sub_0147_1831.8s.jpg,0.02,,,25.0,90.0,50.0,78.0,75.0,0.17869,0.0,66.0,0.0,0.0,0.3026,뭐? 아침에 졸려? 하고 바로…,뭐? 아침부터 졸리다고 해 놓고…,사진 장면 확인 및 한국어 번역투·ASR 오역 교정,22.56,T4,구조검사 통과 시 유지,,5.100956429330499,15.23,P4,회귀검사 통과 시 유지
ABF-328,사진 대조 1차 교정본,680,"01:30:51,900 --> 01:30:52,600",0.7,어때?,이 자세도 괜찮아?,갈 수 있을 것 같아?,반응형,sub_0680_5451.9s.jpg,0.0,,,25.0,90.0,50.0,78.0,75.0,0.176,0.43,66.0,0.0,0.0,0.6536,어때? 맛은?,어때? 맛 평가해 줘.,일본어 원문 대조 + 자연스러운 한국어 대사 교정,22.53,T4,구조검사 통과 시 유지,,4.994686503719448,15.17,P4,회귀검사 통과 시 유지
ABF-328,사진 대조 1차 교정본,258,"00:43:06,500 --> 00:43:18,620",12.12,죄송합니다…,"아, 죄송합니다! 아무것도 아닙니다.",네.,존댓말형,sub_0258_2586.5s.jpg,0.0,,,25.0,90.0,50.0,78.0,75.0,0.17667,0.0,66.0,0.0,0.0,0.5029,죄송합니다...,죄송합니다…,,22.48,T4,구조검사 통과 시 유지,,4.888416578108395,15.09,P4,회귀검사 통과 시 유지
ABF-328,사진 대조 1차 교정본,860,"02:14:04,200 --> 02:14:04,780",0.58,왜?,응?,싸 버릴 것 같아?,중립·혼합형,sub_0860_8044.2s.jpg,0.0,,,25.0,90.0,50.0,78.0,75.0,0.17316,0.0,66.0,0.0,0.0,0.301,괜찮으려나? 왜? 잘 닦이고 있나?,괜찮으려나? 왜? 잘 닦이고 있어?,일본어 원문 대조 + 자연스러운 한국어 대사 교정,22.33,T4,구조검사 통과 시 유지,,4.782146652497343,14.96,P4,회귀검사 통과 시 유지
ABF-328,사진 대조 1차 교정본,392,"00:59:19,900 --> 00:59:20,540",0.64,요리?,음.,응.,중립·혼합형,sub_0392_3559.9s.jpg,0.0,,,25.0,90.0,50.0,78.0,75.0,0.17291,0.0,66.0,0.0,0.0,0.1531,후와 씨는 요리를 자주 해요?,후우아 씨는 요리를 자주 해요?,출연자 이름 오인식 교정,22.32,T4,구조검사 통과 시 유지,,4.675876726886291,14.91,P4,회귀검사 통과 시 유지
ABF-328,사진 대조 1차 교정본,795,"01:52:33,470 --> 01:52:34,870",1.4,응?,응?,아직 더…,반응형,sub_0795_6753.5s.jpg,0.03,,,25.0,90.0,50.0,78.0,75.0,0.17111,0.0,66.0,0.0,0.0,0.4033,응? 잠깐 기다려…,응? 잠깐만…,일본어 원문 대조 + 자연스러운 한국어 대사 교정,22.25,T4,구조검사 통과 시 유지,,4.569606801275238,14.82,P4,회귀검사 통과 시 유지
ABF-328,사진 대조 1차 교정본,791,"01:51:59,860 --> 01:52:00,880",1.02,응?,응?,응?,반응형,sub_0791_6719.9s.jpg,0.04,,,25.0,90.0,50.0,78.0,75.0,0.11296,0.0,66.0,0.0,30.0,0.4033,응? 잠깐 기다려…,응? 잠깐만…,일본어 원문 대조 + 자연스러운 한국어 대사 교정,22.2,T4,구조검사 통과 시 유지,triple_identical_run,4.463336875664187,14.75,P4,회귀검사 통과 시 유지
ABF-328,사진 대조 1차 교정본,792,"01:52:23,380 --> 01:52:24,780",1.4,응?,응?,응?,반응형,sub_0792_6743.4s.jpg,0.02,,,25.0,90.0,50.0,78.0,75.0,0.11187,0.0,66.0,0.0,30.0,0.4033,응? 잠깐 기다려…,응? 잠깐만…,일본어 원문 대조 + 자연스러운 한국어 대사 교정,22.16,T4,구조검사 통과 시 유지,triple_identical_run,4.357066950053135,14.68,P4,회귀검사 통과 시 유지
ABF-328,사진 대조 1차 교정본,389,"00:59:15,340 --> 00:59:15,660",0.32,뭐?,그런데 스즈모리 너 요리도 해?,이게 두 개나 있길래.,중립·혼합형,sub_0389_3555.3s.jpg,0.04,,,25.0,90.0,50.0,78.0,75.0,0.16721,0.0,66.0,0.0,0.0,0.3026,뭐? 아침에 졸려? 하고 바로…,뭐? 아침부터 졸리다고 해 놓고…,사진 장면 확인 및 한국어 번역투·ASR 오역 교정,22.08,T4,구조검사 통과 시 유지,,4.1976620616365565,14.57,P4,회귀검사 통과 시 유지
ABF-328,사진 대조 1차 교정본,693,"01:32:43,520 --> 01:32:44,160",0.64,기다려!,"아니, 그런 뜻이 아니라…","안 돼, 전부 묻어 버렸잖아!",중립·혼합형,sub_0693_5563.5s.jpg,0.02,,,25.0,90.0,50.0,78.0,75.0,0.16716,0.0,66.0,0.0,0.0,0.2474,기다려...,기다려…,,22.08,T4,구조검사 통과 시 유지,,4.1976620616365565,14.57,P4,회귀검사 통과 시 유지
ABF-328,사진 대조 1차 교정본,80,"00:25:08,250 --> 00:25:08,690",0.44,응?,뒤에서 하는 거 좋아해?,뒤에서…,반응형,sub_0080_1508.2s.jpg,0.05,,,25.0,90.0,50.0,78.0,75.0,0.16668,0.0,66.0,0.0,0.0,0.4033,응? 잠깐 기다려…,응? 잠깐만…,일본어 원문 대조 + 자연스러운 한국어 대사 교정,22.06,T4,구조검사 통과 시 유지,,4.038257173219979,14.49,P4,회귀검사 통과 시 유지
ABF-328,사진 대조 1차 교정본,802,"01:57:01,070 --> 01:57:03,210",2.14,으음…,으으음…,우웩!,반응형,sub_0802_7021.1s.jpg,0.03,,,25.0,90.0,50.0,78.0,75.0,0.16453,0.0,66.0,0.0,0.0,0.2458,"으음, 으음...","으음, 으음…",,21.97,T4,구조검사 통과 시 유지,,3.9319872476089266,14.39,P4,회귀검사 통과 시 유지
ABF-328,사진 대조 1차 교정본,739,"01:37:40,310 --> 01:37:40,690",0.38,응?,응?,응?,반응형,sub_0739_5860.3s.jpg,0.01,,,25.0,90.0,50.0,78.0,75.0,0.10702,0.0,66.0,0.0,30.0,0.4033,응? 잠깐 기다려…,응? 잠깐만…,일본어 원문 대조 + 자연스러운 한국어 대사 교정,21.96,T4,구조검사 통과 시 유지,triple_identical_run,3.825717321997875,14.34,P4,회귀검사 통과 시 유지
ABF-328,사진 대조 1차 교정본,408,"00:59:47,830 --> 00:59:48,110",0.28,응?,맛있다.,자료 어디 갔지?,반응형,sub_0408_3587.8s.jpg,0.03,,,25.0,90.0,50.0,78.0,75.0,0.16342,0.0,66.0,0.0,0.0,0.4033,응? 잠깐 기다려…,응? 잠깐만…,일본어 원문 대조 + 자연스러운 한국어 대사 교정,21.92,T4,구조검사 통과 시 유지,,3.7194473963868226,14.28,P4,회귀검사 통과 시 유지
ABF-328,사진 대조 1차 교정본,109,"00:27:13,670 --> 00:27:14,110",0.44,뭐?,네가 직접 움직여봐.,움직여 보라고.,중립·혼합형,sub_0109_1633.7s.jpg,0.03,,,25.0,90.0,50.0,78.0,75.0,0.16252,0.0,66.0,0.0,0.0,0.3026,뭐? 아침에 졸려? 하고 바로…,뭐? 아침부터 졸리다고 해 놓고…,사진 장면 확인 및 한국어 번역투·ASR 오역 교정,21.89,T4,구조검사 통과 시 유지,,3.6131774707757707,14.21,P4,회귀검사 통과 시 유지
ABF-328,사진 대조 1차 교정본,790,"01:51:49,060 --> 01:51:50,160",1.1,응?,응?,응?,반응형,sub_0790_6709.1s.jpg,0.04,,,25.0,90.0,50.0,78.0,75.0,0.10443,0.0,66.0,0.0,30.0,0.4033,응? 잠깐 기다려…,응? 잠깐만…,일본어 원문 대조 + 자연스러운 한국어 대사 교정,21.85,T4,구조검사 통과 시 유지,triple_identical_run,3.5069075451647183,14.15,P4,회귀검사 통과 시 유지
ABF-328,사진 대조 1차 교정본,859,"02:14:02,080 --> 02:14:02,280",0.2,응?,잘하고 있어.,왜?,반응형,sub_0859_8042.1s.jpg,0.02,,,25.0,90.0,50.0,78.0,75.0,0.16141,0.0,66.0,0.0,0.0,0.4033,응? 잠깐 기다려…,응? 잠깐만…,일본어 원문 대조 + 자연스러운 한국어 대사 교정,21.84,T4,구조검사 통과 시 유지,,3.4006376195536663,14.1,P4,회귀검사 통과 시 유지
ABF-328,사진 대조 1차 교정본,583,"01:21:17,840 --> 01:21:19,620",1.78,"- 뭐라고 했어?
- 아무 말도 안 했어.",응?,"- 아무 말도 안 했어?
- 응.",반말형,sub_0583_4877.8s.jpg,0.04,,,25.0,90.0,72.0,78.0,75.0,0.16074,0.0,66.0,0.0,0.0,0.313,뭐라고 하는 거야?,뭐라고 말해야 해?,일본어 원문 대조 + 자연스러운 한국어 대사 교정,21.81,T4,구조검사 통과 시 유지,,3.294367693942614,14.03,P4,회귀검사 통과 시 유지
ABF-328,사진 대조 1차 교정본,534,"01:15:50,380 --> 01:15:51,960",1.58,"- 직접? 맨살이 좋아?
- 응.","- 기분 좋아.
- 직접 닿는 게 좋아.","응, 맨살이 좋아.",반응형,sub_0534_4550.4s.jpg,0.02,,,25.0,90.0,72.0,78.0,75.0,0.16046,0.0,66.0,0.0,0.0,0.2476,안쪽이 좋아?,안쪽도 좋아?,일본어 원문 대조 + 자연스러운 한국어 대사 교정,21.8,T4,구조검사 통과 시 유지,,3.1880977683315623,13.98,P4,회귀검사 통과 시 유지
ABF-328,사진 대조 1차 교정본,590,"01:21:34,190 --> 01:21:37,810",3.62,"- 정말?
- 응.","응, 묻어 있었어.",응.,반응형,sub_0590_4894.2s.jpg,0.01,,,25.0,90.0,72.0,78.0,75.0,0.11494,10.53,66.0,0.0,0.0,0.7377,정말?,응.,일본어 원문 + 타임스탬프 사진 + 장면 연속성,21.78,T4,구조검사 통과 시 유지,,3.0818278427205104,13.93,P4,회귀검사 통과 시 유지
ABF-328,사진 대조 1차 교정본,150,"00:30:34,920 --> 00:30:35,160",0.24,뭐?,옷이 방해된다고?,안 벗을 거야.,중립·혼합형,sub_0150_1834.9s.jpg,0.02,,,25.0,90.0,50.0,78.0,75.0,0.15969,0.0,66.0,0.0,0.0,0.3026,뭐? 아침에 졸려? 하고 바로…,뭐? 아침부터 졸리다고 해 놓고…,사진 장면 확인 및 한국어 번역투·ASR 오역 교정,21.77,T4,구조검사 통과 시 유지,,2.975557917109458,13.88,P4,회귀검사 통과 시 유지
ABF-328,사진 대조 1차 교정본,580,"01:21:01,560 --> 01:21:03,800",2.24,"- 으음.
- 비밀이야.",진짜 제대로 집중해 봐.,방금 왜 그래?,반응형,sub_0580_4861.6s.jpg,0.04,,,25.0,90.0,72.0,78.0,75.0,0.15952,0.0,66.0,0.0,0.0,0.2255,으음...,으음…,,21.76,T4,구조검사 통과 시 유지,,2.869287991498406,13.83,P4,회귀검사 통과 시 유지
ABF-328,사진 대조 1차 교정본,794,"01:52:28,950 --> 01:52:29,270",0.32,응?,응?,응?,반응형,sub_0794_6748.9s.jpg,0.05,,,25.0,90.0,50.0,78.0,75.0,0.10186,0.0,66.0,0.0,30.0,0.4033,응? 잠깐 기다려…,응? 잠깐만…,일본어 원문 대조 + 자연스러운 한국어 대사 교정,21.74,T4,구조검사 통과 시 유지,triple_identical_run,2.763018065887354,13.77,P4,회귀검사 통과 시 유지
ABF-328,사진 대조 1차 교정본,92,"00:26:00,990 --> 00:26:01,150",0.16,뭐?,으음…,깼어?,중립·혼합형,sub_0092_1561.0s.jpg,0.01,,,25.0,90.0,50.0,78.0,75.0,0.15845,0.0,66.0,0.0,0.0,0.3026,뭐? 아침에 졸려? 하고 바로…,뭐? 아침부터 졸리다고 해 놓고…,사진 장면 확인 및 한국어 번역투·ASR 오역 교정,21.71,T4,구조검사 통과 시 유지,,2.6036131774707756,13.69,P4,회귀검사 통과 시 유지
ABF-328,사진 대조 1차 교정본,793,"01:52:28,330 --> 01:52:28,810",0.48,응?,응?,응?,반응형,sub_0793_6748.3s.jpg,0.03,,,25.0,90.0,50.0,78.0,75.0,0.10114,0.0,66.0,0.0,30.0,0.4033,응? 잠깐 기다려…,응? 잠깐만…,일본어 원문 대조 + 자연스러운 한국어 대사 교정,21.71,T4,구조검사 통과 시 유지,triple_identical_run,2.6036131774707756,13.69,P4,회귀검사 통과 시 유지
ABF-328,사진 대조 1차 교정본,163,"00:31:10,790 --> 00:31:11,150",0.36,응.,손으로 해달라는 거야?,움직이느라 피곤할까 봐.,반응형,sub_0163_1870.8s.jpg,0.01,,,25.0,90.0,50.0,78.0,75.0,0.15774,0.0,66.0,0.0,0.0,0.4695,"하-, 응.",하아… 응.,,21.68,T4,구조검사 통과 시 유지,,2.4442082890541976,13.6,P4,회귀검사 통과 시 유지
ABF-328,사진 대조 1차 교정본,741,"01:37:58,960 --> 01:37:59,680",0.72,응?,응?,응?,반응형,sub_0741_5879.0s.jpg,0.04,,,25.0,90.0,50.0,78.0,75.0,0.09931,0.0,66.0,0.0,30.0,0.4033,응? 잠깐 기다려…,응? 잠깐만…,일본어 원문 대조 + 자연스러운 한국어 대사 교정,21.63,T4,구조검사 통과 시 유지,triple_identical_run,2.3379383634431457,13.53,P4,회귀검사 통과 시 유지
ABF-328,사진 대조 1차 교정본,90,"00:25:41,200 --> 00:25:42,960",1.76,으음…,뭐라고 했냐니까?,으음…,반응형,sub_0090_1541.2s.jpg,0.0,,,25.0,90.0,50.0,78.0,75.0,0.15618,0.0,66.0,0.0,0.0,0.2458,"으음, 으음...","으음, 으음…",,21.62,T4,구조검사 통과 시 유지,,2.2316684378320937,13.48,P4,회귀검사 통과 시 유지
ABF-328,사진 대조 1차 교정본,250,"00:41:54,520 --> 00:41:54,880",0.36,뭐?,큰일 났어. 부장님 두 분한테 다 전화 왔다고.,아마 자료 때문일 거야.,중립·혼합형,sub_0250_2514.5s.jpg,0.02,,,25.0,90.0,50.0,78.0,75.0,0.14804,0.0,66.0,0.0,0.0,0.3026,뭐? 아침에 졸려? 하고 바로…,뭐? 아침부터 졸리다고 해 놓고…,사진 장면 확인 및 한국어 번역투·ASR 오역 교정,21.28,T4,구조검사 통과 시 유지,,2.1253985122210417,13.24,P4,회귀검사 통과 시 유지
ABF-328,사진 대조 1차 교정본,490,"01:10:49,970 --> 01:10:53,690",3.72,"- 소금 라면 먹었어?
- 안 먹었어!",왜 자꾸 맛보라고 해?,"- 조금 짜네.
- 정말 그만해.",반응형,sub_0490_4250.0s.jpg,0.03,,,25.0,90.0,72.0,78.0,75.0,0.14768,0.0,66.0,0.0,0.0,0.2773,그럼 오늘은 잘 먹었어.,그럼 오늘은 잘 먹었어요.,식사 후 인사말 자연화,21.26,T4,구조검사 통과 시 유지,,2.0191285866099893,13.18,P4,회귀검사 통과 시 유지
ABF-328,사진 대조 1차 교정본,758,"01:43:09,030 --> 01:43:09,190",0.16,응.,"- 기분 좋아?
- 응, 너무 좋아.",으음…,반응형,sub_0758_6189.0s.jpg,0.03,,,25.0,90.0,50.0,78.0,75.0,0.13705,0.0,66.0,0.0,0.0,0.4695,"하-, 응.",하아… 응.,,20.82,T4,구조검사 통과 시 유지,,1.9128586609989375,12.88,P4,회귀검사 통과 시 유지
ABF-328,사진 대조 1차 교정본,94,"00:26:08,970 --> 00:26:09,270",0.3,응?,깼어?,깼어…,반응형,sub_0094_1569.0s.jpg,0.03,,,25.0,90.0,50.0,78.0,75.0,0.13231,0.0,66.0,0.0,0.0,0.4033,응? 잠깐 기다려…,응? 잠깐만…,일본어 원문 대조 + 자연스러운 한국어 대사 교정,20.62,T4,구조검사 통과 시 유지,,1.8065887353878853,12.72,P4,회귀검사 통과 시 유지
ABF-328,사진 대조 1차 교정본,615,"01:22:26,840 --> 01:22:27,280",0.44,으음.,전혀 어쩔 수 없는 일 아니거든!,으음.,반응형,sub_0615_4946.8s.jpg,0.04,,,25.0,90.0,50.0,78.0,75.0,0.13159,0.0,66.0,0.0,0.0,0.4764,으음...,으음…,,20.59,T4,구조검사 통과 시 유지,,1.7003188097768331,12.66,P4,회귀검사 통과 시 유지
ABF-328,사진 대조 1차 교정본,176,"00:33:21,080 --> 00:33:21,560",0.48,뭐?,괜찮아?,더 느낄 것 같지?,중립·혼합형,sub_0176_2001.1s.jpg,0.02,,,25.0,90.0,50.0,78.0,75.0,0.13076,0.0,66.0,0.0,0.0,0.3026,뭐? 아침에 졸려? 하고 바로…,뭐? 아침부터 졸리다고 해 놓고…,사진 장면 확인 및 한국어 번역투·ASR 오역 교정,20.55,T4,구조검사 통과 시 유지,,1.5409139213602552,12.57,P4,회귀검사 통과 시 유지
ABF-328,사진 대조 1차 교정본,742,"01:38:00,740 --> 01:38:01,060",0.32,응?,응?,아까부터 계속 참고 있었단 말이야.,반응형,sub_0742_5880.7s.jpg,0.04,,,25.0,90.0,50.0,78.0,75.0,0.13061,0.0,66.0,0.0,0.0,0.4033,응? 잠깐 기다려…,응? 잠깐만…,일본어 원문 대조 + 자연스러운 한국어 대사 교정,20.55,T4,구조검사 통과 시 유지,,1.5409139213602552,12.57,P4,회귀검사 통과 시 유지
ABF-328,사진 대조 1차 교정본,591,"01:21:37,970 --> 01:21:38,370",0.4,응.,"- 정말?
- 응.",그런가? 안 더러웠던 것 같은데.,반응형,sub_0591_4898.0s.jpg,0.03,,,25.0,90.0,50.0,78.0,75.0,0.12799,0.0,66.0,0.0,0.0,0.4695,"하-, 응.",하아… 응.,,20.44,T4,구조검사 통과 시 유지,,1.381509032943677,12.44,P4,회귀검사 통과 시 유지
ABF-328,사진 대조 1차 교정본,402,"00:59:38,550 --> 00:59:39,070",0.52,앗!,빨리 감기.,앗!,반응형,sub_0402_3578.6s.jpg,0.05,,,25.0,90.0,50.0,78.0,75.0,0.12619,0.0,66.0,0.0,0.0,0.378,먹어줬으면 해서... 앗!,먹어줬으면 해서… 앗!,,20.36,T4,구조검사 통과 시 유지,,1.2752391073326248,12.34,P4,회귀검사 통과 시 유지
ABF-328,사진 대조 1차 교정본,867,"02:14:27,910 --> 02:14:28,710",0.8,응.,괜찮지?,좋아.,반응형,sub_0867_8067.9s.jpg,0.01,,,25.0,90.0,50.0,78.0,75.0,0.12536,0.0,66.0,0.0,0.0,0.4695,"하-, 응.",하아… 응.,,20.33,T4,구조검사 통과 시 유지,,1.1689691817215728,12.28,P4,회귀검사 통과 시 유지
ABF-328,사진 대조 1차 교정본,705,"01:34:19,170 --> 01:34:19,530",0.36,앗!,"그런데 이거, 아까 찾던 자료 아니야?",정말이네.,반응형,sub_0705_5659.2s.jpg,0.03,,,25.0,90.0,50.0,78.0,75.0,0.11873,0.0,66.0,0.0,0.0,0.378,먹어줬으면 해서... 앗!,먹어줬으면 해서… 앗!,,20.05,T4,구조검사 통과 시 유지,,1.0626992561105209,12.08,P4,회귀검사 통과 시 유지
ABF-328,사진 대조 1차 교정본,385,"00:59:05,820 --> 00:59:06,060",0.24,응.,맛있네.,그거 내가 제일 좋아하는 라면인데.,반응형,sub_0385_3545.8s.jpg,0.02,,,25.0,90.0,50.0,78.0,75.0,0.1164,0.0,66.0,0.0,0.0,0.4695,"하-, 응.",하아… 응.,,19.95,T4,구조검사 통과 시 유지,,0.9564293304994688,11.97,P4,회귀검사 통과 시 유지
ABF-328,사진 대조 1차 교정본,582,"01:21:16,780 --> 01:21:17,060",0.28,응?,방금 왜 그래?,"- 뭐라고 했어?
- 아무 말도 안 했어.",반응형,sub_0582_4876.8s.jpg,0.02,,,25.0,90.0,50.0,78.0,75.0,0.11211,0.0,66.0,0.0,0.0,0.4033,응? 잠깐 기다려…,응? 잠깐만…,일본어 원문 대조 + 자연스러운 한국어 대사 교정,19.77,T4,구조검사 통과 시 유지,,0.8501594048884166,11.82,P4,회귀검사 통과 시 유지
ABF-328,사진 대조 1차 교정본,765,"01:45:39,370 --> 01:45:41,370",2.0,으음…,기분 좋아.,갈 것 같아?,반응형,sub_0765_6339.4s.jpg,0.03,,,25.0,90.0,50.0,78.0,75.0,0.1078,0.0,66.0,0.0,0.0,0.2458,"으음, 으음...","으음, 으음…",,19.59,T4,구조검사 통과 시 유지,,0.7438894792773645,11.67,P4,회귀검사 통과 시 유지
ABF-328,사진 대조 1차 교정본,789,"01:51:43,990 --> 01:51:45,390",1.4,응?,"기다려, 기다려봐.",응?,반응형,sub_0789_6704.0s.jpg,0.01,,,25.0,90.0,50.0,78.0,75.0,0.10666,0.0,66.0,0.0,0.0,0.4033,응? 잠깐 기다려…,응? 잠깐만…,일본어 원문 대조 + 자연스러운 한국어 대사 교정,19.54,T4,구조검사 통과 시 유지,,0.6376195536663124,11.6,P4,회귀검사 통과 시 유지
ABF-328,사진 대조 1차 교정본,803,"01:57:03,210 --> 01:57:04,270",1.06,우웩!,으음…,우웩!,중립·혼합형,sub_0803_7023.2s.jpg,0.01,,,25.0,90.0,50.0,78.0,75.0,0.0837,0.0,66.0,0.0,0.0,0.0773,우와~!,우와…!,,18.58,T4,구조검사 통과 시 유지,,0.5313496280552604,11.0,P4,회귀검사 통과 시 유지
ABF-328,사진 대조 1차 교정본,365,"00:56:32,370 --> 00:56:33,410",1.04,"- 냄새 안 나?
- 아래!","아, 거기…",더 아래!,반응형,sub_0365_3392.4s.jpg,0.03,,,25.0,90.0,72.0,78.0,75.0,0.07943,0.0,66.0,0.0,0.0,0.2599,- 땀도 흘렸으니 슬슬 샤워하러 갈까? - 좋은 냄새 나는데? - 정수리 냄새 맡지 마. - 그럼 샤워하러 가자.,- 땀도 흘렸으니 슬슬 샤워하러 갈까? - 응. 정수리 냄새는 맡지 마.,4줄 대화를 2줄로 재배치,18.4,T4,구조검사 통과 시 유지,,0.4250797024442083,10.85,P4,회귀검사 통과 시 유지
ABF-328,사진 대조 1차 교정본,200,"00:36:43,340 --> 00:36:46,300",2.96,"- 큰일 났다…
- 뭐가 큰일인데?","어 조금, 건조한가 봐.",나 싸 버릴 것 같아.,중립·혼합형,sub_0200_2203.3s.jpg,0.04,두 화자 분리,높음,25.0,90.0,86.0,78.0,75.0,0.2812,18.06,22.0,0.0,0.0,0.8005,- 큰일 났다... - 뭐가 큰일인데?,- 큰일 났다… - 뭐가 큰일인데?,,16.62,T4,구조검사 통과 시 유지,,0.3188097768331562,9.77,P4,회귀검사 통과 시 유지
ABF-328,사진 대조 1차 교정본,35,"00:22:26,340 --> 00:22:27,660",1.32,"- 뭐 하냐고?
- 그냥 하자고.",손을 어디에 넣는 거야?,뭐? 무슨 짓이야?,중립·혼합형,sub_0035_1346.3s.jpg,0.04,두 화자 분리,높음,25.0,90.0,86.0,78.0,75.0,0.33193,0.0,22.0,0.0,0.0,0.1119,- 큰일 났다... - 뭐가 큰일인데?,- 큰일 났다… - 뭐가 큰일인데?,,15.81,T4,구조검사 통과 시 유지,,0.21253985122210414,9.26,P4,회귀검사 통과 시 유지
ABF-328,사진 대조 1차 교정본,494,"01:11:34,500 --> 01:11:36,760",2.26,"- 괜찮잖아.
- 뭐가 괜찮아?","- 혀 내밀어 봐.
- 왜?","- 혀가 짧네.
- 시끄러워.",반응형,sub_0494_4294.5s.jpg,0.0,두 화자 분리,높음,25.0,90.0,86.0,78.0,75.0,0.25189,0.0,22.0,0.0,0.0,0.4576,"- 아까 제대로 해 주지도 않았잖아. 괜찮잖아, 조금만. 이미 이렇게 됐고. - 정말 안 돼. 뭐가 괜찮아? 네가 멋대로 그런 거잖아.",- 아까 제대로 해 주지도 않았잖아. 조금만 하자. - 안 돼. 네가 멋대로 시작한 거잖아.,지나치게 긴 두 화자 대사 압축,13.39,T4,구조검사 통과 시 유지,,0.10626992561105207,7.81,P4,회귀검사 통과 시 유지
