title,stage,block,timecode,duration_seconds,text,prev_text,next_text,style_profile,frame_file,frame_difference_seconds,basis,evidence_confidence,source_meaning_confidence,scene_fit_confidence,speaker_confidence,korean_naturalness,hallucination_risk,model_change_probability,rule_risk,provenance_risk,timing_risk,continuity_risk,error_memory_similarity,nearest_prior_bad_text,nearest_prior_correction,nearest_prior_basis,final_risk,tier,recommended_action,flags,relative_risk_percentile,priority_score,review_band,priority_action
SONE-785,사진 대조 1차 교정본,377,"01:46:29,080 --> 01:47:32,230",63.15,아아…,아아…,아아…,반응형,,0.02,,,25.0,90.0,50.0,78.0,75.0,0.98702,42.0,66.0,25.0,30.0,1.0,아아…,"와, 진짜 많이 커졌어.",일본어 원문 + 타임스탬프 사진 + 장면 연속성,68.97,T2,후보 3개 생성 후 증거 기반 판정,long_duration_short_text;triple_identical_run,100.0,82.0,P1,장면 패킷을 열고 후보 3개를 생성해 반증 검토
SONE-785,사진 대조 1차 교정본,378,"01:47:32,230 --> 01:50:10,050",157.82,아아…,아아…,가면 알게 될 거야.,반응형,,0.03,,,25.0,90.0,50.0,78.0,75.0,0.994,42.0,66.0,25.0,0.0,1.0,아아…,"와, 진짜 많이 커졌어.",일본어 원문 + 타임스탬프 사진 + 장면 연속성,66.87,T2,후보 3개 생성 후 증거 기반 판정,long_duration_short_text,99.74489795918367,80.68,P1,장면 패킷을 열고 후보 3개를 생성해 반증 검토
SONE-785,사진 대조 1차 교정본,364,"01:16:25,250 --> 01:16:25,570",0.32,조금 더 안쪽까지 닿으면…,벌써 안쪽이 지친 것 같은데…,어떻게 될까?,반응형,,0.05,,,25.0,90.0,50.0,78.0,79.0,0.89374,0.0,66.0,70.0,0.0,0.4956,안쪽까지 안 가?,더 안쪽까지 안 들어가?,일본어 원문 대조 + 자연스러운 한국어 대사 교정,59.84,T3,화자·문맥·자연스러움 집중 검토,high_cps,99.48979591836735,76.49,P1,장면 패킷을 열고 후보 3개를 생성해 반증 검토
SONE-785,사진 대조 1차 교정본,343,"00:53:50,780 --> 00:55:00,930",70.15,안 돼요.,으윽.,왜 이래요…,중립·혼합형,,0.02,,,25.0,90.0,50.0,78.0,75.0,0.99514,0.0,66.0,25.0,0.0,0.6331,"아, 유두는 안 돼요.","아, 젖꼭지는 안 돼요.",,59.36,T3,화자·문맥·자연스러움 집중 검토,long_duration_short_text,99.23469387755102,76.11,P1,장면 패킷을 열고 후보 3개를 생성해 반증 검토
SONE-785,사진 대조 1차 교정본,229,"00:21:55,440 --> 00:21:56,060",0.62,자택에서 단독 카메라 취재까지 허락해 주셨는데요.,오늘 SS1 TV의 독점 취재에 응해 주셔서 감사합니다.,바쁘신 가운데 시간을 내 주셔서 감사합니다.,반말형,,0.04,,,25.0,90.0,50.0,78.0,75.0,0.85041,0.0,66.0,70.0,18.0,0.2703,카메라 보고 말해 봐.,카메라 보고 얘기해 봐.,일본어 원문 대조 + 자연스러운 한국어 대사 교정,59.22,T3,화자·문맥·자연스러움 집중 검토,formality_shift;high_cps,98.9795918367347,75.92,P1,장면 패킷을 열고 후보 3개를 생성해 반증 검토
SONE-785,사진 대조 1차 교정본,340,"00:48:42,460 --> 00:48:42,520",0.06,"자, 이것 봐.",하아…,아…,중립·혼합형,,0.04,,,25.0,90.0,50.0,78.0,75.0,0.8376,0.0,66.0,70.0,0.0,0.27,"자, 아~.","자, 아…",,57.24,T3,화자·문맥·자연스러움 집중 검토,high_cps,98.72448979591837,74.66,P1,장면 패킷을 열고 후보 3개를 생성해 반증 검토
SONE-785,사진 대조 1차 교정본,69,"00:09:30,970 --> 00:09:30,990",0.02,고마워.,고마워.,인터뷰는 확정됐지만 밀착 취재는 아직이야.,중립·혼합형,,0.03,,,25.0,90.0,50.0,78.0,75.0,0.64762,42.0,66.0,70.0,0.0,1.0,고마워.,손으로 잡아 줘.,일본어 원문 + 타임스탬프 사진 + 장면 연속성,56.82,T3,화자·문맥·자연스러움 집중 검토,high_cps,98.46938775510205,74.31,P1,장면 패킷을 열고 후보 3개를 생성해 반증 검토
SONE-785,사진 대조 1차 교정본,38,"00:05:14,830 --> 00:05:14,910",0.08,열심히 하겠습니다.,힘내.,응.,존댓말형,,0.03,,,25.0,90.0,50.0,78.0,75.0,0.64161,42.0,66.0,70.0,0.0,1.0,열심히 하겠습니다.,힘내 볼게요.,,56.57,T3,화자·문맥·자연스러움 집중 검토,high_cps,98.21428571428571,74.06,P1,장면 패킷을 열고 후보 3개를 생성해 반증 검토
SONE-785,사진 대조 1차 교정본,67,"00:09:23,370 --> 00:09:28,230",4.86,역시 후와의 그 솔직한 미소가 이세 선수의 마음을 움직였나 봐.,그 이세 선수의 마음에 들어서 단숨에 스타 아나운서가 되겠네.,고마워.,중립·혼합형,,0.03,,,25.0,90.0,50.0,78.0,79.0,0.97079,0.0,66.0,0.0,0.0,0.1626,역시 움직여 줄게.,이제 움직여 줄게.,사진 장면 확인 및 한국어 번역투·ASR 오역 교정,56.07,T3,화자·문맥·자연스러움 집중 검토,,97.95918367346938,73.66,P1,장면 패킷을 열고 후보 3개를 생성해 반증 검토
SONE-785,사진 대조 1차 교정본,386,"01:59:17,110 --> 01:59:20,090",2.98,힘 빼고 천천히 받아 줘.,하아!,이 정도로는 아직 끝나지 않을 거야.,반응형,,0.01,,,25.0,90.0,50.0,78.0,79.0,0.95701,0.0,66.0,0.0,0.0,0.6392,천천히 해 줘.,"좋네. 잠깐, 어떻게 돼 있었지?",일본어 원문 + 타임스탬프 사진 + 장면 연속성,55.49,T3,화자·문맥·자연스러움 집중 검토,,97.70408163265306,73.22,P1,장면 패킷을 열고 후보 3개를 생성해 반증 검토
SONE-785,사진 대조 1차 교정본,271,"00:25:42,200 --> 00:25:50,970",8.77,나도 후와 씨를 더 잘 알고 난 뒤에 밀착 취재를 받고 싶었거든.,그래도 이렇게 시간을 낼 수 있어서 더 잘됐어.,"저, 잠깐만요.",중립·혼합형,,0.0,,,25.0,90.0,50.0,78.0,75.0,0.95328,0.0,66.0,0.0,0.0,0.3996,좀 만지고 싶었거든.,아까부터 만져 보고 싶었거든.,일본어 원문 대조 + 자연스러운 한국어 대사 교정,55.1,T3,화자·문맥·자연스러움 집중 검토,,97.44897959183673,72.89,P1,장면 패킷을 열고 후보 3개를 생성해 반증 검토
SONE-785,사진 대조 1차 교정본,119,"00:13:34,520 --> 00:13:39,360",4.84,계속 열심히 하는 모습을 보고 싶으니 독점 인터뷰도 받아 줄게.,네.,카에데 씨라면 말이야.,중립·혼합형,,0.02,,,25.0,90.0,50.0,78.0,75.0,0.93922,0.0,66.0,0.0,0.0,0.2193,내가 잡아 줄게.,목욕하면서…,일본어 원문 + 타임스탬프 사진 + 장면 연속성,54.51,T3,화자·문맥·자연스러움 집중 검토,,97.1938775510204,72.44,P1,장면 패킷을 열고 후보 3개를 생성해 반증 검토
SONE-785,사진 대조 1차 교정본,228,"00:21:09,320 --> 00:21:13,720",4.4,오늘 SS1 TV의 독점 취재에 응해 주셔서 감사합니다.,시작.,자택에서 단독 카메라 취재까지 허락해 주셨는데요.,중립·혼합형,,0.02,,,25.0,90.0,50.0,78.0,75.0,0.93264,0.0,66.0,0.0,0.0,0.4487,시청해 주셔서 감사합니다.,[불명],,54.23,T3,화자·문맥·자연스러움 집중 검토,,96.93877551020408,72.17,P1,장면 패킷을 열고 후보 3개를 생성해 반증 검토
SONE-785,사진 대조 1차 교정본,282,"00:28:29,350 --> 00:28:36,650",7.3,방어가 단단하네. 경기 중 상대의 가드가 단단하면 어떻게 하는 줄 알아?,응?,이렇게 상대의 가드를 무너뜨리는 거야.,반말형,,0.05,,,25.0,90.0,50.0,78.0,75.0,0.91629,0.0,66.0,0.0,0.0,0.1979,대단하네.,땀이 엄청나네.,손상된 일본어 ASR + 타임스탬프 사진 + 앞뒤 문맥 추론,53.54,T3,화자·문맥·자연스러움 집중 검토,,96.68367346938776,71.66,P2,앞뒤 5블록·사진·오류 기억을 함께 검토
SONE-785,사진 대조 1차 교정본,387,"02:01:06,900 --> 02:01:08,120",1.22,이 정도로는 아직 끝나지 않을 거야.,힘 빼고 천천히 받아 줘.,운동선수는 허리 힘도 강하거든.,반말형,,0.0,,,25.0,90.0,50.0,78.0,75.0,0.911,0.0,66.0,0.0,0.0,0.2721,안 씌우면 멈춰 주지 않을 거야.,안 씌우면 멈추지 않을 거야.,사진 장면 확인 및 한국어 번역투·ASR 오역 교정,53.32,T3,화자·문맥·자연스러움 집중 검토,,96.42857142857143,71.43,P2,앞뒤 5블록·사진·오류 기억을 함께 검토
SONE-785,사진 대조 1차 교정본,262,"00:24:06,850 --> 00:24:11,070",4.22,이렇게 스타 선수가 친하게 대해 주는 건 좋은 일이잖아.,잘 들어.,"네 경력을 위해서도, 방송국을 위해서도 말이야.",반말형,,0.05,,,25.0,90.0,50.0,78.0,75.0,0.90882,0.0,66.0,0.0,0.0,0.2164,이렇게 좋은 향기 나는 건 처음이다...,이렇게 좋은 향기 나는 건 처음이다…,,53.23,T3,화자·문맥·자연스러움 집중 검토,,96.1734693877551,71.27,P2,앞뒤 5블록·사진·오류 기억을 함께 검토
SONE-785,사진 대조 1차 교정본,314,"00:35:30,280 --> 00:35:31,840",1.56,배에 힘을 빼 봐.,오늘 열심히 했으니 칭찬해 줄게.,뭘요?,중립·혼합형,,0.02,,,25.0,90.0,50.0,78.0,79.0,0.89769,0.0,66.0,0.0,0.0,0.6259,배에 힘을 주세요.,힘 줘.,일본어 원문 대조 + 자연스러운 한국어 대사 교정,53.0,T3,화자·문맥·자연스러움 집중 검토,,95.91836734693877,71.03,P2,앞뒤 5블록·사진·오류 기억을 함께 검토
SONE-785,사진 대조 1차 교정본,217,"00:20:47,680 --> 00:20:51,900",4.22,이세 선수는 독점 취재를 거의 허락하지 않는 걸로 유명하죠.,네.,많은 부분이 베일에 싸여 있는데요.,반말형,,0.02,,,25.0,90.0,50.0,78.0,75.0,0.90218,0.0,66.0,0.0,0.0,0.1235,쉽게 걸려들지 않는 곳.,"네, 싫진 않았어요.",타임스탬프 사진과 앞뒤 장면으로 대사 기능 복원,52.95,T3,화자·문맥·자연스러움 집중 검토,,95.66326530612244,70.89,P2,앞뒤 5블록·사진·오류 기억을 함께 검토
SONE-785,사진 대조 1차 교정본,213,"00:20:33,080 --> 00:20:38,500",5.42,오늘 SS1 TV의 독점 취재에 응해 주셔서 감사합니다.,"3, 2, 1.",네.,중립·혼합형,,0.02,,,25.0,90.0,50.0,78.0,75.0,0.90057,0.0,66.0,0.0,0.0,0.4487,시청해 주셔서 감사합니다.,[불명],,52.88,T3,화자·문맥·자연스러움 집중 검토,,95.40816326530613,70.74,P2,앞뒤 5블록·사진·오류 기억을 함께 검토
SONE-785,사진 대조 1차 교정본,71,"00:09:48,240 --> 00:09:53,040",4.8,그래도 애초에 인터뷰에 지명된 것 자체가 대단한 일이잖아.,인터뷰는 확정됐지만 밀착 취재는 아직이야.,정말 좋아해.,반말형,,0.04,,,25.0,90.0,50.0,78.0,75.0,0.90019,0.0,66.0,0.0,0.0,0.1554,그래도 계속 하고 싶어.,그래도 계속하고 싶어.,손상된 일본어 ASR + 타임스탬프 사진 + 앞뒤 문맥 추론,52.87,T3,화자·문맥·자연스러움 집중 검토,,95.1530612244898,70.63,P2,앞뒤 5블록·사진·오류 기억을 함께 검토
SONE-785,사진 대조 1차 교정본,95,"00:12:01,860 --> 00:12:05,900",4.04,기뻐하는 팬들을 향해 지금의 소감을 들려주시겠습니까?,감사합니다.,"뭐, 늘 그렇듯 눈앞의 상대를 쓰러뜨린다는 생각뿐이라
다른 건 생각하지 않습니다.",반말형,,0.04,,,25.0,90.0,50.0,78.0,75.0,0.86546,0.0,66.0,0.0,18.0,0.1194,더 보지 소리 들려주지 않을래?,더 좋은 소리 들려주지 않을래?,타임스탬프 사진과 장면 흐름으로 명백한 오인식 교정,52.85,T3,화자·문맥·자연스러움 집중 검토,formality_shift,94.7704081632653,70.46,P2,앞뒤 5블록·사진·오류 기억을 함께 검토
SONE-785,사진 대조 1차 교정본,345,"00:55:43,130 --> 00:55:44,150",1.02,엉덩이에 힘 빼.,왜 이래요…,이제 사귀는 사이가 되면 이 정도는 할 수 있어야지.,중립·혼합형,,0.03,,,25.0,90.0,50.0,78.0,83.0,0.88832,0.0,66.0,0.0,0.0,0.2632,빨리 콘돔 빼.,빨리 콘돔 꺼내.,사진 장면 확인 및 한국어 번역투·ASR 오역 교정,52.85,T3,화자·문맥·자연스러움 집중 검토,,94.7704081632653,70.46,P2,앞뒤 5블록·사진·오류 기억을 함께 검토
SONE-785,사진 대조 1차 교정본,23,"00:04:11,120 --> 00:04:15,080",3.96,어쩌면 우리 방송국이 단독 취재를 따내면 정말 대단한 일이야.,응.,그건 정말 대단하네요.,반말형,,0.02,,,25.0,90.0,50.0,78.0,75.0,0.89956,0.0,66.0,0.0,0.0,0.2272,1년 정도의 일이야.,아… 잠깐만…,타임스탬프 사진으로 장면 불일치 확인 후 재복원,52.84,T3,화자·문맥·자연스러움 집중 검토,,94.38775510204081,70.29,P2,앞뒤 5블록·사진·오류 기억을 함께 검토
SONE-785,사진 대조 1차 교정본,254,"00:23:40,500 --> 00:23:45,760",5.26,이 호텔 방도 아침까지 잡아 두었으니 편히 쉬십시오.,카에데와 천천히 미팅하십시오.,마음을 바꿔 주셨군요.,반말형,,0.0,,,25.0,90.0,50.0,78.0,75.0,0.8982,0.0,66.0,0.0,0.0,0.1631,내가 잡아 줄게.,목욕하면서…,일본어 원문 + 타임스탬프 사진 + 장면 연속성,52.78,T3,화자·문맥·자연스러움 집중 검토,,94.13265306122449,70.15,P2,앞뒤 5블록·사진·오류 기억을 함께 검토
SONE-785,사진 대조 1차 교정본,56,"00:07:13,110 --> 00:07:20,130",7.02,인터뷰 이후의 밀착 다큐멘터리 제안도 생각해 주겠다고 하더군.,게다가 말이지.,대단하네요.,반말형,,0.01,,,25.0,90.0,50.0,78.0,75.0,0.89629,0.0,66.0,0.0,0.0,0.1438,생각해 보니 너 나보다...,생각해 보니 너 나보다…,,52.7,T3,화자·문맥·자연스러움 집중 검토,,93.87755102040816,69.99,P2,앞뒤 5블록·사진·오류 기억을 함께 검토
SONE-785,사진 대조 1차 교정본,134,"00:14:31,170 --> 00:14:36,310",5.14,이번 독점 취재가 잘되면 밀착 취재 권리까지 받을 수 있어.,"잘 들어, 카에데.",이 기회는 절대 놓치고 싶지 않다.,반말형,,0.03,,,25.0,90.0,50.0,78.0,75.0,0.89247,0.0,66.0,0.0,0.0,0.1778,"응, 입을 수 있어.","응, 정말 잘 어울려.",타임스탬프 사진과 앞뒤 장면으로 대사 기능 복원,52.54,T3,화자·문맥·자연스러움 집중 검토,,93.62244897959184,69.79,P2,앞뒤 5블록·사진·오류 기억을 함께 검토
SONE-785,사진 대조 1차 교정본,144,"00:15:14,940 --> 00:15:19,620",4.68,우선 너는 이세 선수를 최우선으로 생각해야 해.,네.,"이세 선수가 어떻게 해야 편한지, 어떻게 해야 호감을
갖는지, 그리고 어떻게 해야 취재가 성공할지만 생각해.",반말형,,0.04,,,25.0,90.0,50.0,78.0,75.0,0.88697,0.0,66.0,0.0,0.0,0.1813,"자, 우선 움직여 볼게요.","자, 우선 먹어 볼게요.",타임스탬프 사진과 앞뒤 장면으로 대사 기능 복원,52.31,T3,화자·문맥·자연스러움 집중 검토,,93.36734693877551,69.55,P2,앞뒤 5블록·사진·오류 기억을 함께 검토
SONE-785,사진 대조 1차 교정본,66,"00:09:18,270 --> 00:09:22,090",3.82,그 이세 선수의 마음에 들어서 단숨에 스타 아나운서가 되겠네.,"대단하다, 후와.",역시 후와의 그 솔직한 미소가 이세 선수의 마음을 움직였나 봐.,반말형,,0.03,,,25.0,90.0,50.0,78.0,75.0,0.88518,0.0,66.0,0.0,0.0,0.1812,마음에 든 모양이군.,마음에 드신 모양이군.,사진 장면 확인 및 한국어 번역투 교정,52.24,T3,화자·문맥·자연스러움 집중 검토,,93.11224489795919,69.41,P2,앞뒤 5블록·사진·오류 기억을 함께 검토
SONE-785,사진 대조 1차 교정본,74,"00:10:17,480 --> 00:10:23,640",6.16,하지만 과장님도 절호의 기회라며 기대하시니까 반드시 따내고 말 거야.,나도 정말 좋아해.,"응, 힘낼게.",반말형,,0.02,,,25.0,90.0,50.0,78.0,75.0,0.88425,0.0,66.0,0.0,0.0,0.1539,싫은 거야.,싫어?,일본어 원문 대조 + 자연스러운 한국어 대사 교정,52.2,T3,화자·문맥·자연스러움 집중 검토,,92.7295918367347,69.22,P2,앞뒤 5블록·사진·오류 기억을 함께 검토
SONE-785,사진 대조 1차 교정본,356,"01:02:09,580 --> 01:03:58,710",109.13,"후와 씨, 이런 게 처음은 아니지?",둘 다 움직여.,스스로 움직여도 좋아.,반말형,,0.02,,,25.0,90.0,50.0,78.0,75.0,0.8843,0.0,66.0,0.0,0.0,0.317,"후와 씨, 좋아해요.","후우아 씨, 좋아해요.",출연자 이름 오인식 교정,52.2,T3,화자·문맥·자연스러움 집중 검토,,92.7295918367347,69.22,P2,앞뒤 5블록·사진·오류 기억을 함께 검토
SONE-785,사진 대조 1차 교정본,44,"00:05:48,250 --> 00:06:08,570",20.32,다음 경기가 가까우니 경기 직후 인터뷰 같은 걸 맡겨 줘.,"아, 아까 그 아나운서라면 생각해 봐도 좋아.",마음에 드신 모양이군.,중립·혼합형,,0.05,,,25.0,90.0,50.0,78.0,75.0,0.88339,0.0,66.0,0.0,0.0,0.1553,다음 예고,다음은 자위 대결이야.,다음 블록의 코너명과 장면 흐름으로 교정,52.16,T3,화자·문맥·자연스러움 집중 검토,,92.3469387755102,69.04,P2,앞뒤 5블록·사진·오류 기억을 함께 검토
SONE-785,사진 대조 1차 교정본,246,"00:23:15,740 --> 00:23:17,740",2.0,오늘 카에데 씨 인터뷰를 받아 보니 꽤 괜찮았어.,알고 있다니까.,독점 밀착 취재도 허락해도 되겠더군.,중립·혼합형,,0.04,,,25.0,90.0,50.0,78.0,75.0,0.87734,0.0,66.0,0.0,0.0,0.254,"오늘 카에데 후와 씨를 만나는데요,",오늘 카에데 후와 씨를 만나는데요,,51.91,T3,화자·문맥·자연스러움 집중 검토,,92.09183673469387,68.79,P2,앞뒤 5블록·사진·오류 기억을 함께 검토
SONE-785,사진 대조 1차 교정본,156,"00:16:11,360 --> 00:16:12,340",0.98,오늘은 잘 부탁드립니다.,"오, 젊고 예쁘네.",분위기도 좋잖아.,존댓말형,,0.04,,,25.0,90.0,50.0,78.0,75.0,0.73181,24.5,66.0,0.0,18.0,0.8542,잘 부탁드립니다.,좋은 아침입니다.,,51.65,T3,화자·문맥·자연스러움 집중 검토,formality_shift,91.83673469387756,68.53,P2,앞뒤 5블록·사진·오류 기억을 함께 검토
SONE-785,사진 대조 1차 교정본,292,"00:30:47,380 --> 00:30:50,980",3.6,알았어. 그럼 다큐멘터리 이야기는 없던 걸로 하자.,정말 안 돼요.,오타 씨에게도 그렇게 전해 둘게.,반말형,,0.02,,,25.0,90.0,50.0,78.0,75.0,0.87036,0.0,66.0,0.0,0.0,0.2741,이제 알았어...,[불명],,51.62,T3,화자·문맥·자연스러움 집중 검토,,91.58163265306123,68.4,P2,앞뒤 5블록·사진·오류 기억을 함께 검토
SONE-785,사진 대조 1차 교정본,363,"01:12:03,210 --> 01:12:05,570",2.36,벌써 안쪽이 지친 것 같은데…,정말이네.,조금 더 안쪽까지 닿으면…,반말형,,0.01,,,25.0,90.0,50.0,78.0,79.0,0.86356,0.0,66.0,0.0,0.0,0.3601,안쪽이 좋아.,대단하다.,일본어 원문 + 타임스탬프 사진 + 장면 연속성,51.57,T3,화자·문맥·자연스러움 집중 검토,,91.3265306122449,68.27,P2,앞뒤 5블록·사진·오류 기억을 함께 검토
SONE-785,사진 대조 1차 교정본,35,"00:05:08,950 --> 00:05:12,290",3.34,이세 선수가 나오면 시청률이 쭉 올라간다고.,알겠어?,힘내라고.,중립·혼합형,,0.05,,,25.0,90.0,50.0,78.0,75.0,0.86782,0.0,66.0,0.0,0.0,0.1008,쭉 마시고…,한 번에 쭉…,일본어 원문 대조 + 자연스러운 한국어 대사 교정,51.51,T3,화자·문맥·자연스러움 집중 검토,,90.9438775510204,68.07,P2,앞뒤 5블록·사진·오류 기억을 함께 검토
SONE-785,사진 대조 1차 교정본,145,"00:15:21,000 --> 00:15:31,800",10.8,"이세 선수가 어떻게 해야 편한지, 어떻게 해야 호감을
갖는지, 그리고 어떻게 해야 취재가 성공할지만 생각해.",우선 너는 이세 선수를 최우선으로 생각해야 해.,네.,반말형,,0.0,,,25.0,90.0,50.0,78.0,75.0,0.86792,0.0,66.0,0.0,0.0,0.2576,이따가 어떻게 해야 할지 가르쳐 줬잖아. 전부 깨끗하게 해.,아까 어떻게 하라고 했지? 전부 깨끗이 해.,사진 장면 확인 및 한국어 번역투·ASR 오역 교정,51.51,T3,화자·문맥·자연스러움 집중 검토,,90.9438775510204,68.07,P2,앞뒤 5블록·사진·오류 기억을 함께 검토
SONE-785,사진 대조 1차 교정본,313,"00:33:20,660 --> 00:33:23,160",2.5,오늘 열심히 했으니 칭찬해 줄게.,응.,배에 힘을 빼 봐.,반응형,,0.04,,,25.0,90.0,50.0,78.0,75.0,0.8663,0.0,66.0,0.0,0.0,0.286,이제 꽤 했으니 잠깐 쉬어요.,이제 꽤 했으니 잠깐 쉬자.,사진 장면 확인 및 한국어 번역투·ASR 오역 교정,51.44,T3,화자·문맥·자연스러움 집중 검토,,90.56122448979592,67.87,P2,앞뒤 5블록·사진·오류 기억을 함께 검토
SONE-785,사진 대조 1차 교정본,3,"00:00:46,190 --> 00:00:51,790",5.6,그럼 혹시 생각이 바뀌시면 그때는 꼭 잘 부탁드리겠습니다.,네.,"아, 네.",존댓말형,,0.01,,,25.0,90.0,50.0,78.0,75.0,0.79837,0.0,66.0,0.0,35.0,0.2045,그럼 들어가 보겠습니다.,그럼 이만 가 보겠습니다.,퇴장 장면에 맞는 표현 교정,51.39,T3,화자·문맥·자연스러움 집중 검토,formality_jump,90.3061224489796,67.73,P2,앞뒤 5블록·사진·오류 기억을 함께 검토
SONE-785,사진 대조 1차 교정본,70,"00:09:34,500 --> 00:09:38,680",4.18,인터뷰는 확정됐지만 밀착 취재는 아직이야.,고마워.,그래도 애초에 인터뷰에 지명된 것 자체가 대단한 일이잖아.,반응형,,0.0,,,25.0,90.0,50.0,78.0,75.0,0.86283,0.0,66.0,0.0,0.0,0.0914,유두 말이야.,젖꼭지 말이야.,,51.3,T3,화자·문맥·자연스러움 집중 검토,,90.05102040816327,67.58,P2,앞뒤 5블록·사진·오류 기억을 함께 검토
SONE-785,사진 대조 1차 교정본,346,"00:55:52,140 --> 00:55:54,720",2.58,이제 사귀는 사이가 되면 이 정도는 할 수 있어야지.,엉덩이에 힘 빼.,벽에 손을 짚고 엉덩이를 내밀어.,반말형,,0.04,,,25.0,90.0,50.0,78.0,75.0,0.86162,0.0,66.0,0.0,0.0,0.1436,"네, 한 번 하나가 되면 더는 참을 수 없어서.",한 번 가 버리면 더는 못 참겠어요.,사진 장면 확인 및 한국어 번역투·ASR 오역 교정,51.25,T3,화자·문맥·자연스러움 집중 검토,,89.79591836734694,67.44,P2,앞뒤 5블록·사진·오류 기억을 함께 검토
SONE-785,사진 대조 1차 교정본,390,"02:02:22,860 --> 02:02:23,320",0.46,다시 처음 자세로 돌아가자.,아직 제대로 시작하지도 않았어.,잘 부탁해. 깊이 들어가네.,반응형,,0.04,,,25.0,90.0,50.0,78.0,75.0,0.71714,0.0,66.0,60.43,0.0,0.5079,두 번째 자세로 다시 돌아가 주세요.,두 번째 자세로 다시 해 주세요.,사진 속 자세 전환에 맞게 간결화,51.22,T3,화자·문맥·자연스러움 집중 검토,high_cps,89.54081632653062,67.31,P2,앞뒤 5블록·사진·오류 기억을 함께 검토
SONE-785,사진 대조 1차 교정본,270,"00:25:38,200 --> 00:25:41,000",2.8,그래도 이렇게 시간을 낼 수 있어서 더 잘됐어.,혹시 긴장한 거야?,나도 후와 씨를 더 잘 알고 난 뒤에 밀착 취재를 받고 싶었거든.,중립·혼합형,,0.0,,,25.0,90.0,50.0,78.0,75.0,0.86022,0.0,66.0,0.0,0.0,0.2503,잠깐 시간을 둘게요...,잠깐 시간을 둘게요…,,51.19,T3,화자·문맥·자연스러움 집중 검토,,89.28571428571429,67.19,P2,앞뒤 5블록·사진·오류 기억을 함께 검토
SONE-785,사진 대조 1차 교정본,59,"00:07:36,680 --> 00:07:44,240",7.56,반드시 그다음 단계인 밀착 다큐멘터리 계약까지 따내.,"이번 기회는 너에게도, 방송국에도,
나에게도 두 번 다시 없을 기회야.",아무튼 기쁜 일이야.,반말형,,0.02,,,25.0,90.0,50.0,78.0,75.0,0.85696,0.0,66.0,0.0,0.0,0.1264,"그다음에는, 그다음에는…",그리고 또 어디 갔어?,손상된 일본어 ASR + 타임스탬프 사진 + 앞뒤 문맥 추론,51.05,T3,화자·문맥·자연스러움 집중 검토,,89.03061224489795,67.0,P2,앞뒤 5블록·사진·오류 기억을 함께 검토
SONE-785,사진 대조 1차 교정본,360,"01:11:48,780 --> 01:11:49,540",0.76,안쪽이 좋아?,입구 쪽이 좋아?,안 돼요.,반응형,,0.02,,,25.0,90.0,50.0,78.0,79.0,0.67075,42.0,66.0,0.0,0.0,1.0,안쪽이 좋아?,안쪽도 좋아?,일본어 원문 대조 + 자연스러운 한국어 대사 교정,51.03,T3,화자·문맥·자연스러움 집중 검토,,88.77551020408163,66.88,P2,앞뒤 5블록·사진·오류 기억을 함께 검토
SONE-785,사진 대조 1차 교정본,336,"00:47:10,740 --> 00:47:11,300",0.56,소리 내 봐.,하아…,아직도 여유가 남아 있네.,중립·혼합형,,0.04,,,25.0,90.0,50.0,78.0,75.0,0.85233,0.0,66.0,0.0,0.0,0.3889,"귀여워서 긴장이 많이 풀렸으니까, 소리 내 봐.",긴장도 풀렸으니까 소리 내도 돼.,사진 장면 확인 및 한국어 번역투·ASR 오역 교정,50.86,T3,화자·문맥·자연스러움 집중 검토,,88.5204081632653,66.68,P2,앞뒤 5블록·사진·오류 기억을 함께 검토
SONE-785,사진 대조 1차 교정본,161,"00:16:34,190 --> 00:16:35,750",1.56,오늘 몇 가지 물어보고 싶은 게 있어.,전체적인 인상도 아주 좋네.,잘 부탁해.,반말형,,0.01,,,25.0,90.0,50.0,78.0,75.0,0.85107,0.0,66.0,0.0,0.0,0.2163,뒤에 있어.,뒤쪽도 보여 줘.,일본어 원문 대조 + 자연스러운 한국어 대사 교정,50.81,T3,화자·문맥·자연스러움 집중 검토,,88.26530612244898,66.54,P2,앞뒤 5블록·사진·오류 기억을 함께 검토
SONE-785,사진 대조 1차 교정본,369,"01:19:43,420 --> 01:19:44,180",0.76,넣어도 돼?,이 자세로는 잘 모르겠어요.,운동선수의 체력을 몰라?,반응형,,0.02,,,25.0,90.0,50.0,78.0,79.0,0.845,0.0,66.0,0.0,0.0,0.2994,더 해줘도 돼?,더 해 줘도 돼?,,50.79,T3,화자·문맥·자연스러움 집중 검토,,87.88265306122449,66.37,P2,앞뒤 5블록·사진·오류 기억을 함께 검토
SONE-785,사진 대조 1차 교정본,379,"01:50:10,050 --> 01:53:09,140",179.09,가면 알게 될 거야.,아아…,안쪽까지 넣어 줘.,반말형,,0.05,,,25.0,90.0,50.0,78.0,75.0,0.85076,0.0,66.0,0.0,0.0,0.3687,싫은 거야.,싫어?,일본어 원문 대조 + 자연스러운 한국어 대사 교정,50.79,T3,화자·문맥·자연스러움 집중 검토,,87.88265306122449,66.37,P2,앞뒤 5블록·사진·오류 기억을 함께 검토
SONE-785,사진 대조 1차 교정본,368,"01:17:03,910 --> 01:17:04,690",0.78,이 자세로는 잘 모르겠어요.,일단 뒤에서 해 볼까.,넣어도 돼?,반응형,,0.01,,,25.0,90.0,50.0,78.0,75.0,0.84661,0.0,66.0,0.0,0.0,0.2754,어디가 좋은지 모르겠어?,어디가 좋은지 아직 모르겠어?,일본어 원문 대조 + 자연스러운 한국어 대사 교정,50.62,T3,화자·문맥·자연스러움 집중 검토,,87.5,66.11,P2,앞뒤 5블록·사진·오류 기억을 함께 검토
SONE-785,사진 대조 1차 교정본,51,"00:06:56,190 --> 00:07:00,010",3.82,다음 경기 뒤 인터뷰를 너를 지명해서 받겠대.,그게 이세 선수한테서 온 연락이었어.,정말인가요?,반말형,,0.01,,,25.0,90.0,50.0,78.0,75.0,0.8117,0.0,66.0,0.0,18.0,0.1629,다음 예고,다음은 자위 대결이야.,다음 블록의 코너명과 장면 흐름으로 교정,50.59,T3,화자·문맥·자연스러움 집중 검토,formality_shift,87.24489795918367,65.99,P2,앞뒤 5블록·사진·오류 기억을 함께 검토
SONE-785,사진 대조 1차 교정본,15,"00:03:44,240 --> 00:03:46,940",2.7,이세 선수 눈에만 들면 우리 방송국에도 기회가 생겨.,네.,밀착 다큐멘터리까지 가능성이 생긴다는 건가?,중립·혼합형,,0.04,,,25.0,90.0,50.0,78.0,75.0,0.83898,0.0,66.0,0.0,0.0,0.2089,"이번 기회는 너에게도, 방송국에도, 물론 나에게도 두 번 다시 없을 기회야.","이번 기회는 너에게도, 방송국에도, 나에게도 두 번 다시 없을 기회야.",사진 장면 확인 및 한국어 번역투 교정,50.3,T3,화자·문맥·자연스러움 집중 검토,,86.98979591836735,65.71,P2,앞뒤 5블록·사진·오류 기억을 함께 검토
SONE-785,사진 대조 1차 교정본,196,"00:19:21,230 --> 00:19:24,270",3.04,본인도 출세를 위해 이 기회를 놓치고 싶진 않을 겁니다.,카에데에게도 실례 없도록 충분히 말해 뒀습니다.,이 기회를 놓치고 싶지 않을 겁니다.,반말형,,0.03,,,25.0,90.0,50.0,78.0,75.0,0.83872,0.0,66.0,0.0,0.0,0.1338,당신을 위해 도망치겠습니다.,[불명],,50.29,T3,화자·문맥·자연스러움 집중 검토,,86.73469387755102,65.6,P2,앞뒤 5블록·사진·오류 기억을 함께 검토
SONE-785,사진 대조 1차 교정본,32,"00:05:00,230 --> 00:05:03,530",3.3,다른 방송국이 못 해낸 일을 네가 해내는 거야.,반드시 따내.,제가 말이죠.,반말형,,0.03,,,25.0,90.0,50.0,78.0,75.0,0.83699,0.0,66.0,0.0,0.0,0.2195,싫은 거야.,싫어?,일본어 원문 대조 + 자연스러운 한국어 대사 교정,50.21,T3,화자·문맥·자연스러움 집중 검토,,86.4795918367347,65.44,P2,앞뒤 5블록·사진·오류 기억을 함께 검토
SONE-785,사진 대조 1차 교정본,138,"00:14:46,030 --> 00:14:50,510",4.48,이세 선수의 심기를 거스르는 일은 절대 하지 마.,"네, 압니다.","기대하고 있다, 카에데 아나운서.",반말형,,0.03,,,25.0,90.0,50.0,78.0,75.0,0.83616,0.0,66.0,0.0,0.0,0.3513,하지 마.,잠깐만.,손상된 일본어 ASR + 타임스탬프 사진 + 앞뒤 문맥 추론,50.18,T3,화자·문맥·자연스러움 집중 검토,,86.22448979591837,65.32,P2,앞뒤 5블록·사진·오류 기억을 함께 검토
SONE-785,사진 대조 1차 교정본,7,"00:01:56,350 --> 00:02:21,890",25.54,이세 선수 같은 거물을 맡을 수 있는 인재로 키우고 있습니다.,"저희 회사의 신입 스포츠 캐스터, 카에데 후와입니다.",앞으로 훌륭한 아나운서가 될 아이이니 잘 부탁드립니다.,존댓말형,,0.05,,,25.0,90.0,50.0,78.0,75.0,0.83386,0.0,66.0,0.0,0.0,0.25,내 배를 쥐고 있습니다.,배에 힘이 들어가.,사진 속 반응과 문장 기능을 근거로 교정,50.08,T3,화자·문맥·자연스러움 집중 검토,,85.96938775510205,65.15,P2,앞뒤 5블록·사진·오류 기억을 함께 검토
SONE-785,사진 대조 1차 교정본,215,"00:20:40,760 --> 00:20:45,920",5.16,이세 선수는 현재 MMA에서 크게 활약하고 계시죠.,네.,네.,중립·혼합형,,0.04,,,25.0,90.0,50.0,78.0,75.0,0.82958,0.0,66.0,0.0,0.0,0.1235,더 크게 만들려고.,진짜 더 커졌네.,,49.9,T3,화자·문맥·자연스러움 집중 검토,,85.71428571428571,64.94,P2,앞뒤 5블록·사진·오류 기억을 함께 검토
SONE-785,사진 대조 1차 교정본,102,"00:12:45,720 --> 00:12:50,800",5.08,"뭐, 다시 경기가 잡힌다고 해도 제 승리는 확정이니까요.","이세 선수는 상당히 진지하고 자신감 넘치는
선수인데, 여성 팬이 많은 것도 납득이 되네요.",네. 여유가 있으신가요?,중립·혼합형,,0.02,,,25.0,90.0,50.0,78.0,75.0,0.82687,0.0,66.0,0.0,0.0,0.1338,여기 오면 항상 즐기는 거니까요.,여기 오면 늘 낚시를 즐기거든요.,대화체 자연화,49.79,T3,화자·문맥·자연스러움 집중 검토,,85.45918367346938,64.77,P2,앞뒤 5블록·사진·오류 기억을 함께 검토
SONE-785,사진 대조 1차 교정본,348,"00:56:05,300 --> 00:56:18,940",13.64,아까 말한 대로 힘을 빼.,벽에 손을 짚고 엉덩이를 내밀어.,흥분했어?,반응형,,0.0,,,25.0,90.0,50.0,78.0,79.0,0.8208,0.0,66.0,0.0,0.0,0.2822,힘을 빼고…,힘 빼고…,일본어 원문 대조 + 자연스러운 한국어 대사 교정,49.77,T3,화자·문맥·자연스러움 집중 검토,,85.20408163265306,64.65,P2,앞뒤 5블록·사진·오류 기억을 함께 검토
SONE-785,사진 대조 1차 교정본,338,"00:47:51,180 --> 00:48:41,480",50.3,왜 이렇게 됐지?,아직도 여유가 남아 있네.,하아…,반말형,,0.02,,,25.0,90.0,50.0,78.0,75.0,0.82162,0.0,66.0,0.0,0.0,0.2941,이렇게 해버려.,이렇게 해 버려.,,49.57,T3,화자·문맥·자연스러움 집중 검토,,84.94897959183673,64.43,P2,앞뒤 5블록·사진·오류 기억을 함께 검토
SONE-785,사진 대조 1차 교정본,117,"00:13:28,740 --> 00:13:31,920",3.18,열심히 하는 모습은 정말 보기 좋네.,"그래, 좋았어.",네.,반말형,,0.04,,,25.0,90.0,50.0,78.0,75.0,0.81922,0.0,66.0,0.0,0.0,0.3958,좋네.,좋아.,일본어 원문 대조 + 자연스러운 한국어 대사 교정,49.47,T3,화자·문맥·자연스러움 집중 검토,,84.6938775510204,64.26,P2,앞뒤 5블록·사진·오류 기억을 함께 검토
SONE-785,사진 대조 1차 교정본,347,"00:55:56,880 --> 00:55:59,260",2.38,벽에 손을 짚고 엉덩이를 내밀어.,이제 사귀는 사이가 되면 이 정도는 할 수 있어야지.,아까 말한 대로 힘을 빼.,반응형,,0.02,,,25.0,90.0,50.0,78.0,79.0,0.81106,0.0,66.0,0.0,0.0,0.5706,엉덩이를 더 내밀어...,엉덩이를 더 내밀어…,,49.36,T3,화자·문맥·자연스러움 집중 검토,,84.43877551020408,64.09,P2,앞뒤 5블록·사진·오류 기억을 함께 검토
SONE-785,사진 대조 1차 교정본,247,"00:23:18,620 --> 00:23:19,980",1.36,독점 밀착 취재도 허락해도 되겠더군.,오늘 카에데 씨 인터뷰를 받아 보니 꽤 괜찮았어.,허락해도 괜찮겠다는 생각이 들었어.,반말형,,0.02,,,25.0,90.0,50.0,78.0,75.0,0.81484,0.0,66.0,0.0,0.0,0.065,말해도 돼요?,이제 해도 돼요?,타임스탬프 사진과 앞뒤 장면으로 대사 기능 복원,49.28,T3,화자·문맥·자연스러움 집중 검토,,84.18367346938776,63.94,P2,앞뒤 5블록·사진·오류 기억을 함께 검토
SONE-785,사진 대조 1차 교정본,263,"00:24:12,250 --> 00:24:15,610",3.36,"네 경력을 위해서도, 방송국을 위해서도 말이야.",이렇게 스타 선수가 친하게 대해 주는 건 좋은 일이잖아.,"이세 선수, 먼저 실례하겠습니다.",반말형,,0.05,,,25.0,90.0,50.0,78.0,75.0,0.81373,0.0,66.0,0.0,0.0,0.2585,유두 말이야.,젖꼭지 말이야.,,49.24,T3,화자·문맥·자연스러움 집중 검토,,83.92857142857143,63.81,P2,앞뒤 5블록·사진·오류 기억을 함께 검토
SONE-785,사진 대조 1차 교정본,308,"00:33:01,980 --> 00:33:03,000",1.02,그럼 넣어 볼게.,향도 좋네.,예쁘네.,반응형,,0.02,,,25.0,90.0,50.0,78.0,79.0,0.80371,0.0,66.0,0.0,0.0,0.2821,입에 넣어 봐...,입에 넣어 봐…,,49.06,T3,화자·문맥·자연스러움 집중 검토,,83.6734693877551,63.6,P2,앞뒤 5블록·사진·오류 기억을 함께 검토
SONE-785,사진 대조 1차 교정본,98,"00:12:16,860 --> 00:12:22,060",5.2,"상대였던 심포스 선수도 상당한 강자였는데, 어떠셨습니까?",과연 강한 이세 선수다운 말씀이네요.,"그 선수도 강했지만 1라운드에서 제가 완승한
시점에 압도적인 차이가 드러났다고 생각합니다.",중립·혼합형,,0.04,,,25.0,90.0,50.0,78.0,75.0,0.80806,0.0,66.0,0.0,0.0,0.0529,"제가 제일 좋아하는 방식인데, 상대가 남자가 아니라서 좀 하기 어렵네요.","제가 제일 좋아하는 자세인데, 남자 없이 하려니 좀 어렵네요.",,49.0,T3,화자·문맥·자연스러움 집중 검토,,83.41836734693877,63.46,P2,앞뒤 5블록·사진·오류 기억을 함께 검토
SONE-785,사진 대조 1차 교정본,26,"00:04:18,260 --> 00:04:19,620",1.36,밀착 다큐멘터리까지 만들 수 있다면 말이야.,그렇지?,제가요?,반말형,,0.04,,,25.0,90.0,50.0,78.0,75.0,0.80672,0.0,66.0,0.0,0.0,0.3128,유두 말이야.,젖꼭지 말이야.,,48.94,T3,화자·문맥·자연스러움 집중 검토,,83.16326530612244,63.31,P2,앞뒤 5블록·사진·오류 기억을 함께 검토
SONE-785,사진 대조 1차 교정본,295,"00:31:01,360 --> 00:31:04,700",3.34,훌륭한 스포츠 캐스터가 되는 게 꿈이잖아?,왜 그러는 거야?,그렇지만…,중립·혼합형,,0.04,,,25.0,90.0,50.0,78.0,75.0,0.80472,0.0,66.0,0.0,0.0,0.2301,아주 훌륭한 움직임이야.,엉덩이 움직이는 게 정말 좋구나.,화면 영문 자막 대조,48.86,T3,화자·문맥·자연스러움 집중 검토,,82.90816326530613,63.16,P2,앞뒤 5블록·사진·오류 기억을 함께 검토
SONE-785,사진 대조 1차 교정본,337,"00:47:49,720 --> 00:47:51,180",1.46,아직도 여유가 남아 있네.,소리 내 봐.,왜 이렇게 됐지?,반응형,,0.02,,,25.0,90.0,50.0,78.0,75.0,0.80417,0.0,66.0,0.0,0.0,0.2881,아아… 아직 자고 있네.,아… 아직 자고 있네.,일본어 원문 대조 + 자연스러운 한국어 대사 교정,48.84,T3,화자·문맥·자연스러움 집중 검토,,82.52551020408163,62.99,P2,앞뒤 5블록·사진·오류 기억을 함께 검토
SONE-785,사진 대조 1차 교정본,380,"01:53:09,140 --> 01:53:10,020",0.88,안쪽까지 넣어 줘.,가면 알게 될 거야.,넣고 나니까 어때?,반응형,,0.04,,,25.0,90.0,50.0,78.0,83.0,0.79275,0.0,66.0,0.0,0.0,0.6497,안쪽까지 안 가?,더 안쪽까지 안 들어가?,일본어 원문 대조 + 자연스러운 한국어 대사 교정,48.84,T3,화자·문맥·자연스러움 집중 검토,,82.52551020408163,62.99,P2,앞뒤 5블록·사진·오류 기억을 함께 검토
SONE-785,사진 대조 1차 교정본,195,"00:19:16,050 --> 00:19:20,030",3.98,카에데에게도 실례 없도록 충분히 말해 뒀습니다.,밀착 취재 말입니다.,본인도 출세를 위해 이 기회를 놓치고 싶진 않을 겁니다.,중립·혼합형,,0.05,,,25.0,90.0,50.0,78.0,75.0,0.80316,0.0,66.0,0.0,0.0,0.1307,카메라 보고 말해 봐.,카메라 보고 얘기해 봐.,일본어 원문 대조 + 자연스러운 한국어 대사 교정,48.79,T3,화자·문맥·자연스러움 집중 검토,,82.01530612244898,62.74,P2,앞뒤 5블록·사진·오류 기억을 함께 검토
SONE-785,사진 대조 1차 교정본,326,"00:39:51,110 --> 00:39:57,200",6.09,혀를 내밀어. 우리 친해지자.,사이좋게 지내야지.,어떻게 하면 돼요?,반응형,,0.01,,,25.0,90.0,50.0,78.0,79.0,0.79726,0.0,66.0,0.0,0.0,0.2899,"자, 혀를 조금 내밀어봐...","자, 혀를 조금 내밀어봐…",,48.79,T3,화자·문맥·자연스러움 집중 검토,,82.01530612244898,62.74,P2,앞뒤 5블록·사진·오류 기억을 함께 검토
SONE-785,사진 대조 1차 교정본,99,"00:12:22,720 --> 00:12:28,620",5.9,"그 선수도 강했지만 1라운드에서 제가 완승한
시점에 압도적인 차이가 드러났다고 생각합니다.","상대였던 심포스 선수도 상당한 강자였는데, 어떠셨습니까?","물론 승부는 한순간에 뒤집힐 수 있으니,
입장이 바뀌었다면 결과도 달랐을지 모르죠.",중립·혼합형,,0.02,,,25.0,90.0,50.0,78.0,75.0,0.80207,0.0,66.0,0.0,0.0,0.1075,친구 같은 여성과 먼저 가까워지면 자연스럽게 성관계까지 할 수 있다고 생각합니다. 너무 깊이 고민하지 말고 연애와 성관계를 많이 경험해 보세요.,친구처럼 편한 여자와 먼저 가까워지면 자연스럽게 잠자리까지 갈 수 있다고 생각해요. 너무 고민하지 말고 연애도 섹스도 많이 경험해 보세요.,,48.75,T3,화자·문맥·자연스러움 집중 검토,,81.63265306122449,62.56,P2,앞뒤 5블록·사진·오류 기억을 함께 검토
SONE-785,사진 대조 1차 교정본,41,"00:05:24,720 --> 00:05:25,800",1.08,잠깐 전화 좀 해 봐.,너 말이야.,오타시 씨.,반응형,,0.02,,,25.0,90.0,50.0,78.0,75.0,0.79755,0.0,66.0,0.0,0.0,0.3135,힘 좀 줘 봐... 제대로 해 봐.,힘 좀 줘 봐… 제대로 해 봐.,,48.56,T3,화자·문맥·자연스러움 집중 검토,,81.37755102040816,62.34,P2,앞뒤 5블록·사진·오류 기억을 함께 검토
SONE-785,사진 대조 1차 교정본,96,"00:12:06,580 --> 00:12:12,680",6.1,"뭐, 늘 그렇듯 눈앞의 상대를 쓰러뜨린다는 생각뿐이라
다른 건 생각하지 않습니다.",기뻐하는 팬들을 향해 지금의 소감을 들려주시겠습니까?,과연 강한 이세 선수다운 말씀이네요.,중립·혼합형,,0.02,,,25.0,90.0,50.0,78.0,75.0,0.79553,0.0,66.0,0.0,0.0,0.1668,이길 수 있을 거라고는 생각하지 않았지만.,"아, 거기…",타임스탬프 사진으로 장면 불일치 확인 후 재복원,48.47,T3,화자·문맥·자연스러움 집중 검토,,81.12244897959184,62.18,P2,앞뒤 5블록·사진·오류 기억을 함께 검토
SONE-785,사진 대조 1차 교정본,371,"01:29:51,920 --> 01:29:54,240",2.32,스포츠 캐스터라면 그 정도는 알아 둬야지.,운동선수의 체력을 몰라?,보통 사람과 다른 게 느껴지지?,반말형,,0.02,,,25.0,90.0,50.0,78.0,75.0,0.79514,0.0,66.0,0.0,0.0,0.0886,대충 알아.,대충 알겠어.,사진 장면 확인 및 한국어 번역투·ASR 오역 교정,48.46,T3,화자·문맥·자연스러움 집중 검토,,80.86734693877551,62.07,P2,앞뒤 5블록·사진·오류 기억을 함께 검토
SONE-785,사진 대조 1차 교정본,47,"00:06:43,490 --> 00:06:46,750",3.26,이걸로 너도 캐스터로서 꽃을 피우겠구나.,잘했다. 이제 돌아가.,설마…,중립·혼합형,,0.01,,,25.0,90.0,50.0,78.0,75.0,0.79143,0.0,66.0,0.0,0.0,0.1288,섰구나.,"응, 쭉 폈어.",일본어 원문 대조 + 자연스러운 한국어 대사 교정,48.3,T3,화자·문맥·자연스러움 집중 검토,,80.61224489795919,61.87,P2,앞뒤 5블록·사진·오류 기억을 함께 검토
SONE-785,사진 대조 1차 교정본,297,"00:31:10,120 --> 00:31:13,340",3.22,"그럼 이건 기회 아니야, 후와 씨?",그렇지만…,난 후와 씨 편이야.,반말형,,0.02,,,25.0,90.0,50.0,78.0,75.0,0.7881,0.0,66.0,0.0,0.0,0.2673,뭐든 괜찮지만… 후와 씨?,뭐든 괜찮지만… 후우아 씨라고 부를까요?,출연자 이름 오인식 교정,48.16,T3,화자·문맥·자연스러움 집중 검토,,80.35714285714286,61.68,P2,앞뒤 5블록·사진·오류 기억을 함께 검토
SONE-785,사진 대조 1차 교정본,135,"00:14:37,770 --> 00:14:40,130",2.36,이 기회는 절대 놓치고 싶지 않다.,이번 독점 취재가 잘되면 밀착 취재 권리까지 받을 수 있어.,"알겠지, 카에데?",반말형,,0.03,,,25.0,90.0,50.0,78.0,75.0,0.78558,0.0,66.0,0.0,0.0,0.2116,절대 귀엽잖아.,분명 귀여울 텐데.,,48.05,T3,화자·문맥·자연스러움 집중 검토,,80.10204081632652,61.51,P2,앞뒤 5블록·사진·오류 기억을 함께 검토
SONE-785,사진 대조 1차 교정본,16,"00:03:50,120 --> 00:03:53,840",3.72,밀착 다큐멘터리까지 가능성이 생긴다는 건가?,이세 선수 눈에만 들면 우리 방송국에도 기회가 생겨.,그 이세 선수라고.,반말형,,0.02,,,25.0,90.0,50.0,78.0,75.0,0.78486,0.0,66.0,0.0,0.0,0.1088,안쪽까지 안 가?,더 안쪽까지 안 들어가?,일본어 원문 대조 + 자연스러운 한국어 대사 교정,48.02,T3,화자·문맥·자연스러움 집중 검토,,79.8469387755102,61.39,P2,앞뒤 5블록·사진·오류 기억을 함께 검토
SONE-785,사진 대조 1차 교정본,230,"00:21:56,060 --> 00:21:57,260",1.2,바쁘신 가운데 시간을 내 주셔서 감사합니다.,자택에서 단독 카메라 취재까지 허락해 주셨는데요.,잘 부탁드립니다!,존댓말형,,0.04,,,25.0,90.0,50.0,78.0,75.0,0.78241,0.0,66.0,0.0,0.0,0.4992,시청해 주셔서 감사합니다.,[불명],,47.92,T3,화자·문맥·자연스러움 집중 검토,,79.59183673469387,61.22,P2,앞뒤 5블록·사진·오류 기억을 함께 검토
SONE-785,사진 대조 1차 교정본,389,"02:01:46,360 --> 02:02:22,560",36.2,아직 제대로 시작하지도 않았어.,운동선수는 허리 힘도 강하거든.,다시 처음 자세로 돌아가자.,반응형,,0.04,,,25.0,90.0,50.0,78.0,75.0,0.78225,0.0,66.0,0.0,0.0,0.3464,부족하지 않았어.,아직 부족하지?,손상된 일본어 ASR + 타임스탬프 사진 + 앞뒤 문맥 추론,47.91,T3,화자·문맥·자연스러움 집중 검토,,79.33673469387756,61.11,P2,앞뒤 5블록·사진·오류 기억을 함께 검토
SONE-785,사진 대조 1차 교정본,43,"00:05:36,540 --> 00:05:43,460",6.92,"아, 아까 그 아나운서라면 생각해 봐도 좋아.",오타시 씨.,다음 경기가 가까우니 경기 직후 인터뷰 같은 걸 맡겨 줘.,반말형,,0.04,,,25.0,90.0,50.0,78.0,75.0,0.78164,0.0,66.0,0.0,0.0,0.3531,"아, 좋아.","아, 들어온다.",,47.89,T3,화자·문맥·자연스러움 집중 검토,,79.08163265306123,60.99,P2,앞뒤 5블록·사진·오류 기억을 함께 검토
SONE-785,사진 대조 1차 교정본,283,"00:28:40,220 --> 00:28:45,780",5.56,이렇게 상대의 가드를 무너뜨리는 거야.,방어가 단단하네. 경기 중 상대의 가드가 단단하면 어떻게 하는 줄 알아?,그만해 주세요.,반말형,,0.02,,,25.0,90.0,50.0,78.0,75.0,0.7783,0.0,66.0,0.0,0.0,0.2192,싫은 거야.,싫어?,일본어 원문 대조 + 자연스러운 한국어 대사 교정,47.75,T3,화자·문맥·자연스러움 집중 검토,,78.8265306122449,60.8,P2,앞뒤 5블록·사진·오류 기억을 함께 검토
SONE-785,사진 대조 1차 교정본,147,"00:15:34,040 --> 00:15:43,820",9.78,방송의 꽃인 스타 스포츠 캐스터가 되는 거야.,네.,그 첫 단계다.,반말형,,0.04,,,25.0,90.0,50.0,78.0,75.0,0.77782,0.0,66.0,0.0,0.0,0.2065,싫은 거야.,싫어?,일본어 원문 대조 + 자연스러운 한국어 대사 교정,47.73,T3,화자·문맥·자연스러움 집중 검토,,78.57142857142857,60.68,P2,앞뒤 5블록·사진·오류 기억을 함께 검토
SONE-785,사진 대조 1차 교정본,280,"00:27:38,030 --> 00:27:40,250",2.22,스포츠 캐스터는 다리가 피곤하잖아.,괜찮아.,응?,반응형,,0.03,,,25.0,90.0,50.0,78.0,75.0,0.77491,0.0,66.0,0.0,0.0,0.1703,당연하잖아.,당연히 가져왔지.,타임스탬프 사진과 앞뒤 장면으로 대사 기능 복원,47.61,T3,화자·문맥·자연스러움 집중 검토,,78.31632653061224,60.51,P2,앞뒤 5블록·사진·오류 기억을 함께 검토
SONE-785,사진 대조 1차 교정본,357,"01:10:55,460 --> 01:10:56,700",1.24,스스로 움직여도 좋아.,"후와 씨, 이런 게 처음은 아니지?",앞으로 깊은 사이가 될 거니까.,반응형,,0.04,,,25.0,90.0,50.0,78.0,79.0,0.76881,0.0,66.0,0.0,0.0,0.3922,스스로 쥐고 있어?,네가 직접 잡고 있어?,일본어 원문 대조 + 자연스러운 한국어 대사 교정,47.59,T3,화자·문맥·자연스러움 집중 검토,,78.06122448979592,60.39,P2,앞뒤 5블록·사진·오류 기억을 함께 검토
SONE-785,사진 대조 1차 교정본,8,"00:02:21,890 --> 00:02:25,710",3.82,앞으로 훌륭한 아나운서가 될 아이이니 잘 부탁드립니다.,이세 선수 같은 거물을 맡을 수 있는 인재로 키우고 있습니다.,잘 부탁드립니다.,존댓말형,,0.01,,,25.0,90.0,50.0,78.0,75.0,0.77407,0.0,66.0,0.0,0.0,0.5115,잘 부탁드립니다.,좋은 아침입니다.,,47.57,T3,화자·문맥·자연스러움 집중 검토,,77.8061224489796,60.27,P2,앞뒤 5블록·사진·오류 기억을 함께 검토
SONE-785,사진 대조 1차 교정본,197,"00:19:25,790 --> 00:19:27,790",2.0,이 기회를 놓치고 싶지 않을 겁니다.,본인도 출세를 위해 이 기회를 놓치고 싶진 않을 겁니다.,분명 열심히 할 겁니다.,반말형,,0.01,,,25.0,90.0,50.0,78.0,75.0,0.77355,0.0,66.0,0.0,0.0,0.1299,안 씌우면 멈춰 주지 않을 거야.,안 씌우면 멈추지 않을 거야.,사진 장면 확인 및 한국어 번역투·ASR 오역 교정,47.55,T3,화자·문맥·자연스러움 집중 검토,,77.55102040816327,60.15,P2,앞뒤 5블록·사진·오류 기억을 함께 검토
SONE-785,사진 대조 1차 교정본,367,"01:16:28,990 --> 01:16:30,490",1.5,일단 뒤에서 해 볼까.,부끄러운가 보네…,이 자세로는 잘 모르겠어요.,반말형,,0.01,,,25.0,90.0,50.0,78.0,75.0,0.77008,0.0,66.0,0.0,0.0,0.4567,일단 해 줘.,일단 넣어 줘.,일본어 원문 대조 + 자연스러운 한국어 대사 교정,47.4,T3,화자·문맥·자연스러움 집중 검토,,77.29591836734694,59.96,P2,앞뒤 5블록·사진·오류 기억을 함께 검토
SONE-785,사진 대조 1차 교정본,91,"00:11:48,280 --> 00:11:52,760",4.48,그럼 경기 직후의 이세 선수를 인터뷰해 보겠습니다.,네.,네.,중립·혼합형,,0.02,,,25.0,90.0,50.0,78.0,75.0,0.76555,0.0,66.0,0.0,0.0,0.4452,가 보겠습니다.,그럼 가 볼게요.,대화체 자연화,47.21,T3,화자·문맥·자연스러움 집중 검토,,77.04081632653062,59.74,P2,앞뒤 5블록·사진·오류 기억을 함께 검토
SONE-785,사진 대조 1차 교정본,388,"02:01:43,360 --> 02:01:45,660",2.3,운동선수는 허리 힘도 강하거든.,이 정도로는 아직 끝나지 않을 거야.,아직 제대로 시작하지도 않았어.,중립·혼합형,,0.04,,,25.0,90.0,50.0,78.0,75.0,0.76435,0.0,66.0,0.0,0.0,0.1521,엉덩이가 보고 싶어. 엉덩이를 좋아하거든. 그래? 좋아.,엉덩이가 보고 싶어. 내가 엉덩이를 좋아하거든. 그래? 좋아.,화자 분리 및 줄바꿈,47.16,T3,화자·문맥·자연스러움 집중 검토,,76.78571428571429,59.6,P2,앞뒤 5블록·사진·오류 기억을 함께 검토
SONE-785,사진 대조 1차 교정본,6,"00:01:50,790 --> 00:01:54,990",4.2,"저희 회사의 신입 스포츠 캐스터, 카에데 후와입니다.",이세 선수를 소개해 드리겠습니다.,이세 선수 같은 거물을 맡을 수 있는 인재로 키우고 있습니다.,중립·혼합형,,0.01,,,25.0,90.0,50.0,78.0,75.0,0.7618,0.0,66.0,0.0,0.0,0.2112,카에데 후와 씨라는…,카에데 후우아 씨라는 분입니다.,출연자 이름 오인식 교정,47.06,T3,화자·문맥·자연스러움 집중 검토,,76.53061224489795,59.44,P2,앞뒤 5블록·사진·오류 기억을 함께 검토
SONE-785,사진 대조 1차 교정본,293,"00:30:52,340 --> 00:30:53,860",1.52,오타 씨에게도 그렇게 전해 둘게.,알았어. 그럼 다큐멘터리 이야기는 없던 걸로 하자.,왜 그러는 거야?,반말형,,0.04,,,25.0,90.0,50.0,78.0,75.0,0.76082,0.0,66.0,0.0,0.0,0.35,후와 씨에게도 들어 볼까요?,후우아 씨의 각오도 들어 볼까요?,이름 및 문장 자연화,47.01,T3,화자·문맥·자연스러움 집중 검토,,76.27551020408163,59.3,P2,앞뒤 5블록·사진·오류 기억을 함께 검토
SONE-785,사진 대조 1차 교정본,248,"00:23:20,720 --> 00:23:22,680",1.96,허락해도 괜찮겠다는 생각이 들었어.,독점 밀착 취재도 허락해도 되겠더군.,그렇습니까? 감사합니다.,반응형,,0.02,,,25.0,90.0,50.0,78.0,75.0,0.75949,0.0,66.0,0.0,0.0,0.1053,안 입었어.,안 보이네.,사진 장면 확인 및 한국어 번역투·ASR 오역 교정,46.96,T3,화자·문맥·자연스러움 집중 검토,,76.0204081632653,59.17,P2,앞뒤 5블록·사진·오류 기억을 함께 검토
SONE-785,사진 대조 1차 교정본,365,"01:16:25,570 --> 01:16:25,670",0.1,어떻게 될까?,조금 더 안쪽까지 닿으면…,부끄러운가 보네…,반응형,,0.03,,,25.0,90.0,50.0,78.0,75.0,0.59242,0.0,66.0,70.0,0.0,0.3838,어떻게 먹는 거?,어떤 식으로?,일본어 원문 대조 + 자연스러운 한국어 대사 교정,46.94,T3,화자·문맥·자연스러움 집중 검토,high_cps,75.76530612244898,59.05,P2,앞뒤 5블록·사진·오류 기억을 함께 검토
SONE-785,사진 대조 1차 교정본,209,"00:20:24,560 --> 00:20:26,000",1.44,"그럼 카에데 씨, 잘 부탁드립니다.",네.,네.,존댓말형,,0.04,,,25.0,90.0,50.0,78.0,75.0,0.64329,10.99,66.0,0.0,35.0,0.7416,잘 부탁드립니다.,좋은 아침입니다.,,46.86,T3,화자·문맥·자연스러움 집중 검토,formality_jump,75.51020408163265,58.89,P2,앞뒤 5블록·사진·오류 기억을 함께 검토
SONE-785,사진 대조 1차 교정본,163,"00:16:37,930 --> 00:16:51,410",13.48,실례하겠습니다. 마이크를 옷에 달겠습니다.,잘 부탁해.,부탁드려도 될까요?,존댓말형,,0.03,,,25.0,90.0,50.0,78.0,75.0,0.75422,0.0,66.0,0.0,0.0,0.3494,열심히 하겠습니다.,힘내 볼게요.,,46.74,T3,화자·문맥·자연스러움 집중 검토,,75.25510204081633,58.72,P2,앞뒤 5블록·사진·오류 기억을 함께 검토
SONE-785,사진 대조 1차 교정본,375,"01:37:50,340 --> 01:37:51,280",0.94,아아…,아아…,아아…,반응형,,0.04,,,25.0,90.0,50.0,78.0,75.0,0.51465,42.0,66.0,0.0,30.0,1.0,아아…,"와, 진짜 많이 커졌어.",일본어 원문 + 타임스탬프 사진 + 장면 연속성,46.64,T3,화자·문맥·자연스러움 집중 검토,triple_identical_run,75.0,58.55,P2,앞뒤 5블록·사진·오류 기억을 함께 검토
SONE-785,사진 대조 1차 교정본,332,"00:44:35,210 --> 00:44:36,330",1.12,계속 그렇게 말해도 괜찮겠어?,더 벌려.,좀 더 벌리는 게 좋아.,반응형,,0.01,,,25.0,90.0,50.0,78.0,75.0,0.74891,0.0,66.0,0.0,0.0,0.3589,말해도 괜찮아요.,"괜찮아, 계속해.",일본어 원문 대조 + 자연스러운 한국어 대사 교정,46.51,T3,화자·문맥·자연스러움 집중 검토,,74.74489795918367,58.37,P2,앞뒤 5블록·사진·오류 기억을 함께 검토
SONE-785,사진 대조 1차 교정본,101,"00:12:38,420 --> 00:12:44,280",5.86,"이세 선수는 상당히 진지하고 자신감 넘치는
선수인데, 여성 팬이 많은 것도 납득이 되네요.","물론 승부는 한순간에 뒤집힐 수 있으니,
입장이 바뀌었다면 결과도 달랐을지 모르죠.","뭐, 다시 경기가 잡힌다고 해도 제 승리는 확정이니까요.",반말형,,0.02,,,25.0,90.0,50.0,78.0,75.0,0.74656,0.0,66.0,0.0,0.0,0.1102,지금 함께 지내는 것도 꽤 괜찮아. 그러니 좀 더 자신감을 가져.,지금 함께 지내는 것도 꽤 괜찮잖아. 그러니 좀 더 자신감을 가져.,화자 분리 및 줄바꿈,46.42,T3,화자·문맥·자연스러움 집중 검토,,74.48979591836735,58.21,P2,앞뒤 5블록·사진·오류 기억을 함께 검토
SONE-785,사진 대조 1차 교정본,334,"00:44:57,910 --> 00:44:58,810",0.9,부끄러워서 못 보겠어요.,좀 더 벌리는 게 좋아.,하아…,반응형,,0.01,,,25.0,90.0,50.0,78.0,75.0,0.74385,0.0,66.0,0.0,0.0,0.3147,부끄러워...,부끄러워…,,46.3,T3,화자·문맥·자연스러움 집중 검토,,74.23469387755102,58.03,P2,앞뒤 5블록·사진·오류 기억을 함께 검토
SONE-785,사진 대조 1차 교정본,106,"00:12:54,240 --> 00:12:55,860",1.62,경기 직후인데 인터뷰에 응해 주셔서 감사합니다.,네.,이제 됐습니다.,중립·혼합형,,0.04,,,25.0,90.0,50.0,78.0,75.0,0.73981,0.0,66.0,0.0,0.0,0.4737,시청해 주셔서 감사합니다.,[불명],,46.13,T3,화자·문맥·자연스러움 집중 검토,,73.9795918367347,57.83,P3,말투·질문응답·가독성 위주 검토
SONE-785,사진 대조 1차 교정본,120,"00:13:39,820 --> 00:13:40,620",0.8,카에데 씨라면 말이야.,계속 열심히 하는 모습을 보고 싶으니 독점 인터뷰도 받아 줄게.,감사합니다.,반말형,,0.02,,,25.0,90.0,50.0,78.0,75.0,0.70322,0.0,66.0,0.0,18.0,0.4494,유두 말이야.,젖꼭지 말이야.,,46.04,T3,화자·문맥·자연스러움 집중 검토,formality_shift,73.5969387755102,57.61,P3,말투·질문응답·가독성 위주 검토
SONE-785,사진 대조 1차 교정본,306,"00:32:27,480 --> 00:32:29,040",1.56,왜 이렇게 달콤한 맛이 나지?,그러니까.,향도 좋네.,반말형,,0.02,,,25.0,90.0,50.0,78.0,75.0,0.73771,0.0,66.0,0.0,0.0,0.2095,이렇게 해버려.,이렇게 해 버려.,,46.04,T3,화자·문맥·자연스러움 집중 검토,,73.5969387755102,57.61,P3,말투·질문응답·가독성 위주 검토
SONE-785,사진 대조 1차 교정본,50,"00:06:53,010 --> 00:06:55,350",2.34,그게 이세 선수한테서 온 연락이었어.,아까 전화 왔었지?,다음 경기 뒤 인터뷰를 너를 지명해서 받겠대.,반응형,,0.01,,,25.0,90.0,50.0,78.0,75.0,0.73707,0.0,66.0,0.0,0.0,0.1276,그게 두 번째예요.,방금 두 번째였어요.,사진 장면 확인 및 한국어 번역투·ASR 오역 교정,46.02,T3,화자·문맥·자연스러움 집중 검토,,73.21428571428571,57.44,P3,말투·질문응답·가독성 위주 검토
SONE-785,사진 대조 1차 교정본,24,"00:04:15,940 --> 00:04:17,000",1.06,그건 정말 대단하네요.,어쩌면 우리 방송국이 단독 취재를 따내면 정말 대단한 일이야.,그렇지?,반말형,,0.04,,,25.0,90.0,50.0,78.0,75.0,0.64313,21.44,66.0,0.0,0.0,0.8286,대단하네요.,바다다!,일본어 원문 대조 + 자연스러운 한국어 대사 교정,45.93,T3,화자·문맥·자연스러움 집중 검토,,72.95918367346938,57.28,P3,말투·질문응답·가독성 위주 검토
SONE-785,사진 대조 1차 교정본,335,"00:45:53,200 --> 00:45:54,280",1.08,하아…,부끄러워서 못 보겠어요.,소리 내 봐.,반응형,,0.0,,,25.0,90.0,50.0,78.0,75.0,0.55231,42.0,66.0,0.0,0.0,1.0,하아…,보여 줘.,일본어 원문 + 타임스탬프 사진 + 장면 연속성,45.82,T3,화자·문맥·자연스러움 집중 검토,,72.70408163265306,57.11,P3,말투·질문응답·가독성 위주 검토
SONE-785,사진 대조 1차 교정본,373,"01:30:24,570 --> 01:30:26,210",1.64,예를 들어 남자친구와는…,보통 사람과 다른 게 느껴지지?,아아…,반응형,,0.03,,,25.0,90.0,50.0,78.0,75.0,0.72615,0.0,66.0,0.0,0.0,0.2561,남자친구 거랑은...,남자친구 거랑은…,,45.56,T3,화자·문맥·자연스러움 집중 검토,,72.44897959183673,56.85,P3,말투·질문응답·가독성 위주 검토
SONE-785,사진 대조 1차 교정본,350,"00:57:02,890 --> 00:57:04,430",1.54,아래에서 속옷을 당겨 볼게.,흥분했어?,여기인가.,반응형,,0.01,,,25.0,90.0,50.0,78.0,75.0,0.7244,0.0,66.0,0.0,0.0,0.2513,아래에서부터 핥아 주는 거지?,아래쪽부터 핥아 주는 거지?,일본어 원문 대조 + 자연스러운 한국어 대사 교정,45.48,T3,화자·문맥·자연스러움 집중 검토,,72.1938775510204,56.7,P3,말투·질문응답·가독성 위주 검토
SONE-785,사진 대조 1차 교정본,264,"00:24:38,260 --> 00:24:40,980",2.72,"이세 선수, 먼저 실례하겠습니다.","네 경력을 위해서도, 방송국을 위해서도 말이야.",그래!,존댓말형,,0.04,,,25.0,90.0,50.0,78.0,75.0,0.68964,0.0,66.0,0.0,18.0,0.318,열심히 하겠습니다.,힘내 볼게요.,,45.46,T3,화자·문맥·자연스러움 집중 검토,formality_shift,71.93877551020408,56.58,P3,말투·질문응답·가독성 위주 검토
SONE-785,사진 대조 1차 교정본,277,"00:26:35,850 --> 00:27:17,590",41.74,뭐든 힘이 되어 줄 테니까.,"밀착 취재하러 와 줄 거지, 응?",나 마사지도 잘하거든.,반응형,,0.05,,,25.0,90.0,50.0,78.0,75.0,0.72317,0.0,66.0,0.0,0.0,0.4404,"자, 더 해줄 테니까.","자, 더 해 줄 테니까.",,45.43,T3,화자·문맥·자연스러움 집중 검토,,71.68367346938776,56.46,P3,말투·질문응답·가독성 위주 검토
SONE-785,사진 대조 1차 교정본,372,"01:30:18,250 --> 01:30:19,850",1.6,보통 사람과 다른 게 느껴지지?,스포츠 캐스터라면 그 정도는 알아 둬야지.,예를 들어 남자친구와는…,반말형,,0.05,,,25.0,90.0,50.0,78.0,75.0,0.72256,0.0,66.0,0.0,0.0,0.1388,따뜻해… 엄청 느껴지네요.,따뜻해… 안쪽까지 느껴져요.,,45.41,T3,화자·문맥·자연스러움 집중 검토,,71.42857142857143,56.34,P3,말투·질문응답·가독성 위주 검토
SONE-785,사진 대조 1차 교정본,218,"00:20:51,900 --> 00:20:54,440",2.54,많은 부분이 베일에 싸여 있는데요.,이세 선수는 독점 취재를 거의 허락하지 않는 걸로 유명하죠.,죄송하지만 한 번 더 해도 될까요?,중립·혼합형,,0.0,,,25.0,90.0,50.0,78.0,75.0,0.72206,0.0,66.0,0.0,0.0,0.0971,이 영상은 나중에 후와 씨에게도 보여 줄 텐데요.,이 영상은 나중에 후우아 씨에게도 보여 드릴 텐데요.,출연자 이름 오인식 교정,45.39,T3,화자·문맥·자연스러움 집중 검토,,71.1734693877551,56.22,P3,말투·질문응답·가독성 위주 검토
SONE-785,사진 대조 1차 교정본,272,"00:25:52,830 --> 00:25:53,550",0.72,"저, 잠깐만요.",나도 후와 씨를 더 잘 알고 난 뒤에 밀착 취재를 받고 싶었거든.,응?,반응형,,0.03,,,25.0,90.0,50.0,78.0,75.0,0.6236,22.9,66.0,0.0,0.0,0.8409,잠깐만요.,조금만 기다려.,일본어 원문 대조 + 자연스러운 한국어 대사 교정,45.37,T3,화자·문맥·자연스러움 집중 검토,,70.91836734693877,56.1,P3,말투·질문응답·가독성 위주 검토
SONE-785,사진 대조 1차 교정본,199,"00:19:33,620 --> 00:19:34,960",1.34,그 뒤의 일도 괜찮겠지?,분명 열심히 할 겁니다.,"카에데, 준비됐어?",반말형,,0.02,,,25.0,90.0,50.0,78.0,75.0,0.7171,0.0,66.0,0.0,0.0,0.1243,"그날 이후로, 마치 아무 일도 없었던 것처럼,","그날 이후 우리는 아무 일도 없었던 것처럼 지냈고,",내레이션 연결 자연화,45.18,T3,화자·문맥·자연스러움 집중 검토,,70.66326530612244,55.88,P3,말투·질문응답·가독성 위주 검토
SONE-785,사진 대조 1차 교정본,124,"00:13:48,300 --> 00:13:51,120",2.82,필요한 준비가 정리되면 연락할게.,대신 조건이 하나 있어.,네.,중립·혼합형,,0.0,,,25.0,90.0,50.0,78.0,75.0,0.71598,0.0,66.0,0.0,0.0,0.1578,이제 안 할게.,이제 안 애태울게.,,45.13,T3,화자·문맥·자연스러움 집중 검토,,70.40816326530613,55.75,P3,말투·질문응답·가독성 위주 검토
SONE-785,사진 대조 1차 교정본,54,"00:07:04,130 --> 00:07:08,690",4.56,그 이세 선수가 카에데 후와를 지명한 거야.,"그래, 맞아.",게다가 말이지.,반말형,,0.03,,,25.0,90.0,50.0,78.0,75.0,0.71417,0.0,66.0,0.0,0.0,0.2699,카에데 후와 씨라는…,카에데 후우아 씨라는 분입니다.,출연자 이름 오인식 교정,45.06,T3,화자·문맥·자연스러움 집중 검토,,70.1530612244898,55.6,P3,말투·질문응답·가독성 위주 검토
SONE-785,사진 대조 1차 교정본,212,"00:20:28,500 --> 00:20:30,780",2.28,"3, 2, 1.",시작 3초 전.,오늘 SS1 TV의 독점 취재에 응해 주셔서 감사합니다.,중립·혼합형,,0.0,,,25.0,90.0,50.0,78.0,75.0,0.60993,24.0,66.0,0.0,0.0,0.0638,"아뇨, 2달, 100명이라뇨…",아니에요. 백 명이라뇨…,일본어 원문 대조 + 자연스러운 한국어 대사 교정,45.0,T3,화자·문맥·자연스러움 집중 검토,number_sequence,69.89795918367348,55.46,P3,말투·질문응답·가독성 위주 검토
SONE-785,사진 대조 1차 교정본,374,"01:35:02,620 --> 01:35:03,180",0.56,아아…,예를 들어 남자친구와는…,아아…,반응형,,0.02,,,25.0,90.0,50.0,78.0,75.0,0.53185,42.0,66.0,0.0,0.0,1.0,아아…,"와, 진짜 많이 커졌어.",일본어 원문 + 타임스탬프 사진 + 장면 연속성,44.96,T3,화자·문맥·자연스러움 집중 검토,,69.64285714285714,55.33,P3,말투·질문응답·가독성 위주 검토
SONE-785,사진 대조 1차 교정본,162,"00:16:36,030 --> 00:16:36,250",0.22,잘 부탁해.,오늘 몇 가지 물어보고 싶은 게 있어.,실례하겠습니다. 마이크를 옷에 달겠습니다.,반말형,,0.03,,,25.0,90.0,50.0,78.0,75.0,0.4565,34.78,66.0,43.64,0.0,0.9398,부탁해.,그대로 해 줘.,손상된 일본어 ASR + 타임스탬프 사진 + 앞뒤 문맥 추론,44.86,T3,화자·문맥·자연스러움 집중 검토,high_cps,69.38775510204081,55.16,P3,말투·질문응답·가독성 위주 검토
SONE-785,사진 대조 1차 교정본,97,"00:12:13,860 --> 00:12:15,980",2.12,과연 강한 이세 선수다운 말씀이네요.,"뭐, 늘 그렇듯 눈앞의 상대를 쓰러뜨린다는 생각뿐이라
다른 건 생각하지 않습니다.","상대였던 심포스 선수도 상당한 강자였는데, 어떠셨습니까?",반말형,,0.04,,,25.0,90.0,50.0,78.0,75.0,0.70922,0.0,66.0,0.0,0.0,0.181,큰일이네요.,이러다 갈 것 같아요.,사진 장면 확인 및 한국어 번역투·ASR 오역 교정,44.85,T3,화자·문맥·자연스러움 집중 검토,,69.13265306122449,55.05,P3,말투·질문응답·가독성 위주 검토
SONE-785,사진 대조 1차 교정본,242,"00:22:52,680 --> 00:22:54,460",1.78,정말 수고 많으셨습니다. 감사합니다.,수고하셨습니다.,이거 맛있네.,반응형,,0.02,,,25.0,90.0,50.0,78.0,75.0,0.70522,0.0,66.0,0.0,0.0,0.5604,감사합니다.,고마워요.,타임스탬프 사진과 앞뒤 장면으로 대사 기능 복원,44.68,T3,화자·문맥·자연스러움 집중 검토,,68.87755102040816,54.84,P3,말투·질문응답·가독성 위주 검토
SONE-785,사진 대조 1차 교정본,82,"00:10:58,680 --> 00:11:00,500",1.82,가 보고 싶은 곳이 하나 있는데.,"음, 그럼…",응.,중립·혼합형,,0.02,,,25.0,90.0,50.0,78.0,75.0,0.705,0.0,66.0,0.0,0.0,0.1872,잘 보고 있어...,잘 보고 있어…,,44.67,T3,화자·문맥·자연스러움 집중 검토,,68.62244897959184,54.73,P3,말투·질문응답·가독성 위주 검토
SONE-785,사진 대조 1차 교정본,149,"00:15:48,680 --> 00:15:52,680",4.0,이걸 넘지 못하면 미래는 없어.,그 첫 단계다.,"아, 안녕하세요.",반응형,,0.02,,,25.0,90.0,50.0,78.0,75.0,0.67009,0.0,66.0,0.0,18.0,0.3411,이걸 사고는 할 말이 없어.,이걸로는 할 말이 없네.,사진 장면 확인 및 한국어 번역투·ASR 오역 교정,44.64,T3,화자·문맥·자연스러움 집중 검토,formality_shift,68.36734693877551,54.61,P3,말투·질문응답·가독성 위주 검토
SONE-785,사진 대조 1차 교정본,370,"01:29:42,900 --> 01:29:44,680",1.78,운동선수의 체력을 몰라?,넣어도 돼?,스포츠 캐스터라면 그 정도는 알아 둬야지.,중립·혼합형,,0.0,,,25.0,90.0,50.0,78.0,75.0,0.70356,0.0,66.0,0.0,0.0,0.0941,여기서 잘지도 몰라.,"응, 들어왔어.",일본어 원문 + 타임스탬프 사진 + 장면 연속성,44.61,T3,화자·문맥·자연스러움 집중 검토,,68.11224489795919,54.48,P3,말투·질문응답·가독성 위주 검토
SONE-785,사진 대조 1차 교정본,352,"00:57:14,600 --> 00:57:15,800",1.2,직접 확인해 봐.,여기인가.,할 수 있지?,반말형,,0.0,,,25.0,90.0,50.0,78.0,75.0,0.70282,0.0,66.0,0.0,0.0,0.2924,확인해볼게.,확인해 볼게.,,44.58,T3,화자·문맥·자연스러움 집중 검토,,67.85714285714286,54.36,P3,말투·질문응답·가독성 위주 검토
SONE-785,사진 대조 1차 교정본,77,"00:10:29,430 --> 00:10:31,050",1.62,혹시 무슨 일이라도 생기면 말해.,응.,어? 정말 괜찮아?,반말형,,0.03,,,25.0,90.0,50.0,78.0,75.0,0.70243,0.0,66.0,0.0,0.0,0.1829,"그나저나, 아이가 안 생기는 건 무슨 이유라도 있는 거냐?",그런데 아직 아이가 없는 건 무슨 이유라도 있는 거냐?,대화체 자연화,44.56,T3,화자·문맥·자연스러움 집중 검토,,67.60204081632652,54.24,P3,말투·질문응답·가독성 위주 검토
SONE-785,사진 대조 1차 교정본,252,"00:23:31,040 --> 00:23:34,940",3.9,그럼 저는 오늘 이만 실례하겠습니다.,물론이지.,카에데와 천천히 미팅하십시오.,존댓말형,,0.04,,,25.0,90.0,50.0,78.0,75.0,0.66251,0.0,66.0,0.0,18.0,0.3194,열심히 하겠습니다.,힘내 볼게요.,,44.33,T3,화자·문맥·자연스러움 집중 검토,formality_shift,67.3469387755102,54.0,P3,말투·질문응답·가독성 위주 검토
SONE-785,사진 대조 1차 교정본,133,"00:14:29,650 --> 00:14:30,690",1.04,"잘 들어, 카에데.",잘 부탁해.,이번 독점 취재가 잘되면 밀착 취재 권리까지 받을 수 있어.,반응형,,0.05,,,25.0,90.0,50.0,78.0,75.0,0.69609,0.0,66.0,0.0,0.0,0.1838,카에데 후와 씨라는…,카에데 후우아 씨라는 분입니다.,출연자 이름 오인식 교정,44.3,T3,화자·문맥·자연스러움 집중 검토,,66.83673469387756,53.77,P3,말투·질문응답·가독성 위주 검토
SONE-785,사진 대조 1차 교정본,139,"00:14:51,510 --> 00:14:54,110",2.6,"기대하고 있다, 카에데 아나운서.",이세 선수의 심기를 거스르는 일은 절대 하지 마.,"네, 알겠습니다.",반응형,,0.01,,,25.0,90.0,50.0,78.0,75.0,0.69627,0.0,66.0,0.0,0.0,0.2134,카에데 후와 씨라는…,카에데 후우아 씨라는 분입니다.,출연자 이름 오인식 교정,44.3,T3,화자·문맥·자연스러움 집중 검토,,66.83673469387756,53.77,P3,말투·질문응답·가독성 위주 검토
SONE-785,사진 대조 1차 교정본,255,"00:23:46,080 --> 00:23:47,280",1.2,마음을 바꿔 주셨군요.,이 호텔 방도 아침까지 잡아 두었으니 편히 쉬십시오.,계속해.,중립·혼합형,,0.02,,,25.0,90.0,50.0,78.0,75.0,0.69617,0.0,66.0,0.0,0.0,0.322,"아, 바꿔 주세요.",후와 카에데입니다.,사진 장면 확인 및 한국어 번역투·ASR 오역 교정,44.3,T3,화자·문맥·자연스러움 집중 검토,,66.83673469387756,53.77,P3,말투·질문응답·가독성 위주 검토
SONE-785,사진 대조 1차 교정본,253,"00:23:35,980 --> 00:23:39,280",3.3,카에데와 천천히 미팅하십시오.,그럼 저는 오늘 이만 실례하겠습니다.,이 호텔 방도 아침까지 잡아 두었으니 편히 쉬십시오.,중립·혼합형,,0.02,,,25.0,90.0,50.0,78.0,75.0,0.69503,0.0,66.0,0.0,0.0,0.3168,천천히 해 줘.,"좋네. 잠깐, 어떻게 돼 있었지?",일본어 원문 + 타임스탬프 사진 + 장면 연속성,44.25,T3,화자·문맥·자연스러움 집중 검토,,66.3265306122449,53.52,P3,말투·질문응답·가독성 위주 검토
SONE-785,사진 대조 1차 교정본,186,"00:18:39,310 --> 00:18:41,830",2.52,회사에서 최종 확인이 필요하니 이쪽으로 와 주시겠어요?,그렇죠. 죄송합니다.,이쪽으로 와 주시겠어요?,중립·혼합형,,0.01,,,25.0,90.0,50.0,78.0,75.0,0.69033,0.0,66.0,0.0,0.0,0.2269,이쪽으로 넣어 주세요...,이쪽으로 넣어 주세요…,,44.05,T3,화자·문맥·자연스러움 집중 검토,,66.07142857142857,53.3,P3,말투·질문응답·가독성 위주 검토
SONE-785,사진 대조 1차 교정본,328,"00:43:56,700 --> 00:43:57,660",0.96,왜 안 하는 거야?,어떻게 하면 돼요?,다리를 잡아.,반말형,,0.0,,,25.0,90.0,50.0,78.0,75.0,0.68935,0.0,66.0,0.0,0.0,0.5895,뭐라고 하는 거야?,뭐라고 말해야 해?,일본어 원문 대조 + 자연스러운 한국어 대사 교정,44.01,T3,화자·문맥·자연스러움 집중 검토,,65.81632653061224,53.17,P3,말투·질문응답·가독성 위주 검토
SONE-785,사진 대조 1차 교정본,244,"00:22:59,760 --> 00:23:01,380",1.62,이제 남은 것도 거의 없잖아.,이거 맛있네.,알고 있다니까.,반응형,,0.04,,,25.0,90.0,50.0,78.0,75.0,0.68705,0.0,66.0,0.0,0.0,0.4495,침대가 이제 여기 없잖아.,침대가 여기까지 밀렸잖아.,,43.92,T3,화자·문맥·자연스러움 집중 검토,,65.56122448979592,53.01,P3,말투·질문응답·가독성 위주 검토
SONE-785,사진 대조 1차 교정본,100,"00:12:29,000 --> 00:12:37,140",8.14,"물론 승부는 한순간에 뒤집힐 수 있으니,
입장이 바뀌었다면 결과도 달랐을지 모르죠.","그 선수도 강했지만 1라운드에서 제가 완승한
시점에 압도적인 차이가 드러났다고 생각합니다.","이세 선수는 상당히 진지하고 자신감 넘치는
선수인데, 여성 팬이 많은 것도 납득이 되네요.",반말형,,0.0,,,25.0,90.0,50.0,78.0,75.0,0.68639,0.0,66.0,0.0,0.0,0.1043,"한 달 동안 같이 지낼 기회가 있으니, 저는 좀 더 친해져서 여러 가지를 함께하고 싶어요. 저와 친하게 지내 줄래요?",한 달 동안 좀 더 친해져서 여러 가지를 함께하고 싶어요. 저와 친하게 지내 줄래요?,화자·문장 구조 정리,43.89,T3,화자·문맥·자연스러움 집중 검토,,65.3061224489796,52.88,P3,말투·질문응답·가독성 위주 검토
SONE-785,사진 대조 1차 교정본,333,"00:44:50,960 --> 00:44:52,240",1.28,좀 더 벌리는 게 좋아.,계속 그렇게 말해도 괜찮겠어?,부끄러워서 못 보겠어요.,반응형,,0.04,,,25.0,90.0,50.0,78.0,75.0,0.6852,0.0,66.0,0.0,0.0,0.3733,"아, 좋아.","아, 들어온다.",,43.84,T3,화자·문맥·자연스러움 집중 검토,,65.05102040816327,52.75,P3,말투·질문응답·가독성 위주 검토
SONE-785,사진 대조 1차 교정본,93,"00:11:55,760 --> 00:11:58,360",2.6,"이세 선수, 멋진 승리 축하드립니다.",네.,감사합니다.,존댓말형,,0.04,,,25.0,90.0,50.0,78.0,75.0,0.68402,0.0,66.0,0.0,0.0,0.2752,잘 부탁드립니다.,좋은 아침입니다.,,43.79,T3,화자·문맥·자연스러움 집중 검토,,64.79591836734694,52.61,P3,말투·질문응답·가독성 위주 검토
SONE-785,사진 대조 1차 교정본,116,"00:13:27,260 --> 00:13:27,620",0.36,"그래, 좋았어.",감사합니다.,열심히 하는 모습은 정말 보기 좋네.,반응형,,0.04,,,25.0,90.0,50.0,78.0,75.0,0.62376,0.0,66.0,25.0,0.0,0.3425,대박이다. 장난 아니었어. 엄청나게 좋았어.,대박이었어. 진짜 너무 좋았어.,일본어 원문 대조 + 자연스러운 한국어 대사 교정,43.76,T3,화자·문맥·자연스러움 집중 검토,borderline_cps,64.54081632653062,52.49,P3,말투·질문응답·가독성 위주 검토
SONE-785,사진 대조 1차 교정본,126,"00:13:51,640 --> 00:13:52,160",0.52,잘 부탁해.,네.,네.,반말형,,0.04,,,25.0,90.0,50.0,78.0,75.0,0.533,34.78,66.0,0.0,0.0,0.9398,부탁해.,그대로 해 줘.,손상된 일본어 ASR + 타임스탬프 사진 + 앞뒤 문맥 추론,43.71,T3,화자·문맥·자연스러움 집중 검토,,64.28571428571429,52.35,P3,말투·질문응답·가독성 위주 검토
SONE-785,사진 대조 1차 교정본,366,"01:16:25,670 --> 01:16:28,610",2.94,부끄러운가 보네…,어떻게 될까?,일단 뒤에서 해 볼까.,반말형,,0.03,,,25.0,90.0,50.0,78.0,75.0,0.63109,11.77,66.0,0.0,0.0,0.7481,부끄러운가 봐.,아직도 부끄러운가 봐.,일본어 원문 대조 + 자연스러운 한국어 대사 교정,43.69,T3,화자·문맥·자연스러움 집중 검토,,64.03061224489795,52.23,P3,말투·질문응답·가독성 위주 검토
SONE-785,사진 대조 1차 교정본,132,"00:13:57,240 --> 00:13:57,600",0.36,잘 부탁해.,네.,"잘 들어, 카에데.",반말형,,0.04,,,25.0,90.0,50.0,78.0,75.0,0.53186,34.78,66.0,0.0,0.0,0.9398,부탁해.,그대로 해 줘.,손상된 일본어 ASR + 타임스탬프 사진 + 앞뒤 문맥 추론,43.66,T3,화자·문맥·자연스러움 집중 검토,,63.775510204081634,52.11,P3,말투·질문응답·가독성 위주 검토
SONE-785,사진 대조 1차 교정본,60,"00:07:44,240 --> 00:08:04,930",20.69,아무튼 기쁜 일이야.,반드시 그다음 단계인 밀착 다큐멘터리 계약까지 따내.,알겠지?,반응형,,0.04,,,25.0,90.0,50.0,78.0,75.0,0.67759,0.0,66.0,0.0,0.0,0.3661,1년 정도의 일이야.,아… 잠깐만…,타임스탬프 사진으로 장면 불일치 확인 후 재복원,43.52,T3,화자·문맥·자연스러움 집중 검토,,63.52040816326531,51.92,P3,말투·질문응답·가독성 위주 검토
SONE-785,사진 대조 1차 교정본,354,"01:02:02,800 --> 01:02:04,040",1.24,손가락으로 잡고 있을 테니까.,할 수 있지?,둘 다 움직여.,반응형,,0.0,,,25.0,90.0,50.0,78.0,75.0,0.67723,0.0,66.0,0.0,0.0,0.3413,"자, 더 해줄 테니까.","자, 더 해 줄 테니까.",,43.5,T3,화자·문맥·자연스러움 집중 검토,,63.26530612244898,51.8,P3,말투·질문응답·가독성 위주 검토
SONE-785,사진 대조 1차 교정본,19,"00:04:05,920 --> 00:04:06,600",0.68,다른 방송국들은 어땠지?,네.,제안을 전부 거절당했어.,반응형,,0.02,,,25.0,90.0,50.0,78.0,75.0,0.61667,0.0,66.0,25.0,0.0,0.1334,서로 다른 방식으로 해 보려고.,오늘은 서로 원하는 대로 해 보려고.,,43.46,T3,화자·문맥·자연스러움 집중 검토,borderline_cps,63.01020408163265,51.67,P3,말투·질문응답·가독성 위주 검토
SONE-785,사진 대조 1차 교정본,154,"00:16:07,940 --> 00:16:09,600",1.66,"안녕하세요, 좋은 아침입니다.",안녕하세요.,"오, 젊고 예쁘네.",반응형,,0.04,,,25.0,90.0,50.0,78.0,75.0,0.64387,7.45,66.0,0.0,0.0,0.7121,좋은 아침입니다.,♪,,43.44,T3,화자·문맥·자연스러움 집중 검토,,62.755102040816325,51.55,P3,말투·질문응답·가독성 위주 검토
SONE-785,사진 대조 1차 교정본,198,"00:19:28,310 --> 00:19:32,220",3.91,분명 열심히 할 겁니다.,이 기회를 놓치고 싶지 않을 겁니다.,그 뒤의 일도 괜찮겠지?,중립·혼합형,,0.01,,,25.0,90.0,50.0,78.0,75.0,0.67484,0.0,66.0,0.0,0.0,0.3862,열심히 하겠습니다.,힘내 볼게요.,,43.4,T3,화자·문맥·자연스러움 집중 검토,,62.5,51.42,P3,말투·질문응답·가독성 위주 검토
SONE-785,사진 대조 1차 교정본,278,"00:27:29,310 --> 00:27:30,630",1.32,나 마사지도 잘하거든.,뭐든 힘이 되어 줄 테니까.,괜찮아.,반말형,,0.01,,,25.0,90.0,50.0,78.0,75.0,0.6745,0.0,66.0,0.0,0.0,0.1858,엉덩이가 보고 싶어. 엉덩이를 좋아하거든. 그래? 좋아.,엉덩이가 보고 싶어. 내가 엉덩이를 좋아하거든. 그래? 좋아.,화자 분리 및 줄바꿈,43.39,T3,화자·문맥·자연스러움 집중 검토,,62.244897959183675,51.31,P3,말투·질문응답·가독성 위주 검토
SONE-785,사진 대조 1차 교정본,320,"00:37:30,800 --> 00:38:01,510",30.71,이쪽도 한결 부드러워졌어.,어떻게 된 것 같아?,몸이 이렇게 뜨거워졌잖아.,반응형,,0.0,,,25.0,90.0,50.0,78.0,75.0,0.66691,0.0,66.0,0.0,0.0,0.3173,엄청 부드러워...,엄청 부드러워…,,43.07,T3,화자·문맥·자연스러움 집중 검토,,61.98979591836735,51.02,P3,말투·질문응답·가독성 위주 검토
SONE-785,사진 대조 1차 교정본,160,"00:16:32,490 --> 00:16:33,390",0.9,전체적인 인상도 아주 좋네.,얼굴이 정말 작네요.,오늘 몇 가지 물어보고 싶은 게 있어.,반응형,,0.01,,,25.0,90.0,50.0,78.0,75.0,0.66612,0.0,66.0,0.0,0.0,0.3809,좋네.,좋아.,일본어 원문 대조 + 자연스러운 한국어 대사 교정,43.04,T3,화자·문맥·자연스러움 집중 검토,,61.73469387755102,50.89,P3,말투·질문응답·가독성 위주 검토
SONE-785,사진 대조 1차 교정본,321,"00:38:48,850 --> 00:38:50,650",1.8,몸이 이렇게 뜨거워졌잖아.,이쪽도 한결 부드러워졌어.,나도 똑같아.,반응형,,0.05,,,25.0,90.0,50.0,78.0,75.0,0.66083,0.0,66.0,0.0,0.0,0.2286,이렇게 몸을 빼 주세요.,이렇게 몸을 뒤로 빼 주세요.,동작 방향 명확화,42.81,T3,화자·문맥·자연스러움 집중 검토,,61.47959183673469,50.65,P3,말투·질문응답·가독성 위주 검토
SONE-785,사진 대조 1차 교정본,319,"00:36:47,360 --> 00:37:30,140",42.78,어떻게 된 것 같아?,미안해요.,이쪽도 한결 부드러워졌어.,반응형,,0.04,,,25.0,90.0,50.0,78.0,75.0,0.65857,0.0,66.0,0.0,0.0,0.5016,싸버릴 것 같아?,싸 버릴 것 같아?,,42.72,T3,화자·문맥·자연스러움 집중 검토,,61.224489795918366,50.49,P3,말투·질문응답·가독성 위주 검토
SONE-785,사진 대조 1차 교정본,40,"00:05:15,730 --> 00:05:16,070",0.34,너 말이야.,응.,잠깐 전화 좀 해 봐.,반말형,,0.03,,,25.0,90.0,50.0,78.0,75.0,0.62621,7.21,66.0,0.0,0.0,0.7101,유두 말이야.,젖꼭지 말이야.,,42.66,T3,화자·문맥·자연스러움 집중 검토,,60.84183673469388,50.3,P3,말투·질문응답·가독성 위주 검토
SONE-785,사진 대조 1차 교정본,141,"00:14:58,590 --> 00:15:03,990",5.4,이번 취재에 방송국의 운명이 걸려 있어.,"네, 알겠습니다.",그만큼 중요한 일이니 제대로 해.,중립·혼합형,,0.01,,,25.0,90.0,50.0,78.0,75.0,0.65723,0.0,66.0,0.0,0.0,0.2012,뒤에 있어.,뒤쪽도 보여 줘.,일본어 원문 대조 + 자연스러운 한국어 대사 교정,42.66,T3,화자·문맥·자연스러움 집중 검토,,60.84183673469388,50.3,P3,말투·질문응답·가독성 위주 검토
SONE-785,사진 대조 1차 교정본,327,"00:40:13,320 --> 00:40:14,560",1.24,어떻게 하면 돼요?,혀를 내밀어. 우리 친해지자.,왜 안 하는 거야?,반응형,,0.02,,,25.0,90.0,50.0,78.0,75.0,0.65365,0.0,66.0,0.0,0.0,0.4578,말해도 돼요?,이제 해도 돼요?,타임스탬프 사진과 앞뒤 장면으로 대사 기능 복원,42.51,T3,화자·문맥·자연스러움 집중 검토,,60.45918367346938,50.05,P3,말투·질문응답·가독성 위주 검토
SONE-785,사진 대조 1차 교정본,46,"00:06:39,510 --> 00:06:41,110",1.6,잘했다. 이제 돌아가.,마음에 드신 모양이군.,이걸로 너도 캐스터로서 꽃을 피우겠구나.,반응형,,0.01,,,25.0,90.0,50.0,78.0,75.0,0.65282,0.0,66.0,0.0,0.0,0.182,두 번째 자세로 다시 돌아가 주세요.,두 번째 자세로 다시 해 주세요.,사진 속 자세 전환에 맞게 간결화,42.48,T3,화자·문맥·자연스러움 집중 검토,,60.076530612244895,49.87,P3,말투·질문응답·가독성 위주 검토
SONE-785,사진 대조 1차 교정본,222,"00:21:00,560 --> 00:21:01,120",0.56,"네, 전혀 괜찮아요.",죄송합니다.,"네, 죄송합니다.",반응형,,0.04,,,25.0,90.0,50.0,78.0,79.0,0.55327,0.0,66.0,25.0,18.0,0.5986,말해도 괜찮아요.,"괜찮아, 계속해.",일본어 원문 대조 + 자연스러운 한국어 대사 교정,42.48,T3,화자·문맥·자연스러움 집중 검토,borderline_cps;formality_shift,60.076530612244895,49.87,P3,말투·질문응답·가독성 위주 검토
SONE-785,사진 대조 1차 교정본,184,"00:18:29,240 --> 00:18:30,400",1.16,그럼 더는 손대지 않을게.,"그래, 고마워.",그렇죠. 죄송합니다.,반말형,,0.04,,,25.0,90.0,50.0,78.0,75.0,0.616,0.0,66.0,0.0,18.0,0.1627,엉덩이를 먹을게.,엉덩이도 핥아 줄게.,,42.37,T3,화자·문맥·자연스러움 집중 검토,formality_shift,59.693877551020414,49.65,P3,말투·질문응답·가독성 위주 검토
SONE-785,사진 대조 1차 교정본,298,"00:31:15,560 --> 00:31:16,900",1.34,난 후와 씨 편이야.,"그럼 이건 기회 아니야, 후와 씨?",알고 있지?,반말형,,0.04,,,25.0,90.0,50.0,78.0,75.0,0.64861,0.0,66.0,0.0,0.0,0.5075,나는 이렇게 하는 편이야.,나는 이렇게 만지는 편이야.,손상된 일본어 ASR + 타임스탬프 사진 + 앞뒤 문맥 추론,42.3,T3,화자·문맥·자연스러움 집중 검토,,59.43877551020408,49.5,P3,말투·질문응답·가독성 위주 검토
SONE-785,사진 대조 1차 교정본,266,"00:25:17,890 --> 00:25:18,830",0.94,시간은 괜찮았어?,그래!,기운이 없잖아.,반응형,,0.01,,,25.0,90.0,50.0,78.0,75.0,0.64701,0.0,66.0,0.0,0.0,0.2891,"하지만, 시간은 울리지 않아...",[불명],,42.23,T3,화자·문맥·자연스러움 집중 검토,,59.183673469387756,49.35,P3,말투·질문응답·가독성 위주 검토
SONE-785,사진 대조 1차 교정본,219,"00:20:57,360 --> 00:20:59,560",2.2,죄송하지만 한 번 더 해도 될까요?,많은 부분이 베일에 싸여 있는데요.,죄송합니다.,중립·혼합형,,0.04,,,25.0,90.0,50.0,78.0,75.0,0.64342,0.0,66.0,0.0,0.0,0.1483,한 번 더 나가 봅시다.,한 번 더 해 볼게요.,사진 장면 확인 및 한국어 번역투·ASR 오역 교정,42.08,T3,화자·문맥·자연스러움 집중 검토,,58.92857142857143,49.16,P3,말투·질문응답·가독성 위주 검토
SONE-785,사진 대조 1차 교정본,358,"01:11:05,380 --> 01:11:07,000",1.62,앞으로 깊은 사이가 될 거니까.,스스로 움직여도 좋아.,입구 쪽이 좋아?,반응형,,0.02,,,25.0,90.0,50.0,78.0,75.0,0.64121,0.0,66.0,0.0,0.0,0.2656,역시 앞으로 뻗게 해줘.,역시 앞으로 뻗게 해 줘.,,41.99,T3,화자·문맥·자연스러움 집중 검토,,58.673469387755105,49.0,P3,말투·질문응답·가독성 위주 검토
SONE-785,사진 대조 1차 교정본,260,"00:24:02,950 --> 00:24:04,550",1.6,저는 이런 얘기 못 들었어요.,이게 어떻게 된 거예요?,잘 들어.,반응형,,0.05,,,25.0,90.0,50.0,78.0,75.0,0.63013,0.0,66.0,0.0,0.0,0.2249,더 하고 싶었어요.,조금 더 보고 싶었어요.,사진 장면 확인 및 한국어 번역투·ASR 오역 교정,41.53,T3,화자·문맥·자연스러움 집중 검토,,58.41836734693877,48.62,P3,말투·질문응답·가독성 위주 검토
SONE-785,사진 대조 1차 교정본,376,"01:46:26,620 --> 01:46:29,080",2.46,아아…,아아…,아아…,반응형,,0.02,,,25.0,90.0,50.0,78.0,75.0,0.38827,42.0,66.0,0.0,30.0,1.0,아아…,"와, 진짜 많이 커졌어.",일본어 원문 + 타임스탬프 사진 + 장면 연속성,41.33,T3,화자·문맥·자연스러움 집중 검토,triple_identical_run,58.16326530612245,48.4,P3,말투·질문응답·가독성 위주 검토
SONE-785,사진 대조 1차 교정본,241,"00:22:43,400 --> 00:22:45,960",2.56,수고하셨습니다.,그럼 가볍게 뒤풀이하죠.,정말 수고 많으셨습니다. 감사합니다.,존댓말형,,0.0,,,25.0,90.0,50.0,78.0,75.0,0.34123,66.0,66.0,0.0,0.0,1.0,수고하셨습니다.,[불명],,41.27,T3,화자·문맥·자연스러움 집중 검토,formal_scene_mistranslation,57.90816326530612,48.26,P3,말투·질문응답·가독성 위주 검토
SONE-785,사진 대조 1차 교정본,171,"00:17:37,010 --> 00:17:38,250",1.24,회사에서 괜찮다면 상관없는 거지?,여기에 달아도 돼?,괜찮습니다.,반말형,,0.01,,,25.0,90.0,50.0,78.0,75.0,0.58812,0.0,66.0,0.0,18.0,0.3353,잘 거지?,갈 수 있지?,사진 장면 확인 및 한국어 번역투·ASR 오역 교정,41.2,T3,화자·문맥·자연스러움 집중 검토,formality_shift,57.6530612244898,48.11,P3,말투·질문응답·가독성 위주 검토
SONE-785,사진 대조 1차 교정본,353,"01:00:31,880 --> 01:00:32,640",0.76,할 수 있지?,직접 확인해 봐.,손가락으로 잡고 있을 테니까.,반말형,,0.02,,,25.0,90.0,50.0,78.0,75.0,0.61986,0.0,66.0,0.0,0.0,0.2527,이쪽 보면서 할 수 있어.,이쪽 보면서 해 줘.,일본어 원문 대조 + 자연스러운 한국어 대사 교정,41.09,T3,화자·문맥·자연스러움 집중 검토,,57.39795918367348,47.94,P3,말투·질문응답·가독성 위주 검토
SONE-785,사진 대조 1차 교정본,275,"00:26:20,050 --> 00:26:29,550",9.5,앞으로 오래 함께할 사이인데.,싫은 건 아니잖아?,"밀착 취재하러 와 줄 거지, 응?",반응형,,0.05,,,25.0,90.0,50.0,78.0,75.0,0.61885,0.0,66.0,0.0,0.0,0.2478,역시 앞으로 뻗게 해줘.,역시 앞으로 뻗게 해 줘.,,41.05,T3,화자·문맥·자연스러움 집중 검토,,57.14285714285714,47.81,P3,말투·질문응답·가독성 위주 검토
SONE-785,사진 대조 1차 교정본,168,"00:17:32,230 --> 00:17:33,490",1.26,이 정도면 괜찮지 않아?,죄송합니다. 여기에…,정말인가요?,반응형,,0.03,,,25.0,90.0,50.0,78.0,75.0,0.55048,0.0,66.0,0.0,35.0,0.3075,너무 졸리지 않아?,눈썹도 예쁘네. 너무 진하지도 않고.,손상된 일본어 ASR + 타임스탬프 사진 + 앞뒤 문맥 추론,40.98,T3,화자·문맥·자연스러움 집중 검토,formality_jump,56.88775510204081,47.66,P3,말투·질문응답·가독성 위주 검토
SONE-785,사진 대조 1차 교정본,276,"00:26:31,610 --> 00:26:35,030",3.42,"밀착 취재하러 와 줄 거지, 응?",앞으로 오래 함께할 사이인데.,뭐든 힘이 되어 줄 테니까.,반말형,,0.01,,,25.0,90.0,50.0,78.0,75.0,0.6169,0.0,66.0,0.0,0.0,0.1494,응? 잠깐 기다려…,응? 잠깐만…,일본어 원문 대조 + 자연스러운 한국어 대사 교정,40.97,T3,화자·문맥·자연스러움 집중 검토,,56.63265306122449,47.55,P3,말투·질문응답·가독성 위주 검토
SONE-785,사진 대조 1차 교정본,29,"00:04:25,560 --> 00:04:27,680",2.12,길이 보이기 시작했잖아. 힘내.,응.,네.,반응형,,0.04,,,25.0,90.0,50.0,78.0,75.0,0.61642,0.0,66.0,0.0,0.0,0.2158,달라고 했잖아.,씻어 달라고 했잖아.,타임스탬프 사진과 앞뒤 장면으로 대사 기능 복원,40.95,T3,화자·문맥·자연스러움 집중 검토,,56.25,47.38,P3,말투·질문응답·가독성 위주 검토
SONE-785,사진 대조 1차 교정본,142,"00:15:07,520 --> 00:15:11,180",3.66,그만큼 중요한 일이니 제대로 해.,이번 취재에 방송국의 운명이 걸려 있어.,네.,반말형,,0.02,,,25.0,90.0,50.0,78.0,75.0,0.61638,0.0,66.0,0.0,0.0,0.2665,제대로 돼 있네.,제대로 가려지네.,일본어 원문 대조 + 자연스러운 한국어 대사 교정,40.95,T3,화자·문맥·자연스러움 집중 검토,,56.25,47.38,P3,말투·질문응답·가독성 위주 검토
SONE-785,사진 대조 1차 교정본,9,"00:02:25,990 --> 00:02:27,050",1.06,잘 부탁드립니다.,앞으로 훌륭한 아나운서가 될 아이이니 잘 부탁드립니다.,잘 부탁드리겠습니다.,존댓말형,,0.01,,,25.0,90.0,50.0,78.0,75.0,0.43298,42.0,66.0,0.0,0.0,1.0,잘 부탁드립니다.,좋은 아침입니다.,,40.8,T3,화자·문맥·자연스러움 집중 검토,,55.86734693877551,47.13,P3,말투·질문응답·가독성 위주 검토
SONE-785,사진 대조 1차 교정본,5,"00:01:47,990 --> 00:01:50,050",2.06,이세 선수를 소개해 드리겠습니다.,"아, 네.","저희 회사의 신입 스포츠 캐스터, 카에데 후와입니다.",중립·혼합형,,0.01,,,25.0,90.0,50.0,78.0,75.0,0.61137,0.0,66.0,0.0,0.0,0.2171,가 보겠습니다.,그럼 가 볼게요.,대화체 자연화,40.74,T3,화자·문맥·자연스러움 집중 검토,,55.61224489795919,46.99,P3,말투·질문응답·가독성 위주 검토
SONE-785,사진 대조 1차 교정본,323,"00:39:02,800 --> 00:39:03,880",1.08,이쪽도 괜찮을 것 같아.,나도 똑같아.,그렇게 싫어?,반응형,,0.0,,,25.0,90.0,50.0,78.0,75.0,0.60893,0.0,66.0,0.0,0.0,0.4517,갈 것 같아.,진짜 갈 것 같아.,일본어 원문 대조 + 자연스러운 한국어 대사 교정,40.64,T3,화자·문맥·자연스러움 집중 검토,,55.35714285714286,46.82,P3,말투·질문응답·가독성 위주 검토
SONE-785,사진 대조 1차 교정본,286,"00:28:50,080 --> 00:28:50,680",0.6,괜찮아.,잘하지?,잘하잖아.,반응형,,0.02,,,25.0,90.0,50.0,78.0,75.0,0.42608,42.0,66.0,0.0,0.0,1.0,괜찮아.,최고예요.,화면 영문 자막 대조,40.52,T3,화자·문맥·자연스러움 집중 검토,,55.10204081632652,46.64,P3,말투·질문응답·가독성 위주 검토
SONE-785,사진 대조 1차 교정본,183,"00:18:19,730 --> 00:18:20,890",1.16,"그래, 고마워.",감사합니다.,그럼 더는 손대지 않을게.,중립·혼합형,,0.03,,,25.0,90.0,50.0,78.0,75.0,0.53077,16.84,66.0,0.0,0.0,0.7904,고마워.,손으로 잡아 줘.,일본어 원문 + 타임스탬프 사진 + 장면 연속성,40.38,T3,화자·문맥·자연스러움 집중 검토,,54.8469387755102,46.46,P3,말투·질문응답·가독성 위주 검토
SONE-785,사진 대조 1차 교정본,155,"00:16:10,100 --> 00:16:11,220",1.12,"오, 젊고 예쁘네.","안녕하세요, 좋은 아침입니다.",오늘은 잘 부탁드립니다.,반말형,,0.0,,,25.0,90.0,50.0,78.0,75.0,0.52804,0.0,66.0,0.0,35.0,0.6138,이거 예쁘네.,손으로 가리지 마.,일본어 원문 + 타임스탬프 사진 + 장면 연속성,40.04,T3,화자·문맥·자연스러움 집중 검토,formality_jump,54.59183673469388,46.15,P3,말투·질문응답·가독성 위주 검토
SONE-785,사진 대조 1차 교정본,294,"00:30:57,540 --> 00:30:58,620",1.08,왜 그러는 거야?,오타 씨에게도 그렇게 전해 둘게.,훌륭한 스포츠 캐스터가 되는 게 꿈이잖아?,반말형,,0.04,,,25.0,90.0,50.0,78.0,75.0,0.59112,0.0,66.0,0.0,0.0,0.3608,뭐라는 거야... 뭐라고 그러는 거야...,뭐라는 거야… 뭐라고 그러는 거야…,,39.89,T3,화자·문맥·자연스러움 집중 검토,,54.33673469387755,45.96,P3,말투·질문응답·가독성 위주 검토
SONE-785,사진 대조 1차 교정본,307,"00:32:29,200 --> 00:32:58,980",29.78,향도 좋네.,왜 이렇게 달콤한 맛이 나지?,그럼 넣어 볼게.,반말형,,0.0,,,25.0,90.0,50.0,78.0,75.0,0.57525,3.66,66.0,0.0,0.0,0.6805,좋네.,좋아.,일본어 원문 대조 + 자연스러운 한국어 대사 교정,39.88,T3,화자·문맥·자연스러움 집중 검토,,54.08163265306123,45.84,P3,말투·질문응답·가독성 위주 검토
SONE-785,사진 대조 1차 교정본,20,"00:04:07,120 --> 00:04:09,240",2.12,제안을 전부 거절당했어.,다른 방송국들은 어땠지?,그런가요?,반응형,,0.02,,,25.0,90.0,50.0,78.0,75.0,0.58786,0.0,66.0,0.0,0.0,0.1541,전부 혼자서 하는 거네...,전부 혼자서 하는 거네…,,39.75,T3,화자·문맥·자연스러움 집중 검토,,53.826530612244895,45.66,P3,말투·질문응답·가독성 위주 검토
SONE-785,사진 대조 1차 교정본,359,"01:11:46,320 --> 01:11:47,220",0.9,입구 쪽이 좋아?,앞으로 깊은 사이가 될 거니까.,안쪽이 좋아?,반응형,,0.02,,,25.0,90.0,50.0,78.0,75.0,0.58735,0.0,66.0,0.0,0.0,0.5344,안은 어느 쪽이 좋아?,안에서는 어디가 좋아?,일본어 원문 대조 + 자연스러운 한국어 대사 교정,39.73,T3,화자·문맥·자연스러움 집중 검토,,53.57142857142857,45.54,P3,말투·질문응답·가독성 위주 검토
SONE-785,사진 대조 1차 교정본,11,"00:03:03,040 --> 00:03:03,420",0.38,그럼 또 뵙겠습니다.,잘 부탁드리겠습니다.,"아, 모셔다드리겠습니다.",존댓말형,,0.04,,,25.0,90.0,50.0,78.0,75.0,0.46982,0.0,66.0,48.42,0.0,0.3849,그럼 들어가 보겠습니다.,그럼 이만 가 보겠습니다.,퇴장 장면에 맞는 표현 교정,39.63,T3,화자·문맥·자연스러움 집중 검토,high_cps,53.316326530612244,45.38,P3,말투·질문응답·가독성 위주 검토
SONE-785,사진 대조 1차 교정본,331,"00:44:27,500 --> 00:44:28,740",1.24,더 벌려.,자.,계속 그렇게 말해도 괜찮겠어?,중립·혼합형,,0.0,,,25.0,90.0,50.0,78.0,75.0,0.58418,0.0,66.0,0.0,0.0,0.3889,다리를 벌려...,다리를 벌려…,,39.6,T3,화자·문맥·자연스러움 집중 검토,,53.06122448979592,45.25,P3,말투·질문응답·가독성 위주 검토
SONE-785,사진 대조 1차 교정본,200,"00:20:08,680 --> 00:20:09,900",1.22,"카에데, 준비됐어?",그 뒤의 일도 괜찮겠지?,네.,반응형,,0.02,,,25.0,90.0,50.0,78.0,75.0,0.58263,0.0,66.0,0.0,0.0,0.1751,아프게 됐어?,아팠어?,일본어 원문 대조 + 자연스러운 한국어 대사 교정,39.53,T3,화자·문맥·자연스러움 집중 검토,,52.806122448979586,45.11,P3,말투·질문응답·가독성 위주 검토
SONE-785,사진 대조 1차 교정본,114,"00:13:24,560 --> 00:13:25,240",0.68,좋은 인터뷰를 찍었네요.,이세 선수.,감사합니다.,반말형,,0.04,,,25.0,90.0,50.0,78.0,75.0,0.48728,0.0,66.0,25.0,18.0,0.1784,"좋은 느낌? 응, 좋은 느낌.","괜찮아? 응, 좋아.",일본어 원문 대조 + 자연스러운 한국어 대사 교정,39.47,T3,화자·문맥·자연스러움 집중 검토,borderline_cps;formality_shift,52.423469387755105,44.91,P3,말투·질문응답·가독성 위주 검토
SONE-785,사진 대조 1차 교정본,225,"00:21:03,220 --> 00:21:04,400",1.18,"네, 시작 3초 전.",그럼 다시 가죠.,갑니다.,반말형,,0.02,,,25.0,90.0,50.0,78.0,75.0,0.58112,0.0,66.0,0.0,0.0,0.306,"네, 네.",네.,불필요한 반복 제거,39.47,T3,화자·문맥·자연스러움 집중 검토,,52.423469387755105,44.91,P3,말투·질문응답·가독성 위주 검토
SONE-785,사진 대조 1차 교정본,339,"00:48:41,500 --> 00:48:41,860",0.36,하아…,왜 이렇게 됐지?,"자, 이것 봐.",반응형,,0.0,,,25.0,90.0,50.0,78.0,75.0,0.40013,42.0,66.0,0.0,0.0,1.0,하아…,보여 줘.,일본어 원문 + 타임스탬프 사진 + 장면 연속성,39.43,T3,화자·문맥·자연스러움 집중 검토,,52.04081632653062,44.73,P3,말투·질문응답·가독성 위주 검토
SONE-785,사진 대조 1차 교정본,385,"01:56:20,480 --> 01:56:21,320",0.84,하아!,하아!,힘 빼고 천천히 받아 줘.,반응형,,0.02,,,25.0,90.0,50.0,78.0,75.0,0.57761,0.0,66.0,0.0,0.0,0.2139,"하아, 하아...","하아, 하아…",,39.32,T3,화자·문맥·자연스러움 집중 검토,,51.78571428571429,44.56,P3,말투·질문응답·가독성 위주 검토
SONE-785,사진 대조 1차 교정본,121,"00:13:42,720 --> 00:13:43,080",0.36,감사합니다.,카에데 씨라면 말이야.,응.,존댓말형,,0.02,,,25.0,90.0,50.0,78.0,75.0,0.3029,42.0,66.0,25.0,18.0,1.0,감사합니다.,고마워요.,타임스탬프 사진과 앞뒤 장면으로 대사 기능 복원,39.28,T3,화자·문맥·자연스러움 집중 검토,borderline_cps;formality_shift,51.53061224489795,44.43,P3,말투·질문응답·가독성 위주 검토
SONE-785,사진 대조 1차 교정본,269,"00:25:34,200 --> 00:25:35,060",0.86,혹시 긴장한 거야?,"아뇨, 감사합니다.",그래도 이렇게 시간을 낼 수 있어서 더 잘됐어.,반말형,,0.0,,,25.0,90.0,50.0,78.0,75.0,0.54188,0.0,66.0,0.0,18.0,0.2961,뭘 찍게 한 거야?,뭘 찍은 거야?,손상된 일본어 ASR + 타임스탬프 사진 + 앞뒤 문맥 추론,39.26,T3,화자·문맥·자연스러움 집중 검토,formality_shift,51.275510204081634,44.31,P3,말투·질문응답·가독성 위주 검토
SONE-785,사진 대조 1차 교정본,65,"00:09:16,610 --> 00:09:17,850",1.24,"대단하다, 후와.",감사합니다.,그 이세 선수의 마음에 들어서 단숨에 스타 아나운서가 되겠네.,중립·혼합형,,0.01,,,25.0,90.0,50.0,78.0,75.0,0.57515,0.0,66.0,0.0,0.0,0.23,대단하네.,땀이 엄청나네.,손상된 일본어 ASR + 타임스탬프 사진 + 앞뒤 문맥 추론,39.22,T3,화자·문맥·자연스러움 집중 검토,,51.02040816326531,44.18,P3,말투·질문응답·가독성 위주 검토
SONE-785,사진 대조 1차 교정본,148,"00:15:44,820 --> 00:15:46,500",1.68,그 첫 단계다.,방송의 꽃인 스타 스포츠 캐스터가 되는 거야.,이걸 넘지 못하면 미래는 없어.,중립·혼합형,,0.02,,,25.0,90.0,50.0,78.0,75.0,0.57494,0.0,66.0,0.0,0.0,0.158,첫 번째예요.,이번이 첫 번째예요.,사진 장면 확인 및 한국어 번역투·ASR 오역 교정,39.21,T3,화자·문맥·자연스러움 집중 검토,,50.76530612244898,44.06,P3,말투·질문응답·가독성 위주 검토
SONE-785,사진 대조 1차 교정본,167,"00:17:24,200 --> 00:17:31,810",7.61,죄송합니다. 여기에…,네.,이 정도면 괜찮지 않아?,존댓말형,,0.0,,,25.0,90.0,50.0,78.0,75.0,0.50761,0.0,66.0,0.0,35.0,0.5292,죄송합니다...,죄송합니다…,,39.18,T3,화자·문맥·자연스러움 집중 검토,formality_jump,50.51020408163265,43.94,P3,말투·질문응답·가독성 위주 검토
SONE-785,사진 대조 1차 교정본,355,"01:02:05,340 --> 01:02:06,380",1.04,둘 다 움직여.,손가락으로 잡고 있을 테니까.,"후와 씨, 이런 게 처음은 아니지?",중립·혼합형,,0.04,,,25.0,90.0,50.0,78.0,79.0,0.56743,0.0,66.0,0.0,0.0,0.5651,몸이 저절로 움직여.,몸이 저절로 움직이네.,손상된 일본어 ASR + 타임스탬프 사진 + 앞뒤 문맥 추론,39.13,T3,화자·문맥·자연스러움 집중 검토,,50.255102040816325,43.8,P3,말투·질문응답·가독성 위주 검토
SONE-785,사진 대조 1차 교정본,291,"00:30:44,140 --> 00:30:45,040",0.9,정말 안 돼요.,으음… 안 돼요. 안 돼.,알았어. 그럼 다큐멘터리 이야기는 없던 걸로 하자.,중립·혼합형,,0.04,,,25.0,90.0,50.0,78.0,75.0,0.57136,0.0,66.0,0.0,0.0,0.5331,"아, 유두는 안 돼요.","아, 젖꼭지는 안 돼요.",,39.06,T3,화자·문맥·자연스러움 집중 검토,,50.0,43.65,P3,말투·질문응답·가독성 위주 검토
SONE-785,사진 대조 1차 교정본,158,"00:16:28,770 --> 00:16:29,110",0.34,감사합니다.,분위기도 좋잖아.,얼굴이 정말 작네요.,존댓말형,,0.03,,,25.0,90.0,50.0,78.0,75.0,0.29649,42.0,66.0,25.0,18.0,1.0,감사합니다.,고마워요.,타임스탬프 사진과 앞뒤 장면으로 대사 기능 복원,39.01,T3,화자·문맥·자연스러움 집중 검토,borderline_cps;formality_shift,49.744897959183675,43.52,P3,말투·질문응답·가독성 위주 검토
SONE-785,사진 대조 1차 교정본,279,"00:27:35,570 --> 00:27:36,270",0.7,괜찮아.,나 마사지도 잘하거든.,스포츠 캐스터는 다리가 피곤하잖아.,반응형,,0.03,,,25.0,90.0,50.0,78.0,75.0,0.38988,42.0,66.0,0.0,0.0,1.0,괜찮아.,최고예요.,화면 영문 자막 대조,38.99,T3,화자·문맥·자연스러움 집중 검토,,49.48979591836735,43.4,P3,말투·질문응답·가독성 위주 검토
SONE-785,사진 대조 1차 교정본,211,"00:20:26,560 --> 00:20:27,760",1.2,시작 3초 전.,네.,"3, 2, 1.",중립·혼합형,,0.04,,,25.0,90.0,50.0,78.0,75.0,0.56919,0.0,66.0,0.0,0.0,0.1079,"자, 시작합니다.",♪,,38.97,T3,화자·문맥·자연스러움 집중 검토,,49.234693877551024,43.28,P3,말투·질문응답·가독성 위주 검토
SONE-785,사진 대조 1차 교정본,207,"00:20:21,760 --> 00:20:22,940",1.18,"그럼 여러분, 괜찮으시죠?",네.,네.,반응형,,0.04,,,25.0,90.0,50.0,78.0,75.0,0.56814,0.0,66.0,0.0,0.0,0.168,괜찮으시다면 오늘 데이트하는 느낌으로 해 볼게요.,괜찮으시다면 오늘은 데이트하는 느낌으로 진행할게요.,데이트 장면 문장 자연화,38.92,T3,화자·문맥·자연스러움 집중 검토,,48.97959183673469,43.15,P3,말투·질문응답·가독성 위주 검토
SONE-785,사진 대조 1차 교정본,268,"00:25:33,040 --> 00:25:33,960",0.92,"아뇨, 감사합니다.",기운이 없잖아.,혹시 긴장한 거야?,반응형,,0.04,,,25.0,90.0,50.0,78.0,75.0,0.47873,11.28,66.0,0.0,18.0,0.744,감사합니다.,고마워요.,타임스탬프 사진과 앞뒤 장면으로 대사 기능 복원,38.64,T3,화자·문맥·자연스러움 집중 검토,formality_shift,48.724489795918366,42.88,P3,말투·질문응답·가독성 위주 검토
SONE-785,사진 대조 1차 교정본,157,"00:16:12,980 --> 00:16:13,760",0.78,분위기도 좋잖아.,오늘은 잘 부탁드립니다.,감사합니다.,반응형,,0.02,,,25.0,90.0,50.0,78.0,75.0,0.55955,0.0,66.0,0.0,0.0,0.3714,너도 기분 좋잖아...,너도 기분 좋잖아…,,38.56,T3,화자·문맥·자연스러움 집중 검토,,48.46938775510204,42.72,P3,말투·질문응답·가독성 위주 검토
SONE-785,사진 대조 1차 교정본,303,"00:31:36,420 --> 00:31:38,400",1.98,이건 정말 기회야.,꿈을 포기해도 돼?,알고 있지?,반말형,,0.02,,,25.0,90.0,50.0,78.0,75.0,0.55863,0.0,66.0,0.0,0.0,0.2993,"이번 기회는 너에게도, 방송국에도, 물론 나에게도 두 번 다시 없을 기회야.","이번 기회는 너에게도, 방송국에도, 나에게도 두 번 다시 없을 기회야.",사진 장면 확인 및 한국어 번역투 교정,38.52,T3,화자·문맥·자연스러움 집중 검토,,48.214285714285715,42.59,P3,말투·질문응답·가독성 위주 검토
SONE-785,사진 대조 1차 교정본,68,"00:09:30,170 --> 00:09:30,490",0.32,고마워.,역시 후와의 그 솔직한 미소가 이세 선수의 마음을 움직였나 봐.,고마워.,중립·혼합형,,0.03,,,25.0,90.0,50.0,78.0,75.0,0.37668,42.0,66.0,0.0,0.0,1.0,고마워.,손으로 잡아 줘.,일본어 원문 + 타임스탬프 사진 + 장면 연속성,38.44,T3,화자·문맥·자연스러움 집중 검토,,47.95918367346938,42.44,P3,말투·질문응답·가독성 위주 검토
SONE-785,사진 대조 1차 교정본,249,"00:23:23,540 --> 00:23:26,380",2.84,그렇습니까? 감사합니다.,허락해도 괜찮겠다는 생각이 들었어.,정말인가요?,존댓말형,,0.04,,,25.0,90.0,50.0,78.0,75.0,0.55516,0.0,66.0,0.0,0.0,0.5933,감사합니다.,고마워요.,타임스탬프 사진과 앞뒤 장면으로 대사 기능 복원,38.38,T3,화자·문맥·자연스러움 집중 검토,,47.704081632653065,42.3,P3,말투·질문응답·가독성 위주 검토
SONE-785,사진 대조 1차 교정본,89,"00:11:44,640 --> 00:11:45,760",1.12,이쪽으로 부탁드립니다.,그날 와 줘.,네.,반응형,,0.04,,,25.0,90.0,50.0,78.0,75.0,0.45166,15.53,66.0,0.0,18.0,0.7794,잘 부탁드립니다.,좋은 아침입니다.,,38.27,T3,화자·문맥·자연스러움 집중 검토,formality_shift,47.44897959183674,42.13,P3,말투·질문응답·가독성 위주 검토
SONE-785,사진 대조 1차 교정본,57,"00:07:21,690 --> 00:07:22,330",0.64,대단하네요.,인터뷰 이후의 밀착 다큐멘터리 제안도 생각해 주겠다고 하더군.,"이번 기회는 너에게도, 방송국에도,
나에게도 두 번 다시 없을 기회야.",반말형,,0.01,,,25.0,90.0,50.0,78.0,75.0,0.36646,42.0,66.0,0.0,0.0,1.0,대단하네요.,바다다!,일본어 원문 대조 + 자연스러운 한국어 대사 교정,38.01,T3,화자·문맥·자연스러움 집중 검토,,47.19387755102041,41.87,P3,말투·질문응답·가독성 위주 검토
SONE-785,사진 대조 1차 교정본,290,"00:29:14,190 --> 00:29:36,980",22.79,으음… 안 돼요. 안 돼.,안 돼요.,정말 안 돼요.,반응형,,0.01,,,25.0,90.0,50.0,78.0,75.0,0.54586,0.0,66.0,0.0,0.0,0.5448,안 돼.,"네, 놀랐어요.",타임스탬프 사진과 앞뒤 장면으로 대사 기능 복원,37.99,T3,화자·문맥·자연스러움 집중 검토,,46.93877551020408,41.75,P3,말투·질문응답·가독성 위주 검토
SONE-785,사진 대조 1차 교정본,344,"00:55:01,690 --> 00:55:02,430",0.74,왜 이래요…,안 돼요.,엉덩이에 힘 빼.,중립·혼합형,,0.01,,,25.0,90.0,50.0,78.0,75.0,0.54521,0.0,66.0,0.0,0.0,0.1626,왜 없지?,어라?,,37.96,T3,화자·문맥·자연스러움 집중 검토,,46.683673469387756,41.62,P3,말투·질문응답·가독성 위주 검토
SONE-785,사진 대조 1차 교정본,17,"00:04:02,960 --> 00:04:04,260",1.3,그 이세 선수라고.,밀착 다큐멘터리까지 가능성이 생긴다는 건가?,네.,중립·혼합형,,0.04,,,25.0,90.0,50.0,78.0,75.0,0.54488,0.0,66.0,0.0,0.0,0.1577,제대로 닫으라고.,제대로 조여.,사진 장면 확인 및 한국어 번역투·ASR 오역 교정,37.95,T3,화자·문맥·자연스러움 집중 검토,,46.42857142857143,41.51,P3,말투·질문응답·가독성 위주 검토
SONE-785,사진 대조 1차 교정본,301,"00:31:25,160 --> 00:31:26,360",1.2,나쁘게 만들지 않을 테니까.,응?,꿈을 포기해도 돼?,반말형,,0.04,,,25.0,90.0,50.0,78.0,75.0,0.54069,0.0,66.0,0.0,0.0,0.3638,"자, 더 해줄 테니까.","자, 더 해 줄 테니까.",,37.77,T3,화자·문맥·자연스러움 집중 검토,,46.1734693877551,41.3,P3,말투·질문응답·가독성 위주 검토
SONE-785,사진 대조 1차 교정본,80,"00:10:55,160 --> 00:10:55,700",0.54,어디 가고 싶은 데 있어?,물론이지.,"음, 그럼…",반응형,,0.04,,,25.0,90.0,50.0,78.0,75.0,0.4803,0.0,66.0,25.0,0.0,0.3704,자고 있어?,땀나?,사진 장면 확인 및 한국어 번역투·ASR 오역 교정,37.73,T3,화자·문맥·자연스러움 집중 검토,borderline_cps,45.91836734693878,41.17,P3,말투·질문응답·가독성 위주 검토
SONE-785,사진 대조 1차 교정본,238,"00:22:23,330 --> 00:22:24,810",1.48,그럼 따라 드릴게요.,"마시자, 마시자.",술이 맛있네요.,중립·혼합형,,0.03,,,25.0,90.0,50.0,78.0,75.0,0.53897,0.0,66.0,0.0,0.0,0.1558,"그럼 일단,",그럼 일단,,37.7,T3,화자·문맥·자연스러움 집중 검토,,45.66326530612245,41.04,P3,말투·질문응답·가독성 위주 검토
SONE-785,사진 대조 1차 교정본,115,"00:13:26,440 --> 00:13:26,800",0.36,감사합니다.,좋은 인터뷰를 찍었네요.,"그래, 좋았어.",존댓말형,,0.04,,,25.0,90.0,50.0,78.0,75.0,0.26489,42.0,66.0,25.0,18.0,1.0,감사합니다.,고마워요.,타임스탬프 사진과 앞뒤 장면으로 대사 기능 복원,37.69,T3,화자·문맥·자연스러움 집중 검토,borderline_cps;formality_shift,45.40816326530612,40.93,P3,말투·질문응답·가독성 위주 검토
SONE-785,사진 대조 1차 교정본,137,"00:14:43,230 --> 00:14:44,590",1.36,"네, 압니다.","알겠지, 카에데?",이세 선수의 심기를 거스르는 일은 절대 하지 마.,반말형,,0.03,,,25.0,90.0,50.0,78.0,75.0,0.53865,0.0,66.0,0.0,0.0,0.362,"네, 네.",네.,불필요한 반복 제거,37.68,T3,화자·문맥·자연스러움 집중 검토,,45.1530612244898,40.82,P3,말투·질문응답·가독성 위주 검토
SONE-785,사진 대조 1차 교정본,182,"00:18:18,810 --> 00:18:19,150",0.34,감사합니다.,괜찮습니다.,"그래, 고마워.",존댓말형,,0.01,,,25.0,90.0,50.0,78.0,75.0,0.29563,42.0,66.0,25.0,0.0,1.0,감사합니다.,고마워요.,타임스탬프 사진과 앞뒤 장면으로 대사 기능 복원,37.54,T3,화자·문맥·자연스러움 집중 검토,borderline_cps,44.89795918367347,40.63,P3,말투·질문응답·가독성 위주 검토
SONE-785,사진 대조 1차 교정본,150,"00:16:03,540 --> 00:16:04,900",1.36,"아, 안녕하세요.",이걸 넘지 못하면 미래는 없어.,네.,반응형,,0.04,,,25.0,90.0,50.0,78.0,75.0,0.46816,0.0,66.0,0.0,35.0,0.5664,"아, 안녕하세요. 정말 아름다운 분이 와 주셨네요.","아, 안녕하세요. 정말 아름다운 분이 오셨네요.",첫 만남 대사 자연화,37.52,T3,화자·문맥·자연스러움 집중 검토,formality_jump,44.642857142857146,40.51,P3,말투·질문응답·가독성 위주 검토
SONE-785,사진 대조 1차 교정본,63,"00:08:17,420 --> 00:08:18,320",0.9,이제 돌아가 봐.,부탁한다.,감사합니다.,반응형,,0.02,,,25.0,90.0,50.0,78.0,75.0,0.53463,0.0,66.0,0.0,0.0,0.4294,두 번째 자세로 다시 돌아가 주세요.,두 번째 자세로 다시 해 주세요.,사진 속 자세 전환에 맞게 간결화,37.51,T3,화자·문맥·자연스러움 집중 검토,,44.38775510204081,40.4,P3,말투·질문응답·가독성 위주 검토
SONE-785,사진 대조 1차 교정본,202,"00:20:12,760 --> 00:20:14,420",1.66,"스태프 여러분, 준비되셨습니까?",네.,"네, 준비됐습니다.",중립·혼합형,,0.04,,,25.0,90.0,50.0,78.0,75.0,0.52965,0.0,66.0,0.0,0.0,0.1278,"봐 주신 팬 여러분, 감사합니다. 처음 보는 기획이라 불안해 보였을 텐데, 저도 제 나름대로 열심히 했고 섹스의 즐거움도 보여 드리고 싶었어요.","봐 주신 팬 여러분, 감사합니다. 저도 제 나름대로 열심히 했어요.",지나치게 긴 문장 분리,37.31,T3,화자·문맥·자연스러움 집중 검토,,44.005102040816325,40.12,P3,말투·질문응답·가독성 위주 검토
SONE-785,사진 대조 1차 교정본,274,"00:26:17,190 --> 00:26:18,590",1.4,싫은 건 아니잖아?,응?,앞으로 오래 함께할 사이인데.,반응형,,0.01,,,25.0,90.0,50.0,78.0,75.0,0.52979,0.0,66.0,0.0,0.0,0.3394,싫은 건 아니지만...,싫은 건 아니지만…,,37.31,T3,화자·문맥·자연스러움 집중 검토,,44.005102040816325,40.12,P3,말투·질문응답·가독성 위주 검토
SONE-785,사진 대조 1차 교정본,302,"00:31:29,140 --> 00:31:30,320",1.18,꿈을 포기해도 돼?,나쁘게 만들지 않을 테니까.,이건 정말 기회야.,반말형,,0.04,,,25.0,90.0,50.0,78.0,75.0,0.52555,0.0,66.0,0.0,0.0,0.2157,더 해줘도 돼?,더 해 줘도 돼?,,37.13,T3,화자·문맥·자연스러움 집중 검토,,43.62244897959184,39.86,P4,회귀검사 통과 시 유지
SONE-785,사진 대조 1차 교정본,309,"00:33:09,430 --> 00:33:10,150",0.72,예쁘네.,그럼 넣어 볼게.,어떻게…,반말형,,0.03,,,25.0,90.0,50.0,78.0,75.0,0.41068,25.91,66.0,0.0,0.0,0.8659,이거 예쁘네.,손으로 가리지 마.,일본어 원문 + 타임스탬프 사진 + 장면 연속성,36.97,T3,화자·문맥·자연스러움 집중 검토,,43.36734693877551,39.66,P4,회귀검사 통과 시 유지
SONE-785,사진 대조 1차 교정본,103,"00:12:50,800 --> 00:12:53,040",2.24,네. 여유가 있으신가요?,"뭐, 다시 경기가 잡힌다고 해도 제 승리는 확정이니까요.",여유롭습니다.,반응형,,0.0,,,25.0,90.0,50.0,78.0,75.0,0.48338,0.0,66.0,0.0,18.0,0.1744,"네, 네.",네.,불필요한 반복 제거,36.8,T3,화자·문맥·자연스러움 집중 검토,formality_shift,43.11224489795919,39.45,P4,회귀검사 통과 시 유지
SONE-785,사진 대조 1차 교정본,267,"00:25:30,000 --> 00:25:32,300",2.3,기운이 없잖아.,시간은 괜찮았어?,"아뇨, 감사합니다.",반응형,,0.0,,,25.0,90.0,50.0,78.0,75.0,0.51731,0.0,66.0,0.0,0.0,0.4525,말할 리가 없잖아.,들킬 리가 없잖아.,앞뒤 대사 문맥 교정,36.79,T3,화자·문맥·자연스러움 집중 검토,,42.857142857142854,39.34,P4,회귀검사 통과 시 유지
SONE-785,사진 대조 1차 교정본,259,"00:24:01,410 --> 00:24:02,410",1.0,이게 어떻게 된 거예요?,응?,저는 이런 얘기 못 들었어요.,반응형,,0.01,,,25.0,90.0,50.0,78.0,75.0,0.51677,0.0,66.0,0.0,0.0,0.3722,그럼 왜 그런 영상을 보낸 거예요?,너무 세…,타임스탬프 사진으로 장면 불일치 확인 후 재복원,36.76,T3,화자·문맥·자연스러움 집중 검토,,42.60204081632653,39.21,P4,회귀검사 통과 시 유지
SONE-785,사진 대조 1차 교정본,165,"00:16:53,490 --> 00:16:54,610",1.12,나쁜 뜻은 없으니까.,부탁드려도 될까요?,네.,반응형,,0.01,,,25.0,90.0,50.0,78.0,75.0,0.51621,0.0,66.0,0.0,0.0,0.2134,세게 깨물었으니까.,어느 쪽부터 베어 먹었을까?,,36.74,T3,화자·문맥·자연스러움 집중 검토,,42.3469387755102,39.09,P4,회귀검사 통과 시 유지
SONE-785,사진 대조 1차 교정본,245,"00:23:13,340 --> 00:23:15,120",1.78,알고 있다니까.,이제 남은 것도 거의 없잖아.,오늘 카에데 씨 인터뷰를 받아 보니 꽤 괜찮았어.,중립·혼합형,,0.04,,,25.0,90.0,50.0,78.0,75.0,0.51552,0.0,66.0,0.0,0.0,0.1487,"자, 더 해줄 테니까.","자, 더 해 줄 테니까.",,36.71,T3,화자·문맥·자연스러움 집중 검토,,42.09183673469388,38.97,P4,회귀검사 통과 시 유지
SONE-785,사진 대조 1차 교정본,173,"00:17:40,630 --> 00:17:42,390",1.76,이 뒤쪽에 달아도 될까요?,괜찮습니다.,괜찮아?,반응형,,0.03,,,25.0,90.0,50.0,78.0,75.0,0.51277,0.0,66.0,0.0,0.0,0.1241,후와 씨에게도 들어 볼까요?,후우아 씨의 각오도 들어 볼까요?,이름 및 문장 자연화,36.6,T3,화자·문맥·자연스러움 집중 검토,,41.83673469387755,38.8,P4,회귀검사 통과 시 유지
SONE-785,사진 대조 1차 교정본,42,"00:05:26,660 --> 00:05:34,620",7.96,오타시 씨.,잠깐 전화 좀 해 봐.,"아, 아까 그 아나운서라면 생각해 봐도 좋아.",중립·혼합형,,0.04,,,25.0,90.0,50.0,78.0,75.0,0.5122,0.0,66.0,0.0,0.0,0.0528,"오, 오...","오, 오…",,36.57,T3,화자·문맥·자연스러움 집중 검토,,41.58163265306122,38.67,P4,회귀검사 통과 시 유지
SONE-785,사진 대조 1차 교정본,130,"00:13:55,700 --> 00:13:55,940",0.24,있잖아.,네.,네.,반응형,,0.0,,,25.0,90.0,50.0,78.0,75.0,0.33075,27.8,66.0,25.0,0.0,0.8817,서 있잖아.,완전히 서 있잖아.,일본어 원문 대조 + 자연스러운 한국어 대사 교정,36.46,T3,화자·문맥·자연스러움 집중 검토,borderline_cps,41.3265306122449,38.5,P4,회귀검사 통과 시 유지
SONE-785,사진 대조 1차 교정본,284,"00:28:46,680 --> 00:28:47,720",1.04,그만해 주세요.,이렇게 상대의 가드를 무너뜨리는 거야.,잘하지?,중립·혼합형,,0.02,,,25.0,90.0,50.0,78.0,75.0,0.50875,0.0,66.0,0.0,0.0,0.4734,쉬어 주세요.,잠깐 쉬게 해 주세요.,사진 장면 확인 및 한국어 번역투·ASR 오역 교정,36.43,T3,화자·문맥·자연스러움 집중 검토,,41.07142857142857,38.38,P4,회귀검사 통과 시 유지
SONE-785,사진 대조 1차 교정본,232,"00:21:58,560 --> 00:21:59,460",0.9,"네, 감사합니다.",잘 부탁드립니다!,"아, 이게…",중립·혼합형,,0.04,,,25.0,90.0,50.0,78.0,75.0,0.38281,28.98,66.0,0.0,0.0,0.8915,감사합니다.,고마워요.,타임스탬프 사진과 앞뒤 장면으로 대사 기능 복원,36.36,T3,화자·문맥·자연스러움 집중 검토,,40.68877551020408,38.18,P4,회귀검사 통과 시 유지
SONE-785,사진 대조 1차 교정본,325,"00:39:31,150 --> 00:39:32,250",1.1,사이좋게 지내야지.,그렇게 싫어?,혀를 내밀어. 우리 친해지자.,반말형,,0.05,,,25.0,90.0,50.0,78.0,75.0,0.50705,0.0,66.0,0.0,0.0,0.09,"뭐, 잘 지내는 것 같아요.","네, 뭐… 잘 지내는 것 같아요.",대화체 자연화,36.36,T3,화자·문맥·자연스러움 집중 검토,,40.68877551020408,38.18,P4,회귀검사 통과 시 유지
SONE-785,사진 대조 1차 교정본,49,"00:06:50,390 --> 00:06:52,470",2.08,아까 전화 왔었지?,설마…,그게 이세 선수한테서 온 연락이었어.,반응형,,0.01,,,25.0,90.0,50.0,78.0,75.0,0.50675,0.0,66.0,0.0,0.0,0.1942,아까 전혀 안 나왔잖아.,아까 거의 안 나왔잖아.,사진 장면 확인 및 한국어 번역투·ASR 오역 교정,36.34,T3,화자·문맥·자연스러움 집중 검토,,40.30612244897959,38.01,P4,회귀검사 통과 시 유지
SONE-785,사진 대조 1차 교정본,236,"00:22:16,630 --> 00:22:17,970",1.34,사 왔습니다.,센스가 좋네…,"마시자, 마시자.",존댓말형,,0.03,,,25.0,90.0,50.0,78.0,75.0,0.46847,0.0,66.0,0.0,18.0,0.5293,매우 깊은 아침이 왔습니다.,[불명],,36.18,T3,화자·문맥·자연스러움 집중 검토,formality_shift,40.05102040816326,37.81,P4,회귀검사 통과 시 유지
SONE-785,사진 대조 1차 교정본,33,"00:05:04,150 --> 00:05:04,950",0.8,제가 말이죠.,다른 방송국이 못 해낸 일을 네가 해내는 거야.,알겠어?,중립·혼합형,,0.05,,,25.0,90.0,50.0,78.0,75.0,0.5026,0.0,66.0,0.0,0.0,0.4305,"호텔, 아, 참고로 말이죠. 네, 가 볼게요.","그럼 이제 호텔로 갈까요? 네, 가요.",사진 장면 확인 및 한국어 번역투·ASR 오역 교정,36.17,T3,화자·문맥·자연스러움 집중 검토,,39.795918367346935,37.69,P4,회귀검사 통과 시 유지
SONE-785,사진 대조 1차 교정본,94,"00:11:58,520 --> 00:11:59,080",0.56,감사합니다.,"이세 선수, 멋진 승리 축하드립니다.",기뻐하는 팬들을 향해 지금의 소감을 들려주시겠습니까?,존댓말형,,0.02,,,25.0,90.0,50.0,78.0,75.0,0.32122,42.0,66.0,0.0,0.0,1.0,감사합니다.,고마워요.,타임스탬프 사진과 앞뒤 장면으로 대사 기능 복원,36.11,T3,화자·문맥·자연스러움 집중 검토,,39.54081632653062,37.55,P4,회귀검사 통과 시 유지
SONE-785,사진 대조 1차 교정본,170,"00:17:35,630 --> 00:17:36,190",0.56,여기에 달아도 돼?,정말인가요?,회사에서 괜찮다면 상관없는 거지?,반응형,,0.03,,,25.0,90.0,50.0,78.0,75.0,0.5,0.0,66.0,0.0,0.0,0.2588,여기에.,갑자기 여기서…,타임스탬프 사진과 앞뒤 장면으로 대사 기능 복원,36.06,T3,화자·문맥·자연스러움 집중 검토,,39.285714285714285,37.41,P4,회귀검사 통과 시 유지
SONE-785,사진 대조 1차 교정본,10,"00:03:00,620 --> 00:03:02,420",1.8,잘 부탁드리겠습니다.,잘 부탁드립니다.,그럼 또 뵙겠습니다.,존댓말형,,0.02,,,25.0,90.0,50.0,78.0,75.0,0.4991,0.0,66.0,0.0,0.0,0.3078,잘 부탁드립니다.,좋은 아침입니다.,,36.02,T3,화자·문맥·자연스러움 집중 검토,,39.03061224489796,37.28,P4,회귀검사 통과 시 유지
SONE-785,사진 대조 1차 교정본,194,"00:19:09,780 --> 00:19:11,120",1.34,밀착 취재 말입니다.,죄송합니다.,카에데에게도 실례 없도록 충분히 말해 뒀습니다.,중립·혼합형,,0.02,,,25.0,90.0,50.0,78.0,75.0,0.4984,0.0,66.0,0.0,0.0,0.2232,두 번째입니다.,벌써 두 번째예요.,사진 장면 확인 및 한국어 번역투 교정,35.99,T3,화자·문맥·자연스러움 집중 검토,,38.775510204081634,37.16,P4,회귀검사 통과 시 유지
SONE-785,사진 대조 1차 교정본,12,"00:03:05,180 --> 00:03:06,280",1.1,"아, 모셔다드리겠습니다.",그럼 또 뵙겠습니다.,오늘은 여기까지 모시겠습니다.,반응형,,0.02,,,25.0,90.0,50.0,78.0,75.0,0.49452,0.0,66.0,0.0,0.0,0.396,오늘은 여기까지 모셔다드리죠.,오늘은 여기까지 모시겠습니다.,사진 장면 확인 및 한국어 번역투 교정,35.83,T3,화자·문맥·자연스러움 집중 검토,,38.52040816326531,36.96,P4,회귀검사 통과 시 유지
SONE-785,사진 대조 1차 교정본,191,"00:19:02,720 --> 00:19:04,240",1.52,"오늘 일, 알고 있지?",오타시 씨.,물론입니다.,반말형,,0.02,,,25.0,90.0,50.0,78.0,75.0,0.49401,0.0,66.0,0.0,0.0,0.1826,오늘 진짜 엄청 했네.,오늘 진짜 실컷 했네.,일본어 원문 대조 + 자연스러운 한국어 대사 교정,35.81,T3,화자·문맥·자연스러움 집중 검토,,38.265306122448976,36.84,P4,회귀검사 통과 시 유지
SONE-785,사진 대조 1차 교정본,31,"00:04:28,960 --> 00:04:29,400",0.44,반드시 따내.,네.,다른 방송국이 못 해낸 일을 네가 해내는 거야.,중립·혼합형,,0.04,,,25.0,90.0,50.0,78.0,75.0,0.48886,0.0,66.0,0.0,0.0,0.0491,따뜻해.,안 돼.,일본어 원문 + 타임스탬프 사진 + 장면 연속성,35.59,T3,화자·문맥·자연스러움 집중 검토,,38.01020408163265,36.61,P4,회귀검사 통과 시 유지
SONE-785,사진 대조 1차 교정본,83,"00:11:00,580 --> 00:11:00,600",0.02,응.,가 보고 싶은 곳이 하나 있는데.,데려가 줄래?,반응형,,0.02,,,25.0,90.0,50.0,78.0,75.0,0.31572,0.0,66.0,70.0,0.0,0.5027,"하-, 응.",하아… 응.,,35.32,T3,화자·문맥·자연스러움 집중 검토,high_cps,37.755102040816325,36.34,P4,회귀검사 통과 시 유지
SONE-785,사진 대조 1차 교정본,159,"00:16:30,070 --> 00:16:31,310",1.24,얼굴이 정말 작네요.,감사합니다.,전체적인 인상도 아주 좋네.,반말형,,0.03,,,25.0,90.0,50.0,78.0,75.0,0.48054,0.0,66.0,0.0,0.0,0.2217,정말 좋아.,거기 좋아.,타임스탬프 사진과 장면 흐름으로 명백한 오인식 교정,35.24,T3,화자·문맥·자연스러움 집중 검토,,37.5,36.19,P4,회귀검사 통과 시 유지
SONE-785,사진 대조 1차 교정본,73,"00:10:12,700 --> 00:10:14,060",1.36,나도 정말 좋아해.,정말 좋아해.,하지만 과장님도 절호의 기회라며 기대하시니까 반드시 따내고 말 거야.,반응형,,0.0,,,25.0,90.0,50.0,78.0,75.0,0.4776,0.0,66.0,0.0,0.0,0.5948,고환 좋아해.,불알 좋아해.,,35.12,T3,화자·문맥·자연스러움 집중 검토,,37.244897959183675,36.01,P4,회귀검사 통과 시 유지
SONE-785,사진 대조 1차 교정본,311,"00:33:12,430 --> 00:33:13,550",1.12,이런 것도 있었어?,어떻게…,응.,반응형,,0.03,,,25.0,90.0,50.0,78.0,75.0,0.47731,0.0,66.0,0.0,0.0,0.497,빨 생각하고 있었어?,아까부터 빨 생각만 했지?,일본어 원문 대조 + 자연스러운 한국어 대사 교정,35.11,T3,화자·문맥·자연스러움 집중 검토,,36.98979591836735,35.9,P4,회귀검사 통과 시 유지
SONE-785,사진 대조 1차 교정본,329,"00:44:10,740 --> 00:44:12,060",1.32,다리를 잡아.,왜 안 하는 거야?,자.,반응형,,0.04,,,25.0,90.0,50.0,78.0,75.0,0.4772,0.0,66.0,0.0,0.0,0.4307,다리를 벌려...,다리를 벌려…,,35.1,T3,화자·문맥·자연스러움 집중 검토,,36.734693877551024,35.79,P4,회귀검사 통과 시 유지
SONE-785,사진 대조 1차 교정본,34,"00:05:08,430 --> 00:05:08,650",0.22,알겠어?,제가 말이죠.,이세 선수가 나오면 시청률이 쭉 올라간다고.,반응형,,0.03,,,25.0,90.0,50.0,78.0,75.0,0.41404,0.0,66.0,25.0,0.0,0.3697,왠지 알겠어.,어떻게 알았어?,손상된 일본어 ASR + 타임스탬프 사진 + 앞뒤 문맥 추론,34.95,T4,구조검사 통과 시 유지,borderline_cps,36.47959183673469,35.59,P4,회귀검사 통과 시 유지
SONE-785,사진 대조 1차 교정본,72,"00:10:09,260 --> 00:10:10,920",1.66,정말 좋아해.,그래도 애초에 인터뷰에 지명된 것 자체가 대단한 일이잖아.,나도 정말 좋아해.,반응형,,0.04,,,25.0,90.0,50.0,78.0,75.0,0.45882,3.38,66.0,0.0,0.0,0.6782,고환 좋아해.,불알 좋아해.,,34.94,T4,구조검사 통과 시 유지,,36.224489795918366,35.48,P4,회귀검사 통과 시 유지
SONE-785,사진 대조 1차 교정본,136,"00:14:40,850 --> 00:14:42,190",1.34,"알겠지, 카에데?",이 기회는 절대 놓치고 싶지 않다.,"네, 압니다.",반말형,,0.05,,,25.0,90.0,50.0,78.0,75.0,0.47095,0.0,66.0,0.0,0.0,0.1654,카에데 후와 씨라는…,카에데 후우아 씨라는 분입니다.,출연자 이름 오인식 교정,34.84,T4,구조검사 통과 시 유지,,35.96938775510204,35.31,P4,회귀검사 통과 시 유지
SONE-785,사진 대조 1차 교정본,176,"00:18:06,560 --> 00:18:07,300",0.74,이쪽도 괜찮습니다.,여기는 괜찮습니다.,조금 어색하네.,존댓말형,,0.04,,,25.0,90.0,50.0,78.0,75.0,0.46894,0.0,66.0,0.0,0.0,0.5332,이번 저주가 괜찮습니다.,[불명],,34.76,T4,구조검사 통과 시 유지,,35.714285714285715,35.16,P4,회귀검사 통과 시 유지
SONE-785,사진 대조 1차 교정본,304,"00:31:42,980 --> 00:31:43,900",0.92,알고 있지?,이건 정말 기회야.,그러니까.,반말형,,0.02,,,25.0,90.0,50.0,78.0,75.0,0.46728,0.0,66.0,0.0,0.0,0.1448,"아니, 재미있을까 해서 말이야. 네가 얼마나 참을 수 있는지도 알고 싶었고.",조금만 천천히…,타임스탬프 사진으로 장면 불일치 확인 후 재복원,34.69,T4,구조검사 통과 시 유지,,35.45918367346938,35.01,P4,회귀검사 통과 시 유지
SONE-785,사진 대조 1차 교정본,261,"00:24:05,710 --> 00:24:06,070",0.36,잘 들어.,저는 이런 얘기 못 들었어요.,이렇게 스타 선수가 친하게 대해 주는 건 좋은 일이잖아.,반응형,,0.01,,,25.0,90.0,50.0,78.0,75.0,0.46452,0.0,66.0,0.0,0.0,0.2617,걷기 힘들어.,응.,일본어 원문 + 타임스탬프 사진 + 장면 연속성,34.57,T4,구조검사 통과 시 유지,,35.204081632653065,34.84,P4,회귀검사 통과 시 유지
SONE-785,사진 대조 1차 교정본,64,"00:08:19,740 --> 00:08:20,180",0.44,감사합니다.,이제 돌아가 봐.,"대단하다, 후와.",존댓말형,,0.04,,,25.0,90.0,50.0,78.0,75.0,0.2828,42.0,66.0,0.0,0.0,1.0,감사합니다.,고마워요.,타임스탬프 사진과 앞뒤 장면으로 대사 기능 복원,34.5,T4,구조검사 통과 시 유지,,34.94897959183674,34.69,P4,회귀검사 통과 시 유지
SONE-785,사진 대조 1차 교정본,78,"00:10:52,280 --> 00:10:53,620",1.34,어? 정말 괜찮아?,혹시 무슨 일이라도 생기면 말해.,물론이지.,반응형,,0.02,,,25.0,90.0,50.0,78.0,75.0,0.46166,0.0,66.0,0.0,0.0,0.4224,더 해줘도 돼? 더 해줘. 괜찮아?,더 해 줘도 돼? 더 해 줘. 괜찮아?,,34.45,T4,구조검사 통과 시 유지,,34.69387755102041,34.55,P4,회귀검사 통과 시 유지
SONE-785,사진 대조 1차 교정본,330,"00:44:13,160 --> 00:44:13,840",0.68,자.,다리를 잡아.,더 벌려.,중립·혼합형,,0.04,,,25.0,90.0,50.0,78.0,75.0,0.35189,24.41,66.0,0.0,0.0,0.8534,잘 자.,조금만 천천히…,타임스탬프 사진으로 장면 불일치 확인 후 재복원,34.23,T4,구조검사 통과 시 유지,,34.43877551020408,34.32,P4,회귀검사 통과 시 유지
SONE-785,사진 대조 1차 교정본,287,"00:28:56,670 --> 00:28:58,130",1.46,잘하잖아.,괜찮아.,시원하지?,반응형,,0.03,,,25.0,90.0,50.0,78.0,75.0,0.45608,0.0,66.0,0.0,0.0,0.3324,당연하잖아.,당연히 가져왔지.,타임스탬프 사진과 앞뒤 장면으로 대사 기능 복원,34.22,T4,구조검사 통과 시 유지,,34.183673469387756,34.2,P4,회귀검사 통과 시 유지
SONE-785,사진 대조 1차 교정본,55,"00:07:11,590 --> 00:07:12,270",0.68,게다가 말이지.,그 이세 선수가 카에데 후와를 지명한 거야.,인터뷰 이후의 밀착 다큐멘터리 제안도 생각해 주겠다고 하더군.,반말형,,0.01,,,25.0,90.0,50.0,78.0,75.0,0.45521,0.0,66.0,0.0,0.0,0.2913,"싫지 않은 거잖아, 흠뻑 젖어있는 게 보이는데 말이지.","싫지 않은 거잖아, 흠뻑 젖어 있는 게 보이는데 말이지.",,34.18,T4,구조검사 통과 시 유지,,33.92857142857143,34.07,P4,회귀검사 통과 시 유지
SONE-785,사진 대조 1차 교정본,189,"00:18:44,990 --> 00:18:46,110",1.12,그럼 실례하겠습니다.,죄송합니다.,오타시 씨.,존댓말형,,0.01,,,25.0,90.0,50.0,78.0,75.0,0.45319,0.0,66.0,0.0,0.0,0.4032,열심히 하겠습니다.,힘내 볼게요.,,34.09,T4,구조검사 통과 시 유지,,33.6734693877551,33.92,P4,회귀검사 통과 시 유지
SONE-785,사진 대조 1차 교정본,153,"00:16:07,340 --> 00:16:07,440",0.1,안녕하세요.,네.,"안녕하세요, 좋은 아침입니다.",존댓말형,,0.04,,,25.0,90.0,50.0,78.0,75.0,0.28444,0.0,66.0,70.0,0.0,0.5355,"아, 안녕하세요. 정말 아름다운 분이 와 주셨네요.","아, 안녕하세요. 정말 아름다운 분이 오셨네요.",첫 만남 대사 자연화,34.01,T4,구조검사 통과 시 유지,high_cps,33.41836734693878,33.76,P4,회귀검사 통과 시 유지
SONE-785,사진 대조 1차 교정본,256,"00:23:48,420 --> 00:23:57,390",8.97,계속해.,마음을 바꿔 주셨군요.,과장님.,반말형,,0.02,,,25.0,90.0,50.0,78.0,75.0,0.45085,0.0,66.0,0.0,0.0,0.3311,계속해서…,그대로 계속해.,손상된 일본어 ASR + 타임스탬프 사진 + 앞뒤 문맥 추론,34.0,T4,구조검사 통과 시 유지,,33.16326530612245,33.65,P4,회귀검사 통과 시 유지
SONE-785,사진 대조 1차 교정본,240,"00:22:36,220 --> 00:22:38,740",2.52,그럼 가볍게 뒤풀이하죠.,술이 맛있네요.,수고하셨습니다.,중립·혼합형,,0.02,,,25.0,90.0,50.0,78.0,75.0,0.44856,0.0,66.0,0.0,0.0,0.1297,"그럼 일단,",그럼 일단,,33.9,T4,구조검사 통과 시 유지,,32.90816326530612,33.48,P4,회귀검사 통과 시 유지
SONE-785,사진 대조 1차 교정본,341,"00:52:18,650 --> 00:52:19,550",0.9,아…,"자, 이것 봐.",으윽.,반응형,,0.05,,,25.0,90.0,50.0,78.0,75.0,0.3777,15.97,66.0,0.0,0.0,0.7831,"싫어, 아… 아… 아…",싫어… 아… 아…,일본어 원문 대조 + 자연스러운 한국어 대사 교정,33.8,T4,구조검사 통과 시 유지,,32.6530612244898,33.32,P4,회귀검사 통과 시 유지
SONE-785,사진 대조 1차 교정본,223,"00:21:01,480 --> 00:21:01,920",0.44,"네, 죄송합니다.","네, 전혀 괜찮아요.",그럼 다시 가죠.,중립·혼합형,,0.02,,,25.0,90.0,50.0,78.0,75.0,0.3684,3.6,66.0,25.0,0.0,0.68,죄송합니다...,죄송합니다…,,33.68,T4,구조검사 통과 시 유지,borderline_cps,32.39795918367347,33.14,P4,회귀검사 통과 시 유지
SONE-785,사진 대조 1차 교정본,36,"00:05:13,130 --> 00:05:13,590",0.46,힘내라고.,이세 선수가 나오면 시청률이 쭉 올라간다고.,힘내.,중립·혼합형,,0.03,,,25.0,90.0,50.0,78.0,75.0,0.43971,0.0,66.0,0.0,0.0,0.1736,제대로 닫으라고.,제대로 조여.,사진 장면 확인 및 한국어 번역투·ASR 오역 교정,33.53,T4,구조검사 통과 시 유지,,32.142857142857146,32.95,P4,회귀검사 통과 시 유지
SONE-785,사진 대조 1차 교정본,112,"00:13:21,580 --> 00:13:22,760",1.18,"이세 선수, 어떠셨어요?",어때?,이세 선수.,반응형,,0.02,,,25.0,90.0,50.0,78.0,75.0,0.4388,0.0,66.0,0.0,0.0,0.1308,말해 버렸어요?,소리 내 버렸어요?,사진 장면 확인 및 한국어 번역투·ASR 오역 교정,33.49,T4,구조검사 통과 시 유지,,31.887755102040817,32.82,P4,회귀검사 통과 시 유지
SONE-785,사진 대조 1차 교정본,322,"00:38:52,810 --> 00:38:53,750",0.94,나도 똑같아.,몸이 이렇게 뜨거워졌잖아.,이쪽도 괜찮을 것 같아.,반응형,,0.01,,,25.0,90.0,50.0,78.0,75.0,0.43363,0.0,66.0,0.0,0.0,0.2163,나도 조건이 있어.,대신 조건이 하나 있어.,사진 장면 확인 및 한국어 번역투 교정,33.27,T4,구조검사 통과 시 유지,,31.63265306122449,32.58,P4,회귀검사 통과 시 유지
SONE-785,사진 대조 1차 교정본,239,"00:22:25,830 --> 00:22:36,220",10.39,술이 맛있네요.,그럼 따라 드릴게요.,그럼 가볍게 뒤풀이하죠.,반말형,,0.03,,,25.0,90.0,50.0,78.0,75.0,0.43153,0.0,66.0,0.0,0.0,0.2609,저쪽에 엔진이 있네요.,저쪽이 엔진실인가 봐요.,선박 관람 장면 표현 자연화,33.18,T4,구조검사 통과 시 유지,,31.377551020408163,32.42,P4,회귀검사 통과 시 유지
SONE-785,사진 대조 1차 교정본,351,"00:57:04,870 --> 00:57:05,410",0.54,여기인가.,아래에서 속옷을 당겨 볼게.,직접 확인해 봐.,중립·혼합형,,0.03,,,25.0,90.0,50.0,78.0,75.0,0.42828,0.0,66.0,0.0,0.0,0.1048,여기...,여기…,,33.05,T4,구조검사 통과 시 유지,,31.122448979591837,32.24,P4,회귀검사 통과 시 유지
SONE-785,사진 대조 1차 교정본,243,"00:22:55,020 --> 00:22:59,200",4.18,이거 맛있네.,정말 수고 많으셨습니다. 감사합니다.,이제 남은 것도 거의 없잖아.,반말형,,0.02,,,25.0,90.0,50.0,78.0,75.0,0.39263,0.0,66.0,0.0,18.0,0.3654,카레를 다 같이 먹으니까 맛있네. 그러게요.,- 셋이 같이 카레 먹으니까 맛있네. - 그러게요.,식사 장면 화자 분리,32.99,T4,구조검사 통과 시 유지,formality_shift,30.86734693877551,32.1,P4,회귀검사 통과 시 유지
SONE-785,사진 대조 1차 교정본,234,"00:22:11,830 --> 00:22:12,510",0.68,일부러 준비했어요?,"아, 이게…",센스가 좋네…,반응형,,0.03,,,25.0,90.0,50.0,78.0,75.0,0.4261,0.0,66.0,0.0,0.0,0.1315,말해 버렸어요?,소리 내 버렸어요?,사진 장면 확인 및 한국어 번역투·ASR 오역 교정,32.96,T4,구조검사 통과 시 유지,,30.612244897959183,31.97,P4,회귀검사 통과 시 유지
SONE-785,사진 대조 1차 교정본,299,"00:31:19,140 --> 00:31:20,060",0.92,알고 있지?,난 후와 씨 편이야.,응?,반말형,,0.04,,,25.0,90.0,50.0,78.0,75.0,0.42594,0.0,66.0,0.0,0.0,0.1448,"아니, 재미있을까 해서 말이야. 네가 얼마나 참을 수 있는지도 알고 싶었고.",조금만 천천히…,타임스탬프 사진으로 장면 불일치 확인 후 재복원,32.95,T4,구조검사 통과 시 유지,,30.357142857142854,31.86,P4,회귀검사 통과 시 유지
SONE-785,사진 대조 1차 교정본,175,"00:17:58,660 --> 00:17:59,880",1.22,여기는 괜찮습니다.,괜찮아?,이쪽도 괜찮습니다.,존댓말형,,0.04,,,25.0,90.0,50.0,78.0,75.0,0.42464,0.0,66.0,0.0,0.0,0.5079,이번 저주가 괜찮습니다.,[불명],,32.89,T4,구조검사 통과 시 유지,,30.102040816326532,31.72,P4,회귀검사 통과 시 유지
SONE-785,사진 대조 1차 교정본,361,"01:11:50,400 --> 01:11:50,760",0.36,안 돼요.,안쪽이 좋아?,정말이네.,중립·혼합형,,0.0,,,25.0,90.0,50.0,78.0,75.0,0.42439,0.0,66.0,0.0,0.0,0.6331,"아, 유두는 안 돼요.","아, 젖꼭지는 안 돼요.",,32.88,T4,구조검사 통과 시 유지,,29.846938775510207,31.61,P4,회귀검사 통과 시 유지
SONE-785,사진 대조 1차 교정본,285,"00:28:48,320 --> 00:28:49,060",0.74,잘하지?,그만해 주세요.,괜찮아.,반말형,,0.02,,,25.0,90.0,50.0,78.0,75.0,0.42359,0.0,66.0,0.0,0.0,0.2387,이런 거 좋아하지?,묶여 있는 거 좋아하지?,,32.85,T4,구조검사 통과 시 유지,,29.591836734693878,31.48,P4,회귀검사 통과 시 유지
SONE-785,사진 대조 1차 교정본,86,"00:11:05,040 --> 00:11:07,000",1.96,그럼 다음 토요일은 어때?,물론이지. 같이 가자.,응.,반응형,,0.04,,,25.0,90.0,50.0,78.0,75.0,0.42258,0.0,66.0,0.0,0.0,0.3243,어때? 맛은?,어때? 맛 평가해 줘.,일본어 원문 대조 + 자연스러운 한국어 대사 교정,32.81,T4,구조검사 통과 시 유지,,29.336734693877553,31.35,P4,회귀검사 통과 시 유지
SONE-785,사진 대조 1차 교정본,305,"00:31:49,700 --> 00:31:50,420",0.72,그러니까.,알고 있지?,왜 이렇게 달콤한 맛이 나지?,중립·혼합형,,0.0,,,25.0,90.0,50.0,78.0,75.0,0.32808,21.33,66.0,0.0,0.0,0.8278,어... 그러니까.,어… 그러니까.,,32.68,T4,구조검사 통과 시 유지,,29.081632653061224,31.17,P4,회귀검사 통과 시 유지
SONE-785,사진 대조 1차 교정본,164,"00:16:51,410 --> 00:16:52,110",0.7,부탁드려도 될까요?,실례하겠습니다. 마이크를 옷에 달겠습니다.,나쁜 뜻은 없으니까.,존댓말형,,0.01,,,25.0,90.0,50.0,78.0,75.0,0.41647,0.0,66.0,0.0,0.0,0.1713,잘 부탁드립니다.,좋은 아침입니다.,,32.55,T4,구조검사 통과 시 유지,,28.69897959183674,30.93,P4,회귀검사 통과 시 유지
SONE-785,사진 대조 1차 교정본,224,"00:21:02,140 --> 00:21:02,960",0.82,그럼 다시 가죠.,"네, 죄송합니다.","네, 시작 3초 전.",중립·혼합형,,0.04,,,25.0,90.0,50.0,78.0,75.0,0.41634,0.0,66.0,0.0,0.0,0.2263,"에? 다시 한번, 다시 한번 말해봐 뭐?","에? 다시 한번, 다시 한번 말해 봐 뭐?",,32.55,T4,구조검사 통과 시 유지,,28.69897959183674,30.93,P4,회귀검사 통과 시 유지
SONE-785,사진 대조 1차 교정본,88,"00:11:08,020 --> 00:11:19,230",11.21,그날 와 줘.,응.,이쪽으로 부탁드립니다.,중립·혼합형,,0.02,,,25.0,90.0,50.0,78.0,75.0,0.41356,0.0,66.0,0.0,0.0,0.3268,좀 더 해 줘.,보여?,일본어 원문 + 타임스탬프 사진 + 장면 연속성,32.43,T4,구조검사 통과 시 유지,,28.316326530612244,30.7,P4,회귀검사 통과 시 유지
SONE-785,사진 대조 1차 교정본,25,"00:04:17,220 --> 00:04:17,500",0.28,그렇지?,그건 정말 대단하네요.,밀착 다큐멘터리까지 만들 수 있다면 말이야.,반말형,,0.02,,,25.0,90.0,50.0,78.0,75.0,0.41231,0.0,66.0,0.0,0.0,0.189,전부 다 그러면 큰일이지. 그렇지 않아.,다 그러면 큰일 나죠. 저는 안 가요.,사진 장면 확인 및 한국어 번역투·ASR 오역 교정,32.38,T4,구조검사 통과 시 유지,,28.061224489795915,30.57,P4,회귀검사 통과 시 유지
SONE-785,사진 대조 1차 교정본,185,"00:18:30,840 --> 00:18:32,840",2.0,그렇죠. 죄송합니다.,그럼 더는 손대지 않을게.,회사에서 최종 확인이 필요하니 이쪽으로 와 주시겠어요?,존댓말형,,0.04,,,25.0,90.0,50.0,78.0,75.0,0.37505,0.0,66.0,0.0,18.0,0.5281,죄송합니다...,죄송합니다…,,32.25,T4,구조검사 통과 시 유지,formality_shift,27.806122448979593,30.38,P4,회귀검사 통과 시 유지
SONE-785,사진 대조 1차 교정본,166,"00:16:54,710 --> 00:16:54,750",0.04,네.,나쁜 뜻은 없으니까.,죄송합니다. 여기에…,반말형,,0.01,,,25.0,90.0,50.0,78.0,75.0,0.17544,7.03,66.0,70.0,18.0,0.7086,"네, 네.",네.,불필요한 반복 제거,32.13,T4,구조검사 통과 시 유지,formality_shift;high_cps,27.55102040816326,30.21,P4,회귀검사 통과 시 유지
SONE-785,사진 대조 1차 교정본,177,"00:18:07,300 --> 00:18:07,840",0.54,조금 어색하네.,이쪽도 괜찮습니다.,어색해.,반응형,,0.0,,,25.0,90.0,50.0,78.0,75.0,0.40363,0.0,66.0,0.0,0.0,0.2216,조금 보이네.,조금은 보이는 것 같아.,일본어 원문 대조 + 자연스러운 한국어 대사 교정,32.01,T4,구조검사 통과 시 유지,,27.29591836734694,30.03,P4,회귀검사 통과 시 유지
SONE-785,사진 대조 1차 교정본,140,"00:14:56,370 --> 00:14:57,550",1.18,"네, 알겠습니다.","기대하고 있다, 카에데 아나운서.",이번 취재에 방송국의 운명이 걸려 있어.,중립·혼합형,,0.03,,,25.0,90.0,50.0,78.0,75.0,0.40228,0.0,66.0,0.0,0.0,0.5297,정말 바로 시작이네요. 알겠습니다.,정말 바로 시작하네요. 알겠습니다.,한국어 어순 교정,31.96,T4,구조검사 통과 시 유지,,27.040816326530614,29.89,P4,회귀검사 통과 시 유지
SONE-785,사진 대조 1차 교정본,104,"00:12:53,180 --> 00:12:53,500",0.32,여유롭습니다.,네. 여유가 있으신가요?,네.,존댓말형,,0.02,,,25.0,90.0,50.0,78.0,75.0,0.24159,0.0,66.0,39.37,35.0,0.1771,좋습니다.,좋아요.,,31.94,T4,구조검사 통과 시 유지,formality_jump;high_cps,26.785714285714285,29.78,P4,회귀검사 통과 시 유지
SONE-785,사진 대조 1차 교정본,180,"00:18:12,140 --> 00:18:13,000",0.86,괜찮으세요?,이쪽 면에?,괜찮습니다.,반응형,,0.04,,,25.0,90.0,50.0,78.0,75.0,0.2439,36.57,66.0,0.0,0.0,0.9548,"아, 괜찮으세요?","아, 괜찮으시군요.",앞뒤 문답 관계 교정,31.89,T4,구조검사 통과 시 유지,,26.53061224489796,29.64,P4,회귀검사 통과 시 유지
SONE-785,사진 대조 1차 교정본,128,"00:13:53,000 --> 00:13:53,400",0.4,후와 씨.,네.,네.,중립·혼합형,,0.0,,,25.0,90.0,50.0,78.0,75.0,0.40027,0.0,66.0,0.0,0.0,0.3769,후와 씨를…,후우아 씨를 기분 좋게 해 주고 싶어요.,이름 및 다음 블록과 문장 결합,31.87,T4,구조검사 통과 시 유지,,26.27551020408163,29.52,P4,회귀검사 통과 시 유지
SONE-785,사진 대조 1차 교정본,179,"00:18:10,660 --> 00:18:11,820",1.16,이쪽 면에?,어색해.,괜찮으세요?,중립·혼합형,,0.04,,,25.0,90.0,50.0,78.0,75.0,0.39784,0.0,66.0,0.0,0.0,0.2456,이쪽 보면서 할 수 있어.,이쪽 보면서 해 줘.,일본어 원문 대조 + 자연스러운 한국어 대사 교정,31.77,T4,구조검사 통과 시 유지,,26.02040816326531,29.36,P4,회귀검사 통과 시 유지
SONE-785,사진 대조 1차 교정본,4,"00:00:54,520 --> 00:00:55,220",0.7,"아, 네.",그럼 혹시 생각이 바뀌시면 그때는 꼭 잘 부탁드리겠습니다.,이세 선수를 소개해 드리겠습니다.,반응형,,0.02,,,25.0,90.0,50.0,78.0,75.0,0.34806,3.08,66.0,0.0,18.0,0.6756,"아, 아, 아, 아, 아, 아, 아,","아, 아, 아, 아, 아, 아, 아",,31.67,T4,구조검사 통과 시 유지,formality_shift,25.765306122448976,29.19,P4,회귀검사 통과 시 유지
SONE-785,사진 대조 1차 교정본,85,"00:11:02,540 --> 00:11:03,660",1.12,물론이지. 같이 가자.,데려가 줄래?,그럼 다음 토요일은 어때?,반말형,,0.04,,,25.0,90.0,50.0,78.0,75.0,0.39511,0.0,66.0,0.0,0.0,0.2662,같이 좀 가요.,그럼 같이 가요.,일본어 원문 대조 + 자연스러운 한국어 대사 교정,31.65,T4,구조검사 통과 시 유지,,25.510204081632654,29.07,P4,회귀검사 통과 시 유지
SONE-785,사진 대조 1차 교정본,324,"00:39:08,300 --> 00:39:09,360",1.06,그렇게 싫어?,이쪽도 괜찮을 것 같아.,사이좋게 지내야지.,반응형,,0.0,,,25.0,90.0,50.0,78.0,75.0,0.39289,0.0,66.0,0.0,0.0,0.3801,다리 예쁘단 말 듣는 거 싫어?,다리 예쁘다는 말 싫어?,일본어 원문 대조 + 자연스러운 한국어 대사 교정,31.56,T4,구조검사 통과 시 유지,,25.255102040816325,28.91,P4,회귀검사 통과 시 유지
SONE-785,사진 대조 1차 교정본,342,"00:52:19,550 --> 00:52:19,670",0.12,으윽.,아…,안 돼요.,반응형,,0.05,,,25.0,90.0,50.0,78.0,75.0,0.26168,0.0,66.0,55.0,0.0,0.5224,으윽...,으윽…,,31.55,T4,구조검사 통과 시 유지,high_cps,25.0,28.8,P4,회귀검사 통과 시 유지
SONE-785,사진 대조 1차 교정본,273,"00:25:53,810 --> 00:25:54,090",0.28,응?,"저, 잠깐만요.",싫은 건 아니잖아?,반응형,,0.01,,,25.0,90.0,50.0,78.0,75.0,0.39158,0.0,66.0,0.0,0.0,0.4459,응? 잠깐 기다려…,응? 잠깐만…,일본어 원문 대조 + 자연스러운 한국어 대사 교정,31.51,T4,구조검사 통과 시 유지,,24.744897959183675,28.67,P4,회귀검사 통과 시 유지
SONE-785,사진 대조 1차 교정본,190,"00:19:00,900 --> 00:19:01,600",0.7,오타시 씨.,그럼 실례하겠습니다.,"오늘 일, 알고 있지?",중립·혼합형,,0.0,,,25.0,90.0,50.0,78.0,75.0,0.38799,0.0,66.0,0.0,0.0,0.0528,"오, 오...","오, 오…",,31.36,T4,구조검사 통과 시 유지,,24.489795918367346,28.47,P4,회귀검사 통과 시 유지
SONE-785,사진 대조 1차 교정본,107,"00:12:56,320 --> 00:12:57,000",0.68,이제 됐습니다.,경기 직후인데 인터뷰에 응해 주셔서 감사합니다.,괜찮습니다.,존댓말형,,0.02,,,25.0,90.0,50.0,78.0,75.0,0.38749,0.0,66.0,0.0,0.0,0.3685,이제 가겠습니다.,이제 갈 것 같아요.,,31.33,T4,구조검사 통과 시 유지,,24.23469387755102,28.35,P4,회귀검사 통과 시 유지
SONE-785,사진 대조 1차 교정본,237,"00:22:21,790 --> 00:22:22,730",0.94,"마시자, 마시자.",사 왔습니다.,그럼 따라 드릴게요.,중립·혼합형,,0.01,,,25.0,90.0,50.0,78.0,75.0,0.38298,0.0,66.0,0.0,0.0,0.1527,쭉 마시고…,한 번에 쭉…,일본어 원문 대조 + 자연스러운 한국어 대사 교정,31.15,T4,구조검사 통과 시 유지,,23.97959183673469,28.14,P4,회귀검사 통과 시 유지
SONE-785,사진 대조 1차 교정본,187,"00:18:41,870 --> 00:18:43,150",1.28,이쪽으로 와 주시겠어요?,회사에서 최종 확인이 필요하니 이쪽으로 와 주시겠어요?,죄송합니다.,반응형,,0.03,,,25.0,90.0,50.0,78.0,75.0,0.38222,0.0,66.0,0.0,0.0,0.3566,이쪽으로 넣어 주세요...,이쪽으로 넣어 주세요…,,31.11,T4,구조검사 통과 시 유지,,23.72448979591837,28.01,P4,회귀검사 통과 시 유지
SONE-785,사진 대조 1차 교정본,257,"00:23:57,650 --> 00:23:58,150",0.5,과장님.,계속해.,응?,중립·혼합형,,0.05,,,25.0,90.0,50.0,78.0,75.0,0.38167,0.0,66.0,0.0,0.0,0.1909,부장님...,부장님…,,31.09,T4,구조검사 통과 시 유지,,23.46938775510204,27.89,P4,회귀검사 통과 시 유지
SONE-785,사진 대조 1차 교정본,62,"00:08:15,900 --> 00:08:16,620",0.72,부탁한다.,알겠지?,이제 돌아가 봐.,중립·혼합형,,0.0,,,25.0,90.0,50.0,78.0,75.0,0.37564,0.0,66.0,0.0,0.0,0.2807,"더 부탁한다고 해야지. 자, 자, 하지메 군을 위한 거 아니야?",더 해 달라고 말해야지. 하지메 군을 위해서 하는 거잖아?,사진 장면 확인 및 한국어 번역투·ASR 오역 교정,30.84,T4,구조검사 통과 시 유지,,23.214285714285715,27.64,P4,회귀검사 통과 시 유지
SONE-785,사진 대조 1차 교정본,349,"00:56:59,530 --> 00:57:00,350",0.82,흥분했어?,아까 말한 대로 힘을 빼.,아래에서 속옷을 당겨 볼게.,반응형,,0.03,,,25.0,90.0,50.0,78.0,75.0,0.36585,0.0,66.0,0.0,0.0,0.2109,부활했어?,다시 섰어?,일본어 원문 대조 + 자연스러운 한국어 대사 교정,30.43,T4,구조검사 통과 시 유지,,22.95918367346939,27.29,P4,회귀검사 통과 시 유지
SONE-785,사진 대조 1차 교정본,296,"00:31:06,440 --> 00:31:08,100",1.66,그렇지만…,훌륭한 스포츠 캐스터가 되는 게 꿈이잖아?,"그럼 이건 기회 아니야, 후와 씨?",반말형,,0.04,,,25.0,90.0,50.0,78.0,75.0,0.36491,0.0,66.0,0.0,0.0,0.344,하지만…,그래도…,,30.39,T4,구조검사 통과 시 유지,,22.70408163265306,27.16,P4,회귀검사 통과 시 유지
SONE-785,사진 대조 1차 교정본,58,"00:07:26,020 --> 00:07:35,140",9.12,"이번 기회는 너에게도, 방송국에도,
나에게도 두 번 다시 없을 기회야.",대단하네요.,반드시 그다음 단계인 밀착 다큐멘터리 계약까지 따내.,반말형,,0.02,사진 장면 확인 및 한국어 번역투 교정,높음,58.0,96.0,50.0,92.0,42.0,0.69352,38.31,22.0,0.0,0.0,0.9692,"이번 기회는 너에게도, 방송국에도, 물론 나에게도 두 번 다시 없을 기회야.","이번 기회는 너에게도, 방송국에도, 나에게도 두 번 다시 없을 기회야.",사진 장면 확인 및 한국어 번역투 교정,30.29,T4,구조검사 통과 시 유지,,22.448979591836736,27.0,P4,회귀검사 통과 시 유지
SONE-785,사진 대조 1차 교정본,127,"00:13:52,600 --> 00:13:52,700",0.1,네.,잘 부탁해.,후와 씨.,반말형,,0.0,,,25.0,90.0,50.0,78.0,75.0,0.27021,7.03,66.0,25.0,0.0,0.7086,"네, 네.",네.,불필요한 반복 제거,30.17,T4,구조검사 통과 시 유지,borderline_cps,22.193877551020407,26.82,P4,회귀검사 통과 시 유지
SONE-785,사진 대조 1차 교정본,316,"00:35:36,560 --> 00:35:37,940",1.38,이제 힘들어요.,뭘요?,벌써?,반응형,,0.04,,,25.0,90.0,50.0,78.0,75.0,0.35889,0.0,66.0,0.0,0.0,0.6241,조금 힘들어요...,조금 힘들어요…,,30.13,T4,구조검사 통과 시 유지,,21.93877551020408,26.69,P4,회귀검사 통과 시 유지
SONE-785,사진 대조 1차 교정본,391,"02:02:23,320 --> 02:02:30,050",6.73,잘 부탁해. 깊이 들어가네.,다시 처음 자세로 돌아가자.,멈추지 말고 계속해.,반응형,,0.02,사진 장면 확인 및 한국어 번역투 교정,높음,58.0,96.0,50.0,92.0,42.0,0.73592,26.11,22.0,0.0,0.0,0.8676,잘 부탁해. 많이 들어가네.,잘 부탁해. 깊이 들어가네.,사진 장면 확인 및 한국어 번역투 교정,29.99,T4,구조검사 통과 시 유지,,21.683673469387756,26.5,P4,회귀검사 통과 시 유지
SONE-785,사진 대조 1차 교정본,75,"00:10:27,390 --> 00:10:28,410",1.02,"응, 힘낼게.",하지만 과장님도 절호의 기회라며 기대하시니까 반드시 따내고 말 거야.,응.,반응형,,0.01,,,25.0,90.0,50.0,78.0,75.0,0.35426,0.0,66.0,0.0,0.0,0.2653,"응, 더...","응, 더…",,29.94,T4,구조검사 통과 시 유지,,21.428571428571427,26.37,P4,회귀검사 통과 시 유지
SONE-785,사진 대조 1차 교정본,174,"00:17:42,930 --> 00:17:43,150",0.22,괜찮아?,이 뒤쪽에 달아도 될까요?,여기는 괜찮습니다.,반응형,,0.03,,,25.0,90.0,50.0,78.0,75.0,0.2264,0.0,66.0,25.0,35.0,0.5458,더 해줘도 돼? 더 해줘. 괜찮아?,더 해 줘도 돼? 더 해 줘. 괜찮아?,,29.87,T4,구조검사 통과 시 유지,borderline_cps;formality_jump,21.1734693877551,26.22,P4,회귀검사 통과 시 유지
SONE-785,사진 대조 1차 교정본,203,"00:20:14,660 --> 00:20:15,480",0.82,"네, 준비됐습니다.","스태프 여러분, 준비되셨습니까?",준비됐습니다.,중립·혼합형,,0.04,,,25.0,90.0,50.0,78.0,75.0,0.35231,0.0,66.0,0.0,0.0,0.2879,"네, 네.",네.,불필요한 반복 제거,29.86,T4,구조검사 통과 시 유지,,20.918367346938776,26.1,P4,회귀검사 통과 시 유지
SONE-785,사진 대조 1차 교정본,288,"00:29:12,030 --> 00:29:13,570",1.54,시원하지?,잘하잖아.,안 돼요.,반말형,,0.03,,,25.0,90.0,50.0,78.0,75.0,0.34946,0.0,66.0,0.0,0.0,0.3385,시원하네.,응.,일본어 원문 + 타임스탬프 사진 + 장면 연속성,29.74,T4,구조검사 통과 시 유지,,20.66326530612245,25.93,P4,회귀검사 통과 시 유지
SONE-785,사진 대조 1차 교정본,169,"00:17:34,370 --> 00:17:35,170",0.8,정말인가요?,이 정도면 괜찮지 않아?,여기에 달아도 돼?,존댓말형,,0.03,,,25.0,90.0,50.0,78.0,75.0,0.31486,0.0,66.0,0.0,18.0,0.4464,"아, 정말인가…","아, 좋아…",타임스탬프 사진과 장면 흐름으로 명백한 오인식 교정,29.72,T4,구조검사 통과 시 유지,formality_shift,20.408163265306122,25.81,P4,회귀검사 통과 시 유지
SONE-785,사진 대조 1차 교정본,53,"00:07:02,310 --> 00:07:03,350",1.04,"그래, 맞아.",정말인가요?,그 이세 선수가 카에데 후와를 지명한 거야.,반응형,,0.01,,,25.0,90.0,50.0,78.0,75.0,0.33928,0.0,66.0,0.0,0.0,0.3191,"너도 기분 좋지? 안 그래, 사야.","너도 좋지? 그렇지, 사야?",대화체 자연화,29.31,T4,구조검사 통과 시 유지,,20.153061224489797,25.46,P4,회귀검사 통과 시 유지
SONE-785,사진 대조 1차 교정본,118,"00:13:32,340 --> 00:13:32,560",0.22,네.,열심히 하는 모습은 정말 보기 좋네.,계속 열심히 하는 모습을 보고 싶으니 독점 인터뷰도 받아 줄게.,반말형,,0.04,,,25.0,90.0,50.0,78.0,75.0,0.30739,7.03,66.0,0.0,0.0,0.7086,"네, 네.",네.,불필요한 반복 제거,29.24,T4,구조검사 통과 시 유지,,19.897959183673468,25.32,P4,회귀검사 통과 시 유지
SONE-785,사진 대조 1차 교정본,52,"00:07:01,250 --> 00:07:01,970",0.72,정말인가요?,다음 경기 뒤 인터뷰를 너를 지명해서 받겠대.,"그래, 맞아.",존댓말형,,0.05,,,25.0,90.0,50.0,78.0,75.0,0.26922,0.0,66.0,0.0,35.0,0.4464,"아, 정말인가…","아, 좋아…",타임스탬프 사진과 장면 흐름으로 명백한 오인식 교정,29.17,T4,구조검사 통과 시 유지,formality_jump,19.642857142857142,25.17,P4,회귀검사 통과 시 유지
SONE-785,사진 대조 1차 교정본,81,"00:10:56,140 --> 00:10:56,880",0.74,"음, 그럼…",어디 가고 싶은 데 있어?,가 보고 싶은 곳이 하나 있는데.,중립·혼합형,,0.04,,,25.0,90.0,50.0,78.0,75.0,0.33569,0.0,66.0,0.0,0.0,0.3237,"더 야하게 해 봐. 음, 음, 음... 그렇지!","더 야하게 해 봐. 음, 음, 음… 그렇지!",,29.16,T4,구조검사 통과 시 유지,,19.387755102040817,25.06,P4,회귀검사 통과 시 유지
SONE-785,사진 대조 1차 교정본,235,"00:22:14,390 --> 00:22:16,630",2.24,센스가 좋네…,일부러 준비했어요?,사 왔습니다.,반말형,,0.01,,,25.0,90.0,50.0,78.0,75.0,0.32967,0.0,66.0,0.0,0.0,0.1599,좋네.,좋아.,일본어 원문 대조 + 자연스러운 한국어 대사 교정,28.91,T4,구조검사 통과 시 유지,,19.132653061224488,24.8,P4,회귀검사 통과 시 유지
SONE-785,사진 대조 1차 교정본,221,"00:21:00,260 --> 00:21:00,560",0.3,죄송합니다.,죄송합니다.,"네, 전혀 괜찮아요.",존댓말형,,0.04,,,25.0,90.0,50.0,78.0,75.0,0.20528,12.28,66.0,30.0,0.0,0.7523,죄송합니다...,죄송합니다…,,28.89,T4,구조검사 통과 시 유지,high_cps,18.877551020408163,24.68,P4,회귀검사 통과 시 유지
SONE-785,사진 대조 1차 교정본,281,"00:28:26,090 --> 00:28:27,490",1.4,응?,스포츠 캐스터는 다리가 피곤하잖아.,방어가 단단하네. 경기 중 상대의 가드가 단단하면 어떻게 하는 줄 알아?,반응형,,0.01,,,25.0,90.0,50.0,78.0,75.0,0.32529,0.0,66.0,0.0,0.0,0.4459,응? 잠깐 기다려…,응? 잠깐만…,일본어 원문 대조 + 자연스러운 한국어 대사 교정,28.72,T4,구조검사 통과 시 유지,,18.622448979591837,24.48,P4,회귀검사 통과 시 유지
SONE-785,사진 대조 1차 교정본,178,"00:18:07,840 --> 00:18:08,820",0.98,어색해.,조금 어색하네.,이쪽 면에?,반응형,,0.04,,,25.0,90.0,50.0,78.0,75.0,0.3246,0.0,66.0,0.0,0.0,0.0835,대단해.,기분 좋네.,일본어 원문 + 타임스탬프 사진 + 장면 연속성,28.69,T4,구조검사 통과 시 유지,,18.367346938775512,24.35,P4,회귀검사 통과 시 유지
SONE-785,사진 대조 1차 교정본,37,"00:05:14,130 --> 00:05:14,830",0.7,힘내.,힘내라고.,열심히 하겠습니다.,중립·혼합형,,0.03,,,25.0,90.0,50.0,78.0,75.0,0.32092,0.0,66.0,0.0,0.0,0.2145,"네, 힘내면 돼.","응, 힘내면 돼.",사진 장면 확인 및 한국어 번역투·ASR 오역 교정,28.54,T4,구조검사 통과 시 유지,,18.112244897959183,24.16,P4,회귀검사 통과 시 유지
SONE-785,사진 대조 1차 교정본,61,"00:08:05,510 --> 00:08:06,110",0.6,알겠지?,아무튼 기쁜 일이야.,부탁한다.,반말형,,0.01,,,25.0,90.0,50.0,78.0,75.0,0.31724,0.0,66.0,0.0,0.0,0.1619,왠지 알겠어.,어떻게 알았어?,손상된 일본어 ASR + 타임스탬프 사진 + 앞뒤 문맥 추론,28.38,T4,구조검사 통과 시 유지,,17.857142857142858,23.96,P4,회귀검사 통과 시 유지
SONE-785,사진 대조 1차 교정본,125,"00:13:51,280 --> 00:13:51,500",0.22,네.,필요한 준비가 정리되면 연락할게.,잘 부탁해.,반말형,,0.02,,,25.0,90.0,50.0,78.0,75.0,0.27764,7.03,66.0,0.0,0.0,0.7086,"네, 네.",네.,불필요한 반복 제거,27.99,T4,구조검사 통과 시 유지,,17.602040816326532,23.63,P4,회귀검사 통과 시 유지
SONE-785,사진 대조 1차 교정본,27,"00:04:23,780 --> 00:04:24,480",0.7,제가요?,밀착 다큐멘터리까지 만들 수 있다면 말이야.,응.,중립·혼합형,,0.02,,,25.0,90.0,50.0,78.0,75.0,0.3056,0.0,66.0,0.0,0.0,0.1933,이제 살려 주실 건가요?,이제 좀 살려 주실 건가요?,사진 장면 확인 및 한국어 번역투·ASR 오역 교정,27.9,T4,구조검사 통과 시 유지,,17.346938775510203,23.47,P4,회귀검사 통과 시 유지
SONE-785,사진 대조 1차 교정본,113,"00:13:23,320 --> 00:13:24,260",0.94,이세 선수.,"이세 선수, 어떠셨어요?",좋은 인터뷰를 찍었네요.,중립·혼합형,,0.02,,,25.0,90.0,50.0,78.0,75.0,0.30428,0.0,66.0,0.0,0.0,0.0672,"네, 이제 세 번, 세 번…","네, 이제 세 번째예요…",사진 장면 확인 및 한국어 번역투·ASR 오역 교정,27.84,T4,구조검사 통과 시 유지,,17.091836734693878,23.33,P4,회귀검사 통과 시 유지
SONE-785,사진 대조 1차 교정본,362,"01:12:02,890 --> 01:12:03,210",0.32,정말이네.,안 돼요.,벌써 안쪽이 지친 것 같은데…,반말형,,0.01,,,25.0,90.0,50.0,78.0,75.0,0.30314,0.0,66.0,0.0,0.0,0.2119,끝이네.,다 했어?,일본어 원문 대조 + 자연스러운 한국어 대사 교정,27.79,T4,구조검사 통과 시 유지,,16.83673469387755,23.19,P4,회귀검사 통과 시 유지
SONE-785,사진 대조 1차 교정본,131,"00:13:56,300 --> 00:13:56,600",0.3,네.,있잖아.,잘 부탁해.,반말형,,0.0,,,25.0,90.0,50.0,78.0,75.0,0.26528,7.03,66.0,0.0,0.0,0.7086,"네, 네.",네.,불필요한 반복 제거,27.47,T4,구조검사 통과 시 유지,,16.581632653061224,22.9,P4,회귀검사 통과 시 유지
SONE-785,사진 대조 1차 교정본,289,"00:29:13,710 --> 00:29:14,190",0.48,안 돼요.,시원하지?,으음… 안 돼요. 안 돼.,중립·혼합형,,0.01,,,25.0,90.0,50.0,78.0,75.0,0.29266,0.0,66.0,0.0,0.0,0.6331,"아, 유두는 안 돼요.","아, 젖꼭지는 안 돼요.",,27.35,T4,구조검사 통과 시 유지,,16.3265306122449,22.72,P4,회귀검사 통과 시 유지
SONE-785,사진 대조 1차 교정본,384,"01:54:05,760 --> 01:54:06,920",1.16,하아!,하아!,하아!,반응형,,0.04,,,25.0,90.0,50.0,78.0,75.0,0.23522,0.0,66.0,0.0,30.0,0.2139,"하아, 하아...","하아, 하아…",,27.34,T4,구조검사 통과 시 유지,triple_identical_run,16.071428571428573,22.61,P4,회귀검사 통과 시 유지
SONE-785,사진 대조 1차 교정본,22,"00:04:10,560 --> 00:04:10,660",0.1,응.,그런가요?,어쩌면 우리 방송국이 단독 취재를 따내면 정말 대단한 일이야.,반응형,,0.04,,,25.0,90.0,50.0,78.0,75.0,0.21962,0.0,66.0,30.0,0.0,0.5027,"하-, 응.",하아… 응.,,27.28,T4,구조검사 통과 시 유지,high_cps,15.816326530612246,22.47,P4,회귀검사 통과 시 유지
SONE-785,사진 대조 1차 교정본,193,"00:19:06,920 --> 00:19:07,560",0.64,죄송합니다.,물론입니다.,밀착 취재 말입니다.,존댓말형,,0.02,,,25.0,90.0,50.0,78.0,75.0,0.238,12.28,66.0,0.0,0.0,0.7523,죄송합니다...,죄송합니다…,,27.27,T4,구조검사 통과 시 유지,,15.561224489795919,22.35,P4,회귀검사 통과 시 유지
SONE-785,사진 대조 1차 교정본,84,"00:11:01,280 --> 00:11:02,120",0.84,데려가 줄래?,응.,물론이지. 같이 가자.,중립·혼합형,,0.02,,,25.0,90.0,50.0,78.0,75.0,0.28966,0.0,66.0,0.0,0.0,0.1357,눈 감아 줄래.,눈 감고 있을게.,일본어 원문 대조 + 자연스러운 한국어 대사 교정,27.23,T4,구조검사 통과 시 유지,,15.306122448979592,22.22,P4,회귀검사 통과 시 유지
SONE-785,사진 대조 1차 교정본,109,"00:12:58,060 --> 00:12:59,100",1.04,괜찮아요.,괜찮습니다.,"네, 컷!",반응형,,0.04,,,25.0,90.0,50.0,78.0,75.0,0.2231,15.08,66.0,0.0,0.0,0.7756,말해도 괜찮아요.,"괜찮아, 계속해.",일본어 원문 대조 + 자연스러운 한국어 대사 교정,27.14,T4,구조검사 통과 시 유지,,14.923469387755103,22.01,P4,회귀검사 통과 시 유지
SONE-785,사진 대조 1차 교정본,318,"00:35:40,120 --> 00:35:40,940",0.82,미안해요.,벌써?,어떻게 된 것 같아?,반말형,,0.02,,,25.0,90.0,50.0,78.0,75.0,0.28762,0.0,66.0,0.0,0.0,0.3694,"하지 마. 미안, 미안해, 미안해.","잠깐만. 미안, 미안해.",일본어 원문 대조 + 자연스러운 한국어 대사 교정,27.14,T4,구조검사 통과 시 유지,,14.923469387755103,22.01,P4,회귀검사 통과 시 유지
SONE-785,사진 대조 1차 교정본,227,"00:21:05,660 --> 00:21:06,060",0.4,시작.,갑니다.,오늘 SS1 TV의 독점 취재에 응해 주셔서 감사합니다.,중립·혼합형,,0.04,,,25.0,90.0,50.0,78.0,75.0,0.28249,0.0,66.0,0.0,0.0,0.1447,"자, 시작합니다.",♪,,26.92,T4,구조검사 통과 시 유지,,14.540816326530612,21.72,P4,회귀검사 통과 시 유지
SONE-785,사진 대조 1차 교정본,231,"00:21:57,660 --> 00:21:58,400",0.74,잘 부탁드립니다!,바쁘신 가운데 시간을 내 주셔서 감사합니다.,"네, 감사합니다.",존댓말형,,0.04,,,25.0,90.0,50.0,78.0,75.0,0.24469,8.41,66.0,0.0,0.0,0.72,잘 부탁드립니다.,좋은 아침입니다.,,26.85,T4,구조검사 통과 시 유지,,14.285714285714285,21.57,P4,회귀검사 통과 시 유지
SONE-785,사진 대조 1차 교정본,45,"00:06:08,570 --> 00:06:27,500",18.93,마음에 드신 모양이군.,다음 경기가 가까우니 경기 직후 인터뷰 같은 걸 맡겨 줘.,잘했다. 이제 돌아가.,중립·혼합형,,0.03,사진 장면 확인 및 한국어 번역투 교정,높음,58.0,96.0,50.0,92.0,42.0,0.64579,22.61,22.0,0.0,0.0,0.8384,마음에 든 모양이군.,마음에 드신 모양이군.,사진 장면 확인 및 한국어 번역투 교정,26.81,T4,구조검사 통과 시 유지,,13.903061224489797,21.39,P4,회귀검사 통과 시 유지
SONE-785,사진 대조 1차 교정본,122,"00:13:44,440 --> 00:13:44,540",0.1,응.,감사합니다.,대신 조건이 하나 있어.,반응형,,0.04,,,25.0,90.0,50.0,78.0,75.0,0.20843,0.0,66.0,30.0,0.0,0.5027,"하-, 응.",하아… 응.,,26.81,T4,구조검사 통과 시 유지,high_cps,13.903061224489797,21.39,P4,회귀검사 통과 시 유지
SONE-785,사진 대조 1차 교정본,146,"00:15:32,560 --> 00:15:32,960",0.4,네.,"이세 선수가 어떻게 해야 편한지, 어떻게 해야 호감을
갖는지, 그리고 어떻게 해야 취재가 성공할지만 생각해.",방송의 꽃인 스타 스포츠 캐스터가 되는 거야.,반말형,,0.04,,,25.0,90.0,50.0,78.0,75.0,0.24748,7.03,66.0,0.0,0.0,0.7086,"네, 네.",네.,불필요한 반복 제거,26.72,T4,구조검사 통과 시 유지,,13.520408163265307,21.18,P4,회귀검사 통과 시 유지
SONE-785,사진 대조 1차 교정본,48,"00:06:48,770 --> 00:06:50,010",1.24,설마…,이걸로 너도 캐스터로서 꽃을 피우겠구나.,아까 전화 왔었지?,중립·혼합형,,0.03,,,25.0,90.0,50.0,78.0,75.0,0.27431,0.0,66.0,0.0,0.0,0.0379,"싫어, 아… 아… 아…",싫어… 아… 아…,일본어 원문 대조 + 자연스러운 한국어 대사 교정,26.58,T4,구조검사 통과 시 유지,,13.26530612244898,20.99,P4,회귀검사 통과 시 유지
SONE-785,사진 대조 1차 교정본,76,"00:10:28,910 --> 00:10:29,270",0.36,응.,"응, 힘낼게.",혹시 무슨 일이라도 생기면 말해.,반응형,,0.01,,,25.0,90.0,50.0,78.0,75.0,0.27213,0.0,66.0,0.0,0.0,0.5027,"하-, 응.",하아… 응.,,26.49,T4,구조검사 통과 시 유지,,13.010204081632654,20.83,P4,회귀검사 통과 시 유지
SONE-785,사진 대조 1차 교정본,21,"00:04:09,660 --> 00:04:10,460",0.8,그런가요?,제안을 전부 거절당했어.,응.,중립·혼합형,,0.04,,,25.0,90.0,50.0,78.0,75.0,0.269,0.0,66.0,0.0,0.0,0.3343,"그래도 행동력이 있잖아. 아, 그런가요.","그래도 직접 지원할 만큼 행동력이 있잖아. 아, 그런가요.",화자 분리 및 문장 자연화,26.36,T4,구조검사 통과 시 유지,,12.755102040816327,20.65,P4,회귀검사 통과 시 유지
SONE-785,사진 대조 1차 교정본,315,"00:35:32,300 --> 00:35:33,140",0.84,뭘요?,배에 힘을 빼 봐.,이제 힘들어요.,중립·혼합형,,0.0,,,25.0,90.0,50.0,78.0,75.0,0.26527,0.0,66.0,0.0,0.0,0.0958,뭘 찍게 한 거야?,뭘 찍은 거야?,손상된 일본어 ASR + 타임스탬프 사진 + 앞뒤 문맥 추론,26.2,T4,구조검사 통과 시 유지,,12.5,20.45,P4,회귀검사 통과 시 유지
SONE-785,사진 대조 1차 교정본,39,"00:05:15,090 --> 00:05:15,250",0.16,응.,열심히 하겠습니다.,너 말이야.,반응형,,0.01,,,25.0,90.0,50.0,78.0,75.0,0.26396,0.0,66.0,0.0,0.0,0.5027,"하-, 응.",하아… 응.,,26.15,T4,구조검사 통과 시 유지,,12.244897959183673,20.31,P4,회귀검사 통과 시 유지
SONE-785,사진 대조 1차 교정본,381,"01:53:33,720 --> 01:53:35,280",1.56,넣고 나니까 어때?,안쪽까지 넣어 줘.,하아!,반응형,,0.02,사진 장면 확인 및 한국어 번역투 교정,높음,58.0,96.0,50.0,92.0,46.0,0.71335,0.0,22.0,0.0,0.0,0.3911,어때? 맛은?,어때? 맛 평가해 줘.,일본어 원문 대조 + 자연스러운 한국어 대사 교정,26.09,T4,구조검사 통과 시 유지,,11.989795918367346,20.17,P4,회귀검사 통과 시 유지
SONE-785,사진 대조 1차 교정본,214,"00:20:39,240 --> 00:20:39,360",0.12,네.,오늘 SS1 TV의 독점 취재에 응해 주셔서 감사합니다.,이세 선수는 현재 MMA에서 크게 활약하고 계시죠.,반말형,,0.04,,,25.0,90.0,50.0,78.0,75.0,0.17261,7.03,66.0,25.0,0.0,0.7086,"네, 네.",네.,불필요한 반복 제거,26.07,T4,구조검사 통과 시 유지,borderline_cps,11.73469387755102,20.05,P4,회귀검사 통과 시 유지
SONE-785,사진 대조 1차 교정본,181,"00:18:13,240 --> 00:18:14,940",1.7,괜찮습니다.,괜찮으세요?,감사합니다.,존댓말형,,0.04,,,25.0,90.0,50.0,78.0,75.0,0.25273,1.73,66.0,0.0,0.0,0.6645,이번 저주가 괜찮습니다.,[불명],,25.99,T4,구조검사 통과 시 유지,,11.479591836734695,19.9,P4,회귀검사 통과 시 유지
SONE-785,사진 대조 1차 교정본,310,"00:33:10,150 --> 00:33:12,430",2.28,어떻게…,예쁘네.,이런 것도 있었어?,반응형,,0.05,,,25.0,90.0,50.0,78.0,75.0,0.25913,0.0,66.0,0.0,0.0,0.251,어떻게 먹는 거?,어떤 식으로?,일본어 원문 대조 + 자연스러운 한국어 대사 교정,25.94,T4,구조검사 통과 시 유지,,11.224489795918368,19.76,P4,회귀검사 통과 시 유지
SONE-785,사진 대조 1차 교정본,205,"00:20:16,400 --> 00:20:17,340",0.94,시작하겠습니다.,준비됐습니다.,네.,존댓말형,,0.0,,,25.0,90.0,50.0,78.0,75.0,0.25414,0.0,66.0,0.0,0.0,0.4206,열심히 하겠습니다.,힘내 볼게요.,,25.73,T4,구조검사 통과 시 유지,,10.96938775510204,19.53,P4,회귀검사 통과 시 유지
SONE-785,사진 대조 1차 교정본,204,"00:20:15,600 --> 00:20:16,100",0.5,준비됐습니다.,"네, 준비됐습니다.",시작하겠습니다.,존댓말형,,0.0,,,25.0,90.0,50.0,78.0,75.0,0.25053,0.0,66.0,0.0,0.0,0.1871,좋습니다.,좋아요.,,25.58,T4,구조검사 통과 시 유지,,10.459183673469388,19.23,P4,회귀검사 통과 시 유지
SONE-785,사진 대조 1차 교정본,233,"00:22:04,380 --> 00:22:11,330",6.95,"아, 이게…","네, 감사합니다.",일부러 준비했어요?,반응형,,0.02,,,25.0,90.0,50.0,78.0,75.0,0.25054,0.0,66.0,0.0,0.0,0.3933,"아, 아, 아, 아, 아, 아, 아,","아, 아, 아, 아, 아, 아, 아",,25.58,T4,구조검사 통과 시 유지,,10.459183673469388,19.23,P4,회귀검사 통과 시 유지
SONE-785,사진 대조 1차 교정본,312,"00:33:13,690 --> 00:33:20,660",6.97,응.,이런 것도 있었어?,오늘 열심히 했으니 칭찬해 줄게.,반응형,,0.01,,,25.0,90.0,50.0,78.0,75.0,0.25042,0.0,66.0,0.0,0.0,0.5027,"하-, 응.",하아… 응.,,25.58,T4,구조검사 통과 시 유지,,10.459183673469388,19.23,P4,회귀검사 통과 시 유지
SONE-785,사진 대조 1차 교정본,206,"00:20:17,760 --> 00:20:17,860",0.1,네.,시작하겠습니다.,"그럼 여러분, 괜찮으시죠?",반말형,,0.04,,,25.0,90.0,50.0,78.0,75.0,0.11391,7.03,66.0,30.0,18.0,0.7086,"네, 네.",네.,불필요한 반복 제거,25.55,T4,구조검사 통과 시 유지,formality_shift;high_cps,9.948979591836734,19.0,P4,회귀검사 통과 시 유지
SONE-785,사진 대조 1차 교정본,105,"00:12:53,620 --> 00:12:53,720",0.1,네.,여유롭습니다.,경기 직후인데 인터뷰에 응해 주셔서 감사합니다.,반말형,,0.02,,,25.0,90.0,50.0,78.0,75.0,0.12134,7.03,66.0,25.0,18.0,0.7086,"네, 네.",네.,불필요한 반복 제거,25.36,T4,구조검사 통과 시 유지,borderline_cps;formality_shift,9.693877551020408,18.78,P4,회귀검사 통과 시 유지
SONE-785,사진 대조 1차 교정본,216,"00:20:46,980 --> 00:20:47,160",0.18,네.,이세 선수는 현재 MMA에서 크게 활약하고 계시죠.,이세 선수는 독점 취재를 거의 허락하지 않는 걸로 유명하죠.,반말형,,0.02,,,25.0,90.0,50.0,78.0,75.0,0.21337,7.03,66.0,0.0,0.0,0.7086,"네, 네.",네.,불필요한 반복 제거,25.29,T4,구조검사 통과 시 유지,,9.438775510204081,18.63,P4,회귀검사 통과 시 유지
SONE-785,사진 대조 1차 교정본,108,"00:12:57,380 --> 00:12:58,020",0.64,괜찮습니다.,이제 됐습니다.,괜찮아요.,존댓말형,,0.02,,,25.0,90.0,50.0,78.0,75.0,0.2336,1.73,66.0,0.0,0.0,0.6645,이번 저주가 괜찮습니다.,[불명],,25.18,T4,구조검사 통과 시 유지,,9.183673469387756,18.46,P4,회귀검사 통과 시 유지
SONE-785,사진 대조 1차 교정본,192,"00:19:05,080 --> 00:19:06,460",1.38,물론입니다.,"오늘 일, 알고 있지?",죄송합니다.,중립·혼합형,,0.02,,,25.0,90.0,50.0,78.0,75.0,0.23984,0.0,66.0,0.0,0.0,0.2536,두 번째입니다.,벌써 두 번째예요.,사진 장면 확인 및 한국어 번역투 교정,25.13,T4,구조검사 통과 시 유지,,8.801020408163266,18.27,P4,회귀검사 통과 시 유지
SONE-785,사진 대조 1차 교정본,392,"02:02:44,900 --> 02:02:45,800",0.9,멈추지 말고 계속해.,잘 부탁해. 깊이 들어가네.,,반말형,,0.0,사진 장면 확인 및 한국어 번역투 교정,높음,58.0,96.0,50.0,92.0,42.0,0.68729,0.0,22.0,0.0,0.0,0.5778,멈추지 말고 계속하자.,멈추지 말고 계속해.,사진 장면 확인 및 한국어 번역투 교정,25.13,T4,구조검사 통과 시 유지,,8.801020408163266,18.27,P4,회귀검사 통과 시 유지
SONE-785,사진 대조 1차 교정본,172,"00:17:38,610 --> 00:17:39,210",0.6,괜찮습니다.,회사에서 괜찮다면 상관없는 거지?,이 뒤쪽에 달아도 될까요?,존댓말형,,0.01,,,25.0,90.0,50.0,78.0,75.0,0.22887,1.73,66.0,0.0,0.0,0.6645,이번 저주가 괜찮습니다.,[불명],,24.98,T4,구조검사 통과 시 유지,,8.418367346938775,18.02,P4,회귀검사 통과 시 유지
SONE-785,사진 대조 1차 교정본,220,"00:20:59,700 --> 00:21:00,180",0.48,죄송합니다.,죄송하지만 한 번 더 해도 될까요?,죄송합니다.,존댓말형,,0.0,,,25.0,90.0,50.0,78.0,75.0,0.18126,12.28,66.0,0.0,0.0,0.7523,죄송합니다...,죄송합니다…,,24.88,T4,구조검사 통과 시 유지,,8.16326530612245,17.86,P4,회귀검사 통과 시 유지
SONE-785,사진 대조 1차 교정본,226,"00:21:04,660 --> 00:21:05,080",0.42,갑니다.,"네, 시작 3초 전.",시작.,중립·혼합형,,0.04,,,25.0,90.0,50.0,78.0,75.0,0.22885,0.0,66.0,0.0,0.0,0.246,네 번째가 끝나면 세 번째로 넘어갑니다.,[불명],,24.67,T4,구조검사 통과 시 유지,,7.908163265306123,17.63,P4,회귀검사 통과 시 유지
SONE-785,사진 대조 1차 교정본,251,"00:23:29,060 --> 00:23:29,520",0.46,물론이지.,정말인가요?,그럼 저는 오늘 이만 실례하겠습니다.,반말형,,0.04,,,25.0,90.0,50.0,78.0,75.0,0.16142,0.0,66.0,0.0,35.0,0.124,전부 다 그러면 큰일이지. 그렇지 않아.,다 그러면 큰일 나죠. 저는 안 가요.,사진 장면 확인 및 한국어 번역투·ASR 오역 교정,24.64,T4,구조검사 통과 시 유지,formality_jump,7.653061224489796,17.51,P4,회귀검사 통과 시 유지
SONE-785,사진 대조 1차 교정본,129,"00:13:54,640 --> 00:13:55,000",0.36,네.,후와 씨.,있잖아.,반말형,,0.04,,,25.0,90.0,50.0,78.0,75.0,0.1975,7.03,66.0,0.0,0.0,0.7086,"네, 네.",네.,불필요한 반복 제거,24.62,T4,구조검사 통과 시 유지,,7.3979591836734695,17.39,P4,회귀검사 통과 시 유지
SONE-785,사진 대조 1차 교정본,258,"00:23:58,630 --> 00:23:58,930",0.3,응?,과장님.,이게 어떻게 된 거예요?,반응형,,0.03,,,25.0,90.0,50.0,78.0,75.0,0.22609,0.0,66.0,0.0,0.0,0.4459,응? 잠깐 기다려…,응? 잠깐만…,일본어 원문 대조 + 자연스러운 한국어 대사 교정,24.56,T4,구조검사 통과 시 유지,,7.142857142857142,17.24,P4,회귀검사 통과 시 유지
SONE-785,사진 대조 1차 교정본,188,"00:18:43,770 --> 00:18:44,570",0.8,죄송합니다.,이쪽으로 와 주시겠어요?,그럼 실례하겠습니다.,존댓말형,,0.03,,,25.0,90.0,50.0,78.0,75.0,0.17106,12.28,66.0,0.0,0.0,0.7523,죄송합니다...,죄송합니다…,,24.45,T4,구조검사 통과 시 유지,,6.887755102040815,17.07,P4,회귀검사 통과 시 유지
SONE-785,사진 대조 1차 교정본,14,"00:03:32,530 --> 00:03:32,830",0.3,네.,오늘은 여기까지 모시겠습니다.,이세 선수 눈에만 들면 우리 방송국에도 기회가 생겨.,반말형,,0.03,,,25.0,90.0,50.0,78.0,75.0,0.18842,7.03,66.0,0.0,0.0,0.7086,"네, 네.",네.,불필요한 반복 제거,24.24,T4,구조검사 통과 시 유지,,6.63265306122449,16.84,P4,회귀검사 통과 시 유지
SONE-785,사진 대조 1차 교정본,87,"00:11:07,600 --> 00:11:07,760",0.16,응.,그럼 다음 토요일은 어때?,그날 와 줘.,반응형,,0.0,,,25.0,90.0,50.0,78.0,75.0,0.21702,0.0,66.0,0.0,0.0,0.5027,"하-, 응.",하아… 응.,,24.17,T4,구조검사 통과 시 유지,,6.377551020408164,16.7,P4,회귀검사 통과 시 유지
SONE-785,사진 대조 1차 교정본,18,"00:04:04,900 --> 00:04:05,220",0.32,네.,그 이세 선수라고.,다른 방송국들은 어땠지?,반말형,,0.0,,,25.0,90.0,50.0,78.0,75.0,0.18401,7.03,66.0,0.0,0.0,0.7086,"네, 네.",네.,불필요한 반복 제거,24.05,T4,구조검사 통과 시 유지,,6.122448979591836,16.52,P4,회귀검사 통과 시 유지
SONE-785,사진 대조 1차 교정본,123,"00:13:45,560 --> 00:13:47,480",1.92,대신 조건이 하나 있어.,응.,필요한 준비가 정리되면 연락할게.,반응형,,0.04,사진 장면 확인 및 한국어 번역투 교정,높음,58.0,96.0,50.0,92.0,42.0,0.64757,0.85,22.0,0.0,0.0,0.6571,나도 조건이 있어.,대신 조건이 하나 있어.,사진 장면 확인 및 한국어 번역투 교정,24.04,T4,구조검사 통과 시 유지,,5.86734693877551,16.41,P4,회귀검사 통과 시 유지
SONE-785,사진 대조 1차 교정본,383,"01:53:53,990 --> 01:53:54,630",0.64,하아!,하아!,하아!,반응형,,0.01,,,25.0,90.0,50.0,78.0,75.0,0.15431,0.0,66.0,0.0,30.0,0.2139,"하아, 하아...","하아, 하아…",,23.94,T4,구조검사 통과 시 유지,triple_identical_run,5.612244897959184,16.24,P4,회귀검사 통과 시 유지
SONE-785,사진 대조 1차 교정본,2,"00:00:40,400 --> 00:00:40,800",0.4,네.,경기 건으로 와 주셨습니다.,그럼 혹시 생각이 바뀌시면 그때는 꼭 잘 부탁드리겠습니다.,반말형,,0.0,,,25.0,90.0,50.0,78.0,75.0,0.11371,7.03,66.0,0.0,35.0,0.7086,"네, 네.",네.,불필요한 반복 제거,23.9,T4,구조검사 통과 시 유지,formality_jump,5.357142857142857,16.11,P4,회귀검사 통과 시 유지
SONE-785,사진 대조 1차 교정본,110,"00:13:03,500 --> 00:13:04,220",0.72,"네, 컷!",괜찮아요.,어때?,반말형,,0.0,,,25.0,90.0,50.0,78.0,75.0,0.20842,0.0,66.0,0.0,0.0,0.4349,"네, 네.",네.,불필요한 반복 제거,23.81,T4,구조검사 통과 시 유지,,5.1020408163265305,15.95,P4,회귀검사 통과 시 유지
SONE-785,사진 대조 1차 교정본,317,"00:35:38,540 --> 00:35:38,800",0.26,벌써?,이제 힘들어요.,미안해요.,중립·혼합형,,0.04,,,25.0,90.0,50.0,78.0,75.0,0.20363,0.0,66.0,0.0,0.0,0.1775,"오, 벌써...","오, 벌써…",,23.61,T4,구조검사 통과 시 유지,,4.846938775510204,15.73,P4,회귀검사 통과 시 유지
SONE-785,사진 대조 1차 교정본,143,"00:15:12,760 --> 00:15:13,200",0.44,네.,그만큼 중요한 일이니 제대로 해.,우선 너는 이세 선수를 최우선으로 생각해야 해.,반말형,,0.04,,,25.0,90.0,50.0,78.0,75.0,0.16873,7.03,66.0,0.0,0.0,0.7086,"네, 네.",네.,불필요한 반복 제거,23.41,T4,구조검사 통과 시 유지,,4.591836734693878,15.51,P4,회귀검사 통과 시 유지
SONE-785,사진 대조 1차 교정본,111,"00:13:21,160 --> 00:13:21,520",0.36,어때?,"네, 컷!","이세 선수, 어떠셨어요?",반응형,,0.04,,,25.0,90.0,50.0,78.0,75.0,0.19163,1.15,66.0,0.0,0.0,0.6596,어때? 맛은?,어때? 맛 평가해 줘.,일본어 원문 대조 + 자연스러운 한국어 대사 교정,23.32,T4,구조검사 통과 시 유지,,4.336734693877551,15.35,P4,회귀검사 통과 시 유지
SONE-785,사진 대조 1차 교정본,208,"00:20:23,080 --> 00:20:23,280",0.2,네.,"그럼 여러분, 괜찮으시죠?","그럼 카에데 씨, 잘 부탁드립니다.",반말형,,0.02,,,25.0,90.0,50.0,78.0,75.0,0.13103,7.03,66.0,0.0,18.0,0.7086,"네, 네.",네.,불필요한 반복 제거,23.27,T4,구조검사 통과 시 유지,formality_shift,4.081632653061225,15.21,P4,회귀검사 통과 시 유지
SONE-785,사진 대조 1차 교정본,1,"00:00:19,510 --> 00:00:21,750",2.24,경기 건으로 와 주셨습니다.,,네.,반응형,,0.01,사진 장면 확인 및 한국어 번역투 교정,높음,58.0,96.0,50.0,92.0,42.0,0.53454,4.4,22.0,0.0,35.0,0.6867,경기 때문에 와 주셨습니다.,경기 건으로 와 주셨습니다.,사진 장면 확인 및 한국어 번역투 교정,23.1,T4,구조검사 통과 시 유지,formality_jump,3.826530612244898,15.01,P4,회귀검사 통과 시 유지
SONE-785,사진 대조 1차 교정본,13,"00:03:06,520 --> 00:03:08,160",1.64,오늘은 여기까지 모시겠습니다.,"아, 모셔다드리겠습니다.",네.,중립·혼합형,,0.02,사진 장면 확인 및 한국어 번역투 교정,높음,58.0,96.0,50.0,92.0,42.0,0.61742,0.0,22.0,0.0,0.0,0.44,오늘은 여기까지 모셔다드리죠.,오늘은 여기까지 모시겠습니다.,사진 장면 확인 및 한국어 번역투 교정,23.02,T4,구조검사 통과 시 유지,,3.571428571428571,14.85,P4,회귀검사 통과 시 유지
SONE-785,사진 대조 1차 교정본,210,"00:20:26,140 --> 00:20:26,280",0.14,네.,"그럼 카에데 씨, 잘 부탁드립니다.",시작 3초 전.,반말형,,0.04,,,25.0,90.0,50.0,78.0,75.0,0.12181,7.03,66.0,0.0,18.0,0.7086,"네, 네.",네.,불필요한 반복 제거,22.88,T4,구조검사 통과 시 유지,formality_shift,3.316326530612245,14.66,P4,회귀검사 통과 시 유지
SONE-785,사진 대조 1차 교정본,250,"00:23:27,760 --> 00:23:28,640",0.88,정말인가요?,그렇습니까? 감사합니다.,물론이지.,존댓말형,,0.04,,,25.0,90.0,50.0,78.0,75.0,0.18401,0.0,66.0,0.0,0.0,0.4464,"아, 정말인가…","아, 좋아…",타임스탬프 사진과 장면 흐름으로 명백한 오인식 교정,22.79,T4,구조검사 통과 시 유지,,3.061224489795918,14.5,P4,회귀검사 통과 시 유지
SONE-785,사진 대조 1차 교정본,201,"00:20:10,460 --> 00:20:10,660",0.2,네.,"카에데, 준비됐어?","스태프 여러분, 준비되셨습니까?",반말형,,0.04,,,25.0,90.0,50.0,78.0,75.0,0.15004,7.03,66.0,0.0,0.0,0.7086,"네, 네.",네.,불필요한 반복 제거,22.63,T4,구조검사 통과 시 유지,,2.806122448979592,14.3,P4,회귀검사 통과 시 유지
SONE-785,사진 대조 1차 교정본,28,"00:04:24,620 --> 00:04:24,800",0.18,응.,제가요?,길이 보이기 시작했잖아. 힘내.,반응형,,0.02,,,25.0,90.0,50.0,78.0,75.0,0.17782,0.0,66.0,0.0,0.0,0.5027,"하-, 응.",하아… 응.,,22.53,T4,구조검사 통과 시 유지,,2.5510204081632653,14.14,P4,회귀검사 통과 시 유지
SONE-785,사진 대조 1차 교정본,92,"00:11:55,440 --> 00:11:55,760",0.32,네.,그럼 경기 직후의 이세 선수를 인터뷰해 보겠습니다.,"이세 선수, 멋진 승리 축하드립니다.",반말형,,0.04,,,25.0,90.0,50.0,78.0,75.0,0.1123,7.03,66.0,0.0,18.0,0.7086,"네, 네.",네.,불필요한 반복 제거,22.48,T4,구조검사 통과 시 유지,formality_shift,2.1683673469387754,13.95,P4,회귀검사 통과 시 유지
SONE-785,사진 대조 1차 교정본,300,"00:31:22,480 --> 00:31:22,880",0.4,응?,알고 있지?,나쁘게 만들지 않을 테니까.,반응형,,0.02,,,25.0,90.0,50.0,78.0,75.0,0.17655,0.0,66.0,0.0,0.0,0.4459,응? 잠깐 기다려…,응? 잠깐만…,일본어 원문 대조 + 자연스러운 한국어 대사 교정,22.48,T4,구조검사 통과 시 유지,,2.1683673469387754,13.95,P4,회귀검사 통과 시 유지
SONE-785,사진 대조 1차 교정본,30,"00:04:28,220 --> 00:04:28,540",0.32,네.,길이 보이기 시작했잖아. 힘내.,반드시 따내.,반말형,,0.02,,,25.0,90.0,50.0,78.0,75.0,0.14523,7.03,66.0,0.0,0.0,0.7086,"네, 네.",네.,불필요한 반복 제거,22.42,T4,구조검사 통과 시 유지,,1.7857142857142856,13.75,P4,회귀검사 통과 시 유지
SONE-785,사진 대조 1차 교정본,152,"00:16:06,840 --> 00:16:07,340",0.5,네.,네.,안녕하세요.,반말형,,0.04,,,25.0,90.0,50.0,78.0,75.0,0.12649,7.03,66.0,0.0,0.0,0.7086,"네, 네.",네.,불필요한 반복 제거,21.64,T4,구조검사 통과 시 유지,,1.530612244897959,13.19,P4,회귀검사 통과 시 유지
SONE-785,사진 대조 1차 교정본,90,"00:11:46,080 --> 00:11:46,220",0.14,네.,이쪽으로 부탁드립니다.,그럼 경기 직후의 이세 선수를 인터뷰해 보겠습니다.,반말형,,0.02,,,25.0,90.0,50.0,78.0,75.0,0.08994,7.03,66.0,0.0,18.0,0.7086,"네, 네.",네.,불필요한 반복 제거,21.54,T4,구조검사 통과 시 유지,formality_shift,1.2755102040816326,13.03,P4,회귀검사 통과 시 유지
SONE-785,사진 대조 1차 교정본,79,"00:10:53,860 --> 00:10:54,820",0.96,물론이지.,어? 정말 괜찮아?,어디 가고 싶은 데 있어?,반말형,,0.04,,,25.0,90.0,50.0,78.0,75.0,0.14983,0.0,66.0,0.0,0.0,0.124,전부 다 그러면 큰일이지. 그렇지 않아.,다 그러면 큰일 나죠. 저는 안 가요.,사진 장면 확인 및 한국어 번역투·ASR 오역 교정,21.35,T4,구조검사 통과 시 유지,,1.0204081632653061,12.81,P4,회귀검사 통과 시 유지
SONE-785,사진 대조 1차 교정본,265,"00:24:40,980 --> 00:24:41,940",0.96,그래!,"이세 선수, 먼저 실례하겠습니다.",시간은 괜찮았어?,중립·혼합형,,0.02,,,25.0,90.0,50.0,78.0,75.0,0.1439,0.0,66.0,0.0,0.0,0.1412,"아, 그래.",간다.,화면 영문 자막 대조,21.1,T4,구조검사 통과 시 유지,,0.7653061224489796,12.56,P4,회귀검사 통과 시 유지
SONE-785,사진 대조 1차 교정본,382,"01:53:51,630 --> 01:53:53,650",2.02,하아!,넣고 나니까 어때?,하아!,반응형,,0.03,,,25.0,90.0,50.0,78.0,75.0,0.1134,0.0,66.0,0.0,0.0,0.2139,"하아, 하아...","하아, 하아…",,19.82,T4,구조검사 통과 시 유지,,0.5102040816326531,11.71,P4,회귀검사 통과 시 유지
SONE-785,사진 대조 1차 교정본,151,"00:16:05,160 --> 00:16:05,360",0.2,네.,"아, 안녕하세요.",네.,반말형,,0.04,,,25.0,90.0,50.0,78.0,75.0,0.0799,7.03,66.0,0.0,0.0,0.7086,"네, 네.",네.,불필요한 반복 제거,19.68,T4,구조검사 통과 시 유지,,0.25510204081632654,11.52,P4,회귀검사 통과 시 유지
