title,stage,block,timecode,duration_seconds,text,prev_text,next_text,style_profile,frame_file,frame_difference_seconds,basis,evidence_confidence,source_meaning_confidence,scene_fit_confidence,speaker_confidence,korean_naturalness,hallucination_risk,model_change_probability,rule_risk,provenance_risk,timing_risk,continuity_risk,error_memory_similarity,nearest_prior_bad_text,nearest_prior_correction,nearest_prior_basis,final_risk,tier,recommended_action,flags,relative_risk_percentile,priority_score,review_band,priority_action
ABF-303,원문·사진 검증본,1,"00:00:17,070 --> 00:00:30,430",13.36,"오늘은 1박 2일 데이트예요.
곧 남자 배우분이 온다니 조금 긴장되네요.",,오늘 옷은 이런 느낌이에요.,중립·혼합형,,,,,88.0,90.0,50.0,78.0,12.0,0.63362,0.0,14.0,0.0,0.0,0.3008,차를 세웠는데도 긴장되네요.,차에 타니까 더 긴장되네요.,차량 장면과 문장 불일치 교정,29.57,T4,구조검사 통과 시 유지,,87.09935897435898,53.73,P3,말투·질문응답·가독성 위주 검토
ABF-303,원문·사진 검증본,2,"00:00:31,650 --> 00:00:33,810",2.16,오늘 옷은 이런 느낌이에요.,"오늘은 1박 2일 데이트예요.
곧 남자 배우분이 온다니 조금 긴장되네요.",잘 보이려나?,존댓말형,,,,,88.0,90.0,50.0,78.0,12.0,0.43817,0.0,14.0,0.0,0.0,0.455,뭔가 분위기가 달라진 느낌이에요.,분위기가 확 달라졌어요.,사진 장면 확인 및 한국어 번역투·ASR 오역 교정,21.36,T4,구조검사 통과 시 유지,,57.932692307692314,36.72,P4,회귀검사 통과 시 유지
ABF-303,원문·사진 검증본,3,"00:00:39,320 --> 00:00:48,520",9.2,잘 보이려나?,오늘 옷은 이런 느낌이에요.,치마는 엄청 짧은 미니스커트예요.,중립·혼합형,,,,,88.0,90.0,50.0,78.0,12.0,0.27474,0.0,14.0,0.0,0.0,0.2495,괜찮으려나? 왜? 잘 닦이고 있나?,괜찮으려나? 왜? 잘 닦이고 있어?,일본어 원문 대조 + 자연스러운 한국어 대사 교정,14.5,T4,구조검사 통과 시 유지,,25.0,18.91,P4,회귀검사 통과 시 유지
ABF-303,원문·사진 검증본,4,"00:00:50,480 --> 00:00:52,860",2.38,치마는 엄청 짧은 미니스커트예요.,잘 보이려나?,"- 안녕하세요. 오랜만이에요.
- 오랜만입니다.",존댓말형,,,,,88.0,90.0,50.0,78.0,12.0,0.48728,0.0,14.0,0.0,0.0,0.1158,엄청 귀여워.,매일 목욕해.,일본어 원문 + 타임스탬프 사진 + 장면 연속성,23.43,T4,구조검사 통과 시 유지,,69.35096153846155,42.72,P3,말투·질문응답·가독성 위주 검토
ABF-303,원문·사진 검증본,5,"00:00:58,140 --> 00:01:02,080",3.94,"- 안녕하세요. 오랜만이에요.
- 오랜만입니다.",치마는 엄청 짧은 미니스커트예요.,키가 크셔서 금방 알아봤어요.,존댓말형,,,,,88.0,90.0,72.0,78.0,12.0,0.19215,0.0,14.0,0.0,0.0,0.3221,오랜만이네...,오랜만이네…,,11.03,T4,구조검사 통과 시 유지,,14.022435897435898,12.29,P4,회귀검사 통과 시 유지
ABF-303,원문·사진 검증본,6,"00:01:03,740 --> 00:01:05,420",1.68,키가 크셔서 금방 알아봤어요.,"- 안녕하세요. 오랜만이에요.
- 오랜만입니다.",더 예뻐지셨네요.,반응형,,,,,88.0,90.0,50.0,78.0,12.0,0.41134,0.0,14.0,0.0,0.0,0.2236,금방 하아 하고.,금방 숨이 가빠지네.,,20.24,T4,구조검사 통과 시 유지,,51.36217948717948,33.31,P4,회귀검사 통과 시 유지
ABF-303,원문·사진 검증본,7,"00:01:07,920 --> 00:01:09,580",1.66,더 예뻐지셨네요.,키가 크셔서 금방 알아봤어요.,예쁘시네요.,반말형,,,,,88.0,90.0,50.0,78.0,12.0,0.29662,0.0,14.0,0.0,0.0,0.1667,"아, 안녕하세요. 정말 아름다운 분이 와 주셨네요.","아, 안녕하세요. 정말 아름다운 분이 오셨네요.",첫 만남 대사 자연화,15.42,T4,구조검사 통과 시 유지,,28.445512820512818,20.89,P4,회귀검사 통과 시 유지
ABF-303,원문·사진 검증본,8,"00:01:11,200 --> 00:01:11,900",0.7,예쁘시네요.,더 예뻐지셨네요.,"오랜만입니다, 잘 부탁드려요.",반말형,,,,,88.0,90.0,50.0,78.0,12.0,0.16167,0.0,14.0,0.0,0.0,0.2486,성관계를 좋아하시네요.,섹스 좋아하시네요.,,9.75,T4,구조검사 통과 시 유지,,10.336538461538462,10.0,P4,회귀검사 통과 시 유지
ABF-303,원문·사진 검증본,9,"00:01:12,460 --> 00:01:13,560",1.1,"오랜만입니다, 잘 부탁드려요.",예쁘시네요.,직접 찍어 봐.,중립·혼합형,,,,,88.0,90.0,50.0,78.0,12.0,0.466,0.0,14.0,0.0,0.0,0.199,잘 부탁드립니다.,좋은 아침입니다.,,22.53,T4,구조검사 통과 시 유지,,64.90384615384616,40.33,P3,말투·질문응답·가독성 위주 검토
ABF-303,원문·사진 검증본,10,"00:01:14,600 --> 00:01:15,580",0.98,직접 찍어 봐.,"오랜만입니다, 잘 부탁드려요.",자주 찍으시나요?,반응형,,,,,88.0,90.0,50.0,78.0,12.0,0.33211,0.0,14.0,0.0,0.0,0.2938,직접 만지는 게 더 기분 좋아...,직접 만지는 게 더 기분 좋아…,,16.91,T4,구조검사 통과 시 유지,,34.455128205128204,24.28,P4,회귀검사 통과 시 유지
ABF-303,원문·사진 검증본,11,"00:01:19,500 --> 00:01:20,500",1.0,자주 찍으시나요?,직접 찍어 봐.,셀카요?,반응형,,,,,88.0,90.0,50.0,78.0,12.0,0.35257,0.0,14.0,0.0,0.0,0.1962,후와 씨는 요리를 자주 해요?,후우아 씨는 요리를 자주 해요?,출연자 이름 오인식 교정,17.77,T4,구조검사 통과 시 유지,,38.82211538461539,26.61,P4,회귀검사 통과 시 유지
ABF-303,원문·사진 검증본,12,"00:01:20,580 --> 00:01:20,800",0.22,셀카요?,자주 찍으시나요?,"에이, 안 해요.",중립·혼합형,,,,,88.0,90.0,50.0,78.0,12.0,0.1827,0.0,14.0,25.0,0.0,0.0719,말해도 돼요?,이제 해도 돼요?,타임스탬프 사진과 앞뒤 장면으로 대사 기능 복원,13.13,T4,구조검사 통과 시 유지,borderline_cps,20.272435897435898,16.13,P4,회귀검사 통과 시 유지
ABF-303,원문·사진 검증본,13,"00:01:21,400 --> 00:01:21,800",0.4,"에이, 안 해요.",셀카요?,안 하신다고요?,반말형,,,,,88.0,90.0,50.0,78.0,12.0,0.33449,0.0,14.0,25.0,0.0,0.3288,"민낯은 귀여운 계열이네. 에이, 안 귀여워?","민낯은 귀여운 느낌이네. 에이, 안 귀여워?",일본어 원문 대조 + 자연스러운 한국어 대사 교정,19.51,T4,구조검사 통과 시 유지,borderline_cps,47.27564102564102,31.17,P4,회귀검사 통과 시 유지
ABF-303,원문·사진 검증본,14,"00:01:21,900 --> 00:01:22,460",0.56,안 하신다고요?,"에이, 안 해요.",이것도 예쁘게 찍히죠?,중립·혼합형,,,,,88.0,90.0,50.0,78.0,12.0,0.29599,0.0,14.0,0.0,0.0,0.2247,"아니, 시로미네 씨를 좋아했지만 일적인 관계끼리는 연애 안 하신다고 해서…","시로미네 씨를 좋아했지만, 일로 엮인 사람과는 연애 안 한다고 하셔서…",번역투 제거,15.39,T4,구조검사 통과 시 유지,,28.365384615384613,20.84,P4,회귀검사 통과 시 유지
ABF-303,원문·사진 검증본,15,"00:01:24,980 --> 00:01:26,040",1.06,이것도 예쁘게 찍히죠?,안 하신다고요?,이쪽이 더 예쁘네요.,중립·혼합형,,,,,88.0,90.0,50.0,78.0,12.0,0.34657,0.0,14.0,0.0,0.0,0.3459,예쁘게 해서...,예쁘게 해서…,,17.52,T4,구조검사 통과 시 유지,,37.86057692307692,26.06,P4,회귀검사 통과 시 유지
ABF-303,원문·사진 검증본,16,"00:01:26,060 --> 00:01:27,340",1.28,이쪽이 더 예쁘네요.,이것도 예쁘게 찍히죠?,어느 쪽으로 찍는 거야?,반말형,,,,,88.0,90.0,50.0,78.0,12.0,0.35626,0.0,14.0,0.0,0.0,0.4797,이쪽이 더 커.,이쪽이 더 굵어.,일본어 원문 대조 + 자연스러운 한국어 대사 교정,17.92,T4,구조검사 통과 시 유지,,39.90384615384615,27.15,P4,회귀검사 통과 시 유지
ABF-303,원문·사진 검증본,17,"00:01:27,740 --> 00:01:28,440",0.7,어느 쪽으로 찍는 거야?,이쪽이 더 예쁘네요.,정말이네.,반응형,,,,,88.0,90.0,50.0,78.0,12.0,0.45016,0.0,14.0,0.0,0.0,0.4338,어느 쪽으로 가도 경치가 좋네.,어느 쪽을 봐도 경치가 좋네.,일본어 원문 대조 + 자연스러운 한국어 대사 교정,21.87,T4,구조검사 통과 시 유지,,61.93910256410257,38.7,P4,회귀검사 통과 시 유지
ABF-303,원문·사진 검증본,18,"00:01:28,900 --> 00:01:29,600",0.7,정말이네.,어느 쪽으로 찍는 거야?,이쪽도 귀여워?,반말형,,,,,88.0,90.0,50.0,78.0,12.0,0.25226,0.0,14.0,0.0,0.0,0.1863,조금 보이네.,조금은 보이는 것 같아.,일본어 원문 대조 + 자연스러운 한국어 대사 교정,13.55,T4,구조검사 통과 시 유지,,21.71474358974359,16.98,P4,회귀검사 통과 시 유지
ABF-303,원문·사진 검증본,19,"00:01:31,280 --> 00:01:32,420",1.14,이쪽도 귀여워?,정말이네.,그러네요.,중립·혼합형,,,,,88.0,90.0,50.0,78.0,12.0,0.37728,0.0,14.0,0.0,0.0,0.3753,"민낯은 귀여운 계열이네. 에이, 안 귀여워?","민낯은 귀여운 느낌이네. 에이, 안 귀여워?",일본어 원문 대조 + 자연스러운 한국어 대사 교정,18.81,T4,구조검사 통과 시 유지,,43.58974358974359,29.22,P4,회귀검사 통과 시 유지
ABF-303,원문·사진 검증본,20,"00:01:32,540 --> 00:01:33,320",0.78,그러네요.,이쪽도 귀여워?,그럼 같이 가요.,반말형,,,,,88.0,90.0,50.0,78.0,12.0,0.2552,0.0,14.0,0.0,0.0,0.144,대단하네요.,바다다!,일본어 원문 대조 + 자연스러운 한국어 대사 교정,13.68,T4,구조검사 통과 시 유지,,22.03525641025641,17.19,P4,회귀검사 통과 시 유지
ABF-303,원문·사진 검증본,21,"00:01:34,720 --> 00:01:37,440",2.72,그럼 같이 가요.,그러네요.,아타미에 갈까 해서요.,중립·혼합형,,,일본어 원문 대조 + 자연스러운 한국어 대사 교정,높음,96.0,90.0,50.0,92.0,4.0,0.49972,19.4,5.0,0.0,0.0,0.8116,같이 좀 가요.,그럼 같이 가요.,일본어 원문 대조 + 자연스러운 한국어 대사 교정,18.37,T4,구조검사 통과 시 유지,,41.62660256410257,28.14,P4,회귀검사 통과 시 유지
ABF-303,원문·사진 검증본,22,"00:01:38,640 --> 00:01:39,880",1.24,아타미에 갈까 해서요.,그럼 같이 가요.,가보신 적 있으세요?,반응형,,,,,88.0,90.0,50.0,78.0,12.0,0.44966,0.0,14.0,0.0,18.0,0.1429,"잠깐만, 아타미까지 왔잖아.",이쪽 단이 있는 곳으로 들어와.,일본어 원문 + 타임스탬프 사진 + 장면 연속성,23.29,T4,구조검사 통과 시 유지,formality_shift,68.34935897435898,42.21,P3,말투·질문응답·가독성 위주 검토
ABF-303,원문·사진 검증본,23,"00:01:41,760 --> 00:01:42,780",1.02,가보신 적 있으세요?,아타미에 갈까 해서요.,아타미 가본 적 있어요. 꽤 전이긴 하지만.,반응형,,,,,88.0,90.0,50.0,78.0,12.0,0.324,0.0,14.0,0.0,35.0,0.3127,"아, 괜찮으세요?","아, 괜찮으시군요.",앞뒤 문답 관계 교정,19.37,T4,구조검사 통과 시 유지,formality_jump,46.594551282051285,30.8,P4,회귀검사 통과 시 유지
ABF-303,원문·사진 검증본,24,"00:01:43,460 --> 00:01:46,100",2.64,아타미 가본 적 있어요. 꽤 전이긴 하지만.,가보신 적 있으세요?,있구나.,반말형,,,,,88.0,90.0,50.0,78.0,12.0,0.59797,0.0,14.0,0.0,18.0,0.2754,하지만...,하지만…,,29.51,T4,구조검사 통과 시 유지,formality_shift,86.85897435897436,53.6,P3,말투·질문응답·가독성 위주 검토
ABF-303,원문·사진 검증본,25,"00:01:46,320 --> 00:01:46,700",0.38,있구나.,아타미 가본 적 있어요. 꽤 전이긴 하지만.,온천이…,중립·혼합형,,,,,88.0,90.0,50.0,78.0,12.0,0.22266,10.76,14.0,0.0,0.0,0.7397,온천도 있구나.,목욕탕에서…,일본어 원문 + 타임스탬프 사진 + 장면 연속성,14.25,T4,구조검사 통과 시 유지,,24.118589743589745,18.39,P4,회귀검사 통과 시 유지
ABF-303,원문·사진 검증본,26,"00:01:48,860 --> 00:01:49,840",0.98,온천이…,있구나.,이번이 두 번째잖아.,중립·혼합형,,,,,88.0,90.0,50.0,78.0,12.0,0.2775,0.0,14.0,0.0,0.0,0.3789,온천이네.,어?,일본어 원문 + 타임스탬프 사진 + 장면 연속성,14.61,T4,구조검사 통과 시 유지,,25.68108974358974,19.26,P4,회귀검사 통과 시 유지
ABF-303,원문·사진 검증본,27,"00:01:51,740 --> 00:01:52,860",1.12,이번이 두 번째잖아.,온천이…,오늘이 세 번째야.,반응형,,,,,88.0,90.0,50.0,78.0,12.0,0.42854,0.0,14.0,0.0,0.0,0.2217,"두 번째, 두 번째로.",이번엔 두 번째로.,사진 장면 확인 및 한국어 번역투·ASR 오역 교정,20.96,T4,구조검사 통과 시 유지,,55.168269230769226,35.33,P4,회귀검사 통과 시 유지
ABF-303,원문·사진 검증본,28,"00:01:53,320 --> 00:01:55,160",1.84,오늘이 세 번째야.,이번이 두 번째잖아.,우리가 말이지.,반말형,,,,,88.0,90.0,50.0,78.0,12.0,0.35358,0.0,14.0,0.0,0.0,0.581,"자, 두 번째야.","자, 이번엔 두 번째야.",사진 장면 확인 및 한국어 번역투 교정,17.81,T4,구조검사 통과 시 유지,,39.503205128205124,26.92,P4,회귀검사 통과 시 유지
ABF-303,원문·사진 검증본,29,"00:01:55,700 --> 00:01:56,340",0.64,우리가 말이지.,오늘이 세 번째야.,"생각해 보니 둘이 제대로
얘기해 본 적이 없네요.",반말형,,,,,88.0,90.0,50.0,78.0,12.0,0.25824,0.0,14.0,0.0,0.0,0.2939,"싫지 않은 거잖아, 흠뻑 젖어있는 게 보이는데 말이지.","싫지 않은 거잖아, 흠뻑 젖어 있는 게 보이는데 말이지.",,13.81,T4,구조검사 통과 시 유지,,22.516025641025642,17.47,P4,회귀검사 통과 시 유지
ABF-303,원문·사진 검증본,30,"00:01:57,000 --> 00:02:00,760",3.76,"생각해 보니 둘이 제대로
얘기해 본 적이 없네요.",우리가 말이지.,만나기만 하면 바로 해 버리는 사이였으니까.,반말형,,,,,88.0,90.0,50.0,78.0,12.0,0.29734,0.0,14.0,0.0,0.0,0.3173,생각해 보니 너 나보다...,생각해 보니 너 나보다…,,15.45,T4,구조검사 통과 시 유지,,28.685897435897434,21.01,P4,회귀검사 통과 시 유지
ABF-303,원문·사진 검증본,31,"00:02:03,320 --> 00:02:07,440",4.12,만나기만 하면 바로 해 버리는 사이였으니까.,"생각해 보니 둘이 제대로
얘기해 본 적이 없네요.",그러네요.,반말형,,,,,88.0,90.0,50.0,78.0,12.0,0.60255,0.0,14.0,0.0,0.0,0.173,"아는 사람에게 당하면서 느껴 버리는 건,",아는 사람에게 당하면서 느껴 버리는 건,,28.27,T4,구조검사 통과 시 유지,,84.2948717948718,51.8,P3,말투·질문응답·가독성 위주 검토
ABF-303,원문·사진 검증본,32,"00:02:08,040 --> 00:02:08,900",0.86,그러네요.,만나기만 하면 바로 해 버리는 사이였으니까.,"지금까지는 만날 때마다
바로 해 버렸으니까요.",반말형,,,,,88.0,90.0,50.0,78.0,12.0,0.21655,0.0,14.0,0.0,0.0,0.144,대단하네요.,바다다!,일본어 원문 대조 + 자연스러운 한국어 대사 교정,12.06,T4,구조검사 통과 시 유지,,16.907051282051285,14.1,P4,회귀검사 통과 시 유지
ABF-303,원문·사진 검증본,33,"00:02:09,220 --> 00:02:13,220",4.0,"지금까지는 만날 때마다
바로 해 버렸으니까요.",그러네요.,그렇지.,반말형,,,일본어 원문 대조 + 자연스러운 한국어 대사 교정,높음,96.0,90.0,50.0,92.0,4.0,0.45317,0.0,5.0,0.0,0.0,0.2814,매번 지금까지는 항상 계셨는데 말이죠.,지금까지는 만날 때마다 바로 해 버렸으니까요.,일본어 원문 대조 + 자연스러운 한국어 대사 교정,14.45,T4,구조검사 통과 시 유지,,24.759615384615387,18.78,P4,회귀검사 통과 시 유지
ABF-303,원문·사진 검증본,34,"00:02:13,340 --> 00:02:13,900",0.56,그렇지.,"지금까지는 만날 때마다
바로 해 버렸으니까요.",늘 죄송해요.,반말형,,,,,88.0,90.0,50.0,78.0,12.0,0.22968,0.0,14.0,0.0,0.0,0.2443,전부 다 그러면 큰일이지. 그렇지 않아.,다 그러면 큰일 나죠. 저는 안 가요.,사진 장면 확인 및 한국어 번역투·ASR 오역 교정,12.61,T4,구조검사 통과 시 유지,,18.309294871794872,15.0,P4,회귀검사 통과 시 유지
ABF-303,원문·사진 검증본,35,"00:02:14,100 --> 00:02:14,780",0.68,늘 죄송해요.,그렇지.,"아니에요, 기뻐요. 다행이네요.",반말형,,,,,88.0,90.0,50.0,78.0,12.0,0.26278,4.07,14.0,0.0,0.0,0.6839,"하앗, 죄송해요.","하앗, 기분 좋아요.",장면·앞뒤 반응 복원,14.73,T4,구조검사 통과 시 유지,,26.041666666666668,19.48,P4,회귀검사 통과 시 유지
ABF-303,원문·사진 검증본,36,"00:02:14,800 --> 00:02:17,500",2.7,"아니에요, 기뻐요. 다행이네요.",늘 죄송해요.,탔네요.,반응형,,,,,88.0,90.0,50.0,78.0,12.0,0.43207,0.0,14.0,0.0,0.0,0.2372,"손이 아니라, 손은 아니에요.",손 말고 혀로 해 주세요.,사진 장면 확인 및 한국어 번역투·ASR 오역 교정,21.11,T4,구조검사 통과 시 유지,,56.370192307692314,35.92,P4,회귀검사 통과 시 유지
ABF-303,원문·사진 검증본,37,"00:02:24,070 --> 00:02:24,910",0.84,탔네요.,"아니에요, 기뻐요. 다행이네요.",탈 수 있었어요? 다행이다.,반말형,,,,,88.0,90.0,50.0,78.0,12.0,0.12272,0.0,14.0,0.0,0.0,0.1544,대단하네요.,바다다!,일본어 원문 대조 + 자연스러운 한국어 대사 교정,8.11,T4,구조검사 통과 시 유지,,6.330128205128204,7.36,P4,회귀검사 통과 시 유지
ABF-303,원문·사진 검증본,38,"00:02:25,650 --> 00:02:26,870",1.22,탈 수 있었어요? 다행이다.,탔네요.,시간 맞췄네.,반응형,,,,,88.0,90.0,50.0,78.0,12.0,0.32713,0.0,14.0,0.0,0.0,0.3692,다행이다!,환영해!,사진 장면 확인 및 한국어 번역투·ASR 오역 교정,16.7,T4,구조검사 통과 시 유지,,33.693910256410255,23.84,P4,회귀검사 통과 시 유지
ABF-303,원문·사진 검증본,39,"00:02:27,450 --> 00:02:28,150",0.7,시간 맞췄네.,탈 수 있었어요? 다행이다.,시간 맞췄네.,반말형,,,,,88.0,90.0,50.0,78.0,12.0,0.17365,0.0,14.0,0.0,0.0,0.0976,잠깐 시간을 둘게요...,잠깐 시간을 둘게요…,,10.25,T4,구조검사 통과 시 유지,,11.979166666666668,10.98,P4,회귀검사 통과 시 유지
ABF-303,원문·사진 검증본,40,"00:02:28,690 --> 00:02:29,470",0.78,시간 맞췄네.,시간 맞췄네.,시간 맞췄다.,반말형,,,,,88.0,90.0,50.0,78.0,12.0,0.29168,0.0,14.0,0.0,0.0,0.0976,잠깐 시간을 둘게요...,잠깐 시간을 둘게요…,,15.21,T4,구조검사 통과 시 유지,,27.24358974358974,20.26,P4,회귀검사 통과 시 유지
ABF-303,원문·사진 검증본,41,"00:02:31,090 --> 00:02:31,130",0.04,시간 맞췄다.,시간 맞췄네.,어느 쪽을 봐도 경치가 좋네.,중립·혼합형,,,,,88.0,90.0,50.0,78.0,12.0,0.56868,0.0,14.0,70.0,0.0,0.0949,잠깐 시간을 둘게요...,잠깐 시간을 둘게요…,,33.84,T4,구조검사 통과 시 유지,high_cps,93.8701923076923,59.05,P2,앞뒤 5블록·사진·오류 기억을 함께 검토
ABF-303,원문·사진 검증본,42,"00:02:31,130 --> 00:02:33,110",1.98,어느 쪽을 봐도 경치가 좋네.,시간 맞췄다.,지금 속도가 얼마나 되지?,반응형,,,일본어 원문 대조 + 자연스러운 한국어 대사 교정,높음,96.0,90.0,50.0,92.0,4.0,0.70325,0.0,5.0,0.0,0.0,0.6417,어느 쪽으로 가도 경치가 좋네.,어느 쪽을 봐도 경치가 좋네.,일본어 원문 대조 + 자연스러운 한국어 대사 교정,22.02,T4,구조검사 통과 시 유지,,62.70032051282052,39.11,P4,회귀검사 통과 시 유지
ABF-303,원문·사진 검증본,43,"00:02:34,250 --> 00:02:35,410",1.16,지금 속도가 얼마나 되지?,어느 쪽을 봐도 경치가 좋네.,시속 몇 킬로쯤이에요?,반말형,,,일본어 원문 대조 + 자연스러운 한국어 대사 교정,높음,96.0,90.0,50.0,92.0,4.0,0.71666,0.0,5.0,0.0,0.0,0.4258,지금 속도가 어느 정도야?,지금 속도가 얼마나 되지?,일본어 원문 대조 + 자연스러운 한국어 대사 교정,22.42,T4,구조검사 통과 시 유지,,64.1826923076923,39.96,P4,회귀검사 통과 시 유지
ABF-303,원문·사진 검증본,44,"00:02:37,650 --> 00:02:39,210",1.56,시속 몇 킬로쯤이에요?,지금 속도가 얼마나 되지?,지금 속도요?,존댓말형,,,일본어 원문 대조 + 자연스러운 한국어 대사 교정,높음,96.0,90.0,50.0,92.0,4.0,0.61219,0.0,5.0,0.0,35.0,0.3786,몇 명이에요?,몇 명이랑 했어요?,일본어 원문 대조 + 자연스러운 한국어 대사 교정,21.28,T4,구조검사 통과 시 유지,formality_jump,57.65224358974359,36.56,P4,회귀검사 통과 시 유지
ABF-303,원문·사진 검증본,45,"00:02:40,030 --> 00:02:41,010",0.98,지금 속도요?,시속 몇 킬로쯤이에요?,시속으로는?,반말형,,,일본어 원문 대조 + 자연스러운 한국어 대사 교정,높음,96.0,90.0,50.0,92.0,4.0,0.44341,0.0,5.0,0.0,18.0,0.2906,지금 속도가 어느 정도야?,지금 속도가 얼마나 되지?,일본어 원문 대조 + 자연스러운 한국어 대사 교정,15.19,T4,구조검사 통과 시 유지,formality_shift,27.163461538461537,20.22,P4,회귀검사 통과 시 유지
ABF-303,원문·사진 검증본,46,"00:02:41,010 --> 00:02:42,530",1.52,시속으로는?,지금 속도요?,80킬로.,반응형,,,일본어 원문 대조 + 자연스러운 한국어 대사 교정,높음,96.0,90.0,50.0,92.0,4.0,0.32274,0.0,5.0,0.0,0.0,0.1373,시속은?,시속으로는?,일본어 원문 대조 + 자연스러운 한국어 대사 교정,10.51,T4,구조검사 통과 시 유지,,13.141025641025642,11.62,P4,회귀검사 통과 시 유지
ABF-303,원문·사진 검증본,47,"00:02:43,210 --> 00:02:44,050",0.84,80킬로.,시속으로는?,좀 느리긴 한데.,중립·혼합형,,,,,88.0,90.0,50.0,78.0,12.0,0.47971,0.0,14.0,0.0,0.0,0.093,정말로.,진짜로.,일본어 원문 대조 + 자연스러운 한국어 대사 교정,23.11,T4,구조검사 통과 시 유지,,67.3076923076923,41.67,P3,말투·질문응답·가독성 위주 검토
ABF-303,원문·사진 검증본,48,"00:02:46,630 --> 00:02:47,610",0.98,좀 느리긴 한데.,80킬로.,느리네.,중립·혼합형,,,,,88.0,90.0,50.0,78.0,12.0,0.44253,0.0,14.0,0.0,0.0,0.2119,좀 위험한데. 나 발기했어.,좀 위험한데. 나 완전히 섰어.,,21.55,T4,구조검사 통과 시 유지,,59.254807692307686,37.39,P4,회귀검사 통과 시 유지
ABF-303,원문·사진 검증본,49,"00:02:47,730 --> 00:02:47,930",0.2,느리네.,좀 느리긴 한데.,좋아.,반말형,,,,,88.0,90.0,50.0,78.0,12.0,0.18741,42.0,14.0,25.0,0.0,1.0,느리네.,천천히 해.,손상된 일본어 ASR + 타임스탬프 사진 + 앞뒤 문맥 추론,20.89,T4,구조검사 통과 시 유지,borderline_cps,54.72756410256411,35.1,P4,회귀검사 통과 시 유지
ABF-303,원문·사진 검증본,50,"00:02:48,610 --> 00:02:49,310",0.7,좋아.,느리네.,"아, 찍혔다.",반응형,,,,,88.0,90.0,50.0,78.0,12.0,0.11304,17.77,14.0,0.0,0.0,0.7981,"아, 좋아.","아, 들어온다.",,10.91,T4,구조검사 통과 시 유지,,13.782051282051283,12.12,P4,회귀검사 통과 시 유지
ABF-303,원문·사진 검증본,51,"00:02:57,720 --> 00:02:58,620",0.9,"아, 찍혔다.",좋아.,여자끼리 여행은 꽤 자주 가?,반응형,,,일본어 원문 대조 + 자연스러운 한국어 대사 교정,높음,96.0,90.0,50.0,92.0,4.0,0.36045,0.0,5.0,0.0,0.0,0.3246,"아, 아, 아, 아, 아, 아, 아,","아, 아, 아, 아, 아, 아, 아",,11.65,T4,구조검사 통과 시 유지,,16.145833333333336,13.54,P4,회귀검사 통과 시 유지
ABF-303,원문·사진 검증본,52,"00:02:59,620 --> 00:03:01,720",2.1,여자끼리 여행은 꽤 자주 가?,"아, 찍혔다.","여자끼리 여행이요, 네.",중립·혼합형,,,,,88.0,90.0,50.0,78.0,12.0,0.54598,0.0,14.0,0.0,0.0,0.1874,해외여행은 가끔 가요.,"와, 진짜 크다.",일본어 원문 + 타임스탬프 사진 + 장면 연속성,25.89,T4,구조검사 통과 시 유지,,78.72596153846155,48.08,P3,말투·질문응답·가독성 위주 검토
ABF-303,원문·사진 검증본,53,"00:03:02,360 --> 00:03:03,480",1.12,"여자끼리 여행이요, 네.",여자끼리 여행은 꽤 자주 가?,좋아해요.,반말형,,,,,88.0,90.0,50.0,78.0,12.0,0.45762,0.0,14.0,0.0,0.0,0.197,"네, 네.",네.,불필요한 반복 제거,22.18,T4,구조검사 통과 시 유지,,63.06089743589743,39.35,P4,회귀검사 통과 시 유지
ABF-303,원문·사진 검증본,54,"00:03:04,980 --> 00:03:05,880",0.9,좋아해요.,"여자끼리 여행이요, 네.",어떤 곳에 갔었어?,반응형,,,,,88.0,90.0,50.0,78.0,12.0,0.15103,13.55,14.0,0.0,0.0,0.7629,유두를 좋아해요.,젖꼭지를 좋아해요.,,11.74,T4,구조검사 통과 시 유지,,16.38621794871795,13.69,P4,회귀검사 통과 시 유지
ABF-303,원문·사진 검증본,55,"00:03:07,180 --> 00:03:08,200",1.02,어떤 곳에 갔었어?,좋아해요.,가장 최근에는 오키나와에 다녀왔어요.,반응형,,,,,88.0,90.0,50.0,78.0,12.0,0.28939,0.0,14.0,0.0,0.0,0.1964,성인용품은 어떤 걸 가지고 있어?,어떤 성인용품 가지고 있어?,일본어 원문 대조 + 자연스러운 한국어 대사 교정,15.11,T4,구조검사 통과 시 유지,,27.003205128205128,20.11,P4,회귀검사 통과 시 유지
ABF-303,원문·사진 검증본,56,"00:03:08,400 --> 00:03:10,380",1.98,가장 최근에는 오키나와에 다녀왔어요.,어떤 곳에 갔었어?,대단하네.,반응형,,,,,88.0,90.0,50.0,78.0,12.0,0.56,0.0,14.0,0.0,0.0,0.264,"그렇게, 최근에는 긴장해 주세요...",[불명],,26.48,T4,구조검사 통과 시 유지,,80.28846153846155,49.08,P3,말투·질문응답·가독성 위주 검토
ABF-303,원문·사진 검증본,57,"00:03:11,460 --> 00:03:12,200",0.74,대단하네.,가장 최근에는 오키나와에 다녀왔어요.,그리고 또 어디 갔어?,반말형,,,,,88.0,90.0,50.0,78.0,12.0,0.22053,42.0,14.0,0.0,0.0,1.0,대단하네.,땀이 엄청나네.,손상된 일본어 ASR + 타임스탬프 사진 + 앞뒤 문맥 추론,19.78,T4,구조검사 통과 시 유지,,48.83814102564102,31.98,P4,회귀검사 통과 시 유지
ABF-303,원문·사진 검증본,58,"00:03:13,900 --> 00:03:20,670",6.77,그리고 또 어디 갔어?,대단하네.,행동력이 대단하네.,반응형,,,손상된 일본어 ASR + 타임스탬프 사진 + 앞뒤 문맥 추론,중간,38.0,78.0,50.0,78.0,62.0,0.65523,0.0,14.0,0.0,0.0,0.3634,그리고 유두.,그리고 젖꼭지도.,,33.48,T4,구조검사 통과 시 유지,,93.42948717948718,58.66,P2,앞뒤 5블록·사진·오류 기억을 함께 검토
ABF-303,원문·사진 검증본,59,"00:03:21,110 --> 00:03:23,510",2.4,행동력이 대단하네.,그리고 또 어디 갔어?,작년에는 어디 갔었어?,반말형,,,,,88.0,90.0,50.0,78.0,12.0,0.43826,0.0,14.0,0.0,0.0,0.6431,대단하네.,땀이 엄청나네.,손상된 일본어 ASR + 타임스탬프 사진 + 앞뒤 문맥 추론,21.37,T4,구조검사 통과 시 유지,,58.05288461538461,36.78,P4,회귀검사 통과 시 유지
ABF-303,원문·사진 검증본,60,"00:03:25,050 --> 00:03:26,310",1.26,작년에는 어디 갔었어?,행동력이 대단하네.,이탈리아요.,반응형,,,,,88.0,90.0,50.0,78.0,12.0,0.49651,0.0,14.0,0.0,0.0,0.1925,"그러게, 어디 갔지?",완전 비스듬해졌네.,,23.81,T4,구조검사 통과 시 유지,,71.15384615384616,43.69,P3,말투·질문응답·가독성 위주 검토
ABF-303,원문·사진 검증본,61,"00:03:26,570 --> 00:03:28,910",2.34,이탈리아요.,작년에는 어디 갔었어?,"친구랑 이탈리아, 스위스, 터키에 갔어요.
- 많이 다녔네. - 스위스에선 패러글라이딩도 했어요.",반응형,,,일본어 원문 대조 + 자연스러운 한국어 대사 교정,높음,96.0,90.0,50.0,92.0,4.0,0.30103,0.0,5.0,0.0,0.0,0.5327,"이탈리아, 여기에 이탈리아.",이탈리아요.,일본어 원문 대조 + 자연스러운 한국어 대사 교정,9.85,T4,구조검사 통과 시 유지,,10.777243589743591,10.24,P4,회귀검사 통과 시 유지
ABF-303,원문·사진 검증본,62,"00:03:29,650 --> 00:03:47,280",17.63,"친구랑 이탈리아, 스위스, 터키에 갔어요.
- 많이 다녔네. - 스위스에선 패러글라이딩도 했어요.",이탈리아요.,"패러글라이딩까지 했다고?
강사랑 같이 탄 거지?",반말형,,,,,88.0,90.0,72.0,78.0,12.0,0.75232,0.0,14.0,0.0,0.0,0.2991,"- 얼마나 오래 갔던 거야? 패러글라이딩도 했다고? - 네, 강사님과 함께 탔어요.",패러글라이딩까지 했다고? 강사랑 같이 탄 거지?,일본어 원문 대조 + 자연스러운 한국어 대사 교정,34.56,T4,구조검사 통과 시 유지,,94.55128205128204,59.76,P2,앞뒤 5블록·사진·오류 기억을 함께 검토
ABF-303,원문·사진 검증본,63,"00:03:47,480 --> 00:04:02,150",14.67,"패러글라이딩까지 했다고?
강사랑 같이 탄 거지?","친구랑 이탈리아, 스위스, 터키에 갔어요.
- 많이 다녔네. - 스위스에선 패러글라이딩도 했어요.",그게 제일 위험한 거잖아.,반말형,,,일본어 원문 대조 + 자연스러운 한국어 대사 교정,높음,96.0,90.0,50.0,92.0,4.0,0.52179,0.0,5.0,0.0,0.0,0.4076,"- 얼마나 오래 갔던 거야? 패러글라이딩도 했다고? - 네, 강사님과 함께 탔어요.",패러글라이딩까지 했다고? 강사랑 같이 탄 거지?,일본어 원문 대조 + 자연스러운 한국어 대사 교정,16.53,T4,구조검사 통과 시 유지,,32.57211538461539,23.27,P4,회귀검사 통과 시 유지
ABF-303,원문·사진 검증본,64,"00:04:02,790 --> 00:04:07,290",4.5,그게 제일 위험한 거잖아.,"패러글라이딩까지 했다고?
강사랑 같이 탄 거지?","맞아요. 강사분도 당황할 만큼
아찔한 순간이 있었어요.",반응형,,,,,88.0,90.0,50.0,78.0,12.0,0.57282,0.0,14.0,0.0,0.0,0.1964,"- 아까 제대로 해 주지도 않았잖아. 괜찮잖아, 조금만. 이미 이렇게 됐고. - 정말 안 돼. 뭐가 괜찮아? 네가 멋대로 그런 거잖아.",- 아까 제대로 해 주지도 않았잖아. 조금만 하자. - 안 돼. 네가 멋대로 시작한 거잖아.,지나치게 긴 두 화자 대사 압축,27.02,T4,구조검사 통과 시 유지,,81.2900641025641,49.81,P3,말투·질문응답·가독성 위주 검토
ABF-303,원문·사진 검증본,65,"00:04:07,290 --> 00:04:24,770",17.48,"맞아요. 강사분도 당황할 만큼
아찔한 순간이 있었어요.",그게 제일 위험한 거잖아.,카메라 보고 얘기해 봐.,반말형,,,손상된 일본어 ASR + 타임스탬프 사진 + 앞뒤 문맥 추론,중간,38.0,78.0,50.0,78.0,62.0,0.55722,0.0,14.0,0.0,0.0,0.2655,맞아요. 그래서 강사분이 너무 당황해서 불시착하고…,맞아요. 강사분도 당황할 만큼 아찔한 순간이 있었어요.,손상된 일본어 ASR + 타임스탬프 사진 + 앞뒤 문맥 추론,29.36,T4,구조검사 통과 시 유지,,86.45833333333334,53.34,P3,말투·질문응답·가독성 위주 검토
ABF-303,원문·사진 검증본,66,"00:04:24,830 --> 00:04:59,140",34.31,카메라 보고 얘기해 봐.,"맞아요. 강사분도 당황할 만큼
아찔한 순간이 있었어요.",기뻐? 기뻐? 어느 쪽이 좋아?,반말형,,,일본어 원문 대조 + 자연스러운 한국어 대사 교정,높음,96.0,90.0,50.0,92.0,4.0,0.69225,5.87,5.0,0.0,0.0,0.699,카메라 보고 말해 봐.,카메라 보고 얘기해 봐.,일본어 원문 대조 + 자연스러운 한국어 대사 교정,22.44,T4,구조검사 통과 시 유지,,64.34294871794873,40.04,P3,말투·질문응답·가독성 위주 검토
ABF-303,원문·사진 검증본,67,"00:05:04,100 --> 00:05:07,180",3.08,기뻐? 기뻐? 어느 쪽이 좋아?,카메라 보고 얘기해 봐.,기뻐?,반응형,,,,,88.0,90.0,50.0,78.0,12.0,0.69804,19.08,14.0,0.0,0.0,0.809,기뻐?,샤워만 하는 날도 있어?,일본어 원문 + 타임스탬프 사진 + 장면 연속성,35.71,T3,화자·문맥·자연스러움 집중 검토,,95.79326923076923,60.94,P2,앞뒤 5블록·사진·오류 기억을 함께 검토
ABF-303,원문·사진 검증본,68,"00:05:09,320 --> 00:05:10,260",0.94,기뻐?,기뻐? 기뻐? 어느 쪽이 좋아?,도착했네요.,중립·혼합형,,,,,88.0,90.0,50.0,78.0,12.0,0.28616,42.0,14.0,0.0,0.0,1.0,기뻐?,샤워만 하는 날도 있어?,일본어 원문 + 타임스탬프 사진 + 장면 연속성,22.54,T4,구조검사 통과 시 유지,,64.98397435897436,40.37,P3,말투·질문응답·가독성 위주 검토
ABF-303,원문·사진 검증본,69,"00:05:26,320 --> 00:05:27,720",1.4,도착했네요.,기뻐?,도착했습니다.,반말형,,,,,88.0,90.0,50.0,78.0,12.0,0.2069,0.0,14.0,0.0,18.0,0.1459,저는 엄청 비를 몰고 다니는 편인데 오늘은 맑아서 다행이에요. 도착했습니다.,저 원래 비를 몰고 다니는 편인데 오늘은 맑아서 다행이에요. 도착했네요.,,13.09,T4,구조검사 통과 시 유지,formality_shift,20.072115384615387,16.02,P4,회귀검사 통과 시 유지
ABF-303,원문·사진 검증본,70,"00:05:27,840 --> 00:05:28,640",0.8,도착했습니다.,도착했네요.,아타미가 더 시원한가요? 어때요?,존댓말형,,,,,88.0,90.0,50.0,78.0,12.0,0.18063,0.0,14.0,0.0,18.0,0.461,저는 엄청 비를 몰고 다니는 편인데 오늘은 맑아서 다행이에요. 도착했습니다.,저 원래 비를 몰고 다니는 편인데 오늘은 맑아서 다행이에요. 도착했네요.,,11.99,T4,구조검사 통과 시 유지,formality_shift,16.786858974358974,14.0,P4,회귀검사 통과 시 유지
ABF-303,원문·사진 검증본,71,"00:05:31,300 --> 00:05:33,640",2.34,아타미가 더 시원한가요? 어때요?,도착했습니다.,시원해?,반응형,,,,,88.0,90.0,50.0,78.0,12.0,0.49772,0.0,14.0,0.0,0.0,0.415,"잠깐, 어때요?","잠깐, 괜찮아요?",사진 장면 확인 및 한국어 번역투·ASR 오역 교정,23.86,T4,구조검사 통과 시 유지,,71.47435897435898,43.86,P3,말투·질문응답·가독성 위주 검토
ABF-303,원문·사진 검증본,72,"00:05:34,560 --> 00:05:35,340",0.78,시원해?,아타미가 더 시원한가요? 어때요?,"완전 덥네, 오늘. 더웠지.",반말형,,,,,88.0,90.0,50.0,78.0,12.0,0.16709,0.0,14.0,0.0,0.0,0.4326,원해?,만져 줬으면 해?,일본어 원문 대조 + 자연스러운 한국어 대사 교정,9.98,T4,구조검사 통과 시 유지,,11.057692307692307,10.43,P4,회귀검사 통과 시 유지
ABF-303,원문·사진 검증본,73,"00:05:36,320 --> 00:05:39,260",2.94,"완전 덥네, 오늘. 더웠지.",시원해?,더워요.,반말형,,,,,88.0,90.0,50.0,78.0,12.0,0.48906,0.0,14.0,0.0,0.0,0.187,완전 초보.,입 벌려.,손상된 일본어 ASR + 타임스탬프 사진 + 앞뒤 문맥 추론,23.5,T4,구조검사 통과 시 유지,,69.51121794871796,42.82,P3,말투·질문응답·가독성 위주 검토
ABF-303,원문·사진 검증본,74,"00:05:39,980 --> 00:05:40,340",0.36,더워요.,"완전 덥네, 오늘. 더웠지.",대단하다.,중립·혼합형,,,,,88.0,90.0,50.0,78.0,12.0,0.19089,42.0,14.0,0.0,0.0,1.0,더워요.,정말 덥네요.,사진 장면 확인 및 한국어 번역투·ASR 오역 교정,18.54,T4,구조검사 통과 시 유지,,42.2275641025641,28.49,P4,회귀검사 통과 시 유지
ABF-303,원문·사진 검증본,75,"00:05:42,500 --> 00:05:43,340",0.84,대단하다.,더워요.,아타미에 와도 예쁘네.,중립·혼합형,,,,,88.0,90.0,50.0,78.0,12.0,0.2264,0.0,14.0,0.0,0.0,0.3097,대단하네.,땀이 엄청나네.,손상된 일본어 ASR + 타임스탬프 사진 + 앞뒤 문맥 추론,12.47,T4,구조검사 통과 시 유지,,17.708333333333336,14.67,P4,회귀검사 통과 시 유지
ABF-303,원문·사진 검증본,76,"00:05:47,340 --> 00:05:48,700",1.36,아타미에 와도 예쁘네.,대단하다.,고마워.,반응형,,,,,88.0,90.0,50.0,78.0,12.0,0.5829,0.0,14.0,0.0,0.0,0.4717,이거 예쁘네.,손으로 가리지 마.,일본어 원문 + 타임스탬프 사진 + 장면 연속성,27.44,T4,구조검사 통과 시 유지,,82.33173076923077,50.49,P3,말투·질문응답·가독성 위주 검토
ABF-303,원문·사진 검증본,77,"00:05:49,320 --> 00:05:50,940",1.62,고마워.,아타미에 와도 예쁘네.,상점가 갈래?,중립·혼합형,,,일본어 원문 대조 + 자연스러운 한국어 대사 교정,높음,96.0,90.0,50.0,92.0,4.0,0.38361,42.0,5.0,0.0,0.0,1.0,고마워.,손으로 잡아 줘.,일본어 원문 + 타임스탬프 사진 + 장면 연속성,17.79,T4,구조검사 통과 시 유지,,39.0224358974359,26.71,P4,회귀검사 통과 시 유지
ABF-303,원문·사진 검증본,78,"00:05:52,480 --> 00:05:53,300",0.82,상점가 갈래?,고마워.,뭐 좀 사자.,중립·혼합형,,,,,88.0,90.0,50.0,78.0,12.0,0.55548,0.0,14.0,0.0,0.0,0.4843,낮에 갈래?,여기서 벗을 생각은 아니지?,일본어 원문 대조 + 자연스러운 한국어 대사 교정,26.29,T4,구조검사 통과 시 유지,,79.92788461538461,48.82,P3,말투·질문응답·가독성 위주 검토
ABF-303,원문·사진 검증본,79,"00:05:54,180 --> 00:05:55,740",1.56,뭐 좀 사자.,상점가 갈래?,"가자, 가자.",중립·혼합형,,,,,88.0,90.0,50.0,78.0,12.0,0.42041,0.0,14.0,0.0,0.0,0.3019,"어, 뭐 좀 해 줘.",양치 좀 해 줘.,손상된 일본어 ASR + 타임스탬프 사진 + 앞뒤 문맥 추론,20.62,T4,구조검사 통과 시 유지,,53.605769230769226,34.47,P4,회귀검사 통과 시 유지
ABF-303,원문·사진 검증본,80,"00:05:55,980 --> 00:05:56,540",0.56,"가자, 가자.",뭐 좀 사자.,갈래.,중립·혼합형,,,,,88.0,90.0,50.0,78.0,12.0,0.26001,0.0,14.0,0.0,0.0,0.283,가자!,잘 부탁해!,사진 장면 확인 및 한국어 번역투·ASR 오역 교정,13.88,T4,구조검사 통과 시 유지,,22.876602564102562,17.66,P4,회귀검사 통과 시 유지
ABF-303,원문·사진 검증본,81,"00:05:56,660 --> 00:05:58,700",2.04,갈래.,"가자, 가자.",손 잡고 싶어.,중립·혼합형,,,,,88.0,90.0,50.0,78.0,12.0,0.11926,0.0,14.0,0.0,0.0,0.2143,낮에 갈래?,여기서 벗을 생각은 아니지?,일본어 원문 대조 + 자연스러운 한국어 대사 교정,7.97,T4,구조검사 통과 시 유지,,5.929487179487179,7.11,P4,회귀검사 통과 시 유지
ABF-303,원문·사진 검증본,82,"00:06:03,230 --> 00:06:04,410",1.18,손 잡고 싶어.,갈래.,어?,반응형,,,,,88.0,90.0,50.0,78.0,12.0,0.268,0.0,14.0,0.0,0.0,0.4646,넣고 싶어.,빨리 넣고 싶어.,일본어 원문 대조 + 자연스러운 한국어 대사 교정,14.22,T4,구조검사 통과 시 유지,,23.958333333333336,18.31,P4,회귀검사 통과 시 유지
ABF-303,원문·사진 검증본,83,"00:06:04,750 --> 00:06:04,850",0.1,어?,손 잡고 싶어.,손 잡고 싶어.,반응형,,,,,88.0,90.0,50.0,78.0,12.0,0.06447,0.0,14.0,25.0,0.0,0.3089,어? 벗기고 싶다고? 응.,해 줬으면 좋겠어? 응.,손상된 일본어 ASR + 타임스탬프 사진 + 앞뒤 문맥 추론,8.17,T4,구조검사 통과 시 유지,borderline_cps,6.450320512820514,7.45,P4,회귀검사 통과 시 유지
ABF-303,원문·사진 검증본,84,"00:06:05,330 --> 00:06:06,390",1.06,손 잡고 싶어.,어?,손 잡을까?,반응형,,,,,88.0,90.0,50.0,78.0,12.0,0.25474,0.0,14.0,0.0,0.0,0.4646,넣고 싶어.,빨리 넣고 싶어.,일본어 원문 대조 + 자연스러운 한국어 대사 교정,13.66,T4,구조검사 통과 시 유지,,21.955128205128204,17.14,P4,회귀검사 통과 시 유지
ABF-303,원문·사진 검증본,85,"00:06:06,570 --> 00:06:07,130",0.56,손 잡을까?,손 잡고 싶어.,심장이 두근거리잖아.,중립·혼합형,,,,,88.0,90.0,50.0,78.0,12.0,0.29545,0.0,14.0,0.0,0.0,0.1072,손으로 해줄까?,손으로 해 줄까?,,15.37,T4,구조검사 통과 시 유지,,28.165064102564102,20.74,P4,회귀검사 통과 시 유지
ABF-303,원문·사진 검증본,86,"00:06:07,430 --> 00:06:08,450",1.02,심장이 두근거리잖아.,손 잡을까?,그래?,반응형,,,일본어 원문 대조 + 자연스러운 한국어 대사 교정,높음,96.0,90.0,50.0,92.0,4.0,0.54611,0.0,5.0,0.0,0.0,0.3218,엄청 두근거리는데.,엄청 펄떡거리는데.,,17.26,T4,구조검사 통과 시 유지,,36.49839743589743,25.34,P4,회귀검사 통과 시 유지
ABF-303,원문·사진 검증본,87,"00:06:09,750 --> 00:06:10,110",0.36,그래?,심장이 두근거리잖아.,손 잡을래?,중립·혼합형,,,일본어 원문 대조 + 자연스러운 한국어 대사 교정,높음,96.0,90.0,50.0,92.0,4.0,0.30279,0.0,5.0,0.0,0.0,0.6195,"음-, 왜 그래?",음… 왜 그래?,,9.91,T4,구조검사 통과 시 유지,,10.897435897435898,10.32,P4,회귀검사 통과 시 유지
ABF-303,원문·사진 검증본,88,"00:06:10,110 --> 00:06:10,290",0.18,손 잡을래?,그래?,오!,중립·혼합형,,,,,88.0,90.0,50.0,78.0,12.0,0.48282,0.0,14.0,68.89,0.0,0.1828,더 보지 소리 들려주지 않을래?,더 좋은 소리 들려주지 않을래?,타임스탬프 사진과 장면 흐름으로 명백한 오인식 교정,30.13,T4,구조검사 통과 시 유지,high_cps,88.34134615384616,54.58,P3,말투·질문응답·가독성 위주 검토
ABF-303,원문·사진 검증본,89,"00:06:10,690 --> 00:06:11,130",0.44,오!,손 잡을래?,맛있겠다.,중립·혼합형,,,,,88.0,90.0,50.0,78.0,12.0,0.11773,0.0,14.0,0.0,0.0,0.4115,오오!,오오…!,일본어 원문 대조 + 자연스러운 한국어 대사 교정,7.9,T4,구조검사 통과 시 유지,,5.6089743589743595,6.94,P4,회귀검사 통과 시 유지
ABF-303,원문·사진 검증본,90,"00:06:11,710 --> 00:06:13,190",1.48,맛있겠다.,오!,아싸.,중립·혼합형,,,,,88.0,90.0,50.0,78.0,12.0,0.26378,0.0,14.0,0.0,0.0,0.1638,맛있다.,바람 좋다.,일본어 원문 대조 + 자연스러운 한국어 대사 교정,14.04,T4,구조검사 통과 시 유지,,23.317307692307693,17.94,P4,회귀검사 통과 시 유지
ABF-303,원문·사진 검증본,91,"00:06:19,350 --> 00:06:20,510",1.16,아싸.,맛있겠다.,어?,반응형,,,,,88.0,90.0,50.0,78.0,12.0,0.16969,0.0,14.0,0.0,0.0,0.0434,"아, 아, 아, 아…","아, 아, 아…",일본어 원문 대조 + 자연스러운 한국어 대사 교정,10.09,T4,구조검사 통과 시 유지,,11.41826923076923,10.65,P4,회귀검사 통과 시 유지
ABF-303,원문·사진 검증본,92,"00:06:20,730 --> 00:06:21,010",0.28,어?,아싸.,앗싸.,반응형,,,,,88.0,90.0,50.0,78.0,12.0,0.13305,0.0,14.0,0.0,0.0,0.3089,어? 벗기고 싶다고? 응.,해 줬으면 좋겠어? 응.,손상된 일본어 ASR + 타임스탬프 사진 + 앞뒤 문맥 추론,8.55,T4,구조검사 통과 시 유지,,7.371794871794872,8.06,P4,회귀검사 통과 시 유지
ABF-303,원문·사진 검증본,93,"00:06:21,810 --> 00:06:22,430",0.62,앗싸.,어?,잡고 싶었어?,반응형,,,,,88.0,90.0,50.0,78.0,12.0,0.13816,0.0,14.0,0.0,0.0,0.0855,앗...,앗…,,8.76,T4,구조검사 통과 시 유지,,7.8125,8.36,P4,회귀검사 통과 시 유지
ABF-303,원문·사진 검증본,94,"00:06:23,470 --> 00:06:24,270",0.8,잡고 싶었어?,앗싸.,잡고 싶었어?,반응형,,,,,88.0,90.0,50.0,78.0,12.0,0.20615,0.0,14.0,0.0,0.0,0.2943,정말 하고 싶었어.,봐도 돼?,일본어 원문 + 타임스탬프 사진 + 장면 연속성,11.62,T4,구조검사 통과 시 유지,,15.94551282051282,13.44,P4,회귀검사 통과 시 유지
ABF-303,원문·사진 검증본,95,"00:06:24,670 --> 00:06:24,930",0.26,잡고 싶었어?,잡고 싶었어?,잡고 싶었어.,반응형,,,,,88.0,90.0,50.0,78.0,12.0,0.2351,0.0,14.0,45.38,0.0,0.2943,정말 하고 싶었어.,봐도 돼?,일본어 원문 + 타임스탬프 사진 + 장면 연속성,17.37,T4,구조검사 통과 시 유지,high_cps,37.17948717948718,25.69,P4,회귀검사 통과 시 유지
ABF-303,원문·사진 검증본,96,"00:06:24,930 --> 00:06:25,530",0.6,잡고 싶었어.,잡고 싶었어?,대단해.,반응형,,,,,88.0,90.0,50.0,78.0,12.0,0.3619,1.04,14.0,0.0,0.0,0.6587,정말 하고 싶었어.,봐도 돼?,일본어 원문 + 타임스탬프 사진 + 장면 연속성,18.35,T4,구조검사 통과 시 유지,,41.38621794871795,28.03,P4,회귀검사 통과 시 유지
ABF-303,원문·사진 검증본,97,"00:06:27,490 --> 00:06:27,930",0.44,대단해.,잡고 싶었어.,맛있겠다!,반말형,,,,,88.0,90.0,50.0,78.0,12.0,0.18571,42.0,14.0,0.0,0.0,1.0,대단해.,기분 좋네.,일본어 원문 + 타임스탬프 사진 + 장면 연속성,18.32,T4,구조검사 통과 시 유지,,41.18589743589743,27.92,P4,회귀검사 통과 시 유지
ABF-303,원문·사진 검증본,98,"00:06:27,930 --> 00:06:28,350",0.42,맛있겠다!,대단해.,대박.,중립·혼합형,,,,,88.0,90.0,50.0,78.0,12.0,0.13795,0.0,14.0,0.0,0.0,0.1601,맛있어!,맛있다!,사진 장면 확인 및 한국어 번역투·ASR 오역 교정,8.75,T4,구조검사 통과 시 유지,,7.6923076923076925,8.31,P4,회귀검사 통과 시 유지
ABF-303,원문·사진 검증본,99,"00:06:30,190 --> 00:06:30,650",0.46,대박.,맛있겠다!,벌집이 들어있어.,중립·혼합형,,,,,88.0,90.0,50.0,78.0,12.0,0.15055,5.78,14.0,0.0,0.0,0.6982,에~ 대박.,에… 대박.,,10.32,T4,구조검사 통과 시 유지,,12.419871794871796,11.2,P4,회귀검사 통과 시 유지
ABF-303,원문·사진 검증본,100,"00:06:33,780 --> 00:06:35,120",1.34,벌집이 들어있어.,대박.,벌집이 들어있어?,반응형,,,,,88.0,90.0,50.0,78.0,12.0,0.26397,0.0,14.0,0.0,0.0,0.1335,뒤에 있어.,뒤쪽도 보여 줘.,일본어 원문 대조 + 자연스러운 한국어 대사 교정,14.05,T4,구조검사 통과 시 유지,,23.397435897435898,17.98,P4,회귀검사 통과 시 유지
ABF-303,원문·사진 검증본,101,"00:06:35,320 --> 00:06:36,220",0.9,벌집이 들어있어?,벌집이 들어있어.,한번 드셔보실래요?,반응형,,,,,88.0,90.0,50.0,78.0,12.0,0.3466,0.0,14.0,0.0,0.0,0.1693,자고 있어?,땀나?,사진 장면 확인 및 한국어 번역투·ASR 오역 교정,17.52,T4,구조검사 통과 시 유지,,37.86057692307692,26.06,P4,회귀검사 통과 시 유지
ABF-303,원문·사진 검증본,102,"00:06:36,400 --> 00:06:37,700",1.3,한번 드셔보실래요?,벌집이 들어있어?,이거?,중립·혼합형,,,,,88.0,90.0,50.0,78.0,12.0,0.35762,0.0,14.0,0.0,0.0,0.2634,용기 내어 주실래요?,조금만 더 해 줄래요?,,17.98,T4,구조검사 통과 시 유지,,39.983974358974365,27.22,P4,회귀검사 통과 시 유지
ABF-303,원문·사진 검증본,103,"00:06:39,140 --> 00:06:39,540",0.4,이거?,한번 드셔보실래요?,벌집.,중립·혼합형,,,,,88.0,90.0,50.0,78.0,12.0,0.23222,0.0,14.0,0.0,0.0,0.192,어떻게 먹는 거?,어떤 식으로?,일본어 원문 대조 + 자연스러운 한국어 대사 교정,12.71,T4,구조검사 통과 시 유지,,18.709935897435898,15.23,P4,회귀검사 통과 시 유지
ABF-303,원문·사진 검증본,104,"00:06:39,960 --> 00:06:40,800",0.84,벌집.,이거?,좀 피곤해 보여요.,중립·혼합형,,,,,88.0,90.0,50.0,78.0,12.0,0.24761,0.0,14.0,0.0,0.0,0.0483,"오, 벌써...","오, 벌써…",,13.36,T4,구조검사 통과 시 유지,,21.153846153846153,16.63,P4,회귀검사 통과 시 유지
ABF-303,원문·사진 검증본,105,"00:06:42,700 --> 00:06:44,080",1.38,좀 피곤해 보여요.,벌집.,응.,반말형,,,일본어 원문 대조 + 자연스러운 한국어 대사 교정,높음,96.0,90.0,50.0,92.0,4.0,0.48956,0.0,5.0,0.0,0.0,0.3454,왠지 기분 좋아 보여요...,왠지 기분 좋아 보여요…,,15.55,T4,구조검사 통과 시 유지,,28.926282051282055,21.17,P4,회귀검사 통과 시 유지
ABF-303,원문·사진 검증본,106,"00:06:44,320 --> 00:06:44,440",0.12,응.,좀 피곤해 보여요.,괜찮아요.,반응형,,,,,88.0,90.0,50.0,78.0,12.0,0.06823,0.0,14.0,25.0,0.0,0.4286,"하-, 응.",하아… 응.,,8.33,T4,구조검사 통과 시 유지,borderline_cps,6.730769230769231,7.66,P4,회귀검사 통과 시 유지
ABF-303,원문·사진 검증본,107,"00:06:44,940 --> 00:06:45,660",0.72,괜찮아요.,응.,잠깐만요.,반응형,,,,,88.0,90.0,50.0,78.0,12.0,0.44878,13.44,14.0,0.0,0.0,0.762,말해도 괜찮아요.,"괜찮아, 계속해.",일본어 원문 대조 + 자연스러운 한국어 대사 교정,24.23,T4,구조검사 통과 시 유지,,72.83653846153845,44.64,P3,말투·질문응답·가독성 위주 검토
ABF-303,원문·사진 검증본,108,"00:06:48,390 --> 00:06:48,790",0.4,잠깐만요.,괜찮아요.,잠깐?,반응형,,,,,88.0,90.0,50.0,78.0,12.0,0.49629,42.0,14.0,0.0,0.0,1.0,잠깐만요.,조금만 기다려.,일본어 원문 대조 + 자연스러운 한국어 대사 교정,31.36,T4,구조검사 통과 시 유지,,90.38461538461539,56.15,P3,말투·질문응답·가독성 위주 검토
ABF-303,원문·사진 검증본,109,"00:06:56,400 --> 00:06:56,800",0.4,잠깐?,잠깐만요.,"아, 뭐야.",반응형,,,,,88.0,90.0,50.0,78.0,12.0,0.33509,0.0,14.0,0.0,0.0,0.1289,잠깐…,그리고…,일본어 원문 대조 + 자연스러운 한국어 대사 교정,17.03,T4,구조검사 통과 시 유지,,35.256410256410255,24.69,P4,회귀검사 통과 시 유지
ABF-303,원문·사진 검증본,110,"00:07:06,720 --> 00:07:07,240",0.52,"아, 뭐야.",잠깐?,손을 안 잡아주네.,반응형,,,일본어 원문 대조 + 자연스러운 한국어 대사 교정,높음,96.0,90.0,50.0,92.0,4.0,0.31677,0.0,5.0,0.0,0.0,0.4386,"아, 아, 아, 아, 아, 아, 아,","아, 아, 아, 아, 아, 아, 아",,10.33,T4,구조검사 통과 시 유지,,12.5,11.24,P4,회귀검사 통과 시 유지
ABF-303,원문·사진 검증본,111,"00:07:07,300 --> 00:07:08,240",0.94,손을 안 잡아주네.,"아, 뭐야.",아.,반응형,,,,,88.0,90.0,50.0,78.0,12.0,0.35049,0.0,14.0,0.0,0.0,0.2795,너무 자연스럽게 받아주네.,되게 자연스럽게 받네.,,17.68,T4,구조검사 통과 시 유지,,38.22115384615385,26.31,P4,회귀검사 통과 시 유지
ABF-303,원문·사진 검증본,112,"00:07:08,880 --> 00:07:09,060",0.18,아.,손을 안 잡아주네.,대단해.,반응형,,,,,88.0,90.0,50.0,78.0,12.0,0.26901,0.0,14.0,0.0,0.0,0.4618,"왠지, 아.","아, 뭐야.",일본어 원문 대조 + 자연스러운 한국어 대사 교정,14.26,T4,구조검사 통과 시 유지,,24.19871794871795,18.43,P4,회귀검사 통과 시 유지
ABF-303,원문·사진 검증본,113,"00:07:10,720 --> 00:07:11,120",0.4,대단해.,아.,대단해.,반말형,,,,,88.0,90.0,50.0,78.0,12.0,0.30511,42.0,14.0,0.0,0.0,1.0,대단해.,기분 좋네.,일본어 원문 + 타임스탬프 사진 + 장면 연속성,23.33,T4,구조검사 통과 시 유지,,68.6698717948718,42.37,P3,말투·질문응답·가독성 위주 검토
ABF-303,원문·사진 검증본,114,"00:07:12,080 --> 00:07:12,480",0.4,대단해.,대단해.,"우와, 대박이다.",반말형,,,,,88.0,90.0,50.0,78.0,12.0,0.22821,42.0,14.0,0.0,0.0,1.0,대단해.,기분 좋네.,일본어 원문 + 타임스탬프 사진 + 장면 연속성,20.1,T4,구조검사 통과 시 유지,,50.36057692307693,32.81,P4,회귀검사 통과 시 유지
ABF-303,원문·사진 검증본,115,"00:07:13,860 --> 00:07:14,660",0.8,"우와, 대박이다.",대단해.,탱글탱글해.,중립·혼합형,,,,,88.0,90.0,50.0,78.0,12.0,0.3647,0.0,14.0,0.0,0.0,0.3973,대박이다. 장난 아니었어. 엄청나게 좋았어.,대박이었어. 진짜 너무 좋았어.,일본어 원문 대조 + 자연스러운 한국어 대사 교정,18.28,T4,구조검사 통과 시 유지,,41.02564102564102,27.83,P4,회귀검사 통과 시 유지
ABF-303,원문·사진 검증본,116,"00:07:14,920 --> 00:07:15,680",0.76,탱글탱글해.,"우와, 대박이다.",응.,반말형,,,,,88.0,90.0,50.0,78.0,12.0,0.16566,0.0,14.0,0.0,0.0,0.0634,대단해.,기분 좋네.,일본어 원문 + 타임스탬프 사진 + 장면 연속성,9.92,T4,구조검사 통과 시 유지,,10.977564102564102,10.36,P4,회귀검사 통과 시 유지
ABF-303,원문·사진 검증본,117,"00:07:15,880 --> 00:07:16,040",0.16,응.,탱글탱글해.,잘 먹겠습니다.,반응형,,,,,88.0,90.0,50.0,78.0,12.0,0.04604,0.0,14.0,0.0,0.0,0.4286,"하-, 응.",하아… 응.,,4.89,T4,구조검사 통과 시 유지,,2.003205128205128,3.68,P4,회귀검사 통과 시 유지
ABF-303,원문·사진 검증본,118,"00:07:16,660 --> 00:07:17,460",0.8,잘 먹겠습니다.,응.,먹어도 맛있죠?,존댓말형,,,,,88.0,90.0,50.0,78.0,12.0,0.29281,0.0,14.0,0.0,0.0,0.4077,가 보겠습니다.,그럼 가 볼게요.,대화체 자연화,15.26,T4,구조검사 통과 시 유지,,27.604166666666668,20.44,P4,회귀검사 통과 시 유지
ABF-303,원문·사진 검증본,119,"00:07:19,080 --> 00:07:20,240",1.16,먹어도 맛있죠?,잘 먹겠습니다.,먹어도 맛있죠?,반응형,,,,,88.0,90.0,50.0,78.0,12.0,0.23908,0.0,14.0,0.0,0.0,0.2826,"진짜 맛있지. 맛도 있고 귀엽기도 하고. 요리해 먹어도 맛있고,",진짜 맛있지. 맛도 있고 귀엽기도 하고. 요리해 먹어도 맛있고,,13.0,T4,구조검사 통과 시 유지,,19.671474358974358,15.8,P4,회귀검사 통과 시 유지
ABF-303,원문·사진 검증본,120,"00:07:21,640 --> 00:07:22,040",0.4,먹어도 맛있죠?,먹어도 맛있죠?,응! 맛있어!,반응형,,,,,88.0,90.0,50.0,78.0,12.0,0.34216,0.0,14.0,25.0,0.0,0.2826,"진짜 맛있지. 맛도 있고 귀엽기도 하고. 요리해 먹어도 맛있고,",진짜 맛있지. 맛도 있고 귀엽기도 하고. 요리해 먹어도 맛있고,,19.83,T4,구조검사 통과 시 유지,borderline_cps,48.95833333333333,32.06,P4,회귀검사 통과 시 유지
ABF-303,원문·사진 검증본,121,"00:07:22,040 --> 00:07:22,500",0.46,응! 맛있어!,먹어도 맛있죠?,"진짜 맛있어요, 이거!",반응형,,,,,88.0,90.0,50.0,78.0,12.0,0.11209,17.7,14.0,0.0,0.0,0.7975,맛있어!,맛있다!,사진 장면 확인 및 한국어 번역투·ASR 오역 교정,10.85,T4,구조검사 통과 시 유지,,13.62179487179487,12.01,P4,회귀검사 통과 시 유지
ABF-303,원문·사진 검증본,122,"00:07:23,040 --> 00:07:24,420",1.38,"진짜 맛있어요, 이거!",응! 맛있어!,어때? 맛 평가해 줘.,반응형,,,,,88.0,90.0,50.0,78.0,12.0,0.35273,0.0,14.0,0.0,0.0,0.2342,맛있어!,맛있다!,사진 장면 확인 및 한국어 번역투·ASR 오역 교정,17.77,T4,구조검사 통과 시 유지,,38.82211538461539,26.61,P4,회귀검사 통과 시 유지
ABF-303,원문·사진 검증본,123,"00:07:24,860 --> 00:07:44,740",19.88,어때? 맛 평가해 줘.,"진짜 맛있어요, 이거!",안 딱딱해!,반응형,,,일본어 원문 대조 + 자연스러운 한국어 대사 교정,높음,96.0,90.0,50.0,92.0,4.0,0.62083,0.0,5.0,0.0,0.0,0.3924,어때? 맛은?,어때? 맛 평가해 줘.,일본어 원문 대조 + 자연스러운 한국어 대사 교정,19.52,T4,구조검사 통과 시 유지,,47.355769230769226,31.21,P4,회귀검사 통과 시 유지
ABF-303,원문·사진 검증본,124,"00:07:46,220 --> 00:07:47,180",0.96,안 딱딱해!,어때? 맛 평가해 줘.,부드러워!,반말형,,,,,88.0,90.0,50.0,78.0,12.0,0.29553,0.0,14.0,0.0,0.0,0.347,딱딱해...,딱딱해…,,15.37,T4,구조검사 통과 시 유지,,28.165064102564102,20.74,P4,회귀검사 통과 시 유지
ABF-303,원문·사진 검증본,125,"00:07:47,920 --> 00:07:48,700",0.78,부드러워!,안 딱딱해!,부드러워!,중립·혼합형,,,,,88.0,90.0,50.0,78.0,12.0,0.16937,0.0,14.0,0.0,0.0,0.4547,엄청 부드러워...,엄청 부드러워…,,10.07,T4,구조검사 통과 시 유지,,11.298076923076923,10.59,P4,회귀검사 통과 시 유지
ABF-303,원문·사진 검증본,126,"00:07:48,720 --> 00:07:49,160",0.44,부드러워!,부드러워!,진짜?,중립·혼합형,,,,,88.0,90.0,50.0,78.0,12.0,0.19487,0.0,14.0,0.0,0.0,0.4547,엄청 부드러워...,엄청 부드러워…,,11.14,T4,구조검사 통과 시 유지,,14.663461538461538,12.62,P4,회귀검사 통과 시 유지
ABF-303,원문·사진 검증본,127,"00:07:52,020 --> 00:07:52,780",0.76,진짜?,부드러워!,진짜다! 맛있다!,중립·혼합형,,,일본어 원문 대조 + 자연스러운 한국어 대사 교정,높음,96.0,90.0,50.0,92.0,4.0,0.29749,0.0,5.0,0.0,0.0,0.1562,진짜로?,그래?,일본어 원문 대조 + 자연스러운 한국어 대사 교정,9.74,T4,구조검사 통과 시 유지,,10.256410256410255,9.96,P4,회귀검사 통과 시 유지
ABF-303,원문·사진 검증본,128,"00:07:53,100 --> 00:07:55,180",2.08,진짜다! 맛있다!,진짜?,맛있네!,중립·혼합형,,,,,88.0,90.0,50.0,78.0,12.0,0.15689,0.0,14.0,0.0,0.0,0.2656,맛있다.,바람 좋다.,일본어 원문 대조 + 자연스러운 한국어 대사 교정,9.55,T4,구조검사 통과 시 유지,,9.85576923076923,9.68,P4,회귀검사 통과 시 유지
ABF-303,원문·사진 검증본,129,"00:07:55,180 --> 00:07:56,000",0.82,맛있네!,진짜다! 맛있다!,아리스한테도 한 입 줘.,반말형,,,,,88.0,90.0,50.0,78.0,12.0,0.1191,0.0,14.0,0.0,0.0,0.19,네! 어이!,"네, 잘 부탁드립니다!",사진 장면 확인 및 한국어 번역투·ASR 오역 교정,7.96,T4,구조검사 통과 시 유지,,5.809294871794872,7.06,P4,회귀검사 통과 시 유지
ABF-303,원문·사진 검증본,130,"00:08:02,340 --> 00:08:04,100",1.76,아리스한테도 한 입 줘.,맛있네!,한 입 먹여 줘.,반응형,,,,,88.0,90.0,50.0,78.0,12.0,0.43666,0.0,14.0,0.0,0.0,0.2154,입 안을 보여 줘.,입 안 보여 줘.,일본어 원문 대조 + 자연스러운 한국어 대사 교정,21.3,T4,구조검사 통과 시 유지,,57.77243589743589,36.62,P4,회귀검사 통과 시 유지
ABF-303,원문·사진 검증본,131,"00:08:04,100 --> 00:08:05,200",1.1,한 입 먹여 줘.,아리스한테도 한 입 줘.,먹여 줘.,중립·혼합형,,,,,88.0,90.0,50.0,78.0,12.0,0.41137,0.0,14.0,0.0,0.0,0.4009,입 안을 보여 줘.,입 안 보여 줘.,일본어 원문 대조 + 자연스러운 한국어 대사 교정,20.24,T4,구조검사 통과 시 유지,,51.36217948717948,33.31,P4,회귀검사 통과 시 유지
ABF-303,원문·사진 검증본,132,"00:08:05,200 --> 00:08:08,420",3.22,먹여 줘.,한 입 먹여 줘.,이게 제 로망이었어요!,중립·혼합형,,,,,88.0,90.0,50.0,78.0,12.0,0.41556,0.0,14.0,0.0,0.0,0.3055,좀 더 해 줘.,보여?,일본어 원문 + 타임스탬프 사진 + 장면 연속성,20.41,T4,구조검사 통과 시 유지,,52.40384615384615,33.85,P4,회귀검사 통과 시 유지
ABF-303,원문·사진 검증본,133,"00:08:08,660 --> 00:08:09,480",0.82,이게 제 로망이었어요!,먹여 줘.,맛있어!,반응형,,,일본어 원문 대조 + 자연스러운 한국어 대사 교정,높음,96.0,90.0,50.0,92.0,4.0,0.41396,0.0,5.0,0.0,0.0,0.5919,이게 제 꿈이었어요!,이게 제 로망이었어요!,일본어 원문 대조 + 자연스러운 한국어 대사 교정,13.27,T4,구조검사 통과 시 유지,,20.592948717948715,16.35,P4,회귀검사 통과 시 유지
ABF-303,원문·사진 검증본,134,"00:08:25,110 --> 00:08:26,230",1.12,맛있어!,이게 제 로망이었어요!,행복해!,반응형,,,,,88.0,90.0,50.0,78.0,12.0,0.13288,42.0,14.0,0.0,0.0,1.0,맛있어!,맛있다!,사진 장면 확인 및 한국어 번역투·ASR 오역 교정,16.1,T4,구조검사 통과 시 유지,,30.849358974358974,22.29,P4,회귀검사 통과 시 유지
ABF-303,원문·사진 검증본,135,"00:08:27,630 --> 00:08:28,710",1.08,행복해!,맛있어!,행복해!,반말형,,,,,88.0,90.0,50.0,78.0,12.0,0.099,0.0,14.0,0.0,0.0,0.1064,"하지메 군, 잘 부탁해!","하지메 군, 앞으로 잘 부탁해!",사진 장면 확인 및 한국어 번역투·ASR 오역 교정,7.12,T4,구조검사 통과 시 유지,,4.6875,6.1,P4,회귀검사 통과 시 유지
ABF-303,원문·사진 검증본,136,"00:08:28,810 --> 00:08:29,030",0.22,행복해!,행복해!,잘 먹겠습니다!,반말형,,,,,88.0,90.0,50.0,78.0,12.0,0.11981,0.0,14.0,25.0,0.0,0.1064,"하지메 군, 잘 부탁해!","하지메 군, 앞으로 잘 부탁해!",사진 장면 확인 및 한국어 번역투·ASR 오역 교정,10.49,T4,구조검사 통과 시 유지,borderline_cps,12.94070512820513,11.52,P4,회귀검사 통과 시 유지
ABF-303,원문·사진 검증본,137,"00:08:30,470 --> 00:08:31,370",0.9,잘 먹겠습니다!,행복해!,맛있어!,존댓말형,,,,,88.0,90.0,50.0,78.0,12.0,0.204,0.0,14.0,0.0,18.0,0.3901,괜찮습니다!,괜찮아!,,12.97,T4,구조검사 통과 시 유지,formality_shift,19.51121794871795,15.72,P4,회귀검사 통과 시 유지
ABF-303,원문·사진 검증본,138,"00:08:31,490 --> 00:08:38,690",7.2,맛있어!,잘 먹겠습니다!,맛있어!,반응형,,,,,88.0,90.0,50.0,78.0,12.0,0.07989,42.0,14.0,0.0,0.0,1.0,맛있어!,맛있다!,사진 장면 확인 및 한국어 번역투·ASR 오역 교정,13.88,T4,구조검사 통과 시 유지,,22.876602564102562,17.66,P4,회귀검사 통과 시 유지
ABF-303,원문·사진 검증본,139,"00:08:39,830 --> 00:08:40,690",0.86,맛있어!,맛있어!,맛있어!,반응형,,,,,88.0,90.0,50.0,78.0,12.0,0.0975,42.0,14.0,0.0,30.0,1.0,맛있어!,맛있다!,사진 장면 확인 및 한국어 번역투·ASR 오역 교정,17.01,T4,구조검사 통과 시 유지,triple_identical_run,35.09615384615385,24.61,P4,회귀검사 통과 시 유지
ABF-303,원문·사진 검증본,140,"00:08:41,550 --> 00:08:41,830",0.28,맛있어!,맛있어!,몇 개째야!,반응형,,,,,88.0,90.0,50.0,78.0,12.0,0.14178,42.0,14.0,0.0,0.0,1.0,맛있어!,맛있다!,사진 장면 확인 및 한국어 번역투·ASR 오역 교정,16.47,T4,구조검사 통과 시 유지,,32.131410256410255,23.05,P4,회귀검사 통과 시 유지
ABF-303,원문·사진 검증본,141,"00:08:41,830 --> 00:08:42,130",0.3,몇 개째야!,맛있어!,왠지 꼬들꼬들해!,반말형,,,일본어 원문 대조 + 자연스러운 한국어 대사 교정,높음,96.0,90.0,50.0,92.0,4.0,0.38499,0.0,5.0,25.0,0.0,0.2678,몇 개나 먹는 거야!,몇 개째야!,일본어 원문 대조 + 자연스러운 한국어 대사 교정,14.19,T4,구조검사 통과 시 유지,borderline_cps,23.878205128205128,18.26,P4,회귀검사 통과 시 유지
ABF-303,원문·사진 검증본,142,"00:08:49,850 --> 00:08:51,490",1.64,왠지 꼬들꼬들해!,몇 개째야!,이게 무슨 부위지?,반말형,,,,,88.0,90.0,50.0,78.0,12.0,0.4698,0.0,14.0,0.0,0.0,0.203,왠지 알겠어.,어떻게 알았어?,손상된 일본어 ASR + 타임스탬프 사진 + 앞뒤 문맥 추론,22.69,T4,구조검사 통과 시 유지,,65.6650641025641,40.74,P3,말투·질문응답·가독성 위주 검토
ABF-303,원문·사진 검증본,143,"00:08:55,970 --> 00:08:57,110",1.14,이게 무슨 부위지?,왠지 꼬들꼬들해!,맛있어!,반말형,,,손상된 일본어 ASR + 타임스탬프 사진 + 앞뒤 문맥 추론,중간,38.0,78.0,50.0,78.0,62.0,0.63388,0.0,14.0,0.0,0.0,0.306,이게 좋아.,이렇게 하는 게 좋아.,손상된 일본어 ASR + 타임스탬프 사진 + 앞뒤 문맥 추론,32.58,T4,구조검사 통과 시 유지,,91.90705128205127,57.5,P3,말투·질문응답·가독성 위주 검토
ABF-303,원문·사진 검증본,144,"00:08:57,130 --> 00:08:57,870",0.74,맛있어!,이게 무슨 부위지?,맛있어!,반응형,,,,,88.0,90.0,50.0,78.0,12.0,0.09835,42.0,14.0,0.0,0.0,1.0,맛있어!,맛있다!,사진 장면 확인 및 한국어 번역투·ASR 오역 교정,14.65,T4,구조검사 통과 시 유지,,25.841346153846157,19.35,P4,회귀검사 통과 시 유지
ABF-303,원문·사진 검증본,145,"00:08:57,870 --> 00:08:58,010",0.14,맛있어!,맛있어!,맛있어!,반응형,,,,,88.0,90.0,50.0,78.0,12.0,0.1071,42.0,14.0,70.0,30.0,1.0,맛있어!,맛있다!,사진 장면 확인 및 한국어 번역투·ASR 오역 교정,24.42,T4,구조검사 통과 시 유지,high_cps;triple_identical_run,73.3173076923077,44.96,P3,말투·질문응답·가독성 위주 검토
ABF-303,원문·사진 검증본,146,"00:08:58,310 --> 00:08:59,190",0.88,맛있어!,맛있어!,첫 개복치!,반응형,,,,,88.0,90.0,50.0,78.0,12.0,0.09577,42.0,14.0,0.0,0.0,1.0,맛있어!,맛있다!,사진 장면 확인 및 한국어 번역투·ASR 오역 교정,14.54,T4,구조검사 통과 시 유지,,25.320512820512818,19.07,P4,회귀검사 통과 시 유지
ABF-303,원문·사진 검증본,147,"00:09:01,230 --> 00:09:02,450",1.22,첫 개복치!,맛있어!,첫 개복치?,중립·혼합형,,,,,88.0,90.0,50.0,78.0,12.0,0.1386,0.0,14.0,0.0,0.0,0.1596,첫 번째예요.,이번이 첫 번째예요.,사진 장면 확인 및 한국어 번역투·ASR 오역 교정,8.78,T4,구조검사 통과 시 유지,,7.9326923076923075,8.42,P4,회귀검사 통과 시 유지
ABF-303,원문·사진 검증본,148,"00:09:03,190 --> 00:09:05,490",2.3,첫 개복치?,첫 개복치!,개복치!,중립·혼합형,,,,,88.0,90.0,50.0,78.0,12.0,0.28842,0.0,14.0,0.0,0.0,0.1553,첫 번째예요.,이번이 첫 번째예요.,사진 장면 확인 및 한국어 번역투·ASR 오역 교정,15.07,T4,구조검사 통과 시 유지,,26.883012820512818,20.03,P4,회귀검사 통과 시 유지
ABF-303,원문·사진 검증본,149,"00:09:05,970 --> 00:09:06,690",0.72,개복치!,첫 개복치?,개복치!,중립·혼합형,,,,,88.0,90.0,50.0,78.0,12.0,0.08229,0.0,14.0,0.0,0.0,0.0711,몇 개나 먹는 거야!,몇 개째야!,일본어 원문 대조 + 자연스러운 한국어 대사 교정,6.42,T4,구조검사 통과 시 유지,,3.8461538461538463,5.34,P4,회귀검사 통과 시 유지
ABF-303,원문·사진 검증본,150,"00:09:06,750 --> 00:09:07,250",0.5,개복치!,개복치!,귀여워!,중립·혼합형,,,,,88.0,90.0,50.0,78.0,12.0,0.13802,0.0,14.0,0.0,0.0,0.0711,몇 개나 먹는 거야!,몇 개째야!,일본어 원문 대조 + 자연스러운 한국어 대사 교정,8.76,T4,구조검사 통과 시 유지,,7.8125,8.36,P4,회귀검사 통과 시 유지
ABF-303,원문·사진 검증본,151,"00:09:09,690 --> 00:09:10,450",0.76,귀여워!,개복치!,남자친구 없어?,중립·혼합형,,,,,88.0,90.0,50.0,78.0,12.0,0.2069,0.0,14.0,0.0,0.0,0.3219,엄청 귀여워.,매일 목욕해.,일본어 원문 + 타임스탬프 사진 + 장면 연속성,11.65,T4,구조검사 통과 시 유지,,16.145833333333336,13.54,P4,회귀검사 통과 시 유지
ABF-303,원문·사진 검증본,152,"00:09:15,460 --> 00:09:16,000",0.54,남자친구 없어?,귀여워!,진짜로?,반응형,,,일본어 원문 대조 + 자연스러운 한국어 대사 교정,높음,96.0,90.0,50.0,92.0,4.0,0.66,0.0,5.0,0.0,0.0,0.5723,없어?,진짜로?,일본어 원문 대조 + 자연스러운 한국어 대사 교정,20.71,T4,구조검사 통과 시 유지,,54.006410256410255,34.69,P4,회귀검사 통과 시 유지
ABF-303,원문·사진 검증본,153,"00:09:17,520 --> 00:09:18,040",0.52,진짜로?,남자친구 없어?,정말 없어요.,중립·혼합형,,,일본어 원문 대조 + 자연스러운 한국어 대사 교정,높음,96.0,90.0,50.0,92.0,4.0,0.42375,42.0,5.0,0.0,0.0,1.0,진짜로?,그래?,일본어 원문 대조 + 자연스러운 한국어 대사 교정,19.01,T4,구조검사 통과 시 유지,,44.35096153846153,29.65,P4,회귀검사 통과 시 유지
ABF-303,원문·사진 검증본,154,"00:09:18,360 --> 00:09:19,100",0.74,정말 없어요.,진짜로?,몇 명 정도 사귀어 봤어?,반응형,,,일본어 원문 대조 + 자연스러운 한국어 대사 교정,높음,96.0,90.0,50.0,92.0,4.0,0.53324,0.0,5.0,0.0,0.0,0.615,아무도 없어요.,아무도 안 보잖아.,타임스탬프 사진과 장면 흐름으로 명백한 오인식 교정,16.87,T4,구조검사 통과 시 유지,,34.3349358974359,24.21,P4,회귀검사 통과 시 유지
ABF-303,원문·사진 검증본,155,"00:09:24,600 --> 00:09:25,940",1.34,몇 명 정도 사귀어 봤어?,정말 없어요.,몇 명쯤?,반응형,,,손상된 일본어 ASR + 타임스탬프 사진 + 앞뒤 문맥 추론,중간,38.0,78.0,50.0,78.0,62.0,0.68743,0.0,14.0,0.0,0.0,0.3195,3달 정도밖에 안 사귀어 봐서…,제일 길어도 석 달 정도였어요.,일본어 원문 대조 + 자연스러운 한국어 대사 교정,34.83,T4,구조검사 통과 시 유지,,94.95192307692307,60.08,P2,앞뒤 5블록·사진·오류 기억을 함께 검토
ABF-303,원문·사진 검증본,156,"00:09:25,940 --> 00:09:27,420",1.48,몇 명쯤?,몇 명 정도 사귀어 봤어?,대충 몇 명?,중립·혼합형,,,손상된 일본어 ASR + 타임스탬프 사진 + 앞뒤 문맥 추론,중간,38.0,78.0,50.0,78.0,62.0,0.48842,0.0,14.0,0.0,0.0,0.1833,몇 명이에요?,몇 명이랑 했어요?,일본어 원문 대조 + 자연스러운 한국어 대사 교정,26.47,T4,구조검사 통과 시 유지,,80.20833333333334,49.04,P3,말투·질문응답·가독성 위주 검토
ABF-303,원문·사진 검증본,157,"00:09:27,500 --> 00:09:27,920",0.42,대충 몇 명?,몇 명쯤?,오래 사귄 사람은 없었어?,중립·혼합형,,,손상된 일본어 ASR + 타임스탬프 사진 + 앞뒤 문맥 추론,중간,38.0,78.0,50.0,78.0,62.0,0.58745,0.0,14.0,0.0,0.0,0.4408,대충 알아.,대충 알겠어.,사진 장면 확인 및 한국어 번역투·ASR 오역 교정,30.63,T4,구조검사 통과 시 유지,,89.1826923076923,55.22,P3,말투·질문응답·가독성 위주 검토
ABF-303,원문·사진 검증본,158,"00:09:27,920 --> 00:09:29,120",1.2,오래 사귄 사람은 없었어?,대충 몇 명?,오래 만난 사람은?,반응형,,,손상된 일본어 ASR + 타임스탬프 사진 + 앞뒤 문맥 추론,중간,38.0,78.0,50.0,78.0,62.0,0.66059,0.0,14.0,0.0,0.0,0.2159,왠지 별로 사귄 적이 없어서…,많이 사귀어 본 편이 아니라서…,일본어 원문 대조 + 자연스러운 한국어 대사 교정,33.7,T4,구조검사 통과 시 유지,,93.58974358974359,58.85,P2,앞뒤 5블록·사진·오류 기억을 함께 검토
ABF-303,원문·사진 검증본,159,"00:09:29,420 --> 00:09:31,260",1.84,오래 만난 사람은?,오래 사귄 사람은 없었어?,많이 사귀어 본 편이 아니라서…,중립·혼합형,,,손상된 일본어 ASR + 타임스탬프 사진 + 앞뒤 문맥 추론,중간,38.0,78.0,50.0,78.0,62.0,0.57831,0.0,14.0,0.0,0.0,0.1817,오래 기다렸지~.,오래 기다렸지…,,30.25,T4,구조검사 통과 시 유지,,88.62179487179486,54.77,P3,말투·질문응답·가독성 위주 검토
ABF-303,원문·사진 검증본,160,"00:09:31,600 --> 00:09:34,480",2.88,많이 사귀어 본 편이 아니라서…,오래 만난 사람은?,에이…!,반응형,,,일본어 원문 대조 + 자연스러운 한국어 대사 교정,높음,96.0,90.0,50.0,92.0,4.0,0.71287,0.0,5.0,0.0,0.0,0.3872,사귀어 본 적이 별로 없어서…,오래 사귀어 본 적이 없어요.,일본어 원문 대조 + 자연스러운 한국어 대사 교정,22.31,T4,구조검사 통과 시 유지,,63.541666666666664,39.63,P4,회귀검사 통과 시 유지
ABF-303,원문·사진 검증본,161,"00:09:34,480 --> 00:09:35,340",0.86,에이…!,많이 사귀어 본 편이 아니라서…,"네, 길어야 두세 달 정도라…",중립·혼합형,,,,,88.0,90.0,50.0,78.0,12.0,0.17418,0.0,14.0,0.0,0.0,0.1479,넓다…!,넓다!,일본어 원문 대조 + 자연스러운 한국어 대사 교정,10.28,T4,구조검사 통과 시 유지,,12.099358974358974,11.04,P4,회귀검사 통과 시 유지
ABF-303,원문·사진 검증본,162,"00:09:35,700 --> 00:09:37,740",2.04,"네, 길어야 두세 달 정도라…",에이…!,오래 사귀어 본 적이 없어요.,반응형,,,일본어 원문 대조 + 자연스러운 한국어 대사 교정,높음,96.0,90.0,50.0,92.0,4.0,0.61186,0.0,5.0,0.0,0.0,0.2272,"네, 네.",네.,불필요한 반복 제거,19.25,T4,구조검사 통과 시 유지,,45.67307692307692,30.35,P4,회귀검사 통과 시 유지
ABF-303,원문·사진 검증본,163,"00:09:37,740 --> 00:09:40,920",3.18,오래 사귀어 본 적이 없어요.,"네, 길어야 두세 달 정도라…",정말?,반응형,,,일본어 원문 대조 + 자연스러운 한국어 대사 교정,높음,96.0,90.0,50.0,92.0,4.0,0.63349,0.0,5.0,0.0,0.0,0.5777,사귀어 본 적이 별로 없어서…,오래 사귀어 본 적이 없어요.,일본어 원문 대조 + 자연스러운 한국어 대사 교정,19.91,T4,구조검사 통과 시 유지,,49.519230769230774,32.35,P4,회귀검사 통과 시 유지
ABF-303,원문·사진 검증본,164,"00:09:41,300 --> 00:09:42,220",0.92,정말?,오래 사귀어 본 적이 없어요.,그래도 한 백 명쯤 되는 거 아냐?,중립·혼합형,,,,,88.0,90.0,50.0,78.0,12.0,0.30958,42.0,14.0,0.0,0.0,1.0,정말?,응.,일본어 원문 + 타임스탬프 사진 + 장면 연속성,23.52,T4,구조검사 통과 시 유지,,69.63141025641025,42.89,P3,말투·질문응답·가독성 위주 검토
ABF-303,원문·사진 검증본,165,"00:09:44,440 --> 00:09:45,960",1.52,그래도 한 백 명쯤 되는 거 아냐?,정말?,아니에요. 백 명이라뇨…,중립·혼합형,,,일본어 원문 대조 + 자연스러운 한국어 대사 교정,높음,96.0,90.0,50.0,92.0,4.0,0.77835,0.0,5.0,0.0,0.0,0.4368,서 있는 거 아냐?,완전히 선 거 아니야?,일본어 원문 대조 + 자연스러운 한국어 대사 교정,24.29,T4,구조검사 통과 시 유지,,73.03685897435898,44.76,P3,말투·질문응답·가독성 위주 검토
ABF-303,원문·사진 검증본,166,"00:09:46,520 --> 00:09:48,480",1.96,아니에요. 백 명이라뇨…,그래도 한 백 명쯤 되는 거 아냐?,정말…,반응형,,,일본어 원문 대조 + 자연스러운 한국어 대사 교정,높음,96.0,90.0,50.0,92.0,4.0,0.64819,0.0,5.0,0.0,0.0,0.3904,"손이 아니라, 손은 아니에요.",손 말고 혀로 해 주세요.,사진 장면 확인 및 한국어 번역투·ASR 오역 교정,20.35,T4,구조검사 통과 시 유지,,51.76282051282052,33.54,P4,회귀검사 통과 시 유지
ABF-303,원문·사진 검증본,167,"00:09:49,080 --> 00:09:50,480",1.4,정말…,아니에요. 백 명이라뇨…,없어?,중립·혼합형,,,,,88.0,90.0,50.0,78.0,12.0,0.29421,0.0,14.0,0.0,0.0,0.1857,정말 좋아.,거기 좋아.,타임스탬프 사진과 장면 흐름으로 명백한 오인식 교정,15.32,T4,구조검사 통과 시 유지,,27.884615384615387,20.6,P4,회귀검사 통과 시 유지
ABF-303,원문·사진 검증본,168,"00:09:50,480 --> 00:09:51,520",1.04,없어?,정말…,음…,반응형,,,,,88.0,90.0,50.0,78.0,12.0,0.30298,42.0,14.0,0.0,0.0,1.0,없어?,진짜로?,일본어 원문 대조 + 자연스러운 한국어 대사 교정,23.24,T4,구조검사 통과 시 유지,,67.94871794871796,42.02,P3,말투·질문응답·가독성 위주 검토
ABF-303,원문·사진 검증본,169,"00:09:51,540 --> 00:09:52,060",0.52,음…,없어?,사귀었을 때 데이트 같은 건 가봤어?,중립·혼합형,,,,,88.0,90.0,50.0,78.0,12.0,0.14699,0.0,14.0,0.0,0.0,0.0907,음...,음…,,9.13,T4,구조검사 통과 시 유지,,8.814102564102564,9.0,P4,회귀검사 통과 시 유지
ABF-303,원문·사진 검증본,170,"00:09:53,020 --> 00:09:54,900",1.88,사귀었을 때 데이트 같은 건 가봤어?,음…,음…,중립·혼합형,,,,,88.0,90.0,50.0,78.0,12.0,0.5331,0.0,14.0,0.0,0.0,0.1618,휴식? 휴식 같은 건 없어.,쉬어? 쉴 틈은 없어.,사진 장면 확인 및 한국어 번역투·ASR 오역 교정,25.35,T4,구조검사 통과 시 유지,,76.4823717948718,46.83,P3,말투·질문응답·가독성 위주 검토
ABF-303,원문·사진 검증본,171,"00:09:55,620 --> 00:09:57,460",1.84,음…,사귀었을 때 데이트 같은 건 가봤어?,음…,중립·혼합형,,,,,88.0,90.0,50.0,78.0,12.0,0.0829,0.0,14.0,0.0,0.0,0.0907,음...,음…,,6.44,T4,구조검사 통과 시 유지,,3.926282051282051,5.38,P4,회귀검사 통과 시 유지
ABF-303,원문·사진 검증본,172,"00:09:57,460 --> 00:09:57,980",0.52,음…,음…,어디 갔다던가?,중립·혼합형,,,,,88.0,90.0,50.0,78.0,12.0,0.14878,0.0,14.0,0.0,0.0,0.0907,음...,음…,,9.21,T4,구조검사 통과 시 유지,,8.974358974358974,9.11,P4,회귀검사 통과 시 유지
ABF-303,원문·사진 검증본,173,"00:09:57,980 --> 00:09:58,420",0.44,어디 갔다던가?,음…,"어, 어디였더라…",반응형,,,,,88.0,90.0,50.0,78.0,12.0,0.3996,0.0,14.0,0.0,0.0,0.2152,"그러게, 어디 갔지?",완전 비스듬해졌네.,,19.74,T4,구조검사 통과 시 유지,,48.4375,31.79,P4,회귀검사 통과 시 유지
ABF-303,원문·사진 검증본,174,"00:09:58,540 --> 00:09:59,840",1.3,"어, 어디였더라…",어디 갔다던가?,제일 길어도 석 달 정도였어요.,반응형,,,,,88.0,90.0,50.0,78.0,12.0,0.38084,0.0,14.0,0.0,0.0,0.2221,"어, 뭐 좀 해 줘.",양치 좀 해 줘.,손상된 일본어 ASR + 타임스탬프 사진 + 앞뒤 문맥 추론,18.96,T4,구조검사 통과 시 유지,,44.190705128205124,29.56,P4,회귀검사 통과 시 유지
ABF-303,원문·사진 검증본,175,"00:09:59,840 --> 00:10:03,220",3.38,제일 길어도 석 달 정도였어요.,"어, 어디였더라…",응…,반응형,,,일본어 원문 대조 + 자연스러운 한국어 대사 교정,높음,96.0,90.0,50.0,92.0,4.0,0.67028,0.0,5.0,0.0,0.0,0.1222,"이게 제일 흥분되잖아, 너도.",이렇게 하는 게 제일 흥분되잖아. 너도 그렇지?,대화체 자연화,21.02,T4,구조검사 통과 시 유지,,55.92948717948718,35.68,P4,회귀검사 통과 시 유지
ABF-303,원문·사진 검증본,176,"00:10:03,220 --> 00:10:03,480",0.26,응…,제일 길어도 석 달 정도였어요.,전부 합쳐도요…,반응형,,,,,88.0,90.0,50.0,78.0,12.0,0.2374,0.0,14.0,0.0,0.0,0.3582,응… [안전상 번역 불가]…,응… [불명]…,,12.93,T4,구조검사 통과 시 유지,,19.230769230769234,15.58,P4,회귀검사 통과 시 유지
ABF-303,원문·사진 검증본,177,"00:10:04,260 --> 00:10:04,780",0.52,전부 합쳐도요…,응…,"그럼 말이야, 그럼…",중립·혼합형,,,일본어 원문 대조 + 자연스러운 한국어 대사 교정,높음,96.0,90.0,50.0,92.0,4.0,0.52127,0.0,5.0,0.0,0.0,0.1736,다 합쳐서…,전부 합쳐도요…,일본어 원문 대조 + 자연스러운 한국어 대사 교정,16.51,T4,구조검사 통과 시 유지,,32.25160256410257,23.12,P4,회귀검사 통과 시 유지
ABF-303,원문·사진 검증본,178,"00:10:04,780 --> 00:10:06,240",1.46,"그럼 말이야, 그럼…",전부 합쳐도요…,서로 집에는 가?,반말형,,,,,88.0,90.0,50.0,78.0,12.0,0.43443,0.0,14.0,0.0,0.0,0.4477,"이거 말이야, 할 수 있는 게.",이렇게도 할 수 있네.,사진 장면 확인 및 한국어 번역투·ASR 오역 교정,21.21,T4,구조검사 통과 시 유지,,57.171474358974365,36.31,P4,회귀검사 통과 시 유지
ABF-303,원문·사진 검증본,179,"00:10:06,240 --> 00:10:07,280",1.04,서로 집에는 가?,"그럼 말이야, 그럼…",놀러 가는 거야?,중립·혼합형,,,,,88.0,90.0,50.0,78.0,12.0,0.42995,0.0,14.0,0.0,0.0,0.2702,어디로 가?,여기?,일본어 원문 대조 + 자연스러운 한국어 대사 교정,21.02,T4,구조검사 통과 시 유지,,55.92948717948718,35.68,P4,회귀검사 통과 시 유지
ABF-303,원문·사진 검증본,180,"00:10:08,400 --> 00:10:09,500",1.1,놀러 가는 거야?,서로 집에는 가?,누구 집으로 가?,반말형,,,,,88.0,90.0,50.0,78.0,12.0,0.3891,0.0,14.0,0.0,0.0,0.3132,끼우는 거야?,끼는 거지?,일본어 원문 대조 + 자연스러운 한국어 대사 교정,19.3,T4,구조검사 통과 시 유지,,46.03365384615385,30.53,P4,회귀검사 통과 시 유지
ABF-303,원문·사진 검증본,181,"00:10:09,500 --> 00:10:10,880",1.38,누구 집으로 가?,놀러 가는 거야?,장거리 연애였어서…,반응형,,,,,88.0,90.0,50.0,78.0,12.0,0.50408,0.0,14.0,0.0,0.0,0.254,어디로 가?,여기?,일본어 원문 대조 + 자연스러운 한국어 대사 교정,24.13,T4,구조검사 통과 시 유지,,72.43589743589743,44.42,P3,말투·질문응답·가독성 위주 검토
ABF-303,원문·사진 검증본,182,"00:10:11,020 --> 00:10:13,800",2.78,장거리 연애였어서…,누구 집으로 가?,러브호텔?,반응형,,,일본어 원문 대조 + 자연스러운 한국어 대사 교정,높음,96.0,90.0,50.0,92.0,4.0,0.5762,0.0,5.0,0.0,0.0,0.2438,"아뇨, 집순이였어서…",장거리 연애였어서…,일본어 원문 대조 + 자연스러운 한국어 대사 교정,18.17,T4,구조검사 통과 시 유지,,40.705128205128204,27.63,P4,회귀검사 통과 시 유지
ABF-303,원문·사진 검증본,183,"00:10:13,800 --> 00:10:14,620",0.82,러브호텔?,장거리 연애였어서…,네…,중립·혼합형,,,일본어 원문 대조 + 자연스러운 한국어 대사 교정,높음,96.0,90.0,50.0,92.0,4.0,0.48536,0.0,5.0,0.0,0.0,0.4654,러브호텔 가고…,러브호텔에 가고…,일본어 원문 대조 + 자연스러운 한국어 대사 교정,15.43,T4,구조검사 통과 시 유지,,28.565705128205128,20.95,P4,회귀검사 통과 시 유지
ABF-303,원문·사진 검증본,184,"00:10:15,040 --> 00:10:15,700",0.66,네…,러브호텔?,러브호텔에 가고…,반말형,,,,,88.0,90.0,50.0,78.0,12.0,0.30679,0.0,14.0,0.0,0.0,0.2112,감성 돋네…,진짜 분위기 있겠다.,일본어 원문 대조 + 자연스러운 한국어 대사 교정,15.85,T4,구조검사 통과 시 유지,,29.727564102564102,21.68,P4,회귀검사 통과 시 유지
ABF-303,원문·사진 검증본,185,"00:10:16,520 --> 00:10:17,820",1.3,러브호텔에 가고…,네…,응…,중립·혼합형,,,일본어 원문 대조 + 자연스러운 한국어 대사 교정,높음,96.0,90.0,50.0,92.0,4.0,0.57375,7.88,5.0,0.0,0.0,0.7157,러브호텔 가고…,러브호텔에 가고…,일본어 원문 대조 + 자연스러운 한국어 대사 교정,19.12,T4,구조검사 통과 시 유지,,45.032051282051285,30.0,P4,회귀검사 통과 시 유지
ABF-303,원문·사진 검증본,186,"00:10:17,820 --> 00:10:18,700",0.88,응…,러브호텔에 가고…,그다음엔?,반응형,,,,,88.0,90.0,50.0,78.0,12.0,0.30227,0.0,14.0,0.0,0.0,0.3582,응… [안전상 번역 불가]…,응… [불명]…,,15.66,T4,구조검사 통과 시 유지,,29.166666666666668,21.33,P4,회귀검사 통과 시 유지
ABF-303,원문·사진 검증본,187,"00:10:18,700 --> 00:10:19,360",0.66,그다음엔?,응…,응…,중립·혼합형,,,손상된 일본어 ASR + 타임스탬프 사진 + 앞뒤 문맥 추론,중간,38.0,78.0,50.0,78.0,62.0,0.43982,0.0,14.0,0.0,0.0,0.2585,"그다음에는, 그다음에는…",그리고 또 어디 갔어?,손상된 일본어 ASR + 타임스탬프 사진 + 앞뒤 문맥 추론,24.43,T4,구조검사 통과 시 유지,,73.4375,45.01,P3,말투·질문응답·가독성 위주 검토
ABF-303,원문·사진 검증본,188,"00:10:19,600 --> 00:10:20,500",0.9,응…,그다음엔?,뭐 좀 먹고…,반응형,,,,,88.0,90.0,50.0,78.0,12.0,0.41578,0.0,14.0,0.0,0.0,0.3582,응… [안전상 번역 불가]…,응… [불명]…,,20.42,T4,구조검사 통과 시 유지,,52.483974358974365,33.89,P4,회귀검사 통과 시 유지
ABF-303,원문·사진 검증본,189,"00:10:22,220 --> 00:10:23,720",1.5,뭐 좀 먹고…,응…,그리고…,중립·혼합형,,,일본어 원문 대조 + 자연스러운 한국어 대사 교정,높음,96.0,90.0,50.0,92.0,4.0,0.68022,2.96,5.0,0.0,0.0,0.6746,그걸 먹고…,뭐 좀 먹고…,일본어 원문 대조 + 자연스러운 한국어 대사 교정,21.7,T4,구조검사 통과 시 유지,,60.256410256410255,37.89,P4,회귀검사 통과 시 유지
ABF-303,원문·사진 검증본,190,"00:10:24,780 --> 00:10:25,620",0.84,그리고…,뭐 좀 먹고…,맥주도 시원하게 마시고…,중립·혼합형,,,일본어 원문 대조 + 자연스러운 한국어 대사 교정,높음,96.0,90.0,50.0,92.0,4.0,0.53574,42.0,5.0,0.0,0.0,1.0,그리고…,그리고 이제…,,22.39,T4,구조검사 통과 시 유지,,64.0224358974359,39.88,P4,회귀검사 통과 시 유지
ABF-303,원문·사진 검증본,191,"00:10:25,620 --> 00:10:27,240",1.62,맥주도 시원하게 마시고…,그리고…,완전 술 좋아하는 사람 같네.,중립·혼합형,,,일본어 원문 대조 + 자연스러운 한국어 대사 교정,높음,96.0,90.0,50.0,92.0,4.0,0.64105,0.0,5.0,0.0,0.0,0.5266,쭉 마시고…,한 번에 쭉…,일본어 원문 대조 + 자연스러운 한국어 대사 교정,20.13,T4,구조검사 통과 시 유지,,50.56089743589743,32.91,P4,회귀검사 통과 시 유지
ABF-303,원문·사진 검증본,192,"00:10:27,240 --> 00:10:28,760",1.52,완전 술 좋아하는 사람 같네.,맥주도 시원하게 마시고…,응…,반응형,,,일본어 원문 대조 + 자연스러운 한국어 대사 교정,높음,96.0,90.0,50.0,92.0,4.0,0.72748,0.0,5.0,0.0,0.0,0.339,다리 좋아하는 남자.,다리 좋아하는 남자 많잖아.,일본어 원문 대조 + 자연스러운 한국어 대사 교정,22.75,T4,구조검사 통과 시 유지,,65.86538461538461,40.86,P3,말투·질문응답·가독성 위주 검토
ABF-303,원문·사진 검증본,193,"00:10:28,760 --> 00:10:29,500",0.74,응…,완전 술 좋아하는 사람 같네.,맥주를 쭉 들이켜고…,반응형,,,,,88.0,90.0,50.0,78.0,12.0,0.25186,0.0,14.0,0.0,0.0,0.3582,응… [안전상 번역 불가]…,응… [불명]…,,13.54,T4,구조검사 통과 시 유지,,21.634615384615387,16.94,P4,회귀검사 통과 시 유지
ABF-303,원문·사진 검증본,194,"00:10:32,500 --> 00:10:33,500",1.0,맥주를 쭉 들이켜고…,응…,한 번에 쭉…,중립·혼합형,,,일본어 원문 대조 + 자연스러운 한국어 대사 교정,높음,96.0,90.0,50.0,92.0,4.0,0.64387,0.0,5.0,0.0,0.0,0.5196,맥주를 쭉 마시고…,맥주를 쭉 들이켜고…,일본어 원문 대조 + 자연스러운 한국어 대사 교정,20.22,T4,구조검사 통과 시 유지,,51.20192307692307,33.23,P4,회귀검사 통과 시 유지
ABF-303,원문·사진 검증본,195,"00:10:34,680 --> 00:10:36,500",1.82,한 번에 쭉…,맥주를 쭉 들이켜고…,아…,중립·혼합형,,,일본어 원문 대조 + 자연스러운 한국어 대사 교정,높음,96.0,90.0,50.0,92.0,4.0,0.53268,0.0,5.0,0.0,0.0,0.3896,한 번에 하자. 뭔가…,이제 자자. 불도 조금 어둡게 해 줘.,사진 장면 확인 및 한국어 번역투·ASR 오역 교정,16.86,T4,구조검사 통과 시 유지,,34.21474358974359,24.15,P4,회귀검사 통과 시 유지
ABF-303,원문·사진 검증본,196,"00:10:37,480 --> 00:10:38,440",0.96,아…,한 번에 쭉…,다 마셨네요.,반응형,,,,,88.0,90.0,50.0,78.0,12.0,0.12295,10.78,14.0,0.0,0.0,0.7398,"싫어, 아… 아… 아…",싫어… 아… 아…,일본어 원문 대조 + 자연스러운 한국어 대사 교정,10.06,T4,구조검사 통과 시 유지,,11.217948717948719,10.55,P4,회귀검사 통과 시 유지
ABF-303,원문·사진 검증본,197,"00:10:38,440 --> 00:10:40,480",2.04,다 마셨네요.,아…,죄송해요…,반말형,,,,,88.0,90.0,50.0,78.0,12.0,0.27559,0.0,14.0,0.0,0.0,0.2075,"아, 안녕하세요. 정말 아름다운 분이 와 주셨네요.","아, 안녕하세요. 정말 아름다운 분이 오셨네요.",첫 만남 대사 자연화,14.53,T4,구조검사 통과 시 유지,,25.20032051282051,19.01,P4,회귀검사 통과 시 유지
ABF-303,원문·사진 검증본,198,"00:10:40,980 --> 00:10:42,340",1.36,죄송해요…,다 마셨네요.,특이한 장소에서 해본 적 있어?,반말형,,,,,88.0,90.0,50.0,78.0,12.0,0.1433,0.0,14.0,0.0,0.0,0.4426,"하앗, 죄송해요.","하앗, 기분 좋아요.",장면·앞뒤 반응 복원,8.98,T4,구조검사 통과 시 유지,,8.333333333333332,8.71,P4,회귀검사 통과 시 유지
ABF-303,원문·사진 검증본,199,"00:10:43,480 --> 00:10:45,720",2.24,특이한 장소에서 해본 적 있어?,죄송해요…,음…,반응형,,,,,88.0,90.0,50.0,78.0,12.0,0.46124,0.0,14.0,0.0,0.0,0.3838,해 본 적 있어?,해 봤어?,일본어 원문 대조 + 자연스러운 한국어 대사 교정,22.33,T4,구조검사 통과 시 유지,,63.62179487179487,39.67,P4,회귀검사 통과 시 유지
ABF-303,원문·사진 검증본,200,"00:10:46,060 --> 00:10:46,500",0.44,음…,특이한 장소에서 해본 적 있어?,어떤 게 있을까요?,중립·혼합형,,,,,88.0,90.0,50.0,78.0,12.0,0.12397,0.0,14.0,0.0,0.0,0.0907,음...,음…,,8.17,T4,구조검사 통과 시 유지,,6.450320512820514,7.45,P4,회귀검사 통과 시 유지
ABF-303,원문·사진 검증본,201,"00:10:50,580 --> 00:10:52,900",2.32,어떤 게 있을까요?,음…,아이디어로는…,반응형,,,,,88.0,90.0,50.0,78.0,12.0,0.3383,0.0,14.0,0.0,0.0,0.2217,참을 수 있을까...,참을 수 있을까…,,17.17,T4,구조검사 통과 시 유지,,36.09775641025641,25.12,P4,회귀검사 통과 시 유지
ABF-303,원문·사진 검증본,202,"00:10:53,420 --> 00:10:55,200",1.78,아이디어로는…,어떤 게 있을까요?,아이디어는 여러 가지 있어요…,반응형,,,,,88.0,90.0,50.0,78.0,12.0,0.17962,0.0,14.0,0.0,0.0,0.1258,아이.,아…,,10.5,T4,구조검사 통과 시 유지,,13.060897435897436,11.58,P4,회귀검사 통과 시 유지
ABF-303,원문·사진 검증본,203,"00:10:55,200 --> 00:10:56,780",1.58,아이디어는 여러 가지 있어요…,아이디어로는…,야외…,반응형,,,,,88.0,90.0,50.0,78.0,12.0,0.47679,0.0,14.0,0.0,0.0,0.2743,보너스 장면은 아직 남아 있어요…,아직 끝난 거 아니야.,타임스탬프 사진과 장면 흐름으로 명백한 오인식 교정,22.99,T4,구조검사 통과 시 유지,,67.1474358974359,41.54,P3,말투·질문응답·가독성 위주 검토
ABF-303,원문·사진 검증본,204,"00:10:56,780 --> 00:10:57,540",0.76,야외…,아이디어는 여러 가지 있어요…,불꽃축제가 끝난 뒤라든가…,반말형,,,,,88.0,90.0,50.0,78.0,12.0,0.23494,0.0,14.0,0.0,0.0,0.069,야하네.,여긴 지저분하네.,화면 영문 자막 대조,12.83,T4,구조검사 통과 시 유지,,19.070512820512818,15.45,P4,회귀검사 통과 시 유지
ABF-303,원문·사진 검증본,205,"00:10:58,640 --> 00:11:00,820",2.18,불꽃축제가 끝난 뒤라든가…,야외…,왠지…,중립·혼합형,,,일본어 원문 대조 + 자연스러운 한국어 대사 교정,높음,96.0,90.0,50.0,92.0,4.0,0.69321,0.0,5.0,0.0,0.0,0.4497,불꽃축제 끝난 뒤에…,불꽃축제가 끝난 뒤라든가…,일본어 원문 대조 + 자연스러운 한국어 대사 교정,21.71,T4,구조검사 통과 시 유지,,60.33653846153846,37.93,P4,회귀검사 통과 시 유지
ABF-303,원문·사진 검증본,206,"00:11:00,820 --> 00:11:01,500",0.68,왠지…,불꽃축제가 끝난 뒤라든가…,밖에서 해 버린다든가.,반말형,,,,,88.0,90.0,50.0,78.0,12.0,0.29042,0.0,14.0,0.0,0.0,0.2229,"왠지, 아.","아, 뭐야.",일본어 원문 대조 + 자연스러운 한국어 대사 교정,15.16,T4,구조검사 통과 시 유지,,27.083333333333332,20.17,P4,회귀검사 통과 시 유지
ABF-303,원문·사진 검증본,207,"00:11:02,020 --> 00:11:03,500",1.48,밖에서 해 버린다든가.,왠지…,옛날에…,반말형,,,,,88.0,90.0,50.0,78.0,12.0,0.49246,0.0,14.0,0.0,0.0,0.1173,"아, 싸버린다!","아, 싸 버린다!",,23.64,T4,구조검사 통과 시 유지,,70.4326923076923,43.29,P3,말투·질문응답·가독성 위주 검토
ABF-303,원문·사진 검증본,208,"00:11:04,380 --> 00:11:05,500",1.12,옛날에…,밖에서 해 버린다든가.,분위기 있잖아.,중립·혼합형,,,,,88.0,90.0,50.0,78.0,12.0,0.23464,0.0,14.0,0.0,0.0,0.1255,후와 씨 나이에…,후우아 씨 나이 때 한 번 도전했다가…,이름 및 문장 연결 교정,12.81,T4,구조검사 통과 시 유지,,18.990384615384613,15.41,P4,회귀검사 통과 시 유지
ABF-303,원문·사진 검증본,209,"00:11:06,960 --> 00:11:08,480",1.52,분위기 있잖아.,옛날에…,그런 분위기 좋지.,반응형,,,,,88.0,90.0,50.0,78.0,12.0,0.47148,0.0,14.0,0.0,0.0,0.5986,서 있잖아.,완전히 서 있잖아.,일본어 원문 대조 + 자연스러운 한국어 대사 교정,22.76,T4,구조검사 통과 시 유지,,65.98557692307693,40.91,P3,말투·질문응답·가독성 위주 검토
ABF-303,원문·사진 검증본,210,"00:11:08,480 --> 00:11:10,340",1.86,그런 분위기 좋지.,분위기 있잖아.,불꽃축제가 끝난 뒤에 말이야…,반말형,,,일본어 원문 대조 + 자연스러운 한국어 대사 교정,높음,96.0,90.0,50.0,92.0,4.0,0.65583,0.0,5.0,0.0,0.0,0.5491,분위기 있지.,그런 분위기 좋지.,일본어 원문 대조 + 자연스러운 한국어 대사 교정,20.58,T4,구조검사 통과 시 유지,,53.28525641025641,34.32,P4,회귀검사 통과 시 유지
ABF-303,원문·사진 검증본,211,"00:11:10,340 --> 00:11:14,240",3.9,불꽃축제가 끝난 뒤에 말이야…,그런 분위기 좋지.,진짜 분위기 있겠다.,반말형,,,일본어 원문 대조 + 자연스러운 한국어 대사 교정,높음,96.0,90.0,50.0,92.0,4.0,0.69216,0.0,5.0,0.0,0.0,0.5158,불꽃축제 끝난 뒤에…,불꽃축제가 끝난 뒤라든가…,일본어 원문 대조 + 자연스러운 한국어 대사 교정,21.68,T4,구조검사 통과 시 유지,,60.056089743589745,37.8,P4,회귀검사 통과 시 유지
ABF-303,원문·사진 검증본,212,"00:11:14,240 --> 00:11:14,740",0.5,진짜 분위기 있겠다.,불꽃축제가 끝난 뒤에 말이야…,그 뒤에 제대로 해 보고 싶네.,중립·혼합형,,,일본어 원문 대조 + 자연스러운 한국어 대사 교정,높음,96.0,90.0,50.0,92.0,4.0,0.62879,0.0,5.0,25.0,0.0,0.4554,분위기 있지.,그런 분위기 좋지.,일본어 원문 대조 + 자연스러운 한국어 대사 교정,21.56,T4,구조검사 통과 시 유지,borderline_cps,59.41506410256411,37.46,P4,회귀검사 통과 시 유지
ABF-303,원문·사진 검증본,213,"00:11:14,740 --> 00:11:16,920",2.18,그 뒤에 제대로 해 보고 싶네.,진짜 분위기 있겠다.,정말로…,반말형,,,일본어 원문 대조 + 자연스러운 한국어 대사 교정,높음,96.0,90.0,50.0,92.0,4.0,0.68788,0.0,5.0,0.0,0.0,0.6032,그 뒤에 제대로 하고 싶네…,그 뒤에 제대로 해 보고 싶네.,일본어 원문 대조 + 자연스러운 한국어 대사 교정,21.55,T4,구조검사 통과 시 유지,,59.254807692307686,37.39,P4,회귀검사 통과 시 유지
ABF-303,원문·사진 검증본,214,"00:11:16,920 --> 00:11:17,680",0.76,정말로…,그 뒤에 제대로 해 보고 싶네.,정말로…,중립·혼합형,,,,,88.0,90.0,50.0,78.0,12.0,0.23348,0.0,14.0,0.0,0.0,0.3415,정말로.,진짜로.,일본어 원문 대조 + 자연스러운 한국어 대사 교정,12.77,T4,구조검사 통과 시 유지,,18.91025641025641,15.35,P4,회귀검사 통과 시 유지
ABF-303,원문·사진 검증본,215,"00:11:17,680 --> 00:11:33,480",15.8,정말로…,정말로…,"아, 불꽃축제네요. 작년에는 왔었어?",중립·혼합형,,,,,88.0,90.0,50.0,78.0,12.0,0.17698,0.0,14.0,0.0,0.0,0.3415,정말로.,진짜로.,일본어 원문 대조 + 자연스러운 한국어 대사 교정,10.39,T4,구조검사 통과 시 유지,,12.580128205128204,11.31,P4,회귀검사 통과 시 유지
ABF-303,원문·사진 검증본,216,"00:11:33,480 --> 00:11:36,920",3.44,"아, 불꽃축제네요. 작년에는 왔었어?",정말로…,"아뇨, 별로 와본 적 없어요.",반응형,,,,,88.0,90.0,50.0,78.0,12.0,0.49493,0.0,14.0,0.0,0.0,0.2402,불꽃축제 끝난 뒤에…,불꽃축제가 끝난 뒤라든가…,일본어 원문 대조 + 자연스러운 한국어 대사 교정,23.75,T4,구조검사 통과 시 유지,,70.87339743589743,43.54,P3,말투·질문응답·가독성 위주 검토
ABF-303,원문·사진 검증본,217,"00:11:37,720 --> 00:11:39,520",1.8,"아뇨, 별로 와본 적 없어요.","아, 불꽃축제네요. 작년에는 왔었어?",왠지 잘 어울릴 것 같아서.,반응형,,,,,88.0,90.0,50.0,78.0,12.0,0.39218,0.0,14.0,0.0,0.0,0.379,아무도 없어요.,아무도 안 보잖아.,타임스탬프 사진과 장면 흐름으로 명백한 오인식 교정,19.43,T4,구조검사 통과 시 유지,,46.9150641025641,30.97,P4,회귀검사 통과 시 유지
ABF-303,원문·사진 검증본,218,"00:11:40,560 --> 00:11:42,000",1.44,왠지 잘 어울릴 것 같아서.,"아뇨, 별로 와본 적 없어요.",대여 같은 것도 있었나?,반응형,,,,,88.0,90.0,50.0,78.0,12.0,0.41963,0.0,14.0,0.0,0.0,0.2151,왠지 알겠어.,어떻게 알았어?,손상된 일본어 ASR + 타임스탬프 사진 + 앞뒤 문맥 추론,20.58,T4,구조검사 통과 시 유지,,53.28525641025641,34.32,P4,회귀검사 통과 시 유지
ABF-303,원문·사진 검증본,219,"00:11:42,380 --> 00:11:43,380",1.0,대여 같은 것도 있었나?,왠지 잘 어울릴 것 같아서.,"어, 그런 거?",중립·혼합형,,,,,88.0,90.0,50.0,78.0,12.0,0.40693,0.0,14.0,0.0,0.0,0.4889,빼낸 적이 있었나?,아까 뺐던가?,손상된 일본어 ASR + 타임스탬프 사진 + 앞뒤 문맥 추론,20.05,T4,구조검사 통과 시 유지,,49.919871794871796,32.6,P4,회귀검사 통과 시 유지
ABF-303,원문·사진 검증본,220,"00:11:44,000 --> 00:11:45,000",1.0,"어, 그런 거?",대여 같은 것도 있었나?,몰라요.,반응형,,,,,88.0,90.0,50.0,78.0,12.0,0.35129,0.0,14.0,0.0,0.0,0.3772,어떻게 먹는 거?,어떤 식으로?,일본어 원문 대조 + 자연스러운 한국어 대사 교정,17.71,T4,구조검사 통과 시 유지,,38.421474358974365,26.41,P4,회귀검사 통과 시 유지
ABF-303,원문·사진 검증본,221,"00:11:45,120 --> 00:11:45,420",0.3,몰라요.,"어, 그런 거?",왔었구나.,중립·혼합형,,,,,88.0,90.0,50.0,78.0,12.0,0.2545,0.0,14.0,0.0,0.0,0.1628,여기서 잘지도 몰라.,"응, 들어왔어.",일본어 원문 + 타임스탬프 사진 + 장면 연속성,13.65,T4,구조검사 통과 시 유지,,21.834935897435898,17.09,P4,회귀검사 통과 시 유지
ABF-303,원문·사진 검증본,222,"00:11:45,840 --> 00:11:46,660",0.82,왔었구나.,몰라요.,내일은 입을 거야?,중립·혼합형,,,,,88.0,90.0,50.0,78.0,12.0,0.2149,0.0,14.0,0.0,0.0,0.371,생각하고 있었구나.,역시 생각하고 있었구나.,일본어 원문 대조 + 자연스러운 한국어 대사 교정,11.99,T4,구조검사 통과 시 유지,,16.786858974358974,14.0,P4,회귀검사 통과 시 유지
ABF-303,원문·사진 검증본,223,"00:11:47,720 --> 00:11:48,500",0.78,내일은 입을 거야?,왔었구나.,"네, 입을래요!",반말형,,,,,88.0,90.0,50.0,78.0,12.0,0.38365,0.0,14.0,0.0,0.0,0.3192,"응, 입을 수 있어.","응, 정말 잘 어울려.",타임스탬프 사진과 앞뒤 장면으로 대사 기능 복원,19.07,T4,구조검사 통과 시 유지,,44.71153846153847,29.84,P4,회귀검사 통과 시 유지
ABF-303,원문·사진 검증본,224,"00:11:48,680 --> 00:11:49,220",0.54,"네, 입을래요!",내일은 입을 거야?,"와, 대박.",반말형,,,,,88.0,90.0,50.0,78.0,12.0,0.1301,0.0,14.0,0.0,0.0,0.2945,"네, 네.",네.,불필요한 반복 제거,8.42,T4,구조검사 통과 시 유지,,6.891025641025641,7.78,P4,회귀검사 통과 시 유지
ABF-303,원문·사진 검증본,225,"00:11:51,340 --> 00:11:52,880",1.54,"와, 대박.","네, 입을래요!",다행이다.,중립·혼합형,,,,,88.0,90.0,50.0,78.0,12.0,0.18875,0.0,14.0,0.0,0.0,0.5655,에~ 대박.,에… 대박.,,10.89,T4,구조검사 통과 시 유지,,13.701923076923078,12.07,P4,회귀검사 통과 시 유지
ABF-303,원문·사진 검증본,226,"00:11:54,480 --> 00:11:55,120",0.64,다행이다.,"와, 대박.","입어본 적은 없지만, 잘 어울릴 것 같아.",중립·혼합형,,,,,88.0,90.0,50.0,78.0,12.0,0.10034,0.0,14.0,0.0,0.0,0.566,다행이다!,환영해!,사진 장면 확인 및 한국어 번역투·ASR 오역 교정,7.17,T4,구조검사 통과 시 유지,,4.887820512820513,6.21,P4,회귀검사 통과 시 유지
ABF-303,원문·사진 검증본,227,"00:11:57,620 --> 00:11:59,620",2.0,"입어본 적은 없지만, 잘 어울릴 것 같아.",다행이다.,무조건 잘 어울려.,반말형,,,,,88.0,90.0,50.0,78.0,12.0,0.58474,0.0,14.0,0.0,0.0,0.3543,"따를 생각은 없지만,",따를 생각은 없지만,,27.52,T4,구조검사 통과 시 유지,,82.53205128205127,50.63,P3,말투·질문응답·가독성 위주 검토
ABF-303,원문·사진 검증본,228,"00:12:01,380 --> 00:12:02,180",0.8,무조건 잘 어울려.,"입어본 적은 없지만, 잘 어울릴 것 같아.",경치 진짜 좋다.,반응형,,,,,88.0,90.0,50.0,78.0,12.0,0.41788,0.0,14.0,0.0,0.0,0.6438,정말 잘 어울려.,평소에도 목욕 자주 해?,일본어 원문 + 타임스탬프 사진 + 장면 연속성,20.51,T4,구조검사 통과 시 유지,,52.88461538461539,34.11,P4,회귀검사 통과 시 유지
ABF-303,원문·사진 검증본,229,"00:12:07,050 --> 00:12:08,470",1.42,경치 진짜 좋다.,무조건 잘 어울려.,바다다…!,중립·혼합형,,,,,88.0,90.0,50.0,78.0,12.0,0.5756,0.0,14.0,0.0,0.0,0.2368,진짜 엄청 좋아...,진짜 엄청 좋아…,,27.14,T4,구조검사 통과 시 유지,,81.65064102564102,50.03,P3,말투·질문응답·가독성 위주 검토
ABF-303,원문·사진 검증본,230,"00:12:08,990 --> 00:12:10,370",1.38,바다다…!,경치 진짜 좋다.,바다다!,중립·혼합형,,,,,88.0,90.0,50.0,78.0,12.0,0.13154,0.0,14.0,0.0,0.0,0.3318,넓다…!,넓다!,일본어 원문 대조 + 자연스러운 한국어 대사 교정,8.48,T4,구조검사 통과 시 유지,,7.051282051282051,7.88,P4,회귀검사 통과 시 유지
ABF-303,원문·사진 검증본,231,"00:12:10,610 --> 00:12:11,250",0.64,바다다!,바다다…!,바다 예쁘다.,중립·혼합형,,,일본어 원문 대조 + 자연스러운 한국어 대사 교정,높음,96.0,90.0,50.0,92.0,4.0,0.24148,0.0,5.0,0.0,0.0,0.139,바다 더럽네.,진짜 예쁘네.,일본어 원문 대조 + 자연스러운 한국어 대사 교정,8.05,T4,구조검사 통과 시 유지,,6.25,7.29,P4,회귀검사 통과 시 유지
ABF-303,원문·사진 검증본,232,"00:12:11,950 --> 00:12:12,930",0.98,바다 예쁘다.,바다다!,진짜 예쁘네.,중립·혼합형,,,일본어 원문 대조 + 자연스러운 한국어 대사 교정,높음,96.0,90.0,50.0,92.0,4.0,0.60303,4.77,5.0,0.0,0.0,0.6898,"오, 예쁘다.","와, 예쁘다.",일본어 원문 + 타임스탬프 사진 + 장면 연속성,19.6,T4,구조검사 통과 시 유지,,47.83653846153847,31.46,P4,회귀검사 통과 시 유지
ABF-303,원문·사진 검증본,233,"00:12:14,190 --> 00:12:14,690",0.5,진짜 예쁘네.,바다 예쁘다.,이쪽으로.,반말형,,,일본어 원문 대조 + 자연스러운 한국어 대사 교정,높음,96.0,90.0,50.0,92.0,4.0,0.47923,9.0,5.0,0.0,0.0,0.725,이거 예쁘네.,손으로 가리지 마.,일본어 원문 + 타임스탬프 사진 + 장면 연속성,16.41,T4,구조검사 통과 시 유지,,31.89102564102564,22.91,P4,회귀검사 통과 시 유지
ABF-303,원문·사진 검증본,234,"00:12:14,690 --> 00:12:14,930",0.24,이쪽으로.,진짜 예쁘네.,조심해.,반응형,,,,,88.0,90.0,50.0,78.0,12.0,0.28527,0.0,14.0,34.17,0.0,0.3791,이쪽으로 넣어 주세요...,이쪽으로 넣어 주세요…,,18.36,T4,구조검사 통과 시 유지,high_cps,41.506410256410255,28.08,P4,회귀검사 통과 시 유지
ABF-303,원문·사진 검증본,235,"00:12:16,490 --> 00:12:17,370",0.88,조심해.,이쪽으로.,조심해. 아직 내려가면 안 돼.,반말형,,,,,88.0,90.0,50.0,78.0,12.0,0.21326,0.0,14.0,0.0,0.0,0.5811,조심해. 지금은 안 되니까.,조심해. 아직 내려가면 안 돼.,일본어 원문 대조 + 자연스러운 한국어 대사 교정,11.92,T4,구조검사 통과 시 유지,,16.58653846153846,13.88,P4,회귀검사 통과 시 유지
ABF-303,원문·사진 검증본,236,"00:12:17,470 --> 00:12:18,990",1.52,조심해. 아직 내려가면 안 돼.,조심해.,조심해.,반응형,,,일본어 원문 대조 + 자연스러운 한국어 대사 교정,높음,96.0,90.0,50.0,92.0,4.0,0.67711,0.0,5.0,0.0,0.0,0.3716,조심해. 지금은 안 되니까.,조심해. 아직 내려가면 안 돼.,일본어 원문 대조 + 자연스러운 한국어 대사 교정,21.22,T4,구조검사 통과 시 유지,,57.331730769230774,36.39,P4,회귀검사 통과 시 유지
ABF-303,원문·사진 검증본,237,"00:12:20,390 --> 00:12:20,950",0.56,조심해.,조심해. 아직 내려가면 안 돼.,괜찮아?,반말형,,,,,88.0,90.0,50.0,78.0,12.0,0.26988,0.0,14.0,0.0,0.0,0.5811,조심해. 지금은 안 되니까.,조심해. 아직 내려가면 안 돼.,일본어 원문 대조 + 자연스러운 한국어 대사 교정,14.3,T4,구조검사 통과 시 유지,,24.358974358974358,18.52,P4,회귀검사 통과 시 유지
ABF-303,원문·사진 검증본,238,"00:12:21,030 --> 00:12:21,410",0.38,괜찮아?,조심해.,손 잡아 줄게.,반응형,,,,,88.0,90.0,50.0,78.0,12.0,0.23046,0.0,14.0,0.0,0.0,0.5244,더 해줘도 돼? 더 해줘. 괜찮아?,더 해 줘도 돼? 더 해 줘. 괜찮아?,,12.64,T4,구조검사 통과 시 유지,,18.509615384615387,15.11,P4,회귀검사 통과 시 유지
ABF-303,원문·사진 검증본,239,"00:12:22,090 --> 00:12:23,750",1.66,손 잡아 줄게.,괜찮아?,무슨 할아버지 같지 않아?,반응형,,,,,88.0,90.0,50.0,78.0,12.0,0.45042,16.55,14.0,0.0,0.0,0.7879,내가 잡아 줄게.,목욕하면서…,일본어 원문 + 타임스탬프 사진 + 장면 연속성,24.86,T4,구조검사 통과 시 유지,,75.0,45.92,P3,말투·질문응답·가독성 위주 검토
ABF-303,원문·사진 검증본,240,"00:12:25,070 --> 00:12:26,370",1.3,무슨 할아버지 같지 않아?,손 잡아 줄게.,그래도 바다 좋네.,반응형,,,,,88.0,90.0,50.0,78.0,12.0,0.6837,0.0,14.0,0.0,0.0,0.2808,너무 졸리지 않아?,눈썹도 예쁘네. 너무 진하지도 않고.,손상된 일본어 ASR + 타임스탬프 사진 + 앞뒤 문맥 추론,31.68,T4,구조검사 통과 시 유지,,90.86538461538461,56.54,P3,말투·질문응답·가독성 위주 검토
ABF-303,원문·사진 검증본,241,"00:12:26,930 --> 00:12:28,290",1.36,그래도 바다 좋네.,무슨 할아버지 같지 않아?,바람 좋다.,반말형,,,일본어 원문 대조 + 자연스러운 한국어 대사 교정,높음,96.0,90.0,50.0,92.0,4.0,0.60972,0.0,5.0,0.0,0.0,0.5862,그래도 바다 더럽네.,그래도 바다 좋네.,일본어 원문 대조 + 자연스러운 한국어 대사 교정,19.19,T4,구조검사 통과 시 유지,,45.3525641025641,30.18,P4,회귀검사 통과 시 유지
ABF-303,원문·사진 검증본,242,"00:12:28,970 --> 00:12:29,810",0.84,바람 좋다.,그래도 바다 좋네.,눈 감고 있어.,중립·혼합형,,,일본어 원문 대조 + 자연스러운 한국어 대사 교정,높음,96.0,90.0,50.0,92.0,4.0,0.57188,0.0,5.0,0.0,0.0,0.295,바람 쐬는 사람들이 있네.,이쪽도 해 줘.,일본어 원문 + 타임스탬프 사진 + 장면 연속성,18.04,T4,구조검사 통과 시 유지,,40.26442307692308,27.37,P4,회귀검사 통과 시 유지
ABF-303,원문·사진 검증본,243,"00:12:30,250 --> 00:12:30,850",0.6,눈 감고 있어.,바람 좋다.,"응, 진짜네.",반응형,,,,,88.0,90.0,50.0,78.0,12.0,0.43218,0.0,14.0,0.0,0.0,0.3561,뒤에 있어.,뒤쪽도 보여 줘.,일본어 원문 대조 + 자연스러운 한국어 대사 교정,21.11,T4,구조검사 통과 시 유지,,56.370192307692314,35.92,P4,회귀검사 통과 시 유지
ABF-303,원문·사진 검증본,244,"00:12:31,350 --> 00:12:32,790",1.44,"응, 진짜네.",눈 감고 있어.,눈부시네.,반응형,,,,,88.0,90.0,50.0,78.0,12.0,0.33667,0.0,14.0,0.0,0.0,0.3378,진짜네?,진짜?,일본어 원문 대조 + 자연스러운 한국어 대사 교정,17.1,T4,구조검사 통과 시 유지,,35.657051282051285,24.89,P4,회귀검사 통과 시 유지
ABF-303,원문·사진 검증본,245,"00:12:35,010 --> 00:12:35,810",0.8,눈부시네.,"응, 진짜네.",바다에 왔어.,반말형,,,,,88.0,90.0,50.0,78.0,12.0,0.22273,0.0,14.0,0.0,0.0,0.0542,좋네.,좋아.,일본어 원문 대조 + 자연스러운 한국어 대사 교정,12.31,T4,구조검사 통과 시 유지,,17.38782051282051,14.44,P4,회귀검사 통과 시 유지
ABF-303,원문·사진 검증본,246,"00:12:36,630 --> 00:12:37,570",0.94,바다에 왔어.,눈부시네.,넓다!,반응형,,,,,88.0,90.0,50.0,78.0,12.0,0.42888,0.0,14.0,0.0,0.0,0.1828,깊이 들어왔어.,엄청 깊이 들어갔어.,손상된 일본어 ASR + 타임스탬프 사진 + 앞뒤 문맥 추론,20.97,T4,구조검사 통과 시 유지,,55.368589743589745,35.42,P4,회귀검사 통과 시 유지
ABF-303,원문·사진 검증본,247,"00:12:37,790 --> 00:12:38,650",0.86,넓다!,바다에 왔어.,오늘 바다는 어때요?,중립·혼합형,,,일본어 원문 대조 + 자연스러운 한국어 대사 교정,높음,96.0,90.0,50.0,92.0,4.0,0.18038,0.0,5.0,0.0,0.0,0.2942,넓다…!,넓다!,일본어 원문 대조 + 자연스러운 한국어 대사 교정,6.2,T4,구조검사 통과 시 유지,,3.685897435897436,5.14,P4,회귀검사 통과 시 유지
ABF-303,원문·사진 검증본,248,"00:12:53,290 --> 00:12:56,710",3.42,오늘 바다는 어때요?,넓다!,잔잔해요.,반응형,,,,,88.0,90.0,50.0,78.0,12.0,0.48717,0.0,14.0,0.0,0.0,0.5544,"잠깐, 어때요?","잠깐, 괜찮아요?",사진 장면 확인 및 한국어 번역투·ASR 오역 교정,23.42,T4,구조검사 통과 시 유지,,69.19070512820514,42.64,P3,말투·질문응답·가독성 위주 검토
ABF-303,원문·사진 검증본,249,"00:12:57,330 --> 00:12:58,330",1.0,잔잔해요.,오늘 바다는 어때요?,잔잔해요.,반말형,,,,,88.0,90.0,50.0,78.0,12.0,0.16988,0.0,14.0,0.0,0.0,0.1363,유두를 좋아해요.,젖꼭지를 좋아해요.,,10.1,T4,구조검사 통과 시 유지,,11.538461538461538,10.7,P4,회귀검사 통과 시 유지
ABF-303,원문·사진 검증본,250,"00:12:58,630 --> 00:12:59,210",0.58,잔잔해요.,잔잔해요.,응.,반말형,,,,,88.0,90.0,50.0,78.0,12.0,0.19308,0.0,14.0,0.0,0.0,0.1363,유두를 좋아해요.,젖꼭지를 좋아해요.,,11.07,T4,구조검사 통과 시 유지,,14.543269230769232,12.53,P4,회귀검사 통과 시 유지
ABF-303,원문·사진 검증본,251,"00:12:59,530 --> 00:12:59,730",0.2,응.,잔잔해요.,이쪽이 더 시원하네.,반응형,,,,,88.0,90.0,50.0,78.0,12.0,0.04475,0.0,14.0,0.0,0.0,0.4286,"하-, 응.",하아… 응.,,4.84,T4,구조검사 통과 시 유지,,1.9230769230769231,3.61,P4,회귀검사 통과 시 유지
ABF-303,원문·사진 검증본,252,"00:13:06,970 --> 00:13:08,150",1.18,이쪽이 더 시원하네.,응.,"응, 바다 근처니까.",반말형,,,,,88.0,90.0,50.0,78.0,12.0,0.44524,15.4,14.0,0.0,0.0,0.7783,시원하네.,응.,일본어 원문 + 타임스탬프 사진 + 장면 연속성,24.43,T4,구조검사 통과 시 유지,,73.4375,45.01,P3,말투·질문응답·가독성 위주 검토
ABF-303,원문·사진 검증본,253,"00:13:08,470 --> 00:13:10,190",1.72,"응, 바다 근처니까.",이쪽이 더 시원하네.,응.,반응형,,,,,88.0,90.0,50.0,78.0,12.0,0.42886,0.0,14.0,0.0,0.0,0.2231,바다 더럽네.,진짜 예쁘네.,일본어 원문 대조 + 자연스러운 한국어 대사 교정,20.97,T4,구조검사 통과 시 유지,,55.368589743589745,35.42,P4,회귀검사 통과 시 유지
ABF-303,원문·사진 검증본,254,"00:13:10,190 --> 00:13:11,050",0.86,응.,"응, 바다 근처니까.",우리 둘밖에 없네.,반응형,,,,,88.0,90.0,50.0,78.0,12.0,0.04452,0.0,14.0,0.0,0.0,0.4286,"하-, 응.",하아… 응.,,4.83,T4,구조검사 통과 시 유지,,1.842948717948718,3.58,P4,회귀검사 통과 시 유지
ABF-303,원문·사진 검증본,255,"00:13:12,810 --> 00:13:14,910",2.1,우리 둘밖에 없네.,응.,응.,반말형,,,,,88.0,90.0,50.0,78.0,12.0,0.40715,0.0,14.0,0.0,0.0,0.2625,우리 둘이서?,둘이서.,타임스탬프 사진으로 장면 불일치 확인 후 재복원,20.06,T4,구조검사 통과 시 유지,,50.0,32.63,P4,회귀검사 통과 시 유지
ABF-303,원문·사진 검증본,256,"00:13:15,190 --> 00:13:15,770",0.58,응.,우리 둘밖에 없네.,진짜?,반응형,,,,,88.0,90.0,50.0,78.0,12.0,0.04395,0.0,14.0,0.0,0.0,0.4286,"하-, 응.",하아… 응.,,4.81,T4,구조검사 통과 시 유지,,1.7628205128205128,3.53,P4,회귀검사 통과 시 유지
ABF-303,원문·사진 검증본,257,"00:13:15,910 --> 00:13:16,190",0.28,진짜?,응.,응.,중립·혼합형,,,,,88.0,90.0,50.0,78.0,12.0,0.19272,0.0,14.0,0.0,0.0,0.1562,진짜로?,그래?,일본어 원문 대조 + 자연스러운 한국어 대사 교정,11.05,T4,구조검사 통과 시 유지,,14.222756410256409,12.38,P4,회귀검사 통과 시 유지
ABF-303,원문·사진 검증본,258,"00:13:16,550 --> 00:13:16,950",0.4,응.,진짜?,정말 아무도 안 봐?,반응형,,,,,88.0,90.0,50.0,78.0,12.0,0.03456,0.0,14.0,0.0,0.0,0.4286,"하-, 응.",하아… 응.,,4.41,T4,구조검사 통과 시 유지,,1.201923076923077,3.06,P4,회귀검사 통과 시 유지
ABF-303,원문·사진 검증본,259,"00:13:32,080 --> 00:13:33,760",1.68,정말 아무도 안 봐?,응.,부끄러워.,반응형,,,,,88.0,90.0,50.0,78.0,12.0,0.46402,0.0,14.0,0.0,0.0,0.4773,아무도 없어요.,아무도 안 보잖아.,타임스탬프 사진과 장면 흐름으로 명백한 오인식 교정,22.45,T4,구조검사 통과 시 유지,,64.42307692307693,40.08,P3,말투·질문응답·가독성 위주 검토
ABF-303,원문·사진 검증본,260,"00:13:52,370 --> 00:13:53,530",1.16,부끄러워.,정말 아무도 안 봐?,응.,중립·혼합형,,,,,88.0,90.0,50.0,78.0,12.0,0.19426,20.54,14.0,0.0,0.0,0.8212,"하아, 부끄러워.",부끄러워? 팬티도 벗어야지.,일본어 원문 + 타임스탬프 사진 + 장면 연속성,14.82,T4,구조검사 통과 시 유지,,26.201923076923077,19.6,P4,회귀검사 통과 시 유지
ABF-303,원문·사진 검증본,261,"00:13:57,850 --> 00:13:58,430",0.58,응.,부끄러워.,정말 아무도 안 봐?,반응형,,,,,88.0,90.0,50.0,78.0,12.0,0.04691,0.0,14.0,0.0,0.0,0.4286,"하-, 응.",하아… 응.,,4.93,T4,구조검사 통과 시 유지,,2.083333333333333,3.73,P4,회귀검사 통과 시 유지
ABF-303,원문·사진 검증본,262,"00:14:01,940 --> 00:14:02,420",0.48,정말 아무도 안 봐?,응.,응.,반응형,,,,,88.0,90.0,50.0,78.0,12.0,0.37336,0.0,14.0,25.0,0.0,0.4773,아무도 없어요.,아무도 안 보잖아.,타임스탬프 사진과 장면 흐름으로 명백한 오인식 교정,21.14,T4,구조검사 통과 시 유지,borderline_cps,56.770833333333336,36.1,P4,회귀검사 통과 시 유지
ABF-303,원문·사진 검증본,263,"00:14:03,840 --> 00:14:04,200",0.36,응.,정말 아무도 안 봐?,하지만 아무도 없어.,반응형,,,,,88.0,90.0,50.0,78.0,12.0,0.03561,0.0,14.0,0.0,0.0,0.4286,"하-, 응.",하아… 응.,,4.46,T4,구조검사 통과 시 유지,,1.3621794871794872,3.16,P4,회귀검사 통과 시 유지
ABF-303,원문·사진 검증본,264,"00:14:04,200 --> 00:14:04,660",0.46,하지만 아무도 없어.,응.,정말 아무도 안 봐.,반응형,,,,,88.0,90.0,50.0,78.0,12.0,0.38326,0.0,14.0,25.0,0.0,0.5253,아무도 없어요.,아무도 안 보잖아.,타임스탬프 사진과 장면 흐름으로 명백한 오인식 교정,21.56,T4,구조검사 통과 시 유지,borderline_cps,59.41506410256411,37.46,P4,회귀검사 통과 시 유지
ABF-303,원문·사진 검증본,265,"00:14:05,060 --> 00:14:11,080",6.02,정말 아무도 안 봐.,하지만 아무도 없어.,흥분되기 시작했어.,반응형,,,,,88.0,90.0,50.0,78.0,12.0,0.42362,0.0,14.0,0.0,0.0,0.523,아무도 없어요.,아무도 안 보잖아.,타임스탬프 사진과 장면 흐름으로 명백한 오인식 교정,20.75,T4,구조검사 통과 시 유지,,54.166666666666664,34.78,P4,회귀검사 통과 시 유지
ABF-303,원문·사진 검증본,266,"00:14:24,980 --> 00:14:26,080",1.1,흥분되기 시작했어.,정말 아무도 안 봐.,어?,반응형,,,,,88.0,90.0,50.0,78.0,12.0,0.34078,0.0,14.0,0.0,0.0,0.2143,엄청 흥분되는 거네.,이거 엄청 세네.,손상된 일본어 ASR + 타임스탬프 사진 + 앞뒤 문맥 추론,17.27,T4,구조검사 통과 시 유지,,36.65865384615385,25.41,P4,회귀검사 통과 시 유지
ABF-303,원문·사진 검증본,267,"00:14:27,180 --> 00:14:27,280",0.1,어?,흥분되기 시작했어.,방금 그걸로?,반응형,,,,,88.0,90.0,50.0,78.0,12.0,0.13565,0.0,14.0,25.0,0.0,0.3089,어? 벗기고 싶다고? 응.,해 줬으면 좋겠어? 응.,손상된 일본어 ASR + 타임스탬프 사진 + 앞뒤 문맥 추론,11.16,T4,구조검사 통과 시 유지,borderline_cps,14.783653846153847,12.68,P4,회귀검사 통과 시 유지
ABF-303,원문·사진 검증본,268,"00:14:28,320 --> 00:14:28,540",0.22,방금 그걸로?,어?,응.,중립·혼합형,,,,,88.0,90.0,50.0,78.0,12.0,0.36487,0.0,14.0,66.36,0.0,0.1797,직원 방에 가 버릴 사람. 방금 잠든 척했지.,"직원 방에 갈 사람처럼 굴더니, 방금 잠든 척한 거지?",사진 장면 확인 및 한국어 번역투·ASR 오역 교정,24.92,T4,구조검사 통과 시 유지,high_cps,75.16025641025641,46.02,P3,말투·질문응답·가독성 위주 검토
ABF-303,원문·사진 검증본,269,"00:14:28,880 --> 00:14:29,060",0.18,응.,방금 그걸로?,다시 섰어?,반응형,,,,,88.0,90.0,50.0,78.0,12.0,0.11492,0.0,14.0,0.0,0.0,0.4286,"하-, 응.",하아… 응.,,7.79,T4,구조검사 통과 시 유지,,5.528846153846153,6.84,P4,회귀검사 통과 시 유지
ABF-303,원문·사진 검증본,270,"00:14:30,980 --> 00:14:31,660",0.68,다시 섰어?,응.,어?,반응형,,,일본어 원문 대조 + 자연스러운 한국어 대사 교정,높음,96.0,90.0,50.0,92.0,4.0,0.571,20.13,5.0,0.0,0.0,0.8177,섰어?,쭉 편 거야?,일본어 원문 대조 + 자연스러운 한국어 대사 교정,20.62,T4,구조검사 통과 시 유지,,53.605769230769226,34.47,P4,회귀검사 통과 시 유지
ABF-303,원문·사진 검증본,271,"00:14:32,100 --> 00:14:32,180",0.08,어?,다시 섰어?,안 돼.,반응형,,,,,88.0,90.0,50.0,78.0,12.0,0.29543,0.0,14.0,55.0,0.0,0.3089,어? 벗기고 싶다고? 응.,해 줬으면 좋겠어? 응.,손상된 일본어 ASR + 타임스탬프 사진 + 앞뒤 문맥 추론,20.87,T4,구조검사 통과 시 유지,high_cps,54.64743589743589,35.06,P4,회귀검사 통과 시 유지
ABF-303,원문·사진 검증본,272,"00:14:32,600 --> 00:14:33,480",0.88,안 돼.,어?,어?,중립·혼합형,,,,,88.0,90.0,50.0,78.0,12.0,0.23222,42.0,14.0,0.0,0.0,1.0,안 돼.,"네, 놀랐어요.",타임스탬프 사진과 앞뒤 장면으로 대사 기능 복원,20.27,T4,구조검사 통과 시 유지,,51.52243589743589,33.4,P4,회귀검사 통과 시 유지
ABF-303,원문·사진 검증본,273,"00:14:33,660 --> 00:14:33,760",0.1,어?,안 돼.,잠깐만.,반응형,,,,,88.0,90.0,50.0,78.0,12.0,0.21718,0.0,14.0,25.0,0.0,0.3089,어? 벗기고 싶다고? 응.,해 줬으면 좋겠어? 응.,손상된 일본어 ASR + 타임스탬프 사진 + 앞뒤 문맥 추론,14.58,T4,구조검사 통과 시 유지,borderline_cps,25.440705128205128,19.14,P4,회귀검사 통과 시 유지
ABF-303,원문·사진 검증본,274,"00:14:36,820 --> 00:14:37,220",0.4,잠깐만.,어?,바로 저기 러브호텔이 있어.,반응형,,,,,88.0,90.0,50.0,78.0,12.0,0.21728,13.33,14.0,0.0,0.0,0.7611,하아… 잠깐만.,목욕물 받아 놓은 거지?,일본어 원문 + 타임스탬프 사진 + 장면 연속성,14.49,T4,구조검사 통과 시 유지,,24.919871794871796,18.87,P4,회귀검사 통과 시 유지
ABF-303,원문·사진 검증본,275,"00:14:37,240 --> 00:14:39,340",2.1,바로 저기 러브호텔이 있어.,잠깐만.,알아.,반응형,,,,,88.0,90.0,50.0,78.0,12.0,0.63064,0.0,14.0,0.0,0.0,0.3563,러브호텔 가고…,러브호텔에 가고…,일본어 원문 대조 + 자연스러운 한국어 대사 교정,29.45,T4,구조검사 통과 시 유지,,86.65865384615384,53.48,P3,말투·질문응답·가독성 위주 검토
ABF-303,원문·사진 검증본,276,"00:14:40,060 --> 00:14:40,660",0.6,알아.,바로 저기 러브호텔이 있어.,응.,반응형,,,,,88.0,90.0,50.0,78.0,12.0,0.21016,12.0,14.0,0.0,0.0,0.75,대충 알아.,대충 알겠어.,사진 장면 확인 및 한국어 번역투·ASR 오역 교정,13.95,T4,구조검사 통과 시 유지,,22.996794871794872,17.75,P4,회귀검사 통과 시 유지
ABF-303,원문·사진 검증본,277,"00:14:42,980 --> 00:14:43,300",0.32,응.,알아.,벌써 하고 싶은데.,반응형,,,,,88.0,90.0,50.0,78.0,12.0,0.06659,0.0,14.0,0.0,0.0,0.4286,"하-, 응.",하아… 응.,,5.76,T4,구조검사 통과 시 유지,,2.9647435897435894,4.59,P4,회귀검사 통과 시 유지
ABF-303,원문·사진 검증본,278,"00:14:43,580 --> 00:14:44,700",1.12,벌써 하고 싶은데.,응.,정말?,중립·혼합형,,,,,88.0,90.0,50.0,78.0,12.0,0.51132,0.0,14.0,0.0,0.0,0.5949,끼우고 싶은데.,끼고 싶은데.,일본어 원문 대조 + 자연스러운 한국어 대사 교정,24.44,T4,구조검사 통과 시 유지,,73.59775641025641,45.09,P3,말투·질문응답·가독성 위주 검토
ABF-303,원문·사진 검증본,279,"00:14:46,520 --> 00:14:46,980",0.46,정말?,벌써 하고 싶은데.,체크인 전에 잠깐 하고 가자.,중립·혼합형,,,,,88.0,90.0,50.0,78.0,12.0,0.27516,42.0,14.0,0.0,0.0,1.0,정말?,응.,일본어 원문 + 타임스탬프 사진 + 장면 연속성,22.08,T4,구조검사 통과 시 유지,,62.82051282051282,39.19,P4,회귀검사 통과 시 유지
ABF-303,원문·사진 검증본,280,"00:14:48,240 --> 00:14:50,340",2.1,체크인 전에 잠깐 하고 가자.,정말?,러브호텔부터 갈까?,반응형,,,일본어 원문 대조 + 자연스러운 한국어 대사 교정,높음,96.0,90.0,50.0,92.0,4.0,0.71219,0.6,5.0,0.0,0.0,0.655,체크인 전에 잠깐 해 버리자.,체크인 전에 잠깐 하고 가자.,일본어 원문 대조 + 자연스러운 한국어 대사 교정,22.36,T4,구조검사 통과 시 유지,,63.74198717948718,39.74,P4,회귀검사 통과 시 유지
ABF-303,원문·사진 검증본,281,"00:14:51,280 --> 00:14:52,300",1.02,러브호텔부터 갈까?,체크인 전에 잠깐 하고 가자.,일단 가 볼까?,중립·혼합형,,,일본어 원문 대조 + 자연스러운 한국어 대사 교정,높음,96.0,90.0,50.0,92.0,4.0,0.58515,0.0,5.0,0.0,0.0,0.351,러브호텔 가고…,러브호텔에 가고…,일본어 원문 대조 + 자연스러운 한국어 대사 교정,18.44,T4,구조검사 통과 시 유지,,41.82692307692308,28.26,P4,회귀검사 통과 시 유지
ABF-303,원문·사진 검증본,282,"00:14:52,540 --> 00:14:53,580",1.04,일단 가 볼까?,러브호텔부터 갈까?,응.,중립·혼합형,,,일본어 원문 대조 + 자연스러운 한국어 대사 교정,높음,96.0,90.0,50.0,92.0,4.0,0.53682,0.0,5.0,0.0,0.0,0.461,일단 해 줘.,일단 넣어 줘.,일본어 원문 대조 + 자연스러운 한국어 대사 교정,16.98,T4,구조검사 통과 시 유지,,35.016025641025635,24.56,P4,회귀검사 통과 시 유지
ABF-303,원문·사진 검증본,283,"00:14:53,720 --> 00:14:53,880",0.16,응.,일단 가 볼까?,괜찮아?,반응형,,,,,88.0,90.0,50.0,78.0,12.0,0.07683,0.0,14.0,0.0,0.0,0.4286,"하-, 응.",하아… 응.,,6.19,T4,구조검사 통과 시 유지,,3.6057692307692304,5.1,P4,회귀검사 통과 시 유지
ABF-303,원문·사진 검증본,284,"00:14:55,560 --> 00:14:55,680",0.12,괜찮아?,응.,만실이면 포기할게.,반응형,,,,,88.0,90.0,50.0,78.0,12.0,0.26776,0.0,14.0,70.0,0.0,0.5244,더 해줘도 돼? 더 해줘. 괜찮아?,더 해 줘도 돼? 더 해 줘. 괜찮아?,,21.21,T4,구조검사 통과 시 유지,high_cps,57.171474358974365,36.31,P4,회귀검사 통과 시 유지
ABF-303,원문·사진 검증본,285,"00:14:58,260 --> 00:15:00,500",2.24,만실이면 포기할게.,괜찮아?,일단 가 보자.,중립·혼합형,,,일본어 원문 대조 + 자연스러운 한국어 대사 교정,높음,96.0,90.0,50.0,92.0,4.0,0.55181,0.0,5.0,0.0,0.0,0.5802,만약 만실이면 포기할 테니까.,만실이면 포기할게.,일본어 원문 대조 + 자연스러운 한국어 대사 교정,17.44,T4,구조검사 통과 시 유지,,37.25961538461539,25.76,P4,회귀검사 통과 시 유지
ABF-303,원문·사진 검증본,286,"00:15:02,580 --> 00:15:03,760",1.18,일단 가 보자.,만실이면 포기할게.,일단 가보자.,중립·혼합형,,,,,88.0,90.0,50.0,78.0,12.0,0.53889,0.0,14.0,0.0,0.0,0.5717,한번 보자.,밖을 봐 보자.,일본어 원문 + 타임스탬프 사진 + 장면 연속성,25.59,T4,구조검사 통과 시 유지,,77.80448717948718,47.52,P3,말투·질문응답·가독성 위주 검토
ABF-303,원문·사진 검증본,287,"00:15:05,960 --> 00:15:06,920",0.96,일단 가보자.,일단 가 보자.,이쪽인가.,중립·혼합형,,,,,88.0,90.0,50.0,78.0,12.0,0.44751,0.0,14.0,0.0,0.0,0.4236,일단 해 줘.,일단 넣어 줘.,일본어 원문 대조 + 자연스러운 한국어 대사 교정,21.76,T4,구조검사 통과 시 유지,,60.817307692307686,38.16,P4,회귀검사 통과 시 유지
ABF-303,원문·사진 검증본,288,"00:15:06,920 --> 00:15:07,180",0.26,이쪽인가.,일단 가보자.,이쪽인가.,중립·혼합형,,,,,88.0,90.0,50.0,78.0,12.0,0.21727,0.0,14.0,25.0,0.0,0.0963,이쪽이 더 커.,이쪽이 더 굵어.,일본어 원문 대조 + 자연스러운 한국어 대사 교정,14.59,T4,구조검사 통과 시 유지,borderline_cps,25.560897435897434,19.2,P4,회귀검사 통과 시 유지
ABF-303,원문·사진 검증본,289,"00:15:07,260 --> 00:15:07,500",0.24,이쪽인가.,이쪽인가.,사람이 완전히 없어졌네.,중립·혼합형,,,,,88.0,90.0,50.0,78.0,12.0,0.38766,0.0,14.0,34.17,0.0,0.0963,이쪽이 더 커.,이쪽이 더 굵어.,일본어 원문 대조 + 자연스러운 한국어 대사 교정,22.66,T4,구조검사 통과 시 유지,high_cps,65.38461538461539,40.6,P3,말투·질문응답·가독성 위주 검토
ABF-303,원문·사진 검증본,290,"00:15:17,700 --> 00:15:18,740",1.04,사람이 완전히 없어졌네.,이쪽인가.,응.,반응형,,,일본어 원문 대조 + 자연스러운 한국어 대사 교정,높음,96.0,90.0,50.0,92.0,4.0,0.6708,0.0,5.0,0.0,0.0,0.4632,사람이 더 없어졌어.,사람이 완전히 없어졌네.,일본어 원문 대조 + 자연스러운 한국어 대사 교정,21.03,T4,구조검사 통과 시 유지,,56.08974358974359,35.76,P4,회귀검사 통과 시 유지
ABF-303,원문·사진 검증본,291,"00:15:19,100 --> 00:15:19,380",0.28,응.,사람이 완전히 없어졌네.,"들어와, 들어와.",반응형,,,,,88.0,90.0,50.0,78.0,12.0,0.09278,0.0,14.0,0.0,0.0,0.4286,"하-, 응.",하아… 응.,,6.86,T4,구조검사 통과 시 유지,,4.206730769230769,5.75,P4,회귀검사 통과 시 유지
ABF-303,원문·사진 검증본,292,"00:15:33,120 --> 00:15:33,840",0.72,"들어와, 들어와.",응.,"와, 예쁘다.",반응형,,,,,88.0,90.0,50.0,78.0,12.0,0.31256,0.0,14.0,0.0,0.0,0.2099,앞에서 불어와.,이제 조금만 더.,일본어 원문 + 타임스탬프 사진 + 장면 연속성,16.09,T4,구조검사 통과 시 유지,,30.689102564102566,22.22,P4,회귀검사 통과 시 유지
ABF-303,원문·사진 검증본,293,"00:15:34,420 --> 00:15:35,320",0.9,"와, 예쁘다.","들어와, 들어와.",깨끗하네.,중립·혼합형,,,,,88.0,90.0,50.0,78.0,12.0,0.34435,10.11,14.0,0.0,0.0,0.7342,"오, 예쁘다.","와, 예쁘다.",일본어 원문 + 타임스탬프 사진 + 장면 연속성,19.24,T4,구조검사 통과 시 유지,,45.592948717948715,30.31,P4,회귀검사 통과 시 유지
ABF-303,원문·사진 검증본,294,"00:15:41,120 --> 00:15:41,800",0.68,깨끗하네.,"와, 예쁘다.",깨끗하고 예뻐.,반말형,,,,,88.0,90.0,50.0,78.0,12.0,0.3138,0.0,14.0,0.0,0.0,0.6012,보여줘. 똥꼬도 엄청 깨끗하네.,보여 줘. 똥꼬도 엄청 깨끗하네.,,16.14,T4,구조검사 통과 시 유지,,31.08974358974359,22.42,P4,회귀검사 통과 시 유지
ABF-303,원문·사진 검증본,295,"00:15:42,160 --> 00:15:43,100",0.94,깨끗하고 예뻐.,깨끗하네.,결국 와 버렸네.,중립·혼합형,,,,,88.0,90.0,50.0,78.0,12.0,0.51466,0.0,14.0,0.0,0.0,0.2505,깨끗하지 않아.,아직 깨끗하지 않지.,손상된 일본어 ASR + 타임스탬프 사진 + 앞뒤 문맥 추론,24.58,T4,구조검사 통과 시 유지,,74.03846153846155,45.35,P3,말투·질문응답·가독성 위주 검토
ABF-303,원문·사진 검증본,296,"00:15:46,360 --> 00:15:47,140",0.78,결국 와 버렸네.,깨끗하고 예뻐.,잠깐만.,반말형,,,일본어 원문 대조 + 자연스러운 한국어 대사 교정,높음,96.0,90.0,50.0,92.0,4.0,0.66985,0.0,5.0,0.0,0.0,0.4755,또 무직이 돼 버렸네.,또 갈 것 같아…,타임스탬프 사진으로 장면 불일치 확인 후 재복원,21.01,T4,구조검사 통과 시 유지,,55.729166666666664,35.59,P4,회귀검사 통과 시 유지
ABF-303,원문·사진 검증본,297,"00:15:47,140 --> 00:16:09,720",22.58,잠깐만.,결국 와 버렸네.,벌써부터 그러지 마.,반응형,,,손상된 일본어 ASR + 타임스탬프 사진 + 앞뒤 문맥 추론,중간,38.0,78.0,50.0,78.0,62.0,0.39571,13.33,14.0,0.0,0.0,0.7611,하아… 잠깐만.,목욕물 받아 놓은 거지?,일본어 원문 + 타임스탬프 사진 + 장면 연속성,24.98,T4,구조검사 통과 시 유지,,75.40064102564102,46.16,P3,말투·질문응답·가독성 위주 검토
ABF-303,원문·사진 검증본,298,"00:16:09,720 --> 00:16:10,120",0.4,벌써부터 그러지 마.,잠깐만.,잠깐만.,반말형,,,손상된 일본어 ASR + 타임스탬프 사진 + 앞뒤 문맥 추론,중간,38.0,78.0,50.0,78.0,62.0,0.76357,0.0,14.0,42.5,0.0,0.2835,하지 마.,잠깐만.,손상된 일본어 ASR + 타임스탬프 사진 + 앞뒤 문맥 추론,42.28,T3,화자·문맥·자연스러움 집중 검토,high_cps,99.67948717948718,66.39,P2,앞뒤 5블록·사진·오류 기억을 함께 검토
ABF-303,원문·사진 검증본,299,"00:17:06,360 --> 00:17:09,160",2.8,잠깐만.,벌써부터 그러지 마.,진짜로.,반응형,,,일본어 원문 대조 + 자연스러운 한국어 대사 교정,높음,96.0,90.0,50.0,92.0,4.0,0.46558,13.33,5.0,0.0,0.0,0.7611,하아… 잠깐만.,목욕물 받아 놓은 거지?,일본어 원문 + 타임스탬프 사진 + 장면 연속성,16.56,T4,구조검사 통과 시 유지,,32.69230769230769,23.34,P4,회귀검사 통과 시 유지
ABF-303,원문·사진 검증본,300,"00:17:11,320 --> 00:17:12,160",0.84,진짜로.,잠깐만.,지금 웃고 있잖아.,중립·혼합형,,,일본어 원문 대조 + 자연스러운 한국어 대사 교정,높음,96.0,90.0,50.0,92.0,4.0,0.48283,4.95,5.0,0.0,0.0,0.6912,"귀여워, 진짜로.","귀여워, 진짜야.",일본어 원문 대조 + 자연스러운 한국어 대사 교정,15.99,T4,구조검사 통과 시 유지,,30.208333333333332,21.96,P4,회귀검사 통과 시 유지
ABF-303,원문·사진 검증본,301,"00:17:12,840 --> 00:17:16,040",3.2,지금 웃고 있잖아.,진짜로.,"잠깐, 잠깐, 잠깐.",반응형,,,손상된 일본어 ASR + 타임스탬프 사진 + 앞뒤 문맥 추론,중간,38.0,78.0,50.0,78.0,62.0,0.66353,0.0,14.0,0.0,0.0,0.5826,서 있잖아.,완전히 서 있잖아.,일본어 원문 대조 + 자연스러운 한국어 대사 교정,33.83,T4,구조검사 통과 시 유지,,93.75,59.0,P2,앞뒤 5블록·사진·오류 기억을 함께 검토
ABF-303,원문·사진 검증본,302,"00:17:22,360 --> 00:17:23,360",1.0,"잠깐, 잠깐, 잠깐.",지금 웃고 있잖아.,"잠깐만. 미안, 미안해.",반응형,,,일본어 원문 대조 + 자연스러운 한국어 대사 교정,높음,96.0,90.0,50.0,92.0,4.0,0.52522,0.0,5.0,0.0,0.0,0.5188,"잠깐, 보여 줘 봐. 잠깐, 이쪽 봐봐. 부끄러워?",잠깐 보여 줘. 이쪽 봐봐. 부끄러워?,일본어 원문 대조 + 자연스러운 한국어 대사 교정,16.63,T4,구조검사 통과 시 유지,,33.17307692307692,23.58,P4,회귀검사 통과 시 유지
ABF-303,원문·사진 검증본,303,"00:17:28,560 --> 00:17:32,980",4.42,"잠깐만. 미안, 미안해.","잠깐, 잠깐, 잠깐.",네.,반응형,,,일본어 원문 대조 + 자연스러운 한국어 대사 교정,높음,96.0,90.0,50.0,92.0,4.0,0.66737,6.24,5.0,0.0,0.0,0.702,"하지 마. 미안, 미안해, 미안해.","잠깐만. 미안, 미안해.",일본어 원문 대조 + 자연스러운 한국어 대사 교정,21.74,T4,구조검사 통과 시 유지,,60.53685897435898,38.03,P4,회귀검사 통과 시 유지
ABF-303,원문·사진 검증본,304,"00:17:46,970 --> 00:17:47,530",0.56,네.,"잠깐만. 미안, 미안해.",네.,반말형,,,,,88.0,90.0,50.0,78.0,12.0,0.23804,8.61,14.0,0.0,0.0,0.7218,"네, 네.",네.,불필요한 반복 제거,14.51,T4,구조검사 통과 시 유지,,25.080128205128204,18.95,P4,회귀검사 통과 시 유지
ABF-303,원문·사진 검증본,305,"00:17:51,290 --> 00:17:51,850",0.56,네.,네.,어느 쪽부터 할까?,반말형,,,,,88.0,90.0,50.0,78.0,12.0,0.31822,8.61,14.0,0.0,0.0,0.7218,"네, 네.",네.,불필요한 반복 제거,17.88,T4,구조검사 통과 시 유지,,39.703525641025635,27.05,P4,회귀검사 통과 시 유지
ABF-303,원문·사진 검증본,306,"00:18:03,680 --> 00:18:03,960",0.28,어느 쪽부터 할까?,네.,네.,반응형,,,일본어 원문 대조 + 자연스러운 한국어 대사 교정,높음,96.0,90.0,50.0,92.0,4.0,0.65902,0.0,5.0,70.0,0.0,0.5166,뭐 할까?,내가 먼저?,일본어 원문 + 타임스탬프 사진 + 장면 연속성,25.72,T4,구조검사 통과 시 유지,high_cps,78.32532051282051,47.81,P3,말투·질문응답·가독성 위주 검토
ABF-303,원문·사진 검증본,307,"00:18:05,180 --> 00:18:05,560",0.38,네.,어느 쪽부터 할까?,네.,반말형,,,,,88.0,90.0,50.0,78.0,12.0,0.25795,8.61,14.0,0.0,0.0,0.7218,"네, 네.",네.,불필요한 반복 제거,15.34,T4,구조검사 통과 시 유지,,27.96474358974359,20.64,P4,회귀검사 통과 시 유지
ABF-303,원문·사진 검증본,308,"00:18:18,790 --> 00:18:19,350",0.56,네.,네.,"아아, 귀여워.",반말형,,,,,88.0,90.0,50.0,78.0,12.0,0.15068,8.61,14.0,0.0,0.0,0.7218,"네, 네.",네.,불필요한 반복 제거,10.84,T4,구조검사 통과 시 유지,,13.541666666666666,11.97,P4,회귀검사 통과 시 유지
ABF-303,원문·사진 검증본,309,"00:18:24,120 --> 00:18:24,740",0.62,"아아, 귀여워.",네.,귀여워.,반응형,,,,,88.0,90.0,50.0,78.0,12.0,0.36005,7.33,14.0,0.0,0.0,0.7111,엄청 귀여워.,매일 목욕해.,일본어 원문 + 타임스탬프 사진 + 장면 연속성,19.4,T4,구조검사 통과 시 유지,,46.75480769230769,30.89,P4,회귀검사 통과 시 유지
ABF-303,원문·사진 검증본,310,"00:18:25,020 --> 00:18:26,100",1.08,귀여워.,"아아, 귀여워.",고개 숙인 얼굴도 귀여워.,중립·혼합형,,,,,88.0,90.0,50.0,78.0,12.0,0.25602,26.93,14.0,0.0,0.0,0.8744,엄청 귀여워.,매일 목욕해.,일본어 원문 + 타임스탬프 사진 + 장면 연속성,18.56,T4,구조검사 통과 시 유지,,42.30769230769231,28.53,P4,회귀검사 통과 시 유지
ABF-303,원문·사진 검증본,311,"00:18:26,380 --> 00:18:27,100",0.72,고개 숙인 얼굴도 귀여워.,귀여워.,보여 줘.,중립·혼합형,,,일본어 원문 대조 + 자연스러운 한국어 대사 교정,높음,96.0,90.0,50.0,92.0,4.0,0.68863,0.0,5.0,0.0,0.0,0.5363,이 고개 숙인 얼굴.,고개 숙인 얼굴도 귀여워.,일본어 원문 대조 + 자연스러운 한국어 대사 교정,21.57,T4,구조검사 통과 시 유지,,59.57532051282052,37.53,P4,회귀검사 통과 시 유지
ABF-303,원문·사진 검증본,312,"00:18:27,320 --> 00:18:29,420",2.1,보여 줘.,고개 숙인 얼굴도 귀여워.,부끄러워.,중립·혼합형,,,,,88.0,90.0,50.0,78.0,12.0,0.47453,0.0,14.0,0.0,0.0,0.6432,입 안을 보여 줘.,입 안 보여 줘.,일본어 원문 대조 + 자연스러운 한국어 대사 교정,22.89,T4,구조검사 통과 시 유지,,66.58653846153845,41.24,P3,말투·질문응답·가독성 위주 검토
ABF-303,원문·사진 검증본,313,"00:18:29,980 --> 00:18:30,600",0.62,부끄러워.,보여 줘.,부끄러워하면서도 보여 주네.,중립·혼합형,,,,,88.0,90.0,50.0,78.0,12.0,0.32649,20.54,14.0,0.0,0.0,0.8212,"하아, 부끄러워.",부끄러워? 팬티도 벗어야지.,일본어 원문 + 타임스탬프 사진 + 장면 연속성,20.37,T4,구조검사 통과 시 유지,,52.083333333333336,33.69,P4,회귀검사 통과 시 유지
ABF-303,원문·사진 검증본,314,"00:18:30,980 --> 00:18:33,600",2.62,부끄러워하면서도 보여 주네.,부끄러워.,많이 부끄러웠지?,반말형,,,일본어 원문 대조 + 자연스러운 한국어 대사 교정,높음,96.0,90.0,50.0,92.0,4.0,0.72131,0.0,5.0,0.0,0.0,0.315,부끄러워하며 보여주는 거.,부끄러워하면서도 보여 주네.,일본어 원문 대조 + 자연스러운 한국어 대사 교정,22.56,T4,구조검사 통과 시 유지,,65.14423076923077,40.45,P3,말투·질문응답·가독성 위주 검토
ABF-303,원문·사진 검증본,315,"00:19:09,970 --> 00:19:13,590",3.62,많이 부끄러웠지?,부끄러워하면서도 보여 주네.,부끄러워.,반말형,,,일본어 원문 대조 + 자연스러운 한국어 대사 교정,높음,96.0,90.0,50.0,92.0,4.0,0.59767,0.0,5.0,0.0,0.0,0.3322,부끄러웠겠지.,많이 부끄러웠지?,일본어 원문 대조 + 자연스러운 한국어 대사 교정,18.82,T4,구조검사 통과 시 유지,,43.669871794871796,29.26,P4,회귀검사 통과 시 유지
ABF-303,원문·사진 검증본,316,"00:19:14,830 --> 00:19:15,590",0.76,부끄러워.,많이 부끄러웠지?,아직도 부끄러운가 봐.,중립·혼합형,,,,,88.0,90.0,50.0,78.0,12.0,0.37752,20.54,14.0,0.0,0.0,0.8212,"하아, 부끄러워.",부끄러워? 팬티도 벗어야지.,일본어 원문 + 타임스탬프 사진 + 장면 연속성,22.51,T4,구조검사 통과 시 유지,,64.66346153846155,40.21,P3,말투·질문응답·가독성 위주 검토
ABF-303,원문·사진 검증본,317,"00:19:20,050 --> 00:19:28,040",7.99,아직도 부끄러운가 봐.,부끄러워.,빨아 줘.,반응형,,,일본어 원문 대조 + 자연스러운 한국어 대사 교정,높음,96.0,90.0,50.0,92.0,4.0,0.73544,20.9,5.0,0.0,0.0,0.8241,부끄러운가 봐.,아직도 부끄러운가 봐.,일본어 원문 대조 + 자연스러운 한국어 대사 교정,25.7,T4,구조검사 통과 시 유지,,78.2051282051282,47.75,P3,말투·질문응답·가독성 위주 검토
ABF-303,원문·사진 검증본,318,"00:19:28,860 --> 00:19:29,440",0.58,빨아 줘.,아직도 부끄러운가 봐.,계속 빨아 보고 싶었어.,반응형,,,,,88.0,90.0,50.0,78.0,12.0,0.58282,0.0,14.0,0.0,0.0,0.3488,좀 더 해 줘.,보여?,일본어 원문 + 타임스탬프 사진 + 장면 연속성,27.44,T4,구조검사 통과 시 유지,,82.33173076923077,50.49,P3,말투·질문응답·가독성 위주 검토
ABF-303,원문·사진 검증본,319,"00:19:31,740 --> 00:19:39,420",7.68,계속 빨아 보고 싶었어.,빨아 줘.,빨고 싶어.,반응형,,,일본어 원문 대조 + 자연스러운 한국어 대사 교정,높음,96.0,90.0,50.0,92.0,4.0,0.721,0.0,5.0,0.0,0.0,0.5481,정말 하고 싶었어.,봐도 돼?,일본어 원문 + 타임스탬프 사진 + 장면 연속성,22.55,T4,구조검사 통과 시 유지,,65.06410256410257,40.41,P3,말투·질문응답·가독성 위주 검토
ABF-303,원문·사진 검증본,320,"00:19:47,150 --> 00:19:50,030",2.88,빨고 싶어.,계속 빨아 보고 싶었어.,만지기만 해도 기분 좋을 것 같아.,반응형,,,,,88.0,90.0,50.0,78.0,12.0,0.4715,0.0,14.0,0.0,0.0,0.5696,잘 빨고 싶어?,계속 빨고 싶어?,일본어 원문 대조 + 자연스러운 한국어 대사 교정,22.76,T4,구조검사 통과 시 유지,,65.98557692307693,40.91,P3,말투·질문응답·가독성 위주 검토
ABF-303,원문·사진 검증본,321,"00:19:59,510 --> 00:20:01,670",2.16,만지기만 해도 기분 좋을 것 같아.,빨고 싶어.,모르겠어.,반말형,,,일본어 원문 대조 + 자연스러운 한국어 대사 교정,높음,96.0,90.0,50.0,92.0,4.0,0.74948,0.0,5.0,0.0,0.0,0.5611,만지면 기분 좋을 것 같아.,만지기만 해도 기분 좋을 것 같아.,일본어 원문 대조 + 자연스러운 한국어 대사 교정,23.41,T4,구조검사 통과 시 유지,,69.03044871794873,42.57,P3,말투·질문응답·가독성 위주 검토
ABF-303,원문·사진 검증본,322,"00:20:02,490 --> 00:20:03,410",0.92,모르겠어.,만지기만 해도 기분 좋을 것 같아.,아까부터 만져 보고 싶었거든.,반응형,,,,,88.0,90.0,50.0,78.0,12.0,0.34684,0.0,14.0,0.0,0.0,0.4931,오늘 왜 이러는지 나도 모르겠어...,오늘 왜 이러는지 나도 모르겠어…,,17.53,T4,구조검사 통과 시 유지,,37.980769230769226,26.12,P4,회귀검사 통과 시 유지
ABF-303,원문·사진 검증본,323,"00:20:10,150 --> 00:20:11,950",1.8,아까부터 만져 보고 싶었거든.,모르겠어.,몇 번 닿았었지.,반응형,,,일본어 원문 대조 + 자연스러운 한국어 대사 교정,높음,96.0,90.0,50.0,92.0,4.0,0.68857,0.0,5.0,0.0,0.0,0.5507,좀 만지고 싶었거든.,아까부터 만져 보고 싶었거든.,일본어 원문 대조 + 자연스러운 한국어 대사 교정,21.57,T4,구조검사 통과 시 유지,,59.57532051282052,37.53,P4,회귀검사 통과 시 유지
ABF-303,원문·사진 검증본,324,"00:20:31,280 --> 00:20:32,960",1.68,몇 번 닿았었지.,아까부터 만져 보고 싶었거든.,몇 번 닿았었지.,반말형,,,,,88.0,90.0,50.0,78.0,12.0,0.38107,0.0,14.0,0.0,0.0,0.1556,엄청 깊이 닿았어.,엄청 많이 묻혔네.,,18.96,T4,구조검사 통과 시 유지,,44.190705128205124,29.56,P4,회귀검사 통과 시 유지
ABF-303,원문·사진 검증본,325,"00:20:35,100 --> 00:20:35,600",0.5,몇 번 닿았었지.,몇 번 닿았었지.,정말?,반말형,,,,,88.0,90.0,50.0,78.0,12.0,0.45349,0.0,14.0,0.0,0.0,0.1556,엄청 깊이 닿았어.,엄청 많이 묻혔네.,,22.01,T4,구조검사 통과 시 유지,,62.580128205128204,39.05,P4,회귀검사 통과 시 유지
ABF-303,원문·사진 검증본,326,"00:20:40,380 --> 00:20:40,660",0.28,정말?,몇 번 닿았었지.,부끄러워?,중립·혼합형,,,,,88.0,90.0,50.0,78.0,12.0,0.23858,42.0,14.0,0.0,0.0,1.0,정말?,응.,일본어 원문 + 타임스탬프 사진 + 장면 연속성,20.54,T4,구조검사 통과 시 유지,,53.08493589743589,34.21,P4,회귀검사 통과 시 유지
ABF-303,원문·사진 검증본,327,"00:21:34,490 --> 00:21:35,150",0.66,부끄러워?,정말?,부끄러워.,중립·혼합형,,,,,88.0,90.0,50.0,78.0,12.0,0.31479,0.0,14.0,0.0,0.0,0.5047,"잠깐, 보여 줘 봐. 잠깐, 이쪽 봐봐. 부끄러워?",잠깐 보여 줘. 이쪽 봐봐. 부끄러워?,일본어 원문 대조 + 자연스러운 한국어 대사 교정,16.18,T4,구조검사 통과 시 유지,,31.25,22.51,P4,회귀검사 통과 시 유지
ABF-303,원문·사진 검증본,328,"00:21:35,350 --> 00:21:52,490",17.14,부끄러워.,부끄러워?,더 커질지도 모르겠네.,중립·혼합형,,,,,88.0,90.0,50.0,78.0,12.0,0.38125,20.54,14.0,0.0,0.0,0.8212,"하아, 부끄러워.",부끄러워? 팬티도 벗어야지.,일본어 원문 + 타임스탬프 사진 + 장면 연속성,22.67,T4,구조검사 통과 시 유지,,65.5448717948718,40.68,P3,말투·질문응답·가독성 위주 검토
ABF-303,원문·사진 검증본,329,"00:21:52,490 --> 00:21:54,130",1.64,더 커질지도 모르겠네.,부끄러워.,그럴지도.,반말형,,,일본어 원문 대조 + 자연스러운 한국어 대사 교정,높음,96.0,90.0,50.0,92.0,4.0,0.68202,0.0,5.0,0.0,0.0,0.1678,어디가 좋은지 모르겠어?,어디가 좋은지 아직 모르겠어?,일본어 원문 대조 + 자연스러운 한국어 대사 교정,21.37,T4,구조검사 통과 시 유지,,58.05288461538461,36.78,P4,회귀검사 통과 시 유지
ABF-303,원문·사진 검증본,330,"00:21:54,770 --> 00:21:55,610",0.84,그럴지도.,더 커질지도 모르겠네.,제대로 주물러줘.,반말형,,,,,88.0,90.0,50.0,78.0,12.0,0.2978,0.0,14.0,0.0,0.0,0.2085,여기서 잘지도.,여기서 바로 잠들 것 같아.,일본어 원문 대조 + 자연스러운 한국어 대사 교정,15.47,T4,구조검사 통과 시 유지,,28.76602564102564,21.05,P4,회귀검사 통과 시 유지
ABF-303,원문·사진 검증본,331,"00:22:02,870 --> 00:22:03,770",0.9,제대로 주물러줘.,그럴지도.,으응…,중립·혼합형,,,,,88.0,90.0,50.0,78.0,12.0,0.39701,0.0,14.0,0.0,0.0,0.3244,제대로 돼 있네.,제대로 가려지네.,일본어 원문 대조 + 자연스러운 한국어 대사 교정,19.63,T4,구조검사 통과 시 유지,,47.91666666666667,31.51,P4,회귀검사 통과 시 유지
ABF-303,원문·사진 검증본,332,"00:22:03,770 --> 00:22:04,730",0.96,으응…,제대로 주물러줘.,왜?,반응형,,,,,88.0,90.0,50.0,78.0,12.0,0.16988,0.0,14.0,0.0,0.0,0.2362,으응...,으응…,,10.09,T4,구조검사 통과 시 유지,,11.41826923076923,10.65,P4,회귀검사 통과 시 유지
ABF-303,원문·사진 검증본,333,"00:22:25,460 --> 00:22:33,950",8.49,왜?,으응…,왜?,중립·혼합형,,,,,88.0,90.0,50.0,78.0,12.0,0.20034,0.0,14.0,0.0,0.0,0.3326,괜찮으려나? 왜? 잘 닦이고 있나?,괜찮으려나? 왜? 잘 닦이고 있어?,일본어 원문 대조 + 자연스러운 한국어 대사 교정,11.37,T4,구조검사 통과 시 유지,,15.144230769230768,12.96,P4,회귀검사 통과 시 유지
ABF-303,원문·사진 검증본,334,"00:22:37,040 --> 00:22:38,240",1.2,왜?,왜?,왜 그러지?,중립·혼합형,,,,,88.0,90.0,50.0,78.0,12.0,0.20282,0.0,14.0,0.0,0.0,0.3326,괜찮으려나? 왜? 잘 닦이고 있나?,괜찮으려나? 왜? 잘 닦이고 있어?,일본어 원문 대조 + 자연스러운 한국어 대사 교정,11.48,T4,구조검사 통과 시 유지,,15.705128205128204,13.25,P4,회귀검사 통과 시 유지
ABF-303,원문·사진 검증본,335,"00:22:38,860 --> 00:22:43,860",5.0,왜 그러지?,왜?,몸이 저절로 움직이네.,반말형,,,,,88.0,90.0,50.0,78.0,12.0,0.36697,0.0,14.0,0.0,0.0,0.2718,왜 없지?,어라?,,18.37,T4,구조검사 통과 시 유지,,41.62660256410257,28.14,P4,회귀검사 통과 시 유지
ABF-303,원문·사진 검증본,336,"00:22:53,150 --> 00:22:54,250",1.1,몸이 저절로 움직이네.,왜 그러지?,벌써 몸이 반응하고 있어.,반말형,,,손상된 일본어 ASR + 타임스탬프 사진 + 앞뒤 문맥 추론,중간,38.0,78.0,50.0,78.0,66.0,0.68044,0.0,14.0,0.0,0.0,0.5791,몸이 저절로 움직여.,몸이 저절로 움직이네.,손상된 일본어 ASR + 타임스탬프 사진 + 앞뒤 문맥 추론,34.78,T4,구조검사 통과 시 유지,,94.87179487179486,60.02,P2,앞뒤 5블록·사진·오류 기억을 함께 검토
ABF-303,원문·사진 검증본,337,"00:23:10,500 --> 00:23:20,480",9.98,벌써 몸이 반응하고 있어.,몸이 저절로 움직이네.,그대로 위에 올라타 봐.,반응형,,,손상된 일본어 ASR + 타임스탬프 사진 + 앞뒤 문맥 추론,중간,38.0,78.0,50.0,78.0,62.0,0.64356,0.0,14.0,0.0,0.0,0.2373,벌써 흘러넘치고 있어...,벌써 흘러넘치고 있어…,,32.99,T4,구조검사 통과 시 유지,,92.46794871794873,57.97,P3,말투·질문응답·가독성 위주 검토
ABF-303,원문·사진 검증본,338,"00:23:23,100 --> 00:23:24,160",1.06,그대로 위에 올라타 봐.,벌써 몸이 반응하고 있어.,오늘은 네가 하고 싶은 대로 해.,중립·혼합형,,,일본어 원문 대조 + 자연스러운 한국어 대사 교정,높음,96.0,90.0,50.0,92.0,4.0,0.69061,0.0,5.0,0.0,0.0,0.5076,위에 올라타.,대단하다.,일본어 원문 + 타임스탬프 사진 + 장면 연속성,21.63,T4,구조검사 통과 시 유지,,59.855769230769226,37.68,P4,회귀검사 통과 시 유지
ABF-303,원문·사진 검증본,339,"00:23:33,280 --> 00:23:39,620",6.34,오늘은 네가 하고 싶은 대로 해.,그대로 위에 올라타 봐.,처음엔 천천히 해도 돼.,반말형,,,손상된 일본어 ASR + 타임스탬프 사진 + 앞뒤 문맥 추론,중간,38.0,78.0,50.0,78.0,62.0,0.85567,0.0,14.0,0.0,0.0,0.3647,오늘은 서로 원하는 대로 해 보려고.,서로 하고 싶은 대로 해 보자.,손상된 일본어 ASR + 타임스탬프 사진 + 앞뒤 문맥 추론,41.9,T3,화자·문맥·자연스러움 집중 검토,,99.59935897435898,66.13,P2,앞뒤 5블록·사진·오류 기억을 함께 검토
ABF-303,원문·사진 검증본,340,"00:23:43,060 --> 00:23:45,100",2.04,처음엔 천천히 해도 돼.,오늘은 네가 하고 싶은 대로 해.,서로 하고 싶은 대로 해 보자.,반말형,,,일본어 원문 대조 + 자연스러운 한국어 대사 교정,높음,96.0,90.0,50.0,92.0,4.0,0.78584,2.5,5.0,0.0,0.0,0.6708,처음엔 편하게 해도 돼.,처음엔 천천히 해도 돼.,일본어 원문 대조 + 자연스러운 한국어 대사 교정,24.84,T4,구조검사 통과 시 유지,,74.75961538461539,45.81,P3,말투·질문응답·가독성 위주 검토
ABF-303,원문·사진 검증본,341,"00:23:46,800 --> 00:24:00,840",14.04,서로 하고 싶은 대로 해 보자.,처음엔 천천히 해도 돼.,누가 보면 바로 들키겠지.,반말형,,,손상된 일본어 ASR + 타임스탬프 사진 + 앞뒤 문맥 추론,중간,38.0,78.0,50.0,78.0,62.0,0.84272,0.0,14.0,0.0,0.0,0.4244,한번 보자.,밖을 봐 보자.,일본어 원문 + 타임스탬프 사진 + 장면 연속성,41.35,T3,화자·문맥·자연스러움 집중 검토,,99.19871794871796,65.65,P2,앞뒤 5블록·사진·오류 기억을 함께 검토
ABF-303,원문·사진 검증본,342,"00:24:15,020 --> 00:24:17,260",2.24,누가 보면 바로 들키겠지.,서로 하고 싶은 대로 해 보자.,장난기 가득한 표정이네.,반말형,,,일본어 원문 대조 + 자연스러운 한국어 대사 교정,높음,96.0,90.0,50.0,92.0,4.0,0.74665,0.0,5.0,0.0,0.0,0.2657,누가 보면 흐트러져 버리겠어.,계속 보고 있으면 빠져들 것 같아.,사진 장면 확인 및 한국어 번역투·ASR 오역 교정,23.33,T4,구조검사 통과 시 유지,,68.6698717948718,42.37,P3,말투·질문응답·가독성 위주 검토
ABF-303,원문·사진 검증본,343,"00:24:25,440 --> 00:24:28,400",2.96,장난기 가득한 표정이네.,누가 보면 바로 들키겠지.,그대로 해도 돼.,반말형,,,손상된 일본어 ASR + 타임스탬프 사진 + 앞뒤 문맥 추론,중간,38.0,78.0,50.0,78.0,62.0,0.62456,0.0,14.0,0.0,0.0,0.3126,이상하다. 장난기 있네.,장난기 가득한 표정이네.,손상된 일본어 ASR + 타임스탬프 사진 + 앞뒤 문맥 추론,32.19,T4,구조검사 통과 시 유지,,91.66666666666666,57.17,P3,말투·질문응답·가독성 위주 검토
ABF-303,원문·사진 검증본,344,"00:24:32,020 --> 00:24:34,020",2.0,그대로 해도 돼.,장난기 가득한 표정이네.,"응, 그대로.",반말형,,,일본어 원문 대조 + 자연스러운 한국어 대사 교정,높음,96.0,90.0,50.0,92.0,4.0,0.45216,0.0,5.0,0.0,0.0,0.4148,안 돼.,"네, 놀랐어요.",타임스탬프 사진과 앞뒤 장면으로 대사 기능 복원,14.42,T4,구조검사 통과 시 유지,,24.599358974358974,18.7,P4,회귀검사 통과 시 유지
ABF-303,원문·사진 검증본,345,"00:24:34,440 --> 00:24:36,640",2.2,"응, 그대로.",그대로 해도 돼.,아직 부족하지?,반응형,,,일본어 원문 대조 + 자연스러운 한국어 대사 교정,높음,96.0,90.0,50.0,92.0,4.0,0.41482,0.0,5.0,0.0,0.0,0.4733,그럼 그대로...,그럼 그대로…,,13.29,T4,구조검사 통과 시 유지,,20.753205128205128,16.42,P4,회귀검사 통과 시 유지
ABF-303,원문·사진 검증본,346,"00:24:38,860 --> 00:24:40,400",1.54,아직 부족하지?,"응, 그대로.",뭐라고 말해야 해?,반응형,,,손상된 일본어 ASR + 타임스탬프 사진 + 앞뒤 문맥 추론,중간,38.0,78.0,50.0,78.0,62.0,0.47661,0.0,14.0,0.0,0.0,0.4474,부족하지 않았어.,아직 부족하지?,손상된 일본어 ASR + 타임스탬프 사진 + 앞뒤 문맥 추론,25.98,T4,구조검사 통과 시 유지,,79.04647435897436,48.27,P3,말투·질문응답·가독성 위주 검토
ABF-303,원문·사진 검증본,347,"00:24:40,400 --> 00:24:42,300",1.9,뭐라고 말해야 해?,아직 부족하지?,빨아줬으면 좋겠어.,반말형,,,일본어 원문 대조 + 자연스러운 한국어 대사 교정,높음,96.0,90.0,50.0,92.0,4.0,0.64141,0.0,5.0,0.0,0.0,0.5719,뭐라고 해야 돼?,뭐라고 말하면 돼?,일본어 원문 대조 + 자연스러운 한국어 대사 교정,20.15,T4,구조검사 통과 시 유지,,50.80128205128205,33.02,P4,회귀검사 통과 시 유지
ABF-303,원문·사진 검증본,348,"00:24:42,440 --> 00:24:42,940",0.5,빨아줬으면 좋겠어.,뭐라고 말해야 해?,빨아줬으면 좋겠어.,반응형,,,,,88.0,90.0,50.0,78.0,12.0,0.51705,0.0,14.0,25.0,0.0,0.5618,핥아줬으면 좋겠어...,핥아줬으면 좋겠어…,,27.18,T4,구조검사 통과 시 유지,borderline_cps,81.73076923076923,50.09,P3,말투·질문응답·가독성 위주 검토
ABF-303,원문·사진 검증본,349,"00:24:44,940 --> 00:24:46,180",1.24,빨아줬으면 좋겠어.,빨아줬으면 좋겠어.,말로 부탁해 봐.,반응형,,,,,88.0,90.0,50.0,78.0,12.0,0.63231,0.0,14.0,0.0,0.0,0.5618,핥아줬으면 좋겠어...,핥아줬으면 좋겠어…,,29.52,T4,구조검사 통과 시 유지,,86.97916666666666,53.65,P3,말투·질문응답·가독성 위주 검토
ABF-303,원문·사진 검증본,350,"00:24:50,730 --> 00:24:51,390",0.66,말로 부탁해 봐.,빨아줬으면 좋겠어.,부탁할 거야?,반말형,,,일본어 원문 대조 + 자연스러운 한국어 대사 교정,높음,96.0,90.0,50.0,92.0,4.0,0.65978,20.35,5.0,0.0,0.0,0.8196,부탁해 봐.,말로 부탁해 봐.,일본어 원문 대조 + 자연스러운 한국어 대사 교정,23.34,T4,구조검사 통과 시 유지,,68.8301282051282,42.45,P3,말투·질문응답·가독성 위주 검토
ABF-303,원문·사진 검증본,351,"00:24:53,530 --> 00:24:54,710",1.18,부탁할 거야?,말로 부탁해 봐.,젖꼭지 빨아주세요.,반말형,,,일본어 원문 대조 + 자연스러운 한국어 대사 교정,높음,96.0,90.0,50.0,92.0,4.0,0.57312,0.0,5.0,0.0,0.0,0.3947,부탁하는 거야?,부탁할 거야?,일본어 원문 대조 + 자연스러운 한국어 대사 교정,18.08,T4,구조검사 통과 시 유지,,40.46474358974359,27.48,P4,회귀검사 통과 시 유지
ABF-303,원문·사진 검증본,352,"00:24:56,410 --> 00:24:58,090",1.68,젖꼭지 빨아주세요.,부탁할 거야?,귀엽네.,반응형,,,,,88.0,90.0,50.0,78.0,16.0,0.76748,0.0,14.0,0.0,0.0,0.6021,"조금만 더, 빨아주세요.",조금만 더 빨아 줘.,일본어 원문 대조 + 자연스러운 한국어 대사 교정,35.43,T3,화자·문맥·자연스러움 집중 검토,,95.51282051282051,60.66,P2,앞뒤 5블록·사진·오류 기억을 함께 검토
ABF-303,원문·사진 검증본,353,"00:24:59,510 --> 00:25:00,110",0.6,귀엽네.,젖꼭지 빨아주세요.,싫어.,반말형,,,,,88.0,90.0,50.0,78.0,12.0,0.3455,42.0,14.0,0.0,0.0,1.0,귀엽네.,그냥 벗었을 뿐이야.,일본어 원문 + 타임스탬프 사진 + 장면 연속성,25.03,T4,구조검사 통과 시 유지,,75.48076923076923,46.22,P3,말투·질문응답·가독성 위주 검토
ABF-303,원문·사진 검증본,354,"00:25:01,130 --> 00:25:01,530",0.4,싫어.,귀엽네.,방금 표정 엄청 야했어.,반응형,,,,,88.0,90.0,50.0,78.0,12.0,0.35753,0.38,14.0,0.0,0.0,0.6531,"음-, 싫어.",음… 싫어.,,18.04,T4,구조검사 통과 시 유지,,40.26442307692308,27.37,P4,회귀검사 통과 시 유지
ABF-303,원문·사진 검증본,355,"00:25:02,890 --> 00:25:04,110",1.22,방금 표정 엄청 야했어.,싫어.,눈 감아 줄게.,반응형,,,일본어 원문 대조 + 자연스러운 한국어 대사 교정,높음,96.0,90.0,50.0,92.0,4.0,0.72172,0.0,5.0,0.0,0.0,0.2072,"엄청난 표정이었어, 방금.",방금 표정 엄청 야했어.,일본어 원문 대조 + 자연스러운 한국어 대사 교정,22.57,T4,구조검사 통과 시 유지,,65.22435897435898,40.48,P3,말투·질문응답·가독성 위주 검토
ABF-303,원문·사진 검증본,356,"00:25:05,670 --> 00:25:06,270",0.6,눈 감아 줄게.,방금 표정 엄청 야했어.,눈 감고 있을게.,반응형,,,일본어 원문 대조 + 자연스러운 한국어 대사 교정,높음,96.0,90.0,50.0,92.0,4.0,0.66966,0.0,5.0,0.0,0.0,0.5579,눈 감아 줄래.,눈 감고 있을게.,일본어 원문 대조 + 자연스러운 한국어 대사 교정,21.0,T4,구조검사 통과 시 유지,,55.568910256410255,35.52,P4,회귀검사 통과 시 유지
ABF-303,원문·사진 검증본,357,"00:25:09,970 --> 00:25:11,210",1.24,눈 감고 있을게.,눈 감아 줄게.,그러니까 해 줘.,중립·혼합형,,,일본어 원문 대조 + 자연스러운 한국어 대사 교정,높음,96.0,90.0,50.0,92.0,4.0,0.71116,0.0,5.0,0.0,0.0,0.1936,엉덩이를 먹을게.,엉덩이도 핥아 줄게.,,22.25,T4,구조검사 통과 시 유지,,63.30128205128205,39.49,P4,회귀검사 통과 시 유지
ABF-303,원문·사진 검증본,358,"00:25:12,630 --> 00:25:14,110",1.48,그러니까 해 줘.,눈 감고 있을게.,다 했어?,반말형,,,일본어 원문 대조 + 자연스러운 한국어 대사 교정,높음,96.0,90.0,50.0,92.0,4.0,0.61335,0.0,5.0,0.0,0.0,0.6002,그러니까 아직 안 왔어요.,아직 안 왔네요.,사진 장면 확인 및 한국어 번역투·ASR 오역 교정,19.3,T4,구조검사 통과 시 유지,,46.03365384615385,30.53,P4,회귀검사 통과 시 유지
ABF-303,원문·사진 검증본,359,"00:25:32,290 --> 00:25:38,410",6.12,다 했어?,그러니까 해 줘.,잠깐 쉬었다 할게.,반응형,,,일본어 원문 대조 + 자연스러운 한국어 대사 교정,높음,96.0,90.0,50.0,92.0,4.0,0.64881,0.0,5.0,0.0,0.0,0.2759,부활했어?,다시 섰어?,일본어 원문 대조 + 자연스러운 한국어 대사 교정,20.37,T4,구조검사 통과 시 유지,,52.083333333333336,33.69,P4,회귀검사 통과 시 유지
ABF-303,원문·사진 검증본,360,"00:25:41,830 --> 00:25:43,090",1.26,잠깐 쉬었다 할게.,다 했어?,조금만 쉬자.,반응형,,,일본어 원문 대조 + 자연스러운 한국어 대사 교정,높음,96.0,90.0,50.0,92.0,4.0,0.77218,0.0,5.0,0.0,0.0,0.5995,잠깐 쉬었다 갈게요.,조금만 쉬자.,일본어 원문 대조 + 자연스러운 한국어 대사 교정,24.1,T4,구조검사 통과 시 유지,,72.23557692307693,44.32,P3,말투·질문응답·가독성 위주 검토
ABF-303,원문·사진 검증본,361,"00:25:45,430 --> 00:25:47,330",1.9,조금만 쉬자.,잠깐 쉬었다 할게.,조금만 더 해 줘.,중립·혼합형,,,일본어 원문 대조 + 자연스러운 한국어 대사 교정,높음,96.0,90.0,50.0,92.0,4.0,0.76436,42.0,5.0,0.0,0.0,1.0,조금만 쉬자.,조금 쉬자.,일본어 원문 대조 + 자연스러운 한국어 대사 교정,29.31,T4,구조검사 통과 시 유지,,86.29807692307693,53.24,P3,말투·질문응답·가독성 위주 검토
ABF-303,원문·사진 검증본,362,"00:25:48,730 --> 00:25:49,890",1.16,조금만 더 해 줘.,조금만 쉬자.,조금만 더 빨아 줘.,반말형,,,일본어 원문 대조 + 자연스러운 한국어 대사 교정,높음,96.0,90.0,50.0,92.0,4.0,0.74202,2.78,5.0,0.0,0.0,0.6732,조금만 더 해 주세요.,조금만 더 해 줘.,일본어 원문 대조 + 자연스러운 한국어 대사 교정,23.55,T4,구조검사 통과 시 유지,,69.75160256410257,42.95,P3,말투·질문응답·가독성 위주 검토
ABF-303,원문·사진 검증본,363,"00:25:52,370 --> 00:25:54,470",2.1,조금만 더 빨아 줘.,조금만 더 해 줘.,어떻게 해 주는 게 좋아?,반응형,,,일본어 원문 대조 + 자연스러운 한국어 대사 교정,높음,96.0,90.0,50.0,92.0,4.0,0.79969,0.0,5.0,0.0,0.0,0.5098,조금만 더 해 주세요.,조금만 더 해 줘.,일본어 원문 대조 + 자연스러운 한국어 대사 교정,24.93,T4,구조검사 통과 시 유지,,75.24038461538461,46.06,P3,말투·질문응답·가독성 위주 검토
ABF-303,원문·사진 검증본,364,"00:26:15,200 --> 00:26:17,560",2.36,어떻게 해 주는 게 좋아?,조금만 더 빨아 줘.,어떤 식으로?,반응형,,,일본어 원문 대조 + 자연스러운 한국어 대사 교정,높음,96.0,90.0,50.0,92.0,4.0,0.78268,7.63,5.0,0.0,0.0,0.7135,어떻게 먹는 게 좋아?,어떻게 해 주는 게 좋아?,일본어 원문 대조 + 자연스러운 한국어 대사 교정,25.41,T4,구조검사 통과 시 유지,,77.04326923076923,47.1,P3,말투·질문응답·가독성 위주 검토
ABF-303,원문·사진 검증본,365,"00:26:18,040 --> 00:26:19,260",1.22,어떤 식으로?,어떻게 해 주는 게 좋아?,전부 기분 좋게 해 줄게.,반응형,,,일본어 원문 대조 + 자연스러운 한국어 대사 교정,높음,96.0,90.0,50.0,92.0,4.0,0.56378,0.0,5.0,0.0,0.0,0.4374,어떤 식으로 가고 있는지.,어떻게 가고 있는지.,,17.8,T4,구조검사 통과 시 유지,,39.30288461538461,26.83,P4,회귀검사 통과 시 유지
ABF-303,원문·사진 검증본,366,"00:26:27,880 --> 00:26:29,180",1.3,전부 기분 좋게 해 줄게.,어떤 식으로?,세 가지로 해 볼게.,반말형,,,,,88.0,90.0,50.0,78.0,12.0,0.72517,2.18,14.0,0.0,0.0,0.6681,"누나, 기분 좋게 해 줄게.",나도 기분 좋게 해 줄게.,사진 장면 확인 및 한국어 번역투·ASR 오역 교정,33.81,T4,구조검사 통과 시 유지,,93.6698717948718,58.95,P2,앞뒤 5블록·사진·오류 기억을 함께 검토
ABF-303,원문·사진 검증본,367,"00:26:36,560 --> 00:26:37,860",1.3,세 가지로 해 볼게.,전부 기분 좋게 해 줄게.,어디가 좋은지 아직 모르겠어?,반말형,,,일본어 원문 대조 + 자연스러운 한국어 대사 교정,높음,96.0,90.0,50.0,92.0,4.0,0.79504,0.0,5.0,0.0,0.0,0.577,세 가지로 해 볼 테니까.,세 가지로 해 볼게.,일본어 원문 대조 + 자연스러운 한국어 대사 교정,24.79,T4,구조검사 통과 시 유지,,74.59935897435898,45.71,P3,말투·질문응답·가독성 위주 검토
ABF-303,원문·사진 검증본,368,"00:27:09,860 --> 00:27:11,720",1.86,어디가 좋은지 아직 모르겠어?,세 가지로 해 볼게.,몸이 원래 이렇게 뜨거워?,반응형,,,일본어 원문 대조 + 자연스러운 한국어 대사 교정,높음,96.0,90.0,50.0,92.0,4.0,0.84247,36.52,5.0,0.0,0.0,0.9543,어디가 좋은지 모르겠어?,어디가 좋은지 아직 모르겠어?,일본어 원문 대조 + 자연스러운 한국어 대사 교정,30.96,T4,구조검사 통과 시 유지,,89.74358974358975,55.65,P3,말투·질문응답·가독성 위주 검토
ABF-303,원문·사진 검증본,369,"00:28:03,060 --> 00:28:05,020",1.96,몸이 원래 이렇게 뜨거워?,어디가 좋은지 아직 모르겠어?,엄청 분홍색이네.,중립·혼합형,,,일본어 원문 대조 + 자연스러운 한국어 대사 교정,높음,96.0,90.0,50.0,92.0,4.0,0.76843,0.0,5.0,0.0,0.0,0.2481,이렇게 몸을 빼 주세요.,이렇게 몸을 뒤로 빼 주세요.,동작 방향 명확화,23.99,T4,구조검사 통과 시 유지,,71.9150641025641,44.12,P3,말투·질문응답·가독성 위주 검토
ABF-303,원문·사진 검증본,370,"00:28:07,180 --> 00:28:09,000",1.82,엄청 분홍색이네.,몸이 원래 이렇게 뜨거워?,대단해.,반말형,,,,,88.0,90.0,50.0,78.0,12.0,0.5411,0.0,14.0,0.0,0.0,0.2263,엄청 적극적이네.,오늘은 꽤 적극적이네.,일본어 원문 대조 + 자연스러운 한국어 대사 교정,25.69,T4,구조검사 통과 시 유지,,78.125,47.71,P3,말투·질문응답·가독성 위주 검토
ABF-303,원문·사진 검증본,371,"00:28:11,100 --> 00:28:11,620",0.52,대단해.,엄청 분홍색이네.,잠깐만.,반말형,,,,,88.0,90.0,50.0,78.0,12.0,0.35769,42.0,14.0,0.0,0.0,1.0,대단해.,기분 좋네.,일본어 원문 + 타임스탬프 사진 + 장면 연속성,25.54,T4,구조검사 통과 시 유지,,77.56410256410257,47.39,P3,말투·질문응답·가독성 위주 검토
ABF-303,원문·사진 검증본,372,"00:28:11,620 --> 00:28:12,420",0.8,잠깐만.,대단해.,가까워.,반응형,,,일본어 원문 대조 + 자연스러운 한국어 대사 교정,높음,96.0,90.0,50.0,92.0,4.0,0.46761,13.33,5.0,0.0,0.0,0.7611,하아… 잠깐만.,목욕물 받아 놓은 거지?,일본어 원문 + 타임스탬프 사진 + 장면 연속성,16.62,T4,구조검사 통과 시 유지,,33.092948717948715,23.54,P4,회귀검사 통과 시 유지
ABF-303,원문·사진 검증본,373,"00:28:12,460 --> 00:28:13,720",1.26,가까워.,잠깐만.,눈물까지 고였어.,중립·혼합형,,,,,88.0,90.0,50.0,78.0,12.0,0.44896,13.56,14.0,0.0,0.0,0.763,귀여워. 가까워.,귀여워. 너무 가까워.,일본어 원문 대조 + 자연스러운 한국어 대사 교정,24.26,T4,구조검사 통과 시 유지,,72.91666666666666,44.7,P3,말투·질문응답·가독성 위주 검토
ABF-303,원문·사진 검증본,374,"00:28:14,380 --> 00:28:27,060",12.68,눈물까지 고였어.,가까워.,빠는 것도 좋아해?,반응형,,,일본어 원문 대조 + 자연스러운 한국어 대사 교정,높음,96.0,90.0,50.0,92.0,4.0,0.53632,0.0,5.0,0.0,0.0,0.618,눈물이 고였어.,눈물까지 고였어.,일본어 원문 대조 + 자연스러운 한국어 대사 교정,16.97,T4,구조검사 통과 시 유지,,34.93589743589743,24.52,P4,회귀검사 통과 시 유지
ABF-303,원문·사진 검증본,375,"00:28:37,610 --> 00:28:39,090",1.48,빠는 것도 좋아해?,눈물까지 고였어.,응.,반응형,,,,,88.0,90.0,50.0,78.0,12.0,0.48694,0.0,14.0,0.0,0.0,0.5798,유두 좋아해?,젖꼭지 좋아해?,,23.41,T4,구조검사 통과 시 유지,,69.03044871794873,42.57,P3,말투·질문응답·가독성 위주 검토
ABF-303,원문·사진 검증본,376,"00:28:40,370 --> 00:28:40,750",0.38,응.,빠는 것도 좋아해?,조금 차가워.,반응형,,,,,88.0,90.0,50.0,78.0,12.0,0.07205,0.0,14.0,0.0,0.0,0.4286,"하-, 응.",하아… 응.,,5.99,T4,구조검사 통과 시 유지,,3.125,4.79,P4,회귀검사 통과 시 유지
ABF-303,원문·사진 검증본,377,"00:28:41,470 --> 00:28:43,030",1.56,조금 차가워.,응.,아직 안 졸리지?,중립·혼합형,,,,,88.0,90.0,50.0,78.0,12.0,0.51618,29.58,14.0,0.0,0.0,0.8965,차가워.,할 수 있겠어?,일본어 원문 + 타임스탬프 사진 + 장면 연속성,29.96,T4,구조검사 통과 시 유지,,88.06089743589743,54.36,P3,말투·질문응답·가독성 위주 검토
ABF-303,원문·사진 검증본,378,"00:28:43,030 --> 00:28:46,070",3.04,아직 안 졸리지?,조금 차가워.,안 졸려?,반응형,,,일본어 원문 대조 + 자연스러운 한국어 대사 교정,높음,96.0,90.0,50.0,92.0,4.0,0.55883,0.0,5.0,0.0,0.0,0.3411,너무 졸리지 않아?,눈썹도 예쁘네. 너무 진하지도 않고.,손상된 일본어 ASR + 타임스탬프 사진 + 앞뒤 문맥 추론,17.65,T4,구조검사 통과 시 유지,,38.141025641025635,26.26,P4,회귀검사 통과 시 유지
ABF-303,원문·사진 검증본,379,"00:29:04,650 --> 00:29:05,290",0.64,안 졸려?,아직 안 졸리지?,빠는 것도 잘하지?,중립·혼합형,,,,,88.0,90.0,50.0,78.0,12.0,0.48299,42.0,14.0,0.0,0.0,1.0,안 졸려? 안 졸려?,아직 안 졸리지?,일본어 원문 대조 + 자연스러운 한국어 대사 교정,30.81,T4,구조검사 통과 시 유지,,89.58333333333334,55.49,P3,말투·질문응답·가독성 위주 검토
ABF-303,원문·사진 검증본,380,"00:29:06,990 --> 00:29:08,930",1.94,빠는 것도 잘하지?,안 졸려?,정말 잘 빠네.,반말형,,,일본어 원문 대조 + 자연스러운 한국어 대사 교정,높음,96.0,90.0,50.0,92.0,4.0,0.69434,0.0,5.0,0.0,0.0,0.4812,빠는 것도 잘하는 편이지?,빠는 것도 잘하지?,일본어 원문 대조 + 자연스러운 한국어 대사 교정,21.75,T4,구조검사 통과 시 유지,,60.69711538461539,38.11,P4,회귀검사 통과 시 유지
ABF-303,원문·사진 검증본,381,"00:29:14,660 --> 00:29:16,760",2.1,정말 잘 빠네.,빠는 것도 잘하지?,잘한다.,반말형,,,일본어 원문 대조 + 자연스러운 한국어 대사 교정,높음,96.0,90.0,50.0,92.0,4.0,0.70894,26.33,5.0,0.0,0.0,0.8694,잘 빠네.,잘한다.,일본어 원문 대조 + 자연스러운 한국어 대사 교정,25.6,T4,구조검사 통과 시 유지,,77.88461538461539,47.56,P3,말투·질문응답·가독성 위주 검토
ABF-303,원문·사진 검증본,382,"00:29:22,880 --> 00:29:24,380",1.5,잘한다.,정말 잘 빠네.,이렇게 빠는 거 좋아해?,중립·혼합형,,,일본어 원문 대조 + 자연스러운 한국어 대사 교정,높음,96.0,90.0,50.0,92.0,4.0,0.41396,0.0,5.0,0.0,0.0,0.1476,‘정말 잘한다’고 말하면 꽤 기뻐했어요. 실제로도 잘했고요. 그렇게 칭찬받아 기뻐한 일과…,"'정말 잘한다'고 말하면 꽤 기뻐했어요. 실제로도 잘했고, 칭찬받는 걸 좋아했어요.",화자·문장 구조 정리,13.27,T4,구조검사 통과 시 유지,,20.592948717948715,16.35,P4,회귀검사 통과 시 유지
ABF-303,원문·사진 검증본,383,"00:29:26,860 --> 00:29:27,880",1.02,이렇게 빠는 거 좋아해?,잘한다.,더 빨고 싶어?,반응형,,,일본어 원문 대조 + 자연스러운 한국어 대사 교정,높음,96.0,90.0,50.0,92.0,4.0,0.55681,0.0,5.0,0.0,0.0,0.5388,유두 좋아해?,젖꼭지 좋아해?,,17.59,T4,구조검사 통과 시 유지,,38.06089743589743,26.19,P4,회귀검사 통과 시 유지
ABF-303,원문·사진 검증본,384,"00:29:29,120 --> 00:29:30,240",1.12,더 빨고 싶어?,이렇게 빠는 거 좋아해?,대단해.,반응형,,,일본어 원문 대조 + 자연스러운 한국어 대사 교정,높음,96.0,90.0,50.0,92.0,4.0,0.55015,29.05,5.0,0.0,0.0,0.8921,잘 빨고 싶어?,계속 빨고 싶어?,일본어 원문 대조 + 자연스러운 한국어 대사 교정,21.15,T4,구조검사 통과 시 유지,,56.891025641025635,36.16,P4,회귀검사 통과 시 유지
ABF-303,원문·사진 검증본,385,"00:29:51,930 --> 00:29:52,570",0.64,대단해.,더 빨고 싶어?,계속 빨고 싶어?,반말형,,,,,88.0,90.0,50.0,78.0,12.0,0.31384,42.0,14.0,0.0,0.0,1.0,대단해.,기분 좋네.,일본어 원문 + 타임스탬프 사진 + 장면 연속성,23.7,T4,구조검사 통과 시 유지,,70.67307692307693,43.43,P3,말투·질문응답·가독성 위주 검토
ABF-303,원문·사진 검증본,386,"00:29:54,830 --> 00:29:55,870",1.04,계속 빨고 싶어?,대단해.,빨고 싶어?,반응형,,,일본어 원문 대조 + 자연스러운 한국어 대사 교정,높음,96.0,90.0,50.0,92.0,4.0,0.54276,19.88,5.0,0.0,0.0,0.8157,잘 빨고 싶어?,계속 빨고 싶어?,일본어 원문 대조 + 자연스러운 한국어 대사 교정,19.74,T4,구조검사 통과 시 유지,,48.4375,31.79,P4,회귀검사 통과 시 유지
ABF-303,원문·사진 검증본,387,"00:30:01,250 --> 00:30:02,070",0.82,빨고 싶어?,계속 빨고 싶어?,빨고 싶어?,반응형,,,,,88.0,90.0,50.0,78.0,12.0,0.35644,34.93,14.0,0.0,0.0,0.9411,잘 빨고 싶어?,계속 빨고 싶어?,일본어 원문 대조 + 자연스러운 한국어 대사 교정,24.22,T4,구조검사 통과 시 유지,,72.71634615384616,44.59,P3,말투·질문응답·가독성 위주 검토
ABF-303,원문·사진 검증본,388,"00:30:02,150 --> 00:30:02,570",0.42,빨고 싶어?,빨고 싶어?,아까부터 빨 생각만 했지?,반응형,,,,,88.0,90.0,50.0,78.0,12.0,0.35172,34.93,14.0,0.0,0.0,0.9411,잘 빨고 싶어?,계속 빨고 싶어?,일본어 원문 대조 + 자연스러운 한국어 대사 교정,24.02,T4,구조검사 통과 시 유지,,72.03525641025641,44.19,P3,말투·질문응답·가독성 위주 검토
ABF-303,원문·사진 검증본,389,"00:30:04,930 --> 00:30:06,390",1.46,아까부터 빨 생각만 했지?,빨고 싶어?,역시 생각하고 있었구나.,반응형,,,일본어 원문 대조 + 자연스러운 한국어 대사 교정,높음,96.0,90.0,50.0,92.0,4.0,0.6282,0.0,5.0,0.0,0.0,0.2602,아까부터 물어봤잖아. 이렇게나 많이...,아까부터 물어봤잖아. 이렇게나 많이…,,19.75,T4,구조검사 통과 시 유지,,48.55769230769231,31.85,P4,회귀검사 통과 시 유지
ABF-303,원문·사진 검증본,390,"00:30:09,770 --> 00:30:11,110",1.34,역시 생각하고 있었구나.,아까부터 빨 생각만 했지?,빨고 싶다고 생각했어.,중립·혼합형,,,일본어 원문 대조 + 자연스러운 한국어 대사 교정,높음,96.0,90.0,50.0,92.0,4.0,0.67412,32.94,5.0,0.0,0.0,0.9245,생각하고 있었구나.,역시 생각하고 있었구나.,일본어 원문 대조 + 자연스러운 한국어 대사 교정,25.4,T4,구조검사 통과 시 유지,,76.92307692307693,47.04,P3,말투·질문응답·가독성 위주 검토
ABF-303,원문·사진 검증본,391,"00:30:13,830 --> 00:30:19,590",5.76,빨고 싶다고 생각했어.,역시 생각하고 있었구나.,하하.,반응형,,,,,88.0,90.0,50.0,78.0,12.0,0.69504,42.0,14.0,0.0,0.0,1.0,빨고 싶다고 생각했어.,계속 빨아 보고 싶었어.,일본어 원문 대조 + 자연스러운 한국어 대사 교정,39.71,T3,화자·문맥·자연스러움 집중 검토,,98.5576923076923,64.43,P2,앞뒤 5블록·사진·오류 기억을 함께 검토
ABF-303,원문·사진 검증본,392,"00:30:22,570 --> 00:30:22,830",0.26,하하.,빨고 싶다고 생각했어.,거기부터 핥는 거야?,중립·혼합형,,,,,88.0,90.0,50.0,78.0,12.0,0.33564,0.0,14.0,0.0,0.0,0.0416,"하아, 하아...","하아, 하아…",,17.06,T4,구조검사 통과 시 유지,,35.37660256410257,24.75,P4,회귀검사 통과 시 유지
ABF-303,원문·사진 검증본,393,"00:30:37,420 --> 00:30:38,500",1.08,거기부터 핥는 거야?,하하.,혀로 천천히 핥아.,반말형,,,일본어 원문 대조 + 자연스러운 한국어 대사 교정,높음,96.0,90.0,50.0,92.0,8.0,0.82862,0.0,5.0,0.0,0.0,0.3277,거기서부터 빠는 거야?,거기부터 핥는 거야?,일본어 원문 대조 + 자연스러운 한국어 대사 교정,25.98,T4,구조검사 통과 시 유지,,79.04647435897436,48.27,P3,말투·질문응답·가독성 위주 검토
ABF-303,원문·사진 검증본,394,"00:30:40,020 --> 00:30:40,840",0.82,혀로 천천히 핥아.,거기부터 핥는 거야?,"그래, 혀로.",반응형,,,일본어 원문 대조 + 자연스러운 한국어 대사 교정,높음,96.0,90.0,50.0,92.0,12.0,0.89401,15.5,5.0,0.0,0.0,0.7791,혀로 핥아.,그대로 핥아 줘.,일본어 원문 대조 + 자연스러운 한국어 대사 교정,30.14,T4,구조검사 통과 시 유지,,88.50160256410257,54.65,P3,말투·질문응답·가독성 위주 검토
ABF-303,원문·사진 검증본,395,"00:30:41,320 --> 00:30:42,060",0.74,"그래, 혀로.",혀로 천천히 핥아.,그대로 핥아 줘.,중립·혼합형,,,일본어 원문 대조 + 자연스러운 한국어 대사 교정,높음,96.0,90.0,50.0,92.0,8.0,0.74403,0.0,5.0,0.0,0.0,0.321,"너도 기분 좋지? 안 그래, 사야.","너도 좋지? 그렇지, 사야?",대화체 자연화,23.42,T4,구조검사 통과 시 유지,,69.19070512820514,42.64,P3,말투·질문응답·가독성 위주 검토
ABF-303,원문·사진 검증본,396,"00:30:44,080 --> 00:30:45,100",1.02,그대로 핥아 줘.,"그래, 혀로.",아래쪽부터 핥아 주는 거지?,반응형,,,일본어 원문 대조 + 자연스러운 한국어 대사 교정,높음,96.0,90.0,50.0,92.0,8.0,0.63313,0.0,5.0,0.0,0.0,0.3848,그대로 엉덩이 찍게 해줘.,그대로 엉덩이 찍게 해 줘.,,20.07,T4,구조검사 통과 시 유지,,50.120192307692314,32.69,P4,회귀검사 통과 시 유지
ABF-303,원문·사진 검증본,397,"00:30:45,100 --> 00:30:46,840",1.74,아래쪽부터 핥아 주는 거지?,그대로 핥아 줘.,"아, 거기 기분 좋아.",반응형,,,일본어 원문 대조 + 자연스러운 한국어 대사 교정,높음,96.0,90.0,50.0,92.0,8.0,0.66829,0.0,5.0,0.0,0.0,0.528,아래에서부터 핥아 주는 거지?,아래쪽부터 핥아 주는 거지?,일본어 원문 대조 + 자연스러운 한국어 대사 교정,21.13,T4,구조검사 통과 시 유지,,56.65064102564102,36.05,P4,회귀검사 통과 시 유지
ABF-303,원문·사진 검증본,398,"00:30:54,380 --> 00:30:55,580",1.2,"아, 거기 기분 좋아.",아래쪽부터 핥아 주는 거지?,기분 좋아?,반응형,,,,,88.0,90.0,50.0,78.0,12.0,0.44528,5.53,14.0,0.0,0.0,0.696,기분 좋아.,"아, 좋아.",화면 영문 자막 대조,22.66,T4,구조검사 통과 시 유지,,65.38461538461539,40.6,P3,말투·질문응답·가독성 위주 검토
ABF-303,원문·사진 검증본,399,"00:30:55,580 --> 00:30:57,180",1.6,기분 좋아?,"아, 거기 기분 좋아.",거기 기분 좋아?,반응형,,,,,88.0,90.0,50.0,78.0,12.0,0.28768,0.0,14.0,0.0,0.0,0.5985,"아, 거기... 기분 좋아?","아, 거기… 기분 좋아?",,15.04,T4,구조검사 통과 시 유지,,26.682692307692307,19.93,P4,회귀검사 통과 시 유지
ABF-303,원문·사진 검증본,400,"00:31:03,640 --> 00:31:05,180",1.54,거기 기분 좋아?,기분 좋아?,귀두 바로 밑?,반응형,,,,,88.0,90.0,50.0,78.0,12.0,0.50333,0.0,14.0,0.0,0.0,0.5838,"아, 거기... 기분 좋아?","아, 거기… 기분 좋아?",,24.1,T4,구조검사 통과 시 유지,,72.23557692307693,44.32,P3,말투·질문응답·가독성 위주 검토
ABF-303,원문·사진 검증본,401,"00:31:05,500 --> 00:31:06,100",0.6,귀두 바로 밑?,거기 기분 좋아?,그 밑줄기?,중립·혼합형,,,일본어 원문 대조 + 자연스러운 한국어 대사 교정,높음,96.0,90.0,50.0,92.0,4.0,0.51658,0.0,5.0,0.0,0.0,0.5959,자지 끝 바로 밑?,귀두 바로 밑?,일본어 원문 대조 + 자연스러운 한국어 대사 교정,16.37,T4,구조검사 통과 시 유지,,31.73076923076923,22.82,P4,회귀검사 통과 시 유지
ABF-303,원문·사진 검증본,402,"00:31:06,100 --> 00:31:07,020",0.92,그 밑줄기?,귀두 바로 밑?,그대로 빨아 줬으면 좋겠어.,중립·혼합형,,,일본어 원문 대조 + 자연스러운 한국어 대사 교정,높음,96.0,90.0,50.0,92.0,4.0,0.45739,0.0,5.0,0.0,0.0,0.1458,그 밑부분?,그 밑줄기?,일본어 원문 대조 + 자연스러운 한국어 대사 교정,14.58,T4,구조검사 통과 시 유지,,25.440705128205128,19.14,P4,회귀검사 통과 시 유지
ABF-303,원문·사진 검증본,403,"00:31:15,940 --> 00:31:17,760",1.82,그대로 빨아 줬으면 좋겠어.,그 밑줄기?,안 돼?,반응형,,,,,88.0,90.0,50.0,78.0,12.0,0.61886,0.0,14.0,0.0,0.0,0.3996,핥아줬으면 좋겠어...,핥아줬으면 좋겠어…,,28.95,T4,구조검사 통과 시 유지,,85.73717948717949,52.8,P3,말투·질문응답·가독성 위주 검토
ABF-303,원문·사진 검증본,404,"00:31:18,440 --> 00:31:19,220",0.78,안 돼?,그대로 빨아 줬으면 좋겠어.,"응, 안 돼.",중립·혼합형,,,,,88.0,90.0,50.0,78.0,12.0,0.25459,0.0,14.0,0.0,0.0,0.5837,유두는 안 돼?,젖꼭지는 안 돼?,,13.65,T4,구조검사 통과 시 유지,,21.834935897435898,17.09,P4,회귀검사 통과 시 유지
ABF-303,원문·사진 검증본,405,"00:31:19,420 --> 00:31:21,360",1.94,"응, 안 돼.",안 돼?,나는…,반응형,,,,,88.0,90.0,50.0,78.0,12.0,0.30066,12.56,14.0,0.0,0.0,0.7547,안 돼.,"네, 놀랐어요.",타임스탬프 사진과 앞뒤 장면으로 대사 기능 복원,17.85,T4,구조검사 통과 시 유지,,39.58333333333333,26.98,P4,회귀검사 통과 시 유지
ABF-303,원문·사진 검증본,406,"00:31:21,360 --> 00:31:22,420",1.06,나는…,"응, 안 돼.",조금만 더… 지금 좋아.,중립·혼합형,,,,,88.0,90.0,50.0,78.0,12.0,0.17761,0.0,14.0,0.0,0.0,0.2217,저는…,더 해 줘.,타임스탬프 사진과 장면 흐름으로 명백한 오인식 교정,10.42,T4,구조검사 통과 시 유지,,12.660256410256409,11.36,P4,회귀검사 통과 시 유지
ABF-303,원문·사진 검증본,407,"00:31:22,420 --> 00:31:27,580",5.16,조금만 더… 지금 좋아.,나는…,하아.,반응형,,,,,88.0,90.0,50.0,78.0,12.0,0.55549,0.0,14.0,0.0,0.0,0.6133,"조금만 더… 아, 기분 좋아…","조금만 더… 아, 좋아…",손상된 일본어 ASR + 타임스탬프 사진 + 앞뒤 문맥 추론,26.29,T4,구조검사 통과 시 유지,,79.92788461538461,48.82,P3,말투·질문응답·가독성 위주 검토
ABF-303,원문·사진 검증본,408,"00:31:33,530 --> 00:31:34,730",1.2,하아.,조금만 더… 지금 좋아.,계속 움찔거리고 있네.,반응형,,,,,88.0,90.0,50.0,78.0,12.0,0.40795,42.0,14.0,0.0,0.0,1.0,하아.,조금만…,타임스탬프 사진으로 장면 불일치 확인 후 재복원,27.65,T4,구조검사 통과 시 유지,,83.09294871794873,50.94,P3,말투·질문응답·가독성 위주 검토
ABF-303,원문·사진 검증본,409,"00:31:34,730 --> 00:31:37,410",2.68,계속 움찔거리고 있네.,하아.,벌써 끝이…,반말형,,,일본어 원문 대조 + 자연스러운 한국어 대사 교정,높음,96.0,90.0,50.0,92.0,4.0,0.71292,23.02,5.0,0.0,0.0,0.8418,계속 움찔거리고 있어.,계속 움찔거리고 있네.,일본어 원문 대조 + 자연스러운 한국어 대사 교정,25.29,T4,구조검사 통과 시 유지,,76.16185897435898,46.66,P3,말투·질문응답·가독성 위주 검토
ABF-303,원문·사진 검증본,410,"00:31:38,850 --> 00:31:40,030",1.18,벌써 끝이…,계속 움찔거리고 있네.,아직 깨끗하지 않지.,중립·혼합형,,,손상된 일본어 ASR + 타임스탬프 사진 + 앞뒤 문맥 추론,중간,38.0,78.0,50.0,78.0,62.0,0.55328,0.0,14.0,0.0,0.0,0.3962,벌써 끝부분이…,벌써 끝이…,손상된 일본어 ASR + 타임스탬프 사진 + 앞뒤 문맥 추론,29.2,T4,구조검사 통과 시 유지,,86.0576923076923,53.08,P3,말투·질문응답·가독성 위주 검토
ABF-303,원문·사진 검증본,411,"00:31:40,030 --> 00:31:41,170",1.14,아직 깨끗하지 않지.,벌써 끝이…,에헤헤헤.,반응형,,,손상된 일본어 ASR + 타임스탬프 사진 + 앞뒤 문맥 추론,중간,38.0,78.0,50.0,78.0,62.0,0.66509,0.0,14.0,0.0,0.0,0.5959,깨끗하지 않아.,아직 깨끗하지 않지.,손상된 일본어 ASR + 타임스탬프 사진 + 앞뒤 문맥 추론,33.89,T4,구조검사 통과 시 유지,,94.15064102564102,59.2,P2,앞뒤 5블록·사진·오류 기억을 함께 검토
ABF-303,원문·사진 검증본,412,"00:31:41,170 --> 00:31:42,470",1.3,에헤헤헤.,아직 깨끗하지 않지.,나만 생각하면 돼.,중립·혼합형,,,,,88.0,90.0,50.0,78.0,12.0,0.43875,0.0,14.0,0.0,0.0,0.2283,헤헤...,헤헤…,,21.39,T4,구조검사 통과 시 유지,,58.293269230769226,36.89,P4,회귀검사 통과 시 유지
ABF-303,원문·사진 검증본,413,"00:31:42,470 --> 00:31:43,990",1.52,나만 생각하면 돼.,에헤헤헤.,좀 빨아 줬으면 했어.,중립·혼합형,,,일본어 원문 대조 + 자연스러운 한국어 대사 교정,높음,96.0,90.0,50.0,92.0,4.0,0.69618,0.0,5.0,0.0,0.0,0.4238,몸을 생각하면 제대로 하는 게 맞아요.,몸에 무리가 가지 않게 제대로 해야 해요.,,21.8,T4,구조검사 통과 시 유지,,61.25801282051282,38.37,P4,회귀검사 통과 시 유지
ABF-303,원문·사진 검증본,414,"00:32:01,820 --> 00:32:03,600",1.78,좀 빨아 줬으면 했어.,나만 생각하면 돼.,아.,반응형,,,,,88.0,90.0,50.0,78.0,12.0,0.67468,0.0,14.0,0.0,0.0,0.4004,빨아 줬으면 좋겠는데… 괜찮아요?,거기 좋아… 그대로 해 줘.,손상된 일본어 ASR + 타임스탬프 사진 + 앞뒤 문맥 추론,31.3,T4,구조검사 통과 시 유지,,90.30448717948718,56.08,P3,말투·질문응답·가독성 위주 검토
ABF-303,원문·사진 검증본,415,"00:32:05,420 --> 00:32:05,860",0.44,아.,좀 빨아 줬으면 했어.,미안해.,반응형,,,,,88.0,90.0,50.0,78.0,12.0,0.33796,0.0,14.0,0.0,0.0,0.4618,"왠지, 아.","아, 뭐야.",일본어 원문 대조 + 자연스러운 한국어 대사 교정,17.15,T4,구조검사 통과 시 유지,,35.9775641025641,25.06,P4,회귀검사 통과 시 유지
ABF-303,원문·사진 검증본,416,"00:32:25,330 --> 00:32:26,190",0.86,미안해.,아.,완전히 커졌네.,반말형,,,일본어 원문 대조 + 자연스러운 한국어 대사 교정,높음,96.0,90.0,50.0,92.0,4.0,0.41752,19.16,5.0,0.0,0.0,0.8097,아... 미안해.,아… 미안해.,,15.86,T4,구조검사 통과 시 유지,,29.807692307692307,21.72,P4,회귀검사 통과 시 유지
ABF-303,원문·사진 검증본,417,"00:32:26,910 --> 00:32:28,270",1.36,완전히 커졌네.,미안해.,냄새나? 괜찮아?,반말형,,,일본어 원문 대조 + 자연스러운 한국어 대사 교정,높음,96.0,90.0,50.0,92.0,4.0,0.52551,0.0,5.0,0.0,0.0,0.3197,완전히 고개를 돌리네.,완전히 얼굴을 돌리네.,손상된 일본어 ASR + 타임스탬프 사진 + 앞뒤 문맥 추론,16.64,T4,구조검사 통과 시 유지,,33.33333333333333,23.65,P4,회귀검사 통과 시 유지
ABF-303,원문·사진 검증본,418,"00:32:45,560 --> 00:32:46,440",0.88,냄새나? 괜찮아?,완전히 커졌네.,냄새나? 괜찮아?,반응형,,,,,88.0,90.0,50.0,78.0,12.0,0.40797,0.0,14.0,0.0,0.0,0.3219,더 해줘도 돼? 더 해줘. 괜찮아?,더 해 줘도 돼? 더 해 줘. 괜찮아?,,20.09,T4,구조검사 통과 시 유지,,50.24038461538461,32.75,P4,회귀검사 통과 시 유지
ABF-303,원문·사진 검증본,419,"00:32:49,220 --> 00:32:49,520",0.3,냄새나? 괜찮아?,냄새나? 괜찮아?,괜찮아?,반응형,,,,,88.0,90.0,50.0,78.0,12.0,0.37743,0.0,14.0,63.33,0.0,0.3219,더 해줘도 돼? 더 해줘. 괜찮아?,더 해 줘도 돼? 더 해 줘. 괜찮아?,,25.15,T4,구조검사 통과 시 유지,high_cps,75.76121794871796,46.41,P3,말투·질문응답·가독성 위주 검토
ABF-303,원문·사진 검증본,420,"00:32:50,020 --> 00:32:50,320",0.3,괜찮아?,냄새나? 괜찮아?,아…,반응형,,,,,88.0,90.0,50.0,78.0,12.0,0.20315,0.0,14.0,0.0,0.0,0.5244,더 해줘도 돼? 더 해줘. 괜찮아?,더 해 줘도 돼? 더 해 줘. 괜찮아?,,11.49,T4,구조검사 통과 시 유지,,15.785256410256409,13.29,P4,회귀검사 통과 시 유지
ABF-303,원문·사진 검증본,421,"00:33:04,580 --> 00:33:05,180",0.6,아…,괜찮아?,천천히 하면 괜찮아.,반응형,,,,,88.0,90.0,50.0,78.0,12.0,0.28165,10.78,14.0,0.0,0.0,0.7398,"싫어, 아… 아… 아…",싫어… 아… 아…,일본어 원문 대조 + 자연스러운 한국어 대사 교정,16.73,T4,구조검사 통과 시 유지,,33.81410256410257,23.91,P4,회귀검사 통과 시 유지
ABF-303,원문·사진 검증본,422,"00:33:07,460 --> 00:33:08,560",1.1,천천히 하면 괜찮아.,아…,큰 게 좋아?,반응형,,,일본어 원문 대조 + 자연스러운 한국어 대사 교정,높음,96.0,90.0,50.0,92.0,4.0,0.66949,5.79,5.0,0.0,0.0,0.6983,천천히 하면 돼.,천천히 하면 괜찮아.,일본어 원문 대조 + 자연스러운 한국어 대사 교정,21.74,T4,구조검사 통과 시 유지,,60.53685897435898,38.03,P4,회귀검사 통과 시 유지
ABF-303,원문·사진 검증본,423,"00:33:25,910 --> 00:33:26,910",1.0,큰 게 좋아?,천천히 하면 괜찮아.,큰 게 좋아.,반응형,,,,,88.0,90.0,50.0,78.0,12.0,0.49728,0.0,14.0,0.0,0.0,0.4871,어떻게 먹는 게 좋아?,어떻게 해 주는 게 좋아?,일본어 원문 대조 + 자연스러운 한국어 대사 교정,23.85,T4,구조검사 통과 시 유지,,71.35416666666666,43.8,P3,말투·질문응답·가독성 위주 검토
ABF-303,원문·사진 검증본,424,"00:33:27,770 --> 00:33:28,990",1.22,큰 게 좋아.,큰 게 좋아?,크다.,반응형,,,,,88.0,90.0,50.0,78.0,12.0,0.39236,0.0,14.0,0.0,0.0,0.4928,"아, 좋아.","아, 들어온다.",,19.44,T4,구조검사 통과 시 유지,,47.03525641025641,31.03,P4,회귀검사 통과 시 유지
ABF-303,원문·사진 검증본,425,"00:33:32,050 --> 00:33:33,170",1.12,크다.,큰 게 좋아.,크다.,중립·혼합형,,,,,88.0,90.0,50.0,78.0,12.0,0.15611,0.0,14.0,0.0,0.0,0.0958,크지.,야하지.,화면 영문 자막 대조,9.52,T4,구조검사 통과 시 유지,,9.735576923076923,9.61,P4,회귀검사 통과 시 유지
ABF-303,원문·사진 검증본,426,"00:33:38,610 --> 00:33:39,450",0.84,크다.,크다.,소리가 나네.,중립·혼합형,,,,,88.0,90.0,50.0,78.0,12.0,0.28816,0.0,14.0,0.0,0.0,0.0958,크지.,야하지.,화면 영문 자막 대조,15.06,T4,구조검사 통과 시 유지,,26.76282051282051,19.98,P4,회귀검사 통과 시 유지
ABF-303,원문·사진 검증본,427,"00:34:00,920 --> 00:34:01,920",1.0,소리가 나네.,크다.,가만히 있어.,반말형,,,,,88.0,90.0,50.0,78.0,12.0,0.47619,0.0,14.0,0.0,0.0,0.453,소리가 다 들려.,소리가 다 들리네.,손상된 일본어 ASR + 타임스탬프 사진 + 앞뒤 문맥 추론,22.96,T4,구조검사 통과 시 유지,,66.90705128205127,41.42,P3,말투·질문응답·가독성 위주 검토
ABF-303,원문·사진 검증본,428,"00:34:03,680 --> 00:34:04,440",0.76,가만히 있어.,소리가 나네.,이쪽 보면서 해 줘.,반응형,,,일본어 원문 대조 + 자연스러운 한국어 대사 교정,높음,96.0,90.0,50.0,92.0,4.0,0.59038,0.0,5.0,0.0,0.0,0.3191,뒤에 있어.,뒤쪽도 보여 줘.,일본어 원문 대조 + 자연스러운 한국어 대사 교정,18.6,T4,구조검사 통과 시 유지,,42.58814102564102,28.68,P4,회귀검사 통과 시 유지
ABF-303,원문·사진 검증본,429,"00:34:14,580 --> 00:34:16,140",1.56,이쪽 보면서 해 줘.,가만히 있어.,크다.,반말형,,,일본어 원문 대조 + 자연스러운 한국어 대사 교정,높음,96.0,90.0,50.0,92.0,4.0,0.66593,7.08,5.0,0.0,0.0,0.709,이쪽 보면서 할 수 있어.,이쪽 보면서 해 줘.,일본어 원문 대조 + 자연스러운 한국어 대사 교정,21.8,T4,구조검사 통과 시 유지,,61.25801282051282,38.37,P4,회귀검사 통과 시 유지
ABF-303,원문·사진 검증본,430,"00:34:46,170 --> 00:34:47,110",0.94,크다.,이쪽 보면서 해 줘.,이쪽이 더 굵어.,중립·혼합형,,,,,88.0,90.0,50.0,78.0,12.0,0.33832,0.0,14.0,0.0,0.0,0.0958,크지.,야하지.,화면 영문 자막 대조,17.17,T4,구조검사 통과 시 유지,,36.09775641025641,25.12,P4,회귀검사 통과 시 유지
ABF-303,원문·사진 검증본,431,"00:34:47,170 --> 00:34:47,530",0.36,이쪽이 더 굵어.,크다.,전부 안 들어가.,반응형,,,일본어 원문 대조 + 자연스러운 한국어 대사 교정,높음,96.0,90.0,50.0,92.0,4.0,0.51547,0.0,5.0,25.0,0.0,0.5263,이쪽이 더 커.,이쪽이 더 굵어.,일본어 원문 대조 + 자연스러운 한국어 대사 교정,18.14,T4,구조검사 통과 시 유지,borderline_cps,40.544871794871796,27.55,P4,회귀검사 통과 시 유지
ABF-303,원문·사진 검증본,432,"00:34:47,670 --> 00:34:48,270",0.6,전부 안 들어가.,이쪽이 더 굵어.,아슬아슬하게 들어갔어.,반응형,,,,,88.0,90.0,50.0,78.0,12.0,0.69362,0.0,14.0,0.0,0.0,0.2184,전부 혼자서 하는 거네...,전부 혼자서 하는 거네…,,32.09,T4,구조검사 통과 시 유지,,91.30608974358975,56.96,P3,말투·질문응답·가독성 위주 검토
ABF-303,원문·사진 검증본,433,"00:34:51,510 --> 00:34:52,410",0.9,아슬아슬하게 들어갔어.,전부 안 들어가.,놀랐어?,반응형,,,손상된 일본어 ASR + 타임스탬프 사진 + 앞뒤 문맥 추론,중간,38.0,78.0,50.0,78.0,62.0,0.73318,0.0,14.0,0.0,0.0,0.5449,안 들어갔어.,밖 좀 봐봐.,일본어 원문 + 타임스탬프 사진 + 장면 연속성,36.75,T3,화자·문맥·자연스러움 집중 검토,,96.9551282051282,62.04,P2,앞뒤 5블록·사진·오류 기억을 함께 검토
ABF-303,원문·사진 검증본,434,"00:34:54,950 --> 00:34:55,690",0.74,놀랐어?,아슬아슬하게 들어갔어.,불알.,반응형,,,일본어 원문 대조 + 자연스러운 한국어 대사 교정,높음,96.0,90.0,50.0,92.0,4.0,0.46879,0.0,5.0,0.0,0.0,0.3999,깜짝 놀랐어.,정말 놀랐어요.,타임스탬프 사진과 앞뒤 장면으로 대사 기능 복원,14.92,T4,구조검사 통과 시 유지,,26.282051282051285,19.69,P4,회귀검사 통과 시 유지
ABF-303,원문·사진 검증본,435,"00:34:56,890 --> 00:34:57,270",0.38,불알.,놀랐어?,불알 좋아해?,중립·혼합형,,,,,88.0,90.0,50.0,78.0,12.0,0.1827,0.0,14.0,0.0,0.0,0.19,불알도...,불알도…,,10.63,T4,구조검사 통과 시 유지,,13.301282051282051,11.75,P4,회귀검사 통과 시 유지
ABF-303,원문·사진 검증본,436,"00:35:14,280 --> 00:35:15,060",0.78,불알 좋아해?,불알.,불알 좋아해.,반응형,,,,,88.0,90.0,50.0,78.0,12.0,0.25891,0.0,14.0,0.0,0.0,0.6293,유두 좋아해?,젖꼭지 좋아해?,,13.83,T4,구조검사 통과 시 유지,,22.716346153846153,17.56,P4,회귀검사 통과 시 유지
ABF-303,원문·사진 검증본,437,"00:35:15,280 --> 00:35:15,960",0.68,불알 좋아해.,불알 좋아해?,"아아, 혀가 기네.",반응형,,,,,88.0,90.0,50.0,78.0,12.0,0.27824,0.0,14.0,0.0,0.0,0.6045,고환 좋아해.,불알 좋아해.,,14.65,T4,구조검사 통과 시 유지,,25.841346153846157,19.35,P4,회귀검사 통과 시 유지
ABF-303,원문·사진 검증본,438,"00:35:28,310 --> 00:35:29,850",1.54,"아아, 혀가 기네.",불알 좋아해.,오늘은 꽤 적극적이네.,반응형,,,,,88.0,90.0,50.0,78.0,16.0,0.62504,0.0,14.0,0.0,0.0,0.3817,"아아, 같아.",갈 것 같아.,,29.45,T4,구조검사 통과 시 유지,,86.65865384615384,53.48,P3,말투·질문응답·가독성 위주 검토
ABF-303,원문·사진 검증본,439,"00:35:50,540 --> 00:35:52,520",1.98,오늘은 꽤 적극적이네.,"아아, 혀가 기네.",신나 버렸어.,반말형,,,일본어 원문 대조 + 자연스러운 한국어 대사 교정,높음,96.0,90.0,50.0,92.0,4.0,0.58087,13.32,5.0,0.0,0.0,0.761,엄청 적극적이네.,오늘은 꽤 적극적이네.,일본어 원문 대조 + 자연스러운 한국어 대사 교정,20.04,T4,구조검사 통과 시 유지,,49.83974358974359,32.56,P4,회귀검사 통과 시 유지
ABF-303,원문·사진 검증본,440,"00:35:53,360 --> 00:35:54,580",1.22,신나 버렸어.,오늘은 꽤 적극적이네.,재미있어졌어.,반응형,,,,,88.0,90.0,50.0,78.0,12.0,0.51858,42.0,14.0,0.0,0.0,1.0,신나 버렸어.,재미있어졌어.,일본어 원문 대조 + 자연스러운 한국어 대사 교정,32.3,T4,구조검사 통과 시 유지,,91.74679487179486,57.27,P3,말투·질문응답·가독성 위주 검토
ABF-303,원문·사진 검증본,441,"00:35:54,580 --> 00:35:55,600",1.02,재미있어졌어.,신나 버렸어.,다리 예쁘네.,반응형,,,일본어 원문 대조 + 자연스러운 한국어 대사 교정,높음,96.0,90.0,50.0,92.0,4.0,0.50577,0.0,5.0,0.0,0.0,0.2933,사람이 더 없어졌어.,사람이 완전히 없어졌네.,일본어 원문 대조 + 자연스러운 한국어 대사 교정,16.04,T4,구조검사 통과 시 유지,,30.448717948717945,22.09,P4,회귀검사 통과 시 유지
ABF-303,원문·사진 검증본,442,"00:36:40,010 --> 00:36:41,510",1.5,다리 예쁘네.,재미있어졌어.,다리 예쁘다는 말 싫어?,반말형,,,,,88.0,90.0,50.0,78.0,12.0,0.56263,6.4,14.0,0.0,0.0,0.7034,이거 예쁘네.,손으로 가리지 마.,일본어 원문 + 타임스탬프 사진 + 장면 연속성,27.74,T4,구조검사 통과 시 유지,,83.37339743589743,51.11,P3,말투·질문응답·가독성 위주 검토
ABF-303,원문·사진 검증본,443,"00:37:00,110 --> 00:37:01,350",1.24,다리 예쁘다는 말 싫어?,다리 예쁘네.,다리 좋아하는 남자 많잖아.,반응형,,,일본어 원문 대조 + 자연스러운 한국어 대사 교정,높음,96.0,90.0,50.0,92.0,4.0,0.63776,0.0,5.0,0.0,0.0,0.5304,다리 예쁘단 말 듣는 거 싫어?,다리 예쁘다는 말 싫어?,일본어 원문 대조 + 자연스러운 한국어 대사 교정,20.03,T4,구조검사 통과 시 유지,,49.75961538461539,32.52,P4,회귀검사 통과 시 유지
ABF-303,원문·사진 검증본,444,"00:37:04,350 --> 00:37:05,050",0.7,다리 좋아하는 남자 많잖아.,다리 예쁘다는 말 싫어?,다리 좋지.,반응형,,,일본어 원문 대조 + 자연스러운 한국어 대사 교정,높음,96.0,90.0,50.0,92.0,4.0,0.63626,0.0,5.0,25.0,0.0,0.5858,다리 좋아하는 남자.,다리 좋아하는 남자 많잖아.,일본어 원문 대조 + 자연스러운 한국어 대사 교정,21.79,T4,구조검사 통과 시 유지,borderline_cps,61.13782051282052,38.32,P4,회귀검사 통과 시 유지
ABF-303,원문·사진 검증본,445,"00:37:08,530 --> 00:37:09,550",1.02,다리 좋지.,다리 좋아하는 남자 많잖아.,좋아.,반말형,,,,,88.0,90.0,50.0,78.0,12.0,0.38243,0.0,14.0,0.0,0.0,0.4522,네가 가주면 좋지.,네가 느껴 주면 나도 좋지.,앞뒤 장면·대사 기능 복원,19.02,T4,구조검사 통과 시 유지,,44.47115384615385,29.71,P4,회귀검사 통과 시 유지
ABF-303,원문·사진 검증본,446,"00:37:10,130 --> 00:37:10,430",0.3,좋아.,다리 좋지.,안대 쓴 모습 보니까 더 야하네.,반응형,,,,,88.0,90.0,50.0,78.0,12.0,0.23606,17.77,14.0,0.0,0.0,0.7981,"아, 좋아.","아, 들어온다.",,16.07,T4,구조검사 통과 시 유지,,30.60897435897436,22.18,P4,회귀검사 통과 시 유지
ABF-303,원문·사진 검증본,447,"00:37:57,710 --> 00:37:59,990",2.28,안대 쓴 모습 보니까 더 야하네.,좋아.,보여?,반말형,,,일본어 원문 대조 + 자연스러운 한국어 대사 교정,높음,96.0,90.0,50.0,92.0,4.0,0.64838,0.0,5.0,0.0,0.0,0.5609,안대 쓰고 있는 모습 보니까 진짜 좋네.,안대 쓴 모습 보니까 더 야하네.,일본어 원문 대조 + 자연스러운 한국어 대사 교정,20.36,T4,구조검사 통과 시 유지,,51.88301282051282,33.6,P4,회귀검사 통과 시 유지
ABF-303,원문·사진 검증본,448,"00:38:01,150 --> 00:38:02,250",1.1,보여?,안대 쓴 모습 보니까 더 야하네.,"안 보여, 전혀.",중립·혼합형,,,,,88.0,90.0,50.0,78.0,12.0,0.15571,0.0,14.0,0.0,0.0,0.5676,몸이 떨리는 거 보여?,몸 떨리는 거 보여?,손상된 일본어 ASR + 타임스탬프 사진 + 앞뒤 문맥 추론,9.5,T4,구조검사 통과 시 유지,,9.615384615384617,9.55,P4,회귀검사 통과 시 유지
ABF-303,원문·사진 검증본,449,"00:38:04,570 --> 00:38:05,750",1.18,"안 보여, 전혀.",보여?,맛있어 보여?,중립·혼합형,,,,,88.0,90.0,50.0,78.0,16.0,0.50217,0.0,14.0,0.0,0.0,0.3427,전혀...,전혀…,,24.29,T4,구조검사 통과 시 유지,,73.03685897435898,44.76,P3,말투·질문응답·가독성 위주 검토
ABF-303,원문·사진 검증본,450,"00:38:07,450 --> 00:38:08,130",0.68,맛있어 보여?,"안 보여, 전혀.",응.,반응형,,,,,88.0,90.0,50.0,78.0,12.0,0.26224,0.0,14.0,0.0,0.0,0.3953,몸이 떨리는 거 보여?,몸 떨리는 거 보여?,손상된 일본어 ASR + 타임스탬프 사진 + 앞뒤 문맥 추론,13.97,T4,구조검사 통과 시 유지,,23.116987179487182,17.81,P4,회귀검사 통과 시 유지
ABF-303,원문·사진 검증본,451,"00:38:08,490 --> 00:38:08,710",0.22,응.,맛있어 보여?,안 보여?,반응형,,,,,88.0,90.0,50.0,78.0,12.0,0.04176,0.0,14.0,0.0,0.0,0.4286,"하-, 응.",하아… 응.,,4.71,T4,구조검사 통과 시 유지,,1.6025641025641024,3.4,P4,회귀검사 통과 시 유지
ABF-303,원문·사진 검증본,452,"00:38:10,110 --> 00:38:10,970",0.86,안 보여?,응.,제대로 안 보이게 돼 있어.,중립·혼합형,,,,,88.0,90.0,50.0,78.0,12.0,0.17939,0.0,14.0,0.0,0.0,0.53,몸이 떨리는 거 보여?,몸 떨리는 거 보여?,손상된 일본어 ASR + 타임스탬프 사진 + 앞뒤 문맥 추론,10.49,T4,구조검사 통과 시 유지,,12.94070512820513,11.52,P4,회귀검사 통과 시 유지
ABF-303,원문·사진 검증본,453,"00:38:12,510 --> 00:38:14,190",1.68,제대로 안 보이게 돼 있어.,안 보여?,응.,반응형,,,,,88.0,90.0,50.0,78.0,12.0,0.38411,0.0,14.0,0.0,0.0,0.5063,제대로 돼 있네.,제대로 가려지네.,일본어 원문 대조 + 자연스러운 한국어 대사 교정,19.09,T4,구조검사 통과 시 유지,,44.79166666666667,29.88,P4,회귀검사 통과 시 유지
ABF-303,원문·사진 검증본,454,"00:38:14,190 --> 00:38:14,470",0.28,응.,제대로 안 보이게 돼 있어.,전혀 안 보여.,반응형,,,,,88.0,90.0,50.0,78.0,12.0,0.03313,0.0,14.0,0.0,0.0,0.4286,"하-, 응.",하아… 응.,,4.35,T4,구조검사 통과 시 유지,,1.001602564102564,2.94,P4,회귀검사 통과 시 유지
ABF-303,원문·사진 검증본,455,"00:38:15,770 --> 00:38:16,550",0.78,전혀 안 보여.,응.,정말?,중립·혼합형,,,,,88.0,90.0,50.0,78.0,16.0,0.59502,7.2,14.0,0.0,0.0,0.71,잘 안 보여.,"응, 그렇네.",일본어 원문 + 타임스탬프 사진 + 장면 연속성,29.49,T4,구조검사 통과 시 유지,,86.77884615384616,53.55,P3,말투·질문응답·가독성 위주 검토
ABF-303,원문·사진 검증본,456,"00:38:18,110 --> 00:38:18,470",0.36,정말?,전혀 안 보여.,응.,중립·혼합형,,,,,88.0,90.0,50.0,78.0,12.0,0.18494,42.0,14.0,0.0,0.0,1.0,정말?,응.,일본어 원문 + 타임스탬프 사진 + 장면 연속성,18.29,T4,구조검사 통과 시 유지,,41.105769230769226,27.87,P4,회귀검사 통과 시 유지
ABF-303,원문·사진 검증본,457,"00:38:18,990 --> 00:38:19,210",0.22,응.,정말?,제대로 가려지네.,반응형,,,,,88.0,90.0,50.0,78.0,12.0,0.03747,0.0,14.0,0.0,0.0,0.4286,"하-, 응.",하아… 응.,,4.53,T4,구조검사 통과 시 유지,,1.5224358974358974,3.27,P4,회귀검사 통과 시 유지
ABF-303,원문·사진 검증본,458,"00:38:22,430 --> 00:38:23,730",1.3,제대로 가려지네.,응.,"오, 대단해.",반말형,,,일본어 원문 대조 + 자연스러운 한국어 대사 교정,높음,96.0,90.0,50.0,92.0,4.0,0.55319,0.0,5.0,0.0,0.0,0.3569,제대로 돼 있네.,제대로 가려지네.,일본어 원문 대조 + 자연스러운 한국어 대사 교정,17.48,T4,구조검사 통과 시 유지,,37.5,25.89,P4,회귀검사 통과 시 유지
ABF-303,원문·사진 검증본,459,"00:38:27,170 --> 00:38:28,790",1.62,"오, 대단해.",제대로 가려지네.,예쁘다.,반말형,,,,,88.0,90.0,50.0,78.0,12.0,0.57661,42.0,14.0,0.0,0.0,1.0,"오, 대단해.","와, 진짜 대단해.",일본어 원문 + 타임스탬프 사진 + 장면 연속성,34.74,T4,구조검사 통과 시 유지,,94.63141025641025,59.89,P2,앞뒤 5블록·사진·오류 기억을 함께 검토
ABF-303,원문·사진 검증본,460,"00:38:30,030 --> 00:38:30,790",0.76,예쁘다.,"오, 대단해.",조금은 보이는 것 같아.,중립·혼합형,,,,,88.0,90.0,50.0,78.0,12.0,0.45845,23.01,14.0,0.0,0.0,0.8418,"오, 예쁘다.","와, 예쁘다.",일본어 원문 + 타임스탬프 사진 + 장면 연속성,26.36,T4,구조검사 통과 시 유지,,80.12820512820514,48.94,P3,말투·질문응답·가독성 위주 검토
ABF-303,원문·사진 검증본,461,"00:38:31,010 --> 00:38:32,370",1.36,조금은 보이는 것 같아.,예쁘다.,엉덩이도 예쁘네.,반응형,,,일본어 원문 대조 + 자연스러운 한국어 대사 교정,높음,96.0,90.0,50.0,92.0,4.0,0.71484,0.0,5.0,0.0,0.0,0.4231,갈 것 같아.,진짜 갈 것 같아.,일본어 원문 대조 + 자연스러운 한국어 대사 교정,22.37,T4,구조검사 통과 시 유지,,63.86217948717948,39.8,P4,회귀검사 통과 시 유지
ABF-303,원문·사진 검증본,462,"00:38:37,520 --> 00:38:38,960",1.44,엉덩이도 예쁘네.,조금은 보이는 것 같아.,자기 몸에서 제일 좋아하는 곳은?,반말형,,,,,88.0,90.0,50.0,78.0,16.0,0.56224,0.0,14.0,0.0,0.0,0.5604,이거 예쁘네.,손으로 가리지 마.,일본어 원문 + 타임스탬프 사진 + 장면 연속성,26.81,T4,구조검사 통과 시 유지,,81.00961538461539,49.57,P3,말투·질문응답·가독성 위주 검토
ABF-303,원문·사진 검증본,463,"00:38:54,080 --> 00:38:56,320",2.24,자기 몸에서 제일 좋아하는 곳은?,엉덩이도 예쁘네.,가슴.,반응형,,,,,88.0,90.0,50.0,78.0,12.0,0.62336,0.0,14.0,0.0,0.0,0.2944,다리 좋아하는 남자.,다리 좋아하는 남자 많잖아.,일본어 원문 대조 + 자연스러운 한국어 대사 교정,29.14,T4,구조검사 통과 시 유지,,85.9775641025641,53.01,P3,말투·질문응답·가독성 위주 검토
ABF-303,원문·사진 검증본,464,"00:38:56,860 --> 00:38:58,420",1.56,가슴.,자기 몸에서 제일 좋아하는 곳은?,만져 줬으면 해?,중립·혼합형,,,,,88.0,90.0,50.0,78.0,16.0,0.3194,0.0,14.0,0.0,0.0,0.15,가슴을 대고...,가슴을 대고…,,16.61,T4,구조검사 통과 시 유지,,33.01282051282051,23.5,P4,회귀검사 통과 시 유지
ABF-303,원문·사진 검증본,465,"00:38:58,420 --> 00:38:59,500",1.08,만져 줬으면 해?,가슴.,어디까지 보여 줄까?,반응형,,,일본어 원문 대조 + 자연스러운 한국어 대사 교정,높음,96.0,90.0,50.0,92.0,4.0,0.65616,0.0,5.0,0.0,0.0,0.6063,기억해 줬으면 해?,"여기, 기억해 줬으면 해요.",사진 장면 확인 및 한국어 번역투·ASR 오역 교정,20.59,T4,구조검사 통과 시 유지,,53.44551282051282,34.39,P4,회귀검사 통과 시 유지
ABF-303,원문·사진 검증본,466,"00:39:01,240 --> 00:39:02,740",1.5,어디까지 보여 줄까?,만져 줬으면 해?,"와, 크게 보이네.",반응형,,,,,88.0,90.0,50.0,78.0,12.0,0.61507,0.0,14.0,0.0,0.0,0.5026,여기서 뭘 보여 줄까?,뭘 보여 줄까?,손상된 일본어 ASR + 타임스탬프 사진 + 앞뒤 문맥 추론,28.79,T4,구조검사 통과 시 유지,,85.25641025641025,52.51,P3,말투·질문응답·가독성 위주 검토
ABF-303,원문·사진 검증본,467,"00:39:03,200 --> 00:39:04,580",1.38,"와, 크게 보이네.",어디까지 보여 줄까?,"오, 보이네.",반말형,,,일본어 원문 대조 + 자연스러운 한국어 대사 교정,높음,96.0,90.0,50.0,92.0,4.0,0.59822,0.0,5.0,0.0,0.0,0.6235,조금 보이네.,조금은 보이는 것 같아.,일본어 원문 대조 + 자연스러운 한국어 대사 교정,18.84,T4,구조검사 통과 시 유지,,43.7900641025641,29.32,P4,회귀검사 통과 시 유지
ABF-303,원문·사진 검증본,468,"00:39:06,000 --> 00:39:06,640",0.64,"오, 보이네.","와, 크게 보이네.",너도 보여.,반말형,,,,,88.0,90.0,50.0,78.0,12.0,0.45172,9.64,14.0,0.0,0.0,0.7303,조금 보이네.,조금은 보이는 것 같아.,일본어 원문 대조 + 자연스러운 한국어 대사 교정,23.67,T4,구조검사 통과 시 유지,,70.55288461538461,43.36,P3,말투·질문응답·가독성 위주 검토
ABF-303,원문·사진 검증본,469,"00:39:06,640 --> 00:39:06,660",0.02,너도 보여.,"오, 보이네.",엄청나게 예쁘네.,중립·혼합형,,,일본어 원문 대조 + 자연스러운 한국어 대사 교정,높음,96.0,90.0,50.0,92.0,4.0,0.77477,2.98,5.0,70.0,0.0,0.6748,잘 안 보여.,"응, 그렇네.",일본어 원문 + 타임스탬프 사진 + 장면 연속성,29.6,T4,구조검사 통과 시 유지,high_cps,87.17948717948718,53.78,P3,말투·질문응답·가독성 위주 검토
ABF-303,원문·사진 검증본,470,"00:39:06,700 --> 00:39:07,300",0.6,엄청나게 예쁘네.,너도 보여.,천천히 해.,반말형,,,,,88.0,90.0,50.0,78.0,12.0,0.63688,0.0,14.0,0.0,0.0,0.5661,이거 예쁘네.,손으로 가리지 마.,일본어 원문 + 타임스탬프 사진 + 장면 연속성,29.71,T4,구조검사 통과 시 유지,,87.4599358974359,53.96,P3,말투·질문응답·가독성 위주 검토
ABF-303,원문·사진 검증본,471,"00:39:08,020 --> 00:39:08,620",0.6,천천히 해.,엄청나게 예쁘네.,안에서 소리 나.,반말형,,,손상된 일본어 ASR + 타임스탬프 사진 + 앞뒤 문맥 추론,중간,38.0,78.0,50.0,78.0,62.0,0.61034,9.85,14.0,0.0,0.0,0.7321,천천히 해 줘.,"좋네. 잠깐, 어떻게 돼 있었지?",일본어 원문 + 타임스탬프 사진 + 장면 연속성,33.37,T4,구조검사 통과 시 유지,,93.18910256410257,58.49,P2,앞뒤 5블록·사진·오류 기억을 함께 검토
ABF-303,원문·사진 검증본,472,"00:39:17,260 --> 00:39:18,220",0.96,안에서 소리 나.,천천히 해.,소리가 다 들리네.,중립·혼합형,,,손상된 일본어 ASR + 타임스탬프 사진 + 앞뒤 문맥 추론,중간,38.0,78.0,50.0,78.0,62.0,0.72428,0.0,14.0,0.0,0.0,0.3102,밀어 넣는 소리가 나.,안에서 소리 나.,손상된 일본어 ASR + 타임스탬프 사진 + 앞뒤 문맥 추론,36.38,T3,화자·문맥·자연스러움 집중 검토,,96.31410256410257,61.55,P2,앞뒤 5블록·사진·오류 기억을 함께 검토
ABF-303,원문·사진 검증본,473,"00:39:22,460 --> 00:39:23,280",0.82,소리가 다 들리네.,안에서 소리 나.,부끄러워.,반말형,,,손상된 일본어 ASR + 타임스탬프 사진 + 앞뒤 문맥 추론,중간,38.0,78.0,50.0,78.0,62.0,0.64574,0.0,14.0,0.0,0.0,0.4808,소리가 다 들려.,소리가 다 들리네.,손상된 일본어 ASR + 타임스탬프 사진 + 앞뒤 문맥 추론,33.08,T4,구조검사 통과 시 유지,,92.62820512820514,58.09,P2,앞뒤 5블록·사진·오류 기억을 함께 검토
ABF-303,원문·사진 검증본,474,"00:39:27,200 --> 00:39:28,440",1.24,부끄러워.,소리가 다 들리네.,더 깊이 넣어.,중립·혼합형,,,,,88.0,90.0,50.0,78.0,12.0,0.33588,20.54,14.0,0.0,0.0,0.8212,"하아, 부끄러워.",부끄러워? 팬티도 벗어야지.,일본어 원문 + 타임스탬프 사진 + 장면 연속성,20.76,T4,구조검사 통과 시 유지,,54.28685897435898,34.84,P4,회귀검사 통과 시 유지
ABF-303,원문·사진 검증본,475,"00:39:28,960 --> 00:39:29,580",0.62,더 깊이 넣어.,부끄러워.,배까지 다 젖었어.,반응형,,,일본어 원문 대조 + 자연스러운 한국어 대사 교정,높음,96.0,90.0,50.0,92.0,8.0,0.77319,13.29,5.0,0.0,0.0,0.7608,넣어.,말해 봐.,화면 영문 자막 대조,26.03,T4,구조검사 통과 시 유지,,79.24679487179486,48.38,P3,말투·질문응답·가독성 위주 검토
ABF-303,원문·사진 검증본,476,"00:39:30,380 --> 00:40:03,360",32.98,배까지 다 젖었어.,더 깊이 넣어.,"손가락도 엉덩이도 좋아?
이쪽도 핥아 줄까?",반응형,,,일본어 원문 대조 + 자연스러운 한국어 대사 교정,높음,96.0,90.0,50.0,92.0,8.0,0.85621,4.5,5.0,0.0,0.0,0.6875,배까지 젖었어. 엄청나졌어.,배까지 다 젖었어.,일본어 원문 대조 + 자연스러운 한국어 대사 교정,27.4,T4,구조검사 통과 시 유지,,82.21153846153845,50.42,P3,말투·질문응답·가독성 위주 검토
ABF-303,원문·사진 검증본,477,"00:40:15,680 --> 00:40:22,080",6.4,"손가락도 엉덩이도 좋아?
이쪽도 핥아 줄까?",배까지 다 젖었어.,엉덩이도?,반말형,,,일본어 원문 대조 + 자연스러운 한국어 대사 교정,높음,96.0,90.0,50.0,92.0,12.0,0.90471,33.46,5.0,0.0,0.0,0.9288,손가락도 엉덩이도 좋아? 이쪽도 빨아 줄까?,손가락도 엉덩이도 좋아? 이쪽도 핥아 줄까?,일본어 원문 대조 + 자연스러운 한국어 대사 교정,32.79,T4,구조검사 통과 시 유지,,92.0673076923077,57.69,P3,말투·질문응답·가독성 위주 검토
ABF-303,원문·사진 검증본,478,"00:40:26,380 --> 00:40:27,020",0.64,엉덩이도?,"손가락도 엉덩이도 좋아?
이쪽도 핥아 줄까?","응, 엉덩이.",중립·혼합형,,,일본어 원문 대조 + 자연스러운 한국어 대사 교정,높음,96.0,90.0,50.0,92.0,8.0,0.61431,0.0,5.0,0.0,0.0,0.2747,손가락도 엉덩이도 좋아? 이쪽도 빨아 줄까?,손가락도 엉덩이도 좋아? 이쪽도 핥아 줄까?,일본어 원문 대조 + 자연스러운 한국어 대사 교정,19.5,T4,구조검사 통과 시 유지,,47.19551282051282,31.13,P4,회귀검사 통과 시 유지
ABF-303,원문·사진 검증본,479,"00:40:27,020 --> 00:40:28,080",1.06,"응, 엉덩이.",엉덩이도?,"아, 역시.",반응형,,,일본어 원문 대조 + 자연스러운 한국어 대사 교정,높음,96.0,90.0,50.0,92.0,8.0,0.72837,0.0,5.0,0.0,0.0,0.2892,엉덩이 좀 봐.,이 유카타 진짜 귀엽네.,일본어 원문 + 타임스탬프 사진 + 장면 연속성,22.95,T4,구조검사 통과 시 유지,,66.82692307692307,41.38,P3,말투·질문응답·가독성 위주 검토
ABF-303,원문·사진 검증본,480,"00:41:04,310 --> 00:41:05,610",1.3,"아, 역시.","응, 엉덩이.","아, 기분 좋아.",반응형,,,,,88.0,90.0,50.0,78.0,12.0,0.37053,9.35,14.0,0.0,0.0,0.7279,하아 역시.,하아… 역시.,일본어 원문 대조 + 자연스러운 한국어 대사 교정,20.21,T4,구조검사 통과 시 유지,,51.081730769230774,33.18,P4,회귀검사 통과 시 유지
ABF-303,원문·사진 검증본,481,"00:41:21,280 --> 00:41:23,480",2.2,"아, 기분 좋아.","아, 역시.","아, 기분 좋아.",반응형,,,,,88.0,90.0,50.0,78.0,12.0,0.27877,26.14,14.0,0.0,0.0,0.8679,기분 좋아.,"아, 좋아.",화면 영문 자막 대조,19.37,T4,구조검사 통과 시 유지,,46.594551282051285,30.8,P4,회귀검사 통과 시 유지
ABF-303,원문·사진 검증본,482,"00:41:24,060 --> 00:41:39,000",14.94,"아, 기분 좋아.","아, 기분 좋아.","아, 역시.",반응형,,,,,88.0,90.0,50.0,78.0,12.0,0.32929,26.14,14.0,0.0,0.0,0.8679,기분 좋아.,"아, 좋아.",화면 영문 자막 대조,21.5,T4,구조검사 통과 시 유지,,58.93429487179487,37.22,P4,회귀검사 통과 시 유지
ABF-303,원문·사진 검증본,483,"00:41:39,800 --> 00:41:40,980",1.18,"아, 역시.","아, 기분 좋아.","아, 조금 아파.",반응형,,,,,88.0,90.0,50.0,78.0,12.0,0.2611,9.35,14.0,0.0,0.0,0.7279,하아 역시.,하아… 역시.,일본어 원문 대조 + 자연스러운 한국어 대사 교정,15.61,T4,구조검사 통과 시 유지,,29.00641025641026,21.24,P4,회귀검사 통과 시 유지
ABF-303,원문·사진 검증본,484,"00:41:48,620 --> 00:41:50,140",1.52,"아, 조금 아파.","아, 역시.",갔어?,반응형,,,일본어 원문 대조 + 자연스러운 한국어 대사 교정,높음,96.0,90.0,50.0,92.0,4.0,0.50532,0.0,5.0,0.0,0.0,0.5863,배가 아파.,안쪽이 아파.,,16.03,T4,구조검사 통과 시 유지,,30.36858974358974,22.05,P4,회귀검사 통과 시 유지
ABF-303,원문·사진 검증본,485,"00:42:00,440 --> 00:42:01,480",1.04,갔어?,"아, 조금 아파.",거의 갔어?,반응형,,,,,88.0,90.0,50.0,78.0,12.0,0.25624,0.0,14.0,0.0,0.0,0.1166,없어?,진짜로?,일본어 원문 대조 + 자연스러운 한국어 대사 교정,13.72,T4,구조검사 통과 시 유지,,22.195512820512818,17.28,P4,회귀검사 통과 시 유지
ABF-303,원문·사진 검증본,486,"00:42:04,600 --> 00:42:05,340",0.74,거의 갔어?,갔어?,"음, 아직.",반응형,,,일본어 원문 대조 + 자연스러운 한국어 대사 교정,높음,96.0,90.0,50.0,92.0,4.0,0.56395,0.0,5.0,0.0,0.0,0.0872,없어?,진짜로?,일본어 원문 대조 + 자연스러운 한국어 대사 교정,17.8,T4,구조검사 통과 시 유지,,39.30288461538461,26.83,P4,회귀검사 통과 시 유지
ABF-303,원문·사진 검증본,487,"00:42:05,620 --> 00:42:06,520",0.9,"음, 아직.",거의 갔어?,평소처럼 앉아서 움직여 봐.,반응형,,,,,88.0,90.0,50.0,78.0,12.0,0.44395,0.0,14.0,0.0,0.0,0.3582,아직...,아직…,,21.61,T4,구조검사 통과 시 유지,,59.77564102564102,37.64,P4,회귀검사 통과 시 유지
ABF-303,원문·사진 검증본,488,"00:42:08,880 --> 00:42:10,760",1.88,평소처럼 앉아서 움직여 봐.,"음, 아직.",다리가 좀 아파졌어.,반응형,,,일본어 원문 대조 + 자연스러운 한국어 대사 교정,높음,96.0,90.0,50.0,92.0,8.0,0.77776,34.19,5.0,0.0,0.0,0.9349,평소처럼 앉아서 움직여 줘.,평소처럼 앉아서 움직여 봐.,일본어 원문 대조 + 자연스러운 한국어 대사 교정,28.87,T4,구조검사 통과 시 유지,,85.57692307692307,52.69,P3,말투·질문응답·가독성 위주 검토
ABF-303,원문·사진 검증본,489,"00:42:28,100 --> 00:42:29,540",1.44,다리가 좀 아파졌어.,평소처럼 앉아서 움직여 봐.,이거 떼도 돼?,반응형,,,,,88.0,90.0,50.0,78.0,12.0,0.48241,0.0,14.0,0.0,0.0,0.1311,좀 쉬어.,물 다 받았어.,일본어 원문 + 타임스탬프 사진 + 장면 연속성,23.22,T4,구조검사 통과 시 유지,,67.82852564102564,41.96,P3,말투·질문응답·가독성 위주 검토
ABF-303,원문·사진 검증본,490,"00:42:40,390 --> 00:42:40,990",0.6,이거 떼도 돼?,다리가 좀 아파졌어.,응.,중립·혼합형,,,,,88.0,90.0,50.0,78.0,12.0,0.4333,0.0,14.0,0.0,0.0,0.2802,더 해줘도 돼?,더 해 줘도 돼?,,21.16,T4,구조검사 통과 시 유지,,56.97115384615385,36.2,P4,회귀검사 통과 시 유지
ABF-303,원문·사진 검증본,491,"00:42:42,750 --> 00:42:43,110",0.36,응.,이거 떼도 돼?,뜨거워.,반응형,,,,,88.0,90.0,50.0,78.0,12.0,0.05799,0.0,14.0,0.0,0.0,0.4286,"하-, 응.",하아… 응.,,5.4,T4,구조검사 통과 시 유지,,2.644230769230769,4.24,P4,회귀검사 통과 시 유지
ABF-303,원문·사진 검증본,492,"00:42:52,740 --> 00:42:53,820",1.08,뜨거워.,응.,"안 돼, 안 돼. 제대로 잡아줘.",중립·혼합형,,,,,88.0,90.0,50.0,78.0,12.0,0.16043,18.39,14.0,0.0,0.0,0.8033,"아니, 뜨거워.",몸이 뜨거워.,손상된 일본어 ASR + 타임스탬프 사진 + 앞뒤 문맥 추론,13.01,T4,구조검사 통과 시 유지,,19.831730769230766,15.88,P4,회귀검사 통과 시 유지
ABF-303,원문·사진 검증본,493,"00:42:53,880 --> 00:42:55,780",1.9,"안 돼, 안 돼. 제대로 잡아줘.",뜨거워.,매끈매끈하네.,중립·혼합형,,,,,88.0,90.0,50.0,78.0,12.0,0.45646,0.0,14.0,0.0,0.0,0.4527,안 돼.,"네, 놀랐어요.",타임스탬프 사진과 앞뒤 장면으로 대사 기능 복원,22.13,T4,구조검사 통과 시 유지,,62.980769230769226,39.29,P4,회귀검사 통과 시 유지
ABF-303,원문·사진 검증본,494,"00:43:08,350 --> 00:43:09,470",1.12,매끈매끈하네.,"안 돼, 안 돼. 제대로 잡아줘.",어?,반말형,,,,,88.0,90.0,50.0,78.0,12.0,0.14344,24.51,14.0,0.0,0.0,0.8542,매끈매끈하네...,매끈매끈하네…,,13.4,T4,구조검사 통과 시 유지,,21.314102564102562,16.72,P4,회귀검사 통과 시 유지
ABF-303,원문·사진 검증본,495,"00:43:09,810 --> 00:43:10,170",0.36,어?,매끈매끈하네.,매끈매끈하네.,반응형,,,,,88.0,90.0,50.0,78.0,12.0,0.11789,0.0,14.0,0.0,0.0,0.3089,어? 벗기고 싶다고? 응.,해 줬으면 좋겠어? 응.,손상된 일본어 ASR + 타임스탬프 사진 + 앞뒤 문맥 추론,7.91,T4,구조검사 통과 시 유지,,5.689102564102564,6.98,P4,회귀검사 통과 시 유지
ABF-303,원문·사진 검증본,496,"00:43:14,270 --> 00:43:15,190",0.92,매끈매끈하네.,어?,응.,반말형,,,,,88.0,90.0,50.0,78.0,12.0,0.19194,24.51,14.0,0.0,0.0,0.8542,매끈매끈하네...,매끈매끈하네…,,15.43,T4,구조검사 통과 시 유지,,28.565705128205128,20.95,P4,회귀검사 통과 시 유지
ABF-303,원문·사진 검증본,497,"00:43:15,750 --> 00:43:16,010",0.26,응.,매끈매끈하네.,뜨거워.,반응형,,,,,88.0,90.0,50.0,78.0,12.0,0.0551,0.0,14.0,0.0,0.0,0.4286,"하-, 응.",하아… 응.,,5.27,T4,구조검사 통과 시 유지,,2.483974358974359,4.1,P4,회귀검사 통과 시 유지
ABF-303,원문·사진 검증본,498,"00:43:48,960 --> 00:43:51,120",2.16,뜨거워.,응.,엄청 뜨거워졌어.,중립·혼합형,,,,,88.0,90.0,50.0,78.0,12.0,0.29354,18.39,14.0,0.0,0.0,0.8033,"아니, 뜨거워.",몸이 뜨거워.,손상된 일본어 ASR + 타임스탬프 사진 + 앞뒤 문맥 추론,18.6,T4,구조검사 통과 시 유지,,42.58814102564102,28.68,P4,회귀검사 통과 시 유지
ABF-303,원문·사진 검증본,499,"00:43:58,830 --> 00:44:00,470",1.64,엄청 뜨거워졌어.,뜨거워.,왜?,반응형,,,,,88.0,90.0,50.0,78.0,12.0,0.53731,0.0,14.0,0.0,0.0,0.3201,조금 무서워졌어.,아… 너무 깊어.,손상된 일본어 ASR + 타임스탬프 사진 + 앞뒤 문맥 추론,25.53,T4,구조검사 통과 시 유지,,77.48397435897436,47.35,P3,말투·질문응답·가독성 위주 검토
ABF-303,원문·사진 검증본,500,"00:45:21,680 --> 00:45:23,200",1.52,왜?,엄청 뜨거워졌어.,배 쪽이요.,중립·혼합형,,,,,88.0,90.0,50.0,78.0,12.0,0.32723,0.0,14.0,0.0,0.0,0.3326,괜찮으려나? 왜? 잘 닦이고 있나?,괜찮으려나? 왜? 잘 닦이고 있어?,일본어 원문 대조 + 자연스러운 한국어 대사 교정,16.7,T4,구조검사 통과 시 유지,,33.693910256410255,23.84,P4,회귀검사 통과 시 유지
ABF-303,원문·사진 검증본,501,"00:45:29,740 --> 00:45:30,220",0.48,배 쪽이요.,왜?,아팠어?,중립·혼합형,,,일본어 원문 대조 + 자연스러운 한국어 대사 교정,높음,96.0,90.0,50.0,92.0,4.0,0.44429,0.0,5.0,0.0,0.0,0.1776,채소와 과일이요.,좋아하는 음식은 채소와 과일이에요.,사진 장면 확인 및 한국어 번역투·ASR 오역 교정,14.18,T4,구조검사 통과 시 유지,,23.798076923076923,18.22,P4,회귀검사 통과 시 유지
ABF-303,원문·사진 검증본,502,"00:45:30,220 --> 00:45:30,480",0.26,아팠어?,배 쪽이요.,미안.,반응형,,,일본어 원문 대조 + 자연스러운 한국어 대사 교정,높음,96.0,90.0,50.0,92.0,4.0,0.34473,0.0,5.0,0.0,0.0,0.0867,없어?,진짜로?,일본어 원문 대조 + 자연스러운 한국어 대사 교정,11.17,T4,구조검사 통과 시 유지,,14.903846153846153,12.74,P4,회귀검사 통과 시 유지
ABF-303,원문·사진 검증본,503,"00:45:31,100 --> 00:45:31,860",0.76,미안.,아팠어?,"아니, 느낌이 왔어.",중립·혼합형,,,,,88.0,90.0,50.0,78.0,12.0,0.21688,26.1,14.0,0.0,0.0,0.8675,정말 미안.,미안해.,일본어 원문 대조 + 자연스러운 한국어 대사 교정,16.77,T4,구조검사 통과 시 유지,,33.894230769230774,23.96,P4,회귀검사 통과 시 유지
ABF-303,원문·사진 검증본,504,"00:45:32,000 --> 00:45:33,660",1.66,"아니, 느낌이 왔어.",미안.,"미안, 미안.",반응형,,,,,88.0,90.0,50.0,78.0,12.0,0.51505,0.0,14.0,0.0,0.0,0.3108,"아니, 뜨거워.",몸이 뜨거워.,손상된 일본어 ASR + 타임스탬프 사진 + 앞뒤 문맥 추론,24.59,T4,구조검사 통과 시 유지,,74.11858974358975,45.39,P3,말투·질문응답·가독성 위주 검토
ABF-303,원문·사진 검증본,505,"00:45:39,680 --> 00:45:41,100",1.42,"미안, 미안.","아니, 느낌이 왔어.",다른 여자들이랑도 많이 해 봤어?,중립·혼합형,,,,,88.0,90.0,50.0,78.0,12.0,0.32445,4.2,14.0,0.0,0.0,0.685,정말 미안.,미안해.,일본어 원문 대조 + 자연스러운 한국어 대사 교정,17.34,T4,구조검사 통과 시 유지,,37.09935897435898,25.64,P4,회귀검사 통과 시 유지
ABF-303,원문·사진 검증본,506,"00:45:47,880 --> 00:45:49,520",1.64,다른 여자들이랑도 많이 해 봤어?,"미안, 미안.",해 봤어?,반응형,,,손상된 일본어 ASR + 타임스탬프 사진 + 앞뒤 문맥 추론,중간,38.0,78.0,50.0,78.0,62.0,0.7066,0.0,14.0,0.0,0.0,0.2874,"저기, 다른 여자랑도 해 본 적 있어?",다른 여자들이랑도 많이 해 봤어?,손상된 일본어 ASR + 타임스탬프 사진 + 앞뒤 문맥 추론,35.64,T3,화자·문맥·자연스러움 집중 검토,,95.67307692307693,60.85,P2,앞뒤 5블록·사진·오류 기억을 함께 검토
ABF-303,원문·사진 검증본,507,"00:45:53,680 --> 00:45:54,160",0.48,해 봤어?,다른 여자들이랑도 많이 해 봤어?,응.,반응형,,,일본어 원문 대조 + 자연스러운 한국어 대사 교정,높음,96.0,90.0,50.0,92.0,4.0,0.44313,0.0,5.0,0.0,0.0,0.341,봤어? 상자가 꽤 비었더라. 끼울게.,상자가 꽤 비었더라. 내가 끼울게.,대화 호흡 정리,14.15,T4,구조검사 통과 시 유지,,23.717948717948715,18.17,P4,회귀검사 통과 시 유지
ABF-303,원문·사진 검증본,508,"00:45:55,160 --> 00:45:55,480",0.32,응.,해 봤어?,몇 명이랑 했어요?,반응형,,,,,88.0,90.0,50.0,78.0,12.0,0.06537,0.0,14.0,0.0,0.0,0.4286,"하-, 응.",하아… 응.,,5.71,T4,구조검사 통과 시 유지,,2.8846153846153846,4.52,P4,회귀검사 통과 시 유지
ABF-303,원문·사진 검증본,509,"00:45:57,040 --> 00:45:57,880",0.84,몇 명이랑 했어요?,응.,몇 명?,반응형,,,일본어 원문 대조 + 자연스러운 한국어 대사 교정,높음,96.0,90.0,50.0,92.0,4.0,0.53598,0.0,5.0,0.0,0.0,0.2767,몇 명이에요?,몇 명이랑 했어요?,일본어 원문 대조 + 자연스러운 한국어 대사 교정,16.96,T4,구조검사 통과 시 유지,,34.815705128205124,24.46,P4,회귀검사 통과 시 유지
ABF-303,원문·사진 검증본,510,"00:45:57,880 --> 00:45:59,720",1.84,몇 명?,몇 명이랑 했어요?,그건 대답 못 하겠네.,중립·혼합형,,,,,88.0,90.0,50.0,78.0,12.0,0.49316,0.0,14.0,0.0,0.0,0.24,몇 명이에요?,몇 명이랑 했어요?,일본어 원문 대조 + 자연스러운 한국어 대사 교정,23.67,T4,구조검사 통과 시 유지,,70.55288461538461,43.36,P3,말투·질문응답·가독성 위주 검토
ABF-303,원문·사진 검증본,511,"00:46:03,860 --> 00:46:04,780",0.92,그건 대답 못 하겠네.,몇 명?,둘 다 잘 느끼네.,반말형,,,일본어 원문 대조 + 자연스러운 한국어 대사 교정,높음,96.0,90.0,50.0,92.0,4.0,0.74796,0.0,5.0,0.0,0.0,0.3001,그건 안 돼.,여기로 와.,일본어 원문 + 타임스탬프 사진 + 장면 연속성,23.37,T4,구조검사 통과 시 유지,,68.91025641025641,42.5,P3,말투·질문응답·가독성 위주 검토
ABF-303,원문·사진 검증본,512,"00:46:10,700 --> 00:46:13,220",2.52,둘 다 잘 느끼네.,그건 대답 못 하겠네.,나는 이렇게 만지는 편이야.,반말형,,,일본어 원문 대조 + 자연스러운 한국어 대사 교정,높음,96.0,90.0,50.0,92.0,4.0,0.68394,0.0,5.0,0.0,0.0,0.2379,둘 다 감도가 좋네.,둘 다 잘 느끼네.,일본어 원문 대조 + 자연스러운 한국어 대사 교정,21.43,T4,구조검사 통과 시 유지,,58.61378205128205,37.05,P4,회귀검사 통과 시 유지
ABF-303,원문·사진 검증본,513,"00:46:13,300 --> 00:46:15,060",1.76,나는 이렇게 만지는 편이야.,둘 다 잘 느끼네.,클리 쪽이 더 잘 느끼는 것 같아.,반말형,,,손상된 일본어 ASR + 타임스탬프 사진 + 앞뒤 문맥 추론,중간,38.0,78.0,50.0,78.0,62.0,0.6953,16.54,14.0,0.0,0.0,0.7878,나는 이렇게 하는 편이야.,나는 이렇게 만지는 편이야.,손상된 일본어 ASR + 타임스탬프 사진 + 앞뒤 문맥 추론,38.14,T3,화자·문맥·자연스러움 집중 검토,,97.71634615384616,63.16,P2,앞뒤 5블록·사진·오류 기억을 함께 검토
ABF-303,원문·사진 검증본,514,"00:46:16,080 --> 00:46:17,920",1.84,클리 쪽이 더 잘 느끼는 것 같아.,나는 이렇게 만지는 편이야.,"아, 그렇구나.",중립·혼합형,,,일본어 원문 대조 + 자연스러운 한국어 대사 교정,높음,96.0,90.0,50.0,92.0,4.0,0.74314,0.0,5.0,0.0,0.0,0.5032,클리 쪽이 더 잘 느끼려나.,클리 쪽이 더 잘 느끼는 것 같아.,일본어 원문 대조 + 자연스러운 한국어 대사 교정,23.22,T4,구조검사 통과 시 유지,,67.82852564102564,41.96,P3,말투·질문응답·가독성 위주 검토
ABF-303,원문·사진 검증본,515,"00:46:18,660 --> 00:46:19,420",0.76,"아, 그렇구나.",클리 쪽이 더 잘 느끼는 것 같아.,성인용품 써 줘.,반응형,,,,,88.0,90.0,50.0,78.0,12.0,0.43251,35.45,14.0,0.0,0.0,0.9454,그렇구나.,손 정말 잘 쓰네.,일본어 원문 + 타임스탬프 사진 + 장면 연속성,27.51,T4,구조검사 통과 시 유지,,82.45192307692307,50.59,P3,말투·질문응답·가독성 위주 검토
ABF-303,원문·사진 검증본,516,"00:46:20,940 --> 00:46:22,000",1.06,성인용품 써 줘.,"아, 그렇구나.",응.,중립·혼합형,,,,,88.0,90.0,50.0,78.0,12.0,0.45386,0.0,14.0,0.0,0.0,0.5082,성인용품.,성인용품 말이야.,,22.02,T4,구조검사 통과 시 유지,,62.70032051282052,39.11,P4,회귀검사 통과 시 유지
ABF-303,원문·사진 검증본,517,"00:46:22,000 --> 00:46:22,500",0.5,응.,성인용품 써 줘.,이거 엄청 세네.,반응형,,,,,88.0,90.0,50.0,78.0,12.0,0.07509,0.0,14.0,0.0,0.0,0.4286,"하-, 응.",하아… 응.,,6.11,T4,구조검사 통과 시 유지,,3.4455128205128207,4.99,P4,회귀검사 통과 시 유지
ABF-303,원문·사진 검증본,518,"00:46:25,700 --> 00:46:26,900",1.2,이거 엄청 세네.,응.,안쪽도 좋아?,반말형,,,손상된 일본어 ASR + 타임스탬프 사진 + 앞뒤 문맥 추론,중간,38.0,78.0,50.0,78.0,62.0,0.56687,0.0,14.0,0.0,0.0,0.2887,이거 예쁘네.,손으로 가리지 마.,일본어 원문 + 타임스탬프 사진 + 장면 연속성,29.77,T4,구조검사 통과 시 유지,,87.5801282051282,54.05,P3,말투·질문응답·가독성 위주 검토
ABF-303,원문·사진 검증본,519,"00:46:27,420 --> 00:46:28,080",0.66,안쪽도 좋아?,이거 엄청 세네.,안에서는 어디가 좋아?,반응형,,,일본어 원문 대조 + 자연스러운 한국어 대사 교정,높음,96.0,90.0,50.0,92.0,8.0,0.69198,0.0,5.0,0.0,0.0,0.4887,안쪽이 좋아?,안쪽도 좋아?,일본어 원문 대조 + 자연스러운 한국어 대사 교정,21.85,T4,구조검사 통과 시 유지,,61.65865384615385,38.57,P4,회귀검사 통과 시 유지
ABF-303,원문·사진 검증본,520,"00:46:29,400 --> 00:46:30,640",1.24,안에서는 어디가 좋아?,안쪽도 좋아?,어디가 좋아?,반응형,,,일본어 원문 대조 + 자연스러운 한국어 대사 교정,높음,96.0,90.0,50.0,92.0,4.0,0.5918,0.0,5.0,0.0,0.0,0.2813,어디가 좋은지 모르겠어?,어디가 좋은지 아직 모르겠어?,일본어 원문 대조 + 자연스러운 한국어 대사 교정,18.64,T4,구조검사 통과 시 유지,,42.868589743589745,28.82,P4,회귀검사 통과 시 유지
ABF-303,원문·사진 검증본,521,"00:46:34,820 --> 00:46:35,660",0.84,어디가 좋아?,안에서는 어디가 좋아?,어디?,반응형,,,일본어 원문 대조 + 자연스러운 한국어 대사 교정,높음,96.0,90.0,50.0,92.0,4.0,0.5075,0.0,5.0,0.0,0.0,0.4086,어디가 좋은지 모르겠어?,어디가 좋은지 아직 모르겠어?,일본어 원문 대조 + 자연스러운 한국어 대사 교정,16.1,T4,구조검사 통과 시 유지,,30.849358974358974,22.29,P4,회귀검사 통과 시 유지
ABF-303,원문·사진 검증본,522,"00:46:37,060 --> 00:46:37,780",0.72,어디?,어디가 좋아?,여기?,반응형,,,일본어 원문 대조 + 자연스러운 한국어 대사 교정,높음,96.0,90.0,50.0,92.0,4.0,0.39201,0.0,5.0,0.0,0.0,0.1634,어디로 가?,여기?,일본어 원문 대조 + 자연스러운 한국어 대사 교정,12.6,T4,구조검사 통과 시 유지,,18.189102564102562,14.95,P4,회귀검사 통과 시 유지
ABF-303,원문·사진 검증본,523,"00:46:38,680 --> 00:46:39,160",0.48,여기?,어디?,"네, 거기예요.",중립·혼합형,,,일본어 원문 대조 + 자연스러운 한국어 대사 교정,높음,96.0,90.0,50.0,92.0,4.0,0.31243,0.0,5.0,0.0,0.0,0.1458,여기...,여기…,,10.2,T4,구조검사 통과 시 유지,,11.698717948717949,10.83,P4,회귀검사 통과 시 유지
ABF-303,원문·사진 검증본,524,"00:46:43,540 --> 00:46:44,700",1.16,"네, 거기예요.",여기?,대박이네.,중립·혼합형,,,손상된 일본어 ASR + 타임스탬프 사진 + 앞뒤 문맥 추론,중간,38.0,78.0,50.0,78.0,62.0,0.50697,0.0,14.0,0.0,0.0,0.3465,"네, 배예요.","네, 거기예요.",손상된 일본어 ASR + 타임스탬프 사진 + 앞뒤 문맥 추론,27.25,T4,구조검사 통과 시 유지,,82.05128205128204,50.27,P3,말투·질문응답·가독성 위주 검토
ABF-303,원문·사진 검증본,525,"00:46:44,700 --> 00:46:44,860",0.16,대박이네.,"네, 거기예요.",그대로 해 줘.,반말형,,,,,88.0,90.0,50.0,78.0,12.0,0.29628,0.0,14.0,70.0,0.0,0.1979,오~ 대박. 한입이네.,오… 대박. 한입이네.,,22.4,T4,구조검사 통과 시 유지,high_cps,64.1025641025641,39.92,P4,회귀검사 통과 시 유지
ABF-303,원문·사진 검증본,526,"00:46:44,880 --> 00:46:46,060",1.18,그대로 해 줘.,대박이네.,"응, 기분 좋아.",반말형,,,손상된 일본어 ASR + 타임스탬프 사진 + 앞뒤 문맥 추론,중간,38.0,78.0,50.0,78.0,62.0,0.39927,0.0,14.0,0.0,0.0,0.4659,그대로 엉덩이 찍게 해줘.,그대로 엉덩이 찍게 해 줘.,,22.73,T4,구조검사 통과 시 유지,,65.78525641025641,40.81,P3,말투·질문응답·가독성 위주 검토
ABF-303,원문·사진 검증본,527,"00:46:47,600 --> 00:46:53,800",6.2,"응, 기분 좋아.",그대로 해 줘.,안쪽을 세게 쑤셔도 돼?,반응형,,,,,88.0,90.0,50.0,78.0,12.0,0.35162,18.31,14.0,0.0,0.0,0.8026,기분 좋아.,"아, 좋아.",화면 영문 자막 대조,21.02,T4,구조검사 통과 시 유지,,55.92948717948718,35.68,P4,회귀검사 통과 시 유지
ABF-303,원문·사진 검증본,528,"00:46:55,860 --> 00:46:58,620",2.76,안쪽을 세게 쑤셔도 돼?,"응, 기분 좋아.",갈 것 같아.,중립·혼합형,,,일본어 원문 대조 + 자연스러운 한국어 대사 교정,높음,96.0,90.0,50.0,92.0,8.0,0.58847,0.0,5.0,0.0,0.0,0.5403,안을 팍팍 쑤셔도 돼?,안쪽을 세게 쑤셔도 돼?,일본어 원문 대조 + 자연스러운 한국어 대사 교정,18.72,T4,구조검사 통과 시 유지,,43.18910256410257,29.0,P4,회귀검사 통과 시 유지
ABF-303,원문·사진 검증본,529,"00:46:59,840 --> 00:47:02,580",2.74,갈 것 같아.,안쪽을 세게 쑤셔도 돼?,진짜 갈 것 같아.,반응형,,,,,88.0,90.0,50.0,78.0,12.0,0.3411,42.0,14.0,0.0,0.0,1.0,갈 것 같아.,진짜 갈 것 같아.,일본어 원문 대조 + 자연스러운 한국어 대사 교정,24.85,T4,구조검사 통과 시 유지,,74.8798076923077,45.86,P3,말투·질문응답·가독성 위주 검토
ABF-303,원문·사진 검증본,530,"00:47:13,120 --> 00:47:19,260",6.14,진짜 갈 것 같아.,갈 것 같아.,아…,반응형,,,일본어 원문 대조 + 자연스러운 한국어 대사 교정,높음,96.0,90.0,50.0,92.0,4.0,0.49797,22.1,5.0,0.0,0.0,0.8341,갈 것 같아.,진짜 갈 것 같아.,일본어 원문 대조 + 자연스러운 한국어 대사 교정,18.67,T4,구조검사 통과 시 유지,,43.02884615384615,28.9,P4,회귀검사 통과 시 유지
ABF-303,원문·사진 검증본,531,"00:47:19,260 --> 00:47:20,140",0.88,아…,진짜 갈 것 같아.,허벅지까지 흠뻑 젖었어.,반응형,,,,,88.0,90.0,50.0,78.0,12.0,0.27954,10.78,14.0,0.0,0.0,0.7398,"싫어, 아… 아… 아…",싫어… 아… 아…,일본어 원문 대조 + 자연스러운 한국어 대사 교정,16.64,T4,구조검사 통과 시 유지,,33.33333333333333,23.65,P4,회귀검사 통과 시 유지
ABF-303,원문·사진 검증본,532,"00:48:07,830 --> 00:48:10,650",2.82,허벅지까지 흠뻑 젖었어.,아…,또 나와 버렸어?,반응형,,,일본어 원문 대조 + 자연스러운 한국어 대사 교정,높음,96.0,90.0,50.0,92.0,8.0,0.84625,30.39,5.0,0.0,0.0,0.9033,허벅지까지 젖었어.,허벅지까지 흠뻑 젖었어.,일본어 원문 대조 + 자연스러운 한국어 대사 교정,30.45,T4,구조검사 통과 시 유지,,88.78205128205127,54.95,P3,말투·질문응답·가독성 위주 검토
ABF-303,원문·사진 검증본,533,"00:48:13,930 --> 00:48:14,850",0.92,또 나와 버렸어?,허벅지까지 흠뻑 젖었어.,옆구리까지 다 젖었네…,반응형,,,일본어 원문 대조 + 자연스러운 한국어 대사 교정,높음,96.0,90.0,50.0,92.0,4.0,0.6842,34.36,5.0,0.0,0.0,0.9363,나와 버렸어?,또 나와 버렸어?,일본어 원문 대조 + 자연스러운 한국어 대사 교정,25.89,T4,구조검사 통과 시 유지,,78.72596153846155,48.08,P3,말투·질문응답·가독성 위주 검토
ABF-303,원문·사진 검증본,534,"00:48:14,850 --> 00:48:20,390",5.54,옆구리까지 다 젖었네…,또 나와 버렸어?,뭐라고 말하면 돼?,반말형,,,손상된 일본어 ASR + 타임스탬프 사진 + 앞뒤 문맥 추론,중간,38.0,78.0,50.0,78.0,66.0,0.76606,0.0,14.0,0.0,0.0,0.2275,엄청 젖었네...,엄청 젖었네…,,38.37,T3,화자·문맥·자연스러움 집중 검토,,98.07692307692307,63.45,P2,앞뒤 5블록·사진·오류 기억을 함께 검토
ABF-303,원문·사진 검증본,535,"00:48:25,190 --> 00:48:25,930",0.74,뭐라고 말하면 돼?,옆구리까지 다 젖었네…,핥아 달라고 해도 돼?,중립·혼합형,,,일본어 원문 대조 + 자연스러운 한국어 대사 교정,높음,96.0,90.0,50.0,92.0,4.0,0.6169,0.0,5.0,0.0,0.0,0.6195,뭐라고 해야 돼?,뭐라고 말하면 돼?,일본어 원문 대조 + 자연스러운 한국어 대사 교정,19.4,T4,구조검사 통과 시 유지,,46.75480769230769,30.89,P4,회귀검사 통과 시 유지
ABF-303,원문·사진 검증본,536,"00:48:39,240 --> 00:48:40,200",0.96,핥아 달라고 해도 돼?,뭐라고 말하면 돼?,핥아 달라고 말해 봐.,반응형,,,,,88.0,90.0,50.0,78.0,16.0,0.7577,0.0,14.0,0.0,0.0,0.6061,핥아 달라고 할래?,핥아 달라고 말해 봐.,일본어 원문 대조 + 자연스러운 한국어 대사 교정,35.02,T3,화자·문맥·자연스러움 집중 검토,,95.11217948717949,60.26,P2,앞뒤 5블록·사진·오류 기억을 함께 검토
ABF-303,원문·사진 검증본,537,"00:48:41,220 --> 00:48:42,400",1.18,핥아 달라고 말해 봐.,핥아 달라고 해도 돼?,좋아해?,반응형,,,일본어 원문 대조 + 자연스러운 한국어 대사 교정,높음,96.0,90.0,50.0,92.0,8.0,0.75073,0.0,5.0,0.0,0.0,0.6053,핥아 달라고 할래?,핥아 달라고 말해 봐.,일본어 원문 대조 + 자연스러운 한국어 대사 교정,23.62,T4,구조검사 통과 시 유지,,70.3525641025641,43.25,P3,말투·질문응답·가독성 위주 검토
ABF-303,원문·사진 검증본,538,"00:48:43,560 --> 00:48:44,160",0.6,좋아해?,핥아 달라고 말해 봐.,응.,반응형,,,,,88.0,90.0,50.0,78.0,12.0,0.2489,19.22,14.0,0.0,0.0,0.8102,유두 좋아해?,젖꼭지 좋아해?,,16.87,T4,구조검사 통과 시 유지,,34.3349358974359,24.21,P4,회귀검사 통과 시 유지
ABF-303,원문·사진 검증본,539,"00:48:44,440 --> 00:48:44,860",0.42,응.,좋아해?,응.,반응형,,,,,88.0,90.0,50.0,78.0,12.0,0.03153,0.0,14.0,0.0,0.0,0.4286,"하-, 응.",하아… 응.,,4.28,T4,구조검사 통과 시 유지,,0.8012820512820512,2.82,P4,회귀검사 통과 시 유지
ABF-303,원문·사진 검증본,540,"00:48:46,220 --> 00:48:47,180",0.96,응.,응.,어떻게 알았어?,반응형,,,,,88.0,90.0,50.0,78.0,12.0,0.11006,0.0,14.0,0.0,0.0,0.4286,"하-, 응.",하아… 응.,,7.58,T4,구조검사 통과 시 유지,,5.288461538461538,6.62,P4,회귀검사 통과 시 유지
ABF-303,원문·사진 검증본,541,"00:48:47,180 --> 00:48:47,380",0.2,어떻게 알았어?,응.,잠깐만.,반응형,,,손상된 일본어 ASR + 타임스탬프 사진 + 앞뒤 문맥 추론,중간,38.0,78.0,50.0,78.0,62.0,0.68288,0.0,14.0,70.0,0.0,0.3674,어떻게 먹는 거?,어떤 식으로?,일본어 원문 대조 + 자연스러운 한국어 대사 교정,41.64,T3,화자·문맥·자연스러움 집중 검토,high_cps,99.35897435897436,65.88,P2,앞뒤 5블록·사진·오류 기억을 함께 검토
ABF-303,원문·사진 검증본,542,"00:48:47,380 --> 00:49:00,030",12.65,잠깐만.,어떻게 알았어?,끝난 줄 알았지?,반응형,,,일본어 원문 대조 + 자연스러운 한국어 대사 교정,높음,96.0,90.0,50.0,92.0,4.0,0.43949,13.33,5.0,0.0,0.0,0.7611,하아… 잠깐만.,목욕물 받아 놓은 거지?,일본어 원문 + 타임스탬프 사진 + 장면 연속성,15.77,T4,구조검사 통과 시 유지,,29.407051282051285,21.5,P4,회귀검사 통과 시 유지
ABF-303,원문·사진 검증본,543,"00:49:00,030 --> 00:49:01,590",1.56,끝난 줄 알았지?,잠깐만.,네.,반말형,,,손상된 일본어 ASR + 타임스탬프 사진 + 앞뒤 문맥 추론,중간,38.0,78.0,50.0,78.0,62.0,0.63476,0.0,14.0,0.0,0.0,0.2225,불꽃축제 끝난 뒤에…,불꽃축제가 끝난 뒤라든가…,일본어 원문 대조 + 자연스러운 한국어 대사 교정,32.62,T4,구조검사 통과 시 유지,,91.98717948717949,57.55,P3,말투·질문응답·가독성 위주 검토
ABF-303,원문·사진 검증본,544,"00:49:01,590 --> 00:49:01,970",0.38,네.,끝난 줄 알았지?,조금 쉬자.,반말형,,,,,88.0,90.0,50.0,78.0,12.0,0.34133,8.61,14.0,0.0,0.0,0.7218,"네, 네.",네.,불필요한 반복 제거,18.85,T4,구조검사 통과 시 유지,,43.91025641025641,29.38,P4,회귀검사 통과 시 유지
ABF-303,원문·사진 검증본,545,"00:49:01,970 --> 00:49:04,410",2.44,조금 쉬자.,네.,응.,중립·혼합형,,,일본어 원문 대조 + 자연스러운 한국어 대사 교정,높음,96.0,90.0,50.0,92.0,4.0,0.57366,23.31,5.0,0.0,0.0,0.8442,쉬자.,너무 깊이 들어가.,일본어 원문 + 타임스탬프 사진 + 장면 연속성,21.12,T4,구조검사 통과 시 유지,,56.53044871794872,35.99,P4,회귀검사 통과 시 유지
ABF-303,원문·사진 검증본,546,"00:50:04,370 --> 00:50:04,710",0.34,응.,조금 쉬자.,뒤쪽도 보여 줘.,반응형,,,,,88.0,90.0,50.0,78.0,12.0,0.16056,0.0,14.0,0.0,0.0,0.4286,"하-, 응.",하아… 응.,,9.7,T4,구조검사 통과 시 유지,,10.096153846153847,9.87,P4,회귀검사 통과 시 유지
ABF-303,원문·사진 검증본,547,"00:50:05,150 --> 00:50:08,810",3.66,뒤쪽도 보여 줘.,응.,빨아 줘.,중립·혼합형,,,일본어 원문 대조 + 자연스러운 한국어 대사 교정,높음,96.0,90.0,50.0,92.0,4.0,0.62149,0.0,5.0,0.0,0.0,0.3788,입 안을 보여 줘.,입 안 보여 줘.,일본어 원문 대조 + 자연스러운 한국어 대사 교정,19.54,T4,구조검사 통과 시 유지,,47.43589743589743,31.26,P4,회귀검사 통과 시 유지
ABF-303,원문·사진 검증본,548,"00:50:13,390 --> 00:50:14,190",0.8,빨아 줘.,뒤쪽도 보여 줘.,응?,반응형,,,,,88.0,90.0,50.0,78.0,12.0,0.50073,0.0,14.0,0.0,0.0,0.3488,좀 더 해 줘.,보여?,일본어 원문 + 타임스탬프 사진 + 장면 연속성,23.99,T4,구조검사 통과 시 유지,,71.9150641025641,44.12,P3,말투·질문응답·가독성 위주 검토
ABF-303,원문·사진 검증본,549,"00:50:14,670 --> 00:50:14,850",0.18,응?,빨아 줘.,아… 좋네.,반응형,,,,,88.0,90.0,50.0,78.0,12.0,0.32444,0.0,14.0,0.0,0.0,0.446,응? 잠깐 기다려…,응? 잠깐만…,일본어 원문 대조 + 자연스러운 한국어 대사 교정,16.59,T4,구조검사 통과 시 유지,,32.8125,23.4,P4,회귀검사 통과 시 유지
ABF-303,원문·사진 검증본,550,"00:50:17,410 --> 00:50:18,150",0.74,아… 좋네.,응?,숨이 막힐 것 같아.,반응형,,,,,88.0,90.0,50.0,78.0,12.0,0.32952,22.05,14.0,0.0,0.0,0.8337,좋네.,좋아.,일본어 원문 대조 + 자연스러운 한국어 대사 교정,20.77,T4,구조검사 통과 시 유지,,54.40705128205128,34.9,P4,회귀검사 통과 시 유지
ABF-303,원문·사진 검증본,551,"00:50:51,300 --> 00:50:52,320",1.02,숨이 막힐 것 같아.,아… 좋네.,응?,반응형,,,일본어 원문 대조 + 자연스러운 한국어 대사 교정,높음,96.0,90.0,50.0,92.0,4.0,0.53069,0.0,5.0,0.0,0.0,0.4856,갈 것 같아.,진짜 갈 것 같아.,일본어 원문 대조 + 자연스러운 한국어 대사 교정,16.8,T4,구조검사 통과 시 유지,,33.97435897435898,24.01,P4,회귀검사 통과 시 유지
ABF-303,원문·사진 검증본,552,"00:50:52,320 --> 00:50:53,500",1.18,응?,숨이 막힐 것 같아.,응.,반응형,,,,,88.0,90.0,50.0,78.0,12.0,0.12105,0.0,14.0,0.0,0.0,0.446,응? 잠깐 기다려…,응? 잠깐만…,일본어 원문 대조 + 자연스러운 한국어 대사 교정,8.04,T4,구조검사 통과 시 유지,,6.129807692307692,7.24,P4,회귀검사 통과 시 유지
ABF-303,원문·사진 검증본,553,"00:50:54,740 --> 00:50:55,580",0.84,응.,응?,으으응…!,반응형,,,,,88.0,90.0,50.0,78.0,12.0,0.051,0.0,14.0,0.0,0.0,0.4286,"하-, 응.",하아… 응.,,5.1,T4,구조검사 통과 시 유지,,2.283653846153846,3.92,P4,회귀검사 통과 시 유지
ABF-303,원문·사진 검증본,554,"00:51:01,030 --> 00:51:05,790",4.76,으으응…!,응.,아… 대단해.,반응형,,,,,88.0,90.0,50.0,78.0,12.0,0.14936,0.0,14.0,0.0,0.0,0.1618,으으으...,으으으…,,9.23,T4,구조검사 통과 시 유지,,9.134615384615383,9.19,P4,회귀검사 통과 시 유지
ABF-303,원문·사진 검증본,555,"00:51:06,410 --> 00:51:07,470",1.06,아… 대단해.,으으응…!,"우와, 엄청나네.",반응형,,,,,88.0,90.0,50.0,78.0,12.0,0.29385,27.28,14.0,0.0,0.0,0.8773,대단해.,기분 좋네.,일본어 원문 + 타임스탬프 사진 + 장면 연속성,20.21,T4,구조검사 통과 시 유지,,51.081730769230774,33.18,P4,회귀검사 통과 시 유지
ABF-303,원문·사진 검증본,556,"00:51:08,510 --> 00:51:10,330",1.82,"우와, 엄청나네.",아… 대단해.,넣고 싶어.,반말형,,,,,88.0,90.0,50.0,78.0,12.0,0.35822,0.0,14.0,0.0,0.0,0.3983,엄청나네요.,"와, 정말 크네요.",대형 선박 장면에 맞는 표현 교정,18.01,T4,구조검사 통과 시 유지,,40.06410256410257,27.27,P4,회귀검사 통과 시 유지
ABF-303,원문·사진 검증본,557,"00:51:24,030 --> 00:51:25,210",1.18,넣고 싶어.,"우와, 엄청나네.",빨리 넣고 싶어.,반응형,,,,,88.0,90.0,50.0,78.0,16.0,0.40127,42.0,14.0,0.0,0.0,1.0,넣고 싶어.,빨리 넣고 싶어.,일본어 원문 대조 + 자연스러운 한국어 대사 교정,27.61,T4,구조검사 통과 시 유지,,82.7724358974359,50.78,P3,말투·질문응답·가독성 위주 검토
ABF-303,원문·사진 검증본,558,"00:51:29,790 --> 00:51:30,990",1.2,빨리 넣고 싶어.,넣고 싶어.,콘돔 끼는 거야?,반응형,,,일본어 원문 대조 + 자연스러운 한국어 대사 교정,높음,96.0,90.0,50.0,92.0,8.0,0.63698,17.35,5.0,0.0,0.0,0.7946,넣고 싶어.,빨리 넣고 싶어.,일본어 원문 대조 + 자연스러운 한국어 대사 교정,22.43,T4,구조검사 통과 시 유지,,64.26282051282051,40.0,P4,회귀검사 통과 시 유지
ABF-303,원문·사진 검증본,559,"00:51:33,330 --> 00:51:35,410",2.08,콘돔 끼는 거야?,빨리 넣고 싶어.,낄까?,반말형,,,일본어 원문 대조 + 자연스러운 한국어 대사 교정,높음,96.0,90.0,50.0,92.0,4.0,0.44019,0.0,5.0,0.0,0.0,0.4078,빨리 콘돔 빼.,빨리 콘돔 꺼내.,사진 장면 확인 및 한국어 번역투·ASR 오역 교정,14.06,T4,구조검사 통과 시 유지,,23.477564102564102,18.02,P4,회귀검사 통과 시 유지
ABF-303,원문·사진 검증본,560,"00:51:35,510 --> 00:51:36,210",0.7,낄까?,콘돔 끼는 거야?,응.,중립·혼합형,,,일본어 원문 대조 + 자연스러운 한국어 대사 교정,높음,96.0,90.0,50.0,92.0,4.0,0.26976,0.0,5.0,0.0,0.0,0.1333,뭐 할까?,내가 먼저?,일본어 원문 + 타임스탬프 사진 + 장면 연속성,8.91,T4,구조검사 통과 시 유지,,8.092948717948719,8.57,P4,회귀검사 통과 시 유지
ABF-303,원문·사진 검증본,561,"00:51:37,190 --> 00:51:37,750",0.56,응.,낄까?,끼는 거지?,반응형,,,,,88.0,90.0,50.0,78.0,12.0,0.06332,0.0,14.0,0.0,0.0,0.4286,"하-, 응.",하아… 응.,,5.62,T4,구조검사 통과 시 유지,,2.7243589743589745,4.4,P4,회귀검사 통과 시 유지
ABF-303,원문·사진 검증본,562,"00:51:39,010 --> 00:51:40,050",1.04,끼는 거지?,응.,응.,반말형,,,일본어 원문 대조 + 자연스러운 한국어 대사 교정,높음,96.0,90.0,50.0,92.0,4.0,0.33984,0.23,5.0,0.0,0.0,0.6519,잘 거지?,갈 수 있지?,사진 장면 확인 및 한국어 번역투·ASR 오역 교정,11.06,T4,구조검사 통과 시 유지,,14.38301282051282,12.46,P4,회귀검사 통과 시 유지
ABF-303,원문·사진 검증본,563,"00:51:40,590 --> 00:51:41,030",0.44,응.,끼는 거지?,끼고 싶은데.,반응형,,,,,88.0,90.0,50.0,78.0,12.0,0.06815,0.0,14.0,0.0,0.0,0.4286,"하-, 응.",하아… 응.,,5.82,T4,구조검사 통과 시 유지,,3.0448717948717947,4.65,P4,회귀검사 통과 시 유지
ABF-303,원문·사진 검증본,564,"00:51:43,470 --> 00:51:44,370",0.9,끼고 싶은데.,응.,아… 드디어.,중립·혼합형,,,일본어 원문 대조 + 자연스러운 한국어 대사 교정,높음,96.0,90.0,50.0,92.0,4.0,0.49802,2.33,5.0,0.0,0.0,0.6694,끼우고 싶은데.,끼고 싶은데.,일본어 원문 대조 + 자연스러운 한국어 대사 교정,16.11,T4,구조검사 통과 시 유지,,31.009615384615387,22.37,P4,회귀검사 통과 시 유지
ABF-303,원문·사진 검증본,565,"00:51:58,850 --> 00:52:00,490",1.64,아… 드디어.,끼고 싶은데.,좋다.,반응형,,,일본어 원문 대조 + 자연스러운 한국어 대사 교정,높음,96.0,90.0,50.0,92.0,4.0,0.45578,0.0,5.0,0.0,0.0,0.3086,드디어 하고 싶어진 거야?,와.,일본어 원문 + 타임스탬프 사진 + 장면 연속성,14.53,T4,구조검사 통과 시 유지,,25.20032051282051,19.01,P4,회귀검사 통과 시 유지
ABF-303,원문·사진 검증본,566,"00:52:01,610 --> 00:52:02,630",1.02,좋다.,아… 드디어.,이제 못 참겠어.,중립·혼합형,,,일본어 원문 대조 + 자연스러운 한국어 대사 교정,높음,96.0,90.0,50.0,92.0,4.0,0.32729,0.0,5.0,0.0,0.0,0.1789,좋다고 생각해.,좋은 것 같아.,일본어 원문 대조 + 자연스러운 한국어 대사 교정,10.65,T4,구조검사 통과 시 유지,,13.381410256410255,11.8,P4,회귀검사 통과 시 유지
ABF-303,원문·사진 검증본,567,"00:52:04,250 --> 00:52:05,150",0.9,이제 못 참겠어.,좋다.,좋아.,반응형,,,,,88.0,90.0,50.0,78.0,12.0,0.5274,0.0,14.0,0.0,0.0,0.3156,못 울겠어.,목이 막혀요.,사진 장면 확인 및 한국어 번역투·ASR 오역 교정,25.11,T4,구조검사 통과 시 유지,,75.64102564102564,46.33,P3,말투·질문응답·가독성 위주 검토
ABF-303,원문·사진 검증본,568,"00:52:24,910 --> 00:52:25,430",0.52,좋아.,이제 못 참겠어.,귀엽네.,반응형,,,일본어 원문 대조 + 자연스러운 한국어 대사 교정,높음,96.0,90.0,50.0,92.0,4.0,0.31225,17.77,5.0,0.0,0.0,0.7981,"아, 좋아.","아, 들어온다.",,12.49,T4,구조검사 통과 시 유지,,17.828525641025642,14.73,P4,회귀검사 통과 시 유지
ABF-303,원문·사진 검증본,569,"00:52:25,430 --> 00:52:26,370",0.94,귀엽네.,좋아.,더 안쪽까지 안 들어가?,반말형,,,,,88.0,90.0,50.0,78.0,12.0,0.28194,42.0,14.0,0.0,0.0,1.0,귀엽네.,그냥 벗었을 뿐이야.,일본어 원문 + 타임스탬프 사진 + 장면 연속성,22.36,T4,구조검사 통과 시 유지,,63.74198717948718,39.74,P4,회귀검사 통과 시 유지
ABF-303,원문·사진 검증본,570,"00:52:28,330 --> 00:52:29,530",1.2,더 안쪽까지 안 들어가?,귀엽네.,응.,반응형,,,일본어 원문 대조 + 자연스러운 한국어 대사 교정,높음,96.0,90.0,50.0,92.0,8.0,0.77484,5.55,5.0,0.0,0.0,0.6962,안쪽까지 안 가?,더 안쪽까지 안 들어가?,일본어 원문 대조 + 자연스러운 한국어 대사 교정,25.07,T4,구조검사 통과 시 유지,,75.56089743589743,46.28,P3,말투·질문응답·가독성 위주 검토
ABF-303,원문·사진 검증본,571,"00:52:29,890 --> 00:52:30,090",0.2,응.,더 안쪽까지 안 들어가?,일단 넣어 줘.,반응형,,,,,88.0,90.0,50.0,78.0,12.0,0.07307,0.0,14.0,0.0,0.0,0.4286,"하-, 응.",하아… 응.,,6.03,T4,구조검사 통과 시 유지,,3.205128205128205,4.84,P4,회귀검사 통과 시 유지
ABF-303,원문·사진 검증본,572,"00:52:30,570 --> 00:52:31,150",0.58,일단 넣어 줘.,응.,좋아.,반응형,,,일본어 원문 대조 + 자연스러운 한국어 대사 교정,높음,96.0,90.0,50.0,92.0,8.0,0.64866,10.2,5.0,0.0,0.0,0.735,일단 해 줘.,일단 넣어 줘.,일본어 원문 대조 + 자연스러운 한국어 대사 교정,21.86,T4,구조검사 통과 시 유지,,61.818910256410255,38.64,P4,회귀검사 통과 시 유지
ABF-303,원문·사진 검증본,573,"00:52:32,750 --> 00:52:33,890",1.14,좋아.,일단 넣어 줘.,좋아.,반응형,,,일본어 원문 대조 + 자연스러운 한국어 대사 교정,높음,96.0,90.0,50.0,92.0,4.0,0.15412,17.77,5.0,0.0,0.0,0.7981,"아, 좋아.","아, 들어온다.",,7.71,T4,구조검사 통과 시 유지,,5.448717948717949,6.76,P4,회귀검사 통과 시 유지
ABF-303,원문·사진 검증본,574,"00:52:34,310 --> 00:52:35,110",0.8,좋아.,좋아.,정말 좋아.,반응형,,,일본어 원문 대조 + 자연스러운 한국어 대사 교정,높음,96.0,90.0,50.0,92.0,4.0,0.16459,17.77,5.0,0.0,0.0,0.7981,"아, 좋아.","아, 들어온다.",,8.03,T4,구조검사 통과 시 유지,,6.009615384615385,7.18,P4,회귀검사 통과 시 유지
ABF-303,원문·사진 검증본,575,"00:52:36,170 --> 00:52:37,550",1.38,정말 좋아.,좋아.,"어라, 아직 안 들어갔어.",반응형,,,일본어 원문 대조 + 자연스러운 한국어 대사 교정,높음,96.0,90.0,50.0,92.0,4.0,0.51796,42.0,5.0,0.0,0.0,1.0,정말 좋아.,거기 좋아.,타임스탬프 사진과 장면 흐름으로 명백한 오인식 교정,21.86,T4,구조검사 통과 시 유지,,61.818910256410255,38.64,P4,회귀검사 통과 시 유지
ABF-303,원문·사진 검증본,576,"00:52:44,940 --> 00:52:46,380",1.44,"어라, 아직 안 들어갔어.",정말 좋아.,엉덩이가 걸리네.,반응형,,,일본어 원문 대조 + 자연스러운 한국어 대사 교정,높음,96.0,90.0,50.0,92.0,4.0,0.7789,34.18,5.0,0.0,0.0,0.9349,"어라, 안 들어갔어.","어라, 아직 안 들어갔어.",일본어 원문 대조 + 자연스러운 한국어 대사 교정,28.73,T4,구조검사 통과 시 유지,,85.05608974358975,52.39,P3,말투·질문응답·가독성 위주 검토
ABF-303,원문·사진 검증본,577,"00:52:46,920 --> 00:52:48,520",1.6,엉덩이가 걸리네.,"어라, 아직 안 들어갔어.",좋아.,반말형,,,일본어 원문 대조 + 자연스러운 한국어 대사 교정,높음,96.0,90.0,50.0,92.0,8.0,0.78797,0.0,5.0,0.0,0.0,0.3782,엉덩이가…,갈 수 있어?,일본어 원문 + 타임스탬프 사진 + 장면 연속성,24.75,T4,구조검사 통과 시 유지,,74.51923076923077,45.65,P3,말투·질문응답·가독성 위주 검토
ABF-303,원문·사진 검증본,578,"00:52:49,080 --> 00:52:49,740",0.66,좋아.,엉덩이가 걸리네.,이거…,반응형,,,일본어 원문 대조 + 자연스러운 한국어 대사 교정,높음,96.0,90.0,50.0,92.0,4.0,0.31512,17.77,5.0,0.0,0.0,0.7981,"아, 좋아.","아, 들어온다.",,12.58,T4,구조검사 통과 시 유지,,18.028846153846153,14.87,P4,회귀검사 통과 시 유지
ABF-303,원문·사진 검증본,579,"00:52:52,680 --> 00:52:53,320",0.64,이거…,좋아.,아… 엄청 조이네.,중립·혼합형,,,,,88.0,90.0,50.0,78.0,12.0,0.25719,0.0,14.0,0.0,0.0,0.1447,"네, 이거.","네, 해 볼게요.",사진 장면 확인 및 한국어 번역투·ASR 오역 교정,13.76,T4,구조검사 통과 시 유지,,22.355769230769234,17.37,P4,회귀검사 통과 시 유지
ABF-303,원문·사진 검증본,580,"00:52:53,320 --> 00:53:08,440",15.12,아… 엄청 조이네.,이거…,기분 좋아.,반응형,,,일본어 원문 대조 + 자연스러운 한국어 대사 교정,높음,96.0,90.0,50.0,92.0,4.0,0.52165,0.0,5.0,0.0,0.0,0.2813,엄청 적극적이네.,오늘은 꽤 적극적이네.,일본어 원문 대조 + 자연스러운 한국어 대사 교정,16.52,T4,구조검사 통과 시 유지,,32.41185897435898,23.19,P4,회귀검사 통과 시 유지
ABF-303,원문·사진 검증본,581,"00:53:08,680 --> 00:53:40,550",31.87,기분 좋아.,아… 엄청 조이네.,엉덩이 좀 들어 봐.,반응형,,,일본어 원문 대조 + 자연스러운 한국어 대사 교정,높음,96.0,90.0,50.0,92.0,4.0,0.54547,42.0,5.0,0.0,0.0,1.0,기분 좋아.,"아, 좋아.",화면 영문 자막 대조,22.69,T4,구조검사 통과 시 유지,,65.6650641025641,40.74,P3,말투·질문응답·가독성 위주 검토
ABF-303,원문·사진 검증본,582,"00:53:40,730 --> 00:53:41,910",1.18,엉덩이 좀 들어 봐.,기분 좋아.,"와, 깊이 들어갔어.",반응형,,,일본어 원문 대조 + 자연스러운 한국어 대사 교정,높음,96.0,90.0,50.0,92.0,8.0,0.85243,24.6,5.0,0.0,0.0,0.855,엉덩이 좀 봐.,이 유카타 진짜 귀엽네.,일본어 원문 + 타임스탬프 사진 + 장면 연속성,29.89,T4,구조검사 통과 시 유지,,87.74038461538461,54.19,P3,말투·질문응답·가독성 위주 검토
ABF-303,원문·사진 검증본,583,"00:53:41,910 --> 00:53:46,580",4.67,"와, 깊이 들어갔어.",엉덩이 좀 들어 봐.,진짜 하고 싶었어.,반응형,,,일본어 원문 대조 + 자연스러운 한국어 대사 교정,높음,96.0,90.0,50.0,92.0,4.0,0.77641,42.0,5.0,0.0,0.0,1.0,"와, 깊이 들어갔어.",목욕하려면 이제 벗어야지.,일본어 원문 + 타임스탬프 사진 + 장면 연속성,29.67,T4,구조검사 통과 시 유지,,87.25961538461539,53.86,P3,말투·질문응답·가독성 위주 검토
ABF-303,원문·사진 검증본,584,"00:53:46,580 --> 00:53:54,180",7.6,진짜 하고 싶었어.,"와, 깊이 들어갔어.",계속 생각하고 있었어.,반응형,,,일본어 원문 대조 + 자연스러운 한국어 대사 교정,높음,96.0,90.0,50.0,92.0,4.0,0.73814,17.6,5.0,0.0,0.0,0.7966,정말 하고 싶었어.,봐도 돼?,일본어 원문 + 타임스탬프 사진 + 장면 연속성,25.35,T4,구조검사 통과 시 유지,,76.4823717948718,46.83,P3,말투·질문응답·가독성 위주 검토
ABF-303,원문·사진 검증본,585,"00:53:58,200 --> 00:54:01,120",2.92,계속 생각하고 있었어.,진짜 하고 싶었어.,아아아…,반응형,,,일본어 원문 대조 + 자연스러운 한국어 대사 교정,높음,96.0,90.0,50.0,92.0,4.0,0.7763,0.0,5.0,0.0,0.0,0.6186,생각하고 있었어…,계속 생각하고 있었어.,일본어 원문 대조 + 자연스러운 한국어 대사 교정,24.22,T4,구조검사 통과 시 유지,,72.71634615384616,44.59,P3,말투·질문응답·가독성 위주 검토
ABF-303,원문·사진 검증본,586,"00:54:01,120 --> 00:54:04,960",3.84,아아아…,계속 생각하고 있었어.,아… 거기…,반응형,,,일본어 원문 대조 + 자연스러운 한국어 대사 교정,높음,96.0,90.0,50.0,92.0,4.0,0.39132,42.0,5.0,0.0,0.0,1.0,아아아…,잠깐만.,일본어 원문 + 타임스탬프 사진 + 장면 연속성,18.03,T4,구조검사 통과 시 유지,,40.144230769230774,27.32,P4,회귀검사 통과 시 유지
ABF-303,원문·사진 검증본,587,"00:54:04,960 --> 00:54:32,690",27.73,아… 거기…,아아아…,그렇게 해 줘.,반응형,,,손상된 일본어 ASR + 타임스탬프 사진 + 앞뒤 문맥 추론,중간,38.0,78.0,50.0,78.0,62.0,0.50011,0.0,14.0,0.0,0.0,0.4156,아… 기분 좋아. 아… 거기 거기.,"아… 좋아. 거기, 거기.",일본어 원문 대조 + 자연스러운 한국어 대사 교정,26.96,T4,구조검사 통과 시 유지,,81.1698717948718,49.73,P3,말투·질문응답·가독성 위주 검토
ABF-303,원문·사진 검증본,588,"00:54:32,690 --> 00:54:33,250",0.56,그렇게 해 줘.,아… 거기…,"계속, 계속…",반말형,,,손상된 일본어 ASR + 타임스탬프 사진 + 앞뒤 문맥 추론,중간,38.0,78.0,50.0,78.0,62.0,0.64983,0.0,14.0,0.0,0.0,0.4321,좀 더 해 줘.,보여?,일본어 원문 + 타임스탬프 사진 + 장면 연속성,33.25,T4,구조검사 통과 시 유지,,92.94871794871796,58.32,P2,앞뒤 5블록·사진·오류 기억을 함께 검토
ABF-303,원문·사진 검증본,589,"00:54:33,250 --> 00:54:51,910",18.66,"계속, 계속…",그렇게 해 줘.,하아… 더 해 줘.,중립·혼합형,,,손상된 일본어 ASR + 타임스탬프 사진 + 앞뒤 문맥 추론,중간,38.0,78.0,50.0,78.0,62.0,0.69553,11.97,14.0,0.0,0.0,0.7497,계속…,이거 어떻게 푸는 거였지?,일본어 원문 + 타임스탬프 사진 + 장면 연속성,37.33,T3,화자·문맥·자연스러움 집중 검토,,97.27564102564102,62.51,P2,앞뒤 5블록·사진·오류 기억을 함께 검토
ABF-303,원문·사진 검증본,590,"00:54:51,910 --> 00:55:02,290",10.38,하아… 더 해 줘.,"계속, 계속…",처음엔 천천히 해 줘.,반응형,,,손상된 일본어 ASR + 타임스탬프 사진 + 앞뒤 문맥 추론,중간,38.0,78.0,50.0,78.0,62.0,0.85721,10.89,14.0,0.0,0.0,0.7408,하아…,보여 줘.,일본어 원문 + 타임스탬프 사진 + 장면 연속성,43.92,T3,화자·문맥·자연스러움 집중 검토,,99.9198717948718,67.44,P2,앞뒤 5블록·사진·오류 기억을 함께 검토
ABF-303,원문·사진 검증본,591,"00:55:07,690 --> 00:55:13,530",5.84,처음엔 천천히 해 줘.,하아… 더 해 줘.,"괜찮아, 계속해.",반말형,,,,,88.0,90.0,50.0,78.0,12.0,0.84936,8.24,14.0,0.0,0.0,0.7186,천천히 해 줘.,"좋네. 잠깐, 어떻게 돼 있었지?",일본어 원문 + 타임스탬프 사진 + 장면 연속성,40.12,T3,화자·문맥·자연스러움 집중 검토,,98.63782051282051,64.7,P2,앞뒤 5블록·사진·오류 기억을 함께 검토
ABF-303,원문·사진 검증본,592,"00:55:29,880 --> 00:55:31,040",1.16,"괜찮아, 계속해.",처음엔 천천히 해 줘.,아… 거기 좋아.,반응형,,,일본어 원문 대조 + 자연스러운 한국어 대사 교정,높음,96.0,90.0,50.0,92.0,4.0,0.62263,0.0,5.0,0.0,0.0,0.367,"아니, 역시 그건 무리에요. 괜찮아, 괜찮아.","아니, 역시 그건 무리예요. 괜찮아 괜찮아.",,19.58,T4,구조검사 통과 시 유지,,47.71634615384615,31.4,P4,회귀검사 통과 시 유지
ABF-303,원문·사진 검증본,593,"00:55:31,040 --> 00:55:50,480",19.44,아… 거기 좋아.,"괜찮아, 계속해.",귀엽네.,반응형,,,일본어 원문 대조 + 자연스러운 한국어 대사 교정,높음,96.0,90.0,50.0,92.0,4.0,0.54112,17.33,5.0,0.0,0.0,0.7944,아… 기분 좋아. 아… 거기 거기.,"아… 좋아. 거기, 거기.",일본어 원문 대조 + 자연스러운 한국어 대사 교정,19.36,T4,구조검사 통과 시 유지,,46.47435897435898,30.75,P4,회귀검사 통과 시 유지
ABF-303,원문·사진 검증본,594,"00:55:56,980 --> 00:55:58,520",1.54,귀엽네.,아… 거기 좋아.,이제 네가 위로 올라와.,반말형,,,,,88.0,90.0,50.0,78.0,12.0,0.2856,42.0,14.0,0.0,0.0,1.0,귀엽네.,그냥 벗었을 뿐이야.,일본어 원문 + 타임스탬프 사진 + 장면 연속성,22.52,T4,구조검사 통과 시 유지,,64.78365384615384,40.27,P3,말투·질문응답·가독성 위주 검토
ABF-303,원문·사진 검증본,595,"00:55:58,520 --> 00:55:59,340",0.82,이제 네가 위로 올라와.,귀엽네.,그대로 올라타.,반말형,,,일본어 원문 대조 + 자연스러운 한국어 대사 교정,높음,96.0,90.0,50.0,92.0,4.0,0.66964,0.0,5.0,0.0,0.0,0.1803,네가 갈 때쯤.,네가 갈 것 같을 때…,,21.0,T4,구조검사 통과 시 유지,,55.568910256410255,35.52,P4,회귀검사 통과 시 유지
ABF-303,원문·사진 검증본,596,"00:56:00,140 --> 00:56:01,360",1.22,그대로 올라타.,이제 네가 위로 올라와.,몸이 덜덜 떨려.,중립·혼합형,,,일본어 원문 대조 + 자연스러운 한국어 대사 교정,높음,96.0,90.0,50.0,92.0,4.0,0.65171,9.98,5.0,0.0,0.0,0.7332,위에 올라타.,대단하다.,일본어 원문 + 타임스탬프 사진 + 장면 연속성,21.75,T4,구조검사 통과 시 유지,,60.69711538461539,38.11,P4,회귀검사 통과 시 유지
ABF-303,원문·사진 검증본,597,"00:57:57,630 --> 00:58:14,820",17.19,몸이 덜덜 떨려.,그대로 올라타.,아아… 가 버렸어.,중립·혼합형,,,일본어 원문 대조 + 자연스러운 한국어 대사 교정,높음,96.0,90.0,50.0,92.0,4.0,0.81402,28.75,5.0,0.0,0.0,0.8896,덜덜 떨려.,왜 그래?,일본어 원문 + 타임스탬프 사진 + 장면 연속성,29.09,T4,구조검사 통과 시 유지,,85.8974358974359,52.95,P3,말투·질문응답·가독성 위주 검토
ABF-303,원문·사진 검증본,598,"00:58:26,820 --> 00:58:38,940",12.12,아아… 가 버렸어.,몸이 덜덜 떨려.,오오…!,반응형,,,,,88.0,90.0,50.0,78.0,12.0,0.69869,11.36,14.0,0.0,0.0,0.7446,"아, 가 버렸어.",끈이 아직 남아 있어요.,일본어 원문 + 타임스탬프 사진 + 장면 연속성,34.35,T4,구조검사 통과 시 유지,,94.39102564102564,59.57,P2,앞뒤 5블록·사진·오류 기억을 함께 검토
ABF-303,원문·사진 검증본,599,"00:58:38,940 --> 00:58:41,360",2.42,오오…!,아아… 가 버렸어.,하아…,중립·혼합형,,,일본어 원문 대조 + 자연스러운 한국어 대사 교정,높음,96.0,90.0,50.0,92.0,4.0,0.33911,0.0,5.0,0.0,0.0,0.369,오오… 됐어!,아… 나올 것 같아.,손상된 일본어 ASR + 타임스탬프 사진 + 앞뒤 문맥 추론,11.0,T4,구조검사 통과 시 유지,,13.942307692307693,12.24,P4,회귀검사 통과 시 유지
ABF-303,원문·사진 검증본,600,"00:59:05,170 --> 00:59:10,770",5.6,하아…,오오…!,잠깐만.,반응형,,,,,88.0,90.0,50.0,78.0,12.0,0.55626,42.0,14.0,0.0,0.0,1.0,하아…,보여 줘.,일본어 원문 + 타임스탬프 사진 + 장면 연속성,33.88,T4,구조검사 통과 시 유지,,94.07051282051282,59.16,P2,앞뒤 5블록·사진·오류 기억을 함께 검토
ABF-303,원문·사진 검증본,601,"00:59:30,250 --> 00:59:33,890",3.64,잠깐만.,하아…,하아… 잠깐.,반응형,,,일본어 원문 대조 + 자연스러운 한국어 대사 교정,높음,96.0,90.0,50.0,92.0,4.0,0.61986,13.33,5.0,0.0,0.0,0.7611,하아… 잠깐만.,목욕물 받아 놓은 거지?,일본어 원문 + 타임스탬프 사진 + 장면 연속성,21.22,T4,구조검사 통과 시 유지,,57.331730769230774,36.39,P4,회귀검사 통과 시 유지
ABF-303,원문·사진 검증본,602,"00:59:50,520 --> 00:59:52,320",1.8,하아… 잠깐.,잠깐만.,조금 쉬자.,반응형,,,일본어 원문 대조 + 자연스러운 한국어 대사 교정,높음,96.0,90.0,50.0,92.0,4.0,0.81563,0.0,5.0,0.0,0.0,0.6432,하아…,보여 줘.,일본어 원문 + 타임스탬프 사진 + 장면 연속성,25.41,T4,구조검사 통과 시 유지,,77.04326923076923,47.1,P3,말투·질문응답·가독성 위주 검토
ABF-303,원문·사진 검증본,603,"01:01:03,190 --> 01:01:04,330",1.14,조금 쉬자.,하아… 잠깐.,카메라 때문에 잘 안 보여.,중립·혼합형,,,일본어 원문 대조 + 자연스러운 한국어 대사 교정,높음,96.0,90.0,50.0,92.0,4.0,0.74417,23.31,5.0,0.0,0.0,0.8442,쉬자.,너무 깊이 들어가.,일본어 원문 + 타임스탬프 사진 + 장면 연속성,26.27,T4,구조검사 통과 시 유지,,79.7275641025641,48.72,P3,말투·질문응답·가독성 위주 검토
ABF-303,원문·사진 검증본,604,"01:01:24,790 --> 01:01:39,610",14.82,카메라 때문에 잘 안 보여.,조금 쉬자.,아… 너무 깊어.,중립·혼합형,,,,,88.0,90.0,50.0,78.0,12.0,0.76824,0.0,14.0,0.0,0.0,0.5625,잘 안 보여.,"응, 그렇네.",일본어 원문 + 타임스탬프 사진 + 장면 연속성,35.23,T3,화자·문맥·자연스러움 집중 검토,,95.3525641025641,60.48,P2,앞뒤 5블록·사진·오류 기억을 함께 검토
ABF-303,원문·사진 검증본,605,"01:01:52,460 --> 01:02:00,610",8.15,아… 너무 깊어.,카메라 때문에 잘 안 보여.,거기 좋아… 그대로 해 줘.,반응형,,,손상된 일본어 ASR + 타임스탬프 사진 + 앞뒤 문맥 추론,중간,38.0,78.0,50.0,78.0,62.0,0.52429,0.0,14.0,0.0,0.0,0.3859,정말 깊어...,정말 깊어…,,27.98,T4,구조검사 통과 시 유지,,83.65384615384616,51.36,P3,말투·질문응답·가독성 위주 검토
ABF-303,원문·사진 검증본,606,"01:03:05,930 --> 01:03:13,230",7.3,거기 좋아… 그대로 해 줘.,아… 너무 깊어.,"응, 계속해.",반응형,,,손상된 일본어 ASR + 타임스탬프 사진 + 앞뒤 문맥 추론,중간,38.0,78.0,50.0,78.0,62.0,0.64797,0.0,14.0,0.0,0.0,0.3659,아… 기분 좋아. 아… 거기 거기.,"아… 좋아. 거기, 거기.",일본어 원문 대조 + 자연스러운 한국어 대사 교정,33.17,T4,구조검사 통과 시 유지,,92.70833333333334,58.18,P2,앞뒤 5블록·사진·오류 기억을 함께 검토
ABF-303,원문·사진 검증본,607,"01:03:13,230 --> 01:03:13,290",0.06,"응, 계속해.",거기 좋아… 그대로 해 줘.,"아, 아, 아…",반응형,,,손상된 일본어 ASR + 타임스탬프 사진 + 앞뒤 문맥 추론,중간,38.0,78.0,50.0,78.0,62.0,0.43395,0.0,14.0,70.0,0.0,0.285,계속해서…,그대로 계속해.,손상된 일본어 ASR + 타임스탬프 사진 + 앞뒤 문맥 추론,31.19,T4,구조검사 통과 시 유지,high_cps,90.14423076923077,55.95,P3,말투·질문응답·가독성 위주 검토
ABF-303,원문·사진 검증본,608,"01:03:21,370 --> 01:03:43,270",21.9,"아, 아, 아…","응, 계속해.",잠깐만.,반응형,,,일본어 원문 대조 + 자연스러운 한국어 대사 교정,높음,96.0,90.0,50.0,92.0,4.0,0.38331,41.52,5.0,0.0,0.0,0.996,"아, 아, 아, 아…","아, 아, 아…",일본어 원문 대조 + 자연스러운 한국어 대사 교정,17.72,T4,구조검사 통과 시 유지,,38.54166666666667,26.47,P4,회귀검사 통과 시 유지
ABF-303,원문·사진 검증본,609,"01:03:45,390 --> 01:03:49,610",4.22,잠깐만.,"아, 아, 아…",조금만 기다려.,반응형,,,일본어 원문 대조 + 자연스러운 한국어 대사 교정,높음,96.0,90.0,50.0,92.0,4.0,0.23943,13.33,5.0,0.0,0.0,0.7611,하아… 잠깐만.,목욕물 받아 놓은 거지?,일본어 원문 + 타임스탬프 사진 + 장면 연속성,9.72,T4,구조검사 통과 시 유지,,10.176282051282051,9.91,P4,회귀검사 통과 시 유지
ABF-303,원문·사진 검증본,610,"01:04:02,490 --> 01:04:06,030",3.54,조금만 기다려.,잠깐만.,하아… 부끄러워.,중립·혼합형,,,일본어 원문 대조 + 자연스러운 한국어 대사 교정,높음,96.0,90.0,50.0,92.0,4.0,0.695,0.0,5.0,0.0,0.0,0.5215,조금만 기다려요.,잠깐만.,일본어 원문 대조 + 자연스러운 한국어 대사 교정,21.77,T4,구조검사 통과 시 유지,,60.89743589743589,38.2,P4,회귀검사 통과 시 유지
ABF-303,원문·사진 검증본,611,"01:04:13,270 --> 01:04:42,980",29.71,하아… 부끄러워.,조금만 기다려.,"앗, 이거 진동하네.",반응형,,,일본어 원문 대조 + 자연스러운 한국어 대사 교정,높음,96.0,90.0,50.0,92.0,4.0,0.60895,13.96,5.0,0.0,0.0,0.7663,"하아, 부끄러워.",부끄러워? 팬티도 벗어야지.,일본어 원문 + 타임스탬프 사진 + 장면 연속성,20.97,T4,구조검사 통과 시 유지,,55.368589743589745,35.42,P4,회귀검사 통과 시 유지
ABF-303,원문·사진 검증본,612,"01:04:42,980 --> 01:04:45,280",2.3,"앗, 이거 진동하네.",하아… 부끄러워.,너무 잘하니까…,반응형,,,,,88.0,90.0,50.0,78.0,12.0,0.60056,0.0,14.0,0.0,0.0,0.2234,이거 예쁘네.,손으로 가리지 마.,일본어 원문 + 타임스탬프 사진 + 장면 연속성,28.18,T4,구조검사 통과 시 유지,,84.13461538461539,51.68,P3,말투·질문응답·가독성 위주 검토
ABF-303,원문·사진 검증본,613,"01:04:46,840 --> 01:04:51,100",4.26,너무 잘하니까…,"앗, 이거 진동하네.",카메라에 안 보이잖아.,중립·혼합형,,,,,88.0,90.0,50.0,78.0,12.0,0.44062,0.0,14.0,0.0,0.0,0.1949,내가 매일 닦아줄 테니까…,그럼 내가 매일 닦아 줄게.,일본어 원문 대조 + 자연스러운 한국어 대사 교정,21.47,T4,구조검사 통과 시 유지,,58.81410256410257,37.15,P4,회귀검사 통과 시 유지
ABF-303,원문·사진 검증본,614,"01:05:03,940 --> 01:05:04,860",0.92,카메라에 안 보이잖아.,너무 잘하니까…,그대로 계속해.,반응형,,,손상된 일본어 ASR + 타임스탬프 사진 + 앞뒤 문맥 추론,중간,38.0,78.0,50.0,78.0,62.0,0.59052,0.0,14.0,0.0,0.0,0.4259,카메라에 안 찍히면 곤란해요.,카메라에 안 보이잖아.,손상된 일본어 ASR + 타임스탬프 사진 + 앞뒤 문맥 추론,30.76,T4,구조검사 통과 시 유지,,89.42307692307693,55.4,P3,말투·질문응답·가독성 위주 검토
ABF-303,원문·사진 검증본,615,"01:05:04,860 --> 01:05:05,780",0.92,그대로 계속해.,카메라에 안 보이잖아.,아… 나올 것 같아.,반말형,,,손상된 일본어 ASR + 타임스탬프 사진 + 앞뒤 문맥 추론,중간,38.0,78.0,50.0,78.0,62.0,0.42406,0.0,14.0,0.0,0.0,0.2844,그대로 엉덩이 찍게 해줘.,그대로 엉덩이 찍게 해 줘.,,23.77,T4,구조검사 통과 시 유지,,71.03365384615384,43.62,P3,말투·질문응답·가독성 위주 검토
ABF-303,원문·사진 검증본,616,"01:05:05,780 --> 01:05:23,810",18.03,아… 나올 것 같아.,그대로 계속해.,…고마워.,반응형,,,손상된 일본어 ASR + 타임스탬프 사진 + 앞뒤 문맥 추론,중간,38.0,78.0,50.0,78.0,62.0,0.58608,0.0,14.0,0.0,0.0,0.5468,갈 것 같아.,진짜 갈 것 같아.,일본어 원문 대조 + 자연스러운 한국어 대사 교정,30.58,T4,구조검사 통과 시 유지,,89.1025641025641,55.16,P3,말투·질문응답·가독성 위주 검토
ABF-303,원문·사진 검증본,617,"01:05:31,010 --> 01:05:33,050",2.04,…고마워.,아… 나올 것 같아.,아… 많이 나왔네.,중립·혼합형,,,,,88.0,90.0,50.0,78.0,12.0,0.33629,0.0,14.0,0.0,0.0,0.5371,고마워.,손으로 잡아 줘.,일본어 원문 + 타임스탬프 사진 + 장면 연속성,17.08,T4,구조검사 통과 시 유지,,35.496794871794876,24.82,P4,회귀검사 통과 시 유지
ABF-303,원문·사진 검증본,618,"01:05:39,190 --> 01:05:44,770",5.58,아… 많이 나왔네.,…고마워.,무슨 맛이었어?,반응형,,,손상된 일본어 ASR + 타임스탬프 사진 + 앞뒤 문맥 추론,중간,38.0,78.0,50.0,78.0,62.0,0.6223,0.0,14.0,0.0,0.0,0.2472,"싫어, 아… 아… 아…",싫어… 아… 아…,일본어 원문 대조 + 자연스러운 한국어 대사 교정,32.1,T4,구조검사 통과 시 유지,,91.46634615384616,57.03,P3,말투·질문응답·가독성 위주 검토
ABF-303,원문·사진 검증본,619,"01:06:05,760 --> 01:06:07,280",1.52,무슨 맛이었어?,아… 많이 나왔네.,뭔가… 짭짤해!,반응형,,,일본어 원문 대조 + 자연스러운 한국어 대사 교정,높음,96.0,90.0,50.0,92.0,4.0,0.62561,0.0,5.0,0.0,0.0,0.2159,무슨 얘기였지?,어때?,일본어 원문 + 타임스탬프 사진 + 장면 연속성,19.67,T4,구조검사 통과 시 유지,,48.07692307692308,31.6,P4,회귀검사 통과 시 유지
ABF-303,원문·사진 검증본,620,"01:06:09,480 --> 01:06:12,080",2.6,뭔가… 짭짤해!,무슨 맛이었어?,조금 사레들렸어.,반말형,,,일본어 원문 대조 + 자연스러운 한국어 대사 교정,높음,96.0,90.0,50.0,92.0,4.0,0.40799,0.0,5.0,0.0,0.0,0.4279,뭔가 짭짤해.,응?,일본어 원문 + 타임스탬프 사진 + 장면 연속성,13.09,T4,구조검사 통과 시 유지,,20.072115384615387,16.02,P4,회귀검사 통과 시 유지
ABF-303,원문·사진 검증본,621,"01:06:12,340 --> 01:06:18,780",6.44,조금 사레들렸어.,뭔가… 짭짤해!,잘못 삼켰어!,반응형,,,손상된 일본어 ASR + 타임스탬프 사진 + 앞뒤 문맥 추론,중간,38.0,78.0,50.0,78.0,62.0,0.70039,0.0,14.0,0.0,0.0,0.2799,조금 틀렸어.,"잠깐, 잠깐.",일본어 원문 + 타임스탬프 사진 + 장면 연속성,35.38,T3,화자·문맥·자연스러움 집중 검토,,95.4326923076923,60.6,P2,앞뒤 5블록·사진·오류 기억을 함께 검토
ABF-303,원문·사진 검증본,622,"01:06:18,840 --> 01:06:19,340",0.5,잘못 삼켰어!,조금 사레들렸어.,잠깐 쉬자!,반응형,,,손상된 일본어 ASR + 타임스탬프 사진 + 앞뒤 문맥 추론,중간,38.0,78.0,50.0,78.0,62.0,0.43412,0.0,14.0,0.0,0.0,0.1731,"이제부터 시작이지. 앞으로가 중요해요. 앗, 벌써 해산? 아니야. 잘못 말했다. 잘못 말했어?","이제부터가 중요해. 어, 벌써 해산? 아니야, 말 잘못했어.",3줄 이상 자막을 자연스럽게 정리,24.19,T4,구조검사 통과 시 유지,,72.51602564102564,44.49,P3,말투·질문응답·가독성 위주 검토
ABF-303,원문·사진 검증본,623,"01:06:25,060 --> 01:06:25,940",0.88,잠깐 쉬자!,잘못 삼켰어!,좀 쉬자.,반응형,,,,,88.0,90.0,50.0,78.0,12.0,0.42043,0.0,14.0,0.0,0.0,0.2735,잠깐 쉬어 주세요.,잠깐만요.,,20.62,T4,구조검사 통과 시 유지,,53.605769230769226,34.47,P4,회귀검사 통과 시 유지
ABF-303,원문·사진 검증본,624,"01:06:25,940 --> 01:06:27,600",1.66,좀 쉬자.,잠깐 쉬자!,아… 잠깐만.,중립·혼합형,,,,,88.0,90.0,50.0,78.0,12.0,0.61343,42.0,14.0,0.0,0.0,1.0,좀 쉬자.,이제 물에 들어가자.,일본어 원문 + 타임스탬프 사진 + 장면 연속성,36.28,T3,화자·문맥·자연스러움 집중 검토,,96.23397435897436,61.46,P2,앞뒤 5블록·사진·오류 기억을 함께 검토
ABF-303,원문·사진 검증본,625,"01:06:28,500 --> 01:06:41,250",12.75,아… 잠깐만.,좀 쉬자.,이제 뭐 할까?,반응형,,,일본어 원문 대조 + 자연스러운 한국어 대사 교정,높음,96.0,90.0,50.0,92.0,4.0,0.63905,13.14,5.0,0.0,0.0,0.7595,하아… 잠깐만.,목욕물 받아 놓은 거지?,일본어 원문 + 타임스탬프 사진 + 장면 연속성,21.78,T4,구조검사 통과 시 유지,,61.017628205128204,38.26,P4,회귀검사 통과 시 유지
ABF-303,원문·사진 검증본,626,"01:06:49,520 --> 01:06:50,520",1.0,이제 뭐 할까?,아… 잠깐만.,뭐 하고 싶어?,중립·혼합형,,,일본어 원문 대조 + 자연스러운 한국어 대사 교정,높음,96.0,90.0,50.0,92.0,4.0,0.60141,27.32,5.0,0.0,0.0,0.8776,뭐 할까?,내가 먼저?,일본어 원문 + 타임스탬프 사진 + 장면 연속성,22.48,T4,구조검사 통과 시 유지,,64.54326923076923,40.15,P3,말투·질문응답·가독성 위주 검토
ABF-303,원문·사진 검증본,627,"01:06:53,360 --> 01:06:54,240",0.88,뭐 하고 싶어?,이제 뭐 할까?,낮잠 좀 잘까?,반응형,,,일본어 원문 대조 + 자연스러운 한국어 대사 교정,높음,96.0,90.0,50.0,92.0,4.0,0.64452,0.0,5.0,0.0,0.0,0.5485,잘 빨고 싶어?,계속 빨고 싶어?,일본어 원문 대조 + 자연스러운 한국어 대사 교정,20.24,T4,구조검사 통과 시 유지,,51.36217948717948,33.31,P4,회귀검사 통과 시 유지
ABF-303,원문·사진 검증본,628,"01:07:01,160 --> 01:07:02,440",1.28,낮잠 좀 잘까?,뭐 하고 싶어?,좋네.,중립·혼합형,,,,,88.0,90.0,50.0,78.0,12.0,0.65768,42.0,14.0,0.0,0.0,1.0,낮잠 좀 잘까?,들어갔어.,일본어 원문 + 타임스탬프 사진 + 장면 연속성,38.14,T3,화자·문맥·자연스러움 집중 검토,,97.71634615384616,63.16,P2,앞뒤 5블록·사진·오류 기억을 함께 검토
ABF-303,원문·사진 검증본,629,"01:07:04,320 --> 01:07:05,060",0.74,좋네.,낮잠 좀 잘까?,여기서 바로 잠들 것 같아.,반말형,,,,,88.0,90.0,50.0,78.0,12.0,0.42232,42.0,14.0,0.0,0.0,1.0,좋네.,좋아.,일본어 원문 대조 + 자연스러운 한국어 대사 교정,28.26,T4,구조검사 통과 시 유지,,84.21474358974359,51.76,P3,말투·질문응답·가독성 위주 검토
ABF-303,원문·사진 검증본,630,"01:07:08,280 --> 01:07:09,640",1.36,여기서 바로 잠들 것 같아.,좋네.,응.,반응형,,,일본어 원문 대조 + 자연스러운 한국어 대사 교정,높음,96.0,90.0,50.0,92.0,4.0,0.74208,0.0,5.0,0.0,0.0,0.4235,갈 것 같아.,진짜 갈 것 같아.,일본어 원문 대조 + 자연스러운 한국어 대사 교정,23.19,T4,구조검사 통과 시 유지,,67.54807692307693,41.82,P3,말투·질문응답·가독성 위주 검토
ABF-303,원문·사진 검증본,631,"01:07:09,640 --> 01:07:10,260",0.62,응.,여기서 바로 잠들 것 같아.,그래도 아타미까지 왔잖아.,반응형,,,,,88.0,90.0,50.0,78.0,12.0,0.18026,0.0,14.0,0.0,0.0,0.4286,"하-, 응.",하아… 응.,,10.53,T4,구조검사 통과 시 유지,,13.221153846153847,11.66,P4,회귀검사 통과 시 유지
ABF-303,원문·사진 검증본,632,"01:07:12,420 --> 01:07:14,760",2.34,그래도 아타미까지 왔잖아.,응.,일정 취소하려고?,반응형,,,손상된 일본어 ASR + 타임스탬프 사진 + 앞뒤 문맥 추론,중간,38.0,78.0,50.0,78.0,62.0,0.80414,16.17,14.0,0.0,0.0,0.7848,"잠깐만, 아타미까지 왔잖아.",이쪽 단이 있는 곳으로 들어와.,일본어 원문 + 타임스탬프 사진 + 장면 연속성,42.65,T3,화자·문맥·자연스러움 집중 검토,,99.83974358974359,66.67,P2,앞뒤 5블록·사진·오류 기억을 함께 검토
ABF-303,원문·사진 검증본,633,"01:07:17,120 --> 01:07:19,700",2.58,일정 취소하려고?,그래도 아타미까지 왔잖아.,그건 안 돼.,중립·혼합형,,,손상된 일본어 ASR + 타임스탬프 사진 + 앞뒤 문맥 추론,중간,38.0,78.0,50.0,78.0,62.0,0.71955,0.0,14.0,0.0,0.0,0.2726,취소하는 거야?,최고다.,일본어 원문 + 타임스탬프 사진 + 장면 연속성,36.18,T3,화자·문맥·자연스러움 집중 검토,,96.07371794871796,61.34,P2,앞뒤 5블록·사진·오류 기억을 함께 검토
ABF-303,원문·사진 검증본,634,"01:07:20,860 --> 01:07:21,840",0.98,그건 안 돼.,일정 취소하려고?,딱 20분만 자자.,중립·혼합형,,,,,88.0,90.0,50.0,78.0,12.0,0.65479,42.0,14.0,0.0,0.0,1.0,그건 안 돼.,여기로 와.,일본어 원문 + 타임스탬프 사진 + 장면 연속성,38.02,T3,화자·문맥·자연스러움 집중 검토,,97.51602564102564,63.01,P2,앞뒤 5블록·사진·오류 기억을 함께 검토
ABF-303,원문·사진 검증본,635,"01:07:24,580 --> 01:07:27,340",2.76,딱 20분만 자자.,그건 안 돼.,대단해.,중립·혼합형,,,일본어 원문 대조 + 자연스러운 한국어 대사 교정,높음,96.0,90.0,50.0,92.0,4.0,0.82584,0.0,5.0,0.0,0.0,0.561,딱 20분만.,기분 좋아.,일본어 원문 + 타임스탬프 사진 + 장면 연속성,25.72,T4,구조검사 통과 시 유지,,78.32532051282051,47.81,P3,말투·질문응답·가독성 위주 검토
ABF-303,원문·사진 검증본,636,"01:07:46,730 --> 01:07:47,110",0.38,대단해.,딱 20분만 자자.,대단해.,반말형,,,,,88.0,90.0,50.0,78.0,12.0,0.41743,42.0,14.0,0.0,0.0,1.0,대단해.,기분 좋네.,일본어 원문 + 타임스탬프 사진 + 장면 연속성,28.05,T4,구조검사 통과 시 유지,,83.85416666666666,51.49,P3,말투·질문응답·가독성 위주 검토
ABF-303,원문·사진 검증본,637,"01:07:48,210 --> 01:07:48,590",0.38,대단해.,대단해.,정말 잘 어울리네.,반말형,,,,,88.0,90.0,50.0,78.0,12.0,0.28018,42.0,14.0,0.0,0.0,1.0,대단해.,기분 좋네.,일본어 원문 + 타임스탬프 사진 + 장면 연속성,22.29,T4,구조검사 통과 시 유지,,63.46153846153846,39.58,P4,회귀검사 통과 시 유지
ABF-303,원문·사진 검증본,638,"01:07:48,710 --> 01:07:49,130",0.42,정말 잘 어울리네.,대단해.,엄청나게 귀여워.,반응형,,,,,88.0,90.0,50.0,78.0,12.0,0.53346,0.0,14.0,25.0,0.0,0.359,정말 잘 어울려.,평소에도 목욕 자주 해?,일본어 원문 + 타임스탬프 사진 + 장면 연속성,27.87,T4,구조검사 통과 시 유지,borderline_cps,83.49358974358975,51.23,P3,말투·질문응답·가독성 위주 검토
ABF-303,원문·사진 검증본,639,"01:07:53,030 --> 01:07:54,290",1.26,엄청나게 귀여워.,정말 잘 어울리네.,"와, 기뻐?",중립·혼합형,,,,,88.0,90.0,50.0,78.0,12.0,0.38248,4.83,14.0,0.0,0.0,0.6902,엄청 귀여워.,매일 목욕해.,일본어 원문 + 타임스탬프 사진 + 장면 연속성,19.89,T4,구조검사 통과 시 유지,,49.43910256410257,32.3,P4,회귀검사 통과 시 유지
ABF-303,원문·사진 검증본,640,"01:07:55,910 --> 01:07:57,250",1.34,"와, 기뻐?",엄청나게 귀여워.,기뻐.,중립·혼합형,,,,,88.0,90.0,50.0,78.0,12.0,0.57766,23.26,14.0,0.0,0.0,0.8438,기뻐?,샤워만 하는 날도 있어?,일본어 원문 + 타임스탬프 사진 + 장면 연속성,31.41,T4,구조검사 통과 시 유지,,90.625,56.28,P3,말투·질문응답·가독성 위주 검토
ABF-303,원문·사진 검증본,641,"01:07:57,250 --> 01:07:58,230",0.98,기뻐.,"와, 기뻐?",정말.,중립·혼합형,,,,,88.0,90.0,50.0,78.0,12.0,0.55545,42.0,14.0,0.0,0.0,1.0,기뻐.,기쁘다.,일본어 원문 대조 + 자연스러운 한국어 대사 교정,33.85,T4,구조검사 통과 시 유지,,93.99038461538461,59.11,P2,앞뒤 5블록·사진·오류 기억을 함께 검토
ABF-303,원문·사진 검증본,642,"01:07:58,310 --> 01:07:58,750",0.44,정말.,기뻐.,한 걸음 한 걸음.,중립·혼합형,,,,,88.0,90.0,50.0,78.0,12.0,0.44507,42.0,14.0,0.0,0.0,1.0,정말.,정말…,일본어 원문 대조 + 자연스러운 한국어 대사 교정,29.21,T4,구조검사 통과 시 유지,,86.13782051282051,53.12,P3,말투·질문응답·가독성 위주 검토
ABF-303,원문·사진 검증본,643,"01:07:59,970 --> 01:08:00,730",0.76,한 걸음 한 걸음.,정말.,이 색깔 잘 어울리네.,중립·혼합형,,,,,88.0,90.0,50.0,78.0,12.0,0.34499,0.0,14.0,0.0,0.0,0.382,한 걸음씩.,응.,일본어 원문 + 타임스탬프 사진 + 장면 연속성,17.45,T4,구조검사 통과 시 유지,,37.37980769230769,25.82,P4,회귀검사 통과 시 유지
ABF-303,원문·사진 검증본,644,"01:08:02,550 --> 01:08:03,710",1.16,이 색깔 잘 어울리네.,한 걸음 한 걸음.,진짜?,반응형,,,,,88.0,90.0,50.0,78.0,12.0,0.34108,0.0,14.0,0.0,0.0,0.2646,이 색 잘 어울려.,혼자 살지?,일본어 원문 + 타임스탬프 사진 + 장면 연속성,17.29,T4,구조검사 통과 시 유지,,36.818910256410255,25.49,P4,회귀검사 통과 시 유지
ABF-303,원문·사진 검증본,645,"01:08:04,290 --> 01:08:04,610",0.32,진짜?,이 색깔 잘 어울리네.,엄청나게 잘 어울려.,중립·혼합형,,,,,88.0,90.0,50.0,78.0,12.0,0.20905,0.0,14.0,0.0,0.0,0.1562,진짜로?,그래?,일본어 원문 대조 + 자연스러운 한국어 대사 교정,11.74,T4,구조검사 통과 시 유지,,16.38621794871795,13.69,P4,회귀검사 통과 시 유지
ABF-303,원문·사진 검증본,646,"01:08:05,410 --> 01:08:06,550",1.14,엄청나게 잘 어울려.,진짜?,"아, 하늘색 좋아하는구나.",반응형,,,,,88.0,90.0,50.0,78.0,12.0,0.5728,9.32,14.0,0.0,0.0,0.7277,엄청 잘 어울려.,응.,일본어 원문 + 타임스탬프 사진 + 장면 연속성,28.7,T4,구조검사 통과 시 유지,,84.89583333333334,52.3,P3,말투·질문응답·가독성 위주 검토
ABF-303,원문·사진 검증본,647,"01:08:07,850 --> 01:08:09,170",1.32,"아, 하늘색 좋아하는구나.",엄청나게 잘 어울려.,대단해.,반응형,,,,,88.0,90.0,50.0,78.0,12.0,0.70168,38.89,14.0,0.0,0.0,0.9741,하늘색 좋아하는구나.,이야…,일본어 원문 + 타임스탬프 사진 + 장면 연속성,39.43,T3,화자·문맥·자연스러움 집중 검토,,98.3974358974359,64.2,P2,앞뒤 5블록·사진·오류 기억을 함께 검토
ABF-303,원문·사진 검증본,648,"01:08:10,210 --> 01:08:10,530",0.32,대단해.,"아, 하늘색 좋아하는구나.",온천수가 나오는 것 같네요.,반말형,,,,,88.0,90.0,50.0,78.0,12.0,0.20742,42.0,14.0,0.0,0.0,1.0,대단해.,기분 좋네.,일본어 원문 + 타임스탬프 사진 + 장면 연속성,19.23,T4,구조검사 통과 시 유지,,45.51282051282051,30.27,P4,회귀검사 통과 시 유지
ABF-303,원문·사진 검증본,649,"01:08:11,290 --> 01:08:12,590",1.3,온천수가 나오는 것 같네요.,대단해.,더운 걸까?,반말형,,,,,88.0,90.0,50.0,78.0,12.0,0.56113,0.0,14.0,0.0,0.0,0.3314,뜨거운 물이 나오는 것 같아.,같이 목욕하니까 좋다.,일본어 원문 + 타임스탬프 사진 + 장면 연속성,26.53,T4,구조검사 통과 시 유지,,80.36858974358975,49.14,P3,말투·질문응답·가독성 위주 검토
ABF-303,원문·사진 검증본,650,"01:08:13,650 --> 01:08:14,410",0.76,더운 걸까?,온천수가 나오는 것 같네요.,응.,중립·혼합형,,,,,88.0,90.0,50.0,78.0,12.0,0.2854,0.0,14.0,0.0,0.0,0.1081,뭐 할까?,내가 먼저?,일본어 원문 + 타임스탬프 사진 + 장면 연속성,14.95,T4,구조검사 통과 시 유지,,26.36217948717949,19.74,P4,회귀검사 통과 시 유지
ABF-303,원문·사진 검증본,651,"01:08:14,930 --> 01:08:15,170",0.24,응.,더운 걸까?,한번 만져 봐.,반응형,,,,,88.0,90.0,50.0,78.0,12.0,0.1096,0.0,14.0,0.0,0.0,0.4286,"하-, 응.",하아… 응.,,7.56,T4,구조검사 통과 시 유지,,5.208333333333334,6.57,P4,회귀검사 통과 시 유지
ABF-303,원문·사진 검증본,652,"01:08:16,250 --> 01:08:17,490",1.24,한번 만져 봐.,응.,따뜻해.,중립·혼합형,,,,,88.0,90.0,50.0,78.0,12.0,0.68656,42.0,14.0,0.0,0.0,1.0,한번 만져 봐.,안 돼.,일본어 원문 + 타임스탬프 사진 + 장면 연속성,39.36,T3,화자·문맥·자연스러움 집중 검토,,98.3173076923077,64.12,P2,앞뒤 5블록·사진·오류 기억을 함께 검토
ABF-303,원문·사진 검증본,653,"01:08:24,020 --> 01:08:24,700",0.68,따뜻해.,한번 만져 봐.,"그래, 온천인 거야?",반말형,,,,,88.0,90.0,50.0,78.0,12.0,0.40783,42.0,14.0,0.0,0.0,1.0,따뜻해.,안 돼.,일본어 원문 + 타임스탬프 사진 + 장면 연속성,27.65,T4,구조검사 통과 시 유지,,83.09294871794873,50.94,P3,말투·질문응답·가독성 위주 검토
ABF-303,원문·사진 검증본,654,"01:08:25,640 --> 01:08:26,640",1.0,"그래, 온천인 거야?",따뜻해.,온천 아니야?,반말형,,,,,88.0,90.0,50.0,78.0,12.0,0.60524,20.39,14.0,0.0,0.0,0.8199,온천인 거야?,안 돼.,일본어 원문 + 타임스탬프 사진 + 장면 연속성,32.05,T4,구조검사 통과 시 유지,,91.10576923076923,56.85,P3,말투·질문응답·가독성 위주 검토
ABF-303,원문·사진 검증본,655,"01:08:28,340 --> 01:08:29,200",0.86,온천 아니야?,"그래, 온천인 거야?",온천이네.,반응형,,,,,88.0,90.0,50.0,78.0,12.0,0.489,42.0,14.0,0.0,0.0,1.0,온천 아니야?,뭔가…,일본어 원문 + 타임스탬프 사진 + 장면 연속성,31.06,T4,구조검사 통과 시 유지,,89.90384615384616,55.77,P3,말투·질문응답·가독성 위주 검토
ABF-303,원문·사진 검증본,656,"01:08:29,640 --> 01:08:30,580",0.94,온천이네.,온천 아니야?,"아아, 그렇구나. 온천도 있는 거네.",반말형,,,,,88.0,90.0,50.0,78.0,12.0,0.31543,42.0,14.0,0.0,0.0,1.0,온천이네.,어?,일본어 원문 + 타임스탬프 사진 + 장면 연속성,23.77,T4,구조검사 통과 시 유지,,71.03365384615384,43.62,P3,말투·질문응답·가독성 위주 검토
ABF-303,원문·사진 검증본,657,"01:08:31,620 --> 01:08:34,220",2.6,"아아, 그렇구나. 온천도 있는 거네.",온천이네.,그러게.,반응형,,,,,88.0,90.0,50.0,78.0,12.0,0.73715,0.0,14.0,0.0,0.0,0.6022,그렇구나.,손 정말 잘 쓰네.,일본어 원문 + 타임스탬프 사진 + 장면 연속성,33.92,T4,구조검사 통과 시 유지,,94.23076923076923,59.25,P2,앞뒤 5블록·사진·오류 기억을 함께 검토
ABF-303,원문·사진 검증본,658,"01:08:34,720 --> 01:08:35,360",0.64,그러게.,"아아, 그렇구나. 온천도 있는 거네.",하아…,중립·혼합형,,,,,88.0,90.0,50.0,78.0,12.0,0.37451,42.0,14.0,0.0,0.0,1.0,그러게.,목욕하면서 이러는 거…,일본어 원문 + 타임스탬프 사진 + 장면 연속성,26.25,T4,구조검사 통과 시 유지,,79.6474358974359,48.68,P3,말투·질문응답·가독성 위주 검토
ABF-303,원문·사진 검증본,659,"01:08:36,860 --> 01:08:38,180",1.32,하아…,그러게.,비틀거리고 있어.,반응형,,,,,88.0,90.0,50.0,78.0,12.0,0.48965,42.0,14.0,0.0,0.0,1.0,하아…,보여 줘.,일본어 원문 + 타임스탬프 사진 + 장면 연속성,31.09,T4,구조검사 통과 시 유지,,89.98397435897436,55.83,P3,말투·질문응답·가독성 위주 검토
ABF-303,원문·사진 검증본,660,"01:08:56,340 --> 01:08:57,160",0.82,비틀거리고 있어.,하아…,내가 잡고 가야지.,반응형,,,,,88.0,90.0,50.0,78.0,12.0,0.51373,42.0,14.0,0.0,0.0,1.0,비틀거리고 있어.,좋아.,일본어 원문 + 타임스탬프 사진 + 장면 연속성,32.1,T4,구조검사 통과 시 유지,,91.46634615384616,57.03,P3,말투·질문응답·가독성 위주 검토
ABF-303,원문·사진 검증본,661,"01:08:58,600 --> 01:08:59,620",1.02,내가 잡고 가야지.,비틀거리고 있어.,걸어가기 힘들어.,반말형,,,,,88.0,90.0,50.0,78.0,12.0,0.41043,0.0,14.0,0.0,0.0,0.2449,내가 잡아 줄게.,목욕하면서…,일본어 원문 + 타임스탬프 사진 + 장면 연속성,20.2,T4,구조검사 통과 시 유지,,50.96153846153846,33.12,P4,회귀검사 통과 시 유지
ABF-303,원문·사진 검증본,662,"01:09:01,660 --> 01:09:02,100",0.44,걸어가기 힘들어.,내가 잡고 가야지.,걸어가기 힘들어.,반응형,,,,,88.0,90.0,50.0,78.0,12.0,0.28175,0.0,14.0,25.0,0.0,0.5246,걷기 힘들어.,응.,일본어 원문 + 타임스탬프 사진 + 장면 연속성,17.29,T4,구조검사 통과 시 유지,borderline_cps,36.818910256410255,25.49,P4,회귀검사 통과 시 유지
ABF-303,원문·사진 검증본,663,"01:09:02,100 --> 01:09:02,280",0.18,걸어가기 힘들어.,걸어가기 힘들어.,시원하네.,반응형,,,,,88.0,90.0,50.0,78.0,12.0,0.49441,0.0,14.0,70.0,0.0,0.5246,걷기 힘들어.,응.,일본어 원문 + 타임스탬프 사진 + 장면 연속성,30.73,T4,구조검사 통과 시 유지,high_cps,89.34294871794873,55.35,P3,말투·질문응답·가독성 위주 검토
ABF-303,원문·사진 검증본,664,"01:09:11,680 --> 01:09:12,400",0.72,시원하네.,걸어가기 힘들어.,지금은 해가 떨어지니까 역시.,반말형,,,,,88.0,90.0,50.0,78.0,12.0,0.27282,42.0,14.0,0.0,0.0,1.0,시원하네.,응.,일본어 원문 + 타임스탬프 사진 + 장면 연속성,21.98,T4,구조검사 통과 시 유지,,62.5,39.0,P4,회귀검사 통과 시 유지
ABF-303,원문·사진 검증본,665,"01:09:13,040 --> 01:09:15,020",1.98,지금은 해가 떨어지니까 역시.,시원하네.,바람 쐬고 있는 사람들이 있어.,반응형,,,,,88.0,90.0,50.0,78.0,12.0,0.59558,0.0,14.0,0.0,0.0,0.6128,해가 지니까 역시.,몸이 점점 달아오르네.,일본어 원문 + 타임스탬프 사진 + 장면 연속성,27.97,T4,구조검사 통과 시 유지,,83.57371794871796,51.32,P3,말투·질문응답·가독성 위주 검토
ABF-303,원문·사진 검증본,666,"01:09:18,000 --> 01:09:19,160",1.16,바람 쐬고 있는 사람들이 있어.,지금은 해가 떨어지니까 역시.,"젖는다, 젖어!",반응형,,,,,88.0,90.0,50.0,78.0,12.0,0.58438,0.99,14.0,0.0,0.0,0.6583,바람 쐬는 사람들이 있네.,이쪽도 해 줘.,일본어 원문 + 타임스탬프 사진 + 장면 연속성,27.68,T4,구조검사 통과 시 유지,,83.25320512820514,51.02,P3,말투·질문응답·가독성 위주 검토
ABF-303,원문·사진 검증본,667,"01:09:29,250 --> 01:09:32,390",3.14,"젖는다, 젖어!",바람 쐬고 있는 사람들이 있어.,이 근처에 오니까 시원하네.,반응형,,,,,88.0,90.0,50.0,78.0,20.0,0.51733,0.0,14.0,0.0,0.0,0.1702,젖어 버려.,다리에 힘이 풀려.,일본어 원문 + 타임스탬프 사진 + 장면 연속성,25.17,T4,구조검사 통과 시 유지,,75.88141025641025,46.47,P3,말투·질문응답·가독성 위주 검토
ABF-303,원문·사진 검증본,668,"01:09:37,580 --> 01:09:39,000",1.42,이 근처에 오니까 시원하네.,"젖는다, 젖어!",시원해.,반말형,,,,,88.0,90.0,50.0,78.0,12.0,0.50002,10.88,14.0,0.0,0.0,0.7407,여기 오니까 시원하네.,입 막지 마.,일본어 원문 + 타임스탬프 사진 + 장면 연속성,25.92,T4,구조검사 통과 시 유지,,78.84615384615384,48.15,P3,말투·질문응답·가독성 위주 검토
ABF-303,원문·사진 검증본,669,"01:09:39,260 --> 01:09:39,740",0.48,시원해.,이 근처에 오니까 시원하네.,"기분 좋네, 바람이.",반말형,,,,,88.0,90.0,50.0,78.0,12.0,0.21996,42.0,14.0,0.0,0.0,1.0,시원해.,끝.,일본어 원문 + 타임스탬프 사진 + 장면 연속성,19.76,T4,구조검사 통과 시 유지,,48.67788461538461,31.91,P4,회귀검사 통과 시 유지
ABF-303,원문·사진 검증본,670,"01:09:41,220 --> 01:09:43,100",1.88,"기분 좋네, 바람이.",시원해.,앞에서 불어와.,반말형,,,,,88.0,90.0,50.0,78.0,12.0,0.49155,0.0,14.0,0.0,0.0,0.468,바람이 기분 좋네.,아… 한 번 더.,일본어 원문 + 타임스탬프 사진 + 장면 연속성,23.6,T4,구조검사 통과 시 유지,,70.07211538461539,43.12,P3,말투·질문응답·가독성 위주 검토
ABF-303,원문·사진 검증본,671,"01:09:44,320 --> 01:09:45,260",0.94,앞에서 불어와.,"기분 좋네, 바람이.",바닷물 차가워요?,반응형,,,,,88.0,90.0,50.0,78.0,12.0,0.42851,42.0,14.0,0.0,0.0,1.0,앞에서 불어와.,이제 조금만 더.,일본어 원문 + 타임스탬프 사진 + 장면 연속성,28.52,T4,구조검사 통과 시 유지,,84.65544871794873,52.1,P3,말투·질문응답·가독성 위주 검토
ABF-303,원문·사진 검증본,672,"01:09:50,700 --> 01:09:52,300",1.6,바닷물 차가워요?,앞에서 불어와.,차가워.,중립·혼합형,,,,,88.0,90.0,50.0,78.0,12.0,0.51081,0.0,14.0,0.0,0.0,0.6113,바닷물 차가워?,잠깐 사이에 끼워 줘.,일본어 원문 + 타임스탬프 사진 + 장면 연속성,24.41,T4,구조검사 통과 시 유지,,73.23717948717949,44.92,P3,말투·질문응답·가독성 위주 검토
ABF-303,원문·사진 검증본,673,"01:09:53,720 --> 01:09:54,160",0.44,차가워.,바닷물 차가워요?,근데 날씬해서 추울 때는 진짜 춥지 않아?,중립·혼합형,,,,,88.0,90.0,50.0,78.0,12.0,0.26586,42.0,14.0,0.0,0.0,1.0,차가워.,할 수 있겠어?,일본어 원문 + 타임스탬프 사진 + 장면 연속성,21.69,T4,구조검사 통과 시 유지,,60.17628205128205,37.85,P4,회귀검사 통과 시 유지
ABF-303,원문·사진 검증본,674,"01:10:06,460 --> 01:10:10,380",3.92,근데 날씬해서 추울 때는 진짜 춥지 않아?,차가워.,추운 편이 훨씬 나으려나.,반말형,,,,,88.0,90.0,50.0,78.0,12.0,0.71277,0.0,14.0,0.0,0.0,0.4916,날씬해서 추위를 많이 타지 않아?,이거 얼마 안 남았는데.,일본어 원문 + 타임스탬프 사진 + 장면 연속성,32.9,T4,구조검사 통과 시 유지,,92.3076923076923,57.85,P3,말투·질문응답·가독성 위주 검토
ABF-303,원문·사진 검증본,675,"01:10:13,800 --> 01:10:15,260",1.46,추운 편이 훨씬 나으려나.,근데 날씬해서 추울 때는 진짜 춥지 않아?,네.,반응형,,,,,88.0,90.0,50.0,78.0,12.0,0.51571,0.0,14.0,0.0,0.0,0.2511,추운 게 더 나아.,뭐라고 해?,일본어 원문 + 타임스탬프 사진 + 장면 연속성,24.62,T4,구조검사 통과 시 유지,,74.23878205128204,45.46,P3,말투·질문응답·가독성 위주 검토
ABF-303,원문·사진 검증본,676,"01:10:15,480 --> 01:10:15,700",0.22,네.,추운 편이 훨씬 나으려나.,그렇구나.,반말형,,,,,88.0,90.0,50.0,78.0,12.0,0.20046,8.61,14.0,0.0,0.0,0.7218,"네, 네.",네.,불필요한 반복 제거,12.93,T4,구조검사 통과 시 유지,,19.230769230769234,15.58,P4,회귀검사 통과 시 유지
ABF-303,원문·사진 검증본,677,"01:10:17,380 --> 01:10:18,100",0.72,그렇구나.,네.,"8,200엔.",중립·혼합형,,,,,88.0,90.0,50.0,78.0,12.0,0.40787,42.0,14.0,0.0,0.0,1.0,그렇구나.,손 정말 잘 쓰네.,일본어 원문 + 타임스탬프 사진 + 장면 연속성,27.65,T4,구조검사 통과 시 유지,,83.09294871794873,50.94,P3,말투·질문응답·가독성 위주 검토
ABF-303,원문·사진 검증본,678,"01:10:18,400 --> 01:10:18,780",0.38,"8,200엔.",그렇구나.,"8,200엔.",중립·혼합형,,,,,88.0,90.0,50.0,78.0,12.0,0.66182,42.0,14.0,25.0,0.0,1.0,"8,200엔.",나올 것 같아.,일본어 원문 + 타임스탬프 사진 + 장면 연속성,40.82,T3,화자·문맥·자연스러움 집중 검토,borderline_cps,98.87820512820514,65.2,P2,앞뒤 5블록·사진·오류 기억을 함께 검토
ABF-303,원문·사진 검증본,679,"01:10:19,220 --> 01:10:19,880",0.66,"8,200엔.","8,200엔.",유카타가 좀 흘러내렸네.,중립·혼합형,,,,,88.0,90.0,50.0,78.0,12.0,0.73172,42.0,14.0,0.0,0.0,1.0,"8,200엔.",나올 것 같아.,일본어 원문 + 타임스탬프 사진 + 장면 연속성,41.25,T3,화자·문맥·자연스러움 집중 검토,,99.11858974358975,65.55,P2,앞뒤 5블록·사진·오류 기억을 함께 검토
ABF-303,원문·사진 검증본,680,"01:10:20,440 --> 01:10:21,700",1.26,유카타가 좀 흘러내렸네.,"8,200엔.",괜찮아.,반말형,,,일본어 원문 대조 + 자연스러운 한국어 대사 교정,높음,96.0,90.0,50.0,92.0,4.0,0.75242,0.0,5.0,0.0,0.0,0.1312,물 흘려버렸네.,물 흘려 버렸네.,,23.5,T4,구조검사 통과 시 유지,,69.51121794871796,42.82,P3,말투·질문응답·가독성 위주 검토
ABF-303,원문·사진 검증본,681,"01:10:21,880 --> 01:10:22,660",0.78,괜찮아.,유카타가 좀 흘러내렸네.,보일지도 몰라.,반응형,,,일본어 원문 대조 + 자연스러운 한국어 대사 교정,높음,96.0,90.0,50.0,92.0,4.0,0.50364,42.0,5.0,0.0,0.0,1.0,괜찮아.,최고예요.,화면 영문 자막 대조,21.42,T4,구조검사 통과 시 유지,,58.493589743589745,36.99,P4,회귀검사 통과 시 유지
ABF-303,원문·사진 검증본,682,"01:10:23,020 --> 01:10:23,900",0.88,보일지도 몰라.,괜찮아.,우후후.,반말형,,,일본어 원문 대조 + 자연스러운 한국어 대사 교정,높음,96.0,90.0,50.0,92.0,4.0,0.67832,0.0,5.0,0.0,0.0,0.4429,여기서 잘지도 몰라.,"응, 들어왔어.",일본어 원문 + 타임스탬프 사진 + 장면 연속성,21.26,T4,구조검사 통과 시 유지,,57.45192307692307,36.46,P4,회귀검사 통과 시 유지
ABF-303,원문·사진 검증본,683,"01:10:43,360 --> 01:10:43,760",0.4,우후후.,보일지도 몰라.,다리가 진짜 예쁘네요.,중립·혼합형,,,,,88.0,90.0,50.0,78.0,12.0,0.40186,0.0,14.0,0.0,0.0,0.0935,"후후후, 어서 와.","후후후, 차가워!",손상된 일본어 ASR + 타임스탬프 사진 + 앞뒤 문맥 추론,19.84,T4,구조검사 통과 시 유지,,49.118589743589745,32.14,P4,회귀검사 통과 시 유지
ABF-303,원문·사진 검증본,684,"01:11:10,640 --> 01:11:11,980",1.34,다리가 진짜 예쁘네요.,우후후.,여기서 벗을 생각은 아니지?,반말형,,,일본어 원문 대조 + 자연스러운 한국어 대사 교정,높음,96.0,90.0,50.0,92.0,4.0,0.68283,0.0,5.0,0.0,0.0,0.2392,이거 예쁘네.,손으로 가리지 마.,일본어 원문 + 타임스탬프 사진 + 장면 연속성,21.4,T4,구조검사 통과 시 유지,,58.41346153846154,36.95,P4,회귀검사 통과 시 유지
ABF-303,원문·사진 검증본,685,"01:11:13,440 --> 01:11:14,560",1.12,여기서 벗을 생각은 아니지?,다리가 진짜 예쁘네요.,안 되지.,반응형,,,일본어 원문 대조 + 자연스러운 한국어 대사 교정,높음,96.0,90.0,50.0,92.0,4.0,0.66047,0.0,5.0,0.0,0.0,0.3129,여기서 자고 있어?,땀나고 있어?,사진 장면 확인 및 한국어 번역투·ASR 오역 교정,20.72,T4,구조검사 통과 시 유지,,54.08653846153846,34.73,P4,회귀검사 통과 시 유지
ABF-303,원문·사진 검증본,686,"01:11:15,760 --> 01:11:16,320",0.56,안 되지.,여기서 벗을 생각은 아니지?,여기서 벗으면 안 돼.,반말형,,,일본어 원문 대조 + 자연스러운 한국어 대사 교정,높음,96.0,90.0,50.0,92.0,4.0,0.59245,0.0,5.0,0.0,0.0,0.4502,지금은 혼자 가버리겠네. 그건 안 되지.,지금은 혼자 가 버리겠네. 그건 안 되지.,,18.66,T4,구조검사 통과 시 유지,,42.94871794871795,28.86,P4,회귀검사 통과 시 유지
ABF-303,원문·사진 검증본,687,"01:11:17,720 --> 01:11:18,780",1.06,여기서 벗으면 안 돼.,안 되지.,알았어.,반응형,,,일본어 원문 대조 + 자연스러운 한국어 대사 교정,높음,96.0,90.0,50.0,92.0,4.0,0.77528,19.58,5.0,0.0,0.0,0.8131,벗으면 안 돼.,여기서 벗으면 안 돼.,일본어 원문 대조 + 자연스러운 한국어 대사 교정,26.73,T4,구조검사 통과 시 유지,,80.84935897435898,49.46,P3,말투·질문응답·가독성 위주 검토
ABF-303,원문·사진 검증본,688,"01:11:20,680 --> 01:11:21,040",0.36,알았어.,여기서 벗으면 안 돼.,이쪽 봐봐.,반응형,,,일본어 원문 대조 + 자연스러운 한국어 대사 교정,높음,96.0,90.0,50.0,92.0,4.0,0.61305,0.0,5.0,0.0,0.0,0.6168,이제 알았어...,[불명],,19.29,T4,구조검사 통과 시 유지,,45.87339743589743,30.46,P4,회귀검사 통과 시 유지
ABF-303,원문·사진 검증본,689,"01:11:55,210 --> 01:11:56,070",0.86,이쪽 봐봐.,알았어.,"와! 대박, 엄청나!",중립·혼합형,,,,,88.0,90.0,50.0,78.0,12.0,0.4844,0.0,14.0,0.0,0.0,0.493,"잠깐, 보여 줘 봐. 잠깐, 이쪽 봐봐. 부끄러워?",잠깐 보여 줘. 이쪽 봐봐. 부끄러워?,일본어 원문 대조 + 자연스러운 한국어 대사 교정,23.3,T4,구조검사 통과 시 유지,,68.46955128205127,42.27,P3,말투·질문응답·가독성 위주 검토
ABF-303,원문·사진 검증본,690,"01:12:13,930 --> 01:12:15,790",1.86,"와! 대박, 엄청나!",이쪽 봐봐.,대박이다!,중립·혼합형,,,,,88.0,90.0,50.0,78.0,12.0,0.17908,0.0,14.0,0.0,0.0,0.308,"대박, 유두는 커져 있어.","대박, 젖꼭지도 딱 섰네.",,10.48,T4,구조검사 통과 시 유지,,12.82051282051282,11.46,P4,회귀검사 통과 시 유지
ABF-303,원문·사진 검증본,691,"01:12:16,790 --> 01:12:17,530",0.74,대박이다!,"와! 대박, 엄청나!",넓네.,중립·혼합형,,,,,88.0,90.0,50.0,78.0,12.0,0.0994,0.0,14.0,0.0,0.0,0.3049,다행이다!,환영해!,사진 장면 확인 및 한국어 번역투·ASR 오역 교정,7.13,T4,구조검사 통과 시 유지,,4.807692307692308,6.15,P4,회귀검사 통과 시 유지
ABF-303,원문·사진 검증본,692,"01:12:19,130 --> 01:12:19,830",0.7,넓네.,대박이다!,너무 넓어.,반말형,,,,,88.0,90.0,50.0,78.0,12.0,0.20672,0.0,14.0,0.0,0.0,0.0853,넓다…!,넓다!,일본어 원문 대조 + 자연스러운 한국어 대사 교정,11.64,T4,구조검사 통과 시 유지,,16.025641025641026,13.48,P4,회귀검사 통과 시 유지
ABF-303,원문·사진 검증본,693,"01:12:20,110 --> 01:12:20,890",0.78,너무 넓어.,넓네.,노천탕도 딸려 있고.,반응형,,,,,88.0,90.0,50.0,78.0,12.0,0.33569,0.0,14.0,0.0,0.0,0.23,너무 많이 지워 버렸어.,엄청 젖어 버렸어.,사진 장면 확인 및 한국어 번역투·ASR 오역 교정,17.06,T4,구조검사 통과 시 유지,,35.37660256410257,24.75,P4,회귀검사 통과 시 유지
ABF-303,원문·사진 검증본,694,"01:12:20,990 --> 01:12:22,090",1.1,노천탕도 딸려 있고.,너무 넓어.,"아, 진짜네.",중립·혼합형,,,,,88.0,90.0,50.0,78.0,12.0,0.37641,0.0,14.0,0.0,0.0,0.0948,"진짜 맛있지. 맛도 있고 귀엽기도 하고. 요리해 먹어도 맛있고,",진짜 맛있지. 맛도 있고 귀엽기도 하고. 요리해 먹어도 맛있고,,18.77,T4,구조검사 통과 시 유지,,43.34935897435898,29.09,P4,회귀검사 통과 시 유지
ABF-303,원문·사진 검증본,695,"01:12:22,850 --> 01:12:23,890",1.04,"아, 진짜네.",노천탕도 딸려 있고.,생각보다 깊네.,반응형,,,,,88.0,90.0,50.0,78.0,12.0,0.29267,0.0,14.0,0.0,0.0,0.3632,"아, 아, 아, 아, 아, 아, 아,","아, 아, 아, 아, 아, 아, 아",,15.25,T4,구조검사 통과 시 유지,,27.44391025641026,20.37,P4,회귀검사 통과 시 유지
ABF-303,원문·사진 검증본,696,"01:12:24,450 --> 01:12:26,470",2.02,생각보다 깊네.,"아, 진짜네.","가자, 가자, 가자.",반말형,,,,,88.0,90.0,50.0,78.0,12.0,0.26508,0.0,14.0,0.0,0.0,0.0954,생각해 보니 너 나보다...,생각해 보니 너 나보다…,,14.09,T4,구조검사 통과 시 유지,,23.557692307692307,18.07,P4,회귀검사 통과 시 유지
ABF-303,원문·사진 검증본,697,"01:12:27,510 --> 01:12:28,470",0.96,"가자, 가자, 가자.",생각보다 깊네.,대단하다.,중립·혼합형,,,,,88.0,90.0,50.0,78.0,12.0,0.24989,0.0,14.0,0.0,0.0,0.2586,가자!,잘 부탁해!,사진 장면 확인 및 한국어 번역투·ASR 오역 교정,13.46,T4,구조검사 통과 시 유지,,21.554487179487182,16.86,P4,회귀검사 통과 시 유지
ABF-303,원문·사진 검증본,698,"01:12:28,730 --> 01:12:29,170",0.44,대단하다.,"가자, 가자, 가자.",와!,중립·혼합형,,,,,88.0,90.0,50.0,78.0,12.0,0.14465,0.0,14.0,0.0,0.0,0.3097,대단하네.,땀이 엄청나네.,손상된 일본어 ASR + 타임스탬프 사진 + 앞뒤 문맥 추론,9.04,T4,구조검사 통과 시 유지,,8.573717948717949,8.84,P4,회귀검사 통과 시 유지
ABF-303,원문·사진 검증본,699,"01:12:30,530 --> 01:12:31,250",0.72,와!,대단하다.,대단하다.,중립·혼합형,,,,,88.0,90.0,50.0,78.0,12.0,0.0943,0.0,14.0,0.0,0.0,0.2193,혹시... 우와!,혹시… 우와!,,6.92,T4,구조검사 통과 시 유지,,4.326923076923077,5.83,P4,회귀검사 통과 시 유지
ABF-303,원문·사진 검증본,700,"01:12:33,150 --> 01:12:33,570",0.42,대단하다.,와!,좋아.,중립·혼합형,,,,,88.0,90.0,50.0,78.0,12.0,0.15536,0.0,14.0,0.0,0.0,0.3097,대단하네.,땀이 엄청나네.,손상된 일본어 ASR + 타임스탬프 사진 + 앞뒤 문맥 추론,9.49,T4,구조검사 통과 시 유지,,9.535256410256409,9.51,P4,회귀검사 통과 시 유지
ABF-303,원문·사진 검증본,701,"01:12:33,570 --> 01:12:34,210",0.64,좋아.,대단하다.,"오, 대단하다.",반응형,,,,,88.0,90.0,50.0,78.0,12.0,0.18252,17.77,14.0,0.0,0.0,0.7981,"아, 좋아.","아, 들어온다.",,13.82,T4,구조검사 통과 시 유지,,22.596153846153847,17.51,P4,회귀검사 통과 시 유지
ABF-303,원문·사진 검증본,702,"01:12:34,210 --> 01:12:35,650",1.44,"오, 대단하다.",좋아.,"와, 진짜 대단해.",중립·혼합형,,,일본어 원문 + 타임스탬프 사진 + 장면 연속성,높음,96.0,96.0,50.0,78.0,4.0,0.45354,0.0,5.0,0.0,0.0,0.3965,"오, 대단해.","와, 진짜 대단해.",일본어 원문 + 타임스탬프 사진 + 장면 연속성,14.46,T4,구조검사 통과 시 유지,,24.83974358974359,18.82,P4,회귀검사 통과 시 유지
ABF-303,원문·사진 검증본,703,"01:12:37,010 --> 01:12:37,430",0.42,"와, 진짜 대단해.","오, 대단하다.",소파도 엄청 튼튼해 보이네.,반말형,,,일본어 원문 + 타임스탬프 사진 + 장면 연속성,높음,96.0,96.0,50.0,78.0,4.0,0.60296,8.99,5.0,25.0,0.0,0.7249,대단해.,기분 좋네.,일본어 원문 + 타임스탬프 사진 + 장면 연속성,21.95,T4,구조검사 통과 시 유지,borderline_cps,62.379807692307686,38.93,P4,회귀검사 통과 시 유지
ABF-303,원문·사진 검증본,704,"01:12:37,430 --> 01:12:38,710",1.28,소파도 엄청 튼튼해 보이네.,"와, 진짜 대단해.",대단하다.,반말형,,,일본어 원문 + 타임스탬프 사진 + 장면 연속성,높음,96.0,96.0,50.0,78.0,4.0,0.62174,0.0,5.0,0.0,0.0,0.4359,조금 보이네.,조금은 보이는 것 같아.,일본어 원문 대조 + 자연스러운 한국어 대사 교정,19.55,T4,구조검사 통과 시 유지,,47.516025641025635,31.3,P4,회귀검사 통과 시 유지
ABF-303,원문·사진 검증본,705,"01:12:39,590 --> 01:12:40,010",0.42,대단하다.,소파도 엄청 튼튼해 보이네.,한번 열어 볼게.,중립·혼합형,,,일본어 원문 + 타임스탬프 사진 + 장면 연속성,높음,96.0,96.0,50.0,78.0,4.0,0.4064,0.0,5.0,0.0,0.0,0.3097,대단하네.,땀이 엄청나네.,손상된 일본어 ASR + 타임스탬프 사진 + 앞뒤 문맥 추론,13.04,T4,구조검사 통과 시 유지,,19.951923076923077,15.94,P4,회귀검사 통과 시 유지
ABF-303,원문·사진 검증본,706,"01:12:40,290 --> 01:12:41,770",1.48,한번 열어 볼게.,대단하다.,열어 볼게.,반응형,,,일본어 원문 + 타임스탬프 사진 + 장면 연속성,높음,96.0,96.0,50.0,78.0,4.0,0.65948,0.0,5.0,0.0,0.0,0.3654,한번 열어볼까.,한번 열어 볼게.,일본어 원문 + 타임스탬프 사진 + 장면 연속성,20.69,T4,구조검사 통과 시 유지,,53.92628205128205,34.65,P4,회귀검사 통과 시 유지
ABF-303,원문·사진 검증본,707,"01:12:41,770 --> 01:12:42,950",1.18,열어 볼게.,한번 열어 볼게.,밖을 봐 보자.,반응형,,,일본어 원문 + 타임스탬프 사진 + 장면 연속성,높음,96.0,96.0,50.0,78.0,4.0,0.70994,0.0,5.0,0.0,0.0,0.2204,확인해볼게.,확인해 볼게.,,22.22,T4,구조검사 통과 시 유지,,63.22115384615385,39.44,P4,회귀검사 통과 시 유지
ABF-303,원문·사진 검증본,708,"01:12:44,310 --> 01:12:44,570",0.26,밖을 봐 보자.,열어 볼게.,"와, 대단해.",중립·혼합형,,,일본어 원문 + 타임스탬프 사진 + 장면 연속성,높음,96.0,96.0,50.0,78.0,4.0,0.70773,0.0,5.0,45.38,0.0,0.5273,한번 보자.,밖을 봐 보자.,일본어 원문 + 타임스탬프 사진 + 장면 연속성,25.42,T4,구조검사 통과 시 유지,high_cps,77.20352564102564,47.17,P3,말투·질문응답·가독성 위주 검토
ABF-303,원문·사진 검증본,709,"01:12:45,390 --> 01:12:45,810",0.42,"와, 대단해.",밖을 봐 보자.,노천탕도 딸려 있네.,반말형,,,일본어 원문 + 타임스탬프 사진 + 장면 연속성,높음,96.0,96.0,50.0,78.0,4.0,0.49291,21.41,5.0,0.0,0.0,0.8284,대단해.,기분 좋네.,일본어 원문 + 타임스탬프 사진 + 장면 연속성,18.43,T4,구조검사 통과 시 유지,,41.746794871794876,28.22,P4,회귀검사 통과 시 유지
ABF-303,원문·사진 검증본,710,"01:12:45,910 --> 01:12:47,250",1.34,노천탕도 딸려 있네.,"와, 대단해.",응.,반말형,,,,,88.0,90.0,50.0,78.0,12.0,0.54423,0.0,14.0,0.0,0.0,0.2627,제대로 돼 있네.,제대로 가려지네.,일본어 원문 대조 + 자연스러운 한국어 대사 교정,25.82,T4,구조검사 통과 시 유지,,78.56570512820514,47.97,P3,말투·질문응답·가독성 위주 검토
ABF-303,원문·사진 검증본,711,"01:12:47,250 --> 01:12:47,750",0.5,응.,노천탕도 딸려 있네.,응.,반응형,,,,,88.0,90.0,50.0,78.0,12.0,0.05089,0.0,14.0,0.0,0.0,0.4286,"하-, 응.",하아… 응.,,5.1,T4,구조검사 통과 시 유지,,2.283653846153846,3.92,P4,회귀검사 통과 시 유지
ABF-303,원문·사진 검증본,712,"01:12:47,750 --> 01:12:47,930",0.18,응.,응.,"와, 아담하다.",반응형,,,,,88.0,90.0,50.0,78.0,12.0,0.03659,0.0,14.0,0.0,0.0,0.4286,"하-, 응.",하아… 응.,,4.5,T4,구조검사 통과 시 유지,,1.4423076923076923,3.22,P4,회귀검사 통과 시 유지
ABF-303,원문·사진 검증본,713,"01:12:49,370 --> 01:12:50,470",1.1,"와, 아담하다.",응.,"봐봐, 봐봐.",반응형,,,일본어 원문 + 타임스탬프 사진 + 장면 연속성,중간,75.0,78.0,50.0,78.0,25.0,0.55418,0.0,14.0,0.0,0.0,0.2061,"와, 짱이다.","와, 아담하다.",일본어 원문 + 타임스탬프 사진 + 장면 연속성,27.02,T4,구조검사 통과 시 유지,,81.2900641025641,49.81,P3,말투·질문응답·가독성 위주 검토
ABF-303,원문·사진 검증본,714,"01:12:51,910 --> 01:12:52,790",0.88,"봐봐, 봐봐.","와, 아담하다.","와, 예쁘다.",중립·혼합형,,,일본어 원문 + 타임스탬프 사진 + 장면 연속성,높음,96.0,96.0,50.0,78.0,4.0,0.43539,37.32,5.0,0.0,0.0,0.961,"봐봐, 봐봐, 봐봐, 봐봐.","봐봐, 봐봐.",일본어 원문 + 타임스탬프 사진 + 장면 연속성,18.75,T4,구조검사 통과 시 유지,,43.269230769230774,29.05,P4,회귀검사 통과 시 유지
ABF-303,원문·사진 검증본,715,"01:12:53,430 --> 01:12:56,730",3.3,"와, 예쁘다.","봐봐, 봐봐.",대단하다.,중립·혼합형,,,일본어 원문 + 타임스탬프 사진 + 장면 연속성,높음,96.0,96.0,50.0,78.0,4.0,0.53425,10.11,5.0,0.0,0.0,0.7342,"오, 예쁘다.","와, 예쁘다.",일본어 원문 + 타임스탬프 사진 + 장면 연속성,18.21,T4,구조검사 통과 시 유지,,40.78525641025641,27.69,P4,회귀검사 통과 시 유지
ABF-303,원문·사진 검증본,716,"01:12:57,010 --> 01:12:57,450",0.44,대단하다.,"와, 예쁘다.",바다까지 보여.,중립·혼합형,,,일본어 원문 + 타임스탬프 사진 + 장면 연속성,높음,96.0,96.0,50.0,78.0,4.0,0.26348,0.0,5.0,0.0,0.0,0.3097,대단하네.,땀이 엄청나네.,손상된 일본어 ASR + 타임스탬프 사진 + 앞뒤 문맥 추론,8.72,T4,구조검사 통과 시 유지,,7.612179487179486,8.25,P4,회귀검사 통과 시 유지
ABF-303,원문·사진 검증본,717,"01:12:57,890 --> 01:12:58,630",0.74,바다까지 보여.,대단하다.,보여?,반말형,,,일본어 원문 + 타임스탬프 사진 + 장면 연속성,높음,96.0,96.0,50.0,78.0,4.0,0.33842,0.0,5.0,0.0,0.0,0.487,잘 안 보여.,"응, 그렇네.",일본어 원문 + 타임스탬프 사진 + 장면 연속성,10.98,T4,구조검사 통과 시 유지,,13.862179487179487,12.19,P4,회귀검사 통과 시 유지
ABF-303,원문·사진 검증본,718,"01:12:58,730 --> 01:12:59,050",0.32,보여?,바다까지 보여.,"응, 보여.",중립·혼합형,,,일본어 원문 + 타임스탬프 사진 + 장면 연속성,높음,96.0,96.0,50.0,78.0,4.0,0.22779,0.0,5.0,0.0,0.0,0.5676,몸이 떨리는 거 보여?,몸 떨리는 거 보여?,손상된 일본어 ASR + 타임스탬프 사진 + 앞뒤 문맥 추론,7.64,T4,구조검사 통과 시 유지,,5.368589743589744,6.69,P4,회귀검사 통과 시 유지
ABF-303,원문·사진 검증본,719,"01:12:59,290 --> 01:12:59,730",0.44,"응, 보여.",보여?,조금 더 안쪽으로 가 볼까?,반응형,,,일본어 원문 + 타임스탬프 사진 + 장면 연속성,높음,96.0,96.0,50.0,78.0,4.0,0.3837,8.21,5.0,0.0,0.0,0.7184,잘 안 보여.,"응, 그렇네.",일본어 원문 + 타임스탬프 사진 + 장면 연속성,13.42,T4,구조검사 통과 시 유지,,21.394230769230766,16.77,P4,회귀검사 통과 시 유지
ABF-303,원문·사진 검증본,720,"01:13:00,310 --> 01:13:01,830",1.52,조금 더 안쪽으로 가 볼까?,"응, 보여.",안쪽까지.,반응형,,,일본어 원문 + 타임스탬프 사진 + 장면 연속성,높음,96.0,96.0,50.0,78.0,8.0,0.75782,0.0,5.0,0.0,0.0,0.1948,이대로 조금 더 해 주세요.,그대로 조금 더 해 줘.,손상된 일본어 ASR + 타임스탬프 사진 + 앞뒤 문맥 추론,23.84,T4,구조검사 통과 시 유지,,71.23397435897436,43.75,P3,말투·질문응답·가독성 위주 검토
ABF-303,원문·사진 검증본,721,"01:13:02,290 --> 01:13:02,890",0.6,안쪽까지.,조금 더 안쪽으로 가 볼까?,밖 좀 봐봐.,반말형,,,일본어 원문 + 타임스탬프 사진 + 장면 연속성,높음,96.0,96.0,50.0,78.0,8.0,0.54072,0.0,5.0,0.0,0.0,0.5224,안쪽까지 안 가?,더 안쪽까지 안 들어가?,일본어 원문 대조 + 자연스러운 한국어 대사 교정,17.27,T4,구조검사 통과 시 유지,,36.65865384615385,25.41,P4,회귀검사 통과 시 유지
ABF-303,원문·사진 검증본,722,"01:13:05,830 --> 01:13:07,470",1.64,밖 좀 봐봐.,안쪽까지.,갈 수 있어?,중립·혼합형,,,일본어 원문 + 타임스탬프 사진 + 장면 연속성,높음,96.0,96.0,50.0,78.0,4.0,0.50766,0.0,5.0,0.0,0.0,0.4152,"봐봐, 봐봐, 봐봐, 봐봐.","봐봐, 봐봐.",일본어 원문 + 타임스탬프 사진 + 장면 연속성,16.1,T4,구조검사 통과 시 유지,,30.849358974358974,22.29,P4,회귀검사 통과 시 유지
ABF-303,원문·사진 검증본,723,"01:13:08,810 --> 01:13:09,270",0.46,갈 수 있어?,밖 좀 봐봐.,"그래, 그래.",반응형,,,일본어 원문 + 타임스탬프 사진 + 장면 연속성,높음,96.0,96.0,50.0,78.0,4.0,0.5268,0.0,5.0,0.0,0.0,0.5356,자고 있어?,땀나?,사진 장면 확인 및 한국어 번역투·ASR 오역 교정,16.68,T4,구조검사 통과 시 유지,,33.57371794871795,23.78,P4,회귀검사 통과 시 유지
ABF-303,원문·사진 검증본,724,"01:13:11,270 --> 01:13:12,070",0.8,"그래, 그래.",갈 수 있어?,"와, 야경 진짜 예쁘다.
최고네, 기분 좋다.",중립·혼합형,,,일본어 원문 + 타임스탬프 사진 + 장면 연속성,높음,96.0,96.0,50.0,78.0,4.0,0.28471,6.29,5.0,0.0,0.0,0.7024,"아, 그래.",간다.,화면 영문 자막 대조,10.17,T4,구조검사 통과 시 유지,,11.618589743589745,10.78,P4,회귀검사 통과 시 유지
ABF-303,원문·사진 검증본,725,"01:13:18,990 --> 01:13:38,380",19.39,"와, 야경 진짜 예쁘다.
최고네, 기분 좋다.","그래, 그래.","목욕하자. 천천히 들어가.
물도 꽤 따뜻해.",반말형,,,일본어 원문 + 타임스탬프 사진 + 장면 연속성,높음,96.0,96.0,50.0,78.0,4.0,0.59045,0.0,5.0,0.0,0.0,0.3993,"오, 예쁘다.","와, 예쁘다.",일본어 원문 + 타임스탬프 사진 + 장면 연속성,18.6,T4,구조검사 통과 시 유지,,42.58814102564102,28.68,P4,회귀검사 통과 시 유지
ABF-303,원문·사진 검증본,726,"01:13:40,900 --> 01:13:55,840",14.94,"목욕하자. 천천히 들어가.
물도 꽤 따뜻해.","와, 야경 진짜 예쁘다.
최고네, 기분 좋다.",벌레 들어오면 싫잖아.,반말형,,,일본어 원문 + 타임스탬프 사진 + 장면 연속성,중간,75.0,78.0,50.0,78.0,25.0,0.62091,0.0,14.0,0.0,0.0,0.473,따뜻해.,안 돼.,일본어 원문 + 타임스탬프 사진 + 장면 연속성,29.82,T4,구조검사 통과 시 유지,,87.66025641025641,54.11,P3,말투·질문응답·가독성 위주 검토
ABF-303,원문·사진 검증본,727,"01:13:56,280 --> 01:14:00,960",4.68,벌레 들어오면 싫잖아.,"목욕하자. 천천히 들어가.
물도 꽤 따뜻해.",이 유카타 진짜 귀엽네.,반응형,,,일본어 원문 + 타임스탬프 사진 + 장면 연속성,중간,75.0,78.0,50.0,78.0,25.0,0.73286,0.0,14.0,0.0,0.0,0.1323,내 손 안으로 들어오는 모습을 봐...,내 손 안으로 들어오는 모습을 봐…,,34.52,T4,구조검사 통과 시 유지,,94.47115384615384,59.7,P2,앞뒤 5블록·사진·오류 기억을 함께 검토
ABF-303,원문·사진 검증본,728,"01:14:04,260 --> 01:14:05,600",1.34,이 유카타 진짜 귀엽네.,벌레 들어오면 싫잖아.,목욕하려면 이제 벗어야지.,반말형,,,일본어 원문 + 타임스탬프 사진 + 장면 연속성,높음,96.0,96.0,50.0,78.0,4.0,0.67148,0.0,5.0,0.0,0.0,0.6334,귀엽네.,그냥 벗었을 뿐이야.,일본어 원문 + 타임스탬프 사진 + 장면 연속성,21.05,T4,구조검사 통과 시 유지,,56.169871794871796,35.8,P4,회귀검사 통과 시 유지
ABF-303,원문·사진 검증본,729,"01:14:11,500 --> 01:14:13,660",2.16,목욕하려면 이제 벗어야지.,이 유카타 진짜 귀엽네.,봐도 돼?,반응형,,,일본어 원문 + 타임스탬프 사진 + 장면 연속성,높음,96.0,96.0,50.0,78.0,4.0,0.60487,0.0,5.0,0.0,0.0,0.1305,이제 안 할게.,이제 안 애태울게.,,19.04,T4,구조검사 통과 시 유지,,44.55128205128205,29.75,P4,회귀검사 통과 시 유지
ABF-303,원문·사진 검증본,730,"01:14:14,320 --> 01:14:15,340",1.02,봐도 돼?,목욕하려면 이제 벗어야지.,부끄러워? 뭔가 야하네.,중립·혼합형,,,일본어 원문 + 타임스탬프 사진 + 장면 연속성,높음,96.0,96.0,50.0,78.0,4.0,0.34064,0.0,5.0,0.0,0.0,0.3545,더 해줘도 돼?,더 해 줘도 돼?,,11.05,T4,구조검사 통과 시 유지,,14.222756410256409,12.38,P4,회귀검사 통과 시 유지
ABF-303,원문·사진 검증본,731,"01:14:16,740 --> 01:14:21,280",4.54,부끄러워? 뭔가 야하네.,봐도 돼?,잠깐만.,반말형,,,일본어 원문 + 타임스탬프 사진 + 장면 연속성,높음,96.0,96.0,50.0,78.0,4.0,0.62884,0.0,5.0,0.0,0.0,0.6162,야하네.,여긴 지저분하네.,화면 영문 자막 대조,19.76,T4,구조검사 통과 시 유지,,48.67788461538461,31.91,P4,회귀검사 통과 시 유지
ABF-303,원문·사진 검증본,732,"01:14:22,700 --> 01:14:23,220",0.52,잠깐만.,부끄러워? 뭔가 야하네.,이거 어떻게 푸는 거였지?,반응형,,,일본어 원문 + 타임스탬프 사진 + 장면 연속성,높음,96.0,96.0,50.0,78.0,4.0,0.34822,13.33,5.0,0.0,0.0,0.7611,하아… 잠깐만.,목욕물 받아 놓은 거지?,일본어 원문 + 타임스탬프 사진 + 장면 연속성,13.01,T4,구조검사 통과 시 유지,,19.831730769230766,15.88,P4,회귀검사 통과 시 유지
ABF-303,원문·사진 검증본,733,"01:14:29,090 --> 01:14:30,170",1.08,이거 어떻게 푸는 거였지?,잠깐만.,와.,반응형,,,일본어 원문 + 타임스탬프 사진 + 장면 연속성,중간,75.0,78.0,50.0,78.0,25.0,0.71146,0.0,14.0,0.0,0.0,0.3109,어떻게 먹는 거?,어떤 식으로?,일본어 원문 대조 + 자연스러운 한국어 대사 교정,33.62,T4,구조검사 통과 시 유지,,93.50961538461539,58.77,P2,앞뒤 5블록·사진·오류 기억을 함께 검토
ABF-303,원문·사진 검증본,734,"01:14:30,630 --> 01:14:34,690",4.06,와.,이거 어떻게 푸는 거였지?,"와, 엄청 예쁘잖아.",중립·혼합형,,,일본어 원문 + 타임스탬프 사진 + 장면 연속성,높음,96.0,96.0,50.0,78.0,4.0,0.28135,0.0,5.0,0.0,0.0,0.3945,"후후후, 어서 와.","후후후, 차가워!",손상된 일본어 ASR + 타임스탬프 사진 + 앞뒤 문맥 추론,9.26,T4,구조검사 통과 시 유지,,9.214743589743591,9.24,P4,회귀검사 통과 시 유지
ABF-303,원문·사진 검증본,735,"01:14:40,480 --> 01:14:43,360",2.88,"와, 엄청 예쁘잖아.",와.,"좋네. 잠깐, 어떻게 돼 있었지?",반응형,,,일본어 원문 + 타임스탬프 사진 + 장면 연속성,높음,96.0,96.0,50.0,78.0,4.0,0.5906,0.0,5.0,0.0,0.0,0.254,"와, 엄청 벌어졌네. 예쁘다. 최고야… 기분 좋아.","와, 야경 진짜 예쁘다. 최고네, 기분 좋다.",일본어 원문 + 타임스탬프 사진 + 장면 연속성,18.61,T4,구조검사 통과 시 유지,,42.78846153846153,28.76,P4,회귀검사 통과 시 유지
ABF-303,원문·사진 검증본,736,"01:14:53,360 --> 01:14:55,920",2.56,"좋네. 잠깐, 어떻게 돼 있었지?","와, 엄청 예쁘잖아.",어? 무슨 말이야?,반응형,,,일본어 원문 + 타임스탬프 사진 + 장면 연속성,중간,75.0,78.0,50.0,78.0,25.0,0.74304,0.0,14.0,0.0,0.0,0.3884,좋네.,좋아.,일본어 원문 대조 + 자연스러운 한국어 대사 교정,34.95,T4,구조검사 통과 시 유지,,95.03205128205127,60.18,P2,앞뒤 5블록·사진·오류 기억을 함께 검토
ABF-303,원문·사진 검증본,737,"01:14:55,920 --> 01:14:57,760",1.84,어? 무슨 말이야?,"좋네. 잠깐, 어떻게 돼 있었지?",그냥 벗었을 뿐이야.,반응형,,,일본어 원문 + 타임스탬프 사진 + 장면 연속성,높음,96.0,96.0,50.0,78.0,4.0,0.59639,0.0,5.0,0.0,0.0,0.2658,'괜찮다'니 무슨 뜻이야? 정말...,'괜찮다'니 무슨 뜻이야? 정말…,,18.78,T4,구조검사 통과 시 유지,,43.469551282051285,29.15,P4,회귀검사 통과 시 유지
ABF-303,원문·사진 검증본,738,"01:14:57,780 --> 01:14:58,720",0.94,그냥 벗었을 뿐이야.,어? 무슨 말이야?,와.,반말형,,,일본어 원문 + 타임스탬프 사진 + 장면 연속성,중간,75.0,78.0,50.0,78.0,25.0,0.55639,0.0,14.0,0.0,0.0,0.1394,유두 말이야.,젖꼭지 말이야.,,27.11,T4,구조검사 통과 시 유지,,81.49038461538461,49.95,P3,말투·질문응답·가독성 위주 검토
ABF-303,원문·사진 검증본,739,"01:15:05,080 --> 01:15:05,720",0.64,와.,그냥 벗었을 뿐이야.,대단하다.,중립·혼합형,,,일본어 원문 + 타임스탬프 사진 + 장면 연속성,높음,96.0,96.0,50.0,78.0,4.0,0.19373,0.0,5.0,0.0,0.0,0.3945,"후후후, 어서 와.","후후후, 차가워!",손상된 일본어 ASR + 타임스탬프 사진 + 앞뒤 문맥 추론,6.61,T4,구조검사 통과 시 유지,,4.006410256410256,5.52,P4,회귀검사 통과 시 유지
ABF-303,원문·사진 검증본,740,"01:15:06,940 --> 01:15:07,340",0.4,대단하다.,와.,왜 그래?,중립·혼합형,,,일본어 원문 + 타임스탬프 사진 + 장면 연속성,높음,96.0,96.0,50.0,78.0,4.0,0.20039,0.0,5.0,0.0,0.0,0.3097,대단하네.,땀이 엄청나네.,손상된 일본어 ASR + 타임스탬프 사진 + 앞뒤 문맥 추론,6.81,T4,구조검사 통과 시 유지,,4.086538461538462,5.67,P4,회귀검사 통과 시 유지
ABF-303,원문·사진 검증본,741,"01:15:10,900 --> 01:15:11,580",0.68,왜 그래?,대단하다.,끈이 아직 남아 있어요.,중립·혼합형,,,일본어 원문 + 타임스탬프 사진 + 장면 연속성,중간,75.0,78.0,50.0,78.0,25.0,0.3183,8.11,14.0,0.0,0.0,0.7176,"음-, 왜 그래?",음… 왜 그래?,,18.57,T4,구조검사 통과 시 유지,,42.38782051282051,28.57,P4,회귀검사 통과 시 유지
ABF-303,원문·사진 검증본,742,"01:15:12,360 --> 01:15:13,520",1.16,끈이 아직 남아 있어요.,왜 그래?,목욕물 받아 놨어.,반응형,,,일본어 원문 + 타임스탬프 사진 + 장면 연속성,높음,96.0,96.0,50.0,78.0,4.0,0.59352,0.0,5.0,0.0,0.0,0.3773,보너스 장면은 아직 남아 있어요…,아직 끝난 거 아니야.,타임스탬프 사진과 장면 흐름으로 명백한 오인식 교정,18.7,T4,구조검사 통과 시 유지,,43.108974358974365,28.95,P4,회귀검사 통과 시 유지
ABF-303,원문·사진 검증본,743,"01:15:13,520 --> 01:15:13,880",0.36,목욕물 받아 놨어.,끈이 아직 남아 있어요.,응.,반응형,,,일본어 원문 + 타임스탬프 사진 + 장면 연속성,중간,75.0,78.0,50.0,78.0,25.0,0.5089,0.0,14.0,41.11,0.0,0.1066,잘 받아주고 있네.,너무 자연스럽게 받아주네.,,29.23,T4,구조검사 통과 시 유지,high_cps,86.21794871794873,53.16,P3,말투·질문응답·가독성 위주 검토
ABF-303,원문·사진 검증본,744,"01:15:14,840 --> 01:15:15,320",0.48,응.,목욕물 받아 놨어.,물 다 받았어.,반응형,,,일본어 원문 + 타임스탬프 사진 + 장면 연속성,높음,96.0,96.0,50.0,78.0,4.0,0.10541,0.0,5.0,0.0,0.0,0.4286,"하-, 응.",하아… 응.,,3.94,T4,구조검사 통과 시 유지,,0.641025641025641,2.55,P4,회귀검사 통과 시 유지
ABF-303,원문·사진 검증본,745,"01:15:17,680 --> 01:15:34,500",16.82,물 다 받았어.,응.,목욕물 받아 놓은 거지?,반응형,,,일본어 원문 + 타임스탬프 사진 + 장면 연속성,높음,96.0,96.0,50.0,78.0,4.0,0.53583,0.0,5.0,0.0,0.0,0.1626,엄청 깊이 닿았어.,엄청 많이 묻혔네.,,16.95,T4,구조검사 통과 시 유지,,34.69551282051282,24.4,P4,회귀검사 통과 시 유지
ABF-303,원문·사진 검증본,746,"01:15:35,000 --> 01:15:36,720",1.72,목욕물 받아 놓은 거지?,물 다 받았어.,응.,반응형,,,일본어 원문 + 타임스탬프 사진 + 장면 연속성,높음,96.0,96.0,50.0,78.0,4.0,0.58159,0.0,5.0,0.0,0.0,0.4189,잘 거지?,갈 수 있지?,사진 장면 확인 및 한국어 번역투·ASR 오역 교정,18.34,T4,구조검사 통과 시 유지,,41.266025641025635,27.97,P4,회귀검사 통과 시 유지
ABF-303,원문·사진 검증본,747,"01:15:36,780 --> 01:15:36,920",0.14,응.,목욕물 받아 놓은 거지?,"응, 그렇네.",반응형,,,일본어 원문 + 타임스탬프 사진 + 장면 연속성,높음,96.0,96.0,50.0,78.0,4.0,0.04344,0.0,5.0,0.0,0.0,0.4286,"하-, 응.",하아… 응.,,2.06,T4,구조검사 통과 시 유지,,0.08012820512820512,1.23,P4,회귀검사 통과 시 유지
ABF-303,원문·사진 검증본,748,"01:15:37,380 --> 01:15:37,720",0.34,"응, 그렇네.",응.,기억해 둘게.,반응형,,,일본어 원문 + 타임스탬프 사진 + 장면 연속성,높음,96.0,96.0,50.0,78.0,4.0,0.45661,0.0,5.0,25.0,0.0,0.233,"응, 더...","응, 더…",,16.36,T4,구조검사 통과 시 유지,borderline_cps,31.650641025641026,22.78,P4,회귀검사 통과 시 유지
ABF-303,원문·사진 검증본,749,"01:15:39,680 --> 01:15:40,580",0.9,기억해 둘게.,"응, 그렇네.",보여 줘.,반말형,,,일본어 원문 + 타임스탬프 사진 + 장면 연속성,높음,96.0,96.0,50.0,78.0,4.0,0.49387,0.0,5.0,0.0,0.0,0.4981,기억해 줬으면 해?,"여기, 기억해 줬으면 해요.",사진 장면 확인 및 한국어 번역투·ASR 오역 교정,15.68,T4,구조검사 통과 시 유지,,29.246794871794872,21.38,P4,회귀검사 통과 시 유지
ABF-303,원문·사진 검증본,750,"01:15:47,250 --> 01:15:48,230",0.98,보여 줘.,기억해 둘게.,제대로 열어 봐. 예쁘네.,중립·혼합형,,,일본어 원문 + 타임스탬프 사진 + 장면 연속성,높음,96.0,96.0,50.0,78.0,4.0,0.49602,0.0,5.0,0.0,0.0,0.6432,입 안을 보여 줘.,입 안 보여 줘.,일본어 원문 대조 + 자연스러운 한국어 대사 교정,15.75,T4,구조검사 통과 시 유지,,29.326923076923077,21.45,P4,회귀검사 통과 시 유지
ABF-303,원문·사진 검증본,751,"01:15:50,630 --> 01:15:58,880",8.25,제대로 열어 봐. 예쁘네.,보여 줘.,나만 벗는 거야?,반응형,,,일본어 원문 + 타임스탬프 사진 + 장면 연속성,높음,96.0,96.0,50.0,78.0,4.0,0.68882,0.0,5.0,0.0,0.0,0.5374,이거 예쁘네.,손으로 가리지 마.,일본어 원문 + 타임스탬프 사진 + 장면 연속성,21.58,T4,구조검사 통과 시 유지,,59.69551282051282,37.59,P4,회귀검사 통과 시 유지
ABF-303,원문·사진 검증본,752,"01:16:31,100 --> 01:16:31,980",0.88,나만 벗는 거야?,제대로 열어 봐. 예쁘네.,부끄러워? 팬티도 벗어야지.,반말형,,,일본어 원문 + 타임스탬프 사진 + 장면 연속성,높음,96.0,96.0,50.0,78.0,4.0,0.54451,0.0,5.0,0.0,0.0,0.3062,끼우는 거야?,끼는 거지?,일본어 원문 대조 + 자연스러운 한국어 대사 교정,17.21,T4,구조검사 통과 시 유지,,36.33814102564102,25.24,P4,회귀검사 통과 시 유지
ABF-303,원문·사진 검증본,753,"01:16:33,160 --> 01:16:35,320",2.16,부끄러워? 팬티도 벗어야지.,나만 벗는 거야?,손으로 가리지 마.,반응형,,,일본어 원문 + 타임스탬프 사진 + 장면 연속성,높음,96.0,96.0,50.0,78.0,4.0,0.65102,0.0,5.0,0.0,0.0,0.2815,"잠깐, 보여 줘 봐. 잠깐, 이쪽 봐봐. 부끄러워?",잠깐 보여 줘. 이쪽 봐봐. 부끄러워?,일본어 원문 대조 + 자연스러운 한국어 대사 교정,20.44,T4,구조검사 통과 시 유지,,52.644230769230774,33.97,P4,회귀검사 통과 시 유지
ABF-303,원문·사진 검증본,754,"01:16:59,500 --> 01:17:06,770",7.27,손으로 가리지 마.,부끄러워? 팬티도 벗어야지.,"응, 괜찮아.",반응형,,,일본어 원문 + 타임스탬프 사진 + 장면 연속성,중간,75.0,78.0,50.0,78.0,25.0,0.59429,0.0,14.0,0.0,0.0,0.3774,손으로 해줄까?,손으로 해 줄까?,,28.7,T4,구조검사 통과 시 유지,,84.89583333333334,52.3,P3,말투·질문응답·가독성 위주 검토
ABF-303,원문·사진 검증본,755,"01:17:06,770 --> 01:17:08,850",2.08,"응, 괜찮아.",손으로 가리지 마.,나도 벗을게.,반응형,,,일본어 원문 + 타임스탬프 사진 + 장면 연속성,높음,96.0,96.0,50.0,78.0,4.0,0.54828,22.87,5.0,0.0,0.0,0.8406,괜찮아.,최고예요.,화면 영문 자막 대조,20.29,T4,구조검사 통과 시 유지,,51.60256410256411,33.44,P4,회귀검사 통과 시 유지
ABF-303,원문·사진 검증본,756,"01:17:10,230 --> 01:17:12,650",2.42,나도 벗을게.,"응, 괜찮아.",이제 둘 다 벗었네.,중립·혼합형,,,일본어 원문 + 타임스탬프 사진 + 장면 연속성,중간,75.0,78.0,50.0,78.0,25.0,0.52153,0.0,14.0,0.0,0.0,0.2148,나도 조건이 있어.,대신 조건이 하나 있어.,사진 장면 확인 및 한국어 번역투 교정,25.64,T4,구조검사 통과 시 유지,,78.0048076923077,47.63,P3,말투·질문응답·가독성 위주 검토
ABF-303,원문·사진 검증본,757,"01:17:13,750 --> 01:17:14,330",0.58,이제 둘 다 벗었네.,나도 벗을게.,"와, 진짜 많이 커졌어.",반말형,,,일본어 원문 + 타임스탬프 사진 + 장면 연속성,중간,75.0,78.0,50.0,78.0,25.0,0.63193,0.0,14.0,0.0,0.0,0.2278,둘 다 감도가 좋네.,둘 다 잘 느끼네.,일본어 원문 대조 + 자연스러운 한국어 대사 교정,30.28,T4,구조검사 통과 시 유지,,88.70192307692307,54.82,P3,말투·질문응답·가독성 위주 검토
ABF-303,원문·사진 검증본,758,"01:17:31,590 --> 01:17:33,710",2.12,"와, 진짜 많이 커졌어.",이제 둘 다 벗었네.,손으로 잡아 줘.,반응형,,,일본어 원문 + 타임스탬프 사진 + 장면 연속성,중간,75.0,78.0,50.0,78.0,25.0,0.61825,0.0,14.0,0.0,0.0,0.1957,"와, 깊이 들어갔어.",목욕하려면 이제 벗어야지.,일본어 원문 + 타임스탬프 사진 + 장면 연속성,29.71,T4,구조검사 통과 시 유지,,87.4599358974359,53.96,P3,말투·질문응답·가독성 위주 검토
ABF-303,원문·사진 검증본,759,"01:17:40,550 --> 01:17:41,770",1.22,손으로 잡아 줘.,"와, 진짜 많이 커졌어.","와, 진짜 크다.",반응형,,,일본어 원문 + 타임스탬프 사진 + 장면 연속성,중간,75.0,78.0,50.0,78.0,25.0,0.45593,0.0,14.0,0.0,0.0,0.4589,손으로 해줄까?,손으로 해 줄까?,,22.89,T4,구조검사 통과 시 유지,,66.58653846153845,41.24,P3,말투·질문응답·가독성 위주 검토
ABF-303,원문·사진 검증본,760,"01:17:41,790 --> 01:17:42,050",0.26,"와, 진짜 크다.",손으로 잡아 줘.,어때?,중립·혼합형,,,일본어 원문 + 타임스탬프 사진 + 장면 연속성,중간,75.0,78.0,50.0,78.0,25.0,0.4242,0.0,14.0,64.62,0.0,0.2513,"와, 짱이다.","와, 아담하다.",일본어 원문 + 타임스탬프 사진 + 장면 연속성,28.02,T4,구조검사 통과 시 유지,high_cps,83.73397435897436,51.42,P3,말투·질문응답·가독성 위주 검토
ABF-303,원문·사진 검증본,761,"01:17:43,210 --> 01:17:44,890",1.68,어때?,"와, 진짜 크다.",응?,반응형,,,일본어 원문 + 타임스탬프 사진 + 장면 연속성,중간,75.0,78.0,50.0,78.0,25.0,0.16837,1.25,14.0,0.0,0.0,0.6604,어때? 맛은?,어때? 맛 평가해 줘.,일본어 원문 대조 + 자연스러운 한국어 대사 교정,11.04,T4,구조검사 통과 시 유지,,14.102564102564102,12.33,P4,회귀검사 통과 시 유지
ABF-303,원문·사진 검증본,762,"01:17:46,150 --> 01:17:46,510",0.36,응?,어때?,"잠깐, 잠깐.",반응형,,,일본어 원문 + 타임스탬프 사진 + 장면 연속성,높음,96.0,96.0,50.0,78.0,4.0,0.24097,0.0,5.0,0.0,0.0,0.446,응? 잠깐 기다려…,응? 잠깐만…,일본어 원문 대조 + 자연스러운 한국어 대사 교정,8.04,T4,구조검사 통과 시 유지,,6.129807692307692,7.24,P4,회귀검사 통과 시 유지
ABF-303,원문·사진 검증본,763,"01:17:54,570 --> 01:17:57,510",2.94,"잠깐, 잠깐.",응?,조금만 더.,반응형,,,일본어 원문 + 타임스탬프 사진 + 장면 연속성,높음,96.0,96.0,50.0,78.0,4.0,0.44248,0.0,5.0,0.0,0.0,0.4449,"잠깐, 잠깐만 쉬게 해 주세요.","잠깐, 잠깐만… 그만해.",장면과 충돌한 표현 교정,14.13,T4,구조검사 통과 시 유지,,23.63782051282051,18.12,P4,회귀검사 통과 시 유지
ABF-303,원문·사진 검증본,764,"01:17:58,150 --> 01:17:58,970",0.82,조금만 더.,"잠깐, 잠깐.",너무 깊이 들어가.,중립·혼합형,,,일본어 원문 + 타임스탬프 사진 + 장면 연속성,높음,96.0,96.0,50.0,78.0,4.0,0.53886,3.43,5.0,0.0,0.0,0.6786,조금만 더...,조금만 더…,,17.49,T4,구조검사 통과 시 유지,,37.62019230769231,25.94,P4,회귀검사 통과 시 유지
ABF-303,원문·사진 검증본,765,"01:17:59,770 --> 01:18:04,450",4.68,너무 깊이 들어가.,조금만 더.,이제 물에 들어가자.,반응형,,,일본어 원문 + 타임스탬프 사진 + 장면 연속성,중간,75.0,78.0,50.0,78.0,25.0,0.56898,0.0,14.0,0.0,0.0,0.332,엄청 깊이 들어가잖아...,엄청 깊이 들어가잖아…,,27.64,T4,구조검사 통과 시 유지,,82.9326923076923,50.86,P3,말투·질문응답·가독성 위주 검토
ABF-303,원문·사진 검증본,766,"01:18:17,740 --> 01:18:20,180",2.44,이제 물에 들어가자.,너무 깊이 들어가.,"아, 여기로 들어가면 되나?",반응형,,,일본어 원문 + 타임스탬프 사진 + 장면 연속성,높음,96.0,96.0,50.0,78.0,4.0,0.53102,0.0,5.0,0.0,0.0,0.1677,이제 안 할게.,이제 안 애태울게.,,16.81,T4,구조검사 통과 시 유지,,34.094551282051285,24.07,P4,회귀검사 통과 시 유지
ABF-303,원문·사진 검증본,767,"01:18:29,070 --> 01:18:30,270",1.2,"아, 여기로 들어가면 되나?",이제 물에 들어가자.,내가 먼저?,반응형,,,일본어 원문 + 타임스탬프 사진 + 장면 연속성,중간,75.0,78.0,50.0,78.0,25.0,0.56788,0.0,14.0,0.0,0.0,0.2274,"아, 아, 아, 아, 아, 아, 아,","아, 아, 아, 아, 아, 아, 아",,27.59,T4,구조검사 통과 시 유지,,82.6923076923077,50.73,P3,말투·질문응답·가독성 위주 검토
ABF-303,원문·사진 검증본,768,"01:18:30,490 --> 01:18:31,030",0.54,내가 먼저?,"아, 여기로 들어가면 되나?","응, 이쪽으로.",중립·혼합형,,,일본어 원문 + 타임스탬프 사진 + 장면 연속성,중간,75.0,78.0,50.0,78.0,25.0,0.28928,0.0,14.0,0.0,0.0,0.2511,내가 잡아 줄게.,목욕하면서…,일본어 원문 + 타임스탬프 사진 + 장면 연속성,15.89,T4,구조검사 통과 시 유지,,29.88782051282051,21.77,P4,회귀검사 통과 시 유지
ABF-303,원문·사진 검증본,769,"01:18:39,760 --> 01:18:40,980",1.22,"응, 이쪽으로.",내가 먼저?,들어갔어.,반응형,,,일본어 원문 + 타임스탬프 사진 + 장면 연속성,중간,75.0,78.0,50.0,78.0,25.0,0.5167,0.0,14.0,0.0,0.0,0.3454,이쪽으로 넣어 주세요...,이쪽으로 넣어 주세요…,,25.44,T4,구조검사 통과 시 유지,,77.40384615384616,47.26,P3,말투·질문응답·가독성 위주 검토
ABF-303,원문·사진 검증본,770,"01:18:49,330 --> 01:18:51,570",2.24,들어갔어.,"응, 이쪽으로.",들어왔어.,반응형,,,일본어 원문 + 타임스탬프 사진 + 장면 연속성,높음,96.0,96.0,50.0,78.0,4.0,0.33764,37.21,5.0,0.0,0.0,0.9601,안 들어갔어.,밖 좀 봐봐.,일본어 원문 + 타임스탬프 사진 + 장면 연속성,15.78,T4,구조검사 통과 시 유지,,29.48717948717949,21.54,P4,회귀검사 통과 시 유지
ABF-303,원문·사진 검증본,771,"01:18:51,910 --> 01:18:52,010",0.1,들어왔어.,들어갔어.,"응, 들어왔어.",반응형,,,일본어 원문 + 타임스탬프 사진 + 장면 연속성,높음,96.0,96.0,50.0,78.0,4.0,0.40923,28.16,5.0,70.0,0.0,0.8847,깊이 들어왔어.,엄청 깊이 들어갔어.,손상된 일본어 ASR + 타임스탬프 사진 + 앞뒤 문맥 추론,21.81,T4,구조검사 통과 시 유지,high_cps,61.418269230769226,38.45,P4,회귀검사 통과 시 유지
ABF-303,원문·사진 검증본,772,"01:18:52,010 --> 01:18:52,290",0.28,"응, 들어왔어.",들어왔어.,좋네.,반응형,,,일본어 원문 + 타임스탬프 사진 + 장면 연속성,높음,96.0,96.0,50.0,78.0,4.0,0.48302,19.04,5.0,55.0,0.0,0.8087,깊이 들어왔어.,엄청 깊이 들어갔어.,손상된 일본어 ASR + 타임스탬프 사진 + 앞뒤 문맥 추론,21.78,T4,구조검사 통과 시 유지,high_cps,61.017628205128204,38.26,P4,회귀검사 통과 시 유지
ABF-303,원문·사진 검증본,773,"01:18:54,170 --> 01:18:58,650",4.48,좋네.,"응, 들어왔어.",이쪽 단이 있는 곳으로 들어와.,반말형,,,일본어 원문 + 타임스탬프 사진 + 장면 연속성,높음,96.0,96.0,50.0,78.0,4.0,0.19795,42.0,5.0,0.0,0.0,1.0,좋네.,좋아.,일본어 원문 대조 + 자연스러운 한국어 대사 교정,12.18,T4,구조검사 통과 시 유지,,17.147435897435898,14.27,P4,회귀검사 통과 시 유지
ABF-303,원문·사진 검증본,774,"01:19:00,230 --> 01:19:02,110",1.88,이쪽 단이 있는 곳으로 들어와.,좋네.,최고다.,반응형,,,일본어 원문 + 타임스탬프 사진 + 장면 연속성,높음,96.0,96.0,50.0,78.0,4.0,0.66824,0.0,5.0,0.0,0.0,0.2231,죄송해요. 좀 추운 곳으로 잡아서...,죄송해요. 좀 추운 곳으로 잡아서…,,20.96,T4,구조검사 통과 시 유지,,55.168269230769226,35.33,P4,회귀검사 통과 시 유지
ABF-303,원문·사진 검증본,775,"01:19:11,140 --> 01:19:11,620",0.48,최고다.,이쪽 단이 있는 곳으로 들어와.,여기로 와.,중립·혼합형,,,일본어 원문 + 타임스탬프 사진 + 장면 연속성,높음,96.0,96.0,50.0,78.0,4.0,0.26266,0.0,5.0,0.0,0.0,0.6209,최고다. 몇 번이고 가는 거지?,"아, 좋아.",화면 영문 자막 대조,8.69,T4,구조검사 통과 시 유지,,7.532051282051282,8.2,P4,회귀검사 통과 시 유지
ABF-303,원문·사진 검증본,776,"01:19:11,620 --> 01:19:12,440",0.82,여기로 와.,최고다.,기분 좋아.,중립·혼합형,,,일본어 원문 + 타임스탬프 사진 + 장면 연속성,높음,96.0,96.0,50.0,78.0,4.0,0.38361,0.0,5.0,0.0,0.0,0.2144,"후후후, 어서 와.","후후후, 차가워!",손상된 일본어 ASR + 타임스탬프 사진 + 앞뒤 문맥 추론,12.35,T4,구조검사 통과 시 유지,,17.467948717948715,14.5,P4,회귀검사 통과 시 유지
ABF-303,원문·사진 검증본,777,"01:19:20,120 --> 01:19:21,420",1.3,기분 좋아.,여기로 와.,온천 좋네.,반응형,,,일본어 원문 + 타임스탬프 사진 + 장면 연속성,높음,96.0,96.0,50.0,78.0,4.0,0.358,42.0,5.0,0.0,0.0,1.0,기분 좋아.,"아, 좋아.",화면 영문 자막 대조,17.02,T4,구조검사 통과 시 유지,,35.17628205128205,24.65,P4,회귀검사 통과 시 유지
ABF-303,원문·사진 검증본,778,"01:19:26,820 --> 01:19:27,840",1.02,온천 좋네.,기분 좋아.,오랜만인 것 같아.,반말형,,,일본어 원문 + 타임스탬프 사진 + 장면 연속성,높음,96.0,96.0,50.0,78.0,4.0,0.37958,3.73,5.0,0.0,0.0,0.681,좋네.,좋아.,일본어 원문 대조 + 자연스러운 한국어 대사 교정,12.71,T4,구조검사 통과 시 유지,,18.709935897435898,15.23,P4,회귀검사 통과 시 유지
ABF-303,원문·사진 검증본,779,"01:19:30,340 --> 01:19:31,600",1.26,오랜만인 것 같아.,온천 좋네.,평소에도 목욕 자주 해?,반응형,,,일본어 원문 + 타임스탬프 사진 + 장면 연속성,높음,96.0,96.0,50.0,78.0,4.0,0.50461,0.0,5.0,0.0,0.0,0.438,갈 것 같아.,진짜 갈 것 같아.,일본어 원문 대조 + 자연스러운 한국어 대사 교정,16.01,T4,구조검사 통과 시 유지,,30.288461538461537,22.01,P4,회귀검사 통과 시 유지
ABF-303,원문·사진 검증본,780,"01:19:32,940 --> 01:19:34,860",1.92,평소에도 목욕 자주 해?,오랜만인 것 같아.,매일 목욕해.,반말형,,,일본어 원문 + 타임스탬프 사진 + 장면 연속성,높음,96.0,96.0,50.0,78.0,4.0,0.5143,0.0,5.0,0.0,0.0,0.3525,평소에도 샴페인을 마셔서 알아요.,평소에도 샴페인을 마셔 봐서 알아요.,사진 장면 확인 및 한국어 번역투·ASR 오역 교정,16.3,T4,구조검사 통과 시 유지,,31.570512820512818,22.71,P4,회귀검사 통과 시 유지
ABF-303,원문·사진 검증본,781,"01:19:35,360 --> 01:19:37,480",2.12,매일 목욕해.,평소에도 목욕 자주 해?,샤워만 하는 날도 있어?,반말형,,,일본어 원문 + 타임스탬프 사진 + 장면 연속성,높음,96.0,96.0,50.0,78.0,4.0,0.45085,0.0,5.0,0.0,0.0,0.2222,내가 매일 닦아줄 테니까…,그럼 내가 매일 닦아 줄게.,일본어 원문 대조 + 자연스러운 한국어 대사 교정,14.38,T4,구조검사 통과 시 유지,,24.519230769230766,18.64,P4,회귀검사 통과 시 유지
ABF-303,원문·사진 검증본,782,"01:19:38,120 --> 01:19:39,140",1.02,샤워만 하는 날도 있어?,매일 목욕해.,목욕하는 날이 더 많아.,반응형,,,일본어 원문 + 타임스탬프 사진 + 장면 연속성,높음,96.0,96.0,50.0,78.0,8.0,0.82339,0.0,5.0,0.0,0.0,0.2967,자고 있어?,땀나?,사진 장면 확인 및 한국어 번역투·ASR 오역 교정,25.82,T4,구조검사 통과 시 유지,,78.56570512820514,47.97,P3,말투·질문응답·가독성 위주 검토
ABF-303,원문·사진 검증본,783,"01:19:39,420 --> 01:19:40,540",1.12,목욕하는 날이 더 많아.,샤워만 하는 날도 있어?,매일 하면 귀찮잖아.,반응형,,,일본어 원문 + 타임스탬프 사진 + 장면 연속성,높음,96.0,96.0,50.0,78.0,4.0,0.70602,0.0,5.0,0.0,0.0,0.0921,많이 하는 게 좋겠다고 생각한 날.,이런 속옷 좋아할 것 같아서 가져왔어요.,타임스탬프 사진과 앞뒤 장면으로 대사 기능 복원,22.1,T4,구조검사 통과 시 유지,,62.90064102564102,39.24,P4,회귀검사 통과 시 유지
ABF-303,원문·사진 검증본,784,"01:19:41,620 --> 01:19:42,440",0.82,매일 하면 귀찮잖아.,목욕하는 날이 더 많아.,응.,반응형,,,일본어 원문 + 타임스탬프 사진 + 장면 연속성,높음,96.0,96.0,50.0,78.0,4.0,0.63213,0.0,5.0,0.0,0.0,0.1939,내가 매일 닦아줄 테니까…,그럼 내가 매일 닦아 줄게.,일본어 원문 대조 + 자연스러운 한국어 대사 교정,19.86,T4,구조검사 통과 시 유지,,49.27884615384615,32.22,P4,회귀검사 통과 시 유지
ABF-303,원문·사진 검증본,785,"01:19:42,600 --> 01:19:43,080",0.48,응.,매일 하면 귀찮잖아.,혼자 살지?,반응형,,,일본어 원문 + 타임스탬프 사진 + 장면 연속성,높음,96.0,96.0,50.0,78.0,4.0,0.07303,0.0,5.0,0.0,0.0,0.4286,"하-, 응.",하아… 응.,,2.96,T4,구조검사 통과 시 유지,,0.3205128205128205,1.85,P4,회귀검사 통과 시 유지
ABF-303,원문·사진 검증본,786,"01:19:43,540 --> 01:19:44,680",1.14,혼자 살지?,응.,응.,반말형,,,일본어 원문 + 타임스탬프 사진 + 장면 연속성,높음,96.0,96.0,50.0,78.0,4.0,0.34737,0.0,5.0,0.0,0.0,0.1912,지금은 혼자 가버리겠네. 그건 안 되지.,지금은 혼자 가 버리겠네. 그건 안 되지.,,11.25,T4,구조검사 통과 시 유지,,14.983974358974358,12.82,P4,회귀검사 통과 시 유지
ABF-303,원문·사진 검증본,787,"01:19:45,360 --> 01:19:45,520",0.16,응.,혼자 살지?,응.,반응형,,,일본어 원문 + 타임스탬프 사진 + 장면 연속성,높음,96.0,96.0,50.0,78.0,4.0,0.04737,0.0,5.0,0.0,0.0,0.4286,"하-, 응.",하아… 응.,,2.18,T4,구조검사 통과 시 유지,,0.16025641025641024,1.33,P4,회귀검사 통과 시 유지
ABF-303,원문·사진 검증본,788,"01:19:46,940 --> 01:19:47,080",0.14,응.,응.,이야…,반응형,,,일본어 원문 + 타임스탬프 사진 + 장면 연속성,높음,96.0,96.0,50.0,78.0,4.0,0.07834,0.0,5.0,0.0,0.0,0.4286,"하-, 응.",하아… 응.,,3.12,T4,구조검사 통과 시 유지,,0.4807692307692308,2.01,P4,회귀검사 통과 시 유지
ABF-303,원문·사진 검증본,789,"01:19:47,080 --> 01:19:50,100",3.02,이야…,응.,기분 좋네.,반말형,,,일본어 원문 + 타임스탬프 사진 + 장면 연속성,높음,96.0,96.0,50.0,78.0,4.0,0.29874,0.0,5.0,0.0,0.0,0.1044,"와, 엄청 벌어졌네. 예쁘다. 최고야… 기분 좋아.","와, 야경 진짜 예쁘다. 최고네, 기분 좋다.",일본어 원문 + 타임스탬프 사진 + 장면 연속성,9.78,T4,구조검사 통과 시 유지,,10.496794871794872,10.08,P4,회귀검사 통과 시 유지
ABF-303,원문·사진 검증본,790,"01:19:50,100 --> 01:19:51,160",1.06,기분 좋네.,이야…,같이 목욕하니까 좋다.,반말형,,,일본어 원문 + 타임스탬프 사진 + 장면 연속성,높음,96.0,96.0,50.0,78.0,4.0,0.44914,21.55,5.0,0.0,0.0,0.8295,좋네.,좋아.,일본어 원문 대조 + 자연스러운 한국어 대사 교정,17.12,T4,구조검사 통과 시 유지,,35.81730769230769,24.97,P4,회귀검사 통과 시 유지
ABF-303,원문·사진 검증본,791,"01:20:27,580 --> 01:20:30,180",2.6,같이 목욕하니까 좋다.,기분 좋네.,어?,중립·혼합형,,,일본어 원문 + 타임스탬프 사진 + 장면 연속성,높음,96.0,96.0,50.0,78.0,4.0,0.53516,0.0,5.0,0.0,0.0,0.2266,같이 좀 가요.,그럼 같이 가요.,일본어 원문 대조 + 자연스러운 한국어 대사 교정,16.93,T4,구조검사 통과 시 유지,,34.61538461538461,24.36,P4,회귀검사 통과 시 유지
ABF-303,원문·사진 검증본,792,"01:20:31,420 --> 01:20:31,680",0.26,어?,같이 목욕하니까 좋다.,아까부터 하고 싶었던 거야?,반응형,,,일본어 원문 + 타임스탬프 사진 + 장면 연속성,높음,96.0,96.0,50.0,78.0,4.0,0.10978,0.0,5.0,0.0,0.0,0.3089,어? 벗기고 싶다고? 응.,해 줬으면 좋겠어? 응.,손상된 일본어 ASR + 타임스탬프 사진 + 앞뒤 문맥 추론,4.07,T4,구조검사 통과 시 유지,,0.7211538461538461,2.66,P4,회귀검사 통과 시 유지
ABF-303,원문·사진 검증본,793,"01:20:32,700 --> 01:20:34,840",2.14,아까부터 하고 싶었던 거야?,어?,안 돼.,반응형,,,일본어 원문 + 타임스탬프 사진 + 장면 연속성,중간,75.0,78.0,50.0,78.0,25.0,0.4688,0.0,14.0,0.0,0.0,0.282,아까부터 물어봤잖아. 이렇게나 많이...,아까부터 물어봤잖아. 이렇게나 많이…,,23.43,T4,구조검사 통과 시 유지,,69.35096153846155,42.72,P3,말투·질문응답·가독성 위주 검토
ABF-303,원문·사진 검증본,794,"01:20:35,160 --> 01:20:35,560",0.4,안 돼.,아까부터 하고 싶었던 거야?,안 돼.,중립·혼합형,,,일본어 원문 + 타임스탬프 사진 + 장면 연속성,높음,96.0,96.0,50.0,78.0,4.0,0.22884,42.0,5.0,0.0,0.0,1.0,안 돼.,"네, 놀랐어요.",타임스탬프 사진과 앞뒤 장면으로 대사 기능 복원,13.11,T4,구조검사 통과 시 유지,,20.192307692307693,16.08,P4,회귀검사 통과 시 유지
ABF-303,원문·사진 검증본,795,"01:20:35,900 --> 01:20:36,560",0.66,안 돼.,안 돼.,안 돼.,중립·혼합형,,,일본어 원문 + 타임스탬프 사진 + 장면 연속성,높음,96.0,96.0,50.0,78.0,4.0,0.27552,42.0,5.0,0.0,30.0,1.0,안 돼.,"네, 놀랐어요.",타임스탬프 사진과 앞뒤 장면으로 대사 기능 복원,16.25,T4,구조검사 통과 시 유지,triple_identical_run,31.490384615384613,22.65,P4,회귀검사 통과 시 유지
ABF-303,원문·사진 검증본,796,"01:20:36,560 --> 01:20:36,640",0.08,안 돼.,안 돼.,뭔가…,중립·혼합형,,,일본어 원문 + 타임스탬프 사진 + 장면 연속성,높음,96.0,96.0,50.0,78.0,4.0,0.46945,42.0,5.0,70.0,0.0,1.0,안 돼.,"네, 놀랐어요.",타임스탬프 사진과 앞뒤 장면으로 대사 기능 복원,25.43,T4,구조검사 통과 시 유지,high_cps,77.32371794871796,47.23,P3,말투·질문응답·가독성 위주 검토
ABF-303,원문·사진 검증본,797,"01:20:39,840 --> 01:20:40,320",0.48,뭔가…,안 돼.,어?,중립·혼합형,,,일본어 원문 + 타임스탬프 사진 + 장면 연속성,중간,75.0,78.0,50.0,78.0,25.0,0.25446,0.0,14.0,0.0,0.0,0.6158,한 번에 하자. 뭔가…,이제 자자. 불도 조금 어둡게 해 줘.,사진 장면 확인 및 한국어 번역투·ASR 오역 교정,14.43,T4,구조검사 통과 시 유지,,24.679487179487182,18.73,P4,회귀검사 통과 시 유지
ABF-303,원문·사진 검증본,798,"01:20:42,620 --> 01:20:43,100",0.48,어?,뭔가…,목욕탕에서…,반응형,,,일본어 원문 + 타임스탬프 사진 + 장면 연속성,높음,96.0,96.0,50.0,78.0,4.0,0.25621,0.0,5.0,0.0,0.0,0.3089,어? 벗기고 싶다고? 응.,해 줬으면 좋겠어? 응.,손상된 일본어 ASR + 타임스탬프 사진 + 앞뒤 문맥 추론,8.5,T4,구조검사 통과 시 유지,,7.211538461538461,7.96,P4,회귀검사 통과 시 유지
ABF-303,원문·사진 검증본,799,"01:20:43,380 --> 01:20:43,920",0.54,목욕탕에서…,어?,목욕하면서 이러는 거…,중립·혼합형,,,일본어 원문 + 타임스탬프 사진 + 장면 연속성,중간,75.0,78.0,50.0,78.0,25.0,0.33253,0.0,14.0,0.0,0.0,0.1429,분위기를 알게 된 상태에서…,이제는 기술도 분위기도 어느 정도 알게 됐으니…,,17.71,T4,구조검사 통과 시 유지,,38.421474358974365,26.41,P4,회귀검사 통과 시 유지
ABF-303,원문·사진 검증본,800,"01:20:53,070 --> 01:20:56,050",2.98,목욕하면서 이러는 거…,목욕탕에서…,어?,중립·혼합형,,,일본어 원문 + 타임스탬프 사진 + 장면 연속성,중간,75.0,78.0,50.0,78.0,25.0,0.5787,0.0,14.0,0.0,0.0,0.2833,왜 자꾸 이러는 거예요…?,왜 자꾸 그러는 거예요…?,손상된 일본어 ASR + 타임스탬프 사진 + 앞뒤 문맥 추론,28.05,T4,구조검사 통과 시 유지,,83.85416666666666,51.49,P3,말투·질문응답·가독성 위주 검토
ABF-303,원문·사진 검증본,801,"01:20:56,050 --> 01:20:56,430",0.38,어?,목욕하면서 이러는 거…,좋아.,반응형,,,일본어 원문 + 타임스탬프 사진 + 장면 연속성,높음,96.0,96.0,50.0,78.0,4.0,0.17649,0.0,5.0,0.0,0.0,0.3089,어? 벗기고 싶다고? 응.,해 줬으면 좋겠어? 응.,손상된 일본어 ASR + 타임스탬프 사진 + 앞뒤 문맥 추론,6.09,T4,구조검사 통과 시 유지,,3.3653846153846154,4.95,P4,회귀검사 통과 시 유지
ABF-303,원문·사진 검증본,802,"01:21:47,680 --> 01:21:48,260",0.58,좋아.,어?,목욕하면서…,반응형,,,일본어 원문 + 타임스탬프 사진 + 장면 연속성,높음,96.0,96.0,50.0,78.0,4.0,0.1986,17.77,5.0,0.0,0.0,0.7981,"아, 좋아.","아, 들어온다.",,9.06,T4,구조검사 통과 시 유지,,8.653846153846153,8.89,P4,회귀검사 통과 시 유지
ABF-303,원문·사진 검증본,803,"01:21:48,780 --> 01:21:49,240",0.46,목욕하면서…,좋아.,응.,중립·혼합형,,,일본어 원문 + 타임스탬프 사진 + 장면 연속성,중간,75.0,78.0,50.0,78.0,25.0,0.27423,0.0,14.0,0.0,0.0,0.0892,계속해서…,그대로 계속해.,손상된 일본어 ASR + 타임스탬프 사진 + 앞뒤 문맥 추론,15.26,T4,구조검사 통과 시 유지,,27.604166666666668,20.44,P4,회귀검사 통과 시 유지
ABF-303,원문·사진 검증본,804,"01:22:09,110 --> 01:22:09,390",0.28,응.,목욕하면서…,응.,반응형,,,일본어 원문 + 타임스탬프 사진 + 장면 연속성,높음,96.0,96.0,50.0,78.0,4.0,0.07345,0.0,5.0,0.0,0.0,0.4286,"하-, 응.",하아… 응.,,2.97,T4,구조검사 통과 시 유지,,0.4006410256410256,1.89,P4,회귀검사 통과 시 유지
ABF-303,원문·사진 검증본,805,"01:22:12,030 --> 01:22:12,450",0.42,응.,응.,응.,반응형,,,일본어 원문 + 타임스탬프 사진 + 장면 연속성,높음,96.0,96.0,50.0,78.0,4.0,0.04694,0.0,5.0,0.0,30.0,0.4286,"하-, 응.",하아… 응.,,3.9,T4,구조검사 통과 시 유지,triple_identical_run,0.5608974358974359,2.5,P4,회귀검사 통과 시 유지
ABF-303,원문·사진 검증본,806,"01:22:14,170 --> 01:22:14,930",0.76,응.,응.,몸이 점점 달아오르네.,반응형,,,일본어 원문 + 타임스탬프 사진 + 장면 연속성,높음,96.0,96.0,50.0,78.0,4.0,0.0631,0.0,5.0,0.0,0.0,0.4286,"하-, 응.",하아… 응.,,2.66,T4,구조검사 통과 시 유지,,0.2403846153846154,1.64,P4,회귀검사 통과 시 유지
ABF-303,원문·사진 검증본,807,"01:22:14,930 --> 01:22:16,010",1.08,몸이 점점 달아오르네.,응.,이쪽도 해 줘.,반응형,,,일본어 원문 + 타임스탬프 사진 + 장면 연속성,중간,75.0,78.0,50.0,78.0,25.0,0.59051,0.0,14.0,0.0,0.0,0.2472,점점 더...,점점 더…,,28.54,T4,구조검사 통과 시 유지,,84.77564102564102,52.16,P3,말투·질문응답·가독성 위주 검토
ABF-303,원문·사진 검증본,808,"01:22:16,310 --> 01:22:17,530",1.22,이쪽도 해 줘.,몸이 점점 달아오르네.,다리에 힘이 풀려.,반말형,,,일본어 원문 + 타임스탬프 사진 + 장면 연속성,중간,75.0,78.0,50.0,78.0,25.0,0.58498,0.0,14.0,0.0,0.0,0.4744,이쪽도 보여주세요.,이쪽도 보여 줘.,화자 말투 통일,28.31,T4,구조검사 통과 시 유지,,84.375,51.86,P3,말투·질문응답·가독성 위주 검토
ABF-303,원문·사진 검증본,809,"01:22:18,550 --> 01:22:20,350",1.8,다리에 힘이 풀려.,이쪽도 해 줘.,입 막지 마.,중립·혼합형,,,일본어 원문 + 타임스탬프 사진 + 장면 연속성,중간,75.0,78.0,50.0,78.0,25.0,0.76744,0.0,14.0,0.0,0.0,0.1506,빠르지 않아? 아까도 힘이 빠졌잖아.,너무 빠르지 않아? 아까도 한 번 갔잖아.,사진 장면 확인 및 한국어 번역투·ASR 오역 교정,35.97,T3,화자·문맥·자연스러움 집중 검토,,95.99358974358975,61.18,P2,앞뒤 5블록·사진·오류 기억을 함께 검토
ABF-303,원문·사진 검증본,810,"01:23:55,660 --> 01:23:56,560",0.9,입 막지 마.,다리에 힘이 풀려.,끝.,반말형,,,일본어 원문 + 타임스탬프 사진 + 장면 연속성,높음,96.0,96.0,50.0,78.0,4.0,0.83314,0.0,5.0,0.0,0.0,0.4218,하지 마.,잠깐만.,손상된 일본어 ASR + 타임스탬프 사진 + 앞뒤 문맥 추론,25.94,T4,구조검사 통과 시 유지,,78.92628205128204,48.19,P3,말투·질문응답·가독성 위주 검토
ABF-303,원문·사진 검증본,811,"01:26:28,690 --> 01:26:29,870",1.18,끝.,입 막지 마.,아… 한 번 더.,중립·혼합형,,,일본어 원문 + 타임스탬프 사진 + 장면 연속성,높음,96.0,96.0,50.0,78.0,4.0,0.43169,0.0,5.0,0.0,0.0,0.0822,끝이네.,다 했어?,일본어 원문 대조 + 자연스러운 한국어 대사 교정,13.8,T4,구조검사 통과 시 유지,,22.435897435897438,17.43,P4,회귀검사 통과 시 유지
ABF-303,원문·사진 검증본,812,"01:26:30,790 --> 01:26:39,990",9.2,아… 한 번 더.,끝.,이제 조금만 더.,반응형,,,일본어 원문 + 타임스탬프 사진 + 장면 연속성,중간,75.0,78.0,50.0,78.0,25.0,0.55885,0.0,14.0,0.0,0.0,0.4327,"갈게, 갈게... 한 번 더.","갈게, 갈게… 한 번 더.",,27.21,T4,구조검사 통과 시 유지,,81.89102564102564,50.18,P3,말투·질문응답·가독성 위주 검토
ABF-303,원문·사진 검증본,813,"01:27:37,480 --> 01:27:40,520",3.04,이제 조금만 더.,아… 한 번 더.,잠깐 사이에 끼워 줘.,중립·혼합형,,,일본어 원문 + 타임스탬프 사진 + 장면 연속성,중간,75.0,78.0,50.0,78.0,25.0,0.70226,0.0,14.0,0.0,0.0,0.5953,조금만 더...,조금만 더…,,33.23,T4,구조검사 통과 시 유지,,92.86858974358975,58.28,P2,앞뒤 5블록·사진·오류 기억을 함께 검토
ABF-303,원문·사진 검증본,814,"01:28:09,650 --> 01:28:10,650",1.0,잠깐 사이에 끼워 줘.,이제 조금만 더.,할 수 있겠어?,반응형,,,일본어 원문 + 타임스탬프 사진 + 장면 연속성,중간,75.0,78.0,50.0,78.0,25.0,0.77254,0.0,14.0,0.0,0.0,0.4401,"다리 사이에 넣고,",다리 사이에 넣고,,36.19,T3,화자·문맥·자연스러움 집중 검토,,96.15384615384616,61.37,P2,앞뒤 5블록·사진·오류 기억을 함께 검토
ABF-303,원문·사진 검증본,815,"01:28:15,060 --> 01:28:16,180",1.12,할 수 있겠어?,잠깐 사이에 끼워 줘.,이거 얼마 안 남았는데.,반응형,,,일본어 원문 + 타임스탬프 사진 + 장면 연속성,중간,75.0,78.0,50.0,78.0,25.0,0.65874,0.0,14.0,0.0,0.0,0.2231,이쪽 보면서 할 수 있어.,이쪽 보면서 해 줘.,일본어 원문 대조 + 자연스러운 한국어 대사 교정,31.41,T4,구조검사 통과 시 유지,,90.625,56.28,P3,말투·질문응답·가독성 위주 검토
ABF-303,원문·사진 검증본,816,"01:28:20,300 --> 01:28:21,940",1.64,이거 얼마 안 남았는데.,할 수 있겠어?,뭐라고 해?,중립·혼합형,,,일본어 원문 + 타임스탬프 사진 + 장면 연속성,중간,75.0,78.0,50.0,78.0,25.0,0.67224,0.0,14.0,0.0,0.0,0.1847,이거 예쁘네.,손으로 가리지 마.,일본어 원문 + 타임스탬프 사진 + 장면 연속성,31.97,T4,구조검사 통과 시 유지,,91.02564102564102,56.77,P3,말투·질문응답·가독성 위주 검토
ABF-303,원문·사진 검증본,817,"01:28:23,160 --> 01:28:24,020",0.86,뭐라고 해?,이거 얼마 안 남았는데.,빨리 해 줘.,반말형,,,일본어 원문 + 타임스탬프 사진 + 장면 연속성,중간,75.0,78.0,50.0,78.0,25.0,0.49381,0.0,14.0,0.0,0.0,0.589,뭐라고 해야 돼?,뭐라고 말하면 돼?,일본어 원문 대조 + 자연스러운 한국어 대사 교정,24.48,T4,구조검사 통과 시 유지,,73.71794871794873,45.16,P3,말투·질문응답·가독성 위주 검토
ABF-303,원문·사진 검증본,818,"01:28:24,640 --> 01:28:25,580",0.94,빨리 해 줘.,뭐라고 해?,손 정말 잘 쓰네.,반말형,,,일본어 원문 + 타임스탬프 사진 + 장면 연속성,중간,75.0,78.0,50.0,78.0,25.0,0.57944,0.0,14.0,0.0,0.0,0.5275,빨리 핥아 봐.,빨리 핥아 줘.,화자 말투 자연화,28.08,T4,구조검사 통과 시 유지,,83.97435897435898,51.56,P3,말투·질문응답·가독성 위주 검토
ABF-303,원문·사진 검증본,819,"01:28:28,260 --> 01:28:29,900",1.64,손 정말 잘 쓰네.,빨리 해 줘.,"오, 잘한다.",반말형,,,일본어 원문 + 타임스탬프 사진 + 장면 연속성,높음,96.0,96.0,50.0,78.0,4.0,0.73499,0.0,5.0,0.0,0.0,0.3069,정말 좋아.,거기 좋아.,타임스탬프 사진과 장면 흐름으로 명백한 오인식 교정,22.97,T4,구조검사 통과 시 유지,,67.02724358974359,41.47,P3,말투·질문응답·가독성 위주 검토
ABF-303,원문·사진 검증본,820,"01:28:29,900 --> 01:28:33,300",3.4,"오, 잘한다.",손 정말 잘 쓰네.,나올 것 같아.,중립·혼합형,,,일본어 원문 + 타임스탬프 사진 + 장면 연속성,높음,96.0,96.0,50.0,78.0,4.0,0.51757,0.0,5.0,0.0,0.0,0.3741,"오, 오, 오...","오, 오, 오…",,16.4,T4,구조검사 통과 시 유지,,31.810897435897434,22.87,P4,회귀검사 통과 시 유지
ABF-303,원문·사진 검증본,821,"01:28:36,140 --> 01:28:38,560",2.42,나올 것 같아.,"오, 잘한다.",조금 취한 거 아니야?,반응형,,,일본어 원문 + 타임스탬프 사진 + 장면 연속성,중간,75.0,78.0,50.0,78.0,25.0,0.62693,0.0,14.0,0.0,0.0,0.5963,갈 것 같아.,진짜 갈 것 같아.,일본어 원문 대조 + 자연스러운 한국어 대사 교정,30.07,T4,구조검사 통과 시 유지,,88.22115384615384,54.49,P3,말투·질문응답·가독성 위주 검토
ABF-303,원문·사진 검증본,822,"01:28:52,630 --> 01:28:54,570",1.94,조금 취한 거 아니야?,나올 것 같아.,많이 하고 있지?,반응형,,,일본어 원문 + 타임스탬프 사진 + 장면 연속성,높음,96.0,96.0,50.0,78.0,4.0,0.64879,0.0,5.0,0.0,0.0,0.5369,온천 아니야?,뭔가…,일본어 원문 + 타임스탬프 사진 + 장면 연속성,20.37,T4,구조검사 통과 시 유지,,52.083333333333336,33.69,P4,회귀검사 통과 시 유지
ABF-303,원문·사진 검증본,823,"01:28:55,030 --> 01:28:56,170",1.14,많이 하고 있지?,조금 취한 거 아니야?,조금만 더 해 줘.,반말형,,,일본어 원문 + 타임스탬프 사진 + 장면 연속성,중간,75.0,78.0,50.0,78.0,25.0,0.69318,0.0,14.0,0.0,0.0,0.2092,많이 핥아줘...,많이 핥아줘…,,32.85,T4,구조검사 통과 시 유지,,92.2275641025641,57.79,P3,말투·질문응답·가독성 위주 검토
ABF-303,원문·사진 검증본,824,"01:28:59,290 --> 01:29:00,550",1.26,조금만 더 해 줘.,많이 하고 있지?,아… 아… 아…,반말형,,,일본어 원문 + 타임스탬프 사진 + 장면 연속성,중간,75.0,78.0,50.0,78.0,25.0,0.67094,2.78,14.0,0.0,0.0,0.6732,조금만 더 해 주세요.,조금만 더 해 줘.,일본어 원문 대조 + 자연스러운 한국어 대사 교정,32.42,T4,구조검사 통과 시 유지,,91.82692307692307,57.37,P3,말투·질문응답·가독성 위주 검토
ABF-303,원문·사진 검증본,825,"01:29:09,110 --> 01:29:11,710",2.6,아… 아… 아…,조금만 더 해 줘.,우음.,반응형,,,,,88.0,90.0,50.0,78.0,12.0,0.30476,10.78,14.0,0.0,0.0,0.7398,"싫어, 아… 아… 아…",싫어… 아… 아…,일본어 원문 대조 + 자연스러운 한국어 대사 교정,17.7,T4,구조검사 통과 시 유지,,38.30128205128205,26.35,P4,회귀검사 통과 시 유지
ABF-303,원문·사진 검증본,826,"01:29:30,170 --> 01:29:31,090",0.92,우음.,아… 아… 아…,아…,중립·혼합형,,,,,88.0,90.0,50.0,78.0,12.0,0.22,0.0,14.0,0.0,0.0,0.0983,"하아, 으음. 이러기 쉬워.",이러면 더 잘 느끼지?,,12.2,T4,구조검사 통과 시 유지,,17.227564102564102,14.31,P4,회귀검사 통과 시 유지
ABF-303,원문·사진 검증본,827,"01:29:34,790 --> 01:29:35,350",0.56,아…,우음.,기분 좋아.,반응형,,,,,88.0,90.0,50.0,78.0,12.0,0.11729,10.78,14.0,0.0,0.0,0.7398,"싫어, 아… 아… 아…",싫어… 아… 아…,일본어 원문 대조 + 자연스러운 한국어 대사 교정,9.83,T4,구조검사 통과 시 유지,,10.616987179487179,10.16,P4,회귀검사 통과 시 유지
ABF-303,원문·사진 검증본,828,"01:29:39,090 --> 01:29:40,590",1.5,기분 좋아.,아…,엉덩이를 쑥 내밀고 있네.,반응형,,,,,88.0,90.0,50.0,78.0,12.0,0.37093,42.0,14.0,0.0,0.0,1.0,기분 좋아.,"아, 좋아.",화면 영문 자막 대조,26.1,T4,구조검사 통과 시 유지,,79.32692307692307,48.46,P3,말투·질문응답·가독성 위주 검토
ABF-303,원문·사진 검증본,829,"01:29:53,170 --> 01:29:54,150",0.98,엉덩이를 쑥 내밀고 있네.,기분 좋아.,"엉덩이 때려 줘.
맞고 싶어.",반말형,,,일본어 원문 대조 + 자연스러운 한국어 대사 교정,높음,96.0,90.0,50.0,92.0,8.0,0.81734,24.32,5.0,0.0,0.0,0.8526,엉덩이를 쑥 내밀고 있어.,엉덩이를 쑥 내밀고 있네.,일본어 원문 대조 + 자연스러운 한국어 대사 교정,28.79,T4,구조검사 통과 시 유지,,85.25641025641025,52.51,P3,말투·질문응답·가독성 위주 검토
ABF-303,원문·사진 검증본,830,"01:30:00,010 --> 01:30:06,900",6.89,"엉덩이 때려 줘.
맞고 싶어.",엉덩이를 쑥 내밀고 있네.,힘 빼고…,반응형,,,손상된 일본어 ASR + 타임스탬프 사진 + 앞뒤 문맥 추론,중간,38.0,78.0,50.0,78.0,66.0,0.83076,0.0,14.0,0.0,0.0,0.4062,엉덩이 좀 봐.,이 유카타 진짜 귀엽네.,일본어 원문 + 타임스탬프 사진 + 장면 연속성,41.09,T3,화자·문맥·자연스러움 집중 검토,,98.95833333333334,65.39,P2,앞뒤 5블록·사진·오류 기억을 함께 검토
ABF-303,원문·사진 검증본,831,"01:33:12,110 --> 01:33:15,630",3.52,힘 빼고…,"엉덩이 때려 줘.
맞고 싶어.",갈 것 같아…,중립·혼합형,,,일본어 원문 대조 + 자연스러운 한국어 대사 교정,높음,96.0,90.0,50.0,92.0,8.0,0.76165,13.69,5.0,0.0,0.0,0.7641,힘을 빼고…,힘 빼고…,일본어 원문 대조 + 자연스러운 한국어 대사 교정,25.73,T4,구조검사 통과 시 유지,,78.44551282051282,47.87,P3,말투·질문응답·가독성 위주 검토
ABF-303,원문·사진 검증본,832,"01:33:17,010 --> 01:33:18,130",1.12,갈 것 같아…,힘 빼고…,하아…,반응형,,,,,88.0,90.0,50.0,78.0,12.0,0.71106,0.0,14.0,0.0,0.0,0.5313,갈 것 같아.,진짜 갈 것 같아.,일본어 원문 대조 + 자연스러운 한국어 대사 교정,32.82,T4,구조검사 통과 시 유지,,92.1474358974359,57.74,P3,말투·질문응답·가독성 위주 검토
ABF-303,원문·사진 검증본,833,"01:35:30,580 --> 01:35:31,640",1.06,하아…,갈 것 같아…,응… 물론이지.,반응형,,,,,88.0,90.0,50.0,78.0,12.0,0.32254,42.0,14.0,0.0,0.0,1.0,하아…,보여 줘.,일본어 원문 + 타임스탬프 사진 + 장면 연속성,24.07,T4,구조검사 통과 시 유지,,72.11538461538461,44.25,P3,말투·질문응답·가독성 위주 검토
ABF-303,원문·사진 검증본,834,"01:35:31,640 --> 01:35:33,520",1.88,응… 물론이지.,하아…,하아…,반응형,,,,,88.0,90.0,50.0,78.0,12.0,0.53295,0.0,14.0,0.0,0.0,0.1547,응… [안전상 번역 불가]…,응… [불명]…,,25.34,T4,구조검사 통과 시 유지,,76.36217948717949,46.77,P3,말투·질문응답·가독성 위주 검토
ABF-303,원문·사진 검증본,835,"01:35:50,760 --> 01:36:00,060",9.3,하아…,응… 물론이지.,말도 안 돼…,반응형,,,,,88.0,90.0,50.0,78.0,12.0,0.2616,42.0,14.0,0.0,0.0,1.0,하아…,보여 줘.,일본어 원문 + 타임스탬프 사진 + 장면 연속성,21.51,T4,구조검사 통과 시 유지,,59.05448717948718,37.28,P4,회귀검사 통과 시 유지
ABF-303,원문·사진 검증본,836,"01:36:17,160 --> 01:36:18,680",1.52,말도 안 돼…,하아…,나오고 있어.,중립·혼합형,,,손상된 일본어 ASR + 타임스탬프 사진 + 앞뒤 문맥 추론,중간,38.0,78.0,50.0,78.0,62.0,0.5882,0.0,14.0,0.0,0.0,0.2773,지금 표정이 어때? 억지로 안 참아도 돼…,지금 표정이 어때? 억지로 참지 않아도 돼.,반복 표현과 어순 교정,30.66,T4,구조검사 통과 시 유지,,89.26282051282051,55.27,P3,말투·질문응답·가독성 위주 검토
ABF-303,원문·사진 검증본,837,"01:36:36,940 --> 01:36:38,100",1.16,나오고 있어.,말도 안 돼…,나와 버려?,반응형,,,,,88.0,90.0,50.0,78.0,12.0,0.43794,6.47,14.0,0.0,0.0,0.7039,축축하게 나오고 있어.,계속 축축하게 나오네.,일본어 원문 대조 + 자연스러운 한국어 대사 교정,22.52,T4,구조검사 통과 시 유지,,64.78365384615384,40.27,P3,말투·질문응답·가독성 위주 검토
ABF-303,원문·사진 검증본,838,"01:36:39,520 --> 01:36:40,520",1.0,나와 버려?,나오고 있어.,어?,중립·혼합형,,,,,88.0,90.0,50.0,78.0,12.0,0.38566,0.0,14.0,0.0,0.0,0.4105,턱에 나와 버려.,턱에 싸 버릴 것 같아.,일본어 원문 대조 + 자연스러운 한국어 대사 교정,19.16,T4,구조검사 통과 시 유지,,45.19230769230769,30.09,P4,회귀검사 통과 시 유지
ABF-303,원문·사진 검증본,839,"01:36:41,160 --> 01:36:41,720",0.56,어?,나와 버려?,한 번밖에 안 갔어.,반응형,,,,,88.0,90.0,50.0,78.0,12.0,0.12709,0.0,14.0,0.0,0.0,0.3089,어? 벗기고 싶다고? 응.,해 줬으면 좋겠어? 응.,손상된 일본어 ASR + 타임스탬프 사진 + 앞뒤 문맥 추론,8.3,T4,구조검사 통과 시 유지,,6.6506410256410255,7.61,P4,회귀검사 통과 시 유지
ABF-303,원문·사진 검증본,840,"01:36:42,940 --> 01:36:43,900",0.96,한 번밖에 안 갔어.,어?,"잠깐, 저쪽으로 와, 저쪽으로 와.",반응형,,,,,88.0,90.0,50.0,78.0,12.0,0.43877,0.0,14.0,0.0,0.0,0.2429,안 들어갔어.,밖 좀 봐봐.,일본어 원문 + 타임스탬프 사진 + 장면 연속성,21.39,T4,구조검사 통과 시 유지,,58.293269230769226,36.89,P4,회귀검사 통과 시 유지
ABF-303,원문·사진 검증본,841,"01:39:45,740 --> 01:39:47,200",1.46,"잠깐, 저쪽으로 와, 저쪽으로 와.",한 번밖에 안 갔어.,좋아하는 사람이랑 하니까 즐거워.,반응형,,,,,88.0,90.0,50.0,78.0,12.0,0.54011,0.0,14.0,0.0,0.0,0.3228,"잠깐, 이쪽으로 더 갈 수 있나?",그냥 여기서 살까?,,25.64,T4,구조검사 통과 시 유지,,78.0048076923077,47.63,P3,말투·질문응답·가독성 위주 검토
ABF-303,원문·사진 검증본,842,"01:39:51,220 --> 01:39:52,100",0.88,좋아하는 사람이랑 하니까 즐거워.,"잠깐, 저쪽으로 와, 저쪽으로 와.",얼굴까지 파묻는 거야.,반응형,,,,,88.0,90.0,50.0,78.0,12.0,0.36782,0.0,14.0,25.0,0.0,0.2767,다리 좋아하는 남자.,다리 좋아하는 남자 많잖아.,일본어 원문 대조 + 자연스러운 한국어 대사 교정,20.91,T4,구조검사 통과 시 유지,borderline_cps,54.88782051282052,35.18,P4,회귀검사 통과 시 유지
ABF-303,원문·사진 검증본,843,"01:39:56,190 --> 01:39:57,470",1.28,얼굴까지 파묻는 거야.,좋아하는 사람이랑 하니까 즐거워.,어?,반말형,,,,,88.0,90.0,50.0,78.0,12.0,0.30665,0.0,14.0,0.0,0.0,0.2964,싫은 거야.,싫어?,일본어 원문 대조 + 자연스러운 한국어 대사 교정,15.84,T4,구조검사 통과 시 유지,,29.647435897435898,21.64,P4,회귀검사 통과 시 유지
ABF-303,원문·사진 검증본,844,"01:39:57,470 --> 01:39:57,550",0.08,어?,얼굴까지 파묻는 거야.,얼굴까지 파묻는 거야.,반응형,,,,,88.0,90.0,50.0,78.0,12.0,0.1068,0.0,14.0,55.0,0.0,0.3089,어? 벗기고 싶다고? 응.,해 줬으면 좋겠어? 응.,손상된 일본어 ASR + 타임스탬프 사진 + 앞뒤 문맥 추론,12.95,T4,구조검사 통과 시 유지,high_cps,19.391025641025642,15.66,P4,회귀검사 통과 시 유지
ABF-303,원문·사진 검증본,845,"01:39:59,210 --> 01:40:01,190",1.98,얼굴까지 파묻는 거야.,어?,부끄러워.,반말형,,,,,88.0,90.0,50.0,78.0,12.0,0.40198,0.0,14.0,0.0,0.0,0.2964,싫은 거야.,싫어?,일본어 원문 대조 + 자연스러운 한국어 대사 교정,19.84,T4,구조검사 통과 시 유지,,49.118589743589745,32.14,P4,회귀검사 통과 시 유지
ABF-303,원문·사진 검증본,846,"01:40:06,610 --> 01:40:07,470",0.86,부끄러워.,얼굴까지 파묻는 거야.,음?,중립·혼합형,,,,,88.0,90.0,50.0,78.0,12.0,0.15823,20.54,14.0,0.0,0.0,0.8212,"하아, 부끄러워.",부끄러워? 팬티도 벗어야지.,일본어 원문 + 타임스탬프 사진 + 장면 연속성,13.3,T4,구조검사 통과 시 유지,,20.833333333333336,16.46,P4,회귀검사 통과 시 유지
ABF-303,원문·사진 검증본,847,"01:40:08,150 --> 01:40:08,370",0.22,음?,부끄러워.,거짓말.,중립·혼합형,,,,,88.0,90.0,50.0,78.0,12.0,0.17325,0.0,14.0,0.0,0.0,0.1045,음...,음…,,10.24,T4,구조검사 통과 시 유지,,11.818910256410255,10.9,P4,회귀검사 통과 시 유지
ABF-303,원문·사진 검증본,848,"01:40:09,310 --> 01:40:09,690",0.38,거짓말.,음?,얼굴 보이게 뒤에서 해도 돼?,중립·혼합형,,,,,88.0,90.0,50.0,78.0,12.0,0.2185,42.0,14.0,0.0,0.0,1.0,거짓말. 거짓말. 거짓말. 거짓말.,말도 안 돼…,손상된 일본어 ASR + 타임스탬프 사진 + 앞뒤 문맥 추론,19.7,T4,구조검사 통과 시 유지,,48.157051282051285,31.65,P4,회귀검사 통과 시 유지
ABF-303,원문·사진 검증본,849,"01:40:17,640 --> 01:40:20,800",3.16,얼굴 보이게 뒤에서 해도 돼?,거짓말.,어?,반말형,,,손상된 일본어 ASR + 타임스탬프 사진 + 앞뒤 문맥 추론,중간,38.0,78.0,50.0,78.0,62.0,0.57083,0.0,14.0,0.0,0.0,0.3625,얼굴을 대고 뒤에서 할 수 있어?,얼굴 보이게 뒤에서 해도 돼?,손상된 일본어 ASR + 타임스탬프 사진 + 앞뒤 문맥 추론,29.93,T4,구조검사 통과 시 유지,,87.82051282051282,54.24,P3,말투·질문응답·가독성 위주 검토
ABF-303,원문·사진 검증본,850,"01:40:27,260 --> 01:40:27,800",0.54,어?,얼굴 보이게 뒤에서 해도 돼?,어?,반응형,,,,,88.0,90.0,50.0,78.0,12.0,0.09903,0.0,14.0,0.0,0.0,0.3089,어? 벗기고 싶다고? 응.,해 줬으면 좋겠어? 응.,손상된 일본어 ASR + 타임스탬프 사진 + 앞뒤 문맥 추론,7.12,T4,구조검사 통과 시 유지,,4.6875,6.1,P4,회귀검사 통과 시 유지
ABF-303,원문·사진 검증본,851,"01:40:29,220 --> 01:40:29,380",0.16,어?,어?,어?,반응형,,,,,88.0,90.0,50.0,78.0,12.0,0.08676,0.0,14.0,0.0,30.0,0.3089,어? 벗기고 싶다고? 응.,해 줬으면 좋겠어? 응.,손상된 일본어 ASR + 타임스탬프 사진 + 앞뒤 문맥 추론,9.0,T4,구조검사 통과 시 유지,triple_identical_run,8.413461538461538,8.75,P4,회귀검사 통과 시 유지
ABF-303,원문·사진 검증본,852,"01:40:29,380 --> 01:40:29,400",0.02,어?,어?,이상해.,반응형,,,,,88.0,90.0,50.0,78.0,12.0,0.18568,0.0,14.0,70.0,0.0,0.3089,어? 벗기고 싶다고? 응.,해 줬으면 좋겠어? 응.,손상된 일본어 ASR + 타임스탬프 사진 + 앞뒤 문맥 추론,17.76,T4,구조검사 통과 시 유지,high_cps,38.70192307692308,26.56,P4,회귀검사 통과 시 유지
ABF-303,원문·사진 검증본,853,"01:40:29,400 --> 01:40:29,860",0.46,이상해.,어?,엉덩이를 밀면서 하고 있어.,반말형,,,,,88.0,90.0,50.0,78.0,12.0,0.2986,0.0,14.0,0.0,0.0,0.2959,이상해질 것 같아요.,정말 이상해질 것 같아요.,중복 대사 자연화,15.5,T4,구조검사 통과 시 유지,,28.846153846153843,21.11,P4,회귀검사 통과 시 유지
ABF-303,원문·사진 검증본,854,"01:40:42,100 --> 01:40:43,520",1.42,엉덩이를 밀면서 하고 있어.,이상해.,어?,반응형,,,손상된 일본어 ASR + 타임스탬프 사진 + 앞뒤 문맥 추론,중간,38.0,78.0,50.0,78.0,66.0,0.8114,1.64,14.0,0.0,0.0,0.6637,엉덩이를 치면서 하고 있어.,엉덩이를 밀면서 하고 있어.,손상된 일본어 ASR + 타임스탬프 사진 + 앞뒤 문맥 추론,40.57,T3,화자·문맥·자연스러움 집중 검토,,98.79807692307693,65.03,P2,앞뒤 5블록·사진·오류 기억을 함께 검토
ABF-303,원문·사진 검증본,855,"01:40:43,940 --> 01:40:44,000",0.06,어?,엉덩이를 밀면서 하고 있어.,이상해.,반응형,,,,,88.0,90.0,50.0,78.0,12.0,0.22545,0.0,14.0,70.0,0.0,0.3089,어? 벗기고 싶다고? 응.,해 줬으면 좋겠어? 응.,손상된 일본어 ASR + 타임스탬프 사진 + 앞뒤 문맥 추론,19.43,T4,구조검사 통과 시 유지,high_cps,46.9150641025641,30.97,P4,회귀검사 통과 시 유지
ABF-303,원문·사진 검증본,856,"01:40:49,650 --> 01:40:50,650",1.0,이상해.,어?,뭐야?,반말형,,,,,88.0,90.0,50.0,78.0,12.0,0.18374,0.0,14.0,0.0,0.0,0.2959,이상해질 것 같아요.,정말 이상해질 것 같아요.,중복 대사 자연화,10.68,T4,구조검사 통과 시 유지,,13.461538461538462,11.85,P4,회귀검사 통과 시 유지
ABF-303,원문·사진 검증본,857,"01:40:57,380 --> 01:40:57,560",0.18,뭐야?,이상해.,뭐야?,반말형,,,,,88.0,90.0,50.0,78.0,12.0,0.14913,4.11,14.0,25.0,0.0,0.6842,"아, 아... 뭐야?","아, 아… 뭐야?",,12.46,T4,구조검사 통과 시 유지,borderline_cps,17.588141025641026,14.61,P4,회귀검사 통과 시 유지
ABF-303,원문·사진 검증본,858,"01:40:58,360 --> 01:40:58,900",0.54,뭐야?,뭐야?,몸이 뜨거워.,반말형,,,,,88.0,90.0,50.0,78.0,12.0,0.15719,4.11,14.0,0.0,0.0,0.6842,"아, 아... 뭐야?","아, 아… 뭐야?",,10.3,T4,구조검사 통과 시 유지,,12.299679487179487,11.14,P4,회귀검사 통과 시 유지
ABF-303,원문·사진 검증본,859,"01:40:59,180 --> 01:41:00,400",1.22,몸이 뜨거워.,뭐야?,음?,중립·혼합형,,,손상된 일본어 ASR + 타임스탬프 사진 + 앞뒤 문맥 추론,중간,38.0,78.0,50.0,78.0,62.0,0.26464,4.63,14.0,0.0,0.0,0.6886,"아니, 뜨거워.",몸이 뜨거워.,손상된 일본어 ASR + 타임스탬프 사진 + 앞뒤 문맥 추론,17.91,T4,구조검사 통과 시 유지,,39.82371794871795,27.11,P4,회귀검사 통과 시 유지
ABF-303,원문·사진 검증본,860,"01:41:00,400 --> 01:41:00,460",0.06,음?,몸이 뜨거워.,어?,중립·혼합형,,,,,88.0,90.0,50.0,78.0,12.0,0.12514,0.0,14.0,70.0,0.0,0.1045,음...,음…,,15.22,T4,구조검사 통과 시 유지,high_cps,27.323717948717945,20.3,P4,회귀검사 통과 시 유지
ABF-303,원문·사진 검증본,861,"01:41:25,210 --> 01:41:25,650",0.44,어?,음?,엉덩이를 좀 더 이쪽으로.,반응형,,,,,88.0,90.0,50.0,78.0,12.0,0.13134,0.0,14.0,0.0,0.0,0.3089,어? 벗기고 싶다고? 응.,해 줬으면 좋겠어? 응.,손상된 일본어 ASR + 타임스탬프 사진 + 앞뒤 문맥 추론,8.48,T4,구조검사 통과 시 유지,,7.051282051282051,7.88,P4,회귀검사 통과 시 유지
ABF-303,원문·사진 검증본,862,"01:41:25,650 --> 01:41:26,550",0.9,엉덩이를 좀 더 이쪽으로.,어?,음?,반응형,,,,,88.0,90.0,50.0,78.0,16.0,0.67141,0.0,14.0,0.0,0.0,0.446,더 [안전상 번역 불가]. 이쪽으로 엉덩이를 돌려.,더 [불명]. 이쪽으로 엉덩이를 돌려.,,31.4,T4,구조검사 통과 시 유지,,90.46474358974359,56.21,P3,말투·질문응답·가독성 위주 검토
ABF-303,원문·사진 검증본,863,"01:41:26,930 --> 01:41:27,130",0.2,음?,엉덩이를 좀 더 이쪽으로.,음?,중립·혼합형,,,,,88.0,90.0,50.0,78.0,12.0,0.1014,0.0,14.0,0.0,0.0,0.1045,음...,음…,,7.22,T4,구조검사 통과 시 유지,,5.048076923076923,6.31,P4,회귀검사 통과 시 유지
ABF-303,원문·사진 검증본,864,"01:41:36,180 --> 01:41:36,620",0.44,음?,음?,음?,중립·혼합형,,,,,88.0,90.0,50.0,78.0,12.0,0.07737,0.0,14.0,0.0,30.0,0.1045,음...,음…,,8.61,T4,구조검사 통과 시 유지,triple_identical_run,7.451923076923077,8.12,P4,회귀검사 통과 시 유지
ABF-303,원문·사진 검증본,865,"01:41:37,260 --> 01:41:37,480",0.22,음?,음?,음?,중립·혼합형,,,,,88.0,90.0,50.0,78.0,12.0,0.07571,0.0,14.0,0.0,30.0,0.1045,음...,음…,,8.54,T4,구조검사 통과 시 유지,triple_identical_run,7.291666666666667,8.02,P4,회귀검사 통과 시 유지
ABF-303,원문·사진 검증본,866,"01:41:38,500 --> 01:41:38,640",0.14,음?,음?,음?,중립·혼합형,,,,,88.0,90.0,50.0,78.0,12.0,0.08433,0.0,14.0,0.0,30.0,0.1045,음...,음…,,8.9,T4,구조검사 통과 시 유지,triple_identical_run,8.012820512820513,8.53,P4,회귀검사 통과 시 유지
ABF-303,원문·사진 검증본,867,"01:42:00,520 --> 01:42:00,720",0.2,음?,음?,음?,중립·혼합형,,,,,88.0,90.0,50.0,78.0,12.0,0.11018,0.0,14.0,0.0,30.0,0.1045,음...,음…,,9.99,T4,구조검사 통과 시 유지,triple_identical_run,11.137820512820513,10.47,P4,회귀검사 통과 시 유지
ABF-303,원문·사진 검증본,868,"01:43:09,700 --> 01:43:09,920",0.22,음?,음?,음?,중립·혼합형,,,,,88.0,90.0,50.0,78.0,12.0,0.10639,0.0,14.0,0.0,30.0,0.1045,음...,음…,,9.83,T4,구조검사 통과 시 유지,triple_identical_run,10.616987179487179,10.16,P4,회귀검사 통과 시 유지
ABF-303,원문·사진 검증본,869,"01:43:11,020 --> 01:43:11,460",0.44,음?,음?,음?,중립·혼합형,,,,,88.0,90.0,50.0,78.0,12.0,0.0743,0.0,14.0,0.0,30.0,0.1045,음...,음…,,8.48,T4,구조검사 통과 시 유지,triple_identical_run,7.051282051282051,7.88,P4,회귀검사 통과 시 유지
ABF-303,원문·사진 검증본,870,"01:43:12,020 --> 01:43:12,460",0.44,음?,음?,음?,중립·혼합형,,,,,88.0,90.0,50.0,78.0,12.0,0.0852,0.0,14.0,0.0,30.0,0.1045,음...,음…,,8.94,T4,구조검사 통과 시 유지,triple_identical_run,8.213141025641026,8.63,P4,회귀검사 통과 시 유지
ABF-303,원문·사진 검증본,871,"01:43:48,220 --> 01:43:48,660",0.44,음?,음?,네.,중립·혼합형,,,,,88.0,90.0,50.0,78.0,12.0,0.10765,0.0,14.0,0.0,0.0,0.1045,음...,음…,,7.48,T4,구조검사 통과 시 유지,,5.128205128205128,6.49,P4,회귀검사 통과 시 유지
ABF-303,원문·사진 검증본,872,"01:43:48,660 --> 01:43:48,860",0.2,네.,음?,조물조물조물.,반말형,,,,,88.0,90.0,50.0,78.0,12.0,0.21892,8.61,14.0,0.0,0.0,0.7218,"네, 네.",네.,불필요한 반복 제거,13.7,T4,구조검사 통과 시 유지,,22.115384615384613,17.23,P4,회귀검사 통과 시 유지
ABF-303,원문·사진 검증본,873,"01:44:11,370 --> 01:44:12,790",1.42,조물조물조물.,네.,이렇게 하는 게 좋아.,중립·혼합형,,,,,88.0,90.0,50.0,78.0,12.0,0.4083,0.0,14.0,0.0,0.0,0.0203,조금 보이네.,조금은 보이는 것 같아.,일본어 원문 대조 + 자연스러운 한국어 대사 교정,20.11,T4,구조검사 통과 시 유지,,50.480769230769226,32.87,P4,회귀검사 통과 시 유지
ABF-303,원문·사진 검증본,874,"01:44:23,200 --> 01:44:25,020",1.82,이렇게 하는 게 좋아.,조물조물조물.,잠깐만요.,반응형,,,손상된 일본어 ASR + 타임스탬프 사진 + 앞뒤 문맥 추론,중간,38.0,78.0,50.0,78.0,62.0,0.74548,0.0,14.0,0.0,0.0,0.4937,나는 이렇게 하는 편이야.,나는 이렇게 만지는 편이야.,손상된 일본어 ASR + 타임스탬프 사진 + 앞뒤 문맥 추론,37.27,T3,화자·문맥·자연스러움 집중 검토,,97.19551282051282,62.44,P2,앞뒤 5블록·사진·오류 기억을 함께 검토
ABF-303,원문·사진 검증본,875,"01:44:44,980 --> 01:44:46,980",2.0,잠깐만요.,이렇게 하는 게 좋아.,잠깐만요…,반응형,,,,,88.0,90.0,50.0,78.0,12.0,0.49448,42.0,14.0,0.0,0.0,1.0,잠깐만요.,조금만 기다려.,일본어 원문 대조 + 자연스러운 한국어 대사 교정,31.29,T4,구조검사 통과 시 유지,,90.22435897435898,56.04,P3,말투·질문응답·가독성 위주 검토
ABF-303,원문·사진 검증본,876,"01:44:46,980 --> 01:44:49,000",2.02,잠깐만요…,잠깐만요.,어푸푸푸푸푸푸…,반응형,,,,,88.0,90.0,50.0,78.0,12.0,0.42771,42.0,14.0,0.0,0.0,1.0,잠깐만요…,잠깐만…,일본어 원문 대조 + 자연스러운 한국어 대사 교정,28.48,T4,구조검사 통과 시 유지,,84.53525641025641,52.02,P3,말투·질문응답·가독성 위주 검토
ABF-303,원문·사진 검증본,877,"01:45:16,980 --> 01:45:20,000",3.02,어푸푸푸푸푸푸…,잠깐만요…,그래도 계속하고 싶어.,반응형,,,,,88.0,90.0,50.0,78.0,12.0,0.45214,0.0,14.0,0.0,0.0,0.0174,어...,어…,,21.95,T4,구조검사 통과 시 유지,,62.379807692307686,38.93,P4,회귀검사 통과 시 유지
ABF-303,원문·사진 검증본,878,"01:45:29,420 --> 01:46:30,420",61.0,그래도 계속하고 싶어.,어푸푸푸푸푸푸…,아직 계속 서 있어?,반응형,,,손상된 일본어 ASR + 타임스탬프 사진 + 앞뒤 문맥 추론,중간,38.0,78.0,50.0,78.0,62.0,0.72589,2.73,14.0,0.0,0.0,0.6728,그래도 계속 하고 싶어.,그래도 계속하고 싶어.,손상된 일본어 ASR + 타임스탬프 사진 + 앞뒤 문맥 추론,36.94,T3,화자·문맥·자연스러움 집중 검토,,97.11538461538461,62.21,P2,앞뒤 5블록·사진·오류 기억을 함께 검토
ABF-303,원문·사진 검증본,879,"01:46:30,420 --> 01:46:30,840",0.42,아직 계속 서 있어?,그래도 계속하고 싶어.,아직도?,반응형,,,손상된 일본어 ASR + 타임스탬프 사진 + 앞뒤 문맥 추론,중간,38.0,78.0,50.0,78.0,62.0,0.71432,0.0,14.0,25.0,0.0,0.4682,왜 계속 흔들고 있어?,왜 자꾸 흔들고 있어?,,38.46,T3,화자·문맥·자연스러움 집중 검토,borderline_cps,98.15705128205127,63.53,P2,앞뒤 5블록·사진·오류 기억을 함께 검토
ABF-303,원문·사진 검증본,880,"01:46:34,120 --> 01:46:34,940",0.82,아직도?,아직 계속 서 있어?,계속 단단하네!,반응형,,,,,88.0,90.0,50.0,78.0,12.0,0.42108,0.0,14.0,0.0,0.0,0.1379,"아직, 아직 잘 거지?",아직 갈 수 있지?,사진 장면 확인 및 한국어 번역투·ASR 오역 교정,20.65,T4,구조검사 통과 시 유지,,53.766025641025635,34.56,P4,회귀검사 통과 시 유지
ABF-303,원문·사진 검증본,881,"01:46:47,950 --> 01:47:09,270",21.32,계속 단단하네!,아직도?,그 정도 깊이가 딱 좋아.,반말형,,,손상된 일본어 ASR + 타임스탬프 사진 + 앞뒤 문맥 추론,중간,38.0,78.0,50.0,78.0,62.0,0.46181,0.0,14.0,0.0,0.0,0.1885,"아, 대단해. 엄청 단단하게 섰어...","아, 대단해. 엄청 단단하게 섰어…",,25.36,T4,구조검사 통과 시 유지,,76.6025641025641,46.88,P3,말투·질문응답·가독성 위주 검토
ABF-303,원문·사진 검증본,882,"01:47:26,200 --> 01:47:52,960",26.76,그 정도 깊이가 딱 좋아.,계속 단단하네!,그대로 조금 더 해 줘.,반응형,,,손상된 일본어 ASR + 타임스탬프 사진 + 앞뒤 문맥 추론,중간,38.0,78.0,50.0,78.0,62.0,0.759,0.0,14.0,0.0,0.0,0.3172,그다음도 이 정도가 딱 좋아.,그 정도 깊이가 딱 좋아.,손상된 일본어 ASR + 타임스탬프 사진 + 앞뒤 문맥 추론,37.84,T3,화자·문맥·자연스러움 집중 검토,,97.43589743589743,62.87,P2,앞뒤 5블록·사진·오류 기억을 함께 검토
ABF-303,원문·사진 검증본,883,"01:47:53,200 --> 01:47:58,340",5.14,그대로 조금 더 해 줘.,그 정도 깊이가 딱 좋아.,아파… 아파… 아파… 아파…,반말형,,,손상된 일본어 ASR + 타임스탬프 사진 + 앞뒤 문맥 추론,중간,38.0,78.0,50.0,78.0,62.0,0.57115,0.0,14.0,0.0,0.0,0.5078,좀 더 해 줘.,보여?,일본어 원문 + 타임스탬프 사진 + 장면 연속성,29.95,T4,구조검사 통과 시 유지,,87.94070512820514,54.31,P3,말투·질문응답·가독성 위주 검토
ABF-303,원문·사진 검증본,884,"01:48:04,340 --> 01:48:14,800",10.46,아파… 아파… 아파… 아파…,그대로 조금 더 해 줘.,기분 좋아서 나와 버리는 거야?,반응형,,,,,88.0,90.0,50.0,78.0,12.0,0.23012,0.0,14.0,0.0,0.0,0.1745,"아파, 아파, 아파...","아파, 아파, 아파…",,12.62,T4,구조검사 통과 시 유지,,18.429487179487182,15.06,P4,회귀검사 통과 시 유지
ABF-303,원문·사진 검증본,885,"01:48:34,470 --> 01:48:35,770",1.3,기분 좋아서 나와 버리는 거야?,아파… 아파… 아파… 아파…,아… 좋아… 더 해 줘…,반응형,,,,,88.0,90.0,50.0,78.0,12.0,0.54864,0.0,14.0,0.0,0.0,0.3117,보지. 기분 좋아서 젖어버렸어.,보지. 기분 좋아서 젖어 버렸어.,,26.0,T4,구조검사 통과 시 유지,,79.16666666666666,48.33,P3,말투·질문응답·가독성 위주 검토
ABF-303,원문·사진 검증본,886,"01:48:42,130 --> 01:48:59,530",17.4,아… 좋아… 더 해 줘…,기분 좋아서 나와 버리는 거야?,아…,반응형,,,,,88.0,90.0,50.0,78.0,12.0,0.38076,0.0,14.0,0.0,0.0,0.4383,아- 기분 좋아…,아… 기분 좋아…,,18.95,T4,구조검사 통과 시 유지,,44.07051282051282,29.5,P4,회귀검사 통과 시 유지
ABF-303,원문·사진 검증본,887,"01:49:00,430 --> 01:49:02,750",2.32,아…,아… 좋아… 더 해 줘…,거기…,반응형,,,,,88.0,90.0,50.0,78.0,12.0,0.15516,10.78,14.0,0.0,0.0,0.7398,"싫어, 아… 아… 아…",싫어… 아… 아…,일본어 원문 대조 + 자연스러운 한국어 대사 교정,11.42,T4,구조검사 통과 시 유지,,15.464743589743591,13.12,P4,회귀검사 통과 시 유지
ABF-303,원문·사진 검증본,888,"01:49:03,450 --> 01:49:06,370",2.92,거기…,아…,아… 기분 좋아…,중립·혼합형,,,,,88.0,90.0,50.0,78.0,12.0,0.15507,0.0,14.0,0.0,0.0,0.2148,아… 기분 좋아. 아… 거기 거기.,"아… 좋아. 거기, 거기.",일본어 원문 대조 + 자연스러운 한국어 대사 교정,9.47,T4,구조검사 통과 시 유지,,9.455128205128204,9.46,P4,회귀검사 통과 시 유지
ABF-303,원문·사진 검증본,889,"01:49:06,370 --> 01:49:34,840",28.47,아… 기분 좋아…,거기…,배에 힘 줘.,반응형,,,,,88.0,90.0,50.0,78.0,12.0,0.45555,9.15,14.0,0.0,0.0,0.7262,아- 기분 좋아…,아… 기분 좋아…,,23.74,T4,구조검사 통과 시 유지,,70.75320512820514,43.49,P3,말투·질문응답·가독성 위주 검토
ABF-303,원문·사진 검증본,890,"01:49:34,840 --> 01:49:34,860",0.02,배에 힘 줘.,아… 기분 좋아…,힘 줘.,중립·혼합형,,,일본어 원문 대조 + 자연스러운 한국어 대사 교정,높음,96.0,90.0,50.0,92.0,4.0,0.77923,0.0,5.0,70.0,0.0,0.45,배에 힘을 주세요.,힘 줘.,일본어 원문 대조 + 자연스러운 한국어 대사 교정,29.35,T4,구조검사 통과 시 유지,high_cps,86.37820512820514,53.3,P3,말투·질문응답·가독성 위주 검토
ABF-303,원문·사진 검증본,891,"01:49:34,860 --> 01:49:38,500",3.64,힘 줘.,배에 힘 줘.,괜찮아요.,중립·혼합형,,,일본어 원문 대조 + 자연스러운 한국어 대사 교정,높음,96.0,90.0,50.0,92.0,4.0,0.546,0.0,5.0,0.0,0.0,0.4076,좀 더 해 줘.,보여?,일본어 원문 + 타임스탬프 사진 + 장면 연속성,17.26,T4,구조검사 통과 시 유지,,36.49839743589743,25.34,P4,회귀검사 통과 시 유지
ABF-303,원문·사진 검증본,892,"01:49:52,790 --> 01:49:54,170",1.38,괜찮아요.,힘 줘.,배에 힘 줘.,반응형,,,,,88.0,90.0,50.0,78.0,12.0,0.42628,13.44,14.0,0.0,0.0,0.762,말해도 괜찮아요.,"괜찮아, 계속해.",일본어 원문 대조 + 자연스러운 한국어 대사 교정,23.28,T4,구조검사 통과 시 유지,,68.26923076923077,42.18,P3,말투·질문응답·가독성 위주 검토
ABF-303,원문·사진 검증본,893,"01:49:54,170 --> 01:49:54,850",0.68,배에 힘 줘.,괜찮아요.,기분 좋아.,중립·혼합형,,,일본어 원문 대조 + 자연스러운 한국어 대사 교정,높음,96.0,90.0,50.0,92.0,4.0,0.5092,0.0,5.0,0.0,0.0,0.45,배에 힘을 주세요.,힘 줘.,일본어 원문 대조 + 자연스러운 한국어 대사 교정,16.15,T4,구조검사 통과 시 유지,,31.169871794871796,22.46,P4,회귀검사 통과 시 유지
ABF-303,원문·사진 검증본,894,"01:50:02,530 --> 01:50:03,450",0.92,기분 좋아.,배에 힘 줘.,기분 좋아.,반응형,,,,,88.0,90.0,50.0,78.0,12.0,0.33153,42.0,14.0,0.0,0.0,1.0,기분 좋아.,"아, 좋아.",화면 영문 자막 대조,24.44,T4,구조검사 통과 시 유지,,73.59775641025641,45.09,P3,말투·질문응답·가독성 위주 검토
ABF-303,원문·사진 검증본,895,"01:50:46,800 --> 01:50:47,460",0.66,기분 좋아.,기분 좋아.,기분 좋아.,반응형,,,,,88.0,90.0,50.0,78.0,12.0,0.24639,42.0,14.0,0.0,30.0,1.0,기분 좋아.,"아, 좋아.",화면 영문 자막 대조,23.27,T4,구조검사 통과 시 유지,triple_identical_run,68.18910256410257,42.14,P3,말투·질문응답·가독성 위주 검토
ABF-303,원문·사진 검증본,896,"01:50:47,660 --> 01:51:18,590",30.93,기분 좋아.,기분 좋아.,나는 이게 좋아.,반응형,,,,,88.0,90.0,50.0,78.0,12.0,0.26951,42.0,14.0,0.0,0.0,1.0,기분 좋아.,"아, 좋아.",화면 영문 자막 대조,21.84,T4,구조검사 통과 시 유지,,61.53846153846154,38.51,P4,회귀검사 통과 시 유지
ABF-303,원문·사진 검증본,897,"01:51:33,990 --> 01:51:34,610",0.62,나는 이게 좋아.,기분 좋아.,"아아, 기분 좋아…",반응형,,,,,88.0,90.0,50.0,78.0,12.0,0.28396,17.55,14.0,0.0,0.0,0.7963,이게 좋아.,이렇게 하는 게 좋아.,손상된 일본어 ASR + 타임스탬프 사진 + 앞뒤 문맥 추론,18.05,T4,구조검사 통과 시 유지,,40.38461538461539,27.43,P4,회귀검사 통과 시 유지
ABF-303,원문·사진 검증본,898,"01:51:34,610 --> 01:51:36,590",1.98,"아아, 기분 좋아…",나는 이게 좋아.,아하하하…,반응형,,,,,88.0,90.0,50.0,78.0,12.0,0.2484,0.0,14.0,0.0,0.0,0.6093,아- 기분 좋아…,아… 기분 좋아…,,13.39,T4,구조검사 통과 시 유지,,21.233974358974358,16.68,P4,회귀검사 통과 시 유지
ABF-303,원문·사진 검증본,899,"01:51:40,210 --> 01:51:41,070",0.86,아하하하…,"아아, 기분 좋아…",아하…,반응형,,,,,88.0,90.0,50.0,78.0,12.0,0.15619,0.0,14.0,0.0,0.0,0.0464,"아, 아, 아, 아…","아, 아, 아…",일본어 원문 대조 + 자연스러운 한국어 대사 교정,9.52,T4,구조검사 통과 시 유지,,9.735576923076923,9.61,P4,회귀검사 통과 시 유지
ABF-303,원문·사진 검증본,900,"01:51:58,510 --> 01:52:00,590",2.08,아하…,아하하하…,응.,반응형,,,,,88.0,90.0,50.0,78.0,12.0,0.23823,0.0,14.0,0.0,0.0,0.0679,"아, 아, 아, 아…","아, 아, 아…",일본어 원문 대조 + 자연스러운 한국어 대사 교정,12.97,T4,구조검사 통과 시 유지,,19.51121794871795,15.72,P4,회귀검사 통과 시 유지
ABF-303,원문·사진 검증본,901,"01:52:51,800 --> 01:52:52,060",0.26,응.,아하…,"아아, 기분 좋아.",반응형,,,,,88.0,90.0,50.0,78.0,12.0,0.03556,0.0,14.0,0.0,0.0,0.4286,"하-, 응.",하아… 응.,,4.45,T4,구조검사 통과 시 유지,,1.282051282051282,3.12,P4,회귀검사 통과 시 유지
ABF-303,원문·사진 검증본,902,"01:52:52,060 --> 01:52:59,720",7.66,"아아, 기분 좋아.",응.,발목을 잡아 줘요.,반응형,,,,,88.0,90.0,50.0,78.0,12.0,0.26116,7.5,14.0,0.0,0.0,0.7125,기분 좋아.,"아, 좋아.",화면 영문 자막 대조,15.28,T4,구조검사 통과 시 유지,,27.724358974358974,20.51,P4,회귀검사 통과 시 유지
ABF-303,원문·사진 검증본,903,"01:53:10,520 --> 01:53:12,300",1.78,발목을 잡아 줘요.,"아아, 기분 좋아.",예쁘네.,반응형,,,,,88.0,90.0,50.0,78.0,12.0,0.34148,0.0,14.0,0.0,0.0,0.2591,내가 잡아 줄게.,목욕하면서…,일본어 원문 + 타임스탬프 사진 + 장면 연속성,17.3,T4,구조검사 통과 시 유지,,36.97916666666667,25.57,P4,회귀검사 통과 시 유지
ABF-303,원문·사진 검증본,904,"01:53:17,470 --> 01:53:18,390",0.92,예쁘네.,발목을 잡아 줘요.,"아아, 기분 좋아.",반말형,,,,,88.0,90.0,50.0,78.0,12.0,0.15742,23.65,14.0,0.0,0.0,0.8471,이거 예쁘네.,손으로 가리지 마.,일본어 원문 + 타임스탬프 사진 + 장면 연속성,13.83,T4,구조검사 통과 시 유지,,22.716346153846153,17.56,P4,회귀검사 통과 시 유지
ABF-303,원문·사진 검증본,905,"01:53:32,720 --> 01:53:34,380",1.66,"아아, 기분 좋아.",예쁘네.,기분 좋아.,반응형,,,,,88.0,90.0,50.0,78.0,12.0,0.34637,7.5,14.0,0.0,0.0,0.7125,기분 좋아.,"아, 좋아.",화면 영문 자막 대조,18.86,T4,구조검사 통과 시 유지,,43.99038461538461,29.41,P4,회귀검사 통과 시 유지
ABF-303,원문·사진 검증본,906,"01:53:55,720 --> 01:53:57,180",1.46,기분 좋아.,"아아, 기분 좋아.","대박, 거기…",반응형,,,,,88.0,90.0,50.0,78.0,12.0,0.14108,42.0,14.0,0.0,0.0,1.0,기분 좋아.,"아, 좋아.",화면 영문 자막 대조,16.45,T4,구조검사 통과 시 유지,,31.971153846153843,22.97,P4,회귀검사 통과 시 유지
ABF-303,원문·사진 검증본,907,"01:53:57,520 --> 01:54:00,020",2.5,"대박, 거기…",기분 좋아.,대단해.,중립·혼합형,,,,,88.0,90.0,50.0,78.0,12.0,0.30802,0.0,14.0,0.0,0.0,0.4015,"대박, 유두는 커져 있어.","대박, 젖꼭지도 딱 섰네.",,15.9,T4,구조검사 통과 시 유지,,29.967948717948715,21.81,P4,회귀검사 통과 시 유지
ABF-303,원문·사진 검증본,908,"01:54:03,120 --> 01:54:04,520",1.4,대단해.,"대박, 거기…",조금 쉴게.,반말형,,,,,88.0,90.0,50.0,78.0,12.0,0.2932,42.0,14.0,0.0,0.0,1.0,대단해.,기분 좋네.,일본어 원문 + 타임스탬프 사진 + 장면 연속성,22.83,T4,구조검사 통과 시 유지,,66.34615384615384,41.11,P3,말투·질문응답·가독성 위주 검토
ABF-303,원문·사진 검증본,909,"01:55:21,300 --> 01:55:22,480",1.18,조금 쉴게.,대단해.,물이 다 빠졌네.,중립·혼합형,,,일본어 원문 대조 + 자연스러운 한국어 대사 교정,높음,96.0,90.0,50.0,92.0,4.0,0.72964,0.0,5.0,0.0,0.0,0.4598,조금 쉴게요.,조금 쉴게.,일본어 원문 대조 + 자연스러운 한국어 대사 교정,22.81,T4,구조검사 통과 시 유지,,66.22596153846155,41.04,P3,말투·질문응답·가독성 위주 검토
ABF-303,원문·사진 검증본,910,"01:55:23,620 --> 01:55:25,000",1.38,물이 다 빠졌네.,조금 쉴게.,하아… 이제 좀 정신이 들어.,반말형,,,,,88.0,90.0,50.0,78.0,12.0,0.71439,0.0,14.0,0.0,0.0,0.2264,뜨거운 물이 나오는 것 같아.,같이 목욕하니까 좋다.,일본어 원문 + 타임스탬프 사진 + 장면 연속성,32.96,T4,구조검사 통과 시 유지,,92.38782051282051,57.92,P3,말투·질문응답·가독성 위주 검토
ABF-303,원문·사진 검증본,911,"01:55:56,030 --> 01:56:12,090",16.06,하아… 이제 좀 정신이 들어.,물이 다 빠졌네.,대박…,반응형,,,일본어 원문 대조 + 자연스러운 한국어 대사 교정,높음,96.0,90.0,50.0,92.0,4.0,0.81282,6.43,5.0,0.0,0.0,0.7036,하아… 이제 좀 정신이 드네.,하아… 이제 좀 정신이 들어.,일본어 원문 대조 + 자연스러운 한국어 대사 교정,26.16,T4,구조검사 통과 시 유지,,79.48717948717949,48.56,P3,말투·질문응답·가독성 위주 검토
ABF-303,원문·사진 검증본,912,"01:56:16,420 --> 01:56:17,700",1.28,대박…,하아… 이제 좀 정신이 들어.,대박이었어. 진짜 너무 좋았어.,중립·혼합형,,,,,88.0,90.0,50.0,78.0,12.0,0.39569,0.0,14.0,0.0,0.0,0.1613,오~ 대박 대박 대박. 장난 아니네.,오… 대박 대박 대박. 장난 아니네.,,19.58,T4,구조검사 통과 시 유지,,47.71634615384615,31.4,P4,회귀검사 통과 시 유지
ABF-303,원문·사진 검증본,913,"01:56:42,310 --> 01:56:49,590",7.28,대박이었어. 진짜 너무 좋았어.,대박…,아직 남아 있어?,반응형,,,일본어 원문 대조 + 자연스러운 한국어 대사 교정,높음,96.0,90.0,50.0,92.0,4.0,0.77578,0.0,5.0,0.0,0.0,0.4008,대박이다. 장난 아니었어. 엄청나게 좋았어.,대박이었어. 진짜 너무 좋았어.,일본어 원문 대조 + 자연스러운 한국어 대사 교정,24.21,T4,구조검사 통과 시 유지,,72.59615384615384,44.53,P3,말투·질문응답·가독성 위주 검토
ABF-303,원문·사진 검증본,914,"01:56:50,730 --> 01:56:51,910",1.18,아직 남아 있어?,대박이었어. 진짜 너무 좋았어.,조금 남았을지도.,반응형,,,손상된 일본어 ASR + 타임스탬프 사진 + 앞뒤 문맥 추론,중간,38.0,78.0,50.0,78.0,62.0,0.65445,0.0,14.0,0.0,0.0,0.4209,자고 있어?,땀나?,사진 장면 확인 및 한국어 번역투·ASR 오역 교정,33.45,T4,구조검사 통과 시 유지,,93.34935897435898,58.61,P2,앞뒤 5블록·사진·오류 기억을 함께 검토
ABF-303,원문·사진 검증본,915,"01:56:52,510 --> 01:56:53,870",1.36,조금 남았을지도.,아직 남아 있어?,신진대사가 좋은가 봐.,반말형,,,손상된 일본어 ASR + 타임스탬프 사진 + 앞뒤 문맥 추론,중간,38.0,78.0,50.0,78.0,62.0,0.66371,0.0,14.0,0.0,0.0,0.4154,남았었을지도.,조금 남았을지도.,손상된 일본어 ASR + 타임스탬프 사진 + 앞뒤 문맥 추론,33.84,T4,구조검사 통과 시 유지,,93.8701923076923,59.05,P2,앞뒤 5블록·사진·오류 기억을 함께 검토
ABF-303,원문·사진 검증본,916,"01:56:56,570 --> 01:56:57,890",1.32,신진대사가 좋은가 봐.,조금 남았을지도.,내가 신진대사가 좋은 건가?,중립·혼합형,,,일본어 원문 대조 + 자연스러운 한국어 대사 교정,높음,96.0,90.0,50.0,92.0,4.0,0.70068,0.0,5.0,0.0,0.0,0.4558,이 자세가 좋은가 봐.,신진대사가 좋은가 봐.,일본어 원문 대조 + 자연스러운 한국어 대사 교정,21.94,T4,구조검사 통과 시 유지,,62.25961538461539,38.87,P4,회귀검사 통과 시 유지
ABF-303,원문·사진 검증본,917,"01:56:58,510 --> 01:57:00,050",1.54,내가 신진대사가 좋은 건가?,신진대사가 좋은가 봐.,괜찮아?,중립·혼합형,,,일본어 원문 대조 + 자연스러운 한국어 대사 교정,높음,96.0,90.0,50.0,92.0,4.0,0.67881,0.0,5.0,0.0,0.0,0.176,"좋은 느낌? 응, 좋은 느낌.","괜찮아? 응, 좋아.",일본어 원문 대조 + 자연스러운 한국어 대사 교정,21.28,T4,구조검사 통과 시 유지,,57.65224358974359,36.56,P4,회귀검사 통과 시 유지
ABF-303,원문·사진 검증본,918,"01:57:06,350 --> 01:57:07,050",0.7,괜찮아?,내가 신진대사가 좋은 건가?,땀이 엄청나네.,반응형,,,,,88.0,90.0,50.0,78.0,12.0,0.2012,0.0,14.0,0.0,0.0,0.5244,더 해줘도 돼? 더 해줘. 괜찮아?,더 해 줘도 돼? 더 해 줘. 괜찮아?,,11.41,T4,구조검사 통과 시 유지,,15.344551282051283,13.06,P4,회귀검사 통과 시 유지
ABF-303,원문·사진 검증본,919,"01:57:10,950 --> 01:57:12,410",1.46,땀이 엄청나네.,괜찮아?,대박이었어.,반말형,,,손상된 일본어 ASR + 타임스탬프 사진 + 앞뒤 문맥 추론,중간,38.0,78.0,50.0,78.0,62.0,0.40897,0.0,14.0,0.0,0.0,0.4143,엄청나네요.,"와, 정말 크네요.",대형 선박 장면에 맞는 표현 교정,23.14,T4,구조검사 통과 시 유지,,67.38782051282051,41.72,P3,말투·질문응답·가독성 위주 검토
ABF-303,원문·사진 검증본,920,"01:57:13,830 --> 01:57:15,070",1.24,대박이었어.,땀이 엄청나네.,잠깐만.,반응형,,,,,88.0,90.0,50.0,78.0,12.0,0.37801,0.0,14.0,0.0,0.0,0.2235,대박이다. 장난 아니었어. 엄청나게 좋았어.,대박이었어. 진짜 너무 좋았어.,일본어 원문 대조 + 자연스러운 한국어 대사 교정,18.84,T4,구조검사 통과 시 유지,,43.7900641025641,29.32,P4,회귀검사 통과 시 유지
ABF-303,원문·사진 검증본,921,"01:57:28,180 --> 01:57:28,720",0.54,잠깐만.,대박이었어.,응.,반응형,,,,,88.0,90.0,50.0,78.0,12.0,0.32954,13.33,14.0,0.0,0.0,0.7611,하아… 잠깐만.,목욕물 받아 놓은 거지?,일본어 원문 + 타임스탬프 사진 + 장면 연속성,19.2,T4,구조검사 통과 시 유지,,45.43269230769231,30.22,P4,회귀검사 통과 시 유지
ABF-303,원문·사진 검증본,922,"01:57:29,180 --> 01:57:29,640",0.46,응.,잠깐만.,음?,반응형,,,,,88.0,90.0,50.0,78.0,12.0,0.07589,0.0,14.0,0.0,0.0,0.4286,"하-, 응.",하아… 응.,,6.15,T4,구조검사 통과 시 유지,,3.5256410256410255,5.05,P4,회귀검사 통과 시 유지
ABF-303,원문·사진 검증본,923,"01:57:38,920 --> 01:57:38,960",0.04,음?,응.,다리 폈어?,중립·혼합형,,,,,88.0,90.0,50.0,78.0,12.0,0.14833,0.0,14.0,70.0,0.0,0.1045,음...,음…,,16.19,T4,구조검사 통과 시 유지,high_cps,31.330128205128204,22.55,P4,회귀검사 통과 시 유지
ABF-303,원문·사진 검증본,924,"01:57:44,260 --> 01:57:44,860",0.6,다리 폈어?,음?,쭉 편 거야?,반응형,,,일본어 원문 대조 + 자연스러운 한국어 대사 교정,높음,96.0,90.0,50.0,92.0,4.0,0.35567,0.0,5.0,0.0,0.0,0.2514,다리 내려...,다리 내려…,,11.5,T4,구조검사 통과 시 유지,,15.865384615384615,13.33,P4,회귀검사 통과 시 유지
ABF-303,원문·사진 검증본,925,"01:57:47,440 --> 01:57:48,160",0.72,쭉 편 거야?,다리 폈어?,"응, 쭉 폈어.",반말형,,,일본어 원문 대조 + 자연스러운 한국어 대사 교정,높음,96.0,90.0,50.0,92.0,4.0,0.44839,0.0,5.0,0.0,0.0,0.3585,끼우는 거야?,끼는 거지?,일본어 원문 대조 + 자연스러운 한국어 대사 교정,14.31,T4,구조검사 통과 시 유지,,24.439102564102562,18.56,P4,회귀검사 통과 시 유지
ABF-303,원문·사진 검증본,926,"01:57:48,200 --> 01:57:49,700",1.5,"응, 쭉 폈어.",쭉 편 거야?,응.,반응형,,,일본어 원문 대조 + 자연스러운 한국어 대사 교정,높음,96.0,90.0,50.0,92.0,4.0,0.5015,0.0,5.0,0.0,0.0,0.2405,"응, 입을 수 있어.","응, 정말 잘 어울려.",타임스탬프 사진과 앞뒤 장면으로 대사 기능 복원,15.91,T4,구조검사 통과 시 유지,,30.048076923076923,21.85,P4,회귀검사 통과 시 유지
ABF-303,원문·사진 검증본,927,"01:58:25,540 --> 01:58:25,940",0.4,응.,"응, 쭉 폈어.",뭐 하고 있어?,반응형,,,,,88.0,90.0,50.0,78.0,12.0,0.09294,0.0,14.0,0.0,0.0,0.4286,"하-, 응.",하아… 응.,,6.86,T4,구조검사 통과 시 유지,,4.206730769230769,5.75,P4,회귀검사 통과 시 유지
ABF-303,원문·사진 검증본,928,"01:58:25,940 --> 01:58:26,340",0.4,뭐 하고 있어?,응.,음?,반응형,,,,,88.0,90.0,50.0,78.0,12.0,0.40898,0.0,14.0,0.0,0.0,0.5214,자고 있어?,땀나?,사진 장면 확인 및 한국어 번역투·ASR 오역 교정,20.14,T4,구조검사 통과 시 유지,,50.681089743589745,32.97,P4,회귀검사 통과 시 유지
ABF-303,원문·사진 검증본,929,"01:58:27,280 --> 01:58:27,680",0.4,음?,뭐 하고 있어?,이 닦고 있어.,중립·혼합형,,,,,88.0,90.0,50.0,78.0,12.0,0.15812,0.0,14.0,0.0,0.0,0.1045,음...,음…,,9.6,T4,구조검사 통과 시 유지,,9.935897435897436,9.74,P4,회귀검사 통과 시 유지
ABF-303,원문·사진 검증본,930,"01:58:28,260 --> 01:58:29,260",1.0,이 닦고 있어.,음?,응.,반응형,,,,,88.0,90.0,50.0,78.0,12.0,0.35525,0.0,14.0,0.0,0.0,0.371,뒤에 있어.,뒤쪽도 보여 줘.,일본어 원문 대조 + 자연스러운 한국어 대사 교정,17.88,T4,구조검사 통과 시 유지,,39.703525641025635,27.05,P4,회귀검사 통과 시 유지
ABF-303,원문·사진 검증본,931,"01:58:29,520 --> 01:58:29,680",0.16,응.,이 닦고 있어.,이제 잘 거지?,반응형,,,,,88.0,90.0,50.0,78.0,12.0,0.04746,0.0,14.0,0.0,0.0,0.4286,"하-, 응.",하아… 응.,,4.95,T4,구조검사 통과 시 유지,,2.1634615384615383,3.78,P4,회귀검사 통과 시 유지
ABF-303,원문·사진 검증본,932,"01:58:31,760 --> 01:58:32,860",1.1,이제 잘 거지?,응.,잘 거야?,반말형,,,,,88.0,90.0,50.0,78.0,12.0,0.34239,24.05,14.0,0.0,0.0,0.8504,잘 거지?,갈 수 있지?,사진 장면 확인 및 한국어 번역투·ASR 오역 교정,21.67,T4,구조검사 통과 시 유지,,59.93589743589743,37.74,P4,회귀검사 통과 시 유지
ABF-303,원문·사진 검증본,933,"01:58:33,560 --> 01:58:33,980",0.42,잘 거야?,이제 잘 거지?,응.,반말형,,,,,88.0,90.0,50.0,78.0,12.0,0.27735,0.0,14.0,0.0,0.0,0.4892,끼우는 거야?,끼는 거지?,일본어 원문 대조 + 자연스러운 한국어 대사 교정,14.61,T4,구조검사 통과 시 유지,,25.68108974358974,19.26,P4,회귀검사 통과 시 유지
ABF-303,원문·사진 검증본,934,"01:58:34,600 --> 01:58:34,860",0.26,응.,잘 거야?,안쪽에 뭐가 있지?,반응형,,,,,88.0,90.0,50.0,78.0,12.0,0.05608,0.0,14.0,0.0,0.0,0.4286,"하-, 응.",하아… 응.,,5.32,T4,구조검사 통과 시 유지,,2.564102564102564,4.16,P4,회귀검사 통과 시 유지
ABF-303,원문·사진 검증본,935,"01:58:41,740 --> 01:58:42,840",1.1,안쪽에 뭐가 있지?,응.,세면대가.,반말형,,,,,88.0,90.0,50.0,78.0,16.0,0.57227,0.0,14.0,0.0,0.0,0.2476,안쪽에 넣을 테니 바깥쪽을 중심으로 해 주세요.,"안쪽은 내가 할 테니까, 바깥쪽을 계속 만져 줘.",타임스탬프 사진과 앞뒤 장면으로 대사 기능 복원,27.24,T4,구조검사 통과 시 유지,,81.97115384615384,50.23,P3,말투·질문응답·가독성 위주 검토
ABF-303,원문·사진 검증본,936,"01:58:43,260 --> 01:58:44,220",0.96,세면대가.,안쪽에 뭐가 있지?,"어, 그거.",중립·혼합형,,,,,88.0,90.0,50.0,78.0,12.0,0.20969,0.0,14.0,0.0,0.0,0.0998,두 번째도 횟수를 세면서 해볼게요.,두 번째도 횟수를 세면서 해 볼게요.,,11.77,T4,구조검사 통과 시 유지,,16.506410256410255,13.76,P4,회귀검사 통과 시 유지
ABF-303,원문·사진 검증본,937,"01:58:45,420 --> 01:58:46,040",0.62,"어, 그거.",세면대가.,잘 거니까 한 번에.,반응형,,,,,88.0,90.0,50.0,78.0,12.0,0.2498,0.0,14.0,0.0,0.0,0.314,"어, 뭐 좀 해 줘.",양치 좀 해 줘.,손상된 일본어 ASR + 타임스탬프 사진 + 앞뒤 문맥 추론,13.45,T4,구조검사 통과 시 유지,,21.474358974358974,16.82,P4,회귀검사 통과 시 유지
ABF-303,원문·사진 검증본,938,"01:58:46,040 --> 01:58:46,720",0.68,잘 거니까 한 번에.,"어, 그거.",완전 한 번에.,중립·혼합형,,,,,88.0,90.0,50.0,78.0,12.0,0.38866,0.0,14.0,0.0,0.0,0.1829,여기 오면 항상 즐기는 거니까요.,여기 오면 늘 낚시를 즐기거든요.,대화체 자연화,19.28,T4,구조검사 통과 시 유지,,45.753205128205124,30.4,P4,회귀검사 통과 시 유지
ABF-303,원문·사진 검증본,939,"01:58:47,000 --> 01:58:47,480",0.48,완전 한 번에.,잘 거니까 한 번에.,응.,중립·혼합형,,,,,88.0,90.0,50.0,78.0,12.0,0.34643,0.0,14.0,0.0,0.0,0.2993,완전 초보.,입 벌려.,손상된 일본어 ASR + 타임스탬프 사진 + 앞뒤 문맥 추론,17.51,T4,구조검사 통과 시 유지,,37.74038461538461,26.01,P4,회귀검사 통과 시 유지
ABF-303,원문·사진 검증본,940,"01:58:47,760 --> 01:58:48,000",0.24,응.,완전 한 번에.,이게 뭐야.,반응형,,,,,88.0,90.0,50.0,78.0,12.0,0.03349,0.0,14.0,0.0,0.0,0.4286,"하-, 응.",하아… 응.,,4.37,T4,구조검사 통과 시 유지,,1.1217948717948718,3.01,P4,회귀검사 통과 시 유지
ABF-303,원문·사진 검증본,941,"01:58:48,700 --> 01:58:49,360",0.66,이게 뭐야.,응.,"어라, 물 채우는 건가?",반말형,,,,,88.0,90.0,50.0,78.0,12.0,0.26264,0.0,14.0,0.0,0.0,0.4469,이게 좋아.,이렇게 하는 게 좋아.,손상된 일본어 ASR + 타임스탬프 사진 + 앞뒤 문맥 추론,13.99,T4,구조검사 통과 시 유지,,23.23717948717949,17.87,P4,회귀검사 통과 시 유지
ABF-303,원문·사진 검증본,942,"01:58:50,720 --> 01:58:51,660",0.94,"어라, 물 채우는 건가?",이게 뭐야.,탕이 있네.,반응형,,,,,88.0,90.0,50.0,78.0,12.0,0.48144,0.0,14.0,0.0,0.0,0.3255,"어라, 안 들어갔어.","어라, 아직 안 들어갔어.",일본어 원문 대조 + 자연스러운 한국어 대사 교정,23.18,T4,구조검사 통과 시 유지,,67.46794871794873,41.78,P3,말투·질문응답·가독성 위주 검토
ABF-303,원문·사진 검증본,943,"01:58:51,840 --> 01:58:52,040",0.2,탕이 있네.,"어라, 물 채우는 건가?",나쁘지 않네.,반말형,,,,,88.0,90.0,50.0,78.0,12.0,0.38174,0.0,14.0,55.0,0.0,0.4016,제대로 돼 있네.,제대로 가려지네.,일본어 원문 대조 + 자연스러운 한국어 대사 교정,24.49,T4,구조검사 통과 시 유지,high_cps,73.83814102564102,45.22,P3,말투·질문응답·가독성 위주 검토
ABF-303,원문·사진 검증본,944,"01:58:52,400 --> 01:58:53,880",1.48,나쁘지 않네.,탕이 있네.,다행이다.,반말형,,,,,88.0,90.0,50.0,78.0,12.0,0.32468,0.0,14.0,0.0,0.0,0.4136,들어가지 않네.,잘 안 들어가네.,,16.6,T4,구조검사 통과 시 유지,,32.93269230769231,23.46,P4,회귀검사 통과 시 유지
ABF-303,원문·사진 검증본,945,"01:58:54,300 --> 01:58:54,840",0.54,다행이다.,나쁘지 않네.,응.,중립·혼합형,,,,,88.0,90.0,50.0,78.0,12.0,0.17487,0.0,14.0,0.0,0.0,0.566,다행이다!,환영해!,사진 장면 확인 및 한국어 번역투·ASR 오역 교정,10.3,T4,구조검사 통과 시 유지,,12.299679487179487,11.14,P4,회귀검사 통과 시 유지
ABF-303,원문·사진 검증본,946,"01:58:55,160 --> 01:58:55,360",0.2,응.,다행이다.,내일은 편해?,반응형,,,,,88.0,90.0,50.0,78.0,12.0,0.03307,0.0,14.0,0.0,0.0,0.4286,"하-, 응.",하아… 응.,,4.35,T4,구조검사 통과 시 유지,,1.001602564102564,2.94,P4,회귀검사 통과 시 유지
ABF-303,원문·사진 검증본,947,"01:58:56,320 --> 01:58:57,040",0.72,내일은 편해?,응.,응 응.,반말형,,,,,88.0,90.0,50.0,78.0,12.0,0.30221,0.0,14.0,0.0,0.0,0.107,원해?,만져 줬으면 해?,일본어 원문 대조 + 자연스러운 한국어 대사 교정,15.65,T4,구조검사 통과 시 유지,,29.086538461538463,21.29,P4,회귀검사 통과 시 유지
ABF-303,원문·사진 검증본,948,"01:58:57,200 --> 01:58:57,660",0.46,응 응.,내일은 편해?,응.,반응형,,,,,88.0,90.0,50.0,78.0,12.0,0.15312,0.0,14.0,0.0,0.0,0.2961,"하-, 응.",하아… 응.,,9.39,T4,구조검사 통과 시 유지,,9.375,9.38,P4,회귀검사 통과 시 유지
ABF-303,원문·사진 검증본,949,"01:58:57,660 --> 01:58:57,760",0.1,응.,응 응.,잘 거야?,반응형,,,,,88.0,90.0,50.0,78.0,12.0,0.05963,0.0,14.0,25.0,0.0,0.4286,"하-, 응.",하아… 응.,,7.96,T4,구조검사 통과 시 유지,borderline_cps,5.809294871794872,7.06,P4,회귀검사 통과 시 유지
ABF-303,원문·사진 검증본,950,"01:58:59,840 --> 01:59:00,420",0.58,잘 거야?,응.,에엣.,반말형,,,,,88.0,90.0,50.0,78.0,12.0,0.31157,0.0,14.0,0.0,0.0,0.4892,끼우는 거야?,끼는 거지?,일본어 원문 대조 + 자연스러운 한국어 대사 교정,16.05,T4,구조검사 통과 시 유지,,30.528846153846157,22.13,P4,회귀검사 통과 시 유지
ABF-303,원문·사진 검증본,951,"01:59:12,480 --> 01:59:13,440",0.96,에엣.,잘 거야?,응.,중립·혼합형,,,,,88.0,90.0,50.0,78.0,12.0,0.22094,0.0,14.0,0.0,0.0,0.0697,에에!,좋아!,사진 장면 확인 및 한국어 번역투·ASR 오역 교정,12.24,T4,구조검사 통과 시 유지,,17.307692307692307,14.37,P4,회귀검사 통과 시 유지
ABF-303,원문·사진 검증본,952,"01:59:13,780 --> 01:59:14,260",0.48,응.,에엣.,양치 좀 해 줘.,반응형,,,,,88.0,90.0,50.0,78.0,12.0,0.0987,0.0,14.0,0.0,0.0,0.4286,"하-, 응.",하아… 응.,,7.11,T4,구조검사 통과 시 유지,,4.567307692307692,6.04,P4,회귀검사 통과 시 유지
ABF-303,원문·사진 검증본,953,"01:59:23,060 --> 01:59:23,820",0.76,양치 좀 해 줘.,응.,칫솔은?,반말형,,,손상된 일본어 ASR + 타임스탬프 사진 + 앞뒤 문맥 추론,중간,38.0,78.0,50.0,78.0,62.0,0.71088,0.0,14.0,0.0,0.0,0.5458,좀 더 해 줘.,보여?,일본어 원문 + 타임스탬프 사진 + 장면 연속성,35.82,T3,화자·문맥·자연스러움 집중 검토,,95.91346153846155,61.06,P2,앞뒤 5블록·사진·오류 기억을 함께 검토
ABF-303,원문·사진 검증본,954,"01:59:39,800 --> 01:59:40,600",0.8,칫솔은?,양치 좀 해 줘.,응.,중립·혼합형,,,일본어 원문 대조 + 자연스러운 한국어 대사 교정,높음,96.0,90.0,50.0,92.0,4.0,0.47062,0.0,5.0,0.0,0.0,0.122,시속은?,시속으로는?,일본어 원문 대조 + 자연스러운 한국어 대사 교정,14.98,T4,구조검사 통과 시 유지,,26.602564102564102,19.86,P4,회귀검사 통과 시 유지
ABF-303,원문·사진 검증본,955,"01:59:41,840 --> 01:59:42,300",0.46,응.,칫솔은?,입 벌려.,반응형,,,,,88.0,90.0,50.0,78.0,12.0,0.07332,0.0,14.0,0.0,0.0,0.4286,"하-, 응.",하아… 응.,,6.04,T4,구조검사 통과 시 유지,,3.2852564102564106,4.88,P4,회귀검사 통과 시 유지
ABF-303,원문·사진 검증본,956,"01:59:42,880 --> 01:59:43,680",0.8,입 벌려.,응.,어릴 때 엄마가 닦아 줬어? 응.,중립·혼합형,,,손상된 일본어 ASR + 타임스탬프 사진 + 앞뒤 문맥 추론,중간,38.0,78.0,50.0,78.0,62.0,0.49683,0.0,14.0,0.0,0.0,0.3567,다리를 벌려...,다리를 벌려…,,26.83,T4,구조검사 통과 시 유지,,81.08974358974359,49.62,P3,말투·질문응답·가독성 위주 검토
ABF-303,원문·사진 검증본,957,"02:00:03,460 --> 02:00:09,400",5.94,어릴 때 엄마가 닦아 줬어? 응.,입 벌려.,어릴 때? 응.,중립·혼합형,,,일본어 원문 대조 + 자연스러운 한국어 대사 교정,높음,96.0,90.0,50.0,92.0,4.0,0.73484,0.0,5.0,0.0,0.0,0.445,엄마가 닦아줬었어? 응.,어릴 때 엄마가 닦아 줬어? 응.,일본어 원문 대조 + 자연스러운 한국어 대사 교정,22.97,T4,구조검사 통과 시 유지,,67.02724358974359,41.47,P3,말투·질문응답·가독성 위주 검토
ABF-303,원문·사진 검증본,958,"02:00:10,380 --> 02:00:14,540",4.16,어릴 때? 응.,어릴 때 엄마가 닦아 줬어? 응.,그럼 내가 매일 닦아 줄게.,반응형,,,,,88.0,90.0,50.0,78.0,12.0,0.57497,0.0,14.0,0.0,0.0,0.174,유두? 응.,젖꼭지? 응.,,27.11,T4,구조검사 통과 시 유지,,81.49038461538461,49.95,P3,말투·질문응답·가독성 위주 검토
ABF-303,원문·사진 검증본,959,"02:00:15,840 --> 02:00:17,680",1.84,그럼 내가 매일 닦아 줄게.,어릴 때? 응.,"괜찮으려나? 왜?
잘 닦이고 있어?",반응형,,,일본어 원문 대조 + 자연스러운 한국어 대사 교정,높음,96.0,90.0,50.0,92.0,4.0,0.71517,0.0,5.0,0.0,0.0,0.5495,내가 잡아 줄게.,목욕하면서…,일본어 원문 + 타임스탬프 사진 + 장면 연속성,22.38,T4,구조검사 통과 시 유지,,63.942307692307686,39.84,P4,회귀검사 통과 시 유지
ABF-303,원문·사진 검증본,960,"02:00:31,150 --> 02:00:34,230",3.08,"괜찮으려나? 왜?
잘 닦이고 있어?",그럼 내가 매일 닦아 줄게.,"잘 닦이고 있어.
점점 새하얘지고 있네.",반응형,,,일본어 원문 대조 + 자연스러운 한국어 대사 교정,높음,96.0,90.0,50.0,92.0,4.0,0.50168,26.32,5.0,0.0,0.0,0.8694,괜찮으려나? 왜? 잘 닦이고 있나?,괜찮으려나? 왜? 잘 닦이고 있어?,일본어 원문 대조 + 자연스러운 한국어 대사 교정,19.33,T4,구조검사 통과 시 유지,,46.193910256410255,30.61,P4,회귀검사 통과 시 유지
ABF-303,원문·사진 검증본,961,"02:00:34,230 --> 02:00:37,730",3.5,"잘 닦이고 있어.
점점 새하얘지고 있네.","괜찮으려나? 왜?
잘 닦이고 있어?",정말?,반말형,,,일본어 원문 대조 + 자연스러운 한국어 대사 교정,높음,96.0,90.0,50.0,92.0,4.0,0.54739,0.0,5.0,0.0,0.0,0.5468,잘 닦이고 있어. 점점 새하얗게 되고 있어.,잘 닦이고 있어. 점점 새하얘지고 있네.,일본어 원문 대조 + 자연스러운 한국어 대사 교정,17.3,T4,구조검사 통과 시 유지,,36.97916666666667,25.57,P4,회귀검사 통과 시 유지
ABF-303,원문·사진 검증본,962,"02:00:37,730 --> 02:00:38,010",0.28,정말?,"잘 닦이고 있어.
점점 새하얘지고 있네.",입 냄새도 상쾌하네.,중립·혼합형,,,,,88.0,90.0,50.0,78.0,12.0,0.29164,42.0,14.0,0.0,0.0,1.0,정말?,응.,일본어 원문 + 타임스탬프 사진 + 장면 연속성,22.77,T4,구조검사 통과 시 유지,,66.10576923076923,40.97,P3,말투·질문응답·가독성 위주 검토
ABF-303,원문·사진 검증본,963,"02:00:51,050 --> 02:00:53,150",2.1,입 냄새도 상쾌하네.,정말?,마지막으로 앞니도 닦자.,반말형,,,일본어 원문 대조 + 자연스러운 한국어 대사 교정,높음,96.0,90.0,50.0,92.0,4.0,0.66174,0.0,5.0,0.0,0.0,0.1238,야하네.,여긴 지저분하네.,화면 영문 자막 대조,20.76,T4,구조검사 통과 시 유지,,54.28685897435898,34.84,P4,회귀검사 통과 시 유지
ABF-303,원문·사진 검증본,964,"02:00:58,200 --> 02:01:01,340",3.14,마지막으로 앞니도 닦자.,입 냄새도 상쾌하네.,"괜찮아? 응, 좋아.",반응형,,,일본어 원문 대조 + 자연스러운 한국어 대사 교정,높음,96.0,90.0,50.0,92.0,4.0,0.61966,14.96,5.0,0.0,0.0,0.7747,마지막으로 앞니도 닦아 줘.,마지막으로 앞니도 닦자.,일본어 원문 대조 + 자연스러운 한국어 대사 교정,21.43,T4,구조검사 통과 시 유지,,58.61378205128205,37.05,P4,회귀검사 통과 시 유지
ABF-303,원문·사진 검증본,965,"02:01:12,560 --> 02:01:15,220",2.66,"괜찮아? 응, 좋아.",마지막으로 앞니도 닦자.,고마워.,반응형,,,일본어 원문 대조 + 자연스러운 한국어 대사 교정,높음,96.0,90.0,50.0,92.0,4.0,0.65198,0.0,5.0,0.0,0.0,0.4229,"이런 거 좋아해? 좋아? 응, 좋아.","이런 거 좋아해? 응, 좋아.",중복 질문 정리,20.46,T4,구조검사 통과 시 유지,,52.80448717948718,34.04,P4,회귀검사 통과 시 유지
ABF-303,원문·사진 검증본,966,"02:01:18,880 --> 02:01:19,200",0.32,고마워.,"괜찮아? 응, 좋아.","이것도 해 줄까? 응, 해 줘.",중립·혼합형,,,,,88.0,90.0,50.0,78.0,12.0,0.31807,42.0,14.0,0.0,0.0,1.0,고마워.,손으로 잡아 줘.,일본어 원문 + 타임스탬프 사진 + 장면 연속성,23.88,T4,구조검사 통과 시 유지,,71.55448717948718,43.9,P3,말투·질문응답·가독성 위주 검토
ABF-303,원문·사진 검증본,967,"02:01:27,260 --> 02:01:29,000",1.74,"이것도 해 줄까? 응, 해 줘.",고마워.,해 줬으면 좋겠어? 응.,반말형,,,손상된 일본어 ASR + 타임스탬프 사진 + 앞뒤 문맥 추론,중간,38.0,78.0,50.0,78.0,62.0,0.73245,0.0,14.0,0.0,0.0,0.3555,이것도 그렇게...,이것도 그렇게…,,36.72,T3,화자·문맥·자연스러움 집중 검토,,96.8349358974359,61.97,P2,앞뒤 5블록·사진·오류 기억을 함께 검토
ABF-303,원문·사진 검증본,968,"02:01:29,100 --> 02:01:31,440",2.34,해 줬으면 좋겠어? 응.,"이것도 해 줄까? 응, 해 줘.",별로 안 달라 보여? 응.,반응형,,,손상된 일본어 ASR + 타임스탬프 사진 + 앞뒤 문맥 추론,중간,38.0,78.0,50.0,78.0,62.0,0.5844,0.0,14.0,0.0,0.0,0.3891,기억해 줬으면 해?,"여기, 기억해 줬으면 해요.",사진 장면 확인 및 한국어 번역투·ASR 오역 교정,30.5,T4,구조검사 통과 시 유지,,88.86217948717949,55.01,P3,말투·질문응답·가독성 위주 검토
ABF-303,원문·사진 검증본,969,"02:01:45,930 --> 02:01:47,490",1.56,별로 안 달라 보여? 응.,해 줬으면 좋겠어? 응.,어? 뭘까?,반응형,,,손상된 일본어 ASR + 타임스탬프 사진 + 앞뒤 문맥 추론,중간,38.0,78.0,50.0,78.0,62.0,0.5754,0.0,14.0,0.0,0.0,0.3307,몸이 떨리는 거 보여?,몸 떨리는 거 보여?,손상된 일본어 ASR + 타임스탬프 사진 + 앞뒤 문맥 추론,30.13,T4,구조검사 통과 시 유지,,88.34134615384616,54.58,P3,말투·질문응답·가독성 위주 검토
ABF-303,원문·사진 검증본,970,"02:01:48,230 --> 02:01:50,230",2.0,어? 뭘까?,별로 안 달라 보여? 응.,어? 뭘까?,반응형,,,,,88.0,90.0,50.0,78.0,12.0,0.24356,0.0,14.0,0.0,0.0,0.1494,어? 벗기고 싶다고? 응.,해 줬으면 좋겠어? 응.,손상된 일본어 ASR + 타임스탬프 사진 + 앞뒤 문맥 추론,13.19,T4,구조검사 통과 시 유지,,20.352564102564102,16.2,P4,회귀검사 통과 시 유지
ABF-303,원문·사진 검증본,971,"02:01:50,350 --> 02:01:51,910",1.56,어? 뭘까?,어? 뭘까?,뭐 떨어뜨렸어? 응.,반응형,,,,,88.0,90.0,50.0,78.0,12.0,0.40807,0.0,14.0,0.0,0.0,0.1494,어? 벗기고 싶다고? 응.,해 줬으면 좋겠어? 응.,손상된 일본어 ASR + 타임스탬프 사진 + 앞뒤 문맥 추론,20.1,T4,구조검사 통과 시 유지,,50.36057692307693,32.81,P4,회귀검사 통과 시 유지
ABF-303,원문·사진 검증본,972,"02:01:55,310 --> 02:01:57,070",1.76,뭐 떨어뜨렸어? 응.,어? 뭘까?,클렌징 오일이야. 응.,반응형,,,손상된 일본어 ASR + 타임스탬프 사진 + 앞뒤 문맥 추론,중간,38.0,78.0,50.0,78.0,62.0,0.62206,0.0,14.0,0.0,0.0,0.4321,뭘 떨어뜨렸다면? 응.,뭐 떨어뜨렸어? 응.,손상된 일본어 ASR + 타임스탬프 사진 + 앞뒤 문맥 추론,32.09,T4,구조검사 통과 시 유지,,91.30608974358975,56.96,P3,말투·질문응답·가독성 위주 검토
ABF-303,원문·사진 검증본,973,"02:01:58,970 --> 02:02:00,490",1.52,클렌징 오일이야. 응.,뭐 떨어뜨렸어? 응.,응? 잠깐만…,반응형,,,일본어 원문 대조 + 자연스러운 한국어 대사 교정,높음,96.0,90.0,50.0,92.0,4.0,0.78516,0.0,5.0,0.0,0.0,0.6114,클렌징 오일. 응.,클렌징 오일이야. 응.,일본어 원문 대조 + 자연스러운 한국어 대사 교정,24.49,T4,구조검사 통과 시 유지,,73.83814102564102,45.22,P3,말투·질문응답·가독성 위주 검토
ABF-303,원문·사진 검증본,974,"02:02:53,960 --> 02:02:55,220",1.26,응? 잠깐만…,클렌징 오일이야. 응.,응? 따뜻해지고 있어.,반응형,,,일본어 원문 대조 + 자연스러운 한국어 대사 교정,높음,96.0,90.0,50.0,92.0,4.0,0.64874,22.25,5.0,0.0,0.0,0.8354,잠깐만…,나만 벗는 거야?,일본어 원문 + 타임스탬프 사진 + 장면 연속성,23.25,T4,구조검사 통과 시 유지,,68.06891025641025,42.07,P3,말투·질문응답·가독성 위주 검토
ABF-303,원문·사진 검증본,975,"02:03:05,660 --> 02:03:07,580",1.92,응? 따뜻해지고 있어.,응? 잠깐만…,피부가 진짜 쫀득쫀득하네.,반응형,,,,,88.0,90.0,50.0,78.0,12.0,0.76673,0.0,14.0,0.0,0.0,0.3258,따뜻해.,안 돼.,일본어 원문 + 타임스탬프 사진 + 장면 연속성,35.16,T3,화자·문맥·자연스러움 집중 검토,,95.1923076923077,60.37,P2,앞뒤 5블록·사진·오류 기억을 함께 검토
ABF-303,원문·사진 검증본,976,"02:03:17,380 --> 02:03:18,820",1.44,피부가 진짜 쫀득쫀득하네.,응? 따뜻해지고 있어.,"후후후, 차가워!",반말형,,,일본어 원문 대조 + 자연스러운 한국어 대사 교정,높음,96.0,90.0,50.0,92.0,4.0,0.76113,36.2,5.0,0.0,0.0,0.9517,피부가 쫀득쫀득하네.,피부가 진짜 쫀득쫀득하네.,일본어 원문 대조 + 자연스러운 한국어 대사 교정,28.46,T4,구조검사 통과 시 유지,,84.4551282051282,51.98,P3,말투·질문응답·가독성 위주 검토
ABF-303,원문·사진 검증본,977,"02:03:19,160 --> 02:03:21,320",2.16,"후후후, 차가워!",피부가 진짜 쫀득쫀득하네.,피부가 쫀득쫀득해…,중립·혼합형,,,손상된 일본어 ASR + 타임스탬프 사진 + 앞뒤 문맥 추론,중간,38.0,78.0,50.0,78.0,62.0,0.50567,0.0,14.0,0.0,0.0,0.5796,"후후후, 어서 와.","후후후, 차가워!",손상된 일본어 ASR + 타임스탬프 사진 + 앞뒤 문맥 추론,27.2,T4,구조검사 통과 시 유지,,81.81089743589743,50.14,P3,말투·질문응답·가독성 위주 검토
ABF-303,원문·사진 검증본,978,"02:03:22,120 --> 02:03:23,100",0.98,피부가 쫀득쫀득해…,"후후후, 차가워!",진짜 쫀득쫀득하네.,반말형,,,일본어 원문 대조 + 자연스러운 한국어 대사 교정,높음,96.0,90.0,50.0,92.0,4.0,0.66463,0.0,5.0,0.0,0.0,0.6158,피부가 쫀득쫀득…,진짜 쫀득쫀득하네.,일본어 원문 대조 + 자연스러운 한국어 대사 교정,20.85,T4,구조검사 통과 시 유지,,54.567307692307686,35.01,P4,회귀검사 통과 시 유지
ABF-303,원문·사진 검증본,979,"02:03:23,100 --> 02:03:23,180",0.08,진짜 쫀득쫀득하네.,피부가 쫀득쫀득해…,"정말로, 싫어!",반말형,,,일본어 원문 대조 + 자연스러운 한국어 대사 교정,높음,96.0,90.0,50.0,92.0,4.0,0.76841,18.43,5.0,70.0,0.0,0.8035,피부가 쫀득쫀득하네.,피부가 진짜 쫀득쫀득하네.,일본어 원문 대조 + 자연스러운 한국어 대사 교정,31.41,T4,구조검사 통과 시 유지,high_cps,90.625,56.28,P3,말투·질문응답·가독성 위주 검토
ABF-303,원문·사진 검증본,980,"02:03:23,180 --> 02:03:36,140",12.96,"정말로, 싫어!",진짜 쫀득쫀득하네.,"잠깐 보여 줘. 이쪽 봐봐.
부끄러워?",반응형,,,,,88.0,90.0,50.0,78.0,12.0,0.45177,0.0,14.0,0.0,0.0,0.2595,정말로.,진짜로.,일본어 원문 대조 + 자연스러운 한국어 대사 교정,21.93,T4,구조검사 통과 시 유지,,62.17948717948718,38.83,P4,회귀검사 통과 시 유지
ABF-303,원문·사진 검증본,981,"02:03:36,660 --> 02:03:41,440",4.78,"잠깐 보여 줘. 이쪽 봐봐.
부끄러워?","정말로, 싫어!",부끄러워.,중립·혼합형,,,일본어 원문 대조 + 자연스러운 한국어 대사 교정,높음,96.0,90.0,50.0,92.0,4.0,0.64422,11.57,5.0,0.0,0.0,0.7464,"잠깐, 보여 줘 봐. 잠깐, 이쪽 봐봐. 부끄러워?",잠깐 보여 줘. 이쪽 봐봐. 부끄러워?,일본어 원문 대조 + 자연스러운 한국어 대사 교정,21.73,T4,구조검사 통과 시 유지,,60.416666666666664,37.98,P4,회귀검사 통과 시 유지
ABF-303,원문·사진 검증본,982,"02:03:41,680 --> 02:03:42,180",0.5,부끄러워.,"잠깐 보여 줘. 이쪽 봐봐.
부끄러워?",싫어. 제발.,중립·혼합형,,,,,88.0,90.0,50.0,78.0,12.0,0.34928,20.54,14.0,0.0,0.0,0.8212,"하아, 부끄러워.",부끄러워? 팬티도 벗어야지.,일본어 원문 + 타임스탬프 사진 + 장면 연속성,21.33,T4,구조검사 통과 시 유지,,57.85256410256411,36.67,P4,회귀검사 통과 시 유지
ABF-303,원문·사진 검증본,983,"02:03:45,860 --> 02:03:47,540",1.68,싫어. 제발.,부끄러워.,부끄러워.,반응형,,,일본어 원문 대조 + 자연스러운 한국어 대사 교정,높음,96.0,90.0,50.0,92.0,4.0,0.49758,0.0,5.0,0.0,0.0,0.4065,"음-, 싫어.",음… 싫어.,,15.8,T4,구조검사 통과 시 유지,,29.567307692307693,21.58,P4,회귀검사 통과 시 유지
ABF-303,원문·사진 검증본,984,"02:03:52,500 --> 02:03:53,940",1.44,부끄러워.,싫어. 제발.,귀여워. 너무 가까워.,중립·혼합형,,,,,88.0,90.0,50.0,78.0,12.0,0.34353,20.54,14.0,0.0,0.0,0.8212,"하아, 부끄러워.",부끄러워? 팬티도 벗어야지.,일본어 원문 + 타임스탬프 사진 + 장면 연속성,21.09,T4,구조검사 통과 시 유지,,56.25,35.86,P4,회귀검사 통과 시 유지
ABF-303,원문·사진 검증본,985,"02:03:56,680 --> 02:03:58,900",2.22,귀여워. 너무 가까워.,부끄러워.,"민낯은 귀여운 느낌이네.
에이, 안 귀여워?",중립·혼합형,,,일본어 원문 대조 + 자연스러운 한국어 대사 교정,높음,96.0,90.0,50.0,92.0,4.0,0.66605,33.98,5.0,0.0,0.0,0.9331,귀여워. 가까워.,귀여워. 너무 가까워.,일본어 원문 대조 + 자연스러운 한국어 대사 교정,25.29,T4,구조검사 통과 시 유지,,76.16185897435898,46.66,P3,말투·질문응답·가독성 위주 검토
ABF-303,원문·사진 검증본,986,"02:04:02,420 --> 02:04:08,540",6.12,"민낯은 귀여운 느낌이네.
에이, 안 귀여워?",귀여워. 너무 가까워.,"귀여워, 진짜야.",반말형,,,일본어 원문 대조 + 자연스러운 한국어 대사 교정,높음,96.0,90.0,50.0,92.0,4.0,0.59024,14.22,5.0,0.0,0.0,0.7685,"민낯은 귀여운 계열이네. 에이, 안 귀여워?","민낯은 귀여운 느낌이네. 에이, 안 귀여워?",일본어 원문 대조 + 자연스러운 한국어 대사 교정,20.44,T4,구조검사 통과 시 유지,,52.644230769230774,33.97,P4,회귀검사 통과 시 유지
ABF-303,원문·사진 검증본,987,"02:04:08,800 --> 02:04:09,680",0.88,"귀여워, 진짜야.","민낯은 귀여운 느낌이네.
에이, 안 귀여워?","눈썹도 예쁘네.
너무 진하지도 않고.",반말형,,,일본어 원문 대조 + 자연스러운 한국어 대사 교정,높음,96.0,90.0,50.0,92.0,4.0,0.60734,0.0,5.0,0.0,0.0,0.5679,"귀여워, 진짜로.","귀여워, 진짜야.",일본어 원문 대조 + 자연스러운 한국어 대사 교정,19.11,T4,구조검사 통과 시 유지,,44.95192307692308,29.96,P4,회귀검사 통과 시 유지
ABF-303,원문·사진 검증본,988,"02:04:18,960 --> 02:04:22,880",3.92,"눈썹도 예쁘네.
너무 진하지도 않고.","귀여워, 진짜야.",응? 후후후후.,반말형,,,손상된 일본어 ASR + 타임스탬프 사진 + 앞뒤 문맥 추론,중간,38.0,78.0,50.0,78.0,62.0,0.57332,0.0,14.0,0.0,0.0,0.3651,이거 예쁘네.,손으로 가리지 마.,일본어 원문 + 타임스탬프 사진 + 장면 연속성,30.04,T4,구조검사 통과 시 유지,,88.14102564102564,54.44,P3,말투·질문응답·가독성 위주 검토
ABF-303,원문·사진 검증본,989,"02:04:22,880 --> 02:04:24,660",1.78,응? 후후후후.,"눈썹도 예쁘네.
너무 진하지도 않고.",입술 완전 탱글탱글하잖아.,반응형,,,,,88.0,90.0,50.0,78.0,12.0,0.46472,0.0,14.0,0.0,0.0,0.3435,"후후후, 어서 와.","후후후, 차가워!",손상된 일본어 ASR + 타임스탬프 사진 + 앞뒤 문맥 추론,22.48,T4,구조검사 통과 시 유지,,64.54326923076923,40.15,P3,말투·질문응답·가독성 위주 검토
ABF-303,원문·사진 검증본,990,"02:04:25,960 --> 02:04:27,560",1.6,입술 완전 탱글탱글하잖아.,응? 후후후후.,어떻게 이렇게 피부가 쫀득해?,반응형,,,,,88.0,90.0,50.0,78.0,12.0,0.6562,0.0,14.0,0.0,0.0,0.1902,당연하잖아.,당연히 가져왔지.,타임스탬프 사진과 앞뒤 장면으로 대사 기능 복원,30.52,T4,구조검사 통과 시 유지,,88.9423076923077,55.06,P3,말투·질문응답·가독성 위주 검토
ABF-303,원문·사진 검증본,991,"02:04:33,350 --> 02:04:35,930",2.58,어떻게 이렇게 피부가 쫀득해?,입술 완전 탱글탱글하잖아.,무슨 화장수 쓰는지 알려 줘.,반응형,,,일본어 원문 대조 + 자연스러운 한국어 대사 교정,높음,96.0,90.0,50.0,92.0,4.0,0.74408,0.0,5.0,0.0,0.0,0.4188,"이게 뭐야, 어떻게 이렇게 쫀득쫀득해져?",어떻게 이렇게 피부가 쫀득해?,일본어 원문 대조 + 자연스러운 한국어 대사 교정,23.25,T4,구조검사 통과 시 유지,,68.06891025641025,42.07,P3,말투·질문응답·가독성 위주 검토
ABF-303,원문·사진 검증본,992,"02:04:39,470 --> 02:04:40,870",1.4,무슨 화장수 쓰는지 알려 줘.,어떻게 이렇게 피부가 쫀득해?,피부 진짜 예쁜데?,반말형,,,일본어 원문 대조 + 자연스러운 한국어 대사 교정,높음,96.0,90.0,50.0,92.0,4.0,0.84582,0.0,5.0,0.0,0.0,0.4617,화장수 뭔지 알려줘.,무슨 화장수 쓰는지 알려 줘.,일본어 원문 대조 + 자연스러운 한국어 대사 교정,26.33,T4,구조검사 통과 시 유지,,80.04807692307693,48.89,P3,말투·질문응답·가독성 위주 검토
ABF-303,원문·사진 검증본,993,"02:04:40,870 --> 02:04:46,550",5.68,피부 진짜 예쁜데?,무슨 화장수 쓰는지 알려 줘.,피부가 더 밝아졌어.,중립·혼합형,,,일본어 원문 대조 + 자연스러운 한국어 대사 교정,높음,96.0,90.0,50.0,92.0,4.0,0.7604,5.99,5.0,0.0,0.0,0.6999,"어, 예쁜데?",피부 진짜 예쁜데?,일본어 원문 대조 + 자연스러운 한국어 대사 교정,24.52,T4,구조검사 통과 시 유지,,73.95833333333334,45.28,P3,말투·질문응답·가독성 위주 검토
ABF-303,원문·사진 검증본,994,"02:04:54,130 --> 02:04:56,630",2.5,피부가 더 밝아졌어.,피부 진짜 예쁜데?,"어, 좋네.",반응형,,,손상된 일본어 ASR + 타임스탬프 사진 + 앞뒤 문맥 추론,중간,38.0,78.0,50.0,78.0,62.0,0.74699,39.41,14.0,0.0,0.0,0.9784,피부가 밝아졌어.,피부가 더 밝아졌어.,손상된 일본어 ASR + 타임스탬프 사진 + 앞뒤 문맥 추론,44.43,T3,화자·문맥·자연스러움 집중 검토,,100.0,67.77,P2,앞뒤 5블록·사진·오류 기억을 함께 검토
ABF-303,원문·사진 검증본,995,"02:04:58,450 --> 02:05:05,120",6.67,"어, 좋네.",피부가 더 밝아졌어.,키득키득.,반응형,,,,,88.0,90.0,50.0,78.0,12.0,0.47294,13.39,14.0,0.0,0.0,0.7616,좋네.,좋아.,일본어 원문 대조 + 자연스러운 한국어 대사 교정,25.23,T4,구조검사 통과 시 유지,,76.00160256410257,46.55,P3,말투·질문응답·가독성 위주 검토
ABF-303,원문·사진 검증본,996,"02:05:05,720 --> 02:05:06,880",1.16,키득키득.,"어, 좋네.",뭐야?,중립·혼합형,,,,,88.0,90.0,50.0,78.0,12.0,0.2391,0.0,14.0,0.0,0.0,0.0365,그 냄새마저 쾌감을 키웠다.,그 냄새까지 몸을 더 달아오르게 했다.,,13.0,T4,구조검사 통과 시 유지,,19.671474358974358,15.8,P4,회귀검사 통과 시 유지
ABF-303,원문·사진 검증본,997,"02:05:27,690 --> 02:05:28,370",0.68,뭐야?,키득키득.,뭐야?,반말형,,,,,88.0,90.0,50.0,78.0,12.0,0.12844,4.11,14.0,0.0,0.0,0.6842,"아, 아... 뭐야?","아, 아… 뭐야?",,9.09,T4,구조검사 통과 시 유지,,8.733974358974358,8.94,P4,회귀검사 통과 시 유지
ABF-303,원문·사진 검증본,998,"02:05:29,670 --> 02:05:30,350",0.68,뭐야?,뭐야?,나 갖고 노는 거야?,반말형,,,,,88.0,90.0,50.0,78.0,12.0,0.18509,4.11,14.0,0.0,0.0,0.6842,"아, 아... 뭐야?","아, 아… 뭐야?",,11.47,T4,구조검사 통과 시 유지,,15.584935897435898,13.2,P4,회귀검사 통과 시 유지
ABF-303,원문·사진 검증본,999,"02:05:31,630 --> 02:05:33,330",1.7,나 갖고 노는 거야?,뭐야?,갖고 노는 거 아니야.,반말형,,,,,88.0,90.0,50.0,78.0,12.0,0.49858,0.0,14.0,0.0,0.0,0.3029,뭐라고 하는 거야?,뭐라고 말해야 해?,일본어 원문 대조 + 자연스러운 한국어 대사 교정,23.9,T4,구조검사 통과 시 유지,,71.63461538461539,43.95,P3,말투·질문응답·가독성 위주 검토
ABF-303,원문·사진 검증본,1000,"02:05:33,390 --> 02:05:39,190",5.8,갖고 노는 거 아니야.,나 갖고 노는 거야?,엄청나네.,반응형,,,일본어 원문 대조 + 자연스러운 한국어 대사 교정,높음,96.0,90.0,50.0,92.0,4.0,0.56346,0.0,5.0,0.0,0.0,0.2948,"노는 거 아냐, 아냐.",갖고 노는 거 아니야.,일본어 원문 대조 + 자연스러운 한국어 대사 교정,17.79,T4,구조검사 통과 시 유지,,39.0224358974359,26.71,P4,회귀검사 통과 시 유지
ABF-303,원문·사진 검증본,1001,"02:05:39,370 --> 02:05:40,430",1.06,엄청나네.,갖고 노는 거 아니야.,완전히 선 거 아니야?,반말형,,,일본어 원문 대조 + 자연스러운 한국어 대사 교정,높음,96.0,90.0,50.0,92.0,4.0,0.3545,0.0,5.0,0.0,0.0,0.5038,엄청나네요.,"와, 정말 크네요.",대형 선박 장면에 맞는 표현 교정,11.47,T4,구조검사 통과 시 유지,,15.584935897435898,13.2,P4,회귀검사 통과 시 유지
ABF-303,원문·사진 검증본,1002,"02:05:43,110 --> 02:05:44,110",1.0,완전히 선 거 아니야?,엄청나네.,음?,반응형,,,일본어 원문 대조 + 자연스러운 한국어 대사 교정,높음,96.0,90.0,50.0,92.0,4.0,0.5757,0.0,5.0,0.0,0.0,0.515,온천 아니야?,뭔가…,일본어 원문 + 타임스탬프 사진 + 장면 연속성,18.16,T4,구조검사 통과 시 유지,,40.625,27.6,P4,회귀검사 통과 시 유지
ABF-303,원문·사진 검증본,1003,"02:05:44,710 --> 02:05:45,090",0.38,음?,완전히 선 거 아니야?,완전히 서 있잖아.,중립·혼합형,,,,,88.0,90.0,50.0,78.0,12.0,0.29268,0.0,14.0,0.0,0.0,0.1045,음...,음…,,15.25,T4,구조검사 통과 시 유지,,27.44391025641026,20.37,P4,회귀검사 통과 시 유지
ABF-303,원문·사진 검증본,1004,"02:05:52,450 --> 02:05:53,530",1.08,완전히 서 있잖아.,음?,너무 단단한 거 아니야?,반응형,,,일본어 원문 대조 + 자연스러운 한국어 대사 교정,높음,96.0,90.0,50.0,92.0,4.0,0.69281,12.33,5.0,0.0,0.0,0.7527,서 있잖아.,완전히 서 있잖아.,일본어 원문 대조 + 자연스러운 한국어 대사 교정,23.3,T4,구조검사 통과 시 유지,,68.46955128205127,42.27,P3,말투·질문응답·가독성 위주 검토
ABF-303,원문·사진 검증본,1005,"02:07:04,540 --> 02:07:05,740",1.2,너무 단단한 거 아니야?,완전히 서 있잖아.,엄청 단단하네.,반응형,,,일본어 원문 대조 + 자연스러운 한국어 대사 교정,높음,96.0,90.0,50.0,92.0,4.0,0.8149,0.0,5.0,0.0,0.0,0.4816,온천 아니야?,뭔가…,일본어 원문 + 타임스탬프 사진 + 장면 연속성,25.39,T4,구조검사 통과 시 유지,,76.80288461538461,46.98,P3,말투·질문응답·가독성 위주 검토
ABF-303,원문·사진 검증본,1006,"02:07:06,300 --> 02:07:07,260",0.96,엄청 단단하네.,너무 단단한 거 아니야?,대단해.,반말형,,,일본어 원문 대조 + 자연스러운 한국어 대사 교정,높음,96.0,90.0,50.0,92.0,4.0,0.63404,0.0,5.0,0.0,0.0,0.4027,대단하네.,땀이 엄청나네.,손상된 일본어 ASR + 타임스탬프 사진 + 앞뒤 문맥 추론,19.92,T4,구조검사 통과 시 유지,,49.59935897435898,32.39,P4,회귀검사 통과 시 유지
ABF-303,원문·사진 검증본,1007,"02:07:08,860 --> 02:07:09,340",0.48,대단해.,엄청 단단하네.,계속 단단하잖아.,반말형,,,,,88.0,90.0,50.0,78.0,12.0,0.4523,42.0,14.0,0.0,0.0,1.0,대단해.,기분 좋네.,일본어 원문 + 타임스탬프 사진 + 장면 연속성,29.52,T4,구조검사 통과 시 유지,,86.97916666666666,53.65,P3,말투·질문응답·가독성 위주 검토
ABF-303,원문·사진 검증본,1008,"02:07:13,180 --> 02:07:14,200",1.02,계속 단단하잖아.,대단해.,완전히 섰지?,반응형,,,일본어 원문 대조 + 자연스러운 한국어 대사 교정,높음,96.0,90.0,50.0,92.0,4.0,0.7322,0.0,5.0,0.0,0.0,0.2659,당연하잖아.,당연히 가져왔지.,타임스탬프 사진과 앞뒤 장면으로 대사 기능 복원,22.89,T4,구조검사 통과 시 유지,,66.58653846153845,41.24,P3,말투·질문응답·가독성 위주 검토
ABF-303,원문·사진 검증본,1009,"02:07:14,820 --> 02:07:20,350",5.53,완전히 섰지?,계속 단단하잖아.,귀여워?,반말형,,,일본어 원문 대조 + 자연스러운 한국어 대사 교정,높음,96.0,90.0,50.0,92.0,4.0,0.61439,0.0,5.0,0.0,0.0,0.3324,완전히 해방되어 버려.,그대로 가 버려.,,19.33,T4,구조검사 통과 시 유지,,46.193910256410255,30.61,P4,회귀검사 통과 시 유지
ABF-303,원문·사진 검증본,1010,"02:07:20,350 --> 02:07:21,290",0.94,귀여워?,완전히 섰지?,와아.,중립·혼합형,,,,,88.0,90.0,50.0,78.0,12.0,0.34511,0.0,14.0,0.0,0.0,0.4826,"민낯은 귀여운 계열이네. 에이, 안 귀여워?","민낯은 귀여운 느낌이네. 에이, 안 귀여워?",일본어 원문 대조 + 자연스러운 한국어 대사 교정,17.45,T4,구조검사 통과 시 유지,,37.37980769230769,25.82,P4,회귀검사 통과 시 유지
ABF-303,원문·사진 검증본,1011,"02:07:23,210 --> 02:07:24,170",0.96,와아.,귀여워?,"잠깐, 잠깐, 잠깐…",반응형,,,,,88.0,90.0,50.0,78.0,12.0,0.33854,0.0,14.0,0.0,0.0,0.2142,우와아...,우와아…,,17.18,T4,구조검사 통과 시 유지,,36.217948717948715,25.18,P4,회귀검사 통과 시 유지
ABF-303,원문·사진 검증본,1012,"02:07:24,970 --> 02:07:34,520",9.55,"잠깐, 잠깐, 잠깐…",와아.,정말…,반응형,,,,,88.0,90.0,50.0,78.0,12.0,0.43228,0.0,14.0,0.0,0.0,0.6424,잠깐…,그리고…,일본어 원문 대조 + 자연스러운 한국어 대사 교정,21.12,T4,구조검사 통과 시 유지,,56.53044871794872,35.99,P4,회귀검사 통과 시 유지
ABF-303,원문·사진 검증본,1013,"02:07:34,520 --> 02:07:35,120",0.6,정말…,"잠깐, 잠깐, 잠깐…",좋은 것 같아.,중립·혼합형,,,일본어 원문 대조 + 자연스러운 한국어 대사 교정,높음,96.0,90.0,50.0,92.0,4.0,0.31547,0.0,5.0,0.0,0.0,0.1857,정말 좋아.,거기 좋아.,타임스탬프 사진과 장면 흐름으로 명백한 오인식 교정,10.29,T4,구조검사 통과 시 유지,,12.179487179487179,11.08,P4,회귀검사 통과 시 유지
ABF-303,원문·사진 검증본,1014,"02:07:35,820 --> 02:07:36,440",0.62,좋은 것 같아.,정말…,싫어?,반응형,,,일본어 원문 대조 + 자연스러운 한국어 대사 교정,높음,96.0,90.0,50.0,92.0,4.0,0.51157,2.25,5.0,0.0,0.0,0.6688,갈 것 같아.,진짜 갈 것 같아.,일본어 원문 대조 + 자연스러운 한국어 대사 교정,16.51,T4,구조검사 통과 시 유지,,32.25160256410257,23.12,P4,회귀검사 통과 시 유지
ABF-303,원문·사진 검증본,1015,"02:07:43,830 --> 02:07:44,770",0.94,싫어?,좋은 것 같아.,온몸이 엉망이 됐어.,반응형,,,일본어 원문 대조 + 자연스러운 한국어 대사 교정,높음,96.0,90.0,50.0,92.0,4.0,0.35242,0.0,5.0,0.0,0.0,0.4786,다리 예쁘단 말 듣는 거 싫어?,다리 예쁘다는 말 싫어?,일본어 원문 대조 + 자연스러운 한국어 대사 교정,11.41,T4,구조검사 통과 시 유지,,15.344551282051283,13.06,P4,회귀검사 통과 시 유지
ABF-303,원문·사진 검증본,1016,"02:07:50,810 --> 02:07:51,970",1.16,온몸이 엉망이 됐어.,싫어?,몸에 다 묻었네.,반응형,,,,,88.0,90.0,50.0,78.0,12.0,0.64736,42.0,14.0,0.0,0.0,1.0,온몸이 엉망이 됐어.,몸에 다 묻었네.,일본어 원문 대조 + 자연스러운 한국어 대사 교정,37.71,T3,화자·문맥·자연스러움 집중 검토,,97.35576923076923,62.76,P2,앞뒤 5블록·사진·오류 기억을 함께 검토
ABF-303,원문·사진 검증본,1017,"02:07:52,710 --> 02:07:53,750",1.04,몸에 다 묻었네.,온몸이 엉망이 됐어.,"조금만 더… 아, 좋아…",반말형,,,일본어 원문 대조 + 자연스러운 한국어 대사 교정,높음,96.0,90.0,50.0,92.0,4.0,0.62243,0.0,5.0,0.0,0.0,0.1616,배를 채우고 나니 몸에 남은 냄새가 느껴져요.,배에 힘을 빼니까 안쪽까지 잘 느껴져요.,,19.57,T4,구조검사 통과 시 유지,,47.59615384615385,31.34,P4,회귀검사 통과 시 유지
ABF-303,원문·사진 검증본,1018,"02:08:43,830 --> 02:09:13,250",29.42,"조금만 더… 아, 좋아…",몸에 다 묻었네.,벌써 끝나서 조금 아쉽네.,반응형,,,손상된 일본어 ASR + 타임스탬프 사진 + 앞뒤 문맥 추론,중간,38.0,78.0,50.0,78.0,62.0,0.68865,35.06,14.0,0.0,0.0,0.9422,"조금만 더… 아, 기분 좋아…","조금만 더… 아, 좋아…",손상된 일본어 ASR + 타임스탬프 사진 + 앞뒤 문맥 추론,41.19,T3,화자·문맥·자연스러움 집중 검토,,99.03846153846155,65.49,P2,앞뒤 5블록·사진·오류 기억을 함께 검토
ABF-303,원문·사진 검증본,1019,"02:09:14,910 --> 02:09:22,370",7.46,벌써 끝나서 조금 아쉽네.,"조금만 더… 아, 좋아…",그래도 기분 좋았어요.,반응형,,,손상된 일본어 ASR + 타임스탬프 사진 + 앞뒤 문맥 추론,중간,38.0,78.0,50.0,78.0,62.0,0.68561,0.0,14.0,0.0,0.0,0.5258,왠지 좀 아쉽네.,벌써 끝나서 조금 아쉽네.,손상된 일본어 ASR + 타임스탬프 사진 + 앞뒤 문맥 추론,34.76,T4,구조검사 통과 시 유지,,94.75160256410257,59.96,P2,앞뒤 5블록·사진·오류 기억을 함께 검토
ABF-303,원문·사진 검증본,1020,"02:09:23,150 --> 02:09:34,900",11.75,그래도 기분 좋았어요.,벌써 끝나서 조금 아쉽네.,다시 빨아 볼게요.,반응형,,,손상된 일본어 ASR + 타임스탬프 사진 + 앞뒤 문맥 추론,중간,38.0,78.0,50.0,78.0,62.0,0.78574,0.0,14.0,0.0,0.0,0.3367,"M-O 군을 괴롭혔는데, 정말 기분 좋아해 줬고 사정도 여러 번 시킬 수 있어서 좋았어요.","M-O 군을 괴롭혔는데 정말 좋아해 줬고, 여러 번 싸게 할 수 있어서 좋았어요.",사진 장면 확인 및 한국어 번역투·ASR 오역 교정,38.96,T3,화자·문맥·자연스러움 집중 검토,,98.23717948717949,63.86,P2,앞뒤 5블록·사진·오류 기억을 함께 검토
ABF-303,원문·사진 검증본,1021,"02:09:51,300 --> 02:09:52,800",1.5,다시 빨아 볼게요.,그래도 기분 좋았어요.,생각보다 어렵네.,반응형,,,손상된 일본어 ASR + 타임스탬프 사진 + 앞뒤 문맥 추론,중간,38.0,78.0,50.0,78.0,62.0,0.73242,0.0,14.0,0.0,0.0,0.5651,첫 번째부터 다시 해 볼게요.,처음부터 다시 넣어 볼게요.,사진 장면 확인 및 한국어 번역투·ASR 오역 교정,36.72,T3,화자·문맥·자연스러움 집중 검토,,96.8349358974359,61.97,P2,앞뒤 5블록·사진·오류 기억을 함께 검토
ABF-303,원문·사진 검증본,1022,"02:09:52,800 --> 02:10:00,640",7.84,생각보다 어렵네.,다시 빨아 볼게요.,"아, 완전 기분 좋아.",반응형,,,손상된 일본어 ASR + 타임스탬프 사진 + 앞뒤 문맥 추론,중간,38.0,78.0,50.0,78.0,62.0,0.57369,4.7,14.0,0.0,0.0,0.6892,어렵네.,생각보다 어렵네.,손상된 일본어 ASR + 타임스탬프 사진 + 앞뒤 문맥 추론,30.9,T4,구조검사 통과 시 유지,,89.66346153846155,55.58,P3,말투·질문응답·가독성 위주 검토
ABF-303,원문·사진 검증본,1023,"02:10:02,260 --> 02:10:53,220",50.96,"아, 완전 기분 좋아.",생각보다 어렵네.,잠깐 보고 있어 줘.,반응형,,,,,88.0,90.0,50.0,78.0,12.0,0.76955,2.4,14.0,0.0,0.0,0.67,기분 좋아.,"아, 좋아.",화면 영문 자막 대조,35.71,T3,화자·문맥·자연스러움 집중 검토,,95.79326923076923,60.94,P2,앞뒤 5블록·사진·오류 기억을 함께 검토
ABF-303,원문·사진 검증본,1024,"02:12:23,910 --> 02:12:24,830",0.92,잠깐 보고 있어 줘.,"아, 완전 기분 좋아.",아… 안 돼.,반응형,,,일본어 원문 대조 + 자연스러운 한국어 대사 교정,높음,96.0,90.0,50.0,92.0,4.0,0.6388,0.0,5.0,0.0,0.0,0.5595,잠깐 보고 있어줘.,그대로 보고 있어 줘.,일본어 원문 대조 + 자연스러운 한국어 대사 교정,20.07,T4,구조검사 통과 시 유지,,50.120192307692314,32.69,P4,회귀검사 통과 시 유지
ABF-303,원문·사진 검증본,1025,"02:12:37,890 --> 02:12:38,770",0.88,아… 안 돼.,잠깐 보고 있어 줘.,그대로 보고 있어 줘.,반응형,,,,,88.0,90.0,50.0,78.0,12.0,0.43234,17.99,14.0,0.0,0.0,0.7999,안 돼.,"네, 놀랐어요.",타임스탬프 사진과 앞뒤 장면으로 대사 기능 복원,24.36,T4,구조검사 통과 시 유지,,73.15705128205127,44.85,P3,말투·질문응답·가독성 위주 검토
ABF-303,원문·사진 검증본,1026,"02:12:39,370 --> 02:12:42,620",3.25,그대로 보고 있어 줘.,아… 안 돼.,턱에 싸 버릴 것 같아.,반응형,,,일본어 원문 대조 + 자연스러운 한국어 대사 교정,높음,96.0,90.0,50.0,92.0,4.0,0.51158,0.0,5.0,0.0,0.0,0.3413,그대로 엉덩이 찍게 해줘.,그대로 엉덩이 찍게 해 줘.,,16.22,T4,구조검사 통과 시 유지,,31.41025641025641,22.6,P4,회귀검사 통과 시 유지
ABF-303,원문·사진 검증본,1027,"02:12:48,080 --> 02:12:49,220",1.14,턱에 싸 버릴 것 같아.,그대로 보고 있어 줘.,입 안 보여 줘.,반응형,,,일본어 원문 대조 + 자연스러운 한국어 대사 교정,높음,96.0,90.0,50.0,92.0,4.0,0.60634,0.75,5.0,0.0,0.0,0.6562,"싸버릴 것 같아, 싸 버릴 것 같아.","싸 버릴 것 같아, 싸 버릴 것 같아.",,19.18,T4,구조검사 통과 시 유지,,45.2724358974359,30.14,P4,회귀검사 통과 시 유지
ABF-303,원문·사진 검증본,1028,"02:13:38,570 --> 02:13:39,850",1.28,입 안 보여 줘.,턱에 싸 버릴 것 같아.,삼켜 줄래?,중립·혼합형,,,일본어 원문 대조 + 자연스러운 한국어 대사 교정,높음,96.0,90.0,50.0,92.0,4.0,0.60092,12.37,5.0,0.0,0.0,0.7531,입 안을 보여 줘.,입 안 보여 줘.,일본어 원문 대조 + 자연스러운 한국어 대사 교정,20.52,T4,구조검사 통과 시 유지,,52.96474358974359,34.15,P4,회귀검사 통과 시 유지
ABF-303,원문·사진 검증본,1029,"02:13:50,320 --> 02:13:51,240",0.92,삼켜 줄래?,입 안 보여 줘.,응.,중립·혼합형,,,,,88.0,90.0,50.0,78.0,12.0,0.38429,0.0,14.0,0.0,0.0,0.1529,눈 감아 줄래.,눈 감고 있을게.,일본어 원문 대조 + 자연스러운 한국어 대사 교정,19.1,T4,구조검사 통과 시 유지,,44.871794871794876,29.92,P4,회귀검사 통과 시 유지
ABF-303,원문·사진 검증본,1030,"02:13:51,660 --> 02:13:52,060",0.4,응.,삼켜 줄래?,기쁘다.,반응형,,,,,88.0,90.0,50.0,78.0,12.0,0.1263,0.0,14.0,0.0,0.0,0.4286,"하-, 응.",하아… 응.,,8.26,T4,구조검사 통과 시 유지,,6.570512820512821,7.55,P4,회귀검사 통과 시 유지
ABF-303,원문·사진 검증본,1031,"02:14:03,670 --> 02:14:03,890",0.22,기쁘다.,응.,기뻐. 고마워.,중립·혼합형,,,일본어 원문 대조 + 자연스러운 한국어 대사 교정,높음,96.0,90.0,50.0,92.0,4.0,0.74978,32.1,5.0,25.0,0.0,0.9175,아… 기쁘다.,아… 드디어.,일본어 원문 대조 + 자연스러운 한국어 대사 교정,29.38,T4,구조검사 통과 시 유지,borderline_cps,86.53846153846155,53.39,P3,말투·질문응답·가독성 위주 검토
ABF-303,원문·사진 검증본,1032,"02:14:06,660 --> 02:14:07,540",0.88,기뻐. 고마워.,기쁘다.,어떡할까?,중립·혼합형,,,,,88.0,90.0,50.0,78.0,12.0,0.76608,17.94,14.0,0.0,0.0,0.7995,고마워.,손으로 잡아 줘.,일본어 원문 + 타임스탬프 사진 + 장면 연속성,38.36,T3,화자·문맥·자연스러움 집중 검토,,97.95673076923077,63.39,P2,앞뒤 5블록·사진·오류 기억을 함께 검토
ABF-303,원문·사진 검증본,1033,"02:14:17,720 --> 02:14:18,540",0.82,어떡할까?,기뻐. 고마워.,술 마실래?,반응형,,,,,88.0,90.0,50.0,78.0,12.0,0.40987,0.0,14.0,0.0,0.0,0.302,뭐 할까?,내가 먼저?,일본어 원문 + 타임스탬프 사진 + 장면 연속성,20.17,T4,구조검사 통과 시 유지,,50.881410256410255,33.07,P4,회귀검사 통과 시 유지
ABF-303,원문·사진 검증본,1034,"02:14:18,660 --> 02:14:19,420",0.76,술 마실래?,어떡할까?,응?,중립·혼합형,,,,,88.0,90.0,50.0,78.0,12.0,0.24546,0.0,14.0,0.0,0.0,0.1618,술 마시러 갈게...,술 마시러 갈게…,,13.27,T4,구조검사 통과 시 유지,,20.592948717948715,16.35,P4,회귀검사 통과 시 유지
ABF-303,원문·사진 검증본,1035,"02:14:20,200 --> 02:14:20,640",0.44,응?,술 마실래?,술 마실래?,반응형,,,,,88.0,90.0,50.0,78.0,12.0,0.14912,0.0,14.0,0.0,0.0,0.446,응? 잠깐 기다려…,응? 잠깐만…,일본어 원문 대조 + 자연스러운 한국어 대사 교정,9.22,T4,구조검사 통과 시 유지,,9.054487179487179,9.15,P4,회귀검사 통과 시 유지
ABF-303,원문·사진 검증본,1036,"02:14:20,840 --> 02:14:21,560",0.72,술 마실래?,응?,술 마시고 있어?,중립·혼합형,,,,,88.0,90.0,50.0,78.0,12.0,0.26208,0.0,14.0,0.0,0.0,0.1618,술 마시러 갈게...,술 마시러 갈게…,,13.97,T4,구조검사 통과 시 유지,,23.116987179487182,17.81,P4,회귀검사 통과 시 유지
ABF-303,원문·사진 검증본,1037,"02:14:23,480 --> 02:14:24,700",1.22,술 마시고 있어?,술 마실래?,술.,반응형,,,,,88.0,90.0,50.0,78.0,12.0,0.35317,0.0,14.0,0.0,0.0,0.4586,토헤산을 마시고 있어.,이거 마셔 보고 싶었어요.,사진 장면 확인 및 한국어 번역투·ASR 오역 교정,17.79,T4,구조검사 통과 시 유지,,39.0224358974359,26.71,P4,회귀검사 통과 시 유지
ABF-303,원문·사진 검증본,1038,"02:14:25,160 --> 02:14:25,880",0.72,술.,술 마시고 있어?,술?,중립·혼합형,,,,,88.0,90.0,50.0,78.0,12.0,0.15831,0.0,14.0,0.0,0.0,0.068,술 마시러 갈게...,술 마시러 갈게…,,9.61,T4,구조검사 통과 시 유지,,10.016025641025642,9.78,P4,회귀검사 통과 시 유지
ABF-303,원문·사진 검증본,1039,"02:14:26,040 --> 02:14:26,380",0.34,술?,술.,응.,중립·혼합형,,,,,88.0,90.0,50.0,78.0,12.0,0.20049,0.0,14.0,0.0,0.0,0.0647,술 마시러 갈게...,술 마시러 갈게…,,11.38,T4,구조검사 통과 시 유지,,15.224358974358973,12.99,P4,회귀검사 통과 시 유지
ABF-303,원문·사진 검증본,1040,"02:14:26,680 --> 02:14:26,880",0.2,응.,술?,어떡할까.,반응형,,,,,88.0,90.0,50.0,78.0,12.0,0.06502,0.0,14.0,0.0,0.0,0.4286,"하-, 응.",하아… 응.,,5.69,T4,구조검사 통과 시 유지,,2.8044871794871797,4.48,P4,회귀검사 통과 시 유지
ABF-303,원문·사진 검증본,1041,"02:14:28,740 --> 02:14:29,380",0.64,어떡할까.,응.,이리 와. 꽁냥꽁냥하자.,반응형,,,,,88.0,90.0,50.0,78.0,12.0,0.26827,0.0,14.0,0.0,0.0,0.3157,뭐 할까.,이제 뭐 할까?,일본어 원문 대조 + 자연스러운 한국어 대사 교정,14.23,T4,구조검사 통과 시 유지,,24.03846153846154,18.35,P4,회귀검사 통과 시 유지
ABF-303,원문·사진 검증본,1042,"02:14:30,060 --> 02:14:31,260",1.2,이리 와. 꽁냥꽁냥하자.,어떡할까.,응.,중립·혼합형,,,일본어 원문 대조 + 자연스러운 한국어 대사 교정,높음,96.0,90.0,50.0,92.0,4.0,0.53984,14.92,5.0,0.0,0.0,0.7743,"봐봐, 꽁냥꽁냥하자.",이리 와. 꽁냥꽁냥하자.,일본어 원문 대조 + 자연스러운 한국어 대사 교정,19.01,T4,구조검사 통과 시 유지,,44.35096153846153,29.65,P4,회귀검사 통과 시 유지
ABF-303,원문·사진 검증본,1043,"02:14:31,500 --> 02:14:31,680",0.18,응.,이리 와. 꽁냥꽁냥하자.,"좋아, 좋아.",반응형,,,,,88.0,90.0,50.0,78.0,12.0,0.04315,0.0,14.0,0.0,0.0,0.4286,"하-, 응.",하아… 응.,,4.77,T4,구조검사 통과 시 유지,,1.6826923076923077,3.47,P4,회귀검사 통과 시 유지
ABF-303,원문·사진 검증본,1044,"02:14:33,960 --> 02:18:50,070",256.11,"좋아, 좋아.",응.,응.,반응형,,,,,88.0,90.0,50.0,78.0,12.0,0.64715,0.0,14.0,0.0,0.0,0.6416,"아, 좋아.","아, 들어온다.",,30.14,T4,구조검사 통과 시 유지,,88.50160256410257,54.65,P3,말투·질문응답·가독성 위주 검토
ABF-303,원문·사진 검증본,1045,"02:18:50,070 --> 02:18:50,950",0.88,응.,"좋아, 좋아.",으으음.,반응형,,,,,88.0,90.0,50.0,78.0,12.0,0.03209,0.0,14.0,0.0,0.0,0.4286,"하-, 응.",하아… 응.,,4.31,T4,구조검사 통과 시 유지,,0.8814102564102564,2.87,P4,회귀검사 통과 시 유지
ABF-303,원문·사진 검증본,1046,"02:18:52,090 --> 02:18:54,470",2.38,으으음.,응.,뭐야.,반응형,,,,,88.0,90.0,50.0,78.0,12.0,0.17482,0.93,14.0,0.0,0.0,0.6578,으으음...,으으음…,,10.47,T4,구조검사 통과 시 유지,,12.740384615384615,11.42,P4,회귀검사 통과 시 유지
ABF-303,원문·사진 검증본,1047,"02:18:56,050 --> 02:18:57,150",1.1,뭐야.,으으음.,야아.,반말형,,,,,88.0,90.0,50.0,78.0,12.0,0.16404,0.0,14.0,0.0,0.0,0.3861,뭐야...?,뭐야…?,,9.85,T4,구조검사 통과 시 유지,,10.777243589743591,10.24,P4,회귀검사 통과 시 유지
ABF-303,원문·사진 검증본,1048,"02:18:57,830 --> 02:18:58,330",0.5,야아.,뭐야.,좋네.,반응형,,,,,88.0,90.0,50.0,78.0,12.0,0.22832,0.0,14.0,0.0,0.0,0.0812,"아, 좋아.","아, 들어온다.",,12.55,T4,구조검사 통과 시 유지,,17.94871794871795,14.82,P4,회귀검사 통과 시 유지
ABF-303,원문·사진 검증본,1049,"02:19:00,750 --> 02:19:01,710",0.96,좋네.,야아.,뭐야?,반말형,,,,,88.0,90.0,50.0,78.0,12.0,0.26978,42.0,14.0,0.0,0.0,1.0,좋네.,좋아.,일본어 원문 대조 + 자연스러운 한국어 대사 교정,21.85,T4,구조검사 통과 시 유지,,61.65865384615385,38.57,P4,회귀검사 통과 시 유지
ABF-303,원문·사진 검증본,1050,"02:19:58,720 --> 02:19:59,430",0.71,뭐야?,좋네.,이리 와.,반말형,,,,,88.0,90.0,50.0,78.0,12.0,0.19954,4.11,14.0,0.0,0.0,0.6842,"아, 아... 뭐야?","아, 아… 뭐야?",,12.08,T4,구조검사 통과 시 유지,,16.98717948717949,14.14,P4,회귀검사 통과 시 유지
ABF-303,원문·사진 검증본,1051,"02:19:59,810 --> 02:20:00,590",0.78,이리 와.,뭐야?,어때?,중립·혼합형,,,,,88.0,90.0,50.0,78.0,12.0,0.22975,0.0,14.0,0.0,0.0,0.4147,"음, 오케이. 됐어, 소요. 잠깐 이리 와.","됐어. 후아, 잠깐 이리 와.",사진 장면 확인 및 한국어 번역투·ASR 오역 교정,12.61,T4,구조검사 통과 시 유지,,18.309294871794872,15.0,P4,회귀검사 통과 시 유지
ABF-303,원문·사진 검증본,1052,"02:20:00,790 --> 02:20:01,010",0.22,어때?,이리 와.,이리 와.,반응형,,,,,88.0,90.0,50.0,78.0,12.0,0.1682,1.25,14.0,0.0,0.0,0.6604,어때? 맛은?,어때? 맛 평가해 줘.,일본어 원문 대조 + 자연스러운 한국어 대사 교정,10.25,T4,구조검사 통과 시 유지,,11.979166666666668,10.98,P4,회귀검사 통과 시 유지
ABF-303,원문·사진 검증본,1053,"02:20:01,170 --> 02:20:01,370",0.2,이리 와.,어때?,잠깐만 기다려.,중립·혼합형,,,,,88.0,90.0,50.0,78.0,12.0,0.31082,0.0,14.0,25.0,0.0,0.4147,"음, 오케이. 됐어, 소요. 잠깐 이리 와.","됐어. 후아, 잠깐 이리 와.",사진 장면 확인 및 한국어 번역투·ASR 오역 교정,18.51,T4,구조검사 통과 시 유지,borderline_cps,42.06730769230769,28.4,P4,회귀검사 통과 시 유지
ABF-303,원문·사진 검증본,1054,"02:20:01,370 --> 02:20:03,630",2.26,잠깐만 기다려.,이리 와.,엄청 피곤해 보이네.,반응형,,,,,88.0,90.0,50.0,78.0,12.0,0.48507,0.0,14.0,0.0,0.0,0.4836,기다려...,기다려…,,23.33,T4,구조검사 통과 시 유지,,68.6698717948718,42.37,P3,말투·질문응답·가독성 위주 검토
ABF-303,원문·사진 검증본,1055,"02:21:56,320 --> 02:22:09,130",12.81,엄청 피곤해 보이네.,잠깐만 기다려.,아… 아직 자고 있네.,반말형,,,,,88.0,90.0,50.0,78.0,12.0,0.71677,0.0,14.0,0.0,0.0,0.5495,조금 보이네.,조금은 보이는 것 같아.,일본어 원문 대조 + 자연스러운 한국어 대사 교정,33.06,T4,구조검사 통과 시 유지,,92.54807692307693,58.04,P2,앞뒤 5블록·사진·오류 기억을 함께 검토
ABF-303,원문·사진 검증본,1056,"02:22:14,240 --> 02:22:19,140",4.9,아… 아직 자고 있네.,엄청 피곤해 보이네.,아직 축축하네.,반응형,,,일본어 원문 대조 + 자연스러운 한국어 대사 교정,높음,96.0,90.0,50.0,92.0,4.0,0.64244,21.95,5.0,0.0,0.0,0.8329,아아… 아직 자고 있네.,아… 아직 자고 있네.,일본어 원문 대조 + 자연스러운 한국어 대사 교정,23.02,T4,구조검사 통과 시 유지,,67.2275641025641,41.59,P3,말투·질문응답·가독성 위주 검토
ABF-303,원문·사진 검증본,1057,"02:22:32,610 --> 02:22:33,930",1.32,아직 축축하네.,아… 아직 자고 있네.,잠깐만.,반응형,,,일본어 원문 대조 + 자연스러운 한국어 대사 교정,높음,96.0,90.0,50.0,92.0,4.0,0.67007,0.0,5.0,0.0,0.0,0.4219,아직 축축하게 젖어 있네.,아직 축축하네.,일본어 원문 대조 + 자연스러운 한국어 대사 교정,21.01,T4,구조검사 통과 시 유지,,55.729166666666664,35.59,P4,회귀검사 통과 시 유지
ABF-303,원문·사진 검증본,1058,"02:22:51,800 --> 02:22:58,260",6.46,잠깐만.,아직 축축하네.,으음.,반응형,,,일본어 원문 대조 + 자연스러운 한국어 대사 교정,높음,96.0,90.0,50.0,92.0,4.0,0.35888,13.33,5.0,0.0,0.0,0.7611,하아… 잠깐만.,목욕물 받아 놓은 거지?,일본어 원문 + 타임스탬프 사진 + 장면 연속성,13.33,T4,구조검사 통과 시 유지,,20.91346153846154,16.52,P4,회귀검사 통과 시 유지
ABF-303,원문·사진 검증본,1059,"02:22:58,260 --> 02:23:00,480",2.22,으음.,잠깐만.,이렇게 제대로 보여 줘.,반응형,,,,,88.0,90.0,50.0,78.0,12.0,0.29561,0.0,14.0,0.0,0.0,0.5092,으음...,으음…,,15.38,T4,구조검사 통과 시 유지,,28.28525641025641,20.8,P4,회귀검사 통과 시 유지
ABF-303,원문·사진 검증본,1060,"02:23:25,030 --> 02:23:28,110",3.08,이렇게 제대로 보여 줘.,으음.,네 몸은 네가 제일 잘 알지.,중립·혼합형,,,,,88.0,90.0,50.0,78.0,12.0,0.51856,0.0,14.0,0.0,0.0,0.3966,제대로 돼 있네.,제대로 가려지네.,일본어 원문 대조 + 자연스러운 한국어 대사 교정,24.74,T4,구조검사 통과 시 유지,,74.43910256410257,45.61,P3,말투·질문응답·가독성 위주 검토
ABF-303,원문·사진 검증본,1061,"02:23:30,050 --> 02:23:30,670",0.62,네 몸은 네가 제일 잘 알지.,이렇게 제대로 보여 줘.,정말… 쉿.,반말형,,,일본어 원문 대조 + 자연스러운 한국어 대사 교정,높음,96.0,90.0,50.0,92.0,4.0,0.58311,30.35,5.0,25.0,0.0,0.9029,네 몸은 네가 잘 알지.,네 몸은 네가 제일 잘 알지.,일본어 원문 대조 + 자연스러운 한국어 대사 교정,24.12,T4,구조검사 통과 시 유지,borderline_cps,72.35576923076923,44.38,P3,말투·질문응답·가독성 위주 검토
ABF-303,원문·사진 검증본,1062,"02:23:35,060 --> 02:23:36,120",1.06,정말… 쉿.,네 몸은 네가 제일 잘 알지.,근데 좀 우유 같지 않아?,중립·혼합형,,,,,88.0,90.0,50.0,78.0,12.0,0.30867,0.0,14.0,0.0,0.0,0.1415,정말 좋아.,거기 좋아.,타임스탬프 사진과 장면 흐름으로 명백한 오인식 교정,15.92,T4,구조검사 통과 시 유지,,30.128205128205128,21.89,P4,회귀검사 통과 시 유지
ABF-303,원문·사진 검증본,1063,"02:23:59,700 --> 02:24:01,060",1.36,근데 좀 우유 같지 않아?,정말… 쉿.,그렇게 하니까 안이 꽉 차네.,반응형,,,,,88.0,90.0,50.0,78.0,12.0,0.53411,0.0,14.0,0.0,0.0,0.3067,너무 졸리지 않아?,눈썹도 예쁘네. 너무 진하지도 않고.,손상된 일본어 ASR + 타임스탬프 사진 + 앞뒤 문맥 추론,25.39,T4,구조검사 통과 시 유지,,76.80288461538461,46.98,P3,말투·질문응답·가독성 위주 검토
ABF-303,원문·사진 검증본,1064,"02:24:01,060 --> 02:24:23,270",22.21,그렇게 하니까 안이 꽉 차네.,근데 좀 우유 같지 않아?,조금 더 가까이 와 봐.,반말형,,,손상된 일본어 ASR + 타임스탬프 사진 + 앞뒤 문맥 추론,중간,38.0,78.0,50.0,78.0,62.0,0.64989,0.0,14.0,0.0,0.0,0.3435,그렇게 하면 안쪽이 꽉 차는 것 같아.,그렇게 하니까 안이 꽉 차네.,손상된 일본어 ASR + 타임스탬프 사진 + 앞뒤 문맥 추론,33.26,T4,구조검사 통과 시 유지,,93.02884615384616,58.36,P2,앞뒤 5블록·사진·오류 기억을 함께 검토
ABF-303,원문·사진 검증본,1065,"02:24:25,510 --> 02:24:27,390",1.88,조금 더 가까이 와 봐.,그렇게 하니까 안이 꽉 차네.,"와, 이건 대단하네.",중립·혼합형,,,손상된 일본어 ASR + 타임스탬프 사진 + 앞뒤 문맥 추론,중간,38.0,78.0,50.0,78.0,62.0,0.62731,15.98,14.0,0.0,0.0,0.7832,여기 가까이 와 봐.,조금 더 가까이 와 봐.,손상된 일본어 ASR + 타임스탬프 사진 + 앞뒤 문맥 추론,35.18,T3,화자·문맥·자연스러움 집중 검토,,95.2724358974359,60.42,P2,앞뒤 5블록·사진·오류 기억을 함께 검토
ABF-303,원문·사진 검증본,1066,"02:24:30,890 --> 02:24:37,690",6.8,"와, 이건 대단하네.",조금 더 가까이 와 봐.,나도 어떻게 되는지 보고 싶어.,반말형,,,손상된 일본어 ASR + 타임스탬프 사진 + 앞뒤 문맥 추론,중간,38.0,78.0,50.0,78.0,62.0,0.6551,27.17,14.0,0.0,0.0,0.8764,이건 좀 대단하네.,"와, 이건 대단하네.",손상된 일본어 ASR + 타임스탬프 사진 + 앞뒤 문맥 추론,38.36,T3,화자·문맥·자연스러움 집중 검토,,97.95673076923077,63.39,P2,앞뒤 5블록·사진·오류 기억을 함께 검토
ABF-303,원문·사진 검증본,1067,"02:24:44,900 --> 02:24:57,020",12.12,나도 어떻게 되는지 보고 싶어.,"와, 이건 대단하네.",너도 볼래?,반응형,,,손상된 일본어 ASR + 타임스탬프 사진 + 앞뒤 문맥 추론,중간,38.0,78.0,50.0,78.0,62.0,0.73689,6.94,14.0,0.0,0.0,0.7078,나도 어떻게 됐는지 보고 싶어.,나도 어떻게 되는지 보고 싶어.,손상된 일본어 ASR + 타임스탬프 사진 + 앞뒤 문맥 추론,38.16,T3,화자·문맥·자연스러움 집중 검토,,97.83653846153845,63.22,P2,앞뒤 5블록·사진·오류 기억을 함께 검토
ABF-303,원문·사진 검증본,1068,"02:24:59,740 --> 02:25:01,200",1.46,너도 볼래?,나도 어떻게 되는지 보고 싶어.,뭘 보여 줄까?,중립·혼합형,,,,,88.0,90.0,50.0,78.0,12.0,0.49034,0.0,14.0,0.0,0.0,0.2777,너도 기분 좋지!,너도 좋지?,대화체 자연화,23.55,T4,구조검사 통과 시 유지,,69.75160256410257,42.95,P3,말투·질문응답·가독성 위주 검토
ABF-303,원문·사진 검증본,1069,"02:25:01,200 --> 02:25:01,740",0.54,뭘 보여 줄까?,너도 볼래?,"너, 간 거야?",중립·혼합형,,,손상된 일본어 ASR + 타임스탬프 사진 + 앞뒤 문맥 추론,중간,38.0,78.0,50.0,78.0,62.0,0.53556,20.17,14.0,0.0,0.0,0.8181,여기서 뭘 보여 줄까?,뭘 보여 줄까?,손상된 일본어 ASR + 타임스탬프 사진 + 앞뒤 문맥 추론,32.08,T4,구조검사 통과 시 유지,,91.18589743589743,56.9,P3,말투·질문응답·가독성 위주 검토
ABF-303,원문·사진 검증본,1070,"02:25:15,690 --> 02:25:16,590",0.9,"너, 간 거야?",뭘 보여 줄까?,정말?,반말형,,,,,88.0,90.0,50.0,78.0,12.0,0.47253,0.0,14.0,0.0,0.0,0.3199,끼우는 거야?,끼는 거지?,일본어 원문 대조 + 자연스러운 한국어 대사 교정,22.81,T4,구조검사 통과 시 유지,,66.22596153846155,41.04,P3,말투·질문응답·가독성 위주 검토
ABF-303,원문·사진 검증본,1071,"02:25:19,190 --> 02:25:19,490",0.3,정말?,"너, 간 거야?",계속 축축하게 나오네.,중립·혼합형,,,,,88.0,90.0,50.0,78.0,12.0,0.38723,42.0,14.0,0.0,0.0,1.0,정말?,응.,일본어 원문 + 타임스탬프 사진 + 장면 연속성,26.78,T4,구조검사 통과 시 유지,,80.92948717948718,49.52,P3,말투·질문응답·가독성 위주 검토
ABF-303,원문·사진 검증본,1072,"02:25:54,380 --> 02:25:56,740",2.36,계속 축축하게 나오네.,정말?,뭘 찍은 거야?,반말형,,,일본어 원문 대조 + 자연스러운 한국어 대사 교정,높음,96.0,90.0,50.0,92.0,4.0,0.76405,0.0,5.0,0.0,0.0,0.5592,축축하게 나오고 있어.,계속 축축하게 나오네.,일본어 원문 대조 + 자연스러운 한국어 대사 교정,23.85,T4,구조검사 통과 시 유지,,71.35416666666666,43.8,P3,말투·질문응답·가독성 위주 검토
ABF-303,원문·사진 검증본,1073,"02:26:08,140 --> 02:26:09,140",1.0,뭘 찍은 거야?,계속 축축하게 나오네.,볼게.,반말형,,,손상된 일본어 ASR + 타임스탬프 사진 + 앞뒤 문맥 추론,중간,38.0,78.0,50.0,78.0,62.0,0.73662,0.0,14.0,0.0,0.0,0.574,뭘 찍게 한 거야?,뭘 찍은 거야?,손상된 일본어 ASR + 타임스탬프 사진 + 앞뒤 문맥 추론,36.9,T3,화자·문맥·자연스러움 집중 검토,,97.03525641025641,62.16,P2,앞뒤 5블록·사진·오류 기억을 함께 검토
ABF-303,원문·사진 검증본,1074,"02:26:10,740 --> 02:26:11,840",1.1,볼게.,뭘 찍은 거야?,스스로 벌려 봐.,중립·혼합형,,,,,88.0,90.0,50.0,78.0,12.0,0.36326,0.0,14.0,0.0,0.0,0.2856,확인해볼게.,확인해 볼게.,,18.22,T4,구조검사 통과 시 유지,,40.86538461538461,27.73,P4,회귀검사 통과 시 유지
ABF-303,원문·사진 검증본,1075,"02:26:41,130 --> 02:26:42,690",1.56,스스로 벌려 봐.,볼게.,혼자 하면 외롭잖아.,중립·혼합형,,,일본어 원문 대조 + 자연스러운 한국어 대사 교정,높음,96.0,90.0,50.0,92.0,4.0,0.62725,0.0,5.0,0.0,0.0,0.4973,스스로 쥐고 있어?,네가 직접 잡고 있어?,일본어 원문 대조 + 자연스러운 한국어 대사 교정,19.72,T4,구조검사 통과 시 유지,,48.27724358974359,31.71,P4,회귀검사 통과 시 유지
ABF-303,원문·사진 검증본,1076,"02:26:58,530 --> 02:27:00,750",2.22,혼자 하면 외롭잖아.,스스로 벌려 봐.,조금만 만질게.,반응형,,,,,88.0,90.0,50.0,78.0,12.0,0.61509,0.0,14.0,0.0,0.0,0.1897,천천히 하면 돼.,천천히 하면 괜찮아.,일본어 원문 대조 + 자연스러운 한국어 대사 교정,28.79,T4,구조검사 통과 시 유지,,85.25641025641025,52.51,P3,말투·질문응답·가독성 위주 검토
ABF-303,원문·사진 검증본,1077,"02:27:01,170 --> 02:27:02,090",0.92,조금만 만질게.,혼자 하면 외롭잖아.,집에 가지고 있어?,중립·혼합형,,,,,88.0,90.0,50.0,78.0,12.0,0.52828,0.0,14.0,0.0,0.0,0.3553,조금만 쉬자.,조금 쉬자.,일본어 원문 대조 + 자연스러운 한국어 대사 교정,25.15,T4,구조검사 통과 시 유지,,75.76121794871796,46.41,P3,말투·질문응답·가독성 위주 검토
ABF-303,원문·사진 검증본,1078,"02:27:31,930 --> 02:27:32,590",0.66,집에 가지고 있어?,조금만 만질게.,어떤 성인용품 가지고 있어?,반응형,,,일본어 원문 대조 + 자연스러운 한국어 대사 교정,높음,96.0,90.0,50.0,92.0,4.0,0.54858,21.59,5.0,0.0,0.0,0.8299,가지고 있어?,집에 가지고 있어?,일본어 원문 대조 + 자연스러운 한국어 대사 교정,20.14,T4,구조검사 통과 시 유지,,50.681089743589745,32.97,P4,회귀검사 통과 시 유지
ABF-303,원문·사진 검증본,1079,"02:27:36,490 --> 02:27:38,010",1.52,어떤 성인용품 가지고 있어?,집에 가지고 있어?,가지고 있어.,반응형,,,일본어 원문 대조 + 자연스러운 한국어 대사 교정,높음,96.0,90.0,50.0,92.0,4.0,0.5905,13.85,5.0,0.0,0.0,0.7654,성인용품은 어떤 걸 가지고 있어?,어떤 성인용품 가지고 있어?,일본어 원문 대조 + 자연스러운 한국어 대사 교정,20.4,T4,구조검사 통과 시 유지,,52.28365384615385,33.79,P4,회귀검사 통과 시 유지
ABF-303,원문·사진 검증본,1080,"02:27:39,110 --> 02:27:40,650",1.54,가지고 있어.,어떤 성인용품 가지고 있어?,평소엔 얼마나 자주 해?,반응형,,,,,88.0,90.0,50.0,78.0,12.0,0.42779,9.65,14.0,0.0,0.0,0.7304,가지고 있어?,집에 가지고 있어?,일본어 원문 대조 + 자연스러운 한국어 대사 교정,22.66,T4,구조검사 통과 시 유지,,65.38461538461539,40.6,P3,말투·질문응답·가독성 위주 검토
ABF-303,원문·사진 검증본,1081,"02:27:55,500 --> 02:27:57,080",1.58,평소엔 얼마나 자주 해?,가지고 있어.,기분 좋아?,반말형,,,일본어 원문 대조 + 자연스러운 한국어 대사 교정,높음,96.0,90.0,50.0,92.0,4.0,0.61517,0.0,5.0,0.0,25.0,0.3528,평소엔 자고 있어서...,평소엔 자고 있어서…,,20.79,T4,구조검사 통과 시 유지,question_answer_checksum,54.48717948717948,34.94,P4,회귀검사 통과 시 유지
ABF-303,원문·사진 검증본,1082,"02:27:58,840 --> 02:27:59,560",0.72,기분 좋아?,평소엔 얼마나 자주 해?,기분 좋아.,반응형,,,,,88.0,90.0,50.0,78.0,12.0,0.28565,0.0,14.0,0.0,0.0,0.5985,"아, 거기... 기분 좋아?","아, 거기… 기분 좋아?",,14.96,T4,구조검사 통과 시 유지,,26.482371794871796,19.8,P4,회귀검사 통과 시 유지
ABF-303,원문·사진 검증본,1083,"02:28:01,280 --> 02:28:02,520",1.24,기분 좋아.,기분 좋아?,보지가 움찔거리네.,반응형,,,,,88.0,90.0,50.0,78.0,12.0,0.31073,42.0,14.0,0.0,0.0,1.0,기분 좋아.,"아, 좋아.",화면 영문 자막 대조,23.57,T4,구조검사 통과 시 유지,,69.95192307692307,43.05,P3,말투·질문응답·가독성 위주 검토
ABF-303,원문·사진 검증본,1084,"02:28:06,330 --> 02:28:07,950",1.62,보지가 움찔거리네.,기분 좋아.,네가 직접 잡고 있어?,반말형,,,,,88.0,90.0,50.0,78.0,12.0,0.38331,0.0,14.0,0.0,0.0,0.3793,계속 움찔거리고 있어.,계속 움찔거리고 있네.,일본어 원문 대조 + 자연스러운 한국어 대사 교정,19.06,T4,구조검사 통과 시 유지,,44.631410256410255,29.8,P4,회귀검사 통과 시 유지
ABF-303,원문·사진 검증본,1085,"02:28:38,270 --> 02:28:39,590",1.32,네가 직접 잡고 있어?,보지가 움찔거리네.,어디에 대고 있는 거야?,반응형,,,일본어 원문 대조 + 자연스러운 한국어 대사 교정,높음,96.0,90.0,50.0,92.0,4.0,0.54165,0.0,5.0,0.0,0.0,0.3668,자고 있어?,땀나?,사진 장면 확인 및 한국어 번역투·ASR 오역 교정,17.13,T4,구조검사 통과 시 유지,,35.8974358974359,25.01,P4,회귀검사 통과 시 유지
ABF-303,원문·사진 검증본,1086,"02:28:40,610 --> 02:28:43,070",2.46,어디에 대고 있는 거야?,네가 직접 잡고 있어?,완전히 얼굴을 돌리네.,반응형,,,일본어 원문 대조 + 자연스러운 한국어 대사 교정,높음,96.0,90.0,50.0,92.0,4.0,0.58212,0.0,5.0,0.0,0.0,0.5363,어느 부위에 대고 있는 거야?,어디에 대고 있는 거야?,일본어 원문 대조 + 자연스러운 한국어 대사 교정,18.35,T4,구조검사 통과 시 유지,,41.38621794871795,28.03,P4,회귀검사 통과 시 유지
ABF-303,원문·사진 검증본,1087,"02:28:48,840 --> 02:28:49,760",0.92,완전히 얼굴을 돌리네.,어디에 대고 있는 거야?,이런 거 가지고 있어?,반말형,,,손상된 일본어 ASR + 타임스탬프 사진 + 앞뒤 문맥 추론,중간,38.0,78.0,50.0,78.0,62.0,0.6451,2.0,14.0,0.0,0.0,0.6667,완전히 얼굴을 돌리고 있어.,완전히 얼굴 돌렸네.,일본어 원문 대조 + 자연스러운 한국어 대사 교정,33.41,T4,구조검사 통과 시 유지,,93.26923076923077,58.55,P2,앞뒤 5블록·사진·오류 기억을 함께 검토
ABF-303,원문·사진 검증본,1088,"02:28:57,710 --> 02:28:58,370",0.66,이런 거 가지고 있어?,완전히 얼굴을 돌리네.,집에도 있어?,반응형,,,일본어 원문 대조 + 자연스러운 한국어 대사 교정,높음,96.0,90.0,50.0,92.0,4.0,0.58458,21.42,5.0,0.0,0.0,0.8285,가지고 있어?,집에 가지고 있어?,일본어 원문 대조 + 자연스러운 한국어 대사 교정,21.2,T4,구조검사 통과 시 유지,,57.05128205128205,36.26,P4,회귀검사 통과 시 유지
ABF-303,원문·사진 검증본,1089,"02:28:59,310 --> 02:29:00,790",1.48,집에도 있어?,이런 거 가지고 있어?,이런 거 써 봤어?,반응형,,,,,88.0,90.0,50.0,78.0,12.0,0.33324,0.0,14.0,0.0,0.0,0.3984,자고 있어?,땀나?,사진 장면 확인 및 한국어 번역투·ASR 오역 교정,16.96,T4,구조검사 통과 시 유지,,34.815705128205124,24.46,P4,회귀검사 통과 시 유지
ABF-303,원문·사진 검증본,1090,"02:29:02,710 --> 02:29:03,530",0.82,이런 거 써 봤어?,집에도 있어?,응.,반응형,,,,,88.0,90.0,50.0,78.0,12.0,0.39327,0.0,14.0,0.0,0.0,0.2992,이런 거 좋아하지?,묶여 있는 거 좋아하지?,,19.48,T4,구조검사 통과 시 유지,,47.11538461538461,31.09,P4,회귀검사 통과 시 유지
ABF-303,원문·사진 검증본,1091,"02:29:03,650 --> 02:29:03,910",0.26,응.,이런 거 써 봤어?,성인용품 말이야.,반응형,,,,,88.0,90.0,50.0,78.0,12.0,0.0522,0.0,14.0,0.0,0.0,0.4286,"하-, 응.",하아… 응.,,5.15,T4,구조검사 통과 시 유지,,2.403846153846154,4.0,P4,회귀검사 통과 시 유지
ABF-303,원문·사진 검증본,1092,"02:29:18,600 --> 02:29:26,580",7.98,성인용품 말이야.,응.,완전히 얼굴 돌렸네.,반말형,,,,,88.0,90.0,50.0,78.0,12.0,0.55529,0.0,14.0,0.0,0.0,0.5038,유두 말이야.,젖꼭지 말이야.,,26.28,T4,구조검사 통과 시 유지,,79.8076923076923,48.76,P3,말투·질문응답·가독성 위주 검토
ABF-303,원문·사진 검증본,1093,"02:29:31,600 --> 02:29:32,720",1.12,완전히 얼굴 돌렸네.,성인용품 말이야.,"아, 기분 좋아.",반말형,,,일본어 원문 대조 + 자연스러운 한국어 대사 교정,높음,96.0,90.0,50.0,92.0,4.0,0.53104,0.0,5.0,0.0,0.0,0.3763,완전히 얼굴을 돌리고 있어.,완전히 얼굴 돌렸네.,일본어 원문 대조 + 자연스러운 한국어 대사 교정,16.81,T4,구조검사 통과 시 유지,,34.094551282051285,24.07,P4,회귀검사 통과 시 유지
ABF-303,원문·사진 검증본,1094,"02:29:34,960 --> 02:30:00,810",25.85,"아, 기분 좋아.",완전히 얼굴 돌렸네.,"아, 기분 좋아.",반응형,,,,,88.0,90.0,50.0,78.0,12.0,0.37939,26.14,14.0,0.0,0.0,0.8679,기분 좋아.,"아, 좋아.",화면 영문 자막 대조,23.6,T4,구조검사 통과 시 유지,,70.07211538461539,43.12,P3,말투·질문응답·가독성 위주 검토
ABF-303,원문·사진 검증본,1095,"02:30:01,870 --> 02:30:20,350",18.48,"아, 기분 좋아.","아, 기분 좋아.","싫어, 싫어, 싫어, 싫어, 싫어, 싫어.",반응형,,,,,88.0,90.0,50.0,78.0,12.0,0.33862,26.14,14.0,0.0,0.0,0.8679,기분 좋아.,"아, 좋아.",화면 영문 자막 대조,21.89,T4,구조검사 통과 시 유지,,62.019230769230774,38.74,P4,회귀검사 통과 시 유지
ABF-303,원문·사진 검증본,1096,"02:30:20,350 --> 02:30:22,630",2.28,"싫어, 싫어, 싫어, 싫어, 싫어, 싫어.","아, 기분 좋아.","아, 싫어… 싫어, 싫어…",중립·혼합형,,,,,88.0,90.0,50.0,78.0,12.0,0.39211,24.0,14.0,0.0,0.0,0.6471,"싫어, 아… 아… 아…",싫어… 아… 아…,일본어 원문 대조 + 자연스러운 한국어 대사 교정,23.75,T4,구조검사 통과 시 유지,token_repetition,70.87339743589743,43.54,P3,말투·질문응답·가독성 위주 검토
ABF-303,원문·사진 검증본,1097,"02:30:32,990 --> 02:31:06,860",33.87,"아, 싫어… 싫어, 싫어…","싫어, 싫어, 싫어, 싫어, 싫어, 싫어.",이런 느낌이야.,반응형,,,,,88.0,90.0,50.0,78.0,12.0,0.4277,0.0,14.0,0.0,0.0,0.4568,"싫어, 아… 아… 아…",싫어… 아… 아…,일본어 원문 대조 + 자연스러운 한국어 대사 교정,20.92,T4,구조검사 통과 시 유지,,54.96794871794872,35.22,P4,회귀검사 통과 시 유지
ABF-303,원문·사진 검증본,1098,"02:32:33,940 --> 02:32:34,680",0.74,이런 느낌이야.,"아, 싫어… 싫어, 싫어…",그대로 해 줘.,반말형,,,,,88.0,90.0,50.0,78.0,12.0,0.42291,23.42,14.0,0.0,0.0,0.8452,오늘은 이런 느낌이야.,오늘은 네가 하고 싶은 대로 해.,손상된 일본어 ASR + 타임스탬프 사진 + 앞뒤 문맥 추론,24.94,T4,구조검사 통과 시 유지,,75.32051282051282,46.1,P3,말투·질문응답·가독성 위주 검토
ABF-303,원문·사진 검증본,1099,"02:33:20,400 --> 02:33:21,780",1.38,그대로 해 줘.,이런 느낌이야.,몸 떨리는 거 보여?,반말형,,,,,88.0,90.0,50.0,78.0,12.0,0.39917,0.0,14.0,0.0,0.0,0.4659,그대로 엉덩이 찍게 해줘.,그대로 엉덩이 찍게 해 줘.,,19.72,T4,구조검사 통과 시 유지,,48.27724358974359,31.71,P4,회귀검사 통과 시 유지
ABF-303,원문·사진 검증본,1100,"02:33:30,020 --> 02:33:31,420",1.4,몸 떨리는 거 보여?,그대로 해 줘.,그대로 계속해 줘.,중립·혼합형,,,손상된 일본어 ASR + 타임스탬프 사진 + 앞뒤 문맥 추론,중간,38.0,78.0,50.0,78.0,62.0,0.50883,24.81,14.0,0.0,0.0,0.8568,몸이 떨리는 거 보여?,몸 떨리는 거 보여?,손상된 일본어 ASR + 타임스탬프 사진 + 앞뒤 문맥 추론,31.8,T4,구조검사 통과 시 유지,,90.94551282051282,56.64,P3,말투·질문응답·가독성 위주 검토
ABF-303,원문·사진 검증본,1101,"02:33:31,620 --> 02:33:33,180",1.56,그대로 계속해 줘.,몸 떨리는 거 보여?,안쪽까지 들어가고 있어.,반말형,,,,,88.0,90.0,50.0,78.0,12.0,0.42716,0.0,14.0,0.0,0.0,0.4367,"오, 오... 계속해 봐.","오, 오… 계속해 봐.",,20.9,T4,구조검사 통과 시 유지,,54.807692307692314,35.14,P4,회귀검사 통과 시 유지
ABF-303,원문·사진 검증본,1102,"02:33:44,040 --> 02:33:45,700",1.66,안쪽까지 들어가고 있어.,그대로 계속해 줘.,"와, 벌써 안이 꽉 찼어.",반응형,,,,,88.0,90.0,50.0,78.0,16.0,0.61097,0.0,14.0,0.0,0.0,0.5532,안쪽까지 안 가?,더 안쪽까지 안 들어가?,일본어 원문 대조 + 자연스러운 한국어 대사 교정,28.86,T4,구조검사 통과 시 유지,,85.49679487179486,52.65,P3,말투·질문응답·가독성 위주 검토
ABF-303,원문·사진 검증본,1103,"02:33:45,700 --> 02:33:54,680",8.98,"와, 벌써 안이 꽉 찼어.",안쪽까지 들어가고 있어.,안이 꽉 찼어.,반응형,,,,,88.0,90.0,50.0,78.0,12.0,0.43296,0.0,14.0,0.0,0.0,0.2046,"어, 벌써 느끼고 있잖아.","어, 벌써 좋아하고 있잖아.",,21.14,T4,구조검사 통과 시 유지,,56.770833333333336,36.1,P4,회귀검사 통과 시 유지
ABF-303,원문·사진 검증본,1104,"02:34:04,400 --> 02:34:08,520",4.12,안이 꽉 찼어.,"와, 벌써 안이 꽉 찼어.",엄청 깊이 들어갔어.,반응형,,,,,88.0,90.0,50.0,78.0,12.0,0.52072,0.0,14.0,0.0,0.0,0.1552,그렇게 하면 안쪽이 꽉 차는 것 같아.,그렇게 하니까 안이 꽉 차네.,손상된 일본어 ASR + 타임스탬프 사진 + 앞뒤 문맥 추론,24.83,T4,구조검사 통과 시 유지,,74.67948717948718,45.77,P3,말투·질문응답·가독성 위주 검토
ABF-303,원문·사진 검증본,1105,"02:34:15,700 --> 02:34:17,800",2.1,엄청 깊이 들어갔어.,안이 꽉 찼어.,안쪽 끝까지 닿게 해 줘.,반응형,,,손상된 일본어 ASR + 타임스탬프 사진 + 앞뒤 문맥 추론,중간,38.0,78.0,50.0,78.0,62.0,0.72191,22.28,14.0,0.0,0.0,0.8357,"와, 깊이 들어갔어.",목욕하려면 이제 벗어야지.,일본어 원문 + 타임스탬프 사진 + 장면 연속성,40.29,T3,화자·문맥·자연스러움 집중 검토,,98.71794871794873,64.83,P2,앞뒤 5블록·사진·오류 기억을 함께 검토
ABF-303,원문·사진 검증본,1106,"02:34:18,660 --> 02:34:27,360",8.7,안쪽 끝까지 닿게 해 줘.,엄청 깊이 들어갔어.,안쪽이 계속 조여.,반말형,,,,,88.0,90.0,50.0,78.0,16.0,0.93217,0.0,14.0,0.0,0.0,0.3851,끝까지 잘 해냈어.,끝까지 잘 해냈네.,대화체 종결 자연화,42.35,T3,화자·문맥·자연스러움 집중 검토,,99.75961538461539,66.46,P2,앞뒤 5블록·사진·오류 기억을 함께 검토
ABF-303,원문·사진 검증본,1107,"02:34:35,620 --> 02:34:46,270",10.65,안쪽이 계속 조여.,안쪽 끝까지 닿게 해 줘.,아파?,중립·혼합형,,,손상된 일본어 ASR + 타임스탬프 사진 + 앞뒤 문맥 추론,중간,38.0,78.0,50.0,78.0,66.0,0.84566,0.0,14.0,0.0,0.0,0.5053,안쪽이 계속 조이고 있어.,안쪽이 계속 조여.,손상된 일본어 ASR + 타임스탬프 사진 + 앞뒤 문맥 추론,41.72,T3,화자·문맥·자연스러움 집중 검토,,99.43910256410257,65.96,P2,앞뒤 5블록·사진·오류 기억을 함께 검토
ABF-303,원문·사진 검증본,1108,"02:34:46,270 --> 02:34:46,330",0.06,아파?,안쪽이 계속 조여.,아파?,반응형,,,,,88.0,90.0,50.0,78.0,12.0,0.30789,0.0,14.0,70.0,0.0,0.1754,"아파, 아파, 아파...","아파, 아파, 아파…",,22.89,T4,구조검사 통과 시 유지,high_cps,66.58653846153845,41.24,P3,말투·질문응답·가독성 위주 검토
ABF-303,원문·사진 검증본,1109,"02:34:48,790 --> 02:34:49,830",1.04,아파?,아파?,"아직 자지는 안 넣을 거야.
그 근처만 자극할게.",반응형,,,,,88.0,90.0,50.0,78.0,12.0,0.21826,0.0,14.0,0.0,0.0,0.1754,"아파, 아파, 아파...","아파, 아파, 아파…",,12.13,T4,구조검사 통과 시 유지,,17.067307692307693,14.2,P4,회귀검사 통과 시 유지
ABF-303,원문·사진 검증본,1110,"02:35:00,520 --> 02:35:02,760",2.24,"아직 자지는 안 넣을 거야.
그 근처만 자극할게.",아파?,어디가 좋아?,반말형,,,손상된 일본어 ASR + 타임스탬프 사진 + 앞뒤 문맥 추론,중간,38.0,78.0,50.0,78.0,66.0,0.6974,0.0,14.0,0.0,0.0,0.46,자지 안 넣을 거야.,아직은 안 넣을 거야.,손상된 일본어 ASR + 타임스탬프 사진 + 앞뒤 문맥 추론,35.49,T3,화자·문맥·자연스러움 집중 검토,,95.59294871794873,60.73,P2,앞뒤 5블록·사진·오류 기억을 함께 검토
ABF-303,원문·사진 검증본,1111,"02:35:04,080 --> 02:35:04,880",0.8,어디가 좋아?,"아직 자지는 안 넣을 거야.
그 근처만 자극할게.",여기 좋지?,반응형,,,손상된 일본어 ASR + 타임스탬프 사진 + 앞뒤 문맥 추론,중간,38.0,78.0,50.0,78.0,62.0,0.51599,0.0,14.0,0.0,0.0,0.4086,어디가 좋은지 모르겠어?,어디가 좋은지 아직 모르겠어?,일본어 원문 대조 + 자연스러운 한국어 대사 교정,27.63,T4,구조검사 통과 시 유지,,82.8525641025641,50.82,P3,말투·질문응답·가독성 위주 검토
ABF-303,원문·사진 검증본,1112,"02:35:07,140 --> 02:35:08,180",1.04,여기 좋지?,어디가 좋아?,좋아?,반말형,,,일본어 원문 대조 + 자연스러운 한국어 대사 교정,높음,96.0,90.0,50.0,92.0,4.0,0.57392,19.1,5.0,0.0,0.0,0.8092,좋지?,여기 좋지?,일본어 원문 대조 + 자연스러운 한국어 대사 교정,20.58,T4,구조검사 통과 시 유지,,53.28525641025641,34.32,P4,회귀검사 통과 시 유지
ABF-303,원문·사진 검증본,1113,"02:35:08,440 --> 02:35:08,960",0.52,좋아?,여기 좋지?,자지는 조금 있다가 넣자.,반응형,,,,,88.0,90.0,50.0,78.0,12.0,0.41857,0.0,14.0,0.0,0.0,0.6213,안쪽이 좋아?,안쪽도 좋아?,일본어 원문 대조 + 자연스러운 한국어 대사 교정,20.54,T4,구조검사 통과 시 유지,,53.08493589743589,34.21,P4,회귀검사 통과 시 유지
ABF-303,원문·사진 검증본,1114,"02:35:12,740 --> 02:35:14,040",1.3,자지는 조금 있다가 넣자.,좋아?,바이브레이터도 같이 쓰면 좋겠지?,반말형,,,손상된 일본어 ASR + 타임스탬프 사진 + 앞뒤 문맥 추론,중간,38.0,78.0,50.0,78.0,66.0,0.84686,0.0,14.0,0.0,0.0,0.5971,자지는 다음에 넣자.,자지는 조금 있다가 넣자.,손상된 일본어 ASR + 타임스탬프 사진 + 앞뒤 문맥 추론,41.77,T3,화자·문맥·자연스러움 집중 검토,,99.51923076923077,66.02,P2,앞뒤 5블록·사진·오류 기억을 함께 검토
ABF-303,원문·사진 검증본,1115,"02:35:14,760 --> 02:35:16,140",1.38,바이브레이터도 같이 쓰면 좋겠지?,자지는 조금 있다가 넣자.,응.,반말형,,,일본어 원문 대조 + 자연스러운 한국어 대사 교정,높음,96.0,90.0,50.0,92.0,4.0,0.75584,0.0,5.0,0.0,0.0,0.5849,바이브레이터도 있으면 좋지 않아?,바이브레이터도 같이 쓰면 좋겠지?,일본어 원문 대조 + 자연스러운 한국어 대사 교정,23.61,T4,구조검사 통과 시 유지,,70.2323717948718,43.19,P3,말투·질문응답·가독성 위주 검토
ABF-303,원문·사진 검증본,1116,"02:35:16,440 --> 02:35:16,700",0.26,응.,바이브레이터도 같이 쓰면 좋겠지?,자지 넣고 싶어.,반응형,,,,,88.0,90.0,50.0,78.0,12.0,0.07843,0.0,14.0,0.0,0.0,0.4286,"하-, 응.",하아… 응.,,6.25,T4,구조검사 통과 시 유지,,3.766025641025641,5.21,P4,회귀검사 통과 시 유지
ABF-303,원문·사진 검증본,1117,"02:35:18,680 --> 02:35:20,000",1.32,자지 넣고 싶어.,응.,아직은 안 넣을 거야.,반응형,,,,,88.0,90.0,50.0,78.0,16.0,0.56335,22.81,14.0,0.0,0.0,0.8401,넣고 싶어.,빨리 넣고 싶어.,일본어 원문 대조 + 자연스러운 한국어 대사 교정,30.97,T4,구조검사 통과 시 유지,,89.82371794871796,55.69,P3,말투·질문응답·가독성 위주 검토
ABF-303,원문·사진 검증본,1118,"02:35:20,000 --> 02:36:04,010",44.01,아직은 안 넣을 거야.,자지 넣고 싶어.,대단해.,반응형,,,손상된 일본어 ASR + 타임스탬프 사진 + 앞뒤 문맥 추론,중간,38.0,78.0,50.0,78.0,66.0,0.79351,0.0,14.0,0.0,0.0,0.6277,자지 안 넣을 거야.,아직은 안 넣을 거야.,손상된 일본어 ASR + 타임스탬프 사진 + 앞뒤 문맥 추론,39.53,T3,화자·문맥·자연스러움 집중 검토,,98.4775641025641,64.29,P2,앞뒤 5블록·사진·오류 기억을 함께 검토
ABF-303,원문·사진 검증본,1119,"02:36:07,050 --> 02:36:08,450",1.4,대단해.,아직은 안 넣을 거야.,괜찮아?,반말형,,,,,88.0,90.0,50.0,78.0,12.0,0.23434,42.0,14.0,0.0,0.0,1.0,대단해.,기분 좋네.,일본어 원문 + 타임스탬프 사진 + 장면 연속성,20.36,T4,구조검사 통과 시 유지,,51.88301282051282,33.6,P4,회귀검사 통과 시 유지
ABF-303,원문·사진 검증본,1120,"02:36:13,290 --> 02:36:14,010",0.72,괜찮아?,대단해.,"응, 괜찮아.",반응형,,,,,88.0,90.0,50.0,78.0,12.0,0.29346,0.0,14.0,0.0,0.0,0.5244,더 해줘도 돼? 더 해줘. 괜찮아?,더 해 줘도 돼? 더 해 줘. 괜찮아?,,15.29,T4,구조검사 통과 시 유지,,27.804487179487182,20.55,P4,회귀검사 통과 시 유지
ABF-303,원문·사진 검증본,1121,"02:36:14,010 --> 02:36:14,950",0.94,"응, 괜찮아.",괜찮아?,괜찮아.,반응형,,,일본어 원문 대조 + 자연스러운 한국어 대사 교정,높음,96.0,90.0,50.0,92.0,4.0,0.4257,22.87,5.0,0.0,0.0,0.8406,괜찮아.,최고예요.,화면 영문 자막 대조,16.59,T4,구조검사 통과 시 유지,,32.8125,23.4,P4,회귀검사 통과 시 유지
ABF-303,원문·사진 검증본,1122,"02:36:14,970 --> 02:36:18,330",3.36,괜찮아.,"응, 괜찮아.",괜찮아요?,반응형,,,,,88.0,90.0,50.0,78.0,12.0,0.31044,42.0,14.0,0.0,0.0,1.0,괜찮아.,최고예요.,화면 영문 자막 대조,23.56,T4,구조검사 통과 시 유지,,69.87179487179486,43.01,P3,말투·질문응답·가독성 위주 검토
ABF-303,원문·사진 검증본,1123,"02:36:44,560 --> 02:36:46,500",1.94,괜찮아요?,괜찮아.,괜찮아?,반응형,,,,,88.0,90.0,50.0,78.0,12.0,0.323,0.0,14.0,0.0,0.0,0.5449,빨아 줬으면 좋겠는데… 괜찮아요?,거기 좋아… 그대로 해 줘.,손상된 일본어 ASR + 타임스탬프 사진 + 앞뒤 문맥 추론,16.53,T4,구조검사 통과 시 유지,,32.57211538461539,23.27,P4,회귀검사 통과 시 유지
ABF-303,원문·사진 검증본,1124,"02:36:52,640 --> 02:36:53,940",1.3,괜찮아?,괜찮아요?,"괜찮아, 괜찮아.",반응형,,,,,88.0,90.0,50.0,78.0,12.0,0.17335,0.0,14.0,0.0,0.0,0.5244,더 해줘도 돼? 더 해줘. 괜찮아?,더 해 줘도 돼? 더 해 줘. 괜찮아?,,10.24,T4,구조검사 통과 시 유지,,11.818910256410255,10.9,P4,회귀검사 통과 시 유지
ABF-303,원문·사진 검증본,1125,"02:36:56,120 --> 02:36:57,800",1.68,"괜찮아, 괜찮아.",괜찮아?,괜찮아.,반응형,,,,,88.0,90.0,50.0,78.0,12.0,0.31884,16.68,14.0,0.0,0.0,0.789,괜찮아.,최고예요.,화면 영문 자막 대조,19.35,T4,구조검사 통과 시 유지,,46.394230769230774,30.71,P4,회귀검사 통과 시 유지
ABF-303,원문·사진 검증본,1126,"02:37:01,130 --> 02:37:01,690",0.56,괜찮아.,"괜찮아, 괜찮아.",옆으로 돌아누워 줘.,반응형,,,,,88.0,90.0,50.0,78.0,12.0,0.35774,42.0,14.0,0.0,0.0,1.0,괜찮아.,최고예요.,화면 영문 자막 대조,25.55,T4,구조검사 통과 시 유지,,77.64423076923077,47.43,P3,말투·질문응답·가독성 위주 검토
ABF-303,원문·사진 검증본,1127,"02:37:29,480 --> 02:38:07,970",38.49,옆으로 돌아누워 줘.,괜찮아.,허리를 조금 들어 줘.,반응형,,,일본어 원문 대조 + 자연스러운 한국어 대사 교정,높음,96.0,90.0,50.0,92.0,4.0,0.81852,25.44,5.0,0.0,0.0,0.862,옆으로 돌아누워 주세요.,옆으로 돌아누워 줘.,일본어 원문 대조 + 자연스러운 한국어 대사 교정,28.8,T4,구조검사 통과 시 유지,,85.41666666666666,52.58,P3,말투·질문응답·가독성 위주 검토
ABF-303,원문·사진 검증본,1128,"02:38:38,370 --> 02:38:39,990",1.62,허리를 조금 들어 줘.,옆으로 돌아누워 줘.,잠깐만…,반응형,,,일본어 원문 대조 + 자연스러운 한국어 대사 교정,높음,96.0,90.0,50.0,92.0,4.0,0.84566,18.55,5.0,0.0,0.0,0.8046,허리를 조금 들어 주세요.,허리를 조금 들어 줘.,일본어 원문 대조 + 자연스러운 한국어 대사 교정,28.73,T4,구조검사 통과 시 유지,,85.05608974358975,52.39,P3,말투·질문응답·가독성 위주 검토
ABF-303,원문·사진 검증본,1129,"02:38:40,850 --> 02:38:41,330",0.48,잠깐만…,허리를 조금 들어 줘.,힘 빼.,반응형,,,일본어 원문 대조 + 자연스러운 한국어 대사 교정,높음,96.0,90.0,50.0,92.0,4.0,0.6181,42.0,5.0,0.0,0.0,1.0,잠깐만…,나만 벗는 거야?,일본어 원문 + 타임스탬프 사진 + 장면 연속성,24.88,T4,구조검사 통과 시 유지,,75.0801282051282,45.96,P3,말투·질문응답·가독성 위주 검토
ABF-303,원문·사진 검증본,1130,"02:38:41,330 --> 02:38:41,990",0.66,힘 빼.,잠깐만…,긴장 풀어.,중립·혼합형,,,일본어 원문 대조 + 자연스러운 한국어 대사 교정,높음,96.0,90.0,50.0,92.0,8.0,0.83341,0.0,5.0,0.0,0.0,0.4658,빨리 콘돔 빼.,빨리 콘돔 꺼내.,사진 장면 확인 및 한국어 번역투·ASR 오역 교정,26.12,T4,구조검사 통과 시 유지,,79.40705128205127,48.5,P3,말투·질문응답·가독성 위주 검토
ABF-303,원문·사진 검증본,1131,"02:38:43,230 --> 02:38:44,770",1.54,긴장 풀어.,힘 빼.,싫어!,반응형,,,일본어 원문 대조 + 자연스러운 한국어 대사 교정,높음,96.0,90.0,50.0,92.0,4.0,0.55375,0.0,5.0,0.0,0.0,0.574,긴장 풀어요.,긴장 풀어.,일본어 원문 대조 + 자연스러운 한국어 대사 교정,17.49,T4,구조검사 통과 시 유지,,37.62019230769231,25.94,P4,회귀검사 통과 시 유지
ABF-303,원문·사진 검증본,1132,"02:38:44,870 --> 02:38:46,110",1.24,싫어!,긴장 풀어.,아…,반응형,,,,,88.0,90.0,50.0,78.0,12.0,0.19275,0.0,14.0,0.0,0.0,0.2151,싫어...,싫어…,,11.06,T4,구조검사 통과 시 유지,,14.38301282051282,12.46,P4,회귀검사 통과 시 유지
ABF-303,원문·사진 검증본,1133,"02:39:06,380 --> 02:39:07,300",0.92,아…,싫어!,싫다고 해도 또 나와 버려.,반응형,,,,,88.0,90.0,50.0,78.0,12.0,0.2803,10.78,14.0,0.0,0.0,0.7398,"싫어, 아… 아… 아…",싫어… 아… 아…,일본어 원문 대조 + 자연스러운 한국어 대사 교정,16.67,T4,구조검사 통과 시 유지,,33.493589743589745,23.74,P4,회귀검사 통과 시 유지
ABF-303,원문·사진 검증본,1134,"02:39:09,780 --> 02:39:10,840",1.06,싫다고 해도 또 나와 버려.,아…,일어날 수 있어?,반말형,,,손상된 일본어 ASR + 타임스탬프 사진 + 앞뒤 문맥 추론,중간,38.0,78.0,50.0,78.0,62.0,0.6895,36.98,14.0,0.0,0.0,0.9582,싫다고 해도 나와 버려.,싫다고 해도 또 나와 버려.,손상된 일본어 ASR + 타임스탬프 사진 + 앞뒤 문맥 추론,41.58,T3,화자·문맥·자연스러움 집중 검토,,99.27884615384616,65.81,P2,앞뒤 5블록·사진·오류 기억을 함께 검토
ABF-303,원문·사진 검증본,1135,"02:39:41,950 --> 02:39:45,900",3.95,일어날 수 있어?,싫다고 해도 또 나와 버려.,좀 일으켜 주세요.,반응형,,,,,88.0,90.0,50.0,78.0,12.0,0.58492,0.0,14.0,0.0,0.0,0.354,자고 있어?,땀나?,사진 장면 확인 및 한국어 번역투·ASR 오역 교정,27.53,T4,구조검사 통과 시 유지,,82.61217948717949,50.66,P3,말투·질문응답·가독성 위주 검토
ABF-303,원문·사진 검증본,1136,"02:39:46,340 --> 02:39:47,580",1.24,좀 일으켜 주세요.,일어날 수 있어?,뭐 했어?,반응형,,,,,88.0,90.0,50.0,78.0,12.0,0.4992,0.0,14.0,0.0,18.0,0.4233,쉬어 주세요.,잠깐 쉬게 해 주세요.,사진 장면 확인 및 한국어 번역투·ASR 오역 교정,25.37,T4,구조검사 통과 시 유지,formality_shift,76.6826923076923,46.92,P3,말투·질문응답·가독성 위주 검토
ABF-303,원문·사진 검증본,1137,"02:40:17,330 --> 02:40:18,170",0.84,뭐 했어?,좀 일으켜 주세요.,갈 것 같아?,반응형,,,,,88.0,90.0,50.0,78.0,12.0,0.30507,0.0,14.0,0.0,18.0,0.2681,부활했어?,다시 섰어?,일본어 원문 대조 + 자연스러운 한국어 대사 교정,17.21,T4,구조검사 통과 시 유지,formality_shift,36.33814102564102,25.24,P4,회귀검사 통과 시 유지
ABF-303,원문·사진 검증본,1138,"02:40:19,230 --> 02:40:19,870",0.64,갈 것 같아?,뭐 했어?,가?,반응형,,,,,88.0,90.0,50.0,78.0,12.0,0.37053,0.0,14.0,0.0,0.0,0.6418,싸버릴 것 같아?,싸 버릴 것 같아?,,18.52,T4,구조검사 통과 시 유지,,42.1474358974359,28.44,P4,회귀검사 통과 시 유지
ABF-303,원문·사진 검증본,1139,"02:40:21,570 --> 02:40:22,230",0.66,가?,갈 것 같아?,잠깐만.,중립·혼합형,,,,,88.0,90.0,50.0,78.0,12.0,0.26977,0.0,14.0,0.0,0.0,0.5518,어디로 가?,여기?,일본어 원문 대조 + 자연스러운 한국어 대사 교정,14.29,T4,구조검사 통과 시 유지,,24.278846153846153,18.49,P4,회귀검사 통과 시 유지
ABF-303,원문·사진 검증본,1140,"02:40:26,990 --> 02:40:41,990",15.0,잠깐만.,가?,여기 찌르는 게 좋아?,반응형,,,일본어 원문 대조 + 자연스러운 한국어 대사 교정,높음,96.0,90.0,50.0,92.0,4.0,0.42564,13.33,5.0,0.0,0.0,0.7611,하아… 잠깐만.,목욕물 받아 놓은 거지?,일본어 원문 + 타임스탬프 사진 + 장면 연속성,15.35,T4,구조검사 통과 시 유지,,28.044871794871796,20.68,P4,회귀검사 통과 시 유지
ABF-303,원문·사진 검증본,1141,"02:41:16,360 --> 02:41:17,740",1.38,여기 찌르는 게 좋아?,잠깐만.,내가 움직일 테니까 느껴 봐.,반응형,,,,,88.0,90.0,50.0,78.0,12.0,0.56221,0.0,14.0,0.0,0.0,0.3328,어떻게 먹는 게 좋아?,어떻게 해 주는 게 좋아?,일본어 원문 대조 + 자연스러운 한국어 대사 교정,26.57,T4,구조검사 통과 시 유지,,80.52884615384616,49.23,P3,말투·질문응답·가독성 위주 검토
ABF-303,원문·사진 검증본,1142,"02:41:18,020 --> 02:41:19,920",1.9,내가 움직일 테니까 느껴 봐.,여기 찌르는 게 좋아?,아…,중립·혼합형,,,,,88.0,90.0,50.0,78.0,16.0,0.71744,0.0,14.0,0.0,0.0,0.2804,내가 매일 닦아줄 테니까…,그럼 내가 매일 닦아 줄게.,일본어 원문 대조 + 자연스러운 한국어 대사 교정,33.33,T4,구조검사 통과 시 유지,,93.10897435897436,58.44,P2,앞뒤 5블록·사진·오류 기억을 함께 검토
ABF-303,원문·사진 검증본,1143,"02:41:19,920 --> 02:41:20,960",1.04,아…,내가 움직일 테니까 느껴 봐.,가고 싶어?,반응형,,,,,88.0,90.0,50.0,78.0,12.0,0.0831,10.78,14.0,0.0,0.0,0.7398,"싫어, 아… 아… 아…",싫어… 아… 아…,일본어 원문 대조 + 자연스러운 한국어 대사 교정,8.39,T4,구조검사 통과 시 유지,,6.810897435897435,7.73,P4,회귀검사 통과 시 유지
ABF-303,원문·사진 검증본,1144,"02:41:21,740 --> 02:41:22,320",0.58,가고 싶어?,아…,"응, 가고 싶어.",반응형,,,,,88.0,90.0,50.0,78.0,12.0,0.16212,0.0,14.0,0.0,0.0,0.5805,잘 빨고 싶어?,계속 빨고 싶어?,일본어 원문 대조 + 자연스러운 한국어 대사 교정,9.77,T4,구조검사 통과 시 유지,,10.416666666666668,10.04,P4,회귀검사 통과 시 유지
ABF-303,원문·사진 검증본,1145,"02:41:22,480 --> 02:41:23,900",1.42,"응, 가고 싶어.",가고 싶어?,더 세게 해 줘.,반응형,,,,,88.0,90.0,50.0,78.0,12.0,0.33231,0.0,14.0,0.0,0.0,0.4746,넣고 싶어.,빨리 넣고 싶어.,일본어 원문 대조 + 자연스러운 한국어 대사 교정,16.92,T4,구조검사 통과 시 유지,,34.53525641025641,24.32,P4,회귀검사 통과 시 유지
ABF-303,원문·사진 검증본,1146,"02:41:27,160 --> 02:41:28,600",1.44,더 세게 해 줘.,"응, 가고 싶어.",더 세게.,반말형,,,,,88.0,90.0,50.0,78.0,12.0,0.38239,42.0,14.0,0.0,0.0,1.0,더 세게 해 줘.,더 세게.,일본어 원문 대조 + 자연스러운 한국어 대사 교정,26.58,T4,구조검사 통과 시 유지,,80.68910256410257,49.31,P3,말투·질문응답·가독성 위주 검토
ABF-303,원문·사진 검증본,1147,"02:41:28,600 --> 02:41:30,620",2.02,더 세게.,더 세게 해 줘.,가고 싶어?,중립·혼합형,,,일본어 원문 대조 + 자연스러운 한국어 대사 교정,높음,96.0,90.0,50.0,92.0,4.0,0.37046,0.0,5.0,0.0,0.0,0.3854,더 세게 해 줘.,더 세게.,일본어 원문 대조 + 자연스러운 한국어 대사 교정,11.95,T4,구조검사 통과 시 유지,,16.666666666666664,13.93,P4,회귀검사 통과 시 유지
ABF-303,원문·사진 검증본,1148,"02:41:30,620 --> 02:41:31,980",1.36,가고 싶어?,더 세게.,아… 안 돼.,반응형,,,,,88.0,90.0,50.0,78.0,12.0,0.32274,0.0,14.0,0.0,0.0,0.5805,잘 빨고 싶어?,계속 빨고 싶어?,일본어 원문 대조 + 자연스러운 한국어 대사 교정,16.52,T4,구조검사 통과 시 유지,,32.41185897435898,23.19,P4,회귀검사 통과 시 유지
ABF-303,원문·사진 검증본,1149,"02:42:35,880 --> 02:42:37,540",1.66,아… 안 돼.,가고 싶어?,가고 싶어.,반응형,,,,,88.0,90.0,50.0,78.0,12.0,0.2761,17.99,14.0,0.0,0.0,0.7999,안 돼.,"네, 놀랐어요.",타임스탬프 사진과 앞뒤 장면으로 대사 기능 복원,17.8,T4,구조검사 통과 시 유지,,39.30288461538461,26.83,P4,회귀검사 통과 시 유지
ABF-303,원문·사진 검증본,1150,"02:42:37,540 --> 02:42:38,200",0.66,가고 싶어.,아… 안 돼.,가고 싶어.,반응형,,,,,88.0,90.0,50.0,78.0,12.0,0.15205,0.0,14.0,0.0,0.0,0.5526,넣고 싶어.,빨리 넣고 싶어.,일본어 원문 대조 + 자연스러운 한국어 대사 교정,9.35,T4,구조검사 통과 시 유지,,9.294871794871796,9.33,P4,회귀검사 통과 시 유지
ABF-303,원문·사진 검증본,1151,"02:42:38,200 --> 02:42:39,180",0.98,가고 싶어.,가고 싶어.,가고 싶어.,반응형,,,,,88.0,90.0,50.0,78.0,12.0,0.1697,0.0,14.0,0.0,30.0,0.5526,넣고 싶어.,빨리 넣고 싶어.,일본어 원문 대조 + 자연스러운 한국어 대사 교정,12.49,T4,구조검사 통과 시 유지,triple_identical_run,17.828525641025642,14.73,P4,회귀검사 통과 시 유지
ABF-303,원문·사진 검증본,1152,"02:42:39,180 --> 02:42:40,740",1.56,가고 싶어.,가고 싶어.,가고 싶어.,반응형,,,,,88.0,90.0,50.0,78.0,12.0,0.1691,0.0,14.0,0.0,30.0,0.5526,넣고 싶어.,빨리 넣고 싶어.,일본어 원문 대조 + 자연스러운 한국어 대사 교정,12.46,T4,구조검사 통과 시 유지,triple_identical_run,17.588141025641026,14.61,P4,회귀검사 통과 시 유지
ABF-303,원문·사진 검증본,1153,"02:42:40,740 --> 02:43:04,790",24.05,가고 싶어.,가고 싶어.,으응?,반응형,,,,,88.0,90.0,50.0,78.0,12.0,0.24417,0.0,14.0,0.0,0.0,0.5526,넣고 싶어.,빨리 넣고 싶어.,일본어 원문 대조 + 자연스러운 한국어 대사 교정,13.22,T4,구조검사 통과 시 유지,,20.432692307692307,16.25,P4,회귀검사 통과 시 유지
ABF-303,원문·사진 검증본,1154,"02:43:04,790 --> 02:43:15,330",10.54,으응?,가고 싶어.,잠깐만… 배에 싸 줘.,반응형,,,,,88.0,90.0,50.0,78.0,12.0,0.37244,0.0,14.0,0.0,0.0,0.2374,으응...,으응…,,18.6,T4,구조검사 통과 시 유지,,42.58814102564102,28.68,P4,회귀검사 통과 시 유지
ABF-303,원문·사진 검증본,1155,"02:43:43,550 --> 02:43:46,170",2.62,잠깐만… 배에 싸 줘.,으응?,"와, 대박.",반응형,,,손상된 일본어 ASR + 타임스탬프 사진 + 앞뒤 문맥 추론,중간,38.0,78.0,50.0,78.0,62.0,0.6474,19.08,14.0,0.0,0.0,0.809,잠깐만… 배에 싸 주세요.,잠깐만… 배에 싸 줘.,손상된 일본어 ASR + 타임스탬프 사진 + 앞뒤 문맥 추론,36.59,T3,화자·문맥·자연스러움 집중 검토,,96.63461538461539,61.81,P2,앞뒤 5블록·사진·오류 기억을 함께 검토
ABF-303,원문·사진 검증본,1156,"02:43:50,450 --> 02:43:52,350",1.9,"와, 대박.",잠깐만… 배에 싸 줘.,지금 네가 직접 손가락 넣은 거지?,중립·혼합형,,,,,88.0,90.0,50.0,78.0,12.0,0.44565,0.0,14.0,0.0,0.0,0.5655,에~ 대박.,에… 대박.,,21.68,T4,구조검사 통과 시 유지,,60.056089743589745,37.8,P4,회귀검사 통과 시 유지
ABF-303,원문·사진 검증본,1157,"02:43:55,410 --> 02:43:57,650",2.24,지금 네가 직접 손가락 넣은 거지?,"와, 대박.",손가락을 세우고 있어…,반말형,,,손상된 일본어 ASR + 타임스탬프 사진 + 앞뒤 문맥 추론,중간,38.0,78.0,50.0,78.0,66.0,0.72195,0.0,14.0,0.0,0.0,0.3685,잘 거지?,갈 수 있지?,사진 장면 확인 및 한국어 번역투·ASR 오역 교정,36.52,T3,화자·문맥·자연스러움 집중 검토,,96.39423076923077,61.67,P2,앞뒤 5블록·사진·오류 기억을 함께 검토
ABF-303,원문·사진 검증본,1158,"02:43:58,390 --> 02:44:02,590",4.2,손가락을 세우고 있어…,지금 네가 직접 손가락 넣은 거지?,부끄러워…,반응형,,,,,88.0,90.0,50.0,78.0,12.0,0.4822,0.0,14.0,0.0,0.0,0.2085,유두를 이렇게 세우고.,젖꼭지도 이렇게 세우고.,,23.21,T4,구조검사 통과 시 유지,,67.66826923076923,41.88,P3,말투·질문응답·가독성 위주 검토
ABF-303,원문·사진 검증본,1159,"02:44:06,950 --> 02:44:11,290",4.34,부끄러워…,손가락을 세우고 있어…,갈게…,중립·혼합형,,,,,88.0,90.0,50.0,78.0,12.0,0.29201,24.51,14.0,0.0,0.0,0.8543,"하아, 부끄러워…",하아… 부끄러워.,일본어 원문 대조 + 자연스러운 한국어 대사 교정,19.64,T4,구조검사 통과 시 유지,,47.996794871794876,31.55,P4,회귀검사 통과 시 유지
ABF-303,원문·사진 검증본,1160,"02:44:42,400 --> 02:44:43,160",0.76,갈게…,부끄러워…,우… 아아아…,중립·혼합형,,,,,88.0,90.0,50.0,78.0,12.0,0.33645,0.0,14.0,0.0,0.0,0.2044,"갈게, 갈게... 한 번 더.","갈게, 갈게… 한 번 더.",,17.09,T4,구조검사 통과 시 유지,,35.57692307692308,24.85,P4,회귀검사 통과 시 유지
ABF-303,원문·사진 검증본,1161,"02:44:43,340 --> 02:44:48,480",5.14,우… 아아아…,갈게…,하아… 역시.,반응형,,,,,88.0,90.0,50.0,78.0,12.0,0.56914,17.15,14.0,0.0,0.0,0.7929,아아아…,잠깐만.,일본어 원문 + 타임스탬프 사진 + 장면 연속성,29.95,T4,구조검사 통과 시 유지,,87.94070512820514,54.31,P3,말투·질문응답·가독성 위주 검토
ABF-303,원문·사진 검증본,1162,"02:44:48,480 --> 02:44:49,440",0.96,하아… 역시.,우… 아아아…,"하아, 기분 좋아.",반응형,,,일본어 원문 대조 + 자연스러운 한국어 대사 교정,높음,96.0,90.0,50.0,92.0,4.0,0.58422,10.55,5.0,0.0,0.0,0.7379,하아 역시.,하아… 역시.,일본어 원문 대조 + 자연스러운 한국어 대사 교정,19.78,T4,구조검사 통과 시 유지,,48.83814102564102,31.98,P4,회귀검사 통과 시 유지
ABF-303,원문·사진 검증본,1163,"02:44:53,690 --> 02:44:58,430",4.74,"하아, 기분 좋아.",하아… 역시.,미칠 것처럼 기분 좋아.,반응형,,,일본어 원문 대조 + 자연스러운 한국어 대사 교정,높음,96.0,90.0,50.0,92.0,4.0,0.56228,5.7,5.0,0.0,0.0,0.6975,기분 좋아.,"아, 좋아.",화면 영문 자막 대조,18.49,T4,구조검사 통과 시 유지,,41.98717948717949,28.36,P4,회귀검사 통과 시 유지
ABF-303,원문·사진 검증본,1164,"02:45:00,890 --> 02:45:02,710",1.82,미칠 것처럼 기분 좋아.,"하아, 기분 좋아.",가 버렸어.,반응형,,,,,88.0,90.0,50.0,78.0,12.0,0.59823,0.0,14.0,0.0,0.0,0.4935,기분 좋아.,"아, 좋아.",화면 영문 자막 대조,28.09,T4,구조검사 통과 시 유지,,84.05448717948718,51.6,P3,말투·질문응답·가독성 위주 검토
ABF-303,원문·사진 검증본,1165,"02:45:02,710 --> 02:45:03,510",0.8,가 버렸어.,미칠 것처럼 기분 좋아.,아아…,반응형,,,,,88.0,90.0,50.0,78.0,12.0,0.42269,32.56,14.0,0.0,0.0,0.9214,"아, 가 버렸어.",끈이 아직 남아 있어요.,일본어 원문 + 타임스탬프 사진 + 장면 연속성,26.57,T4,구조검사 통과 시 유지,,80.52884615384616,49.23,P3,말투·질문응답·가독성 위주 검토
ABF-303,원문·사진 검증본,1166,"02:45:05,790 --> 02:45:06,670",0.88,아아…,가 버렸어.,하아… 들어가.,반응형,,,,,88.0,90.0,50.0,78.0,12.0,0.45616,42.0,14.0,0.0,0.0,1.0,아아…,"와, 진짜 많이 커졌어.",일본어 원문 + 타임스탬프 사진 + 장면 연속성,29.68,T4,구조검사 통과 시 유지,,87.33974358974359,53.9,P3,말투·질문응답·가독성 위주 검토
ABF-303,원문·사진 검증본,1167,"02:45:06,670 --> 02:45:13,430",6.76,하아… 들어가.,아아…,아파. 아파. 아파.,반응형,,,일본어 원문 대조 + 자연스러운 한국어 대사 교정,높음,96.0,90.0,50.0,92.0,4.0,0.47367,0.0,5.0,0.0,0.0,0.5799,하아…,보여 줘.,일본어 원문 + 타임스탬프 사진 + 장면 연속성,15.07,T4,구조검사 통과 시 유지,,26.883012820512818,20.03,P4,회귀검사 통과 시 유지
ABF-303,원문·사진 검증본,1168,"02:45:13,430 --> 02:45:23,010",9.58,아파. 아파. 아파.,하아… 들어가.,괜찮아!,반응형,,,,,88.0,90.0,50.0,78.0,12.0,0.39258,11.63,14.0,0.0,0.0,0.7469,배가 아파.,안쪽이 아파.,,21.54,T4,구조검사 통과 시 유지,,59.13461538461539,37.33,P4,회귀검사 통과 시 유지
ABF-303,원문·사진 검증본,1169,"02:45:31,670 --> 02:45:32,910",1.24,괜찮아!,아파. 아파. 아파.,"거기, 거기…",반응형,,,,,88.0,90.0,50.0,78.0,12.0,0.09575,0.0,14.0,0.0,0.0,0.325,괜찮아.,최고예요.,화면 영문 자막 대조,6.98,T4,구조검사 통과 시 유지,,4.407051282051282,5.9,P4,회귀검사 통과 시 유지
ABF-303,원문·사진 검증본,1170,"02:45:40,830 --> 02:45:43,730",2.9,"거기, 거기…",괜찮아!,왜 자꾸 그러는 거예요…?,중립·혼합형,,,,,88.0,90.0,50.0,78.0,12.0,0.2858,0.0,14.0,0.0,0.0,0.5808,"거기, 거기...","거기, 거기…",,14.96,T4,구조검사 통과 시 유지,,26.482371794871796,19.8,P4,회귀검사 통과 시 유지
ABF-303,원문·사진 검증본,1171,"02:45:43,730 --> 02:45:45,630",1.9,왜 자꾸 그러는 거예요…?,"거기, 거기…","아, 아, 아, 아…",존댓말형,,,손상된 일본어 ASR + 타임스탬프 사진 + 앞뒤 문맥 추론,중간,38.0,78.0,50.0,78.0,62.0,0.50834,19.41,14.0,0.0,0.0,0.8118,왜 자꾸 이러는 거예요…?,왜 자꾸 그러는 거예요…?,손상된 일본어 ASR + 타임스탬프 사진 + 앞뒤 문맥 추론,30.8,T4,구조검사 통과 시 유지,,89.50320512820514,55.46,P3,말투·질문응답·가독성 위주 검토
ABF-303,원문·사진 검증본,1172,"02:46:14,560 --> 02:46:18,520",3.96,"아, 아, 아, 아…",왜 자꾸 그러는 거예요…?,그대로 해 줘.,반응형,,,,,88.0,90.0,50.0,78.0,12.0,0.35473,42.0,14.0,0.0,0.0,1.0,"아, 아, 아, 아…","아, 아, 아…",일본어 원문 대조 + 자연스러운 한국어 대사 교정,25.42,T4,구조검사 통과 시 유지,,77.20352564102564,47.17,P3,말투·질문응답·가독성 위주 검토
ABF-303,원문·사진 검증본,1173,"02:47:01,950 --> 02:47:04,150",2.2,그대로 해 줘.,"아, 아, 아, 아…",기분 좋아.,반말형,,,,,88.0,90.0,50.0,78.0,12.0,0.32155,0.0,14.0,0.0,0.0,0.4659,그대로 엉덩이 찍게 해줘.,그대로 엉덩이 찍게 해 줘.,,16.46,T4,구조검사 통과 시 유지,,32.05128205128205,23.01,P4,회귀검사 통과 시 유지
ABF-303,원문·사진 검증본,1174,"02:47:17,490 --> 02:47:18,710",1.22,기분 좋아.,그대로 해 줘.,아파… 아파…,반응형,,,,,88.0,90.0,50.0,78.0,12.0,0.24781,42.0,14.0,0.0,0.0,1.0,기분 좋아.,"아, 좋아.",화면 영문 자막 대조,20.93,T4,구조검사 통과 시 유지,,55.04807692307693,35.26,P4,회귀검사 통과 시 유지
ABF-303,원문·사진 검증본,1175,"02:47:26,130 --> 02:47:30,090",3.96,아파… 아파…,기분 좋아.,기분 좋아.,반응형,,,일본어 원문 대조 + 자연스러운 한국어 대사 교정,높음,96.0,90.0,50.0,92.0,4.0,0.21348,0.0,5.0,0.0,0.0,0.1745,"아파, 아파, 아파...","아파, 아파, 아파…",,7.2,T4,구조검사 통과 시 유지,,4.967948717948718,6.26,P4,회귀검사 통과 시 유지
ABF-303,원문·사진 검증본,1176,"02:48:25,910 --> 02:48:27,010",1.1,기분 좋아.,아파… 아파…,기분 좋아.,반응형,,,,,88.0,90.0,50.0,78.0,12.0,0.23291,42.0,14.0,0.0,0.0,1.0,기분 좋아.,"아, 좋아.",화면 영문 자막 대조,20.3,T4,구조검사 통과 시 유지,,51.682692307692314,33.48,P4,회귀검사 통과 시 유지
ABF-303,원문·사진 검증본,1177,"02:48:34,860 --> 02:48:36,020",1.16,기분 좋아.,기분 좋아.,"으으, 기분 좋아.",반응형,,,,,88.0,90.0,50.0,78.0,12.0,0.222,42.0,14.0,0.0,0.0,1.0,기분 좋아.,"아, 좋아.",화면 영문 자막 대조,19.84,T4,구조검사 통과 시 유지,,49.118589743589745,32.14,P4,회귀검사 통과 시 유지
ABF-303,원문·사진 검증본,1178,"02:48:36,360 --> 02:49:08,760",32.4,"으으, 기분 좋아.",기분 좋아.,아까 뺐던가?,반응형,,,,,88.0,90.0,50.0,78.0,12.0,0.45975,0.0,14.0,0.0,0.0,0.5747,기분 좋아.,"아, 좋아.",화면 영문 자막 대조,22.27,T4,구조검사 통과 시 유지,,63.381410256410255,39.54,P4,회귀검사 통과 시 유지
ABF-303,원문·사진 검증본,1179,"02:49:09,100 --> 02:49:10,360",1.26,아까 뺐던가?,"으으, 기분 좋아.",아아…,반응형,,,손상된 일본어 ASR + 타임스탬프 사진 + 앞뒤 문맥 추론,중간,38.0,78.0,50.0,78.0,62.0,0.40313,0.0,14.0,0.0,0.0,0.2011,아까 전혀 안 나왔잖아.,아까 거의 안 나왔잖아.,사진 장면 확인 및 한국어 번역투·ASR 오역 교정,22.89,T4,구조검사 통과 시 유지,,66.58653846153845,41.24,P3,말투·질문응답·가독성 위주 검토
ABF-303,원문·사진 검증본,1180,"02:49:46,090 --> 02:49:46,910",0.82,아아…,아까 뺐던가?,기분 좋아.,반응형,,,,,88.0,90.0,50.0,78.0,12.0,0.25846,42.0,14.0,0.0,0.0,1.0,아아…,"와, 진짜 많이 커졌어.",일본어 원문 + 타임스탬프 사진 + 장면 연속성,21.38,T4,구조검사 통과 시 유지,,58.17307692307693,36.83,P4,회귀검사 통과 시 유지
ABF-303,원문·사진 검증본,1181,"02:50:15,530 --> 02:50:16,610",1.08,기분 좋아.,아아…,졸려… 그래도 기분 좋아…,반응형,,,,,88.0,90.0,50.0,78.0,12.0,0.3842,42.0,14.0,0.0,0.0,1.0,기분 좋아.,"아, 좋아.",화면 영문 자막 대조,26.66,T4,구조검사 통과 시 유지,,80.76923076923077,49.39,P3,말투·질문응답·가독성 위주 검토
ABF-303,원문·사진 검증본,1182,"02:50:24,510 --> 02:51:31,800",67.29,졸려… 그래도 기분 좋아…,기분 좋아.,기분 좋아.,반응형,,,일본어 원문 대조 + 자연스러운 한국어 대사 교정,높음,96.0,90.0,50.0,92.0,4.0,0.65365,26.33,5.0,0.0,0.0,0.8694,졸려… 기분 좋아…,졸려… 그래도 기분 좋아…,일본어 원문 대조 + 자연스러운 한국어 대사 교정,23.93,T4,구조검사 통과 시 유지,,71.71474358974359,44.0,P3,말투·질문응답·가독성 위주 검토
ABF-303,원문·사진 검증본,1183,"02:51:32,520 --> 02:51:34,040",1.52,기분 좋아.,졸려… 그래도 기분 좋아…,"아… 좋아. 거기, 거기.",반응형,,,,,88.0,90.0,50.0,78.0,12.0,0.32016,42.0,14.0,0.0,0.0,1.0,기분 좋아.,"아, 좋아.",화면 영문 자막 대조,23.97,T4,구조검사 통과 시 유지,,71.7948717948718,44.06,P3,말투·질문응답·가독성 위주 검토
ABF-303,원문·사진 검증본,1184,"02:51:34,040 --> 02:51:48,320",14.28,"아… 좋아. 거기, 거기.",기분 좋아.,싫어… 아… 아…,반응형,,,일본어 원문 대조 + 자연스러운 한국어 대사 교정,높음,96.0,90.0,50.0,92.0,4.0,0.38546,10.3,5.0,0.0,0.0,0.7358,아… 기분 좋아. 아… 거기 거기.,"아… 좋아. 거기, 거기.",일본어 원문 대조 + 자연스러운 한국어 대사 교정,13.74,T4,구조검사 통과 시 유지,,22.275641025641026,17.32,P4,회귀검사 통과 시 유지
ABF-303,원문·사진 검증본,1185,"02:51:53,760 --> 02:52:01,220",7.46,싫어… 아… 아…,"아… 좋아. 거기, 거기.",아… 아… 갈 것 같아.,반응형,,,일본어 원문 대조 + 자연스러운 한국어 대사 교정,높음,96.0,90.0,50.0,92.0,4.0,0.20942,0.0,5.0,0.0,0.0,0.6141,"싫어, 아… 아… 아…",싫어… 아… 아…,일본어 원문 대조 + 자연스러운 한국어 대사 교정,7.08,T4,구조검사 통과 시 유지,,4.487179487179487,5.99,P4,회귀검사 통과 시 유지
ABF-303,원문·사진 검증본,1186,"02:52:02,240 --> 02:52:05,820",3.58,아… 아… 갈 것 같아.,싫어… 아… 아…,뭔가 나올 것 같아…,반응형,,,,,88.0,90.0,50.0,78.0,12.0,0.36036,10.43,14.0,0.0,0.0,0.7369,갈 것 같아.,진짜 갈 것 같아.,일본어 원문 대조 + 자연스러운 한국어 대사 교정,19.97,T4,구조검사 통과 시 유지,,49.67948717948718,32.45,P4,회귀검사 통과 시 유지
ABF-303,원문·사진 검증본,1187,"02:52:08,040 --> 02:52:11,840",3.8,뭔가 나올 것 같아…,아… 아… 갈 것 같아.,잠깐만…,반응형,,,,,88.0,90.0,50.0,78.0,12.0,0.68192,0.0,14.0,0.0,0.0,0.233,갈 것 같아.,진짜 갈 것 같아.,일본어 원문 대조 + 자연스러운 한국어 대사 교정,31.6,T4,구조검사 통과 시 유지,,90.78525641025641,56.46,P3,말투·질문응답·가독성 위주 검토
ABF-303,원문·사진 검증본,1188,"02:53:06,770 --> 02:53:08,110",1.34,잠깐만…,뭔가 나올 것 같아…,아까부터…,반응형,,,일본어 원문 대조 + 자연스러운 한국어 대사 교정,높음,96.0,90.0,50.0,92.0,4.0,0.43324,42.0,5.0,0.0,0.0,1.0,잠깐만…,나만 벗는 거야?,일본어 원문 + 타임스탬프 사진 + 장면 연속성,19.29,T4,구조검사 통과 시 유지,,45.87339743589743,30.46,P4,회귀검사 통과 시 유지
ABF-303,원문·사진 검증본,1189,"02:53:11,630 --> 02:53:12,090",0.46,아까부터…,잠깐만…,계속 참고 있었어요.,반응형,,,,,88.0,90.0,50.0,78.0,12.0,0.36367,0.0,14.0,0.0,0.0,0.2554,아까부터 물어봤잖아. 이렇게나 많이...,아까부터 물어봤잖아. 이렇게나 많이…,,18.23,T4,구조검사 통과 시 유지,,40.94551282051282,27.77,P4,회귀검사 통과 시 유지
ABF-303,원문·사진 검증본,1190,"02:53:31,490 --> 02:53:32,250",0.76,계속 참고 있었어요.,아까부터…,어디가 좋은지 알아요?,반응형,,,,,88.0,90.0,50.0,78.0,12.0,0.51754,0.0,14.0,0.0,0.0,0.2937,더 하고 싶었어요.,조금 더 보고 싶었어요.,사진 장면 확인 및 한국어 번역투·ASR 오역 교정,24.7,T4,구조검사 통과 시 유지,,74.35897435897436,45.56,P3,말투·질문응답·가독성 위주 검토
ABF-303,원문·사진 검증본,1191,"02:53:32,250 --> 02:53:33,390",1.14,어디가 좋은지 알아요?,계속 참고 있었어요.,네가 직접 좋은 곳을 찾아 봐.,반응형,,,,,88.0,90.0,50.0,78.0,12.0,0.51578,0.0,14.0,0.0,0.0,0.533,어디가 좋은지 모르겠어?,어디가 좋은지 아직 모르겠어?,일본어 원문 대조 + 자연스러운 한국어 대사 교정,24.62,T4,구조검사 통과 시 유지,,74.23878205128204,45.46,P3,말투·질문응답·가독성 위주 검토
ABF-303,원문·사진 검증본,1192,"02:53:33,390 --> 02:53:38,990",5.6,네가 직접 좋은 곳을 찾아 봐.,어디가 좋은지 알아요?,찾았다.,반말형,,,손상된 일본어 ASR + 타임스탬프 사진 + 앞뒤 문맥 추론,중간,38.0,78.0,50.0,78.0,62.0,0.72832,0.0,14.0,0.0,0.0,0.5239,스스로 좋은 곳을 찾아 봐요.,네가 직접 좋은 곳을 찾아 봐.,손상된 일본어 ASR + 타임스탬프 사진 + 앞뒤 문맥 추론,36.55,T3,화자·문맥·자연스러움 집중 검토,,96.47435897435898,61.72,P2,앞뒤 5블록·사진·오류 기억을 함께 검토
ABF-303,원문·사진 검증본,1193,"02:53:55,070 --> 02:53:58,560",3.49,찾았다.,네가 직접 좋은 곳을 찾아 봐.,소리 내면 안 돼.,중립·혼합형,,,,,88.0,90.0,50.0,78.0,12.0,0.35207,0.0,14.0,0.0,0.0,0.2621,좋았다.,좋지?,,17.75,T4,구조검사 통과 시 유지,,38.621794871794876,26.52,P4,회귀검사 통과 시 유지
ABF-303,원문·사진 검증본,1194,"02:54:14,740 --> 02:54:15,840",1.1,소리 내면 안 돼.,찾았다.,바로 해 줄래?,중립·혼합형,,,손상된 일본어 ASR + 타임스탬프 사진 + 앞뒤 문맥 추론,중간,38.0,78.0,50.0,78.0,62.0,0.62394,0.0,14.0,0.0,0.0,0.5452,소리 내면 멈춰 버렸어.,소리 내니까 멈췄네.,사진 장면 확인 및 한국어 번역투·ASR 오역 교정,32.17,T4,구조검사 통과 시 유지,,91.58653846153845,57.12,P3,말투·질문응답·가독성 위주 검토
ABF-303,원문·사진 검증본,1195,"02:54:18,010 --> 02:54:20,390",2.38,바로 해 줄래?,소리 내면 안 돼.,아까부터 계속 참았던 거야?,반말형,,,,,88.0,90.0,50.0,78.0,12.0,0.44869,0.0,14.0,0.0,0.0,0.2599,이제 바로 누워.,일단 바로 누워.,사진 장면 확인 및 한국어 번역투·ASR 오역 교정,21.81,T4,구조검사 통과 시 유지,,61.418269230769226,38.45,P4,회귀검사 통과 시 유지
ABF-303,원문·사진 검증본,1196,"02:54:52,920 --> 02:54:53,360",0.44,아까부터 계속 참았던 거야?,바로 해 줄래?,아… 시원해.,반응형,,,,,88.0,90.0,50.0,78.0,12.0,0.59905,0.0,14.0,66.36,0.0,0.2711,아까부터 물어봤잖아. 이렇게나 많이...,아까부터 물어봤잖아. 이렇게나 많이…,,34.76,T4,구조검사 통과 시 유지,high_cps,94.75160256410257,59.96,P2,앞뒤 5블록·사진·오류 기억을 함께 검토
ABF-303,원문·사진 검증본,1197,"02:54:53,360 --> 02:54:54,300",0.94,아… 시원해.,아까부터 계속 참았던 거야?,"아, 그대로 깊이 넣어 줘.",반응형,,,,,88.0,90.0,50.0,78.0,12.0,0.21523,32.2,14.0,0.0,0.0,0.9183,시원해.,끝.,일본어 원문 + 타임스탬프 사진 + 장면 연속성,17.8,T4,구조검사 통과 시 유지,,39.30288461538461,26.83,P4,회귀검사 통과 시 유지
ABF-303,원문·사진 검증본,1198,"02:55:03,170 --> 02:55:07,970",4.8,"아, 그대로 깊이 넣어 줘.",아… 시원해.,아… 좋아.,반응형,,,,,88.0,90.0,50.0,78.0,16.0,0.58423,0.0,14.0,0.0,0.0,0.3233,더 깊이 물어야 성기를 넣어 주지.,더 깊이 빨아야 자지 넣어 주지.,,27.74,T4,구조검사 통과 시 유지,,83.37339743589743,51.11,P3,말투·질문응답·가독성 위주 검토
ABF-303,원문·사진 검증본,1199,"02:55:08,970 --> 02:55:14,050",5.08,아… 좋아.,"아, 그대로 깊이 넣어 줘.",아… 좋아.,반응형,,,,,88.0,90.0,50.0,78.0,12.0,0.14238,0.0,14.0,0.0,0.0,0.6467,"아, 좋아.","아, 들어온다.",,8.94,T4,구조검사 통과 시 유지,,8.213141025641026,8.63,P4,회귀검사 통과 시 유지
ABF-303,원문·사진 검증본,1200,"02:55:15,470 --> 02:55:16,350",0.88,아… 좋아.,아… 좋아.,아… 좋아.,반응형,,,,,88.0,90.0,50.0,78.0,12.0,0.18998,0.0,14.0,0.0,30.0,0.6467,"아, 좋아.","아, 들어온다.",,13.34,T4,구조검사 통과 시 유지,triple_identical_run,20.993589743589745,16.55,P4,회귀검사 통과 시 유지
ABF-303,원문·사진 검증본,1201,"02:55:16,470 --> 02:55:21,990",5.52,아… 좋아.,아… 좋아.,가 버렸어.,반응형,,,,,88.0,90.0,50.0,78.0,12.0,0.32576,0.0,14.0,0.0,0.0,0.6467,"아, 좋아.","아, 들어온다.",,16.64,T4,구조검사 통과 시 유지,,33.33333333333333,23.65,P4,회귀검사 통과 시 유지
ABF-303,원문·사진 검증본,1202,"02:55:23,670 --> 02:55:37,010",13.34,가 버렸어.,아… 좋아.,숨이 가빠…,반응형,,,,,88.0,90.0,50.0,78.0,12.0,0.3991,32.56,14.0,0.0,0.0,0.9214,"아, 가 버렸어.",끈이 아직 남아 있어요.,일본어 원문 + 타임스탬프 사진 + 장면 연속성,25.58,T4,구조검사 통과 시 유지,,77.72435897435898,47.48,P3,말투·질문응답·가독성 위주 검토
ABF-303,원문·사진 검증본,1203,"02:55:42,090 --> 02:55:44,190",2.1,숨이 가빠…,가 버렸어.,하아… 숨 좀 돌리자.,중립·혼합형,,,,,88.0,90.0,50.0,78.0,12.0,0.55291,0.0,14.0,0.0,0.0,0.3838,기분 좋아... 숨이 가빠.,기분 좋아… 숨이 가빠.,,26.18,T4,구조검사 통과 시 유지,,79.5673076923077,48.6,P3,말투·질문응답·가독성 위주 검토
ABF-303,원문·사진 검증본,1204,"02:55:45,010 --> 02:55:47,190",2.18,하아… 숨 좀 돌리자.,숨이 가빠…,아직 숨이 안 돌아와.,반응형,,,손상된 일본어 ASR + 타임스탬프 사진 + 앞뒤 문맥 추론,중간,38.0,78.0,50.0,78.0,62.0,0.59865,0.0,14.0,0.0,0.0,0.533,하아… 숨 좀 쉬자.,하아… 숨 좀 돌리자.,손상된 일본어 ASR + 타임스탬프 사진 + 앞뒤 문맥 추론,31.1,T4,구조검사 통과 시 유지,,90.06410256410257,55.86,P3,말투·질문응답·가독성 위주 검토
ABF-303,원문·사진 검증본,1205,"02:55:48,710 --> 02:55:50,170",1.46,아직 숨이 안 돌아와.,하아… 숨 좀 돌리자.,또 갈 것 같아.,반응형,,,,,88.0,90.0,50.0,78.0,12.0,0.60849,0.0,14.0,0.0,0.0,0.306,숨이 차.,숨이 막힐 것 같아.,일본어 원문 대조 + 자연스러운 한국어 대사 교정,28.52,T4,구조검사 통과 시 유지,,84.65544871794873,52.1,P3,말투·질문응답·가독성 위주 검토
ABF-303,원문·사진 검증본,1206,"02:55:54,590 --> 02:55:55,570",0.98,또 갈 것 같아.,아직 숨이 안 돌아와.,몸이 또 반응해.,반응형,,,,,88.0,90.0,50.0,78.0,12.0,0.37227,27.86,14.0,0.0,0.0,0.8821,갈 것 같아.,진짜 갈 것 같아.,일본어 원문 대조 + 자연스러운 한국어 대사 교정,23.61,T4,구조검사 통과 시 유지,,70.2323717948718,43.19,P3,말투·질문응답·가독성 위주 검토
ABF-303,원문·사진 검증본,1207,"02:55:58,610 --> 02:55:59,890",1.28,몸이 또 반응해.,또 갈 것 같아.,잠깐만 기다려 줘.,반응형,,,,,88.0,90.0,50.0,78.0,12.0,0.38999,0.0,14.0,0.0,0.0,0.191,몸이 떨리는 거 보여?,몸 떨리는 거 보여?,손상된 일본어 ASR + 타임스탬프 사진 + 앞뒤 문맥 추론,19.34,T4,구조검사 통과 시 유지,,46.31410256410257,30.67,P4,회귀검사 통과 시 유지
ABF-303,원문·사진 검증본,1208,"02:56:10,390 --> 02:56:12,860",2.47,잠깐만 기다려 줘.,몸이 또 반응해.,아… 갑자기 그러면…,반응형,,,,,88.0,90.0,50.0,78.0,12.0,0.41618,0.0,14.0,0.0,0.0,0.4749,기다려 주세요...,기다려 주세요…,,20.44,T4,구조검사 통과 시 유지,,52.644230769230774,33.97,P4,회귀검사 통과 시 유지
ABF-303,원문·사진 검증본,1209,"02:56:24,780 --> 02:56:57,660",32.88,아… 갑자기 그러면…,잠깐만 기다려 줘.,아… 잠깐!,반응형,,,,,88.0,90.0,50.0,78.0,12.0,0.44044,0.0,14.0,0.0,0.0,0.2777,남자는 갑자기 일어나 입을 닦았다.,남자는 갑자기 몸을 일으키며 입에서 자지를 뺐다.,,21.46,T4,구조검사 통과 시 유지,,58.733974358974365,37.12,P4,회귀검사 통과 시 유지
ABF-303,원문·사진 검증본,1210,"02:57:01,060 --> 02:57:01,620",0.56,아… 잠깐!,아… 갑자기 그러면…,계속 이러면…,반응형,,,,,88.0,90.0,50.0,78.0,12.0,0.1953,0.0,14.0,0.0,0.0,0.3186,"싫어, 아… 아… 아…",싫어… 아… 아…,일본어 원문 대조 + 자연스러운 한국어 대사 교정,11.16,T4,구조검사 통과 시 유지,,14.783653846153847,12.68,P4,회귀검사 통과 시 유지
ABF-303,원문·사진 검증본,1211,"02:57:01,620 --> 02:57:02,420",0.8,계속 이러면…,아… 잠깐!,잠깐만…,중립·혼합형,,,,,88.0,90.0,50.0,78.0,12.0,0.5803,0.0,14.0,0.0,0.0,0.195,그래도 계속 하고 싶어.,그래도 계속하고 싶어.,손상된 일본어 ASR + 타임스탬프 사진 + 앞뒤 문맥 추론,27.33,T4,구조검사 통과 시 유지,,82.13141025641025,50.35,P3,말투·질문응답·가독성 위주 검토
ABF-303,원문·사진 검증본,1212,"02:57:02,420 --> 02:58:00,250",57.83,잠깐만…,계속 이러면…,잠깐만.,반응형,,,일본어 원문 대조 + 자연스러운 한국어 대사 교정,높음,96.0,90.0,50.0,92.0,4.0,0.99499,42.0,5.0,25.0,0.0,1.0,잠깐만…,나만 벗는 거야?,일본어 원문 + 타임스탬프 사진 + 장면 연속성,38.08,T3,화자·문맥·자연스러움 집중 검토,long_duration_short_text,97.59615384615384,63.08,P2,앞뒤 5블록·사진·오류 기억을 함께 검토
ABF-303,원문·사진 검증본,1213,"02:58:48,790 --> 02:58:51,750",2.96,잠깐만.,잠깐만…,와아아아아아…,반응형,,,일본어 원문 대조 + 자연스러운 한국어 대사 교정,높음,96.0,90.0,50.0,92.0,4.0,0.57564,13.33,5.0,0.0,0.0,0.7611,하아… 잠깐만.,목욕물 받아 놓은 거지?,일본어 원문 + 타임스탬프 사진 + 장면 연속성,19.88,T4,구조검사 통과 시 유지,,49.358974358974365,32.26,P4,회귀검사 통과 시 유지
ABF-303,원문·사진 검증본,1214,"02:58:57,470 --> 02:58:59,830",2.36,와아아아아아…,잠깐만.,와… 기절할 것 같아.,반응형,,,,,88.0,90.0,50.0,78.0,12.0,0.39294,11.3,14.0,0.0,0.0,0.7441,아아아아아아아아…,아아아…,일본어 원문 대조 + 자연스러운 한국어 대사 교정,21.5,T4,구조검사 통과 시 유지,,58.93429487179487,37.22,P4,회귀검사 통과 시 유지
ABF-303,원문·사진 검증본,1215,"02:58:59,830 --> 02:59:01,790",1.96,와… 기절할 것 같아.,와아아아아아…,"아! 아! 아, 아, 아!",반응형,,,,,88.0,90.0,50.0,78.0,12.0,0.43601,0.0,14.0,0.0,0.0,0.4911,"아, 기절할 것 같은 모습.",와… 기절할 것 같아.,,21.27,T4,구조검사 통과 시 유지,,57.53205128205128,36.5,P4,회귀검사 통과 시 유지
ABF-303,원문·사진 검증본,1216,"02:59:02,050 --> 02:59:06,130",4.08,"아! 아! 아, 아, 아!",와… 기절할 것 같아.,아… 너무 세게 하지 마.,반응형,,,,,88.0,90.0,50.0,78.0,12.0,0.04455,24.0,14.0,0.0,0.0,0.4316,"아, 아, 아, 아, 아, 아, 아,","아, 아, 아, 아, 아, 아, 아",,9.15,T4,구조검사 통과 시 유지,token_repetition,8.89423076923077,9.04,P4,회귀검사 통과 시 유지
ABF-303,원문·사진 검증본,1217,"02:59:23,710 --> 02:59:26,090",2.38,아… 너무 세게 하지 마.,"아! 아! 아, 아, 아!",아아… 거기.,반응형,,,,,88.0,90.0,50.0,78.0,12.0,0.53026,0.0,14.0,0.0,0.0,0.646,하지 마.,잠깐만.,손상된 일본어 ASR + 타임스탬프 사진 + 앞뒤 문맥 추론,25.23,T4,구조검사 통과 시 유지,,76.00160256410257,46.55,P3,말투·질문응답·가독성 위주 검토
ABF-303,원문·사진 검증본,1218,"02:59:26,090 --> 02:59:27,810",1.72,아아… 거기.,아… 너무 세게 하지 마.,"아, 대박.",반응형,,,,,88.0,90.0,50.0,78.0,12.0,0.41107,2.51,14.0,0.0,0.0,0.6709,아아…,"와, 진짜 많이 커졌어.",일본어 원문 + 타임스탬프 사진 + 장면 연속성,20.68,T4,구조검사 통과 시 유지,,53.84615384615385,34.61,P4,회귀검사 통과 시 유지
ABF-303,원문·사진 검증본,1219,"02:59:56,560 --> 03:00:05,900",9.34,"아, 대박.",아아… 거기.,"아, 대박.",반응형,,,,,88.0,90.0,50.0,78.0,12.0,0.24733,0.0,14.0,0.0,0.0,0.6187,에~ 대박.,에… 대박.,,13.35,T4,구조검사 통과 시 유지,,21.07371794871795,16.59,P4,회귀검사 통과 시 유지
ABF-303,원문·사진 검증본,1220,"03:00:06,240 --> 03:00:06,360",0.12,"아, 대박.","아, 대박.","아, 대박.",반응형,,,,,88.0,90.0,50.0,78.0,12.0,0.19153,0.0,14.0,70.0,30.0,0.6187,에~ 대박.,에… 대박.,,20.4,T4,구조검사 통과 시 유지,high_cps;triple_identical_run,52.28365384615385,33.79,P4,회귀검사 통과 시 유지
ABF-303,원문·사진 검증본,1221,"03:00:07,460 --> 03:00:33,700",26.24,"아, 대박.","아, 대박.",잘 안 들어가네.,반응형,,,,,88.0,90.0,50.0,78.0,12.0,0.23736,0.0,14.0,0.0,0.0,0.6187,에~ 대박.,에… 대박.,,12.93,T4,구조검사 통과 시 유지,,19.230769230769234,15.58,P4,회귀검사 통과 시 유지
ABF-303,원문·사진 검증본,1222,"03:00:33,700 --> 03:00:50,840",17.14,잘 안 들어가네.,"아, 대박.",아… 아… 아…,반응형,,,,,88.0,90.0,50.0,78.0,12.0,0.31269,5.62,14.0,0.0,0.0,0.6969,잘 부탁해. 많이 들어가네.,잘 부탁해. 깊이 들어가네.,사진 장면 확인 및 한국어 번역투 교정,17.11,T4,구조검사 통과 시 유지,,35.73717948717949,24.93,P4,회귀검사 통과 시 유지
ABF-303,원문·사진 검증본,1223,"03:00:55,230 --> 03:01:00,330",5.1,아… 아… 아…,잘 안 들어가네.,아…,반응형,,,,,88.0,90.0,50.0,78.0,12.0,0.15297,10.78,14.0,0.0,0.0,0.7398,"싫어, 아… 아… 아…",싫어… 아… 아…,일본어 원문 대조 + 자연스러운 한국어 대사 교정,11.32,T4,구조검사 통과 시 유지,,15.064102564102564,12.89,P4,회귀검사 통과 시 유지
ABF-303,원문·사진 검증본,1224,"03:01:16,720 --> 03:01:18,880",2.16,아…,아… 아… 아…,거기야…,반응형,,,,,88.0,90.0,50.0,78.0,12.0,0.16118,10.78,14.0,0.0,0.0,0.7398,"싫어, 아… 아… 아…",싫어… 아… 아…,일본어 원문 대조 + 자연스러운 한국어 대사 교정,11.67,T4,구조검사 통과 시 유지,,16.266025641025642,13.6,P4,회귀검사 통과 시 유지
ABF-303,원문·사진 검증본,1225,"03:01:31,680 --> 03:01:34,580",2.9,거기야…,아…,"응, 거기.",반말형,,,,,88.0,90.0,50.0,78.0,12.0,0.19298,0.0,14.0,0.0,0.0,0.1593,아… 기분 좋아. 아… 거기 거기.,"아… 좋아. 거기, 거기.",일본어 원문 대조 + 자연스러운 한국어 대사 교정,11.07,T4,구조검사 통과 시 유지,,14.543269230769232,12.53,P4,회귀검사 통과 시 유지
ABF-303,원문·사진 검증본,1226,"03:01:34,580 --> 03:01:34,880",0.3,"응, 거기.",거기야…,잠깐만.,반응형,,,,,88.0,90.0,50.0,78.0,12.0,0.46163,0.0,14.0,25.0,0.0,0.5264,아… 기분 좋아. 아… 거기 거기.,"아… 좋아. 거기, 거기.",일본어 원문 대조 + 자연스러운 한국어 대사 교정,24.85,T4,구조검사 통과 시 유지,borderline_cps,74.8798076923077,45.86,P3,말투·질문응답·가독성 위주 검토
ABF-303,원문·사진 검증본,1227,"03:01:46,140 --> 03:01:48,220",2.08,잠깐만.,"응, 거기.","자, 여기…",반응형,,,일본어 원문 대조 + 자연스러운 한국어 대사 교정,높음,96.0,90.0,50.0,92.0,4.0,0.3343,13.33,5.0,0.0,0.0,0.7611,하아… 잠깐만.,목욕물 받아 놓은 거지?,일본어 원문 + 타임스탬프 사진 + 장면 연속성,12.59,T4,구조검사 통과 시 유지,,18.108974358974358,14.91,P4,회귀검사 통과 시 유지
ABF-303,원문·사진 검증본,1228,"03:01:57,200 --> 03:01:57,940",0.74,"자, 여기…",잠깐만.,더? 더…,중립·혼합형,,,손상된 일본어 ASR + 타임스탬프 사진 + 앞뒤 문맥 추론,중간,38.0,78.0,50.0,78.0,62.0,0.58591,0.0,14.0,0.0,0.0,0.3356,"자, 여기요…","자, 여기…",손상된 일본어 ASR + 타임스탬프 사진 + 앞뒤 문맥 추론,30.57,T4,구조검사 통과 시 유지,,89.0224358974359,55.12,P3,말투·질문응답·가독성 위주 검토
ABF-303,원문·사진 검증본,1229,"03:01:57,940 --> 03:02:00,680",2.74,더? 더…,"자, 여기…",그만할까?,중립·혼합형,,,,,88.0,90.0,50.0,78.0,12.0,0.3693,0.0,14.0,0.0,0.0,0.3521,"조금만 더… 아, 기분 좋아…","조금만 더… 아, 좋아…",손상된 일본어 ASR + 타임스탬프 사진 + 앞뒤 문맥 추론,18.47,T4,구조검사 통과 시 유지,,41.907051282051285,28.31,P4,회귀검사 통과 시 유지
ABF-303,원문·사진 검증본,1230,"03:02:00,680 --> 03:02:01,900",1.22,그만할까?,더? 더…,그만할까?,중립·혼합형,,,손상된 일본어 ASR + 타임스탬프 사진 + 앞뒤 문맥 추론,중간,38.0,78.0,50.0,78.0,62.0,0.31369,0.0,14.0,0.0,0.0,0.318,그만할 거야.,진짜 그만할 거야.,손상된 일본어 ASR + 타임스탬프 사진 + 앞뒤 문맥 추론,19.13,T4,구조검사 통과 시 유지,,45.11217948717949,30.04,P4,회귀검사 통과 시 유지
ABF-303,원문·사진 검증본,1231,"03:02:02,080 --> 03:02:03,620",1.54,그만할까?,그만할까?,계속 그러면 진짜…,중립·혼합형,,,손상된 일본어 ASR + 타임스탬프 사진 + 앞뒤 문맥 추론,중간,38.0,78.0,50.0,78.0,62.0,0.4108,0.0,14.0,0.0,0.0,0.318,그만할 거야.,진짜 그만할 거야.,손상된 일본어 ASR + 타임스탬프 사진 + 앞뒤 문맥 추론,23.21,T4,구조검사 통과 시 유지,,67.66826923076923,41.88,P3,말투·질문응답·가독성 위주 검토
ABF-303,원문·사진 검증본,1232,"03:02:11,340 --> 03:02:12,720",1.38,계속 그러면 진짜…,그만할까?,진짜 그만할 거야.,중립·혼합형,,,,,88.0,90.0,50.0,78.0,12.0,0.56225,0.0,14.0,0.0,0.0,0.2747,전부 다 그러면 큰일이지. 그렇지 않아.,다 그러면 큰일 나죠. 저는 안 가요.,사진 장면 확인 및 한국어 번역투·ASR 오역 교정,26.57,T4,구조검사 통과 시 유지,,80.52884615384616,49.23,P3,말투·질문응답·가독성 위주 검토
ABF-303,원문·사진 검증본,1233,"03:02:12,720 --> 03:02:15,680",2.96,진짜 그만할 거야.,계속 그러면 진짜…,"응, 괜찮아.",반말형,,,손상된 일본어 ASR + 타임스탬프 사진 + 앞뒤 문맥 추론,중간,38.0,78.0,50.0,78.0,62.0,0.59835,30.37,14.0,0.0,0.0,0.9031,그만할 거야.,진짜 그만할 거야.,손상된 일본어 ASR + 타임스탬프 사진 + 앞뒤 문맥 추론,36.56,T3,화자·문맥·자연스러움 집중 검토,,96.55448717948718,61.76,P2,앞뒤 5블록·사진·오류 기억을 함께 검토
ABF-303,원문·사진 검증본,1234,"03:02:30,840 --> 03:02:32,240",1.4,"응, 괜찮아.",진짜 그만할 거야.,아… 아파.,반응형,,,,,88.0,90.0,50.0,78.0,12.0,0.35352,22.87,14.0,0.0,0.0,0.8406,괜찮아.,최고예요.,화면 영문 자막 대조,21.92,T4,구조검사 통과 시 유지,,62.09935897435898,38.8,P4,회귀검사 통과 시 유지
ABF-303,원문·사진 검증본,1235,"03:02:33,700 --> 03:02:36,640",2.94,아… 아파.,"응, 괜찮아.",아… 아파.,반응형,,,,,88.0,90.0,50.0,78.0,12.0,0.22708,0.88,14.0,0.0,0.0,0.6574,배가 아파.,안쪽이 아파.,,12.66,T4,구조검사 통과 시 유지,,18.58974358974359,15.15,P4,회귀검사 통과 시 유지
ABF-303,원문·사진 검증본,1236,"03:02:40,880 --> 03:02:42,440",1.56,아… 아파.,아… 아파.,아… 아파.,반응형,,,,,88.0,90.0,50.0,78.0,12.0,0.22095,0.88,14.0,0.0,30.0,0.6574,배가 아파.,안쪽이 아파.,,14.8,T4,구조검사 통과 시 유지,triple_identical_run,26.121794871794872,19.56,P4,회귀검사 통과 시 유지
ABF-303,원문·사진 검증본,1237,"03:02:42,440 --> 03:02:45,260",2.82,아… 아파.,아… 아파.,아… 아파.,반응형,,,,,88.0,90.0,50.0,78.0,12.0,0.21768,0.88,14.0,0.0,30.0,0.6574,배가 아파.,안쪽이 아파.,,14.66,T4,구조검사 통과 시 유지,triple_identical_run,25.961538461538463,19.41,P4,회귀검사 통과 시 유지
ABF-303,원문·사진 검증본,1238,"03:02:45,260 --> 03:02:45,920",0.66,아… 아파.,아… 아파.,좋아.,반응형,,,,,88.0,90.0,50.0,78.0,12.0,0.2285,0.88,14.0,0.0,0.0,0.6574,배가 아파.,안쪽이 아파.,,12.72,T4,구조검사 통과 시 유지,,18.830128205128204,15.29,P4,회귀검사 통과 시 유지
ABF-303,원문·사진 검증본,1239,"03:02:45,920 --> 03:02:46,280",0.36,좋아.,아… 아파.,많이 가라앉았네.,반응형,,,일본어 원문 대조 + 자연스러운 한국어 대사 교정,높음,96.0,90.0,50.0,92.0,4.0,0.19766,17.77,5.0,0.0,0.0,0.7981,"아, 좋아.","아, 들어온다.",,9.03,T4,구조검사 통과 시 유지,,8.493589743589745,8.8,P4,회귀검사 통과 시 유지
ABF-303,원문·사진 검증본,1240,"03:02:53,480 --> 03:02:54,020",0.54,많이 가라앉았네.,좋아.,하아… 이제 좀 진정됐어.,반말형,,,,,88.0,90.0,50.0,78.0,12.0,0.53237,0.0,14.0,0.0,0.0,0.1528,많이 핥아줘...,많이 핥아줘…,,25.32,T4,구조검사 통과 시 유지,,76.28205128205127,46.72,P3,말투·질문응답·가독성 위주 검토
ABF-303,원문·사진 검증본,1241,"03:03:06,260 --> 03:03:07,600",1.34,하아… 이제 좀 진정됐어.,많이 가라앉았네.,"아, 안 돼… 갈 것 같아.",반응형,,,,,88.0,90.0,50.0,78.0,12.0,0.57503,0.0,14.0,0.0,0.0,0.4314,하아…,보여 줘.,일본어 원문 + 타임스탬프 사진 + 장면 연속성,27.11,T4,구조검사 통과 시 유지,,81.49038461538461,49.95,P3,말투·질문응답·가독성 위주 검토
ABF-303,원문·사진 검증본,1242,"03:03:39,540 --> 03:03:40,420",0.88,"아, 안 돼… 갈 것 같아.",하아… 이제 좀 진정됐어.,숨쉬기 힘들어…,중립·혼합형,,,,,88.0,90.0,50.0,78.0,12.0,0.59473,5.44,14.0,0.0,0.0,0.6953,갈 것 같아.,진짜 갈 것 같아.,일본어 원문 대조 + 자연스러운 한국어 대사 교정,28.92,T4,구조검사 통과 시 유지,,85.65705128205127,52.75,P3,말투·질문응답·가독성 위주 검토
ABF-303,원문·사진 검증본,1243,"03:04:19,590 --> 03:04:22,560",2.97,숨쉬기 힘들어…,"아, 안 돼… 갈 것 같아.",하아… 숨이 안 쉬어져.,반응형,,,,,88.0,90.0,50.0,78.0,12.0,0.44046,42.0,14.0,0.0,0.0,1.0,숨쉬기 힘들어…,하아… 숨이 안 쉬어져.,손상된 일본어 ASR + 타임스탬프 사진 + 앞뒤 문맥 추론,29.02,T4,구조검사 통과 시 유지,,85.8173076923077,52.87,P3,말투·질문응답·가독성 위주 검토
ABF-303,원문·사진 검증본,1244,"03:04:22,560 --> 03:04:24,600",2.04,하아… 숨이 안 쉬어져.,숨쉬기 힘들어…,조금만 더 기다려…,반응형,,,손상된 일본어 ASR + 타임스탬프 사진 + 앞뒤 문맥 추론,중간,38.0,78.0,50.0,78.0,62.0,0.7302,0.0,14.0,0.0,0.0,0.4482,하아…,보여 줘.,일본어 원문 + 타임스탬프 사진 + 장면 연속성,36.63,T3,화자·문맥·자연스러움 집중 검토,,96.71474358974359,61.87,P2,앞뒤 5블록·사진·오류 기억을 함께 검토
ABF-303,원문·사진 검증본,1245,"03:05:20,070 --> 03:05:22,110",2.04,조금만 더 기다려…,하아… 숨이 안 쉬어져.,탕에 들어갈래?,중립·혼합형,,,,,88.0,90.0,50.0,78.0,12.0,0.74086,0.0,14.0,0.0,0.0,0.6427,응? 잠깐 기다려…,응? 잠깐만…,일본어 원문 대조 + 자연스러운 한국어 대사 교정,34.08,T4,구조검사 통과 시 유지,,94.31089743589743,59.38,P2,앞뒤 5블록·사진·오류 기억을 함께 검토
ABF-303,원문·사진 검증본,1246,"03:05:33,030 --> 03:05:33,950",0.92,탕에 들어갈래?,조금만 더 기다려…,같이 들어갈래?,반응형,,,,,88.0,90.0,50.0,78.0,12.0,0.54052,42.0,14.0,0.0,0.0,1.0,탕에 들어갈래?,같이 들어갈래?,일본어 원문 대조 + 자연스러운 한국어 대사 교정,33.22,T4,구조검사 통과 시 유지,,92.78846153846155,58.24,P2,앞뒤 5블록·사진·오류 기억을 함께 검토
ABF-303,원문·사진 검증본,1247,"03:05:34,490 --> 03:05:35,830",1.34,같이 들어갈래?,탕에 들어갈래?,오늘 진짜 실컷 했네.,반응형,,,일본어 원문 대조 + 자연스러운 한국어 대사 교정,높음,96.0,90.0,50.0,92.0,4.0,0.54263,12.54,5.0,0.0,0.0,0.7545,탕에 들어갈래?,같이 들어갈래?,일본어 원문 대조 + 자연스러운 한국어 대사 교정,18.78,T4,구조검사 통과 시 유지,,43.469551282051285,29.15,P4,회귀검사 통과 시 유지
ABF-303,원문·사진 검증본,1248,"03:05:40,130 --> 03:05:44,640",4.51,오늘 진짜 실컷 했네.,같이 들어갈래?,,반말형,,,일본어 원문 대조 + 자연스러운 한국어 대사 교정,높음,96.0,90.0,50.0,92.0,4.0,0.66015,11.55,5.0,0.0,0.0,0.7462,오늘 진짜 엄청 했네.,오늘 진짜 실컷 했네.,일본어 원문 대조 + 자연스러운 한국어 대사 교정,22.21,T4,구조검사 통과 시 유지,,63.141025641025635,39.4,P4,회귀검사 통과 시 유지
